lcl|NC_000962.3_prot_NP_215813.1_1	GCF_000195955.2_NP_215813.1	100.000	602	602	100	602	0	0	1	602	1	602	0.0	707
lcl|NC_000962.3_prot_NP_215813.1_1	GCF_002356315.1_WP_096441796.1	70.900	602	622	100	622	161	2	1	602	1	622	0.0	704
lcl|NC_000962.3_prot_NP_215813.1_1	GCF_022175585.1_WP_023868621.1	75.000	602	620	100	620	137	2	1	602	1	620	0.0	702
lcl|NC_000962.3_prot_NP_215813.1_1	GCF_010729105.1_WP_085255471.1	76.268	602	611	100	611	136	2	1	602	1	611	0.0	701
lcl|NC_000962.3_prot_NP_215813.1_1	GCF_010731715.1_WP_163793285.1	70.484	602	620	100	620	165	3	1	602	1	620	0.0	700
lcl|NC_000962.3_prot_NP_215813.1_1	GCF_010731655.1_WP_083170172.1	75.493	602	608	100	608	143	2	1	602	1	608	0.0	700
lcl|NC_000962.3_prot_NP_215813.1_1	GCF_010730355.1_WP_085220953.1	68.949	602	627	100	628	168	3	1	602	1	627	0.0	700
lcl|NC_000962.3_prot_NP_215813.1_1	GCF_010730575.1_WP_085268972.1	71.290	602	620	100	620	160	2	1	602	1	620	0.0	699
lcl|NC_000962.3_prot_NP_215813.1_1	GCF_010730055.1_WP_083047765.1	74.959	602	597	100	603	144	2	1	602	1	597	0.0	699
lcl|NC_000962.3_prot_NP_215813.1_1	GCF_000340435.2_WP_054879625.1	74.959	602	611	100	611	144	2	1	602	1	611	0.0	699
lcl|NC_000962.3_prot_NP_215813.1_1	GCF_010730745.1_WP_083073496.1	74.426	602	610	100	610	148	2	1	602	1	610	0.0	696
lcl|NC_000962.3_prot_NP_215813.1_1	GCF_002285715.1_WP_095576753.1	69.936	602	626	99	622	162	2	1	597	1	622	0.0	695
lcl|NC_000962.3_prot_NP_215813.1_1	GCF_003253775.1_WP_012634428.1	75.738	602	610	100	610	140	2	1	602	1	610	0.0	695
lcl|NC_000962.3_prot_NP_215813.1_1	GCF_000265385.1_WP_014781201.1	38.648	602	575	93	577	328	5	35	592	5	574	0.0	695
lcl|NC_000962.3_prot_NP_215813.1_1	GCF_010727945.1_WP_163775989.1	71.310	602	604	99	603	164	3	1	597	1	600	0.0	694
lcl|NC_000962.3_prot_NP_215813.1_1	GCF_016756055.1_WP_008254784.1	70.388	602	622	99	618	162	2	1	597	1	618	0.0	693
lcl|NC_000962.3_prot_NP_215813.1_1	GCF_020783455.1_WP_228181494.1	52.104	602	678	100	618	277	4	1	602	63	677	0.0	692
lcl|NC_000962.3_prot_NP_215813.1_1	GCF_020783455.1_WP_228181494.1	18.750	602	678	100	192	152	3	1	188	1	192	4.74e-14	83.5
lcl|NC_000962.3_prot_NP_215813.1_1	GCF_010727605.1_WP_101528545.1	73.600	602	625	100	625	142	2	1	602	1	625	0.0	692
lcl|NC_000962.3_prot_NP_215813.1_1	GCF_000723425.2_WP_020730037.1	71.498	602	621	100	621	158	3	1	602	1	621	0.0	692
lcl|NC_000962.3_prot_NP_215813.1_1	GCF_020736005.1_WP_036458452.1	74.068	602	621	99	617	140	2	1	597	1	617	0.0	691
lcl|NC_000962.3_prot_NP_215813.1_1	GCF_010731775.1_WP_083094322.1	67.028	602	646	100	646	169	2	1	602	1	646	0.0	691
lcl|NC_000962.3_prot_NP_215813.1_1	GCF_010731535.1_WP_085158686.1	76.783	602	592	100	603	128	2	1	602	1	592	0.0	691
lcl|NC_000962.3_prot_NP_215813.1_1	GCF_019645855.1_WP_071509218.1	78.254	602	607	99	607	126	2	1	601	1	607	0.0	691
lcl|NC_000962.3_prot_NP_215813.1_1	GCF_014621695.1_WP_188336864.1	53.156	602	662	100	602	279	1	1	602	63	661	0.0	690
lcl|NC_000962.3_prot_NP_215813.1_1	GCF_014621695.1_WP_188336864.1	18.987	602	662	100	158	128	0	30	187	33	190	5.01e-07	60.8
lcl|NC_000962.3_prot_NP_215813.1_1	GCF_002082175.1_WP_030730769.1	52.288	602	671	100	612	278	4	1	602	63	670	0.0	690
lcl|NC_000962.3_prot_NP_215813.1_1	GCF_002082175.1_WP_030730769.1	22.599	602	671	100	177	134	2	1	174	1	177	3.26e-12	77.4
lcl|NC_000962.3_prot_NP_215813.1_1	GCF_022370635.2_WP_275564564.1	67.252	602	635	99	626	176	2	1	597	1	626	0.0	688
lcl|NC_000962.3_prot_NP_215813.1_1	GCF_013466425.1_WP_180914716.1	68.025	602	638	100	638	168	3	1	602	1	638	0.0	688
lcl|NC_000962.3_prot_NP_215813.1_1	GCF_010731875.1_WP_163698059.1	66.193	602	645	99	633	177	3	1	596	1	633	0.0	688
lcl|NC_000962.3_prot_NP_215813.1_1	GCF_010731635.1_WP_083085101.1	74.587	602	598	99	606	133	2	1	597	1	594	0.0	688
lcl|NC_000962.3_prot_NP_215813.1_1	GCF_002886045.1_WP_102757525.1	38.681	602	559	93	561	334	4	35	592	5	558	0.0	688
lcl|NC_000962.3_prot_NP_215813.1_1	GCF_900637205.1_WP_126332955.1	64.733	602	657	99	655	177	3	1	601	1	655	0.0	688
lcl|NC_000962.3_prot_NP_215813.1_1	GCF_022430545.2_WP_240262816.1	68.842	602	617	99	613	175	3	1	597	1	613	0.0	687
lcl|NC_000962.3_prot_NP_215813.1_1	GCF_010728525.1_WP_198967660.1	71.014	602	621	100	621	161	3	1	602	1	621	0.0	687
lcl|NC_000962.3_prot_NP_215813.1_1	GCF_000975265.2_WP_045842926.1	76.355	602	609	100	609	137	2	1	602	1	609	0.0	687
lcl|NC_000962.3_prot_NP_215813.1_1	GCF_016906185.1_WP_030276035.1	52.435	602	672	100	616	272	4	1	602	63	671	0.0	687
lcl|NC_000962.3_prot_NP_215813.1_1	GCF_016906185.1_WP_030276035.1	18.579	602	672	100	183	146	2	1	180	1	183	2.95e-11	74.7
lcl|NC_000962.3_prot_NP_215813.1_1	GCF_001735805.1_WP_069778702.1	54.050	602	662	100	605	270	3	1	602	63	662	0.0	687
lcl|NC_000962.3_prot_NP_215813.1_1	GCF_001735805.1_WP_069778702.1	19.697	602	662	100	132	106	0	27	158	30	161	3.38e-08	64.7
lcl|NC_000962.3_prot_NP_215813.1_1	GCF_019456675.1_WP_220045762.1	68.640	602	634	99	625	168	3	1	597	1	625	0.0	686
lcl|NC_000962.3_prot_NP_215813.1_1	GCF_017161365.1_WP_013131143.1	55.537	602	605	97	596	249	2	13	595	9	601	0.0	686
lcl|NC_000962.3_prot_NP_215813.1_1	GCF_003614435.1_WP_242460521.1	66.717	602	664	100	664	159	3	1	602	1	664	0.0	686
lcl|NC_000962.3_prot_NP_215813.1_1	GCF_010726085.1_WP_083157164.1	69.778	602	632	100	632	161	4	1	602	1	632	0.0	686
lcl|NC_000962.3_prot_NP_215813.1_1	GCF_010725725.1_WP_163902805.1	67.783	602	630	99	627	173	3	1	598	1	627	0.0	686
lcl|NC_000962.3_prot_NP_215813.1_1	GCF_005166025.1_WP_137092576.1	39.432	602	559	93	563	327	6	35	592	5	558	0.0	686
lcl|NC_000962.3_prot_NP_215813.1_1	GCF_003391135.1_WP_205519379.1	52.251	602	686	100	622	274	4	1	602	67	685	0.0	686
lcl|NC_000962.3_prot_NP_215813.1_1	GCF_003391135.1_WP_205519379.1	19.429	602	686	100	175	141	0	29	203	36	210	4.87e-12	77.0
lcl|NC_000962.3_prot_NP_215813.1_1	GCF_023515995.1_WP_219067102.1	72.578	602	612	99	609	154	2	1	597	1	608	0.0	686
lcl|NC_000962.3_prot_NP_215813.1_1	GCF_017352335.1_WP_043443883.1	53.500	602	659	99	600	269	4	1	597	63	655	0.0	686
lcl|NC_000962.3_prot_NP_215813.1_1	GCF_017352335.1_WP_043443883.1	16.456	602	659	99	158	132	0	27	184	30	187	2.74e-08	65.1
lcl|NC_000962.3_prot_NP_215813.1_1	GCF_011044175.1_WP_164680521.1	40.426	602	562	93	564	323	5	35	592	5	561	0.0	685
lcl|NC_000962.3_prot_NP_215813.1_1	GCF_000941055.1_WP_044638243.1	38.503	602	558	93	561	334	5	35	592	5	557	0.0	685
lcl|NC_000962.3_prot_NP_215813.1_1	GCF_910589745.1_WP_252158077.1	39.502	602	549	93	562	320	6	35	593	5	549	0.0	685
lcl|NC_000962.3_prot_NP_215813.1_1	GCF_014352875.1_WP_187482575.1	38.421	602	562	93	570	326	6	35	592	5	561	0.0	685
lcl|NC_000962.3_prot_NP_215813.1_1	GCF_001307545.1_WP_054602926.1	63.047	602	663	100	663	184	4	1	602	1	663	0.0	685
lcl|NC_000962.3_prot_NP_215813.1_1	GCF_014070455.1_WP_182372448.1	57.580	602	687	100	686	207	4	1	602	1	686	0.0	684
lcl|NC_000962.3_prot_NP_215813.1_1	GCF_013394595.1_WP_179008663.1	38.112	602	570	93	572	333	5	35	592	5	569	0.0	684
lcl|NC_000962.3_prot_NP_215813.1_1	GCF_016757735.1_WP_202336820.1	38.732	602	566	93	568	331	5	35	592	5	565	0.0	684
lcl|NC_000962.3_prot_NP_215813.1_1	GCF_016598615.1_WP_200395849.1	52.265	602	677	100	618	275	3	1	602	63	676	0.0	684
lcl|NC_000962.3_prot_NP_215813.1_1	GCF_016598615.1_WP_200395849.1	15.894	602	677	100	151	127	0	27	177	30	180	1.51e-08	65.8
lcl|NC_000962.3_prot_NP_215813.1_1	GCF_008704855.1_WP_085922921.1	51.858	602	678	100	619	278	3	1	602	62	677	0.0	684
lcl|NC_000962.3_prot_NP_215813.1_1	GCF_008704855.1_WP_085922921.1	14.835	602	678	100	182	150	1	33	209	35	216	1.52e-07	62.7
lcl|NC_000962.3_prot_NP_215813.1_1	GCF_017068455.1_WP_205722055.1	39.394	602	535	93	561	306	4	35	592	5	534	0.0	684
lcl|NC_000962.3_prot_NP_215813.1_1	GCF_010731795.1_WP_083005653.1	67.398	602	638	100	638	172	2	1	602	1	638	0.0	684
lcl|NC_000962.3_prot_NP_215813.1_1	GCF_010730195.1_WP_085233246.1	74.587	602	607	99	606	142	3	1	597	1	603	0.0	684
lcl|NC_000962.3_prot_NP_215813.1_1	GCF_010726245.1_WP_115321459.1	62.913	602	675	99	666	178	4	1	597	1	666	0.0	684
lcl|NC_000962.3_prot_NP_215813.1_1	GCF_000157895.3_WP_023366253.1	74.152	602	619	100	619	143	3	1	602	1	619	0.0	684
lcl|NC_000962.3_prot_NP_215813.1_1	GCF_000010605.1_WP_003966266.1	51.208	602	681	100	621	281	4	1	602	63	680	0.0	684
lcl|NC_000962.3_prot_NP_215813.1_1	GCF_000010605.1_WP_003966266.1	19.355	602	681	100	186	145	3	1	183	1	184	2.03e-10	72.0
lcl|NC_000962.3_prot_NP_215813.1_1	GCF_010728725.1_WP_083132630.1	74.752	602	585	99	606	119	3	1	597	1	581	0.0	683
lcl|NC_000962.3_prot_NP_215813.1_1	GCF_020310005.1_WP_225571497.1	39.929	602	550	98	561	318	6	35	592	5	549	0.0	682
lcl|NC_000962.3_prot_NP_215813.1_1	GCF_020310005.1_WP_225571497.1	7.383	602	550	98	149	136	1	2	150	31	177	1.17e-06	59.7
lcl|NC_000962.3_prot_NP_215813.1_1	GCF_019645835.1_WP_220692570.1	63.750	602	643	99	640	190	3	1	598	1	640	0.0	682
lcl|NC_000962.3_prot_NP_215813.1_1	GCF_013394655.1_WP_178989614.1	38.112	602	570	93	572	333	5	35	592	5	569	0.0	682
lcl|NC_000962.3_prot_NP_215813.1_1	GCF_000091305.1_WP_173402873.1	51.696	602	677	100	619	279	2	1	602	62	677	0.0	682
lcl|NC_000962.3_prot_NP_215813.1_1	GCF_000091305.1_WP_173402873.1	16.129	602	677	100	186	154	2	1	184	1	186	4.70e-07	61.2
lcl|NC_000962.3_prot_NP_215813.1_1	GCF_016861545.1_WP_203803852.1	69.968	602	609	100	616	164	2	1	602	1	609	0.0	681
lcl|NC_000962.3_prot_NP_215813.1_1	GCF_008704575.1_WP_150472768.1	52.273	602	678	99	616	272	3	1	597	63	675	0.0	681
lcl|NC_000962.3_prot_NP_215813.1_1	GCF_008704575.1_WP_150472768.1	18.274	602	678	99	197	155	3	1	191	1	197	4.16e-07	61.2
lcl|NC_000962.3_prot_NP_215813.1_1	GCF_000023865.1_WP_041322951.1	56.164	602	659	99	657	226	4	1	597	1	655	0.0	681
lcl|NC_000962.3_prot_NP_215813.1_1	GCF_015767775.1_WP_003952450.1	50.727	602	672	100	619	279	4	1	602	63	672	0.0	681
lcl|NC_000962.3_prot_NP_215813.1_1	GCF_015767775.1_WP_003952450.1	19.192	602	672	100	198	155	3	1	193	1	198	1.79e-07	62.4
lcl|NC_000962.3_prot_NP_215813.1_1	GCF_001886595.1_WP_015036194.1	52.666	602	678	100	619	273	4	1	602	63	678	0.0	680
lcl|NC_000962.3_prot_NP_215813.1_1	GCF_001886595.1_WP_015036194.1	22.599	602	678	100	177	134	2	1	174	1	177	1.35e-06	59.7
lcl|NC_000962.3_prot_NP_215813.1_1	GCF_017569185.1_WP_208078038.1	38.179	602	570	93	571	334	5	35	592	5	569	0.0	680
lcl|NC_000962.3_prot_NP_215813.1_1	GCF_014784055.1_WP_088354409.1	37.719	602	568	93	570	336	6	35	592	5	567	0.0	680
lcl|NC_000962.3_prot_NP_215813.1_1	GCF_009184865.1_WP_193241751.1	51.768	602	679	100	622	276	3	1	602	62	679	0.0	680
lcl|NC_000962.3_prot_NP_215813.1_1	GCF_009184865.1_WP_193241751.1	16.489	602	679	100	188	152	3	1	183	1	188	2.64e-06	58.5
lcl|NC_000962.3_prot_NP_215813.1_1	GCF_003963535.1_WP_126395076.1	53.068	602	660	100	603	277	3	1	602	63	660	0.0	680
lcl|NC_000962.3_prot_NP_215813.1_1	GCF_003963535.1_WP_126395076.1	18.301	602	660	100	153	125	0	27	179	30	182	1.55e-05	56.2
lcl|NC_000962.3_prot_NP_215813.1_1	GCF_002234495.1_WP_093978871.1	38.790	602	559	93	562	334	4	35	593	5	559	0.0	680
lcl|NC_000962.3_prot_NP_215813.1_1	GCF_002082585.1_WP_084749331.1	51.618	602	678	100	618	280	4	1	602	63	677	0.0	680
lcl|NC_000962.3_prot_NP_215813.1_1	GCF_002082585.1_WP_084749331.1	15.566	602	678	100	212	165	3	1	209	1	201	2.04e-10	72.0
lcl|NC_000962.3_prot_NP_215813.1_1	GCF_002157835.1_WP_087075423.1	65.480	602	646	100	646	179	3	1	602	1	646	0.0	680
lcl|NC_000962.3_prot_NP_215813.1_1	GCF_022059885.1_WP_006437283.1	59.699	602	666	100	665	205	3	1	602	1	665	0.0	679
lcl|NC_000962.3_prot_NP_215813.1_1	GCF_014295415.1_WP_186990009.1	39.394	602	549	93	561	320	6	35	592	5	548	0.0	679
lcl|NC_000962.3_prot_NP_215813.1_1	GCF_010731595.1_WP_232075528.1	75.845	602	593	97	592	135	2	19	602	2	593	0.0	679
lcl|NC_000962.3_prot_NP_215813.1_1	GCF_008704795.1_WP_150513067.1	50.081	602	680	100	621	288	3	1	602	62	679	0.0	679
lcl|NC_000962.3_prot_NP_215813.1_1	GCF_008704795.1_WP_150513067.1	18.182	602	680	100	198	159	3	1	195	1	198	9.43e-13	79.3
lcl|NC_000962.3_prot_NP_215813.1_1	GCF_000973725.1_WP_046310403.1	38.660	602	581	93	582	327	5	35	592	5	580	0.0	679
lcl|NC_000962.3_prot_NP_215813.1_1	GCF_020099395.1_WP_185940172.1	51.466	602	681	100	614	280	3	1	602	73	680	0.0	679
lcl|NC_000962.3_prot_NP_215813.1_1	GCF_003585765.1_WP_025609297.1	37.801	602	581	93	582	332	5	35	592	5	580	0.0	679
lcl|NC_000962.3_prot_NP_215813.1_1	GCF_014852565.2_WP_192363324.1	50.877	602	684	100	627	279	3	1	602	62	684	0.0	679
lcl|NC_000962.3_prot_NP_215813.1_1	GCF_014852565.2_WP_192363324.1	17.964	602	684	100	167	135	2	1	165	1	167	3.47e-06	58.1
lcl|NC_000962.3_prot_NP_215813.1_1	GCF_014673495.1_WP_037656517.1	50.974	602	673	100	616	283	4	1	602	63	673	0.0	679
lcl|NC_000962.3_prot_NP_215813.1_1	GCF_014673495.1_WP_037656517.1	14.118	602	673	100	170	144	1	27	196	30	197	1.48e-08	65.8
lcl|NC_000962.3_prot_NP_215813.1_1	GCF_001542625.1_WP_067300590.1	52.640	602	684	100	625	270	3	1	602	63	684	0.0	679
lcl|NC_000962.3_prot_NP_215813.1_1	GCF_001542625.1_WP_067300590.1	18.519	602	684	100	135	110	0	27	161	30	164	6.12e-07	60.8
lcl|NC_000962.3_prot_NP_215813.1_1	GCF_010725485.1_WP_163766725.1	62.667	602	675	100	675	179	5	1	602	1	675	0.0	678
lcl|NC_000962.3_prot_NP_215813.1_1	GCF_018141485.1_WP_136240774.1	51.192	602	687	100	629	276	5	1	602	62	686	0.0	678
lcl|NC_000962.3_prot_NP_215813.1_1	GCF_018141485.1_WP_136240774.1	17.241	602	687	100	203	164	3	1	199	1	203	4.61e-09	67.4
lcl|NC_000962.3_prot_NP_215813.1_1	GCF_008704395.1_WP_055534189.1	50.874	602	687	100	629	278	4	1	602	62	686	0.0	678
lcl|NC_000962.3_prot_NP_215813.1_1	GCF_008704395.1_WP_055534189.1	18.280	602	687	100	186	150	2	1	184	1	186	8.96e-12	76.2
lcl|NC_000962.3_prot_NP_215813.1_1	GCF_001951155.1_WP_083644666.1	38.324	602	555	93	561	332	6	35	592	5	554	0.0	678
lcl|NC_000962.3_prot_NP_215813.1_1	GCF_022760175.1_WP_242937450.1	38.302	602	574	93	577	331	5	35	593	5	574	0.0	677
lcl|NC_000962.3_prot_NP_215813.1_1	GCF_000196315.1_WP_013185978.1	38.621	602	579	93	580	326	6	36	592	6	578	0.0	677
lcl|NC_000962.3_prot_NP_215813.1_1	GCF_022370835.2_WP_240171933.1	64.492	602	659	100	659	177	3	1	602	1	659	0.0	677
lcl|NC_000962.3_prot_NP_215813.1_1	GCF_021216675.1_WP_232270413.1	54.013	602	666	99	598	270	2	1	596	65	659	0.0	677
lcl|NC_000962.3_prot_NP_215813.1_1	GCF_021216675.1_WP_232270413.1	17.512	602	666	99	217	172	3	1	212	1	215	3.48e-09	67.8
lcl|NC_000962.3_prot_NP_215813.1_1	GCF_010729305.1_WP_179965314.1	62.424	602	660	100	660	190	4	1	602	1	660	0.0	677
lcl|NC_000962.3_prot_NP_215813.1_1	GCF_003261055.1_WP_053761960.1	54.010	602	669	100	611	268	3	1	602	63	669	0.0	677
lcl|NC_000962.3_prot_NP_215813.1_1	GCF_003261055.1_WP_053761960.1	15.341	602	669	100	176	149	0	27	202	30	205	2.25e-06	58.9
lcl|NC_000962.3_prot_NP_215813.1_1	GCF_002804165.1_WP_114932801.1	51.870	602	675	100	615	280	3	1	602	63	674	0.0	677
lcl|NC_000962.3_prot_NP_215813.1_1	GCF_002804165.1_WP_114932801.1	16.038	602	675	100	212	164	3	1	209	1	201	7.71e-10	70.1
lcl|NC_000962.3_prot_NP_215813.1_1	GCF_020463795.1_WP_226334890.1	37.479	602	586	93	587	332	5	35	592	5	585	0.0	676
lcl|NC_000962.3_prot_NP_215813.1_1	GCF_017526105.1_WP_208034425.1	53.554	602	664	99	605	274	3	1	601	63	664	0.0	676
lcl|NC_000962.3_prot_NP_215813.1_1	GCF_017526105.1_WP_208034425.1	18.293	602	664	99	164	131	1	27	187	30	193	1.53e-05	56.2
lcl|NC_000962.3_prot_NP_215813.1_1	GCF_016467295.1_WP_128791700.1	51.923	602	679	100	624	271	5	1	602	63	679	0.0	676
lcl|NC_000962.3_prot_NP_215813.1_1	GCF_016467295.1_WP_128791700.1	14.706	602	679	100	170	143	1	27	196	30	197	6.30e-09	67.0
lcl|NC_000962.3_prot_NP_215813.1_1	GCF_011207455.1_WP_166032680.1	51.306	602	415	69	421	196	3	176	593	1	415	0.0	676
lcl|NC_000962.3_prot_NP_215813.1_1	GCF_900292015.1_WP_158017728.1	73.591	602	621	100	621	145	2	1	602	1	621	0.0	676
lcl|NC_000962.3_prot_NP_215813.1_1	GCF_023923245.1_WP_252546550.1	50.872	602	693	99	631	273	4	1	597	63	690	0.0	676
lcl|NC_000962.3_prot_NP_215813.1_1	GCF_023923245.1_WP_252546550.1	21.023	602	693	99	176	136	2	1	173	1	176	1.39e-09	69.3
lcl|NC_000962.3_prot_NP_215813.1_1	GCF_004011905.1_WP_127963335.1	58.088	602	681	100	680	207	4	1	602	1	680	0.0	676
lcl|NC_000962.3_prot_NP_215813.1_1	GCF_021183825.1_WP_233030416.1	38.137	602	566	93	569	335	5	35	593	5	566	0.0	675
lcl|NC_000962.3_prot_NP_215813.1_1	GCF_002966125.1_WP_105216573.1	38.859	602	538	93	561	312	5	35	592	5	537	0.0	675
lcl|NC_000962.3_prot_NP_215813.1_1	GCF_019645875.1_WP_036394984.1	63.897	602	662	100	662	179	4	1	602	1	662	0.0	675
lcl|NC_000962.3_prot_NP_215813.1_1	GCF_018278905.1_WP_211696026.1	75.806	602	620	100	620	132	3	1	602	1	620	0.0	675
lcl|NC_000962.3_prot_NP_215813.1_1	GCF_013394065.1_WP_179082665.1	52.202	602	679	100	613	279	3	1	602	69	678	0.0	675
lcl|NC_000962.3_prot_NP_215813.1_1	GCF_008704715.1_WP_150499775.1	51.466	602	671	100	614	281	4	1	602	63	671	0.0	675
lcl|NC_000962.3_prot_NP_215813.1_1	GCF_001278075.1_WP_037773741.1	50.000	602	692	100	632	283	5	1	602	63	691	0.0	675
lcl|NC_000962.3_prot_NP_215813.1_1	GCF_001278075.1_WP_037773741.1	17.677	602	692	100	198	159	3	1	194	1	198	5.55e-09	67.4
lcl|NC_000962.3_prot_NP_215813.1_1	GCF_027626975.1_WP_018087400.1	50.479	602	683	100	626	283	3	1	602	60	682	0.0	674
lcl|NC_000962.3_prot_NP_215813.1_1	GCF_027626975.1_WP_018087400.1	14.354	602	683	100	209	179	0	1	209	1	209	1.29e-08	66.2
lcl|NC_000962.3_prot_NP_215813.1_1	GCF_010731895.1_WP_163746237.1	63.303	602	664	99	654	183	3	1	597	1	654	0.0	674
lcl|NC_000962.3_prot_NP_215813.1_1	GCF_003675325.1_WP_121786917.1	51.115	602	687	100	628	278	2	1	602	63	687	0.0	674
lcl|NC_000962.3_prot_NP_215813.1_1	GCF_003675325.1_WP_121786917.1	17.647	602	687	100	204	163	3	1	199	1	204	1.55e-11	75.5
lcl|NC_000962.3_prot_NP_215813.1_1	GCF_003344965.1_WP_114661805.1	49.530	602	697	100	638	283	5	1	602	63	697	0.0	674
lcl|NC_000962.3_prot_NP_215813.1_1	GCF_003344965.1_WP_114661805.1	22.381	602	697	100	210	160	2	1	207	1	210	5.97e-12	76.6
lcl|NC_000962.3_prot_NP_215813.1_1	GCF_003330865.1_WP_114246666.1	52.692	602	672	100	613	275	4	1	602	63	671	0.0	674
lcl|NC_000962.3_prot_NP_215813.1_1	GCF_003330865.1_WP_114246666.1	20.000	602	672	100	205	160	3	1	201	1	205	1.02e-10	72.8
lcl|NC_000962.3_prot_NP_215813.1_1	GCF_021165915.1_WP_006944379.1	59.940	602	664	99	664	203	3	1	601	1	664	0.0	674
lcl|NC_000962.3_prot_NP_215813.1_1	GCF_010731575.1_WP_083045390.1	64.297	602	661	100	661	177	5	1	602	1	661	0.0	674
lcl|NC_000962.3_prot_NP_215813.1_1	GCF_010726645.1_WP_098006218.1	63.389	602	661	100	661	183	4	1	602	1	661	0.0	674
lcl|NC_000962.3_prot_NP_215813.1_1	GCF_009739905.1_WP_156692312.1	49.842	602	694	100	634	283	4	1	602	63	693	0.0	674
lcl|NC_000962.3_prot_NP_215813.1_1	GCF_009739905.1_WP_156692312.1	18.009	602	694	100	211	170	2	1	208	1	211	4.70e-11	73.9
lcl|NC_000962.3_prot_NP_215813.1_1	GCF_004328625.1_WP_031181209.1	53.519	602	666	100	611	269	4	1	602	62	666	0.0	674
lcl|NC_000962.3_prot_NP_215813.1_1	GCF_004328625.1_WP_031181209.1	16.757	602	666	100	185	152	2	1	183	1	185	6.01e-11	73.5
lcl|NC_000962.3_prot_NP_215813.1_1	GCF_005670685.2_WP_053854198.1	63.253	602	656	100	664	174	4	1	602	1	656	0.0	674
lcl|NC_000962.3_prot_NP_215813.1_1	GCF_003955715.1_WP_126274369.1	53.223	602	664	100	605	277	3	1	602	63	664	0.0	674
lcl|NC_000962.3_prot_NP_215813.1_1	GCF_001456355.1_WP_088413424.1	63.906	602	647	99	640	191	4	1	600	1	640	0.0	673
lcl|NC_000962.3_prot_NP_215813.1_1	GCF_021028635.1_WP_230902785.1	49.922	602	696	100	637	281	5	1	602	62	695	0.0	673
lcl|NC_000962.3_prot_NP_215813.1_1	GCF_021028635.1_WP_230902785.1	17.619	602	696	100	210	161	3	1	198	1	210	4.98e-09	67.4
lcl|NC_000962.3_prot_NP_215813.1_1	GCF_016804345.1_WP_203011620.1	60.000	602	665	99	665	202	3	1	601	1	665	0.0	673
lcl|NC_000962.3_prot_NP_215813.1_1	GCF_001889005.1_WP_072552842.1	39.394	602	558	93	561	329	5	35	592	5	557	0.0	673
lcl|NC_000962.3_prot_NP_215813.1_1	GCF_025643595.1_WP_263249196.1	55.680	602	622	99	625	250	5	1	601	1	622	0.0	672
lcl|NC_000962.3_prot_NP_215813.1_1	GCF_006065315.1_WP_138950956.1	39.037	602	552	93	561	325	5	35	592	5	551	0.0	672
lcl|NC_000962.3_prot_NP_215813.1_1	GCF_000236705.1_WP_014200558.1	38.503	602	561	93	561	335	4	36	592	6	560	0.0	672
lcl|NC_000962.3_prot_NP_215813.1_1	GCF_000190595.1_WP_013621874.1	40.036	602	552	93	562	320	5	35	593	5	552	0.0	672
lcl|NC_000962.3_prot_NP_215813.1_1	GCF_015476115.1_WP_228850821.1	39.037	602	544	93	561	317	5	35	592	5	543	0.0	672
lcl|NC_000962.3_prot_NP_215813.1_1	GCF_010728925.1_WP_163689906.1	66.510	602	639	100	639	177	3	1	602	1	639	0.0	672
lcl|NC_000962.3_prot_NP_215813.1_1	GCF_008000935.1_WP_147584170.1	38.889	602	593	93	594	320	6	35	592	5	591	0.0	672
lcl|NC_000962.3_prot_NP_215813.1_1	GCF_005281475.1_WP_137401320.1	36.711	602	601	93	602	331	6	35	592	5	600	0.0	672
lcl|NC_000962.3_prot_NP_215813.1_1	GCF_001761365.1_WP_065318718.1	37.805	602	573	93	574	333	6	35	591	5	571	0.0	672
lcl|NC_000962.3_prot_NP_215813.1_1	GCF_000280865.2_WP_006603104.1	50.401	602	682	100	623	285	3	1	602	62	681	0.0	672
lcl|NC_000962.3_prot_NP_215813.1_1	GCF_000280865.2_WP_006603104.1	16.588	602	682	100	211	174	2	1	209	1	211	1.02e-07	63.1
lcl|NC_000962.3_prot_NP_215813.1_1	GCF_000224085.1_WP_014031819.1	38.324	602	539	93	561	316	5	35	592	5	538	0.0	672
lcl|NC_000962.3_prot_NP_215813.1_1	GCF_024918935.1_WP_208890242.1	38.287	602	569	93	572	331	6	35	592	5	568	0.0	672
lcl|NC_000962.3_prot_NP_215813.1_1	GCF_013364315.1_WP_031122942.1	50.479	602	685	99	626	282	4	1	601	63	685	0.0	672
lcl|NC_000962.3_prot_NP_215813.1_1	GCF_013364315.1_WP_031122942.1	21.311	602	685	99	183	141	2	1	180	1	183	5.42e-10	70.5
lcl|NC_000962.3_prot_NP_215813.1_1	GCF_010725885.1_WP_115280144.1	62.162	602	668	99	666	187	4	1	601	1	666	0.0	672
lcl|NC_000962.3_prot_NP_215813.1_1	GCF_004139715.1_WP_129605361.1	39.464	602	539	93	560	309	5	35	591	5	537	0.0	672
lcl|NC_000962.3_prot_NP_215813.1_1	GCF_022374875.2_WP_043411296.1	62.023	602	682	100	682	179	4	1	602	1	682	0.0	671
lcl|NC_000962.3_prot_NP_215813.1_1	GCF_015160875.1_WP_189701470.1	53.094	602	673	100	614	273	2	1	602	63	673	0.0	671
lcl|NC_000962.3_prot_NP_215813.1_1	GCF_015160875.1_WP_189701470.1	18.018	602	673	100	111	91	0	27	137	30	140	6.44e-05	54.3
lcl|NC_000962.3_prot_NP_215813.1_1	GCF_003584745.1_WP_015356703.1	71.498	602	621	100	621	158	3	1	602	1	621	0.0	671
lcl|NC_000962.3_prot_NP_215813.1_1	GCF_003074055.1_WP_108708713.1	51.840	602	684	100	625	275	4	1	602	63	684	0.0	671
lcl|NC_000962.3_prot_NP_215813.1_1	GCF_003074055.1_WP_108708713.1	12.766	602	684	100	188	155	1	27	205	30	217	1.78e-06	59.3
lcl|NC_000962.3_prot_NP_215813.1_1	GCF_002082195.1_WP_083107418.1	51.803	602	669	100	610	283	3	1	602	62	668	0.0	671
lcl|NC_000962.3_prot_NP_215813.1_1	GCF_002082195.1_WP_083107418.1	16.022	602	669	100	181	152	0	29	209	31	211	2.88e-07	61.6
lcl|NC_000962.3_prot_NP_215813.1_1	GCF_001761325.1_WP_070236554.1	38.899	602	560	93	563	331	6	35	592	5	559	0.0	671
lcl|NC_000962.3_prot_NP_215813.1_1	GCF_001984445.1_WP_077193476.1	51.603	602	683	100	624	277	4	1	602	62	682	0.0	671
lcl|NC_000962.3_prot_NP_215813.1_1	GCF_001984445.1_WP_077193476.1	17.143	602	683	100	210	172	2	1	208	1	210	3.41e-08	64.7
lcl|NC_000962.3_prot_NP_215813.1_1	GCF_000325705.1_WP_015264648.1	37.542	602	593	93	594	329	5	35	592	5	592	0.0	671
lcl|NC_000962.3_prot_NP_215813.1_1	GCF_020735545.1_WP_227921279.1	58.333	602	673	100	624	238	2	1	602	50	673	0.0	670
lcl|NC_000962.3_prot_NP_215813.1_1	GCF_020735545.1_WP_227921279.1	23.077	602	673	100	195	140	1	1	195	1	185	1.32e-16	91.6
lcl|NC_000962.3_prot_NP_215813.1_1	GCF_010731295.1_WP_097926089.1	62.689	602	662	100	662	187	4	1	602	1	662	0.0	670
lcl|NC_000962.3_prot_NP_215813.1_1	GCF_009901525.1_WP_160129020.1	38.265	602	585	93	588	327	5	35	593	5	585	0.0	670
lcl|NC_000962.3_prot_NP_215813.1_1	GCF_009664835.1_WP_154077764.1	56.958	602	618	99	618	243	4	1	598	1	615	0.0	670
lcl|NC_000962.3_prot_NP_215813.1_1	GCF_022221585.1_WP_238575302.1	52.818	602	682	99	621	266	4	1	597	59	676	0.0	670
lcl|NC_000962.3_prot_NP_215813.1_1	GCF_022221585.1_WP_238575302.1	16.832	602	682	99	202	163	1	13	209	12	213	1.93e-08	65.4
lcl|NC_000962.3_prot_NP_215813.1_1	GCF_018363015.1_WP_235733382.1	61.769	602	667	100	667	190	4	1	602	1	667	0.0	670
lcl|NC_000962.3_prot_NP_215813.1_1	GCF_010729895.1_WP_085156727.1	60.029	602	684	100	683	191	4	1	602	1	682	0.0	670
lcl|NC_000962.3_prot_NP_215813.1_1	GCF_008704555.1_WP_150487647.1	51.286	602	682	100	622	280	4	1	602	63	681	0.0	670
lcl|NC_000962.3_prot_NP_215813.1_1	GCF_008704555.1_WP_150487647.1	20.930	602	682	100	215	163	3	1	208	1	215	3.45e-12	77.4
lcl|NC_000962.3_prot_NP_215813.1_1	GCF_006716135.1_WP_142231861.1	52.006	602	682	100	623	275	4	1	602	63	682	0.0	670
lcl|NC_000962.3_prot_NP_215813.1_1	GCF_006716135.1_WP_142231861.1	25.455	602	682	100	110	82	0	27	136	30	139	9.48e-09	66.6
lcl|NC_000962.3_prot_NP_215813.1_1	GCF_000214155.1_WP_013828237.1	70.353	602	682	98	624	148	1	11	597	55	678	0.0	670
lcl|NC_000962.3_prot_NP_215813.1_1	GCF_900187065.1_WP_003925515.1	67.662	602	677	99	603	187	3	1	601	81	677	0.0	670
lcl|NC_000962.3_prot_NP_215813.1_1	GCF_014489635.1_WP_187747207.1	53.300	602	664	100	606	275	3	1	602	63	664	0.0	670
lcl|NC_000962.3_prot_NP_215813.1_1	GCF_014489635.1_WP_187747207.1	21.088	602	664	100	147	116	0	30	176	33	179	9.77e-07	60.1
lcl|NC_000962.3_prot_NP_215813.1_1	GCF_001971745.1_WP_076732261.1	38.021	602	574	93	576	332	6	35	592	5	573	0.0	670
lcl|NC_000962.3_prot_NP_215813.1_1	GCF_000511305.1_WP_024103701.1	58.696	602	664	99	644	223	2	1	601	21	664	0.0	670
lcl|NC_000962.3_prot_NP_215813.1_1	GCF_000511305.1_WP_024103701.1	22.165	602	664	99	194	140	1	40	222	1	194	1.32e-09	69.3
lcl|NC_000962.3_prot_NP_215813.1_1	GCF_000247715.1_WP_014359624.1	59.394	602	656	100	660	206	3	1	602	1	656	0.0	670
lcl|NC_000962.3_prot_NP_215813.1_1	GCF_000060345.1_WP_011708344.1	39.394	602	557	93	561	328	5	35	592	5	556	0.0	670
lcl|NC_000962.3_prot_NP_215813.1_1	GCF_022374935.2_WP_046285339.1	67.869	602	669	96	610	164	2	20	597	56	665	0.0	669
lcl|NC_000962.3_prot_NP_215813.1_1	GCF_016804005.1_WP_203182471.1	51.192	602	689	100	629	277	4	1	602	63	688	0.0	669
lcl|NC_000962.3_prot_NP_215813.1_1	GCF_016804005.1_WP_203182471.1	20.408	602	689	100	196	153	2	1	193	1	196	5.46e-11	73.5
lcl|NC_000962.3_prot_NP_215813.1_1	GCF_010731855.1_WP_179967344.1	66.825	602	639	99	633	174	3	1	597	1	633	0.0	669
lcl|NC_000962.3_prot_NP_215813.1_1	GCF_010727325.1_WP_163668767.1	61.926	602	675	100	675	184	4	1	602	1	675	0.0	669
lcl|NC_000962.3_prot_NP_215813.1_1	GCF_007197735.1_WP_143379546.1	37.694	602	578	93	581	333	6	35	593	5	578	0.0	669
lcl|NC_000962.3_prot_NP_215813.1_1	GCF_006575665.1_WP_141613442.1	36.318	602	601	93	603	332	6	35	592	5	600	0.0	669
lcl|NC_000962.3_prot_NP_215813.1_1	GCF_003595235.1_WP_062027094.1	52.589	602	677	100	618	274	3	1	602	63	677	0.0	669
lcl|NC_000962.3_prot_NP_215813.1_1	GCF_003595235.1_WP_062027094.1	20.732	602	677	100	164	127	2	1	161	1	164	3.30e-07	61.6
lcl|NC_000962.3_prot_NP_215813.1_1	GCF_024734075.1_WP_160903325.1	61.440	602	683	100	625	218	2	1	602	59	683	0.0	669
lcl|NC_000962.3_prot_NP_215813.1_1	GCF_024734075.1_WP_160903325.1	31.288	602	683	100	163	111	1	1	163	1	162	1.17e-14	85.5
lcl|NC_000962.3_prot_NP_215813.1_1	GCF_024628825.1_WP_257484574.1	58.033	602	659	100	610	245	3	1	602	53	659	0.0	669
lcl|NC_000962.3_prot_NP_215813.1_1	GCF_010731115.1_WP_061003025.1	61.976	602	660	100	668	180	4	1	602	1	660	0.0	669
lcl|NC_000962.3_prot_NP_215813.1_1	GCF_006974145.1_WP_142783504.1	38.503	602	559	93	561	335	4	35	592	5	558	0.0	669
lcl|NC_000962.3_prot_NP_215813.1_1	GCF_025215495.1_WP_090586970.1	64.263	602	641	97	638	176	3	17	602	3	640	0.0	669
lcl|NC_000962.3_prot_NP_215813.1_1	GCF_002302565.1_WP_095900309.1	37.372	602	584	93	586	332	6	36	593	6	584	0.0	669
lcl|NC_000962.3_prot_NP_215813.1_1	GCF_001660045.1_WP_064729848.1	52.419	602	679	100	620	274	4	1	602	63	679	0.0	668
lcl|NC_000962.3_prot_NP_215813.1_1	GCF_001660045.1_WP_064729848.1	17.143	602	679	100	175	145	0	27	201	30	204	4.77e-08	64.3
lcl|NC_000962.3_prot_NP_215813.1_1	GCF_000020725.1_WP_012532142.1	50.594	602	415	69	421	199	3	176	593	1	415	0.0	668
lcl|NC_000962.3_prot_NP_215813.1_1	GCF_021183725.1_WP_075510425.1	78.105	602	612	100	612	124	3	1	602	1	612	0.0	668
lcl|NC_000962.3_prot_NP_215813.1_1	GCF_014524565.1_WP_210758312.1	38.596	602	570	93	570	331	5	36	592	6	569	0.0	668
lcl|NC_000962.3_prot_NP_215813.1_1	GCF_003994395.1_WP_127177967.1	50.962	602	683	100	624	281	5	1	602	63	683	0.0	668
lcl|NC_000962.3_prot_NP_215813.1_1	GCF_002302635.1_WP_095894627.1	38.671	602	585	93	587	324	5	35	592	5	584	0.0	668
lcl|NC_000962.3_prot_NP_215813.1_1	GCF_002269385.1_WP_094995868.1	38.790	602	535	93	562	310	5	35	593	5	535	0.0	668
lcl|NC_000962.3_prot_NP_215813.1_1	GCF_002128305.1_WP_086162015.1	51.067	602	650	100	609	272	4	1	602	61	650	0.0	668
lcl|NC_000962.3_prot_NP_215813.1_1	GCF_019456655.1_WP_073858284.1	61.411	602	672	99	666	188	4	1	597	1	666	0.0	667
lcl|NC_000962.3_prot_NP_215813.1_1	GCF_017498485.1_WP_207971289.1	39.016	602	567	93	569	329	5	35	592	5	566	0.0	667
lcl|NC_000962.3_prot_NP_215813.1_1	GCF_014295035.1_WP_187064507.1	51.111	602	702	100	630	277	5	1	602	75	701	0.0	667
lcl|NC_000962.3_prot_NP_215813.1_1	GCF_014295035.1_WP_187064507.1	16.667	602	702	100	192	149	1	28	208	43	234	4.55e-09	67.4
lcl|NC_000962.3_prot_NP_215813.1_1	GCF_009914535.1_WP_213250029.1	62.252	602	622	100	604	224	2	1	602	21	622	0.0	667
lcl|NC_000962.3_prot_NP_215813.1_1	GCF_008704425.1_WP_031130238.1	49.922	602	701	100	641	279	4	1	602	63	700	0.0	667
lcl|NC_000962.3_prot_NP_215813.1_1	GCF_008704425.1_WP_031130238.1	23.871	602	701	100	155	115	2	1	152	1	155	5.43e-08	64.3
lcl|NC_000962.3_prot_NP_215813.1_1	GCF_000331185.2_WP_003981331.1	50.562	602	682	100	623	284	4	1	602	60	679	0.0	667
lcl|NC_000962.3_prot_NP_215813.1_1	GCF_010728155.1_WP_085188633.1	64.024	602	656	100	656	182	4	1	602	1	656	0.0	667
lcl|NC_000962.3_prot_NP_215813.1_1	GCF_003687485.1_WP_121849855.1	38.790	602	538	93	562	313	5	35	593	5	538	0.0	667
lcl|NC_000962.3_prot_NP_215813.1_1	GCF_002240355.1_WP_091806805.1	56.528	602	653	99	651	227	4	1	597	1	649	0.0	667
lcl|NC_000962.3_prot_NP_215813.1_1	GCF_000802245.2_WP_039651506.1	50.479	602	685	100	626	283	3	1	602	63	685	0.0	667
lcl|NC_000962.3_prot_NP_215813.1_1	GCF_000802245.2_WP_039651506.1	14.545	602	685	100	165	138	1	27	188	30	194	5.15e-05	54.7
lcl|NC_000962.3_prot_NP_215813.1_1	GCF_000732925.1_WP_038508904.1	57.825	602	657	100	607	249	2	1	602	53	657	0.0	667
lcl|NC_000962.3_prot_NP_215813.1_1	GCF_000222485.1_WP_014019233.1	37.355	602	603	93	605	327	6	35	593	5	603	0.0	667
lcl|NC_000962.3_prot_NP_215813.1_1	GCF_000022265.1_WP_012645774.1	50.594	602	415	69	421	199	3	176	593	1	415	0.0	667
lcl|NC_000962.3_prot_NP_215813.1_1	GCF_020616615.1_WP_011741637.1	71.176	602	621	100	621	160	3	1	602	1	621	0.0	667
lcl|NC_000962.3_prot_NP_215813.1_1	GCF_019933235.1_WP_086716399.1	51.530	602	680	100	621	279	4	1	602	62	679	0.0	667
lcl|NC_000962.3_prot_NP_215813.1_1	GCF_019933235.1_WP_086716399.1	15.217	602	680	100	184	156	0	29	212	31	214	1.98e-07	62.4
lcl|NC_000962.3_prot_NP_215813.1_1	GCF_014218275.1_WP_085814794.1	50.119	602	415	69	421	201	3	176	593	1	415	0.0	667
lcl|NC_000962.3_prot_NP_215813.1_1	GCF_002893765.1_WP_102994342.1	38.830	602	562	93	564	332	5	35	592	5	561	0.0	667
lcl|NC_000962.3_prot_NP_215813.1_1	GCF_000525635.1_WP_042223071.1	57.048	602	644	99	603	252	2	1	598	39	639	0.0	667
lcl|NC_000962.3_prot_NP_215813.1_1	GCF_022699385.1_WP_242754412.1	49.761	602	693	100	627	287	4	1	602	70	693	0.0	666
lcl|NC_000962.3_prot_NP_215813.1_1	GCF_022699385.1_WP_242754412.1	15.556	602	693	100	180	147	1	29	203	39	218	7.79e-10	70.1
lcl|NC_000962.3_prot_NP_215813.1_1	GCF_022370755.2_WP_240173361.1	63.982	602	656	100	658	179	4	1	602	1	656	0.0	666
lcl|NC_000962.3_prot_NP_215813.1_1	GCF_018069625.1_WP_211123648.1	51.735	602	711	99	634	265	4	1	596	74	704	0.0	666
lcl|NC_000962.3_prot_NP_215813.1_1	GCF_018069625.1_WP_211123648.1	17.500	602	711	99	200	162	1	12	208	26	225	6.49e-10	70.5
lcl|NC_000962.3_prot_NP_215813.1_1	GCF_011694815.1_WP_167027129.1	49.610	602	700	99	641	280	5	1	601	63	700	0.0	666
lcl|NC_000962.3_prot_NP_215813.1_1	GCF_011694815.1_WP_167027129.1	17.674	602	700	99	215	174	2	1	212	1	215	2.67e-12	77.8
lcl|NC_000962.3_prot_NP_215813.1_1	GCF_003589885.1_WP_119728842.1	52.106	602	647	98	641	255	3	4	595	5	642	0.0	666
lcl|NC_000962.3_prot_NP_215813.1_1	GCF_001913155.1_WP_068485978.1	38.968	602	543	93	562	317	5	35	593	5	543	0.0	666
lcl|NC_000962.3_prot_NP_215813.1_1	GCF_000830005.1_WP_041131244.1	52.097	602	688	100	620	276	4	1	602	72	688	0.0	666
lcl|NC_000962.3_prot_NP_215813.1_1	GCF_000830005.1_WP_041131244.1	17.544	602	688	100	171	141	0	4	174	16	186	1.92e-05	55.8
lcl|NC_000962.3_prot_NP_215813.1_1	GCF_027915275.1_WP_077406254.1	39.324	602	547	93	562	319	5	35	593	5	547	0.0	666
lcl|NC_000962.3_prot_NP_215813.1_1	GCF_019645815.1_WP_220696072.1	64.275	602	671	99	641	181	3	4	597	28	667	0.0	666
lcl|NC_000962.3_prot_NP_215813.1_1	GCF_013389455.1_WP_177734875.1	38.235	602	578	92	578	328	5	37	592	7	577	0.0	666
lcl|NC_000962.3_prot_NP_215813.1_1	GCF_010728325.1_WP_163677613.1	62.351	602	676	99	672	178	3	1	597	1	672	0.0	666
lcl|NC_000962.3_prot_NP_215813.1_1	GCF_010726505.1_WP_193465712.1	65.397	602	688	98	630	175	2	11	597	55	684	0.0	666
lcl|NC_000962.3_prot_NP_215813.1_1	GCF_009931655.1_WP_161890372.1	37.582	602	612	93	612	321	5	36	592	6	611	0.0	666
lcl|NC_000962.3_prot_NP_215813.1_1	GCF_003054555.1_WP_175313673.1	50.000	602	687	99	628	284	4	1	601	63	687	0.0	666
lcl|NC_000962.3_prot_NP_215813.1_1	GCF_003054555.1_WP_175313673.1	21.348	602	687	99	178	137	2	1	175	1	178	1.69e-09	68.9
lcl|NC_000962.3_prot_NP_215813.1_1	GCF_002993285.1_WP_105943797.1	62.046	602	621	100	606	221	3	1	602	21	621	0.0	666
lcl|NC_000962.3_prot_NP_215813.1_1	GCF_001543325.1_WP_068207105.1	36.505	602	576	93	578	340	7	35	592	5	575	0.0	666
lcl|NC_000962.3_prot_NP_215813.1_1	GCF_001310225.1_WP_054725497.1	39.037	602	554	93	561	327	5	35	592	5	553	0.0	666
lcl|NC_000962.3_prot_NP_215813.1_1	GCF_000195295.1_WP_041284178.1	49.406	602	415	69	421	204	3	176	593	1	415	0.0	666
lcl|NC_000962.3_prot_NP_215813.1_1	GCF_022026155.1_WP_237889936.1	48.931	602	415	69	421	206	3	176	593	1	415	0.0	665
lcl|NC_000962.3_prot_NP_215813.1_1	GCF_001975665.1_WP_068363450.1	39.037	602	552	93	561	325	5	35	592	5	551	0.0	665
lcl|NC_000962.3_prot_NP_215813.1_1	GCF_001697185.1_WP_068826231.1	39.750	602	549	93	561	318	5	35	592	5	548	0.0	665
lcl|NC_000962.3_prot_NP_215813.1_1	GCF_001605725.1_WP_043077150.1	63.265	602	646	99	637	195	3	1	598	1	637	0.0	665
lcl|NC_000962.3_prot_NP_215813.1_1	GCF_000009805.1_WP_011207582.1	61.039	602	681	99	616	225	2	1	601	66	681	0.0	665
lcl|NC_000962.3_prot_NP_215813.1_1	GCF_020310025.1_WP_225597804.1	36.286	602	585	93	587	338	5	35	592	5	584	0.0	665
lcl|NC_000962.3_prot_NP_215813.1_1	GCF_019599145.1_WP_220646526.1	49.841	602	683	100	630	280	3	1	602	62	683	0.0	665
lcl|NC_000962.3_prot_NP_215813.1_1	GCF_010731695.1_WP_134060848.1	63.284	602	670	100	670	178	3	1	602	1	670	0.0	665
lcl|NC_000962.3_prot_NP_215813.1_1	GCF_009914515.1_WP_083836963.1	61.626	602	615	94	615	184	2	40	602	1	615	0.0	665
lcl|NC_000962.3_prot_NP_215813.1_1	GCF_008704495.1_WP_055543568.1	51.858	602	678	100	619	278	4	1	602	62	677	0.0	665
lcl|NC_000962.3_prot_NP_215813.1_1	GCF_008704495.1_WP_055543568.1	18.129	602	678	100	171	138	2	1	169	1	171	5.72e-09	67.4
lcl|NC_000962.3_prot_NP_215813.1_1	GCF_007856155.1_WP_146482337.1	52.318	602	667	99	604	277	3	1	596	63	663	0.0	665
lcl|NC_000962.3_prot_NP_215813.1_1	GCF_007856155.1_WP_146482337.1	18.357	602	667	99	207	162	3	1	200	1	207	4.83e-06	57.7
lcl|NC_000962.3_prot_NP_215813.1_1	GCF_003260975.1_WP_112783971.1	37.397	602	606	93	607	325	4	35	592	5	605	0.0	665
lcl|NC_000962.3_prot_NP_215813.1_1	GCF_000153485.2_WP_015023054.1	36.394	602	598	93	599	332	7	36	592	6	597	0.0	665
lcl|NC_000962.3_prot_NP_215813.1_1	GCF_900603025.1_WP_005629152.1	63.101	602	674	99	645	188	2	8	602	30	674	0.0	665
lcl|NC_000962.3_prot_NP_215813.1_1	GCF_016313185.1_WP_193048293.1	62.009	602	687	100	687	176	3	1	602	1	687	0.0	665
lcl|NC_000962.3_prot_NP_215813.1_1	GCF_013394675.1_WP_178983680.1	38.070	602	568	93	570	334	5	35	592	5	567	0.0	665
lcl|NC_000962.3_prot_NP_215813.1_1	GCF_000468615.2_WP_029445435.1	38.569	602	572	93	573	329	5	35	591	5	570	0.0	665
lcl|NC_000962.3_prot_NP_215813.1_1	GCF_000265405.1_WP_014771245.1	36.333	602	597	93	600	334	6	35	593	5	597	0.0	665
lcl|NC_000962.3_prot_NP_215813.1_1	GCF_018986915.1_WP_183349279.1	50.119	602	415	69	421	201	3	176	593	1	415	0.0	664
lcl|NC_000962.3_prot_NP_215813.1_1	GCF_008704445.1_WP_055606484.1	50.158	602	693	100	634	281	4	1	602	63	693	0.0	664
lcl|NC_000962.3_prot_NP_215813.1_1	GCF_008704445.1_WP_055606484.1	17.692	602	693	100	130	107	0	27	156	30	159	1.01e-07	63.1
lcl|NC_000962.3_prot_NP_215813.1_1	GCF_003855095.1_WP_124707578.1	57.698	602	686	100	695	192	3	1	602	1	686	0.0	664
lcl|NC_000962.3_prot_NP_215813.1_1	GCF_000015045.1_WP_011736508.1	49.644	602	415	69	421	203	3	176	593	1	415	0.0	664
lcl|NC_000962.3_prot_NP_215813.1_1	GCF_000009765.2_WP_010984347.1	51.433	602	688	100	628	276	4	1	602	63	687	0.0	664
lcl|NC_000962.3_prot_NP_215813.1_1	GCF_000009765.2_WP_010984347.1	17.568	602	688	100	148	122	0	27	174	30	177	7.86e-05	53.9
lcl|NC_000962.3_prot_NP_215813.1_1	GCF_900637195.1_WP_048635290.1	58.807	602	704	100	704	188	5	1	602	1	704	0.0	664
lcl|NC_000962.3_prot_NP_215813.1_1	GCF_027947595.1_WP_271320381.1	49.687	602	697	100	638	282	5	1	602	63	697	0.0	664
lcl|NC_000962.3_prot_NP_215813.1_1	GCF_021596945.1_WP_236138849.1	36.964	602	604	93	606	329	6	35	593	5	604	0.0	664
lcl|NC_000962.3_prot_NP_215813.1_1	GCF_019968605.1_WP_223445208.1	37.973	602	580	93	582	330	5	35	592	5	579	0.0	664
lcl|NC_000962.3_prot_NP_215813.1_1	GCF_003970675.1_WP_126617543.1	37.438	602	598	93	601	329	5	34	593	4	598	0.0	664
lcl|NC_000962.3_prot_NP_215813.1_1	GCF_001013905.1_WP_029383389.1	50.715	602	687	100	629	279	4	1	602	63	687	0.0	664
lcl|NC_000962.3_prot_NP_215813.1_1	GCF_001013905.1_WP_029383389.1	20.769	602	687	100	130	103	0	29	158	32	161	1.39e-05	56.2
lcl|NC_000962.3_prot_NP_215813.1_1	GCF_000817955.1_WP_039740129.1	48.219	602	415	69	421	209	3	176	593	1	415	0.0	664
lcl|NC_000962.3_prot_NP_215813.1_1	GCF_000024385.1_WP_012854248.1	50.485	602	679	99	618	280	4	1	595	60	674	0.0	664
lcl|NC_000962.3_prot_NP_215813.1_1	GCF_000024385.1_WP_012854248.1	22.286	602	679	99	175	136	0	1	175	1	175	7.10e-10	70.1
lcl|NC_000962.3_prot_NP_215813.1_1	GCF_000020385.1_WP_012469098.1	48.456	602	415	69	421	208	3	176	593	1	415	0.0	664
lcl|NC_000962.3_prot_NP_215813.1_1	GCF_020783315.1_WP_262907882.1	39.643	602	540	93	560	309	6	36	592	6	539	0.0	664
lcl|NC_000962.3_prot_NP_215813.1_1	GCF_010092985.1_WP_162427558.1	36.052	602	606	93	613	325	5	35	592	5	605	0.0	664
lcl|NC_000962.3_prot_NP_215813.1_1	GCF_005943945.1_WP_138853240.1	38.434	602	528	93	562	305	6	35	593	5	528	0.0	664
lcl|NC_000962.3_prot_NP_215813.1_1	GCF_003344445.1_WP_067439671.1	50.965	602	680	100	622	281	4	1	602	63	680	0.0	664
lcl|NC_000962.3_prot_NP_215813.1_1	GCF_003148385.1_WP_109570101.1	38.938	602	563	92	565	327	6	37	592	7	562	0.0	664
lcl|NC_000962.3_prot_NP_215813.1_1	GCF_000217795.1_WP_041434929.1	47.685	602	427	71	432	216	4	166	593	2	427	0.0	664
lcl|NC_000962.3_prot_NP_215813.1_1	GCF_000183425.1_WP_013454911.1	38.681	602	526	93	561	301	5	35	592	5	525	0.0	664
lcl|NC_000962.3_prot_NP_215813.1_1	GCF_018736045.1_WP_169665735.1	37.782	602	574	93	577	336	4	34	593	4	574	0.0	663
lcl|NC_000962.3_prot_NP_215813.1_1	GCF_015689475.1_WP_069866852.1	51.027	602	710	99	633	270	4	1	596	74	703	0.0	663
lcl|NC_000962.3_prot_NP_215813.1_1	GCF_015689475.1_WP_069866852.1	17.483	602	710	99	143	118	0	29	171	43	185	4.64e-08	64.3
lcl|NC_000962.3_prot_NP_215813.1_1	GCF_009796285.1_WP_158924782.1	53.377	602	660	100	607	269	4	1	602	63	660	0.0	663
lcl|NC_000962.3_prot_NP_215813.1_1	GCF_001050135.1_WP_048640957.1	35.447	602	613	93	615	335	6	35	593	5	613	0.0	663
lcl|NC_000962.3_prot_NP_215813.1_1	GCF_019203205.1_WP_135869296.1	50.119	602	415	69	421	201	3	176	593	1	415	0.0	663
lcl|NC_000962.3_prot_NP_215813.1_1	GCF_015034585.1_WP_016189128.1	52.261	602	644	99	597	258	3	1	597	72	641	0.0	663
lcl|NC_000962.3_prot_NP_215813.1_1	GCF_004924335.1_WP_078328807.1	64.364	602	642	100	637	192	3	1	602	1	637	0.0	663
lcl|NC_000962.3_prot_NP_215813.1_1	GCF_019063885.1_WP_216499729.1	50.119	602	415	69	421	201	3	176	593	1	415	0.0	662
lcl|NC_000962.3_prot_NP_215813.1_1	GCF_014466955.1_WP_187684985.1	61.333	602	666	99	600	231	1	1	599	65	664	0.0	662
lcl|NC_000962.3_prot_NP_215813.1_1	GCF_011068285.1_WP_166248900.1	38.078	602	542	93	562	319	6	35	592	5	541	0.0	662
lcl|NC_000962.3_prot_NP_215813.1_1	GCF_003122365.1_WP_172607730.1	53.268	602	671	100	612	273	3	1	602	63	671	0.0	662
lcl|NC_000962.3_prot_NP_215813.1_1	GCF_003122365.1_WP_172607730.1	23.353	602	671	100	167	125	2	1	164	1	167	1.18e-05	56.6
lcl|NC_000962.3_prot_NP_215813.1_1	GCF_003097515.1_WP_206307188.1	52.883	602	666	100	607	278	3	1	602	63	666	0.0	662
lcl|NC_000962.3_prot_NP_215813.1_1	GCF_003097515.1_WP_206307188.1	20.419	602	666	100	191	149	2	1	188	1	191	3.25e-06	58.5
lcl|NC_000962.3_prot_NP_215813.1_1	GCF_000454025.1_WP_013229539.1	54.815	602	667	100	675	224	5	1	602	1	667	0.0	662
lcl|NC_000962.3_prot_NP_215813.1_1	GCF_000400635.2_WP_016336872.1	58.155	602	651	100	607	241	3	1	602	53	651	0.0	662
lcl|NC_000962.3_prot_NP_215813.1_1	GCF_900187145.1_WP_085261891.1	70.820	602	671	97	610	149	2	17	597	58	667	0.0	662
lcl|NC_000962.3_prot_NP_215813.1_1	GCF_026427415.1_WP_190101284.1	51.691	602	687	100	621	276	5	1	602	72	687	0.0	662
lcl|NC_000962.3_prot_NP_215813.1_1	GCF_026427415.1_WP_190101284.1	17.838	602	687	100	185	152	0	4	188	16	200	4.16e-05	54.7
lcl|NC_000962.3_prot_NP_215813.1_1	GCF_024752535.1_WP_135567664.1	49.681	602	692	100	626	288	3	1	602	70	692	0.0	662
lcl|NC_000962.3_prot_NP_215813.1_1	GCF_024752535.1_WP_135567664.1	15.075	602	692	100	199	151	1	28	208	38	236	5.74e-09	67.4
lcl|NC_000962.3_prot_NP_215813.1_1	GCF_023078355.1_WP_247451906.1	56.279	602	700	100	645	236	3	1	602	59	700	0.0	662
lcl|NC_000962.3_prot_NP_215813.1_1	GCF_023078355.1_WP_247451906.1	23.874	602	700	100	222	168	1	1	222	1	221	3.30e-16	90.5
lcl|NC_000962.3_prot_NP_215813.1_1	GCF_020042285.1_WP_224016853.1	37.500	602	534	93	560	315	5	36	592	6	533	0.0	662
lcl|NC_000962.3_prot_NP_215813.1_1	GCF_019880305.1_WP_030081237.1	50.000	602	689	100	630	284	3	1	602	62	688	0.0	662
lcl|NC_000962.3_prot_NP_215813.1_1	GCF_019880305.1_WP_030081237.1	17.143	602	689	100	210	172	2	1	208	1	210	2.87e-07	61.6
lcl|NC_000962.3_prot_NP_215813.1_1	GCF_017338855.1_WP_207165038.1	48.456	602	415	69	421	208	3	176	593	1	415	0.0	662
lcl|NC_000962.3_prot_NP_215813.1_1	GCF_002302475.1_WP_095897346.1	38.581	602	576	93	578	328	5	35	592	5	575	0.0	662
lcl|NC_000962.3_prot_NP_215813.1_1	GCF_001653755.1_WP_035328434.1	37.674	602	573	93	576	335	5	35	593	5	573	0.0	662
lcl|NC_000962.3_prot_NP_215813.1_1	GCF_000015305.1_WP_011781500.1	61.606	602	684	100	685	179	4	1	602	1	684	0.0	662
lcl|NC_000962.3_prot_NP_215813.1_1	GCF_000007985.2_WP_010943729.1	48.219	602	415	69	421	209	3	176	593	1	415	0.0	662
lcl|NC_000962.3_prot_NP_215813.1_1	GCF_028743515.1_WP_008238182.1	38.889	602	573	93	576	328	6	35	593	5	573	0.0	661
lcl|NC_000962.3_prot_NP_215813.1_1	GCF_004803875.1_WP_100210771.1	40.142	602	561	93	563	325	5	35	592	5	560	0.0	661
lcl|NC_000962.3_prot_NP_215813.1_1	GCF_000024785.1_WP_012833717.1	59.578	602	662	100	663	206	3	1	602	1	662	0.0	661
lcl|NC_000962.3_prot_NP_215813.1_1	GCF_023498005.1_WP_249587750.1	49.842	602	691	100	634	281	6	1	602	62	690	0.0	661
lcl|NC_000962.3_prot_NP_215813.1_1	GCF_023498005.1_WP_249587750.1	16.425	602	691	100	207	171	2	1	205	1	207	1.44e-12	78.5
lcl|NC_000962.3_prot_NP_215813.1_1	GCF_022814725.1_WP_243540787.1	50.467	602	427	71	428	203	3	167	591	2	423	0.0	661
lcl|NC_000962.3_prot_NP_215813.1_1	GCF_021391495.1_WP_186383304.1	56.364	602	658	99	660	227	5	1	601	1	658	0.0	661
lcl|NC_000962.3_prot_NP_215813.1_1	GCF_016865425.1_WP_203962500.1	53.171	602	673	99	615	268	3	1	597	60	672	0.0	661
lcl|NC_000962.3_prot_NP_215813.1_1	GCF_016865425.1_WP_203962500.1	16.895	602	673	99	219	179	1	1	216	1	219	1.44e-15	88.2
lcl|NC_000962.3_prot_NP_215813.1_1	GCF_000016745.1_WP_011940846.1	50.119	602	415	69	421	201	3	176	593	1	415	0.0	661
lcl|NC_000962.3_prot_NP_215813.1_1	GCF_019334125.1_WP_219111109.1	54.830	602	704	99	704	215	5	1	601	1	704	0.0	660
lcl|NC_000962.3_prot_NP_215813.1_1	GCF_018736065.1_WP_144073633.1	36.484	602	600	93	603	334	5	34	593	4	600	0.0	660
lcl|NC_000962.3_prot_NP_215813.1_1	GCF_014489615.1_WP_187742390.1	50.965	602	675	100	622	275	4	1	602	63	674	0.0	660
lcl|NC_000962.3_prot_NP_215813.1_1	GCF_014489615.1_WP_187742390.1	19.895	602	675	100	191	150	2	1	188	1	191	5.62e-07	60.8
lcl|NC_000962.3_prot_NP_215813.1_1	GCF_004001245.1_WP_127478440.1	50.708	602	418	69	424	197	4	176	593	1	418	0.0	660
lcl|NC_000962.3_prot_NP_215813.1_1	GCF_001889045.1_WP_072555532.1	39.037	602	553	93	561	326	5	35	592	5	552	0.0	660
lcl|NC_000962.3_prot_NP_215813.1_1	GCF_000691605.1_WP_038452042.1	51.074	602	417	69	419	196	3	176	591	1	413	0.0	660
lcl|NC_000962.3_prot_NP_215813.1_1	GCF_022385335.1_WP_239757282.1	50.558	602	680	100	627	277	3	1	602	62	680	0.0	660
lcl|NC_000962.3_prot_NP_215813.1_1	GCF_003966335.1_WP_126446438.1	39.085	602	566	93	568	329	5	35	592	5	565	0.0	660
lcl|NC_000962.3_prot_NP_215813.1_1	GCF_002356335.1_WP_096500012.1	64.557	602	636	100	632	193	4	1	602	1	631	0.0	660
lcl|NC_000962.3_prot_NP_215813.1_1	GCF_001611675.1_WP_068838339.1	38.554	602	637	96	581	348	3	15	592	62	636	0.0	660
lcl|NC_000962.3_prot_NP_215813.1_1	GCF_000943515.2_WP_044852436.1	56.190	602	680	100	630	246	4	1	602	53	680	0.0	660
lcl|NC_000962.3_prot_NP_215813.1_1	GCF_015710995.1_WP_055641324.1	49.688	602	699	100	640	281	4	1	602	63	699	0.0	660
lcl|NC_000962.3_prot_NP_215813.1_1	GCF_013744875.1_WP_181583302.1	60.000	602	682	99	620	227	2	1	601	65	682	0.0	660
lcl|NC_000962.3_prot_NP_215813.1_1	GCF_013343195.2_WP_011962876.1	37.907	602	583	92	583	328	6	37	592	7	582	0.0	660
lcl|NC_000962.3_prot_NP_215813.1_1	GCF_009299385.1_WP_109185387.1	48.113	602	705	100	636	292	5	1	602	74	705	0.0	660
lcl|NC_000962.3_prot_NP_215813.1_1	GCF_001547735.1_WP_068550731.1	50.835	602	413	69	419	197	3	178	593	1	413	0.0	660
lcl|NC_000962.3_prot_NP_215813.1_1	GCF_000014965.1_WP_041442153.1	47.981	602	415	69	421	210	3	176	593	1	415	0.0	660
lcl|NC_000962.3_prot_NP_215813.1_1	GCF_022807975.1_WP_255841765.1	40.036	602	554	93	562	322	5	35	593	5	554	0.0	659
lcl|NC_000962.3_prot_NP_215813.1_1	GCF_019222765.1_WP_218474383.1	57.143	602	714	99	651	227	2	1	601	66	714	0.0	659
lcl|NC_000962.3_prot_NP_215813.1_1	GCF_019222765.1_WP_218474383.1	20.614	602	714	99	228	172	2	1	219	1	228	1.95e-12	78.2
lcl|NC_000962.3_prot_NP_215813.1_1	GCF_017068375.1_WP_206012792.1	56.934	602	685	99	685	211	4	1	601	1	685	0.0	659
lcl|NC_000962.3_prot_NP_215813.1_1	GCF_014041935.1_WP_219851266.1	54.986	602	707	99	702	210	5	1	597	1	701	0.0	659
lcl|NC_000962.3_prot_NP_215813.1_1	GCF_007993795.1_WP_146833849.1	35.105	602	619	93	621	333	7	35	592	5	618	0.0	659
lcl|NC_000962.3_prot_NP_215813.1_1	GCF_003024155.1_WP_107012338.1	37.790	602	558	93	561	338	5	35	592	5	557	0.0	659
lcl|NC_000962.3_prot_NP_215813.1_1	GCF_002201795.1_WP_079558521.1	35.374	602	588	93	588	344	5	36	593	6	587	0.0	659
lcl|NC_000962.3_prot_NP_215813.1_1	GCF_022647665.1_WP_242329878.1	53.607	602	673	99	610	267	3	1	597	63	669	0.0	659
lcl|NC_000962.3_prot_NP_215813.1_1	GCF_022647665.1_WP_242329878.1	21.311	602	673	99	183	141	2	1	180	1	183	6.26e-09	67.0
lcl|NC_000962.3_prot_NP_215813.1_1	GCF_014701095.1_WP_190902596.1	52.427	602	677	100	618	275	3	1	602	63	677	0.0	659
lcl|NC_000962.3_prot_NP_215813.1_1	GCF_014701095.1_WP_190902596.1	16.763	602	677	100	173	143	1	27	199	30	201	3.51e-05	55.0
lcl|NC_000962.3_prot_NP_215813.1_1	GCF_003932715.1_WP_040914214.1	52.475	602	665	99	606	280	2	1	601	63	665	0.0	659
lcl|NC_000962.3_prot_NP_215813.1_1	GCF_003932715.1_WP_040914214.1	20.874	602	665	99	206	160	2	1	203	1	206	5.54e-05	54.3
lcl|NC_000962.3_prot_NP_215813.1_1	GCF_000220705.2_WP_095756850.1	50.715	602	697	100	629	280	6	1	602	71	696	0.0	659
lcl|NC_000962.3_prot_NP_215813.1_1	GCF_000220705.2_WP_095756850.1	18.405	602	697	100	163	133	0	29	191	40	202	1.75e-07	62.4
lcl|NC_000962.3_prot_NP_215813.1_1	GCF_000186265.1_WP_013549324.1	37.801	602	581	93	582	330	6	35	591	5	579	0.0	659
lcl|NC_000962.3_prot_NP_215813.1_1	GCF_027270315.1_WP_269661656.1	52.512	602	675	100	617	274	4	1	602	63	675	0.0	659
lcl|NC_000962.3_prot_NP_215813.1_1	GCF_023195775.1_WP_248434711.1	38.194	602	575	93	576	331	5	37	594	7	575	0.0	659
lcl|NC_000962.3_prot_NP_215813.1_1	GCF_015910445.1_WP_246530753.1	52.685	602	672	99	596	271	3	1	596	81	665	0.0	659
lcl|NC_000962.3_prot_NP_215813.1_1	GCF_015910445.1_WP_246530753.1	17.470	602	672	99	166	137	0	9	174	30	195	8.32e-09	66.6
lcl|NC_000962.3_prot_NP_215813.1_1	GCF_002056295.1_WP_080049255.1	50.235	602	421	70	426	200	4	176	595	1	420	0.0	659
lcl|NC_000962.3_prot_NP_215813.1_1	GCF_000014145.1_WP_011586943.1	37.456	602	573	93	574	337	5	35	592	5	572	0.0	659
lcl|NC_000962.3_prot_NP_215813.1_1	GCF_020542785.1_WP_005252947.1	59.935	602	695	99	619	230	2	1	601	77	695	0.0	658
lcl|NC_000962.3_prot_NP_215813.1_1	GCF_020542785.1_WP_005252947.1	21.778	602	695	99	225	159	2	1	208	1	225	1.00e-15	88.9
lcl|NC_000962.3_prot_NP_215813.1_1	GCF_008704515.1_WP_016824624.1	53.226	602	679	100	620	269	4	1	602	63	679	0.0	658
lcl|NC_000962.3_prot_NP_215813.1_1	GCF_003576455.2_WP_119408434.1	40.036	602	546	93	562	312	5	36	593	6	546	0.0	658
lcl|NC_000962.3_prot_NP_215813.1_1	GCF_001534645.1_WP_060382948.1	36.318	602	592	92	592	334	7	37	592	7	591	0.0	658
lcl|NC_000962.3_prot_NP_215813.1_1	GCF_000444875.1_WP_020942259.1	51.882	602	670	100	611	282	3	1	602	63	670	0.0	658
lcl|NC_000962.3_prot_NP_215813.1_1	GCF_018324685.1_WP_030448047.1	54.229	602	658	99	603	265	3	1	597	60	657	0.0	658
lcl|NC_000962.3_prot_NP_215813.1_1	GCF_014621655.1_WP_188319653.1	39.858	602	551	93	562	318	6	35	592	5	550	0.0	658
lcl|NC_000962.3_prot_NP_215813.1_1	GCF_001611795.1_WP_062929080.1	51.846	602	682	100	623	276	3	1	602	63	682	0.0	658
lcl|NC_000962.3_prot_NP_215813.1_1	GCF_001611795.1_WP_062929080.1	19.863	602	682	100	146	117	0	27	172	30	175	6.16e-07	60.8
lcl|NC_000962.3_prot_NP_215813.1_1	GCF_000455605.1_WP_014388556.1	39.506	602	564	93	567	326	6	35	592	5	563	0.0	658
lcl|NC_000962.3_prot_NP_215813.1_1	GCF_000184435.1_WP_013471177.1	59.195	602	696	100	696	190	5	1	602	1	696	0.0	658
lcl|NC_000962.3_prot_NP_215813.1_1	GCF_000012925.1_WP_004512348.1	48.219	602	415	69	421	209	3	176	593	1	415	0.0	658
lcl|NC_000962.3_prot_NP_215813.1_1	GCF_021172145.1_WP_231843594.1	37.221	602	583	92	583	332	6	37	592	7	582	0.0	657
lcl|NC_000962.3_prot_NP_215813.1_1	GCF_017068395.1_WP_206010542.1	60.129	602	691	99	622	227	2	1	601	70	691	0.0	657
lcl|NC_000962.3_prot_NP_215813.1_1	GCF_000015025.1_WP_041835324.1	52.365	602	669	99	613	270	5	1	596	58	665	0.0	657
lcl|NC_000962.3_prot_NP_215813.1_1	GCF_000015025.1_WP_041835324.1	16.564	602	669	99	163	131	1	12	169	5	167	1.10e-05	56.6
lcl|NC_000962.3_prot_NP_215813.1_1	GCF_900478115.1_WP_072700300.1	54.829	602	734	99	673	232	3	1	601	62	734	0.0	657
lcl|NC_000962.3_prot_NP_215813.1_1	GCF_900478115.1_WP_072700300.1	21.395	602	734	99	215	163	2	1	209	1	215	8.54e-17	92.4
lcl|NC_000962.3_prot_NP_215813.1_1	GCF_019397265.1_WP_020546700.1	51.227	602	665	99	611	270	4	1	595	61	659	0.0	657
lcl|NC_000962.3_prot_NP_215813.1_1	GCF_014697215.1_WP_190821608.1	56.406	602	653	99	601	257	3	2	601	57	653	0.0	657
lcl|NC_000962.3_prot_NP_215813.1_1	GCF_014697215.1_WP_190821608.1	18.957	602	653	99	211	162	3	1	206	1	207	2.85e-14	83.9
lcl|NC_000962.3_prot_NP_215813.1_1	GCF_014490055.1_WP_101377110.1	53.632	602	641	99	647	248	5	1	601	1	641	0.0	657
lcl|NC_000962.3_prot_NP_215813.1_1	GCF_011397855.1_WP_044400922.1	51.878	602	420	70	426	193	4	176	595	1	420	0.0	657
lcl|NC_000962.3_prot_NP_215813.1_1	GCF_002946835.1_WP_099499929.1	50.700	602	703	100	643	273	4	1	602	63	702	0.0	657
lcl|NC_000962.3_prot_NP_215813.1_1	GCF_002946835.1_WP_099499929.1	17.978	602	703	100	178	143	3	1	175	1	178	1.46e-08	65.8
lcl|NC_000962.3_prot_NP_215813.1_1	GCF_002263515.1_WP_043576982.1	55.109	602	661	99	597	262	2	2	598	68	658	0.0	657
lcl|NC_000962.3_prot_NP_215813.1_1	GCF_002263495.1_WP_017620930.1	52.588	602	669	99	599	280	2	1	598	71	666	0.0	657
lcl|NC_000962.3_prot_NP_215813.1_1	GCF_002263495.1_WP_017620930.1	15.033	602	669	99	153	130	0	20	172	31	183	1.04e-08	66.2
lcl|NC_000962.3_prot_NP_215813.1_1	GCF_000024125.1_WP_015754082.1	38.188	602	561	93	563	336	6	35	592	5	560	0.0	657
lcl|NC_000962.3_prot_NP_215813.1_1	GCF_900198195.1_WP_095074339.1	37.193	602	568	93	570	339	5	35	592	5	567	0.0	657
lcl|NC_000962.3_prot_NP_215813.1_1	GCF_021650975.2_WP_236456386.1	37.133	602	579	92	579	334	7	37	592	7	578	0.0	657
lcl|NC_000962.3_prot_NP_215813.1_1	GCF_015160855.1_WP_194040586.1	52.778	602	676	99	612	270	3	1	596	63	671	0.0	657
lcl|NC_000962.3_prot_NP_215813.1_1	GCF_014844295.1_WP_014166209.1	36.594	602	593	92	593	332	7	37	592	7	592	0.0	657
lcl|NC_000962.3_prot_NP_215813.1_1	GCF_007362295.1_WP_143982562.1	58.758	602	690	99	628	228	2	1	601	67	690	0.0	657
lcl|NC_000962.3_prot_NP_215813.1_1	GCF_007362295.1_WP_143982562.1	24.725	602	690	99	182	128	2	1	173	1	182	9.05e-11	73.1
lcl|NC_000962.3_prot_NP_215813.1_1	GCF_002117085.1_WP_085775204.1	38.407	602	563	93	565	334	5	35	592	5	562	0.0	657
lcl|NC_000962.3_prot_NP_215813.1_1	GCF_900187255.1_WP_066430094.1	37.608	602	574	93	577	335	6	35	593	5	574	0.0	656
lcl|NC_000962.3_prot_NP_215813.1_1	GCF_023038235.1_WP_134648524.1	48.471	602	421	70	425	207	4	175	593	3	421	0.0	656
lcl|NC_000962.3_prot_NP_215813.1_1	GCF_010731835.1_WP_275080522.1	66.722	602	618	100	604	193	3	1	602	21	618	0.0	656
lcl|NC_000962.3_prot_NP_215813.1_1	GCF_009688985.1_WP_155314054.1	48.694	602	415	69	421	207	3	176	593	1	415	0.0	656
lcl|NC_000962.3_prot_NP_215813.1_1	GCF_008728835.1_WP_151120390.1	48.585	602	418	69	424	206	4	176	593	1	418	0.0	656
lcl|NC_000962.3_prot_NP_215813.1_1	GCF_004214895.1_WP_028942380.1	52.123	602	419	69	424	191	4	176	593	1	418	0.0	656
lcl|NC_000962.3_prot_NP_215813.1_1	GCF_003574835.2_WP_243597519.1	50.980	602	639	97	612	267	3	16	597	28	636	0.0	656
lcl|NC_000962.3_prot_NP_215813.1_1	GCF_002568625.1_WP_082870892.1	60.033	602	673	99	608	236	2	1	601	66	673	0.0	656
lcl|NC_000962.3_prot_NP_215813.1_1	GCF_002568625.1_WP_082870892.1	26.136	602	673	99	176	124	2	1	170	1	176	3.92e-10	70.8
lcl|NC_000962.3_prot_NP_215813.1_1	GCF_001593605.1_WP_067542883.1	36.529	602	604	93	605	331	5	35	592	5	603	0.0	656
lcl|NC_000962.3_prot_NP_215813.1_1	GCF_000963865.1_WP_045801093.1	39.216	602	520	93	561	292	6	35	592	5	519	0.0	656
lcl|NC_000962.3_prot_NP_215813.1_1	GCF_016917755.1_WP_205366663.1	52.039	602	671	100	613	279	4	1	602	62	670	0.0	656
lcl|NC_000962.3_prot_NP_215813.1_1	GCF_016917755.1_WP_205366663.1	15.761	602	671	100	184	152	1	29	209	31	214	1.36e-05	56.2
lcl|NC_000962.3_prot_NP_215813.1_1	GCF_014764305.1_WP_106687067.1	38.859	602	548	93	561	322	5	35	592	5	547	0.0	656
lcl|NC_000962.3_prot_NP_215813.1_1	GCF_005377625.1_WP_137425796.1	48.219	602	415	69	421	209	3	176	593	1	415	0.0	656
lcl|NC_000962.3_prot_NP_215813.1_1	GCF_000067165.1_WP_012240541.1	49.406	602	415	69	421	204	3	176	593	1	415	0.0	656
lcl|NC_000962.3_prot_NP_215813.1_1	GCF_000024325.1_WP_015751292.1	48.456	602	415	69	421	208	3	176	593	1	415	0.0	656
lcl|NC_000962.3_prot_NP_215813.1_1	GCF_025402955.1_WP_261719459.1	51.053	602	670	100	617	278	4	1	602	63	670	0.0	655
lcl|NC_000962.3_prot_NP_215813.1_1	GCF_014274465.1_WP_186743500.1	51.069	602	416	69	421	197	3	176	593	1	415	0.0	655
lcl|NC_000962.3_prot_NP_215813.1_1	GCF_005849285.1_WP_138381214.1	49.645	602	418	69	423	201	4	176	592	1	417	0.0	655
lcl|NC_000962.3_prot_NP_215813.1_1	GCF_003721155.3_WP_225985810.1	49.216	602	661	100	638	288	3	1	602	21	658	0.0	655
lcl|NC_000962.3_prot_NP_215813.1_1	GCF_003721155.3_WP_225985810.1	18.132	602	661	100	182	149	0	40	221	1	182	7.18e-11	73.1
lcl|NC_000962.3_prot_NP_215813.1_1	GCF_001189295.1_WP_050429136.1	49.169	602	415	69	421	205	3	176	593	1	415	0.0	655
lcl|NC_000962.3_prot_NP_215813.1_1	GCF_000696345.2_WP_010221159.1	52.123	602	419	69	424	191	4	176	593	1	418	0.0	655
lcl|NC_000962.3_prot_NP_215813.1_1	GCF_000306675.2_WP_002746906.1	44.057	602	483	81	488	264	3	110	594	2	483	0.0	655
lcl|NC_000962.3_prot_NP_215813.1_1	GCF_018734325.1_WP_215583182.1	50.236	602	418	69	424	199	4	176	593	1	418	0.0	655
lcl|NC_000962.3_prot_NP_215813.1_1	GCF_018362975.1_WP_213557751.1	58.214	602	692	99	627	236	2	1	601	66	692	0.0	655
lcl|NC_000962.3_prot_NP_215813.1_1	GCF_018362975.1_WP_213557751.1	16.598	602	692	99	241	169	2	1	209	1	241	6.03e-11	73.5
lcl|NC_000962.3_prot_NP_215813.1_1	GCF_017639205.1_WP_189743109.1	50.467	602	696	100	642	275	3	1	602	58	696	0.0	655
lcl|NC_000962.3_prot_NP_215813.1_1	GCF_017639205.1_WP_189743109.1	20.130	602	696	100	154	123	0	12	165	10	163	6.17e-07	60.8
lcl|NC_000962.3_prot_NP_215813.1_1	GCF_016803985.1_WP_203215636.1	51.343	602	691	100	633	271	5	1	602	65	691	0.0	655
lcl|NC_000962.3_prot_NP_215813.1_1	GCF_016803985.1_WP_203215636.1	17.241	602	691	100	174	144	0	29	202	34	207	1.67e-06	59.3
lcl|NC_000962.3_prot_NP_215813.1_1	GCF_009688945.1_WP_155320223.1	48.333	602	415	69	420	208	3	176	592	1	414	0.0	655
lcl|NC_000962.3_prot_NP_215813.1_1	GCF_009498275.1_WP_153288587.1	50.238	602	692	100	631	282	3	1	602	64	691	0.0	655
lcl|NC_000962.3_prot_NP_215813.1_1	GCF_003330725.1_WP_114206569.1	52.257	602	416	69	421	192	3	176	593	1	415	0.0	655
lcl|NC_000962.3_prot_NP_215813.1_1	GCF_002257585.1_WP_094570206.1	39.432	602	540	93	563	312	5	34	593	4	540	0.0	655
lcl|NC_000962.3_prot_NP_215813.1_1	GCF_000827125.1_WP_040199042.1	49.644	602	415	69	421	203	3	176	593	1	415	0.0	655
lcl|NC_000962.3_prot_NP_215813.1_1	GCF_000092865.1_WP_013116297.1	50.582	602	658	99	601	293	2	1	597	43	643	0.0	655
lcl|NC_000962.3_prot_NP_215813.1_1	GCF_000013405.1_WP_011418582.1	49.644	602	415	69	421	203	3	176	593	1	415	0.0	655
lcl|NC_000962.3_prot_NP_215813.1_1	GCF_900231165.1_WP_099558408.1	49.061	602	421	70	426	205	4	174	593	2	421	0.0	655
lcl|NC_000962.3_prot_NP_215813.1_1	GCF_028622115.1_WP_273935486.1	53.834	602	691	100	626	263	3	1	602	67	690	0.0	655
lcl|NC_000962.3_prot_NP_215813.1_1	GCF_028622115.1_WP_273935486.1	17.621	602	691	100	227	167	3	1	207	1	227	7.68e-16	88.9
lcl|NC_000962.3_prot_NP_215813.1_1	GCF_012767755.2_WP_173176681.1	52.123	602	419	69	424	191	4	176	593	1	418	0.0	655
lcl|NC_000962.3_prot_NP_215813.1_1	GCF_009834025.1_WP_225983912.1	51.008	602	647	98	645	259	3	8	598	3	644	0.0	655
lcl|NC_000962.3_prot_NP_215813.1_1	GCF_004803895.1_WP_175434751.1	53.270	602	685	100	627	264	4	1	602	63	685	0.0	655
lcl|NC_000962.3_prot_NP_215813.1_1	GCF_004803895.1_WP_175434751.1	21.374	602	685	100	131	103	0	27	157	30	160	8.20e-05	53.9
lcl|NC_000962.3_prot_NP_215813.1_1	GCF_003312875.1_WP_113694172.1	54.315	602	673	99	672	229	5	1	597	1	669	0.0	655
lcl|NC_000962.3_prot_NP_215813.1_1	GCF_001190945.1_WP_052594258.1	49.278	602	667	100	623	295	3	1	602	44	666	0.0	655
lcl|NC_000962.3_prot_NP_215813.1_1	GCF_001190945.1_WP_052594258.1	18.947	602	667	100	190	154	0	19	208	3	192	1.45e-15	88.2
lcl|NC_000962.3_prot_NP_215813.1_1	GCF_000014005.1_WP_011524029.1	51.069	602	415	69	421	197	3	176	593	1	415	0.0	655
lcl|NC_000962.3_prot_NP_215813.1_1	GCF_021183645.1_WP_233065052.1	63.295	602	647	99	613	213	2	1	601	35	647	0.0	654
lcl|NC_000962.3_prot_NP_215813.1_1	GCF_015277775.1_WP_267239399.1	49.195	602	431	72	435	212	3	160	591	1	429	0.0	654
lcl|NC_000962.3_prot_NP_215813.1_1	GCF_010731755.1_WP_083027845.1	61.791	602	674	99	670	183	4	1	597	1	670	0.0	654
lcl|NC_000962.3_prot_NP_215813.1_1	GCF_003269425.1_WP_112377115.1	38.929	602	533	93	560	306	5	35	591	5	531	0.0	654
lcl|NC_000962.3_prot_NP_215813.1_1	GCF_001632805.1_WP_046252969.1	63.994	602	641	100	636	195	4	1	602	1	636	0.0	654
lcl|NC_000962.3_prot_NP_215813.1_1	GCF_000359525.1_WP_015507094.1	50.639	602	687	100	626	282	4	1	602	65	687	0.0	654
lcl|NC_000962.3_prot_NP_215813.1_1	GCF_000359525.1_WP_015507094.1	16.949	602	687	100	177	144	1	29	205	34	207	6.98e-07	60.4
lcl|NC_000962.3_prot_NP_215813.1_1	GCF_000062885.1_WP_143538360.1	55.779	602	604	99	597	248	2	2	598	21	601	0.0	654
lcl|NC_000962.3_prot_NP_215813.1_1	GCF_016028515.1_WP_011911776.1	51.887	602	419	69	424	192	4	176	593	1	418	0.0	654
lcl|NC_000962.3_prot_NP_215813.1_1	GCF_010729485.1_WP_085133772.1	66.007	602	695	99	606	197	1	1	597	86	691	0.0	654
lcl|NC_000962.3_prot_NP_215813.1_1	GCF_010729485.1_WP_085133772.1	24.194	602	695	99	248	162	1	1	222	1	248	1.76e-11	75.1
lcl|NC_000962.3_prot_NP_215813.1_1	GCF_008728855.1_WP_151179908.1	48.585	602	418	69	424	206	4	176	593	1	418	0.0	654
lcl|NC_000962.3_prot_NP_215813.1_1	GCF_006159205.1_WP_139065441.1	35.144	602	624	93	626	331	7	35	592	5	623	0.0	654
lcl|NC_000962.3_prot_NP_215813.1_1	GCF_003667725.1_WP_006311067.1	48.235	602	421	70	425	208	4	175	593	3	421	0.0	654
lcl|NC_000962.3_prot_NP_215813.1_1	GCF_003096035.1_WP_108778943.1	35.795	602	622	93	623	328	6	35	592	5	620	0.0	654
lcl|NC_000962.3_prot_NP_215813.1_1	GCF_002288525.1_WP_085939006.1	48.585	602	421	69	424	206	4	175	592	3	420	0.0	654
lcl|NC_000962.3_prot_NP_215813.1_1	GCF_000756505.1_WP_014789917.1	37.955	602	575	93	577	332	5	36	593	6	575	0.0	654
lcl|NC_000962.3_prot_NP_215813.1_1	GCF_000012885.1_WP_011342474.1	48.931	602	415	69	421	206	3	176	593	1	415	0.0	654
lcl|NC_000962.3_prot_NP_215813.1_1	GCF_900343145.1_WP_269458786.1	51.795	602	585	94	585	259	3	34	598	2	583	0.0	654
lcl|NC_000962.3_prot_NP_215813.1_1	GCF_020883495.1_WP_206366670.1	48.706	602	421	70	425	206	4	175	593	3	421	0.0	654
lcl|NC_000962.3_prot_NP_215813.1_1	GCF_019704135.1_WP_221249886.1	48.931	602	415	69	421	206	3	176	593	1	415	0.0	654
lcl|NC_000962.3_prot_NP_215813.1_1	GCF_018436245.1_WP_022709829.1	48.592	602	421	70	426	207	4	174	593	2	421	0.0	654
lcl|NC_000962.3_prot_NP_215813.1_1	GCF_016028635.1_WP_008568325.1	51.887	602	419	69	424	192	4	176	593	1	418	0.0	654
lcl|NC_000962.3_prot_NP_215813.1_1	GCF_014268755.2_WP_017902637.1	51.887	602	419	69	424	192	4	176	593	1	418	0.0	654
lcl|NC_000962.3_prot_NP_215813.1_1	GCF_013343005.1_WP_078482694.1	50.472	602	418	69	424	198	4	176	593	1	418	0.0	654
lcl|NC_000962.3_prot_NP_215813.1_1	GCF_010119975.1_WP_162444643.1	35.304	602	624	93	626	332	5	35	593	5	624	0.0	654
lcl|NC_000962.3_prot_NP_215813.1_1	GCF_008932245.1_WP_106407847.1	48.585	602	421	69	424	206	4	175	592	3	420	0.0	654
lcl|NC_000962.3_prot_NP_215813.1_1	GCF_007971025.1_WP_187359684.1	40.925	602	546	93	562	309	5	35	593	5	546	0.0	654
lcl|NC_000962.3_prot_NP_215813.1_1	GCF_003850565.1_WP_022641764.1	51.887	602	419	69	424	192	4	176	593	1	418	0.0	654
lcl|NC_000962.3_prot_NP_215813.1_1	GCF_003344925.1_WP_114678534.1	36.334	602	619	93	622	327	7	35	594	5	619	0.0	654
lcl|NC_000962.3_prot_NP_215813.1_1	GCF_002119845.1_WP_003589536.1	48.471	602	421	70	425	207	4	175	593	3	421	0.0	654
lcl|NC_000962.3_prot_NP_215813.1_1	GCF_002009335.2_WP_020876612.1	49.644	602	415	69	421	203	3	176	593	1	415	0.0	654
lcl|NC_000962.3_prot_NP_215813.1_1	GCF_001886715.1_WP_071926662.1	58.100	602	708	99	642	223	4	1	598	66	705	0.0	654
lcl|NC_000962.3_prot_NP_215813.1_1	GCF_001886715.1_WP_071926662.1	19.027	602	708	99	226	156	2	1	199	1	226	2.20e-11	75.1
lcl|NC_000962.3_prot_NP_215813.1_1	GCF_001664265.1_WP_088391233.1	48.471	602	421	70	425	207	4	175	593	3	421	0.0	654
lcl|NC_000962.3_prot_NP_215813.1_1	GCF_000697965.2_WP_089044254.1	48.235	602	421	70	425	208	4	175	593	3	421	0.0	654
lcl|NC_000962.3_prot_NP_215813.1_1	GCF_000218565.1_WP_012561559.1	49.061	602	421	70	426	205	4	174	593	2	421	0.0	654
lcl|NC_000962.3_prot_NP_215813.1_1	GCF_000092225.1_WP_013125902.1	55.130	602	653	99	653	229	3	1	595	1	647	0.0	654
lcl|NC_000962.3_prot_NP_215813.1_1	GCF_000022565.1_WP_015897571.1	51.544	602	416	69	421	195	3	176	593	1	415	0.0	654
lcl|NC_000962.3_prot_NP_215813.1_1	GCF_000016845.1_WP_006014450.1	48.826	602	421	70	426	206	4	174	593	2	421	0.0	654
lcl|NC_000962.3_prot_NP_215813.1_1	GCF_900637185.1_WP_051719374.1	60.488	602	680	99	615	229	2	1	601	66	680	0.0	653
lcl|NC_000962.3_prot_NP_215813.1_1	GCF_900637185.1_WP_051719374.1	20.561	602	680	99	214	164	1	1	208	1	214	9.19e-11	72.8
lcl|NC_000962.3_prot_NP_215813.1_1	GCF_018138105.1_WP_007698693.1	48.471	602	421	70	425	207	4	175	593	3	421	0.0	653
lcl|NC_000962.3_prot_NP_215813.1_1	GCF_013488225.1_WP_180939528.1	48.000	602	421	70	425	209	4	175	593	3	421	0.0	653
lcl|NC_000962.3_prot_NP_215813.1_1	GCF_010727475.1_WP_036440986.1	64.177	602	656	100	656	181	4	1	602	1	656	0.0	653
lcl|NC_000962.3_prot_NP_215813.1_1	GCF_009688965.1_WP_155307825.1	47.619	602	415	69	420	211	3	176	592	1	414	0.0	653
lcl|NC_000962.3_prot_NP_215813.1_1	GCF_004028015.1_WP_005110131.1	64.364	602	646	99	637	188	4	1	598	1	637	0.0	653
lcl|NC_000962.3_prot_NP_215813.1_1	GCF_003667905.1_WP_004444236.1	48.235	602	421	70	425	208	4	175	593	3	421	0.0	653
lcl|NC_000962.3_prot_NP_215813.1_1	GCF_003177055.1_WP_012709824.1	48.000	602	421	70	425	209	4	175	593	3	421	0.0	653
lcl|NC_000962.3_prot_NP_215813.1_1	GCF_002949635.1_WP_104362168.1	60.940	602	651	99	617	225	2	1	601	35	651	0.0	653
lcl|NC_000962.3_prot_NP_215813.1_1	GCF_002288185.1_WP_095685486.1	52.091	602	522	95	574	217	3	28	601	6	521	0.0	653
lcl|NC_000962.3_prot_NP_215813.1_1	GCF_002007565.1_WP_077994731.1	50.235	602	421	70	426	200	4	174	593	2	421	0.0	653
lcl|NC_000962.3_prot_NP_215813.1_1	GCF_001664385.1_WP_003571435.1	48.471	602	421	70	425	207	4	175	593	3	421	0.0	653
lcl|NC_000962.3_prot_NP_215813.1_1	GCF_000313175.2_WP_004462323.1	44.792	602	477	79	480	256	3	118	594	4	477	0.0	653
lcl|NC_000962.3_prot_NP_215813.1_1	GCF_000026105.1_WP_011536308.1	51.887	602	419	69	424	192	4	176	593	1	418	0.0	653
lcl|NC_000962.3_prot_NP_215813.1_1	GCF_000023465.1_WP_013070468.1	37.790	602	552	93	561	332	5	35	592	5	551	0.0	653
lcl|NC_000962.3_prot_NP_215813.1_1	GCF_000006765.1_NP_253926.1	52.123	602	419	69	424	191	4	176	593	1	418	0.0	653
lcl|NC_000962.3_prot_NP_215813.1_1	GCF_024734405.1_WP_224960377.1	52.727	602	657	100	660	251	7	1	602	1	657	0.0	653
lcl|NC_000962.3_prot_NP_215813.1_1	GCF_024346605.1_WP_011654069.1	48.471	602	421	70	425	207	4	175	593	3	421	0.0	653
lcl|NC_000962.3_prot_NP_215813.1_1	GCF_020025155.1_WP_223654102.1	50.000	602	421	70	426	201	4	176	595	1	420	0.0	653
lcl|NC_000962.3_prot_NP_215813.1_1	GCF_013402795.1_WP_179242477.1	38.968	602	530	93	562	304	5	35	593	5	530	0.0	653
lcl|NC_000962.3_prot_NP_215813.1_1	GCF_012277275.1_WP_168584039.1	46.165	602	712	100	691	283	5	1	602	21	711	0.0	653
lcl|NC_000962.3_prot_NP_215813.1_1	GCF_012277275.1_WP_168584039.1	19.412	602	712	100	170	137	0	40	209	1	170	3.59e-15	87.0
lcl|NC_000962.3_prot_NP_215813.1_1	GCF_010669145.1_WP_003492784.1	48.000	602	421	70	425	209	4	175	593	3	421	0.0	653
lcl|NC_000962.3_prot_NP_215813.1_1	GCF_002278035.1_WP_024898458.1	48.826	602	421	70	426	206	4	174	593	2	421	0.0	653
lcl|NC_000962.3_prot_NP_215813.1_1	GCF_001889105.1_WP_082911953.1	47.765	602	421	70	425	210	4	175	593	3	421	0.0	653
lcl|NC_000962.3_prot_NP_215813.1_1	GCF_001655245.1_WP_040541574.1	61.270	602	702	100	630	216	3	1	602	73	702	0.0	653
lcl|NC_000962.3_prot_NP_215813.1_1	GCF_001655245.1_WP_040541574.1	27.615	602	702	100	239	145	2	1	211	1	239	5.15e-14	83.2
lcl|NC_000962.3_prot_NP_215813.1_1	GCF_000973105.1_WP_013994115.1	38.968	602	557	93	562	331	5	35	593	5	557	0.0	653
lcl|NC_000962.3_prot_NP_215813.1_1	GCF_000007125.1_WP_002965128.1	48.826	602	421	70	426	206	4	174	593	2	421	0.0	653
lcl|NC_000962.3_prot_NP_215813.1_1	GCF_024666385.1_WP_183067342.1	50.157	602	692	100	638	279	4	1	602	58	692	0.0	652
lcl|NC_000962.3_prot_NP_215813.1_1	GCF_024666385.1_WP_183067342.1	16.667	602	692	100	150	125	0	12	161	10	159	8.54e-07	60.4
lcl|NC_000962.3_prot_NP_215813.1_1	GCF_023008245.1_WP_045967053.1	37.716	602	574	92	578	327	6	37	592	7	573	0.0	652
lcl|NC_000962.3_prot_NP_215813.1_1	GCF_017357225.1_WP_205918653.1	48.471	602	421	70	425	207	4	175	593	3	421	0.0	652
lcl|NC_000962.3_prot_NP_215813.1_1	GCF_015326295.1_WP_012091070.1	49.061	602	421	70	426	205	4	174	593	2	421	0.0	652
lcl|NC_000962.3_prot_NP_215813.1_1	GCF_011046895.1_WP_137133652.1	48.471	602	421	70	425	207	4	175	593	3	421	0.0	652
lcl|NC_000962.3_prot_NP_215813.1_1	GCF_008807375.1_WP_151138253.1	51.887	602	419	69	424	192	4	176	593	1	418	0.0	652
lcl|NC_000962.3_prot_NP_215813.1_1	GCF_008705135.1_WP_150483044.1	49.307	602	708	100	649	279	4	1	602	63	708	0.0	652
lcl|NC_000962.3_prot_NP_215813.1_1	GCF_008705135.1_WP_150483044.1	23.490	602	708	100	149	114	0	27	175	30	178	8.13e-06	57.0
lcl|NC_000962.3_prot_NP_215813.1_1	GCF_007971525.1_WP_147052135.1	39.254	602	544	93	563	313	6	36	593	6	544	0.0	652
lcl|NC_000962.3_prot_NP_215813.1_1	GCF_002355475.1_WP_003457524.1	52.123	602	419	69	424	191	4	176	593	1	418	0.0	652
lcl|NC_000962.3_prot_NP_215813.1_1	GCF_001293125.1_WP_053961528.1	56.300	602	634	96	627	225	3	19	596	2	628	0.0	652
lcl|NC_000962.3_prot_NP_215813.1_1	GCF_001267885.1_WP_053137099.1	50.625	602	699	100	640	275	4	1	602	63	699	0.0	652
lcl|NC_000962.3_prot_NP_215813.1_1	GCF_001267885.1_WP_053137099.1	16.766	602	699	100	167	136	2	1	164	1	167	7.86e-08	63.5
lcl|NC_000962.3_prot_NP_215813.1_1	GCF_000761155.1_WP_043192255.1	51.651	602	419	69	424	193	4	176	593	1	418	0.0	652
lcl|NC_000962.3_prot_NP_215813.1_1	GCF_000412675.1_WP_003253661.1	51.887	602	419	69	424	192	4	176	593	1	418	0.0	652
lcl|NC_000962.3_prot_NP_215813.1_1	GCF_000330885.1_WP_015341775.1	48.706	602	421	70	425	206	4	175	593	3	421	0.0	652
lcl|NC_000962.3_prot_NP_215813.1_1	GCF_025136295.1_WP_259781822.1	48.712	602	421	69	427	204	4	176	593	1	421	0.0	652
lcl|NC_000962.3_prot_NP_215813.1_1	GCF_021560075.1_WP_029886229.1	51.887	602	419	69	424	192	4	176	593	1	418	0.0	652
lcl|NC_000962.3_prot_NP_215813.1_1	GCF_019448235.1_WP_237690267.1	54.674	602	569	93	567	244	2	40	596	1	564	0.0	652
lcl|NC_000962.3_prot_NP_215813.1_1	GCF_018398475.1_WP_043863391.1	51.887	602	419	69	424	192	4	176	593	1	418	0.0	652
lcl|NC_000962.3_prot_NP_215813.1_1	GCF_003665435.1_WP_121547545.1	51.339	602	693	100	635	272	5	1	602	63	693	0.0	652
lcl|NC_000962.3_prot_NP_215813.1_1	GCF_003665435.1_WP_121547545.1	22.881	602	693	100	118	91	0	27	144	30	147	5.50e-05	54.3
lcl|NC_000962.3_prot_NP_215813.1_1	GCF_025118245.1_WP_105543315.1	48.826	602	421	70	426	206	4	174	593	2	421	0.0	652
lcl|NC_000962.3_prot_NP_215813.1_1	GCF_021172165.1_WP_231834764.1	36.379	602	591	92	591	334	5	37	592	7	590	0.0	652
lcl|NC_000962.3_prot_NP_215813.1_1	GCF_021117425.1_WP_231447156.1	48.418	602	680	99	632	289	2	2	596	40	671	0.0	652
lcl|NC_000962.3_prot_NP_215813.1_1	GCF_019669905.1_WP_054762345.1	50.236	602	418	69	424	199	4	176	593	1	418	0.0	652
lcl|NC_000962.3_prot_NP_215813.1_1	GCF_017377395.1_WP_207683511.1	49.048	602	415	69	420	205	3	176	592	1	414	0.0	652
lcl|NC_000962.3_prot_NP_215813.1_1	GCF_008195825.1_WP_149073788.1	41.103	602	529	93	562	289	5	36	593	6	529	0.0	652
lcl|NC_000962.3_prot_NP_215813.1_1	GCF_003627755.1_WP_004127423.1	48.471	602	421	70	425	207	4	175	593	3	421	0.0	652
lcl|NC_000962.3_prot_NP_215813.1_1	GCF_003595175.1_WP_119895417.1	51.651	602	419	69	424	193	4	176	593	1	418	0.0	652
lcl|NC_000962.3_prot_NP_215813.1_1	GCF_002764115.1_WP_027230937.1	48.592	602	421	70	426	207	4	174	593	2	421	0.0	652
lcl|NC_000962.3_prot_NP_215813.1_1	GCF_000818015.1_WP_043218278.1	51.887	602	419	69	424	192	4	176	593	1	418	0.0	652
lcl|NC_000962.3_prot_NP_215813.1_1	GCF_000348725.1_WP_041575362.1	51.190	602	414	69	420	195	4	176	592	1	413	0.0	652
lcl|NC_000962.3_prot_NP_215813.1_1	GCF_000284315.1_WP_014450193.1	48.104	602	416	70	422	210	3	176	594	1	416	0.0	652
lcl|NC_000962.3_prot_NP_215813.1_1	GCF_014692875.1_WP_169502042.1	38.014	602	576	93	584	329	5	33	593	3	576	0.0	651
lcl|NC_000962.3_prot_NP_215813.1_1	GCF_013488205.1_WP_180905125.1	39.964	602	549	93	563	316	7	35	593	5	549	0.0	651
lcl|NC_000962.3_prot_NP_215813.1_1	GCF_009662475.1_WP_010639222.1	48.585	602	418	69	424	206	4	176	593	1	418	0.0	651
lcl|NC_000962.3_prot_NP_215813.1_1	GCF_002736205.1_WP_099438998.1	38.743	602	565	93	573	327	6	34	593	4	565	0.0	651
lcl|NC_000962.3_prot_NP_215813.1_1	GCF_000967425.1_WP_139346276.1	48.235	602	421	70	425	208	4	175	593	3	421	0.0	651
lcl|NC_000962.3_prot_NP_215813.1_1	GCF_000828475.1_WP_045363822.1	50.469	602	421	70	426	199	4	174	593	2	421	0.0	651
lcl|NC_000962.3_prot_NP_215813.1_1	GCF_000346065.1_WP_010970587.1	47.529	602	421	70	425	211	4	175	593	3	421	0.0	651
lcl|NC_000962.3_prot_NP_215813.1_1	GCF_000264455.2_WP_014746923.1	49.647	602	419	69	425	201	4	176	593	1	419	0.0	651
lcl|NC_000962.3_prot_NP_215813.1_1	GCF_000214665.1_WP_013820897.1	50.000	602	418	69	424	200	4	176	593	1	418	0.0	651
lcl|NC_000962.3_prot_NP_215813.1_1	GCF_010450895.1_WP_099059781.1	48.000	602	421	70	425	209	4	175	593	3	421	0.0	651
lcl|NC_000962.3_prot_NP_215813.1_1	GCF_009498235.1_WP_153249706.1	49.764	602	418	69	424	201	4	176	593	1	418	0.0	651
lcl|NC_000962.3_prot_NP_215813.1_1	GCF_006337065.1_WP_139417565.1	51.031	602	730	97	582	274	2	15	596	145	715	0.0	651
lcl|NC_000962.3_prot_NP_215813.1_1	GCF_005862305.2_WP_012759538.1	48.235	602	421	70	425	208	4	175	593	3	421	0.0	651
lcl|NC_000962.3_prot_NP_215813.1_1	GCF_004797125.1_WP_136152357.1	39.726	602	582	93	584	319	6	35	592	5	581	0.0	651
lcl|NC_000962.3_prot_NP_215813.1_1	GCF_003966655.1_WP_012536268.1	48.113	602	418	69	424	208	4	176	593	1	418	0.0	651
lcl|NC_000962.3_prot_NP_215813.1_1	GCF_000816845.1_WP_022718404.1	48.235	602	421	70	425	208	4	175	593	3	421	0.0	651
lcl|NC_000962.3_prot_NP_215813.1_1	GCF_000242595.2_WP_014455971.1	37.416	602	593	98	596	356	6	8	594	2	589	0.0	651
lcl|NC_000962.3_prot_NP_215813.1_1	GCF_907165195.1_WP_258541184.1	38.339	602	565	93	566	335	5	35	592	5	564	0.0	650
lcl|NC_000962.3_prot_NP_215813.1_1	GCF_018623035.1_WP_214765679.1	48.200	602	693	99	639	287	3	1	597	43	679	0.0	650
lcl|NC_000962.3_prot_NP_215813.1_1	GCF_018623035.1_WP_214765679.1	19.672	602	693	99	183	144	1	40	219	23	205	1.63e-07	62.7
lcl|NC_000962.3_prot_NP_215813.1_1	GCF_018316655.1_WP_220562998.1	50.715	602	651	96	629	258	3	16	595	26	651	0.0	650
lcl|NC_000962.3_prot_NP_215813.1_1	GCF_003403095.1_WP_064787926.1	47.887	602	421	69	426	207	4	176	592	1	420	0.0	650
lcl|NC_000962.3_prot_NP_215813.1_1	GCF_003130795.1_WP_109325695.1	48.349	602	418	69	424	207	4	176	593	1	418	0.0	650
lcl|NC_000962.3_prot_NP_215813.1_1	GCF_003013675.1_WP_106851294.1	57.292	602	672	99	672	216	4	1	601	1	672	0.0	650
lcl|NC_000962.3_prot_NP_215813.1_1	GCF_002838765.1_WP_106647840.1	50.236	602	418	69	424	199	4	176	593	1	418	0.0	650
lcl|NC_000962.3_prot_NP_215813.1_1	GCF_002209125.2_WP_088607016.1	59.425	602	660	99	626	229	2	1	601	35	660	0.0	650
lcl|NC_000962.3_prot_NP_215813.1_1	GCF_002209125.2_WP_088607016.1	15.714	602	660	99	210	148	1	27	207	2	211	1.64e-08	65.8
lcl|NC_000962.3_prot_NP_215813.1_1	GCF_001701025.1_WP_065916456.1	52.827	602	670	99	672	244	5	1	601	1	670	0.0	650
lcl|NC_000962.3_prot_NP_215813.1_1	GCF_000024725.1_WP_013034599.1	47.642	602	418	69	424	210	4	176	593	1	418	0.0	650
lcl|NC_000962.3_prot_NP_215813.1_1	GCF_000017685.1_WP_012388037.1	47.872	602	467	78	470	236	3	128	594	4	467	0.0	650
lcl|NC_000962.3_prot_NP_215813.1_1	GCF_000016185.1_WP_012567946.1	49.065	602	422	69	428	202	4	176	593	1	422	0.0	650
lcl|NC_000962.3_prot_NP_215813.1_1	GCF_025264665.1_WP_260703812.1	51.306	602	416	69	421	196	3	176	593	1	415	0.0	650
lcl|NC_000962.3_prot_NP_215813.1_1	GCF_022836935.1_WP_244449942.1	48.592	602	421	70	426	207	4	174	593	2	421	0.0	650
lcl|NC_000962.3_prot_NP_215813.1_1	GCF_009363855.1_WP_152584617.1	50.000	602	421	70	426	201	4	174	593	2	421	0.0	650
lcl|NC_000962.3_prot_NP_215813.1_1	GCF_006874765.1_WP_004495959.1	44.057	602	483	81	488	264	3	110	594	2	483	0.0	650
lcl|NC_000962.3_prot_NP_215813.1_1	GCF_004168365.1_WP_242512332.1	39.716	602	558	92	564	325	6	40	594	1	558	0.0	650
lcl|NC_000962.3_prot_NP_215813.1_1	GCF_003952725.1_WP_126007388.1	48.122	602	421	70	426	209	4	174	593	2	421	0.0	650
lcl|NC_000962.3_prot_NP_215813.1_1	GCF_003555545.1_WP_119052498.1	39.046	602	561	93	566	325	5	36	592	6	560	0.0	650
lcl|NC_000962.3_prot_NP_215813.1_1	GCF_002844375.1_WP_101265315.1	48.706	602	420	69	425	204	4	176	592	1	419	0.0	650
lcl|NC_000962.3_prot_NP_215813.1_1	GCF_002209445.1_WP_088594388.1	39.216	602	553	93	561	325	5	35	592	5	552	0.0	650
lcl|NC_000962.3_prot_NP_215813.1_1	GCF_001278055.1_WP_053551895.1	49.406	602	415	69	421	204	3	176	593	1	415	0.0	650
lcl|NC_000962.3_prot_NP_215813.1_1	GCF_000785705.2_WP_036275080.1	49.764	602	418	69	424	201	4	176	593	1	418	0.0	650
lcl|NC_000962.3_prot_NP_215813.1_1	GCF_000632475.1_WP_014238917.1	48.349	602	418	69	424	207	4	176	593	1	418	0.0	650
lcl|NC_000962.3_prot_NP_215813.1_1	GCF_000183405.1_WP_013450421.1	48.931	602	413	69	421	204	4	176	593	1	413	0.0	650
lcl|NC_000962.3_prot_NP_215813.1_1	GCF_025998535.1_WP_267928819.1	47.981	602	415	69	421	210	3	176	593	1	415	0.0	650
lcl|NC_000962.3_prot_NP_215813.1_1	GCF_025200715.1_WP_027512263.1	48.235	602	421	70	425	208	4	175	593	3	421	0.0	650
lcl|NC_000962.3_prot_NP_215813.1_1	GCF_020886055.1_WP_229316903.1	40.320	602	561	93	563	324	5	35	592	5	560	0.0	650
lcl|NC_000962.3_prot_NP_215813.1_1	GCF_020885975.1_WP_229328975.1	39.229	602	561	93	571	319	5	35	592	5	560	0.0	650
lcl|NC_000962.3_prot_NP_215813.1_1	GCF_016132445.1_WP_228345579.1	49.650	602	422	70	429	203	5	176	598	1	422	0.0	650
lcl|NC_000962.3_prot_NP_215813.1_1	GCF_005860795.2_WP_138286875.1	48.000	602	421	70	425	209	4	175	593	3	421	0.0	650
lcl|NC_000962.3_prot_NP_215813.1_1	GCF_004135345.1_WP_245993382.1	49.922	602	650	96	643	258	4	24	602	2	644	0.0	650
lcl|NC_000962.3_prot_NP_215813.1_1	GCF_002355595.1_WP_231940467.1	38.356	602	577	92	584	323	5	40	593	1	577	0.0	650
lcl|NC_000962.3_prot_NP_215813.1_1	GCF_002007485.1_WP_078040476.1	50.000	602	421	70	426	201	4	174	593	2	421	0.0	650
lcl|NC_000962.3_prot_NP_215813.1_1	GCF_000801295.1_WP_043106839.1	47.877	602	420	69	424	209	4	176	593	1	418	0.0	650
lcl|NC_000962.3_prot_NP_215813.1_1	GCF_000731315.1_WP_151045343.1	48.000	602	421	70	425	209	4	175	593	3	421	0.0	650
lcl|NC_000962.3_prot_NP_215813.1_1	GCF_000517305.1_WP_025257997.1	51.651	602	419	69	424	193	4	176	593	1	418	0.0	650
lcl|NC_000962.3_prot_NP_215813.1_1	GCF_000300005.1_WP_014996355.1	48.349	602	419	69	424	207	4	176	593	1	418	0.0	650
lcl|NC_000962.3_prot_NP_215813.1_1	GCF_000178955.2_WP_014264422.1	51.069	602	416	69	421	197	3	176	593	1	415	0.0	650
lcl|NC_000962.3_prot_NP_215813.1_1	GCF_000143965.1_WP_043815129.1	49.645	602	417	69	423	202	4	176	593	1	417	0.0	650
lcl|NC_000962.3_prot_NP_215813.1_1	GCF_029030725.1_WP_009338589.1	49.061	602	421	70	426	205	4	174	593	2	421	0.0	649
lcl|NC_000962.3_prot_NP_215813.1_1	GCF_021310995.1_WP_112501108.1	47.765	602	421	70	425	210	4	175	593	3	421	0.0	649
lcl|NC_000962.3_prot_NP_215813.1_1	GCF_020844025.1_WP_215849858.1	48.113	602	418	69	424	208	4	176	593	1	418	0.0	649
lcl|NC_000962.3_prot_NP_215813.1_1	GCF_015099595.1_WP_064689459.1	55.969	602	714	99	645	240	3	1	601	70	714	0.0	649
lcl|NC_000962.3_prot_NP_215813.1_1	GCF_015099595.1_WP_064689459.1	16.667	602	714	99	264	168	2	1	212	1	264	1.51e-10	72.4
lcl|NC_000962.3_prot_NP_215813.1_1	GCF_006349365.1_WP_139948935.1	49.357	602	660	99	622	292	3	1	601	41	660	0.0	649
lcl|NC_000962.3_prot_NP_215813.1_1	GCF_006349365.1_WP_139948935.1	18.436	602	660	99	179	146	0	25	203	6	184	7.16e-12	76.6
lcl|NC_000962.3_prot_NP_215813.1_1	GCF_003584645.1_WP_119628385.1	48.349	602	418	69	424	207	4	176	593	1	418	0.0	649
lcl|NC_000962.3_prot_NP_215813.1_1	GCF_003325355.1_WP_114066332.1	36.289	602	604	93	609	327	7	36	593	6	604	0.0	649
lcl|NC_000962.3_prot_NP_215813.1_1	GCF_000012725.1_WP_011313437.1	49.765	602	421	70	426	202	4	174	593	2	421	0.0	649
lcl|NC_000962.3_prot_NP_215813.1_1	GCF_024360925.2_WP_255190304.1	50.000	602	418	69	424	200	4	176	593	1	418	0.0	649
lcl|NC_000962.3_prot_NP_215813.1_1	GCF_021184025.1_WP_233023980.1	49.531	602	421	70	426	203	4	174	593	2	421	0.0	649
lcl|NC_000962.3_prot_NP_215813.1_1	GCF_019891395.1_WP_025029315.1	48.826	602	421	70	426	206	4	174	593	2	421	0.0	649
lcl|NC_000962.3_prot_NP_215813.1_1	GCF_019285775.1_WP_246600591.1	59.740	602	668	99	616	232	3	1	601	54	668	0.0	649
lcl|NC_000962.3_prot_NP_215813.1_1	GCF_017377355.1_WP_207688426.1	48.333	602	415	69	420	208	3	176	592	1	414	0.0	649
lcl|NC_000962.3_prot_NP_215813.1_1	GCF_013374995.1_WP_027979976.1	51.415	602	419	69	424	194	4	176	593	1	418	0.0	649
lcl|NC_000962.3_prot_NP_215813.1_1	GCF_004421105.1_WP_134356615.1	47.406	602	418	69	424	211	4	176	593	1	418	0.0	649
lcl|NC_000962.3_prot_NP_215813.1_1	GCF_003130705.1_WP_109328685.1	57.820	602	709	99	633	235	2	1	601	77	709	0.0	649
lcl|NC_000962.3_prot_NP_215813.1_1	GCF_003130705.1_WP_109328685.1	20.000	602	709	99	230	163	3	1	209	1	230	1.83e-16	91.3
lcl|NC_000962.3_prot_NP_215813.1_1	GCF_002355335.1_WP_096351809.1	49.531	602	421	70	426	203	4	174	593	2	421	0.0	649
lcl|NC_000962.3_prot_NP_215813.1_1	GCF_002302495.1_WP_095897701.1	39.037	602	549	93	561	322	5	35	592	5	548	0.0	649
lcl|NC_000962.3_prot_NP_215813.1_1	GCF_002119765.1_WP_086087452.1	50.939	602	421	70	426	197	4	174	593	2	421	0.0	649
lcl|NC_000962.3_prot_NP_215813.1_1	GCF_001294575.1_WP_003438291.1	51.179	602	419	69	424	195	4	176	593	1	418	0.0	649
lcl|NC_000962.3_prot_NP_215813.1_1	GCF_000742835.1_WP_038466082.1	49.184	602	423	69	429	201	5	176	593	1	423	0.0	649
lcl|NC_000962.3_prot_NP_215813.1_1	GCF_000242635.2_WP_014680527.1	37.790	602	546	93	561	324	6	36	592	6	545	0.0	649
lcl|NC_000962.3_prot_NP_215813.1_1	GCF_000225955.1_WP_011391366.1	50.000	602	418	69	424	200	4	176	593	1	418	0.0	649
lcl|NC_000962.3_prot_NP_215813.1_1	GCF_000214175.1_WP_148262612.1	60.227	602	660	100	616	228	2	1	602	48	660	0.0	649
lcl|NC_000962.3_prot_NP_215813.1_1	GCF_000013885.1_WP_011508716.1	49.765	602	421	70	426	202	4	174	593	2	421	0.0	649
lcl|NC_000962.3_prot_NP_215813.1_1	GCF_900682675.2_WP_069898456.1	51.415	602	419	69	424	194	4	176	593	1	418	0.0	649
lcl|NC_000962.3_prot_NP_215813.1_1	GCF_029223885.1_WP_275786725.1	48.000	602	421	70	425	209	4	175	593	3	421	0.0	649
lcl|NC_000962.3_prot_NP_215813.1_1	GCF_027941755.1_WP_275687513.1	36.806	602	574	93	576	339	6	35	592	5	573	0.0	649
lcl|NC_000962.3_prot_NP_215813.1_1	GCF_025908395.1_WP_014176388.1	47.826	602	738	100	667	280	4	1	602	75	738	0.0	649
lcl|NC_000962.3_prot_NP_215813.1_1	GCF_025908395.1_WP_014176388.1	16.912	602	738	100	136	113	0	29	164	44	179	8.28e-06	57.0
lcl|NC_000962.3_prot_NP_215813.1_1	GCF_016806835.2_WP_201075697.1	47.877	602	418	69	424	209	4	176	593	1	418	0.0	649
lcl|NC_000962.3_prot_NP_215813.1_1	GCF_014524625.1_WP_007926725.1	51.415	602	419	69	424	194	4	176	593	1	418	0.0	649
lcl|NC_000962.3_prot_NP_215813.1_1	GCF_012849215.1_WP_169609741.1	39.823	602	560	93	565	331	3	32	593	2	560	0.0	649
lcl|NC_000962.3_prot_NP_215813.1_1	GCF_004786035.1_WP_025216061.1	51.179	602	419	69	424	195	4	176	593	1	418	0.0	649
lcl|NC_000962.3_prot_NP_215813.1_1	GCF_003433515.1_WP_027835820.1	48.826	602	421	70	426	206	4	174	593	2	421	0.0	649
lcl|NC_000962.3_prot_NP_215813.1_1	GCF_002868735.1_WP_094453654.1	46.963	602	422	69	428	211	4	176	593	1	422	0.0	649
lcl|NC_000962.3_prot_NP_215813.1_1	GCF_000730165.1_WP_004271485.1	49.061	602	420	69	426	203	4	176	593	1	420	0.0	649
lcl|NC_000962.3_prot_NP_215813.1_1	GCF_000513295.1_WP_024081463.1	48.585	602	418	69	424	206	4	176	593	1	418	0.0	649
lcl|NC_000962.3_prot_NP_215813.1_1	GCF_000233595.1_WP_006121431.1	49.647	602	419	70	425	202	4	176	594	1	419	0.0	649
lcl|NC_000962.3_prot_NP_215813.1_1	GCF_000190735.1_WP_013633139.1	40.285	602	532	93	561	298	5	36	593	6	532	0.0	649
lcl|NC_000962.3_prot_NP_215813.1_1	GCF_000166055.1_WP_013420280.1	49.765	602	421	70	426	202	4	174	593	2	421	0.0	649
lcl|NC_000962.3_prot_NP_215813.1_1	GCF_000023825.1_WP_015808876.1	36.349	602	615	98	608	348	8	2	593	31	615	0.0	649
lcl|NC_000962.3_prot_NP_215813.1_1	GCF_000017565.1_WP_012110151.1	48.235	602	422	70	425	208	4	175	593	4	422	0.0	649
lcl|NC_000962.3_prot_NP_215813.1_1	GCF_000009985.1_WP_011386897.1	48.349	602	418	69	424	207	4	176	593	1	418	0.0	649
lcl|NC_000962.3_prot_NP_215813.1_1	GCF_900560965.1_WP_011064156.1	51.415	602	419	69	424	194	4	176	593	1	418	0.0	648
lcl|NC_000962.3_prot_NP_215813.1_1	GCF_023821985.2_WP_235164419.1	36.111	602	611	93	612	331	7	36	593	6	611	0.0	648
lcl|NC_000962.3_prot_NP_215813.1_1	GCF_019613795.1_WP_220640001.1	35.520	602	622	93	625	331	6	35	594	5	622	0.0	648
lcl|NC_000962.3_prot_NP_215813.1_1	GCF_015377145.2_WP_047272818.1	51.179	602	419	69	424	195	4	176	593	1	418	0.0	648
lcl|NC_000962.3_prot_NP_215813.1_1	GCF_014216335.1_WP_185393417.1	48.686	602	708	100	647	284	3	1	602	65	708	0.0	648
lcl|NC_000962.3_prot_NP_215813.1_1	GCF_014216335.1_WP_185393417.1	13.369	602	708	100	187	158	1	29	211	34	220	3.28e-05	55.0
lcl|NC_000962.3_prot_NP_215813.1_1	GCF_007993755.1_WP_146960019.1	49.052	602	417	70	422	206	3	176	594	1	416	0.0	648
lcl|NC_000962.3_prot_NP_215813.1_1	GCF_003991975.1_WP_109703968.1	50.708	602	419	69	424	197	4	176	593	1	418	0.0	648
lcl|NC_000962.3_prot_NP_215813.1_1	GCF_003516145.1_WP_002725082.1	45.940	602	481	77	468	244	3	130	594	20	481	0.0	648
lcl|NC_000962.3_prot_NP_215813.1_1	GCF_003114835.2_WP_109018551.1	46.497	602	468	78	471	243	3	127	594	4	468	0.0	648
lcl|NC_000962.3_prot_NP_215813.1_1	GCF_001887775.1_WP_072283796.1	48.931	602	415	69	421	206	3	176	593	1	415	0.0	648
lcl|NC_000962.3_prot_NP_215813.1_1	GCF_001874645.1_WP_019694195.1	51.179	602	419	69	424	195	4	176	593	1	418	0.0	648
lcl|NC_000962.3_prot_NP_215813.1_1	GCF_000016285.1_WP_015917602.1	47.765	602	421	70	425	210	4	175	593	3	421	0.0	648
lcl|NC_000962.3_prot_NP_215813.1_1	GCF_022809775.1_WP_243545355.1	46.591	602	435	73	440	226	3	157	593	2	435	0.0	648
lcl|NC_000962.3_prot_NP_215813.1_1	GCF_020079945.1_WP_039381703.1	49.882	602	419	70	425	201	4	176	594	1	419	0.0	648
lcl|NC_000962.3_prot_NP_215813.1_1	GCF_015679185.1_WP_196098893.1	39.861	602	569	93	577	321	5	33	593	3	569	0.0	648
lcl|NC_000962.3_prot_NP_215813.1_1	GCF_015476275.1_WP_016783019.1	51.179	602	419	69	424	195	4	176	593	1	418	0.0	648
lcl|NC_000962.3_prot_NP_215813.1_1	GCF_013004005.1_WP_014132460.1	50.000	602	421	69	424	200	4	176	593	4	421	0.0	648
lcl|NC_000962.3_prot_NP_215813.1_1	GCF_012913625.1_WP_019862177.1	47.887	602	421	70	426	210	4	174	593	2	421	0.0	648
lcl|NC_000962.3_prot_NP_215813.1_1	GCF_010983895.1_WP_173765636.1	48.000	602	419	70	425	209	4	176	594	1	419	0.0	648
lcl|NC_000962.3_prot_NP_215813.1_1	GCF_010731615.1_WP_083029104.1	65.440	602	626	97	625	173	2	21	602	2	626	0.0	648
lcl|NC_000962.3_prot_NP_215813.1_1	GCF_009817885.1_WP_015344121.1	49.882	602	419	70	425	201	4	176	594	1	419	0.0	648
lcl|NC_000962.3_prot_NP_215813.1_1	GCF_003568845.1_WP_119679781.1	49.180	602	421	69	427	202	4	176	593	1	421	0.0	648
lcl|NC_000962.3_prot_NP_215813.1_1	GCF_002356035.1_WP_081985525.1	56.058	602	685	99	685	217	4	1	601	1	685	0.0	648
lcl|NC_000962.3_prot_NP_215813.1_1	GCF_002355415.1_WP_096463041.1	49.764	602	418	69	424	201	4	176	593	1	418	0.0	648
lcl|NC_000962.3_prot_NP_215813.1_1	GCF_002117145.1_WP_085784380.1	49.057	602	418	69	424	204	4	176	593	1	418	0.0	648
lcl|NC_000962.3_prot_NP_215813.1_1	GCF_001693385.1_WP_028348326.1	49.765	602	421	70	426	202	4	174	593	2	421	0.0	648
lcl|NC_000962.3_prot_NP_215813.1_1	GCF_001305595.1_WP_045581329.1	48.349	602	418	69	424	207	4	176	593	1	418	0.0	648
lcl|NC_000962.3_prot_NP_215813.1_1	GCF_000981765.1_WP_046562133.1	50.236	602	418	69	424	199	4	176	593	1	418	0.0	648
lcl|NC_000962.3_prot_NP_215813.1_1	GCF_000023285.1_WP_015782825.1	38.393	602	549	93	560	325	5	36	592	6	548	0.0	648
lcl|NC_000962.3_prot_NP_215813.1_1	GCF_000023125.1_WP_015814641.1	35.702	602	602	93	605	334	6	36	593	6	602	0.0	648
lcl|NC_000962.3_prot_NP_215813.1_1	GCF_000023065.1_WP_015879703.1	48.478	602	421	70	427	208	4	176	596	1	421	0.0	648
lcl|NC_000962.3_prot_NP_215813.1_1	GCF_000021905.1_WP_028316918.1	49.048	602	415	69	420	205	3	176	592	1	414	0.0	648
lcl|NC_000962.3_prot_NP_215813.1_1	GCF_900478135.1_WP_111741835.1	49.176	602	419	70	425	204	4	176	594	1	419	0.0	647
lcl|NC_000962.3_prot_NP_215813.1_1	GCF_028421465.1_WP_272260527.1	48.411	602	715	100	661	279	5	1	602	58	715	0.0	647
lcl|NC_000962.3_prot_NP_215813.1_1	GCF_028421465.1_WP_272260527.1	16.393	602	715	100	183	153	0	12	194	10	192	1.48e-07	62.7
lcl|NC_000962.3_prot_NP_215813.1_1	GCF_018388445.1_WP_207341666.1	48.056	602	699	99	643	287	5	1	597	43	684	0.0	647
lcl|NC_000962.3_prot_NP_215813.1_1	GCF_018388445.1_WP_207341666.1	18.878	602	699	99	196	131	1	40	207	23	218	2.23e-08	65.4
lcl|NC_000962.3_prot_NP_215813.1_1	GCF_017309585.1_WP_227814200.1	48.000	602	419	70	425	209	4	176	594	1	419	0.0	647
lcl|NC_000962.3_prot_NP_215813.1_1	GCF_014495845.1_WP_187968952.1	48.592	602	421	70	426	207	4	174	593	2	421	0.0	647
lcl|NC_000962.3_prot_NP_215813.1_1	GCF_014268445.2_WP_003229334.1	51.179	602	419	69	424	195	4	176	593	1	418	0.0	647
lcl|NC_000962.3_prot_NP_215813.1_1	GCF_009708955.1_WP_016210039.1	47.765	602	419	70	425	210	4	176	594	1	419	0.0	647
lcl|NC_000962.3_prot_NP_215813.1_1	GCF_009649915.1_WP_052285527.1	49.176	602	419	70	425	204	4	176	594	1	419	0.0	647
lcl|NC_000962.3_prot_NP_215813.1_1	GCF_005144635.2_WP_136921409.1	49.644	602	415	69	421	203	3	176	593	1	415	0.0	647
lcl|NC_000962.3_prot_NP_215813.1_1	GCF_003352185.1_WP_007951825.1	51.179	602	419	69	424	195	4	176	593	1	418	0.0	647
lcl|NC_000962.3_prot_NP_215813.1_1	GCF_003261575.2_WP_110276891.1	49.412	602	419	70	425	203	4	176	594	1	419	0.0	647
lcl|NC_000962.3_prot_NP_215813.1_1	GCF_003096015.2_WP_047782390.1	49.412	602	419	70	425	203	4	176	594	1	419	0.0	647
lcl|NC_000962.3_prot_NP_215813.1_1	GCF_002073495.2_WP_000179609.1	44.467	602	482	81	488	261	4	110	594	2	482	0.0	647
lcl|NC_000962.3_prot_NP_215813.1_1	GCF_001953055.1_WP_156892576.1	48.826	602	421	70	426	206	4	174	593	2	421	0.0	647
lcl|NC_000962.3_prot_NP_215813.1_1	GCF_001889125.1_WP_272481991.1	52.787	602	633	100	610	279	2	1	602	21	629	0.0	647
lcl|NC_000962.3_prot_NP_215813.1_1	GCF_001693515.2_WP_057834504.1	49.765	602	421	70	426	202	4	174	593	2	421	0.0	647
lcl|NC_000962.3_prot_NP_215813.1_1	GCF_000696675.2_WP_021344853.1	57.387	602	712	99	643	232	4	1	601	70	712	0.0	647
lcl|NC_000962.3_prot_NP_215813.1_1	GCF_000696675.2_WP_021344853.1	23.077	602	712	99	169	120	1	1	159	1	169	1.53e-10	72.4
lcl|NC_000962.3_prot_NP_215813.1_1	GCF_000017265.1_WP_012524078.1	44.885	602	474	79	479	252	4	121	593	2	474	0.0	647
lcl|NC_000962.3_prot_NP_215813.1_1	GCF_000007765.2_NP_821056.1	49.882	602	418	69	423	200	4	176	592	1	417	0.0	647
lcl|NC_000962.3_prot_NP_215813.1_1	GCF_900637795.1_WP_013598311.1	40.320	602	528	93	563	293	6	35	593	5	528	0.0	647
lcl|NC_000962.3_prot_NP_215813.1_1	GCF_900184295.1_WP_004886821.1	51.651	602	419	69	424	193	4	176	593	1	418	0.0	647
lcl|NC_000962.3_prot_NP_215813.1_1	GCF_017493175.3_WP_028341998.1	49.531	602	421	70	426	203	4	174	593	2	421	0.0	647
lcl|NC_000962.3_prot_NP_215813.1_1	GCF_015277875.1_WP_228480777.1	50.435	602	685	96	575	284	1	23	597	96	669	0.0	647
lcl|NC_000962.3_prot_NP_215813.1_1	GCF_015240255.1_WP_194215732.1	49.645	602	418	69	423	201	4	176	592	1	417	0.0	647
lcl|NC_000962.3_prot_NP_215813.1_1	GCF_013347285.1_WP_085086916.1	47.642	602	418	69	424	210	4	176	593	1	418	0.0	647
lcl|NC_000962.3_prot_NP_215813.1_1	GCF_008843145.1_WP_158047757.1	47.877	602	418	69	424	209	4	176	593	1	418	0.0	647
lcl|NC_000962.3_prot_NP_215813.1_1	GCF_007970805.1_WP_146789701.1	39.254	602	562	93	563	329	5	36	592	6	561	0.0	647
lcl|NC_000962.3_prot_NP_215813.1_1	GCF_004684345.1_WP_096758948.1	49.412	602	419	70	425	203	4	176	594	1	419	0.0	647
lcl|NC_000962.3_prot_NP_215813.1_1	GCF_003952345.1_WP_125971696.1	49.057	602	418	69	424	204	4	176	593	1	418	0.0	647
lcl|NC_000962.3_prot_NP_215813.1_1	GCF_003352165.1_WP_114911614.1	49.070	602	424	69	430	201	4	176	593	1	424	0.0	647
lcl|NC_000962.3_prot_NP_215813.1_1	GCF_003076475.1_WP_108738152.1	36.982	602	604	92	603	327	5	37	592	7	603	0.0	647
lcl|NC_000962.3_prot_NP_215813.1_1	GCF_003072645.1_WP_108652677.1	48.712	602	421	70	427	207	4	176	596	1	421	0.0	647
lcl|NC_000962.3_prot_NP_215813.1_1	GCF_001618865.1_WP_110174891.1	49.645	602	417	70	423	204	3	176	595	1	417	0.0	647
lcl|NC_000962.3_prot_NP_215813.1_1	GCF_001277175.1_WP_004386383.1	48.941	602	419	70	425	205	4	176	594	1	419	0.0	647
lcl|NC_000962.3_prot_NP_215813.1_1	GCF_000968535.2_WP_014150367.1	47.170	602	418	69	424	212	4	176	593	1	418	0.0	647
lcl|NC_000962.3_prot_NP_215813.1_1	GCF_000934565.1_WP_003176825.1	50.943	602	419	69	424	196	4	176	593	1	418	0.0	647
lcl|NC_000962.3_prot_NP_215813.1_1	GCF_000299335.2_WP_041025905.1	49.292	602	419	69	424	203	4	176	593	1	418	0.0	647
lcl|NC_000962.3_prot_NP_215813.1_1	GCF_000265425.1_WP_014786148.1	50.594	602	416	69	421	199	3	176	593	1	415	0.0	647
lcl|NC_000962.3_prot_NP_215813.1_1	GCF_000092925.1_WP_013168580.1	48.357	602	421	70	426	208	4	174	593	2	421	0.0	647
lcl|NC_000962.3_prot_NP_215813.1_1	GCF_000024545.1_WP_041624579.1	53.523	602	629	93	596	241	3	38	597	31	626	0.0	647
lcl|NC_000962.3_prot_NP_215813.1_1	GCF_000024005.1_WP_044217905.1	37.842	602	575	93	584	321	6	36	592	6	574	0.0	647
lcl|NC_000962.3_prot_NP_215813.1_1	GCF_000023545.1_WP_012763844.1	48.941	602	419	70	425	205	4	176	594	1	419	0.0	647
lcl|NC_000962.3_prot_NP_215813.1_1	GCF_025264625.1_WP_260793524.1	51.544	602	416	69	421	195	3	176	593	1	415	0.0	647
lcl|NC_000962.3_prot_NP_215813.1_1	GCF_023195735.1_WP_035895778.1	48.706	602	419	70	425	206	4	176	594	1	419	0.0	647
lcl|NC_000962.3_prot_NP_215813.1_1	GCF_019740355.2_WP_221833478.1	39.146	602	534	93	562	305	6	35	592	5	533	0.0	647
lcl|NC_000962.3_prot_NP_215813.1_1	GCF_019670005.1_WP_085215446.1	49.292	602	418	69	424	203	4	176	593	1	418	0.0	647
lcl|NC_000962.3_prot_NP_215813.1_1	GCF_017301615.1_WP_206708657.1	50.597	602	417	69	419	200	2	176	593	1	413	0.0	647
lcl|NC_000962.3_prot_NP_215813.1_1	GCF_014268275.3_WP_186754968.1	50.943	602	419	69	424	196	4	176	593	1	418	0.0	647
lcl|NC_000962.3_prot_NP_215813.1_1	GCF_014126615.1_WP_129334076.1	49.057	602	420	70	424	205	4	175	593	3	420	0.0	647
lcl|NC_000962.3_prot_NP_215813.1_1	GCF_013376455.1_WP_163300649.1	48.694	602	415	69	421	207	3	176	593	1	415	0.0	647
lcl|NC_000962.3_prot_NP_215813.1_1	GCF_013085545.1_WP_216367941.1	48.219	602	415	69	421	209	3	176	593	1	415	0.0	647
lcl|NC_000962.3_prot_NP_215813.1_1	GCF_012871055.1_WP_016841461.1	49.296	602	421	70	426	204	4	174	593	2	421	0.0	647
lcl|NC_000962.3_prot_NP_215813.1_1	GCF_012317585.1_WP_168719168.1	50.237	602	435	69	422	200	4	176	593	20	435	0.0	647
lcl|NC_000962.3_prot_NP_215813.1_1	GCF_011516645.4_WP_021078151.1	49.296	602	421	70	426	204	4	174	593	2	421	0.0	647
lcl|NC_000962.3_prot_NP_215813.1_1	GCF_009914055.1_WP_141177666.1	49.176	602	419	70	425	204	4	176	594	1	419	0.0	647
lcl|NC_000962.3_prot_NP_215813.1_1	GCF_007197575.1_WP_228266732.1	45.455	602	703	100	682	292	3	1	602	21	702	0.0	647
lcl|NC_000962.3_prot_NP_215813.1_1	GCF_007197575.1_WP_228266732.1	11.058	602	703	100	208	150	1	40	212	1	208	2.20e-07	62.0
lcl|NC_000962.3_prot_NP_215813.1_1	GCF_003600625.1_WP_240377827.1	39.543	602	562	92	569	320	7	40	592	1	561	0.0	647
lcl|NC_000962.3_prot_NP_215813.1_1	GCF_003367315.1_WP_108125714.1	50.591	602	418	69	423	197	4	176	592	1	417	0.0	647
lcl|NC_000962.3_prot_NP_215813.1_1	GCF_003233655.1_WP_111067476.1	47.642	602	418	69	424	210	4	176	593	1	418	0.0	647
lcl|NC_000962.3_prot_NP_215813.1_1	GCF_003070885.1_WP_108594873.1	52.963	602	728	90	540	253	1	57	596	174	712	0.0	647
lcl|NC_000962.3_prot_NP_215813.1_1	GCF_002355435.1_WP_096353468.1	39.572	602	538	93	561	308	5	36	593	6	538	0.0	647
lcl|NC_000962.3_prot_NP_215813.1_1	GCF_002028325.1_WP_017845130.1	50.943	602	419	69	424	196	4	176	593	1	418	0.0	647
lcl|NC_000962.3_prot_NP_215813.1_1	GCF_001729805.1_WP_008501566.1	48.471	602	419	70	425	207	4	176	594	1	419	0.0	647
lcl|NC_000962.3_prot_NP_215813.1_1	GCF_001612705.2_WP_008438874.1	50.943	602	419	69	424	196	4	176	593	1	418	0.0	647
lcl|NC_000962.3_prot_NP_215813.1_1	GCF_001594225.2_WP_011336486.1	50.943	602	419	69	424	196	4	176	593	1	418	0.0	647
lcl|NC_000962.3_prot_NP_215813.1_1	GCF_001443605.1_WP_057954047.1	37.345	602	564	93	565	341	5	36	593	6	564	0.0	647
lcl|NC_000962.3_prot_NP_215813.1_1	GCF_001022135.1_WP_023479599.1	48.941	602	419	70	425	205	4	176	594	1	419	0.0	647
lcl|NC_000962.3_prot_NP_215813.1_1	GCF_000014785.1_WP_011628118.1	48.821	602	418	69	424	205	4	176	593	1	418	0.0	647
lcl|NC_000962.3_prot_NP_215813.1_1	GCF_900635955.1_WP_126358040.1	48.706	602	419	70	425	206	4	176	594	1	419	0.0	646
lcl|NC_000962.3_prot_NP_215813.1_1	GCF_016599635.1_WP_007248148.1	51.415	602	419	69	424	194	4	176	593	1	418	0.0	646
lcl|NC_000962.3_prot_NP_215813.1_1	GCF_014189455.1_WP_095202590.1	47.887	602	421	70	426	210	4	174	593	2	421	0.0	646
lcl|NC_000962.3_prot_NP_215813.1_1	GCF_014189415.1_WP_068730228.1	49.765	602	421	70	426	202	4	174	593	2	421	0.0	646
lcl|NC_000962.3_prot_NP_215813.1_1	GCF_014169735.1_WP_010672370.1	48.244	602	421	70	427	209	4	176	596	1	421	0.0	646
lcl|NC_000962.3_prot_NP_215813.1_1	GCF_011009015.1_WP_163831486.1	50.236	602	419	69	424	199	4	176	593	1	418	0.0	646
lcl|NC_000962.3_prot_NP_215813.1_1	GCF_010093065.1_WP_202929129.1	38.609	602	575	93	575	329	5	36	592	6	574	0.0	646
lcl|NC_000962.3_prot_NP_215813.1_1	GCF_008727715.1_WP_024923280.1	48.122	602	421	70	426	209	4	174	593	2	421	0.0	646
lcl|NC_000962.3_prot_NP_215813.1_1	GCF_008329965.1_WP_149484752.1	40.142	602	619	93	563	318	5	36	593	70	618	0.0	646
lcl|NC_000962.3_prot_NP_215813.1_1	GCF_003515985.1_WP_027063767.1	49.412	602	419	70	425	203	4	176	594	1	419	0.0	646
lcl|NC_000962.3_prot_NP_215813.1_1	GCF_002393445.1_WP_008455558.1	48.706	602	419	70	425	206	4	176	594	1	419	0.0	646
lcl|NC_000962.3_prot_NP_215813.1_1	GCF_002288325.1_WP_223298697.1	50.683	602	569	97	586	234	3	12	597	35	565	0.0	646
lcl|NC_000962.3_prot_NP_215813.1_1	GCF_001305575.3_WP_062151686.1	48.821	602	418	69	424	205	4	176	593	1	418	0.0	646
lcl|NC_000962.3_prot_NP_215813.1_1	GCF_001302585.1_WP_054295217.1	54.501	602	670	99	611	262	3	1	597	58	666	0.0	646
lcl|NC_000962.3_prot_NP_215813.1_1	GCF_001302585.1_WP_054295217.1	22.396	602	670	99	192	147	1	1	192	1	190	8.63e-12	76.2
lcl|NC_000962.3_prot_NP_215813.1_1	GCF_000517405.1_WP_025244115.1	49.647	602	419	70	425	202	4	176	594	1	419	0.0	646
lcl|NC_000962.3_prot_NP_215813.1_1	GCF_000284415.1_WP_041794344.1	49.764	602	418	69	424	201	4	176	593	1	418	0.0	646
lcl|NC_000962.3_prot_NP_215813.1_1	GCF_000224675.1_WP_001054528.1	48.471	602	419	70	425	207	4	176	594	1	419	0.0	646
lcl|NC_000962.3_prot_NP_215813.1_1	GCF_000010085.1_WP_011412192.1	49.647	602	419	70	425	202	4	176	594	1	419	0.0	646
lcl|NC_000962.3_prot_NP_215813.1_1	GCF_000007805.1_WP_002551560.1	51.415	602	419	69	424	194	4	176	593	1	418	0.0	646
lcl|NC_000962.3_prot_NP_215813.1_1	GCF_025264645.1_WP_260737519.1	51.069	602	416	69	421	197	3	176	593	1	415	0.0	646
lcl|NC_000962.3_prot_NP_215813.1_1	GCF_024662015.1_WP_257766444.1	48.357	602	420	69	426	206	4	176	593	1	420	0.0	646
lcl|NC_000962.3_prot_NP_215813.1_1	GCF_024134545.1_WP_184370360.1	47.872	602	670	98	658	273	3	7	597	13	667	0.0	646
lcl|NC_000962.3_prot_NP_215813.1_1	GCF_019890955.1_WP_021506991.1	49.882	602	419	70	425	201	4	176	594	1	419	0.0	646
lcl|NC_000962.3_prot_NP_215813.1_1	GCF_017948305.1_WP_230476829.1	40.598	602	566	93	569	320	5	36	593	5	566	0.0	646
lcl|NC_000962.3_prot_NP_215813.1_1	GCF_016894445.1_WP_204664058.1	36.246	602	613	93	618	324	6	36	593	6	613	0.0	646
lcl|NC_000962.3_prot_NP_215813.1_1	GCF_014268585.2_WP_057712815.1	50.943	602	419	69	424	196	4	176	593	1	418	0.0	646
lcl|NC_000962.3_prot_NP_215813.1_1	GCF_013285305.1_WP_016973082.1	50.943	602	419	69	424	196	4	176	593	1	418	0.0	646
lcl|NC_000962.3_prot_NP_215813.1_1	GCF_008704535.1_WP_150517837.1	49.617	602	707	100	653	275	6	1	602	58	707	0.0	646
lcl|NC_000962.3_prot_NP_215813.1_1	GCF_008704535.1_WP_150517837.1	16.129	602	707	100	155	130	0	12	166	10	164	4.87e-05	54.7
lcl|NC_000962.3_prot_NP_215813.1_1	GCF_004331955.1_WP_131614963.1	48.941	602	421	70	425	205	4	174	592	2	420	0.0	646
lcl|NC_000962.3_prot_NP_215813.1_1	GCF_004114915.1_WP_028133442.1	49.765	602	421	70	426	202	4	174	593	2	421	0.0	646
lcl|NC_000962.3_prot_NP_215813.1_1	GCF_003258315.1_WP_111336810.1	48.449	602	415	69	419	207	3	176	591	1	413	0.0	646
lcl|NC_000962.3_prot_NP_215813.1_1	GCF_001708425.1_WP_003206716.1	50.943	602	419	69	424	196	4	176	593	1	418	0.0	646
lcl|NC_000962.3_prot_NP_215813.1_1	GCF_001708405.1_WP_068994090.1	50.000	602	418	69	424	200	4	176	593	1	418	0.0	646
lcl|NC_000962.3_prot_NP_215813.1_1	GCF_000262305.1_WP_002444150.1	48.941	602	419	70	425	205	4	176	594	1	419	0.0	646
lcl|NC_000962.3_prot_NP_215813.1_1	GCF_000240185.1_YP_005224430.1	48.706	602	419	70	425	206	4	176	594	1	419	0.0	646
lcl|NC_000962.3_prot_NP_215813.1_1	GCF_000069965.1_WP_004246354.1	49.882	602	419	70	425	201	4	176	594	1	419	0.0	646
lcl|NC_000962.3_prot_NP_215813.1_1	GCF_000020565.1_WP_012472465.1	38.104	602	512	92	559	288	5	36	591	6	509	0.0	646
lcl|NC_000962.3_prot_NP_215813.1_1	GCF_000018045.1_WP_002437993.1	48.706	602	419	70	425	206	4	176	594	1	419	0.0	646
lcl|NC_000962.3_prot_NP_215813.1_1	GCF_000005845.2_NP_418230.1	48.706	602	419	70	425	206	4	176	594	1	419	0.0	646
lcl|NC_000962.3_prot_NP_215813.1_1	GCF_902459485.1_WP_148340127.1	50.000	602	418	69	424	199	5	176	593	1	417	0.0	645
lcl|NC_000962.3_prot_NP_215813.1_1	GCF_018409545.1_WP_213380519.1	47.754	602	418	69	423	209	4	176	592	1	417	0.0	645
lcl|NC_000962.3_prot_NP_215813.1_1	GCF_015679265.1_WP_196105149.1	50.235	602	423	70	426	200	4	174	593	4	423	0.0	645
lcl|NC_000962.3_prot_NP_215813.1_1	GCF_014268695.2_WP_003177350.1	50.943	602	419	69	424	196	4	176	593	1	418	0.0	645
lcl|NC_000962.3_prot_NP_215813.1_1	GCF_014217765.1_WP_246442827.1	58.199	602	677	99	622	238	3	2	601	56	677	0.0	645
lcl|NC_000962.3_prot_NP_215813.1_1	GCF_014217765.1_WP_246442827.1	19.024	602	677	99	205	164	2	11	213	5	209	2.16e-14	84.3
lcl|NC_000962.3_prot_NP_215813.1_1	GCF_013358405.1_WP_175277725.1	49.176	602	421	70	425	204	4	174	592	2	420	0.0	645
lcl|NC_000962.3_prot_NP_215813.1_1	GCF_011290545.1_WP_166188528.1	50.000	602	423	70	426	201	4	174	593	4	423	0.0	645
lcl|NC_000962.3_prot_NP_215813.1_1	GCF_011045835.1_WP_023583649.1	49.647	602	419	70	425	202	4	176	594	1	419	0.0	645
lcl|NC_000962.3_prot_NP_215813.1_1	GCF_009930795.1_WP_161886021.1	50.500	602	849	98	600	287	2	12	602	249	847	0.0	645
lcl|NC_000962.3_prot_NP_215813.1_1	GCF_007858975.2_WP_042873323.1	48.941	602	419	70	425	205	4	176	594	1	419	0.0	645
lcl|NC_000962.3_prot_NP_215813.1_1	GCF_004359355.1_WP_011083462.1	49.765	602	421	70	426	202	4	174	593	2	421	0.0	645
lcl|NC_000962.3_prot_NP_215813.1_1	GCF_004116975.1_WP_064718547.1	49.882	602	419	70	425	201	4	176	594	1	419	0.0	645
lcl|NC_000962.3_prot_NP_215813.1_1	GCF_003722295.1_WP_010575427.1	44.376	602	484	81	489	263	3	109	594	2	484	0.0	645
lcl|NC_000962.3_prot_NP_215813.1_1	GCF_001661075.1_WP_007942421.1	50.943	602	419	69	424	196	4	176	593	1	418	0.0	645
lcl|NC_000962.3_prot_NP_215813.1_1	GCF_000960975.1_WP_144409479.1	48.235	602	421	70	425	208	4	175	593	3	421	0.0	645
lcl|NC_000962.3_prot_NP_215813.1_1	GCF_000344805.1_WP_015663367.1	49.531	602	421	70	426	203	4	174	593	2	421	0.0	645
lcl|NC_000962.3_prot_NP_215813.1_1	GCF_000264765.2_WP_005297111.1	49.176	602	419	70	425	204	4	176	594	1	419	0.0	645
lcl|NC_000962.3_prot_NP_215813.1_1	GCF_000023745.1_WP_013443047.1	48.235	602	419	70	425	208	4	176	594	1	419	0.0	645
lcl|NC_000962.3_prot_NP_215813.1_1	GCF_900324035.1_WP_122400261.1	49.765	602	421	70	426	202	4	174	593	2	421	0.0	645
lcl|NC_000962.3_prot_NP_215813.1_1	GCF_018736085.1_WP_215604313.1	49.765	602	421	70	426	202	4	174	593	2	421	0.0	645
lcl|NC_000962.3_prot_NP_215813.1_1	GCF_018316795.1_WP_212641315.1	52.500	602	663	99	600	273	4	1	597	70	660	0.0	645
lcl|NC_000962.3_prot_NP_215813.1_1	GCF_018316795.1_WP_212641315.1	20.725	602	663	99	193	153	0	5	197	15	207	4.54e-11	73.9
lcl|NC_000962.3_prot_NP_215813.1_1	GCF_016653615.1_WP_201091948.1	51.651	602	419	69	424	193	4	176	593	1	418	0.0	645
lcl|NC_000962.3_prot_NP_215813.1_1	GCF_011617105.1_WP_008815829.1	49.412	602	419	70	425	203	4	176	594	1	419	0.0	645
lcl|NC_000962.3_prot_NP_215813.1_1	GCF_009664085.1_WP_153973902.1	47.991	602	418	69	423	208	4	176	592	1	417	0.0	645
lcl|NC_000962.3_prot_NP_215813.1_1	GCF_004000605.1_WP_127565091.1	50.943	602	418	69	424	196	4	176	593	1	418	0.0	645
lcl|NC_000962.3_prot_NP_215813.1_1	GCF_003176915.1_WP_109997617.1	38.393	602	514	93	560	290	5	35	591	5	512	0.0	645
lcl|NC_000962.3_prot_NP_215813.1_1	GCF_002407485.1_WP_094039081.1	48.009	602	421	70	427	210	4	176	596	1	421	0.0	645
lcl|NC_000962.3_prot_NP_215813.1_1	GCF_002355535.1_WP_231951775.1	48.973	602	592	97	584	295	2	17	598	5	587	0.0	645
lcl|NC_000962.3_prot_NP_215813.1_1	GCF_001729245.1_WP_069606702.1	44.581	602	484	81	489	262	3	109	594	2	484	0.0	645
lcl|NC_000962.3_prot_NP_215813.1_1	GCF_001705075.2_WP_065969783.1	50.000	602	418	69	424	200	4	176	593	1	418	0.0	645
lcl|NC_000962.3_prot_NP_215813.1_1	GCF_000968175.1_WP_010845326.1	49.647	602	419	70	425	202	4	176	594	1	419	0.0	645
lcl|NC_000962.3_prot_NP_215813.1_1	GCF_000321415.2_WP_015260330.1	47.877	602	419	69	424	209	4	176	593	1	418	0.0	645
lcl|NC_000962.3_prot_NP_215813.1_1	GCF_000284275.1_WP_014438841.1	49.531	602	421	70	426	203	4	174	593	2	421	0.0	645
lcl|NC_000962.3_prot_NP_215813.1_1	GCF_000238255.3_WP_010562309.1	48.113	602	419	69	424	208	4	176	593	1	418	0.0	645
lcl|NC_000962.3_prot_NP_215813.1_1	GCF_000226295.1_WP_228374054.1	49.769	602	444	71	432	208	3	164	592	18	443	0.0	645
lcl|NC_000962.3_prot_NP_215813.1_1	GCF_000218895.1_WP_013929372.1	36.060	602	608	98	599	355	6	2	593	31	608	0.0	645
lcl|NC_000962.3_prot_NP_215813.1_1	GCF_000179915.2_WP_013567368.1	50.594	602	416	69	421	199	3	176	593	1	415	0.0	645
lcl|NC_000962.3_prot_NP_215813.1_1	GCF_000025065.1_WP_012886501.1	48.941	602	419	70	425	205	4	176	594	1	419	0.0	645
lcl|NC_000962.3_prot_NP_215813.1_1	GCF_000013705.1_WP_011480511.1	48.235	602	419	70	425	208	4	176	594	1	419	0.0	645
lcl|NC_000962.3_prot_NP_215813.1_1	GCF_000006945.2_NP_462807.1	48.706	602	419	70	425	206	4	176	594	1	419	0.0	645
lcl|NC_000962.3_prot_NP_215813.1_1	GCF_017743015.1_WP_099134202.1	49.647	602	419	70	425	202	4	176	594	1	419	0.0	645
lcl|NC_000962.3_prot_NP_215813.1_1	GCF_016584445.1_WP_011155864.1	50.000	602	421	70	426	201	4	174	593	2	421	0.0	645
lcl|NC_000962.3_prot_NP_215813.1_1	GCF_014892695.1_WP_193002830.1	48.712	602	421	70	427	207	4	176	596	1	421	0.0	645
lcl|NC_000962.3_prot_NP_215813.1_1	GCF_013414345.1_WP_179873864.1	48.589	602	702	99	638	287	3	2	599	61	697	0.0	645
lcl|NC_000962.3_prot_NP_215813.1_1	GCF_013414345.1_WP_179873864.1	18.478	602	702	99	184	147	1	20	203	20	200	1.31e-08	66.2
lcl|NC_000962.3_prot_NP_215813.1_1	GCF_004114935.1_WP_128930505.1	49.531	602	421	70	426	203	4	174	593	2	421	0.0	645
lcl|NC_000962.3_prot_NP_215813.1_1	GCF_003967035.1_WP_126539785.1	37.000	602	591	99	600	362	6	1	593	1	591	0.0	645
lcl|NC_000962.3_prot_NP_215813.1_1	GCF_003015165.1_WP_041206691.1	48.478	602	421	70	427	208	4	176	596	1	421	0.0	645
lcl|NC_000962.3_prot_NP_215813.1_1	GCF_001889445.1_WP_025285646.1	48.605	602	424	69	430	203	4	176	593	1	424	0.0	645
lcl|NC_000962.3_prot_NP_215813.1_1	GCF_000364725.1_WP_013975458.1	48.936	602	419	69	423	204	4	176	592	1	417	0.0	645
lcl|NC_000962.3_prot_NP_215813.1_1	GCF_000300235.2_WP_007088512.1	48.235	602	420	69	425	206	4	176	592	1	419	0.0	645
lcl|NC_000962.3_prot_NP_215813.1_1	GCF_000196615.1_WP_013200233.1	49.882	602	419	70	425	201	4	176	594	1	419	0.0	645
lcl|NC_000962.3_prot_NP_215813.1_1	GCF_000196475.1_WP_015836218.1	48.941	602	419	70	425	205	4	176	594	1	419	0.0	645
lcl|NC_000962.3_prot_NP_215813.1_1	GCF_000196155.1_WP_011148733.1	48.941	602	419	70	425	205	4	176	594	1	419	0.0	645
lcl|NC_000962.3_prot_NP_215813.1_1	GCF_000143085.1_WP_013219598.1	47.642	602	418	69	424	210	4	176	593	1	418	0.0	645
lcl|NC_000962.3_prot_NP_215813.1_1	GCF_000026185.1_WP_012439962.1	49.882	602	419	70	425	201	4	176	594	1	419	0.0	645
lcl|NC_000962.3_prot_NP_215813.1_1	GCF_000012805.1_WP_004269132.1	47.877	602	418	69	424	209	4	176	593	1	418	0.0	645
lcl|NC_000962.3_prot_NP_215813.1_1	GCF_000009365.1_WP_007151393.1	48.821	602	419	69	424	205	4	176	593	1	418	0.0	645
lcl|NC_000962.3_prot_NP_215813.1_1	GCF_902387845.1_WP_004234397.1	49.176	602	419	70	425	204	4	176	594	1	419	0.0	644
lcl|NC_000962.3_prot_NP_215813.1_1	GCF_900637545.1_WP_033132515.1	48.478	602	421	70	427	208	4	176	596	1	421	0.0	644
lcl|NC_000962.3_prot_NP_215813.1_1	GCF_020342335.1_WP_067434659.1	49.647	602	419	70	425	202	4	176	594	1	419	0.0	644
lcl|NC_000962.3_prot_NP_215813.1_1	GCF_020181655.1_WP_225086126.1	48.941	602	419	70	425	205	4	176	594	1	419	0.0	644
lcl|NC_000962.3_prot_NP_215813.1_1	GCF_017329545.1_WP_047887300.1	48.706	602	419	70	425	206	4	176	594	1	419	0.0	644
lcl|NC_000962.3_prot_NP_215813.1_1	GCF_016807805.1_WP_203195100.1	49.180	602	422	70	427	204	4	174	593	2	422	0.0	644
lcl|NC_000962.3_prot_NP_215813.1_1	GCF_015482775.1_WP_213160716.1	50.235	602	427	70	426	200	4	174	593	8	427	0.0	644
lcl|NC_000962.3_prot_NP_215813.1_1	GCF_010669125.1_WP_163075178.1	48.357	602	421	70	426	208	4	174	593	2	421	0.0	644
lcl|NC_000962.3_prot_NP_215813.1_1	GCF_009756665.1_WP_133588176.1	49.882	602	419	70	425	201	4	176	594	1	419	0.0	644
lcl|NC_000962.3_prot_NP_215813.1_1	GCF_002393505.1_WP_004915469.1	49.764	602	419	69	424	201	4	176	593	1	418	0.0	644
lcl|NC_000962.3_prot_NP_215813.1_1	GCF_002288545.1_WP_010283881.1	49.176	602	419	70	425	204	4	176	594	1	419	0.0	644
lcl|NC_000962.3_prot_NP_215813.1_1	GCF_002288065.1_WP_095673149.1	50.953	602	522	96	577	226	3	25	601	2	521	0.0	644
lcl|NC_000962.3_prot_NP_215813.1_1	GCF_002266435.2_WP_008133567.1	49.765	602	421	70	426	202	4	174	593	2	421	0.0	644
lcl|NC_000962.3_prot_NP_215813.1_1	GCF_002101395.1_WP_038628983.1	49.412	602	419	70	425	203	4	176	594	1	419	0.0	644
lcl|NC_000962.3_prot_NP_215813.1_1	GCF_001889605.1_WP_114579908.1	48.357	602	421	70	426	208	4	174	593	2	421	0.0	644
lcl|NC_000962.3_prot_NP_215813.1_1	GCF_001006005.1_WP_021181558.1	49.647	602	419	70	425	202	4	176	594	1	419	0.0	644
lcl|NC_000962.3_prot_NP_215813.1_1	GCF_000968195.1_WP_045968130.1	49.647	602	419	70	425	202	4	176	594	1	419	0.0	644
lcl|NC_000962.3_prot_NP_215813.1_1	GCF_000828815.1_WP_041062510.1	49.412	602	419	70	425	203	4	176	594	1	419	0.0	644
lcl|NC_000962.3_prot_NP_215813.1_1	GCF_000740965.1_WP_011095682.1	49.647	602	419	70	425	202	4	176	594	1	419	0.0	644
lcl|NC_000962.3_prot_NP_215813.1_1	GCF_000279145.1_WP_014854693.1	50.119	602	415	69	421	201	3	176	593	1	415	0.0	644
lcl|NC_000962.3_prot_NP_215813.1_1	GCF_000023565.1_WP_012767940.1	48.941	602	419	70	425	205	4	176	594	1	419	0.0	644
lcl|NC_000962.3_prot_NP_215813.1_1	GCF_914590485.1_WP_131911099.1	48.349	602	419	69	424	207	4	176	593	1	418	0.0	644
lcl|NC_000962.3_prot_NP_215813.1_1	GCF_900475855.1_WP_068439727.1	49.292	602	419	69	424	203	4	176	593	1	418	0.0	644
lcl|NC_000962.3_prot_NP_215813.1_1	GCF_900217235.1_WP_097013285.1	45.415	602	453	76	458	241	3	139	593	2	453	0.0	644
lcl|NC_000962.3_prot_NP_215813.1_1	GCF_026001925.1_WP_105903688.1	49.412	602	419	70	425	203	4	176	594	1	419	0.0	644
lcl|NC_000962.3_prot_NP_215813.1_1	GCF_025562755.1_WP_262601029.1	50.000	602	419	69	424	200	4	176	593	1	418	0.0	644
lcl|NC_000962.3_prot_NP_215813.1_1	GCF_019623905.1_WP_220661635.1	48.122	602	423	70	426	209	4	174	593	4	423	0.0	644
lcl|NC_000962.3_prot_NP_215813.1_1	GCF_019552185.1_WP_004916680.1	38.095	602	564	93	567	336	5	35	593	5	564	0.0	644
lcl|NC_000962.3_prot_NP_215813.1_1	GCF_016925615.1_WP_239678032.1	52.707	602	634	97	628	248	3	17	597	8	633	0.0	644
lcl|NC_000962.3_prot_NP_215813.1_1	GCF_016026615.1_WP_042656764.1	48.478	602	421	70	427	208	4	176	596	1	421	0.0	644
lcl|NC_000962.3_prot_NP_215813.1_1	GCF_015689195.1_WP_180743812.1	48.941	602	419	70	425	205	4	176	594	1	419	0.0	644
lcl|NC_000962.3_prot_NP_215813.1_1	GCF_013752735.1_WP_014490793.1	49.531	602	421	70	426	203	4	174	593	2	421	0.0	644
lcl|NC_000962.3_prot_NP_215813.1_1	GCF_011617705.1_WP_166825246.1	50.000	602	666	99	618	286	3	2	596	40	657	0.0	644
lcl|NC_000962.3_prot_NP_215813.1_1	GCF_011617245.1_WP_166971381.1	49.287	602	678	99	631	283	3	2	596	40	669	0.0	644
lcl|NC_000962.3_prot_NP_215813.1_1	GCF_011617245.1_WP_166971381.1	15.344	602	678	99	189	160	0	23	211	2	190	1.43e-10	72.4
lcl|NC_000962.3_prot_NP_215813.1_1	GCF_009789575.1_WP_158194243.1	48.712	602	422	70	427	206	4	174	593	2	422	0.0	644
lcl|NC_000962.3_prot_NP_215813.1_1	GCF_005484965.1_WP_009111025.1	49.647	602	419	70	425	202	4	176	594	1	419	0.0	644
lcl|NC_000962.3_prot_NP_215813.1_1	GCF_004114975.1_WP_092289654.1	49.531	602	421	70	426	203	4	174	593	2	421	0.0	644
lcl|NC_000962.3_prot_NP_215813.1_1	GCF_003935895.2_WP_110512138.1	49.176	602	419	70	425	204	4	176	594	1	419	0.0	644
lcl|NC_000962.3_prot_NP_215813.1_1	GCF_003710105.1_WP_122825427.1	53.744	602	627	99	601	275	2	1	601	21	618	0.0	644
lcl|NC_000962.3_prot_NP_215813.1_1	GCF_002843235.3_WP_004906109.1	49.764	602	419	69	424	201	4	176	593	1	418	0.0	644
lcl|NC_000962.3_prot_NP_215813.1_1	GCF_002257545.1_WP_010319292.1	48.941	602	419	70	425	205	4	176	594	1	419	0.0	644
lcl|NC_000962.3_prot_NP_215813.1_1	GCF_001678905.1_WP_065248024.1	49.676	602	630	94	618	258	3	32	596	6	623	0.0	644
lcl|NC_000962.3_prot_NP_215813.1_1	GCF_001617625.1_WP_067150270.1	50.236	602	419	69	424	199	4	176	593	1	418	0.0	644
lcl|NC_000962.3_prot_NP_215813.1_1	GCF_000993785.3_WP_030733570.1	51.071	602	665	100	607	283	3	1	602	68	665	0.0	644
lcl|NC_000962.3_prot_NP_215813.1_1	GCF_000993785.3_WP_030733570.1	19.595	602	665	100	148	119	0	35	182	43	190	9.79e-06	57.0
lcl|NC_000962.3_prot_NP_215813.1_1	GCF_000953015.1_WP_045751656.1	47.765	602	419	70	425	210	4	176	594	1	419	0.0	644
lcl|NC_000962.3_prot_NP_215813.1_1	GCF_000507245.1_WP_024267702.1	37.478	602	640	95	579	350	5	25	597	67	639	0.0	644
lcl|NC_000962.3_prot_NP_215813.1_1	GCF_000328705.1_WP_041315266.1	55.628	602	678	99	613	257	4	2	601	68	678	0.0	644
lcl|NC_000962.3_prot_NP_215813.1_1	GCF_000328705.1_WP_041315266.1	17.935	602	678	99	184	151	0	22	205	29	212	1.94e-12	78.2
lcl|NC_000962.3_prot_NP_215813.1_1	GCF_000236665.1_WP_014238230.1	48.235	602	420	70	425	208	4	176	594	1	419	0.0	644
lcl|NC_000962.3_prot_NP_215813.1_1	GCF_000091565.1_WP_004154908.1	49.647	602	419	70	425	202	4	176	594	1	419	0.0	644
lcl|NC_000962.3_prot_NP_215813.1_1	GCF_000021985.1_WP_012636945.1	49.176	602	419	70	425	204	4	176	594	1	419	0.0	644
lcl|NC_000962.3_prot_NP_215813.1_1	GCF_000008325.1_WP_010959428.1	49.292	602	418	69	424	203	4	176	593	1	418	0.0	644
lcl|NC_000962.3_prot_NP_215813.1_1	GCF_025946765.1_WP_264497537.1	49.176	602	419	70	425	204	4	176	594	1	419	0.0	644
lcl|NC_000962.3_prot_NP_215813.1_1	GCF_024707545.1_WP_027153631.1	47.653	602	421	70	426	211	4	174	593	2	421	0.0	644
lcl|NC_000962.3_prot_NP_215813.1_1	GCF_024347495.1_WP_137375542.1	48.122	602	420	70	426	209	4	176	595	1	420	0.0	644
lcl|NC_000962.3_prot_NP_215813.1_1	GCF_024346755.1_WP_073603654.1	48.941	602	419	70	425	205	4	176	594	1	419	0.0	644
lcl|NC_000962.3_prot_NP_215813.1_1	GCF_021919345.1_WP_189075153.1	47.504	602	713	100	661	286	5	1	602	53	711	0.0	644
lcl|NC_000962.3_prot_NP_215813.1_1	GCF_021462285.1_WP_037422810.1	49.647	602	419	70	425	202	4	176	594	1	419	0.0	644
lcl|NC_000962.3_prot_NP_215813.1_1	GCF_021365465.1_WP_016192346.1	49.647	602	419	70	425	202	4	176	594	1	419	0.0	644
lcl|NC_000962.3_prot_NP_215813.1_1	GCF_020541265.1_WP_226813321.1	49.412	602	419	70	425	203	4	176	594	1	419	0.0	644
lcl|NC_000962.3_prot_NP_215813.1_1	GCF_019203965.1_WP_218287125.1	47.235	602	428	69	434	207	4	176	593	1	428	0.0	644
lcl|NC_000962.3_prot_NP_215813.1_1	GCF_018905915.1_WP_216128864.1	47.529	602	419	70	425	211	4	176	594	1	419	0.0	644
lcl|NC_000962.3_prot_NP_215813.1_1	GCF_014217805.1_WP_185272715.1	37.563	602	670	98	599	357	5	6	593	78	670	0.0	644
lcl|NC_000962.3_prot_NP_215813.1_1	GCF_014217805.1_WP_185272715.1	11.856	602	670	98	194	163	1	35	220	5	198	4.37e-08	64.3
lcl|NC_000962.3_prot_NP_215813.1_1	GCF_014211975.1_WP_075187017.1	49.764	602	419	69	424	201	4	176	593	1	418	0.0	644
lcl|NC_000962.3_prot_NP_215813.1_1	GCF_013265555.1_WP_173072576.1	36.661	602	612	93	611	328	8	36	593	6	610	0.0	644
lcl|NC_000962.3_prot_NP_215813.1_1	GCF_011617465.1_WP_167195755.1	48.006	602	675	99	627	294	3	2	596	40	666	0.0	644
lcl|NC_000962.3_prot_NP_215813.1_1	GCF_011617465.1_WP_167195755.1	16.432	602	675	99	213	152	1	23	209	2	214	6.46e-11	73.5
lcl|NC_000962.3_prot_NP_215813.1_1	GCF_011068405.5_WP_045004625.1	49.296	602	421	70	426	204	4	174	593	2	421	0.0	644
lcl|NC_000962.3_prot_NP_215813.1_1	GCF_009831665.3_WP_006709376.1	49.647	602	419	70	425	202	4	176	594	1	419	0.0	644
lcl|NC_000962.3_prot_NP_215813.1_1	GCF_005671395.1_WP_138095225.1	48.941	602	419	70	425	205	4	176	594	1	419	0.0	644
lcl|NC_000962.3_prot_NP_215813.1_1	GCF_002892535.1_WP_102952354.1	49.528	602	418	69	424	202	4	176	593	1	418	0.0	644
lcl|NC_000962.3_prot_NP_215813.1_1	GCF_002218045.2_WP_089139576.1	49.176	602	419	70	425	204	4	176	594	1	419	0.0	644
lcl|NC_000962.3_prot_NP_215813.1_1	GCF_001999945.1_WP_010133763.1	50.236	602	419	69	424	199	4	176	593	1	418	0.0	644
lcl|NC_000962.3_prot_NP_215813.1_1	GCF_001750105.1_WP_069946705.1	50.472	602	419	69	424	198	4	176	593	1	418	0.0	644
lcl|NC_000962.3_prot_NP_215813.1_1	GCF_001642805.2_WP_004934188.1	49.647	602	419	70	425	202	4	176	594	1	419	0.0	644
lcl|NC_000962.3_prot_NP_215813.1_1	GCF_001558415.2_WP_024374422.1	48.941	602	419	70	425	205	4	176	594	1	419	0.0	644
lcl|NC_000962.3_prot_NP_215813.1_1	GCF_000297055.2_WP_009206477.1	47.877	602	418	69	424	209	4	176	593	1	418	0.0	644
lcl|NC_000962.3_prot_NP_215813.1_1	GCF_000287335.1_WP_014887769.1	49.647	602	419	70	425	202	4	176	594	1	419	0.0	644
lcl|NC_000962.3_prot_NP_215813.1_1	GCF_000214235.1_WP_004950874.1	49.882	602	419	70	425	201	4	176	594	1	419	0.0	644
lcl|NC_000962.3_prot_NP_215813.1_1	GCF_937425535.1_WP_150044944.1	47.442	602	424	69	430	208	4	176	593	1	424	0.0	643
lcl|NC_000962.3_prot_NP_215813.1_1	GCF_900638215.1_WP_013151376.1	52.500	602	662	99	600	272	4	1	597	70	659	0.0	643
lcl|NC_000962.3_prot_NP_215813.1_1	GCF_028748145.1_WP_212603855.1	37.375	602	592	99	602	355	6	1	595	1	587	0.0	643
lcl|NC_000962.3_prot_NP_215813.1_1	GCF_024346955.1_WP_087481500.1	48.706	602	419	70	425	206	4	176	594	1	419	0.0	643
lcl|NC_000962.3_prot_NP_215813.1_1	GCF_022647505.1_WP_128176360.1	49.647	602	419	70	425	202	4	176	594	1	419	0.0	643
lcl|NC_000962.3_prot_NP_215813.1_1	GCF_021654335.1_WP_237248301.1	48.113	602	418	69	424	208	4	176	593	1	418	0.0	643
lcl|NC_000962.3_prot_NP_215813.1_1	GCF_020991025.1_WP_010863060.1	49.412	602	419	70	425	203	4	176	594	1	419	0.0	643
lcl|NC_000962.3_prot_NP_215813.1_1	GCF_020412445.1_WP_226236541.1	49.117	602	676	99	623	291	3	1	597	40	662	0.0	643
lcl|NC_000962.3_prot_NP_215813.1_1	GCF_018107685.1_WP_211923816.1	49.882	602	418	69	423	200	4	176	592	1	417	0.0	643
lcl|NC_000962.3_prot_NP_215813.1_1	GCF_017569925.1_WP_208229385.1	48.941	602	419	70	425	205	4	176	594	1	419	0.0	643
lcl|NC_000962.3_prot_NP_215813.1_1	GCF_014672695.1_WP_190260191.1	49.292	602	418	69	424	203	4	176	593	1	418	0.0	643
lcl|NC_000962.3_prot_NP_215813.1_1	GCF_013234275.1_WP_034492237.1	49.176	602	419	70	425	204	4	176	594	1	419	0.0	643
lcl|NC_000962.3_prot_NP_215813.1_1	GCF_009002475.1_WP_151966298.1	45.652	602	458	76	460	240	4	136	591	2	455	0.0	643
lcl|NC_000962.3_prot_NP_215813.1_1	GCF_008000755.1_WP_049707018.1	49.531	602	421	70	426	203	4	174	593	2	421	0.0	643
lcl|NC_000962.3_prot_NP_215813.1_1	GCF_004564375.1_WP_208542978.1	49.503	602	607	97	604	280	2	21	602	7	607	0.0	643
lcl|NC_000962.3_prot_NP_215813.1_1	GCF_004114955.1_WP_057751982.1	49.531	602	421	70	426	203	4	174	593	2	421	0.0	643
lcl|NC_000962.3_prot_NP_215813.1_1	GCF_003967195.1_WP_126452293.1	48.706	602	419	70	425	206	4	176	594	1	419	0.0	643
lcl|NC_000962.3_prot_NP_215813.1_1	GCF_003382565.3_WP_102116948.1	49.176	602	419	70	425	204	4	176	594	1	419	0.0	643
lcl|NC_000962.3_prot_NP_215813.1_1	GCF_002741015.1_WP_099509992.1	49.061	602	421	70	426	205	4	174	593	2	421	0.0	643
lcl|NC_000962.3_prot_NP_215813.1_1	GCF_002291425.1_WP_095846383.1	49.412	602	419	70	425	203	4	176	594	1	419	0.0	643
lcl|NC_000962.3_prot_NP_215813.1_1	GCF_001660485.1_WP_074401051.1	54.731	602	736	89	539	242	2	59	596	182	719	0.0	643
lcl|NC_000962.3_prot_NP_215813.1_1	GCF_001618845.1_WP_013528732.1	47.887	602	421	70	426	210	4	174	593	2	421	0.0	643
lcl|NC_000962.3_prot_NP_215813.1_1	GCF_000520015.2_WP_024912376.1	49.647	602	419	70	425	202	4	176	594	1	419	0.0	643
lcl|NC_000962.3_prot_NP_215813.1_1	GCF_000196355.1_WP_011381390.1	47.877	602	419	69	424	209	4	176	593	1	418	0.0	643
lcl|NC_000962.3_prot_NP_215813.1_1	GCF_000092825.1_WP_041406880.1	60.891	602	608	95	606	205	2	29	602	2	607	0.0	643
lcl|NC_000962.3_prot_NP_215813.1_1	GCF_000092205.1_WP_013162843.1	48.578	602	421	69	422	205	4	176	591	1	416	0.0	643
lcl|NC_000962.3_prot_NP_215813.1_1	GCF_000025485.1_WP_012969830.1	47.281	602	418	69	423	211	4	176	592	1	417	0.0	643
lcl|NC_000962.3_prot_NP_215813.1_1	GCF_028355655.1_WP_005320670.1	48.009	602	421	70	427	210	4	176	596	1	421	0.0	643
lcl|NC_000962.3_prot_NP_215813.1_1	GCF_019844095.1_WP_062749087.1	49.647	602	419	70	425	202	4	176	594	1	419	0.0	643
lcl|NC_000962.3_prot_NP_215813.1_1	GCF_014926585.1_WP_193337729.1	48.357	602	421	70	426	208	4	174	593	2	421	0.0	643
lcl|NC_000962.3_prot_NP_215813.1_1	GCF_013170725.1_WP_081294219.1	47.887	602	421	70	426	210	4	174	593	2	421	0.0	643
lcl|NC_000962.3_prot_NP_215813.1_1	GCF_011751765.2_WP_166992476.1	43.951	602	704	99	653	307	4	2	596	41	692	0.0	643
lcl|NC_000962.3_prot_NP_215813.1_1	GCF_011751765.2_WP_166992476.1	15.517	602	704	99	174	147	0	24	197	4	177	6.15e-06	57.4
lcl|NC_000962.3_prot_NP_215813.1_1	GCF_010731815.2_WP_163924068.1	60.188	602	718	100	638	218	3	1	602	81	718	0.0	643
lcl|NC_000962.3_prot_NP_215813.1_1	GCF_010731815.2_WP_163924068.1	26.531	602	718	100	196	123	1	1	175	1	196	6.04e-10	70.5
lcl|NC_000962.3_prot_NP_215813.1_1	GCF_005484945.1_WP_109054855.1	49.176	602	419	70	425	204	4	176	594	1	419	0.0	643
lcl|NC_000962.3_prot_NP_215813.1_1	GCF_004851605.1_WP_136550083.1	49.647	602	420	69	425	201	5	176	593	1	419	0.0	643
lcl|NC_000962.3_prot_NP_215813.1_1	GCF_003345255.1_WP_102041180.1	48.706	602	420	70	425	206	4	176	594	1	419	0.0	643
lcl|NC_000962.3_prot_NP_215813.1_1	GCF_002196515.1_WP_021021955.1	48.706	602	419	70	425	206	4	176	594	1	419	0.0	643
lcl|NC_000962.3_prot_NP_215813.1_1	GCF_001753085.1_WP_011216778.1	48.941	602	420	70	425	205	4	176	594	1	419	0.0	643
lcl|NC_000962.3_prot_NP_215813.1_1	GCF_000754265.1_WP_038498170.1	49.764	602	419	69	424	201	4	176	593	1	418	0.0	643
lcl|NC_000962.3_prot_NP_215813.1_1	GCF_000600005.1_WP_025330651.1	48.341	602	419	69	422	206	4	176	591	1	416	0.0	643
lcl|NC_000962.3_prot_NP_215813.1_1	GCF_000266885.1_WP_245536840.1	46.121	602	463	77	464	241	3	134	594	6	463	0.0	643
lcl|NC_000962.3_prot_NP_215813.1_1	GCF_000230995.2_WP_015314810.1	48.122	602	421	70	426	209	4	174	593	2	421	0.0	643
lcl|NC_000962.3_prot_NP_215813.1_1	GCF_000227685.2_WP_006746305.1	47.877	602	419	69	424	209	4	176	593	1	418	0.0	643
lcl|NC_000962.3_prot_NP_215813.1_1	GCF_000178975.2_WP_013579387.1	50.831	602	416	69	421	198	3	176	593	1	415	0.0	643
lcl|NC_000962.3_prot_NP_215813.1_1	GCF_000148645.1_WP_013347067.1	49.057	602	421	69	424	204	4	176	593	1	418	0.0	643
lcl|NC_000962.3_prot_NP_215813.1_1	GCF_000022085.1_WP_015927708.1	49.883	602	436	70	429	203	4	171	593	14	436	0.0	643
lcl|NC_000962.3_prot_NP_215813.1_1	GCF_907164955.1_WP_264435782.1	48.463	602	418	69	423	206	4	176	592	1	417	0.0	642
lcl|NC_000962.3_prot_NP_215813.1_1	GCF_904848675.1_WP_216782374.1	48.706	602	419	70	425	206	4	176	594	1	419	0.0	642
lcl|NC_000962.3_prot_NP_215813.1_1	GCF_024494545.1_WP_060999724.1	48.357	602	421	70	426	208	4	176	595	1	420	0.0	642
lcl|NC_000962.3_prot_NP_215813.1_1	GCF_024347595.1_WP_017631298.1	48.000	602	419	70	425	209	4	176	594	1	419	0.0	642
lcl|NC_000962.3_prot_NP_215813.1_1	GCF_021276285.1_WP_013577536.1	49.412	602	419	70	425	203	4	176	594	1	419	0.0	642
lcl|NC_000962.3_prot_NP_215813.1_1	GCF_016027415.1_WP_197931772.1	49.767	602	653	95	643	254	2	23	596	2	644	0.0	642
lcl|NC_000962.3_prot_NP_215813.1_1	GCF_015710575.1_WP_199255406.1	61.760	602	690	100	625	216	2	1	602	65	689	0.0	642
lcl|NC_000962.3_prot_NP_215813.1_1	GCF_015710575.1_WP_199255406.1	25.893	602	690	100	224	158	2	1	216	1	224	1.51e-14	85.1
lcl|NC_000962.3_prot_NP_215813.1_1	GCF_015244315.1_WP_194275943.1	48.986	602	700	100	641	285	3	1	602	63	700	0.0	642
lcl|NC_000962.3_prot_NP_215813.1_1	GCF_015244315.1_WP_194275943.1	15.873	602	700	100	126	106	0	27	152	30	155	4.89e-05	54.7
lcl|NC_000962.3_prot_NP_215813.1_1	GCF_013340845.1_WP_029911182.1	49.412	602	419	69	425	202	5	176	593	1	419	0.0	642
lcl|NC_000962.3_prot_NP_215813.1_1	GCF_011290485.1_WP_166270440.1	48.227	602	418	69	423	207	4	176	592	1	417	0.0	642
lcl|NC_000962.3_prot_NP_215813.1_1	GCF_007362775.1_WP_143987025.1	44.855	602	665	99	622	316	5	1	598	45	663	0.0	642
lcl|NC_000962.3_prot_NP_215813.1_1	GCF_007362775.1_WP_143987025.1	18.227	602	665	99	203	166	0	20	222	5	207	2.42e-13	81.2
lcl|NC_000962.3_prot_NP_215813.1_1	GCF_004768525.1_WP_026822640.1	49.647	602	419	70	425	202	4	176	594	1	419	0.0	642
lcl|NC_000962.3_prot_NP_215813.1_1	GCF_002952055.1_WP_017865812.1	47.506	602	415	69	421	212	3	176	593	1	415	0.0	642
lcl|NC_000962.3_prot_NP_215813.1_1	GCF_002291445.1_WP_048637086.1	48.941	602	419	70	425	205	4	176	594	1	419	0.0	642
lcl|NC_000962.3_prot_NP_215813.1_1	GCF_002288005.1_WP_041887618.1	51.134	602	542	95	573	230	2	25	597	3	525	0.0	642
lcl|NC_000962.3_prot_NP_215813.1_1	GCF_002043005.1_WP_026173571.1	48.235	602	421	70	425	208	4	175	593	3	421	0.0	642
lcl|NC_000962.3_prot_NP_215813.1_1	GCF_001742185.1_WP_025919665.1	49.176	602	419	70	425	204	4	176	594	1	419	0.0	642
lcl|NC_000962.3_prot_NP_215813.1_1	GCF_001741865.1_WP_069689081.1	50.235	602	421	70	426	200	4	174	593	2	421	0.0	642
lcl|NC_000962.3_prot_NP_215813.1_1	GCF_001558255.2_WP_005501751.1	48.122	602	421	70	426	209	4	176	595	1	420	0.0	642
lcl|NC_000962.3_prot_NP_215813.1_1	GCF_000940805.1_WP_044616390.1	49.882	602	418	69	423	200	4	176	592	1	417	0.0	642
lcl|NC_000962.3_prot_NP_215813.1_1	GCF_000224005.2_WP_005224458.1	48.227	602	418	69	423	207	4	176	592	1	417	0.0	642
lcl|NC_000962.3_prot_NP_215813.1_1	GCF_936269705.1_WP_250311063.1	43.640	602	450	75	456	246	4	143	593	1	450	0.0	642
lcl|NC_000962.3_prot_NP_215813.1_1	GCF_023208015.1_WP_248590125.1	52.007	602	646	99	598	262	3	1	598	72	644	0.0	642
lcl|NC_000962.3_prot_NP_215813.1_1	GCF_022637435.1_WP_241915003.1	47.304	602	697	100	649	295	4	1	602	47	695	0.0	642
lcl|NC_000962.3_prot_NP_215813.1_1	GCF_022637435.1_WP_241915003.1	15.686	602	697	100	204	159	1	16	206	3	206	2.31e-06	58.9
lcl|NC_000962.3_prot_NP_215813.1_1	GCF_020683125.1_WP_056234711.1	49.412	602	419	70	425	203	4	176	594	1	419	0.0	642
lcl|NC_000962.3_prot_NP_215813.1_1	GCF_020541225.1_WP_226810973.1	48.941	602	419	70	425	205	4	176	594	1	419	0.0	642
lcl|NC_000962.3_prot_NP_215813.1_1	GCF_020215645.1_WP_225272107.1	48.742	602	699	99	636	282	3	1	595	61	693	0.0	642
lcl|NC_000962.3_prot_NP_215813.1_1	GCF_020215645.1_WP_225272107.1	18.935	602	699	99	169	136	1	1	168	1	169	7.96e-09	66.6
lcl|NC_000962.3_prot_NP_215813.1_1	GCF_019048385.1_WP_010257369.1	49.647	602	419	70	425	202	4	176	594	1	419	0.0	642
lcl|NC_000962.3_prot_NP_215813.1_1	GCF_018024495.1_WP_244857875.1	55.172	602	672	87	522	233	1	75	596	139	659	0.0	642
lcl|NC_000962.3_prot_NP_215813.1_1	GCF_014705945.2_WP_190618313.1	45.142	602	701	100	669	291	5	1	602	42	701	0.0	642
lcl|NC_000962.3_prot_NP_215813.1_1	GCF_014705945.2_WP_190618313.1	17.347	602	701	100	196	160	1	20	213	2	197	4.20e-09	67.8
lcl|NC_000962.3_prot_NP_215813.1_1	GCF_013388295.1_WP_005866504.1	48.592	602	421	70	426	207	4	174	593	2	421	0.0	642
lcl|NC_000962.3_prot_NP_215813.1_1	GCF_008001235.1_WP_147820502.1	48.372	602	426	71	430	213	3	167	593	3	426	0.0	642
lcl|NC_000962.3_prot_NP_215813.1_1	GCF_005155025.1_WP_103522856.1	47.170	602	418	69	424	212	4	176	593	1	418	0.0	642
lcl|NC_000962.3_prot_NP_215813.1_1	GCF_005144905.1_WP_010440702.1	48.706	602	419	70	425	206	4	176	594	1	419	0.0	642
lcl|NC_000962.3_prot_NP_215813.1_1	GCF_004792415.1_WP_003851960.1	49.647	602	419	70	425	202	4	176	594	1	419	0.0	642
lcl|NC_000962.3_prot_NP_215813.1_1	GCF_003568825.1_WP_009839245.1	49.057	602	419	69	424	204	4	176	593	1	418	0.0	642
lcl|NC_000962.3_prot_NP_215813.1_1	GCF_003099975.1_WP_011054072.1	49.647	602	419	70	425	202	4	176	594	1	419	0.0	642
lcl|NC_000962.3_prot_NP_215813.1_1	GCF_002848365.2_WP_027272008.1	48.706	602	420	70	425	206	4	176	594	1	419	0.0	642
lcl|NC_000962.3_prot_NP_215813.1_1	GCF_002163605.1_WP_038015767.1	48.941	602	419	70	425	205	4	176	594	1	419	0.0	642
lcl|NC_000962.3_prot_NP_215813.1_1	GCF_002157735.2_WP_086981934.1	49.176	602	419	70	425	204	4	176	594	1	419	0.0	642
lcl|NC_000962.3_prot_NP_215813.1_1	GCF_001753245.1_WP_070077407.1	48.235	602	419	70	425	208	4	176	594	1	419	0.0	642
lcl|NC_000962.3_prot_NP_215813.1_1	GCF_001402875.1_WP_055038527.1	50.235	602	421	70	426	200	4	174	593	2	421	0.0	642
lcl|NC_000962.3_prot_NP_215813.1_1	GCF_000940995.1_WP_039468437.1	48.357	602	421	70	426	208	4	176	595	1	420	0.0	642
lcl|NC_000962.3_prot_NP_215813.1_1	GCF_000212415.1_WP_013759224.1	38.581	602	577	94	578	338	6	27	593	2	573	0.0	642
lcl|NC_000962.3_prot_NP_215813.1_1	GCF_000143145.1_WP_013217229.1	50.000	602	421	70	426	201	4	174	593	2	421	0.0	642
lcl|NC_000962.3_prot_NP_215813.1_1	GCF_000091785.1_WP_003633706.1	48.941	602	420	70	425	205	4	176	594	1	419	0.0	642
lcl|NC_000962.3_prot_NP_215813.1_1	GCF_000024085.1_WP_015781606.1	50.708	602	418	69	424	197	4	176	593	1	418	0.0	642
lcl|NC_000962.3_prot_NP_215813.1_1	GCF_900638635.1_WP_126602128.1	48.592	602	421	70	426	207	4	174	593	2	421	0.0	642
lcl|NC_000962.3_prot_NP_215813.1_1	GCF_026230175.1_WP_265828262.1	42.308	602	489	81	494	275	4	104	593	2	489	0.0	642
lcl|NC_000962.3_prot_NP_215813.1_1	GCF_024347475.1_WP_032552271.1	48.000	602	419	70	425	209	4	176	594	1	419	0.0	642
lcl|NC_000962.3_prot_NP_215813.1_1	GCF_023195835.1_WP_176289271.1	48.706	602	419	70	425	206	4	176	594	1	419	0.0	642
lcl|NC_000962.3_prot_NP_215813.1_1	GCF_020991125.1_WP_230436615.1	50.236	602	419	69	424	199	4	176	593	1	418	0.0	642
lcl|NC_000962.3_prot_NP_215813.1_1	GCF_020447305.1_WP_274129660.1	49.647	602	427	70	425	202	4	174	592	8	426	0.0	642
lcl|NC_000962.3_prot_NP_215813.1_1	GCF_017894365.1_WP_169120756.1	49.412	602	419	70	425	203	4	176	594	1	419	0.0	642
lcl|NC_000962.3_prot_NP_215813.1_1	GCF_012769535.1_WP_169602020.1	48.821	602	418	69	424	205	4	176	593	1	418	0.0	642
lcl|NC_000962.3_prot_NP_215813.1_1	GCF_011745665.1_WP_166915558.1	50.235	602	420	70	426	199	5	176	594	1	420	0.0	642
lcl|NC_000962.3_prot_NP_215813.1_1	GCF_010587385.1_WP_164647061.1	48.122	602	420	70	426	209	4	176	595	1	420	0.0	642
lcl|NC_000962.3_prot_NP_215813.1_1	GCF_006364355.1_WP_038152528.1	48.706	602	419	70	425	206	4	176	594	1	419	0.0	642
lcl|NC_000962.3_prot_NP_215813.1_1	GCF_003194085.1_WP_110232952.1	49.308	602	590	95	578	287	2	22	594	8	584	0.0	642
lcl|NC_000962.3_prot_NP_215813.1_1	GCF_003055625.1_WP_108371539.1	37.705	602	608	93	610	321	7	35	592	5	607	0.0	642
lcl|NC_000962.3_prot_NP_215813.1_1	GCF_000258405.1_WP_041294446.1	49.406	602	415	69	421	204	3	176	593	1	415	0.0	642
lcl|NC_000962.3_prot_NP_215813.1_1	GCF_000192745.1_WP_013650837.1	49.176	602	421	70	425	204	4	174	592	2	420	0.0	642
lcl|NC_000962.3_prot_NP_215813.1_1	GCF_000091465.1_WP_009848197.1	48.471	602	419	70	425	207	4	176	594	1	419	0.0	642
lcl|NC_000962.3_prot_NP_215813.1_1	GCF_000024465.1_WP_041860865.1	48.941	602	419	69	425	204	4	176	593	1	419	0.0	642
lcl|NC_000962.3_prot_NP_215813.1_1	GCF_000010525.1_WP_012173234.1	49.533	602	423	70	428	202	4	174	593	2	423	0.0	642
lcl|NC_000962.3_prot_NP_215813.1_1	GCF_900564155.1_WP_121271448.1	35.968	602	614	93	620	328	7	34	593	4	614	0.0	641
lcl|NC_000962.3_prot_NP_215813.1_1	GCF_024347095.1_WP_038185996.1	48.706	602	419	70	425	206	4	176	594	1	419	0.0	641
lcl|NC_000962.3_prot_NP_215813.1_1	GCF_024347035.1_WP_102941608.1	49.176	602	419	70	425	204	4	176	594	1	419	0.0	641
lcl|NC_000962.3_prot_NP_215813.1_1	GCF_023612255.1_WP_250338994.1	35.974	602	600	99	606	369	6	1	593	1	600	0.0	641
lcl|NC_000962.3_prot_NP_215813.1_1	GCF_017498545.1_WP_237382871.1	51.185	602	417	70	422	197	3	176	594	1	416	0.0	641
lcl|NC_000962.3_prot_NP_215813.1_1	GCF_014083925.1_WP_074372998.1	49.176	602	419	70	425	204	4	176	594	1	419	0.0	641
lcl|NC_000962.3_prot_NP_215813.1_1	GCF_014054725.1_WP_027022518.1	51.179	602	418	69	424	195	4	176	593	1	418	0.0	641
lcl|NC_000962.3_prot_NP_215813.1_1	GCF_013376475.1_WP_176630821.1	48.456	602	415	69	421	208	3	176	593	1	415	0.0	641
lcl|NC_000962.3_prot_NP_215813.1_1	GCF_011047135.1_WP_241246255.1	51.771	602	743	99	593	280	3	5	597	142	728	0.0	641
lcl|NC_000962.3_prot_NP_215813.1_1	GCF_009931115.1_WP_161859767.1	50.472	602	419	69	424	198	4	176	593	1	418	0.0	641
lcl|NC_000962.3_prot_NP_215813.1_1	GCF_009762775.1_WP_158862930.1	34.102	602	604	93	607	344	8	36	594	6	604	0.0	641
lcl|NC_000962.3_prot_NP_215813.1_1	GCF_008274805.1_WP_054620399.1	48.821	602	418	69	424	205	4	176	593	1	418	0.0	641
lcl|NC_000962.3_prot_NP_215813.1_1	GCF_007559025.1_WP_233267057.1	58.525	602	633	99	610	241	2	1	598	21	630	0.0	641
lcl|NC_000962.3_prot_NP_215813.1_1	GCF_007559025.1_WP_233267057.1	22.609	602	633	99	115	89	0	40	154	1	115	1.85e-06	59.3
lcl|NC_000962.3_prot_NP_215813.1_1	GCF_007289895.1_WP_143870439.1	47.887	602	422	70	426	210	4	176	595	1	420	0.0	641
lcl|NC_000962.3_prot_NP_215813.1_1	GCF_005116655.2_WP_136805427.1	48.694	602	416	69	421	206	4	176	592	1	415	0.0	641
lcl|NC_000962.3_prot_NP_215813.1_1	GCF_004014855.1_WP_128149982.1	39.931	602	570	93	576	323	7	33	593	3	570	0.0	641
lcl|NC_000962.3_prot_NP_215813.1_1	GCF_003990335.1_WP_046518973.1	49.061	602	422	70	426	205	4	176	595	1	420	0.0	641
lcl|NC_000962.3_prot_NP_215813.1_1	GCF_003367375.1_WP_115720432.1	48.826	602	421	70	426	206	4	176	595	1	420	0.0	641
lcl|NC_000962.3_prot_NP_215813.1_1	GCF_002863865.1_WP_101896263.1	49.764	602	419	69	424	201	4	176	593	1	418	0.0	641
lcl|NC_000962.3_prot_NP_215813.1_1	GCF_002216855.1_WP_089072989.1	48.357	602	421	70	426	208	4	176	595	1	420	0.0	641
lcl|NC_000962.3_prot_NP_215813.1_1	GCF_002157895.1_WP_087036515.1	47.775	602	421	70	427	211	4	176	596	1	421	0.0	641
lcl|NC_000962.3_prot_NP_215813.1_1	GCF_002078315.1_WP_045798873.1	45.740	602	449	73	446	231	4	153	593	5	444	0.0	641
lcl|NC_000962.3_prot_NP_215813.1_1	GCF_001995825.2_WP_029222011.1	48.706	602	419	70	425	206	4	176	594	1	419	0.0	641
lcl|NC_000962.3_prot_NP_215813.1_1	GCF_001553625.1_WP_066605723.1	48.219	602	415	69	421	209	3	176	593	1	415	0.0	641
lcl|NC_000962.3_prot_NP_215813.1_1	GCF_001547935.1_WP_068711673.1	48.706	602	419	70	425	206	4	176	594	1	419	0.0	641
lcl|NC_000962.3_prot_NP_215813.1_1	GCF_000772105.1_WP_004745495.1	47.765	602	419	70	425	210	4	176	594	1	419	0.0	641
lcl|NC_000962.3_prot_NP_215813.1_1	GCF_000699505.1_WP_038502015.1	53.636	602	551	91	550	252	2	53	602	3	549	0.0	641
lcl|NC_000962.3_prot_NP_215813.1_1	GCF_900635775.1_WP_103853956.1	50.704	602	420	70	426	197	5	176	594	1	420	0.0	641
lcl|NC_000962.3_prot_NP_215813.1_1	GCF_024347115.1_WP_077336793.1	48.471	602	419	70	425	207	4	176	594	1	419	0.0	641
lcl|NC_000962.3_prot_NP_215813.1_1	GCF_024347055.1_WP_261896203.1	48.706	602	419	70	425	206	4	176	594	1	419	0.0	641
lcl|NC_000962.3_prot_NP_215813.1_1	GCF_021165935.1_WP_231758810.1	50.236	602	419	69	424	199	4	176	593	1	418	0.0	641
lcl|NC_000962.3_prot_NP_215813.1_1	GCF_019703875.1_WP_221763955.1	47.765	602	419	70	425	210	4	176	594	1	419	0.0	641
lcl|NC_000962.3_prot_NP_215813.1_1	GCF_019226825.1_WP_136487150.1	48.941	602	419	70	425	205	4	176	594	1	419	0.0	641
lcl|NC_000962.3_prot_NP_215813.1_1	GCF_019175365.1_WP_231334965.1	50.000	602	695	99	632	276	4	1	595	62	690	0.0	641
lcl|NC_000962.3_prot_NP_215813.1_1	GCF_019175365.1_WP_231334965.1	21.469	602	695	99	177	138	1	23	199	25	200	7.53e-12	76.6
lcl|NC_000962.3_prot_NP_215813.1_1	GCF_018972165.1_WP_008169890.1	49.176	602	420	69	425	203	5	176	593	1	419	0.0	641
lcl|NC_000962.3_prot_NP_215813.1_1	GCF_018885265.1_WP_216215451.1	56.472	602	688	99	618	247	3	1	598	70	685	0.0	641
lcl|NC_000962.3_prot_NP_215813.1_1	GCF_018885265.1_WP_216215451.1	21.762	602	688	99	193	134	3	1	176	1	193	1.11e-09	69.7
lcl|NC_000962.3_prot_NP_215813.1_1	GCF_018324385.1_WP_212786480.1	46.934	602	418	69	424	213	4	176	593	1	418	0.0	641
lcl|NC_000962.3_prot_NP_215813.1_1	GCF_016801025.1_WP_035033907.1	49.531	602	421	70	426	203	4	174	593	2	421	0.0	641
lcl|NC_000962.3_prot_NP_215813.1_1	GCF_014217335.1_WP_045856052.1	50.236	602	419	69	424	199	4	176	593	1	418	0.0	641
lcl|NC_000962.3_prot_NP_215813.1_1	GCF_013423785.1_WP_180306544.1	48.821	602	418	69	424	205	4	176	593	1	418	0.0	641
lcl|NC_000962.3_prot_NP_215813.1_1	GCF_011764585.1_WP_173061899.1	46.588	602	419	70	425	215	4	176	594	1	419	0.0	641
lcl|NC_000962.3_prot_NP_215813.1_1	GCF_009938185.1_WP_162045339.1	48.471	602	419	70	425	207	4	176	594	1	419	0.0	641
lcl|NC_000962.3_prot_NP_215813.1_1	GCF_009913235.1_WP_160690631.1	36.174	602	620	93	622	328	5	35	593	5	620	0.0	641
lcl|NC_000962.3_prot_NP_215813.1_1	GCF_009601765.2_WP_153448091.1	49.176	602	419	70	425	204	4	176	594	1	419	0.0	641
lcl|NC_000962.3_prot_NP_215813.1_1	GCF_009363415.1_WP_114767716.1	48.471	602	419	70	425	207	4	176	594	1	419	0.0	641
lcl|NC_000962.3_prot_NP_215813.1_1	GCF_008632455.1_WP_150051453.1	49.528	602	418	69	424	202	4	176	593	1	418	0.0	641
lcl|NC_000962.3_prot_NP_215813.1_1	GCF_004135935.1_WP_115835293.1	48.946	602	422	70	427	205	5	174	593	2	422	0.0	641
lcl|NC_000962.3_prot_NP_215813.1_1	GCF_001956985.1_WP_237170896.1	48.227	602	418	69	423	207	4	176	592	1	417	0.0	641
lcl|NC_000962.3_prot_NP_215813.1_1	GCF_001686985.1_WP_081482260.1	47.653	602	421	70	426	211	4	174	593	2	421	0.0	641
lcl|NC_000962.3_prot_NP_215813.1_1	GCF_001579945.1_WP_066923366.1	47.642	602	418	69	424	210	4	176	593	1	418	0.0	641
lcl|NC_000962.3_prot_NP_215813.1_1	GCF_001078055.1_WP_048921280.1	34.803	602	634	93	635	331	6	36	593	6	634	0.0	641
lcl|NC_000962.3_prot_NP_215813.1_1	GCF_000953135.1_WP_045097231.1	48.706	602	420	70	425	206	4	176	594	1	419	0.0	641
lcl|NC_000962.3_prot_NP_215813.1_1	GCF_000470775.1_WP_021755523.1	53.545	602	697	88	536	241	2	69	597	145	679	0.0	641
lcl|NC_000962.3_prot_NP_215813.1_1	GCF_000247565.1_WP_014354236.1	49.647	602	419	70	425	202	4	176	594	1	419	0.0	641
lcl|NC_000962.3_prot_NP_215813.1_1	GCF_000024865.1_WP_012888387.1	47.352	602	704	99	642	288	4	1	595	60	698	0.0	641
lcl|NC_000962.3_prot_NP_215813.1_1	GCF_000024865.1_WP_012888387.1	17.703	602	704	99	209	171	1	1	208	1	209	1.67e-08	65.8
lcl|NC_000962.3_prot_NP_215813.1_1	GCF_900187355.1_WP_028372412.1	49.647	602	420	70	425	202	4	176	594	1	419	0.0	640
lcl|NC_000962.3_prot_NP_215813.1_1	GCF_024347355.1_WP_004741192.1	48.235	602	419	70	425	208	4	176	594	1	419	0.0	640
lcl|NC_000962.3_prot_NP_215813.1_1	GCF_022592395.1_WP_047254889.1	49.528	602	419	69	424	202	4	176	593	1	418	0.0	640
lcl|NC_000962.3_prot_NP_215813.1_1	GCF_020149575.1_WP_042043959.1	48.244	602	421	70	427	209	4	176	596	1	421	0.0	640
lcl|NC_000962.3_prot_NP_215813.1_1	GCF_019665765.1_WP_221006964.1	48.113	602	418	69	424	208	4	176	593	1	418	0.0	640
lcl|NC_000962.3_prot_NP_215813.1_1	GCF_018802605.1_WP_189536309.1	47.406	602	418	69	424	211	4	176	593	1	418	0.0	640
lcl|NC_000962.3_prot_NP_215813.1_1	GCF_017161445.1_WP_172198868.1	47.765	602	419	70	425	210	4	176	594	1	419	0.0	640
lcl|NC_000962.3_prot_NP_215813.1_1	GCF_013403565.1_WP_179358206.1	48.585	602	418	69	424	206	4	176	593	1	418	0.0	640
lcl|NC_000962.3_prot_NP_215813.1_1	GCF_013364095.1_WP_019435870.1	49.838	602	671	100	616	283	3	1	602	68	671	0.0	640
lcl|NC_000962.3_prot_NP_215813.1_1	GCF_013364095.1_WP_019435870.1	16.760	602	671	100	179	142	2	8	179	14	192	4.49e-08	64.3
lcl|NC_000962.3_prot_NP_215813.1_1	GCF_013003965.1_WP_171089734.1	49.412	602	419	70	425	203	4	176	594	1	419	0.0	640
lcl|NC_000962.3_prot_NP_215813.1_1	GCF_011764505.1_WP_173238317.1	48.471	602	420	70	425	207	4	176	594	1	419	0.0	640
lcl|NC_000962.3_prot_NP_215813.1_1	GCF_011044155.1_WP_211907470.1	50.708	602	423	69	424	197	4	175	592	5	422	0.0	640
lcl|NC_000962.3_prot_NP_215813.1_1	GCF_009429125.1_WP_153022382.1	49.440	602	662	100	625	291	4	1	602	34	656	0.0	640
lcl|NC_000962.3_prot_NP_215813.1_1	GCF_008693705.1_WP_005339417.1	48.244	602	421	70	427	209	4	176	596	1	421	0.0	640
lcl|NC_000962.3_prot_NP_215813.1_1	GCF_008033135.1_WP_148716328.1	48.821	602	416	69	424	203	5	176	593	1	416	0.0	640
lcl|NC_000962.3_prot_NP_215813.1_1	GCF_007361795.1_WP_058502662.1	48.706	602	420	70	425	206	4	176	594	1	419	0.0	640
lcl|NC_000962.3_prot_NP_215813.1_1	GCF_005116675.2_WP_136797738.1	48.931	602	416	69	421	205	4	176	592	1	415	0.0	640
lcl|NC_000962.3_prot_NP_215813.1_1	GCF_003932995.1_WP_125240523.1	44.892	602	694	99	646	305	2	2	596	40	685	0.0	640
lcl|NC_000962.3_prot_NP_215813.1_1	GCF_003932995.1_WP_125240523.1	15.676	602	694	99	185	154	1	23	205	2	186	1.92e-07	62.4
lcl|NC_000962.3_prot_NP_215813.1_1	GCF_002872475.1_WP_102246791.1	48.706	602	419	70	425	206	4	176	594	1	419	0.0	640
lcl|NC_000962.3_prot_NP_215813.1_1	GCF_002116735.1_WP_085681702.1	49.412	602	420	69	425	202	5	176	593	1	419	0.0	640
lcl|NC_000962.3_prot_NP_215813.1_1	GCF_001854125.1_WP_070970875.1	49.176	602	420	69	425	203	5	176	593	1	419	0.0	640
lcl|NC_000962.3_prot_NP_215813.1_1	GCF_001458695.1_WP_062481798.1	48.694	602	415	69	421	207	3	176	593	1	415	0.0	640
lcl|NC_000962.3_prot_NP_215813.1_1	GCF_000242255.2_WP_014402247.1	36.210	602	583	97	591	359	6	10	593	4	583	0.0	640
lcl|NC_000962.3_prot_NP_215813.1_1	GCF_000227665.2_WP_006460145.1	49.292	602	418	69	424	203	4	176	593	1	418	0.0	640
lcl|NC_000962.3_prot_NP_215813.1_1	GCF_000018205.1_WP_012149663.1	44.690	602	458	74	452	236	4	150	593	5	450	0.0	640
lcl|NC_000962.3_prot_NP_215813.1_1	GCF_900698925.1_WP_157992347.1	49.647	602	419	70	425	202	4	176	594	1	419	0.0	640
lcl|NC_000962.3_prot_NP_215813.1_1	GCF_900087655.1_WP_269458986.1	48.058	602	640	99	618	296	3	1	598	27	639	0.0	640
lcl|NC_000962.3_prot_NP_215813.1_1	GCF_900087655.1_WP_269458986.1	15.934	602	640	99	182	153	0	35	216	2	183	2.60e-10	71.6
lcl|NC_000962.3_prot_NP_215813.1_1	GCF_024582835.1_WP_257084434.1	48.706	602	419	70	425	206	4	176	594	1	419	0.0	640
lcl|NC_000962.3_prot_NP_215813.1_1	GCF_024346715.1_WP_107302811.1	48.706	602	421	70	425	206	4	176	594	1	419	0.0	640
lcl|NC_000962.3_prot_NP_215813.1_1	GCF_023921225.1_WP_058534142.1	48.706	602	420	70	425	206	4	176	594	1	419	0.0	640
lcl|NC_000962.3_prot_NP_215813.1_1	GCF_022559585.1_WP_241437853.1	48.592	602	421	70	426	207	4	174	593	2	421	0.0	640
lcl|NC_000962.3_prot_NP_215813.1_1	GCF_020042345.1_WP_224071718.1	36.079	602	606	93	607	331	7	36	592	6	605	0.0	640
lcl|NC_000962.3_prot_NP_215813.1_1	GCF_019670125.1_WP_221075269.1	48.478	602	421	70	427	208	4	176	596	1	421	0.0	640
lcl|NC_000962.3_prot_NP_215813.1_1	GCF_012295575.1_WP_168661525.1	49.057	602	422	69	424	204	4	176	593	1	418	0.0	640
lcl|NC_000962.3_prot_NP_215813.1_1	GCF_011064285.1_WP_165312805.1	48.706	602	419	70	425	206	4	176	594	1	419	0.0	640
lcl|NC_000962.3_prot_NP_215813.1_1	GCF_009938225.1_WP_075647757.1	48.471	602	419	70	425	207	4	176	594	1	419	0.0	640
lcl|NC_000962.3_prot_NP_215813.1_1	GCF_009938205.1_WP_075706354.1	48.471	602	419	70	425	207	4	176	594	1	419	0.0	640
lcl|NC_000962.3_prot_NP_215813.1_1	GCF_009497075.1_WP_153261415.1	53.311	602	667	99	604	270	2	1	595	61	661	0.0	640
lcl|NC_000962.3_prot_NP_215813.1_1	GCF_009497075.1_WP_153261415.1	16.837	602	667	99	196	162	1	1	195	1	196	1.53e-07	62.7
lcl|NC_000962.3_prot_NP_215813.1_1	GCF_004102945.1_WP_128700934.1	50.605	602	408	68	413	195	3	184	593	1	407	0.0	640
lcl|NC_000962.3_prot_NP_215813.1_1	GCF_003967275.1_WP_126463695.1	48.000	602	419	70	425	209	4	176	594	1	419	0.0	640
lcl|NC_000962.3_prot_NP_215813.1_1	GCF_002356295.1_WP_096429697.1	35.993	602	615	93	614	330	7	36	592	6	613	0.0	640
lcl|NC_000962.3_prot_NP_215813.1_1	GCF_002288145.1_WP_095684371.1	50.607	602	524	96	577	230	2	25	601	2	523	0.0	640
lcl|NC_000962.3_prot_NP_215813.1_1	GCF_002285905.1_WP_016948430.1	45.740	602	449	73	446	231	4	153	593	5	444	0.0	640
lcl|NC_000962.3_prot_NP_215813.1_1	GCF_002204915.1_WP_026060769.1	48.706	602	419	70	425	206	4	176	594	1	419	0.0	640
lcl|NC_000962.3_prot_NP_215813.1_1	GCF_002162375.1_WP_087459667.1	49.412	602	420	69	425	202	5	176	593	1	419	0.0	640
lcl|NC_000962.3_prot_NP_215813.1_1	GCF_000770115.1_WP_005440042.1	47.765	602	419	70	425	210	4	176	594	1	419	0.0	640
lcl|NC_000962.3_prot_NP_215813.1_1	GCF_000269985.1_WP_014138080.1	73.454	602	698	64	388	100	1	213	600	314	698	0.0	640
lcl|NC_000962.3_prot_NP_215813.1_1	GCF_000023225.1_WP_015772900.1	47.981	602	415	69	421	210	3	176	593	1	415	0.0	640
lcl|NC_000962.3_prot_NP_215813.1_1	GCF_900233005.1_WP_102523654.1	48.471	602	419	70	425	207	4	176	594	1	419	0.0	640
lcl|NC_000962.3_prot_NP_215813.1_1	GCF_900169565.1_WP_080888550.1	48.456	602	415	69	421	208	3	176	593	1	415	0.0	640
lcl|NC_000962.3_prot_NP_215813.1_1	GCF_028736055.1_WP_274244427.1	45.337	602	748	100	697	286	5	1	602	52	748	0.0	640
lcl|NC_000962.3_prot_NP_215813.1_1	GCF_028736055.1_WP_274244427.1	17.989	602	748	100	189	154	1	20	208	12	199	3.78e-11	74.3
lcl|NC_000962.3_prot_NP_215813.1_1	GCF_025345565.1_WP_145467616.1	48.019	602	422	70	429	210	5	176	598	1	422	0.0	640
lcl|NC_000962.3_prot_NP_215813.1_1	GCF_023586525.1_WP_250236033.1	48.821	602	419	69	424	205	4	176	593	1	418	0.0	640
lcl|NC_000962.3_prot_NP_215813.1_1	GCF_019977755.1_WP_101111407.1	48.471	602	419	70	425	207	4	176	594	1	419	0.0	640
lcl|NC_000962.3_prot_NP_215813.1_1	GCF_019670105.1_WP_040306731.1	48.712	602	421	70	427	207	4	176	596	1	421	0.0	640
lcl|NC_000962.3_prot_NP_215813.1_1	GCF_019504385.1_WP_198877763.1	49.061	602	421	70	426	205	4	174	593	2	421	0.0	640
lcl|NC_000962.3_prot_NP_215813.1_1	GCF_018255875.1_WP_030235765.1	47.976	602	721	100	667	279	5	1	602	58	721	0.0	640
lcl|NC_000962.3_prot_NP_215813.1_1	GCF_018255875.1_WP_030235765.1	18.710	602	721	100	155	126	0	12	166	10	164	3.18e-07	61.6
lcl|NC_000962.3_prot_NP_215813.1_1	GCF_017161425.1_WP_206340971.1	49.057	602	418	69	424	204	4	176	593	1	418	0.0	640
lcl|NC_000962.3_prot_NP_215813.1_1	GCF_016026875.1_WP_005307308.1	48.009	602	421	70	427	210	4	176	596	1	421	0.0	640
lcl|NC_000962.3_prot_NP_215813.1_1	GCF_009936155.1_WP_043591613.1	47.170	602	418	69	424	212	4	176	593	1	418	0.0	640
lcl|NC_000962.3_prot_NP_215813.1_1	GCF_008247605.1_WP_070978475.1	49.764	602	419	69	424	201	4	176	593	1	418	0.0	640
lcl|NC_000962.3_prot_NP_215813.1_1	GCF_004571195.1_WP_028386201.1	48.706	602	420	70	425	206	4	176	594	1	419	0.0	640
lcl|NC_000962.3_prot_NP_215813.1_1	GCF_003627055.1_WP_120789940.1	49.766	602	690	99	641	280	3	2	600	38	678	0.0	640
lcl|NC_000962.3_prot_NP_215813.1_1	GCF_002327145.1_WP_034746249.1	48.000	602	420	70	425	209	4	176	594	1	419	0.0	640
lcl|NC_000962.3_prot_NP_215813.1_1	GCF_002302415.1_WP_095911156.1	36.923	602	583	93	585	335	6	35	592	5	582	0.0	640
lcl|NC_000962.3_prot_NP_215813.1_1	GCF_002157875.1_WP_086964575.1	48.478	602	421	70	427	208	4	176	596	1	421	0.0	640
lcl|NC_000962.3_prot_NP_215813.1_1	GCF_001273775.1_WP_053378623.1	48.694	602	415	69	421	207	3	176	593	1	415	0.0	640
lcl|NC_000962.3_prot_NP_215813.1_1	GCF_001020955.1_WP_018168683.1	48.235	602	419	70	425	208	4	176	594	1	419	0.0	640
lcl|NC_000962.3_prot_NP_215813.1_1	GCF_000266945.1_WP_014811773.1	49.645	602	417	69	423	202	4	176	593	1	417	0.0	640
lcl|NC_000962.3_prot_NP_215813.1_1	GCF_000222975.1_WP_002211989.1	50.118	602	419	70	425	200	4	176	594	1	419	0.0	640
lcl|NC_000962.3_prot_NP_215813.1_1	GCF_000215975.1_WP_013909588.1	48.931	602	446	69	421	204	5	178	593	32	446	0.0	640
lcl|NC_000962.3_prot_NP_215813.1_1	GCF_000186885.1_WP_015725141.1	46.556	602	415	69	421	216	3	176	593	1	415	0.0	640
lcl|NC_000962.3_prot_NP_215813.1_1	GCF_000025705.1_WP_013029146.1	47.170	602	418	69	424	212	4	176	593	1	418	0.0	640
lcl|NC_000962.3_prot_NP_215813.1_1	GCF_000024825.1_WP_005378757.1	48.471	602	419	70	425	207	4	176	594	1	419	0.0	640
lcl|NC_000962.3_prot_NP_215813.1_1	GCF_900637635.1_WP_058471672.1	49.412	602	420	70	425	203	4	176	594	1	419	0.0	639
lcl|NC_000962.3_prot_NP_215813.1_1	GCF_026409565.1_WP_169543749.1	47.406	602	418	69	424	209	5	176	592	1	417	0.0	639
lcl|NC_000962.3_prot_NP_215813.1_1	GCF_025264685.1_WP_260727390.1	50.440	602	681	99	682	251	4	1	597	1	680	0.0	639
lcl|NC_000962.3_prot_NP_215813.1_1	GCF_024297065.1_WP_254770306.1	48.357	602	421	70	426	208	4	174	593	2	421	0.0	639
lcl|NC_000962.3_prot_NP_215813.1_1	GCF_018304805.1_WP_246604679.1	52.184	602	407	68	412	188	3	184	592	1	406	0.0	639
lcl|NC_000962.3_prot_NP_215813.1_1	GCF_009938015.1_WP_147073872.1	46.118	602	420	70	425	217	4	176	594	1	419	0.0	639
lcl|NC_000962.3_prot_NP_215813.1_1	GCF_008275125.1_WP_149294997.1	47.170	602	418	69	424	212	4	176	593	1	418	0.0	639
lcl|NC_000962.3_prot_NP_215813.1_1	GCF_007859655.1_WP_146290983.1	48.357	602	421	70	426	208	4	174	593	2	421	0.0	639
lcl|NC_000962.3_prot_NP_215813.1_1	GCF_006742785.1_WP_172630470.1	46.698	602	419	69	424	214	4	176	593	1	418	0.0	639
lcl|NC_000962.3_prot_NP_215813.1_1	GCF_003606325.2_WP_005774324.1	48.357	602	421	70	426	208	4	174	593	2	421	0.0	639
lcl|NC_000962.3_prot_NP_215813.1_1	GCF_002288305.1_WP_095688443.1	49.303	602	538	95	574	237	3	24	597	2	521	0.0	639
lcl|NC_000962.3_prot_NP_215813.1_1	GCF_002287885.2_WP_095681004.1	50.697	602	543	95	574	234	3	24	597	2	526	0.0	639
lcl|NC_000962.3_prot_NP_215813.1_1	GCF_002157225.2_WP_086929563.1	49.057	602	419	69	424	204	4	176	593	1	418	0.0	639
lcl|NC_000962.3_prot_NP_215813.1_1	GCF_001682385.1_WP_041643347.1	48.706	602	419	70	425	206	4	176	594	1	419	0.0	639
lcl|NC_000962.3_prot_NP_215813.1_1	GCF_001455205.1_WP_062559466.1	46.934	602	419	69	424	213	4	176	593	1	418	0.0	639
lcl|NC_000962.3_prot_NP_215813.1_1	GCF_001007875.1_WP_046859797.1	47.754	602	418	69	423	209	4	176	592	1	417	0.0	639
lcl|NC_000962.3_prot_NP_215813.1_1	GCF_000971765.1_WP_022564003.1	49.882	602	419	70	425	201	4	176	594	1	419	0.0	639
lcl|NC_000962.3_prot_NP_215813.1_1	GCF_000723165.1_WP_035787757.1	48.000	602	420	70	425	209	4	176	594	1	419	0.0	639
lcl|NC_000962.3_prot_NP_215813.1_1	GCF_000319575.2_WP_016354044.1	49.528	602	418	69	424	202	4	176	593	1	418	0.0	639
lcl|NC_000962.3_prot_NP_215813.1_1	GCF_000214825.1_WP_013836111.1	49.528	602	418	69	424	202	4	176	593	1	418	0.0	639
lcl|NC_000962.3_prot_NP_215813.1_1	GCF_000176035.2_WP_013892132.1	47.418	602	421	70	426	212	4	174	593	2	421	0.0	639
lcl|NC_000962.3_prot_NP_215813.1_1	GCF_900475835.1_WP_015772058.1	46.840	602	680	99	617	312	3	1	601	56	672	0.0	639
lcl|NC_000962.3_prot_NP_215813.1_1	GCF_900475835.1_WP_015772058.1	19.689	602	680	99	193	148	1	24	209	20	212	1.57e-13	81.6
lcl|NC_000962.3_prot_NP_215813.1_1	GCF_023920085.1_WP_004856222.1	48.357	602	421	70	426	208	4	174	593	2	421	0.0	639
lcl|NC_000962.3_prot_NP_215813.1_1	GCF_023733635.1_WP_006474897.1	48.113	602	418	69	424	208	4	176	593	1	418	0.0	639
lcl|NC_000962.3_prot_NP_215813.1_1	GCF_021442325.1_WP_234661800.1	49.574	602	750	98	587	292	2	10	596	152	734	0.0	639
lcl|NC_000962.3_prot_NP_215813.1_1	GCF_016890085.1_WP_011135137.1	47.170	602	418	69	424	212	4	176	593	1	418	0.0	639
lcl|NC_000962.3_prot_NP_215813.1_1	GCF_016446285.1_WP_199263205.1	46.556	602	415	69	421	216	3	176	593	1	415	0.0	639
lcl|NC_000962.3_prot_NP_215813.1_1	GCF_014705925.2_WP_190725190.1	45.455	602	709	99	660	295	5	1	595	44	703	0.0	639
lcl|NC_000962.3_prot_NP_215813.1_1	GCF_014705925.2_WP_190725190.1	18.848	602	709	99	191	155	0	18	208	2	192	1.77e-09	68.9
lcl|NC_000962.3_prot_NP_215813.1_1	GCF_013460135.1_WP_180817197.1	49.412	602	419	70	425	203	4	176	594	1	419	0.0	639
lcl|NC_000962.3_prot_NP_215813.1_1	GCF_011751745.2_WP_166981265.1	45.673	602	724	98	624	300	4	8	596	93	712	0.0	639
lcl|NC_000962.3_prot_NP_215813.1_1	GCF_011751745.2_WP_166981265.1	17.073	602	724	98	164	136	0	24	187	4	167	1.98e-07	62.4
lcl|NC_000962.3_prot_NP_215813.1_1	GCF_008704935.1_WP_132756799.1	49.383	602	702	100	648	279	4	1	602	58	702	0.0	639
lcl|NC_000962.3_prot_NP_215813.1_1	GCF_008704935.1_WP_132756799.1	18.367	602	702	100	147	120	0	12	158	10	156	1.31e-05	56.6
lcl|NC_000962.3_prot_NP_215813.1_1	GCF_007431345.1_WP_143856675.1	47.642	602	416	69	424	208	5	176	593	1	416	0.0	639
lcl|NC_000962.3_prot_NP_215813.1_1	GCF_006874605.1_WP_142410076.1	48.931	602	415	69	421	206	3	176	593	1	415	0.0	639
lcl|NC_000962.3_prot_NP_215813.1_1	GCF_004135405.1_WP_129192026.1	56.615	602	696	85	514	221	2	84	596	169	681	0.0	639
lcl|NC_000962.3_prot_NP_215813.1_1	GCF_004135385.1_WP_242496482.1	49.032	602	646	100	620	298	4	1	602	21	640	0.0	639
lcl|NC_000962.3_prot_NP_215813.1_1	GCF_004135385.1_WP_242496482.1	23.944	602	646	100	142	108	0	40	181	1	142	1.91e-07	62.4
lcl|NC_000962.3_prot_NP_215813.1_1	GCF_003325375.1_WP_114054187.1	50.946	602	692	100	634	276	5	1	602	62	692	0.0	639
lcl|NC_000962.3_prot_NP_215813.1_1	GCF_002906475.1_WP_005535997.1	47.765	602	419	70	425	210	4	176	594	1	419	0.0	639
lcl|NC_000962.3_prot_NP_215813.1_1	GCF_002887615.1_WP_038868581.1	48.471	602	419	70	425	207	4	176	594	1	419	0.0	639
lcl|NC_000962.3_prot_NP_215813.1_1	GCF_002752675.1_WP_054268339.1	47.529	602	420	70	425	211	4	176	594	1	419	0.0	639
lcl|NC_000962.3_prot_NP_215813.1_1	GCF_002240035.1_WP_058441321.1	49.176	602	420	70	425	204	4	176	594	1	419	0.0	639
lcl|NC_000962.3_prot_NP_215813.1_1	GCF_001974985.1_WP_076691332.1	54.265	602	688	92	551	248	2	46	596	126	672	0.0	639
lcl|NC_000962.3_prot_NP_215813.1_1	GCF_001854225.1_WP_070954792.1	52.182	602	585	95	573	273	1	24	596	6	577	0.0	639
lcl|NC_000962.3_prot_NP_215813.1_1	GCF_000953635.1_WP_045100427.1	49.176	602	420	70	425	204	4	176	594	1	419	0.0	639
lcl|NC_000962.3_prot_NP_215813.1_1	GCF_000612965.1_WP_034448516.1	48.357	602	421	70	426	208	4	174	593	2	421	0.0	639
lcl|NC_000962.3_prot_NP_215813.1_1	GCF_000284615.1_WP_014420346.1	48.941	602	420	69	425	204	5	176	593	1	419	0.0	639
lcl|NC_000962.3_prot_NP_215813.1_1	GCF_000219725.1_WP_013969056.1	38.526	602	617	98	597	343	6	6	597	38	615	0.0	639
lcl|NC_000962.3_prot_NP_215813.1_1	GCF_000196495.1_WP_012549035.1	48.235	602	419	70	425	208	4	176	594	1	419	0.0	639
lcl|NC_000962.3_prot_NP_215813.1_1	GCF_000196435.1_WP_012232634.1	48.357	602	421	70	426	208	4	174	593	2	421	0.0	639
lcl|NC_000962.3_prot_NP_215813.1_1	GCF_000023705.1_WP_015832965.1	46.824	602	419	70	425	214	4	176	594	1	419	0.0	639
lcl|NC_000962.3_prot_NP_215813.1_1	GCF_000022725.1_WP_015857121.1	48.357	602	421	70	426	208	4	174	593	2	421	0.0	639
lcl|NC_000962.3_prot_NP_215813.1_1	GCF_900637555.1_WP_005673600.1	47.529	602	419	69	425	210	4	176	593	1	419	0.0	639
lcl|NC_000962.3_prot_NP_215813.1_1	GCF_900161835.1_WP_097032372.1	49.412	602	419	70	425	203	4	176	594	1	419	0.0	639
lcl|NC_000962.3_prot_NP_215813.1_1	GCF_023822005.2_WP_234612102.1	35.040	602	624	93	625	333	6	36	593	6	624	0.0	639
lcl|NC_000962.3_prot_NP_215813.1_1	GCF_022811605.1_WP_243568775.1	54.820	602	716	88	529	238	1	68	596	178	705	0.0	639
lcl|NC_000962.3_prot_NP_215813.1_1	GCF_016747875.1_WP_031490616.1	46.824	602	419	70	425	214	4	176	594	1	419	0.0	639
lcl|NC_000962.3_prot_NP_215813.1_1	GCF_012931845.1_WP_169164811.1	48.670	602	686	99	639	285	4	1	596	40	678	0.0	639
lcl|NC_000962.3_prot_NP_215813.1_1	GCF_012931845.1_WP_169164811.1	19.459	602	686	99	185	138	2	38	222	18	191	3.44e-07	61.6
lcl|NC_000962.3_prot_NP_215813.1_1	GCF_008369605.1_WP_001054524.1	48.941	602	419	70	425	205	4	176	594	1	419	0.0	639
lcl|NC_000962.3_prot_NP_215813.1_1	GCF_007971225.1_WP_262713674.1	39.029	602	545	92	556	324	5	40	592	1	544	0.0	639
lcl|NC_000962.3_prot_NP_215813.1_1	GCF_004323735.1_WP_131097326.1	50.487	602	685	99	616	287	5	1	601	73	685	0.0	639
lcl|NC_000962.3_prot_NP_215813.1_1	GCF_004323735.1_WP_131097326.1	18.857	602	685	99	175	132	1	8	172	11	185	5.84e-08	63.9
lcl|NC_000962.3_prot_NP_215813.1_1	GCF_004124255.1_WP_129210411.1	50.236	602	419	69	424	199	4	176	593	1	418	0.0	639
lcl|NC_000962.3_prot_NP_215813.1_1	GCF_003940805.1_WP_125325486.1	47.307	602	423	70	427	213	4	173	593	3	423	0.0	639
lcl|NC_000962.3_prot_NP_215813.1_1	GCF_003173715.1_WP_194075189.1	48.951	602	447	70	429	207	4	171	593	25	447	0.0	639
lcl|NC_000962.3_prot_NP_215813.1_1	GCF_003150835.1_WP_110451134.1	50.118	602	469	70	425	200	4	175	593	51	469	0.0	639
lcl|NC_000962.3_prot_NP_215813.1_1	GCF_002209385.1_WP_088617570.1	47.642	602	418	69	424	210	4	176	593	1	418	0.0	639
lcl|NC_000962.3_prot_NP_215813.1_1	GCF_001281405.1_WP_053943874.1	48.826	602	421	70	426	206	4	174	593	2	421	0.0	639
lcl|NC_000962.3_prot_NP_215813.1_1	GCF_000950575.1_WP_045074675.1	48.423	602	690	100	634	295	4	1	602	55	688	0.0	639
lcl|NC_000962.3_prot_NP_215813.1_1	GCF_000619905.2_WP_025041073.1	47.642	602	419	69	424	210	4	176	593	1	418	0.0	639
lcl|NC_000962.3_prot_NP_215813.1_1	GCF_000355765.4_WP_004179512.1	47.877	602	419	69	424	209	4	176	593	1	418	0.0	639
lcl|NC_000962.3_prot_NP_215813.1_1	GCF_000304455.1_WP_014934661.1	36.964	602	508	93	560	292	5	35	591	5	506	0.0	639
lcl|NC_000962.3_prot_NP_215813.1_1	GCF_000023445.1_WP_015852797.1	46.948	602	424	70	426	217	3	169	591	3	422	0.0	639
lcl|NC_000962.3_prot_NP_215813.1_1	GCF_900048045.1_WP_067569414.1	48.471	602	419	70	425	207	4	176	594	1	419	0.0	638
lcl|NC_000962.3_prot_NP_215813.1_1	GCF_023585745.1_WP_250223188.1	49.292	602	419	69	424	203	4	176	593	1	418	0.0	638
lcl|NC_000962.3_prot_NP_215813.1_1	GCF_017868775.1_WP_111412893.1	50.472	602	419	69	424	198	4	176	593	1	418	0.0	638
lcl|NC_000962.3_prot_NP_215813.1_1	GCF_014623465.1_WP_111608085.1	49.645	602	421	69	423	201	4	176	592	1	417	0.0	638
lcl|NC_000962.3_prot_NP_215813.1_1	GCF_013284055.1_WP_173533497.1	47.642	602	418	69	424	210	4	176	593	1	418	0.0	638
lcl|NC_000962.3_prot_NP_215813.1_1	GCF_012849555.1_WP_170202527.1	47.294	602	420	70	425	212	4	176	594	1	419	0.0	638
lcl|NC_000962.3_prot_NP_215813.1_1	GCF_011765605.1_WP_035687646.1	50.704	602	420	70	426	197	5	176	594	1	420	0.0	638
lcl|NC_000962.3_prot_NP_215813.1_1	GCF_009911795.1_WP_160672039.1	50.676	602	751	98	592	289	1	14	602	158	749	0.0	638
lcl|NC_000962.3_prot_NP_215813.1_1	GCF_008807015.1_WP_151050588.1	49.526	602	419	69	422	201	4	176	591	1	416	0.0	638
lcl|NC_000962.3_prot_NP_215813.1_1	GCF_008122265.1_WP_148861468.1	48.706	602	420	69	425	205	5	176	593	1	419	0.0	638
lcl|NC_000962.3_prot_NP_215813.1_1	GCF_003716875.1_WP_123015182.1	48.706	602	419	70	425	206	4	176	594	1	419	0.0	638
lcl|NC_000962.3_prot_NP_215813.1_1	GCF_003268615.1_WP_113738449.1	39.750	602	516	93	561	284	6	35	592	6	515	0.0	638
lcl|NC_000962.3_prot_NP_215813.1_1	GCF_002951835.1_WP_002642038.1	49.531	602	440	70	426	203	4	176	595	1	420	0.0	638
lcl|NC_000962.3_prot_NP_215813.1_1	GCF_000287355.1_WP_014888907.1	48.706	602	419	70	425	206	4	176	594	1	419	0.0	638
lcl|NC_000962.3_prot_NP_215813.1_1	GCF_000242455.2_WP_237722770.1	47.991	602	419	69	423	208	4	176	592	1	417	0.0	638
lcl|NC_000962.3_prot_NP_215813.1_1	GCF_000175215.2_WP_013477678.1	45.316	602	455	75	459	239	4	141	593	3	455	0.0	638
lcl|NC_000962.3_prot_NP_215813.1_1	GCF_000019845.1_WP_012386472.1	49.415	602	422	70	427	203	5	174	593	2	422	0.0	638
lcl|NC_000962.3_prot_NP_215813.1_1	GCF_900187045.1_WP_051277517.1	51.057	602	615	94	615	249	2	40	602	1	615	0.0	638
lcl|NC_000962.3_prot_NP_215813.1_1	GCF_900130075.1_WP_076592243.1	47.529	602	421	70	425	211	4	176	594	1	419	0.0	638
lcl|NC_000962.3_prot_NP_215813.1_1	GCF_900048035.1_WP_067498426.1	49.176	602	419	70	425	204	4	176	594	1	419	0.0	638
lcl|NC_000962.3_prot_NP_215813.1_1	GCF_027118995.1_WP_269308460.1	46.118	602	420	70	425	217	4	176	594	1	419	0.0	638
lcl|NC_000962.3_prot_NP_215813.1_1	GCF_025137375.1_WP_259861750.1	51.424	602	666	99	667	252	4	1	597	1	665	0.0	638
lcl|NC_000962.3_prot_NP_215813.1_1	GCF_024346675.1_WP_062688197.1	48.471	602	421	70	425	207	4	176	594	1	419	0.0	638
lcl|NC_000962.3_prot_NP_215813.1_1	GCF_023746535.1_WP_251934400.1	47.294	602	419	69	425	211	5	176	593	1	419	0.0	638
lcl|NC_000962.3_prot_NP_215813.1_1	GCF_017868935.1_WP_209475970.1	50.472	602	419	69	424	198	4	176	593	1	418	0.0	638
lcl|NC_000962.3_prot_NP_215813.1_1	GCF_015476235.1_WP_104356542.1	47.529	602	420	70	425	211	4	176	594	1	419	0.0	638
lcl|NC_000962.3_prot_NP_215813.1_1	GCF_011462075.1_WP_165883137.1	49.764	602	657	94	635	248	3	33	596	14	648	0.0	638
lcl|NC_000962.3_prot_NP_215813.1_1	GCF_007971385.1_WP_146781085.1	36.799	602	605	93	606	327	8	36	592	6	604	0.0	638
lcl|NC_000962.3_prot_NP_215813.1_1	GCF_007559005.1_WP_222103210.1	57.143	602	630	94	630	203	3	40	602	1	630	0.0	638
lcl|NC_000962.3_prot_NP_215813.1_1	GCF_005144885.1_WP_136960380.1	50.000	602	421	70	426	201	4	174	593	2	421	0.0	638
lcl|NC_000962.3_prot_NP_215813.1_1	GCF_003143555.1_WP_109340772.1	47.183	602	421	70	426	213	4	176	595	1	420	0.0	638
lcl|NC_000962.3_prot_NP_215813.1_1	GCF_003065425.1_WP_108390483.1	50.515	602	784	97	582	285	2	15	596	193	771	0.0	638
lcl|NC_000962.3_prot_NP_215813.1_1	GCF_001017775.3_WP_047214316.1	46.824	602	420	70	425	214	4	176	594	1	419	0.0	638
lcl|NC_000962.3_prot_NP_215813.1_1	GCF_000734015.1_WP_038060818.1	48.463	602	417	69	423	207	5	176	593	1	417	0.0	638
lcl|NC_000962.3_prot_NP_215813.1_1	GCF_000331995.1_WP_015360013.1	41.338	602	597	93	583	311	4	35	592	5	581	0.0	638
lcl|NC_000962.3_prot_NP_215813.1_1	GCF_000277285.1_WP_014419441.1	45.055	602	457	74	455	236	4	147	593	1	449	0.0	638
lcl|NC_000962.3_prot_NP_215813.1_1	GCF_000024965.1_WP_222829434.1	48.973	602	659	100	633	292	4	1	602	21	653	0.0	638
lcl|NC_000962.3_prot_NP_215813.1_1	GCF_000024965.1_WP_222829434.1	21.333	602	659	100	150	116	1	40	187	1	150	1.11e-08	66.2
lcl|NC_000962.3_prot_NP_215813.1_1	GCF_000013665.1_WP_011470126.1	50.000	602	419	69	424	200	4	176	593	1	418	0.0	638
lcl|NC_000962.3_prot_NP_215813.1_1	GCF_902813185.1_WP_145770013.1	46.824	602	419	70	425	214	4	176	594	1	419	0.0	637
lcl|NC_000962.3_prot_NP_215813.1_1	GCF_019931735.1_WP_188740564.1	49.528	602	421	69	424	202	4	176	593	1	418	0.0	637
lcl|NC_000962.3_prot_NP_215813.1_1	GCF_017948405.1_WP_210560497.1	47.183	602	422	70	426	213	4	176	595	1	420	0.0	637
lcl|NC_000962.3_prot_NP_215813.1_1	GCF_017894385.1_WP_169206135.1	49.176	602	419	70	425	204	4	176	594	1	419	0.0	637
lcl|NC_000962.3_prot_NP_215813.1_1	GCF_017815515.1_WP_209738669.1	47.653	602	421	70	426	211	4	174	593	2	421	0.0	637
lcl|NC_000962.3_prot_NP_215813.1_1	GCF_017354945.1_WP_207354599.1	48.592	602	420	70	426	207	4	176	595	1	420	0.0	637
lcl|NC_000962.3_prot_NP_215813.1_1	GCF_011764545.1_WP_173039492.1	53.628	602	628	99	634	250	4	1	597	1	627	0.0	637
lcl|NC_000962.3_prot_NP_215813.1_1	GCF_009827135.1_WP_159715062.1	48.821	602	419	69	424	205	4	176	593	1	418	0.0	637
lcl|NC_000962.3_prot_NP_215813.1_1	GCF_008806995.1_WP_123795975.1	49.289	602	419	69	422	202	4	176	591	1	416	0.0	637
lcl|NC_000962.3_prot_NP_215813.1_1	GCF_006547045.1_WP_141624659.1	37.949	602	579	96	585	345	7	17	593	5	579	0.0	637
lcl|NC_000962.3_prot_NP_215813.1_1	GCF_003966735.1_WP_232034867.1	47.743	602	415	69	421	211	3	176	593	1	415	0.0	637
lcl|NC_000962.3_prot_NP_215813.1_1	GCF_002127965.1_WP_005879398.1	46.353	602	420	70	425	216	4	176	594	1	419	0.0	637
lcl|NC_000962.3_prot_NP_215813.1_1	GCF_001941825.1_WP_036236120.1	47.294	602	420	70	425	212	4	176	594	1	419	0.0	637
lcl|NC_000962.3_prot_NP_215813.1_1	GCF_001761465.1_WP_035640151.1	36.913	602	618	98	596	362	6	2	592	31	617	0.0	637
lcl|NC_000962.3_prot_NP_215813.1_1	GCF_000830985.1_WP_041340827.1	49.176	602	420	69	425	203	5	176	593	1	419	0.0	637
lcl|NC_000962.3_prot_NP_215813.1_1	GCF_000367205.1_WP_015582627.1	47.468	602	633	95	632	268	3	26	596	2	630	0.0	637
lcl|NC_000962.3_prot_NP_215813.1_1	GCF_000024765.1_WP_012825182.1	47.765	602	419	70	425	210	4	176	594	1	419	0.0	637
lcl|NC_000962.3_prot_NP_215813.1_1	GCF_000019725.1_WP_012321209.1	48.718	602	428	70	429	208	4	171	593	6	428	0.0	637
lcl|NC_000962.3_prot_NP_215813.1_1	GCF_000018885.1_WP_041685301.1	45.317	602	714	100	662	302	4	1	602	51	712	0.0	637
lcl|NC_000962.3_prot_NP_215813.1_1	GCF_000018885.1_WP_041685301.1	17.647	602	714	100	187	154	0	23	209	14	200	1.11e-07	63.1
lcl|NC_000962.3_prot_NP_215813.1_1	GCF_000010665.1_WP_015861600.1	47.031	602	415	69	421	214	3	176	593	1	415	0.0	637
lcl|NC_000962.3_prot_NP_215813.1_1	GCF_024347675.1_WP_261835688.1	47.765	602	419	70	425	210	4	176	594	1	419	0.0	637
lcl|NC_000962.3_prot_NP_215813.1_1	GCF_024346875.1_WP_261817486.1	48.585	602	419	69	424	206	4	176	593	1	418	0.0	637
lcl|NC_000962.3_prot_NP_215813.1_1	GCF_024346795.1_WP_017027073.1	48.941	602	419	70	425	205	4	176	594	1	419	0.0	637
lcl|NC_000962.3_prot_NP_215813.1_1	GCF_021117385.1_WP_231350411.1	36.500	602	594	99	600	368	5	1	593	1	594	0.0	637
lcl|NC_000962.3_prot_NP_215813.1_1	GCF_019900845.1_WP_232359078.1	47.887	602	421	70	426	210	4	176	595	1	420	0.0	637
lcl|NC_000962.3_prot_NP_215813.1_1	GCF_017352235.1_WP_005714322.1	50.939	602	420	70	426	196	5	176	594	1	420	0.0	637
lcl|NC_000962.3_prot_NP_215813.1_1	GCF_016894345.1_WP_230338255.1	47.877	602	419	69	424	209	4	176	593	1	418	0.0	637
lcl|NC_000962.3_prot_NP_215813.1_1	GCF_013282625.1_WP_173286555.1	49.057	602	418	69	424	204	4	176	593	1	418	0.0	637
lcl|NC_000962.3_prot_NP_215813.1_1	GCF_012562765.1_WP_168892652.1	48.471	602	419	70	425	207	4	176	594	1	419	0.0	637
lcl|NC_000962.3_prot_NP_215813.1_1	GCF_011764565.1_WP_173155954.1	52.904	602	631	99	637	253	3	1	597	1	630	0.0	637
lcl|NC_000962.3_prot_NP_215813.1_1	GCF_010977575.1_WP_076746309.1	50.000	602	419	69	424	200	4	176	593	1	418	0.0	637
lcl|NC_000962.3_prot_NP_215813.1_1	GCF_009936175.1_WP_011179970.1	48.122	602	421	70	426	209	4	174	593	2	421	0.0	637
lcl|NC_000962.3_prot_NP_215813.1_1	GCF_009684715.1_WP_121122603.1	51.408	602	420	70	426	194	5	176	594	1	420	0.0	637
lcl|NC_000962.3_prot_NP_215813.1_1	GCF_003589925.1_WP_119754330.1	40.179	602	534	93	560	300	6	36	592	6	533	0.0	637
lcl|NC_000962.3_prot_NP_215813.1_1	GCF_003258605.2_WP_114914462.1	55.420	602	749	95	572	249	2	32	600	181	749	0.0	637
lcl|NC_000962.3_prot_NP_215813.1_1	GCF_003065605.1_WP_199906817.1	47.196	602	696	99	642	290	3	1	596	50	688	0.0	637
lcl|NC_000962.3_prot_NP_215813.1_1	GCF_003065605.1_WP_199906817.1	15.426	602	696	99	188	159	0	29	216	19	206	8.58e-09	66.6
lcl|NC_000962.3_prot_NP_215813.1_1	GCF_003063625.1_WP_108604885.1	46.824	602	422	70	425	214	4	176	594	1	419	0.0	637
lcl|NC_000962.3_prot_NP_215813.1_1	GCF_002155145.1_WP_086620628.1	49.528	602	419	69	424	202	4	176	593	1	418	0.0	637
lcl|NC_000962.3_prot_NP_215813.1_1	GCF_002067135.1_WP_080239907.1	36.079	602	733	97	607	356	5	8	593	138	733	0.0	637
lcl|NC_000962.3_prot_NP_215813.1_1	GCF_002067135.1_WP_080239907.1	14.198	602	733	97	162	139	0	35	196	5	166	1.29e-05	56.6
lcl|NC_000962.3_prot_NP_215813.1_1	GCF_001886615.1_WP_071944200.1	50.236	602	419	69	424	199	4	176	593	1	418	0.0	637
lcl|NC_000962.3_prot_NP_215813.1_1	GCF_001855275.1_WP_021476377.1	46.934	602	418	69	424	213	4	176	593	1	418	0.0	637
lcl|NC_000962.3_prot_NP_215813.1_1	GCF_001618865.1_WP_257724466.1	45.376	602	461	77	465	245	3	132	593	2	460	0.0	637
lcl|NC_000962.3_prot_NP_215813.1_1	GCF_001043175.1_WP_048384218.1	48.235	602	420	69	425	207	5	176	593	1	419	0.0	637
lcl|NC_000962.3_prot_NP_215813.1_1	GCF_000953655.1_WP_045107252.1	49.176	602	420	70	425	204	4	176	594	1	419	0.0	637
lcl|NC_000962.3_prot_NP_215813.1_1	GCF_000341355.1_WP_015398661.1	47.653	602	421	70	426	211	4	174	593	2	421	0.0	637
lcl|NC_000962.3_prot_NP_215813.1_1	GCF_000277165.1_WP_004597794.1	44.615	602	457	74	455	238	4	147	593	1	449	0.0	637
lcl|NC_000962.3_prot_NP_215813.1_1	GCF_000226565.1_WP_014107641.1	48.122	602	421	70	426	209	4	176	595	1	420	0.0	637
lcl|NC_000962.3_prot_NP_215813.1_1	GCF_000020985.1_WP_028842629.1	49.289	602	416	69	422	204	4	176	593	1	416	0.0	637
lcl|NC_000962.3_prot_NP_215813.1_1	GCF_000014705.1_WP_011635948.1	49.292	602	420	69	424	203	4	176	593	1	418	0.0	637
lcl|NC_000962.3_prot_NP_215813.1_1	GCF_900637495.1_WP_058482039.1	48.000	602	420	70	425	209	4	176	594	1	419	0.0	637
lcl|NC_000962.3_prot_NP_215813.1_1	GCF_028009925.1_WP_239787211.1	35.294	602	607	98	595	362	6	2	592	31	606	0.0	637
lcl|NC_000962.3_prot_NP_215813.1_1	GCF_026642255.1_WP_267946348.1	50.409	602	680	99	611	286	4	1	597	70	677	0.0	637
lcl|NC_000962.3_prot_NP_215813.1_1	GCF_026642255.1_WP_267946348.1	18.519	602	680	99	189	150	2	11	196	22	209	1.34e-09	69.3
lcl|NC_000962.3_prot_NP_215813.1_1	GCF_024347395.1_WP_029203263.1	48.000	602	419	70	425	209	4	176	594	1	419	0.0	637
lcl|NC_000962.3_prot_NP_215813.1_1	GCF_024346995.1_WP_077313728.1	48.471	602	419	70	425	207	4	176	594	1	419	0.0	637
lcl|NC_000962.3_prot_NP_215813.1_1	GCF_019923565.1_WP_223138513.1	48.706	602	419	70	425	206	4	176	594	1	419	0.0	637
lcl|NC_000962.3_prot_NP_215813.1_1	GCF_019443265.1_WP_139528331.1	50.708	602	419	69	424	197	4	176	593	1	418	0.0	637
lcl|NC_000962.3_prot_NP_215813.1_1	GCF_018343795.1_WP_211597562.1	50.118	602	419	70	425	200	4	176	594	1	419	0.0	637
lcl|NC_000962.3_prot_NP_215813.1_1	GCF_012571345.1_WP_168895606.1	48.706	602	419	70	425	206	4	176	594	1	419	0.0	637
lcl|NC_000962.3_prot_NP_215813.1_1	GCF_009649075.1_WP_153653516.1	44.930	602	696	99	641	304	3	1	595	50	687	0.0	637
lcl|NC_000962.3_prot_NP_215813.1_1	GCF_009649075.1_WP_153653516.1	17.413	602	696	99	201	160	1	12	206	2	202	7.71e-08	63.5
lcl|NC_000962.3_prot_NP_215813.1_1	GCF_004028275.1_WP_029939392.1	48.471	602	419	69	425	206	5	176	593	1	419	0.0	637
lcl|NC_000962.3_prot_NP_215813.1_1	GCF_003957745.1_WP_126168392.1	48.585	602	421	69	424	206	4	176	593	1	418	0.0	637
lcl|NC_000962.3_prot_NP_215813.1_1	GCF_003955735.1_WP_126128778.1	47.765	602	420	70	425	210	4	176	594	1	419	0.0	637
lcl|NC_000962.3_prot_NP_215813.1_1	GCF_003612795.1_WP_038481222.1	50.472	602	419	69	424	198	4	176	593	1	418	0.0	637
lcl|NC_000962.3_prot_NP_215813.1_1	GCF_003611035.1_WP_245977165.1	50.508	602	888	98	590	276	3	13	602	312	885	0.0	637
lcl|NC_000962.3_prot_NP_215813.1_1	GCF_003076455.1_WP_108740489.1	37.669	602	587	93	592	325	6	35	592	5	586	0.0	637
lcl|NC_000962.3_prot_NP_215813.1_1	GCF_001998865.1_WP_077351927.1	47.010	602	631	99	602	312	2	1	598	31	629	0.0	637
lcl|NC_000962.3_prot_NP_215813.1_1	GCF_001998865.1_WP_077351927.1	20.144	602	631	99	139	111	0	37	175	8	146	7.47e-10	70.1
lcl|NC_000962.3_prot_NP_215813.1_1	GCF_000218625.1_WP_013887059.1	46.556	602	413	69	421	214	4	176	593	1	413	0.0	637
lcl|NC_000962.3_prot_NP_215813.1_1	GCF_000186345.1_WP_244420446.1	48.463	602	418	69	423	206	4	176	592	1	417	0.0	637
lcl|NC_000962.3_prot_NP_215813.1_1	GCF_000011745.1_WP_011283119.1	48.585	602	419	69	424	206	4	176	593	1	418	0.0	637
lcl|NC_000962.3_prot_NP_215813.1_1	GCF_028748065.1_WP_274495212.1	49.528	602	418	69	424	202	4	176	593	1	418	0.0	636
lcl|NC_000962.3_prot_NP_215813.1_1	GCF_019670705.1_WP_039034049.1	49.061	602	421	70	426	205	4	176	595	1	420	0.0	636
lcl|NC_000962.3_prot_NP_215813.1_1	GCF_018223345.1_WP_212594653.1	49.057	602	420	69	424	204	4	176	593	1	418	0.0	636
lcl|NC_000962.3_prot_NP_215813.1_1	GCF_018128325.1_WP_244980221.1	53.559	602	561	92	562	247	2	48	598	1	559	0.0	636
lcl|NC_000962.3_prot_NP_215813.1_1	GCF_017948325.1_WP_210605302.1	48.598	602	689	99	642	282	4	2	596	40	680	0.0	636
lcl|NC_000962.3_prot_NP_215813.1_1	GCF_017948325.1_WP_210605302.1	15.816	602	689	99	196	159	1	23	212	2	197	8.23e-12	76.2
lcl|NC_000962.3_prot_NP_215813.1_1	GCF_017638925.1_WP_208841809.1	47.653	602	420	70	426	211	4	176	595	1	420	0.0	636
lcl|NC_000962.3_prot_NP_215813.1_1	GCF_017310015.1_WP_091826312.1	50.000	602	419	69	424	200	4	176	593	1	418	0.0	636
lcl|NC_000962.3_prot_NP_215813.1_1	GCF_014701115.1_WP_190850217.1	49.023	602	725	100	665	273	6	1	602	63	724	0.0	636
lcl|NC_000962.3_prot_NP_215813.1_1	GCF_014701115.1_WP_190850217.1	14.368	602	725	100	174	149	0	27	200	30	203	6.26e-05	54.3
lcl|NC_000962.3_prot_NP_215813.1_1	GCF_013409125.2_WP_090335975.1	51.179	602	419	69	424	195	4	176	593	1	418	0.0	636
lcl|NC_000962.3_prot_NP_215813.1_1	GCF_013003985.1_WP_171160773.1	48.941	602	418	70	425	203	5	176	594	1	417	0.0	636
lcl|NC_000962.3_prot_NP_215813.1_1	GCF_012849375.1_WP_110845290.1	47.529	602	420	70	425	211	4	176	594	1	419	0.0	636
lcl|NC_000962.3_prot_NP_215813.1_1	GCF_011455495.1_WP_123955616.1	51.408	602	420	70	426	194	5	176	594	1	420	0.0	636
lcl|NC_000962.3_prot_NP_215813.1_1	GCF_009685195.1_WP_026016056.1	49.061	602	421	70	426	205	4	174	593	2	421	0.0	636
lcl|NC_000962.3_prot_NP_215813.1_1	GCF_008693965.1_WP_010796695.1	51.179	602	419	69	424	195	4	176	593	1	418	0.0	636
lcl|NC_000962.3_prot_NP_215813.1_1	GCF_003966715.1_WP_126401648.1	50.000	602	421	70	426	201	4	174	593	2	421	0.0	636
lcl|NC_000962.3_prot_NP_215813.1_1	GCF_003932735.1_WP_125216020.1	44.924	602	460	76	463	243	4	137	593	4	460	0.0	636
lcl|NC_000962.3_prot_NP_215813.1_1	GCF_002998535.1_WP_106068448.1	35.343	602	676	98	597	374	5	2	593	87	676	0.0	636
lcl|NC_000962.3_prot_NP_215813.1_1	GCF_002998535.1_WP_106068448.1	13.171	602	676	98	205	162	1	36	224	6	210	4.02e-07	61.2
lcl|NC_000962.3_prot_NP_215813.1_1	GCF_002688585.1_WP_099340904.1	49.883	602	423	70	429	200	4	176	595	1	423	0.0	636
lcl|NC_000962.3_prot_NP_215813.1_1	GCF_002356115.1_WP_096527528.1	47.877	602	418	69	424	209	4	176	593	1	418	0.0	636
lcl|NC_000962.3_prot_NP_215813.1_1	GCF_002082605.1_WP_084768127.1	50.467	602	697	99	642	273	4	1	600	59	697	0.0	636
lcl|NC_000962.3_prot_NP_215813.1_1	GCF_001543305.1_WP_015273795.1	47.406	602	424	69	424	211	4	175	592	3	420	0.0	636
lcl|NC_000962.3_prot_NP_215813.1_1	GCF_001010285.1_WP_023043607.1	48.706	602	419	70	425	206	4	176	594	1	419	0.0	636
lcl|NC_000962.3_prot_NP_215813.1_1	GCF_000725405.1_WP_038567358.1	46.154	602	698	100	676	290	3	1	602	21	696	0.0	636
lcl|NC_000962.3_prot_NP_215813.1_1	GCF_000725405.1_WP_038567358.1	16.848	602	698	100	184	152	1	40	222	1	184	2.65e-09	68.1
lcl|NC_000962.3_prot_NP_215813.1_1	GCF_000297075.2_WP_003458629.1	51.179	602	419	69	424	195	4	176	593	1	418	0.0	636
lcl|NC_000962.3_prot_NP_215813.1_1	GCF_000196875.2_WP_013333541.1	50.000	602	419	69	424	200	4	176	593	1	418	0.0	636
lcl|NC_000962.3_prot_NP_215813.1_1	GCF_000145255.1_WP_013294366.1	46.934	602	418	69	424	213	4	176	593	1	418	0.0	636
lcl|NC_000962.3_prot_NP_215813.1_1	GCF_000015245.1_WP_011761324.1	48.585	602	420	69	424	206	4	176	593	1	418	0.0	636
lcl|NC_000962.3_prot_NP_215813.1_1	GCF_928721995.1_WP_022374025.1	48.000	602	420	70	425	209	4	176	594	1	419	0.0	636
lcl|NC_000962.3_prot_NP_215813.1_1	GCF_900039485.1_WP_067565634.1	49.647	602	419	70	425	202	4	176	594	1	419	0.0	636
lcl|NC_000962.3_prot_NP_215813.1_1	GCF_024347195.1_WP_205659862.1	49.176	602	419	70	425	204	4	176	594	1	419	0.0	636
lcl|NC_000962.3_prot_NP_215813.1_1	GCF_024347075.1_WP_068698612.1	48.706	602	419	70	425	206	4	176	594	1	419	0.0	636
lcl|NC_000962.3_prot_NP_215813.1_1	GCF_014960965.1_WP_246464949.1	47.031	602	681	99	640	295	4	1	597	39	677	0.0	636
lcl|NC_000962.3_prot_NP_215813.1_1	GCF_014960965.1_WP_246464949.1	17.371	602	681	99	213	169	1	23	228	2	214	5.31e-13	80.1
lcl|NC_000962.3_prot_NP_215813.1_1	GCF_014297575.1_WP_187058293.1	36.102	602	584	97	590	358	6	11	593	7	584	0.0	636
lcl|NC_000962.3_prot_NP_215813.1_1	GCF_013181415.1_WP_031598156.1	47.059	602	419	70	425	213	4	176	594	1	419	0.0	636
lcl|NC_000962.3_prot_NP_215813.1_1	GCF_009730655.1_WP_025011562.1	48.826	602	421	70	426	206	4	176	595	1	420	0.0	636
lcl|NC_000962.3_prot_NP_215813.1_1	GCF_009498695.1_WP_011807238.1	47.653	602	421	70	426	211	4	174	593	2	421	0.0	636
lcl|NC_000962.3_prot_NP_215813.1_1	GCF_009498035.1_WP_033432794.1	54.127	602	694	99	630	257	4	2	601	67	694	0.0	636
lcl|NC_000962.3_prot_NP_215813.1_1	GCF_009498035.1_WP_033432794.1	21.500	602	694	99	200	151	1	15	208	21	220	4.46e-11	73.9
lcl|NC_000962.3_prot_NP_215813.1_1	GCF_008727775.1_WP_150924154.1	56.102	602	729	84	508	222	1	88	595	205	711	0.0	636
lcl|NC_000962.3_prot_NP_215813.1_1	GCF_003574215.1_WP_119334757.1	49.057	602	419	69	424	204	4	176	593	1	418	0.0	636
lcl|NC_000962.3_prot_NP_215813.1_1	GCF_003173755.1_WP_109960689.1	49.531	602	437	70	426	203	4	174	593	18	437	0.0	636
lcl|NC_000962.3_prot_NP_215813.1_1	GCF_002073255.2_WP_005725026.1	50.469	602	420	70	426	198	5	176	594	1	420	0.0	636
lcl|NC_000962.3_prot_NP_215813.1_1	GCF_001545155.1_WP_066450947.1	50.236	602	419	69	424	199	4	176	593	1	418	0.0	636
lcl|NC_000962.3_prot_NP_215813.1_1	GCF_001263175.1_WP_082342966.1	40.767	602	570	95	574	327	4	21	591	5	568	0.0	636
lcl|NC_000962.3_prot_NP_215813.1_1	GCF_000503895.1_WP_023785809.1	49.647	602	421	70	425	202	4	175	593	3	421	0.0	636
lcl|NC_000962.3_prot_NP_215813.1_1	GCF_000327045.1_WP_015280974.1	48.815	602	418	69	422	204	4	176	591	1	416	0.0	636
lcl|NC_000962.3_prot_NP_215813.1_1	GCF_000093025.1_WP_013149112.1	46.588	602	419	70	425	215	4	176	594	1	419	0.0	636
lcl|NC_000962.3_prot_NP_215813.1_1	GCF_000091325.1_WP_013053093.1	48.832	602	422	70	428	207	4	176	597	1	422	0.0	636
lcl|NC_000962.3_prot_NP_215813.1_1	GCF_000024365.1_WP_015747368.1	50.378	602	717	99	661	262	5	1	597	56	714	0.0	636
lcl|NC_000962.3_prot_NP_215813.1_1	GCF_000024365.1_WP_015747368.1	18.462	602	717	99	195	159	0	19	213	15	209	2.54e-10	71.6
lcl|NC_000962.3_prot_NP_215813.1_1	GCF_000009145.1_WP_011111644.1	46.934	602	419	69	424	213	4	176	593	1	418	0.0	636
lcl|NC_000962.3_prot_NP_215813.1_1	GCF_026278345.1_WP_266367153.1	36.242	602	672	97	596	355	6	12	593	88	672	0.0	635
lcl|NC_000962.3_prot_NP_215813.1_1	GCF_026278345.1_WP_266367153.1	13.793	602	672	97	174	150	0	35	208	5	178	3.53e-09	67.8
lcl|NC_000962.3_prot_NP_215813.1_1	GCF_025917315.1_WP_009724159.1	50.236	602	419	69	424	199	4	176	593	1	418	0.0	635
lcl|NC_000962.3_prot_NP_215813.1_1	GCF_021228795.1_WP_232406131.1	47.991	602	418	69	423	208	4	176	592	1	417	0.0	635
lcl|NC_000962.3_prot_NP_215813.1_1	GCF_020694005.1_WP_168824183.1	49.882	602	421	69	423	200	4	176	592	1	417	0.0	635
lcl|NC_000962.3_prot_NP_215813.1_1	GCF_017354925.1_WP_207321080.1	49.057	602	421	69	424	204	4	176	593	1	418	0.0	635
lcl|NC_000962.3_prot_NP_215813.1_1	GCF_016939435.1_WP_015865333.1	47.971	602	424	69	419	208	3	175	591	2	412	0.0	635
lcl|NC_000962.3_prot_NP_215813.1_1	GCF_015209785.1_WP_062569498.1	49.057	602	419	69	424	204	4	176	593	1	418	0.0	635
lcl|NC_000962.3_prot_NP_215813.1_1	GCF_014857065.1_WP_192380113.1	48.706	602	419	70	425	206	4	176	594	1	419	0.0	635
lcl|NC_000962.3_prot_NP_215813.1_1	GCF_013377295.1_WP_090919733.1	50.000	602	420	70	426	200	5	176	594	1	420	0.0	635
lcl|NC_000962.3_prot_NP_215813.1_1	GCF_013372285.1_WP_217909077.1	49.645	602	421	69	423	201	4	176	592	1	417	0.0	635
lcl|NC_000962.3_prot_NP_215813.1_1	GCF_012530535.1_WP_168915498.1	53.571	602	728	88	532	246	1	65	596	186	716	0.0	635
lcl|NC_000962.3_prot_NP_215813.1_1	GCF_009792295.1_WP_158962738.1	35.255	602	606	93	607	338	5	35	592	5	605	0.0	635
lcl|NC_000962.3_prot_NP_215813.1_1	GCF_009789675.1_WP_027818379.1	46.824	602	420	70	425	214	4	176	594	1	419	0.0	635
lcl|NC_000962.3_prot_NP_215813.1_1	GCF_009762795.1_WP_242012446.1	50.608	602	405	68	411	194	3	186	593	1	405	0.0	635
lcl|NC_000962.3_prot_NP_215813.1_1	GCF_009754905.2_WP_244139487.1	38.998	602	552	90	559	317	6	52	593	1	552	0.0	635
lcl|NC_000962.3_prot_NP_215813.1_1	GCF_005845345.1_WP_138275129.1	53.195	602	584	96	579	270	1	24	602	5	582	0.0	635
lcl|NC_000962.3_prot_NP_215813.1_1	GCF_004322755.1_WP_130187463.1	47.294	602	420	70	425	212	4	176	594	1	419	0.0	635
lcl|NC_000962.3_prot_NP_215813.1_1	GCF_002795845.1_WP_100255676.1	48.936	602	418	69	423	204	4	176	592	1	417	0.0	635
lcl|NC_000962.3_prot_NP_215813.1_1	GCF_002310795.1_WP_013463749.1	47.765	602	419	70	425	210	4	176	594	1	419	0.0	635
lcl|NC_000962.3_prot_NP_215813.1_1	GCF_002234535.1_WP_093940577.1	52.819	602	672	99	674	243	4	1	601	1	672	0.0	635
lcl|NC_000962.3_prot_NP_215813.1_1	GCF_001677435.1_WP_068617473.1	49.528	602	418	69	424	202	4	176	593	1	418	0.0	635
lcl|NC_000962.3_prot_NP_215813.1_1	GCF_000973505.1_WP_046289020.1	49.292	602	419	69	424	203	4	176	593	1	418	0.0	635
lcl|NC_000962.3_prot_NP_215813.1_1	GCF_000185985.2_WP_013516887.1	49.292	602	419	69	424	203	4	176	593	1	418	0.0	635
lcl|NC_000962.3_prot_NP_215813.1_1	GCF_000146165.2_WP_011070765.1	49.292	602	421	69	424	203	4	176	593	1	418	0.0	635
lcl|NC_000962.3_prot_NP_215813.1_1	GCF_000021865.1_WP_013065812.1	48.941	602	422	70	425	205	4	174	592	3	421	0.0	635
lcl|NC_000962.3_prot_NP_215813.1_1	GCF_000021745.1_WP_012591525.1	49.180	602	422	70	427	204	5	174	593	2	422	0.0	635
lcl|NC_000962.3_prot_NP_215813.1_1	GCF_000019945.1_WP_012453588.1	48.946	602	447	70	427	206	4	173	593	27	447	0.0	635
lcl|NC_000962.3_prot_NP_215813.1_1	GCF_936981045.1_WP_250237919.1	37.679	602	510	93	560	290	5	35	591	5	508	0.0	635
lcl|NC_000962.3_prot_NP_215813.1_1	GCF_900289045.1_WP_105187485.1	51.813	602	579	93	579	254	3	40	596	1	576	0.0	635
lcl|NC_000962.3_prot_NP_215813.1_1	GCF_024971755.1_WP_037413641.1	49.292	602	421	69	424	203	4	176	593	1	418	0.0	635
lcl|NC_000962.3_prot_NP_215813.1_1	GCF_023585725.1_WP_250247195.1	48.349	602	419	69	424	207	4	176	593	1	418	0.0	635
lcl|NC_000962.3_prot_NP_215813.1_1	GCF_022870905.1_WP_047760132.1	50.000	602	420	69	422	199	4	176	591	1	416	0.0	635
lcl|NC_000962.3_prot_NP_215813.1_1	GCF_022869785.1_WP_234653601.1	34.591	602	635	93	636	332	7	36	593	6	635	0.0	635
lcl|NC_000962.3_prot_NP_215813.1_1	GCF_022749495.1_WP_003756207.1	48.815	602	419	69	422	204	4	176	591	1	416	0.0	635
lcl|NC_000962.3_prot_NP_215813.1_1	GCF_022533465.1_WP_238310198.1	46.799	602	447	74	453	229	4	147	593	1	447	0.0	635
lcl|NC_000962.3_prot_NP_215813.1_1	GCF_021654575.1_WP_236890585.1	47.506	602	415	69	421	212	3	176	593	1	415	0.0	635
lcl|NC_000962.3_prot_NP_215813.1_1	GCF_021545825.1_WP_027490482.1	39.700	602	599	88	534	308	6	67	593	73	599	0.0	635
lcl|NC_000962.3_prot_NP_215813.1_1	GCF_017638545.1_WP_208830219.1	47.183	602	422	70	426	213	4	176	595	1	420	0.0	635
lcl|NC_000962.3_prot_NP_215813.1_1	GCF_015565955.1_WP_195693343.1	51.736	602	726	96	576	276	2	23	597	134	708	0.0	635
lcl|NC_000962.3_prot_NP_215813.1_1	GCF_014217215.1_WP_185174452.1	45.745	602	706	99	658	295	5	1	597	47	703	0.0	635
lcl|NC_000962.3_prot_NP_215813.1_1	GCF_014217215.1_WP_185174452.1	16.860	602	706	99	172	143	0	15	186	2	173	2.01e-05	55.8
lcl|NC_000962.3_prot_NP_215813.1_1	GCF_013201075.1_WP_171836927.1	47.907	602	424	69	430	206	4	176	593	1	424	0.0	635
lcl|NC_000962.3_prot_NP_215813.1_1	GCF_009938305.1_WP_162049588.1	47.765	602	419	70	425	210	4	176	594	1	419	0.0	635
lcl|NC_000962.3_prot_NP_215813.1_1	GCF_009646095.1_WP_239022456.1	46.926	602	630	99	618	301	4	1	596	13	625	0.0	635
lcl|NC_000962.3_prot_NP_215813.1_1	GCF_009646095.1_WP_239022456.1	22.892	602	630	99	166	127	1	48	212	1	166	2.82e-10	71.2
lcl|NC_000962.3_prot_NP_215813.1_1	GCF_007197755.1_WP_144067583.1	44.444	602	453	69	459	208	4	176	593	1	453	0.0	635
lcl|NC_000962.3_prot_NP_215813.1_1	GCF_005887635.2_WP_170317601.1	48.832	602	427	70	428	207	4	171	592	5	426	0.0	635
lcl|NC_000962.3_prot_NP_215813.1_1	GCF_003143515.1_WP_109346182.1	46.824	602	420	70	425	214	4	176	594	1	419	0.0	635
lcl|NC_000962.3_prot_NP_215813.1_1	GCF_002549795.1_WP_097790416.1	49.528	602	419	69	424	202	4	176	593	1	418	0.0	635
lcl|NC_000962.3_prot_NP_215813.1_1	GCF_002499975.2_WP_083638521.1	47.183	602	421	70	426	213	4	176	595	1	420	0.0	635
lcl|NC_000962.3_prot_NP_215813.1_1	GCF_002220155.1_WP_089169454.1	51.651	602	419	69	424	193	4	176	593	1	418	0.0	635
lcl|NC_000962.3_prot_NP_215813.1_1	GCF_002076895.1_WP_081150782.1	48.000	602	419	70	425	209	4	176	594	1	419	0.0	635
lcl|NC_000962.3_prot_NP_215813.1_1	GCF_001941625.1_WP_075739564.1	51.466	602	680	99	682	248	4	1	601	1	680	0.0	635
lcl|NC_000962.3_prot_NP_215813.1_1	GCF_001890385.1_WP_072597867.1	49.764	602	418	69	424	201	4	176	593	1	418	0.0	635
lcl|NC_000962.3_prot_NP_215813.1_1	GCF_000757795.1_WP_043386160.1	46.035	602	449	74	454	233	4	146	593	2	449	0.0	635
lcl|NC_000962.3_prot_NP_215813.1_1	GCF_900187305.1_WP_085362756.1	48.578	602	419	69	422	205	4	176	591	1	416	0.0	635
lcl|NC_000962.3_prot_NP_215813.1_1	GCF_025758395.1_WP_263795990.1	51.813	602	674	96	579	276	2	21	597	80	657	0.0	635
lcl|NC_000962.3_prot_NP_215813.1_1	GCF_019890915.1_WP_222959121.1	48.992	602	646	96	645	264	4	23	602	2	646	0.0	635
lcl|NC_000962.3_prot_NP_215813.1_1	GCF_017347565.1_WP_048461698.1	49.296	602	437	70	426	204	4	174	593	18	437	0.0	635
lcl|NC_000962.3_prot_NP_215813.1_1	GCF_016906065.1_WP_114413491.1	49.409	602	421	69	423	202	4	176	592	1	417	0.0	635
lcl|NC_000962.3_prot_NP_215813.1_1	GCF_015356115.1_WP_194811657.1	50.469	602	420	70	426	198	5	176	594	1	420	0.0	635
lcl|NC_000962.3_prot_NP_215813.1_1	GCF_014191545.1_WP_222876040.1	48.941	602	420	70	425	205	4	175	593	2	420	0.0	635
lcl|NC_000962.3_prot_NP_215813.1_1	GCF_009708215.1_WP_154795127.1	46.280	602	720	99	672	286	5	1	597	40	711	0.0	635
lcl|NC_000962.3_prot_NP_215813.1_1	GCF_009708215.1_WP_154795127.1	20.134	602	720	99	149	119	0	27	175	7	155	5.76e-07	60.8
lcl|NC_000962.3_prot_NP_215813.1_1	GCF_004421005.1_WP_134385353.1	47.294	602	420	70	425	212	4	176	594	1	419	0.0	635
lcl|NC_000962.3_prot_NP_215813.1_1	GCF_003966755.1_WP_126323277.1	48.712	602	421	69	427	204	5	176	593	1	421	0.0	635
lcl|NC_000962.3_prot_NP_215813.1_1	GCF_003855395.1_WP_124729576.1	49.057	602	420	69	424	204	4	176	593	1	418	0.0	635
lcl|NC_000962.3_prot_NP_215813.1_1	GCF_003668795.1_WP_004588958.1	47.765	602	419	70	425	210	4	176	594	1	419	0.0	635
lcl|NC_000962.3_prot_NP_215813.1_1	GCF_003226695.1_WP_110548851.1	39.750	602	518	93	561	287	6	35	592	5	517	0.0	635
lcl|NC_000962.3_prot_NP_215813.1_1	GCF_003097535.1_WP_108904339.1	36.467	602	613	93	617	324	7	35	592	5	612	0.0	635
lcl|NC_000962.3_prot_NP_215813.1_1	GCF_003008515.1_WP_106751115.1	49.296	602	421	70	426	204	4	174	593	2	421	0.0	635
lcl|NC_000962.3_prot_NP_215813.1_1	GCF_000807275.1_WP_039104242.1	49.531	602	420	70	426	202	5	176	594	1	420	0.0	635
lcl|NC_000962.3_prot_NP_215813.1_1	GCF_000504585.2_WP_023596554.1	46.824	602	420	70	425	214	4	176	594	1	419	0.0	635
lcl|NC_000962.3_prot_NP_215813.1_1	GCF_000355675.1_WP_015488648.1	48.592	602	420	70	426	207	4	176	595	1	420	0.0	635
lcl|NC_000962.3_prot_NP_215813.1_1	GCF_000265505.1_WP_014798679.1	40.142	602	651	92	563	321	5	39	591	93	649	0.0	635
lcl|NC_000962.3_prot_NP_215813.1_1	GCF_000025345.1_WP_012950138.1	55.254	602	747	99	590	260	2	12	601	162	747	0.0	635
lcl|NC_000962.3_prot_NP_215813.1_1	GCF_000025345.1_WP_012950138.1	25.581	602	747	99	129	94	1	4	132	5	131	1.93e-06	59.3
lcl|NC_000962.3_prot_NP_215813.1_1	GCF_000019405.1_WP_012341247.1	50.000	602	420	70	426	200	5	176	594	1	420	0.0	635
lcl|NC_000962.3_prot_NP_215813.1_1	GCF_000010205.1_WP_012461168.1	38.340	602	501	83	506	300	5	94	593	2	501	0.0	635
lcl|NC_000962.3_prot_NP_215813.1_1	GCF_900638345.1_WP_126304080.1	48.578	602	419	69	422	205	4	176	591	1	416	0.0	634
lcl|NC_000962.3_prot_NP_215813.1_1	GCF_900637895.1_WP_034717717.1	35.821	602	660	97	603	364	7	8	593	64	660	0.0	634
lcl|NC_000962.3_prot_NP_215813.1_1	GCF_900637895.1_WP_034717717.1	8.649	602	660	97	185	157	1	35	207	5	189	3.59e-05	55.0
lcl|NC_000962.3_prot_NP_215813.1_1	GCF_900155645.1_WP_076388159.1	51.923	602	565	95	572	266	2	27	598	2	564	0.0	634
lcl|NC_000962.3_prot_NP_215813.1_1	GCF_900090215.1_WP_083172320.1	48.706	602	419	70	425	206	4	176	594	1	419	0.0	634
lcl|NC_000962.3_prot_NP_215813.1_1	GCF_026013905.1_WP_264891394.1	47.294	602	420	70	425	212	4	176	594	1	419	0.0	634
lcl|NC_000962.3_prot_NP_215813.1_1	GCF_025402875.1_WP_011787892.1	48.826	602	421	70	426	206	4	176	595	1	420	0.0	634
lcl|NC_000962.3_prot_NP_215813.1_1	GCF_023573565.1_WP_249749357.1	45.570	602	470	78	474	246	4	126	593	3	470	0.0	634
lcl|NC_000962.3_prot_NP_215813.1_1	GCF_022870885.1_WP_054599596.1	48.815	602	419	69	422	204	4	176	591	1	416	0.0	634
lcl|NC_000962.3_prot_NP_215813.1_1	GCF_022870865.1_WP_244784040.1	50.948	602	419	69	422	195	4	176	591	1	416	0.0	634
lcl|NC_000962.3_prot_NP_215813.1_1	GCF_018802645.1_WP_028534821.1	47.170	602	418	69	424	212	4	176	593	1	418	0.0	634
lcl|NC_000962.3_prot_NP_215813.1_1	GCF_017753665.1_WP_003741568.1	48.578	602	419	69	422	205	4	176	591	1	416	0.0	634
lcl|NC_000962.3_prot_NP_215813.1_1	GCF_016865235.1_WP_188800440.1	35.702	602	582	97	591	361	6	10	593	4	582	0.0	634
lcl|NC_000962.3_prot_NP_215813.1_1	GCF_016616095.2_WP_215625690.1	37.993	602	613	99	608	359	7	2	597	10	611	0.0	634
lcl|NC_000962.3_prot_NP_215813.1_1	GCF_014725695.1_WP_191008830.1	51.473	602	694	96	577	277	3	25	601	106	679	0.0	634
lcl|NC_000962.3_prot_NP_215813.1_1	GCF_013466985.1_WP_180936254.1	50.490	602	657	99	612	289	3	1	601	49	657	0.0	634
lcl|NC_000962.3_prot_NP_215813.1_1	GCF_013283875.1_WP_237073811.1	40.437	602	526	91	549	301	5	48	593	1	526	0.0	634
lcl|NC_000962.3_prot_NP_215813.1_1	GCF_005280315.1_WP_137314774.1	47.294	602	420	70	425	212	4	176	594	1	419	0.0	634
lcl|NC_000962.3_prot_NP_215813.1_1	GCF_003610015.1_WP_027705266.1	48.585	602	419	69	424	206	4	176	593	1	418	0.0	634
lcl|NC_000962.3_prot_NP_215813.1_1	GCF_003265225.1_WP_261919505.1	50.704	602	420	70	426	197	5	176	594	1	420	0.0	634
lcl|NC_000962.3_prot_NP_215813.1_1	GCF_001888185.1_WP_072506078.1	48.712	602	423	70	427	207	4	173	593	3	423	0.0	634
lcl|NC_000962.3_prot_NP_215813.1_1	GCF_001700985.1_WP_003253705.1	47.971	602	424	69	419	208	3	175	591	2	412	0.0	634
lcl|NC_000962.3_prot_NP_215813.1_1	GCF_000815025.1_WP_039670149.1	48.113	602	418	69	424	208	4	176	593	1	418	0.0	634
lcl|NC_000962.3_prot_NP_215813.1_1	GCF_000756125.1_WP_004521321.1	46.353	602	420	70	425	216	4	176	594	1	419	0.0	634
lcl|NC_000962.3_prot_NP_215813.1_1	GCF_000227745.2_WP_014778886.1	47.754	602	418	69	423	209	4	176	592	1	417	0.0	634
lcl|NC_000962.3_prot_NP_215813.1_1	GCF_000083545.1_WP_012752496.1	48.946	602	447	70	427	206	4	173	593	27	447	0.0	634
lcl|NC_000962.3_prot_NP_215813.1_1	GCF_000025945.1_WP_011189969.1	48.456	602	416	69	421	207	4	176	592	1	415	0.0	634
lcl|NC_000962.3_prot_NP_215813.1_1	GCF_000023245.1_WP_015804844.1	51.318	602	709	99	645	267	4	2	601	67	709	0.0	634
lcl|NC_000962.3_prot_NP_215813.1_1	GCF_000023245.1_WP_015804844.1	17.098	602	709	99	193	153	1	22	207	28	220	7.32e-12	76.6
lcl|NC_000962.3_prot_NP_215813.1_1	GCF_000007745.1_WP_041640233.1	50.704	602	420	70	426	197	5	176	594	1	420	0.0	634
lcl|NC_000962.3_prot_NP_215813.1_1	GCF_902810445.1_WP_197744277.1	46.934	602	418	69	424	213	4	176	593	1	418	0.0	634
lcl|NC_000962.3_prot_NP_215813.1_1	GCF_900044015.1_WP_067567664.1	48.235	602	419	70	425	208	4	176	594	1	419	0.0	634
lcl|NC_000962.3_prot_NP_215813.1_1	GCF_029028125.1_WP_277414125.1	47.294	602	420	70	425	212	4	176	594	1	419	0.0	634
lcl|NC_000962.3_prot_NP_215813.1_1	GCF_027286365.1_WP_077674499.1	47.294	602	421	70	425	212	4	176	594	1	419	0.0	634
lcl|NC_000962.3_prot_NP_215813.1_1	GCF_022870845.1_WP_132954393.1	49.526	602	419	69	422	201	4	176	591	1	416	0.0	634
lcl|NC_000962.3_prot_NP_215813.1_1	GCF_021049265.1_WP_231053084.1	49.142	602	644	95	641	258	4	23	596	2	641	0.0	634
lcl|NC_000962.3_prot_NP_215813.1_1	GCF_020810675.1_WP_049215412.1	50.000	602	420	70	426	200	5	176	594	1	420	0.0	634
lcl|NC_000962.3_prot_NP_215813.1_1	GCF_019722725.1_WP_235041267.1	50.236	602	419	69	424	199	4	176	593	1	418	0.0	634
lcl|NC_000962.3_prot_NP_215813.1_1	GCF_019703835.1_WP_087024692.1	47.765	602	419	70	425	210	4	176	594	1	419	0.0	634
lcl|NC_000962.3_prot_NP_215813.1_1	GCF_019669985.1_WP_054773614.1	48.585	602	418	69	424	206	4	176	593	1	418	0.0	634
lcl|NC_000962.3_prot_NP_215813.1_1	GCF_019285595.1_WP_218813913.1	48.478	602	421	69	427	205	5	176	593	1	421	0.0	634
lcl|NC_000962.3_prot_NP_215813.1_1	GCF_018326425.1_WP_212775236.1	49.880	602	420	69	417	200	3	176	591	1	409	0.0	634
lcl|NC_000962.3_prot_NP_215813.1_1	GCF_016469335.1_WP_199610238.1	47.086	602	423	70	429	215	4	176	598	1	423	0.0	634
lcl|NC_000962.3_prot_NP_215813.1_1	GCF_011066545.1_WP_197705414.1	49.048	602	418	69	420	205	3	176	592	1	414	0.0	634
lcl|NC_000962.3_prot_NP_215813.1_1	GCF_010587025.1_WP_018355393.1	50.000	602	420	70	426	200	5	176	594	1	420	0.0	634
lcl|NC_000962.3_prot_NP_215813.1_1	GCF_009671065.1_WP_095503031.1	48.815	602	420	69	422	204	4	176	591	1	416	0.0	634
lcl|NC_000962.3_prot_NP_215813.1_1	GCF_006385555.1_WP_137223357.1	49.057	602	420	69	424	204	4	176	593	1	418	0.0	634
lcl|NC_000962.3_prot_NP_215813.1_1	GCF_004001325.1_WP_127471509.1	48.585	602	418	69	424	206	4	176	593	1	418	0.0	634
lcl|NC_000962.3_prot_NP_215813.1_1	GCF_002096055.1_WP_085019730.1	48.355	602	717	98	608	294	3	8	596	96	702	0.0	634
lcl|NC_000962.3_prot_NP_215813.1_1	GCF_002005305.1_WP_077753292.1	48.364	602	422	70	428	209	4	176	597	1	422	0.0	634
lcl|NC_000962.3_prot_NP_215813.1_1	GCF_001718635.1_WP_009890788.1	46.353	602	420	70	425	216	4	176	594	1	419	0.0	634
lcl|NC_000962.3_prot_NP_215813.1_1	GCF_001644645.1_WP_066405881.1	39.076	602	549	93	563	319	8	36	593	6	549	0.0	634
lcl|NC_000962.3_prot_NP_215813.1_1	GCF_001275345.1_WP_053447147.1	47.465	602	698	100	651	293	5	1	602	46	696	0.0	634
lcl|NC_000962.3_prot_NP_215813.1_1	GCF_000807775.2_WP_039374656.1	46.118	602	420	70	425	217	4	176	594	1	419	0.0	634
lcl|NC_000962.3_prot_NP_215813.1_1	GCF_000213655.1_WP_013785605.1	47.653	602	421	70	426	211	4	176	595	1	420	0.0	634
lcl|NC_000962.3_prot_NP_215813.1_1	GCF_000198775.1_WP_013435079.1	46.353	602	420	70	425	216	4	176	594	1	419	0.0	634
lcl|NC_000962.3_prot_NP_215813.1_1	GCF_000014865.1_WP_041640534.1	47.630	602	417	69	422	210	4	176	592	1	416	0.0	634
lcl|NC_000962.3_prot_NP_215813.1_1	GCF_020511155.1_WP_226411573.1	48.821	602	421	69	424	205	4	176	593	1	418	0.0	633
lcl|NC_000962.3_prot_NP_215813.1_1	GCF_020149915.1_WP_240524871.1	35.666	602	641	97	586	360	5	11	592	68	640	0.0	633
lcl|NC_000962.3_prot_NP_215813.1_1	GCF_020149915.1_WP_240524871.1	11.446	602	641	97	166	145	1	36	199	6	171	3.03e-09	68.1
lcl|NC_000962.3_prot_NP_215813.1_1	GCF_018128265.1_WP_211933116.1	46.861	602	706	100	653	296	5	1	602	47	699	0.0	633
lcl|NC_000962.3_prot_NP_215813.1_1	GCF_018128265.1_WP_211933116.1	18.471	602	706	100	157	128	0	19	175	6	162	2.96e-09	68.1
lcl|NC_000962.3_prot_NP_215813.1_1	GCF_016925535.1_WP_246498048.1	52.381	602	624	96	609	258	3	21	597	14	622	0.0	633
lcl|NC_000962.3_prot_NP_215813.1_1	GCF_016743795.2_WP_011271094.1	47.100	602	458	70	431	214	4	171	593	26	450	0.0	633
lcl|NC_000962.3_prot_NP_215813.1_1	GCF_012979535.1_WP_169944406.1	49.292	602	418	69	424	203	4	176	593	1	418	0.0	633
lcl|NC_000962.3_prot_NP_215813.1_1	GCF_009789655.1_WP_103705944.1	46.824	602	420	70	425	214	4	176	594	1	419	0.0	633
lcl|NC_000962.3_prot_NP_215813.1_1	GCF_009734385.1_WP_197079767.1	54.992	602	659	99	611	263	3	2	600	41	651	0.0	633
lcl|NC_000962.3_prot_NP_215813.1_1	GCF_004355225.1_WP_133275467.1	37.479	602	595	92	595	326	7	37	592	7	594	0.0	633
lcl|NC_000962.3_prot_NP_215813.1_1	GCF_003999335.1_WP_127364258.1	47.956	602	682	99	636	288	3	2	596	40	673	0.0	633
lcl|NC_000962.3_prot_NP_215813.1_1	GCF_003999335.1_WP_127364258.1	13.333	602	682	99	210	162	1	23	212	2	211	1.68e-10	72.0
lcl|NC_000962.3_prot_NP_215813.1_1	GCF_003312915.1_WP_113679496.1	37.710	602	607	98	594	349	6	2	592	31	606	0.0	633
lcl|NC_000962.3_prot_NP_215813.1_1	GCF_003096075.1_WP_244192598.1	53.159	602	677	99	649	250	2	2	596	22	670	0.0	633
lcl|NC_000962.3_prot_NP_215813.1_1	GCF_003096075.1_WP_244192598.1	22.674	602	677	99	172	131	1	40	209	1	172	5.11e-09	67.4
lcl|NC_000962.3_prot_NP_215813.1_1	GCF_003028855.1_WP_107140475.1	47.059	602	420	70	425	213	4	176	594	1	419	0.0	633
lcl|NC_000962.3_prot_NP_215813.1_1	GCF_002557795.1_WP_098196083.1	38.153	602	568	93	574	328	6	36	593	6	568	0.0	633
lcl|NC_000962.3_prot_NP_215813.1_1	GCF_001887285.1_WP_071919286.1	50.420	602	718	98	595	289	2	8	597	112	705	0.0	633
lcl|NC_000962.3_prot_NP_215813.1_1	GCF_001267255.1_WP_053100824.1	51.408	602	420	70	426	195	4	176	595	1	420	0.0	633
lcl|NC_000962.3_prot_NP_215813.1_1	GCF_001007935.1_WP_046850252.1	46.698	602	419	69	424	214	4	176	593	1	418	0.0	633
lcl|NC_000962.3_prot_NP_215813.1_1	GCF_000402035.1_WP_044041376.1	47.059	602	421	70	425	213	4	176	594	1	419	0.0	633
lcl|NC_000962.3_prot_NP_215813.1_1	GCF_000164695.2_WP_041321737.1	45.595	602	696	99	647	298	4	1	594	45	690	0.0	633
lcl|NC_000962.3_prot_NP_215813.1_1	GCF_000018405.1_WP_012173899.1	47.268	602	414	69	421	212	4	176	593	1	414	0.0	633
lcl|NC_000962.3_prot_NP_215813.1_1	GCF_000014765.1_WP_011635448.1	46.934	602	419	69	424	213	4	176	593	1	418	0.0	633
lcl|NC_000962.3_prot_NP_215813.1_1	GCF_000013765.1_WP_011494905.1	49.057	602	421	69	424	204	4	176	593	1	418	0.0	633
lcl|NC_000962.3_prot_NP_215813.1_1	GCF_000012945.1_WP_006478662.1	46.118	602	420	70	425	217	4	176	594	1	419	0.0	633
lcl|NC_000962.3_prot_NP_215813.1_1	GCF_918378365.1_WP_239797700.1	45.991	602	418	69	424	217	4	176	593	1	418	0.0	633
lcl|NC_000962.3_prot_NP_215813.1_1	GCF_024347215.1_WP_261842584.1	49.176	602	419	70	425	204	4	176	594	1	419	0.0	633
lcl|NC_000962.3_prot_NP_215813.1_1	GCF_022879815.1_WP_008349328.1	46.824	602	421	70	425	214	4	176	594	1	419	0.0	633
lcl|NC_000962.3_prot_NP_215813.1_1	GCF_021029445.1_WP_147810148.1	50.943	602	419	69	424	196	4	176	593	1	418	0.0	633
lcl|NC_000962.3_prot_NP_215813.1_1	GCF_019880385.1_WP_249423954.1	50.239	602	621	99	627	272	3	8	602	3	621	0.0	633
lcl|NC_000962.3_prot_NP_215813.1_1	GCF_014489475.1_WP_187711047.1	38.889	602	553	92	558	328	5	43	593	2	553	0.0	633
lcl|NC_000962.3_prot_NP_215813.1_1	GCF_014054885.1_WP_009116774.1	49.052	602	419	69	422	203	4	176	591	1	416	0.0	633
lcl|NC_000962.3_prot_NP_215813.1_1	GCF_011398355.1_WP_173274067.1	49.292	602	418	69	424	203	4	176	593	1	418	0.0	633
lcl|NC_000962.3_prot_NP_215813.1_1	GCF_011044255.1_WP_165323420.1	49.764	602	418	69	424	201	4	176	593	1	418	0.0	633
lcl|NC_000962.3_prot_NP_215813.1_1	GCF_009789595.1_WP_145874487.1	46.824	602	420	70	425	214	4	176	594	1	419	0.0	633
lcl|NC_000962.3_prot_NP_215813.1_1	GCF_007954585.1_WP_147183858.1	49.764	602	419	69	424	201	4	176	593	1	418	0.0	633
lcl|NC_000962.3_prot_NP_215813.1_1	GCF_007197555.1_WP_144048229.1	48.364	602	422	70	428	209	4	176	597	1	422	0.0	633
lcl|NC_000962.3_prot_NP_215813.1_1	GCF_005221285.1_WP_003680905.1	48.815	602	419	69	422	204	4	176	591	1	416	0.0	633
lcl|NC_000962.3_prot_NP_215813.1_1	GCF_003173735.1_WP_109950107.1	46.137	602	450	74	453	232	4	147	593	4	450	0.0	633
lcl|NC_000962.3_prot_NP_215813.1_1	GCF_002849875.1_WP_014948094.1	47.653	602	421	70	426	211	4	176	595	1	420	0.0	633
lcl|NC_000962.3_prot_NP_215813.1_1	GCF_002813775.1_WP_100919563.1	47.518	602	418	69	423	210	4	176	592	1	417	0.0	633
lcl|NC_000962.3_prot_NP_215813.1_1	GCF_002221525.1_WP_058547681.1	47.765	602	419	70	425	210	4	176	594	1	419	0.0	633
lcl|NC_000962.3_prot_NP_215813.1_1	GCF_002215585.1_WP_033539099.1	48.585	602	421	69	424	206	4	176	593	1	418	0.0	633
lcl|NC_000962.3_prot_NP_215813.1_1	GCF_001975955.2_WP_036312554.1	49.828	602	699	97	582	290	2	16	597	109	688	0.0	633
lcl|NC_000962.3_prot_NP_215813.1_1	GCF_001534665.1_WP_066284046.1	49.412	602	419	70	425	203	4	176	594	1	419	0.0	633
lcl|NC_000962.3_prot_NP_215813.1_1	GCF_001524625.2_WP_038749133.1	46.118	602	420	70	425	217	4	176	594	1	419	0.0	633
lcl|NC_000962.3_prot_NP_215813.1_1	GCF_001310085.1_WP_062542547.1	40.987	602	653	93	527	301	4	70	593	134	653	0.0	633
lcl|NC_000962.3_prot_NP_215813.1_1	GCF_001310085.1_WP_062542547.1	9.346	602	653	93	214	169	1	36	224	6	219	2.62e-07	62.0
lcl|NC_000962.3_prot_NP_215813.1_1	GCF_000959505.1_WP_006402347.1	46.353	602	420	70	425	216	4	176	594	1	419	0.0	633
lcl|NC_000962.3_prot_NP_215813.1_1	GCF_000442645.1_WP_156844723.1	53.821	602	619	95	615	241	4	29	602	2	614	0.0	633
lcl|NC_000962.3_prot_NP_215813.1_1	GCF_000341395.1_WP_015404724.1	46.682	602	416	69	422	215	4	176	593	1	416	0.0	633
lcl|NC_000962.3_prot_NP_215813.1_1	GCF_000283915.1_WP_012148688.1	47.332	602	458	70	431	213	4	171	593	26	450	0.0	633
lcl|NC_000962.3_prot_NP_215813.1_1	GCF_000178875.2_WP_006083361.1	48.821	602	421	69	424	205	4	176	593	1	418	0.0	633
lcl|NC_000962.3_prot_NP_215813.1_1	GCF_000023105.1_WP_144016897.1	49.266	602	623	93	613	255	3	40	596	1	613	0.0	633
lcl|NC_000962.3_prot_NP_215813.1_1	GCF_000021045.1_WP_012703208.1	51.415	602	419	69	424	194	4	176	593	1	418	0.0	633
lcl|NC_000962.3_prot_NP_215813.1_1	GCF_000021005.1_WP_009563271.1	48.009	602	422	70	427	210	4	173	593	2	422	0.0	633
lcl|NC_000962.3_prot_NP_215813.1_1	GCF_000019185.1_WP_012278951.1	49.057	602	421	69	424	204	4	176	593	1	418	0.0	633
lcl|NC_000962.3_prot_NP_215813.1_1	GCF_000013985.1_WP_011543114.1	49.764	602	418	69	424	201	4	176	593	1	418	0.0	633
lcl|NC_000962.3_prot_NP_215813.1_1	GCF_900186995.1_WP_039847727.1	50.235	602	420	70	426	199	5	176	594	1	420	0.0	633
lcl|NC_000962.3_prot_NP_215813.1_1	GCF_028869115.1_WP_249036354.1	46.336	602	418	69	423	215	4	176	592	1	417	0.0	633
lcl|NC_000962.3_prot_NP_215813.1_1	GCF_023699965.1_WP_250878860.1	34.522	602	611	99	617	374	7	1	593	1	611	0.0	633
lcl|NC_000962.3_prot_NP_215813.1_1	GCF_022879615.1_WP_035968253.1	46.588	602	421	70	425	215	4	176	594	1	419	0.0	633
lcl|NC_000962.3_prot_NP_215813.1_1	GCF_017901155.1_WP_210229863.1	48.000	602	419	70	425	209	4	176	594	1	419	0.0	633
lcl|NC_000962.3_prot_NP_215813.1_1	GCF_016132545.1_WP_198569601.1	49.180	602	422	69	427	202	5	176	593	1	421	0.0	633
lcl|NC_000962.3_prot_NP_215813.1_1	GCF_015100395.1_WP_234697149.1	46.712	602	436	73	441	226	3	158	595	2	436	0.0	633
lcl|NC_000962.3_prot_NP_215813.1_1	GCF_014697095.1_WP_007111700.1	50.236	602	419	69	424	199	4	176	593	1	418	0.0	633
lcl|NC_000962.3_prot_NP_215813.1_1	GCF_014678925.1_WP_020754397.1	47.242	602	424	69	417	210	3	175	589	2	410	0.0	633
lcl|NC_000962.3_prot_NP_215813.1_1	GCF_012295505.1_WP_063167180.1	47.482	602	424	69	417	209	3	175	589	2	410	0.0	633
lcl|NC_000962.3_prot_NP_215813.1_1	GCF_009937995.1_WP_162085740.1	47.059	602	420	70	425	213	4	176	594	1	419	0.0	633
lcl|NC_000962.3_prot_NP_215813.1_1	GCF_005221305.1_WP_137040073.1	48.578	602	419	69	422	205	4	176	591	1	416	0.0	633
lcl|NC_000962.3_prot_NP_215813.1_1	GCF_004011095.1_WP_097167335.1	47.671	602	765	99	644	286	3	4	597	112	754	0.0	633
lcl|NC_000962.3_prot_NP_215813.1_1	GCF_003515105.1_WP_083633683.1	49.176	602	419	70	425	204	4	176	594	1	419	0.0	633
lcl|NC_000962.3_prot_NP_215813.1_1	GCF_003351565.1_WP_003710445.1	48.815	602	419	69	422	204	4	176	591	1	416	0.0	633
lcl|NC_000962.3_prot_NP_215813.1_1	GCF_003258705.1_WP_111371190.1	37.345	602	525	93	565	308	5	33	593	3	525	0.0	633
lcl|NC_000962.3_prot_NP_215813.1_1	GCF_003060865.1_WP_108437295.1	47.887	602	425	70	426	210	4	174	593	6	425	0.0	633
lcl|NC_000962.3_prot_NP_215813.1_1	GCF_002117405.1_WP_085773633.1	49.883	602	422	70	427	201	5	174	593	2	422	0.0	633
lcl|NC_000962.3_prot_NP_215813.1_1	GCF_001922305.1_WP_268810516.1	48.700	602	419	69	423	205	4	178	594	1	417	0.0	633
lcl|NC_000962.3_prot_NP_215813.1_1	GCF_001886435.1_WP_012517075.1	47.653	602	421	70	426	211	4	176	595	1	420	0.0	633
lcl|NC_000962.3_prot_NP_215813.1_1	GCF_001831475.1_WP_066334474.1	36.921	602	603	93	604	329	6	35	592	5	602	0.0	633
lcl|NC_000962.3_prot_NP_215813.1_1	GCF_001597285.1_WP_021699062.1	50.943	602	419	69	424	196	4	176	593	1	418	0.0	633
lcl|NC_000962.3_prot_NP_215813.1_1	GCF_001482365.1_WP_058859172.1	51.565	602	661	99	607	282	3	1	595	46	652	0.0	633
lcl|NC_000962.3_prot_NP_215813.1_1	GCF_001482365.1_WP_058859172.1	17.763	602	661	99	152	125	0	22	173	8	159	3.56e-05	55.0
lcl|NC_000962.3_prot_NP_215813.1_1	GCF_001305675.1_WP_226995856.1	59.157	602	637	100	617	237	2	1	602	21	637	0.0	633
lcl|NC_000962.3_prot_NP_215813.1_1	GCF_001305675.1_WP_226995856.1	20.732	602	637	100	164	130	0	40	203	1	164	5.70e-06	57.4
lcl|NC_000962.3_prot_NP_215813.1_1	GCF_000973545.1_WP_046305279.1	48.706	602	419	70	425	206	4	176	594	1	419	0.0	633
lcl|NC_000962.3_prot_NP_215813.1_1	GCF_000661915.1_WP_038663660.1	51.887	602	419	69	424	192	4	176	593	1	418	0.0	633
lcl|NC_000962.3_prot_NP_215813.1_1	GCF_000599985.1_WP_025314498.1	49.061	602	420	70	426	204	5	176	594	1	420	0.0	633
lcl|NC_000962.3_prot_NP_215813.1_1	GCF_000238395.3_WP_002960945.1	48.000	602	419	70	425	209	4	176	594	1	419	0.0	633
lcl|NC_000962.3_prot_NP_215813.1_1	GCF_000196535.1_WP_013188726.1	50.963	602	589	93	571	268	2	36	596	19	587	0.0	633
lcl|NC_000962.3_prot_NP_215813.1_1	GCF_000026085.1_WP_011326839.1	48.000	602	419	70	425	209	4	176	594	1	419	0.0	633
lcl|NC_000962.3_prot_NP_215813.1_1	GCF_000018285.1_WP_012153666.1	49.057	602	421	69	424	204	4	176	593	1	418	0.0	633
lcl|NC_000962.3_prot_NP_215813.1_1	GCF_000012665.1_WP_027181135.1	46.919	602	416	69	422	214	4	176	593	1	416	0.0	633
lcl|NC_000962.3_prot_NP_215813.1_1	GCF_000008465.1_WP_011235587.1	46.588	602	422	70	425	215	4	176	594	1	419	0.0	633
lcl|NC_000962.3_prot_NP_215813.1_1	GCF_900476035.1_WP_005701308.1	49.765	602	420	70	426	201	5	176	594	1	420	0.0	632
lcl|NC_000962.3_prot_NP_215813.1_1	GCF_028885455.1_WP_064666866.1	47.765	602	419	70	425	210	4	176	594	1	419	0.0	632
lcl|NC_000962.3_prot_NP_215813.1_1	GCF_027941775.1_WP_271231532.1	36.860	602	585	93	586	336	5	35	592	5	584	0.0	632
lcl|NC_000962.3_prot_NP_215813.1_1	GCF_022354425.1_WP_249451553.1	50.235	602	447	70	426	200	4	176	595	1	420	0.0	632
lcl|NC_000962.3_prot_NP_215813.1_1	GCF_022343685.1_WP_239040948.1	49.292	602	419	69	424	203	4	176	593	1	418	0.0	632
lcl|NC_000962.3_prot_NP_215813.1_1	GCF_020783375.1_WP_014821732.1	51.651	602	419	69	424	193	4	176	593	1	418	0.0	632
lcl|NC_000962.3_prot_NP_215813.1_1	GCF_019272935.1_WP_026078614.1	47.722	602	424	69	417	208	3	175	589	2	410	0.0	632
lcl|NC_000962.3_prot_NP_215813.1_1	GCF_017357445.1_WP_069695149.1	46.988	602	719	100	664	290	4	1	602	54	717	0.0	632
lcl|NC_000962.3_prot_NP_215813.1_1	GCF_016127755.1_WP_006753675.1	46.118	602	420	70	425	217	4	176	594	1	419	0.0	632
lcl|NC_000962.3_prot_NP_215813.1_1	GCF_014672835.1_WP_203414168.1	47.209	602	424	69	430	209	4	176	593	1	424	0.0	632
lcl|NC_000962.3_prot_NP_215813.1_1	GCF_014466985.1_WP_187647915.1	45.395	602	451	75	456	240	3	143	595	2	451	0.0	632
lcl|NC_000962.3_prot_NP_215813.1_1	GCF_014058705.1_WP_185984190.1	47.653	602	421	70	426	211	4	174	593	2	421	0.0	632
lcl|NC_000962.3_prot_NP_215813.1_1	GCF_014054965.1_WP_182121331.1	49.763	602	419	69	422	200	4	176	591	1	416	0.0	632
lcl|NC_000962.3_prot_NP_215813.1_1	GCF_009931595.1_WP_045757038.1	38.676	602	581	93	574	333	6	33	593	14	581	0.0	632
lcl|NC_000962.3_prot_NP_215813.1_1	GCF_009363155.1_WP_152388336.1	51.415	602	419	69	424	194	4	176	593	1	418	0.0	632
lcl|NC_000962.3_prot_NP_215813.1_1	GCF_008330805.1_WP_002229155.1	48.578	602	419	69	422	205	4	176	591	1	416	0.0	632
lcl|NC_000962.3_prot_NP_215813.1_1	GCF_003431825.1_WP_054135170.1	48.821	602	418	69	424	205	4	176	593	1	418	0.0	632
lcl|NC_000962.3_prot_NP_215813.1_1	GCF_003351905.1_WP_114910127.1	37.500	602	508	93	560	289	5	35	591	5	506	0.0	632
lcl|NC_000962.3_prot_NP_215813.1_1	GCF_001584205.1_WP_061532391.1	46.824	602	420	70	425	214	4	176	594	1	419	0.0	632
lcl|NC_000962.3_prot_NP_215813.1_1	GCF_000826835.2_WP_014876396.1	48.712	602	423	70	427	207	4	173	593	3	423	0.0	632
lcl|NC_000962.3_prot_NP_215813.1_1	GCF_000815105.2_WP_039399112.1	46.588	602	420	70	425	215	4	176	594	1	419	0.0	632
lcl|NC_000962.3_prot_NP_215813.1_1	GCF_000214215.1_WP_013797514.1	49.173	602	421	69	423	203	4	176	592	1	417	0.0	632
lcl|NC_000962.3_prot_NP_215813.1_1	GCF_000092785.1_WP_013182698.1	48.352	602	451	75	455	225	4	142	592	2	450	0.0	632
lcl|NC_000962.3_prot_NP_215813.1_1	GCF_000058485.1_WP_256789412.1	57.487	602	716	99	581	243	3	16	596	137	713	0.0	632
lcl|NC_000962.3_prot_NP_215813.1_1	GCF_000058485.1_WP_256789412.1	10.407	602	716	99	221	184	3	2	208	22	242	4.91e-06	57.7
lcl|NC_000962.3_prot_NP_215813.1_1	GCF_000025725.1_WP_013011567.1	48.449	602	413	69	419	205	4	176	591	1	411	0.0	632
lcl|NC_000962.3_prot_NP_215813.1_1	GCF_000023785.1_WP_041302518.1	50.355	602	418	69	423	198	4	176	592	1	417	0.0	632
lcl|NC_000962.3_prot_NP_215813.1_1	GCF_000015585.1_WP_011814841.1	48.471	602	419	69	425	206	5	176	593	1	419	0.0	632
lcl|NC_000962.3_prot_NP_215813.1_1	GCF_000015485.1_WP_049758073.1	45.972	602	416	69	422	218	4	176	593	1	416	0.0	632
lcl|NC_000962.3_prot_NP_215813.1_1	GCF_000011565.2_WP_011174771.1	46.667	602	461	77	465	238	4	132	592	2	460	0.0	632
lcl|NC_000962.3_prot_NP_215813.1_1	GCF_901482695.1_WP_028069172.1	39.643	602	499	93	560	269	6	36	592	5	498	0.0	632
lcl|NC_000962.3_prot_NP_215813.1_1	GCF_900637985.1_WP_126499859.1	46.777	602	657	99	605	309	3	2	594	47	650	0.0	632
lcl|NC_000962.3_prot_NP_215813.1_1	GCF_024347275.1_WP_019622778.1	48.941	602	419	70	425	205	4	176	594	1	419	0.0	632
lcl|NC_000962.3_prot_NP_215813.1_1	GCF_019797865.1_WP_261401174.1	49.061	602	421	70	426	205	4	174	593	2	421	0.0	632
lcl|NC_000962.3_prot_NP_215813.1_1	GCF_018286635.1_WP_070156052.1	48.821	602	418	69	424	205	4	176	593	1	418	0.0	632
lcl|NC_000962.3_prot_NP_215813.1_1	GCF_017901175.1_WP_210219332.1	48.000	602	419	70	425	209	4	176	594	1	419	0.0	632
lcl|NC_000962.3_prot_NP_215813.1_1	GCF_017654485.1_WP_207448033.1	46.279	602	424	69	430	213	4	176	593	1	424	0.0	632
lcl|NC_000962.3_prot_NP_215813.1_1	GCF_013030075.1_WP_003687508.1	48.815	602	419	69	422	204	4	176	591	1	416	0.0	632
lcl|NC_000962.3_prot_NP_215813.1_1	GCF_009769165.1_WP_046977482.1	38.667	602	604	98	600	348	7	7	593	12	604	0.0	632
lcl|NC_000962.3_prot_NP_215813.1_1	GCF_005886755.1_WP_037995753.1	48.325	602	423	69	418	207	3	175	591	2	411	0.0	632
lcl|NC_000962.3_prot_NP_215813.1_1	GCF_004011115.1_WP_104264354.1	46.739	602	766	99	644	292	4	4	597	113	755	0.0	632
lcl|NC_000962.3_prot_NP_215813.1_1	GCF_002369955.1_WP_096685813.1	38.011	602	526	93	563	303	6	34	592	4	524	0.0	632
lcl|NC_000962.3_prot_NP_215813.1_1	GCF_002346025.1_WP_004191285.1	46.118	602	420	70	425	217	4	176	594	1	419	0.0	632
lcl|NC_000962.3_prot_NP_215813.1_1	GCF_002243665.1_WP_013146620.1	47.482	602	424	69	417	209	3	175	589	2	410	0.0	632
lcl|NC_000962.3_prot_NP_215813.1_1	GCF_000954135.1_WP_045786554.1	47.059	602	420	70	425	213	4	176	594	1	419	0.0	632
lcl|NC_000962.3_prot_NP_215813.1_1	GCF_000512205.2_WP_025294790.1	49.292	602	418	69	424	203	4	176	593	1	418	0.0	632
lcl|NC_000962.3_prot_NP_215813.1_1	GCF_000511385.1_WP_040104304.1	48.478	602	423	70	427	208	4	173	593	3	423	0.0	632
lcl|NC_000962.3_prot_NP_215813.1_1	GCF_000284155.1_WP_014412702.1	47.100	602	458	70	431	214	4	171	593	26	450	0.0	632
lcl|NC_000962.3_prot_NP_215813.1_1	GCF_000226315.1_WP_014101577.1	47.642	602	418	69	424	210	4	176	593	1	418	0.0	632
lcl|NC_000962.3_prot_NP_215813.1_1	GCF_000184685.1_WP_041308707.1	46.176	602	714	100	693	282	5	1	602	21	713	0.0	632
lcl|NC_000962.3_prot_NP_215813.1_1	GCF_000184685.1_WP_041308707.1	18.033	602	714	100	183	146	1	40	222	1	179	1.95e-05	55.8
lcl|NC_000962.3_prot_NP_215813.1_1	GCF_000055785.1_WP_011505892.1	50.000	602	419	69	424	200	4	176	593	1	418	0.0	632
lcl|NC_000962.3_prot_NP_215813.1_1	GCF_000016065.1_WP_011864143.1	48.821	602	421	69	424	205	4	176	593	1	418	0.0	632
lcl|NC_000962.3_prot_NP_215813.1_1	GCF_000009785.1_WP_011232849.1	47.242	602	424	69	417	210	3	175	589	2	410	0.0	632
lcl|NC_000962.3_prot_NP_215813.1_1	GCF_900638685.1_WP_004284800.1	48.019	602	422	70	429	210	5	176	598	1	422	0.0	632
lcl|NC_000962.3_prot_NP_215813.1_1	GCF_026000375.1_WP_264984164.1	48.694	602	415	69	421	207	3	176	593	1	415	0.0	632
lcl|NC_000962.3_prot_NP_215813.1_1	GCF_025985205.1_WP_112742592.1	47.877	602	418	69	424	209	4	176	593	1	418	0.0	632
lcl|NC_000962.3_prot_NP_215813.1_1	GCF_023518055.1_WP_249856132.1	49.765	602	420	70	426	201	5	176	594	1	420	0.0	632
lcl|NC_000962.3_prot_NP_215813.1_1	GCF_023243115.1_WP_248709379.1	46.387	602	423	69	429	213	4	176	593	1	423	0.0	632
lcl|NC_000962.3_prot_NP_215813.1_1	GCF_022701215.1_WP_242746368.1	46.934	602	420	69	424	213	4	176	593	1	418	0.0	632
lcl|NC_000962.3_prot_NP_215813.1_1	GCF_021391315.1_WP_011909616.1	48.357	602	422	70	426	208	4	174	593	3	422	0.0	632
lcl|NC_000962.3_prot_NP_215813.1_1	GCF_020162295.1_WP_097114988.1	50.580	602	454	71	431	200	5	176	600	1	424	0.0	632
lcl|NC_000962.3_prot_NP_215813.1_1	GCF_017742995.1_WP_010387091.1	47.406	602	419	69	424	211	4	176	593	1	418	0.0	632
lcl|NC_000962.3_prot_NP_215813.1_1	GCF_016117655.1_WP_198443450.1	37.774	602	594	98	593	357	5	11	597	7	593	0.0	632
lcl|NC_000962.3_prot_NP_215813.1_1	GCF_014075995.1_WP_182416088.1	35.884	602	672	97	588	365	4	9	593	94	672	0.0	632
lcl|NC_000962.3_prot_NP_215813.1_1	GCF_014075995.1_WP_182416088.1	12.676	602	672	97	213	158	3	35	219	5	217	1.66e-07	62.4
lcl|NC_000962.3_prot_NP_215813.1_1	GCF_009931375.1_WP_015875474.1	46.118	602	420	70	425	217	4	176	594	1	419	0.0	632
lcl|NC_000962.3_prot_NP_215813.1_1	GCF_009883795.1_WP_159748372.1	48.700	602	418	69	423	205	4	176	592	1	417	0.0	632
lcl|NC_000962.3_prot_NP_215813.1_1	GCF_008329645.1_WP_149484339.1	59.877	602	711	100	648	214	3	1	602	64	711	0.0	632
lcl|NC_000962.3_prot_NP_215813.1_1	GCF_008329645.1_WP_149484339.1	26.457	602	711	100	223	142	3	1	202	1	222	4.43e-10	70.8
lcl|NC_000962.3_prot_NP_215813.1_1	GCF_006228385.1_WP_139757473.1	47.653	602	421	70	426	211	4	176	595	1	420	0.0	632
lcl|NC_000962.3_prot_NP_215813.1_1	GCF_003970735.1_WP_109759205.1	47.294	602	422	70	425	212	4	174	592	3	421	0.0	632
lcl|NC_000962.3_prot_NP_215813.1_1	GCF_003856495.1_WP_124728512.1	48.028	602	425	71	431	213	4	174	601	3	425	0.0	632
lcl|NC_000962.3_prot_NP_215813.1_1	GCF_002847445.1_WP_101754340.1	48.712	602	423	70	427	207	4	172	592	2	422	0.0	632
lcl|NC_000962.3_prot_NP_215813.1_1	GCF_001941945.1_WP_019461381.1	46.882	602	427	69	433	209	4	176	593	1	427	0.0	632
lcl|NC_000962.3_prot_NP_215813.1_1	GCF_001522635.2_WP_066493751.1	46.353	602	420	70	425	216	4	176	594	1	419	0.0	632
lcl|NC_000962.3_prot_NP_215813.1_1	GCF_000733715.2_WP_004373327.1	50.472	602	419	69	424	198	4	176	593	1	418	0.0	632
lcl|NC_000962.3_prot_NP_215813.1_1	GCF_000284075.1_WP_014408674.1	46.868	602	457	70	431	215	4	171	593	25	449	0.0	632
lcl|NC_000962.3_prot_NP_215813.1_1	GCF_000218545.1_WP_013884494.1	50.318	602	679	99	628	281	6	1	597	40	667	0.0	632
lcl|NC_000962.3_prot_NP_215813.1_1	GCF_000007025.1_WP_004998383.1	47.100	602	458	70	431	214	4	171	593	26	450	0.0	632
lcl|NC_000962.3_prot_NP_215813.1_1	GCF_918320885.1_WP_253306056.1	47.653	602	422	70	426	211	4	176	595	1	420	0.0	631
lcl|NC_000962.3_prot_NP_215813.1_1	GCF_900005615.1_WP_074968562.1	48.826	602	423	70	426	206	4	173	592	3	422	0.0	631
lcl|NC_000962.3_prot_NP_215813.1_1	GCF_017355405.1_WP_207419549.1	46.512	602	424	69	430	212	4	176	593	1	424	0.0	631
lcl|NC_000962.3_prot_NP_215813.1_1	GCF_016725865.1_WP_070570498.1	39.464	602	499	93	560	270	6	36	592	5	498	0.0	631
lcl|NC_000962.3_prot_NP_215813.1_1	GCF_014701235.1_WP_203473720.1	48.815	602	416	69	422	206	4	176	593	1	416	0.0	631
lcl|NC_000962.3_prot_NP_215813.1_1	GCF_013200955.2_WP_173210246.1	50.708	602	419	69	424	197	4	176	593	1	418	0.0	631
lcl|NC_000962.3_prot_NP_215813.1_1	GCF_011455695.1_WP_027075250.1	50.469	602	420	70	426	198	5	176	594	1	420	0.0	631
lcl|NC_000962.3_prot_NP_215813.1_1	GCF_009913435.1_WP_160591845.1	49.764	602	418	69	424	201	4	176	593	1	418	0.0	631
lcl|NC_000962.3_prot_NP_215813.1_1	GCF_005234135.1_WP_137193557.1	46.636	602	432	71	431	218	4	169	593	8	432	0.0	631
lcl|NC_000962.3_prot_NP_215813.1_1	GCF_004564355.1_WP_135064674.1	54.685	602	695	87	523	236	1	73	595	156	677	0.0	631
lcl|NC_000962.3_prot_NP_215813.1_1	GCF_003286395.1_WP_129562116.1	46.824	602	420	70	425	214	4	176	594	1	419	0.0	631
lcl|NC_000962.3_prot_NP_215813.1_1	GCF_002355275.1_WP_066960023.1	49.057	602	418	69	424	204	4	176	593	1	418	0.0	631
lcl|NC_000962.3_prot_NP_215813.1_1	GCF_001465545.3_WP_042115527.1	46.118	602	420	70	425	217	4	176	594	1	419	0.0	631
lcl|NC_000962.3_prot_NP_215813.1_1	GCF_001017435.1_WP_047194686.1	46.353	602	420	70	425	216	4	176	594	1	419	0.0	631
lcl|NC_000962.3_prot_NP_215813.1_1	GCF_000959365.1_WP_010103198.1	46.118	602	420	70	425	217	4	176	594	1	419	0.0	631
lcl|NC_000962.3_prot_NP_215813.1_1	GCF_000948975.2_WP_044834386.1	48.585	602	419	69	424	206	4	176	593	1	418	0.0	631
lcl|NC_000962.3_prot_NP_215813.1_1	GCF_000226625.1_WP_014111334.1	46.698	602	418	69	424	214	4	176	593	1	418	0.0	631
lcl|NC_000962.3_prot_NP_215813.1_1	GCF_000202835.1_WP_007424843.1	47.907	602	424	69	430	206	4	176	593	1	424	0.0	631
lcl|NC_000962.3_prot_NP_215813.1_1	GCF_000166135.1_WP_269724411.1	52.941	602	651	99	629	260	3	2	596	22	648	0.0	631
lcl|NC_000962.3_prot_NP_215813.1_1	GCF_000014885.1_WP_020910646.1	48.585	602	421	69	424	206	4	176	593	1	418	0.0	631
lcl|NC_000962.3_prot_NP_215813.1_1	GCF_000010985.1_WP_013006856.1	48.456	602	413	69	421	206	4	176	593	1	413	0.0	631
lcl|NC_000962.3_prot_NP_215813.1_1	GCF_900636765.1_WP_085415892.1	49.052	602	419	69	422	203	4	176	591	1	416	0.0	631
lcl|NC_000962.3_prot_NP_215813.1_1	GCF_900187105.1_WP_003823056.1	49.289	602	419	69	422	202	4	176	591	1	416	0.0	631
lcl|NC_000962.3_prot_NP_215813.1_1	GCF_023650495.1_WP_250655673.1	49.882	602	420	69	425	200	5	176	593	1	419	0.0	631
lcl|NC_000962.3_prot_NP_215813.1_1	GCF_018798885.1_WP_215505914.1	47.887	602	423	70	426	210	4	174	593	4	423	0.0	631
lcl|NC_000962.3_prot_NP_215813.1_1	GCF_018292125.1_WP_007213344.1	36.500	602	679	98	600	366	6	2	593	87	679	0.0	631
lcl|NC_000962.3_prot_NP_215813.1_1	GCF_018292125.1_WP_007213344.1	12.727	602	679	98	220	174	3	36	255	6	207	3.11e-06	58.5
lcl|NC_000962.3_prot_NP_215813.1_1	GCF_014961145.1_WP_193439310.1	37.333	602	620	98	600	352	6	5	593	34	620	0.0	631
lcl|NC_000962.3_prot_NP_215813.1_1	GCF_014843995.1_WP_048858749.1	46.014	602	433	69	439	210	4	176	593	1	433	0.0	631
lcl|NC_000962.3_prot_NP_215813.1_1	GCF_014297595.1_WP_135035084.1	49.289	602	419	69	422	202	4	176	591	1	416	0.0	631
lcl|NC_000962.3_prot_NP_215813.1_1	GCF_014236795.1_WP_128420444.1	36.717	602	580	97	591	352	6	10	593	5	580	0.0	631
lcl|NC_000962.3_prot_NP_215813.1_1	GCF_012516355.1_WP_246269665.1	38.121	602	559	92	564	332	6	40	592	1	558	0.0	631
lcl|NC_000962.3_prot_NP_215813.1_1	GCF_011046555.1_WP_103907039.1	38.750	602	497	93	560	272	5	36	592	5	496	0.0	631
lcl|NC_000962.3_prot_NP_215813.1_1	GCF_008824185.1_WP_024842822.1	48.826	602	423	70	426	206	4	173	592	3	422	0.0	631
lcl|NC_000962.3_prot_NP_215813.1_1	GCF_007567505.1_WP_144211394.1	48.349	602	421	69	424	207	4	176	593	1	418	0.0	631
lcl|NC_000962.3_prot_NP_215813.1_1	GCF_006352065.1_WP_139929698.1	46.851	602	705	99	651	291	2	1	596	43	693	0.0	631
lcl|NC_000962.3_prot_NP_215813.1_1	GCF_006352065.1_WP_139929698.1	19.780	602	705	99	182	144	1	20	201	3	182	1.20e-11	75.8
lcl|NC_000962.3_prot_NP_215813.1_1	GCF_005222225.1_WP_137168242.1	47.418	602	421	70	426	212	4	176	595	1	420	0.0	631
lcl|NC_000962.3_prot_NP_215813.1_1	GCF_004786015.1_WP_135794852.1	48.706	602	419	69	425	205	5	176	593	1	419	0.0	631
lcl|NC_000962.3_prot_NP_215813.1_1	GCF_004295665.1_WP_130602168.1	47.877	602	419	69	424	209	4	176	593	1	418	0.0	631
lcl|NC_000962.3_prot_NP_215813.1_1	GCF_004295345.1_WP_130600807.1	48.585	602	421	69	424	206	4	176	593	1	418	0.0	631
lcl|NC_000962.3_prot_NP_215813.1_1	GCF_003627075.1_WP_120763152.1	49.669	602	658	99	604	296	2	1	596	40	643	0.0	631
lcl|NC_000962.3_prot_NP_215813.1_1	GCF_002951935.1_WP_036655785.1	50.000	602	428	69	418	200	3	175	591	2	411	0.0	631
lcl|NC_000962.3_prot_NP_215813.1_1	GCF_002749495.1_WP_028719609.1	48.712	602	423	70	427	207	4	172	592	2	422	0.0	631
lcl|NC_000962.3_prot_NP_215813.1_1	GCF_002085925.2_WP_078522665.1	48.946	602	423	70	427	206	4	172	592	2	422	0.0	631
lcl|NC_000962.3_prot_NP_215813.1_1	GCF_001483945.1_WP_008325783.1	45.647	602	420	70	425	219	4	176	594	1	419	0.0	631
lcl|NC_000962.3_prot_NP_215813.1_1	GCF_000974685.2_WP_062626007.1	46.226	602	418	69	424	216	4	176	593	1	418	0.0	631
lcl|NC_000962.3_prot_NP_215813.1_1	GCF_000828515.1_WP_041069896.1	48.936	602	419	69	423	204	4	176	592	1	417	0.0	631
lcl|NC_000962.3_prot_NP_215813.1_1	GCF_000253015.1_WP_013545669.1	48.122	602	421	70	426	209	4	174	593	2	421	0.0	631
lcl|NC_000962.3_prot_NP_215813.1_1	GCF_000190575.1_WP_013616089.1	34.286	602	654	98	630	368	9	3	593	32	654	0.0	631
lcl|NC_000962.3_prot_NP_215813.1_1	GCF_000190575.1_WP_013616089.1	12.953	602	654	98	193	167	1	36	228	6	197	2.14e-08	65.4
lcl|NC_000962.3_prot_NP_215813.1_1	GCF_000019525.1_WP_012323157.1	48.585	602	421	69	424	206	4	176	593	1	418	0.0	631
lcl|NC_000962.3_prot_NP_215813.1_1	GCF_900475315.1_WP_111726429.1	48.815	602	419	69	422	204	4	176	591	1	416	0.0	630
lcl|NC_000962.3_prot_NP_215813.1_1	GCF_900186835.1_WP_005765155.1	50.235	602	420	70	426	199	5	176	594	1	420	0.0	630
lcl|NC_000962.3_prot_NP_215813.1_1	GCF_028553725.1_WP_090611159.1	48.244	602	423	70	427	209	4	172	592	2	422	0.0	630
lcl|NC_000962.3_prot_NP_215813.1_1	GCF_028201735.1_WP_067267859.1	47.653	602	423	70	426	211	4	174	593	4	423	0.0	630
lcl|NC_000962.3_prot_NP_215813.1_1	GCF_024346975.1_WP_261823260.1	48.941	602	419	70	425	205	4	176	594	1	419	0.0	630
lcl|NC_000962.3_prot_NP_215813.1_1	GCF_022870945.1_WP_019958840.1	47.887	602	420	69	426	208	4	176	593	1	420	0.0	630
lcl|NC_000962.3_prot_NP_215813.1_1	GCF_022811665.1_WP_243576283.1	35.914	602	605	93	607	335	7	35	593	5	605	0.0	630
lcl|NC_000962.3_prot_NP_215813.1_1	GCF_018304825.1_WP_246602112.1	53.086	602	401	67	405	181	3	191	592	2	400	0.0	630
lcl|NC_000962.3_prot_NP_215813.1_1	GCF_017915135.1_WP_037052884.1	50.472	602	419	69	424	198	4	176	593	1	418	0.0	630
lcl|NC_000962.3_prot_NP_215813.1_1	GCF_016919705.1_WP_205294051.1	49.061	602	423	70	426	205	4	173	592	3	422	0.0	630
lcl|NC_000962.3_prot_NP_215813.1_1	GCF_016593255.1_WP_201354068.1	46.259	602	436	73	441	228	3	158	595	2	436	0.0	630
lcl|NC_000962.3_prot_NP_215813.1_1	GCF_012516475.1_WP_168819852.1	48.821	602	418	69	424	205	4	176	593	1	418	0.0	630
lcl|NC_000962.3_prot_NP_215813.1_1	GCF_012273615.1_WP_168238755.1	36.244	602	605	93	607	333	5	35	593	5	605	0.0	630
lcl|NC_000962.3_prot_NP_215813.1_1	GCF_008805035.1_WP_067439618.1	49.052	602	419	69	422	203	4	176	591	1	416	0.0	630
lcl|NC_000962.3_prot_NP_215813.1_1	GCF_004348195.1_WP_102324990.1	45.249	602	436	69	442	212	4	176	593	1	436	0.0	630
lcl|NC_000962.3_prot_NP_215813.1_1	GCF_004135285.1_WP_242497852.1	50.950	602	682	96	579	271	3	19	597	99	664	0.0	630
lcl|NC_000962.3_prot_NP_215813.1_1	GCF_003391335.1_WP_115956178.1	46.588	602	419	70	425	215	4	176	594	1	419	0.0	630
lcl|NC_000962.3_prot_NP_215813.1_1	GCF_003293695.1_WP_112927818.1	38.612	602	557	92	562	332	5	39	593	2	557	0.0	630
lcl|NC_000962.3_prot_NP_215813.1_1	GCF_002072065.1_WP_008880716.1	47.482	602	424	69	417	209	3	175	589	2	410	0.0	630
lcl|NC_000962.3_prot_NP_215813.1_1	GCF_001705175.1_WP_066034032.1	36.869	602	611	98	594	358	5	2	592	31	610	0.0	630
lcl|NC_000962.3_prot_NP_215813.1_1	GCF_001705175.1_WP_066034032.1	15.267	602	611	98	131	111	0	35	165	5	135	6.03e-06	57.4
lcl|NC_000962.3_prot_NP_215813.1_1	GCF_001632775.1_WP_067643850.1	38.787	602	543	88	544	311	6	66	593	6	543	0.0	630
lcl|NC_000962.3_prot_NP_215813.1_1	GCF_001586155.1_WP_009615070.1	50.000	602	420	70	426	201	4	176	595	1	420	0.0	630
lcl|NC_000962.3_prot_NP_215813.1_1	GCF_001399515.1_WP_013385476.1	48.706	602	424	70	425	206	4	175	593	6	424	0.0	630
lcl|NC_000962.3_prot_NP_215813.1_1	GCF_000203895.1_WP_041529676.1	48.826	602	423	70	426	206	4	173	592	3	422	0.0	630
lcl|NC_000962.3_prot_NP_215813.1_1	GCF_000182745.2_WP_014105815.1	45.249	602	436	69	442	212	4	176	593	1	436	0.0	630
lcl|NC_000962.3_prot_NP_215813.1_1	GCF_000176915.2_WP_013513824.1	46.396	602	439	73	444	229	3	153	593	2	439	0.0	630
lcl|NC_000962.3_prot_NP_215813.1_1	GCF_000008185.1_WP_002668994.1	40.962	602	548	86	520	296	4	81	595	31	544	0.0	630
lcl|NC_000962.3_prot_NP_215813.1_1	GCF_900477945.1_WP_005629550.1	49.765	602	420	70	426	201	5	176	594	1	420	0.0	630
lcl|NC_000962.3_prot_NP_215813.1_1	GCF_900343015.1_WP_121463356.1	48.941	602	419	70	425	205	4	176	594	1	419	0.0	630
lcl|NC_000962.3_prot_NP_215813.1_1	GCF_028885395.1_WP_200901896.1	47.897	602	423	70	428	211	4	172	593	2	423	0.0	630
lcl|NC_000962.3_prot_NP_215813.1_1	GCF_028657945.1_WP_274051960.1	48.585	602	419	69	424	206	4	176	593	1	418	0.0	630
lcl|NC_000962.3_prot_NP_215813.1_1	GCF_021655555.1_WP_236982826.1	48.585	602	419	69	424	206	4	176	593	1	418	0.0	630
lcl|NC_000962.3_prot_NP_215813.1_1	GCF_021491915.1_WP_234854424.1	48.712	602	423	70	427	207	4	172	592	2	422	0.0	630
lcl|NC_000962.3_prot_NP_215813.1_1	GCF_019428685.1_WP_219799909.1	46.588	602	421	70	425	215	4	176	594	1	419	0.0	630
lcl|NC_000962.3_prot_NP_215813.1_1	GCF_009828705.1_WP_159630976.1	50.704	602	420	70	426	197	5	176	594	1	420	0.0	630
lcl|NC_000962.3_prot_NP_215813.1_1	GCF_009708005.2_WP_168731627.1	48.030	602	716	100	660	285	6	1	602	50	709	0.0	630
lcl|NC_000962.3_prot_NP_215813.1_1	GCF_009708005.2_WP_168731627.1	20.207	602	716	100	193	150	1	17	205	7	199	3.01e-09	68.1
lcl|NC_000962.3_prot_NP_215813.1_1	GCF_009301415.1_WP_152366436.1	48.826	602	423	70	426	206	4	173	592	3	422	0.0	630
lcl|NC_000962.3_prot_NP_215813.1_1	GCF_007989425.1_WP_147142129.1	47.332	602	458	70	431	213	4	171	593	26	450	0.0	630
lcl|NC_000962.3_prot_NP_215813.1_1	GCF_006385135.1_WP_099474199.1	47.045	602	418	69	423	212	4	176	592	1	417	0.0	630
lcl|NC_000962.3_prot_NP_215813.1_1	GCF_005280275.1_WP_069361797.1	47.059	602	421	70	425	213	4	176	594	1	419	0.0	630
lcl|NC_000962.3_prot_NP_215813.1_1	GCF_004293625.1_WP_130538236.1	48.941	602	419	69	425	204	5	176	593	1	419	0.0	630
lcl|NC_000962.3_prot_NP_215813.1_1	GCF_003325455.1_WP_114044646.1	50.163	602	615	95	614	261	4	25	596	2	612	0.0	630
lcl|NC_000962.3_prot_NP_215813.1_1	GCF_002902965.1_WP_007586495.1	46.588	602	421	70	425	215	4	176	594	1	419	0.0	630
lcl|NC_000962.3_prot_NP_215813.1_1	GCF_002285575.1_WP_006253583.1	50.469	602	420	70	426	198	5	176	594	1	420	0.0	630
lcl|NC_000962.3_prot_NP_215813.1_1	GCF_000803645.1_WP_039578193.1	49.528	602	418	69	424	202	4	176	593	1	418	0.0	630
lcl|NC_000962.3_prot_NP_215813.1_1	GCF_000767465.1_WP_007012610.1	50.000	602	418	69	424	200	4	176	593	1	418	0.0	630
lcl|NC_000962.3_prot_NP_215813.1_1	GCF_000730385.1_WP_044055843.1	47.418	602	421	70	426	212	4	176	595	1	420	0.0	630
lcl|NC_000962.3_prot_NP_215813.1_1	GCF_023272795.1_WP_248727594.1	36.617	602	608	93	609	329	4	35	592	5	607	0.0	630
lcl|NC_000962.3_prot_NP_215813.1_1	GCF_022788655.1_WP_007118408.1	47.653	602	423	70	426	211	4	174	593	4	423	0.0	630
lcl|NC_000962.3_prot_NP_215813.1_1	GCF_021172025.1_WP_231821193.1	51.695	602	672	98	590	282	2	8	597	71	657	0.0	630
lcl|NC_000962.3_prot_NP_215813.1_1	GCF_020217465.1_WP_043332997.1	49.528	602	419	69	424	202	4	176	593	1	418	0.0	630
lcl|NC_000962.3_prot_NP_215813.1_1	GCF_019395145.1_WP_219352758.1	44.468	602	477	79	479	254	4	121	593	5	477	0.0	630
lcl|NC_000962.3_prot_NP_215813.1_1	GCF_016028775.1_WP_066886249.1	47.406	602	418	69	424	211	4	176	593	1	418	0.0	630
lcl|NC_000962.3_prot_NP_215813.1_1	GCF_014805825.1_WP_191602268.1	49.409	602	421	69	423	202	4	176	592	1	417	0.0	630
lcl|NC_000962.3_prot_NP_215813.1_1	GCF_013377195.1_WP_132024126.1	50.000	602	420	70	426	200	5	176	594	1	420	0.0	630
lcl|NC_000962.3_prot_NP_215813.1_1	GCF_013127955.1_WP_171739925.1	35.462	602	740	98	595	362	5	11	593	156	740	0.0	630
lcl|NC_000962.3_prot_NP_215813.1_1	GCF_013127955.1_WP_171739925.1	12.150	602	740	98	214	184	2	3	212	32	245	1.46e-10	72.4
lcl|NC_000962.3_prot_NP_215813.1_1	GCF_013127955.1_WP_171739925.1	13.089	602	740	98	191	166	0	34	224	4	194	4.10e-10	70.8
lcl|NC_000962.3_prot_NP_215813.1_1	GCF_012971725.1_WP_015475046.1	50.469	602	420	70	426	199	4	176	595	1	420	0.0	630
lcl|NC_000962.3_prot_NP_215813.1_1	GCF_011611525.1_WP_007397168.1	45.249	602	436	69	442	212	4	176	593	1	436	0.0	630
lcl|NC_000962.3_prot_NP_215813.1_1	GCF_008931805.1_WP_019442730.1	47.887	602	421	70	426	210	4	176	595	1	420	0.0	630
lcl|NC_000962.3_prot_NP_215813.1_1	GCF_002354875.1_WP_096496783.1	52.857	602	694	99	630	265	4	2	601	67	694	0.0	630
lcl|NC_000962.3_prot_NP_215813.1_1	GCF_002354875.1_WP_096496783.1	15.816	602	694	99	196	155	1	22	207	28	223	1.82e-10	72.0
lcl|NC_000962.3_prot_NP_215813.1_1	GCF_002285635.2_WP_034680560.1	35.537	602	602	93	605	337	6	35	593	5	602	0.0	630
lcl|NC_000962.3_prot_NP_215813.1_1	GCF_002173515.1_WP_026018583.1	45.249	602	436	69	442	212	4	176	593	1	436	0.0	630
lcl|NC_000962.3_prot_NP_215813.1_1	GCF_002025725.1_WP_079216621.1	45.647	602	420	70	425	219	4	176	594	1	419	0.0	630
lcl|NC_000962.3_prot_NP_215813.1_1	GCF_001636015.1_WP_063514639.1	47.642	602	422	69	424	210	4	176	593	1	418	0.0	630
lcl|NC_000962.3_prot_NP_215813.1_1	GCF_001584145.1_WP_014004861.1	46.588	602	420	70	425	215	4	176	594	1	419	0.0	630
lcl|NC_000962.3_prot_NP_215813.1_1	GCF_001562195.1_WP_057794263.1	47.183	602	421	70	426	213	4	176	595	1	420	0.0	630
lcl|NC_000962.3_prot_NP_215813.1_1	GCF_000948985.2_WP_044838398.1	48.349	602	419	69	424	207	4	176	593	1	418	0.0	630
lcl|NC_000962.3_prot_NP_215813.1_1	GCF_000931575.1_WP_005648966.1	49.765	602	420	70	426	201	5	176	594	1	420	0.0	630
lcl|NC_000962.3_prot_NP_215813.1_1	GCF_000522545.2_WP_036005054.1	46.588	602	421	70	425	215	4	176	594	1	419	0.0	630
lcl|NC_000962.3_prot_NP_215813.1_1	GCF_000521695.1_WP_025217759.1	50.235	602	420	70	426	199	5	176	594	1	420	0.0	630
lcl|NC_000962.3_prot_NP_215813.1_1	GCF_000499665.2_WP_023508207.1	47.086	602	454	70	429	213	4	173	593	24	446	0.0	630
lcl|NC_000962.3_prot_NP_215813.1_1	GCF_000444995.1_WP_041527445.1	49.649	602	423	70	427	203	4	172	592	2	422	0.0	630
lcl|NC_000962.3_prot_NP_215813.1_1	GCF_000192865.1_WP_013662578.1	49.173	602	421	69	423	203	4	176	592	1	417	0.0	630
lcl|NC_000962.3_prot_NP_215813.1_1	GCF_000020045.1_WP_012400357.1	46.588	602	420	70	425	215	4	176	594	1	419	0.0	630
lcl|NC_000962.3_prot_NP_215813.1_1	GCF_000012325.1_WP_011041051.1	49.292	602	419	69	424	203	4	176	593	1	418	0.0	630
lcl|NC_000962.3_prot_NP_215813.1_1	GCF_028553745.1_WP_089344818.1	49.061	602	423	70	426	205	4	173	592	3	422	0.0	629
lcl|NC_000962.3_prot_NP_215813.1_1	GCF_026427595.1_WP_251810145.1	49.647	602	420	69	425	201	5	176	593	1	419	0.0	629
lcl|NC_000962.3_prot_NP_215813.1_1	GCF_025264705.1_WP_033362342.1	50.000	602	710	99	652	269	3	1	597	60	709	0.0	629
lcl|NC_000962.3_prot_NP_215813.1_1	GCF_025264705.1_WP_033362342.1	18.981	602	710	99	216	174	1	1	216	1	215	1.54e-09	68.9
lcl|NC_000962.3_prot_NP_215813.1_1	GCF_024347255.1_WP_091354829.1	48.235	602	419	70	425	208	4	176	594	1	419	0.0	629
lcl|NC_000962.3_prot_NP_215813.1_1	GCF_020866845.1_WP_228948358.1	48.349	602	418	69	424	207	4	176	593	1	418	0.0	629
lcl|NC_000962.3_prot_NP_215813.1_1	GCF_018595685.2_WP_214448066.1	39.643	602	552	93	560	321	6	36	592	6	551	0.0	629
lcl|NC_000962.3_prot_NP_215813.1_1	GCF_014899185.1_WP_193079956.1	48.131	602	423	70	428	210	4	172	593	2	423	0.0	629
lcl|NC_000962.3_prot_NP_215813.1_1	GCF_012689545.1_WP_168782872.1	48.946	602	423	70	427	206	4	172	592	2	422	0.0	629
lcl|NC_000962.3_prot_NP_215813.1_1	GCF_008329985.2_WP_149283415.1	50.236	602	419	69	424	199	4	176	593	1	418	0.0	629
lcl|NC_000962.3_prot_NP_215813.1_1	GCF_006385595.1_WP_139979156.1	35.122	602	609	99	615	371	6	1	593	1	609	0.0	629
lcl|NC_000962.3_prot_NP_215813.1_1	GCF_003609995.1_WP_120177679.1	47.642	602	418	69	424	210	4	176	593	1	418	0.0	629
lcl|NC_000962.3_prot_NP_215813.1_1	GCF_002796605.1_WP_100282918.1	48.821	602	418	69	424	205	4	176	593	1	418	0.0	629
lcl|NC_000962.3_prot_NP_215813.1_1	GCF_002776555.1_WP_100114892.1	47.765	602	420	70	425	210	4	176	594	1	419	0.0	629
lcl|NC_000962.3_prot_NP_215813.1_1	GCF_002355855.1_WP_066517188.1	48.113	602	418	69	424	208	4	176	593	1	418	0.0	629
lcl|NC_000962.3_prot_NP_215813.1_1	GCF_002216145.1_WP_089035324.1	48.815	602	420	69	422	204	4	176	591	1	416	0.0	629
lcl|NC_000962.3_prot_NP_215813.1_1	GCF_001698185.1_WP_029578874.1	47.170	602	418	69	424	212	4	176	593	1	418	0.0	629
lcl|NC_000962.3_prot_NP_215813.1_1	GCF_001634285.1_WP_066322582.1	47.255	602	423	69	419	211	3	175	591	2	412	0.0	629
lcl|NC_000962.3_prot_NP_215813.1_1	GCF_001187595.1_WP_019418641.1	46.667	602	428	69	420	214	3	174	591	4	415	0.0	629
lcl|NC_000962.3_prot_NP_215813.1_1	GCF_000988745.2_WP_036365682.1	47.642	602	422	69	424	210	4	176	593	1	418	0.0	629
lcl|NC_000962.3_prot_NP_215813.1_1	GCF_000521725.1_WP_015431785.1	50.939	602	420	70	426	196	5	176	594	1	420	0.0	629
lcl|NC_000962.3_prot_NP_215813.1_1	GCF_000021325.1_WP_012224423.1	45.578	602	435	69	441	211	4	176	593	1	435	0.0	629
lcl|NC_000962.3_prot_NP_215813.1_1	GCF_023277505.1_WP_075994695.1	40.179	602	499	93	560	266	6	36	592	5	498	0.0	629
lcl|NC_000962.3_prot_NP_215813.1_1	GCF_020990565.1_WP_038271239.1	38.230	602	564	92	565	334	7	38	593	6	564	0.0	629
lcl|NC_000962.3_prot_NP_215813.1_1	GCF_019343455.1_WP_003799272.1	47.170	602	418	69	424	212	4	176	593	1	418	0.0	629
lcl|NC_000962.3_prot_NP_215813.1_1	GCF_017607425.1_WP_012049038.1	49.057	602	418	69	424	204	4	176	593	1	418	0.0	629
lcl|NC_000962.3_prot_NP_215813.1_1	GCF_016888945.1_WP_008140606.1	33.596	602	658	98	634	373	8	2	593	31	658	0.0	629
lcl|NC_000962.3_prot_NP_215813.1_1	GCF_016888945.1_WP_008140606.1	11.399	602	658	98	193	169	1	36	228	6	196	4.87e-07	60.8
lcl|NC_000962.3_prot_NP_215813.1_1	GCF_015326725.1_WP_181555370.1	47.482	602	428	69	417	209	3	175	589	2	410	0.0	629
lcl|NC_000962.3_prot_NP_215813.1_1	GCF_011398155.1_WP_173292186.1	47.183	602	420	69	426	211	6	176	593	1	420	0.0	629
lcl|NC_000962.3_prot_NP_215813.1_1	GCF_009911755.1_WP_043248467.1	50.469	602	420	70	426	199	4	176	595	1	420	0.0	629
lcl|NC_000962.3_prot_NP_215813.1_1	GCF_008369745.1_WP_111379103.1	36.585	602	613	93	615	326	7	35	592	5	612	0.0	629
lcl|NC_000962.3_prot_NP_215813.1_1	GCF_007859675.1_WP_146322537.1	46.737	602	716	99	659	287	5	2	597	41	698	0.0	629
lcl|NC_000962.3_prot_NP_215813.1_1	GCF_007855645.1_WP_146365363.1	48.821	602	423	69	424	205	4	176	593	6	423	0.0	629
lcl|NC_000962.3_prot_NP_215813.1_1	GCF_004802635.2_WP_136497971.1	49.415	602	422	70	427	203	5	174	593	2	422	0.0	629
lcl|NC_000962.3_prot_NP_215813.1_1	GCF_004008295.1_WP_003810577.1	46.698	602	418	69	424	214	4	176	593	1	418	0.0	629
lcl|NC_000962.3_prot_NP_215813.1_1	GCF_003544895.1_WP_118944195.1	47.775	602	423	70	427	211	4	173	593	3	423	0.0	629
lcl|NC_000962.3_prot_NP_215813.1_1	GCF_002215215.1_WP_088916923.1	48.821	602	418	69	424	205	4	176	593	1	418	0.0	629
lcl|NC_000962.3_prot_NP_215813.1_1	GCF_002117445.1_WP_085787058.1	49.176	602	424	70	425	204	4	175	593	6	424	0.0	629
lcl|NC_000962.3_prot_NP_215813.1_1	GCF_002028405.1_WP_079419495.1	47.765	602	420	70	425	210	4	176	594	1	419	0.0	629
lcl|NC_000962.3_prot_NP_215813.1_1	GCF_002009295.1_WP_078525620.1	45.249	602	436	69	442	212	4	176	593	1	436	0.0	629
lcl|NC_000962.3_prot_NP_215813.1_1	GCF_001975705.1_WP_076699096.1	48.826	602	423	70	426	206	5	174	593	4	423	0.0	629
lcl|NC_000962.3_prot_NP_215813.1_1	GCF_001865575.2_WP_027197577.1	46.118	602	422	70	425	217	4	176	594	1	419	0.0	629
lcl|NC_000962.3_prot_NP_215813.1_1	GCF_001831495.1_WP_068546213.1	48.349	602	419	69	424	207	4	176	593	1	418	0.0	629
lcl|NC_000962.3_prot_NP_215813.1_1	GCF_001679665.1_WP_066771076.1	49.176	602	430	70	425	204	4	175	593	12	430	0.0	629
lcl|NC_000962.3_prot_NP_215813.1_1	GCF_000935025.1_WP_044334591.1	48.585	602	418	69	424	206	4	176	593	1	418	0.0	629
lcl|NC_000962.3_prot_NP_215813.1_1	GCF_000246855.1_WP_242675421.1	38.194	602	571	92	576	327	5	40	592	1	570	0.0	629
lcl|NC_000962.3_prot_NP_215813.1_1	GCF_000020365.1_WP_015903599.1	47.506	602	415	69	421	212	3	176	593	1	415	0.0	629
lcl|NC_000962.3_prot_NP_215813.1_1	GCF_000013645.1_WP_006048863.1	46.118	602	422	70	425	217	4	176	594	1	419	0.0	629
lcl|NC_000962.3_prot_NP_215813.1_1	GCF_000007245.1_WP_012382779.1	40.909	602	564	87	528	297	6	73	593	45	564	0.0	629
lcl|NC_000962.3_prot_NP_215813.1_1	GCF_900638385.1_WP_126598357.1	49.176	602	419	70	425	204	4	176	594	1	419	0.0	628
lcl|NC_000962.3_prot_NP_215813.1_1	GCF_900475885.1_WP_006996188.1	49.531	602	420	70	426	202	5	176	594	1	420	0.0	628
lcl|NC_000962.3_prot_NP_215813.1_1	GCF_028868935.1_WP_013522379.1	47.170	602	418	69	424	212	4	176	593	1	418	0.0	628
lcl|NC_000962.3_prot_NP_215813.1_1	GCF_026248825.1_WP_265991151.1	35.605	602	679	97	587	361	5	13	593	104	679	0.0	628
lcl|NC_000962.3_prot_NP_215813.1_1	GCF_026248825.1_WP_265991151.1	13.187	602	679	97	182	152	2	46	227	16	191	2.11e-07	62.4
lcl|NC_000962.3_prot_NP_215813.1_1	GCF_024498955.1_WP_256646108.1	39.177	602	563	92	559	327	5	42	593	11	563	0.0	628
lcl|NC_000962.3_prot_NP_215813.1_1	GCF_021183565.1_WP_233034333.1	61.897	602	619	99	601	217	1	1	601	31	619	0.0	628
lcl|NC_000962.3_prot_NP_215813.1_1	GCF_019797925.1_WP_010378171.1	47.406	602	419	69	424	211	4	176	593	1	418	0.0	628
lcl|NC_000962.3_prot_NP_215813.1_1	GCF_019603355.1_WP_057900203.1	48.804	602	426	69	418	205	3	175	591	2	411	0.0	628
lcl|NC_000962.3_prot_NP_215813.1_1	GCF_016858125.1_WP_203386927.1	47.529	602	420	70	425	211	4	176	594	1	419	0.0	628
lcl|NC_000962.3_prot_NP_215813.1_1	GCF_008087625.1_WP_246196625.1	48.675	602	411	68	415	201	4	184	592	1	409	0.0	628
lcl|NC_000962.3_prot_NP_215813.1_1	GCF_001499615.1_WP_006557874.1	46.560	602	431	69	436	208	4	176	592	1	430	0.0	628
lcl|NC_000962.3_prot_NP_215813.1_1	GCF_000967305.2_WP_009455931.1	46.934	602	418	69	424	213	4	176	593	1	418	0.0	628
lcl|NC_000962.3_prot_NP_215813.1_1	GCF_000828635.1_WP_041097986.1	48.341	602	419	69	422	206	4	176	591	1	416	0.0	628
lcl|NC_000962.3_prot_NP_215813.1_1	GCF_000755145.1_WP_044979407.1	38.139	602	548	90	548	324	5	57	595	3	544	0.0	628
lcl|NC_000962.3_prot_NP_215813.1_1	GCF_000212675.2_WP_005983131.1	47.743	602	415	69	421	211	3	176	593	1	415	0.0	628
lcl|NC_000962.3_prot_NP_215813.1_1	GCF_000189295.2_WP_041916210.1	47.981	602	415	69	421	210	3	176	593	1	415	0.0	628
lcl|NC_000962.3_prot_NP_215813.1_1	GCF_000092885.1_WP_008921615.1	46.118	602	422	70	425	217	4	176	594	1	419	0.0	628
lcl|NC_000962.3_prot_NP_215813.1_1	GCF_000067205.1_WP_012248888.1	46.934	602	418	69	424	213	4	176	593	1	418	0.0	628
lcl|NC_000962.3_prot_NP_215813.1_1	GCF_000013325.1_WP_011443783.1	50.236	602	418	69	424	199	4	176	593	1	418	0.0	628
lcl|NC_000962.3_prot_NP_215813.1_1	GCF_000011965.2_WP_011049565.1	48.592	602	423	70	426	207	4	174	593	4	423	0.0	628
lcl|NC_000962.3_prot_NP_215813.1_1	GCF_000010645.1_WP_012573027.1	36.552	602	583	92	580	338	6	37	592	9	582	0.0	628
lcl|NC_000962.3_prot_NP_215813.1_1	GCF_028607085.1_WP_273687405.1	48.585	602	418	69	424	206	4	176	593	1	418	0.0	628
lcl|NC_000962.3_prot_NP_215813.1_1	GCF_023169945.1_WP_248352708.1	51.179	602	439	69	424	191	5	178	591	15	432	0.0	628
lcl|NC_000962.3_prot_NP_215813.1_1	GCF_021391395.1_WP_233784644.1	48.113	602	418	69	424	208	4	176	593	1	418	0.0	628
lcl|NC_000962.3_prot_NP_215813.1_1	GCF_018982885.2_WP_216710280.1	47.518	602	418	69	423	210	4	176	592	1	417	0.0	628
lcl|NC_000962.3_prot_NP_215813.1_1	GCF_017498565.1_WP_207986572.1	49.057	602	418	69	424	204	4	176	593	1	418	0.0	628
lcl|NC_000962.3_prot_NP_215813.1_1	GCF_017487345.1_WP_225910316.1	42.800	602	495	82	500	274	4	100	593	2	495	0.0	628
lcl|NC_000962.3_prot_NP_215813.1_1	GCF_012295615.1_WP_007017996.1	46.336	602	418	69	423	215	4	176	592	1	417	0.0	628
lcl|NC_000962.3_prot_NP_215813.1_1	GCF_002370525.2_WP_004723038.1	47.642	602	422	69	424	210	4	176	593	1	418	0.0	628
lcl|NC_000962.3_prot_NP_215813.1_1	GCF_001940525.2_WP_075776732.1	49.180	602	423	70	427	205	4	172	592	2	422	0.0	628
lcl|NC_000962.3_prot_NP_215813.1_1	GCF_001676745.1_WP_066347086.1	46.934	602	418	69	424	213	4	176	593	1	418	0.0	628
lcl|NC_000962.3_prot_NP_215813.1_1	GCF_000934545.1_WP_202636399.1	48.471	602	419	70	425	207	4	176	594	1	419	0.0	628
lcl|NC_000962.3_prot_NP_215813.1_1	GCF_000319385.1_WP_015089209.1	47.765	602	419	69	425	209	4	176	593	1	419	0.0	628
lcl|NC_000962.3_prot_NP_215813.1_1	GCF_000270245.1_WP_231851480.1	44.081	602	662	99	642	308	4	2	596	21	658	0.0	628
lcl|NC_000962.3_prot_NP_215813.1_1	GCF_000270245.1_WP_231851480.1	18.235	602	662	99	170	138	1	40	209	1	169	7.40e-07	60.4
lcl|NC_000962.3_prot_NP_215813.1_1	GCF_000015345.1_WP_012031065.1	48.000	602	421	70	425	209	4	176	594	1	419	0.0	628
lcl|NC_000962.3_prot_NP_215813.1_1	GCF_024453815.1_WP_256006495.1	54.485	602	608	96	602	248	5	27	602	2	603	0.0	628
lcl|NC_000962.3_prot_NP_215813.1_1	GCF_023573145.1_WP_250197064.1	46.118	602	420	70	425	217	4	176	594	1	419	0.0	628
lcl|NC_000962.3_prot_NP_215813.1_1	GCF_020510565.1_WP_226498145.1	48.706	602	419	70	425	206	4	176	594	1	419	0.0	628
lcl|NC_000962.3_prot_NP_215813.1_1	GCF_014334095.1_WP_187334970.1	48.113	602	418	69	424	208	4	176	593	1	418	0.0	628
lcl|NC_000962.3_prot_NP_215813.1_1	GCF_012932215.1_WP_206040773.1	47.685	602	432	71	432	214	4	168	593	7	432	0.0	628
lcl|NC_000962.3_prot_NP_215813.1_1	GCF_012295595.1_WP_058262432.1	48.122	602	423	70	426	209	4	173	592	3	422	0.0	628
lcl|NC_000962.3_prot_NP_215813.1_1	GCF_011057975.1_WP_165325539.1	48.821	602	418	69	424	205	4	176	593	1	418	0.0	628
lcl|NC_000962.3_prot_NP_215813.1_1	GCF_008728195.1_WP_057812075.1	48.832	602	423	70	428	207	4	172	593	2	423	0.0	628
lcl|NC_000962.3_prot_NP_215813.1_1	GCF_008630635.1_WP_138988075.1	50.000	602	419	69	424	200	4	176	593	1	418	0.0	628
lcl|NC_000962.3_prot_NP_215813.1_1	GCF_007859635.1_WP_146573804.1	48.113	602	418	69	424	208	4	176	593	1	418	0.0	628
lcl|NC_000962.3_prot_NP_215813.1_1	GCF_004358345.1_WP_121854646.1	49.528	602	421	69	424	202	4	176	593	1	418	0.0	628
lcl|NC_000962.3_prot_NP_215813.1_1	GCF_004117095.1_WP_009671576.1	48.931	602	430	70	421	206	3	175	594	2	414	0.0	628
lcl|NC_000962.3_prot_NP_215813.1_1	GCF_003595305.1_WP_011001137.1	46.714	602	420	70	426	215	4	176	595	1	420	0.0	628
lcl|NC_000962.3_prot_NP_215813.1_1	GCF_002220755.1_WP_033916157.1	46.667	602	432	72	435	223	3	161	592	3	431	0.0	628
lcl|NC_000962.3_prot_NP_215813.1_1	GCF_002208825.2_WP_066627117.1	45.094	602	477	79	479	251	4	121	593	5	477	0.0	628
lcl|NC_000962.3_prot_NP_215813.1_1	GCF_002075795.1_WP_080916957.1	48.821	602	421	69	424	205	4	176	593	1	418	0.0	628
lcl|NC_000962.3_prot_NP_215813.1_1	GCF_001787355.1_WP_029604999.1	46.313	602	429	69	434	210	4	176	592	1	428	0.0	628
lcl|NC_000962.3_prot_NP_215813.1_1	GCF_001742225.1_WP_008832527.1	49.764	602	418	69	424	201	4	176	593	1	418	0.0	628
lcl|NC_000962.3_prot_NP_215813.1_1	GCF_001647695.1_WP_064082038.1	50.469	602	420	70	426	198	5	176	594	1	420	0.0	628
lcl|NC_000962.3_prot_NP_215813.1_1	GCF_001187845.1_WP_049836218.1	48.832	602	423	70	428	207	4	172	593	2	423	0.0	628
lcl|NC_000962.3_prot_NP_215813.1_1	GCF_000376545.2_WP_005616140.1	48.478	602	423	70	427	208	4	173	593	3	423	0.0	628
lcl|NC_000962.3_prot_NP_215813.1_1	GCF_000233915.3_WP_043290761.1	36.495	602	616	99	622	360	7	1	593	1	616	0.0	628
lcl|NC_000962.3_prot_NP_215813.1_1	GCF_000155735.2_WP_044038755.1	48.592	602	423	70	426	207	4	174	593	4	423	0.0	628
lcl|NC_000962.3_prot_NP_215813.1_1	GCF_000019045.1_WP_012576203.1	46.667	602	428	69	420	214	3	174	591	4	415	0.0	628
lcl|NC_000962.3_prot_NP_215813.1_1	GCF_900095135.1_WP_076930390.1	35.304	602	652	98	626	364	9	2	592	32	651	0.0	627
lcl|NC_000962.3_prot_NP_215813.1_1	GCF_900095135.1_WP_076930390.1	13.869	602	652	98	137	118	0	36	172	7	143	6.30e-06	57.4
lcl|NC_000962.3_prot_NP_215813.1_1	GCF_023822065.1_WP_252168038.1	49.292	602	418	69	424	203	4	176	593	1	418	0.0	627
lcl|NC_000962.3_prot_NP_215813.1_1	GCF_021654855.1_WP_237261747.1	47.281	602	418	69	423	211	4	176	592	1	417	0.0	627
lcl|NC_000962.3_prot_NP_215813.1_1	GCF_021278965.1_WP_068940597.1	35.122	602	611	93	615	335	7	35	593	5	611	0.0	627
lcl|NC_000962.3_prot_NP_215813.1_1	GCF_021173085.1_WP_004626250.1	46.588	602	420	70	425	215	4	176	594	1	419	0.0	627
lcl|NC_000962.3_prot_NP_215813.1_1	GCF_020510525.1_WP_226443021.1	48.706	602	419	70	425	206	4	176	594	1	419	0.0	627
lcl|NC_000962.3_prot_NP_215813.1_1	GCF_020149935.1_WP_261451786.1	37.168	602	519	93	565	303	7	33	593	3	519	0.0	627
lcl|NC_000962.3_prot_NP_215813.1_1	GCF_016743815.1_WP_202093376.1	48.349	602	418	69	424	207	4	176	593	1	418	0.0	627
lcl|NC_000962.3_prot_NP_215813.1_1	GCF_016576965.1_WP_004827884.1	47.877	602	422	69	424	209	4	176	593	1	418	0.0	627
lcl|NC_000962.3_prot_NP_215813.1_1	GCF_015277815.1_WP_228479490.1	68.523	602	725	69	413	129	1	185	597	296	707	0.0	627
lcl|NC_000962.3_prot_NP_215813.1_1	GCF_009834205.1_WP_244250400.1	49.576	602	817	98	589	291	2	9	597	224	806	0.0	627
lcl|NC_000962.3_prot_NP_215813.1_1	GCF_008727755.1_WP_238702465.1	54.647	602	691	89	538	242	2	61	597	140	676	0.0	627
lcl|NC_000962.3_prot_NP_215813.1_1	GCF_007004545.3_WP_142871814.1	48.349	602	421	69	424	207	4	176	593	1	418	0.0	627
lcl|NC_000962.3_prot_NP_215813.1_1	GCF_005885815.1_WP_138565631.1	49.057	602	418	69	424	204	4	176	593	1	418	0.0	627
lcl|NC_000962.3_prot_NP_215813.1_1	GCF_004358445.1_WP_133405350.1	48.821	602	421	69	424	205	4	176	593	1	418	0.0	627
lcl|NC_000962.3_prot_NP_215813.1_1	GCF_002355955.1_WP_096400399.1	47.143	602	416	69	420	212	4	176	591	1	414	0.0	627
lcl|NC_000962.3_prot_NP_215813.1_1	GCF_001856685.1_WP_071163959.1	48.604	602	611	95	609	273	4	26	596	2	608	0.0	627
lcl|NC_000962.3_prot_NP_215813.1_1	GCF_001663855.1_WP_021194164.1	46.588	602	420	70	425	215	4	176	594	1	419	0.0	627
lcl|NC_000962.3_prot_NP_215813.1_1	GCF_001021085.1_WP_047264179.1	48.592	602	423	70	426	207	4	175	594	3	422	0.0	627
lcl|NC_000962.3_prot_NP_215813.1_1	GCF_000498655.1_WP_011241711.1	47.754	602	418	69	423	209	4	176	592	1	417	0.0	627
lcl|NC_000962.3_prot_NP_215813.1_1	GCF_000215105.1_WP_013839423.1	51.148	602	656	100	610	290	2	1	602	40	649	0.0	627
lcl|NC_000962.3_prot_NP_215813.1_1	GCF_000186245.1_WP_013554582.1	46.652	602	443	74	448	230	3	151	595	2	443	0.0	627
lcl|NC_000962.3_prot_NP_215813.1_1	GCF_000024845.1_WP_012844798.1	38.968	602	518	93	562	293	5	35	593	4	518	0.0	627
lcl|NC_000962.3_prot_NP_215813.1_1	GCF_000022025.1_WP_015937530.1	46.880	602	711	100	657	294	3	1	602	53	709	0.0	627
lcl|NC_000962.3_prot_NP_215813.1_1	GCF_000018025.1_WP_012144445.1	48.585	602	421	69	424	206	4	176	593	1	418	0.0	627
lcl|NC_000962.3_prot_NP_215813.1_1	GCF_902860225.1_WP_176605024.1	47.887	602	421	70	426	210	4	176	595	1	420	0.0	627
lcl|NC_000962.3_prot_NP_215813.1_1	GCF_026651605.1_WP_268044283.1	47.722	602	429	69	417	209	3	176	591	1	409	0.0	627
lcl|NC_000962.3_prot_NP_215813.1_1	GCF_023100725.1_WP_247826490.1	45.242	602	734	100	683	293	5	1	602	52	734	0.0	627
lcl|NC_000962.3_prot_NP_215813.1_1	GCF_023100725.1_WP_247826490.1	18.750	602	734	100	192	155	1	20	210	12	203	1.90e-11	75.1
lcl|NC_000962.3_prot_NP_215813.1_1	GCF_020906275.1_WP_229954897.1	49.292	602	418	69	424	203	4	176	593	1	418	0.0	627
lcl|NC_000962.3_prot_NP_215813.1_1	GCF_018417475.1_WP_039389906.1	49.292	602	418	69	424	203	4	176	593	1	418	0.0	627
lcl|NC_000962.3_prot_NP_215813.1_1	GCF_017487405.1_WP_207869765.1	43.478	602	478	79	483	261	4	117	593	2	478	0.0	627
lcl|NC_000962.3_prot_NP_215813.1_1	GCF_016889925.1_WP_005802887.1	36.074	602	684	96	596	357	6	16	593	95	684	0.0	627
lcl|NC_000962.3_prot_NP_215813.1_1	GCF_016889925.1_WP_005802887.1	13.580	602	684	96	162	138	1	36	195	6	167	2.43e-06	58.9
lcl|NC_000962.3_prot_NP_215813.1_1	GCF_016656965.1_WP_201101956.1	43.882	602	470	78	474	254	4	126	593	3	470	0.0	627
lcl|NC_000962.3_prot_NP_215813.1_1	GCF_014055025.1_WP_007342493.1	48.578	602	419	69	422	205	4	176	591	1	416	0.0	627
lcl|NC_000962.3_prot_NP_215813.1_1	GCF_005473905.2_WP_137698897.1	39.696	602	753	98	592	348	3	4	592	159	744	0.0	627
lcl|NC_000962.3_prot_NP_215813.1_1	GCF_003351745.1_WP_114899648.1	48.585	602	423	69	424	206	4	176	593	1	418	0.0	627
lcl|NC_000962.3_prot_NP_215813.1_1	GCF_003324675.1_WP_114075247.1	48.019	602	424	70	429	211	4	172	594	2	424	0.0	627
lcl|NC_000962.3_prot_NP_215813.1_1	GCF_001886735.1_WP_071973439.1	46.948	602	423	70	426	214	4	174	593	4	423	0.0	627
lcl|NC_000962.3_prot_NP_215813.1_1	GCF_001431725.1_WP_021819843.1	49.764	602	419	69	424	201	4	176	593	1	418	0.0	627
lcl|NC_000962.3_prot_NP_215813.1_1	GCF_001021025.1_WP_047239997.1	55.810	602	657	99	611	260	4	2	602	41	651	0.0	627
lcl|NC_000962.3_prot_NP_215813.1_1	GCF_000376705.1_WP_002547887.1	48.581	602	633	99	599	301	3	1	596	36	630	0.0	627
lcl|NC_000962.3_prot_NP_215813.1_1	GCF_000210915.2_WP_014243319.1	46.793	602	415	69	421	215	3	176	593	1	415	0.0	627
lcl|NC_000962.3_prot_NP_215813.1_1	GCF_000155675.2_WP_015502031.1	48.148	602	437	71	432	212	4	168	593	12	437	0.0	627
lcl|NC_000962.3_prot_NP_215813.1_1	GCF_000070465.1_WP_012418041.1	47.170	602	418	69	424	212	4	176	593	1	418	0.0	627
lcl|NC_000962.3_prot_NP_215813.1_1	GCF_028553765.1_WP_272859014.1	48.009	602	423	70	427	210	4	172	592	2	422	0.0	627
lcl|NC_000962.3_prot_NP_215813.1_1	GCF_027920505.1_WP_271160156.1	38.319	602	616	98	595	355	5	2	593	31	616	0.0	627
lcl|NC_000962.3_prot_NP_215813.1_1	GCF_025139665.1_WP_259957790.1	48.712	602	423	70	427	207	4	173	593	3	423	0.0	627
lcl|NC_000962.3_prot_NP_215813.1_1	GCF_021952865.1_WP_237609325.1	51.504	602	830	93	565	267	3	43	601	255	818	0.0	627
lcl|NC_000962.3_prot_NP_215813.1_1	GCF_021650935.1_WP_236499081.1	47.294	602	419	70	425	212	4	176	594	1	419	0.0	627
lcl|NC_000962.3_prot_NP_215813.1_1	GCF_021117405.1_WP_231323064.1	39.810	602	605	86	525	303	5	76	593	87	605	0.0	627
lcl|NC_000962.3_prot_NP_215813.1_1	GCF_020886775.1_WP_229229480.1	52.650	602	734	95	585	263	3	30	602	150	732	0.0	627
lcl|NC_000962.3_prot_NP_215813.1_1	GCF_017901135.1_WP_210222373.1	47.765	602	419	70	425	210	4	176	594	1	419	0.0	627
lcl|NC_000962.3_prot_NP_215813.1_1	GCF_016772315.1_WP_202716000.1	47.294	602	419	70	425	212	4	176	594	1	419	0.0	627
lcl|NC_000962.3_prot_NP_215813.1_1	GCF_015644725.1_WP_195810464.1	47.418	602	421	70	426	212	4	176	595	1	420	0.0	627
lcl|NC_000962.3_prot_NP_215813.1_1	GCF_013378075.1_WP_176869952.1	48.821	602	418	69	424	205	4	176	593	1	418	0.0	627
lcl|NC_000962.3_prot_NP_215813.1_1	GCF_013177355.1_WP_042823984.1	38.040	602	624	98	602	352	7	7	593	29	624	0.0	627
lcl|NC_000962.3_prot_NP_215813.1_1	GCF_010448835.1_WP_163345826.1	34.142	602	617	93	618	342	8	36	594	6	617	0.0	627
lcl|NC_000962.3_prot_NP_215813.1_1	GCF_007833215.1_WP_145848355.1	48.349	602	418	69	424	207	4	176	593	1	418	0.0	627
lcl|NC_000962.3_prot_NP_215813.1_1	GCF_004337635.1_WP_006262930.1	35.831	602	636	98	614	364	8	2	593	31	636	0.0	627
lcl|NC_000962.3_prot_NP_215813.1_1	GCF_004337635.1_WP_006262930.1	12.834	602	636	98	187	163	0	35	221	5	191	6.76e-08	63.9
lcl|NC_000962.3_prot_NP_215813.1_1	GCF_004328535.1_WP_131332671.1	45.234	602	708	99	661	296	4	1	595	44	704	0.0	627
lcl|NC_000962.3_prot_NP_215813.1_1	GCF_004328535.1_WP_131332671.1	17.157	602	708	99	204	169	0	19	222	3	206	3.90e-05	55.0
lcl|NC_000962.3_prot_NP_215813.1_1	GCF_003991565.1_WP_106480283.1	36.409	602	669	98	607	355	8	2	592	76	667	0.0	627
lcl|NC_000962.3_prot_NP_215813.1_1	GCF_003991565.1_WP_106480283.1	10.734	602	669	98	177	158	0	36	212	6	182	3.97e-06	58.1
lcl|NC_000962.3_prot_NP_215813.1_1	GCF_003860345.1_WP_021689841.1	49.883	602	421	69	427	199	5	176	593	1	421	0.0	627
lcl|NC_000962.3_prot_NP_215813.1_1	GCF_003798325.1_WP_123826405.1	52.034	602	589	93	590	248	3	40	597	1	587	0.0	627
lcl|NC_000962.3_prot_NP_215813.1_1	GCF_003100395.1_WP_109036616.1	46.244	602	421	70	426	216	4	176	594	1	420	0.0	627
lcl|NC_000962.3_prot_NP_215813.1_1	GCF_001444405.1_WP_058028397.1	47.877	602	419	69	424	209	4	176	593	1	418	0.0	627
lcl|NC_000962.3_prot_NP_215813.1_1	GCF_001442745.1_WP_057916262.1	42.520	602	587	83	508	279	5	93	593	86	587	0.0	627
lcl|NC_000962.3_prot_NP_215813.1_1	GCF_001314325.1_WP_037557490.1	49.292	602	418	69	424	203	4	176	593	1	418	0.0	627
lcl|NC_000962.3_prot_NP_215813.1_1	GCF_001267925.1_WP_053196117.1	45.433	602	422	70	427	221	4	176	596	1	421	0.0	627
lcl|NC_000962.3_prot_NP_215813.1_1	GCF_000496595.1_WP_023466160.1	47.183	602	423	70	426	213	4	175	594	3	422	0.0	627
lcl|NC_000962.3_prot_NP_215813.1_1	GCF_000152825.2_WP_013299929.1	48.190	602	439	70	442	201	4	174	593	4	439	0.0	627
lcl|NC_000962.3_prot_NP_215813.1_1	GCF_000022005.1_YP_002519249.4	48.357	602	477	70	426	208	4	174	593	58	477	0.0	627
lcl|NC_000962.3_prot_NP_215813.1_1	GCF_021227995.1_WP_232495161.1	49.528	602	418	69	424	202	4	176	593	1	418	0.0	626
lcl|NC_000962.3_prot_NP_215813.1_1	GCF_018243215.1_WP_013212853.1	46.824	602	420	70	425	214	4	176	594	1	419	0.0	626
lcl|NC_000962.3_prot_NP_215813.1_1	GCF_008727795.1_WP_036524738.1	49.057	602	419	69	424	204	4	176	593	1	418	0.0	626
lcl|NC_000962.3_prot_NP_215813.1_1	GCF_008274825.1_WP_149526816.1	38.750	602	497	93	560	272	6	36	592	5	496	0.0	626
lcl|NC_000962.3_prot_NP_215813.1_1	GCF_003860525.1_WP_124801341.1	36.348	602	594	93	597	335	6	35	593	5	594	0.0	626
lcl|NC_000962.3_prot_NP_215813.1_1	GCF_003429285.1_WP_108565634.1	47.765	602	421	70	425	210	4	176	594	1	419	0.0	626
lcl|NC_000962.3_prot_NP_215813.1_1	GCF_003351545.1_WP_003771621.1	49.289	602	419	69	422	202	4	176	591	1	416	0.0	626
lcl|NC_000962.3_prot_NP_215813.1_1	GCF_002706795.1_WP_018669717.1	48.951	602	430	70	429	205	4	176	598	1	421	0.0	626
lcl|NC_000962.3_prot_NP_215813.1_1	GCF_002355735.1_WP_096361709.1	50.472	602	418	69	424	198	4	176	593	1	418	0.0	626
lcl|NC_000962.3_prot_NP_215813.1_1	GCF_002165375.2_WP_087513030.1	48.113	602	422	69	424	208	4	176	593	1	418	0.0	626
lcl|NC_000962.3_prot_NP_215813.1_1	GCF_001908725.1_WP_005987951.1	37.167	602	620	98	600	363	6	2	593	27	620	0.0	626
lcl|NC_000962.3_prot_NP_215813.1_1	GCF_001687545.1_WP_067785421.1	50.000	602	418	69	424	200	4	176	593	1	418	0.0	626
lcl|NC_000962.3_prot_NP_215813.1_1	GCF_000828615.1_WP_041064587.1	46.588	602	420	69	425	214	5	176	593	1	419	0.0	626
lcl|NC_000962.3_prot_NP_215813.1_1	GCF_000512915.1_WP_025277529.1	37.043	602	699	96	602	344	7	18	592	105	698	0.0	626
lcl|NC_000962.3_prot_NP_215813.1_1	GCF_000512915.1_WP_025277529.1	15.504	602	699	96	129	109	0	36	164	6	134	4.76e-05	54.7
lcl|NC_000962.3_prot_NP_215813.1_1	GCF_000511355.1_WP_024092144.1	48.712	602	423	70	427	207	4	173	593	3	423	0.0	626
lcl|NC_000962.3_prot_NP_215813.1_1	GCF_000237205.1_WP_013944565.1	44.742	602	481	80	485	258	4	112	592	2	480	0.0	626
lcl|NC_000962.3_prot_NP_215813.1_1	GCF_000093065.1_WP_013087676.1	47.529	602	419	70	425	211	4	176	594	1	419	0.0	626
lcl|NC_000962.3_prot_NP_215813.1_1	GCF_000021685.1_WP_012641745.1	50.585	602	434	71	427	204	2	168	593	12	432	0.0	626
lcl|NC_000962.3_prot_NP_215813.1_1	GCF_028553785.1_WP_271883975.1	49.061	602	423	70	426	205	4	173	592	3	422	0.0	626
lcl|NC_000962.3_prot_NP_215813.1_1	GCF_022637495.1_WP_241952514.1	38.462	602	564	92	572	326	7	40	593	1	564	0.0	626
lcl|NC_000962.3_prot_NP_215813.1_1	GCF_021590045.1_WP_236123528.1	49.363	602	660	99	628	289	3	1	599	24	651	0.0	626
lcl|NC_000962.3_prot_NP_215813.1_1	GCF_021590045.1_WP_236123528.1	21.387	602	660	99	173	134	1	38	208	2	174	1.94e-08	65.4
lcl|NC_000962.3_prot_NP_215813.1_1	GCF_014764365.1_WP_191083023.1	46.991	602	426	69	432	209	4	176	593	1	426	0.0	626
lcl|NC_000962.3_prot_NP_215813.1_1	GCF_014126825.1_WP_220471819.1	56.418	602	654	99	631	242	2	1	598	21	651	0.0	626
lcl|NC_000962.3_prot_NP_215813.1_1	GCF_014126825.1_WP_220471819.1	19.608	602	654	99	204	134	1	40	213	1	204	1.85e-05	55.8
lcl|NC_000962.3_prot_NP_215813.1_1	GCF_006740765.1_WP_008554331.1	48.946	602	423	70	427	206	4	173	593	3	423	0.0	626
lcl|NC_000962.3_prot_NP_215813.1_1	GCF_004328555.1_WP_035712460.1	48.592	602	423	70	426	207	4	173	592	3	422	0.0	626
lcl|NC_000962.3_prot_NP_215813.1_1	GCF_003991875.1_WP_206502751.1	50.759	602	790	97	593	284	3	11	596	185	776	0.0	626
lcl|NC_000962.3_prot_NP_215813.1_1	GCF_003815775.1_WP_076353106.1	36.634	602	604	93	606	331	6	35	593	5	604	0.0	626
lcl|NC_000962.3_prot_NP_215813.1_1	GCF_003071405.1_WP_107671649.1	48.122	602	422	70	426	209	4	174	593	3	422	0.0	626
lcl|NC_000962.3_prot_NP_215813.1_1	GCF_002847305.1_WP_101459910.1	48.478	602	423	70	427	208	4	172	592	2	422	0.0	626
lcl|NC_000962.3_prot_NP_215813.1_1	GCF_002327105.1_WP_096297083.1	38.409	602	603	97	591	345	6	9	593	26	603	0.0	626
lcl|NC_000962.3_prot_NP_215813.1_1	GCF_002080125.1_WP_003657353.1	47.393	602	422	69	422	210	4	176	591	1	416	0.0	626
lcl|NC_000962.3_prot_NP_215813.1_1	GCF_001641285.1_WP_063673092.1	45.033	602	593	74	453	236	5	148	593	147	593	0.0	626
lcl|NC_000962.3_prot_NP_215813.1_1	GCF_001499655.1_WP_032124870.1	46.767	602	460	76	464	237	4	133	592	2	459	0.0	626
lcl|NC_000962.3_prot_NP_215813.1_1	GCF_001028705.1_WP_047824344.1	49.292	602	418	69	424	203	4	176	593	1	418	0.0	626
lcl|NC_000962.3_prot_NP_215813.1_1	GCF_000046845.1_WP_004924555.1	48.113	602	422	69	424	208	4	176	593	1	418	0.0	626
lcl|NC_000962.3_prot_NP_215813.1_1	GCF_910593725.1_WP_216797128.1	46.118	602	420	70	425	217	4	176	594	1	419	0.0	625
lcl|NC_000962.3_prot_NP_215813.1_1	GCF_028553805.1_WP_076522194.1	48.478	602	423	70	427	208	4	172	592	2	422	0.0	625
lcl|NC_000962.3_prot_NP_215813.1_1	GCF_028010245.1_WP_014091240.1	38.974	602	624	96	585	343	6	17	593	46	624	0.0	625
lcl|NC_000962.3_prot_NP_215813.1_1	GCF_019856495.1_WP_222822883.1	49.157	602	422	69	415	202	3	176	589	5	411	0.0	625
lcl|NC_000962.3_prot_NP_215813.1_1	GCF_019602855.1_WP_011298277.1	46.824	602	420	70	425	214	4	176	594	1	419	0.0	625
lcl|NC_000962.3_prot_NP_215813.1_1	GCF_018139125.1_WP_004940453.1	48.113	602	422	69	424	208	4	176	593	1	418	0.0	625
lcl|NC_000962.3_prot_NP_215813.1_1	GCF_015277855.1_WP_194409006.1	52.522	602	731	95	575	271	2	24	597	139	712	0.0	625
lcl|NC_000962.3_prot_NP_215813.1_1	GCF_015097055.1_WP_200757886.1	47.962	602	422	69	417	208	3	176	591	1	409	0.0	625
lcl|NC_000962.3_prot_NP_215813.1_1	GCF_014395225.1_WP_187594002.1	38.176	602	584	93	592	325	6	33	593	3	584	0.0	625
lcl|NC_000962.3_prot_NP_215813.1_1	GCF_010977555.1_WP_163233568.1	48.113	602	469	69	424	208	4	176	593	52	469	0.0	625
lcl|NC_000962.3_prot_NP_215813.1_1	GCF_008761635.1_WP_151082871.1	49.164	602	643	99	598	297	2	1	598	48	638	0.0	625
lcl|NC_000962.3_prot_NP_215813.1_1	GCF_008365315.1_WP_149278181.1	45.767	602	432	69	437	211	4	176	592	1	431	0.0	625
lcl|NC_000962.3_prot_NP_215813.1_1	GCF_008365275.1_WP_149326284.1	47.031	602	706	99	640	296	3	1	597	57	696	0.0	625
lcl|NC_000962.3_prot_NP_215813.1_1	GCF_004087915.1_WP_128467336.1	47.733	602	413	69	419	208	4	176	591	1	411	0.0	625
lcl|NC_000962.3_prot_NP_215813.1_1	GCF_004014775.2_WP_042787093.1	45.538	602	432	69	437	212	4	176	592	1	431	0.0	625
lcl|NC_000962.3_prot_NP_215813.1_1	GCF_003122385.1_WP_109194305.1	36.650	602	601	93	603	330	7	35	592	5	600	0.0	625
lcl|NC_000962.3_prot_NP_215813.1_1	GCF_002983865.1_WP_050759042.1	48.585	602	432	69	424	206	4	176	593	15	432	0.0	625
lcl|NC_000962.3_prot_NP_215813.1_1	GCF_002173775.1_WP_003623786.1	45.538	602	432	69	437	212	4	176	592	1	431	0.0	625
lcl|NC_000962.3_prot_NP_215813.1_1	GCF_001854325.1_WP_071014025.1	46.824	602	420	70	425	214	4	176	594	1	419	0.0	625
lcl|NC_000962.3_prot_NP_215813.1_1	GCF_001696605.3_WP_068972889.1	47.642	602	422	69	424	210	4	176	593	1	418	0.0	625
lcl|NC_000962.3_prot_NP_215813.1_1	GCF_001633145.1_WP_042457933.1	48.946	602	423	70	427	206	4	173	593	3	423	0.0	625
lcl|NC_000962.3_prot_NP_215813.1_1	GCF_001442805.1_WP_057944870.1	41.353	602	591	87	532	299	5	69	593	66	591	0.0	625
lcl|NC_000962.3_prot_NP_215813.1_1	GCF_000307105.1_WP_014957137.1	48.456	602	415	69	421	208	3	176	593	1	415	0.0	625
lcl|NC_000962.3_prot_NP_215813.1_1	GCF_000184345.1_WP_014625615.1	36.711	602	632	95	602	347	6	20	593	29	624	0.0	625
lcl|NC_000962.3_prot_NP_215813.1_1	GCF_000165715.2_WP_218916519.1	46.047	602	431	70	430	220	4	169	592	6	429	0.0	625
lcl|NC_000962.3_prot_NP_215813.1_1	GCF_000024205.1_WP_083773329.1	49.188	602	438	71	431	209	3	175	601	2	426	0.0	625
lcl|NC_000962.3_prot_NP_215813.1_1	GCF_025266575.1_WP_252161848.1	36.946	602	629	98	609	361	7	2	593	27	629	0.0	625
lcl|NC_000962.3_prot_NP_215813.1_1	GCF_022674245.1_WP_021296806.1	47.962	602	428	69	417	208	3	176	591	1	409	0.0	625
lcl|NC_000962.3_prot_NP_215813.1_1	GCF_019916085.1_WP_261345503.1	41.566	602	488	82	498	276	5	100	593	2	488	0.0	625
lcl|NC_000962.3_prot_NP_215813.1_1	GCF_018127985.1_WP_211815129.1	35.108	602	654	98	601	368	8	2	592	65	653	0.0	625
lcl|NC_000962.3_prot_NP_215813.1_1	GCF_016889385.1_WP_005705735.1	50.469	602	420	70	426	198	5	176	594	1	420	0.0	625
lcl|NC_000962.3_prot_NP_215813.1_1	GCF_016801755.1_WP_025047434.1	46.948	602	423	70	426	214	4	174	593	4	423	0.0	625
lcl|NC_000962.3_prot_NP_215813.1_1	GCF_014681765.1_WP_092884391.1	46.963	602	423	70	428	215	4	172	593	2	423	0.0	625
lcl|NC_000962.3_prot_NP_215813.1_1	GCF_012563545.1_WP_247645208.1	47.432	602	584	96	584	298	2	27	602	2	584	0.0	625
lcl|NC_000962.3_prot_NP_215813.1_1	GCF_009834165.1_WP_132504111.1	57.730	602	759	85	511	215	1	87	597	239	748	0.0	625
lcl|NC_000962.3_prot_NP_215813.1_1	GCF_008807855.1_WP_042886485.1	47.059	602	420	70	425	213	4	176	594	1	419	0.0	625
lcl|NC_000962.3_prot_NP_215813.1_1	GCF_003966915.1_WP_026921881.1	45.647	602	420	70	425	219	4	176	594	1	419	0.0	625
lcl|NC_000962.3_prot_NP_215813.1_1	GCF_003101015.1_WP_005818247.1	50.469	602	420	70	426	198	5	176	594	1	420	0.0	625
lcl|NC_000962.3_prot_NP_215813.1_1	GCF_003030465.1_WP_245881052.1	49.878	602	405	67	409	193	4	192	594	1	403	0.0	625
lcl|NC_000962.3_prot_NP_215813.1_1	GCF_002688605.1_WP_014457752.1	45.823	602	424	69	419	217	3	175	591	2	412	0.0	625
lcl|NC_000962.3_prot_NP_215813.1_1	GCF_002504165.1_WP_088663068.1	48.598	602	424	70	428	207	4	173	593	3	424	0.0	625
lcl|NC_000962.3_prot_NP_215813.1_1	GCF_002005465.1_WP_077807010.1	45.853	602	429	69	434	212	4	176	592	1	428	0.0	625
lcl|NC_000962.3_prot_NP_215813.1_1	GCF_001887595.1_WP_071924884.1	37.833	602	636	92	563	332	6	43	593	80	636	0.0	625
lcl|NC_000962.3_prot_NP_215813.1_1	GCF_001886815.1_WP_044281836.1	49.406	602	415	69	421	204	3	176	593	1	415	0.0	625
lcl|NC_000962.3_prot_NP_215813.1_1	GCF_001704115.1_WP_067556955.1	47.406	602	422	69	424	211	4	176	593	1	418	0.0	625
lcl|NC_000962.3_prot_NP_215813.1_1	GCF_001548275.1_WP_068514893.1	46.453	602	432	72	437	223	5	162	593	2	432	0.0	625
lcl|NC_000962.3_prot_NP_215813.1_1	GCF_000583855.1_WP_011252631.1	46.347	602	433	69	438	208	4	176	592	1	432	0.0	625
lcl|NC_000962.3_prot_NP_215813.1_1	GCF_000016645.1_WP_012026627.1	37.664	602	604	93	608	320	7	35	592	5	603	0.0	625
lcl|NC_000962.3_prot_NP_215813.1_1	GCF_905142465.1_WP_210762362.1	37.225	602	633	97	591	358	5	10	593	49	633	0.0	625
lcl|NC_000962.3_prot_NP_215813.1_1	GCF_025403485.1_WP_261510825.1	35.774	602	598	93	601	337	6	35	593	5	598	0.0	625
lcl|NC_000962.3_prot_NP_215813.1_1	GCF_020872015.1_WP_212650230.1	36.349	602	605	93	608	331	5	35	593	5	605	0.0	625
lcl|NC_000962.3_prot_NP_215813.1_1	GCF_020541325.1_WP_226809637.1	45.882	602	420	70	425	218	4	176	594	1	419	0.0	625
lcl|NC_000962.3_prot_NP_215813.1_1	GCF_017893965.1_WP_210120366.1	38.587	602	597	91	552	326	5	53	599	54	597	0.0	625
lcl|NC_000962.3_prot_NP_215813.1_1	GCF_017815575.1_WP_022659360.1	47.381	602	431	69	420	211	4	176	591	16	429	0.0	625
lcl|NC_000962.3_prot_NP_215813.1_1	GCF_017724035.1_WP_029820492.1	38.974	602	624	96	585	343	6	17	593	46	624	0.0	625
lcl|NC_000962.3_prot_NP_215813.1_1	GCF_013347325.1_WP_006578219.1	46.588	602	420	70	425	215	4	176	594	1	419	0.0	625
lcl|NC_000962.3_prot_NP_215813.1_1	GCF_009883735.1_WP_159407733.1	38.111	602	613	97	593	352	6	8	593	29	613	0.0	625
lcl|NC_000962.3_prot_NP_215813.1_1	GCF_008369725.1_WP_068646990.1	48.681	602	446	69	417	205	3	175	590	2	410	0.0	625
lcl|NC_000962.3_prot_NP_215813.1_1	GCF_003722335.1_WP_101713185.1	43.827	602	481	80	486	261	4	114	593	2	481	0.0	625
lcl|NC_000962.3_prot_NP_215813.1_1	GCF_001717955.1_WP_069203991.1	47.406	602	418	69	424	211	4	176	593	1	418	0.0	625
lcl|NC_000962.3_prot_NP_215813.1_1	GCF_001692755.1_WP_003513713.1	37.138	602	650	98	622	353	6	2	592	30	644	0.0	625
lcl|NC_000962.3_prot_NP_215813.1_1	GCF_001676725.1_WP_066660140.1	46.698	602	418	69	424	214	4	176	593	1	418	0.0	625
lcl|NC_000962.3_prot_NP_215813.1_1	GCF_001659785.1_WP_067472021.1	57.810	602	662	99	621	235	3	2	596	36	655	0.0	625
lcl|NC_000962.3_prot_NP_215813.1_1	GCF_001659785.1_WP_067472021.1	22.143	602	662	99	140	109	0	27	166	2	141	2.54e-05	55.4
lcl|NC_000962.3_prot_NP_215813.1_1	GCF_001620265.1_WP_066817366.1	47.786	602	426	70	429	211	5	171	592	3	425	0.0	625
lcl|NC_000962.3_prot_NP_215813.1_1	GCF_000612685.1_WP_043681821.1	46.462	602	418	69	424	215	4	176	593	1	418	0.0	625
lcl|NC_000962.3_prot_NP_215813.1_1	GCF_000340795.1_WP_015396366.1	46.226	602	418	69	424	216	4	176	593	1	418	0.0	625
lcl|NC_000962.3_prot_NP_215813.1_1	GCF_000260985.4_WP_014707466.1	47.059	602	419	70	425	213	4	176	594	1	419	0.0	625
lcl|NC_000962.3_prot_NP_215813.1_1	GCF_000195275.1_WP_013701594.1	38.793	602	589	95	580	340	5	24	594	11	584	0.0	625
lcl|NC_000962.3_prot_NP_215813.1_1	GCF_000183665.1_WP_013461690.1	48.357	602	423	70	426	208	4	175	594	3	422	0.0	625
lcl|NC_000962.3_prot_NP_215813.1_1	GCF_900637915.1_WP_259340960.1	49.414	602	614	99	597	275	5	1	597	43	612	0.0	624
lcl|NC_000962.3_prot_NP_215813.1_1	GCF_900637665.1_WP_123858661.1	34.910	602	610	93	613	338	6	35	593	5	610	0.0	624
lcl|NC_000962.3_prot_NP_215813.1_1	GCF_900465055.1_WP_112716184.1	46.948	602	421	70	426	214	4	176	595	1	420	0.0	624
lcl|NC_000962.3_prot_NP_215813.1_1	GCF_025137635.1_WP_173487857.1	47.775	602	423	70	427	211	4	172	592	2	422	0.0	624
lcl|NC_000962.3_prot_NP_215813.1_1	GCF_024181585.1_WP_253726332.1	37.797	602	584	96	590	348	6	24	602	2	583	0.0	624
lcl|NC_000962.3_prot_NP_215813.1_1	GCF_022811525.1_WP_243479695.1	46.226	602	418	69	424	216	4	176	593	1	418	0.0	624
lcl|NC_000962.3_prot_NP_215813.1_1	GCF_018336855.1_WP_004955720.1	47.406	602	422	69	424	211	4	176	593	1	418	0.0	624
lcl|NC_000962.3_prot_NP_215813.1_1	GCF_017498685.1_WP_004721644.1	49.412	602	419	70	425	203	4	176	594	1	419	0.0	624
lcl|NC_000962.3_prot_NP_215813.1_1	GCF_017347605.1_WP_207154497.1	36.379	602	660	98	602	367	7	2	593	65	660	0.0	624
lcl|NC_000962.3_prot_NP_215813.1_1	GCF_016728825.1_WP_006387816.1	46.934	602	419	69	424	213	4	176	593	1	418	0.0	624
lcl|NC_000962.3_prot_NP_215813.1_1	GCF_013347125.1_WP_037922671.1	48.380	602	432	71	432	211	4	168	593	7	432	0.0	624
lcl|NC_000962.3_prot_NP_215813.1_1	GCF_009755585.1_WP_115842697.1	40.893	602	555	92	560	316	6	43	593	2	555	0.0	624
lcl|NC_000962.3_prot_NP_215813.1_1	GCF_009627355.1_WP_005015972.1	46.698	602	418	69	424	214	4	176	593	1	418	0.0	624
lcl|NC_000962.3_prot_NP_215813.1_1	GCF_003967075.1_WP_066700732.1	48.113	602	418	69	424	208	4	176	593	1	418	0.0	624
lcl|NC_000962.3_prot_NP_215813.1_1	GCF_003258335.1_WP_005016165.1	47.406	602	420	69	424	211	4	176	593	1	418	0.0	624
lcl|NC_000962.3_prot_NP_215813.1_1	GCF_002804065.1_WP_100669012.1	49.640	602	418	69	417	201	3	176	591	1	409	0.0	624
lcl|NC_000962.3_prot_NP_215813.1_1	GCF_002504085.1_WP_004209171.1	48.113	602	418	69	424	208	4	176	593	1	418	0.0	624
lcl|NC_000962.3_prot_NP_215813.1_1	GCF_002162355.1_WP_232463447.1	47.518	602	438	70	423	213	3	177	598	11	425	0.0	624
lcl|NC_000962.3_prot_NP_215813.1_1	GCF_002005485.1_WP_062032614.1	46.347	602	433	69	438	208	4	176	592	1	432	0.0	624
lcl|NC_000962.3_prot_NP_215813.1_1	GCF_001704615.3_WP_065993535.1	48.113	602	422	69	424	208	4	176	593	1	418	0.0	624
lcl|NC_000962.3_prot_NP_215813.1_1	GCF_001465255.1_WP_054817046.1	49.169	602	435	70	421	205	3	175	594	2	414	0.0	624
lcl|NC_000962.3_prot_NP_215813.1_1	GCF_001008165.2_WP_046903916.1	49.292	602	418	69	424	203	4	176	593	1	418	0.0	624
lcl|NC_000962.3_prot_NP_215813.1_1	GCF_000974425.1_WP_046575237.1	36.557	602	762	97	610	352	7	8	593	164	762	0.0	624
lcl|NC_000962.3_prot_NP_215813.1_1	GCF_000194135.1_WP_013681179.1	47.356	602	432	69	435	203	5	179	594	5	432	0.0	624
lcl|NC_000962.3_prot_NP_215813.1_1	GCF_000092905.1_WP_013077149.1	49.880	602	418	69	417	200	3	176	591	1	409	0.0	624
lcl|NC_000962.3_prot_NP_215813.1_1	GCF_000025965.1_WP_241762731.1	51.100	602	403	67	409	188	4	192	594	1	403	0.0	624
lcl|NC_000962.3_prot_NP_215813.1_1	GCF_901538265.1_WP_261361178.1	50.237	602	419	69	422	196	5	178	591	1	416	0.0	624
lcl|NC_000962.3_prot_NP_215813.1_1	GCF_900638445.1_WP_005596104.1	50.704	602	420	70	426	197	5	176	594	1	420	0.0	624
lcl|NC_000962.3_prot_NP_215813.1_1	GCF_900637105.1_WP_076555853.1	47.156	602	422	69	422	211	4	176	591	1	416	0.0	624
lcl|NC_000962.3_prot_NP_215813.1_1	GCF_026651875.1_WP_268005762.1	47.722	602	428	69	417	209	3	176	591	1	409	0.0	624
lcl|NC_000962.3_prot_NP_215813.1_1	GCF_023520795.1_WP_035108616.1	51.691	602	627	96	621	255	3	27	602	2	622	0.0	624
lcl|NC_000962.3_prot_NP_215813.1_1	GCF_016757795.1_WP_141352803.1	46.347	602	433	69	438	208	4	176	592	1	432	0.0	624
lcl|NC_000962.3_prot_NP_215813.1_1	GCF_016613535.2_WP_207526815.1	40.301	602	574	87	531	303	6	71	593	50	574	0.0	624
lcl|NC_000962.3_prot_NP_215813.1_1	GCF_009363095.1_WP_152399666.1	48.201	602	448	69	417	207	3	175	590	2	410	0.0	624
lcl|NC_000962.3_prot_NP_215813.1_1	GCF_008801925.2_WP_043347534.1	47.059	602	420	70	425	213	4	176	594	1	419	0.0	624
lcl|NC_000962.3_prot_NP_215813.1_1	GCF_006337105.1_WP_240703594.1	42.043	602	547	83	509	282	5	92	593	45	547	0.0	624
lcl|NC_000962.3_prot_NP_215813.1_1	GCF_003815875.1_WP_103288985.1	35.237	602	610	93	613	336	7	35	593	5	610	0.0	624
lcl|NC_000962.3_prot_NP_215813.1_1	GCF_003072465.1_WP_108673912.1	46.462	602	418	69	424	215	4	176	593	1	418	0.0	624
lcl|NC_000962.3_prot_NP_215813.1_1	GCF_002998435.1_WP_106042139.1	35.216	602	681	98	602	373	7	2	593	87	681	0.0	624
lcl|NC_000962.3_prot_NP_215813.1_1	GCF_002998435.1_WP_106042139.1	11.848	602	681	98	211	167	3	36	228	6	215	1.78e-06	59.3
lcl|NC_000962.3_prot_NP_215813.1_1	GCF_002865605.1_WP_101501051.1	49.415	602	423	70	427	204	4	172	592	2	422	0.0	624
lcl|NC_000962.3_prot_NP_215813.1_1	GCF_002250945.2_WP_012096299.1	46.778	602	423	69	419	213	3	175	591	2	412	0.0	624
lcl|NC_000962.3_prot_NP_215813.1_1	GCF_002105555.1_WP_085377313.1	49.415	602	423	70	427	204	4	172	592	2	422	0.0	624
lcl|NC_000962.3_prot_NP_215813.1_1	GCF_001553955.1_WP_007117155.1	47.877	602	422	69	424	209	4	176	593	1	418	0.0	624
lcl|NC_000962.3_prot_NP_215813.1_1	GCF_000833025.1_WP_041889324.1	35.831	602	636	98	614	364	8	2	593	31	636	0.0	624
lcl|NC_000962.3_prot_NP_215813.1_1	GCF_000833025.1_WP_041889324.1	12.834	602	636	98	187	163	0	35	221	5	191	1.51e-07	62.7
lcl|NC_000962.3_prot_NP_215813.1_1	GCF_000154785.2_WP_013963942.1	48.585	602	432	69	424	206	4	176	593	15	432	0.0	624
lcl|NC_000962.3_prot_NP_215813.1_1	GCF_000022145.1_WP_041450427.1	50.708	602	437	69	424	193	5	178	591	15	432	0.0	624
lcl|NC_000962.3_prot_NP_215813.1_1	GCF_000015725.1_WP_036229752.1	46.588	602	420	70	425	215	4	176	594	1	419	0.0	624
lcl|NC_000962.3_prot_NP_215813.1_1	GCF_028607105.1_WP_168603237.1	50.000	602	418	69	424	200	4	176	593	1	418	0.0	623
lcl|NC_000962.3_prot_NP_215813.1_1	GCF_023824315.1_WP_116761404.1	48.349	602	422	69	424	207	4	176	593	1	418	0.0	623
lcl|NC_000962.3_prot_NP_215813.1_1	GCF_022200785.1_WP_238417725.1	37.782	602	569	93	577	333	6	33	593	3	569	0.0	623
lcl|NC_000962.3_prot_NP_215813.1_1	GCF_019297855.1_WP_219003028.1	48.244	602	423	70	427	209	4	173	593	3	423	0.0	623
lcl|NC_000962.3_prot_NP_215813.1_1	GCF_018866305.1_WP_104052466.1	52.577	602	738	99	582	264	2	28	597	153	734	0.0	623
lcl|NC_000962.3_prot_NP_215813.1_1	GCF_018866305.1_WP_104052466.1	10.870	602	738	99	230	184	1	1	209	52	281	2.34e-08	65.4
lcl|NC_000962.3_prot_NP_215813.1_1	GCF_018866305.1_WP_104052466.1	17.279	602	738	99	272	166	3	1	222	1	263	8.94e-06	57.0
lcl|NC_000962.3_prot_NP_215813.1_1	GCF_018388465.1_WP_208290421.1	45.840	602	704	99	661	295	3	1	598	43	703	0.0	623
lcl|NC_000962.3_prot_NP_215813.1_1	GCF_018388465.1_WP_208290421.1	18.000	602	704	99	150	123	0	23	172	6	155	3.46e-09	67.8
lcl|NC_000962.3_prot_NP_215813.1_1	GCF_018324105.1_WP_005007569.1	48.349	602	422	69	424	207	4	176	593	1	418	0.0	623
lcl|NC_000962.3_prot_NP_215813.1_1	GCF_018292165.1_WP_005832474.1	35.726	602	679	98	599	370	7	2	593	89	679	0.0	623
lcl|NC_000962.3_prot_NP_215813.1_1	GCF_018292165.1_WP_005832474.1	13.065	602	679	98	199	167	2	36	228	6	204	1.74e-07	62.4
lcl|NC_000962.3_prot_NP_215813.1_1	GCF_016028735.1_WP_018573819.1	45.283	602	418	69	424	220	4	176	593	1	418	0.0	623
lcl|NC_000962.3_prot_NP_215813.1_1	GCF_014109845.1_WP_054661497.1	41.051	602	572	84	514	290	5	87	593	65	572	0.0	623
lcl|NC_000962.3_prot_NP_215813.1_1	GCF_010918895.1_WP_004812998.1	48.349	602	422	69	424	207	4	176	593	1	418	0.0	623
lcl|NC_000962.3_prot_NP_215813.1_1	GCF_004798725.1_WP_010814266.1	46.824	602	420	70	425	214	4	176	594	1	419	0.0	623
lcl|NC_000962.3_prot_NP_215813.1_1	GCF_003024525.3_WP_106986222.1	48.113	602	422	69	424	208	4	176	593	1	418	0.0	623
lcl|NC_000962.3_prot_NP_215813.1_1	GCF_002355975.1_WP_096381802.1	42.418	602	600	85	521	287	5	80	593	86	600	0.0	623
lcl|NC_000962.3_prot_NP_215813.1_1	GCF_002355295.1_WP_232526381.1	44.106	602	583	81	492	262	5	109	593	98	583	0.0	623
lcl|NC_000962.3_prot_NP_215813.1_1	GCF_001611975.1_WP_066133694.1	47.991	602	418	69	423	208	4	176	592	1	417	0.0	623
lcl|NC_000962.3_prot_NP_215813.1_1	GCF_000834395.1_WP_004704159.1	49.882	602	419	70	425	201	4	176	594	1	419	0.0	623
lcl|NC_000962.3_prot_NP_215813.1_1	GCF_000739435.1_WP_005624302.1	50.235	602	420	70	426	199	5	176	594	1	420	0.0	623
lcl|NC_000962.3_prot_NP_215813.1_1	GCF_000258535.2_WP_013921277.1	47.765	602	434	70	425	212	4	175	597	2	418	0.0	623
lcl|NC_000962.3_prot_NP_215813.1_1	GCF_000253275.1_WP_014084047.1	34.704	602	634	98	608	372	5	2	591	31	631	0.0	623
lcl|NC_000962.3_prot_NP_215813.1_1	GCF_000024985.1_WP_012871486.1	51.914	602	417	69	418	194	2	177	593	4	415	0.0	623
lcl|NC_000962.3_prot_NP_215813.1_1	GCF_024496245.1_WP_256505681.1	48.349	602	418	69	424	207	4	176	593	1	418	0.0	623
lcl|NC_000962.3_prot_NP_215813.1_1	GCF_024362265.1_WP_255161283.1	54.029	602	634	91	546	250	1	51	596	76	620	0.0	623
lcl|NC_000962.3_prot_NP_215813.1_1	GCF_022459015.1_WP_272915304.1	46.224	602	432	69	437	209	4	176	592	1	431	0.0	623
lcl|NC_000962.3_prot_NP_215813.1_1	GCF_019904175.1_WP_223101560.1	50.760	602	716	99	658	261	5	1	597	60	715	0.0	623
lcl|NC_000962.3_prot_NP_215813.1_1	GCF_019904175.1_WP_223101560.1	20.000	602	716	99	205	164	0	1	205	1	205	7.74e-11	73.1
lcl|NC_000962.3_prot_NP_215813.1_1	GCF_019443285.1_WP_219894543.1	48.821	602	418	69	424	205	4	176	593	1	418	0.0	623
lcl|NC_000962.3_prot_NP_215813.1_1	GCF_019343495.1_WP_004278267.1	48.349	602	422	69	424	207	4	176	593	1	418	0.0	623
lcl|NC_000962.3_prot_NP_215813.1_1	GCF_019047805.1_WP_246580181.1	54.927	602	662	100	619	262	4	1	602	39	657	0.0	623
lcl|NC_000962.3_prot_NP_215813.1_1	GCF_019047805.1_WP_246580181.1	18.072	602	662	100	166	133	1	23	188	2	164	5.93e-08	63.9
lcl|NC_000962.3_prot_NP_215813.1_1	GCF_017301775.1_WP_038236362.1	37.313	602	606	98	603	354	8	7	593	12	606	0.0	623
lcl|NC_000962.3_prot_NP_215813.1_1	GCF_009650135.1_WP_153712566.1	48.113	602	420	69	424	208	4	176	593	1	418	0.0	623
lcl|NC_000962.3_prot_NP_215813.1_1	GCF_007954425.1_WP_147089728.1	50.472	602	418	69	424	198	4	176	593	1	418	0.0	623
lcl|NC_000962.3_prot_NP_215813.1_1	GCF_003367705.1_WP_045255389.1	54.197	602	650	90	548	244	2	55	596	90	636	0.0	623
lcl|NC_000962.3_prot_NP_215813.1_1	GCF_003008555.2_WP_106474025.1	48.478	602	423	70	427	208	4	173	593	3	423	0.0	623
lcl|NC_000962.3_prot_NP_215813.1_1	GCF_002216815.1_WP_012778732.1	47.183	602	423	70	426	213	4	175	594	3	422	0.0	623
lcl|NC_000962.3_prot_NP_215813.1_1	GCF_002055515.1_WP_003655059.1	47.877	602	422	69	424	209	4	176	593	1	418	0.0	623
lcl|NC_000962.3_prot_NP_215813.1_1	GCF_001717565.1_WP_007433890.1	46.508	602	631	95	630	275	4	26	596	2	628	0.0	623
lcl|NC_000962.3_prot_NP_215813.1_1	GCF_001651805.1_WP_067386487.1	49.412	602	419	70	425	203	4	176	594	1	419	0.0	623
lcl|NC_000962.3_prot_NP_215813.1_1	GCF_000292685.1_WP_014895079.1	48.219	602	416	69	421	209	3	176	593	1	415	0.0	623
lcl|NC_000962.3_prot_NP_215813.1_1	GCF_000021725.1_WP_015902786.1	48.989	602	441	73	445	218	3	151	592	2	440	0.0	623
lcl|NC_000962.3_prot_NP_215813.1_1	GCF_000012865.1_WP_011343078.1	51.790	602	425	68	419	188	3	179	589	5	417	0.0	623
lcl|NC_000962.3_prot_NP_215813.1_1	GCF_020541305.1_WP_226806649.1	45.647	602	420	70	425	219	4	176	594	1	419	0.0	623
lcl|NC_000962.3_prot_NP_215813.1_1	GCF_017569325.1_WP_129569748.1	39.394	602	544	93	561	315	5	36	593	6	544	0.0	623
lcl|NC_000962.3_prot_NP_215813.1_1	GCF_005281455.1_WP_001054522.1	47.642	602	422	69	424	210	4	176	593	1	418	0.0	623
lcl|NC_000962.3_prot_NP_215813.1_1	GCF_003590145.2_WP_119841167.1	47.775	602	427	70	427	211	4	173	593	7	427	0.0	623
lcl|NC_000962.3_prot_NP_215813.1_1	GCF_003323815.1_WP_005085280.1	47.642	602	422	69	424	210	4	176	593	1	418	0.0	623
lcl|NC_000962.3_prot_NP_215813.1_1	GCF_002356555.2_WP_096409831.1	47.529	602	419	69	425	210	5	176	593	1	419	0.0	623
lcl|NC_000962.3_prot_NP_215813.1_1	GCF_002222655.1_WP_089416677.1	46.824	602	420	70	425	214	4	176	594	1	419	0.0	623
lcl|NC_000962.3_prot_NP_215813.1_1	GCF_002220195.1_WP_035351198.1	45.309	602	432	69	437	213	4	176	592	1	431	0.0	623
lcl|NC_000962.3_prot_NP_215813.1_1	GCF_001889025.1_WP_072558404.1	47.877	602	418	69	424	209	4	176	593	1	418	0.0	623
lcl|NC_000962.3_prot_NP_215813.1_1	GCF_001654455.1_WP_245645917.1	38.070	602	561	92	570	328	7	40	593	1	561	0.0	623
lcl|NC_000962.3_prot_NP_215813.1_1	GCF_001187785.1_WP_049725834.1	46.934	602	418	69	424	213	4	176	593	1	418	0.0	623
lcl|NC_000962.3_prot_NP_215813.1_1	GCF_000961215.1_WP_015472881.1	38.617	602	632	96	593	342	6	17	593	46	632	0.0	623
lcl|NC_000962.3_prot_NP_215813.1_1	GCF_000277895.2_WP_026113147.1	38.386	602	629	97	607	347	7	8	593	29	629	0.0	623
lcl|NC_000962.3_prot_NP_215813.1_1	GCF_000264945.2_WP_007689303.1	48.113	602	418	69	424	208	4	176	593	1	418	0.0	623
lcl|NC_000962.3_prot_NP_215813.1_1	GCF_000196795.1_WP_004794523.1	47.877	602	422	69	424	209	4	176	593	1	418	0.0	623
lcl|NC_000962.3_prot_NP_215813.1_1	GCF_000191145.1_YP_004997780.1	47.877	602	422	69	424	209	4	176	593	1	418	0.0	623
lcl|NC_000962.3_prot_NP_215813.1_1	GCF_907164845.1_WP_215219358.1	39.744	602	602	88	546	309	6	62	593	63	602	0.0	622
lcl|NC_000962.3_prot_NP_215813.1_1	GCF_024722315.1_WP_160339044.1	35.516	602	635	98	611	367	6	2	592	31	634	0.0	622
lcl|NC_000962.3_prot_NP_215813.1_1	GCF_024722315.1_WP_160339044.1	13.873	602	635	98	173	144	1	35	207	5	172	1.45e-07	62.7
lcl|NC_000962.3_prot_NP_215813.1_1	GCF_022267555.1_WP_238866992.1	34.537	602	663	98	637	365	8	2	592	32	662	0.0	622
lcl|NC_000962.3_prot_NP_215813.1_1	GCF_022267555.1_WP_238866992.1	13.103	602	663	98	145	126	0	36	180	7	151	2.25e-07	62.0
lcl|NC_000962.3_prot_NP_215813.1_1	GCF_021398715.1_WP_234073321.1	50.082	602	655	98	613	282	3	7	597	30	640	0.0	622
lcl|NC_000962.3_prot_NP_215813.1_1	GCF_020084865.1_WP_224134458.1	36.349	602	605	93	608	331	6	35	593	5	605	0.0	622
lcl|NC_000962.3_prot_NP_215813.1_1	GCF_018409485.1_WP_004783562.1	48.113	602	422	69	424	208	4	176	593	1	418	0.0	622
lcl|NC_000962.3_prot_NP_215813.1_1	GCF_016806125.1_WP_023848769.1	47.775	602	423	70	427	211	4	173	593	3	423	0.0	622
lcl|NC_000962.3_prot_NP_215813.1_1	GCF_014931715.1_WP_197549099.1	46.067	602	440	73	445	231	3	154	595	2	440	0.0	622
lcl|NC_000962.3_prot_NP_215813.1_1	GCF_014775655.1_WP_191148672.1	49.916	602	833	97	595	288	2	11	596	221	814	0.0	622
lcl|NC_000962.3_prot_NP_215813.1_1	GCF_013122135.1_WP_016144371.1	47.877	602	422	69	424	209	4	176	593	1	418	0.0	622
lcl|NC_000962.3_prot_NP_215813.1_1	GCF_009884975.1_WP_005146524.1	47.877	602	422	69	424	209	4	176	593	1	418	0.0	622
lcl|NC_000962.3_prot_NP_215813.1_1	GCF_009739515.1_WP_156680589.1	48.113	602	418	69	424	208	4	176	593	1	418	0.0	622
lcl|NC_000962.3_prot_NP_215813.1_1	GCF_006459125.1_WP_044417211.1	45.333	602	447	74	450	238	3	146	592	2	446	0.0	622
lcl|NC_000962.3_prot_NP_215813.1_1	GCF_005890135.1_WP_244937990.1	47.284	602	632	99	626	299	3	1	598	9	631	0.0	622
lcl|NC_000962.3_prot_NP_215813.1_1	GCF_005890135.1_WP_244937990.1	17.442	602	632	99	172	140	1	52	221	1	172	1.04e-06	60.1
lcl|NC_000962.3_prot_NP_215813.1_1	GCF_002288285.1_WP_017183196.1	47.642	602	418	69	424	210	4	176	593	1	418	0.0	622
lcl|NC_000962.3_prot_NP_215813.1_1	GCF_001077815.2_WP_048884593.1	49.528	602	418	69	424	202	4	176	593	1	418	0.0	622
lcl|NC_000962.3_prot_NP_215813.1_1	GCF_904848165.1_WP_201498527.1	47.642	602	422	69	424	210	4	176	593	1	418	0.0	622
lcl|NC_000962.3_prot_NP_215813.1_1	GCF_900089455.2_WP_067760151.1	46.226	602	418	69	424	216	4	176	593	1	418	0.0	622
lcl|NC_000962.3_prot_NP_215813.1_1	GCF_020885855.1_WP_005840325.1	35.067	602	669	98	596	372	6	3	593	84	669	0.0	622
lcl|NC_000962.3_prot_NP_215813.1_1	GCF_020885855.1_WP_005840325.1	12.030	602	669	98	133	117	0	36	168	6	138	9.72e-07	60.1
lcl|NC_000962.3_prot_NP_215813.1_1	GCF_019930665.1_WP_025867930.1	35.400	602	677	99	613	368	8	1	593	73	677	0.0	622
lcl|NC_000962.3_prot_NP_215813.1_1	GCF_019930665.1_WP_025867930.1	14.286	602	677	99	140	120	0	36	175	6	145	2.76e-06	58.5
lcl|NC_000962.3_prot_NP_215813.1_1	GCF_019453995.1_WP_245397614.1	50.605	602	408	68	413	194	4	184	592	1	407	0.0	622
lcl|NC_000962.3_prot_NP_215813.1_1	GCF_016599755.1_WP_023021760.1	54.844	602	615	96	609	242	4	27	602	2	610	0.0	622
lcl|NC_000962.3_prot_NP_215813.1_1	GCF_013372165.1_WP_059425916.1	44.667	602	445	74	450	240	3	146	592	1	444	0.0	622
lcl|NC_000962.3_prot_NP_215813.1_1	GCF_011578285.1_WP_166326459.1	47.406	602	422	69	424	211	4	176	593	1	418	0.0	622
lcl|NC_000962.3_prot_NP_215813.1_1	GCF_011300455.1_WP_166411092.1	48.585	602	418	69	424	206	4	176	593	1	418	0.0	622
lcl|NC_000962.3_prot_NP_215813.1_1	GCF_009746125.1_WP_156863824.1	46.934	602	420	69	424	213	4	176	593	1	418	0.0	622
lcl|NC_000962.3_prot_NP_215813.1_1	GCF_006542685.1_WP_141429796.1	39.613	602	567	93	568	325	7	36	592	6	566	0.0	622
lcl|NC_000962.3_prot_NP_215813.1_1	GCF_003660165.1_WP_121153235.1	49.292	602	418	69	424	203	4	176	593	1	418	0.0	622
lcl|NC_000962.3_prot_NP_215813.1_1	GCF_003233695.1_WP_111265242.1	42.412	602	591	84	514	283	5	87	593	84	591	0.0	622
lcl|NC_000962.3_prot_NP_215813.1_1	GCF_003015125.1_WP_013081276.1	44.283	602	477	79	481	256	4	119	593	3	477	0.0	622
lcl|NC_000962.3_prot_NP_215813.1_1	GCF_002762215.1_WP_085751605.1	47.059	602	420	70	425	213	4	176	594	1	419	0.0	622
lcl|NC_000962.3_prot_NP_215813.1_1	GCF_001547995.1_WP_023978877.1	45.642	602	431	69	436	212	4	176	592	1	430	0.0	622
lcl|NC_000962.3_prot_NP_215813.1_1	GCF_001483865.1_WP_058934867.1	46.118	602	420	70	425	217	4	176	594	1	419	0.0	622
lcl|NC_000962.3_prot_NP_215813.1_1	GCF_001021045.1_WP_236686163.1	52.815	602	618	99	604	267	4	2	602	25	613	0.0	622
lcl|NC_000962.3_prot_NP_215813.1_1	GCF_000987835.1_WP_046550475.1	46.292	602	441	73	445	230	3	151	592	2	440	0.0	622
lcl|NC_000962.3_prot_NP_215813.1_1	GCF_000186225.1_WP_013547398.1	36.167	602	667	98	600	363	7	4	593	78	667	0.0	622
lcl|NC_000962.3_prot_NP_215813.1_1	GCF_000186225.1_WP_013547398.1	11.558	602	667	98	199	159	3	36	224	6	197	1.76e-06	59.3
lcl|NC_000962.3_prot_NP_215813.1_1	GCF_000143985.1_WP_013255736.1	43.558	602	526	80	489	265	4	112	595	41	523	0.0	622
lcl|NC_000962.3_prot_NP_215813.1_1	GCF_000024285.1_WP_012811989.1	47.482	602	434	69	417	210	3	176	591	1	409	0.0	622
lcl|NC_000962.3_prot_NP_215813.1_1	GCF_000015285.1_WP_011771431.1	46.336	602	422	69	423	215	4	176	592	1	417	0.0	622
lcl|NC_000962.3_prot_NP_215813.1_1	GCF_000012305.1_WP_020444407.1	47.877	602	422	69	424	209	4	176	593	1	418	0.0	622
lcl|NC_000962.3_prot_NP_215813.1_1	GCF_902387545.1_WP_007850840.1	35.235	602	669	98	596	371	6	3	593	84	669	0.0	622
lcl|NC_000962.3_prot_NP_215813.1_1	GCF_902387545.1_WP_007850840.1	11.039	602	669	98	154	136	1	36	188	6	159	3.89e-07	61.2
lcl|NC_000962.3_prot_NP_215813.1_1	GCF_901538355.1_WP_261345334.1	48.227	602	420	69	423	205	5	178	592	1	417	0.0	622
lcl|NC_000962.3_prot_NP_215813.1_1	GCF_022655355.1_WP_242088164.1	45.280	602	727	99	678	287	5	2	596	40	716	0.0	622
lcl|NC_000962.3_prot_NP_215813.1_1	GCF_022655355.1_WP_242088164.1	18.705	602	727	99	139	113	0	34	172	13	151	2.34e-06	58.9
lcl|NC_000962.3_prot_NP_215813.1_1	GCF_018324205.1_WP_189328681.1	49.850	602	664	99	668	259	5	1	597	1	663	0.0	622
lcl|NC_000962.3_prot_NP_215813.1_1	GCF_016134045.1_WP_140195084.1	48.592	602	424	70	426	206	4	175	593	5	424	0.0	622
lcl|NC_000962.3_prot_NP_215813.1_1	GCF_014211955.1_WP_185884658.1	48.585	602	417	69	424	205	5	176	593	1	417	0.0	622
lcl|NC_000962.3_prot_NP_215813.1_1	GCF_011302055.1_WP_166092206.1	47.877	602	418	69	424	209	4	176	593	1	418	0.0	622
lcl|NC_000962.3_prot_NP_215813.1_1	GCF_009557235.1_WP_005095808.1	48.349	602	422	69	424	207	4	176	593	1	418	0.0	622
lcl|NC_000962.3_prot_NP_215813.1_1	GCF_006542355.1_WP_141460332.1	46.207	602	430	69	435	210	4	176	592	1	429	0.0	622
lcl|NC_000962.3_prot_NP_215813.1_1	GCF_006542335.1_WP_141492434.1	46.101	602	431	69	436	210	4	176	592	1	430	0.0	622
lcl|NC_000962.3_prot_NP_215813.1_1	GCF_003971195.1_WP_126703921.1	47.819	602	622	96	619	279	3	27	601	2	620	0.0	622
lcl|NC_000962.3_prot_NP_215813.1_1	GCF_002288365.1_WP_236850881.1	71.354	602	516	64	384	107	1	214	597	131	511	0.0	622
lcl|NC_000962.3_prot_NP_215813.1_1	GCF_001747425.1_WP_084642674.1	53.947	602	681	99	608	271	2	1	601	76	681	0.0	622
lcl|NC_000962.3_prot_NP_215813.1_1	GCF_001747425.1_WP_084642674.1	20.000	602	681	99	200	144	1	1	184	1	200	2.29e-10	71.6
lcl|NC_000962.3_prot_NP_215813.1_1	GCF_001308265.1_WP_062218120.1	48.941	602	423	70	425	205	4	174	592	4	422	0.0	622
lcl|NC_000962.3_prot_NP_215813.1_1	GCF_900637305.1_WP_004142699.1	47.991	602	420	69	423	208	4	176	592	1	417	0.0	621
lcl|NC_000962.3_prot_NP_215813.1_1	GCF_023823875.1_WP_053478528.1	45.775	602	424	70	426	221	3	175	598	2	419	0.0	621
lcl|NC_000962.3_prot_NP_215813.1_1	GCF_021654795.1_WP_168183008.1	49.282	602	430	69	418	203	3	175	591	2	411	0.0	621
lcl|NC_000962.3_prot_NP_215813.1_1	GCF_021654775.1_WP_212981132.1	47.482	602	445	69	417	210	3	175	590	2	410	0.0	621
lcl|NC_000962.3_prot_NP_215813.1_1	GCF_019930585.1_WP_223797849.1	48.113	602	418	69	424	208	4	176	593	1	418	0.0	621
lcl|NC_000962.3_prot_NP_215813.1_1	GCF_016027095.1_WP_007405231.1	48.349	602	418	69	424	207	4	176	593	1	418	0.0	621
lcl|NC_000962.3_prot_NP_215813.1_1	GCF_013372205.1_WP_211436411.1	45.676	602	447	74	451	236	3	145	592	2	446	0.0	621
lcl|NC_000962.3_prot_NP_215813.1_1	GCF_009914475.1_WP_005182456.1	47.877	602	422	69	424	209	4	176	593	1	418	0.0	621
lcl|NC_000962.3_prot_NP_215813.1_1	GCF_009739655.1_WP_079532523.1	50.586	602	823	98	597	288	3	11	601	216	811	0.0	621
lcl|NC_000962.3_prot_NP_215813.1_1	GCF_005577435.1_WP_138223994.1	47.722	602	447	69	417	209	3	175	590	2	410	0.0	621
lcl|NC_000962.3_prot_NP_215813.1_1	GCF_003991425.1_WP_126994531.1	46.934	602	446	70	424	216	3	175	597	2	417	0.0	621
lcl|NC_000962.3_prot_NP_215813.1_1	GCF_003815695.1_WP_123877160.1	37.856	602	621	98	597	358	5	3	593	32	621	0.0	621
lcl|NC_000962.3_prot_NP_215813.1_1	GCF_002795865.1_WP_100260095.1	49.883	602	421	69	427	199	5	176	593	1	421	0.0	621
lcl|NC_000962.3_prot_NP_215813.1_1	GCF_001644605.1_WP_068605131.1	47.619	602	444	70	420	211	3	175	593	2	413	0.0	621
lcl|NC_000962.3_prot_NP_215813.1_1	GCF_001307195.1_WP_054580198.1	47.642	602	422	69	424	210	4	176	593	1	418	0.0	621
lcl|NC_000962.3_prot_NP_215813.1_1	GCF_000590925.1_WP_025311327.1	47.664	602	423	70	428	212	4	172	593	2	423	0.0	621
lcl|NC_000962.3_prot_NP_215813.1_1	GCF_000550805.1_WP_025252578.1	51.741	602	669	99	632	274	4	2	602	36	667	0.0	621
lcl|NC_000962.3_prot_NP_215813.1_1	GCF_000550805.1_WP_025252578.1	19.565	602	669	99	230	158	2	27	229	2	231	1.25e-10	72.4
lcl|NC_000962.3_prot_NP_215813.1_1	GCF_000260965.1_WP_014704973.1	47.765	602	419	70	425	210	4	176	594	1	419	0.0	621
lcl|NC_000962.3_prot_NP_215813.1_1	GCF_900637655.1_WP_004374132.1	35.392	602	649	98	599	366	7	2	593	65	649	0.0	621
lcl|NC_000962.3_prot_NP_215813.1_1	GCF_029318685.1_WP_004618272.1	39.535	602	691	99	602	338	6	4	602	112	690	0.0	621
lcl|NC_000962.3_prot_NP_215813.1_1	GCF_023573625.1_WP_073115745.1	48.694	602	689	100	651	285	3	1	602	39	689	0.0	621
lcl|NC_000962.3_prot_NP_215813.1_1	GCF_023573625.1_WP_073115745.1	18.033	602	689	100	183	150	0	23	205	2	184	1.73e-06	59.3
lcl|NC_000962.3_prot_NP_215813.1_1	GCF_020424085.1_WP_226082863.1	54.913	602	703	86	519	223	2	79	597	186	693	0.0	621
lcl|NC_000962.3_prot_NP_215813.1_1	GCF_017498585.1_WP_004975162.1	48.113	602	422	69	424	208	4	176	593	1	418	0.0	621
lcl|NC_000962.3_prot_NP_215813.1_1	GCF_011578045.1_WP_166008420.1	47.642	602	422	69	424	210	4	176	593	1	418	0.0	621
lcl|NC_000962.3_prot_NP_215813.1_1	GCF_009734445.1_WP_156204461.1	49.279	602	426	69	416	204	2	176	590	1	410	0.0	621
lcl|NC_000962.3_prot_NP_215813.1_1	GCF_008119665.1_WP_148813779.1	46.118	602	421	70	425	217	4	176	594	1	419	0.0	621
lcl|NC_000962.3_prot_NP_215813.1_1	GCF_007747995.1_WP_145380633.1	44.325	602	464	77	467	248	4	132	592	2	462	0.0	621
lcl|NC_000962.3_prot_NP_215813.1_1	GCF_004135365.1_WP_129441911.1	47.506	602	443	70	421	212	3	175	594	3	415	0.0	621
lcl|NC_000962.3_prot_NP_215813.1_1	GCF_001988955.1_WP_077131432.1	35.784	602	727	97	612	349	7	13	593	129	727	0.0	621
lcl|NC_000962.3_prot_NP_215813.1_1	GCF_001988955.1_WP_077131432.1	14.035	602	727	97	228	164	2	34	229	4	231	6.04e-07	60.8
lcl|NC_000962.3_prot_NP_215813.1_1	GCF_001441165.1_WP_076692556.1	46.782	602	673	99	637	295	4	1	596	37	670	0.0	621
lcl|NC_000962.3_prot_NP_215813.1_1	GCF_001441165.1_WP_076692556.1	13.568	602	673	99	199	172	0	25	223	2	200	5.64e-08	63.9
lcl|NC_000962.3_prot_NP_215813.1_1	GCF_000521505.1_WP_025372554.1	45.519	602	418	69	424	219	4	176	593	1	418	0.0	621
lcl|NC_000962.3_prot_NP_215813.1_1	GCF_000227705.2_WP_015256291.1	47.619	602	436	70	420	211	3	175	593	3	414	0.0	621
lcl|NC_000962.3_prot_NP_215813.1_1	GCF_000208385.1_WP_215904643.1	38.462	602	572	88	533	317	4	68	595	22	548	0.0	621
lcl|NC_000962.3_prot_NP_215813.1_1	GCF_028768405.1_WP_274476714.1	49.195	602	678	99	683	255	4	1	597	1	677	0.0	620
lcl|NC_000962.3_prot_NP_215813.1_1	GCF_017352115.1_WP_207295357.1	37.584	602	609	98	596	349	6	2	592	31	608	0.0	620
lcl|NC_000962.3_prot_NP_215813.1_1	GCF_016889065.1_WP_027202033.1	36.244	602	669	98	607	356	8	2	592	76	667	0.0	620
lcl|NC_000962.3_prot_NP_215813.1_1	GCF_016889065.1_WP_027202033.1	10.857	602	669	98	175	152	1	36	206	6	180	7.58e-06	57.4
lcl|NC_000962.3_prot_NP_215813.1_1	GCF_014764405.1_WP_117225991.1	52.160	602	643	99	648	253	4	1	597	1	642	0.0	620
lcl|NC_000962.3_prot_NP_215813.1_1	GCF_013388375.1_WP_162275460.1	37.542	602	621	98	602	360	6	2	593	26	621	0.0	620
lcl|NC_000962.3_prot_NP_215813.1_1	GCF_010450875.1_WP_163957295.1	48.113	602	418	69	424	208	4	176	593	1	418	0.0	620
lcl|NC_000962.3_prot_NP_215813.1_1	GCF_008370835.2_WP_014501761.1	36.782	602	629	98	609	362	7	2	593	27	629	0.0	620
lcl|NC_000962.3_prot_NP_215813.1_1	GCF_002287965.1_WP_095695997.1	70.649	602	521	64	385	110	1	217	601	139	520	0.0	620
lcl|NC_000962.3_prot_NP_215813.1_1	GCF_002243515.1_WP_227874327.1	47.518	602	438	70	423	213	3	177	598	11	425	0.0	620
lcl|NC_000962.3_prot_NP_215813.1_1	GCF_001281385.1_WP_020027654.1	47.877	602	420	69	424	209	4	176	593	1	418	0.0	620
lcl|NC_000962.3_prot_NP_215813.1_1	GCF_001051995.2_WP_048710424.1	50.367	602	405	67	409	191	4	192	594	1	403	0.0	620
lcl|NC_000962.3_prot_NP_215813.1_1	GCF_001028625.1_WP_047807149.1	49.180	602	421	69	427	202	5	176	593	1	421	0.0	620
lcl|NC_000962.3_prot_NP_215813.1_1	GCF_000763575.1_WP_049684343.1	40.536	602	512	93	560	271	4	37	595	8	506	0.0	620
lcl|NC_000962.3_prot_NP_215813.1_1	GCF_000736415.1_WP_038454962.1	45.233	602	447	74	451	238	3	145	592	2	446	0.0	620
lcl|NC_000962.3_prot_NP_215813.1_1	GCF_000590555.1_WP_020976573.1	58.938	602	576	93	565	224	3	29	590	2	561	0.0	620
lcl|NC_000962.3_prot_NP_215813.1_1	GCF_000237085.1_WP_014257047.1	42.884	602	645	89	534	294	4	60	592	115	638	0.0	620
lcl|NC_000962.3_prot_NP_215813.1_1	GCF_000144605.1_WP_013267783.1	44.215	602	482	79	484	258	4	116	593	5	482	0.0	620
lcl|NC_000962.3_prot_NP_215813.1_1	GCF_000012685.1_WP_020478375.1	39.599	602	542	90	548	319	5	52	593	1	542	0.0	620
lcl|NC_000962.3_prot_NP_215813.1_1	GCF_900638485.1_WP_104725126.1	45.618	602	443	73	445	233	3	151	592	2	440	0.0	620
lcl|NC_000962.3_prot_NP_215813.1_1	GCF_900070355.1_WP_058234269.1	44.854	602	687	99	651	308	6	2	602	38	687	0.0	620
lcl|NC_000962.3_prot_NP_215813.1_1	GCF_900070355.1_WP_058234269.1	15.714	602	687	99	210	176	1	25	233	2	211	6.17e-08	63.9
lcl|NC_000962.3_prot_NP_215813.1_1	GCF_016772275.1_WP_202780876.1	46.244	602	427	70	426	219	3	174	597	2	419	0.0	620
lcl|NC_000962.3_prot_NP_215813.1_1	GCF_014397415.1_WP_187573705.1	38.681	602	564	91	561	323	6	48	593	10	564	0.0	620
lcl|NC_000962.3_prot_NP_215813.1_1	GCF_013260645.1_WP_173213352.1	49.180	602	421	69	427	202	5	176	593	1	421	0.0	620
lcl|NC_000962.3_prot_NP_215813.1_1	GCF_009762325.1_WP_157708826.1	47.664	602	423	70	428	212	5	172	593	2	423	0.0	620
lcl|NC_000962.3_prot_NP_215813.1_1	GCF_009720625.1_WP_136357188.1	47.073	602	423	71	427	216	3	174	598	2	420	0.0	620
lcl|NC_000962.3_prot_NP_215813.1_1	GCF_009363115.1_WP_025719755.1	48.921	602	443	69	417	204	3	175	590	2	410	0.0	620
lcl|NC_000962.3_prot_NP_215813.1_1	GCF_008153345.1_WP_024752317.1	40.076	602	527	86	524	303	4	77	595	8	525	0.0	620
lcl|NC_000962.3_prot_NP_215813.1_1	GCF_004103615.1_WP_046130289.1	46.429	602	427	69	420	215	3	174	591	2	413	0.0	620
lcl|NC_000962.3_prot_NP_215813.1_1	GCF_003355455.1_WP_115415573.1	49.180	602	421	69	427	202	5	176	593	1	421	0.0	620
lcl|NC_000962.3_prot_NP_215813.1_1	GCF_001887245.1_WP_071893332.1	50.973	602	780	92	565	264	2	50	601	215	779	0.0	620
lcl|NC_000962.3_prot_NP_215813.1_1	GCF_001857945.1_WP_068658964.1	47.962	602	465	69	417	208	3	175	590	2	410	0.0	620
lcl|NC_000962.3_prot_NP_215813.1_1	GCF_001606025.1_WP_025651526.1	47.642	602	422	69	424	210	4	176	593	1	418	0.0	620
lcl|NC_000962.3_prot_NP_215813.1_1	GCF_001444425.1_WP_058020619.1	49.528	602	419	69	424	202	4	176	593	1	418	0.0	620
lcl|NC_000962.3_prot_NP_215813.1_1	GCF_001414055.1_WP_062151843.1	44.703	602	469	77	472	249	4	128	593	4	469	0.0	620
lcl|NC_000962.3_prot_NP_215813.1_1	GCF_001027285.1_WP_211276580.1	39.706	602	539	90	544	317	4	55	593	2	539	0.0	620
lcl|NC_000962.3_prot_NP_215813.1_1	GCF_000243115.2_WP_245605259.1	38.380	602	561	92	568	329	6	40	593	1	561	0.0	620
lcl|NC_000962.3_prot_NP_215813.1_1	GCF_000018145.1_WP_012180110.1	47.775	602	423	70	427	211	4	173	593	3	423	0.0	620
lcl|NC_000962.3_prot_NP_215813.1_1	GCF_900187235.1_WP_012359955.1	56.842	602	573	94	570	232	4	30	596	8	566	0.0	620
lcl|NC_000962.3_prot_NP_215813.1_1	GCF_027557445.1_WP_269901699.1	46.226	602	418	69	424	216	4	176	593	1	418	0.0	620
lcl|NC_000962.3_prot_NP_215813.1_1	GCF_023380025.1_WP_249454933.1	48.585	602	418	69	424	206	4	176	593	1	418	0.0	620
lcl|NC_000962.3_prot_NP_215813.1_1	GCF_021922925.1_WP_237581576.1	55.534	602	823	87	524	230	2	80	601	289	811	0.0	620
lcl|NC_000962.3_prot_NP_215813.1_1	GCF_014352855.1_WP_187479053.1	48.585	602	418	69	424	206	4	176	593	1	418	0.0	620
lcl|NC_000962.3_prot_NP_215813.1_1	GCF_014235185.1_WP_221775958.1	61.069	602	753	87	524	202	1	73	596	227	748	0.0	620
lcl|NC_000962.3_prot_NP_215813.1_1	GCF_014054985.1_WP_003795875.1	50.237	602	475	69	422	198	4	176	591	1	416	0.0	620
lcl|NC_000962.3_prot_NP_215813.1_1	GCF_013267375.1_WP_043541410.1	46.226	602	419	69	424	216	4	176	593	1	418	0.0	620
lcl|NC_000962.3_prot_NP_215813.1_1	GCF_011604685.1_WP_167209747.1	34.444	602	747	97	630	358	8	8	593	129	747	0.0	620
lcl|NC_000962.3_prot_NP_215813.1_1	GCF_011604685.1_WP_167209747.1	11.351	602	747	97	185	149	2	33	202	3	187	4.19e-05	55.0
lcl|NC_000962.3_prot_NP_215813.1_1	GCF_008245125.1_WP_042792818.1	46.226	602	419	69	424	216	4	176	593	1	418	0.0	620
lcl|NC_000962.3_prot_NP_215813.1_1	GCF_007998985.1_WP_147494001.1	47.877	602	418	69	424	209	4	176	593	1	418	0.0	620
lcl|NC_000962.3_prot_NP_215813.1_1	GCF_006274405.1_WP_126666906.1	48.441	602	445	69	417	206	3	175	590	2	410	0.0	620
lcl|NC_000962.3_prot_NP_215813.1_1	GCF_004296515.1_WP_130579051.1	45.882	602	420	69	425	217	5	176	593	1	419	0.0	620
lcl|NC_000962.3_prot_NP_215813.1_1	GCF_003815975.1_WP_123869531.1	36.617	602	606	93	609	329	5	35	593	5	606	0.0	620
lcl|NC_000962.3_prot_NP_215813.1_1	GCF_002240415.1_WP_007428117.1	48.681	602	444	69	417	205	3	175	590	2	410	0.0	620
lcl|NC_000962.3_prot_NP_215813.1_1	GCF_001648155.1_WP_066753546.1	34.112	602	639	93	642	333	6	35	593	5	639	0.0	620
lcl|NC_000962.3_prot_NP_215813.1_1	GCF_001298525.1_WP_055125334.1	47.642	602	422	69	424	210	4	176	593	1	418	0.0	620
lcl|NC_000962.3_prot_NP_215813.1_1	GCF_000340825.1_WP_015238469.1	45.519	602	418	69	424	219	4	176	593	1	418	0.0	620
lcl|NC_000962.3_prot_NP_215813.1_1	GCF_900636675.1_WP_006218533.1	46.226	602	419	69	424	216	4	176	593	1	418	0.0	619
lcl|NC_000962.3_prot_NP_215813.1_1	GCF_024499525.1_WP_256635538.1	37.333	602	596	98	600	332	8	2	592	31	595	0.0	619
lcl|NC_000962.3_prot_NP_215813.1_1	GCF_024206795.1_WP_090188603.1	46.948	602	424	70	426	213	4	175	593	5	424	0.0	619
lcl|NC_000962.3_prot_NP_215813.1_1	GCF_021049305.1_WP_151123553.1	46.479	602	421	70	426	215	4	176	594	1	420	0.0	619
lcl|NC_000962.3_prot_NP_215813.1_1	GCF_018324255.1_WP_212827024.1	50.758	602	654	99	660	255	4	1	597	1	653	0.0	619
lcl|NC_000962.3_prot_NP_215813.1_1	GCF_016728365.1_WP_179386375.1	53.695	602	615	96	609	249	4	27	602	2	610	0.0	619
lcl|NC_000962.3_prot_NP_215813.1_1	GCF_016592575.1_WP_201328275.1	49.764	602	418	70	424	202	5	175	594	2	418	0.0	619
lcl|NC_000962.3_prot_NP_215813.1_1	GCF_013155125.1_WP_172158729.1	56.164	602	775	97	584	254	1	13	596	189	770	0.0	619
lcl|NC_000962.3_prot_NP_215813.1_1	GCF_013155125.1_WP_172158729.1	37.313	602	775	97	67	42	0	14	80	5	71	2.25e-05	55.8
lcl|NC_000962.3_prot_NP_215813.1_1	GCF_005952805.1_WP_138856852.1	46.479	602	421	70	426	215	4	176	594	1	420	0.0	619
lcl|NC_000962.3_prot_NP_215813.1_1	GCF_003931855.1_WP_125081586.1	47.482	602	448	69	417	210	3	175	590	2	410	0.0	619
lcl|NC_000962.3_prot_NP_215813.1_1	GCF_003641245.1_WP_120983023.1	50.385	602	691	100	649	274	5	1	602	39	686	0.0	619
lcl|NC_000962.3_prot_NP_215813.1_1	GCF_003641245.1_WP_120983023.1	18.095	602	691	100	210	152	1	23	212	2	211	1.94e-06	59.3
lcl|NC_000962.3_prot_NP_215813.1_1	GCF_002056725.1_WP_054065450.1	48.706	602	420	70	425	206	4	176	594	1	419	0.0	619
lcl|NC_000962.3_prot_NP_215813.1_1	GCF_001697225.1_WP_068806444.1	48.463	602	418	69	423	206	4	176	592	1	417	0.0	619
lcl|NC_000962.3_prot_NP_215813.1_1	GCF_001685415.1_WP_083190537.1	48.248	602	666	100	628	299	2	1	602	38	665	0.0	619
lcl|NC_000962.3_prot_NP_215813.1_1	GCF_001685415.1_WP_083190537.1	16.230	602	666	100	191	152	1	27	209	5	195	1.52e-12	78.5
lcl|NC_000962.3_prot_NP_215813.1_1	GCF_000832905.1_WP_013860747.1	47.031	602	426	70	421	213	3	174	592	2	414	0.0	619
lcl|NC_000962.3_prot_NP_215813.1_1	GCF_000764535.1_WP_038664639.1	48.349	602	418	69	424	207	4	176	593	1	418	0.0	619
lcl|NC_000962.3_prot_NP_215813.1_1	GCF_000743945.1_WP_038499452.1	46.226	602	418	69	424	216	4	176	593	1	418	0.0	619
lcl|NC_000962.3_prot_NP_215813.1_1	GCF_000612505.1_WP_025332659.1	47.506	602	451	70	421	212	3	175	594	2	414	0.0	619
lcl|NC_000962.3_prot_NP_215813.1_1	GCF_000253035.1_WP_006341332.1	46.868	602	459	76	463	236	4	134	592	2	458	0.0	619
lcl|NC_000962.3_prot_NP_215813.1_1	GCF_000204155.1_WP_013735653.1	50.219	602	680	99	685	247	5	1	597	1	679	0.0	619
lcl|NC_000962.3_prot_NP_215813.1_1	GCF_000092845.1_WP_013114321.1	40.644	602	496	81	497	283	6	105	593	4	496	0.0	619
lcl|NC_000962.3_prot_NP_215813.1_1	GCF_000024925.1_WP_012866008.1	43.571	602	751	100	700	296	6	1	602	46	744	0.0	619
lcl|NC_000962.3_prot_NP_215813.1_1	GCF_000024925.1_WP_012866008.1	14.500	602	751	100	200	170	1	21	220	7	205	1.58e-09	68.9
lcl|NC_000962.3_prot_NP_215813.1_1	GCF_946903285.1_WP_263361493.1	34.488	602	633	93	635	332	7	35	592	5	632	0.0	619
lcl|NC_000962.3_prot_NP_215813.1_1	GCF_905367715.1_WP_080716186.1	37.152	602	631	98	611	359	7	2	593	27	631	0.0	619
lcl|NC_000962.3_prot_NP_215813.1_1	GCF_900120245.1_WP_072457680.1	52.473	602	571	94	566	266	2	31	596	6	568	0.0	619
lcl|NC_000962.3_prot_NP_215813.1_1	GCF_025725725.1_WP_263593178.1	47.847	602	641	93	627	261	3	37	597	13	639	0.0	619
lcl|NC_000962.3_prot_NP_215813.1_1	GCF_020735565.1_WP_227961081.1	35.526	602	665	98	608	369	7	2	593	65	665	0.0	619
lcl|NC_000962.3_prot_NP_215813.1_1	GCF_019141545.1_WP_045981904.1	47.418	602	423	70	426	212	4	173	592	3	422	0.0	619
lcl|NC_000962.3_prot_NP_215813.1_1	GCF_016613475.2_WP_200608521.1	44.118	602	574	78	476	253	5	125	593	105	574	0.0	619
lcl|NC_000962.3_prot_NP_215813.1_1	GCF_016127995.1_WP_198482599.1	51.053	602	557	95	570	261	3	27	596	4	555	0.0	619
lcl|NC_000962.3_prot_NP_215813.1_1	GCF_013307245.1_WP_173942976.1	47.529	602	420	70	425	211	4	176	594	1	419	0.0	619
lcl|NC_000962.3_prot_NP_215813.1_1	GCF_000013345.1_WP_217494683.1	50.528	602	685	99	663	258	4	2	596	22	682	0.0	619
lcl|NC_000962.3_prot_NP_215813.1_1	GCF_902806995.1_WP_213318725.1	46.452	602	461	77	465	239	4	132	592	2	460	0.0	618
lcl|NC_000962.3_prot_NP_215813.1_1	GCF_900186975.1_WP_021103423.1	45.584	602	668	99	634	302	4	1	596	37	665	0.0	618
lcl|NC_000962.3_prot_NP_215813.1_1	GCF_900186975.1_WP_021103423.1	21.164	602	668	99	189	142	1	25	206	2	190	2.83e-10	71.2
lcl|NC_000962.3_prot_NP_215813.1_1	GCF_019933155.2_WP_223438660.1	45.455	602	427	71	429	224	3	175	601	3	423	0.0	618
lcl|NC_000962.3_prot_NP_215813.1_1	GCF_018622995.1_WP_210231555.1	55.762	602	737	99	538	234	2	66	601	202	737	0.0	618
lcl|NC_000962.3_prot_NP_215813.1_1	GCF_018622995.1_WP_210231555.1	20.468	602	737	99	171	126	2	1	170	1	162	8.37e-05	53.9
lcl|NC_000962.3_prot_NP_215813.1_1	GCF_018406605.1_WP_213436965.1	46.341	602	585	74	451	229	5	150	593	141	585	0.0	618
lcl|NC_000962.3_prot_NP_215813.1_1	GCF_018207515.1_WP_173141115.1	47.962	602	452	69	417	208	3	175	590	2	410	0.0	618
lcl|NC_000962.3_prot_NP_215813.1_1	GCF_015356815.2_WP_246587637.1	50.363	602	408	68	413	195	4	184	592	1	407	0.0	618
lcl|NC_000962.3_prot_NP_215813.1_1	GCF_015209745.1_WP_194034762.1	38.261	602	629	94	575	338	6	26	593	65	629	0.0	618
lcl|NC_000962.3_prot_NP_215813.1_1	GCF_009671205.1_WP_154228431.1	50.073	602	678	99	681	252	4	1	597	1	677	0.0	618
lcl|NC_000962.3_prot_NP_215813.1_1	GCF_006337125.1_WP_139720017.1	46.593	602	669	100	631	308	2	1	602	38	668	0.0	618
lcl|NC_000962.3_prot_NP_215813.1_1	GCF_006337125.1_WP_139720017.1	20.567	602	669	100	141	112	0	27	167	5	145	3.03e-07	61.6
lcl|NC_000962.3_prot_NP_215813.1_1	GCF_005886435.1_WP_005964359.1	51.557	602	582	95	578	269	2	28	596	4	579	0.0	618
lcl|NC_000962.3_prot_NP_215813.1_1	GCF_004022565.1_WP_128354646.1	45.991	602	418	69	424	217	4	176	593	1	418	0.0	618
lcl|NC_000962.3_prot_NP_215813.1_1	GCF_003945385.1_WP_085910971.1	57.838	602	762	92	555	231	2	47	601	211	762	0.0	618
lcl|NC_000962.3_prot_NP_215813.1_1	GCF_003339525.1_WP_114562967.1	46.824	602	421	70	425	214	4	176	594	1	419	0.0	618
lcl|NC_000962.3_prot_NP_215813.1_1	GCF_002355375.1_WP_096467600.1	48.565	602	424	69	418	206	3	175	591	2	411	0.0	618
lcl|NC_000962.3_prot_NP_215813.1_1	GCF_001886695.1_WP_047006922.1	49.292	602	418	69	424	203	4	176	593	1	418	0.0	618
lcl|NC_000962.3_prot_NP_215813.1_1	GCF_001641005.1_WP_068254074.1	53.971	602	778	92	554	254	1	44	597	215	767	0.0	618
lcl|NC_000962.3_prot_NP_215813.1_1	GCF_000819565.1_WP_043868087.1	47.529	602	422	70	425	211	4	174	592	3	421	0.0	618
lcl|NC_000962.3_prot_NP_215813.1_1	GCF_000340865.1_WP_015397080.1	45.755	602	418	69	424	218	4	176	593	1	418	0.0	618
lcl|NC_000962.3_prot_NP_215813.1_1	GCF_000319245.1_WP_015390028.1	45.991	602	418	69	424	217	4	176	593	1	418	0.0	618
lcl|NC_000962.3_prot_NP_215813.1_1	GCF_000179015.2_WP_013519304.1	48.941	602	420	70	425	205	4	176	594	1	419	0.0	618
lcl|NC_000962.3_prot_NP_215813.1_1	GCF_900683625.1_WP_130914348.1	36.260	602	613	93	615	330	6	35	593	5	613	0.0	618
lcl|NC_000962.3_prot_NP_215813.1_1	GCF_024349785.1_WP_261935801.1	47.642	602	418	69	424	210	4	176	593	1	418	0.0	618
lcl|NC_000962.3_prot_NP_215813.1_1	GCF_019186805.1_WP_218240107.1	49.647	602	420	70	425	202	4	176	594	1	419	0.0	618
lcl|NC_000962.3_prot_NP_215813.1_1	GCF_017569225.1_WP_227423007.1	48.930	602	710	99	654	274	4	1	596	48	699	0.0	618
lcl|NC_000962.3_prot_NP_215813.1_1	GCF_017569225.1_WP_227423007.1	18.788	602	710	99	165	134	0	31	195	19	183	4.61e-07	61.2
lcl|NC_000962.3_prot_NP_215813.1_1	GCF_013265585.1_WP_173224739.1	47.368	602	421	69	418	211	3	175	591	2	411	0.0	618
lcl|NC_000962.3_prot_NP_215813.1_1	GCF_005671335.1_WP_010899906.1	45.606	602	423	70	421	219	3	177	595	4	416	0.0	618
lcl|NC_000962.3_prot_NP_215813.1_1	GCF_003711265.1_WP_122951628.1	46.445	602	420	69	422	214	4	176	591	1	416	0.0	618
lcl|NC_000962.3_prot_NP_215813.1_1	GCF_002741055.1_WP_077571028.1	47.482	602	441	69	417	210	3	175	590	2	410	0.0	618
lcl|NC_000962.3_prot_NP_215813.1_1	GCF_002305895.1_WP_193364434.1	39.122	602	541	90	547	322	4	52	593	1	541	0.0	618
lcl|NC_000962.3_prot_NP_215813.1_1	GCF_002214645.1_WP_011805564.1	48.941	602	420	70	425	205	4	176	594	1	419	0.0	618
lcl|NC_000962.3_prot_NP_215813.1_1	GCF_002056795.1_WP_080055199.1	38.148	602	739	93	540	323	4	59	593	206	739	0.0	618
lcl|NC_000962.3_prot_NP_215813.1_1	GCF_002056795.1_WP_080055199.1	13.115	602	739	93	183	152	1	33	208	3	185	7.00e-05	54.3
lcl|NC_000962.3_prot_NP_215813.1_1	GCF_001050115.1_WP_003353365.1	46.190	602	428	69	420	216	3	174	591	2	413	0.0	618
lcl|NC_000962.3_prot_NP_215813.1_1	GCF_000756615.1_WP_042204631.1	47.722	602	451	69	417	209	3	175	590	2	410	0.0	618
lcl|NC_000962.3_prot_NP_215813.1_1	GCF_000280925.3_WP_193409834.1	39.488	602	539	90	547	318	5	52	593	1	539	0.0	618
lcl|NC_000962.3_prot_NP_215813.1_1	GCF_000219355.1_WP_237697449.1	47.073	602	432	70	427	213	4	177	596	4	424	0.0	618
lcl|NC_000962.3_prot_NP_215813.1_1	GCF_028606985.1_WP_273614367.1	46.528	602	452	71	432	218	4	175	601	2	425	0.0	618
lcl|NC_000962.3_prot_NP_215813.1_1	GCF_020886175.1_WP_012839098.1	49.412	602	420	70	425	203	4	176	594	1	419	0.0	618
lcl|NC_000962.3_prot_NP_215813.1_1	GCF_018966525.1_WP_090834830.1	47.722	602	451	69	417	209	3	175	590	2	410	0.0	618
lcl|NC_000962.3_prot_NP_215813.1_1	GCF_012276695.1_WP_168606920.1	50.585	602	422	69	427	195	5	176	593	1	420	0.0	618
lcl|NC_000962.3_prot_NP_215813.1_1	GCF_010729665.1_WP_163740584.1	59.561	602	711	99	638	219	3	1	601	76	711	0.0	618
lcl|NC_000962.3_prot_NP_215813.1_1	GCF_010729665.1_WP_163740584.1	23.214	602	711	99	224	156	1	1	208	1	224	5.72e-08	63.9
lcl|NC_000962.3_prot_NP_215813.1_1	GCF_009363895.1_WP_114227496.1	47.642	602	418	69	424	210	4	176	593	1	418	0.0	618
lcl|NC_000962.3_prot_NP_215813.1_1	GCF_004564075.1_WP_135012029.1	51.134	602	653	95	573	277	2	25	597	71	640	0.0	618
lcl|NC_000962.3_prot_NP_215813.1_1	GCF_003065365.1_WP_108469242.1	47.529	602	420	70	425	211	4	176	594	1	419	0.0	618
lcl|NC_000962.3_prot_NP_215813.1_1	GCF_001698205.1_WP_067675837.1	49.883	602	421	69	427	199	5	176	593	1	421	0.0	618
lcl|NC_000962.3_prot_NP_215813.1_1	GCF_001620305.1_WP_230591461.1	53.314	602	720	99	679	239	3	1	601	42	720	0.0	618
lcl|NC_000962.3_prot_NP_215813.1_1	GCF_001620305.1_WP_230591461.1	22.066	602	720	99	213	148	1	1	213	1	195	4.25e-12	77.4
lcl|NC_000962.3_prot_NP_215813.1_1	GCF_000340905.1_WP_015389590.1	46.226	602	418	69	424	216	4	176	593	1	418	0.0	618
lcl|NC_000962.3_prot_NP_215813.1_1	GCF_000204255.1_WP_006342805.1	45.513	602	464	77	468	245	4	129	592	2	463	0.0	618
lcl|NC_000962.3_prot_NP_215813.1_1	GCF_000183725.1_WP_013459409.1	47.608	602	441	72	439	220	4	162	596	9	441	0.0	618
lcl|NC_000962.3_prot_NP_215813.1_1	GCF_000007605.1_WP_011006103.1	45.726	602	464	77	468	244	4	129	592	2	463	0.0	618
lcl|NC_000962.3_prot_NP_215813.1_1	GCF_902807005.1_WP_213358080.1	46.336	602	460	76	464	239	4	133	592	2	459	0.0	617
lcl|NC_000962.3_prot_NP_215813.1_1	GCF_018343815.1_WP_213240194.1	45.726	602	464	77	468	244	4	129	592	2	463	0.0	617
lcl|NC_000962.3_prot_NP_215813.1_1	GCF_016904675.1_WP_204425690.1	49.647	602	565	94	566	281	2	40	602	1	565	0.0	617
lcl|NC_000962.3_prot_NP_215813.1_1	GCF_016728725.1_WP_201812848.1	55.082	602	653	100	610	266	2	1	602	39	648	0.0	617
lcl|NC_000962.3_prot_NP_215813.1_1	GCF_016728725.1_WP_201812848.1	20.805	602	653	100	149	118	0	34	182	13	161	2.70e-06	58.5
lcl|NC_000962.3_prot_NP_215813.1_1	GCF_014905115.1_WP_193151350.1	47.100	602	452	71	431	218	4	169	595	28	452	0.0	617
lcl|NC_000962.3_prot_NP_215813.1_1	GCF_013282215.1_WP_009710481.1	47.608	602	420	69	418	210	3	175	591	2	411	0.0	617
lcl|NC_000962.3_prot_NP_215813.1_1	GCF_002285515.1_WP_074065954.1	36.748	602	634	98	615	360	7	2	593	26	634	0.0	617
lcl|NC_000962.3_prot_NP_215813.1_1	GCF_002269345.1_WP_095012327.1	50.117	602	421	69	427	198	5	176	593	1	421	0.0	617
lcl|NC_000962.3_prot_NP_215813.1_1	GCF_002220285.1_WP_001053903.1	45.823	602	423	69	419	217	3	175	591	2	412	0.0	617
lcl|NC_000962.3_prot_NP_215813.1_1	GCF_002074095.1_WP_003186053.1	46.411	602	427	69	418	214	3	174	589	2	411	0.0	617
lcl|NC_000962.3_prot_NP_215813.1_1	GCF_000092405.1_WP_013176448.1	50.962	602	418	69	416	197	2	176	590	1	410	0.0	617
lcl|NC_000962.3_prot_NP_215813.1_1	GCF_000012345.1_WP_006997560.1	50.585	602	422	69	427	195	5	176	593	1	420	0.0	617
lcl|NC_000962.3_prot_NP_215813.1_1	GCF_015209725.1_WP_193987131.1	39.927	602	617	90	551	318	5	50	593	73	617	0.0	617
lcl|NC_000962.3_prot_NP_215813.1_1	GCF_014395425.1_WP_246455213.1	42.744	602	547	82	503	275	5	98	593	51	547	0.0	617
lcl|NC_000962.3_prot_NP_215813.1_1	GCF_013201645.1_WP_025802654.1	47.706	602	431	72	436	219	3	160	592	1	430	0.0	617
lcl|NC_000962.3_prot_NP_215813.1_1	GCF_013128195.2_WP_227254994.1	51.185	602	419	69	422	192	5	178	591	1	416	0.0	617
lcl|NC_000962.3_prot_NP_215813.1_1	GCF_009728935.1_WP_155704339.1	48.565	602	469	69	418	206	3	175	591	3	412	0.0	617
lcl|NC_000962.3_prot_NP_215813.1_1	GCF_003815615.1_WP_123852817.1	35.468	602	606	93	609	336	6	35	593	5	606	0.0	617
lcl|NC_000962.3_prot_NP_215813.1_1	GCF_003268655.1_WP_113718653.1	50.252	602	758	98	595	282	3	8	598	168	752	0.0	617
lcl|NC_000962.3_prot_NP_215813.1_1	GCF_003268655.1_WP_113718653.1	19.231	602	758	98	208	167	1	15	222	9	215	3.97e-07	61.2
lcl|NC_000962.3_prot_NP_215813.1_1	GCF_002831565.1_WP_100987302.1	35.479	602	760	97	606	359	7	9	593	166	760	0.0	617
lcl|NC_000962.3_prot_NP_215813.1_1	GCF_002250055.1_WP_066422009.1	45.775	602	422	70	426	217	4	175	594	2	419	0.0	617
lcl|NC_000962.3_prot_NP_215813.1_1	GCF_002139935.1_WP_086293634.1	46.833	602	438	73	442	226	3	154	592	2	437	0.0	617
lcl|NC_000962.3_prot_NP_215813.1_1	GCF_001857965.1_WP_071183609.1	37.018	602	596	93	597	331	7	35	592	5	595	0.0	617
lcl|NC_000962.3_prot_NP_215813.1_1	GCF_001421015.2_WP_060531842.1	47.381	602	453	70	420	212	3	175	593	2	413	0.0	617
lcl|NC_000962.3_prot_NP_215813.1_1	GCF_000758665.1_WP_042209994.1	47.962	602	452	69	417	208	3	175	590	2	410	0.0	617
lcl|NC_000962.3_prot_NP_215813.1_1	GCF_000020525.1_WP_245527680.1	45.540	602	420	69	426	216	4	176	592	1	419	0.0	617
lcl|NC_000962.3_prot_NP_215813.1_1	GCF_000006985.1_WP_226986878.1	47.653	602	420	69	426	207	5	176	592	1	419	0.0	617
lcl|NC_000962.3_prot_NP_215813.1_1	GCF_903989455.1_WP_180707937.1	35.877	602	636	98	616	365	7	2	593	27	636	0.0	617
lcl|NC_000962.3_prot_NP_215813.1_1	GCF_900478165.1_WP_066143950.1	45.455	602	427	71	429	224	3	175	601	3	423	0.0	617
lcl|NC_000962.3_prot_NP_215813.1_1	GCF_018687595.1_WP_112294740.1	47.529	602	420	70	425	211	4	176	594	1	419	0.0	617
lcl|NC_000962.3_prot_NP_215813.1_1	GCF_018064205.1_WP_042419847.1	48.471	602	420	70	425	207	4	176	594	1	419	0.0	617
lcl|NC_000962.3_prot_NP_215813.1_1	GCF_017603605.1_WP_193327764.1	50.987	602	560	92	557	271	2	40	595	1	556	0.0	617
lcl|NC_000962.3_prot_NP_215813.1_1	GCF_016628735.2_WP_121911001.1	53.115	602	616	96	610	252	3	27	602	2	611	0.0	617
lcl|NC_000962.3_prot_NP_215813.1_1	GCF_014490555.1_WP_186337529.1	53.355	602	618	96	611	250	5	27	602	2	612	0.0	617
lcl|NC_000962.3_prot_NP_215813.1_1	GCF_009910365.1_WP_009575051.1	47.307	602	422	69	427	210	5	176	593	1	421	0.0	617
lcl|NC_000962.3_prot_NP_215813.1_1	GCF_004359195.1_WP_133439406.1	35.452	602	622	98	598	374	5	2	593	31	622	0.0	617
lcl|NC_000962.3_prot_NP_215813.1_1	GCF_004358425.1_WP_133366318.1	49.180	602	421	69	427	202	5	176	593	1	421	0.0	617
lcl|NC_000962.3_prot_NP_215813.1_1	GCF_004296475.1_WP_130616808.1	47.294	602	420	69	425	211	5	176	593	1	419	0.0	617
lcl|NC_000962.3_prot_NP_215813.1_1	GCF_003687415.1_WP_121866561.1	51.596	602	740	92	564	260	1	48	598	176	739	0.0	617
lcl|NC_000962.3_prot_NP_215813.1_1	GCF_003143535.1_WP_109323900.1	39.347	602	505	86	521	295	4	77	593	2	505	0.0	617
lcl|NC_000962.3_prot_NP_215813.1_1	GCF_002795825.1_WP_232726694.1	47.897	602	423	70	428	211	4	172	593	2	423	0.0	617
lcl|NC_000962.3_prot_NP_215813.1_1	GCF_002795805.1_WP_232710412.1	47.664	602	423	70	428	212	4	172	593	2	423	0.0	617
lcl|NC_000962.3_prot_NP_215813.1_1	GCF_002022145.1_WP_069215875.1	36.134	602	592	93	595	337	6	35	593	5	592	0.0	617
lcl|NC_000962.3_prot_NP_215813.1_1	GCF_001685395.1_WP_068698828.1	45.952	602	451	70	420	218	3	175	593	2	413	0.0	617
lcl|NC_000962.3_prot_NP_215813.1_1	GCF_000737865.1_WP_033498352.1	45.765	602	644	99	614	317	3	1	598	30	643	0.0	617
lcl|NC_000962.3_prot_NP_215813.1_1	GCF_000485905.1_WP_023368336.1	49.057	602	418	69	424	204	4	176	593	1	418	0.0	617
lcl|NC_000962.3_prot_NP_215813.1_1	GCF_000017805.1_WP_041332171.1	52.506	602	415	69	419	192	2	176	593	1	413	0.0	617
lcl|NC_000962.3_prot_NP_215813.1_1	GCF_000009945.1_WP_011458423.1	45.726	602	464	77	468	244	4	129	592	2	463	0.0	617
lcl|NC_000962.3_prot_NP_215813.1_1	GCF_028747985.1_WP_047914326.1	48.565	602	449	69	418	206	3	175	591	2	411	0.0	616
lcl|NC_000962.3_prot_NP_215813.1_1	GCF_023195755.1_WP_248389742.1	36.170	602	609	93	611	332	6	35	593	5	609	0.0	616
lcl|NC_000962.3_prot_NP_215813.1_1	GCF_020886695.1_WP_229597003.1	49.635	602	405	68	411	198	3	186	593	1	405	0.0	616
lcl|NC_000962.3_prot_NP_215813.1_1	GCF_017909455.1_WP_209131924.1	49.829	602	782	97	586	290	2	11	596	190	771	0.0	616
lcl|NC_000962.3_prot_NP_215813.1_1	GCF_017909455.1_WP_209131924.1	20.202	602	782	97	198	144	1	34	217	12	209	2.83e-08	65.1
lcl|NC_000962.3_prot_NP_215813.1_1	GCF_014489595.1_WP_187737592.1	48.706	602	420	70	425	206	4	176	594	1	419	0.0	616
lcl|NC_000962.3_prot_NP_215813.1_1	GCF_009739945.1_WP_001053902.1	45.823	602	423	69	419	217	3	175	591	2	412	0.0	616
lcl|NC_000962.3_prot_NP_215813.1_1	GCF_004421025.1_WP_134433569.1	46.560	602	488	91	436	223	4	161	593	60	488	0.0	616
lcl|NC_000962.3_prot_NP_215813.1_1	GCF_004421025.1_WP_134433569.1	21.552	602	488	91	116	91	0	36	151	5	120	6.15e-05	53.9
lcl|NC_000962.3_prot_NP_215813.1_1	GCF_004006175.1_WP_127750652.1	47.541	602	423	70	427	212	4	173	593	3	423	0.0	616
lcl|NC_000962.3_prot_NP_215813.1_1	GCF_003813985.1_WP_123933677.1	53.651	602	633	96	630	241	5	24	602	2	631	0.0	616
lcl|NC_000962.3_prot_NP_215813.1_1	GCF_002849715.1_WP_074701674.1	45.796	602	715	100	666	297	3	1	602	48	713	0.0	616
lcl|NC_000962.3_prot_NP_215813.1_1	GCF_002849715.1_WP_074701674.1	18.493	602	715	100	146	119	0	20	165	8	153	6.17e-05	54.3
lcl|NC_000962.3_prot_NP_215813.1_1	GCF_002407265.1_WP_066703479.1	47.653	602	423	70	426	211	4	173	592	3	422	0.0	616
lcl|NC_000962.3_prot_NP_215813.1_1	GCF_000758685.1_WP_038692962.1	47.482	602	453	69	417	210	3	175	590	2	410	0.0	616
lcl|NC_000962.3_prot_NP_215813.1_1	GCF_000189775.2_WP_013788936.1	38.399	602	613	93	612	319	6	36	595	5	610	0.0	616
lcl|NC_000962.3_prot_NP_215813.1_1	GCF_000007905.1_WP_011114866.1	47.113	602	430	71	433	220	3	165	594	3	429	0.0	616
lcl|NC_000962.3_prot_NP_215813.1_1	GCF_020459125.1_WP_021756358.1	44.754	602	463	77	467	248	4	130	592	2	462	0.0	616
lcl|NC_000962.3_prot_NP_215813.1_1	GCF_019056495.1_WP_131744008.1	45.085	602	464	77	468	247	4	129	592	2	463	0.0	616
lcl|NC_000962.3_prot_NP_215813.1_1	GCF_018685455.1_WP_112203728.1	47.529	602	420	70	425	211	4	176	594	1	419	0.0	616
lcl|NC_000962.3_prot_NP_215813.1_1	GCF_018141025.1_WP_002123767.1	46.301	602	423	69	419	215	3	175	591	2	412	0.0	616
lcl|NC_000962.3_prot_NP_215813.1_1	GCF_009833965.1_WP_159990721.1	46.462	602	418	69	424	215	4	176	593	1	418	0.0	616
lcl|NC_000962.3_prot_NP_215813.1_1	GCF_007748115.1_WP_261342376.1	44.543	602	449	74	449	237	4	150	592	5	447	0.0	616
lcl|NC_000962.3_prot_NP_215813.1_1	GCF_006337085.1_WP_139688032.1	46.934	602	418	69	424	213	4	176	593	1	418	0.0	616
lcl|NC_000962.3_prot_NP_215813.1_1	GCF_004551575.1_WP_134833179.1	45.354	602	593	74	452	234	5	149	593	148	593	0.0	616
lcl|NC_000962.3_prot_NP_215813.1_1	GCF_003860585.1_WP_125024806.1	36.156	602	612	93	614	331	5	35	593	5	612	0.0	616
lcl|NC_000962.3_prot_NP_215813.1_1	GCF_003008575.1_WP_106684988.1	48.235	602	420	70	425	208	4	176	594	1	419	0.0	616
lcl|NC_000962.3_prot_NP_215813.1_1	GCF_002282915.1_WP_095508132.1	45.950	602	635	100	605	322	2	1	602	30	632	0.0	616
lcl|NC_000962.3_prot_NP_215813.1_1	GCF_002157855.1_WP_088019756.1	47.017	602	423	69	419	212	3	175	591	2	412	0.0	616
lcl|NC_000962.3_prot_NP_215813.1_1	GCF_001687475.2_WP_066776401.1	45.977	602	432	72	435	226	3	161	592	3	431	0.0	616
lcl|NC_000962.3_prot_NP_215813.1_1	GCF_001281485.1_WP_061926976.1	49.415	602	421	69	427	201	5	176	593	1	421	0.0	616
lcl|NC_000962.3_prot_NP_215813.1_1	GCF_000471025.2_WP_021828903.1	45.299	602	464	77	468	246	4	129	592	2	463	0.0	616
lcl|NC_000962.3_prot_NP_215813.1_1	GCF_000331735.1_WP_015351756.1	40.037	602	543	90	547	314	5	55	593	3	543	0.0	616
lcl|NC_000962.3_prot_NP_215813.1_1	GCF_000331715.1_WP_041817073.1	48.341	602	416	69	422	208	4	176	593	1	416	0.0	616
lcl|NC_000962.3_prot_NP_215813.1_1	GCF_000307585.2_WP_014757278.1	37.925	602	618	93	617	320	5	36	595	5	615	0.0	616
lcl|NC_000962.3_prot_NP_215813.1_1	GCF_900239975.1_WP_117273819.1	45.513	602	464	77	468	245	4	129	592	2	463	0.0	615
lcl|NC_000962.3_prot_NP_215813.1_1	GCF_022811685.1_WP_243549303.1	37.311	602	594	98	595	339	6	2	593	31	594	0.0	615
lcl|NC_000962.3_prot_NP_215813.1_1	GCF_018739485.1_WP_002016308.1	46.062	602	423	69	419	216	3	175	591	2	412	0.0	615
lcl|NC_000962.3_prot_NP_215813.1_1	GCF_013363755.1_WP_175504526.1	49.176	602	420	70	425	204	4	176	594	1	419	0.0	615
lcl|NC_000962.3_prot_NP_215813.1_1	GCF_009363075.1_WP_152395683.1	46.411	602	449	69	418	215	3	175	591	2	411	0.0	615
lcl|NC_000962.3_prot_NP_215813.1_1	GCF_009068765.1_WP_151900883.1	44.714	602	450	75	454	241	4	146	595	3	450	0.0	615
lcl|NC_000962.3_prot_NP_215813.1_1	GCF_007995155.1_WP_057772805.1	45.305	602	422	70	426	223	3	175	598	2	419	0.0	615
lcl|NC_000962.3_prot_NP_215813.1_1	GCF_004803815.1_WP_002949963.1	44.812	602	448	75	453	241	3	143	592	1	447	0.0	615
lcl|NC_000962.3_prot_NP_215813.1_1	GCF_004683865.2_WP_135314105.1	48.122	602	423	70	426	209	4	173	592	3	422	0.0	615
lcl|NC_000962.3_prot_NP_215813.1_1	GCF_003346775.1_WP_162919506.1	44.615	602	451	75	455	242	4	142	592	2	450	0.0	615
lcl|NC_000962.3_prot_NP_215813.1_1	GCF_002021945.1_WP_069632666.1	44.615	602	451	75	455	243	3	141	592	2	450	0.0	615
lcl|NC_000962.3_prot_NP_215813.1_1	GCF_001298465.1_WP_054196565.1	44.789	602	447	74	451	240	3	145	592	2	446	0.0	615
lcl|NC_000962.3_prot_NP_215813.1_1	GCF_000758705.1_WP_025703873.1	47.722	602	452	69	417	209	3	175	590	2	410	0.0	615
lcl|NC_000962.3_prot_NP_215813.1_1	GCF_000233715.2_WP_006522301.1	49.065	602	428	71	428	210	3	176	602	1	421	0.0	615
lcl|NC_000962.3_prot_NP_215813.1_1	GCF_000194605.1_WP_013688368.1	35.942	602	649	98	626	361	8	2	593	30	649	0.0	615
lcl|NC_000962.3_prot_NP_215813.1_1	GCF_000194605.1_WP_013688368.1	15.385	602	649	98	156	129	1	35	187	4	159	6.85e-06	57.4
lcl|NC_000962.3_prot_NP_215813.1_1	GCF_023169965.1_WP_248340528.1	49.647	602	437	69	425	198	5	177	591	14	432	0.0	615
lcl|NC_000962.3_prot_NP_215813.1_1	GCF_018289135.1_WP_015532994.1	36.717	602	752	96	591	355	8	15	593	169	752	0.0	615
lcl|NC_000962.3_prot_NP_215813.1_1	GCF_018289135.1_WP_015532994.1	11.842	602	752	96	152	134	0	36	187	6	157	2.62e-07	62.0
lcl|NC_000962.3_prot_NP_215813.1_1	GCF_012113595.1_WP_167966497.1	35.678	602	746	97	597	363	7	8	593	160	746	0.0	615
lcl|NC_000962.3_prot_NP_215813.1_1	GCF_012113595.1_WP_167966497.1	8.377	602	746	97	191	165	2	36	216	6	196	3.58e-06	58.1
lcl|NC_000962.3_prot_NP_215813.1_1	GCF_010669285.1_WP_163494489.1	47.541	602	422	69	427	209	5	176	593	1	421	0.0	615
lcl|NC_000962.3_prot_NP_215813.1_1	GCF_009193295.2_WP_143260692.1	37.752	602	748	98	596	355	7	4	593	163	748	0.0	615
lcl|NC_000962.3_prot_NP_215813.1_1	GCF_009193295.2_WP_143260692.1	12.500	602	748	98	144	122	1	36	175	6	149	4.12e-07	61.2
lcl|NC_000962.3_prot_NP_215813.1_1	GCF_007747215.1_WP_261341986.1	43.711	602	493	79	485	259	5	118	594	14	492	0.0	615
lcl|NC_000962.3_prot_NP_215813.1_1	GCF_005843985.1_WP_244924474.1	51.942	602	407	68	412	189	3	184	592	1	406	0.0	615
lcl|NC_000962.3_prot_NP_215813.1_1	GCF_002309535.1_WP_226372232.1	41.684	602	471	78	475	268	3	121	592	2	470	0.0	615
lcl|NC_000962.3_prot_NP_215813.1_1	GCF_001444445.1_WP_025065299.1	33.498	602	664	98	606	381	7	2	592	65	663	0.0	615
lcl|NC_000962.3_prot_NP_215813.1_1	GCF_000981585.1_WP_046500839.1	47.722	602	452	69	417	209	3	175	590	2	410	0.0	615
lcl|NC_000962.3_prot_NP_215813.1_1	GCF_000812665.2_WP_039002873.1	48.244	602	423	70	427	209	4	173	593	3	423	0.0	615
lcl|NC_000962.3_prot_NP_215813.1_1	GCF_000284635.1_WP_002956821.1	47.100	602	428	71	431	219	3	165	592	3	427	0.0	615
lcl|NC_000962.3_prot_NP_215813.1_1	GCF_000019205.1_WP_012661202.1	46.347	602	434	72	438	226	3	158	592	2	433	0.0	615
lcl|NC_000962.3_prot_NP_215813.1_1	GCF_900637725.1_WP_234028392.1	52.847	602	560	92	562	250	3	48	598	1	558	0.0	615
lcl|NC_000962.3_prot_NP_215813.1_1	GCF_900475405.1_WP_005411276.1	45.233	602	583	74	451	234	5	150	593	139	583	0.0	615
lcl|NC_000962.3_prot_NP_215813.1_1	GCF_026168555.1_WP_265559852.1	49.415	602	421	69	427	201	5	176	593	1	421	0.0	615
lcl|NC_000962.3_prot_NP_215813.1_1	GCF_017309675.2_WP_138345558.1	34.818	602	687	98	606	374	7	2	593	89	687	0.0	615
lcl|NC_000962.3_prot_NP_215813.1_1	GCF_017309675.2_WP_138345558.1	10.714	602	687	98	168	146	1	36	199	6	173	1.58e-06	59.3
lcl|NC_000962.3_prot_NP_215813.1_1	GCF_016592595.1_WP_201340649.1	45.972	602	420	69	422	216	4	176	591	1	416	0.0	615
lcl|NC_000962.3_prot_NP_215813.1_1	GCF_014931075.1_WP_044598537.1	45.890	602	434	72	438	228	3	158	592	2	433	0.0	615
lcl|NC_000962.3_prot_NP_215813.1_1	GCF_009730395.1_WP_002780613.1	45.977	602	432	72	435	226	3	161	592	3	431	0.0	615
lcl|NC_000962.3_prot_NP_215813.1_1	GCF_008807735.1_WP_001053898.1	46.062	602	423	69	419	216	3	175	591	2	412	0.0	615
lcl|NC_000962.3_prot_NP_215813.1_1	GCF_003945345.1_WP_125662383.1	48.317	602	482	69	416	206	3	175	589	3	410	0.0	615
lcl|NC_000962.3_prot_NP_215813.1_1	GCF_003544935.1_WP_099342558.1	45.233	602	447	74	451	237	4	146	592	2	446	0.0	615
lcl|NC_000962.3_prot_NP_215813.1_1	GCF_003122425.1_WP_072550409.1	48.471	602	422	69	425	206	5	176	593	1	419	0.0	615
lcl|NC_000962.3_prot_NP_215813.1_1	GCF_002192415.1_WP_087919058.1	47.722	602	449	69	417	209	3	175	590	2	410	0.0	615
lcl|NC_000962.3_prot_NP_215813.1_1	GCF_001941465.1_WP_075729613.1	56.291	602	616	95	604	230	4	27	596	2	605	0.0	615
lcl|NC_000962.3_prot_NP_215813.1_1	GCF_001908275.1_WP_036607258.1	47.962	602	441	69	417	208	3	175	590	2	410	0.0	615
lcl|NC_000962.3_prot_NP_215813.1_1	GCF_001263395.1_WP_033504865.1	44.625	602	644	99	614	323	3	1	598	30	642	0.0	615
lcl|NC_000962.3_prot_NP_215813.1_1	GCF_001263395.1_WP_033504865.1	22.013	602	644	99	159	122	1	32	188	2	160	2.15e-05	55.8
lcl|NC_000962.3_prot_NP_215813.1_1	GCF_000487995.2_WP_023276437.1	44.037	602	428	69	436	218	5	176	593	1	428	0.0	615
lcl|NC_000962.3_prot_NP_215813.1_1	GCF_000214375.1_WP_015707633.1	39.020	602	635	88	551	311	5	66	597	89	633	0.0	615
lcl|NC_000962.3_prot_NP_215813.1_1	GCF_000183135.1_WP_013443913.1	36.379	602	627	98	602	364	8	2	592	33	626	0.0	615
lcl|NC_000962.3_prot_NP_215813.1_1	GCF_000019785.1_WP_012347825.1	45.882	602	420	70	425	218	4	176	594	1	419	0.0	615
lcl|NC_000962.3_prot_NP_215813.1_1	GCF_000016345.1_WP_011903147.1	47.765	602	420	70	425	210	4	176	594	1	419	0.0	615
lcl|NC_000962.3_prot_NP_215813.1_1	GCF_000012985.1_WP_011394275.1	49.176	602	420	69	425	203	5	176	593	1	419	0.0	615
lcl|NC_000962.3_prot_NP_215813.1_1	GCF_028771845.1_WP_063567654.1	47.619	602	441	70	420	211	3	175	593	2	413	0.0	614
lcl|NC_000962.3_prot_NP_215813.1_1	GCF_019704495.1_WP_049467605.1	45.434	602	583	73	449	232	5	152	593	141	583	0.0	614
lcl|NC_000962.3_prot_NP_215813.1_1	GCF_016027815.1_WP_016447451.1	50.118	602	420	70	425	200	4	176	594	1	419	0.0	614
lcl|NC_000962.3_prot_NP_215813.1_1	GCF_014489495.1_WP_187715552.1	47.170	602	418	69	424	212	4	176	593	1	418	0.0	614
lcl|NC_000962.3_prot_NP_215813.1_1	GCF_014131755.1_WP_011107884.1	34.185	602	722	98	626	359	7	11	593	107	722	0.0	614
lcl|NC_000962.3_prot_NP_215813.1_1	GCF_014131755.1_WP_011107884.1	12.583	602	722	98	151	132	0	36	186	6	156	5.40e-09	67.4
lcl|NC_000962.3_prot_NP_215813.1_1	GCF_014131755.1_WP_011107884.1	5.917	602	722	98	169	153	1	2	164	31	199	1.26e-05	56.6
lcl|NC_000962.3_prot_NP_215813.1_1	GCF_013372225.1_WP_018712591.1	46.469	602	435	72	439	226	3	157	592	2	434	0.0	614
lcl|NC_000962.3_prot_NP_215813.1_1	GCF_013347305.1_WP_110899531.1	47.962	602	441	69	417	208	3	175	590	2	410	0.0	614
lcl|NC_000962.3_prot_NP_215813.1_1	GCF_010731735.1_WP_163800660.1	62.248	602	746	99	596	216	2	9	597	149	742	0.0	614
lcl|NC_000962.3_prot_NP_215813.1_1	GCF_010731735.1_WP_163800660.1	25.688	602	746	99	218	138	3	1	196	1	216	1.28e-10	72.8
lcl|NC_000962.3_prot_NP_215813.1_1	GCF_010119935.1_WP_162354947.1	48.219	602	454	70	421	209	3	175	594	3	415	0.0	614
lcl|NC_000962.3_prot_NP_215813.1_1	GCF_008329925.1_WP_149503282.1	46.118	602	420	70	425	217	4	176	594	1	419	0.0	614
lcl|NC_000962.3_prot_NP_215813.1_1	GCF_002770595.1_WP_100076364.1	35.588	602	619	93	621	332	6	35	593	5	619	0.0	614
lcl|NC_000962.3_prot_NP_215813.1_1	GCF_001941485.1_WP_211272322.1	53.731	602	612	96	603	252	3	27	602	5	607	0.0	614
lcl|NC_000962.3_prot_NP_215813.1_1	GCF_001274895.1_WP_053411871.1	55.592	602	653	100	617	252	5	1	602	39	648	0.0	614
lcl|NC_000962.3_prot_NP_215813.1_1	GCF_001274895.1_WP_053411871.1	16.912	602	653	100	136	113	0	34	169	13	148	5.35e-06	57.7
lcl|NC_000962.3_prot_NP_215813.1_1	GCF_000816185.1_WP_039649614.1	45.977	602	432	72	435	226	3	161	592	3	431	0.0	614
lcl|NC_000962.3_prot_NP_215813.1_1	GCF_000018665.1_WP_012206705.1	49.882	602	420	70	425	201	4	176	594	1	419	0.0	614
lcl|NC_000962.3_prot_NP_215813.1_1	GCF_000009085.1_YP_002344547.1	45.977	602	432	72	435	226	3	161	592	3	431	0.0	614
lcl|NC_000962.3_prot_NP_215813.1_1	GCF_021249385.1_WP_209421396.1	47.765	602	420	70	425	210	4	176	594	1	419	0.0	614
lcl|NC_000962.3_prot_NP_215813.1_1	GCF_017086365.1_WP_054944063.1	47.722	602	452	69	417	209	3	175	590	2	410	0.0	614
lcl|NC_000962.3_prot_NP_215813.1_1	GCF_016599835.1_WP_034869952.1	38.396	602	584	93	586	328	5	35	593	5	584	0.0	614
lcl|NC_000962.3_prot_NP_215813.1_1	GCF_014117445.1_WP_182295909.1	47.642	602	418	69	424	210	4	176	593	1	418	0.0	614
lcl|NC_000962.3_prot_NP_215813.1_1	GCF_012225885.1_WP_024713823.1	46.445	602	427	70	422	216	3	174	593	2	415	0.0	614
lcl|NC_000962.3_prot_NP_215813.1_1	GCF_008000995.1_WP_235912452.1	46.423	602	701	99	657	290	4	1	596	37	692	0.0	614
lcl|NC_000962.3_prot_NP_215813.1_1	GCF_008000995.1_WP_235912452.1	19.372	602	701	99	191	145	1	25	206	2	192	2.89e-08	65.1
lcl|NC_000962.3_prot_NP_215813.1_1	GCF_004785625.2_WP_135815250.1	46.651	602	427	69	418	213	3	176	591	4	413	0.0	614
lcl|NC_000962.3_prot_NP_215813.1_1	GCF_004295585.1_WP_130604958.1	48.201	602	439	69	417	207	3	178	593	6	414	0.0	614
lcl|NC_000962.3_prot_NP_215813.1_1	GCF_003991135.1_WP_236777936.1	50.952	602	416	69	420	198	2	176	593	1	414	0.0	614
lcl|NC_000962.3_prot_NP_215813.1_1	GCF_003667885.1_WP_010328939.1	46.209	602	427	70	422	217	3	174	593	2	415	0.0	614
lcl|NC_000962.3_prot_NP_215813.1_1	GCF_002023665.2_WP_009086582.1	37.990	602	584	93	587	329	6	35	593	5	584	0.0	614
lcl|NC_000962.3_prot_NP_215813.1_1	GCF_001693335.1_WP_066338475.1	46.313	602	435	72	434	224	3	162	592	5	432	0.0	614
lcl|NC_000962.3_prot_NP_215813.1_1	GCF_001636295.1_WP_232314378.1	51.555	602	627	100	611	277	4	1	602	21	621	0.0	614
lcl|NC_000962.3_prot_NP_215813.1_1	GCF_001191605.1_WP_007497667.1	45.933	602	427	69	418	216	3	174	589	2	411	0.0	614
lcl|NC_000962.3_prot_NP_215813.1_1	GCF_000816305.1_WP_039663099.1	46.224	602	433	72	437	226	3	159	592	2	432	0.0	614
lcl|NC_000962.3_prot_NP_215813.1_1	GCF_000147355.1_WP_013326414.1	46.868	602	452	71	431	219	4	169	595	28	452	0.0	614
lcl|NC_000962.3_prot_NP_215813.1_1	GCF_000020465.1_WP_223294159.1	47.183	602	420	69	426	209	5	176	592	1	419	0.0	614
lcl|NC_000962.3_prot_NP_215813.1_1	GCF_000017305.1_WP_012084401.1	45.342	602	696	99	644	304	3	1	596	48	691	0.0	614
lcl|NC_000962.3_prot_NP_215813.1_1	GCF_000017305.1_WP_012084401.1	20.904	602	696	99	177	140	0	20	196	8	184	4.49e-06	58.1
lcl|NC_000962.3_prot_NP_215813.1_1	GCF_000008445.1_WP_001053895.1	45.823	602	423	69	419	217	3	175	591	2	412	0.0	614
lcl|NC_000962.3_prot_NP_215813.1_1	GCF_916098265.1_WP_004277528.1	46.330	602	431	72	436	225	3	160	592	1	430	0.0	613
lcl|NC_000962.3_prot_NP_215813.1_1	GCF_018128205.1_WP_211797981.1	35.284	602	648	98	598	365	8	2	592	65	647	0.0	613
lcl|NC_000962.3_prot_NP_215813.1_1	GCF_013347265.1_WP_110043812.1	46.682	602	453	70	422	216	3	175	595	3	416	0.0	613
lcl|NC_000962.3_prot_NP_215813.1_1	GCF_013201605.1_WP_066006742.1	45.890	602	434	72	438	228	3	158	592	2	433	0.0	613
lcl|NC_000962.3_prot_NP_215813.1_1	GCF_012222825.1_WP_035721246.1	49.061	602	420	70	426	204	5	176	595	1	419	0.0	613
lcl|NC_000962.3_prot_NP_215813.1_1	GCF_008245045.1_WP_039665342.1	46.437	602	432	72	435	224	3	161	592	3	431	0.0	613
lcl|NC_000962.3_prot_NP_215813.1_1	GCF_004347775.1_WP_240040805.1	38.087	602	568	92	575	328	8	40	593	1	568	0.0	613
lcl|NC_000962.3_prot_NP_215813.1_1	GCF_003952225.1_WP_126013215.1	48.104	602	459	70	422	210	3	175	595	3	416	0.0	613
lcl|NC_000962.3_prot_NP_215813.1_1	GCF_003612775.1_WP_120573344.1	49.226	602	700	99	646	277	3	1	597	56	699	0.0	613
lcl|NC_000962.3_prot_NP_215813.1_1	GCF_003612775.1_WP_120573344.1	17.176	602	700	99	262	173	3	1	222	1	258	1.60e-11	75.5
lcl|NC_000962.3_prot_NP_215813.1_1	GCF_001999965.1_WP_237048856.1	45.972	602	418	69	422	217	4	176	592	1	416	0.0	613
lcl|NC_000962.3_prot_NP_215813.1_1	GCF_001922385.1_WP_107525078.1	50.000	602	402	67	408	192	4	192	593	1	402	0.0	613
lcl|NC_000962.3_prot_NP_215813.1_1	GCF_001857925.1_WP_008354975.1	46.172	602	427	69	418	215	3	174	589	2	411	0.0	613
lcl|NC_000962.3_prot_NP_215813.1_1	GCF_000473245.1_WP_009792602.1	44.869	602	424	69	419	221	3	175	591	2	412	0.0	613
lcl|NC_000962.3_prot_NP_215813.1_1	GCF_000235585.1_WP_014279136.1	47.281	602	444	70	423	214	3	175	596	2	416	0.0	613
lcl|NC_000962.3_prot_NP_215813.1_1	GCF_000213255.1_WP_013779907.1	39.559	602	601	93	589	320	5	37	595	6	588	0.0	613
lcl|NC_000962.3_prot_NP_215813.1_1	GCF_000016165.1_WP_238442637.1	50.000	602	442	69	414	200	2	176	588	1	408	0.0	613
lcl|NC_000962.3_prot_NP_215813.1_1	GCF_000009045.1_NP_391589.2	46.209	602	427	70	422	217	3	174	593	2	415	0.0	613
lcl|NC_000962.3_prot_NP_215813.1_1	GCF_900183975.1_WP_040762174.1	37.563	602	613	97	599	348	7	8	593	28	613	0.0	613
lcl|NC_000962.3_prot_NP_215813.1_1	GCF_023702635.1_WP_251086475.1	49.415	602	422	69	427	201	5	176	593	1	421	0.0	613
lcl|NC_000962.3_prot_NP_215813.1_1	GCF_022394675.1_WP_034315849.1	46.539	602	429	69	419	214	3	175	591	2	412	0.0	613
lcl|NC_000962.3_prot_NP_215813.1_1	GCF_019930545.1_WP_028977991.1	45.221	602	423	71	429	225	3	175	601	2	422	0.0	613
lcl|NC_000962.3_prot_NP_215813.1_1	GCF_018128125.1_WP_008822516.1	35.714	602	660	98	602	369	7	2	592	65	659	0.0	613
lcl|NC_000962.3_prot_NP_215813.1_1	GCF_016918765.2_WP_228349983.1	45.882	602	419	70	425	218	4	176	594	1	419	0.0	613
lcl|NC_000962.3_prot_NP_215813.1_1	GCF_016724805.1_WP_016475073.1	45.755	602	418	69	424	218	4	176	593	1	418	0.0	613
lcl|NC_000962.3_prot_NP_215813.1_1	GCF_016592615.1_WP_201339059.1	45.972	602	420	69	422	216	4	176	591	1	416	0.0	613
lcl|NC_000962.3_prot_NP_215813.1_1	GCF_014395975.1_WP_187599620.1	48.471	602	420	70	425	207	4	176	594	1	419	0.0	613
lcl|NC_000962.3_prot_NP_215813.1_1	GCF_013372105.1_WP_139426656.1	45.890	602	434	72	438	228	3	158	592	2	433	0.0	613
lcl|NC_000962.3_prot_NP_215813.1_1	GCF_013307225.1_WP_173956026.1	47.765	602	420	70	425	210	4	176	594	1	419	0.0	613
lcl|NC_000962.3_prot_NP_215813.1_1	GCF_011046975.1_WP_241244969.1	51.220	602	763	95	574	279	1	23	596	177	749	0.0	613
lcl|NC_000962.3_prot_NP_215813.1_1	GCF_009193325.2_WP_143866570.1	37.778	602	731	96	585	335	9	17	593	168	731	0.0	613
lcl|NC_000962.3_prot_NP_215813.1_1	GCF_009193325.2_WP_143866570.1	14.184	602	731	96	141	119	1	36	174	6	146	7.72e-05	53.9
lcl|NC_000962.3_prot_NP_215813.1_1	GCF_009026825.1_WP_151903042.1	55.481	602	607	94	593	237	4	30	596	8	599	0.0	613
lcl|NC_000962.3_prot_NP_215813.1_1	GCF_004006435.1_WP_010332253.1	46.209	602	427	70	422	217	3	174	593	2	415	0.0	613
lcl|NC_000962.3_prot_NP_215813.1_1	GCF_003815915.1_WP_076557210.1	35.833	602	621	98	600	362	6	5	593	34	621	0.0	613
lcl|NC_000962.3_prot_NP_215813.1_1	GCF_002305855.1_WP_179956392.1	39.926	602	538	89	541	314	4	58	593	4	538	0.0	613
lcl|NC_000962.3_prot_NP_215813.1_1	GCF_001547755.1_WP_066044259.1	46.919	602	420	69	422	212	4	176	591	1	416	0.0	613
lcl|NC_000962.3_prot_NP_215813.1_1	GCF_000815225.1_WP_039125570.1	48.357	602	420	70	426	207	5	176	595	1	419	0.0	613
lcl|NC_000962.3_prot_NP_215813.1_1	GCF_000177635.2_WP_013506905.1	49.052	602	416	69	422	205	4	176	593	1	416	0.0	613
lcl|NC_000962.3_prot_NP_215813.1_1	GCF_000020485.1_WP_015923520.1	47.143	602	418	69	420	214	2	176	593	2	415	0.0	613
lcl|NC_000962.3_prot_NP_215813.1_1	GCF_000014725.1_WP_011641781.1	48.798	602	425	69	416	206	2	176	590	1	410	0.0	613
lcl|NC_000962.3_prot_NP_215813.1_1	GCF_902702935.1_WP_155872408.1	52.722	602	680	99	643	262	6	2	602	36	678	0.0	613
lcl|NC_000962.3_prot_NP_215813.1_1	GCF_902702935.1_WP_155872408.1	18.137	602	680	99	204	159	1	27	222	2	205	4.90e-08	64.3
lcl|NC_000962.3_prot_NP_215813.1_1	GCF_022869165.1_WP_244772249.1	36.581	602	626	99	626	361	8	1	596	1	620	0.0	613
lcl|NC_000962.3_prot_NP_215813.1_1	GCF_022493915.1_WP_011795734.1	48.235	602	420	70	425	208	4	176	594	1	419	0.0	613
lcl|NC_000962.3_prot_NP_215813.1_1	GCF_020616335.1_WP_227282621.1	55.319	602	620	95	611	233	3	32	602	4	614	0.0	613
lcl|NC_000962.3_prot_NP_215813.1_1	GCF_014217995.1_WP_099462702.1	46.101	602	431	72	436	226	3	160	592	1	430	0.0	613
lcl|NC_000962.3_prot_NP_215813.1_1	GCF_012222965.1_WP_133942554.1	48.826	602	420	70	426	205	5	176	595	1	419	0.0	613
lcl|NC_000962.3_prot_NP_215813.1_1	GCF_011600945.2_WP_002850294.1	45.657	602	444	74	449	235	3	147	592	1	443	0.0	613
lcl|NC_000962.3_prot_NP_215813.1_1	GCF_003860545.1_WP_124805598.1	36.348	602	586	93	586	338	4	37	593	7	586	0.0	613
lcl|NC_000962.3_prot_NP_215813.1_1	GCF_002243645.1_WP_063234168.1	46.301	602	429	69	419	215	3	175	591	2	412	0.0	613
lcl|NC_000962.3_prot_NP_215813.1_1	GCF_000769555.1_WP_003151107.1	45.972	602	428	70	422	218	3	174	593	2	415	0.0	613
lcl|NC_000962.3_prot_NP_215813.1_1	GCF_000250635.1_WP_245538682.1	36.860	602	580	92	586	332	5	40	593	1	580	0.0	613
lcl|NC_000962.3_prot_NP_215813.1_1	GCF_000212695.1_WP_041553546.1	46.224	602	712	100	662	296	4	1	602	44	705	0.0	613
lcl|NC_000962.3_prot_NP_215813.1_1	GCF_000212695.1_WP_041553546.1	17.526	602	712	100	194	158	1	23	216	7	198	3.57e-09	67.8
lcl|NC_000962.3_prot_NP_215813.1_1	GCF_000020625.1_WP_244148034.1	47.418	602	420	69	426	208	5	176	592	1	419	0.0	613
lcl|NC_000962.3_prot_NP_215813.1_1	GCF_000012485.1_WP_203415258.1	47.307	602	420	69	427	209	5	176	593	1	420	0.0	613
lcl|NC_000962.3_prot_NP_215813.1_1	GCF_000007205.1_WP_010883248.1	45.085	602	464	77	468	247	4	129	592	2	463	0.0	613
lcl|NC_000962.3_prot_NP_215813.1_1	GCF_900476215.1_WP_013023182.1	46.528	602	431	71	432	222	3	164	592	3	428	0.0	612
lcl|NC_000962.3_prot_NP_215813.1_1	GCF_900475915.1_WP_049765883.1	49.823	602	563	94	564	281	2	40	602	1	563	0.0	612
lcl|NC_000962.3_prot_NP_215813.1_1	GCF_023238245.1_WP_166847223.1	46.209	602	427	70	422	217	3	174	593	2	415	0.0	612
lcl|NC_000962.3_prot_NP_215813.1_1	GCF_022024215.1_WP_237797626.1	34.923	602	669	96	587	358	7	13	592	99	668	0.0	612
lcl|NC_000962.3_prot_NP_215813.1_1	GCF_020162115.1_WP_043703293.1	47.887	602	421	70	426	209	4	176	594	1	420	0.0	612
lcl|NC_000962.3_prot_NP_215813.1_1	GCF_013372125.1_WP_009651463.1	44.889	602	446	74	450	239	3	146	592	2	445	0.0	612
lcl|NC_000962.3_prot_NP_215813.1_1	GCF_006542275.1_WP_141447899.1	46.824	602	450	70	425	217	3	175	598	2	418	0.0	612
lcl|NC_000962.3_prot_NP_215813.1_1	GCF_003410415.1_WP_053348457.1	46.539	602	429	69	419	214	3	175	591	2	412	0.0	612
lcl|NC_000962.3_prot_NP_215813.1_1	GCF_000706765.1_WP_033491182.1	46.091	602	644	99	614	315	2	1	598	30	643	0.0	612
lcl|NC_000962.3_prot_NP_215813.1_1	GCF_000706765.1_WP_033491182.1	18.132	602	644	99	182	139	1	32	203	2	183	4.94e-07	60.8
lcl|NC_000962.3_prot_NP_215813.1_1	GCF_000242335.1_WP_005843817.1	35.314	602	667	98	606	361	8	2	592	77	666	0.0	612
lcl|NC_000962.3_prot_NP_215813.1_1	GCF_000233775.1_WP_014162734.1	45.773	602	482	80	485	256	2	109	592	2	480	0.0	612
lcl|NC_000962.3_prot_NP_215813.1_1	GCF_000166395.1_WP_013410082.1	45.794	602	503	70	428	216	5	171	593	87	503	0.0	612
lcl|NC_000962.3_prot_NP_215813.1_1	GCF_900095795.1_WP_071136668.1	36.074	602	689	96	596	353	8	17	592	101	688	0.0	612
lcl|NC_000962.3_prot_NP_215813.1_1	GCF_900095795.1_WP_071136668.1	13.986	602	689	96	143	120	1	36	175	7	149	3.00e-06	58.5
lcl|NC_000962.3_prot_NP_215813.1_1	GCF_020080045.1_WP_224149635.1	48.471	602	420	70	425	207	4	176	594	1	419	0.0	612
lcl|NC_000962.3_prot_NP_215813.1_1	GCF_013267435.1_WP_016202506.1	45.803	602	424	69	417	216	3	175	589	2	410	0.0	612
lcl|NC_000962.3_prot_NP_215813.1_1	GCF_005083985.2_WP_235823188.1	52.913	602	407	68	412	185	3	184	592	1	406	0.0	612
lcl|NC_000962.3_prot_NP_215813.1_1	GCF_004803795.1_WP_002945468.1	44.812	602	449	75	453	241	3	143	592	1	447	0.0	612
lcl|NC_000962.3_prot_NP_215813.1_1	GCF_001997385.1_WP_227806848.1	45.921	602	424	70	429	221	4	172	595	2	424	0.0	612
lcl|NC_000962.3_prot_NP_215813.1_1	GCF_001723605.1_WP_174543298.1	41.684	602	471	78	475	268	3	121	592	2	470	0.0	612
lcl|NC_000962.3_prot_NP_215813.1_1	GCF_000973625.1_WP_046330324.1	47.529	602	420	70	425	211	4	176	594	1	419	0.0	612
lcl|NC_000962.3_prot_NP_215813.1_1	GCF_000755585.2_WP_044571645.1	50.669	602	755	98	598	289	2	7	598	152	749	0.0	612
lcl|NC_000962.3_prot_NP_215813.1_1	GCF_000755585.2_WP_044571645.1	18.483	602	755	98	211	165	1	15	218	7	217	2.00e-06	59.3
lcl|NC_000962.3_prot_NP_215813.1_1	GCF_000447675.1_WP_020965338.1	40.157	602	529	84	508	293	4	93	595	24	525	0.0	612
lcl|NC_000962.3_prot_NP_215813.1_1	GCF_000284295.1_WP_041830272.1	48.276	602	722	99	667	273	4	1	597	57	721	0.0	612
lcl|NC_000962.3_prot_NP_215813.1_1	GCF_000284295.1_WP_041830272.1	19.681	602	722	99	188	148	1	1	188	1	185	5.92e-12	77.0
lcl|NC_000962.3_prot_NP_215813.1_1	GCF_000236685.1_WP_014270807.1	37.294	602	651	98	606	356	7	9	596	46	645	0.0	612
lcl|NC_000962.3_prot_NP_215813.1_1	GCF_000144695.1_WP_013279165.1	47.971	602	418	69	419	211	2	176	593	1	413	0.0	612
lcl|NC_000962.3_prot_NP_215813.1_1	GCF_900187295.1_WP_092257093.1	53.377	602	610	96	607	249	5	27	602	2	605	0.0	612
lcl|NC_000962.3_prot_NP_215813.1_1	GCF_021654655.1_WP_236865606.1	47.541	602	423	69	427	208	5	177	593	3	423	0.0	612
lcl|NC_000962.3_prot_NP_215813.1_1	GCF_018968685.1_WP_131162915.1	45.977	602	432	72	435	226	3	161	592	3	431	0.0	612
lcl|NC_000962.3_prot_NP_215813.1_1	GCF_002896855.1_WP_103082344.1	36.715	602	664	98	621	356	6	2	592	43	656	0.0	612
lcl|NC_000962.3_prot_NP_215813.1_1	GCF_001895265.1_WP_072711624.1	48.357	602	420	70	426	207	5	176	595	1	419	0.0	612
lcl|NC_000962.3_prot_NP_215813.1_1	GCF_001186155.3_WP_049692932.1	46.336	602	427	70	423	217	3	176	596	4	418	0.0	612
lcl|NC_000962.3_prot_NP_215813.1_1	GCF_000818095.1_WP_039811607.1	46.136	602	424	70	427	216	4	174	594	2	420	0.0	612
lcl|NC_000962.3_prot_NP_215813.1_1	GCF_000284515.1_WP_014644849.1	45.476	602	428	71	431	223	4	175	601	3	425	0.0	612
lcl|NC_000962.3_prot_NP_215813.1_1	GCF_000092245.1_WP_013136538.1	43.946	602	447	73	446	240	4	151	592	7	446	0.0	612
lcl|NC_000962.3_prot_NP_215813.1_1	GCF_000009305.1_WP_011577769.1	45.125	602	438	73	441	233	3	155	592	2	436	0.0	612
lcl|NC_000962.3_prot_NP_215813.1_1	GCF_013201725.1_WP_014473126.1	45.964	602	442	73	446	231	4	151	592	2	441	0.0	611
lcl|NC_000962.3_prot_NP_215813.1_1	GCF_002277955.1_WP_095414664.1	38.922	602	498	82	501	292	5	100	592	2	496	0.0	611
lcl|NC_000962.3_prot_NP_215813.1_1	GCF_002117005.1_WP_226997533.1	45.688	602	424	70	429	222	4	172	595	2	424	0.0	611
lcl|NC_000962.3_prot_NP_215813.1_1	GCF_001747405.1_WP_236848300.1	47.418	602	420	69	426	208	5	176	592	1	419	0.0	611
lcl|NC_000962.3_prot_NP_215813.1_1	GCF_001586235.1_WP_062041133.1	54.561	602	600	95	592	251	3	29	602	4	595	0.0	611
lcl|NC_000962.3_prot_NP_215813.1_1	GCF_001293165.1_WP_053950742.1	46.682	602	420	69	422	213	4	176	591	1	416	0.0	611
lcl|NC_000962.3_prot_NP_215813.1_1	GCF_000828915.1_WP_045535698.1	48.941	602	420	70	425	205	4	176	594	1	419	0.0	611
lcl|NC_000962.3_prot_NP_215813.1_1	GCF_000732945.1_WP_038605845.1	52.451	602	618	96	612	258	4	24	602	2	613	0.0	611
lcl|NC_000962.3_prot_NP_215813.1_1	GCF_000568815.1_WP_025343783.1	43.103	602	460	77	464	255	3	132	592	2	459	0.0	611
lcl|NC_000962.3_prot_NP_215813.1_1	GCF_000418365.1_WP_211213209.1	52.698	602	633	98	630	258	4	13	602	3	632	0.0	611
lcl|NC_000962.3_prot_NP_215813.1_1	GCF_000176855.2_WP_013594977.1	48.000	602	420	70	425	209	4	176	594	1	419	0.0	611
lcl|NC_000962.3_prot_NP_215813.1_1	GCF_900096765.1_WP_114638386.1	47.294	602	420	70	425	212	4	176	594	1	419	0.0	611
lcl|NC_000962.3_prot_NP_215813.1_1	GCF_020783335.1_WP_228170154.1	39.619	602	570	93	578	316	6	36	593	6	570	0.0	611
lcl|NC_000962.3_prot_NP_215813.1_1	GCF_018398935.1_WP_261352908.1	42.629	602	504	82	502	274	5	99	592	7	502	0.0	611
lcl|NC_000962.3_prot_NP_215813.1_1	GCF_017357825.1_WP_207562421.1	44.420	602	454	75	457	244	4	141	593	2	452	0.0	611
lcl|NC_000962.3_prot_NP_215813.1_1	GCF_013368775.1_WP_036809756.1	45.755	602	427	70	424	220	3	176	597	4	419	0.0	611
lcl|NC_000962.3_prot_NP_215813.1_1	GCF_013201895.1_WP_106870992.1	48.046	602	432	72	435	217	3	161	592	3	431	0.0	611
lcl|NC_000962.3_prot_NP_215813.1_1	GCF_012849095.1_WP_169284577.1	48.201	602	438	69	417	207	3	178	593	2	410	0.0	611
lcl|NC_000962.3_prot_NP_215813.1_1	GCF_003290445.1_WP_112869496.1	48.706	602	418	70	425	205	5	176	594	1	418	0.0	611
lcl|NC_000962.3_prot_NP_215813.1_1	GCF_002211785.1_WP_088772841.1	48.122	602	420	70	426	208	5	176	595	1	419	0.0	611
lcl|NC_000962.3_prot_NP_215813.1_1	GCF_002080395.1_WP_082199508.1	45.872	602	431	72	436	227	3	160	592	1	430	0.0	611
lcl|NC_000962.3_prot_NP_215813.1_1	GCF_000328545.1_WP_015312591.1	36.609	602	632	93	631	323	6	36	595	5	629	0.0	611
lcl|NC_000962.3_prot_NP_215813.1_1	GCF_000259275.1_WP_014659577.1	46.028	602	438	71	428	222	3	168	592	15	436	0.0	611
lcl|NC_000962.3_prot_NP_215813.1_1	GCF_000219045.1_WP_004287296.1	48.592	602	420	70	426	206	5	176	595	1	419	0.0	611
lcl|NC_000962.3_prot_NP_215813.1_1	GCF_000196135.1_WP_011138720.1	44.105	602	453	75	458	246	4	141	594	2	453	0.0	611
lcl|NC_000962.3_prot_NP_215813.1_1	GCF_000195555.1_WP_003015002.1	48.826	602	420	70	426	205	5	176	595	1	419	0.0	611
lcl|NC_000962.3_prot_NP_215813.1_1	GCF_000184705.1_WP_042500764.1	50.000	602	411	68	412	199	2	182	592	2	407	0.0	611
lcl|NC_000962.3_prot_NP_215813.1_1	GCF_000145235.1_WP_013288274.1	50.077	602	701	99	647	271	4	1	597	56	700	0.0	611
lcl|NC_000962.3_prot_NP_215813.1_1	GCF_000145235.1_WP_013288274.1	21.531	602	701	99	209	160	1	1	209	1	205	7.78e-12	76.2
lcl|NC_000962.3_prot_NP_215813.1_1	GCF_020002245.1_WP_063384497.1	46.429	602	427	69	420	215	3	174	591	2	413	0.0	610
lcl|NC_000962.3_prot_NP_215813.1_1	GCF_016725645.1_WP_002999484.1	43.724	602	495	93	478	259	4	118	592	24	494	0.0	610
lcl|NC_000962.3_prot_NP_215813.1_1	GCF_016725645.1_WP_002999484.1	16.260	602	495	93	123	103	0	36	158	5	127	1.91e-05	55.8
lcl|NC_000962.3_prot_NP_215813.1_1	GCF_013201935.1_WP_129013042.1	45.740	602	442	73	446	232	4	151	592	2	441	0.0	610
lcl|NC_000962.3_prot_NP_215813.1_1	GCF_011393335.1_WP_246227146.1	54.291	602	537	89	536	241	1	61	596	3	534	0.0	610
lcl|NC_000962.3_prot_NP_215813.1_1	GCF_003096095.1_WP_244911068.1	52.757	602	697	99	671	239	4	2	596	22	690	0.0	610
lcl|NC_000962.3_prot_NP_215813.1_1	GCF_003096095.1_WP_244911068.1	15.909	602	697	99	176	142	1	40	209	1	176	3.24e-06	58.5
lcl|NC_000962.3_prot_NP_215813.1_1	GCF_003008595.1_WP_106445087.1	48.471	602	420	70	425	207	4	176	594	1	419	0.0	610
lcl|NC_000962.3_prot_NP_215813.1_1	GCF_001553605.1_WP_008684374.1	47.619	602	431	69	420	210	4	176	591	16	429	0.0	610
lcl|NC_000962.3_prot_NP_215813.1_1	GCF_001460635.1_WP_034327450.1	47.332	602	430	71	431	218	3	165	592	3	427	0.0	610
lcl|NC_000962.3_prot_NP_215813.1_1	GCF_001314995.1_WP_004300791.1	36.125	602	765	98	609	357	10	7	593	167	765	0.0	610
lcl|NC_000962.3_prot_NP_215813.1_1	GCF_001314995.1_WP_004300791.1	8.553	602	765	98	152	139	0	36	187	6	157	2.66e-07	62.0
lcl|NC_000962.3_prot_NP_215813.1_1	GCF_000215645.1_WP_041479335.1	48.430	602	706	99	669	277	6	2	602	36	704	0.0	610
lcl|NC_000962.3_prot_NP_215813.1_1	GCF_000215645.1_WP_041479335.1	21.818	602	706	99	110	86	0	27	136	2	111	1.36e-06	59.7
lcl|NC_000962.3_prot_NP_215813.1_1	GCF_000144405.1_WP_013265356.1	35.392	602	651	98	599	366	8	2	592	65	650	0.0	610
lcl|NC_000962.3_prot_NP_215813.1_1	GCF_000020505.1_WP_232203960.1	47.887	602	420	69	426	206	5	176	592	1	419	0.0	610
lcl|NC_000962.3_prot_NP_215813.1_1	GCF_000013605.1_WP_011465176.1	48.941	602	420	70	425	205	4	176	594	1	419	0.0	610
lcl|NC_000962.3_prot_NP_215813.1_1	GCF_000006685.1_WP_010231507.1	45.726	602	464	77	468	244	4	129	592	2	463	0.0	610
lcl|NC_000962.3_prot_NP_215813.1_1	GCF_023973165.1_WP_252674059.1	49.204	602	564	94	565	284	2	40	602	1	564	0.0	610
lcl|NC_000962.3_prot_NP_215813.1_1	GCF_020792675.1_WP_228358176.1	45.008	602	696	99	651	302	2	2	596	38	688	0.0	610
lcl|NC_000962.3_prot_NP_215813.1_1	GCF_020792675.1_WP_228358176.1	18.090	602	696	99	199	149	1	27	211	4	202	2.08e-12	78.2
lcl|NC_000962.3_prot_NP_215813.1_1	GCF_018582665.1_WP_214476515.1	46.009	602	423	70	426	220	3	175	598	2	419	0.0	610
lcl|NC_000962.3_prot_NP_215813.1_1	GCF_017751225.1_WP_012671641.1	41.400	602	499	82	500	281	6	102	593	4	499	0.0	610
lcl|NC_000962.3_prot_NP_215813.1_1	GCF_016724865.1_WP_040372805.1	45.823	602	425	69	419	217	3	175	591	2	412	0.0	610
lcl|NC_000962.3_prot_NP_215813.1_1	GCF_014395785.1_WP_223164083.1	46.997	602	685	99	666	285	4	1	601	21	683	0.0	610
lcl|NC_000962.3_prot_NP_215813.1_1	GCF_014395785.1_WP_223164083.1	14.124	602	685	99	177	145	1	40	209	1	177	3.86e-08	64.7
lcl|NC_000962.3_prot_NP_215813.1_1	GCF_014107495.1_WP_182304018.1	47.722	602	435	69	417	209	3	178	593	2	410	0.0	610
lcl|NC_000962.3_prot_NP_215813.1_1	GCF_013416015.1_WP_178696815.1	46.413	602	442	74	446	230	3	150	592	2	441	0.0	610
lcl|NC_000962.3_prot_NP_215813.1_1	GCF_013283835.1_WP_071627575.1	44.843	602	442	73	446	236	4	151	592	2	441	0.0	610
lcl|NC_000962.3_prot_NP_215813.1_1	GCF_002849795.1_WP_089365238.1	35.225	602	650	98	599	366	8	2	592	65	649	0.0	610
lcl|NC_000962.3_prot_NP_215813.1_1	GCF_001687565.2_WP_006829250.1	46.336	602	427	70	423	217	3	176	596	4	418	0.0	610
lcl|NC_000962.3_prot_NP_215813.1_1	GCF_000255295.1_WP_014398916.1	39.852	602	537	89	542	315	4	57	593	2	537	0.0	610
lcl|NC_000962.3_prot_NP_215813.1_1	GCF_900239945.1_WP_108896679.1	44.444	602	464	77	468	250	4	129	592	2	463	0.0	610
lcl|NC_000962.3_prot_NP_215813.1_1	GCF_028596105.1_WP_207373253.1	48.000	602	420	70	425	209	4	176	594	1	419	0.0	610
lcl|NC_000962.3_prot_NP_215813.1_1	GCF_016925655.1_WP_205443534.1	50.117	602	421	69	427	198	5	176	593	1	421	0.0	610
lcl|NC_000962.3_prot_NP_215813.1_1	GCF_016894325.1_WP_204677102.1	56.226	602	819	85	514	225	0	85	598	305	818	0.0	610
lcl|NC_000962.3_prot_NP_215813.1_1	GCF_016598775.1_WP_200275108.1	46.906	602	657	99	614	308	3	1	596	34	647	0.0	610
lcl|NC_000962.3_prot_NP_215813.1_1	GCF_014931175.1_WP_006802432.1	45.843	602	441	73	445	231	4	156	596	2	440	0.0	610
lcl|NC_000962.3_prot_NP_215813.1_1	GCF_013177635.1_WP_128985225.1	45.964	602	442	73	446	231	4	151	592	2	441	0.0	610
lcl|NC_000962.3_prot_NP_215813.1_1	GCF_013137895.1_WP_171590035.1	38.000	602	739	97	600	351	6	7	592	146	738	0.0	610
lcl|NC_000962.3_prot_NP_215813.1_1	GCF_006970865.1_WP_077562843.1	48.706	602	420	70	425	206	4	176	594	1	419	0.0	610
lcl|NC_000962.3_prot_NP_215813.1_1	GCF_003015185.1_WP_240623905.1	37.438	602	593	99	601	354	7	1	594	8	593	0.0	610
lcl|NC_000962.3_prot_NP_215813.1_1	GCF_001880225.1_WP_071663903.1	48.357	602	420	70	426	207	5	176	595	1	419	0.0	610
lcl|NC_000962.3_prot_NP_215813.1_1	GCF_001687665.2_WP_065525518.1	46.336	602	427	70	423	217	3	176	596	4	418	0.0	610
lcl|NC_000962.3_prot_NP_215813.1_1	GCF_001465795.2_WP_058382950.1	46.890	602	427	69	418	212	3	176	591	4	413	0.0	610
lcl|NC_000962.3_prot_NP_215813.1_1	GCF_000505725.1_WP_014714856.1	48.826	602	420	70	426	205	5	176	595	1	419	0.0	610
lcl|NC_000962.3_prot_NP_215813.1_1	GCF_000265295.1_WP_041671766.1	44.743	602	447	74	447	238	3	149	592	6	446	0.0	610
lcl|NC_000962.3_prot_NP_215813.1_1	GCF_014489535.1_WP_187724795.1	48.000	602	420	70	425	209	4	176	594	1	419	0.0	609
lcl|NC_000962.3_prot_NP_215813.1_1	GCF_010365285.1_WP_162640783.1	47.981	602	452	70	421	210	3	175	594	3	415	0.0	609
lcl|NC_000962.3_prot_NP_215813.1_1	GCF_003013695.1_WP_106846115.1	48.235	602	420	70	425	208	4	176	594	1	419	0.0	609
lcl|NC_000962.3_prot_NP_215813.1_1	GCF_002009235.1_WP_071153046.1	46.099	602	427	70	423	218	3	176	596	4	418	0.0	609
lcl|NC_000962.3_prot_NP_215813.1_1	GCF_001889165.1_WP_072578147.1	46.009	602	423	70	426	220	3	175	598	3	420	0.0	609
lcl|NC_000962.3_prot_NP_215813.1_1	GCF_001027545.1_WP_052571573.1	51.429	602	418	69	420	194	4	176	591	1	414	0.0	609
lcl|NC_000962.3_prot_NP_215813.1_1	GCF_000023405.1_WP_015775956.1	41.667	602	713	99	672	315	4	2	596	34	705	0.0	609
lcl|NC_000962.3_prot_NP_215813.1_1	GCF_000023405.1_WP_015775956.1	19.797	602	713	99	197	140	1	31	209	4	200	6.00e-09	67.4
lcl|NC_000962.3_prot_NP_215813.1_1	GCF_000022065.1_WP_015926717.1	40.827	602	690	92	556	307	5	50	602	153	689	0.0	609
lcl|NC_000962.3_prot_NP_215813.1_1	GCF_000008725.1_NP_220005.1	45.085	602	464	77	468	247	4	129	592	2	463	0.0	609
lcl|NC_000962.3_prot_NP_215813.1_1	GCF_900187215.1_WP_038589954.1	49.388	602	660	96	654	257	4	23	602	2	655	0.0	609
lcl|NC_000962.3_prot_NP_215813.1_1	GCF_017498525.1_WP_208008166.1	48.592	602	421	70	426	206	4	176	594	1	420	0.0	609
lcl|NC_000962.3_prot_NP_215813.1_1	GCF_003351765.1_WP_228255283.1	45.015	602	720	100	682	295	3	1	602	38	719	0.0	609
lcl|NC_000962.3_prot_NP_215813.1_1	GCF_003351765.1_WP_228255283.1	18.182	602	720	100	176	144	0	27	202	5	180	5.81e-07	60.8
lcl|NC_000962.3_prot_NP_215813.1_1	GCF_000835165.1_WP_042621226.1	51.231	602	656	96	650	244	5	26	602	2	651	0.0	609
lcl|NC_000962.3_prot_NP_215813.1_1	GCF_000828895.1_WP_029463120.1	48.941	602	420	70	425	205	4	176	594	1	419	0.0	609
lcl|NC_000962.3_prot_NP_215813.1_1	GCF_000299355.1_WP_014966398.1	46.222	602	448	69	450	204	3	176	593	1	444	0.0	609
lcl|NC_000962.3_prot_NP_215813.1_1	GCF_028596025.1_WP_273633580.1	40.917	602	537	90	545	311	5	52	593	1	537	0.0	608
lcl|NC_000962.3_prot_NP_215813.1_1	GCF_013389765.1_WP_178066254.1	49.534	602	696	99	644	274	4	1	597	56	695	0.0	608
lcl|NC_000962.3_prot_NP_215813.1_1	GCF_009258045.1_WP_152299769.1	46.325	602	445	74	449	231	4	150	594	3	445	0.0	608
lcl|NC_000962.3_prot_NP_215813.1_1	GCF_008932225.1_WP_067465250.1	48.712	602	421	69	427	204	5	176	593	1	421	0.0	608
lcl|NC_000962.3_prot_NP_215813.1_1	GCF_006542645.1_WP_141418006.1	37.265	602	583	93	585	333	7	35	592	5	582	0.0	608
lcl|NC_000962.3_prot_NP_215813.1_1	GCF_004798685.1_WP_136225449.1	46.828	602	718	99	662	287	3	1	597	43	704	0.0	608
lcl|NC_000962.3_prot_NP_215813.1_1	GCF_004798685.1_WP_136225449.1	24.138	602	718	99	145	110	0	24	168	7	151	2.17e-09	68.5
lcl|NC_000962.3_prot_NP_215813.1_1	GCF_003860405.1_WP_239020494.1	54.484	602	757	99	591	266	2	11	601	170	757	0.0	608
lcl|NC_000962.3_prot_NP_215813.1_1	GCF_003860405.1_WP_239020494.1	19.178	602	757	99	146	118	0	27	172	9	154	1.89e-10	72.0
lcl|NC_000962.3_prot_NP_215813.1_1	GCF_003860405.1_WP_239020494.1	13.904	602	757	99	187	160	1	1	187	42	227	3.34e-08	64.7
lcl|NC_000962.3_prot_NP_215813.1_1	GCF_003815995.1_WP_079463661.1	36.903	602	631	98	607	356	6	5	593	34	631	0.0	608
lcl|NC_000962.3_prot_NP_215813.1_1	GCF_002158865.1_WP_087280447.1	47.887	602	421	70	426	209	4	176	594	1	420	0.0	608
lcl|NC_000962.3_prot_NP_215813.1_1	GCF_002005145.1_WP_238457898.1	51.238	602	435	67	404	190	2	186	588	1	398	0.0	608
lcl|NC_000962.3_prot_NP_215813.1_1	GCF_001719165.1_WP_034902697.1	48.244	602	421	69	427	206	5	176	593	1	421	0.0	608
lcl|NC_000962.3_prot_NP_215813.1_1	GCF_000612055.1_WP_051505955.1	50.534	602	566	92	562	272	2	40	595	1	562	0.0	608
lcl|NC_000962.3_prot_NP_215813.1_1	GCF_000305935.1_WP_015051805.1	51.435	602	418	69	418	195	3	176	591	1	412	0.0	608
lcl|NC_000962.3_prot_NP_215813.1_1	GCF_000284355.1_WP_004510344.1	45.946	602	440	73	444	230	4	153	592	2	439	0.0	608
lcl|NC_000962.3_prot_NP_215813.1_1	GCF_000012965.1_WP_011373182.1	45.657	602	447	74	449	234	4	151	595	5	447	0.0	608
lcl|NC_000962.3_prot_NP_215813.1_1	GCF_022827545.1_WP_243797145.1	37.797	602	768	97	590	345	5	10	592	193	767	0.0	608
lcl|NC_000962.3_prot_NP_215813.1_1	GCF_020985365.1_WP_218250394.1	36.098	602	613	93	615	331	5	35	593	5	613	0.0	608
lcl|NC_000962.3_prot_NP_215813.1_1	GCF_020091505.1_WP_010538850.1	35.135	602	725	98	629	352	7	11	593	107	725	0.0	608
lcl|NC_000962.3_prot_NP_215813.1_1	GCF_020091505.1_WP_010538850.1	14.094	602	725	98	149	126	1	36	182	6	154	8.57e-09	66.6
lcl|NC_000962.3_prot_NP_215813.1_1	GCF_020091505.1_WP_010538850.1	6.790	602	725	98	162	151	0	2	163	31	192	7.57e-05	53.9
lcl|NC_000962.3_prot_NP_215813.1_1	GCF_020091425.1_WP_010803566.1	37.262	602	675	93	577	340	6	31	592	105	674	0.0	608
lcl|NC_000962.3_prot_NP_215813.1_1	GCF_020091425.1_WP_010803566.1	14.729	602	675	93	129	110	0	36	164	8	136	4.27e-05	54.7
lcl|NC_000962.3_prot_NP_215813.1_1	GCF_013342985.1_WP_174605417.1	45.498	602	420	69	422	218	4	176	591	1	416	0.0	608
lcl|NC_000962.3_prot_NP_215813.1_1	GCF_013201705.1_WP_026805112.1	47.418	602	440	70	426	216	3	170	592	19	439	0.0	608
lcl|NC_000962.3_prot_NP_215813.1_1	GCF_003963515.1_WP_126428894.1	50.360	602	436	69	417	198	3	176	591	1	409	0.0	608
lcl|NC_000962.3_prot_NP_215813.1_1	GCF_003355475.1_WP_115413153.1	46.365	602	700	98	619	303	2	11	600	78	696	0.0	608
lcl|NC_000962.3_prot_NP_215813.1_1	GCF_003355475.1_WP_115413153.1	16.596	602	700	98	235	152	2	31	221	4	238	2.67e-08	65.1
lcl|NC_000962.3_prot_NP_215813.1_1	GCF_002238335.1_WP_094325728.1	46.544	602	430	72	434	223	3	162	592	2	429	0.0	608
lcl|NC_000962.3_prot_NP_215813.1_1	GCF_002157165.1_WP_026436794.1	48.235	602	420	70	425	208	4	176	594	1	419	0.0	608
lcl|NC_000962.3_prot_NP_215813.1_1	GCF_001997295.1_WP_077344241.1	52.415	602	550	93	559	255	2	40	598	1	548	0.0	608
lcl|NC_000962.3_prot_NP_215813.1_1	GCF_001687605.2_WP_068870068.1	46.890	602	427	69	418	212	3	176	591	4	413	0.0	608
lcl|NC_000962.3_prot_NP_215813.1_1	GCF_001465835.2_WP_058384451.1	46.336	602	427	70	423	217	3	176	596	4	418	0.0	608
lcl|NC_000962.3_prot_NP_215813.1_1	GCF_001275365.1_WP_064460795.1	48.357	602	420	70	426	207	5	176	595	1	419	0.0	608
lcl|NC_000962.3_prot_NP_215813.1_1	GCF_900683745.1_WP_008625160.1	34.804	602	672	98	612	373	7	2	593	67	672	0.0	608
lcl|NC_000962.3_prot_NP_215813.1_1	GCF_026547205.1_WP_275422177.1	47.059	602	418	67	408	206	3	184	589	1	400	0.0	608
lcl|NC_000962.3_prot_NP_215813.1_1	GCF_013177675.1_WP_172124614.1	46.188	602	442	73	446	230	4	151	592	2	441	0.0	608
lcl|NC_000962.3_prot_NP_215813.1_1	GCF_003097575.1_WP_108910459.1	45.495	602	440	73	444	232	4	157	596	2	439	0.0	608
lcl|NC_000962.3_prot_NP_215813.1_1	GCF_000025005.1_WP_041424899.1	53.771	602	407	68	411	183	2	184	593	1	405	0.0	608
lcl|NC_000962.3_prot_NP_215813.1_1	GCF_000024345.1_WP_012922633.1	48.304	602	772	99	619	282	4	8	596	151	761	0.0	608
lcl|NC_000962.3_prot_NP_215813.1_1	GCF_000024345.1_WP_012922633.1	15.455	602	772	99	220	186	0	2	221	54	273	3.24e-10	71.2
lcl|NC_000962.3_prot_NP_215813.1_1	GCF_000024345.1_WP_012922633.1	20.000	602	772	99	185	145	1	27	208	20	204	1.51e-08	65.8
lcl|NC_000962.3_prot_NP_215813.1_1	GCF_000021945.1_WP_015942309.1	50.704	602	420	70	426	197	3	176	594	1	420	0.0	608
lcl|NC_000962.3_prot_NP_215813.1_1	GCF_020923435.1_WP_230043659.1	49.417	602	436	71	429	207	4	176	602	1	421	0.0	607
lcl|NC_000962.3_prot_NP_215813.1_1	GCF_018292205.1_WP_005681576.1	35.910	602	732	98	621	357	9	3	593	123	732	0.0	607
lcl|NC_000962.3_prot_NP_215813.1_1	GCF_018292205.1_WP_005681576.1	12.587	602	732	98	143	122	1	36	175	6	148	1.61e-05	56.2
lcl|NC_000962.3_prot_NP_215813.1_1	GCF_017298635.1_WP_206656955.1	46.747	602	418	69	415	212	3	176	589	1	407	0.0	607
lcl|NC_000962.3_prot_NP_215813.1_1	GCF_013201825.1_WP_172658907.1	47.816	602	446	72	435	217	4	162	592	17	445	0.0	607
lcl|NC_000962.3_prot_NP_215813.1_1	GCF_008000835.1_WP_079577987.1	44.568	602	447	74	451	240	4	146	592	2	446	0.0	607
lcl|NC_000962.3_prot_NP_215813.1_1	GCF_006542395.2_WP_141443205.1	46.606	602	436	69	442	206	4	176	593	1	436	0.0	607
lcl|NC_000962.3_prot_NP_215813.1_1	GCF_003346755.1_WP_101183223.1	44.222	602	447	74	450	243	3	146	592	2	446	0.0	607
lcl|NC_000962.3_prot_NP_215813.1_1	GCF_002843135.1_WP_014318941.1	51.077	602	687	99	650	269	7	2	602	36	685	0.0	607
lcl|NC_000962.3_prot_NP_215813.1_1	GCF_002843135.1_WP_014318941.1	16.895	602	687	99	219	168	1	27	231	2	220	1.78e-09	68.9
lcl|NC_000962.3_prot_NP_215813.1_1	GCF_002287505.1_WP_095659769.1	52.885	602	629	96	624	244	4	26	601	2	623	0.0	607
lcl|NC_000962.3_prot_NP_215813.1_1	GCF_002076915.1_WP_080462502.1	47.791	602	651	99	611	301	3	1	596	33	640	0.0	607
lcl|NC_000962.3_prot_NP_215813.1_1	GCF_001687625.2_WP_068464188.1	46.651	602	427	69	418	213	3	176	591	4	413	0.0	607
lcl|NC_000962.3_prot_NP_215813.1_1	GCF_001602095.1_WP_066388784.1	45.497	602	431	71	433	227	3	165	594	4	430	0.0	607
lcl|NC_000962.3_prot_NP_215813.1_1	GCF_001020985.1_WP_047261784.1	52.855	602	659	99	613	270	4	2	595	36	648	0.0	607
lcl|NC_000962.3_prot_NP_215813.1_1	GCF_001020985.1_WP_047261784.1	19.632	602	659	99	163	127	1	27	185	2	164	2.62e-07	62.0
lcl|NC_000962.3_prot_NP_215813.1_1	GCF_000223215.1_WP_014488930.1	45.111	602	499	73	450	235	6	152	593	54	499	0.0	607
lcl|NC_000962.3_prot_NP_215813.1_1	GCF_000217815.1_WP_013932021.1	44.988	602	431	71	429	228	3	165	591	2	424	0.0	607
lcl|NC_000962.3_prot_NP_215813.1_1	GCF_019316905.1_WP_255556301.1	49.749	602	601	94	597	263	4	36	598	6	599	0.0	607
lcl|NC_000962.3_prot_NP_215813.1_1	GCF_017821535.1_WP_164539516.1	45.125	602	438	73	441	233	3	155	592	2	436	0.0	607
lcl|NC_000962.3_prot_NP_215813.1_1	GCF_017792025.1_WP_209366007.1	45.012	602	428	71	431	225	4	175	601	3	425	0.0	607
lcl|NC_000962.3_prot_NP_215813.1_1	GCF_014905135.1_WP_193111441.1	44.420	602	455	75	457	244	4	141	593	3	453	0.0	607
lcl|NC_000962.3_prot_NP_215813.1_1	GCF_014490575.1_WP_151841815.1	55.705	602	610	94	596	234	4	30	596	8	602	0.0	607
lcl|NC_000962.3_prot_NP_215813.1_1	GCF_007748015.1_WP_197996588.1	46.118	602	419	70	425	217	4	176	594	1	419	0.0	607
lcl|NC_000962.3_prot_NP_215813.1_1	GCF_004299785.2_WP_066171994.1	46.050	602	440	73	443	231	3	153	592	2	439	0.0	607
lcl|NC_000962.3_prot_NP_215813.1_1	GCF_003660105.1_WP_105916757.1	44.921	602	440	73	443	236	3	153	592	2	439	0.0	607
lcl|NC_000962.3_prot_NP_215813.1_1	GCF_003544855.1_WP_099310040.1	44.789	602	447	74	451	239	4	146	592	2	446	0.0	607
lcl|NC_000962.3_prot_NP_215813.1_1	GCF_000341345.1_WP_015400646.1	53.236	602	651	99	618	268	5	2	602	33	646	0.0	607
lcl|NC_000962.3_prot_NP_215813.1_1	GCF_000341345.1_WP_015400646.1	19.553	602	651	99	179	141	1	32	207	4	182	3.23e-08	64.7
lcl|NC_000962.3_prot_NP_215813.1_1	GCF_000024885.1_WP_012856246.1	45.814	602	447	71	430	224	3	166	592	23	446	0.0	607
lcl|NC_000962.3_prot_NP_215813.1_1	GCF_000015565.1_WP_011810350.1	47.529	602	420	70	425	211	4	176	594	1	419	0.0	607
lcl|NC_000962.3_prot_NP_215813.1_1	GCF_000015105.1_WP_024792294.1	46.209	602	420	69	422	215	4	176	591	1	416	0.0	607
lcl|NC_000962.3_prot_NP_215813.1_1	GCF_026547225.1_WP_275419200.1	47.304	602	418	67	408	205	3	184	589	1	400	0.0	607
lcl|NC_000962.3_prot_NP_215813.1_1	GCF_023373525.1_WP_249479377.1	45.675	602	704	99	659	294	3	2	596	38	696	0.0	607
lcl|NC_000962.3_prot_NP_215813.1_1	GCF_023373525.1_WP_249479377.1	18.142	602	704	99	226	162	1	27	229	4	229	3.37e-14	83.9
lcl|NC_000962.3_prot_NP_215813.1_1	GCF_006974105.1_WP_142812041.1	48.471	602	420	70	425	207	4	176	594	1	419	0.0	607
lcl|NC_000962.3_prot_NP_215813.1_1	GCF_003544915.1_WP_118916357.1	45.740	602	442	73	446	232	4	151	592	2	441	0.0	607
lcl|NC_000962.3_prot_NP_215813.1_1	GCF_003355515.1_WP_115427767.1	44.921	602	440	73	443	236	3	153	592	2	439	0.0	607
lcl|NC_000962.3_prot_NP_215813.1_1	GCF_001753205.1_WP_075529011.1	45.755	602	427	70	424	220	3	176	597	4	419	0.0	607
lcl|NC_000962.3_prot_NP_215813.1_1	GCF_000304215.1_WP_015022508.1	45.397	602	635	94	630	278	4	32	595	2	631	0.0	607
lcl|NC_000962.3_prot_NP_215813.1_1	GCF_000015125.1_WP_223294326.1	46.948	602	420	69	426	210	5	176	592	1	419	0.0	607
lcl|NC_000962.3_prot_NP_215813.1_1	GCF_020911865.1_WP_229983302.1	37.604	602	625	98	601	360	4	2	593	31	625	0.0	606
lcl|NC_000962.3_prot_NP_215813.1_1	GCF_014262665.1_WP_186276716.1	52.875	602	641	94	626	236	4	30	596	8	633	0.0	606
lcl|NC_000962.3_prot_NP_215813.1_1	GCF_014163495.1_WP_009134860.1	36.755	602	599	93	604	330	9	34	593	4	599	0.0	606
lcl|NC_000962.3_prot_NP_215813.1_1	GCF_012955605.1_WP_170008379.1	45.966	602	427	68	409	211	3	181	587	10	410	0.0	606
lcl|NC_000962.3_prot_NP_215813.1_1	GCF_004114895.1_WP_128890015.1	50.926	602	680	99	648	263	5	2	602	39	678	0.0	606
lcl|NC_000962.3_prot_NP_215813.1_1	GCF_004114895.1_WP_128890015.1	20.588	602	680	99	170	133	1	24	191	2	171	1.37e-12	78.9
lcl|NC_000962.3_prot_NP_215813.1_1	GCF_004102025.1_WP_103063172.1	45.636	602	701	99	653	298	7	1	596	34	686	0.0	606
lcl|NC_000962.3_prot_NP_215813.1_1	GCF_004102025.1_WP_103063172.1	17.391	602	701	99	184	151	1	31	214	5	187	1.31e-07	62.7
lcl|NC_000962.3_prot_NP_215813.1_1	GCF_003346815.1_WP_114838194.1	46.188	602	442	73	446	230	4	151	592	2	441	0.0	606
lcl|NC_000962.3_prot_NP_215813.1_1	GCF_001663175.1_WP_068350187.1	49.180	602	421	69	427	202	5	176	593	1	421	0.0	606
lcl|NC_000962.3_prot_NP_215813.1_1	GCF_001586255.1_WP_008253345.1	48.712	602	422	69	427	204	5	176	593	1	421	0.0	606
lcl|NC_000962.3_prot_NP_215813.1_1	GCF_000024025.1_WP_012785421.1	49.760	602	668	99	625	283	4	1	597	44	665	0.0	606
lcl|NC_000962.3_prot_NP_215813.1_1	GCF_023823125.1_WP_034956512.1	48.712	602	421	69	427	204	5	176	593	1	421	0.0	606
lcl|NC_000962.3_prot_NP_215813.1_1	GCF_018604145.1_WP_214626620.1	47.518	602	448	70	423	213	3	175	596	3	417	0.0	606
lcl|NC_000962.3_prot_NP_215813.1_1	GCF_018127765.1_WP_004383571.1	36.033	602	651	98	605	354	8	2	592	65	650	0.0	606
lcl|NC_000962.3_prot_NP_215813.1_1	GCF_007750395.1_WP_261342279.1	41.564	602	483	80	486	272	4	113	592	2	481	0.0	606
lcl|NC_000962.3_prot_NP_215813.1_1	GCF_003030905.1_WP_233430043.1	45.557	602	659	98	619	309	3	1	591	30	648	0.0	606
lcl|NC_000962.3_prot_NP_215813.1_1	GCF_003030905.1_WP_233430043.1	22.047	602	659	98	127	99	0	32	158	2	128	4.60e-06	57.7
lcl|NC_000962.3_prot_NP_215813.1_1	GCF_001761385.1_WP_066090324.1	48.000	602	420	70	425	209	4	176	594	1	419	0.0	606
lcl|NC_000962.3_prot_NP_215813.1_1	GCF_001688725.2_WP_065539109.1	36.484	602	739	97	603	346	10	8	593	157	739	0.0	606
lcl|NC_000962.3_prot_NP_215813.1_1	GCF_001688725.2_WP_065539109.1	12.162	602	739	97	148	130	0	36	183	6	153	1.34e-07	62.7
lcl|NC_000962.3_prot_NP_215813.1_1	GCF_001687585.2_WP_008496890.1	46.336	602	427	70	423	217	3	176	596	4	418	0.0	606
lcl|NC_000962.3_prot_NP_215813.1_1	GCF_001544015.1_WP_068140099.1	54.545	602	423	69	418	182	3	176	591	1	412	0.0	606
lcl|NC_000962.3_prot_NP_215813.1_1	GCF_000522985.1_WP_104023113.1	49.526	602	425	69	422	203	4	177	594	10	425	0.0	606
lcl|NC_000962.3_prot_NP_215813.1_1	GCF_000215705.1_WP_041675451.1	47.418	602	421	70	426	211	4	176	594	1	420	0.0	606
lcl|NC_000962.3_prot_NP_215813.1_1	GCF_020735865.1_WP_008147345.1	36.195	602	682	97	594	362	6	7	592	97	681	0.0	605
lcl|NC_000962.3_prot_NP_215813.1_1	GCF_020735865.1_WP_008147345.1	11.163	602	682	97	215	180	2	36	241	8	220	1.16e-05	56.6
lcl|NC_000962.3_prot_NP_215813.1_1	GCF_018127825.1_WP_211795640.1	34.733	602	679	98	619	370	6	2	592	66	678	0.0	605
lcl|NC_000962.3_prot_NP_215813.1_1	GCF_014898195.1_WP_033502623.1	43.011	602	687	98	651	311	4	1	591	30	680	0.0	605
lcl|NC_000962.3_prot_NP_215813.1_1	GCF_014898195.1_WP_033502623.1	16.250	602	687	98	160	134	0	32	191	2	161	2.87e-05	55.4
lcl|NC_000962.3_prot_NP_215813.1_1	GCF_013372265.1_WP_024774624.1	46.948	602	440	70	426	218	3	170	592	19	439	0.0	605
lcl|NC_000962.3_prot_NP_215813.1_1	GCF_007747015.1_WP_261337840.1	45.882	602	419	70	425	218	4	176	594	1	419	0.0	605
lcl|NC_000962.3_prot_NP_215813.1_1	GCF_004379295.1_WP_115359922.1	45.755	602	427	70	424	220	3	176	597	4	419	0.0	605
lcl|NC_000962.3_prot_NP_215813.1_1	GCF_001955735.1_WP_075587125.1	47.887	602	421	70	426	209	4	176	594	1	420	0.0	605
lcl|NC_000962.3_prot_NP_215813.1_1	GCF_001955715.1_WP_029705838.1	48.471	602	420	70	425	207	4	176	594	1	419	0.0	605
lcl|NC_000962.3_prot_NP_215813.1_1	GCF_900478035.1_WP_231913608.1	54.257	602	607	93	599	233	5	40	598	1	598	0.0	605
lcl|NC_000962.3_prot_NP_215813.1_1	GCF_028728065.1_WP_274151819.1	47.156	602	430	70	422	214	3	174	592	14	429	0.0	605
lcl|NC_000962.3_prot_NP_215813.1_1	GCF_025144665.1_WP_019245020.1	37.856	602	592	93	597	326	6	34	593	4	592	0.0	605
lcl|NC_000962.3_prot_NP_215813.1_1	GCF_007750855.1_WP_197527505.1	45.626	602	418	69	423	218	4	176	592	1	417	0.0	605
lcl|NC_000962.3_prot_NP_215813.1_1	GCF_004296535.1_WP_130623999.1	46.948	602	420	70	426	213	5	176	594	1	420	0.0	605
lcl|NC_000962.3_prot_NP_215813.1_1	GCF_004296495.1_WP_148708502.1	45.498	602	418	69	422	219	5	176	592	1	416	0.0	605
lcl|NC_000962.3_prot_NP_215813.1_1	GCF_003945325.1_WP_125569982.1	51.652	602	576	93	575	258	2	40	597	1	572	0.0	605
lcl|NC_000962.3_prot_NP_215813.1_1	GCF_003595195.1_WP_119882558.1	45.305	602	427	70	426	223	3	174	597	2	419	0.0	605
lcl|NC_000962.3_prot_NP_215813.1_1	GCF_001956695.1_WP_076088486.1	45.147	602	440	73	443	235	3	153	592	2	439	0.0	605
lcl|NC_000962.3_prot_NP_215813.1_1	GCF_000010405.1_WP_011929829.1	45.735	602	420	69	422	217	4	176	591	1	416	0.0	605
lcl|NC_000962.3_prot_NP_215813.1_1	GCF_028751525.1_WP_274457701.1	47.922	602	412	68	409	204	3	184	591	1	401	0.0	605
lcl|NC_000962.3_prot_NP_215813.1_1	GCF_013201665.1_WP_128359269.1	45.964	602	442	73	446	231	4	151	592	2	441	0.0	605
lcl|NC_000962.3_prot_NP_215813.1_1	GCF_009720525.1_WP_197994024.1	45.882	602	419	70	425	218	4	176	594	1	419	0.0	605
lcl|NC_000962.3_prot_NP_215813.1_1	GCF_008329945.1_WP_149566851.1	38.710	602	583	87	527	311	5	73	593	63	583	0.0	605
lcl|NC_000962.3_prot_NP_215813.1_1	GCF_004353865.1_WP_066151301.1	48.235	602	420	70	425	208	4	176	594	1	419	0.0	605
lcl|NC_000962.3_prot_NP_215813.1_1	GCF_001190745.1_WP_005873347.1	45.254	602	448	75	453	239	3	143	592	1	447	0.0	605
lcl|NC_000962.3_prot_NP_215813.1_1	GCF_000494755.1_WP_023562079.1	55.009	602	733	99	569	244	2	41	597	164	732	0.0	605
lcl|NC_000962.3_prot_NP_215813.1_1	GCF_000494755.1_WP_023562079.1	13.889	602	733	99	216	186	0	1	216	57	272	3.60e-11	74.3
lcl|NC_000962.3_prot_NP_215813.1_1	GCF_000494755.1_WP_023562079.1	16.461	602	733	99	243	165	2	1	208	1	240	5.96e-10	70.5
lcl|NC_000962.3_prot_NP_215813.1_1	GCF_000215085.1_WP_013843655.1	48.694	602	447	70	421	209	2	169	588	2	416	0.0	605
lcl|NC_000962.3_prot_NP_215813.1_1	GCF_009906855.1_WP_160550463.1	47.529	602	420	70	425	211	4	176	594	1	419	0.0	604
lcl|NC_000962.3_prot_NP_215813.1_1	GCF_004367585.1_WP_017382128.1	45.626	602	427	70	423	220	3	176	596	4	418	0.0	604
lcl|NC_000962.3_prot_NP_215813.1_1	GCF_003860565.1_WP_069800053.1	35.158	602	600	93	603	340	6	35	593	5	600	0.0	604
lcl|NC_000962.3_prot_NP_215813.1_1	GCF_002104335.1_WP_027306260.1	45.853	602	430	72	434	226	3	162	592	2	429	0.0	604
lcl|NC_000962.3_prot_NP_215813.1_1	GCF_000767055.1_WP_018022187.1	54.500	602	612	94	600	240	3	36	602	8	607	0.0	604
lcl|NC_000962.3_prot_NP_215813.1_1	GCF_000020645.1_WP_223294012.1	46.479	602	420	69	426	212	5	176	592	1	419	0.0	604
lcl|NC_000962.3_prot_NP_215813.1_1	GCF_000017585.1_WP_012109196.1	46.789	602	431	72	436	223	3	160	592	1	430	0.0	604
lcl|NC_000962.3_prot_NP_215813.1_1	GCF_900638305.1_WP_025838368.1	34.276	602	674	97	601	370	5	11	592	79	673	0.0	604
lcl|NC_000962.3_prot_NP_215813.1_1	GCF_900638305.1_WP_025838368.1	9.877	602	674	97	162	141	1	36	192	9	170	1.41e-06	59.7
lcl|NC_000962.3_prot_NP_215813.1_1	GCF_018141425.1_WP_212692630.1	39.076	602	545	93	563	312	5	41	599	9	544	0.0	604
lcl|NC_000962.3_prot_NP_215813.1_1	GCF_015265475.1_WP_194366209.1	45.374	602	450	75	454	238	4	146	595	3	450	0.0	604
lcl|NC_000962.3_prot_NP_215813.1_1	GCF_007641235.1_WP_144318425.1	52.283	602	643	97	635	250	5	21	602	4	638	0.0	604
lcl|NC_000962.3_prot_NP_215813.1_1	GCF_007301515.1_WP_143896461.1	48.456	602	428	69	421	205	4	175	591	3	415	0.0	604
lcl|NC_000962.3_prot_NP_215813.1_1	GCF_003544815.1_WP_118885428.1	47.319	602	442	71	429	216	4	168	592	19	441	0.0	604
lcl|NC_000962.3_prot_NP_215813.1_1	GCF_000015505.1_WP_011801582.1	48.471	602	420	70	425	207	4	176	594	1	419	0.0	604
lcl|NC_000962.3_prot_NP_215813.1_1	GCF_900604385.1_WP_122120803.1	36.273	602	598	93	601	332	8	35	592	5	597	0.0	603
lcl|NC_000962.3_prot_NP_215813.1_1	GCF_021049285.1_WP_231066567.1	51.765	602	775	100	595	279	3	12	602	185	775	0.0	603
lcl|NC_000962.3_prot_NP_215813.1_1	GCF_021049285.1_WP_231066567.1	11.715	602	775	100	239	190	4	1	224	39	271	8.07e-11	73.1
lcl|NC_000962.3_prot_NP_215813.1_1	GCF_021049285.1_WP_231066567.1	20.270	602	775	100	148	118	0	23	170	2	149	4.43e-10	70.8
lcl|NC_000962.3_prot_NP_215813.1_1	GCF_015711475.1_WP_196716737.1	45.622	602	662	95	651	272	5	28	596	2	652	0.0	603
lcl|NC_000962.3_prot_NP_215813.1_1	GCF_009388985.1_WP_153240127.1	46.838	602	422	69	427	212	5	176	593	1	421	0.0	603
lcl|NC_000962.3_prot_NP_215813.1_1	GCF_002761235.1_WP_099720859.1	45.277	602	651	100	614	324	1	1	602	38	651	0.0	603
lcl|NC_000962.3_prot_NP_215813.1_1	GCF_002761235.1_WP_099720859.1	15.842	602	651	100	202	166	2	34	235	12	209	1.13e-05	56.6
lcl|NC_000962.3_prot_NP_215813.1_1	GCF_000238215.1_WP_041590892.1	33.914	602	658	98	631	369	7	3	592	34	657	0.0	603
lcl|NC_000962.3_prot_NP_215813.1_1	GCF_000238215.1_WP_041590892.1	13.174	602	658	98	167	140	1	36	197	8	174	2.87e-07	61.6
lcl|NC_000962.3_prot_NP_215813.1_1	GCF_000217655.1_WP_013944929.1	45.952	602	519	75	457	236	4	144	595	66	516	0.0	603
lcl|NC_000962.3_prot_NP_215813.1_1	GCF_014069875.1_WP_259365237.1	47.627	602	617	95	611	278	4	27	595	2	612	0.0	603
lcl|NC_000962.3_prot_NP_215813.1_1	GCF_013177655.1_WP_172232933.1	44.053	602	450	75	454	245	3	142	592	2	449	0.0	603
lcl|NC_000962.3_prot_NP_215813.1_1	GCF_004798665.1_WP_136192851.1	45.800	602	675	99	631	303	6	1	596	34	660	0.0	603
lcl|NC_000962.3_prot_NP_215813.1_1	GCF_004798665.1_WP_136192851.1	20.541	602	675	99	185	142	1	32	211	6	190	4.65e-07	61.2
lcl|NC_000962.3_prot_NP_215813.1_1	GCF_004214795.1_WP_130234199.1	47.196	602	441	71	428	218	3	168	592	18	440	0.0	603
lcl|NC_000962.3_prot_NP_215813.1_1	GCF_002290025.1_WP_067480328.1	49.065	602	431	71	428	209	3	176	601	5	425	0.0	603
lcl|NC_000962.3_prot_NP_215813.1_1	GCF_001866075.3_WP_071319008.1	45.775	602	423	70	426	221	3	177	600	4	421	0.0	603
lcl|NC_000962.3_prot_NP_215813.1_1	GCF_000190435.1_WP_013608448.1	35.993	602	645	99	614	368	6	2	596	32	639	0.0	603
lcl|NC_000962.3_prot_NP_215813.1_1	GCF_000092965.1_WP_013149616.1	41.472	602	508	92	557	263	5	36	591	7	501	0.0	603
lcl|NC_000962.3_prot_NP_215813.1_1	GCF_015265455.1_WP_194370730.1	45.374	602	450	75	454	238	4	146	595	3	450	0.0	603
lcl|NC_000962.3_prot_NP_215813.1_1	GCF_014905095.1_WP_193113087.1	45.333	602	448	74	450	236	4	148	593	3	446	0.0	603
lcl|NC_000962.3_prot_NP_215813.1_1	GCF_012584515.1_WP_168922417.1	48.706	602	420	70	425	206	4	176	594	1	419	0.0	603
lcl|NC_000962.3_prot_NP_215813.1_1	GCF_011388215.1_WP_166226672.1	46.948	602	421	70	426	213	4	176	594	1	420	0.0	603
lcl|NC_000962.3_prot_NP_215813.1_1	GCF_002844395.1_WP_101298645.1	43.762	602	631	86	521	271	4	73	592	126	625	0.0	603
lcl|NC_000962.3_prot_NP_215813.1_1	GCF_002007645.1_WP_205848054.1	47.529	602	420	70	425	212	4	176	595	1	419	0.0	603
lcl|NC_000962.3_prot_NP_215813.1_1	GCF_001262015.1_WP_025079075.1	35.667	602	652	98	600	364	8	2	592	65	651	0.0	603
lcl|NC_000962.3_prot_NP_215813.1_1	GCF_000143725.1_WP_013243944.1	43.573	602	490	75	459	246	6	144	593	36	490	0.0	603
lcl|NC_000962.3_prot_NP_215813.1_1	GCF_907163105.1_WP_213197005.1	35.548	602	600	93	602	339	5	35	593	5	600	0.0	602
lcl|NC_000962.3_prot_NP_215813.1_1	GCF_900637955.1_WP_126417296.1	49.013	602	549	92	557	271	3	40	595	1	545	0.0	602
lcl|NC_000962.3_prot_NP_215813.1_1	GCF_016406105.1_WP_198827827.1	48.931	602	426	70	421	206	3	176	595	1	413	0.0	602
lcl|NC_000962.3_prot_NP_215813.1_1	GCF_000477435.1_WP_022771964.1	48.122	602	420	70	426	209	4	176	595	1	420	0.0	602
lcl|NC_000962.3_prot_NP_215813.1_1	GCF_000185805.1_WP_013537197.1	50.000	602	423	70	424	201	5	173	592	6	422	0.0	602
lcl|NC_000962.3_prot_NP_215813.1_1	GCF_000177235.2_WP_041809232.1	45.047	602	424	70	424	223	3	177	598	4	419	0.0	602
lcl|NC_000962.3_prot_NP_215813.1_1	GCF_022701015.1_WP_063228969.1	48.471	602	426	70	425	210	3	176	599	1	417	0.0	602
lcl|NC_000962.3_prot_NP_215813.1_1	GCF_020809405.1_WP_074919770.1	39.177	602	529	93	559	308	4	35	592	2	529	0.0	602
lcl|NC_000962.3_prot_NP_215813.1_1	GCF_013184985.2_WP_172119681.1	48.460	602	663	99	617	293	5	2	596	35	648	0.0	602
lcl|NC_000962.3_prot_NP_215813.1_1	GCF_013184985.2_WP_172119681.1	21.500	602	663	99	200	157	0	28	227	2	201	5.59e-11	73.5
lcl|NC_000962.3_prot_NP_215813.1_1	GCF_012277315.1_WP_168455357.1	41.949	602	471	76	472	256	5	133	592	5	470	0.0	602
lcl|NC_000962.3_prot_NP_215813.1_1	GCF_009650095.1_WP_100358950.1	46.411	602	428	69	418	212	4	175	588	3	412	0.0	602
lcl|NC_000962.3_prot_NP_215813.1_1	GCF_007751035.1_WP_261345006.1	39.165	602	500	83	503	294	4	96	592	2	498	0.0	602
lcl|NC_000962.3_prot_NP_215813.1_1	GCF_004353525.1_WP_227762597.1	49.176	602	419	70	425	207	3	176	597	1	419	0.0	602
lcl|NC_000962.3_prot_NP_215813.1_1	GCF_001663155.1_WP_067596858.1	49.180	602	421	69	427	202	5	176	593	1	421	0.0	602
lcl|NC_000962.3_prot_NP_215813.1_1	GCF_001590685.1_WP_067213165.1	45.519	602	427	70	424	221	3	176	597	4	419	0.0	602
lcl|NC_000962.3_prot_NP_215813.1_1	GCF_000307165.1_WP_015010781.1	47.482	602	426	69	417	207	4	175	587	3	411	0.0	602
lcl|NC_000962.3_prot_NP_215813.1_1	GCF_000025645.1_WP_012994296.1	41.293	602	508	92	557	264	5	36	591	7	501	0.0	602
lcl|NC_000962.3_prot_NP_215813.1_1	GCF_008838325.1_WP_225734740.1	51.059	602	421	69	425	195	3	176	593	1	419	0.0	602
lcl|NC_000962.3_prot_NP_215813.1_1	GCF_003628755.1_WP_082771206.1	40.966	602	533	92	559	277	5	37	592	6	514	0.0	602
lcl|NC_000962.3_prot_NP_215813.1_1	GCF_003008535.1_WP_106704166.1	47.418	602	421	70	426	211	4	176	594	1	420	0.0	602
lcl|NC_000962.3_prot_NP_215813.1_1	GCF_002777255.1_WP_148135263.1	49.161	602	417	69	417	205	2	176	591	1	411	0.0	602
lcl|NC_000962.3_prot_NP_215813.1_1	GCF_002370195.2_WP_016837260.1	45.863	602	425	70	423	219	3	176	596	3	417	0.0	602
lcl|NC_000962.3_prot_NP_215813.1_1	GCF_002277935.1_WP_005875733.1	49.165	602	431	69	419	204	3	176	592	5	416	0.0	602
lcl|NC_000962.3_prot_NP_215813.1_1	GCF_001955695.1_WP_076200273.1	47.765	602	420	70	425	210	4	176	594	1	419	0.0	602
lcl|NC_000962.3_prot_NP_215813.1_1	GCF_000025185.1_WP_236262088.1	45.154	602	419	69	423	220	4	176	592	1	417	0.0	602
lcl|NC_000962.3_prot_NP_215813.1_1	GCF_000006605.1_WP_011273828.1	57.539	602	592	94	577	235	3	30	596	8	584	0.0	602
lcl|NC_000962.3_prot_NP_215813.1_1	GCF_900659885.1_WP_256094463.1	49.917	602	607	94	603	259	3	36	598	6	605	0.0	601
lcl|NC_000962.3_prot_NP_215813.1_1	GCF_004117055.1_WP_005827812.1	48.706	602	426	70	425	209	3	176	599	1	417	0.0	601
lcl|NC_000962.3_prot_NP_215813.1_1	GCF_001865765.1_WP_013241693.1	48.449	602	714	99	677	273	6	2	602	36	712	0.0	601
lcl|NC_000962.3_prot_NP_215813.1_1	GCF_001865765.1_WP_013241693.1	14.286	602	714	99	189	161	1	27	214	2	190	5.96e-09	67.4
lcl|NC_000962.3_prot_NP_215813.1_1	GCF_000011245.1_WP_011067397.1	43.750	602	426	71	432	231	4	174	601	2	425	0.0	601
lcl|NC_000962.3_prot_NP_215813.1_1	GCF_013374215.1_WP_034376898.1	44.725	602	432	72	436	232	3	163	595	3	432	0.0	601
lcl|NC_000962.3_prot_NP_215813.1_1	GCF_003711105.1_WP_122981075.1	49.923	602	702	99	647	272	4	1	597	57	701	0.0	601
lcl|NC_000962.3_prot_NP_215813.1_1	GCF_003711105.1_WP_122981075.1	24.519	602	702	99	208	154	1	1	208	1	205	2.05e-10	72.0
lcl|NC_000962.3_prot_NP_215813.1_1	GCF_002162115.2_WP_087453794.1	47.353	602	717	99	680	279	6	2	602	36	715	0.0	601
lcl|NC_000962.3_prot_NP_215813.1_1	GCF_002162115.2_WP_087453794.1	17.730	602	717	99	141	116	0	27	167	2	142	1.65e-07	62.7
lcl|NC_000962.3_prot_NP_215813.1_1	GCF_001870205.1_WP_071456602.1	48.571	602	423	69	420	207	3	173	590	2	414	0.0	601
lcl|NC_000962.3_prot_NP_215813.1_1	GCF_000306885.1_WP_014869154.1	41.314	602	471	76	472	259	5	133	592	5	470	0.0	601
lcl|NC_000962.3_prot_NP_215813.1_1	GCF_000191045.1_WP_244829582.1	50.119	602	415	69	421	199	5	176	592	1	414	0.0	601
lcl|NC_000962.3_prot_NP_215813.1_1	GCF_000025885.1_WP_041459654.1	50.000	602	436	70	422	204	2	172	592	19	434	0.0	601
lcl|NC_000962.3_prot_NP_215813.1_1	GCF_000023325.1_WP_237697563.1	47.494	602	420	69	419	211	3	176	591	1	413	0.0	601
lcl|NC_000962.3_prot_NP_215813.1_1	GCF_000020145.1_WP_041691396.1	50.358	602	418	69	419	199	3	176	591	1	413	0.0	601
lcl|NC_000962.3_prot_NP_215813.1_1	GCF_021049245.1_WP_231094612.1	47.743	602	428	69	421	208	4	175	591	3	415	0.0	600
lcl|NC_000962.3_prot_NP_215813.1_1	GCF_020097615.1_WP_224207496.1	55.444	602	612	94	597	236	3	30	596	8	604	0.0	600
lcl|NC_000962.3_prot_NP_215813.1_1	GCF_019039255.1_WP_216942334.1	50.831	602	691	98	602	283	3	11	602	93	691	0.0	600
lcl|NC_000962.3_prot_NP_215813.1_1	GCF_019039255.1_WP_216942334.1	16.374	602	691	98	171	138	1	40	205	1	171	2.13e-07	62.4
lcl|NC_000962.3_prot_NP_215813.1_1	GCF_009936215.1_WP_161847211.1	48.605	602	440	71	430	214	2	164	592	10	433	0.0	600
lcl|NC_000962.3_prot_NP_215813.1_1	GCF_009931695.1_WP_161836723.1	38.977	602	546	93	567	316	5	34	595	2	543	0.0	600
lcl|NC_000962.3_prot_NP_215813.1_1	GCF_004208415.1_WP_129891560.1	50.117	602	422	70	427	200	3	176	595	1	421	0.0	600
lcl|NC_000962.3_prot_NP_215813.1_1	GCF_002216775.1_WP_089061325.1	45.131	602	426	69	421	219	4	175	591	3	415	0.0	600
lcl|NC_000962.3_prot_NP_215813.1_1	GCF_001983935.1_WP_257787814.1	46.682	602	422	69	422	213	4	177	592	5	420	0.0	600
lcl|NC_000962.3_prot_NP_215813.1_1	GCF_000013025.1_WP_198022876.1	48.578	602	425	69	422	205	4	177	592	9	424	0.0	600
lcl|NC_000962.3_prot_NP_215813.1_1	GCF_028743495.1_WP_144089049.1	45.902	602	424	70	427	219	4	176	598	5	423	0.0	600
lcl|NC_000962.3_prot_NP_215813.1_1	GCF_003952265.1_WP_126040202.1	46.557	602	650	99	610	310	2	2	595	36	645	0.0	600
lcl|NC_000962.3_prot_NP_215813.1_1	GCF_003544835.1_WP_066160146.1	45.372	602	440	73	443	234	3	153	592	2	439	0.0	600
lcl|NC_000962.3_prot_NP_215813.1_1	GCF_002081995.1_WP_029053464.1	45.647	602	426	70	425	221	3	176	598	4	420	0.0	600
lcl|NC_000962.3_prot_NP_215813.1_1	GCF_001999905.1_WP_077590181.1	47.129	602	427	69	418	211	3	176	591	4	413	0.0	600
lcl|NC_000962.3_prot_NP_215813.1_1	GCF_001856695.1_WP_003440721.1	39.016	602	570	93	569	328	6	36	593	5	565	0.0	600
lcl|NC_000962.3_prot_NP_215813.1_1	GCF_001302565.1_WP_060701284.1	42.351	602	752	99	706	299	4	1	598	46	751	0.0	600
lcl|NC_000962.3_prot_NP_215813.1_1	GCF_001302565.1_WP_060701284.1	13.750	602	752	99	160	129	1	27	177	13	172	3.28e-05	55.0
lcl|NC_000962.3_prot_NP_215813.1_1	GCF_002813755.1_WP_071867009.1	50.120	602	431	69	415	198	3	176	588	5	412	0.0	600
lcl|NC_000962.3_prot_NP_215813.1_1	GCF_001596155.1_WP_068342088.1	35.427	602	752	98	621	362	5	5	592	137	751	0.0	600
lcl|NC_000962.3_prot_NP_215813.1_1	GCF_000023845.1_WP_012803314.1	43.238	602	638	93	562	310	4	43	602	80	634	0.0	600
lcl|NC_000962.3_prot_NP_215813.1_1	GCF_000019085.1_WP_009051987.1	42.011	602	508	92	557	260	4	36	591	7	501	0.0	600
lcl|NC_000962.3_prot_NP_215813.1_1	GCF_900637055.1_WP_017252384.1	48.000	602	426	70	425	212	3	176	599	1	417	0.0	599
lcl|NC_000962.3_prot_NP_215813.1_1	GCF_013177295.1_WP_235904915.1	46.452	602	663	99	620	309	3	1	597	33	652	0.0	599
lcl|NC_000962.3_prot_NP_215813.1_1	GCF_008843165.1_WP_158060211.1	43.695	602	720	100	682	304	5	1	602	38	719	0.0	599
lcl|NC_000962.3_prot_NP_215813.1_1	GCF_008843165.1_WP_158060211.1	15.816	602	720	100	196	159	1	24	213	2	197	1.58e-06	59.3
lcl|NC_000962.3_prot_NP_215813.1_1	GCF_008254045.1_WP_261368427.1	50.118	602	419	69	423	197	5	178	592	1	417	0.0	599
lcl|NC_000962.3_prot_NP_215813.1_1	GCF_003574965.1_WP_119446186.1	37.671	602	707	96	584	345	5	15	592	136	706	0.0	599
lcl|NC_000962.3_prot_NP_215813.1_1	GCF_000147695.2_WP_003868952.1	42.190	602	508	92	557	259	4	36	591	7	501	0.0	599
lcl|NC_000962.3_prot_NP_215813.1_1	GCF_025999835.1_WP_264842414.1	52.899	602	416	69	414	188	2	176	588	1	408	0.0	599
lcl|NC_000962.3_prot_NP_215813.1_1	GCF_009734005.1_WP_002290332.1	49.403	602	431	69	419	203	3	176	592	5	416	0.0	599
lcl|NC_000962.3_prot_NP_215813.1_1	GCF_001307805.1_WP_068446825.1	46.081	602	426	69	421	215	4	175	591	3	415	0.0	599
lcl|NC_000962.3_prot_NP_215813.1_1	GCF_000010505.1_WP_012458421.1	35.182	602	658	98	631	363	8	1	591	32	656	0.0	599
lcl|NC_000962.3_prot_NP_215813.1_1	GCF_000010505.1_WP_012458421.1	18.644	602	658	98	118	96	0	36	153	8	125	2.98e-08	65.1
lcl|NC_000962.3_prot_NP_215813.1_1	GCF_009905215.1_WP_269844997.1	48.104	602	418	70	422	210	3	174	592	2	417	0.0	598
lcl|NC_000962.3_prot_NP_215813.1_1	GCF_007752345.1_WP_261342220.1	47.754	602	419	69	423	209	4	176	592	1	417	0.0	598
lcl|NC_000962.3_prot_NP_215813.1_1	GCF_002224365.1_WP_089530617.1	45.368	602	426	69	421	218	4	175	591	3	415	0.0	598
lcl|NC_000962.3_prot_NP_215813.1_1	GCF_000829315.1_WP_041046262.1	42.161	602	471	76	472	255	5	133	592	5	470	0.0	598
lcl|NC_000962.3_prot_NP_215813.1_1	GCF_000177535.2_WP_042379350.1	52.265	602	657	99	618	278	3	2	602	39	656	0.0	598
lcl|NC_000962.3_prot_NP_215813.1_1	GCF_000177535.2_WP_042379350.1	21.154	602	657	99	156	123	0	30	185	8	163	3.45e-08	64.7
lcl|NC_000962.3_prot_NP_215813.1_1	GCF_000157355.2_WP_005228301.1	50.600	602	431	69	417	197	3	176	590	5	414	0.0	598
lcl|NC_000962.3_prot_NP_215813.1_1	GCF_000008385.1_WP_011256726.1	42.637	602	471	74	455	243	5	150	592	22	470	0.0	598
lcl|NC_000962.3_prot_NP_215813.1_1	GCF_900638245.1_WP_039349755.1	35.048	602	646	98	622	368	5	2	593	31	646	0.0	598
lcl|NC_000962.3_prot_NP_215813.1_1	GCF_015482585.1_WP_239674557.1	46.283	602	431	69	417	214	3	175	589	3	411	0.0	598
lcl|NC_000962.3_prot_NP_215813.1_1	GCF_015097275.1_WP_200755436.1	35.775	602	705	97	587	359	7	12	592	130	704	0.0	598
lcl|NC_000962.3_prot_NP_215813.1_1	GCF_015097275.1_WP_200755436.1	12.717	602	705	97	173	137	1	36	194	6	178	2.27e-06	58.9
lcl|NC_000962.3_prot_NP_215813.1_1	GCF_014127485.1_WP_182523843.1	48.254	602	675	100	630	295	3	1	602	49	675	0.0	598
lcl|NC_000962.3_prot_NP_215813.1_1	GCF_014127485.1_WP_182523843.1	17.365	602	675	100	167	138	0	18	184	7	173	1.97e-13	81.6
lcl|NC_000962.3_prot_NP_215813.1_1	GCF_012030695.1_WP_167895776.1	42.637	602	471	74	455	243	5	150	592	22	470	0.0	598
lcl|NC_000962.3_prot_NP_215813.1_1	GCF_009258225.1_WP_152307707.1	45.275	602	451	75	455	239	4	144	594	3	451	0.0	598
lcl|NC_000962.3_prot_NP_215813.1_1	GCF_008973485.1_WP_151698868.1	46.301	602	427	69	419	215	3	175	591	3	413	0.0	598
lcl|NC_000962.3_prot_NP_215813.1_1	GCF_003352005.1_WP_114917930.1	45.714	602	426	69	420	216	4	176	591	4	415	0.0	598
lcl|NC_000962.3_prot_NP_215813.1_1	GCF_002197645.1_WP_088269222.1	48.077	602	430	69	416	207	3	176	589	5	413	0.0	598
lcl|NC_000962.3_prot_NP_215813.1_1	GCF_001953955.1_WP_028905218.1	33.871	602	679	98	620	374	8	2	592	66	678	0.0	598
lcl|NC_000962.3_prot_NP_215813.1_1	GCF_000200595.1_WP_013469104.1	43.508	602	433	72	439	239	3	160	595	1	433	0.0	598
lcl|NC_000962.3_prot_NP_215813.1_1	GCF_028609865.1_WP_042406491.1	54.817	602	612	95	602	242	5	27	598	2	603	0.0	598
lcl|NC_000962.3_prot_NP_215813.1_1	GCF_016127955.1_WP_141406713.1	44.240	602	694	99	651	309	6	1	597	34	684	0.0	598
lcl|NC_000962.3_prot_NP_215813.1_1	GCF_016127955.1_WP_141406713.1	20.000	602	694	99	175	138	1	28	200	2	176	4.26e-06	58.1
lcl|NC_000962.3_prot_NP_215813.1_1	GCF_001941445.1_WP_245797322.1	51.948	602	642	99	616	273	4	2	594	14	629	0.0	598
lcl|NC_000962.3_prot_NP_215813.1_1	GCF_001643775.1_WP_066663083.1	41.724	602	573	96	580	324	5	25	602	2	569	0.0	598
lcl|NC_000962.3_prot_NP_215813.1_1	GCF_020519665.1_WP_226516047.1	44.941	602	424	70	425	224	3	177	599	4	420	0.0	597
lcl|NC_000962.3_prot_NP_215813.1_1	GCF_018885085.1_WP_003437851.1	39.177	602	534	93	559	299	4	35	592	14	532	0.0	597
lcl|NC_000962.3_prot_NP_215813.1_1	GCF_018141445.1_WP_212697400.1	39.474	602	552	94	570	321	5	34	599	2	551	0.0	597
lcl|NC_000962.3_prot_NP_215813.1_1	GCF_011038655.2_WP_165009071.1	50.553	602	639	96	633	255	4	28	602	2	634	0.0	597
lcl|NC_000962.3_prot_NP_215813.1_1	GCF_009177095.1_WP_198421912.1	44.917	602	418	69	423	221	4	176	592	1	417	0.0	597
lcl|NC_000962.3_prot_NP_215813.1_1	GCF_001027025.1_WP_218916096.1	49.165	602	420	69	419	204	3	176	591	1	413	0.0	597
lcl|NC_000962.3_prot_NP_215813.1_1	GCF_000328625.1_WP_015328069.1	48.325	602	416	69	418	209	2	176	592	1	412	0.0	597
lcl|NC_000962.3_prot_NP_215813.1_1	GCF_900474605.1_WP_016251718.1	49.881	602	437	69	419	201	3	176	592	5	416	0.0	597
lcl|NC_000962.3_prot_NP_215813.1_1	GCF_023516435.1_WP_249773749.1	48.640	602	761	99	625	287	4	4	597	136	757	0.0	597
lcl|NC_000962.3_prot_NP_215813.1_1	GCF_023516435.1_WP_249773749.1	14.932	602	761	99	221	185	1	1	221	55	272	5.50e-11	73.9
lcl|NC_000962.3_prot_NP_215813.1_1	GCF_023516435.1_WP_249773749.1	21.145	602	761	99	227	168	4	1	222	1	221	4.01e-07	61.2
lcl|NC_000962.3_prot_NP_215813.1_1	GCF_013365435.1_WP_175838316.1	42.418	602	471	74	455	244	5	150	592	22	470	0.0	597
lcl|NC_000962.3_prot_NP_215813.1_1	GCF_003268595.1_WP_112182214.1	45.581	602	427	71	430	222	4	174	599	2	423	0.0	597
lcl|NC_000962.3_prot_NP_215813.1_1	GCF_002278015.2_WP_094940532.1	48.364	602	431	71	428	212	3	176	601	5	425	0.0	597
lcl|NC_000962.3_prot_NP_215813.1_1	GCF_019884785.1_WP_223038006.1	43.668	602	462	70	458	217	3	169	591	7	458	0.0	597
lcl|NC_000962.3_prot_NP_215813.1_1	GCF_014898175.1_WP_072724641.1	43.944	602	675	99	644	318	3	1	601	30	673	0.0	597
lcl|NC_000962.3_prot_NP_215813.1_1	GCF_014898175.1_WP_072724641.1	18.325	602	675	99	191	150	2	32	216	2	192	3.06e-08	65.1
lcl|NC_000962.3_prot_NP_215813.1_1	GCF_002216795.1_WP_089064071.1	43.956	602	672	99	637	309	3	2	596	34	664	0.0	597
lcl|NC_000962.3_prot_NP_215813.1_1	GCF_002216795.1_WP_089064071.1	17.801	602	672	99	191	153	1	31	221	4	190	8.53e-10	69.7
lcl|NC_000962.3_prot_NP_215813.1_1	GCF_000092105.1_WP_261340090.1	47.754	602	419	69	423	209	4	176	592	1	417	0.0	597
lcl|NC_000962.3_prot_NP_215813.1_1	GCF_900187315.1_WP_011703229.1	47.381	602	423	69	420	208	4	181	593	9	422	0.0	596
lcl|NC_000962.3_prot_NP_215813.1_1	GCF_022539405.1_WP_241079110.1	45.346	602	414	69	419	222	2	176	593	1	413	0.0	596
lcl|NC_000962.3_prot_NP_215813.1_1	GCF_020923495.1_WP_171564060.1	50.242	602	424	69	414	197	3	176	588	1	406	0.0	596
lcl|NC_000962.3_prot_NP_215813.1_1	GCF_009648575.1_WP_003772265.1	47.381	602	423	69	420	208	4	181	593	9	422	0.0	596
lcl|NC_000962.3_prot_NP_215813.1_1	GCF_007475525.1_WP_200885774.1	47.619	602	417	69	420	211	3	176	592	1	414	0.0	596
lcl|NC_000962.3_prot_NP_215813.1_1	GCF_000196035.1_NP_466074.1	47.143	602	423	69	420	209	4	181	593	9	422	0.0	596
lcl|NC_000962.3_prot_NP_215813.1_1	GCF_003795125.1_WP_123934006.1	48.926	602	431	69	419	205	3	176	592	5	416	0.0	595
lcl|NC_000962.3_prot_NP_215813.1_1	GCF_000144645.1_WP_245523156.1	52.088	602	411	67	407	188	2	186	591	1	401	0.0	595
lcl|NC_000962.3_prot_NP_215813.1_1	GCF_014218335.1_WP_184095291.1	38.055	602	584	93	586	333	6	34	595	2	581	0.0	595
lcl|NC_000962.3_prot_NP_215813.1_1	GCF_001941505.1_WP_075691646.1	54.664	602	630	100	611	245	3	1	602	38	625	0.0	595
lcl|NC_000962.3_prot_NP_215813.1_1	GCF_000146025.2_WP_095558968.1	50.000	602	423	69	420	201	4	176	591	1	415	0.0	595
lcl|NC_000962.3_prot_NP_215813.1_1	GCF_000022905.1_WP_010187087.1	52.188	602	646	96	640	242	4	27	602	2	641	0.0	595
lcl|NC_000962.3_prot_NP_215813.1_1	GCF_000020005.1_WP_012449254.1	44.928	602	414	69	414	221	2	176	588	1	408	0.0	595
lcl|NC_000962.3_prot_NP_215813.1_1	GCF_026871175.1_WP_036089624.1	46.118	602	423	70	425	220	3	174	595	2	420	0.0	595
lcl|NC_000962.3_prot_NP_215813.1_1	GCF_017751145.1_WP_164522109.1	47.857	602	417	69	420	211	2	176	593	1	414	0.0	595
lcl|NC_000962.3_prot_NP_215813.1_1	GCF_014522205.1_WP_187975790.1	56.260	602	620	93	599	225	3	37	598	13	611	0.0	595
lcl|NC_000962.3_prot_NP_215813.1_1	GCF_007747655.1_WP_145097205.1	39.641	602	505	82	502	291	4	97	592	8	503	0.0	595
lcl|NC_000962.3_prot_NP_215813.1_1	GCF_006740705.1_WP_142090182.1	46.778	602	431	69	419	213	3	175	591	2	412	0.0	595
lcl|NC_000962.3_prot_NP_215813.1_1	GCF_002849835.1_WP_077706430.1	44.893	602	427	69	421	220	4	175	591	3	415	0.0	595
lcl|NC_000962.3_prot_NP_215813.1_1	GCF_001025155.1_WP_033509121.1	45.440	602	654	98	614	310	4	1	591	30	641	0.0	595
lcl|NC_000962.3_prot_NP_215813.1_1	GCF_001025155.1_WP_033509121.1	18.235	602	654	98	170	137	1	32	199	2	171	3.56e-08	64.7
lcl|NC_000962.3_prot_NP_215813.1_1	GCF_947251615.1_WP_265034621.1	41.026	602	467	76	468	259	5	136	592	5	466	0.0	594
lcl|NC_000962.3_prot_NP_215813.1_1	GCF_026015925.1_WP_265014288.1	40.812	602	467	76	468	260	5	136	592	5	466	0.0	594
lcl|NC_000962.3_prot_NP_215813.1_1	GCF_018075365.1_WP_050351168.1	45.131	602	427	69	421	219	4	175	591	3	415	0.0	594
lcl|NC_000962.3_prot_NP_215813.1_1	GCF_016127855.1_WP_003782964.1	44.613	602	702	99	659	303	5	1	597	34	692	0.0	594
lcl|NC_000962.3_prot_NP_215813.1_1	GCF_016127855.1_WP_003782964.1	21.910	602	702	99	178	139	0	28	205	2	179	3.82e-07	61.2
lcl|NC_000962.3_prot_NP_215813.1_1	GCF_014489575.1_WP_226966122.1	47.517	602	633	99	604	307	2	1	597	30	630	0.0	594
lcl|NC_000962.3_prot_NP_215813.1_1	GCF_014489575.1_WP_226966122.1	22.308	602	633	99	130	101	0	32	161	2	131	3.27e-06	58.1
lcl|NC_000962.3_prot_NP_215813.1_1	GCF_012277295.1_WP_168464548.1	42.275	602	472	76	466	252	5	138	592	10	469	0.0	594
lcl|NC_000962.3_prot_NP_215813.1_1	GCF_003795145.1_WP_124006082.1	48.558	602	431	69	416	205	3	176	589	5	413	0.0	594
lcl|NC_000962.3_prot_NP_215813.1_1	GCF_003149515.1_WP_109656413.1	35.806	602	752	97	620	355	7	8	592	140	751	0.0	594
lcl|NC_000962.3_prot_NP_215813.1_1	GCF_022845715.1_WP_244412101.1	42.906	602	643	96	585	318	6	19	594	60	637	0.0	594
lcl|NC_000962.3_prot_NP_215813.1_1	GCF_015169395.1_WP_206293377.1	37.655	602	615	93	563	342	3	33	592	57	613	0.0	594
lcl|NC_000962.3_prot_NP_215813.1_1	GCF_013365475.1_WP_175814304.1	43.908	602	471	70	435	226	5	170	592	42	470	0.0	594
lcl|NC_000962.3_prot_NP_215813.1_1	GCF_006542665.1_WP_141413239.1	37.234	602	531	93	564	310	8	36	593	6	531	0.0	594
lcl|NC_000962.3_prot_NP_215813.1_1	GCF_002407185.1_WP_218192307.1	43.349	602	674	99	639	312	4	2	596	34	666	0.0	594
lcl|NC_000962.3_prot_NP_215813.1_1	GCF_002407185.1_WP_218192307.1	20.942	602	674	99	191	149	1	31	221	4	192	6.02e-12	76.6
lcl|NC_000962.3_prot_NP_215813.1_1	GCF_000828655.1_WP_041076717.1	44.289	602	431	71	429	231	3	165	591	2	424	0.0	594
lcl|NC_000962.3_prot_NP_215813.1_1	GCF_000576555.1_WP_044002975.1	41.573	602	742	88	534	298	4	63	592	218	741	0.0	594
lcl|NC_000962.3_prot_NP_215813.1_1	GCF_000018865.1_WP_012256183.1	48.000	602	444	70	450	197	4	176	594	1	444	0.0	594
lcl|NC_000962.3_prot_NP_215813.1_1	GCF_947251595.1_WP_265024454.1	40.812	602	467	76	468	260	5	136	592	5	466	0.0	593
lcl|NC_000962.3_prot_NP_215813.1_1	GCF_028609845.1_WP_112769224.1	54.785	602	621	94	606	234	4	31	596	9	614	0.0	593
lcl|NC_000962.3_prot_NP_215813.1_1	GCF_024804185.1_WP_096616069.1	41.239	602	467	76	468	258	5	136	592	5	466	0.0	593
lcl|NC_000962.3_prot_NP_215813.1_1	GCF_016495865.1_WP_200086254.1	47.017	602	432	69	419	212	3	175	591	3	413	0.0	593
lcl|NC_000962.3_prot_NP_215813.1_1	GCF_011038645.2_WP_165002139.1	50.000	602	661	99	624	280	6	2	601	40	655	0.0	593
lcl|NC_000962.3_prot_NP_215813.1_1	GCF_011038645.2_WP_165002139.1	20.000	602	661	99	170	129	1	28	190	7	176	1.55e-05	56.2
lcl|NC_000962.3_prot_NP_215813.1_1	GCF_003015145.1_WP_234352510.1	43.578	602	441	71	436	230	5	168	593	12	441	0.0	593
lcl|NC_000962.3_prot_NP_215813.1_1	GCF_001021065.1_WP_047259383.1	55.826	602	527	95	575	194	4	32	602	4	522	0.0	593
lcl|NC_000962.3_prot_NP_215813.1_1	GCF_000027145.1_WP_012986456.1	47.143	602	423	69	420	209	4	181	593	9	422	0.0	593
lcl|NC_000962.3_prot_NP_215813.1_1	GCF_000019665.1_WP_202943648.1	46.667	602	417	69	420	215	3	176	592	1	414	0.0	593
lcl|NC_000962.3_prot_NP_215813.1_1	GCF_027625995.1_WP_270125613.1	40.637	602	748	88	534	298	4	63	592	229	747	0.0	593
lcl|NC_000962.3_prot_NP_215813.1_1	GCF_000763515.1_WP_014093761.1	47.381	602	423	69	420	208	4	181	593	9	422	0.0	593
lcl|NC_000962.3_prot_NP_215813.1_1	GCF_000504105.1_WP_031503197.1	45.221	602	431	71	429	227	3	165	591	2	424	0.0	593
lcl|NC_000962.3_prot_NP_215813.1_1	GCF_000165465.1_WP_245528303.1	50.500	602	398	66	400	190	2	196	593	1	394	0.0	593
lcl|NC_000962.3_prot_NP_215813.1_1	GCF_000024905.1_WP_012869994.1	46.739	602	457	76	460	238	2	134	592	2	455	0.0	593
lcl|NC_000962.3_prot_NP_215813.1_1	GCF_947251795.1_WP_265015515.1	41.026	602	467	76	468	259	5	136	592	5	466	0.0	593
lcl|NC_000962.3_prot_NP_215813.1_1	GCF_947250735.1_WP_264732459.1	41.026	602	467	76	468	259	5	136	592	5	466	0.0	593
lcl|NC_000962.3_prot_NP_215813.1_1	GCF_947250715.1_WP_264328936.1	41.026	602	467	76	468	259	5	136	592	5	466	0.0	593
lcl|NC_000962.3_prot_NP_215813.1_1	GCF_936270145.1_WP_250295935.1	41.026	602	467	76	468	259	5	136	592	5	466	0.0	593
lcl|NC_000962.3_prot_NP_215813.1_1	GCF_013365495.1_WP_175809420.1	42.634	602	471	72	448	239	5	157	592	29	470	0.0	593
lcl|NC_000962.3_prot_NP_215813.1_1	GCF_007741515.1_WP_145060854.1	40.084	602	492	79	479	275	4	120	592	18	490	0.0	593
lcl|NC_000962.3_prot_NP_215813.1_1	GCF_002234575.2_WP_002566710.1	37.809	602	565	93	566	340	4	34	593	2	561	0.0	593
lcl|NC_000962.3_prot_NP_215813.1_1	GCF_002224645.1_WP_089609275.1	49.176	602	419	70	425	209	2	176	599	1	419	0.0	593
lcl|NC_000962.3_prot_NP_215813.1_1	GCF_002080475.1_WP_070965529.1	47.356	602	431	69	435	206	4	176	593	1	429	0.0	593
lcl|NC_000962.3_prot_NP_215813.1_1	GCF_001701045.1_WP_157102401.1	48.113	602	421	70	424	213	2	172	594	4	421	0.0	593
lcl|NC_000962.3_prot_NP_215813.1_1	GCF_000224965.2_WP_004219125.1	43.513	602	667	98	632	315	4	2	591	22	653	0.0	593
lcl|NC_000962.3_prot_NP_215813.1_1	GCF_000224965.2_WP_004219125.1	18.229	602	667	98	192	156	1	40	230	1	192	8.10e-07	60.4
lcl|NC_000962.3_prot_NP_215813.1_1	GCF_000011305.1_WP_035109471.1	49.410	602	720	99	678	266	5	2	602	38	715	0.0	593
lcl|NC_000962.3_prot_NP_215813.1_1	GCF_000011305.1_WP_035109471.1	16.854	602	720	99	178	148	0	25	202	2	179	2.20e-05	55.8
lcl|NC_000962.3_prot_NP_215813.1_1	GCF_947251645.1_WP_265026456.1	41.026	602	467	76	468	259	5	136	592	5	466	0.0	592
lcl|NC_000962.3_prot_NP_215813.1_1	GCF_947251485.1_WP_265043201.1	40.812	602	467	76	468	260	5	136	592	5	466	0.0	592
lcl|NC_000962.3_prot_NP_215813.1_1	GCF_021378605.1_WP_009608903.1	46.435	602	546	86	519	269	4	72	588	17	528	0.0	592
lcl|NC_000962.3_prot_NP_215813.1_1	GCF_011397115.1_WP_173102485.1	48.687	602	432	69	419	206	3	172	588	2	413	0.0	592
lcl|NC_000962.3_prot_NP_215813.1_1	GCF_003534205.1_WP_036063329.1	45.755	602	423	70	424	221	3	175	595	3	420	0.0	592
lcl|NC_000962.3_prot_NP_215813.1_1	GCF_002097535.1_WP_085028208.1	44.548	602	435	71	431	227	4	175	601	3	425	0.0	592
lcl|NC_000962.3_prot_NP_215813.1_1	GCF_001941345.1_WP_075723029.1	48.882	602	717	99	671	267	6	2	596	36	706	0.0	592
lcl|NC_000962.3_prot_NP_215813.1_1	GCF_001941345.1_WP_075723029.1	20.468	602	717	99	171	136	0	33	203	8	178	4.16e-05	54.7
lcl|NC_000962.3_prot_NP_215813.1_1	GCF_001931755.2_WP_110409382.1	41.935	602	471	75	465	252	5	140	592	12	470	0.0	592
lcl|NC_000962.3_prot_NP_215813.1_1	GCF_000016425.1_WP_080516605.1	48.476	602	710	99	656	277	4	1	597	56	709	0.0	592
lcl|NC_000962.3_prot_NP_215813.1_1	GCF_000016425.1_WP_080516605.1	23.490	602	710	99	149	110	1	1	149	1	145	2.41e-08	65.1
lcl|NC_000962.3_prot_NP_215813.1_1	GCF_900638015.1_WP_115345986.1	45.540	602	423	70	426	219	4	175	593	3	422	0.0	592
lcl|NC_000962.3_prot_NP_215813.1_1	GCF_900637165.1_WP_126383554.1	46.264	602	672	99	629	306	4	1	597	34	662	0.0	592
lcl|NC_000962.3_prot_NP_215813.1_1	GCF_900637165.1_WP_126383554.1	18.719	602	672	99	203	162	1	28	230	2	201	2.99e-06	58.5
lcl|NC_000962.3_prot_NP_215813.1_1	GCF_000980815.1_WP_046453330.1	51.597	602	666	99	626	278	4	2	602	36	661	0.0	592
lcl|NC_000962.3_prot_NP_215813.1_1	GCF_000980815.1_WP_046453330.1	18.579	602	666	99	183	149	0	27	209	2	184	1.09e-07	63.1
lcl|NC_000962.3_prot_NP_215813.1_1	GCF_000747315.1_WP_038611072.1	51.929	602	628	95	622	251	4	29	602	2	623	0.0	592
lcl|NC_000962.3_prot_NP_215813.1_1	GCF_000376605.1_WP_007549497.1	40.812	602	467	76	468	260	5	136	592	5	466	0.0	592
lcl|NC_000962.3_prot_NP_215813.1_1	GCF_000281175.1_WP_014431717.1	50.701	602	425	71	428	203	3	168	593	3	424	0.0	592
lcl|NC_000962.3_prot_NP_215813.1_1	GCF_947251545.1_WP_265036843.1	40.812	602	467	76	468	260	5	136	592	5	466	0.0	592
lcl|NC_000962.3_prot_NP_215813.1_1	GCF_018467115.1_WP_138264766.1	40.812	602	467	76	468	260	5	136	592	5	466	0.0	592
lcl|NC_000962.3_prot_NP_215813.1_1	GCF_016584425.1_WP_022626347.1	40.812	602	467	76	468	260	5	136	592	5	466	0.0	592
lcl|NC_000962.3_prot_NP_215813.1_1	GCF_006337165.1_WP_139516125.1	36.318	602	704	97	592	351	6	9	592	130	703	0.0	592
lcl|NC_000962.3_prot_NP_215813.1_1	GCF_006337165.1_WP_139516125.1	13.372	602	704	97	172	148	1	36	206	6	177	4.75e-06	57.7
lcl|NC_000962.3_prot_NP_215813.1_1	GCF_001629705.1_WP_066399028.1	46.699	602	428	68	409	208	3	175	581	2	402	0.0	592
lcl|NC_000962.3_prot_NP_215813.1_1	GCF_001042695.1_WP_081442844.1	48.399	602	711	94	562	289	1	34	595	148	708	0.0	592
lcl|NC_000962.3_prot_NP_215813.1_1	GCF_001042695.1_WP_081442844.1	21.053	602	711	94	133	105	0	32	164	2	134	4.82e-07	61.2
lcl|NC_000962.3_prot_NP_215813.1_1	GCF_000725365.1_WP_038564034.1	47.031	602	428	69	421	211	4	175	591	3	415	0.0	592
lcl|NC_000962.3_prot_NP_215813.1_1	GCF_000093085.1_WP_013174064.1	46.009	602	427	70	426	220	3	175	598	2	419	0.0	592
lcl|NC_000962.3_prot_NP_215813.1_1	GCF_000024605.1_WP_245527917.1	47.884	602	455	70	449	201	5	179	600	5	447	0.0	592
lcl|NC_000962.3_prot_NP_215813.1_1	GCF_947251465.1_WP_265042114.1	42.013	602	468	74	457	247	5	148	592	17	467	0.0	591
lcl|NC_000962.3_prot_NP_215813.1_1	GCF_026013645.1_WP_209463014.1	43.810	602	426	69	420	224	4	176	591	4	415	0.0	591
lcl|NC_000962.3_prot_NP_215813.1_1	GCF_016767175.1_WP_132028140.1	47.903	602	453	69	453	193	5	176	591	1	447	0.0	591
lcl|NC_000962.3_prot_NP_215813.1_1	GCF_013365455.1_WP_175818510.1	43.077	602	471	74	455	241	5	150	592	22	470	0.0	591
lcl|NC_000962.3_prot_NP_215813.1_1	GCF_009834925.2_WP_160943068.1	46.615	602	552	86	517	267	4	74	588	25	534	0.0	591
lcl|NC_000962.3_prot_NP_215813.1_1	GCF_002998295.1_WP_106012287.1	34.891	602	644	99	599	367	4	1	598	32	608	0.0	591
lcl|NC_000962.3_prot_NP_215813.1_1	GCF_002407065.1_WP_096798999.1	41.010	602	714	99	673	319	4	2	596	34	706	0.0	591
lcl|NC_000962.3_prot_NP_215813.1_1	GCF_002407065.1_WP_096798999.1	14.151	602	714	99	212	148	1	31	208	4	215	1.25e-08	66.2
lcl|NC_000962.3_prot_NP_215813.1_1	GCF_001584725.1_WP_088369054.1	47.129	602	431	68	418	207	3	179	588	5	416	0.0	591
lcl|NC_000962.3_prot_NP_215813.1_1	GCF_001042675.1_WP_006289569.1	50.947	602	823	88	528	257	1	71	598	298	823	0.0	591
lcl|NC_000962.3_prot_NP_215813.1_1	GCF_947251725.1_WP_265031724.1	41.026	602	467	76	468	259	5	136	592	5	466	0.0	591
lcl|NC_000962.3_prot_NP_215813.1_1	GCF_947250465.1_WP_264684961.1	42.232	602	468	74	457	246	5	148	592	17	467	0.0	591
lcl|NC_000962.3_prot_NP_215813.1_1	GCF_900637295.1_WP_026427081.1	46.044	602	672	99	632	298	6	1	597	34	657	0.0	591
lcl|NC_000962.3_prot_NP_215813.1_1	GCF_900637295.1_WP_026427081.1	26.087	602	672	99	115	85	0	28	142	2	116	2.13e-07	62.0
lcl|NC_000962.3_prot_NP_215813.1_1	GCF_900157305.1_WP_197712720.1	46.778	602	420	69	419	214	3	176	591	1	413	0.0	591
lcl|NC_000962.3_prot_NP_215813.1_1	GCF_023525255.1_WP_271435305.1	41.414	602	518	81	495	279	3	105	592	19	509	0.0	591
lcl|NC_000962.3_prot_NP_215813.1_1	GCF_020995475.1_WP_052264646.1	42.232	602	468	74	457	246	5	148	592	17	467	0.0	591
lcl|NC_000962.3_prot_NP_215813.1_1	GCF_006094275.1_WP_246049787.1	56.489	602	857	99	524	228	0	73	596	331	854	0.0	591
lcl|NC_000962.3_prot_NP_215813.1_1	GCF_006094275.1_WP_246049787.1	12.919	602	857	99	209	176	2	1	209	45	247	6.89e-10	70.5
lcl|NC_000962.3_prot_NP_215813.1_1	GCF_006094275.1_WP_246049787.1	13.918	602	857	99	194	166	1	29	222	14	206	5.28e-07	61.2
lcl|NC_000962.3_prot_NP_215813.1_1	GCF_001017655.1_WP_236682507.1	47.381	602	416	69	420	212	3	176	592	1	414	0.0	591
lcl|NC_000962.3_prot_NP_215813.1_1	GCF_947250535.1_WP_264682641.1	42.013	602	468	74	457	247	5	148	592	17	467	0.0	590
lcl|NC_000962.3_prot_NP_215813.1_1	GCF_918697765.1_WP_253303291.1	40.812	602	467	76	468	260	5	136	592	5	466	0.0	590
lcl|NC_000962.3_prot_NP_215813.1_1	GCF_021378375.1_WP_190321357.1	40.812	602	467	76	468	260	5	136	592	5	466	0.0	590
lcl|NC_000962.3_prot_NP_215813.1_1	GCF_007970465.1_WP_040429919.1	53.355	602	617	95	611	244	4	30	602	8	615	0.0	590
lcl|NC_000962.3_prot_NP_215813.1_1	GCF_003814005.1_WP_123960400.1	50.460	602	692	99	652	272	4	2	602	39	690	0.0	590
lcl|NC_000962.3_prot_NP_215813.1_1	GCF_003814005.1_WP_123960400.1	20.812	602	692	99	197	156	0	24	220	2	198	1.55e-10	72.4
lcl|NC_000962.3_prot_NP_215813.1_1	GCF_003070865.1_WP_108405054.1	54.758	602	604	94	599	235	3	40	602	1	599	0.0	590
lcl|NC_000962.3_prot_NP_215813.1_1	GCF_947251515.1_WP_265033744.1	40.812	602	467	76	468	260	5	136	592	5	466	0.0	590
lcl|NC_000962.3_prot_NP_215813.1_1	GCF_025617515.1_WP_214303270.1	42.232	602	468	74	457	246	5	148	592	17	467	0.0	590
lcl|NC_000962.3_prot_NP_215813.1_1	GCF_008728635.1_WP_151087775.1	38.671	602	718	95	587	340	5	20	592	137	717	0.0	590
lcl|NC_000962.3_prot_NP_215813.1_1	GCF_003713065.1_WP_123043831.1	48.086	602	432	69	418	208	3	178	594	1	410	0.0	590
lcl|NC_000962.3_prot_NP_215813.1_1	GCF_003710085.1_WP_206422815.1	47.134	602	667	99	628	302	3	1	601	42	666	0.0	590
lcl|NC_000962.3_prot_NP_215813.1_1	GCF_003710085.1_WP_206422815.1	15.894	602	667	99	151	127	0	21	171	3	153	7.63e-06	57.4
lcl|NC_000962.3_prot_NP_215813.1_1	GCF_947250645.1_WP_264719480.1	40.938	602	468	76	469	259	5	136	592	5	467	0.0	590
lcl|NC_000962.3_prot_NP_215813.1_1	GCF_947250475.1_WP_264378026.1	42.013	602	468	74	457	247	5	148	592	17	467	0.0	590
lcl|NC_000962.3_prot_NP_215813.1_1	GCF_023559125.1_WP_250120075.1	42.013	602	468	74	457	247	5	148	592	17	467	0.0	590
lcl|NC_000962.3_prot_NP_215813.1_1	GCF_008245065.1_WP_007301965.1	42.013	602	468	74	457	247	5	148	592	17	467	0.0	590
lcl|NC_000962.3_prot_NP_215813.1_1	GCF_001941385.1_WP_041426078.1	45.972	602	428	70	422	220	3	172	591	7	422	0.0	590
lcl|NC_000962.3_prot_NP_215813.1_1	GCF_001042715.1_WP_048407513.1	46.188	602	442	69	446	206	3	176	593	1	440	0.0	590
lcl|NC_000962.3_prot_NP_215813.1_1	GCF_947251495.1_WP_265025335.1	42.013	602	468	74	457	247	5	148	592	17	467	0.0	589
lcl|NC_000962.3_prot_NP_215813.1_1	GCF_947250015.1_WP_264707292.1	40.385	602	467	76	468	262	5	136	592	5	466	0.0	589
lcl|NC_000962.3_prot_NP_215813.1_1	GCF_900169485.1_WP_079536273.1	41.065	602	617	95	582	323	6	21	589	26	600	0.0	589
lcl|NC_000962.3_prot_NP_215813.1_1	GCF_022558445.1_WP_241421823.1	48.333	602	422	70	420	210	2	174	592	7	420	0.0	589
lcl|NC_000962.3_prot_NP_215813.1_1	GCF_008152325.1_WP_269902693.1	45.805	602	444	69	441	206	4	180	593	8	442	0.0	589
lcl|NC_000962.3_prot_NP_215813.1_1	GCF_004795975.1_WP_010402274.1	42.013	602	468	74	457	247	5	148	592	17	467	0.0	589
lcl|NC_000962.3_prot_NP_215813.1_1	GCF_018141665.1_WP_211908483.1	42.013	602	468	74	457	247	5	148	592	17	467	0.0	589
lcl|NC_000962.3_prot_NP_215813.1_1	GCF_017348895.1_WP_167865801.1	37.746	602	539	92	559	311	5	34	588	3	528	0.0	589
lcl|NC_000962.3_prot_NP_215813.1_1	GCF_016728645.1_WP_201839427.1	50.395	602	649	93	633	242	4	36	596	6	638	0.0	589
lcl|NC_000962.3_prot_NP_215813.1_1	GCF_016495725.1_WP_200125886.1	47.017	602	432	69	419	212	3	175	591	3	413	0.0	589
lcl|NC_000962.3_prot_NP_215813.1_1	GCF_014595995.2_WP_166855228.1	46.142	602	664	94	648	268	4	30	596	2	649	0.0	589
lcl|NC_000962.3_prot_NP_215813.1_1	GCF_001712815.1_WP_014124376.1	48.441	602	431	69	417	206	3	176	590	5	414	0.0	589
lcl|NC_000962.3_prot_NP_215813.1_1	GCF_000626675.1_WP_038547714.1	52.459	602	648	100	610	281	3	1	602	38	646	0.0	589
lcl|NC_000962.3_prot_NP_215813.1_1	GCF_000626675.1_WP_038547714.1	17.606	602	648	100	142	117	0	30	171	8	149	2.47e-05	55.4
lcl|NC_000962.3_prot_NP_215813.1_1	GCF_000196555.1_WP_007056503.1	42.195	602	689	98	647	318	4	1	591	30	676	0.0	589
lcl|NC_000962.3_prot_NP_215813.1_1	GCF_000196555.1_WP_007056503.1	15.761	602	689	98	184	155	0	32	215	2	185	3.42e-06	58.1
lcl|NC_000962.3_prot_NP_215813.1_1	GCF_014397115.1_WP_126793909.1	47.482	602	423	69	417	210	3	173	587	2	411	0.0	588
lcl|NC_000962.3_prot_NP_215813.1_1	GCF_009734405.1_WP_156227697.1	49.031	602	714	99	671	272	5	2	602	39	709	0.0	588
lcl|NC_000962.3_prot_NP_215813.1_1	GCF_009734405.1_WP_156227697.1	18.519	602	714	99	189	151	1	37	225	15	200	6.15e-07	60.8
lcl|NC_000962.3_prot_NP_215813.1_1	GCF_007748035.1_WP_145247152.1	38.508	602	493	81	496	293	4	103	592	2	491	0.0	588
lcl|NC_000962.3_prot_NP_215813.1_1	GCF_004103715.1_WP_114219667.1	49.286	602	455	70	420	200	3	171	589	40	447	0.0	588
lcl|NC_000962.3_prot_NP_215813.1_1	GCF_003065405.1_WP_108431725.1	54.957	602	529	95	575	201	4	32	602	4	524	0.0	588
lcl|NC_000962.3_prot_NP_215813.1_1	GCF_001685435.2_WP_008590492.1	44.000	602	425	70	425	226	4	175	595	3	419	0.0	588
lcl|NC_000962.3_prot_NP_215813.1_1	GCF_000828675.1_WP_082025972.1	45.221	602	432	71	429	227	3	165	591	3	425	0.0	588
lcl|NC_000962.3_prot_NP_215813.1_1	GCF_000213235.1_WP_013777443.1	49.165	602	424	69	419	205	3	176	593	1	412	0.0	588
lcl|NC_000962.3_prot_NP_215813.1_1	GCF_003813965.1_WP_123927260.1	53.135	602	693	99	606	271	4	9	601	82	687	0.0	588
lcl|NC_000962.3_prot_NP_215813.1_1	GCF_003813965.1_WP_123927260.1	19.598	602	693	99	199	148	1	30	216	2	200	3.83e-06	58.1
lcl|NC_000962.3_prot_NP_215813.1_1	GCF_019203185.1_WP_218283430.1	44.346	602	449	69	451	210	4	176	591	1	445	0.0	588
lcl|NC_000962.3_prot_NP_215813.1_1	GCF_018069705.1_WP_274372765.1	50.701	602	449	71	428	204	2	166	592	26	447	0.0	588
lcl|NC_000962.3_prot_NP_215813.1_1	GCF_001688845.2_WP_068960813.1	35.342	602	710	97	614	359	7	10	592	103	709	0.0	588
lcl|NC_000962.3_prot_NP_215813.1_1	GCF_001688845.2_WP_068960813.1	9.091	602	710	97	143	130	0	36	178	6	148	1.99e-05	55.8
lcl|NC_000962.3_prot_NP_215813.1_1	GCF_900637975.1_WP_126413987.1	42.216	602	711	99	668	315	6	1	597	34	701	0.0	587
lcl|NC_000962.3_prot_NP_215813.1_1	GCF_900637975.1_WP_126413987.1	23.684	602	711	99	190	144	1	28	217	2	190	8.59e-07	60.4
lcl|NC_000962.3_prot_NP_215813.1_1	GCF_022845615.1_WP_244401244.1	34.189	602	653	98	623	369	8	5	593	38	653	0.0	587
lcl|NC_000962.3_prot_NP_215813.1_1	GCF_022845615.1_WP_244401244.1	10.734	602	653	98	177	155	2	36	211	9	183	1.09e-05	56.6
lcl|NC_000962.3_prot_NP_215813.1_1	GCF_020735445.1_WP_006846573.1	34.828	602	743	95	580	364	6	20	593	172	743	0.0	587
lcl|NC_000962.3_prot_NP_215813.1_1	GCF_004010955.1_WP_127842466.1	42.519	602	721	99	675	309	7	1	596	34	708	0.0	587
lcl|NC_000962.3_prot_NP_215813.1_1	GCF_003336365.1_WP_114373149.1	46.301	602	431	69	419	215	3	175	591	2	412	0.0	587
lcl|NC_000962.3_prot_NP_215813.1_1	GCF_000007085.1_WP_011024644.1	54.427	602	488	64	384	168	2	212	594	107	484	0.0	587
lcl|NC_000962.3_prot_NP_215813.1_1	GCF_022811645.1_WP_243514926.1	35.961	602	786	97	609	357	6	11	592	183	785	0.0	587
lcl|NC_000962.3_prot_NP_215813.1_1	GCF_009734425.1_WP_156230619.1	58.759	602	749	99	548	219	3	58	600	197	742	0.0	587
lcl|NC_000962.3_prot_NP_215813.1_1	GCF_009734425.1_WP_156230619.1	19.883	602	749	99	171	135	1	21	191	2	170	1.45e-07	62.7
lcl|NC_000962.3_prot_NP_215813.1_1	GCF_009734425.1_WP_156230619.1	12.077	602	749	99	207	181	1	2	207	42	248	1.11e-06	60.1
lcl|NC_000962.3_prot_NP_215813.1_1	GCF_006494775.1_WP_181410936.1	48.801	602	602	93	584	273	2	33	593	21	601	0.0	587
lcl|NC_000962.3_prot_NP_215813.1_1	GCF_001721685.1_WP_069363721.1	47.170	602	430	70	424	214	3	177	598	4	419	0.0	587
lcl|NC_000962.3_prot_NP_215813.1_1	GCF_001663675.1_WP_068225566.1	48.095	602	430	69	420	209	3	176	593	5	417	0.0	587
lcl|NC_000962.3_prot_NP_215813.1_1	GCF_000017865.1_WP_012002656.1	44.988	602	432	71	429	228	3	165	591	3	425	0.0	587
lcl|NC_000962.3_prot_NP_215813.1_1	GCF_000166415.1_WP_013404967.1	48.095	602	419	69	420	210	2	176	593	2	415	0.0	587
lcl|NC_000962.3_prot_NP_215813.1_1	GCF_006965545.2_WP_176010746.1	45.131	602	435	70	421	221	3	177	595	4	416	0.0	586
lcl|NC_000962.3_prot_NP_215813.1_1	GCF_004101785.1_WP_128425275.1	52.468	602	462	64	385	176	2	208	591	78	456	0.0	586
lcl|NC_000962.3_prot_NP_215813.1_1	GCF_001878675.1_WP_019378226.1	46.489	602	426	68	413	209	4	176	584	4	408	0.0	586
lcl|NC_000962.3_prot_NP_215813.1_1	GCF_000019905.1_WP_012371589.1	44.318	602	454	71	440	227	4	167	596	4	435	0.0	586
lcl|NC_000962.3_prot_NP_215813.1_1	GCF_011420305.2_WP_224769082.1	42.944	602	708	99	659	307	4	1	593	50	705	0.0	586
lcl|NC_000962.3_prot_NP_215813.1_1	GCF_011420305.2_WP_224769082.1	13.812	602	708	99	181	156	0	17	197	7	187	2.35e-09	68.5
lcl|NC_000962.3_prot_NP_215813.1_1	GCF_005145005.1_WP_136953678.1	47.002	602	426	69	417	212	3	173	587	2	411	0.0	586
lcl|NC_000962.3_prot_NP_215813.1_1	GCF_003343305.1_WP_086304368.1	48.910	602	431	68	413	202	3	176	586	5	410	0.0	586
lcl|NC_000962.3_prot_NP_215813.1_1	GCF_000147715.2_WP_201764216.1	47.017	602	420	69	419	213	3	176	591	1	413	0.0	586
lcl|NC_000962.3_prot_NP_215813.1_1	GCF_023299185.1_WP_126762627.1	47.242	602	424	69	417	211	3	173	587	2	411	0.0	585
lcl|NC_000962.3_prot_NP_215813.1_1	GCF_018491735.2_WP_214249461.1	42.013	602	468	74	457	247	5	148	592	17	467	0.0	585
lcl|NC_000962.3_prot_NP_215813.1_1	GCF_015775515.1_WP_246465349.1	50.754	602	400	66	398	188	3	196	591	1	392	0.0	585
lcl|NC_000962.3_prot_NP_215813.1_1	GCF_003010915.2_WP_026935590.1	43.170	602	708	97	593	324	3	11	591	106	697	0.0	585
lcl|NC_000962.3_prot_NP_215813.1_1	GCF_003010915.2_WP_026935590.1	15.534	602	708	97	206	170	1	17	218	2	207	1.85e-11	75.1
lcl|NC_000962.3_prot_NP_215813.1_1	GCF_001042635.1_WP_033517941.1	47.009	602	698	97	585	308	1	13	595	106	690	0.0	585
lcl|NC_000962.3_prot_NP_215813.1_1	GCF_001042635.1_WP_033517941.1	13.462	602	698	97	208	165	2	32	224	2	209	9.65e-05	53.5
lcl|NC_000962.3_prot_NP_215813.1_1	GCF_000021545.1_WP_012673513.1	48.687	602	422	69	419	204	4	179	592	9	421	0.0	585
lcl|NC_000962.3_prot_NP_215813.1_1	GCF_900066015.1_WP_095042557.1	49.535	602	425	70	430	201	3	176	595	1	424	0.0	585
lcl|NC_000962.3_prot_NP_215813.1_1	GCF_009676955.1_WP_154328721.1	35.322	602	792	98	637	357	7	5	592	161	791	0.0	585
lcl|NC_000962.3_prot_NP_215813.1_1	GCF_004792515.1_WP_135253942.1	47.242	602	426	69	417	211	3	173	587	2	411	0.0	585
lcl|NC_000962.3_prot_NP_215813.1_1	GCF_000441555.1_WP_041193059.1	48.411	602	403	67	409	199	4	192	594	1	403	0.0	584
lcl|NC_000962.3_prot_NP_215813.1_1	GCF_000023145.1_WP_012731918.1	78.934	602	673	64	394	76	2	216	602	277	670	0.0	584
lcl|NC_000962.3_prot_NP_215813.1_1	GCF_000012565.1_WP_011304266.1	41.250	602	476	78	480	267	4	123	593	3	476	0.0	584
lcl|NC_000962.3_prot_NP_215813.1_1	GCF_000008625.1_WP_010880530.1	48.463	602	436	69	423	205	5	177	592	19	435	0.0	584
lcl|NC_000962.3_prot_NP_215813.1_1	GCF_902381765.1_WP_040356027.1	60.075	602	738	88	531	208	2	70	596	197	727	0.0	584
lcl|NC_000962.3_prot_NP_215813.1_1	GCF_020541885.1_WP_226856875.1	47.521	602	716	97	585	305	1	9	591	119	703	0.0	584
lcl|NC_000962.3_prot_NP_215813.1_1	GCF_020541885.1_WP_226856875.1	18.056	602	716	97	144	118	0	32	175	2	145	1.35e-06	59.7
lcl|NC_000962.3_prot_NP_215813.1_1	GCF_018604565.1_WP_029342779.1	44.622	602	457	71	437	224	4	170	596	8	436	0.0	584
lcl|NC_000962.3_prot_NP_215813.1_1	GCF_018138125.1_WP_211780445.1	43.678	602	446	71	435	227	4	167	591	2	428	0.0	584
lcl|NC_000962.3_prot_NP_215813.1_1	GCF_014218355.1_WP_185257859.1	38.968	602	531	93	562	300	5	38	595	6	528	0.0	584
lcl|NC_000962.3_prot_NP_215813.1_1	GCF_029026745.1_WP_012727388.1	44.138	602	445	71	435	225	4	167	591	2	428	0.0	583
lcl|NC_000962.3_prot_NP_215813.1_1	GCF_000017545.1_WP_148202085.1	48.551	602	416	68	414	205	3	180	591	3	410	0.0	583
lcl|NC_000962.3_prot_NP_215813.1_1	GCF_000013425.1_YP_500838.1	46.207	602	438	72	435	223	5	165	596	2	428	0.0	583
lcl|NC_000962.3_prot_NP_215813.1_1	GCF_940677205.1_WP_250277657.1	46.460	602	455	68	452	190	7	180	587	2	445	0.0	583
lcl|NC_000962.3_prot_NP_215813.1_1	GCF_017358165.1_WP_207566120.1	44.787	602	423	70	422	225	3	172	591	2	417	0.0	583
lcl|NC_000962.3_prot_NP_215813.1_1	GCF_000236925.1_WP_001115104.1	46.667	602	438	72	435	221	5	165	596	2	428	0.0	583
lcl|NC_000962.3_prot_NP_215813.1_1	GCF_015775975.1_WP_195719542.1	47.356	602	438	72	435	218	4	165	596	2	428	0.0	583
lcl|NC_000962.3_prot_NP_215813.1_1	GCF_003019255.1_WP_061855708.1	47.586	602	438	72	435	217	4	165	596	2	428	0.0	583
lcl|NC_000962.3_prot_NP_215813.1_1	GCF_001750685.1_WP_236932724.1	51.026	602	456	65	390	184	2	203	591	66	449	0.0	583
lcl|NC_000962.3_prot_NP_215813.1_1	GCF_000632965.1_WP_044147641.1	44.907	602	462	70	432	223	4	171	593	37	462	0.0	583
lcl|NC_000962.3_prot_NP_215813.1_1	GCF_000478885.1_WP_022740184.1	41.525	602	669	98	590	336	4	11	598	77	659	0.0	583
lcl|NC_000962.3_prot_NP_215813.1_1	GCF_000235405.2_WP_198429594.1	47.585	602	416	68	414	209	3	180	591	3	410	0.0	583
lcl|NC_000962.3_prot_NP_215813.1_1	GCF_016599795.1_WP_017636783.1	46.437	602	438	72	435	222	5	165	596	2	428	0.0	582
lcl|NC_000962.3_prot_NP_215813.1_1	GCF_003049605.2_WP_107947539.1	46.279	602	427	70	430	217	4	176	599	4	425	0.0	582
lcl|NC_000962.3_prot_NP_215813.1_1	GCF_001703555.1_WP_119907572.1	45.154	602	431	70	423	222	4	173	593	2	416	0.0	582
lcl|NC_000962.3_prot_NP_215813.1_1	GCF_000632965.1_WP_006011793.1	44.931	602	483	71	434	224	4	169	593	56	483	0.0	582
lcl|NC_000962.3_prot_NP_215813.1_1	GCF_000600105.1_WP_024362885.1	46.047	602	427	70	430	218	4	176	599	4	425	0.0	582
lcl|NC_000962.3_prot_NP_215813.1_1	GCF_016728105.1_WP_005532045.1	53.822	602	667	99	628	262	4	2	602	36	662	0.0	582
lcl|NC_000962.3_prot_NP_215813.1_1	GCF_016728105.1_WP_005532045.1	20.339	602	667	99	177	141	0	29	205	4	180	1.19e-05	56.6
lcl|NC_000962.3_prot_NP_215813.1_1	GCF_019175485.1_WP_010744531.1	49.153	602	431	68	413	201	3	176	586	5	410	0.0	581
lcl|NC_000962.3_prot_NP_215813.1_1	GCF_003966625.1_WP_002445589.1	46.897	602	438	72	435	220	4	165	596	2	428	0.0	581
lcl|NC_000962.3_prot_NP_215813.1_1	GCF_001507645.1_WP_068192481.1	40.691	602	779	86	521	299	3	76	592	264	778	0.0	581
lcl|NC_000962.3_prot_NP_215813.1_1	GCF_001025195.1_WP_047750684.1	44.946	602	685	98	643	302	3	1	591	30	672	0.0	581
lcl|NC_000962.3_prot_NP_215813.1_1	GCF_001025195.1_WP_047750684.1	18.182	602	685	98	209	158	3	32	230	2	207	3.98e-06	58.1
lcl|NC_000962.3_prot_NP_215813.1_1	GCF_000508225.1_WP_024072394.1	42.184	602	462	76	467	255	4	136	593	2	462	0.0	581
lcl|NC_000962.3_prot_NP_215813.1_1	GCF_001267435.1_WP_011393879.1	51.288	602	429	69	427	191	3	176	591	1	421	0.0	581
lcl|NC_000962.3_prot_NP_215813.1_1	GCF_000212375.1_WP_013760319.1	31.942	602	623	93	623	350	9	36	592	8	622	0.0	581
lcl|NC_000962.3_prot_NP_215813.1_1	GCF_007747445.1_WP_261341891.1	42.959	602	418	68	419	226	5	180	591	3	415	0.0	581
lcl|NC_000962.3_prot_NP_215813.1_1	GCF_003955755.1_WP_126109168.1	46.523	602	419	69	417	214	3	173	587	2	411	0.0	581
lcl|NC_000962.3_prot_NP_215813.1_1	GCF_003932015.1_WP_012303235.1	56.614	602	492	62	378	155	3	223	597	105	476	0.0	581
lcl|NC_000962.3_prot_NP_215813.1_1	GCF_000012565.1_WP_011304911.1	43.516	602	469	74	455	242	4	148	593	21	469	0.0	581
lcl|NC_000962.3_prot_NP_215813.1_1	GCF_900476255.1_WP_023935708.1	36.559	602	679	93	558	333	6	47	592	130	678	0.0	580
lcl|NC_000962.3_prot_NP_215813.1_1	GCF_900476255.1_WP_023935708.1	9.677	602	679	93	186	165	1	36	221	8	190	2.78e-06	58.5
lcl|NC_000962.3_prot_NP_215813.1_1	GCF_019668505.1_WP_025443900.1	43.418	602	514	84	509	277	4	91	594	11	513	0.0	580
lcl|NC_000962.3_prot_NP_215813.1_1	GCF_014898155.1_WP_094635855.1	43.182	602	691	99	660	316	3	1	601	30	689	0.0	580
lcl|NC_000962.3_prot_NP_215813.1_1	GCF_003571725.1_WP_002466784.1	46.667	602	438	72	435	221	5	165	596	2	428	0.0	580
lcl|NC_000962.3_prot_NP_215813.1_1	GCF_000508225.1_WP_024071771.1	42.457	602	483	76	464	252	4	139	593	26	483	0.0	580
lcl|NC_000962.3_prot_NP_215813.1_1	GCF_026723765.1_WP_268114949.1	38.240	602	590	93	591	328	6	34	593	2	586	0.0	580
lcl|NC_000962.3_prot_NP_215813.1_1	GCF_001611955.1_WP_011275225.1	46.207	602	438	72	435	223	5	165	596	2	428	0.0	580
lcl|NC_000962.3_prot_NP_215813.1_1	GCF_001877035.1_WP_071611061.1	55.376	602	489	61	372	157	3	228	596	120	485	0.0	580
lcl|NC_000962.3_prot_NP_215813.1_1	GCF_000724775.3_WP_012292741.1	46.047	602	427	70	430	218	4	176	599	4	425	0.0	580
lcl|NC_000962.3_prot_NP_215813.1_1	GCF_000255135.1_WP_014295625.1	45.125	602	439	73	441	233	3	158	595	2	436	0.0	580
lcl|NC_000962.3_prot_NP_215813.1_1	GCF_000222305.1_WP_014023480.1	51.049	602	515	70	429	199	4	171	594	92	514	0.0	580
lcl|NC_000962.3_prot_NP_215813.1_1	GCF_000014505.1_WP_011673732.1	47.255	602	428	69	419	212	3	176	592	5	416	0.0	580
lcl|NC_000962.3_prot_NP_215813.1_1	GCF_026571835.1_WP_015055413.1	51.282	602	515	70	429	198	4	171	594	92	514	0.0	579
lcl|NC_000962.3_prot_NP_215813.1_1	GCF_023035295.1_WP_025407893.1	43.725	602	515	84	510	276	4	90	594	11	514	0.0	579
lcl|NC_000962.3_prot_NP_215813.1_1	GCF_013127755.1_WP_002829726.1	46.062	602	424	69	419	217	3	176	592	5	416	0.0	579
lcl|NC_000962.3_prot_NP_215813.1_1	GCF_007752135.1_WP_145074871.1	39.798	602	491	81	495	285	5	104	592	2	489	0.0	579
lcl|NC_000962.3_prot_NP_215813.1_1	GCF_001936255.1_WP_025419441.1	50.350	602	514	70	429	202	4	171	594	91	513	0.0	579
lcl|NC_000962.3_prot_NP_215813.1_1	GCF_000164905.1_WP_012964462.1	47.140	602	432	71	437	218	5	164	593	2	432	0.0	579
lcl|NC_000962.3_prot_NP_215813.1_1	GCF_900094615.1_WP_081511744.1	46.636	602	427	71	431	219	4	169	596	5	427	0.0	579
lcl|NC_000962.3_prot_NP_215813.1_1	GCF_020422925.2_WP_043924406.1	45.720	602	514	79	479	249	4	121	594	41	513	0.0	579
lcl|NC_000962.3_prot_NP_215813.1_1	GCF_016638705.1_WP_053596464.1	45.814	602	427	70	430	219	4	176	599	4	425	0.0	579
lcl|NC_000962.3_prot_NP_215813.1_1	GCF_001936295.1_WP_075551939.1	51.049	602	515	70	429	199	4	171	594	92	514	0.0	578
lcl|NC_000962.3_prot_NP_215813.1_1	GCF_000196215.1_WP_004793771.1	51.049	602	515	70	429	199	4	171	594	92	514	0.0	578
lcl|NC_000962.3_prot_NP_215813.1_1	GCF_900187055.1_WP_002464798.1	46.207	602	438	72	435	223	5	165	596	2	428	0.0	578
lcl|NC_000962.3_prot_NP_215813.1_1	GCF_022343725.1_WP_133452034.1	46.154	602	438	71	429	220	4	166	591	3	423	0.0	578
lcl|NC_000962.3_prot_NP_215813.1_1	GCF_020217405.1_WP_004269450.1	45.581	602	427	70	430	220	4	176	599	4	425	0.0	578
lcl|NC_000962.3_prot_NP_215813.1_1	GCF_017309995.1_WP_207010275.1	44.681	602	615	96	611	302	3	16	594	9	615	0.0	578
lcl|NC_000962.3_prot_NP_215813.1_1	GCF_014041995.1_WP_220456863.1	43.444	602	651	99	633	321	3	2	600	22	651	0.0	578
lcl|NC_000962.3_prot_NP_215813.1_1	GCF_014041995.1_WP_220456863.1	15.205	602	651	99	171	142	1	40	207	1	171	4.01e-08	64.3
lcl|NC_000962.3_prot_NP_215813.1_1	GCF_001281425.1_WP_060618809.1	46.591	602	658	98	616	304	3	1	591	30	645	0.0	578
lcl|NC_000962.3_prot_NP_215813.1_1	GCF_001281425.1_WP_060618809.1	19.024	602	658	98	205	151	1	32	221	2	206	6.47e-07	60.4
lcl|NC_000962.3_prot_NP_215813.1_1	GCF_000178835.2_WP_013656648.1	53.476	602	455	61	374	164	3	226	595	88	455	0.0	578
lcl|NC_000962.3_prot_NP_215813.1_1	GCF_000144625.1_WP_013271163.1	38.163	602	538	93	566	311	5	34	593	2	534	0.0	578
lcl|NC_000962.3_prot_NP_215813.1_1	GCF_000024505.1_WP_012880249.1	41.921	602	454	75	458	251	4	145	593	3	454	0.0	578
lcl|NC_000962.3_prot_NP_215813.1_1	GCF_020628455.1_WP_114289432.1	47.002	602	423	69	417	212	3	173	587	2	411	0.0	578
lcl|NC_000962.3_prot_NP_215813.1_1	GCF_011299095.1_WP_166062846.1	46.081	602	419	70	421	218	3	173	591	2	415	0.0	578
lcl|NC_000962.3_prot_NP_215813.1_1	GCF_008931845.1_WP_151551525.1	51.049	602	515	70	429	199	4	171	594	92	514	0.0	578
lcl|NC_000962.3_prot_NP_215813.1_1	GCF_004795735.1_WP_136141002.1	51.242	602	684	99	644	271	3	2	602	36	679	0.0	578
lcl|NC_000962.3_prot_NP_215813.1_1	GCF_004795735.1_WP_136141002.1	20.652	602	684	99	184	143	1	27	207	2	185	6.73e-07	60.4
lcl|NC_000962.3_prot_NP_215813.1_1	GCF_001902315.1_WP_046837816.1	47.586	602	438	72	435	217	4	165	596	2	428	0.0	578
lcl|NC_000962.3_prot_NP_215813.1_1	GCF_001886875.1_WP_003412620.1	37.522	602	511	93	565	289	6	34	594	3	507	0.0	578
lcl|NC_000962.3_prot_NP_215813.1_1	GCF_001543175.1_WP_060778718.1	45.688	602	433	71	429	225	3	164	591	2	423	0.0	578
lcl|NC_000962.3_prot_NP_215813.1_1	GCF_000512145.1_WP_025375265.1	45.720	602	514	79	479	249	4	121	594	41	513	0.0	578
lcl|NC_000962.3_prot_NP_215813.1_1	GCF_000212395.1_WP_013756290.1	40.502	602	533	93	558	294	4	35	591	6	526	0.0	578
lcl|NC_000962.3_prot_NP_215813.1_1	GCF_000019705.1_WP_012537995.1	46.138	602	514	79	479	247	4	121	594	41	513	0.0	578
lcl|NC_000962.3_prot_NP_215813.1_1	GCF_901538355.1_WP_162658339.1	46.336	602	463	76	464	237	4	134	591	4	461	0.0	577
lcl|NC_000962.3_prot_NP_215813.1_1	GCF_025558845.1_WP_046207750.1	47.126	602	438	72	435	219	4	165	596	2	428	0.0	577
lcl|NC_000962.3_prot_NP_215813.1_1	GCF_025272815.1_WP_023351347.1	46.667	602	438	72	435	221	4	165	596	2	428	0.0	577
lcl|NC_000962.3_prot_NP_215813.1_1	GCF_013460375.1_WP_011154824.1	41.286	602	478	79	482	268	4	121	593	3	478	0.0	577
lcl|NC_000962.3_prot_NP_215813.1_1	GCF_011100465.1_WP_076768219.1	46.763	602	419	69	417	213	3	173	587	2	411	0.0	577
lcl|NC_000962.3_prot_NP_215813.1_1	GCF_008151785.1_WP_006441168.1	45.000	602	438	69	440	210	4	180	593	4	437	0.0	577
lcl|NC_000962.3_prot_NP_215813.1_1	GCF_003812505.1_WP_002448642.1	46.296	602	438	71	432	221	5	165	593	2	425	0.0	577
lcl|NC_000962.3_prot_NP_215813.1_1	GCF_000695095.2_WP_026850113.1	46.905	602	417	69	420	213	4	176	591	1	414	0.0	577
lcl|NC_000962.3_prot_NP_215813.1_1	GCF_026650945.1_WP_216274544.1	46.222	602	490	74	450	220	6	152	596	54	486	0.0	577
lcl|NC_000962.3_prot_NP_215813.1_1	GCF_011405655.1_WP_173112623.1	41.952	602	671	97	584	330	4	17	598	85	661	0.0	577
lcl|NC_000962.3_prot_NP_215813.1_1	GCF_003606285.1_WP_120104037.1	42.717	602	513	84	508	280	4	92	594	11	512	0.0	577
lcl|NC_000962.3_prot_NP_215813.1_1	GCF_002706425.1_WP_010009306.1	46.190	602	430	69	420	217	3	176	593	5	417	0.0	577
lcl|NC_000962.3_prot_NP_215813.1_1	GCF_000709415.1_WP_029377993.1	47.126	602	438	72	435	219	4	165	596	2	428	0.0	577
lcl|NC_000962.3_prot_NP_215813.1_1	GCF_000404185.1_WP_003854867.1	52.640	602	760	97	606	262	3	19	599	147	752	0.0	577
lcl|NC_000962.3_prot_NP_215813.1_1	GCF_000404185.1_WP_003854867.1	25.581	602	760	97	129	96	0	25	153	2	130	3.15e-07	61.6
lcl|NC_000962.3_prot_NP_215813.1_1	GCF_000020305.1_WP_011114094.1	41.921	602	454	75	458	251	4	145	593	3	454	0.0	577
lcl|NC_000962.3_prot_NP_215813.1_1	GCF_000012085.2_WP_011772184.1	45.720	602	514	79	479	249	4	121	594	41	513	0.0	577
lcl|NC_000962.3_prot_NP_215813.1_1	GCF_007814115.1_WP_037538023.1	47.586	602	438	72	435	217	4	165	596	2	428	0.0	576
lcl|NC_000962.3_prot_NP_215813.1_1	GCF_006094375.1_WP_001829985.1	46.667	602	438	72	435	221	4	165	596	2	428	0.0	576
lcl|NC_000962.3_prot_NP_215813.1_1	GCF_004291115.2_WP_115312919.1	47.126	602	438	72	435	219	4	165	596	2	428	0.0	576
lcl|NC_000962.3_prot_NP_215813.1_1	GCF_002208805.2_WP_002471611.1	47.564	602	438	71	431	215	5	165	592	2	424	0.0	576
lcl|NC_000962.3_prot_NP_215813.1_1	GCF_000814825.1_WP_082019701.1	39.399	602	703	97	599	338	5	8	588	95	686	0.0	576
lcl|NC_000962.3_prot_NP_215813.1_1	GCF_023035875.1_WP_247065412.1	45.511	602	514	79	479	250	4	121	594	41	513	0.0	576
lcl|NC_000962.3_prot_NP_215813.1_1	GCF_900116935.1_WP_010499680.1	47.754	602	430	70	423	211	3	174	593	3	418	0.0	576
lcl|NC_000962.3_prot_NP_215813.1_1	GCF_016127455.1_WP_002507063.1	47.126	602	438	72	435	219	4	165	596	2	428	0.0	576
lcl|NC_000962.3_prot_NP_215813.1_1	GCF_016728665.1_WP_018120007.1	48.882	602	690	99	626	292	5	1	598	58	683	0.0	575
lcl|NC_000962.3_prot_NP_215813.1_1	GCF_013460375.1_WP_180810812.1	42.952	602	458	74	454	244	4	149	593	11	458	0.0	575
lcl|NC_000962.3_prot_NP_215813.1_1	GCF_002442935.1_WP_096808772.1	47.332	602	438	71	431	216	4	165	592	2	424	0.0	575
lcl|NC_000962.3_prot_NP_215813.1_1	GCF_001703515.1_WP_029090890.1	45.154	602	424	70	423	223	3	175	594	3	419	0.0	575
lcl|NC_000962.3_prot_NP_215813.1_1	GCF_001553565.1_WP_067939288.1	43.098	602	698	99	652	313	5	1	596	34	683	0.0	575
lcl|NC_000962.3_prot_NP_215813.1_1	GCF_001553565.1_WP_067939288.1	22.995	602	698	99	187	144	0	28	214	2	188	1.90e-08	65.4
lcl|NC_000962.3_prot_NP_215813.1_1	GCF_000493735.1_WP_023176746.1	46.394	602	431	69	416	214	3	176	589	5	413	0.0	575
lcl|NC_000962.3_prot_NP_215813.1_1	GCF_000010305.1_WP_012682156.1	48.333	602	417	69	420	207	4	176	591	1	414	0.0	575
lcl|NC_000962.3_prot_NP_215813.1_1	GCF_001558775.1_WP_002478954.1	46.897	602	438	72	435	220	5	165	596	2	428	0.0	575
lcl|NC_000962.3_prot_NP_215813.1_1	GCF_003265305.2_WP_111897892.1	32.972	602	645	93	646	341	7	34	593	6	645	0.0	575
lcl|NC_000962.3_prot_NP_215813.1_1	GCF_001518795.1_WP_026465853.1	42.857	602	429	71	434	236	4	170	598	3	429	0.0	575
lcl|NC_000962.3_prot_NP_215813.1_1	GCF_000016985.1_WP_011971461.1	48.307	602	477	73	443	221	3	155	595	41	477	0.0	575
lcl|NC_000962.3_prot_NP_215813.1_1	GCF_940670685.1_WP_250229663.1	44.492	602	495	76	463	241	4	135	593	36	486	0.0	574
lcl|NC_000962.3_prot_NP_215813.1_1	GCF_002355155.1_WP_096455444.1	51.882	602	745	98	611	275	3	8	599	127	737	0.0	574
lcl|NC_000962.3_prot_NP_215813.1_1	GCF_002355155.1_WP_096455444.1	23.494	602	745	98	166	127	0	25	190	2	167	1.92e-08	65.4
lcl|NC_000962.3_prot_NP_215813.1_1	GCF_000024505.1_WP_041651404.1	43.649	602	445	70	433	229	4	170	593	19	445	0.0	574
lcl|NC_000962.3_prot_NP_215813.1_1	GCF_000020305.1_WP_223822875.1	43.349	602	443	71	436	232	4	167	593	14	443	0.0	574
lcl|NC_000962.3_prot_NP_215813.1_1	GCF_025561465.1_WP_002481801.1	46.667	602	438	72	435	221	5	165	596	2	428	0.0	573
lcl|NC_000962.3_prot_NP_215813.1_1	GCF_017945865.1_WP_166340284.1	44.505	602	642	90	546	292	5	47	588	86	624	0.0	573
lcl|NC_000962.3_prot_NP_215813.1_1	GCF_016028295.1_WP_059107902.1	47.564	602	438	71	431	215	5	165	592	2	424	0.0	573
lcl|NC_000962.3_prot_NP_215813.1_1	GCF_900187165.1_WP_089866088.1	49.760	602	476	69	416	197	4	181	593	61	467	0.0	573
lcl|NC_000962.3_prot_NP_215813.1_1	GCF_020097095.1_WP_224188455.1	47.458	602	438	68	413	206	5	182	591	19	423	0.0	573
lcl|NC_000962.3_prot_NP_215813.1_1	GCF_003057965.1_WP_108309085.1	39.964	602	534	93	558	298	4	35	591	6	527	0.0	573
lcl|NC_000962.3_prot_NP_215813.1_1	GCF_001989575.1_WP_077139770.1	43.880	602	436	71	433	232	5	166	595	3	427	0.0	573
lcl|NC_000962.3_prot_NP_215813.1_1	GCF_000550785.1_WP_025387717.1	58.955	602	741	99	536	216	2	71	602	201	736	0.0	573
lcl|NC_000962.3_prot_NP_215813.1_1	GCF_000550785.1_WP_025387717.1	18.889	602	741	99	180	146	0	33	212	8	187	4.32e-07	61.2
lcl|NC_000962.3_prot_NP_215813.1_1	GCF_000550785.1_WP_025387717.1	14.216	602	741	99	204	164	1	2	205	36	228	4.36e-05	54.7
lcl|NC_000962.3_prot_NP_215813.1_1	GCF_000513475.1_WP_023792643.1	46.698	602	424	69	424	214	4	176	593	1	418	0.0	573
lcl|NC_000962.3_prot_NP_215813.1_1	GCF_900187075.1_WP_095086621.1	45.727	602	438	71	433	224	5	166	595	3	427	0.0	573
lcl|NC_000962.3_prot_NP_215813.1_1	GCF_015500095.1_WP_195170760.1	47.926	602	430	71	434	209	4	176	602	1	424	0.0	573
lcl|NC_000962.3_prot_NP_215813.1_1	GCF_002214625.1_WP_117374357.1	42.986	602	454	72	442	237	4	161	593	19	454	0.0	573
lcl|NC_000962.3_prot_NP_215813.1_1	GCF_013624435.2_WP_185995815.1	41.287	602	682	99	637	328	4	1	594	49	682	0.0	572
lcl|NC_000962.3_prot_NP_215813.1_1	GCF_013624435.2_WP_185995815.1	16.827	602	682	99	208	172	1	14	220	3	210	3.76e-09	67.8
lcl|NC_000962.3_prot_NP_215813.1_1	GCF_013004105.1_WP_171225534.1	47.143	602	417	69	420	212	4	176	591	1	414	0.0	572
lcl|NC_000962.3_prot_NP_215813.1_1	GCF_011492965.1_WP_166396376.1	41.176	602	516	93	561	276	4	35	593	5	513	0.0	572
lcl|NC_000962.3_prot_NP_215813.1_1	GCF_003012915.1_WP_103207335.1	46.528	602	438	71	432	220	4	167	595	4	427	0.0	572
lcl|NC_000962.3_prot_NP_215813.1_1	GCF_001543285.1_WP_003142273.1	43.499	602	431	70	423	231	3	170	591	3	418	0.0	572
lcl|NC_000962.3_prot_NP_215813.1_1	GCF_000439775.1_WP_011450223.1	41.943	602	452	74	453	248	4	150	593	6	452	0.0	572
lcl|NC_000962.3_prot_NP_215813.1_1	GCF_900478045.1_WP_039674976.1	51.227	602	658	96	652	242	4	27	602	2	653	0.0	572
lcl|NC_000962.3_prot_NP_215813.1_1	GCF_021650955.1_WP_086043397.1	47.700	602	438	68	413	205	5	182	591	19	423	0.0	572
lcl|NC_000962.3_prot_NP_215813.1_1	GCF_016865215.1_WP_096078001.1	48.426	602	438	68	413	202	5	182	591	19	423	0.0	572
lcl|NC_000962.3_prot_NP_215813.1_1	GCF_011466855.1_WP_037567457.1	46.296	602	438	71	432	221	5	167	595	4	427	0.0	572
lcl|NC_000962.3_prot_NP_215813.1_1	GCF_002006355.2_WP_242951563.1	40.402	602	512	90	547	273	4	40	582	1	498	0.0	572
lcl|NC_000962.3_prot_NP_215813.1_1	GCF_000980835.1_WP_046440028.1	49.690	602	687	99	646	276	4	2	598	36	681	0.0	572
lcl|NC_000962.3_prot_NP_215813.1_1	GCF_000980835.1_WP_046440028.1	20.472	602	687	99	127	101	0	27	153	2	128	2.46e-05	55.4
lcl|NC_000962.3_prot_NP_215813.1_1	GCF_017352215.1_WP_246798103.1	37.567	602	530	93	559	313	5	33	590	2	525	0.0	571
lcl|NC_000962.3_prot_NP_215813.1_1	GCF_009856525.1_WP_237111358.1	40.695	602	503	79	489	269	5	120	593	17	499	0.0	571
lcl|NC_000962.3_prot_NP_215813.1_1	GCF_007751715.1_WP_231746215.1	44.917	602	420	69	423	221	4	176	592	1	417	0.0	571
lcl|NC_000962.3_prot_NP_215813.1_1	GCF_000266925.1_WP_041459793.1	49.552	602	447	74	446	217	3	149	592	7	446	0.0	571
lcl|NC_000962.3_prot_NP_215813.1_1	GCF_900187005.1_WP_095117523.1	46.437	602	441	72	435	222	5	164	595	4	430	0.0	571
lcl|NC_000962.3_prot_NP_215813.1_1	GCF_024299005.1_WP_218194305.1	44.369	602	445	73	444	234	4	157	593	8	445	0.0	571
lcl|NC_000962.3_prot_NP_215813.1_1	GCF_024299005.1_WP_254815701.1	44.369	602	439	73	444	234	4	157	593	2	439	0.0	571
lcl|NC_000962.3_prot_NP_215813.1_1	GCF_002865995.1_WP_055338264.1	46.325	602	500	73	449	220	4	152	588	53	492	0.0	571
lcl|NC_000962.3_prot_NP_215813.1_1	GCF_001561955.1_WP_066053220.1	49.757	602	477	68	412	197	3	184	591	60	465	0.0	571
lcl|NC_000962.3_prot_NP_215813.1_1	GCF_000007625.1_WP_035110950.1	48.260	602	489	71	431	211	4	166	593	59	480	0.0	571
lcl|NC_000962.3_prot_NP_215813.1_1	GCF_029025825.1_WP_021731863.1	45.540	602	430	70	426	219	4	176	595	5	423	0.0	571
lcl|NC_000962.3_prot_NP_215813.1_1	GCF_016028795.1_WP_099482256.1	45.349	602	438	71	430	224	5	165	591	2	423	0.0	571
lcl|NC_000962.3_prot_NP_215813.1_1	GCF_003641185.1_WP_050337723.1	45.775	602	430	70	426	218	4	176	595	5	423	0.0	571
lcl|NC_000962.3_prot_NP_215813.1_1	GCF_003366055.1_WP_252120589.1	44.444	602	435	68	414	218	4	186	593	3	410	0.0	571
lcl|NC_000962.3_prot_NP_215813.1_1	GCF_001922405.1_WP_015900870.1	46.512	602	438	71	430	219	5	166	592	3	424	0.0	571
lcl|NC_000962.3_prot_NP_215813.1_1	GCF_000021565.1_WP_202944144.1	48.341	602	417	69	422	207	4	176	592	1	416	0.0	571
lcl|NC_000962.3_prot_NP_215813.1_1	GCF_009933595.1_WP_066024093.1	47.170	602	437	69	424	210	5	176	591	5	422	0.0	570
lcl|NC_000962.3_prot_NP_215813.1_1	GCF_003614235.1_WP_039233869.1	48.837	602	476	71	430	205	4	167	593	54	471	0.0	570
lcl|NC_000962.3_prot_NP_215813.1_1	GCF_000816085.1_WP_039644600.1	46.296	602	438	71	432	221	5	167	595	4	427	0.0	570
lcl|NC_000962.3_prot_NP_215813.1_1	GCF_000022525.1_WP_202965523.1	44.196	602	448	72	448	229	5	161	593	3	444	0.0	570
lcl|NC_000962.3_prot_NP_215813.1_1	GCF_009913655.1_WP_003642051.1	45.305	602	430	70	426	220	4	176	595	5	423	0.0	570
lcl|NC_000962.3_prot_NP_215813.1_1	GCF_007741495.1_WP_145351522.1	37.525	602	501	82	501	301	4	94	588	2	496	0.0	570
lcl|NC_000962.3_prot_NP_215813.1_1	GCF_002101335.1_WP_085236775.1	46.065	602	437	71	432	222	4	167	595	3	426	0.0	570
lcl|NC_000962.3_prot_NP_215813.1_1	GCF_000013165.1_WP_011451474.1	44.773	602	439	71	440	222	5	169	593	2	435	0.0	570
lcl|NC_000962.3_prot_NP_215813.1_1	GCF_019977655.1_WP_224036161.1	37.857	602	536	92	560	313	7	34	589	3	531	0.0	570
lcl|NC_000962.3_prot_NP_215813.1_1	GCF_001643015.1_WP_066565269.1	53.659	602	762	96	574	261	2	33	601	183	756	0.0	570
lcl|NC_000962.3_prot_NP_215813.1_1	GCF_001643015.1_WP_066565269.1	19.231	602	762	96	156	126	0	25	180	2	157	4.36e-06	58.1
lcl|NC_000962.3_prot_NP_215813.1_1	GCF_000785495.1_WP_038678100.1	50.348	602	604	94	574	272	2	30	593	33	603	0.0	570
lcl|NC_000962.3_prot_NP_215813.1_1	GCF_000439775.1_WP_011451135.1	43.349	602	443	71	436	232	4	167	593	14	443	0.0	570
lcl|NC_000962.3_prot_NP_215813.1_1	GCF_003718735.1_WP_123145139.1	46.047	602	438	71	430	221	5	166	592	3	424	0.0	569
lcl|NC_000962.3_prot_NP_215813.1_1	GCF_001277995.1_WP_053544649.1	55.148	602	772	99	573	250	4	33	599	193	764	0.0	569
lcl|NC_000962.3_prot_NP_215813.1_1	GCF_001277995.1_WP_053544649.1	22.353	602	772	99	170	129	1	25	191	2	171	8.41e-11	73.1
lcl|NC_000962.3_prot_NP_215813.1_1	GCF_001277995.1_WP_053544649.1	11.494	602	772	99	174	148	2	2	175	38	205	5.22e-05	54.7
lcl|NC_000962.3_prot_NP_215813.1_1	GCF_001005905.1_WP_046790983.1	46.948	602	438	69	426	207	5	182	596	19	436	0.0	569
lcl|NC_000962.3_prot_NP_215813.1_1	GCF_000230655.2_WP_004081775.1	44.731	602	427	70	427	227	3	170	593	2	422	0.0	569
lcl|NC_000962.3_prot_NP_215813.1_1	GCF_000212735.1_WP_013766400.1	35.304	602	695	96	609	358	7	13	592	93	694	0.0	569
lcl|NC_000962.3_prot_NP_215813.1_1	GCF_000212735.1_WP_013766400.1	18.681	602	695	96	182	147	1	36	216	6	187	7.87e-10	70.1
lcl|NC_000962.3_prot_NP_215813.1_1	GCF_020883535.1_WP_229293157.1	46.296	602	438	71	432	221	4	167	595	4	427	0.0	569
lcl|NC_000962.3_prot_NP_215813.1_1	GCF_011492945.1_WP_166176311.1	40.780	602	508	93	564	272	5	32	593	2	505	0.0	569
lcl|NC_000962.3_prot_NP_215813.1_1	GCF_000018945.1_WP_038067549.1	44.965	602	427	70	427	226	3	170	593	2	422	0.0	569
lcl|NC_000962.3_prot_NP_215813.1_1	GCF_000016785.1_WP_011943804.1	44.836	602	427	70	426	226	3	171	593	3	422	0.0	569
lcl|NC_000962.3_prot_NP_215813.1_1	GCF_002214625.1_WP_233497241.1	43.187	602	443	70	433	231	4	170	593	17	443	0.0	568
lcl|NC_000962.3_prot_NP_215813.1_1	GCF_002285495.1_WP_119866198.1	46.101	602	470	72	436	205	6	163	594	59	468	0.0	568
lcl|NC_000962.3_prot_NP_215813.1_1	GCF_001611155.1_WP_046871599.1	47.971	602	430	69	419	209	3	176	592	5	416	0.0	568
lcl|NC_000962.3_prot_NP_215813.1_1	GCF_016126715.1_WP_014613330.1	45.370	602	437	71	432	225	4	167	595	3	426	0.0	568
lcl|NC_000962.3_prot_NP_215813.1_1	GCF_003600355.1_WP_119969895.1	50.962	602	502	68	416	191	5	182	593	87	493	0.0	568
lcl|NC_000962.3_prot_NP_215813.1_1	GCF_000512735.1_WP_245565862.1	49.161	602	411	68	417	199	5	184	593	1	411	0.0	568
lcl|NC_000962.3_prot_NP_215813.1_1	GCF_019916025.1_WP_021434200.1	48.700	602	482	70	423	208	3	174	595	67	481	0.0	567
lcl|NC_000962.3_prot_NP_215813.1_1	GCF_901482605.1_WP_138210821.1	44.743	602	500	74	447	233	5	153	596	51	486	0.0	567
lcl|NC_000962.3_prot_NP_215813.1_1	GCF_016904155.1_WP_008369555.1	46.742	602	441	70	445	206	3	176	595	1	439	0.0	567
lcl|NC_000962.3_prot_NP_215813.1_1	GCF_000016545.1_WP_011917041.1	38.636	602	556	93	572	315	5	37	596	9	556	0.0	567
lcl|NC_000962.3_prot_NP_215813.1_1	GCF_000833575.1_WP_042530458.1	52.827	602	657	99	619	272	4	2	602	36	652	0.0	566
lcl|NC_000962.3_prot_NP_215813.1_1	GCF_000833575.1_WP_042530458.1	19.549	602	657	99	133	107	0	27	159	2	134	1.48e-05	56.2
lcl|NC_000962.3_prot_NP_215813.1_1	GCF_000166695.1_WP_013432368.1	40.142	602	556	92	563	309	5	37	591	9	551	0.0	566
lcl|NC_000962.3_prot_NP_215813.1_1	GCF_000145215.1_WP_013290749.1	39.076	602	555	92	563	314	5	37	591	9	550	0.0	566
lcl|NC_000962.3_prot_NP_215813.1_1	GCF_000018325.1_WP_049753914.1	48.492	602	455	71	431	214	3	167	595	31	455	0.0	566
lcl|NC_000962.3_prot_NP_215813.1_1	GCF_025149125.1_WP_007706262.1	35.563	602	612	93	613	336	7	34	593	2	608	0.0	566
lcl|NC_000962.3_prot_NP_215813.1_1	GCF_018389405.1_WP_091858133.1	32.385	602	658	98	633	376	7	4	592	33	657	0.0	566
lcl|NC_000962.3_prot_NP_215813.1_1	GCF_003999255.1_WP_127352138.1	38.811	602	556	93	572	314	5	37	596	9	556	0.0	566
lcl|NC_000962.3_prot_NP_215813.1_1	GCF_001702215.1_WP_014214740.1	45.581	602	428	71	430	225	3	173	600	2	424	0.0	566
lcl|NC_000962.3_prot_NP_215813.1_1	GCF_000022325.1_WP_015907576.1	39.964	602	556	92	563	310	5	37	591	9	551	0.0	566
lcl|NC_000962.3_prot_NP_215813.1_1	GCF_900186985.1_WP_095104238.1	46.047	602	438	71	430	221	5	166	592	3	424	0.0	566
lcl|NC_000962.3_prot_NP_215813.1_1	GCF_019931005.1_WP_005606878.1	45.176	602	422	70	425	224	3	170	592	2	419	0.0	566
lcl|NC_000962.3_prot_NP_215813.1_1	GCF_000632985.1_WP_232214995.1	41.667	602	497	77	480	259	5	133	597	24	497	0.0	566
lcl|NC_000962.3_prot_NP_215813.1_1	GCF_000340885.1_WP_015390724.1	37.943	602	500	93	564	277	7	34	593	3	497	0.0	565
lcl|NC_000962.3_prot_NP_215813.1_1	GCF_000166775.1_WP_013430577.1	39.787	602	557	92	563	312	5	37	591	9	552	0.0	565
lcl|NC_000962.3_prot_NP_215813.1_1	GCF_000166335.1_WP_013411839.1	39.964	602	556	92	563	310	5	37	591	9	551	0.0	565
lcl|NC_000962.3_prot_NP_215813.1_1	GCF_000146065.2_WP_015424682.1	44.391	602	419	69	419	221	4	179	591	5	417	0.0	565
lcl|NC_000962.3_prot_NP_215813.1_1	GCF_900637575.1_WP_012799476.1	41.054	602	685	98	626	324	6	2	589	50	668	0.0	565
lcl|NC_000962.3_prot_NP_215813.1_1	GCF_025147765.1_WP_005428102.1	43.008	602	496	77	472	256	4	131	595	29	494	0.0	565
lcl|NC_000962.3_prot_NP_215813.1_1	GCF_900538275.1_WP_125138406.1	40.357	602	489	92	560	255	6	40	595	1	485	0.0	565
lcl|NC_000962.3_prot_NP_215813.1_1	GCF_002982135.1_WP_057773251.1	47.952	602	430	69	415	207	3	176	588	5	412	0.0	565
lcl|NC_000962.3_prot_NP_215813.1_1	GCF_000195335.1_WP_013704017.1	46.172	602	426	69	418	217	3	176	591	12	423	0.0	565
lcl|NC_000962.3_prot_NP_215813.1_1	GCF_000166355.1_WP_013403549.1	40.142	602	556	92	563	309	5	37	591	9	551	0.0	565
lcl|NC_000962.3_prot_NP_215813.1_1	GCF_011300215.1_WP_166318566.1	42.568	602	633	98	592	334	4	1	591	42	628	0.0	564
lcl|NC_000962.3_prot_NP_215813.1_1	GCF_011300215.1_WP_166318566.1	19.149	602	633	98	188	152	0	20	207	2	189	1.85e-09	68.5
lcl|NC_000962.3_prot_NP_215813.1_1	GCF_010120715.1_WP_162361807.1	42.017	602	469	79	476	260	5	123	595	2	464	0.0	564
lcl|NC_000962.3_prot_NP_215813.1_1	GCF_007741535.1_WP_145171288.1	35.882	602	508	83	510	309	5	95	592	2	505	0.0	564
lcl|NC_000962.3_prot_NP_215813.1_1	GCF_000344785.1_WP_015650991.1	57.356	602	792	96	537	213	3	70	599	257	784	0.0	564
lcl|NC_000962.3_prot_NP_215813.1_1	GCF_000344785.1_WP_015650991.1	18.803	602	792	96	117	95	0	25	141	2	118	2.69e-06	58.9
lcl|NC_000962.3_prot_NP_215813.1_1	GCF_900119915.1_WP_075576746.1	43.680	602	611	89	538	292	5	57	590	69	599	0.0	563
lcl|NC_000962.3_prot_NP_215813.1_1	GCF_004300825.1_WP_130650830.1	47.527	602	551	93	566	272	6	34	594	3	548	0.0	563
lcl|NC_000962.3_prot_NP_215813.1_1	GCF_000247605.1_WP_014355693.1	36.535	602	582	92	583	334	8	33	588	2	575	0.0	563
lcl|NC_000962.3_prot_NP_215813.1_1	GCF_000218855.1_WP_010966173.1	47.706	602	483	72	436	219	3	149	581	39	468	0.0	563
lcl|NC_000962.3_prot_NP_215813.1_1	GCF_022846375.1_WP_244363513.1	46.028	602	426	71	428	223	3	166	591	2	423	0.0	563
lcl|NC_000962.3_prot_NP_215813.1_1	GCF_016458825.1_WP_243660955.1	47.439	602	446	69	449	199	3	176	593	1	443	0.0	563
lcl|NC_000962.3_prot_NP_215813.1_1	GCF_000235405.2_WP_211204761.1	46.618	602	416	68	414	213	3	180	591	3	410	0.0	563
lcl|NC_000962.3_prot_NP_215813.1_1	GCF_000014185.1_WP_011564633.1	40.998	602	498	93	561	259	5	35	593	5	495	0.0	562
lcl|NC_000962.3_prot_NP_215813.1_1	GCF_010669305.1_WP_163065107.1	36.731	602	496	94	569	278	7	37	602	6	495	0.0	562
lcl|NC_000962.3_prot_NP_215813.1_1	GCF_000010265.1_WP_012104032.1	55.319	602	484	62	376	158	4	228	599	112	481	0.0	562
lcl|NC_000962.3_prot_NP_215813.1_1	GCF_020138775.1_WP_003452426.1	55.256	602	486	61	371	156	4	228	594	118	482	0.0	561
lcl|NC_000962.3_prot_NP_215813.1_1	GCF_000830905.1_WP_041343020.1	47.887	602	424	69	426	205	5	178	595	8	424	0.0	561
lcl|NC_000962.3_prot_NP_215813.1_1	GCF_000196455.1_WP_013362349.1	47.018	602	457	72	436	208	5	158	591	37	451	0.0	561
lcl|NC_000962.3_prot_NP_215813.1_1	GCF_000025605.1_WP_245522250.1	48.921	602	411	68	417	200	5	184	593	1	411	0.0	561
lcl|NC_000962.3_prot_NP_215813.1_1	GCF_900070325.1_WP_058258889.1	52.279	602	450	61	373	168	3	227	595	81	447	0.0	561
lcl|NC_000962.3_prot_NP_215813.1_1	GCF_000953715.1_WP_084217142.1	43.387	602	441	71	431	235	3	164	591	11	435	0.0	561
lcl|NC_000962.3_prot_NP_215813.1_1	GCF_000021285.1_WP_012580366.1	43.262	602	421	70	423	232	3	171	591	2	418	0.0	561
lcl|NC_000962.3_prot_NP_215813.1_1	GCF_008065135.1_WP_202908798.1	42.721	602	418	69	419	228	4	176	588	1	413	0.0	561
lcl|NC_000962.3_prot_NP_215813.1_1	GCF_004684245.1_WP_135256296.1	46.387	602	427	71	429	222	3	165	591	2	424	0.0	561
lcl|NC_000962.3_prot_NP_215813.1_1	GCF_001642655.1_WP_017751757.1	56.438	602	492	60	365	149	4	228	588	117	475	0.0	561
lcl|NC_000962.3_prot_NP_215813.1_1	GCF_007747215.1_WP_145234733.1	39.484	602	499	83	504	293	4	97	594	2	499	0.0	560
lcl|NC_000962.3_prot_NP_215813.1_1	GCF_015277515.1_WP_194369991.1	38.475	602	665	97	590	347	6	9	589	70	652	0.0	560
lcl|NC_000962.3_prot_NP_215813.1_1	GCF_008705175.1_WP_039772945.1	45.747	602	480	72	435	216	6	163	593	59	477	0.0	560
lcl|NC_000962.3_prot_NP_215813.1_1	GCF_000143685.1_WP_013236912.1	48.956	602	484	71	431	207	5	167	593	54	475	0.0	560
lcl|NC_000962.3_prot_NP_215813.1_1	GCF_000018685.1_WP_012198440.1	34.928	602	650	99	627	369	8	2	595	29	649	0.0	560
lcl|NC_000962.3_prot_NP_215813.1_1	GCF_020911725.1_WP_267890564.1	55.228	602	474	61	373	157	4	226	594	103	469	0.0	560
lcl|NC_000962.3_prot_NP_215813.1_1	GCF_003491185.1_WP_103016621.1	44.138	602	468	87	435	233	4	162	592	40	468	0.0	560
lcl|NC_000962.3_prot_NP_215813.1_1	GCF_003491185.1_WP_103016621.1	16.842	602	468	87	95	79	0	35	129	4	98	5.43e-06	57.4
lcl|NC_000962.3_prot_NP_215813.1_1	GCF_000091545.1_WP_011173142.1	46.028	602	426	71	428	223	3	166	591	2	423	0.0	560
lcl|NC_000962.3_prot_NP_215813.1_1	GCF_017347585.1_WP_207178287.1	39.609	602	555	92	563	311	5	37	591	9	550	0.0	559
lcl|NC_000962.3_prot_NP_215813.1_1	GCF_901538265.1_WP_162667796.1	41.129	602	491	81	496	280	4	105	594	2	491	0.0	559
lcl|NC_000962.3_prot_NP_215813.1_1	GCF_023195815.2_WP_248417067.1	45.735	602	422	70	422	220	3	174	593	2	416	0.0	559
lcl|NC_000962.3_prot_NP_215813.1_1	GCF_016591975.1_WP_271714956.1	41.489	602	505	77	470	263	4	130	595	41	502	0.0	559
lcl|NC_000962.3_prot_NP_215813.1_1	GCF_000199675.1_WP_013559361.1	50.117	602	425	69	427	195	5	176	591	2	421	0.0	559
lcl|NC_000962.3_prot_NP_215813.1_1	GCF_006351925.1_WP_243122160.1	54.447	602	486	61	371	159	4	228	594	113	477	0.0	558
lcl|NC_000962.3_prot_NP_215813.1_1	GCF_004103735.1_WP_128744589.1	46.793	602	457	69	421	215	4	178	595	38	452	0.0	558
lcl|NC_000962.3_prot_NP_215813.1_1	GCF_003606265.1_WP_066676586.1	43.226	602	464	70	465	212	6	176	594	1	459	0.0	558
lcl|NC_000962.3_prot_NP_215813.1_1	GCF_003288115.1_WP_112195728.1	46.462	602	431	69	424	213	5	176	591	5	422	0.0	558
lcl|NC_000962.3_prot_NP_215813.1_1	GCF_000473995.1_WP_022743807.1	44.521	602	488	72	438	230	5	155	588	54	482	0.0	558
lcl|NC_000962.3_prot_NP_215813.1_1	GCF_020735365.1_WP_021652109.1	37.809	602	506	93	566	285	6	34	595	2	504	0.0	558
lcl|NC_000962.3_prot_NP_215813.1_1	GCF_004208415.1_WP_129885916.1	49.057	602	422	69	424	203	3	176	592	1	418	0.0	558
lcl|NC_000962.3_prot_NP_215813.1_1	GCF_000807675.2_WP_038352810.1	34.338	602	617	98	597	370	4	2	591	30	611	0.0	558
lcl|NC_000962.3_prot_NP_215813.1_1	GCF_000807675.2_WP_038352810.1	17.228	602	617	98	267	173	4	34	299	3	222	9.59e-14	82.4
lcl|NC_000962.3_prot_NP_215813.1_1	GCF_001535545.1_WP_060384435.1	45.561	602	426	71	428	225	3	166	591	2	423	0.0	558
lcl|NC_000962.3_prot_NP_215813.1_1	GCF_025148125.1_WP_025579236.1	46.437	602	465	72	435	218	5	165	595	40	463	0.0	557
lcl|NC_000962.3_prot_NP_215813.1_1	GCF_013128195.2_WP_171472178.1	41.548	602	503	81	491	275	4	110	594	19	503	0.0	557
lcl|NC_000962.3_prot_NP_215813.1_1	GCF_001399775.1_WP_003044686.1	46.495	602	426	71	428	221	3	166	591	2	423	0.0	557
lcl|NC_000962.3_prot_NP_215813.1_1	GCF_000968375.1_WP_029159233.1	45.905	602	504	76	464	237	6	130	588	36	490	0.0	557
lcl|NC_000962.3_prot_NP_215813.1_1	GCF_003589745.1_WP_111524113.1	36.283	602	567	93	565	347	5	34	591	2	560	0.0	556
lcl|NC_000962.3_prot_NP_215813.1_1	GCF_001953175.1_WP_257787734.1	47.183	602	421	70	426	213	3	176	595	1	420	0.0	556
lcl|NC_000962.3_prot_NP_215813.1_1	GCF_000143845.1_WP_013251616.1	39.868	602	683	99	607	344	7	8	602	82	679	0.0	556
lcl|NC_000962.3_prot_NP_215813.1_1	GCF_006494815.1_WP_141013921.1	41.368	602	661	99	614	338	4	1	595	49	659	0.0	556
lcl|NC_000962.3_prot_NP_215813.1_1	GCF_006494815.1_WP_141013921.1	14.359	602	661	99	195	165	1	32	224	21	215	1.46e-11	75.5
lcl|NC_000962.3_prot_NP_215813.1_1	GCF_000152245.2_WP_013381758.1	34.171	602	617	98	597	371	4	2	591	30	611	0.0	556
lcl|NC_000962.3_prot_NP_215813.1_1	GCF_000152245.2_WP_013381758.1	16.854	602	617	98	267	174	4	34	299	3	222	5.73e-14	83.2
lcl|NC_000962.3_prot_NP_215813.1_1	GCF_014672715.2_WP_102331004.1	47.743	602	451	69	421	208	3	181	595	36	450	0.0	556
lcl|NC_000962.3_prot_NP_215813.1_1	GCF_004322855.1_WP_131154125.1	43.615	602	628	99	603	322	5	2	594	30	624	0.0	556
lcl|NC_000962.3_prot_NP_215813.1_1	GCF_004322855.1_WP_131154125.1	19.318	602	628	99	176	138	2	37	208	6	181	7.18e-08	63.5
lcl|NC_000962.3_prot_NP_215813.1_1	GCF_002327205.1_WP_021876615.1	53.369	602	464	61	371	163	4	228	594	95	459	0.0	556
lcl|NC_000962.3_prot_NP_215813.1_1	GCF_013181415.1_WP_031596771.1	19.070	602	459	66	430	306	11	202	601	1	418	0.0	555
lcl|NC_000962.3_prot_NP_215813.1_1	GCF_008254045.1_WP_218575443.1	43.791	602	456	75	459	246	4	140	592	2	454	0.0	555
lcl|NC_000962.3_prot_NP_215813.1_1	GCF_000309885.1_WP_016329675.1	45.561	602	426	71	428	225	3	166	591	2	423	0.0	555
lcl|NC_000962.3_prot_NP_215813.1_1	GCF_000063585.1_WP_011947979.1	54.324	602	481	61	370	159	4	228	593	110	473	0.0	555
lcl|NC_000962.3_prot_NP_215813.1_1	GCF_014701195.1_WP_190615992.1	44.762	602	430	69	420	223	3	167	583	4	417	0.0	555
lcl|NC_000962.3_prot_NP_215813.1_1	GCF_005280655.1_WP_137329513.1	48.210	602	447	69	419	204	4	181	595	35	444	0.0	555
lcl|NC_000962.3_prot_NP_215813.1_1	GCF_000297055.2_WP_009207218.1	19.767	602	458	66	430	303	11	202	601	1	418	0.0	555
lcl|NC_000962.3_prot_NP_215813.1_1	GCF_000018865.1_WP_242604925.1	53.191	602	415	62	376	169	2	217	591	41	410	0.0	555
lcl|NC_000962.3_prot_NP_215813.1_1	GCF_025148285.1_WP_006860153.1	44.966	602	482	74	447	236	3	153	595	40	480	0.0	554
lcl|NC_000962.3_prot_NP_215813.1_1	GCF_009184705.1_WP_050901475.1	48.049	602	407	68	410	203	3	189	595	1	403	0.0	554
lcl|NC_000962.3_prot_NP_215813.1_1	GCF_004421105.1_WP_134356808.1	21.445	602	458	66	429	295	11	202	600	1	417	0.0	554
lcl|NC_000962.3_prot_NP_215813.1_1	GCF_002688585.1_WP_099340830.1	19.318	602	474	67	440	305	12	200	601	1	428	0.0	554
lcl|NC_000962.3_prot_NP_215813.1_1	GCF_000328545.1_WP_015311207.1	18.097	602	461	66	431	309	12	202	600	1	419	0.0	554
lcl|NC_000962.3_prot_NP_215813.1_1	GCF_000183745.1_WP_013457772.1	47.017	602	426	69	419	214	3	175	591	11	423	0.0	554
lcl|NC_000962.3_prot_NP_215813.1_1	GCF_000143085.1_WP_013221906.1	21.445	602	458	66	429	295	11	202	600	1	417	0.0	554
lcl|NC_000962.3_prot_NP_215813.1_1	GCF_000021945.1_WP_041470415.1	53.476	602	422	62	374	167	2	219	591	50	417	0.0	554
lcl|NC_000962.3_prot_NP_215813.1_1	GCF_000012805.1_WP_002813568.1	21.445	602	458	66	429	295	11	202	600	1	417	0.0	554
lcl|NC_000962.3_prot_NP_215813.1_1	GCF_026547205.1_WP_275420306.1	18.636	602	473	66	440	305	13	202	600	1	428	0.0	554
lcl|NC_000962.3_prot_NP_215813.1_1	GCF_019931675.1_WP_223393911.1	44.291	602	556	96	578	299	2	17	594	2	556	0.0	554
lcl|NC_000962.3_prot_NP_215813.1_1	GCF_012276695.1_WP_168607032.1	19.863	602	472	66	438	301	12	202	601	1	426	0.0	554
lcl|NC_000962.3_prot_NP_215813.1_1	GCF_002074155.1_WP_039635153.1	48.668	602	487	68	413	200	4	186	595	79	482	0.0	554
lcl|NC_000962.3_prot_NP_215813.1_1	GCF_001735765.2_WP_069678747.1	52.877	602	487	60	365	162	4	228	588	113	471	0.0	554
lcl|NC_000962.3_prot_NP_215813.1_1	GCF_000196115.1_WP_231846488.1	41.784	602	421	70	426	235	5	176	594	1	420	0.0	554
lcl|NC_000962.3_prot_NP_215813.1_1	GCF_000166775.1_WP_013430258.1	17.972	602	467	67	434	311	13	200	600	1	422	0.0	554
lcl|NC_000962.3_prot_NP_215813.1_1	GCF_000166335.1_WP_013403207.1	17.972	602	467	67	434	311	13	200	600	1	422	0.0	554
lcl|NC_000962.3_prot_NP_215813.1_1	GCF_000024225.1_WP_012808620.1	41.935	602	701	92	558	312	5	47	602	150	697	0.0	554
lcl|NC_000962.3_prot_NP_215813.1_1	GCF_000018685.1_WP_012201731.1	18.037	602	472	67	438	313	13	197	600	5	430	0.0	554
lcl|NC_000962.3_prot_NP_215813.1_1	GCF_000015105.1_WP_011738374.1	20.233	602	459	66	430	301	11	202	601	1	418	0.0	554
lcl|NC_000962.3_prot_NP_215813.1_1	GCF_020181435.1_WP_006567599.1	19.310	602	465	67	435	305	13	201	601	3	425	0.0	553
lcl|NC_000962.3_prot_NP_215813.1_1	GCF_015159595.1_WP_193736326.1	38.652	602	531	93	564	303	5	34	593	3	527	0.0	553
lcl|NC_000962.3_prot_NP_215813.1_1	GCF_014337175.1_WP_022153878.1	37.699	602	503	93	565	282	5	34	594	2	500	0.0	553
lcl|NC_000962.3_prot_NP_215813.1_1	GCF_003096175.1_WP_032078588.1	45.572	602	498	76	463	234	5	130	588	36	484	0.0	553
lcl|NC_000962.3_prot_NP_215813.1_1	GCF_000146185.1_WP_041688175.1	46.818	602	478	72	440	224	3	159	594	42	475	0.0	553
lcl|NC_000962.3_prot_NP_215813.1_1	GCF_000018605.1_WP_012207890.1	42.500	602	441	73	440	244	3	155	591	2	435	0.0	553
lcl|NC_000962.3_prot_NP_215813.1_1	GCF_902810445.1_WP_197744400.1	20.746	602	458	66	429	298	11	202	600	1	417	0.0	553
lcl|NC_000962.3_prot_NP_215813.1_1	GCF_026547225.1_WP_275417449.1	19.091	602	473	66	440	303	13	202	600	1	428	0.0	553
lcl|NC_000962.3_prot_NP_215813.1_1	GCF_024205945.1_WP_149459160.1	46.387	602	438	71	429	219	5	166	591	3	423	0.0	553
lcl|NC_000962.3_prot_NP_215813.1_1	GCF_000147695.2_WP_014062493.1	18.097	602	461	66	431	309	12	202	600	1	419	0.0	553
lcl|NC_000962.3_prot_NP_215813.1_1	GCF_000024725.1_WP_013034805.1	20.979	602	458	66	429	297	11	202	600	1	417	0.0	553
lcl|NC_000962.3_prot_NP_215813.1_1	GCF_000023265.1_WP_015799202.1	44.764	602	594	94	592	291	7	35	597	9	593	0.0	553
lcl|NC_000962.3_prot_NP_215813.1_1	GCF_000012345.1_WP_006997680.1	19.863	602	472	66	438	301	12	202	601	1	426	0.0	553
lcl|NC_000962.3_prot_NP_215813.1_1	GCF_022836935.1_WP_244450188.1	19.369	602	477	67	444	303	11	201	601	1	432	0.0	553
lcl|NC_000962.3_prot_NP_215813.1_1	GCF_020546685.1_WP_227086029.1	47.857	602	416	69	420	209	4	176	591	1	414	0.0	553
lcl|NC_000962.3_prot_NP_215813.1_1	GCF_005931095.1_WP_017841056.1	20.233	602	460	66	430	301	11	202	601	1	418	0.0	553
lcl|NC_000962.3_prot_NP_215813.1_1	GCF_002007565.1_WP_077994074.1	19.134	602	529	66	439	300	11	205	600	57	483	0.0	553
lcl|NC_000962.3_prot_NP_215813.1_1	GCF_001941565.1_WP_075734609.1	50.809	602	726	99	618	286	4	2	602	105	721	0.0	553
lcl|NC_000962.3_prot_NP_215813.1_1	GCF_001941565.1_WP_075734609.1	17.045	602	726	99	176	146	0	27	202	2	177	1.04e-08	66.6
lcl|NC_000962.3_prot_NP_215813.1_1	GCF_001941565.1_WP_075734609.1	12.299	602	726	99	187	161	1	2	188	36	219	6.32e-05	54.3
lcl|NC_000962.3_prot_NP_215813.1_1	GCF_000599985.1_WP_025314341.1	21.346	602	460	66	431	295	12	202	600	1	419	0.0	553
lcl|NC_000962.3_prot_NP_215813.1_1	GCF_000577895.1_WP_156930545.1	45.475	602	479	72	442	228	4	158	592	39	474	0.0	553
lcl|NC_000962.3_prot_NP_215813.1_1	GCF_000178835.2_WP_013658578.1	18.433	602	463	67	434	309	13	200	600	1	422	0.0	553
lcl|NC_000962.3_prot_NP_215813.1_1	GCF_000166695.1_WP_013432691.1	17.972	602	467	67	434	311	13	200	600	1	422	0.0	553
lcl|NC_000962.3_prot_NP_215813.1_1	GCF_000145215.1_WP_013290429.1	17.972	602	467	67	434	311	13	200	600	1	422	0.0	553
lcl|NC_000962.3_prot_NP_215813.1_1	GCF_000016545.1_WP_011917491.1	18.203	602	467	67	434	310	14	200	600	1	422	0.0	553
lcl|NC_000962.3_prot_NP_215813.1_1	GCF_009938015.1_WP_147075182.1	19.767	602	459	66	430	303	11	202	601	1	418	0.0	552
lcl|NC_000962.3_prot_NP_215813.1_1	GCF_009002475.1_WP_151966718.1	50.949	602	397	61	369	171	4	226	590	27	389	0.0	552
lcl|NC_000962.3_prot_NP_215813.1_1	GCF_003444775.1_WP_027462631.1	47.156	602	425	69	422	213	4	174	591	7	422	0.0	552
lcl|NC_000962.3_prot_NP_215813.1_1	GCF_000968535.2_WP_014146844.1	20.233	602	460	66	430	301	11	202	601	1	418	0.0	552
lcl|NC_000962.3_prot_NP_215813.1_1	GCF_000022325.1_WP_015907887.1	17.972	602	467	67	434	311	13	200	600	1	422	0.0	552
lcl|NC_000962.3_prot_NP_215813.1_1	GCF_016807805.1_WP_203195242.1	19.101	602	478	67	445	305	11	200	601	1	433	0.0	552
lcl|NC_000962.3_prot_NP_215813.1_1	GCF_014337195.1_WP_249301354.1	44.643	602	448	69	448	208	4	178	591	2	443	0.0	552
lcl|NC_000962.3_prot_NP_215813.1_1	GCF_005484965.1_WP_009115055.1	20.602	602	460	66	432	299	12	202	601	1	420	0.0	552
lcl|NC_000962.3_prot_NP_215813.1_1	GCF_003667905.1_WP_003504956.1	19.680	602	484	66	437	301	11	202	600	14	438	0.0	552
lcl|NC_000962.3_prot_NP_215813.1_1	GCF_000754265.1_WP_038498033.1	20.833	602	460	66	432	298	12	202	601	1	420	0.0	552
lcl|NC_000962.3_prot_NP_215813.1_1	GCF_000597865.1_WP_025434711.1	57.995	602	473	61	369	148	2	228	595	111	473	0.0	552
lcl|NC_000962.3_prot_NP_215813.1_1	GCF_000021645.1_WP_012583445.1	55.464	602	474	61	366	155	3	224	588	101	459	0.0	552
lcl|NC_000962.3_prot_NP_215813.1_1	GCF_000010405.1_WP_011930313.1	20.698	602	459	66	430	299	11	202	601	1	418	0.0	552
lcl|NC_000962.3_prot_NP_215813.1_1	GCF_028532485.1_WP_272735975.1	41.438	602	582	94	584	318	6	33	598	5	582	0.0	551
lcl|NC_000962.3_prot_NP_215813.1_1	GCF_004208415.1_WP_129889976.1	52.800	602	419	62	375	167	3	225	595	50	418	0.0	551
lcl|NC_000962.3_prot_NP_215813.1_1	GCF_003568865.1_WP_119068341.1	46.608	602	497	76	457	236	3	139	593	45	495	0.0	551
lcl|NC_000962.3_prot_NP_215813.1_1	GCF_002356115.1_WP_096527662.1	20.513	602	458	66	429	299	11	202	600	1	417	0.0	551
lcl|NC_000962.3_prot_NP_215813.1_1	GCF_001281385.1_WP_020023679.1	20.698	602	459	66	430	299	11	202	601	1	418	0.0	551
lcl|NC_000962.3_prot_NP_215813.1_1	GCF_020181435.1_WP_022261228.1	48.675	602	447	68	415	203	3	185	595	36	444	0.0	551
lcl|NC_000962.3_prot_NP_215813.1_1	GCF_019203185.1_WP_218283401.1	17.742	602	464	67	434	312	13	200	600	1	422	0.0	551
lcl|NC_000962.3_prot_NP_215813.1_1	GCF_013377195.1_WP_132024771.1	20.233	602	457	66	430	300	12	202	601	1	417	0.0	551
lcl|NC_000962.3_prot_NP_215813.1_1	GCF_011067105.1_WP_017869108.1	48.104	602	425	69	422	209	4	174	591	8	423	0.0	551
lcl|NC_000962.3_prot_NP_215813.1_1	GCF_009730315.1_WP_004632617.1	45.673	602	422	68	416	214	4	182	593	11	418	0.0	551
lcl|NC_000962.3_prot_NP_215813.1_1	GCF_006351925.1_WP_139905680.1	18.794	602	465	66	431	306	12	203	601	4	422	0.0	551
lcl|NC_000962.3_prot_NP_215813.1_1	GCF_004001245.1_WP_127478747.1	21.395	602	458	66	430	296	11	202	601	1	418	0.0	551
lcl|NC_000962.3_prot_NP_215813.1_1	GCF_003999255.1_WP_039763939.1	18.203	602	467	67	434	310	14	200	600	1	422	0.0	551
lcl|NC_000962.3_prot_NP_215813.1_1	GCF_002209165.2_WP_048540930.1	46.651	602	438	71	433	220	5	166	595	3	427	0.0	551
lcl|NC_000962.3_prot_NP_215813.1_1	GCF_001038625.1_WP_007061652.1	56.164	602	492	60	365	150	4	228	588	120	478	0.0	551
lcl|NC_000962.3_prot_NP_215813.1_1	GCF_000807275.1_WP_039105932.1	20.882	602	460	66	431	297	12	202	600	1	419	0.0	551
lcl|NC_000962.3_prot_NP_215813.1_1	GCF_000264765.2_WP_012850326.1	20.370	602	460	66	432	300	12	202	601	1	420	0.0	551
lcl|NC_000962.3_prot_NP_215813.1_1	GCF_000189775.2_WP_013788575.1	17.633	602	461	66	431	311	12	202	600	1	419	0.0	551
lcl|NC_000962.3_prot_NP_215813.1_1	GCF_000143145.1_WP_013217356.1	19.101	602	477	67	445	305	11	200	601	1	433	0.0	551
lcl|NC_000962.3_prot_NP_215813.1_1	GCF_900231165.1_WP_099557763.1	19.865	602	477	66	443	300	11	201	600	1	431	0.0	551
lcl|NC_000962.3_prot_NP_215813.1_1	GCF_018734325.1_WP_215582292.1	19.767	602	457	66	430	302	12	202	601	1	417	0.0	551
lcl|NC_000962.3_prot_NP_215813.1_1	GCF_018138105.1_WP_034521637.1	19.495	602	476	66	436	301	11	203	600	10	433	0.0	551
lcl|NC_000962.3_prot_NP_215813.1_1	GCF_016767175.1_WP_132028100.1	17.742	602	465	67	434	312	13	200	600	1	422	0.0	551
lcl|NC_000962.3_prot_NP_215813.1_1	GCF_004015185.1_WP_128212232.1	40.250	602	495	92	559	250	8	38	592	7	485	0.0	551
lcl|NC_000962.3_prot_NP_215813.1_1	GCF_003614235.1_WP_004443739.1	19.630	602	463	67	433	304	12	200	600	1	421	0.0	551
lcl|NC_000962.3_prot_NP_215813.1_1	GCF_000307585.2_WP_014758303.1	17.633	602	461	66	431	311	12	202	600	1	419	0.0	551
lcl|NC_000962.3_prot_NP_215813.1_1	GCF_000020965.1_WP_012548062.1	55.464	602	472	61	366	155	3	224	588	99	457	0.0	551
lcl|NC_000962.3_prot_NP_215813.1_1	GCF_000016285.1_WP_015917381.1	19.773	602	485	66	440	298	11	205	601	13	440	0.0	551
lcl|NC_000962.3_prot_NP_215813.1_1	GCF_900184705.1_WP_087862793.1	48.244	602	424	69	427	203	5	176	591	1	420	0.0	550
lcl|NC_000962.3_prot_NP_215813.1_1	GCF_019977655.1_WP_224036181.1	18.476	602	463	67	433	309	12	200	600	1	421	0.0	550
lcl|NC_000962.3_prot_NP_215813.1_1	GCF_016592595.1_WP_201341459.1	20.465	602	459	66	430	300	11	202	601	1	418	0.0	550
lcl|NC_000962.3_prot_NP_215813.1_1	GCF_010669145.1_WP_026363767.1	19.680	602	484	66	437	301	11	202	600	14	438	0.0	550
lcl|NC_000962.3_prot_NP_215813.1_1	GCF_000196275.1_WP_011530238.1	47.307	602	425	70	427	215	4	169	591	2	422	0.0	550
lcl|NC_000962.3_prot_NP_215813.1_1	GCF_000092925.1_WP_013168258.1	19.595	602	477	67	444	302	11	201	601	1	432	0.0	550
lcl|NC_000962.3_prot_NP_215813.1_1	GCF_019670005.1_WP_221064994.1	20.000	602	460	66	430	302	11	202	601	1	418	0.0	550
lcl|NC_000962.3_prot_NP_215813.1_1	GCF_017347585.1_WP_207182352.1	17.972	602	467	67	434	311	13	200	600	1	422	0.0	550
lcl|NC_000962.3_prot_NP_215813.1_1	GCF_016026395.1_WP_024522849.1	20.370	602	460	66	432	300	12	202	601	1	420	0.0	550
lcl|NC_000962.3_prot_NP_215813.1_1	GCF_013285525.1_WP_004443768.1	19.451	602	484	66	437	302	11	202	600	14	438	0.0	550
lcl|NC_000962.3_prot_NP_215813.1_1	GCF_009498235.1_WP_153250557.1	20.465	602	460	66	430	300	11	202	601	1	418	0.0	550
lcl|NC_000962.3_prot_NP_215813.1_1	GCF_004087915.1_WP_128467005.1	18.621	602	468	67	435	308	13	200	600	1	423	0.0	550
lcl|NC_000962.3_prot_NP_215813.1_1	GCF_003584645.1_WP_119630880.1	20.233	602	460	66	430	301	11	202	601	1	418	0.0	550
lcl|NC_000962.3_prot_NP_215813.1_1	GCF_002504285.1_WP_005291207.1	20.370	602	460	66	432	300	12	202	601	1	420	0.0	550
lcl|NC_000962.3_prot_NP_215813.1_1	GCF_001753245.1_WP_070079757.1	20.000	602	459	66	430	302	11	202	601	1	418	0.0	550
lcl|NC_000962.3_prot_NP_215813.1_1	GCF_000092425.1_WP_041948001.1	46.651	602	415	69	418	215	3	176	591	1	412	0.0	550
lcl|NC_000962.3_prot_NP_215813.1_1	GCF_900635775.1_WP_103855669.1	19.767	602	457	66	430	302	12	202	601	1	417	0.0	550
lcl|NC_000962.3_prot_NP_215813.1_1	GCF_900537995.1_WP_006859132.1	38.584	602	501	93	565	275	5	34	594	2	498	0.0	550
lcl|NC_000962.3_prot_NP_215813.1_1	GCF_019669985.1_WP_054772741.1	20.465	602	460	66	430	300	11	202	601	1	418	0.0	550
lcl|NC_000962.3_prot_NP_215813.1_1	GCF_009649955.1_WP_153724556.1	17.500	602	471	66	440	310	14	202	600	1	428	0.0	550
lcl|NC_000962.3_prot_NP_215813.1_1	GCF_002007485.1_WP_078040173.1	19.091	602	541	66	440	301	11	204	600	68	495	0.0	550
lcl|NC_000962.3_prot_NP_215813.1_1	GCF_000740965.1_WP_011095966.1	19.907	602	460	66	432	302	12	202	601	1	420	0.0	550
lcl|NC_000962.3_prot_NP_215813.1_1	GCF_000183405.1_WP_013451706.1	17.471	602	468	66	435	312	13	201	600	1	423	0.0	550
lcl|NC_000962.3_prot_NP_215813.1_1	GCF_000009785.1_WP_011232825.1	18.864	602	473	66	440	304	13	202	600	1	428	0.0	550
lcl|NC_000962.3_prot_NP_215813.1_1	GCF_900638565.1_WP_126439298.1	46.083	602	478	69	434	207	4	178	592	51	476	0.0	549
lcl|NC_000962.3_prot_NP_215813.1_1	GCF_900465355.1_WP_231944229.1	48.449	602	413	69	419	206	5	178	593	1	412	0.0	549
lcl|NC_000962.3_prot_NP_215813.1_1	GCF_018398935.1_WP_261352949.1	43.129	602	472	78	473	257	4	126	592	5	471	0.0	549
lcl|NC_000962.3_prot_NP_215813.1_1	GCF_017352215.1_WP_207300642.1	17.931	602	467	67	435	312	13	200	601	1	423	0.0	549
lcl|NC_000962.3_prot_NP_215813.1_1	GCF_011765605.1_WP_035688900.1	19.767	602	457	66	430	302	12	202	601	1	417	0.0	549
lcl|NC_000962.3_prot_NP_215813.1_1	GCF_008693965.1_WP_010796328.1	20.930	602	458	66	430	298	11	202	601	1	418	0.0	549
lcl|NC_000962.3_prot_NP_215813.1_1	GCF_005280655.1_WP_137327414.1	19.310	602	465	67	435	305	13	201	601	3	425	0.0	549
lcl|NC_000962.3_prot_NP_215813.1_1	GCF_004295665.1_WP_130602240.1	20.785	602	461	66	433	298	12	202	601	1	421	0.0	549
lcl|NC_000962.3_prot_NP_215813.1_1	GCF_002215215.1_WP_088921582.1	20.465	602	461	66	430	300	11	202	601	1	418	0.0	549
lcl|NC_000962.3_prot_NP_215813.1_1	GCF_002072065.1_WP_008880693.1	18.636	602	473	66	440	305	13	202	600	1	428	0.0	549
lcl|NC_000962.3_prot_NP_215813.1_1	GCF_000746025.2_WP_034420592.1	18.097	602	466	66	431	306	13	205	600	5	423	0.0	549
lcl|NC_000962.3_prot_NP_215813.1_1	GCF_000021985.1_WP_012639834.1	21.163	602	459	66	430	297	11	202	601	1	418	0.0	549
lcl|NC_000962.3_prot_NP_215813.1_1	GCF_028657945.1_WP_274052128.1	21.016	602	461	66	433	297	12	202	601	1	421	0.0	549
lcl|NC_000962.3_prot_NP_215813.1_1	GCF_022870865.1_WP_244785388.1	20.642	602	465	66	436	298	12	202	601	1	424	0.0	549
lcl|NC_000962.3_prot_NP_215813.1_1	GCF_020735705.1_WP_004853178.1	37.655	602	539	93	563	316	5	38	595	4	536	0.0	549
lcl|NC_000962.3_prot_NP_215813.1_1	GCF_019916025.1_WP_021430421.1	18.894	602	464	66	434	306	13	201	600	1	422	0.0	549
lcl|NC_000962.3_prot_NP_215813.1_1	GCF_013376475.1_WP_176630040.1	19.863	602	467	67	438	302	13	200	600	1	426	0.0	549
lcl|NC_000962.3_prot_NP_215813.1_1	GCF_012295505.1_WP_063167197.1	18.636	602	473	66	440	305	13	202	600	1	428	0.0	549
lcl|NC_000962.3_prot_NP_215813.1_1	GCF_003667725.1_WP_006310767.1	19.680	602	484	66	437	301	11	202	600	14	438	0.0	549
lcl|NC_000962.3_prot_NP_215813.1_1	GCF_000503895.1_WP_023785903.1	19.775	602	477	67	445	302	11	200	601	1	433	0.0	549
lcl|NC_000962.3_prot_NP_215813.1_1	GCF_000145035.1_WP_013281114.1	37.633	602	495	93	566	275	5	34	595	2	493	0.0	549
lcl|NC_000962.3_prot_NP_215813.1_1	GCF_000007745.1_WP_011201491.1	19.535	602	458	66	430	304	11	202	601	1	418	0.0	549
lcl|NC_000962.3_prot_NP_215813.1_1	GCF_000007085.1_WP_011025047.1	18.097	602	461	66	431	309	12	202	600	1	419	0.0	549
lcl|NC_000962.3_prot_NP_215813.1_1	GCF_025151995.1_WP_028529697.1	46.241	602	448	72	439	225	4	162	595	14	446	0.0	548
lcl|NC_000962.3_prot_NP_215813.1_1	GCF_014337155.1_WP_021984545.1	18.433	602	464	66	434	308	13	201	600	3	424	0.0	548
lcl|NC_000962.3_prot_NP_215813.1_1	GCF_011046895.1_WP_062556086.1	19.680	602	476	66	437	301	11	202	600	7	431	0.0	548
lcl|NC_000962.3_prot_NP_215813.1_1	GCF_009730295.1_WP_006364723.1	45.913	602	422	68	416	213	5	182	593	11	418	0.0	548
lcl|NC_000962.3_prot_NP_215813.1_1	GCF_005484945.1_WP_137715162.1	20.370	602	460	66	432	300	12	202	601	1	420	0.0	548
lcl|NC_000962.3_prot_NP_215813.1_1	GCF_003952345.1_WP_125974802.1	19.114	602	459	66	429	305	11	202	600	1	417	0.0	548
lcl|NC_000962.3_prot_NP_215813.1_1	GCF_000025645.1_WP_012994740.1	17.633	602	461	66	431	311	12	202	600	1	419	0.0	548
lcl|NC_000962.3_prot_NP_215813.1_1	GCF_000024285.1_WP_012811970.1	19.080	602	467	66	435	304	14	202	600	1	423	0.0	548
lcl|NC_000962.3_prot_NP_215813.1_1	GCF_902387955.1_WP_014080067.1	46.575	602	471	72	438	222	4	161	594	39	468	0.0	548
lcl|NC_000962.3_prot_NP_215813.1_1	GCF_900120345.1_WP_076778308.1	46.205	602	482	74	448	231	3	152	595	39	480	0.0	548
lcl|NC_000962.3_prot_NP_215813.1_1	GCF_019272935.1_WP_218687949.1	18.636	602	473	66	440	305	13	202	600	1	428	0.0	548
lcl|NC_000962.3_prot_NP_215813.1_1	GCF_018141425.1_WP_113673130.1	17.972	602	460	67	434	311	12	200	600	1	422	0.0	548
lcl|NC_000962.3_prot_NP_215813.1_1	GCF_016939435.1_WP_015865310.1	18.636	602	473	66	440	305	13	202	600	1	428	0.0	548
lcl|NC_000962.3_prot_NP_215813.1_1	GCF_013488025.1_WP_010300079.1	19.676	602	460	66	432	303	12	202	601	1	420	0.0	548
lcl|NC_000962.3_prot_NP_215813.1_1	GCF_013342985.1_WP_174605985.1	20.465	602	459	66	430	300	11	202	601	1	418	0.0	548
lcl|NC_000962.3_prot_NP_215813.1_1	GCF_008152325.1_WP_148810388.1	18.203	602	464	67	434	310	13	200	600	1	422	0.0	548
lcl|NC_000962.3_prot_NP_215813.1_1	GCF_002209385.1_WP_088618169.1	19.535	602	460	66	430	304	11	202	601	1	418	0.0	548
lcl|NC_000962.3_prot_NP_215813.1_1	GCF_000785705.2_WP_036276030.1	19.767	602	457	66	430	302	12	202	601	1	417	0.0	548
lcl|NC_000962.3_prot_NP_215813.1_1	GCF_000092965.1_WP_013149999.1	17.633	602	461	66	431	311	12	202	600	1	419	0.0	548
lcl|NC_000962.3_prot_NP_215813.1_1	GCF_902387955.1_WP_014081232.1	18.059	602	471	68	443	315	14	192	600	1	429	0.0	548
lcl|NC_000962.3_prot_NP_215813.1_1	GCF_900475855.1_WP_068908820.1	19.907	602	460	66	432	302	12	202	601	1	420	0.0	548
lcl|NC_000962.3_prot_NP_215813.1_1	GCF_029023665.1_WP_210798132.1	21.016	602	461	66	433	297	12	202	601	1	421	0.0	548
lcl|NC_000962.3_prot_NP_215813.1_1	GCF_028885455.1_WP_145241681.1	20.785	602	461	66	433	298	12	202	601	1	421	0.0	548
lcl|NC_000962.3_prot_NP_215813.1_1	GCF_019884785.1_WP_223038031.1	17.972	602	464	67	434	311	13	200	600	1	422	0.0	548
lcl|NC_000962.3_prot_NP_215813.1_1	GCF_019797845.1_WP_222158960.1	20.602	602	460	66	432	299	12	202	601	1	420	0.0	548
lcl|NC_000962.3_prot_NP_215813.1_1	GCF_019669905.1_WP_054760816.1	20.000	602	457	66	430	301	12	202	601	1	417	0.0	548
lcl|NC_000962.3_prot_NP_215813.1_1	GCF_015240255.1_WP_194213620.1	20.046	602	472	67	439	302	12	200	601	1	427	0.0	548
lcl|NC_000962.3_prot_NP_215813.1_1	GCF_013376455.1_WP_163303083.1	19.406	602	467	67	438	304	13	200	600	1	426	0.0	548
lcl|NC_000962.3_prot_NP_215813.1_1	GCF_011764585.1_WP_173068711.1	20.000	602	459	66	430	302	11	202	601	1	418	0.0	548
lcl|NC_000962.3_prot_NP_215813.1_1	GCF_011745665.1_WP_166914776.1	21.065	602	460	66	432	297	12	202	601	1	420	0.0	548
lcl|NC_000962.3_prot_NP_215813.1_1	GCF_002763775.1_WP_005966619.1	19.722	602	462	66	431	302	12	202	600	1	419	0.0	548
lcl|NC_000962.3_prot_NP_215813.1_1	GCF_001006005.1_WP_024484688.1	20.370	602	460	66	432	300	12	202	601	1	420	0.0	548
lcl|NC_000962.3_prot_NP_215813.1_1	GCF_000948985.2_WP_044840202.1	20.833	602	461	66	432	297	12	202	600	1	420	0.0	548
lcl|NC_000962.3_prot_NP_215813.1_1	GCF_000214665.1_WP_013821058.1	20.000	602	457	66	430	301	12	202	601	1	417	0.0	548
lcl|NC_000962.3_prot_NP_215813.1_1	GCF_000020685.1_WP_012693193.1	46.824	602	424	70	425	216	4	171	591	3	421	0.0	548
lcl|NC_000962.3_prot_NP_215813.1_1	GCF_900638685.1_WP_004284431.1	20.183	602	465	66	436	300	12	202	601	1	424	0.0	547
lcl|NC_000962.3_prot_NP_215813.1_1	GCF_900638055.1_WP_003144706.1	44.952	602	422	68	416	217	5	182	593	11	418	0.0	547
lcl|NC_000962.3_prot_NP_215813.1_1	GCF_900187355.1_WP_028372423.1	20.930	602	458	66	430	298	11	202	601	1	418	0.0	547
lcl|NC_000962.3_prot_NP_215813.1_1	GCF_018326425.1_WP_212773502.1	17.084	602	469	66	439	312	13	202	600	1	427	0.0	547
lcl|NC_000962.3_prot_NP_215813.1_1	GCF_016725245.1_WP_016910987.1	46.882	602	438	71	433	219	5	166	595	3	427	0.0	547
lcl|NC_000962.3_prot_NP_215813.1_1	GCF_016592615.1_WP_201339356.1	20.465	602	459	66	430	300	11	202	601	1	418	0.0	547
lcl|NC_000962.3_prot_NP_215813.1_1	GCF_009650215.1_WP_229023088.1	43.793	602	571	95	580	307	8	26	597	2	570	0.0	547
lcl|NC_000962.3_prot_NP_215813.1_1	GCF_008632455.1_WP_150047740.1	19.302	602	457	66	430	304	12	202	601	1	417	0.0	547
lcl|NC_000962.3_prot_NP_215813.1_1	GCF_005860795.2_WP_138287237.1	19.222	602	487	66	437	303	11	202	600	17	441	0.0	547
lcl|NC_000962.3_prot_NP_215813.1_1	GCF_001010285.1_WP_046974581.1	20.139	602	460	66	432	301	12	202	601	1	420	0.0	547
lcl|NC_000962.3_prot_NP_215813.1_1	GCF_000948975.2_WP_044833121.1	20.785	602	461	66	433	298	12	202	601	1	421	0.0	547
lcl|NC_000962.3_prot_NP_215813.1_1	GCF_000231385.2_WP_014905265.1	19.355	602	465	66	434	303	13	202	600	1	422	0.0	547
lcl|NC_000962.3_prot_NP_215813.1_1	GCF_000196155.1_WP_011144453.1	20.139	602	460	66	432	301	12	202	601	1	420	0.0	547
lcl|NC_000962.3_prot_NP_215813.1_1	GCF_000177635.2_WP_013506845.1	18.794	602	466	66	431	306	12	202	600	1	419	0.0	547
lcl|NC_000962.3_prot_NP_215813.1_1	GCF_000166055.1_WP_013420820.1	19.865	602	477	67	443	301	11	201	601	3	433	0.0	547
lcl|NC_000962.3_prot_NP_215813.1_1	GCF_000146185.1_WP_041688829.1	18.014	602	464	66	433	309	13	202	600	4	424	0.0	547
lcl|NC_000962.3_prot_NP_215813.1_1	GCF_000091325.1_WP_013053589.1	20.930	602	458	66	430	298	11	202	601	1	418	0.0	547
lcl|NC_000962.3_prot_NP_215813.1_1	GCF_000019405.1_WP_012340942.1	19.535	602	457	66	430	303	12	202	601	1	417	0.0	547
lcl|NC_000962.3_prot_NP_215813.1_1	GCF_000010525.1_WP_012172645.1	19.101	602	478	67	445	305	11	200	601	1	433	0.0	547
lcl|NC_000962.3_prot_NP_215813.1_1	GCF_029277985.1_WP_154623593.1	19.907	602	460	66	432	302	12	202	601	1	420	0.0	547
lcl|NC_000962.3_prot_NP_215813.1_1	GCF_025402875.1_WP_011791276.1	20.968	602	463	66	434	297	12	202	601	1	422	0.0	547
lcl|NC_000962.3_prot_NP_215813.1_1	GCF_024360925.2_WP_255189868.1	19.767	602	457	66	430	302	12	202	601	1	417	0.0	547
lcl|NC_000962.3_prot_NP_215813.1_1	GCF_015326725.1_WP_181555393.1	18.636	602	473	66	440	305	13	202	600	1	428	0.0	547
lcl|NC_000962.3_prot_NP_215813.1_1	GCF_012222825.1_WP_035720870.1	20.000	602	458	66	430	302	11	202	601	1	418	0.0	547
lcl|NC_000962.3_prot_NP_215813.1_1	GCF_009937995.1_WP_162086111.1	18.605	602	459	66	430	308	11	202	601	1	418	0.0	547
lcl|NC_000962.3_prot_NP_215813.1_1	GCF_004358345.1_WP_121853197.1	21.198	602	462	66	434	296	12	202	601	1	422	0.0	547
lcl|NC_000962.3_prot_NP_215813.1_1	GCF_003711265.1_WP_122952168.1	19.767	602	459	66	430	303	11	202	601	1	418	0.0	547
lcl|NC_000962.3_prot_NP_215813.1_1	GCF_001455085.1_WP_029491546.1	19.258	602	462	66	431	304	12	202	600	1	419	0.0	547
lcl|NC_000962.3_prot_NP_215813.1_1	GCF_000763575.1_WP_049684714.1	17.633	602	461	66	431	311	12	202	600	1	419	0.0	547
lcl|NC_000962.3_prot_NP_215813.1_1	GCF_000731315.1_WP_038590763.1	20.183	602	476	66	436	298	11	203	600	8	431	0.0	547
lcl|NC_000962.3_prot_NP_215813.1_1	GCF_000219045.1_WP_013922334.1	20.233	602	458	66	430	301	11	202	601	1	418	0.0	547
lcl|NC_000962.3_prot_NP_215813.1_1	GCF_000194135.1_WP_013681999.1	17.540	602	468	67	439	312	13	201	601	1	427	0.0	547
lcl|NC_000962.3_prot_NP_215813.1_1	GCF_000178875.2_WP_006083845.1	20.968	602	463	66	434	297	12	202	601	1	422	0.0	547
lcl|NC_000962.3_prot_NP_215813.1_1	GCF_000069965.1_WP_004246589.1	19.676	602	460	66	432	303	12	202	601	1	420	0.0	547
lcl|NC_000962.3_prot_NP_215813.1_1	GCF_025946765.1_WP_264497191.1	20.370	602	460	66	432	300	12	202	601	1	420	0.0	546
lcl|NC_000962.3_prot_NP_215813.1_1	GCF_022592395.1_WP_047254864.1	20.139	602	460	66	432	301	12	202	601	1	420	0.0	546
lcl|NC_000962.3_prot_NP_215813.1_1	GCF_019856495.1_WP_222822873.1	18.014	602	462	66	433	309	13	202	600	1	421	0.0	546
lcl|NC_000962.3_prot_NP_215813.1_1	GCF_016904155.1_WP_008370073.1	17.742	602	463	66	434	311	13	201	600	3	424	0.0	546
lcl|NC_000962.3_prot_NP_215813.1_1	GCF_016724785.1_WP_124796842.1	19.258	602	462	66	431	304	12	202	600	1	419	0.0	546
lcl|NC_000962.3_prot_NP_215813.1_1	GCF_011397855.1_WP_044410002.1	21.163	602	458	66	430	297	11	202	601	1	418	0.0	546
lcl|NC_000962.3_prot_NP_215813.1_1	GCF_009873295.1_WP_010681463.1	19.676	602	460	66	432	303	12	202	601	1	420	0.0	546
lcl|NC_000962.3_prot_NP_215813.1_1	GCF_008807015.1_WP_151049354.1	19.725	602	465	66	436	302	12	202	601	1	424	0.0	546
lcl|NC_000962.3_prot_NP_215813.1_1	GCF_007995155.1_WP_057772852.1	18.182	602	473	66	440	307	13	202	600	1	428	0.0	546
lcl|NC_000962.3_prot_NP_215813.1_1	GCF_004116975.1_WP_064718357.1	19.676	602	460	66	432	303	12	202	601	1	420	0.0	546
lcl|NC_000962.3_prot_NP_215813.1_1	GCF_003668795.1_WP_004588076.1	21.247	602	461	66	433	296	12	202	601	1	421	0.0	546
lcl|NC_000962.3_prot_NP_215813.1_1	GCF_001742185.1_WP_005976556.1	19.676	602	460	66	432	303	12	202	601	1	420	0.0	546
lcl|NC_000962.3_prot_NP_215813.1_1	GCF_001421015.2_WP_060536550.1	19.680	602	466	66	437	301	14	202	600	1	425	0.0	546
lcl|NC_000962.3_prot_NP_215813.1_1	GCF_000299355.1_WP_041701342.1	18.981	602	465	66	432	305	13	203	601	5	424	0.0	546
lcl|NC_000962.3_prot_NP_215813.1_1	GCF_000196475.1_WP_012776231.1	19.907	602	460	66	432	302	12	202	601	1	420	0.0	546
lcl|NC_000962.3_prot_NP_215813.1_1	GCF_000144625.1_WP_013274560.1	18.938	602	464	66	433	305	13	202	600	4	424	0.0	546
lcl|NC_000962.3_prot_NP_215813.1_1	GCF_900186995.1_WP_007242485.1	19.767	602	457	66	430	302	12	202	601	1	417	0.0	546
lcl|NC_000962.3_prot_NP_215813.1_1	GCF_900095285.1_WP_241635439.1	19.258	602	462	66	431	304	12	202	600	1	419	0.0	546
lcl|NC_000962.3_prot_NP_215813.1_1	GCF_022369495.1_WP_006534341.1	19.676	602	460	66	432	303	12	202	601	1	420	0.0	546
lcl|NC_000962.3_prot_NP_215813.1_1	GCF_021049245.1_WP_231094589.1	19.725	602	467	66	436	301	13	202	600	1	424	0.0	546
lcl|NC_000962.3_prot_NP_215813.1_1	GCF_020181655.1_WP_225086336.1	19.490	602	460	66	431	303	12	202	600	1	419	0.0	546
lcl|NC_000962.3_prot_NP_215813.1_1	GCF_019552005.1_WP_005890549.1	19.258	602	462	66	431	304	12	202	600	1	419	0.0	546
lcl|NC_000962.3_prot_NP_215813.1_1	GCF_018141445.1_WP_212696360.1	18.161	602	461	67	435	310	13	200	600	1	423	0.0	546
lcl|NC_000962.3_prot_NP_215813.1_1	GCF_017638925.1_WP_208841942.1	20.785	602	461	66	433	298	12	202	601	1	421	0.0	546
lcl|NC_000962.3_prot_NP_215813.1_1	GCF_017569925.1_WP_208229095.1	20.370	602	460	66	432	300	12	202	601	1	420	0.0	546
lcl|NC_000962.3_prot_NP_215813.1_1	GCF_016772315.1_WP_202716019.1	20.930	602	458	66	430	298	11	202	601	1	418	0.0	546
lcl|NC_000962.3_prot_NP_215813.1_1	GCF_016028635.1_WP_003290901.1	20.465	602	458	66	430	300	11	202	601	1	418	0.0	546
lcl|NC_000962.3_prot_NP_215813.1_1	GCF_015356115.1_WP_194811140.1	19.535	602	457	66	430	303	12	202	601	1	417	0.0	546
lcl|NC_000962.3_prot_NP_215813.1_1	GCF_015097055.1_WP_200758017.1	20.046	602	468	66	439	299	13	202	600	1	427	0.0	546
lcl|NC_000962.3_prot_NP_215813.1_1	GCF_013358405.1_WP_175277878.1	19.770	602	487	66	435	299	11	205	601	20	442	0.0	546
lcl|NC_000962.3_prot_NP_215813.1_1	GCF_012427845.1_WP_107171132.1	19.676	602	460	66	432	303	12	202	601	1	420	0.0	546
lcl|NC_000962.3_prot_NP_215813.1_1	GCF_008727715.1_WP_024923015.1	20.230	602	530	66	435	297	11	205	601	63	485	0.0	546
lcl|NC_000962.3_prot_NP_215813.1_1	GCF_008033135.1_WP_148713861.1	19.580	602	459	66	429	303	11	202	600	1	417	0.0	546
lcl|NC_000962.3_prot_NP_215813.1_1	GCF_007301515.1_WP_143896423.1	19.954	602	467	66	436	300	13	202	600	1	424	0.0	546
lcl|NC_000962.3_prot_NP_215813.1_1	GCF_007197555.1_WP_144048722.1	20.930	602	458	66	430	298	11	202	601	1	418	0.0	546
lcl|NC_000962.3_prot_NP_215813.1_1	GCF_003966975.1_WP_116225126.1	46.387	602	424	69	429	212	5	176	593	1	422	0.0	546
lcl|NC_000962.3_prot_NP_215813.1_1	GCF_003353065.1_WP_114983908.1	35.500	602	758	97	600	363	7	11	593	166	758	0.0	546
lcl|NC_000962.3_prot_NP_215813.1_1	GCF_002355475.1_WP_003457985.1	21.163	602	458	66	430	297	11	202	601	1	418	0.0	546
lcl|NC_000962.3_prot_NP_215813.1_1	GCF_002288545.1_WP_039317443.1	19.676	602	460	66	432	303	12	202	601	1	420	0.0	546
lcl|NC_000962.3_prot_NP_215813.1_1	GCF_002288525.1_WP_034853045.1	19.770	602	504	66	435	298	12	205	600	36	458	0.0	546
lcl|NC_000962.3_prot_NP_215813.1_1	GCF_001644565.1_WP_064014648.1	46.588	602	426	70	425	217	4	171	591	5	423	0.0	546
lcl|NC_000962.3_prot_NP_215813.1_1	GCF_001457555.1_WP_005896036.1	19.258	602	462	66	431	304	12	202	600	1	419	0.0	546
lcl|NC_000962.3_prot_NP_215813.1_1	GCF_001305575.3_WP_062152139.1	20.698	602	458	66	430	299	11	202	601	1	418	0.0	546
lcl|NC_000962.3_prot_NP_215813.1_1	GCF_000828475.1_WP_082025368.1	18.913	602	495	70	460	320	11	183	601	3	450	0.0	546
lcl|NC_000962.3_prot_NP_215813.1_1	GCF_000485905.1_WP_023368397.1	20.930	602	458	66	430	298	11	202	601	1	418	0.0	546
lcl|NC_000962.3_prot_NP_215813.1_1	GCF_000214235.1_WP_012004485.1	20.139	602	460	66	432	301	12	202	601	1	420	0.0	546
lcl|NC_000962.3_prot_NP_215813.1_1	GCF_000019045.1_WP_004893005.1	18.636	602	473	66	440	305	13	202	600	1	428	0.0	546
lcl|NC_000962.3_prot_NP_215813.1_1	GCF_900187305.1_WP_085364279.1	19.725	602	465	66	436	302	12	202	601	1	424	0.0	546
lcl|NC_000962.3_prot_NP_215813.1_1	GCF_020268605.1_WP_180559107.1	20.139	602	460	66	432	301	12	202	601	1	420	0.0	546
lcl|NC_000962.3_prot_NP_215813.1_1	GCF_020150375.1_WP_004093912.1	19.954	602	459	66	431	302	12	202	601	1	419	0.0	546
lcl|NC_000962.3_prot_NP_215813.1_1	GCF_018135955.1_WP_004286984.1	20.233	602	458	66	430	301	11	202	601	1	418	0.0	546
lcl|NC_000962.3_prot_NP_215813.1_1	GCF_014892695.1_WP_042047666.1	20.602	602	460	66	432	299	13	202	601	1	420	0.0	546
lcl|NC_000962.3_prot_NP_215813.1_1	GCF_011045835.1_WP_023583323.1	19.676	602	460	66	432	303	12	202	601	1	420	0.0	546
lcl|NC_000962.3_prot_NP_215813.1_1	GCF_010669125.1_WP_163075207.1	19.144	602	476	67	444	304	11	201	601	1	432	0.0	546
lcl|NC_000962.3_prot_NP_215813.1_1	GCF_003019295.1_WP_011016335.1	19.258	602	462	66	431	304	12	202	600	1	419	0.0	546
lcl|NC_000962.3_prot_NP_215813.1_1	GCF_002119765.1_WP_086087327.1	19.362	602	480	67	439	304	11	201	601	9	435	0.0	546
lcl|NC_000962.3_prot_NP_215813.1_1	GCF_001721185.1_WP_069317461.1	20.139	602	460	66	432	301	12	202	601	1	420	0.0	546
lcl|NC_000962.3_prot_NP_215813.1_1	GCF_001296145.1_WP_005905012.1	19.490	602	462	66	431	303	12	202	600	1	419	0.0	546
lcl|NC_000962.3_prot_NP_215813.1_1	GCF_001187595.1_WP_009360959.1	18.636	602	473	66	440	305	13	202	600	1	428	0.0	546
lcl|NC_000962.3_prot_NP_215813.1_1	GCF_000967425.1_WP_052640358.1	19.495	602	480	66	436	301	11	203	600	12	435	0.0	546
lcl|NC_000962.3_prot_NP_215813.1_1	GCF_000931575.1_WP_005649402.1	19.535	602	457	66	430	303	12	202	601	1	417	0.0	546
lcl|NC_000962.3_prot_NP_215813.1_1	GCF_000739435.1_WP_005599061.1	19.767	602	457	66	430	302	12	202	601	1	417	0.0	546
lcl|NC_000962.3_prot_NP_215813.1_1	GCF_000505725.1_WP_014714621.1	20.233	602	458	66	430	301	11	202	601	1	418	0.0	546
lcl|NC_000962.3_prot_NP_215813.1_1	GCF_000235605.1_WP_014187695.1	19.124	602	465	66	434	304	13	202	600	1	422	0.0	546
lcl|NC_000962.3_prot_NP_215813.1_1	GCF_000023545.1_WP_015855637.1	20.139	602	460	66	432	301	12	202	601	1	420	0.0	546
lcl|NC_000962.3_prot_NP_215813.1_1	GCF_025999835.1_WP_264844817.1	19.585	602	468	66	434	300	13	204	600	1	422	0.0	545
lcl|NC_000962.3_prot_NP_215813.1_1	GCF_025997855.1_WP_264777410.1	46.667	602	417	69	420	214	4	176	591	1	414	0.0	545
lcl|NC_000962.3_prot_NP_215813.1_1	GCF_021432765.1_WP_043294929.1	20.465	602	458	66	430	300	11	202	601	1	418	0.0	545
lcl|NC_000962.3_prot_NP_215813.1_1	GCF_019704135.1_WP_264082179.1	18.847	602	483	69	451	316	13	189	601	3	441	0.0	545
lcl|NC_000962.3_prot_NP_215813.1_1	GCF_017901155.1_WP_210229895.1	21.163	602	458	66	430	297	11	202	601	1	418	0.0	545
lcl|NC_000962.3_prot_NP_215813.1_1	GCF_012222965.1_WP_133942502.1	20.000	602	458	66	430	302	11	202	601	1	418	0.0	545
lcl|NC_000962.3_prot_NP_215813.1_1	GCF_011617105.1_WP_025797384.1	19.907	602	460	66	432	302	12	202	601	1	420	0.0	545
lcl|NC_000962.3_prot_NP_215813.1_1	GCF_010587025.1_WP_059368688.1	19.767	602	457	66	430	302	12	202	601	1	417	0.0	545
lcl|NC_000962.3_prot_NP_215813.1_1	GCF_010450895.1_WP_163901979.1	19.680	602	487	66	437	301	11	202	600	17	441	0.0	545
lcl|NC_000962.3_prot_NP_215813.1_1	GCF_008807375.1_WP_151138587.1	21.163	602	458	66	430	297	11	202	601	1	418	0.0	545
lcl|NC_000962.3_prot_NP_215813.1_1	GCF_004135935.1_WP_115837231.1	19.507	602	481	67	446	304	11	199	601	3	436	0.0	545
lcl|NC_000962.3_prot_NP_215813.1_1	GCF_003595175.1_WP_119895618.1	20.465	602	458	66	430	300	11	202	601	1	418	0.0	545
lcl|NC_000962.3_prot_NP_215813.1_1	GCF_003367905.1_WP_087477074.1	18.636	602	472	67	440	307	13	200	600	1	428	0.0	545
lcl|NC_000962.3_prot_NP_215813.1_1	GCF_003315775.1_WP_113856024.1	18.182	602	472	67	440	309	13	200	600	1	428	0.0	545
lcl|NC_000962.3_prot_NP_215813.1_1	GCF_002291445.1_WP_048636787.1	20.602	602	460	66	432	299	12	202	601	1	420	0.0	545
lcl|NC_000962.3_prot_NP_215813.1_1	GCF_002076895.1_WP_081150663.1	19.861	602	461	66	433	302	12	202	601	1	421	0.0	545
lcl|NC_000962.3_prot_NP_215813.1_1	GCF_001634285.1_WP_066322636.1	18.409	602	473	66	440	306	13	202	600	1	428	0.0	545
lcl|NC_000962.3_prot_NP_215813.1_1	GCF_000818015.1_WP_041110342.1	20.513	602	458	66	429	299	11	202	600	1	417	0.0	545
lcl|NC_000962.3_prot_NP_215813.1_1	GCF_000261045.2_WP_004950488.1	19.907	602	460	66	432	302	12	202	601	1	420	0.0	545
lcl|NC_000962.3_prot_NP_215813.1_1	GCF_000015585.1_WP_011815215.1	20.233	602	458	66	430	301	11	202	601	1	418	0.0	545
lcl|NC_000962.3_prot_NP_215813.1_1	GCF_900537995.1_WP_006855268.1	18.493	602	465	67	438	308	13	200	600	1	426	0.0	545
lcl|NC_000962.3_prot_NP_215813.1_1	GCF_019357495.1_WP_183673997.1	45.803	602	427	69	417	215	5	182	595	11	419	0.0	545
lcl|NC_000962.3_prot_NP_215813.1_1	GCF_018802645.1_WP_028534619.1	20.183	602	464	66	436	300	12	202	601	1	424	0.0	545
lcl|NC_000962.3_prot_NP_215813.1_1	GCF_018223345.1_WP_212594930.1	20.465	602	458	66	430	300	11	202	601	1	418	0.0	545
lcl|NC_000962.3_prot_NP_215813.1_1	GCF_017354925.1_WP_207321426.1	21.198	602	462	66	434	296	12	202	601	1	422	0.0	545
lcl|NC_000962.3_prot_NP_215813.1_1	GCF_015689195.1_WP_015842331.1	19.490	602	460	66	431	303	12	202	600	1	419	0.0	545
lcl|NC_000962.3_prot_NP_215813.1_1	GCF_014623465.1_WP_111605821.1	19.535	602	458	66	430	304	11	202	601	1	418	0.0	545
lcl|NC_000962.3_prot_NP_215813.1_1	GCF_008369785.1_WP_146420902.1	20.000	602	458	66	430	302	11	202	601	1	418	0.0	545
lcl|NC_000962.3_prot_NP_215813.1_1	GCF_008364325.2_WP_020837712.1	19.907	602	460	66	432	302	12	202	601	1	420	0.0	545
lcl|NC_000962.3_prot_NP_215813.1_1	GCF_004768525.1_WP_026822420.1	19.907	602	460	66	432	302	12	202	601	1	420	0.0	545
lcl|NC_000962.3_prot_NP_215813.1_1	GCF_003963515.1_WP_126428846.1	18.451	602	469	66	439	306	13	202	600	1	427	0.0	545
lcl|NC_000962.3_prot_NP_215813.1_1	GCF_003101015.1_WP_005818257.1	19.767	602	457	66	430	302	12	202	601	1	417	0.0	545
lcl|NC_000962.3_prot_NP_215813.1_1	GCF_002370195.2_WP_096550335.1	18.037	602	471	66	438	308	13	202	600	1	426	0.0	545
lcl|NC_000962.3_prot_NP_215813.1_1	GCF_001642655.1_WP_017751780.1	18.837	602	465	66	430	305	12	203	600	3	420	0.0	545
lcl|NC_000962.3_prot_NP_215813.1_1	GCF_001586155.1_WP_009614399.1	20.465	602	458	66	430	300	11	202	601	1	418	0.0	545
lcl|NC_000962.3_prot_NP_215813.1_1	GCF_001444425.1_WP_058023042.1	19.954	602	467	66	436	300	11	202	600	1	424	0.0	545
lcl|NC_000962.3_prot_NP_215813.1_1	GCF_000815225.1_WP_039123109.1	20.000	602	458	66	430	302	11	202	601	1	418	0.0	545
lcl|NC_000962.3_prot_NP_215813.1_1	GCF_000252445.1_WP_226991498.1	48.095	602	417	69	420	208	4	176	591	1	414	0.0	545
lcl|NC_000962.3_prot_NP_215813.1_1	GCF_000006765.1_NP_254241.1	20.698	602	458	66	430	299	11	202	601	1	418	0.0	545
lcl|NC_000962.3_prot_NP_215813.1_1	GCF_902502825.2_WP_077549363.1	19.451	602	480	66	437	302	11	202	600	11	435	0.0	545
lcl|NC_000962.3_prot_NP_215813.1_1	GCF_900478135.1_WP_111741869.1	20.418	602	459	66	431	300	12	202	601	1	419	0.0	545
lcl|NC_000962.3_prot_NP_215813.1_1	GCF_023518055.1_WP_249856152.1	19.580	602	457	66	429	302	12	202	600	1	416	0.0	545
lcl|NC_000962.3_prot_NP_215813.1_1	GCF_023038235.1_WP_247217648.1	19.540	602	532	66	435	300	11	204	600	64	486	0.0	545
lcl|NC_000962.3_prot_NP_215813.1_1	GCF_022533465.1_WP_238312329.1	18.100	602	482	66	442	307	11	202	600	9	438	0.0	545
lcl|NC_000962.3_prot_NP_215813.1_1	GCF_017354965.1_WP_207380513.1	21.198	602	462	66	434	296	12	202	601	1	422	0.0	545
lcl|NC_000962.3_prot_NP_215813.1_1	GCF_015209785.1_WP_054554811.1	21.247	602	461	66	433	296	12	202	601	1	421	0.0	545
lcl|NC_000962.3_prot_NP_215813.1_1	GCF_012971725.1_WP_045213787.1	20.698	602	458	66	430	299	11	202	601	1	418	0.0	545
lcl|NC_000962.3_prot_NP_215813.1_1	GCF_011046245.1_WP_165216583.1	19.005	602	489	66	442	303	11	203	601	17	446	0.0	545
lcl|NC_000962.3_prot_NP_215813.1_1	GCF_003967195.1_WP_126457138.1	21.395	602	458	66	430	296	11	202	601	1	418	0.0	545
lcl|NC_000962.3_prot_NP_215813.1_1	GCF_002838765.1_WP_106647901.1	20.233	602	458	66	430	301	11	202	601	1	418	0.0	545
lcl|NC_000962.3_prot_NP_215813.1_1	GCF_002117145.1_WP_085783843.1	19.222	602	475	66	437	303	12	203	601	6	430	0.0	545
lcl|NC_000962.3_prot_NP_215813.1_1	GCF_001880225.1_WP_071663579.1	20.280	602	458	66	429	300	11	202	600	1	417	0.0	545
lcl|NC_000962.3_prot_NP_215813.1_1	GCF_001050115.1_WP_048624232.1	18.409	602	473	66	440	306	13	202	600	1	428	0.0	545
lcl|NC_000962.3_prot_NP_215813.1_1	GCF_000742835.1_WP_051908872.1	20.090	602	484	67	443	303	13	198	601	9	439	0.0	545
lcl|NC_000962.3_prot_NP_215813.1_1	GCF_000577895.1_WP_044039211.1	18.476	602	465	67	433	309	12	200	600	1	421	0.0	545
lcl|NC_000962.3_prot_NP_215813.1_1	GCF_000231405.2_WP_006716811.1	17.742	602	465	66	434	310	13	202	600	1	422	0.0	545
lcl|NC_000962.3_prot_NP_215813.1_1	GCF_000025065.1_WP_012886752.1	20.370	602	460	66	432	300	12	202	601	1	420	0.0	545
lcl|NC_000962.3_prot_NP_215813.1_1	GCF_000012325.1_WP_011040937.1	20.323	602	461	66	433	300	12	202	601	1	421	0.0	545
lcl|NC_000962.3_prot_NP_215813.1_1	GCF_000010085.1_WP_011412219.1	20.418	602	460	66	431	299	12	202	600	1	419	0.0	545
lcl|NC_000962.3_prot_NP_215813.1_1	GCF_900682675.2_WP_150547971.1	20.930	602	458	66	430	298	11	202	601	1	418	0.0	544
lcl|NC_000962.3_prot_NP_215813.1_1	GCF_900638345.1_WP_085390793.1	20.183	602	465	66	436	300	12	202	601	1	424	0.0	544
lcl|NC_000962.3_prot_NP_215813.1_1	GCF_900637495.1_WP_058482055.1	20.000	602	458	66	430	302	11	202	601	1	418	0.0	544
lcl|NC_000962.3_prot_NP_215813.1_1	GCF_900095885.1_WP_035345365.1	20.139	602	460	66	432	301	12	202	601	1	420	0.0	544
lcl|NC_000962.3_prot_NP_215813.1_1	GCF_029457395.1_WP_017518838.1	20.698	602	458	66	430	299	11	202	601	1	418	0.0	544
lcl|NC_000962.3_prot_NP_215813.1_1	GCF_028751525.1_WP_274457080.1	18.578	602	468	66	436	307	14	202	601	1	424	0.0	544
lcl|NC_000962.3_prot_NP_215813.1_1	GCF_022870885.1_WP_054600629.1	19.725	602	465	66	436	302	12	202	601	1	424	0.0	544
lcl|NC_000962.3_prot_NP_215813.1_1	GCF_022870845.1_WP_132953831.1	19.725	602	465	66	436	302	12	202	601	1	424	0.0	544
lcl|NC_000962.3_prot_NP_215813.1_1	GCF_021650935.1_WP_236499056.1	20.930	602	458	66	430	298	11	202	601	1	418	0.0	544
lcl|NC_000962.3_prot_NP_215813.1_1	GCF_019665765.1_WP_221006038.1	18.881	602	459	66	429	306	11	202	600	1	417	0.0	544
lcl|NC_000962.3_prot_NP_215813.1_1	GCF_018885085.1_WP_003425850.1	18.664	602	464	66	434	307	13	201	600	1	422	0.0	544
lcl|NC_000962.3_prot_NP_215813.1_1	GCF_016894345.1_WP_230340045.1	19.954	602	465	66	436	301	12	202	601	1	424	0.0	544
lcl|NC_000962.3_prot_NP_215813.1_1	GCF_016889385.1_WP_005706607.1	19.767	602	457	66	430	302	12	202	601	1	417	0.0	544
lcl|NC_000962.3_prot_NP_215813.1_1	GCF_014337175.1_WP_022154825.1	18.938	602	464	66	433	303	14	203	600	5	424	0.0	544
lcl|NC_000962.3_prot_NP_215813.1_1	GCF_013372285.1_WP_176336656.1	19.302	602	458	66	430	305	11	202	601	1	418	0.0	544
lcl|NC_000962.3_prot_NP_215813.1_1	GCF_009817885.1_WP_105233143.1	19.907	602	460	66	432	302	12	202	601	1	420	0.0	544
lcl|NC_000962.3_prot_NP_215813.1_1	GCF_009685195.1_WP_016921969.1	19.178	602	478	66	438	301	11	204	600	7	432	0.0	544
lcl|NC_000962.3_prot_NP_215813.1_1	GCF_005222225.1_WP_137168581.1	21.709	602	461	66	433	294	12	202	601	1	421	0.0	544
lcl|NC_000962.3_prot_NP_215813.1_1	GCF_004328865.1_WP_058548204.1	20.785	602	461	66	433	298	12	202	601	1	421	0.0	544
lcl|NC_000962.3_prot_NP_215813.1_1	GCF_003515105.1_WP_036973717.1	21.016	602	461	66	433	297	12	202	601	1	421	0.0	544
lcl|NC_000962.3_prot_NP_215813.1_1	GCF_003347095.1_WP_071629803.1	19.767	602	458	66	430	303	11	202	601	1	418	0.0	544
lcl|NC_000962.3_prot_NP_215813.1_1	GCF_003019695.1_WP_008801961.1	18.750	602	465	66	432	307	12	202	601	1	420	0.0	544
lcl|NC_000962.3_prot_NP_215813.1_1	GCF_002865995.1_WP_101508069.1	17.972	602	464	66	434	310	13	201	600	1	422	0.0	544
lcl|NC_000962.3_prot_NP_215813.1_1	GCF_002393505.1_WP_006660647.1	19.907	602	460	66	432	302	12	202	601	1	420	0.0	544
lcl|NC_000962.3_prot_NP_215813.1_1	GCF_002291425.1_WP_095846509.1	20.139	602	460	66	432	301	12	202	601	1	420	0.0	544
lcl|NC_000962.3_prot_NP_215813.1_1	GCF_002221525.1_WP_089349041.1	21.016	602	461	66	433	297	12	202	601	1	421	0.0	544
lcl|NC_000962.3_prot_NP_215813.1_1	GCF_002005305.1_WP_077755483.1	21.395	602	458	66	430	296	11	202	601	1	418	0.0	544
lcl|NC_000962.3_prot_NP_215813.1_1	GCF_001642805.2_WP_004933813.1	19.907	602	460	66	432	302	12	202	601	1	420	0.0	544
lcl|NC_000962.3_prot_NP_215813.1_1	GCF_001277175.1_WP_038858539.1	19.676	602	460	66	432	303	12	202	601	1	420	0.0	544
lcl|NC_000962.3_prot_NP_215813.1_1	GCF_001042715.1_WP_044826070.1	18.287	602	465	66	432	308	13	202	600	4	423	0.0	544
lcl|NC_000962.3_prot_NP_215813.1_1	GCF_000968175.1_WP_045957271.1	19.676	602	460	66	432	303	12	202	601	1	420	0.0	544
lcl|NC_000962.3_prot_NP_215813.1_1	GCF_000661915.1_WP_003303688.1	20.047	602	458	66	429	301	11	202	600	1	417	0.0	544
lcl|NC_000962.3_prot_NP_215813.1_1	GCF_000517405.1_WP_025243828.1	20.418	602	460	66	431	299	12	202	600	1	419	0.0	544
lcl|NC_000962.3_prot_NP_215813.1_1	GCF_000340865.1_WP_041862187.1	18.161	602	467	66	435	308	12	202	600	1	423	0.0	544
lcl|NC_000962.3_prot_NP_215813.1_1	GCF_000019905.1_WP_012371540.1	18.578	602	472	66	436	304	12	204	600	7	430	0.0	544
lcl|NC_000962.3_prot_NP_215813.1_1	GCF_000019845.1_WP_012383232.1	19.413	602	482	66	443	302	11	201	600	7	437	0.0	544
lcl|NC_000962.3_prot_NP_215813.1_1	GCF_000019185.1_WP_012279338.1	20.698	602	458	66	430	299	11	202	601	1	418	0.0	544
lcl|NC_000962.3_prot_NP_215813.1_1	GCF_900120165.1_WP_075573571.1	18.014	602	463	67	433	311	12	200	600	1	421	0.0	544
lcl|NC_000962.3_prot_NP_215813.1_1	GCF_025758125.1_WP_042714841.1	19.907	602	460	66	432	302	12	202	601	1	420	0.0	544
lcl|NC_000962.3_prot_NP_215813.1_1	GCF_024498215.1_WP_126118385.1	18.847	602	491	70	451	322	14	183	601	4	442	0.0	544
lcl|NC_000962.3_prot_NP_215813.1_1	GCF_023746535.1_WP_251934856.1	19.134	602	473	67	439	305	12	200	600	1	427	0.0	544
lcl|NC_000962.3_prot_NP_215813.1_1	GCF_020810675.1_WP_049214371.1	19.580	602	457	66	429	302	12	202	600	1	416	0.0	544
lcl|NC_000962.3_prot_NP_215813.1_1	GCF_019047765.1_WP_005121459.1	19.676	602	460	66	432	303	12	202	601	1	420	0.0	544
lcl|NC_000962.3_prot_NP_215813.1_1	GCF_018436245.1_WP_213599175.1	19.540	602	493	66	435	300	11	205	601	27	449	0.0	544
lcl|NC_000962.3_prot_NP_215813.1_1	GCF_016026735.1_WP_015962436.1	19.907	602	460	66	432	302	12	202	601	1	420	0.0	544
lcl|NC_000962.3_prot_NP_215813.1_1	GCF_009911755.1_WP_043256722.1	20.698	602	458	66	430	299	11	202	601	1	418	0.0	544
lcl|NC_000962.3_prot_NP_215813.1_1	GCF_009831665.3_WP_040264038.1	19.907	602	460	66	432	302	12	202	601	1	420	0.0	544
lcl|NC_000962.3_prot_NP_215813.1_1	GCF_007361795.1_WP_058503068.1	20.465	602	459	66	430	300	11	201	600	1	418	0.0	544
lcl|NC_000962.3_prot_NP_215813.1_1	GCF_007197755.1_WP_144067213.1	19.680	602	474	66	437	301	12	202	600	4	428	0.0	544
lcl|NC_000962.3_prot_NP_215813.1_1	GCF_006228385.1_WP_139757812.1	20.602	602	461	66	432	298	12	202	600	1	420	0.0	544
lcl|NC_000962.3_prot_NP_215813.1_1	GCF_004295645.1_WP_130593468.1	20.186	602	459	66	431	301	12	202	601	1	419	0.0	544
lcl|NC_000962.3_prot_NP_215813.1_1	GCF_003589745.1_WP_111523869.1	18.561	602	463	66	431	306	13	203	600	5	423	0.0	544
lcl|NC_000962.3_prot_NP_215813.1_1	GCF_003096015.2_WP_108900909.1	20.186	602	459	66	431	301	12	202	601	1	419	0.0	544
lcl|NC_000962.3_prot_NP_215813.1_1	GCF_002764115.1_WP_099997575.1	19.266	602	537	66	436	301	12	205	601	69	492	0.0	544
lcl|NC_000962.3_prot_NP_215813.1_1	GCF_002250945.2_WP_012096272.1	18.014	602	464	66	433	309	13	202	600	1	421	0.0	544
lcl|NC_000962.3_prot_NP_215813.1_1	GCF_001857945.1_WP_068660201.1	18.993	602	466	66	437	304	14	202	600	1	425	0.0	544
lcl|NC_000962.3_prot_NP_215813.1_1	GCF_001597285.1_WP_061902827.1	20.698	602	458	66	430	299	11	202	601	1	418	0.0	544
lcl|NC_000962.3_prot_NP_215813.1_1	GCF_001558935.2_WP_003023806.1	19.676	602	460	66	432	303	12	202	601	1	420	0.0	544
lcl|NC_000962.3_prot_NP_215813.1_1	GCF_001444405.1_WP_058031478.1	21.016	602	461	66	433	297	12	202	601	1	421	0.0	544
lcl|NC_000962.3_prot_NP_215813.1_1	GCF_000520015.2_WP_024912933.1	19.907	602	460	66	432	302	12	202	601	1	420	0.0	544
lcl|NC_000962.3_prot_NP_215813.1_1	GCF_000260965.1_WP_014704473.1	20.000	602	458	66	430	302	11	202	601	1	418	0.0	544
lcl|NC_000962.3_prot_NP_215813.1_1	GCF_000195555.1_WP_003019768.1	20.233	602	458	66	430	301	11	202	601	1	418	0.0	544
lcl|NC_000962.3_prot_NP_215813.1_1	GCF_028606985.1_WP_204826280.1	19.680	602	466	66	437	301	14	202	600	1	425	0.0	543
lcl|NC_000962.3_prot_NP_215813.1_1	GCF_020447175.2_WP_226075603.1	20.000	602	458	66	430	302	11	202	601	1	418	0.0	543
lcl|NC_000962.3_prot_NP_215813.1_1	GCF_017901135.1_WP_210222388.1	21.163	602	458	66	430	297	11	202	601	1	418	0.0	543
lcl|NC_000962.3_prot_NP_215813.1_1	GCF_017753665.1_WP_049228626.1	19.725	602	465	66	436	302	12	202	601	1	424	0.0	543
lcl|NC_000962.3_prot_NP_215813.1_1	GCF_017498685.1_WP_038242209.1	19.907	602	460	66	432	302	12	202	601	1	420	0.0	543
lcl|NC_000962.3_prot_NP_215813.1_1	GCF_013343005.1_WP_078484280.1	19.302	602	458	66	430	305	11	202	601	1	418	0.0	543
lcl|NC_000962.3_prot_NP_215813.1_1	GCF_011764505.1_WP_173238374.1	20.000	602	458	66	430	302	11	202	601	1	418	0.0	543
lcl|NC_000962.3_prot_NP_215813.1_1	GCF_008693645.1_WP_006687764.1	19.676	602	460	66	432	303	12	202	601	1	420	0.0	543
lcl|NC_000962.3_prot_NP_215813.1_1	GCF_004768745.1_WP_033631385.1	19.907	602	460	66	432	302	12	202	601	1	420	0.0	543
lcl|NC_000962.3_prot_NP_215813.1_1	GCF_003931855.1_WP_125081966.1	18.078	602	466	66	437	308	13	202	600	1	425	0.0	543
lcl|NC_000962.3_prot_NP_215813.1_1	GCF_002162375.1_WP_087464252.1	19.302	602	459	66	430	305	11	202	601	1	418	0.0	543
lcl|NC_000962.3_prot_NP_215813.1_1	GCF_002080475.1_WP_070965587.1	18.056	602	465	66	432	309	13	202	600	4	423	0.0	543
lcl|NC_000962.3_prot_NP_215813.1_1	GCF_001895265.1_WP_072713340.1	20.000	602	458	66	430	302	11	202	601	1	418	0.0	543
lcl|NC_000962.3_prot_NP_215813.1_1	GCF_001889605.1_WP_072601599.1	19.091	602	517	66	440	301	11	204	600	44	471	0.0	543
lcl|NC_000962.3_prot_NP_215813.1_1	GCF_001889165.1_WP_072578187.1	18.245	602	466	66	433	308	13	202	600	1	421	0.0	543
lcl|NC_000962.3_prot_NP_215813.1_1	GCF_000968195.1_WP_045967702.1	19.722	602	460	66	431	302	12	202	600	1	419	0.0	543
lcl|NC_000962.3_prot_NP_215813.1_1	GCF_000801295.1_WP_043108960.1	20.513	602	459	66	429	299	11	202	600	1	417	0.0	543
lcl|NC_000962.3_prot_NP_215813.1_1	GCF_000300235.2_WP_007089178.1	20.320	602	472	67	438	300	12	201	601	3	428	0.0	543
lcl|NC_000962.3_prot_NP_215813.1_1	GCF_000300005.1_WP_014996727.1	20.698	602	461	66	430	299	11	202	601	1	418	0.0	543
lcl|NC_000962.3_prot_NP_215813.1_1	GCF_000225955.1_WP_011388981.1	21.233	602	474	66	438	295	12	202	601	4	429	0.0	543
lcl|NC_000962.3_prot_NP_215813.1_1	GCF_000023565.1_WP_015848481.1	20.139	602	460	66	432	301	12	202	601	1	420	0.0	543
lcl|NC_000962.3_prot_NP_215813.1_1	GCF_000022085.1_WP_015933675.1	19.413	602	484	67	443	303	11	200	600	10	440	0.0	543
lcl|NC_000962.3_prot_NP_215813.1_1	GCF_000010985.1_WP_013008583.1	17.701	602	468	66	435	311	13	201	600	1	423	0.0	543
lcl|NC_000962.3_prot_NP_215813.1_1	GCF_900187015.1_WP_061800277.1	19.907	602	460	66	432	302	12	202	601	1	420	0.0	543
lcl|NC_000962.3_prot_NP_215813.1_1	GCF_025914095.1_WP_031522287.1	19.907	602	460	66	432	302	12	202	601	1	420	0.0	543
lcl|NC_000962.3_prot_NP_215813.1_1	GCF_024707545.1_WP_258121526.1	19.080	602	527	66	435	302	11	205	601	60	482	0.0	543
lcl|NC_000962.3_prot_NP_215813.1_1	GCF_022870905.1_WP_047760805.1	19.540	602	465	66	435	302	12	202	600	1	423	0.0	543
lcl|NC_000962.3_prot_NP_215813.1_1	GCF_021462285.1_WP_234587046.1	19.907	602	460	66	432	302	12	202	601	1	420	0.0	543
lcl|NC_000962.3_prot_NP_215813.1_1	GCF_017742995.1_WP_010384876.1	20.785	602	461	66	433	298	12	202	601	1	421	0.0	543
lcl|NC_000962.3_prot_NP_215813.1_1	GCF_014697095.1_WP_009286338.1	21.077	602	459	66	427	295	11	205	601	3	417	0.0	543
lcl|NC_000962.3_prot_NP_215813.1_1	GCF_014295015.1_WP_010846133.1	19.722	602	460	66	431	302	12	202	600	1	419	0.0	543
lcl|NC_000962.3_prot_NP_215813.1_1	GCF_013466785.1_WP_179617599.1	44.932	602	596	92	592	286	2	40	594	1	589	0.0	543
lcl|NC_000962.3_prot_NP_215813.1_1	GCF_013284055.1_WP_173532860.1	19.114	602	459	66	429	305	11	202	600	1	417	0.0	543
lcl|NC_000962.3_prot_NP_215813.1_1	GCF_012913625.1_WP_032932130.1	20.230	602	526	66	435	297	11	205	601	59	481	0.0	543
lcl|NC_000962.3_prot_NP_215813.1_1	GCF_012767755.2_WP_111259220.1	20.698	602	458	66	430	299	11	202	601	1	418	0.0	543
lcl|NC_000962.3_prot_NP_215813.1_1	GCF_011068345.1_WP_002435548.1	19.676	602	460	66	432	303	12	202	601	1	420	0.0	543
lcl|NC_000962.3_prot_NP_215813.1_1	GCF_009914055.1_WP_160622816.1	19.680	602	465	66	437	302	12	202	601	1	425	0.0	543
lcl|NC_000962.3_prot_NP_215813.1_1	GCF_009756665.1_WP_133592024.1	20.183	602	466	66	436	300	12	202	601	1	424	0.0	543
lcl|NC_000962.3_prot_NP_215813.1_1	GCF_005221305.1_WP_003683789.1	19.725	602	465	66	436	302	12	202	601	1	424	0.0	543
lcl|NC_000962.3_prot_NP_215813.1_1	GCF_004802635.2_WP_136497221.1	19.406	602	478	66	438	300	11	204	600	7	432	0.0	543
lcl|NC_000962.3_prot_NP_215813.1_1	GCF_004124255.1_WP_129210349.1	19.114	602	458	66	429	305	11	202	600	1	417	0.0	543
lcl|NC_000962.3_prot_NP_215813.1_1	GCF_003351745.1_WP_114900348.1	19.266	602	467	66	436	304	12	202	601	1	424	0.0	543
lcl|NC_000962.3_prot_NP_215813.1_1	GCF_003204135.1_WP_004906293.1	19.907	602	460	66	432	302	12	202	601	1	420	0.0	543
lcl|NC_000962.3_prot_NP_215813.1_1	GCF_003173715.1_WP_109886881.1	19.144	602	486	67	444	304	11	200	600	10	441	0.0	543
lcl|NC_000962.3_prot_NP_215813.1_1	GCF_002843235.3_WP_102140420.1	19.907	602	460	66	432	302	12	202	601	1	420	0.0	543
lcl|NC_000962.3_prot_NP_215813.1_1	GCF_002407485.1_WP_096780225.1	19.585	602	462	66	434	303	13	202	601	1	422	0.0	543
lcl|NC_000962.3_prot_NP_215813.1_1	GCF_002220155.1_WP_039807235.1	20.233	602	458	66	430	301	11	202	601	1	418	0.0	543
lcl|NC_000962.3_prot_NP_215813.1_1	GCF_001887775.1_WP_072284191.1	18.721	602	468	66	438	306	13	202	601	1	426	0.0	543
lcl|NC_000962.3_prot_NP_215813.1_1	GCF_001658025.2_WP_064568911.1	19.907	602	460	66	432	302	12	202	601	1	420	0.0	543
lcl|NC_000962.3_prot_NP_215813.1_1	GCF_001277195.1_WP_007677766.1	19.676	602	460	66	432	303	12	202	601	1	420	0.0	543
lcl|NC_000962.3_prot_NP_215813.1_1	GCF_000968375.1_WP_029159211.1	18.097	602	466	66	431	308	12	203	600	3	421	0.0	543
lcl|NC_000962.3_prot_NP_215813.1_1	GCF_000582515.1_WP_038402078.1	19.676	602	460	66	432	303	12	202	601	1	420	0.0	543
lcl|NC_000962.3_prot_NP_215813.1_1	GCF_000317835.1_WP_041231730.1	45.238	602	417	69	420	220	4	176	591	1	414	0.0	543
lcl|NC_000962.3_prot_NP_215813.1_1	GCF_000260985.4_WP_014705456.1	19.535	602	458	66	430	304	11	202	601	1	418	0.0	543
lcl|NC_000962.3_prot_NP_215813.1_1	GCF_000226565.1_WP_014110662.1	21.016	602	460	66	433	297	12	202	601	1	421	0.0	543
lcl|NC_000962.3_prot_NP_215813.1_1	GCF_000224675.1_WP_014072438.1	19.676	602	460	66	432	303	12	202	601	1	420	0.0	543
lcl|NC_000962.3_prot_NP_215813.1_1	GCF_000222975.1_WP_002220753.1	19.907	602	460	66	432	302	12	202	601	1	420	0.0	543
lcl|NC_000962.3_prot_NP_215813.1_1	GCF_000024465.1_WP_013046714.1	20.366	602	474	66	437	298	12	203	601	5	429	0.0	543
lcl|NC_000962.3_prot_NP_215813.1_1	GCF_000019525.1_WP_012327464.1	21.395	602	458	66	430	296	11	202	601	1	418	0.0	543
lcl|NC_000962.3_prot_NP_215813.1_1	GCF_000018325.1_WP_012160398.1	18.519	602	464	66	432	307	13	202	600	4	423	0.0	543
lcl|NC_000962.3_prot_NP_215813.1_1	GCF_000018025.1_WP_012144815.1	20.930	602	458	66	430	298	11	202	601	1	418	0.0	543
lcl|NC_000962.3_prot_NP_215813.1_1	GCF_000014885.1_WP_020915095.1	21.163	602	458	66	430	297	11	202	601	1	418	0.0	543
lcl|NC_000962.3_prot_NP_215813.1_1	GCF_902387845.1_WP_004236732.1	19.907	602	460	66	432	302	12	202	601	1	420	0.0	543
lcl|NC_000962.3_prot_NP_215813.1_1	GCF_900638655.1_WP_047779410.1	19.722	602	459	66	431	303	12	202	601	1	419	0.0	543
lcl|NC_000962.3_prot_NP_215813.1_1	GCF_900477945.1_WP_005629235.1	20.047	602	457	66	429	300	12	202	600	1	416	0.0	543
lcl|NC_000962.3_prot_NP_215813.1_1	GCF_028622095.1_WP_273988260.1	46.336	602	425	70	423	217	4	170	588	3	419	0.0	543
lcl|NC_000962.3_prot_NP_215813.1_1	GCF_024971755.1_WP_218737729.1	20.737	602	463	66	434	298	12	202	601	1	422	0.0	543
lcl|NC_000962.3_prot_NP_215813.1_1	GCF_023823875.1_WP_053478552.1	18.182	602	473	66	440	307	13	202	600	1	428	0.0	543
lcl|NC_000962.3_prot_NP_215813.1_1	GCF_020883495.1_WP_160787086.1	19.310	602	504	66	435	301	11	204	600	36	458	0.0	543
lcl|NC_000962.3_prot_NP_215813.1_1	GCF_017743015.1_WP_209027562.1	19.722	602	460	66	431	302	12	202	600	1	419	0.0	543
lcl|NC_000962.3_prot_NP_215813.1_1	GCF_016469335.1_WP_199610099.1	20.323	602	461	66	433	300	12	202	601	1	421	0.0	543
lcl|NC_000962.3_prot_NP_215813.1_1	GCF_016028515.1_WP_003284839.1	19.347	602	458	66	429	304	11	202	600	1	417	0.0	543
lcl|NC_000962.3_prot_NP_215813.1_1	GCF_015326295.1_WP_010661465.1	19.954	602	521	66	436	298	12	205	601	53	476	0.0	543
lcl|NC_000962.3_prot_NP_215813.1_1	GCF_014337215.1_WP_118644998.1	47.086	602	463	70	429	216	4	172	595	39	461	0.0	543
lcl|NC_000962.3_prot_NP_215813.1_1	GCF_014189455.1_WP_183464130.1	20.460	602	531	66	435	296	11	205	601	64	486	0.0	543
lcl|NC_000962.3_prot_NP_215813.1_1	GCF_012769535.1_WP_169601953.1	20.000	602	460	66	430	302	11	202	601	1	418	0.0	543
lcl|NC_000962.3_prot_NP_215813.1_1	GCF_009557235.1_WP_153373062.1	19.954	602	464	66	436	301	12	202	601	1	424	0.0	543
lcl|NC_000962.3_prot_NP_215813.1_1	GCF_007858975.2_WP_042873694.1	20.186	602	460	66	431	300	12	202	600	1	419	0.0	543
lcl|NC_000962.3_prot_NP_215813.1_1	GCF_004353845.1_WP_133085561.1	19.676	602	460	66	432	303	12	202	601	1	420	0.0	543
lcl|NC_000962.3_prot_NP_215813.1_1	GCF_004114935.1_WP_128930666.1	18.736	602	480	67	443	306	11	201	601	5	435	0.0	543
lcl|NC_000962.3_prot_NP_215813.1_1	GCF_003096175.1_WP_032078568.1	18.097	602	466	66	431	308	12	203	600	3	421	0.0	543
lcl|NC_000962.3_prot_NP_215813.1_1	GCF_003019925.1_WP_043081434.1	19.907	602	460	66	432	302	12	202	601	1	420	0.0	543
lcl|NC_000962.3_prot_NP_215813.1_1	GCF_003006415.1_WP_014016842.1	18.409	602	472	67	440	308	13	200	600	1	428	0.0	543
lcl|NC_000962.3_prot_NP_215813.1_1	GCF_002741015.1_WP_099510214.1	19.770	602	480	66	435	299	11	204	600	12	434	0.0	543
lcl|NC_000962.3_prot_NP_215813.1_1	GCF_002393445.1_WP_061273148.1	20.139	602	460	66	432	301	12	202	601	1	420	0.0	543
lcl|NC_000962.3_prot_NP_215813.1_1	GCF_002310795.1_WP_008464175.1	21.247	602	461	66	433	296	12	202	601	1	421	0.0	543
lcl|NC_000962.3_prot_NP_215813.1_1	GCF_002216145.1_WP_089035632.1	19.540	602	465	66	435	302	12	202	600	1	423	0.0	543
lcl|NC_000962.3_prot_NP_215813.1_1	GCF_001750725.1_WP_006177559.1	19.676	602	460	66	432	303	12	202	601	1	420	0.0	543
lcl|NC_000962.3_prot_NP_215813.1_1	GCF_001729805.1_WP_003862362.1	19.676	602	460	66	432	303	12	202	601	1	420	0.0	543
lcl|NC_000962.3_prot_NP_215813.1_1	GCF_001693515.2_WP_065751624.1	18.962	602	480	67	443	305	11	201	601	5	435	0.0	543
lcl|NC_000962.3_prot_NP_215813.1_1	GCF_001277215.2_WP_004386167.1	19.676	602	460	66	432	303	12	202	601	1	420	0.0	543
lcl|NC_000962.3_prot_NP_215813.1_1	GCF_001038625.1_WP_007061629.1	18.097	602	466	66	431	308	12	203	600	3	421	0.0	543
lcl|NC_000962.3_prot_NP_215813.1_1	GCF_000834395.1_WP_042547347.1	19.676	602	460	66	432	303	12	202	601	1	420	0.0	543
lcl|NC_000962.3_prot_NP_215813.1_1	GCF_000800395.1_WP_139404155.1	47.482	602	430	69	417	209	4	176	588	14	424	0.0	543
lcl|NC_000962.3_prot_NP_215813.1_1	GCF_000724605.1_WP_035277068.1	49.902	602	680	82	509	237	2	107	598	170	677	0.0	543
lcl|NC_000962.3_prot_NP_215813.1_1	GCF_000321415.2_WP_015260436.1	20.000	602	459	66	430	302	11	202	601	1	418	0.0	543
lcl|NC_000962.3_prot_NP_215813.1_1	GCF_000214215.1_WP_013798008.1	20.000	602	458	66	430	302	11	202	601	1	418	0.0	543
lcl|NC_000962.3_prot_NP_215813.1_1	GCF_000146165.2_WP_011074330.1	20.737	602	463	66	434	298	12	202	601	1	422	0.0	543
lcl|NC_000962.3_prot_NP_215813.1_1	GCF_000091785.1_WP_003633919.1	20.000	602	458	66	430	302	11	202	601	1	418	0.0	543
lcl|NC_000962.3_prot_NP_215813.1_1	GCF_000019165.1_WP_012281999.1	18.141	602	471	66	441	307	14	202	600	1	429	0.0	543
lcl|NC_000962.3_prot_NP_215813.1_1	GCF_918378365.1_WP_173054157.1	18.919	602	473	66	444	304	12	202	601	1	432	0.0	542
lcl|NC_000962.3_prot_NP_215813.1_1	GCF_900635955.1_WP_126358234.1	19.907	602	460	66	432	302	12	202	601	1	420	0.0	542
lcl|NC_000962.3_prot_NP_215813.1_1	GCF_025133195.1_WP_050109302.1	19.676	602	460	66	432	303	12	202	601	1	420	0.0	542
lcl|NC_000962.3_prot_NP_215813.1_1	GCF_024662015.1_WP_257766585.1	19.635	602	474	66	438	302	12	202	601	4	429	0.0	542
lcl|NC_000962.3_prot_NP_215813.1_1	GCF_020694005.1_WP_168823760.1	19.070	602	458	66	430	306	11	202	601	1	418	0.0	542
lcl|NC_000962.3_prot_NP_215813.1_1	GCF_019933155.2_WP_223438639.1	18.409	602	473	66	440	306	14	202	600	1	428	0.0	542
lcl|NC_000962.3_prot_NP_215813.1_1	GCF_019797925.1_WP_017218546.1	20.554	602	461	66	433	299	12	202	601	1	421	0.0	542
lcl|NC_000962.3_prot_NP_215813.1_1	GCF_019704535.1_WP_011915191.1	19.347	602	458	66	429	304	11	202	600	1	417	0.0	542
lcl|NC_000962.3_prot_NP_215813.1_1	GCF_017310015.1_WP_091827873.1	20.137	602	465	66	437	300	11	202	601	1	425	0.0	542
lcl|NC_000962.3_prot_NP_215813.1_1	GCF_016906065.1_WP_114410474.1	19.070	602	458	66	430	306	11	202	601	1	418	0.0	542
lcl|NC_000962.3_prot_NP_215813.1_1	GCF_012029655.1_WP_041143354.1	19.676	602	460	66	432	303	12	202	601	1	420	0.0	542
lcl|NC_000962.3_prot_NP_215813.1_1	GCF_009856625.1_WP_159874695.1	20.183	602	464	66	436	300	12	202	601	1	424	0.0	542
lcl|NC_000962.3_prot_NP_215813.1_1	GCF_008330085.1_WP_007369373.1	19.907	602	460	66	432	302	12	202	601	1	420	0.0	542
lcl|NC_000962.3_prot_NP_215813.1_1	GCF_007004545.3_WP_142873289.1	20.930	602	458	66	430	298	11	202	601	1	418	0.0	542
lcl|NC_000962.3_prot_NP_215813.1_1	GCF_006711645.1_WP_004869217.1	19.676	602	460	66	432	303	12	202	601	1	420	0.0	542
lcl|NC_000962.3_prot_NP_215813.1_1	GCF_006542275.1_WP_141447427.1	18.535	602	466	66	437	306	14	202	600	1	425	0.0	542
lcl|NC_000962.3_prot_NP_215813.1_1	GCF_004684345.1_WP_096758981.1	19.676	602	460	66	432	303	12	202	601	1	420	0.0	542
lcl|NC_000962.3_prot_NP_215813.1_1	GCF_003351565.1_WP_003708440.1	19.540	602	465	66	435	302	12	202	600	1	423	0.0	542
lcl|NC_000962.3_prot_NP_215813.1_1	GCF_003265225.1_WP_261920153.1	19.580	602	457	66	429	302	12	202	600	1	416	0.0	542
lcl|NC_000962.3_prot_NP_215813.1_1	GCF_002846995.1_WP_022635476.1	19.907	602	460	66	432	302	12	202	601	1	420	0.0	542
lcl|NC_000962.3_prot_NP_215813.1_1	GCF_002220285.1_WP_001032596.1	17.849	602	468	66	437	309	14	202	600	1	425	0.0	542
lcl|NC_000962.3_prot_NP_215813.1_1	GCF_002117405.1_WP_085771581.1	19.101	602	481	67	445	305	11	200	601	4	436	0.0	542
lcl|NC_000962.3_prot_NP_215813.1_1	GCF_002073255.2_WP_005724211.1	19.814	602	457	66	429	301	12	202	600	1	416	0.0	542
lcl|NC_000962.3_prot_NP_215813.1_1	GCF_001689125.2_WP_065542859.1	37.589	602	500	93	564	279	6	34	593	2	496	0.0	542
lcl|NC_000962.3_prot_NP_215813.1_1	GCF_001411805.1_WP_042623492.1	19.014	602	464	66	426	303	11	205	600	9	422	0.0	542
lcl|NC_000962.3_prot_NP_215813.1_1	GCF_001267255.1_WP_053100763.1	19.302	602	458	66	430	305	11	202	601	1	418	0.0	542
lcl|NC_000962.3_prot_NP_215813.1_1	GCF_000815105.2_WP_039406797.1	19.014	602	463	66	426	303	11	205	600	8	421	0.0	542
lcl|NC_000962.3_prot_NP_215813.1_1	GCF_000597865.1_WP_025434733.1	18.056	602	464	66	432	310	13	201	600	3	422	0.0	542
lcl|NC_000962.3_prot_NP_215813.1_1	GCF_000344805.1_WP_015663580.1	18.736	602	480	67	443	306	11	201	601	5	435	0.0	542
lcl|NC_000962.3_prot_NP_215813.1_1	GCF_000255115.2_WP_014829440.1	18.664	602	465	66	434	306	13	202	600	1	422	0.0	542
lcl|NC_000962.3_prot_NP_215813.1_1	GCF_000238255.3_WP_010561335.1	20.554	602	461	66	433	299	12	202	601	1	421	0.0	542
lcl|NC_000962.3_prot_NP_215813.1_1	GCF_000230995.2_WP_015315173.1	20.230	602	531	66	435	297	11	205	601	64	486	0.0	542
lcl|NC_000962.3_prot_NP_215813.1_1	GCF_000143685.1_WP_013236933.1	18.561	602	464	66	431	307	12	203	601	3	421	0.0	542
lcl|NC_000962.3_prot_NP_215813.1_1	GCF_000021045.1_WP_012703644.1	20.465	602	458	66	430	300	11	202	601	1	418	0.0	542
lcl|NC_000962.3_prot_NP_215813.1_1	GCF_000019945.1_WP_012453380.1	18.736	602	484	66	443	305	11	201	600	11	441	0.0	542
lcl|NC_000962.3_prot_NP_215813.1_1	GCF_000018285.1_WP_012157427.1	21.163	602	458	66	430	297	11	202	601	1	418	0.0	542
lcl|NC_000962.3_prot_NP_215813.1_1	GCF_900475315.1_WP_003676115.1	19.540	602	465	66	435	302	12	202	600	1	423	0.0	542
lcl|NC_000962.3_prot_NP_215813.1_1	GCF_900186835.1_WP_005764023.1	19.814	602	457	66	429	301	12	202	600	1	416	0.0	542
lcl|NC_000962.3_prot_NP_215813.1_1	GCF_029026145.1_WP_275090525.1	20.698	602	458	66	430	299	11	202	601	1	418	0.0	542
lcl|NC_000962.3_prot_NP_215813.1_1	GCF_025562755.1_WP_262601170.1	20.233	602	458	66	430	301	11	202	601	1	418	0.0	542
lcl|NC_000962.3_prot_NP_215813.1_1	GCF_024746855.1_WP_128732332.1	20.554	602	461	66	433	299	12	202	601	1	421	0.0	542
lcl|NC_000962.3_prot_NP_215813.1_1	GCF_024704525.1_WP_150663691.1	19.249	602	463	66	426	302	11	205	600	8	421	0.0	542
lcl|NC_000962.3_prot_NP_215813.1_1	GCF_024224615.1_WP_125292913.1	19.676	602	460	66	432	303	12	202	601	1	420	0.0	542
lcl|NC_000962.3_prot_NP_215813.1_1	GCF_019974115.1_WP_008540069.1	18.307	602	470	66	437	307	13	202	600	1	425	0.0	542
lcl|NC_000962.3_prot_NP_215813.1_1	GCF_014467015.1_WP_246451744.1	17.727	602	475	68	440	317	13	194	600	7	434	0.0	542
lcl|NC_000962.3_prot_NP_215813.1_1	GCF_013282725.1_WP_032814812.1	19.676	602	460	66	432	303	12	202	601	1	420	0.0	542
lcl|NC_000962.3_prot_NP_215813.1_1	GCF_009720625.1_WP_136357126.1	17.995	602	472	66	439	308	13	202	600	1	427	0.0	542
lcl|NC_000962.3_prot_NP_215813.1_1	GCF_007632255.1_WP_015369008.1	19.907	602	460	66	432	302	12	202	601	1	420	0.0	542
lcl|NC_000962.3_prot_NP_215813.1_1	GCF_007567505.1_WP_144211722.1	20.968	602	463	66	434	297	12	202	601	1	422	0.0	542
lcl|NC_000962.3_prot_NP_215813.1_1	GCF_005155025.1_WP_124644486.1	20.183	602	464	66	436	300	12	202	601	1	424	0.0	542
lcl|NC_000962.3_prot_NP_215813.1_1	GCF_003966715.1_WP_126401665.1	19.144	602	479	67	444	304	11	201	601	3	434	0.0	542
lcl|NC_000962.3_prot_NP_215813.1_1	GCF_003935895.2_WP_110512428.1	19.676	602	460	66	432	303	12	202	601	1	420	0.0	542
lcl|NC_000962.3_prot_NP_215813.1_1	GCF_003612795.1_WP_038479845.1	20.609	602	459	66	427	297	11	205	601	3	417	0.0	542
lcl|NC_000962.3_prot_NP_215813.1_1	GCF_003290445.1_WP_112869265.1	19.580	602	458	66	429	303	11	202	600	1	417	0.0	542
lcl|NC_000962.3_prot_NP_215813.1_1	GCF_002887615.1_WP_038867901.1	20.323	602	461	66	433	300	12	202	601	1	421	0.0	542
lcl|NC_000962.3_prot_NP_215813.1_1	GCF_002499975.2_WP_075607744.1	21.016	602	461	66	433	297	12	202	601	1	421	0.0	542
lcl|NC_000962.3_prot_NP_215813.1_1	GCF_002211785.1_WP_088773273.1	20.233	602	458	66	430	301	11	202	601	1	418	0.0	542
lcl|NC_000962.3_prot_NP_215813.1_1	GCF_001708405.1_WP_068994167.1	20.698	602	458	66	430	299	11	202	601	1	418	0.0	542
lcl|NC_000962.3_prot_NP_215813.1_1	GCF_001693385.1_WP_065732132.1	18.962	602	480	67	443	305	11	201	601	5	435	0.0	542
lcl|NC_000962.3_prot_NP_215813.1_1	GCF_001685395.1_WP_068698507.1	18.078	602	466	66	437	308	13	202	600	1	425	0.0	542
lcl|NC_000962.3_prot_NP_215813.1_1	GCF_001683395.1_WP_017458048.1	19.676	602	460	66	432	303	12	202	601	1	420	0.0	542
lcl|NC_000962.3_prot_NP_215813.1_1	GCF_001618845.1_WP_024504228.1	20.230	602	530	66	435	297	11	205	601	63	485	0.0	542
lcl|NC_000962.3_prot_NP_215813.1_1	GCF_001278055.1_WP_053552220.1	19.178	602	468	66	438	304	13	202	601	1	426	0.0	542
lcl|NC_000962.3_prot_NP_215813.1_1	GCF_000953135.1_WP_045097277.1	20.233	602	458	66	430	301	11	202	601	1	418	0.0	542
lcl|NC_000962.3_prot_NP_215813.1_1	GCF_000834455.1_WP_032816366.1	19.676	602	460	66	432	303	12	202	601	1	420	0.0	542
lcl|NC_000962.3_prot_NP_215813.1_1	GCF_000504585.2_WP_023598336.1	19.249	602	463	66	426	302	11	205	600	8	421	0.0	542
lcl|NC_000962.3_prot_NP_215813.1_1	GCF_000355765.4_WP_004180848.1	19.535	602	459	66	430	304	11	202	601	1	418	0.0	542
lcl|NC_000962.3_prot_NP_215813.1_1	GCF_000340905.1_WP_015389265.1	18.161	602	467	66	435	308	12	202	600	1	423	0.0	542
lcl|NC_000962.3_prot_NP_215813.1_1	GCF_000026085.1_WP_011329626.1	20.554	602	461	66	433	299	12	202	601	1	421	0.0	542
lcl|NC_000962.3_prot_NP_215813.1_1	GCF_000018045.1_WP_012000829.1	19.907	602	460	66	432	302	12	202	601	1	420	0.0	542
lcl|NC_000962.3_prot_NP_215813.1_1	GCF_000013765.1_WP_011498163.1	19.816	602	463	66	434	302	12	202	601	1	422	0.0	542
lcl|NC_000962.3_prot_NP_215813.1_1	GCF_901482605.1_WP_138210802.1	18.707	602	463	67	433	308	12	200	600	1	421	0.0	541
lcl|NC_000962.3_prot_NP_215813.1_1	GCF_900660695.1_WP_046096973.1	19.169	602	499	66	433	305	13	201	600	26	446	0.0	541
lcl|NC_000962.3_prot_NP_215813.1_1	GCF_900638445.1_WP_005602398.1	19.535	602	457	66	430	303	12	202	601	1	417	0.0	541
lcl|NC_000962.3_prot_NP_215813.1_1	GCF_900324035.1_WP_122400420.1	18.736	602	480	67	443	306	11	201	601	5	435	0.0	541
lcl|NC_000962.3_prot_NP_215813.1_1	GCF_023195735.1_WP_035893613.1	19.907	602	460	66	432	302	12	202	601	1	420	0.0	541
lcl|NC_000962.3_prot_NP_215813.1_1	GCF_022749495.1_WP_003760432.1	19.725	602	465	66	436	302	12	202	601	1	424	0.0	541
lcl|NC_000962.3_prot_NP_215813.1_1	GCF_022343685.1_WP_239040804.1	19.908	602	465	66	437	301	11	202	601	1	425	0.0	541
lcl|NC_000962.3_prot_NP_215813.1_1	GCF_021654775.1_WP_212980510.1	18.764	602	467	66	437	305	13	202	600	1	425	0.0	541
lcl|NC_000962.3_prot_NP_215813.1_1	GCF_019931735.1_WP_188739949.1	20.968	602	463	66	434	297	12	202	601	1	422	0.0	541
lcl|NC_000962.3_prot_NP_215813.1_1	GCF_018128425.1_WP_042287321.1	19.907	602	460	66	432	302	12	202	601	1	420	0.0	541
lcl|NC_000962.3_prot_NP_215813.1_1	GCF_016834455.1_WP_203325516.1	20.785	602	462	66	433	297	12	202	600	1	421	0.0	541
lcl|NC_000962.3_prot_NP_215813.1_1	GCF_016605985.1_WP_001032588.1	17.808	602	469	66	438	309	14	202	600	1	426	0.0	541
lcl|NC_000962.3_prot_NP_215813.1_1	GCF_014495845.1_WP_187968849.1	19.639	602	484	66	443	301	11	201	600	8	438	0.0	541
lcl|NC_000962.3_prot_NP_215813.1_1	GCF_014297595.1_WP_187000278.1	19.725	602	465	66	436	302	12	202	601	1	424	0.0	541
lcl|NC_000962.3_prot_NP_215813.1_1	GCF_014054885.1_WP_009115496.1	19.954	602	465	66	436	301	12	202	601	1	424	0.0	541
lcl|NC_000962.3_prot_NP_215813.1_1	GCF_013752735.1_WP_014490603.1	18.510	602	480	67	443	307	11	201	601	5	435	0.0	541
lcl|NC_000962.3_prot_NP_215813.1_1	GCF_013200955.2_WP_173210806.1	20.233	602	458	66	430	301	11	202	601	1	418	0.0	541
lcl|NC_000962.3_prot_NP_215813.1_1	GCF_010537335.1_WP_115715964.1	17.661	602	466	67	436	313	13	200	601	1	424	0.0	541
lcl|NC_000962.3_prot_NP_215813.1_1	GCF_009649915.1_WP_062776640.1	19.907	602	460	66	432	302	12	202	601	1	420	0.0	541
lcl|NC_000962.3_prot_NP_215813.1_1	GCF_008330805.1_WP_002218047.1	19.540	602	465	66	435	302	12	202	600	1	423	0.0	541
lcl|NC_000962.3_prot_NP_215813.1_1	GCF_005849285.1_WP_138380969.1	19.134	602	473	67	439	305	12	200	600	1	427	0.0	541
lcl|NC_000962.3_prot_NP_215813.1_1	GCF_005671395.1_WP_138095046.1	19.907	602	460	66	432	302	12	202	601	1	420	0.0	541
lcl|NC_000962.3_prot_NP_215813.1_1	GCF_005671335.1_WP_010899879.1	18.864	602	470	66	440	304	13	202	600	1	428	0.0	541
lcl|NC_000962.3_prot_NP_215813.1_1	GCF_004331955.1_WP_131617687.1	19.770	602	482	66	435	299	11	205	601	15	437	0.0	541
lcl|NC_000962.3_prot_NP_215813.1_1	GCF_003991425.1_WP_127003382.1	18.664	602	463	66	434	306	13	202	600	1	422	0.0	541
lcl|NC_000962.3_prot_NP_215813.1_1	GCF_003403095.1_WP_008889764.1	20.776	602	472	67	438	298	12	201	601	3	428	0.0	541
