lcl|NC_017455.1_prot_WP_014554119.1_1	GCF_011207455.1_WP_166032680.1	59.856	419	415	99	416	164	2	2	415	1	415	0.0	643
lcl|NC_017455.1_prot_WP_014554119.1_1	GCF_000020385.1_WP_012469098.1	60.577	419	415	99	416	161	2	2	415	1	415	0.0	639
lcl|NC_017455.1_prot_WP_014554119.1_1	GCF_019704135.1_WP_221249886.1	61.538	419	415	99	416	157	2	2	415	1	415	0.0	637
lcl|NC_017455.1_prot_WP_014554119.1_1	GCF_014218275.1_WP_085814794.1	62.500	419	415	99	416	153	2	2	415	1	415	0.0	636
lcl|NC_017455.1_prot_WP_014554119.1_1	GCF_004001245.1_WP_127478440.1	58.950	419	418	99	419	166	3	2	415	1	418	0.0	636
lcl|NC_017455.1_prot_WP_014554119.1_1	GCF_000020725.1_WP_012532142.1	62.019	419	415	99	416	155	2	2	415	1	415	0.0	636
lcl|NC_017455.1_prot_WP_014554119.1_1	GCF_018986915.1_WP_183349279.1	62.019	419	415	99	416	155	2	2	415	1	415	0.0	635
lcl|NC_017455.1_prot_WP_014554119.1_1	GCF_000195295.1_WP_041284178.1	60.817	419	415	99	416	160	2	2	415	1	415	0.0	634
lcl|NC_017455.1_prot_WP_014554119.1_1	GCF_022026155.1_WP_237889936.1	59.856	419	415	99	416	164	2	2	415	1	415	0.0	634
lcl|NC_017455.1_prot_WP_014554119.1_1	GCF_019203205.1_WP_135869296.1	62.019	419	415	99	416	155	2	2	415	1	415	0.0	632
lcl|NC_017455.1_prot_WP_014554119.1_1	GCF_000015045.1_WP_011736508.1	62.260	419	415	99	416	154	2	2	415	1	415	0.0	632
lcl|NC_017455.1_prot_WP_014554119.1_1	GCF_002288525.1_WP_085939006.1	56.563	419	421	99	419	176	3	2	415	4	421	0.0	631
lcl|NC_017455.1_prot_WP_014554119.1_1	GCF_000022265.1_WP_012645774.1	62.740	419	415	99	416	152	2	2	415	1	415	0.0	631
lcl|NC_017455.1_prot_WP_014554119.1_1	GCF_019063885.1_WP_216499729.1	62.019	419	415	99	416	155	2	2	415	1	415	0.0	631
lcl|NC_017455.1_prot_WP_014554119.1_1	GCF_011397855.1_WP_044400922.1	57.995	419	420	99	419	170	3	2	415	1	418	0.0	631
lcl|NC_017455.1_prot_WP_014554119.1_1	GCF_009756665.1_WP_133588176.1	58.950	419	419	99	419	166	3	2	415	1	418	0.0	631
lcl|NC_017455.1_prot_WP_014554119.1_1	GCF_008932245.1_WP_106407847.1	56.563	419	421	99	419	176	3	2	415	4	421	0.0	630
lcl|NC_017455.1_prot_WP_014554119.1_1	GCF_017338855.1_WP_207165038.1	61.298	419	415	99	416	158	2	2	415	1	415	0.0	630
lcl|NC_017455.1_prot_WP_014554119.1_1	GCF_012295575.1_WP_168661525.1	58.711	419	422	99	419	167	3	2	415	1	418	0.0	630
lcl|NC_017455.1_prot_WP_014554119.1_1	GCF_004214895.1_WP_028942380.1	57.041	419	419	99	419	174	3	2	415	1	418	0.0	630
lcl|NC_017455.1_prot_WP_014554119.1_1	GCF_023038235.1_WP_134648524.1	56.220	419	421	99	418	177	3	2	414	4	420	0.0	629
lcl|NC_017455.1_prot_WP_014554119.1_1	GCF_000217795.1_WP_041434929.1	58.993	419	427	99	417	167	3	2	415	12	427	0.0	629
lcl|NC_017455.1_prot_WP_014554119.1_1	GCF_000007985.2_WP_010943729.1	61.298	419	415	99	416	158	2	2	415	1	415	0.0	629
lcl|NC_017455.1_prot_WP_014554119.1_1	GCF_005377625.1_WP_137425796.1	60.096	419	415	99	416	163	2	2	415	1	415	0.0	629
lcl|NC_017455.1_prot_WP_014554119.1_1	GCF_003667725.1_WP_006311067.1	56.699	419	421	99	418	175	3	2	414	4	420	0.0	629
lcl|NC_017455.1_prot_WP_014554119.1_1	GCF_002355415.1_WP_096463041.1	60.621	419	418	99	419	159	3	2	415	1	418	0.0	629
lcl|NC_017455.1_prot_WP_014554119.1_1	GCF_002056295.1_WP_080049255.1	58.950	419	421	99	419	166	3	2	415	1	418	0.0	629
lcl|NC_017455.1_prot_WP_014554119.1_1	GCF_001278055.1_WP_053551895.1	61.538	419	415	99	416	157	2	2	415	1	415	0.0	629
lcl|NC_017455.1_prot_WP_014554119.1_1	GCF_000817955.1_WP_039740129.1	61.058	419	415	99	416	159	2	2	415	1	415	0.0	629
lcl|NC_017455.1_prot_WP_014554119.1_1	GCF_012767755.2_WP_173176681.1	57.995	419	419	99	419	170	3	2	415	1	418	0.0	629
lcl|NC_017455.1_prot_WP_014554119.1_1	GCF_900231165.1_WP_099558408.1	55.981	419	421	99	418	178	3	2	414	4	420	0.0	628
lcl|NC_017455.1_prot_WP_014554119.1_1	GCF_004421105.1_WP_134356615.1	58.234	419	418	99	419	169	3	2	415	1	418	0.0	628
lcl|NC_017455.1_prot_WP_014554119.1_1	GCF_001889105.1_WP_082911953.1	56.220	419	421	99	418	177	3	2	414	4	420	0.0	628
lcl|NC_017455.1_prot_WP_014554119.1_1	GCF_000696345.2_WP_010221159.1	57.041	419	419	99	419	174	3	2	415	1	418	0.0	628
lcl|NC_017455.1_prot_WP_014554119.1_1	GCF_000006765.1_NP_253926.1	57.041	419	419	99	419	174	3	2	415	1	418	0.0	628
lcl|NC_017455.1_prot_WP_014554119.1_1	GCF_020844025.1_WP_215849858.1	57.995	419	418	99	419	170	3	2	415	1	418	0.0	628
lcl|NC_017455.1_prot_WP_014554119.1_1	GCF_016028635.1_WP_008568325.1	57.041	419	419	99	419	174	3	2	415	1	418	0.0	628
lcl|NC_017455.1_prot_WP_014554119.1_1	GCF_013343005.1_WP_078482694.1	58.950	419	418	99	419	166	3	2	415	1	418	0.0	628
lcl|NC_017455.1_prot_WP_014554119.1_1	GCF_003850565.1_WP_022641764.1	57.518	419	419	99	419	172	3	2	415	1	418	0.0	628
lcl|NC_017455.1_prot_WP_014554119.1_1	GCF_000346065.1_WP_010970587.1	56.220	419	421	99	418	177	3	2	414	4	420	0.0	628
lcl|NC_017455.1_prot_WP_014554119.1_1	GCF_000227685.2_WP_006746305.1	56.563	419	419	99	419	176	3	2	415	1	418	0.0	628
lcl|NC_017455.1_prot_WP_014554119.1_1	GCF_000148645.1_WP_013347067.1	58.234	419	421	99	419	169	3	2	415	1	418	0.0	628
lcl|NC_017455.1_prot_WP_014554119.1_1	GCF_000026105.1_WP_011536308.1	57.041	419	419	99	419	174	3	2	415	1	418	0.0	628
lcl|NC_017455.1_prot_WP_014554119.1_1	GCF_000014965.1_WP_041442153.1	61.058	419	415	99	416	159	2	2	415	1	415	0.0	628
lcl|NC_017455.1_prot_WP_014554119.1_1	GCF_000012885.1_WP_011342474.1	60.817	419	415	99	416	160	2	2	415	1	415	0.0	628
lcl|NC_017455.1_prot_WP_014554119.1_1	GCF_014268755.2_WP_017902637.1	57.757	419	419	99	419	171	3	2	415	1	418	0.0	627
lcl|NC_017455.1_prot_WP_014554119.1_1	GCF_013488225.1_WP_180939528.1	56.459	419	421	99	418	176	3	2	414	4	420	0.0	627
lcl|NC_017455.1_prot_WP_014554119.1_1	GCF_002119845.1_WP_003589536.1	56.459	419	421	99	418	176	3	2	414	4	420	0.0	627
lcl|NC_017455.1_prot_WP_014554119.1_1	GCF_000742835.1_WP_038466082.1	56.738	419	423	99	423	172	4	2	414	1	422	0.0	627
lcl|NC_017455.1_prot_WP_014554119.1_1	GCF_000697965.2_WP_089044254.1	56.459	419	421	99	418	176	3	2	414	4	420	0.0	627
lcl|NC_017455.1_prot_WP_014554119.1_1	GCF_000321415.2_WP_015260330.1	56.802	419	419	99	419	175	3	2	415	1	418	0.0	627
lcl|NC_017455.1_prot_WP_014554119.1_1	GCF_000024725.1_WP_013034599.1	57.995	419	418	99	419	170	3	2	415	1	418	0.0	627
lcl|NC_017455.1_prot_WP_014554119.1_1	GCF_016028515.1_WP_011911776.1	57.995	419	419	99	419	170	3	2	415	1	418	0.0	627
lcl|NC_017455.1_prot_WP_014554119.1_1	GCF_003952345.1_WP_125971696.1	55.609	419	418	99	419	180	3	2	415	1	418	0.0	627
lcl|NC_017455.1_prot_WP_014554119.1_1	GCF_003177055.1_WP_012709824.1	55.981	419	421	99	418	178	3	2	414	4	420	0.0	627
lcl|NC_017455.1_prot_WP_014554119.1_1	GCF_002009335.2_WP_020876612.1	60.000	419	415	99	415	163	2	2	414	1	414	0.0	627
lcl|NC_017455.1_prot_WP_014554119.1_1	GCF_001664265.1_WP_088391233.1	56.459	419	421	99	418	176	3	2	414	4	420	0.0	627
lcl|NC_017455.1_prot_WP_014554119.1_1	GCF_000007765.2_NP_821056.1	58.134	419	418	99	418	169	3	2	414	1	417	0.0	627
lcl|NC_017455.1_prot_WP_014554119.1_1	GCF_017357225.1_WP_205918653.1	56.459	419	421	99	418	176	3	2	414	4	420	0.0	627
lcl|NC_017455.1_prot_WP_014554119.1_1	GCF_003667905.1_WP_004444236.1	56.699	419	421	99	418	175	3	2	414	4	420	0.0	627
lcl|NC_017455.1_prot_WP_014554119.1_1	GCF_001664385.1_WP_003571435.1	56.459	419	421	99	418	176	3	2	414	4	420	0.0	627
lcl|NC_017455.1_prot_WP_014554119.1_1	GCF_000827125.1_WP_040199042.1	61.058	419	415	99	416	159	2	2	415	1	415	0.0	627
lcl|NC_017455.1_prot_WP_014554119.1_1	GCF_000218565.1_WP_012561559.1	55.742	419	421	99	418	179	3	2	414	4	420	0.0	627
lcl|NC_017455.1_prot_WP_014554119.1_1	GCF_000017265.1_WP_012524078.1	53.589	419	474	99	418	188	3	2	414	57	473	0.0	627
lcl|NC_017455.1_prot_WP_014554119.1_1	GCF_024346605.1_WP_011654069.1	56.459	419	421	99	418	176	3	2	414	4	420	0.0	626
lcl|NC_017455.1_prot_WP_014554119.1_1	GCF_020883495.1_WP_206366670.1	55.981	419	421	99	418	178	3	2	414	4	420	0.0	626
lcl|NC_017455.1_prot_WP_014554119.1_1	GCF_018138105.1_WP_007698693.1	56.220	419	421	99	418	177	3	2	414	4	420	0.0	626
lcl|NC_017455.1_prot_WP_014554119.1_1	GCF_011046895.1_WP_137133652.1	56.938	419	421	99	418	174	3	2	414	4	420	0.0	626
lcl|NC_017455.1_prot_WP_014554119.1_1	GCF_010669145.1_WP_003492784.1	56.699	419	421	99	418	175	3	2	414	4	420	0.0	626
lcl|NC_017455.1_prot_WP_014554119.1_1	GCF_009688945.1_WP_155320223.1	60.577	419	415	99	416	161	2	2	415	1	415	0.0	626
lcl|NC_017455.1_prot_WP_014554119.1_1	GCF_009498235.1_WP_153249706.1	58.950	419	418	99	419	166	3	2	415	1	418	0.0	626
lcl|NC_017455.1_prot_WP_014554119.1_1	GCF_002838765.1_WP_106647840.1	57.279	419	418	99	419	173	3	2	415	1	418	0.0	626
lcl|NC_017455.1_prot_WP_014554119.1_1	GCF_002355475.1_WP_003457524.1	57.757	419	419	99	419	171	3	2	415	1	418	0.0	626
lcl|NC_017455.1_prot_WP_014554119.1_1	GCF_002117145.1_WP_085784380.1	58.373	419	418	99	418	168	3	2	414	1	417	0.0	626
lcl|NC_017455.1_prot_WP_014554119.1_1	GCF_000818015.1_WP_043218278.1	57.995	419	419	99	419	170	3	2	415	1	418	0.0	626
lcl|NC_017455.1_prot_WP_014554119.1_1	GCF_000513295.1_WP_024081463.1	55.742	419	418	99	418	179	3	2	414	1	417	0.0	626
lcl|NC_017455.1_prot_WP_014554119.1_1	GCF_000412675.1_WP_003253661.1	57.279	419	419	99	419	173	3	2	415	1	418	0.0	626
lcl|NC_017455.1_prot_WP_014554119.1_1	GCF_000016745.1_WP_011940846.1	62.260	419	415	99	416	154	2	2	415	1	415	0.0	626
lcl|NC_017455.1_prot_WP_014554119.1_1	GCF_000012925.1_WP_004512348.1	60.817	419	415	99	416	160	2	2	415	1	415	0.0	626
lcl|NC_017455.1_prot_WP_014554119.1_1	GCF_021560075.1_WP_029886229.1	57.279	419	419	99	419	173	3	2	415	1	418	0.0	626
lcl|NC_017455.1_prot_WP_014554119.1_1	GCF_018398475.1_WP_043863391.1	57.279	419	419	99	419	173	3	2	415	1	418	0.0	626
lcl|NC_017455.1_prot_WP_014554119.1_1	GCF_017301615.1_WP_206708657.1	64.806	419	417	98	412	144	1	2	413	1	411	0.0	626
lcl|NC_017455.1_prot_WP_014554119.1_1	GCF_008807375.1_WP_151138253.1	57.518	419	419	99	419	172	3	2	415	1	418	0.0	626
lcl|NC_017455.1_prot_WP_014554119.1_1	GCF_003072645.1_WP_108652677.1	56.802	419	421	99	419	175	3	2	415	1	418	0.0	626
lcl|NC_017455.1_prot_WP_014554119.1_1	GCF_000023065.1_WP_015879703.1	57.995	419	421	99	419	170	3	2	415	1	418	0.0	626
lcl|NC_017455.1_prot_WP_014554119.1_1	GCF_004684345.1_WP_096758948.1	57.995	419	419	99	419	170	3	2	415	1	418	0.0	625
lcl|NC_017455.1_prot_WP_014554119.1_1	GCF_002407485.1_WP_094039081.1	57.518	419	421	99	419	172	3	2	415	1	418	0.0	625
lcl|NC_017455.1_prot_WP_014554119.1_1	GCF_000828475.1_WP_045363822.1	55.263	419	421	99	418	181	3	2	414	4	420	0.0	625
lcl|NC_017455.1_prot_WP_014554119.1_1	GCF_000021905.1_WP_028316918.1	60.482	419	415	99	415	161	2	2	414	1	414	0.0	625
lcl|NC_017455.1_prot_WP_014554119.1_1	GCF_000014785.1_WP_011628118.1	57.995	419	418	99	419	170	3	2	415	1	418	0.0	625
lcl|NC_017455.1_prot_WP_014554119.1_1	GCF_023195735.1_WP_035895778.1	57.279	419	419	99	419	173	3	2	415	1	418	0.0	625
lcl|NC_017455.1_prot_WP_014554119.1_1	GCF_010450895.1_WP_099059781.1	56.459	419	421	99	418	176	3	2	414	4	420	0.0	625
lcl|NC_017455.1_prot_WP_014554119.1_1	GCF_008728835.1_WP_151120390.1	56.086	419	418	99	419	178	3	2	415	1	418	0.0	625
lcl|NC_017455.1_prot_WP_014554119.1_1	GCF_003595175.1_WP_119895417.1	57.757	419	419	99	419	171	3	2	415	1	418	0.0	625
lcl|NC_017455.1_prot_WP_014554119.1_1	GCF_003261575.2_WP_110276891.1	57.995	419	419	99	419	170	3	2	415	1	418	0.0	625
lcl|NC_017455.1_prot_WP_014554119.1_1	GCF_001705075.2_WP_065969783.1	60.859	419	418	99	419	158	3	2	415	1	418	0.0	625
lcl|NC_017455.1_prot_WP_014554119.1_1	GCF_000967425.1_WP_139346276.1	56.459	419	421	99	418	176	3	2	414	4	420	0.0	625
lcl|NC_017455.1_prot_WP_014554119.1_1	GCF_000801295.1_WP_043106839.1	58.852	419	420	99	418	166	3	2	414	1	417	0.0	625
lcl|NC_017455.1_prot_WP_014554119.1_1	GCF_000196355.1_WP_011381390.1	57.757	419	419	99	419	171	3	2	415	1	418	0.0	625
lcl|NC_017455.1_prot_WP_014554119.1_1	GCF_000143085.1_WP_013219598.1	57.995	419	418	99	419	170	3	2	415	1	418	0.0	625
lcl|NC_017455.1_prot_WP_014554119.1_1	GCF_000018045.1_WP_002437993.1	57.518	419	419	99	419	172	3	2	415	1	418	0.0	625
lcl|NC_017455.1_prot_WP_014554119.1_1	GCF_026409565.1_WP_169543749.1	58.095	419	418	99	420	168	4	2	415	1	418	0.0	625
lcl|NC_017455.1_prot_WP_014554119.1_1	GCF_025998535.1_WP_267928819.1	57.692	419	415	99	416	173	2	2	415	1	415	0.0	625
lcl|NC_017455.1_prot_WP_014554119.1_1	GCF_009649915.1_WP_052285527.1	57.757	419	419	99	419	171	3	2	415	1	418	0.0	625
lcl|NC_017455.1_prot_WP_014554119.1_1	GCF_003966655.1_WP_012536268.1	57.757	419	418	99	419	171	3	2	415	1	418	0.0	625
lcl|NC_017455.1_prot_WP_014554119.1_1	GCF_000196475.1_WP_015836218.1	57.279	419	419	99	419	173	3	2	415	1	418	0.0	625
lcl|NC_017455.1_prot_WP_014554119.1_1	GCF_000196155.1_WP_011148733.1	57.279	419	419	99	419	173	3	2	415	1	418	0.0	625
lcl|NC_017455.1_prot_WP_014554119.1_1	GCF_000023545.1_WP_012763844.1	57.518	419	419	99	419	172	3	2	415	1	418	0.0	625
lcl|NC_017455.1_prot_WP_014554119.1_1	GCF_000012805.1_WP_004269132.1	57.757	419	418	99	419	171	3	2	415	1	418	0.0	625
lcl|NC_017455.1_prot_WP_014554119.1_1	GCF_000006945.2_NP_462807.1	57.518	419	419	99	419	172	3	2	415	1	418	0.0	625
lcl|NC_017455.1_prot_WP_014554119.1_1	GCF_000005845.2_NP_418230.1	57.279	419	419	99	419	173	3	2	415	1	418	0.0	625
lcl|NC_017455.1_prot_WP_014554119.1_1	GCF_020079945.1_WP_039381703.1	58.473	419	419	99	419	168	3	2	415	1	418	0.0	624
lcl|NC_017455.1_prot_WP_014554119.1_1	GCF_009688965.1_WP_155307825.1	60.096	419	415	99	416	163	2	2	415	1	415	0.0	624
lcl|NC_017455.1_prot_WP_014554119.1_1	GCF_005862305.2_WP_012759538.1	56.220	419	421	99	418	177	3	2	414	4	420	0.0	624
lcl|NC_017455.1_prot_WP_014554119.1_1	GCF_003627755.1_WP_004127423.1	55.981	419	421	99	418	178	3	2	414	4	420	0.0	624
lcl|NC_017455.1_prot_WP_014554119.1_1	GCF_001729805.1_WP_008501566.1	57.041	419	419	99	419	174	3	2	415	1	418	0.0	624
lcl|NC_017455.1_prot_WP_014554119.1_1	GCF_001277175.1_WP_004386383.1	57.518	419	419	99	419	172	3	2	415	1	418	0.0	624
lcl|NC_017455.1_prot_WP_014554119.1_1	GCF_001022135.1_WP_023479599.1	57.757	419	419	99	419	171	3	2	415	1	418	0.0	624
lcl|NC_017455.1_prot_WP_014554119.1_1	GCF_000761155.1_WP_043192255.1	56.802	419	419	99	419	175	3	2	415	1	418	0.0	624
lcl|NC_017455.1_prot_WP_014554119.1_1	GCF_000330885.1_WP_015341775.1	55.981	419	421	99	418	178	3	2	414	4	420	0.0	624
lcl|NC_017455.1_prot_WP_014554119.1_1	GCF_000264765.2_WP_005297111.1	57.995	419	419	99	419	170	3	2	415	1	418	0.0	624
lcl|NC_017455.1_prot_WP_014554119.1_1	GCF_000240185.1_YP_005224430.1	57.518	419	419	99	419	172	3	2	415	1	418	0.0	624
lcl|NC_017455.1_prot_WP_014554119.1_1	GCF_000224675.1_WP_001054528.1	57.279	419	419	99	419	173	3	2	415	1	418	0.0	624
lcl|NC_017455.1_prot_WP_014554119.1_1	GCF_011617105.1_WP_008815829.1	58.234	419	419	99	419	169	3	2	415	1	418	0.0	624
lcl|NC_017455.1_prot_WP_014554119.1_1	GCF_009914055.1_WP_141177666.1	57.995	419	419	99	419	170	3	2	415	1	418	0.0	624
lcl|NC_017455.1_prot_WP_014554119.1_1	GCF_005860795.2_WP_138286875.1	56.220	419	421	99	418	177	3	2	414	4	420	0.0	624
lcl|NC_017455.1_prot_WP_014554119.1_1	GCF_001305575.3_WP_062151686.1	57.041	419	418	99	419	174	3	2	415	1	418	0.0	624
lcl|NC_017455.1_prot_WP_014554119.1_1	GCF_000816845.1_WP_022718404.1	56.699	419	421	99	418	175	3	2	414	4	420	0.0	624
lcl|NC_017455.1_prot_WP_014554119.1_1	GCF_000731315.1_WP_151045343.1	55.981	419	421	99	418	178	3	2	414	4	420	0.0	624
lcl|NC_017455.1_prot_WP_014554119.1_1	GCF_000143965.1_WP_043815129.1	59.809	419	417	99	418	163	3	2	415	1	417	0.0	624
lcl|NC_017455.1_prot_WP_014554119.1_1	GCF_018436245.1_WP_022709829.1	55.981	419	421	99	418	178	3	2	414	4	420	0.0	623
lcl|NC_017455.1_prot_WP_014554119.1_1	GCF_008728855.1_WP_151179908.1	56.325	419	418	99	419	177	3	2	415	1	418	0.0	623
lcl|NC_017455.1_prot_WP_014554119.1_1	GCF_005849285.1_WP_138381214.1	56.699	419	418	99	418	175	3	2	414	1	417	0.0	623
lcl|NC_017455.1_prot_WP_014554119.1_1	GCF_003096015.2_WP_047782390.1	57.995	419	419	99	419	170	3	2	415	1	418	0.0	623
lcl|NC_017455.1_prot_WP_014554119.1_1	GCF_002393445.1_WP_008455558.1	57.518	419	419	99	419	172	3	2	415	1	418	0.0	623
lcl|NC_017455.1_prot_WP_014554119.1_1	GCF_000981765.1_WP_046562133.1	57.041	419	418	99	419	174	3	2	415	1	418	0.0	623
lcl|NC_017455.1_prot_WP_014554119.1_1	GCF_000730165.1_WP_004271485.1	57.007	419	420	99	421	173	3	2	415	1	420	0.0	623
lcl|NC_017455.1_prot_WP_014554119.1_1	GCF_000262305.1_WP_002444150.1	57.995	419	419	99	419	170	3	2	415	1	418	0.0	623
lcl|NC_017455.1_prot_WP_014554119.1_1	GCF_000023745.1_WP_013443047.1	56.802	419	419	99	419	175	3	2	415	1	418	0.0	623
lcl|NC_017455.1_prot_WP_014554119.1_1	GCF_900478135.1_WP_111741835.1	57.995	419	419	99	419	170	3	2	415	1	418	0.0	623
lcl|NC_017455.1_prot_WP_014554119.1_1	GCF_020025155.1_WP_223654102.1	58.711	419	421	99	419	167	3	2	415	1	418	0.0	623
lcl|NC_017455.1_prot_WP_014554119.1_1	GCF_017329545.1_WP_047887300.1	58.473	419	419	99	419	168	3	2	415	1	418	0.0	623
lcl|NC_017455.1_prot_WP_014554119.1_1	GCF_009688985.1_WP_155314054.1	60.628	419	415	98	414	160	2	2	413	1	413	0.0	623
lcl|NC_017455.1_prot_WP_014554119.1_1	GCF_005671395.1_WP_138095225.1	57.518	419	419	99	419	172	3	2	415	1	418	0.0	623
lcl|NC_017455.1_prot_WP_014554119.1_1	GCF_003584645.1_WP_119628385.1	58.711	419	418	99	419	167	3	2	415	1	418	0.0	623
lcl|NC_017455.1_prot_WP_014554119.1_1	GCF_002764115.1_WP_027230937.1	56.699	419	421	99	418	175	3	2	414	4	420	0.0	623
lcl|NC_017455.1_prot_WP_014554119.1_1	GCF_002278035.1_WP_024898458.1	56.699	419	421	99	418	175	3	2	414	4	420	0.0	623
lcl|NC_017455.1_prot_WP_014554119.1_1	GCF_000233595.1_WP_006121431.1	57.518	419	419	99	419	172	3	2	415	1	418	0.0	623
lcl|NC_017455.1_prot_WP_014554119.1_1	GCF_000008325.1_WP_010959428.1	58.473	419	418	99	419	168	3	2	415	1	418	0.0	623
lcl|NC_017455.1_prot_WP_014554119.1_1	GCF_000007125.1_WP_002965128.1	56.938	419	421	99	418	174	3	2	414	4	420	0.0	623
lcl|NC_017455.1_prot_WP_014554119.1_1	GCF_902459485.1_WP_148340127.1	57.619	419	418	99	420	171	4	2	416	1	418	0.0	623
lcl|NC_017455.1_prot_WP_014554119.1_1	GCF_900635955.1_WP_126358040.1	57.279	419	419	99	419	173	3	2	415	1	418	0.0	623
lcl|NC_017455.1_prot_WP_014554119.1_1	GCF_025200715.1_WP_027512263.1	56.459	419	421	99	418	176	3	2	414	4	420	0.0	623
lcl|NC_017455.1_prot_WP_014554119.1_1	GCF_024346955.1_WP_087481500.1	57.757	419	419	99	419	171	3	2	415	1	418	0.0	623
lcl|NC_017455.1_prot_WP_014554119.1_1	GCF_024346755.1_WP_073603654.1	57.518	419	419	99	419	172	3	2	415	1	418	0.0	623
lcl|NC_017455.1_prot_WP_014554119.1_1	GCF_021310995.1_WP_112501108.1	56.220	419	421	99	418	177	3	2	414	4	420	0.0	623
lcl|NC_017455.1_prot_WP_014554119.1_1	GCF_015326295.1_WP_012091070.1	56.938	419	421	99	418	174	3	2	414	4	420	0.0	623
lcl|NC_017455.1_prot_WP_014554119.1_1	GCF_014274465.1_WP_186743500.1	61.687	419	416	99	415	156	2	2	414	1	414	0.0	623
lcl|NC_017455.1_prot_WP_014554119.1_1	GCF_007858975.2_WP_042873323.1	57.757	419	419	99	419	171	3	2	415	1	418	0.0	623
lcl|NC_017455.1_prot_WP_014554119.1_1	GCF_003330725.1_WP_114206569.1	61.928	419	416	99	415	155	2	2	414	1	414	0.0	623
lcl|NC_017455.1_prot_WP_014554119.1_1	GCF_003063625.1_WP_108604885.1	58.392	419	422	99	423	170	3	2	419	1	422	0.0	623
lcl|NC_017455.1_prot_WP_014554119.1_1	GCF_001558415.2_WP_024374422.1	57.041	419	419	99	419	174	3	2	415	1	418	0.0	623
lcl|NC_017455.1_prot_WP_014554119.1_1	GCF_000319575.2_WP_016354044.1	58.234	419	418	99	419	169	3	2	415	1	418	0.0	623
lcl|NC_017455.1_prot_WP_014554119.1_1	GCF_000297055.2_WP_009206477.1	55.847	419	418	99	419	179	3	2	415	1	418	0.0	623
lcl|NC_017455.1_prot_WP_014554119.1_1	GCF_000264455.2_WP_014746923.1	56.802	419	419	99	419	174	3	2	414	1	418	0.0	623
lcl|NC_017455.1_prot_WP_014554119.1_1	GCF_000067165.1_WP_012240541.1	56.490	419	415	99	416	178	2	2	415	1	415	0.0	623
lcl|NC_017455.1_prot_WP_014554119.1_1	GCF_000016845.1_WP_006014450.1	56.699	419	421	99	418	175	3	2	414	4	420	0.0	623
lcl|NC_017455.1_prot_WP_014554119.1_1	GCF_000014005.1_WP_011524029.1	62.410	419	415	99	415	153	2	2	414	1	414	0.0	623
lcl|NC_017455.1_prot_WP_014554119.1_1	GCF_000012725.1_WP_011313437.1	55.024	419	421	99	418	182	3	2	414	4	420	0.0	623
lcl|NC_017455.1_prot_WP_014554119.1_1	GCF_000010085.1_WP_011412192.1	57.995	419	419	99	419	170	3	2	415	1	418	0.0	623
lcl|NC_017455.1_prot_WP_014554119.1_1	GCF_026001925.1_WP_105903688.1	57.757	419	419	99	419	171	3	2	415	1	418	0.0	622
lcl|NC_017455.1_prot_WP_014554119.1_1	GCF_009817885.1_WP_015344121.1	57.995	419	419	99	419	170	3	2	415	1	418	0.0	622
lcl|NC_017455.1_prot_WP_014554119.1_1	GCF_003515985.1_WP_027063767.1	58.473	419	419	99	419	168	3	2	415	1	418	0.0	622
lcl|NC_017455.1_prot_WP_014554119.1_1	GCF_000772105.1_WP_004745495.1	57.279	419	419	99	419	173	3	2	415	1	418	0.0	622
lcl|NC_017455.1_prot_WP_014554119.1_1	GCF_000619905.2_WP_025041073.1	57.041	419	419	99	419	174	3	2	415	1	418	0.0	622
lcl|NC_017455.1_prot_WP_014554119.1_1	GCF_000355765.4_WP_004179512.1	56.802	419	419	99	419	175	3	2	415	1	418	0.0	622
lcl|NC_017455.1_prot_WP_014554119.1_1	GCF_000025065.1_WP_012886501.1	57.995	419	419	99	419	170	3	2	415	1	418	0.0	622
lcl|NC_017455.1_prot_WP_014554119.1_1	GCF_000022565.1_WP_015897571.1	61.836	419	416	98	414	155	2	2	413	1	413	0.0	622
lcl|NC_017455.1_prot_WP_014554119.1_1	GCF_025118245.1_WP_105543315.1	56.938	419	421	99	418	174	3	2	414	4	420	0.0	622
lcl|NC_017455.1_prot_WP_014554119.1_1	GCF_024494545.1_WP_060999724.1	58.473	419	421	99	419	168	3	2	415	1	418	0.0	622
lcl|NC_017455.1_prot_WP_014554119.1_1	GCF_024347475.1_WP_032552271.1	57.518	419	419	99	419	172	3	2	415	1	418	0.0	622
lcl|NC_017455.1_prot_WP_014554119.1_1	GCF_019890955.1_WP_021506991.1	58.711	419	419	99	419	167	3	2	415	1	418	0.0	622
lcl|NC_017455.1_prot_WP_014554119.1_1	GCF_016939435.1_WP_015865333.1	65.217	419	424	99	414	142	1	2	415	3	414	0.0	622
lcl|NC_017455.1_prot_WP_014554119.1_1	GCF_014126615.1_WP_129334076.1	56.355	419	420	99	417	177	3	2	414	4	419	0.0	622
lcl|NC_017455.1_prot_WP_014554119.1_1	GCF_009662475.1_WP_010639222.1	58.473	419	418	99	419	168	3	2	415	1	418	0.0	622
lcl|NC_017455.1_prot_WP_014554119.1_1	GCF_004786035.1_WP_025216061.1	57.041	419	419	99	419	174	3	2	415	1	418	0.0	622
lcl|NC_017455.1_prot_WP_014554119.1_1	GCF_003952725.1_WP_126007388.1	55.263	419	421	99	418	181	3	2	414	4	420	0.0	622
lcl|NC_017455.1_prot_WP_014554119.1_1	GCF_003568825.1_WP_009839245.1	58.950	419	419	99	419	166	3	2	415	1	418	0.0	622
lcl|NC_017455.1_prot_WP_014554119.1_1	GCF_003352165.1_WP_114911614.1	55.425	419	424	99	424	177	3	2	414	1	423	0.0	622
lcl|NC_017455.1_prot_WP_014554119.1_1	GCF_002257545.1_WP_010319292.1	57.279	419	419	99	419	173	3	2	415	1	418	0.0	622
lcl|NC_017455.1_prot_WP_014554119.1_1	GCF_000023565.1_WP_012767940.1	57.995	419	419	99	419	170	3	2	415	1	418	0.0	622
lcl|NC_017455.1_prot_WP_014554119.1_1	GCF_000016285.1_WP_015917602.1	55.981	419	421	99	418	178	3	2	414	4	420	0.0	622
lcl|NC_017455.1_prot_WP_014554119.1_1	GCF_029223885.1_WP_275786725.1	55.742	419	421	99	418	179	3	2	414	4	420	0.0	622
lcl|NC_017455.1_prot_WP_014554119.1_1	GCF_024347495.1_WP_137375542.1	58.234	419	420	99	419	169	3	2	415	1	418	0.0	622
lcl|NC_017455.1_prot_WP_014554119.1_1	GCF_024347055.1_WP_261896203.1	57.279	419	419	99	419	173	3	2	415	1	418	0.0	622
lcl|NC_017455.1_prot_WP_014554119.1_1	GCF_024347035.1_WP_102941608.1	57.995	419	419	99	419	170	3	2	415	1	418	0.0	622
lcl|NC_017455.1_prot_WP_014554119.1_1	GCF_014524625.1_WP_007926725.1	57.518	419	419	99	419	172	3	2	415	1	418	0.0	622
lcl|NC_017455.1_prot_WP_014554119.1_1	GCF_007289895.1_WP_143870439.1	58.234	419	422	99	419	169	3	2	415	1	418	0.0	622
lcl|NC_017455.1_prot_WP_014554119.1_1	GCF_003935895.2_WP_110512138.1	57.995	419	419	99	419	170	3	2	415	1	418	0.0	622
lcl|NC_017455.1_prot_WP_014554119.1_1	GCF_002196515.1_WP_021021955.1	57.995	419	419	99	419	170	3	2	415	1	418	0.0	622
lcl|NC_017455.1_prot_WP_014554119.1_1	GCF_002101395.1_WP_038628983.1	58.234	419	419	99	419	169	3	2	415	1	418	0.0	622
lcl|NC_017455.1_prot_WP_014554119.1_1	GCF_001874645.1_WP_019694195.1	57.279	419	419	99	419	173	3	2	415	1	418	0.0	622
lcl|NC_017455.1_prot_WP_014554119.1_1	GCF_001189295.1_WP_050429136.1	56.731	419	415	99	416	177	2	2	415	1	415	0.0	622
lcl|NC_017455.1_prot_WP_014554119.1_1	GCF_000691605.1_WP_038452042.1	58.213	419	417	98	414	170	2	2	413	1	413	0.0	622
lcl|NC_017455.1_prot_WP_014554119.1_1	GCF_000517405.1_WP_025244115.1	57.757	419	419	99	419	171	3	2	415	1	418	0.0	622
lcl|NC_017455.1_prot_WP_014554119.1_1	GCF_000517305.1_WP_025257997.1	56.802	419	419	99	419	175	3	2	415	1	418	0.0	622
lcl|NC_017455.1_prot_WP_014554119.1_1	GCF_000284315.1_WP_014450193.1	60.577	419	416	99	416	161	2	2	415	1	415	0.0	622
lcl|NC_017455.1_prot_WP_014554119.1_1	GCF_000024325.1_WP_015751292.1	59.759	419	415	99	415	164	2	2	414	1	414	0.0	622
lcl|NC_017455.1_prot_WP_014554119.1_1	GCF_000024085.1_WP_015781606.1	57.041	419	418	99	419	174	3	2	415	1	418	0.0	622
lcl|NC_017455.1_prot_WP_014554119.1_1	GCF_900635775.1_WP_103853956.1	57.143	419	420	99	420	173	4	2	415	1	419	0.0	621
lcl|NC_017455.1_prot_WP_014554119.1_1	GCF_900560965.1_WP_011064156.1	57.279	419	419	99	419	173	3	2	415	1	418	0.0	621
lcl|NC_017455.1_prot_WP_014554119.1_1	GCF_900169565.1_WP_080888550.1	61.538	419	415	99	416	157	2	2	415	1	415	0.0	621
lcl|NC_017455.1_prot_WP_014554119.1_1	GCF_024347355.1_WP_004741192.1	58.234	419	419	99	419	169	3	2	415	1	418	0.0	621
lcl|NC_017455.1_prot_WP_014554119.1_1	GCF_020342335.1_WP_067434659.1	58.234	419	419	99	419	169	3	2	415	1	418	0.0	621
lcl|NC_017455.1_prot_WP_014554119.1_1	GCF_019703875.1_WP_221763955.1	56.563	419	419	99	419	176	3	2	415	1	418	0.0	621
lcl|NC_017455.1_prot_WP_014554119.1_1	GCF_019670005.1_WP_085215446.1	58.950	419	418	99	419	166	3	2	415	1	418	0.0	621
lcl|NC_017455.1_prot_WP_014554119.1_1	GCF_019665765.1_WP_221006964.1	58.234	419	418	99	419	169	3	2	415	1	418	0.0	621
lcl|NC_017455.1_prot_WP_014554119.1_1	GCF_017377395.1_WP_207683511.1	60.577	419	415	99	416	161	2	2	415	1	415	0.0	621
lcl|NC_017455.1_prot_WP_014554119.1_1	GCF_010587385.1_WP_164647061.1	57.995	419	420	99	419	170	3	2	415	1	418	0.0	621
lcl|NC_017455.1_prot_WP_014554119.1_1	GCF_003367375.1_WP_115720432.1	57.381	419	421	99	420	173	3	2	416	1	419	0.0	621
lcl|NC_017455.1_prot_WP_014554119.1_1	GCF_003352185.1_WP_007951825.1	57.041	419	419	99	419	174	3	2	415	1	418	0.0	621
lcl|NC_017455.1_prot_WP_014554119.1_1	GCF_002007565.1_WP_077994731.1	56.938	419	421	99	418	174	3	2	414	4	420	0.0	621
lcl|NC_017455.1_prot_WP_014554119.1_1	GCF_001708405.1_WP_068994090.1	57.279	419	418	99	419	173	3	2	415	1	418	0.0	621
lcl|NC_017455.1_prot_WP_014554119.1_1	GCF_001294575.1_WP_003438291.1	57.279	419	419	99	419	173	3	2	415	1	418	0.0	621
lcl|NC_017455.1_prot_WP_014554119.1_1	GCF_000016185.1_WP_012567946.1	54.610	419	422	99	423	182	3	2	415	1	422	0.0	621
lcl|NC_017455.1_prot_WP_014554119.1_1	GCF_914590485.1_WP_131911099.1	58.234	419	419	99	419	169	3	2	415	1	418	0.0	621
lcl|NC_017455.1_prot_WP_014554119.1_1	GCF_900475855.1_WP_068439727.1	57.518	419	419	99	419	172	3	2	415	1	418	0.0	621
lcl|NC_017455.1_prot_WP_014554119.1_1	GCF_900184295.1_WP_004886821.1	56.563	419	419	99	419	176	3	2	415	1	418	0.0	621
lcl|NC_017455.1_prot_WP_014554119.1_1	GCF_029030725.1_WP_009338589.1	55.502	419	421	99	418	180	3	2	414	4	420	0.0	621
lcl|NC_017455.1_prot_WP_014554119.1_1	GCF_022814725.1_WP_243540787.1	58.537	419	427	97	410	167	2	6	413	15	423	0.0	621
lcl|NC_017455.1_prot_WP_014554119.1_1	GCF_018107685.1_WP_211923816.1	58.134	419	418	99	418	169	3	2	414	1	417	0.0	621
lcl|NC_017455.1_prot_WP_014554119.1_1	GCF_017377355.1_WP_207688426.1	60.337	419	415	99	416	162	2	2	415	1	415	0.0	621
lcl|NC_017455.1_prot_WP_014554119.1_1	GCF_015277775.1_WP_267239399.1	59.662	419	431	98	414	164	2	2	413	17	429	0.0	621
lcl|NC_017455.1_prot_WP_014554119.1_1	GCF_014268445.2_WP_003229334.1	57.041	419	419	99	419	174	3	2	415	1	418	0.0	621
lcl|NC_017455.1_prot_WP_014554119.1_1	GCF_013374995.1_WP_027979976.1	56.802	419	419	99	419	175	3	2	415	1	418	0.0	621
lcl|NC_017455.1_prot_WP_014554119.1_1	GCF_001753245.1_WP_070077407.1	56.802	419	419	99	419	175	3	2	415	1	418	0.0	621
lcl|NC_017455.1_prot_WP_014554119.1_1	GCF_001547935.1_WP_068711673.1	57.041	419	419	99	419	174	3	2	415	1	418	0.0	621
lcl|NC_017455.1_prot_WP_014554119.1_1	GCF_000968175.1_WP_010845326.1	57.995	419	419	99	419	170	3	2	415	1	418	0.0	621
lcl|NC_017455.1_prot_WP_014554119.1_1	GCF_000940995.1_WP_039468437.1	58.473	419	421	99	419	168	3	2	415	1	418	0.0	621
lcl|NC_017455.1_prot_WP_014554119.1_1	GCF_000770115.1_WP_005440042.1	57.279	419	419	99	419	173	3	2	415	1	418	0.0	621
lcl|NC_017455.1_prot_WP_014554119.1_1	GCF_000632475.1_WP_014238917.1	56.802	419	418	99	419	175	3	2	415	1	418	0.0	621
lcl|NC_017455.1_prot_WP_014554119.1_1	GCF_000192745.1_WP_013650837.1	55.847	419	421	99	419	179	3	2	415	4	421	0.0	621
lcl|NC_017455.1_prot_WP_014554119.1_1	GCF_900682675.2_WP_069898456.1	56.802	419	419	99	419	175	3	2	415	1	418	0.0	620
lcl|NC_017455.1_prot_WP_014554119.1_1	GCF_025946765.1_WP_264497537.1	57.995	419	419	99	419	170	3	2	415	1	418	0.0	620
lcl|NC_017455.1_prot_WP_014554119.1_1	GCF_024347095.1_WP_038185996.1	57.757	419	419	99	419	171	3	2	415	1	418	0.0	620
lcl|NC_017455.1_prot_WP_014554119.1_1	GCF_023195835.1_WP_176289271.1	57.995	419	419	99	419	170	3	2	415	1	418	0.0	620
lcl|NC_017455.1_prot_WP_014554119.1_1	GCF_019226825.1_WP_136487150.1	57.518	419	419	99	419	172	3	2	415	1	418	0.0	620
lcl|NC_017455.1_prot_WP_014554119.1_1	GCF_015240255.1_WP_194215732.1	56.220	419	418	99	418	177	3	2	414	1	417	0.0	620
lcl|NC_017455.1_prot_WP_014554119.1_1	GCF_014268275.3_WP_186754968.1	57.041	419	419	99	419	174	3	2	415	1	418	0.0	620
lcl|NC_017455.1_prot_WP_014554119.1_1	GCF_013377295.1_WP_090919733.1	56.429	419	420	99	420	176	4	2	415	1	419	0.0	620
lcl|NC_017455.1_prot_WP_014554119.1_1	GCF_012913625.1_WP_019862177.1	55.263	419	421	99	418	181	3	2	414	4	420	0.0	620
lcl|NC_017455.1_prot_WP_014554119.1_1	GCF_012769535.1_WP_169602020.1	58.711	419	418	99	419	167	3	2	415	1	418	0.0	620
lcl|NC_017455.1_prot_WP_014554119.1_1	GCF_011745665.1_WP_166915558.1	58.333	419	420	99	420	168	4	2	415	1	419	0.0	620
lcl|NC_017455.1_prot_WP_014554119.1_1	GCF_011064285.1_WP_165312805.1	57.518	419	419	99	419	172	3	2	415	1	418	0.0	620
lcl|NC_017455.1_prot_WP_014554119.1_1	GCF_009363415.1_WP_114767716.1	57.757	419	419	99	419	171	3	2	415	1	418	0.0	620
lcl|NC_017455.1_prot_WP_014554119.1_1	GCF_006364355.1_WP_038152528.1	57.041	419	419	99	419	174	3	2	415	1	418	0.0	620
lcl|NC_017455.1_prot_WP_014554119.1_1	GCF_005484945.1_WP_109054855.1	57.995	419	419	99	419	170	3	2	415	1	418	0.0	620
lcl|NC_017455.1_prot_WP_014554119.1_1	GCF_002952055.1_WP_017865812.1	56.010	419	415	99	416	180	2	2	415	1	415	0.0	620
lcl|NC_017455.1_prot_WP_014554119.1_1	GCF_002906475.1_WP_005535997.1	57.279	419	419	99	419	173	3	2	415	1	418	0.0	620
lcl|NC_017455.1_prot_WP_014554119.1_1	GCF_002157875.1_WP_086964575.1	58.234	419	421	99	419	169	3	2	415	1	418	0.0	620
lcl|NC_017455.1_prot_WP_014554119.1_1	GCF_002028325.1_WP_017845130.1	57.279	419	419	99	419	173	3	2	415	1	418	0.0	620
lcl|NC_017455.1_prot_WP_014554119.1_1	GCF_001693385.1_WP_028348326.1	55.024	419	421	99	418	182	3	2	414	4	420	0.0	620
lcl|NC_017455.1_prot_WP_014554119.1_1	GCF_001612705.2_WP_008438874.1	57.518	419	419	99	419	172	3	2	415	1	418	0.0	620
lcl|NC_017455.1_prot_WP_014554119.1_1	GCF_001594225.2_WP_011336486.1	57.041	419	419	99	419	174	3	2	415	1	418	0.0	620
lcl|NC_017455.1_prot_WP_014554119.1_1	GCF_001558255.2_WP_005501751.1	58.234	419	421	99	419	169	3	2	415	1	418	0.0	620
lcl|NC_017455.1_prot_WP_014554119.1_1	GCF_000968195.1_WP_045968130.1	57.995	419	419	99	419	170	3	2	415	1	418	0.0	620
lcl|NC_017455.1_prot_WP_014554119.1_1	GCF_000960975.1_WP_144409479.1	56.699	419	421	99	418	175	3	2	414	4	420	0.0	620
lcl|NC_017455.1_prot_WP_014554119.1_1	GCF_000953015.1_WP_045751656.1	56.086	419	419	99	419	178	3	2	415	1	418	0.0	620
lcl|NC_017455.1_prot_WP_014554119.1_1	GCF_000069965.1_WP_004246354.1	57.518	419	419	99	419	172	3	2	415	1	418	0.0	620
lcl|NC_017455.1_prot_WP_014554119.1_1	GCF_000007805.1_WP_002551560.1	56.802	419	419	99	419	175	3	2	415	1	418	0.0	620
lcl|NC_017455.1_prot_WP_014554119.1_1	GCF_024347115.1_WP_077336793.1	57.518	419	419	99	419	172	3	2	415	1	418	0.0	620
lcl|NC_017455.1_prot_WP_014554119.1_1	GCF_020181655.1_WP_225086126.1	57.279	419	419	99	419	173	3	2	415	1	418	0.0	620
lcl|NC_017455.1_prot_WP_014554119.1_1	GCF_019900845.1_WP_232359078.1	59.666	419	421	99	419	163	3	2	415	1	418	0.0	620
lcl|NC_017455.1_prot_WP_014554119.1_1	GCF_019891395.1_WP_025029315.1	57.177	419	421	99	418	173	3	2	414	4	420	0.0	620
lcl|NC_017455.1_prot_WP_014554119.1_1	GCF_017743015.1_WP_099134202.1	57.995	419	419	99	419	170	3	2	415	1	418	0.0	620
lcl|NC_017455.1_prot_WP_014554119.1_1	GCF_017493175.3_WP_028341998.1	54.785	419	421	99	418	183	3	2	414	4	420	0.0	620
lcl|NC_017455.1_prot_WP_014554119.1_1	GCF_015476275.1_WP_016783019.1	57.279	419	419	99	419	173	3	2	415	1	418	0.0	620
lcl|NC_017455.1_prot_WP_014554119.1_1	GCF_015377145.2_WP_047272818.1	57.279	419	419	99	419	173	3	2	415	1	418	0.0	620
lcl|NC_017455.1_prot_WP_014554119.1_1	GCF_009938225.1_WP_075647757.1	57.757	419	419	99	419	171	3	2	415	1	418	0.0	620
lcl|NC_017455.1_prot_WP_014554119.1_1	GCF_009002475.1_WP_151966298.1	60.096	419	458	99	416	162	3	2	414	42	456	0.0	620
lcl|NC_017455.1_prot_WP_014554119.1_1	GCF_005484965.1_WP_009111025.1	58.234	419	419	99	419	169	3	2	415	1	418	0.0	620
lcl|NC_017455.1_prot_WP_014554119.1_1	GCF_003403095.1_WP_064787926.1	57.007	419	421	99	421	172	3	2	414	1	420	0.0	620
lcl|NC_017455.1_prot_WP_014554119.1_1	GCF_002291445.1_WP_048637086.1	58.234	419	419	99	419	169	3	2	415	1	418	0.0	620
lcl|NC_017455.1_prot_WP_014554119.1_1	GCF_002288545.1_WP_010283881.1	57.995	419	419	99	419	170	3	2	415	1	418	0.0	620
lcl|NC_017455.1_prot_WP_014554119.1_1	GCF_002163605.1_WP_038015767.1	57.995	419	419	99	419	170	3	2	415	1	418	0.0	620
lcl|NC_017455.1_prot_WP_014554119.1_1	GCF_002157735.2_WP_086981934.1	57.995	419	419	99	419	170	3	2	415	1	418	0.0	620
lcl|NC_017455.1_prot_WP_014554119.1_1	GCF_001700985.1_WP_003253705.1	64.976	419	424	99	414	143	1	2	415	3	414	0.0	620
lcl|NC_017455.1_prot_WP_014554119.1_1	GCF_001458695.1_WP_062481798.1	61.298	419	415	99	416	158	2	2	415	1	415	0.0	620
lcl|NC_017455.1_prot_WP_014554119.1_1	GCF_001273775.1_WP_053378623.1	61.058	419	415	99	416	159	2	2	415	1	415	0.0	620
lcl|NC_017455.1_prot_WP_014554119.1_1	GCF_000934565.1_WP_003176825.1	57.041	419	419	99	419	174	3	2	415	1	418	0.0	620
lcl|NC_017455.1_prot_WP_014554119.1_1	GCF_000828815.1_WP_041062510.1	57.757	419	419	99	419	171	3	2	415	1	418	0.0	620
lcl|NC_017455.1_prot_WP_014554119.1_1	GCF_000026185.1_WP_012439962.1	57.995	419	419	99	419	170	3	2	415	1	418	0.0	620
lcl|NC_017455.1_prot_WP_014554119.1_1	GCF_000013885.1_WP_011508716.1	54.785	419	421	99	418	183	3	2	414	4	420	0.0	620
lcl|NC_017455.1_prot_WP_014554119.1_1	GCF_024582835.1_WP_257084434.1	57.995	419	419	99	419	170	3	2	415	1	418	0.0	620
lcl|NC_017455.1_prot_WP_014554119.1_1	GCF_024347595.1_WP_017631298.1	58.473	419	419	99	419	168	3	2	415	1	418	0.0	620
lcl|NC_017455.1_prot_WP_014554119.1_1	GCF_020683125.1_WP_056234711.1	57.518	419	419	99	419	172	3	2	415	1	418	0.0	620
lcl|NC_017455.1_prot_WP_014554119.1_1	GCF_019977755.1_WP_101111407.1	57.995	419	419	99	419	170	3	2	415	1	418	0.0	620
lcl|NC_017455.1_prot_WP_014554119.1_1	GCF_017569925.1_WP_208229385.1	58.234	419	419	99	419	169	3	2	415	1	418	0.0	620
lcl|NC_017455.1_prot_WP_014554119.1_1	GCF_016747875.1_WP_031490616.1	55.131	419	419	99	419	182	3	2	415	1	418	0.0	620
lcl|NC_017455.1_prot_WP_014554119.1_1	GCF_016599635.1_WP_007248148.1	56.802	419	419	99	419	175	3	2	415	1	418	0.0	620
lcl|NC_017455.1_prot_WP_014554119.1_1	GCF_016132445.1_WP_228345579.1	58.373	419	422	99	418	168	3	2	414	1	417	0.0	620
lcl|NC_017455.1_prot_WP_014554119.1_1	GCF_016026615.1_WP_042656764.1	57.995	419	421	99	419	170	3	2	415	1	418	0.0	620
lcl|NC_017455.1_prot_WP_014554119.1_1	GCF_015689195.1_WP_180743812.1	57.518	419	419	99	419	172	3	2	415	1	418	0.0	620
lcl|NC_017455.1_prot_WP_014554119.1_1	GCF_014268695.2_WP_003177350.1	57.279	419	419	99	419	173	3	2	415	1	418	0.0	620
lcl|NC_017455.1_prot_WP_014554119.1_1	GCF_012871055.1_WP_016841461.1	54.545	419	421	99	418	184	3	2	414	4	420	0.0	620
lcl|NC_017455.1_prot_WP_014554119.1_1	GCF_011045835.1_WP_023583649.1	57.518	419	419	99	419	172	3	2	415	1	418	0.0	620
lcl|NC_017455.1_prot_WP_014554119.1_1	GCF_009938185.1_WP_162045339.1	57.757	419	419	99	419	171	3	2	415	1	418	0.0	620
lcl|NC_017455.1_prot_WP_014554119.1_1	GCF_008369605.1_WP_001054524.1	57.279	419	419	99	419	173	3	2	415	1	418	0.0	620
lcl|NC_017455.1_prot_WP_014554119.1_1	GCF_004116975.1_WP_064718547.1	57.518	419	419	99	419	172	3	2	415	1	418	0.0	620
lcl|NC_017455.1_prot_WP_014554119.1_1	GCF_003991975.1_WP_109703968.1	57.041	419	419	99	419	174	3	2	415	1	418	0.0	620
lcl|NC_017455.1_prot_WP_014554119.1_1	GCF_003382565.3_WP_102116948.1	57.995	419	419	99	419	170	3	2	415	1	418	0.0	620
lcl|NC_017455.1_prot_WP_014554119.1_1	GCF_003130795.1_WP_109325695.1	56.563	419	418	99	419	176	3	2	415	1	418	0.0	620
lcl|NC_017455.1_prot_WP_014554119.1_1	GCF_003099975.1_WP_011054072.1	58.473	419	419	99	419	168	3	2	415	1	418	0.0	620
lcl|NC_017455.1_prot_WP_014554119.1_1	GCF_002393505.1_WP_004915469.1	57.995	419	419	99	419	170	3	2	415	1	418	0.0	620
lcl|NC_017455.1_prot_WP_014554119.1_1	GCF_002119765.1_WP_086087452.1	56.355	419	421	98	417	176	3	3	414	5	420	0.0	620
lcl|NC_017455.1_prot_WP_014554119.1_1	GCF_001693515.2_WP_057834504.1	55.024	419	421	99	418	182	3	2	414	4	420	0.0	620
lcl|NC_017455.1_prot_WP_014554119.1_1	GCF_001455205.1_WP_062559466.1	57.279	419	419	99	419	173	3	2	415	1	418	0.0	620
lcl|NC_017455.1_prot_WP_014554119.1_1	GCF_001006005.1_WP_021181558.1	57.518	419	419	99	419	172	3	2	415	1	418	0.0	620
lcl|NC_017455.1_prot_WP_014554119.1_1	GCF_000754265.1_WP_038498170.1	58.333	419	419	99	420	169	3	2	416	1	419	0.0	620
lcl|NC_017455.1_prot_WP_014554119.1_1	GCF_902387845.1_WP_004234397.1	57.995	419	419	99	419	170	3	2	415	1	418	0.0	619
lcl|NC_017455.1_prot_WP_014554119.1_1	GCF_024346715.1_WP_107302811.1	57.995	419	421	99	419	170	3	2	415	1	418	0.0	619
lcl|NC_017455.1_prot_WP_014554119.1_1	GCF_022647505.1_WP_128176360.1	57.995	419	419	99	419	170	3	2	415	1	418	0.0	619
lcl|NC_017455.1_prot_WP_014554119.1_1	GCF_021365465.1_WP_016192346.1	58.234	419	419	99	419	169	3	2	415	1	418	0.0	619
lcl|NC_017455.1_prot_WP_014554119.1_1	GCF_021184025.1_WP_233023980.1	55.024	419	421	99	418	182	3	2	414	4	420	0.0	619
lcl|NC_017455.1_prot_WP_014554119.1_1	GCF_020991025.1_WP_010863060.1	57.041	419	419	99	419	174	3	2	415	1	418	0.0	619
lcl|NC_017455.1_prot_WP_014554119.1_1	GCF_019844095.1_WP_062749087.1	57.995	419	419	99	419	170	3	2	415	1	418	0.0	619
lcl|NC_017455.1_prot_WP_014554119.1_1	GCF_017309585.1_WP_227814200.1	55.609	419	419	99	419	180	3	2	415	1	418	0.0	619
lcl|NC_017455.1_prot_WP_014554119.1_1	GCF_014495845.1_WP_187968952.1	55.742	419	421	99	418	179	3	2	414	4	420	0.0	619
lcl|NC_017455.1_prot_WP_014554119.1_1	GCF_014268585.2_WP_057712815.1	57.279	419	419	99	419	173	3	2	415	1	418	0.0	619
lcl|NC_017455.1_prot_WP_014554119.1_1	GCF_013234275.1_WP_034492237.1	57.995	419	419	99	419	170	3	2	415	1	418	0.0	619
lcl|NC_017455.1_prot_WP_014554119.1_1	GCF_011516645.4_WP_021078151.1	54.545	419	421	99	418	184	3	2	414	4	420	0.0	619
lcl|NC_017455.1_prot_WP_014554119.1_1	GCF_010983895.1_WP_173765636.1	56.086	419	419	99	419	178	3	2	415	1	418	0.0	619
lcl|NC_017455.1_prot_WP_014554119.1_1	GCF_003568845.1_WP_119679781.1	55.687	419	421	99	422	178	3	2	415	1	421	0.0	619
lcl|NC_017455.1_prot_WP_014554119.1_1	GCF_002688585.1_WP_099340904.1	56.501	419	423	99	423	175	3	2	416	1	422	0.0	619
lcl|NC_017455.1_prot_WP_014554119.1_1	GCF_002157895.1_WP_087036515.1	57.995	419	421	99	419	170	3	2	415	1	418	0.0	619
lcl|NC_017455.1_prot_WP_014554119.1_1	GCF_001887775.1_WP_072283796.1	61.058	419	415	99	416	159	2	2	415	1	415	0.0	619
lcl|NC_017455.1_prot_WP_014554119.1_1	GCF_001708425.1_WP_003206716.1	57.279	419	419	99	419	173	3	2	415	1	418	0.0	619
lcl|NC_017455.1_prot_WP_014554119.1_1	GCF_001642805.2_WP_004934188.1	57.995	419	419	99	419	170	3	2	415	1	418	0.0	619
lcl|NC_017455.1_prot_WP_014554119.1_1	GCF_001618865.1_WP_110174891.1	59.420	419	417	98	414	165	2	2	413	1	413	0.0	619
lcl|NC_017455.1_prot_WP_014554119.1_1	GCF_001010285.1_WP_023043607.1	57.041	419	419	99	419	174	3	2	415	1	418	0.0	619
lcl|NC_017455.1_prot_WP_014554119.1_1	GCF_000740965.1_WP_011095682.1	58.234	419	419	99	419	169	3	2	415	1	418	0.0	619
lcl|NC_017455.1_prot_WP_014554119.1_1	GCF_000287335.1_WP_014887769.1	57.279	419	419	99	419	173	3	2	415	1	418	0.0	619
lcl|NC_017455.1_prot_WP_014554119.1_1	GCF_000225955.1_WP_011391366.1	57.656	419	418	99	418	171	3	2	414	1	417	0.0	619
lcl|NC_017455.1_prot_WP_014554119.1_1	GCF_000214235.1_WP_004950874.1	58.473	419	419	99	419	168	3	2	415	1	418	0.0	619
lcl|NC_017455.1_prot_WP_014554119.1_1	GCF_000091565.1_WP_004154908.1	57.995	419	419	99	419	170	3	2	415	1	418	0.0	619
lcl|NC_017455.1_prot_WP_014554119.1_1	GCF_021462285.1_WP_037422810.1	58.234	419	419	99	419	169	3	2	415	1	418	0.0	619
lcl|NC_017455.1_prot_WP_014554119.1_1	GCF_020541225.1_WP_226810973.1	57.518	419	419	99	419	172	3	2	415	1	418	0.0	619
lcl|NC_017455.1_prot_WP_014554119.1_1	GCF_018343795.1_WP_211597562.1	56.325	419	419	99	419	177	3	2	415	1	418	0.0	619
lcl|NC_017455.1_prot_WP_014554119.1_1	GCF_016807805.1_WP_203195100.1	55.742	419	422	98	418	178	3	3	414	5	421	0.0	619
lcl|NC_017455.1_prot_WP_014554119.1_1	GCF_013358405.1_WP_175277725.1	56.086	419	421	99	419	178	3	2	415	4	421	0.0	619
lcl|NC_017455.1_prot_WP_014554119.1_1	GCF_013285305.1_WP_016973082.1	57.041	419	419	99	419	174	3	2	415	1	418	0.0	619
lcl|NC_017455.1_prot_WP_014554119.1_1	GCF_009938205.1_WP_075706354.1	57.757	419	419	99	419	171	3	2	415	1	418	0.0	619
lcl|NC_017455.1_prot_WP_014554119.1_1	GCF_009831665.3_WP_006709376.1	57.757	419	419	99	419	171	3	2	415	1	418	0.0	619
lcl|NC_017455.1_prot_WP_014554119.1_1	GCF_008727715.1_WP_024923280.1	55.263	419	421	99	418	181	3	2	414	4	420	0.0	619
lcl|NC_017455.1_prot_WP_014554119.1_1	GCF_003716875.1_WP_123015182.1	57.279	419	419	99	419	173	3	2	415	1	418	0.0	619
lcl|NC_017455.1_prot_WP_014554119.1_1	GCF_002843235.3_WP_004906109.1	58.234	419	419	99	419	169	3	2	415	1	418	0.0	619
lcl|NC_017455.1_prot_WP_014554119.1_1	GCF_002291425.1_WP_095846383.1	58.234	419	419	99	419	169	3	2	415	1	418	0.0	619
lcl|NC_017455.1_prot_WP_014554119.1_1	GCF_002218045.2_WP_089139576.1	58.234	419	419	99	419	169	3	2	415	1	418	0.0	619
lcl|NC_017455.1_prot_WP_014554119.1_1	GCF_002204915.1_WP_026060769.1	57.995	419	419	99	419	170	3	2	415	1	418	0.0	619
lcl|NC_017455.1_prot_WP_014554119.1_1	GCF_001742185.1_WP_025919665.1	57.995	419	419	99	419	170	3	2	415	1	418	0.0	619
lcl|NC_017455.1_prot_WP_014554119.1_1	GCF_001661075.1_WP_007942421.1	57.518	419	419	99	419	172	3	2	415	1	418	0.0	619
lcl|NC_017455.1_prot_WP_014554119.1_1	GCF_001007875.1_WP_046859797.1	59.569	419	418	99	418	163	3	2	414	1	417	0.0	619
lcl|NC_017455.1_prot_WP_014554119.1_1	GCF_000284415.1_WP_041794344.1	57.895	419	418	99	418	170	3	2	414	1	417	0.0	619
lcl|NC_017455.1_prot_WP_014554119.1_1	GCF_000236665.1_WP_014238230.1	57.177	419	420	99	418	173	3	2	414	1	417	0.0	619
lcl|NC_017455.1_prot_WP_014554119.1_1	GCF_000024825.1_WP_005378757.1	57.757	419	419	99	419	171	3	2	415	1	418	0.0	619
lcl|NC_017455.1_prot_WP_014554119.1_1	GCF_000009785.1_WP_011232849.1	64.354	419	424	99	418	147	1	2	419	3	418	0.0	619
lcl|NC_017455.1_prot_WP_014554119.1_1	GCF_023746535.1_WP_251934400.1	57.518	419	419	99	419	171	4	2	414	1	418	0.0	618
lcl|NC_017455.1_prot_WP_014554119.1_1	GCF_018905915.1_WP_216128864.1	57.518	419	419	99	419	172	3	2	415	1	418	0.0	618
lcl|NC_017455.1_prot_WP_014554119.1_1	GCF_014892695.1_WP_193002830.1	57.757	419	421	99	419	171	3	2	415	1	418	0.0	618
lcl|NC_017455.1_prot_WP_014554119.1_1	GCF_014678925.1_WP_020754397.1	64.354	419	424	99	418	147	1	2	419	3	418	0.0	618
lcl|NC_017455.1_prot_WP_014554119.1_1	GCF_013284055.1_WP_173533497.1	57.757	419	418	99	419	171	3	2	415	1	418	0.0	618
lcl|NC_017455.1_prot_WP_014554119.1_1	GCF_012295505.1_WP_063167180.1	64.734	419	424	99	414	144	1	2	415	3	414	0.0	618
lcl|NC_017455.1_prot_WP_014554119.1_1	GCF_009936155.1_WP_043591613.1	57.518	419	418	99	419	172	3	2	415	1	418	0.0	618
lcl|NC_017455.1_prot_WP_014554119.1_1	GCF_003143555.1_WP_109340772.1	59.189	419	421	99	419	165	3	2	415	1	418	0.0	618
lcl|NC_017455.1_prot_WP_014554119.1_1	GCF_002887615.1_WP_038868581.1	57.757	419	419	99	419	171	3	2	415	1	418	0.0	618
lcl|NC_017455.1_prot_WP_014554119.1_1	GCF_002868735.1_WP_094453654.1	54.846	419	422	99	423	181	3	2	415	1	422	0.0	618
lcl|NC_017455.1_prot_WP_014554119.1_1	GCF_001618845.1_WP_013528732.1	55.502	419	421	99	418	180	3	2	414	4	420	0.0	618
lcl|NC_017455.1_prot_WP_014554119.1_1	GCF_000520015.2_WP_024912376.1	57.279	419	419	99	419	173	3	2	415	1	418	0.0	618
lcl|NC_017455.1_prot_WP_014554119.1_1	GCF_000166055.1_WP_013420280.1	55.742	419	421	99	418	179	3	2	414	4	420	0.0	618
lcl|NC_017455.1_prot_WP_014554119.1_1	GCF_000024765.1_WP_012825182.1	56.086	419	419	99	419	178	3	2	415	1	418	0.0	618
lcl|NC_017455.1_prot_WP_014554119.1_1	GCF_907164955.1_WP_264435782.1	57.416	419	418	99	418	172	3	2	414	1	417	0.0	618
lcl|NC_017455.1_prot_WP_014554119.1_1	GCF_025136295.1_WP_259781822.1	55.687	419	421	99	422	178	3	2	415	1	421	0.0	618
lcl|NC_017455.1_prot_WP_014554119.1_1	GCF_019670125.1_WP_221075269.1	57.518	419	421	99	419	172	3	2	415	1	418	0.0	618
lcl|NC_017455.1_prot_WP_014554119.1_1	GCF_018802605.1_WP_189536309.1	57.041	419	418	99	419	174	3	2	415	1	418	0.0	618
lcl|NC_017455.1_prot_WP_014554119.1_1	GCF_016894345.1_WP_230338255.1	56.699	419	419	99	418	175	3	2	414	1	417	0.0	618
lcl|NC_017455.1_prot_WP_014554119.1_1	GCF_014169735.1_WP_010672370.1	57.757	419	421	99	419	171	3	2	415	1	418	0.0	618
lcl|NC_017455.1_prot_WP_014554119.1_1	GCF_007431345.1_WP_143856675.1	57.757	419	416	99	419	169	4	2	415	1	416	0.0	618
lcl|NC_017455.1_prot_WP_014554119.1_1	GCF_005155025.1_WP_103522856.1	56.802	419	418	99	419	175	3	2	415	1	418	0.0	618
lcl|NC_017455.1_prot_WP_014554119.1_1	GCF_003967195.1_WP_126452293.1	57.995	419	419	99	419	170	3	2	415	1	418	0.0	618
lcl|NC_017455.1_prot_WP_014554119.1_1	GCF_003015165.1_WP_041206691.1	57.757	419	421	99	419	171	3	2	415	1	418	0.0	618
lcl|NC_017455.1_prot_WP_014554119.1_1	GCF_001953055.1_WP_156892576.1	56.220	419	421	99	418	177	3	2	414	4	420	0.0	618
lcl|NC_017455.1_prot_WP_014554119.1_1	GCF_000306675.2_WP_002746906.1	57.349	419	483	99	415	174	2	2	414	68	481	0.0	618
lcl|NC_017455.1_prot_WP_014554119.1_1	GCF_000023705.1_WP_015832965.1	57.041	419	419	99	419	174	3	2	415	1	418	0.0	618
lcl|NC_017455.1_prot_WP_014554119.1_1	GCF_900637545.1_WP_033132515.1	57.995	419	421	99	419	170	3	2	415	1	418	0.0	618
lcl|NC_017455.1_prot_WP_014554119.1_1	GCF_900048035.1_WP_067498426.1	57.041	419	419	99	419	174	3	2	415	1	418	0.0	618
lcl|NC_017455.1_prot_WP_014554119.1_1	GCF_025264625.1_WP_260793524.1	61.058	419	416	99	416	159	2	2	415	1	415	0.0	618
lcl|NC_017455.1_prot_WP_014554119.1_1	GCF_024346675.1_WP_062688197.1	57.757	419	421	99	419	171	3	2	415	1	418	0.0	618
lcl|NC_017455.1_prot_WP_014554119.1_1	GCF_015326725.1_WP_181555370.1	65.459	419	428	99	414	141	1	2	415	3	414	0.0	618
lcl|NC_017455.1_prot_WP_014554119.1_1	GCF_014189455.1_WP_095202590.1	55.263	419	421	99	418	181	3	2	414	4	420	0.0	618
lcl|NC_017455.1_prot_WP_014554119.1_1	GCF_013403565.1_WP_179358206.1	57.279	419	418	99	419	173	3	2	415	1	418	0.0	618
lcl|NC_017455.1_prot_WP_014554119.1_1	GCF_008275125.1_WP_149294997.1	56.563	419	418	99	419	176	3	2	415	1	418	0.0	618
lcl|NC_017455.1_prot_WP_014554119.1_1	GCF_005144905.1_WP_010440702.1	58.473	419	419	99	419	168	3	2	415	1	418	0.0	618
lcl|NC_017455.1_prot_WP_014554119.1_1	GCF_004768525.1_WP_026822640.1	57.757	419	419	99	419	171	3	2	415	1	418	0.0	618
lcl|NC_017455.1_prot_WP_014554119.1_1	GCF_002243665.1_WP_013146620.1	64.115	419	424	99	418	148	1	2	419	3	418	0.0	618
lcl|NC_017455.1_prot_WP_014554119.1_1	GCF_001305595.1_WP_045581329.1	56.325	419	418	99	419	177	3	2	415	1	418	0.0	618
lcl|NC_017455.1_prot_WP_014554119.1_1	GCF_000230995.2_WP_015314810.1	55.742	419	421	99	418	179	3	2	414	4	420	0.0	618
lcl|NC_017455.1_prot_WP_014554119.1_1	GCF_000091465.1_WP_009848197.1	58.473	419	419	99	419	168	3	2	415	1	418	0.0	618
lcl|NC_017455.1_prot_WP_014554119.1_1	GCF_000021985.1_WP_012636945.1	57.995	419	419	99	419	170	3	2	415	1	418	0.0	618
lcl|NC_017455.1_prot_WP_014554119.1_1	GCF_000013705.1_WP_011480511.1	56.563	419	419	99	419	176	3	2	415	1	418	0.0	618
lcl|NC_017455.1_prot_WP_014554119.1_1	GCF_024346875.1_WP_261817486.1	57.757	419	419	99	419	171	3	2	415	1	418	0.0	617
lcl|NC_017455.1_prot_WP_014554119.1_1	GCF_022870945.1_WP_019958840.1	55.819	419	420	99	421	178	3	2	415	1	420	0.0	617
lcl|NC_017455.1_prot_WP_014554119.1_1	GCF_020541265.1_WP_226813321.1	57.757	419	419	99	419	171	3	2	415	1	418	0.0	617
lcl|NC_017455.1_prot_WP_014554119.1_1	GCF_019670105.1_WP_040306731.1	57.518	419	421	99	419	172	3	2	415	1	418	0.0	617
lcl|NC_017455.1_prot_WP_014554119.1_1	GCF_017161445.1_WP_172198868.1	54.893	419	419	99	419	183	3	2	415	1	418	0.0	617
lcl|NC_017455.1_prot_WP_014554119.1_1	GCF_004331955.1_WP_131614963.1	55.609	419	421	99	419	180	3	2	415	4	421	0.0	617
lcl|NC_017455.1_prot_WP_014554119.1_1	GCF_003990335.1_WP_046518973.1	58.711	419	422	99	419	167	3	2	415	1	418	0.0	617
lcl|NC_017455.1_prot_WP_014554119.1_1	GCF_002250945.2_WP_012096299.1	65.049	419	423	98	412	142	1	2	413	3	412	0.0	617
lcl|NC_017455.1_prot_WP_014554119.1_1	GCF_002007485.1_WP_078040476.1	56.938	419	421	99	418	174	3	2	414	4	420	0.0	617
lcl|NC_017455.1_prot_WP_014554119.1_1	GCF_001995825.2_WP_029222011.1	58.473	419	419	99	419	168	3	2	415	1	418	0.0	617
lcl|NC_017455.1_prot_WP_014554119.1_1	GCF_001753085.1_WP_011216778.1	57.041	419	420	99	419	174	3	2	415	1	418	0.0	617
lcl|NC_017455.1_prot_WP_014554119.1_1	GCF_001682385.1_WP_041643347.1	55.370	419	419	99	419	181	3	2	415	1	418	0.0	617
lcl|NC_017455.1_prot_WP_014554119.1_1	GCF_001547735.1_WP_068550731.1	59.709	419	413	98	412	163	2	4	413	1	411	0.0	617
lcl|NC_017455.1_prot_WP_014554119.1_1	GCF_001020955.1_WP_018168683.1	56.563	419	419	99	419	176	3	2	415	1	418	0.0	617
lcl|NC_017455.1_prot_WP_014554119.1_1	GCF_000238255.3_WP_010562309.1	57.757	419	419	99	419	171	3	2	415	1	418	0.0	617
lcl|NC_017455.1_prot_WP_014554119.1_1	GCF_000196615.1_WP_013200233.1	57.757	419	419	99	419	171	3	2	415	1	418	0.0	617
lcl|NC_017455.1_prot_WP_014554119.1_1	GCF_024347675.1_WP_261835688.1	57.518	419	419	99	419	172	3	2	415	1	418	0.0	617
lcl|NC_017455.1_prot_WP_014554119.1_1	GCF_022592395.1_WP_047254889.1	57.518	419	419	99	419	172	3	2	415	1	418	0.0	617
lcl|NC_017455.1_prot_WP_014554119.1_1	GCF_021654335.1_WP_237248301.1	57.757	419	418	99	419	171	3	2	415	1	418	0.0	617
lcl|NC_017455.1_prot_WP_014554119.1_1	GCF_017948405.1_WP_210560497.1	59.427	419	422	99	419	164	3	2	415	1	418	0.0	617
lcl|NC_017455.1_prot_WP_014554119.1_1	GCF_016890085.1_WP_011135137.1	57.041	419	418	99	419	174	3	2	415	1	418	0.0	617
lcl|NC_017455.1_prot_WP_014554119.1_1	GCF_014083925.1_WP_074372998.1	57.995	419	419	99	419	170	3	2	415	1	418	0.0	617
lcl|NC_017455.1_prot_WP_014554119.1_1	GCF_013340845.1_WP_029911182.1	56.429	419	419	99	420	176	4	2	415	1	419	0.0	617
lcl|NC_017455.1_prot_WP_014554119.1_1	GCF_013170725.1_WP_081294219.1	55.981	419	421	99	418	178	3	2	414	4	420	0.0	617
lcl|NC_017455.1_prot_WP_014554119.1_1	GCF_009601765.2_WP_153448091.1	58.473	419	419	99	419	168	3	2	415	1	418	0.0	617
lcl|NC_017455.1_prot_WP_014554119.1_1	GCF_002043005.1_WP_026173571.1	56.699	419	421	99	418	175	3	2	414	4	420	0.0	617
lcl|NC_017455.1_prot_WP_014554119.1_1	GCF_000344805.1_WP_015663367.1	55.024	419	421	99	418	182	3	2	414	4	420	0.0	617
lcl|NC_017455.1_prot_WP_014554119.1_1	GCF_000313175.2_WP_004462323.1	57.349	419	477	99	415	174	2	2	414	62	475	0.0	617
lcl|NC_017455.1_prot_WP_014554119.1_1	GCF_000010525.1_WP_012173234.1	55.847	419	423	98	419	177	3	3	414	5	422	0.0	617
lcl|NC_017455.1_prot_WP_014554119.1_1	GCF_028355655.1_WP_005320670.1	57.995	419	421	99	419	170	3	2	415	1	418	0.0	617
lcl|NC_017455.1_prot_WP_014554119.1_1	GCF_024707545.1_WP_027153631.1	55.263	419	421	99	418	181	3	2	414	4	420	0.0	617
lcl|NC_017455.1_prot_WP_014554119.1_1	GCF_024662015.1_WP_257766444.1	56.190	419	420	99	420	176	3	2	414	1	419	0.0	617
lcl|NC_017455.1_prot_WP_014554119.1_1	GCF_024346995.1_WP_077313728.1	57.041	419	419	99	419	174	3	2	415	1	418	0.0	617
lcl|NC_017455.1_prot_WP_014554119.1_1	GCF_021276285.1_WP_013577536.1	57.518	419	419	99	419	172	3	2	415	1	418	0.0	617
lcl|NC_017455.1_prot_WP_014554119.1_1	GCF_018734325.1_WP_215583182.1	55.847	419	418	99	419	179	3	2	415	1	418	0.0	617
lcl|NC_017455.1_prot_WP_014554119.1_1	GCF_009789575.1_WP_158194243.1	56.325	419	422	99	419	176	3	2	414	4	421	0.0	617
lcl|NC_017455.1_prot_WP_014554119.1_1	GCF_002499975.2_WP_083638521.1	58.950	419	421	99	419	166	3	2	415	1	418	0.0	617
lcl|NC_017455.1_prot_WP_014554119.1_1	GCF_001886615.1_WP_071944200.1	57.757	419	419	99	419	171	3	2	415	1	418	0.0	617
lcl|NC_017455.1_prot_WP_014554119.1_1	GCF_000785705.2_WP_036275080.1	56.086	419	418	99	419	178	3	2	415	1	418	0.0	617
lcl|NC_017455.1_prot_WP_014554119.1_1	GCF_000300005.1_WP_014996355.1	57.995	419	419	99	419	170	3	2	415	1	418	0.0	617
lcl|NC_017455.1_prot_WP_014554119.1_1	GCF_000287355.1_WP_014888907.1	57.041	419	419	99	419	174	3	2	415	1	418	0.0	617
lcl|NC_017455.1_prot_WP_014554119.1_1	GCF_000265425.1_WP_014786148.1	61.353	419	416	98	414	157	2	2	413	1	413	0.0	617
lcl|NC_017455.1_prot_WP_014554119.1_1	GCF_000178955.2_WP_014264422.1	61.111	419	416	98	414	158	2	2	413	1	413	0.0	617
lcl|NC_017455.1_prot_WP_014554119.1_1	GCF_000009145.1_WP_011111644.1	57.279	419	419	99	419	173	3	2	415	1	418	0.0	617
lcl|NC_017455.1_prot_WP_014554119.1_1	GCF_025264665.1_WP_260703812.1	60.628	419	416	98	414	160	2	2	413	1	413	0.0	616
lcl|NC_017455.1_prot_WP_014554119.1_1	GCF_020149575.1_WP_042043959.1	57.995	419	421	99	419	170	3	2	415	1	418	0.0	616
lcl|NC_017455.1_prot_WP_014554119.1_1	GCF_019272935.1_WP_026078614.1	65.037	419	424	98	409	141	1	2	410	3	409	0.0	616
lcl|NC_017455.1_prot_WP_014554119.1_1	GCF_019048385.1_WP_010257369.1	58.234	419	419	99	419	169	3	2	415	1	418	0.0	616
lcl|NC_017455.1_prot_WP_014554119.1_1	GCF_017638545.1_WP_208830219.1	59.189	419	422	99	419	165	3	2	415	1	418	0.0	616
lcl|NC_017455.1_prot_WP_014554119.1_1	GCF_013347285.1_WP_085086916.1	56.325	419	418	99	419	177	3	2	415	1	418	0.0	616
lcl|NC_017455.1_prot_WP_014554119.1_1	GCF_004114975.1_WP_092289654.1	54.067	419	421	99	418	186	3	2	414	4	420	0.0	616
lcl|NC_017455.1_prot_WP_014554119.1_1	GCF_004114935.1_WP_128930505.1	54.306	419	421	99	418	185	3	2	414	4	420	0.0	616
lcl|NC_017455.1_prot_WP_014554119.1_1	GCF_004114915.1_WP_028133442.1	54.785	419	421	99	418	183	3	2	414	4	420	0.0	616
lcl|NC_017455.1_prot_WP_014554119.1_1	GCF_002752675.1_WP_054268339.1	56.086	419	420	99	419	178	3	2	415	1	418	0.0	616
lcl|NC_017455.1_prot_WP_014554119.1_1	GCF_001007935.1_WP_046850252.1	57.757	419	419	99	419	171	3	2	415	1	418	0.0	616
lcl|NC_017455.1_prot_WP_014554119.1_1	GCF_000807275.1_WP_039104242.1	57.619	419	420	99	420	171	4	2	415	1	419	0.0	616
lcl|NC_017455.1_prot_WP_014554119.1_1	GCF_000600005.1_WP_025330651.1	55.742	419	419	99	418	179	3	2	414	1	417	0.0	616
lcl|NC_017455.1_prot_WP_014554119.1_1	GCF_000299335.2_WP_041025905.1	58.473	419	419	99	419	168	3	2	415	1	418	0.0	616
lcl|NC_017455.1_prot_WP_014554119.1_1	GCF_000222975.1_WP_002211989.1	57.518	419	419	99	419	172	3	2	415	1	418	0.0	616
lcl|NC_017455.1_prot_WP_014554119.1_1	GCF_000214665.1_WP_013820897.1	55.847	419	418	99	419	179	3	2	415	1	418	0.0	616
lcl|NC_017455.1_prot_WP_014554119.1_1	GCF_000013405.1_WP_011418582.1	59.375	419	415	99	416	166	2	2	415	1	415	0.0	616
lcl|NC_017455.1_prot_WP_014554119.1_1	GCF_902813185.1_WP_145770013.1	55.370	419	419	99	419	181	3	2	415	1	418	0.0	616
lcl|NC_017455.1_prot_WP_014554119.1_1	GCF_900698925.1_WP_157992347.1	57.518	419	419	99	419	172	3	2	415	1	418	0.0	616
lcl|NC_017455.1_prot_WP_014554119.1_1	GCF_900187355.1_WP_028372412.1	56.802	419	420	99	419	175	3	2	415	1	418	0.0	616
lcl|NC_017455.1_prot_WP_014554119.1_1	GCF_024347395.1_WP_029203263.1	57.757	419	419	99	419	171	3	2	415	1	418	0.0	616
lcl|NC_017455.1_prot_WP_014554119.1_1	GCF_022836935.1_WP_244449942.1	56.220	419	421	99	418	177	3	2	414	4	420	0.0	616
lcl|NC_017455.1_prot_WP_014554119.1_1	GCF_017894365.1_WP_169120756.1	56.086	419	419	99	419	178	3	2	415	1	418	0.0	616
lcl|NC_017455.1_prot_WP_014554119.1_1	GCF_017868935.1_WP_209475970.1	57.041	419	419	99	419	174	3	2	415	1	418	0.0	616
lcl|NC_017455.1_prot_WP_014554119.1_1	GCF_017868775.1_WP_111412893.1	57.041	419	419	99	419	174	3	2	415	1	418	0.0	616
lcl|NC_017455.1_prot_WP_014554119.1_1	GCF_017354945.1_WP_207354599.1	57.995	419	420	99	419	170	3	2	415	1	418	0.0	616
lcl|NC_017455.1_prot_WP_014554119.1_1	GCF_016653615.1_WP_201091948.1	56.325	419	419	99	419	177	3	2	415	1	418	0.0	616
lcl|NC_017455.1_prot_WP_014554119.1_1	GCF_011765605.1_WP_035687646.1	56.905	419	420	99	420	174	4	2	415	1	419	0.0	616
lcl|NC_017455.1_prot_WP_014554119.1_1	GCF_011009015.1_WP_163831486.1	57.518	419	419	99	419	172	3	2	415	1	418	0.0	616
lcl|NC_017455.1_prot_WP_014554119.1_1	GCF_008033135.1_WP_148716328.1	56.325	419	416	99	419	175	4	2	415	1	416	0.0	616
lcl|NC_017455.1_prot_WP_014554119.1_1	GCF_004792415.1_WP_003851960.1	57.995	419	419	99	419	170	3	2	415	1	418	0.0	616
lcl|NC_017455.1_prot_WP_014554119.1_1	GCF_004114955.1_WP_057751982.1	54.067	419	421	99	418	186	3	2	414	4	420	0.0	616
lcl|NC_017455.1_prot_WP_014554119.1_1	GCF_003233655.1_WP_111067476.1	56.086	419	418	99	419	178	3	2	415	1	418	0.0	616
lcl|NC_017455.1_prot_WP_014554119.1_1	GCF_001889605.1_WP_114579908.1	56.220	419	421	99	418	177	3	2	414	4	420	0.0	616
lcl|NC_017455.1_prot_WP_014554119.1_1	GCF_001855275.1_WP_021476377.1	56.086	419	418	99	419	178	3	2	415	1	418	0.0	616
lcl|NC_017455.1_prot_WP_014554119.1_1	GCF_000723165.1_WP_035787757.1	56.086	419	420	99	419	178	3	2	415	1	418	0.0	616
lcl|NC_017455.1_prot_WP_014554119.1_1	GCF_000247565.1_WP_014354236.1	57.518	419	419	99	419	172	3	2	415	1	418	0.0	616
lcl|NC_017455.1_prot_WP_014554119.1_1	GCF_000183405.1_WP_013450421.1	59.135	419	413	99	416	165	3	2	415	1	413	0.0	616
lcl|NC_017455.1_prot_WP_014554119.1_1	GCF_000179915.2_WP_013567368.1	60.482	419	416	99	415	161	2	2	414	1	414	0.0	616
lcl|NC_017455.1_prot_WP_014554119.1_1	GCF_000091785.1_WP_003633706.1	56.086	419	420	99	419	178	3	2	415	1	418	0.0	616
lcl|NC_017455.1_prot_WP_014554119.1_1	GCF_900233005.1_WP_102523654.1	57.757	419	419	99	419	171	3	2	415	1	418	0.0	615
lcl|NC_017455.1_prot_WP_014554119.1_1	GCF_019669905.1_WP_054762345.1	55.847	419	418	99	419	179	3	2	415	1	418	0.0	615
lcl|NC_017455.1_prot_WP_014554119.1_1	GCF_018736085.1_WP_215604313.1	54.545	419	421	99	418	184	3	2	414	4	420	0.0	615
lcl|NC_017455.1_prot_WP_014554119.1_1	GCF_013004005.1_WP_014132460.1	54.177	419	421	99	419	186	3	1	414	3	420	0.0	615
lcl|NC_017455.1_prot_WP_014554119.1_1	GCF_009363855.1_WP_152584617.1	56.938	419	421	99	418	174	3	2	414	4	420	0.0	615
lcl|NC_017455.1_prot_WP_014554119.1_1	GCF_004571195.1_WP_028386201.1	55.609	419	420	99	419	180	3	2	415	1	418	0.0	615
lcl|NC_017455.1_prot_WP_014554119.1_1	GCF_003345255.1_WP_102041180.1	55.981	419	420	99	418	178	3	2	414	1	417	0.0	615
lcl|NC_017455.1_prot_WP_014554119.1_1	GCF_002848365.2_WP_027272008.1	56.325	419	420	99	419	177	3	2	415	1	418	0.0	615
lcl|NC_017455.1_prot_WP_014554119.1_1	GCF_002072065.1_WP_008880716.1	64.734	419	424	99	414	144	1	2	415	3	414	0.0	615
lcl|NC_017455.1_prot_WP_014554119.1_1	GCF_001634285.1_WP_066322582.1	64.493	419	423	99	414	145	1	2	415	3	414	0.0	615
lcl|NC_017455.1_prot_WP_014554119.1_1	GCF_001579945.1_WP_066923366.1	56.563	419	418	99	419	176	3	2	415	1	418	0.0	615
lcl|NC_017455.1_prot_WP_014554119.1_1	GCF_000226565.1_WP_014107641.1	59.189	419	421	99	419	165	3	2	415	1	418	0.0	615
lcl|NC_017455.1_prot_WP_014554119.1_1	GCF_000213655.1_WP_013785605.1	58.234	419	421	99	419	169	3	2	415	1	418	0.0	615
lcl|NC_017455.1_prot_WP_014554119.1_1	GCF_900637635.1_WP_058471672.1	56.325	419	420	99	419	177	3	2	415	1	418	0.0	615
lcl|NC_017455.1_prot_WP_014554119.1_1	GCF_025562755.1_WP_262601029.1	57.518	419	419	99	419	172	3	2	415	1	418	0.0	615
lcl|NC_017455.1_prot_WP_014554119.1_1	GCF_024360925.2_WP_255190304.1	56.802	419	418	99	419	175	3	2	415	1	418	0.0	615
lcl|NC_017455.1_prot_WP_014554119.1_1	GCF_019203965.1_WP_218287125.1	53.972	419	428	99	428	181	3	2	414	1	427	0.0	615
lcl|NC_017455.1_prot_WP_014554119.1_1	GCF_017894385.1_WP_169206135.1	54.893	419	419	99	419	183	3	2	415	1	418	0.0	615
lcl|NC_017455.1_prot_WP_014554119.1_1	GCF_017352235.1_WP_005714322.1	58.095	419	420	99	420	169	4	2	415	1	419	0.0	615
lcl|NC_017455.1_prot_WP_014554119.1_1	GCF_016806835.2_WP_201075697.1	57.041	419	418	99	419	174	3	2	415	1	418	0.0	615
lcl|NC_017455.1_prot_WP_014554119.1_1	GCF_014054885.1_WP_009116774.1	55.024	419	419	99	418	182	3	2	414	1	417	0.0	615
lcl|NC_017455.1_prot_WP_014554119.1_1	GCF_013423785.1_WP_180306544.1	57.279	419	418	99	419	173	3	2	415	1	418	0.0	615
lcl|NC_017455.1_prot_WP_014554119.1_1	GCF_011068405.5_WP_045004625.1	54.785	419	421	99	418	183	3	2	414	4	420	0.0	615
lcl|NC_017455.1_prot_WP_014554119.1_1	GCF_009708955.1_WP_016210039.1	56.802	419	419	99	419	175	3	2	415	1	418	0.0	615
lcl|NC_017455.1_prot_WP_014554119.1_1	GCF_008693705.1_WP_005339417.1	57.518	419	421	99	419	172	3	2	415	1	418	0.0	615
lcl|NC_017455.1_prot_WP_014554119.1_1	GCF_006742785.1_WP_172630470.1	57.757	419	419	99	419	171	3	2	415	1	418	0.0	615
lcl|NC_017455.1_prot_WP_014554119.1_1	GCF_004359355.1_WP_011083462.1	54.785	419	421	99	418	183	3	2	414	4	420	0.0	615
lcl|NC_017455.1_prot_WP_014554119.1_1	GCF_004028275.1_WP_029939392.1	56.667	419	419	99	420	175	4	2	415	1	419	0.0	615
lcl|NC_017455.1_prot_WP_014554119.1_1	GCF_003574215.1_WP_119334757.1	57.041	419	419	99	419	174	3	2	415	1	418	0.0	615
lcl|NC_017455.1_prot_WP_014554119.1_1	GCF_003433515.1_WP_027835820.1	56.459	419	421	99	418	176	3	2	414	4	420	0.0	615
lcl|NC_017455.1_prot_WP_014554119.1_1	GCF_002327145.1_WP_034746249.1	56.325	419	420	99	419	177	3	2	415	1	418	0.0	615
lcl|NC_017455.1_prot_WP_014554119.1_1	GCF_002076895.1_WP_081150782.1	58.711	419	419	99	419	167	3	2	415	1	418	0.0	615
lcl|NC_017455.1_prot_WP_014554119.1_1	GCF_001686985.1_WP_081482260.1	55.263	419	421	99	418	181	3	2	414	4	420	0.0	615
lcl|NC_017455.1_prot_WP_014554119.1_1	GCF_000284275.1_WP_014438841.1	55.024	419	421	99	418	182	3	2	414	4	420	0.0	615
lcl|NC_017455.1_prot_WP_014554119.1_1	GCF_000186885.1_WP_015725141.1	57.452	419	415	99	416	174	2	2	415	1	415	0.0	615
lcl|NC_017455.1_prot_WP_014554119.1_1	GCF_000091325.1_WP_013053093.1	58.134	419	422	99	418	169	3	2	414	1	417	0.0	615
lcl|NC_017455.1_prot_WP_014554119.1_1	GCF_900324035.1_WP_122400261.1	54.785	419	421	99	418	183	3	2	414	4	420	0.0	615
lcl|NC_017455.1_prot_WP_014554119.1_1	GCF_900048045.1_WP_067569414.1	56.802	419	419	99	419	175	3	2	415	1	418	0.0	615
lcl|NC_017455.1_prot_WP_014554119.1_1	GCF_023733635.1_WP_006474897.1	58.234	419	418	99	419	169	3	2	415	1	418	0.0	615
lcl|NC_017455.1_prot_WP_014554119.1_1	GCF_012571345.1_WP_168895606.1	57.518	419	419	99	419	172	3	2	415	1	418	0.0	615
lcl|NC_017455.1_prot_WP_014554119.1_1	GCF_009684715.1_WP_121122603.1	57.143	419	420	99	420	173	4	2	415	1	419	0.0	615
lcl|NC_017455.1_prot_WP_014554119.1_1	GCF_008807015.1_WP_151050588.1	55.502	419	419	99	418	180	3	2	414	1	417	0.0	615
lcl|NC_017455.1_prot_WP_014554119.1_1	GCF_007361795.1_WP_058502662.1	56.086	419	420	99	419	178	3	2	415	1	418	0.0	615
lcl|NC_017455.1_prot_WP_014554119.1_1	GCF_006874765.1_WP_004495959.1	57.349	419	483	99	415	174	2	2	414	68	481	0.0	615
lcl|NC_017455.1_prot_WP_014554119.1_1	GCF_003258315.1_WP_111336810.1	59.420	419	415	98	414	165	2	2	413	1	413	0.0	615
lcl|NC_017455.1_prot_WP_014554119.1_1	GCF_002266435.2_WP_008133567.1	54.545	419	421	99	418	184	3	2	414	4	420	0.0	615
lcl|NC_017455.1_prot_WP_014554119.1_1	GCF_001187595.1_WP_019418641.1	65.700	419	428	99	414	140	1	2	415	6	417	0.0	615
lcl|NC_017455.1_prot_WP_014554119.1_1	GCF_000953135.1_WP_045097231.1	57.041	419	420	99	419	174	3	2	415	1	418	0.0	615
lcl|NC_017455.1_prot_WP_014554119.1_1	GCF_000176035.2_WP_013892132.1	55.263	419	421	99	418	181	3	2	414	4	420	0.0	615
lcl|NC_017455.1_prot_WP_014554119.1_1	GCF_000093025.1_WP_013149112.1	56.563	419	419	99	419	176	3	2	415	1	418	0.0	615
lcl|NC_017455.1_prot_WP_014554119.1_1	GCF_000008465.1_WP_011235587.1	59.666	419	422	99	419	163	3	2	415	1	418	0.0	615
lcl|NC_017455.1_prot_WP_014554119.1_1	GCF_022870905.1_WP_047760132.1	55.742	419	420	99	418	179	3	2	414	1	417	0.0	614
lcl|NC_017455.1_prot_WP_014554119.1_1	GCF_022870865.1_WP_244784040.1	55.742	419	419	99	418	179	3	2	414	1	417	0.0	614
lcl|NC_017455.1_prot_WP_014554119.1_1	GCF_022870845.1_WP_132954393.1	56.220	419	419	99	418	177	3	2	414	1	417	0.0	614
lcl|NC_017455.1_prot_WP_014554119.1_1	GCF_019670705.1_WP_039034049.1	57.381	419	421	99	420	173	3	2	416	1	419	0.0	614
lcl|NC_017455.1_prot_WP_014554119.1_1	GCF_016026875.1_WP_005307308.1	57.518	419	421	99	419	172	3	2	415	1	418	0.0	614
lcl|NC_017455.1_prot_WP_014554119.1_1	GCF_015209785.1_WP_062569498.1	58.473	419	419	99	419	168	3	2	415	1	418	0.0	614
lcl|NC_017455.1_prot_WP_014554119.1_1	GCF_014189415.1_WP_068730228.1	54.545	419	421	99	418	184	3	2	414	4	420	0.0	614
lcl|NC_017455.1_prot_WP_014554119.1_1	GCF_012849555.1_WP_170202527.1	55.609	419	420	99	419	180	3	2	415	1	418	0.0	614
lcl|NC_017455.1_prot_WP_014554119.1_1	GCF_011764585.1_WP_173061899.1	56.086	419	419	99	419	178	3	2	415	1	418	0.0	614
lcl|NC_017455.1_prot_WP_014554119.1_1	GCF_011455495.1_WP_123955616.1	58.095	419	420	99	420	169	4	2	415	1	419	0.0	614
lcl|NC_017455.1_prot_WP_014554119.1_1	GCF_002216855.1_WP_089072989.1	57.757	419	421	99	419	171	3	2	415	1	418	0.0	614
lcl|NC_017455.1_prot_WP_014554119.1_1	GCF_002215585.1_WP_033539099.1	58.234	419	421	99	419	169	3	2	415	1	418	0.0	614
lcl|NC_017455.1_prot_WP_014554119.1_1	GCF_000971765.1_WP_022564003.1	58.234	419	419	99	419	169	3	2	415	1	418	0.0	614
lcl|NC_017455.1_prot_WP_014554119.1_1	GCF_000266945.1_WP_014811773.1	61.722	419	417	99	418	155	3	2	415	1	417	0.0	614
lcl|NC_017455.1_prot_WP_014554119.1_1	GCF_000092925.1_WP_013168580.1	55.742	419	421	99	418	179	3	2	414	4	420	0.0	614
lcl|NC_017455.1_prot_WP_014554119.1_1	GCF_000009985.1_WP_011386897.1	56.459	419	418	99	418	176	3	2	414	1	417	0.0	614
lcl|NC_017455.1_prot_WP_014554119.1_1	GCF_902810445.1_WP_197744277.1	57.041	419	418	99	419	174	3	2	415	1	418	0.0	614
lcl|NC_017455.1_prot_WP_014554119.1_1	GCF_024346795.1_WP_017027073.1	57.757	419	419	99	419	171	3	2	415	1	418	0.0	614
lcl|NC_017455.1_prot_WP_014554119.1_1	GCF_019923565.1_WP_223138513.1	56.563	419	419	99	419	176	3	2	415	1	418	0.0	614
lcl|NC_017455.1_prot_WP_014554119.1_1	GCF_018409545.1_WP_213380519.1	58.134	419	418	99	418	169	3	2	414	1	417	0.0	614
lcl|NC_017455.1_prot_WP_014554119.1_1	GCF_011764505.1_WP_173238317.1	56.563	419	420	99	419	176	3	2	415	1	418	0.0	614
lcl|NC_017455.1_prot_WP_014554119.1_1	GCF_009664085.1_WP_153973902.1	58.373	419	418	99	418	168	3	2	414	1	417	0.0	614
lcl|NC_017455.1_prot_WP_014554119.1_1	GCF_008247605.1_WP_070978475.1	57.518	419	419	99	419	172	3	2	415	1	418	0.0	614
lcl|NC_017455.1_prot_WP_014554119.1_1	GCF_003516145.1_WP_002725082.1	57.349	419	481	99	415	174	2	2	414	66	479	0.0	614
lcl|NC_017455.1_prot_WP_014554119.1_1	GCF_002849875.1_WP_014948094.1	58.950	419	421	99	419	166	3	2	415	1	418	0.0	614
lcl|NC_017455.1_prot_WP_014554119.1_1	GCF_002155145.1_WP_086620628.1	57.518	419	419	99	419	172	3	2	415	1	418	0.0	614
lcl|NC_017455.1_prot_WP_014554119.1_1	GCF_001886435.1_WP_012517075.1	58.950	419	421	99	419	166	3	2	415	1	418	0.0	614
lcl|NC_017455.1_prot_WP_014554119.1_1	GCF_001545155.1_WP_066450947.1	57.279	419	419	99	419	173	3	2	415	1	418	0.0	614
lcl|NC_017455.1_prot_WP_014554119.1_1	GCF_000953635.1_WP_045100427.1	56.086	419	420	99	419	178	3	2	415	1	418	0.0	614
lcl|NC_017455.1_prot_WP_014554119.1_1	GCF_000224005.2_WP_005224458.1	59.091	419	418	99	418	165	3	2	414	1	417	0.0	614
lcl|NC_017455.1_prot_WP_014554119.1_1	GCF_000025705.1_WP_013029146.1	57.518	419	418	99	419	172	3	2	415	1	418	0.0	614
lcl|NC_017455.1_prot_WP_014554119.1_1	GCF_900638685.1_WP_004284800.1	56.220	419	422	99	418	177	3	2	414	1	417	0.0	613
lcl|NC_017455.1_prot_WP_014554119.1_1	GCF_900187305.1_WP_085362756.1	55.981	419	419	99	418	178	3	2	414	1	417	0.0	613
lcl|NC_017455.1_prot_WP_014554119.1_1	GCF_900161835.1_WP_097032372.1	57.279	419	419	99	419	173	3	2	415	1	418	0.0	613
lcl|NC_017455.1_prot_WP_014554119.1_1	GCF_019669985.1_WP_054773614.1	58.473	419	418	99	419	168	3	2	415	1	418	0.0	613
lcl|NC_017455.1_prot_WP_014554119.1_1	GCF_018324385.1_WP_212786480.1	57.041	419	418	99	419	174	3	2	415	1	418	0.0	613
lcl|NC_017455.1_prot_WP_014554119.1_1	GCF_016584445.1_WP_011155864.1	55.024	419	421	99	418	182	3	2	414	4	420	0.0	613
lcl|NC_017455.1_prot_WP_014554119.1_1	GCF_014054965.1_WP_182121331.1	56.699	419	419	99	418	175	3	2	414	1	417	0.0	613
lcl|NC_017455.1_prot_WP_014554119.1_1	GCF_013752735.1_WP_014490793.1	54.785	419	421	99	418	183	3	2	414	4	420	0.0	613
lcl|NC_017455.1_prot_WP_014554119.1_1	GCF_013460135.1_WP_180817197.1	57.518	419	419	99	419	172	3	2	415	1	418	0.0	613
lcl|NC_017455.1_prot_WP_014554119.1_1	GCF_008843145.1_WP_158047757.1	57.041	419	418	99	419	174	3	2	415	1	418	0.0	613
lcl|NC_017455.1_prot_WP_014554119.1_1	GCF_002240035.1_WP_058441321.1	56.563	419	420	99	419	176	3	2	415	1	418	0.0	613
lcl|NC_017455.1_prot_WP_014554119.1_1	GCF_001941825.1_WP_036236120.1	55.609	419	420	99	419	180	3	2	415	1	418	0.0	613
lcl|NC_017455.1_prot_WP_014554119.1_1	GCF_000279145.1_WP_014854693.1	62.169	419	415	99	415	154	2	2	414	1	414	0.0	613
lcl|NC_017455.1_prot_WP_014554119.1_1	GCF_900186995.1_WP_039847727.1	56.667	419	420	99	420	175	4	2	415	1	419	0.0	613
lcl|NC_017455.1_prot_WP_014554119.1_1	GCF_022870885.1_WP_054599596.1	55.742	419	419	99	418	179	3	2	414	1	417	0.0	613
lcl|NC_017455.1_prot_WP_014554119.1_1	GCF_019931735.1_WP_188740564.1	57.995	419	421	99	419	170	3	2	415	1	418	0.0	613
lcl|NC_017455.1_prot_WP_014554119.1_1	GCF_019443265.1_WP_139528331.1	57.757	419	419	99	419	171	3	2	415	1	418	0.0	613
lcl|NC_017455.1_prot_WP_014554119.1_1	GCF_017638925.1_WP_208841809.1	58.711	419	420	99	419	167	3	2	415	1	418	0.0	613
lcl|NC_017455.1_prot_WP_014554119.1_1	GCF_013282625.1_WP_173286555.1	57.041	419	418	99	419	174	3	2	415	1	418	0.0	613
lcl|NC_017455.1_prot_WP_014554119.1_1	GCF_010977575.1_WP_076746309.1	57.518	419	419	99	419	172	3	2	415	1	418	0.0	613
lcl|NC_017455.1_prot_WP_014554119.1_1	GCF_009730655.1_WP_025011562.1	57.143	419	421	99	420	174	3	2	416	1	419	0.0	613
lcl|NC_017455.1_prot_WP_014554119.1_1	GCF_002863865.1_WP_101896263.1	57.518	419	419	99	419	172	3	2	415	1	418	0.0	613
lcl|NC_017455.1_prot_WP_014554119.1_1	GCF_002356115.1_WP_096527528.1	57.279	419	418	99	419	173	3	2	415	1	418	0.0	613
lcl|NC_017455.1_prot_WP_014554119.1_1	GCF_002078315.1_WP_045798873.1	56.459	419	449	99	418	177	3	1	414	27	443	0.0	613
lcl|NC_017455.1_prot_WP_014554119.1_1	GCF_000599985.1_WP_025314498.1	56.429	419	420	99	420	176	4	2	415	1	419	0.0	613
lcl|NC_017455.1_prot_WP_014554119.1_1	GCF_000019045.1_WP_012576203.1	65.459	419	428	99	414	141	1	2	415	6	417	0.0	613
lcl|NC_017455.1_prot_WP_014554119.1_1	GCF_000014765.1_WP_011635448.1	57.518	419	419	99	419	172	3	2	415	1	418	0.0	613
lcl|NC_017455.1_prot_WP_014554119.1_1	GCF_000014705.1_WP_011635948.1	57.995	419	420	99	419	170	3	2	415	1	418	0.0	613
lcl|NC_017455.1_prot_WP_014554119.1_1	GCF_918378365.1_WP_239797700.1	57.279	419	418	99	419	173	3	2	415	1	418	0.0	613
lcl|NC_017455.1_prot_WP_014554119.1_1	GCF_900638345.1_WP_126304080.1	55.981	419	419	99	418	178	3	2	414	1	417	0.0	613
lcl|NC_017455.1_prot_WP_014554119.1_1	GCF_024347075.1_WP_068698612.1	57.757	419	419	99	419	171	3	2	415	1	418	0.0	613
lcl|NC_017455.1_prot_WP_014554119.1_1	GCF_019603355.1_WP_057900203.1	62.864	419	426	98	412	150	2	2	413	3	411	0.0	613
lcl|NC_017455.1_prot_WP_014554119.1_1	GCF_017815515.1_WP_209738669.1	56.220	419	421	99	418	177	3	2	414	4	420	0.0	613
lcl|NC_017455.1_prot_WP_014554119.1_1	GCF_016469335.1_WP_199610238.1	59.189	419	423	99	419	165	3	2	415	1	418	0.0	613
lcl|NC_017455.1_prot_WP_014554119.1_1	GCF_012562765.1_WP_168892652.1	57.995	419	419	99	419	170	3	2	415	1	418	0.0	613
lcl|NC_017455.1_prot_WP_014554119.1_1	GCF_011290485.1_WP_166270440.1	60.048	419	418	99	418	161	3	2	414	1	417	0.0	613
lcl|NC_017455.1_prot_WP_014554119.1_1	GCF_009671065.1_WP_095503031.1	55.981	419	420	99	418	178	3	2	414	1	417	0.0	613
lcl|NC_017455.1_prot_WP_014554119.1_1	GCF_008000755.1_WP_049707018.1	55.742	419	421	99	418	179	3	2	414	4	420	0.0	613
lcl|NC_017455.1_prot_WP_014554119.1_1	GCF_006228385.1_WP_139757473.1	59.189	419	421	99	419	165	3	2	415	1	418	0.0	613
lcl|NC_017455.1_prot_WP_014554119.1_1	GCF_005222225.1_WP_137168242.1	58.711	419	421	99	419	167	3	2	415	1	418	0.0	613
lcl|NC_017455.1_prot_WP_014554119.1_1	GCF_005144635.2_WP_136921409.1	56.731	419	415	99	416	177	2	2	415	1	415	0.0	613
lcl|NC_017455.1_prot_WP_014554119.1_1	GCF_003612795.1_WP_038481222.1	57.757	419	419	99	419	171	3	2	415	1	418	0.0	613
lcl|NC_017455.1_prot_WP_014554119.1_1	GCF_002688605.1_WP_014457752.1	64.792	419	424	98	409	142	1	2	410	3	409	0.0	613
lcl|NC_017455.1_prot_WP_014554119.1_1	GCF_002005305.1_WP_077753292.1	58.134	419	422	99	418	169	3	2	414	1	417	0.0	613
lcl|NC_017455.1_prot_WP_014554119.1_1	GCF_001679665.1_WP_066771076.1	54.545	419	430	99	418	184	3	2	414	13	429	0.0	613
lcl|NC_017455.1_prot_WP_014554119.1_1	GCF_001617625.1_WP_067150270.1	57.518	419	419	99	419	172	3	2	415	1	418	0.0	613
lcl|NC_017455.1_prot_WP_014554119.1_1	GCF_000968535.2_WP_014150367.1	57.279	419	418	99	419	173	3	2	415	1	418	0.0	613
lcl|NC_017455.1_prot_WP_014554119.1_1	GCF_000948975.2_WP_044834386.1	57.757	419	419	99	419	171	3	2	415	1	418	0.0	613
lcl|NC_017455.1_prot_WP_014554119.1_1	GCF_000828515.1_WP_041069896.1	57.656	419	419	99	418	171	3	2	414	1	417	0.0	613
lcl|NC_017455.1_prot_WP_014554119.1_1	GCF_000364725.1_WP_013975458.1	58.134	419	419	99	418	169	3	2	414	1	417	0.0	613
lcl|NC_017455.1_prot_WP_014554119.1_1	GCF_000227665.2_WP_006460145.1	57.995	419	418	99	419	170	3	2	415	1	418	0.0	613
lcl|NC_017455.1_prot_WP_014554119.1_1	GCF_000196495.1_WP_012549035.1	58.473	419	419	99	419	168	3	2	415	1	418	0.0	613
lcl|NC_017455.1_prot_WP_014554119.1_1	GCF_000015585.1_WP_011814841.1	57.143	419	419	99	420	173	4	2	415	1	419	0.0	613
lcl|NC_017455.1_prot_WP_014554119.1_1	GCF_904848675.1_WP_216782374.1	57.518	419	419	99	419	172	3	2	415	1	418	0.0	612
lcl|NC_017455.1_prot_WP_014554119.1_1	GCF_900636765.1_WP_085415892.1	55.263	419	419	99	418	181	3	2	414	1	417	0.0	612
lcl|NC_017455.1_prot_WP_014554119.1_1	GCF_900476035.1_WP_005701308.1	56.429	419	420	99	420	176	4	2	415	1	419	0.0	612
lcl|NC_017455.1_prot_WP_014554119.1_1	GCF_028657945.1_WP_274051960.1	57.757	419	419	99	419	171	3	2	415	1	418	0.0	612
lcl|NC_017455.1_prot_WP_014554119.1_1	GCF_025264645.1_WP_260737519.1	60.628	419	416	98	414	160	2	2	413	1	413	0.0	612
lcl|NC_017455.1_prot_WP_014554119.1_1	GCF_023921225.1_WP_058534142.1	56.563	419	420	99	419	176	3	2	415	1	418	0.0	612
lcl|NC_017455.1_prot_WP_014554119.1_1	GCF_018223345.1_WP_212594653.1	57.518	419	420	99	419	172	3	2	415	1	418	0.0	612
lcl|NC_017455.1_prot_WP_014554119.1_1	GCF_017310015.1_WP_091826312.1	57.518	419	419	99	419	172	3	2	415	1	418	0.0	612
lcl|NC_017455.1_prot_WP_014554119.1_1	GCF_014926585.1_WP_193337729.1	55.742	419	421	99	418	179	3	2	414	4	420	0.0	612
lcl|NC_017455.1_prot_WP_014554119.1_1	GCF_005280315.1_WP_137314774.1	55.847	419	420	99	419	179	3	2	415	1	418	0.0	612
lcl|NC_017455.1_prot_WP_014554119.1_1	GCF_005116655.2_WP_136805427.1	57.933	419	416	99	416	171	3	2	414	1	415	0.0	612
lcl|NC_017455.1_prot_WP_014554119.1_1	GCF_004786015.1_WP_135794852.1	57.619	419	419	99	420	171	4	2	415	1	419	0.0	612
lcl|NC_017455.1_prot_WP_014554119.1_1	GCF_004322755.1_WP_130187463.1	55.847	419	420	99	419	179	3	2	415	1	418	0.0	612
lcl|NC_017455.1_prot_WP_014554119.1_1	GCF_004000605.1_WP_127565091.1	53.589	419	418	99	418	188	3	2	414	1	417	0.0	612
lcl|NC_017455.1_prot_WP_014554119.1_1	GCF_003610015.1_WP_027705266.1	57.518	419	419	99	419	172	3	2	415	1	418	0.0	612
lcl|NC_017455.1_prot_WP_014554119.1_1	GCF_002872475.1_WP_102246791.1	54.654	419	419	99	419	184	3	2	415	1	418	0.0	612
lcl|NC_017455.1_prot_WP_014554119.1_1	GCF_002355335.1_WP_096351809.1	56.459	419	421	99	418	176	3	2	414	4	420	0.0	612
lcl|NC_017455.1_prot_WP_014554119.1_1	GCF_002285905.1_WP_016948430.1	56.459	419	449	99	418	177	3	1	414	27	443	0.0	612
lcl|NC_017455.1_prot_WP_014554119.1_1	GCF_002073495.2_WP_000179609.1	57.108	419	482	99	415	175	2	2	414	67	480	0.0	612
lcl|NC_017455.1_prot_WP_014554119.1_1	GCF_002073255.2_WP_005725026.1	56.905	419	420	99	420	174	4	2	415	1	419	0.0	612
lcl|NC_017455.1_prot_WP_014554119.1_1	GCF_001562195.1_WP_057794263.1	58.950	419	421	99	419	166	3	2	415	1	418	0.0	612
lcl|NC_017455.1_prot_WP_014554119.1_1	GCF_000815025.1_WP_039670149.1	57.416	419	418	99	418	172	3	2	414	1	417	0.0	612
lcl|NC_017455.1_prot_WP_014554119.1_1	GCF_000730385.1_WP_044055843.1	58.950	419	421	99	419	166	3	2	415	1	418	0.0	612
lcl|NC_017455.1_prot_WP_014554119.1_1	GCF_000226295.1_WP_228374054.1	58.795	419	444	99	415	168	2	3	415	31	444	0.0	612
lcl|NC_017455.1_prot_WP_014554119.1_1	GCF_000025485.1_WP_012969830.1	58.134	419	418	99	418	169	3	2	414	1	417	0.0	612
lcl|NC_017455.1_prot_WP_014554119.1_1	GCF_000016065.1_WP_011864143.1	58.234	419	421	99	419	169	3	2	415	1	418	0.0	612
lcl|NC_017455.1_prot_WP_014554119.1_1	GCF_900039485.1_WP_067565634.1	57.041	419	419	99	419	174	3	2	415	1	418	0.0	612
lcl|NC_017455.1_prot_WP_014554119.1_1	GCF_027286365.1_WP_077674499.1	57.279	419	421	99	419	173	3	2	415	1	418	0.0	612
lcl|NC_017455.1_prot_WP_014554119.1_1	GCF_025917315.1_WP_009724159.1	57.757	419	419	99	419	171	3	2	415	1	418	0.0	612
lcl|NC_017455.1_prot_WP_014554119.1_1	GCF_020810675.1_WP_049215412.1	57.619	419	420	99	420	171	4	2	415	1	419	0.0	612
lcl|NC_017455.1_prot_WP_014554119.1_1	GCF_017753665.1_WP_003741568.1	54.785	419	419	99	418	183	3	2	414	1	417	0.0	612
lcl|NC_017455.1_prot_WP_014554119.1_1	GCF_017354925.1_WP_207321080.1	57.757	419	421	99	419	171	3	2	415	1	418	0.0	612
lcl|NC_017455.1_prot_WP_014554119.1_1	GCF_015356115.1_WP_194811657.1	56.667	419	420	99	420	175	4	2	415	1	419	0.0	612
lcl|NC_017455.1_prot_WP_014554119.1_1	GCF_009789595.1_WP_145874487.1	55.370	419	420	99	419	181	3	2	415	1	418	0.0	612
lcl|NC_017455.1_prot_WP_014554119.1_1	GCF_004168365.1_WP_242512332.1	56.057	419	558	99	421	178	4	1	415	138	557	0.0	612
lcl|NC_017455.1_prot_WP_014554119.1_1	GCF_004124255.1_WP_129210411.1	56.325	419	419	99	419	177	3	2	415	1	418	0.0	612
lcl|NC_017455.1_prot_WP_014554119.1_1	GCF_003668795.1_WP_004588958.1	58.950	419	419	99	419	166	3	2	415	1	418	0.0	612
lcl|NC_017455.1_prot_WP_014554119.1_1	GCF_001889445.1_WP_025285646.1	56.604	419	424	99	424	172	3	2	414	1	423	0.0	612
lcl|NC_017455.1_prot_WP_014554119.1_1	GCF_000974685.2_WP_062626007.1	57.279	419	418	99	419	173	3	2	415	1	418	0.0	612
lcl|NC_017455.1_prot_WP_014554119.1_1	GCF_000948985.2_WP_044838398.1	57.279	419	419	99	419	173	3	2	415	1	418	0.0	612
lcl|NC_017455.1_prot_WP_014554119.1_1	GCF_000214825.1_WP_013836111.1	57.757	419	418	99	419	171	3	2	415	1	418	0.0	612
lcl|NC_017455.1_prot_WP_014554119.1_1	GCF_937425535.1_WP_150044944.1	55.660	419	424	99	424	176	3	2	414	1	423	0.0	612
lcl|NC_017455.1_prot_WP_014554119.1_1	GCF_029028125.1_WP_277414125.1	55.609	419	420	99	419	180	3	2	415	1	418	0.0	612
lcl|NC_017455.1_prot_WP_014554119.1_1	GCF_028748065.1_WP_274495212.1	55.502	419	418	99	418	180	3	2	414	1	417	0.0	612
lcl|NC_017455.1_prot_WP_014554119.1_1	GCF_021165935.1_WP_231758810.1	57.279	419	419	99	419	173	3	2	415	1	418	0.0	612
lcl|NC_017455.1_prot_WP_014554119.1_1	GCF_019703835.1_WP_087024692.1	57.995	419	419	99	419	170	3	2	415	1	418	0.0	612
lcl|NC_017455.1_prot_WP_014554119.1_1	GCF_017901175.1_WP_210219332.1	57.757	419	419	99	419	171	3	2	415	1	418	0.0	612
lcl|NC_017455.1_prot_WP_014554119.1_1	GCF_017161425.1_WP_206340971.1	55.263	419	418	99	418	181	3	2	414	1	417	0.0	612
lcl|NC_017455.1_prot_WP_014554119.1_1	GCF_016446285.1_WP_199263205.1	57.452	419	415	99	416	174	2	2	415	1	415	0.0	612
lcl|NC_017455.1_prot_WP_014554119.1_1	GCF_010587025.1_WP_018355393.1	56.905	419	420	99	420	174	4	2	415	1	419	0.0	612
lcl|NC_017455.1_prot_WP_014554119.1_1	GCF_004421005.1_WP_134385353.1	55.609	419	420	99	419	180	3	2	415	1	418	0.0	612
lcl|NC_017455.1_prot_WP_014554119.1_1	GCF_003955735.1_WP_126128778.1	56.086	419	420	99	419	178	3	2	415	1	418	0.0	612
lcl|NC_017455.1_prot_WP_014554119.1_1	GCF_002892535.1_WP_102952354.1	58.234	419	418	99	419	169	3	2	415	1	418	0.0	612
lcl|NC_017455.1_prot_WP_014554119.1_1	GCF_002310795.1_WP_013463749.1	58.950	419	419	99	419	166	3	2	415	1	418	0.0	612
lcl|NC_017455.1_prot_WP_014554119.1_1	GCF_001750105.1_WP_069946705.1	57.279	419	419	99	419	173	3	2	415	1	418	0.0	612
lcl|NC_017455.1_prot_WP_014554119.1_1	GCF_000024465.1_WP_041860865.1	55.370	419	419	99	419	180	3	2	414	1	418	0.0	612
lcl|NC_017455.1_prot_WP_014554119.1_1	GCF_000020985.1_WP_028842629.1	56.355	419	416	99	417	178	3	2	415	1	416	0.0	612
lcl|NC_017455.1_prot_WP_014554119.1_1	GCF_000019405.1_WP_012341247.1	57.619	419	420	99	420	171	4	2	415	1	419	0.0	612
lcl|NC_017455.1_prot_WP_014554119.1_1	GCF_000017565.1_WP_012110151.1	56.459	419	422	99	418	176	3	2	414	5	421	0.0	612
lcl|NC_017455.1_prot_WP_014554119.1_1	GCF_000009365.1_WP_007151393.1	57.757	419	419	99	419	171	3	2	415	1	418	0.0	612
lcl|NC_017455.1_prot_WP_014554119.1_1	GCF_928721995.1_WP_022374025.1	56.325	419	420	99	419	177	3	2	415	1	418	0.0	611
lcl|NC_017455.1_prot_WP_014554119.1_1	GCF_900637555.1_WP_005673600.1	56.429	419	419	99	420	176	3	2	415	1	419	0.0	611
lcl|NC_017455.1_prot_WP_014554119.1_1	GCF_022749495.1_WP_003756207.1	55.024	419	419	99	418	182	3	2	414	1	417	0.0	611
lcl|NC_017455.1_prot_WP_014554119.1_1	GCF_019722725.1_WP_235041267.1	58.473	419	419	99	419	168	3	2	415	1	418	0.0	611
lcl|NC_017455.1_prot_WP_014554119.1_1	GCF_013003965.1_WP_171089734.1	56.563	419	419	99	419	176	3	2	415	1	418	0.0	611
lcl|NC_017455.1_prot_WP_014554119.1_1	GCF_009938015.1_WP_147073872.1	56.699	419	420	99	418	175	3	2	414	1	417	0.0	611
lcl|NC_017455.1_prot_WP_014554119.1_1	GCF_007993755.1_WP_146960019.1	59.420	419	417	98	414	165	2	2	413	1	413	0.0	611
lcl|NC_017455.1_prot_WP_014554119.1_1	GCF_005221285.1_WP_003680905.1	55.024	419	419	99	418	182	3	2	414	1	417	0.0	611
lcl|NC_017455.1_prot_WP_014554119.1_1	GCF_003028855.1_WP_107140475.1	55.370	419	420	99	419	181	3	2	415	1	418	0.0	611
lcl|NC_017455.1_prot_WP_014554119.1_1	GCF_002844375.1_WP_101265315.1	57.857	419	420	99	420	169	3	2	414	1	419	0.0	611
lcl|NC_017455.1_prot_WP_014554119.1_1	GCF_002741015.1_WP_099509992.1	55.981	419	421	99	418	178	3	2	414	4	420	0.0	611
lcl|NC_017455.1_prot_WP_014554119.1_1	GCF_002549795.1_WP_097790416.1	57.041	419	419	99	419	174	3	2	415	1	418	0.0	611
lcl|NC_017455.1_prot_WP_014554119.1_1	GCF_002221525.1_WP_058547681.1	58.950	419	419	99	419	166	3	2	415	1	418	0.0	611
lcl|NC_017455.1_prot_WP_014554119.1_1	GCF_000953655.1_WP_045107252.1	56.325	419	420	99	419	177	3	2	415	1	418	0.0	611
lcl|NC_017455.1_prot_WP_014554119.1_1	GCF_000178975.2_WP_013579387.1	60.628	419	416	98	414	160	2	2	413	1	413	0.0	611
lcl|NC_017455.1_prot_WP_014554119.1_1	GCF_000143145.1_WP_013217229.1	55.981	419	421	99	418	178	3	2	414	4	420	0.0	611
lcl|NC_017455.1_prot_WP_014554119.1_1	GCF_000013765.1_WP_011494905.1	57.279	419	421	99	419	173	3	2	415	1	418	0.0	611
lcl|NC_017455.1_prot_WP_014554119.1_1	GCF_000011745.1_WP_011283119.1	57.041	419	419	99	419	174	3	2	415	1	418	0.0	611
lcl|NC_017455.1_prot_WP_014554119.1_1	GCF_000007745.1_WP_041640233.1	56.905	419	420	99	420	174	4	2	415	1	419	0.0	611
lcl|NC_017455.1_prot_WP_014554119.1_1	GCF_028885455.1_WP_064666866.1	58.950	419	419	99	419	166	3	2	415	1	418	0.0	611
lcl|NC_017455.1_prot_WP_014554119.1_1	GCF_024971755.1_WP_037413641.1	57.757	419	421	99	419	171	3	2	415	1	418	0.0	611
lcl|NC_017455.1_prot_WP_014554119.1_1	GCF_023586525.1_WP_250236033.1	57.041	419	419	99	419	174	3	2	415	1	418	0.0	611
lcl|NC_017455.1_prot_WP_014554119.1_1	GCF_017901155.1_WP_210229863.1	57.995	419	419	99	419	170	3	2	415	1	418	0.0	611
lcl|NC_017455.1_prot_WP_014554119.1_1	GCF_014217335.1_WP_045856052.1	55.742	419	419	99	418	179	3	2	414	1	417	0.0	611
lcl|NC_017455.1_prot_WP_014554119.1_1	GCF_013181415.1_WP_031598156.1	56.802	419	419	99	419	175	3	2	415	1	418	0.0	611
lcl|NC_017455.1_prot_WP_014554119.1_1	GCF_012849375.1_WP_110845290.1	55.847	419	420	99	419	179	3	2	415	1	418	0.0	611
lcl|NC_017455.1_prot_WP_014554119.1_1	GCF_011398355.1_WP_173274067.1	57.279	419	418	99	419	173	3	2	415	1	418	0.0	611
lcl|NC_017455.1_prot_WP_014554119.1_1	GCF_008806995.1_WP_123795975.1	56.220	419	419	99	418	177	3	2	414	1	417	0.0	611
lcl|NC_017455.1_prot_WP_014554119.1_1	GCF_008274805.1_WP_054620399.1	55.847	419	418	99	419	179	3	2	415	1	418	0.0	611
lcl|NC_017455.1_prot_WP_014554119.1_1	GCF_007197555.1_WP_144048229.1	58.134	419	422	99	418	169	3	2	414	1	417	0.0	611
lcl|NC_017455.1_prot_WP_014554119.1_1	GCF_004851605.1_WP_136550083.1	57.619	419	420	99	420	171	4	2	415	1	419	0.0	611
lcl|NC_017455.1_prot_WP_014554119.1_1	GCF_003722295.1_WP_010575427.1	57.108	419	484	99	415	175	2	2	414	69	482	0.0	611
lcl|NC_017455.1_prot_WP_014554119.1_1	GCF_002157225.2_WP_086929563.1	56.938	419	419	99	418	174	3	2	414	1	417	0.0	611
lcl|NC_017455.1_prot_WP_014554119.1_1	GCF_001677435.1_WP_068617473.1	56.325	419	418	99	419	177	3	2	415	1	418	0.0	611
lcl|NC_017455.1_prot_WP_014554119.1_1	GCF_000355675.1_WP_015488648.1	57.416	419	420	99	418	172	3	2	414	1	417	0.0	611
lcl|NC_017455.1_prot_WP_014554119.1_1	GCF_000146165.2_WP_011070765.1	57.757	419	421	99	419	171	3	2	415	1	418	0.0	611
lcl|NC_017455.1_prot_WP_014554119.1_1	GCF_900130075.1_WP_076592243.1	55.847	419	421	99	419	179	3	2	415	1	418	0.0	610
lcl|NC_017455.1_prot_WP_014554119.1_1	GCF_900090215.1_WP_083172320.1	56.563	419	419	99	419	176	3	2	415	1	418	0.0	610
lcl|NC_017455.1_prot_WP_014554119.1_1	GCF_900044015.1_WP_067567664.1	57.995	419	419	99	419	170	3	2	415	1	418	0.0	610
lcl|NC_017455.1_prot_WP_014554119.1_1	GCF_025402875.1_WP_011787892.1	57.857	419	421	99	420	171	3	2	416	1	419	0.0	610
lcl|NC_017455.1_prot_WP_014554119.1_1	GCF_020991125.1_WP_230436615.1	57.757	419	419	99	419	171	3	2	415	1	418	0.0	610
lcl|NC_017455.1_prot_WP_014554119.1_1	GCF_014697095.1_WP_007111700.1	58.234	419	419	99	419	169	3	2	415	1	418	0.0	610
lcl|NC_017455.1_prot_WP_014554119.1_1	GCF_014058705.1_WP_185984190.1	56.459	419	421	99	418	176	3	2	414	4	420	0.0	610
lcl|NC_017455.1_prot_WP_014554119.1_1	GCF_005221305.1_WP_137040073.1	55.024	419	419	99	418	182	3	2	414	1	417	0.0	610
lcl|NC_017455.1_prot_WP_014554119.1_1	GCF_003957745.1_WP_126168392.1	57.279	419	421	99	419	173	3	2	415	1	418	0.0	610
lcl|NC_017455.1_prot_WP_014554119.1_1	GCF_003515105.1_WP_083633683.1	58.234	419	419	99	419	169	3	2	415	1	418	0.0	610
lcl|NC_017455.1_prot_WP_014554119.1_1	GCF_003351565.1_WP_003710445.1	55.502	419	419	99	418	180	3	2	414	1	417	0.0	610
lcl|NC_017455.1_prot_WP_014554119.1_1	GCF_002209385.1_WP_088617570.1	56.325	419	418	99	419	177	3	2	415	1	418	0.0	610
lcl|NC_017455.1_prot_WP_014554119.1_1	GCF_002127965.1_WP_005879398.1	56.325	419	420	99	419	177	3	2	415	1	418	0.0	610
lcl|NC_017455.1_prot_WP_014554119.1_1	GCF_001402875.1_WP_055038527.1	55.396	419	421	98	417	180	3	3	414	5	420	0.0	610
lcl|NC_017455.1_prot_WP_014554119.1_1	GCF_000145255.1_WP_013294366.1	58.234	419	418	99	419	169	3	2	415	1	418	0.0	610
lcl|NC_017455.1_prot_WP_014554119.1_1	GCF_000026085.1_WP_011326839.1	59.427	419	419	99	419	164	3	2	415	1	418	0.0	610
lcl|NC_017455.1_prot_WP_014554119.1_1	GCF_000022085.1_WP_015927708.1	55.635	419	436	98	417	179	4	3	414	20	435	0.0	610
lcl|NC_017455.1_prot_WP_014554119.1_1	GCF_000015245.1_WP_011761324.1	57.279	419	420	99	419	173	3	2	415	1	418	0.0	610
lcl|NC_017455.1_prot_WP_014554119.1_1	GCF_000012325.1_WP_011041051.1	57.995	419	419	99	419	170	3	2	415	1	418	0.0	610
lcl|NC_017455.1_prot_WP_014554119.1_1	GCF_025345565.1_WP_145467616.1	57.895	419	422	99	418	170	3	2	414	1	417	0.0	610
lcl|NC_017455.1_prot_WP_014554119.1_1	GCF_019623905.1_WP_220661635.1	55.024	419	423	99	418	182	3	2	414	6	422	0.0	610
lcl|NC_017455.1_prot_WP_014554119.1_1	GCF_014054725.1_WP_027022518.1	56.802	419	418	99	419	175	3	2	415	1	418	0.0	610
lcl|NC_017455.1_prot_WP_014554119.1_1	GCF_009931115.1_WP_161859767.1	57.995	419	419	99	419	170	3	2	415	1	418	0.0	610
lcl|NC_017455.1_prot_WP_014554119.1_1	GCF_007197755.1_WP_144067583.1	51.656	419	453	99	453	178	3	2	414	1	452	0.0	610
lcl|NC_017455.1_prot_WP_014554119.1_1	GCF_003855395.1_WP_124729576.1	57.995	419	420	99	419	170	3	2	415	1	418	0.0	610
lcl|NC_017455.1_prot_WP_014554119.1_1	GCF_003429285.1_WP_108565634.1	58.711	419	421	99	419	167	3	2	415	1	418	0.0	610
lcl|NC_017455.1_prot_WP_014554119.1_1	GCF_003265225.1_WP_261919505.1	56.429	419	420	99	420	176	4	2	415	1	419	0.0	610
lcl|NC_017455.1_prot_WP_014554119.1_1	GCF_003143515.1_WP_109346182.1	55.609	419	420	99	419	180	3	2	415	1	418	0.0	610
lcl|NC_017455.1_prot_WP_014554119.1_1	GCF_001999945.1_WP_010133763.1	57.518	419	419	99	419	172	3	2	415	1	418	0.0	610
lcl|NC_017455.1_prot_WP_014554119.1_1	GCF_000238395.3_WP_002960945.1	59.189	419	419	99	419	165	3	2	415	1	418	0.0	610
lcl|NC_017455.1_prot_WP_014554119.1_1	GCF_000196875.2_WP_013333541.1	57.041	419	419	99	419	174	3	2	415	1	418	0.0	610
lcl|NC_017455.1_prot_WP_014554119.1_1	GCF_000092205.1_WP_013162843.1	59.952	419	421	98	417	161	3	2	413	1	416	0.0	610
lcl|NC_017455.1_prot_WP_014554119.1_1	GCF_000019525.1_WP_012323157.1	57.995	419	421	99	419	170	3	2	415	1	418	0.0	610
lcl|NC_017455.1_prot_WP_014554119.1_1	GCF_023585745.1_WP_250223188.1	57.518	419	419	99	419	172	3	2	415	1	418	0.0	610
lcl|NC_017455.1_prot_WP_014554119.1_1	GCF_013377195.1_WP_132024126.1	56.667	419	420	99	420	175	4	2	415	1	419	0.0	610
lcl|NC_017455.1_prot_WP_014554119.1_1	GCF_013030075.1_WP_003687508.1	55.502	419	419	99	418	180	3	2	414	1	417	0.0	610
lcl|NC_017455.1_prot_WP_014554119.1_1	GCF_011398155.1_WP_173292186.1	56.057	419	420	99	421	177	5	2	415	1	420	0.0	610
lcl|NC_017455.1_prot_WP_014554119.1_1	GCF_010977555.1_WP_163233568.1	52.392	419	469	99	418	193	3	2	414	52	468	0.0	610
lcl|NC_017455.1_prot_WP_014554119.1_1	GCF_006385555.1_WP_137223357.1	57.995	419	420	99	419	170	3	2	415	1	418	0.0	610
lcl|NC_017455.1_prot_WP_014554119.1_1	GCF_001890385.1_WP_072597867.1	54.177	419	418	99	419	186	3	2	415	1	418	0.0	610
lcl|NC_017455.1_prot_WP_014554119.1_1	GCF_001741865.1_WP_069689081.1	55.024	419	421	99	418	182	3	2	414	4	420	0.0	610
lcl|NC_017455.1_prot_WP_014554119.1_1	GCF_000017685.1_WP_012388037.1	56.867	419	467	99	415	176	2	2	414	52	465	0.0	610
lcl|NC_017455.1_prot_WP_014554119.1_1	GCF_023518055.1_WP_249856132.1	56.429	419	420	99	420	176	4	2	415	1	419	0.0	609
lcl|NC_017455.1_prot_WP_014554119.1_1	GCF_021228795.1_WP_232406131.1	58.612	419	418	99	418	167	3	2	414	1	417	0.0	609
lcl|NC_017455.1_prot_WP_014554119.1_1	GCF_018802645.1_WP_028534821.1	56.325	419	418	99	419	177	3	2	415	1	418	0.0	609
lcl|NC_017455.1_prot_WP_014554119.1_1	GCF_017498545.1_WP_237382871.1	60.817	419	417	99	416	160	2	2	415	1	415	0.0	609
lcl|NC_017455.1_prot_WP_014554119.1_1	GCF_014857065.1_WP_192380113.1	57.757	419	419	99	419	171	3	2	415	1	418	0.0	609
lcl|NC_017455.1_prot_WP_014554119.1_1	GCF_010669125.1_WP_163075178.1	55.502	419	421	99	418	180	3	2	414	4	420	0.0	609
lcl|NC_017455.1_prot_WP_014554119.1_1	GCF_008329985.2_WP_149283415.1	57.518	419	419	99	419	172	3	2	415	1	418	0.0	609
lcl|NC_017455.1_prot_WP_014554119.1_1	GCF_007954585.1_WP_147183858.1	57.041	419	419	99	419	174	3	2	415	1	418	0.0	609
lcl|NC_017455.1_prot_WP_014554119.1_1	GCF_007859655.1_WP_146290983.1	55.502	419	421	99	418	180	3	2	414	4	420	0.0	609
lcl|NC_017455.1_prot_WP_014554119.1_1	GCF_004103615.1_WP_046130289.1	64.029	419	427	99	417	148	1	3	419	5	419	0.0	609
lcl|NC_017455.1_prot_WP_014554119.1_1	GCF_003150835.1_WP_110451134.1	52.153	419	469	99	418	194	3	2	414	52	468	0.0	609
lcl|NC_017455.1_prot_WP_014554119.1_1	GCF_000178875.2_WP_006083361.1	57.995	419	421	99	419	170	3	2	415	1	418	0.0	609
lcl|NC_017455.1_prot_WP_014554119.1_1	GCF_000055785.1_WP_011505892.1	57.041	419	419	99	419	174	3	2	415	1	418	0.0	609
lcl|NC_017455.1_prot_WP_014554119.1_1	GCF_000019185.1_WP_012278951.1	58.234	419	421	99	419	169	3	2	415	1	418	0.0	609
lcl|NC_017455.1_prot_WP_014554119.1_1	GCF_900637495.1_WP_058482039.1	55.131	419	420	99	419	182	3	2	415	1	418	0.0	609
lcl|NC_017455.1_prot_WP_014554119.1_1	GCF_028607085.1_WP_273687405.1	53.699	419	418	99	419	188	3	2	415	1	418	0.0	609
lcl|NC_017455.1_prot_WP_014554119.1_1	GCF_020511155.1_WP_226411573.1	58.234	419	421	99	419	169	3	2	415	1	418	0.0	609
lcl|NC_017455.1_prot_WP_014554119.1_1	GCF_019504385.1_WP_198877763.1	55.502	419	421	99	418	180	3	2	414	4	420	0.0	609
lcl|NC_017455.1_prot_WP_014554119.1_1	GCF_016801025.1_WP_035033907.1	55.502	419	421	99	418	180	3	2	414	4	420	0.0	609
lcl|NC_017455.1_prot_WP_014554119.1_1	GCF_009883795.1_WP_159748372.1	57.416	419	418	99	418	172	3	2	414	1	417	0.0	609
lcl|NC_017455.1_prot_WP_014554119.1_1	GCF_004295665.1_WP_130602168.1	57.041	419	419	99	419	174	3	2	415	1	418	0.0	609
lcl|NC_017455.1_prot_WP_014554119.1_1	GCF_003367315.1_WP_108125714.1	58.612	419	418	99	418	167	3	2	414	1	417	0.0	609
lcl|NC_017455.1_prot_WP_014554119.1_1	GCF_002162375.1_WP_087459667.1	57.857	419	420	99	420	170	4	2	415	1	419	0.0	609
lcl|NC_017455.1_prot_WP_014554119.1_1	GCF_001584205.1_WP_061532391.1	56.086	419	420	99	419	178	3	2	415	1	418	0.0	609
lcl|NC_017455.1_prot_WP_014554119.1_1	GCF_000940805.1_WP_044616390.1	58.134	419	418	99	418	169	3	2	414	1	417	0.0	609
lcl|NC_017455.1_prot_WP_014554119.1_1	GCF_000348725.1_WP_041575362.1	57.108	419	414	99	415	174	3	2	414	1	413	0.0	609
lcl|NC_017455.1_prot_WP_014554119.1_1	GCF_000022005.1_YP_002519249.4	52.871	419	477	99	418	191	3	2	414	60	476	0.0	609
lcl|NC_017455.1_prot_WP_014554119.1_1	GCF_918320885.1_WP_253306056.1	56.563	419	422	99	419	176	3	2	415	1	418	0.0	608
lcl|NC_017455.1_prot_WP_014554119.1_1	GCF_023823875.1_WP_053478528.1	64.269	419	424	99	417	147	1	2	418	3	417	0.0	608
lcl|NC_017455.1_prot_WP_014554119.1_1	GCF_023585725.1_WP_250247195.1	56.802	419	419	99	419	175	3	2	415	1	418	0.0	608
lcl|NC_017455.1_prot_WP_014554119.1_1	GCF_013388295.1_WP_005866504.1	56.459	419	421	99	418	176	3	2	414	4	420	0.0	608
lcl|NC_017455.1_prot_WP_014554119.1_1	GCF_013376455.1_WP_163300649.1	58.894	419	415	99	416	168	2	2	415	1	415	0.0	608
lcl|NC_017455.1_prot_WP_014554119.1_1	GCF_009913435.1_WP_160591845.1	55.370	419	418	99	419	181	3	2	415	1	418	0.0	608
lcl|NC_017455.1_prot_WP_014554119.1_1	GCF_008330805.1_WP_002229155.1	55.502	419	419	99	418	180	3	2	414	1	417	0.0	608
lcl|NC_017455.1_prot_WP_014554119.1_1	GCF_003967275.1_WP_126463695.1	55.370	419	419	99	419	181	3	2	415	1	418	0.0	608
lcl|NC_017455.1_prot_WP_014554119.1_1	GCF_003351545.1_WP_003771621.1	55.502	419	419	99	418	180	3	2	414	1	417	0.0	608
lcl|NC_017455.1_prot_WP_014554119.1_1	GCF_002220285.1_WP_001053903.1	63.835	419	423	98	412	147	1	2	413	3	412	0.0	608
lcl|NC_017455.1_prot_WP_014554119.1_1	GCF_001483945.1_WP_008325783.1	55.370	419	420	99	419	181	3	2	415	1	418	0.0	608
lcl|NC_017455.1_prot_WP_014554119.1_1	GCF_000934545.1_WP_202636399.1	55.370	419	419	99	419	181	3	2	415	1	418	0.0	608
lcl|NC_017455.1_prot_WP_014554119.1_1	GCF_000218625.1_WP_013887059.1	60.817	419	413	99	416	158	3	2	415	1	413	0.0	608
lcl|NC_017455.1_prot_WP_014554119.1_1	GCF_000020365.1_WP_015903599.1	60.723	419	415	99	415	160	2	2	414	1	414	0.0	608
lcl|NC_017455.1_prot_WP_014554119.1_1	GCF_900186835.1_WP_005765155.1	57.143	419	420	99	420	173	4	2	415	1	419	0.0	608
lcl|NC_017455.1_prot_WP_014554119.1_1	GCF_024346975.1_WP_261823260.1	57.518	419	419	99	419	172	3	2	415	1	418	0.0	608
lcl|NC_017455.1_prot_WP_014554119.1_1	GCF_018972165.1_WP_008169890.1	57.619	419	420	99	420	171	4	2	415	1	419	0.0	608
lcl|NC_017455.1_prot_WP_014554119.1_1	GCF_016772275.1_WP_202780876.1	64.593	419	427	99	418	146	1	2	419	4	419	0.0	608
lcl|NC_017455.1_prot_WP_014554119.1_1	GCF_015679265.1_WP_196105149.1	55.742	419	423	99	418	179	3	2	414	6	422	0.0	608
lcl|NC_017455.1_prot_WP_014554119.1_1	GCF_014211975.1_WP_075187017.1	55.742	419	419	99	418	179	3	2	414	1	417	0.0	608
lcl|NC_017455.1_prot_WP_014554119.1_1	GCF_011044155.1_WP_211907470.1	56.563	419	423	99	419	176	3	2	415	6	423	0.0	608
lcl|NC_017455.1_prot_WP_014554119.1_1	GCF_008807735.1_WP_001053898.1	64.320	419	423	98	412	145	1	2	413	3	412	0.0	608
lcl|NC_017455.1_prot_WP_014554119.1_1	GCF_003722335.1_WP_101713185.1	53.589	419	481	99	418	188	3	2	414	64	480	0.0	608
lcl|NC_017455.1_prot_WP_014554119.1_1	GCF_001854125.1_WP_070970875.1	57.381	419	420	99	420	172	4	2	415	1	419	0.0	608
lcl|NC_017455.1_prot_WP_014554119.1_1	GCF_001831495.1_WP_068546213.1	58.711	419	419	99	419	167	3	2	415	1	418	0.0	608
lcl|NC_017455.1_prot_WP_014554119.1_1	GCF_000973505.1_WP_046289020.1	57.279	419	419	99	419	173	3	2	415	1	418	0.0	608
lcl|NC_017455.1_prot_WP_014554119.1_1	GCF_000832905.1_WP_013860747.1	64.269	419	426	99	417	147	1	2	418	4	418	0.0	608
lcl|NC_017455.1_prot_WP_014554119.1_1	GCF_000018025.1_WP_012144445.1	57.518	419	421	99	419	172	3	2	415	1	418	0.0	608
lcl|NC_017455.1_prot_WP_014554119.1_1	GCF_900477945.1_WP_005629550.1	56.190	419	420	99	420	177	4	2	415	1	419	0.0	608
lcl|NC_017455.1_prot_WP_014554119.1_1	GCF_900475315.1_WP_111726429.1	55.502	419	419	99	418	180	3	2	414	1	417	0.0	608
lcl|NC_017455.1_prot_WP_014554119.1_1	GCF_020783375.1_WP_014821732.1	57.518	419	419	99	419	172	3	2	415	1	418	0.0	608
lcl|NC_017455.1_prot_WP_014554119.1_1	GCF_017742995.1_WP_010387091.1	57.995	419	419	99	419	170	3	2	415	1	418	0.0	608
lcl|NC_017455.1_prot_WP_014554119.1_1	GCF_015644725.1_WP_195810464.1	58.234	419	421	99	419	169	3	2	415	1	418	0.0	608
lcl|NC_017455.1_prot_WP_014554119.1_1	GCF_007004545.3_WP_142871814.1	57.518	419	421	99	419	172	3	2	415	1	418	0.0	608
lcl|NC_017455.1_prot_WP_014554119.1_1	GCF_004358345.1_WP_121854646.1	58.473	419	421	99	419	168	3	2	415	1	418	0.0	608
lcl|NC_017455.1_prot_WP_014554119.1_1	GCF_003667885.1_WP_010328939.1	63.789	419	427	99	417	149	1	3	419	5	419	0.0	608
lcl|NC_017455.1_prot_WP_014554119.1_1	GCF_003173715.1_WP_194075189.1	55.502	419	447	99	418	180	3	2	414	30	446	0.0	608
lcl|NC_017455.1_prot_WP_014554119.1_1	GCF_001597285.1_WP_021699062.1	57.041	419	419	99	419	174	3	2	415	1	418	0.0	608
lcl|NC_017455.1_prot_WP_014554119.1_1	GCF_000931575.1_WP_005648966.1	56.190	419	420	99	420	177	4	2	415	1	419	0.0	608
lcl|NC_017455.1_prot_WP_014554119.1_1	GCF_000661915.1_WP_038663660.1	57.279	419	419	99	419	173	3	2	415	1	418	0.0	608
lcl|NC_017455.1_prot_WP_014554119.1_1	GCF_000297075.2_WP_003458629.1	57.041	419	419	99	419	174	3	2	415	1	418	0.0	608
lcl|NC_017455.1_prot_WP_014554119.1_1	GCF_000018285.1_WP_012153666.1	58.234	419	421	99	419	169	3	2	415	1	418	0.0	608
lcl|NC_017455.1_prot_WP_014554119.1_1	GCF_017901135.1_WP_210222373.1	57.757	419	419	99	419	171	3	2	415	1	418	0.0	607
lcl|NC_017455.1_prot_WP_014554119.1_1	GCF_011290545.1_WP_166188528.1	55.981	419	423	99	418	178	3	2	414	6	422	0.0	607
lcl|NC_017455.1_prot_WP_014554119.1_1	GCF_005280275.1_WP_069361797.1	57.279	419	421	99	419	173	3	2	415	1	418	0.0	607
lcl|NC_017455.1_prot_WP_014554119.1_1	GCF_004358445.1_WP_133405350.1	58.234	419	421	99	419	169	3	2	415	1	418	0.0	607
lcl|NC_017455.1_prot_WP_014554119.1_1	GCF_004102945.1_WP_128700934.1	60.049	419	408	97	408	160	2	10	415	1	407	0.0	607
lcl|NC_017455.1_prot_WP_014554119.1_1	GCF_002796605.1_WP_100282918.1	54.177	419	418	99	419	186	3	2	415	1	418	0.0	607
lcl|NC_017455.1_prot_WP_014554119.1_1	GCF_002355735.1_WP_096361709.1	59.189	419	418	99	419	165	3	2	415	1	418	0.0	607
lcl|NC_017455.1_prot_WP_014554119.1_1	GCF_002215215.1_WP_088916923.1	56.563	419	418	99	419	176	3	2	415	1	418	0.0	607
lcl|NC_017455.1_prot_WP_014554119.1_1	GCF_001729245.1_WP_069606702.1	57.108	419	484	99	415	175	2	2	414	69	482	0.0	607
lcl|NC_017455.1_prot_WP_014554119.1_1	GCF_001636015.1_WP_063514639.1	56.802	419	422	99	419	175	3	2	415	1	418	0.0	607
lcl|NC_017455.1_prot_WP_014554119.1_1	GCF_001281405.1_WP_053943874.1	55.981	419	421	99	418	178	3	2	414	4	420	0.0	607
lcl|NC_017455.1_prot_WP_014554119.1_1	GCF_000258405.1_WP_041294446.1	62.892	419	415	99	415	151	2	2	414	1	414	0.0	607
lcl|NC_017455.1_prot_WP_014554119.1_1	GCF_000018205.1_WP_012149663.1	56.295	419	458	99	421	176	3	1	414	30	449	0.0	607
lcl|NC_017455.1_prot_WP_014554119.1_1	GCF_000014885.1_WP_020910646.1	57.995	419	421	99	419	170	3	2	415	1	418	0.0	607
lcl|NC_017455.1_prot_WP_014554119.1_1	GCF_900475885.1_WP_006996188.1	56.429	419	420	99	420	176	4	2	415	1	419	0.0	607
lcl|NC_017455.1_prot_WP_014554119.1_1	GCF_027118995.1_WP_269308460.1	55.131	419	420	99	419	182	3	2	415	1	418	0.0	607
lcl|NC_017455.1_prot_WP_014554119.1_1	GCF_022343685.1_WP_239040948.1	56.802	419	419	99	419	175	3	2	415	1	418	0.0	607
lcl|NC_017455.1_prot_WP_014554119.1_1	GCF_019797865.1_WP_261401174.1	55.072	419	421	98	414	180	3	6	414	8	420	0.0	607
lcl|NC_017455.1_prot_WP_014554119.1_1	GCF_014672835.1_WP_203414168.1	55.189	419	424	99	424	178	3	2	414	1	423	0.0	607
lcl|NC_017455.1_prot_WP_014554119.1_1	GCF_014672695.1_WP_190260191.1	55.502	419	418	99	418	180	3	2	414	1	417	0.0	607
lcl|NC_017455.1_prot_WP_014554119.1_1	GCF_013085545.1_WP_216367941.1	59.375	419	415	99	416	166	2	2	415	1	415	0.0	607
lcl|NC_017455.1_prot_WP_014554119.1_1	GCF_012317585.1_WP_168719168.1	58.852	419	435	99	418	168	3	1	415	19	435	0.0	607
lcl|NC_017455.1_prot_WP_014554119.1_1	GCF_012225885.1_WP_024713823.1	63.549	419	427	99	417	150	1	3	419	5	419	0.0	607
lcl|NC_017455.1_prot_WP_014554119.1_1	GCF_009827135.1_WP_159715062.1	57.518	419	419	99	419	172	3	2	415	1	418	0.0	607
lcl|NC_017455.1_prot_WP_014554119.1_1	GCF_009739945.1_WP_001053902.1	63.835	419	423	98	412	147	1	2	413	3	412	0.0	607
lcl|NC_017455.1_prot_WP_014554119.1_1	GCF_008632455.1_WP_150051453.1	55.847	419	418	99	419	179	3	2	415	1	418	0.0	607
lcl|NC_017455.1_prot_WP_014554119.1_1	GCF_003966715.1_WP_126401648.1	54.916	419	421	98	417	182	3	3	414	5	420	0.0	607
lcl|NC_017455.1_prot_WP_014554119.1_1	GCF_001431725.1_WP_021819843.1	58.234	419	419	99	419	169	3	2	415	1	418	0.0	607
lcl|NC_017455.1_prot_WP_014554119.1_1	GCF_001050115.1_WP_003353365.1	65.291	419	428	98	412	141	1	2	413	4	413	0.0	607
lcl|NC_017455.1_prot_WP_014554119.1_1	GCF_000988745.2_WP_036365682.1	56.802	419	422	99	419	175	3	2	415	1	418	0.0	607
lcl|NC_017455.1_prot_WP_014554119.1_1	GCF_000327045.1_WP_015280974.1	59.569	419	418	99	418	163	3	2	414	1	417	0.0	607
lcl|NC_017455.1_prot_WP_014554119.1_1	GCF_000260985.4_WP_014707466.1	55.847	419	419	99	419	179	3	2	415	1	418	0.0	607
lcl|NC_017455.1_prot_WP_014554119.1_1	GCF_000175215.2_WP_013477678.1	54.545	419	455	99	418	184	3	2	414	38	454	0.0	607
lcl|NC_017455.1_prot_WP_014554119.1_1	GCF_000013665.1_WP_011470126.1	55.981	419	419	99	418	178	3	2	414	1	417	0.0	607
lcl|NC_017455.1_prot_WP_014554119.1_1	GCF_000009045.1_NP_391589.2	63.789	419	427	99	417	149	1	3	419	5	419	0.0	607
lcl|NC_017455.1_prot_WP_014554119.1_1	GCF_900217235.1_WP_097013285.1	58.413	419	453	99	416	170	2	2	415	39	453	0.0	607
lcl|NC_017455.1_prot_WP_014554119.1_1	GCF_024347195.1_WP_205659862.1	56.802	419	419	99	419	175	3	2	415	1	418	0.0	607
lcl|NC_017455.1_prot_WP_014554119.1_1	GCF_018286635.1_WP_070156052.1	54.177	419	418	99	419	186	3	2	415	1	418	0.0	607
lcl|NC_017455.1_prot_WP_014554119.1_1	GCF_016132545.1_WP_198569601.1	55.924	419	422	99	422	177	5	2	415	1	421	0.0	607
lcl|NC_017455.1_prot_WP_014554119.1_1	GCF_015482775.1_WP_213160716.1	55.742	419	427	99	418	179	3	2	414	10	426	0.0	607
lcl|NC_017455.1_prot_WP_014554119.1_1	GCF_013200955.2_WP_173210246.1	56.563	419	419	99	419	176	3	2	415	1	418	0.0	607
lcl|NC_017455.1_prot_WP_014554119.1_1	GCF_012979535.1_WP_169944406.1	53.461	419	418	99	419	189	3	2	415	1	418	0.0	607
lcl|NC_017455.1_prot_WP_014554119.1_1	GCF_008693965.1_WP_010796695.1	57.279	419	419	99	419	173	3	2	415	1	418	0.0	607
lcl|NC_017455.1_prot_WP_014554119.1_1	GCF_008122265.1_WP_148861468.1	58.333	419	420	99	420	168	4	2	415	1	419	0.0	607
lcl|NC_017455.1_prot_WP_014554119.1_1	GCF_007567505.1_WP_144211394.1	57.995	419	421	99	419	170	3	2	415	1	418	0.0	607
lcl|NC_017455.1_prot_WP_014554119.1_1	GCF_003940805.1_WP_125325486.1	55.263	419	423	99	418	181	3	2	414	6	422	0.0	607
lcl|NC_017455.1_prot_WP_014554119.1_1	GCF_003015125.1_WP_013081276.1	53.110	419	477	99	418	190	3	2	414	60	476	0.0	607
lcl|NC_017455.1_prot_WP_014554119.1_1	GCF_002025725.1_WP_079216621.1	55.370	419	420	99	419	181	3	2	415	1	418	0.0	607
lcl|NC_017455.1_prot_WP_014554119.1_1	GCF_000973545.1_WP_046305279.1	57.518	419	419	99	419	172	3	2	415	1	418	0.0	607
lcl|NC_017455.1_prot_WP_014554119.1_1	GCF_000830985.1_WP_041340827.1	57.143	419	420	99	420	173	4	2	415	1	419	0.0	607
lcl|NC_017455.1_prot_WP_014554119.1_1	GCF_000277285.1_WP_014419441.1	55.819	419	457	99	421	178	3	1	414	29	448	0.0	607
lcl|NC_017455.1_prot_WP_014554119.1_1	GCF_000227745.2_WP_014778886.1	58.612	419	418	99	418	167	3	2	414	1	417	0.0	607
lcl|NC_017455.1_prot_WP_014554119.1_1	GCF_000019945.1_WP_012453588.1	55.635	419	447	98	417	179	3	3	414	31	446	0.0	607
lcl|NC_017455.1_prot_WP_014554119.1_1	GCF_000018405.1_WP_012173899.1	60.241	419	414	99	415	161	3	2	414	1	413	0.0	607
lcl|NC_017455.1_prot_WP_014554119.1_1	GCF_000008445.1_WP_001053895.1	64.078	419	423	98	412	146	1	2	413	3	412	0.0	607
lcl|NC_017455.1_prot_WP_014554119.1_1	GCF_936269705.1_WP_250311063.1	56.595	419	450	99	417	176	3	2	414	34	449	0.0	606
lcl|NC_017455.1_prot_WP_014554119.1_1	GCF_023238245.1_WP_166847223.1	63.789	419	427	99	417	149	1	3	419	5	419	0.0	606
lcl|NC_017455.1_prot_WP_014554119.1_1	GCF_022559585.1_WP_241437853.1	55.981	419	421	99	418	178	3	2	414	4	420	0.0	606
lcl|NC_017455.1_prot_WP_014554119.1_1	GCF_022533465.1_WP_238310198.1	55.635	419	447	98	417	179	3	3	414	31	446	0.0	606
lcl|NC_017455.1_prot_WP_014554119.1_1	GCF_020447305.1_WP_274129660.1	53.461	419	427	99	419	189	3	2	415	10	427	0.0	606
lcl|NC_017455.1_prot_WP_014554119.1_1	GCF_018141025.1_WP_002123767.1	64.320	419	423	98	412	145	1	2	413	3	412	0.0	606
lcl|NC_017455.1_prot_WP_014554119.1_1	GCF_014623465.1_WP_111608085.1	57.416	419	421	99	418	172	3	2	414	1	417	0.0	606
lcl|NC_017455.1_prot_WP_014554119.1_1	GCF_013201075.1_WP_171836927.1	54.717	419	424	99	424	180	3	2	414	1	423	0.0	606
lcl|NC_017455.1_prot_WP_014554119.1_1	GCF_005116675.2_WP_136797738.1	57.212	419	416	99	416	174	3	2	414	1	415	0.0	606
lcl|NC_017455.1_prot_WP_014554119.1_1	GCF_004006435.1_WP_010332253.1	63.789	419	427	99	417	149	1	3	419	5	419	0.0	606
lcl|NC_017455.1_prot_WP_014554119.1_1	GCF_004001325.1_WP_127471509.1	56.563	419	418	99	419	176	3	2	415	1	418	0.0	606
lcl|NC_017455.1_prot_WP_014554119.1_1	GCF_002951835.1_WP_002642038.1	57.177	419	440	99	418	173	3	2	414	1	417	0.0	606
lcl|NC_017455.1_prot_WP_014554119.1_1	GCF_001584145.1_WP_014004861.1	55.847	419	420	99	419	179	3	2	415	1	418	0.0	606
lcl|NC_017455.1_prot_WP_014554119.1_1	GCF_001267255.1_WP_053100824.1	56.802	419	420	99	419	175	3	2	415	1	418	0.0	606
lcl|NC_017455.1_prot_WP_014554119.1_1	GCF_000769555.1_WP_003151107.1	63.309	419	428	99	417	151	1	3	419	5	419	0.0	606
lcl|NC_017455.1_prot_WP_014554119.1_1	GCF_000507245.1_WP_024267702.1	57.074	419	640	99	417	174	3	2	414	219	634	0.0	606
lcl|NC_017455.1_prot_WP_014554119.1_1	GCF_000300235.2_WP_007088512.1	57.619	419	420	99	420	170	3	2	414	1	419	0.0	606
lcl|NC_017455.1_prot_WP_014554119.1_1	GCF_000284615.1_WP_014420346.1	57.381	419	420	99	420	172	4	2	415	1	419	0.0	606
lcl|NC_017455.1_prot_WP_014554119.1_1	GCF_000013325.1_WP_011443783.1	55.609	419	418	99	419	180	3	2	415	1	418	0.0	606
lcl|NC_017455.1_prot_WP_014554119.1_1	GCF_900638385.1_WP_126598357.1	56.563	419	419	99	419	176	3	2	415	1	418	0.0	606
lcl|NC_017455.1_prot_WP_014554119.1_1	GCF_024297065.1_WP_254770306.1	55.742	419	421	99	418	179	3	2	414	4	420	0.0	606
lcl|NC_017455.1_prot_WP_014554119.1_1	GCF_018304805.1_WP_246604679.1	59.069	419	407	97	408	164	2	10	415	1	407	0.0	606
lcl|NC_017455.1_prot_WP_014554119.1_1	GCF_013409125.2_WP_090335975.1	56.802	419	419	99	419	175	3	2	415	1	418	0.0	606
lcl|NC_017455.1_prot_WP_014554119.1_1	GCF_011066545.1_WP_197705414.1	62.410	419	418	99	415	153	2	2	414	1	414	0.0	606
lcl|NC_017455.1_prot_WP_014554119.1_1	GCF_002356555.2_WP_096409831.1	56.905	419	419	99	420	174	4	2	415	1	419	0.0	606
lcl|NC_017455.1_prot_WP_014554119.1_1	GCF_002220155.1_WP_089169454.1	57.279	419	419	99	419	173	3	2	415	1	418	0.0	606
lcl|NC_017455.1_prot_WP_014554119.1_1	GCF_002216145.1_WP_089035324.1	55.263	419	420	99	418	181	3	2	414	1	417	0.0	606
lcl|NC_017455.1_prot_WP_014554119.1_1	GCF_002157855.1_WP_088019756.1	64.010	419	423	99	414	147	1	2	415	3	414	0.0	606
lcl|NC_017455.1_prot_WP_014554119.1_1	GCF_002074095.1_WP_003186053.1	63.789	419	427	99	417	149	1	3	419	5	419	0.0	606
lcl|NC_017455.1_prot_WP_014554119.1_1	GCF_001191605.1_WP_007497667.1	63.789	419	427	99	417	149	1	3	419	5	419	0.0	606
lcl|NC_017455.1_prot_WP_014554119.1_1	GCF_000260965.1_WP_014704973.1	56.563	419	419	99	419	176	3	2	415	1	418	0.0	606
lcl|NC_017455.1_prot_WP_014554119.1_1	GCF_000185985.2_WP_013516887.1	57.518	419	419	99	419	172	3	2	415	1	418	0.0	606
lcl|NC_017455.1_prot_WP_014554119.1_1	GCF_000023785.1_WP_041302518.1	54.545	419	418	99	418	184	3	2	414	1	417	0.0	606
lcl|NC_017455.1_prot_WP_014554119.1_1	GCF_000010985.1_WP_013006856.1	61.538	419	413	99	416	155	3	2	415	1	413	0.0	606
lcl|NC_017455.1_prot_WP_014554119.1_1	GCF_021650935.1_WP_236499081.1	57.757	419	419	99	419	171	3	2	415	1	418	0.0	605
lcl|NC_017455.1_prot_WP_014554119.1_1	GCF_020694005.1_WP_168824183.1	57.177	419	421	99	418	173	3	2	414	1	417	0.0	605
lcl|NC_017455.1_prot_WP_014554119.1_1	GCF_019933155.2_WP_223438660.1	64.216	419	427	97	408	144	1	3	410	5	410	0.0	605
lcl|NC_017455.1_prot_WP_014554119.1_1	GCF_019797925.1_WP_010378171.1	57.995	419	419	99	419	170	3	2	415	1	418	0.0	605
lcl|NC_017455.1_prot_WP_014554119.1_1	GCF_014297595.1_WP_135035084.1	55.502	419	419	99	418	180	3	2	414	1	417	0.0	605
lcl|NC_017455.1_prot_WP_014554119.1_1	GCF_014191545.1_WP_222876040.1	54.785	419	420	99	418	183	3	2	414	3	419	0.0	605
lcl|NC_017455.1_prot_WP_014554119.1_1	GCF_014055025.1_WP_007342493.1	55.024	419	419	99	418	182	3	2	414	1	417	0.0	605
lcl|NC_017455.1_prot_WP_014554119.1_1	GCF_013372285.1_WP_217909077.1	56.699	419	421	99	418	175	3	2	414	1	417	0.0	605
lcl|NC_017455.1_prot_WP_014554119.1_1	GCF_009720625.1_WP_136357188.1	63.942	419	423	99	416	148	1	3	418	5	418	0.0	605
lcl|NC_017455.1_prot_WP_014554119.1_1	GCF_005144885.1_WP_136960380.1	54.306	419	421	99	418	185	3	2	414	4	420	0.0	605
lcl|NC_017455.1_prot_WP_014554119.1_1	GCF_003606325.2_WP_005774324.1	55.981	419	421	99	418	178	3	2	414	4	420	0.0	605
lcl|NC_017455.1_prot_WP_014554119.1_1	GCF_002075795.1_WP_080916957.1	57.995	419	421	99	419	170	3	2	415	1	418	0.0	605
lcl|NC_017455.1_prot_WP_014554119.1_1	GCF_001618865.1_WP_257724466.1	59.615	419	461	99	416	165	2	2	415	46	460	0.0	605
lcl|NC_017455.1_prot_WP_014554119.1_1	GCF_001543305.1_WP_015273795.1	54.545	419	424	99	418	184	3	2	414	4	420	0.0	605
lcl|NC_017455.1_prot_WP_014554119.1_1	GCF_000202835.1_WP_007424843.1	54.245	419	424	99	424	182	3	2	414	1	423	0.0	605
lcl|NC_017455.1_prot_WP_014554119.1_1	GCF_900343015.1_WP_121463356.1	56.802	419	419	99	419	175	3	2	415	1	418	0.0	605
lcl|NC_017455.1_prot_WP_014554119.1_1	GCF_024347275.1_WP_019622778.1	56.802	419	419	99	419	175	3	2	415	1	418	0.0	605
lcl|NC_017455.1_prot_WP_014554119.1_1	GCF_022701215.1_WP_242746368.1	57.518	419	420	99	419	172	3	2	415	1	418	0.0	605
lcl|NC_017455.1_prot_WP_014554119.1_1	GCF_020162295.1_WP_097114988.1	56.699	419	454	99	418	175	3	2	414	1	417	0.0	605
lcl|NC_017455.1_prot_WP_014554119.1_1	GCF_018982885.2_WP_216710280.1	52.871	419	418	99	418	191	3	2	414	1	417	0.0	605
lcl|NC_017455.1_prot_WP_014554119.1_1	GCF_016772315.1_WP_202716000.1	57.757	419	419	99	419	171	3	2	415	1	418	0.0	605
lcl|NC_017455.1_prot_WP_014554119.1_1	GCF_008630635.1_WP_138988075.1	57.041	419	419	99	419	174	3	2	415	1	418	0.0	605
lcl|NC_017455.1_prot_WP_014554119.1_1	GCF_002813775.1_WP_100919563.1	59.330	419	418	99	418	164	3	2	414	1	417	0.0	605
lcl|NC_017455.1_prot_WP_014554119.1_1	GCF_001857925.1_WP_008354975.1	63.549	419	427	99	417	150	1	3	419	5	419	0.0	605
lcl|NC_017455.1_prot_WP_014554119.1_1	GCF_001444405.1_WP_058028397.1	57.757	419	419	99	419	171	3	2	415	1	418	0.0	605
lcl|NC_017455.1_prot_WP_014554119.1_1	GCF_000828635.1_WP_041097986.1	55.847	419	419	99	419	179	3	2	415	1	418	0.0	605
lcl|NC_017455.1_prot_WP_014554119.1_1	GCF_000757795.1_WP_043386160.1	55.396	419	449	98	417	180	3	3	414	33	448	0.0	605
lcl|NC_017455.1_prot_WP_014554119.1_1	GCF_000521725.1_WP_015431785.1	56.905	419	420	99	420	174	4	2	415	1	419	0.0	605
lcl|NC_017455.1_prot_WP_014554119.1_1	GCF_000504585.2_WP_023596554.1	56.563	419	420	99	419	176	3	2	415	1	418	0.0	605
lcl|NC_017455.1_prot_WP_014554119.1_1	GCF_000473245.1_WP_009792602.1	65.037	419	424	98	409	141	1	2	410	3	409	0.0	605
lcl|NC_017455.1_prot_WP_014554119.1_1	GCF_000019725.1_WP_012321209.1	55.396	419	428	98	417	180	3	3	414	12	427	0.0	605
lcl|NC_017455.1_prot_WP_014554119.1_1	GCF_000014865.1_WP_041640534.1	59.472	419	417	99	417	164	3	2	414	1	416	0.0	605
lcl|NC_017455.1_prot_WP_014554119.1_1	GCF_900638635.1_WP_126602128.1	56.220	419	421	99	418	177	3	2	414	4	420	0.0	605
lcl|NC_017455.1_prot_WP_014554119.1_1	GCF_025985205.1_WP_112742592.1	56.802	419	418	99	419	175	3	2	415	1	418	0.0	605
lcl|NC_017455.1_prot_WP_014554119.1_1	GCF_023573565.1_WP_249749357.1	54.785	419	470	99	418	183	3	2	414	53	469	0.0	605
lcl|NC_017455.1_prot_WP_014554119.1_1	GCF_022354425.1_WP_249451553.1	56.459	419	447	99	418	176	3	2	414	1	417	0.0	605
lcl|NC_017455.1_prot_WP_014554119.1_1	GCF_021029445.1_WP_147810148.1	57.041	419	419	99	419	174	3	2	415	1	418	0.0	605
lcl|NC_017455.1_prot_WP_014554119.1_1	GCF_020510525.1_WP_226443021.1	54.415	419	419	99	419	185	3	2	415	1	418	0.0	605
lcl|NC_017455.1_prot_WP_014554119.1_1	GCF_020217465.1_WP_043332997.1	56.325	419	419	99	419	177	3	2	415	1	418	0.0	605
lcl|NC_017455.1_prot_WP_014554119.1_1	GCF_018739485.1_WP_002016308.1	64.078	419	423	98	412	146	1	2	413	3	412	0.0	605
lcl|NC_017455.1_prot_WP_014554119.1_1	GCF_018326425.1_WP_212775236.1	66.102	419	420	99	413	137	2	2	414	1	410	0.0	605
lcl|NC_017455.1_prot_WP_014554119.1_1	GCF_017654485.1_WP_207448033.1	54.953	419	424	99	424	179	3	2	414	1	423	0.0	605
lcl|NC_017455.1_prot_WP_014554119.1_1	GCF_007995155.1_WP_057772805.1	64.792	419	422	98	409	142	1	2	410	3	409	0.0	605
lcl|NC_017455.1_prot_WP_014554119.1_1	GCF_004295345.1_WP_130600807.1	57.518	419	421	99	419	172	3	2	415	1	418	0.0	605
lcl|NC_017455.1_prot_WP_014554119.1_1	GCF_003966755.1_WP_126323277.1	57.820	419	421	99	422	169	4	2	415	1	421	0.0	605
lcl|NC_017455.1_prot_WP_014554119.1_1	GCF_002116735.1_WP_085681702.1	57.143	419	420	99	420	173	4	2	415	1	419	0.0	605
lcl|NC_017455.1_prot_WP_014554119.1_1	GCF_001922305.1_WP_268810516.1	56.490	419	419	98	416	175	3	4	414	1	415	0.0	605
lcl|NC_017455.1_prot_WP_014554119.1_1	GCF_001534665.1_WP_066284046.1	56.563	419	419	99	419	176	3	2	415	1	418	0.0	605
lcl|NC_017455.1_prot_WP_014554119.1_1	GCF_001043175.1_WP_048384218.1	56.667	419	420	99	420	175	4	2	415	1	419	0.0	605
lcl|NC_017455.1_prot_WP_014554119.1_1	GCF_000512205.2_WP_025294790.1	54.415	419	418	99	419	185	3	2	415	1	418	0.0	605
lcl|NC_017455.1_prot_WP_014554119.1_1	GCF_000242455.2_WP_237722770.1	57.416	419	419	99	418	172	3	2	414	1	417	0.0	605
lcl|NC_017455.1_prot_WP_014554119.1_1	GCF_000022725.1_WP_015857121.1	55.502	419	421	99	418	180	3	2	414	4	420	0.0	605
lcl|NC_017455.1_prot_WP_014554119.1_1	GCF_019856495.1_WP_222822883.1	64.951	419	422	97	408	140	2	2	409	5	409	0.0	604
lcl|NC_017455.1_prot_WP_014554119.1_1	GCF_019285595.1_WP_218813913.1	57.820	419	421	99	422	169	4	2	415	1	421	0.0	604
lcl|NC_017455.1_prot_WP_014554119.1_1	GCF_017607425.1_WP_012049038.1	54.654	419	418	99	419	184	3	2	415	1	418	0.0	604
lcl|NC_017455.1_prot_WP_014554119.1_1	GCF_015476235.1_WP_104356542.1	55.370	419	420	99	419	181	3	2	415	1	418	0.0	604
lcl|NC_017455.1_prot_WP_014554119.1_1	GCF_013376475.1_WP_176630821.1	58.654	419	415	99	416	169	2	2	415	1	415	0.0	604
lcl|NC_017455.1_prot_WP_014554119.1_1	GCF_011057975.1_WP_165325539.1	53.938	419	418	99	419	187	3	2	415	1	418	0.0	604
lcl|NC_017455.1_prot_WP_014554119.1_1	GCF_009937995.1_WP_162085740.1	57.656	419	420	99	418	171	3	2	414	1	417	0.0	604
lcl|NC_017455.1_prot_WP_014554119.1_1	GCF_003008515.1_WP_106751115.1	54.306	419	421	99	418	185	3	2	414	4	420	0.0	604
lcl|NC_017455.1_prot_WP_014554119.1_1	GCF_002706795.1_WP_018669717.1	65.770	419	430	98	409	137	2	2	410	1	406	0.0	604
lcl|NC_017455.1_prot_WP_014554119.1_1	GCF_002355275.1_WP_066960023.1	54.177	419	418	99	419	186	3	2	415	1	418	0.0	604
lcl|NC_017455.1_prot_WP_014554119.1_1	GCF_001186155.3_WP_049692932.1	64.806	419	427	98	412	143	1	2	413	4	413	0.0	604
lcl|NC_017455.1_prot_WP_014554119.1_1	GCF_001017775.3_WP_047214316.1	56.563	419	420	99	419	176	3	2	415	1	418	0.0	604
lcl|NC_017455.1_prot_WP_014554119.1_1	GCF_000807775.2_WP_039374656.1	55.847	419	420	99	419	179	3	2	415	1	418	0.0	604
lcl|NC_017455.1_prot_WP_014554119.1_1	GCF_000612965.1_WP_034448516.1	55.742	419	421	99	418	179	3	2	414	4	420	0.0	604
lcl|NC_017455.1_prot_WP_014554119.1_1	GCF_000503895.1_WP_023785809.1	54.067	419	421	99	418	186	3	2	414	4	420	0.0	604
lcl|NC_017455.1_prot_WP_014554119.1_1	GCF_000498655.1_WP_011241711.1	53.828	419	418	99	418	187	3	2	414	1	417	0.0	604
lcl|NC_017455.1_prot_WP_014554119.1_1	GCF_000196435.1_WP_012232634.1	55.742	419	421	99	418	179	3	2	414	4	420	0.0	604
lcl|NC_017455.1_prot_WP_014554119.1_1	GCF_000021325.1_WP_012224423.1	54.943	419	435	99	435	173	3	2	414	1	434	0.0	604
lcl|NC_017455.1_prot_WP_014554119.1_1	GCF_000021045.1_WP_012703208.1	57.279	419	419	99	419	173	3	2	415	1	418	0.0	604
lcl|NC_017455.1_prot_WP_014554119.1_1	GCF_016919705.1_WP_205294051.1	55.131	419	423	99	419	182	3	2	415	6	423	0.0	604
lcl|NC_017455.1_prot_WP_014554119.1_1	GCF_014054985.1_WP_003795875.1	56.699	419	475	99	418	175	3	2	414	1	417	0.0	604
lcl|NC_017455.1_prot_WP_014554119.1_1	GCF_009938305.1_WP_162049588.1	54.893	419	419	99	419	183	3	2	415	1	418	0.0	604
lcl|NC_017455.1_prot_WP_014554119.1_1	GCF_009363155.1_WP_152388336.1	57.279	419	419	99	419	173	3	2	415	1	418	0.0	604
lcl|NC_017455.1_prot_WP_014554119.1_1	GCF_008931805.1_WP_019442730.1	57.995	419	421	99	419	170	3	2	415	1	418	0.0	604
lcl|NC_017455.1_prot_WP_014554119.1_1	GCF_001647695.1_WP_064082038.1	57.143	419	420	99	420	173	4	2	415	1	419	0.0	604
lcl|NC_017455.1_prot_WP_014554119.1_1	GCF_001465795.2_WP_058382950.1	64.010	419	427	99	414	147	1	2	415	4	415	0.0	604
lcl|NC_017455.1_prot_WP_014554119.1_1	GCF_001444425.1_WP_058020619.1	58.473	419	419	99	419	168	3	2	415	1	418	0.0	604
lcl|NC_017455.1_prot_WP_014554119.1_1	GCF_001414055.1_WP_062151843.1	52.392	419	469	99	418	193	3	2	414	52	468	0.0	604
lcl|NC_017455.1_prot_WP_014554119.1_1	GCF_000277165.1_WP_004597794.1	56.057	419	457	99	421	177	3	1	414	29	448	0.0	604
lcl|NC_017455.1_prot_WP_014554119.1_1	GCF_000233715.2_WP_006522301.1	65.207	419	428	98	411	142	1	2	412	1	410	0.0	604
lcl|NC_017455.1_prot_WP_014554119.1_1	GCF_000226315.1_WP_014101577.1	55.131	419	418	99	419	182	4	2	415	1	418	0.0	604
lcl|NC_017455.1_prot_WP_014554119.1_1	GCF_000192865.1_WP_013662578.1	56.938	419	421	99	418	174	3	2	414	1	417	0.0	604
lcl|NC_017455.1_prot_WP_014554119.1_1	GCF_000083545.1_WP_012752496.1	55.635	419	447	98	417	179	3	3	414	31	446	0.0	604
lcl|NC_017455.1_prot_WP_014554119.1_1	GCF_024347215.1_WP_261842584.1	56.802	419	419	99	419	175	3	2	415	1	418	0.0	603
lcl|NC_017455.1_prot_WP_014554119.1_1	GCF_022809775.1_WP_243545355.1	58.413	419	435	99	416	170	2	2	415	21	435	0.0	603
lcl|NC_017455.1_prot_WP_014554119.1_1	GCF_019443285.1_WP_219894543.1	53.938	419	418	99	419	187	3	2	415	1	418	0.0	603
lcl|NC_017455.1_prot_WP_014554119.1_1	GCF_016906065.1_WP_114413491.1	57.416	419	421	99	418	172	3	2	414	1	417	0.0	603
lcl|NC_017455.1_prot_WP_014554119.1_1	GCF_013378075.1_WP_176869952.1	53.699	419	418	99	419	188	3	2	415	1	418	0.0	603
lcl|NC_017455.1_prot_WP_014554119.1_1	GCF_013003985.1_WP_171160773.1	56.325	419	418	99	419	175	4	2	415	1	416	0.0	603
lcl|NC_017455.1_prot_WP_014554119.1_1	GCF_011455695.1_WP_027075250.1	55.952	419	420	99	420	178	4	2	415	1	419	0.0	603
lcl|NC_017455.1_prot_WP_014554119.1_1	GCF_011044255.1_WP_165323420.1	54.545	419	418	99	418	184	3	2	414	1	417	0.0	603
lcl|NC_017455.1_prot_WP_014554119.1_1	GCF_008824185.1_WP_024842822.1	54.893	419	423	99	419	183	3	2	415	6	423	0.0	603
lcl|NC_017455.1_prot_WP_014554119.1_1	GCF_008001235.1_WP_147820502.1	58.173	419	426	99	416	171	2	2	415	12	426	0.0	603
lcl|NC_017455.1_prot_WP_014554119.1_1	GCF_005671335.1_WP_010899906.1	64.649	419	423	99	413	144	1	3	415	4	414	0.0	603
lcl|NC_017455.1_prot_WP_014554119.1_1	GCF_003431825.1_WP_054135170.1	54.177	419	418	99	419	186	3	2	415	1	418	0.0	603
lcl|NC_017455.1_prot_WP_014554119.1_1	GCF_003173755.1_WP_109960689.1	55.396	419	437	98	417	180	4	3	414	21	436	0.0	603
lcl|NC_017455.1_prot_WP_014554119.1_1	GCF_002355375.1_WP_096467600.1	62.864	419	424	98	412	150	2	2	413	3	411	0.0	603
lcl|NC_017455.1_prot_WP_014554119.1_1	GCF_001888185.1_WP_072506078.1	54.067	419	423	99	418	186	3	2	414	6	422	0.0	603
lcl|NC_017455.1_prot_WP_014554119.1_1	GCF_001787355.1_WP_029604999.1	54.779	419	429	99	429	177	3	2	414	1	428	0.0	603
lcl|NC_017455.1_prot_WP_014554119.1_1	GCF_000826835.2_WP_014876396.1	54.306	419	423	99	418	185	3	2	414	6	422	0.0	603
lcl|NC_017455.1_prot_WP_014554119.1_1	GCF_000733715.2_WP_004373327.1	56.802	419	419	99	419	175	3	2	415	1	418	0.0	603
lcl|NC_017455.1_prot_WP_014554119.1_1	GCF_000583855.1_WP_011252631.1	54.734	419	433	99	433	175	3	2	414	1	432	0.0	603
lcl|NC_017455.1_prot_WP_014554119.1_1	GCF_000025725.1_WP_013011567.1	61.353	419	413	98	414	155	3	2	413	1	411	0.0	603
lcl|NC_017455.1_prot_WP_014554119.1_1	GCF_900187105.1_WP_003823056.1	56.220	419	419	99	418	177	3	2	414	1	417	0.0	603
lcl|NC_017455.1_prot_WP_014554119.1_1	GCF_024347255.1_WP_091354829.1	57.279	419	419	99	419	173	3	2	415	1	418	0.0	603
lcl|NC_017455.1_prot_WP_014554119.1_1	GCF_023920085.1_WP_004856222.1	56.220	419	421	99	418	177	3	2	414	4	420	0.0	603
lcl|NC_017455.1_prot_WP_014554119.1_1	GCF_023822065.1_WP_252168038.1	53.699	419	418	99	419	188	3	2	415	1	418	0.0	603
lcl|NC_017455.1_prot_WP_014554119.1_1	GCF_021654855.1_WP_237261747.1	56.699	419	418	99	418	175	3	2	414	1	417	0.0	603
lcl|NC_017455.1_prot_WP_014554119.1_1	GCF_021391395.1_WP_233784644.1	53.699	419	418	99	419	188	3	2	415	1	418	0.0	603
lcl|NC_017455.1_prot_WP_014554119.1_1	GCF_021117385.1_WP_231350411.1	55.582	419	594	99	421	180	4	1	415	175	594	0.0	603
lcl|NC_017455.1_prot_WP_014554119.1_1	GCF_017915135.1_WP_037052884.1	57.041	419	419	99	419	174	3	2	415	1	418	0.0	603
lcl|NC_017455.1_prot_WP_014554119.1_1	GCF_017347565.1_WP_048461698.1	55.396	419	437	98	417	180	4	3	414	21	436	0.0	603
lcl|NC_017455.1_prot_WP_014554119.1_1	GCF_016743795.2_WP_011271094.1	56.057	419	458	99	421	177	3	1	414	30	449	0.0	603
lcl|NC_017455.1_prot_WP_014554119.1_1	GCF_009936175.1_WP_011179970.1	55.981	419	421	99	418	178	3	2	414	4	420	0.0	603
lcl|NC_017455.1_prot_WP_014554119.1_1	GCF_004135935.1_WP_115835293.1	56.086	419	422	99	419	177	4	2	414	4	421	0.0	603
lcl|NC_017455.1_prot_WP_014554119.1_1	GCF_002951935.1_WP_036655785.1	64.407	419	428	99	413	144	2	2	414	3	412	0.0	603
lcl|NC_017455.1_prot_WP_014554119.1_1	GCF_000818095.1_WP_039811607.1	63.789	419	424	99	417	149	1	2	418	4	418	0.0	603
lcl|NC_017455.1_prot_WP_014554119.1_1	GCF_000511385.1_WP_040104304.1	54.306	419	423	99	418	185	3	2	414	6	422	0.0	603
lcl|NC_017455.1_prot_WP_014554119.1_1	GCF_000024205.1_WP_083773329.1	66.993	419	438	98	409	134	1	2	410	3	410	0.0	603
lcl|NC_017455.1_prot_WP_014554119.1_1	GCF_016757795.1_WP_141352803.1	54.965	419	433	99	433	174	3	2	414	1	432	0.0	603
lcl|NC_017455.1_prot_WP_014554119.1_1	GCF_014466985.1_WP_187647915.1	55.663	419	451	99	415	181	2	3	415	36	449	0.0	603
lcl|NC_017455.1_prot_WP_014554119.1_1	GCF_008805035.1_WP_067439618.1	56.220	419	419	99	418	177	3	2	414	1	417	0.0	603
lcl|NC_017455.1_prot_WP_014554119.1_1	GCF_004785625.2_WP_135815250.1	64.269	419	427	99	417	147	1	2	418	4	418	0.0	603
lcl|NC_017455.1_prot_WP_014554119.1_1	GCF_003173735.1_WP_109950107.1	55.396	419	450	98	417	180	3	3	414	34	449	0.0	603
lcl|NC_017455.1_prot_WP_014554119.1_1	GCF_001941945.1_WP_019461381.1	54.333	419	427	99	427	180	3	2	414	1	426	0.0	603
lcl|NC_017455.1_prot_WP_014554119.1_1	GCF_001687565.2_WP_006829250.1	65.049	419	427	98	412	142	1	2	413	4	413	0.0	603
lcl|NC_017455.1_prot_WP_014554119.1_1	GCF_000935025.1_WP_044334591.1	54.177	419	418	99	419	186	3	2	415	1	418	0.0	603
lcl|NC_017455.1_prot_WP_014554119.1_1	GCF_000283915.1_WP_012148688.1	55.819	419	458	99	421	178	3	1	414	30	449	0.0	603
lcl|NC_017455.1_prot_WP_014554119.1_1	GCF_000093065.1_WP_013087676.1	57.041	419	419	99	419	174	3	2	415	1	418	0.0	603
lcl|NC_017455.1_prot_WP_014554119.1_1	GCF_026651605.1_WP_268044283.1	64.407	419	429	98	413	142	3	2	413	1	409	0.0	602
lcl|NC_017455.1_prot_WP_014554119.1_1	GCF_020510565.1_WP_226498145.1	54.654	419	419	99	419	184	3	2	415	1	418	0.0	602
lcl|NC_017455.1_prot_WP_014554119.1_1	GCF_014843995.1_WP_048858749.1	54.503	419	433	99	433	176	3	2	414	1	432	0.0	602
lcl|NC_017455.1_prot_WP_014554119.1_1	GCF_013368775.1_WP_036809756.1	64.748	419	427	99	417	145	1	2	418	4	418	0.0	602
lcl|NC_017455.1_prot_WP_014554119.1_1	GCF_004117095.1_WP_009671576.1	64.407	419	430	99	413	144	2	2	414	3	412	0.0	602
lcl|NC_017455.1_prot_WP_014554119.1_1	GCF_003660165.1_WP_121153235.1	54.545	419	418	99	418	184	3	2	414	1	417	0.0	602
lcl|NC_017455.1_prot_WP_014554119.1_1	GCF_002776555.1_WP_100114892.1	56.325	419	420	99	419	177	3	2	415	1	418	0.0	602
lcl|NC_017455.1_prot_WP_014554119.1_1	GCF_002005485.1_WP_062032614.1	54.734	419	433	99	433	175	3	2	414	1	432	0.0	602
lcl|NC_017455.1_prot_WP_014554119.1_1	GCF_001687605.2_WP_068870068.1	64.493	419	427	99	414	145	1	2	415	4	415	0.0	602
lcl|NC_017455.1_prot_WP_014554119.1_1	GCF_001586155.1_WP_009615070.1	56.563	419	420	99	419	176	3	2	415	1	418	0.0	602
lcl|NC_017455.1_prot_WP_014554119.1_1	GCF_001267925.1_WP_053196117.1	55.609	419	422	99	419	180	3	2	415	1	418	0.0	602
lcl|NC_017455.1_prot_WP_014554119.1_1	GCF_000815105.2_WP_039399112.1	56.325	419	420	99	419	177	3	2	415	1	418	0.0	602
lcl|NC_017455.1_prot_WP_014554119.1_1	GCF_000521695.1_WP_025217759.1	55.952	419	420	99	420	178	4	2	415	1	419	0.0	602
lcl|NC_017455.1_prot_WP_014554119.1_1	GCF_000203895.1_WP_041529676.1	54.893	419	423	99	419	183	3	2	415	6	423	0.0	602
lcl|NC_017455.1_prot_WP_014554119.1_1	GCF_020906275.1_WP_229954897.1	53.461	419	418	99	419	189	3	2	415	1	418	0.0	602
lcl|NC_017455.1_prot_WP_014554119.1_1	GCF_016858125.1_WP_203386927.1	55.981	419	420	99	418	178	3	2	414	1	417	0.0	602
lcl|NC_017455.1_prot_WP_014554119.1_1	GCF_016656965.1_WP_201101956.1	54.306	419	470	99	418	185	3	2	414	53	469	0.0	602
lcl|NC_017455.1_prot_WP_014554119.1_1	GCF_009685195.1_WP_026016056.1	55.981	419	421	99	418	178	3	2	414	4	420	0.0	602
lcl|NC_017455.1_prot_WP_014554119.1_1	GCF_009498695.1_WP_011807238.1	55.502	419	421	99	418	180	3	2	414	4	420	0.0	602
lcl|NC_017455.1_prot_WP_014554119.1_1	GCF_005887635.2_WP_170317601.1	54.654	419	427	99	419	184	3	2	415	10	427	0.0	602
lcl|NC_017455.1_prot_WP_014554119.1_1	GCF_002847445.1_WP_101754340.1	55.131	419	423	99	419	182	3	2	415	6	423	0.0	602
lcl|NC_017455.1_prot_WP_014554119.1_1	GCF_002285575.1_WP_006253583.1	56.190	419	420	99	420	177	4	2	415	1	419	0.0	602
lcl|NC_017455.1_prot_WP_014554119.1_1	GCF_002117445.1_WP_085787058.1	54.545	419	424	99	418	184	3	2	414	7	423	0.0	602
lcl|NC_017455.1_prot_WP_014554119.1_1	GCF_001399515.1_WP_013385476.1	54.785	419	424	99	418	183	3	2	414	7	423	0.0	602
lcl|NC_017455.1_prot_WP_014554119.1_1	GCF_000319385.1_WP_015089209.1	56.086	419	419	99	419	177	3	2	414	1	418	0.0	602
lcl|NC_017455.1_prot_WP_014554119.1_1	GCF_000284155.1_WP_014412702.1	55.819	419	458	99	421	178	3	1	414	30	449	0.0	602
lcl|NC_017455.1_prot_WP_014554119.1_1	GCF_000214215.1_WP_013797514.1	55.981	419	421	99	418	178	3	2	414	1	417	0.0	602
lcl|NC_017455.1_prot_WP_014554119.1_1	GCF_000015285.1_WP_011771431.1	57.656	419	422	99	418	171	3	2	414	1	417	0.0	602
lcl|NC_017455.1_prot_WP_014554119.1_1	GCF_000013985.1_WP_011543114.1	52.983	419	418	99	419	191	3	2	415	1	418	0.0	602
lcl|NC_017455.1_prot_WP_014554119.1_1	GCF_020866845.1_WP_228948358.1	54.177	419	418	99	419	186	3	2	415	1	418	0.0	602
lcl|NC_017455.1_prot_WP_014554119.1_1	GCF_013267435.1_WP_016202506.1	64.059	419	424	98	409	145	1	2	410	3	409	0.0	602
lcl|NC_017455.1_prot_WP_014554119.1_1	GCF_005885815.1_WP_138565631.1	56.563	419	418	99	419	176	3	2	415	1	418	0.0	602
lcl|NC_017455.1_prot_WP_014554119.1_1	GCF_003991135.1_WP_236777936.1	74.396	419	416	99	414	106	0	2	415	1	414	0.0	602
lcl|NC_017455.1_prot_WP_014554119.1_1	GCF_003114835.2_WP_109018551.1	56.145	419	468	99	415	179	2	2	414	53	466	0.0	602
lcl|NC_017455.1_prot_WP_014554119.1_1	GCF_002749495.1_WP_028719609.1	54.893	419	423	99	419	183	3	2	415	6	423	0.0	602
lcl|NC_017455.1_prot_WP_014554119.1_1	GCF_002250055.1_WP_066422009.1	65.037	419	422	98	409	141	1	2	410	3	409	0.0	602
lcl|NC_017455.1_prot_WP_014554119.1_1	GCF_000284075.1_WP_014408674.1	55.819	419	457	99	421	178	3	1	414	29	448	0.0	602
lcl|NC_017455.1_prot_WP_014554119.1_1	GCF_000021865.1_WP_013065812.1	55.263	419	422	99	418	181	3	2	414	5	421	0.0	602
lcl|NC_017455.1_prot_WP_014554119.1_1	GCF_904848165.1_WP_201498527.1	56.325	419	422	99	419	177	3	2	415	1	418	0.0	601
lcl|NC_017455.1_prot_WP_014554119.1_1	GCF_021545825.1_WP_027490482.1	55.582	419	599	99	421	180	4	1	415	180	599	0.0	601
lcl|NC_017455.1_prot_WP_014554119.1_1	GCF_021491915.1_WP_234854424.1	55.609	419	423	99	419	180	3	2	415	6	423	0.0	601
lcl|NC_017455.1_prot_WP_014554119.1_1	GCF_016028775.1_WP_066886249.1	57.041	419	418	99	419	174	3	2	415	1	418	0.0	601
lcl|NC_017455.1_prot_WP_014554119.1_1	GCF_012516475.1_WP_168819852.1	53.461	419	418	99	419	189	4	2	415	1	418	0.0	601
lcl|NC_017455.1_prot_WP_014554119.1_1	GCF_007859635.1_WP_146573804.1	54.654	419	418	99	419	184	3	2	415	1	418	0.0	601
lcl|NC_017455.1_prot_WP_014554119.1_1	GCF_004293625.1_WP_130538236.1	57.857	419	419	99	420	170	4	2	415	1	419	0.0	601
lcl|NC_017455.1_prot_WP_014554119.1_1	GCF_003932735.1_WP_125216020.1	55.288	419	460	98	416	180	3	4	414	45	459	0.0	601
lcl|NC_017455.1_prot_WP_014554119.1_1	GCF_002009235.1_WP_071153046.1	65.049	419	427	98	412	142	1	2	413	4	413	0.0	601
lcl|NC_017455.1_prot_WP_014554119.1_1	GCF_002005465.1_WP_077807010.1	54.545	419	429	99	429	178	3	2	414	1	428	0.0	601
lcl|NC_017455.1_prot_WP_014554119.1_1	GCF_001687625.2_WP_068464188.1	64.010	419	427	99	414	147	1	2	415	4	415	0.0	601
lcl|NC_017455.1_prot_WP_014554119.1_1	GCF_000376545.2_WP_005616140.1	54.545	419	423	99	418	184	3	2	414	6	422	0.0	601
lcl|NC_017455.1_prot_WP_014554119.1_1	GCF_000023445.1_WP_015852797.1	58.937	419	424	98	414	167	2	2	413	10	422	0.0	601
lcl|NC_017455.1_prot_WP_014554119.1_1	GCF_019930585.1_WP_223797849.1	53.461	419	418	99	419	189	3	2	415	1	418	0.0	601
lcl|NC_017455.1_prot_WP_014554119.1_1	GCF_017355405.1_WP_207419549.1	54.717	419	424	99	424	180	3	2	414	1	423	0.0	601
lcl|NC_017455.1_prot_WP_014554119.1_1	GCF_015100395.1_WP_234697149.1	55.663	419	436	99	415	181	2	3	415	21	434	0.0	601
lcl|NC_017455.1_prot_WP_014554119.1_1	GCF_009828705.1_WP_159630976.1	56.667	419	420	99	420	175	4	2	415	1	419	0.0	601
lcl|NC_017455.1_prot_WP_014554119.1_1	GCF_009728935.1_WP_155704339.1	64.734	419	469	99	414	143	2	2	415	4	414	0.0	601
lcl|NC_017455.1_prot_WP_014554119.1_1	GCF_003970735.1_WP_109759205.1	53.938	419	422	99	419	187	3	2	415	5	422	0.0	601
lcl|NC_017455.1_prot_WP_014554119.1_1	GCF_002795845.1_WP_100255676.1	57.416	419	418	99	418	172	3	2	414	1	417	0.0	601
lcl|NC_017455.1_prot_WP_014554119.1_1	GCF_002085925.2_WP_078522665.1	54.545	419	423	99	418	184	3	2	414	6	422	0.0	601
lcl|NC_017455.1_prot_WP_014554119.1_1	GCF_001956985.1_WP_237170896.1	57.416	419	418	99	418	172	3	2	414	1	417	0.0	601
lcl|NC_017455.1_prot_WP_014554119.1_1	GCF_001547995.1_WP_023978877.1	53.828	419	431	99	431	180	4	2	414	1	430	0.0	601
lcl|NC_017455.1_prot_WP_014554119.1_1	GCF_001465545.3_WP_042115527.1	55.847	419	420	99	419	179	3	2	415	1	418	0.0	601
lcl|NC_017455.1_prot_WP_014554119.1_1	GCF_000764535.1_WP_038664639.1	53.938	419	418	99	419	187	3	2	415	1	418	0.0	601
lcl|NC_017455.1_prot_WP_014554119.1_1	GCF_000734015.1_WP_038060818.1	56.699	419	417	99	418	176	4	2	415	1	417	0.0	601
lcl|NC_017455.1_prot_WP_014554119.1_1	GCF_000242595.2_WP_014455971.1	59.233	419	593	99	417	165	3	2	414	172	587	0.0	601
lcl|NC_017455.1_prot_WP_014554119.1_1	GCF_000019845.1_WP_012386472.1	56.086	419	422	99	419	177	4	2	414	4	421	0.0	601
lcl|NC_017455.1_prot_WP_014554119.1_1	GCF_900478165.1_WP_066143950.1	65.281	419	427	98	409	140	1	2	410	4	410	0.0	600
lcl|NC_017455.1_prot_WP_014554119.1_1	GCF_022394675.1_WP_034315849.1	63.070	419	429	99	417	152	1	2	418	3	417	0.0	600
lcl|NC_017455.1_prot_WP_014554119.1_1	GCF_019343455.1_WP_003799272.1	54.415	419	418	99	419	185	3	2	415	1	418	0.0	600
lcl|NC_017455.1_prot_WP_014554119.1_1	GCF_016743815.1_WP_202093376.1	53.461	419	418	99	419	189	3	2	415	1	418	0.0	600
lcl|NC_017455.1_prot_WP_014554119.1_1	GCF_016027095.1_WP_007405231.1	53.461	419	418	99	419	189	3	2	415	1	418	0.0	600
lcl|NC_017455.1_prot_WP_014554119.1_1	GCF_015097055.1_WP_200757886.1	65.133	419	422	99	413	141	2	2	414	1	410	0.0	600
lcl|NC_017455.1_prot_WP_014554119.1_1	GCF_014701235.1_WP_203473720.1	58.753	419	416	99	417	168	3	2	415	1	416	0.0	600
lcl|NC_017455.1_prot_WP_014554119.1_1	GCF_012971725.1_WP_015475046.1	56.086	419	420	99	419	178	3	2	415	1	418	0.0	600
lcl|NC_017455.1_prot_WP_014554119.1_1	GCF_008727795.1_WP_036524738.1	57.757	419	419	99	419	171	3	2	415	1	418	0.0	600
lcl|NC_017455.1_prot_WP_014554119.1_1	GCF_002355855.1_WP_066517188.1	53.461	419	418	99	419	189	3	2	415	1	418	0.0	600
lcl|NC_017455.1_prot_WP_014554119.1_1	GCF_001687665.2_WP_065525518.1	65.291	419	427	98	412	141	1	2	413	4	413	0.0	600
lcl|NC_017455.1_prot_WP_014554119.1_1	GCF_000954135.1_WP_045786554.1	55.370	419	420	99	419	181	3	2	415	1	418	0.0	600
lcl|NC_017455.1_prot_WP_014554119.1_1	GCF_000803645.1_WP_039578193.1	52.983	419	418	99	419	191	3	2	415	1	418	0.0	600
lcl|NC_017455.1_prot_WP_014554119.1_1	GCF_028553745.1_WP_089344818.1	55.131	419	423	99	419	182	3	2	415	6	423	0.0	600
lcl|NC_017455.1_prot_WP_014554119.1_1	GCF_028553725.1_WP_090611159.1	54.177	419	423	99	419	186	3	2	415	6	423	0.0	600
lcl|NC_017455.1_prot_WP_014554119.1_1	GCF_026230175.1_WP_265828262.1	56.595	419	489	99	417	177	3	2	415	74	489	0.0	600
lcl|NC_017455.1_prot_WP_014554119.1_1	GCF_017792025.1_WP_209366007.1	62.053	419	428	99	419	155	2	2	418	4	420	0.0	600
lcl|NC_017455.1_prot_WP_014554119.1_1	GCF_016724865.1_WP_040372805.1	62.802	419	425	99	414	152	1	2	415	3	414	0.0	600
lcl|NC_017455.1_prot_WP_014554119.1_1	GCF_014805825.1_WP_191602268.1	57.177	419	421	99	418	173	3	2	414	1	417	0.0	600
lcl|NC_017455.1_prot_WP_014554119.1_1	GCF_010450875.1_WP_163957295.1	53.938	419	418	99	419	187	3	2	415	1	418	0.0	600
lcl|NC_017455.1_prot_WP_014554119.1_1	GCF_007954425.1_WP_147089728.1	54.654	419	418	99	419	184	3	2	415	1	418	0.0	600
lcl|NC_017455.1_prot_WP_014554119.1_1	GCF_006542355.1_WP_141460332.1	54.419	419	430	99	430	178	3	2	414	1	429	0.0	600
lcl|NC_017455.1_prot_WP_014554119.1_1	GCF_002804065.1_WP_100669012.1	66.828	419	418	99	413	134	2	2	414	1	410	0.0	600
lcl|NC_017455.1_prot_WP_014554119.1_1	GCF_002173515.1_WP_026018583.1	54.128	419	436	99	436	176	3	2	414	1	435	0.0	600
lcl|NC_017455.1_prot_WP_014554119.1_1	GCF_002117405.1_WP_085773633.1	56.086	419	422	99	419	177	4	2	414	4	421	0.0	600
lcl|NC_017455.1_prot_WP_014554119.1_1	GCF_001499615.1_WP_006557874.1	54.524	419	431	99	431	177	3	2	414	1	430	0.0	600
lcl|NC_017455.1_prot_WP_014554119.1_1	GCF_001465835.2_WP_058384451.1	64.806	419	427	98	412	143	1	2	413	4	413	0.0	600
lcl|NC_017455.1_prot_WP_014554119.1_1	GCF_001077815.2_WP_048884593.1	53.938	419	418	99	419	187	3	2	415	1	418	0.0	600
lcl|NC_017455.1_prot_WP_014554119.1_1	GCF_000444995.1_WP_041527445.1	54.415	419	423	99	419	185	3	2	415	6	423	0.0	600
lcl|NC_017455.1_prot_WP_014554119.1_1	GCF_000341395.1_WP_015404724.1	55.529	419	416	99	416	181	3	2	414	1	415	0.0	600
lcl|NC_017455.1_prot_WP_014554119.1_1	GCF_000341355.1_WP_015398661.1	55.742	419	421	99	418	179	3	2	414	4	420	0.0	600
lcl|NC_017455.1_prot_WP_014554119.1_1	GCF_000242255.2_WP_014402247.1	55.344	419	583	99	421	181	4	1	415	164	583	0.0	600
lcl|NC_017455.1_prot_WP_014554119.1_1	GCF_000186345.1_WP_244420446.1	56.522	419	418	98	414	174	3	2	410	1	413	0.0	600
lcl|NC_017455.1_prot_WP_014554119.1_1	GCF_900637105.1_WP_076555853.1	57.074	419	422	98	417	173	3	2	413	1	416	0.0	600
lcl|NC_017455.1_prot_WP_014554119.1_1	GCF_900005615.1_WP_074968562.1	54.177	419	423	99	419	186	3	2	415	6	423	0.0	600
lcl|NC_017455.1_prot_WP_014554119.1_1	GCF_026013905.1_WP_264891394.1	54.893	419	420	99	419	183	3	2	415	1	418	0.0	600
lcl|NC_017455.1_prot_WP_014554119.1_1	GCF_025139665.1_WP_259957790.1	54.067	419	423	99	418	186	3	2	414	6	422	0.0	600
lcl|NC_017455.1_prot_WP_014554119.1_1	GCF_025137635.1_WP_173487857.1	54.415	419	423	99	419	185	3	2	415	6	423	0.0	600
lcl|NC_017455.1_prot_WP_014554119.1_1	GCF_018798885.1_WP_215505914.1	54.306	419	423	99	418	185	3	2	414	6	422	0.0	600
lcl|NC_017455.1_prot_WP_014554119.1_1	GCF_012295615.1_WP_007017996.1	58.373	419	418	99	418	168	3	2	414	1	417	0.0	600
lcl|NC_017455.1_prot_WP_014554119.1_1	GCF_011611525.1_WP_007397168.1	54.128	419	436	99	436	176	3	2	414	1	435	0.0	600
lcl|NC_017455.1_prot_WP_014554119.1_1	GCF_009911755.1_WP_043248467.1	55.847	419	420	99	419	179	3	2	415	1	418	0.0	600
lcl|NC_017455.1_prot_WP_014554119.1_1	GCF_009746125.1_WP_156863824.1	56.325	419	420	99	419	177	3	2	415	1	418	0.0	600
lcl|NC_017455.1_prot_WP_014554119.1_1	GCF_003967035.1_WP_126539785.1	55.344	419	591	99	421	181	4	1	415	172	591	0.0	600
lcl|NC_017455.1_prot_WP_014554119.1_1	GCF_003410415.1_WP_053348457.1	63.527	419	429	99	414	149	1	2	415	3	414	0.0	600
lcl|NC_017455.1_prot_WP_014554119.1_1	GCF_003060865.1_WP_108437295.1	54.306	419	425	99	418	185	3	2	414	8	424	0.0	600
lcl|NC_017455.1_prot_WP_014554119.1_1	GCF_002243645.1_WP_063234168.1	63.309	419	429	99	417	151	1	2	418	3	417	0.0	600
lcl|NC_017455.1_prot_WP_014554119.1_1	GCF_002081995.1_WP_029053464.1	62.679	419	426	99	418	154	1	1	418	3	418	0.0	600
lcl|NC_017455.1_prot_WP_014554119.1_1	GCF_002009295.1_WP_078525620.1	54.358	419	436	99	436	175	3	2	414	1	435	0.0	600
lcl|NC_017455.1_prot_WP_014554119.1_1	GCF_000967305.2_WP_009455931.1	54.177	419	418	99	419	186	3	2	415	1	418	0.0	600
lcl|NC_017455.1_prot_WP_014554119.1_1	GCF_000499665.2_WP_023508207.1	55.819	419	454	99	421	178	3	1	414	26	445	0.0	600
lcl|NC_017455.1_prot_WP_014554119.1_1	GCF_000023225.1_WP_015772900.1	59.036	419	415	99	415	167	2	2	414	1	414	0.0	600
lcl|NC_017455.1_prot_WP_014554119.1_1	GCF_022879615.1_WP_035968253.1	55.131	419	421	99	419	182	3	2	415	1	418	0.0	599
lcl|NC_017455.1_prot_WP_014554119.1_1	GCF_022674245.1_WP_021296806.1	63.592	419	428	98	412	147	2	2	413	1	409	0.0	599
lcl|NC_017455.1_prot_WP_014554119.1_1	GCF_021655555.1_WP_236982826.1	55.502	419	419	99	418	180	3	2	414	1	417	0.0	599
lcl|NC_017455.1_prot_WP_014554119.1_1	GCF_012689545.1_WP_168782872.1	54.654	419	423	99	419	184	3	2	415	6	423	0.0	599
lcl|NC_017455.1_prot_WP_014554119.1_1	GCF_009739515.1_WP_156680589.1	54.177	419	418	99	419	186	4	2	415	1	418	0.0	599
lcl|NC_017455.1_prot_WP_014554119.1_1	GCF_004379295.1_WP_115359922.1	62.830	419	427	99	417	153	1	2	418	4	418	0.0	599
lcl|NC_017455.1_prot_WP_014554119.1_1	GCF_004348195.1_WP_102324990.1	53.899	419	436	99	436	177	3	2	414	1	435	0.0	599
lcl|NC_017455.1_prot_WP_014554119.1_1	GCF_003967075.1_WP_066700732.1	53.699	419	418	99	419	188	3	2	415	1	418	0.0	599
lcl|NC_017455.1_prot_WP_014554119.1_1	GCF_003101015.1_WP_005818247.1	56.190	419	420	99	420	177	4	2	415	1	419	0.0	599
lcl|NC_017455.1_prot_WP_014554119.1_1	GCF_001465255.1_WP_054817046.1	64.165	419	435	99	413	145	2	2	414	3	412	0.0	599
lcl|NC_017455.1_prot_WP_014554119.1_1	GCF_001281385.1_WP_020027654.1	55.370	419	420	99	419	181	3	2	415	1	418	0.0	599
lcl|NC_017455.1_prot_WP_014554119.1_1	GCF_000834395.1_WP_004704159.1	57.518	419	419	99	419	172	3	2	415	1	418	0.0	599
lcl|NC_017455.1_prot_WP_014554119.1_1	GCF_000485905.1_WP_023368336.1	58.234	419	418	99	419	169	3	2	415	1	418	0.0	599
lcl|NC_017455.1_prot_WP_014554119.1_1	GCF_000226625.1_WP_014111334.1	55.131	419	418	99	419	182	3	2	415	1	418	0.0	599
lcl|NC_017455.1_prot_WP_014554119.1_1	GCF_000215975.1_WP_013909588.1	56.731	419	446	98	416	175	4	4	415	32	446	0.0	599
lcl|NC_017455.1_prot_WP_014554119.1_1	GCF_000182745.2_WP_014105815.1	54.358	419	436	99	436	175	3	2	414	1	435	0.0	599
lcl|NC_017455.1_prot_WP_014554119.1_1	GCF_000092905.1_WP_013077149.1	66.828	419	418	99	413	134	2	2	414	1	410	0.0	599
lcl|NC_017455.1_prot_WP_014554119.1_1	GCF_020002245.1_WP_063384497.1	66.019	419	427	98	412	138	1	2	413	4	413	0.0	599
lcl|NC_017455.1_prot_WP_014554119.1_1	GCF_008728195.1_WP_057812075.1	54.545	419	423	99	418	184	3	2	414	6	422	0.0	599
lcl|NC_017455.1_prot_WP_014554119.1_1	GCF_001742225.1_WP_008832527.1	54.177	419	418	99	419	186	3	2	415	1	418	0.0	599
lcl|NC_017455.1_prot_WP_014554119.1_1	GCF_001676745.1_WP_066347086.1	52.983	419	418	99	419	191	3	2	415	1	418	0.0	599
lcl|NC_017455.1_prot_WP_014554119.1_1	GCF_000756125.1_WP_004521321.1	56.086	419	420	99	419	178	3	2	415	1	418	0.0	599
lcl|NC_017455.1_prot_WP_014554119.1_1	GCF_000307105.1_WP_014957137.1	59.518	419	415	99	415	165	2	2	414	1	414	0.0	599
lcl|NC_017455.1_prot_WP_014554119.1_1	GCF_000264945.2_WP_007689303.1	53.938	419	418	99	419	187	3	2	415	1	418	0.0	599
lcl|NC_017455.1_prot_WP_014554119.1_1	GCF_000258535.2_WP_013921277.1	64.096	419	434	99	415	143	4	2	414	3	413	0.0	599
lcl|NC_017455.1_prot_WP_014554119.1_1	GCF_000198775.1_WP_013435079.1	56.086	419	420	99	419	178	3	2	415	1	418	0.0	599
lcl|NC_017455.1_prot_WP_014554119.1_1	GCF_000007025.1_WP_004998383.1	55.582	419	458	99	421	179	3	1	414	30	449	0.0	599
lcl|NC_017455.1_prot_WP_014554119.1_1	GCF_902860225.1_WP_176605024.1	55.742	419	421	99	418	179	3	2	414	1	417	0.0	598
lcl|NC_017455.1_prot_WP_014554119.1_1	GCF_026651875.1_WP_268005762.1	62.864	419	428	98	412	150	2	2	413	1	409	0.0	598
lcl|NC_017455.1_prot_WP_014554119.1_1	GCF_026427595.1_WP_251810145.1	57.857	419	420	99	420	170	4	2	415	1	419	0.0	598
lcl|NC_017455.1_prot_WP_014554119.1_1	GCF_023650495.1_WP_250655673.1	57.857	419	420	99	420	170	4	2	415	1	419	0.0	598
lcl|NC_017455.1_prot_WP_014554119.1_1	GCF_018582665.1_WP_214476515.1	65.931	419	423	97	408	137	1	2	409	3	408	0.0	598
lcl|NC_017455.1_prot_WP_014554119.1_1	GCF_017487405.1_WP_207869765.1	54.067	419	478	99	418	186	3	2	414	61	477	0.0	598
lcl|NC_017455.1_prot_WP_014554119.1_1	GCF_016889385.1_WP_005705735.1	55.714	419	420	99	420	179	4	2	415	1	419	0.0	598
lcl|NC_017455.1_prot_WP_014554119.1_1	GCF_007989425.1_WP_147142129.1	55.344	419	458	99	421	180	3	1	414	30	449	0.0	598
lcl|NC_017455.1_prot_WP_014554119.1_1	GCF_007833215.1_WP_145848355.1	54.306	419	418	99	418	185	3	2	414	1	417	0.0	598
lcl|NC_017455.1_prot_WP_014554119.1_1	GCF_003966735.1_WP_232034867.1	59.615	419	415	99	416	165	2	2	415	1	415	0.0	598
lcl|NC_017455.1_prot_WP_014554119.1_1	GCF_003609995.1_WP_120177679.1	55.609	419	418	99	419	180	3	2	415	1	418	0.0	598
lcl|NC_017455.1_prot_WP_014554119.1_1	GCF_002208825.2_WP_066627117.1	54.306	419	477	99	418	185	3	2	414	60	476	0.0	598
lcl|NC_017455.1_prot_WP_014554119.1_1	GCF_001887595.1_WP_071924884.1	54.632	419	636	99	421	184	4	1	415	217	636	0.0	598
lcl|NC_017455.1_prot_WP_014554119.1_1	GCF_001753205.1_WP_075529011.1	63.196	419	427	99	413	150	1	2	414	4	414	0.0	598
lcl|NC_017455.1_prot_WP_014554119.1_1	GCF_001698185.1_WP_029578874.1	52.745	419	418	99	419	192	3	2	415	1	418	0.0	598
lcl|NC_017455.1_prot_WP_014554119.1_1	GCF_001641285.1_WP_063673092.1	55.582	419	593	99	421	180	4	1	415	174	593	0.0	598
lcl|NC_017455.1_prot_WP_014554119.1_1	GCF_001632775.1_WP_067643850.1	55.819	419	543	99	421	179	4	1	415	124	543	0.0	598
lcl|NC_017455.1_prot_WP_014554119.1_1	GCF_001553625.1_WP_066605723.1	58.554	419	415	99	415	169	2	2	414	1	414	0.0	598
lcl|NC_017455.1_prot_WP_014554119.1_1	GCF_000828615.1_WP_041064587.1	57.619	419	420	99	420	171	4	2	415	1	419	0.0	598
lcl|NC_017455.1_prot_WP_014554119.1_1	GCF_000767465.1_WP_007012610.1	55.609	419	418	99	419	180	3	2	415	1	418	0.0	598
lcl|NC_017455.1_prot_WP_014554119.1_1	GCF_000402035.1_WP_044041376.1	55.370	419	421	99	419	181	3	2	415	1	418	0.0	598
lcl|NC_017455.1_prot_WP_014554119.1_1	GCF_000025945.1_WP_011189969.1	57.933	419	416	99	416	171	3	2	414	1	415	0.0	598
lcl|NC_017455.1_prot_WP_014554119.1_1	GCF_000016165.1_WP_238442637.1	64.128	419	442	97	407	145	1	2	408	1	406	0.0	598
lcl|NC_017455.1_prot_WP_014554119.1_1	GCF_022879815.1_WP_008349328.1	55.131	419	421	99	419	182	3	2	415	1	418	0.0	598
lcl|NC_017455.1_prot_WP_014554119.1_1	GCF_017498685.1_WP_004721644.1	57.518	419	419	99	419	172	3	2	415	1	418	0.0	598
lcl|NC_017455.1_prot_WP_014554119.1_1	GCF_012955605.1_WP_170008379.1	63.196	419	427	99	413	150	1	7	419	10	420	0.0	598
lcl|NC_017455.1_prot_WP_014554119.1_1	GCF_009301415.1_WP_152366436.1	54.415	419	423	99	419	185	3	2	415	6	423	0.0	598
lcl|NC_017455.1_prot_WP_014554119.1_1	GCF_004008295.1_WP_003810577.1	52.506	419	418	99	419	193	3	2	415	1	418	0.0	598
lcl|NC_017455.1_prot_WP_014554119.1_1	GCF_003595195.1_WP_119882558.1	62.590	419	427	99	417	154	1	2	418	4	418	0.0	598
lcl|NC_017455.1_prot_WP_014554119.1_1	GCF_001854325.1_WP_071014025.1	55.131	419	420	99	419	182	3	2	415	1	418	0.0	598
lcl|NC_017455.1_prot_WP_014554119.1_1	GCF_001718635.1_WP_009890788.1	56.086	419	420	99	419	178	3	2	415	1	418	0.0	598
lcl|NC_017455.1_prot_WP_014554119.1_1	GCF_000496595.1_WP_023466160.1	53.938	419	423	99	419	187	3	2	415	4	421	0.0	598
lcl|NC_017455.1_prot_WP_014554119.1_1	GCF_000067205.1_WP_012248888.1	52.983	419	418	99	419	191	3	2	415	1	418	0.0	598
lcl|NC_017455.1_prot_WP_014554119.1_1	GCF_000021005.1_WP_009563271.1	53.828	419	422	99	418	187	3	2	414	5	421	0.0	598
lcl|NC_017455.1_prot_WP_014554119.1_1	GCF_021654575.1_WP_236890585.1	60.482	419	415	99	415	161	2	2	414	1	414	0.0	598
lcl|NC_017455.1_prot_WP_014554119.1_1	GCF_021391315.1_WP_011909616.1	54.067	419	422	99	418	186	3	2	414	5	421	0.0	598
lcl|NC_017455.1_prot_WP_014554119.1_1	GCF_021227995.1_WP_232495161.1	53.938	419	418	99	419	187	3	2	415	1	418	0.0	598
lcl|NC_017455.1_prot_WP_014554119.1_1	GCF_019395145.1_WP_219352758.1	54.306	419	477	99	418	185	3	2	414	60	476	0.0	598
lcl|NC_017455.1_prot_WP_014554119.1_1	GCF_017498565.1_WP_207986572.1	52.506	419	418	99	419	193	3	2	415	1	418	0.0	598
lcl|NC_017455.1_prot_WP_014554119.1_1	GCF_014899185.1_WP_193079956.1	54.067	419	423	99	418	186	3	2	414	6	422	0.0	598
lcl|NC_017455.1_prot_WP_014554119.1_1	GCF_013282215.1_WP_009710481.1	65.375	419	420	99	413	140	2	2	414	3	412	0.0	598
lcl|NC_017455.1_prot_WP_014554119.1_1	GCF_012295595.1_WP_058262432.1	54.306	419	423	99	418	185	3	2	414	6	422	0.0	598
lcl|NC_017455.1_prot_WP_014554119.1_1	GCF_009789675.1_WP_027818379.1	55.609	419	420	99	419	180	3	2	415	1	418	0.0	598
lcl|NC_017455.1_prot_WP_014554119.1_1	GCF_008807855.1_WP_042886485.1	55.131	419	420	99	419	182	3	2	415	1	418	0.0	598
lcl|NC_017455.1_prot_WP_014554119.1_1	GCF_008365315.1_WP_149278181.1	54.398	419	432	99	432	177	3	2	414	1	431	0.0	598
lcl|NC_017455.1_prot_WP_014554119.1_1	GCF_006874605.1_WP_142410076.1	55.181	419	415	99	415	183	2	2	414	1	414	0.0	598
lcl|NC_017455.1_prot_WP_014554119.1_1	GCF_006740765.1_WP_008554331.1	54.067	419	423	99	418	186	3	2	414	6	422	0.0	598
lcl|NC_017455.1_prot_WP_014554119.1_1	GCF_006542335.1_WP_141492434.1	54.988	419	431	99	431	175	3	2	414	1	430	0.0	598
lcl|NC_017455.1_prot_WP_014554119.1_1	GCF_006385135.1_WP_099474199.1	55.742	419	418	99	418	179	3	2	414	1	417	0.0	598
lcl|NC_017455.1_prot_WP_014554119.1_1	GCF_005234135.1_WP_137193557.1	53.589	419	432	99	418	188	3	2	414	15	431	0.0	598
lcl|NC_017455.1_prot_WP_014554119.1_1	GCF_003856495.1_WP_124728512.1	65.394	419	425	99	419	141	3	2	419	5	420	0.0	598
lcl|NC_017455.1_prot_WP_014554119.1_1	GCF_003071405.1_WP_107671649.1	54.067	419	422	99	418	186	3	2	414	5	421	0.0	598
lcl|NC_017455.1_prot_WP_014554119.1_1	GCF_000340795.1_WP_015396366.1	53.461	419	418	99	419	189	3	2	415	1	418	0.0	598
lcl|NC_017455.1_prot_WP_014554119.1_1	GCF_000021745.1_WP_012591525.1	55.131	419	422	99	419	181	4	2	414	4	421	0.0	598
lcl|NC_017455.1_prot_WP_014554119.1_1	GCF_000012945.1_WP_006478662.1	56.086	419	420	99	419	178	3	2	415	1	418	0.0	598
lcl|NC_017455.1_prot_WP_014554119.1_1	GCF_028868935.1_WP_013522379.1	54.415	419	418	99	419	185	3	2	415	1	418	0.0	597
lcl|NC_017455.1_prot_WP_014554119.1_1	GCF_009734445.1_WP_156204461.1	62.530	419	426	98	411	153	1	2	412	1	410	0.0	597
lcl|NC_017455.1_prot_WP_014554119.1_1	GCF_007855645.1_WP_146365363.1	53.461	419	423	99	419	189	3	1	414	5	422	0.0	597
lcl|NC_017455.1_prot_WP_014554119.1_1	GCF_004014775.2_WP_042787093.1	54.630	419	432	99	432	176	3	2	414	1	431	0.0	597
lcl|NC_017455.1_prot_WP_014554119.1_1	GCF_002220195.1_WP_035351198.1	54.630	419	432	99	432	176	3	2	414	1	431	0.0	597
lcl|NC_017455.1_prot_WP_014554119.1_1	GCF_002173775.1_WP_003623786.1	54.630	419	432	99	432	176	3	2	414	1	431	0.0	597
lcl|NC_017455.1_prot_WP_014554119.1_1	GCF_002080125.1_WP_003657353.1	57.074	419	422	98	417	173	3	2	413	1	416	0.0	597
lcl|NC_017455.1_prot_WP_014554119.1_1	GCF_001940525.2_WP_075776732.1	54.306	419	423	99	418	185	3	2	414	6	422	0.0	597
lcl|NC_017455.1_prot_WP_014554119.1_1	GCF_001889165.1_WP_072578147.1	63.702	419	423	99	416	149	1	3	418	5	418	0.0	597
lcl|NC_017455.1_prot_WP_014554119.1_1	GCF_001687585.2_WP_008496890.1	64.806	419	427	98	412	143	1	2	413	4	413	0.0	597
lcl|NC_017455.1_prot_WP_014554119.1_1	GCF_001590685.1_WP_067213165.1	63.158	419	427	99	418	152	1	1	418	3	418	0.0	597
lcl|NC_017455.1_prot_WP_014554119.1_1	GCF_001553955.1_WP_007117155.1	55.609	419	422	99	419	180	3	2	415	1	418	0.0	597
lcl|NC_017455.1_prot_WP_014554119.1_1	GCF_001524625.2_WP_038749133.1	56.086	419	420	99	419	178	3	2	415	1	418	0.0	597
lcl|NC_017455.1_prot_WP_014554119.1_1	GCF_001187785.1_WP_049725834.1	57.518	419	418	99	419	172	3	2	415	1	418	0.0	597
lcl|NC_017455.1_prot_WP_014554119.1_1	GCF_000739435.1_WP_005624302.1	56.429	419	420	99	420	176	4	2	415	1	419	0.0	597
lcl|NC_017455.1_prot_WP_014554119.1_1	GCF_000511355.1_WP_024092144.1	54.067	419	423	99	418	186	3	2	414	6	422	0.0	597
lcl|NC_017455.1_prot_WP_014554119.1_1	GCF_000177235.2_WP_041809232.1	61.743	419	424	99	413	156	1	3	415	4	414	0.0	597
lcl|NC_017455.1_prot_WP_014554119.1_1	GCF_028553765.1_WP_272859014.1	55.131	419	423	99	419	182	3	2	415	6	423	0.0	597
lcl|NC_017455.1_prot_WP_014554119.1_1	GCF_019602855.1_WP_011298277.1	54.654	419	420	99	419	184	3	2	415	1	418	0.0	597
lcl|NC_017455.1_prot_WP_014554119.1_1	GCF_013347325.1_WP_006578219.1	54.893	419	420	99	419	183	3	2	415	1	418	0.0	597
lcl|NC_017455.1_prot_WP_014554119.1_1	GCF_007301515.1_WP_143896461.1	63.484	419	428	99	419	149	2	2	418	4	420	0.0	597
lcl|NC_017455.1_prot_WP_014554119.1_1	GCF_003072465.1_WP_108673912.1	53.938	419	418	99	419	187	3	2	415	1	418	0.0	597
lcl|NC_017455.1_prot_WP_014554119.1_1	GCF_002346025.1_WP_004191285.1	55.847	419	420	99	419	179	3	2	415	1	418	0.0	597
lcl|NC_017455.1_prot_WP_014554119.1_1	GCF_002105555.1_WP_085377313.1	54.654	419	423	99	419	184	3	2	415	6	423	0.0	597
lcl|NC_017455.1_prot_WP_014554119.1_1	GCF_001975705.1_WP_076699096.1	54.545	419	423	99	418	184	3	2	414	6	422	0.0	597
lcl|NC_017455.1_prot_WP_014554119.1_1	GCF_001633145.1_WP_042457933.1	54.654	419	423	99	419	184	3	1	414	5	422	0.0	597
lcl|NC_017455.1_prot_WP_014554119.1_1	GCF_001187845.1_WP_049836218.1	53.828	419	423	99	418	187	3	2	414	6	422	0.0	597
lcl|NC_017455.1_prot_WP_014554119.1_1	GCF_000959505.1_WP_006402347.1	56.086	419	420	99	419	178	3	2	415	1	418	0.0	597
lcl|NC_017455.1_prot_WP_014554119.1_1	GCF_000253015.1_WP_013545669.1	55.742	419	421	99	418	179	3	2	414	4	420	0.0	597
lcl|NC_017455.1_prot_WP_014554119.1_1	GCF_000015485.1_WP_049758073.1	57.314	419	416	99	417	174	3	2	415	1	416	0.0	597
lcl|NC_017455.1_prot_WP_014554119.1_1	GCF_000015345.1_WP_012031065.1	57.177	419	421	99	418	173	3	2	414	1	417	0.0	597
lcl|NC_017455.1_prot_WP_014554119.1_1	GCF_000012305.1_WP_020444407.1	57.041	419	422	99	419	174	3	2	415	1	418	0.0	597
lcl|NC_017455.1_prot_WP_014554119.1_1	GCF_028607105.1_WP_168603237.1	54.415	419	418	99	419	185	3	2	415	1	418	0.0	597
lcl|NC_017455.1_prot_WP_014554119.1_1	GCF_023243115.1_WP_248709379.1	55.319	419	423	99	423	178	3	2	414	1	422	0.0	597
lcl|NC_017455.1_prot_WP_014554119.1_1	GCF_022459015.1_WP_272915304.1	54.398	419	432	99	432	177	3	2	414	1	431	0.0	597
lcl|NC_017455.1_prot_WP_014554119.1_1	GCF_021117405.1_WP_231323064.1	55.107	419	605	99	421	182	4	1	415	186	605	0.0	597
lcl|NC_017455.1_prot_WP_014554119.1_1	GCF_018417475.1_WP_039389906.1	54.415	419	418	99	419	185	3	2	415	1	418	0.0	597
lcl|NC_017455.1_prot_WP_014554119.1_1	GCF_016865235.1_WP_188800440.1	54.869	419	582	99	421	183	4	1	415	163	582	0.0	597
lcl|NC_017455.1_prot_WP_014554119.1_1	GCF_016127755.1_WP_006753675.1	56.086	419	420	99	419	178	3	2	415	1	418	0.0	597
lcl|NC_017455.1_prot_WP_014554119.1_1	GCF_014297575.1_WP_187058293.1	55.107	419	584	99	421	182	4	1	415	165	584	0.0	597
lcl|NC_017455.1_prot_WP_014554119.1_1	GCF_009650135.1_WP_153712566.1	56.325	419	420	99	419	177	3	2	415	1	418	0.0	597
lcl|NC_017455.1_prot_WP_014554119.1_1	GCF_002865605.1_WP_101501051.1	54.177	419	423	99	419	186	3	2	415	6	423	0.0	597
lcl|NC_017455.1_prot_WP_014554119.1_1	GCF_001651805.1_WP_067386487.1	57.041	419	419	99	419	174	3	2	415	1	418	0.0	597
lcl|NC_017455.1_prot_WP_014554119.1_1	GCF_001314325.1_WP_037557490.1	52.745	419	418	99	419	192	3	2	415	1	418	0.0	597
lcl|NC_017455.1_prot_WP_014554119.1_1	GCF_001028705.1_WP_047824344.1	53.461	419	418	99	419	189	3	2	415	1	418	0.0	597
lcl|NC_017455.1_prot_WP_014554119.1_1	GCF_000266885.1_WP_245536840.1	58.554	419	463	99	415	169	2	2	414	48	461	0.0	597
lcl|NC_017455.1_prot_WP_014554119.1_1	GCF_000144605.1_WP_013267783.1	53.589	419	482	99	418	188	3	2	414	65	481	0.0	597
lcl|NC_017455.1_prot_WP_014554119.1_1	GCF_000012865.1_WP_011343078.1	60.941	419	425	99	425	155	3	1	418	1	421	0.0	597
lcl|NC_017455.1_prot_WP_014554119.1_1	GCF_000010665.1_WP_015861600.1	58.173	419	415	99	416	171	2	2	415	1	415	0.0	597
lcl|NC_017455.1_prot_WP_014554119.1_1	GCF_900638445.1_WP_005596104.1	55.476	419	420	99	420	180	4	2	415	1	419	0.0	596
lcl|NC_017455.1_prot_WP_014554119.1_1	GCF_028553805.1_WP_076522194.1	55.609	419	423	99	419	180	3	2	415	6	423	0.0	596
lcl|NC_017455.1_prot_WP_014554119.1_1	GCF_009789655.1_WP_103705944.1	55.609	419	420	99	419	180	3	2	415	1	418	0.0	596
lcl|NC_017455.1_prot_WP_014554119.1_1	GCF_004802635.2_WP_136497971.1	55.609	419	422	99	419	179	4	2	414	4	421	0.0	596
lcl|NC_017455.1_prot_WP_014554119.1_1	GCF_003595305.1_WP_011001137.1	55.370	419	420	99	419	181	3	2	415	1	418	0.0	596
lcl|NC_017455.1_prot_WP_014554119.1_1	GCF_002847305.1_WP_101459910.1	54.654	419	423	99	419	184	3	2	415	6	423	0.0	596
lcl|NC_017455.1_prot_WP_014554119.1_1	GCF_002288285.1_WP_017183196.1	53.461	419	418	99	419	189	3	2	415	1	418	0.0	596
lcl|NC_017455.1_prot_WP_014554119.1_1	GCF_002216815.1_WP_012778732.1	53.222	419	423	99	419	190	3	2	415	4	421	0.0	596
lcl|NC_017455.1_prot_WP_014554119.1_1	GCF_001687545.1_WP_067785421.1	54.415	419	418	99	419	185	3	2	415	1	418	0.0	596
lcl|NC_017455.1_prot_WP_014554119.1_1	GCF_001017435.1_WP_047194686.1	53.938	419	420	99	419	187	3	2	415	1	418	0.0	596
lcl|NC_017455.1_prot_WP_014554119.1_1	GCF_000212675.2_WP_005983131.1	59.375	419	415	99	416	166	2	2	415	1	415	0.0	596
lcl|NC_017455.1_prot_WP_014554119.1_1	GCF_000191045.1_WP_244829582.1	59.952	419	415	99	417	162	4	2	415	1	415	0.0	596
lcl|NC_017455.1_prot_WP_014554119.1_1	GCF_900465055.1_WP_112716184.1	58.473	419	421	99	419	168	3	2	415	1	418	0.0	596
lcl|NC_017455.1_prot_WP_014554119.1_1	GCF_028885395.1_WP_200901896.1	54.545	419	423	99	418	184	3	2	414	6	422	0.0	596
lcl|NC_017455.1_prot_WP_014554119.1_1	GCF_028553785.1_WP_271883975.1	54.415	419	423	99	419	185	3	2	415	6	423	0.0	596
lcl|NC_017455.1_prot_WP_014554119.1_1	GCF_028201735.1_WP_067267859.1	54.067	419	423	99	418	186	3	2	414	6	422	0.0	596
lcl|NC_017455.1_prot_WP_014554119.1_1	GCF_024496245.1_WP_256505681.1	53.938	419	418	99	419	187	3	2	415	1	418	0.0	596
lcl|NC_017455.1_prot_WP_014554119.1_1	GCF_006385595.1_WP_139979156.1	54.869	419	609	99	421	183	4	1	415	190	609	0.0	596
lcl|NC_017455.1_prot_WP_014554119.1_1	GCF_004798725.1_WP_010814266.1	55.131	419	420	99	419	182	3	2	415	1	418	0.0	596
lcl|NC_017455.1_prot_WP_014554119.1_1	GCF_003391335.1_WP_115956178.1	55.131	419	419	99	419	182	3	2	415	1	418	0.0	596
lcl|NC_017455.1_prot_WP_014554119.1_1	GCF_002504085.1_WP_004209171.1	53.938	419	418	99	419	187	3	2	415	1	418	0.0	596
lcl|NC_017455.1_prot_WP_014554119.1_1	GCF_001522635.2_WP_066493751.1	55.847	419	420	99	419	179	3	2	415	1	418	0.0	596
lcl|NC_017455.1_prot_WP_014554119.1_1	GCF_001263175.1_WP_082342966.1	56.355	419	570	99	417	179	2	1	415	155	570	0.0	596
lcl|NC_017455.1_prot_WP_014554119.1_1	GCF_000959365.1_WP_010103198.1	55.847	419	420	99	419	179	3	2	415	1	418	0.0	596
lcl|NC_017455.1_prot_WP_014554119.1_1	GCF_000233915.3_WP_043290761.1	55.609	419	616	99	419	179	4	3	415	199	616	0.0	596
lcl|NC_017455.1_prot_WP_014554119.1_1	GCF_000070465.1_WP_012418041.1	52.983	419	418	99	419	191	3	2	415	1	418	0.0	596
lcl|NC_017455.1_prot_WP_014554119.1_1	GCF_000014725.1_WP_011641781.1	61.314	419	425	98	411	158	1	2	412	1	410	0.0	596
lcl|NC_017455.1_prot_WP_014554119.1_1	GCF_023699965.1_WP_250878860.1	54.632	419	611	99	421	184	4	1	415	192	611	0.0	595
lcl|NC_017455.1_prot_WP_014554119.1_1	GCF_023573145.1_WP_250197064.1	52.983	419	420	99	419	191	3	2	415	1	418	0.0	595
lcl|NC_017455.1_prot_WP_014554119.1_1	GCF_021173085.1_WP_004626250.1	55.370	419	420	99	419	181	3	2	415	1	418	0.0	595
lcl|NC_017455.1_prot_WP_014554119.1_1	GCF_008801925.2_WP_043347534.1	55.370	419	420	99	419	181	3	2	415	1	418	0.0	595
lcl|NC_017455.1_prot_WP_014554119.1_1	GCF_002028405.1_WP_079419495.1	55.847	419	420	99	419	179	3	2	415	1	418	0.0	595
lcl|NC_017455.1_prot_WP_014554119.1_1	GCF_001663855.1_WP_021194164.1	55.370	419	420	99	419	181	3	2	415	1	418	0.0	595
lcl|NC_017455.1_prot_WP_014554119.1_1	GCF_018243215.1_WP_013212853.1	55.370	419	420	99	419	181	3	2	415	1	418	0.0	595
lcl|NC_017455.1_prot_WP_014554119.1_1	GCF_009931375.1_WP_015875474.1	56.086	419	420	99	419	178	3	2	415	1	418	0.0	595
lcl|NC_017455.1_prot_WP_014554119.1_1	GCF_003544895.1_WP_118944195.1	54.067	419	423	99	418	186	3	2	414	6	422	0.0	595
lcl|NC_017455.1_prot_WP_014554119.1_1	GCF_003100395.1_WP_109036616.1	53.571	419	421	99	420	188	3	2	415	1	419	0.0	595
lcl|NC_017455.1_prot_WP_014554119.1_1	GCF_002795825.1_WP_232726694.1	53.938	419	423	99	419	187	3	2	415	6	423	0.0	595
lcl|NC_017455.1_prot_WP_014554119.1_1	GCF_001886735.1_WP_071973439.1	53.589	419	423	99	418	188	3	2	414	6	422	0.0	595
lcl|NC_017455.1_prot_WP_014554119.1_1	GCF_001717955.1_WP_069203991.1	53.461	419	418	99	419	189	4	2	415	1	418	0.0	595
lcl|NC_017455.1_prot_WP_014554119.1_1	GCF_001606025.1_WP_025651526.1	56.802	419	422	99	419	175	3	2	415	1	418	0.0	595
lcl|NC_017455.1_prot_WP_014554119.1_1	GCF_001008165.2_WP_046903916.1	53.699	419	418	99	419	188	3	2	415	1	418	0.0	595
lcl|NC_017455.1_prot_WP_014554119.1_1	GCF_000024285.1_WP_012811989.1	63.923	419	434	98	413	144	3	2	413	1	409	0.0	595
lcl|NC_017455.1_prot_WP_014554119.1_1	GCF_000020045.1_WP_012400357.1	55.609	419	420	99	419	180	3	2	415	1	418	0.0	595
lcl|NC_017455.1_prot_WP_014554119.1_1	GCF_028869115.1_WP_249036354.1	54.785	419	418	99	418	183	3	2	414	1	417	0.0	595
lcl|NC_017455.1_prot_WP_014554119.1_1	GCF_022788655.1_WP_007118408.1	54.067	419	423	99	418	186	3	2	414	6	422	0.0	595
lcl|NC_017455.1_prot_WP_014554119.1_1	GCF_020990565.1_WP_038271239.1	54.893	419	564	99	419	182	4	3	415	147	564	0.0	595
lcl|NC_017455.1_prot_WP_014554119.1_1	GCF_018304825.1_WP_246602112.1	59.250	419	401	95	400	160	2	18	415	3	401	0.0	595
lcl|NC_017455.1_prot_WP_014554119.1_1	GCF_017487345.1_WP_225910316.1	53.589	419	495	99	418	188	3	2	414	78	494	0.0	595
lcl|NC_017455.1_prot_WP_014554119.1_1	GCF_016028735.1_WP_018573819.1	54.177	419	418	99	419	186	3	2	415	1	418	0.0	595
lcl|NC_017455.1_prot_WP_014554119.1_1	GCF_009931595.1_WP_045757038.1	55.609	419	581	99	419	179	4	3	415	164	581	0.0	595
lcl|NC_017455.1_prot_WP_014554119.1_1	GCF_009627355.1_WP_005015972.1	52.506	419	418	99	419	193	3	2	415	1	418	0.0	595
lcl|NC_017455.1_prot_WP_014554119.1_1	GCF_004328555.1_WP_035712460.1	53.938	419	423	99	419	187	3	2	415	6	423	0.0	595
lcl|NC_017455.1_prot_WP_014554119.1_1	GCF_003286395.1_WP_129562116.1	55.370	419	420	99	419	181	3	2	415	1	418	0.0	595
lcl|NC_017455.1_prot_WP_014554119.1_1	GCF_002902965.1_WP_007586495.1	55.609	419	421	99	419	180	3	2	415	1	418	0.0	595
lcl|NC_017455.1_prot_WP_014554119.1_1	GCF_000522545.2_WP_036005054.1	55.609	419	421	99	419	180	3	2	415	1	418	0.0	595
lcl|NC_017455.1_prot_WP_014554119.1_1	GCF_000012665.1_WP_027181135.1	57.314	419	416	99	417	174	3	2	415	1	416	0.0	595
lcl|NC_017455.1_prot_WP_014554119.1_1	GCF_022811525.1_WP_243479695.1	54.893	419	418	99	419	183	3	2	415	1	418	0.0	594
lcl|NC_017455.1_prot_WP_014554119.1_1	GCF_019428685.1_WP_219799909.1	55.609	419	421	99	419	180	3	2	415	1	418	0.0	594
lcl|NC_017455.1_prot_WP_014554119.1_1	GCF_016576965.1_WP_004827884.1	55.609	419	422	99	419	180	3	2	415	1	418	0.0	594
lcl|NC_017455.1_prot_WP_014554119.1_1	GCF_005166025.1_WP_137092576.1	59.626	419	559	89	374	148	2	43	414	186	558	0.0	594
lcl|NC_017455.1_prot_WP_014554119.1_1	GCF_003711265.1_WP_122951628.1	55.370	419	420	99	419	181	3	2	415	1	418	0.0	594
lcl|NC_017455.1_prot_WP_014554119.1_1	GCF_001886815.1_WP_044281836.1	62.892	419	415	99	415	151	2	2	414	1	414	0.0	594
lcl|NC_017455.1_prot_WP_014554119.1_1	GCF_001676725.1_WP_066660140.1	53.461	419	418	99	419	189	3	2	415	1	418	0.0	594
lcl|NC_017455.1_prot_WP_014554119.1_1	GCF_001298525.1_WP_055125334.1	56.802	419	422	99	419	175	3	2	415	1	418	0.0	594
lcl|NC_017455.1_prot_WP_014554119.1_1	GCF_000292685.1_WP_014895079.1	55.288	419	416	99	416	183	2	2	415	1	415	0.0	594
lcl|NC_017455.1_prot_WP_014554119.1_1	GCF_000210915.2_WP_014243319.1	55.904	419	415	99	415	180	2	2	414	1	414	0.0	594
lcl|NC_017455.1_prot_WP_014554119.1_1	GCF_000152825.2_WP_013299929.1	52.074	419	439	99	434	186	4	2	414	6	438	0.0	594
lcl|NC_017455.1_prot_WP_014554119.1_1	GCF_000025965.1_WP_241762731.1	57.072	419	403	95	403	167	3	18	415	1	402	0.0	594
lcl|NC_017455.1_prot_WP_014554119.1_1	GCF_000011965.2_WP_011049565.1	54.545	419	423	99	418	184	3	2	414	6	422	0.0	594
lcl|NC_017455.1_prot_WP_014554119.1_1	GCF_000007245.1_WP_012382779.1	55.131	419	564	99	419	181	4	3	415	147	564	0.0	594
lcl|NC_017455.1_prot_WP_014554119.1_1	GCF_900637305.1_WP_004142699.1	56.938	419	420	99	418	174	3	2	414	1	417	0.0	594
lcl|NC_017455.1_prot_WP_014554119.1_1	GCF_014109845.1_WP_054661497.1	54.415	419	572	99	419	184	4	3	415	155	572	0.0	594
lcl|NC_017455.1_prot_WP_014554119.1_1	GCF_006542395.2_WP_141443205.1	52.064	419	436	99	436	185	3	2	414	1	435	0.0	594
lcl|NC_017455.1_prot_WP_014554119.1_1	GCF_005886755.1_WP_037995753.1	65.860	419	423	99	413	138	2	2	414	3	412	0.0	594
lcl|NC_017455.1_prot_WP_014554119.1_1	GCF_002370525.2_WP_004723038.1	55.609	419	422	99	419	180	3	2	415	1	418	0.0	594
lcl|NC_017455.1_prot_WP_014554119.1_1	GCF_001865575.2_WP_027197577.1	55.609	419	422	99	419	180	3	2	415	1	418	0.0	594
lcl|NC_017455.1_prot_WP_014554119.1_1	GCF_001620265.1_WP_066817366.1	55.131	419	426	99	419	181	4	2	414	8	425	0.0	594
lcl|NC_017455.1_prot_WP_014554119.1_1	GCF_000092885.1_WP_008921615.1	55.609	419	422	99	419	180	3	2	415	1	418	0.0	594
lcl|NC_017455.1_prot_WP_014554119.1_1	GCF_014764365.1_WP_191083023.1	54.695	419	426	99	426	179	3	2	414	1	425	0.0	593
lcl|NC_017455.1_prot_WP_014554119.1_1	GCF_003860345.1_WP_021689841.1	53.081	419	421	99	422	189	4	2	415	1	421	0.0	593
lcl|NC_017455.1_prot_WP_014554119.1_1	GCF_000155675.2_WP_015502031.1	54.067	419	437	99	418	186	3	2	414	20	436	0.0	593
lcl|NC_017455.1_prot_WP_014554119.1_1	GCF_000013645.1_WP_006048863.1	55.847	419	422	99	419	179	3	2	415	1	418	0.0	593
lcl|NC_017455.1_prot_WP_014554119.1_1	GCF_000008185.1_WP_002668994.1	56.190	419	548	99	420	179	3	4	419	128	546	0.0	593
lcl|NC_017455.1_prot_WP_014554119.1_1	GCF_023612255.1_WP_250338994.1	54.869	419	600	99	421	183	4	1	415	181	600	0.0	593
lcl|NC_017455.1_prot_WP_014554119.1_1	GCF_021049245.1_WP_231094612.1	62.530	419	428	99	419	153	2	2	418	4	420	0.0	593
lcl|NC_017455.1_prot_WP_014554119.1_1	GCF_019930545.1_WP_028977991.1	62.319	419	423	99	414	154	1	2	415	3	414	0.0	593
lcl|NC_017455.1_prot_WP_014554119.1_1	GCF_016728825.1_WP_006387816.1	52.983	419	419	99	419	191	3	2	415	1	418	0.0	593
lcl|NC_017455.1_prot_WP_014554119.1_1	GCF_014211955.1_WP_185884658.1	53.222	419	417	99	419	189	4	2	415	1	417	0.0	593
lcl|NC_017455.1_prot_WP_014554119.1_1	GCF_003590145.2_WP_119841167.1	52.871	419	427	99	418	191	3	2	414	10	426	0.0	593
lcl|NC_017455.1_prot_WP_014554119.1_1	GCF_002762215.1_WP_085751605.1	53.222	419	420	99	419	190	3	2	415	1	418	0.0	593
lcl|NC_017455.1_prot_WP_014554119.1_1	GCF_001886695.1_WP_047006922.1	53.938	419	418	99	419	187	3	2	415	1	418	0.0	593
lcl|NC_017455.1_prot_WP_014554119.1_1	GCF_000189295.2_WP_041916210.1	58.173	419	415	99	416	171	2	2	415	1	415	0.0	593
lcl|NC_017455.1_prot_WP_014554119.1_1	GCF_905367715.1_WP_080716186.1	55.131	419	631	99	419	181	4	3	415	214	631	0.0	593
lcl|NC_017455.1_prot_WP_014554119.1_1	GCF_903989455.1_WP_180707937.1	55.131	419	636	99	419	181	4	3	415	219	636	0.0	593
lcl|NC_017455.1_prot_WP_014554119.1_1	GCF_028606985.1_WP_273614367.1	64.720	419	452	98	411	142	2	2	412	3	410	0.0	593
lcl|NC_017455.1_prot_WP_014554119.1_1	GCF_017068455.1_WP_205722055.1	58.400	419	535	89	375	153	2	42	414	161	534	0.0	593
lcl|NC_017455.1_prot_WP_014554119.1_1	GCF_016806125.1_WP_023848769.1	53.589	419	423	99	418	188	3	2	414	6	422	0.0	593
lcl|NC_017455.1_prot_WP_014554119.1_1	GCF_014352855.1_WP_187479053.1	52.745	419	418	99	419	192	3	2	415	1	418	0.0	593
lcl|NC_017455.1_prot_WP_014554119.1_1	GCF_008329965.1_WP_149484752.1	58.513	419	619	99	417	168	3	2	414	202	617	0.0	593
lcl|NC_017455.1_prot_WP_014554119.1_1	GCF_004087915.1_WP_128467336.1	59.903	419	413	98	414	161	3	2	413	1	411	0.0	593
lcl|NC_017455.1_prot_WP_014554119.1_1	GCF_003352005.1_WP_114917930.1	63.007	419	426	99	419	151	2	2	418	4	420	0.0	593
lcl|NC_017455.1_prot_WP_014554119.1_1	GCF_003324675.1_WP_114075247.1	55.131	419	424	99	419	182	3	2	415	6	423	0.0	593
lcl|NC_017455.1_prot_WP_014554119.1_1	GCF_003030465.1_WP_245881052.1	57.463	419	405	95	402	165	3	18	414	1	401	0.0	593
lcl|NC_017455.1_prot_WP_014554119.1_1	GCF_002795805.1_WP_232710412.1	53.938	419	423	99	419	187	3	2	415	6	423	0.0	593
lcl|NC_017455.1_prot_WP_014554119.1_1	GCF_002162355.1_WP_232463447.1	64.078	419	438	98	412	145	2	3	414	11	419	0.0	593
lcl|NC_017455.1_prot_WP_014554119.1_1	GCF_001697225.1_WP_068806444.1	58.711	419	418	99	419	167	3	2	415	1	418	0.0	593
lcl|NC_017455.1_prot_WP_014554119.1_1	GCF_000155735.2_WP_044038755.1	54.067	419	423	99	418	186	3	2	414	6	422	0.0	593
lcl|NC_017455.1_prot_WP_014554119.1_1	GCF_000012485.1_WP_203415258.1	58.531	419	420	99	422	165	4	2	415	1	420	0.0	593
lcl|NC_017455.1_prot_WP_014554119.1_1	GCF_905142465.1_WP_210762362.1	55.131	419	633	99	419	181	4	3	415	216	633	0.0	592
lcl|NC_017455.1_prot_WP_014554119.1_1	GCF_018064205.1_WP_042419847.1	54.654	419	420	99	419	184	3	2	415	1	418	0.0	592
lcl|NC_017455.1_prot_WP_014554119.1_1	GCF_013388375.1_WP_162275460.1	55.131	419	621	99	419	181	4	3	415	204	621	0.0	592
lcl|NC_017455.1_prot_WP_014554119.1_1	GCF_009762325.1_WP_157708826.1	52.632	419	423	99	418	192	3	2	414	6	422	0.0	592
lcl|NC_017455.1_prot_WP_014554119.1_1	GCF_009363115.1_WP_025719755.1	64.477	419	443	98	411	143	2	2	412	3	410	0.0	592
lcl|NC_017455.1_prot_WP_014554119.1_1	GCF_002355955.1_WP_096400399.1	55.422	419	416	98	415	181	3	2	413	1	414	0.0	592
lcl|NC_017455.1_prot_WP_014554119.1_1	GCF_002243515.1_WP_227874327.1	62.560	419	438	99	414	152	2	3	416	11	421	0.0	592
lcl|NC_017455.1_prot_WP_014554119.1_1	GCF_001908725.1_WP_005987951.1	55.131	419	620	99	419	181	4	3	415	203	620	0.0	592
lcl|NC_017455.1_prot_WP_014554119.1_1	GCF_001704615.3_WP_065993535.1	55.609	419	422	99	419	180	3	2	415	1	418	0.0	592
lcl|NC_017455.1_prot_WP_014554119.1_1	GCF_000020465.1_WP_223294159.1	58.057	419	420	99	422	167	4	2	415	1	420	0.0	592
lcl|NC_017455.1_prot_WP_014554119.1_1	GCF_027557445.1_WP_269901699.1	52.745	419	418	99	419	192	3	2	415	1	418	0.0	592
lcl|NC_017455.1_prot_WP_014554119.1_1	GCF_026547205.1_WP_275422177.1	66.250	419	418	95	400	133	1	10	409	1	398	0.0	592
lcl|NC_017455.1_prot_WP_014554119.1_1	GCF_024206795.1_WP_090188603.1	54.415	419	424	99	419	184	3	2	414	6	423	0.0	592
lcl|NC_017455.1_prot_WP_014554119.1_1	GCF_021654775.1_WP_212981132.1	64.234	419	445	98	411	144	2	2	412	3	410	0.0	592
lcl|NC_017455.1_prot_WP_014554119.1_1	GCF_020886175.1_WP_012839098.1	54.415	419	420	99	419	185	3	2	415	1	418	0.0	592
lcl|NC_017455.1_prot_WP_014554119.1_1	GCF_004551575.1_WP_134833179.1	55.131	419	593	99	419	181	4	3	415	176	593	0.0	592
lcl|NC_017455.1_prot_WP_014554119.1_1	GCF_003966915.1_WP_026921881.1	55.609	419	420	99	419	180	3	2	415	1	418	0.0	592
lcl|NC_017455.1_prot_WP_014554119.1_1	GCF_003008555.2_WP_106474025.1	53.349	419	423	99	418	189	3	2	414	6	422	0.0	592
lcl|NC_017455.1_prot_WP_014554119.1_1	GCF_002983865.1_WP_050759042.1	53.589	419	432	99	418	188	3	2	414	15	431	0.0	592
lcl|NC_017455.1_prot_WP_014554119.1_1	GCF_002285515.1_WP_074065954.1	55.131	419	634	99	419	181	4	3	415	217	634	0.0	592
lcl|NC_017455.1_prot_WP_014554119.1_1	GCF_001696605.3_WP_068972889.1	55.370	419	422	99	419	181	3	2	415	1	418	0.0	592
lcl|NC_017455.1_prot_WP_014554119.1_1	GCF_000612505.1_WP_025332659.1	64.964	419	451	98	411	141	2	2	412	3	410	0.0	592
lcl|NC_017455.1_prot_WP_014554119.1_1	GCF_000319245.1_WP_015390028.1	52.983	419	418	99	419	191	3	2	415	1	418	0.0	592
lcl|NC_017455.1_prot_WP_014554119.1_1	GCF_000227705.2_WP_015256291.1	63.527	419	436	99	414	148	2	2	415	4	414	0.0	592
lcl|NC_017455.1_prot_WP_014554119.1_1	GCF_000183665.1_WP_013461690.1	53.938	419	423	99	419	187	3	2	415	4	421	0.0	592
lcl|NC_017455.1_prot_WP_014554119.1_1	GCF_028010245.1_WP_014091240.1	55.131	419	624	99	419	181	4	3	415	207	624	0.0	592
lcl|NC_017455.1_prot_WP_014554119.1_1	GCF_026000375.1_WP_264984164.1	57.692	419	415	99	416	173	2	2	415	1	415	0.0	592
lcl|NC_017455.1_prot_WP_014554119.1_1	GCF_025266575.1_WP_252161848.1	55.131	419	629	99	419	181	4	3	415	212	629	0.0	592
lcl|NC_017455.1_prot_WP_014554119.1_1	GCF_021654795.1_WP_168183008.1	66.184	419	430	99	414	137	2	2	415	3	413	0.0	592
lcl|NC_017455.1_prot_WP_014554119.1_1	GCF_020541305.1_WP_226806649.1	56.325	419	420	99	419	177	3	2	415	1	418	0.0	592
lcl|NC_017455.1_prot_WP_014554119.1_1	GCF_017724035.1_WP_029820492.1	55.131	419	624	99	419	181	4	3	415	207	624	0.0	592
lcl|NC_017455.1_prot_WP_014554119.1_1	GCF_014489475.1_WP_187711047.1	53.938	419	553	99	419	186	4	3	415	136	553	0.0	592
lcl|NC_017455.1_prot_WP_014554119.1_1	GCF_013347265.1_WP_110043812.1	62.712	419	453	99	413	151	2	2	414	4	413	0.0	592
lcl|NC_017455.1_prot_WP_014554119.1_1	GCF_013177355.1_WP_042823984.1	55.131	419	624	99	419	181	4	3	415	207	624	0.0	592
lcl|NC_017455.1_prot_WP_014554119.1_1	GCF_009883735.1_WP_159407733.1	55.131	419	613	99	419	181	4	3	415	196	613	0.0	592
lcl|NC_017455.1_prot_WP_014554119.1_1	GCF_009363095.1_WP_152399666.1	64.720	419	448	98	411	142	2	2	412	3	410	0.0	592
lcl|NC_017455.1_prot_WP_014554119.1_1	GCF_005952805.1_WP_138856852.1	53.333	419	421	99	420	189	3	2	415	1	419	0.0	592
lcl|NC_017455.1_prot_WP_014554119.1_1	GCF_005281475.1_WP_137401320.1	59.733	419	601	89	375	148	2	42	414	227	600	0.0	592
lcl|NC_017455.1_prot_WP_014554119.1_1	GCF_004135365.1_WP_129441911.1	64.649	419	443	99	413	143	2	2	414	4	413	0.0	592
lcl|NC_017455.1_prot_WP_014554119.1_1	GCF_003024525.3_WP_106986222.1	55.609	419	422	99	419	180	3	2	415	1	418	0.0	592
lcl|NC_017455.1_prot_WP_014554119.1_1	GCF_002240415.1_WP_007428117.1	64.477	419	444	98	411	143	2	2	412	3	410	0.0	592
lcl|NC_017455.1_prot_WP_014554119.1_1	GCF_002165375.2_WP_087513030.1	55.370	419	422	99	419	181	3	2	415	1	418	0.0	592
lcl|NC_017455.1_prot_WP_014554119.1_1	GCF_001483865.1_WP_058934867.1	53.461	419	420	99	419	189	3	2	415	1	418	0.0	592
lcl|NC_017455.1_prot_WP_014554119.1_1	GCF_001021085.1_WP_047264179.1	53.461	419	423	99	419	189	3	2	415	4	421	0.0	592
lcl|NC_017455.1_prot_WP_014554119.1_1	GCF_000981585.1_WP_046500839.1	63.504	419	452	98	411	147	2	2	412	3	410	0.0	592
lcl|NC_017455.1_prot_WP_014554119.1_1	GCF_000758665.1_WP_042209994.1	63.747	419	452	98	411	146	2	2	412	3	410	0.0	592
lcl|NC_017455.1_prot_WP_014554119.1_1	GCF_000755145.1_WP_044979407.1	56.190	419	548	99	420	179	3	4	419	128	546	0.0	592
lcl|NC_017455.1_prot_WP_014554119.1_1	GCF_000305935.1_WP_015051805.1	66.344	419	418	98	413	137	2	2	413	1	412	0.0	592
lcl|NC_017455.1_prot_WP_014554119.1_1	GCF_000284515.1_WP_014644849.1	61.667	419	428	99	420	157	2	2	419	4	421	0.0	592
lcl|NC_017455.1_prot_WP_014554119.1_1	GCF_000046845.1_WP_004924555.1	56.086	419	422	99	419	178	3	2	415	1	418	0.0	592
lcl|NC_017455.1_prot_WP_014554119.1_1	GCF_000020485.1_WP_015923520.1	80.723	419	418	99	415	80	0	1	415	1	415	0.0	592
lcl|NC_017455.1_prot_WP_014554119.1_1	GCF_000010205.1_WP_012461168.1	55.048	419	501	98	416	182	3	3	414	86	500	0.0	592
lcl|NC_017455.1_prot_WP_014554119.1_1	GCF_023824315.1_WP_116761404.1	55.609	419	422	99	419	180	3	2	415	1	418	0.0	591
lcl|NC_017455.1_prot_WP_014554119.1_1	GCF_018139125.1_WP_004940453.1	56.086	419	422	99	419	178	3	2	415	1	418	0.0	591
lcl|NC_017455.1_prot_WP_014554119.1_1	GCF_016801755.1_WP_025047434.1	53.828	419	423	99	418	187	3	2	414	6	422	0.0	591
lcl|NC_017455.1_prot_WP_014554119.1_1	GCF_006547045.1_WP_141624659.1	54.177	419	579	99	419	185	4	3	415	162	579	0.0	591
lcl|NC_017455.1_prot_WP_014554119.1_1	GCF_005577435.1_WP_138223994.1	63.747	419	447	98	411	146	2	2	412	3	410	0.0	591
lcl|NC_017455.1_prot_WP_014554119.1_1	GCF_002327105.1_WP_096297083.1	54.785	419	603	99	418	183	3	3	415	187	603	0.0	591
lcl|NC_017455.1_prot_WP_014554119.1_1	GCF_002214645.1_WP_011805564.1	54.654	419	420	99	419	184	3	2	415	1	418	0.0	591
lcl|NC_017455.1_prot_WP_014554119.1_1	GCF_001704115.1_WP_067556955.1	56.086	419	422	99	419	178	3	2	415	1	418	0.0	591
lcl|NC_017455.1_prot_WP_014554119.1_1	GCF_001644605.1_WP_068605131.1	65.133	419	444	99	413	141	2	2	414	3	412	0.0	591
lcl|NC_017455.1_prot_WP_014554119.1_1	GCF_000758705.1_WP_025703873.1	63.504	419	452	98	411	147	2	2	412	3	410	0.0	591
lcl|NC_017455.1_prot_WP_014554119.1_1	GCF_000612685.1_WP_043681821.1	54.177	419	418	99	419	186	3	2	415	1	418	0.0	591
lcl|NC_017455.1_prot_WP_014554119.1_1	GCF_000179015.2_WP_013519304.1	54.177	419	420	99	419	186	3	2	415	1	418	0.0	591
lcl|NC_017455.1_prot_WP_014554119.1_1	GCF_000012985.1_WP_011394275.1	58.810	419	420	99	420	166	4	2	415	1	419	0.0	591
lcl|NC_017455.1_prot_WP_014554119.1_1	GCF_000006985.1_WP_226986878.1	58.768	419	420	99	422	164	4	2	415	1	420	0.0	591
lcl|NC_017455.1_prot_WP_014554119.1_1	GCF_028748145.1_WP_212603855.1	55.370	419	592	99	419	182	3	2	416	169	586	0.0	591
lcl|NC_017455.1_prot_WP_014554119.1_1	GCF_024349785.1_WP_261935801.1	53.222	419	418	99	419	190	3	2	415	1	418	0.0	591
lcl|NC_017455.1_prot_WP_014554119.1_1	GCF_020923435.1_WP_230043659.1	66.828	419	436	99	413	134	2	2	414	1	410	0.0	591
lcl|NC_017455.1_prot_WP_014554119.1_1	GCF_019343495.1_WP_004278267.1	55.847	419	422	99	419	179	3	2	415	1	418	0.0	591
lcl|NC_017455.1_prot_WP_014554119.1_1	GCF_019297855.1_WP_219003028.1	53.349	419	423	99	418	189	3	2	414	6	422	0.0	591
lcl|NC_017455.1_prot_WP_014554119.1_1	GCF_019186805.1_WP_218240107.1	54.415	419	420	99	419	185	3	2	415	1	418	0.0	591
lcl|NC_017455.1_prot_WP_014554119.1_1	GCF_019141545.1_WP_045981904.1	54.654	419	423	99	419	184	3	2	415	6	423	0.0	591
lcl|NC_017455.1_prot_WP_014554119.1_1	GCF_018324105.1_WP_005007569.1	55.847	419	422	99	419	179	3	2	415	1	418	0.0	591
lcl|NC_017455.1_prot_WP_014554119.1_1	GCF_018207515.1_WP_173141115.1	63.747	419	452	98	411	146	2	2	412	3	410	0.0	591
lcl|NC_017455.1_prot_WP_014554119.1_1	GCF_016134045.1_WP_140195084.1	54.177	419	424	99	419	185	3	2	414	6	423	0.0	591
lcl|NC_017455.1_prot_WP_014554119.1_1	GCF_014397415.1_WP_187573705.1	54.177	419	564	99	419	185	4	3	415	147	564	0.0	591
lcl|NC_017455.1_prot_WP_014554119.1_1	GCF_014334095.1_WP_187334970.1	53.222	419	418	99	419	190	3	2	415	1	418	0.0	591
lcl|NC_017455.1_prot_WP_014554119.1_1	GCF_013363755.1_WP_175504526.1	53.938	419	420	99	419	187	3	2	415	1	418	0.0	591
lcl|NC_017455.1_prot_WP_014554119.1_1	GCF_012276695.1_WP_168606920.1	55.450	419	422	99	422	178	4	2	415	1	420	0.0	591
lcl|NC_017455.1_prot_WP_014554119.1_1	GCF_010918895.1_WP_004812998.1	55.847	419	422	99	419	179	3	2	415	1	418	0.0	591
lcl|NC_017455.1_prot_WP_014554119.1_1	GCF_009762795.1_WP_242012446.1	59.360	419	405	96	406	162	2	12	415	1	405	0.0	591
lcl|NC_017455.1_prot_WP_014554119.1_1	GCF_006575665.1_WP_141613442.1	59.467	419	601	89	375	149	2	42	414	227	600	0.0	591
lcl|NC_017455.1_prot_WP_014554119.1_1	GCF_004367585.1_WP_017382128.1	62.077	419	427	99	414	155	1	1	414	3	414	0.0	591
lcl|NC_017455.1_prot_WP_014554119.1_1	GCF_003258335.1_WP_005016165.1	56.325	419	420	99	419	177	3	2	415	1	418	0.0	591
lcl|NC_017455.1_prot_WP_014554119.1_1	GCF_001866075.3_WP_071319008.1	64.165	419	423	99	413	146	1	3	415	4	414	0.0	591
lcl|NC_017455.1_prot_WP_014554119.1_1	GCF_000961215.1_WP_015472881.1	55.131	419	632	99	419	181	4	3	415	215	632	0.0	591
lcl|NC_017455.1_prot_WP_014554119.1_1	GCF_000590925.1_WP_025311327.1	53.110	419	423	99	418	190	3	2	414	6	422	0.0	591
lcl|NC_017455.1_prot_WP_014554119.1_1	GCF_000196035.1_NP_466074.1	63.855	419	423	99	415	149	1	2	415	4	418	0.0	591
lcl|NC_017455.1_prot_WP_014554119.1_1	GCF_018406605.1_WP_213436965.1	54.893	419	585	99	419	182	4	3	415	168	585	0.0	590
lcl|NC_017455.1_prot_WP_014554119.1_1	GCF_017301775.1_WP_038236362.1	55.847	419	606	99	419	178	4	3	415	189	606	0.0	590
lcl|NC_017455.1_prot_WP_014554119.1_1	GCF_013260645.1_WP_173213352.1	51.659	419	421	99	422	195	4	2	415	1	421	0.0	590
lcl|NC_017455.1_prot_WP_014554119.1_1	GCF_009557235.1_WP_005095808.1	56.086	419	422	99	419	178	3	2	415	1	418	0.0	590
lcl|NC_017455.1_prot_WP_014554119.1_1	GCF_006274405.1_WP_126666906.1	64.477	419	445	98	411	143	2	2	412	3	410	0.0	590
lcl|NC_017455.1_prot_WP_014554119.1_1	GCF_004022565.1_WP_128354646.1	53.461	419	418	99	419	189	3	2	415	1	418	0.0	590
lcl|NC_017455.1_prot_WP_014554119.1_1	GCF_003963515.1_WP_126428894.1	66.828	419	436	99	413	134	2	2	414	1	410	0.0	590
lcl|NC_017455.1_prot_WP_014554119.1_1	GCF_003339525.1_WP_114562967.1	53.938	419	421	99	419	187	3	2	415	1	418	0.0	590
lcl|NC_017455.1_prot_WP_014554119.1_1	GCF_002355975.1_WP_096381802.1	54.415	419	600	99	419	184	4	3	415	183	600	0.0	590
lcl|NC_017455.1_prot_WP_014554119.1_1	GCF_002269345.1_WP_095012327.1	53.081	419	421	99	422	189	4	2	415	1	421	0.0	590
lcl|NC_017455.1_prot_WP_014554119.1_1	GCF_001999905.1_WP_077590181.1	65.049	419	427	98	412	142	1	2	413	4	413	0.0	590
lcl|NC_017455.1_prot_WP_014554119.1_1	GCF_000277895.2_WP_026113147.1	55.131	419	629	99	419	181	4	3	415	212	629	0.0	590
lcl|NC_017455.1_prot_WP_014554119.1_1	GCF_000018665.1_WP_012206705.1	54.177	419	420	99	419	186	3	2	415	1	418	0.0	590
lcl|NC_017455.1_prot_WP_014554119.1_1	GCF_000012345.1_WP_006997560.1	55.450	419	422	99	422	178	4	2	415	1	420	0.0	590
lcl|NC_017455.1_prot_WP_014554119.1_1	GCF_000011565.2_WP_011174771.1	57.452	419	461	99	416	173	3	3	415	47	461	0.0	590
lcl|NC_017455.1_prot_WP_014554119.1_1	GCF_900089455.2_WP_067760151.1	52.745	419	418	99	419	192	3	2	415	1	418	0.0	590
lcl|NC_017455.1_prot_WP_014554119.1_1	GCF_016027815.1_WP_016447451.1	53.938	419	420	99	419	187	3	2	415	1	418	0.0	590
lcl|NC_017455.1_prot_WP_014554119.1_1	GCF_009769165.1_WP_046977482.1	55.847	419	604	99	419	178	4	3	415	187	604	0.0	590
lcl|NC_017455.1_prot_WP_014554119.1_1	GCF_009755585.1_WP_115842697.1	53.461	419	555	99	419	188	4	3	415	138	555	0.0	590
lcl|NC_017455.1_prot_WP_014554119.1_1	GCF_009648575.1_WP_003772265.1	64.337	419	423	99	415	147	1	2	415	4	418	0.0	590
lcl|NC_017455.1_prot_WP_014554119.1_1	GCF_008087625.1_WP_246196625.1	57.317	419	411	97	410	169	3	10	414	1	409	0.0	590
lcl|NC_017455.1_prot_WP_014554119.1_1	GCF_002056725.1_WP_054065450.1	53.938	419	420	99	419	187	3	2	415	1	418	0.0	590
lcl|NC_017455.1_prot_WP_014554119.1_1	GCF_002005145.1_WP_238457898.1	65.664	419	435	95	399	136	1	12	410	1	398	0.0	590
lcl|NC_017455.1_prot_WP_014554119.1_1	GCF_000325705.1_WP_015264648.1	59.467	419	593	89	375	149	2	42	414	219	592	0.0	590
lcl|NC_017455.1_prot_WP_014554119.1_1	GCF_000237205.1_WP_013944565.1	56.971	419	481	99	416	175	3	3	415	67	481	0.0	590
lcl|NC_017455.1_prot_WP_014554119.1_1	GCF_000093085.1_WP_013174064.1	62.802	419	427	99	414	152	1	2	415	3	414	0.0	590
lcl|NC_017455.1_prot_WP_014554119.1_1	GCF_000018145.1_WP_012180110.1	54.785	419	423	99	418	183	3	2	414	6	422	0.0	590
lcl|NC_017455.1_prot_WP_014554119.1_1	GCF_026547225.1_WP_275419200.1	66.250	419	418	95	400	133	1	10	409	1	398	0.0	590
lcl|NC_017455.1_prot_WP_014554119.1_1	GCF_023702635.1_WP_251086475.1	56.635	419	422	99	422	174	5	2	415	1	421	0.0	590
lcl|NC_017455.1_prot_WP_014554119.1_1	GCF_023380025.1_WP_249454933.1	52.745	419	418	99	419	192	3	2	415	1	418	0.0	590
lcl|NC_017455.1_prot_WP_014554119.1_1	GCF_018409485.1_WP_004783562.1	55.609	419	422	99	419	180	3	2	415	1	418	0.0	590
lcl|NC_017455.1_prot_WP_014554119.1_1	GCF_018336855.1_WP_004955720.1	56.086	419	422	99	419	178	3	2	415	1	418	0.0	590
lcl|NC_017455.1_prot_WP_014554119.1_1	GCF_017815575.1_WP_022659360.1	56.386	419	431	98	415	177	3	2	413	16	429	0.0	590
lcl|NC_017455.1_prot_WP_014554119.1_1	GCF_016593255.1_WP_201354068.1	55.663	419	436	99	415	181	2	3	415	21	434	0.0	590
lcl|NC_017455.1_prot_WP_014554119.1_1	GCF_014681765.1_WP_092884391.1	53.828	419	423	99	418	187	3	2	414	6	422	0.0	590
lcl|NC_017455.1_prot_WP_014554119.1_1	GCF_012932215.1_WP_206040773.1	53.828	419	432	99	418	187	3	2	414	15	431	0.0	590
lcl|NC_017455.1_prot_WP_014554119.1_1	GCF_011300455.1_WP_166411092.1	52.267	419	418	99	419	194	3	2	415	1	418	0.0	590
lcl|NC_017455.1_prot_WP_014554119.1_1	GCF_008370835.2_WP_014501761.1	55.131	419	629	99	419	181	4	3	415	212	629	0.0	590
lcl|NC_017455.1_prot_WP_014554119.1_1	GCF_008119665.1_WP_148813779.1	53.461	419	421	99	419	189	3	2	415	1	418	0.0	590
lcl|NC_017455.1_prot_WP_014554119.1_1	GCF_003233695.1_WP_111265242.1	53.699	419	591	99	419	187	4	3	415	174	591	0.0	590
lcl|NC_017455.1_prot_WP_014554119.1_1	GCF_002741055.1_WP_077571028.1	64.964	419	441	98	411	141	2	2	412	3	410	0.0	590
lcl|NC_017455.1_prot_WP_014554119.1_1	GCF_001421015.2_WP_060531842.1	65.037	419	453	98	409	140	2	2	410	3	408	0.0	590
lcl|NC_017455.1_prot_WP_014554119.1_1	GCF_000758685.1_WP_038692962.1	63.990	419	453	98	411	145	2	2	412	3	410	0.0	590
lcl|NC_017455.1_prot_WP_014554119.1_1	GCF_000756615.1_WP_042204631.1	63.990	419	451	98	411	145	2	2	412	3	410	0.0	590
lcl|NC_017455.1_prot_WP_014554119.1_1	GCF_000144695.1_WP_013279165.1	72.222	419	418	99	414	114	1	2	415	1	413	0.0	590
lcl|NC_017455.1_prot_WP_014554119.1_1	GCF_000020525.1_WP_245527680.1	57.820	419	420	99	422	168	4	2	415	1	420	0.0	590
lcl|NC_017455.1_prot_WP_014554119.1_1	GCF_000015725.1_WP_036229752.1	54.415	419	420	99	419	185	3	2	415	1	418	0.0	590
lcl|NC_017455.1_prot_WP_014554119.1_1	GCF_021049305.1_WP_151123553.1	52.381	419	421	99	420	193	3	2	415	1	419	0.0	589
lcl|NC_017455.1_prot_WP_014554119.1_1	GCF_020463795.1_WP_226334890.1	60.000	419	586	89	375	147	2	42	414	212	585	0.0	589
lcl|NC_017455.1_prot_WP_014554119.1_1	GCF_014236795.1_WP_128420444.1	55.847	419	580	99	419	178	4	3	415	163	580	0.0	589
lcl|NC_017455.1_prot_WP_014554119.1_1	GCF_013347125.1_WP_037922671.1	53.461	419	432	99	419	189	3	1	414	14	431	0.0	589
lcl|NC_017455.1_prot_WP_014554119.1_1	GCF_009650095.1_WP_100358950.1	62.679	419	428	99	418	152	2	3	418	5	420	0.0	589
lcl|NC_017455.1_prot_WP_014554119.1_1	GCF_004803815.1_WP_002949963.1	56.386	419	448	99	415	178	2	3	415	35	448	0.0	589
lcl|NC_017455.1_prot_WP_014554119.1_1	GCF_003122425.1_WP_072550409.1	56.905	419	422	99	420	174	4	2	415	1	419	0.0	589
lcl|NC_017455.1_prot_WP_014554119.1_1	GCF_002504165.1_WP_088663068.1	54.415	419	424	99	419	184	3	2	414	6	423	0.0	589
lcl|NC_017455.1_prot_WP_014554119.1_1	GCF_001908275.1_WP_036607258.1	64.720	419	441	98	411	142	2	2	412	3	410	0.0	589
lcl|NC_017455.1_prot_WP_014554119.1_1	GCF_001611975.1_WP_066133694.1	55.981	419	418	99	418	178	3	2	414	1	417	0.0	589
lcl|NC_017455.1_prot_WP_014554119.1_1	GCF_000219355.1_WP_237697449.1	55.238	419	432	99	420	181	3	3	416	4	422	0.0	589
lcl|NC_017455.1_prot_WP_014554119.1_1	GCF_000215085.1_WP_013843655.1	66.010	419	447	97	406	137	1	5	410	12	416	0.0	589
lcl|NC_017455.1_prot_WP_014554119.1_1	GCF_000154785.2_WP_013963942.1	53.110	419	432	99	418	190	3	2	414	15	431	0.0	589
lcl|NC_017455.1_prot_WP_014554119.1_1	GCF_901538355.1_WP_261345334.1	57.895	419	420	98	418	168	4	4	414	1	417	0.0	589
lcl|NC_017455.1_prot_WP_014554119.1_1	GCF_022637495.1_WP_241952514.1	54.177	419	564	99	419	185	4	3	415	147	564	0.0	589
lcl|NC_017455.1_prot_WP_014554119.1_1	GCF_021249385.1_WP_209421396.1	55.847	419	420	99	419	179	3	2	415	1	418	0.0	589
lcl|NC_017455.1_prot_WP_014554119.1_1	GCF_018966525.1_WP_090834830.1	63.990	419	451	98	411	145	2	2	412	3	410	0.0	589
lcl|NC_017455.1_prot_WP_014554119.1_1	GCF_016495865.1_WP_200086254.1	63.768	419	432	99	414	148	1	2	415	4	415	0.0	589
lcl|NC_017455.1_prot_WP_014554119.1_1	GCF_011302055.1_WP_166092206.1	52.745	419	418	99	419	192	3	2	415	1	418	0.0	589
lcl|NC_017455.1_prot_WP_014554119.1_1	GCF_010119975.1_WP_162444643.1	59.200	419	624	89	375	150	2	43	415	251	624	0.0	589
lcl|NC_017455.1_prot_WP_014554119.1_1	GCF_009363895.1_WP_114227496.1	52.983	419	418	99	419	191	3	2	415	1	418	0.0	589
lcl|NC_017455.1_prot_WP_014554119.1_1	GCF_008369725.1_WP_068646990.1	65.196	419	446	97	408	139	2	2	409	3	407	0.0	589
lcl|NC_017455.1_prot_WP_014554119.1_1	GCF_005281455.1_WP_001054522.1	56.086	419	422	99	419	178	3	2	415	1	418	0.0	589
lcl|NC_017455.1_prot_WP_014554119.1_1	GCF_004358425.1_WP_133366318.1	53.318	419	421	99	422	188	4	2	415	1	421	0.0	589
lcl|NC_017455.1_prot_WP_014554119.1_1	GCF_003323815.1_WP_005085280.1	56.086	419	422	99	419	178	3	2	415	1	418	0.0	589
lcl|NC_017455.1_prot_WP_014554119.1_1	GCF_000021725.1_WP_015902786.1	56.386	419	441	99	415	178	2	3	415	28	441	0.0	589
lcl|NC_017455.1_prot_WP_014554119.1_1	GCF_021596945.1_WP_236138849.1	59.409	419	604	88	372	148	2	45	414	233	603	0.0	588
lcl|NC_017455.1_prot_WP_014554119.1_1	GCF_017498585.1_WP_004975162.1	55.609	419	422	99	419	180	3	2	415	1	418	0.0	588
lcl|NC_017455.1_prot_WP_014554119.1_1	GCF_016918765.2_WP_228349983.1	56.325	419	419	99	419	177	3	2	415	1	418	0.0	588
lcl|NC_017455.1_prot_WP_014554119.1_1	GCF_015482585.1_WP_239674557.1	64.059	419	431	98	409	145	1	2	410	4	410	0.0	588
lcl|NC_017455.1_prot_WP_014554119.1_1	GCF_014489595.1_WP_187737592.1	54.654	419	420	99	419	184	3	2	415	1	418	0.0	588
lcl|NC_017455.1_prot_WP_014554119.1_1	GCF_006740705.1_WP_142090182.1	63.768	419	431	99	414	148	1	2	415	3	414	0.0	588
lcl|NC_017455.1_prot_WP_014554119.1_1	GCF_003945345.1_WP_125662383.1	63.814	419	482	98	409	145	2	2	410	4	409	0.0	588
lcl|NC_017455.1_prot_WP_014554119.1_1	GCF_003351745.1_WP_114899648.1	55.847	419	423	99	419	179	3	2	415	1	418	0.0	588
lcl|NC_017455.1_prot_WP_014554119.1_1	GCF_003008575.1_WP_106684988.1	54.893	419	420	99	419	183	3	2	415	1	418	0.0	588
lcl|NC_017455.1_prot_WP_014554119.1_1	GCF_002795865.1_WP_100260095.1	51.659	419	421	99	422	195	4	2	415	1	421	0.0	588
lcl|NC_017455.1_prot_WP_014554119.1_1	GCF_001895265.1_WP_072711624.1	55.370	419	420	99	419	180	4	2	415	1	417	0.0	588
lcl|NC_017455.1_prot_WP_014554119.1_1	GCF_001028625.1_WP_047807149.1	52.607	419	421	99	422	191	4	2	415	1	421	0.0	588
lcl|NC_017455.1_prot_WP_014554119.1_1	GCF_000487995.2_WP_023276437.1	55.220	419	428	99	431	173	4	2	415	1	428	0.0	588
lcl|NC_017455.1_prot_WP_014554119.1_1	GCF_000195555.1_WP_003015002.1	55.131	419	420	99	419	181	4	2	415	1	417	0.0	588
lcl|NC_017455.1_prot_WP_014554119.1_1	GCF_016613535.2_WP_207526815.1	54.415	419	574	99	419	184	4	3	415	157	574	0.0	588
lcl|NC_017455.1_prot_WP_014554119.1_1	GCF_014395975.1_WP_187599620.1	54.415	419	420	99	419	185	3	2	415	1	418	0.0	588
lcl|NC_017455.1_prot_WP_014554119.1_1	GCF_012222825.1_WP_035721246.1	55.609	419	420	99	419	179	4	2	415	1	417	0.0	588
lcl|NC_017455.1_prot_WP_014554119.1_1	GCF_011578285.1_WP_166326459.1	55.609	419	422	99	419	180	3	2	415	1	418	0.0	588
lcl|NC_017455.1_prot_WP_014554119.1_1	GCF_003290445.1_WP_112869496.1	55.370	419	418	99	419	180	4	2	415	1	417	0.0	588
lcl|NC_017455.1_prot_WP_014554119.1_1	GCF_001889025.1_WP_072558404.1	52.267	419	418	99	419	194	3	2	415	1	418	0.0	588
lcl|NC_017455.1_prot_WP_014554119.1_1	GCF_001051995.2_WP_048710424.1	57.214	419	405	95	402	166	3	18	414	1	401	0.0	588
lcl|NC_017455.1_prot_WP_014554119.1_1	GCF_000819565.1_WP_043868087.1	53.222	419	422	99	419	190	3	2	415	5	422	0.0	588
lcl|NC_017455.1_prot_WP_014554119.1_1	GCF_000340905.1_WP_015389590.1	52.745	419	418	99	419	192	3	2	415	1	418	0.0	588
lcl|NC_017455.1_prot_WP_014554119.1_1	GCF_000265405.1_WP_014771245.1	59.409	419	597	88	372	148	2	45	414	226	596	0.0	588
lcl|NC_017455.1_prot_WP_014554119.1_1	GCF_000219045.1_WP_004287296.1	55.370	419	420	99	419	180	4	2	415	1	417	0.0	588
lcl|NC_017455.1_prot_WP_014554119.1_1	GCF_000191145.1_YP_004997780.1	56.325	419	422	99	419	177	3	2	415	1	418	0.0	588
lcl|NC_017455.1_prot_WP_014554119.1_1	GCF_000186245.1_WP_013554582.1	55.422	419	443	99	415	182	2	3	415	28	441	0.0	588
lcl|NC_017455.1_prot_WP_014554119.1_1	GCF_000185805.1_WP_013537197.1	59.615	419	423	99	416	163	4	3	415	10	423	0.0	588
lcl|NC_017455.1_prot_WP_014554119.1_1	GCF_910593725.1_WP_216797128.1	54.654	419	420	99	419	184	3	2	415	1	418	0.0	588
lcl|NC_017455.1_prot_WP_014554119.1_1	GCF_900187315.1_WP_011703229.1	64.337	419	423	99	415	147	1	2	415	4	418	0.0	588
lcl|NC_017455.1_prot_WP_014554119.1_1	GCF_028747985.1_WP_047914326.1	64.649	419	449	99	413	143	2	2	414	3	412	0.0	588
lcl|NC_017455.1_prot_WP_014554119.1_1	GCF_013347305.1_WP_110899531.1	63.768	419	441	99	414	147	2	2	415	3	413	0.0	588
lcl|NC_017455.1_prot_WP_014554119.1_1	GCF_013265585.1_WP_173224739.1	65.133	419	421	99	413	141	2	2	414	3	412	0.0	588
lcl|NC_017455.1_prot_WP_014554119.1_1	GCF_012222965.1_WP_133942554.1	55.609	419	420	99	419	179	4	2	415	1	417	0.0	588
lcl|NC_017455.1_prot_WP_014554119.1_1	GCF_005843985.1_WP_244924474.1	57.598	419	407	97	408	170	2	10	415	1	407	0.0	588
lcl|NC_017455.1_prot_WP_014554119.1_1	GCF_002370195.2_WP_016837260.1	61.631	419	425	99	417	158	1	2	418	3	417	0.0	588
lcl|NC_017455.1_prot_WP_014554119.1_1	GCF_002222655.1_WP_089416677.1	53.461	419	420	99	419	189	3	2	415	1	418	0.0	588
lcl|NC_017455.1_prot_WP_014554119.1_1	GCF_002216775.1_WP_089061325.1	62.740	419	426	99	416	151	2	2	415	4	417	0.0	588
lcl|NC_017455.1_prot_WP_014554119.1_1	GCF_002055515.1_WP_003655059.1	56.563	419	422	99	419	176	3	2	415	1	418	0.0	588
lcl|NC_017455.1_prot_WP_014554119.1_1	GCF_001442805.1_WP_057944870.1	54.415	419	591	99	419	184	4	3	415	174	591	0.0	588
lcl|NC_017455.1_prot_WP_014554119.1_1	GCF_001281485.1_WP_061926976.1	52.844	419	421	99	422	190	4	2	415	1	421	0.0	588
lcl|NC_017455.1_prot_WP_014554119.1_1	GCF_000973725.1_WP_046310403.1	60.215	419	581	88	372	145	2	45	414	210	580	0.0	588
lcl|NC_017455.1_prot_WP_014554119.1_1	GCF_000340865.1_WP_015397080.1	52.983	419	418	99	419	191	3	2	415	1	418	0.0	588
lcl|NC_017455.1_prot_WP_014554119.1_1	GCF_000340825.1_WP_015238469.1	53.699	419	418	99	419	188	3	2	415	1	418	0.0	588
lcl|NC_017455.1_prot_WP_014554119.1_1	GCF_000196795.1_WP_004794523.1	56.325	419	422	99	419	177	3	2	415	1	418	0.0	588
lcl|NC_017455.1_prot_WP_014554119.1_1	GCF_000183725.1_WP_013459409.1	54.567	419	441	99	416	185	3	3	415	24	438	0.0	588
lcl|NC_017455.1_prot_WP_014554119.1_1	GCF_020541325.1_WP_226809637.1	54.654	419	420	99	419	184	3	2	415	1	418	0.0	587
lcl|NC_017455.1_prot_WP_014554119.1_1	GCF_017086365.1_WP_054944063.1	63.747	419	452	98	411	146	2	2	412	3	410	0.0	587
lcl|NC_017455.1_prot_WP_014554119.1_1	GCF_013122135.1_WP_016144371.1	56.325	419	422	99	419	177	3	2	415	1	418	0.0	587
lcl|NC_017455.1_prot_WP_014554119.1_1	GCF_008973485.1_WP_151698868.1	63.017	419	427	98	411	150	1	3	413	5	413	0.0	587
lcl|NC_017455.1_prot_WP_014554119.1_1	GCF_007998985.1_WP_147494001.1	52.745	419	418	99	419	192	3	2	415	1	418	0.0	587
lcl|NC_017455.1_prot_WP_014554119.1_1	GCF_003931855.1_WP_125081586.1	64.477	419	448	98	411	143	2	2	412	3	410	0.0	587
lcl|NC_017455.1_prot_WP_014554119.1_1	GCF_002192415.1_WP_087919058.1	63.504	419	449	98	411	147	2	2	412	3	410	0.0	587
lcl|NC_017455.1_prot_WP_014554119.1_1	GCF_001857945.1_WP_068658964.1	64.096	419	465	99	415	146	2	2	416	3	414	0.0	587
lcl|NC_017455.1_prot_WP_014554119.1_1	GCF_001499655.1_WP_032124870.1	56.971	419	460	99	416	175	3	3	415	46	460	0.0	587
lcl|NC_017455.1_prot_WP_014554119.1_1	GCF_000092785.1_WP_013182698.1	56.731	419	451	99	416	176	3	3	415	37	451	0.0	587
lcl|NC_017455.1_prot_WP_014554119.1_1	GCF_000027145.1_WP_012986456.1	64.096	419	423	99	415	148	1	2	415	4	418	0.0	587
lcl|NC_017455.1_prot_WP_014554119.1_1	GCF_000013605.1_WP_011465176.1	55.609	419	420	99	419	180	3	2	415	1	418	0.0	587
lcl|NC_017455.1_prot_WP_014554119.1_1	GCF_028771845.1_WP_063567654.1	63.990	419	441	98	411	145	2	2	412	3	410	0.0	587
lcl|NC_017455.1_prot_WP_014554119.1_1	GCF_019916085.1_WP_261345503.1	58.400	419	488	89	375	154	1	43	415	114	488	0.0	587
lcl|NC_017455.1_prot_WP_014554119.1_1	GCF_019704495.1_WP_049467605.1	54.893	419	583	99	419	182	4	3	415	166	583	0.0	587
lcl|NC_017455.1_prot_WP_014554119.1_1	GCF_018687595.1_WP_112294740.1	55.131	419	420	99	419	182	3	2	415	1	418	0.0	587
lcl|NC_017455.1_prot_WP_014554119.1_1	GCF_009884975.1_WP_005146524.1	56.563	419	422	99	419	176	3	2	415	1	418	0.0	587
lcl|NC_017455.1_prot_WP_014554119.1_1	GCF_004803795.1_WP_002945468.1	56.386	419	449	99	415	178	2	3	415	35	448	0.0	587
lcl|NC_017455.1_prot_WP_014554119.1_1	GCF_003585765.1_WP_025609297.1	60.215	419	581	88	372	145	2	45	414	210	580	0.0	587
lcl|NC_017455.1_prot_WP_014554119.1_1	GCF_003355455.1_WP_115415573.1	52.370	419	421	99	422	192	4	2	415	1	421	0.0	587
lcl|NC_017455.1_prot_WP_014554119.1_1	GCF_002211785.1_WP_088772841.1	55.131	419	420	99	419	181	4	2	415	1	417	0.0	587
lcl|NC_017455.1_prot_WP_014554119.1_1	GCF_002056795.1_WP_080055199.1	56.959	419	739	92	388	164	2	31	415	352	739	0.0	587
lcl|NC_017455.1_prot_WP_014554119.1_1	GCF_001611675.1_WP_068838339.1	59.677	419	637	88	372	147	2	45	414	266	636	0.0	587
lcl|NC_017455.1_prot_WP_014554119.1_1	GCF_001027545.1_WP_052571573.1	56.250	419	418	99	416	178	3	2	414	1	415	0.0	587
lcl|NC_017455.1_prot_WP_014554119.1_1	GCF_000815225.1_WP_039125570.1	55.609	419	420	99	419	179	4	2	415	1	417	0.0	587
lcl|NC_017455.1_prot_WP_014554119.1_1	GCF_000763515.1_WP_014093761.1	64.096	419	423	99	415	148	1	2	415	4	418	0.0	587
lcl|NC_017455.1_prot_WP_014554119.1_1	GCF_000222485.1_WP_014019233.1	60.000	419	603	88	370	145	2	47	414	234	602	0.0	587
lcl|NC_017455.1_prot_WP_014554119.1_1	GCF_000212415.1_WP_013759224.1	58.993	419	577	99	417	166	3	2	414	157	572	0.0	587
lcl|NC_017455.1_prot_WP_014554119.1_1	GCF_900638015.1_WP_115345986.1	64.337	419	423	99	415	147	1	2	415	4	418	0.0	587
lcl|NC_017455.1_prot_WP_014554119.1_1	GCF_900475405.1_WP_005411276.1	54.893	419	583	99	419	182	4	3	415	166	583	0.0	587
lcl|NC_017455.1_prot_WP_014554119.1_1	GCF_022869785.1_WP_234653601.1	54.436	419	635	98	417	184	2	5	415	219	635	0.0	587
lcl|NC_017455.1_prot_WP_014554119.1_1	GCF_016117655.1_WP_198443450.1	58.313	419	594	98	415	168	3	4	414	175	588	0.0	587
lcl|NC_017455.1_prot_WP_014554119.1_1	GCF_011578045.1_WP_166008420.1	55.370	419	422	99	419	181	3	2	415	1	418	0.0	587
lcl|NC_017455.1_prot_WP_014554119.1_1	GCF_009914475.1_WP_005182456.1	55.609	419	422	99	419	180	3	2	415	1	418	0.0	587
lcl|NC_017455.1_prot_WP_014554119.1_1	GCF_009363075.1_WP_152395683.1	63.196	419	449	99	413	149	2	2	414	3	412	0.0	587
lcl|NC_017455.1_prot_WP_014554119.1_1	GCF_008245125.1_WP_042792818.1	52.745	419	419	99	419	192	3	2	415	1	418	0.0	587
lcl|NC_017455.1_prot_WP_014554119.1_1	GCF_006974105.1_WP_142812041.1	54.415	419	420	99	419	185	3	2	415	1	418	0.0	587
lcl|NC_017455.1_prot_WP_014554119.1_1	GCF_004683865.2_WP_135314105.1	54.654	419	423	99	419	184	3	2	415	6	423	0.0	587
lcl|NC_017455.1_prot_WP_014554119.1_1	GCF_003260975.1_WP_112783971.1	59.467	419	606	89	375	149	2	42	414	232	605	0.0	587
lcl|NC_017455.1_prot_WP_014554119.1_1	GCF_001747405.1_WP_236848300.1	58.768	419	420	99	422	164	4	2	415	1	420	0.0	587
lcl|NC_017455.1_prot_WP_014554119.1_1	GCF_001308265.1_WP_062218120.1	53.461	419	423	99	419	189	3	2	415	6	423	0.0	587
lcl|NC_017455.1_prot_WP_014554119.1_1	GCF_001307805.1_WP_068446825.1	60.859	419	426	99	419	160	2	2	418	4	420	0.0	587
lcl|NC_017455.1_prot_WP_014554119.1_1	GCF_000756505.1_WP_014789917.1	59.517	419	575	89	373	148	2	45	415	204	575	0.0	587
lcl|NC_017455.1_prot_WP_014554119.1_1	GCF_000265385.1_WP_014781201.1	57.527	419	575	88	372	155	2	45	414	204	574	0.0	587
lcl|NC_017455.1_prot_WP_014554119.1_1	GCF_000194135.1_WP_013681179.1	59.122	419	432	99	433	157	5	1	415	1	431	0.0	587
lcl|NC_017455.1_prot_WP_014554119.1_1	GCF_000016345.1_WP_011903147.1	54.893	419	420	99	419	183	3	2	415	1	418	0.0	587
lcl|NC_017455.1_prot_WP_014554119.1_1	GCF_900636675.1_WP_006218533.1	52.745	419	419	99	419	192	3	2	415	1	418	0.0	586
lcl|NC_017455.1_prot_WP_014554119.1_1	GCF_026871175.1_WP_036089624.1	63.285	419	423	99	414	151	1	2	414	4	417	0.0	586
lcl|NC_017455.1_prot_WP_014554119.1_1	GCF_020519665.1_WP_226516047.1	62.470	419	424	99	413	153	1	3	415	4	414	0.0	586
lcl|NC_017455.1_prot_WP_014554119.1_1	GCF_018685455.1_WP_112203728.1	55.131	419	420	99	419	182	3	2	415	1	418	0.0	586
lcl|NC_017455.1_prot_WP_014554119.1_1	GCF_014117445.1_WP_182295909.1	51.313	419	418	99	419	198	3	2	415	1	418	0.0	586
lcl|NC_017455.1_prot_WP_014554119.1_1	GCF_003991425.1_WP_126994531.1	64.493	419	446	99	414	144	2	2	415	3	413	0.0	586
lcl|NC_017455.1_prot_WP_014554119.1_1	GCF_001698205.1_WP_067675837.1	53.081	419	421	99	422	189	4	2	415	1	421	0.0	586
lcl|NC_017455.1_prot_WP_014554119.1_1	GCF_001547755.1_WP_066044259.1	55.396	419	420	98	417	180	3	2	413	1	416	0.0	586
lcl|NC_017455.1_prot_WP_014554119.1_1	GCF_001298465.1_WP_054196565.1	56.867	419	447	99	415	176	2	3	415	34	447	0.0	586
lcl|NC_017455.1_prot_WP_014554119.1_1	GCF_000987835.1_WP_046550475.1	55.904	419	441	99	415	180	2	3	415	28	441	0.0	586
lcl|NC_017455.1_prot_WP_014554119.1_1	GCF_000176915.2_WP_013513824.1	58.413	419	439	99	416	170	2	2	415	25	439	0.0	586
lcl|NC_017455.1_prot_WP_014554119.1_1	GCF_910589745.1_WP_252158077.1	58.602	419	549	88	372	151	2	45	414	178	548	0.0	586
lcl|NC_017455.1_prot_WP_014554119.1_1	GCF_900183975.1_WP_040762174.1	55.131	419	613	99	419	181	4	3	415	196	613	0.0	586
lcl|NC_017455.1_prot_WP_014554119.1_1	GCF_028743495.1_WP_144089049.1	61.667	419	424	99	420	157	2	2	419	5	422	0.0	586
lcl|NC_017455.1_prot_WP_014554119.1_1	GCF_023821985.2_WP_235164419.1	59.259	419	611	90	378	152	1	40	415	234	611	0.0	586
lcl|NC_017455.1_prot_WP_014554119.1_1	GCF_023169945.1_WP_248352708.1	55.370	419	439	98	419	177	4	4	413	15	432	0.0	586
lcl|NC_017455.1_prot_WP_014554119.1_1	GCF_022493915.1_WP_011795734.1	54.177	419	420	99	419	186	3	2	415	1	418	0.0	586
lcl|NC_017455.1_prot_WP_014554119.1_1	GCF_016495725.1_WP_200125886.1	63.527	419	432	99	414	149	1	2	415	4	415	0.0	586
lcl|NC_017455.1_prot_WP_014554119.1_1	GCF_013267375.1_WP_043541410.1	52.745	419	419	99	419	192	3	2	415	1	418	0.0	586
lcl|NC_017455.1_prot_WP_014554119.1_1	GCF_010119935.1_WP_162354947.1	63.680	419	454	99	413	147	2	2	414	4	413	0.0	586
lcl|NC_017455.1_prot_WP_014554119.1_1	GCF_006970865.1_WP_077562843.1	55.847	419	420	99	419	179	3	2	415	1	418	0.0	586
lcl|NC_017455.1_prot_WP_014554119.1_1	GCF_003065365.1_WP_108469242.1	55.370	419	420	99	419	181	3	2	415	1	418	0.0	586
lcl|NC_017455.1_prot_WP_014554119.1_1	GCF_001442745.1_WP_057916262.1	54.415	419	587	99	419	184	4	3	415	170	587	0.0	586
lcl|NC_017455.1_prot_WP_014554119.1_1	GCF_001307195.1_WP_054580198.1	55.847	419	422	99	419	179	3	2	415	1	418	0.0	586
lcl|NC_017455.1_prot_WP_014554119.1_1	GCF_000505725.1_WP_014714856.1	55.370	419	420	99	419	180	4	2	415	1	417	0.0	586
lcl|NC_017455.1_prot_WP_014554119.1_1	GCF_000307165.1_WP_015010781.1	61.614	419	426	97	409	153	2	3	409	5	411	0.0	586
lcl|NC_017455.1_prot_WP_014554119.1_1	GCF_000024985.1_WP_012871486.1	62.651	419	417	99	415	154	1	3	417	4	417	0.0	586
lcl|NC_017455.1_prot_WP_014554119.1_1	GCF_020080045.1_WP_224149635.1	54.654	419	420	99	419	184	3	2	415	1	418	0.0	585
lcl|NC_017455.1_prot_WP_014554119.1_1	GCF_013372205.1_WP_211436411.1	56.386	419	447	99	415	178	2	3	415	34	447	0.0	585
lcl|NC_017455.1_prot_WP_014554119.1_1	GCF_001050135.1_WP_048640957.1	56.235	419	613	97	409	169	5	8	414	212	612	0.0	585
lcl|NC_017455.1_prot_WP_014554119.1_1	GCF_000828915.1_WP_045535698.1	54.893	419	420	99	419	183	3	2	415	1	418	0.0	585
lcl|NC_017455.1_prot_WP_014554119.1_1	GCF_000219725.1_WP_013969056.1	58.993	419	617	99	417	166	3	2	414	195	610	0.0	585
lcl|NC_017455.1_prot_WP_014554119.1_1	GCF_000020505.1_WP_232203960.1	58.531	419	420	99	422	165	4	2	415	1	420	0.0	585
lcl|NC_017455.1_prot_WP_014554119.1_1	GCF_018604145.1_WP_214626620.1	63.133	419	448	99	415	150	2	2	416	4	415	0.0	585
lcl|NC_017455.1_prot_WP_014554119.1_1	GCF_014489495.1_WP_187715552.1	52.732	419	418	99	421	189	4	2	415	1	418	0.0	585
lcl|NC_017455.1_prot_WP_014554119.1_1	GCF_003534205.1_WP_036063329.1	63.285	419	423	99	414	151	1	2	414	4	417	0.0	585
lcl|NC_017455.1_prot_WP_014554119.1_1	GCF_002224365.1_WP_089530617.1	62.981	419	426	99	416	150	2	2	415	4	417	0.0	585
lcl|NC_017455.1_prot_WP_014554119.1_1	GCF_000521505.1_WP_025372554.1	54.177	419	418	99	419	186	3	2	415	1	418	0.0	585
lcl|NC_017455.1_prot_WP_014554119.1_1	GCF_000235585.1_WP_014279136.1	63.260	419	444	98	411	148	2	2	412	3	410	0.0	585
lcl|NC_017455.1_prot_WP_014554119.1_1	GCF_000015125.1_WP_223294326.1	58.294	419	420	99	422	166	4	2	415	1	420	0.0	585
lcl|NC_017455.1_prot_WP_014554119.1_1	GCF_028596105.1_WP_207373253.1	53.938	419	420	99	419	187	3	2	415	1	418	0.0	585
lcl|NC_017455.1_prot_WP_014554119.1_1	GCF_020162115.1_WP_043703293.1	55.714	419	421	99	420	179	3	2	415	1	419	0.0	585
lcl|NC_017455.1_prot_WP_014554119.1_1	GCF_013307245.1_WP_173942976.1	55.847	419	420	99	419	179	3	2	415	1	418	0.0	585
lcl|NC_017455.1_prot_WP_014554119.1_1	GCF_013307225.1_WP_173956026.1	54.415	419	420	99	419	185	3	2	415	1	418	0.0	585
lcl|NC_017455.1_prot_WP_014554119.1_1	GCF_002021945.1_WP_069632666.1	55.663	419	451	99	415	181	2	3	415	38	451	0.0	585
lcl|NC_017455.1_prot_WP_014554119.1_1	GCF_001275365.1_WP_064460795.1	54.654	419	420	99	419	183	4	2	415	1	417	0.0	585
lcl|NC_017455.1_prot_WP_014554119.1_1	GCF_000743945.1_WP_038499452.1	52.506	419	418	99	419	193	3	2	415	1	418	0.0	585
lcl|NC_017455.1_prot_WP_014554119.1_1	GCF_000218895.1_WP_013929372.1	58.995	419	608	90	378	153	1	40	415	231	608	0.0	585
lcl|NC_017455.1_prot_WP_014554119.1_1	GCF_000176855.2_WP_013594977.1	54.177	419	420	99	419	186	3	2	415	1	418	0.0	585
lcl|NC_017455.1_prot_WP_014554119.1_1	GCF_000092405.1_WP_013176448.1	65.937	419	418	98	411	139	1	2	412	1	410	0.0	585
lcl|NC_017455.1_prot_WP_014554119.1_1	GCF_000023825.1_WP_015808876.1	59.459	419	615	88	370	147	2	47	414	246	614	0.0	585
lcl|NC_017455.1_prot_WP_014554119.1_1	GCF_016613475.2_WP_200608521.1	53.222	419	574	99	419	189	4	3	415	157	574	0.0	584
lcl|NC_017455.1_prot_WP_014554119.1_1	GCF_014931715.1_WP_197549099.1	55.422	419	440	99	415	182	2	3	415	25	438	0.0	584
lcl|NC_017455.1_prot_WP_014554119.1_1	GCF_014489535.1_WP_187724795.1	53.938	419	420	99	419	187	3	2	415	1	418	0.0	584
lcl|NC_017455.1_prot_WP_014554119.1_1	GCF_013372125.1_WP_009651463.1	56.386	419	446	99	415	178	2	3	415	33	446	0.0	584
lcl|NC_017455.1_prot_WP_014554119.1_1	GCF_009833965.1_WP_159990721.1	53.222	419	418	99	419	190	3	2	415	1	418	0.0	584
lcl|NC_017455.1_prot_WP_014554119.1_1	GCF_002407265.1_WP_066703479.1	53.461	419	423	99	419	189	3	2	415	6	423	0.0	584
lcl|NC_017455.1_prot_WP_014554119.1_1	GCF_023822005.2_WP_234612102.1	59.524	419	624	90	378	151	1	40	415	247	624	0.0	584
lcl|NC_017455.1_prot_WP_014554119.1_1	GCF_017569185.1_WP_208078038.1	56.989	419	570	88	372	157	2	45	414	199	569	0.0	584
lcl|NC_017455.1_prot_WP_014554119.1_1	GCF_015209745.1_WP_194034762.1	54.893	419	629	99	419	182	4	3	415	212	629	0.0	584
lcl|NC_017455.1_prot_WP_014554119.1_1	GCF_002158865.1_WP_087280447.1	54.762	419	421	99	420	183	3	2	415	1	419	0.0	584
lcl|NC_017455.1_prot_WP_014554119.1_1	GCF_001719165.1_WP_034902697.1	51.896	419	421	99	422	194	5	2	415	1	421	0.0	584
lcl|NC_017455.1_prot_WP_014554119.1_1	GCF_017498525.1_WP_208008166.1	56.190	419	421	99	420	177	3	2	415	1	419	0.0	583
lcl|NC_017455.1_prot_WP_014554119.1_1	GCF_016925655.1_WP_205443534.1	52.844	419	421	99	422	190	4	2	415	1	421	0.0	583
lcl|NC_017455.1_prot_WP_014554119.1_1	GCF_016894445.1_WP_204664058.1	59.259	419	613	90	378	152	1	40	415	236	613	0.0	583
lcl|NC_017455.1_prot_WP_014554119.1_1	GCF_009931655.1_WP_161890372.1	60.215	419	612	88	372	145	2	45	414	241	611	0.0	583
lcl|NC_017455.1_prot_WP_014554119.1_1	GCF_003008595.1_WP_106445087.1	53.938	419	420	99	419	187	3	2	415	1	418	0.0	583
lcl|NC_017455.1_prot_WP_014554119.1_1	GCF_002355295.1_WP_232526381.1	54.415	419	583	99	419	184	4	3	415	166	583	0.0	583
lcl|NC_017455.1_prot_WP_014554119.1_1	GCF_000022145.1_WP_041450427.1	54.654	419	437	98	419	180	4	4	413	15	432	0.0	583
lcl|NC_017455.1_prot_WP_014554119.1_1	GCF_900096765.1_WP_114638386.1	54.654	419	420	99	419	184	3	2	415	1	418	0.0	583
lcl|NC_017455.1_prot_WP_014554119.1_1	GCF_016406105.1_WP_198827827.1	66.102	419	426	99	413	137	2	2	414	1	410	0.0	583
lcl|NC_017455.1_prot_WP_014554119.1_1	GCF_005473905.2_WP_137698897.1	59.948	419	753	91	382	151	2	37	417	368	748	0.0	583
lcl|NC_017455.1_prot_WP_014554119.1_1	GCF_003952225.1_WP_126013215.1	62.954	419	459	99	413	150	2	2	414	4	413	0.0	583
lcl|NC_017455.1_prot_WP_014554119.1_1	GCF_003013695.1_WP_106846115.1	54.654	419	420	99	419	184	3	2	415	1	418	0.0	583
lcl|NC_017455.1_prot_WP_014554119.1_1	GCF_001692755.1_WP_003513713.1	57.933	419	650	99	416	170	4	3	417	237	648	0.0	583
lcl|NC_017455.1_prot_WP_014554119.1_1	GCF_901538265.1_WP_261361178.1	58.753	419	419	98	417	164	4	4	413	1	416	0.0	583
lcl|NC_017455.1_prot_WP_014554119.1_1	GCF_016592595.1_WP_201340649.1	54.415	419	420	99	419	185	3	2	415	1	418	0.0	583
lcl|NC_017455.1_prot_WP_014554119.1_1	GCF_016592575.1_WP_201328275.1	58.173	419	418	99	416	169	4	3	415	4	417	0.0	583
lcl|NC_017455.1_prot_WP_014554119.1_1	GCF_004353865.1_WP_066151301.1	54.177	419	420	99	419	186	3	2	415	1	418	0.0	583
lcl|NC_017455.1_prot_WP_014554119.1_1	GCF_003336365.1_WP_114373149.1	63.285	419	431	99	414	150	1	2	415	3	414	0.0	583
lcl|NC_017455.1_prot_WP_014554119.1_1	GCF_003325355.1_WP_114066332.1	58.995	419	604	90	378	153	1	40	415	227	604	0.0	583
lcl|NC_017455.1_prot_WP_014554119.1_1	GCF_002831565.1_WP_100987302.1	57.216	419	760	92	388	163	2	31	415	373	760	0.0	583
lcl|NC_017455.1_prot_WP_014554119.1_1	GCF_002302565.1_WP_095900309.1	58.713	419	584	89	373	151	2	45	415	213	584	0.0	583
lcl|NC_017455.1_prot_WP_014554119.1_1	GCF_000974425.1_WP_046575237.1	57.216	419	762	92	388	163	2	31	415	375	762	0.0	583
lcl|NC_017455.1_prot_WP_014554119.1_1	GCF_000725365.1_WP_038564034.1	62.291	419	428	99	419	154	2	2	418	4	420	0.0	583
lcl|NC_017455.1_prot_WP_014554119.1_1	GCF_000215705.1_WP_041675451.1	55.714	419	421	99	420	179	3	2	415	1	419	0.0	583
lcl|NC_017455.1_prot_WP_014554119.1_1	GCF_000184705.1_WP_042500764.1	63.971	419	411	97	408	146	1	8	415	2	408	0.0	583
lcl|NC_017455.1_prot_WP_014554119.1_1	GCF_000165715.2_WP_218916519.1	57.074	419	431	98	417	173	3	3	414	14	429	0.0	583
lcl|NC_017455.1_prot_WP_014554119.1_1	GCF_000020625.1_WP_244148034.1	57.957	419	420	99	421	167	4	2	414	1	419	0.0	583
lcl|NC_017455.1_prot_WP_014554119.1_1	GCF_000011245.1_WP_011067397.1	61.814	419	426	99	419	156	2	2	418	4	420	0.0	583
lcl|NC_017455.1_prot_WP_014554119.1_1	GCF_026013645.1_WP_209463014.1	62.291	419	426	99	419	154	2	2	418	4	420	0.0	582
lcl|NC_017455.1_prot_WP_014554119.1_1	GCF_016757735.1_WP_202336820.1	56.989	419	566	88	372	157	2	45	414	195	565	0.0	582
lcl|NC_017455.1_prot_WP_014554119.1_1	GCF_015209725.1_WP_193987131.1	54.893	419	617	99	419	182	4	3	415	200	617	0.0	582
lcl|NC_017455.1_prot_WP_014554119.1_1	GCF_014352875.1_WP_187482575.1	57.258	419	562	88	372	156	2	45	414	191	561	0.0	582
lcl|NC_017455.1_prot_WP_014554119.1_1	GCF_010092985.1_WP_162427558.1	60.215	419	606	88	372	145	2	45	414	235	605	0.0	582
lcl|NC_017455.1_prot_WP_014554119.1_1	GCF_006542275.1_WP_141447899.1	64.234	419	450	98	411	144	2	2	412	3	410	0.0	582
lcl|NC_017455.1_prot_WP_014554119.1_1	GCF_002277935.1_WP_005875733.1	59.179	419	431	99	414	168	1	2	415	5	417	0.0	582
lcl|NC_017455.1_prot_WP_014554119.1_1	GCF_001922385.1_WP_107525078.1	54.839	419	402	95	403	176	3	18	415	1	402	0.0	582
lcl|NC_017455.1_prot_WP_014554119.1_1	GCF_000812665.2_WP_039002873.1	53.110	419	423	99	418	190	3	2	414	6	422	0.0	582
lcl|NC_017455.1_prot_WP_014554119.1_1	GCF_000019785.1_WP_012347825.1	53.222	419	420	99	419	190	3	2	415	1	418	0.0	582
lcl|NC_017455.1_prot_WP_014554119.1_1	GCF_900638485.1_WP_104725126.1	55.904	419	443	99	415	180	2	3	415	28	441	0.0	582
lcl|NC_017455.1_prot_WP_014554119.1_1	GCF_018075365.1_WP_050351168.1	62.291	419	427	99	419	154	2	2	418	4	420	0.0	582
lcl|NC_017455.1_prot_WP_014554119.1_1	GCF_016592615.1_WP_201339059.1	53.461	419	420	99	419	189	3	2	415	1	418	0.0	582
lcl|NC_017455.1_prot_WP_014554119.1_1	GCF_014784055.1_WP_088354409.1	57.258	419	568	88	372	156	2	45	414	197	567	0.0	582
lcl|NC_017455.1_prot_WP_014554119.1_1	GCF_012849095.1_WP_169284577.1	64.010	419	438	99	414	144	3	1	414	1	409	0.0	582
lcl|NC_017455.1_prot_WP_014554119.1_1	GCF_008932225.1_WP_067465250.1	52.133	419	421	99	422	193	4	2	415	1	421	0.0	582
lcl|NC_017455.1_prot_WP_014554119.1_1	GCF_002849835.1_WP_077706430.1	62.530	419	427	99	419	153	2	2	418	4	420	0.0	582
lcl|NC_017455.1_prot_WP_014554119.1_1	GCF_002197645.1_WP_088269222.1	59.658	419	430	98	409	164	1	2	410	5	412	0.0	582
lcl|NC_017455.1_prot_WP_014554119.1_1	GCF_001955735.1_WP_075587125.1	55.000	419	421	99	420	182	3	2	415	1	419	0.0	582
lcl|NC_017455.1_prot_WP_014554119.1_1	GCF_001880225.1_WP_071663903.1	55.609	419	420	99	419	179	4	2	415	1	417	0.0	582
lcl|NC_017455.1_prot_WP_014554119.1_1	GCF_000233775.1_WP_014162734.1	64.806	419	482	98	412	144	1	3	414	70	480	0.0	582
lcl|NC_017455.1_prot_WP_014554119.1_1	GCF_026168555.1_WP_265559852.1	52.607	419	421	99	422	191	4	2	415	1	421	0.0	582
lcl|NC_017455.1_prot_WP_014554119.1_1	GCF_004296475.1_WP_130616808.1	56.667	419	420	99	420	175	4	2	415	1	419	0.0	582
lcl|NC_017455.1_prot_WP_014554119.1_1	GCF_002157165.1_WP_026436794.1	54.177	419	420	99	419	186	3	2	415	1	418	0.0	582
lcl|NC_017455.1_prot_WP_014554119.1_1	GCF_001548275.1_WP_068514893.1	56.250	419	432	98	416	177	4	4	415	18	432	0.0	582
lcl|NC_017455.1_prot_WP_014554119.1_1	GCF_000265505.1_WP_014798679.1	61.290	419	651	88	372	141	2	45	414	280	650	0.0	582
lcl|NC_017455.1_prot_WP_014554119.1_1	GCF_000017805.1_WP_041332171.1	60.386	419	415	99	414	163	1	2	415	1	413	0.0	582
lcl|NC_017455.1_prot_WP_014554119.1_1	GCF_000015565.1_WP_011810350.1	53.699	419	420	99	419	188	3	2	415	1	418	0.0	582
lcl|NC_017455.1_prot_WP_014554119.1_1	GCF_011388215.1_WP_166226672.1	53.333	419	421	99	420	189	3	2	415	1	419	0.0	581
lcl|NC_017455.1_prot_WP_014554119.1_1	GCF_010365285.1_WP_162640783.1	63.438	419	452	99	413	148	2	2	414	4	413	0.0	581
lcl|NC_017455.1_prot_WP_014554119.1_1	GCF_009910365.1_WP_009575051.1	56.872	419	422	99	422	173	5	2	415	1	421	0.0	581
lcl|NC_017455.1_prot_WP_014554119.1_1	GCF_001663175.1_WP_068350187.1	52.370	419	421	99	422	192	4	2	415	1	421	0.0	581
lcl|NC_017455.1_prot_WP_014554119.1_1	GCF_000153485.2_WP_015023054.1	57.796	419	598	88	372	154	2	45	414	227	597	0.0	581
lcl|NC_017455.1_prot_WP_014554119.1_1	GCF_902806995.1_WP_213318725.1	55.288	419	461	99	416	182	3	3	415	47	461	0.0	581
lcl|NC_017455.1_prot_WP_014554119.1_1	GCF_900564155.1_WP_121271448.1	59.459	419	614	88	370	147	2	47	414	245	613	0.0	581
lcl|NC_017455.1_prot_WP_014554119.1_1	GCF_900474605.1_WP_016251718.1	57.108	419	437	99	415	174	2	2	416	5	415	0.0	581
lcl|NC_017455.1_prot_WP_014554119.1_1	GCF_023823125.1_WP_034956512.1	52.607	419	421	99	422	191	4	2	415	1	421	0.0	581
lcl|NC_017455.1_prot_WP_014554119.1_1	GCF_021654655.1_WP_236865606.1	54.009	419	423	99	424	185	4	1	415	1	423	0.0	581
lcl|NC_017455.1_prot_WP_014554119.1_1	GCF_012584515.1_WP_168922417.1	56.325	419	420	99	419	177	3	2	415	1	418	0.0	581
lcl|NC_017455.1_prot_WP_014554119.1_1	GCF_011604685.1_WP_167209747.1	56.701	419	747	92	388	165	2	31	415	360	747	0.0	581
lcl|NC_017455.1_prot_WP_014554119.1_1	GCF_005083985.2_WP_235823188.1	57.843	419	407	97	408	169	2	10	415	1	407	0.0	581
lcl|NC_017455.1_prot_WP_014554119.1_1	GCF_003268615.1_WP_113738449.1	56.989	419	516	88	372	157	2	45	414	145	515	0.0	581
lcl|NC_017455.1_prot_WP_014554119.1_1	GCF_001761365.1_WP_065318718.1	57.527	419	573	88	372	155	2	45	414	202	572	0.0	581
lcl|NC_017455.1_prot_WP_014554119.1_1	GCF_001685395.1_WP_068698828.1	64.216	419	451	97	408	143	2	2	409	3	407	0.0	581
lcl|NC_017455.1_prot_WP_014554119.1_1	GCF_001293165.1_WP_053950742.1	53.957	419	420	98	417	186	3	2	413	1	416	0.0	581
lcl|NC_017455.1_prot_WP_014554119.1_1	GCF_000973625.1_WP_046330324.1	55.609	419	420	99	419	180	3	2	415	1	418	0.0	581
lcl|NC_017455.1_prot_WP_014554119.1_1	GCF_000828895.1_WP_029463120.1	54.654	419	420	99	419	184	3	2	415	1	418	0.0	581
lcl|NC_017455.1_prot_WP_014554119.1_1	GCF_013127955.1_WP_171739925.1	56.959	419	740	92	388	164	2	31	415	353	740	0.0	580
lcl|NC_017455.1_prot_WP_014554119.1_1	GCF_011044175.1_WP_164680521.1	58.065	419	562	88	372	153	2	45	414	191	561	0.0	580
lcl|NC_017455.1_prot_WP_014554119.1_1	GCF_006337105.1_WP_240703594.1	54.893	419	547	99	419	182	4	3	415	130	547	0.0	580
lcl|NC_017455.1_prot_WP_014554119.1_1	GCF_006337085.1_WP_139688032.1	55.131	419	418	99	419	182	3	2	415	1	418	0.0	580
lcl|NC_017455.1_prot_WP_014554119.1_1	GCF_004295585.1_WP_130604958.1	64.010	419	439	99	414	144	3	1	414	5	413	0.0	580
lcl|NC_017455.1_prot_WP_014554119.1_1	GCF_002355595.1_WP_231940467.1	53.477	419	577	99	417	182	5	1	414	169	576	0.0	580
lcl|NC_017455.1_prot_WP_014554119.1_1	GCF_002067135.1_WP_080239907.1	56.959	419	733	92	388	164	2	31	415	346	733	0.0	580
lcl|NC_017455.1_prot_WP_014554119.1_1	GCF_001997385.1_WP_227806848.1	56.699	419	424	99	418	176	3	4	417	8	424	0.0	580
lcl|NC_017455.1_prot_WP_014554119.1_1	GCF_000736415.1_WP_038454962.1	53.976	419	447	99	415	188	2	3	415	34	447	0.0	580
lcl|NC_017455.1_prot_WP_014554119.1_1	GCF_000023125.1_WP_015814641.1	59.259	419	602	90	378	152	1	40	415	225	602	0.0	580
lcl|NC_017455.1_prot_WP_014554119.1_1	GCF_010669285.1_WP_163494489.1	57.346	419	422	99	422	171	5	2	415	1	421	0.0	580
lcl|NC_017455.1_prot_WP_014554119.1_1	GCF_007993795.1_WP_146833849.1	57.527	419	619	88	372	155	2	45	414	248	618	0.0	580
lcl|NC_017455.1_prot_WP_014554119.1_1	GCF_001988955.1_WP_077131432.1	56.701	419	727	92	388	165	2	31	415	340	727	0.0	580
lcl|NC_017455.1_prot_WP_014554119.1_1	GCF_000477435.1_WP_022771964.1	54.893	419	420	99	419	183	3	2	415	1	418	0.0	580
lcl|NC_017455.1_prot_WP_014554119.1_1	GCF_000183425.1_WP_013454911.1	59.459	419	526	88	370	147	2	47	414	157	525	0.0	580
lcl|NC_017455.1_prot_WP_014554119.1_1	GCF_000013025.1_WP_198022876.1	53.957	419	425	98	417	186	3	3	414	9	424	0.0	580
lcl|NC_017455.1_prot_WP_014554119.1_1	GCF_902807005.1_WP_213358080.1	55.529	419	460	99	416	181	3	3	415	46	460	0.0	580
lcl|NC_017455.1_prot_WP_014554119.1_1	GCF_024918935.1_WP_208890242.1	56.989	419	569	88	372	157	2	45	414	198	568	0.0	580
lcl|NC_017455.1_prot_WP_014554119.1_1	GCF_024498955.1_WP_256646108.1	54.893	419	563	99	419	182	4	3	415	146	563	0.0	580
lcl|NC_017455.1_prot_WP_014554119.1_1	GCF_022701015.1_WP_063228969.1	65.860	419	426	99	413	138	2	2	414	1	410	0.0	580
lcl|NC_017455.1_prot_WP_014554119.1_1	GCF_017893965.1_WP_210120366.1	60.241	419	597	98	415	160	3	4	414	177	590	0.0	580
lcl|NC_017455.1_prot_WP_014554119.1_1	GCF_014905115.1_WP_193151350.1	54.940	419	452	98	415	183	3	3	414	36	449	0.0	580
lcl|NC_017455.1_prot_WP_014554119.1_1	GCF_013372165.1_WP_059425916.1	53.735	419	445	99	415	189	2	3	415	32	445	0.0	580
lcl|NC_017455.1_prot_WP_014554119.1_1	GCF_008329925.1_WP_149503282.1	53.222	419	420	99	419	190	3	2	415	1	418	0.0	580
lcl|NC_017455.1_prot_WP_014554119.1_1	GCF_007748115.1_WP_261342376.1	56.595	419	449	98	417	175	3	3	414	32	447	0.0	580
lcl|NC_017455.1_prot_WP_014554119.1_1	GCF_007747995.1_WP_145380633.1	56.459	419	464	99	418	176	3	2	414	46	462	0.0	580
lcl|NC_017455.1_prot_WP_014554119.1_1	GCF_004117055.1_WP_005827812.1	65.860	419	426	99	413	138	2	2	414	1	410	0.0	580
lcl|NC_017455.1_prot_WP_014554119.1_1	GCF_002813755.1_WP_071867009.1	59.902	419	431	98	409	163	1	2	410	5	412	0.0	580
lcl|NC_017455.1_prot_WP_014554119.1_1	GCF_002777255.1_WP_148135263.1	64.563	419	417	98	412	145	1	2	413	1	411	0.0	580
lcl|NC_017455.1_prot_WP_014554119.1_1	GCF_002302635.1_WP_095894627.1	59.409	419	585	88	372	148	2	45	414	214	584	0.0	580
lcl|NC_017455.1_prot_WP_014554119.1_1	GCF_002117005.1_WP_226997533.1	56.699	419	424	99	418	176	3	4	417	8	424	0.0	580
lcl|NC_017455.1_prot_WP_014554119.1_1	GCF_001889045.1_WP_072555532.1	57.258	419	553	88	372	156	2	45	414	182	552	0.0	580
lcl|NC_017455.1_prot_WP_014554119.1_1	GCF_001586255.1_WP_008253345.1	55.924	419	422	99	422	177	5	2	415	1	421	0.0	580
lcl|NC_017455.1_prot_WP_014554119.1_1	GCF_000217815.1_WP_013932021.1	58.313	419	431	99	415	171	2	2	415	13	426	0.0	580
lcl|NC_017455.1_prot_WP_014554119.1_1	GCF_000196315.1_WP_013185978.1	58.065	419	579	88	372	153	2	45	414	208	578	0.0	580
lcl|NC_017455.1_prot_WP_014554119.1_1	GCF_000020645.1_WP_223294012.1	57.109	419	420	99	422	171	4	2	415	1	420	0.0	580
lcl|NC_017455.1_prot_WP_014554119.1_1	GCF_907164845.1_WP_215219358.1	55.370	419	602	99	419	180	4	3	415	185	602	0.0	579
lcl|NC_017455.1_prot_WP_014554119.1_1	GCF_014107495.1_WP_182304018.1	64.010	419	435	99	414	144	3	1	414	1	409	0.0	579
lcl|NC_017455.1_prot_WP_014554119.1_1	GCF_007971385.1_WP_146781085.1	55.663	419	605	99	415	173	4	2	414	199	604	0.0	579
lcl|NC_017455.1_prot_WP_014554119.1_1	GCF_004353525.1_WP_227762597.1	66.184	419	419	98	414	137	2	2	413	1	413	0.0	579
lcl|NC_017455.1_prot_WP_014554119.1_1	GCF_001999965.1_WP_237048856.1	56.490	419	418	98	416	176	3	2	413	1	415	0.0	579
lcl|NC_017455.1_prot_WP_014554119.1_1	GCF_001955715.1_WP_029705838.1	54.654	419	420	99	419	184	3	2	415	1	418	0.0	579
lcl|NC_017455.1_prot_WP_014554119.1_1	GCF_001955695.1_WP_076200273.1	55.370	419	420	99	419	181	3	2	415	1	418	0.0	579
lcl|NC_017455.1_prot_WP_014554119.1_1	GCF_001697185.1_WP_068826231.1	57.258	419	549	88	372	156	2	45	414	178	548	0.0	579
lcl|NC_017455.1_prot_WP_014554119.1_1	GCF_000253035.1_WP_006341332.1	56.867	419	459	98	415	175	3	4	415	46	459	0.0	579
lcl|NC_017455.1_prot_WP_014554119.1_1	GCF_000237085.1_WP_014257047.1	59.223	419	645	98	412	163	3	6	414	229	638	0.0	579
lcl|NC_017455.1_prot_WP_014554119.1_1	GCF_000195275.1_WP_013701594.1	59.036	419	589	98	415	165	3	4	414	169	582	0.0	579
lcl|NC_017455.1_prot_WP_014554119.1_1	GCF_000014145.1_WP_011586943.1	57.487	419	573	89	374	156	2	43	414	200	572	0.0	579
lcl|NC_017455.1_prot_WP_014554119.1_1	GCF_020310005.1_WP_225571497.1	57.527	419	550	88	372	155	2	45	414	179	549	0.0	579
lcl|NC_017455.1_prot_WP_014554119.1_1	GCF_016724805.1_WP_016475073.1	54.893	419	418	99	419	183	3	2	415	1	418	0.0	579
lcl|NC_017455.1_prot_WP_014554119.1_1	GCF_013488205.1_WP_180905125.1	57.909	419	549	89	373	154	2	45	415	178	549	0.0	579
lcl|NC_017455.1_prot_WP_014554119.1_1	GCF_009754905.2_WP_244139487.1	58.919	419	552	88	370	149	2	47	414	183	551	0.0	579
lcl|NC_017455.1_prot_WP_014554119.1_1	GCF_008245045.1_WP_039665342.1	55.422	419	432	99	415	182	2	3	415	19	432	0.0	579
lcl|NC_017455.1_prot_WP_014554119.1_1	GCF_004006175.1_WP_127750652.1	53.110	419	423	99	418	190	3	2	414	6	422	0.0	579
lcl|NC_017455.1_prot_WP_014554119.1_1	GCF_002220755.1_WP_033916157.1	54.940	419	432	99	415	184	2	3	415	19	432	0.0	579
lcl|NC_017455.1_prot_WP_014554119.1_1	GCF_001761385.1_WP_066090324.1	53.222	419	420	99	419	190	3	2	415	1	418	0.0	579
lcl|NC_017455.1_prot_WP_014554119.1_1	GCF_001629705.1_WP_066399028.1	66.841	419	428	91	383	127	0	2	384	3	385	0.0	579
lcl|NC_017455.1_prot_WP_014554119.1_1	GCF_000157355.2_WP_005228301.1	60.341	419	431	98	411	162	1	2	412	5	414	0.0	579
lcl|NC_017455.1_prot_WP_014554119.1_1	GCF_000021945.1_WP_015942309.1	59.524	419	420	99	420	163	2	2	415	1	419	0.0	579
lcl|NC_017455.1_prot_WP_014554119.1_1	GCF_000021685.1_WP_012641745.1	60.817	419	434	99	416	162	1	2	417	20	434	0.0	579
lcl|NC_017455.1_prot_WP_014554119.1_1	GCF_009734005.1_WP_002290332.1	59.662	419	431	99	414	166	1	2	415	5	417	0.0	578
lcl|NC_017455.1_prot_WP_014554119.1_1	GCF_008838325.1_WP_225734740.1	58.432	419	421	99	421	170	1	2	417	1	421	0.0	578
lcl|NC_017455.1_prot_WP_014554119.1_1	GCF_008000935.1_WP_147584170.1	59.517	419	593	89	373	148	2	45	415	221	592	0.0	578
lcl|NC_017455.1_prot_WP_014554119.1_1	GCF_006965545.2_WP_176010746.1	61.259	419	435	99	413	158	1	3	415	4	414	0.0	578
lcl|NC_017455.1_prot_WP_014554119.1_1	GCF_004296515.1_WP_130579051.1	55.582	419	420	99	421	178	5	2	415	1	419	0.0	578
lcl|NC_017455.1_prot_WP_014554119.1_1	GCF_003008535.1_WP_106704166.1	55.714	419	421	99	420	179	3	2	415	1	419	0.0	578
lcl|NC_017455.1_prot_WP_014554119.1_1	GCF_002290025.1_WP_067480328.1	59.662	419	431	99	414	166	1	2	415	5	417	0.0	578
lcl|NC_017455.1_prot_WP_014554119.1_1	GCF_001663155.1_WP_067596858.1	51.659	419	421	99	422	195	4	2	415	1	421	0.0	578
lcl|NC_017455.1_prot_WP_014554119.1_1	GCF_000208385.1_WP_215904643.1	55.904	419	572	98	415	178	3	4	414	132	545	0.0	578
lcl|NC_017455.1_prot_WP_014554119.1_1	GCF_000015505.1_WP_011801582.1	56.325	419	420	99	419	177	3	2	415	1	418	0.0	578
lcl|NC_017455.1_prot_WP_014554119.1_1	GCF_028728065.1_WP_274151819.1	54.106	419	430	98	414	187	2	3	414	17	429	0.0	578
lcl|NC_017455.1_prot_WP_014554119.1_1	GCF_022760175.1_WP_242937450.1	58.445	419	574	89	373	152	2	45	415	203	574	0.0	578
lcl|NC_017455.1_prot_WP_014554119.1_1	GCF_009068765.1_WP_151900883.1	54.699	419	450	98	415	184	3	3	414	34	447	0.0	578
lcl|NC_017455.1_prot_WP_014554119.1_1	GCF_006159205.1_WP_139065441.1	57.796	419	624	88	372	154	2	45	414	253	623	0.0	578
lcl|NC_017455.1_prot_WP_014554119.1_1	GCF_003970675.1_WP_126617543.1	58.221	419	598	88	371	152	2	47	415	229	598	0.0	578
lcl|NC_017455.1_prot_WP_014554119.1_1	GCF_003268595.1_WP_112182214.1	61.836	419	427	98	414	154	2	3	414	5	416	0.0	578
lcl|NC_017455.1_prot_WP_014554119.1_1	GCF_003226695.1_WP_110548851.1	56.989	419	518	88	372	157	2	45	414	147	517	0.0	578
lcl|NC_017455.1_prot_WP_014554119.1_1	GCF_001593605.1_WP_067542883.1	60.215	419	604	88	372	145	2	45	414	233	603	0.0	578
lcl|NC_017455.1_prot_WP_014554119.1_1	GCF_000236705.1_WP_014200558.1	60.215	419	561	88	372	145	2	45	414	190	560	0.0	578
lcl|NC_017455.1_prot_WP_014554119.1_1	GCF_000190735.1_WP_013633139.1	59.189	419	532	88	370	148	2	47	414	163	531	0.0	578
lcl|NC_017455.1_prot_WP_014554119.1_1	GCF_014931075.1_WP_044598537.1	55.181	419	434	99	415	183	2	3	415	21	434	0.0	578
lcl|NC_017455.1_prot_WP_014554119.1_1	GCF_008195825.1_WP_149073788.1	58.108	419	529	88	370	152	2	47	414	160	528	0.0	578
lcl|NC_017455.1_prot_WP_014554119.1_1	GCF_003346775.1_WP_162919506.1	53.846	419	451	99	416	188	3	3	415	37	451	0.0	578
lcl|NC_017455.1_prot_WP_014554119.1_1	GCF_002736205.1_WP_099438998.1	59.459	419	565	88	370	147	2	47	414	196	564	0.0	578
lcl|NC_017455.1_prot_WP_014554119.1_1	GCF_002234495.1_WP_093978871.1	57.909	419	559	89	373	154	2	45	415	188	559	0.0	578
lcl|NC_017455.1_prot_WP_014554119.1_1	GCF_001685435.2_WP_008590492.1	60.952	419	425	99	420	160	2	2	419	4	421	0.0	578
lcl|NC_017455.1_prot_WP_014554119.1_1	GCF_000763575.1_WP_049684343.1	58.706	419	512	95	402	162	2	19	417	106	506	0.0	578
lcl|NC_017455.1_prot_WP_014554119.1_1	GCF_000190435.1_WP_013608448.1	53.828	419	645	99	418	188	3	1	414	219	635	0.0	578
lcl|NC_017455.1_prot_WP_014554119.1_1	GCF_000019205.1_WP_012661202.1	55.422	419	434	99	415	182	2	3	415	21	434	0.0	578
lcl|NC_017455.1_prot_WP_014554119.1_1	GCF_020042345.1_WP_224071718.1	55.474	419	606	96	411	170	4	11	414	201	605	0.0	577
lcl|NC_017455.1_prot_WP_014554119.1_1	GCF_014621655.1_WP_188319653.1	58.065	419	551	88	372	153	2	45	414	180	550	0.0	577
lcl|NC_017455.1_prot_WP_014554119.1_1	GCF_014295415.1_WP_186990009.1	55.914	419	549	88	372	161	2	45	414	178	548	0.0	577
lcl|NC_017455.1_prot_WP_014554119.1_1	GCF_012849215.1_WP_169609741.1	59.730	419	560	88	370	146	2	47	414	191	559	0.0	577
lcl|NC_017455.1_prot_WP_014554119.1_1	GCF_003015185.1_WP_240623905.1	55.609	419	593	99	419	179	4	3	415	175	592	0.0	577
lcl|NC_017455.1_prot_WP_014554119.1_1	GCF_001878675.1_WP_019378226.1	63.391	419	426	97	407	145	2	2	406	4	408	0.0	577
lcl|NC_017455.1_prot_WP_014554119.1_1	GCF_001870205.1_WP_071456602.1	59.666	419	423	99	419	166	2	2	418	5	422	0.0	577
lcl|NC_017455.1_prot_WP_014554119.1_1	GCF_000816185.1_WP_039649614.1	55.904	419	432	99	415	180	2	3	415	19	432	0.0	577
lcl|NC_017455.1_prot_WP_014554119.1_1	GCF_000147355.1_WP_013326414.1	54.940	419	452	98	415	183	3	3	414	36	449	0.0	577
lcl|NC_017455.1_prot_WP_014554119.1_1	GCF_900637055.1_WP_017252384.1	65.860	419	426	99	413	138	2	2	414	1	410	0.0	577
lcl|NC_017455.1_prot_WP_014554119.1_1	GCF_018343815.1_WP_213240194.1	55.288	419	464	99	416	182	3	3	415	50	464	0.0	577
lcl|NC_017455.1_prot_WP_014554119.1_1	GCF_017357825.1_WP_207562421.1	55.663	419	454	98	415	180	3	3	414	38	451	0.0	577
lcl|NC_017455.1_prot_WP_014554119.1_1	GCF_016616095.2_WP_215625690.1	58.034	419	613	99	417	170	3	2	414	191	606	0.0	577
lcl|NC_017455.1_prot_WP_014554119.1_1	GCF_013394655.1_WP_178989614.1	57.527	419	570	88	372	155	2	45	414	199	569	0.0	577
lcl|NC_017455.1_prot_WP_014554119.1_1	GCF_003293695.1_WP_112927818.1	54.415	419	557	99	419	184	4	3	415	140	557	0.0	577
lcl|NC_017455.1_prot_WP_014554119.1_1	GCF_002309535.1_WP_226372232.1	53.735	419	471	99	415	189	2	3	415	58	471	0.0	577
lcl|NC_017455.1_prot_WP_014554119.1_1	GCF_001721685.1_WP_069363721.1	61.985	419	430	99	413	155	1	3	415	4	414	0.0	577
lcl|NC_017455.1_prot_WP_014554119.1_1	GCF_001693335.1_WP_066338475.1	56.280	419	435	98	414	178	2	4	415	21	433	0.0	577
lcl|NC_017455.1_prot_WP_014554119.1_1	GCF_001663675.1_WP_068225566.1	60.000	419	430	99	415	165	1	1	415	4	417	0.0	577
lcl|NC_017455.1_prot_WP_014554119.1_1	GCF_000015105.1_WP_024792294.1	53.461	419	420	99	419	189	3	2	415	1	418	0.0	577
lcl|NC_017455.1_prot_WP_014554119.1_1	GCF_000007605.1_WP_011006103.1	55.048	419	464	99	416	183	3	3	415	50	464	0.0	577
lcl|NC_017455.1_prot_WP_014554119.1_1	GCF_020783315.1_WP_262907882.1	58.981	419	540	89	373	150	2	44	414	168	539	0.0	577
lcl|NC_017455.1_prot_WP_014554119.1_1	GCF_014931175.1_WP_006802432.1	55.769	419	441	99	416	180	3	3	415	23	437	0.0	577
lcl|NC_017455.1_prot_WP_014554119.1_1	GCF_014075995.1_WP_182416088.1	59.677	419	672	88	372	147	2	45	414	301	671	0.0	577
lcl|NC_017455.1_prot_WP_014554119.1_1	GCF_013394595.1_WP_179008663.1	57.527	419	570	88	372	155	2	45	414	199	569	0.0	577
lcl|NC_017455.1_prot_WP_014554119.1_1	GCF_013201605.1_WP_066006742.1	55.663	419	434	99	415	181	2	3	415	21	434	0.0	577
lcl|NC_017455.1_prot_WP_014554119.1_1	GCF_009906855.1_WP_160550463.1	53.938	419	420	99	419	187	3	2	415	1	418	0.0	577
lcl|NC_017455.1_prot_WP_014554119.1_1	GCF_002278015.2_WP_094940532.1	58.937	419	431	99	414	169	1	2	415	5	417	0.0	577
lcl|NC_017455.1_prot_WP_014554119.1_1	GCF_900239975.1_WP_117273819.1	55.288	419	464	99	416	182	3	3	415	50	464	0.0	576
lcl|NC_017455.1_prot_WP_014554119.1_1	GCF_023195775.1_WP_248434711.1	56.720	419	575	88	372	158	2	45	414	203	573	0.0	576
lcl|NC_017455.1_prot_WP_014554119.1_1	GCF_023169965.1_WP_248340528.1	54.524	419	437	98	420	181	4	3	413	14	432	0.0	576
lcl|NC_017455.1_prot_WP_014554119.1_1	GCF_022869165.1_WP_244772249.1	54.545	419	626	99	418	185	3	1	414	200	616	0.0	576
lcl|NC_017455.1_prot_WP_014554119.1_1	GCF_021183825.1_WP_233030416.1	57.641	419	566	89	373	155	2	45	415	195	566	0.0	576
lcl|NC_017455.1_prot_WP_014554119.1_1	GCF_018736065.1_WP_144073633.1	58.221	419	600	88	371	152	2	47	415	231	600	0.0	576
lcl|NC_017455.1_prot_WP_014554119.1_1	GCF_015476115.1_WP_228850821.1	57.258	419	544	88	372	156	2	45	414	173	543	0.0	576
lcl|NC_017455.1_prot_WP_014554119.1_1	GCF_013372105.1_WP_139426656.1	55.663	419	434	99	415	181	2	3	415	21	434	0.0	576
lcl|NC_017455.1_prot_WP_014554119.1_1	GCF_004803875.1_WP_100210771.1	57.796	419	561	88	372	154	2	45	414	190	560	0.0	576
lcl|NC_017455.1_prot_WP_014554119.1_1	GCF_002201795.1_WP_079558521.1	58.445	419	588	88	373	151	3	45	414	215	586	0.0	576
lcl|NC_017455.1_prot_WP_014554119.1_1	GCF_000816305.1_WP_039663099.1	55.422	419	433	99	415	182	2	3	415	20	433	0.0	576
lcl|NC_017455.1_prot_WP_014554119.1_1	GCF_000512915.1_WP_025277529.1	58.065	419	699	88	372	152	3	47	415	329	699	0.0	576
lcl|NC_017455.1_prot_WP_014554119.1_1	GCF_000012965.1_WP_011373182.1	54.217	419	447	98	415	186	3	3	414	31	444	0.0	576
lcl|NC_017455.1_prot_WP_014554119.1_1	GCF_000009945.1_WP_011458423.1	55.288	419	464	99	416	182	3	3	415	50	464	0.0	576
lcl|NC_017455.1_prot_WP_014554119.1_1	GCF_020310025.1_WP_225597804.1	57.258	419	585	88	372	156	2	45	414	214	584	0.0	576
lcl|NC_017455.1_prot_WP_014554119.1_1	GCF_019453995.1_WP_245397614.1	56.968	419	408	97	409	172	3	10	415	1	408	0.0	576
lcl|NC_017455.1_prot_WP_014554119.1_1	GCF_017751145.1_WP_164522109.1	77.778	419	417	99	414	92	0	2	415	1	414	0.0	576
lcl|NC_017455.1_prot_WP_014554119.1_1	GCF_017498485.1_WP_207971289.1	57.258	419	567	88	372	156	2	45	414	196	566	0.0	576
lcl|NC_017455.1_prot_WP_014554119.1_1	GCF_013389455.1_WP_177734875.1	58.445	419	578	89	373	152	2	45	415	207	578	0.0	576
lcl|NC_017455.1_prot_WP_014554119.1_1	GCF_013201645.1_WP_025802654.1	56.867	419	431	99	415	176	2	3	415	18	431	0.0	576
lcl|NC_017455.1_prot_WP_014554119.1_1	GCF_013128195.2_WP_227254994.1	59.712	419	419	98	417	160	4	4	413	1	416	0.0	576
lcl|NC_017455.1_prot_WP_014554119.1_1	GCF_009258045.1_WP_152299769.1	54.458	419	445	98	415	185	3	3	414	30	443	0.0	576
lcl|NC_017455.1_prot_WP_014554119.1_1	GCF_005943945.1_WP_138853240.1	58.713	419	528	89	373	151	2	45	415	157	528	0.0	576
lcl|NC_017455.1_prot_WP_014554119.1_1	GCF_003576455.2_WP_119408434.1	54.258	419	546	96	411	176	4	11	414	140	545	0.0	576
lcl|NC_017455.1_prot_WP_014554119.1_1	GCF_002302475.1_WP_095897346.1	59.140	419	576	88	372	149	2	45	414	205	575	0.0	576
lcl|NC_017455.1_prot_WP_014554119.1_1	GCF_001975665.1_WP_068363450.1	57.527	419	552	88	372	155	2	45	414	181	551	0.0	576
lcl|NC_017455.1_prot_WP_014554119.1_1	GCF_001543325.1_WP_068207105.1	57.796	419	576	88	372	154	2	45	414	205	575	0.0	576
lcl|NC_017455.1_prot_WP_014554119.1_1	GCF_000455605.1_WP_014388556.1	58.445	419	564	89	373	152	2	45	415	193	564	0.0	576
lcl|NC_017455.1_prot_WP_014554119.1_1	GCF_000204255.1_WP_006342805.1	55.288	419	464	99	416	182	3	3	415	50	464	0.0	576
lcl|NC_017455.1_prot_WP_014554119.1_1	GCF_016725865.1_WP_070570498.1	59.189	419	499	88	370	148	2	47	414	130	498	0.0	575
lcl|NC_017455.1_prot_WP_014554119.1_1	GCF_014905135.1_WP_193111441.1	55.422	419	455	98	415	181	3	3	414	39	452	0.0	575
lcl|NC_017455.1_prot_WP_014554119.1_1	GCF_013342985.1_WP_174605417.1	54.177	419	420	99	419	186	3	2	415	1	418	0.0	575
lcl|NC_017455.1_prot_WP_014554119.1_1	GCF_008329945.1_WP_149566851.1	54.567	419	583	98	416	183	4	4	414	168	582	0.0	575
lcl|NC_017455.1_prot_WP_014554119.1_1	GCF_007971025.1_WP_187359684.1	58.649	419	546	88	370	150	2	47	414	177	545	0.0	575
lcl|NC_017455.1_prot_WP_014554119.1_1	GCF_001553605.1_WP_008684374.1	56.490	419	431	99	416	177	3	1	413	15	429	0.0	575
lcl|NC_017455.1_prot_WP_014554119.1_1	GCF_000284635.1_WP_002956821.1	55.797	419	428	98	414	180	2	4	415	16	428	0.0	575
lcl|NC_017455.1_prot_WP_014554119.1_1	GCF_000177635.2_WP_013506905.1	58.273	419	416	99	417	170	3	2	415	1	416	0.0	575
lcl|NC_017455.1_prot_WP_014554119.1_1	GCF_900637795.1_WP_013598311.1	57.105	419	528	89	373	157	2	45	415	157	528	0.0	575
lcl|NC_017455.1_prot_WP_014554119.1_1	GCF_023277505.1_WP_075994695.1	59.189	419	499	88	370	148	2	47	414	130	498	0.0	575
lcl|NC_017455.1_prot_WP_014554119.1_1	GCF_020149915.1_WP_240524871.1	58.760	419	641	88	371	149	3	47	414	271	640	0.0	575
lcl|NC_017455.1_prot_WP_014554119.1_1	GCF_019968605.1_WP_223445208.1	57.796	419	580	88	372	154	2	45	414	209	579	0.0	575
lcl|NC_017455.1_prot_WP_014554119.1_1	GCF_003143535.1_WP_109323900.1	58.133	419	505	89	375	155	1	43	415	131	505	0.0	575
lcl|NC_017455.1_prot_WP_014554119.1_1	GCF_002269385.1_WP_094995868.1	58.177	419	535	89	373	153	2	45	415	164	535	0.0	575
lcl|NC_017455.1_prot_WP_014554119.1_1	GCF_014217805.1_WP_185272715.1	59.677	419	670	88	372	147	2	45	414	299	669	0.0	575
lcl|NC_017455.1_prot_WP_014554119.1_1	GCF_013372225.1_WP_018712591.1	55.663	419	435	99	415	181	2	3	415	22	435	0.0	575
lcl|NC_017455.1_prot_WP_014554119.1_1	GCF_002886045.1_WP_102757525.1	56.989	419	559	88	372	157	2	45	414	188	558	0.0	575
lcl|NC_017455.1_prot_WP_014554119.1_1	GCF_000471025.2_WP_021828903.1	55.288	419	464	99	416	182	3	3	415	50	464	0.0	575
lcl|NC_017455.1_prot_WP_014554119.1_1	GCF_000144645.1_WP_245523156.1	63.054	419	411	97	406	149	1	12	417	1	405	0.0	575
lcl|NC_017455.1_prot_WP_014554119.1_1	GCF_000143985.1_WP_013255736.1	57.757	419	526	99	419	172	3	2	416	105	522	0.0	575
lcl|NC_017455.1_prot_WP_014554119.1_1	GCF_000010405.1_WP_011929829.1	53.938	419	420	99	419	187	3	2	415	1	418	0.0	575
lcl|NC_017455.1_prot_WP_014554119.1_1	GCF_000006685.1_WP_010231507.1	55.048	419	464	99	416	183	3	3	415	50	464	0.0	575
lcl|NC_017455.1_prot_WP_014554119.1_1	GCF_020459125.1_WP_021756358.1	55.529	419	463	99	416	181	3	3	415	49	463	0.0	574
lcl|NC_017455.1_prot_WP_014554119.1_1	GCF_020042285.1_WP_224016853.1	59.517	419	534	89	373	148	2	44	414	162	533	0.0	574
lcl|NC_017455.1_prot_WP_014554119.1_1	GCF_014395425.1_WP_246455213.1	55.370	419	547	99	419	180	4	3	415	130	547	0.0	574
lcl|NC_017455.1_prot_WP_014554119.1_1	GCF_011600945.2_WP_002850294.1	53.735	419	444	99	415	189	2	3	415	31	444	0.0	574
lcl|NC_017455.1_prot_WP_014554119.1_1	GCF_004139715.1_WP_129605361.1	58.981	419	539	89	373	150	2	45	415	168	539	0.0	574
lcl|NC_017455.1_prot_WP_014554119.1_1	GCF_003096035.1_WP_108778943.1	58.445	419	622	89	373	152	2	45	415	250	621	0.0	574
lcl|NC_017455.1_prot_WP_014554119.1_1	GCF_001913155.1_WP_068485978.1	58.981	419	543	89	373	150	2	45	415	172	543	0.0	574
lcl|NC_017455.1_prot_WP_014554119.1_1	GCF_000568815.1_WP_025343783.1	53.976	419	460	99	415	188	2	3	415	47	460	0.0	574
lcl|NC_017455.1_prot_WP_014554119.1_1	GCF_901482695.1_WP_028069172.1	59.189	419	499	88	370	148	2	47	414	130	498	0.0	574
lcl|NC_017455.1_prot_WP_014554119.1_1	GCF_026278345.1_WP_266367153.1	58.333	419	672	91	384	157	2	35	415	289	672	0.0	574
lcl|NC_017455.1_prot_WP_014554119.1_1	GCF_020923495.1_WP_171564060.1	66.748	419	424	98	409	133	2	2	410	1	406	0.0	574
lcl|NC_017455.1_prot_WP_014554119.1_1	GCF_017948305.1_WP_230476829.1	57.641	419	566	89	373	155	2	45	415	195	566	0.0	574
lcl|NC_017455.1_prot_WP_014554119.1_1	GCF_006459125.1_WP_044417211.1	54.567	419	447	99	416	185	3	3	415	33	447	0.0	574
lcl|NC_017455.1_prot_WP_014554119.1_1	GCF_003795125.1_WP_123934006.1	58.696	419	431	99	414	170	1	2	415	5	417	0.0	574
lcl|NC_017455.1_prot_WP_014554119.1_1	GCF_003600625.1_WP_240377827.1	55.037	419	562	96	407	179	3	11	414	156	561	0.0	574
lcl|NC_017455.1_prot_WP_014554119.1_1	GCF_002966125.1_WP_105216573.1	55.645	419	538	88	372	162	2	45	414	167	537	0.0	574
lcl|NC_017455.1_prot_WP_014554119.1_1	GCF_002257585.1_WP_094570206.1	53.415	419	540	95	410	179	3	16	414	131	539	0.0	574
lcl|NC_017455.1_prot_WP_014554119.1_1	GCF_002097535.1_WP_085028208.1	62.143	419	435	99	420	155	2	2	419	4	421	0.0	574
lcl|NC_017455.1_prot_WP_014554119.1_1	GCF_000941055.1_WP_044638243.1	57.796	419	558	88	372	154	2	45	414	187	557	0.0	574
lcl|NC_017455.1_prot_WP_014554119.1_1	GCF_000190595.1_WP_013621874.1	57.909	419	552	89	373	154	2	45	415	181	552	0.0	574
lcl|NC_017455.1_prot_WP_014554119.1_1	GCF_015356815.2_WP_246587637.1	56.479	419	408	97	409	174	3	10	415	1	408	0.0	573
lcl|NC_017455.1_prot_WP_014554119.1_1	GCF_013177655.1_WP_172232933.1	55.181	419	450	99	415	183	2	3	415	37	450	0.0	573
lcl|NC_017455.1_prot_WP_014554119.1_1	GCF_009901525.1_WP_160129020.1	56.989	419	585	88	372	157	2	45	414	214	584	0.0	573
lcl|NC_017455.1_prot_WP_014554119.1_1	GCF_009388985.1_WP_153240127.1	55.924	419	422	99	422	177	5	2	415	1	421	0.0	573
lcl|NC_017455.1_prot_WP_014554119.1_1	GCF_007971525.1_WP_147052135.1	58.919	419	544	88	370	149	2	47	414	175	543	0.0	573
lcl|NC_017455.1_prot_WP_014554119.1_1	GCF_006065315.1_WP_138950956.1	58.333	419	552	88	372	152	2	45	414	181	551	0.0	573
lcl|NC_017455.1_prot_WP_014554119.1_1	GCF_004797125.1_WP_136152357.1	56.836	419	582	89	373	158	2	45	415	211	582	0.0	573
lcl|NC_017455.1_prot_WP_014554119.1_1	GCF_003687485.1_WP_121849855.1	57.909	419	538	89	373	154	2	45	415	167	538	0.0	573
lcl|NC_017455.1_prot_WP_014554119.1_1	GCF_001951155.1_WP_083644666.1	56.989	419	555	88	372	157	2	45	414	184	554	0.0	573
lcl|NC_017455.1_prot_WP_014554119.1_1	GCF_001687475.2_WP_066776401.1	55.663	419	432	99	415	181	2	3	415	19	432	0.0	573
lcl|NC_017455.1_prot_WP_014554119.1_1	GCF_000184345.1_WP_014625615.1	58.852	419	632	99	418	166	4	2	414	207	623	0.0	573
lcl|NC_017455.1_prot_WP_014554119.1_1	GCF_000024005.1_WP_044217905.1	55.556	419	575	96	405	168	4	12	414	180	574	0.0	573
lcl|NC_017455.1_prot_WP_014554119.1_1	GCF_026248825.1_WP_265991151.1	54.412	419	679	97	408	181	3	11	415	274	679	0.0	573
lcl|NC_017455.1_prot_WP_014554119.1_1	GCF_020886695.1_WP_229597003.1	57.389	419	405	96	406	170	2	12	415	1	405	0.0	573
lcl|NC_017455.1_prot_WP_014554119.1_1	GCF_019056495.1_WP_131744008.1	55.529	419	464	99	416	181	3	3	415	50	464	0.0	573
lcl|NC_017455.1_prot_WP_014554119.1_1	GCF_007197735.1_WP_143379546.1	58.065	419	578	88	372	153	2	45	414	207	577	0.0	573
lcl|NC_017455.1_prot_WP_014554119.1_1	GCF_003795145.1_WP_124006082.1	59.024	419	431	98	410	167	1	2	411	5	413	0.0	573
lcl|NC_017455.1_prot_WP_014554119.1_1	GCF_002355435.1_WP_096353468.1	58.919	419	538	88	370	149	2	47	414	169	537	0.0	573
lcl|NC_017455.1_prot_WP_014554119.1_1	GCF_000236685.1_WP_014270807.1	54.785	419	651	99	418	184	3	1	414	225	641	0.0	573
lcl|NC_017455.1_prot_WP_014554119.1_1	GCF_027915275.1_WP_077406254.1	57.909	419	547	89	373	154	2	45	415	176	547	0.0	573
lcl|NC_017455.1_prot_WP_014554119.1_1	GCF_014844295.1_WP_014166209.1	56.836	419	593	89	373	158	2	45	415	222	593	0.0	573
lcl|NC_017455.1_prot_WP_014554119.1_1	GCF_011046555.1_WP_103907039.1	58.378	419	497	88	370	151	2	47	414	128	496	0.0	573
lcl|NC_017455.1_prot_WP_014554119.1_1	GCF_008274825.1_WP_149526816.1	58.649	419	497	88	370	150	2	47	414	128	496	0.0	573
lcl|NC_017455.1_prot_WP_014554119.1_1	GCF_007747215.1_WP_261341986.1	57.518	419	493	98	419	170	4	4	415	74	491	0.0	573
lcl|NC_017455.1_prot_WP_014554119.1_1	GCF_001971745.1_WP_076732261.1	56.989	419	574	88	372	157	2	45	414	203	573	0.0	573
lcl|NC_017455.1_prot_WP_014554119.1_1	GCF_001703515.1_WP_029090890.1	60.723	419	424	99	415	162	1	2	415	4	418	0.0	573
lcl|NC_017455.1_prot_WP_014554119.1_1	GCF_000299355.1_WP_014966398.1	55.134	419	448	99	448	166	4	2	415	1	447	0.0	573
lcl|NC_017455.1_prot_WP_014554119.1_1	GCF_000009305.1_WP_011577769.1	54.458	419	438	99	415	186	2	3	415	24	437	0.0	573
lcl|NC_017455.1_prot_WP_014554119.1_1	GCF_024181585.1_WP_253726332.1	58.795	419	584	98	415	166	3	4	414	162	575	0.0	572
lcl|NC_017455.1_prot_WP_014554119.1_1	GCF_017298635.1_WP_206656955.1	63.285	419	418	99	414	147	3	2	414	1	410	0.0	572
lcl|NC_017455.1_prot_WP_014554119.1_1	GCF_014217995.1_WP_099462702.1	54.699	419	431	99	415	185	2	3	415	18	431	0.0	572
lcl|NC_017455.1_prot_WP_014554119.1_1	GCF_003049605.2_WP_107947539.1	62.830	419	427	99	417	153	1	2	418	4	418	0.0	572
lcl|NC_017455.1_prot_WP_014554119.1_1	GCF_001723605.1_WP_174543298.1	53.735	419	471	99	415	189	2	3	415	58	471	0.0	572
lcl|NC_017455.1_prot_WP_014554119.1_1	GCF_001534645.1_WP_060382948.1	56.836	419	592	89	373	158	2	45	415	221	592	0.0	572
lcl|NC_017455.1_prot_WP_014554119.1_1	GCF_001310085.1_WP_062542547.1	59.677	419	653	88	372	147	2	45	414	282	652	0.0	572
lcl|NC_017455.1_prot_WP_014554119.1_1	GCF_001078055.1_WP_048921280.1	59.677	419	634	88	372	147	2	45	414	263	633	0.0	572
lcl|NC_017455.1_prot_WP_014554119.1_1	GCF_000600105.1_WP_024362885.1	62.590	419	427	99	417	154	1	2	418	4	418	0.0	572
lcl|NC_017455.1_prot_WP_014554119.1_1	GCF_000009085.1_YP_002344547.1	55.422	419	432	99	415	182	2	3	415	19	432	0.0	572
lcl|NC_017455.1_prot_WP_014554119.1_1	GCF_028743515.1_WP_008238182.1	58.713	419	573	89	373	151	2	45	415	202	573	0.0	572
lcl|NC_017455.1_prot_WP_014554119.1_1	GCF_020885975.1_WP_229328975.1	57.373	419	561	89	373	156	2	45	415	190	561	0.0	572
lcl|NC_017455.1_prot_WP_014554119.1_1	GCF_013343195.2_WP_011962876.1	57.105	419	583	89	373	157	2	45	415	212	583	0.0	572
lcl|NC_017455.1_prot_WP_014554119.1_1	GCF_009730395.1_WP_002780613.1	55.422	419	432	99	415	182	2	3	415	19	432	0.0	572
lcl|NC_017455.1_prot_WP_014554119.1_1	GCF_008153345.1_WP_024752317.1	58.795	419	527	98	415	166	3	4	414	109	522	0.0	572
lcl|NC_017455.1_prot_WP_014554119.1_1	GCF_003544935.1_WP_099342558.1	53.846	419	447	99	416	188	3	3	415	33	447	0.0	572
lcl|NC_017455.1_prot_WP_014554119.1_1	GCF_002139935.1_WP_086293634.1	53.735	419	438	99	415	189	2	3	415	25	438	0.0	572
lcl|NC_017455.1_prot_WP_014554119.1_1	GCF_001017655.1_WP_236682507.1	57.108	419	416	99	415	175	2	2	414	1	414	0.0	572
lcl|NC_017455.1_prot_WP_014554119.1_1	GCF_000328625.1_WP_015328069.1	73.430	419	416	99	414	109	1	2	415	1	413	0.0	572
lcl|NC_017455.1_prot_WP_014554119.1_1	GCF_000265295.1_WP_041671766.1	53.012	419	447	99	415	192	2	3	415	34	447	0.0	572
lcl|NC_017455.1_prot_WP_014554119.1_1	GCF_000008725.1_NP_220005.1	55.048	419	464	99	416	183	3	3	415	50	464	0.0	572
lcl|NC_017455.1_prot_WP_014554119.1_1	GCF_000007905.1_WP_011114866.1	54.479	419	430	98	413	185	2	4	414	16	427	0.0	572
lcl|NC_017455.1_prot_WP_014554119.1_1	GCF_017161365.1_WP_013131143.1	58.400	419	605	89	375	151	2	45	416	228	600	0.0	571
lcl|NC_017455.1_prot_WP_014554119.1_1	GCF_013201895.1_WP_106870992.1	56.867	419	432	99	415	176	2	3	415	19	432	0.0	571
lcl|NC_017455.1_prot_WP_014554119.1_1	GCF_001190745.1_WP_005873347.1	55.690	419	448	98	413	180	2	4	414	36	447	0.0	571
lcl|NC_017455.1_prot_WP_014554119.1_1	GCF_000331995.1_WP_015360013.1	62.234	419	597	89	376	138	3	44	418	214	586	0.0	571
lcl|NC_017455.1_prot_WP_014554119.1_1	GCF_000023325.1_WP_237697563.1	60.482	419	420	99	415	161	2	2	414	1	414	0.0	571
lcl|NC_017455.1_prot_WP_014554119.1_1	GCF_900239945.1_WP_108896679.1	55.529	419	464	99	416	181	3	3	415	50	464	0.0	571
lcl|NC_017455.1_prot_WP_014554119.1_1	GCF_009258225.1_WP_152307707.1	53.253	419	451	98	415	190	3	3	414	36	449	0.0	571
lcl|NC_017455.1_prot_WP_014554119.1_1	GCF_003344925.1_WP_114678534.1	59.409	419	619	88	372	148	2	45	414	247	617	0.0	571
lcl|NC_017455.1_prot_WP_014554119.1_1	GCF_000447675.1_WP_020965338.1	56.667	419	529	99	420	177	3	4	419	109	527	0.0	571
lcl|NC_017455.1_prot_WP_014554119.1_1	GCF_000331715.1_WP_041817073.1	56.835	419	416	99	417	176	3	2	415	1	416	0.0	571
lcl|NC_017455.1_prot_WP_014554119.1_1	GCF_000259275.1_WP_014659577.1	54.831	419	438	98	414	184	2	4	415	25	437	0.0	571
lcl|NC_017455.1_prot_WP_014554119.1_1	GCF_000007205.1_WP_010883248.1	55.288	419	464	99	416	182	3	3	415	50	464	0.0	571
lcl|NC_017455.1_prot_WP_014554119.1_1	GCF_916098265.1_WP_004277528.1	54.458	419	431	99	415	186	2	3	415	18	431	0.0	571
lcl|NC_017455.1_prot_WP_014554119.1_1	GCF_029318685.1_WP_004618272.1	61.600	419	691	89	375	140	3	44	417	313	684	0.0	571
lcl|NC_017455.1_prot_WP_014554119.1_1	GCF_017821535.1_WP_164539516.1	53.976	419	438	99	415	188	2	3	415	24	437	0.0	571
lcl|NC_017455.1_prot_WP_014554119.1_1	GCF_015679185.1_WP_196098893.1	58.919	419	569	88	370	149	2	47	414	200	568	0.0	571
lcl|NC_017455.1_prot_WP_014554119.1_1	GCF_015265475.1_WP_194366209.1	54.217	419	450	98	415	186	3	3	414	34	447	0.0	571
lcl|NC_017455.1_prot_WP_014554119.1_1	GCF_014524565.1_WP_210758312.1	58.919	419	570	88	370	149	2	47	414	201	569	0.0	571
lcl|NC_017455.1_prot_WP_014554119.1_1	GCF_013416015.1_WP_178696815.1	53.865	419	442	98	414	188	2	3	414	29	441	0.0	571
lcl|NC_017455.1_prot_WP_014554119.1_1	GCF_001889005.1_WP_072552842.1	56.989	419	558	88	372	157	2	45	414	187	557	0.0	571
lcl|NC_017455.1_prot_WP_014554119.1_1	GCF_000213235.1_WP_013777443.1	61.928	419	424	99	415	156	2	2	416	1	413	0.0	571
lcl|NC_017455.1_prot_WP_014554119.1_1	GCF_000165465.1_WP_245528303.1	100.000	419	398	94	394	0	0	22	415	1	394	0.0	571
lcl|NC_017455.1_prot_WP_014554119.1_1	GCF_000146025.2_WP_095558968.1	56.355	419	423	99	417	177	4	2	414	1	416	0.0	571
lcl|NC_017455.1_prot_WP_014554119.1_1	GCF_000024885.1_WP_012856246.1	53.253	419	447	99	415	191	2	3	415	34	447	0.0	571
lcl|NC_017455.1_prot_WP_014554119.1_1	GCF_907165195.1_WP_258541184.1	57.412	419	565	88	371	154	3	47	414	195	564	0.0	570
lcl|NC_017455.1_prot_WP_014554119.1_1	GCF_028009925.1_WP_239787211.1	56.720	419	607	88	372	158	2	45	414	236	606	0.0	570
lcl|NC_017455.1_prot_WP_014554119.1_1	GCF_019740355.2_WP_221833478.1	56.873	419	534	88	371	156	3	47	414	164	533	0.0	570
lcl|NC_017455.1_prot_WP_014554119.1_1	GCF_018736045.1_WP_169665735.1	52.163	419	574	99	416	192	4	2	415	164	574	0.0	570
lcl|NC_017455.1_prot_WP_014554119.1_1	GCF_014692875.1_WP_169502042.1	58.919	419	576	88	370	149	2	47	414	207	575	0.0	570
lcl|NC_017455.1_prot_WP_014554119.1_1	GCF_000194605.1_WP_013688368.1	56.873	419	649	88	371	156	3	47	414	279	648	0.0	570
lcl|NC_017455.1_prot_WP_014554119.1_1	GCF_000024385.1_WP_012854248.1	56.800	419	679	89	375	157	2	45	416	301	673	0.0	570
lcl|NC_017455.1_prot_WP_014554119.1_1	GCF_000020145.1_WP_041691396.1	53.976	419	418	99	415	188	2	2	414	1	414	0.0	570
lcl|NC_017455.1_prot_WP_014554119.1_1	GCF_900476215.1_WP_013023182.1	55.181	419	431	99	415	183	2	3	415	16	429	0.0	570
lcl|NC_017455.1_prot_WP_014554119.1_1	GCF_012277315.1_WP_168455357.1	53.066	419	471	99	424	187	4	2	414	48	470	0.0	570
lcl|NC_017455.1_prot_WP_014554119.1_1	GCF_007750395.1_WP_261342279.1	56.355	419	483	98	417	176	3	3	414	66	481	0.0	570
lcl|NC_017455.1_prot_WP_014554119.1_1	GCF_004208415.1_WP_129891560.1	63.095	419	422	99	420	148	2	2	415	1	419	0.0	570
lcl|NC_017455.1_prot_WP_014554119.1_1	GCF_003312915.1_WP_113679496.1	57.373	419	607	89	373	156	2	45	415	236	607	0.0	570
lcl|NC_017455.1_prot_WP_014554119.1_1	GCF_003024155.1_WP_107012338.1	56.989	419	558	88	372	157	2	45	414	187	557	0.0	570
lcl|NC_017455.1_prot_WP_014554119.1_1	GCF_000468615.2_WP_029445435.1	58.713	419	572	89	373	151	2	45	415	201	572	0.0	570
lcl|NC_017455.1_prot_WP_014554119.1_1	GCF_000196135.1_WP_011138720.1	54.327	419	453	99	416	186	3	3	415	38	452	0.0	570
lcl|NC_017455.1_prot_WP_014554119.1_1	GCF_000060345.1_WP_011708344.1	56.989	419	557	88	372	157	2	45	414	186	556	0.0	570
lcl|NC_017455.1_prot_WP_014554119.1_1	GCF_000024905.1_WP_012869994.1	60.922	419	457	98	412	160	1	3	414	45	455	0.0	570
lcl|NC_017455.1_prot_WP_014554119.1_1	GCF_000012685.1_WP_020478375.1	54.415	419	542	99	419	186	3	1	415	125	542	0.0	570
lcl|NC_017455.1_prot_WP_014554119.1_1	GCF_900198195.1_WP_095074339.1	57.258	419	568	88	372	156	2	45	414	197	567	0.0	570
lcl|NC_017455.1_prot_WP_014554119.1_1	GCF_028751525.1_WP_274457701.1	64.039	419	412	97	406	141	3	10	414	1	402	0.0	570
lcl|NC_017455.1_prot_WP_014554119.1_1	GCF_018604565.1_WP_029342779.1	58.195	419	457	99	421	166	3	3	415	15	433	0.0	570
lcl|NC_017455.1_prot_WP_014554119.1_1	GCF_010093065.1_WP_202929129.1	58.177	419	575	89	373	153	2	44	414	203	574	0.0	570
lcl|NC_017455.1_prot_WP_014554119.1_1	GCF_003343305.1_WP_086304368.1	59.214	419	431	97	407	165	1	2	408	5	410	0.0	570
lcl|NC_017455.1_prot_WP_014554119.1_1	GCF_002080395.1_WP_082199508.1	54.458	419	431	99	415	186	2	3	415	18	431	0.0	570
lcl|NC_017455.1_prot_WP_014554119.1_1	GCF_001941385.1_WP_041426078.1	59.080	419	428	98	413	167	2	3	414	12	423	0.0	570
lcl|NC_017455.1_prot_WP_014554119.1_1	GCF_001831475.1_WP_066334474.1	56.836	419	603	89	373	158	2	45	415	232	603	0.0	570
lcl|NC_017455.1_prot_WP_014554119.1_1	GCF_001761465.1_WP_035640151.1	56.836	419	618	89	373	158	2	45	415	247	618	0.0	570
lcl|NC_017455.1_prot_WP_014554119.1_1	GCF_001761325.1_WP_070236554.1	58.333	419	560	88	372	151	3	45	414	190	559	0.0	570
lcl|NC_017455.1_prot_WP_014554119.1_1	GCF_000963865.1_WP_045801093.1	57.641	419	520	89	373	155	2	45	415	149	520	0.0	570
lcl|NC_017455.1_prot_WP_014554119.1_1	GCF_027941755.1_WP_275687513.1	56.989	419	574	88	372	157	2	45	414	203	573	0.0	569
lcl|NC_017455.1_prot_WP_014554119.1_1	GCF_020217405.1_WP_004269450.1	61.871	419	427	99	417	157	1	2	418	4	418	0.0	569
lcl|NC_017455.1_prot_WP_014554119.1_1	GCF_015034585.1_WP_016189128.1	56.000	419	644	89	375	160	2	45	416	266	638	0.0	569
lcl|NC_017455.1_prot_WP_014554119.1_1	GCF_014905095.1_WP_193113087.1	53.735	419	448	98	415	188	3	3	414	32	445	0.0	569
lcl|NC_017455.1_prot_WP_014554119.1_1	GCF_011397115.1_WP_173102485.1	60.000	419	432	97	405	161	1	2	406	6	409	0.0	569
lcl|NC_017455.1_prot_WP_014554119.1_1	GCF_003055625.1_WP_108371539.1	56.300	419	608	89	373	160	2	45	415	237	608	0.0	569
lcl|NC_017455.1_prot_WP_014554119.1_1	GCF_002893765.1_WP_102994342.1	57.258	419	562	88	372	156	2	45	414	191	561	0.0	569
lcl|NC_017455.1_prot_WP_014554119.1_1	GCF_002238335.1_WP_094325728.1	55.181	419	430	99	415	183	2	3	415	17	430	0.0	569
lcl|NC_017455.1_prot_WP_014554119.1_1	GCF_000829315.1_WP_041046262.1	53.302	419	471	99	424	186	4	2	414	48	470	0.0	569
lcl|NC_017455.1_prot_WP_014554119.1_1	GCF_000020005.1_WP_012449254.1	62.836	419	414	98	409	151	1	2	410	1	408	0.0	569
lcl|NC_017455.1_prot_WP_014554119.1_1	GCF_000008385.1_WP_011256726.1	53.302	419	471	99	424	186	4	2	414	48	470	0.0	569
lcl|NC_017455.1_prot_WP_014554119.1_1	GCF_021172145.1_WP_231843594.1	56.568	419	583	89	373	159	2	45	415	212	583	0.0	569
lcl|NC_017455.1_prot_WP_014554119.1_1	GCF_016725645.1_WP_002999484.1	58.649	419	495	88	370	150	2	47	414	126	494	0.0	569
lcl|NC_017455.1_prot_WP_014554119.1_1	GCF_013402795.1_WP_179242477.1	57.909	419	530	89	373	154	2	45	415	159	530	0.0	569
lcl|NC_017455.1_prot_WP_014554119.1_1	GCF_008704715.1_WP_150499775.1	56.201	419	671	90	379	161	2	43	418	289	665	0.0	569
lcl|NC_017455.1_prot_WP_014554119.1_1	GCF_002844395.1_WP_101298645.1	61.968	419	631	89	376	141	2	43	417	255	629	0.0	569
lcl|NC_017455.1_prot_WP_014554119.1_1	GCF_001544015.1_WP_068140099.1	62.954	419	423	98	413	151	2	2	413	1	412	0.0	569
lcl|NC_017455.1_prot_WP_014554119.1_1	GCF_001310225.1_WP_054725497.1	57.258	419	554	88	372	156	2	45	414	183	553	0.0	569
lcl|NC_017455.1_prot_WP_014554119.1_1	GCF_000724775.3_WP_012292741.1	62.590	419	427	99	417	154	1	2	418	4	418	0.0	569
lcl|NC_017455.1_prot_WP_014554119.1_1	GCF_000186265.1_WP_013549324.1	58.981	419	581	89	373	150	2	45	415	210	581	0.0	569
lcl|NC_017455.1_prot_WP_014554119.1_1	GCF_000020565.1_WP_012472465.1	59.621	419	512	88	369	146	2	50	416	145	512	0.0	569
lcl|NC_017455.1_prot_WP_014554119.1_1	GCF_000019905.1_WP_012371589.1	57.720	419	454	99	421	168	3	3	415	14	432	0.0	569
lcl|NC_017455.1_prot_WP_014554119.1_1	GCF_022558445.1_WP_241421823.1	63.107	419	422	98	412	151	1	2	413	9	419	0.0	568
lcl|NC_017455.1_prot_WP_014554119.1_1	GCF_021172165.1_WP_231834764.1	56.568	419	591	89	373	159	2	45	415	220	591	0.0	568
lcl|NC_017455.1_prot_WP_014554119.1_1	GCF_016467295.1_WP_128791700.1	56.201	419	679	90	379	161	2	43	418	297	673	0.0	568
lcl|NC_017455.1_prot_WP_014554119.1_1	GCF_015265455.1_WP_194370730.1	54.217	419	450	98	415	186	3	3	414	34	447	0.0	568
lcl|NC_017455.1_prot_WP_014554119.1_1	GCF_011100465.1_WP_076768219.1	61.501	419	419	99	413	158	1	1	413	4	415	0.0	568
lcl|NC_017455.1_prot_WP_014554119.1_1	GCF_009913235.1_WP_160690631.1	59.140	419	620	88	372	149	2	45	414	249	619	0.0	568
lcl|NC_017455.1_prot_WP_014554119.1_1	GCF_003991565.1_WP_106480283.1	58.289	419	669	89	374	152	3	45	415	296	668	0.0	568
lcl|NC_017455.1_prot_WP_014554119.1_1	GCF_003346755.1_WP_101183223.1	54.087	419	447	99	416	187	3	3	415	33	447	0.0	568
lcl|NC_017455.1_prot_WP_014554119.1_1	GCF_001460635.1_WP_034327450.1	55.314	419	430	98	414	182	2	4	415	16	428	0.0	568
lcl|NC_017455.1_prot_WP_014554119.1_1	GCF_000828655.1_WP_041076717.1	57.971	419	431	99	414	172	2	3	415	14	426	0.0	568
lcl|NC_017455.1_prot_WP_014554119.1_1	GCF_000802245.2_WP_039651506.1	55.937	419	685	90	379	162	2	43	418	303	679	0.0	568
lcl|NC_017455.1_prot_WP_014554119.1_1	GCF_020886055.1_WP_229316903.1	57.105	419	561	89	373	157	2	45	415	190	561	0.0	568
lcl|NC_017455.1_prot_WP_014554119.1_1	GCF_018968685.1_WP_131162915.1	54.217	419	432	99	415	187	2	3	415	19	432	0.0	568
lcl|NC_017455.1_prot_WP_014554119.1_1	GCF_016889065.1_WP_027202033.1	58.289	419	669	89	374	152	3	45	415	296	668	0.0	568
lcl|NC_017455.1_prot_WP_014554119.1_1	GCF_016638705.1_WP_053596464.1	62.350	419	427	99	417	155	1	2	418	4	418	0.0	568
lcl|NC_017455.1_prot_WP_014554119.1_1	GCF_004421025.1_WP_134433569.1	58.221	419	488	88	371	152	2	47	415	119	488	0.0	568
lcl|NC_017455.1_prot_WP_014554119.1_1	GCF_003955755.1_WP_126109168.1	61.501	419	419	99	413	158	1	1	413	4	415	0.0	568
lcl|NC_017455.1_prot_WP_014554119.1_1	GCF_002356295.1_WP_096429697.1	58.511	419	615	89	376	152	3	43	415	240	614	0.0	568
lcl|NC_017455.1_prot_WP_014554119.1_1	GCF_002277955.1_WP_095414664.1	55.847	419	498	98	419	177	4	3	414	79	496	0.0	568
lcl|NC_017455.1_prot_WP_014554119.1_1	GCF_000224085.1_WP_014031819.1	57.373	419	539	89	373	156	2	45	415	168	539	0.0	568
lcl|NC_017455.1_prot_WP_014554119.1_1	GCF_000166415.1_WP_013404967.1	91.084	419	419	99	415	37	0	1	415	1	415	0.0	568
lcl|NC_017455.1_prot_WP_014554119.1_1	GCF_900095795.1_WP_071136668.1	58.556	419	689	89	374	151	3	45	415	317	689	0.0	568
lcl|NC_017455.1_prot_WP_014554119.1_1	GCF_019884785.1_WP_223038006.1	52.915	419	462	99	446	177	2	2	414	14	459	0.0	568
lcl|NC_017455.1_prot_WP_014554119.1_1	GCF_019613795.1_WP_220640001.1	58.981	419	622	89	373	150	2	45	415	250	621	0.0	568
lcl|NC_017455.1_prot_WP_014554119.1_1	GCF_017526105.1_WP_208034425.1	56.201	419	664	90	379	161	2	43	418	283	659	0.0	568
lcl|NC_017455.1_prot_WP_014554119.1_1	GCF_013201935.1_WP_129013042.1	54.327	419	442	99	416	186	3	3	415	28	442	0.0	568
lcl|NC_017455.1_prot_WP_014554119.1_1	GCF_013177635.1_WP_128985225.1	54.327	419	442	99	416	186	3	3	415	28	442	0.0	568
lcl|NC_017455.1_prot_WP_014554119.1_1	GCF_008369745.1_WP_111379103.1	57.641	419	613	89	373	155	2	45	415	242	613	0.0	568
lcl|NC_017455.1_prot_WP_014554119.1_1	GCF_004296535.1_WP_130623999.1	52.732	419	420	99	421	190	5	2	415	1	419	0.0	568
lcl|NC_017455.1_prot_WP_014554119.1_1	GCF_003544855.1_WP_099310040.1	53.365	419	447	99	416	190	3	3	415	33	447	0.0	568
lcl|NC_017455.1_prot_WP_014554119.1_1	GCF_003148385.1_WP_109570101.1	57.105	419	563	89	373	157	2	45	415	192	563	0.0	568
lcl|NC_017455.1_prot_WP_014554119.1_1	GCF_003097575.1_WP_108910459.1	55.048	419	440	99	416	183	3	3	415	22	436	0.0	568
lcl|NC_017455.1_prot_WP_014554119.1_1	GCF_003074055.1_WP_108708713.1	56.201	419	684	90	379	161	2	43	418	302	678	0.0	568
lcl|NC_017455.1_prot_WP_014554119.1_1	GCF_002224645.1_WP_089609275.1	63.350	419	419	98	412	150	1	2	413	1	411	0.0	568
lcl|NC_017455.1_prot_WP_014554119.1_1	GCF_002080475.1_WP_070965529.1	55.581	419	431	99	430	174	2	2	415	1	429	0.0	568
lcl|NC_017455.1_prot_WP_014554119.1_1	GCF_002007645.1_WP_205848054.1	56.115	419	420	99	417	178	3	2	414	1	416	0.0	568
lcl|NC_017455.1_prot_WP_014554119.1_1	GCF_000328545.1_WP_015312591.1	60.209	419	632	91	382	151	1	36	417	249	629	0.0	568
lcl|NC_017455.1_prot_WP_014554119.1_1	GCF_000307585.2_WP_014757278.1	59.948	419	618	91	382	152	1	36	417	235	615	0.0	568
lcl|NC_017455.1_prot_WP_014554119.1_1	GCF_000306885.1_WP_014869154.1	52.830	419	471	99	424	188	4	2	414	48	470	0.0	568
lcl|NC_017455.1_prot_WP_014554119.1_1	GCF_000025005.1_WP_041424899.1	60.294	419	407	97	408	161	1	10	417	1	407	0.0	568
lcl|NC_017455.1_prot_WP_014554119.1_1	GCF_014397115.1_WP_126793909.1	60.294	419	423	97	408	161	1	2	409	5	411	0.0	567
lcl|NC_017455.1_prot_WP_014554119.1_1	GCF_003122385.1_WP_109194305.1	57.373	419	601	89	373	156	2	45	415	230	601	0.0	567
lcl|NC_017455.1_prot_WP_014554119.1_1	GCF_003076475.1_WP_108738152.1	56.836	419	604	89	373	158	2	45	415	233	604	0.0	567
lcl|NC_017455.1_prot_WP_014554119.1_1	GCF_002305895.1_WP_193364434.1	53.938	419	541	99	419	188	3	1	415	124	541	0.0	567
lcl|NC_017455.1_prot_WP_014554119.1_1	GCF_001735805.1_WP_069778702.1	56.201	419	662	90	379	161	2	43	418	280	656	0.0	567
lcl|NC_017455.1_prot_WP_014554119.1_1	GCF_000280925.3_WP_193409834.1	54.177	419	539	99	419	187	3	1	415	122	539	0.0	567
lcl|NC_017455.1_prot_WP_014554119.1_1	GCF_000255295.1_WP_014398916.1	54.415	419	537	99	419	186	3	1	415	120	537	0.0	567
lcl|NC_017455.1_prot_WP_014554119.1_1	GCF_000253275.1_WP_014084047.1	56.604	419	634	88	371	158	2	45	413	262	631	0.0	567
lcl|NC_017455.1_prot_WP_014554119.1_1	GCF_000242635.2_WP_014680527.1	56.915	419	546	89	376	158	3	42	414	171	545	0.0	567
lcl|NC_017455.1_prot_WP_014554119.1_1	GCF_000023465.1_WP_013070468.1	57.258	419	552	88	372	156	2	45	414	181	551	0.0	567
lcl|NC_017455.1_prot_WP_014554119.1_1	GCF_014764305.1_WP_106687067.1	57.796	419	548	88	372	154	2	45	414	177	547	0.0	567
lcl|NC_017455.1_prot_WP_014554119.1_1	GCF_012030695.1_WP_167895776.1	53.066	419	471	99	424	187	4	2	414	48	470	0.0	567
lcl|NC_017455.1_prot_WP_014554119.1_1	GCF_003963535.1_WP_126395076.1	56.233	419	660	89	377	160	2	45	418	280	654	0.0	567
lcl|NC_017455.1_prot_WP_014554119.1_1	GCF_000304455.1_WP_014934661.1	58.743	419	508	87	366	148	2	50	413	142	506	0.0	567
lcl|NC_017455.1_prot_WP_014554119.1_1	GCF_000214375.1_WP_015707633.1	58.034	419	635	99	417	170	3	2	414	213	628	0.0	567
lcl|NC_017455.1_prot_WP_014554119.1_1	GCF_000189775.2_WP_013788936.1	60.209	419	613	91	382	151	1	36	417	230	610	0.0	567
lcl|NC_017455.1_prot_WP_014554119.1_1	GCF_027941775.1_WP_271231532.1	56.989	419	585	88	372	157	2	45	414	214	584	0.0	566
lcl|NC_017455.1_prot_WP_014554119.1_1	GCF_014673495.1_WP_037656517.1	56.201	419	673	90	379	161	2	43	418	291	667	0.0	566
lcl|NC_017455.1_prot_WP_014554119.1_1	GCF_013365475.1_WP_175814304.1	52.123	419	471	99	424	191	4	2	414	48	470	0.0	566
lcl|NC_017455.1_prot_WP_014554119.1_1	GCF_013283835.1_WP_071627575.1	53.606	419	442	99	416	189	3	3	415	28	442	0.0	566
lcl|NC_017455.1_prot_WP_014554119.1_1	GCF_008000835.1_WP_079577987.1	53.125	419	447	99	416	191	3	3	415	33	447	0.0	566
lcl|NC_017455.1_prot_WP_014554119.1_1	GCF_004355225.1_WP_133275467.1	57.373	419	595	89	373	156	2	45	415	224	595	0.0	566
lcl|NC_017455.1_prot_WP_014554119.1_1	GCF_004296495.1_WP_148708502.1	55.000	419	418	99	420	178	5	2	414	1	416	0.0	566
lcl|NC_017455.1_prot_WP_014554119.1_1	GCF_002305855.1_WP_179956392.1	53.699	419	538	99	419	189	3	1	415	121	538	0.0	566
lcl|NC_017455.1_prot_WP_014554119.1_1	GCF_001705175.1_WP_066034032.1	57.641	419	611	89	373	155	2	45	415	240	611	0.0	566
lcl|NC_017455.1_prot_WP_014554119.1_1	GCF_000331735.1_WP_015351756.1	54.177	419	543	99	419	187	3	1	415	126	543	0.0	566
lcl|NC_017455.1_prot_WP_014554119.1_1	GCF_000022065.1_WP_015926717.1	61.600	419	690	89	375	140	3	44	417	312	683	0.0	566
lcl|NC_017455.1_prot_WP_014554119.1_1	GCF_025999835.1_WP_264842414.1	61.614	419	416	98	409	156	1	2	410	1	408	0.0	566
lcl|NC_017455.1_prot_WP_014554119.1_1	GCF_023272795.1_WP_248727594.1	57.641	419	608	89	373	155	2	45	415	237	608	0.0	566
lcl|NC_017455.1_prot_WP_014554119.1_1	GCF_021650975.2_WP_236456386.1	56.568	419	579	89	373	159	2	45	415	208	579	0.0	566
lcl|NC_017455.1_prot_WP_014554119.1_1	GCF_017352335.1_WP_043443883.1	55.937	419	659	90	379	162	2	43	418	278	654	0.0	566
lcl|NC_017455.1_prot_WP_014554119.1_1	GCF_016888945.1_WP_008140606.1	57.641	419	658	88	373	154	3	45	414	286	657	0.0	566
lcl|NC_017455.1_prot_WP_014554119.1_1	GCF_013265555.1_WP_173072576.1	59.030	419	612	88	371	148	3	47	414	240	609	0.0	566
lcl|NC_017455.1_prot_WP_014554119.1_1	GCF_013201725.1_WP_014473126.1	53.846	419	442	99	416	188	3	3	415	28	442	0.0	566
lcl|NC_017455.1_prot_WP_014554119.1_1	GCF_006716135.1_WP_142231861.1	56.201	419	682	90	379	161	2	43	418	300	676	0.0	566
lcl|NC_017455.1_prot_WP_014554119.1_1	GCF_002302415.1_WP_095911156.1	56.568	419	583	89	373	159	2	45	415	212	583	0.0	566
lcl|NC_017455.1_prot_WP_014554119.1_1	GCF_001602095.1_WP_066388784.1	54.589	419	431	98	414	185	2	3	414	16	428	0.0	566
lcl|NC_017455.1_prot_WP_014554119.1_1	GCF_946903285.1_WP_263361493.1	57.105	419	633	89	373	157	2	45	415	262	633	0.0	566
lcl|NC_017455.1_prot_WP_014554119.1_1	GCF_013283875.1_WP_237073811.1	59.189	419	526	88	370	148	2	47	414	157	525	0.0	566
lcl|NC_017455.1_prot_WP_014554119.1_1	GCF_009796285.1_WP_158924782.1	56.201	419	660	90	379	161	2	43	418	278	654	0.0	566
lcl|NC_017455.1_prot_WP_014554119.1_1	GCF_000025185.1_WP_236262088.1	54.785	419	419	99	418	183	3	2	414	1	417	0.0	566
lcl|NC_017455.1_prot_WP_014554119.1_1	GCF_024499525.1_WP_256635538.1	57.641	419	596	89	373	155	2	45	415	225	596	0.0	565
lcl|NC_017455.1_prot_WP_014554119.1_1	GCF_015160875.1_WP_189701470.1	55.937	419	673	90	379	162	2	43	418	291	667	0.0	565
lcl|NC_017455.1_prot_WP_014554119.1_1	GCF_013394675.1_WP_178983680.1	56.452	419	568	88	372	159	2	45	414	197	567	0.0	565
lcl|NC_017455.1_prot_WP_014554119.1_1	GCF_013201665.1_WP_128359269.1	53.606	419	442	99	416	189	3	3	415	28	442	0.0	565
lcl|NC_017455.1_prot_WP_014554119.1_1	GCF_001712815.1_WP_014124376.1	58.394	419	431	98	411	170	1	2	412	5	414	0.0	565
lcl|NC_017455.1_prot_WP_014554119.1_1	GCF_001660045.1_WP_064729848.1	55.703	419	679	89	377	162	2	45	418	299	673	0.0	565
lcl|NC_017455.1_prot_WP_014554119.1_1	GCF_902387545.1_WP_007850840.1	58.289	419	669	88	374	151	3	45	414	296	668	0.0	565
lcl|NC_017455.1_prot_WP_014554119.1_1	GCF_025402955.1_WP_261719459.1	55.937	419	670	90	379	162	2	43	418	288	664	0.0	565
lcl|NC_017455.1_prot_WP_014554119.1_1	GCF_008704515.1_WP_016824624.1	56.201	419	679	90	379	161	2	43	418	297	673	0.0	565
lcl|NC_017455.1_prot_WP_014554119.1_1	GCF_007751035.1_WP_261345006.1	53.349	419	500	99	418	189	3	3	415	83	499	0.0	565
lcl|NC_017455.1_prot_WP_014554119.1_1	GCF_003955715.1_WP_126274369.1	55.937	419	664	90	379	162	2	43	418	282	658	0.0	565
lcl|NC_017455.1_prot_WP_014554119.1_1	GCF_003097535.1_WP_108904339.1	56.568	419	613	89	373	159	2	45	415	242	613	0.0	565
lcl|NC_017455.1_prot_WP_014554119.1_1	GCF_003076455.1_WP_108740489.1	57.373	419	587	89	373	156	2	45	415	216	587	0.0	565
lcl|NC_017455.1_prot_WP_014554119.1_1	GCF_000444875.1_WP_020942259.1	55.937	419	670	90	379	162	2	43	418	288	664	0.0	565
lcl|NC_017455.1_prot_WP_014554119.1_1	GCF_000017585.1_WP_012109196.1	54.458	419	431	99	415	186	2	3	415	18	431	0.0	565
lcl|NC_017455.1_prot_WP_014554119.1_1	GCF_900095135.1_WP_076930390.1	58.065	419	652	88	372	152	3	47	415	282	652	0.0	565
lcl|NC_017455.1_prot_WP_014554119.1_1	GCF_024722315.1_WP_160339044.1	58.602	419	635	88	372	151	2	45	414	264	634	0.0	565
lcl|NC_017455.1_prot_WP_014554119.1_1	GCF_022807975.1_WP_255841765.1	57.909	419	554	89	373	154	2	45	415	183	554	0.0	565
lcl|NC_017455.1_prot_WP_014554119.1_1	GCF_020885855.1_WP_005840325.1	58.289	419	669	88	374	151	3	45	414	296	668	0.0	565
lcl|NC_017455.1_prot_WP_014554119.1_1	GCF_013177675.1_WP_172124614.1	54.699	419	442	98	415	184	3	4	415	29	442	0.0	565
lcl|NC_017455.1_prot_WP_014554119.1_1	GCF_007971225.1_WP_262713674.1	57.641	419	545	89	373	155	2	44	414	173	544	0.0	565
lcl|NC_017455.1_prot_WP_014554119.1_1	GCF_007970805.1_WP_146789701.1	58.981	419	562	89	373	150	2	44	414	190	561	0.0	565
lcl|NC_017455.1_prot_WP_014554119.1_1	GCF_006974145.1_WP_142783504.1	57.258	419	559	88	372	156	2	45	414	188	558	0.0	565
lcl|NC_017455.1_prot_WP_014554119.1_1	GCF_002117085.1_WP_085775204.1	56.300	419	563	89	373	160	2	45	415	192	563	0.0	565
lcl|NC_017455.1_prot_WP_014554119.1_1	GCF_001027285.1_WP_211276580.1	54.177	419	539	99	419	187	3	1	415	122	539	0.0	565
lcl|NC_017455.1_prot_WP_014554119.1_1	GCF_001027025.1_WP_218916096.1	60.241	419	420	99	415	162	2	2	414	1	414	0.0	565
lcl|NC_017455.1_prot_WP_014554119.1_1	GCF_900187255.1_WP_066430094.1	58.065	419	574	88	372	153	2	45	414	203	573	0.0	564
lcl|NC_017455.1_prot_WP_014554119.1_1	GCF_019175485.1_WP_010744531.1	59.951	419	431	97	407	162	1	2	408	5	410	0.0	564
lcl|NC_017455.1_prot_WP_014554119.1_1	GCF_018398935.1_WP_261352908.1	55.981	419	504	98	418	176	4	4	414	86	502	0.0	564
lcl|NC_017455.1_prot_WP_014554119.1_1	GCF_003555545.1_WP_119052498.1	58.981	419	561	89	373	150	2	44	414	189	560	0.0	564
lcl|NC_017455.1_prot_WP_014554119.1_1	GCF_003544815.1_WP_118885428.1	53.606	419	442	99	416	189	3	3	415	28	442	0.0	564
lcl|NC_017455.1_prot_WP_014554119.1_1	GCF_003097515.1_WP_206307188.1	55.937	419	666	90	379	162	2	43	418	284	660	0.0	564
lcl|NC_017455.1_prot_WP_014554119.1_1	GCF_002998535.1_WP_106068448.1	56.952	419	676	88	374	156	3	45	414	303	675	0.0	564
lcl|NC_017455.1_prot_WP_014554119.1_1	GCF_002998435.1_WP_106042139.1	56.952	419	681	88	374	156	3	45	414	308	680	0.0	564
lcl|NC_017455.1_prot_WP_014554119.1_1	GCF_002896855.1_WP_103082344.1	58.374	419	664	97	406	167	2	13	417	256	660	0.0	564
lcl|NC_017455.1_prot_WP_014554119.1_1	GCF_001042715.1_WP_048407513.1	54.195	419	442	99	441	174	2	2	415	1	440	0.0	564
lcl|NC_017455.1_prot_WP_014554119.1_1	GCF_000504105.1_WP_031503197.1	57.246	419	431	99	414	175	2	3	415	14	426	0.0	564
lcl|NC_017455.1_prot_WP_014554119.1_1	GCF_000092245.1_WP_013136538.1	53.606	419	447	99	416	189	3	3	415	33	447	0.0	564
lcl|NC_017455.1_prot_WP_014554119.1_1	GCF_020091425.1_WP_010803566.1	57.029	419	675	88	377	154	3	45	414	299	674	0.0	564
lcl|NC_017455.1_prot_WP_014554119.1_1	GCF_016889925.1_WP_005802887.1	51.683	419	684	97	416	177	5	8	414	283	683	0.0	564
lcl|NC_017455.1_prot_WP_014554119.1_1	GCF_009792295.1_WP_158962738.1	57.796	419	606	88	372	154	2	45	414	235	605	0.0	564
lcl|NC_017455.1_prot_WP_014554119.1_1	GCF_003665435.1_WP_121547545.1	55.968	419	693	89	377	161	2	45	418	313	687	0.0	564
lcl|NC_017455.1_prot_WP_014554119.1_1	GCF_002288185.1_WP_095685486.1	55.556	419	522	89	378	163	2	45	419	142	517	0.0	564
lcl|NC_017455.1_prot_WP_014554119.1_1	GCF_002104335.1_WP_027306260.1	55.181	419	430	99	415	183	2	3	415	17	430	0.0	564
lcl|NC_017455.1_prot_WP_014554119.1_1	GCF_001703555.1_WP_119907572.1	59.709	419	431	98	412	165	1	1	412	4	414	0.0	564
lcl|NC_017455.1_prot_WP_014554119.1_1	GCF_001653755.1_WP_035328434.1	56.300	419	573	89	373	160	2	45	415	202	573	0.0	564
lcl|NC_017455.1_prot_WP_014554119.1_1	GCF_000190575.1_WP_013616089.1	57.641	419	654	88	373	154	3	45	414	282	653	0.0	564
lcl|NC_017455.1_prot_WP_014554119.1_1	GCF_027947595.1_WP_271320381.1	55.968	419	697	89	377	161	2	45	418	317	691	0.0	563
lcl|NC_017455.1_prot_WP_014554119.1_1	GCF_022699385.1_WP_242754412.1	56.201	419	693	90	379	161	2	43	418	311	687	0.0	563
lcl|NC_017455.1_prot_WP_014554119.1_1	GCF_022539405.1_WP_241079110.1	59.036	419	414	99	415	169	1	2	416	1	414	0.0	563
lcl|NC_017455.1_prot_WP_014554119.1_1	GCF_022267555.1_WP_238866992.1	57.258	419	663	88	372	155	3	47	415	293	663	0.0	563
lcl|NC_017455.1_prot_WP_014554119.1_1	GCF_020149935.1_WP_261451786.1	58.995	419	519	90	378	153	1	40	415	142	519	0.0	563
lcl|NC_017455.1_prot_WP_014554119.1_1	GCF_019599145.1_WP_220646526.1	55.673	419	683	90	379	163	2	43	418	301	677	0.0	563
lcl|NC_017455.1_prot_WP_014554119.1_1	GCF_018141485.1_WP_136240774.1	55.937	419	687	90	379	162	2	43	418	304	680	0.0	563
lcl|NC_017455.1_prot_WP_014554119.1_1	GCF_015160855.1_WP_194040586.1	55.673	419	676	90	379	163	2	43	418	295	671	0.0	563
lcl|NC_017455.1_prot_WP_014554119.1_1	GCF_003713065.1_WP_123043831.1	63.747	419	432	98	411	146	2	4	414	1	408	0.0	563
lcl|NC_017455.1_prot_WP_014554119.1_1	GCF_003544915.1_WP_118916357.1	53.846	419	442	99	416	188	3	3	415	28	442	0.0	563
lcl|NC_017455.1_prot_WP_014554119.1_1	GCF_003346815.1_WP_114838194.1	55.970	419	442	95	402	173	3	17	415	42	442	0.0	563
lcl|NC_017455.1_prot_WP_014554119.1_1	GCF_001542625.1_WP_067300590.1	55.673	419	684	90	379	163	2	43	418	302	678	0.0	563
lcl|NC_017455.1_prot_WP_014554119.1_1	GCF_001267885.1_WP_053137099.1	55.968	419	699	89	377	161	2	45	418	319	693	0.0	563
lcl|NC_017455.1_prot_WP_014554119.1_1	GCF_000025885.1_WP_041459654.1	62.864	419	436	98	412	152	1	3	414	24	434	0.0	563
lcl|NC_017455.1_prot_WP_014554119.1_1	GCF_023299185.1_WP_126762627.1	57.971	419	424	99	414	173	1	2	415	5	417	0.0	563
lcl|NC_017455.1_prot_WP_014554119.1_1	GCF_021028635.1_WP_230902785.1	55.937	419	696	90	379	162	2	43	418	313	689	0.0	563
lcl|NC_017455.1_prot_WP_014554119.1_1	GCF_019203185.1_WP_218283430.1	53.363	419	449	99	446	175	2	2	414	1	446	0.0	563
lcl|NC_017455.1_prot_WP_014554119.1_1	GCF_017352115.1_WP_207295357.1	57.373	419	609	89	373	156	2	45	415	238	609	0.0	563
lcl|NC_017455.1_prot_WP_014554119.1_1	GCF_014701095.1_WP_190902596.1	56.464	419	677	90	379	160	2	43	418	295	671	0.0	563
lcl|NC_017455.1_prot_WP_014554119.1_1	GCF_013365435.1_WP_175838316.1	52.830	419	471	99	424	188	4	2	414	48	470	0.0	563
lcl|NC_017455.1_prot_WP_014554119.1_1	GCF_008705135.1_WP_150483044.1	55.937	419	708	90	379	162	2	43	418	326	702	0.0	563
lcl|NC_017455.1_prot_WP_014554119.1_1	GCF_008152325.1_WP_269902693.1	54.773	419	444	99	440	172	2	1	414	3	441	0.0	563
lcl|NC_017455.1_prot_WP_014554119.1_1	GCF_005145005.1_WP_136953678.1	58.477	419	426	97	407	168	1	2	408	5	410	0.0	563
lcl|NC_017455.1_prot_WP_014554119.1_1	GCF_004101785.1_WP_128425275.1	52.183	419	462	99	458	173	3	2	414	1	457	0.0	563
lcl|NC_017455.1_prot_WP_014554119.1_1	GCF_003595235.1_WP_062027094.1	56.233	419	677	89	377	160	2	45	418	297	671	0.0	563
lcl|NC_017455.1_prot_WP_014554119.1_1	GCF_003269425.1_WP_112377115.1	57.909	419	533	89	373	154	2	45	415	162	533	0.0	563
lcl|NC_017455.1_prot_WP_014554119.1_1	GCF_001611955.1_WP_011275225.1	59.658	419	438	97	409	162	2	8	415	19	425	0.0	563
lcl|NC_017455.1_prot_WP_014554119.1_1	GCF_000284355.1_WP_004510344.1	53.846	419	440	99	416	188	3	3	415	26	440	0.0	563
lcl|NC_017455.1_prot_WP_014554119.1_1	GCF_000183135.1_WP_013443913.1	57.527	419	627	88	372	154	3	47	415	257	627	0.0	563
lcl|NC_017455.1_prot_WP_014554119.1_1	GCF_947251595.1_WP_265024454.1	52.482	419	467	99	423	190	4	2	414	45	466	0.0	563
lcl|NC_017455.1_prot_WP_014554119.1_1	GCF_016767175.1_WP_132028140.1	54.222	419	453	99	450	169	2	2	415	1	449	0.0	563
lcl|NC_017455.1_prot_WP_014554119.1_1	GCF_007859675.1_WP_146322537.1	52.073	419	716	91	386	178	2	38	418	314	697	0.0	563
lcl|NC_017455.1_prot_WP_014554119.1_1	GCF_004792515.1_WP_135253942.1	58.477	419	426	97	407	168	1	2	408	5	410	0.0	563
lcl|NC_017455.1_prot_WP_014554119.1_1	GCF_003994395.1_WP_127177967.1	55.673	419	683	90	379	163	2	43	418	301	677	0.0	563
lcl|NC_017455.1_prot_WP_014554119.1_1	GCF_003351905.1_WP_114910127.1	58.470	419	508	87	366	149	2	50	413	142	506	0.0	563
lcl|NC_017455.1_prot_WP_014554119.1_1	GCF_001013905.1_WP_029383389.1	55.937	419	687	90	379	162	2	43	418	305	681	0.0	563
lcl|NC_017455.1_prot_WP_014554119.1_1	GCF_000166395.1_WP_013410082.1	60.106	419	503	89	376	148	1	42	415	128	503	0.0	563
lcl|NC_017455.1_prot_WP_014554119.1_1	GCF_024752535.1_WP_135567664.1	55.968	419	692	89	377	161	2	45	418	312	686	0.0	562
lcl|NC_017455.1_prot_WP_014554119.1_1	GCF_023923245.1_WP_252546550.1	56.053	419	693	90	380	162	2	43	419	313	690	0.0	562
lcl|NC_017455.1_prot_WP_014554119.1_1	GCF_016599795.1_WP_017636783.1	58.924	419	438	97	409	165	2	8	415	19	425	0.0	562
lcl|NC_017455.1_prot_WP_014554119.1_1	GCF_015767775.1_WP_003952450.1	55.851	419	672	89	376	161	2	46	418	293	666	0.0	562
lcl|NC_017455.1_prot_WP_014554119.1_1	GCF_011068285.1_WP_166248900.1	57.373	419	542	89	373	156	2	45	415	171	542	0.0	562
lcl|NC_017455.1_prot_WP_014554119.1_1	GCF_004803895.1_WP_175434751.1	56.233	419	685	89	377	160	2	45	418	305	679	0.0	562
lcl|NC_017455.1_prot_WP_014554119.1_1	GCF_003261055.1_WP_053761960.1	56.201	419	669	90	379	161	2	43	418	287	663	0.0	562
lcl|NC_017455.1_prot_WP_014554119.1_1	GCF_003122365.1_WP_172607730.1	55.673	419	671	90	379	163	2	43	418	289	665	0.0	562
lcl|NC_017455.1_prot_WP_014554119.1_1	GCF_001931755.2_WP_110409382.1	53.066	419	471	99	424	187	4	2	414	48	470	0.0	562
lcl|NC_017455.1_prot_WP_014554119.1_1	GCF_000186225.1_WP_013547398.1	56.417	419	667	88	374	158	3	45	414	294	666	0.0	562
lcl|NC_017455.1_prot_WP_014554119.1_1	GCF_000018865.1_WP_012256183.1	55.730	419	444	99	445	164	3	2	415	1	443	0.0	562
lcl|NC_017455.1_prot_WP_014554119.1_1	GCF_947251725.1_WP_265031724.1	52.955	419	467	99	423	188	4	2	414	45	466	0.0	562
lcl|NC_017455.1_prot_WP_014554119.1_1	GCF_947250645.1_WP_264719480.1	53.066	419	468	99	424	187	4	2	414	45	467	0.0	562
lcl|NC_017455.1_prot_WP_014554119.1_1	GCF_936981045.1_WP_250237919.1	58.197	419	510	87	366	150	2	50	413	144	508	0.0	562
lcl|NC_017455.1_prot_WP_014554119.1_1	GCF_936270145.1_WP_250295935.1	52.719	419	467	99	423	189	4	2	414	45	466	0.0	562
lcl|NC_017455.1_prot_WP_014554119.1_1	GCF_015775975.1_WP_195719542.1	60.147	419	438	97	409	160	2	8	415	19	425	0.0	562
lcl|NC_017455.1_prot_WP_014554119.1_1	GCF_011299095.1_WP_166062846.1	59.564	419	419	99	413	166	1	1	413	4	415	0.0	562
lcl|NC_017455.1_prot_WP_014554119.1_1	GCF_009905215.1_WP_269844997.1	58.554	419	418	99	415	169	2	2	414	4	417	0.0	562
lcl|NC_017455.1_prot_WP_014554119.1_1	GCF_008704575.1_WP_150472768.1	56.053	419	678	90	380	162	2	43	419	298	675	0.0	562
lcl|NC_017455.1_prot_WP_014554119.1_1	GCF_007750855.1_WP_197527505.1	53.461	419	418	99	419	189	3	2	415	1	418	0.0	562
lcl|NC_017455.1_prot_WP_014554119.1_1	GCF_003966625.1_WP_002445589.1	59.902	419	438	97	409	161	2	8	415	19	425	0.0	562
lcl|NC_017455.1_prot_WP_014554119.1_1	GCF_002946835.1_WP_099499929.1	55.673	419	703	90	379	163	2	43	418	320	696	0.0	562
lcl|NC_017455.1_prot_WP_014554119.1_1	GCF_001314995.1_WP_004300791.1	57.487	419	765	88	374	154	3	45	414	392	764	0.0	562
lcl|NC_017455.1_prot_WP_014554119.1_1	GCF_000828675.1_WP_082025972.1	56.763	419	432	99	414	177	2	3	415	15	427	0.0	562
lcl|NC_017455.1_prot_WP_014554119.1_1	GCF_000236925.1_WP_001115104.1	59.413	419	438	97	409	163	2	8	415	19	425	0.0	562
lcl|NC_017455.1_prot_WP_014554119.1_1	GCF_000016645.1_WP_012026627.1	57.373	419	604	89	373	156	2	45	415	233	604	0.0	562
lcl|NC_017455.1_prot_WP_014554119.1_1	GCF_000009765.2_WP_010984347.1	55.409	419	688	90	379	164	2	43	418	305	681	0.0	562
lcl|NC_017455.1_prot_WP_014554119.1_1	GCF_947251795.1_WP_265015515.1	52.719	419	467	99	423	189	4	2	414	45	466	0.0	561
lcl|NC_017455.1_prot_WP_014554119.1_1	GCF_947251615.1_WP_265034621.1	52.719	419	467	99	423	189	4	2	414	45	466	0.0	561
lcl|NC_017455.1_prot_WP_014554119.1_1	GCF_947251465.1_WP_265042114.1	53.066	419	468	99	424	187	4	2	414	45	467	0.0	561
lcl|NC_017455.1_prot_WP_014554119.1_1	GCF_026015925.1_WP_265014288.1	52.482	419	467	99	423	190	4	2	414	45	466	0.0	561
lcl|NC_017455.1_prot_WP_014554119.1_1	GCF_024804185.1_WP_096616069.1	52.719	419	467	99	423	189	4	2	414	45	466	0.0	561
lcl|NC_017455.1_prot_WP_014554119.1_1	GCF_020628455.1_WP_114289432.1	59.559	419	423	97	408	164	1	2	409	5	411	0.0	561
lcl|NC_017455.1_prot_WP_014554119.1_1	GCF_018138125.1_WP_211780445.1	58.432	419	446	99	421	165	3	3	415	12	430	0.0	561
lcl|NC_017455.1_prot_WP_014554119.1_1	GCF_014621695.1_WP_188336864.1	56.383	419	662	89	376	159	2	46	418	282	655	0.0	561
lcl|NC_017455.1_prot_WP_014554119.1_1	GCF_009936215.1_WP_161847211.1	60.636	419	440	98	409	160	1	2	410	22	429	0.0	561
lcl|NC_017455.1_prot_WP_014554119.1_1	GCF_009177095.1_WP_198421912.1	53.938	419	418	99	419	187	3	2	415	1	418	0.0	561
lcl|NC_017455.1_prot_WP_014554119.1_1	GCF_007748015.1_WP_197996588.1	56.699	419	419	99	418	175	3	2	414	1	417	0.0	561
lcl|NC_017455.1_prot_WP_014554119.1_1	GCF_003019255.1_WP_061855708.1	59.902	419	438	97	409	161	2	8	415	19	425	0.0	561
lcl|NC_017455.1_prot_WP_014554119.1_1	GCF_002706425.1_WP_010009306.1	59.518	419	430	99	415	167	1	1	415	4	417	0.0	561
lcl|NC_017455.1_prot_WP_014554119.1_1	GCF_002557795.1_WP_098196083.1	57.754	419	568	89	374	155	2	44	415	196	568	0.0	561
lcl|NC_017455.1_prot_WP_014554119.1_1	GCF_001278075.1_WP_037773741.1	55.851	419	692	89	376	161	2	46	418	312	685	0.0	561
lcl|NC_017455.1_prot_WP_014554119.1_1	GCF_000013425.1_YP_500838.1	59.658	419	438	97	409	162	2	8	415	19	425	0.0	561
lcl|NC_017455.1_prot_WP_014554119.1_1	GCF_000008625.1_WP_010880530.1	58.234	419	436	99	419	168	4	3	415	19	436	0.0	561
lcl|NC_017455.1_prot_WP_014554119.1_1	GCF_947251545.1_WP_265036843.1	52.482	419	467	99	423	190	4	2	414	45	466	0.0	561
lcl|NC_017455.1_prot_WP_014554119.1_1	GCF_947251495.1_WP_265025335.1	53.066	419	468	99	424	187	4	2	414	45	467	0.0	561
lcl|NC_017455.1_prot_WP_014554119.1_1	GCF_947251485.1_WP_265043201.1	52.482	419	467	99	423	190	4	2	414	45	466	0.0	561
lcl|NC_017455.1_prot_WP_014554119.1_1	GCF_947250715.1_WP_264328936.1	52.955	419	467	99	423	188	4	2	414	45	466	0.0	561
lcl|NC_017455.1_prot_WP_014554119.1_1	GCF_025617515.1_WP_214303270.1	53.066	419	468	99	424	187	4	2	414	45	467	0.0	561
lcl|NC_017455.1_prot_WP_014554119.1_1	GCF_013365495.1_WP_175809420.1	53.538	419	471	99	424	185	4	2	414	48	470	0.0	561
lcl|NC_017455.1_prot_WP_014554119.1_1	GCF_009720525.1_WP_197994024.1	56.459	419	419	99	418	176	3	2	414	1	417	0.0	561
lcl|NC_017455.1_prot_WP_014554119.1_1	GCF_009193295.2_WP_143260692.1	57.487	419	748	88	374	154	3	45	414	375	747	0.0	561
lcl|NC_017455.1_prot_WP_014554119.1_1	GCF_008254045.1_WP_261368427.1	57.212	419	419	98	416	170	4	4	412	1	415	0.0	561
lcl|NC_017455.1_prot_WP_014554119.1_1	GCF_008245065.1_WP_007301965.1	53.066	419	468	99	424	187	4	2	414	45	467	0.0	561
lcl|NC_017455.1_prot_WP_014554119.1_1	GCF_004795975.1_WP_010402274.1	53.066	419	468	99	424	187	4	2	414	45	467	0.0	561
lcl|NC_017455.1_prot_WP_014554119.1_1	GCF_004328625.1_WP_031181209.1	56.499	419	666	89	377	159	2	45	418	286	660	0.0	561
lcl|NC_017455.1_prot_WP_014554119.1_1	GCF_003571725.1_WP_002466784.1	59.658	419	438	97	409	162	2	8	415	19	425	0.0	561
lcl|NC_017455.1_prot_WP_014554119.1_1	GCF_002209445.1_WP_088594388.1	58.602	419	553	88	372	151	2	45	414	182	552	0.0	561
lcl|NC_017455.1_prot_WP_014554119.1_1	GCF_001584725.1_WP_088369054.1	59.338	419	431	99	423	161	3	1	416	1	419	0.0	561
lcl|NC_017455.1_prot_WP_014554119.1_1	GCF_000522985.1_WP_104023113.1	55.797	419	425	98	414	179	3	3	413	10	422	0.0	561
lcl|NC_017455.1_prot_WP_014554119.1_1	GCF_000235405.2_WP_198429594.1	56.174	419	416	98	413	179	2	4	415	1	412	0.0	561
lcl|NC_017455.1_prot_WP_014554119.1_1	GCF_947250735.1_WP_264732459.1	52.955	419	467	99	423	188	4	2	414	45	466	0.0	561
lcl|NC_017455.1_prot_WP_014554119.1_1	GCF_947250535.1_WP_264682641.1	53.066	419	468	99	424	187	4	2	414	45	467	0.0	561
lcl|NC_017455.1_prot_WP_014554119.1_1	GCF_947250475.1_WP_264378026.1	53.066	419	468	99	424	187	4	2	414	45	467	0.0	561
lcl|NC_017455.1_prot_WP_014554119.1_1	GCF_900637895.1_WP_034717717.1	58.760	419	660	88	371	150	2	47	415	291	660	0.0	561
lcl|NC_017455.1_prot_WP_014554119.1_1	GCF_027270315.1_WP_269661656.1	56.201	419	675	90	379	161	2	43	418	293	669	0.0	561
lcl|NC_017455.1_prot_WP_014554119.1_1	GCF_023559125.1_WP_250120075.1	53.066	419	468	99	424	187	4	2	414	45	467	0.0	561
lcl|NC_017455.1_prot_WP_014554119.1_1	GCF_020995475.1_WP_052264646.1	53.066	419	468	99	424	187	4	2	414	45	467	0.0	561
lcl|NC_017455.1_prot_WP_014554119.1_1	GCF_018289135.1_WP_015532994.1	57.487	419	752	88	374	154	3	45	414	379	751	0.0	561
lcl|NC_017455.1_prot_WP_014554119.1_1	GCF_016584425.1_WP_022626347.1	52.719	419	467	99	423	189	4	2	414	45	466	0.0	561
lcl|NC_017455.1_prot_WP_014554119.1_1	GCF_015244315.1_WP_194275943.1	55.438	419	700	89	377	163	2	45	418	320	694	0.0	561
lcl|NC_017455.1_prot_WP_014554119.1_1	GCF_013374215.1_WP_034376898.1	54.589	419	432	98	414	185	2	4	415	18	430	0.0	561
lcl|NC_017455.1_prot_WP_014554119.1_1	GCF_004214795.1_WP_130234199.1	56.110	419	441	95	401	172	3	18	415	42	441	0.0	561
lcl|NC_017455.1_prot_WP_014554119.1_1	GCF_003812505.1_WP_002448642.1	59.413	419	438	97	409	163	2	8	415	19	425	0.0	561
lcl|NC_017455.1_prot_WP_014554119.1_1	GCF_003675325.1_WP_121786917.1	55.409	419	687	90	379	164	2	43	418	305	681	0.0	561
lcl|NC_017455.1_prot_WP_014554119.1_1	GCF_003355515.1_WP_115427767.1	53.012	419	440	98	415	191	3	4	415	27	440	0.0	561
lcl|NC_017455.1_prot_WP_014554119.1_1	GCF_003258705.1_WP_111371190.1	59.259	419	525	90	378	152	1	40	415	148	525	0.0	561
lcl|NC_017455.1_prot_WP_014554119.1_1	GCF_001611795.1_WP_062929080.1	56.233	419	682	89	377	160	2	45	418	302	676	0.0	561
lcl|NC_017455.1_prot_WP_014554119.1_1	GCF_000376605.1_WP_007549497.1	52.482	419	467	99	423	190	4	2	414	45	466	0.0	561
lcl|NC_017455.1_prot_WP_014554119.1_1	GCF_000281175.1_WP_014431717.1	60.386	419	425	99	414	162	2	3	415	12	424	0.0	561
lcl|NC_017455.1_prot_WP_014554119.1_1	GCF_918697765.1_WP_253303291.1	52.482	419	467	99	423	190	4	2	414	45	466	0.0	560
lcl|NC_017455.1_prot_WP_014554119.1_1	GCF_024666385.1_WP_183067342.1	55.673	419	692	90	379	163	2	43	418	310	686	0.0	560
lcl|NC_017455.1_prot_WP_014554119.1_1	GCF_018491735.2_WP_214249461.1	52.830	419	468	99	424	188	4	2	414	45	467	0.0	560
lcl|NC_017455.1_prot_WP_014554119.1_1	GCF_018467115.1_WP_138264766.1	52.719	419	467	99	423	189	4	2	414	45	466	0.0	560
lcl|NC_017455.1_prot_WP_014554119.1_1	GCF_016906185.1_WP_030276035.1	55.000	419	672	90	380	166	2	43	419	289	666	0.0	560
lcl|NC_017455.1_prot_WP_014554119.1_1	GCF_014705925.2_WP_190725190.1	53.158	419	709	89	380	169	2	43	415	324	701	0.0	560
lcl|NC_017455.1_prot_WP_014554119.1_1	GCF_014131755.1_WP_011107884.1	57.219	419	722	88	374	155	3	45	414	349	721	0.0	560
lcl|NC_017455.1_prot_WP_014554119.1_1	GCF_012113595.1_WP_167966497.1	57.487	419	746	88	374	154	3	45	414	373	745	0.0	560
lcl|NC_017455.1_prot_WP_014554119.1_1	GCF_003574835.2_WP_243597519.1	56.267	419	639	89	375	159	2	45	416	261	633	0.0	560
lcl|NC_017455.1_prot_WP_014554119.1_1	GCF_002302495.1_WP_095897701.1	58.871	419	549	88	372	150	2	45	414	178	548	0.0	560
lcl|NC_017455.1_prot_WP_014554119.1_1	GCF_002082175.1_WP_030730769.1	55.000	419	671	90	380	166	2	43	419	288	665	0.0	560
lcl|NC_017455.1_prot_WP_014554119.1_1	GCF_001956695.1_WP_076088486.1	56.608	419	440	95	401	170	3	18	415	41	440	0.0	560
lcl|NC_017455.1_prot_WP_014554119.1_1	GCF_000359525.1_WP_015507094.1	55.968	419	687	89	377	161	2	45	418	307	681	0.0	560
lcl|NC_017455.1_prot_WP_014554119.1_1	GCF_000015025.1_WP_041835324.1	54.737	419	669	90	380	167	2	42	418	288	665	0.0	560
lcl|NC_017455.1_prot_WP_014554119.1_1	GCF_947250465.1_WP_264684961.1	53.066	419	468	99	424	187	4	2	414	45	467	0.0	560
lcl|NC_017455.1_prot_WP_014554119.1_1	GCF_028421465.1_WP_272260527.1	55.673	419	715	90	379	163	2	43	418	333	709	0.0	560
lcl|NC_017455.1_prot_WP_014554119.1_1	GCF_025272815.1_WP_023351347.1	59.413	419	438	97	409	163	2	8	415	19	425	0.0	560
lcl|NC_017455.1_prot_WP_014554119.1_1	GCF_020783455.1_WP_228181494.1	55.000	419	678	90	380	166	2	43	419	295	672	0.0	560
lcl|NC_017455.1_prot_WP_014554119.1_1	GCF_020091505.1_WP_010538850.1	57.219	419	725	88	374	155	3	45	414	352	724	0.0	560
lcl|NC_017455.1_prot_WP_014554119.1_1	GCF_018141665.1_WP_211908483.1	53.066	419	468	99	424	187	4	2	414	45	467	0.0	560
lcl|NC_017455.1_prot_WP_014554119.1_1	GCF_018069705.1_WP_274372765.1	60.391	419	449	98	409	161	1	6	414	40	447	0.0	560
lcl|NC_017455.1_prot_WP_014554119.1_1	GCF_017751225.1_WP_012671641.1	57.683	419	499	99	423	169	6	1	414	77	498	0.0	560
lcl|NC_017455.1_prot_WP_014554119.1_1	GCF_016803985.1_WP_203215636.1	55.968	419	691	89	377	161	2	45	418	311	685	0.0	560
lcl|NC_017455.1_prot_WP_014554119.1_1	GCF_014216335.1_WP_185393417.1	55.968	419	708	89	377	161	2	45	418	328	702	0.0	560
lcl|NC_017455.1_prot_WP_014554119.1_1	GCF_013201705.1_WP_026805112.1	53.125	419	440	99	416	191	3	3	415	26	440	0.0	560
lcl|NC_017455.1_prot_WP_014554119.1_1	GCF_009739905.1_WP_156692312.1	54.881	419	694	90	379	166	2	43	418	311	687	0.0	560
lcl|NC_017455.1_prot_WP_014554119.1_1	GCF_009193325.2_WP_143866570.1	57.487	419	731	88	374	154	3	45	414	358	730	0.0	560
lcl|NC_017455.1_prot_WP_014554119.1_1	GCF_003176915.1_WP_109997617.1	58.743	419	514	87	366	148	2	50	413	148	512	0.0	560
lcl|NC_017455.1_prot_WP_014554119.1_1	GCF_023208015.1_WP_248590125.1	57.067	419	646	89	375	156	2	45	416	268	640	0.0	560
lcl|NC_017455.1_prot_WP_014554119.1_1	GCF_020099395.1_WP_185940172.1	55.438	419	681	89	377	163	2	43	416	298	672	0.0	560
lcl|NC_017455.1_prot_WP_014554119.1_1	GCF_017639205.1_WP_189743109.1	55.673	419	696	90	379	163	2	43	418	314	690	0.0	560
lcl|NC_017455.1_prot_WP_014554119.1_1	GCF_013365455.1_WP_175818510.1	52.830	419	471	99	424	188	4	2	414	48	470	0.0	560
lcl|NC_017455.1_prot_WP_014554119.1_1	GCF_003660105.1_WP_105916757.1	52.644	419	440	99	416	193	3	3	415	26	440	0.0	560
lcl|NC_017455.1_prot_WP_014554119.1_1	GCF_001922405.1_WP_015900870.1	59.413	419	438	97	409	163	2	8	415	19	425	0.0	560
lcl|NC_017455.1_prot_WP_014554119.1_1	GCF_000010605.1_WP_003966266.1	55.000	419	681	90	380	166	2	43	419	298	675	0.0	560
lcl|NC_017455.1_prot_WP_014554119.1_1	GCF_947251645.1_WP_265026456.1	52.482	419	467	99	423	190	4	2	414	45	466	0.0	559
lcl|NC_017455.1_prot_WP_014554119.1_1	GCF_021378375.1_WP_190321357.1	52.246	419	467	99	423	191	4	2	414	45	466	0.0	559
lcl|NC_017455.1_prot_WP_014554119.1_1	GCF_021216675.1_WP_232270413.1	54.881	419	666	90	379	166	2	43	418	283	659	0.0	559
lcl|NC_017455.1_prot_WP_014554119.1_1	GCF_015689475.1_WP_069866852.1	54.881	419	710	90	379	166	2	43	418	327	703	0.0	559
lcl|NC_017455.1_prot_WP_014554119.1_1	GCF_014489615.1_WP_187742390.1	56.915	419	675	89	376	157	2	46	418	295	668	0.0	559
lcl|NC_017455.1_prot_WP_014554119.1_1	GCF_011047135.1_WP_241246255.1	53.826	419	743	89	379	168	2	45	418	351	727	0.0	559
lcl|NC_017455.1_prot_WP_014554119.1_1	GCF_008704795.1_WP_150513067.1	55.851	419	680	89	376	161	2	46	418	300	673	0.0	559
lcl|NC_017455.1_prot_WP_014554119.1_1	GCF_007856155.1_WP_146482337.1	56.117	419	667	89	376	160	2	46	418	290	663	0.0	559
lcl|NC_017455.1_prot_WP_014554119.1_1	GCF_004299785.2_WP_066171994.1	53.125	419	440	99	416	191	3	3	415	26	440	0.0	559
lcl|NC_017455.1_prot_WP_014554119.1_1	GCF_004014855.1_WP_128149982.1	57.641	419	570	89	373	155	2	45	415	199	570	0.0	559
lcl|NC_017455.1_prot_WP_014554119.1_1	GCF_001701045.1_WP_157102401.1	62.287	419	421	98	411	154	1	5	415	11	420	0.0	559
lcl|NC_017455.1_prot_WP_014554119.1_1	GCF_000217655.1_WP_013944929.1	56.867	419	519	98	415	174	3	4	414	100	513	0.0	559
lcl|NC_017455.1_prot_WP_014554119.1_1	GCF_029026745.1_WP_012727388.1	58.907	419	445	99	421	163	3	3	415	12	430	0.0	559
lcl|NC_017455.1_prot_WP_014554119.1_1	GCF_023008245.1_WP_045967053.1	57.641	419	574	89	373	155	2	45	415	203	574	0.0	559
lcl|NC_017455.1_prot_WP_014554119.1_1	GCF_020084865.1_WP_224134458.1	58.491	419	605	88	371	151	2	47	415	236	605	0.0	559
lcl|NC_017455.1_prot_WP_014554119.1_1	GCF_017309675.2_WP_138345558.1	56.952	419	687	88	374	156	3	45	414	314	686	0.0	559
lcl|NC_017455.1_prot_WP_014554119.1_1	GCF_015097275.1_WP_200755436.1	58.115	419	705	90	382	156	3	37	415	325	705	0.0	559
lcl|NC_017455.1_prot_WP_014554119.1_1	GCF_008704935.1_WP_132756799.1	55.673	419	702	90	379	163	2	43	418	320	696	0.0	559
lcl|NC_017455.1_prot_WP_014554119.1_1	GCF_008704445.1_WP_055606484.1	55.968	419	693	89	377	161	2	45	418	313	687	0.0	559
lcl|NC_017455.1_prot_WP_014554119.1_1	GCF_003966335.1_WP_126446438.1	56.836	419	566	89	373	158	2	45	415	195	566	0.0	559
lcl|NC_017455.1_prot_WP_014554119.1_1	GCF_900683745.1_WP_008625160.1	57.218	419	672	90	381	159	3	37	414	292	671	0.0	558
lcl|NC_017455.1_prot_WP_014554119.1_1	GCF_014489635.1_WP_187747207.1	55.673	419	664	90	379	163	2	43	418	282	658	0.0	558
lcl|NC_017455.1_prot_WP_014554119.1_1	GCF_013394065.1_WP_179082665.1	55.585	419	679	89	376	162	2	46	418	299	672	0.0	558
lcl|NC_017455.1_prot_WP_014554119.1_1	GCF_013372265.1_WP_024774624.1	52.885	419	440	99	416	192	3	3	415	26	440	0.0	558
lcl|NC_017455.1_prot_WP_014554119.1_1	GCF_009930795.1_WP_161886021.1	54.331	419	849	90	381	167	2	43	418	463	841	0.0	558
lcl|NC_017455.1_prot_WP_014554119.1_1	GCF_009497075.1_WP_153261415.1	58.824	419	667	89	374	149	2	46	416	289	660	0.0	558
lcl|NC_017455.1_prot_WP_014554119.1_1	GCF_007475525.1_WP_200885774.1	52.771	419	417	99	415	193	2	2	414	1	414	0.0	558
lcl|NC_017455.1_prot_WP_014554119.1_1	GCF_002288325.1_WP_223298697.1	54.497	419	569	89	378	167	2	45	419	190	565	0.0	558
lcl|NC_017455.1_prot_WP_014554119.1_1	GCF_000255135.1_WP_014295625.1	57.212	419	439	99	416	175	2	2	415	20	434	0.0	558
lcl|NC_017455.1_prot_WP_014554119.1_1	GCF_000023285.1_WP_015782825.1	57.796	419	549	88	372	154	2	45	414	178	548	0.0	558
lcl|NC_017455.1_prot_WP_014554119.1_1	GCF_000017545.1_WP_148202085.1	56.659	419	416	98	413	177	2	4	415	1	412	0.0	558
lcl|NC_017455.1_prot_WP_014554119.1_1	GCF_900187055.1_WP_002464798.1	59.413	419	438	97	409	163	2	8	415	19	425	0.0	558
lcl|NC_017455.1_prot_WP_014554119.1_1	GCF_020735865.1_WP_008147345.1	56.397	419	682	90	383	159	3	39	414	300	681	0.0	558
lcl|NC_017455.1_prot_WP_014554119.1_1	GCF_019552185.1_WP_004916680.1	57.143	419	564	88	371	156	2	47	415	195	564	0.0	558
lcl|NC_017455.1_prot_WP_014554119.1_1	GCF_018292205.1_WP_005681576.1	57.487	419	732	88	374	154	3	45	414	359	731	0.0	558
lcl|NC_017455.1_prot_WP_014554119.1_1	GCF_018292165.1_WP_005832474.1	56.952	419	679	88	374	156	3	45	414	306	678	0.0	558
lcl|NC_017455.1_prot_WP_014554119.1_1	GCF_018292125.1_WP_007213344.1	56.684	419	679	88	374	157	3	45	414	306	678	0.0	558
lcl|NC_017455.1_prot_WP_014554119.1_1	GCF_018141425.1_WP_212692630.1	58.583	419	545	87	367	148	2	54	417	175	540	0.0	558
lcl|NC_017455.1_prot_WP_014554119.1_1	GCF_013364315.1_WP_031122942.1	55.000	419	685	90	380	166	2	43	419	304	681	0.0	558
lcl|NC_017455.1_prot_WP_014554119.1_1	GCF_013201825.1_WP_172658907.1	55.224	419	446	95	402	176	3	17	415	46	446	0.0	558
lcl|NC_017455.1_prot_WP_014554119.1_1	GCF_008704495.1_WP_055543568.1	55.319	419	678	89	376	163	2	46	418	298	671	0.0	558
lcl|NC_017455.1_prot_WP_014554119.1_1	GCF_008704425.1_WP_031130238.1	54.881	419	701	90	379	166	2	43	418	318	694	0.0	558
lcl|NC_017455.1_prot_WP_014554119.1_1	GCF_008704395.1_WP_055534189.1	55.319	419	687	89	376	163	2	46	418	307	680	0.0	558
lcl|NC_017455.1_prot_WP_014554119.1_1	GCF_008151785.1_WP_006441168.1	54.422	419	438	99	441	173	4	2	417	1	438	0.0	558
lcl|NC_017455.1_prot_WP_014554119.1_1	GCF_007747655.1_WP_145097205.1	54.327	419	505	98	416	184	3	4	414	89	503	0.0	558
lcl|NC_017455.1_prot_WP_014554119.1_1	GCF_007747015.1_WP_261337840.1	55.742	419	419	99	418	179	3	2	414	1	417	0.0	558
lcl|NC_017455.1_prot_WP_014554119.1_1	GCF_003932715.1_WP_040914214.1	56.117	419	665	89	376	160	2	46	418	287	660	0.0	558
lcl|NC_017455.1_prot_WP_014554119.1_1	GCF_002082585.1_WP_084749331.1	55.000	419	678	90	380	166	2	43	419	295	672	0.0	558
lcl|NC_017455.1_prot_WP_014554119.1_1	GCF_000092965.1_WP_013149616.1	62.169	419	508	90	378	142	1	40	417	129	505	0.0	558
lcl|NC_017455.1_prot_WP_014554119.1_1	GCF_947251515.1_WP_265033744.1	52.482	419	467	99	423	190	4	2	414	45	466	0.0	558
lcl|NC_017455.1_prot_WP_014554119.1_1	GCF_025561465.1_WP_002481801.1	59.902	419	438	97	409	161	2	8	415	19	425	0.0	558
lcl|NC_017455.1_prot_WP_014554119.1_1	GCF_019930665.1_WP_025867930.1	57.219	419	677	88	374	155	3	45	414	304	676	0.0	558
lcl|NC_017455.1_prot_WP_014554119.1_1	GCF_018255875.1_WP_030235765.1	55.673	419	721	90	379	163	2	43	418	339	715	0.0	558
lcl|NC_017455.1_prot_WP_014554119.1_1	GCF_016804005.1_WP_203182471.1	55.000	419	689	90	380	166	2	43	419	306	683	0.0	558
lcl|NC_017455.1_prot_WP_014554119.1_1	GCF_015169395.1_WP_206293377.1	58.111	419	615	98	413	170	2	4	414	202	613	0.0	558
lcl|NC_017455.1_prot_WP_014554119.1_1	GCF_003718735.1_WP_123145139.1	59.169	419	438	97	409	164	2	8	415	19	425	0.0	558
lcl|NC_017455.1_prot_WP_014554119.1_1	GCF_002804165.1_WP_114932801.1	55.000	419	675	90	380	166	2	43	419	292	669	0.0	558
lcl|NC_017455.1_prot_WP_014554119.1_1	GCF_002082605.1_WP_084768127.1	55.556	419	697	89	378	163	2	45	419	319	694	0.0	558
lcl|NC_017455.1_prot_WP_014554119.1_1	GCF_001886595.1_WP_015036194.1	55.000	419	678	90	380	166	2	43	419	296	673	0.0	558
lcl|NC_017455.1_prot_WP_014554119.1_1	GCF_001688725.2_WP_065539109.1	57.219	419	739	88	374	155	3	45	414	366	738	0.0	558
lcl|NC_017455.1_prot_WP_014554119.1_1	GCF_000246855.1_WP_242675421.1	58.981	419	571	89	373	150	2	44	414	199	570	0.0	558
lcl|NC_017455.1_prot_WP_014554119.1_1	GCF_000025645.1_WP_012994296.1	62.169	419	508	90	378	142	1	40	417	129	505	0.0	558
lcl|NC_017455.1_prot_WP_014554119.1_1	GCF_000017865.1_WP_012002656.1	56.763	419	432	99	414	177	2	3	415	15	427	0.0	558
lcl|NC_017455.1_prot_WP_014554119.1_1	GCF_947250015.1_WP_264707292.1	52.482	419	467	99	423	190	4	2	414	45	466	0.0	557
lcl|NC_017455.1_prot_WP_014554119.1_1	GCF_016598615.1_WP_200395849.1	55.145	419	677	90	379	165	2	43	418	294	670	0.0	557
lcl|NC_017455.1_prot_WP_014554119.1_1	GCF_004337635.1_WP_006262930.1	59.563	419	636	87	366	145	2	45	408	265	629	0.0	557
lcl|NC_017455.1_prot_WP_014554119.1_1	GCF_004291115.2_WP_115312919.1	59.902	419	438	97	409	161	2	8	415	19	425	0.0	557
lcl|NC_017455.1_prot_WP_014554119.1_1	GCF_003391135.1_WP_205519379.1	55.585	419	686	89	376	162	2	46	418	306	679	0.0	557
lcl|NC_017455.1_prot_WP_014554119.1_1	GCF_001984445.1_WP_077193476.1	55.145	419	683	90	379	165	2	43	418	300	676	0.0	557
lcl|NC_017455.1_prot_WP_014554119.1_1	GCF_001443605.1_WP_057954047.1	57.294	419	564	89	377	158	2	41	415	189	564	0.0	557
lcl|NC_017455.1_prot_WP_014554119.1_1	GCF_001267435.1_WP_011393879.1	64.929	419	429	98	422	137	2	2	413	1	421	0.0	557
lcl|NC_017455.1_prot_WP_014554119.1_1	GCF_000223215.1_WP_014488930.1	57.683	419	499	99	423	169	6	1	414	77	498	0.0	557
lcl|NC_017455.1_prot_WP_014554119.1_1	GCF_022811685.1_WP_243549303.1	58.760	419	594	88	371	150	2	47	415	225	594	0.0	557
lcl|NC_017455.1_prot_WP_014554119.1_1	GCF_022647665.1_WP_242329878.1	55.145	419	673	90	379	165	2	43	418	292	668	0.0	557
lcl|NC_017455.1_prot_WP_014554119.1_1	GCF_015910445.1_WP_246530753.1	56.464	419	672	90	379	160	2	43	418	289	665	0.0	557
lcl|NC_017455.1_prot_WP_014554119.1_1	GCF_009498275.1_WP_153288587.1	55.145	419	692	90	379	165	2	43	418	309	685	0.0	557
lcl|NC_017455.1_prot_WP_014554119.1_1	GCF_007814115.1_WP_037538023.1	58.435	419	438	97	409	167	2	8	415	19	425	0.0	557
lcl|NC_017455.1_prot_WP_014554119.1_1	GCF_003641185.1_WP_050337723.1	58.432	419	430	100	421	172	2	1	419	4	423	0.0	557
lcl|NC_017455.1_prot_WP_014554119.1_1	GCF_003544835.1_WP_066160146.1	53.253	419	440	98	415	190	3	4	415	27	440	0.0	557
lcl|NC_017455.1_prot_WP_014554119.1_1	GCF_002128305.1_WP_086162015.1	54.881	419	650	90	379	166	2	43	418	268	644	0.0	557
lcl|NC_017455.1_prot_WP_014554119.1_1	GCF_001902315.1_WP_046837816.1	58.680	419	438	97	409	166	2	8	415	19	425	0.0	557
lcl|NC_017455.1_prot_WP_014554119.1_1	GCF_000833025.1_WP_041889324.1	59.563	419	636	87	366	145	2	45	408	265	629	0.0	557
lcl|NC_017455.1_prot_WP_014554119.1_1	GCF_000024605.1_WP_245527917.1	60.455	419	455	99	440	149	2	1	416	1	439	0.0	557
lcl|NC_017455.1_prot_WP_014554119.1_1	GCF_025558845.1_WP_046207750.1	59.169	419	438	97	409	164	2	8	415	19	425	0.0	556
lcl|NC_017455.1_prot_WP_014554119.1_1	GCF_024362265.1_WP_255161283.1	52.394	419	634	89	376	172	2	45	415	244	617	0.0	556
lcl|NC_017455.1_prot_WP_014554119.1_1	GCF_020097095.1_WP_224188455.1	59.705	419	438	97	407	161	2	8	413	19	423	0.0	556
lcl|NC_017455.1_prot_WP_014554119.1_1	GCF_012277295.1_WP_168464548.1	54.009	419	472	99	424	184	4	2	415	48	470	0.0	556
lcl|NC_017455.1_prot_WP_014554119.1_1	GCF_009184865.1_WP_193241751.1	55.409	419	679	90	379	164	2	43	418	297	673	0.0	556
lcl|NC_017455.1_prot_WP_014554119.1_1	GCF_006094375.1_WP_001829985.1	59.413	419	438	97	409	163	2	8	415	19	425	0.0	556
lcl|NC_017455.1_prot_WP_014554119.1_1	GCF_001558775.1_WP_002478954.1	59.902	419	438	97	409	161	2	8	415	19	425	0.0	556
lcl|NC_017455.1_prot_WP_014554119.1_1	GCF_000709415.1_WP_029377993.1	58.924	419	438	97	409	165	2	8	415	19	425	0.0	556
lcl|NC_017455.1_prot_WP_014554119.1_1	GCF_000019665.1_WP_202943648.1	53.012	419	417	99	415	192	2	2	414	1	414	0.0	556
lcl|NC_017455.1_prot_WP_014554119.1_1	GCF_000010305.1_WP_012682156.1	54.217	419	417	98	415	186	3	2	413	1	414	0.0	556
lcl|NC_017455.1_prot_WP_014554119.1_1	GCF_900116935.1_WP_010499680.1	57.213	419	430	97	409	173	2	2	409	5	412	0.0	556
lcl|NC_017455.1_prot_WP_014554119.1_1	GCF_020215645.1_WP_225272107.1	58.289	419	699	89	374	151	2	46	416	321	692	0.0	556
lcl|NC_017455.1_prot_WP_014554119.1_1	GCF_017358165.1_WP_207566120.1	57.971	419	423	99	414	172	2	2	414	6	418	0.0	556
lcl|NC_017455.1_prot_WP_014554119.1_1	GCF_015710995.1_WP_055641324.1	55.703	419	699	89	377	162	2	46	419	320	694	0.0	556
lcl|NC_017455.1_prot_WP_014554119.1_1	GCF_014705945.2_WP_190618313.1	52.632	419	701	89	380	171	2	43	415	315	692	0.0	556
lcl|NC_017455.1_prot_WP_014554119.1_1	GCF_012516355.1_WP_246269665.1	58.177	419	559	89	373	153	2	44	414	187	558	0.0	556
lcl|NC_017455.1_prot_WP_014554119.1_1	GCF_007752345.1_WP_261342220.1	57.416	419	419	99	418	172	3	2	414	1	417	0.0	556
lcl|NC_017455.1_prot_WP_014554119.1_1	GCF_003627055.1_WP_120789940.1	53.684	419	690	89	380	167	2	43	415	294	671	0.0	556
lcl|NC_017455.1_prot_WP_014554119.1_1	GCF_003589885.1_WP_119728842.1	56.800	419	647	89	375	157	2	45	416	269	641	0.0	556
lcl|NC_017455.1_prot_WP_014554119.1_1	GCF_003330865.1_WP_114246666.1	55.585	419	672	89	376	162	2	46	418	292	665	0.0	556
lcl|NC_017455.1_prot_WP_014554119.1_1	GCF_000200595.1_WP_013469104.1	54.348	419	433	98	414	186	2	4	415	19	431	0.0	556
lcl|NC_017455.1_prot_WP_014554119.1_1	GCF_014163495.1_WP_009134860.1	50.948	419	599	99	422	197	4	3	415	179	599	0.0	556
lcl|NC_017455.1_prot_WP_014554119.1_1	GCF_009762775.1_WP_158862930.1	56.417	419	604	89	374	159	3	45	415	231	603	0.0	556
lcl|NC_017455.1_prot_WP_014554119.1_1	GCF_009299385.1_WP_109185387.1	55.000	419	705	90	380	166	2	43	419	323	700	0.0	556
lcl|NC_017455.1_prot_WP_014554119.1_1	GCF_008704555.1_WP_150487647.1	55.145	419	682	90	379	165	2	43	418	299	675	0.0	556
lcl|NC_017455.1_prot_WP_014554119.1_1	GCF_008704535.1_WP_150517837.1	55.673	419	707	90	379	163	2	43	418	325	701	0.0	556
lcl|NC_017455.1_prot_WP_014554119.1_1	GCF_003065605.1_WP_199906817.1	53.034	419	696	90	379	173	2	44	419	313	689	0.0	556
lcl|NC_017455.1_prot_WP_014554119.1_1	GCF_002208805.2_WP_002471611.1	58.924	419	438	97	409	165	2	8	415	19	425	0.0	556
lcl|NC_017455.1_prot_WP_014554119.1_1	GCF_900094615.1_WP_081511744.1	58.134	419	427	99	418	172	3	2	418	12	427	0.0	555
lcl|NC_017455.1_prot_WP_014554119.1_1	GCF_022385335.1_WP_239757282.1	55.409	419	680	90	379	164	2	43	418	298	674	0.0	555
lcl|NC_017455.1_prot_WP_014554119.1_1	GCF_018069625.1_WP_211123648.1	54.881	419	711	90	379	166	2	43	418	328	704	0.0	555
lcl|NC_017455.1_prot_WP_014554119.1_1	GCF_018024495.1_WP_244857875.1	52.646	419	672	89	378	172	2	43	415	281	656	0.0	555
lcl|NC_017455.1_prot_WP_014554119.1_1	GCF_004359195.1_WP_133439406.1	58.491	419	622	88	371	151	2	47	415	253	622	0.0	555
lcl|NC_017455.1_prot_WP_014554119.1_1	GCF_003325375.1_WP_114054187.1	55.673	419	692	90	379	163	2	43	418	310	686	0.0	555
lcl|NC_017455.1_prot_WP_014554119.1_1	GCF_003065425.1_WP_108390483.1	53.403	419	784	90	382	171	2	43	419	393	772	0.0	555
lcl|NC_017455.1_prot_WP_014554119.1_1	GCF_000470775.1_WP_021755523.1	53.281	419	697	90	381	171	2	43	418	300	678	0.0	555
lcl|NC_017455.1_prot_WP_014554119.1_1	GCF_000092845.1_WP_013114321.1	56.667	419	496	98	420	172	6	4	414	77	495	0.0	555
lcl|NC_017455.1_prot_WP_014554119.1_1	GCF_002288365.1_WP_236850881.1	55.172	419	516	89	377	164	2	43	416	134	508	0.0	555
lcl|NC_017455.1_prot_WP_014554119.1_1	GCF_000269985.1_WP_014138080.1	56.117	419	698	89	376	160	2	43	415	318	691	0.0	555
lcl|NC_017455.1_prot_WP_014554119.1_1	GCF_000018945.1_WP_038067549.1	58.413	419	427	99	416	170	2	2	415	8	422	0.0	555
lcl|NC_017455.1_prot_WP_014554119.1_1	GCF_026427415.1_WP_190101284.1	55.000	419	687	90	380	166	2	43	419	305	682	0.0	555
lcl|NC_017455.1_prot_WP_014554119.1_1	GCF_014852565.2_WP_192363324.1	55.409	419	684	90	379	164	2	43	418	302	678	0.0	555
lcl|NC_017455.1_prot_WP_014554119.1_1	GCF_013137895.1_WP_171590035.1	56.720	419	739	88	372	159	1	45	414	367	738	0.0	555
lcl|NC_017455.1_prot_WP_014554119.1_1	GCF_008704855.1_WP_085922921.1	54.881	419	678	90	379	166	2	43	418	295	671	0.0	555
lcl|NC_017455.1_prot_WP_014554119.1_1	GCF_003015145.1_WP_234352510.1	52.009	419	441	99	423	193	4	1	414	19	440	0.0	555
lcl|NC_017455.1_prot_WP_014554119.1_1	GCF_001644645.1_WP_066405881.1	57.219	419	549	89	374	157	2	44	415	177	549	0.0	555
lcl|NC_017455.1_prot_WP_014554119.1_1	GCF_000238215.1_WP_041590892.1	56.800	419	658	88	375	154	3	47	414	284	657	0.0	555
lcl|NC_017455.1_prot_WP_014554119.1_1	GCF_000092105.1_WP_261340090.1	57.416	419	419	99	418	172	3	2	414	1	417	0.0	555
lcl|NC_017455.1_prot_WP_014554119.1_1	GCF_900638305.1_WP_025838368.1	56.334	419	674	87	371	154	3	52	415	305	674	0.0	554
lcl|NC_017455.1_prot_WP_014554119.1_1	GCF_029025825.1_WP_021731863.1	58.195	419	430	100	421	173	2	1	419	4	423	0.0	554
lcl|NC_017455.1_prot_WP_014554119.1_1	GCF_009913655.1_WP_003642051.1	57.957	419	430	100	421	174	2	1	419	4	423	0.0	554
lcl|NC_017455.1_prot_WP_014554119.1_1	GCF_004103715.1_WP_114219667.1	54.102	419	455	99	451	168	3	2	414	1	450	0.0	554
lcl|NC_017455.1_prot_WP_014554119.1_1	GCF_003991875.1_WP_206502751.1	53.439	419	790	89	378	169	2	43	415	398	773	0.0	554
lcl|NC_017455.1_prot_WP_014554119.1_1	GCF_003860585.1_WP_125024806.1	58.760	419	612	88	371	150	2	47	415	243	612	0.0	554
lcl|NC_017455.1_prot_WP_014554119.1_1	GCF_003860525.1_WP_124801341.1	56.334	419	594	88	371	159	2	47	415	225	594	0.0	554
lcl|NC_017455.1_prot_WP_014554119.1_1	GCF_003589925.1_WP_119754330.1	59.200	419	534	89	375	150	2	42	414	160	533	0.0	554
lcl|NC_017455.1_prot_WP_014554119.1_1	GCF_003367705.1_WP_045255389.1	52.394	419	650	89	376	172	2	45	415	260	633	0.0	554
lcl|NC_017455.1_prot_WP_014554119.1_1	GCF_003054555.1_WP_175313673.1	54.474	419	687	90	380	168	2	43	419	306	683	0.0	554
lcl|NC_017455.1_prot_WP_014554119.1_1	GCF_002288005.1_WP_041887618.1	54.813	419	542	89	374	164	2	46	416	151	522	0.0	554
lcl|NC_017455.1_prot_WP_014554119.1_1	GCF_002287965.1_WP_095695997.1	54.762	419	521	89	378	166	2	45	419	141	516	0.0	554
lcl|NC_017455.1_prot_WP_014554119.1_1	GCF_002263495.1_WP_017620930.1	55.882	419	669	89	374	160	2	45	415	290	661	0.0	554
lcl|NC_017455.1_prot_WP_014554119.1_1	GCF_001989575.1_WP_077139770.1	57.282	419	436	98	412	173	2	8	418	19	428	0.0	554
lcl|NC_017455.1_prot_WP_014554119.1_1	GCF_001877035.1_WP_071611061.1	62.398	419	489	87	367	133	2	52	415	118	482	0.0	554
lcl|NC_017455.1_prot_WP_014554119.1_1	GCF_000230655.2_WP_004081775.1	58.413	419	427	99	416	170	2	2	415	8	422	0.0	554
lcl|NC_017455.1_prot_WP_014554119.1_1	GCF_000016785.1_WP_011943804.1	58.413	419	427	99	416	170	2	2	415	8	422	0.0	554
lcl|NC_017455.1_prot_WP_014554119.1_1	GCF_900638245.1_WP_039349755.1	58.221	419	646	88	371	152	2	47	415	277	646	0.0	554
lcl|NC_017455.1_prot_WP_014554119.1_1	GCF_025908395.1_WP_014176388.1	54.881	419	738	90	379	166	2	43	418	356	732	0.0	554
lcl|NC_017455.1_prot_WP_014554119.1_1	GCF_022655355.1_WP_242088164.1	56.085	419	727	89	378	159	2	43	415	338	713	0.0	554
lcl|NC_017455.1_prot_WP_014554119.1_1	GCF_016917755.1_WP_205366663.1	55.145	419	671	90	379	165	2	43	418	288	664	0.0	554
lcl|NC_017455.1_prot_WP_014554119.1_1	GCF_016127455.1_WP_002507063.1	59.169	419	438	97	409	164	2	8	415	19	425	0.0	554
lcl|NC_017455.1_prot_WP_014554119.1_1	GCF_014295035.1_WP_187064507.1	54.617	419	702	90	379	167	2	43	418	319	695	0.0	554
lcl|NC_017455.1_prot_WP_014554119.1_1	GCF_011694815.1_WP_167027129.1	54.211	419	700	90	380	169	2	43	419	319	696	0.0	554
lcl|NC_017455.1_prot_WP_014554119.1_1	GCF_008727775.1_WP_150924154.1	52.910	419	729	89	378	171	2	43	415	334	709	0.0	554
lcl|NC_017455.1_prot_WP_014554119.1_1	GCF_002442935.1_WP_096808772.1	58.680	419	438	97	409	166	2	8	415	19	425	0.0	554
lcl|NC_017455.1_prot_WP_014554119.1_1	GCF_900186985.1_WP_095104238.1	59.169	419	438	97	409	164	2	8	415	19	425	0.0	553
lcl|NC_017455.1_prot_WP_014554119.1_1	GCF_900157305.1_WP_197712720.1	58.313	419	420	99	415	170	2	2	414	1	414	0.0	553
lcl|NC_017455.1_prot_WP_014554119.1_1	GCF_020985365.1_WP_218250394.1	58.491	419	613	88	371	151	2	47	415	244	613	0.0	553
lcl|NC_017455.1_prot_WP_014554119.1_1	GCF_013414345.1_WP_179873864.1	55.026	419	702	89	378	163	2	46	418	319	694	0.0	553
lcl|NC_017455.1_prot_WP_014554119.1_1	GCF_003611035.1_WP_245977165.1	53.543	419	888	90	381	170	2	43	418	501	879	0.0	553
lcl|NC_017455.1_prot_WP_014554119.1_1	GCF_003258605.2_WP_114914462.1	54.497	419	749	89	378	167	2	45	419	371	746	0.0	553
lcl|NC_017455.1_prot_WP_014554119.1_1	GCF_002082195.1_WP_083107418.1	55.145	419	669	90	379	165	2	43	418	286	662	0.0	553
lcl|NC_017455.1_prot_WP_014554119.1_1	GCF_000830005.1_WP_041131244.1	55.000	419	688	90	380	166	2	43	419	306	683	0.0	553
lcl|NC_017455.1_prot_WP_014554119.1_1	GCF_000493735.1_WP_023176746.1	60.000	419	431	98	410	163	1	1	410	4	412	0.0	553
lcl|NC_017455.1_prot_WP_014554119.1_1	GCF_000147695.2_WP_003868952.1	61.111	419	508	90	378	146	1	40	417	129	505	0.0	553
lcl|NC_017455.1_prot_WP_014554119.1_1	GCF_000019085.1_WP_009051987.1	61.111	419	508	90	378	146	1	40	417	129	505	0.0	553
lcl|NC_017455.1_prot_WP_014554119.1_1	GCF_027626975.1_WP_018087400.1	55.145	419	683	90	379	165	2	43	418	300	676	0.0	553
lcl|NC_017455.1_prot_WP_014554119.1_1	GCF_021650955.1_WP_086043397.1	58.722	419	438	97	407	165	2	8	413	19	423	0.0	553
lcl|NC_017455.1_prot_WP_014554119.1_1	GCF_019880305.1_WP_030081237.1	54.881	419	689	90	379	166	2	43	418	306	682	0.0	553
lcl|NC_017455.1_prot_WP_014554119.1_1	GCF_016028295.1_WP_059107902.1	59.169	419	438	97	409	164	2	8	415	19	425	0.0	553
lcl|NC_017455.1_prot_WP_014554119.1_1	GCF_015775515.1_WP_246465349.1	63.568	419	400	95	398	143	2	22	418	1	397	0.0	553
lcl|NC_017455.1_prot_WP_014554119.1_1	GCF_014701115.1_WP_190850217.1	54.881	419	725	90	379	166	2	43	418	342	718	0.0	553
lcl|NC_017455.1_prot_WP_014554119.1_1	GCF_014217215.1_WP_185174452.1	54.255	419	706	89	376	165	2	45	415	326	699	0.0	553
lcl|NC_017455.1_prot_WP_014554119.1_1	GCF_005845345.1_WP_138275129.1	54.762	419	584	89	378	164	2	46	418	201	576	0.0	553
lcl|NC_017455.1_prot_WP_014554119.1_1	GCF_002288145.1_WP_095684371.1	54.497	419	524	89	378	167	2	45	419	144	519	0.0	553
lcl|NC_017455.1_prot_WP_014554119.1_1	GCF_001643775.1_WP_066663083.1	56.204	419	573	98	411	177	3	3	412	149	557	0.0	553
lcl|NC_017455.1_prot_WP_014554119.1_1	GCF_026650945.1_WP_216274544.1	60.582	419	490	89	378	144	2	41	415	108	483	0.0	553
lcl|NC_017455.1_prot_WP_014554119.1_1	GCF_023525255.1_WP_271435305.1	56.220	419	518	98	418	176	3	4	414	92	509	0.0	553
lcl|NC_017455.1_prot_WP_014554119.1_1	GCF_022343725.1_WP_133452034.1	59.214	419	438	97	407	163	2	8	413	19	423	0.0	553
lcl|NC_017455.1_prot_WP_014554119.1_1	GCF_016865215.1_WP_096078001.1	58.477	419	438	97	407	166	2	8	413	19	423	0.0	553
lcl|NC_017455.1_prot_WP_014554119.1_1	GCF_015277875.1_WP_228480777.1	54.521	419	685	89	376	164	2	45	415	292	665	0.0	553
lcl|NC_017455.1_prot_WP_014554119.1_1	GCF_011751765.2_WP_166992476.1	53.141	419	704	90	382	172	2	43	419	314	693	0.0	553
lcl|NC_017455.1_prot_WP_014554119.1_1	GCF_002369955.1_WP_096685813.1	57.641	419	526	89	373	156	1	45	415	153	525	0.0	553
lcl|NC_017455.1_prot_WP_014554119.1_1	GCF_001974985.1_WP_076691332.1	53.457	419	688	89	376	168	2	45	415	296	669	0.0	553
lcl|NC_017455.1_prot_WP_014554119.1_1	GCF_000280865.2_WP_006603104.1	54.881	419	682	90	379	166	2	43	418	299	675	0.0	553
lcl|NC_017455.1_prot_WP_014554119.1_1	GCF_000164905.1_WP_012964462.1	58.173	419	432	98	416	165	5	5	413	17	430	0.0	553
lcl|NC_017455.1_prot_WP_014554119.1_1	GCF_028596025.1_WP_273633580.1	59.189	419	537	88	370	148	2	47	414	168	536	0.0	552
lcl|NC_017455.1_prot_WP_014554119.1_1	GCF_023498005.1_WP_249587750.1	54.617	419	691	90	379	167	2	43	418	308	684	0.0	552
lcl|NC_017455.1_prot_WP_014554119.1_1	GCF_022024215.1_WP_237797626.1	53.806	419	669	90	381	171	3	39	415	290	669	0.0	552
lcl|NC_017455.1_prot_WP_014554119.1_1	GCF_019933235.1_WP_086716399.1	55.145	419	680	90	379	165	2	43	418	297	673	0.0	552
lcl|NC_017455.1_prot_WP_014554119.1_1	GCF_013127755.1_WP_002829726.1	57.213	419	424	98	409	174	1	1	409	4	411	0.0	552
lcl|NC_017455.1_prot_WP_014554119.1_1	GCF_012530535.1_WP_168915498.1	55.145	419	728	89	379	163	2	46	419	341	717	0.0	552
lcl|NC_017455.1_prot_WP_014554119.1_1	GCF_006337065.1_WP_139417565.1	51.151	419	730	92	391	184	2	33	418	327	715	0.0	552
lcl|NC_017455.1_prot_WP_014554119.1_1	GCF_002849795.1_WP_089365238.1	52.152	419	650	93	395	184	3	25	415	257	650	0.0	552
lcl|NC_017455.1_prot_WP_014554119.1_1	GCF_002288065.1_WP_095673149.1	54.667	419	522	89	375	165	2	45	416	142	514	0.0	552
lcl|NC_017455.1_prot_WP_014554119.1_1	GCF_001854225.1_WP_070954792.1	54.762	419	585	89	378	164	2	46	418	202	577	0.0	552
lcl|NC_017455.1_prot_WP_014554119.1_1	GCF_001750685.1_WP_069973834.1	19.080	419	437	97	435	307	11	12	419	1	417	0.0	552
lcl|NC_017455.1_prot_WP_014554119.1_1	GCF_001688845.2_WP_068960813.1	59.140	419	710	88	372	148	3	47	415	340	710	0.0	552
lcl|NC_017455.1_prot_WP_014554119.1_1	GCF_000091305.1_WP_173402873.1	55.145	419	677	90	379	165	2	43	418	295	671	0.0	552
lcl|NC_017455.1_prot_WP_014554119.1_1	GCF_025403485.1_WP_261510825.1	57.682	419	598	88	371	154	2	47	415	229	598	0.0	552
lcl|NC_017455.1_prot_WP_014554119.1_1	GCF_019397265.1_WP_020546700.1	58.289	419	665	89	374	151	2	46	416	287	658	0.0	552
lcl|NC_017455.1_prot_WP_014554119.1_1	GCF_016028795.1_WP_099482256.1	58.477	419	438	97	407	166	2	8	413	19	423	0.0	552
lcl|NC_017455.1_prot_WP_014554119.1_1	GCF_011466855.1_WP_037567457.1	59.169	419	438	97	409	164	2	8	415	19	425	0.0	552
lcl|NC_017455.1_prot_WP_014554119.1_1	GCF_004135285.1_WP_242497852.1	53.191	419	682	89	376	169	2	45	415	287	660	0.0	552
lcl|NC_017455.1_prot_WP_014554119.1_1	GCF_000699505.1_WP_038502015.1	55.291	419	551	89	378	162	2	46	418	168	543	0.0	552
lcl|NC_017455.1_prot_WP_014554119.1_1	GCF_000695095.2_WP_026850113.1	54.699	419	417	98	415	184	3	2	413	1	414	0.0	552
lcl|NC_017455.1_prot_WP_014554119.1_1	GCF_013004105.1_WP_171225534.1	52.530	419	417	98	415	193	3	2	413	1	414	0.0	551
lcl|NC_017455.1_prot_WP_014554119.1_1	GCF_007197575.1_WP_228266732.1	54.974	419	703	89	382	161	2	44	416	315	694	0.0	551
lcl|NC_017455.1_prot_WP_014554119.1_1	GCF_003194085.1_WP_110232952.1	53.003	419	590	90	383	173	2	38	415	203	583	0.0	551
lcl|NC_017455.1_prot_WP_014554119.1_1	GCF_002285495.1_WP_119866198.1	51.820	419	470	99	467	172	4	2	415	1	467	0.0	551
lcl|NC_017455.1_prot_WP_014554119.1_1	GCF_000331185.2_WP_003981331.1	54.474	419	682	90	380	168	2	43	419	297	674	0.0	551
lcl|NC_017455.1_prot_WP_014554119.1_1	GCF_000023845.1_WP_012803314.1	55.825	419	638	98	412	179	3	2	412	213	622	0.0	551
lcl|NC_017455.1_prot_WP_014554119.1_1	GCF_010725725.1_WP_163902805.1	52.880	419	630	89	382	170	2	43	416	244	623	0.0	551
lcl|NC_017455.1_prot_WP_014554119.1_1	GCF_004564355.1_WP_135064674.1	52.646	419	695	89	378	172	2	43	415	300	675	0.0	551
lcl|NC_017455.1_prot_WP_014554119.1_1	GCF_003932015.1_WP_012303235.1	66.033	419	492	88	368	124	1	49	416	105	471	0.0	551
lcl|NC_017455.1_prot_WP_014554119.1_1	GCF_003344965.1_WP_114661805.1	53.947	419	697	90	380	170	2	43	419	315	692	0.0	551
lcl|NC_017455.1_prot_WP_014554119.1_1	GCF_001983935.1_WP_257787814.1	58.034	419	422	98	417	169	3	3	414	5	420	0.0	551
lcl|NC_017455.1_prot_WP_014554119.1_1	GCF_000024845.1_WP_012844798.1	59.786	419	518	89	373	147	2	44	414	146	517	0.0	551
lcl|NC_017455.1_prot_WP_014554119.1_1	GCF_900603025.1_WP_005629152.1	52.632	419	674	89	380	172	2	43	416	289	666	0.0	551
lcl|NC_017455.1_prot_WP_014554119.1_1	GCF_021442325.1_WP_234661800.1	52.480	419	750	90	383	175	2	38	415	351	731	0.0	551
lcl|NC_017455.1_prot_WP_014554119.1_1	GCF_017909455.1_WP_209131924.1	55.820	419	782	89	378	160	2	43	415	393	768	0.0	551
lcl|NC_017455.1_prot_WP_014554119.1_1	GCF_016126715.1_WP_014613330.1	58.435	419	437	97	409	167	2	8	415	18	424	0.0	551
lcl|NC_017455.1_prot_WP_014554119.1_1	GCF_004328535.1_WP_131332671.1	52.231	419	708	89	381	173	2	43	416	325	703	0.0	551
lcl|NC_017455.1_prot_WP_014554119.1_1	GCF_002285635.2_WP_034680560.1	57.951	419	602	88	371	153	2	47	415	233	602	0.0	551
lcl|NC_017455.1_prot_WP_014554119.1_1	GCF_001975955.2_WP_036312554.1	53.562	419	699	89	379	169	2	45	418	311	687	0.0	551
lcl|NC_017455.1_prot_WP_014554119.1_1	GCF_001857965.1_WP_071183609.1	57.105	419	596	89	373	157	2	45	415	225	596	0.0	551
lcl|NC_017455.1_prot_WP_014554119.1_1	GCF_000973105.1_WP_013994115.1	58.177	419	557	89	373	153	2	45	415	186	557	0.0	551
lcl|NC_017455.1_prot_WP_014554119.1_1	GCF_000441555.1_WP_041193059.1	57.816	419	403	95	403	164	3	18	415	1	402	0.0	551
lcl|NC_017455.1_prot_WP_014554119.1_1	GCF_022221585.1_WP_238575302.1	55.000	419	682	90	380	166	2	43	419	299	676	0.0	550
lcl|NC_017455.1_prot_WP_014554119.1_1	GCF_018127985.1_WP_211815129.1	56.873	419	654	88	371	155	3	49	415	285	654	0.0	550
lcl|NC_017455.1_prot_WP_014554119.1_1	GCF_015565955.1_WP_195693343.1	53.457	419	726	89	376	168	2	45	415	331	704	0.0	550
lcl|NC_017455.1_prot_WP_014554119.1_1	GCF_003070885.1_WP_108594873.1	52.493	419	728	90	381	174	2	43	418	334	712	0.0	550
lcl|NC_017455.1_prot_WP_014554119.1_1	GCF_002287885.2_WP_095681004.1	55.882	419	543	89	374	160	2	46	416	152	523	0.0	550
lcl|NC_017455.1_prot_WP_014554119.1_1	GCF_002022145.1_WP_069215875.1	57.143	419	592	88	371	156	2	47	415	223	592	0.0	550
lcl|NC_017455.1_prot_WP_014554119.1_1	GCF_001543175.1_WP_060778718.1	57.933	419	433	99	416	173	2	1	416	13	426	0.0	550
lcl|NC_017455.1_prot_WP_014554119.1_1	GCF_000024505.1_WP_012880249.1	52.133	419	454	99	422	193	3	1	414	33	453	0.0	550
lcl|NC_017455.1_prot_WP_014554119.1_1	GCF_022811605.1_WP_243568775.1	52.219	419	716	90	383	176	2	38	415	322	702	0.0	550
lcl|NC_017455.1_prot_WP_014554119.1_1	GCF_014395225.1_WP_187594002.1	58.649	419	584	88	370	150	2	47	414	215	583	0.0	550
lcl|NC_017455.1_prot_WP_014554119.1_1	GCF_008727755.1_WP_238702465.1	53.562	419	691	89	379	169	2	45	418	299	675	0.0	550
lcl|NC_017455.1_prot_WP_014554119.1_1	GCF_003344445.1_WP_067439671.1	54.881	419	680	90	379	166	2	43	418	298	674	0.0	550
lcl|NC_017455.1_prot_WP_014554119.1_1	GCF_002288305.1_WP_095688443.1	54.813	419	538	89	374	164	2	46	416	147	518	0.0	550
lcl|NC_017455.1_prot_WP_014554119.1_1	GCF_002101335.1_WP_085236775.1	58.680	419	437	97	409	166	2	8	415	18	424	0.0	550
lcl|NC_017455.1_prot_WP_014554119.1_1	GCF_009834205.1_WP_244250400.1	54.787	419	817	89	376	163	2	45	415	429	802	0.0	550
lcl|NC_017455.1_prot_WP_014554119.1_1	GCF_009676955.1_WP_154328721.1	56.676	419	792	87	367	155	3	52	415	427	792	0.0	550
lcl|NC_017455.1_prot_WP_014554119.1_1	GCF_007741515.1_WP_145060854.1	54.545	419	492	99	418	184	3	3	415	75	491	0.0	550
lcl|NC_017455.1_prot_WP_014554119.1_1	GCF_004011115.1_WP_104264354.1	54.521	419	766	89	376	164	2	45	415	378	751	0.0	550
lcl|NC_017455.1_prot_WP_014554119.1_1	GCF_001750685.1_WP_236932724.1	62.069	419	456	90	377	142	1	38	414	75	450	0.0	550
lcl|NC_017455.1_prot_WP_014554119.1_1	GCF_000235405.2_WP_211204761.1	57.385	419	416	98	413	174	2	4	415	1	412	0.0	550
lcl|NC_017455.1_prot_WP_014554119.1_1	GCF_900066015.1_WP_095042557.1	58.294	419	425	99	422	168	2	2	415	1	422	0.0	549
lcl|NC_017455.1_prot_WP_014554119.1_1	GCF_019884785.1_WP_223039252.1	18.056	419	435	97	432	309	11	15	419	2	415	0.0	549
lcl|NC_017455.1_prot_WP_014554119.1_1	GCF_019645835.1_WP_220692570.1	52.618	419	643	89	382	171	2	43	416	257	636	0.0	549
lcl|NC_017455.1_prot_WP_014554119.1_1	GCF_019175365.1_WP_231334965.1	55.467	419	695	89	375	162	2	45	416	317	689	0.0	549
lcl|NC_017455.1_prot_WP_014554119.1_1	GCF_017347605.1_WP_207154497.1	54.865	419	660	87	370	162	3	49	414	291	659	0.0	549
lcl|NC_017455.1_prot_WP_014554119.1_1	GCF_012273615.1_WP_168238755.1	58.221	419	605	88	371	152	2	47	415	236	605	0.0	549
lcl|NC_017455.1_prot_WP_014554119.1_1	GCF_001660485.1_WP_074401051.1	53.018	419	736	90	381	172	2	43	418	341	719	0.0	549
lcl|NC_017455.1_prot_WP_014554119.1_1	GCF_001648155.1_WP_066753546.1	57.143	419	639	88	371	156	2	47	415	270	639	0.0	549
lcl|NC_017455.1_prot_WP_014554119.1_1	GCF_000266925.1_WP_041459793.1	63.438	419	447	98	413	149	2	3	414	35	446	0.0	549
lcl|NC_017455.1_prot_WP_014554119.1_1	GCF_000020305.1_WP_011114094.1	52.133	419	454	99	422	193	3	1	414	33	453	0.0	549
lcl|NC_017455.1_prot_WP_014554119.1_1	GCF_022827545.1_WP_243797145.1	57.766	419	768	87	367	153	1	50	414	401	767	0.0	549
lcl|NC_017455.1_prot_WP_014554119.1_1	GCF_020872015.1_WP_212650230.1	57.682	419	605	88	371	154	2	47	415	236	605	0.0	549
lcl|NC_017455.1_prot_WP_014554119.1_1	GCF_011751745.2_WP_166981265.1	52.880	419	724	90	382	173	2	43	419	334	713	0.0	549
lcl|NC_017455.1_prot_WP_014554119.1_1	GCF_004135405.1_WP_129192026.1	52.381	419	696	89	378	173	2	43	415	303	678	0.0	549
lcl|NC_017455.1_prot_WP_014554119.1_1	GCF_004011095.1_WP_097167335.1	54.255	419	765	89	376	165	2	45	415	377	750	0.0	549
lcl|NC_017455.1_prot_WP_014554119.1_1	GCF_001654455.1_WP_245645917.1	54.660	419	561	94	397	174	3	20	414	168	560	0.0	549
lcl|NC_017455.1_prot_WP_014554119.1_1	GCF_000220705.2_WP_095756850.1	55.409	419	697	90	379	164	2	43	418	314	690	0.0	549
lcl|NC_017455.1_prot_WP_014554119.1_1	GCF_000164695.2_WP_041321737.1	55.053	419	696	89	376	162	2	45	415	316	689	0.0	549
lcl|NC_017455.1_prot_WP_014554119.1_1	GCF_022200785.1_WP_238417725.1	58.919	419	569	88	370	149	2	47	414	200	568	0.0	548
lcl|NC_017455.1_prot_WP_014554119.1_1	GCF_021172025.1_WP_231821193.1	52.394	419	672	89	376	172	2	45	415	280	653	0.0	548
lcl|NC_017455.1_prot_WP_014554119.1_1	GCF_019203185.1_WP_218282846.1	17.824	419	435	97	432	310	11	15	419	2	415	0.0	548
lcl|NC_017455.1_prot_WP_014554119.1_1	GCF_018437505.1_WP_236543494.1	54.233	419	646	89	378	168	2	42	416	264	639	0.0	548
lcl|NC_017455.1_prot_WP_014554119.1_1	GCF_018128205.1_WP_211797981.1	55.795	419	648	88	371	159	3	49	415	279	648	0.0	548
lcl|NC_017455.1_prot_WP_014554119.1_1	GCF_018128125.1_WP_008822516.1	55.676	419	660	87	370	159	3	49	414	291	659	0.0	548
lcl|NC_017455.1_prot_WP_014554119.1_1	GCF_017569325.1_WP_129569748.1	53.563	419	544	95	407	177	3	19	414	138	543	0.0	548
lcl|NC_017455.1_prot_WP_014554119.1_1	GCF_010448835.1_WP_163345826.1	57.219	419	617	89	374	156	3	45	415	244	616	0.0	548
lcl|NC_017455.1_prot_WP_014554119.1_1	GCF_006337165.1_WP_139516125.1	56.676	419	704	87	367	157	1	50	414	337	703	0.0	548
lcl|NC_017455.1_prot_WP_014554119.1_1	GCF_002355535.1_WP_231951775.1	53.003	419	592	90	383	173	2	38	415	202	582	0.0	548
lcl|NC_017455.1_prot_WP_014554119.1_1	GCF_002096055.1_WP_085019730.1	53.723	419	717	89	376	167	2	45	415	326	699	0.0	548
lcl|NC_017455.1_prot_WP_014554119.1_1	GCF_000577895.1_WP_156930545.1	47.799	419	479	99	477	182	4	2	414	1	474	0.0	548
lcl|NC_017455.1_prot_WP_014554119.1_1	GCF_000023865.1_WP_041322951.1	53.562	419	659	89	379	170	2	45	419	279	655	0.0	548
lcl|NC_017455.1_prot_WP_014554119.1_1	GCF_000010645.1_WP_012573027.1	57.412	419	583	87	371	150	3	52	415	214	583	0.0	548
lcl|NC_017455.1_prot_WP_014554119.1_1	GCF_900637665.1_WP_123858661.1	57.682	419	610	88	371	154	2	47	415	241	610	0.0	548
lcl|NC_017455.1_prot_WP_014554119.1_1	GCF_900187075.1_WP_095086621.1	57.946	419	438	97	409	169	2	8	415	19	425	0.0	548
lcl|NC_017455.1_prot_WP_014554119.1_1	GCF_025144665.1_WP_019245020.1	56.499	419	592	89	377	160	3	42	415	217	592	0.0	548
lcl|NC_017455.1_prot_WP_014554119.1_1	GCF_024134545.1_WP_184370360.1	54.400	419	670	89	375	166	2	45	416	292	664	0.0	548
lcl|NC_017455.1_prot_WP_014554119.1_1	GCF_022637435.1_WP_241915003.1	51.979	419	697	89	379	172	2	46	416	311	687	0.0	548
lcl|NC_017455.1_prot_WP_014554119.1_1	GCF_018595685.2_WP_214448066.1	59.249	419	552	89	373	149	2	44	414	180	551	0.0	548
lcl|NC_017455.1_prot_WP_014554119.1_1	GCF_018316655.1_WP_220562998.1	53.600	419	651	89	375	169	2	45	416	278	650	0.0	548
lcl|NC_017455.1_prot_WP_014554119.1_1	GCF_014725695.1_WP_191008830.1	53.333	419	694	88	375	168	2	45	414	299	671	0.0	548
lcl|NC_017455.1_prot_WP_014554119.1_1	GCF_010726085.1_WP_083157164.1	52.880	419	632	89	382	170	2	43	416	245	624	0.0	548
lcl|NC_017455.1_prot_WP_014554119.1_1	GCF_009649075.1_WP_153653516.1	53.439	419	696	89	378	171	2	44	418	313	688	0.0	548
lcl|NC_017455.1_prot_WP_014554119.1_1	GCF_002849715.1_WP_074701674.1	53.191	419	715	88	376	166	2	49	416	332	705	0.0	548
lcl|NC_017455.1_prot_WP_014554119.1_1	GCF_001611155.1_WP_046871599.1	56.522	419	430	99	414	179	1	1	414	4	416	0.0	548
lcl|NC_017455.1_prot_WP_014554119.1_1	GCF_000816085.1_WP_039644600.1	59.169	419	438	97	409	164	2	8	415	19	425	0.0	548
lcl|NC_017455.1_prot_WP_014554119.1_1	GCF_000007625.1_WP_035110950.1	59.740	419	489	92	385	148	2	32	415	102	480	0.0	548
lcl|NC_017455.1_prot_WP_014554119.1_1	GCF_021278965.1_WP_068940597.1	57.682	419	611	88	371	154	2	47	415	242	611	0.0	548
lcl|NC_017455.1_prot_WP_014554119.1_1	GCF_003815875.1_WP_103288985.1	57.412	419	610	88	371	155	2	47	415	241	610	0.0	548
lcl|NC_017455.1_prot_WP_014554119.1_1	GCF_003366055.1_WP_252120589.1	54.988	419	435	97	411	179	3	10	415	1	410	0.0	548
lcl|NC_017455.1_prot_WP_014554119.1_1	GCF_001275345.1_WP_053447147.1	52.356	419	698	89	382	172	2	43	416	309	688	0.0	548
lcl|NC_017455.1_prot_WP_014554119.1_1	GCF_000025345.1_WP_012950138.1	54.762	419	747	89	378	166	2	42	416	365	740	0.0	548
lcl|NC_017455.1_prot_WP_014554119.1_1	GCF_900187065.1_WP_003925515.1	53.281	419	677	89	381	168	2	43	415	291	669	0.0	547
lcl|NC_017455.1_prot_WP_014554119.1_1	GCF_900187005.1_WP_095117523.1	59.413	419	441	97	409	163	2	8	415	22	428	0.0	547
lcl|NC_017455.1_prot_WP_014554119.1_1	GCF_027920505.1_WP_271160156.1	57.951	419	616	88	371	153	2	47	415	247	616	0.0	547
lcl|NC_017455.1_prot_WP_014554119.1_1	GCF_025758395.1_WP_263795990.1	53.723	419	674	89	376	167	2	45	415	280	653	0.0	547
lcl|NC_017455.1_prot_WP_014554119.1_1	GCF_015277855.1_WP_194409006.1	53.989	419	731	89	376	166	2	45	415	335	708	0.0	547
lcl|NC_017455.1_prot_WP_014554119.1_1	GCF_007748035.1_WP_145247152.1	52.644	419	493	98	416	191	3	5	415	78	492	0.0	547
lcl|NC_017455.1_prot_WP_014554119.1_1	GCF_003815975.1_WP_123869531.1	58.221	419	606	88	371	152	2	47	415	237	606	0.0	547
lcl|NC_017455.1_prot_WP_014554119.1_1	GCF_001307545.1_WP_054602926.1	52.094	419	663	89	382	173	2	43	416	276	655	0.0	547
lcl|NC_017455.1_prot_WP_014554119.1_1	GCF_000147715.2_WP_201764216.1	58.313	419	420	99	415	170	2	2	414	1	414	0.0	547
lcl|NC_017455.1_prot_WP_014554119.1_1	GCF_000144405.1_WP_013265356.1	55.256	419	651	88	371	161	3	49	415	282	651	0.0	547
lcl|NC_017455.1_prot_WP_014554119.1_1	GCF_000024505.1_WP_041651404.1	52.133	419	445	99	422	193	3	1	414	24	444	0.0	547
lcl|NC_017455.1_prot_WP_014554119.1_1	GCF_000024125.1_WP_015754082.1	57.373	419	561	89	373	156	2	45	415	190	561	0.0	547
lcl|NC_017455.1_prot_WP_014554119.1_1	GCF_000020305.1_WP_223822875.1	52.133	419	443	99	422	193	3	1	414	22	442	0.0	547
lcl|NC_017455.1_prot_WP_014554119.1_1	GCF_022811665.1_WP_243576283.1	57.682	419	605	88	371	154	2	47	415	236	605	0.0	547
lcl|NC_017455.1_prot_WP_014554119.1_1	GCF_021952865.1_WP_237609325.1	54.331	419	830	90	381	167	2	43	418	433	811	0.0	547
lcl|NC_017455.1_prot_WP_014554119.1_1	GCF_003815775.1_WP_076353106.1	57.682	419	604	88	371	154	2	47	415	235	604	0.0	547
lcl|NC_017455.1_prot_WP_014554119.1_1	GCF_002214625.1_WP_117374357.1	51.896	419	454	99	422	194	3	1	414	33	453	0.0	547
lcl|NC_017455.1_prot_WP_014554119.1_1	GCF_000242335.1_WP_005843817.1	55.376	419	667	88	372	161	3	47	414	296	666	0.0	547
lcl|NC_017455.1_prot_WP_014554119.1_1	GCF_000007085.1_WP_011024644.1	61.867	419	488	89	375	142	1	40	414	109	482	0.0	547
lcl|NC_017455.1_prot_WP_014554119.1_1	GCF_028736055.1_WP_274244427.1	52.493	419	748	89	381	172	2	43	416	362	740	0.0	546
lcl|NC_017455.1_prot_WP_014554119.1_1	GCF_019931005.1_WP_005606878.1	59.709	419	422	98	412	165	1	3	414	9	419	0.0	546
lcl|NC_017455.1_prot_WP_014554119.1_1	GCF_015277815.1_WP_228479490.1	53.989	419	725	89	376	166	2	45	415	330	703	0.0	546
lcl|NC_017455.1_prot_WP_014554119.1_1	GCF_012277275.1_WP_168584039.1	53.968	419	712	89	378	166	2	45	416	328	703	0.0	546
lcl|NC_017455.1_prot_WP_014554119.1_1	GCF_010731795.1_WP_083005653.1	52.895	419	638	89	380	171	2	43	416	253	630	0.0	546
lcl|NC_017455.1_prot_WP_014554119.1_1	GCF_009834165.1_WP_132504111.1	54.521	419	759	89	376	164	2	45	415	371	744	0.0	546
lcl|NC_017455.1_prot_WP_014554119.1_1	GCF_004323735.1_WP_131097326.1	54.545	419	685	89	374	165	2	46	416	307	678	0.0	546
lcl|NC_017455.1_prot_WP_014554119.1_1	GCF_003614235.1_WP_039233869.1	56.068	419	476	97	412	164	4	10	415	71	471	0.0	546
lcl|NC_017455.1_prot_WP_014554119.1_1	GCF_000014505.1_WP_011673732.1	57.457	419	428	98	409	173	1	1	409	4	411	0.0	546
lcl|NC_017455.1_prot_WP_014554119.1_1	GCF_900683625.1_WP_130914348.1	57.412	419	613	88	371	155	2	47	415	244	613	0.0	546
lcl|NC_017455.1_prot_WP_014554119.1_1	GCF_900187165.1_WP_089866088.1	60.000	419	476	92	385	147	2	32	415	89	467	0.0	546
lcl|NC_017455.1_prot_WP_014554119.1_1	GCF_020424085.1_WP_226082863.1	53.281	419	703	90	381	171	2	43	418	314	692	0.0	546
lcl|NC_017455.1_prot_WP_014554119.1_1	GCF_018141445.1_WP_212697400.1	58.038	419	552	87	367	150	2	54	417	182	547	0.0	546
lcl|NC_017455.1_prot_WP_014554119.1_1	GCF_003860545.1_WP_124805598.1	56.065	419	586	88	371	160	2	47	415	217	586	0.0	546
lcl|NC_017455.1_prot_WP_014554119.1_1	GCF_003815695.1_WP_123877160.1	57.143	419	621	88	371	156	2	47	415	252	621	0.0	546
lcl|NC_017455.1_prot_WP_014554119.1_1	GCF_003815615.1_WP_123852817.1	58.221	419	606	88	371	152	2	47	415	237	606	0.0	546
lcl|NC_017455.1_prot_WP_014554119.1_1	GCF_000012565.1_WP_011304266.1	52.844	419	476	99	422	190	3	1	414	55	475	0.0	546
lcl|NC_017455.1_prot_WP_014554119.1_1	GCF_027625995.1_WP_270125613.1	56.948	419	748	87	367	156	1	50	414	381	747	0.0	546
lcl|NC_017455.1_prot_WP_014554119.1_1	GCF_021398715.1_WP_234073321.1	54.787	419	655	89	376	163	2	45	415	263	636	0.0	546
lcl|NC_017455.1_prot_WP_014554119.1_1	GCF_020883535.1_WP_229293157.1	58.924	419	438	97	409	165	2	8	415	19	425	0.0	546
lcl|NC_017455.1_prot_WP_014554119.1_1	GCF_019645875.1_WP_036394984.1	52.094	419	662	89	382	173	2	43	416	275	654	0.0	546
lcl|NC_017455.1_prot_WP_014554119.1_1	GCF_012931845.1_WP_169164811.1	52.850	419	686	90	386	170	2	43	418	295	678	0.0	546
lcl|NC_017455.1_prot_WP_014554119.1_1	GCF_010731875.1_WP_163698059.1	52.756	419	645	89	381	171	2	43	416	253	631	0.0	546
lcl|NC_017455.1_prot_WP_014554119.1_1	GCF_009739655.1_WP_079532523.1	54.068	419	823	90	381	168	2	43	418	426	804	0.0	546
lcl|NC_017455.1_prot_WP_014554119.1_1	GCF_003945385.1_WP_085910971.1	52.941	419	762	88	374	170	2	46	415	383	754	0.0	546
lcl|NC_017455.1_prot_WP_014554119.1_1	GCF_003012915.1_WP_103207335.1	58.924	419	438	97	409	165	2	8	415	19	425	0.0	546
lcl|NC_017455.1_prot_WP_014554119.1_1	GCF_000243115.2_WP_245605259.1	56.568	419	561	89	373	159	2	44	414	189	560	0.0	546
lcl|NC_017455.1_prot_WP_014554119.1_1	GCF_000218855.1_WP_010966173.1	61.003	419	483	85	359	139	1	46	403	110	468	0.0	546
lcl|NC_017455.1_prot_WP_014554119.1_1	GCF_000025645.1_WP_012995289.1	19.124	419	437	97	434	307	11	12	419	1	416	0.0	546
lcl|NC_017455.1_prot_WP_014554119.1_1	GCF_901482605.1_WP_138210821.1	56.298	419	500	91	389	162	2	30	412	97	483	0.0	545
lcl|NC_017455.1_prot_WP_014554119.1_1	GCF_900070355.1_WP_058234269.1	53.886	419	687	90	386	166	2	43	418	296	679	0.0	545
lcl|NC_017455.1_prot_WP_014554119.1_1	GCF_023100725.1_WP_247826490.1	52.533	419	734	88	375	169	2	49	416	354	726	0.0	545
lcl|NC_017455.1_prot_WP_014554119.1_1	GCF_010730195.1_WP_085233246.1	52.480	419	607	90	383	174	2	43	419	223	603	0.0	545
lcl|NC_017455.1_prot_WP_014554119.1_1	GCF_006542685.1_WP_141429796.1	56.757	419	567	88	370	156	3	48	414	198	566	0.0	545
lcl|NC_017455.1_prot_WP_014554119.1_1	GCF_001641005.1_WP_068254074.1	54.255	419	778	89	376	165	2	45	415	390	763	0.0	545
lcl|NC_017455.1_prot_WP_014554119.1_1	GCF_001543285.1_WP_003142273.1	56.190	419	431	99	420	174	3	3	418	10	423	0.0	545
lcl|NC_017455.1_prot_WP_014554119.1_1	GCF_001482365.1_WP_058859172.1	51.969	419	661	89	381	174	2	43	416	273	651	0.0	545
lcl|NC_017455.1_prot_WP_014554119.1_1	GCF_010731295.1_WP_097926089.1	52.094	419	662	89	382	173	2	43	416	275	654	0.0	545
lcl|NC_017455.1_prot_WP_014554119.1_1	GCF_010726245.1_WP_115321459.1	52.243	419	675	89	379	173	2	43	415	286	662	0.0	545
lcl|NC_017455.1_prot_WP_014554119.1_1	GCF_009834925.2_WP_160943068.1	55.718	419	552	98	411	179	3	3	412	128	536	0.0	545
lcl|NC_017455.1_prot_WP_014554119.1_1	GCF_000950575.1_WP_045074675.1	51.969	419	690	89	381	173	2	43	415	301	679	0.0	545
lcl|NC_017455.1_prot_WP_014554119.1_1	GCF_000018885.1_WP_041685301.1	52.742	419	714	89	383	170	2	43	416	324	704	0.0	545
lcl|NC_017455.1_prot_WP_014554119.1_1	GCF_900187045.1_WP_051277517.1	54.642	419	615	89	377	163	2	45	415	232	606	0.0	545
lcl|NC_017455.1_prot_WP_014554119.1_1	GCF_023195755.1_WP_248389742.1	58.491	419	609	88	371	151	2	47	415	240	609	0.0	545
lcl|NC_017455.1_prot_WP_014554119.1_1	GCF_018866305.1_WP_104052466.1	52.926	419	738	88	376	167	2	49	416	358	731	0.0	545
lcl|NC_017455.1_prot_WP_014554119.1_1	GCF_018622995.1_WP_210231555.1	52.880	419	737	89	382	170	2	43	416	351	730	0.0	545
lcl|NC_017455.1_prot_WP_014554119.1_1	GCF_014961145.1_WP_193439310.1	57.412	419	620	88	371	155	2	47	415	251	620	0.0	545
lcl|NC_017455.1_prot_WP_014554119.1_1	GCF_004564075.1_WP_135012029.1	53.562	419	653	89	379	169	2	45	418	263	639	0.0	545
lcl|NC_017455.1_prot_WP_014554119.1_1	GCF_004347775.1_WP_240040805.1	58.289	419	568	89	374	153	2	44	415	196	568	0.0	545
lcl|NC_017455.1_prot_WP_014554119.1_1	GCF_002770595.1_WP_100076364.1	57.412	419	619	88	371	155	2	47	415	250	619	0.0	545
lcl|NC_017455.1_prot_WP_014554119.1_1	GCF_002157835.1_WP_087075423.1	52.094	419	646	89	382	173	2	43	416	259	638	0.0	545
lcl|NC_017455.1_prot_WP_014554119.1_1	GCF_001518795.1_WP_026465853.1	56.325	419	429	99	419	173	3	3	417	10	422	0.0	545
lcl|NC_017455.1_prot_WP_014554119.1_1	GCF_000213255.1_WP_013779907.1	62.060	419	601	88	369	137	2	52	418	222	589	0.0	545
lcl|NC_017455.1_prot_WP_014554119.1_1	GCF_900637205.1_WP_126332955.1	51.832	419	657	89	382	174	2	43	416	269	648	0.0	544
lcl|NC_017455.1_prot_WP_014554119.1_1	GCF_900637195.1_WP_048635290.1	52.368	419	704	89	380	172	2	43	415	318	695	0.0	544
lcl|NC_017455.1_prot_WP_014554119.1_1	GCF_020783335.1_WP_228170154.1	58.919	419	570	88	370	149	2	47	414	201	569	0.0	544
lcl|NC_017455.1_prot_WP_014554119.1_1	GCF_019448235.1_WP_237690267.1	53.050	419	569	89	377	172	2	45	418	190	564	0.0	544
lcl|NC_017455.1_prot_WP_014554119.1_1	GCF_014775655.1_WP_191148672.1	54.068	419	833	90	381	168	2	43	418	436	814	0.0	544
lcl|NC_017455.1_prot_WP_014554119.1_1	GCF_009933595.1_WP_066024093.1	55.556	419	437	99	423	178	5	1	415	4	424	0.0	544
lcl|NC_017455.1_prot_WP_014554119.1_1	GCF_005670685.2_WP_053854198.1	52.083	419	656	89	384	172	2	43	416	267	648	0.0	544
lcl|NC_017455.1_prot_WP_014554119.1_1	GCF_003687415.1_WP_121866561.1	51.047	419	740	90	382	179	2	43	418	358	737	0.0	544
lcl|NC_017455.1_prot_WP_014554119.1_1	GCF_002285715.1_WP_095576753.1	51.958	419	626	90	383	176	2	43	419	242	622	0.0	544
lcl|NC_017455.1_prot_WP_014554119.1_1	GCF_001005905.1_WP_046790983.1	59.902	419	438	97	409	161	2	8	415	19	425	0.0	544
lcl|NC_017455.1_prot_WP_014554119.1_1	GCF_000576555.1_WP_044002975.1	56.948	419	742	87	367	156	1	50	414	375	741	0.0	544
lcl|NC_017455.1_prot_WP_014554119.1_1	GCF_000512735.1_WP_245565862.1	58.780	419	411	96	410	162	4	10	413	1	409	0.0	544
lcl|NC_017455.1_prot_WP_014554119.1_1	GCF_000022025.1_WP_015937530.1	52.742	419	711	89	383	170	2	43	416	321	701	0.0	544
lcl|NC_017455.1_prot_WP_014554119.1_1	GCF_000007085.1_WP_009610460.1	19.355	419	437	97	434	306	11	12	419	1	416	0.0	544
lcl|NC_017455.1_prot_WP_014554119.1_1	GCF_022370635.2_WP_275564564.1	52.368	419	635	89	380	173	2	43	416	246	623	0.0	544
lcl|NC_017455.1_prot_WP_014554119.1_1	GCF_022175585.1_WP_023868621.1	53.003	419	620	90	383	172	2	43	419	235	615	0.0	544
lcl|NC_017455.1_prot_WP_014554119.1_1	GCF_018363015.1_WP_235733382.1	51.295	419	667	90	386	177	2	43	419	279	662	0.0	544
lcl|NC_017455.1_prot_WP_014554119.1_1	GCF_003574965.1_WP_119446186.1	57.221	419	707	87	367	155	1	50	414	340	706	0.0	544
lcl|NC_017455.1_prot_WP_014554119.1_1	GCF_001655245.1_WP_040541574.1	52.356	419	702	89	382	171	2	43	415	314	693	0.0	544
lcl|NC_017455.1_prot_WP_014554119.1_1	GCF_000016985.1_WP_011971461.1	59.126	419	477	93	389	158	1	27	415	88	475	0.0	544
lcl|NC_017455.1_prot_WP_014554119.1_1	GCF_025215495.1_WP_090586970.1	52.094	419	641	89	382	173	2	43	416	253	632	0.0	543
lcl|NC_017455.1_prot_WP_014554119.1_1	GCF_022845715.1_WP_244412101.1	56.204	419	643	98	411	177	3	3	412	219	627	0.0	543
lcl|NC_017455.1_prot_WP_014554119.1_1	GCF_021919345.1_WP_189075153.1	53.003	419	713	89	383	169	2	43	416	323	703	0.0	543
lcl|NC_017455.1_prot_WP_014554119.1_1	GCF_019456675.1_WP_220045762.1	52.368	419	634	89	380	173	2	43	416	245	622	0.0	543
lcl|NC_017455.1_prot_WP_014554119.1_1	GCF_017357445.1_WP_069695149.1	52.742	419	719	89	383	170	2	43	416	329	709	0.0	543
lcl|NC_017455.1_prot_WP_014554119.1_1	GCF_013364095.1_WP_019435870.1	52.770	419	671	90	379	174	2	43	418	289	665	0.0	543
lcl|NC_017455.1_prot_WP_014554119.1_1	GCF_011046975.1_WP_241244969.1	53.543	419	763	90	381	170	2	43	418	371	749	0.0	543
lcl|NC_017455.1_prot_WP_014554119.1_1	GCF_010727325.1_WP_163668767.1	52.083	419	675	89	384	172	2	43	416	286	667	0.0	543
lcl|NC_017455.1_prot_WP_014554119.1_1	GCF_010726505.1_WP_193465712.1	52.219	419	688	90	383	175	2	43	419	304	684	0.0	543
lcl|NC_017455.1_prot_WP_014554119.1_1	GCF_003815915.1_WP_076557210.1	56.873	419	621	88	371	157	2	47	415	252	621	0.0	543
lcl|NC_017455.1_prot_WP_014554119.1_1	GCF_000723425.2_WP_020730037.1	52.480	419	621	90	383	174	2	43	419	236	616	0.0	543
lcl|NC_017455.1_prot_WP_014554119.1_1	GCF_000439775.1_WP_011450223.1	52.370	419	452	99	422	192	3	1	414	31	451	0.0	543
lcl|NC_017455.1_prot_WP_014554119.1_1	GCF_000021545.1_WP_012673513.1	54.545	419	422	99	418	185	3	2	415	6	422	0.0	543
lcl|NC_017455.1_prot_WP_014554119.1_1	GCF_000019085.1_WP_012268725.1	18.894	419	437	97	434	308	11	12	419	1	416	0.0	543
lcl|NC_017455.1_prot_WP_014554119.1_1	GCF_021378605.1_WP_009608903.1	55.961	419	546	98	411	178	3	3	412	122	530	0.0	543
lcl|NC_017455.1_prot_WP_014554119.1_1	GCF_016599835.1_WP_034869952.1	56.873	419	584	88	371	157	2	47	415	215	584	0.0	543
lcl|NC_017455.1_prot_WP_014554119.1_1	GCF_010727605.1_WP_101528545.1	52.219	419	625	90	383	175	2	43	419	240	620	0.0	543
lcl|NC_017455.1_prot_WP_014554119.1_1	GCF_003815995.1_WP_079463661.1	56.604	419	631	88	371	158	2	47	415	262	631	0.0	543
lcl|NC_017455.1_prot_WP_014554119.1_1	GCF_003606265.1_WP_066676586.1	51.747	419	464	99	458	177	4	2	415	1	458	0.0	543
lcl|NC_017455.1_prot_WP_014554119.1_1	GCF_002023665.2_WP_009086582.1	56.604	419	584	88	371	158	2	47	415	215	584	0.0	543
lcl|NC_017455.1_prot_WP_014554119.1_1	GCF_001887285.1_WP_071919286.1	53.191	419	718	89	376	169	2	45	415	328	701	0.0	543
lcl|NC_017455.1_prot_WP_014554119.1_1	GCF_000214155.1_WP_013828237.1	52.219	419	682	90	383	175	2	43	419	298	678	0.0	543
lcl|NC_017455.1_prot_WP_014554119.1_1	GCF_000010505.1_WP_012458421.1	57.754	419	658	88	374	150	3	47	413	284	656	0.0	543
lcl|NC_017455.1_prot_WP_014554119.1_1	GCF_022374935.2_WP_046285339.1	52.219	419	669	90	383	175	2	43	419	285	665	0.0	543
lcl|NC_017455.1_prot_WP_014554119.1_1	GCF_020911865.1_WP_229983302.1	56.873	419	625	88	371	157	2	47	415	256	625	0.0	543
lcl|NC_017455.1_prot_WP_014554119.1_1	GCF_018127765.1_WP_004383571.1	52.750	419	651	93	400	176	5	28	415	253	651	0.0	543
lcl|NC_017455.1_prot_WP_014554119.1_1	GCF_014070455.1_WP_182372448.1	52.632	419	687	89	380	172	2	43	416	301	678	0.0	543
lcl|NC_017455.1_prot_WP_014554119.1_1	GCF_010731115.1_WP_061003025.1	51.688	419	660	89	385	173	2	43	416	270	652	0.0	543
lcl|NC_017455.1_prot_WP_014554119.1_1	GCF_010730355.1_WP_085220953.1	52.480	419	627	90	383	174	2	43	419	242	622	0.0	543
lcl|NC_017455.1_prot_WP_014554119.1_1	GCF_010725485.1_WP_163766725.1	52.493	419	675	89	381	171	2	43	415	288	666	0.0	543
lcl|NC_017455.1_prot_WP_014554119.1_1	GCF_002982135.1_WP_057773251.1	56.280	419	430	99	414	180	1	1	414	4	416	0.0	543
lcl|NC_017455.1_prot_WP_014554119.1_1	GCF_000993785.3_WP_030733570.1	53.034	419	665	90	379	173	2	43	418	283	659	0.0	543
lcl|NC_017455.1_prot_WP_014554119.1_1	GCF_000439775.1_WP_011451135.1	52.370	419	443	99	422	192	3	1	414	22	442	0.0	543
lcl|NC_017455.1_prot_WP_014554119.1_1	GCF_000092865.1_WP_013116297.1	51.813	419	658	90	386	175	2	43	419	260	643	0.0	543
lcl|NC_017455.1_prot_WP_014554119.1_1	GCF_000016545.1_WP_011916798.1	19.953	419	431	96	426	298	11	19	419	4	411	0.0	543
lcl|NC_017455.1_prot_WP_014554119.1_1	GCF_900637985.1_WP_126499859.1	55.263	419	657	89	380	163	2	41	415	272	649	0.0	542
lcl|NC_017455.1_prot_WP_014554119.1_1	GCF_020736005.1_WP_036458452.1	52.219	419	621	90	383	175	2	43	419	237	617	0.0	542
lcl|NC_017455.1_prot_WP_014554119.1_1	GCF_018316795.1_WP_212641315.1	54.400	419	663	89	375	166	2	45	416	285	657	0.0	542
lcl|NC_017455.1_prot_WP_014554119.1_1	GCF_016894325.1_WP_204677102.1	51.309	419	819	90	382	178	2	43	418	437	816	0.0	542
lcl|NC_017455.1_prot_WP_014554119.1_1	GCF_016756055.1_WP_008254784.1	52.219	419	622	90	383	175	2	43	419	238	618	0.0	542
lcl|NC_017455.1_prot_WP_014554119.1_1	GCF_003627075.1_WP_120763152.1	53.298	419	658	89	379	169	2	46	418	267	643	0.0	542
lcl|NC_017455.1_prot_WP_014554119.1_1	GCF_002993285.1_WP_105943797.1	52.094	419	621	89	382	171	2	45	416	234	613	0.0	542
lcl|NC_017455.1_prot_WP_014554119.1_1	GCF_002327205.1_WP_021876615.1	51.991	419	464	97	452	173	4	2	409	1	452	0.0	542
lcl|NC_017455.1_prot_WP_014554119.1_1	GCF_002214625.1_WP_233497241.1	51.659	419	443	99	422	195	3	1	414	22	442	0.0	542
lcl|NC_017455.1_prot_WP_014554119.1_1	GCF_000632965.1_WP_006011793.1	52.844	419	483	99	422	190	4	1	414	62	482	0.0	542
lcl|NC_017455.1_prot_WP_014554119.1_1	GCF_000012565.1_WP_011304911.1	52.844	419	469	99	422	190	3	1	414	48	468	0.0	542
lcl|NC_017455.1_prot_WP_014554119.1_1	GCF_021922925.1_WP_237581576.1	54.068	419	823	90	381	168	2	43	418	426	804	0.0	542
lcl|NC_017455.1_prot_WP_014554119.1_1	GCF_020809405.1_WP_074919770.1	60.882	419	529	87	363	141	1	52	414	168	529	0.0	542
lcl|NC_017455.1_prot_WP_014554119.1_1	GCF_020735445.1_WP_006846573.1	55.676	419	743	87	370	159	3	49	414	374	742	0.0	542
lcl|NC_017455.1_prot_WP_014554119.1_1	GCF_018623035.1_WP_214765679.1	51.421	419	693	90	387	176	2	43	419	295	679	0.0	542
lcl|NC_017455.1_prot_WP_014554119.1_1	GCF_015500095.1_WP_195170760.1	57.349	419	430	98	415	170	2	2	410	1	414	0.0	542
lcl|NC_017455.1_prot_WP_014554119.1_1	GCF_011462075.1_WP_165883137.1	52.105	419	657	89	380	173	2	46	418	271	648	0.0	542
lcl|NC_017455.1_prot_WP_014554119.1_1	GCF_010731775.1_WP_083094322.1	52.480	419	646	90	383	174	2	43	419	261	641	0.0	542
lcl|NC_017455.1_prot_WP_014554119.1_1	GCF_010731635.1_WP_083085101.1	52.480	419	598	90	383	174	2	43	419	214	594	0.0	542
lcl|NC_017455.1_prot_WP_014554119.1_1	GCF_009914535.1_WP_213250029.1	53.600	419	622	88	375	166	2	46	414	240	612	0.0	542
lcl|NC_017455.1_prot_WP_014554119.1_1	GCF_009708215.1_WP_154795127.1	52.618	419	720	89	382	172	2	45	419	332	711	0.0	542
lcl|NC_017455.1_prot_WP_014554119.1_1	GCF_008705175.1_WP_039772945.1	55.062	419	480	96	405	174	3	13	415	79	477	0.0	542
lcl|NC_017455.1_prot_WP_014554119.1_1	GCF_006349365.1_WP_139948935.1	52.493	419	660	90	381	175	2	43	419	278	656	0.0	542
lcl|NC_017455.1_prot_WP_014554119.1_1	GCF_001642655.1_WP_017751757.1	58.630	419	492	87	365	149	2	47	409	110	474	0.0	542
lcl|NC_017455.1_prot_WP_014554119.1_1	GCF_000755585.2_WP_044571645.1	52.604	419	755	89	384	170	2	43	416	364	745	0.0	542
lcl|NC_017455.1_prot_WP_014554119.1_1	GCF_010729105.1_WP_085255471.1	53.003	419	611	90	383	172	2	43	419	226	606	0.0	541
lcl|NC_017455.1_prot_WP_014554119.1_1	GCF_009856525.1_WP_237111358.1	51.282	419	503	99	429	194	5	1	415	72	499	0.0	541
lcl|NC_017455.1_prot_WP_014554119.1_1	GCF_008152325.1_WP_148809432.1	18.287	419	435	97	432	308	11	15	419	2	415	0.0	541
lcl|NC_017455.1_prot_WP_014554119.1_1	GCF_003932995.1_WP_125240523.1	53.034	419	694	89	379	170	2	46	418	309	685	0.0	541
lcl|NC_017455.1_prot_WP_014554119.1_1	GCF_003268655.1_WP_113718653.1	52.604	419	758	89	384	170	2	43	416	367	748	0.0	541
lcl|NC_017455.1_prot_WP_014554119.1_1	GCF_001444445.1_WP_025065299.1	56.216	419	664	87	370	157	3	49	414	295	663	0.0	541
lcl|NC_017455.1_prot_WP_014554119.1_1	GCF_900637655.1_WP_004374132.1	55.405	419	649	87	370	160	3	49	414	280	648	0.0	541
lcl|NC_017455.1_prot_WP_014554119.1_1	GCF_025643595.1_WP_263249196.1	53.581	419	622	89	377	169	2	43	415	240	614	0.0	541
lcl|NC_017455.1_prot_WP_014554119.1_1	GCF_018388445.1_WP_207341666.1	51.813	419	699	90	386	175	2	43	419	301	684	0.0	541
lcl|NC_017455.1_prot_WP_014554119.1_1	GCF_010729895.1_WP_085156727.1	52.094	419	684	89	382	173	2	43	416	295	674	0.0	541
lcl|NC_017455.1_prot_WP_014554119.1_1	GCF_007362295.1_WP_143982562.1	51.852	419	690	89	378	174	2	45	416	308	683	0.0	541
lcl|NC_017455.1_prot_WP_014554119.1_1	GCF_001856695.1_WP_003440721.1	60.274	419	570	87	365	144	1	52	415	201	565	0.0	541
lcl|NC_017455.1_prot_WP_014554119.1_1	GCF_000508225.1_WP_024071771.1	52.844	419	483	99	422	190	4	1	414	62	482	0.0	541
lcl|NC_017455.1_prot_WP_014554119.1_1	GCF_000222305.1_WP_014023480.1	57.212	419	515	98	416	169	4	4	413	99	511	0.0	541
lcl|NC_017455.1_prot_WP_014554119.1_1	GCF_000015305.1_WP_011781500.1	53.298	419	684	89	379	169	2	43	415	299	675	0.0	541
lcl|NC_017455.1_prot_WP_014554119.1_1	GCF_023035295.1_WP_025407893.1	56.731	419	515	98	416	171	4	4	413	99	511	0.0	541
lcl|NC_017455.1_prot_WP_014554119.1_1	GCF_020422925.2_WP_043924406.1	56.971	419	514	98	416	170	4	4	413	98	510	0.0	541
lcl|NC_017455.1_prot_WP_014554119.1_1	GCF_019668505.1_WP_025443900.1	56.490	419	514	98	416	172	4	4	413	98	510	0.0	541
lcl|NC_017455.1_prot_WP_014554119.1_1	GCF_018885085.1_WP_003437851.1	59.504	419	534	87	363	146	1	52	414	171	532	0.0	541
lcl|NC_017455.1_prot_WP_014554119.1_1	GCF_017348895.1_WP_167865801.1	56.919	419	539	90	383	153	4	31	409	153	527	0.0	541
lcl|NC_017455.1_prot_WP_014554119.1_1	GCF_010731815.2_WP_163924068.1	51.546	419	718	90	388	175	2	43	419	328	713	0.0	541
lcl|NC_017455.1_prot_WP_014554119.1_1	GCF_010728325.1_WP_163677613.1	52.770	419	676	89	379	171	2	43	415	292	668	0.0	541
lcl|NC_017455.1_prot_WP_014554119.1_1	GCF_001886875.1_WP_003412620.1	58.602	419	511	88	372	149	3	47	416	136	504	0.0	541
lcl|NC_017455.1_prot_WP_014554119.1_1	GCF_900638215.1_WP_013151376.1	54.400	419	662	89	375	166	2	45	416	284	656	0.0	540
lcl|NC_017455.1_prot_WP_014554119.1_1	GCF_900604385.1_WP_122120803.1	57.027	419	598	88	370	155	3	48	414	229	597	0.0	540
lcl|NC_017455.1_prot_WP_014554119.1_1	GCF_026642255.1_WP_267946348.1	54.133	419	680	89	375	167	2	45	416	302	674	0.0	540
lcl|NC_017455.1_prot_WP_014554119.1_1	GCF_022430545.2_WP_240262816.1	52.208	419	617	90	385	174	2	43	419	231	613	0.0	540
lcl|NC_017455.1_prot_WP_014554119.1_1	GCF_022374875.2_WP_043411296.1	52.756	419	682	89	381	170	2	43	415	295	673	0.0	540
lcl|NC_017455.1_prot_WP_014554119.1_1	GCF_019645815.1_WP_220696072.1	51.958	419	671	90	383	176	2	43	419	287	667	0.0	540
lcl|NC_017455.1_prot_WP_014554119.1_1	GCF_010727945.1_WP_163775989.1	51.948	419	604	90	385	175	2	43	419	218	600	0.0	540
lcl|NC_017455.1_prot_WP_014554119.1_1	GCF_009734385.1_WP_197079767.1	52.770	419	659	88	379	168	3	45	413	265	642	0.0	540
lcl|NC_017455.1_prot_WP_014554119.1_1	GCF_006094275.1_WP_246049787.1	51.697	419	857	90	383	177	2	43	419	475	855	0.0	540
lcl|NC_017455.1_prot_WP_014554119.1_1	GCF_000511305.1_WP_024103701.1	52.116	419	664	89	378	173	2	45	416	282	657	0.0	540
lcl|NC_017455.1_prot_WP_014554119.1_1	GCF_000508225.1_WP_024072394.1	52.844	419	462	99	422	190	4	1	414	41	461	0.0	540
lcl|NC_017455.1_prot_WP_014554119.1_1	GCF_000340435.2_WP_054879625.1	52.219	419	611	90	383	175	2	43	419	226	606	0.0	540
lcl|NC_017455.1_prot_WP_014554119.1_1	GCF_000143725.1_WP_013243944.1	57.311	419	490	99	424	170	6	1	414	67	489	0.0	540
lcl|NC_017455.1_prot_WP_014554119.1_1	GCF_028622115.1_WP_273935486.1	52.381	419	691	89	378	174	2	46	419	310	685	0.0	540
lcl|NC_017455.1_prot_WP_014554119.1_1	GCF_021117425.1_WP_231447156.1	53.034	419	680	89	379	170	2	46	418	295	671	0.0	540
lcl|NC_017455.1_prot_WP_014554119.1_1	GCF_020735565.1_WP_227961081.1	56.486	419	665	87	370	156	3	49	414	296	664	0.0	540
lcl|NC_017455.1_prot_WP_014554119.1_1	GCF_010731895.1_WP_163746237.1	52.493	419	664	89	381	172	2	43	416	273	651	0.0	540
lcl|NC_017455.1_prot_WP_014554119.1_1	GCF_010731835.1_WP_275080522.1	51.948	419	618	90	385	175	2	43	419	231	613	0.0	540
lcl|NC_017455.1_prot_WP_014554119.1_1	GCF_010731755.1_WP_083027845.1	51.429	419	674	90	385	177	2	43	419	288	670	0.0	540
lcl|NC_017455.1_prot_WP_014554119.1_1	GCF_009914515.1_WP_083836963.1	53.191	419	615	88	376	168	2	45	414	232	605	0.0	540
lcl|NC_017455.1_prot_WP_014554119.1_1	GCF_003628755.1_WP_082771206.1	56.716	419	533	95	402	164	4	14	413	120	513	0.0	540
lcl|NC_017455.1_prot_WP_014554119.1_1	GCF_001702215.1_WP_014214740.1	56.250	419	428	99	416	181	1	1	416	4	418	0.0	540
lcl|NC_017455.1_prot_WP_014554119.1_1	GCF_001692755.1_WP_003517953.1	18.161	419	437	97	435	311	11	12	419	1	417	0.0	540
lcl|NC_017455.1_prot_WP_014554119.1_1	GCF_000763575.1_WP_049685266.1	19.816	419	437	97	434	304	11	12	419	1	416	0.0	540
lcl|NC_017455.1_prot_WP_014554119.1_1	GCF_000632965.1_WP_044147641.1	52.607	419	462	99	422	191	3	1	414	41	461	0.0	540
lcl|NC_017455.1_prot_WP_014554119.1_1	GCF_000473995.1_WP_022743807.1	57.069	419	488	92	389	155	4	25	409	101	481	0.0	540
lcl|NC_017455.1_prot_WP_014554119.1_1	GCF_000199675.1_WP_013559361.1	53.396	419	425	99	427	187	3	1	417	1	425	0.0	540
lcl|NC_017455.1_prot_WP_014554119.1_1	GCF_000196215.1_WP_004793771.1	57.212	419	515	98	416	169	4	4	413	99	511	0.0	540
lcl|NC_017455.1_prot_WP_014554119.1_1	GCF_000021565.1_WP_202944144.1	56.459	419	417	99	418	177	3	2	415	1	417	0.0	540
lcl|NC_017455.1_prot_WP_014554119.1_1	GCF_940670685.1_WP_250229663.1	61.580	419	495	87	367	137	2	50	413	119	484	0.0	540
lcl|NC_017455.1_prot_WP_014554119.1_1	GCF_020886775.1_WP_229229480.1	51.407	419	734	89	391	171	2	43	416	335	723	0.0	540
lcl|NC_017455.1_prot_WP_014554119.1_1	GCF_010728725.1_WP_083132630.1	51.688	419	585	90	385	176	2	43	419	199	581	0.0	540
lcl|NC_017455.1_prot_WP_014554119.1_1	GCF_003860565.1_WP_069800053.1	57.143	419	600	88	371	156	2	47	415	231	600	0.0	540
lcl|NC_017455.1_prot_WP_014554119.1_1	GCF_002006355.2_WP_242951563.1	61.773	419	512	86	361	136	1	46	404	138	498	0.0	540
lcl|NC_017455.1_prot_WP_014554119.1_1	GCF_001936295.1_WP_075551939.1	57.212	419	515	98	416	169	4	4	413	99	511	0.0	540
lcl|NC_017455.1_prot_WP_014554119.1_1	GCF_001936255.1_WP_025419441.1	56.490	419	514	98	416	172	4	4	413	98	510	0.0	540
lcl|NC_017455.1_prot_WP_014554119.1_1	GCF_001596155.1_WP_068342088.1	55.376	419	752	88	372	164	1	45	414	380	751	0.0	540
lcl|NC_017455.1_prot_WP_014554119.1_1	GCF_000022325.1_WP_015908508.1	19.484	419	431	96	426	300	11	19	419	4	411	0.0	540
lcl|NC_017455.1_prot_WP_014554119.1_1	GCF_000021285.1_WP_012580366.1	55.932	419	421	98	413	180	2	3	414	8	419	0.0	540
lcl|NC_017455.1_prot_WP_014554119.1_1	GCF_000013345.1_WP_217494683.1	55.291	419	685	89	378	163	2	43	416	305	680	0.0	540
lcl|NC_017455.1_prot_WP_014554119.1_1	GCF_900476255.1_WP_023935708.1	56.533	419	679	88	375	155	3	47	414	305	678	0.0	539
lcl|NC_017455.1_prot_WP_014554119.1_1	GCF_026571835.1_WP_015055413.1	57.212	419	515	98	416	169	4	4	413	99	511	0.0	539
lcl|NC_017455.1_prot_WP_014554119.1_1	GCF_022846375.1_WP_244363513.1	56.659	419	426	98	413	177	2	2	413	12	423	0.0	539
lcl|NC_017455.1_prot_WP_014554119.1_1	GCF_022059885.1_WP_006437283.1	52.632	419	666	89	380	172	2	43	416	280	657	0.0	539
lcl|NC_017455.1_prot_WP_014554119.1_1	GCF_017301615.1_WP_206707216.1	20.602	419	437	97	432	299	11	14	419	4	417	0.0	539
lcl|NC_017455.1_prot_WP_014554119.1_1	GCF_009911795.1_WP_160672039.1	52.480	419	751	89	383	171	2	43	416	361	741	0.0	539
lcl|NC_017455.1_prot_WP_014554119.1_1	GCF_006542645.1_WP_141418006.1	56.216	419	583	88	370	158	3	48	414	214	582	0.0	539
lcl|NC_017455.1_prot_WP_014554119.1_1	GCF_003999335.1_WP_127364258.1	53.421	419	682	89	380	168	2	46	418	296	673	0.0	539
lcl|NC_017455.1_prot_WP_014554119.1_1	GCF_001561955.1_WP_066053220.1	48.922	419	477	98	464	181	3	5	413	3	465	0.0	539
lcl|NC_017455.1_prot_WP_014554119.1_1	GCF_000184435.1_WP_013471177.1	52.618	419	696	89	382	170	2	43	415	308	687	0.0	539
lcl|NC_017455.1_prot_WP_014554119.1_1	GCF_000019705.1_WP_012537995.1	56.490	419	514	98	416	172	4	4	413	98	510	0.0	539
lcl|NC_017455.1_prot_WP_014554119.1_1	GCF_020412445.1_WP_226236541.1	51.813	419	676	90	386	175	2	43	419	279	662	0.0	539
lcl|NC_017455.1_prot_WP_014554119.1_1	GCF_020138775.1_WP_003452426.1	61.708	419	486	86	363	137	2	50	410	114	476	0.0	539
lcl|NC_017455.1_prot_WP_014554119.1_1	GCF_013460375.1_WP_011154824.1	52.607	419	478	99	422	191	4	1	414	57	477	0.0	539
lcl|NC_017455.1_prot_WP_014554119.1_1	GCF_011617705.1_WP_166825246.1	53.158	419	666	89	380	169	2	46	418	280	657	0.0	539
lcl|NC_017455.1_prot_WP_014554119.1_1	GCF_010731715.1_WP_163793285.1	51.958	419	620	90	383	176	2	43	419	235	615	0.0	539
lcl|NC_017455.1_prot_WP_014554119.1_1	GCF_010731655.1_WP_083170172.1	52.742	419	608	90	383	173	2	43	419	223	603	0.0	539
lcl|NC_017455.1_prot_WP_014554119.1_1	GCF_010730575.1_WP_085268972.1	52.219	419	620	90	383	175	2	43	419	235	615	0.0	539
lcl|NC_017455.1_prot_WP_014554119.1_1	GCF_008931845.1_WP_151551525.1	56.971	419	515	98	416	170	4	4	413	99	511	0.0	539
lcl|NC_017455.1_prot_WP_014554119.1_1	GCF_003312875.1_WP_113694172.1	52.646	419	673	89	378	173	2	43	416	291	666	0.0	539
lcl|NC_017455.1_prot_WP_014554119.1_1	GCF_001889125.1_WP_272481991.1	52.332	419	633	89	386	168	2	45	416	238	621	0.0	539
lcl|NC_017455.1_prot_WP_014554119.1_1	GCF_001678905.1_WP_065248024.1	51.256	419	630	89	398	167	2	43	415	225	620	0.0	539
lcl|NC_017455.1_prot_WP_014554119.1_1	GCF_000147695.2_WP_003869171.1	19.159	419	436	96	428	302	11	18	419	6	415	0.0	539
lcl|NC_017455.1_prot_WP_014554119.1_1	GCF_000058485.1_WP_256789412.1	54.233	419	716	89	378	167	2	43	416	336	711	0.0	539
lcl|NC_017455.1_prot_WP_014554119.1_1	GCF_024734405.1_WP_224960377.1	52.785	419	657	89	377	172	2	43	415	274	648	0.0	538
lcl|NC_017455.1_prot_WP_014554119.1_1	GCF_023195815.2_WP_248417067.1	56.901	419	422	99	413	177	1	3	415	5	416	0.0	538
lcl|NC_017455.1_prot_WP_014554119.1_1	GCF_018127825.1_WP_211795640.1	54.839	419	679	88	372	163	3	47	414	308	678	0.0	538
lcl|NC_017455.1_prot_WP_014554119.1_1	GCF_015710575.1_WP_199255406.1	51.571	419	690	89	382	175	3	43	416	302	681	0.0	538
lcl|NC_017455.1_prot_WP_014554119.1_1	GCF_014697215.1_WP_190821608.1	51.706	419	653	90	381	178	2	43	419	271	649	0.0	538
lcl|NC_017455.1_prot_WP_014554119.1_1	GCF_013466425.1_WP_180914716.1	51.832	419	638	89	382	174	2	46	419	254	633	0.0	538
lcl|NC_017455.1_prot_WP_014554119.1_1	GCF_011405655.1_WP_173112623.1	53.883	419	671	98	412	187	3	5	415	247	656	0.0	538
lcl|NC_017455.1_prot_WP_014554119.1_1	GCF_010730745.1_WP_083073496.1	52.219	419	610	90	383	175	2	43	419	225	605	0.0	538
lcl|NC_017455.1_prot_WP_014554119.1_1	GCF_010725885.1_WP_115280144.1	51.309	419	668	89	382	176	2	43	416	280	659	0.0	538
lcl|NC_017455.1_prot_WP_014554119.1_1	GCF_002356315.1_WP_096441796.1	51.958	419	622	90	383	176	2	43	419	237	617	0.0	538
lcl|NC_017455.1_prot_WP_014554119.1_1	GCF_000512145.1_WP_025375265.1	56.971	419	514	98	416	170	4	4	413	98	510	0.0	538
lcl|NC_017455.1_prot_WP_014554119.1_1	GCF_000454025.1_WP_013229539.1	52.533	419	667	89	375	172	2	46	416	287	659	0.0	538
lcl|NC_017455.1_prot_WP_014554119.1_1	GCF_000404185.1_WP_003854867.1	52.507	419	760	88	379	169	2	45	413	367	744	0.0	538
lcl|NC_017455.1_prot_WP_014554119.1_1	GCF_000166775.1_WP_013429521.1	19.249	419	431	96	426	301	11	19	419	4	411	0.0	538
lcl|NC_017455.1_prot_WP_014554119.1_1	GCF_000166695.1_WP_013431806.1	19.484	419	431	96	426	300	11	19	419	4	411	0.0	538
lcl|NC_017455.1_prot_WP_014554119.1_1	GCF_000010265.1_WP_012104032.1	57.143	419	484	90	378	154	3	31	406	95	466	0.0	538
lcl|NC_017455.1_prot_WP_014554119.1_1	GCF_940677205.1_WP_250277657.1	50.000	419	455	96	446	179	5	6	409	2	445	0.0	538
lcl|NC_017455.1_prot_WP_014554119.1_1	GCF_907163105.1_WP_213197005.1	56.873	419	600	88	371	157	2	47	415	231	600	0.0	538
lcl|NC_017455.1_prot_WP_014554119.1_1	GCF_900187145.1_WP_085261891.1	51.832	419	671	89	382	174	2	46	419	288	667	0.0	538
lcl|NC_017455.1_prot_WP_014554119.1_1	GCF_010729485.1_WP_085133772.1	51.958	419	695	90	383	176	2	43	419	311	691	0.0	538
lcl|NC_017455.1_prot_WP_014554119.1_1	GCF_010728525.1_WP_198967660.1	51.697	419	621	90	383	177	2	43	419	236	616	0.0	538
lcl|NC_017455.1_prot_WP_014554119.1_1	GCF_005577435.1_WP_138227786.1	20.460	419	439	97	435	301	11	12	419	1	417	0.0	538
lcl|NC_017455.1_prot_WP_014554119.1_1	GCF_004785625.2_WP_112224389.1	18.676	419	440	95	423	299	11	24	419	12	416	0.0	538
lcl|NC_017455.1_prot_WP_014554119.1_1	GCF_003614435.1_WP_242460521.1	52.742	419	664	90	383	173	2	43	419	279	659	0.0	538
lcl|NC_017455.1_prot_WP_014554119.1_1	GCF_003600355.1_WP_119969895.1	59.030	419	502	88	371	150	2	47	415	123	493	0.0	538
lcl|NC_017455.1_prot_WP_014554119.1_1	GCF_003149515.1_WP_109656413.1	55.108	419	752	88	372	165	1	45	414	380	751	0.0	538
lcl|NC_017455.1_prot_WP_014554119.1_1	GCF_002949635.1_WP_104362168.1	52.646	419	651	89	378	171	2	45	416	269	644	0.0	538
lcl|NC_017455.1_prot_WP_014554119.1_1	GCF_001941445.1_WP_245797322.1	53.083	419	642	87	373	166	2	49	413	255	626	0.0	538
lcl|NC_017455.1_prot_WP_014554119.1_1	GCF_001941345.1_WP_075723029.1	53.989	419	717	88	376	163	2	47	413	327	701	0.0	538
lcl|NC_017455.1_prot_WP_014554119.1_1	GCF_001887245.1_WP_071893332.1	52.507	419	780	89	379	172	2	44	416	396	772	0.0	538
lcl|NC_017455.1_prot_WP_014554119.1_1	GCF_000597865.1_WP_025435646.1	19.630	419	437	97	433	303	11	14	419	2	416	0.0	538
lcl|NC_017455.1_prot_WP_014554119.1_1	GCF_000024865.1_WP_012888387.1	57.754	419	704	89	374	153	2	46	416	326	697	0.0	538
lcl|NC_017455.1_prot_WP_014554119.1_1	GCF_023515995.1_WP_219067102.1	52.480	419	612	90	383	174	2	43	419	228	608	0.0	538
lcl|NC_017455.1_prot_WP_014554119.1_1	GCF_023035875.1_WP_247065412.1	56.971	419	514	98	416	170	4	4	413	98	510	0.0	538
lcl|NC_017455.1_prot_WP_014554119.1_1	GCF_010731535.1_WP_085158686.1	52.742	419	592	90	383	173	2	43	419	207	587	0.0	538
lcl|NC_017455.1_prot_WP_014554119.1_1	GCF_010726645.1_WP_098006218.1	52.231	419	661	89	381	172	2	43	415	274	652	0.0	538
lcl|NC_017455.1_prot_WP_014554119.1_1	GCF_004011905.1_WP_127963335.1	52.368	419	681	89	380	173	2	43	416	295	672	0.0	538
lcl|NC_017455.1_prot_WP_014554119.1_1	GCF_002209125.2_WP_088607016.1	52.646	419	660	89	378	171	2	45	416	278	653	0.0	538
lcl|NC_017455.1_prot_WP_014554119.1_1	GCF_000828615.1_WP_041066971.1	21.296	419	462	97	432	297	11	14	419	17	431	0.0	538
lcl|NC_017455.1_prot_WP_014554119.1_1	GCF_000250635.1_WP_245538682.1	55.200	419	580	89	375	163	3	44	414	206	579	0.0	538
lcl|NC_017455.1_prot_WP_014554119.1_1	GCF_024734075.1_WP_160903325.1	52.105	419	683	89	380	174	2	43	416	298	675	0.0	537
lcl|NC_017455.1_prot_WP_014554119.1_1	GCF_022370755.2_WP_240173361.1	52.770	419	656	89	379	169	2	46	416	272	648	0.0	537
lcl|NC_017455.1_prot_WP_014554119.1_1	GCF_014490055.1_WP_101377110.1	51.706	419	641	90	381	178	2	43	419	259	637	0.0	537
lcl|NC_017455.1_prot_WP_014554119.1_1	GCF_010731595.1_WP_232075528.1	52.742	419	593	90	383	173	2	43	419	208	588	0.0	537
lcl|NC_017455.1_prot_WP_014554119.1_1	GCF_010728925.1_WP_163689906.1	52.356	419	639	89	382	172	2	43	416	252	631	0.0	537
lcl|NC_017455.1_prot_WP_014554119.1_1	GCF_005473905.2_WP_190530505.1	18.894	419	434	97	434	306	12	12	419	1	414	0.0	537
lcl|NC_017455.1_prot_WP_014554119.1_1	GCF_004684245.1_WP_135256296.1	56.174	419	427	98	413	179	2	2	413	13	424	0.0	537
lcl|NC_017455.1_prot_WP_014554119.1_1	GCF_003721155.3_WP_225985810.1	53.403	419	661	88	382	164	3	46	415	270	649	0.0	537
lcl|NC_017455.1_prot_WP_014554119.1_1	GCF_001293125.1_WP_053961528.1	53.927	419	634	89	382	166	2	45	418	249	628	0.0	537
lcl|NC_017455.1_prot_WP_014554119.1_1	GCF_000725405.1_WP_038567358.1	52.105	419	698	89	380	174	2	43	416	311	688	0.0	537
lcl|NC_017455.1_prot_WP_014554119.1_1	GCF_000166355.1_WP_013402534.1	19.484	419	431	96	426	300	11	19	419	4	411	0.0	537
lcl|NC_017455.1_prot_WP_014554119.1_1	GCF_020923435.1_WP_230045822.1	19.310	419	441	97	435	306	11	12	419	1	417	0.0	537
lcl|NC_017455.1_prot_WP_014554119.1_1	GCF_019456655.1_WP_073858284.1	51.958	419	672	89	383	172	2	43	415	282	662	0.0	537
lcl|NC_017455.1_prot_WP_014554119.1_1	GCF_018324685.1_WP_030448047.1	54.377	419	658	89	377	166	2	43	415	279	653	0.0	537
lcl|NC_017455.1_prot_WP_014554119.1_1	GCF_008728635.1_WP_151087775.1	55.108	419	718	88	372	165	1	45	414	346	717	0.0	537
lcl|NC_017455.1_prot_WP_014554119.1_1	GCF_004798685.1_WP_136225449.1	52.344	419	718	89	384	172	2	45	419	323	704	0.0	537
lcl|NC_017455.1_prot_WP_014554119.1_1	GCF_001953955.1_WP_028905218.1	55.405	419	679	87	370	160	3	49	414	310	678	0.0	537
lcl|NC_017455.1_prot_WP_014554119.1_1	GCF_001735765.2_WP_069678747.1	57.368	419	487	90	380	154	3	32	409	97	470	0.0	537
lcl|NC_017455.1_prot_WP_014554119.1_1	GCF_001421015.2_WP_060534437.1	18.851	419	439	97	435	308	12	12	419	1	417	0.0	537
lcl|NC_017455.1_prot_WP_014554119.1_1	GCF_001302565.1_WP_060701284.1	51.309	419	752	90	382	178	2	43	418	370	749	0.0	537
lcl|NC_017455.1_prot_WP_014554119.1_1	GCF_000968375.1_WP_029159233.1	58.904	419	504	87	365	148	2	47	409	125	489	0.0	537
lcl|NC_017455.1_prot_WP_014554119.1_1	GCF_000144645.1_WP_013275899.1	18.913	419	439	95	423	298	11	24	419	13	417	0.0	537
lcl|NC_017455.1_prot_WP_014554119.1_1	GCF_000012085.2_WP_011772184.1	56.971	419	514	98	416	170	4	4	413	98	510	0.0	537
lcl|NC_017455.1_prot_WP_014554119.1_1	GCF_000009805.1_WP_011207582.1	53.175	419	681	89	378	169	2	45	416	299	674	0.0	537
lcl|NC_017455.1_prot_WP_014554119.1_1	GCF_019334125.1_WP_219111109.1	52.910	419	704	89	378	170	2	45	416	322	697	0.0	536
lcl|NC_017455.1_prot_WP_014554119.1_1	GCF_019222765.1_WP_218474383.1	52.646	419	714	89	378	171	2	45	416	332	707	0.0	536
lcl|NC_017455.1_prot_WP_014554119.1_1	GCF_017948325.1_WP_210605302.1	53.158	419	689	89	380	169	2	46	418	303	680	0.0	536
lcl|NC_017455.1_prot_WP_014554119.1_1	GCF_017354945.1_WP_207353961.1	19.590	419	447	99	439	307	13	7	419	5	423	0.0	536
lcl|NC_017455.1_prot_WP_014554119.1_1	GCF_013460375.1_WP_180810812.1	52.370	419	458	99	422	192	4	1	414	37	457	0.0	536
lcl|NC_017455.1_prot_WP_014554119.1_1	GCF_011617465.1_WP_167195755.1	53.158	419	675	89	380	169	2	46	418	289	666	0.0	536
lcl|NC_017455.1_prot_WP_014554119.1_1	GCF_010731615.1_WP_083029104.1	52.083	419	626	89	384	172	2	43	416	237	618	0.0	536
lcl|NC_017455.1_prot_WP_014554119.1_1	GCF_008365275.1_WP_149326284.1	53.298	419	706	89	379	169	2	46	418	319	695	0.0	536
lcl|NC_017455.1_prot_WP_014554119.1_1	GCF_003945345.1_WP_125656447.1	19.222	419	441	98	437	308	12	10	419	1	419	0.0	536
lcl|NC_017455.1_prot_WP_014554119.1_1	GCF_003096175.1_WP_032078588.1	58.904	419	498	87	365	148	2	47	409	119	483	0.0	536
lcl|NC_017455.1_prot_WP_014554119.1_1	GCF_002240355.1_WP_091806805.1	53.067	419	653	89	375	170	2	46	416	274	646	0.0	536
lcl|NC_017455.1_prot_WP_014554119.1_1	GCF_001999905.1_WP_077590023.1	19.622	419	438	95	423	295	11	24	419	12	416	0.0	536
lcl|NC_017455.1_prot_WP_014554119.1_1	GCF_000328705.1_WP_041315266.1	51.852	419	678	89	378	176	2	46	419	299	674	0.0	536
lcl|NC_017455.1_prot_WP_014554119.1_1	GCF_000195955.2_NP_215813.1	52.480	419	602	90	383	174	2	43	419	217	597	0.0	536
lcl|NC_017455.1_prot_WP_014554119.1_1	GCF_000195335.1_WP_013704017.1	57.143	419	426	98	413	175	2	2	413	12	423	0.0	536
lcl|NC_017455.1_prot_WP_014554119.1_1	GCF_900155645.1_WP_076388159.1	53.906	419	565	91	384	172	2	39	419	182	563	0.0	536
lcl|NC_017455.1_prot_WP_014554119.1_1	GCF_022845615.1_WP_244401244.1	55.946	419	653	87	370	155	3	52	414	284	652	0.0	536
lcl|NC_017455.1_prot_WP_014554119.1_1	GCF_018388465.1_WP_208290421.1	52.742	419	704	89	383	170	2	46	419	322	702	0.0	536
lcl|NC_017455.1_prot_WP_014554119.1_1	GCF_016313185.1_WP_193048293.1	52.243	419	687	89	379	173	2	43	415	302	678	0.0	536
lcl|NC_017455.1_prot_WP_014554119.1_1	GCF_010731575.1_WP_083045390.1	53.034	419	661	89	379	168	2	45	415	276	652	0.0	536
lcl|NC_017455.1_prot_WP_014554119.1_1	GCF_004015185.1_WP_128212232.1	58.656	419	495	92	387	152	3	31	415	107	487	0.0	536
lcl|NC_017455.1_prot_WP_014554119.1_1	GCF_003952225.1_WP_126016339.1	18.764	419	444	98	437	310	11	10	419	1	419	0.0	536
lcl|NC_017455.1_prot_WP_014554119.1_1	GCF_003253775.1_WP_012634428.1	52.219	419	610	90	383	175	2	43	419	225	605	0.0	536
lcl|NC_017455.1_prot_WP_014554119.1_1	GCF_002998295.1_WP_106012287.1	55.882	419	644	89	374	164	1	45	418	234	606	0.0	536
lcl|NC_017455.1_prot_WP_014554119.1_1	GCF_002706795.1_WP_018670824.1	19.540	419	440	97	435	305	11	12	419	1	417	0.0	536
lcl|NC_017455.1_prot_WP_014554119.1_1	GCF_000732925.1_WP_038508904.1	51.862	419	657	89	376	175	2	45	416	276	649	0.0	536
lcl|NC_017455.1_prot_WP_014554119.1_1	GCF_000478885.1_WP_022740184.1	53.641	419	669	98	412	188	3	5	415	245	654	0.0	536
lcl|NC_017455.1_prot_WP_014554119.1_1	GCF_000208405.1_WP_006191297.1	19.630	419	475	97	433	302	11	15	419	43	457	0.0	536
lcl|NC_017455.1_prot_WP_014554119.1_1	GCF_000196455.1_WP_013361951.1	19.722	419	436	96	431	301	11	16	419	4	416	0.0	536
lcl|NC_017455.1_prot_WP_014554119.1_1	GCF_000025605.1_WP_245522250.1	58.293	419	411	96	410	164	4	10	413	1	409	0.0	536
lcl|NC_017455.1_prot_WP_014554119.1_1	GCF_901538355.1_WP_162658339.1	53.810	419	463	99	420	188	3	1	415	45	463	0.0	536
lcl|NC_017455.1_prot_WP_014554119.1_1	GCF_010729305.1_WP_179965314.1	52.493	419	660	89	381	171	2	43	415	273	651	0.0	536
lcl|NC_017455.1_prot_WP_014554119.1_1	GCF_010728155.1_WP_085188633.1	53.158	419	656	89	380	168	2	45	416	271	648	0.0	536
lcl|NC_017455.1_prot_WP_014554119.1_1	GCF_010119935.1_WP_162357110.1	18.764	419	444	98	437	310	11	10	419	1	419	0.0	536
lcl|NC_017455.1_prot_WP_014554119.1_1	GCF_009664835.1_WP_154077764.1	51.323	419	618	89	378	178	2	46	419	239	614	0.0	536
lcl|NC_017455.1_prot_WP_014554119.1_1	GCF_003606285.1_WP_120104037.1	56.220	419	513	98	418	174	4	2	413	95	509	0.0	536
lcl|NC_017455.1_prot_WP_014554119.1_1	GCF_001507645.1_WP_068192481.1	54.595	419	779	88	370	166	1	47	414	409	778	0.0	536
lcl|NC_017455.1_prot_WP_014554119.1_1	GCF_001302585.1_WP_054295217.1	52.493	419	670	90	381	175	2	43	419	288	666	0.0	536
lcl|NC_017455.1_prot_WP_014554119.1_1	GCF_001262015.1_WP_025079075.1	55.163	419	652	87	368	160	3	52	415	286	652	0.0	536
lcl|NC_017455.1_prot_WP_014554119.1_1	GCF_000309885.1_WP_016329675.1	55.690	419	426	98	413	181	2	2	413	12	423	0.0	536
lcl|NC_017455.1_prot_WP_014554119.1_1	GCF_000213235.1_WP_013778291.1	19.770	419	442	97	435	304	11	12	419	2	418	0.0	536
lcl|NC_017455.1_prot_WP_014554119.1_1	GCF_000166335.1_WP_041737690.1	19.249	419	431	96	426	301	11	19	419	4	411	0.0	536
lcl|NC_017455.1_prot_WP_014554119.1_1	GCF_000144695.1_WP_013278593.1	18.764	419	439	98	437	310	11	10	419	1	419	0.0	536
lcl|NC_017455.1_prot_WP_014554119.1_1	GCF_902702935.1_WP_155872408.1	52.895	419	680	88	380	167	2	45	413	289	667	0.0	535
lcl|NC_017455.1_prot_WP_014554119.1_1	GCF_024299005.1_WP_218194305.1	53.333	419	445	99	420	189	3	1	414	26	444	0.0	535
lcl|NC_017455.1_prot_WP_014554119.1_1	GCF_024299005.1_WP_254815701.1	53.333	419	439	99	420	189	3	1	414	20	438	0.0	535
lcl|NC_017455.1_prot_WP_014554119.1_1	GCF_023573625.1_WP_073115745.1	53.368	419	689	89	386	166	2	43	416	298	681	0.0	535
lcl|NC_017455.1_prot_WP_014554119.1_1	GCF_016865425.1_WP_203962500.1	54.111	419	673	89	377	167	2	43	415	294	668	0.0	535
lcl|NC_017455.1_prot_WP_014554119.1_1	GCF_006352065.1_WP_139929698.1	52.196	419	705	91	387	177	2	38	418	309	693	0.0	535
lcl|NC_017455.1_prot_WP_014554119.1_1	GCF_004135345.1_WP_245993382.1	52.835	419	650	90	388	170	3	43	419	254	639	0.0	535
lcl|NC_017455.1_prot_WP_014554119.1_1	GCF_003710105.1_WP_122825427.1	53.786	419	627	90	383	169	2	43	419	234	614	0.0	535
lcl|NC_017455.1_prot_WP_014554119.1_1	GCF_000943515.2_WP_044852436.1	52.394	419	680	89	376	173	2	45	416	299	672	0.0	535
lcl|NC_017455.1_prot_WP_014554119.1_1	GCF_000525635.1_WP_042223071.1	52.493	419	644	90	381	175	2	43	419	260	638	0.0	535
lcl|NC_017455.1_prot_WP_014554119.1_1	GCF_000299355.1_WP_014967745.1	18.621	419	443	97	435	309	11	12	419	5	421	0.0	535
lcl|NC_017455.1_prot_WP_014554119.1_1	GCF_000212375.1_WP_013760319.1	55.526	419	623	87	371	157	3	52	415	254	623	0.0	535
lcl|NC_017455.1_prot_WP_014554119.1_1	GCF_018885265.1_WP_216215451.1	52.128	419	688	89	376	174	2	45	416	308	681	0.0	535
lcl|NC_017455.1_prot_WP_014554119.1_1	GCF_013744875.1_WP_181583302.1	52.116	419	682	89	378	173	2	45	416	300	675	0.0	535
lcl|NC_017455.1_prot_WP_014554119.1_1	GCF_010730055.1_WP_083047765.1	52.219	419	597	90	383	175	2	43	419	212	592	0.0	535
lcl|NC_017455.1_prot_WP_014554119.1_1	GCF_007752135.1_WP_145074871.1	53.253	419	491	98	415	187	4	5	414	77	489	0.0	535
lcl|NC_017455.1_prot_WP_014554119.1_1	GCF_004102025.1_WP_103063172.1	50.765	419	701	89	392	174	2	46	419	297	687	0.0	535
lcl|NC_017455.1_prot_WP_014554119.1_1	GCF_003813985.1_WP_123933677.1	52.394	419	633	88	376	171	2	45	413	246	620	0.0	535
lcl|NC_017455.1_prot_WP_014554119.1_1	GCF_003351765.1_WP_228255283.1	52.591	419	720	88	386	165	2	47	416	328	711	0.0	535
lcl|NC_017455.1_prot_WP_014554119.1_1	GCF_002263515.1_WP_043576982.1	52.646	419	661	89	378	173	2	46	419	282	657	0.0	535
lcl|NC_017455.1_prot_WP_014554119.1_1	GCF_001042715.1_WP_044825947.1	18.851	419	436	97	435	308	11	12	419	1	417	0.0	535
lcl|NC_017455.1_prot_WP_014554119.1_1	GCF_000328545.1_WP_015311645.1	20.519	419	438	96	424	297	10	12	413	2	407	0.0	535
lcl|NC_017455.1_prot_WP_014554119.1_1	GCF_000270245.1_WP_231851480.1	53.158	419	662	90	380	173	2	43	419	282	659	0.0	535
lcl|NC_017455.1_prot_WP_014554119.1_1	GCF_000143685.1_WP_013236912.1	56.693	419	484	90	381	157	3	31	409	95	469	0.0	535
lcl|NC_017455.1_prot_WP_014554119.1_1	GCF_000062885.1_WP_143538360.1	52.116	419	604	89	378	175	2	46	419	225	600	0.0	535
lcl|NC_017455.1_prot_WP_014554119.1_1	GCF_914590485.1_WP_224055005.1	19.283	419	446	100	446	305	13	1	419	1	418	0.0	535
lcl|NC_017455.1_prot_WP_014554119.1_1	GCF_900538275.1_WP_125138406.1	57.453	419	489	87	369	153	2	50	415	116	483	0.0	535
lcl|NC_017455.1_prot_WP_014554119.1_1	GCF_024628825.1_WP_257484574.1	52.128	419	659	89	376	174	2	45	416	278	651	0.0	535
lcl|NC_017455.1_prot_WP_014554119.1_1	GCF_019645855.1_WP_071509218.1	53.034	419	607	89	379	170	2	43	415	223	599	0.0	535
lcl|NC_017455.1_prot_WP_014554119.1_1	GCF_016804345.1_WP_203011620.1	52.381	419	665	89	378	172	2	45	416	283	658	0.0	535
lcl|NC_017455.1_prot_WP_014554119.1_1	GCF_016406105.1_WP_198829638.1	19.770	419	439	97	435	303	11	12	419	1	416	0.0	535
lcl|NC_017455.1_prot_WP_014554119.1_1	GCF_014960965.1_WP_246464949.1	51.459	419	681	89	377	176	2	47	418	302	676	0.0	535
lcl|NC_017455.1_prot_WP_014554119.1_1	GCF_002243515.1_WP_094236892.1	19.767	419	441	96	430	301	11	16	419	6	417	0.0	535
lcl|NC_017455.1_prot_WP_014554119.1_1	GCF_000814825.1_WP_082019701.1	53.041	419	703	98	411	190	3	3	412	280	688	0.0	535
lcl|NC_017455.1_prot_WP_014554119.1_1	GCF_000513475.1_WP_023792643.1	54.654	419	424	99	419	184	3	2	415	1	418	0.0	535
lcl|NC_017455.1_prot_WP_014554119.1_1	GCF_000400635.2_WP_016336872.1	51.862	419	651	89	376	175	2	45	416	270	643	0.0	535
lcl|NC_017455.1_prot_WP_014554119.1_1	GCF_000227705.2_WP_015254969.1	19.294	419	441	96	425	302	10	10	411	1	407	0.0	535
lcl|NC_017455.1_prot_WP_014554119.1_1	GCF_000013165.1_WP_011451474.1	51.972	419	439	99	431	188	5	1	415	8	435	0.0	535
lcl|NC_017455.1_prot_WP_014554119.1_1	GCF_021165915.1_WP_006944379.1	52.381	419	664	89	378	172	2	45	416	282	657	0.0	534
lcl|NC_017455.1_prot_WP_014554119.1_1	GCF_020542785.1_WP_005252947.1	52.910	419	695	89	378	170	2	45	416	313	688	0.0	534
lcl|NC_017455.1_prot_WP_014554119.1_1	GCF_010731695.1_WP_134060848.1	53.050	419	670	89	377	169	2	46	416	288	662	0.0	534
lcl|NC_017455.1_prot_WP_014554119.1_1	GCF_002951935.1_WP_023484638.1	19.580	419	439	96	429	300	11	18	419	7	417	0.0	534
lcl|NC_017455.1_prot_WP_014554119.1_1	GCF_002865995.1_WP_055338264.1	60.656	419	500	87	366	143	1	52	417	135	499	0.0	534
lcl|NC_017455.1_prot_WP_014554119.1_1	GCF_001399775.1_WP_003044686.1	55.422	419	426	98	415	181	3	2	413	10	423	0.0	534
lcl|NC_017455.1_prot_WP_014554119.1_1	GCF_000340885.1_WP_015390724.1	60.942	419	500	86	361	139	2	51	409	131	491	0.0	534
lcl|NC_017455.1_prot_WP_014554119.1_1	GCF_000145215.1_WP_041742800.1	19.014	419	431	96	426	302	11	19	419	4	411	0.0	534
lcl|NC_017455.1_prot_WP_014554119.1_1	GCF_000091545.1_WP_011173142.1	56.039	419	426	98	414	178	4	2	413	12	423	0.0	534
lcl|NC_017455.1_prot_WP_014554119.1_1	GCF_000022525.1_WP_202965523.1	51.508	419	448	99	431	190	6	1	415	17	444	0.0	534
lcl|NC_017455.1_prot_WP_014554119.1_1	GCF_022370835.2_WP_240171933.1	52.493	419	659	89	381	171	2	43	415	272	650	0.0	534
lcl|NC_017455.1_prot_WP_014554119.1_1	GCF_014041935.1_WP_219851266.1	51.979	419	707	89	379	172	2	46	416	322	698	0.0	534
lcl|NC_017455.1_prot_WP_014554119.1_1	GCF_011617245.1_WP_166971381.1	53.158	419	678	89	380	169	2	46	418	292	669	0.0	534
lcl|NC_017455.1_prot_WP_014554119.1_1	GCF_009498035.1_WP_033432794.1	51.852	419	694	89	378	176	2	46	419	315	690	0.0	534
lcl|NC_017455.1_prot_WP_014554119.1_1	GCF_002162355.1_WP_087457815.1	19.484	419	441	95	426	299	11	20	419	10	417	0.0	534
lcl|NC_017455.1_prot_WP_014554119.1_1	GCF_001886715.1_WP_071926662.1	52.116	419	708	89	378	173	2	45	416	326	701	0.0	534
lcl|NC_017455.1_prot_WP_014554119.1_1	GCF_000442645.1_WP_156844723.1	53.581	419	619	88	377	165	2	46	413	228	603	0.0	534
lcl|NC_017455.1_prot_WP_014554119.1_1	GCF_000166135.1_WP_269724411.1	54.737	419	651	90	380	166	2	43	418	271	648	0.0	534
lcl|NC_017455.1_prot_WP_014554119.1_1	GCF_000157895.3_WP_023366253.1	51.948	419	619	90	385	175	2	43	419	232	614	0.0	534
lcl|NC_017455.1_prot_WP_014554119.1_1	GCF_900478115.1_WP_072700300.1	52.770	419	734	89	379	170	2	45	416	351	727	0.0	533
lcl|NC_017455.1_prot_WP_014554119.1_1	GCF_900070325.1_WP_058258889.1	50.676	419	450	98	444	185	4	6	416	4	446	0.0	533
lcl|NC_017455.1_prot_WP_014554119.1_1	GCF_023078355.1_WP_247451906.1	51.989	419	700	89	377	173	2	46	416	318	692	0.0	533
lcl|NC_017455.1_prot_WP_014554119.1_1	GCF_020735545.1_WP_227921279.1	51.862	419	673	88	376	173	2	45	414	290	663	0.0	533
lcl|NC_017455.1_prot_WP_014554119.1_1	GCF_019916025.1_WP_021434200.1	60.383	419	482	87	366	144	1	52	417	117	481	0.0	533
lcl|NC_017455.1_prot_WP_014554119.1_1	GCF_019890915.1_WP_222959121.1	53.109	419	646	89	386	167	2	43	416	255	638	0.0	533
lcl|NC_017455.1_prot_WP_014554119.1_1	GCF_016027415.1_WP_197931772.1	52.243	419	653	89	379	173	2	46	418	268	644	0.0	533
lcl|NC_017455.1_prot_WP_014554119.1_1	GCF_008000995.1_WP_235912452.1	51.596	419	701	89	376	175	2	48	418	319	692	0.0	533
lcl|NC_017455.1_prot_WP_014554119.1_1	GCF_002355155.1_WP_096455444.1	53.209	419	745	87	374	165	2	49	413	357	729	0.0	533
lcl|NC_017455.1_prot_WP_014554119.1_1	GCF_001038625.1_WP_007061652.1	58.630	419	492	87	365	149	2	47	409	113	477	0.0	533
lcl|NC_017455.1_prot_WP_014554119.1_1	GCF_000328625.1_WP_015326354.1	19.954	419	440	97	436	303	12	12	419	1	418	0.0	533
lcl|NC_017455.1_prot_WP_014554119.1_1	GCF_000024925.1_WP_012866008.1	52.468	419	751	89	385	170	3	45	418	356	738	0.0	533
lcl|NC_017455.1_prot_WP_014554119.1_1	GCF_900637185.1_WP_051719374.1	52.646	419	680	89	378	171	2	45	416	298	673	0.0	533
lcl|NC_017455.1_prot_WP_014554119.1_1	GCF_021049265.1_WP_231053084.1	51.715	419	644	89	379	176	2	45	418	265	641	0.0	533
lcl|NC_017455.1_prot_WP_014554119.1_1	GCF_016458825.1_WP_243660955.1	53.378	419	446	99	444	176	3	2	415	1	443	0.0	533
lcl|NC_017455.1_prot_WP_014554119.1_1	GCF_014805825.1_WP_191600701.1	19.451	419	439	98	437	307	12	10	419	1	419	0.0	533
lcl|NC_017455.1_prot_WP_014554119.1_1	GCF_014235185.1_WP_221775958.1	53.846	419	753	89	377	168	2	46	418	374	748	0.0	533
lcl|NC_017455.1_prot_WP_014554119.1_1	GCF_013155125.1_WP_172158729.1	53.581	419	775	89	377	169	2	46	418	396	770	0.0	533
lcl|NC_017455.1_prot_WP_014554119.1_1	GCF_011393335.1_WP_246227146.1	52.660	419	537	89	376	174	2	45	418	161	534	0.0	533
lcl|NC_017455.1_prot_WP_014554119.1_1	GCF_010365285.1_WP_162638723.1	18.993	419	444	98	437	309	11	10	419	1	419	0.0	533
lcl|NC_017455.1_prot_WP_014554119.1_1	GCF_009708005.2_WP_168731627.1	52.604	419	716	89	384	171	3	45	419	323	704	0.0	533
lcl|NC_017455.1_prot_WP_014554119.1_1	GCF_004135385.1_WP_242496482.1	52.835	419	646	90	388	170	3	43	419	250	635	0.0	533
lcl|NC_017455.1_prot_WP_014554119.1_1	GCF_002209165.2_WP_048540930.1	58.191	419	438	97	409	168	2	8	415	19	425	0.0	533
lcl|NC_017455.1_prot_WP_014554119.1_1	GCF_002080475.1_WP_070970548.1	19.080	419	437	97	435	307	11	12	419	1	417	0.0	533
lcl|NC_017455.1_prot_WP_014554119.1_1	GCF_000196455.1_WP_013362349.1	52.826	419	457	99	460	170	5	4	419	1	457	0.0	533
lcl|NC_017455.1_prot_WP_014554119.1_1	GCF_000063585.1_WP_011947979.1	50.427	419	481	98	468	172	5	1	409	1	467	0.0	533
lcl|NC_017455.1_prot_WP_014554119.1_1	GCF_000024345.1_WP_012922633.1	53.158	419	772	90	380	173	2	42	418	384	761	0.0	533
lcl|NC_017455.1_prot_WP_014554119.1_1	GCF_000014185.1_WP_011564633.1	58.602	419	498	89	372	152	2	45	415	125	495	0.0	533
lcl|NC_017455.1_prot_WP_014554119.1_1	GCF_900289045.1_WP_105187485.1	53.457	419	579	89	376	170	2	46	418	203	576	0.0	533
lcl|NC_017455.1_prot_WP_014554119.1_1	GCF_021391495.1_WP_186383304.1	52.660	419	658	89	376	172	2	45	416	278	651	0.0	533
lcl|NC_017455.1_prot_WP_014554119.1_1	GCF_019856495.1_WP_237700209.1	19.258	419	442	96	431	303	11	16	419	2	414	0.0	533
lcl|NC_017455.1_prot_WP_014554119.1_1	GCF_018604145.1_WP_087570975.1	19.907	419	442	97	432	301	11	15	419	7	420	0.0	533
lcl|NC_017455.1_prot_WP_014554119.1_1	GCF_017347585.1_WP_207180844.1	19.484	419	431	96	426	300	11	19	419	4	411	0.0	533
lcl|NC_017455.1_prot_WP_014554119.1_1	GCF_016925615.1_WP_239678032.1	53.018	419	634	90	381	173	2	43	419	255	633	0.0	533
lcl|NC_017455.1_prot_WP_014554119.1_1	GCF_016861545.1_WP_203803852.1	52.219	419	609	90	383	175	2	43	419	224	604	0.0	533
lcl|NC_017455.1_prot_WP_014554119.1_1	GCF_009688965.1_WP_155302800.1	18.692	419	439	96	428	304	10	19	419	9	419	0.0	533
lcl|NC_017455.1_prot_WP_014554119.1_1	GCF_007751715.1_WP_231746215.1	54.893	419	420	99	419	183	3	2	415	1	418	0.0	533
lcl|NC_017455.1_prot_WP_014554119.1_1	GCF_004564375.1_WP_208542978.1	52.632	419	607	90	380	175	2	42	418	224	601	0.0	533
lcl|NC_017455.1_prot_WP_014554119.1_1	GCF_003963515.1_WP_126426376.1	18.750	419	439	97	432	306	11	15	419	2	415	0.0	533
lcl|NC_017455.1_prot_WP_014554119.1_1	GCF_003515105.1_WP_075593868.1	19.863	419	444	98	438	306	13	8	419	4	422	0.0	533
lcl|NC_017455.1_prot_WP_014554119.1_1	GCF_001866075.3_WP_071318644.1	20.561	419	438	95	428	294	11	20	419	6	415	0.0	533
lcl|NC_017455.1_prot_WP_014554119.1_1	GCF_001687625.2_WP_068459849.1	20.000	419	441	97	435	303	11	12	419	1	417	0.0	533
lcl|NC_017455.1_prot_WP_014554119.1_1	GCF_000975265.2_WP_045842926.1	51.958	419	609	90	383	176	2	43	419	224	604	0.0	533
lcl|NC_017455.1_prot_WP_014554119.1_1	GCF_000550785.1_WP_025387717.1	52.926	419	741	88	376	167	2	45	411	349	723	0.0	533
lcl|NC_017455.1_prot_WP_014554119.1_1	GCF_021183645.1_WP_233065052.1	52.910	419	647	89	378	170	2	45	416	265	640	0.0	532
lcl|NC_017455.1_prot_WP_014554119.1_1	GCF_018128325.1_WP_244980221.1	52.895	419	561	90	380	174	2	42	418	180	557	0.0	532
lcl|NC_017455.1_prot_WP_014554119.1_1	GCF_006542665.1_WP_141413239.1	52.764	419	531	94	398	183	4	21	415	136	531	0.0	532
lcl|NC_017455.1_prot_WP_014554119.1_1	GCF_004103715.1_WP_071138769.1	18.621	419	446	97	435	309	11	12	419	2	418	0.0	532
lcl|NC_017455.1_prot_WP_014554119.1_1	GCF_003855095.1_WP_124707578.1	51.989	419	686	89	377	173	2	46	416	304	678	0.0	532
lcl|NC_017455.1_prot_WP_014554119.1_1	GCF_003641245.1_WP_120983023.1	52.344	419	691	89	384	169	2	43	413	293	675	0.0	532
lcl|NC_017455.1_prot_WP_014554119.1_1	GCF_003130705.1_WP_109328685.1	52.646	419	709	89	378	171	2	45	416	327	702	0.0	532
lcl|NC_017455.1_prot_WP_014554119.1_1	GCF_001021045.1_WP_236686163.1	53.600	419	618	88	375	165	2	47	413	229	602	0.0	532
lcl|NC_017455.1_prot_WP_014554119.1_1	GCF_900187215.1_WP_038589954.1	52.674	419	660	87	374	167	2	47	411	270	642	0.0	532
lcl|NC_017455.1_prot_WP_014554119.1_1	GCF_900186975.1_WP_021103423.1	56.201	419	668	90	379	161	2	43	418	289	665	0.0	532
lcl|NC_017455.1_prot_WP_014554119.1_1	GCF_900169485.1_WP_079536273.1	55.961	419	617	98	411	178	3	3	412	193	601	0.0	532
lcl|NC_017455.1_prot_WP_014554119.1_1	GCF_025137375.1_WP_259861750.1	54.593	419	666	90	381	167	2	43	419	287	665	0.0	532
lcl|NC_017455.1_prot_WP_014554119.1_1	GCF_021049285.1_WP_231066567.1	53.457	419	775	89	376	168	2	48	418	396	769	0.0	532
lcl|NC_017455.1_prot_WP_014554119.1_1	GCF_020911725.1_WP_267890564.1	49.573	419	474	99	468	182	4	2	415	1	468	0.0	532
lcl|NC_017455.1_prot_WP_014554119.1_1	GCF_017945865.1_WP_166340284.1	56.934	419	642	98	411	174	3	3	412	218	626	0.0	532
lcl|NC_017455.1_prot_WP_014554119.1_1	GCF_007747445.1_WP_261341891.1	53.125	419	418	98	416	188	4	4	413	1	415	0.0	532
lcl|NC_017455.1_prot_WP_014554119.1_1	GCF_006351925.1_WP_243122160.1	58.266	419	486	88	369	149	3	50	416	109	474	0.0	532
lcl|NC_017455.1_prot_WP_014554119.1_1	GCF_003860405.1_WP_239020494.1	54.881	419	757	89	379	165	2	45	419	377	753	0.0	532
lcl|NC_017455.1_prot_WP_014554119.1_1	GCF_000577895.1_WP_044038199.1	19.124	419	436	97	434	306	12	12	419	1	415	0.0	532
lcl|NC_017455.1_prot_WP_014554119.1_1	GCF_000550805.1_WP_025252578.1	52.895	419	669	89	380	169	2	43	413	278	656	0.0	532
lcl|NC_017455.1_prot_WP_014554119.1_1	GCF_000279145.1_WP_014856794.1	19.222	419	441	98	437	308	11	10	419	1	419	0.0	532
lcl|NC_017455.1_prot_WP_014554119.1_1	GCF_000189775.2_WP_013788103.1	19.952	419	438	94	416	293	10	18	411	8	405	0.0	532
lcl|NC_017455.1_prot_WP_014554119.1_1	GCF_000018325.1_WP_049753914.1	57.831	419	455	99	415	173	2	2	415	40	453	0.0	532
lcl|NC_017455.1_prot_WP_014554119.1_1	GCF_025264705.1_WP_033362342.1	54.856	419	710	90	381	166	2	43	419	331	709	0.0	531
lcl|NC_017455.1_prot_WP_014554119.1_1	GCF_022811645.1_WP_243514926.1	54.324	419	786	88	370	167	1	47	414	416	785	0.0	531
lcl|NC_017455.1_prot_WP_014554119.1_1	GCF_020809405.1_WP_074918577.1	19.124	419	435	97	434	306	12	12	419	1	415	0.0	531
lcl|NC_017455.1_prot_WP_014554119.1_1	GCF_018128265.1_WP_211933116.1	53.125	419	706	89	384	169	3	45	419	313	694	0.0	531
lcl|NC_017455.1_prot_WP_014554119.1_1	GCF_017569225.1_WP_227423007.1	52.742	419	710	89	383	169	2	46	418	319	699	0.0	531
lcl|NC_017455.1_prot_WP_014554119.1_1	GCF_016904155.1_WP_008369555.1	52.273	419	441	99	440	183	4	2	416	1	438	0.0	531
lcl|NC_017455.1_prot_WP_014554119.1_1	GCF_016728725.1_WP_201812848.1	52.880	419	653	88	382	166	2	45	413	257	637	0.0	531
lcl|NC_017455.1_prot_WP_014554119.1_1	GCF_006337125.1_WP_139720017.1	50.129	419	669	89	389	175	2	45	416	274	660	0.0	531
lcl|NC_017455.1_prot_WP_014554119.1_1	GCF_001659785.1_WP_067472021.1	51.938	419	662	90	387	176	3	41	419	275	659	0.0	531
lcl|NC_017455.1_prot_WP_014554119.1_1	GCF_001535545.1_WP_060384435.1	56.039	419	426	98	414	178	4	2	413	12	423	0.0	531
lcl|NC_017455.1_prot_WP_014554119.1_1	GCF_001274895.1_WP_053411871.1	53.141	419	653	88	382	165	2	45	413	257	637	0.0	531
lcl|NC_017455.1_prot_WP_014554119.1_1	GCF_000696675.2_WP_021344853.1	52.381	419	712	89	378	172	2	45	416	330	705	0.0	531
lcl|NC_017455.1_prot_WP_014554119.1_1	GCF_000215645.1_WP_041479335.1	52.742	419	706	88	383	166	3	45	413	312	693	0.0	531
lcl|NC_017455.1_prot_WP_014554119.1_1	GCF_000148645.1_WP_013344553.1	20.097	419	446	92	413	287	11	33	419	27	422	0.0	531
lcl|NC_017455.1_prot_WP_014554119.1_1	GCF_025264685.1_WP_260727390.1	54.593	419	681	90	381	167	2	43	419	302	680	0.0	531
lcl|NC_017455.1_prot_WP_014554119.1_1	GCF_014466955.1_WP_187684985.1	52.116	419	666	89	378	173	2	45	416	284	659	0.0	531
lcl|NC_017455.1_prot_WP_014554119.1_1	GCF_009363095.1_WP_076168156.1	20.230	419	439	97	435	302	11	12	419	1	417	0.0	531
lcl|NC_017455.1_prot_WP_014554119.1_1	GCF_004798665.1_WP_136192851.1	51.015	419	675	89	394	173	2	45	419	269	661	0.0	531
lcl|NC_017455.1_prot_WP_014554119.1_1	GCF_004103735.1_WP_128744589.1	50.333	419	457	99	451	186	5	2	415	1	450	0.0	531
lcl|NC_017455.1_prot_WP_014554119.1_1	GCF_002568625.1_WP_082870892.1	52.116	419	673	89	378	173	2	45	416	291	666	0.0	531
lcl|NC_017455.1_prot_WP_014554119.1_1	GCF_002356335.1_WP_096500012.1	51.706	419	636	89	381	174	2	43	415	244	622	0.0	531
lcl|NC_017455.1_prot_WP_014554119.1_1	GCF_000590555.1_WP_020976573.1	52.674	419	576	87	374	168	2	47	412	189	561	0.0	531
lcl|NC_017455.1_prot_WP_014554119.1_1	GCF_000260965.1_WP_014704903.1	19.814	419	469	96	429	300	11	18	419	19	430	0.0	531
lcl|NC_017455.1_prot_WP_014554119.1_1	GCF_000247715.1_WP_014359624.1	52.128	419	656	88	376	172	2	45	414	273	646	0.0	531
lcl|NC_017455.1_prot_WP_014554119.1_1	GCF_000024025.1_WP_012785421.1	52.880	419	668	90	382	175	2	38	416	283	662	0.0	531
lcl|NC_017455.1_prot_WP_014554119.1_1	GCF_021183565.1_WP_233034333.1	52.105	419	619	89	380	174	2	43	416	235	612	0.0	531
lcl|NC_017455.1_prot_WP_014554119.1_1	GCF_015099595.1_WP_064689459.1	52.381	419	714	89	378	172	2	45	416	332	707	0.0	531
lcl|NC_017455.1_prot_WP_014554119.1_1	GCF_014701195.1_WP_190615992.1	56.650	419	430	96	406	173	2	2	405	13	417	0.0	531
lcl|NC_017455.1_prot_WP_014554119.1_1	GCF_004208415.1_WP_129885916.1	58.865	419	422	99	423	167	2	2	418	1	422	0.0	531
lcl|NC_017455.1_prot_WP_014554119.1_1	GCF_002843135.1_WP_014318941.1	52.910	419	687	88	378	166	2	47	413	298	674	0.0	531
lcl|NC_017455.1_prot_WP_014554119.1_1	GCF_002741055.1_WP_077567123.1	20.000	419	439	97	435	303	11	12	419	1	417	0.0	531
lcl|NC_017455.1_prot_WP_014554119.1_1	GCF_002356035.1_WP_081985525.1	52.381	419	685	89	378	172	2	45	416	303	678	0.0	531
lcl|NC_017455.1_prot_WP_014554119.1_1	GCF_001632805.1_WP_046252969.1	51.706	419	641	89	381	174	2	43	415	249	627	0.0	531
lcl|NC_017455.1_prot_WP_014554119.1_1	GCF_000260985.4_WP_014707533.1	18.584	419	472	99	452	313	14	2	419	1	431	0.0	531
lcl|NC_017455.1_prot_WP_014554119.1_1	GCF_000178835.2_WP_013656648.1	49.780	419	455	98	454	185	3	4	415	1	453	0.0	531
lcl|NC_017455.1_prot_WP_014554119.1_1	GCF_900187295.1_WP_092257093.1	52.000	419	610	87	375	170	2	48	413	221	594	0.0	530
lcl|NC_017455.1_prot_WP_014554119.1_1	GCF_016725245.1_WP_016910987.1	59.169	419	438	97	409	164	2	8	415	19	425	0.0	530
lcl|NC_017455.1_prot_WP_014554119.1_1	GCF_008329645.1_WP_149484339.1	51.571	419	711	89	382	174	2	43	415	323	702	0.0	530
lcl|NC_017455.1_prot_WP_014554119.1_1	GCF_001856685.1_WP_071163959.1	53.600	419	611	89	375	168	2	45	415	233	605	0.0	530
lcl|NC_017455.1_prot_WP_014554119.1_1	GCF_000331995.1_WP_015484877.1	18.938	419	441	97	433	306	11	14	419	4	418	0.0	530
lcl|NC_017455.1_prot_WP_014554119.1_1	GCF_000258535.2_WP_014371419.1	20.186	419	440	96	431	299	11	16	419	6	418	0.0	530
lcl|NC_017455.1_prot_WP_014554119.1_1	GCF_000024785.1_WP_012833717.1	52.116	419	662	89	378	173	2	43	414	277	652	0.0	530
lcl|NC_017455.1_prot_WP_014554119.1_1	GCF_000017305.1_WP_012084401.1	52.604	419	696	90	384	174	2	37	414	306	687	0.0	530
lcl|NC_017455.1_prot_WP_014554119.1_1	GCF_024205945.1_WP_149459160.1	58.722	419	438	97	407	165	2	8	413	19	423	0.0	530
lcl|NC_017455.1_prot_WP_014554119.1_1	GCF_021654775.1_WP_194230513.1	20.000	419	439	97	435	303	11	12	419	1	417	0.0	530
lcl|NC_017455.1_prot_WP_014554119.1_1	GCF_010731735.1_WP_163800660.1	51.282	419	746	90	390	175	2	43	419	355	742	0.0	530
lcl|NC_017455.1_prot_WP_014554119.1_1	GCF_009429125.1_WP_153022382.1	52.713	419	662	90	387	171	3	43	419	267	651	0.0	530
lcl|NC_017455.1_prot_WP_014554119.1_1	GCF_007741495.1_WP_145351522.1	54.893	419	501	99	419	183	3	2	415	84	501	0.0	530
lcl|NC_017455.1_prot_WP_014554119.1_1	GCF_007559025.1_WP_233267057.1	53.050	419	633	89	377	169	2	46	416	252	626	0.0	530
lcl|NC_017455.1_prot_WP_014554119.1_1	GCF_003288115.1_WP_112195728.1	55.556	419	431	99	423	178	5	1	415	4	424	0.0	530
lcl|NC_017455.1_prot_WP_014554119.1_1	GCF_001998865.1_WP_077351927.1	52.368	419	631	90	380	176	2	42	418	250	627	0.0	530
lcl|NC_017455.1_prot_WP_014554119.1_1	GCF_001865765.1_WP_013241693.1	53.003	419	714	88	383	165	3	45	413	320	701	0.0	530
lcl|NC_017455.1_prot_WP_014554119.1_1	GCF_001644605.1_WP_231891272.1	20.624	419	442	94	417	290	10	15	408	7	405	0.0	530
lcl|NC_017455.1_prot_WP_014554119.1_1	GCF_001186155.3_WP_049693902.1	18.245	419	438	97	433	309	11	14	419	2	416	0.0	530
lcl|NC_017455.1_prot_WP_014554119.1_1	GCF_000307585.2_WP_014758647.1	19.664	419	438	94	417	295	10	17	411	7	405	0.0	530
lcl|NC_017455.1_prot_WP_014554119.1_1	GCF_000177535.2_WP_042379350.1	51.187	419	657	88	379	174	2	45	413	268	645	0.0	530
lcl|NC_017455.1_prot_WP_014554119.1_1	GCF_019977655.1_WP_224036161.1	55.949	419	536	94	395	163	4	26	418	150	535	0.0	530
lcl|NC_017455.1_prot_WP_014554119.1_1	GCF_017068375.1_WP_206012792.1	52.646	419	685	89	378	171	2	45	416	303	678	0.0	530
lcl|NC_017455.1_prot_WP_014554119.1_1	GCF_006351925.1_WP_139904185.1	20.097	419	436	92	413	285	12	33	419	22	415	0.0	530
lcl|NC_017455.1_prot_WP_014554119.1_1	GCF_002896855.1_WP_103080672.1	18.014	419	441	97	433	310	11	14	419	7	421	0.0	530
lcl|NC_017455.1_prot_WP_014554119.1_1	GCF_002863865.1_WP_101892965.1	20.225	419	447	99	445	308	13	2	419	1	425	0.0	530
lcl|NC_017455.1_prot_WP_014554119.1_1	GCF_002162115.2_WP_087453794.1	52.480	419	717	88	383	167	3	45	413	323	704	0.0	530
lcl|NC_017455.1_prot_WP_014554119.1_1	GCF_001687605.2_WP_068872655.1	20.331	419	440	95	423	292	11	24	419	12	416	0.0	530
lcl|NC_017455.1_prot_WP_014554119.1_1	GCF_001687565.2_WP_065536282.1	18.245	419	438	97	433	309	11	14	419	2	416	0.0	530
lcl|NC_017455.1_prot_WP_014554119.1_1	GCF_000367205.1_WP_015582627.1	53.826	419	633	90	379	170	2	43	418	254	630	0.0	530
lcl|NC_017455.1_prot_WP_014554119.1_1	GCF_000212695.1_WP_041553546.1	51.938	419	712	90	387	174	2	43	419	316	700	0.0	530
lcl|NC_017455.1_prot_WP_014554119.1_1	GCF_900637575.1_WP_012799476.1	54.015	419	685	98	411	186	3	3	412	261	669	0.0	529
lcl|NC_017455.1_prot_WP_014554119.1_1	GCF_900119915.1_WP_075576746.1	52.427	419	611	98	412	193	3	2	412	190	599	0.0	529
lcl|NC_017455.1_prot_WP_014554119.1_1	GCF_028606985.1_WP_273615771.1	19.540	419	439	97	435	305	11	12	419	1	417	0.0	529
lcl|NC_017455.1_prot_WP_014554119.1_1	GCF_025402875.1_WP_011788775.1	18.519	419	445	96	432	307	12	16	419	8	422	0.0	529
lcl|NC_017455.1_prot_WP_014554119.1_1	GCF_020923495.1_WP_171564639.1	20.046	419	438	97	434	302	11	12	419	1	415	0.0	529
lcl|NC_017455.1_prot_WP_014554119.1_1	GCF_019880385.1_WP_249423954.1	52.493	419	621	90	381	176	2	42	419	238	616	0.0	529
lcl|NC_017455.1_prot_WP_014554119.1_1	GCF_019047805.1_WP_246580181.1	51.823	419	662	89	384	171	2	43	413	264	646	0.0	529
lcl|NC_017455.1_prot_WP_014554119.1_1	GCF_017742995.1_WP_046003914.1	19.369	419	447	99	444	313	13	2	419	1	425	0.0	529
lcl|NC_017455.1_prot_WP_014554119.1_1	GCF_009730295.1_WP_006364723.1	54.722	419	422	98	413	183	3	8	418	11	421	0.0	529
lcl|NC_017455.1_prot_WP_014554119.1_1	GCF_008761635.1_WP_151082871.1	52.493	419	643	90	381	176	2	42	419	259	637	0.0	529
lcl|NC_017455.1_prot_WP_014554119.1_1	GCF_007641255.1_WP_144350093.1	19.626	419	438	96	428	299	11	19	419	9	418	0.0	529
lcl|NC_017455.1_prot_WP_014554119.1_1	GCF_007362775.1_WP_143987025.1	52.646	419	665	89	378	174	2	45	419	287	662	0.0	529
lcl|NC_017455.1_prot_WP_014554119.1_1	GCF_002844395.1_WP_101301975.1	19.715	419	435	95	421	299	10	12	411	1	403	0.0	529
lcl|NC_017455.1_prot_WP_014554119.1_1	GCF_001465835.2_WP_058386664.1	18.245	419	438	97	433	309	11	14	419	2	416	0.0	529
lcl|NC_017455.1_prot_WP_014554119.1_1	GCF_000835165.1_WP_042621226.1	52.128	419	656	88	376	171	2	46	413	266	640	0.0	529
lcl|NC_017455.1_prot_WP_014554119.1_1	GCF_000758705.1_WP_238326824.1	20.139	419	441	97	432	300	11	15	419	6	419	0.0	529
lcl|NC_017455.1_prot_WP_014554119.1_1	GCF_902381765.1_WP_040356027.1	52.646	419	738	88	378	169	2	45	413	346	722	0.0	529
lcl|NC_017455.1_prot_WP_014554119.1_1	GCF_900343145.1_WP_269458786.1	53.175	419	585	89	378	172	2	45	419	207	582	0.0	529
lcl|NC_017455.1_prot_WP_014554119.1_1	GCF_020694005.1_WP_168822573.1	19.451	419	443	98	437	308	11	10	419	1	420	0.0	529
lcl|NC_017455.1_prot_WP_014554119.1_1	GCF_018362975.1_WP_213557751.1	52.381	419	692	89	378	172	2	45	416	310	685	0.0	529
lcl|NC_017455.1_prot_WP_014554119.1_1	GCF_013184985.2_WP_172119681.1	51.145	419	663	89	393	173	2	45	419	258	649	0.0	529
lcl|NC_017455.1_prot_WP_014554119.1_1	GCF_010450915.1_WP_244280773.1	20.139	419	441	97	432	300	11	15	419	6	419	0.0	529
lcl|NC_017455.1_prot_WP_014554119.1_1	GCF_004114895.1_WP_128890015.1	52.151	419	680	87	372	170	2	49	413	297	667	0.0	529
lcl|NC_017455.1_prot_WP_014554119.1_1	GCF_001941465.1_WP_075729613.1	52.368	419	616	89	380	171	2	43	413	222	600	0.0	529
lcl|NC_017455.1_prot_WP_014554119.1_1	GCF_001020985.1_WP_047261784.1	52.255	419	659	87	377	167	2	49	413	269	644	0.0	529
lcl|NC_017455.1_prot_WP_014554119.1_1	GCF_000024965.1_WP_222829434.1	53.351	419	659	90	388	168	3	43	419	263	648	0.0	529
lcl|NC_017455.1_prot_WP_014554119.1_1	GCF_000016985.1_WP_012063847.1	18.391	419	436	97	435	310	11	12	419	1	417	0.0	529
lcl|NC_017455.1_prot_WP_014554119.1_1	GCF_900637165.1_WP_126383554.1	51.020	419	672	89	392	173	2	45	418	271	661	0.0	528
lcl|NC_017455.1_prot_WP_014554119.1_1	GCF_024347195.1_WP_271271763.1	19.630	419	458	97	433	303	12	15	419	7	422	0.0	528
lcl|NC_017455.1_prot_WP_014554119.1_1	GCF_017068395.1_WP_206010542.1	52.646	419	691	89	378	171	2	45	416	309	684	0.0	528
lcl|NC_017455.1_prot_WP_014554119.1_1	GCF_013372285.1_WP_112140571.1	19.222	419	443	98	437	309	11	10	419	1	420	0.0	528
lcl|NC_017455.1_prot_WP_014554119.1_1	GCF_009834025.1_WP_225983912.1	53.989	419	647	89	376	168	2	43	415	266	639	0.0	528
lcl|NC_017455.1_prot_WP_014554119.1_1	GCF_009728935.1_WP_155701267.1	19.444	419	441	97	432	303	11	15	419	5	418	0.0	528
lcl|NC_017455.1_prot_WP_014554119.1_1	GCF_004028015.1_WP_005110131.1	51.706	419	646	89	381	174	2	43	415	254	632	0.0	528
lcl|NC_017455.1_prot_WP_014554119.1_1	GCF_001605725.1_WP_043077150.1	51.706	419	646	89	381	174	2	43	415	254	632	0.0	528
lcl|NC_017455.1_prot_WP_014554119.1_1	GCF_000981585.1_WP_039791296.1	20.139	419	437	97	432	300	11	15	419	2	415	0.0	528
lcl|NC_017455.1_prot_WP_014554119.1_1	GCF_000980815.1_WP_046453330.1	51.852	419	666	88	378	172	2	45	413	274	650	0.0	528
lcl|NC_017455.1_prot_WP_014554119.1_1	GCF_000818095.1_WP_039808888.1	19.258	419	442	95	431	299	11	20	419	6	418	0.0	528
lcl|NC_017455.1_prot_WP_014554119.1_1	GCF_024453815.1_WP_256006495.1	53.476	419	608	87	374	164	2	47	411	218	590	0.0	528
lcl|NC_017455.1_prot_WP_014554119.1_1	GCF_018223345.1_WP_212595865.1	19.231	419	446	99	442	311	13	4	419	1	422	0.0	528
lcl|NC_017455.1_prot_WP_014554119.1_1	GCF_017354965.1_WP_207379503.1	18.837	419	446	96	430	305	12	16	419	11	422	0.0	528
lcl|NC_017455.1_prot_WP_014554119.1_1	GCF_015326725.1_WP_181554930.1	18.881	419	438	95	429	301	11	20	419	6	416	0.0	528
lcl|NC_017455.1_prot_WP_014554119.1_1	GCF_010729665.1_WP_163740584.1	51.554	419	711	89	386	172	2	43	415	320	703	0.0	528
lcl|NC_017455.1_prot_WP_014554119.1_1	GCF_009184705.1_WP_050901475.1	56.296	419	407	96	405	175	2	16	419	2	405	0.0	528
lcl|NC_017455.1_prot_WP_014554119.1_1	GCF_008065135.1_WP_202908798.1	53.349	419	418	99	418	189	3	2	414	1	417	0.0	528
lcl|NC_017455.1_prot_WP_014554119.1_1	GCF_004924335.1_WP_078328807.1	51.571	419	642	89	382	175	2	43	416	250	629	0.0	528
lcl|NC_017455.1_prot_WP_014554119.1_1	GCF_001687665.2_WP_065527519.1	18.245	419	438	97	433	309	11	14	419	2	416	0.0	528
lcl|NC_017455.1_prot_WP_014554119.1_1	GCF_001267435.1_WP_011392295.1	20.746	419	436	95	429	289	11	20	419	10	416	0.0	528
lcl|NC_017455.1_prot_WP_014554119.1_1	GCF_000758725.1_WP_036688546.1	20.370	419	437	97	432	299	11	15	419	2	415	0.0	528
lcl|NC_017455.1_prot_WP_014554119.1_1	GCF_000022065.1_WP_015925496.1	17.972	419	437	97	434	312	11	12	419	1	416	0.0	528
lcl|NC_017455.1_prot_WP_014554119.1_1	GCF_900475835.1_WP_015772058.1	51.948	419	680	90	385	174	3	43	418	285	667	0.0	528
lcl|NC_017455.1_prot_WP_014554119.1_1	GCF_023520795.1_WP_035108616.1	51.316	419	627	89	380	175	2	43	413	233	611	0.0	528
lcl|NC_017455.1_prot_WP_014554119.1_1	GCF_021590045.1_WP_236123528.1	51.832	419	660	89	382	173	3	43	415	266	645	0.0	528
lcl|NC_017455.1_prot_WP_014554119.1_1	GCF_015209785.1_WP_062569727.1	19.908	419	443	98	437	305	13	9	419	4	421	0.0	528
lcl|NC_017455.1_prot_WP_014554119.1_1	GCF_004295585.1_WP_130611760.1	18.621	419	439	97	435	309	11	12	419	1	417	0.0	528
lcl|NC_017455.1_prot_WP_014554119.1_1	GCF_003991135.1_WP_127017230.1	19.310	419	437	97	435	305	11	12	419	1	416	0.0	528
lcl|NC_017455.1_prot_WP_014554119.1_1	GCF_001999225.1_WP_077537244.1	19.635	419	444	98	438	307	13	8	419	4	422	0.0	528
lcl|NC_017455.1_prot_WP_014554119.1_1	GCF_001953175.1_WP_257787734.1	56.086	419	421	99	419	178	2	2	415	1	418	0.0	528
lcl|NC_017455.1_prot_WP_014554119.1_1	GCF_001456355.1_WP_088413424.1	52.493	419	647	89	381	171	2	43	415	255	633	0.0	528
lcl|NC_017455.1_prot_WP_014554119.1_1	GCF_001190945.1_WP_052594258.1	52.368	419	667	89	380	173	2	43	416	281	658	0.0	528
lcl|NC_017455.1_prot_WP_014554119.1_1	GCF_000830905.1_WP_041343020.1	56.835	419	424	98	417	173	3	4	415	8	422	0.0	528
lcl|NC_017455.1_prot_WP_014554119.1_1	GCF_000226565.1_WP_014109332.1	19.725	419	455	98	436	307	11	10	419	1	419	0.0	528
lcl|NC_017455.1_prot_WP_014554119.1_1	GCF_000192865.1_WP_223295055.1	19.952	419	442	94	421	293	11	26	419	10	413	0.0	528
lcl|NC_017455.1_prot_WP_014554119.1_1	GCF_000143845.1_WP_013251616.1	53.753	419	683	98	413	187	4	2	412	260	670	0.0	528
lcl|NC_017455.1_prot_WP_014554119.1_1	GCF_000024545.1_WP_041624579.1	51.697	419	629	89	383	171	2	45	415	242	622	0.0	528
lcl|NC_017455.1_prot_WP_014554119.1_1	GCF_000011305.1_WP_035109471.1	52.356	419	720	88	382	167	2	46	413	324	704	0.0	528
lcl|NC_017455.1_prot_WP_014554119.1_1	GCF_020181435.1_WP_022261228.1	51.613	419	447	96	434	177	3	8	409	4	436	0.0	527
lcl|NC_017455.1_prot_WP_014554119.1_1	GCF_017086365.1_WP_232380867.1	20.139	419	441	97	432	300	11	15	419	6	419	0.0	527
lcl|NC_017455.1_prot_WP_014554119.1_1	GCF_002354875.1_WP_096496783.1	52.381	419	694	89	378	174	2	46	419	315	690	0.0	527
lcl|NC_017455.1_prot_WP_014554119.1_1	GCF_001687585.2_WP_008499235.1	18.014	419	438	97	433	310	11	14	419	2	416	0.0	527
lcl|NC_017455.1_prot_WP_014554119.1_1	GCF_001465795.2_WP_058383726.1	20.092	419	440	97	433	301	11	14	419	2	416	0.0	527
lcl|NC_017455.1_prot_WP_014554119.1_1	GCF_900187235.1_WP_012359955.1	50.943	419	573	87	371	173	2	51	413	192	561	0.0	527
lcl|NC_017455.1_prot_WP_014554119.1_1	GCF_900187165.1_WP_089864750.1	18.894	419	439	97	434	307	12	12	419	1	415	0.0	527
lcl|NC_017455.1_prot_WP_014554119.1_1	GCF_019603355.1_WP_057898406.1	20.370	419	437	97	432	299	11	15	419	2	415	0.0	527
lcl|NC_017455.1_prot_WP_014554119.1_1	GCF_018207515.1_WP_173133697.1	20.370	419	437	97	432	299	11	15	419	2	415	0.0	527
lcl|NC_017455.1_prot_WP_014554119.1_1	GCF_017354925.1_WP_207323205.1	18.837	419	446	96	430	305	12	16	419	11	422	0.0	527
lcl|NC_017455.1_prot_WP_014554119.1_1	GCF_017352215.1_WP_246798103.1	57.222	419	530	98	360	153	1	53	412	167	525	0.0	527
lcl|NC_017455.1_prot_WP_014554119.1_1	GCF_017352215.1_WP_246798103.1	31.655	419	530	98	139	76	3	2	122	1	138	4.46e-14	81.6
lcl|NC_017455.1_prot_WP_014554119.1_1	GCF_009931695.1_WP_161836723.1	56.369	419	546	87	369	153	4	53	416	177	542	0.0	527
lcl|NC_017455.1_prot_WP_014554119.1_1	GCF_005280655.1_WP_137329513.1	52.074	419	447	96	434	175	4	8	409	4	436	0.0	527
lcl|NC_017455.1_prot_WP_014554119.1_1	GCF_003606265.1_WP_066673913.1	19.124	419	436	97	434	306	12	12	419	1	415	0.0	527
lcl|NC_017455.1_prot_WP_014554119.1_1	GCF_003355475.1_WP_115413153.1	51.269	419	700	88	394	165	2	47	415	298	689	0.0	527
lcl|NC_017455.1_prot_WP_014554119.1_1	GCF_003063625.1_WP_108603420.1	19.860	419	445	96	428	300	11	18	419	10	420	0.0	527
lcl|NC_017455.1_prot_WP_014554119.1_1	GCF_001941505.1_WP_075691646.1	52.742	419	630	88	383	166	2	45	413	233	614	0.0	527
lcl|NC_017455.1_prot_WP_014554119.1_1	GCF_001586235.1_WP_062041133.1	52.646	419	600	88	378	169	2	45	413	208	584	0.0	527
lcl|NC_017455.1_prot_WP_014554119.1_1	GCF_001021025.1_WP_047239997.1	52.507	419	657	88	379	169	2	45	413	263	640	0.0	527
lcl|NC_017455.1_prot_WP_014554119.1_1	GCF_000758665.1_WP_042214893.1	20.370	419	437	97	432	299	11	15	419	2	415	0.0	527
lcl|NC_017455.1_prot_WP_014554119.1_1	GCF_000218545.1_WP_013884494.1	50.643	419	679	90	389	178	3	43	419	281	667	0.0	527
lcl|NC_017455.1_prot_WP_014554119.1_1	GCF_000183745.1_WP_013457772.1	57.524	419	426	98	412	173	2	3	413	13	423	0.0	527
lcl|NC_017455.1_prot_WP_014554119.1_1	GCF_000026085.1_WP_011327488.1	20.000	419	444	98	435	303	13	11	419	7	422	0.0	527
lcl|NC_017455.1_prot_WP_014554119.1_1	GCF_000018325.1_WP_012159338.1	18.161	419	437	97	435	311	11	12	419	1	417	0.0	527
lcl|NC_017455.1_prot_WP_014554119.1_1	GCF_000009785.1_WP_081130462.1	19.490	419	436	96	431	302	11	16	419	2	414	0.0	527
lcl|NC_017455.1_prot_WP_014554119.1_1	GCF_900637915.1_WP_259340960.1	52.895	419	614	90	380	174	2	43	419	235	612	0.0	526
lcl|NC_017455.1_prot_WP_014554119.1_1	GCF_025999835.1_WP_264844712.1	19.484	419	441	95	426	297	11	22	419	6	413	0.0	526
lcl|NC_017455.1_prot_WP_014554119.1_1	GCF_022701015.1_WP_122965196.1	19.770	419	439	97	435	303	11	12	419	1	416	0.0	526
lcl|NC_017455.1_prot_WP_014554119.1_1	GCF_016598775.1_WP_200275108.1	50.508	419	657	89	394	175	2	45	419	256	648	0.0	526
lcl|NC_017455.1_prot_WP_014554119.1_1	GCF_009649955.1_WP_153725414.1	18.705	419	432	94	417	298	10	19	412	3	401	0.0	526
lcl|NC_017455.1_prot_WP_014554119.1_1	GCF_001735765.2_WP_069679085.1	18.664	419	435	97	434	308	12	12	419	1	415	0.0	526
lcl|NC_017455.1_prot_WP_014554119.1_1	GCF_001305675.1_WP_226995856.1	52.910	419	637	89	378	169	2	45	415	253	628	0.0	526
lcl|NC_017455.1_prot_WP_014554119.1_1	GCF_000418365.1_WP_211213209.1	51.579	419	633	88	380	171	2	46	413	243	621	0.0	526
lcl|NC_017455.1_prot_WP_014554119.1_1	GCF_000237085.1_WP_014255146.1	20.230	419	439	97	435	302	11	12	419	1	417	0.0	526
lcl|NC_017455.1_prot_WP_014554119.1_1	GCF_000214175.1_WP_148262612.1	52.105	419	660	89	380	174	2	43	416	275	652	0.0	526
lcl|NC_017455.1_prot_WP_014554119.1_1	GCF_000023245.1_WP_015804844.1	52.381	419	709	89	378	174	2	46	419	330	705	0.0	526
lcl|NC_017455.1_prot_WP_014554119.1_1	GCF_020616335.1_WP_227282621.1	52.756	419	620	89	381	171	2	41	413	224	603	0.0	526
lcl|NC_017455.1_prot_WP_014554119.1_1	GCF_016728105.1_WP_005532045.1	52.381	419	667	88	378	170	2	45	413	275	651	0.0	526
lcl|NC_017455.1_prot_WP_014554119.1_1	GCF_016628735.2_WP_121911001.1	51.579	419	616	89	380	174	2	43	413	222	600	0.0	526
lcl|NC_017455.1_prot_WP_014554119.1_1	GCF_013466985.1_WP_180936254.1	52.895	419	657	90	380	174	2	42	418	275	652	0.0	526
lcl|NC_017455.1_prot_WP_014554119.1_1	GCF_002865995.1_WP_021128226.1	19.585	419	435	97	434	304	12	12	419	1	415	0.0	526
lcl|NC_017455.1_prot_WP_014554119.1_1	GCF_001642655.1_WP_017895335.1	18.203	419	435	97	434	310	12	12	419	1	415	0.0	526
lcl|NC_017455.1_prot_WP_014554119.1_1	GCF_001465255.1_WP_062407957.1	19.540	419	439	97	435	305	11	12	419	1	417	0.0	526
lcl|NC_017455.1_prot_WP_014554119.1_1	GCF_000473995.1_WP_022749168.1	19.495	419	438	98	436	307	11	10	419	1	418	0.0	526
lcl|NC_017455.1_prot_WP_014554119.1_1	GCF_000092825.1_WP_041406880.1	53.003	419	608	89	383	167	2	45	416	219	599	0.0	526
lcl|NC_017455.1_prot_WP_014554119.1_1	GCF_000019045.1_WP_012575308.1	19.213	419	437	96	432	303	11	16	419	2	415	0.0	526
lcl|NC_017455.1_prot_WP_014554119.1_1	GCF_021654335.1_WP_237247890.1	18.534	419	466	99	464	311	12	2	419	1	443	0.0	526
lcl|NC_017455.1_prot_WP_014554119.1_1	GCF_019285775.1_WP_246600591.1	51.862	419	668	88	376	173	2	46	415	287	660	0.0	526
lcl|NC_017455.1_prot_WP_014554119.1_1	GCF_016599755.1_WP_023021760.1	52.105	419	615	89	380	172	2	43	413	221	599	0.0	526
lcl|NC_017455.1_prot_WP_014554119.1_1	GCF_016127995.1_WP_198482599.1	52.394	419	557	89	376	173	2	47	418	182	555	0.0	526
lcl|NC_017455.1_prot_WP_014554119.1_1	GCF_013347265.1_WP_110043073.1	18.993	419	441	98	437	309	11	10	419	1	419	0.0	526
lcl|NC_017455.1_prot_WP_014554119.1_1	GCF_004768525.1_WP_026822114.1	18.322	419	461	99	453	314	12	4	419	1	434	0.0	526
lcl|NC_017455.1_prot_WP_014554119.1_1	GCF_000238255.3_WP_010560583.1	20.773	419	441	93	414	285	11	32	419	23	419	0.0	526
lcl|NC_017455.1_prot_WP_014554119.1_1	GCF_900087655.1_WP_269458986.1	51.444	419	640	90	381	180	2	42	419	260	638	0.0	525
lcl|NC_017455.1_prot_WP_014554119.1_1	GCF_020447175.2_WP_226073232.1	19.378	419	456	93	418	293	11	29	419	15	415	0.0	525
lcl|NC_017455.1_prot_WP_014554119.1_1	GCF_011038645.2_WP_165002139.1	52.000	419	661	87	375	170	2	46	411	270	643	0.0	525
lcl|NC_017455.1_prot_WP_014554119.1_1	GCF_009914055.1_WP_160621455.1	18.889	419	451	99	450	312	12	4	419	1	431	0.0	525
lcl|NC_017455.1_prot_WP_014554119.1_1	GCF_005877035.1_WP_002959338.1	19.863	419	444	98	438	306	13	8	419	4	422	0.0	525
lcl|NC_017455.1_prot_WP_014554119.1_1	GCF_003454775.1_WP_118059182.1	51.732	419	434	98	433	185	2	2	413	1	430	0.0	525
lcl|NC_017455.1_prot_WP_014554119.1_1	GCF_002355375.1_WP_096465185.1	20.384	419	434	94	417	291	11	19	412	6	404	0.0	525
lcl|NC_017455.1_prot_WP_014554119.1_1	GCF_002056295.1_WP_080049874.1	19.302	419	450	95	430	300	11	20	419	16	428	0.0	525
lcl|NC_017455.1_prot_WP_014554119.1_1	GCF_001701025.1_WP_065916456.1	52.381	419	670	89	378	174	2	46	419	291	666	0.0	525
lcl|NC_017455.1_prot_WP_014554119.1_1	GCF_001455205.1_WP_062558060.1	19.507	419	466	95	446	295	11	21	419	15	443	0.0	525
lcl|NC_017455.1_prot_WP_014554119.1_1	GCF_000767055.1_WP_018022187.1	52.406	419	612	87	374	168	2	49	413	224	596	0.0	525
lcl|NC_017455.1_prot_WP_014554119.1_1	GCF_000597865.1_WP_025434711.1	49.471	419	473	99	473	180	3	2	416	1	472	0.0	525
lcl|NC_017455.1_prot_WP_014554119.1_1	GCF_000238395.3_WP_010553908.1	19.863	419	444	98	438	306	13	8	419	4	422	0.0	525
lcl|NC_017455.1_prot_WP_014554119.1_1	GCF_901538265.1_WP_162667796.1	54.567	419	491	98	416	183	3	4	414	75	489	0.0	525
lcl|NC_017455.1_prot_WP_014554119.1_1	GCF_014126825.1_WP_220471819.1	53.316	419	654	89	377	168	2	46	416	273	647	0.0	525
lcl|NC_017455.1_prot_WP_014554119.1_1	GCF_010120715.1_WP_162361807.1	49.353	419	469	99	464	183	6	2	415	1	462	0.0	525
lcl|NC_017455.1_prot_WP_014554119.1_1	GCF_007641235.1_WP_144318425.1	52.674	419	643	87	374	167	2	47	411	253	625	0.0	525
lcl|NC_017455.1_prot_WP_014554119.1_1	GCF_003931855.1_WP_125083949.1	20.690	419	439	97	435	300	11	12	419	1	417	0.0	525
lcl|NC_017455.1_prot_WP_014554119.1_1	GCF_003713065.1_WP_123040040.1	18.851	419	439	97	435	308	11	12	419	1	417	0.0	525
lcl|NC_017455.1_prot_WP_014554119.1_1	GCF_001685415.1_WP_083190537.1	51.282	419	666	89	390	171	2	44	416	270	657	0.0	525
lcl|NC_017455.1_prot_WP_014554119.1_1	GCF_000632985.1_WP_232214995.1	51.044	419	497	99	431	192	5	1	415	66	493	0.0	525
lcl|NC_017455.1_prot_WP_014554119.1_1	GCF_000196475.1_WP_015834753.1	18.543	419	455	99	453	313	12	4	419	1	434	0.0	525
lcl|NC_017455.1_prot_WP_014554119.1_1	GCF_023702635.1_WP_251088325.1	19.495	419	451	98	436	306	12	11	419	11	428	0.0	525
lcl|NC_017455.1_prot_WP_014554119.1_1	GCF_020546685.1_WP_227086029.1	53.976	419	416	98	415	187	3	2	413	1	414	0.0	525
lcl|NC_017455.1_prot_WP_014554119.1_1	GCF_004358445.1_WP_133407624.1	18.919	419	445	99	444	313	13	2	419	1	423	0.0	525
lcl|NC_017455.1_prot_WP_014554119.1_1	GCF_003991425.1_WP_127000416.1	20.690	419	439	97	435	300	11	12	419	1	417	0.0	525
lcl|NC_017455.1_prot_WP_014554119.1_1	GCF_001444405.1_WP_058029198.1	19.540	419	443	98	435	305	13	11	419	6	421	0.0	525
lcl|NC_017455.1_prot_WP_014554119.1_1	GCF_001187595.1_WP_019418415.1	19.213	419	437	96	432	303	11	16	419	2	415	0.0	525
lcl|NC_017455.1_prot_WP_014554119.1_1	GCF_000612505.1_WP_038595938.1	20.370	419	441	97	432	299	11	15	419	6	419	0.0	525
lcl|NC_017455.1_prot_WP_014554119.1_1	GCF_000196275.1_WP_011530238.1	55.231	419	425	97	411	180	3	6	413	13	422	0.0	525
lcl|NC_017455.1_prot_WP_014554119.1_1	GCF_000025705.1_WP_013028734.1	19.005	419	498	95	442	295	11	24	419	51	475	0.0	525
lcl|NC_017455.1_prot_WP_014554119.1_1	GCF_000019165.1_WP_012283280.1	18.182	419	433	96	429	306	12	18	419	2	412	0.0	525
lcl|NC_017455.1_prot_WP_014554119.1_1	GCF_014672715.2_WP_102331004.1	56.325	419	451	99	419	177	2	2	415	31	448	0.0	524
lcl|NC_017455.1_prot_WP_014554119.1_1	GCF_004328865.1_WP_058548554.1	19.863	419	444	98	438	306	13	8	419	4	422	0.0	524
lcl|NC_017455.1_prot_WP_014554119.1_1	GCF_004117055.1_WP_122952498.1	18.851	419	439	97	435	307	11	12	419	1	416	0.0	524
lcl|NC_017455.1_prot_WP_014554119.1_1	GCF_003932015.1_WP_012302837.1	19.585	419	454	97	434	310	12	13	419	6	427	0.0	524
lcl|NC_017455.1_prot_WP_014554119.1_1	GCF_003798325.1_WP_123826405.1	53.158	419	589	90	380	173	2	43	419	210	587	0.0	524
lcl|NC_017455.1_prot_WP_014554119.1_1	GCF_002327205.1_WP_021875216.1	19.355	419	436	97	434	305	12	12	419	1	415	0.0	524
lcl|NC_017455.1_prot_WP_014554119.1_1	GCF_002074155.1_WP_039635153.1	56.997	419	487	93	393	159	3	31	419	101	487	0.0	524
lcl|NC_017455.1_prot_WP_014554119.1_1	GCF_000953715.1_WP_084217142.1	55.663	419	441	99	415	181	2	2	414	23	436	0.0	524
lcl|NC_017455.1_prot_WP_014554119.1_1	GCF_000340885.1_WP_015394583.1	18.807	419	438	98	436	310	11	10	419	1	418	0.0	524
lcl|NC_017455.1_prot_WP_014554119.1_1	GCF_028771845.1_WP_053783794.1	19.310	419	439	97	435	306	11	12	419	1	417	0.0	524
lcl|NC_017455.1_prot_WP_014554119.1_1	GCF_024347275.1_WP_019622974.1	19.775	419	462	99	445	306	13	2	419	1	421	0.0	524
lcl|NC_017455.1_prot_WP_014554119.1_1	GCF_019977655.1_WP_224034846.1	19.266	419	441	98	436	308	11	10	419	1	418	0.0	524
lcl|NC_017455.1_prot_WP_014554119.1_1	GCF_019916025.1_WP_021433673.1	19.355	419	435	97	434	305	12	12	419	1	415	0.0	524
lcl|NC_017455.1_prot_WP_014554119.1_1	GCF_016906065.1_WP_114410402.1	19.139	419	443	93	418	294	11	29	419	20	420	0.0	524
lcl|NC_017455.1_prot_WP_014554119.1_1	GCF_016728365.1_WP_179386375.1	52.105	419	615	89	380	172	2	43	413	221	599	0.0	524
lcl|NC_017455.1_prot_WP_014554119.1_1	GCF_015644725.1_WP_195810033.1	17.824	419	444	97	432	311	12	14	419	6	419	0.0	524
lcl|NC_017455.1_prot_WP_014554119.1_1	GCF_014490555.1_WP_186337529.1	52.674	419	618	87	374	167	2	47	411	227	599	0.0	524
lcl|NC_017455.1_prot_WP_014554119.1_1	GCF_014218335.1_WP_184095291.1	56.098	419	584	87	369	154	4	53	416	215	580	0.0	524
lcl|NC_017455.1_prot_WP_014554119.1_1	GCF_007747215.1_WP_145234733.1	55.048	419	499	98	416	181	3	4	414	83	497	0.0	524
lcl|NC_017455.1_prot_WP_014554119.1_1	GCF_003568825.1_WP_040643651.1	18.970	419	444	96	427	302	12	19	419	14	422	0.0	524
lcl|NC_017455.1_prot_WP_014554119.1_1	GCF_002221525.1_WP_089348293.1	19.863	419	444	98	438	306	13	8	419	4	422	0.0	524
lcl|NC_017455.1_prot_WP_014554119.1_1	GCF_001854125.1_WP_070965751.1	19.385	419	465	95	423	297	11	24	419	16	421	0.0	524
lcl|NC_017455.1_prot_WP_014554119.1_1	GCF_000756615.1_WP_042209428.1	20.602	419	437	97	432	298	11	15	419	2	415	0.0	524
lcl|NC_017455.1_prot_WP_014554119.1_1	GCF_000266925.1_WP_014806163.1	20.375	419	446	95	427	295	11	20	419	13	421	0.0	524
lcl|NC_017455.1_prot_WP_014554119.1_1	GCF_000214215.1_WP_013795338.1	18.764	419	443	98	437	311	11	10	419	1	420	0.0	524
lcl|NC_017455.1_prot_WP_014554119.1_1	GCF_000023105.1_WP_144016897.1	53.141	419	623	90	382	171	2	43	418	234	613	0.0	524
lcl|NC_017455.1_prot_WP_014554119.1_1	GCF_918378365.1_WP_239798111.1	20.092	419	466	92	433	283	11	33	419	28	443	0.0	523
lcl|NC_017455.1_prot_WP_014554119.1_1	GCF_900638055.1_WP_003144706.1	52.785	419	422	98	413	191	3	8	418	11	421	0.0	523
lcl|NC_017455.1_prot_WP_014554119.1_1	GCF_025147765.1_WP_005428102.1	55.108	419	496	87	372	159	4	52	417	127	496	0.0	523
lcl|NC_017455.1_prot_WP_014554119.1_1	GCF_024971755.1_WP_218737123.1	18.287	419	445	96	432	308	12	16	419	8	422	0.0	523
lcl|NC_017455.1_prot_WP_014554119.1_1	GCF_019670705.1_WP_221051143.1	19.005	419	446	99	442	312	12	4	419	1	422	0.0	523
lcl|NC_017455.1_prot_WP_014554119.1_1	GCF_012676905.1_WP_168907852.1	19.310	419	439	97	435	306	11	12	419	1	417	0.0	523
lcl|NC_017455.1_prot_WP_014554119.1_1	GCF_008632455.1_WP_150047875.1	19.955	419	448	100	446	311	12	1	419	1	427	0.0	523
lcl|NC_017455.1_prot_WP_014554119.1_1	GCF_008369725.1_WP_068650635.1	20.920	419	439	97	435	299	11	12	419	1	417	0.0	523
lcl|NC_017455.1_prot_WP_014554119.1_1	GCF_007741535.1_WP_145171288.1	53.302	419	508	99	424	186	4	3	415	84	506	0.0	523
lcl|NC_017455.1_prot_WP_014554119.1_1	GCF_002953195.1_WP_104957726.1	18.805	419	453	99	452	312	12	4	419	1	433	0.0	523
lcl|NC_017455.1_prot_WP_014554119.1_1	GCF_002192415.1_WP_087916261.1	20.602	419	441	97	432	298	11	15	419	6	419	0.0	523
lcl|NC_017455.1_prot_WP_014554119.1_1	GCF_001721685.1_WP_069365196.1	21.810	419	434	96	431	292	11	16	419	2	414	0.0	523
lcl|NC_017455.1_prot_WP_014554119.1_1	GCF_000788395.1_WP_038640619.1	20.531	419	441	93	414	286	11	32	419	23	419	0.0	523
lcl|NC_017455.1_prot_WP_014554119.1_1	GCF_000758685.1_WP_245624968.1	20.833	419	441	97	432	297	11	15	419	6	419	0.0	523
lcl|NC_017455.1_prot_WP_014554119.1_1	GCF_000177635.2_WP_013506806.1	20.092	419	439	97	433	301	10	15	419	3	418	0.0	523
lcl|NC_017455.1_prot_WP_014554119.1_1	GCF_000146165.2_WP_011073109.1	18.287	419	445	96	432	308	12	16	419	8	422	0.0	523
lcl|NC_017455.1_prot_WP_014554119.1_1	GCF_000063585.1_WP_012047906.1	18.349	419	438	98	436	311	10	10	419	1	417	0.0	523
lcl|NC_017455.1_prot_WP_014554119.1_1	GCF_029318685.1_WP_004622013.1	18.433	419	436	97	434	310	11	12	419	1	416	0.0	523
lcl|NC_017455.1_prot_WP_014554119.1_1	GCF_021365465.1_WP_016189499.1	18.805	419	453	99	452	312	12	4	419	1	433	0.0	523
lcl|NC_017455.1_prot_WP_014554119.1_1	GCF_020911725.1_WP_230028151.1	17.512	419	435	97	434	313	12	12	419	1	415	0.0	523
lcl|NC_017455.1_prot_WP_014554119.1_1	GCF_019931735.1_WP_188737197.1	18.794	419	446	97	431	307	11	15	419	9	422	0.0	523
lcl|NC_017455.1_prot_WP_014554119.1_1	GCF_019797925.1_WP_017218040.1	19.585	419	443	97	434	304	13	12	419	7	421	0.0	523
lcl|NC_017455.1_prot_WP_014554119.1_1	GCF_016469335.1_WP_199611218.1	19.082	419	447	93	414	292	11	32	419	26	422	0.0	523
lcl|NC_017455.1_prot_WP_014554119.1_1	GCF_014623465.1_WP_111605400.1	18.307	419	443	98	437	313	11	10	419	1	420	0.0	523
lcl|NC_017455.1_prot_WP_014554119.1_1	GCF_008727795.1_WP_151053507.1	19.477	419	462	94	421	295	11	26	419	17	420	0.0	523
lcl|NC_017455.1_prot_WP_014554119.1_1	GCF_004353525.1_WP_227767246.1	19.444	419	437	97	432	303	11	15	419	3	416	0.0	523
lcl|NC_017455.1_prot_WP_014554119.1_1	GCF_003966975.1_WP_116225126.1	53.318	419	424	98	422	185	3	2	413	1	420	0.0	523
lcl|NC_017455.1_prot_WP_014554119.1_1	GCF_001886875.1_WP_002582000.1	19.266	419	438	98	436	308	11	10	419	1	418	0.0	523
lcl|NC_017455.1_prot_WP_014554119.1_1	GCF_001043175.1_WP_048384588.1	18.925	419	479	96	428	303	11	19	419	27	437	0.0	523
lcl|NC_017455.1_prot_WP_014554119.1_1	GCF_000196535.1_WP_013188726.1	54.521	419	589	89	376	165	2	47	418	214	587	0.0	523
lcl|NC_017455.1_prot_WP_014554119.1_1	GCF_000018605.1_WP_012207890.1	55.422	419	441	99	415	182	2	2	414	23	436	0.0	523
lcl|NC_017455.1_prot_WP_014554119.1_1	GCF_029023665.1_WP_145239400.1	19.863	419	444	98	438	306	12	8	419	4	422	0.0	523
lcl|NC_017455.1_prot_WP_014554119.1_1	GCF_028885455.1_WP_257326276.1	19.863	419	444	98	438	306	12	8	419	4	422	0.0	523
lcl|NC_017455.1_prot_WP_014554119.1_1	GCF_019090985.1_WP_036807514.1	18.584	419	454	99	452	313	12	4	419	1	433	0.0	523
lcl|NC_017455.1_prot_WP_014554119.1_1	GCF_018141425.1_WP_113675219.1	20.000	419	441	97	435	302	12	12	419	1	416	0.0	523
lcl|NC_017455.1_prot_WP_014554119.1_1	GCF_009730655.1_WP_028779131.1	19.231	419	446	99	442	311	12	4	419	1	422	0.0	523
lcl|NC_017455.1_prot_WP_014554119.1_1	GCF_007567505.1_WP_144214236.1	19.026	419	445	97	431	306	11	15	419	9	422	0.0	523
lcl|NC_017455.1_prot_WP_014554119.1_1	GCF_004135365.1_WP_129444036.1	18.981	419	437	97	432	305	11	15	419	2	415	0.0	523
lcl|NC_017455.1_prot_WP_014554119.1_1	GCF_001908275.1_WP_036609365.1	19.540	419	439	97	435	305	11	12	419	1	417	0.0	523
lcl|NC_017455.1_prot_WP_014554119.1_1	GCF_000093085.1_WP_013172676.1	19.954	419	434	96	431	300	12	16	419	2	414	0.0	523
lcl|NC_017455.1_prot_WP_014554119.1_1	GCF_023650495.1_WP_250657654.1	18.265	419	459	98	438	313	12	9	419	3	422	0.0	522
lcl|NC_017455.1_prot_WP_014554119.1_1	GCF_018972165.1_WP_014577634.1	19.149	419	464	95	423	298	11	24	419	16	421	0.0	522
lcl|NC_017455.1_prot_WP_014554119.1_1	GCF_014218355.1_WP_185257859.1	56.948	419	531	87	367	154	2	53	416	162	527	0.0	522
lcl|NC_017455.1_prot_WP_014554119.1_1	GCF_011492945.1_WP_166176311.1	57.568	419	508	88	370	155	2	47	415	137	505	0.0	522
lcl|NC_017455.1_prot_WP_014554119.1_1	GCF_011207455.1_WP_166032855.1	19.037	419	440	98	436	306	11	9	419	2	415	0.0	522
lcl|NC_017455.1_prot_WP_014554119.1_1	GCF_003668795.1_WP_064386714.1	19.635	419	444	98	438	307	13	8	419	4	422	0.0	522
lcl|NC_017455.1_prot_WP_014554119.1_1	GCF_901482605.1_WP_138209812.1	18.938	419	447	96	433	305	11	16	419	4	419	0.0	522
lcl|NC_017455.1_prot_WP_014554119.1_1	GCF_900120245.1_WP_072457680.1	52.381	419	571	89	378	174	2	42	415	190	565	0.0	522
lcl|NC_017455.1_prot_WP_014554119.1_1	GCF_020150375.1_WP_130961129.1	19.069	419	453	99	451	311	12	4	419	1	432	0.0	522
lcl|NC_017455.1_prot_WP_014554119.1_1	GCF_006228385.1_WP_139756997.1	18.095	419	444	94	420	301	11	26	419	17	419	0.0	522
lcl|NC_017455.1_prot_WP_014554119.1_1	GCF_002952315.1_WP_012668406.1	18.681	419	453	100	455	312	13	1	419	1	433	0.0	522
lcl|NC_017455.1_prot_WP_014554119.1_1	GCF_002005165.1_WP_077720759.1	17.890	419	443	98	436	313	11	11	419	3	420	0.0	522
lcl|NC_017455.1_prot_WP_014554119.1_1	GCF_001634285.1_WP_148660372.1	18.970	419	436	95	427	301	11	20	419	6	414	0.0	522
lcl|NC_017455.1_prot_WP_014554119.1_1	GCF_001558255.2_WP_040528051.1	21.176	419	446	95	425	291	11	22	419	17	424	0.0	522
lcl|NC_017455.1_prot_WP_014554119.1_1	GCF_000092425.1_WP_041948001.1	56.585	419	415	98	410	176	2	2	410	1	409	0.0	522
lcl|NC_017455.1_prot_WP_014554119.1_1	GCF_000018285.1_WP_012154617.1	18.329	419	446	97	431	309	11	15	419	9	422	0.0	522
lcl|NC_017455.1_prot_WP_014554119.1_1	GCF_019669905.1_WP_231879388.1	21.343	419	421	93	417	284	11	30	419	1	400	0.0	521
lcl|NC_017455.1_prot_WP_014554119.1_1	GCF_019272935.1_WP_017437086.1	19.169	419	438	96	433	303	11	16	419	2	416	0.0	521
lcl|NC_017455.1_prot_WP_014554119.1_1	GCF_018966525.1_WP_090833785.1	20.602	419	437	97	432	298	11	15	419	2	415	0.0	521
lcl|NC_017455.1_prot_WP_014554119.1_1	GCF_017894385.1_WP_169208664.1	18.625	419	467	96	451	303	11	16	419	12	445	0.0	521
lcl|NC_017455.1_prot_WP_014554119.1_1	GCF_013347305.1_WP_110893157.1	19.080	419	439	97	435	307	11	12	419	1	417	0.0	521
lcl|NC_017455.1_prot_WP_014554119.1_1	GCF_009363075.1_WP_152392470.1	19.310	419	439	97	435	306	11	12	419	1	417	0.0	521
lcl|NC_017455.1_prot_WP_014554119.1_1	GCF_003065405.1_WP_108431725.1	52.394	419	529	88	376	169	2	47	413	139	513	0.0	521
lcl|NC_017455.1_prot_WP_014554119.1_1	GCF_002101395.1_WP_085071300.1	18.805	419	453	99	452	312	12	4	419	1	433	0.0	521
lcl|NC_017455.1_prot_WP_014554119.1_1	GCF_002075795.1_WP_055025027.1	18.981	419	445	97	432	305	13	15	419	9	422	0.0	521
lcl|NC_017455.1_prot_WP_014554119.1_1	GCF_001877035.1_WP_071613442.1	17.742	419	435	97	434	312	11	12	419	1	415	0.0	521
lcl|NC_017455.1_prot_WP_014554119.1_1	GCF_001579945.1_WP_083536490.1	18.913	419	471	95	423	299	11	24	419	36	441	0.0	521
lcl|NC_017455.1_prot_WP_014554119.1_1	GCF_001484725.1_WP_023163017.1	17.742	419	436	97	434	312	12	12	419	1	415	0.0	521
lcl|NC_017455.1_prot_WP_014554119.1_1	GCF_000830985.1_WP_041341331.1	18.676	419	465	95	423	300	11	24	419	16	421	0.0	521
lcl|NC_017455.1_prot_WP_014554119.1_1	GCF_000785705.2_WP_062329264.1	19.507	419	449	100	446	314	12	1	419	1	428	0.0	521
lcl|NC_017455.1_prot_WP_014554119.1_1	GCF_000284615.1_WP_011785468.1	18.037	419	463	97	438	312	12	12	419	1	421	0.0	521
lcl|NC_017455.1_prot_WP_014554119.1_1	GCF_000255115.2_WP_014828692.1	18.160	419	435	95	424	302	12	22	419	9	413	0.0	521
lcl|NC_017455.1_prot_WP_014554119.1_1	GCF_000145255.1_WP_013293036.1	18.552	419	500	95	442	297	11	24	419	53	477	0.0	521
lcl|NC_017455.1_prot_WP_014554119.1_1	GCF_900184705.1_WP_087862793.1	54.265	419	424	98	422	181	3	2	413	1	420	0.0	521
lcl|NC_017455.1_prot_WP_014554119.1_1	GCF_026650945.1_WP_216273380.1	17.742	419	438	97	434	312	10	12	419	1	415	0.0	521
lcl|NC_017455.1_prot_WP_014554119.1_1	GCF_020002245.1_WP_063383515.1	20.000	419	440	96	430	297	11	19	419	5	416	0.0	521
lcl|NC_017455.1_prot_WP_014554119.1_1	GCF_009937995.1_WP_162085016.1	18.240	419	468	99	466	315	12	2	419	1	448	0.0	521
lcl|NC_017455.1_prot_WP_014554119.1_1	GCF_009730315.1_WP_004632617.1	53.922	419	422	97	408	184	3	13	418	16	421	0.0	521
lcl|NC_017455.1_prot_WP_014554119.1_1	GCF_008693705.1_WP_005334747.1	19.266	419	443	98	436	309	11	10	419	1	419	0.0	521
lcl|NC_017455.1_prot_WP_014554119.1_1	GCF_006542275.1_WP_141449390.1	19.080	419	439	97	435	307	11	12	419	1	417	0.0	521
lcl|NC_017455.1_prot_WP_014554119.1_1	GCF_004295345.1_WP_130597717.1	18.868	419	445	95	424	300	12	22	419	17	422	0.0	521
lcl|NC_017455.1_prot_WP_014554119.1_1	GCF_003429285.1_WP_108567848.1	18.421	419	444	94	418	298	11	28	419	19	419	0.0	521
lcl|NC_017455.1_prot_WP_014554119.1_1	GCF_002243665.1_WP_025951085.1	19.664	419	422	93	417	290	11	30	419	2	400	0.0	521
lcl|NC_017455.1_prot_WP_014554119.1_1	GCF_001586255.1_WP_197465762.1	19.906	419	439	95	427	298	11	20	419	8	417	0.0	521
lcl|NC_017455.1_prot_WP_014554119.1_1	GCF_000091565.1_WP_004157174.1	18.901	419	453	100	455	311	13	1	419	1	433	0.0	521
lcl|NC_017455.1_prot_WP_014554119.1_1	GCF_900637055.1_WP_106653455.1	20.000	419	439	97	435	302	11	12	419	1	416	0.0	521
lcl|NC_017455.1_prot_WP_014554119.1_1	GCF_023517775.1_WP_249891404.1	18.805	419	453	99	452	312	12	4	419	1	433	0.0	521
lcl|NC_017455.1_prot_WP_014554119.1_1	GCF_020683125.1_WP_133842898.1	18.584	419	453	99	452	313	12	4	419	1	433	0.0	521
lcl|NC_017455.1_prot_WP_014554119.1_1	GCF_020079945.1_WP_039385131.1	18.625	419	451	99	451	312	13	4	419	1	431	0.0	521
lcl|NC_017455.1_prot_WP_014554119.1_1	GCF_001856695.1_WP_071167511.1	19.816	419	435	97	434	303	11	12	419	1	415	0.0	521
lcl|NC_017455.1_prot_WP_014554119.1_1	GCF_001651805.1_WP_067378523.1	20.903	419	461	94	421	289	11	26	419	17	420	0.0	521
lcl|NC_017455.1_prot_WP_014554119.1_1	GCF_000619905.2_WP_025039706.1	18.100	419	475	94	442	298	11	25	419	22	446	0.0	521
lcl|NC_017455.1_prot_WP_014554119.1_1	GCF_016772275.1_WP_202776778.1	19.590	419	436	98	439	301	12	10	419	1	416	0.0	520
lcl|NC_017455.1_prot_WP_014554119.1_1	GCF_016026875.1_WP_011705275.1	19.080	419	443	98	435	307	12	11	419	4	419	0.0	520
lcl|NC_017455.1_prot_WP_014554119.1_1	GCF_005484965.1_WP_009113319.1	18.363	419	460	99	452	314	12	4	419	1	433	0.0	520
lcl|NC_017455.1_prot_WP_014554119.1_1	GCF_000504105.1_WP_231845409.1	20.095	419	438	95	423	295	12	21	419	14	417	0.0	520
lcl|NC_017455.1_prot_WP_014554119.1_1	GCF_000196155.1_WP_011146207.1	18.584	419	454	99	452	313	12	4	419	1	433	0.0	520
lcl|NC_017455.1_prot_WP_014554119.1_1	GCF_000007625.1_WP_035125094.1	19.585	419	440	97	434	304	12	12	419	1	415	0.0	520
lcl|NC_017455.1_prot_WP_014554119.1_1	GCF_025148125.1_WP_025579236.1	57.493	419	465	87	367	152	2	52	415	96	461	0.0	520
lcl|NC_017455.1_prot_WP_014554119.1_1	GCF_016127195.1_WP_042031567.1	19.266	419	443	98	436	309	11	10	419	1	419	0.0	520
lcl|NC_017455.1_prot_WP_014554119.1_1	GCF_014678925.1_WP_015374409.1	19.664	419	422	93	417	290	11	30	419	2	400	0.0	520
lcl|NC_017455.1_prot_WP_014554119.1_1	GCF_012427845.1_WP_107167768.1	18.584	419	456	99	452	313	12	4	419	1	433	0.0	520
lcl|NC_017455.1_prot_WP_014554119.1_1	GCF_011617105.1_WP_025796732.1	19.069	419	453	99	451	311	12	4	419	1	432	0.0	520
lcl|NC_017455.1_prot_WP_014554119.1_1	GCF_011492965.1_WP_166396376.1	59.504	419	516	86	363	145	2	54	415	152	513	0.0	520
lcl|NC_017455.1_prot_WP_014554119.1_1	GCF_003568865.1_WP_119068341.1	55.348	419	497	89	374	164	3	44	415	123	495	0.0	520
lcl|NC_017455.1_prot_WP_014554119.1_1	GCF_002310795.1_WP_008112184.1	19.144	419	444	99	444	311	13	2	419	1	422	0.0	520
lcl|NC_017455.1_prot_WP_014554119.1_1	GCF_001742185.1_WP_005970656.1	18.584	419	456	99	452	313	12	4	419	1	433	0.0	520
lcl|NC_017455.1_prot_WP_014554119.1_1	GCF_000235405.2_WP_014451096.1	20.755	419	447	95	424	292	12	21	419	21	425	0.0	520
lcl|NC_017455.1_prot_WP_014554119.1_1	GCF_000178875.2_WP_006082403.1	18.644	419	445	92	413	293	11	33	419	27	422	0.0	520
lcl|NC_017455.1_prot_WP_014554119.1_1	GCF_000091325.1_WP_013050716.1	17.701	419	446	97	435	313	12	13	419	5	422	0.0	520
lcl|NC_017455.1_prot_WP_014554119.1_1	GCF_000020965.1_WP_012548062.1	52.916	419	472	99	463	166	3	2	414	1	461	0.0	520
lcl|NC_017455.1_prot_WP_014554119.1_1	GCF_000018865.1_WP_242604925.1	57.600	419	415	89	375	158	1	39	413	37	410	0.0	520
lcl|NC_017455.1_prot_WP_014554119.1_1	GCF_000014705.1_WP_011636659.1	19.128	419	446	92	413	291	11	33	419	27	422	0.0	520
lcl|NC_017455.1_prot_WP_014554119.1_1	GCF_940677205.1_WP_250278417.1	19.355	419	436	97	434	305	12	12	419	1	415	0.0	519
lcl|NC_017455.1_prot_WP_014554119.1_1	GCF_900638565.1_WP_126439298.1	52.817	419	478	97	426	178	4	6	412	53	474	0.0	519
lcl|NC_017455.1_prot_WP_014554119.1_1	GCF_019890955.1_WP_021509867.1	18.444	419	451	99	450	314	12	4	419	1	431	0.0	519
lcl|NC_017455.1_prot_WP_014554119.1_1	GCF_016026615.1_WP_042060547.1	19.037	419	443	98	436	310	11	10	419	1	419	0.0	519
lcl|NC_017455.1_prot_WP_014554119.1_1	GCF_013128195.2_WP_171472178.1	54.567	419	503	98	416	183	3	4	414	87	501	0.0	519
lcl|NC_017455.1_prot_WP_014554119.1_1	GCF_011067105.1_WP_017869108.1	54.612	419	425	98	412	183	3	5	413	13	423	0.0	519
lcl|NC_017455.1_prot_WP_014554119.1_1	GCF_009873295.1_WP_010279628.1	18.584	419	456	99	452	313	12	4	419	1	433	0.0	519
lcl|NC_017455.1_prot_WP_014554119.1_1	GCF_002116735.1_WP_036204833.1	19.570	419	460	94	419	293	11	28	419	20	421	0.0	519
lcl|NC_017455.1_prot_WP_014554119.1_1	GCF_002081995.1_WP_029053208.1	20.375	419	446	95	427	292	11	23	419	12	420	0.0	519
lcl|NC_017455.1_prot_WP_014554119.1_1	GCF_000196615.1_WP_013202676.1	19.124	419	452	95	434	299	11	21	419	16	432	0.0	519
lcl|NC_017455.1_prot_WP_014554119.1_1	GCF_000165465.1_WP_014552733.1	19.169	419	435	97	433	306	12	12	419	1	414	0.0	519
lcl|NC_017455.1_prot_WP_014554119.1_1	GCF_000021645.1_WP_012583445.1	52.473	419	474	99	465	167	3	2	414	1	463	0.0	519
lcl|NC_017455.1_prot_WP_014554119.1_1	GCF_024360925.2_WP_255188407.1	19.672	419	448	95	427	299	11	20	419	18	427	0.0	519
lcl|NC_017455.1_prot_WP_014554119.1_1	GCF_021654795.1_WP_168177921.1	19.026	419	442	96	431	304	11	16	419	8	420	0.0	519
lcl|NC_017455.1_prot_WP_014554119.1_1	GCF_018324385.1_WP_246487440.1	18.764	419	466	97	453	304	12	13	419	9	443	0.0	519
lcl|NC_017455.1_prot_WP_014554119.1_1	GCF_008254045.1_WP_218575443.1	54.436	419	456	98	417	184	3	3	414	39	454	0.0	519
lcl|NC_017455.1_prot_WP_014554119.1_1	GCF_003966895.1_WP_126310787.1	19.770	419	440	97	435	304	11	12	419	1	417	0.0	519
lcl|NC_017455.1_prot_WP_014554119.1_1	GCF_003382565.3_WP_102118452.1	18.584	419	456	99	452	313	12	4	419	1	433	0.0	519
lcl|NC_017455.1_prot_WP_014554119.1_1	GCF_001010285.1_WP_046976462.1	18.584	419	454	99	452	313	12	4	419	1	433	0.0	519
lcl|NC_017455.1_prot_WP_014554119.1_1	GCF_000961095.1_WP_045671992.1	19.668	419	441	95	422	298	10	10	408	1	404	0.0	519
lcl|NC_017455.1_prot_WP_014554119.1_1	GCF_000231405.2_WP_006716715.1	17.330	419	438	96	427	309	11	19	419	6	414	0.0	519
lcl|NC_017455.1_prot_WP_014554119.1_1	GCF_020511155.1_WP_226410455.1	18.552	419	446	99	442	314	13	4	419	1	422	0.0	519
lcl|NC_017455.1_prot_WP_014554119.1_1	GCF_018687595.1_WP_215381373.1	18.792	419	480	95	447	295	11	24	419	28	457	0.0	519
lcl|NC_017455.1_prot_WP_014554119.1_1	GCF_017348895.1_WP_207253542.1	19.816	419	436	97	434	303	12	12	419	1	415	0.0	519
lcl|NC_017455.1_prot_WP_014554119.1_1	GCF_015999465.1_WP_085686041.1	17.556	419	452	99	450	318	12	4	419	1	431	0.0	519
lcl|NC_017455.1_prot_WP_014554119.1_1	GCF_009688985.1_WP_155320906.1	18.203	419	439	97	434	311	10	13	419	3	419	0.0	519
lcl|NC_017455.1_prot_WP_014554119.1_1	GCF_002993925.1_WP_105980933.1	19.490	419	438	96	431	297	12	19	419	5	415	0.0	519
lcl|NC_017455.1_prot_WP_014554119.1_1	GCF_000019525.1_WP_012324253.1	17.391	419	446	98	437	316	12	11	419	3	422	0.0	519
lcl|NC_017455.1_prot_WP_014554119.1_1	GCF_940670685.1_WP_250230211.1	18.329	419	434	96	431	307	11	16	419	2	414	0.0	518
lcl|NC_017455.1_prot_WP_014554119.1_1	GCF_012849095.1_WP_169279675.1	18.621	419	439	97	435	309	11	12	419	1	417	0.0	518
lcl|NC_017455.1_prot_WP_014554119.1_1	GCF_011764585.1_WP_173061410.1	18.345	419	465	95	447	300	11	21	419	15	444	0.0	518
lcl|NC_017455.1_prot_WP_014554119.1_1	GCF_009931295.1_WP_103158374.1	18.363	419	456	99	452	314	12	4	419	1	433	0.0	518
lcl|NC_017455.1_prot_WP_014554119.1_1	GCF_004117095.1_WP_042232983.1	18.307	419	441	98	437	312	11	10	419	1	419	0.0	518
lcl|NC_017455.1_prot_WP_014554119.1_1	GCF_003855395.1_WP_124730244.1	19.128	419	446	92	413	291	11	33	419	27	422	0.0	518
lcl|NC_017455.1_prot_WP_014554119.1_1	GCF_003444775.1_WP_027462631.1	54.745	419	425	97	411	182	3	6	413	13	422	0.0	518
lcl|NC_017455.1_prot_WP_014554119.1_1	GCF_000740965.1_WP_039292553.1	18.363	419	456	99	452	314	12	4	419	1	433	0.0	518
lcl|NC_017455.1_prot_WP_014554119.1_1	GCF_000252445.1_WP_226991498.1	53.735	419	417	98	415	188	3	2	413	1	414	0.0	518
lcl|NC_017455.1_prot_WP_014554119.1_1	GCF_000235585.1_WP_014281079.1	19.770	419	439	97	435	304	11	12	419	1	417	0.0	518
lcl|NC_017455.1_prot_WP_014554119.1_1	GCF_000196115.1_WP_231846488.1	52.392	419	421	98	418	192	4	2	413	1	417	0.0	518
lcl|NC_017455.1_prot_WP_014554119.1_1	GCF_000026185.1_WP_042958974.1	18.681	419	453	100	455	312	13	1	419	1	433	0.0	518
lcl|NC_017455.1_prot_WP_014554119.1_1	GCF_000020945.1_WP_012544306.1	19.816	419	438	97	434	303	11	12	419	1	415	0.0	518
lcl|NC_017455.1_prot_WP_014554119.1_1	GCF_000018025.1_WP_012143397.1	18.554	419	446	93	415	295	11	31	419	25	422	0.0	518
lcl|NC_017455.1_prot_WP_014554119.1_1	GCF_000015245.1_WP_011760407.1	18.561	419	446	97	431	308	11	15	419	9	422	0.0	518
lcl|NC_017455.1_prot_WP_014554119.1_1	GCF_028355655.1_WP_005319328.1	19.477	419	443	94	421	296	11	25	419	16	419	0.0	518
lcl|NC_017455.1_prot_WP_014554119.1_1	GCF_015689195.1_WP_015840783.1	18.584	419	456	99	452	313	12	4	419	1	433	0.0	518
lcl|NC_017455.1_prot_WP_014554119.1_1	GCF_009363115.1_WP_152381337.1	19.770	419	439	97	435	304	11	12	419	1	417	0.0	518
lcl|NC_017455.1_prot_WP_014554119.1_1	GCF_003600355.1_WP_119972819.1	17.281	419	437	97	434	315	11	12	419	1	416	0.0	518
lcl|NC_017455.1_prot_WP_014554119.1_1	GCF_000284515.1_WP_014643274.1	18.056	419	435	96	432	308	11	16	419	2	415	0.0	518
lcl|NC_017455.1_prot_WP_014554119.1_1	GCF_000255135.1_WP_014296570.1	20.413	419	440	98	436	302	12	10	419	1	417	0.0	518
lcl|NC_017455.1_prot_WP_014554119.1_1	GCF_000145275.1_WP_010077327.1	17.972	419	435	97	434	311	12	12	419	1	415	0.0	518
lcl|NC_017455.1_prot_WP_014554119.1_1	GCF_000024905.1_WP_012870076.1	18.458	419	441	96	428	304	11	19	419	9	418	0.0	518
lcl|NC_017455.1_prot_WP_014554119.1_1	GCF_000021945.1_WP_041470415.1	58.649	419	422	88	370	152	1	44	413	49	417	0.0	518
lcl|NC_017455.1_prot_WP_014554119.1_1	GCF_000020985.1_WP_012545917.1	20.471	419	437	96	425	296	11	19	419	10	416	0.0	518
lcl|NC_017455.1_prot_WP_014554119.1_1	GCF_000013765.1_WP_011495772.1	18.913	419	446	95	423	299	12	23	419	18	422	0.0	518
lcl|NC_017455.1_prot_WP_014554119.1_1	GCF_019844095.1_WP_062743695.1	19.080	419	453	95	435	299	11	21	419	16	433	0.0	518
lcl|NC_017455.1_prot_WP_014554119.1_1	GCF_019357495.1_WP_183673997.1	57.635	419	427	97	406	169	2	11	415	14	417	0.0	518
lcl|NC_017455.1_prot_WP_014554119.1_1	GCF_016834455.1_WP_203324282.1	18.561	419	446	97	431	308	11	15	419	9	422	0.0	518
lcl|NC_017455.1_prot_WP_014554119.1_1	GCF_015167415.1_WP_193820979.1	18.931	419	455	99	449	312	12	4	419	1	430	0.0	518
lcl|NC_017455.1_prot_WP_014554119.1_1	GCF_006965545.2_WP_176009473.1	21.212	419	441	96	429	292	11	19	419	6	416	0.0	518
lcl|NC_017455.1_prot_WP_014554119.1_1	GCF_004015185.1_WP_128212488.1	19.124	419	436	97	434	306	12	12	419	1	415	0.0	518
lcl|NC_017455.1_prot_WP_014554119.1_1	GCF_002162375.1_WP_087464542.1	18.807	419	454	98	436	309	12	11	419	4	421	0.0	518
lcl|NC_017455.1_prot_WP_014554119.1_1	GCF_002005145.1_WP_077714864.1	18.267	419	442	95	427	304	11	20	419	12	420	0.0	518
lcl|NC_017455.1_prot_WP_014554119.1_1	GCF_000143685.1_WP_013237690.1	17.512	419	435	97	434	313	12	12	419	1	415	0.0	518
lcl|NC_017455.1_prot_WP_014554119.1_1	GCF_000019185.1_WP_012276557.1	17.799	419	446	96	427	307	12	19	419	14	422	0.0	518
lcl|NC_017455.1_prot_WP_014554119.1_1	GCF_900130075.1_WP_231949421.1	20.090	419	448	95	443	290	11	24	419	3	428	0.0	517
lcl|NC_017455.1_prot_WP_014554119.1_1	GCF_025997855.1_WP_264777410.1	54.217	419	417	98	415	186	3	2	413	1	414	0.0	517
lcl|NC_017455.1_prot_WP_014554119.1_1	GCF_020181655.1_WP_225088180.1	18.584	419	456	99	452	313	12	4	419	1	433	0.0	517
lcl|NC_017455.1_prot_WP_014554119.1_1	GCF_016939435.1_WP_233252949.1	19.240	419	426	94	421	293	11	28	419	2	404	0.0	517
lcl|NC_017455.1_prot_WP_014554119.1_1	GCF_014042035.1_WP_154999826.1	19.026	419	438	96	431	299	12	19	419	5	415	0.0	517
lcl|NC_017455.1_prot_WP_014554119.1_1	GCF_009688945.1_WP_155315096.1	18.372	419	439	96	430	307	10	17	419	7	419	0.0	517
lcl|NC_017455.1_prot_WP_014554119.1_1	GCF_006274405.1_WP_016820950.1	19.540	419	439	97	435	305	11	12	419	1	417	0.0	517
lcl|NC_017455.1_prot_WP_014554119.1_1	GCF_003614235.1_WP_045014886.1	18.329	419	440	97	431	309	11	15	419	6	419	0.0	517
lcl|NC_017455.1_prot_WP_014554119.1_1	GCF_001857945.1_WP_068655748.1	20.460	419	439	97	435	301	11	12	419	1	417	0.0	517
lcl|NC_017455.1_prot_WP_014554119.1_1	GCF_000832905.1_WP_029141580.1	19.529	419	441	95	425	295	11	24	419	10	416	0.0	517
lcl|NC_017455.1_prot_WP_014554119.1_1	GCF_000258405.1_WP_275039097.1	19.222	419	440	98	437	308	11	10	419	1	419	0.0	517
lcl|NC_017455.1_prot_WP_014554119.1_1	GCF_000243135.2_WP_015263244.1	17.606	419	433	95	426	306	12	20	419	7	413	0.0	517
lcl|NC_017455.1_prot_WP_014554119.1_1	GCF_000178835.2_WP_013657456.1	19.565	419	433	92	414	287	12	33	419	19	413	0.0	517
lcl|NC_017455.1_prot_WP_014554119.1_1	GCF_000020685.1_WP_012693193.1	55.718	419	424	97	411	178	3	6	413	12	421	0.0	517
lcl|NC_017455.1_prot_WP_014554119.1_1	GCF_028747985.1_WP_205053365.1	20.460	419	439	97	435	301	11	12	419	1	417	0.0	517
lcl|NC_017455.1_prot_WP_014554119.1_1	GCF_024346715.1_WP_048899836.1	20.460	419	443	97	435	301	12	12	419	8	424	0.0	517
lcl|NC_017455.1_prot_WP_014554119.1_1	GCF_023195835.1_WP_248328647.1	18.578	419	441	98	436	310	12	10	419	2	418	0.0	517
lcl|NC_017455.1_prot_WP_014554119.1_1	GCF_018223745.1_WP_077868937.1	19.715	419	438	94	421	294	11	25	419	16	418	0.0	517
lcl|NC_017455.1_prot_WP_014554119.1_1	GCF_012295575.1_WP_238786937.1	20.823	419	437	92	413	284	11	33	419	18	413	0.0	517
lcl|NC_017455.1_prot_WP_014554119.1_1	GCF_002285495.1_WP_119865236.1	19.722	419	435	97	431	301	12	15	419	3	414	0.0	517
lcl|NC_017455.1_prot_WP_014554119.1_1	GCF_002240415.1_WP_007430024.1	19.540	419	439	97	435	305	11	12	419	1	417	0.0	517
lcl|NC_017455.1_prot_WP_014554119.1_1	GCF_001685395.1_WP_068700377.1	19.908	419	439	98	437	303	13	10	419	1	417	0.0	517
lcl|NC_017455.1_prot_WP_014554119.1_1	GCF_001644565.1_WP_064014648.1	54.745	419	426	97	411	182	3	6	413	14	423	0.0	517
lcl|NC_017455.1_prot_WP_014554119.1_1	GCF_000305935.1_WP_148275854.1	19.953	419	442	96	426	298	11	19	419	5	412	0.0	517
lcl|NC_017455.1_prot_WP_014554119.1_1	GCF_000828655.1_WP_041077497.1	20.238	419	422	95	420	292	12	24	419	1	401	0.0	516
lcl|NC_017455.1_prot_WP_014554119.1_1	GCF_000317835.1_WP_041231730.1	53.735	419	417	98	415	188	3	2	413	1	414	0.0	516
lcl|NC_017455.1_prot_WP_014554119.1_1	GCF_000020485.1_WP_015923406.1	17.090	419	437	97	433	317	11	12	419	1	416	0.0	516
lcl|NC_017455.1_prot_WP_014554119.1_1	GCF_000012885.1_WP_011340912.1	18.881	419	433	96	429	304	11	18	419	2	413	1.02e-180	516
lcl|NC_017455.1_prot_WP_014554119.1_1	GCF_002234535.1_WP_093940577.1	52.785	419	672	89	377	172	2	43	415	290	664	1.03e-180	525
lcl|NC_017455.1_prot_WP_014554119.1_1	GCF_003019925.1_WP_048252867.1	19.556	419	454	99	450	309	12	4	419	1	431	1.05e-180	517
lcl|NC_017455.1_prot_WP_014554119.1_1	GCF_025151995.1_WP_028529697.1	50.572	419	448	96	437	181	5	15	417	13	448	1.08e-180	517
lcl|NC_017455.1_prot_WP_014554119.1_1	GCF_024347035.1_WP_171137847.1	17.972	419	440	97	434	311	12	12	419	4	418	1.10e-180	516
lcl|NC_017455.1_prot_WP_014554119.1_1	GCF_019900845.1_WP_232358834.1	19.585	419	443	97	434	306	11	12	419	1	417	1.12e-180	516
lcl|NC_017455.1_prot_WP_014554119.1_1	GCF_000355765.4_WP_040852617.1	18.223	419	468	93	439	294	11	29	419	24	445	1.12e-180	518
lcl|NC_017455.1_prot_WP_014554119.1_1	GCF_007559005.1_WP_222103210.1	52.480	419	630	89	383	168	2	45	415	241	621	1.20e-180	523
lcl|NC_017455.1_prot_WP_014554119.1_1	GCF_017894365.1_WP_169203947.1	17.914	419	465	94	441	298	11	26	419	20	443	1.23e-180	517
lcl|NC_017455.1_prot_WP_014554119.1_1	GCF_006742785.1_WP_172630133.1	18.495	419	468	99	465	315	11	2	419	1	448	1.25e-180	517
lcl|NC_017455.1_prot_WP_014554119.1_1	GCF_000020005.1_WP_012447851.1	19.725	419	439	98	436	306	12	10	419	1	418	1.26e-180	516
lcl|NC_017455.1_prot_WP_014554119.1_1	GCF_003049605.2_WP_054767135.1	19.169	419	441	96	433	302	11	17	419	3	417	1.27e-180	516
lcl|NC_017455.1_prot_WP_014554119.1_1	GCF_008705175.1_WP_023973281.1	19.715	419	438	94	421	294	11	25	419	16	418	1.29e-180	516
lcl|NC_017455.1_prot_WP_014554119.1_1	GCF_007004545.3_WP_142874333.1	18.554	419	446	93	415	295	11	31	419	25	422	1.34e-180	516
lcl|NC_017455.1_prot_WP_014554119.1_1	GCF_000341345.1_WP_015400646.1	52.800	419	651	88	375	168	2	47	413	262	635	1.35e-180	524
lcl|NC_017455.1_prot_WP_014554119.1_1	GCF_016638705.1_WP_053594209.1	19.169	419	441	96	433	302	11	17	419	3	417	1.42e-180	516
lcl|NC_017455.1_prot_WP_014554119.1_1	GCF_018278905.1_WP_211696026.1	52.219	419	620	90	383	175	2	43	419	235	615	1.46e-180	523
lcl|NC_017455.1_prot_WP_014554119.1_1	GCF_006385555.1_WP_140234679.1	19.128	419	446	92	413	291	11	33	419	27	422	1.48e-180	516
lcl|NC_017455.1_prot_WP_014554119.1_1	GCF_900465355.1_WP_231944229.1	52.542	419	413	98	413	192	4	4	414	1	411	1.52e-180	515
lcl|NC_017455.1_prot_WP_014554119.1_1	GCF_002257545.1_WP_013856312.1	18.578	419	440	98	436	310	12	10	419	2	418	1.52e-180	516
lcl|NC_017455.1_prot_WP_014554119.1_1	GCF_023733635.1_WP_006473901.1	19.906	419	473	95	427	298	11	20	419	21	430	1.57e-180	517
lcl|NC_017455.1_prot_WP_014554119.1_1	GCF_900637295.1_WP_026427081.1	51.407	419	672	89	391	172	2	45	418	267	656	1.62e-180	525
lcl|NC_017455.1_prot_WP_014554119.1_1	GCF_005671395.1_WP_241666614.1	20.139	419	440	95	432	292	11	24	419	1	415	1.66e-180	516
lcl|NC_017455.1_prot_WP_014554119.1_1	GCF_005890135.1_WP_244937990.1	53.158	419	632	90	380	173	2	43	419	253	630	1.72e-180	523
lcl|NC_017455.1_prot_WP_014554119.1_1	GCF_002688605.1_WP_098999586.1	19.362	419	437	98	439	300	13	10	419	1	414	1.73e-180	516
lcl|NC_017455.1_prot_WP_014554119.1_1	GCF_013282725.1_WP_032814058.1	19.635	419	458	96	438	299	11	18	419	13	433	1.73e-180	517
lcl|NC_017455.1_prot_WP_014554119.1_1	GCF_013177295.1_WP_235904915.1	51.777	419	663	89	394	169	2	45	418	259	651	1.90e-180	524
lcl|NC_017455.1_prot_WP_014554119.1_1	GCF_025345565.1_WP_260996978.1	18.307	419	445	98	437	311	12	10	419	1	418	1.94e-180	516
lcl|NC_017455.1_prot_WP_014554119.1_1	GCF_028622095.1_WP_273988260.1	54.657	419	425	97	408	181	3	6	410	13	419	1.95e-180	515
lcl|NC_017455.1_prot_WP_014554119.1_1	GCF_026427595.1_WP_251812968.1	18.307	419	455	98	437	312	12	10	419	1	419	1.96e-180	516
lcl|NC_017455.1_prot_WP_014554119.1_1	GCF_000023545.1_WP_012765160.1	17.699	419	454	99	452	317	12	4	419	1	433	2.02e-180	516
lcl|NC_017455.1_prot_WP_014554119.1_1	GCF_900637955.1_WP_126417296.1	52.660	419	549	88	376	169	3	47	415	170	543	2.03e-180	520
lcl|NC_017455.1_prot_WP_014554119.1_1	GCF_000331715.1_WP_011526623.1	18.970	419	438	95	427	301	11	20	419	10	418	2.08e-180	516
lcl|NC_017455.1_prot_WP_014554119.1_1	GCF_022647325.1_WP_140916955.1	18.363	419	454	99	452	314	12	4	419	1	433	2.09e-180	516
lcl|NC_017455.1_prot_WP_014554119.1_1	GCF_003019925.1_WP_043081935.1	19.383	419	455	99	454	309	13	2	419	1	433	2.10e-180	516
lcl|NC_017455.1_prot_WP_014554119.1_1	GCF_000145275.1_WP_013291822.1	59.401	419	483	87	367	148	1	49	414	114	480	2.12e-180	517
lcl|NC_017455.1_prot_WP_014554119.1_1	GCF_001941625.1_WP_075739564.1	52.785	419	680	89	377	172	2	43	415	298	672	2.19e-180	525
lcl|NC_017455.1_prot_WP_014554119.1_1	GCF_009646115.1_WP_003854480.1	17.920	419	453	99	452	316	12	4	419	1	433	2.25e-180	516
lcl|NC_017455.1_prot_WP_014554119.1_1	GCF_008843165.1_WP_158060211.1	50.769	419	720	89	390	173	2	44	416	324	711	2.27e-180	526
lcl|NC_017455.1_prot_WP_014554119.1_1	GCF_003336365.1_WP_114370851.1	19.014	419	439	95	426	300	11	21	419	7	414	2.30e-180	516
lcl|NC_017455.1_prot_WP_014554119.1_1	GCF_003515985.1_WP_094118294.1	17.556	419	452	99	450	318	13	4	419	1	431	2.32e-180	516
lcl|NC_017455.1_prot_WP_014554119.1_1	GCF_018069705.1_WP_274372838.1	18.501	419	447	95	427	303	11	20	419	12	420	2.35e-180	516
lcl|NC_017455.1_prot_WP_014554119.1_1	GCF_002157855.1_WP_029326364.1	19.635	419	436	98	438	302	11	10	419	1	416	2.39e-180	515
lcl|NC_017455.1_prot_WP_014554119.1_1	GCF_019933155.2_WP_223442326.1	19.178	419	440	98	438	303	12	10	419	1	415	2.49e-180	516
lcl|NC_017455.1_prot_WP_014554119.1_1	GCF_025758125.1_WP_200580641.1	19.400	419	455	95	433	299	11	20	419	15	430	2.52e-180	516
lcl|NC_017455.1_prot_WP_014554119.1_1	GCF_002291445.1_WP_095835771.1	18.363	419	460	99	452	314	12	4	419	1	433	2.61e-180	516
lcl|NC_017455.1_prot_WP_014554119.1_1	GCF_023525255.1_WP_271434753.1	19.204	419	470	96	427	301	11	19	419	29	437	2.63e-180	517
lcl|NC_017455.1_prot_WP_014554119.1_1	GCF_009938205.1_WP_075706768.1	18.578	419	440	98	436	310	12	10	419	2	418	2.72e-180	515
lcl|NC_017455.1_prot_WP_014554119.1_1	GCF_000014885.1_WP_020911686.1	18.072	419	446	93	415	297	11	31	419	25	422	2.73e-180	516
lcl|NC_017455.1_prot_WP_014554119.1_1	GCF_001878675.1_WP_071649071.1	19.676	419	437	96	432	301	11	16	419	2	415	2.76e-180	515
lcl|NC_017455.1_prot_WP_014554119.1_1	GCF_010731855.1_WP_179967344.1	52.105	419	639	89	380	174	2	43	416	253	630	2.89e-180	523
lcl|NC_017455.1_prot_WP_014554119.1_1	GCF_015711475.1_WP_196716737.1	50.000	419	662	89	394	177	2	45	419	261	653	2.90e-180	524
lcl|NC_017455.1_prot_WP_014554119.1_1	GCF_000145215.1_WP_013290749.1	53.938	419	555	99	419	175	6	6	418	149	555	2.96e-180	520
lcl|NC_017455.1_prot_WP_014554119.1_1	GCF_000166695.1_WP_013432368.1	53.938	419	556	99	419	175	6	6	418	150	556	2.96e-180	520
lcl|NC_017455.1_prot_WP_014554119.1_1	GCF_001277995.1_WP_053544649.1	53.209	419	772	87	374	165	2	49	413	384	756	3.05e-180	527
lcl|NC_017455.1_prot_WP_014554119.1_1	GCF_014490575.1_WP_151841815.1	51.604	419	610	86	374	166	2	54	413	225	597	3.09e-180	522
lcl|NC_017455.1_prot_WP_014554119.1_1	GCF_001700985.1_WP_003251745.1	18.765	419	426	94	421	295	11	28	419	2	404	3.27e-180	514
lcl|NC_017455.1_prot_WP_014554119.1_1	GCF_028751525.1_WP_274457934.1	19.302	419	436	96	430	303	11	16	419	2	413	3.28e-180	515
lcl|NC_017455.1_prot_WP_014554119.1_1	GCF_001991075.2_WP_054200390.1	57.260	419	494	86	365	152	3	54	415	128	491	3.32e-180	517
lcl|NC_017455.1_prot_WP_014554119.1_1	GCF_020342335.1_WP_067431700.1	19.163	419	454	99	454	311	13	2	419	1	434	3.38e-180	516
lcl|NC_017455.1_prot_WP_014554119.1_1	GCF_000024365.1_WP_015747368.1	53.316	419	717	89	377	170	2	43	415	336	710	3.52e-180	525
lcl|NC_017455.1_prot_WP_014554119.1_1	GCF_009796305.1_WP_019226134.1	17.606	419	437	95	426	306	12	20	419	7	413	3.59e-180	515
lcl|NC_017455.1_prot_WP_014554119.1_1	GCF_000376705.1_WP_002547887.1	53.034	419	633	90	379	173	2	43	418	254	630	3.60e-180	522
lcl|NC_017455.1_prot_WP_014554119.1_1	GCF_000954135.1_WP_045218656.1	19.214	419	479	98	458	305	12	9	419	20	459	3.64e-180	516
lcl|NC_017455.1_prot_WP_014554119.1_1	GCF_008122265.1_WP_148862332.1	18.692	419	449	96	428	304	11	19	419	11	421	3.65e-180	515
lcl|NC_017455.1_prot_WP_014554119.1_1	GCF_004792415.1_WP_013358284.1	18.363	419	456	99	452	314	12	4	419	1	433	3.83e-180	516
lcl|NC_017455.1_prot_WP_014554119.1_1	GCF_000746025.2_WP_051965358.1	19.070	419	438	97	430	305	11	15	419	2	413	3.92e-180	515
lcl|NC_017455.1_prot_WP_014554119.1_1	GCF_014107495.1_WP_267875396.1	18.391	419	439	97	435	310	11	12	419	1	417	3.93e-180	515
lcl|NC_017455.1_prot_WP_014554119.1_1	GCF_016495865.1_WP_200084448.1	19.438	419	439	95	427	299	11	20	419	6	414	4.07e-180	515
lcl|NC_017455.1_prot_WP_014554119.1_1	GCF_000212395.1_WP_013756290.1	57.682	419	533	89	371	156	1	45	415	159	528	4.18e-180	518
lcl|NC_017455.1_prot_WP_014554119.1_1	GCF_000092405.1_WP_013175137.1	20.137	419	447	98	437	303	11	11	419	3	421	4.23e-180	515
lcl|NC_017455.1_prot_WP_014554119.1_1	GCF_003957745.1_WP_126167451.1	18.552	419	446	99	442	314	12	4	419	1	422	4.46e-180	515
lcl|NC_017455.1_prot_WP_014554119.1_1	GCF_009730055.1_WP_005189368.1	18.584	419	454	99	452	313	12	4	419	1	433	4.59e-180	515
lcl|NC_017455.1_prot_WP_014554119.1_1	GCF_000243155.2_WP_014795278.1	18.545	419	433	95	426	302	12	20	419	7	413	4.77e-180	514
lcl|NC_017455.1_prot_WP_014554119.1_1	GCF_000016745.1_WP_011940984.1	17.890	419	443	98	436	314	12	10	419	1	418	4.83e-180	515
lcl|NC_017455.1_prot_WP_014554119.1_1	GCF_004103615.1_WP_046128961.1	19.444	419	437	96	432	298	12	18	419	3	414	4.87e-180	514
lcl|NC_017455.1_prot_WP_014554119.1_1	GCF_016925535.1_WP_246498048.1	50.653	419	624	89	383	179	2	45	419	242	622	4.89e-180	522
lcl|NC_017455.1_prot_WP_014554119.1_1	GCF_002204915.1_WP_088428001.1	18.664	419	440	97	434	308	12	12	419	4	418	5.07e-180	515
lcl|NC_017455.1_prot_WP_014554119.1_1	GCF_003813965.1_WP_123927260.1	51.969	419	693	88	381	170	2	45	413	298	677	5.11e-180	524
lcl|NC_017455.1_prot_WP_014554119.1_1	GCF_000974685.2_WP_062626190.1	18.202	419	469	95	445	301	11	21	419	20	447	5.12e-180	516
lcl|NC_017455.1_prot_WP_014554119.1_1	GCF_009831375.1_WP_004840450.1	50.345	419	445	97	435	187	4	2	408	1	434	5.13e-180	515
lcl|NC_017455.1_prot_WP_014554119.1_1	GCF_001547735.1_WP_068549420.1	20.230	419	448	95	435	294	11	20	419	12	428	5.34e-180	515
lcl|NC_017455.1_prot_WP_014554119.1_1	GCF_009938225.1_WP_075650560.1	18.119	419	440	98	436	312	12	10	419	2	418	5.35e-180	514
lcl|NC_017455.1_prot_WP_014554119.1_1	GCF_000968375.1_WP_029162666.1	18.664	419	435	97	434	308	12	12	419	1	415	5.41e-180	514
lcl|NC_017455.1_prot_WP_014554119.1_1	GCF_001553565.1_WP_067939288.1	50.636	419	698	89	393	173	2	46	418	292	683	5.49e-180	524
lcl|NC_017455.1_prot_WP_014554119.1_1	GCF_014217765.1_WP_246442827.1	52.116	419	677	89	378	173	2	45	416	295	670	5.53e-180	523
lcl|NC_017455.1_prot_WP_014554119.1_1	GCF_000212735.1_WP_013766400.1	56.267	419	695	89	375	159	3	44	414	321	694	5.57e-180	524
lcl|NC_017455.1_prot_WP_014554119.1_1	GCF_011068345.1_WP_002434952.1	18.985	419	456	99	453	311	12	4	419	1	434	5.61e-180	515
lcl|NC_017455.1_prot_WP_014554119.1_1	GCF_011038655.2_WP_165009071.1	51.309	419	639	89	382	176	2	41	413	243	623	5.62e-180	522
lcl|NC_017455.1_prot_WP_014554119.1_1	GCF_002076915.1_WP_080462502.1	51.015	419	651	89	394	172	2	45	418	248	640	5.67e-180	523
lcl|NC_017455.1_prot_WP_014554119.1_1	GCF_000012985.1_WP_049781063.1	18.834	419	457	100	446	309	12	1	419	1	420	5.69e-180	515
lcl|NC_017455.1_prot_WP_014554119.1_1	GCF_017347585.1_WP_207178287.1	53.938	419	555	99	419	175	6	6	418	149	555	5.69e-180	519
lcl|NC_017455.1_prot_WP_014554119.1_1	GCF_001717565.1_WP_007433890.1	52.507	419	631	90	379	175	2	43	418	252	628	6.07e-180	522
lcl|NC_017455.1_prot_WP_014554119.1_1	GCF_002499975.2_WP_075610577.1	18.837	419	444	96	430	305	12	16	419	8	419	6.10e-180	515
lcl|NC_017455.1_prot_WP_014554119.1_1	GCF_016127855.1_WP_003782964.1	51.276	419	702	89	392	172	2	45	418	301	691	6.10e-180	524
lcl|NC_017455.1_prot_WP_014554119.1_1	GCF_005280315.1_WP_229422820.1	20.000	419	438	93	435	286	11	30	419	1	418	6.21e-180	514
lcl|NC_017455.1_prot_WP_014554119.1_1	GCF_000166335.1_WP_013411839.1	53.938	419	556	99	419	175	6	6	418	150	556	6.21e-180	519
lcl|NC_017455.1_prot_WP_014554119.1_1	GCF_002074095.1_WP_003181774.1	19.026	419	438	96	431	299	12	19	419	5	415	6.56e-180	514
lcl|NC_017455.1_prot_WP_014554119.1_1	GCF_025725725.1_WP_263593178.1	50.639	419	641	88	391	169	2	47	415	247	635	6.62e-180	522
lcl|NC_017455.1_prot_WP_014554119.1_1	GCF_000146185.1_WP_041688175.1	56.831	419	478	87	366	154	2	51	413	108	472	6.99e-180	516
lcl|NC_017455.1_prot_WP_014554119.1_1	GCF_002157225.2_WP_086932497.1	20.045	419	465	98	444	304	12	10	419	1	427	7.04e-180	515
lcl|NC_017455.1_prot_WP_014554119.1_1	GCF_000009045.1_NP_389506.2	19.861	419	438	96	433	297	12	17	419	3	415	7.56e-180	514
lcl|NC_017455.1_prot_WP_014554119.1_1	GCF_004322755.1_WP_229420880.1	20.000	419	438	93	435	286	11	30	419	1	418	8.07e-180	514
lcl|NC_017455.1_prot_WP_014554119.1_1	GCF_000215105.1_WP_013839423.1	50.245	419	656	94	408	183	4	25	418	242	643	8.10e-180	522
lcl|NC_017455.1_prot_WP_014554119.1_1	GCF_000024605.1_WP_015739995.1	19.438	419	436	95	427	298	13	20	419	6	413	8.12e-180	514
lcl|NC_017455.1_prot_WP_014554119.1_1	GCF_024346675.1_WP_062690166.1	20.230	419	443	97	435	302	12	12	419	8	424	8.63e-180	514
lcl|NC_017455.1_prot_WP_014554119.1_1	GCF_003096075.1_WP_244192598.1	50.493	419	677	90	406	170	4	43	419	271	674	9.02e-180	523
lcl|NC_017455.1_prot_WP_014554119.1_1	GCF_023195735.1_WP_035894154.1	19.205	419	456	99	453	310	12	4	419	1	434	9.08e-180	515
lcl|NC_017455.1_prot_WP_014554119.1_1	GCF_000772105.1_WP_004744462.1	18.807	419	440	98	436	309	12	10	419	2	418	9.25e-180	514
lcl|NC_017455.1_prot_WP_014554119.1_1	GCF_027118995.1_WP_269308562.1	19.413	419	469	95	443	293	11	24	419	24	449	9.43e-180	515
lcl|NC_017455.1_prot_WP_014554119.1_1	GCF_009734405.1_WP_156227697.1	51.862	419	714	88	376	172	2	46	413	324	698	9.60e-180	524
lcl|NC_017455.1_prot_WP_014554119.1_1	GCF_000800395.1_WP_139404155.1	53.790	419	430	97	409	185	3	5	410	17	424	9.74e-180	514
lcl|NC_017455.1_prot_WP_014554119.1_1	GCF_012648005.1_WP_010334248.1	19.861	419	438	96	433	297	12	17	419	3	415	9.83e-180	514
lcl|NC_017455.1_prot_WP_014554119.1_1	GCF_019039255.1_WP_216942334.1	52.895	419	691	90	380	174	2	42	418	305	682	9.83e-180	523
lcl|NC_017455.1_prot_WP_014554119.1_1	GCF_005484945.1_WP_137715291.1	18.721	419	456	96	438	303	11	18	419	13	433	9.91e-180	514
lcl|NC_017455.1_prot_WP_014554119.1_1	GCF_000196095.1_WP_005457757.1	19.080	419	439	97	435	308	12	12	419	1	418	9.96e-180	514
lcl|NC_017455.1_prot_WP_014554119.1_1	GCF_019048385.1_WP_010247655.1	17.920	419	453	99	452	316	12	4	419	1	433	1.03e-179	514
lcl|NC_017455.1_prot_WP_014554119.1_1	GCF_008931805.1_WP_019441895.1	18.161	419	445	97	435	312	12	12	419	1	418	1.03e-179	514
lcl|NC_017455.1_prot_WP_014554119.1_1	GCF_000022905.1_WP_010187087.1	52.116	419	646	88	378	171	2	45	413	254	630	1.03e-179	522
lcl|NC_017455.1_prot_WP_014554119.1_1	GCF_016127955.1_WP_141406713.1	51.276	419	694	89	392	172	2	45	418	293	683	1.04e-179	523
lcl|NC_017455.1_prot_WP_014554119.1_1	GCF_024347595.1_WP_176681810.1	19.080	419	439	97	435	308	12	12	419	1	418	1.04e-179	514
lcl|NC_017455.1_prot_WP_014554119.1_1	GCF_000828675.1_WP_041082738.1	21.698	419	437	95	424	289	12	20	419	11	415	1.05e-179	514
lcl|NC_017455.1_prot_WP_014554119.1_1	GCF_016591975.1_WP_271714956.1	55.014	419	505	87	369	158	4	53	416	136	501	1.07e-179	516
lcl|NC_017455.1_prot_WP_014554119.1_1	GCF_000022325.1_WP_015907576.1	53.938	419	556	99	419	175	6	6	418	150	556	1.10e-179	518
lcl|NC_017455.1_prot_WP_014554119.1_1	GCF_024347255.1_WP_091361425.1	19.551	419	465	99	445	307	13	2	419	1	421	1.15e-179	515
lcl|NC_017455.1_prot_WP_014554119.1_1	GCF_020792675.1_WP_228358176.1	51.134	419	696	89	397	168	2	43	415	291	685	1.15e-179	523
lcl|NC_017455.1_prot_WP_014554119.1_1	GCF_025946765.1_WP_264498943.1	18.363	419	456	99	452	314	12	4	419	1	433	1.15e-179	514
lcl|NC_017455.1_prot_WP_014554119.1_1	GCF_000166355.1_WP_013403549.1	53.938	419	556	99	419	175	6	6	418	150	556	1.18e-179	518
lcl|NC_017455.1_prot_WP_014554119.1_1	GCF_008693965.1_WP_010797922.1	18.750	419	448	99	448	313	12	2	419	1	427	1.18e-179	514
lcl|NC_017455.1_prot_WP_014554119.1_1	GCF_000166775.1_WP_013430577.1	53.938	419	557	99	419	175	6	6	418	151	557	1.21e-179	518
lcl|NC_017455.1_prot_WP_014554119.1_1	GCF_014297575.1_WP_187058008.1	17.528	419	452	99	445	323	11	2	419	1	428	1.26e-179	514
lcl|NC_017455.1_prot_WP_014554119.1_1	GCF_017498545.1_WP_237382142.1	21.065	419	451	97	432	296	11	15	419	2	415	1.32e-179	514
lcl|NC_017455.1_prot_WP_014554119.1_1	GCF_003814005.1_WP_123960400.1	52.419	419	692	87	372	169	2	49	413	309	679	1.32e-179	523
lcl|NC_017455.1_prot_WP_014554119.1_1	GCF_000217795.1_WP_013908409.1	19.310	419	436	98	435	307	11	10	419	1	416	1.33e-179	513
lcl|NC_017455.1_prot_WP_014554119.1_1	GCF_002355475.1_WP_003456989.1	19.535	419	450	95	430	299	11	20	419	15	427	1.37e-179	514
lcl|NC_017455.1_prot_WP_014554119.1_1	GCF_002214395.1_WP_010449616.1	18.851	419	439	97	435	309	12	12	419	1	418	1.38e-179	514
lcl|NC_017455.1_prot_WP_014554119.1_1	GCF_008973485.1_WP_151699472.1	20.000	419	440	95	430	296	11	20	419	6	417	1.39e-179	514
lcl|NC_017455.1_prot_WP_014554119.1_1	GCF_019904175.1_WP_223101560.1	54.881	419	716	89	379	165	2	45	419	339	715	1.43e-179	524
lcl|NC_017455.1_prot_WP_014554119.1_1	GCF_003667885.1_WP_010331100.1	19.630	419	438	96	433	298	12	17	419	3	415	1.44e-179	513
lcl|NC_017455.1_prot_WP_014554119.1_1	GCF_000165505.1_WP_013387900.1	51.816	419	412	98	413	194	3	4	415	1	409	1.44e-179	513
lcl|NC_017455.1_prot_WP_014554119.1_1	GCF_000023145.1_WP_012731918.1	50.649	419	673	89	385	177	3	41	413	276	659	1.44e-179	522
lcl|NC_017455.1_prot_WP_014554119.1_1	GCF_000600105.1_WP_024362034.1	18.938	419	441	96	433	303	11	17	419	3	417	1.64e-179	513
lcl|NC_017455.1_prot_WP_014554119.1_1	GCF_014467015.1_WP_213166809.1	20.186	419	435	97	431	300	11	15	419	5	417	1.65e-179	513
lcl|NC_017455.1_prot_WP_014554119.1_1	GCF_001038625.1_WP_007059552.1	18.894	419	435	97	434	307	12	12	419	1	415	1.67e-179	513
lcl|NC_017455.1_prot_WP_014554119.1_1	GCF_022539405.1_WP_241080925.1	19.575	419	429	95	424	298	11	21	419	2	407	1.70e-179	513
lcl|NC_017455.1_prot_WP_014554119.1_1	GCF_014701235.1_WP_242455766.1	18.022	419	458	98	455	310	11	10	419	2	438	1.70e-179	514
lcl|NC_017455.1_prot_WP_014554119.1_1	GCF_003013675.1_WP_106851294.1	52.381	419	672	89	378	172	2	45	416	290	665	1.80e-179	522
lcl|NC_017455.1_prot_WP_014554119.1_1	GCF_028609845.1_WP_112769224.1	50.266	419	621	86	376	172	2	52	413	235	609	1.82e-179	520
lcl|NC_017455.1_prot_WP_014554119.1_1	GCF_001007995.1_WP_046844659.1	54.258	419	424	97	411	184	3	6	413	12	421	1.85e-179	513
lcl|NC_017455.1_prot_WP_014554119.1_1	GCF_005886435.1_WP_005964359.1	51.579	419	582	90	380	178	2	43	418	202	579	1.86e-179	519
lcl|NC_017455.1_prot_WP_014554119.1_1	GCF_016132445.1_WP_228344750.1	18.265	419	448	98	438	310	13	10	419	1	418	1.90e-179	514
lcl|NC_017455.1_prot_WP_014554119.1_1	GCF_025244745.1_WP_260561871.1	54.087	419	417	98	416	185	4	2	413	1	414	1.94e-179	512
lcl|NC_017455.1_prot_WP_014554119.1_1	GCF_002288545.1_WP_039485698.1	18.363	419	456	99	452	314	12	4	419	1	433	1.97e-179	514
lcl|NC_017455.1_prot_WP_014554119.1_1	GCF_000184685.1_WP_041308707.1	51.842	419	714	89	380	172	3	46	416	328	705	1.99e-179	523
lcl|NC_017455.1_prot_WP_014554119.1_1	GCF_012295505.1_WP_063166296.1	19.664	419	423	93	417	290	11	30	419	2	400	2.01e-179	513
lcl|NC_017455.1_prot_WP_014554119.1_1	GCF_024224615.1_WP_125292219.1	19.205	419	456	99	453	310	12	4	419	1	434	2.06e-179	514
lcl|NC_017455.1_prot_WP_014554119.1_1	GCF_004851605.1_WP_136548192.1	19.222	419	455	98	437	309	11	10	419	1	420	2.08e-179	514
lcl|NC_017455.1_prot_WP_014554119.1_1	GCF_015097055.1_WP_200759403.1	18.161	419	441	97	435	311	11	12	419	1	417	2.15e-179	513
lcl|NC_017455.1_prot_WP_014554119.1_1	GCF_000014765.1_WP_011633837.1	18.610	419	468	95	446	299	11	21	419	20	448	2.21e-179	514
lcl|NC_017455.1_prot_WP_014554119.1_1	GCF_012955605.1_WP_170007414.1	19.014	419	441	95	426	298	11	23	419	9	416	2.27e-179	513
lcl|NC_017455.1_prot_WP_014554119.1_1	GCF_001483945.1_WP_017450948.1	19.091	419	468	94	440	292	11	27	419	26	448	2.30e-179	514
lcl|NC_017455.1_prot_WP_014554119.1_1	GCF_000143085.1_WP_013221107.1	18.636	419	480	99	440	314	11	7	419	11	433	2.31e-179	514
lcl|NC_017455.1_prot_WP_014554119.1_1	GCF_001558415.2_WP_020331172.1	18.578	419	440	98	436	310	12	10	419	2	418	2.32e-179	513
lcl|NC_017455.1_prot_WP_014554119.1_1	GCF_018604565.1_WP_029342073.1	21.212	419	437	96	429	292	12	18	419	8	417	2.32e-179	513
lcl|NC_017455.1_prot_WP_014554119.1_1	GCF_000092225.1_WP_013125902.1	50.127	419	653	89	393	174	2	43	415	255	645	2.33e-179	521
lcl|NC_017455.1_prot_WP_014554119.1_1	GCF_005222225.1_WP_137167759.1	19.139	419	444	94	418	295	11	28	419	19	419	2.34e-179	513
lcl|NC_017455.1_prot_WP_014554119.1_1	GCF_016767175.1_WP_132027229.1	19.907	419	443	97	432	301	11	15	419	5	418	2.41e-179	513
lcl|NC_017455.1_prot_WP_014554119.1_1	GCF_024347495.1_WP_137372302.1	19.124	419	439	97	434	306	12	12	419	4	418	2.66e-179	513
lcl|NC_017455.1_prot_WP_014554119.1_1	GCF_008807375.1_WP_151132626.1	19.535	419	450	95	430	299	11	20	419	15	427	2.76e-179	513
lcl|NC_017455.1_prot_WP_014554119.1_1	GCF_023650915.1_WP_042524104.1	19.080	419	439	97	435	308	12	12	419	1	418	2.78e-179	513
lcl|NC_017455.1_prot_WP_014554119.1_1	GCF_017792025.1_WP_209368722.1	18.605	419	439	96	430	304	11	18	419	4	415	2.78e-179	513
lcl|NC_017455.1_prot_WP_014554119.1_1	GCF_900478165.1_WP_066139672.1	19.362	419	441	98	439	302	12	10	419	1	416	2.79e-179	513
lcl|NC_017455.1_prot_WP_014554119.1_1	GCF_900635955.1_WP_126355784.1	18.931	419	452	99	449	312	12	4	419	1	430	2.80e-179	513
lcl|NC_017455.1_prot_WP_014554119.1_1	GCF_004006435.1_WP_127695231.1	19.861	419	438	96	433	297	12	17	419	3	415	2.81e-179	513
lcl|NC_017455.1_prot_WP_014554119.1_1	GCF_000023405.1_WP_015775956.1	51.399	419	713	88	393	165	2	47	415	312	702	2.82e-179	523
lcl|NC_017455.1_prot_WP_014554119.1_1	GCF_004795735.1_WP_136141002.1	52.394	419	684	88	376	169	2	45	411	292	666	2.90e-179	522
lcl|NC_017455.1_prot_WP_014554119.1_1	GCF_026013645.1_WP_209461342.1	19.444	419	439	96	432	302	11	16	419	2	415	2.97e-179	513
lcl|NC_017455.1_prot_WP_014554119.1_1	GCF_010669305.1_WP_163065107.1	58.470	419	496	87	366	149	3	52	415	122	486	3.05e-179	515
lcl|NC_017455.1_prot_WP_014554119.1_1	GCF_003584745.1_WP_015356703.1	52.480	419	621	90	383	174	2	43	419	236	616	3.15e-179	519
lcl|NC_017455.1_prot_WP_014554119.1_1	GCF_024347475.1_WP_150871439.1	19.037	419	439	98	436	308	12	10	419	2	418	3.17e-179	513
lcl|NC_017455.1_prot_WP_014554119.1_1	GCF_001441165.1_WP_076692556.1	52.507	419	673	90	379	175	2	43	418	294	670	3.19e-179	521
lcl|NC_017455.1_prot_WP_014554119.1_1	GCF_012225885.1_WP_024716053.1	19.400	419	438	96	433	299	12	17	419	3	415	3.23e-179	513
lcl|NC_017455.1_prot_WP_014554119.1_1	GCF_021173085.1_WP_232039059.1	19.121	419	478	97	455	300	12	15	419	22	458	3.33e-179	514
lcl|NC_017455.1_prot_WP_014554119.1_1	GCF_029277985.1_WP_163862329.1	19.214	419	455	99	458	302	12	4	419	1	432	3.40e-179	513
lcl|NC_017455.1_prot_WP_014554119.1_1	GCF_000724775.3_WP_008180778.1	19.169	419	441	96	433	302	11	17	419	3	417	3.48e-179	513
lcl|NC_017455.1_prot_WP_014554119.1_1	GCF_024347455.1_WP_017073202.1	19.080	419	439	97	435	308	12	12	419	1	418	3.50e-179	513
lcl|NC_017455.1_prot_WP_014554119.1_1	GCF_004124315.2_WP_129505712.1	19.400	419	438	96	433	299	12	17	419	3	415	3.57e-179	513
lcl|NC_017455.1_prot_WP_014554119.1_1	GCF_001507665.1_WP_062157959.1	54.258	419	424	97	411	184	3	6	413	12	421	3.76e-179	512
lcl|NC_017455.1_prot_WP_014554119.1_1	GCF_024347355.1_WP_061033695.1	19.080	419	439	97	435	308	12	12	419	1	418	3.82e-179	513
lcl|NC_017455.1_prot_WP_014554119.1_1	GCF_024347635.1_WP_139685252.1	19.080	419	439	97	435	308	12	12	419	1	418	3.95e-179	513
lcl|NC_017455.1_prot_WP_014554119.1_1	GCF_005144905.1_WP_010439337.1	19.080	419	439	97	435	308	12	12	419	1	418	4.08e-179	513
lcl|NC_017455.1_prot_WP_014554119.1_1	GCF_014879975.1_WP_102544306.1	19.080	419	439	97	435	308	12	12	419	1	418	4.12e-179	513
lcl|NC_017455.1_prot_WP_014554119.1_1	GCF_024347295.1_WP_261839162.1	19.124	419	439	97	434	306	12	12	419	4	418	4.17e-179	513
lcl|NC_017455.1_prot_WP_014554119.1_1	GCF_017751145.1_WP_125987960.1	19.169	419	436	97	433	308	11	12	419	1	416	4.18e-179	512
lcl|NC_017455.1_prot_WP_014554119.1_1	GCF_000018945.1_WP_038066659.1	19.355	419	438	97	434	304	13	12	419	1	414	4.25e-179	512
lcl|NC_017455.1_prot_WP_014554119.1_1	GCF_000517305.1_WP_025260893.1	19.124	419	452	96	434	304	11	16	419	11	427	4.34e-179	513
lcl|NC_017455.1_prot_WP_014554119.1_1	GCF_000016165.1_WP_011878713.1	18.014	419	442	97	433	310	11	14	419	6	420	4.38e-179	513
lcl|NC_017455.1_prot_WP_014554119.1_1	GCF_023373525.1_WP_249479377.1	51.005	419	704	89	398	168	2	43	415	298	693	4.40e-179	522
lcl|NC_017455.1_prot_WP_014554119.1_1	GCF_000761155.1_WP_043186043.1	20.046	419	452	96	434	300	11	16	419	11	427	4.43e-179	513
lcl|NC_017455.1_prot_WP_014554119.1_1	GCF_009002475.1_WP_151966718.1	58.242	419	397	86	364	148	3	52	412	27	389	4.45e-179	511
lcl|NC_017455.1_prot_WP_014554119.1_1	GCF_020510525.1_WP_226442637.1	19.274	419	469	94	441	292	11	26	419	27	450	4.50e-179	513
lcl|NC_017455.1_prot_WP_014554119.1_1	GCF_014522205.1_WP_187975790.1	51.571	419	620	89	382	173	2	45	415	226	606	4.51e-179	519
lcl|NC_017455.1_prot_WP_014554119.1_1	GCF_000091465.1_WP_009848550.1	19.080	419	439	97	435	308	12	12	419	1	418	4.65e-179	512
lcl|NC_017455.1_prot_WP_014554119.1_1	GCF_900292015.1_WP_158017728.1	52.219	419	621	90	383	175	2	43	419	236	616	4.76e-179	519
lcl|NC_017455.1_prot_WP_014554119.1_1	GCF_009363135.1_WP_090123526.1	18.985	419	456	99	453	311	12	4	419	1	434	4.78e-179	513
lcl|NC_017455.1_prot_WP_014554119.1_1	GCF_003325455.1_WP_114044646.1	52.770	419	615	90	379	174	2	43	418	236	612	4.91e-179	519
lcl|NC_017455.1_prot_WP_014554119.1_1	GCF_000233715.2_WP_006522087.1	19.249	419	438	95	426	298	12	21	419	12	418	5.01e-179	512
lcl|NC_017455.1_prot_WP_014554119.1_1	GCF_002849875.1_WP_014948634.1	19.139	419	444	94	418	295	11	28	419	19	419	5.08e-179	512
lcl|NC_017455.1_prot_WP_014554119.1_1	GCF_022557255.1_WP_055005639.1	19.860	419	452	96	428	300	10	16	417	11	421	5.11e-179	513
lcl|NC_017455.1_prot_WP_014554119.1_1	GCF_002407065.1_WP_096798999.1	50.376	419	714	89	399	168	2	45	415	307	703	5.34e-179	522
lcl|NC_017455.1_prot_WP_014554119.1_1	GCF_000706765.1_WP_033491182.1	51.724	419	644	89	377	174	2	45	415	264	638	5.35e-179	520
lcl|NC_017455.1_prot_WP_014554119.1_1	GCF_000304215.1_WP_015022508.1	52.800	419	635	88	375	169	2	47	415	257	629	5.42e-179	519
lcl|NC_017455.1_prot_WP_014554119.1_1	GCF_007197555.1_WP_144045844.1	17.865	419	446	97	431	311	11	15	419	9	422	5.56e-179	512
lcl|NC_017455.1_prot_WP_014554119.1_1	GCF_020217405.1_WP_009371151.1	18.794	419	441	96	431	302	11	19	419	5	417	5.75e-179	512
lcl|NC_017455.1_prot_WP_014554119.1_1	GCF_000968535.2_WP_014147405.1	20.862	419	454	99	441	303	12	6	419	6	427	5.92e-179	513
lcl|NC_017455.1_prot_WP_014554119.1_1	GCF_020616615.1_WP_011741637.1	52.219	419	621	90	383	175	2	43	419	236	616	6.05e-179	519
lcl|NC_017455.1_prot_WP_014554119.1_1	GCF_002250055.1_WP_066413438.1	19.070	419	436	96	430	303	12	18	419	4	416	6.20e-179	512
lcl|NC_017455.1_prot_WP_014554119.1_1	GCF_011398155.1_WP_173290962.1	18.458	419	452	96	428	305	11	19	419	22	432	6.29e-179	513
lcl|NC_017455.1_prot_WP_014554119.1_1	GCF_001941485.1_WP_211272322.1	52.800	419	612	88	375	168	3	47	413	223	596	6.31e-179	518
lcl|NC_017455.1_prot_WP_014554119.1_1	GCF_001995825.2_WP_017056875.1	19.080	419	439	97	435	308	12	12	419	1	418	6.45e-179	512
lcl|NC_017455.1_prot_WP_014554119.1_1	GCF_000024825.1_WP_006741701.1	18.851	419	439	97	435	309	12	12	419	1	418	6.52e-179	512
lcl|NC_017455.1_prot_WP_014554119.1_1	GCF_012849375.1_WP_169110985.1	20.091	419	477	94	438	288	11	27	419	37	457	6.55e-179	513
lcl|NC_017455.1_prot_WP_014554119.1_1	GCF_019797805.1_WP_054490652.1	18.493	419	451	98	438	311	13	10	419	1	420	6.85e-179	512
lcl|NC_017455.1_prot_WP_014554119.1_1	GCF_900637975.1_WP_126413987.1	51.276	419	711	89	392	172	2	45	418	310	700	6.89e-179	522
lcl|NC_017455.1_prot_WP_014554119.1_1	GCF_003057965.1_WP_108309085.1	57.682	419	534	89	371	156	1	45	415	160	529	6.91e-179	515
lcl|NC_017455.1_prot_WP_014554119.1_1	GCF_002025725.1_WP_237772550.1	19.091	419	444	94	440	292	11	27	419	2	424	6.97e-179	512
lcl|NC_017455.1_prot_WP_014554119.1_1	GCF_000224985.1_WP_014073998.1	17.955	419	451	98	440	313	13	10	419	1	422	7.00e-179	512
lcl|NC_017455.1_prot_WP_014554119.1_1	GCF_017309585.1_WP_230971221.1	18.872	419	467	99	461	309	12	6	419	2	444	7.08e-179	513
lcl|NC_017455.1_prot_WP_014554119.1_1	GCF_008369605.1_WP_149560215.1	18.644	419	439	92	413	293	11	33	419	23	418	7.35e-179	512
lcl|NC_017455.1_prot_WP_014554119.1_1	GCF_001050115.1_WP_048623162.1	19.347	419	441	95	429	299	11	20	419	6	416	7.39e-179	512
lcl|NC_017455.1_prot_WP_014554119.1_1	GCF_006094475.1_WP_003220864.1	19.861	419	438	96	433	297	12	17	419	3	415	7.42e-179	512
lcl|NC_017455.1_prot_WP_014554119.1_1	GCF_009646095.1_WP_239022456.1	53.846	419	630	89	377	169	2	42	415	248	622	7.51e-179	519
lcl|NC_017455.1_prot_WP_014554119.1_1	GCF_003595305.1_WP_011003705.1	18.996	419	481	98	458	306	12	9	419	22	461	7.52e-179	513
lcl|NC_017455.1_prot_WP_014554119.1_1	GCF_022371215.1_WP_017060680.1	19.080	419	439	97	435	308	12	12	419	1	418	7.77e-179	512
lcl|NC_017455.1_prot_WP_014554119.1_1	GCF_011064285.1_WP_165311989.1	18.203	419	440	97	434	310	12	12	419	4	418	7.87e-179	512
lcl|NC_017455.1_prot_WP_014554119.1_1	GCF_013340845.1_WP_029909482.1	20.141	419	446	95	427	297	11	20	419	17	426	7.89e-179	512
lcl|NC_017455.1_prot_WP_014554119.1_1	GCF_001277255.1_WP_007670238.1	18.543	419	456	99	453	313	12	4	419	1	434	7.98e-179	512
lcl|NC_017455.1_prot_WP_014554119.1_1	GCF_001558935.2_WP_043000288.1	18.985	419	456	99	453	311	12	4	419	1	434	8.16e-179	512
lcl|NC_017455.1_prot_WP_014554119.1_1	GCF_024347655.1_WP_060468217.1	19.080	419	439	97	435	308	12	12	419	1	418	8.20e-179	512
lcl|NC_017455.1_prot_WP_014554119.1_1	GCF_002005305.1_WP_077753871.1	18.269	419	446	93	416	297	11	30	419	24	422	8.61e-179	512
lcl|NC_017455.1_prot_WP_014554119.1_1	GCF_025758125.1_WP_042712908.1	18.764	419	456	99	453	312	12	4	419	1	434	8.62e-179	512
lcl|NC_017455.1_prot_WP_014554119.1_1	GCF_024362845.1_WP_255231189.1	19.128	419	439	92	413	291	11	33	419	23	418	8.66e-179	511
lcl|NC_017455.1_prot_WP_014554119.1_1	GCF_000016065.1_WP_011865170.1	17.808	419	446	98	438	315	12	10	419	2	422	9.00e-179	512
lcl|NC_017455.1_prot_WP_014554119.1_1	GCF_000224675.1_WP_014070852.1	18.985	419	456	99	453	311	12	4	419	1	434	9.00e-179	512
lcl|NC_017455.1_prot_WP_014554119.1_1	GCF_000770115.1_WP_005448368.1	18.621	419	439	97	435	310	12	12	419	1	418	9.25e-179	511
lcl|NC_017455.1_prot_WP_014554119.1_1	GCF_000344785.1_WP_015650991.1	53.050	419	792	87	377	164	2	49	413	401	776	9.39e-179	524
lcl|NC_017455.1_prot_WP_014554119.1_1	GCF_003096175.1_WP_032076658.1	18.433	419	435	97	434	309	12	12	419	1	415	1.00e-178	511
lcl|NC_017455.1_prot_WP_014554119.1_1	GCF_002072065.1_WP_008878587.1	19.664	419	423	93	417	290	11	30	419	2	400	1.00e-178	511
lcl|NC_017455.1_prot_WP_014554119.1_1	GCF_014595995.2_WP_166855228.1	51.515	419	664	89	396	170	2	45	419	256	650	1.01e-178	520
lcl|NC_017455.1_prot_WP_014554119.1_1	GCF_001277235.1_WP_007732408.1	18.543	419	456	99	453	313	12	4	419	1	434	1.03e-178	512
lcl|NC_017455.1_prot_WP_014554119.1_1	GCF_012647205.1_WP_020796957.1	19.820	419	452	99	444	308	12	6	419	2	427	1.03e-178	512
lcl|NC_017455.1_prot_WP_014554119.1_1	GCF_001277195.1_WP_038862145.1	18.543	419	456	99	453	313	12	4	419	1	434	1.05e-178	512
lcl|NC_017455.1_prot_WP_014554119.1_1	GCF_001267925.1_WP_235471527.1	18.764	419	443	93	437	292	11	29	419	4	423	1.05e-178	511
lcl|NC_017455.1_prot_WP_014554119.1_1	GCF_001658025.2_WP_007371496.1	18.764	419	456	99	453	312	12	4	419	1	434	1.06e-178	512
lcl|NC_017455.1_prot_WP_014554119.1_1	GCF_001683395.1_WP_065368147.1	18.764	419	456	99	453	312	12	4	419	1	434	1.14e-178	512
lcl|NC_017455.1_prot_WP_014554119.1_1	GCF_000145035.1_WP_013280753.1	18.568	419	452	98	447	311	13	10	419	1	431	1.15e-178	512
lcl|NC_017455.1_prot_WP_014554119.1_1	GCF_001889165.1_WP_072580050.1	19.393	419	439	95	428	299	11	20	419	6	415	1.15e-178	511
lcl|NC_017455.1_prot_WP_014554119.1_1	GCF_025152405.1_WP_005609527.1	49.666	419	449	99	449	191	5	2	416	1	448	1.16e-178	512
lcl|NC_017455.1_prot_WP_014554119.1_1	GCF_014076555.1_WP_182188460.1	20.276	419	444	97	434	301	10	14	419	2	418	1.18e-178	511
lcl|NC_017455.1_prot_WP_014554119.1_1	GCF_012317585.1_WP_168720206.1	20.000	419	435	96	425	299	10	19	419	8	415	1.19e-178	511
lcl|NC_017455.1_prot_WP_014554119.1_1	GCF_000145945.2_WP_004664459.1	19.860	419	452	96	428	300	10	16	417	11	421	1.20e-178	512
lcl|NC_017455.1_prot_WP_014554119.1_1	GCF_001586155.1_WP_043319354.1	20.096	419	451	93	418	287	11	32	419	27	427	1.24e-178	512
lcl|NC_017455.1_prot_WP_014554119.1_1	GCF_023238245.1_WP_222142828.1	19.400	419	438	96	433	299	12	17	419	3	415	1.24e-178	511
lcl|NC_017455.1_prot_WP_014554119.1_1	GCF_002393505.1_WP_006657528.1	18.600	419	454	99	457	306	12	4	419	1	432	1.30e-178	512
lcl|NC_017455.1_prot_WP_014554119.1_1	GCF_014268755.2_WP_186677609.1	19.904	419	452	92	417	287	11	33	419	28	427	1.31e-178	512
lcl|NC_017455.1_prot_WP_014554119.1_1	GCF_002287505.1_WP_095659769.1	51.706	419	629	89	381	174	2	40	411	232	611	1.35e-178	518
lcl|NC_017455.1_prot_WP_014554119.1_1	GCF_003860465.1_WP_124868142.1	54.988	419	426	97	411	181	3	6	413	14	423	1.36e-178	511
lcl|NC_017455.1_prot_WP_014554119.1_1	GCF_002356535.2_WP_096509564.1	20.595	419	452	97	437	298	12	13	419	10	427	1.38e-178	511
lcl|NC_017455.1_prot_WP_014554119.1_1	GCF_003173015.1_WP_109826703.1	54.745	419	426	97	411	182	3	6	413	14	423	1.40e-178	511
lcl|NC_017455.1_prot_WP_014554119.1_1	GCF_000439255.1_WP_000213260.1	19.868	419	456	99	453	307	12	4	419	1	434	1.44e-178	512
lcl|NC_017455.1_prot_WP_014554119.1_1	GCF_000737865.1_WP_033498352.1	51.724	419	644	89	377	174	2	45	415	264	638	1.49e-178	519
lcl|NC_017455.1_prot_WP_014554119.1_1	GCF_020917325.1_WP_230016519.1	19.860	419	452	96	428	300	10	16	417	11	421	1.52e-178	511
lcl|NC_017455.1_prot_WP_014554119.1_1	GCF_011044475.1_WP_033742076.1	18.584	419	453	99	452	313	12	4	419	1	433	1.58e-178	511
lcl|NC_017455.1_prot_WP_014554119.1_1	GCF_000213255.1_WP_216086275.1	18.224	419	434	96	428	306	11	18	419	4	413	1.58e-178	511
lcl|NC_017455.1_prot_WP_014554119.1_1	GCF_022558445.1_WP_241423518.1	21.628	419	433	96	430	293	11	16	419	2	413	1.59e-178	511
lcl|NC_017455.1_prot_WP_014554119.1_1	GCF_015167415.1_WP_020454196.1	18.764	419	456	99	453	312	12	4	419	1	434	1.64e-178	511
lcl|NC_017455.1_prot_WP_014554119.1_1	GCF_000723165.1_WP_242404644.1	19.770	419	438	93	435	287	11	30	419	1	418	1.65e-178	511
lcl|NC_017455.1_prot_WP_014554119.1_1	GCF_001456255.1_WP_020333605.1	18.349	419	439	98	436	311	12	10	419	2	418	1.69e-178	511
lcl|NC_017455.1_prot_WP_014554119.1_1	GCF_001941565.1_WP_075734609.1	52.381	419	726	88	378	170	2	45	413	334	710	1.70e-178	521
lcl|NC_017455.1_prot_WP_014554119.1_1	GCF_001590685.1_WP_067211246.1	19.535	419	443	95	430	298	11	20	419	7	418	1.70e-178	511
lcl|NC_017455.1_prot_WP_014554119.1_1	GCF_018398935.1_WP_261352949.1	55.904	419	472	98	415	177	3	4	413	57	470	1.71e-178	512
lcl|NC_017455.1_prot_WP_014554119.1_1	GCF_019139795.1_WP_217835992.1	20.595	419	452	97	437	298	12	13	419	10	427	1.72e-178	511
lcl|NC_017455.1_prot_WP_014554119.1_1	GCF_008630635.1_WP_246077648.1	19.204	419	438	96	427	301	12	19	419	3	411	1.72e-178	511
lcl|NC_017455.1_prot_WP_014554119.1_1	GCF_000017865.1_WP_012003931.1	20.519	419	436	95	424	294	12	20	419	11	415	1.75e-178	511
lcl|NC_017455.1_prot_WP_014554119.1_1	GCF_005671335.1_WP_053430949.1	18.440	419	437	95	423	300	11	24	419	10	414	1.75e-178	511
lcl|NC_017455.1_prot_WP_014554119.1_1	GCF_000023745.1_WP_013441591.1	18.202	419	468	95	445	300	11	22	419	20	447	1.80e-178	512
lcl|NC_017455.1_prot_WP_014554119.1_1	GCF_020268605.1_WP_180560850.1	18.349	419	461	95	436	302	11	21	419	16	434	1.85e-178	511
lcl|NC_017455.1_prot_WP_014554119.1_1	GCF_000025945.1_WP_011189900.1	20.423	419	434	95	426	295	12	21	419	5	413	1.86e-178	511
lcl|NC_017455.1_prot_WP_014554119.1_1	GCF_003990335.1_WP_127021529.1	18.493	419	445	98	438	311	13	10	419	1	420	1.87e-178	511
lcl|NC_017455.1_prot_WP_014554119.1_1	GCF_020892115.1_WP_039909699.1	51.351	419	446	99	444	186	4	2	416	1	443	1.89e-178	511
lcl|NC_017455.1_prot_WP_014554119.1_1	GCF_000230655.2_WP_004082899.1	19.124	419	438	97	434	305	13	12	419	1	414	1.90e-178	511
lcl|NC_017455.1_prot_WP_014554119.1_1	GCF_900184295.1_WP_029242800.1	19.860	419	452	96	428	300	10	16	417	11	421	1.92e-178	511
lcl|NC_017455.1_prot_WP_014554119.1_1	GCF_000504085.1_WP_161632329.1	20.519	419	433	95	424	294	12	20	419	8	412	1.92e-178	511
lcl|NC_017455.1_prot_WP_014554119.1_1	GCF_018394375.1_WP_003391356.1	19.860	419	452	96	428	300	10	16	417	11	421	1.94e-178	511
lcl|NC_017455.1_prot_WP_014554119.1_1	GCF_000016785.1_WP_048810861.1	18.894	419	438	97	434	306	13	12	419	1	414	1.94e-178	511
lcl|NC_017455.1_prot_WP_014554119.1_1	GCF_007289895.1_WP_185976753.1	18.409	419	447	97	440	310	12	12	419	1	423	2.07e-178	511
lcl|NC_017455.1_prot_WP_014554119.1_1	GCF_000010265.1_WP_012101535.1	17.742	419	439	97	434	312	11	12	419	1	415	2.10e-178	511
lcl|NC_017455.1_prot_WP_014554119.1_1	GCF_001886815.1_WP_006929530.1	21.226	419	437	95	424	290	11	22	419	13	418	2.11e-178	511
lcl|NC_017455.1_prot_WP_014554119.1_1	GCF_000725365.1_WP_038560185.1	18.837	419	436	96	430	303	11	18	419	3	414	2.15e-178	511
lcl|NC_017455.1_prot_WP_014554119.1_1	GCF_015482585.1_WP_239673868.1	19.484	419	438	95	426	296	11	23	419	9	416	2.19e-178	511
lcl|NC_017455.1_prot_WP_014554119.1_1	GCF_019704135.1_WP_221250022.1	20.979	419	434	96	429	295	11	18	419	2	413	2.22e-178	510
lcl|NC_017455.1_prot_WP_014554119.1_1	GCF_012849555.1_WP_229217740.1	20.000	419	438	93	435	286	11	30	419	1	418	2.29e-178	511
lcl|NC_017455.1_prot_WP_014554119.1_1	GCF_024346755.1_WP_073602399.1	18.119	419	441	98	436	312	12	10	419	2	418	2.35e-178	511
lcl|NC_017455.1_prot_WP_014554119.1_1	GCF_014863605.1_WP_096822179.1	20.366	419	452	97	437	299	12	13	419	10	427	2.38e-178	511
lcl|NC_017455.1_prot_WP_014554119.1_1	GCF_000218855.1_WP_010965458.1	19.816	419	438	97	434	303	12	12	419	1	415	2.39e-178	510
lcl|NC_017455.1_prot_WP_014554119.1_1	GCF_021278985.1_WP_012906233.1	19.205	419	456	99	453	310	12	4	419	1	434	2.41e-178	511
lcl|NC_017455.1_prot_WP_014554119.1_1	GCF_900120345.1_WP_076778308.1	57.923	419	482	87	366	150	2	54	416	115	479	2.42e-178	512
lcl|NC_017455.1_prot_WP_014554119.1_1	GCF_014295015.1_WP_038219195.1	17.699	419	454	99	452	317	12	4	419	1	433	2.45e-178	511
lcl|NC_017455.1_prot_WP_014554119.1_1	GCF_000473245.1_WP_009795901.1	19.863	419	438	98	438	300	12	10	419	1	415	2.58e-178	510
lcl|NC_017455.1_prot_WP_014554119.1_1	GCF_001629705.1_WP_066393661.1	19.169	419	438	96	433	301	12	16	419	2	414	2.66e-178	510
lcl|NC_017455.1_prot_WP_014554119.1_1	GCF_002021755.1_WP_005433019.1	18.621	419	439	97	435	310	12	12	419	1	418	2.67e-178	510
lcl|NC_017455.1_prot_WP_014554119.1_1	GCF_000012805.1_WP_231561817.1	18.458	419	462	96	428	305	11	19	419	5	415	2.78e-178	511
lcl|NC_017455.1_prot_WP_014554119.1_1	GCF_001747425.1_WP_084642674.1	52.255	419	681	89	377	174	2	43	415	299	673	2.83e-178	519
lcl|NC_017455.1_prot_WP_014554119.1_1	GCF_004116975.1_WP_064720353.1	18.584	419	455	99	452	313	12	4	419	1	433	2.86e-178	511
lcl|NC_017455.1_prot_WP_014554119.1_1	GCF_001663855.1_WP_064808079.1	18.913	419	483	98	460	304	12	11	419	22	463	2.86e-178	512
lcl|NC_017455.1_prot_WP_014554119.1_1	GCF_000190635.1_WP_013623832.1	18.118	419	437	95	425	304	13	20	419	7	412	2.87e-178	510
lcl|NC_017455.1_prot_WP_014554119.1_1	GCF_010727475.1_WP_036440986.1	52.094	419	656	89	382	173	2	43	416	269	648	3.17e-178	518
lcl|NC_017455.1_prot_WP_014554119.1_1	GCF_001277175.1_WP_038856839.1	18.543	419	456	99	453	313	12	4	419	1	434	3.20e-178	511
lcl|NC_017455.1_prot_WP_014554119.1_1	GCF_002101395.1_WP_085069011.1	18.889	419	462	99	450	312	12	4	419	1	431	3.42e-178	511
lcl|NC_017455.1_prot_WP_014554119.1_1	GCF_000190555.1_WP_013614714.1	54.217	419	422	98	415	186	3	2	413	3	416	3.48e-178	509
lcl|NC_017455.1_prot_WP_014554119.1_1	GCF_018243215.1_WP_075466249.1	18.818	419	481	98	457	306	12	10	419	23	461	3.51e-178	512
lcl|NC_017455.1_prot_WP_014554119.1_1	GCF_009649915.1_WP_062778165.1	18.985	419	456	99	453	311	12	4	419	1	434	3.56e-178	511
lcl|NC_017455.1_prot_WP_014554119.1_1	GCF_006517255.1_WP_243136568.1	20.000	419	438	93	435	286	11	30	419	1	418	3.58e-178	510
lcl|NC_017455.1_prot_WP_014554119.1_1	GCF_001721185.1_WP_069315290.1	17.478	419	454	99	452	318	12	4	419	1	433	3.59e-178	511
lcl|NC_017455.1_prot_WP_014554119.1_1	GCF_013372045.1_WP_225317475.1	20.000	419	438	93	435	286	11	30	419	1	418	3.70e-178	510
lcl|NC_017455.1_prot_WP_014554119.1_1	GCF_002215585.1_WP_088905037.1	17.995	419	446	98	439	313	13	10	419	2	422	3.76e-178	510
lcl|NC_017455.1_prot_WP_014554119.1_1	GCF_011388215.1_WP_240936685.1	19.780	419	480	97	455	296	12	12	419	1	433	3.78e-178	511
lcl|NC_017455.1_prot_WP_014554119.1_1	GCF_002196515.1_WP_088133349.1	18.349	419	442	98	436	311	12	10	419	2	418	3.81e-178	510
lcl|NC_017455.1_prot_WP_014554119.1_1	GCF_002906475.1_WP_103412794.1	18.621	419	439	97	435	310	12	12	419	1	418	3.91e-178	510
lcl|NC_017455.1_prot_WP_014554119.1_1	GCF_027886705.1_WP_061494290.1	18.985	419	456	99	453	311	12	4	419	1	434	4.06e-178	511
lcl|NC_017455.1_prot_WP_014554119.1_1	GCF_000146065.2_WP_015424682.1	50.239	419	419	99	418	202	4	1	413	1	417	4.07e-178	509
lcl|NC_017455.1_prot_WP_014554119.1_1	GCF_001886435.1_WP_012517667.1	19.139	419	444	94	418	295	11	28	419	19	419	4.09e-178	510
lcl|NC_017455.1_prot_WP_014554119.1_1	GCF_005931095.1_WP_017840559.1	20.635	419	454	99	441	304	12	6	419	6	427	4.14e-178	510
lcl|NC_017455.1_prot_WP_014554119.1_1	GCF_002370195.2_WP_096552460.1	19.114	419	440	95	429	300	11	20	419	6	416	4.14e-178	510
lcl|NC_017455.1_prot_WP_014554119.1_1	GCF_000015045.1_WP_011737238.1	18.578	419	439	98	436	311	12	10	419	1	418	4.27e-178	510
lcl|NC_017455.1_prot_WP_014554119.1_1	GCF_000092125.1_WP_013158461.1	56.901	419	430	98	413	176	2	2	413	16	427	4.27e-178	509
lcl|NC_017455.1_prot_WP_014554119.1_1	GCF_001753205.1_WP_075528424.1	19.767	419	442	95	430	297	11	20	419	7	418	4.35e-178	510
lcl|NC_017455.1_prot_WP_014554119.1_1	GCF_003070865.1_WP_108405054.1	52.800	419	604	87	375	167	2	46	411	213	586	4.43e-178	516
lcl|NC_017455.1_prot_WP_014554119.1_1	GCF_000747315.1_WP_038611072.1	52.926	419	628	88	376	167	2	45	411	236	610	4.48e-178	517
lcl|NC_017455.1_prot_WP_014554119.1_1	GCF_000215085.1_WP_013841286.1	19.169	419	443	97	433	305	12	14	419	6	420	4.50e-178	510
lcl|NC_017455.1_prot_WP_014554119.1_1	GCF_010983895.1_WP_173764423.1	19.231	419	467	94	442	293	11	25	419	20	444	4.54e-178	511
lcl|NC_017455.1_prot_WP_014554119.1_1	GCF_003096095.1_WP_244911068.1	50.246	419	697	89	406	168	4	46	419	291	694	4.54e-178	519
lcl|NC_017455.1_prot_WP_014554119.1_1	GCF_002327145.1_WP_244199198.1	20.000	419	438	93	435	286	11	30	419	1	418	4.60e-178	510
lcl|NC_017455.1_prot_WP_014554119.1_1	GCF_002216795.1_WP_089064071.1	50.500	419	672	89	400	171	2	41	415	264	661	4.64e-178	518
lcl|NC_017455.1_prot_WP_014554119.1_1	GCF_024347395.1_WP_261888441.1	18.349	419	439	98	436	311	12	10	419	2	418	4.71e-178	510
lcl|NC_017455.1_prot_WP_014554119.1_1	GCF_000196495.1_WP_012550808.1	18.349	419	439	98	436	311	12	10	419	2	418	4.71e-178	510
lcl|NC_017455.1_prot_WP_014554119.1_1	GCF_012563545.1_WP_247645208.1	53.333	419	584	88	375	166	3	47	415	204	575	4.80e-178	515
lcl|NC_017455.1_prot_WP_014554119.1_1	GCF_008693645.1_WP_038641572.1	18.985	419	456	99	453	311	12	4	419	1	434	4.95e-178	510
lcl|NC_017455.1_prot_WP_014554119.1_1	GCF_029028125.1_WP_277415936.1	19.595	419	474	95	444	293	11	23	419	28	454	5.18e-178	511
lcl|NC_017455.1_prot_WP_014554119.1_1	GCF_016728665.1_WP_018120007.1	52.941	419	690	87	374	166	2	49	413	304	676	5.21e-178	519
lcl|NC_017455.1_prot_WP_014554119.1_1	GCF_000021685.1_WP_012643018.1	20.046	419	450	97	434	301	11	14	419	4	419	5.21e-178	510
lcl|NC_017455.1_prot_WP_014554119.1_1	GCF_021172065.1_WP_231826944.1	18.985	419	456	99	453	311	12	4	419	1	434	5.22e-178	510
lcl|NC_017455.1_prot_WP_014554119.1_1	GCF_000006945.2_NP_460925.1	19.868	419	456	99	453	307	12	4	419	1	434	5.22e-178	510
lcl|NC_017455.1_prot_WP_014554119.1_1	GCF_011420305.2_WP_224769082.1	53.316	419	708	89	377	171	2	42	415	331	705	5.45e-178	519
lcl|NC_017455.1_prot_WP_014554119.1_1	GCF_003367315.1_WP_108124467.1	19.725	419	471	98	436	306	12	10	419	1	418	5.56e-178	511
lcl|NC_017455.1_prot_WP_014554119.1_1	GCF_003594935.2_WP_119938401.1	18.764	419	456	99	453	312	12	4	419	1	434	5.58e-178	510
lcl|NC_017455.1_prot_WP_014554119.1_1	GCF_003967195.1_WP_126453783.1	18.224	419	468	96	428	306	11	19	419	18	428	5.59e-178	511
lcl|NC_017455.1_prot_WP_014554119.1_1	GCF_002887615.1_WP_038872090.1	18.621	419	439	97	435	310	12	12	419	1	418	6.12e-178	509
lcl|NC_017455.1_prot_WP_014554119.1_1	GCF_001887775.1_WP_072283283.1	17.716	419	433	96	429	309	11	18	419	2	413	6.38e-178	509
lcl|NC_017455.1_prot_WP_014554119.1_1	GCF_018128425.1_WP_042284039.1	19.266	419	456	95	436	298	11	21	419	16	434	6.64e-178	510
lcl|NC_017455.1_prot_WP_014554119.1_1	GCF_011045835.1_WP_075673020.1	18.584	419	455	99	452	313	12	4	419	1	433	6.70e-178	510
lcl|NC_017455.1_prot_WP_014554119.1_1	GCF_002222595.2_WP_003022635.1	48.984	419	451	97	443	189	5	8	415	6	446	6.87e-178	510
lcl|NC_017455.1_prot_WP_014554119.1_1	GCF_014083925.1_WP_074371586.1	17.890	419	442	98	436	313	12	10	419	2	418	6.88e-178	509
lcl|NC_017455.1_prot_WP_014554119.1_1	GCF_003204135.1_WP_004909909.1	19.037	419	454	99	457	304	12	4	419	1	432	7.46e-178	510
lcl|NC_017455.1_prot_WP_014554119.1_1	GCF_017348915.1_WP_046884850.1	19.205	419	456	99	453	310	12	4	419	1	434	7.66e-178	510
lcl|NC_017455.1_prot_WP_014554119.1_1	GCF_014863585.1_WP_192563998.1	20.595	419	452	97	437	298	12	13	419	10	427	7.76e-178	509
lcl|NC_017455.1_prot_WP_014554119.1_1	GCF_002076895.1_WP_081148691.1	18.396	419	454	95	424	303	11	22	419	15	421	8.32e-178	509
lcl|NC_017455.1_prot_WP_014554119.1_1	GCF_001597285.1_WP_021702609.1	20.316	419	452	99	443	305	12	7	419	3	427	8.38e-178	509
lcl|NC_017455.1_prot_WP_014554119.1_1	GCF_902387955.1_WP_014080067.1	56.098	419	471	87	369	158	2	50	415	100	467	8.61e-178	510
lcl|NC_017455.1_prot_WP_014554119.1_1	GCF_009734425.1_WP_156230619.1	51.852	419	749	88	378	171	3	46	413	357	733	8.91e-178	520
lcl|NC_017455.1_prot_WP_014554119.1_1	GCF_022343685.1_WP_239040372.1	17.849	419	459	98	437	315	11	10	419	1	420	9.18e-178	510
lcl|NC_017455.1_prot_WP_014554119.1_1	GCF_020991025.1_WP_230432920.1	20.767	419	443	99	443	305	13	4	419	1	424	9.78e-178	509
lcl|NC_017455.1_prot_WP_014554119.1_1	GCF_002006355.2_WP_077832693.1	19.124	419	438	97	434	306	12	12	419	1	415	9.88e-178	509
lcl|NC_017455.1_prot_WP_014554119.1_1	GCF_008801925.2_WP_241754624.1	18.625	419	515	96	451	300	11	19	419	57	490	9.88e-178	512
lcl|NC_017455.1_prot_WP_014554119.1_1	GCF_016599635.1_WP_007252091.1	19.860	419	452	96	428	300	10	16	417	11	421	9.98e-178	509
lcl|NC_017455.1_prot_WP_014554119.1_1	GCF_000013405.1_WP_011416887.1	16.397	419	455	97	433	319	10	13	419	13	428	1.00e-177	509
lcl|NC_017455.1_prot_WP_014554119.1_1	GCF_023823875.1_WP_053475664.1	20.093	419	438	95	428	296	11	20	419	6	415	1.01e-177	509
lcl|NC_017455.1_prot_WP_014554119.1_1	GCF_022369495.1_WP_006533148.1	18.805	419	455	99	452	312	12	4	419	1	433	1.06e-177	509
lcl|NC_017455.1_prot_WP_014554119.1_1	GCF_000807775.2_WP_236105675.1	18.427	419	579	95	445	301	11	20	419	132	559	1.06e-177	514
lcl|NC_017455.1_prot_WP_014554119.1_1	GCF_001636295.1_WP_232314378.1	51.562	419	627	88	384	170	3	49	418	234	615	1.11e-177	516
lcl|NC_017455.1_prot_WP_014554119.1_1	GCF_002953195.1_WP_104955677.1	19.111	419	456	99	450	311	12	4	419	1	431	1.12e-177	509
lcl|NC_017455.1_prot_WP_014554119.1_1	GCF_018986915.1_WP_216799848.1	18.519	419	441	97	432	306	12	15	419	3	415	1.13e-177	509
lcl|NC_017455.1_prot_WP_014554119.1_1	GCF_000828635.1_WP_041097471.1	19.172	419	464	98	459	305	12	10	419	1	442	1.17e-177	509
lcl|NC_017455.1_prot_WP_014554119.1_1	GCF_021018765.1_WP_230736289.1	20.137	419	452	97	437	300	12	13	419	10	427	1.19e-177	509
