# PSIBLAST 2.13.0+
# Iteration: 1
# Query: tr|A0A1K3H6J5|Release 2019_07/2019_07|31-Jul-2019
# Database: db/chosen-bacteria_proteome_exDup
# Fields: query id, subject id, % identity, query length, subject length, % query coverage per subject, alignment length, mismatches, gap opens, q. start, q. end, s. start, s. end, evalue, bit score
# 256 hits found
tr|A0A1K3H6J5|Release	GCF_902387845.1_WP_004237241.1	100.000	88	88	100	88	0	0	1	88	1	88	1.26e-59	183
tr|A0A1K3H6J5|Release	GCF_013282725.1_WP_032813813.1	67.442	88	86	98	86	28	0	1	86	1	86	2.90e-40	133
tr|A0A1K3H6J5|Release	GCF_009730055.1_WP_032906500.1	67.442	88	86	98	86	28	0	1	86	1	86	6.63e-40	132
tr|A0A1K3H6J5|Release	GCF_004124235.1_WP_025377303.1	67.442	88	86	98	86	28	0	1	86	1	86	7.29e-40	132
tr|A0A1K3H6J5|Release	GCF_000222975.1_WP_002218374.1	67.442	88	86	98	86	28	0	1	86	1	86	9.18e-40	132
tr|A0A1K3H6J5|Release	GCF_000834395.1_WP_042546713.1	67.442	88	86	98	86	28	0	1	86	1	86	1.31e-39	131
tr|A0A1K3H6J5|Release	GCF_000834455.1_WP_032817050.1	67.442	88	86	98	86	28	0	1	86	1	86	3.52e-39	130
tr|A0A1K3H6J5|Release	GCF_017498685.1_WP_038245151.1	66.279	88	86	98	86	29	0	1	86	1	86	1.72e-38	129
tr|A0A1K3H6J5|Release	GCF_001010285.1_WP_046974061.1	65.909	88	88	100	88	30	0	1	88	1	88	3.30e-38	128
tr|A0A1K3H6J5|Release	GCF_001461805.1_WP_013367515.1	69.767	88	86	98	86	26	0	1	86	1	86	5.86e-38	127
tr|A0A1K3H6J5|Release	GCF_025133195.1_WP_032910235.1	65.116	88	86	98	86	30	0	1	86	1	86	7.56e-38	127
tr|A0A1K3H6J5|Release	GCF_021276285.1_WP_095923198.1	68.675	88	86	94	83	26	0	1	83	1	83	3.65e-37	125
tr|A0A1K3H6J5|Release	GCF_019090985.1_WP_036781226.1	63.636	88	88	100	88	32	0	1	88	1	88	4.54e-37	125
tr|A0A1K3H6J5|Release	GCF_000196475.1_WP_012776850.1	64.773	88	88	100	88	31	0	1	88	1	88	4.65e-37	125
tr|A0A1K3H6J5|Release	GCF_022637475.1_WP_013574214.1	67.470	88	86	94	83	27	0	1	83	1	83	6.01e-37	125
tr|A0A1K3H6J5|Release	GCF_025758125.1_WP_023480196.1	65.116	88	86	98	86	30	0	1	86	1	86	6.72e-37	125
tr|A0A1K3H6J5|Release	GCF_020268605.1_WP_180560445.1	62.500	88	88	100	88	33	0	1	88	1	88	8.99e-37	124
tr|A0A1K3H6J5|Release	GCF_003261575.2_WP_110272453.1	65.116	88	86	98	86	30	0	1	86	1	86	1.16e-36	124
tr|A0A1K3H6J5|Release	GCF_001683395.1_WP_017458015.1	65.116	88	86	98	86	30	0	1	86	1	86	1.23e-36	124
tr|A0A1K3H6J5|Release	GCF_001558935.2_WP_042323659.1	66.279	88	86	98	86	29	0	1	86	1	86	1.24e-36	124
tr|A0A1K3H6J5|Release	GCF_020097475.1_WP_000062318.1	67.442	88	86	98	86	28	0	1	86	1	86	1.34e-36	124
tr|A0A1K3H6J5|Release	GCF_004684345.1_WP_135323069.1	66.279	88	86	98	86	29	0	1	86	1	86	1.68e-36	123
tr|A0A1K3H6J5|Release	GCF_900478135.1_WP_111739359.1	70.000	88	88	91	80	24	0	4	83	5	84	1.85e-36	123
tr|A0A1K3H6J5|Release	GCF_004768525.1_WP_026822068.1	63.636	88	88	100	88	32	0	1	88	1	88	1.98e-36	123
tr|A0A1K3H6J5|Release	GCF_013460135.1_WP_180816665.1	62.500	88	88	100	88	33	0	1	88	1	88	2.12e-36	123
tr|A0A1K3H6J5|Release	GCF_022637595.1_WP_004858152.1	65.116	88	86	98	86	30	0	1	86	1	86	2.34e-36	123
tr|A0A1K3H6J5|Release	GCF_023195735.1_WP_035891978.1	68.605	88	86	98	86	27	0	1	86	1	86	2.79e-36	123
tr|A0A1K3H6J5|Release	GCF_002163605.1_WP_157665988.1	66.279	88	86	98	86	29	0	1	86	1	86	3.46e-36	123
tr|A0A1K3H6J5|Release	GCF_018128425.1_WP_042289833.1	65.116	88	86	98	86	30	0	1	86	1	86	4.28e-36	123
tr|A0A1K3H6J5|Release	GCF_006711645.1_WP_100682484.1	65.116	88	86	98	86	30	0	1	86	1	86	4.60e-36	122
tr|A0A1K3H6J5|Release	GCF_900638065.1_WP_048212636.1	65.116	88	86	98	86	30	0	1	86	1	86	5.22e-36	122
tr|A0A1K3H6J5|Release	GCF_017743015.1_WP_209027287.1	62.791	88	88	98	86	32	0	1	86	1	86	5.64e-36	122
tr|A0A1K3H6J5|Release	GCF_001022135.1_WP_039078449.1	66.279	88	86	98	86	29	0	1	86	1	86	6.17e-36	122
tr|A0A1K3H6J5|Release	GCF_003812345.1_WP_003018503.1	65.116	88	86	98	86	30	0	1	86	1	86	6.90e-36	122
tr|A0A1K3H6J5|Release	GCF_009363135.1_WP_090122691.1	66.279	88	86	98	86	29	0	1	86	1	86	7.71e-36	122
tr|A0A1K3H6J5|Release	GCF_000240185.1_YP_005225236.1	63.953	88	86	98	86	31	0	1	86	1	86	8.15e-36	122
tr|A0A1K3H6J5|Release	GCF_000006925.2_NP_706134.1	66.279	88	86	98	86	29	0	1	86	1	86	9.18e-36	122
tr|A0A1K3H6J5|Release	GCF_025914095.1_WP_031518416.1	65.116	88	86	98	86	30	0	1	86	1	86	9.56e-36	121
tr|A0A1K3H6J5|Release	GCF_021278985.1_WP_012904575.1	65.116	88	86	98	86	30	0	1	86	1	86	9.56e-36	121
tr|A0A1K3H6J5|Release	GCF_027886705.1_WP_061497537.1	65.116	88	86	98	86	30	0	1	86	1	86	9.87e-36	121
tr|A0A1K3H6J5|Release	GCF_009649915.1_WP_062772223.1	67.442	88	86	98	86	28	0	1	86	1	86	9.87e-36	121
tr|A0A1K3H6J5|Release	GCF_007632255.1_WP_015368146.1	65.116	88	86	98	86	30	0	1	86	1	86	1.08e-35	121
tr|A0A1K3H6J5|Release	GCF_009176645.1_WP_152083529.1	65.116	88	86	98	86	30	0	1	86	1	86	1.33e-35	121
tr|A0A1K3H6J5|Release	GCF_015139575.1_WP_004098776.1	63.953	88	86	98	86	31	0	1	86	1	86	1.37e-35	121
tr|A0A1K3H6J5|Release	GCF_001658025.2_WP_007373243.1	65.116	88	86	98	86	30	0	1	86	1	86	1.37e-35	121
tr|A0A1K3H6J5|Release	GCF_001518835.1_WP_059308693.1	67.442	88	86	98	86	28	0	1	86	1	86	1.42e-35	121
tr|A0A1K3H6J5|Release	GCF_000224675.1_WP_010426685.1	65.116	88	86	98	86	30	0	1	86	1	86	1.58e-35	121
tr|A0A1K3H6J5|Release	GCF_003594935.2_WP_006173581.1	66.279	88	86	98	86	29	0	1	86	1	86	1.85e-35	121
tr|A0A1K3H6J5|Release	GCF_003096015.2_WP_230514010.1	66.667	88	88	92	81	27	0	3	83	4	84	2.08e-35	121
tr|A0A1K3H6J5|Release	GCF_012029655.1_WP_041144145.1	63.953	88	86	98	86	31	0	1	86	1	86	2.24e-35	121
tr|A0A1K3H6J5|Release	GCF_019048625.1_WP_023305471.1	66.279	88	86	98	86	29	0	1	86	1	86	2.91e-35	120
tr|A0A1K3H6J5|Release	GCF_000439255.1_WP_000062328.1	62.791	88	86	98	86	32	0	1	86	1	86	3.03e-35	120
tr|A0A1K3H6J5|Release	GCF_020181655.1_WP_225087160.1	61.628	88	86	98	86	33	0	1	86	1	86	3.25e-35	120
tr|A0A1K3H6J5|Release	GCF_000018045.1_WP_024130681.1	62.791	88	86	98	86	32	0	1	86	1	86	3.33e-35	120
tr|A0A1K3H6J5|Release	GCF_900638655.1_WP_047781753.1	66.250	88	88	91	80	27	0	4	83	5	84	3.71e-35	120
tr|A0A1K3H6J5|Release	GCF_011617105.1_WP_025800203.1	65.116	88	86	98	86	30	0	1	86	1	86	4.03e-35	120
tr|A0A1K3H6J5|Release	GCF_018139045.1_WP_004129134.1	62.791	88	86	98	86	32	0	1	86	1	86	4.33e-35	120
tr|A0A1K3H6J5|Release	GCF_009036245.1_WP_025756830.1	65.116	88	86	98	86	30	0	1	86	1	86	4.57e-35	120
tr|A0A1K3H6J5|Release	GCF_000264765.2_WP_034163237.1	63.953	88	86	98	86	31	0	1	86	1	86	6.39e-35	120
tr|A0A1K3H6J5|Release	GCF_004353845.1_WP_103768334.1	63.953	88	86	98	86	31	0	1	86	1	86	6.44e-35	120
tr|A0A1K3H6J5|Release	GCF_009648935.1_WP_047417117.1	63.953	88	86	98	86	31	0	1	86	1	86	6.49e-35	120
tr|A0A1K3H6J5|Release	GCF_003812925.1_WP_004107903.1	62.791	88	86	98	86	32	0	1	86	1	86	6.54e-35	120
tr|A0A1K3H6J5|Release	GCF_003935895.2_WP_110510858.1	67.470	88	86	94	83	27	0	1	83	1	83	6.64e-35	120
tr|A0A1K3H6J5|Release	GCF_001750725.1_WP_014168720.1	63.953	88	86	98	86	31	0	1	86	1	86	8.10e-35	119
tr|A0A1K3H6J5|Release	GCF_004295645.1_WP_228350951.1	66.667	88	88	92	81	27	0	3	83	4	84	8.61e-35	119
tr|A0A1K3H6J5|Release	GCF_016904755.1_WP_059234959.1	66.265	88	86	94	83	28	0	1	83	1	83	9.20e-35	119
tr|A0A1K3H6J5|Release	GCF_020150375.1_WP_004094310.1	65.060	88	86	94	83	29	0	1	83	1	83	1.05e-34	119
tr|A0A1K3H6J5|Release	GCF_015137655.1_WP_028015593.1	63.953	88	86	98	86	31	0	1	86	1	86	1.06e-34	119
tr|A0A1K3H6J5|Release	GCF_001729805.1_WP_008501890.1	63.953	88	86	98	86	31	0	1	86	1	86	1.06e-34	119
tr|A0A1K3H6J5|Release	GCF_000005845.2_NP_414731.2	68.750	88	84	91	80	25	0	7	86	5	84	1.22e-34	119
tr|A0A1K3H6J5|Release	GCF_022637515.1_WP_064539750.1	61.628	88	86	98	86	33	0	1	86	1	86	1.27e-34	119
tr|A0A1K3H6J5|Release	GCF_021733145.1_WP_012847629.1	63.855	88	86	94	83	30	0	1	83	1	83	1.51e-34	119
tr|A0A1K3H6J5|Release	GCF_021172065.1_WP_015965827.1	63.953	88	86	98	86	31	0	1	86	1	86	1.68e-34	118
tr|A0A1K3H6J5|Release	GCF_005484965.1_WP_009114129.1	62.791	88	86	98	86	32	0	1	86	1	86	1.82e-34	118
tr|A0A1K3H6J5|Release	GCF_001277195.1_WP_032966924.1	62.791	88	86	98	86	32	0	1	86	1	86	1.85e-34	118
tr|A0A1K3H6J5|Release	GCF_001277255.1_WP_007666633.1	62.791	88	86	98	86	32	0	1	86	1	86	2.07e-34	118
tr|A0A1K3H6J5|Release	GCF_000196155.1_WP_011145066.1	61.364	88	88	100	88	34	0	1	88	1	88	2.15e-34	118
tr|A0A1K3H6J5|Release	GCF_029277985.1_WP_154623766.1	59.302	88	87	98	86	35	0	1	86	1	86	2.28e-34	118
tr|A0A1K3H6J5|Release	GCF_000006945.2_NP_459242.1	62.791	88	86	98	86	32	0	1	86	1	86	2.43e-34	118
tr|A0A1K3H6J5|Release	GCF_009931295.1_WP_161528353.1	60.465	88	86	98	86	34	0	1	86	1	86	2.89e-34	118
tr|A0A1K3H6J5|Release	GCF_014295015.1_WP_013185414.1	63.218	88	87	98	87	31	1	1	86	1	87	3.92e-34	118
tr|A0A1K3H6J5|Release	GCF_001277215.2_WP_007776988.1	60.465	88	86	98	86	34	0	1	86	1	86	4.10e-34	118
tr|A0A1K3H6J5|Release	GCF_012427845.1_WP_012773648.1	60.465	88	86	98	86	34	0	1	86	1	86	4.37e-34	117
tr|A0A1K3H6J5|Release	GCF_013234275.1_WP_172895488.1	60.465	88	86	98	86	34	0	1	86	1	86	4.96e-34	117
tr|A0A1K3H6J5|Release	GCF_002288545.1_WP_029367608.1	60.465	88	86	98	86	34	0	1	86	1	86	5.08e-34	117
tr|A0A1K3H6J5|Release	GCF_007858975.2_WP_042869176.1	62.651	88	86	94	83	31	0	1	83	1	83	5.68e-34	117
tr|A0A1K3H6J5|Release	GCF_009873295.1_WP_039312412.1	60.465	88	86	98	86	34	0	1	86	1	86	7.04e-34	117
tr|A0A1K3H6J5|Release	GCF_000740965.1_WP_011092648.1	59.302	88	86	98	86	35	0	1	86	1	86	7.21e-34	117
tr|A0A1K3H6J5|Release	GCF_003019925.1_WP_162185254.1	66.265	88	86	94	83	28	0	1	83	1	83	9.00e-34	117
tr|A0A1K3H6J5|Release	GCF_024224615.1_WP_125293588.1	63.855	88	86	94	83	30	0	1	83	1	83	9.22e-34	116
tr|A0A1K3H6J5|Release	GCF_001742185.1_WP_005975933.1	59.302	88	86	98	86	35	0	1	86	1	86	9.83e-34	116
tr|A0A1K3H6J5|Release	GCF_001721185.1_WP_069317984.1	63.953	88	87	98	86	31	0	1	86	1	86	9.93e-34	116
tr|A0A1K3H6J5|Release	GCF_003403135.1_WP_024104894.1	61.446	88	86	94	83	32	0	1	83	1	83	1.04e-33	116
tr|A0A1K3H6J5|Release	GCF_900635955.1_WP_126357486.1	62.651	88	86	94	83	31	0	1	83	1	83	1.06e-33	116
tr|A0A1K3H6J5|Release	GCF_002812485.1_WP_038661467.1	61.446	88	86	94	83	32	0	1	83	1	83	1.08e-33	116
tr|A0A1K3H6J5|Release	GCF_003992745.1_WP_014700896.1	58.140	88	86	98	86	36	0	1	86	1	86	1.20e-33	116
tr|A0A1K3H6J5|Release	GCF_000968195.1_WP_045972480.1	60.920	88	87	98	87	33	1	1	86	1	87	1.22e-33	116
tr|A0A1K3H6J5|Release	GCF_002393505.1_WP_006658392.1	59.302	88	87	98	86	35	0	1	86	1	86	1.33e-33	116
tr|A0A1K3H6J5|Release	GCF_000025065.1_WP_012883679.1	61.446	88	86	94	83	32	0	1	83	1	83	1.51e-33	116
tr|A0A1K3H6J5|Release	GCF_001277175.1_WP_007760020.1	60.465	88	86	98	86	34	0	1	86	1	86	1.73e-33	116
tr|A0A1K3H6J5|Release	GCF_002504285.1_WP_005282992.1	63.855	88	86	94	83	30	0	1	83	1	83	1.87e-33	116
tr|A0A1K3H6J5|Release	GCF_019797845.1_WP_222158377.1	62.791	88	86	98	86	32	0	1	86	1	86	2.25e-33	116
tr|A0A1K3H6J5|Release	GCF_000023565.1_WP_012770818.1	60.241	88	86	94	83	33	0	1	83	1	83	2.25e-33	116
tr|A0A1K3H6J5|Release	GCF_002393445.1_WP_061273728.1	62.651	88	86	94	83	31	0	1	83	1	83	2.51e-33	115
tr|A0A1K3H6J5|Release	GCF_011068345.1_WP_002436992.1	62.651	88	86	94	83	31	0	1	83	1	83	2.99e-33	115
tr|A0A1K3H6J5|Release	GCF_005484945.1_WP_137712817.1	61.628	88	86	98	86	33	0	1	86	1	86	4.31e-33	115
tr|A0A1K3H6J5|Release	GCF_016026395.1_WP_024524235.1	62.651	88	86	94	83	31	0	1	83	1	83	4.34e-33	115
tr|A0A1K3H6J5|Release	GCF_002843235.3_WP_102139922.1	59.302	88	87	98	86	35	0	1	86	1	86	5.70e-33	114
tr|A0A1K3H6J5|Release	GCF_002291445.1_WP_048635886.1	59.302	88	86	98	86	35	0	1	86	1	86	7.51e-33	114
tr|A0A1K3H6J5|Release	GCF_900475855.1_WP_068441311.1	59.302	88	87	98	86	35	0	1	86	1	86	7.65e-33	114
tr|A0A1K3H6J5|Release	GCF_017569925.1_WP_208228065.1	59.302	88	86	98	86	35	0	1	86	1	86	9.61e-33	114
tr|A0A1K3H6J5|Release	GCF_000968175.1_WP_045959360.1	59.770	88	88	98	87	34	1	1	86	1	87	1.05e-32	114
tr|A0A1K3H6J5|Release	GCF_000023545.1_WP_015854637.1	59.302	88	86	98	86	35	0	1	86	1	86	1.16e-32	114
tr|A0A1K3H6J5|Release	GCF_003204135.1_WP_004908806.1	59.302	88	87	98	86	35	0	1	86	1	86	1.17e-32	114
tr|A0A1K3H6J5|Release	GCF_009817885.1_WP_105232289.1	58.140	88	87	98	86	36	0	1	86	1	86	1.30e-32	114
tr|A0A1K3H6J5|Release	GCF_000147055.1_WP_022632468.1	60.241	88	86	94	83	33	0	1	83	1	83	2.36e-32	113
tr|A0A1K3H6J5|Release	GCF_003515985.1_WP_085653101.1	60.241	88	86	94	83	33	0	1	83	1	83	2.66e-32	113
tr|A0A1K3H6J5|Release	GCF_000262305.1_WP_002441069.1	58.140	88	86	98	86	36	0	1	86	1	86	4.46e-32	112
tr|A0A1K3H6J5|Release	GCF_001642805.2_WP_004931991.1	58.140	88	87	98	86	36	0	1	86	1	86	7.19e-32	112
tr|A0A1K3H6J5|Release	GCF_002291425.1_WP_095847471.1	59.302	88	87	98	86	35	0	1	86	1	86	9.50e-32	111
tr|A0A1K3H6J5|Release	GCF_020079945.1_WP_039382769.1	66.234	88	87	88	77	26	0	7	83	7	83	1.32e-31	111
tr|A0A1K3H6J5|Release	GCF_022647505.1_WP_128179458.1	61.250	88	87	91	80	31	0	7	86	7	86	1.61e-31	111
tr|A0A1K3H6J5|Release	GCF_900095885.1_WP_035340381.1	58.140	88	86	98	86	36	0	1	86	1	86	1.68e-31	111
tr|A0A1K3H6J5|Release	GCF_021462285.1_WP_234585968.1	58.140	88	87	98	86	36	0	1	86	1	86	1.72e-31	111
tr|A0A1K3H6J5|Release	GCF_019890955.1_WP_211725887.1	63.636	88	87	88	77	28	0	7	83	7	83	2.61e-31	110
tr|A0A1K3H6J5|Release	GCF_016026735.1_WP_015673540.1	55.814	88	87	98	86	38	0	1	86	1	86	3.33e-31	110
tr|A0A1K3H6J5|Release	GCF_022592395.1_WP_047255099.1	60.465	88	87	98	86	34	0	1	86	1	86	3.55e-31	110
tr|A0A1K3H6J5|Release	GCF_900187015.1_WP_061796701.1	58.140	88	87	98	86	36	0	1	86	1	86	3.73e-31	110
tr|A0A1K3H6J5|Release	GCF_019047765.1_WP_040230035.1	66.279	88	86	98	86	29	0	1	86	1	86	4.12e-31	110
tr|A0A1K3H6J5|Release	GCF_021365465.1_WP_016190321.1	61.250	88	87	91	80	31	0	7	86	7	86	4.58e-31	110
tr|A0A1K3H6J5|Release	GCF_025946765.1_WP_264497926.1	59.036	88	86	94	83	34	0	1	83	1	83	5.07e-31	110
tr|A0A1K3H6J5|Release	GCF_000520015.2_WP_024910172.1	58.140	88	87	98	86	36	0	1	86	1	86	5.08e-31	110
tr|A0A1K3H6J5|Release	GCF_003074995.2_WP_015870269.1	59.036	88	86	94	83	34	0	1	83	1	83	6.13e-31	109
tr|A0A1K3H6J5|Release	GCF_000196615.1_WP_013200864.1	61.250	88	87	91	80	31	0	7	86	7	86	7.09e-31	109
tr|A0A1K3H6J5|Release	GCF_015999465.1_WP_085688159.1	59.036	88	86	94	83	34	0	1	83	1	83	7.54e-31	109
tr|A0A1K3H6J5|Release	GCF_023517775.1_WP_249893541.1	63.750	88	87	91	80	29	0	7	86	7	86	1.53e-30	108
tr|A0A1K3H6J5|Release	GCF_011044475.1_WP_033740322.1	62.338	88	86	88	77	29	0	7	83	7	83	2.91e-30	108
tr|A0A1K3H6J5|Release	GCF_000517425.1_WP_025421126.1	57.831	88	86	94	83	35	0	1	83	1	83	3.75e-30	107
tr|A0A1K3H6J5|Release	GCF_000233595.1_WP_013024706.1	62.338	88	86	88	77	29	0	7	83	7	83	3.81e-30	107
tr|A0A1K3H6J5|Release	GCF_020683125.1_WP_133842177.1	56.977	88	88	98	86	37	0	1	86	2	87	4.15e-30	107
tr|A0A1K3H6J5|Release	GCF_000010085.1_WP_011411656.1	57.831	88	86	94	83	35	0	1	83	1	83	4.20e-30	107
tr|A0A1K3H6J5|Release	GCF_002953195.1_WP_038628016.1	61.250	88	87	91	80	31	0	7	86	7	86	4.59e-30	107
tr|A0A1K3H6J5|Release	GCF_017348915.1_WP_040077077.1	67.442	88	86	98	86	28	0	1	86	1	86	8.79e-30	106
tr|A0A1K3H6J5|Release	GCF_019844095.1_WP_062747070.1	55.814	88	88	98	86	38	0	1	86	2	87	1.20e-29	106
tr|A0A1K3H6J5|Release	GCF_019048385.1_WP_062759648.1	59.740	88	86	88	77	31	0	7	83	7	83	2.16e-29	105
tr|A0A1K3H6J5|Release	GCF_009914055.1_WP_160619715.1	62.500	88	87	91	80	30	0	7	86	7	86	2.85e-29	105
tr|A0A1K3H6J5|Release	GCF_004792415.1_WP_013356856.1	59.740	88	86	88	77	31	0	7	83	7	83	3.47e-29	105
tr|A0A1K3H6J5|Release	GCF_002101395.1_WP_085067900.1	61.250	88	87	91	80	31	0	7	86	7	86	3.65e-29	105
tr|A0A1K3H6J5|Release	GCF_004116975.1_WP_064720954.1	60.241	88	86	94	83	33	0	1	83	1	83	4.85e-29	105
tr|A0A1K3H6J5|Release	GCF_020541225.1_WP_226811316.1	55.422	88	86	94	83	37	0	1	83	1	83	7.33e-29	104
tr|A0A1K3H6J5|Release	GCF_009646115.1_WP_008925644.1	59.740	88	86	88	77	31	0	7	83	7	83	8.32e-29	104
tr|A0A1K3H6J5|Release	GCF_022647325.1_WP_111140597.1	58.442	88	86	88	77	32	0	7	83	7	83	3.34e-28	102
tr|A0A1K3H6J5|Release	GCF_000517405.1_WP_038469034.1	57.692	88	83	89	78	33	0	6	83	3	80	3.35e-28	102
tr|A0A1K3H6J5|Release	GCF_005671395.1_WP_138095872.1	60.256	88	86	89	78	31	0	1	78	1	78	7.46e-28	102
tr|A0A1K3H6J5|Release	GCF_000069965.1_WP_004245453.1	57.831	88	86	94	83	35	0	1	83	1	83	1.06e-27	101
tr|A0A1K3H6J5|Release	GCF_020342335.1_WP_067428135.1	58.442	88	87	88	77	32	0	7	83	7	83	1.07e-27	101
tr|A0A1K3H6J5|Release	GCF_000026185.1_WP_012440659.1	58.442	88	87	88	77	32	0	7	83	7	83	1.57e-27	101
tr|A0A1K3H6J5|Release	GCF_008364325.2_WP_230090436.1	57.317	88	85	93	82	35	0	5	86	3	84	3.14e-27	100
tr|A0A1K3H6J5|Release	GCF_000091565.1_WP_004159420.1	58.442	88	87	88	77	32	0	7	83	7	83	4.65e-27	100
tr|A0A1K3H6J5|Release	GCF_000261045.2_WP_006318653.1	54.651	88	87	98	86	39	0	1	86	1	86	7.43e-27	99.5
tr|A0A1K3H6J5|Release	GCF_011045835.1_WP_075671674.1	57.831	88	86	94	83	35	0	1	83	1	83	8.97e-27	99.2
tr|A0A1K3H6J5|Release	GCF_022369495.1_WP_072064250.1	56.627	88	86	94	83	36	0	1	83	1	83	1.06e-26	98.9
tr|A0A1K3H6J5|Release	GCF_000214235.1_WP_004952197.1	56.098	88	85	93	82	36	0	5	86	3	84	1.30e-26	98.9
tr|A0A1K3H6J5|Release	GCF_900638135.1_WP_012146468.1	53.488	88	87	98	86	40	0	1	86	1	86	1.44e-26	98.6
tr|A0A1K3H6J5|Release	GCF_001006005.1_WP_223499701.1	54.878	88	85	93	82	37	0	5	86	3	84	2.88e-25	95.3
tr|A0A1K3H6J5|Release	GCF_002952315.1_WP_012667243.1	54.545	88	87	88	77	35	0	7	83	7	83	3.45e-25	95.3
tr|A0A1K3H6J5|Release	GCF_009831665.3_WP_006709226.1	50.000	88	87	98	86	43	0	1	86	1	86	1.46e-24	93.6
tr|A0A1K3H6J5|Release	GCF_020991025.1_WP_152109250.1	40.741	88	83	91	81	47	1	5	84	3	83	1.33e-15	70.8
tr|A0A1K3H6J5|Release	GCF_002355475.1_WP_004421315.1	42.254	88	91	80	71	40	1	5	74	3	73	5.58e-11	59.0
tr|A0A1K3H6J5|Release	GCF_013423785.1_WP_180308358.1	38.356	88	88	83	73	45	0	1	73	1	73	3.01e-10	57.0
tr|A0A1K3H6J5|Release	GCF_001708425.1_WP_055136127.1	38.095	88	94	90	84	47	2	5	83	2	85	3.44e-10	57.0
tr|A0A1K3H6J5|Release	GCF_003515105.1_WP_036973086.1	40.299	88	73	75	67	39	1	7	72	3	69	4.50e-10	56.4
tr|A0A1K3H6J5|Release	GCF_002218045.2_WP_089137819.1	38.667	88	79	81	75	42	2	4	74	3	77	3.04e-09	54.5
tr|A0A1K3H6J5|Release	GCF_017167985.1_WP_079784061.1	39.744	88	90	86	78	44	2	5	80	2	78	3.87e-09	54.5
tr|A0A1K3H6J5|Release	GCF_008693645.1_WP_137347870.1	33.735	88	89	93	83	54	1	1	82	1	83	4.32e-09	54.2
tr|A0A1K3H6J5|Release	GCF_008807375.1_WP_151138908.1	40.000	88	91	78	70	41	1	6	74	4	73	7.60e-09	53.6
tr|A0A1K3H6J5|Release	GCF_013409125.2_WP_099525265.1	39.744	88	90	86	78	44	3	5	80	2	78	1.39e-08	53.1
tr|A0A1K3H6J5|Release	GCF_001597285.1_WP_061903727.1	40.000	88	92	78	70	41	1	6	74	3	72	1.51e-08	52.8
tr|A0A1K3H6J5|Release	GCF_001594225.2_WP_064379396.1	36.905	88	92	90	84	48	2	5	83	2	85	2.23e-08	52.5
tr|A0A1K3H6J5|Release	GCF_017915135.1_WP_210390879.1	38.462	88	90	86	78	45	2	5	80	2	78	5.68e-08	51.4
tr|A0A1K3H6J5|Release	GCF_000297075.2_WP_003461742.1	38.158	88	90	84	76	44	2	7	80	4	78	5.68e-08	51.4
tr|A0A1K3H6J5|Release	GCF_015209785.1_WP_193988300.1	40.299	88	73	75	67	39	1	7	72	3	69	5.91e-08	51.1
tr|A0A1K3H6J5|Release	GCF_021029445.1_WP_230924827.1	34.286	88	89	80	70	46	0	5	74	2	71	7.92e-08	51.1
tr|A0A1K3H6J5|Release	GCF_000733715.2_WP_017362912.1	38.462	88	90	86	78	45	2	5	80	2	78	8.05e-08	51.1
tr|A0A1K3H6J5|Release	GCF_003812345.1_WP_121571778.1	36.000	88	94	84	75	47	1	1	74	1	75	1.06e-07	50.8
tr|A0A1K3H6J5|Release	GCF_013200955.2_WP_173204463.1	36.364	88	91	86	77	48	1	5	80	3	79	1.16e-07	50.5
tr|A0A1K3H6J5|Release	GCF_029457395.1_WP_024766443.1	34.667	88	92	80	75	44	1	5	74	2	76	1.16e-07	50.5
tr|A0A1K3H6J5|Release	GCF_005877035.1_WP_039486662.1	38.710	88	83	69	62	37	1	10	70	2	63	1.58e-07	50.0
tr|A0A1K3H6J5|Release	GCF_019670705.1_WP_100146025.1	35.065	88	92	86	77	49	1	5	80	2	78	1.71e-07	50.3
tr|A0A1K3H6J5|Release	GCF_008693605.1_WP_223849061.1	36.000	88	95	84	75	47	1	1	74	2	76	1.99e-07	50.0
tr|A0A1K3H6J5|Release	GCF_004353845.1_WP_103770713.1	36.000	88	93	84	75	47	1	1	74	1	75	2.36e-07	50.0
tr|A0A1K3H6J5|Release	GCF_009730655.1_WP_156020461.1	35.065	88	92	86	77	49	1	5	80	2	78	3.77e-07	49.4
tr|A0A1K3H6J5|Release	GCF_900682675.2_WP_069898892.1	38.889	88	94	81	72	43	1	7	77	4	75	3.86e-07	49.4
tr|A0A1K3H6J5|Release	GCF_012971725.1_WP_169940133.1	35.211	88	92	75	71	41	1	5	70	2	72	4.05e-07	49.1
tr|A0A1K3H6J5|Release	GCF_004328865.1_WP_104643907.1	38.710	88	83	69	62	37	1	10	70	2	63	4.38e-07	48.9
tr|A0A1K3H6J5|Release	GCF_024205225.1_WP_195881696.1	35.897	88	90	86	78	47	2	5	80	2	78	4.89e-07	48.9
tr|A0A1K3H6J5|Release	GCF_017329545.1_WP_047884589.1	34.328	88	95	75	67	43	1	5	70	3	69	5.34e-07	48.9
tr|A0A1K3H6J5|Release	GCF_002215215.1_WP_088918776.1	43.077	88	101	73	65	35	2	7	70	17	80	7.44e-07	48.6
tr|A0A1K3H6J5|Release	GCF_003668795.1_WP_054981706.1	37.097	88	83	69	62	38	1	10	70	2	63	9.00e-07	48.3
tr|A0A1K3H6J5|Release	GCF_002215585.1_WP_088903590.1	35.802	88	89	88	81	48	2	7	83	4	84	1.23e-06	48.0
tr|A0A1K3H6J5|Release	GCF_019047765.1_WP_040231149.1	32.000	88	89	84	75	50	1	1	74	1	75	1.26e-06	48.0
tr|A0A1K3H6J5|Release	GCF_017167985.1_WP_093053415.1	36.620	88	92	80	71	44	1	5	74	2	72	1.42e-06	47.7
tr|A0A1K3H6J5|Release	GCF_002221525.1_WP_089349457.1	37.097	88	83	69	62	38	1	10	70	2	63	1.64e-06	47.4
tr|A0A1K3H6J5|Release	GCF_003957745.1_WP_126168493.1	34.940	88	87	89	83	49	2	7	84	4	86	1.99e-06	47.4
tr|A0A1K3H6J5|Release	GCF_004684345.1_WP_135321947.1	39.130	88	93	77	69	41	1	7	74	7	75	2.22e-06	47.4
tr|A0A1K3H6J5|Release	GCF_000178875.2_WP_012197738.1	35.714	88	90	90	84	49	2	5	83	2	85	4.18e-06	46.6
tr|A0A1K3H6J5|Release	GCF_011397855.1_WP_044414183.1	37.681	88	90	77	69	42	1	7	74	4	72	5.69e-06	46.3
tr|A0A1K3H6J5|Release	GCF_000015245.1_WP_011761423.1	34.524	88	86	90	84	50	2	5	83	2	85	6.56e-06	46.0
tr|A0A1K3H6J5|Release	GCF_000238395.3_WP_010553578.1	37.097	88	83	69	62	38	1	10	70	2	63	6.57e-06	46.0
tr|A0A1K3H6J5|Release	GCF_012767755.2_WP_173176508.1	36.620	88	91	80	71	41	2	5	74	2	69	9.21e-06	45.8
tr|A0A1K3H6J5|Release	GCF_024971755.1_WP_259474826.1	38.028	88	88	80	71	43	1	5	74	2	72	9.44e-06	45.8
tr|A0A1K3H6J5|Release	GCF_016834455.1_WP_203325205.1	35.211	88	86	80	71	45	1	5	74	2	72	1.06e-05	45.5
tr|A0A1K3H6J5|Release	GCF_000146165.2_WP_164925808.1	34.211	88	89	84	76	48	2	5	78	2	77	1.26e-05	45.5
tr|A0A1K3H6J5|Release	GCF_007197555.1_WP_144048375.1	36.000	88	94	77	75	41	3	7	74	4	78	1.36e-05	45.5
tr|A0A1K3H6J5|Release	GCF_017354925.1_WP_207321174.1	35.211	88	87	80	71	45	1	5	74	2	72	1.62e-05	44.9
tr|A0A1K3H6J5|Release	GCF_017354965.1_WP_207380278.1	35.211	88	87	80	71	45	1	5	74	2	72	1.67e-05	44.9
tr|A0A1K3H6J5|Release	GCF_002157225.2_WP_086934278.1	25.333	88	80	85	75	56	0	8	82	3	77	2.09e-05	44.6
tr|A0A1K3H6J5|Release	GCF_003025345.2_WP_003155955.1	35.135	88	91	77	74	42	1	7	74	4	77	5.08e-05	43.8
tr|A0A1K3H6J5|Release	GCF_003063625.1_WP_108601906.1	37.931	88	85	66	58	36	0	10	67	5	62	6.41e-05	43.5
tr|A0A1K3H6J5|Release	GCF_025402875.1_WP_011791024.1	32.143	88	90	90	84	52	2	5	83	2	85	8.16e-05	43.2
tr|A0A1K3H6J5|Release	GCF_024347195.1_WP_271272618.1	37.500	88	77	77	72	41	2	5	72	2	73	8.44e-05	42.9
tr|A0A1K3H6J5|Release	GCF_000012325.1_WP_011045621.1	30.380	88	84	90	79	53	1	10	88	5	81	1.07e-04	42.9
tr|A0A1K3H6J5|Release	GCF_001677435.1_WP_068615618.1	35.294	88	90	76	68	42	2	4	70	3	69	1.13e-04	42.9
tr|A0A1K3H6J5|Release	GCF_012767755.2_WP_173171843.1	30.986	88	90	80	71	48	1	5	74	2	72	1.24e-04	42.9
tr|A0A1K3H6J5|Release	GCF_009068765.1_WP_151900329.1	42.857	88	81	40	35	20	0	10	44	2	36	1.32e-04	42.7
tr|A0A1K3H6J5|Release	GCF_000014885.1_WP_020912292.1	35.714	88	87	78	70	44	1	6	74	3	72	1.50e-04	42.7
tr|A0A1K3H6J5|Release	GCF_008033135.1_WP_148717358.1	30.000	88	87	80	70	49	0	5	74	2	71	1.69e-04	42.4
tr|A0A1K3H6J5|Release	GCF_014905115.1_WP_193151849.1	42.857	88	81	40	35	20	0	10	44	2	36	2.57e-04	41.8
tr|A0A1K3H6J5|Release	GCF_000148645.1_WP_013347076.1	34.848	88	80	74	66	42	1	10	74	1	66	3.20e-04	41.5
tr|A0A1K3H6J5|Release	GCF_002005305.1_WP_077753428.1	33.333	88	86	77	69	45	1	7	74	4	72	3.34e-04	41.5
tr|A0A1K3H6J5|Release	GCF_002355475.1_WP_003455993.1	32.000	88	90	84	75	50	1	7	80	2	76	3.63e-04	41.5
tr|A0A1K3H6J5|Release	GCF_004358345.1_WP_121852852.1	36.364	88	76	74	66	41	1	7	71	5	70	4.28e-04	41.3
tr|A0A1K3H6J5|Release	GCF_003970675.1_WP_126615366.1	33.803	88	76	81	71	43	3	4	74	7	73	4.74e-04	41.0
tr|A0A1K3H6J5|Release	GCF_008807375.1_WP_151133519.1	29.333	88	90	84	75	52	1	7	80	2	76	5.39e-04	41.3
tr|A0A1K3H6J5|Release	GCF_001999225.1_WP_077537996.1	32.258	88	82	69	62	41	1	10	70	2	63	5.48e-04	41.0
tr|A0A1K3H6J5|Release	GCF_019703835.1_WP_087020305.1	37.778	88	79	51	45	28	0	10	54	1	45	5.67e-04	41.0
tr|A0A1K3H6J5|Release	GCF_003967195.1_WP_172597571.1	33.333	88	83	76	72	43	2	5	71	4	75	6.51e-04	41.0
tr|A0A1K3H6J5|Release	GCF_019670485.1_WP_221071211.1	31.250	88	81	72	64	43	1	10	72	2	65	0.001	40.4
tr|A0A1K3H6J5|Release	GCF_900637545.1_WP_042651794.1	36.538	88	84	59	52	33	0	5	56	2	53	0.001	40.4
tr|A0A1K3H6J5|Release	GCF_009938185.1_WP_162048373.1	42.857	88	82	40	35	20	0	10	44	2	36	0.001	40.1
tr|A0A1K3H6J5|Release	GCF_019797925.1_WP_193521737.1	30.769	88	80	74	65	45	0	10	74	2	66	0.001	40.1
tr|A0A1K3H6J5|Release	GCF_000968535.2_WP_014147785.1	33.846	88	84	73	65	41	2	8	71	4	67	0.001	39.9
tr|A0A1K3H6J5|Release	GCF_002849875.1_WP_232379112.1	30.556	88	113	77	72	46	1	6	73	28	99	0.002	40.4
tr|A0A1K3H6J5|Release	GCF_020423125.1_WP_226170850.1	35.294	88	84	58	51	33	0	6	56	3	53	0.002	39.9
tr|A0A1K3H6J5|Release	GCF_019669905.1_WP_054759186.1	41.667	88	79	53	48	27	1	8	54	3	50	0.002	39.6
tr|A0A1K3H6J5|Release	GCF_009938225.1_WP_075649723.1	32.308	88	82	73	65	43	1	10	73	2	66	0.002	39.6
tr|A0A1K3H6J5|Release	GCF_006385555.1_WP_140234395.1	42.553	88	87	51	47	25	1	9	53	3	49	0.002	39.6
tr|A0A1K3H6J5|Release	GCF_017742995.1_WP_247749573.1	44.444	88	48	41	36	20	0	10	45	2	37	0.003	38.7
tr|A0A1K3H6J5|Release	GCF_000788395.1_WP_038641921.1	27.941	88	85	76	68	48	1	8	74	3	70	0.003	39.3
tr|A0A1K3H6J5|Release	GCF_000026085.1_WP_041454550.1	37.143	88	73	77	70	41	3	7	74	3	71	0.003	38.7
tr|A0A1K3H6J5|Release	GCF_001831495.1_WP_068547707.1	30.645	88	81	69	62	42	1	10	70	2	63	0.004	39.0
tr|A0A1K3H6J5|Release	GCF_000024005.1_WP_012793320.1	33.333	88	84	88	81	47	4	2	78	3	80	0.005	38.7
tr|A0A1K3H6J5|Release	GCF_000785705.2_WP_036272019.1	29.231	88	82	74	65	45	1	10	74	6	69	0.005	38.7
tr|A0A1K3H6J5|Release	GCF_024346675.1_WP_048897676.1	30.769	88	86	73	65	44	1	7	70	5	69	0.006	38.4
tr|A0A1K3H6J5|Release	GCF_017638925.1_WP_208844867.1	30.882	88	81	74	68	44	1	10	74	2	69	0.007	38.2
tr|A0A1K3H6J5|Release	GCF_024494545.1_WP_256384876.1	27.273	88	81	74	66	47	1	10	74	2	67	0.009	37.9
# PSIBLAST 2.13.0+
# Iteration: 2
# Query: tr|A0A1K3H6J5|Release 2019_07/2019_07|31-Jul-2019
# Database: db/chosen-bacteria_proteome_exDup
# Fields: query id, subject id, % identity, query length, subject length, % query coverage per subject, alignment length, mismatches, gap opens, q. start, q. end, s. start, s. end, evalue, bit score
# 419 hits found
tr|A0A1K3H6J5|Release	GCF_020097475.1_WP_000062318.1	67.442	88	86	98	86	28	0	1	86	1	86	2.77e-47	151
tr|A0A1K3H6J5|Release	GCF_001461805.1_WP_013367515.1	69.767	88	86	98	86	26	0	1	86	1	86	5.40e-47	150
tr|A0A1K3H6J5|Release	GCF_000006925.2_NP_706134.1	66.279	88	86	98	86	29	0	1	86	1	86	6.64e-47	150
tr|A0A1K3H6J5|Release	GCF_009176645.1_WP_152083529.1	65.116	88	86	98	86	30	0	1	86	1	86	1.11e-46	149
tr|A0A1K3H6J5|Release	GCF_001518835.1_WP_059308693.1	67.442	88	86	98	86	28	0	1	86	1	86	2.33e-46	148
tr|A0A1K3H6J5|Release	GCF_016904755.1_WP_059234959.1	64.706	88	86	97	85	30	0	1	85	1	85	2.67e-46	148
tr|A0A1K3H6J5|Release	GCF_001683395.1_WP_017458015.1	65.116	88	86	98	86	30	0	1	86	1	86	2.82e-46	148
tr|A0A1K3H6J5|Release	GCF_001658025.2_WP_007373243.1	65.116	88	86	98	86	30	0	1	86	1	86	3.00e-46	148
tr|A0A1K3H6J5|Release	GCF_003594935.2_WP_006173581.1	66.279	88	86	98	86	29	0	1	86	1	86	3.03e-46	148
tr|A0A1K3H6J5|Release	GCF_027886705.1_WP_061497537.1	65.116	88	86	98	86	30	0	1	86	1	86	3.52e-46	148
tr|A0A1K3H6J5|Release	GCF_007632255.1_WP_015368146.1	65.116	88	86	98	86	30	0	1	86	1	86	3.52e-46	148
tr|A0A1K3H6J5|Release	GCF_001022135.1_WP_039078449.1	66.279	88	86	98	86	29	0	1	86	1	86	3.52e-46	148
tr|A0A1K3H6J5|Release	GCF_009036245.1_WP_025756830.1	65.116	88	86	98	86	30	0	1	86	1	86	3.64e-46	148
tr|A0A1K3H6J5|Release	GCF_000224675.1_WP_010426685.1	65.116	88	86	98	86	30	0	1	86	1	86	4.58e-46	148
tr|A0A1K3H6J5|Release	GCF_001729805.1_WP_008501890.1	63.953	88	86	98	86	31	0	1	86	1	86	7.44e-46	147
tr|A0A1K3H6J5|Release	GCF_025914095.1_WP_031518416.1	65.116	88	86	98	86	30	0	1	86	1	86	8.38e-46	147
tr|A0A1K3H6J5|Release	GCF_015137655.1_WP_028015593.1	63.953	88	86	98	86	31	0	1	86	1	86	9.14e-46	147
tr|A0A1K3H6J5|Release	GCF_003812925.1_WP_004107903.1	62.791	88	86	98	86	32	0	1	86	1	86	9.22e-46	147
tr|A0A1K3H6J5|Release	GCF_001558935.2_WP_042323659.1	66.279	88	86	98	86	29	0	1	86	1	86	9.82e-46	147
tr|A0A1K3H6J5|Release	GCF_000240185.1_YP_005225236.1	63.953	88	86	98	86	31	0	1	86	1	86	1.01e-45	147
tr|A0A1K3H6J5|Release	GCF_019048625.1_WP_023305471.1	66.279	88	86	98	86	29	0	1	86	1	86	1.05e-45	147
tr|A0A1K3H6J5|Release	GCF_009363135.1_WP_090122691.1	66.279	88	86	98	86	29	0	1	86	1	86	1.06e-45	147
tr|A0A1K3H6J5|Release	GCF_001750725.1_WP_014168720.1	63.953	88	86	98	86	31	0	1	86	1	86	1.30e-45	147
tr|A0A1K3H6J5|Release	GCF_003261575.2_WP_110272453.1	65.116	88	86	98	86	30	0	1	86	1	86	1.61e-45	146
tr|A0A1K3H6J5|Release	GCF_015139575.1_WP_004098776.1	63.953	88	86	98	86	31	0	1	86	1	86	1.66e-45	146
tr|A0A1K3H6J5|Release	GCF_018139045.1_WP_004129134.1	62.791	88	86	98	86	32	0	1	86	1	86	1.73e-45	146
tr|A0A1K3H6J5|Release	GCF_021278985.1_WP_012904575.1	65.116	88	86	98	86	30	0	1	86	1	86	1.87e-45	146
tr|A0A1K3H6J5|Release	GCF_004684345.1_WP_135323069.1	66.279	88	86	98	86	29	0	1	86	1	86	1.90e-45	146
tr|A0A1K3H6J5|Release	GCF_023195735.1_WP_035891978.1	68.605	88	86	98	86	27	0	1	86	1	86	2.12e-45	146
tr|A0A1K3H6J5|Release	GCF_003812345.1_WP_003018503.1	65.116	88	86	98	86	30	0	1	86	1	86	2.12e-45	146
tr|A0A1K3H6J5|Release	GCF_021172065.1_WP_015965827.1	63.953	88	86	98	86	31	0	1	86	1	86	2.26e-45	146
tr|A0A1K3H6J5|Release	GCF_018128425.1_WP_042289833.1	65.116	88	86	98	86	30	0	1	86	1	86	2.92e-45	146
tr|A0A1K3H6J5|Release	GCF_900638065.1_WP_048212636.1	65.116	88	86	98	86	30	0	1	86	1	86	3.11e-45	146
tr|A0A1K3H6J5|Release	GCF_009649915.1_WP_062772223.1	67.442	88	86	98	86	28	0	1	86	1	86	3.31e-45	146
tr|A0A1K3H6J5|Release	GCF_022637515.1_WP_064539750.1	61.628	88	86	98	86	33	0	1	86	1	86	4.07e-45	145
tr|A0A1K3H6J5|Release	GCF_022637595.1_WP_004858152.1	65.116	88	86	98	86	30	0	1	86	1	86	4.21e-45	145
tr|A0A1K3H6J5|Release	GCF_001277255.1_WP_007666633.1	62.791	88	86	98	86	32	0	1	86	1	86	4.81e-45	145
tr|A0A1K3H6J5|Release	GCF_004353845.1_WP_103768334.1	63.953	88	86	98	86	31	0	1	86	1	86	6.11e-45	145
tr|A0A1K3H6J5|Release	GCF_006711645.1_WP_100682484.1	65.116	88	86	98	86	30	0	1	86	1	86	6.16e-45	145
tr|A0A1K3H6J5|Release	GCF_003935895.2_WP_110510858.1	65.882	88	86	97	85	29	0	1	85	1	85	6.31e-45	145
tr|A0A1K3H6J5|Release	GCF_000005845.2_NP_414731.2	65.476	88	84	95	84	29	0	3	86	1	84	7.07e-45	145
tr|A0A1K3H6J5|Release	GCF_009648935.1_WP_047417117.1	63.953	88	86	98	86	31	0	1	86	1	86	7.11e-45	145
tr|A0A1K3H6J5|Release	GCF_002163605.1_WP_157665988.1	66.279	88	86	98	86	29	0	1	86	1	86	7.82e-45	144
tr|A0A1K3H6J5|Release	GCF_001277195.1_WP_032966924.1	62.791	88	86	98	86	32	0	1	86	1	86	1.39e-44	144
tr|A0A1K3H6J5|Release	GCF_000018045.1_WP_024130681.1	62.791	88	86	98	86	32	0	1	86	1	86	1.42e-44	144
tr|A0A1K3H6J5|Release	GCF_000834395.1_WP_042546713.1	67.442	88	86	98	86	28	0	1	86	1	86	1.89e-44	144
tr|A0A1K3H6J5|Release	GCF_012029655.1_WP_041144145.1	63.953	88	86	98	86	31	0	1	86	1	86	2.08e-44	144
tr|A0A1K3H6J5|Release	GCF_004124235.1_WP_025377303.1	67.442	88	86	98	86	28	0	1	86	1	86	2.79e-44	143
tr|A0A1K3H6J5|Release	GCF_002393445.1_WP_061273728.1	61.905	88	86	95	84	32	0	1	84	1	84	3.07e-44	143
tr|A0A1K3H6J5|Release	GCF_011068345.1_WP_002436992.1	61.176	88	86	97	85	33	0	1	85	1	85	3.22e-44	143
tr|A0A1K3H6J5|Release	GCF_024224615.1_WP_125293588.1	62.353	88	86	97	85	32	0	1	85	1	85	3.54e-44	143
tr|A0A1K3H6J5|Release	GCF_025758125.1_WP_023480196.1	65.116	88	86	98	86	30	0	1	86	1	86	3.80e-44	143
tr|A0A1K3H6J5|Release	GCF_021276285.1_WP_095923198.1	67.857	88	86	95	84	27	0	1	84	1	84	4.42e-44	143
tr|A0A1K3H6J5|Release	GCF_001277215.2_WP_007776988.1	60.465	88	86	98	86	34	0	1	86	1	86	4.75e-44	142
tr|A0A1K3H6J5|Release	GCF_013282725.1_WP_032813813.1	67.442	88	86	98	86	28	0	1	86	1	86	5.06e-44	142
tr|A0A1K3H6J5|Release	GCF_900635955.1_WP_126357486.1	61.905	88	86	95	84	32	0	1	84	1	84	5.18e-44	142
tr|A0A1K3H6J5|Release	GCF_000222975.1_WP_002218374.1	67.442	88	86	98	86	28	0	1	86	1	86	5.79e-44	142
tr|A0A1K3H6J5|Release	GCF_001277175.1_WP_007760020.1	60.465	88	86	98	86	34	0	1	86	1	86	7.84e-44	142
tr|A0A1K3H6J5|Release	GCF_000834455.1_WP_032817050.1	67.442	88	86	98	86	28	0	1	86	1	86	8.62e-44	142
tr|A0A1K3H6J5|Release	GCF_000439255.1_WP_000062328.1	62.791	88	86	98	86	32	0	1	86	1	86	9.19e-44	142
tr|A0A1K3H6J5|Release	GCF_013234275.1_WP_172895488.1	60.465	88	86	98	86	34	0	1	86	1	86	9.87e-44	142
tr|A0A1K3H6J5|Release	GCF_012427845.1_WP_012773648.1	60.465	88	86	98	86	34	0	1	86	1	86	1.21e-43	142
tr|A0A1K3H6J5|Release	GCF_902387845.1_WP_004237241.1	100.000	88	88	100	88	0	0	1	88	1	88	1.54e-43	141
tr|A0A1K3H6J5|Release	GCF_022637475.1_WP_013574214.1	66.667	88	86	95	84	28	0	1	84	1	84	1.59e-43	141
tr|A0A1K3H6J5|Release	GCF_009730055.1_WP_032906500.1	67.442	88	86	98	86	28	0	1	86	1	86	1.76e-43	141
tr|A0A1K3H6J5|Release	GCF_002288545.1_WP_029367608.1	60.465	88	86	98	86	34	0	1	86	1	86	2.58e-43	141
tr|A0A1K3H6J5|Release	GCF_025133195.1_WP_032910235.1	65.116	88	86	98	86	30	0	1	86	1	86	2.96e-43	141
tr|A0A1K3H6J5|Release	GCF_000025065.1_WP_012883679.1	60.000	88	86	97	85	34	0	1	85	1	85	3.23e-43	141
tr|A0A1K3H6J5|Release	GCF_020181655.1_WP_225087160.1	61.628	88	86	98	86	33	0	1	86	1	86	3.52e-43	141
tr|A0A1K3H6J5|Release	GCF_017498685.1_WP_038245151.1	66.279	88	86	98	86	29	0	1	86	1	86	4.33e-43	140
tr|A0A1K3H6J5|Release	GCF_009873295.1_WP_039312412.1	60.465	88	86	98	86	34	0	1	86	1	86	4.54e-43	140
tr|A0A1K3H6J5|Release	GCF_005484945.1_WP_137712817.1	61.628	88	86	98	86	33	0	1	86	1	86	4.88e-43	140
tr|A0A1K3H6J5|Release	GCF_003019925.1_WP_162185254.1	65.476	88	86	95	84	29	0	1	84	1	84	6.24e-43	140
tr|A0A1K3H6J5|Release	GCF_000023565.1_WP_012770818.1	58.824	88	86	97	85	35	0	1	85	1	85	7.43e-43	140
tr|A0A1K3H6J5|Release	GCF_009931295.1_WP_161528353.1	60.465	88	86	98	86	34	0	1	86	1	86	8.71e-43	139
tr|A0A1K3H6J5|Release	GCF_000023545.1_WP_015854637.1	59.302	88	86	98	86	35	0	1	86	1	86	1.05e-42	139
tr|A0A1K3H6J5|Release	GCF_000740965.1_WP_011092648.1	59.302	88	86	98	86	35	0	1	86	1	86	1.12e-42	139
tr|A0A1K3H6J5|Release	GCF_001010285.1_WP_046974061.1	65.909	88	88	100	88	30	0	1	88	1	88	1.52e-42	139
tr|A0A1K3H6J5|Release	GCF_002812485.1_WP_038661467.1	60.000	88	86	97	85	34	0	1	85	1	85	1.53e-42	139
tr|A0A1K3H6J5|Release	GCF_000006945.2_NP_459242.1	62.791	88	86	98	86	32	0	1	86	1	86	1.78e-42	139
tr|A0A1K3H6J5|Release	GCF_017569925.1_WP_208228065.1	59.302	88	86	98	86	35	0	1	86	1	86	1.98e-42	139
tr|A0A1K3H6J5|Release	GCF_001742185.1_WP_005975933.1	59.302	88	86	98	86	35	0	1	86	1	86	1.98e-42	139
tr|A0A1K3H6J5|Release	GCF_023517775.1_WP_249893541.1	59.770	88	87	99	87	35	0	1	87	1	87	1.98e-42	139
tr|A0A1K3H6J5|Release	GCF_000196615.1_WP_013200864.1	57.471	88	87	99	87	37	0	1	87	1	87	2.20e-42	138
tr|A0A1K3H6J5|Release	GCF_011617105.1_WP_025800203.1	65.116	88	86	98	86	30	0	1	86	1	86	2.32e-42	138
tr|A0A1K3H6J5|Release	GCF_002101395.1_WP_085067900.1	57.471	88	87	99	87	37	0	1	87	1	87	2.36e-42	138
tr|A0A1K3H6J5|Release	GCF_002953195.1_WP_038628016.1	57.471	88	87	99	87	37	0	1	87	1	87	2.64e-42	138
tr|A0A1K3H6J5|Release	GCF_007858975.2_WP_042869176.1	61.176	88	86	97	85	33	0	1	85	1	85	2.80e-42	138
tr|A0A1K3H6J5|Release	GCF_000233595.1_WP_013024706.1	57.647	88	86	97	85	36	0	1	85	1	85	3.28e-42	138
tr|A0A1K3H6J5|Release	GCF_020079945.1_WP_039382769.1	59.770	88	87	99	87	35	0	1	87	1	87	3.35e-42	138
tr|A0A1K3H6J5|Release	GCF_003992745.1_WP_014700896.1	58.140	88	86	98	86	36	0	1	86	1	86	3.61e-42	138
tr|A0A1K3H6J5|Release	GCF_000517425.1_WP_025421126.1	57.143	88	86	95	84	36	0	1	84	1	84	4.24e-42	138
tr|A0A1K3H6J5|Release	GCF_019797845.1_WP_222158377.1	62.791	88	86	98	86	32	0	1	86	1	86	4.44e-42	138
tr|A0A1K3H6J5|Release	GCF_900095885.1_WP_035340381.1	58.140	88	86	98	86	36	0	1	86	1	86	4.62e-42	137
tr|A0A1K3H6J5|Release	GCF_003403135.1_WP_024104894.1	60.000	88	86	97	85	34	0	1	85	1	85	5.25e-42	137
tr|A0A1K3H6J5|Release	GCF_002291445.1_WP_048635886.1	59.302	88	86	98	86	35	0	1	86	1	86	5.33e-42	137
tr|A0A1K3H6J5|Release	GCF_000010085.1_WP_011411656.1	57.143	88	86	95	84	36	0	1	84	1	84	7.16e-42	137
tr|A0A1K3H6J5|Release	GCF_011044475.1_WP_033740322.1	57.647	88	86	97	85	36	0	1	85	1	85	7.63e-42	137
tr|A0A1K3H6J5|Release	GCF_000262305.1_WP_002441069.1	58.140	88	86	98	86	36	0	1	86	1	86	7.87e-42	137
tr|A0A1K3H6J5|Release	GCF_016026735.1_WP_015673540.1	55.172	88	87	99	87	39	0	1	87	1	87	7.89e-42	137
tr|A0A1K3H6J5|Release	GCF_000147055.1_WP_022632468.1	58.824	88	86	97	85	35	0	1	85	1	85	7.94e-42	137
tr|A0A1K3H6J5|Release	GCF_005484965.1_WP_009114129.1	62.791	88	86	98	86	32	0	1	86	1	86	1.17e-41	137
tr|A0A1K3H6J5|Release	GCF_020150375.1_WP_004094310.1	63.953	88	86	98	86	31	0	1	86	1	86	1.57e-41	136
tr|A0A1K3H6J5|Release	GCF_009817885.1_WP_105232289.1	57.471	88	87	99	87	37	0	1	87	1	87	1.69e-41	136
tr|A0A1K3H6J5|Release	GCF_019890955.1_WP_211725887.1	57.471	88	87	99	87	37	0	1	87	1	87	1.91e-41	136
tr|A0A1K3H6J5|Release	GCF_003515985.1_WP_085653101.1	58.824	88	86	97	85	35	0	1	85	1	85	2.27e-41	136
tr|A0A1K3H6J5|Release	GCF_009914055.1_WP_160619715.1	58.621	88	87	99	87	36	0	1	87	1	87	2.36e-41	136
tr|A0A1K3H6J5|Release	GCF_000520015.2_WP_024910172.1	57.471	88	87	99	87	37	0	1	87	1	87	2.58e-41	136
tr|A0A1K3H6J5|Release	GCF_019090985.1_WP_036781226.1	63.636	88	88	100	88	32	0	1	88	1	88	2.87e-41	135
tr|A0A1K3H6J5|Release	GCF_022647505.1_WP_128179458.1	57.471	88	87	99	87	37	0	1	87	1	87	2.93e-41	135
tr|A0A1K3H6J5|Release	GCF_000196475.1_WP_012776850.1	64.773	88	88	100	88	31	0	1	88	1	88	3.21e-41	135
tr|A0A1K3H6J5|Release	GCF_001642805.2_WP_004931991.1	57.471	88	87	99	87	37	0	1	87	1	87	4.19e-41	135
tr|A0A1K3H6J5|Release	GCF_021462285.1_WP_234585968.1	57.471	88	87	99	87	37	0	1	87	1	87	4.26e-41	135
tr|A0A1K3H6J5|Release	GCF_015999465.1_WP_085688159.1	57.647	88	86	97	85	36	0	1	85	1	85	4.98e-41	135
tr|A0A1K3H6J5|Release	GCF_900187015.1_WP_061796701.1	57.471	88	87	99	87	37	0	1	87	1	87	5.53e-41	135
tr|A0A1K3H6J5|Release	GCF_020268605.1_WP_180560445.1	62.500	88	88	100	88	33	0	1	88	1	88	5.68e-41	135
tr|A0A1K3H6J5|Release	GCF_000264765.2_WP_034163237.1	63.953	88	86	98	86	31	0	1	86	1	86	7.35e-41	135
tr|A0A1K3H6J5|Release	GCF_004768525.1_WP_026822068.1	63.636	88	88	100	88	32	0	1	88	1	88	9.45e-41	134
tr|A0A1K3H6J5|Release	GCF_019047765.1_WP_040230035.1	66.279	88	86	98	86	29	0	1	86	1	86	1.67e-40	133
tr|A0A1K3H6J5|Release	GCF_020683125.1_WP_133842177.1	56.322	88	88	99	87	38	0	1	87	2	88	1.67e-40	133
tr|A0A1K3H6J5|Release	GCF_004792415.1_WP_013356856.1	55.952	88	86	95	84	37	0	1	84	1	84	1.88e-40	133
tr|A0A1K3H6J5|Release	GCF_000026185.1_WP_012440659.1	54.118	88	87	97	85	39	0	1	85	1	85	2.14e-40	133
tr|A0A1K3H6J5|Release	GCF_017348915.1_WP_040077077.1	67.442	88	86	98	86	28	0	1	86	1	86	2.73e-40	133
tr|A0A1K3H6J5|Release	GCF_019844095.1_WP_062747070.1	55.172	88	88	99	87	39	0	1	87	2	88	3.40e-40	133
tr|A0A1K3H6J5|Release	GCF_009646115.1_WP_008925644.1	55.952	88	86	95	84	37	0	1	84	1	84	5.58e-40	132
tr|A0A1K3H6J5|Release	GCF_013460135.1_WP_180816665.1	62.500	88	88	100	88	33	0	1	88	1	88	5.70e-40	132
tr|A0A1K3H6J5|Release	GCF_019048385.1_WP_062759648.1	55.952	88	86	95	84	37	0	1	84	1	84	7.19e-40	132
tr|A0A1K3H6J5|Release	GCF_000196155.1_WP_011145066.1	61.364	88	88	100	88	34	0	1	88	1	88	1.10e-39	132
tr|A0A1K3H6J5|Release	GCF_021733145.1_WP_012847629.1	62.353	88	86	97	85	32	0	1	85	1	85	1.46e-39	131
tr|A0A1K3H6J5|Release	GCF_021365465.1_WP_016190321.1	57.471	88	87	99	87	37	0	1	87	1	87	1.57e-39	131
tr|A0A1K3H6J5|Release	GCF_002291425.1_WP_095847471.1	58.621	88	87	99	87	36	0	1	87	1	87	3.19e-39	130
tr|A0A1K3H6J5|Release	GCF_022647325.1_WP_111140597.1	54.762	88	86	95	84	38	0	1	84	1	84	3.41e-39	130
tr|A0A1K3H6J5|Release	GCF_000091565.1_WP_004159420.1	54.118	88	87	97	85	39	0	1	85	1	85	4.56e-39	130
tr|A0A1K3H6J5|Release	GCF_025946765.1_WP_264497926.1	56.977	88	86	98	86	37	0	1	86	1	86	5.24e-39	130
tr|A0A1K3H6J5|Release	GCF_900475855.1_WP_068441311.1	59.302	88	87	98	86	35	0	1	86	1	86	6.26e-39	130
tr|A0A1K3H6J5|Release	GCF_017743015.1_WP_209027287.1	62.791	88	88	98	86	32	0	1	86	1	86	6.33e-39	130
tr|A0A1K3H6J5|Release	GCF_003204135.1_WP_004908806.1	59.302	88	87	98	86	35	0	1	86	1	86	6.83e-39	130
tr|A0A1K3H6J5|Release	GCF_002843235.3_WP_102139922.1	59.302	88	87	98	86	35	0	1	86	1	86	9.24e-39	129
tr|A0A1K3H6J5|Release	GCF_022592395.1_WP_047255099.1	60.465	88	87	98	86	34	0	1	86	1	86	1.72e-38	128
tr|A0A1K3H6J5|Release	GCF_029277985.1_WP_154623766.1	59.302	88	87	98	86	35	0	1	86	1	86	2.18e-38	128
tr|A0A1K3H6J5|Release	GCF_000517405.1_WP_038469034.1	56.250	88	83	91	80	35	0	5	84	2	81	2.74e-38	128
tr|A0A1K3H6J5|Release	GCF_002393505.1_WP_006658392.1	59.302	88	87	98	86	35	0	1	86	1	86	3.02e-38	128
tr|A0A1K3H6J5|Release	GCF_020342335.1_WP_067428135.1	52.874	88	87	99	87	41	0	1	87	1	87	3.40e-38	128
tr|A0A1K3H6J5|Release	GCF_020541225.1_WP_226811316.1	54.762	88	86	95	84	38	0	1	84	1	84	3.59e-38	128
tr|A0A1K3H6J5|Release	GCF_001721185.1_WP_069317984.1	63.953	88	87	98	86	31	0	1	86	1	86	4.87e-38	127
tr|A0A1K3H6J5|Release	GCF_002952315.1_WP_012667243.1	50.588	88	87	97	85	42	0	1	85	1	85	8.09e-38	127
tr|A0A1K3H6J5|Release	GCF_002504285.1_WP_005282992.1	62.791	88	86	98	86	32	0	1	86	1	86	8.33e-38	127
tr|A0A1K3H6J5|Release	GCF_900638135.1_WP_012146468.1	52.874	88	87	99	87	41	0	1	87	1	87	9.41e-38	126
tr|A0A1K3H6J5|Release	GCF_000069965.1_WP_004245453.1	57.831	88	86	94	83	35	0	1	83	1	83	1.68e-37	126
tr|A0A1K3H6J5|Release	GCF_000261045.2_WP_006318653.1	54.023	88	87	99	87	40	0	1	87	1	87	1.88e-37	126
tr|A0A1K3H6J5|Release	GCF_000968175.1_WP_045959360.1	59.770	88	88	98	87	34	1	1	86	1	87	2.24e-37	126
tr|A0A1K3H6J5|Release	GCF_009831665.3_WP_006709226.1	49.425	88	87	99	87	44	0	1	87	1	87	3.15e-37	125
tr|A0A1K3H6J5|Release	GCF_000968195.1_WP_045972480.1	59.770	88	87	98	87	34	1	1	86	1	87	4.00e-37	125
tr|A0A1K3H6J5|Release	GCF_004295645.1_WP_228350951.1	63.529	88	88	97	85	31	0	3	87	4	88	4.01e-37	125
tr|A0A1K3H6J5|Release	GCF_003096015.2_WP_230514010.1	63.529	88	88	97	85	31	0	3	87	4	88	4.97e-37	125
tr|A0A1K3H6J5|Release	GCF_016026395.1_WP_024524235.1	61.628	88	86	98	86	33	0	1	86	1	86	6.58e-37	124
tr|A0A1K3H6J5|Release	GCF_900478135.1_WP_111739359.1	65.882	88	88	97	85	29	0	3	87	4	88	6.61e-37	124
tr|A0A1K3H6J5|Release	GCF_000214235.1_WP_004952197.1	54.118	88	85	97	85	39	0	3	87	1	85	6.83e-37	124
tr|A0A1K3H6J5|Release	GCF_003074995.2_WP_015870269.1	59.036	88	86	94	83	34	0	1	83	1	83	8.35e-37	124
tr|A0A1K3H6J5|Release	GCF_011045835.1_WP_075671674.1	57.831	88	86	94	83	35	0	1	83	1	83	1.23e-36	124
tr|A0A1K3H6J5|Release	GCF_014295015.1_WP_013185414.1	63.218	88	87	98	87	31	1	1	86	1	87	1.40e-36	124
tr|A0A1K3H6J5|Release	GCF_008364325.2_WP_230090436.1	55.294	88	85	97	85	38	0	3	87	1	85	1.55e-36	123
tr|A0A1K3H6J5|Release	GCF_900638655.1_WP_047781753.1	62.353	88	88	97	85	32	0	3	87	4	88	1.64e-36	123
tr|A0A1K3H6J5|Release	GCF_001006005.1_WP_223499701.1	52.941	88	85	97	85	40	0	3	87	1	85	1.69e-36	123
tr|A0A1K3H6J5|Release	GCF_022369495.1_WP_072064250.1	56.627	88	86	94	83	36	0	1	83	1	83	2.75e-36	123
tr|A0A1K3H6J5|Release	GCF_004116975.1_WP_064720954.1	60.241	88	86	94	83	33	0	1	83	1	83	3.20e-36	123
tr|A0A1K3H6J5|Release	GCF_005671395.1_WP_138095872.1	60.256	88	86	89	78	31	0	1	78	1	78	2.39e-35	121
tr|A0A1K3H6J5|Release	GCF_002355475.1_WP_004421315.1	38.272	88	91	91	81	49	1	3	82	1	81	1.21e-29	106
tr|A0A1K3H6J5|Release	GCF_008693605.1_WP_223849061.1	33.735	88	95	93	83	54	1	1	82	2	84	1.66e-29	106
tr|A0A1K3H6J5|Release	GCF_013200955.2_WP_173204463.1	33.333	88	91	91	81	53	1	3	82	1	81	2.35e-29	105
tr|A0A1K3H6J5|Release	GCF_003812345.1_WP_121571778.1	33.333	88	94	98	87	57	1	1	86	1	87	3.03e-29	105
tr|A0A1K3H6J5|Release	GCF_000733715.2_WP_017362912.1	32.911	88	90	89	79	52	1	5	82	2	80	8.76e-29	104
tr|A0A1K3H6J5|Release	GCF_001594225.2_WP_064379396.1	34.884	88	92	92	86	51	2	5	85	2	87	9.61e-29	104
tr|A0A1K3H6J5|Release	GCF_000297075.2_WP_003461742.1	32.911	88	90	89	79	52	1	5	82	2	80	1.18e-28	103
tr|A0A1K3H6J5|Release	GCF_013409125.2_WP_099525265.1	32.911	88	90	89	79	52	1	5	82	2	80	1.59e-28	103
tr|A0A1K3H6J5|Release	GCF_001597285.1_WP_061903727.1	37.179	88	92	88	78	48	1	6	82	3	80	2.20e-28	103
tr|A0A1K3H6J5|Release	GCF_008693645.1_WP_137347870.1	33.735	88	89	93	83	54	1	1	82	1	83	3.27e-28	102
tr|A0A1K3H6J5|Release	GCF_001708425.1_WP_055136127.1	36.905	88	94	90	84	48	2	5	83	2	85	3.47e-28	102
tr|A0A1K3H6J5|Release	GCF_024205225.1_WP_195881696.1	31.646	88	90	89	79	53	1	5	82	2	80	3.78e-28	102
tr|A0A1K3H6J5|Release	GCF_021029445.1_WP_230924827.1	30.952	88	89	91	84	54	1	5	84	2	85	4.35e-28	102
tr|A0A1K3H6J5|Release	GCF_017167985.1_WP_079784061.1	34.177	88	90	89	79	51	1	5	82	2	80	5.24e-28	102
tr|A0A1K3H6J5|Release	GCF_004353845.1_WP_103770713.1	33.333	88	93	98	87	57	1	1	86	1	87	5.36e-28	102
tr|A0A1K3H6J5|Release	GCF_000178875.2_WP_012197738.1	35.714	88	90	90	84	49	2	5	83	2	85	1.59e-27	101
tr|A0A1K3H6J5|Release	GCF_008807375.1_WP_151138908.1	35.802	88	91	91	81	51	1	3	82	1	81	1.98e-27	100
tr|A0A1K3H6J5|Release	GCF_017915135.1_WP_210390879.1	32.911	88	90	89	79	52	1	5	82	2	80	5.59e-27	99.7
tr|A0A1K3H6J5|Release	GCF_004684345.1_WP_135321947.1	33.735	88	93	93	83	54	1	1	82	1	83	5.63e-27	99.7
tr|A0A1K3H6J5|Release	GCF_017167985.1_WP_093053415.1	32.184	88	92	93	87	54	2	5	86	2	88	1.37e-26	98.8
tr|A0A1K3H6J5|Release	GCF_024971755.1_WP_259474826.1	34.524	88	88	90	84	50	2	5	83	2	85	1.80e-26	98.3
tr|A0A1K3H6J5|Release	GCF_013423785.1_WP_180308358.1	38.356	88	88	83	73	45	0	1	73	1	73	1.83e-26	98.3
tr|A0A1K3H6J5|Release	GCF_025402875.1_WP_011791024.1	32.143	88	90	90	84	52	2	5	83	2	85	2.80e-26	98.0
tr|A0A1K3H6J5|Release	GCF_003957745.1_WP_126168493.1	34.118	88	87	91	85	51	2	5	84	2	86	4.14e-26	97.4
tr|A0A1K3H6J5|Release	GCF_019047765.1_WP_040231149.1	30.120	88	89	93	83	57	1	1	82	1	83	5.58e-26	97.1
tr|A0A1K3H6J5|Release	GCF_900682675.2_WP_069898892.1	37.838	88	94	83	74	45	1	5	77	2	75	7.00e-26	96.9
tr|A0A1K3H6J5|Release	GCF_019670705.1_WP_100146025.1	34.091	88	92	94	88	53	2	5	87	2	89	1.74e-25	96.0
tr|A0A1K3H6J5|Release	GCF_016834455.1_WP_203325205.1	33.766	88	86	86	77	50	1	5	80	2	78	3.50e-25	95.2
tr|A0A1K3H6J5|Release	GCF_000015245.1_WP_011761423.1	34.524	88	86	90	84	50	2	5	83	2	85	3.92e-25	94.9
tr|A0A1K3H6J5|Release	GCF_029457395.1_WP_024766443.1	34.211	88	92	81	76	45	1	5	75	2	77	4.36e-25	94.9
tr|A0A1K3H6J5|Release	GCF_020991025.1_WP_152109250.1	39.759	88	83	93	83	49	1	3	84	1	83	4.49e-25	94.6
tr|A0A1K3H6J5|Release	GCF_012971725.1_WP_169940133.1	32.895	88	92	81	76	46	1	5	75	2	77	8.44e-25	94.3
tr|A0A1K3H6J5|Release	GCF_009730655.1_WP_156020461.1	35.714	88	92	90	84	49	2	5	83	2	85	9.13e-25	94.0
tr|A0A1K3H6J5|Release	GCF_012767755.2_WP_173176508.1	33.766	88	91	86	77	47	2	5	80	2	75	1.05e-24	94.0
tr|A0A1K3H6J5|Release	GCF_011397855.1_WP_044414183.1	35.065	88	90	86	77	49	1	5	80	2	78	3.02e-24	92.6
tr|A0A1K3H6J5|Release	GCF_017354925.1_WP_207321174.1	33.766	88	87	86	77	50	1	5	80	2	78	1.25e-23	91.2
tr|A0A1K3H6J5|Release	GCF_002355475.1_WP_003455993.1	30.667	88	90	84	75	51	1	7	80	2	76	1.80e-23	90.7
tr|A0A1K3H6J5|Release	GCF_017354965.1_WP_207380278.1	33.766	88	87	86	77	50	1	5	80	2	78	2.33e-23	90.4
tr|A0A1K3H6J5|Release	GCF_012767755.2_WP_173171843.1	29.114	88	90	89	79	55	1	5	82	2	80	2.64e-23	90.4
tr|A0A1K3H6J5|Release	GCF_002215585.1_WP_088903590.1	32.530	88	89	90	83	52	1	6	84	3	85	3.53e-23	90.1
tr|A0A1K3H6J5|Release	GCF_008807375.1_WP_151133519.1	28.000	88	90	84	75	53	1	7	80	2	76	8.34e-23	89.0
tr|A0A1K3H6J5|Release	GCF_000146165.2_WP_164925808.1	34.211	88	89	84	76	48	2	5	78	2	77	2.11e-22	88.1
tr|A0A1K3H6J5|Release	GCF_017329545.1_WP_047884589.1	33.333	88	95	77	69	45	1	3	70	1	69	2.84e-22	87.9
tr|A0A1K3H6J5|Release	GCF_014524625.1_WP_009050814.1	25.000	88	92	90	84	58	2	5	83	2	85	2.89e-21	85.0
tr|A0A1K3H6J5|Release	GCF_000014885.1_WP_020912292.1	33.784	88	87	83	74	48	1	5	77	2	75	9.58e-21	83.6
tr|A0A1K3H6J5|Release	GCF_003025345.2_WP_003155955.1	32.143	88	91	89	84	51	1	5	82	2	85	1.57e-20	83.3
tr|A0A1K3H6J5|Release	GCF_003515105.1_WP_036973086.1	38.028	88	73	80	71	43	1	6	75	2	72	1.28e-19	80.5
tr|A0A1K3H6J5|Release	GCF_008033135.1_WP_148717358.1	28.947	88	87	86	76	54	0	5	80	2	77	1.38e-19	80.8
tr|A0A1K3H6J5|Release	GCF_002218045.2_WP_089137819.1	39.189	88	79	80	74	41	2	4	73	3	76	3.15e-19	79.7
tr|A0A1K3H6J5|Release	GCF_000016065.1_WP_011864074.1	29.870	88	93	86	77	52	2	5	80	2	77	7.76e-19	79.1
tr|A0A1K3H6J5|Release	GCF_002157225.2_WP_086934278.1	25.333	88	80	85	75	56	0	8	82	3	77	8.84e-19	78.6
tr|A0A1K3H6J5|Release	GCF_015209785.1_WP_193988300.1	39.706	88	73	76	68	40	1	6	72	2	69	3.92e-18	76.9
tr|A0A1K3H6J5|Release	GCF_002005305.1_WP_077753428.1	28.571	88	86	90	84	55	2	5	83	2	85	4.54e-18	76.9
tr|A0A1K3H6J5|Release	GCF_024346675.1_WP_048897676.1	27.536	88	86	77	69	49	1	3	70	1	69	5.67e-18	76.6
tr|A0A1K3H6J5|Release	GCF_008364325.2_WP_020826409.1	26.027	88	84	82	73	50	2	5	76	2	71	1.39e-17	75.8
tr|A0A1K3H6J5|Release	GCF_007197555.1_WP_144048375.1	32.051	88	94	81	78	46	2	5	75	2	79	2.15e-17	75.5
tr|A0A1K3H6J5|Release	GCF_002215215.1_WP_088918776.1	40.000	88	101	78	70	40	2	5	73	15	83	3.21e-17	74.9
tr|A0A1K3H6J5|Release	GCF_019669905.1_WP_054759186.1	37.736	88	79	59	53	32	1	8	59	3	55	2.28e-16	72.4
tr|A0A1K3H6J5|Release	GCF_004358345.1_WP_121852852.1	34.286	88	76	78	70	45	1	3	71	1	70	3.19e-16	72.1
tr|A0A1K3H6J5|Release	GCF_001677435.1_WP_068615618.1	30.263	88	90	85	76	51	2	3	77	2	76	3.43e-16	72.1
tr|A0A1K3H6J5|Release	GCF_004328865.1_WP_104643907.1	37.500	88	83	72	64	39	1	9	71	1	64	7.16e-16	71.3
tr|A0A1K3H6J5|Release	GCF_003668795.1_WP_054981706.1	35.938	88	83	72	64	40	1	9	71	1	64	1.40e-15	70.4
tr|A0A1K3H6J5|Release	GCF_002221525.1_WP_089349457.1	35.938	88	83	72	64	40	1	9	71	1	64	1.40e-15	70.4
tr|A0A1K3H6J5|Release	GCF_005877035.1_WP_039486662.1	37.500	88	83	72	64	39	1	9	71	1	64	1.70e-15	70.4
tr|A0A1K3H6J5|Release	GCF_001007935.1_WP_046849946.1	23.881	88	84	75	67	50	1	8	73	4	70	5.69e-15	69.0
tr|A0A1K3H6J5|Release	GCF_024347195.1_WP_271272618.1	36.111	88	77	77	72	42	2	5	72	2	73	8.03e-15	68.4
tr|A0A1K3H6J5|Release	GCF_003063625.1_WP_108601906.1	32.857	88	85	76	70	44	1	10	76	5	74	8.15e-15	68.7
tr|A0A1K3H6J5|Release	GCF_000238395.3_WP_010553578.1	35.938	88	83	72	64	40	1	9	71	1	64	8.66e-15	68.4
tr|A0A1K3H6J5|Release	GCF_009938225.1_WP_075649723.1	31.818	88	82	74	66	44	1	9	73	1	66	9.01e-15	68.4
tr|A0A1K3H6J5|Release	GCF_024347475.1_WP_239840920.1	28.125	88	83	72	64	45	1	9	71	1	64	9.46e-15	68.4
tr|A0A1K3H6J5|Release	GCF_024347355.1_WP_105024956.1	28.125	88	83	72	64	45	1	9	71	1	64	1.83e-14	67.6
tr|A0A1K3H6J5|Release	GCF_006742785.1_WP_172630283.1	27.869	88	88	68	61	43	1	8	67	3	63	2.29e-14	67.6
tr|A0A1K3H6J5|Release	GCF_014905115.1_WP_193151849.1	33.333	88	81	74	66	43	1	9	73	1	66	2.43e-14	67.3
tr|A0A1K3H6J5|Release	GCF_000214665.1_WP_013819542.1	29.032	88	83	69	62	42	2	10	70	6	66	3.26e-14	67.0
tr|A0A1K3H6J5|Release	GCF_000009145.1_WP_041356315.1	24.286	88	90	75	70	49	2	10	75	6	75	3.98e-14	67.0
tr|A0A1K3H6J5|Release	GCF_000968535.2_WP_014147785.1	33.846	88	84	73	65	41	2	8	71	4	67	4.59e-14	66.8
tr|A0A1K3H6J5|Release	GCF_000785705.2_WP_036272019.1	30.645	88	82	70	62	42	1	10	71	6	66	6.50e-14	66.2
tr|A0A1K3H6J5|Release	GCF_024360925.2_WP_255188929.1	30.645	88	83	69	62	41	2	10	70	6	66	9.08e-14	65.9
tr|A0A1K3H6J5|Release	GCF_022371215.1_WP_239718047.1	27.273	88	83	74	66	47	1	9	73	1	66	1.07e-13	65.6
tr|A0A1K3H6J5|Release	GCF_024494545.1_WP_256384876.1	26.866	88	81	75	67	48	1	9	74	1	67	1.56e-13	65.3
tr|A0A1K3H6J5|Release	GCF_000801295.1_WP_171816254.1	30.952	88	99	92	84	54	2	1	81	1	83	1.79e-13	65.3
tr|A0A1K3H6J5|Release	GCF_009068765.1_WP_151900329.1	30.303	88	81	74	66	45	1	9	73	1	66	1.96e-13	65.1
tr|A0A1K3H6J5|Release	GCF_009938185.1_WP_162048373.1	31.034	88	82	65	58	39	1	9	65	1	58	3.94e-13	64.2
tr|A0A1K3H6J5|Release	GCF_019670125.1_WP_221076876.1	31.746	88	81	70	63	42	1	9	70	1	63	6.59e-13	63.7
tr|A0A1K3H6J5|Release	GCF_001999225.1_WP_077537996.1	31.250	88	82	72	64	43	1	9	71	1	64	8.17e-13	63.4
tr|A0A1K3H6J5|Release	GCF_008329985.2_WP_149283950.1	32.812	88	81	72	64	42	1	9	71	1	64	9.27e-13	63.4
tr|A0A1K3H6J5|Release	GCF_005931095.1_WP_017839868.1	30.769	88	84	73	65	43	2	8	71	4	67	1.03e-12	63.1
tr|A0A1K3H6J5|Release	GCF_001651805.1_WP_067384150.1	30.986	88	78	75	71	44	3	7	72	4	74	1.09e-12	63.1
tr|A0A1K3H6J5|Release	GCF_000014765.1_WP_011633385.1	23.810	88	89	90	84	59	3	8	86	3	86	1.39e-12	63.1
tr|A0A1K3H6J5|Release	GCF_002849875.1_WP_232379112.1	31.429	88	113	75	70	44	1	6	71	28	97	1.47e-12	63.4
tr|A0A1K3H6J5|Release	GCF_019797925.1_WP_193521737.1	30.303	88	80	75	66	46	0	9	74	1	66	1.97e-12	62.5
tr|A0A1K3H6J5|Release	GCF_024347495.1_WP_137371745.1	27.273	88	80	74	66	47	1	9	73	1	66	2.12e-12	62.3
tr|A0A1K3H6J5|Release	GCF_003990335.1_WP_127025819.1	23.077	88	91	74	65	50	0	9	73	5	69	2.24e-12	62.5
tr|A0A1K3H6J5|Release	GCF_000788395.1_WP_038641921.1	28.788	88	85	74	66	46	1	10	74	5	70	2.85e-12	62.0
tr|A0A1K3H6J5|Release	GCF_009938205.1_WP_075706454.1	31.818	88	82	74	66	44	1	9	73	1	66	3.44e-12	62.0
tr|A0A1K3H6J5|Release	GCF_008632455.1_WP_150048082.1	28.358	88	84	75	67	46	2	9	74	5	70	4.54e-12	61.7
tr|A0A1K3H6J5|Release	GCF_002407485.1_WP_096780111.1	36.207	88	81	65	58	36	1	11	67	3	60	5.57e-12	61.4
tr|A0A1K3H6J5|Release	GCF_024347635.1_WP_139683960.1	25.758	88	83	74	66	48	1	9	73	1	66	6.19e-12	61.1
tr|A0A1K3H6J5|Release	GCF_014879975.1_WP_192888672.1	26.562	88	83	72	64	46	1	9	71	1	64	6.86e-12	61.1
tr|A0A1K3H6J5|Release	GCF_001831495.1_WP_068547707.1	29.688	88	81	72	64	44	1	9	71	1	64	8.83e-12	60.8
tr|A0A1K3H6J5|Release	GCF_001558255.2_WP_005504861.1	30.303	88	82	73	66	44	2	9	72	1	66	1.08e-11	60.6
tr|A0A1K3H6J5|Release	GCF_024347215.1_WP_261843265.1	31.944	88	77	77	72	45	3	5	72	2	73	1.26e-11	60.3
tr|A0A1K3H6J5|Release	GCF_024347595.1_WP_176681244.1	29.688	88	83	72	64	44	1	9	71	1	64	1.27e-11	60.3
tr|A0A1K3H6J5|Release	GCF_020423125.1_WP_226170850.1	32.727	88	84	63	55	37	0	6	60	3	57	1.49e-11	60.3
tr|A0A1K3H6J5|Release	GCF_001995825.2_WP_017057338.1	24.242	88	83	74	66	49	1	9	73	1	66	1.54e-11	60.3
tr|A0A1K3H6J5|Release	GCF_024347455.1_WP_135458404.1	24.242	88	83	74	66	49	1	9	73	1	66	1.83e-11	60.0
tr|A0A1K3H6J5|Release	GCF_000091465.1_WP_004733849.1	24.242	88	83	74	66	49	1	9	73	1	66	1.92e-11	60.0
tr|A0A1K3H6J5|Release	GCF_024746855.1_WP_260492542.1	27.273	88	79	75	66	48	0	9	74	1	66	1.95e-11	60.0
tr|A0A1K3H6J5|Release	GCF_000148645.1_WP_013347076.1	35.938	88	80	72	64	40	1	12	74	3	66	2.36e-11	59.7
tr|A0A1K3H6J5|Release	GCF_024347255.1_WP_091360415.1	27.397	88	79	77	73	48	2	5	72	2	74	3.65e-11	59.2
tr|A0A1K3H6J5|Release	GCF_000019525.1_WP_012323084.1	33.333	88	81	70	63	41	1	9	70	1	63	4.60e-11	58.9
tr|A0A1K3H6J5|Release	GCF_008931805.1_WP_019441510.1	28.788	88	81	74	66	46	1	9	73	1	66	5.56e-11	58.9
tr|A0A1K3H6J5|Release	GCF_024362845.1_WP_255230807.1	29.688	88	82	72	64	44	1	11	73	3	66	6.22e-11	58.6
tr|A0A1K3H6J5|Release	GCF_019670105.1_WP_040307707.1	28.571	88	81	70	63	44	1	9	70	1	63	7.23e-11	58.3
tr|A0A1K3H6J5|Release	GCF_000026085.1_WP_041454550.1	38.028	88	73	78	71	41	3	6	74	2	71	1.02e-10	58.0
tr|A0A1K3H6J5|Release	GCF_000006765.1_NP_249630.1	31.250	88	108	66	64	38	1	5	62	2	65	1.06e-10	58.6
tr|A0A1K3H6J5|Release	GCF_016026875.1_WP_045525981.1	33.929	88	89	64	56	37	0	5	60	2	57	1.07e-10	58.0
tr|A0A1K3H6J5|Release	GCF_003967195.1_WP_172597571.1	32.432	88	83	78	74	45	2	3	71	2	75	1.10e-10	58.0
tr|A0A1K3H6J5|Release	GCF_001020955.1_WP_047250467.1	31.646	88	82	85	79	50	2	1	75	1	79	1.11e-10	58.0
tr|A0A1K3H6J5|Release	GCF_024347655.1_WP_060467732.1	24.242	88	83	74	66	49	1	9	73	1	66	1.14e-10	58.0
tr|A0A1K3H6J5|Release	GCF_024347035.1_WP_102941394.1	31.250	88	81	72	64	43	1	9	71	1	64	1.20e-10	57.7
tr|A0A1K3H6J5|Release	GCF_028355655.1_WP_087756847.1	32.727	88	84	63	55	37	0	6	60	3	57	1.22e-10	58.0
tr|A0A1K3H6J5|Release	GCF_024347675.1_WP_261835500.1	30.303	88	81	74	66	45	1	9	73	1	66	1.24e-10	57.7
tr|A0A1K3H6J5|Release	GCF_020405345.1_WP_017780573.1	33.898	88	89	67	59	37	1	5	63	2	58	1.34e-10	58.0
tr|A0A1K3H6J5|Release	GCF_001558415.2_WP_061055374.1	29.310	88	83	65	58	40	1	9	65	1	58	1.40e-10	57.7
tr|A0A1K3H6J5|Release	GCF_001455205.1_WP_062560013.1	31.250	88	84	72	64	42	2	10	72	6	68	1.54e-10	57.7
tr|A0A1K3H6J5|Release	GCF_003258315.1_WP_111337788.1	27.692	88	88	73	65	46	1	8	71	4	68	1.57e-10	57.7
tr|A0A1K3H6J5|Release	GCF_019977755.1_WP_126608378.1	30.137	88	103	75	73	44	2	9	74	15	87	1.65e-10	58.0
tr|A0A1K3H6J5|Release	GCF_900637545.1_WP_042651794.1	33.929	88	84	64	56	37	0	5	60	2	57	1.97e-10	57.5
tr|A0A1K3H6J5|Release	GCF_000772105.1_WP_004748349.1	26.562	88	81	72	64	46	1	9	71	1	64	1.98e-10	57.5
tr|A0A1K3H6J5|Release	GCF_002204915.1_WP_052690899.1	27.692	88	101	73	65	46	1	9	72	20	84	2.80e-10	57.2
tr|A0A1K3H6J5|Release	GCF_026427595.1_WP_251812951.1	26.087	88	88	73	69	46	2	9	72	4	72	2.82e-10	57.2
tr|A0A1K3H6J5|Release	GCF_009938015.1_WP_223264517.1	32.051	88	90	83	78	48	2	1	73	1	78	2.89e-10	57.2
tr|A0A1K3H6J5|Release	GCF_003568825.1_WP_040644076.1	26.866	88	83	72	67	45	1	11	73	3	69	3.62e-10	56.6
tr|A0A1K3H6J5|Release	GCF_014169735.1_WP_134997272.1	27.273	88	86	63	55	40	0	6	60	3	57	3.93e-10	56.6
tr|A0A1K3H6J5|Release	GCF_001007875.1_WP_046858354.1	30.159	88	80	70	63	43	1	9	70	1	63	4.11e-10	56.6
tr|A0A1K3H6J5|Release	GCF_013343005.1_WP_078482823.1	30.120	88	84	85	83	47	3	3	77	1	80	4.63e-10	56.3
tr|A0A1K3H6J5|Release	GCF_008693705.1_WP_127008315.1	32.727	88	84	63	55	37	0	6	60	3	57	4.82e-10	56.3
tr|A0A1K3H6J5|Release	GCF_020149575.1_WP_224431657.1	35.294	88	85	58	51	33	0	6	56	3	53	5.18e-10	56.3
tr|A0A1K3H6J5|Release	GCF_003015165.1_WP_106887831.1	30.909	88	84	63	55	38	0	6	60	3	57	1.10e-09	55.5
tr|A0A1K3H6J5|Release	GCF_024582835.1_WP_257083279.1	25.000	88	87	72	64	47	1	9	71	1	64	1.15e-09	55.5
tr|A0A1K3H6J5|Release	GCF_000940995.1_WP_082060442.1	22.989	88	93	98	87	66	1	3	88	1	87	1.54e-09	55.2
tr|A0A1K3H6J5|Release	GCF_009662475.1_WP_031573754.1	23.529	88	79	77	68	52	0	3	70	1	68	1.61e-09	54.9
tr|A0A1K3H6J5|Release	GCF_000012325.1_WP_011045621.1	34.483	88	84	66	58	38	0	10	67	5	62	1.71e-09	54.9
tr|A0A1K3H6J5|Release	GCF_003970675.1_WP_126615366.1	33.824	88	76	77	68	41	2	7	74	10	73	1.90e-09	54.7
tr|A0A1K3H6J5|Release	GCF_001456255.1_WP_020335096.1	32.692	88	81	58	52	34	1	12	62	4	55	1.93e-09	54.9
tr|A0A1K3H6J5|Release	GCF_003966655.1_WP_113527441.1	23.529	88	77	77	68	52	0	3	70	1	68	2.24e-09	54.7
tr|A0A1K3H6J5|Release	GCF_000828615.1_WP_041064380.1	29.114	88	80	84	79	51	3	1	74	1	79	2.50e-09	54.4
tr|A0A1K3H6J5|Release	GCF_000021985.1_WP_012639500.1	32.432	88	82	78	74	45	2	3	71	1	74	2.96e-09	54.4
tr|A0A1K3H6J5|Release	GCF_900233005.1_WP_102521318.1	23.438	88	81	72	64	48	1	9	71	1	64	3.52e-09	54.1
tr|A0A1K3H6J5|Release	GCF_008369605.1_WP_000253074.1	30.769	88	81	73	65	44	1	9	72	1	65	3.84e-09	54.1
tr|A0A1K3H6J5|Release	GCF_004001245.1_WP_127478562.1	32.051	88	85	83	78	48	3	1	73	1	78	4.73e-09	53.8
tr|A0A1K3H6J5|Release	GCF_013462805.1_WP_009566961.1	23.529	88	77	77	68	52	0	3	70	1	68	4.91e-09	53.8
tr|A0A1K3H6J5|Release	GCF_019703835.1_WP_087020305.1	29.114	88	79	85	79	49	3	12	86	3	78	5.03e-09	53.8
tr|A0A1K3H6J5|Release	GCF_024347275.1_WP_019620968.1	31.507	88	82	77	73	45	3	5	72	2	74	5.07e-09	53.8
tr|A0A1K3H6J5|Release	GCF_024347675.1_WP_261833361.1	34.091	88	54	50	44	29	0	9	52	1	44	5.76e-09	53.2
tr|A0A1K3H6J5|Release	GCF_017638925.1_WP_208844867.1	30.769	88	81	74	65	45	0	9	73	1	65	5.95e-09	53.5
tr|A0A1K3H6J5|Release	GCF_016026615.1_WP_197928313.1	30.909	88	89	63	55	38	0	6	60	3	57	6.25e-09	53.5
tr|A0A1K3H6J5|Release	GCF_017742995.1_WP_247749573.1	43.243	88	48	42	37	21	0	9	45	1	37	9.00e-09	52.7
tr|A0A1K3H6J5|Release	GCF_018736065.1_WP_144074266.1	32.353	88	76	77	68	42	2	7	74	10	73	9.96e-09	53.0
tr|A0A1K3H6J5|Release	GCF_001431725.1_WP_021820278.1	25.000	88	81	72	64	47	1	9	71	1	64	1.11e-08	53.0
tr|A0A1K3H6J5|Release	GCF_016127195.1_WP_042032742.1	34.694	88	89	56	49	32	0	6	54	3	51	1.37e-08	52.7
tr|A0A1K3H6J5|Release	GCF_000238255.3_WP_010559905.1	25.758	88	86	74	66	48	1	10	74	5	70	1.62e-08	52.4
tr|A0A1K3H6J5|Release	GCF_019670485.1_WP_221071211.1	34.615	88	81	58	52	33	1	12	62	4	55	1.86e-08	52.4
tr|A0A1K3H6J5|Release	GCF_002214395.1_WP_010453422.1	25.806	88	81	69	62	45	1	12	72	4	65	1.94e-08	52.1
tr|A0A1K3H6J5|Release	GCF_000019185.1_WP_012277931.1	28.302	88	100	59	53	37	1	9	60	1	53	2.20e-08	52.4
tr|A0A1K3H6J5|Release	GCF_002157895.1_WP_227874980.1	28.571	88	82	70	63	44	1	11	72	4	66	2.81e-08	51.8
tr|A0A1K3H6J5|Release	GCF_002906475.1_WP_012130247.1	32.692	88	81	58	52	34	1	12	62	4	55	3.37e-08	51.6
tr|A0A1K3H6J5|Release	GCF_002355415.1_WP_148665551.1	32.857	88	87	75	70	43	2	6	71	13	82	3.71e-08	51.6
tr|A0A1K3H6J5|Release	GCF_020844025.1_WP_215848879.1	23.529	88	77	77	68	52	0	3	70	1	68	4.78e-08	51.3
tr|A0A1K3H6J5|Release	GCF_001596155.1_WP_068342236.1	27.397	88	90	78	73	46	3	3	71	1	70	4.98e-08	51.3
tr|A0A1K3H6J5|Release	GCF_002021755.1_WP_005434844.1	34.615	88	81	58	52	33	1	12	62	4	55	5.52e-08	51.0
tr|A0A1K3H6J5|Release	GCF_000321415.2_WP_015260329.1	34.091	88	93	95	88	52	3	1	84	1	86	7.07e-08	51.0
tr|A0A1K3H6J5|Release	GCF_006385555.1_WP_140234395.1	42.553	88	87	51	47	25	1	9	53	3	49	7.23e-08	51.0
tr|A0A1K3H6J5|Release	GCF_001444405.1_WP_058032142.1	23.438	88	87	72	64	48	1	9	71	1	64	8.14e-08	50.7
tr|A0A1K3H6J5|Release	GCF_010093065.1_WP_238430213.1	27.632	88	83	82	76	48	2	1	72	2	74	9.16e-08	50.4
tr|A0A1K3H6J5|Release	GCF_000024825.1_WP_005460845.1	32.692	88	81	58	52	34	1	12	62	4	55	1.16e-07	50.2
tr|A0A1K3H6J5|Release	GCF_000770115.1_WP_069687890.1	32.692	88	81	58	52	34	1	12	62	4	55	1.87e-07	49.9
tr|A0A1K3H6J5|Release	GCF_002142475.1_WP_026148861.1	32.394	88	86	76	71	41	2	5	71	2	69	2.63e-07	49.3
tr|A0A1K3H6J5|Release	GCF_000212735.1_WP_013764159.1	32.895	88	83	82	76	44	3	1	72	1	73	3.23e-07	49.0
tr|A0A1K3H6J5|Release	GCF_000092245.1_WP_013136435.1	29.630	88	76	89	81	47	3	7	84	2	75	3.79e-07	48.7
tr|A0A1K3H6J5|Release	GCF_001507645.1_WP_068195976.1	30.137	88	90	78	73	44	2	3	71	1	70	4.40e-07	49.0
tr|A0A1K3H6J5|Release	GCF_000014705.1_WP_011637758.1	22.857	88	88	74	70	49	1	9	73	3	72	4.54e-07	48.7
tr|A0A1K3H6J5|Release	GCF_022811645.1_WP_243511723.1	28.767	88	90	78	73	45	2	3	71	1	70	4.58e-07	49.0
tr|A0A1K3H6J5|Release	GCF_003855395.1_WP_124730567.1	24.286	88	88	74	70	48	2	9	73	3	72	6.08e-07	48.5
tr|A0A1K3H6J5|Release	GCF_002762215.1_WP_085750011.1	31.507	88	87	78	73	43	4	4	72	3	72	7.01e-07	48.5
tr|A0A1K3H6J5|Release	GCF_001955715.1_WP_029708890.1	28.767	88	80	78	73	45	3	5	73	2	71	7.13e-07	48.2
tr|A0A1K3H6J5|Release	GCF_000024005.1_WP_012793320.1	28.395	88	84	88	81	51	2	2	78	3	80	8.16e-07	48.2
tr|A0A1K3H6J5|Release	GCF_006364355.1_WP_004727652.1	35.714	88	83	63	56	35	1	9	63	1	56	8.35e-07	48.2
tr|A0A1K3H6J5|Release	GCF_003584645.1_WP_197716612.1	25.610	88	80	89	82	54	2	3	80	1	79	9.26e-07	47.9
tr|A0A1K3H6J5|Release	GCF_009755585.1_WP_157030071.1	25.333	88	85	81	75	49	2	3	73	1	72	1.29e-06	47.6
tr|A0A1K3H6J5|Release	GCF_004028275.1_WP_128384077.1	25.455	88	77	59	55	38	1	9	60	2	56	1.39e-06	47.3
tr|A0A1K3H6J5|Release	GCF_013201725.1_WP_014475480.1	27.027	88	74	81	74	48	2	3	73	1	71	1.51e-06	47.3
tr|A0A1K3H6J5|Release	GCF_003353065.1_WP_114983154.1	26.316	88	84	82	76	49	3	1	72	1	73	1.55e-06	47.3
tr|A0A1K3H6J5|Release	GCF_012295615.1_WP_007018284.1	22.581	88	81	69	62	47	1	12	72	4	65	2.01e-06	47.1
tr|A0A1K3H6J5|Release	GCF_023733635.1_WP_039959400.1	31.250	88	89	85	80	50	3	5	79	2	81	2.74e-06	46.8
tr|A0A1K3H6J5|Release	GCF_009363415.1_WP_152430616.1	23.881	88	84	75	67	50	1	9	74	1	67	3.13e-06	46.8
tr|A0A1K3H6J5|Release	GCF_000014785.1_WP_011630183.1	31.579	88	83	82	76	48	3	4	75	7	82	3.13e-06	46.8
tr|A0A1K3H6J5|Release	GCF_002887615.1_WP_038869703.1	32.692	88	81	58	52	34	1	12	62	4	55	3.29e-06	46.5
tr|A0A1K3H6J5|Release	GCF_003346815.1_WP_114840342.1	27.027	88	82	81	74	48	3	3	73	1	71	3.37e-06	46.5
tr|A0A1K3H6J5|Release	GCF_002355735.1_WP_096359192.1	27.143	88	83	75	70	47	2	5	70	8	77	3.53e-06	46.5
tr|A0A1K3H6J5|Release	GCF_000227685.2_WP_006746304.1	30.864	88	83	88	81	52	2	1	77	1	81	3.73e-06	46.5
tr|A0A1K3H6J5|Release	GCF_006337165.1_WP_139515111.1	32.099	88	82	86	81	47	2	3	78	1	78	4.55e-06	46.2
tr|A0A1K3H6J5|Release	GCF_023650495.1_WP_250655372.1	23.077	88	88	55	52	36	1	8	55	3	54	4.69e-06	46.2
tr|A0A1K3H6J5|Release	GCF_003149515.1_WP_109656005.1	25.333	88	90	81	75	49	3	3	73	1	72	6.80e-06	45.9
tr|A0A1K3H6J5|Release	GCF_013283835.1_WP_071626507.1	28.378	88	83	81	74	47	3	3	73	1	71	7.20e-06	45.7
tr|A0A1K3H6J5|Release	GCF_020511155.1_WP_226415657.1	29.412	88	87	39	34	24	0	8	41	3	36	9.04e-06	45.7
tr|A0A1K3H6J5|Release	GCF_003967275.1_WP_197721837.1	29.730	88	78	80	74	48	3	3	72	1	74	1.23e-05	45.1
tr|A0A1K3H6J5|Release	GCF_010093065.1_WP_162331416.1	26.250	88	84	86	80	52	2	3	78	4	80	1.46e-05	45.1
tr|A0A1K3H6J5|Release	GCF_013282625.1_WP_173286717.1	30.769	88	67	74	65	42	1	9	73	2	63	1.57e-05	44.5
tr|A0A1K3H6J5|Release	GCF_008122265.1_WP_148863603.1	23.611	88	84	76	72	46	4	5	71	2	69	2.08e-05	44.5
tr|A0A1K3H6J5|Release	GCF_902810445.1_WP_197744199.1	23.611	88	78	77	72	48	3	5	72	2	70	2.67e-05	44.2
tr|A0A1K3H6J5|Release	GCF_004293625.1_WP_130538367.1	38.298	88	71	53	47	29	0	9	55	2	48	2.97e-05	44.0
tr|A0A1K3H6J5|Release	GCF_004355185.1_WP_133271280.1	36.250	88	81	84	80	41	3	5	78	2	77	4.70e-05	43.7
tr|A0A1K3H6J5|Release	GCF_019931735.1_WP_223417223.1	25.581	88	87	49	43	32	0	10	52	4	46	5.11e-05	43.7
tr|A0A1K3H6J5|Release	GCF_005166025.1_WP_137090244.1	25.333	88	84	81	75	49	2	3	73	1	72	7.03e-05	43.1
tr|A0A1K3H6J5|Release	GCF_000018285.1_WP_012155987.1	32.432	88	102	42	37	25	0	9	45	1	37	8.02e-05	43.4
tr|A0A1K3H6J5|Release	GCF_001956695.1_WP_076086034.1	22.535	88	77	76	71	48	3	7	73	2	69	8.34e-05	42.8
tr|A0A1K3H6J5|Release	GCF_000013765.1_WP_011496543.1	25.714	88	106	74	70	47	2	10	74	23	92	9.59e-05	43.1
tr|A0A1K3H6J5|Release	GCF_000147355.1_WP_013326989.1	26.923	88	67	58	52	37	1	23	73	1	52	9.65e-05	42.6
tr|A0A1K3H6J5|Release	GCF_008728635.1_WP_151087836.1	26.027	88	90	78	73	47	4	3	71	1	70	1.36e-04	42.6
tr|A0A1K3H6J5|Release	GCF_021654855.1_WP_237262080.1	26.786	88	70	59	56	37	1	10	61	3	58	1.37e-04	42.3
tr|A0A1K3H6J5|Release	GCF_003346775.1_WP_114843067.1	27.027	88	84	81	74	48	2	3	73	1	71	1.41e-04	42.6
tr|A0A1K3H6J5|Release	GCF_001956695.1_WP_076086043.1	25.676	88	77	81	74	49	2	5	75	2	72	1.42e-04	42.3
tr|A0A1K3H6J5|Release	GCF_009937995.1_WP_179954406.1	25.676	88	79	78	74	50	2	5	73	2	75	1.52e-04	42.3
tr|A0A1K3H6J5|Release	GCF_022827545.1_WP_243798205.1	32.099	88	82	86	81	47	2	3	78	1	78	1.95e-04	42.0
tr|A0A1K3H6J5|Release	GCF_000576555.1_WP_044000633.1	32.099	88	83	86	81	47	2	3	78	2	79	2.18e-04	42.0
tr|A0A1K3H6J5|Release	GCF_027625995.1_WP_270126807.1	29.630	88	82	86	81	49	2	3	78	1	78	2.74e-04	41.7
tr|A0A1K3H6J5|Release	GCF_013201665.1_WP_128358834.1	27.143	88	76	76	70	45	3	7	73	2	68	3.34e-04	41.4
tr|A0A1K3H6J5|Release	GCF_013283835.1_WP_071625892.1	24.658	88	79	76	73	46	2	7	73	2	71	3.41e-04	41.4
tr|A0A1K3H6J5|Release	GCF_003574965.1_WP_119445661.1	30.864	88	82	86	81	48	2	3	78	1	78	3.85e-04	41.2
tr|A0A1K3H6J5|Release	GCF_001442805.1_WP_057942092.1	27.027	88	88	80	74	47	3	2	71	3	73	5.79e-04	40.9
tr|A0A1K3H6J5|Release	GCF_003544815.1_WP_118886031.1	24.286	88	76	76	70	47	3	7	73	2	68	7.78e-04	40.3
tr|A0A1K3H6J5|Release	GCF_016613475.2_WP_200606805.1	27.273	88	90	81	77	46	5	1	71	1	73	7.80e-04	40.6
tr|A0A1K3H6J5|Release	GCF_013201935.1_WP_129014602.1	22.973	88	72	81	74	51	2	3	73	1	71	8.73e-04	40.3
tr|A0A1K3H6J5|Release	GCF_013177635.1_WP_129095951.1	25.714	88	76	76	70	46	3	7	73	2	68	0.001	40.0
tr|A0A1K3H6J5|Release	GCF_004214795.1_WP_130234502.1	21.519	88	78	86	79	56	2	3	78	1	76	0.001	40.0
tr|A0A1K3H6J5|Release	GCF_003544915.1_WP_118918525.1	25.676	88	73	81	74	49	2	3	73	1	71	0.001	40.0
tr|A0A1K3H6J5|Release	GCF_013177675.1_WP_172128285.1	24.324	88	81	81	74	50	2	3	73	1	71	0.001	40.0
tr|A0A1K3H6J5|Release	GCF_013137895.1_WP_135435790.1	32.468	88	83	82	77	43	3	1	72	1	73	0.001	39.7
tr|A0A1K3H6J5|Release	GCF_013177635.1_WP_129095542.1	29.730	88	72	81	74	46	3	3	73	1	71	0.001	39.7
tr|A0A1K3H6J5|Release	GCF_011398355.1_WP_173270160.1	25.000	88	65	73	64	48	0	9	72	2	65	0.002	39.5
tr|A0A1K3H6J5|Release	GCF_002557795.1_WP_098194977.1	24.658	88	89	76	73	46	2	6	72	7	76	0.002	39.7
tr|A0A1K3H6J5|Release	GCF_008807855.1_WP_063240334.1	27.027	88	83	80	74	47	4	2	71	3	73	0.002	39.5
tr|A0A1K3H6J5|Release	GCF_013201935.1_WP_128987185.1	21.429	88	76	76	70	49	2	7	73	2	68	0.002	39.2
tr|A0A1K3H6J5|Release	GCF_013177675.1_WP_172126669.1	28.571	88	77	76	70	44	3	7	73	2	68	0.002	39.2
tr|A0A1K3H6J5|Release	GCF_003722295.1_WP_010573895.1	24.658	88	75	76	73	46	2	7	73	4	73	0.003	38.9
tr|A0A1K3H6J5|Release	GCF_001705075.2_WP_065970077.1	23.611	88	78	77	72	51	2	3	70	1	72	0.004	38.6
tr|A0A1K3H6J5|Release	GCF_000143085.1_WP_013221711.1	27.143	88	82	75	70	44	4	6	71	3	69	0.004	38.6
tr|A0A1K3H6J5|Release	GCF_000012805.1_WP_011330264.1	25.714	88	85	75	70	45	4	6	71	3	69	0.006	38.3
tr|A0A1K3H6J5|Release	GCF_013201665.1_WP_128359868.1	20.270	88	81	81	74	53	2	3	73	1	71	0.009	37.8
tr|A0A1K3H6J5|Release	GCF_010119975.1_WP_162445115.1	28.767	88	365	77	73	42	4	4	71	8	75	0.010	39.7
# PSIBLAST 2.13.0+
# Iteration: 3
# Query: tr|A0A1K3H6J5|Release 2019_07/2019_07|31-Jul-2019
# Database: db/chosen-bacteria_proteome_exDup
# Fields: query id, subject id, % identity, query length, subject length, % query coverage per subject, alignment length, mismatches, gap opens, q. start, q. end, s. start, s. end, evalue, bit score
# 457 hits found
tr|A0A1K3H6J5|Release	GCF_001461805.1_WP_013367515.1	69.767	88	86	98	86	26	0	1	86	1	86	1.87e-44	143
tr|A0A1K3H6J5|Release	GCF_001518835.1_WP_059308693.1	67.442	88	86	98	86	28	0	1	86	1	86	2.99e-44	143
tr|A0A1K3H6J5|Release	GCF_020097475.1_WP_000062318.1	67.442	88	86	98	86	28	0	1	86	1	86	4.02e-44	143
tr|A0A1K3H6J5|Release	GCF_009176645.1_WP_152083529.1	65.116	88	86	98	86	30	0	1	86	1	86	6.42e-44	142
tr|A0A1K3H6J5|Release	GCF_007632255.1_WP_015368146.1	65.116	88	86	98	86	30	0	1	86	1	86	1.09e-43	142
tr|A0A1K3H6J5|Release	GCF_001683395.1_WP_017458015.1	65.116	88	86	98	86	30	0	1	86	1	86	1.09e-43	142
tr|A0A1K3H6J5|Release	GCF_003594935.2_WP_006173581.1	66.279	88	86	98	86	29	0	1	86	1	86	1.30e-43	141
tr|A0A1K3H6J5|Release	GCF_000006925.2_NP_706134.1	66.279	88	86	98	86	29	0	1	86	1	86	1.58e-43	141
tr|A0A1K3H6J5|Release	GCF_001658025.2_WP_007373243.1	65.116	88	86	98	86	30	0	1	86	1	86	1.65e-43	141
tr|A0A1K3H6J5|Release	GCF_009036245.1_WP_025756830.1	65.116	88	86	98	86	30	0	1	86	1	86	1.71e-43	141
tr|A0A1K3H6J5|Release	GCF_021172065.1_WP_015965827.1	63.953	88	86	98	86	31	0	1	86	1	86	1.83e-43	141
tr|A0A1K3H6J5|Release	GCF_001022135.1_WP_039078449.1	66.279	88	86	98	86	29	0	1	86	1	86	2.64e-43	141
tr|A0A1K3H6J5|Release	GCF_027886705.1_WP_061497537.1	65.116	88	86	98	86	30	0	1	86	1	86	2.98e-43	141
tr|A0A1K3H6J5|Release	GCF_000224675.1_WP_010426685.1	65.116	88	86	98	86	30	0	1	86	1	86	3.10e-43	140
tr|A0A1K3H6J5|Release	GCF_023195735.1_WP_035891978.1	68.605	88	86	98	86	27	0	1	86	1	86	5.41e-43	140
tr|A0A1K3H6J5|Release	GCF_015137655.1_WP_028015593.1	63.953	88	86	98	86	31	0	1	86	1	86	5.49e-43	140
tr|A0A1K3H6J5|Release	GCF_009363135.1_WP_090122691.1	66.279	88	86	98	86	29	0	1	86	1	86	5.49e-43	140
tr|A0A1K3H6J5|Release	GCF_004684345.1_WP_135323069.1	66.279	88	86	98	86	29	0	1	86	1	86	5.49e-43	140
tr|A0A1K3H6J5|Release	GCF_025914095.1_WP_031518416.1	65.116	88	86	98	86	30	0	1	86	1	86	6.59e-43	140
tr|A0A1K3H6J5|Release	GCF_001729805.1_WP_008501890.1	63.953	88	86	98	86	31	0	1	86	1	86	7.14e-43	140
tr|A0A1K3H6J5|Release	GCF_003812345.1_WP_003018503.1	65.116	88	86	98	86	30	0	1	86	1	86	8.11e-43	140
tr|A0A1K3H6J5|Release	GCF_016904755.1_WP_059234959.1	64.706	88	86	97	85	30	0	1	85	1	85	8.24e-43	140
tr|A0A1K3H6J5|Release	GCF_001750725.1_WP_014168720.1	63.953	88	86	98	86	31	0	1	86	1	86	9.89e-43	139
tr|A0A1K3H6J5|Release	GCF_019048625.1_WP_023305471.1	66.279	88	86	98	86	29	0	1	86	1	86	1.04e-42	139
tr|A0A1K3H6J5|Release	GCF_009649915.1_WP_062772223.1	67.442	88	86	98	86	28	0	1	86	1	86	1.10e-42	139
tr|A0A1K3H6J5|Release	GCF_004353845.1_WP_103768334.1	63.953	88	86	98	86	31	0	1	86	1	86	1.11e-42	139
tr|A0A1K3H6J5|Release	GCF_003261575.2_WP_110272453.1	65.116	88	86	98	86	30	0	1	86	1	86	1.20e-42	139
tr|A0A1K3H6J5|Release	GCF_000240185.1_YP_005225236.1	63.953	88	86	98	86	31	0	1	86	1	86	1.24e-42	139
tr|A0A1K3H6J5|Release	GCF_021278985.1_WP_012904575.1	65.116	88	86	98	86	30	0	1	86	1	86	1.28e-42	139
tr|A0A1K3H6J5|Release	GCF_001558935.2_WP_042323659.1	66.279	88	86	98	86	29	0	1	86	1	86	1.35e-42	139
tr|A0A1K3H6J5|Release	GCF_900638065.1_WP_048212636.1	65.116	88	86	98	86	30	0	1	86	1	86	1.40e-42	139
tr|A0A1K3H6J5|Release	GCF_018139045.1_WP_004129134.1	62.791	88	86	98	86	32	0	1	86	1	86	1.47e-42	139
tr|A0A1K3H6J5|Release	GCF_001277255.1_WP_007666633.1	62.791	88	86	98	86	32	0	1	86	1	86	1.70e-42	139
tr|A0A1K3H6J5|Release	GCF_018128425.1_WP_042289833.1	65.116	88	86	98	86	30	0	1	86	1	86	1.74e-42	139
tr|A0A1K3H6J5|Release	GCF_022637515.1_WP_064539750.1	61.628	88	86	98	86	33	0	1	86	1	86	2.10e-42	138
tr|A0A1K3H6J5|Release	GCF_003812925.1_WP_004107903.1	62.791	88	86	98	86	32	0	1	86	1	86	2.17e-42	138
tr|A0A1K3H6J5|Release	GCF_015139575.1_WP_004098776.1	63.953	88	86	98	86	31	0	1	86	1	86	2.85e-42	138
tr|A0A1K3H6J5|Release	GCF_006711645.1_WP_100682484.1	65.116	88	86	98	86	30	0	1	86	1	86	3.21e-42	138
tr|A0A1K3H6J5|Release	GCF_009648935.1_WP_047417117.1	63.953	88	86	98	86	31	0	1	86	1	86	3.94e-42	138
tr|A0A1K3H6J5|Release	GCF_022637595.1_WP_004858152.1	65.116	88	86	98	86	30	0	1	86	1	86	4.59e-42	138
tr|A0A1K3H6J5|Release	GCF_001277175.1_WP_007760020.1	60.465	88	86	98	86	34	0	1	86	1	86	6.06e-42	137
tr|A0A1K3H6J5|Release	GCF_001277195.1_WP_032966924.1	62.791	88	86	98	86	32	0	1	86	1	86	6.35e-42	137
tr|A0A1K3H6J5|Release	GCF_003935895.2_WP_110510858.1	65.882	88	86	97	85	29	0	1	85	1	85	6.56e-42	137
tr|A0A1K3H6J5|Release	GCF_001277215.2_WP_007776988.1	60.465	88	86	98	86	34	0	1	86	1	86	8.39e-42	137
tr|A0A1K3H6J5|Release	GCF_000834395.1_WP_042546713.1	67.442	88	86	98	86	28	0	1	86	1	86	8.39e-42	137
tr|A0A1K3H6J5|Release	GCF_000439255.1_WP_000062328.1	62.791	88	86	98	86	32	0	1	86	1	86	9.60e-42	137
tr|A0A1K3H6J5|Release	GCF_002393445.1_WP_061273728.1	61.176	88	86	97	85	33	0	1	85	1	85	1.05e-41	137
tr|A0A1K3H6J5|Release	GCF_000005845.2_NP_414731.2	65.476	88	84	95	84	29	0	3	86	1	84	1.20e-41	136
tr|A0A1K3H6J5|Release	GCF_024224615.1_WP_125293588.1	62.353	88	86	97	85	32	0	1	85	1	85	1.26e-41	136
tr|A0A1K3H6J5|Release	GCF_002163605.1_WP_157665988.1	66.279	88	86	98	86	29	0	1	86	1	86	1.30e-41	136
tr|A0A1K3H6J5|Release	GCF_000018045.1_WP_024130681.1	62.791	88	86	98	86	32	0	1	86	1	86	1.33e-41	136
tr|A0A1K3H6J5|Release	GCF_011068345.1_WP_002436992.1	61.176	88	86	97	85	33	0	1	85	1	85	1.38e-41	136
tr|A0A1K3H6J5|Release	GCF_012029655.1_WP_041144145.1	63.953	88	86	98	86	31	0	1	86	1	86	1.52e-41	136
tr|A0A1K3H6J5|Release	GCF_004124235.1_WP_025377303.1	67.442	88	86	98	86	28	0	1	86	1	86	1.58e-41	136
tr|A0A1K3H6J5|Release	GCF_013282725.1_WP_032813813.1	67.442	88	86	98	86	28	0	1	86	1	86	2.61e-41	136
tr|A0A1K3H6J5|Release	GCF_025133195.1_WP_032910235.1	65.116	88	86	98	86	30	0	1	86	1	86	2.72e-41	136
tr|A0A1K3H6J5|Release	GCF_000222975.1_WP_002218374.1	67.442	88	86	98	86	28	0	1	86	1	86	2.74e-41	136
tr|A0A1K3H6J5|Release	GCF_002953195.1_WP_038628016.1	57.471	88	87	99	87	37	0	1	87	1	87	2.75e-41	136
tr|A0A1K3H6J5|Release	GCF_021276285.1_WP_095923198.1	67.857	88	86	95	84	27	0	1	84	1	84	2.97e-41	136
tr|A0A1K3H6J5|Release	GCF_900635955.1_WP_126357486.1	61.176	88	86	97	85	33	0	1	85	1	85	3.19e-41	135
tr|A0A1K3H6J5|Release	GCF_013234275.1_WP_172895488.1	60.465	88	86	98	86	34	0	1	86	1	86	3.51e-41	135
tr|A0A1K3H6J5|Release	GCF_000006945.2_NP_459242.1	62.791	88	86	98	86	32	0	1	86	1	86	3.59e-41	135
tr|A0A1K3H6J5|Release	GCF_025758125.1_WP_023480196.1	65.116	88	86	98	86	30	0	1	86	1	86	4.25e-41	135
tr|A0A1K3H6J5|Release	GCF_000834455.1_WP_032817050.1	67.442	88	86	98	86	28	0	1	86	1	86	4.38e-41	135
tr|A0A1K3H6J5|Release	GCF_009914055.1_WP_160619715.1	58.621	88	87	99	87	36	0	1	87	1	87	5.19e-41	135
tr|A0A1K3H6J5|Release	GCF_002101395.1_WP_085067900.1	57.471	88	87	99	87	37	0	1	87	1	87	5.94e-41	135
tr|A0A1K3H6J5|Release	GCF_022637475.1_WP_013574214.1	66.667	88	86	95	84	28	0	1	84	1	84	6.47e-41	134
tr|A0A1K3H6J5|Release	GCF_000010085.1_WP_011411656.1	57.143	88	86	95	84	36	0	1	84	1	84	6.68e-41	134
tr|A0A1K3H6J5|Release	GCF_000517425.1_WP_025421126.1	57.143	88	86	95	84	36	0	1	84	1	84	6.89e-41	134
tr|A0A1K3H6J5|Release	GCF_000520015.2_WP_024910172.1	57.471	88	87	99	87	37	0	1	87	1	87	8.04e-41	134
tr|A0A1K3H6J5|Release	GCF_009730055.1_WP_032906500.1	67.442	88	86	98	86	28	0	1	86	1	86	1.21e-40	134
tr|A0A1K3H6J5|Release	GCF_017498685.1_WP_038245151.1	66.279	88	86	98	86	29	0	1	86	1	86	1.41e-40	134
tr|A0A1K3H6J5|Release	GCF_023517775.1_WP_249893541.1	59.770	88	87	99	87	35	0	1	87	1	87	1.60e-40	134
tr|A0A1K3H6J5|Release	GCF_016026735.1_WP_015673540.1	55.172	88	87	99	87	39	0	1	87	1	87	1.71e-40	134
tr|A0A1K3H6J5|Release	GCF_000233595.1_WP_013024706.1	57.647	88	86	97	85	36	0	1	85	1	85	2.06e-40	133
tr|A0A1K3H6J5|Release	GCF_005484945.1_WP_137712817.1	61.628	88	86	98	86	33	0	1	86	1	86	2.93e-40	133
tr|A0A1K3H6J5|Release	GCF_020079945.1_WP_039382769.1	59.770	88	87	99	87	35	0	1	87	1	87	3.03e-40	133
tr|A0A1K3H6J5|Release	GCF_012427845.1_WP_012773648.1	60.465	88	86	98	86	34	0	1	86	1	86	4.02e-40	132
tr|A0A1K3H6J5|Release	GCF_001642805.2_WP_004931991.1	57.471	88	87	99	87	37	0	1	87	1	87	4.33e-40	132
tr|A0A1K3H6J5|Release	GCF_009817885.1_WP_105232289.1	57.471	88	87	99	87	37	0	1	87	1	87	4.37e-40	132
tr|A0A1K3H6J5|Release	GCF_021462285.1_WP_234585968.1	57.471	88	87	99	87	37	0	1	87	1	87	4.58e-40	132
tr|A0A1K3H6J5|Release	GCF_003019925.1_WP_162185254.1	65.476	88	86	95	84	29	0	1	84	1	84	4.91e-40	132
tr|A0A1K3H6J5|Release	GCF_900095885.1_WP_035340381.1	58.140	88	86	98	86	36	0	1	86	1	86	5.27e-40	132
tr|A0A1K3H6J5|Release	GCF_011044475.1_WP_033740322.1	57.647	88	86	97	85	36	0	1	85	1	85	6.69e-40	132
tr|A0A1K3H6J5|Release	GCF_002288545.1_WP_029367608.1	60.465	88	86	98	86	34	0	1	86	1	86	6.91e-40	132
tr|A0A1K3H6J5|Release	GCF_900187015.1_WP_061796701.1	57.471	88	87	99	87	37	0	1	87	1	87	8.25e-40	132
tr|A0A1K3H6J5|Release	GCF_015999465.1_WP_085688159.1	57.647	88	86	97	85	36	0	1	85	1	85	9.13e-40	132
tr|A0A1K3H6J5|Release	GCF_003515985.1_WP_085653101.1	58.824	88	86	97	85	35	0	1	85	1	85	9.72e-40	132
tr|A0A1K3H6J5|Release	GCF_000025065.1_WP_012883679.1	60.000	88	86	97	85	34	0	1	85	1	85	1.01e-39	132
tr|A0A1K3H6J5|Release	GCF_000196615.1_WP_013200864.1	57.471	88	87	99	87	37	0	1	87	1	87	1.06e-39	132
tr|A0A1K3H6J5|Release	GCF_009873295.1_WP_039312412.1	60.465	88	86	98	86	34	0	1	86	1	86	1.81e-39	131
tr|A0A1K3H6J5|Release	GCF_000262305.1_WP_002441069.1	58.140	88	86	98	86	36	0	1	86	1	86	1.84e-39	131
tr|A0A1K3H6J5|Release	GCF_017569925.1_WP_208228065.1	59.302	88	86	98	86	35	0	1	86	1	86	1.90e-39	131
tr|A0A1K3H6J5|Release	GCF_019797845.1_WP_222158377.1	62.791	88	86	98	86	32	0	1	86	1	86	1.93e-39	131
tr|A0A1K3H6J5|Release	GCF_022647505.1_WP_128179458.1	57.471	88	87	99	87	37	0	1	87	1	87	1.96e-39	131
tr|A0A1K3H6J5|Release	GCF_019890955.1_WP_211725887.1	57.471	88	87	99	87	37	0	1	87	1	87	2.37e-39	131
tr|A0A1K3H6J5|Release	GCF_000023565.1_WP_012770818.1	58.824	88	86	97	85	35	0	1	85	1	85	2.71e-39	131
tr|A0A1K3H6J5|Release	GCF_020181655.1_WP_225087160.1	61.628	88	86	98	86	33	0	1	86	1	86	2.94e-39	130
tr|A0A1K3H6J5|Release	GCF_009931295.1_WP_161528353.1	60.465	88	86	98	86	34	0	1	86	1	86	3.33e-39	130
tr|A0A1K3H6J5|Release	GCF_011617105.1_WP_025800203.1	65.116	88	86	98	86	30	0	1	86	1	86	3.85e-39	130
tr|A0A1K3H6J5|Release	GCF_001010285.1_WP_046974061.1	65.909	88	88	100	88	30	0	1	88	1	88	4.72e-39	130
tr|A0A1K3H6J5|Release	GCF_000023545.1_WP_015854637.1	59.302	88	86	98	86	35	0	1	86	1	86	5.08e-39	130
tr|A0A1K3H6J5|Release	GCF_000740965.1_WP_011092648.1	59.302	88	86	98	86	35	0	1	86	1	86	5.41e-39	130
tr|A0A1K3H6J5|Release	GCF_002291445.1_WP_048635886.1	59.302	88	86	98	86	35	0	1	86	1	86	6.87e-39	129
tr|A0A1K3H6J5|Release	GCF_902387845.1_WP_004237241.1	100.000	88	88	100	88	0	0	1	88	1	88	7.90e-39	129
tr|A0A1K3H6J5|Release	GCF_007858975.2_WP_042869176.1	61.176	88	86	97	85	33	0	1	85	1	85	9.75e-39	129
tr|A0A1K3H6J5|Release	GCF_005484965.1_WP_009114129.1	62.791	88	86	98	86	32	0	1	86	1	86	1.19e-38	129
tr|A0A1K3H6J5|Release	GCF_001742185.1_WP_005975933.1	59.302	88	86	98	86	35	0	1	86	1	86	1.43e-38	129
tr|A0A1K3H6J5|Release	GCF_000026185.1_WP_012440659.1	52.874	88	87	99	87	41	0	1	87	1	87	1.62e-38	129
tr|A0A1K3H6J5|Release	GCF_020150375.1_WP_004094310.1	63.953	88	86	98	86	31	0	1	86	1	86	1.77e-38	128
tr|A0A1K3H6J5|Release	GCF_004792415.1_WP_013356856.1	55.952	88	86	95	84	37	0	1	84	1	84	1.77e-38	128
tr|A0A1K3H6J5|Release	GCF_002291425.1_WP_095847471.1	58.621	88	87	99	87	36	0	1	87	1	87	1.79e-38	128
tr|A0A1K3H6J5|Release	GCF_000264765.2_WP_034163237.1	63.953	88	86	98	86	31	0	1	86	1	86	2.14e-38	128
tr|A0A1K3H6J5|Release	GCF_002812485.1_WP_038661467.1	60.000	88	86	97	85	34	0	1	85	1	85	2.34e-38	128
tr|A0A1K3H6J5|Release	GCF_003992745.1_WP_014700896.1	58.140	88	86	98	86	36	0	1	86	1	86	3.42e-38	128
tr|A0A1K3H6J5|Release	GCF_020683125.1_WP_133842177.1	57.955	88	88	99	88	36	1	1	87	1	88	4.92e-38	127
tr|A0A1K3H6J5|Release	GCF_000147055.1_WP_022632468.1	58.824	88	86	97	85	35	0	1	85	1	85	4.93e-38	127
tr|A0A1K3H6J5|Release	GCF_019090985.1_WP_036781226.1	63.636	88	88	100	88	32	0	1	88	1	88	5.20e-38	127
tr|A0A1K3H6J5|Release	GCF_000196475.1_WP_012776850.1	64.773	88	88	100	88	31	0	1	88	1	88	6.60e-38	127
tr|A0A1K3H6J5|Release	GCF_003403135.1_WP_024104894.1	60.000	88	86	97	85	34	0	1	85	1	85	7.00e-38	127
tr|A0A1K3H6J5|Release	GCF_019844095.1_WP_062747070.1	56.818	88	88	99	88	37	1	1	87	1	88	9.29e-38	127
tr|A0A1K3H6J5|Release	GCF_009646115.1_WP_008925644.1	55.952	88	86	95	84	37	0	1	84	1	84	9.77e-38	127
tr|A0A1K3H6J5|Release	GCF_017348915.1_WP_040077077.1	67.442	88	86	98	86	28	0	1	86	1	86	1.02e-37	126
tr|A0A1K3H6J5|Release	GCF_019047765.1_WP_040230035.1	66.279	88	86	98	86	29	0	1	86	1	86	1.33e-37	126
tr|A0A1K3H6J5|Release	GCF_019048385.1_WP_062759648.1	55.952	88	86	95	84	37	0	1	84	1	84	1.45e-37	126
tr|A0A1K3H6J5|Release	GCF_021733145.1_WP_012847629.1	63.095	88	86	95	84	31	0	1	84	1	84	2.48e-37	125
tr|A0A1K3H6J5|Release	GCF_020268605.1_WP_180560445.1	62.500	88	88	100	88	33	0	1	88	1	88	2.61e-37	125
tr|A0A1K3H6J5|Release	GCF_000091565.1_WP_004159420.1	52.874	88	87	99	87	41	0	1	87	1	87	4.23e-37	125
tr|A0A1K3H6J5|Release	GCF_000196155.1_WP_011145066.1	61.364	88	88	100	88	34	0	1	88	1	88	4.41e-37	125
tr|A0A1K3H6J5|Release	GCF_004768525.1_WP_026822068.1	63.636	88	88	100	88	32	0	1	88	1	88	4.74e-37	125
tr|A0A1K3H6J5|Release	GCF_022647325.1_WP_111140597.1	54.762	88	86	95	84	38	0	1	84	1	84	7.84e-37	124
tr|A0A1K3H6J5|Release	GCF_020541225.1_WP_226811316.1	54.762	88	86	95	84	38	0	1	84	1	84	1.07e-36	124
tr|A0A1K3H6J5|Release	GCF_020342335.1_WP_067428135.1	52.874	88	87	99	87	41	0	1	87	1	87	1.52e-36	123
tr|A0A1K3H6J5|Release	GCF_021365465.1_WP_016190321.1	57.471	88	87	99	87	37	0	1	87	1	87	1.59e-36	123
tr|A0A1K3H6J5|Release	GCF_025946765.1_WP_264497926.1	56.977	88	86	98	86	37	0	1	86	1	86	1.76e-36	123
tr|A0A1K3H6J5|Release	GCF_900638135.1_WP_012146468.1	52.874	88	87	99	87	41	0	1	87	1	87	1.85e-36	123
tr|A0A1K3H6J5|Release	GCF_013460135.1_WP_180816665.1	62.500	88	88	100	88	33	0	1	88	1	88	2.28e-36	123
tr|A0A1K3H6J5|Release	GCF_003204135.1_WP_004908806.1	59.302	88	87	98	86	35	0	1	86	1	86	2.78e-36	123
tr|A0A1K3H6J5|Release	GCF_000261045.2_WP_006318653.1	54.023	88	87	99	87	40	0	1	87	1	87	3.18e-36	123
tr|A0A1K3H6J5|Release	GCF_900475855.1_WP_068441311.1	59.302	88	87	98	86	35	0	1	86	1	86	4.62e-36	122
tr|A0A1K3H6J5|Release	GCF_000517405.1_WP_038469034.1	56.250	88	83	91	80	35	0	5	84	2	81	4.73e-36	122
tr|A0A1K3H6J5|Release	GCF_022592395.1_WP_047255099.1	60.465	88	87	98	86	34	0	1	86	1	86	5.25e-36	122
tr|A0A1K3H6J5|Release	GCF_009831665.3_WP_006709226.1	49.425	88	87	99	87	44	0	1	87	1	87	5.59e-36	122
tr|A0A1K3H6J5|Release	GCF_029277985.1_WP_154623766.1	59.302	88	87	98	86	35	0	1	86	1	86	5.82e-36	122
tr|A0A1K3H6J5|Release	GCF_017743015.1_WP_209027287.1	62.069	88	88	99	87	33	0	1	87	1	87	6.84e-36	122
tr|A0A1K3H6J5|Release	GCF_002843235.3_WP_102139922.1	59.302	88	87	98	86	35	0	1	86	1	86	7.27e-36	122
tr|A0A1K3H6J5|Release	GCF_000968195.1_WP_045972480.1	59.770	88	87	98	87	34	1	1	86	1	87	1.18e-35	121
tr|A0A1K3H6J5|Release	GCF_000069965.1_WP_004245453.1	57.831	88	86	94	83	35	0	1	83	1	83	1.30e-35	121
tr|A0A1K3H6J5|Release	GCF_002393505.1_WP_006658392.1	59.302	88	87	98	86	35	0	1	86	1	86	1.50e-35	121
tr|A0A1K3H6J5|Release	GCF_000214235.1_WP_004952197.1	54.118	88	85	97	85	39	0	3	87	1	85	1.88e-35	121
tr|A0A1K3H6J5|Release	GCF_002504285.1_WP_005282992.1	62.791	88	86	98	86	32	0	1	86	1	86	2.04e-35	121
tr|A0A1K3H6J5|Release	GCF_002952315.1_WP_012667243.1	49.425	88	87	99	87	44	0	1	87	1	87	2.55e-35	120
tr|A0A1K3H6J5|Release	GCF_001721185.1_WP_069317984.1	63.218	88	87	99	87	32	0	1	87	1	87	2.74e-35	120
tr|A0A1K3H6J5|Release	GCF_011045835.1_WP_075671674.1	57.831	88	86	94	83	35	0	1	83	1	83	3.16e-35	120
tr|A0A1K3H6J5|Release	GCF_001006005.1_WP_223499701.1	52.941	88	85	97	85	40	0	3	87	1	85	4.19e-35	120
tr|A0A1K3H6J5|Release	GCF_900478135.1_WP_111739359.1	63.636	88	88	99	88	31	1	1	87	1	88	5.57e-35	120
tr|A0A1K3H6J5|Release	GCF_004295645.1_WP_228350951.1	62.500	88	88	99	88	32	1	1	87	1	88	5.99e-35	120
tr|A0A1K3H6J5|Release	GCF_008364325.2_WP_230090436.1	55.294	88	85	97	85	38	0	3	87	1	85	6.04e-35	119
tr|A0A1K3H6J5|Release	GCF_016026395.1_WP_024524235.1	61.628	88	86	98	86	33	0	1	86	1	86	6.93e-35	119
tr|A0A1K3H6J5|Release	GCF_022369495.1_WP_072064250.1	56.627	88	86	94	83	36	0	1	83	1	83	7.15e-35	119
tr|A0A1K3H6J5|Release	GCF_003096015.2_WP_230514010.1	62.500	88	88	99	88	32	1	1	87	1	88	7.60e-35	119
tr|A0A1K3H6J5|Release	GCF_000968175.1_WP_045959360.1	59.091	88	88	99	88	35	1	1	87	1	88	1.29e-34	119
tr|A0A1K3H6J5|Release	GCF_900638655.1_WP_047781753.1	60.227	88	88	99	88	34	1	1	87	1	88	3.94e-34	117
tr|A0A1K3H6J5|Release	GCF_014295015.1_WP_013185414.1	62.069	88	87	98	87	32	1	1	86	1	87	4.32e-34	117
tr|A0A1K3H6J5|Release	GCF_003074995.2_WP_015870269.1	59.036	88	86	94	83	34	0	1	83	1	83	1.06e-33	116
tr|A0A1K3H6J5|Release	GCF_004116975.1_WP_064720954.1	60.241	88	86	94	83	33	0	1	83	1	83	2.40e-33	115
tr|A0A1K3H6J5|Release	GCF_005671395.1_WP_138095872.1	60.256	88	86	89	78	31	0	1	78	1	78	5.89e-33	114
tr|A0A1K3H6J5|Release	GCF_003812345.1_WP_121571778.1	32.184	88	94	98	87	58	1	1	86	1	87	5.06e-32	112
tr|A0A1K3H6J5|Release	GCF_008693605.1_WP_223849061.1	31.395	88	95	97	86	58	1	1	85	2	87	1.09e-31	111
tr|A0A1K3H6J5|Release	GCF_004353845.1_WP_103770713.1	32.184	88	93	98	87	58	1	1	86	1	87	1.50e-31	111
tr|A0A1K3H6J5|Release	GCF_002355475.1_WP_004421315.1	35.802	88	91	91	81	51	1	3	82	1	81	2.42e-31	110
tr|A0A1K3H6J5|Release	GCF_013200955.2_WP_173204463.1	33.333	88	91	91	81	53	1	3	82	1	81	5.79e-31	109
tr|A0A1K3H6J5|Release	GCF_001597285.1_WP_061903727.1	37.179	88	92	88	78	48	1	6	82	3	80	9.74e-31	109
tr|A0A1K3H6J5|Release	GCF_008693645.1_WP_137347870.1	32.184	88	89	98	87	58	1	1	86	1	87	1.18e-30	109
tr|A0A1K3H6J5|Release	GCF_000733715.2_WP_017362912.1	32.911	88	90	89	79	52	1	5	82	2	80	9.55e-30	106
tr|A0A1K3H6J5|Release	GCF_000297075.2_WP_003461742.1	32.911	88	90	89	79	52	1	5	82	2	80	1.30e-29	106
tr|A0A1K3H6J5|Release	GCF_024205225.1_WP_195881696.1	31.646	88	90	89	79	53	1	5	82	2	80	1.42e-29	106
tr|A0A1K3H6J5|Release	GCF_008807375.1_WP_151138908.1	33.333	88	91	91	81	53	1	3	82	1	81	2.48e-29	105
tr|A0A1K3H6J5|Release	GCF_004684345.1_WP_135321947.1	33.735	88	93	93	83	54	1	1	82	1	83	2.68e-29	105
tr|A0A1K3H6J5|Release	GCF_013409125.2_WP_099525265.1	32.911	88	90	89	79	52	1	5	82	2	80	3.02e-29	105
tr|A0A1K3H6J5|Release	GCF_001708425.1_WP_055136127.1	35.227	88	94	94	88	52	2	5	87	2	89	7.99e-29	104
tr|A0A1K3H6J5|Release	GCF_001594225.2_WP_064379396.1	34.884	88	92	92	86	51	2	5	85	2	87	2.03e-28	103
tr|A0A1K3H6J5|Release	GCF_900682675.2_WP_069898892.1	35.443	88	94	89	79	50	1	5	82	2	80	2.30e-28	103
tr|A0A1K3H6J5|Release	GCF_021029445.1_WP_230924827.1	30.769	88	89	89	78	54	0	5	82	2	79	2.74e-28	102
tr|A0A1K3H6J5|Release	GCF_017167985.1_WP_079784061.1	34.177	88	90	89	79	51	1	5	82	2	80	2.77e-28	102
tr|A0A1K3H6J5|Release	GCF_017915135.1_WP_210390879.1	32.911	88	90	89	79	52	1	5	82	2	80	4.43e-28	102
tr|A0A1K3H6J5|Release	GCF_017167985.1_WP_093053415.1	32.911	88	92	89	79	52	1	5	82	2	80	5.30e-28	102
tr|A0A1K3H6J5|Release	GCF_019047765.1_WP_040231149.1	27.907	88	89	97	86	61	1	1	85	1	86	5.88e-28	102
tr|A0A1K3H6J5|Release	GCF_000178875.2_WP_012197738.1	34.884	88	90	92	86	51	2	5	85	2	87	7.43e-28	101
tr|A0A1K3H6J5|Release	GCF_025402875.1_WP_011791024.1	31.395	88	90	92	86	54	2	5	85	2	87	1.13e-27	101
tr|A0A1K3H6J5|Release	GCF_011397855.1_WP_044414183.1	34.177	88	90	89	79	51	1	5	82	2	80	2.56e-27	100
tr|A0A1K3H6J5|Release	GCF_003957745.1_WP_126168493.1	34.118	88	87	91	85	51	2	5	84	2	86	2.78e-27	100
tr|A0A1K3H6J5|Release	GCF_013423785.1_WP_180308358.1	36.842	88	88	86	76	48	0	1	76	1	76	3.09e-27	100
tr|A0A1K3H6J5|Release	GCF_020991025.1_WP_152109250.1	39.759	88	83	93	83	49	1	3	84	1	83	3.79e-27	100
tr|A0A1K3H6J5|Release	GCF_012767755.2_WP_173176508.1	32.911	88	91	89	79	49	2	5	82	2	77	6.41e-27	99.5
tr|A0A1K3H6J5|Release	GCF_024971755.1_WP_259474826.1	32.911	88	88	89	79	52	1	5	82	2	80	6.95e-27	99.5
tr|A0A1K3H6J5|Release	GCF_016834455.1_WP_203325205.1	32.911	88	86	89	79	52	1	5	82	2	80	8.57e-27	99.2
tr|A0A1K3H6J5|Release	GCF_002355475.1_WP_003455993.1	29.870	88	90	86	77	53	1	7	82	2	78	9.98e-27	98.9
tr|A0A1K3H6J5|Release	GCF_000015245.1_WP_011761423.1	34.524	88	86	90	84	50	2	5	83	2	85	2.51e-26	97.8
tr|A0A1K3H6J5|Release	GCF_009730655.1_WP_156020461.1	34.091	88	92	94	88	53	2	5	87	2	89	3.57e-26	97.5
tr|A0A1K3H6J5|Release	GCF_019670705.1_WP_100146025.1	34.091	88	92	94	88	53	2	5	87	2	89	5.07e-26	97.3
tr|A0A1K3H6J5|Release	GCF_008807375.1_WP_151133519.1	27.273	88	90	86	77	55	1	7	82	2	78	5.64e-26	97.0
tr|A0A1K3H6J5|Release	GCF_017354925.1_WP_207321174.1	32.911	88	87	89	79	52	1	5	82	2	80	6.83e-26	96.7
tr|A0A1K3H6J5|Release	GCF_017329545.1_WP_047884589.1	27.586	88	95	98	87	62	1	3	88	1	87	7.97e-26	96.7
tr|A0A1K3H6J5|Release	GCF_012767755.2_WP_173171843.1	29.114	88	90	89	79	55	1	5	82	2	80	1.18e-25	96.4
tr|A0A1K3H6J5|Release	GCF_017354965.1_WP_207380278.1	32.911	88	87	89	79	52	1	5	82	2	80	1.66e-25	95.8
tr|A0A1K3H6J5|Release	GCF_008033135.1_WP_148717358.1	28.205	88	87	89	78	56	0	5	82	2	79	1.69e-25	95.8
tr|A0A1K3H6J5|Release	GCF_014524625.1_WP_009050814.1	24.051	88	92	89	79	59	1	5	82	2	80	4.65e-25	94.7
tr|A0A1K3H6J5|Release	GCF_002215585.1_WP_088903590.1	31.395	88	89	93	86	55	1	6	87	3	88	1.01e-24	93.9
tr|A0A1K3H6J5|Release	GCF_029457395.1_WP_024766443.1	31.325	88	92	89	83	52	1	5	82	2	84	3.28e-24	92.8
tr|A0A1K3H6J5|Release	GCF_003025345.2_WP_003155955.1	32.143	88	91	89	84	51	1	5	82	2	85	5.66e-24	91.9
tr|A0A1K3H6J5|Release	GCF_012971725.1_WP_169940133.1	32.895	88	92	81	76	46	1	5	75	2	77	1.82e-23	90.8
tr|A0A1K3H6J5|Release	GCF_024346675.1_WP_048897676.1	22.619	88	86	94	84	64	1	3	85	1	84	2.74e-23	90.2
tr|A0A1K3H6J5|Release	GCF_000014885.1_WP_020912292.1	31.646	88	87	89	79	53	1	5	82	2	80	1.08e-22	88.8
tr|A0A1K3H6J5|Release	GCF_000146165.2_WP_164925808.1	32.500	88	89	89	80	52	2	5	82	2	81	1.98e-22	88.0
tr|A0A1K3H6J5|Release	GCF_000801295.1_WP_171816254.1	30.952	88	99	92	84	54	2	1	81	1	83	6.41e-22	86.8
tr|A0A1K3H6J5|Release	GCF_014905115.1_WP_193151849.1	33.333	88	81	74	66	43	1	9	73	1	66	8.03e-22	86.3
tr|A0A1K3H6J5|Release	GCF_000016065.1_WP_011864074.1	29.114	88	93	89	79	54	2	5	82	2	79	1.07e-21	86.3
tr|A0A1K3H6J5|Release	GCF_006742785.1_WP_172630283.1	22.785	88	88	89	79	60	1	8	85	3	81	1.33e-21	86.0
tr|A0A1K3H6J5|Release	GCF_002005305.1_WP_077753428.1	29.114	88	86	89	79	55	1	5	82	2	80	1.50e-21	85.7
tr|A0A1K3H6J5|Release	GCF_024347475.1_WP_239840920.1	28.125	88	83	72	64	45	1	9	71	1	64	2.14e-21	85.2
tr|A0A1K3H6J5|Release	GCF_001677435.1_WP_068615618.1	29.870	88	90	85	77	51	3	3	77	1	76	2.79e-21	85.2
tr|A0A1K3H6J5|Release	GCF_024347355.1_WP_105024956.1	28.125	88	83	72	64	45	1	9	71	1	64	2.82e-21	84.9
tr|A0A1K3H6J5|Release	GCF_004358345.1_WP_121852852.1	34.286	88	76	78	70	45	1	3	71	1	70	3.53e-21	84.6
tr|A0A1K3H6J5|Release	GCF_020405345.1_WP_017780573.1	30.000	88	89	80	70	46	1	5	74	2	68	4.28e-21	84.6
tr|A0A1K3H6J5|Release	GCF_009938225.1_WP_075649723.1	28.750	88	82	85	80	52	2	9	83	1	80	5.08e-21	84.3
tr|A0A1K3H6J5|Release	GCF_009068765.1_WP_151900329.1	30.303	88	81	74	66	45	1	9	73	1	66	6.64e-21	84.0
tr|A0A1K3H6J5|Release	GCF_016026875.1_WP_045525981.1	30.435	88	89	78	69	45	1	5	73	2	67	7.89e-21	84.0
tr|A0A1K3H6J5|Release	GCF_000968535.2_WP_014147785.1	30.263	88	84	85	76	51	2	8	82	4	78	1.12e-20	83.5
tr|A0A1K3H6J5|Release	GCF_001007935.1_WP_046849946.1	20.253	88	84	89	79	62	1	8	85	4	82	1.27e-20	83.5
tr|A0A1K3H6J5|Release	GCF_003966655.1_WP_113527441.1	23.188	88	77	78	69	53	0	3	71	1	69	1.80e-20	82.9
tr|A0A1K3H6J5|Release	GCF_008364325.2_WP_020826409.1	26.027	88	84	82	73	50	2	5	76	2	71	2.70e-20	82.6
tr|A0A1K3H6J5|Release	GCF_013462805.1_WP_009566961.1	23.188	88	77	78	69	53	0	3	71	1	69	3.26e-20	82.1
tr|A0A1K3H6J5|Release	GCF_028355655.1_WP_087756847.1	32.727	88	84	63	55	37	0	6	60	3	57	3.29e-20	82.3
tr|A0A1K3H6J5|Release	GCF_019669905.1_WP_054759186.1	37.736	88	79	59	53	32	1	8	59	3	55	3.32e-20	82.1
tr|A0A1K3H6J5|Release	GCF_020423125.1_WP_226170850.1	28.986	88	84	78	69	46	1	6	74	3	68	3.54e-20	82.3
tr|A0A1K3H6J5|Release	GCF_001020955.1_WP_047250467.1	30.864	88	82	88	81	52	2	1	77	1	81	4.07e-20	82.1
tr|A0A1K3H6J5|Release	GCF_022371215.1_WP_239718047.1	26.866	88	83	75	67	48	1	9	74	1	67	4.20e-20	82.1
tr|A0A1K3H6J5|Release	GCF_000009145.1_WP_041356315.1	23.377	88	90	86	77	58	1	10	85	6	82	4.53e-20	82.1
tr|A0A1K3H6J5|Release	GCF_900637545.1_WP_042651794.1	31.429	88	84	80	70	45	1	5	74	2	68	4.86e-20	81.8
tr|A0A1K3H6J5|Release	GCF_000940995.1_WP_082060442.1	22.989	88	93	98	87	66	1	3	88	1	87	6.22e-20	81.8
tr|A0A1K3H6J5|Release	GCF_003515105.1_WP_036973086.1	38.028	88	73	80	71	43	1	6	75	2	72	6.76e-20	81.2
tr|A0A1K3H6J5|Release	GCF_008329985.2_WP_149283950.1	31.818	88	81	74	66	44	1	9	73	1	66	7.79e-20	81.2
tr|A0A1K3H6J5|Release	GCF_020149575.1_WP_224431657.1	30.435	88	85	78	69	45	1	6	74	3	68	8.90e-20	81.2
tr|A0A1K3H6J5|Release	GCF_002157225.2_WP_086934278.1	26.027	88	80	83	73	54	0	10	82	5	77	1.59e-19	80.4
tr|A0A1K3H6J5|Release	GCF_019670105.1_WP_040307707.1	27.273	88	81	74	66	47	1	9	73	1	66	2.04e-19	80.1
tr|A0A1K3H6J5|Release	GCF_009938185.1_WP_162048373.1	28.788	88	82	74	66	46	1	9	73	1	66	2.33e-19	80.1
tr|A0A1K3H6J5|Release	GCF_001558255.2_WP_005504861.1	28.049	88	82	86	82	53	3	9	84	1	82	2.61e-19	80.1
tr|A0A1K3H6J5|Release	GCF_002204915.1_WP_052690899.1	23.457	88	101	86	81	57	2	9	84	20	100	2.79e-19	80.4
tr|A0A1K3H6J5|Release	GCF_024494545.1_WP_256384876.1	25.714	88	81	78	70	51	1	9	77	1	70	2.94e-19	79.8
tr|A0A1K3H6J5|Release	GCF_019670125.1_WP_221076876.1	31.746	88	81	70	63	42	1	9	70	1	63	3.52e-19	79.5
tr|A0A1K3H6J5|Release	GCF_024360925.2_WP_255188929.1	25.641	88	83	88	78	56	2	10	86	6	82	3.73e-19	79.5
tr|A0A1K3H6J5|Release	GCF_000214665.1_WP_013819542.1	23.377	88	83	86	77	57	2	10	85	6	81	3.92e-19	79.5
tr|A0A1K3H6J5|Release	GCF_002407485.1_WP_096780111.1	30.000	88	81	78	70	48	1	9	77	1	70	9.36e-19	78.4
tr|A0A1K3H6J5|Release	GCF_016127195.1_WP_042032742.1	27.941	88	89	77	68	46	1	6	73	3	67	9.54e-19	78.7
tr|A0A1K3H6J5|Release	GCF_003584645.1_WP_197716612.1	25.610	88	80	89	82	54	2	3	80	1	79	1.00e-18	78.4
tr|A0A1K3H6J5|Release	GCF_009938205.1_WP_075706454.1	31.818	88	82	74	66	44	1	9	73	1	66	1.01e-18	78.4
tr|A0A1K3H6J5|Release	GCF_005931095.1_WP_017839868.1	26.923	88	84	88	78	55	2	8	84	4	80	1.12e-18	78.4
tr|A0A1K3H6J5|Release	GCF_003015165.1_WP_106887831.1	27.536	88	84	78	69	47	1	6	74	3	68	1.13e-18	78.4
tr|A0A1K3H6J5|Release	GCF_008693705.1_WP_127008315.1	29.412	88	84	77	68	45	1	6	73	3	67	1.23e-18	78.4
tr|A0A1K3H6J5|Release	GCF_014879975.1_WP_192888672.1	26.667	88	83	80	75	50	2	9	78	1	75	1.52e-18	78.1
tr|A0A1K3H6J5|Release	GCF_014169735.1_WP_134997272.1	25.000	88	86	77	68	48	1	6	73	3	67	1.55e-18	78.1
tr|A0A1K3H6J5|Release	GCF_000014765.1_WP_011633385.1	23.810	88	89	90	84	59	3	8	86	3	86	1.65e-18	78.1
tr|A0A1K3H6J5|Release	GCF_003668795.1_WP_054981706.1	35.938	88	83	72	64	40	1	9	71	1	64	1.70e-18	77.8
tr|A0A1K3H6J5|Release	GCF_009662475.1_WP_031573754.1	23.529	88	79	77	68	52	0	3	70	1	68	1.78e-18	77.8
tr|A0A1K3H6J5|Release	GCF_004328865.1_WP_104643907.1	37.500	88	83	72	64	39	1	9	71	1	64	1.81e-18	77.8
tr|A0A1K3H6J5|Release	GCF_024347635.1_WP_139683960.1	25.758	88	83	74	66	48	1	9	73	1	66	1.83e-18	77.8
tr|A0A1K3H6J5|Release	GCF_006337165.1_WP_139515111.1	32.099	88	82	86	81	47	2	3	78	1	78	2.21e-18	77.6
tr|A0A1K3H6J5|Release	GCF_002221525.1_WP_089349457.1	35.938	88	83	72	64	40	1	9	71	1	64	2.28e-18	77.6
tr|A0A1K3H6J5|Release	GCF_020844025.1_WP_215848879.1	23.188	88	77	78	69	53	0	3	71	1	69	2.72e-18	77.3
tr|A0A1K3H6J5|Release	GCF_001995825.2_WP_017057338.1	24.242	88	83	74	66	49	1	9	73	1	66	2.94e-18	77.3
tr|A0A1K3H6J5|Release	GCF_024347455.1_WP_135458404.1	24.242	88	83	74	66	49	1	9	73	1	66	3.53e-18	77.0
tr|A0A1K3H6J5|Release	GCF_024746855.1_WP_260492542.1	27.273	88	79	75	66	48	0	9	74	1	66	3.81e-18	77.0
tr|A0A1K3H6J5|Release	GCF_000091465.1_WP_004733849.1	24.242	88	83	74	66	49	1	9	73	1	66	4.18e-18	77.0
tr|A0A1K3H6J5|Release	GCF_001651805.1_WP_067384150.1	33.803	88	78	75	71	42	3	7	72	4	74	4.36e-18	76.7
tr|A0A1K3H6J5|Release	GCF_024347595.1_WP_176681244.1	29.688	88	83	72	64	44	1	9	71	1	64	4.89e-18	76.7
tr|A0A1K3H6J5|Release	GCF_002218045.2_WP_089137819.1	38.889	88	79	77	72	40	2	6	73	5	76	5.11e-18	76.7
tr|A0A1K3H6J5|Release	GCF_016026615.1_WP_197928313.1	27.941	88	89	77	68	46	1	6	73	3	67	5.18e-18	76.7
tr|A0A1K3H6J5|Release	GCF_024347495.1_WP_137371745.1	27.273	88	80	74	66	47	1	9	73	1	66	5.20e-18	76.7
tr|A0A1K3H6J5|Release	GCF_004001245.1_WP_127478562.1	30.864	88	85	86	81	51	2	1	76	1	81	5.89e-18	76.4
tr|A0A1K3H6J5|Release	GCF_007197555.1_WP_144048375.1	29.412	88	94	89	85	53	2	5	82	2	86	6.17e-18	76.7
tr|A0A1K3H6J5|Release	GCF_003967195.1_WP_172597571.1	30.000	88	83	85	80	51	2	3	77	2	81	6.83e-18	76.4
tr|A0A1K3H6J5|Release	GCF_001007875.1_WP_046858354.1	28.571	88	80	78	70	49	1	9	77	1	70	7.20e-18	76.2
tr|A0A1K3H6J5|Release	GCF_002215215.1_WP_088918776.1	40.000	88	101	78	70	40	2	5	73	15	83	7.64e-18	76.7
tr|A0A1K3H6J5|Release	GCF_019797925.1_WP_193521737.1	30.303	88	80	75	66	46	0	9	74	1	66	7.98e-18	76.2
tr|A0A1K3H6J5|Release	GCF_005877035.1_WP_039486662.1	37.500	88	83	72	64	39	1	9	71	1	64	8.07e-18	76.2
tr|A0A1K3H6J5|Release	GCF_000238395.3_WP_010553578.1	35.938	88	83	72	64	40	1	9	71	1	64	8.20e-18	76.2
tr|A0A1K3H6J5|Release	GCF_003258315.1_WP_111337788.1	25.316	88	88	89	79	58	1	8	85	4	82	8.87e-18	76.2
tr|A0A1K3H6J5|Release	GCF_000785705.2_WP_036272019.1	29.688	88	82	73	64	44	1	10	73	6	68	9.45e-18	75.9
tr|A0A1K3H6J5|Release	GCF_001596155.1_WP_068342236.1	25.974	88	90	83	77	50	3	3	75	1	74	9.95e-18	76.2
tr|A0A1K3H6J5|Release	GCF_000772105.1_WP_004748349.1	22.078	88	81	86	77	59	1	9	84	1	77	1.39e-17	75.6
tr|A0A1K3H6J5|Release	GCF_000021985.1_WP_012639500.1	32.432	88	82	78	74	45	2	3	71	1	74	1.39e-17	75.6
tr|A0A1K3H6J5|Release	GCF_013343005.1_WP_078482823.1	28.750	88	84	85	80	52	2	3	77	1	80	1.63e-17	75.3
tr|A0A1K3H6J5|Release	GCF_008369605.1_WP_000253074.1	30.303	88	81	74	66	45	1	9	73	1	66	1.98e-17	75.0
tr|A0A1K3H6J5|Release	GCF_024347655.1_WP_060467732.1	24.242	88	83	74	66	49	1	9	73	1	66	2.13e-17	75.0
tr|A0A1K3H6J5|Release	GCF_024347675.1_WP_261835500.1	28.395	88	81	86	81	53	2	9	84	1	81	2.17e-17	75.0
tr|A0A1K3H6J5|Release	GCF_024347035.1_WP_102941394.1	30.303	88	81	74	66	45	1	9	73	1	66	2.45e-17	75.0
tr|A0A1K3H6J5|Release	GCF_003063625.1_WP_108601906.1	34.286	88	85	76	70	43	1	10	76	5	74	2.58e-17	75.0
tr|A0A1K3H6J5|Release	GCF_003990335.1_WP_127025819.1	21.127	88	91	81	71	56	0	10	80	6	76	2.60e-17	75.0
tr|A0A1K3H6J5|Release	GCF_015209785.1_WP_193988300.1	39.706	88	73	76	68	40	1	6	72	2	69	2.95e-17	74.5
tr|A0A1K3H6J5|Release	GCF_004355185.1_WP_133271280.1	34.177	88	81	84	79	44	2	5	78	2	77	3.55e-17	74.5
tr|A0A1K3H6J5|Release	GCF_000828615.1_WP_041064380.1	27.848	88	80	84	79	52	3	1	74	1	79	4.23e-17	74.2
tr|A0A1K3H6J5|Release	GCF_024362845.1_WP_255230807.1	24.691	88	82	86	81	56	2	9	84	1	81	4.89e-17	74.2
tr|A0A1K3H6J5|Release	GCF_001507645.1_WP_068195976.1	28.571	88	90	83	77	48	2	3	75	1	74	5.10e-17	74.2
tr|A0A1K3H6J5|Release	GCF_001999225.1_WP_077537996.1	31.250	88	82	72	64	43	1	9	71	1	64	5.25e-17	74.2
tr|A0A1K3H6J5|Release	GCF_009755585.1_WP_157030071.1	24.359	88	85	84	78	52	2	3	76	1	75	5.27e-17	74.2
tr|A0A1K3H6J5|Release	GCF_000576555.1_WP_044000633.1	32.099	88	83	86	81	47	2	3	78	2	79	5.38e-17	74.2
tr|A0A1K3H6J5|Release	GCF_000148645.1_WP_013347076.1	35.938	88	80	72	64	40	1	12	74	3	66	6.97e-17	73.6
tr|A0A1K3H6J5|Release	GCF_001831495.1_WP_068547707.1	28.788	88	81	74	66	46	1	9	73	1	66	7.15e-17	73.6
tr|A0A1K3H6J5|Release	GCF_001558415.2_WP_061055374.1	27.273	88	83	74	66	47	1	9	73	1	66	7.76e-17	73.6
tr|A0A1K3H6J5|Release	GCF_009938015.1_WP_223264517.1	30.769	88	90	83	78	49	3	1	73	1	78	1.02e-16	73.6
tr|A0A1K3H6J5|Release	GCF_024347195.1_WP_271272618.1	33.333	88	77	77	72	44	3	5	72	2	73	1.06e-16	73.3
tr|A0A1K3H6J5|Release	GCF_008931805.1_WP_019441510.1	28.788	88	81	74	66	46	1	9	73	1	66	1.20e-16	73.1
tr|A0A1K3H6J5|Release	GCF_027625995.1_WP_270126807.1	29.630	88	82	86	81	49	2	3	78	1	78	1.52e-16	72.8
tr|A0A1K3H6J5|Release	GCF_002355415.1_WP_148665551.1	32.895	88	87	82	76	44	3	6	77	13	85	2.01e-16	72.8
tr|A0A1K3H6J5|Release	GCF_022811645.1_WP_243511723.1	25.974	88	90	83	77	50	2	3	75	1	74	2.03e-16	72.8
tr|A0A1K3H6J5|Release	GCF_002214395.1_WP_010453422.1	22.222	88	81	86	81	58	2	9	84	1	81	2.11e-16	72.5
tr|A0A1K3H6J5|Release	GCF_002762215.1_WP_085750011.1	26.667	88	87	81	75	48	3	4	74	3	74	2.21e-16	72.5
tr|A0A1K3H6J5|Release	GCF_000019525.1_WP_012323084.1	27.273	88	81	86	77	55	1	9	84	1	77	2.61e-16	72.2
tr|A0A1K3H6J5|Release	GCF_010093065.1_WP_238430213.1	27.059	88	83	91	85	54	3	1	80	2	83	3.29e-16	71.9
tr|A0A1K3H6J5|Release	GCF_001455205.1_WP_062560013.1	25.974	88	84	86	77	55	2	10	85	6	81	3.32e-16	72.2
tr|A0A1K3H6J5|Release	GCF_001456255.1_WP_020335096.1	26.562	88	81	72	64	46	1	9	71	1	64	4.17e-16	71.7
tr|A0A1K3H6J5|Release	GCF_024582835.1_WP_257083279.1	25.000	88	87	72	64	47	1	9	71	1	64	4.23e-16	71.9
tr|A0A1K3H6J5|Release	GCF_003568825.1_WP_040644076.1	22.785	88	83	85	79	57	1	9	83	1	79	4.24e-16	71.7
tr|A0A1K3H6J5|Release	GCF_000321415.2_WP_015260329.1	34.091	88	93	95	88	52	3	1	84	1	86	4.27e-16	71.9
tr|A0A1K3H6J5|Release	GCF_002355735.1_WP_096359192.1	24.675	88	83	83	77	54	2	4	76	7	83	4.45e-16	71.7
tr|A0A1K3H6J5|Release	GCF_002849875.1_WP_232379112.1	27.059	88	113	92	85	58	1	6	86	28	112	5.13e-16	72.2
tr|A0A1K3H6J5|Release	GCF_008632455.1_WP_150048082.1	24.675	88	84	86	77	56	2	9	84	5	80	5.43e-16	71.7
tr|A0A1K3H6J5|Release	GCF_000788395.1_WP_038641921.1	28.788	88	85	74	66	46	1	10	74	5	70	5.61e-16	71.7
tr|A0A1K3H6J5|Release	GCF_003574965.1_WP_119445661.1	30.864	88	82	86	81	48	2	3	78	1	78	6.15e-16	71.4
tr|A0A1K3H6J5|Release	GCF_900233005.1_WP_102521318.1	22.727	88	81	74	66	50	1	9	73	1	66	7.04e-16	71.1
tr|A0A1K3H6J5|Release	GCF_013283835.1_WP_071626507.1	25.333	88	83	82	75	50	2	3	74	1	72	8.20e-16	71.1
tr|A0A1K3H6J5|Release	GCF_000212735.1_WP_013764159.1	26.923	88	83	84	78	50	2	1	74	1	75	8.74e-16	71.1
tr|A0A1K3H6J5|Release	GCF_022827545.1_WP_243798205.1	32.099	88	82	86	81	47	2	3	78	1	78	9.08e-16	70.8
tr|A0A1K3H6J5|Release	GCF_000026085.1_WP_041454550.1	38.028	88	73	78	71	41	3	6	74	2	71	1.16e-15	70.5
tr|A0A1K3H6J5|Release	GCF_003149515.1_WP_109656005.1	24.675	88	90	83	77	51	2	3	75	1	74	1.19e-15	70.8
tr|A0A1K3H6J5|Release	GCF_003353065.1_WP_114983154.1	27.632	88	84	82	76	48	3	1	72	1	73	1.25e-15	70.5
tr|A0A1K3H6J5|Release	GCF_002157895.1_WP_227874980.1	25.352	88	82	80	71	52	1	9	78	2	72	1.41e-15	70.5
tr|A0A1K3H6J5|Release	GCF_013137895.1_WP_135435790.1	31.707	88	83	88	82	47	3	1	77	1	78	1.46e-15	70.5
tr|A0A1K3H6J5|Release	GCF_001955715.1_WP_029708890.1	26.027	88	80	78	73	47	2	5	73	2	71	1.49e-15	70.2
tr|A0A1K3H6J5|Release	GCF_001431725.1_WP_021820278.1	24.242	88	81	74	66	49	1	9	73	1	66	1.58e-15	70.2
tr|A0A1K3H6J5|Release	GCF_000024005.1_WP_012793320.1	28.395	88	84	88	81	51	2	2	78	3	80	1.59e-15	70.2
tr|A0A1K3H6J5|Release	GCF_019977755.1_WP_126608378.1	28.409	88	103	88	88	52	3	9	85	15	102	2.55e-15	70.2
tr|A0A1K3H6J5|Release	GCF_000227685.2_WP_006746304.1	30.864	88	83	88	81	52	2	1	77	1	81	3.32e-15	69.4
tr|A0A1K3H6J5|Release	GCF_000014785.1_WP_011630183.1	32.468	88	83	83	77	48	3	4	76	7	83	3.86e-15	69.4
tr|A0A1K3H6J5|Release	GCF_003970675.1_WP_126615366.1	33.824	88	76	77	68	41	2	7	74	10	73	3.87e-15	69.1
tr|A0A1K3H6J5|Release	GCF_024347255.1_WP_091360415.1	27.397	88	79	77	73	48	2	5	72	2	74	4.09e-15	69.1
tr|A0A1K3H6J5|Release	GCF_002906475.1_WP_012130247.1	25.758	88	81	74	66	48	1	9	73	1	66	5.04e-15	69.1
tr|A0A1K3H6J5|Release	GCF_002142475.1_WP_026148861.1	29.487	88	86	84	78	48	2	5	78	2	76	5.19e-15	69.1
tr|A0A1K3H6J5|Release	GCF_019670485.1_WP_221071211.1	30.303	88	81	74	66	45	1	9	73	1	66	5.20e-15	68.8
tr|A0A1K3H6J5|Release	GCF_002021755.1_WP_005434844.1	27.273	88	81	74	66	47	1	9	73	1	66	5.59e-15	68.8
tr|A0A1K3H6J5|Release	GCF_017638925.1_WP_208844867.1	28.986	88	81	78	69	49	0	9	77	1	69	6.00e-15	68.8
tr|A0A1K3H6J5|Release	GCF_000024825.1_WP_005460845.1	27.273	88	81	74	66	47	1	9	73	1	66	6.82e-15	68.6
tr|A0A1K3H6J5|Release	GCF_019703835.1_WP_087020305.1	29.114	88	79	85	79	49	2	12	86	3	78	6.86e-15	68.6
tr|A0A1K3H6J5|Release	GCF_010093065.1_WP_162331416.1	26.250	88	84	86	80	52	2	3	78	4	80	8.14e-15	68.6
tr|A0A1K3H6J5|Release	GCF_000770115.1_WP_069687890.1	25.000	88	81	85	80	55	2	9	83	1	80	8.31e-15	68.6
tr|A0A1K3H6J5|Release	GCF_024347215.1_WP_261843265.1	30.556	88	77	77	72	46	2	5	72	2	73	8.56e-15	68.3
tr|A0A1K3H6J5|Release	GCF_024347275.1_WP_019620968.1	30.263	88	82	81	76	48	3	5	75	2	77	8.72e-15	68.6
tr|A0A1K3H6J5|Release	GCF_018736065.1_WP_144074266.1	32.353	88	76	77	68	42	2	7	74	10	73	1.03e-14	68.0
tr|A0A1K3H6J5|Release	GCF_004028275.1_WP_128384077.1	24.638	88	77	74	69	48	2	9	73	2	70	1.35e-14	67.7
tr|A0A1K3H6J5|Release	GCF_023733635.1_WP_039959400.1	27.500	88	89	85	80	53	2	5	79	2	81	1.99e-14	67.7
tr|A0A1K3H6J5|Release	GCF_026427595.1_WP_251812951.1	25.000	88	88	85	80	55	2	12	86	7	86	2.50e-14	67.4
tr|A0A1K3H6J5|Release	GCF_003346815.1_WP_114840342.1	25.333	88	82	82	75	50	2	3	74	1	72	3.53e-14	66.9
tr|A0A1K3H6J5|Release	GCF_000092245.1_WP_013136435.1	29.630	88	76	89	81	47	3	7	84	2	75	4.57e-14	66.6
tr|A0A1K3H6J5|Release	GCF_013201725.1_WP_014475480.1	27.027	88	74	81	74	48	2	3	73	1	71	4.98e-14	66.3
tr|A0A1K3H6J5|Release	GCF_008728635.1_WP_151087836.1	22.078	88	90	83	77	53	3	3	75	1	74	5.01e-14	66.6
tr|A0A1K3H6J5|Release	GCF_902810445.1_WP_197744199.1	22.973	88	78	80	74	50	3	5	74	2	72	8.03e-14	66.0
tr|A0A1K3H6J5|Release	GCF_009363415.1_WP_152430616.1	22.857	88	84	78	70	53	1	9	77	1	70	8.67e-14	66.0
tr|A0A1K3H6J5|Release	GCF_012295615.1_WP_007018284.1	21.212	88	81	74	66	51	1	9	73	1	66	1.16e-13	65.5
tr|A0A1K3H6J5|Release	GCF_006364355.1_WP_004727652.1	30.303	88	83	74	66	45	1	9	73	1	66	1.31e-13	65.5
tr|A0A1K3H6J5|Release	GCF_002887615.1_WP_038869703.1	25.758	88	81	74	66	48	1	9	73	1	66	1.63e-13	65.2
tr|A0A1K3H6J5|Release	GCF_005166025.1_WP_137090244.1	25.000	88	84	82	76	50	2	3	74	1	73	1.66e-13	65.2
tr|A0A1K3H6J5|Release	GCF_004214795.1_WP_130234502.1	21.519	88	78	86	79	56	2	3	78	1	76	2.18e-13	64.9
tr|A0A1K3H6J5|Release	GCF_000012325.1_WP_011045621.1	31.250	88	84	73	64	44	0	10	73	5	68	2.59e-13	64.6
tr|A0A1K3H6J5|Release	GCF_000019185.1_WP_012277931.1	22.353	88	100	74	85	46	2	9	73	1	85	3.72e-13	64.6
tr|A0A1K3H6J5|Release	GCF_008122265.1_WP_148863603.1	21.127	88	84	76	71	49	2	5	71	2	69	4.10e-13	64.1
tr|A0A1K3H6J5|Release	GCF_013177675.1_WP_172128285.1	24.000	88	81	82	75	51	2	3	74	1	72	4.16e-13	64.1
tr|A0A1K3H6J5|Release	GCF_013177635.1_WP_129095542.1	22.973	88	72	81	74	51	2	3	73	1	71	1.13e-12	62.9
tr|A0A1K3H6J5|Release	GCF_013201935.1_WP_129014602.1	22.973	88	72	81	74	51	2	3	73	1	71	1.18e-12	62.9
tr|A0A1K3H6J5|Release	GCF_013282625.1_WP_173286717.1	30.769	88	67	74	65	42	1	9	73	2	63	1.67e-12	62.4
tr|A0A1K3H6J5|Release	GCF_001956695.1_WP_076086034.1	22.222	88	77	77	72	49	3	7	74	2	70	1.71e-12	62.4
tr|A0A1K3H6J5|Release	GCF_002557795.1_WP_098194977.1	23.457	88	89	84	81	52	3	1	74	1	78	1.94e-12	62.7
tr|A0A1K3H6J5|Release	GCF_016613475.2_WP_200606805.1	24.096	88	90	89	83	55	3	1	78	1	80	2.05e-12	62.7
tr|A0A1K3H6J5|Release	GCF_003544915.1_WP_118918525.1	25.000	88	73	83	76	51	2	3	75	1	73	3.86e-12	61.5
tr|A0A1K3H6J5|Release	GCF_000238255.3_WP_010559905.1	25.758	88	86	74	66	48	1	10	74	5	70	4.44e-12	61.5
tr|A0A1K3H6J5|Release	GCF_003346775.1_WP_114843067.1	25.974	88	84	84	77	51	2	3	76	1	74	4.69e-12	61.5
tr|A0A1K3H6J5|Release	GCF_024347675.1_WP_261833361.1	34.091	88	54	50	44	29	0	9	52	1	44	1.20e-11	59.8
tr|A0A1K3H6J5|Release	GCF_013283835.1_WP_071625892.1	24.324	88	79	77	74	47	2	7	74	2	72	1.28e-11	60.4
tr|A0A1K3H6J5|Release	GCF_010119975.1_WP_162445115.1	23.750	88	365	86	80	53	2	4	79	8	83	1.83e-11	64.1
tr|A0A1K3H6J5|Release	GCF_000014705.1_WP_011637758.1	20.482	88	88	89	83	61	1	9	86	3	85	2.04e-11	59.8
tr|A0A1K3H6J5|Release	GCF_004293625.1_WP_130538367.1	33.898	88	71	67	59	36	1	9	67	2	57	3.45e-11	59.0
tr|A0A1K3H6J5|Release	GCF_017742995.1_WP_247749573.1	43.243	88	48	42	37	21	0	9	45	1	37	3.95e-11	58.4
tr|A0A1K3H6J5|Release	GCF_001442805.1_WP_057942092.1	24.324	88	88	80	74	49	2	2	71	3	73	4.44e-11	59.0
tr|A0A1K3H6J5|Release	GCF_000006765.1_NP_249630.1	31.250	88	108	66	64	38	1	5	62	2	65	7.02e-11	59.0
tr|A0A1K3H6J5|Release	GCF_003855395.1_WP_124730567.1	23.944	88	88	75	71	49	2	9	74	3	73	7.03e-11	58.4
tr|A0A1K3H6J5|Release	GCF_002356115.1_WP_096526481.1	18.919	88	78	80	74	53	2	5	74	2	72	7.11e-11	58.4
tr|A0A1K3H6J5|Release	GCF_000147355.1_WP_013326989.1	26.923	88	67	58	52	37	1	23	73	1	52	7.97e-11	58.2
tr|A0A1K3H6J5|Release	GCF_001444405.1_WP_058032142.1	22.727	88	87	74	66	50	1	9	73	1	66	1.06e-10	58.2
tr|A0A1K3H6J5|Release	GCF_008807855.1_WP_063240334.1	25.676	88	83	80	74	48	2	2	71	3	73	1.26e-10	57.9
tr|A0A1K3H6J5|Release	GCF_023650495.1_WP_250655372.1	23.077	88	88	55	52	36	1	8	55	3	54	1.30e-10	57.9
tr|A0A1K3H6J5|Release	GCF_011398355.1_WP_173270160.1	28.333	88	65	68	60	40	1	9	68	2	58	1.64e-10	57.3
tr|A0A1K3H6J5|Release	GCF_001050135.1_WP_048644179.1	20.513	88	88	84	78	55	3	1	74	1	75	1.74e-10	57.6
tr|A0A1K3H6J5|Release	GCF_013201665.1_WP_128359868.1	18.293	88	81	90	82	61	2	3	81	1	79	1.89e-10	57.3
tr|A0A1K3H6J5|Release	GCF_000143085.1_WP_013221711.1	25.714	88	82	75	70	45	3	6	71	3	69	2.18e-10	57.3
tr|A0A1K3H6J5|Release	GCF_013201665.1_WP_128358834.1	23.944	88	76	77	71	48	2	7	74	2	69	2.70e-10	56.7
tr|A0A1K3H6J5|Release	GCF_004421105.1_WP_134356453.1	23.944	88	80	76	71	47	3	5	71	2	69	2.97e-10	56.7
tr|A0A1K3H6J5|Release	GCF_001705075.2_WP_065970077.1	23.611	88	78	77	72	51	2	3	70	1	72	4.73e-10	56.2
tr|A0A1K3H6J5|Release	GCF_003967275.1_WP_197721837.1	29.730	88	78	80	74	48	3	3	72	1	74	4.77e-10	56.2
tr|A0A1K3H6J5|Release	GCF_003722295.1_WP_010573895.1	24.658	88	75	76	73	46	2	7	73	4	73	5.13e-10	56.2
tr|A0A1K3H6J5|Release	GCF_020091585.1_WP_224339804.1	25.676	88	82	80	74	48	2	5	74	2	72	5.42e-10	56.2
tr|A0A1K3H6J5|Release	GCF_001956695.1_WP_076086043.1	27.027	88	77	81	74	48	2	5	75	2	72	8.93e-10	55.6
tr|A0A1K3H6J5|Release	GCF_006385555.1_WP_140234395.1	30.986	88	87	75	71	44	2	9	74	3	73	9.10e-10	55.6
tr|A0A1K3H6J5|Release	GCF_003955735.1_WP_126127786.1	23.377	88	91	83	77	52	3	2	74	4	77	1.06e-09	55.6
tr|A0A1K3H6J5|Release	GCF_009937995.1_WP_179954406.1	25.676	88	79	78	74	50	2	5	73	2	75	1.25e-09	55.3
tr|A0A1K3H6J5|Release	GCF_000018285.1_WP_012155987.1	21.839	88	102	74	87	46	2	9	73	1	87	1.29e-09	55.6
tr|A0A1K3H6J5|Release	GCF_013177635.1_WP_129095951.1	22.535	88	76	77	71	49	2	7	74	2	69	1.38e-09	55.1
tr|A0A1K3H6J5|Release	GCF_020511155.1_WP_226415657.1	18.750	88	87	85	80	60	2	8	82	3	82	1.40e-09	55.3
tr|A0A1K3H6J5|Release	GCF_018389385.1_WP_218082190.1	23.684	88	91	82	76	51	2	2	73	13	85	1.41e-09	55.3
tr|A0A1K3H6J5|Release	GCF_000012805.1_WP_011330264.1	24.286	88	85	75	70	46	3	6	71	3	69	1.51e-09	55.1
tr|A0A1K3H6J5|Release	GCF_013201935.1_WP_128987185.1	21.127	88	76	77	71	50	2	7	74	2	69	1.57e-09	54.8
tr|A0A1K3H6J5|Release	GCF_000265505.1_WP_014796533.1	23.529	88	97	84	85	54	2	4	77	3	87	1.78e-09	55.1
tr|A0A1K3H6J5|Release	GCF_021654855.1_WP_237262080.1	25.000	88	70	73	68	44	2	10	73	3	67	1.90e-09	54.5
tr|A0A1K3H6J5|Release	GCF_000317125.1_WP_015155280.1	19.231	88	81	84	78	56	3	5	78	2	76	2.19e-09	54.5
tr|A0A1K3H6J5|Release	GCF_003544815.1_WP_118886031.1	23.944	88	76	77	71	48	3	7	74	2	69	2.22e-09	54.5
tr|A0A1K3H6J5|Release	GCF_000222485.1_WP_014022977.1	24.359	88	85	84	78	52	3	1	74	1	75	2.72e-09	54.5
tr|A0A1K3H6J5|Release	GCF_000013765.1_WP_011496543.1	25.714	88	106	74	70	47	2	10	74	23	92	3.58e-09	54.5
tr|A0A1K3H6J5|Release	GCF_013177675.1_WP_172126669.1	28.169	88	77	77	71	45	3	7	74	2	69	7.31e-09	53.1
tr|A0A1K3H6J5|Release	GCF_000317575.1_WP_015193670.1	24.658	88	74	78	73	48	3	5	73	2	71	9.96e-09	52.8
tr|A0A1K3H6J5|Release	GCF_019891175.1_WP_225938383.1	23.171	88	93	89	82	55	3	1	78	7	84	1.23e-08	52.8
tr|A0A1K3H6J5|Release	GCF_004798725.1_WP_010811758.1	27.027	88	83	80	74	47	2	2	71	3	73	1.32e-08	52.8
tr|A0A1K3H6J5|Release	GCF_011398355.1_WP_173270199.1	26.667	88	66	68	60	41	1	9	68	2	58	3.62e-08	51.4
tr|A0A1K3H6J5|Release	GCF_000018105.1_WP_012162738.1	13.699	88	86	78	73	56	2	10	78	7	76	4.39e-08	51.4
tr|A0A1K3H6J5|Release	GCF_000024725.1_WP_013031543.1	22.535	88	81	76	71	48	3	5	71	2	69	7.11e-08	50.8
tr|A0A1K3H6J5|Release	GCF_000973725.1_WP_046311560.1	23.377	88	91	83	77	52	3	3	75	1	74	5.19e-07	48.9
tr|A0A1K3H6J5|Release	GCF_011398155.1_WP_173291533.1	21.538	88	71	73	65	47	2	10	73	3	64	1.90e-06	46.9
tr|A0A1K3H6J5|Release	GCF_019931735.1_WP_223417223.1	25.581	88	87	49	43	32	0	10	52	4	46	4.30e-06	46.3
tr|A0A1K3H6J5|Release	GCF_002309535.1_WP_096047558.1	24.638	88	88	75	69	46	2	9	74	4	69	4.88e-06	46.3
tr|A0A1K3H6J5|Release	GCF_026278345.1_WP_266369249.1	23.288	88	90	78	73	49	3	5	73	2	71	7.42e-06	45.8
tr|A0A1K3H6J5|Release	GCF_011764585.1_WP_188200227.1	28.571	88	63	58	56	35	2	23	73	2	57	9.60e-06	44.9
tr|A0A1K3H6J5|Release	GCF_003346815.1_WP_114840344.1	24.658	88	84	80	73	49	3	5	74	2	71	1.60e-05	44.9
tr|A0A1K3H6J5|Release	GCF_000568815.1_WP_025346049.1	22.857	88	76	76	70	48	2	8	74	3	69	1.73e-05	44.6
tr|A0A1K3H6J5|Release	GCF_001723605.1_WP_069479051.1	25.000	88	76	74	68	45	2	10	74	5	69	2.41e-05	44.1
tr|A0A1K3H6J5|Release	GCF_000265295.1_WP_014770430.1	22.857	88	76	76	70	48	2	8	74	3	69	5.44e-05	43.2
tr|A0A1K3H6J5|Release	GCF_001027285.1_WP_047859305.1	26.531	88	80	56	49	36	0	12	60	12	60	5.78e-05	43.2
tr|A0A1K3H6J5|Release	GCF_000484535.1_WP_023173213.1	25.397	88	91	70	63	46	1	12	73	24	86	7.95e-05	43.2
tr|A0A1K3H6J5|Release	GCF_013283835.1_WP_071628250.1	21.918	88	81	80	73	51	2	5	74	2	71	2.22e-04	41.8
tr|A0A1K3H6J5|Release	GCF_021018745.1_WP_230843504.1	25.397	88	92	70	63	46	1	12	73	24	86	8.17e-04	40.7
tr|A0A1K3H6J5|Release	GCF_005281475.1_WP_137401239.1	25.000	88	81	78	72	48	3	6	74	2	70	0.001	40.1
tr|A0A1K3H6J5|Release	GCF_009937995.1_WP_162085741.1	22.222	88	82	84	81	55	4	3	76	1	80	0.001	40.1
tr|A0A1K3H6J5|Release	GCF_000011385.1_WP_011141833.1	25.397	88	92	70	63	46	1	12	73	24	86	0.001	40.1
tr|A0A1K3H6J5|Release	GCF_003260975.1_WP_112783789.1	23.611	88	81	78	72	49	3	6	74	2	70	0.002	39.3
tr|A0A1K3H6J5|Release	GCF_000242635.2_WP_014682426.1	24.194	88	83	66	62	40	2	14	71	11	69	0.002	39.3
tr|A0A1K3H6J5|Release	GCF_002116735.1_WP_041332374.1	20.000	88	86	92	85	57	3	2	82	5	82	0.003	39.0
tr|A0A1K3H6J5|Release	GCF_014217805.1_WP_185274331.1	16.438	88	91	78	73	54	2	5	73	6	75	0.004	39.0
tr|A0A1K3H6J5|Release	GCF_006575665.1_WP_141613356.1	25.000	88	81	78	72	48	3	6	74	2	70	0.005	38.2
tr|A0A1K3H6J5|Release	GCF_009938015.1_WP_147074368.1	20.988	88	82	84	81	56	5	3	76	1	80	0.006	38.2
tr|A0A1K3H6J5|Release	GCF_003143555.1_WP_109340539.1	18.182	88	84	72	66	51	2	12	74	5	70	0.007	37.9
# PSIBLAST 2.13.0+
# Iteration: 4
# Query: tr|A0A1K3H6J5|Release 2019_07/2019_07|31-Jul-2019
# Database: db/chosen-bacteria_proteome_exDup
# Fields: query id, subject id, % identity, query length, subject length, % query coverage per subject, alignment length, mismatches, gap opens, q. start, q. end, s. start, s. end, evalue, bit score
# 460 hits found
tr|A0A1K3H6J5|Release	GCF_001518835.1_WP_059308693.1	67.442	88	86	98	86	28	0	1	86	1	86	1.08e-39	131
tr|A0A1K3H6J5|Release	GCF_001461805.1_WP_013367515.1	69.767	88	86	98	86	26	0	1	86	1	86	1.14e-39	131
tr|A0A1K3H6J5|Release	GCF_009176645.1_WP_152083529.1	65.116	88	86	98	86	30	0	1	86	1	86	2.12e-39	131
tr|A0A1K3H6J5|Release	GCF_020097475.1_WP_000062318.1	67.442	88	86	98	86	28	0	1	86	1	86	2.74e-39	130
tr|A0A1K3H6J5|Release	GCF_009036245.1_WP_025756830.1	65.116	88	86	98	86	30	0	1	86	1	86	3.59e-39	130
tr|A0A1K3H6J5|Release	GCF_021172065.1_WP_015965827.1	63.953	88	86	98	86	31	0	1	86	1	86	3.82e-39	130
tr|A0A1K3H6J5|Release	GCF_001683395.1_WP_017458015.1	65.116	88	86	98	86	30	0	1	86	1	86	4.62e-39	130
tr|A0A1K3H6J5|Release	GCF_003594935.2_WP_006173581.1	66.279	88	86	98	86	29	0	1	86	1	86	5.73e-39	130
tr|A0A1K3H6J5|Release	GCF_007632255.1_WP_015368146.1	65.116	88	86	98	86	30	0	1	86	1	86	7.45e-39	129
tr|A0A1K3H6J5|Release	GCF_001658025.2_WP_007373243.1	65.116	88	86	98	86	30	0	1	86	1	86	7.81e-39	129
tr|A0A1K3H6J5|Release	GCF_000224675.1_WP_010426685.1	65.116	88	86	98	86	30	0	1	86	1	86	1.07e-38	129
tr|A0A1K3H6J5|Release	GCF_001022135.1_WP_039078449.1	66.279	88	86	98	86	29	0	1	86	1	86	1.09e-38	129
tr|A0A1K3H6J5|Release	GCF_000006925.2_NP_706134.1	66.279	88	86	98	86	29	0	1	86	1	86	1.18e-38	129
tr|A0A1K3H6J5|Release	GCF_027886705.1_WP_061497537.1	65.116	88	86	98	86	30	0	1	86	1	86	1.22e-38	129
tr|A0A1K3H6J5|Release	GCF_025914095.1_WP_031518416.1	65.116	88	86	98	86	30	0	1	86	1	86	1.56e-38	129
tr|A0A1K3H6J5|Release	GCF_023195735.1_WP_035891978.1	68.605	88	86	98	86	27	0	1	86	1	86	1.65e-38	129
tr|A0A1K3H6J5|Release	GCF_015137655.1_WP_028015593.1	63.953	88	86	98	86	31	0	1	86	1	86	2.00e-38	128
tr|A0A1K3H6J5|Release	GCF_001729805.1_WP_008501890.1	63.953	88	86	98	86	31	0	1	86	1	86	2.09e-38	128
tr|A0A1K3H6J5|Release	GCF_009363135.1_WP_090122691.1	66.279	88	86	98	86	29	0	1	86	1	86	2.13e-38	128
tr|A0A1K3H6J5|Release	GCF_019048625.1_WP_023305471.1	66.279	88	86	98	86	29	0	1	86	1	86	2.76e-38	128
tr|A0A1K3H6J5|Release	GCF_001750725.1_WP_014168720.1	63.953	88	86	98	86	31	0	1	86	1	86	3.32e-38	128
tr|A0A1K3H6J5|Release	GCF_016904755.1_WP_059234959.1	64.706	88	86	97	85	30	0	1	85	1	85	3.62e-38	128
tr|A0A1K3H6J5|Release	GCF_009649915.1_WP_062772223.1	67.442	88	86	98	86	28	0	1	86	1	86	3.62e-38	128
tr|A0A1K3H6J5|Release	GCF_004684345.1_WP_135323069.1	66.279	88	86	98	86	29	0	1	86	1	86	3.65e-38	128
tr|A0A1K3H6J5|Release	GCF_001558935.2_WP_042323659.1	66.279	88	86	98	86	29	0	1	86	1	86	4.45e-38	127
tr|A0A1K3H6J5|Release	GCF_021278985.1_WP_012904575.1	65.116	88	86	98	86	30	0	1	86	1	86	4.60e-38	127
tr|A0A1K3H6J5|Release	GCF_001277255.1_WP_007666633.1	62.791	88	86	98	86	32	0	1	86	1	86	4.67e-38	127
tr|A0A1K3H6J5|Release	GCF_022637515.1_WP_064539750.1	61.628	88	86	98	86	33	0	1	86	1	86	4.75e-38	127
tr|A0A1K3H6J5|Release	GCF_003812345.1_WP_003018503.1	65.116	88	86	98	86	30	0	1	86	1	86	5.39e-38	127
tr|A0A1K3H6J5|Release	GCF_004353845.1_WP_103768334.1	63.953	88	86	98	86	31	0	1	86	1	86	7.46e-38	127
tr|A0A1K3H6J5|Release	GCF_003261575.2_WP_110272453.1	65.116	88	86	98	86	30	0	1	86	1	86	7.58e-38	127
tr|A0A1K3H6J5|Release	GCF_018128425.1_WP_042289833.1	65.116	88	86	98	86	30	0	1	86	1	86	7.95e-38	127
tr|A0A1K3H6J5|Release	GCF_000240185.1_YP_005225236.1	63.953	88	86	98	86	31	0	1	86	1	86	8.48e-38	127
tr|A0A1K3H6J5|Release	GCF_900638065.1_WP_048212636.1	65.116	88	86	98	86	30	0	1	86	1	86	9.25e-38	127
tr|A0A1K3H6J5|Release	GCF_001277175.1_WP_007760020.1	60.465	88	86	98	86	34	0	1	86	1	86	9.78e-38	127
tr|A0A1K3H6J5|Release	GCF_002393445.1_WP_061273728.1	61.176	88	86	97	85	33	0	1	85	1	85	1.06e-37	126
tr|A0A1K3H6J5|Release	GCF_018139045.1_WP_004129134.1	62.791	88	86	98	86	32	0	1	86	1	86	1.12e-37	126
tr|A0A1K3H6J5|Release	GCF_001277195.1_WP_032966924.1	62.791	88	86	98	86	32	0	1	86	1	86	1.29e-37	126
tr|A0A1K3H6J5|Release	GCF_003812925.1_WP_004107903.1	62.791	88	86	98	86	32	0	1	86	1	86	1.42e-37	126
tr|A0A1K3H6J5|Release	GCF_000834395.1_WP_042546713.1	67.442	88	86	98	86	28	0	1	86	1	86	1.54e-37	126
tr|A0A1K3H6J5|Release	GCF_015139575.1_WP_004098776.1	63.953	88	86	98	86	31	0	1	86	1	86	1.64e-37	126
tr|A0A1K3H6J5|Release	GCF_001277215.2_WP_007776988.1	60.465	88	86	98	86	34	0	1	86	1	86	1.78e-37	126
tr|A0A1K3H6J5|Release	GCF_006711645.1_WP_100682484.1	65.116	88	86	98	86	30	0	1	86	1	86	2.11e-37	126
tr|A0A1K3H6J5|Release	GCF_009648935.1_WP_047417117.1	63.953	88	86	98	86	31	0	1	86	1	86	2.15e-37	126
tr|A0A1K3H6J5|Release	GCF_022637595.1_WP_004858152.1	65.116	88	86	98	86	30	0	1	86	1	86	2.81e-37	125
tr|A0A1K3H6J5|Release	GCF_900635955.1_WP_126357486.1	61.176	88	86	97	85	33	0	1	85	1	85	2.91e-37	125
tr|A0A1K3H6J5|Release	GCF_004124235.1_WP_025377303.1	67.442	88	86	98	86	28	0	1	86	1	86	2.91e-37	125
tr|A0A1K3H6J5|Release	GCF_012029655.1_WP_041144145.1	63.953	88	86	98	86	31	0	1	86	1	86	3.27e-37	125
tr|A0A1K3H6J5|Release	GCF_003935895.2_WP_110510858.1	65.882	88	86	97	85	29	0	1	85	1	85	3.27e-37	125
tr|A0A1K3H6J5|Release	GCF_024224615.1_WP_125293588.1	62.353	88	86	97	85	32	0	1	85	1	85	3.87e-37	125
tr|A0A1K3H6J5|Release	GCF_000222975.1_WP_002218374.1	67.442	88	86	98	86	28	0	1	86	1	86	4.32e-37	125
tr|A0A1K3H6J5|Release	GCF_000439255.1_WP_000062328.1	62.791	88	86	98	86	32	0	1	86	1	86	4.57e-37	125
tr|A0A1K3H6J5|Release	GCF_013282725.1_WP_032813813.1	67.442	88	86	98	86	28	0	1	86	1	86	4.95e-37	125
tr|A0A1K3H6J5|Release	GCF_013234275.1_WP_172895488.1	60.465	88	86	98	86	34	0	1	86	1	86	5.19e-37	125
tr|A0A1K3H6J5|Release	GCF_000834455.1_WP_032817050.1	67.442	88	86	98	86	28	0	1	86	1	86	5.58e-37	125
tr|A0A1K3H6J5|Release	GCF_011068345.1_WP_002436992.1	61.176	88	86	97	85	33	0	1	85	1	85	6.08e-37	125
tr|A0A1K3H6J5|Release	GCF_000018045.1_WP_024130681.1	62.791	88	86	98	86	32	0	1	86	1	86	6.18e-37	125
tr|A0A1K3H6J5|Release	GCF_025133195.1_WP_032910235.1	65.116	88	86	98	86	30	0	1	86	1	86	6.38e-37	124
tr|A0A1K3H6J5|Release	GCF_021276285.1_WP_095923198.1	67.857	88	86	95	84	27	0	1	84	1	84	7.19e-37	124
tr|A0A1K3H6J5|Release	GCF_000005845.2_NP_414731.2	65.476	88	84	95	84	29	0	3	86	1	84	7.94e-37	124
tr|A0A1K3H6J5|Release	GCF_000520015.2_WP_024910172.1	57.471	88	87	99	87	37	0	1	87	1	87	8.65e-37	124
tr|A0A1K3H6J5|Release	GCF_002163605.1_WP_157665988.1	66.279	88	86	98	86	29	0	1	86	1	86	9.20e-37	124
tr|A0A1K3H6J5|Release	GCF_000517425.1_WP_025421126.1	57.143	88	86	95	84	36	0	1	84	1	84	9.65e-37	124
tr|A0A1K3H6J5|Release	GCF_002953195.1_WP_038628016.1	57.471	88	87	99	87	37	0	1	87	1	87	9.83e-37	124
tr|A0A1K3H6J5|Release	GCF_000010085.1_WP_011411656.1	57.143	88	86	95	84	36	0	1	84	1	84	1.03e-36	124
tr|A0A1K3H6J5|Release	GCF_025758125.1_WP_023480196.1	65.116	88	86	98	86	30	0	1	86	1	86	1.12e-36	124
tr|A0A1K3H6J5|Release	GCF_002101395.1_WP_085067900.1	57.471	88	87	99	87	37	0	1	87	1	87	1.28e-36	124
tr|A0A1K3H6J5|Release	GCF_005484945.1_WP_137712817.1	61.628	88	86	98	86	33	0	1	86	1	86	1.30e-36	124
tr|A0A1K3H6J5|Release	GCF_009914055.1_WP_160619715.1	58.621	88	87	99	87	36	0	1	87	1	87	1.39e-36	123
tr|A0A1K3H6J5|Release	GCF_000006945.2_NP_459242.1	62.791	88	86	98	86	32	0	1	86	1	86	1.62e-36	123
tr|A0A1K3H6J5|Release	GCF_022637475.1_WP_013574214.1	66.667	88	86	95	84	28	0	1	84	1	84	1.79e-36	123
tr|A0A1K3H6J5|Release	GCF_017498685.1_WP_038245151.1	66.279	88	86	98	86	29	0	1	86	1	86	2.05e-36	123
tr|A0A1K3H6J5|Release	GCF_900095885.1_WP_035340381.1	58.140	88	86	98	86	36	0	1	86	1	86	2.10e-36	123
tr|A0A1K3H6J5|Release	GCF_012427845.1_WP_012773648.1	60.465	88	86	98	86	34	0	1	86	1	86	2.26e-36	123
tr|A0A1K3H6J5|Release	GCF_009730055.1_WP_032906500.1	67.442	88	86	98	86	28	0	1	86	1	86	2.28e-36	123
tr|A0A1K3H6J5|Release	GCF_016026735.1_WP_015673540.1	55.172	88	87	99	87	39	0	1	87	1	87	2.39e-36	123
tr|A0A1K3H6J5|Release	GCF_001642805.2_WP_004931991.1	57.471	88	87	99	87	37	0	1	87	1	87	2.94e-36	123
tr|A0A1K3H6J5|Release	GCF_023517775.1_WP_249893541.1	59.770	88	87	99	87	35	0	1	87	1	87	3.16e-36	123
tr|A0A1K3H6J5|Release	GCF_002288545.1_WP_029367608.1	60.465	88	86	98	86	34	0	1	86	1	86	3.39e-36	123
tr|A0A1K3H6J5|Release	GCF_021462285.1_WP_234585968.1	57.471	88	87	99	87	37	0	1	87	1	87	3.79e-36	122
tr|A0A1K3H6J5|Release	GCF_015999465.1_WP_085688159.1	57.647	88	86	97	85	36	0	1	85	1	85	3.97e-36	122
tr|A0A1K3H6J5|Release	GCF_003515985.1_WP_085653101.1	58.824	88	86	97	85	35	0	1	85	1	85	4.44e-36	122
tr|A0A1K3H6J5|Release	GCF_019797845.1_WP_222158377.1	62.791	88	86	98	86	32	0	1	86	1	86	4.58e-36	122
tr|A0A1K3H6J5|Release	GCF_900187015.1_WP_061796701.1	57.471	88	87	99	87	37	0	1	87	1	87	4.89e-36	122
tr|A0A1K3H6J5|Release	GCF_009817885.1_WP_105232289.1	57.471	88	87	99	87	37	0	1	87	1	87	4.89e-36	122
tr|A0A1K3H6J5|Release	GCF_000233595.1_WP_013024706.1	57.647	88	86	97	85	36	0	1	85	1	85	5.86e-36	122
tr|A0A1K3H6J5|Release	GCF_000025065.1_WP_012883679.1	60.000	88	86	97	85	34	0	1	85	1	85	7.38e-36	122
tr|A0A1K3H6J5|Release	GCF_009873295.1_WP_039312412.1	60.465	88	86	98	86	34	0	1	86	1	86	8.93e-36	121
tr|A0A1K3H6J5|Release	GCF_017569925.1_WP_208228065.1	59.302	88	86	98	86	35	0	1	86	1	86	9.44e-36	121
tr|A0A1K3H6J5|Release	GCF_000262305.1_WP_002441069.1	58.140	88	86	98	86	36	0	1	86	1	86	1.25e-35	121
tr|A0A1K3H6J5|Release	GCF_003019925.1_WP_162185254.1	65.476	88	86	95	84	29	0	1	84	1	84	1.33e-35	121
tr|A0A1K3H6J5|Release	GCF_000023545.1_WP_015854637.1	59.302	88	86	98	86	35	0	1	86	1	86	1.56e-35	121
tr|A0A1K3H6J5|Release	GCF_000023565.1_WP_012770818.1	58.824	88	86	97	85	35	0	1	85	1	85	1.62e-35	121
tr|A0A1K3H6J5|Release	GCF_020181655.1_WP_225087160.1	61.628	88	86	98	86	33	0	1	86	1	86	1.63e-35	121
tr|A0A1K3H6J5|Release	GCF_000740965.1_WP_011092648.1	59.302	88	86	98	86	35	0	1	86	1	86	1.90e-35	121
tr|A0A1K3H6J5|Release	GCF_009931295.1_WP_161528353.1	60.465	88	86	98	86	34	0	1	86	1	86	1.91e-35	121
tr|A0A1K3H6J5|Release	GCF_011044475.1_WP_033740322.1	57.647	88	86	97	85	36	0	1	85	1	85	2.16e-35	121
tr|A0A1K3H6J5|Release	GCF_007858975.2_WP_042869176.1	61.176	88	86	97	85	33	0	1	85	1	85	2.53e-35	120
tr|A0A1K3H6J5|Release	GCF_002291445.1_WP_048635886.1	59.302	88	86	98	86	35	0	1	86	1	86	2.65e-35	120
tr|A0A1K3H6J5|Release	GCF_001010285.1_WP_046974061.1	65.909	88	88	100	88	30	0	1	88	1	88	2.67e-35	120
tr|A0A1K3H6J5|Release	GCF_020079945.1_WP_039382769.1	59.770	88	87	99	87	35	0	1	87	1	87	2.70e-35	120
tr|A0A1K3H6J5|Release	GCF_000026185.1_WP_012440659.1	52.874	88	87	99	87	41	0	1	87	1	87	3.19e-35	120
tr|A0A1K3H6J5|Release	GCF_000264765.2_WP_034163237.1	63.953	88	86	98	86	31	0	1	86	1	86	3.48e-35	120
tr|A0A1K3H6J5|Release	GCF_022647505.1_WP_128179458.1	57.471	88	87	99	87	37	0	1	87	1	87	4.79e-35	120
tr|A0A1K3H6J5|Release	GCF_001742185.1_WP_005975933.1	59.302	88	86	98	86	35	0	1	86	1	86	4.97e-35	120
tr|A0A1K3H6J5|Release	GCF_005484965.1_WP_009114129.1	62.791	88	86	98	86	32	0	1	86	1	86	5.69e-35	120
tr|A0A1K3H6J5|Release	GCF_019090985.1_WP_036781226.1	63.636	88	88	100	88	32	0	1	88	1	88	6.24e-35	120
tr|A0A1K3H6J5|Release	GCF_000196615.1_WP_013200864.1	57.471	88	87	99	87	37	0	1	87	1	87	7.12e-35	119
tr|A0A1K3H6J5|Release	GCF_011617105.1_WP_025800203.1	65.116	88	86	98	86	30	0	1	86	1	86	9.38e-35	119
tr|A0A1K3H6J5|Release	GCF_002291425.1_WP_095847471.1	58.621	88	87	99	87	36	0	1	87	1	87	9.56e-35	119
tr|A0A1K3H6J5|Release	GCF_003992745.1_WP_014700896.1	58.140	88	86	98	86	36	0	1	86	1	86	1.07e-34	119
tr|A0A1K3H6J5|Release	GCF_002812485.1_WP_038661467.1	60.000	88	86	97	85	34	0	1	85	1	85	1.36e-34	118
tr|A0A1K3H6J5|Release	GCF_019890955.1_WP_211725887.1	57.471	88	87	99	87	37	0	1	87	1	87	1.56e-34	118
tr|A0A1K3H6J5|Release	GCF_020150375.1_WP_004094310.1	63.953	88	86	98	86	31	0	1	86	1	86	2.09e-34	118
tr|A0A1K3H6J5|Release	GCF_000147055.1_WP_022632468.1	58.824	88	86	97	85	35	0	1	85	1	85	2.27e-34	118
tr|A0A1K3H6J5|Release	GCF_021733145.1_WP_012847629.1	63.095	88	86	95	84	31	0	1	84	1	84	3.19e-34	118
tr|A0A1K3H6J5|Release	GCF_000196155.1_WP_011145066.1	61.364	88	88	100	88	34	0	1	88	1	88	3.70e-34	118
tr|A0A1K3H6J5|Release	GCF_000196475.1_WP_012776850.1	64.773	88	88	100	88	31	0	1	88	1	88	3.85e-34	117
tr|A0A1K3H6J5|Release	GCF_004792415.1_WP_013356856.1	55.952	88	86	95	84	37	0	1	84	1	84	4.02e-34	117
tr|A0A1K3H6J5|Release	GCF_003403135.1_WP_024104894.1	60.000	88	86	97	85	34	0	1	85	1	85	4.02e-34	117
tr|A0A1K3H6J5|Release	GCF_902387845.1_WP_004237241.1	100.000	88	88	100	88	0	0	1	88	1	88	4.41e-34	117
tr|A0A1K3H6J5|Release	GCF_017348915.1_WP_040077077.1	67.442	88	86	98	86	28	0	1	86	1	86	1.06e-33	116
tr|A0A1K3H6J5|Release	GCF_020683125.1_WP_133842177.1	57.955	88	88	99	88	36	1	1	87	1	88	1.73e-33	116
tr|A0A1K3H6J5|Release	GCF_000091565.1_WP_004159420.1	52.874	88	87	99	87	41	0	1	87	1	87	1.90e-33	116
tr|A0A1K3H6J5|Release	GCF_025946765.1_WP_264497926.1	56.977	88	86	98	86	37	0	1	86	1	86	2.10e-33	116
tr|A0A1K3H6J5|Release	GCF_020268605.1_WP_180560445.1	62.500	88	88	100	88	33	0	1	88	1	88	2.23e-33	115
tr|A0A1K3H6J5|Release	GCF_019844095.1_WP_062747070.1	56.818	88	88	99	88	37	1	1	87	1	88	2.41e-33	115
tr|A0A1K3H6J5|Release	GCF_020541225.1_WP_226811316.1	54.762	88	86	95	84	38	0	1	84	1	84	2.66e-33	115
tr|A0A1K3H6J5|Release	GCF_019048385.1_WP_062759648.1	55.952	88	86	95	84	37	0	1	84	1	84	3.25e-33	115
tr|A0A1K3H6J5|Release	GCF_009646115.1_WP_008925644.1	55.952	88	86	95	84	37	0	1	84	1	84	4.46e-33	115
tr|A0A1K3H6J5|Release	GCF_022592395.1_WP_047255099.1	60.465	88	87	98	86	34	0	1	86	1	86	4.88e-33	114
tr|A0A1K3H6J5|Release	GCF_019047765.1_WP_040230035.1	66.279	88	86	98	86	29	0	1	86	1	86	5.19e-33	114
tr|A0A1K3H6J5|Release	GCF_004768525.1_WP_026822068.1	63.636	88	88	100	88	32	0	1	88	1	88	5.22e-33	114
tr|A0A1K3H6J5|Release	GCF_900638135.1_WP_012146468.1	52.874	88	87	99	87	41	0	1	87	1	87	6.15e-33	114
tr|A0A1K3H6J5|Release	GCF_020342335.1_WP_067428135.1	52.874	88	87	99	87	41	0	1	87	1	87	6.55e-33	114
tr|A0A1K3H6J5|Release	GCF_000261045.2_WP_006318653.1	54.023	88	87	99	87	40	0	1	87	1	87	8.06e-33	114
tr|A0A1K3H6J5|Release	GCF_003204135.1_WP_004908806.1	59.302	88	87	98	86	35	0	1	86	1	86	1.01e-32	114
tr|A0A1K3H6J5|Release	GCF_021365465.1_WP_016190321.1	57.471	88	87	99	87	37	0	1	87	1	87	1.27e-32	114
tr|A0A1K3H6J5|Release	GCF_900475855.1_WP_068441311.1	59.302	88	87	98	86	35	0	1	86	1	86	1.69e-32	113
tr|A0A1K3H6J5|Release	GCF_009831665.3_WP_006709226.1	49.425	88	87	99	87	44	0	1	87	1	87	1.76e-32	113
tr|A0A1K3H6J5|Release	GCF_022647325.1_WP_111140597.1	54.762	88	86	95	84	38	0	1	84	1	84	1.78e-32	113
tr|A0A1K3H6J5|Release	GCF_017743015.1_WP_209027287.1	62.069	88	88	99	87	33	0	1	87	1	87	2.52e-32	113
tr|A0A1K3H6J5|Release	GCF_013460135.1_WP_180816665.1	62.500	88	88	100	88	33	0	1	88	1	88	2.79e-32	113
tr|A0A1K3H6J5|Release	GCF_002843235.3_WP_102139922.1	59.302	88	87	98	86	35	0	1	86	1	86	2.94e-32	112
tr|A0A1K3H6J5|Release	GCF_029277985.1_WP_154623766.1	59.302	88	87	98	86	35	0	1	86	1	86	3.16e-32	112
tr|A0A1K3H6J5|Release	GCF_002504285.1_WP_005282992.1	62.791	88	86	98	86	32	0	1	86	1	86	4.10e-32	112
tr|A0A1K3H6J5|Release	GCF_002393505.1_WP_006658392.1	59.302	88	87	98	86	35	0	1	86	1	86	4.85e-32	112
tr|A0A1K3H6J5|Release	GCF_000214235.1_WP_004952197.1	54.118	88	85	97	85	39	0	3	87	1	85	5.32e-32	112
tr|A0A1K3H6J5|Release	GCF_000968195.1_WP_045972480.1	59.770	88	87	98	87	34	1	1	86	1	87	5.47e-32	112
tr|A0A1K3H6J5|Release	GCF_000517405.1_WP_038469034.1	56.250	88	83	91	80	35	0	5	84	2	81	6.94e-32	112
tr|A0A1K3H6J5|Release	GCF_002952315.1_WP_012667243.1	49.425	88	87	99	87	44	0	1	87	1	87	7.45e-32	112
tr|A0A1K3H6J5|Release	GCF_001006005.1_WP_223499701.1	52.941	88	85	97	85	40	0	3	87	1	85	9.96e-32	111
tr|A0A1K3H6J5|Release	GCF_001721185.1_WP_069317984.1	63.218	88	87	99	87	32	0	1	87	1	87	1.06e-31	111
tr|A0A1K3H6J5|Release	GCF_011045835.1_WP_075671674.1	57.831	88	86	94	83	35	0	1	83	1	83	1.11e-31	111
tr|A0A1K3H6J5|Release	GCF_000069965.1_WP_004245453.1	57.831	88	86	94	83	35	0	1	83	1	83	1.14e-31	111
tr|A0A1K3H6J5|Release	GCF_016026395.1_WP_024524235.1	61.628	88	86	98	86	33	0	1	86	1	86	1.47e-31	111
tr|A0A1K3H6J5|Release	GCF_008364325.2_WP_230090436.1	55.294	88	85	97	85	38	0	3	87	1	85	1.66e-31	111
tr|A0A1K3H6J5|Release	GCF_022369495.1_WP_072064250.1	56.627	88	86	94	83	36	0	1	83	1	83	2.47e-31	110
tr|A0A1K3H6J5|Release	GCF_004295645.1_WP_228350951.1	62.500	88	88	99	88	32	1	1	87	1	88	2.54e-31	110
tr|A0A1K3H6J5|Release	GCF_900478135.1_WP_111739359.1	63.636	88	88	99	88	31	1	1	87	1	88	3.30e-31	110
tr|A0A1K3H6J5|Release	GCF_003096015.2_WP_230514010.1	62.500	88	88	99	88	32	1	1	87	1	88	7.37e-31	109
tr|A0A1K3H6J5|Release	GCF_000968175.1_WP_045959360.1	59.091	88	88	99	88	35	1	1	87	1	88	7.67e-31	109
tr|A0A1K3H6J5|Release	GCF_003812345.1_WP_121571778.1	32.184	88	94	98	87	58	1	1	86	1	87	8.57e-31	109
tr|A0A1K3H6J5|Release	GCF_900638655.1_WP_047781753.1	60.227	88	88	99	88	34	1	1	87	1	88	1.68e-30	108
tr|A0A1K3H6J5|Release	GCF_014295015.1_WP_013185414.1	62.069	88	87	98	87	32	1	1	86	1	87	2.27e-30	108
tr|A0A1K3H6J5|Release	GCF_008693605.1_WP_223849061.1	31.395	88	95	97	86	58	1	1	85	2	87	3.80e-30	107
tr|A0A1K3H6J5|Release	GCF_004353845.1_WP_103770713.1	32.184	88	93	98	87	58	1	1	86	1	87	4.02e-30	107
tr|A0A1K3H6J5|Release	GCF_003074995.2_WP_015870269.1	59.036	88	86	94	83	34	0	1	83	1	83	4.56e-30	107
tr|A0A1K3H6J5|Release	GCF_004116975.1_WP_064720954.1	60.241	88	86	94	83	33	0	1	83	1	83	6.63e-30	107
tr|A0A1K3H6J5|Release	GCF_005671395.1_WP_138095872.1	60.256	88	86	89	78	31	0	1	78	1	78	8.68e-30	106
tr|A0A1K3H6J5|Release	GCF_002355475.1_WP_004421315.1	35.802	88	91	91	81	51	1	3	82	1	81	3.06e-29	105
tr|A0A1K3H6J5|Release	GCF_013200955.2_WP_173204463.1	33.333	88	91	91	81	53	1	3	82	1	81	5.96e-29	104
tr|A0A1K3H6J5|Release	GCF_001597285.1_WP_061903727.1	37.179	88	92	88	78	48	1	6	82	3	80	6.78e-29	104
tr|A0A1K3H6J5|Release	GCF_008693645.1_WP_137347870.1	32.184	88	89	98	87	58	1	1	86	1	87	8.55e-29	104
tr|A0A1K3H6J5|Release	GCF_008807375.1_WP_151138908.1	33.333	88	91	91	81	53	1	3	82	1	81	1.14e-27	101
tr|A0A1K3H6J5|Release	GCF_004684345.1_WP_135321947.1	32.558	88	93	97	86	57	1	1	85	1	86	1.87e-27	100
tr|A0A1K3H6J5|Release	GCF_000733715.2_WP_017362912.1	32.911	88	90	89	79	52	1	5	82	2	80	2.01e-27	100
tr|A0A1K3H6J5|Release	GCF_024205225.1_WP_195881696.1	31.646	88	90	89	79	53	1	5	82	2	80	2.33e-27	100
tr|A0A1K3H6J5|Release	GCF_017329545.1_WP_047884589.1	27.586	88	95	98	87	62	1	3	88	1	87	2.71e-27	100
tr|A0A1K3H6J5|Release	GCF_000297075.2_WP_003461742.1	32.911	88	90	89	79	52	1	5	82	2	80	3.13e-27	100
tr|A0A1K3H6J5|Release	GCF_013409125.2_WP_099525265.1	32.911	88	90	89	79	52	1	5	82	2	80	6.61e-27	99.5
tr|A0A1K3H6J5|Release	GCF_019047765.1_WP_040231149.1	27.907	88	89	97	86	61	1	1	85	1	86	1.14e-26	98.9
tr|A0A1K3H6J5|Release	GCF_021029445.1_WP_230924827.1	30.769	88	89	89	78	54	0	5	82	2	79	1.67e-26	98.3
tr|A0A1K3H6J5|Release	GCF_013423785.1_WP_180308358.1	34.146	88	88	93	82	54	0	1	82	1	82	1.76e-26	98.3
tr|A0A1K3H6J5|Release	GCF_900682675.2_WP_069898892.1	35.443	88	94	89	79	50	1	5	82	2	80	1.95e-26	98.3
tr|A0A1K3H6J5|Release	GCF_011397855.1_WP_044414183.1	34.177	88	90	89	79	51	1	5	82	2	80	2.61e-26	98.1
tr|A0A1K3H6J5|Release	GCF_017167985.1_WP_093053415.1	32.911	88	92	89	79	52	1	5	82	2	80	2.62e-26	98.1
tr|A0A1K3H6J5|Release	GCF_025402875.1_WP_011791024.1	29.114	88	90	89	79	55	1	5	82	2	80	2.92e-26	97.8
tr|A0A1K3H6J5|Release	GCF_001708425.1_WP_055136127.1	34.177	88	94	89	79	51	1	5	82	2	80	3.30e-26	97.8
tr|A0A1K3H6J5|Release	GCF_017167985.1_WP_079784061.1	34.177	88	90	89	79	51	1	5	82	2	80	5.34e-26	97.2
tr|A0A1K3H6J5|Release	GCF_001594225.2_WP_064379396.1	34.177	88	92	89	79	51	1	5	82	2	80	6.34e-26	96.9
tr|A0A1K3H6J5|Release	GCF_012767755.2_WP_173176508.1	32.911	88	91	89	79	49	2	5	82	2	77	6.74e-26	96.9
tr|A0A1K3H6J5|Release	GCF_017915135.1_WP_210390879.1	32.911	88	90	89	79	52	1	5	82	2	80	9.46e-26	96.7
tr|A0A1K3H6J5|Release	GCF_000178875.2_WP_012197738.1	32.911	88	90	89	79	52	1	5	82	2	80	1.52e-25	96.1
tr|A0A1K3H6J5|Release	GCF_002355475.1_WP_003455993.1	29.870	88	90	86	77	53	1	7	82	2	78	1.90e-25	95.8
tr|A0A1K3H6J5|Release	GCF_008033135.1_WP_148717358.1	28.205	88	87	89	78	56	0	5	82	2	79	3.71e-25	95.0
tr|A0A1K3H6J5|Release	GCF_024971755.1_WP_259474826.1	32.911	88	88	89	79	52	1	5	82	2	80	3.81e-25	95.0
tr|A0A1K3H6J5|Release	GCF_020991025.1_WP_152109250.1	39.759	88	83	93	83	49	1	3	84	1	83	6.91e-25	94.1
tr|A0A1K3H6J5|Release	GCF_003957745.1_WP_126168493.1	34.177	88	87	89	79	51	1	5	82	2	80	8.49e-25	94.1
tr|A0A1K3H6J5|Release	GCF_016834455.1_WP_203325205.1	32.911	88	86	89	79	52	1	5	82	2	80	9.47e-25	93.8
tr|A0A1K3H6J5|Release	GCF_008807375.1_WP_151133519.1	27.273	88	90	86	77	55	1	7	82	2	78	1.19e-24	93.8
tr|A0A1K3H6J5|Release	GCF_000015245.1_WP_011761423.1	32.911	88	86	89	79	52	1	5	82	2	80	3.62e-24	92.4
tr|A0A1K3H6J5|Release	GCF_012767755.2_WP_173171843.1	29.114	88	90	89	79	55	1	5	82	2	80	3.68e-24	92.4
tr|A0A1K3H6J5|Release	GCF_024346675.1_WP_048897676.1	22.619	88	86	94	84	64	1	3	85	1	84	4.42e-24	92.2
tr|A0A1K3H6J5|Release	GCF_014524625.1_WP_009050814.1	24.051	88	92	89	79	59	1	5	82	2	80	5.82e-24	91.9
tr|A0A1K3H6J5|Release	GCF_017354925.1_WP_207321174.1	32.911	88	87	89	79	52	1	5	82	2	80	1.21e-23	91.0
tr|A0A1K3H6J5|Release	GCF_019670705.1_WP_100146025.1	34.177	88	92	89	79	51	1	5	82	2	80	2.09e-23	90.5
tr|A0A1K3H6J5|Release	GCF_009730655.1_WP_156020461.1	34.177	88	92	89	79	51	1	5	82	2	80	2.23e-23	90.5
tr|A0A1K3H6J5|Release	GCF_017354965.1_WP_207380278.1	32.911	88	87	89	79	52	1	5	82	2	80	2.71e-23	90.2
tr|A0A1K3H6J5|Release	GCF_029457395.1_WP_024766443.1	30.120	88	92	89	83	53	1	5	82	2	84	4.24e-23	89.9
tr|A0A1K3H6J5|Release	GCF_006742785.1_WP_172630283.1	22.785	88	88	89	79	60	1	8	85	3	81	7.39e-23	89.1
tr|A0A1K3H6J5|Release	GCF_003025345.2_WP_003155955.1	31.034	88	91	92	87	54	1	5	85	2	88	1.78e-22	88.2
tr|A0A1K3H6J5|Release	GCF_002215585.1_WP_088903590.1	31.169	88	89	88	77	53	0	6	82	3	79	3.92e-22	87.4
tr|A0A1K3H6J5|Release	GCF_012971725.1_WP_169940133.1	30.120	88	92	89	83	53	1	5	82	2	84	8.87e-22	86.5
tr|A0A1K3H6J5|Release	GCF_001007935.1_WP_046849946.1	20.253	88	84	89	79	62	1	8	85	4	82	1.43e-21	85.7
tr|A0A1K3H6J5|Release	GCF_000014885.1_WP_020912292.1	31.646	88	87	89	79	53	1	5	82	2	80	2.30e-21	85.4
tr|A0A1K3H6J5|Release	GCF_000009145.1_WP_041356315.1	23.377	88	90	86	77	58	1	10	85	6	82	2.58e-21	85.1
tr|A0A1K3H6J5|Release	GCF_002005305.1_WP_077753428.1	29.114	88	86	89	79	55	1	5	82	2	80	2.67e-21	85.1
tr|A0A1K3H6J5|Release	GCF_009938225.1_WP_075649723.1	26.923	88	82	88	78	56	1	9	85	1	78	5.96e-21	84.0
tr|A0A1K3H6J5|Release	GCF_002204915.1_WP_052690899.1	23.684	88	101	85	76	57	1	9	83	20	95	6.24e-21	84.6
tr|A0A1K3H6J5|Release	GCF_020405345.1_WP_017780573.1	30.000	88	89	80	70	46	1	5	74	2	68	7.71e-21	84.0
tr|A0A1K3H6J5|Release	GCF_000968535.2_WP_014147785.1	29.114	88	84	89	79	54	2	8	85	4	81	8.27e-21	83.7
tr|A0A1K3H6J5|Release	GCF_000214665.1_WP_013819542.1	23.377	88	83	86	77	57	2	10	85	6	81	8.95e-21	83.7
tr|A0A1K3H6J5|Release	GCF_016026875.1_WP_045525981.1	30.435	88	89	78	69	45	1	5	73	2	67	9.18e-21	83.7
tr|A0A1K3H6J5|Release	GCF_004358345.1_WP_121852852.1	34.286	88	76	78	70	45	1	3	71	1	70	9.69e-21	83.4
tr|A0A1K3H6J5|Release	GCF_003584645.1_WP_197716612.1	25.610	88	80	89	82	54	2	3	80	1	79	1.20e-20	83.4
tr|A0A1K3H6J5|Release	GCF_019669905.1_WP_054759186.1	25.316	88	79	89	79	54	2	8	85	3	77	1.33e-20	83.2
tr|A0A1K3H6J5|Release	GCF_000146165.2_WP_164925808.1	32.500	88	89	89	80	52	2	5	82	2	81	1.35e-20	83.4
tr|A0A1K3H6J5|Release	GCF_001677435.1_WP_068615618.1	29.870	88	90	85	77	51	3	3	77	1	76	1.54e-20	83.2
tr|A0A1K3H6J5|Release	GCF_003966655.1_WP_113527441.1	22.535	88	77	81	71	55	0	3	73	1	71	2.25e-20	82.6
tr|A0A1K3H6J5|Release	GCF_001596155.1_WP_068342236.1	25.974	88	90	83	77	50	3	3	75	1	74	2.67e-20	82.6
tr|A0A1K3H6J5|Release	GCF_006337165.1_WP_139515111.1	32.099	88	82	86	81	47	2	3	78	1	78	2.87e-20	82.3
tr|A0A1K3H6J5|Release	GCF_013462805.1_WP_009566961.1	22.535	88	77	81	71	55	0	3	73	1	71	3.19e-20	82.3
tr|A0A1K3H6J5|Release	GCF_000016065.1_WP_011864074.1	29.114	88	93	89	79	54	2	5	82	2	79	3.38e-20	82.3
tr|A0A1K3H6J5|Release	GCF_024347355.1_WP_105024956.1	24.051	88	83	89	79	59	1	9	86	1	79	3.56e-20	82.3
tr|A0A1K3H6J5|Release	GCF_020149575.1_WP_224431657.1	30.435	88	85	78	69	45	1	6	74	3	68	3.63e-20	82.3
tr|A0A1K3H6J5|Release	GCF_009938185.1_WP_162048373.1	25.000	88	82	85	76	56	1	9	83	1	76	3.67e-20	82.0
tr|A0A1K3H6J5|Release	GCF_014905115.1_WP_193151849.1	29.114	88	81	89	79	55	1	9	86	1	79	3.70e-20	82.0
tr|A0A1K3H6J5|Release	GCF_000801295.1_WP_171816254.1	30.380	88	99	86	79	52	1	1	76	1	79	3.86e-20	82.3
tr|A0A1K3H6J5|Release	GCF_022371215.1_WP_239718047.1	24.051	88	83	89	79	59	1	9	86	1	79	4.31e-20	82.0
tr|A0A1K3H6J5|Release	GCF_020423125.1_WP_226170850.1	28.986	88	84	78	69	46	1	6	74	3	68	5.66e-20	81.7
tr|A0A1K3H6J5|Release	GCF_024347475.1_WP_239840920.1	24.000	88	83	84	75	56	1	9	82	1	75	6.07e-20	81.5
tr|A0A1K3H6J5|Release	GCF_001020955.1_WP_047250467.1	29.630	88	82	88	81	53	2	1	77	1	81	6.11e-20	81.5
tr|A0A1K3H6J5|Release	GCF_008329985.2_WP_149283950.1	27.632	88	81	85	76	54	1	9	83	1	76	6.45e-20	81.5
tr|A0A1K3H6J5|Release	GCF_024360925.2_WP_255188929.1	25.641	88	83	88	78	56	2	10	86	6	82	6.78e-20	81.5
tr|A0A1K3H6J5|Release	GCF_002407485.1_WP_096780111.1	26.923	88	81	88	78	56	1	9	85	1	78	8.38e-20	81.2
tr|A0A1K3H6J5|Release	GCF_000785705.2_WP_036272019.1	25.000	88	82	86	76	56	1	10	85	6	80	1.16e-19	80.9
tr|A0A1K3H6J5|Release	GCF_028355655.1_WP_087756847.1	32.727	88	84	63	55	37	0	6	60	3	57	1.18e-19	80.9
tr|A0A1K3H6J5|Release	GCF_027625995.1_WP_270126807.1	29.630	88	82	86	81	49	2	3	78	1	78	1.30e-19	80.6
tr|A0A1K3H6J5|Release	GCF_003258315.1_WP_111337788.1	25.316	88	88	89	79	58	1	8	85	4	82	1.55e-19	80.6
tr|A0A1K3H6J5|Release	GCF_001007875.1_WP_046858354.1	25.641	88	80	88	78	57	1	9	85	1	78	2.75e-19	79.8
tr|A0A1K3H6J5|Release	GCF_900637545.1_WP_042651794.1	31.429	88	84	80	70	45	1	5	74	2	68	3.46e-19	79.8
tr|A0A1K3H6J5|Release	GCF_009068765.1_WP_151900329.1	26.582	88	81	89	79	57	1	9	86	1	79	3.56e-19	79.5
tr|A0A1K3H6J5|Release	GCF_004001245.1_WP_127478562.1	30.864	88	85	86	81	51	2	1	76	1	81	3.58e-19	79.8
tr|A0A1K3H6J5|Release	GCF_019670125.1_WP_221076876.1	26.582	88	81	89	79	57	1	9	86	1	79	3.88e-19	79.5
tr|A0A1K3H6J5|Release	GCF_003515105.1_WP_036973086.1	38.028	88	73	80	71	43	1	6	75	2	72	4.49e-19	79.2
tr|A0A1K3H6J5|Release	GCF_000940995.1_WP_082060442.1	22.989	88	93	98	87	66	1	3	88	1	87	5.14e-19	79.5
tr|A0A1K3H6J5|Release	GCF_005931095.1_WP_017839868.1	26.582	88	84	89	79	56	2	8	85	4	81	5.70e-19	79.2
tr|A0A1K3H6J5|Release	GCF_016127195.1_WP_042032742.1	27.941	88	89	77	68	46	1	6	73	3	67	5.70e-19	79.2
tr|A0A1K3H6J5|Release	GCF_000576555.1_WP_044000633.1	31.250	88	83	85	80	47	2	4	78	3	79	7.52e-19	78.9
tr|A0A1K3H6J5|Release	GCF_019670105.1_WP_040307707.1	24.000	88	81	84	75	56	1	9	82	1	75	7.81e-19	78.7
tr|A0A1K3H6J5|Release	GCF_013283835.1_WP_071626507.1	24.675	88	83	84	77	52	2	3	76	1	74	7.89e-19	78.7
tr|A0A1K3H6J5|Release	GCF_004355185.1_WP_133271280.1	34.177	88	81	84	79	44	2	5	78	2	77	8.12e-19	78.7
tr|A0A1K3H6J5|Release	GCF_024494545.1_WP_256384876.1	23.077	88	81	88	78	59	1	9	85	1	78	8.93e-19	78.7
tr|A0A1K3H6J5|Release	GCF_008364325.2_WP_020826409.1	24.051	88	84	89	79	56	2	5	82	2	77	9.11e-19	78.7
tr|A0A1K3H6J5|Release	GCF_003574965.1_WP_119445661.1	30.864	88	82	86	81	48	2	3	78	1	78	1.18e-18	78.4
tr|A0A1K3H6J5|Release	GCF_000772105.1_WP_004748349.1	22.078	88	81	86	77	59	1	9	84	1	77	1.34e-18	78.1
tr|A0A1K3H6J5|Release	GCF_001558415.2_WP_061055374.1	24.359	88	83	88	78	58	1	9	85	1	78	1.56e-18	78.1
tr|A0A1K3H6J5|Release	GCF_008693705.1_WP_127008315.1	29.412	88	84	77	68	45	1	6	73	3	67	1.82e-18	77.8
tr|A0A1K3H6J5|Release	GCF_010093065.1_WP_238430213.1	27.059	88	83	91	85	54	3	1	80	2	83	1.84e-18	77.8
tr|A0A1K3H6J5|Release	GCF_003015165.1_WP_106887831.1	27.536	88	84	78	69	47	1	6	74	3	68	1.98e-18	77.8
tr|A0A1K3H6J5|Release	GCF_009938205.1_WP_075706454.1	28.750	88	82	85	80	52	2	9	83	1	80	2.06e-18	77.5
tr|A0A1K3H6J5|Release	GCF_013137895.1_WP_135435790.1	31.707	88	83	88	82	47	3	1	77	1	78	2.15e-18	77.5
tr|A0A1K3H6J5|Release	GCF_001558255.2_WP_005504861.1	25.610	88	82	91	82	59	2	9	88	1	82	2.66e-18	77.2
tr|A0A1K3H6J5|Release	GCF_022827545.1_WP_243798205.1	32.099	88	82	86	81	47	2	3	78	1	78	3.24e-18	77.2
tr|A0A1K3H6J5|Release	GCF_000019525.1_WP_012323084.1	26.923	88	81	88	78	56	1	9	85	1	78	3.31e-18	77.2
tr|A0A1K3H6J5|Release	GCF_000014765.1_WP_011633385.1	20.253	88	89	89	79	62	1	8	85	3	81	3.51e-18	77.2
tr|A0A1K3H6J5|Release	GCF_020844025.1_WP_215848879.1	22.535	88	77	81	71	55	0	3	73	1	71	3.81e-18	77.0
tr|A0A1K3H6J5|Release	GCF_009755585.1_WP_157030071.1	23.171	88	85	89	82	56	2	3	80	1	79	3.81e-18	77.0
tr|A0A1K3H6J5|Release	GCF_002214395.1_WP_010453422.1	20.988	88	81	91	81	63	1	9	88	1	81	3.85e-18	77.0
tr|A0A1K3H6J5|Release	GCF_009662475.1_WP_031573754.1	23.529	88	79	77	68	52	0	3	70	1	68	3.97e-18	77.0
tr|A0A1K3H6J5|Release	GCF_001507645.1_WP_068195976.1	27.273	88	90	83	77	49	2	3	75	1	74	4.03e-18	77.0
tr|A0A1K3H6J5|Release	GCF_014169735.1_WP_134997272.1	24.638	88	86	78	69	49	1	6	74	3	68	5.81e-18	76.7
tr|A0A1K3H6J5|Release	GCF_024347035.1_WP_102941394.1	25.316	88	81	89	79	58	1	9	86	1	79	6.20e-18	76.4
tr|A0A1K3H6J5|Release	GCF_003990335.1_WP_127025819.1	21.127	88	91	81	71	56	0	10	80	6	76	6.55e-18	76.7
tr|A0A1K3H6J5|Release	GCF_016026615.1_WP_197928313.1	27.941	88	89	77	68	46	1	6	73	3	67	9.26e-18	76.1
tr|A0A1K3H6J5|Release	GCF_022811645.1_WP_243511723.1	25.641	88	90	84	78	51	2	3	76	1	75	9.42e-18	76.1
tr|A0A1K3H6J5|Release	GCF_001455205.1_WP_062560013.1	25.974	88	84	86	77	55	2	10	85	6	81	1.00e-17	75.8
tr|A0A1K3H6J5|Release	GCF_024746855.1_WP_260492542.1	23.377	88	79	88	77	59	0	9	85	1	77	1.22e-17	75.6
tr|A0A1K3H6J5|Release	GCF_002849875.1_WP_232379112.1	27.059	88	113	92	85	58	1	6	86	28	112	1.22e-17	76.4
tr|A0A1K3H6J5|Release	GCF_008728635.1_WP_151087836.1	19.101	88	90	97	89	64	4	3	87	1	85	1.33e-17	75.8
tr|A0A1K3H6J5|Release	GCF_024347635.1_WP_139683960.1	22.785	88	83	89	79	60	1	9	86	1	79	1.41e-17	75.6
tr|A0A1K3H6J5|Release	GCF_024347495.1_WP_137371745.1	24.000	88	80	84	75	56	1	9	82	1	75	1.56e-17	75.3
tr|A0A1K3H6J5|Release	GCF_003967195.1_WP_172597571.1	30.000	88	83	85	80	51	2	3	77	2	81	1.59e-17	75.6
tr|A0A1K3H6J5|Release	GCF_001456255.1_WP_020335096.1	21.519	88	81	89	79	61	1	9	86	1	79	1.69e-17	75.3
tr|A0A1K3H6J5|Release	GCF_008369605.1_WP_000253074.1	26.316	88	81	85	76	55	1	9	83	1	76	1.83e-17	75.3
tr|A0A1K3H6J5|Release	GCF_024347595.1_WP_176681244.1	25.316	88	83	89	79	58	1	9	86	1	79	1.87e-17	75.3
tr|A0A1K3H6J5|Release	GCF_014879975.1_WP_192888672.1	22.785	88	83	89	79	60	1	9	86	1	79	2.16e-17	75.0
tr|A0A1K3H6J5|Release	GCF_001831495.1_WP_068547707.1	25.316	88	81	89	79	58	1	9	86	1	79	2.45e-17	75.0
tr|A0A1K3H6J5|Release	GCF_019797925.1_WP_193521737.1	27.027	88	80	84	74	54	0	9	82	1	74	2.49e-17	75.0
tr|A0A1K3H6J5|Release	GCF_000091465.1_WP_004733849.1	21.519	88	83	89	79	61	1	9	86	1	79	2.81e-17	74.7
tr|A0A1K3H6J5|Release	GCF_003149515.1_WP_109656005.1	23.377	88	90	83	77	52	2	3	75	1	74	2.93e-17	75.0
tr|A0A1K3H6J5|Release	GCF_004214795.1_WP_130234502.1	21.519	88	78	86	79	56	2	3	78	1	76	2.98e-17	74.7
tr|A0A1K3H6J5|Release	GCF_024347455.1_WP_135458404.1	21.519	88	83	89	79	61	1	9	86	1	79	3.07e-17	74.7
tr|A0A1K3H6J5|Release	GCF_001995825.2_WP_017057338.1	21.519	88	83	89	79	61	1	9	86	1	79	3.17e-17	74.7
tr|A0A1K3H6J5|Release	GCF_008632455.1_WP_150048082.1	23.077	88	84	88	78	58	2	9	85	5	81	3.35e-17	74.7
tr|A0A1K3H6J5|Release	GCF_004328865.1_WP_104643907.1	32.051	88	83	88	78	52	1	9	85	1	78	3.40e-17	74.7
tr|A0A1K3H6J5|Release	GCF_024347655.1_WP_060467732.1	21.519	88	83	89	79	61	1	9	86	1	79	4.32e-17	74.4
tr|A0A1K3H6J5|Release	GCF_013343005.1_WP_078482823.1	28.750	88	84	85	80	52	2	3	77	1	80	4.75e-17	74.2
tr|A0A1K3H6J5|Release	GCF_002762215.1_WP_085750011.1	26.667	88	87	81	75	48	3	4	74	3	74	5.17e-17	74.2
tr|A0A1K3H6J5|Release	GCF_013177675.1_WP_172128285.1	23.377	88	81	84	77	53	2	3	76	1	74	5.34e-17	74.2
tr|A0A1K3H6J5|Release	GCF_000021985.1_WP_012639500.1	32.432	88	82	78	74	45	2	3	71	1	74	5.47e-17	74.2
tr|A0A1K3H6J5|Release	GCF_000024005.1_WP_012793320.1	28.395	88	84	88	81	51	2	2	78	3	80	5.62e-17	74.2
tr|A0A1K3H6J5|Release	GCF_003668795.1_WP_054981706.1	30.769	88	83	88	78	53	1	9	85	1	78	5.84e-17	73.9
tr|A0A1K3H6J5|Release	GCF_002221525.1_WP_089349457.1	30.769	88	83	88	78	53	1	9	85	1	78	6.63e-17	73.9
tr|A0A1K3H6J5|Release	GCF_000212735.1_WP_013764159.1	26.923	88	83	84	78	50	2	1	74	1	75	6.79e-17	73.9
tr|A0A1K3H6J5|Release	GCF_900233005.1_WP_102521318.1	18.987	88	81	89	79	63	1	9	86	1	79	7.27e-17	73.6
tr|A0A1K3H6J5|Release	GCF_002906475.1_WP_012130247.1	21.519	88	81	89	79	61	1	9	86	1	79	7.27e-17	73.6
tr|A0A1K3H6J5|Release	GCF_019670485.1_WP_221071211.1	26.582	88	81	89	79	57	1	9	86	1	79	8.52e-17	73.6
tr|A0A1K3H6J5|Release	GCF_002157225.2_WP_086934278.1	26.027	88	80	83	73	54	0	10	82	5	77	8.65e-17	73.6
tr|A0A1K3H6J5|Release	GCF_005877035.1_WP_039486662.1	32.051	88	83	88	78	52	1	9	85	1	78	9.32e-17	73.6
tr|A0A1K3H6J5|Release	GCF_024582835.1_WP_257083279.1	20.513	88	87	88	78	61	1	9	85	1	78	9.75e-17	73.6
tr|A0A1K3H6J5|Release	GCF_024362845.1_WP_255230807.1	22.785	88	82	89	79	60	1	9	86	1	79	1.00e-16	73.3
tr|A0A1K3H6J5|Release	GCF_000238395.3_WP_010553578.1	30.769	88	83	88	78	53	1	9	85	1	78	1.03e-16	73.3
tr|A0A1K3H6J5|Release	GCF_002142475.1_WP_026148861.1	29.487	88	86	84	78	48	2	5	78	2	76	1.05e-16	73.3
tr|A0A1K3H6J5|Release	GCF_001651805.1_WP_067384150.1	33.803	88	78	75	71	42	3	7	72	4	74	1.11e-16	73.3
tr|A0A1K3H6J5|Release	GCF_000770115.1_WP_069687890.1	22.785	88	81	89	79	60	1	9	86	1	79	1.14e-16	73.3
tr|A0A1K3H6J5|Release	GCF_002021755.1_WP_005434844.1	22.785	88	81	89	79	60	1	9	86	1	79	1.20e-16	73.0
tr|A0A1K3H6J5|Release	GCF_010093065.1_WP_162331416.1	25.316	88	84	85	79	52	2	4	78	5	80	1.22e-16	73.3
tr|A0A1K3H6J5|Release	GCF_001999225.1_WP_077537996.1	26.582	88	82	89	79	57	1	9	86	1	79	1.28e-16	73.0
tr|A0A1K3H6J5|Release	GCF_003568825.1_WP_040644076.1	22.785	88	83	85	79	57	1	9	83	1	79	1.42e-16	73.0
tr|A0A1K3H6J5|Release	GCF_000148645.1_WP_013347076.1	30.263	88	80	85	76	52	1	12	86	3	78	2.04e-16	72.5
tr|A0A1K3H6J5|Release	GCF_000024825.1_WP_005460845.1	22.785	88	81	89	79	60	1	9	86	1	79	2.06e-16	72.5
tr|A0A1K3H6J5|Release	GCF_003346815.1_WP_114840342.1	24.051	88	82	86	79	54	2	3	78	1	76	2.23e-16	72.5
tr|A0A1K3H6J5|Release	GCF_007197555.1_WP_144048375.1	29.412	88	94	89	85	53	2	5	82	2	86	2.23e-16	72.7
tr|A0A1K3H6J5|Release	GCF_024347675.1_WP_261835500.1	29.630	88	81	86	81	52	2	9	84	1	81	2.30e-16	72.5
tr|A0A1K3H6J5|Release	GCF_019977755.1_WP_126608378.1	25.882	88	103	89	85	56	2	8	85	14	98	2.35e-16	72.7
tr|A0A1K3H6J5|Release	GCF_003353065.1_WP_114983154.1	27.632	88	84	82	76	48	3	1	72	1	73	2.50e-16	72.5
tr|A0A1K3H6J5|Release	GCF_002355735.1_WP_096359192.1	25.000	88	83	82	76	53	2	4	75	7	82	2.52e-16	72.5
tr|A0A1K3H6J5|Release	GCF_013177635.1_WP_129095542.1	22.973	88	72	81	74	51	2	3	73	1	71	2.75e-16	72.2
tr|A0A1K3H6J5|Release	GCF_003346775.1_WP_114843067.1	24.675	88	84	84	77	52	2	3	76	1	74	2.91e-16	72.2
tr|A0A1K3H6J5|Release	GCF_000828615.1_WP_041064380.1	27.848	88	80	84	79	52	3	1	74	1	79	3.03e-16	72.2
tr|A0A1K3H6J5|Release	GCF_013201725.1_WP_014475480.1	27.027	88	74	81	74	48	2	3	73	1	71	4.12e-16	71.6
tr|A0A1K3H6J5|Release	GCF_009938015.1_WP_223264517.1	29.114	88	90	84	79	51	3	1	74	1	79	4.25e-16	71.9
tr|A0A1K3H6J5|Release	GCF_018736065.1_WP_144074266.1	32.353	88	76	77	68	42	2	7	74	10	73	4.50e-16	71.6
tr|A0A1K3H6J5|Release	GCF_003970675.1_WP_126615366.1	33.824	88	76	77	68	41	2	7	74	10	73	4.54e-16	71.6
tr|A0A1K3H6J5|Release	GCF_002157895.1_WP_227874980.1	24.000	88	82	84	75	56	1	9	82	2	76	4.67e-16	71.6
tr|A0A1K3H6J5|Release	GCF_003063625.1_WP_108601906.1	34.286	88	85	76	70	43	1	10	76	5	74	5.23e-16	71.6
tr|A0A1K3H6J5|Release	GCF_009363415.1_WP_152430616.1	20.253	88	84	89	79	62	1	9	86	1	79	5.53e-16	71.6
tr|A0A1K3H6J5|Release	GCF_002215215.1_WP_088918776.1	34.568	88	101	91	81	51	2	5	84	15	94	6.10e-16	71.6
tr|A0A1K3H6J5|Release	GCF_002355415.1_WP_148665551.1	31.429	88	87	75	70	44	2	6	71	13	82	6.20e-16	71.3
tr|A0A1K3H6J5|Release	GCF_001955715.1_WP_029708890.1	26.027	88	80	78	73	47	2	5	73	2	71	6.93e-16	71.1
tr|A0A1K3H6J5|Release	GCF_013201935.1_WP_129014602.1	22.973	88	72	81	74	51	2	3	73	1	71	7.59e-16	71.1
tr|A0A1K3H6J5|Release	GCF_003544915.1_WP_118918525.1	25.000	88	73	83	76	51	2	3	75	1	73	7.96e-16	70.8
tr|A0A1K3H6J5|Release	GCF_015209785.1_WP_193988300.1	39.706	88	73	76	68	40	1	6	72	2	69	8.97e-16	70.8
tr|A0A1K3H6J5|Release	GCF_002218045.2_WP_089137819.1	38.889	88	79	77	72	40	2	6	73	5	76	9.14e-16	70.8
tr|A0A1K3H6J5|Release	GCF_902810445.1_WP_197744199.1	22.973	88	78	80	74	50	3	5	74	2	72	9.50e-16	70.8
tr|A0A1K3H6J5|Release	GCF_004028275.1_WP_128384077.1	23.611	88	77	77	72	51	2	9	76	2	73	1.22e-15	70.5
tr|A0A1K3H6J5|Release	GCF_017638925.1_WP_208844867.1	27.027	88	81	84	74	54	0	9	82	1	74	1.49e-15	70.5
tr|A0A1K3H6J5|Release	GCF_026427595.1_WP_251812951.1	25.000	88	88	85	80	55	2	12	86	7	86	1.61e-15	70.5
tr|A0A1K3H6J5|Release	GCF_013201665.1_WP_128359868.1	18.293	88	81	90	82	61	2	3	81	1	79	1.66e-15	70.2
tr|A0A1K3H6J5|Release	GCF_002887615.1_WP_038869703.1	21.519	88	81	89	79	61	1	9	86	1	79	2.41e-15	69.9
tr|A0A1K3H6J5|Release	GCF_008931805.1_WP_019441510.1	25.333	88	81	84	75	55	1	9	82	1	75	2.57e-15	69.6
tr|A0A1K3H6J5|Release	GCF_001431725.1_WP_021820278.1	21.053	88	81	85	76	59	1	9	83	1	76	3.64e-15	69.4
tr|A0A1K3H6J5|Release	GCF_016613475.2_WP_200606805.1	24.096	88	90	89	83	55	3	1	78	1	80	3.77e-15	69.4
tr|A0A1K3H6J5|Release	GCF_000321415.2_WP_015260329.1	32.955	88	93	95	88	53	3	1	84	1	86	4.10e-15	69.4
tr|A0A1K3H6J5|Release	GCF_019703835.1_WP_087020305.1	25.974	88	79	88	77	54	1	12	88	3	76	6.76e-15	68.5
tr|A0A1K3H6J5|Release	GCF_002557795.1_WP_098194977.1	22.892	88	89	86	83	54	3	1	76	1	80	6.78e-15	68.8
tr|A0A1K3H6J5|Release	GCF_010119975.1_WP_162445115.1	23.750	88	365	86	80	53	2	4	79	8	83	7.89e-15	73.0
tr|A0A1K3H6J5|Release	GCF_006364355.1_WP_004727652.1	26.923	88	83	88	78	56	1	9	85	1	78	8.08e-15	68.5
tr|A0A1K3H6J5|Release	GCF_000014785.1_WP_011630183.1	32.468	88	83	83	77	48	2	4	76	7	83	9.54e-15	68.2
tr|A0A1K3H6J5|Release	GCF_024347195.1_WP_271272618.1	33.333	88	77	77	72	44	2	5	72	2	73	1.16e-14	68.0
tr|A0A1K3H6J5|Release	GCF_000227685.2_WP_006746304.1	30.864	88	83	88	81	52	2	1	77	1	81	1.18e-14	68.0
tr|A0A1K3H6J5|Release	GCF_023733635.1_WP_039959400.1	27.500	88	89	85	80	53	2	5	79	2	81	1.41e-14	68.0
tr|A0A1K3H6J5|Release	GCF_000026085.1_WP_041454550.1	38.028	88	73	78	71	41	3	6	74	2	71	1.56e-14	67.7
tr|A0A1K3H6J5|Release	GCF_001442805.1_WP_057942092.1	23.457	88	88	88	81	55	2	2	78	3	80	1.65e-14	68.0
tr|A0A1K3H6J5|Release	GCF_000788395.1_WP_038641921.1	28.788	88	85	74	66	46	1	10	74	5	70	1.69e-14	67.7
tr|A0A1K3H6J5|Release	GCF_005166025.1_WP_137090244.1	25.000	88	84	82	76	50	2	3	74	1	73	1.76e-14	67.7
tr|A0A1K3H6J5|Release	GCF_004421105.1_WP_134356453.1	21.795	88	80	84	78	54	3	5	78	2	76	2.32e-14	67.4
tr|A0A1K3H6J5|Release	GCF_012295615.1_WP_007018284.1	17.949	88	81	88	78	63	1	9	85	1	78	3.11e-14	67.1
tr|A0A1K3H6J5|Release	GCF_001050135.1_WP_048644179.1	20.513	88	88	84	78	55	3	1	74	1	75	3.88e-14	66.8
tr|A0A1K3H6J5|Release	GCF_008807855.1_WP_063240334.1	24.675	88	83	83	77	51	2	2	74	3	76	4.01e-14	66.8
tr|A0A1K3H6J5|Release	GCF_024347275.1_WP_019620968.1	28.395	88	82	86	81	53	3	5	80	2	82	4.38e-14	66.6
tr|A0A1K3H6J5|Release	GCF_020091585.1_WP_224339804.1	24.051	88	82	85	79	53	2	5	79	2	77	4.52e-14	66.6
tr|A0A1K3H6J5|Release	GCF_008122265.1_WP_148863603.1	19.481	88	84	83	77	55	2	5	77	2	75	4.71e-14	66.6
tr|A0A1K3H6J5|Release	GCF_018389385.1_WP_218082190.1	22.368	88	91	82	76	52	2	2	73	13	85	4.79e-14	66.8
tr|A0A1K3H6J5|Release	GCF_002356115.1_WP_096526481.1	18.919	88	78	80	74	53	2	5	74	2	72	4.99e-14	66.3
tr|A0A1K3H6J5|Release	GCF_024347255.1_WP_091360415.1	27.397	88	79	77	73	48	2	5	72	2	74	5.08e-14	66.3
tr|A0A1K3H6J5|Release	GCF_000143085.1_WP_013221711.1	25.714	88	82	75	70	45	3	6	71	3	69	9.83e-14	65.7
tr|A0A1K3H6J5|Release	GCF_000092245.1_WP_013136435.1	28.049	88	76	90	82	49	3	7	85	2	76	1.64e-13	65.1
tr|A0A1K3H6J5|Release	GCF_001956695.1_WP_076086034.1	20.833	88	77	77	72	50	2	7	74	2	70	1.79e-13	64.9
tr|A0A1K3H6J5|Release	GCF_000317125.1_WP_015155280.1	18.987	88	81	85	79	57	3	5	79	2	77	2.24e-13	64.9
tr|A0A1K3H6J5|Release	GCF_000012805.1_WP_011330264.1	23.288	88	85	78	73	49	3	6	74	3	72	2.92e-13	64.6
tr|A0A1K3H6J5|Release	GCF_013283835.1_WP_071625892.1	24.324	88	79	77	74	47	2	7	74	2	72	3.47e-13	64.3
tr|A0A1K3H6J5|Release	GCF_019891175.1_WP_225938383.1	22.892	88	93	90	83	56	3	1	79	7	85	3.66e-13	64.6
tr|A0A1K3H6J5|Release	GCF_024347215.1_WP_261843265.1	30.556	88	77	77	72	46	2	5	72	2	73	5.58e-13	63.7
tr|A0A1K3H6J5|Release	GCF_004798725.1_WP_010811758.1	23.377	88	83	83	77	52	2	2	74	3	76	5.64e-13	63.7
tr|A0A1K3H6J5|Release	GCF_000222485.1_WP_014022977.1	24.359	88	85	84	78	52	3	1	74	1	75	6.31e-13	63.7
tr|A0A1K3H6J5|Release	GCF_000012325.1_WP_011045621.1	29.851	88	84	76	67	47	0	10	76	5	71	6.94e-13	63.7
tr|A0A1K3H6J5|Release	GCF_003722295.1_WP_010573895.1	25.000	88	75	80	76	48	2	5	74	2	74	7.66e-13	63.5
tr|A0A1K3H6J5|Release	GCF_003955735.1_WP_126127786.1	23.377	88	91	83	77	52	3	2	74	4	77	9.68e-13	63.5
tr|A0A1K3H6J5|Release	GCF_001956695.1_WP_076086043.1	25.676	88	77	81	74	49	2	5	75	2	72	1.91e-12	62.3
tr|A0A1K3H6J5|Release	GCF_000014705.1_WP_011637758.1	20.482	88	88	89	83	61	1	9	86	3	85	3.25e-12	62.1
tr|A0A1K3H6J5|Release	GCF_013282625.1_WP_173286717.1	29.412	88	67	77	68	45	1	9	76	2	66	4.54e-12	61.2
tr|A0A1K3H6J5|Release	GCF_013201665.1_WP_128358834.1	25.352	88	76	77	71	47	2	7	74	2	69	5.31e-12	61.2
tr|A0A1K3H6J5|Release	GCF_000024725.1_WP_013031543.1	20.513	88	81	84	78	55	3	5	78	2	76	5.41e-12	61.2
tr|A0A1K3H6J5|Release	GCF_000265505.1_WP_014796533.1	23.529	88	97	84	85	54	2	4	77	3	87	5.67e-12	61.5
tr|A0A1K3H6J5|Release	GCF_000018105.1_WP_012162738.1	12.821	88	86	84	78	61	2	5	78	2	76	6.26e-12	61.2
tr|A0A1K3H6J5|Release	GCF_013201935.1_WP_128987185.1	23.944	88	76	77	71	48	2	7	74	2	69	7.01e-12	60.9
tr|A0A1K3H6J5|Release	GCF_000317575.1_WP_015193670.1	24.324	88	74	80	74	49	3	5	74	2	72	9.26e-12	60.6
tr|A0A1K3H6J5|Release	GCF_013177635.1_WP_129095951.1	23.944	88	76	77	71	48	2	7	74	2	69	1.02e-11	60.4
tr|A0A1K3H6J5|Release	GCF_003544815.1_WP_118886031.1	23.944	88	76	77	71	48	2	7	74	2	69	1.04e-11	60.4
tr|A0A1K3H6J5|Release	GCF_000019185.1_WP_012277931.1	19.588	88	100	88	97	58	2	9	85	1	97	1.13e-11	60.9
tr|A0A1K3H6J5|Release	GCF_009937995.1_WP_179954406.1	24.359	88	79	83	78	54	2	5	77	2	79	1.73e-11	60.1
tr|A0A1K3H6J5|Release	GCF_003855395.1_WP_124730567.1	20.482	88	88	89	83	61	2	9	86	3	85	2.11e-11	59.8
tr|A0A1K3H6J5|Release	GCF_001705075.2_WP_065970077.1	23.077	88	78	84	78	56	2	3	76	1	78	2.68e-11	59.5
tr|A0A1K3H6J5|Release	GCF_000973725.1_WP_046311560.1	22.785	88	91	85	79	54	3	3	77	1	76	3.96e-11	59.2
tr|A0A1K3H6J5|Release	GCF_024347675.1_WP_261833361.1	34.091	88	54	50	44	29	0	9	52	1	44	9.15e-11	57.8
tr|A0A1K3H6J5|Release	GCF_000238255.3_WP_010559905.1	25.758	88	86	74	66	48	1	10	74	5	70	1.11e-10	58.1
tr|A0A1K3H6J5|Release	GCF_006385555.1_WP_140234395.1	29.114	88	87	84	79	51	2	9	82	3	81	1.34e-10	57.8
tr|A0A1K3H6J5|Release	GCF_013177675.1_WP_172126669.1	25.352	88	77	77	71	47	2	7	74	2	69	1.41e-10	57.6
tr|A0A1K3H6J5|Release	GCF_011398355.1_WP_173270160.1	28.333	88	65	68	60	40	1	9	68	2	58	1.45e-10	57.3
tr|A0A1K3H6J5|Release	GCF_004293625.1_WP_130538367.1	33.898	88	71	67	59	36	1	9	67	2	57	1.53e-10	57.3
tr|A0A1K3H6J5|Release	GCF_020511155.1_WP_226415657.1	18.750	88	87	85	80	60	2	8	82	3	82	2.75e-10	57.0
tr|A0A1K3H6J5|Release	GCF_000006765.1_NP_249630.1	28.571	88	108	89	84	54	1	5	82	2	85	2.90e-10	57.3
tr|A0A1K3H6J5|Release	GCF_000147355.1_WP_013326989.1	23.077	88	67	73	65	49	1	23	86	1	65	3.49e-10	56.4
tr|A0A1K3H6J5|Release	GCF_021654855.1_WP_237262080.1	25.000	88	70	73	68	44	2	10	73	3	67	4.02e-10	56.4
tr|A0A1K3H6J5|Release	GCF_017742995.1_WP_247749573.1	43.243	88	48	42	37	21	0	9	45	1	37	5.01e-10	55.9
tr|A0A1K3H6J5|Release	GCF_002309535.1_WP_096047558.1	24.638	88	88	75	69	46	2	9	74	4	69	5.76e-10	56.1
tr|A0A1K3H6J5|Release	GCF_001444405.1_WP_058032142.1	22.388	88	87	75	67	51	1	9	74	1	67	7.30e-10	55.9
tr|A0A1K3H6J5|Release	GCF_000568815.1_WP_025346049.1	22.857	88	76	76	70	48	2	8	74	3	69	1.36e-09	55.0
tr|A0A1K3H6J5|Release	GCF_003967275.1_WP_197721837.1	27.027	88	78	80	74	50	3	3	72	1	74	2.19e-09	54.5
tr|A0A1K3H6J5|Release	GCF_023650495.1_WP_250655372.1	22.642	88	88	56	53	37	1	8	56	3	55	2.64e-09	54.5
tr|A0A1K3H6J5|Release	GCF_026278345.1_WP_266369249.1	23.288	88	90	78	73	49	3	5	73	2	71	2.77e-09	54.5
tr|A0A1K3H6J5|Release	GCF_001723605.1_WP_069479051.1	25.000	88	76	74	68	45	2	10	74	5	69	3.42e-09	54.2
tr|A0A1K3H6J5|Release	GCF_000265295.1_WP_014770430.1	22.857	88	76	76	70	48	2	8	74	3	69	3.64e-09	53.9
tr|A0A1K3H6J5|Release	GCF_000018285.1_WP_012155987.1	21.839	88	102	74	87	46	2	9	73	1	87	5.30e-09	53.9
tr|A0A1K3H6J5|Release	GCF_011398355.1_WP_173270199.1	24.242	88	66	75	66	47	1	9	74	2	64	7.72e-09	53.1
tr|A0A1K3H6J5|Release	GCF_003346815.1_WP_114840344.1	25.000	88	84	83	76	51	2	5	77	2	74	1.51e-08	52.5
tr|A0A1K3H6J5|Release	GCF_000013765.1_WP_011496543.1	22.785	88	106	84	79	56	2	10	83	23	101	4.99e-08	51.6
tr|A0A1K3H6J5|Release	GCF_011398155.1_WP_173291533.1	18.571	88	71	78	70	53	2	10	78	3	69	1.67e-07	49.7
tr|A0A1K3H6J5|Release	GCF_001027285.1_WP_047859305.1	26.531	88	80	56	49	36	0	12	60	12	60	1.38e-06	47.4
tr|A0A1K3H6J5|Release	GCF_011764585.1_WP_188200227.1	28.070	88	63	59	57	36	2	22	73	1	57	1.75e-06	46.9
tr|A0A1K3H6J5|Release	GCF_019931735.1_WP_223417223.1	19.231	88	87	83	78	58	3	10	82	4	81	1.76e-06	47.4
tr|A0A1K3H6J5|Release	GCF_000484535.1_WP_023173213.1	24.615	88	91	73	65	48	1	12	75	24	88	1.89e-06	47.4
tr|A0A1K3H6J5|Release	GCF_013283835.1_WP_071628250.1	23.288	88	81	80	73	50	2	5	74	2	71	1.14e-05	45.2
tr|A0A1K3H6J5|Release	GCF_009931655.1_WP_161888514.1	17.241	88	89	94	87	64	3	3	85	1	83	1.34e-05	45.2
tr|A0A1K3H6J5|Release	GCF_005281475.1_WP_137401239.1	23.377	88	81	84	77	53	3	6	79	2	75	1.68e-05	44.6
tr|A0A1K3H6J5|Release	GCF_021018745.1_WP_230843504.1	25.373	88	92	75	67	49	1	12	77	24	90	2.25e-05	44.6
tr|A0A1K3H6J5|Release	GCF_000242635.2_WP_014682426.1	21.429	88	83	75	70	48	2	14	79	11	77	4.08e-05	43.8
tr|A0A1K3H6J5|Release	GCF_014217805.1_WP_185274331.1	15.584	88	91	83	77	58	2	5	77	6	79	4.76e-05	43.8
tr|A0A1K3H6J5|Release	GCF_000011385.1_WP_011141833.1	25.373	88	92	75	67	49	1	12	77	24	90	4.84e-05	43.8
tr|A0A1K3H6J5|Release	GCF_006575665.1_WP_141613356.1	24.000	88	81	82	75	51	3	6	77	2	73	7.00e-05	43.2
tr|A0A1K3H6J5|Release	GCF_002116735.1_WP_041332374.1	18.667	88	86	81	75	54	3	4	74	7	78	1.01e-04	42.9
tr|A0A1K3H6J5|Release	GCF_003260975.1_WP_112783789.1	23.611	88	81	78	72	49	3	6	74	2	70	1.02e-04	42.6
tr|A0A1K3H6J5|Release	GCF_014075995.1_WP_182414414.1	15.190	88	91	85	79	60	2	3	77	4	79	5.14e-04	41.0
tr|A0A1K3H6J5|Release	GCF_009937995.1_WP_162085741.1	21.250	88	82	84	80	57	2	3	76	1	80	6.41e-04	40.7
tr|A0A1K3H6J5|Release	GCF_003143555.1_WP_109340539.1	18.667	88	84	82	75	58	1	12	83	5	79	6.87e-04	40.7
tr|A0A1K3H6J5|Release	GCF_018388465.1_WP_208290210.1	27.692	88	316	70	65	44	2	16	77	139	203	0.004	41.0
tr|A0A1K3H6J5|Release	GCF_001263175.1_WP_050726405.1	33.333	88	81	51	45	30	0	12	56	12	56	0.006	38.1
# PSIBLAST 2.13.0+
# Iteration: 5
# Query: tr|A0A1K3H6J5|Release 2019_07/2019_07|31-Jul-2019
# Database: db/chosen-bacteria_proteome_exDup
# Fields: query id, subject id, % identity, query length, subject length, % query coverage per subject, alignment length, mismatches, gap opens, q. start, q. end, s. start, s. end, evalue, bit score
# 462 hits found
tr|A0A1K3H6J5|Release	GCF_001518835.1_WP_059308693.1	67.442	88	86	98	86	28	0	1	86	1	86	3.96e-39	130
tr|A0A1K3H6J5|Release	GCF_001461805.1_WP_013367515.1	69.767	88	86	98	86	26	0	1	86	1	86	4.43e-39	130
tr|A0A1K3H6J5|Release	GCF_009036245.1_WP_025756830.1	65.116	88	86	98	86	30	0	1	86	1	86	7.13e-39	129
tr|A0A1K3H6J5|Release	GCF_009176645.1_WP_152083529.1	65.116	88	86	98	86	30	0	1	86	1	86	7.25e-39	129
tr|A0A1K3H6J5|Release	GCF_021172065.1_WP_015965827.1	63.953	88	86	98	86	31	0	1	86	1	86	9.34e-39	129
tr|A0A1K3H6J5|Release	GCF_020097475.1_WP_000062318.1	67.442	88	86	98	86	28	0	1	86	1	86	1.15e-38	129
tr|A0A1K3H6J5|Release	GCF_007632255.1_WP_015368146.1	65.116	88	86	98	86	30	0	1	86	1	86	1.99e-38	128
tr|A0A1K3H6J5|Release	GCF_001683395.1_WP_017458015.1	65.116	88	86	98	86	30	0	1	86	1	86	2.05e-38	128
tr|A0A1K3H6J5|Release	GCF_003594935.2_WP_006173581.1	66.279	88	86	98	86	29	0	1	86	1	86	2.65e-38	128
tr|A0A1K3H6J5|Release	GCF_001022135.1_WP_039078449.1	66.279	88	86	98	86	29	0	1	86	1	86	3.20e-38	128
tr|A0A1K3H6J5|Release	GCF_001658025.2_WP_007373243.1	65.116	88	86	98	86	30	0	1	86	1	86	3.39e-38	128
tr|A0A1K3H6J5|Release	GCF_000224675.1_WP_010426685.1	65.116	88	86	98	86	30	0	1	86	1	86	3.70e-38	128
tr|A0A1K3H6J5|Release	GCF_015137655.1_WP_028015593.1	63.953	88	86	98	86	31	0	1	86	1	86	4.10e-38	127
tr|A0A1K3H6J5|Release	GCF_027886705.1_WP_061497537.1	65.116	88	86	98	86	30	0	1	86	1	86	4.62e-38	127
tr|A0A1K3H6J5|Release	GCF_000006925.2_NP_706134.1	66.279	88	86	98	86	29	0	1	86	1	86	4.65e-38	127
tr|A0A1K3H6J5|Release	GCF_001729805.1_WP_008501890.1	63.953	88	86	98	86	31	0	1	86	1	86	4.88e-38	127
tr|A0A1K3H6J5|Release	GCF_023195735.1_WP_035891978.1	68.605	88	86	98	86	27	0	1	86	1	86	5.28e-38	127
tr|A0A1K3H6J5|Release	GCF_025914095.1_WP_031518416.1	65.116	88	86	98	86	30	0	1	86	1	86	6.87e-38	127
tr|A0A1K3H6J5|Release	GCF_009649915.1_WP_062772223.1	67.442	88	86	98	86	28	0	1	86	1	86	7.99e-38	127
tr|A0A1K3H6J5|Release	GCF_009363135.1_WP_090122691.1	66.279	88	86	98	86	29	0	1	86	1	86	9.00e-38	127
tr|A0A1K3H6J5|Release	GCF_001750725.1_WP_014168720.1	63.953	88	86	98	86	31	0	1	86	1	86	1.01e-37	127
tr|A0A1K3H6J5|Release	GCF_016904755.1_WP_059234959.1	63.953	88	86	98	86	31	0	1	86	1	86	1.04e-37	127
tr|A0A1K3H6J5|Release	GCF_019048625.1_WP_023305471.1	66.279	88	86	98	86	29	0	1	86	1	86	1.23e-37	126
tr|A0A1K3H6J5|Release	GCF_001558935.2_WP_042323659.1	66.279	88	86	98	86	29	0	1	86	1	86	1.57e-37	126
tr|A0A1K3H6J5|Release	GCF_004684345.1_WP_135323069.1	66.279	88	86	98	86	29	0	1	86	1	86	1.59e-37	126
tr|A0A1K3H6J5|Release	GCF_003812345.1_WP_003018503.1	65.116	88	86	98	86	30	0	1	86	1	86	1.75e-37	126
tr|A0A1K3H6J5|Release	GCF_001277255.1_WP_007666633.1	62.791	88	86	98	86	32	0	1	86	1	86	1.77e-37	126
tr|A0A1K3H6J5|Release	GCF_021278985.1_WP_012904575.1	65.116	88	86	98	86	30	0	1	86	1	86	1.81e-37	126
tr|A0A1K3H6J5|Release	GCF_002393445.1_WP_061273728.1	61.176	88	86	97	85	33	0	1	85	1	85	2.04e-37	126
tr|A0A1K3H6J5|Release	GCF_022637515.1_WP_064539750.1	61.628	88	86	98	86	33	0	1	86	1	86	2.19e-37	126
tr|A0A1K3H6J5|Release	GCF_004353845.1_WP_103768334.1	63.953	88	86	98	86	31	0	1	86	1	86	2.19e-37	126
tr|A0A1K3H6J5|Release	GCF_003261575.2_WP_110272453.1	65.116	88	86	98	86	30	0	1	86	1	86	2.30e-37	125
tr|A0A1K3H6J5|Release	GCF_000240185.1_YP_005225236.1	63.953	88	86	98	86	31	0	1	86	1	86	2.45e-37	125
tr|A0A1K3H6J5|Release	GCF_900638065.1_WP_048212636.1	65.116	88	86	98	86	30	0	1	86	1	86	2.65e-37	125
tr|A0A1K3H6J5|Release	GCF_018128425.1_WP_042289833.1	65.116	88	86	98	86	30	0	1	86	1	86	3.08e-37	125
tr|A0A1K3H6J5|Release	GCF_001277175.1_WP_007760020.1	60.465	88	86	98	86	34	0	1	86	1	86	3.31e-37	125
tr|A0A1K3H6J5|Release	GCF_003812925.1_WP_004107903.1	62.791	88	86	98	86	32	0	1	86	1	86	3.42e-37	125
tr|A0A1K3H6J5|Release	GCF_018139045.1_WP_004129134.1	62.791	88	86	98	86	32	0	1	86	1	86	3.85e-37	125
tr|A0A1K3H6J5|Release	GCF_001277195.1_WP_032966924.1	62.791	88	86	98	86	32	0	1	86	1	86	4.59e-37	125
tr|A0A1K3H6J5|Release	GCF_001277215.2_WP_007776988.1	60.465	88	86	98	86	34	0	1	86	1	86	4.63e-37	125
tr|A0A1K3H6J5|Release	GCF_006711645.1_WP_100682484.1	65.116	88	86	98	86	30	0	1	86	1	86	5.51e-37	125
tr|A0A1K3H6J5|Release	GCF_015139575.1_WP_004098776.1	63.953	88	86	98	86	31	0	1	86	1	86	5.64e-37	125
tr|A0A1K3H6J5|Release	GCF_900635955.1_WP_126357486.1	61.176	88	86	97	85	33	0	1	85	1	85	6.21e-37	125
tr|A0A1K3H6J5|Release	GCF_009648935.1_WP_047417117.1	63.953	88	86	98	86	31	0	1	86	1	86	7.05e-37	124
tr|A0A1K3H6J5|Release	GCF_012029655.1_WP_041144145.1	63.953	88	86	98	86	31	0	1	86	1	86	7.69e-37	124
tr|A0A1K3H6J5|Release	GCF_022637595.1_WP_004858152.1	65.116	88	86	98	86	30	0	1	86	1	86	7.75e-37	124
tr|A0A1K3H6J5|Release	GCF_000834395.1_WP_042546713.1	67.442	88	86	98	86	28	0	1	86	1	86	9.16e-37	124
tr|A0A1K3H6J5|Release	GCF_000439255.1_WP_000062328.1	62.791	88	86	98	86	32	0	1	86	1	86	1.30e-36	124
tr|A0A1K3H6J5|Release	GCF_003935895.2_WP_110510858.1	65.882	88	86	97	85	29	0	1	85	1	85	1.55e-36	123
tr|A0A1K3H6J5|Release	GCF_004124235.1_WP_025377303.1	67.442	88	86	98	86	28	0	1	86	1	86	1.64e-36	123
tr|A0A1K3H6J5|Release	GCF_024224615.1_WP_125293588.1	62.353	88	86	97	85	32	0	1	85	1	85	2.27e-36	123
tr|A0A1K3H6J5|Release	GCF_000222975.1_WP_002218374.1	67.442	88	86	98	86	28	0	1	86	1	86	2.30e-36	123
tr|A0A1K3H6J5|Release	GCF_000018045.1_WP_024130681.1	62.791	88	86	98	86	32	0	1	86	1	86	2.34e-36	123
tr|A0A1K3H6J5|Release	GCF_013234275.1_WP_172895488.1	60.465	88	86	98	86	34	0	1	86	1	86	2.36e-36	123
tr|A0A1K3H6J5|Release	GCF_002163605.1_WP_157665988.1	66.279	88	86	98	86	29	0	1	86	1	86	2.79e-36	123
tr|A0A1K3H6J5|Release	GCF_013282725.1_WP_032813813.1	67.442	88	86	98	86	28	0	1	86	1	86	2.83e-36	123
tr|A0A1K3H6J5|Release	GCF_011068345.1_WP_002436992.1	61.176	88	86	97	85	33	0	1	85	1	85	2.83e-36	123
tr|A0A1K3H6J5|Release	GCF_000834455.1_WP_032817050.1	67.442	88	86	98	86	28	0	1	86	1	86	2.90e-36	123
tr|A0A1K3H6J5|Release	GCF_025133195.1_WP_032910235.1	65.116	88	86	98	86	30	0	1	86	1	86	3.43e-36	123
tr|A0A1K3H6J5|Release	GCF_000010085.1_WP_011411656.1	57.143	88	86	95	84	36	0	1	84	1	84	3.68e-36	123
tr|A0A1K3H6J5|Release	GCF_000005845.2_NP_414731.2	65.476	88	84	95	84	29	0	3	86	1	84	3.78e-36	122
tr|A0A1K3H6J5|Release	GCF_021276285.1_WP_095923198.1	67.857	88	86	95	84	27	0	1	84	1	84	3.86e-36	122
tr|A0A1K3H6J5|Release	GCF_000517425.1_WP_025421126.1	57.143	88	86	95	84	36	0	1	84	1	84	3.89e-36	122
tr|A0A1K3H6J5|Release	GCF_025758125.1_WP_023480196.1	65.116	88	86	98	86	30	0	1	86	1	86	4.71e-36	122
tr|A0A1K3H6J5|Release	GCF_000520015.2_WP_024910172.1	57.471	88	87	99	87	37	0	1	87	1	87	5.03e-36	122
tr|A0A1K3H6J5|Release	GCF_000006945.2_NP_459242.1	62.791	88	86	98	86	32	0	1	86	1	86	6.42e-36	122
tr|A0A1K3H6J5|Release	GCF_002953195.1_WP_038628016.1	57.471	88	87	99	87	37	0	1	87	1	87	8.17e-36	122
tr|A0A1K3H6J5|Release	GCF_005484945.1_WP_137712817.1	61.628	88	86	98	86	33	0	1	86	1	86	9.48e-36	121
tr|A0A1K3H6J5|Release	GCF_009914055.1_WP_160619715.1	58.621	88	87	99	87	36	0	1	87	1	87	9.65e-36	121
tr|A0A1K3H6J5|Release	GCF_022637475.1_WP_013574214.1	66.667	88	86	95	84	28	0	1	84	1	84	9.71e-36	121
tr|A0A1K3H6J5|Release	GCF_002101395.1_WP_085067900.1	57.471	88	87	99	87	37	0	1	87	1	87	9.89e-36	121
tr|A0A1K3H6J5|Release	GCF_016026735.1_WP_015673540.1	55.172	88	87	99	87	39	0	1	87	1	87	1.19e-35	121
tr|A0A1K3H6J5|Release	GCF_009730055.1_WP_032906500.1	67.442	88	86	98	86	28	0	1	86	1	86	1.25e-35	121
tr|A0A1K3H6J5|Release	GCF_900095885.1_WP_035340381.1	58.140	88	86	98	86	36	0	1	86	1	86	1.38e-35	121
tr|A0A1K3H6J5|Release	GCF_001642805.2_WP_004931991.1	57.471	88	87	99	87	37	0	1	87	1	87	1.45e-35	121
tr|A0A1K3H6J5|Release	GCF_017498685.1_WP_038245151.1	66.279	88	86	98	86	29	0	1	86	1	86	1.59e-35	121
tr|A0A1K3H6J5|Release	GCF_021462285.1_WP_234585968.1	57.471	88	87	99	87	37	0	1	87	1	87	1.99e-35	121
tr|A0A1K3H6J5|Release	GCF_023517775.1_WP_249893541.1	59.770	88	87	99	87	35	0	1	87	1	87	2.47e-35	120
tr|A0A1K3H6J5|Release	GCF_900187015.1_WP_061796701.1	57.471	88	87	99	87	37	0	1	87	1	87	2.53e-35	120
tr|A0A1K3H6J5|Release	GCF_009817885.1_WP_105232289.1	57.471	88	87	99	87	37	0	1	87	1	87	2.91e-35	120
tr|A0A1K3H6J5|Release	GCF_000233595.1_WP_013024706.1	57.647	88	86	97	85	36	0	1	85	1	85	3.02e-35	120
tr|A0A1K3H6J5|Release	GCF_012427845.1_WP_012773648.1	60.465	88	86	98	86	34	0	1	86	1	86	3.12e-35	120
tr|A0A1K3H6J5|Release	GCF_000262305.1_WP_002441069.1	58.140	88	86	98	86	36	0	1	86	1	86	3.33e-35	120
tr|A0A1K3H6J5|Release	GCF_003515985.1_WP_085653101.1	58.140	88	86	98	86	36	0	1	86	1	86	3.78e-35	120
tr|A0A1K3H6J5|Release	GCF_015999465.1_WP_085688159.1	56.977	88	86	98	86	37	0	1	86	1	86	3.96e-35	120
tr|A0A1K3H6J5|Release	GCF_003019925.1_WP_162185254.1	65.476	88	86	95	84	29	0	1	84	1	84	4.39e-35	120
tr|A0A1K3H6J5|Release	GCF_002288545.1_WP_029367608.1	60.465	88	86	98	86	34	0	1	86	1	86	4.57e-35	120
tr|A0A1K3H6J5|Release	GCF_019797845.1_WP_222158377.1	62.791	88	86	98	86	32	0	1	86	1	86	4.68e-35	120
tr|A0A1K3H6J5|Release	GCF_000025065.1_WP_012883679.1	59.302	88	86	98	86	35	0	1	86	1	86	5.94e-35	119
tr|A0A1K3H6J5|Release	GCF_017569925.1_WP_208228065.1	59.302	88	86	98	86	35	0	1	86	1	86	9.50e-35	119
tr|A0A1K3H6J5|Release	GCF_011044475.1_WP_033740322.1	57.647	88	86	97	85	36	0	1	85	1	85	1.12e-34	119
tr|A0A1K3H6J5|Release	GCF_000023565.1_WP_012770818.1	58.140	88	86	98	86	36	0	1	86	1	86	1.17e-34	119
tr|A0A1K3H6J5|Release	GCF_009873295.1_WP_039312412.1	60.465	88	86	98	86	34	0	1	86	1	86	1.21e-34	119
tr|A0A1K3H6J5|Release	GCF_000026185.1_WP_012440659.1	52.874	88	87	99	87	41	0	1	87	1	87	1.50e-34	118
tr|A0A1K3H6J5|Release	GCF_020079945.1_WP_039382769.1	61.176	88	87	97	85	33	0	1	85	1	85	1.62e-34	118
tr|A0A1K3H6J5|Release	GCF_001010285.1_WP_046974061.1	65.909	88	88	100	88	30	0	1	88	1	88	1.68e-34	118
tr|A0A1K3H6J5|Release	GCF_000023545.1_WP_015854637.1	59.302	88	86	98	86	35	0	1	86	1	86	1.96e-34	118
tr|A0A1K3H6J5|Release	GCF_007858975.2_WP_042869176.1	60.465	88	86	98	86	34	0	1	86	1	86	2.05e-34	118
tr|A0A1K3H6J5|Release	GCF_002291445.1_WP_048635886.1	59.302	88	86	98	86	35	0	1	86	1	86	2.31e-34	118
tr|A0A1K3H6J5|Release	GCF_000740965.1_WP_011092648.1	59.302	88	86	98	86	35	0	1	86	1	86	2.33e-34	118
tr|A0A1K3H6J5|Release	GCF_020181655.1_WP_225087160.1	61.628	88	86	98	86	33	0	1	86	1	86	2.43e-34	118
tr|A0A1K3H6J5|Release	GCF_009931295.1_WP_161528353.1	60.465	88	86	98	86	34	0	1	86	1	86	2.67e-34	118
tr|A0A1K3H6J5|Release	GCF_000264765.2_WP_034163237.1	63.953	88	86	98	86	31	0	1	86	1	86	4.00e-34	117
tr|A0A1K3H6J5|Release	GCF_002291425.1_WP_095847471.1	58.621	88	87	99	87	36	0	1	87	1	87	5.01e-34	117
tr|A0A1K3H6J5|Release	GCF_001742185.1_WP_005975933.1	59.302	88	86	98	86	35	0	1	86	1	86	6.00e-34	117
tr|A0A1K3H6J5|Release	GCF_019090985.1_WP_036781226.1	63.636	88	88	100	88	32	0	1	88	1	88	6.18e-34	117
tr|A0A1K3H6J5|Release	GCF_005484965.1_WP_009114129.1	62.791	88	86	98	86	32	0	1	86	1	86	6.25e-34	117
tr|A0A1K3H6J5|Release	GCF_000196615.1_WP_013200864.1	57.471	88	87	99	87	37	0	1	87	1	87	6.26e-34	117
tr|A0A1K3H6J5|Release	GCF_020150375.1_WP_004094310.1	63.953	88	86	98	86	31	0	1	86	1	86	9.98e-34	116
tr|A0A1K3H6J5|Release	GCF_011617105.1_WP_025800203.1	65.116	88	86	98	86	30	0	1	86	1	86	1.06e-33	116
tr|A0A1K3H6J5|Release	GCF_003992745.1_WP_014700896.1	58.140	88	86	98	86	36	0	1	86	1	86	1.18e-33	116
tr|A0A1K3H6J5|Release	GCF_022647505.1_WP_128179458.1	57.471	88	87	99	87	37	0	1	87	1	87	1.25e-33	116
tr|A0A1K3H6J5|Release	GCF_002812485.1_WP_038661467.1	59.302	88	86	98	86	35	0	1	86	1	86	1.29e-33	116
tr|A0A1K3H6J5|Release	GCF_019890955.1_WP_211725887.1	58.824	88	87	97	85	35	0	1	85	1	85	1.33e-33	116
tr|A0A1K3H6J5|Release	GCF_000196475.1_WP_012776850.1	64.773	88	88	100	88	31	0	1	88	1	88	1.75e-33	116
tr|A0A1K3H6J5|Release	GCF_000147055.1_WP_022632468.1	58.140	88	86	98	86	36	0	1	86	1	86	2.25e-33	115
tr|A0A1K3H6J5|Release	GCF_021733145.1_WP_012847629.1	61.628	88	86	98	86	33	0	1	86	1	86	2.28e-33	115
tr|A0A1K3H6J5|Release	GCF_902387845.1_WP_004237241.1	100.000	88	88	100	88	0	0	1	88	1	88	2.31e-33	115
tr|A0A1K3H6J5|Release	GCF_004792415.1_WP_013356856.1	55.952	88	86	95	84	37	0	1	84	1	84	2.76e-33	115
tr|A0A1K3H6J5|Release	GCF_000196155.1_WP_011145066.1	61.364	88	88	100	88	34	0	1	88	1	88	3.61e-33	115
tr|A0A1K3H6J5|Release	GCF_003403135.1_WP_024104894.1	59.302	88	86	98	86	35	0	1	86	1	86	3.89e-33	115
tr|A0A1K3H6J5|Release	GCF_020541225.1_WP_226811316.1	54.762	88	86	95	84	38	0	1	84	1	84	5.17e-33	114
tr|A0A1K3H6J5|Release	GCF_017348915.1_WP_040077077.1	67.442	88	86	98	86	28	0	1	86	1	86	5.83e-33	114
tr|A0A1K3H6J5|Release	GCF_020683125.1_WP_133842177.1	57.955	88	88	99	88	36	1	1	87	1	88	8.24e-33	114
tr|A0A1K3H6J5|Release	GCF_019844095.1_WP_062747070.1	56.818	88	88	99	88	37	1	1	87	1	88	1.16e-32	114
tr|A0A1K3H6J5|Release	GCF_020268605.1_WP_180560445.1	62.500	88	88	100	88	33	0	1	88	1	88	1.54e-32	113
tr|A0A1K3H6J5|Release	GCF_022592395.1_WP_047255099.1	60.465	88	87	98	86	34	0	1	86	1	86	1.59e-32	113
tr|A0A1K3H6J5|Release	GCF_025946765.1_WP_264497926.1	56.977	88	86	98	86	37	0	1	86	1	86	1.86e-32	113
tr|A0A1K3H6J5|Release	GCF_019047765.1_WP_040230035.1	66.279	88	86	98	86	29	0	1	86	1	86	2.06e-32	113
tr|A0A1K3H6J5|Release	GCF_019048385.1_WP_062759648.1	55.952	88	86	95	84	37	0	1	84	1	84	2.40e-32	113
tr|A0A1K3H6J5|Release	GCF_000091565.1_WP_004159420.1	52.874	88	87	99	87	41	0	1	87	1	87	2.44e-32	113
tr|A0A1K3H6J5|Release	GCF_003204135.1_WP_004908806.1	59.302	88	87	98	86	35	0	1	86	1	86	2.46e-32	113
tr|A0A1K3H6J5|Release	GCF_004768525.1_WP_026822068.1	63.636	88	88	100	88	32	0	1	88	1	88	3.26e-32	112
tr|A0A1K3H6J5|Release	GCF_009646115.1_WP_008925644.1	55.952	88	86	95	84	37	0	1	84	1	84	3.29e-32	112
tr|A0A1K3H6J5|Release	GCF_003812345.1_WP_121571778.1	31.818	88	94	99	88	59	1	1	87	1	88	3.31e-32	112
tr|A0A1K3H6J5|Release	GCF_900638135.1_WP_012146468.1	52.874	88	87	99	87	41	0	1	87	1	87	3.81e-32	112
tr|A0A1K3H6J5|Release	GCF_013460135.1_WP_180816665.1	62.500	88	88	100	88	33	0	1	88	1	88	4.04e-32	112
tr|A0A1K3H6J5|Release	GCF_900475855.1_WP_068441311.1	59.302	88	87	98	86	35	0	1	86	1	86	4.29e-32	112
tr|A0A1K3H6J5|Release	GCF_000261045.2_WP_006318653.1	54.023	88	87	99	87	40	0	1	87	1	87	4.54e-32	112
tr|A0A1K3H6J5|Release	GCF_020342335.1_WP_067428135.1	52.874	88	87	99	87	41	0	1	87	1	87	5.85e-32	112
tr|A0A1K3H6J5|Release	GCF_002843235.3_WP_102139922.1	59.302	88	87	98	86	35	0	1	86	1	86	6.75e-32	112
tr|A0A1K3H6J5|Release	GCF_009831665.3_WP_006709226.1	49.425	88	87	99	87	44	0	1	87	1	87	7.49e-32	112
tr|A0A1K3H6J5|Release	GCF_022647325.1_WP_111140597.1	54.762	88	86	95	84	38	0	1	84	1	84	9.94e-32	111
tr|A0A1K3H6J5|Release	GCF_029277985.1_WP_154623766.1	59.302	88	87	98	86	35	0	1	86	1	86	1.10e-31	111
tr|A0A1K3H6J5|Release	GCF_021365465.1_WP_016190321.1	57.471	88	87	99	87	37	0	1	87	1	87	1.21e-31	111
tr|A0A1K3H6J5|Release	GCF_002393505.1_WP_006658392.1	59.302	88	87	98	86	35	0	1	86	1	86	1.21e-31	111
tr|A0A1K3H6J5|Release	GCF_004353845.1_WP_103770713.1	31.818	88	93	99	88	59	1	1	87	1	88	1.41e-31	111
tr|A0A1K3H6J5|Release	GCF_017743015.1_WP_209027287.1	62.069	88	88	99	87	33	0	1	87	1	87	1.65e-31	111
tr|A0A1K3H6J5|Release	GCF_002952315.1_WP_012667243.1	49.425	88	87	99	87	44	0	1	87	1	87	2.43e-31	110
tr|A0A1K3H6J5|Release	GCF_008693605.1_WP_223849061.1	30.682	88	95	99	88	60	1	1	87	2	89	2.79e-31	110
tr|A0A1K3H6J5|Release	GCF_000214235.1_WP_004952197.1	54.118	88	85	97	85	39	0	3	87	1	85	3.24e-31	110
tr|A0A1K3H6J5|Release	GCF_000968195.1_WP_045972480.1	59.770	88	87	98	87	34	1	1	86	1	87	3.36e-31	110
tr|A0A1K3H6J5|Release	GCF_000517405.1_WP_038469034.1	56.250	88	83	91	80	35	0	5	84	2	81	3.78e-31	110
tr|A0A1K3H6J5|Release	GCF_002504285.1_WP_005282992.1	62.791	88	86	98	86	32	0	1	86	1	86	3.84e-31	110
tr|A0A1K3H6J5|Release	GCF_000069965.1_WP_004245453.1	57.831	88	86	94	83	35	0	1	83	1	83	4.91e-31	109
tr|A0A1K3H6J5|Release	GCF_001006005.1_WP_223499701.1	52.941	88	85	97	85	40	0	3	87	1	85	5.56e-31	109
tr|A0A1K3H6J5|Release	GCF_011045835.1_WP_075671674.1	57.831	88	86	94	83	35	0	1	83	1	83	5.94e-31	109
tr|A0A1K3H6J5|Release	GCF_001721185.1_WP_069317984.1	63.218	88	87	99	87	32	0	1	87	1	87	6.71e-31	109
tr|A0A1K3H6J5|Release	GCF_008364325.2_WP_230090436.1	55.294	88	85	97	85	38	0	3	87	1	85	1.08e-30	109
tr|A0A1K3H6J5|Release	GCF_016026395.1_WP_024524235.1	61.628	88	86	98	86	33	0	1	86	1	86	1.36e-30	108
tr|A0A1K3H6J5|Release	GCF_022369495.1_WP_072064250.1	56.627	88	86	94	83	36	0	1	83	1	83	1.52e-30	108
tr|A0A1K3H6J5|Release	GCF_004295645.1_WP_228350951.1	62.500	88	88	99	88	32	1	1	87	1	88	1.95e-30	108
tr|A0A1K3H6J5|Release	GCF_900478135.1_WP_111739359.1	63.636	88	88	99	88	31	1	1	87	1	88	3.86e-30	107
tr|A0A1K3H6J5|Release	GCF_008693645.1_WP_137347870.1	31.818	88	89	99	88	59	1	1	87	1	88	4.99e-30	107
tr|A0A1K3H6J5|Release	GCF_000968175.1_WP_045959360.1	59.091	88	88	99	88	35	1	1	87	1	88	5.88e-30	107
tr|A0A1K3H6J5|Release	GCF_003096015.2_WP_230514010.1	62.500	88	88	99	88	32	1	1	87	1	88	6.95e-30	107
tr|A0A1K3H6J5|Release	GCF_005671395.1_WP_138095872.1	60.256	88	86	89	78	31	0	1	78	1	78	7.15e-30	107
tr|A0A1K3H6J5|Release	GCF_002355475.1_WP_004421315.1	35.802	88	91	91	81	51	1	3	82	1	81	7.58e-30	107
tr|A0A1K3H6J5|Release	GCF_003074995.2_WP_015870269.1	56.977	88	86	98	86	37	0	1	86	1	86	9.07e-30	106
tr|A0A1K3H6J5|Release	GCF_017329545.1_WP_047884589.1	27.586	88	95	98	87	62	1	3	88	1	87	1.25e-29	106
tr|A0A1K3H6J5|Release	GCF_014295015.1_WP_013185414.1	62.069	88	87	98	87	32	1	1	86	1	87	1.40e-29	106
tr|A0A1K3H6J5|Release	GCF_900638655.1_WP_047781753.1	60.227	88	88	99	88	34	1	1	87	1	88	1.43e-29	106
tr|A0A1K3H6J5|Release	GCF_013200955.2_WP_173204463.1	33.333	88	91	91	81	53	1	3	82	1	81	2.06e-29	105
tr|A0A1K3H6J5|Release	GCF_001597285.1_WP_061903727.1	37.179	88	92	88	78	48	1	6	82	3	80	2.67e-29	105
tr|A0A1K3H6J5|Release	GCF_004116975.1_WP_064720954.1	60.241	88	86	94	83	33	0	1	83	1	83	6.61e-29	104
tr|A0A1K3H6J5|Release	GCF_013423785.1_WP_180308358.1	32.955	88	88	100	88	59	0	1	88	1	88	1.46e-28	103
tr|A0A1K3H6J5|Release	GCF_004684345.1_WP_135321947.1	31.461	88	93	100	89	60	1	1	88	1	89	1.77e-28	103
tr|A0A1K3H6J5|Release	GCF_008807375.1_WP_151138908.1	33.333	88	91	91	81	53	1	3	82	1	81	3.87e-28	102
tr|A0A1K3H6J5|Release	GCF_024205225.1_WP_195881696.1	31.646	88	90	89	79	53	1	5	82	2	80	3.95e-28	102
tr|A0A1K3H6J5|Release	GCF_000297075.2_WP_003461742.1	32.911	88	90	89	79	52	1	5	82	2	80	6.68e-28	101
tr|A0A1K3H6J5|Release	GCF_000733715.2_WP_017362912.1	32.911	88	90	89	79	52	1	5	82	2	80	6.84e-28	101
tr|A0A1K3H6J5|Release	GCF_001708425.1_WP_055136127.1	34.177	88	94	89	79	51	1	5	82	2	80	1.23e-27	101
tr|A0A1K3H6J5|Release	GCF_013409125.2_WP_099525265.1	32.911	88	90	89	79	52	1	5	82	2	80	1.35e-27	101
tr|A0A1K3H6J5|Release	GCF_011397855.1_WP_044414183.1	34.177	88	90	89	79	51	1	5	82	2	80	1.35e-27	101
tr|A0A1K3H6J5|Release	GCF_001594225.2_WP_064379396.1	34.177	88	92	89	79	51	1	5	82	2	80	1.96e-27	100
tr|A0A1K3H6J5|Release	GCF_025402875.1_WP_011791024.1	29.114	88	90	89	79	55	1	5	82	2	80	2.20e-27	100
tr|A0A1K3H6J5|Release	GCF_019047765.1_WP_040231149.1	27.907	88	89	97	86	61	1	1	85	1	86	2.63e-27	100
tr|A0A1K3H6J5|Release	GCF_900682675.2_WP_069898892.1	35.443	88	94	89	79	50	1	5	82	2	80	2.75e-27	100
tr|A0A1K3H6J5|Release	GCF_021029445.1_WP_230924827.1	30.769	88	89	89	78	54	0	5	82	2	79	3.56e-27	100
tr|A0A1K3H6J5|Release	GCF_017167985.1_WP_093053415.1	32.911	88	92	89	79	52	1	5	82	2	80	6.99e-27	99.4
tr|A0A1K3H6J5|Release	GCF_017167985.1_WP_079784061.1	34.177	88	90	89	79	51	1	5	82	2	80	9.41e-27	99.2
tr|A0A1K3H6J5|Release	GCF_000178875.2_WP_012197738.1	32.911	88	90	89	79	52	1	5	82	2	80	1.40e-26	98.6
tr|A0A1K3H6J5|Release	GCF_017915135.1_WP_210390879.1	32.911	88	90	89	79	52	1	5	82	2	80	2.69e-26	98.0
tr|A0A1K3H6J5|Release	GCF_012767755.2_WP_173176508.1	32.911	88	91	89	79	49	2	5	82	2	77	3.50e-26	97.8
tr|A0A1K3H6J5|Release	GCF_016834455.1_WP_203325205.1	32.911	88	86	89	79	52	1	5	82	2	80	5.89e-26	96.9
tr|A0A1K3H6J5|Release	GCF_003957745.1_WP_126168493.1	34.177	88	87	89	79	51	1	5	82	2	80	6.55e-26	96.9
tr|A0A1K3H6J5|Release	GCF_024971755.1_WP_259474826.1	32.911	88	88	89	79	52	1	5	82	2	80	7.05e-26	96.9
tr|A0A1K3H6J5|Release	GCF_002355475.1_WP_003455993.1	29.870	88	90	86	77	53	1	7	82	2	78	1.04e-25	96.3
tr|A0A1K3H6J5|Release	GCF_008033135.1_WP_148717358.1	28.205	88	87	89	78	56	0	5	82	2	79	1.28e-25	96.1
tr|A0A1K3H6J5|Release	GCF_024347355.1_WP_105024956.1	23.750	88	83	90	80	60	1	9	87	1	80	2.07e-25	95.5
tr|A0A1K3H6J5|Release	GCF_000015245.1_WP_011761423.1	32.911	88	86	89	79	52	1	5	82	2	80	2.37e-25	95.5
tr|A0A1K3H6J5|Release	GCF_024346675.1_WP_048897676.1	22.619	88	86	94	84	64	1	3	85	1	84	2.73e-25	95.2
tr|A0A1K3H6J5|Release	GCF_006742785.1_WP_172630283.1	23.171	88	88	92	82	62	1	8	88	3	84	3.29e-25	95.2
tr|A0A1K3H6J5|Release	GCF_002204915.1_WP_052690899.1	22.500	88	101	90	80	61	1	9	87	20	99	5.84e-25	94.7
tr|A0A1K3H6J5|Release	GCF_008807375.1_WP_151133519.1	27.273	88	90	86	77	55	1	7	82	2	78	8.78e-25	94.1
tr|A0A1K3H6J5|Release	GCF_009938225.1_WP_075649723.1	26.250	88	82	90	80	58	1	9	87	1	80	9.67e-25	93.8
tr|A0A1K3H6J5|Release	GCF_017354925.1_WP_207321174.1	32.911	88	87	89	79	52	1	5	82	2	80	1.33e-24	93.5
tr|A0A1K3H6J5|Release	GCF_024347475.1_WP_239840920.1	24.000	88	83	84	75	56	1	9	82	1	75	1.38e-24	93.5
tr|A0A1K3H6J5|Release	GCF_022371215.1_WP_239718047.1	23.750	88	83	90	80	60	1	9	87	1	80	1.46e-24	93.3
tr|A0A1K3H6J5|Release	GCF_014524625.1_WP_009050814.1	24.051	88	92	89	79	59	1	5	82	2	80	2.31e-24	93.0
tr|A0A1K3H6J5|Release	GCF_012767755.2_WP_173171843.1	29.114	88	90	89	79	55	1	5	82	2	80	2.45e-24	93.0
tr|A0A1K3H6J5|Release	GCF_020991025.1_WP_152109250.1	39.759	88	83	93	83	49	1	3	84	1	83	3.48e-24	92.4
tr|A0A1K3H6J5|Release	GCF_017354965.1_WP_207380278.1	32.911	88	87	89	79	52	1	5	82	2	80	3.65e-24	92.4
tr|A0A1K3H6J5|Release	GCF_019670705.1_WP_100146025.1	34.177	88	92	89	79	51	1	5	82	2	80	4.25e-24	92.4
tr|A0A1K3H6J5|Release	GCF_009730655.1_WP_156020461.1	34.177	88	92	89	79	51	1	5	82	2	80	5.31e-24	92.1
tr|A0A1K3H6J5|Release	GCF_003025345.2_WP_003155955.1	31.034	88	91	92	87	54	1	5	85	2	88	5.74e-24	92.1
tr|A0A1K3H6J5|Release	GCF_014905115.1_WP_193151849.1	28.750	88	81	90	80	56	1	9	87	1	80	7.99e-24	91.6
tr|A0A1K3H6J5|Release	GCF_009938185.1_WP_162048373.1	23.750	88	82	90	80	60	1	9	87	1	80	9.30e-24	91.3
tr|A0A1K3H6J5|Release	GCF_008329985.2_WP_149283950.1	25.926	88	81	91	81	59	1	9	88	1	81	9.90e-24	91.3
tr|A0A1K3H6J5|Release	GCF_000009145.1_WP_041356315.1	23.750	88	90	90	80	60	1	10	88	6	85	1.27e-23	91.0
tr|A0A1K3H6J5|Release	GCF_002407485.1_WP_096780111.1	26.250	88	81	90	80	58	1	9	87	1	80	1.45e-23	90.7
tr|A0A1K3H6J5|Release	GCF_019670125.1_WP_221076876.1	25.926	88	81	91	81	59	1	9	88	1	81	1.67e-23	90.7
tr|A0A1K3H6J5|Release	GCF_002215585.1_WP_088903590.1	31.169	88	89	88	77	53	0	6	82	3	79	2.05e-23	90.4
tr|A0A1K3H6J5|Release	GCF_029457395.1_WP_024766443.1	30.120	88	92	89	83	53	1	5	82	2	84	2.58e-23	90.4
tr|A0A1K3H6J5|Release	GCF_001007935.1_WP_046849946.1	19.753	88	84	91	81	64	1	8	87	4	84	4.12e-23	89.6
tr|A0A1K3H6J5|Release	GCF_002214395.1_WP_010453422.1	20.988	88	81	91	81	63	1	9	88	1	81	4.51e-23	89.6
tr|A0A1K3H6J5|Release	GCF_000214665.1_WP_013819542.1	23.377	88	83	86	77	57	2	10	85	6	81	5.75e-23	89.3
tr|A0A1K3H6J5|Release	GCF_001558415.2_WP_061055374.1	23.750	88	83	90	80	60	1	9	87	1	80	5.79e-23	89.3
tr|A0A1K3H6J5|Release	GCF_019669905.1_WP_054759186.1	24.691	88	79	91	81	56	2	8	87	3	79	5.90e-23	89.3
tr|A0A1K3H6J5|Release	GCF_001558255.2_WP_005504861.1	25.610	88	82	91	82	59	2	9	88	1	82	8.07e-23	88.8
tr|A0A1K3H6J5|Release	GCF_002005305.1_WP_077753428.1	29.114	88	86	89	79	55	1	5	82	2	80	8.87e-23	88.8
tr|A0A1K3H6J5|Release	GCF_001007875.1_WP_046858354.1	25.000	88	80	90	80	59	1	9	87	1	80	9.07e-23	88.8
tr|A0A1K3H6J5|Release	GCF_009068765.1_WP_151900329.1	26.250	88	81	90	80	58	1	9	87	1	80	1.12e-22	88.5
tr|A0A1K3H6J5|Release	GCF_024347595.1_WP_176681244.1	25.000	88	83	90	80	59	1	9	87	1	80	1.92e-22	87.9
tr|A0A1K3H6J5|Release	GCF_024347635.1_WP_139683960.1	22.500	88	83	90	80	61	1	9	87	1	80	2.06e-22	87.9
tr|A0A1K3H6J5|Release	GCF_024347035.1_WP_102941394.1	25.000	88	81	90	80	59	1	9	87	1	80	2.28e-22	87.6
tr|A0A1K3H6J5|Release	GCF_019670105.1_WP_040307707.1	22.222	88	81	91	81	62	1	9	88	1	81	2.43e-22	87.6
tr|A0A1K3H6J5|Release	GCF_024360925.2_WP_255188929.1	25.316	88	83	89	79	57	2	10	87	6	83	2.54e-22	87.6
tr|A0A1K3H6J5|Release	GCF_009938205.1_WP_075706454.1	26.250	88	82	90	80	58	1	9	87	1	80	2.74e-22	87.6
tr|A0A1K3H6J5|Release	GCF_024347655.1_WP_060467732.1	21.250	88	83	90	80	62	1	9	87	1	80	3.00e-22	87.3
tr|A0A1K3H6J5|Release	GCF_012971725.1_WP_169940133.1	30.120	88	92	89	83	53	1	5	82	2	84	3.12e-22	87.6
tr|A0A1K3H6J5|Release	GCF_000091465.1_WP_004733849.1	21.250	88	83	90	80	62	1	9	87	1	80	3.63e-22	87.3
tr|A0A1K3H6J5|Release	GCF_024347455.1_WP_135458404.1	21.250	88	83	90	80	62	1	9	87	1	80	3.78e-22	87.1
tr|A0A1K3H6J5|Release	GCF_000014885.1_WP_020912292.1	30.488	88	87	92	82	56	1	5	85	2	83	4.21e-22	87.1
tr|A0A1K3H6J5|Release	GCF_001596155.1_WP_068342236.1	23.596	88	90	97	89	60	4	3	87	1	85	4.31e-22	87.1
tr|A0A1K3H6J5|Release	GCF_001995825.2_WP_017057338.1	21.250	88	83	90	80	62	1	9	87	1	80	4.87e-22	86.8
tr|A0A1K3H6J5|Release	GCF_000968535.2_WP_014147785.1	27.160	88	84	91	81	57	2	8	87	4	83	5.58e-22	86.8
tr|A0A1K3H6J5|Release	GCF_016026875.1_WP_045525981.1	30.435	88	89	78	69	45	1	5	73	2	67	8.18e-22	86.5
tr|A0A1K3H6J5|Release	GCF_000785705.2_WP_036272019.1	25.000	88	82	86	76	56	1	10	85	6	80	8.96e-22	86.2
tr|A0A1K3H6J5|Release	GCF_020405345.1_WP_017780573.1	30.000	88	89	80	70	46	1	5	74	2	68	9.90e-22	86.2
tr|A0A1K3H6J5|Release	GCF_002849875.1_WP_232379112.1	26.744	88	113	93	86	59	1	6	87	28	113	1.09e-21	86.5
tr|A0A1K3H6J5|Release	GCF_000772105.1_WP_004748349.1	22.078	88	81	86	77	59	1	9	84	1	77	1.24e-21	85.9
tr|A0A1K3H6J5|Release	GCF_900233005.1_WP_102521318.1	20.000	88	81	90	80	63	1	9	87	1	80	1.26e-21	85.9
tr|A0A1K3H6J5|Release	GCF_003258315.1_WP_111337788.1	25.610	88	88	92	82	60	1	8	88	4	85	1.30e-21	85.9
tr|A0A1K3H6J5|Release	GCF_004358345.1_WP_121852852.1	34.286	88	76	78	70	45	1	3	71	1	70	1.47e-21	85.7
tr|A0A1K3H6J5|Release	GCF_001456255.1_WP_020335096.1	21.250	88	81	90	80	62	1	9	87	1	80	1.64e-21	85.7
tr|A0A1K3H6J5|Release	GCF_024362845.1_WP_255230807.1	22.222	88	82	91	81	62	1	9	88	1	81	1.67e-21	85.7
tr|A0A1K3H6J5|Release	GCF_014879975.1_WP_192888672.1	22.500	88	83	90	80	61	1	9	87	1	80	1.74e-21	85.4
tr|A0A1K3H6J5|Release	GCF_001831495.1_WP_068547707.1	25.000	88	81	90	80	59	1	9	87	1	80	1.76e-21	85.4
tr|A0A1K3H6J5|Release	GCF_003584645.1_WP_197716612.1	25.610	88	80	89	82	54	2	3	80	1	79	1.99e-21	85.4
tr|A0A1K3H6J5|Release	GCF_024582835.1_WP_257083279.1	20.000	88	87	90	80	63	1	9	87	1	80	2.05e-21	85.4
tr|A0A1K3H6J5|Release	GCF_024494545.1_WP_256384876.1	22.500	88	81	90	80	61	1	9	87	1	80	2.85e-21	84.8
tr|A0A1K3H6J5|Release	GCF_002906475.1_WP_012130247.1	21.250	88	81	90	80	62	1	9	87	1	80	3.07e-21	84.8
tr|A0A1K3H6J5|Release	GCF_001677435.1_WP_068615618.1	29.870	88	90	85	77	51	3	3	77	1	76	3.09e-21	85.1
tr|A0A1K3H6J5|Release	GCF_000770115.1_WP_069687890.1	22.500	88	81	90	80	61	1	9	87	1	80	4.75e-21	84.2
tr|A0A1K3H6J5|Release	GCF_002021755.1_WP_005434844.1	22.500	88	81	90	80	61	1	9	87	1	80	4.86e-21	84.2
tr|A0A1K3H6J5|Release	GCF_020149575.1_WP_224431657.1	30.435	88	85	78	69	45	1	6	74	3	68	4.97e-21	84.2
tr|A0A1K3H6J5|Release	GCF_000016065.1_WP_011864074.1	28.049	88	93	92	82	57	2	5	85	2	82	5.00e-21	84.5
tr|A0A1K3H6J5|Release	GCF_000148645.1_WP_013347076.1	29.870	88	80	86	77	53	1	12	87	3	79	6.06e-21	84.0
tr|A0A1K3H6J5|Release	GCF_008369605.1_WP_000253074.1	25.000	88	81	90	80	59	1	9	87	1	80	7.17e-21	84.0
tr|A0A1K3H6J5|Release	GCF_004328865.1_WP_104643907.1	31.250	88	83	90	80	54	1	9	87	1	80	7.25e-21	84.0
tr|A0A1K3H6J5|Release	GCF_000146165.2_WP_164925808.1	32.500	88	89	89	80	52	2	5	82	2	81	7.27e-21	84.0
tr|A0A1K3H6J5|Release	GCF_003966655.1_WP_113527441.1	22.222	88	77	82	72	56	0	3	74	1	72	8.30e-21	83.7
tr|A0A1K3H6J5|Release	GCF_020423125.1_WP_226170850.1	28.986	88	84	78	69	46	1	6	74	3	68	8.92e-21	83.7
tr|A0A1K3H6J5|Release	GCF_001020955.1_WP_047250467.1	29.630	88	82	88	81	53	2	1	77	1	81	9.04e-21	83.7
tr|A0A1K3H6J5|Release	GCF_019670485.1_WP_221071211.1	26.250	88	81	90	80	58	1	9	87	1	80	9.62e-21	83.7
tr|A0A1K3H6J5|Release	GCF_000019525.1_WP_012323084.1	26.923	88	81	88	78	56	1	9	85	1	78	9.93e-21	83.4
tr|A0A1K3H6J5|Release	GCF_006337165.1_WP_139515111.1	32.099	88	82	86	81	47	2	3	78	1	78	1.12e-20	83.4
tr|A0A1K3H6J5|Release	GCF_013462805.1_WP_009566961.1	22.222	88	77	82	72	56	0	3	74	1	72	1.13e-20	83.4
tr|A0A1K3H6J5|Release	GCF_028355655.1_WP_087756847.1	29.412	88	84	77	68	45	1	6	73	3	67	1.27e-20	83.4
tr|A0A1K3H6J5|Release	GCF_000014765.1_WP_011633385.1	20.732	88	89	92	82	64	1	8	88	3	84	1.83e-20	83.1
tr|A0A1K3H6J5|Release	GCF_024746855.1_WP_260492542.1	22.785	88	79	90	79	61	0	9	87	1	79	2.07e-20	82.6
tr|A0A1K3H6J5|Release	GCF_000801295.1_WP_171816254.1	30.380	88	99	86	79	52	1	1	76	1	79	2.26e-20	83.1
tr|A0A1K3H6J5|Release	GCF_000024825.1_WP_005460845.1	22.500	88	81	90	80	61	1	9	87	1	80	2.36e-20	82.6
tr|A0A1K3H6J5|Release	GCF_005877035.1_WP_039486662.1	31.250	88	83	90	80	54	1	9	87	1	80	2.46e-20	82.6
tr|A0A1K3H6J5|Release	GCF_001999225.1_WP_077537996.1	26.250	88	82	90	80	58	1	9	87	1	80	2.54e-20	82.6
tr|A0A1K3H6J5|Release	GCF_000238395.3_WP_010553578.1	30.000	88	83	90	80	55	1	9	87	1	80	2.62e-20	82.6
tr|A0A1K3H6J5|Release	GCF_005931095.1_WP_017839868.1	24.691	88	84	91	81	59	2	8	87	4	83	2.69e-20	82.6
tr|A0A1K3H6J5|Release	GCF_027625995.1_WP_270126807.1	29.630	88	82	86	81	49	2	3	78	1	78	3.15e-20	82.3
tr|A0A1K3H6J5|Release	GCF_003668795.1_WP_054981706.1	30.000	88	83	90	80	55	1	9	87	1	80	5.16e-20	81.7
tr|A0A1K3H6J5|Release	GCF_019797925.1_WP_193521737.1	26.667	88	80	85	75	55	0	9	83	1	75	6.31e-20	81.4
tr|A0A1K3H6J5|Release	GCF_003515105.1_WP_036973086.1	38.028	88	73	80	71	43	1	6	75	2	72	6.69e-20	81.2
tr|A0A1K3H6J5|Release	GCF_900637545.1_WP_042651794.1	31.429	88	84	80	70	45	1	5	74	2	68	6.98e-20	81.4
tr|A0A1K3H6J5|Release	GCF_016127195.1_WP_042032742.1	27.941	88	89	77	68	46	1	6	73	3	67	7.68e-20	81.4
tr|A0A1K3H6J5|Release	GCF_013283835.1_WP_071626507.1	24.675	88	83	84	77	52	2	3	76	1	74	7.73e-20	81.4
tr|A0A1K3H6J5|Release	GCF_008728635.1_WP_151087836.1	19.101	88	90	97	89	64	4	3	87	1	85	7.82e-20	81.4
tr|A0A1K3H6J5|Release	GCF_024347495.1_WP_137371745.1	22.500	88	80	90	80	61	1	9	87	1	80	7.82e-20	81.2
tr|A0A1K3H6J5|Release	GCF_002221525.1_WP_089349457.1	30.000	88	83	90	80	55	1	9	87	1	80	8.11e-20	81.2
tr|A0A1K3H6J5|Release	GCF_009363415.1_WP_152430616.1	20.000	88	84	90	80	63	1	9	87	1	80	8.12e-20	81.2
tr|A0A1K3H6J5|Release	GCF_002887615.1_WP_038869703.1	21.250	88	81	90	80	62	1	9	87	1	80	1.09e-19	80.9
tr|A0A1K3H6J5|Release	GCF_004355185.1_WP_133271280.1	34.177	88	81	84	79	44	2	5	78	2	77	1.38e-19	80.6
tr|A0A1K3H6J5|Release	GCF_004001245.1_WP_127478562.1	30.864	88	85	86	81	51	2	1	76	1	81	1.38e-19	80.6
tr|A0A1K3H6J5|Release	GCF_001507645.1_WP_068195976.1	25.301	88	90	90	83	55	2	3	81	1	80	1.68e-19	80.6
tr|A0A1K3H6J5|Release	GCF_019977755.1_WP_126608378.1	25.882	88	103	89	85	56	2	8	85	14	98	1.68e-19	80.9
tr|A0A1K3H6J5|Release	GCF_001455205.1_WP_062560013.1	25.974	88	84	86	77	55	2	10	85	6	81	1.74e-19	80.3
tr|A0A1K3H6J5|Release	GCF_008364325.2_WP_020826409.1	24.051	88	84	89	79	56	2	5	82	2	77	1.87e-19	80.3
tr|A0A1K3H6J5|Release	GCF_008693705.1_WP_127008315.1	29.412	88	84	77	68	45	1	6	73	3	67	2.35e-19	80.0
tr|A0A1K3H6J5|Release	GCF_003574965.1_WP_119445661.1	30.864	88	82	86	81	48	2	3	78	1	78	2.69e-19	80.0
tr|A0A1K3H6J5|Release	GCF_000576555.1_WP_044000633.1	31.250	88	83	85	80	47	2	4	78	3	79	2.87e-19	79.7
tr|A0A1K3H6J5|Release	GCF_003990335.1_WP_127025819.1	21.429	88	91	80	70	55	0	11	80	7	76	2.90e-19	80.0
tr|A0A1K3H6J5|Release	GCF_024347675.1_WP_261835500.1	27.500	88	81	90	80	57	1	9	87	1	80	3.87e-19	79.5
tr|A0A1K3H6J5|Release	GCF_010093065.1_WP_238430213.1	27.059	88	83	91	85	54	3	1	80	2	83	3.88e-19	79.5
tr|A0A1K3H6J5|Release	GCF_008931805.1_WP_019441510.1	23.750	88	81	90	80	60	1	9	87	1	80	4.39e-19	79.5
tr|A0A1K3H6J5|Release	GCF_000940995.1_WP_082060442.1	22.989	88	93	98	87	66	1	3	88	1	87	4.51e-19	79.5
tr|A0A1K3H6J5|Release	GCF_014169735.1_WP_134997272.1	24.638	88	86	78	69	49	1	6	74	3	68	4.67e-19	79.5
tr|A0A1K3H6J5|Release	GCF_019703835.1_WP_087020305.1	25.974	88	79	88	77	54	1	12	88	3	76	4.86e-19	79.2
tr|A0A1K3H6J5|Release	GCF_013137895.1_WP_135435790.1	31.707	88	83	88	82	47	3	1	77	1	78	5.12e-19	79.2
tr|A0A1K3H6J5|Release	GCF_003568825.1_WP_040644076.1	21.687	88	83	90	83	61	1	9	87	1	83	5.50e-19	79.2
tr|A0A1K3H6J5|Release	GCF_017638925.1_WP_208844867.1	25.974	88	81	88	77	57	0	9	85	1	77	5.66e-19	79.2
tr|A0A1K3H6J5|Release	GCF_008632455.1_WP_150048082.1	23.077	88	84	88	78	58	2	9	85	5	81	6.30e-19	78.9
tr|A0A1K3H6J5|Release	GCF_009755585.1_WP_157030071.1	23.171	88	85	89	82	56	2	3	80	1	79	6.46e-19	78.9
tr|A0A1K3H6J5|Release	GCF_022827545.1_WP_243798205.1	32.099	88	82	86	81	47	2	3	78	1	78	6.64e-19	78.9
tr|A0A1K3H6J5|Release	GCF_020844025.1_WP_215848879.1	22.222	88	77	82	72	56	0	3	74	1	72	6.88e-19	78.9
tr|A0A1K3H6J5|Release	GCF_003015165.1_WP_106887831.1	27.536	88	84	78	69	47	1	6	74	3	68	6.99e-19	78.9
tr|A0A1K3H6J5|Release	GCF_003149515.1_WP_109656005.1	21.348	88	90	97	89	62	3	3	87	1	85	7.58e-19	78.9
tr|A0A1K3H6J5|Release	GCF_009662475.1_WP_031573754.1	23.529	88	79	77	68	52	0	3	70	1	68	8.27e-19	78.6
tr|A0A1K3H6J5|Release	GCF_022811645.1_WP_243511723.1	23.596	88	90	97	89	60	3	3	87	1	85	1.00e-18	78.6
tr|A0A1K3H6J5|Release	GCF_001431725.1_WP_021820278.1	20.000	88	81	90	80	63	1	9	87	1	80	1.10e-18	78.3
tr|A0A1K3H6J5|Release	GCF_006364355.1_WP_004727652.1	26.250	88	83	90	80	58	1	9	87	1	80	1.51e-18	78.1
tr|A0A1K3H6J5|Release	GCF_016026615.1_WP_197928313.1	27.941	88	89	77	68	46	1	6	73	3	67	1.53e-18	78.1
tr|A0A1K3H6J5|Release	GCF_003967195.1_WP_172597571.1	30.000	88	83	85	80	51	2	3	77	2	81	2.14e-18	77.5
tr|A0A1K3H6J5|Release	GCF_002762215.1_WP_085750011.1	26.316	88	87	82	76	49	3	4	75	3	75	3.10e-18	77.2
tr|A0A1K3H6J5|Release	GCF_002157895.1_WP_227874980.1	23.457	88	82	91	81	61	1	9	88	2	82	4.54e-18	76.7
tr|A0A1K3H6J5|Release	GCF_012295615.1_WP_007018284.1	17.949	88	81	88	78	63	1	9	85	1	78	5.11e-18	76.7
tr|A0A1K3H6J5|Release	GCF_013177675.1_WP_172128285.1	23.377	88	81	84	77	53	2	3	76	1	74	5.23e-18	76.7
tr|A0A1K3H6J5|Release	GCF_000024005.1_WP_012793320.1	27.381	88	84	91	84	54	2	2	81	3	83	6.10e-18	76.4
tr|A0A1K3H6J5|Release	GCF_002215215.1_WP_088918776.1	33.333	88	101	94	84	54	2	5	87	15	97	9.37e-18	76.4
tr|A0A1K3H6J5|Release	GCF_013343005.1_WP_078482823.1	28.395	88	84	86	81	53	2	3	78	1	81	1.27e-17	75.8
tr|A0A1K3H6J5|Release	GCF_010093065.1_WP_162331416.1	24.390	88	84	89	82	55	2	4	81	5	83	1.29e-17	75.5
tr|A0A1K3H6J5|Release	GCF_003346815.1_WP_114840342.1	24.051	88	82	86	79	54	2	3	78	1	76	1.31e-17	75.5
tr|A0A1K3H6J5|Release	GCF_026427595.1_WP_251812951.1	24.691	88	88	86	81	56	2	12	87	7	87	1.31e-17	75.8
tr|A0A1K3H6J5|Release	GCF_007197555.1_WP_144048375.1	28.409	88	94	92	88	56	2	5	85	2	89	1.32e-17	75.8
tr|A0A1K3H6J5|Release	GCF_000021985.1_WP_012639500.1	32.432	88	82	78	74	45	2	3	71	1	74	1.58e-17	75.5
tr|A0A1K3H6J5|Release	GCF_003353065.1_WP_114983154.1	27.632	88	84	82	76	48	3	1	72	1	73	2.17e-17	75.0
tr|A0A1K3H6J5|Release	GCF_004214795.1_WP_130234502.1	21.795	88	78	85	78	55	2	3	77	1	75	2.20e-17	75.0
tr|A0A1K3H6J5|Release	GCF_000212735.1_WP_013764159.1	26.582	88	83	85	79	51	2	1	75	1	76	2.28e-17	75.0
tr|A0A1K3H6J5|Release	GCF_002142475.1_WP_026148861.1	30.263	88	86	82	76	46	2	5	76	2	74	4.05e-17	74.4
tr|A0A1K3H6J5|Release	GCF_001651805.1_WP_067384150.1	33.803	88	78	75	71	42	3	7	72	4	74	5.02e-17	74.1
tr|A0A1K3H6J5|Release	GCF_013201725.1_WP_014475480.1	25.974	88	74	84	77	51	2	3	76	1	74	5.38e-17	73.8
tr|A0A1K3H6J5|Release	GCF_013177635.1_WP_129095542.1	22.973	88	72	81	74	51	2	3	73	1	71	5.91e-17	73.8
tr|A0A1K3H6J5|Release	GCF_018736065.1_WP_144074266.1	32.353	88	76	77	68	42	2	7	74	10	73	6.01e-17	73.8
tr|A0A1K3H6J5|Release	GCF_000828615.1_WP_041064380.1	27.500	88	80	85	80	53	3	1	75	1	80	6.22e-17	73.8
tr|A0A1K3H6J5|Release	GCF_902810445.1_WP_197744199.1	22.078	88	78	83	77	53	3	5	77	2	75	6.78e-17	73.8
tr|A0A1K3H6J5|Release	GCF_003970675.1_WP_126615366.1	33.824	88	76	77	68	41	2	7	74	10	73	7.45e-17	73.6
tr|A0A1K3H6J5|Release	GCF_002355415.1_WP_148665551.1	30.137	88	87	78	73	47	2	6	74	13	85	7.48e-17	73.8
tr|A0A1K3H6J5|Release	GCF_000788395.1_WP_038641921.1	25.676	88	85	83	74	54	1	8	80	3	76	7.82e-17	73.6
tr|A0A1K3H6J5|Release	GCF_003346775.1_WP_114843067.1	24.675	88	84	84	77	52	2	3	76	1	74	7.87e-17	73.6
tr|A0A1K3H6J5|Release	GCF_002355735.1_WP_096359192.1	25.000	88	83	82	76	53	2	4	75	7	82	1.01e-16	73.3
tr|A0A1K3H6J5|Release	GCF_009938015.1_WP_223264517.1	29.114	88	90	84	79	51	3	1	74	1	79	1.35e-16	73.3
tr|A0A1K3H6J5|Release	GCF_002157225.2_WP_086934278.1	26.027	88	80	83	73	54	0	10	82	5	77	1.42e-16	73.0
tr|A0A1K3H6J5|Release	GCF_003544915.1_WP_118918525.1	25.000	88	73	83	76	51	2	3	75	1	73	1.56e-16	72.7
tr|A0A1K3H6J5|Release	GCF_004028275.1_WP_128384077.1	22.973	88	77	80	74	53	2	9	78	2	75	1.60e-16	72.7
tr|A0A1K3H6J5|Release	GCF_013201935.1_WP_129014602.1	22.973	88	72	81	74	51	2	3	73	1	71	1.62e-16	72.7
tr|A0A1K3H6J5|Release	GCF_001955715.1_WP_029708890.1	26.027	88	80	78	73	47	2	5	73	2	71	2.79e-16	72.2
tr|A0A1K3H6J5|Release	GCF_000019185.1_WP_012277931.1	19.192	88	100	90	99	60	2	9	87	1	99	3.24e-16	72.4
tr|A0A1K3H6J5|Release	GCF_002557795.1_WP_098194977.1	22.892	88	89	86	83	54	3	1	76	1	80	3.58e-16	72.2
tr|A0A1K3H6J5|Release	GCF_016613475.2_WP_200606805.1	23.750	88	90	85	80	53	3	1	75	1	77	3.88e-16	71.9
tr|A0A1K3H6J5|Release	GCF_003063625.1_WP_108601906.1	37.705	88	85	69	61	38	0	10	70	5	65	4.28e-16	71.9
tr|A0A1K3H6J5|Release	GCF_002218045.2_WP_089137819.1	38.356	88	79	78	73	41	2	6	74	5	77	4.42e-16	71.6
tr|A0A1K3H6J5|Release	GCF_015209785.1_WP_193988300.1	39.706	88	73	76	68	40	1	6	72	2	69	4.93e-16	71.3
tr|A0A1K3H6J5|Release	GCF_010119975.1_WP_162445115.1	23.750	88	365	86	80	53	2	4	79	8	83	5.12e-16	76.4
tr|A0A1K3H6J5|Release	GCF_013201665.1_WP_128359868.1	18.750	88	81	88	80	59	2	3	79	1	77	7.25e-16	71.0
tr|A0A1K3H6J5|Release	GCF_001442805.1_WP_057942092.1	23.077	88	88	84	78	53	2	2	75	3	77	7.79e-16	71.3
tr|A0A1K3H6J5|Release	GCF_000026085.1_WP_041454550.1	38.028	88	73	78	71	41	3	6	74	2	71	1.35e-15	70.2
tr|A0A1K3H6J5|Release	GCF_000321415.2_WP_015260329.1	32.955	88	93	95	88	53	3	1	84	1	86	1.81e-15	70.5
tr|A0A1K3H6J5|Release	GCF_004421105.1_WP_134356453.1	21.795	88	80	84	78	54	3	5	78	2	76	1.97e-15	69.9
tr|A0A1K3H6J5|Release	GCF_000014785.1_WP_011630183.1	32.468	88	83	83	77	48	2	4	76	7	83	2.15e-15	69.9
tr|A0A1K3H6J5|Release	GCF_020091585.1_WP_224339804.1	24.675	88	82	83	77	51	2	5	77	2	75	2.62e-15	69.6
tr|A0A1K3H6J5|Release	GCF_005166025.1_WP_137090244.1	25.000	88	84	82	76	50	2	3	74	1	73	2.65e-15	69.9
tr|A0A1K3H6J5|Release	GCF_000227685.2_WP_006746304.1	30.864	88	83	88	81	52	2	1	77	1	81	3.52e-15	69.3
tr|A0A1K3H6J5|Release	GCF_008807855.1_WP_063240334.1	24.359	88	83	84	78	52	2	2	75	3	77	4.33e-15	69.3
tr|A0A1K3H6J5|Release	GCF_024347195.1_WP_271272618.1	33.333	88	77	77	72	44	2	5	72	2	73	4.90e-15	69.1
tr|A0A1K3H6J5|Release	GCF_002356115.1_WP_096526481.1	18.182	88	78	83	77	56	2	5	77	2	75	5.61e-15	68.8
tr|A0A1K3H6J5|Release	GCF_008122265.1_WP_148863603.1	19.481	88	84	83	77	55	2	5	77	2	75	5.64e-15	69.1
tr|A0A1K3H6J5|Release	GCF_018389385.1_WP_218082190.1	22.368	88	91	82	76	52	2	2	73	13	85	1.07e-14	68.2
tr|A0A1K3H6J5|Release	GCF_024347275.1_WP_019620968.1	28.395	88	82	86	81	53	3	5	80	2	82	1.13e-14	68.2
tr|A0A1K3H6J5|Release	GCF_000143085.1_WP_013221711.1	23.684	88	82	82	76	51	3	6	77	3	75	1.22e-14	67.9
tr|A0A1K3H6J5|Release	GCF_001050135.1_WP_048644179.1	20.253	88	88	85	79	56	3	1	75	1	76	1.28e-14	68.2
tr|A0A1K3H6J5|Release	GCF_024347255.1_WP_091360415.1	27.397	88	79	77	73	48	2	5	72	2	74	1.54e-14	67.7
tr|A0A1K3H6J5|Release	GCF_023733635.1_WP_039959400.1	27.500	88	89	85	80	53	2	5	79	2	81	1.62e-14	67.9
tr|A0A1K3H6J5|Release	GCF_000012805.1_WP_011330264.1	22.368	88	85	82	76	52	3	6	77	3	75	2.37e-14	67.4
tr|A0A1K3H6J5|Release	GCF_003855395.1_WP_124730567.1	20.482	88	88	89	83	61	2	9	86	3	85	2.40e-14	67.4
tr|A0A1K3H6J5|Release	GCF_000014705.1_WP_011637758.1	21.687	88	88	89	83	60	2	9	86	3	85	2.40e-14	67.4
tr|A0A1K3H6J5|Release	GCF_000147355.1_WP_013326989.1	23.077	88	67	73	65	49	1	23	86	1	65	3.68e-14	66.5
tr|A0A1K3H6J5|Release	GCF_000092245.1_WP_013136435.1	28.767	88	76	80	73	46	2	7	76	2	71	4.04e-14	66.5
tr|A0A1K3H6J5|Release	GCF_000317125.1_WP_015155280.1	18.987	88	81	85	79	57	3	5	79	2	77	4.06e-14	66.8
tr|A0A1K3H6J5|Release	GCF_019891175.1_WP_225938383.1	22.892	88	93	90	83	56	3	1	79	7	85	6.73e-14	66.2
tr|A0A1K3H6J5|Release	GCF_004798725.1_WP_010811758.1	23.077	88	83	84	78	53	2	2	75	3	77	6.81e-14	66.2
tr|A0A1K3H6J5|Release	GCF_001956695.1_WP_076086034.1	20.270	88	77	80	74	52	2	7	76	2	72	7.11e-14	66.0
tr|A0A1K3H6J5|Release	GCF_003955735.1_WP_126127786.1	23.077	88	91	84	78	53	3	2	75	4	78	8.11e-14	66.2
tr|A0A1K3H6J5|Release	GCF_000012325.1_WP_011045621.1	29.851	88	84	76	67	47	0	10	76	5	71	1.41e-13	65.4
tr|A0A1K3H6J5|Release	GCF_003722295.1_WP_010573895.1	25.000	88	75	80	76	48	2	5	74	2	74	1.70e-13	65.1
tr|A0A1K3H6J5|Release	GCF_013283835.1_WP_071625892.1	24.000	88	79	78	75	48	2	7	75	2	73	2.18e-13	64.8
tr|A0A1K3H6J5|Release	GCF_001956695.1_WP_076086043.1	24.675	88	77	84	77	52	2	5	78	2	75	2.19e-13	64.8
tr|A0A1K3H6J5|Release	GCF_024347215.1_WP_261843265.1	30.556	88	77	77	72	46	2	5	72	2	73	2.45e-13	64.6
tr|A0A1K3H6J5|Release	GCF_000222485.1_WP_014022977.1	24.359	88	85	84	78	52	3	1	74	1	75	2.69e-13	64.6
tr|A0A1K3H6J5|Release	GCF_000265505.1_WP_014796533.1	23.529	88	97	84	85	54	2	4	77	3	87	3.58e-13	64.6
tr|A0A1K3H6J5|Release	GCF_000018105.1_WP_012162738.1	12.821	88	86	84	78	61	2	5	78	2	76	4.27e-13	64.3
tr|A0A1K3H6J5|Release	GCF_000024725.1_WP_013031543.1	20.513	88	81	84	78	55	3	5	78	2	76	5.31e-13	63.7
tr|A0A1K3H6J5|Release	GCF_000317575.1_WP_015193670.1	24.324	88	74	80	74	49	3	5	74	2	72	9.60e-13	63.2
tr|A0A1K3H6J5|Release	GCF_006385555.1_WP_140234395.1	27.711	88	87	89	83	55	2	8	85	2	84	1.32e-12	62.9
tr|A0A1K3H6J5|Release	GCF_000018285.1_WP_012155987.1	20.000	88	102	83	95	54	2	9	81	1	95	1.38e-12	63.2
tr|A0A1K3H6J5|Release	GCF_013282625.1_WP_173286717.1	29.412	88	67	77	68	45	1	9	76	2	66	2.15e-12	62.0
tr|A0A1K3H6J5|Release	GCF_013201665.1_WP_128358834.1	23.611	88	76	78	72	49	2	7	75	2	70	4.34e-12	61.5
tr|A0A1K3H6J5|Release	GCF_013201935.1_WP_128987185.1	23.611	88	76	78	72	49	2	7	75	2	70	4.59e-12	61.5
tr|A0A1K3H6J5|Release	GCF_009937995.1_WP_179954406.1	24.359	88	79	83	78	54	2	5	77	2	79	6.16e-12	61.2
tr|A0A1K3H6J5|Release	GCF_013177635.1_WP_129095951.1	23.611	88	76	78	72	49	2	7	75	2	70	6.56e-12	60.9
tr|A0A1K3H6J5|Release	GCF_003544815.1_WP_118886031.1	23.611	88	76	78	72	49	2	7	75	2	70	7.44e-12	60.9
tr|A0A1K3H6J5|Release	GCF_020511155.1_WP_226415657.1	17.647	88	87	91	85	65	2	8	87	3	87	7.49e-12	60.9
tr|A0A1K3H6J5|Release	GCF_000973725.1_WP_046311560.1	22.785	88	91	85	79	54	3	3	77	1	76	7.95e-12	60.9
tr|A0A1K3H6J5|Release	GCF_001705075.2_WP_065970077.1	23.077	88	78	84	78	56	2	3	76	1	78	1.55e-11	60.1
tr|A0A1K3H6J5|Release	GCF_000238255.3_WP_010559905.1	24.638	88	86	77	69	51	1	8	75	3	71	1.55e-11	60.1
tr|A0A1K3H6J5|Release	GCF_024347675.1_WP_261833361.1	34.091	88	54	50	44	29	0	9	52	1	44	4.16e-11	58.6
tr|A0A1K3H6J5|Release	GCF_000006765.1_NP_249630.1	28.571	88	108	89	84	54	1	5	82	2	85	5.26e-11	59.2
tr|A0A1K3H6J5|Release	GCF_013177675.1_WP_172126669.1	25.000	88	77	78	72	48	2	7	75	2	70	5.54e-11	58.6
tr|A0A1K3H6J5|Release	GCF_011398355.1_WP_173270160.1	26.154	88	65	74	65	45	1	9	73	2	63	6.91e-11	58.1
tr|A0A1K3H6J5|Release	GCF_021654855.1_WP_237262080.1	24.638	88	70	74	69	45	2	10	74	3	68	8.19e-11	58.1
tr|A0A1K3H6J5|Release	GCF_004293625.1_WP_130538367.1	33.898	88	71	67	59	36	1	9	67	2	57	1.15e-10	57.8
tr|A0A1K3H6J5|Release	GCF_001444405.1_WP_058032142.1	21.429	88	87	78	70	54	1	9	77	1	70	1.31e-10	57.8
tr|A0A1K3H6J5|Release	GCF_002309535.1_WP_096047558.1	23.944	88	88	77	71	48	2	9	76	4	71	2.23e-10	57.2
tr|A0A1K3H6J5|Release	GCF_017742995.1_WP_247749573.1	43.243	88	48	42	37	21	0	9	45	1	37	2.46e-10	56.4
tr|A0A1K3H6J5|Release	GCF_009931655.1_WP_161888514.1	17.241	88	89	94	87	64	3	3	85	1	83	2.77e-10	57.0
tr|A0A1K3H6J5|Release	GCF_000568815.1_WP_025346049.1	22.222	88	76	78	72	50	2	8	76	3	71	3.13e-10	56.7
tr|A0A1K3H6J5|Release	GCF_003346815.1_WP_114840344.1	25.000	88	84	83	76	51	2	5	77	2	74	3.53e-10	56.7
tr|A0A1K3H6J5|Release	GCF_001723605.1_WP_069479051.1	24.286	88	76	76	70	47	2	10	76	5	71	6.59e-10	55.8
tr|A0A1K3H6J5|Release	GCF_000265295.1_WP_014770430.1	22.222	88	76	78	72	50	2	8	76	3	71	1.31e-09	55.0
tr|A0A1K3H6J5|Release	GCF_000013765.1_WP_011496543.1	21.687	88	106	89	83	60	2	10	87	23	105	1.34e-09	55.6
tr|A0A1K3H6J5|Release	GCF_026278345.1_WP_266369249.1	20.732	88	90	89	82	57	4	5	82	2	79	1.49e-09	55.3
tr|A0A1K3H6J5|Release	GCF_023650495.1_WP_250655372.1	22.642	88	88	56	53	37	1	8	56	3	55	1.85e-09	55.0
tr|A0A1K3H6J5|Release	GCF_011398355.1_WP_173270199.1	24.242	88	66	75	66	47	1	9	74	2	64	1.93e-09	54.4
tr|A0A1K3H6J5|Release	GCF_013283835.1_WP_071628250.1	22.973	88	81	81	74	51	2	5	75	2	72	2.07e-09	54.7
tr|A0A1K3H6J5|Release	GCF_003967275.1_WP_197721837.1	27.027	88	78	80	74	50	3	3	72	1	74	3.27e-09	54.1
tr|A0A1K3H6J5|Release	GCF_005281475.1_WP_137401239.1	23.377	88	81	84	77	53	3	6	79	2	75	9.03e-09	53.0
tr|A0A1K3H6J5|Release	GCF_011398155.1_WP_173291533.1	18.571	88	71	78	70	53	2	10	78	3	69	1.28e-08	52.5
tr|A0A1K3H6J5|Release	GCF_014217805.1_WP_185274331.1	15.584	88	91	83	77	58	2	5	77	6	79	1.62e-08	52.5
tr|A0A1K3H6J5|Release	GCF_019931735.1_WP_223417223.1	18.519	88	87	86	81	61	3	10	85	4	84	3.59e-08	51.6
tr|A0A1K3H6J5|Release	GCF_006575665.1_WP_141613356.1	24.000	88	81	82	75	51	3	6	77	2	73	6.05e-08	51.1
tr|A0A1K3H6J5|Release	GCF_000242635.2_WP_014682426.1	21.429	88	83	75	70	48	2	14	79	11	77	1.16e-07	50.2
tr|A0A1K3H6J5|Release	GCF_000484535.1_WP_023173213.1	23.529	88	91	76	68	51	1	12	78	24	91	1.50e-07	50.2
tr|A0A1K3H6J5|Release	GCF_021018745.1_WP_230843504.1	25.373	88	92	75	67	49	1	12	77	24	90	3.78e-07	49.1
tr|A0A1K3H6J5|Release	GCF_003260975.1_WP_112783789.1	23.288	88	81	80	73	50	3	6	75	2	71	3.93e-07	48.8
tr|A0A1K3H6J5|Release	GCF_000011385.1_WP_011141833.1	25.373	88	92	75	67	49	1	12	77	24	90	9.69e-07	48.0
tr|A0A1K3H6J5|Release	GCF_001027285.1_WP_047859305.1	26.531	88	80	56	49	36	0	12	60	12	60	1.00e-06	47.7
tr|A0A1K3H6J5|Release	GCF_011764585.1_WP_188200227.1	28.571	88	63	58	56	35	2	23	73	2	57	1.47e-06	47.1
tr|A0A1K3H6J5|Release	GCF_002116735.1_WP_041332374.1	16.883	88	86	83	77	57	2	4	76	7	80	5.23e-06	46.0
tr|A0A1K3H6J5|Release	GCF_014075995.1_WP_182414414.1	15.190	88	91	85	79	60	2	3	77	4	79	8.88e-06	45.7
tr|A0A1K3H6J5|Release	GCF_003143555.1_WP_109340539.1	17.333	88	84	82	75	59	1	12	83	5	79	1.99e-04	42.1
tr|A0A1K3H6J5|Release	GCF_003945325.1_WP_125566010.1	25.352	88	327	73	71	45	4	24	87	165	234	5.41e-04	43.2
tr|A0A1K3H6J5|Release	GCF_009937995.1_WP_162085741.1	20.779	88	82	81	77	55	2	3	73	1	77	7.24e-04	40.6
tr|A0A1K3H6J5|Release	GCF_018388465.1_WP_208290210.1	26.471	88	316	74	68	47	2	16	80	139	206	0.002	41.8
tr|A0A1K3H6J5|Release	GCF_010119975.1_WP_162441452.1	16.456	88	89	85	79	59	2	3	77	1	76	0.004	38.7
tr|A0A1K3H6J5|Release	GCF_001263175.1_WP_050726405.1	33.333	88	81	51	45	30	0	12	56	12	56	0.004	38.7
# PSIBLAST 2.13.0+
# Iteration: 6
# Query: tr|A0A1K3H6J5|Release 2019_07/2019_07|31-Jul-2019
# Database: db/chosen-bacteria_proteome_exDup
# Fields: query id, subject id, % identity, query length, subject length, % query coverage per subject, alignment length, mismatches, gap opens, q. start, q. end, s. start, s. end, evalue, bit score
# 465 hits found
tr|A0A1K3H6J5|Release	GCF_001518835.1_WP_059308693.1	67.442	88	86	98	86	28	0	1	86	1	86	1.78e-38	128
tr|A0A1K3H6J5|Release	GCF_001461805.1_WP_013367515.1	69.767	88	86	98	86	26	0	1	86	1	86	1.88e-38	128
tr|A0A1K3H6J5|Release	GCF_021172065.1_WP_015965827.1	63.953	88	86	98	86	31	0	1	86	1	86	2.71e-38	128
tr|A0A1K3H6J5|Release	GCF_009036245.1_WP_025756830.1	65.116	88	86	98	86	30	0	1	86	1	86	2.82e-38	128
tr|A0A1K3H6J5|Release	GCF_009176645.1_WP_152083529.1	65.116	88	86	98	86	30	0	1	86	1	86	3.52e-38	128
tr|A0A1K3H6J5|Release	GCF_020097475.1_WP_000062318.1	67.442	88	86	98	86	28	0	1	86	1	86	4.40e-38	127
tr|A0A1K3H6J5|Release	GCF_001683395.1_WP_017458015.1	65.116	88	86	98	86	30	0	1	86	1	86	8.24e-38	127
tr|A0A1K3H6J5|Release	GCF_007632255.1_WP_015368146.1	65.116	88	86	98	86	30	0	1	86	1	86	8.58e-38	127
tr|A0A1K3H6J5|Release	GCF_003594935.2_WP_006173581.1	66.279	88	86	98	86	29	0	1	86	1	86	1.06e-37	127
tr|A0A1K3H6J5|Release	GCF_001658025.2_WP_007373243.1	65.116	88	86	98	86	30	0	1	86	1	86	1.17e-37	126
tr|A0A1K3H6J5|Release	GCF_001022135.1_WP_039078449.1	66.279	88	86	98	86	29	0	1	86	1	86	1.17e-37	126
tr|A0A1K3H6J5|Release	GCF_000224675.1_WP_010426685.1	65.116	88	86	98	86	30	0	1	86	1	86	1.52e-37	126
tr|A0A1K3H6J5|Release	GCF_015137655.1_WP_028015593.1	63.953	88	86	98	86	31	0	1	86	1	86	1.71e-37	126
tr|A0A1K3H6J5|Release	GCF_000006925.2_NP_706134.1	66.279	88	86	98	86	29	0	1	86	1	86	1.74e-37	126
tr|A0A1K3H6J5|Release	GCF_027886705.1_WP_061497537.1	65.116	88	86	98	86	30	0	1	86	1	86	1.77e-37	126
tr|A0A1K3H6J5|Release	GCF_001729805.1_WP_008501890.1	63.953	88	86	98	86	31	0	1	86	1	86	1.81e-37	126
tr|A0A1K3H6J5|Release	GCF_023195735.1_WP_035891978.1	68.605	88	86	98	86	27	0	1	86	1	86	2.32e-37	125
tr|A0A1K3H6J5|Release	GCF_025914095.1_WP_031518416.1	65.116	88	86	98	86	30	0	1	86	1	86	2.35e-37	125
tr|A0A1K3H6J5|Release	GCF_016904755.1_WP_059234959.1	63.953	88	86	98	86	31	0	1	86	1	86	2.43e-37	125
tr|A0A1K3H6J5|Release	GCF_009363135.1_WP_090122691.1	66.279	88	86	98	86	29	0	1	86	1	86	3.13e-37	125
tr|A0A1K3H6J5|Release	GCF_001750725.1_WP_014168720.1	63.953	88	86	98	86	31	0	1	86	1	86	3.29e-37	125
tr|A0A1K3H6J5|Release	GCF_009649915.1_WP_062772223.1	67.442	88	86	98	86	28	0	1	86	1	86	3.34e-37	125
tr|A0A1K3H6J5|Release	GCF_019048625.1_WP_023305471.1	66.279	88	86	98	86	29	0	1	86	1	86	5.21e-37	125
tr|A0A1K3H6J5|Release	GCF_003812345.1_WP_003018503.1	65.116	88	86	98	86	30	0	1	86	1	86	6.21e-37	125
tr|A0A1K3H6J5|Release	GCF_001277255.1_WP_007666633.1	62.791	88	86	98	86	32	0	1	86	1	86	6.21e-37	125
tr|A0A1K3H6J5|Release	GCF_001558935.2_WP_042323659.1	66.279	88	86	98	86	29	0	1	86	1	86	6.41e-37	124
tr|A0A1K3H6J5|Release	GCF_021278985.1_WP_012904575.1	65.116	88	86	98	86	30	0	1	86	1	86	6.67e-37	124
tr|A0A1K3H6J5|Release	GCF_004684345.1_WP_135323069.1	66.279	88	86	98	86	29	0	1	86	1	86	6.77e-37	124
tr|A0A1K3H6J5|Release	GCF_002393445.1_WP_061273728.1	61.176	88	86	97	85	33	0	1	85	1	85	6.88e-37	124
tr|A0A1K3H6J5|Release	GCF_004353845.1_WP_103768334.1	63.953	88	86	98	86	31	0	1	86	1	86	7.69e-37	124
tr|A0A1K3H6J5|Release	GCF_022637515.1_WP_064539750.1	61.628	88	86	98	86	33	0	1	86	1	86	9.16e-37	124
tr|A0A1K3H6J5|Release	GCF_900638065.1_WP_048212636.1	65.116	88	86	98	86	30	0	1	86	1	86	9.31e-37	124
tr|A0A1K3H6J5|Release	GCF_001277175.1_WP_007760020.1	60.465	88	86	98	86	34	0	1	86	1	86	1.02e-36	124
tr|A0A1K3H6J5|Release	GCF_018128425.1_WP_042289833.1	65.116	88	86	98	86	30	0	1	86	1	86	1.09e-36	124
tr|A0A1K3H6J5|Release	GCF_000240185.1_YP_005225236.1	63.953	88	86	98	86	31	0	1	86	1	86	1.09e-36	124
tr|A0A1K3H6J5|Release	GCF_003261575.2_WP_110272453.1	65.116	88	86	98	86	30	0	1	86	1	86	1.20e-36	124
tr|A0A1K3H6J5|Release	GCF_003812925.1_WP_004107903.1	62.791	88	86	98	86	32	0	1	86	1	86	1.34e-36	124
tr|A0A1K3H6J5|Release	GCF_001277215.2_WP_007776988.1	60.465	88	86	98	86	34	0	1	86	1	86	1.42e-36	123
tr|A0A1K3H6J5|Release	GCF_001277195.1_WP_032966924.1	62.791	88	86	98	86	32	0	1	86	1	86	1.49e-36	123
tr|A0A1K3H6J5|Release	GCF_018139045.1_WP_004129134.1	62.791	88	86	98	86	32	0	1	86	1	86	1.66e-36	123
tr|A0A1K3H6J5|Release	GCF_900635955.1_WP_126357486.1	61.176	88	86	97	85	33	0	1	85	1	85	2.18e-36	123
tr|A0A1K3H6J5|Release	GCF_009648935.1_WP_047417117.1	63.953	88	86	98	86	31	0	1	86	1	86	2.25e-36	123
tr|A0A1K3H6J5|Release	GCF_015139575.1_WP_004098776.1	63.953	88	86	98	86	31	0	1	86	1	86	2.40e-36	123
tr|A0A1K3H6J5|Release	GCF_006711645.1_WP_100682484.1	65.116	88	86	98	86	30	0	1	86	1	86	2.42e-36	123
tr|A0A1K3H6J5|Release	GCF_003935895.2_WP_110510858.1	65.882	88	86	97	85	29	0	1	85	1	85	2.79e-36	123
tr|A0A1K3H6J5|Release	GCF_000834395.1_WP_042546713.1	67.442	88	86	98	86	28	0	1	86	1	86	3.09e-36	123
tr|A0A1K3H6J5|Release	GCF_012029655.1_WP_041144145.1	63.953	88	86	98	86	31	0	1	86	1	86	3.14e-36	123
tr|A0A1K3H6J5|Release	GCF_022637595.1_WP_004858152.1	65.116	88	86	98	86	30	0	1	86	1	86	3.17e-36	123
tr|A0A1K3H6J5|Release	GCF_000439255.1_WP_000062328.1	62.791	88	86	98	86	32	0	1	86	1	86	5.26e-36	122
tr|A0A1K3H6J5|Release	GCF_004124235.1_WP_025377303.1	67.442	88	86	98	86	28	0	1	86	1	86	5.48e-36	122
tr|A0A1K3H6J5|Release	GCF_024224615.1_WP_125293588.1	62.353	88	86	97	85	32	0	1	85	1	85	5.57e-36	122
tr|A0A1K3H6J5|Release	GCF_011068345.1_WP_002436992.1	61.176	88	86	97	85	33	0	1	85	1	85	6.68e-36	122
tr|A0A1K3H6J5|Release	GCF_000222975.1_WP_002218374.1	67.442	88	86	98	86	28	0	1	86	1	86	7.18e-36	122
tr|A0A1K3H6J5|Release	GCF_000018045.1_WP_024130681.1	62.791	88	86	98	86	32	0	1	86	1	86	8.09e-36	121
tr|A0A1K3H6J5|Release	GCF_000517425.1_WP_025421126.1	57.143	88	86	95	84	36	0	1	84	1	84	8.55e-36	121
tr|A0A1K3H6J5|Release	GCF_000010085.1_WP_011411656.1	57.143	88	86	95	84	36	0	1	84	1	84	8.75e-36	121
tr|A0A1K3H6J5|Release	GCF_013282725.1_WP_032813813.1	67.442	88	86	98	86	28	0	1	86	1	86	8.97e-36	121
tr|A0A1K3H6J5|Release	GCF_002163605.1_WP_157665988.1	66.279	88	86	98	86	29	0	1	86	1	86	9.04e-36	121
tr|A0A1K3H6J5|Release	GCF_013234275.1_WP_172895488.1	60.465	88	86	98	86	34	0	1	86	1	86	9.33e-36	121
tr|A0A1K3H6J5|Release	GCF_000834455.1_WP_032817050.1	67.442	88	86	98	86	28	0	1	86	1	86	9.33e-36	121
tr|A0A1K3H6J5|Release	GCF_021276285.1_WP_095923198.1	67.857	88	86	95	84	27	0	1	84	1	84	1.08e-35	121
tr|A0A1K3H6J5|Release	GCF_000005845.2_NP_414731.2	65.476	88	84	95	84	29	0	3	86	1	84	1.47e-35	121
tr|A0A1K3H6J5|Release	GCF_025133195.1_WP_032910235.1	65.116	88	86	98	86	30	0	1	86	1	86	1.67e-35	121
tr|A0A1K3H6J5|Release	GCF_000520015.2_WP_024910172.1	57.471	88	87	99	87	37	0	1	87	1	87	1.87e-35	121
tr|A0A1K3H6J5|Release	GCF_025758125.1_WP_023480196.1	65.116	88	86	98	86	30	0	1	86	1	86	1.94e-35	121
tr|A0A1K3H6J5|Release	GCF_000006945.2_NP_459242.1	62.791	88	86	98	86	32	0	1	86	1	86	2.20e-35	121
tr|A0A1K3H6J5|Release	GCF_022637475.1_WP_013574214.1	66.667	88	86	95	84	28	0	1	84	1	84	2.64e-35	120
tr|A0A1K3H6J5|Release	GCF_005484945.1_WP_137712817.1	61.628	88	86	98	86	33	0	1	86	1	86	3.38e-35	120
tr|A0A1K3H6J5|Release	GCF_002953195.1_WP_038628016.1	57.471	88	87	99	87	37	0	1	87	1	87	3.53e-35	120
tr|A0A1K3H6J5|Release	GCF_009730055.1_WP_032906500.1	67.442	88	86	98	86	28	0	1	86	1	86	3.87e-35	120
tr|A0A1K3H6J5|Release	GCF_002101395.1_WP_085067900.1	57.471	88	87	99	87	37	0	1	87	1	87	4.27e-35	120
tr|A0A1K3H6J5|Release	GCF_900095885.1_WP_035340381.1	58.140	88	86	98	86	36	0	1	86	1	86	4.32e-35	120
tr|A0A1K3H6J5|Release	GCF_009914055.1_WP_160619715.1	58.621	88	87	99	87	36	0	1	87	1	87	4.33e-35	120
tr|A0A1K3H6J5|Release	GCF_001642805.2_WP_004931991.1	57.471	88	87	99	87	37	0	1	87	1	87	5.08e-35	119
tr|A0A1K3H6J5|Release	GCF_017498685.1_WP_038245151.1	66.279	88	86	98	86	29	0	1	86	1	86	5.19e-35	119
tr|A0A1K3H6J5|Release	GCF_016026735.1_WP_015673540.1	55.172	88	87	99	87	39	0	1	87	1	87	5.55e-35	119
tr|A0A1K3H6J5|Release	GCF_000233595.1_WP_013024706.1	57.647	88	86	97	85	36	0	1	85	1	85	6.64e-35	119
tr|A0A1K3H6J5|Release	GCF_021462285.1_WP_234585968.1	57.471	88	87	99	87	37	0	1	87	1	87	6.98e-35	119
tr|A0A1K3H6J5|Release	GCF_003515985.1_WP_085653101.1	58.140	88	86	98	86	36	0	1	86	1	86	7.66e-35	119
tr|A0A1K3H6J5|Release	GCF_003019925.1_WP_162185254.1	65.476	88	86	95	84	29	0	1	84	1	84	8.36e-35	119
tr|A0A1K3H6J5|Release	GCF_015999465.1_WP_085688159.1	56.977	88	86	98	86	37	0	1	86	1	86	8.98e-35	119
tr|A0A1K3H6J5|Release	GCF_012427845.1_WP_012773648.1	60.465	88	86	98	86	34	0	1	86	1	86	9.65e-35	119
tr|A0A1K3H6J5|Release	GCF_900187015.1_WP_061796701.1	57.471	88	87	99	87	37	0	1	87	1	87	9.99e-35	119
tr|A0A1K3H6J5|Release	GCF_023517775.1_WP_249893541.1	59.770	88	87	99	87	35	0	1	87	1	87	1.04e-34	119
tr|A0A1K3H6J5|Release	GCF_009817885.1_WP_105232289.1	57.471	88	87	99	87	37	0	1	87	1	87	1.13e-34	119
tr|A0A1K3H6J5|Release	GCF_000262305.1_WP_002441069.1	58.140	88	86	98	86	36	0	1	86	1	86	1.17e-34	119
tr|A0A1K3H6J5|Release	GCF_000025065.1_WP_012883679.1	59.302	88	86	98	86	35	0	1	86	1	86	1.20e-34	119
tr|A0A1K3H6J5|Release	GCF_002288545.1_WP_029367608.1	60.465	88	86	98	86	34	0	1	86	1	86	1.28e-34	119
tr|A0A1K3H6J5|Release	GCF_019797845.1_WP_222158377.1	62.791	88	86	98	86	32	0	1	86	1	86	1.64e-34	118
tr|A0A1K3H6J5|Release	GCF_011044475.1_WP_033740322.1	57.647	88	86	97	85	36	0	1	85	1	85	2.31e-34	118
tr|A0A1K3H6J5|Release	GCF_000023565.1_WP_012770818.1	58.140	88	86	98	86	36	0	1	86	1	86	2.46e-34	118
tr|A0A1K3H6J5|Release	GCF_009873295.1_WP_039312412.1	60.465	88	86	98	86	34	0	1	86	1	86	2.82e-34	118
tr|A0A1K3H6J5|Release	GCF_017569925.1_WP_208228065.1	59.302	88	86	98	86	35	0	1	86	1	86	2.87e-34	118
tr|A0A1K3H6J5|Release	GCF_000026185.1_WP_012440659.1	52.874	88	87	99	87	41	0	1	87	1	87	3.24e-34	118
tr|A0A1K3H6J5|Release	GCF_020079945.1_WP_039382769.1	61.176	88	87	97	85	33	0	1	85	1	85	3.26e-34	118
tr|A0A1K3H6J5|Release	GCF_007858975.2_WP_042869176.1	60.465	88	86	98	86	34	0	1	86	1	86	3.44e-34	118
tr|A0A1K3H6J5|Release	GCF_000023545.1_WP_015854637.1	59.302	88	86	98	86	35	0	1	86	1	86	5.59e-34	117
tr|A0A1K3H6J5|Release	GCF_002291445.1_WP_048635886.1	59.302	88	86	98	86	35	0	1	86	1	86	6.60e-34	117
tr|A0A1K3H6J5|Release	GCF_000740965.1_WP_011092648.1	59.302	88	86	98	86	35	0	1	86	1	86	6.60e-34	117
tr|A0A1K3H6J5|Release	GCF_020181655.1_WP_225087160.1	61.628	88	86	98	86	33	0	1	86	1	86	6.98e-34	117
tr|A0A1K3H6J5|Release	GCF_009931295.1_WP_161528353.1	60.465	88	86	98	86	34	0	1	86	1	86	7.38e-34	117
tr|A0A1K3H6J5|Release	GCF_000264765.2_WP_034163237.1	63.953	88	86	98	86	31	0	1	86	1	86	1.35e-33	116
tr|A0A1K3H6J5|Release	GCF_001742185.1_WP_005975933.1	59.302	88	86	98	86	35	0	1	86	1	86	1.43e-33	116
tr|A0A1K3H6J5|Release	GCF_000196615.1_WP_013200864.1	57.471	88	87	99	87	37	0	1	87	1	87	1.43e-33	116
tr|A0A1K3H6J5|Release	GCF_001010285.1_WP_046974061.1	65.909	88	88	100	88	30	0	1	88	1	88	1.62e-33	116
tr|A0A1K3H6J5|Release	GCF_005484965.1_WP_009114129.1	62.791	88	86	98	86	32	0	1	86	1	86	2.06e-33	116
tr|A0A1K3H6J5|Release	GCF_002291425.1_WP_095847471.1	58.621	88	87	99	87	36	0	1	87	1	87	2.08e-33	116
tr|A0A1K3H6J5|Release	GCF_002812485.1_WP_038661467.1	59.302	88	86	98	86	35	0	1	86	1	86	2.21e-33	115
tr|A0A1K3H6J5|Release	GCF_019890955.1_WP_211725887.1	58.824	88	87	97	85	35	0	1	85	1	85	2.62e-33	115
tr|A0A1K3H6J5|Release	GCF_020150375.1_WP_004094310.1	63.953	88	86	98	86	31	0	1	86	1	86	3.42e-33	115
tr|A0A1K3H6J5|Release	GCF_003992745.1_WP_014700896.1	58.140	88	86	98	86	36	0	1	86	1	86	3.53e-33	115
tr|A0A1K3H6J5|Release	GCF_000147055.1_WP_022632468.1	58.140	88	86	98	86	36	0	1	86	1	86	3.79e-33	115
tr|A0A1K3H6J5|Release	GCF_011617105.1_WP_025800203.1	65.116	88	86	98	86	30	0	1	86	1	86	4.31e-33	115
tr|A0A1K3H6J5|Release	GCF_022647505.1_WP_128179458.1	57.471	88	87	99	87	37	0	1	87	1	87	4.32e-33	115
tr|A0A1K3H6J5|Release	GCF_004792415.1_WP_013356856.1	55.952	88	86	95	84	37	0	1	84	1	84	5.13e-33	114
tr|A0A1K3H6J5|Release	GCF_021733145.1_WP_012847629.1	61.628	88	86	98	86	33	0	1	86	1	86	5.92e-33	114
tr|A0A1K3H6J5|Release	GCF_003403135.1_WP_024104894.1	59.302	88	86	98	86	35	0	1	86	1	86	6.67e-33	114
tr|A0A1K3H6J5|Release	GCF_019090985.1_WP_036781226.1	63.636	88	88	100	88	32	0	1	88	1	88	7.79e-33	114
tr|A0A1K3H6J5|Release	GCF_020541225.1_WP_226811316.1	54.762	88	86	95	84	38	0	1	84	1	84	9.09e-33	114
tr|A0A1K3H6J5|Release	GCF_003812345.1_WP_121571778.1	31.818	88	94	99	88	59	1	1	87	1	88	1.46e-32	114
tr|A0A1K3H6J5|Release	GCF_902387845.1_WP_004237241.1	100.000	88	88	100	88	0	0	1	88	1	88	1.66e-32	113
tr|A0A1K3H6J5|Release	GCF_017348915.1_WP_040077077.1	67.442	88	86	98	86	28	0	1	86	1	86	1.93e-32	113
tr|A0A1K3H6J5|Release	GCF_000196475.1_WP_012776850.1	64.773	88	88	100	88	31	0	1	88	1	88	1.94e-32	113
tr|A0A1K3H6J5|Release	GCF_020683125.1_WP_133842177.1	57.955	88	88	99	88	36	1	1	87	1	88	3.31e-32	112
tr|A0A1K3H6J5|Release	GCF_000196155.1_WP_011145066.1	61.364	88	88	100	88	34	0	1	88	1	88	3.82e-32	112
tr|A0A1K3H6J5|Release	GCF_019048385.1_WP_062759648.1	55.952	88	86	95	84	37	0	1	84	1	84	4.02e-32	112
tr|A0A1K3H6J5|Release	GCF_022592395.1_WP_047255099.1	60.465	88	87	98	86	34	0	1	86	1	86	4.03e-32	112
tr|A0A1K3H6J5|Release	GCF_019844095.1_WP_062747070.1	56.818	88	88	99	88	37	1	1	87	1	88	4.66e-32	112
tr|A0A1K3H6J5|Release	GCF_025946765.1_WP_264497926.1	57.647	88	86	97	85	36	0	1	85	1	85	4.67e-32	112
tr|A0A1K3H6J5|Release	GCF_009646115.1_WP_008925644.1	55.952	88	86	95	84	37	0	1	84	1	84	5.98e-32	112
tr|A0A1K3H6J5|Release	GCF_008693605.1_WP_223849061.1	30.682	88	95	99	88	60	1	1	87	2	89	6.22e-32	112
tr|A0A1K3H6J5|Release	GCF_019047765.1_WP_040230035.1	66.279	88	86	98	86	29	0	1	86	1	86	6.27e-32	112
tr|A0A1K3H6J5|Release	GCF_000091565.1_WP_004159420.1	52.874	88	87	99	87	41	0	1	87	1	87	7.14e-32	112
tr|A0A1K3H6J5|Release	GCF_003204135.1_WP_004908806.1	59.302	88	87	98	86	35	0	1	86	1	86	7.25e-32	112
tr|A0A1K3H6J5|Release	GCF_004353845.1_WP_103770713.1	31.818	88	93	99	88	59	1	1	87	1	88	1.05e-31	111
tr|A0A1K3H6J5|Release	GCF_900475855.1_WP_068441311.1	59.302	88	87	98	86	35	0	1	86	1	86	1.12e-31	111
tr|A0A1K3H6J5|Release	GCF_000261045.2_WP_006318653.1	54.023	88	87	99	87	40	0	1	87	1	87	1.33e-31	111
tr|A0A1K3H6J5|Release	GCF_900638135.1_WP_012146468.1	52.874	88	87	99	87	41	0	1	87	1	87	1.37e-31	111
tr|A0A1K3H6J5|Release	GCF_020342335.1_WP_067428135.1	52.874	88	87	99	87	41	0	1	87	1	87	1.67e-31	110
tr|A0A1K3H6J5|Release	GCF_020268605.1_WP_180560445.1	62.500	88	88	100	88	33	0	1	88	1	88	1.71e-31	110
tr|A0A1K3H6J5|Release	GCF_013460135.1_WP_180816665.1	62.500	88	88	100	88	33	0	1	88	1	88	1.83e-31	110
tr|A0A1K3H6J5|Release	GCF_002843235.3_WP_102139922.1	59.302	88	87	98	86	35	0	1	86	1	86	1.85e-31	110
tr|A0A1K3H6J5|Release	GCF_004768525.1_WP_026822068.1	63.636	88	88	100	88	32	0	1	88	1	88	1.87e-31	110
tr|A0A1K3H6J5|Release	GCF_022647325.1_WP_111140597.1	54.762	88	86	95	84	38	0	1	84	1	84	2.00e-31	110
tr|A0A1K3H6J5|Release	GCF_009831665.3_WP_006709226.1	49.425	88	87	99	87	44	0	1	87	1	87	2.41e-31	110
tr|A0A1K3H6J5|Release	GCF_002393505.1_WP_006658392.1	59.302	88	87	98	86	35	0	1	86	1	86	2.71e-31	110
tr|A0A1K3H6J5|Release	GCF_029277985.1_WP_154623766.1	59.302	88	87	98	86	35	0	1	86	1	86	2.96e-31	110
tr|A0A1K3H6J5|Release	GCF_002952315.1_WP_012667243.1	49.425	88	87	99	87	44	0	1	87	1	87	3.91e-31	110
tr|A0A1K3H6J5|Release	GCF_021365465.1_WP_016190321.1	57.471	88	87	99	87	37	0	1	87	1	87	4.40e-31	110
tr|A0A1K3H6J5|Release	GCF_017743015.1_WP_209027287.1	62.791	88	88	98	86	32	0	1	86	1	86	9.02e-31	109
tr|A0A1K3H6J5|Release	GCF_000214235.1_WP_004952197.1	54.118	88	85	97	85	39	0	3	87	1	85	9.47e-31	109
tr|A0A1K3H6J5|Release	GCF_002504285.1_WP_005282992.1	62.791	88	86	98	86	32	0	1	86	1	86	9.72e-31	109
tr|A0A1K3H6J5|Release	GCF_000069965.1_WP_004245453.1	57.831	88	86	94	83	35	0	1	83	1	83	9.88e-31	109
tr|A0A1K3H6J5|Release	GCF_000517405.1_WP_038469034.1	56.250	88	83	91	80	35	0	5	84	2	81	9.98e-31	109
tr|A0A1K3H6J5|Release	GCF_011045835.1_WP_075671674.1	57.831	88	86	94	83	35	0	1	83	1	83	1.34e-30	108
tr|A0A1K3H6J5|Release	GCF_001006005.1_WP_223499701.1	52.941	88	85	97	85	40	0	3	87	1	85	1.97e-30	108
tr|A0A1K3H6J5|Release	GCF_000968195.1_WP_045972480.1	59.770	88	87	98	87	34	1	1	86	1	87	2.37e-30	108
tr|A0A1K3H6J5|Release	GCF_008693645.1_WP_137347870.1	31.818	88	89	99	88	59	1	1	87	1	88	2.64e-30	108
tr|A0A1K3H6J5|Release	GCF_008364325.2_WP_230090436.1	55.294	88	85	97	85	38	0	3	87	1	85	3.20e-30	107
tr|A0A1K3H6J5|Release	GCF_022369495.1_WP_072064250.1	56.627	88	86	94	83	36	0	1	83	1	83	3.61e-30	107
tr|A0A1K3H6J5|Release	GCF_016026395.1_WP_024524235.1	61.628	88	86	98	86	33	0	1	86	1	86	4.06e-30	107
tr|A0A1K3H6J5|Release	GCF_001721185.1_WP_069317984.1	63.953	88	87	98	86	31	0	1	86	1	86	5.73e-30	107
tr|A0A1K3H6J5|Release	GCF_002355475.1_WP_004421315.1	34.524	88	91	94	84	54	1	3	85	1	84	8.54e-30	106
tr|A0A1K3H6J5|Release	GCF_004295645.1_WP_228350951.1	62.500	88	88	99	88	32	1	1	87	1	88	9.78e-30	106
tr|A0A1K3H6J5|Release	GCF_005671395.1_WP_138095872.1	60.256	88	86	89	78	31	0	1	78	1	78	1.47e-29	106
tr|A0A1K3H6J5|Release	GCF_013200955.2_WP_173204463.1	32.143	88	91	94	84	56	1	3	85	1	84	1.73e-29	106
tr|A0A1K3H6J5|Release	GCF_003074995.2_WP_015870269.1	56.977	88	86	98	86	37	0	1	86	1	86	1.87e-29	105
tr|A0A1K3H6J5|Release	GCF_900478135.1_WP_111739359.1	63.636	88	88	99	88	31	1	1	87	1	88	1.97e-29	105
tr|A0A1K3H6J5|Release	GCF_001597285.1_WP_061903727.1	35.802	88	92	91	81	51	1	6	85	3	83	2.75e-29	105
tr|A0A1K3H6J5|Release	GCF_017329545.1_WP_047884589.1	27.586	88	95	98	87	62	1	3	88	1	87	3.64e-29	105
tr|A0A1K3H6J5|Release	GCF_003096015.2_WP_230514010.1	62.500	88	88	99	88	32	1	1	87	1	88	3.99e-29	105
tr|A0A1K3H6J5|Release	GCF_013423785.1_WP_180308358.1	32.955	88	88	100	88	59	0	1	88	1	88	4.76e-29	104
tr|A0A1K3H6J5|Release	GCF_004684345.1_WP_135321947.1	31.461	88	93	100	89	60	1	1	88	1	89	4.89e-29	105
tr|A0A1K3H6J5|Release	GCF_000968175.1_WP_045959360.1	59.770	88	88	98	87	34	1	1	86	1	87	6.48e-29	104
tr|A0A1K3H6J5|Release	GCF_900638655.1_WP_047781753.1	60.227	88	88	99	88	34	1	1	87	1	88	7.78e-29	104
tr|A0A1K3H6J5|Release	GCF_014295015.1_WP_013185414.1	62.069	88	87	98	87	32	1	1	86	1	87	7.83e-29	104
tr|A0A1K3H6J5|Release	GCF_004116975.1_WP_064720954.1	60.241	88	86	94	83	33	0	1	83	1	83	1.42e-28	103
tr|A0A1K3H6J5|Release	GCF_024205225.1_WP_195881696.1	30.488	88	90	92	82	56	1	5	85	2	83	2.34e-28	103
tr|A0A1K3H6J5|Release	GCF_000733715.2_WP_017362912.1	31.707	88	90	92	82	55	1	5	85	2	83	3.43e-28	102
tr|A0A1K3H6J5|Release	GCF_008807375.1_WP_151138908.1	32.143	88	91	94	84	56	1	3	85	1	84	3.69e-28	102
tr|A0A1K3H6J5|Release	GCF_000297075.2_WP_003461742.1	31.707	88	90	92	82	55	1	5	85	2	83	3.83e-28	102
tr|A0A1K3H6J5|Release	GCF_001708425.1_WP_055136127.1	32.927	88	94	92	82	54	1	5	85	2	83	7.79e-28	101
tr|A0A1K3H6J5|Release	GCF_013409125.2_WP_099525265.1	31.707	88	90	92	82	55	1	5	85	2	83	9.11e-28	101
tr|A0A1K3H6J5|Release	GCF_001594225.2_WP_064379396.1	32.927	88	92	92	82	54	1	5	85	2	83	1.03e-27	101
tr|A0A1K3H6J5|Release	GCF_025402875.1_WP_011791024.1	28.049	88	90	92	82	58	1	5	85	2	83	1.13e-27	101
tr|A0A1K3H6J5|Release	GCF_011397855.1_WP_044414183.1	32.927	88	90	92	82	54	1	5	85	2	83	1.40e-27	101
tr|A0A1K3H6J5|Release	GCF_900682675.2_WP_069898892.1	34.146	88	94	92	82	53	1	5	85	2	83	1.62e-27	101
tr|A0A1K3H6J5|Release	GCF_019047765.1_WP_040231149.1	27.273	88	89	99	88	63	1	1	87	1	88	2.01e-27	100
tr|A0A1K3H6J5|Release	GCF_021029445.1_WP_230924827.1	29.630	88	89	92	81	57	0	5	85	2	82	2.25e-27	100
tr|A0A1K3H6J5|Release	GCF_017167985.1_WP_079784061.1	32.927	88	90	92	82	54	1	5	85	2	83	6.13e-27	99.4
tr|A0A1K3H6J5|Release	GCF_017167985.1_WP_093053415.1	31.707	88	92	92	82	55	1	5	85	2	83	6.16e-27	99.4
tr|A0A1K3H6J5|Release	GCF_024347355.1_WP_105024956.1	23.750	88	83	90	80	60	1	9	87	1	80	1.22e-26	98.6
tr|A0A1K3H6J5|Release	GCF_017915135.1_WP_210390879.1	31.707	88	90	92	82	55	1	5	85	2	83	1.76e-26	98.3
tr|A0A1K3H6J5|Release	GCF_000178875.2_WP_012197738.1	32.911	88	90	89	79	52	1	5	82	2	80	2.00e-26	98.3
tr|A0A1K3H6J5|Release	GCF_024971755.1_WP_259474826.1	31.707	88	88	92	82	55	1	5	85	2	83	2.35e-26	98.0
tr|A0A1K3H6J5|Release	GCF_002204915.1_WP_052690899.1	22.500	88	101	90	80	61	1	9	87	20	99	2.68e-26	98.0
tr|A0A1K3H6J5|Release	GCF_016834455.1_WP_203325205.1	31.707	88	86	92	82	55	1	5	85	2	83	3.46e-26	97.5
tr|A0A1K3H6J5|Release	GCF_012767755.2_WP_173176508.1	31.707	88	91	92	82	52	2	5	85	2	80	3.58e-26	97.5
tr|A0A1K3H6J5|Release	GCF_003957745.1_WP_126168493.1	32.927	88	87	92	82	54	1	5	85	2	83	7.50e-26	96.6
tr|A0A1K3H6J5|Release	GCF_009938225.1_WP_075649723.1	26.250	88	82	90	80	58	1	9	87	1	80	7.79e-26	96.6
tr|A0A1K3H6J5|Release	GCF_002355475.1_WP_003455993.1	28.750	88	90	90	80	56	1	7	85	2	81	1.20e-25	96.3
tr|A0A1K3H6J5|Release	GCF_006742785.1_WP_172630283.1	23.171	88	88	92	82	62	1	8	88	3	84	1.26e-25	96.1
tr|A0A1K3H6J5|Release	GCF_008033135.1_WP_148717358.1	27.160	88	87	92	81	59	0	5	85	2	82	1.43e-25	96.1
tr|A0A1K3H6J5|Release	GCF_000015245.1_WP_011761423.1	31.707	88	86	92	82	55	1	5	85	2	83	1.54e-25	95.8
tr|A0A1K3H6J5|Release	GCF_024347475.1_WP_239840920.1	22.500	88	83	90	80	61	1	9	87	1	80	2.09e-25	95.5
tr|A0A1K3H6J5|Release	GCF_022371215.1_WP_239718047.1	23.750	88	83	90	80	60	1	9	87	1	80	2.76e-25	95.2
tr|A0A1K3H6J5|Release	GCF_024346675.1_WP_048897676.1	22.619	88	86	94	84	64	1	3	85	1	84	4.84e-25	94.7
tr|A0A1K3H6J5|Release	GCF_009938185.1_WP_162048373.1	23.750	88	82	90	80	60	1	9	87	1	80	5.59e-25	94.4
tr|A0A1K3H6J5|Release	GCF_008807375.1_WP_151133519.1	26.250	88	90	90	80	58	1	7	85	2	81	7.67e-25	94.1
tr|A0A1K3H6J5|Release	GCF_008329985.2_WP_149283950.1	25.926	88	81	91	81	59	1	9	88	1	81	8.43e-25	93.8
tr|A0A1K3H6J5|Release	GCF_014905115.1_WP_193151849.1	28.750	88	81	90	80	56	1	9	87	1	80	9.58e-25	93.8
tr|A0A1K3H6J5|Release	GCF_001558415.2_WP_061055374.1	23.750	88	83	90	80	60	1	9	87	1	80	1.28e-24	93.5
tr|A0A1K3H6J5|Release	GCF_017354925.1_WP_207321174.1	32.911	88	87	89	79	52	1	5	82	2	80	1.30e-24	93.5
tr|A0A1K3H6J5|Release	GCF_019670125.1_WP_221076876.1	25.926	88	81	91	81	59	1	9	88	1	81	1.57e-24	93.3
tr|A0A1K3H6J5|Release	GCF_019670705.1_WP_100146025.1	32.927	88	92	92	82	54	1	5	85	2	83	1.79e-24	93.3
tr|A0A1K3H6J5|Release	GCF_014524625.1_WP_009050814.1	23.171	88	92	92	82	62	1	5	85	2	83	1.94e-24	93.3
tr|A0A1K3H6J5|Release	GCF_012767755.2_WP_173171843.1	28.049	88	90	92	82	58	1	5	85	2	83	2.21e-24	93.0
tr|A0A1K3H6J5|Release	GCF_009730655.1_WP_156020461.1	32.927	88	92	92	82	54	1	5	85	2	83	2.40e-24	93.0
tr|A0A1K3H6J5|Release	GCF_000009145.1_WP_041356315.1	23.750	88	90	90	80	60	1	10	88	6	85	2.61e-24	93.0
tr|A0A1K3H6J5|Release	GCF_017354965.1_WP_207380278.1	32.911	88	87	89	79	52	1	5	82	2	80	3.50e-24	92.4
tr|A0A1K3H6J5|Release	GCF_002407485.1_WP_096780111.1	26.250	88	81	90	80	58	1	9	87	1	80	3.61e-24	92.4
tr|A0A1K3H6J5|Release	GCF_001007875.1_WP_046858354.1	25.000	88	80	90	80	59	1	9	87	1	80	5.62e-24	91.8
tr|A0A1K3H6J5|Release	GCF_002215585.1_WP_088903590.1	30.000	88	89	91	80	56	0	6	85	3	82	1.06e-23	91.3
tr|A0A1K3H6J5|Release	GCF_009938205.1_WP_075706454.1	26.250	88	82	90	80	58	1	9	87	1	80	1.06e-23	91.0
tr|A0A1K3H6J5|Release	GCF_001558255.2_WP_005504861.1	25.610	88	82	91	82	59	2	9	88	1	82	1.10e-23	91.0
tr|A0A1K3H6J5|Release	GCF_003025345.2_WP_003155955.1	31.034	88	91	92	87	54	1	5	85	2	88	1.12e-23	91.3
tr|A0A1K3H6J5|Release	GCF_001007935.1_WP_046849946.1	19.753	88	84	91	81	64	1	8	87	4	84	1.18e-23	91.0
tr|A0A1K3H6J5|Release	GCF_020991025.1_WP_152109250.1	43.243	88	83	83	74	41	1	3	75	1	74	1.26e-23	91.0
tr|A0A1K3H6J5|Release	GCF_019670105.1_WP_040307707.1	22.222	88	81	91	81	62	1	9	88	1	81	1.29e-23	91.0
tr|A0A1K3H6J5|Release	GCF_019669905.1_WP_054759186.1	24.691	88	79	91	81	56	2	8	87	3	79	1.45e-23	90.7
tr|A0A1K3H6J5|Release	GCF_009068765.1_WP_151900329.1	26.250	88	81	90	80	58	1	9	87	1	80	1.57e-23	90.7
tr|A0A1K3H6J5|Release	GCF_024347655.1_WP_060467732.1	21.250	88	83	90	80	62	1	9	87	1	80	1.61e-23	90.7
tr|A0A1K3H6J5|Release	GCF_002214395.1_WP_010453422.1	20.988	88	81	91	81	63	1	9	88	1	81	1.69e-23	90.7
tr|A0A1K3H6J5|Release	GCF_000214665.1_WP_013819542.1	22.785	88	83	89	79	59	2	10	87	6	83	1.75e-23	90.7
tr|A0A1K3H6J5|Release	GCF_024347635.1_WP_139683960.1	22.500	88	83	90	80	61	1	9	87	1	80	2.58e-23	90.2
tr|A0A1K3H6J5|Release	GCF_024347035.1_WP_102941394.1	25.000	88	81	90	80	59	1	9	87	1	80	2.80e-23	90.2
tr|A0A1K3H6J5|Release	GCF_029457395.1_WP_024766443.1	28.736	88	92	93	87	57	1	5	86	2	88	2.88e-23	90.2
tr|A0A1K3H6J5|Release	GCF_024347595.1_WP_176681244.1	25.000	88	83	90	80	59	1	9	87	1	80	3.00e-23	89.9
tr|A0A1K3H6J5|Release	GCF_000091465.1_WP_004733849.1	21.250	88	83	90	80	62	1	9	87	1	80	4.32e-23	89.6
tr|A0A1K3H6J5|Release	GCF_024347455.1_WP_135458404.1	21.250	88	83	90	80	62	1	9	87	1	80	4.67e-23	89.6
tr|A0A1K3H6J5|Release	GCF_001995825.2_WP_017057338.1	21.250	88	83	90	80	62	1	9	87	1	80	5.57e-23	89.3
tr|A0A1K3H6J5|Release	GCF_002005305.1_WP_077753428.1	28.049	88	86	92	82	58	1	5	85	2	83	6.06e-23	89.3
tr|A0A1K3H6J5|Release	GCF_000968535.2_WP_014147785.1	27.160	88	84	91	81	57	2	8	87	4	83	8.10e-23	89.0
tr|A0A1K3H6J5|Release	GCF_014879975.1_WP_192888672.1	22.500	88	83	90	80	61	1	9	87	1	80	1.08e-22	88.5
tr|A0A1K3H6J5|Release	GCF_001831495.1_WP_068547707.1	25.000	88	81	90	80	59	1	9	87	1	80	1.19e-22	88.5
tr|A0A1K3H6J5|Release	GCF_024582835.1_WP_257083279.1	20.000	88	87	90	80	63	1	9	87	1	80	1.19e-22	88.5
tr|A0A1K3H6J5|Release	GCF_008369605.1_WP_000253074.1	25.000	88	81	90	80	59	1	9	87	1	80	1.35e-22	88.2
tr|A0A1K3H6J5|Release	GCF_024360925.2_WP_255188929.1	25.316	88	83	89	79	57	2	10	87	6	83	1.43e-22	88.2
tr|A0A1K3H6J5|Release	GCF_024362845.1_WP_255230807.1	22.222	88	82	91	81	62	1	9	88	1	81	1.59e-22	88.2
tr|A0A1K3H6J5|Release	GCF_003258315.1_WP_111337788.1	25.610	88	88	92	82	60	1	8	88	4	85	1.89e-22	88.2
tr|A0A1K3H6J5|Release	GCF_000014885.1_WP_020912292.1	29.412	88	87	95	85	59	1	5	88	2	86	1.90e-22	87.9
tr|A0A1K3H6J5|Release	GCF_900233005.1_WP_102521318.1	20.000	88	81	90	80	63	1	9	87	1	80	1.92e-22	87.9
tr|A0A1K3H6J5|Release	GCF_002849875.1_WP_232379112.1	26.744	88	113	93	86	59	1	6	87	28	113	2.63e-22	88.2
tr|A0A1K3H6J5|Release	GCF_000772105.1_WP_004748349.1	21.250	88	81	90	80	62	1	9	87	1	80	2.63e-22	87.6
tr|A0A1K3H6J5|Release	GCF_000785705.2_WP_036272019.1	24.359	88	82	89	78	58	1	10	87	6	82	2.70e-22	87.6
tr|A0A1K3H6J5|Release	GCF_012971725.1_WP_169940133.1	29.070	88	92	92	86	56	1	5	85	2	87	3.05e-22	87.6
tr|A0A1K3H6J5|Release	GCF_004328865.1_WP_104643907.1	31.250	88	83	90	80	54	1	9	87	1	80	3.20e-22	87.3
tr|A0A1K3H6J5|Release	GCF_024494545.1_WP_256384876.1	22.500	88	81	90	80	61	1	9	87	1	80	3.76e-22	87.1
tr|A0A1K3H6J5|Release	GCF_001596155.1_WP_068342236.1	23.596	88	90	97	89	60	4	3	87	1	85	4.41e-22	87.1
tr|A0A1K3H6J5|Release	GCF_000148645.1_WP_013347076.1	29.870	88	80	86	77	53	1	12	87	3	79	5.77e-22	86.8
tr|A0A1K3H6J5|Release	GCF_016026875.1_WP_045525981.1	30.435	88	89	78	69	45	1	5	73	2	67	6.55e-22	86.8
tr|A0A1K3H6J5|Release	GCF_001456255.1_WP_020335096.1	21.250	88	81	90	80	62	1	9	87	1	80	8.46e-22	86.2
tr|A0A1K3H6J5|Release	GCF_020405345.1_WP_017780573.1	30.000	88	89	80	70	46	1	5	74	2	68	8.58e-22	86.5
tr|A0A1K3H6J5|Release	GCF_004358345.1_WP_121852852.1	32.877	88	76	82	73	48	1	3	74	1	73	1.16e-21	85.9
tr|A0A1K3H6J5|Release	GCF_003584645.1_WP_197716612.1	25.610	88	80	89	82	54	2	3	80	1	79	1.31e-21	85.7
tr|A0A1K3H6J5|Release	GCF_005877035.1_WP_039486662.1	31.250	88	83	90	80	54	1	9	87	1	80	1.31e-21	85.9
tr|A0A1K3H6J5|Release	GCF_002906475.1_WP_012130247.1	21.250	88	81	90	80	62	1	9	87	1	80	1.36e-21	85.7
tr|A0A1K3H6J5|Release	GCF_000238395.3_WP_010553578.1	30.000	88	83	90	80	55	1	9	87	1	80	1.40e-21	85.7
tr|A0A1K3H6J5|Release	GCF_024746855.1_WP_260492542.1	22.785	88	79	90	79	61	0	9	87	1	79	1.61e-21	85.7
tr|A0A1K3H6J5|Release	GCF_003668795.1_WP_054981706.1	30.000	88	83	90	80	55	1	9	87	1	80	1.68e-21	85.7
tr|A0A1K3H6J5|Release	GCF_001999225.1_WP_077537996.1	26.250	88	82	90	80	58	1	9	87	1	80	1.79e-21	85.4
tr|A0A1K3H6J5|Release	GCF_000770115.1_WP_069687890.1	22.500	88	81	90	80	61	1	9	87	1	80	1.80e-21	85.4
tr|A0A1K3H6J5|Release	GCF_019670485.1_WP_221071211.1	26.250	88	81	90	80	58	1	9	87	1	80	1.98e-21	85.4
tr|A0A1K3H6J5|Release	GCF_002021755.1_WP_005434844.1	22.500	88	81	90	80	61	1	9	87	1	80	2.16e-21	85.1
tr|A0A1K3H6J5|Release	GCF_024347495.1_WP_137371745.1	22.500	88	80	90	80	61	1	9	87	1	80	2.76e-21	84.8
tr|A0A1K3H6J5|Release	GCF_000016065.1_WP_011864074.1	28.049	88	93	92	82	57	2	5	85	2	82	2.92e-21	85.1
tr|A0A1K3H6J5|Release	GCF_002221525.1_WP_089349457.1	30.000	88	83	90	80	55	1	9	87	1	80	3.25e-21	84.8
tr|A0A1K3H6J5|Release	GCF_001677435.1_WP_068615618.1	29.870	88	90	85	77	51	3	3	77	1	76	3.53e-21	84.8
tr|A0A1K3H6J5|Release	GCF_005931095.1_WP_017839868.1	24.691	88	84	91	81	59	2	8	87	4	83	3.78e-21	84.5
tr|A0A1K3H6J5|Release	GCF_000014765.1_WP_011633385.1	20.732	88	89	92	82	64	1	8	88	3	84	3.97e-21	84.8
tr|A0A1K3H6J5|Release	GCF_000146165.2_WP_164925808.1	31.325	88	89	92	83	55	2	5	85	2	84	4.23e-21	84.5
tr|A0A1K3H6J5|Release	GCF_019797925.1_WP_193521737.1	25.316	88	80	90	79	59	0	9	87	1	79	4.55e-21	84.2
tr|A0A1K3H6J5|Release	GCF_020149575.1_WP_224431657.1	30.435	88	85	78	69	45	1	6	74	3	68	5.21e-21	84.2
tr|A0A1K3H6J5|Release	GCF_000019525.1_WP_012323084.1	26.923	88	81	88	78	56	1	9	85	1	78	5.88e-21	84.2
tr|A0A1K3H6J5|Release	GCF_003966655.1_WP_113527441.1	22.222	88	77	82	72	56	0	3	74	1	72	6.54e-21	84.0
tr|A0A1K3H6J5|Release	GCF_028355655.1_WP_087756847.1	29.412	88	84	77	68	45	1	6	73	3	67	6.60e-21	84.0
tr|A0A1K3H6J5|Release	GCF_020423125.1_WP_226170850.1	28.986	88	84	78	69	46	1	6	74	3	68	8.18e-21	83.7
tr|A0A1K3H6J5|Release	GCF_013462805.1_WP_009566961.1	22.222	88	77	82	72	56	0	3	74	1	72	8.30e-21	83.7
tr|A0A1K3H6J5|Release	GCF_000024825.1_WP_005460845.1	22.500	88	81	90	80	61	1	9	87	1	80	9.17e-21	83.7
tr|A0A1K3H6J5|Release	GCF_001020955.1_WP_047250467.1	29.630	88	82	88	81	53	2	1	77	1	81	1.02e-20	83.4
tr|A0A1K3H6J5|Release	GCF_024347675.1_WP_261835500.1	27.500	88	81	90	80	57	1	9	87	1	80	1.08e-20	83.4
tr|A0A1K3H6J5|Release	GCF_006337165.1_WP_139515111.1	32.099	88	82	86	81	47	2	3	78	1	78	1.20e-20	83.4
tr|A0A1K3H6J5|Release	GCF_009363415.1_WP_152430616.1	20.000	88	84	90	80	63	1	9	87	1	80	2.76e-20	82.6
tr|A0A1K3H6J5|Release	GCF_000801295.1_WP_171816254.1	30.380	88	99	86	79	52	1	1	76	1	79	2.93e-20	82.6
tr|A0A1K3H6J5|Release	GCF_027625995.1_WP_270126807.1	29.630	88	82	86	81	49	2	3	78	1	78	3.02e-20	82.3
tr|A0A1K3H6J5|Release	GCF_002887615.1_WP_038869703.1	21.250	88	81	90	80	62	1	9	87	1	80	4.64e-20	81.7
tr|A0A1K3H6J5|Release	GCF_001507645.1_WP_068195976.1	24.444	88	90	98	90	61	2	3	88	1	87	5.56e-20	81.7
tr|A0A1K3H6J5|Release	GCF_008931805.1_WP_019441510.1	23.750	88	81	90	80	60	1	9	87	1	80	5.75e-20	81.7
tr|A0A1K3H6J5|Release	GCF_001455205.1_WP_062560013.1	25.316	88	84	89	79	57	2	10	87	6	83	5.86e-20	81.7
tr|A0A1K3H6J5|Release	GCF_006364355.1_WP_004727652.1	26.250	88	83	90	80	58	1	9	87	1	80	6.19e-20	81.4
tr|A0A1K3H6J5|Release	GCF_016127195.1_WP_042032742.1	27.941	88	89	77	68	46	1	6	73	3	67	6.45e-20	81.7
tr|A0A1K3H6J5|Release	GCF_900637545.1_WP_042651794.1	31.429	88	84	80	70	45	1	5	74	2	68	6.82e-20	81.4
tr|A0A1K3H6J5|Release	GCF_003515105.1_WP_036973086.1	38.028	88	73	80	71	43	1	6	75	2	72	7.60e-20	81.2
tr|A0A1K3H6J5|Release	GCF_001431725.1_WP_021820278.1	20.000	88	81	90	80	63	1	9	87	1	80	8.02e-20	81.2
tr|A0A1K3H6J5|Release	GCF_013283835.1_WP_071626507.1	24.675	88	83	84	77	52	2	3	76	1	74	8.57e-20	81.2
tr|A0A1K3H6J5|Release	GCF_003568825.1_WP_040644076.1	21.687	88	83	90	83	61	1	9	87	1	83	1.13e-19	80.9
tr|A0A1K3H6J5|Release	GCF_019977755.1_WP_126608378.1	25.581	88	103	90	86	57	2	8	86	14	99	1.18e-19	81.2
tr|A0A1K3H6J5|Release	GCF_008728635.1_WP_151087836.1	19.101	88	90	97	89	64	4	3	87	1	85	1.61e-19	80.6
tr|A0A1K3H6J5|Release	GCF_008364325.2_WP_020826409.1	23.171	88	84	92	82	59	2	5	85	2	80	1.74e-19	80.3
tr|A0A1K3H6J5|Release	GCF_008693705.1_WP_127008315.1	29.412	88	84	77	68	45	1	6	73	3	67	1.84e-19	80.3
tr|A0A1K3H6J5|Release	GCF_017638925.1_WP_208844867.1	25.974	88	81	88	77	57	0	9	85	1	77	2.02e-19	80.3
tr|A0A1K3H6J5|Release	GCF_019703835.1_WP_087020305.1	25.974	88	79	88	77	54	1	12	88	3	76	2.14e-19	80.0
tr|A0A1K3H6J5|Release	GCF_004001245.1_WP_127478562.1	30.864	88	85	86	81	51	2	1	76	1	81	2.16e-19	80.3
tr|A0A1K3H6J5|Release	GCF_004355185.1_WP_133271280.1	34.177	88	81	84	79	44	2	5	78	2	77	2.18e-19	80.0
tr|A0A1K3H6J5|Release	GCF_003990335.1_WP_127025819.1	21.429	88	91	80	70	55	0	11	80	7	76	2.42e-19	80.3
tr|A0A1K3H6J5|Release	GCF_003574965.1_WP_119445661.1	30.864	88	82	86	81	48	2	3	78	1	78	2.79e-19	79.7
tr|A0A1K3H6J5|Release	GCF_000576555.1_WP_044000633.1	31.250	88	83	85	80	47	2	4	78	3	79	2.80e-19	79.7
tr|A0A1K3H6J5|Release	GCF_010093065.1_WP_238430213.1	25.926	88	83	88	81	53	2	1	77	2	79	3.36e-19	79.7
tr|A0A1K3H6J5|Release	GCF_014169735.1_WP_134997272.1	24.638	88	86	78	69	49	1	6	74	3	68	3.43e-19	79.7
tr|A0A1K3H6J5|Release	GCF_008632455.1_WP_150048082.1	23.457	88	84	91	81	60	2	9	88	5	84	3.61e-19	79.7
tr|A0A1K3H6J5|Release	GCF_013137895.1_WP_135435790.1	31.707	88	83	88	82	47	3	1	77	1	78	4.80e-19	79.2
tr|A0A1K3H6J5|Release	GCF_022811645.1_WP_243511723.1	23.596	88	90	97	89	60	3	3	87	1	85	5.43e-19	79.2
tr|A0A1K3H6J5|Release	GCF_002157895.1_WP_227874980.1	23.457	88	82	91	81	61	1	9	88	2	82	5.76e-19	79.2
tr|A0A1K3H6J5|Release	GCF_020844025.1_WP_215848879.1	22.222	88	77	82	72	56	0	3	74	1	72	6.25e-19	78.9
tr|A0A1K3H6J5|Release	GCF_003015165.1_WP_106887831.1	27.536	88	84	78	69	47	1	6	74	3	68	7.93e-19	78.6
tr|A0A1K3H6J5|Release	GCF_003149515.1_WP_109656005.1	21.348	88	90	97	89	62	3	3	87	1	85	8.53e-19	78.9
tr|A0A1K3H6J5|Release	GCF_009662475.1_WP_031573754.1	23.529	88	79	77	68	52	0	3	70	1	68	8.74e-19	78.6
tr|A0A1K3H6J5|Release	GCF_022827545.1_WP_243798205.1	32.099	88	82	86	81	47	2	3	78	1	78	9.42e-19	78.6
tr|A0A1K3H6J5|Release	GCF_016026615.1_WP_197928313.1	27.941	88	89	77	68	46	1	6	73	3	67	9.75e-19	78.6
tr|A0A1K3H6J5|Release	GCF_012295615.1_WP_007018284.1	17.500	88	81	90	80	65	1	9	87	1	80	9.79e-19	78.3
tr|A0A1K3H6J5|Release	GCF_009755585.1_WP_157030071.1	23.171	88	85	89	82	56	2	3	80	1	79	1.32e-18	78.3
tr|A0A1K3H6J5|Release	GCF_000940995.1_WP_082060442.1	22.989	88	93	98	87	66	1	3	88	1	87	1.65e-18	78.1
tr|A0A1K3H6J5|Release	GCF_002762215.1_WP_085750011.1	26.316	88	87	82	76	49	3	4	75	3	75	1.73e-18	78.1
tr|A0A1K3H6J5|Release	GCF_002215215.1_WP_088918776.1	33.333	88	101	94	84	54	2	5	87	15	97	1.90e-18	78.1
tr|A0A1K3H6J5|Release	GCF_003967195.1_WP_172597571.1	30.000	88	83	85	80	51	2	3	77	2	81	2.10e-18	77.8
tr|A0A1K3H6J5|Release	GCF_000024005.1_WP_012793320.1	27.381	88	84	91	84	54	2	2	81	3	83	3.45e-18	77.2
tr|A0A1K3H6J5|Release	GCF_026427595.1_WP_251812951.1	24.691	88	88	86	81	56	2	12	87	7	87	3.91e-18	76.9
tr|A0A1K3H6J5|Release	GCF_013177675.1_WP_172128285.1	23.377	88	81	84	77	53	2	3	76	1	74	4.02e-18	76.9
tr|A0A1K3H6J5|Release	GCF_010093065.1_WP_162331416.1	24.390	88	84	89	82	55	2	4	81	5	83	6.56e-18	76.4
tr|A0A1K3H6J5|Release	GCF_007197555.1_WP_144048375.1	28.409	88	94	92	88	56	2	5	85	2	89	9.60e-18	76.1
tr|A0A1K3H6J5|Release	GCF_003346815.1_WP_114840342.1	24.051	88	82	86	79	54	2	3	78	1	76	1.09e-17	75.8
tr|A0A1K3H6J5|Release	GCF_013343005.1_WP_078482823.1	28.395	88	84	86	81	53	2	3	78	1	81	1.38e-17	75.5
tr|A0A1K3H6J5|Release	GCF_000019185.1_WP_012277931.1	19.192	88	100	90	99	60	2	9	87	1	99	1.39e-17	75.8
tr|A0A1K3H6J5|Release	GCF_004214795.1_WP_130234502.1	21.795	88	78	85	78	55	2	3	77	1	75	1.52e-17	75.2
tr|A0A1K3H6J5|Release	GCF_000021985.1_WP_012639500.1	32.432	88	82	78	74	45	2	3	71	1	74	1.70e-17	75.2
tr|A0A1K3H6J5|Release	GCF_902810445.1_WP_197744199.1	22.078	88	78	83	77	53	3	5	77	2	75	2.13e-17	75.0
tr|A0A1K3H6J5|Release	GCF_000212735.1_WP_013764159.1	26.582	88	83	85	79	51	2	1	75	1	76	2.47e-17	75.0
tr|A0A1K3H6J5|Release	GCF_003353065.1_WP_114983154.1	27.632	88	84	82	76	48	3	1	72	1	73	2.51e-17	75.0
tr|A0A1K3H6J5|Release	GCF_000788395.1_WP_038641921.1	25.676	88	85	83	74	54	1	8	80	3	76	4.52e-17	74.4
tr|A0A1K3H6J5|Release	GCF_013201725.1_WP_014475480.1	25.974	88	74	84	77	51	2	3	76	1	74	4.62e-17	74.1
tr|A0A1K3H6J5|Release	GCF_002142475.1_WP_026148861.1	30.263	88	86	82	76	46	2	5	76	2	74	5.14e-17	74.1
tr|A0A1K3H6J5|Release	GCF_013177635.1_WP_129095542.1	22.973	88	72	81	74	51	2	3	73	1	71	5.37e-17	73.8
tr|A0A1K3H6J5|Release	GCF_018736065.1_WP_144074266.1	32.353	88	76	77	68	42	2	7	74	10	73	5.42e-17	73.8
tr|A0A1K3H6J5|Release	GCF_000828615.1_WP_041064380.1	27.500	88	80	85	80	53	3	1	75	1	80	5.93e-17	73.8
tr|A0A1K3H6J5|Release	GCF_001651805.1_WP_067384150.1	33.803	88	78	75	71	42	3	7	72	4	74	6.36e-17	73.8
tr|A0A1K3H6J5|Release	GCF_003970675.1_WP_126615366.1	33.824	88	76	77	68	41	2	7	74	10	73	7.27e-17	73.6
tr|A0A1K3H6J5|Release	GCF_002355415.1_WP_148665551.1	30.137	88	87	78	73	47	2	6	74	13	85	8.56e-17	73.6
tr|A0A1K3H6J5|Release	GCF_003346775.1_WP_114843067.1	24.675	88	84	84	77	52	2	3	76	1	74	1.06e-16	73.3
tr|A0A1K3H6J5|Release	GCF_013201935.1_WP_129014602.1	22.973	88	72	81	74	51	2	3	73	1	71	1.34e-16	72.7
tr|A0A1K3H6J5|Release	GCF_002355735.1_WP_096359192.1	25.000	88	83	82	76	53	2	4	75	7	82	1.66e-16	72.7
tr|A0A1K3H6J5|Release	GCF_003544915.1_WP_118918525.1	25.333	88	73	82	75	50	2	3	74	1	72	1.67e-16	72.7
tr|A0A1K3H6J5|Release	GCF_009938015.1_WP_223264517.1	29.114	88	90	84	79	51	3	1	74	1	79	1.73e-16	73.0
tr|A0A1K3H6J5|Release	GCF_001955715.1_WP_029708890.1	24.675	88	80	83	77	51	2	5	77	2	75	2.29e-16	72.4
tr|A0A1K3H6J5|Release	GCF_002557795.1_WP_098194977.1	22.892	88	89	86	83	54	3	1	76	1	80	2.78e-16	72.4
tr|A0A1K3H6J5|Release	GCF_002157225.2_WP_086934278.1	26.389	88	80	82	72	53	0	10	81	5	76	3.10e-16	72.2
tr|A0A1K3H6J5|Release	GCF_004028275.1_WP_128384077.1	22.973	88	77	80	74	53	2	9	78	2	75	3.19e-16	71.9
tr|A0A1K3H6J5|Release	GCF_016613475.2_WP_200606805.1	23.750	88	90	85	80	53	3	1	75	1	77	3.47e-16	72.2
tr|A0A1K3H6J5|Release	GCF_010119975.1_WP_162445115.1	23.750	88	365	86	80	53	2	4	79	8	83	3.73e-16	76.7
tr|A0A1K3H6J5|Release	GCF_015209785.1_WP_193988300.1	39.706	88	73	76	68	40	1	6	72	2	69	5.13e-16	71.3
tr|A0A1K3H6J5|Release	GCF_002218045.2_WP_089137819.1	38.356	88	79	78	73	41	2	6	74	5	77	6.22e-16	71.3
tr|A0A1K3H6J5|Release	GCF_003063625.1_WP_108601906.1	37.705	88	85	69	61	38	0	10	70	5	65	6.41e-16	71.3
tr|A0A1K3H6J5|Release	GCF_001442805.1_WP_057942092.1	23.077	88	88	84	78	53	2	2	75	3	77	8.16e-16	71.0
tr|A0A1K3H6J5|Release	GCF_004421105.1_WP_134356453.1	21.795	88	80	84	78	54	3	5	78	2	76	8.83e-16	71.0
tr|A0A1K3H6J5|Release	GCF_020091585.1_WP_224339804.1	24.675	88	82	83	77	51	2	5	77	2	75	9.20e-16	71.0
tr|A0A1K3H6J5|Release	GCF_013201665.1_WP_128359868.1	18.750	88	81	88	80	59	2	3	79	1	77	1.00e-15	70.7
tr|A0A1K3H6J5|Release	GCF_000026085.1_WP_041454550.1	38.028	88	73	78	71	41	3	6	74	2	71	1.09e-15	70.5
tr|A0A1K3H6J5|Release	GCF_008807855.1_WP_063240334.1	24.359	88	83	84	78	52	2	2	75	3	77	1.54e-15	70.5
tr|A0A1K3H6J5|Release	GCF_005166025.1_WP_137090244.1	25.000	88	84	82	76	50	2	3	74	1	73	2.01e-15	70.2
tr|A0A1K3H6J5|Release	GCF_002356115.1_WP_096526481.1	18.182	88	78	83	77	56	2	5	77	2	75	2.06e-15	69.9
tr|A0A1K3H6J5|Release	GCF_008122265.1_WP_148863603.1	19.481	88	84	83	77	55	2	5	77	2	75	2.39e-15	69.9
tr|A0A1K3H6J5|Release	GCF_000143085.1_WP_013221711.1	23.684	88	82	82	76	51	3	6	77	3	75	3.69e-15	69.3
tr|A0A1K3H6J5|Release	GCF_000014785.1_WP_011630183.1	32.468	88	83	83	77	48	2	4	76	7	83	4.76e-15	69.1
tr|A0A1K3H6J5|Release	GCF_000321415.2_WP_015260329.1	32.955	88	93	95	88	53	3	1	84	1	86	5.40e-15	69.1
tr|A0A1K3H6J5|Release	GCF_024347195.1_WP_271272618.1	33.333	88	77	77	72	44	2	5	72	2	73	5.43e-15	68.8
tr|A0A1K3H6J5|Release	GCF_000014705.1_WP_011637758.1	21.687	88	88	89	83	60	2	9	86	3	85	7.84e-15	68.8
tr|A0A1K3H6J5|Release	GCF_000227685.2_WP_006746304.1	30.864	88	83	88	81	52	2	1	77	1	81	8.85e-15	68.5
tr|A0A1K3H6J5|Release	GCF_000012805.1_WP_011330264.1	22.368	88	85	82	76	52	3	6	77	3	75	9.30e-15	68.5
tr|A0A1K3H6J5|Release	GCF_000147355.1_WP_013326989.1	23.077	88	67	73	65	49	1	23	86	1	65	1.03e-14	67.9
tr|A0A1K3H6J5|Release	GCF_018389385.1_WP_218082190.1	21.795	88	91	84	78	54	2	2	75	13	87	1.05e-14	68.5
tr|A0A1K3H6J5|Release	GCF_001050135.1_WP_048644179.1	20.253	88	88	85	79	56	3	1	75	1	76	1.69e-14	67.7
tr|A0A1K3H6J5|Release	GCF_023733635.1_WP_039959400.1	27.397	88	89	77	73	48	2	5	72	2	74	1.75e-14	67.7
tr|A0A1K3H6J5|Release	GCF_003855395.1_WP_124730567.1	21.687	88	88	89	83	60	3	9	86	3	85	2.16e-14	67.7
tr|A0A1K3H6J5|Release	GCF_024347255.1_WP_091360415.1	27.397	88	79	77	73	48	2	5	72	2	74	2.23e-14	67.4
tr|A0A1K3H6J5|Release	GCF_024347275.1_WP_019620968.1	28.395	88	82	86	81	53	3	5	80	2	82	2.62e-14	67.1
tr|A0A1K3H6J5|Release	GCF_000092245.1_WP_013136435.1	28.767	88	76	80	73	46	2	7	76	2	71	2.65e-14	67.1
tr|A0A1K3H6J5|Release	GCF_004798725.1_WP_010811758.1	23.077	88	83	84	78	53	2	2	75	3	77	3.28e-14	67.1
tr|A0A1K3H6J5|Release	GCF_001956695.1_WP_076086034.1	20.270	88	77	80	74	52	2	7	76	2	72	3.77e-14	66.8
tr|A0A1K3H6J5|Release	GCF_000317125.1_WP_015155280.1	18.987	88	81	85	79	57	3	5	79	2	77	4.09e-14	66.8
tr|A0A1K3H6J5|Release	GCF_003955735.1_WP_126127786.1	23.077	88	91	84	78	53	3	2	75	4	78	5.33e-14	66.5
tr|A0A1K3H6J5|Release	GCF_019891175.1_WP_225938383.1	22.892	88	93	90	83	56	3	1	79	7	85	6.02e-14	66.5
tr|A0A1K3H6J5|Release	GCF_000018105.1_WP_012162738.1	12.500	88	86	95	88	68	3	5	88	2	84	9.99e-14	65.7
tr|A0A1K3H6J5|Release	GCF_003722295.1_WP_010573895.1	25.000	88	75	80	76	48	2	5	74	2	74	1.27e-13	65.4
tr|A0A1K3H6J5|Release	GCF_000012325.1_WP_011045621.1	29.851	88	84	76	67	47	0	10	76	5	71	1.44e-13	65.4
tr|A0A1K3H6J5|Release	GCF_000024725.1_WP_013031543.1	20.513	88	81	84	78	55	3	5	78	2	76	1.56e-13	65.1
tr|A0A1K3H6J5|Release	GCF_000018285.1_WP_012155987.1	19.192	88	102	88	99	58	2	9	85	1	99	1.96e-13	65.4
tr|A0A1K3H6J5|Release	GCF_013283835.1_WP_071625892.1	24.000	88	79	78	75	48	2	7	75	2	73	2.05e-13	64.8
tr|A0A1K3H6J5|Release	GCF_001956695.1_WP_076086043.1	24.675	88	77	84	77	52	2	5	78	2	75	2.41e-13	64.6
tr|A0A1K3H6J5|Release	GCF_024347215.1_WP_261843265.1	30.556	88	77	77	72	46	2	5	72	2	73	2.43e-13	64.6
tr|A0A1K3H6J5|Release	GCF_000265505.1_WP_014796533.1	23.529	88	97	84	85	54	2	4	77	3	87	2.56e-13	64.8
tr|A0A1K3H6J5|Release	GCF_000222485.1_WP_014022977.1	24.359	88	85	84	78	52	3	1	74	1	75	3.58e-13	64.3
tr|A0A1K3H6J5|Release	GCF_020511155.1_WP_226415657.1	17.647	88	87	91	85	65	2	8	87	3	87	3.65e-13	64.3
tr|A0A1K3H6J5|Release	GCF_000317575.1_WP_015193670.1	24.324	88	74	80	74	49	3	5	74	2	72	7.33e-13	63.4
tr|A0A1K3H6J5|Release	GCF_006385555.1_WP_140234395.1	27.711	88	87	89	83	55	2	8	85	2	84	1.12e-12	63.2
tr|A0A1K3H6J5|Release	GCF_013282625.1_WP_173286717.1	29.412	88	67	77	68	45	1	9	76	2	66	2.38e-12	62.0
tr|A0A1K3H6J5|Release	GCF_013201665.1_WP_128358834.1	23.611	88	76	78	72	49	2	7	75	2	70	2.80e-12	62.0
tr|A0A1K3H6J5|Release	GCF_013201935.1_WP_128987185.1	23.611	88	76	78	72	49	2	7	75	2	70	3.18e-12	61.7
tr|A0A1K3H6J5|Release	GCF_000238255.3_WP_010559905.1	23.171	88	86	92	82	60	2	8	88	3	82	3.61e-12	61.7
tr|A0A1K3H6J5|Release	GCF_000973725.1_WP_046311560.1	20.225	88	91	97	89	63	4	3	87	1	85	3.96e-12	61.7
tr|A0A1K3H6J5|Release	GCF_013177635.1_WP_129095951.1	23.611	88	76	78	72	49	2	7	75	2	70	4.70e-12	61.5
tr|A0A1K3H6J5|Release	GCF_003544815.1_WP_118886031.1	23.611	88	76	78	72	49	2	7	75	2	70	4.89e-12	61.2
tr|A0A1K3H6J5|Release	GCF_009937995.1_WP_179954406.1	24.359	88	79	83	78	54	2	5	77	2	79	7.75e-12	60.9
tr|A0A1K3H6J5|Release	GCF_001705075.2_WP_065970077.1	23.611	88	78	77	72	51	2	3	70	1	72	1.61e-11	60.1
tr|A0A1K3H6J5|Release	GCF_000006765.1_NP_249630.1	27.586	88	108	92	87	57	1	5	85	2	88	4.09e-11	59.5
tr|A0A1K3H6J5|Release	GCF_024347675.1_WP_261833361.1	34.091	88	54	50	44	29	0	9	52	1	44	4.64e-11	58.4
tr|A0A1K3H6J5|Release	GCF_011398355.1_WP_173270160.1	26.154	88	65	74	65	45	1	9	73	2	63	5.94e-11	58.4
tr|A0A1K3H6J5|Release	GCF_013177675.1_WP_172126669.1	25.000	88	77	78	72	48	2	7	75	2	70	6.60e-11	58.4
tr|A0A1K3H6J5|Release	GCF_021654855.1_WP_237262080.1	24.638	88	70	74	69	45	2	10	74	3	68	7.21e-11	58.1
tr|A0A1K3H6J5|Release	GCF_000013765.1_WP_011496543.1	21.687	88	106	89	83	60	2	10	87	23	105	7.93e-11	58.6
tr|A0A1K3H6J5|Release	GCF_001444405.1_WP_058032142.1	21.429	88	87	78	70	54	1	9	77	1	70	8.62e-11	58.4
tr|A0A1K3H6J5|Release	GCF_003346815.1_WP_114840344.1	25.000	88	84	83	76	51	2	5	77	2	74	9.68e-11	58.1
tr|A0A1K3H6J5|Release	GCF_004293625.1_WP_130538367.1	33.898	88	71	67	59	36	1	9	67	2	57	1.17e-10	57.8
tr|A0A1K3H6J5|Release	GCF_002309535.1_WP_096047558.1	23.944	88	88	77	71	48	2	9	76	4	71	1.46e-10	57.8
tr|A0A1K3H6J5|Release	GCF_009931655.1_WP_161888514.1	16.854	88	89	97	89	66	3	3	87	1	85	1.65e-10	57.5
tr|A0A1K3H6J5|Release	GCF_000568815.1_WP_025346049.1	22.222	88	76	78	72	50	2	8	76	3	71	2.12e-10	57.2
tr|A0A1K3H6J5|Release	GCF_017742995.1_WP_247749573.1	43.243	88	48	42	37	21	0	9	45	1	37	3.52e-10	56.1
tr|A0A1K3H6J5|Release	GCF_026278345.1_WP_266369249.1	20.732	88	90	89	82	57	4	5	82	2	79	4.25e-10	56.7
tr|A0A1K3H6J5|Release	GCF_001723605.1_WP_069479051.1	24.286	88	76	76	70	47	2	10	76	5	71	4.29e-10	56.4
tr|A0A1K3H6J5|Release	GCF_023650495.1_WP_250655372.1	18.824	88	88	91	85	64	2	8	87	3	87	6.99e-10	56.1
tr|A0A1K3H6J5|Release	GCF_000265295.1_WP_014770430.1	22.222	88	76	78	72	50	2	8	76	3	71	7.85e-10	55.6
tr|A0A1K3H6J5|Release	GCF_005281475.1_WP_137401239.1	23.377	88	81	84	77	53	3	6	79	2	75	9.20e-10	55.6
tr|A0A1K3H6J5|Release	GCF_013283835.1_WP_071628250.1	22.973	88	81	81	74	51	2	5	75	2	72	9.72e-10	55.6
tr|A0A1K3H6J5|Release	GCF_014217805.1_WP_185274331.1	15.294	88	91	92	85	64	3	5	85	6	86	1.14e-09	55.6
tr|A0A1K3H6J5|Release	GCF_011398355.1_WP_173270199.1	24.242	88	66	75	66	47	1	9	74	2	64	1.66e-09	54.7
tr|A0A1K3H6J5|Release	GCF_003967275.1_WP_197721837.1	27.027	88	78	80	74	50	3	3	72	1	74	3.99e-09	53.9
tr|A0A1K3H6J5|Release	GCF_006575665.1_WP_141613356.1	24.000	88	81	82	75	51	3	6	77	2	73	7.95e-09	53.3
tr|A0A1K3H6J5|Release	GCF_019931735.1_WP_223417223.1	18.293	88	87	88	82	62	3	10	86	4	85	1.65e-08	52.5
tr|A0A1K3H6J5|Release	GCF_011398155.1_WP_173291533.1	18.571	88	71	78	70	53	2	10	78	3	69	1.88e-08	52.2
tr|A0A1K3H6J5|Release	GCF_014075995.1_WP_182414414.1	14.943	88	91	94	87	66	3	3	85	4	86	2.36e-08	52.2
tr|A0A1K3H6J5|Release	GCF_003260975.1_WP_112783789.1	23.288	88	81	80	73	50	3	6	75	2	71	2.57e-08	51.9
tr|A0A1K3H6J5|Release	GCF_002116735.1_WP_041332374.1	16.667	88	86	84	78	58	2	4	77	7	81	2.57e-08	51.9
tr|A0A1K3H6J5|Release	GCF_000484535.1_WP_023173213.1	23.529	88	91	76	68	51	1	12	78	24	91	1.32e-07	50.2
tr|A0A1K3H6J5|Release	GCF_000242635.2_WP_014682426.1	22.059	88	83	73	68	46	2	14	77	11	75	1.51e-07	49.9
tr|A0A1K3H6J5|Release	GCF_021018745.1_WP_230843504.1	25.373	88	92	75	67	49	1	12	77	24	90	5.65e-07	48.5
tr|A0A1K3H6J5|Release	GCF_000011385.1_WP_011141833.1	25.373	88	92	75	67	49	1	12	77	24	90	1.29e-06	47.7
tr|A0A1K3H6J5|Release	GCF_001027285.1_WP_047859305.1	26.531	88	80	56	49	36	0	12	60	12	60	1.36e-06	47.4
tr|A0A1K3H6J5|Release	GCF_011764585.1_WP_188200227.1	28.571	88	63	58	56	35	2	23	73	2	57	1.86e-06	46.8
tr|A0A1K3H6J5|Release	GCF_000325705.1_WP_015264554.1	21.127	88	77	77	71	50	3	10	77	6	73	1.47e-04	42.3
tr|A0A1K3H6J5|Release	GCF_003143555.1_WP_109340539.1	17.333	88	84	82	75	59	1	12	83	5	79	1.74e-04	42.1
tr|A0A1K3H6J5|Release	GCF_003945325.1_WP_125566010.1	25.714	88	327	72	70	44	4	24	86	165	233	7.83e-04	42.9
tr|A0A1K3H6J5|Release	GCF_010119975.1_WP_162441452.1	14.444	88	89	98	90	69	3	3	88	1	86	8.77e-04	40.4
tr|A0A1K3H6J5|Release	GCF_010119975.1_WP_162443195.1	16.667	88	91	98	90	67	3	3	88	1	86	0.001	40.4
tr|A0A1K3H6J5|Release	GCF_009937995.1_WP_162085741.1	20.779	88	82	81	77	55	2	3	73	1	77	0.001	40.1
tr|A0A1K3H6J5|Release	GCF_018388465.1_WP_208290210.1	26.471	88	316	74	68	47	2	16	80	139	206	0.002	41.8
tr|A0A1K3H6J5|Release	GCF_001263175.1_WP_050726405.1	33.333	88	81	51	45	30	0	12	56	12	56	0.004	38.7
tr|A0A1K3H6J5|Release	GCF_000010305.1_WP_012681958.1	23.438	88	71	70	64	46	2	14	75	7	69	0.008	37.5

Search has CONVERGED!
# BLAST processed 6 queries
