# PSIBLAST 2.13.0+
# Iteration: 1
# Query: tr|E8XIQ7|E8XIQ7_SALT4 Rho-binding antiterminator OS=Salmonella typhimurium (strain 4/74) OX=909946 GN=rof PE=4 SV=1
# Database: db/chosen-bacteria_proteome_exDup
# Fields: query id, subject id, % identity, query length, subject length, % query coverage per subject, alignment length, mismatches, gap opens, q. start, q. end, s. start, s. end, evalue, bit score
# 279 hits found
tr|E8XIQ7|E8XIQ7_SALT4	GCF_000006945.2_NP_459242.1	100.000	86	86	100	86	0	0	1	86	1	86	7.44e-58	178
tr|E8XIQ7|E8XIQ7_SALT4	GCF_000439255.1_WP_000062328.1	95.349	86	86	100	86	4	0	1	86	1	86	9.37e-55	170
tr|E8XIQ7|E8XIQ7_SALT4	GCF_004684345.1_WP_135323069.1	88.372	86	86	100	86	10	0	1	86	1	86	2.90e-51	161
tr|E8XIQ7|E8XIQ7_SALT4	GCF_900638065.1_WP_048212636.1	87.209	86	86	100	86	11	0	1	86	1	86	7.35e-51	160
tr|E8XIQ7|E8XIQ7_SALT4	GCF_003812345.1_WP_003018503.1	86.047	86	86	100	86	12	0	1	86	1	86	2.03e-50	159
tr|E8XIQ7|E8XIQ7_SALT4	GCF_021278985.1_WP_012904575.1	84.884	86	86	100	86	13	0	1	86	1	86	1.14e-49	157
tr|E8XIQ7|E8XIQ7_SALT4	GCF_004353845.1_WP_103768334.1	84.884	86	86	100	86	13	0	1	86	1	86	1.82e-49	156
tr|E8XIQ7|E8XIQ7_SALT4	GCF_009648935.1_WP_047417117.1	84.884	86	86	100	86	13	0	1	86	1	86	1.97e-49	156
tr|E8XIQ7|E8XIQ7_SALT4	GCF_000018045.1_WP_024130681.1	83.721	86	86	100	86	14	0	1	86	1	86	2.55e-49	156
tr|E8XIQ7|E8XIQ7_SALT4	GCF_001558935.2_WP_042323659.1	84.884	86	86	100	86	13	0	1	86	1	86	3.03e-49	156
tr|E8XIQ7|E8XIQ7_SALT4	GCF_001461805.1_WP_013367515.1	84.884	86	86	100	86	13	0	1	86	1	86	3.21e-49	156
tr|E8XIQ7|E8XIQ7_SALT4	GCF_018128425.1_WP_042289833.1	84.884	86	86	100	86	13	0	1	86	1	86	3.85e-49	156
tr|E8XIQ7|E8XIQ7_SALT4	GCF_001518835.1_WP_059308693.1	83.721	86	86	100	86	14	0	1	86	1	86	5.22e-48	153
tr|E8XIQ7|E8XIQ7_SALT4	GCF_009176645.1_WP_152083529.1	83.721	86	86	100	86	14	0	1	86	1	86	7.00e-48	152
tr|E8XIQ7|E8XIQ7_SALT4	GCF_001022135.1_WP_039078449.1	81.395	86	86	100	86	16	0	1	86	1	86	1.89e-47	151
tr|E8XIQ7|E8XIQ7_SALT4	GCF_003594935.2_WP_006173581.1	83.721	86	86	100	86	14	0	1	86	1	86	2.52e-47	151
tr|E8XIQ7|E8XIQ7_SALT4	GCF_006711645.1_WP_100682484.1	82.558	86	86	100	86	15	0	1	86	1	86	3.12e-47	151
tr|E8XIQ7|E8XIQ7_SALT4	GCF_021172065.1_WP_015965827.1	81.395	86	86	100	86	16	0	1	86	1	86	4.87e-47	150
tr|E8XIQ7|E8XIQ7_SALT4	GCF_022637595.1_WP_004858152.1	82.558	86	86	100	86	15	0	1	86	1	86	5.44e-47	150
tr|E8XIQ7|E8XIQ7_SALT4	GCF_001750725.1_WP_014168720.1	82.558	86	86	100	86	15	0	1	86	1	86	5.44e-47	150
tr|E8XIQ7|E8XIQ7_SALT4	GCF_000006925.2_NP_706134.1	81.395	86	86	100	86	16	0	1	86	1	86	6.59e-47	150
tr|E8XIQ7|E8XIQ7_SALT4	GCF_015139575.1_WP_004098776.1	81.395	86	86	100	86	16	0	1	86	1	86	7.08e-47	150
tr|E8XIQ7|E8XIQ7_SALT4	GCF_007632255.1_WP_015368146.1	82.558	86	86	100	86	15	0	1	86	1	86	7.08e-47	150
tr|E8XIQ7|E8XIQ7_SALT4	GCF_000224675.1_WP_010426685.1	82.558	86	86	100	86	15	0	1	86	1	86	7.25e-47	150
tr|E8XIQ7|E8XIQ7_SALT4	GCF_003935895.2_WP_110510858.1	82.353	86	86	99	85	15	0	1	85	1	85	8.84e-47	150
tr|E8XIQ7|E8XIQ7_SALT4	GCF_000240185.1_YP_005225236.1	81.395	86	86	100	86	16	0	1	86	1	86	9.27e-47	150
tr|E8XIQ7|E8XIQ7_SALT4	GCF_018139045.1_WP_004129134.1	80.233	86	86	100	86	17	0	1	86	1	86	1.81e-46	149
tr|E8XIQ7|E8XIQ7_SALT4	GCF_003261575.2_WP_110272453.1	80.233	86	86	100	86	17	0	1	86	1	86	1.90e-46	149
tr|E8XIQ7|E8XIQ7_SALT4	GCF_020097475.1_WP_000062318.1	80.233	86	86	100	86	17	0	1	86	1	86	2.98e-46	148
tr|E8XIQ7|E8XIQ7_SALT4	GCF_003812925.1_WP_004107903.1	80.233	86	86	100	86	17	0	1	86	1	86	3.44e-46	148
tr|E8XIQ7|E8XIQ7_SALT4	GCF_009036245.1_WP_025756830.1	81.395	86	86	100	86	16	0	1	86	1	86	3.53e-46	148
tr|E8XIQ7|E8XIQ7_SALT4	GCF_012029655.1_WP_041144145.1	81.395	86	86	100	86	16	0	1	86	1	86	4.23e-46	148
tr|E8XIQ7|E8XIQ7_SALT4	GCF_015137655.1_WP_028015593.1	81.395	86	86	100	86	16	0	1	86	1	86	4.40e-46	148
tr|E8XIQ7|E8XIQ7_SALT4	GCF_001729805.1_WP_008501890.1	80.233	86	86	100	86	17	0	1	86	1	86	6.05e-46	147
tr|E8XIQ7|E8XIQ7_SALT4	GCF_019048625.1_WP_023305471.1	81.395	86	86	100	86	16	0	1	86	1	86	7.50e-46	147
tr|E8XIQ7|E8XIQ7_SALT4	GCF_001658025.2_WP_007373243.1	80.233	86	86	100	86	17	0	1	86	1	86	7.62e-46	147
tr|E8XIQ7|E8XIQ7_SALT4	GCF_001683395.1_WP_017458015.1	79.070	86	86	100	86	18	0	1	86	1	86	8.86e-46	147
tr|E8XIQ7|E8XIQ7_SALT4	GCF_016904755.1_WP_059234959.1	81.176	86	86	99	85	16	0	1	85	1	85	9.08e-46	147
tr|E8XIQ7|E8XIQ7_SALT4	GCF_009363135.1_WP_090122691.1	79.070	86	86	100	86	18	0	1	86	1	86	1.21e-45	147
tr|E8XIQ7|E8XIQ7_SALT4	GCF_025758125.1_WP_023480196.1	77.907	86	86	100	86	19	0	1	86	1	86	1.53e-45	147
tr|E8XIQ7|E8XIQ7_SALT4	GCF_000005845.2_NP_414731.2	80.952	86	84	98	84	16	0	3	86	1	84	1.98e-45	146
tr|E8XIQ7|E8XIQ7_SALT4	GCF_023195735.1_WP_035891978.1	79.070	86	86	100	86	18	0	1	86	1	86	2.76e-45	146
tr|E8XIQ7|E8XIQ7_SALT4	GCF_027886705.1_WP_061497537.1	79.070	86	86	100	86	18	0	1	86	1	86	3.11e-45	146
tr|E8XIQ7|E8XIQ7_SALT4	GCF_024224615.1_WP_125293588.1	79.070	86	86	100	86	18	0	1	86	1	86	3.95e-45	145
tr|E8XIQ7|E8XIQ7_SALT4	GCF_025914095.1_WP_031518416.1	79.070	86	86	100	86	18	0	1	86	1	86	1.12e-44	144
tr|E8XIQ7|E8XIQ7_SALT4	GCF_009649915.1_WP_062772223.1	77.907	86	86	100	86	19	0	1	86	1	86	1.32e-44	144
tr|E8XIQ7|E8XIQ7_SALT4	GCF_011068345.1_WP_002436992.1	77.907	86	86	100	86	19	0	1	86	1	86	1.35e-44	144
tr|E8XIQ7|E8XIQ7_SALT4	GCF_019047765.1_WP_040230035.1	88.372	86	86	100	86	10	0	1	86	1	86	4.75e-44	143
tr|E8XIQ7|E8XIQ7_SALT4	GCF_001277255.1_WP_007666633.1	76.744	86	86	100	86	20	0	1	86	1	86	7.02e-44	142
tr|E8XIQ7|E8XIQ7_SALT4	GCF_001277195.1_WP_032966924.1	76.744	86	86	100	86	20	0	1	86	1	86	1.30e-43	141
tr|E8XIQ7|E8XIQ7_SALT4	GCF_001277215.2_WP_007776988.1	75.581	86	86	100	86	21	0	1	86	1	86	1.38e-43	141
tr|E8XIQ7|E8XIQ7_SALT4	GCF_001277175.1_WP_007760020.1	75.581	86	86	100	86	21	0	1	86	1	86	1.40e-43	141
tr|E8XIQ7|E8XIQ7_SALT4	GCF_002163605.1_WP_157665988.1	75.581	86	86	100	86	21	0	1	86	1	86	7.68e-43	140
tr|E8XIQ7|E8XIQ7_SALT4	GCF_022637515.1_WP_064539750.1	73.256	86	86	100	86	23	0	1	86	1	86	1.95e-42	139
tr|E8XIQ7|E8XIQ7_SALT4	GCF_013234275.1_WP_172895488.1	73.256	86	86	100	86	23	0	1	86	1	86	3.34e-42	138
tr|E8XIQ7|E8XIQ7_SALT4	GCF_003019925.1_WP_162185254.1	77.381	86	86	98	84	19	0	1	84	1	84	3.86e-42	138
tr|E8XIQ7|E8XIQ7_SALT4	GCF_900635955.1_WP_126357486.1	73.810	86	86	98	84	22	0	1	84	1	84	3.98e-42	138
tr|E8XIQ7|E8XIQ7_SALT4	GCF_021276285.1_WP_095923198.1	73.810	86	86	98	84	22	0	1	84	1	84	7.00e-42	137
tr|E8XIQ7|E8XIQ7_SALT4	GCF_002393445.1_WP_061273728.1	73.810	86	86	98	84	22	0	1	84	1	84	8.14e-42	137
tr|E8XIQ7|E8XIQ7_SALT4	GCF_022637475.1_WP_013574214.1	72.619	86	86	98	84	23	0	1	84	1	84	1.33e-41	136
tr|E8XIQ7|E8XIQ7_SALT4	GCF_017498685.1_WP_038245151.1	73.256	86	86	100	86	23	0	1	86	1	86	6.63e-41	135
tr|E8XIQ7|E8XIQ7_SALT4	GCF_000834395.1_WP_042546713.1	73.256	86	86	100	86	23	0	1	86	1	86	1.29e-40	134
tr|E8XIQ7|E8XIQ7_SALT4	GCF_000262305.1_WP_002441069.1	70.930	86	86	100	86	25	0	1	86	1	86	1.31e-40	134
tr|E8XIQ7|E8XIQ7_SALT4	GCF_009730055.1_WP_032906500.1	73.256	86	86	100	86	23	0	1	86	1	86	1.58e-40	134
tr|E8XIQ7|E8XIQ7_SALT4	GCF_004124235.1_WP_025377303.1	73.256	86	86	100	86	23	0	1	86	1	86	1.60e-40	134
tr|E8XIQ7|E8XIQ7_SALT4	GCF_000222975.1_WP_002218374.1	73.256	86	86	100	86	23	0	1	86	1	86	1.69e-40	134
tr|E8XIQ7|E8XIQ7_SALT4	GCF_013282725.1_WP_032813813.1	73.256	86	86	100	86	23	0	1	86	1	86	2.82e-40	133
tr|E8XIQ7|E8XIQ7_SALT4	GCF_017348915.1_WP_040077077.1	83.721	86	86	100	86	14	0	1	86	1	86	5.76e-40	132
tr|E8XIQ7|E8XIQ7_SALT4	GCF_000834455.1_WP_032817050.1	73.256	86	86	100	86	23	0	1	86	1	86	1.36e-39	131
tr|E8XIQ7|E8XIQ7_SALT4	GCF_025133195.1_WP_032910235.1	70.930	86	86	100	86	25	0	1	86	1	86	1.87e-39	131
tr|E8XIQ7|E8XIQ7_SALT4	GCF_011617105.1_WP_025800203.1	75.581	86	86	100	86	21	0	1	86	1	86	2.47e-39	131
tr|E8XIQ7|E8XIQ7_SALT4	GCF_002953195.1_WP_038628016.1	72.093	86	87	100	86	24	0	1	86	1	86	2.79e-39	130
tr|E8XIQ7|E8XIQ7_SALT4	GCF_020150375.1_WP_004094310.1	75.581	86	86	100	86	21	0	1	86	1	86	3.16e-39	130
tr|E8XIQ7|E8XIQ7_SALT4	GCF_011044475.1_WP_033740322.1	71.765	86	86	99	85	24	0	1	85	1	85	1.02e-38	129
tr|E8XIQ7|E8XIQ7_SALT4	GCF_000233595.1_WP_013024706.1	70.588	86	86	99	85	25	0	1	85	1	85	4.60e-38	127
tr|E8XIQ7|E8XIQ7_SALT4	GCF_020079945.1_WP_039382769.1	68.235	86	87	99	85	27	0	1	85	1	85	1.88e-37	126
tr|E8XIQ7|E8XIQ7_SALT4	GCF_019844095.1_WP_062747070.1	66.279	86	88	100	86	29	0	1	86	2	87	3.68e-37	125
tr|E8XIQ7|E8XIQ7_SALT4	GCF_023517775.1_WP_249893541.1	68.605	86	87	100	86	27	0	1	86	1	86	4.40e-37	125
tr|E8XIQ7|E8XIQ7_SALT4	GCF_009817885.1_WP_105232289.1	68.605	86	87	100	86	27	0	1	86	1	86	5.72e-37	125
tr|E8XIQ7|E8XIQ7_SALT4	GCF_020683125.1_WP_133842177.1	65.116	86	88	100	86	30	0	1	86	2	87	6.68e-37	125
tr|E8XIQ7|E8XIQ7_SALT4	GCF_019890955.1_WP_211725887.1	68.235	86	87	99	85	27	0	1	85	1	85	1.32e-36	124
tr|E8XIQ7|E8XIQ7_SALT4	GCF_001642805.2_WP_004931991.1	68.605	86	87	100	86	27	0	1	86	1	86	1.70e-36	123
tr|E8XIQ7|E8XIQ7_SALT4	GCF_009914055.1_WP_160619715.1	68.605	86	87	100	86	27	0	1	86	1	86	3.37e-36	123
tr|E8XIQ7|E8XIQ7_SALT4	GCF_000264765.2_WP_034163237.1	65.116	86	86	100	86	30	0	1	86	1	86	4.03e-36	123
tr|E8XIQ7|E8XIQ7_SALT4	GCF_009931295.1_WP_161528353.1	67.442	86	86	100	86	28	0	1	86	1	86	4.40e-36	122
tr|E8XIQ7|E8XIQ7_SALT4	GCF_021462285.1_WP_234585968.1	68.605	86	87	100	86	27	0	1	86	1	86	4.63e-36	122
tr|E8XIQ7|E8XIQ7_SALT4	GCF_900187015.1_WP_061796701.1	68.605	86	87	100	86	27	0	1	86	1	86	5.74e-36	122
tr|E8XIQ7|E8XIQ7_SALT4	GCF_002288545.1_WP_029367608.1	67.442	86	86	100	86	28	0	1	86	1	86	6.05e-36	122
tr|E8XIQ7|E8XIQ7_SALT4	GCF_012427845.1_WP_012773648.1	67.442	86	86	100	86	28	0	1	86	1	86	6.10e-36	122
tr|E8XIQ7|E8XIQ7_SALT4	GCF_002101395.1_WP_085067900.1	67.442	86	87	100	86	28	0	1	86	1	86	7.58e-36	122
tr|E8XIQ7|E8XIQ7_SALT4	GCF_009873295.1_WP_039312412.1	67.442	86	86	100	86	28	0	1	86	1	86	9.15e-36	121
tr|E8XIQ7|E8XIQ7_SALT4	GCF_021733145.1_WP_012847629.1	64.286	86	86	98	84	30	0	1	84	1	84	9.59e-36	121
tr|E8XIQ7|E8XIQ7_SALT4	GCF_000740965.1_WP_011092648.1	66.279	86	86	100	86	29	0	1	86	1	86	1.01e-35	121
tr|E8XIQ7|E8XIQ7_SALT4	GCF_000196615.1_WP_013200864.1	66.279	86	87	100	86	29	0	1	86	1	86	1.13e-35	121
tr|E8XIQ7|E8XIQ7_SALT4	GCF_016026735.1_WP_015673540.1	66.279	86	87	100	86	29	0	1	86	1	86	1.34e-35	121
tr|E8XIQ7|E8XIQ7_SALT4	GCF_001742185.1_WP_005975933.1	66.279	86	86	100	86	29	0	1	86	1	86	1.37e-35	121
tr|E8XIQ7|E8XIQ7_SALT4	GCF_002291425.1_WP_095847471.1	67.442	86	87	100	86	28	0	1	86	1	86	1.38e-35	121
tr|E8XIQ7|E8XIQ7_SALT4	GCF_004792415.1_WP_013356856.1	66.667	86	86	98	84	28	0	1	84	1	84	1.39e-35	121
tr|E8XIQ7|E8XIQ7_SALT4	GCF_003992745.1_WP_014700896.1	65.116	86	86	100	86	30	0	1	86	1	86	2.43e-35	120
tr|E8XIQ7|E8XIQ7_SALT4	GCF_000520015.2_WP_024910172.1	67.442	86	87	100	86	28	0	1	86	1	86	3.30e-35	120
tr|E8XIQ7|E8XIQ7_SALT4	GCF_900095885.1_WP_035340381.1	66.279	86	86	100	86	29	0	1	86	1	86	3.34e-35	120
tr|E8XIQ7|E8XIQ7_SALT4	GCF_009646115.1_WP_008925644.1	66.667	86	86	98	84	28	0	1	84	1	84	3.45e-35	120
tr|E8XIQ7|E8XIQ7_SALT4	GCF_000026185.1_WP_012440659.1	68.235	86	87	99	85	27	0	1	85	1	85	3.65e-35	120
tr|E8XIQ7|E8XIQ7_SALT4	GCF_022647505.1_WP_128179458.1	66.279	86	87	100	86	29	0	1	86	1	86	3.86e-35	120
tr|E8XIQ7|E8XIQ7_SALT4	GCF_020181655.1_WP_225087160.1	66.279	86	86	100	86	29	0	1	86	1	86	4.59e-35	120
tr|E8XIQ7|E8XIQ7_SALT4	GCF_005484965.1_WP_009114129.1	66.279	86	86	100	86	29	0	1	86	1	86	5.60e-35	120
tr|E8XIQ7|E8XIQ7_SALT4	GCF_002812485.1_WP_038661467.1	65.882	86	86	99	85	29	0	1	85	1	85	9.24e-35	119
tr|E8XIQ7|E8XIQ7_SALT4	GCF_000196155.1_WP_011145066.1	61.628	86	88	100	86	33	0	1	86	1	86	9.74e-35	119
tr|E8XIQ7|E8XIQ7_SALT4	GCF_017569925.1_WP_208228065.1	66.279	86	86	100	86	29	0	1	86	1	86	1.25e-34	119
tr|E8XIQ7|E8XIQ7_SALT4	GCF_019048385.1_WP_062759648.1	65.476	86	86	98	84	29	0	1	84	1	84	1.36e-34	119
tr|E8XIQ7|E8XIQ7_SALT4	GCF_000023545.1_WP_015854637.1	65.116	86	86	100	86	30	0	1	86	1	86	2.05e-34	118
tr|E8XIQ7|E8XIQ7_SALT4	GCF_002291445.1_WP_048635886.1	66.279	86	86	100	86	29	0	1	86	1	86	2.34e-34	118
tr|E8XIQ7|E8XIQ7_SALT4	GCF_902387845.1_WP_004237241.1	62.791	86	88	100	86	32	0	1	86	1	86	2.37e-34	118
tr|E8XIQ7|E8XIQ7_SALT4	GCF_000147055.1_WP_022632468.1	64.706	86	86	99	85	30	0	1	85	1	85	4.28e-34	117
tr|E8XIQ7|E8XIQ7_SALT4	GCF_000517425.1_WP_025421126.1	61.905	86	86	98	84	32	0	1	84	1	84	4.90e-34	117
tr|E8XIQ7|E8XIQ7_SALT4	GCF_000025065.1_WP_012883679.1	63.529	86	86	99	85	31	0	1	85	1	85	4.94e-34	117
tr|E8XIQ7|E8XIQ7_SALT4	GCF_007858975.2_WP_042869176.1	64.706	86	86	99	85	30	0	1	85	1	85	6.08e-34	117
tr|E8XIQ7|E8XIQ7_SALT4	GCF_900638655.1_WP_047781753.1	64.706	86	88	98	85	29	1	1	84	1	85	6.77e-34	117
tr|E8XIQ7|E8XIQ7_SALT4	GCF_021365465.1_WP_016190321.1	63.953	86	87	100	86	31	0	1	86	1	86	6.97e-34	117
tr|E8XIQ7|E8XIQ7_SALT4	GCF_001010285.1_WP_046974061.1	66.279	86	88	100	86	29	0	1	86	1	86	7.16e-34	117
tr|E8XIQ7|E8XIQ7_SALT4	GCF_005484945.1_WP_137712817.1	63.953	86	86	100	86	31	0	1	86	1	86	7.96e-34	117
tr|E8XIQ7|E8XIQ7_SALT4	GCF_020342335.1_WP_067428135.1	63.953	86	87	100	86	31	0	1	86	1	86	1.00e-33	116
tr|E8XIQ7|E8XIQ7_SALT4	GCF_000023565.1_WP_012770818.1	62.353	86	86	99	85	32	0	1	85	1	85	1.12e-33	116
tr|E8XIQ7|E8XIQ7_SALT4	GCF_005671395.1_WP_138095872.1	65.385	86	86	91	78	27	0	1	78	1	78	1.36e-33	116
tr|E8XIQ7|E8XIQ7_SALT4	GCF_000010085.1_WP_011411656.1	60.714	86	86	98	84	33	0	1	84	1	84	1.86e-33	116
tr|E8XIQ7|E8XIQ7_SALT4	GCF_004295645.1_WP_228350951.1	65.432	86	88	94	81	28	0	4	84	5	85	2.43e-33	116
tr|E8XIQ7|E8XIQ7_SALT4	GCF_003403135.1_WP_024104894.1	63.529	86	86	99	85	31	0	1	85	1	85	2.77e-33	115
tr|E8XIQ7|E8XIQ7_SALT4	GCF_022647325.1_WP_111140597.1	63.095	86	86	98	84	31	0	1	84	1	84	2.95e-33	115
tr|E8XIQ7|E8XIQ7_SALT4	GCF_000091565.1_WP_004159420.1	64.706	86	87	99	85	30	0	1	85	1	85	3.06e-33	115
tr|E8XIQ7|E8XIQ7_SALT4	GCF_003096015.2_WP_230514010.1	64.198	86	88	94	81	29	0	4	84	5	85	3.34e-33	115
tr|E8XIQ7|E8XIQ7_SALT4	GCF_000968175.1_WP_045959360.1	65.060	86	88	97	83	29	0	4	86	5	87	7.23e-33	114
tr|E8XIQ7|E8XIQ7_SALT4	GCF_003515985.1_WP_085653101.1	63.529	86	86	99	85	31	0	1	85	1	85	7.49e-33	114
tr|E8XIQ7|E8XIQ7_SALT4	GCF_025946765.1_WP_264497926.1	61.628	86	86	100	86	33	0	1	86	1	86	7.85e-33	114
tr|E8XIQ7|E8XIQ7_SALT4	GCF_002504285.1_WP_005282992.1	62.791	86	86	100	86	32	0	1	86	1	86	1.34e-32	114
tr|E8XIQ7|E8XIQ7_SALT4	GCF_019797845.1_WP_222158377.1	63.953	86	86	100	86	31	0	1	86	1	86	1.62e-32	113
tr|E8XIQ7|E8XIQ7_SALT4	GCF_019090985.1_WP_036781226.1	60.465	86	88	100	86	34	0	1	86	1	86	1.94e-32	113
tr|E8XIQ7|E8XIQ7_SALT4	GCF_003074995.2_WP_015870269.1	58.333	86	86	98	84	35	0	1	84	1	84	4.30e-32	112
tr|E8XIQ7|E8XIQ7_SALT4	GCF_900478135.1_WP_111739359.1	62.353	86	88	98	85	31	1	1	84	1	85	4.39e-32	112
tr|E8XIQ7|E8XIQ7_SALT4	GCF_017743015.1_WP_209027287.1	62.791	86	88	100	86	32	0	1	86	1	86	6.53e-32	112
tr|E8XIQ7|E8XIQ7_SALT4	GCF_013460135.1_WP_180816665.1	58.140	86	88	100	86	36	0	1	86	1	86	9.56e-32	111
tr|E8XIQ7|E8XIQ7_SALT4	GCF_015999465.1_WP_085688159.1	62.353	86	86	99	85	32	0	1	85	1	85	1.89e-31	111
tr|E8XIQ7|E8XIQ7_SALT4	GCF_000196475.1_WP_012776850.1	60.465	86	88	100	86	34	0	1	86	1	86	2.62e-31	110
tr|E8XIQ7|E8XIQ7_SALT4	GCF_000261045.2_WP_006318653.1	62.791	86	87	100	86	32	0	1	86	1	86	3.40e-31	110
tr|E8XIQ7|E8XIQ7_SALT4	GCF_900638135.1_WP_012146468.1	61.628	86	87	100	86	33	0	1	86	1	86	3.71e-31	110
tr|E8XIQ7|E8XIQ7_SALT4	GCF_020268605.1_WP_180560445.1	58.140	86	88	100	86	36	0	1	86	1	86	4.54e-31	110
tr|E8XIQ7|E8XIQ7_SALT4	GCF_000968195.1_WP_045972480.1	61.446	86	87	97	83	32	0	4	86	5	87	4.57e-31	110
tr|E8XIQ7|E8XIQ7_SALT4	GCF_000214235.1_WP_004952197.1	63.095	86	85	98	84	31	0	3	86	1	84	9.59e-31	109
tr|E8XIQ7|E8XIQ7_SALT4	GCF_004768525.1_WP_026822068.1	56.977	86	88	100	86	37	0	1	86	1	86	1.11e-30	109
tr|E8XIQ7|E8XIQ7_SALT4	GCF_016026395.1_WP_024524235.1	59.302	86	86	100	86	35	0	1	86	1	86	1.83e-30	108
tr|E8XIQ7|E8XIQ7_SALT4	GCF_002952315.1_WP_012667243.1	61.176	86	87	99	85	33	0	1	85	1	85	1.88e-30	108
tr|E8XIQ7|E8XIQ7_SALT4	GCF_008364325.2_WP_230090436.1	61.905	86	85	98	84	32	0	3	86	1	84	3.45e-30	107
tr|E8XIQ7|E8XIQ7_SALT4	GCF_014295015.1_WP_013185414.1	60.241	86	87	97	83	33	0	4	86	5	87	4.33e-30	107
tr|E8XIQ7|E8XIQ7_SALT4	GCF_009831665.3_WP_006709226.1	59.302	86	87	100	86	35	0	1	86	1	86	4.33e-30	107
tr|E8XIQ7|E8XIQ7_SALT4	GCF_000517405.1_WP_038469034.1	58.750	86	83	93	80	33	0	5	84	2	81	7.85e-30	106
tr|E8XIQ7|E8XIQ7_SALT4	GCF_001721185.1_WP_069317984.1	59.302	86	87	100	86	35	0	1	86	1	86	1.53e-29	106
tr|E8XIQ7|E8XIQ7_SALT4	GCF_029277985.1_WP_154623766.1	56.977	86	87	100	86	37	0	1	86	1	86	1.99e-29	105
tr|E8XIQ7|E8XIQ7_SALT4	GCF_001006005.1_WP_223499701.1	60.714	86	85	98	84	33	0	3	86	1	84	2.04e-29	105
tr|E8XIQ7|E8XIQ7_SALT4	GCF_020541225.1_WP_226811316.1	57.143	86	86	98	84	36	0	1	84	1	84	2.29e-29	105
tr|E8XIQ7|E8XIQ7_SALT4	GCF_003204135.1_WP_004908806.1	58.140	86	87	100	86	36	0	1	86	1	86	1.78e-28	103
tr|E8XIQ7|E8XIQ7_SALT4	GCF_002393505.1_WP_006658392.1	55.814	86	87	100	86	38	0	1	86	1	86	4.59e-28	102
tr|E8XIQ7|E8XIQ7_SALT4	GCF_002843235.3_WP_102139922.1	56.977	86	87	100	86	37	0	1	86	1	86	1.03e-27	101
tr|E8XIQ7|E8XIQ7_SALT4	GCF_900475855.1_WP_068441311.1	55.814	86	87	100	86	38	0	1	86	1	86	3.98e-27	100
tr|E8XIQ7|E8XIQ7_SALT4	GCF_011045835.1_WP_075671674.1	57.831	86	86	97	83	35	0	1	83	1	83	1.44e-26	98.6
tr|E8XIQ7|E8XIQ7_SALT4	GCF_022592395.1_WP_047255099.1	53.488	86	87	100	86	40	0	1	86	1	86	1.51e-26	98.6
tr|E8XIQ7|E8XIQ7_SALT4	GCF_022369495.1_WP_072064250.1	56.627	86	86	97	83	36	0	1	83	1	83	1.83e-26	98.4
tr|E8XIQ7|E8XIQ7_SALT4	GCF_004116975.1_WP_064720954.1	57.831	86	86	97	83	35	0	1	83	1	83	7.40e-26	97.0
tr|E8XIQ7|E8XIQ7_SALT4	GCF_000069965.1_WP_004245453.1	55.422	86	86	97	83	37	0	1	83	1	83	9.69e-26	96.7
tr|E8XIQ7|E8XIQ7_SALT4	GCF_020991025.1_WP_152109250.1	44.872	86	83	90	78	42	1	3	79	1	78	1.78e-16	72.8
tr|E8XIQ7|E8XIQ7_SALT4	GCF_013423785.1_WP_180308358.1	45.205	86	88	85	73	40	0	1	73	1	73	4.63e-14	66.9
tr|E8XIQ7|E8XIQ7_SALT4	GCF_013200955.2_WP_173204463.1	38.750	86	91	91	80	46	2	3	80	1	79	9.44e-12	60.9
tr|E8XIQ7|E8XIQ7_SALT4	GCF_002355475.1_WP_004421315.1	41.096	86	91	84	73	42	1	3	74	1	73	1.30e-11	60.7
tr|E8XIQ7|E8XIQ7_SALT4	GCF_900682675.2_WP_069898892.1	43.836	86	94	84	73	40	1	6	77	3	75	5.13e-11	59.3
tr|E8XIQ7|E8XIQ7_SALT4	GCF_001594225.2_WP_064379396.1	37.647	86	92	93	85	48	2	7	86	4	88	1.92e-09	55.0
tr|E8XIQ7|E8XIQ7_SALT4	GCF_003515105.1_WP_036973086.1	44.118	86	73	78	68	37	1	6	72	2	69	5.06e-09	53.6
tr|E8XIQ7|E8XIQ7_SALT4	GCF_008693645.1_WP_137347870.1	32.530	86	89	95	83	55	1	1	82	1	83	6.13e-09	53.6
tr|E8XIQ7|E8XIQ7_SALT4	GCF_004353845.1_WP_103770713.1	35.632	86	93	100	87	55	1	1	86	1	87	8.70e-09	53.4
tr|E8XIQ7|E8XIQ7_SALT4	GCF_011397855.1_WP_044414183.1	40.580	86	90	79	69	40	1	7	74	4	72	1.24e-08	53.1
tr|E8XIQ7|E8XIQ7_SALT4	GCF_001708425.1_WP_055136127.1	36.145	86	94	91	83	48	2	7	84	4	86	1.26e-08	53.1
tr|E8XIQ7|E8XIQ7_SALT4	GCF_029457395.1_WP_024766443.1	36.986	86	92	79	73	41	1	7	74	4	76	1.36e-08	53.1
tr|E8XIQ7|E8XIQ7_SALT4	GCF_020423125.1_WP_226170850.1	47.458	86	84	69	59	30	1	7	65	4	61	1.36e-08	52.8
tr|E8XIQ7|E8XIQ7_SALT4	GCF_015209785.1_WP_193988300.1	44.118	86	73	78	68	37	1	6	72	2	69	1.52e-08	52.5
tr|E8XIQ7|E8XIQ7_SALT4	GCF_004684345.1_WP_135321947.1	37.662	86	93	86	77	43	2	1	74	1	75	1.77e-08	52.8
tr|E8XIQ7|E8XIQ7_SALT4	GCF_008807375.1_WP_151138908.1	36.986	86	91	84	73	45	1	3	74	1	73	2.51e-08	52.2
tr|E8XIQ7|E8XIQ7_SALT4	GCF_016026875.1_WP_045525981.1	48.333	86	89	70	60	30	1	6	65	3	61	2.57e-08	52.2
tr|E8XIQ7|E8XIQ7_SALT4	GCF_002218045.2_WP_089137819.1	40.278	86	79	79	72	39	3	7	74	6	77	5.46e-08	51.1
tr|E8XIQ7|E8XIQ7_SALT4	GCF_017329545.1_WP_047884589.1	36.232	86	95	79	69	43	1	3	70	1	69	5.56e-08	51.4
tr|E8XIQ7|E8XIQ7_SALT4	GCF_012971725.1_WP_169940133.1	37.681	86	92	74	69	38	1	7	70	4	72	7.68e-08	51.1
tr|E8XIQ7|E8XIQ7_SALT4	GCF_024205225.1_WP_195881696.1	34.211	86	90	87	76	49	1	5	79	2	77	9.58e-08	50.8
tr|E8XIQ7|E8XIQ7_SALT4	GCF_017167985.1_WP_079784061.1	37.662	86	90	87	77	45	2	5	79	2	77	1.17e-07	50.5
tr|E8XIQ7|E8XIQ7_SALT4	GCF_008693605.1_WP_223849061.1	36.000	86	95	86	75	47	1	1	74	2	76	1.17e-07	50.5
tr|E8XIQ7|E8XIQ7_SALT4	GCF_000297075.2_WP_003461742.1	36.364	86	90	87	77	46	2	5	79	2	77	1.50e-07	50.3
tr|E8XIQ7|E8XIQ7_SALT4	GCF_001597285.1_WP_061903727.1	37.333	86	92	86	75	46	1	7	80	4	78	1.53e-07	50.3
tr|E8XIQ7|E8XIQ7_SALT4	GCF_013409125.2_WP_099525265.1	34.211	86	90	87	76	49	1	5	79	2	77	1.60e-07	50.3
tr|E8XIQ7|E8XIQ7_SALT4	GCF_020405345.1_WP_017780573.1	51.020	86	89	57	49	24	0	7	55	4	52	1.82e-07	50.0
tr|E8XIQ7|E8XIQ7_SALT4	GCF_017915135.1_WP_210390879.1	35.897	86	90	88	78	47	2	5	80	2	78	1.97e-07	50.0
tr|E8XIQ7|E8XIQ7_SALT4	GCF_003957745.1_WP_126168493.1	37.333	86	87	86	75	45	2	5	78	2	75	2.03e-07	50.0
tr|E8XIQ7|E8XIQ7_SALT4	GCF_003812345.1_WP_121571778.1	33.333	86	94	100	87	57	1	1	86	1	87	2.35e-07	49.7
tr|E8XIQ7|E8XIQ7_SALT4	GCF_020149575.1_WP_224431657.1	49.091	86	85	64	55	27	1	7	61	4	57	3.07e-07	49.4
tr|E8XIQ7|E8XIQ7_SALT4	GCF_016834455.1_WP_203325205.1	38.667	86	86	86	75	44	2	5	78	2	75	3.24e-07	49.4
tr|E8XIQ7|E8XIQ7_SALT4	GCF_019669905.1_WP_054759186.1	56.757	86	79	43	37	16	0	8	44	3	39	4.82e-07	48.9
tr|E8XIQ7|E8XIQ7_SALT4	GCF_003967195.1_WP_172597571.1	38.356	86	83	79	73	40	2	3	70	2	74	4.90e-07	48.9
tr|E8XIQ7|E8XIQ7_SALT4	GCF_002355475.1_WP_003455993.1	33.333	86	90	86	75	49	1	7	80	2	76	4.93e-07	48.9
tr|E8XIQ7|E8XIQ7_SALT4	GCF_019047765.1_WP_040231149.1	33.333	86	89	86	75	49	1	1	74	1	75	5.78e-07	48.9
tr|E8XIQ7|E8XIQ7_SALT4	GCF_000801295.1_WP_171816254.1	32.911	86	99	88	79	50	1	1	76	1	79	5.78e-07	48.9
tr|E8XIQ7|E8XIQ7_SALT4	GCF_001651805.1_WP_067384150.1	40.278	86	78	78	72	38	3	6	72	3	74	5.98e-07	48.6
tr|E8XIQ7|E8XIQ7_SALT4	GCF_021029445.1_WP_230924827.1	35.714	86	89	81	70	45	0	5	74	2	71	6.88e-07	48.6
tr|E8XIQ7|E8XIQ7_SALT4	GCF_000015245.1_WP_011761423.1	38.667	86	86	86	75	44	2	5	78	2	75	7.27e-07	48.3
tr|E8XIQ7|E8XIQ7_SALT4	GCF_008807375.1_WP_151133519.1	30.667	86	90	86	75	51	1	7	80	2	76	8.73e-07	48.3
tr|E8XIQ7|E8XIQ7_SALT4	GCF_000733715.2_WP_017362912.1	33.766	86	90	88	77	50	1	5	80	2	78	1.28e-06	47.7
tr|E8XIQ7|E8XIQ7_SALT4	GCF_012767755.2_WP_173171843.1	38.571	86	90	79	70	40	2	7	74	4	72	5.34e-06	46.3
tr|E8XIQ7|E8XIQ7_SALT4	GCF_002215585.1_WP_088903590.1	31.395	86	89	95	86	55	2	5	86	2	87	6.11e-06	46.0
tr|E8XIQ7|E8XIQ7_SALT4	GCF_900637545.1_WP_042651794.1	41.176	86	84	79	68	37	2	7	74	4	68	6.52e-06	46.0
tr|E8XIQ7|E8XIQ7_SALT4	GCF_019670705.1_WP_100146025.1	31.034	86	92	95	87	55	2	5	86	2	88	6.77e-06	46.0
tr|E8XIQ7|E8XIQ7_SALT4	GCF_028355655.1_WP_087756847.1	45.763	86	84	69	59	31	1	7	65	4	61	7.01e-06	45.8
tr|E8XIQ7|E8XIQ7_SALT4	GCF_013343005.1_WP_078482823.1	39.474	86	84	83	76	41	2	3	73	1	76	8.96e-06	45.5
tr|E8XIQ7|E8XIQ7_SALT4	GCF_017167985.1_WP_093053415.1	32.184	86	92	93	87	50	3	7	86	4	88	9.67e-06	45.8
tr|E8XIQ7|E8XIQ7_SALT4	GCF_001020955.1_WP_047250467.1	33.766	86	82	85	77	47	2	1	73	1	77	9.86e-06	45.5
tr|E8XIQ7|E8XIQ7_SALT4	GCF_019703835.1_WP_087020305.1	35.802	86	79	90	81	45	3	10	86	1	78	1.11e-05	45.2
tr|E8XIQ7|E8XIQ7_SALT4	GCF_017354925.1_WP_207321174.1	36.000	86	87	86	75	46	2	5	78	2	75	1.27e-05	45.2
tr|E8XIQ7|E8XIQ7_SALT4	GCF_003025345.2_WP_003155955.1	36.364	86	91	81	77	41	3	5	74	2	77	1.64e-05	44.9
tr|E8XIQ7|E8XIQ7_SALT4	GCF_009730655.1_WP_156020461.1	32.468	86	92	88	77	51	1	5	80	2	78	1.71e-05	44.9
tr|E8XIQ7|E8XIQ7_SALT4	GCF_024346675.1_WP_048897676.1	30.435	86	86	79	69	47	1	3	70	1	69	2.12e-05	44.6
tr|E8XIQ7|E8XIQ7_SALT4	GCF_002157225.2_WP_086934278.1	28.000	86	80	87	75	54	0	8	82	3	77	2.47e-05	44.4
tr|E8XIQ7|E8XIQ7_SALT4	GCF_017354965.1_WP_207380278.1	36.000	86	87	86	75	46	2	5	78	2	75	2.75e-05	44.4
tr|E8XIQ7|E8XIQ7_SALT4	GCF_000026085.1_WP_041454550.1	40.845	86	73	80	71	39	3	6	74	2	71	3.01e-05	44.1
tr|E8XIQ7|E8XIQ7_SALT4	GCF_009068765.1_WP_151900329.1	43.902	86	81	48	41	23	0	10	50	2	42	3.58e-05	44.1
tr|E8XIQ7|E8XIQ7_SALT4	GCF_014905115.1_WP_193151849.1	43.902	86	81	48	41	23	0	10	50	2	42	3.91e-05	43.8
tr|E8XIQ7|E8XIQ7_SALT4	GCF_000148645.1_WP_013347076.1	45.714	86	80	41	35	19	0	10	44	1	35	4.07e-05	43.8
tr|E8XIQ7|E8XIQ7_SALT4	GCF_008693705.1_WP_127008315.1	45.763	86	84	69	59	31	1	7	65	4	61	4.79e-05	43.8
tr|E8XIQ7|E8XIQ7_SALT4	GCF_024347215.1_WP_261843265.1	38.571	86	77	77	70	39	3	7	72	4	73	6.26e-05	43.2
tr|E8XIQ7|E8XIQ7_SALT4	GCF_001558415.2_WP_061055374.1	48.571	86	83	41	35	18	0	10	44	2	36	6.80e-05	43.2
tr|E8XIQ7|E8XIQ7_SALT4	GCF_019797925.1_WP_193521737.1	32.308	86	80	76	65	44	0	10	74	2	66	7.26e-05	43.2
tr|E8XIQ7|E8XIQ7_SALT4	GCF_009938225.1_WP_075649723.1	41.509	86	82	60	53	30	1	10	61	2	54	7.54e-05	43.2
tr|E8XIQ7|E8XIQ7_SALT4	GCF_009938185.1_WP_162048373.1	48.571	86	82	41	35	18	0	10	44	2	36	1.06e-04	42.9
tr|E8XIQ7|E8XIQ7_SALT4	GCF_014169735.1_WP_134997272.1	39.216	86	86	59	51	31	0	7	57	4	54	1.11e-04	42.9
tr|E8XIQ7|E8XIQ7_SALT4	GCF_003015165.1_WP_106887831.1	43.137	86	84	59	51	29	0	7	57	4	54	1.18e-04	42.7
tr|E8XIQ7|E8XIQ7_SALT4	GCF_002005305.1_WP_077753428.1	34.286	86	86	80	70	45	1	6	74	3	72	1.36e-04	42.7
tr|E8XIQ7|E8XIQ7_SALT4	GCF_000014885.1_WP_020912292.1	38.028	86	87	81	71	43	1	5	74	2	72	1.43e-04	42.7
tr|E8XIQ7|E8XIQ7_SALT4	GCF_024971755.1_WP_259474826.1	36.232	86	88	79	69	43	1	7	74	4	72	1.54e-04	42.4
tr|E8XIQ7|E8XIQ7_SALT4	GCF_001456255.1_WP_020335096.1	39.623	86	81	60	53	31	1	10	61	2	54	1.69e-04	42.4
tr|E8XIQ7|E8XIQ7_SALT4	GCF_000178875.2_WP_012197738.1	32.530	86	90	91	83	51	2	7	84	4	86	1.88e-04	42.4
tr|E8XIQ7|E8XIQ7_SALT4	GCF_012767755.2_WP_173176508.1	47.500	86	91	47	40	20	1	3	42	1	39	2.11e-04	42.1
tr|E8XIQ7|E8XIQ7_SALT4	GCF_003668795.1_WP_054981706.1	41.818	86	83	60	55	27	2	10	61	2	54	2.16e-04	42.1
tr|E8XIQ7|E8XIQ7_SALT4	GCF_008369605.1_WP_000253074.1	48.571	86	81	41	35	18	0	10	44	2	36	2.23e-04	42.1
tr|E8XIQ7|E8XIQ7_SALT4	GCF_024582835.1_WP_257083279.1	41.860	86	87	50	43	25	0	10	52	2	44	2.81e-04	41.8
tr|E8XIQ7|E8XIQ7_SALT4	GCF_000785705.2_WP_036272019.1	32.308	86	82	76	65	43	1	10	74	6	69	2.85e-04	41.8
tr|E8XIQ7|E8XIQ7_SALT4	GCF_002221525.1_WP_089349457.1	41.818	86	83	60	55	27	2	10	61	2	54	3.03e-04	41.5
tr|E8XIQ7|E8XIQ7_SALT4	GCF_017742995.1_WP_247749573.1	47.222	86	48	42	36	19	0	10	45	2	37	3.11e-04	41.0
tr|E8XIQ7|E8XIQ7_SALT4	GCF_000968535.2_WP_014147785.1	29.688	86	84	74	64	45	0	8	71	4	67	3.38e-04	41.5
tr|E8XIQ7|E8XIQ7_SALT4	GCF_019670485.1_WP_221071211.1	34.375	86	81	73	64	41	1	10	72	2	65	3.73e-04	41.3
tr|E8XIQ7|E8XIQ7_SALT4	GCF_024347195.1_WP_271272618.1	37.143	86	77	77	70	40	3	7	72	4	73	3.80e-04	41.3
tr|E8XIQ7|E8XIQ7_SALT4	GCF_005877035.1_WP_039486662.1	48.571	86	83	41	35	18	0	10	44	2	36	4.09e-04	41.3
tr|E8XIQ7|E8XIQ7_SALT4	GCF_025402875.1_WP_011791024.1	31.325	86	90	91	83	52	2	7	84	4	86	4.27e-04	41.3
tr|E8XIQ7|E8XIQ7_SALT4	GCF_004358345.1_WP_121852852.1	38.028	86	76	80	71	41	2	3	71	1	70	4.36e-04	41.3
tr|E8XIQ7|E8XIQ7_SALT4	GCF_016026615.1_WP_197928313.1	40.678	86	89	69	59	34	1	7	65	4	61	4.41e-04	41.3
tr|E8XIQ7|E8XIQ7_SALT4	GCF_006742785.1_WP_172630283.1	36.066	86	88	70	61	38	1	8	67	3	63	5.37e-04	41.0
tr|E8XIQ7|E8XIQ7_SALT4	GCF_024494545.1_WP_256384876.1	30.303	86	81	76	66	45	1	10	74	2	67	5.63e-04	41.0
tr|E8XIQ7|E8XIQ7_SALT4	GCF_004328865.1_WP_104643907.1	48.571	86	83	41	35	18	0	10	44	2	36	5.71e-04	41.0
tr|E8XIQ7|E8XIQ7_SALT4	GCF_002214395.1_WP_010453422.1	39.623	86	81	60	53	31	1	10	61	2	54	5.76e-04	41.0
tr|E8XIQ7|E8XIQ7_SALT4	GCF_000788395.1_WP_038641921.1	31.818	86	85	76	66	44	1	10	74	5	70	6.11e-04	41.0
tr|E8XIQ7|E8XIQ7_SALT4	GCF_024360925.2_WP_255188929.1	37.097	86	83	71	62	37	2	10	70	6	66	6.90e-04	40.7
tr|E8XIQ7|E8XIQ7_SALT4	GCF_002215215.1_WP_088918776.1	35.714	86	101	80	70	43	2	5	73	15	83	7.62e-04	41.0
tr|E8XIQ7|E8XIQ7_SALT4	GCF_000214665.1_WP_013819542.1	33.871	86	83	71	62	39	2	10	70	6	66	8.61e-04	40.4
tr|E8XIQ7|E8XIQ7_SALT4	GCF_024347595.1_WP_176681244.1	48.571	86	83	41	35	18	0	10	44	2	36	0.001	40.4
tr|E8XIQ7|E8XIQ7_SALT4	GCF_024347355.1_WP_105024956.1	45.714	86	83	41	35	19	0	10	44	2	36	0.001	40.1
tr|E8XIQ7|E8XIQ7_SALT4	GCF_024746855.1_WP_260492542.1	30.769	86	79	76	65	45	0	10	74	2	66	0.001	40.1
tr|E8XIQ7|E8XIQ7_SALT4	GCF_001677435.1_WP_068615618.1	31.343	86	90	78	67	46	0	4	70	3	69	0.001	40.1
tr|E8XIQ7|E8XIQ7_SALT4	GCF_024347455.1_WP_135458404.1	55.556	86	83	31	27	12	0	10	36	2	28	0.002	39.6
tr|E8XIQ7|E8XIQ7_SALT4	GCF_024347635.1_WP_139683960.1	45.714	86	83	41	35	19	0	10	44	2	36	0.002	39.6
tr|E8XIQ7|E8XIQ7_SALT4	GCF_000091465.1_WP_004733849.1	45.714	86	83	41	35	19	0	10	44	2	36	0.002	39.3
tr|E8XIQ7|E8XIQ7_SALT4	GCF_001995825.2_WP_017057338.1	45.714	86	83	41	35	19	0	10	44	2	36	0.002	39.3
tr|E8XIQ7|E8XIQ7_SALT4	GCF_019977755.1_WP_126608378.1	36.111	86	103	76	72	39	2	10	74	16	87	0.002	39.6
tr|E8XIQ7|E8XIQ7_SALT4	GCF_022371215.1_WP_239718047.1	55.556	86	83	31	27	12	0	10	36	2	28	0.003	39.3
tr|E8XIQ7|E8XIQ7_SALT4	GCF_000014765.1_WP_011633385.1	37.313	86	89	73	67	38	3	8	70	3	69	0.005	38.7
tr|E8XIQ7|E8XIQ7_SALT4	GCF_014524625.1_WP_009050814.1	32.394	86	92	80	71	45	2	6	74	3	72	0.005	38.7
tr|E8XIQ7|E8XIQ7_SALT4	GCF_000009145.1_WP_041356315.1	35.593	86	90	67	59	37	1	10	67	6	64	0.006	38.4
tr|E8XIQ7|E8XIQ7_SALT4	GCF_009938205.1_WP_075706454.1	48.571	86	82	41	35	18	0	10	44	2	36	0.006	38.2
tr|E8XIQ7|E8XIQ7_SALT4	GCF_002355415.1_WP_148665551.1	33.803	86	87	78	71	43	2	7	73	14	84	0.006	38.4
tr|E8XIQ7|E8XIQ7_SALT4	GCF_000238395.3_WP_010553578.1	45.714	86	83	41	35	19	0	10	44	2	36	0.007	38.2
# PSIBLAST 2.13.0+
# Iteration: 2
# Query: tr|E8XIQ7|E8XIQ7_SALT4 Rho-binding antiterminator OS=Salmonella typhimurium (strain 4/74) OX=909946 GN=rof PE=4 SV=1
# Database: db/chosen-bacteria_proteome_exDup
# Fields: query id, subject id, % identity, query length, subject length, % query coverage per subject, alignment length, mismatches, gap opens, q. start, q. end, s. start, s. end, evalue, bit score
# 431 hits found
tr|E8XIQ7|E8XIQ7_SALT4	GCF_001461805.1_WP_013367515.1	84.884	86	86	100	86	13	0	1	86	1	86	5.77e-47	150
tr|E8XIQ7|E8XIQ7_SALT4	GCF_020097475.1_WP_000062318.1	80.233	86	86	100	86	17	0	1	86	1	86	2.43e-46	148
tr|E8XIQ7|E8XIQ7_SALT4	GCF_009176645.1_WP_152083529.1	83.721	86	86	100	86	14	0	1	86	1	86	2.68e-46	148
tr|E8XIQ7|E8XIQ7_SALT4	GCF_001518835.1_WP_059308693.1	83.721	86	86	100	86	14	0	1	86	1	86	4.18e-46	148
tr|E8XIQ7|E8XIQ7_SALT4	GCF_000006925.2_NP_706134.1	81.395	86	86	100	86	16	0	1	86	1	86	5.78e-46	147
tr|E8XIQ7|E8XIQ7_SALT4	GCF_007632255.1_WP_015368146.1	82.558	86	86	100	86	15	0	1	86	1	86	8.34e-46	147
tr|E8XIQ7|E8XIQ7_SALT4	GCF_003594935.2_WP_006173581.1	83.721	86	86	100	86	14	0	1	86	1	86	1.16e-45	147
tr|E8XIQ7|E8XIQ7_SALT4	GCF_004684345.1_WP_135323069.1	88.372	86	86	100	86	10	0	1	86	1	86	1.41e-45	146
tr|E8XIQ7|E8XIQ7_SALT4	GCF_009036245.1_WP_025756830.1	81.395	86	86	100	86	16	0	1	86	1	86	1.72e-45	146
tr|E8XIQ7|E8XIQ7_SALT4	GCF_001658025.2_WP_007373243.1	80.233	86	86	100	86	17	0	1	86	1	86	1.79e-45	146
tr|E8XIQ7|E8XIQ7_SALT4	GCF_000224675.1_WP_010426685.1	82.558	86	86	100	86	15	0	1	86	1	86	1.86e-45	146
tr|E8XIQ7|E8XIQ7_SALT4	GCF_016904755.1_WP_059234959.1	81.176	86	86	99	85	16	0	1	85	1	85	1.95e-45	146
tr|E8XIQ7|E8XIQ7_SALT4	GCF_001683395.1_WP_017458015.1	79.070	86	86	100	86	18	0	1	86	1	86	2.00e-45	146
tr|E8XIQ7|E8XIQ7_SALT4	GCF_001022135.1_WP_039078449.1	81.395	86	86	100	86	16	0	1	86	1	86	2.25e-45	146
tr|E8XIQ7|E8XIQ7_SALT4	GCF_900638065.1_WP_048212636.1	87.209	86	86	100	86	11	0	1	86	1	86	2.32e-45	146
tr|E8XIQ7|E8XIQ7_SALT4	GCF_003812345.1_WP_003018503.1	86.047	86	86	100	86	12	0	1	86	1	86	2.32e-45	146
tr|E8XIQ7|E8XIQ7_SALT4	GCF_027886705.1_WP_061497537.1	79.070	86	86	100	86	18	0	1	86	1	86	2.34e-45	146
tr|E8XIQ7|E8XIQ7_SALT4	GCF_003812925.1_WP_004107903.1	80.233	86	86	100	86	17	0	1	86	1	86	3.05e-45	146
tr|E8XIQ7|E8XIQ7_SALT4	GCF_004353845.1_WP_103768334.1	84.884	86	86	100	86	13	0	1	86	1	86	3.07e-45	146
tr|E8XIQ7|E8XIQ7_SALT4	GCF_000240185.1_YP_005225236.1	81.395	86	86	100	86	16	0	1	86	1	86	3.22e-45	146
tr|E8XIQ7|E8XIQ7_SALT4	GCF_001729805.1_WP_008501890.1	80.233	86	86	100	86	17	0	1	86	1	86	3.46e-45	145
tr|E8XIQ7|E8XIQ7_SALT4	GCF_003261575.2_WP_110272453.1	80.233	86	86	100	86	17	0	1	86	1	86	3.66e-45	145
tr|E8XIQ7|E8XIQ7_SALT4	GCF_015137655.1_WP_028015593.1	81.395	86	86	100	86	16	0	1	86	1	86	3.75e-45	145
tr|E8XIQ7|E8XIQ7_SALT4	GCF_001750725.1_WP_014168720.1	82.558	86	86	100	86	15	0	1	86	1	86	4.09e-45	145
tr|E8XIQ7|E8XIQ7_SALT4	GCF_001558935.2_WP_042323659.1	84.884	86	86	100	86	13	0	1	86	1	86	4.50e-45	145
tr|E8XIQ7|E8XIQ7_SALT4	GCF_018139045.1_WP_004129134.1	80.233	86	86	100	86	17	0	1	86	1	86	4.57e-45	145
tr|E8XIQ7|E8XIQ7_SALT4	GCF_019048625.1_WP_023305471.1	81.395	86	86	100	86	16	0	1	86	1	86	4.87e-45	145
tr|E8XIQ7|E8XIQ7_SALT4	GCF_021172065.1_WP_015965827.1	81.395	86	86	100	86	16	0	1	86	1	86	5.11e-45	145
tr|E8XIQ7|E8XIQ7_SALT4	GCF_009363135.1_WP_090122691.1	79.070	86	86	100	86	18	0	1	86	1	86	5.15e-45	145
tr|E8XIQ7|E8XIQ7_SALT4	GCF_015139575.1_WP_004098776.1	81.395	86	86	100	86	16	0	1	86	1	86	5.40e-45	145
tr|E8XIQ7|E8XIQ7_SALT4	GCF_021278985.1_WP_012904575.1	84.884	86	86	100	86	13	0	1	86	1	86	5.85e-45	145
tr|E8XIQ7|E8XIQ7_SALT4	GCF_025914095.1_WP_031518416.1	79.070	86	86	100	86	18	0	1	86	1	86	6.33e-45	145
tr|E8XIQ7|E8XIQ7_SALT4	GCF_009648935.1_WP_047417117.1	84.884	86	86	100	86	13	0	1	86	1	86	7.07e-45	145
tr|E8XIQ7|E8XIQ7_SALT4	GCF_003935895.2_WP_110510858.1	82.353	86	86	99	85	15	0	1	85	1	85	7.78e-45	144
tr|E8XIQ7|E8XIQ7_SALT4	GCF_006711645.1_WP_100682484.1	82.558	86	86	100	86	15	0	1	86	1	86	8.91e-45	144
tr|E8XIQ7|E8XIQ7_SALT4	GCF_022637595.1_WP_004858152.1	82.558	86	86	100	86	15	0	1	86	1	86	8.98e-45	144
tr|E8XIQ7|E8XIQ7_SALT4	GCF_018128425.1_WP_042289833.1	84.884	86	86	100	86	13	0	1	86	1	86	9.96e-45	144
tr|E8XIQ7|E8XIQ7_SALT4	GCF_001277255.1_WP_007666633.1	76.744	86	86	100	86	20	0	1	86	1	86	1.40e-44	144
tr|E8XIQ7|E8XIQ7_SALT4	GCF_023195735.1_WP_035891978.1	79.070	86	86	100	86	18	0	1	86	1	86	1.49e-44	144
tr|E8XIQ7|E8XIQ7_SALT4	GCF_009649915.1_WP_062772223.1	77.907	86	86	100	86	19	0	1	86	1	86	2.31e-44	143
tr|E8XIQ7|E8XIQ7_SALT4	GCF_000018045.1_WP_024130681.1	83.721	86	86	100	86	14	0	1	86	1	86	2.37e-44	143
tr|E8XIQ7|E8XIQ7_SALT4	GCF_022637515.1_WP_064539750.1	73.256	86	86	100	86	23	0	1	86	1	86	2.73e-44	143
tr|E8XIQ7|E8XIQ7_SALT4	GCF_000439255.1_WP_000062328.1	95.349	86	86	100	86	4	0	1	86	1	86	3.03e-44	143
tr|E8XIQ7|E8XIQ7_SALT4	GCF_001277195.1_WP_032966924.1	76.744	86	86	100	86	20	0	1	86	1	86	3.72e-44	143
tr|E8XIQ7|E8XIQ7_SALT4	GCF_000005845.2_NP_414731.2	80.952	86	84	98	84	16	0	3	86	1	84	3.77e-44	143
tr|E8XIQ7|E8XIQ7_SALT4	GCF_000006945.2_NP_459242.1	100.000	86	86	100	86	0	0	1	86	1	86	6.05e-44	142
tr|E8XIQ7|E8XIQ7_SALT4	GCF_011068345.1_WP_002436992.1	77.907	86	86	100	86	19	0	1	86	1	86	6.82e-44	142
tr|E8XIQ7|E8XIQ7_SALT4	GCF_001277215.2_WP_007776988.1	75.581	86	86	100	86	21	0	1	86	1	86	7.32e-44	142
tr|E8XIQ7|E8XIQ7_SALT4	GCF_024224615.1_WP_125293588.1	79.070	86	86	100	86	18	0	1	86	1	86	7.44e-44	142
tr|E8XIQ7|E8XIQ7_SALT4	GCF_001277175.1_WP_007760020.1	75.581	86	86	100	86	21	0	1	86	1	86	8.18e-44	142
tr|E8XIQ7|E8XIQ7_SALT4	GCF_000834395.1_WP_042546713.1	73.256	86	86	100	86	23	0	1	86	1	86	1.46e-43	141
tr|E8XIQ7|E8XIQ7_SALT4	GCF_012029655.1_WP_041144145.1	81.395	86	86	100	86	16	0	1	86	1	86	1.65e-43	141
tr|E8XIQ7|E8XIQ7_SALT4	GCF_021276285.1_WP_095923198.1	73.810	86	86	98	84	22	0	1	84	1	84	1.83e-43	141
tr|E8XIQ7|E8XIQ7_SALT4	GCF_002393445.1_WP_061273728.1	73.810	86	86	98	84	22	0	1	84	1	84	1.93e-43	141
tr|E8XIQ7|E8XIQ7_SALT4	GCF_900635955.1_WP_126357486.1	73.810	86	86	98	84	22	0	1	84	1	84	2.01e-43	141
tr|E8XIQ7|E8XIQ7_SALT4	GCF_004124235.1_WP_025377303.1	73.256	86	86	100	86	23	0	1	86	1	86	2.67e-43	141
tr|E8XIQ7|E8XIQ7_SALT4	GCF_025758125.1_WP_023480196.1	77.907	86	86	100	86	19	0	1	86	1	86	2.85e-43	141
tr|E8XIQ7|E8XIQ7_SALT4	GCF_002163605.1_WP_157665988.1	75.581	86	86	100	86	21	0	1	86	1	86	2.87e-43	141
tr|E8XIQ7|E8XIQ7_SALT4	GCF_025133195.1_WP_032910235.1	70.930	86	86	100	86	25	0	1	86	1	86	3.56e-43	140
tr|E8XIQ7|E8XIQ7_SALT4	GCF_013234275.1_WP_172895488.1	73.256	86	86	100	86	23	0	1	86	1	86	4.17e-43	140
tr|E8XIQ7|E8XIQ7_SALT4	GCF_000834455.1_WP_032817050.1	73.256	86	86	100	86	23	0	1	86	1	86	4.38e-43	140
tr|E8XIQ7|E8XIQ7_SALT4	GCF_022637475.1_WP_013574214.1	72.619	86	86	98	84	23	0	1	84	1	84	4.59e-43	140
tr|E8XIQ7|E8XIQ7_SALT4	GCF_000222975.1_WP_002218374.1	73.256	86	86	100	86	23	0	1	86	1	86	4.78e-43	140
tr|E8XIQ7|E8XIQ7_SALT4	GCF_017498685.1_WP_038245151.1	73.256	86	86	100	86	23	0	1	86	1	86	5.87e-43	140
tr|E8XIQ7|E8XIQ7_SALT4	GCF_013282725.1_WP_032813813.1	73.256	86	86	100	86	23	0	1	86	1	86	7.28e-43	139
tr|E8XIQ7|E8XIQ7_SALT4	GCF_003019925.1_WP_162185254.1	77.381	86	86	98	84	19	0	1	84	1	84	1.55e-42	139
tr|E8XIQ7|E8XIQ7_SALT4	GCF_002953195.1_WP_038628016.1	72.093	86	87	100	86	24	0	1	86	1	86	1.81e-42	139
tr|E8XIQ7|E8XIQ7_SALT4	GCF_009730055.1_WP_032906500.1	73.256	86	86	100	86	23	0	1	86	1	86	1.83e-42	139
tr|E8XIQ7|E8XIQ7_SALT4	GCF_000233595.1_WP_013024706.1	70.588	86	86	99	85	25	0	1	85	1	85	3.43e-42	138
tr|E8XIQ7|E8XIQ7_SALT4	GCF_011044475.1_WP_033740322.1	71.765	86	86	99	85	24	0	1	85	1	85	6.74e-42	137
tr|E8XIQ7|E8XIQ7_SALT4	GCF_012427845.1_WP_012773648.1	67.442	86	86	100	86	28	0	1	86	1	86	7.13e-42	137
tr|E8XIQ7|E8XIQ7_SALT4	GCF_023517775.1_WP_249893541.1	68.605	86	87	100	86	27	0	1	86	1	86	9.90e-42	137
tr|E8XIQ7|E8XIQ7_SALT4	GCF_900095885.1_WP_035340381.1	66.279	86	86	100	86	29	0	1	86	1	86	1.09e-41	137
tr|E8XIQ7|E8XIQ7_SALT4	GCF_002288545.1_WP_029367608.1	67.442	86	86	100	86	28	0	1	86	1	86	1.14e-41	137
tr|E8XIQ7|E8XIQ7_SALT4	GCF_005484945.1_WP_137712817.1	63.953	86	86	100	86	31	0	1	86	1	86	1.31e-41	136
tr|E8XIQ7|E8XIQ7_SALT4	GCF_002101395.1_WP_085067900.1	67.442	86	87	100	86	28	0	1	86	1	86	1.73e-41	136
tr|E8XIQ7|E8XIQ7_SALT4	GCF_009873295.1_WP_039312412.1	67.442	86	86	100	86	28	0	1	86	1	86	1.96e-41	136
tr|E8XIQ7|E8XIQ7_SALT4	GCF_000262305.1_WP_002441069.1	70.930	86	86	100	86	25	0	1	86	1	86	1.96e-41	136
tr|E8XIQ7|E8XIQ7_SALT4	GCF_009914055.1_WP_160619715.1	68.605	86	87	100	86	27	0	1	86	1	86	2.12e-41	136
tr|E8XIQ7|E8XIQ7_SALT4	GCF_000025065.1_WP_012883679.1	63.529	86	86	99	85	31	0	1	85	1	85	2.22e-41	136
tr|E8XIQ7|E8XIQ7_SALT4	GCF_000196615.1_WP_013200864.1	66.279	86	87	100	86	29	0	1	86	1	86	2.32e-41	136
tr|E8XIQ7|E8XIQ7_SALT4	GCF_011617105.1_WP_025800203.1	75.581	86	86	100	86	21	0	1	86	1	86	2.64e-41	135
tr|E8XIQ7|E8XIQ7_SALT4	GCF_000023545.1_WP_015854637.1	65.116	86	86	100	86	30	0	1	86	1	86	2.86e-41	135
tr|E8XIQ7|E8XIQ7_SALT4	GCF_017569925.1_WP_208228065.1	66.279	86	86	100	86	29	0	1	86	1	86	3.36e-41	135
tr|E8XIQ7|E8XIQ7_SALT4	GCF_016026735.1_WP_015673540.1	66.279	86	87	100	86	29	0	1	86	1	86	3.39e-41	135
tr|E8XIQ7|E8XIQ7_SALT4	GCF_000023565.1_WP_012770818.1	62.353	86	86	99	85	32	0	1	85	1	85	3.52e-41	135
tr|E8XIQ7|E8XIQ7_SALT4	GCF_020181655.1_WP_225087160.1	66.279	86	86	100	86	29	0	1	86	1	86	4.03e-41	135
tr|E8XIQ7|E8XIQ7_SALT4	GCF_009931295.1_WP_161528353.1	67.442	86	86	100	86	28	0	1	86	1	86	5.12e-41	135
tr|E8XIQ7|E8XIQ7_SALT4	GCF_000740965.1_WP_011092648.1	66.279	86	86	100	86	29	0	1	86	1	86	5.16e-41	135
tr|E8XIQ7|E8XIQ7_SALT4	GCF_001010285.1_WP_046974061.1	66.279	86	88	100	86	29	0	1	86	1	86	5.89e-41	135
tr|E8XIQ7|E8XIQ7_SALT4	GCF_020079945.1_WP_039382769.1	68.235	86	87	99	85	27	0	1	85	1	85	6.06e-41	135
tr|E8XIQ7|E8XIQ7_SALT4	GCF_002812485.1_WP_038661467.1	65.882	86	86	99	85	29	0	1	85	1	85	6.49e-41	135
tr|E8XIQ7|E8XIQ7_SALT4	GCF_019047765.1_WP_040230035.1	88.372	86	86	100	86	10	0	1	86	1	86	7.03e-41	134
tr|E8XIQ7|E8XIQ7_SALT4	GCF_020150375.1_WP_004094310.1	75.581	86	86	100	86	21	0	1	86	1	86	7.92e-41	134
tr|E8XIQ7|E8XIQ7_SALT4	GCF_002291445.1_WP_048635886.1	66.279	86	86	100	86	29	0	1	86	1	86	8.71e-41	134
tr|E8XIQ7|E8XIQ7_SALT4	GCF_001742185.1_WP_005975933.1	66.279	86	86	100	86	29	0	1	86	1	86	8.78e-41	134
tr|E8XIQ7|E8XIQ7_SALT4	GCF_004792415.1_WP_013356856.1	66.667	86	86	98	84	28	0	1	84	1	84	9.07e-41	134
tr|E8XIQ7|E8XIQ7_SALT4	GCF_000520015.2_WP_024910172.1	67.442	86	87	100	86	28	0	1	86	1	86	9.09e-41	134
tr|E8XIQ7|E8XIQ7_SALT4	GCF_007858975.2_WP_042869176.1	64.706	86	86	99	85	30	0	1	85	1	85	1.04e-40	134
tr|E8XIQ7|E8XIQ7_SALT4	GCF_009817885.1_WP_105232289.1	68.605	86	87	100	86	27	0	1	86	1	86	1.24e-40	134
tr|E8XIQ7|E8XIQ7_SALT4	GCF_001642805.2_WP_004931991.1	68.605	86	87	100	86	27	0	1	86	1	86	1.24e-40	134
tr|E8XIQ7|E8XIQ7_SALT4	GCF_021462285.1_WP_234585968.1	68.605	86	87	100	86	27	0	1	86	1	86	1.29e-40	134
tr|E8XIQ7|E8XIQ7_SALT4	GCF_000517425.1_WP_025421126.1	61.905	86	86	98	84	32	0	1	84	1	84	1.36e-40	134
tr|E8XIQ7|E8XIQ7_SALT4	GCF_900187015.1_WP_061796701.1	68.605	86	87	100	86	27	0	1	86	1	86	1.52e-40	134
tr|E8XIQ7|E8XIQ7_SALT4	GCF_003992745.1_WP_014700896.1	65.116	86	86	100	86	30	0	1	86	1	86	1.66e-40	134
tr|E8XIQ7|E8XIQ7_SALT4	GCF_005484965.1_WP_009114129.1	66.279	86	86	100	86	29	0	1	86	1	86	2.06e-40	133
tr|E8XIQ7|E8XIQ7_SALT4	GCF_000147055.1_WP_022632468.1	64.706	86	86	99	85	30	0	1	85	1	85	2.12e-40	133
tr|E8XIQ7|E8XIQ7_SALT4	GCF_022647505.1_WP_128179458.1	66.279	86	87	100	86	29	0	1	86	1	86	2.25e-40	133
tr|E8XIQ7|E8XIQ7_SALT4	GCF_000010085.1_WP_011411656.1	60.714	86	86	98	84	33	0	1	84	1	84	2.35e-40	133
tr|E8XIQ7|E8XIQ7_SALT4	GCF_019797845.1_WP_222158377.1	63.953	86	86	100	86	31	0	1	86	1	86	2.65e-40	133
tr|E8XIQ7|E8XIQ7_SALT4	GCF_019890955.1_WP_211725887.1	68.235	86	87	99	85	27	0	1	85	1	85	2.72e-40	133
tr|E8XIQ7|E8XIQ7_SALT4	GCF_017348915.1_WP_040077077.1	83.721	86	86	100	86	14	0	1	86	1	86	3.50e-40	133
tr|E8XIQ7|E8XIQ7_SALT4	GCF_003515985.1_WP_085653101.1	63.529	86	86	99	85	31	0	1	85	1	85	3.82e-40	133
tr|E8XIQ7|E8XIQ7_SALT4	GCF_000026185.1_WP_012440659.1	68.235	86	87	99	85	27	0	1	85	1	85	4.60e-40	132
tr|E8XIQ7|E8XIQ7_SALT4	GCF_009646115.1_WP_008925644.1	66.667	86	86	98	84	28	0	1	84	1	84	4.93e-40	132
tr|E8XIQ7|E8XIQ7_SALT4	GCF_015999465.1_WP_085688159.1	62.353	86	86	99	85	32	0	1	85	1	85	5.69e-40	132
tr|E8XIQ7|E8XIQ7_SALT4	GCF_019090985.1_WP_036781226.1	60.465	86	88	100	86	34	0	1	86	1	86	6.70e-40	132
tr|E8XIQ7|E8XIQ7_SALT4	GCF_003403135.1_WP_024104894.1	63.529	86	86	99	85	31	0	1	85	1	85	7.27e-40	132
tr|E8XIQ7|E8XIQ7_SALT4	GCF_020683125.1_WP_133842177.1	64.368	86	88	100	87	30	1	1	86	1	87	8.99e-40	132
tr|E8XIQ7|E8XIQ7_SALT4	GCF_000196155.1_WP_011145066.1	61.628	86	88	100	86	33	0	1	86	1	86	9.73e-40	132
tr|E8XIQ7|E8XIQ7_SALT4	GCF_000196475.1_WP_012776850.1	60.465	86	88	100	86	34	0	1	86	1	86	9.97e-40	132
tr|E8XIQ7|E8XIQ7_SALT4	GCF_019844095.1_WP_062747070.1	65.517	86	88	100	87	29	1	1	86	1	87	1.17e-39	131
tr|E8XIQ7|E8XIQ7_SALT4	GCF_019048385.1_WP_062759648.1	65.476	86	86	98	84	29	0	1	84	1	84	1.29e-39	131
tr|E8XIQ7|E8XIQ7_SALT4	GCF_000264765.2_WP_034163237.1	65.116	86	86	100	86	30	0	1	86	1	86	1.50e-39	131
tr|E8XIQ7|E8XIQ7_SALT4	GCF_000091565.1_WP_004159420.1	64.706	86	87	99	85	30	0	1	85	1	85	3.81e-39	130
tr|E8XIQ7|E8XIQ7_SALT4	GCF_002291425.1_WP_095847471.1	67.442	86	87	100	86	28	0	1	86	1	86	7.31e-39	129
tr|E8XIQ7|E8XIQ7_SALT4	GCF_022647325.1_WP_111140597.1	63.095	86	86	98	84	31	0	1	84	1	84	8.08e-39	129
tr|E8XIQ7|E8XIQ7_SALT4	GCF_902387845.1_WP_004237241.1	62.791	86	88	100	86	32	0	1	86	1	86	1.80e-38	128
tr|E8XIQ7|E8XIQ7_SALT4	GCF_020268605.1_WP_180560445.1	58.140	86	88	100	86	36	0	1	86	1	86	2.39e-38	128
tr|E8XIQ7|E8XIQ7_SALT4	GCF_021733145.1_WP_012847629.1	64.286	86	86	98	84	30	0	1	84	1	84	3.55e-38	128
tr|E8XIQ7|E8XIQ7_SALT4	GCF_004768525.1_WP_026822068.1	56.977	86	88	100	86	37	0	1	86	1	86	3.80e-38	128
tr|E8XIQ7|E8XIQ7_SALT4	GCF_025946765.1_WP_264497926.1	61.628	86	86	100	86	33	0	1	86	1	86	4.91e-38	127
tr|E8XIQ7|E8XIQ7_SALT4	GCF_021365465.1_WP_016190321.1	63.953	86	87	100	86	31	0	1	86	1	86	5.55e-38	127
tr|E8XIQ7|E8XIQ7_SALT4	GCF_020342335.1_WP_067428135.1	63.953	86	87	100	86	31	0	1	86	1	86	8.25e-38	127
tr|E8XIQ7|E8XIQ7_SALT4	GCF_017743015.1_WP_209027287.1	62.791	86	88	100	86	32	0	1	86	1	86	1.60e-37	126
tr|E8XIQ7|E8XIQ7_SALT4	GCF_900638135.1_WP_012146468.1	61.628	86	87	100	86	33	0	1	86	1	86	1.99e-37	126
tr|E8XIQ7|E8XIQ7_SALT4	GCF_003204135.1_WP_004908806.1	58.140	86	87	100	86	36	0	1	86	1	86	2.38e-37	125
tr|E8XIQ7|E8XIQ7_SALT4	GCF_002952315.1_WP_012667243.1	61.176	86	87	99	85	33	0	1	85	1	85	3.11e-37	125
tr|E8XIQ7|E8XIQ7_SALT4	GCF_000261045.2_WP_006318653.1	62.791	86	87	100	86	32	0	1	86	1	86	3.29e-37	125
tr|E8XIQ7|E8XIQ7_SALT4	GCF_900475855.1_WP_068441311.1	55.814	86	87	100	86	38	0	1	86	1	86	4.67e-37	125
tr|E8XIQ7|E8XIQ7_SALT4	GCF_029277985.1_WP_154623766.1	56.977	86	87	100	86	37	0	1	86	1	86	4.78e-37	125
tr|E8XIQ7|E8XIQ7_SALT4	GCF_009831665.3_WP_006709226.1	59.302	86	87	100	86	35	0	1	86	1	86	4.78e-37	125
tr|E8XIQ7|E8XIQ7_SALT4	GCF_002843235.3_WP_102139922.1	56.977	86	87	100	86	37	0	1	86	1	86	6.36e-37	125
tr|E8XIQ7|E8XIQ7_SALT4	GCF_013460135.1_WP_180816665.1	58.140	86	88	100	86	36	0	1	86	1	86	7.36e-37	124
tr|E8XIQ7|E8XIQ7_SALT4	GCF_000968195.1_WP_045972480.1	60.920	86	87	100	87	33	1	1	86	1	87	7.46e-37	124
tr|E8XIQ7|E8XIQ7_SALT4	GCF_020541225.1_WP_226811316.1	57.143	86	86	98	84	36	0	1	84	1	84	7.74e-37	124
tr|E8XIQ7|E8XIQ7_SALT4	GCF_022592395.1_WP_047255099.1	53.488	86	87	100	86	40	0	1	86	1	86	9.10e-37	124
tr|E8XIQ7|E8XIQ7_SALT4	GCF_001721185.1_WP_069317984.1	59.302	86	87	100	86	35	0	1	86	1	86	9.93e-37	124
tr|E8XIQ7|E8XIQ7_SALT4	GCF_002393505.1_WP_006658392.1	55.814	86	87	100	86	38	0	1	86	1	86	1.04e-36	124
tr|E8XIQ7|E8XIQ7_SALT4	GCF_002504285.1_WP_005282992.1	62.791	86	86	100	86	32	0	1	86	1	86	1.08e-36	124
tr|E8XIQ7|E8XIQ7_SALT4	GCF_000517405.1_WP_038469034.1	58.750	86	83	93	80	33	0	5	84	2	81	2.00e-36	123
tr|E8XIQ7|E8XIQ7_SALT4	GCF_000214235.1_WP_004952197.1	63.095	86	85	98	84	31	0	3	86	1	84	2.39e-36	123
tr|E8XIQ7|E8XIQ7_SALT4	GCF_016026395.1_WP_024524235.1	59.302	86	86	100	86	35	0	1	86	1	86	4.48e-36	122
tr|E8XIQ7|E8XIQ7_SALT4	GCF_000069965.1_WP_004245453.1	55.422	86	86	97	83	37	0	1	83	1	83	6.07e-36	122
tr|E8XIQ7|E8XIQ7_SALT4	GCF_008364325.2_WP_230090436.1	61.905	86	85	98	84	32	0	3	86	1	84	7.50e-36	122
tr|E8XIQ7|E8XIQ7_SALT4	GCF_900478135.1_WP_111739359.1	62.353	86	88	98	85	31	1	1	84	1	85	7.92e-36	122
tr|E8XIQ7|E8XIQ7_SALT4	GCF_001006005.1_WP_223499701.1	60.714	86	85	98	84	33	0	3	86	1	84	7.99e-36	122
tr|E8XIQ7|E8XIQ7_SALT4	GCF_004295645.1_WP_228350951.1	64.706	86	88	98	85	29	1	1	84	1	85	8.05e-36	122
tr|E8XIQ7|E8XIQ7_SALT4	GCF_000968175.1_WP_045959360.1	64.368	86	88	100	87	30	1	1	86	1	87	8.18e-36	122
tr|E8XIQ7|E8XIQ7_SALT4	GCF_900638655.1_WP_047781753.1	64.706	86	88	98	85	29	1	1	84	1	85	9.44e-36	121
tr|E8XIQ7|E8XIQ7_SALT4	GCF_014295015.1_WP_013185414.1	59.770	86	87	100	87	34	1	1	86	1	87	1.05e-35	121
tr|E8XIQ7|E8XIQ7_SALT4	GCF_011045835.1_WP_075671674.1	57.831	86	86	97	83	35	0	1	83	1	83	1.30e-35	121
tr|E8XIQ7|E8XIQ7_SALT4	GCF_003096015.2_WP_230514010.1	63.529	86	88	98	85	30	1	1	84	1	85	1.43e-35	121
tr|E8XIQ7|E8XIQ7_SALT4	GCF_003074995.2_WP_015870269.1	59.036	86	86	97	83	34	0	1	83	1	83	2.46e-35	120
tr|E8XIQ7|E8XIQ7_SALT4	GCF_022369495.1_WP_072064250.1	56.627	86	86	97	83	36	0	1	83	1	83	3.19e-35	120
tr|E8XIQ7|E8XIQ7_SALT4	GCF_004116975.1_WP_064720954.1	57.831	86	86	97	83	35	0	1	83	1	83	4.68e-35	120
tr|E8XIQ7|E8XIQ7_SALT4	GCF_005671395.1_WP_138095872.1	65.385	86	86	91	78	27	0	1	78	1	78	7.90e-35	119
tr|E8XIQ7|E8XIQ7_SALT4	GCF_003812345.1_WP_121571778.1	33.333	86	94	100	87	57	1	1	86	1	87	1.21e-28	103
tr|E8XIQ7|E8XIQ7_SALT4	GCF_008693605.1_WP_223849061.1	32.941	86	95	98	85	56	1	1	84	2	86	2.35e-28	103
tr|E8XIQ7|E8XIQ7_SALT4	GCF_013200955.2_WP_173204463.1	35.802	86	91	93	81	51	1	3	82	1	81	6.13e-28	102
tr|E8XIQ7|E8XIQ7_SALT4	GCF_004353845.1_WP_103770713.1	35.632	86	93	100	87	55	1	1	86	1	87	1.32e-27	101
tr|E8XIQ7|E8XIQ7_SALT4	GCF_002355475.1_WP_004421315.1	38.272	86	91	93	81	49	1	3	82	1	81	1.42e-27	101
tr|E8XIQ7|E8XIQ7_SALT4	GCF_008693645.1_WP_137347870.1	32.184	86	89	100	87	58	1	1	86	1	87	4.27e-27	 99
tr|E8XIQ7|E8XIQ7_SALT4	GCF_000733715.2_WP_017362912.1	32.911	86	90	91	79	52	1	5	82	2	80	1.58e-26	98.6
tr|E8XIQ7|E8XIQ7_SALT4	GCF_013409125.2_WP_099525265.1	32.911	86	90	91	79	52	1	5	82	2	80	1.71e-26	98.3
tr|E8XIQ7|E8XIQ7_SALT4	GCF_000297075.2_WP_003461742.1	32.911	86	90	91	79	52	1	5	82	2	80	2.25e-26	98.0
tr|E8XIQ7|E8XIQ7_SALT4	GCF_001597285.1_WP_061903727.1	35.897	86	92	90	78	49	1	6	82	3	80	2.45e-26	98.0
tr|E8XIQ7|E8XIQ7_SALT4	GCF_024205225.1_WP_195881696.1	31.646	86	90	91	79	53	1	5	82	2	80	3.35e-26	97.7
tr|E8XIQ7|E8XIQ7_SALT4	GCF_008807375.1_WP_151138908.1	34.568	86	91	93	81	52	1	3	82	1	81	3.88e-26	97.5
tr|E8XIQ7|E8XIQ7_SALT4	GCF_021029445.1_WP_230924827.1	32.051	86	89	91	78	53	0	5	82	2	79	5.47e-26	97.2
tr|E8XIQ7|E8XIQ7_SALT4	GCF_001594225.2_WP_064379396.1	36.782	86	92	95	87	50	2	5	86	2	88	8.27e-26	96.6
tr|E8XIQ7|E8XIQ7_SALT4	GCF_017167985.1_WP_079784061.1	34.177	86	90	91	79	51	1	5	82	2	80	1.03e-25	96.3
tr|E8XIQ7|E8XIQ7_SALT4	GCF_001708425.1_WP_055136127.1	35.294	86	94	93	85	50	2	5	84	2	86	1.85e-25	95.8
tr|E8XIQ7|E8XIQ7_SALT4	GCF_004684345.1_WP_135321947.1	34.568	86	93	93	81	52	1	1	80	1	81	2.66e-25	95.5
tr|E8XIQ7|E8XIQ7_SALT4	GCF_013423785.1_WP_180308358.1	45.205	86	88	85	73	40	0	1	73	1	73	3.68e-25	94.9
tr|E8XIQ7|E8XIQ7_SALT4	GCF_017915135.1_WP_210390879.1	32.911	86	90	91	79	52	1	5	82	2	80	5.54e-25	94.6
tr|E8XIQ7|E8XIQ7_SALT4	GCF_019047765.1_WP_040231149.1	30.588	86	89	98	85	58	1	1	84	1	85	7.53e-25	94.1
tr|E8XIQ7|E8XIQ7_SALT4	GCF_017167985.1_WP_093053415.1	29.885	86	92	95	87	56	2	5	86	2	88	2.42e-24	92.9
tr|E8XIQ7|E8XIQ7_SALT4	GCF_020991025.1_WP_152109250.1	44.872	86	83	90	78	42	1	3	79	1	78	7.28e-24	91.5
tr|E8XIQ7|E8XIQ7_SALT4	GCF_019670705.1_WP_100146025.1	31.395	86	92	94	86	54	2	6	86	3	88	1.46e-23	91.0
tr|E8XIQ7|E8XIQ7_SALT4	GCF_900682675.2_WP_069898892.1	42.466	86	94	84	73	41	1	6	77	3	75	1.96e-23	90.7
tr|E8XIQ7|E8XIQ7_SALT4	GCF_003957745.1_WP_126168493.1	32.558	86	87	94	86	53	2	5	85	2	87	2.27e-23	90.4
tr|E8XIQ7|E8XIQ7_SALT4	GCF_002355475.1_WP_003455993.1	33.333	86	90	86	75	49	1	7	80	2	76	3.01e-23	90.1
tr|E8XIQ7|E8XIQ7_SALT4	GCF_009730655.1_WP_156020461.1	31.395	86	92	94	86	54	2	6	86	3	88	3.35e-23	90.1
tr|E8XIQ7|E8XIQ7_SALT4	GCF_011397855.1_WP_044414183.1	37.662	86	90	88	77	47	1	5	80	2	78	4.48e-23	89.6
tr|E8XIQ7|E8XIQ7_SALT4	GCF_008807375.1_WP_151133519.1	30.667	86	90	86	75	51	1	7	80	2	76	8.00e-23	89.0
tr|E8XIQ7|E8XIQ7_SALT4	GCF_012767755.2_WP_173171843.1	32.468	86	90	88	77	51	1	7	82	4	80	8.86e-23	89.0
tr|E8XIQ7|E8XIQ7_SALT4	GCF_016834455.1_WP_203325205.1	36.364	86	86	88	77	48	1	5	80	2	78	1.17e-22	88.4
tr|E8XIQ7|E8XIQ7_SALT4	GCF_000015245.1_WP_011761423.1	35.714	86	86	92	84	49	2	5	83	2	85	1.47e-22	88.2
tr|E8XIQ7|E8XIQ7_SALT4	GCF_000178875.2_WP_012197738.1	31.765	86	90	93	85	53	2	6	85	3	87	2.83e-22	87.6
tr|E8XIQ7|E8XIQ7_SALT4	GCF_029457395.1_WP_024766443.1	36.000	86	92	81	75	43	1	6	75	3	77	2.95e-22	87.6
tr|E8XIQ7|E8XIQ7_SALT4	GCF_012767755.2_WP_173176508.1	31.579	86	91	88	76	50	1	5	80	2	75	5.10e-22	87.0
tr|E8XIQ7|E8XIQ7_SALT4	GCF_025402875.1_WP_011791024.1	30.588	86	90	93	85	54	2	6	85	3	87	8.73e-22	86.5
tr|E8XIQ7|E8XIQ7_SALT4	GCF_012971725.1_WP_169940133.1	34.667	86	92	81	75	44	1	6	75	3	77	1.16e-21	86.2
tr|E8XIQ7|E8XIQ7_SALT4	GCF_002215585.1_WP_088903590.1	29.070	86	89	95	86	57	1	5	86	2	87	1.58e-21	85.6
tr|E8XIQ7|E8XIQ7_SALT4	GCF_000801295.1_WP_171816254.1	33.333	86	99	94	84	52	2	1	81	1	83	2.00e-21	85.6
tr|E8XIQ7|E8XIQ7_SALT4	GCF_017329545.1_WP_047884589.1	36.232	86	95	79	69	43	1	3	70	1	69	2.02e-21	85.6
tr|E8XIQ7|E8XIQ7_SALT4	GCF_024971755.1_WP_259474826.1	31.395	86	88	94	86	54	2	6	86	3	88	2.33e-21	85.4
tr|E8XIQ7|E8XIQ7_SALT4	GCF_017354925.1_WP_207321174.1	35.065	86	87	88	77	49	1	5	80	2	78	3.89e-21	84.8
tr|E8XIQ7|E8XIQ7_SALT4	GCF_017354965.1_WP_207380278.1	35.065	86	87	88	77	49	1	5	80	2	78	7.24e-21	83.9
tr|E8XIQ7|E8XIQ7_SALT4	GCF_014524625.1_WP_009050814.1	28.235	86	92	93	85	56	2	5	84	2	86	1.60e-20	83.1
tr|E8XIQ7|E8XIQ7_SALT4	GCF_008033135.1_WP_148717358.1	25.000	86	87	88	76	57	0	5	80	2	77	1.20e-19	80.9
tr|E8XIQ7|E8XIQ7_SALT4	GCF_003025345.2_WP_003155955.1	32.143	86	91	91	84	51	1	5	82	2	85	2.03e-19	80.3
tr|E8XIQ7|E8XIQ7_SALT4	GCF_003515105.1_WP_036973086.1	42.254	86	73	81	71	40	1	6	75	2	72	5.28e-19	78.9
tr|E8XIQ7|E8XIQ7_SALT4	GCF_000014885.1_WP_020912292.1	35.065	86	87	88	77	49	1	7	82	4	80	6.69e-19	78.9
tr|E8XIQ7|E8XIQ7_SALT4	GCF_024346675.1_WP_048897676.1	30.435	86	86	79	69	47	1	3	70	1	69	8.48e-19	78.6
tr|E8XIQ7|E8XIQ7_SALT4	GCF_001020955.1_WP_047250467.1	31.646	86	82	87	79	50	2	1	75	1	79	2.14e-18	77.5
tr|E8XIQ7|E8XIQ7_SALT4	GCF_020405345.1_WP_017780573.1	40.580	86	89	80	69	38	1	6	74	3	68	2.28e-18	77.8
tr|E8XIQ7|E8XIQ7_SALT4	GCF_016026875.1_WP_045525981.1	41.791	86	89	78	67	36	1	6	72	3	66	5.96e-18	76.6
tr|E8XIQ7|E8XIQ7_SALT4	GCF_002005305.1_WP_077753428.1	31.325	86	86	91	83	52	2	6	83	3	85	6.27e-18	76.6
tr|E8XIQ7|E8XIQ7_SALT4	GCF_000146165.2_WP_164925808.1	31.034	86	89	94	87	54	3	6	86	3	89	6.93e-18	76.4
tr|E8XIQ7|E8XIQ7_SALT4	GCF_900637545.1_WP_042651794.1	36.232	86	84	80	69	41	1	6	74	3	68	8.26e-18	76.1
tr|E8XIQ7|E8XIQ7_SALT4	GCF_003967195.1_WP_172597571.1	37.838	86	83	80	74	41	2	3	71	2	75	1.73e-17	75.2
tr|E8XIQ7|E8XIQ7_SALT4	GCF_000016065.1_WP_011864074.1	25.641	86	93	91	78	58	0	5	82	2	79	2.35e-17	75.2
tr|E8XIQ7|E8XIQ7_SALT4	GCF_015209785.1_WP_193988300.1	44.118	86	73	78	68	37	1	6	72	2	69	2.99e-17	74.7
tr|E8XIQ7|E8XIQ7_SALT4	GCF_020423125.1_WP_226170850.1	38.235	86	84	79	68	39	1	6	73	3	67	3.82e-17	74.4
tr|E8XIQ7|E8XIQ7_SALT4	GCF_028355655.1_WP_087756847.1	44.262	86	84	71	61	33	1	5	65	2	61	3.95e-17	74.4
tr|E8XIQ7|E8XIQ7_SALT4	GCF_002218045.2_WP_089137819.1	38.889	86	79	79	72	40	2	6	73	5	76	4.86e-17	74.1
tr|E8XIQ7|E8XIQ7_SALT4	GCF_002157225.2_WP_086934278.1	28.767	86	80	85	73	52	0	10	82	5	77	5.11e-17	74.1
tr|E8XIQ7|E8XIQ7_SALT4	GCF_013343005.1_WP_078482823.1	37.500	86	84	87	80	45	2	3	77	1	80	7.63e-17	73.8
tr|E8XIQ7|E8XIQ7_SALT4	GCF_001651805.1_WP_067384150.1	39.726	86	78	79	73	39	3	5	72	2	74	9.85e-17	73.3
tr|E8XIQ7|E8XIQ7_SALT4	GCF_020149575.1_WP_224431657.1	44.118	86	85	79	68	35	2	6	73	3	67	1.73e-16	72.7
tr|E8XIQ7|E8XIQ7_SALT4	GCF_001677435.1_WP_068615618.1	32.468	86	90	87	77	49	3	3	77	1	76	2.85e-16	72.4
tr|E8XIQ7|E8XIQ7_SALT4	GCF_004358345.1_WP_121852852.1	34.286	86	76	80	70	45	1	3	71	1	70	3.27e-16	71.8
tr|E8XIQ7|E8XIQ7_SALT4	GCF_008693705.1_WP_127008315.1	37.681	86	84	80	69	40	1	5	73	2	67	4.63e-16	71.6
tr|E8XIQ7|E8XIQ7_SALT4	GCF_019669905.1_WP_054759186.1	45.283	86	79	60	53	28	1	8	59	3	55	5.75e-16	71.3
tr|E8XIQ7|E8XIQ7_SALT4	GCF_008364325.2_WP_020826409.1	27.397	86	84	84	73	49	2	5	76	2	71	8.39e-16	71.0
tr|E8XIQ7|E8XIQ7_SALT4	GCF_003015165.1_WP_106887831.1	36.232	86	84	80	69	41	1	5	73	2	67	1.41e-15	70.4
tr|E8XIQ7|E8XIQ7_SALT4	GCF_016026615.1_WP_197928313.1	33.333	86	89	80	69	43	1	5	73	2	67	1.54e-15	70.4
tr|E8XIQ7|E8XIQ7_SALT4	GCF_014169735.1_WP_134997272.1	33.824	86	86	79	68	42	1	6	73	3	67	2.18e-15	69.9
tr|E8XIQ7|E8XIQ7_SALT4	GCF_007197555.1_WP_144048375.1	28.571	86	94	81	77	48	2	6	75	3	79	5.32e-15	69.3
tr|E8XIQ7|E8XIQ7_SALT4	GCF_016127195.1_WP_042032742.1	33.824	86	89	79	68	42	1	5	72	2	66	5.50e-15	69.0
tr|E8XIQ7|E8XIQ7_SALT4	GCF_024347195.1_WP_271272618.1	36.620	86	77	78	71	41	3	6	72	3	73	7.77e-15	68.5
tr|E8XIQ7|E8XIQ7_SALT4	GCF_024347215.1_WP_261843265.1	36.620	86	77	78	71	41	3	6	72	3	73	8.41e-15	68.5
tr|E8XIQ7|E8XIQ7_SALT4	GCF_001007935.1_WP_046849946.1	26.866	86	84	77	67	48	1	8	73	4	70	1.18e-14	68.2
tr|E8XIQ7|E8XIQ7_SALT4	GCF_000009145.1_WP_041356315.1	30.488	86	90	90	82	52	3	10	86	6	87	1.66e-14	67.9
tr|E8XIQ7|E8XIQ7_SALT4	GCF_009938225.1_WP_075649723.1	32.468	86	82	84	77	47	2	10	81	2	78	1.84e-14	67.6
tr|E8XIQ7|E8XIQ7_SALT4	GCF_014905115.1_WP_193151849.1	33.846	86	81	74	65	42	1	10	73	2	66	2.89e-14	67.1
tr|E8XIQ7|E8XIQ7_SALT4	GCF_019703835.1_WP_087020305.1	33.333	86	79	90	81	47	2	10	86	1	78	2.95e-14	67.1
tr|E8XIQ7|E8XIQ7_SALT4	GCF_000785705.2_WP_036272019.1	35.484	86	82	72	62	39	1	10	71	6	66	3.66e-14	66.8
tr|E8XIQ7|E8XIQ7_SALT4	GCF_000968535.2_WP_014147785.1	30.769	86	84	74	65	43	2	8	71	4	67	4.81e-14	66.5
tr|E8XIQ7|E8XIQ7_SALT4	GCF_002215215.1_WP_088918776.1	35.714	86	101	80	70	43	2	5	73	15	83	5.29e-14	66.8
tr|E8XIQ7|E8XIQ7_SALT4	GCF_000026085.1_WP_041454550.1	40.845	86	73	80	71	39	3	6	74	2	71	5.34e-14	66.2
tr|E8XIQ7|E8XIQ7_SALT4	GCF_006742785.1_WP_172630283.1	36.066	86	88	70	61	38	1	8	67	3	63	8.29e-14	65.9
tr|E8XIQ7|E8XIQ7_SALT4	GCF_019797925.1_WP_193521737.1	32.308	86	80	76	65	44	0	10	74	2	66	9.56e-14	65.7
tr|E8XIQ7|E8XIQ7_SALT4	GCF_009068765.1_WP_151900329.1	32.308	86	81	74	65	43	1	10	73	2	66	1.34e-13	65.4
tr|E8XIQ7|E8XIQ7_SALT4	GCF_024360925.2_WP_255188929.1	33.871	86	83	71	62	39	2	10	70	6	66	2.07e-13	64.8
tr|E8XIQ7|E8XIQ7_SALT4	GCF_000214665.1_WP_013819542.1	33.871	86	83	71	62	39	2	10	70	6	66	3.01e-13	64.5
tr|E8XIQ7|E8XIQ7_SALT4	GCF_002355415.1_WP_148665551.1	34.286	86	87	77	70	42	2	6	71	13	82	4.49e-13	64.3
tr|E8XIQ7|E8XIQ7_SALT4	GCF_000021985.1_WP_012639500.1	33.784	86	82	80	74	44	2	3	71	1	74	5.11e-13	64.0
tr|E8XIQ7|E8XIQ7_SALT4	GCF_005931095.1_WP_017839868.1	29.231	86	84	74	65	44	2	8	71	4	67	9.28e-13	63.4
tr|E8XIQ7|E8XIQ7_SALT4	GCF_008329985.2_WP_149283950.1	31.746	86	81	72	63	42	1	10	71	2	64	9.49e-13	63.1
tr|E8XIQ7|E8XIQ7_SALT4	GCF_024746855.1_WP_260492542.1	30.769	86	79	76	65	45	0	10	74	2	66	1.20e-12	62.8
tr|E8XIQ7|E8XIQ7_SALT4	GCF_024347355.1_WP_105024956.1	34.921	86	83	72	63	40	1	10	71	2	64	1.21e-12	62.8
tr|E8XIQ7|E8XIQ7_SALT4	GCF_024347475.1_WP_239840920.1	34.921	86	83	72	63	40	1	10	71	2	64	1.29e-12	62.8
tr|E8XIQ7|E8XIQ7_SALT4	GCF_000014765.1_WP_011633385.1	33.333	86	89	92	84	51	3	8	86	3	86	1.41e-12	62.8
tr|E8XIQ7|E8XIQ7_SALT4	GCF_009938185.1_WP_162048373.1	35.088	86	82	65	57	36	1	10	65	2	58	1.97e-12	62.3
tr|E8XIQ7|E8XIQ7_SALT4	GCF_009938015.1_WP_223264517.1	32.051	86	90	85	78	48	3	1	73	1	78	2.00e-12	62.6
tr|E8XIQ7|E8XIQ7_SALT4	GCF_003063625.1_WP_108601906.1	28.571	86	85	78	70	47	1	10	76	5	74	2.12e-12	62.3
tr|E8XIQ7|E8XIQ7_SALT4	GCF_009938205.1_WP_075706454.1	36.923	86	82	74	65	40	1	10	73	2	66	2.15e-12	62.3
tr|E8XIQ7|E8XIQ7_SALT4	GCF_003990335.1_WP_127025819.1	28.125	86	91	74	64	46	0	10	73	6	69	2.33e-12	62.3
tr|E8XIQ7|E8XIQ7_SALT4	GCF_000321415.2_WP_015260329.1	32.051	86	93	86	78	49	2	1	74	1	78	2.43e-12	62.3
tr|E8XIQ7|E8XIQ7_SALT4	GCF_019670125.1_WP_221076876.1	33.871	86	81	71	62	40	1	10	70	2	63	3.51e-12	61.7
tr|E8XIQ7|E8XIQ7_SALT4	GCF_024494545.1_WP_256384876.1	30.303	86	81	76	66	45	1	10	74	2	67	3.54e-12	61.7
tr|E8XIQ7|E8XIQ7_SALT4	GCF_000788395.1_WP_038641921.1	31.818	86	85	76	66	44	1	10	74	5	70	4.40e-12	61.4
tr|E8XIQ7|E8XIQ7_SALT4	GCF_000828615.1_WP_041064380.1	31.646	86	80	86	79	49	3	1	74	1	79	6.02e-12	61.2
tr|E8XIQ7|E8XIQ7_SALT4	GCF_004001245.1_WP_127478562.1	27.500	86	85	87	80	53	2	1	75	1	80	6.34e-12	61.2
tr|E8XIQ7|E8XIQ7_SALT4	GCF_001558255.2_WP_005504861.1	30.864	86	82	87	81	50	3	10	84	2	82	8.22e-12	60.9
tr|E8XIQ7|E8XIQ7_SALT4	GCF_022371215.1_WP_239718047.1	33.846	86	83	74	65	42	1	10	73	2	66	1.26e-11	60.3
tr|E8XIQ7|E8XIQ7_SALT4	GCF_002407485.1_WP_096780111.1	31.746	86	81	72	63	42	1	10	71	2	64	1.31e-11	60.3
tr|E8XIQ7|E8XIQ7_SALT4	GCF_000227685.2_WP_006746304.1	29.630	86	83	90	81	53	2	1	77	1	81	1.49e-11	60.3
tr|E8XIQ7|E8XIQ7_SALT4	GCF_024347255.1_WP_091360415.1	33.333	86	79	78	72	43	2	6	72	3	74	1.57e-11	60.0
tr|E8XIQ7|E8XIQ7_SALT4	GCF_003966655.1_WP_113527441.1	27.941	86	77	79	68	49	0	3	70	1	68	2.27e-11	59.5
tr|E8XIQ7|E8XIQ7_SALT4	GCF_013462805.1_WP_009566961.1	27.941	86	77	79	68	49	0	3	70	1	68	3.73e-11	59.2
tr|E8XIQ7|E8XIQ7_SALT4	GCF_003568825.1_WP_040644076.1	25.000	86	83	74	68	47	1	10	73	2	69	4.28e-11	58.9
tr|E8XIQ7|E8XIQ7_SALT4	GCF_002849875.1_WP_232379112.1	27.381	86	113	88	84	53	3	6	81	28	111	4.94e-11	59.5
tr|E8XIQ7|E8XIQ7_SALT4	GCF_009662475.1_WP_031573754.1	26.582	86	79	87	79	54	2	3	77	1	79	5.13e-11	58.6
tr|E8XIQ7|E8XIQ7_SALT4	GCF_000014785.1_WP_011630183.1	34.211	86	83	84	76	46	3	4	75	7	82	5.79e-11	58.6
tr|E8XIQ7|E8XIQ7_SALT4	GCF_000148645.1_WP_013347076.1	30.303	86	80	76	66	45	1	10	74	1	66	7.69e-11	58.3
tr|E8XIQ7|E8XIQ7_SALT4	GCF_019977755.1_WP_126608378.1	29.885	86	103	88	87	50	3	10	85	16	102	8.70e-11	58.6
tr|E8XIQ7|E8XIQ7_SALT4	GCF_002204915.1_WP_052690899.1	31.250	86	101	73	64	43	1	10	72	21	84	1.08e-10	58.3
tr|E8XIQ7|E8XIQ7_SALT4	GCF_024347275.1_WP_019620968.1	31.944	86	82	78	72	44	3	6	72	3	74	1.11e-10	58.1
tr|E8XIQ7|E8XIQ7_SALT4	GCF_008632455.1_WP_150048082.1	24.242	86	84	77	66	50	0	9	74	5	70	1.35e-10	57.8
tr|E8XIQ7|E8XIQ7_SALT4	GCF_019670105.1_WP_040307707.1	29.231	86	81	74	65	45	1	10	73	2	66	1.50e-10	57.5
tr|E8XIQ7|E8XIQ7_SALT4	GCF_002355735.1_WP_096359192.1	30.000	86	83	77	70	45	2	5	70	8	77	1.89e-10	57.5
tr|E8XIQ7|E8XIQ7_SALT4	GCF_000940995.1_WP_082060442.1	24.706	86	93	98	85	63	1	3	86	1	85	2.72e-10	57.2
tr|E8XIQ7|E8XIQ7_SALT4	GCF_001558415.2_WP_061055374.1	33.333	86	83	65	57	37	1	10	65	2	58	3.26e-10	56.7
tr|E8XIQ7|E8XIQ7_SALT4	GCF_024347495.1_WP_137371745.1	32.308	86	80	74	65	43	1	10	73	2	66	3.45e-10	56.7
tr|E8XIQ7|E8XIQ7_SALT4	GCF_026427595.1_WP_251812951.1	30.882	86	88	73	68	42	3	10	72	5	72	4.05e-10	56.7
tr|E8XIQ7|E8XIQ7_SALT4	GCF_000019525.1_WP_012323084.1	30.645	86	81	71	62	42	1	10	70	2	63	4.20e-10	56.4
tr|E8XIQ7|E8XIQ7_SALT4	GCF_003668795.1_WP_054981706.1	38.095	86	83	72	63	38	1	10	71	2	64	4.45e-10	56.4
tr|E8XIQ7|E8XIQ7_SALT4	GCF_000772105.1_WP_004748349.1	30.159	86	81	72	63	43	1	10	71	2	64	4.59e-10	56.4
tr|E8XIQ7|E8XIQ7_SALT4	GCF_002221525.1_WP_089349457.1	38.095	86	83	72	63	38	1	10	71	2	64	5.25e-10	56.1
tr|E8XIQ7|E8XIQ7_SALT4	GCF_003970675.1_WP_126615366.1	30.882	86	76	79	68	43	2	7	74	10	73	5.41e-10	56.1
tr|E8XIQ7|E8XIQ7_SALT4	GCF_000006765.1_NP_249630.1	35.938	86	108	67	64	35	1	5	62	2	65	5.89e-10	56.7
tr|E8XIQ7|E8XIQ7_SALT4	GCF_014879975.1_WP_192888672.1	33.333	86	83	72	63	41	1	10	71	2	64	7.33e-10	55.8
tr|E8XIQ7|E8XIQ7_SALT4	GCF_001007875.1_WP_046858354.1	29.870	86	80	84	77	49	2	10	81	2	78	7.93e-10	55.8
tr|E8XIQ7|E8XIQ7_SALT4	GCF_017638925.1_WP_208844867.1	26.562	86	81	74	64	47	0	10	73	2	65	8.79e-10	55.5
tr|E8XIQ7|E8XIQ7_SALT4	GCF_024347635.1_WP_139683960.1	30.769	86	83	74	65	44	1	10	73	2	66	8.80e-10	55.5
tr|E8XIQ7|E8XIQ7_SALT4	GCF_003258315.1_WP_111337788.1	27.027	86	88	85	74	53	1	8	80	4	77	9.70e-10	55.5
tr|E8XIQ7|E8XIQ7_SALT4	GCF_004328865.1_WP_104643907.1	36.508	86	83	72	63	39	1	10	71	2	64	1.06e-09	55.5
tr|E8XIQ7|E8XIQ7_SALT4	GCF_024347035.1_WP_102941394.1	31.746	86	81	72	63	42	1	10	71	2	64	1.08e-09	55.5
tr|E8XIQ7|E8XIQ7_SALT4	GCF_001955715.1_WP_029708890.1	30.137	86	80	80	73	44	2	5	73	2	71	1.12e-09	55.3
tr|E8XIQ7|E8XIQ7_SALT4	GCF_024347455.1_WP_135458404.1	29.231	86	83	74	65	45	1	10	73	2	66	1.20e-09	55.3
tr|E8XIQ7|E8XIQ7_SALT4	GCF_024347595.1_WP_176681244.1	34.921	86	83	72	63	40	1	10	71	2	64	1.33e-09	55.3
tr|E8XIQ7|E8XIQ7_SALT4	GCF_018736065.1_WP_144074266.1	30.882	86	76	79	68	43	2	7	74	10	73	1.40e-09	55.0
tr|E8XIQ7|E8XIQ7_SALT4	GCF_024362845.1_WP_255230807.1	25.316	86	82	86	79	54	2	10	83	2	80	1.40e-09	55.3
tr|E8XIQ7|E8XIQ7_SALT4	GCF_005877035.1_WP_039486662.1	36.508	86	83	72	63	39	1	10	71	2	64	1.46e-09	55.0
tr|E8XIQ7|E8XIQ7_SALT4	GCF_001995825.2_WP_017057338.1	29.231	86	83	74	65	45	1	10	73	2	66	1.70e-09	55.0
tr|E8XIQ7|E8XIQ7_SALT4	GCF_001831495.1_WP_068547707.1	30.000	86	81	69	60	41	1	10	68	2	61	1.71e-09	55.0
tr|E8XIQ7|E8XIQ7_SALT4	GCF_000091465.1_WP_004733849.1	29.231	86	83	74	65	45	1	10	73	2	66	2.14e-09	54.7
tr|E8XIQ7|E8XIQ7_SALT4	GCF_001596155.1_WP_068342236.1	34.247	86	90	80	73	41	3	3	71	1	70	2.20e-09	54.7
tr|E8XIQ7|E8XIQ7_SALT4	GCF_024347675.1_WP_261835500.1	27.500	86	81	87	80	53	2	10	84	2	81	2.78e-09	54.4
tr|E8XIQ7|E8XIQ7_SALT4	GCF_001455205.1_WP_062560013.1	26.562	86	84	73	64	45	2	10	72	6	68	2.80e-09	54.4
tr|E8XIQ7|E8XIQ7_SALT4	GCF_020844025.1_WP_215848879.1	29.412	86	77	79	68	48	0	3	70	1	68	3.41e-09	54.1
tr|E8XIQ7|E8XIQ7_SALT4	GCF_001456255.1_WP_020335096.1	40.385	86	81	59	52	30	1	12	62	4	55	3.75e-09	54.1
tr|E8XIQ7|E8XIQ7_SALT4	GCF_023733635.1_WP_039959400.1	32.911	86	89	86	79	48	2	6	79	3	81	3.88e-09	54.1
tr|E8XIQ7|E8XIQ7_SALT4	GCF_000238395.3_WP_010553578.1	34.921	86	83	72	63	40	1	10	71	2	64	4.03e-09	53.8
tr|E8XIQ7|E8XIQ7_SALT4	GCF_024347655.1_WP_060467732.1	29.231	86	83	74	65	45	1	10	73	2	66	4.72e-09	53.8
tr|E8XIQ7|E8XIQ7_SALT4	GCF_024582835.1_WP_257083279.1	29.268	86	87	90	82	53	2	10	86	2	83	5.16e-09	53.8
tr|E8XIQ7|E8XIQ7_SALT4	GCF_001999225.1_WP_077537996.1	30.159	86	82	72	63	43	1	10	71	2	64	5.49e-09	53.6
tr|E8XIQ7|E8XIQ7_SALT4	GCF_003584645.1_WP_197716612.1	25.610	86	80	91	82	54	2	3	80	1	79	5.76e-09	53.6
tr|E8XIQ7|E8XIQ7_SALT4	GCF_008931805.1_WP_019441510.1	29.231	86	81	74	65	45	1	10	73	2	66	8.36e-09	53.0
tr|E8XIQ7|E8XIQ7_SALT4	GCF_009755585.1_WP_157030071.1	32.000	86	85	83	75	44	2	3	73	1	72	8.70e-09	53.3
tr|E8XIQ7|E8XIQ7_SALT4	GCF_002214395.1_WP_010453422.1	30.769	86	81	85	78	49	2	12	84	4	81	1.02e-08	53.0
tr|E8XIQ7|E8XIQ7_SALT4	GCF_001431725.1_WP_021820278.1	23.810	86	81	72	63	47	1	10	71	2	64	1.56e-08	52.4
tr|E8XIQ7|E8XIQ7_SALT4	GCF_000012325.1_WP_011045621.1	31.034	86	84	67	58	40	0	10	67	5	62	1.61e-08	52.4
tr|E8XIQ7|E8XIQ7_SALT4	GCF_008369605.1_WP_000253074.1	34.375	86	81	73	64	41	1	10	72	2	65	1.75e-08	52.4
tr|E8XIQ7|E8XIQ7_SALT4	GCF_013201725.1_WP_014475480.1	29.730	86	74	83	74	46	2	3	73	1	71	2.82e-08	51.6
tr|E8XIQ7|E8XIQ7_SALT4	GCF_003353065.1_WP_114983154.1	26.316	86	84	84	76	49	3	1	72	1	73	3.38e-08	51.6
tr|E8XIQ7|E8XIQ7_SALT4	GCF_002762215.1_WP_085750011.1	30.137	86	87	80	73	44	3	4	72	3	72	3.38e-08	51.6
tr|E8XIQ7|E8XIQ7_SALT4	GCF_001705075.2_WP_065970077.1	28.169	86	78	78	71	47	2	3	69	1	71	3.57e-08	51.6
tr|E8XIQ7|E8XIQ7_SALT4	GCF_000212735.1_WP_013764159.1	27.632	86	83	84	76	48	2	1	72	1	73	5.10e-08	51.0
tr|E8XIQ7|E8XIQ7_SALT4	GCF_000092245.1_WP_013136435.1	31.429	86	76	78	70	42	2	7	73	2	68	5.98e-08	50.8
tr|E8XIQ7|E8XIQ7_SALT4	GCF_002906475.1_WP_012130247.1	32.258	86	81	71	62	41	1	12	72	4	65	6.16e-08	51.0
tr|E8XIQ7|E8XIQ7_SALT4	GCF_019670485.1_WP_221071211.1	31.169	86	81	84	77	48	2	12	83	4	80	6.73e-08	50.8
tr|E8XIQ7|E8XIQ7_SALT4	GCF_002142475.1_WP_026148861.1	29.487	86	86	86	78	48	2	5	78	2	76	7.17e-08	50.8
tr|E8XIQ7|E8XIQ7_SALT4	GCF_010093065.1_WP_238430213.1	28.947	86	83	84	76	47	2	1	72	2	74	7.40e-08	50.8
tr|E8XIQ7|E8XIQ7_SALT4	GCF_004028275.1_WP_128384077.1	26.316	86	77	63	57	39	1	9	62	2	58	7.52e-08	50.8
tr|E8XIQ7|E8XIQ7_SALT4	GCF_003149515.1_WP_109656005.1	29.333	86	90	83	75	46	3	3	73	1	72	7.58e-08	50.8
tr|E8XIQ7|E8XIQ7_SALT4	GCF_017742995.1_WP_247749573.1	47.222	86	48	42	36	19	0	10	45	2	37	7.73e-08	50.2
tr|E8XIQ7|E8XIQ7_SALT4	GCF_002157895.1_WP_227874980.1	26.562	86	82	73	64	46	1	10	72	3	66	8.60e-08	50.5
tr|E8XIQ7|E8XIQ7_SALT4	GCF_024347675.1_WP_261833361.1	32.558	86	54	50	43	29	0	10	52	2	44	8.77e-08	50.2
tr|E8XIQ7|E8XIQ7_SALT4	GCF_001507645.1_WP_068195976.1	30.137	86	90	80	73	44	2	3	71	1	70	9.32e-08	50.8
tr|E8XIQ7|E8XIQ7_SALT4	GCF_002021755.1_WP_005434844.1	32.258	86	81	71	62	41	1	12	72	4	65	1.04e-07	50.5
tr|E8XIQ7|E8XIQ7_SALT4	GCF_022811645.1_WP_243511723.1	28.767	86	90	80	73	45	2	3	71	1	70	1.22e-07	50.2
tr|E8XIQ7|E8XIQ7_SALT4	GCF_900233005.1_WP_102521318.1	30.159	86	81	72	63	43	1	10	71	2	64	1.25e-07	50.2
tr|E8XIQ7|E8XIQ7_SALT4	GCF_000238255.3_WP_010559905.1	28.302	86	86	62	53	38	0	10	62	5	57	1.55e-07	49.9
tr|E8XIQ7|E8XIQ7_SALT4	GCF_006337165.1_WP_139515111.1	32.099	86	82	88	81	47	2	3	78	1	78	1.77e-07	49.6
tr|E8XIQ7|E8XIQ7_SALT4	GCF_003967275.1_WP_197721837.1	35.135	86	78	81	74	44	3	3	72	1	74	2.35e-07	49.3
tr|E8XIQ7|E8XIQ7_SALT4	GCF_004293625.1_WP_130538367.1	40.426	86	71	55	47	28	0	9	55	2	48	2.90e-07	49.1
tr|E8XIQ7|E8XIQ7_SALT4	GCF_008122265.1_WP_148863603.1	26.389	86	84	78	72	44	4	5	71	2	69	3.52e-07	49.1
tr|E8XIQ7|E8XIQ7_SALT4	GCF_000770115.1_WP_069687890.1	27.273	86	81	84	77	51	2	12	83	4	80	3.67e-07	49.1
tr|E8XIQ7|E8XIQ7_SALT4	GCF_013282625.1_WP_173286717.1	29.231	86	67	76	65	43	1	9	73	2	63	4.10e-07	48.5
tr|E8XIQ7|E8XIQ7_SALT4	GCF_000024825.1_WP_005460845.1	38.462	86	81	59	52	31	1	12	62	4	55	4.37e-07	48.8
tr|E8XIQ7|E8XIQ7_SALT4	GCF_006364355.1_WP_004727652.1	28.070	86	83	65	57	40	1	10	65	2	58	4.47e-07	48.8
tr|E8XIQ7|E8XIQ7_SALT4	GCF_013283835.1_WP_071626507.1	31.081	86	83	83	74	45	3	3	73	1	71	8.03e-07	48.2
tr|E8XIQ7|E8XIQ7_SALT4	GCF_001444405.1_WP_058032142.1	31.746	86	87	72	63	42	1	10	71	2	64	8.49e-07	48.2
tr|E8XIQ7|E8XIQ7_SALT4	GCF_004355185.1_WP_133271280.1	33.333	86	81	85	78	44	2	6	78	3	77	8.50e-07	47.9
tr|E8XIQ7|E8XIQ7_SALT4	GCF_006385555.1_WP_140234395.1	38.298	86	87	52	47	27	1	9	53	3	49	1.17e-06	47.7
tr|E8XIQ7|E8XIQ7_SALT4	GCF_003346815.1_WP_114840342.1	31.081	86	82	83	74	45	2	3	73	1	71	1.23e-06	47.7
tr|E8XIQ7|E8XIQ7_SALT4	GCF_000019185.1_WP_012277931.1	27.778	86	100	62	54	38	1	10	62	2	55	1.87e-06	47.4
tr|E8XIQ7|E8XIQ7_SALT4	GCF_003574965.1_WP_119445661.1	28.395	86	82	88	81	50	2	3	78	1	78	1.91e-06	47.1
tr|E8XIQ7|E8XIQ7_SALT4	GCF_023650495.1_WP_250655372.1	22.727	86	88	51	44	34	0	8	51	3	46	2.06e-06	47.1
tr|E8XIQ7|E8XIQ7_SALT4	GCF_003855395.1_WP_124730567.1	39.394	86	88	38	33	20	0	9	41	3	35	2.55e-06	46.8
tr|E8XIQ7|E8XIQ7_SALT4	GCF_003544915.1_WP_118918525.1	27.632	86	73	85	76	49	2	3	75	1	73	2.67e-06	46.5
tr|E8XIQ7|E8XIQ7_SALT4	GCF_000576555.1_WP_044000633.1	29.630	86	83	88	81	49	2	3	78	2	79	2.70e-06	46.8
tr|E8XIQ7|E8XIQ7_SALT4	GCF_902810445.1_WP_197744199.1	25.352	86	78	78	71	46	3	6	72	3	70	2.73e-06	46.5
tr|E8XIQ7|E8XIQ7_SALT4	GCF_022827545.1_WP_243798205.1	32.099	86	82	88	81	47	2	3	78	1	78	2.74e-06	46.8
tr|E8XIQ7|E8XIQ7_SALT4	GCF_000014705.1_WP_011637758.1	39.394	86	88	38	33	20	0	9	41	3	35	2.76e-06	46.8
tr|E8XIQ7|E8XIQ7_SALT4	GCF_000024005.1_WP_012793320.1	28.205	86	84	86	78	49	2	2	75	3	77	3.16e-06	46.5
tr|E8XIQ7|E8XIQ7_SALT4	GCF_005166025.1_WP_137090244.1	28.000	86	84	83	75	47	2	3	73	1	72	3.45e-06	46.5
tr|E8XIQ7|E8XIQ7_SALT4	GCF_002887615.1_WP_038869703.1	30.645	86	81	71	62	42	1	12	72	4	65	4.11e-06	46.2
tr|E8XIQ7|E8XIQ7_SALT4	GCF_027625995.1_WP_270126807.1	29.630	86	82	88	81	49	2	3	78	1	78	5.09e-06	46.0
tr|E8XIQ7|E8XIQ7_SALT4	GCF_009937995.1_WP_179954406.1	28.378	86	79	80	74	48	2	5	73	2	75	6.11e-06	45.7
tr|E8XIQ7|E8XIQ7_SALT4	GCF_013137895.1_WP_135435790.1	30.488	86	83	90	82	48	3	1	77	1	78	9.51e-06	45.4
tr|E8XIQ7|E8XIQ7_SALT4	GCF_001442805.1_WP_057942092.1	31.429	86	88	77	70	41	3	6	71	7	73	1.04e-05	45.4
tr|E8XIQ7|E8XIQ7_SALT4	GCF_010093065.1_WP_162331416.1	24.675	86	84	85	77	51	2	3	75	4	77	1.20e-05	45.1
tr|E8XIQ7|E8XIQ7_SALT4	GCF_011398355.1_WP_173270160.1	31.915	86	65	55	47	32	0	9	55	2	48	1.24e-05	44.8
tr|E8XIQ7|E8XIQ7_SALT4	GCF_008728635.1_WP_151087836.1	32.877	86	90	80	73	42	4	3	71	1	70	1.28e-05	45.1
tr|E8XIQ7|E8XIQ7_SALT4	GCF_013201935.1_WP_129014602.1	24.324	86	72	83	74	50	2	3	73	1	71	1.52e-05	44.6
tr|E8XIQ7|E8XIQ7_SALT4	GCF_009363415.1_WP_152430616.1	26.000	86	84	57	50	36	1	10	58	2	51	1.73e-05	44.8
tr|E8XIQ7|E8XIQ7_SALT4	GCF_003722295.1_WP_010573895.1	24.000	86	75	80	75	48	2	5	73	2	73	2.11e-05	44.3
tr|E8XIQ7|E8XIQ7_SALT4	GCF_012295615.1_WP_007018284.1	20.968	86	81	71	62	48	1	12	72	4	65	2.22e-05	44.3
tr|E8XIQ7|E8XIQ7_SALT4	GCF_013177675.1_WP_172128285.1	24.324	86	81	83	74	50	2	3	73	1	71	3.10e-05	44.0
tr|E8XIQ7|E8XIQ7_SALT4	GCF_013283835.1_WP_071625892.1	24.658	86	79	78	73	46	2	7	73	2	71	4.36e-05	43.7
tr|E8XIQ7|E8XIQ7_SALT4	GCF_016613475.2_WP_200606805.1	25.000	86	90	83	76	49	3	1	71	1	73	4.80e-05	43.7
tr|E8XIQ7|E8XIQ7_SALT4	GCF_001956695.1_WP_076086034.1	22.535	86	77	78	71	48	3	7	73	2	69	7.13e-05	43.2
tr|E8XIQ7|E8XIQ7_SALT4	GCF_013201665.1_WP_128358834.1	21.429	86	76	78	70	49	2	7	73	2	68	7.37e-05	42.9
tr|E8XIQ7|E8XIQ7_SALT4	GCF_008807855.1_WP_063240334.1	29.730	86	83	81	74	45	4	2	71	3	73	9.90e-05	42.9
tr|E8XIQ7|E8XIQ7_SALT4	GCF_021654855.1_WP_237262080.1	28.571	86	70	60	56	36	1	10	61	3	58	1.21e-04	42.3
tr|E8XIQ7|E8XIQ7_SALT4	GCF_003346775.1_WP_114843067.1	27.027	86	84	83	74	48	2	3	73	1	71	1.30e-04	42.6
tr|E8XIQ7|E8XIQ7_SALT4	GCF_013177635.1_WP_129095542.1	24.324	86	72	83	74	50	2	3	73	1	71	1.31e-04	42.3
tr|E8XIQ7|E8XIQ7_SALT4	GCF_001956695.1_WP_076086043.1	27.027	86	77	83	74	48	2	5	75	2	72	1.38e-04	42.3
tr|E8XIQ7|E8XIQ7_SALT4	GCF_020511155.1_WP_226415657.1	23.529	86	87	40	34	26	0	8	41	3	36	1.48e-04	42.3
tr|E8XIQ7|E8XIQ7_SALT4	GCF_004214795.1_WP_130234502.1	21.519	86	78	88	79	56	2	3	78	1	76	1.83e-04	42.0
tr|E8XIQ7|E8XIQ7_SALT4	GCF_000013765.1_WP_011496543.1	28.947	86	106	44	38	27	0	10	47	23	60	2.08e-04	42.3
tr|E8XIQ7|E8XIQ7_SALT4	GCF_000147355.1_WP_013326989.1	28.846	86	67	59	52	36	1	23	73	1	52	2.71e-04	41.5
tr|E8XIQ7|E8XIQ7_SALT4	GCF_000018285.1_WP_012155987.1	33.333	86	102	42	36	24	0	10	45	2	37	3.22e-04	41.7
tr|E8XIQ7|E8XIQ7_SALT4	GCF_000265505.1_WP_014796533.1	23.256	86	97	87	86	55	2	4	78	3	88	4.00e-04	41.5
tr|E8XIQ7|E8XIQ7_SALT4	GCF_001050135.1_WP_048644179.1	25.000	86	88	84	76	50	2	1	72	1	73	4.50e-04	41.2
tr|E8XIQ7|E8XIQ7_SALT4	GCF_019931735.1_WP_223417223.1	25.581	86	87	50	43	32	0	10	52	4	46	4.73e-04	41.2
tr|E8XIQ7|E8XIQ7_SALT4	GCF_013177635.1_WP_129095951.1	21.429	86	76	78	70	49	2	7	73	2	68	5.00e-04	40.9
tr|E8XIQ7|E8XIQ7_SALT4	GCF_002557795.1_WP_098194977.1	24.658	86	89	78	73	46	2	6	72	7	76	5.44e-04	40.9
tr|E8XIQ7|E8XIQ7_SALT4	GCF_013201665.1_WP_128359868.1	21.951	86	81	92	82	58	2	3	81	1	79	8.07e-04	40.3
tr|E8XIQ7|E8XIQ7_SALT4	GCF_000973725.1_WP_046311560.1	24.000	86	91	83	75	50	3	3	73	1	72	0.001	40.3
tr|E8XIQ7|E8XIQ7_SALT4	GCF_013201935.1_WP_128987185.1	20.000	86	76	78	70	50	2	7	73	2	68	0.001	40.1
tr|E8XIQ7|E8XIQ7_SALT4	GCF_011398355.1_WP_173270199.1	28.333	86	66	70	60	40	1	9	68	2	58	0.001	39.8
tr|E8XIQ7|E8XIQ7_SALT4	GCF_002356115.1_WP_096526481.1	19.718	86	78	78	71	50	2	5	71	2	69	0.001	39.8
tr|E8XIQ7|E8XIQ7_SALT4	GCF_000143085.1_WP_013221711.1	26.761	86	82	78	71	45	4	5	71	2	69	0.002	39.5
tr|E8XIQ7|E8XIQ7_SALT4	GCF_013177675.1_WP_172126669.1	27.143	86	77	78	70	45	3	7	73	2	68	0.002	39.2
tr|E8XIQ7|E8XIQ7_SALT4	GCF_003544815.1_WP_118886031.1	25.714	86	76	78	70	46	3	7	73	2	68	0.002	39.2
tr|E8XIQ7|E8XIQ7_SALT4	GCF_010119975.1_WP_162445115.1	27.778	86	365	79	72	44	2	4	71	8	75	0.003	41.2
tr|E8XIQ7|E8XIQ7_SALT4	GCF_000012805.1_WP_011330264.1	25.352	86	85	78	71	46	4	5	71	2	69	0.003	38.9
tr|E8XIQ7|E8XIQ7_SALT4	GCF_004798725.1_WP_010811758.1	24.324	86	83	81	74	49	2	2	71	3	73	0.004	38.7
tr|E8XIQ7|E8XIQ7_SALT4	GCF_003955735.1_WP_126127786.1	29.577	86	91	78	71	43	4	5	71	7	74	0.004	38.7
tr|E8XIQ7|E8XIQ7_SALT4	GCF_011398155.1_WP_173291533.1	20.000	86	71	74	65	48	2	10	73	3	64	0.005	38.4
tr|E8XIQ7|E8XIQ7_SALT4	GCF_000222485.1_WP_014022977.1	22.368	86	85	84	76	52	3	1	72	1	73	0.005	38.4
tr|E8XIQ7|E8XIQ7_SALT4	GCF_019891175.1_WP_225938383.1	26.316	86	93	84	76	48	4	1	72	7	78	0.005	38.7
tr|E8XIQ7|E8XIQ7_SALT4	GCF_000017845.1_WP_009544142.1	32.143	86	813	65	56	29	1	15	70	377	423	0.008	40.1
tr|E8XIQ7|E8XIQ7_SALT4	GCF_020091585.1_WP_224339804.1	25.000	86	82	79	72	47	3	5	72	2	70	0.010	37.5
# PSIBLAST 2.13.0+
# Iteration: 3
# Query: tr|E8XIQ7|E8XIQ7_SALT4 Rho-binding antiterminator OS=Salmonella typhimurium (strain 4/74) OX=909946 GN=rof PE=4 SV=1
# Database: db/chosen-bacteria_proteome_exDup
# Fields: query id, subject id, % identity, query length, subject length, % query coverage per subject, alignment length, mismatches, gap opens, q. start, q. end, s. start, s. end, evalue, bit score
# 459 hits found
tr|E8XIQ7|E8XIQ7_SALT4	GCF_001461805.1_WP_013367515.1	84.884	86	86	100	86	13	0	1	86	1	86	1.15e-43	141
tr|E8XIQ7|E8XIQ7_SALT4	GCF_001518835.1_WP_059308693.1	83.721	86	86	100	86	14	0	1	86	1	86	2.80e-43	141
tr|E8XIQ7|E8XIQ7_SALT4	GCF_009176645.1_WP_152083529.1	83.721	86	86	100	86	14	0	1	86	1	86	3.67e-43	140
tr|E8XIQ7|E8XIQ7_SALT4	GCF_020097475.1_WP_000062318.1	80.233	86	86	100	86	17	0	1	86	1	86	4.14e-43	140
tr|E8XIQ7|E8XIQ7_SALT4	GCF_001683395.1_WP_017458015.1	79.070	86	86	100	86	18	0	1	86	1	86	9.77e-43	139
tr|E8XIQ7|E8XIQ7_SALT4	GCF_007632255.1_WP_015368146.1	82.558	86	86	100	86	15	0	1	86	1	86	1.11e-42	139
tr|E8XIQ7|E8XIQ7_SALT4	GCF_001658025.2_WP_007373243.1	80.233	86	86	100	86	17	0	1	86	1	86	1.32e-42	139
tr|E8XIQ7|E8XIQ7_SALT4	GCF_009036245.1_WP_025756830.1	81.395	86	86	100	86	16	0	1	86	1	86	1.33e-42	139
tr|E8XIQ7|E8XIQ7_SALT4	GCF_003594935.2_WP_006173581.1	83.721	86	86	100	86	14	0	1	86	1	86	1.33e-42	139
tr|E8XIQ7|E8XIQ7_SALT4	GCF_000006925.2_NP_706134.1	81.395	86	86	100	86	16	0	1	86	1	86	1.77e-42	138
tr|E8XIQ7|E8XIQ7_SALT4	GCF_021172065.1_WP_015965827.1	81.395	86	86	100	86	16	0	1	86	1	86	2.05e-42	138
tr|E8XIQ7|E8XIQ7_SALT4	GCF_027886705.1_WP_061497537.1	79.070	86	86	100	86	18	0	1	86	1	86	2.40e-42	138
tr|E8XIQ7|E8XIQ7_SALT4	GCF_000224675.1_WP_010426685.1	82.558	86	86	100	86	15	0	1	86	1	86	2.46e-42	138
tr|E8XIQ7|E8XIQ7_SALT4	GCF_001022135.1_WP_039078449.1	81.395	86	86	100	86	16	0	1	86	1	86	2.48e-42	138
tr|E8XIQ7|E8XIQ7_SALT4	GCF_004684345.1_WP_135323069.1	88.372	86	86	100	86	10	0	1	86	1	86	2.88e-42	138
tr|E8XIQ7|E8XIQ7_SALT4	GCF_009363135.1_WP_090122691.1	79.070	86	86	100	86	18	0	1	86	1	86	4.02e-42	138
tr|E8XIQ7|E8XIQ7_SALT4	GCF_025914095.1_WP_031518416.1	79.070	86	86	100	86	18	0	1	86	1	86	4.25e-42	138
tr|E8XIQ7|E8XIQ7_SALT4	GCF_015137655.1_WP_028015593.1	81.395	86	86	100	86	16	0	1	86	1	86	5.61e-42	137
tr|E8XIQ7|E8XIQ7_SALT4	GCF_001729805.1_WP_008501890.1	80.233	86	86	100	86	17	0	1	86	1	86	6.22e-42	137
tr|E8XIQ7|E8XIQ7_SALT4	GCF_003261575.2_WP_110272453.1	80.233	86	86	100	86	17	0	1	86	1	86	7.07e-42	137
tr|E8XIQ7|E8XIQ7_SALT4	GCF_003812345.1_WP_003018503.1	86.047	86	86	100	86	12	0	1	86	1	86	7.24e-42	137
tr|E8XIQ7|E8XIQ7_SALT4	GCF_900638065.1_WP_048212636.1	87.209	86	86	100	86	11	0	1	86	1	86	8.28e-42	137
tr|E8XIQ7|E8XIQ7_SALT4	GCF_001750725.1_WP_014168720.1	82.558	86	86	100	86	15	0	1	86	1	86	8.76e-42	137
tr|E8XIQ7|E8XIQ7_SALT4	GCF_019048625.1_WP_023305471.1	81.395	86	86	100	86	16	0	1	86	1	86	8.83e-42	137
tr|E8XIQ7|E8XIQ7_SALT4	GCF_023195735.1_WP_035891978.1	79.070	86	86	100	86	18	0	1	86	1	86	8.90e-42	137
tr|E8XIQ7|E8XIQ7_SALT4	GCF_001277255.1_WP_007666633.1	76.744	86	86	100	86	20	0	1	86	1	86	8.90e-42	137
tr|E8XIQ7|E8XIQ7_SALT4	GCF_000240185.1_YP_005225236.1	81.395	86	86	100	86	16	0	1	86	1	86	1.04e-41	136
tr|E8XIQ7|E8XIQ7_SALT4	GCF_001558935.2_WP_042323659.1	84.884	86	86	100	86	13	0	1	86	1	86	1.05e-41	136
tr|E8XIQ7|E8XIQ7_SALT4	GCF_016904755.1_WP_059234959.1	81.176	86	86	99	85	16	0	1	85	1	85	1.06e-41	136
tr|E8XIQ7|E8XIQ7_SALT4	GCF_004353845.1_WP_103768334.1	84.884	86	86	100	86	13	0	1	86	1	86	1.08e-41	136
tr|E8XIQ7|E8XIQ7_SALT4	GCF_021278985.1_WP_012904575.1	84.884	86	86	100	86	13	0	1	86	1	86	1.09e-41	136
tr|E8XIQ7|E8XIQ7_SALT4	GCF_018139045.1_WP_004129134.1	80.233	86	86	100	86	17	0	1	86	1	86	1.09e-41	136
tr|E8XIQ7|E8XIQ7_SALT4	GCF_018128425.1_WP_042289833.1	84.884	86	86	100	86	13	0	1	86	1	86	1.62e-41	136
tr|E8XIQ7|E8XIQ7_SALT4	GCF_006711645.1_WP_100682484.1	82.558	86	86	100	86	15	0	1	86	1	86	1.75e-41	136
tr|E8XIQ7|E8XIQ7_SALT4	GCF_015139575.1_WP_004098776.1	81.395	86	86	100	86	16	0	1	86	1	86	1.76e-41	136
tr|E8XIQ7|E8XIQ7_SALT4	GCF_022637515.1_WP_064539750.1	73.256	86	86	100	86	23	0	1	86	1	86	1.81e-41	136
tr|E8XIQ7|E8XIQ7_SALT4	GCF_001277175.1_WP_007760020.1	75.581	86	86	100	86	21	0	1	86	1	86	1.82e-41	136
tr|E8XIQ7|E8XIQ7_SALT4	GCF_003812925.1_WP_004107903.1	80.233	86	86	100	86	17	0	1	86	1	86	1.95e-41	136
tr|E8XIQ7|E8XIQ7_SALT4	GCF_001277195.1_WP_032966924.1	76.744	86	86	100	86	20	0	1	86	1	86	2.24e-41	136
tr|E8XIQ7|E8XIQ7_SALT4	GCF_009649915.1_WP_062772223.1	77.907	86	86	100	86	19	0	1	86	1	86	2.60e-41	136
tr|E8XIQ7|E8XIQ7_SALT4	GCF_022637595.1_WP_004858152.1	82.558	86	86	100	86	15	0	1	86	1	86	2.86e-41	135
tr|E8XIQ7|E8XIQ7_SALT4	GCF_001277215.2_WP_007776988.1	75.581	86	86	100	86	21	0	1	86	1	86	2.93e-41	135
tr|E8XIQ7|E8XIQ7_SALT4	GCF_009648935.1_WP_047417117.1	84.884	86	86	100	86	13	0	1	86	1	86	3.36e-41	135
tr|E8XIQ7|E8XIQ7_SALT4	GCF_003935895.2_WP_110510858.1	82.353	86	86	99	85	15	0	1	85	1	85	3.60e-41	135
tr|E8XIQ7|E8XIQ7_SALT4	GCF_000439255.1_WP_000062328.1	95.349	86	86	100	86	4	0	1	86	1	86	4.72e-41	135
tr|E8XIQ7|E8XIQ7_SALT4	GCF_024224615.1_WP_125293588.1	80.000	86	86	99	85	17	0	1	85	1	85	5.20e-41	135
tr|E8XIQ7|E8XIQ7_SALT4	GCF_011068345.1_WP_002436992.1	78.824	86	86	99	85	18	0	1	85	1	85	6.04e-41	135
tr|E8XIQ7|E8XIQ7_SALT4	GCF_000834395.1_WP_042546713.1	73.256	86	86	100	86	23	0	1	86	1	86	6.29e-41	134
tr|E8XIQ7|E8XIQ7_SALT4	GCF_012029655.1_WP_041144145.1	81.395	86	86	100	86	16	0	1	86	1	86	9.58e-41	134
tr|E8XIQ7|E8XIQ7_SALT4	GCF_000018045.1_WP_024130681.1	83.721	86	86	100	86	14	0	1	86	1	86	1.03e-40	134
tr|E8XIQ7|E8XIQ7_SALT4	GCF_000006945.2_NP_459242.1	100.000	86	86	100	86	0	0	1	86	1	86	1.14e-40	134
tr|E8XIQ7|E8XIQ7_SALT4	GCF_004124235.1_WP_025377303.1	73.256	86	86	100	86	23	0	1	86	1	86	1.16e-40	134
tr|E8XIQ7|E8XIQ7_SALT4	GCF_002393445.1_WP_061273728.1	72.941	86	86	99	85	23	0	1	85	1	85	1.19e-40	134
tr|E8XIQ7|E8XIQ7_SALT4	GCF_002163605.1_WP_157665988.1	75.581	86	86	100	86	21	0	1	86	1	86	1.78e-40	133
tr|E8XIQ7|E8XIQ7_SALT4	GCF_025133195.1_WP_032910235.1	70.930	86	86	100	86	25	0	1	86	1	86	1.85e-40	133
tr|E8XIQ7|E8XIQ7_SALT4	GCF_000005845.2_NP_414731.2	80.952	86	84	98	84	16	0	3	86	1	84	1.86e-40	133
tr|E8XIQ7|E8XIQ7_SALT4	GCF_000222975.1_WP_002218374.1	73.256	86	86	100	86	23	0	1	86	1	86	1.99e-40	133
tr|E8XIQ7|E8XIQ7_SALT4	GCF_013234275.1_WP_172895488.1	73.256	86	86	100	86	23	0	1	86	1	86	2.12e-40	133
tr|E8XIQ7|E8XIQ7_SALT4	GCF_021276285.1_WP_095923198.1	73.810	86	86	98	84	22	0	1	84	1	84	2.30e-40	133
tr|E8XIQ7|E8XIQ7_SALT4	GCF_013282725.1_WP_032813813.1	73.256	86	86	100	86	23	0	1	86	1	86	2.35e-40	133
tr|E8XIQ7|E8XIQ7_SALT4	GCF_000834455.1_WP_032817050.1	73.256	86	86	100	86	23	0	1	86	1	86	3.44e-40	133
tr|E8XIQ7|E8XIQ7_SALT4	GCF_025758125.1_WP_023480196.1	77.907	86	86	100	86	19	0	1	86	1	86	3.47e-40	133
tr|E8XIQ7|E8XIQ7_SALT4	GCF_900635955.1_WP_126357486.1	72.941	86	86	99	85	23	0	1	85	1	85	4.14e-40	132
tr|E8XIQ7|E8XIQ7_SALT4	GCF_002953195.1_WP_038628016.1	72.093	86	87	100	86	24	0	1	86	1	86	4.94e-40	132
tr|E8XIQ7|E8XIQ7_SALT4	GCF_022637475.1_WP_013574214.1	72.619	86	86	98	84	23	0	1	84	1	84	6.01e-40	132
tr|E8XIQ7|E8XIQ7_SALT4	GCF_017498685.1_WP_038245151.1	73.256	86	86	100	86	23	0	1	86	1	86	7.10e-40	132
tr|E8XIQ7|E8XIQ7_SALT4	GCF_000517425.1_WP_025421126.1	61.905	86	86	98	84	32	0	1	84	1	84	1.02e-39	131
tr|E8XIQ7|E8XIQ7_SALT4	GCF_000010085.1_WP_011411656.1	60.714	86	86	98	84	33	0	1	84	1	84	1.02e-39	131
tr|E8XIQ7|E8XIQ7_SALT4	GCF_002101395.1_WP_085067900.1	67.442	86	87	100	86	28	0	1	86	1	86	1.03e-39	131
tr|E8XIQ7|E8XIQ7_SALT4	GCF_009730055.1_WP_032906500.1	73.256	86	86	100	86	23	0	1	86	1	86	1.19e-39	131
tr|E8XIQ7|E8XIQ7_SALT4	GCF_000233595.1_WP_013024706.1	70.588	86	86	99	85	25	0	1	85	1	85	1.23e-39	131
tr|E8XIQ7|E8XIQ7_SALT4	GCF_005484945.1_WP_137712817.1	63.953	86	86	100	86	31	0	1	86	1	86	2.18e-39	131
tr|E8XIQ7|E8XIQ7_SALT4	GCF_000520015.2_WP_024910172.1	67.442	86	87	100	86	28	0	1	86	1	86	2.64e-39	131
tr|E8XIQ7|E8XIQ7_SALT4	GCF_900095885.1_WP_035340381.1	66.279	86	86	100	86	29	0	1	86	1	86	2.99e-39	130
tr|E8XIQ7|E8XIQ7_SALT4	GCF_012427845.1_WP_012773648.1	67.442	86	86	100	86	28	0	1	86	1	86	3.24e-39	130
tr|E8XIQ7|E8XIQ7_SALT4	GCF_023517775.1_WP_249893541.1	68.605	86	87	100	86	27	0	1	86	1	86	3.63e-39	130
tr|E8XIQ7|E8XIQ7_SALT4	GCF_009914055.1_WP_160619715.1	68.605	86	87	100	86	27	0	1	86	1	86	3.69e-39	130
tr|E8XIQ7|E8XIQ7_SALT4	GCF_003019925.1_WP_162185254.1	77.381	86	86	98	84	19	0	1	84	1	84	4.08e-39	130
tr|E8XIQ7|E8XIQ7_SALT4	GCF_002288545.1_WP_029367608.1	67.442	86	86	100	86	28	0	1	86	1	86	5.14e-39	130
tr|E8XIQ7|E8XIQ7_SALT4	GCF_019797845.1_WP_222158377.1	63.953	86	86	100	86	31	0	1	86	1	86	5.35e-39	130
tr|E8XIQ7|E8XIQ7_SALT4	GCF_011044475.1_WP_033740322.1	71.765	86	86	99	85	24	0	1	85	1	85	5.65e-39	130
tr|E8XIQ7|E8XIQ7_SALT4	GCF_016026735.1_WP_015673540.1	66.279	86	87	100	86	29	0	1	86	1	86	6.33e-39	129
tr|E8XIQ7|E8XIQ7_SALT4	GCF_000262305.1_WP_002441069.1	70.930	86	86	100	86	25	0	1	86	1	86	7.89e-39	129
tr|E8XIQ7|E8XIQ7_SALT4	GCF_001642805.2_WP_004931991.1	68.605	86	87	100	86	27	0	1	86	1	86	8.30e-39	129
tr|E8XIQ7|E8XIQ7_SALT4	GCF_021462285.1_WP_234585968.1	68.605	86	87	100	86	27	0	1	86	1	86	8.63e-39	129
tr|E8XIQ7|E8XIQ7_SALT4	GCF_017569925.1_WP_208228065.1	66.279	86	86	100	86	29	0	1	86	1	86	8.75e-39	129
tr|E8XIQ7|E8XIQ7_SALT4	GCF_009817885.1_WP_105232289.1	68.605	86	87	100	86	27	0	1	86	1	86	1.00e-38	129
tr|E8XIQ7|E8XIQ7_SALT4	GCF_000023545.1_WP_015854637.1	65.116	86	86	100	86	30	0	1	86	1	86	1.04e-38	129
tr|E8XIQ7|E8XIQ7_SALT4	GCF_020079945.1_WP_039382769.1	68.235	86	87	99	85	27	0	1	85	1	85	1.04e-38	129
tr|E8XIQ7|E8XIQ7_SALT4	GCF_009873295.1_WP_039312412.1	67.442	86	86	100	86	28	0	1	86	1	86	1.20e-38	129
tr|E8XIQ7|E8XIQ7_SALT4	GCF_003515985.1_WP_085653101.1	63.529	86	86	99	85	31	0	1	85	1	85	1.21e-38	129
tr|E8XIQ7|E8XIQ7_SALT4	GCF_000025065.1_WP_012883679.1	63.529	86	86	99	85	31	0	1	85	1	85	1.32e-38	129
tr|E8XIQ7|E8XIQ7_SALT4	GCF_015999465.1_WP_085688159.1	62.353	86	86	99	85	32	0	1	85	1	85	1.38e-38	129
tr|E8XIQ7|E8XIQ7_SALT4	GCF_900187015.1_WP_061796701.1	68.605	86	87	100	86	27	0	1	86	1	86	1.46e-38	129
tr|E8XIQ7|E8XIQ7_SALT4	GCF_020181655.1_WP_225087160.1	66.279	86	86	100	86	29	0	1	86	1	86	1.86e-38	128
tr|E8XIQ7|E8XIQ7_SALT4	GCF_002291445.1_WP_048635886.1	66.279	86	86	100	86	29	0	1	86	1	86	2.02e-38	128
tr|E8XIQ7|E8XIQ7_SALT4	GCF_000023565.1_WP_012770818.1	62.353	86	86	99	85	32	0	1	85	1	85	2.52e-38	128
tr|E8XIQ7|E8XIQ7_SALT4	GCF_007858975.2_WP_042869176.1	64.706	86	86	99	85	30	0	1	85	1	85	2.58e-38	128
tr|E8XIQ7|E8XIQ7_SALT4	GCF_000740965.1_WP_011092648.1	66.279	86	86	100	86	29	0	1	86	1	86	2.79e-38	128
tr|E8XIQ7|E8XIQ7_SALT4	GCF_009931295.1_WP_161528353.1	67.442	86	86	100	86	28	0	1	86	1	86	3.41e-38	128
tr|E8XIQ7|E8XIQ7_SALT4	GCF_019890955.1_WP_211725887.1	68.235	86	87	99	85	27	0	1	85	1	85	3.82e-38	127
tr|E8XIQ7|E8XIQ7_SALT4	GCF_001742185.1_WP_005975933.1	66.279	86	86	100	86	29	0	1	86	1	86	6.38e-38	127
tr|E8XIQ7|E8XIQ7_SALT4	GCF_000196615.1_WP_013200864.1	66.279	86	87	100	86	29	0	1	86	1	86	6.87e-38	127
tr|E8XIQ7|E8XIQ7_SALT4	GCF_005484965.1_WP_009114129.1	66.279	86	86	100	86	29	0	1	86	1	86	7.25e-38	127
tr|E8XIQ7|E8XIQ7_SALT4	GCF_000264765.2_WP_034163237.1	65.116	86	86	100	86	30	0	1	86	1	86	7.25e-38	127
tr|E8XIQ7|E8XIQ7_SALT4	GCF_022647505.1_WP_128179458.1	66.279	86	87	100	86	29	0	1	86	1	86	7.56e-38	127
tr|E8XIQ7|E8XIQ7_SALT4	GCF_011617105.1_WP_025800203.1	75.581	86	86	100	86	21	0	1	86	1	86	8.10e-38	127
tr|E8XIQ7|E8XIQ7_SALT4	GCF_002812485.1_WP_038661467.1	65.882	86	86	99	85	29	0	1	85	1	85	8.17e-38	127
tr|E8XIQ7|E8XIQ7_SALT4	GCF_000147055.1_WP_022632468.1	64.706	86	86	99	85	30	0	1	85	1	85	1.74e-37	126
tr|E8XIQ7|E8XIQ7_SALT4	GCF_004792415.1_WP_013356856.1	66.667	86	86	98	84	28	0	1	84	1	84	1.99e-37	126
tr|E8XIQ7|E8XIQ7_SALT4	GCF_003992745.1_WP_014700896.1	65.116	86	86	100	86	30	0	1	86	1	86	1.99e-37	126
tr|E8XIQ7|E8XIQ7_SALT4	GCF_001010285.1_WP_046974061.1	66.279	86	88	100	86	29	0	1	86	1	86	2.75e-37	125
tr|E8XIQ7|E8XIQ7_SALT4	GCF_020150375.1_WP_004094310.1	75.581	86	86	100	86	21	0	1	86	1	86	2.94e-37	125
tr|E8XIQ7|E8XIQ7_SALT4	GCF_017348915.1_WP_040077077.1	83.721	86	86	100	86	14	0	1	86	1	86	3.79e-37	125
tr|E8XIQ7|E8XIQ7_SALT4	GCF_019047765.1_WP_040230035.1	88.372	86	86	100	86	10	0	1	86	1	86	4.33e-37	125
tr|E8XIQ7|E8XIQ7_SALT4	GCF_003403135.1_WP_024104894.1	63.529	86	86	99	85	31	0	1	85	1	85	4.33e-37	125
tr|E8XIQ7|E8XIQ7_SALT4	GCF_000026185.1_WP_012440659.1	68.235	86	87	99	85	27	0	1	85	1	85	5.65e-37	125
tr|E8XIQ7|E8XIQ7_SALT4	GCF_002291425.1_WP_095847471.1	67.442	86	87	100	86	28	0	1	86	1	86	6.67e-37	124
tr|E8XIQ7|E8XIQ7_SALT4	GCF_021733145.1_WP_012847629.1	64.286	86	86	98	84	30	0	1	84	1	84	6.98e-37	124
tr|E8XIQ7|E8XIQ7_SALT4	GCF_902387845.1_WP_004237241.1	62.791	86	88	100	86	32	0	1	86	1	86	1.12e-36	124
tr|E8XIQ7|E8XIQ7_SALT4	GCF_019090985.1_WP_036781226.1	60.465	86	88	100	86	34	0	1	86	1	86	1.58e-36	123
tr|E8XIQ7|E8XIQ7_SALT4	GCF_000196475.1_WP_012776850.1	60.465	86	88	100	86	34	0	1	86	1	86	1.74e-36	123
tr|E8XIQ7|E8XIQ7_SALT4	GCF_019048385.1_WP_062759648.1	65.476	86	86	98	84	29	0	1	84	1	84	1.96e-36	123
tr|E8XIQ7|E8XIQ7_SALT4	GCF_009646115.1_WP_008925644.1	66.667	86	86	98	84	28	0	1	84	1	84	2.04e-36	123
tr|E8XIQ7|E8XIQ7_SALT4	GCF_020683125.1_WP_133842177.1	64.368	86	88	100	87	30	1	1	86	1	87	2.75e-36	123
tr|E8XIQ7|E8XIQ7_SALT4	GCF_000196155.1_WP_011145066.1	61.628	86	88	100	86	33	0	1	86	1	86	4.43e-36	122
tr|E8XIQ7|E8XIQ7_SALT4	GCF_019844095.1_WP_062747070.1	65.517	86	88	100	87	29	1	1	86	1	87	6.34e-36	122
tr|E8XIQ7|E8XIQ7_SALT4	GCF_020541225.1_WP_226811316.1	57.143	86	86	98	84	36	0	1	84	1	84	8.14e-36	122
tr|E8XIQ7|E8XIQ7_SALT4	GCF_000091565.1_WP_004159420.1	64.706	86	87	99	85	30	0	1	85	1	85	1.08e-35	121
tr|E8XIQ7|E8XIQ7_SALT4	GCF_025946765.1_WP_264497926.1	62.353	86	86	99	85	32	0	1	85	1	85	1.41e-35	121
tr|E8XIQ7|E8XIQ7_SALT4	GCF_022592395.1_WP_047255099.1	53.488	86	87	100	86	40	0	1	86	1	86	1.42e-35	121
tr|E8XIQ7|E8XIQ7_SALT4	GCF_022647325.1_WP_111140597.1	63.095	86	86	98	84	31	0	1	84	1	84	1.54e-35	121
tr|E8XIQ7|E8XIQ7_SALT4	GCF_003204135.1_WP_004908806.1	58.140	86	87	100	86	36	0	1	86	1	86	1.65e-35	121
tr|E8XIQ7|E8XIQ7_SALT4	GCF_020342335.1_WP_067428135.1	64.706	86	87	99	85	30	0	1	85	1	85	2.05e-35	121
tr|E8XIQ7|E8XIQ7_SALT4	GCF_020268605.1_WP_180560445.1	58.140	86	88	100	86	36	0	1	86	1	86	2.63e-35	120
tr|E8XIQ7|E8XIQ7_SALT4	GCF_900638135.1_WP_012146468.1	61.628	86	87	100	86	33	0	1	86	1	86	2.73e-35	120
tr|E8XIQ7|E8XIQ7_SALT4	GCF_004768525.1_WP_026822068.1	56.977	86	88	100	86	37	0	1	86	1	86	3.18e-35	120
tr|E8XIQ7|E8XIQ7_SALT4	GCF_900475855.1_WP_068441311.1	55.814	86	87	100	86	38	0	1	86	1	86	3.20e-35	120
tr|E8XIQ7|E8XIQ7_SALT4	GCF_000261045.2_WP_006318653.1	62.791	86	87	100	86	32	0	1	86	1	86	4.13e-35	120
tr|E8XIQ7|E8XIQ7_SALT4	GCF_002843235.3_WP_102139922.1	56.977	86	87	100	86	37	0	1	86	1	86	4.16e-35	120
tr|E8XIQ7|E8XIQ7_SALT4	GCF_009831665.3_WP_006709226.1	59.302	86	87	100	86	35	0	1	86	1	86	4.88e-35	120
tr|E8XIQ7|E8XIQ7_SALT4	GCF_002393505.1_WP_006658392.1	55.814	86	87	100	86	38	0	1	86	1	86	5.49e-35	120
tr|E8XIQ7|E8XIQ7_SALT4	GCF_029277985.1_WP_154623766.1	56.977	86	87	100	86	37	0	1	86	1	86	5.67e-35	120
tr|E8XIQ7|E8XIQ7_SALT4	GCF_011045835.1_WP_075671674.1	57.831	86	86	97	83	35	0	1	83	1	83	6.85e-35	119
tr|E8XIQ7|E8XIQ7_SALT4	GCF_017743015.1_WP_209027287.1	62.791	86	88	100	86	32	0	1	86	1	86	7.39e-35	119
tr|E8XIQ7|E8XIQ7_SALT4	GCF_021365465.1_WP_016190321.1	63.953	86	87	100	86	31	0	1	86	1	86	8.92e-35	119
tr|E8XIQ7|E8XIQ7_SALT4	GCF_000968195.1_WP_045972480.1	60.920	86	87	100	87	33	1	1	86	1	87	9.28e-35	119
tr|E8XIQ7|E8XIQ7_SALT4	GCF_000069965.1_WP_004245453.1	55.422	86	86	97	83	37	0	1	83	1	83	1.00e-34	119
tr|E8XIQ7|E8XIQ7_SALT4	GCF_000517405.1_WP_038469034.1	58.750	86	83	93	80	33	0	5	84	2	81	1.09e-34	119
tr|E8XIQ7|E8XIQ7_SALT4	GCF_002504285.1_WP_005282992.1	62.791	86	86	100	86	32	0	1	86	1	86	1.48e-34	118
tr|E8XIQ7|E8XIQ7_SALT4	GCF_022369495.1_WP_072064250.1	56.627	86	86	97	83	36	0	1	83	1	83	1.53e-34	118
tr|E8XIQ7|E8XIQ7_SALT4	GCF_013460135.1_WP_180816665.1	58.140	86	88	100	86	36	0	1	86	1	86	1.64e-34	118
tr|E8XIQ7|E8XIQ7_SALT4	GCF_000214235.1_WP_004952197.1	63.095	86	85	98	84	31	0	3	86	1	84	3.12e-34	118
tr|E8XIQ7|E8XIQ7_SALT4	GCF_001721185.1_WP_069317984.1	59.302	86	87	100	86	35	0	1	86	1	86	4.62e-34	117
tr|E8XIQ7|E8XIQ7_SALT4	GCF_002952315.1_WP_012667243.1	61.176	86	87	99	85	33	0	1	85	1	85	5.42e-34	117
tr|E8XIQ7|E8XIQ7_SALT4	GCF_001006005.1_WP_223499701.1	60.714	86	85	98	84	33	0	3	86	1	84	5.84e-34	117
tr|E8XIQ7|E8XIQ7_SALT4	GCF_016026395.1_WP_024524235.1	59.302	86	86	100	86	35	0	1	86	1	86	8.24e-34	116
tr|E8XIQ7|E8XIQ7_SALT4	GCF_008364325.2_WP_230090436.1	61.905	86	85	98	84	32	0	3	86	1	84	1.14e-33	116
tr|E8XIQ7|E8XIQ7_SALT4	GCF_000968175.1_WP_045959360.1	62.069	86	88	100	87	32	1	1	86	1	87	1.53e-33	116
tr|E8XIQ7|E8XIQ7_SALT4	GCF_004116975.1_WP_064720954.1	57.831	86	86	97	83	35	0	1	83	1	83	2.24e-33	115
tr|E8XIQ7|E8XIQ7_SALT4	GCF_014295015.1_WP_013185414.1	59.770	86	87	100	87	34	1	1	86	1	87	3.45e-33	115
tr|E8XIQ7|E8XIQ7_SALT4	GCF_900478135.1_WP_111739359.1	62.353	86	88	98	85	31	1	1	84	1	85	5.11e-33	114
tr|E8XIQ7|E8XIQ7_SALT4	GCF_003074995.2_WP_015870269.1	59.036	86	86	97	83	34	0	1	83	1	83	7.81e-33	114
tr|E8XIQ7|E8XIQ7_SALT4	GCF_004295645.1_WP_228350951.1	64.706	86	88	98	85	29	1	1	84	1	85	1.04e-32	114
tr|E8XIQ7|E8XIQ7_SALT4	GCF_003096015.2_WP_230514010.1	63.529	86	88	98	85	30	1	1	84	1	85	2.20e-32	113
tr|E8XIQ7|E8XIQ7_SALT4	GCF_005671395.1_WP_138095872.1	65.385	86	86	91	78	27	0	1	78	1	78	3.19e-32	112
tr|E8XIQ7|E8XIQ7_SALT4	GCF_900638655.1_WP_047781753.1	64.706	86	88	98	85	29	1	1	84	1	85	4.92e-32	112
tr|E8XIQ7|E8XIQ7_SALT4	GCF_003812345.1_WP_121571778.1	33.333	86	94	100	87	57	1	1	86	1	87	8.12e-31	109
tr|E8XIQ7|E8XIQ7_SALT4	GCF_004353845.1_WP_103770713.1	35.632	86	93	100	87	55	1	1	86	1	87	1.33e-30	108
tr|E8XIQ7|E8XIQ7_SALT4	GCF_008693605.1_WP_223849061.1	32.558	86	95	99	86	57	1	1	85	2	87	2.18e-30	108
tr|E8XIQ7|E8XIQ7_SALT4	GCF_013200955.2_WP_173204463.1	35.802	86	91	93	81	51	1	3	82	1	81	2.32e-30	108
tr|E8XIQ7|E8XIQ7_SALT4	GCF_002355475.1_WP_004421315.1	37.037	86	91	93	81	50	1	3	82	1	81	3.06e-30	107
tr|E8XIQ7|E8XIQ7_SALT4	GCF_001597285.1_WP_061903727.1	35.897	86	92	90	78	49	1	6	82	3	80	1.09e-29	106
tr|E8XIQ7|E8XIQ7_SALT4	GCF_008693645.1_WP_137347870.1	32.184	86	89	100	87	58	1	1	86	1	87	1.25e-29	106
tr|E8XIQ7|E8XIQ7_SALT4	GCF_000733715.2_WP_017362912.1	32.911	86	90	91	79	52	1	5	82	2	80	2.92e-29	105
tr|E8XIQ7|E8XIQ7_SALT4	GCF_024205225.1_WP_195881696.1	31.646	86	90	91	79	53	1	5	82	2	80	7.81e-29	104
tr|E8XIQ7|E8XIQ7_SALT4	GCF_000297075.2_WP_003461742.1	32.911	86	90	91	79	52	1	5	82	2	80	8.52e-29	104
tr|E8XIQ7|E8XIQ7_SALT4	GCF_013409125.2_WP_099525265.1	32.911	86	90	91	79	52	1	5	82	2	80	1.01e-28	103
tr|E8XIQ7|E8XIQ7_SALT4	GCF_008807375.1_WP_151138908.1	34.568	86	91	93	81	52	1	3	82	1	81	1.56e-28	103
tr|E8XIQ7|E8XIQ7_SALT4	GCF_021029445.1_WP_230924827.1	32.051	86	89	91	78	53	0	5	82	2	79	2.37e-28	103
tr|E8XIQ7|E8XIQ7_SALT4	GCF_017167985.1_WP_079784061.1	34.177	86	90	91	79	51	1	5	82	2	80	7.11e-28	101
tr|E8XIQ7|E8XIQ7_SALT4	GCF_004684345.1_WP_135321947.1	34.568	86	93	93	81	52	1	1	80	1	81	1.00e-27	101
tr|E8XIQ7|E8XIQ7_SALT4	GCF_001594225.2_WP_064379396.1	37.209	86	92	94	86	49	2	5	85	2	87	1.33e-27	101
tr|E8XIQ7|E8XIQ7_SALT4	GCF_900682675.2_WP_069898892.1	39.744	86	94	90	78	46	1	6	82	3	80	1.55e-27	101
tr|E8XIQ7|E8XIQ7_SALT4	GCF_019047765.1_WP_040231149.1	30.233	86	89	99	86	59	1	1	85	1	86	1.87e-27	100
tr|E8XIQ7|E8XIQ7_SALT4	GCF_001708425.1_WP_055136127.1	35.294	86	94	93	85	50	2	5	84	2	86	2.27e-27	100
tr|E8XIQ7|E8XIQ7_SALT4	GCF_017167985.1_WP_093053415.1	30.380	86	92	91	79	54	1	5	82	2	80	3.70e-27	100
tr|E8XIQ7|E8XIQ7_SALT4	GCF_013423785.1_WP_180308358.1	39.773	86	88	98	88	49	1	1	84	1	88	4.84e-27	99.8
tr|E8XIQ7|E8XIQ7_SALT4	GCF_017915135.1_WP_210390879.1	32.911	86	90	91	79	52	1	5	82	2	80	7.47e-27	99.2
tr|E8XIQ7|E8XIQ7_SALT4	GCF_011397855.1_WP_044414183.1	36.709	86	90	91	79	49	1	5	82	2	80	1.07e-26	98.9
tr|E8XIQ7|E8XIQ7_SALT4	GCF_003957745.1_WP_126168493.1	32.558	86	87	94	86	53	2	5	85	2	87	1.17e-26	98.7
tr|E8XIQ7|E8XIQ7_SALT4	GCF_020991025.1_WP_152109250.1	44.872	86	83	90	78	42	1	3	79	1	78	1.18e-26	98.7
tr|E8XIQ7|E8XIQ7_SALT4	GCF_017329545.1_WP_047884589.1	29.630	86	95	93	81	56	1	3	82	1	81	1.20e-26	98.9
tr|E8XIQ7|E8XIQ7_SALT4	GCF_012767755.2_WP_173176508.1	30.380	86	91	91	79	51	2	5	82	2	77	6.00e-26	97.0
tr|E8XIQ7|E8XIQ7_SALT4	GCF_016834455.1_WP_203325205.1	35.443	86	86	91	79	50	1	5	82	2	80	6.13e-26	97.0
tr|E8XIQ7|E8XIQ7_SALT4	GCF_025402875.1_WP_011791024.1	30.588	86	90	93	85	54	2	6	85	3	87	7.24e-26	96.7
tr|E8XIQ7|E8XIQ7_SALT4	GCF_000178875.2_WP_012197738.1	31.765	86	90	93	85	53	2	6	85	3	87	8.70e-26	96.7
tr|E8XIQ7|E8XIQ7_SALT4	GCF_000015245.1_WP_011761423.1	35.714	86	86	92	84	49	2	5	83	2	85	1.01e-25	96.4
tr|E8XIQ7|E8XIQ7_SALT4	GCF_002355475.1_WP_003455993.1	32.468	86	90	88	77	51	1	7	82	2	78	1.12e-25	96.4
tr|E8XIQ7|E8XIQ7_SALT4	GCF_008033135.1_WP_148717358.1	24.359	86	87	91	78	59	0	5	82	2	79	1.25e-25	96.1
tr|E8XIQ7|E8XIQ7_SALT4	GCF_019670705.1_WP_100146025.1	31.395	86	92	94	86	54	2	6	86	3	88	1.55e-25	95.8
tr|E8XIQ7|E8XIQ7_SALT4	GCF_017354925.1_WP_207321174.1	34.177	86	87	91	79	51	1	5	82	2	80	2.73e-25	95.3
tr|E8XIQ7|E8XIQ7_SALT4	GCF_009730655.1_WP_156020461.1	31.765	86	92	93	85	53	2	6	85	3	87	2.92e-25	95.3
tr|E8XIQ7|E8XIQ7_SALT4	GCF_012767755.2_WP_173171843.1	32.468	86	90	88	77	51	1	7	82	4	80	3.44e-25	95.0
tr|E8XIQ7|E8XIQ7_SALT4	GCF_017354965.1_WP_207380278.1	34.177	86	87	91	79	51	1	5	82	2	80	4.88e-25	94.7
tr|E8XIQ7|E8XIQ7_SALT4	GCF_024971755.1_WP_259474826.1	31.395	86	88	94	86	54	2	6	86	3	88	5.69e-25	94.4
tr|E8XIQ7|E8XIQ7_SALT4	GCF_008807375.1_WP_151133519.1	29.870	86	90	88	77	53	1	7	82	2	78	6.65e-25	94.4
tr|E8XIQ7|E8XIQ7_SALT4	GCF_002215585.1_WP_088903590.1	29.070	86	89	95	86	57	1	5	86	2	87	9.18e-25	93.9
tr|E8XIQ7|E8XIQ7_SALT4	GCF_014524625.1_WP_009050814.1	26.437	86	92	95	87	59	2	5	86	2	88	1.27e-24	93.6
tr|E8XIQ7|E8XIQ7_SALT4	GCF_024346675.1_WP_048897676.1	25.926	86	86	93	81	59	1	3	82	1	81	3.08e-24	92.5
tr|E8XIQ7|E8XIQ7_SALT4	GCF_000940995.1_WP_082060442.1	24.706	86	93	98	85	63	1	3	86	1	85	5.72e-23	89.4
tr|E8XIQ7|E8XIQ7_SALT4	GCF_000014885.1_WP_020912292.1	35.065	86	87	88	77	49	1	7	82	4	80	1.14e-22	88.5
tr|E8XIQ7|E8XIQ7_SALT4	GCF_029457395.1_WP_024766443.1	32.927	86	92	90	82	50	1	6	82	3	84	1.20e-22	88.5
tr|E8XIQ7|E8XIQ7_SALT4	GCF_003025345.2_WP_003155955.1	32.143	86	91	91	84	51	1	5	82	2	85	1.86e-22	88.0
tr|E8XIQ7|E8XIQ7_SALT4	GCF_012971725.1_WP_169940133.1	34.667	86	92	81	75	44	1	6	75	3	77	3.90e-22	87.4
tr|E8XIQ7|E8XIQ7_SALT4	GCF_001677435.1_WP_068615618.1	32.468	86	90	87	77	49	3	3	77	1	76	8.80e-22	86.3
tr|E8XIQ7|E8XIQ7_SALT4	GCF_002005305.1_WP_077753428.1	30.769	86	86	90	78	53	1	6	82	3	80	9.01e-22	86.3
tr|E8XIQ7|E8XIQ7_SALT4	GCF_004358345.1_WP_121852852.1	34.286	86	76	80	70	45	1	3	71	1	70	1.43e-21	85.4
tr|E8XIQ7|E8XIQ7_SALT4	GCF_006742785.1_WP_172630283.1	29.114	86	88	91	79	55	1	8	85	3	81	1.58e-21	85.7
tr|E8XIQ7|E8XIQ7_SALT4	GCF_000016065.1_WP_011864074.1	25.641	86	93	91	78	58	0	5	82	2	79	1.88e-21	85.4
tr|E8XIQ7|E8XIQ7_SALT4	GCF_000801295.1_WP_171816254.1	33.333	86	99	94	84	52	2	1	81	1	83	2.02e-21	85.7
tr|E8XIQ7|E8XIQ7_SALT4	GCF_020405345.1_WP_017780573.1	40.580	86	89	80	69	38	1	6	74	3	68	2.51e-21	85.1
tr|E8XIQ7|E8XIQ7_SALT4	GCF_000146165.2_WP_164925808.1	31.646	86	89	90	79	52	2	6	82	3	81	2.55e-21	85.1
tr|E8XIQ7|E8XIQ7_SALT4	GCF_016026875.1_WP_045525981.1	41.176	86	89	79	68	37	1	6	73	3	67	2.98e-21	84.9
tr|E8XIQ7|E8XIQ7_SALT4	GCF_001020955.1_WP_047250467.1	31.646	86	82	87	79	50	2	1	75	1	79	5.14e-21	84.3
tr|E8XIQ7|E8XIQ7_SALT4	GCF_009938225.1_WP_075649723.1	31.646	86	82	86	79	49	2	10	83	2	80	7.29e-21	83.7
tr|E8XIQ7|E8XIQ7_SALT4	GCF_000009145.1_WP_041356315.1	30.488	86	90	90	82	52	3	10	86	6	87	1.41e-20	83.2
tr|E8XIQ7|E8XIQ7_SALT4	GCF_014905115.1_WP_193151849.1	33.333	86	81	76	66	43	1	10	74	2	67	2.01e-20	82.6
tr|E8XIQ7|E8XIQ7_SALT4	GCF_028355655.1_WP_087756847.1	37.681	86	84	80	69	40	1	5	73	2	67	2.31e-20	82.6
tr|E8XIQ7|E8XIQ7_SALT4	GCF_024347355.1_WP_105024956.1	31.081	86	83	80	74	46	2	10	78	2	75	2.35e-20	82.6
tr|E8XIQ7|E8XIQ7_SALT4	GCF_020423125.1_WP_226170850.1	37.681	86	84	80	69	40	1	6	74	3	68	2.43e-20	82.6
tr|E8XIQ7|E8XIQ7_SALT4	GCF_003966655.1_WP_113527441.1	26.761	86	77	83	71	52	0	3	73	1	71	2.67e-20	82.3
tr|E8XIQ7|E8XIQ7_SALT4	GCF_000968535.2_WP_014147785.1	27.632	86	84	87	76	53	2	8	82	4	78	2.69e-20	82.3
tr|E8XIQ7|E8XIQ7_SALT4	GCF_024347475.1_WP_239840920.1	31.081	86	83	80	74	46	2	10	78	2	75	2.73e-20	82.3
tr|E8XIQ7|E8XIQ7_SALT4	GCF_020149575.1_WP_224431657.1	39.130	86	85	80	69	39	1	6	74	3	68	2.89e-20	82.3
tr|E8XIQ7|E8XIQ7_SALT4	GCF_013462805.1_WP_009566961.1	26.761	86	77	83	71	52	0	3	73	1	71	2.94e-20	82.3
tr|E8XIQ7|E8XIQ7_SALT4	GCF_900637545.1_WP_042651794.1	36.232	86	84	80	69	41	1	6	74	3	68	4.00e-20	82.1
tr|E8XIQ7|E8XIQ7_SALT4	GCF_003584645.1_WP_197716612.1	25.610	86	80	91	82	54	2	3	80	1	79	5.56e-20	81.5
tr|E8XIQ7|E8XIQ7_SALT4	GCF_001007935.1_WP_046849946.1	23.684	86	84	87	76	57	1	8	82	4	79	7.93e-20	81.2
tr|E8XIQ7|E8XIQ7_SALT4	GCF_001558255.2_WP_005504861.1	30.864	86	82	87	81	50	3	10	84	2	82	7.97e-20	81.2
tr|E8XIQ7|E8XIQ7_SALT4	GCF_008693705.1_WP_127008315.1	37.681	86	84	80	69	40	1	5	73	2	67	8.72e-20	81.2
tr|E8XIQ7|E8XIQ7_SALT4	GCF_003515105.1_WP_036973086.1	40.845	86	73	81	71	41	1	6	75	2	72	9.57e-20	80.9
tr|E8XIQ7|E8XIQ7_SALT4	GCF_022371215.1_WP_239718047.1	30.488	86	83	90	82	52	2	10	86	2	83	9.65e-20	80.9
tr|E8XIQ7|E8XIQ7_SALT4	GCF_004001245.1_WP_127478562.1	27.160	86	85	88	81	54	2	1	76	1	81	9.68e-20	80.9
tr|E8XIQ7|E8XIQ7_SALT4	GCF_006337165.1_WP_139515111.1	32.099	86	82	88	81	47	2	3	78	1	78	1.06e-19	80.9
tr|E8XIQ7|E8XIQ7_SALT4	GCF_019669905.1_WP_054759186.1	45.283	86	79	60	53	28	1	8	59	3	55	1.16e-19	80.6
tr|E8XIQ7|E8XIQ7_SALT4	GCF_002204915.1_WP_052690899.1	26.250	86	101	87	80	54	2	10	84	21	100	1.25e-19	81.2
tr|E8XIQ7|E8XIQ7_SALT4	GCF_009068765.1_WP_151900329.1	31.818	86	81	76	66	44	1	10	74	2	67	1.40e-19	80.6
tr|E8XIQ7|E8XIQ7_SALT4	GCF_008329985.2_WP_149283950.1	28.378	86	81	80	74	48	2	10	78	2	75	1.49e-19	80.4
tr|E8XIQ7|E8XIQ7_SALT4	GCF_009938185.1_WP_162048373.1	29.114	86	82	86	79	51	2	10	83	2	80	1.86e-19	80.4
tr|E8XIQ7|E8XIQ7_SALT4	GCF_016127195.1_WP_042032742.1	33.333	86	89	80	69	43	1	5	73	2	67	2.07e-19	80.4
tr|E8XIQ7|E8XIQ7_SALT4	GCF_003015165.1_WP_106887831.1	35.714	86	84	81	70	42	1	5	74	2	68	2.61e-19	79.8
tr|E8XIQ7|E8XIQ7_SALT4	GCF_001596155.1_WP_068342236.1	28.571	86	90	85	77	48	2	3	75	1	74	3.06e-19	79.8
tr|E8XIQ7|E8XIQ7_SALT4	GCF_002407485.1_WP_096780111.1	27.500	86	81	87	80	53	2	10	84	2	81	3.43e-19	79.5
tr|E8XIQ7|E8XIQ7_SALT4	GCF_009938205.1_WP_075706454.1	32.911	86	82	86	79	48	2	10	83	2	80	3.81e-19	79.5
tr|E8XIQ7|E8XIQ7_SALT4	GCF_008364325.2_WP_020826409.1	27.397	86	84	84	73	49	2	5	76	2	71	4.04e-19	79.5
tr|E8XIQ7|E8XIQ7_SALT4	GCF_016026615.1_WP_197928313.1	33.333	86	89	80	69	43	1	5	73	2	67	5.73e-19	79.2
tr|E8XIQ7|E8XIQ7_SALT4	GCF_019670125.1_WP_221076876.1	28.750	86	81	87	80	52	2	10	84	2	81	6.08e-19	79.0
tr|E8XIQ7|E8XIQ7_SALT4	GCF_014169735.1_WP_134997272.1	33.333	86	86	80	69	43	1	6	74	3	68	7.41e-19	78.7
tr|E8XIQ7|E8XIQ7_SALT4	GCF_009662475.1_WP_031573754.1	26.582	86	79	87	79	54	2	3	77	1	79	8.74e-19	78.4
tr|E8XIQ7|E8XIQ7_SALT4	GCF_013343005.1_WP_078482823.1	37.500	86	84	87	80	45	2	3	77	1	80	9.60e-19	78.4
tr|E8XIQ7|E8XIQ7_SALT4	GCF_000014765.1_WP_011633385.1	33.333	86	89	92	84	51	3	8	86	3	86	1.12e-18	78.4
tr|E8XIQ7|E8XIQ7_SALT4	GCF_000214665.1_WP_013819542.1	25.974	86	83	88	77	55	2	10	85	6	81	1.32e-18	78.1
tr|E8XIQ7|E8XIQ7_SALT4	GCF_000576555.1_WP_044000633.1	29.630	86	83	88	81	49	2	3	78	2	79	1.35e-18	78.1
tr|E8XIQ7|E8XIQ7_SALT4	GCF_027625995.1_WP_270126807.1	29.630	86	82	88	81	49	2	3	78	1	78	1.45e-18	78.1
tr|E8XIQ7|E8XIQ7_SALT4	GCF_003967195.1_WP_172597571.1	35.000	86	83	87	80	47	2	3	77	2	81	1.67e-18	77.8
tr|E8XIQ7|E8XIQ7_SALT4	GCF_024360925.2_WP_255188929.1	28.205	86	83	90	78	54	2	10	86	6	82	1.78e-18	77.8
tr|E8XIQ7|E8XIQ7_SALT4	GCF_001007875.1_WP_046858354.1	27.848	86	80	86	79	52	2	10	83	2	80	2.06e-18	77.6
tr|E8XIQ7|E8XIQ7_SALT4	GCF_005931095.1_WP_017839868.1	26.923	86	84	90	78	55	2	8	84	4	80	2.30e-18	77.6
tr|E8XIQ7|E8XIQ7_SALT4	GCF_024494545.1_WP_256384876.1	26.582	86	81	86	79	53	2	10	83	2	80	2.50e-18	77.3
tr|E8XIQ7|E8XIQ7_SALT4	GCF_004355185.1_WP_133271280.1	33.333	86	81	85	78	44	2	6	78	3	77	2.71e-18	77.3
tr|E8XIQ7|E8XIQ7_SALT4	GCF_002157225.2_WP_086934278.1	28.767	86	80	85	73	52	0	10	82	5	77	3.80e-18	77.0
tr|E8XIQ7|E8XIQ7_SALT4	GCF_019670105.1_WP_040307707.1	26.250	86	81	87	80	54	2	10	84	2	81	4.25e-18	76.7
tr|E8XIQ7|E8XIQ7_SALT4	GCF_024347035.1_WP_102941394.1	27.500	86	81	87	80	53	2	10	84	2	81	4.39e-18	76.7
tr|E8XIQ7|E8XIQ7_SALT4	GCF_001651805.1_WP_067384150.1	39.437	86	78	77	71	38	3	7	72	4	74	4.67e-18	76.7
tr|E8XIQ7|E8XIQ7_SALT4	GCF_014879975.1_WP_192888672.1	31.081	86	83	80	74	46	2	10	78	2	75	4.92e-18	76.7
tr|E8XIQ7|E8XIQ7_SALT4	GCF_024347635.1_WP_139683960.1	26.829	86	83	90	82	55	2	10	86	2	83	4.96e-18	76.7
tr|E8XIQ7|E8XIQ7_SALT4	GCF_003574965.1_WP_119445661.1	28.395	86	82	88	81	50	2	3	78	1	78	5.76e-18	76.4
tr|E8XIQ7|E8XIQ7_SALT4	GCF_000785705.2_WP_036272019.1	34.375	86	82	74	64	41	1	10	73	6	68	7.31e-18	76.1
tr|E8XIQ7|E8XIQ7_SALT4	GCF_001995825.2_WP_017057338.1	25.610	86	83	90	82	56	2	10	86	2	83	7.44e-18	76.1
tr|E8XIQ7|E8XIQ7_SALT4	GCF_003258315.1_WP_111337788.1	25.316	86	88	91	79	58	1	8	85	4	82	7.92e-18	76.1
tr|E8XIQ7|E8XIQ7_SALT4	GCF_013137895.1_WP_135435790.1	30.488	86	83	90	82	48	3	1	77	1	78	8.58e-18	76.1
tr|E8XIQ7|E8XIQ7_SALT4	GCF_024347455.1_WP_135458404.1	25.610	86	83	90	82	56	2	10	86	2	83	8.79e-18	76.1
tr|E8XIQ7|E8XIQ7_SALT4	GCF_000091465.1_WP_004733849.1	25.610	86	83	90	82	56	2	10	86	2	83	9.51e-18	75.9
tr|E8XIQ7|E8XIQ7_SALT4	GCF_020844025.1_WP_215848879.1	28.169	86	77	83	71	51	0	3	73	1	71	1.07e-17	75.6
tr|E8XIQ7|E8XIQ7_SALT4	GCF_022827545.1_WP_243798205.1	32.099	86	82	88	81	47	2	3	78	1	78	1.07e-17	75.9
tr|E8XIQ7|E8XIQ7_SALT4	GCF_024347675.1_WP_261835500.1	27.500	86	81	87	80	53	2	10	84	2	81	1.19e-17	75.6
tr|E8XIQ7|E8XIQ7_SALT4	GCF_000021985.1_WP_012639500.1	33.784	86	82	80	74	44	2	3	71	1	74	1.22e-17	75.6
tr|E8XIQ7|E8XIQ7_SALT4	GCF_024362845.1_WP_255230807.1	23.750	86	82	87	80	56	2	10	84	2	81	1.27e-17	75.6
tr|E8XIQ7|E8XIQ7_SALT4	GCF_013283835.1_WP_071626507.1	29.333	86	83	84	75	47	2	3	74	1	72	1.30e-17	75.6
tr|E8XIQ7|E8XIQ7_SALT4	GCF_001558415.2_WP_061055374.1	25.316	86	83	86	79	54	2	10	83	2	80	1.34e-17	75.6
tr|E8XIQ7|E8XIQ7_SALT4	GCF_001507645.1_WP_068195976.1	28.571	86	90	85	77	48	2	3	75	1	74	1.64e-17	75.6
tr|E8XIQ7|E8XIQ7_SALT4	GCF_003990335.1_WP_127025819.1	25.352	86	91	83	71	53	0	10	80	6	76	1.69e-17	75.6
tr|E8XIQ7|E8XIQ7_SALT4	GCF_002218045.2_WP_089137819.1	38.356	86	79	80	73	41	2	6	74	5	77	1.72e-17	75.3
tr|E8XIQ7|E8XIQ7_SALT4	GCF_024582835.1_WP_257083279.1	28.049	86	87	90	82	54	2	10	86	2	83	1.78e-17	75.3
tr|E8XIQ7|E8XIQ7_SALT4	GCF_024746855.1_WP_260492542.1	30.769	86	79	76	65	45	0	10	74	2	66	1.80e-17	75.0
tr|E8XIQ7|E8XIQ7_SALT4	GCF_007197555.1_WP_144048375.1	28.571	86	94	81	77	48	2	6	75	3	79	2.41e-17	75.0
tr|E8XIQ7|E8XIQ7_SALT4	GCF_003149515.1_WP_109656005.1	25.974	86	90	85	77	50	2	3	75	1	74	2.41e-17	75.0
tr|E8XIQ7|E8XIQ7_SALT4	GCF_002214395.1_WP_010453422.1	30.769	86	81	85	78	49	2	12	84	4	81	2.50e-17	74.7
tr|E8XIQ7|E8XIQ7_SALT4	GCF_024347595.1_WP_176681244.1	29.268	86	83	90	82	53	2	10	86	2	83	2.65e-17	74.7
tr|E8XIQ7|E8XIQ7_SALT4	GCF_022811645.1_WP_243511723.1	26.923	86	90	86	78	50	2	3	76	1	75	2.97e-17	74.7
tr|E8XIQ7|E8XIQ7_SALT4	GCF_009755585.1_WP_157030071.1	29.268	86	85	91	82	51	2	3	80	1	79	3.40e-17	74.5
tr|E8XIQ7|E8XIQ7_SALT4	GCF_000828615.1_WP_041064380.1	31.646	86	80	86	79	49	3	1	74	1	79	3.46e-17	74.5
tr|E8XIQ7|E8XIQ7_SALT4	GCF_019703835.1_WP_087020305.1	32.099	86	79	90	81	48	2	10	86	1	78	3.83e-17	74.2
tr|E8XIQ7|E8XIQ7_SALT4	GCF_002849875.1_WP_232379112.1	26.744	86	113	91	86	55	2	6	83	28	113	3.92e-17	75.0
tr|E8XIQ7|E8XIQ7_SALT4	GCF_009938015.1_WP_223264517.1	31.646	86	90	86	79	49	3	1	74	1	79	4.21e-17	74.5
tr|E8XIQ7|E8XIQ7_SALT4	GCF_010093065.1_WP_238430213.1	27.848	86	83	87	79	50	2	1	75	2	77	5.29e-17	73.9
tr|E8XIQ7|E8XIQ7_SALT4	GCF_019797925.1_WP_193521737.1	32.308	86	80	76	65	44	0	10	74	2	66	5.31e-17	73.9
tr|E8XIQ7|E8XIQ7_SALT4	GCF_000148645.1_WP_013347076.1	28.571	86	80	84	77	50	2	12	83	3	79	7.07e-17	73.6
tr|E8XIQ7|E8XIQ7_SALT4	GCF_002355415.1_WP_148665551.1	34.211	86	87	84	76	43	3	6	77	13	85	7.30e-17	73.6
tr|E8XIQ7|E8XIQ7_SALT4	GCF_002355735.1_WP_096359192.1	27.632	86	83	84	76	51	2	4	75	7	82	7.32e-17	73.6
tr|E8XIQ7|E8XIQ7_SALT4	GCF_003063625.1_WP_108601906.1	30.000	86	85	78	70	46	1	10	76	5	74	7.58e-17	73.6
tr|E8XIQ7|E8XIQ7_SALT4	GCF_000014785.1_WP_011630183.1	33.766	86	83	85	77	47	3	4	76	7	83	8.58e-17	73.6
tr|E8XIQ7|E8XIQ7_SALT4	GCF_024347655.1_WP_060467732.1	24.390	86	83	90	82	57	2	10	86	2	83	8.86e-17	73.3
tr|E8XIQ7|E8XIQ7_SALT4	GCF_002762215.1_WP_085750011.1	29.333	86	87	83	75	46	3	4	74	3	74	1.19e-16	73.3
tr|E8XIQ7|E8XIQ7_SALT4	GCF_024347495.1_WP_137371745.1	30.435	86	80	79	69	47	1	10	77	2	70	1.22e-16	73.1
tr|E8XIQ7|E8XIQ7_SALT4	GCF_000321415.2_WP_015260329.1	30.588	86	93	94	85	55	2	1	81	1	85	1.31e-16	73.3
tr|E8XIQ7|E8XIQ7_SALT4	GCF_002215215.1_WP_088918776.1	35.714	86	101	80	70	43	2	5	73	15	83	1.39e-16	73.3
tr|E8XIQ7|E8XIQ7_SALT4	GCF_000772105.1_WP_004748349.1	27.027	86	81	80	74	49	2	10	78	2	75	1.60e-16	72.8
tr|E8XIQ7|E8XIQ7_SALT4	GCF_015209785.1_WP_193988300.1	42.029	86	73	78	69	37	2	6	72	2	69	1.71e-16	72.5
tr|E8XIQ7|E8XIQ7_SALT4	GCF_003353065.1_WP_114983154.1	26.316	86	84	84	76	49	3	1	72	1	73	1.77e-16	72.8
tr|E8XIQ7|E8XIQ7_SALT4	GCF_900233005.1_WP_102521318.1	24.051	86	81	86	79	55	2	10	83	2	80	2.17e-16	72.5
tr|E8XIQ7|E8XIQ7_SALT4	GCF_019977755.1_WP_126608378.1	29.885	86	103	88	87	50	3	10	85	16	102	2.30e-16	72.8
tr|E8XIQ7|E8XIQ7_SALT4	GCF_024347195.1_WP_271272618.1	36.620	86	77	78	71	41	3	6	72	3	73	2.43e-16	72.2
tr|E8XIQ7|E8XIQ7_SALT4	GCF_002142475.1_WP_026148861.1	29.487	86	86	86	78	48	2	5	78	2	76	2.44e-16	72.5
tr|E8XIQ7|E8XIQ7_SALT4	GCF_001831495.1_WP_068547707.1	25.316	86	81	86	79	54	2	10	83	2	80	2.54e-16	72.2
tr|E8XIQ7|E8XIQ7_SALT4	GCF_001955715.1_WP_029708890.1	30.137	86	80	80	73	44	2	5	73	2	71	2.79e-16	72.2
tr|E8XIQ7|E8XIQ7_SALT4	GCF_003668795.1_WP_054981706.1	34.568	86	83	88	81	48	2	10	85	2	82	2.98e-16	72.2
tr|E8XIQ7|E8XIQ7_SALT4	GCF_013201725.1_WP_014475480.1	29.730	86	74	83	74	46	2	3	73	1	71	3.24e-16	71.9
tr|E8XIQ7|E8XIQ7_SALT4	GCF_008369605.1_WP_000253074.1	29.114	86	81	86	79	51	2	10	83	2	80	3.49e-16	71.9
tr|E8XIQ7|E8XIQ7_SALT4	GCF_000212735.1_WP_013764159.1	26.923	86	83	86	78	50	2	1	74	1	75	3.97e-16	71.9
tr|E8XIQ7|E8XIQ7_SALT4	GCF_023733635.1_WP_039959400.1	32.500	86	89	87	80	49	2	6	80	3	82	4.10e-16	71.9
tr|E8XIQ7|E8XIQ7_SALT4	GCF_002221525.1_WP_089349457.1	33.333	86	83	88	81	49	2	10	85	2	82	4.34e-16	71.6
tr|E8XIQ7|E8XIQ7_SALT4	GCF_001456255.1_WP_020335096.1	29.487	86	81	85	78	50	2	12	84	4	81	4.91e-16	71.6
tr|E8XIQ7|E8XIQ7_SALT4	GCF_000227685.2_WP_006746304.1	29.630	86	83	90	81	53	2	1	77	1	81	5.33e-16	71.4
tr|E8XIQ7|E8XIQ7_SALT4	GCF_000026085.1_WP_041454550.1	40.845	86	73	80	71	39	3	6	74	2	71	5.47e-16	71.4
tr|E8XIQ7|E8XIQ7_SALT4	GCF_003970675.1_WP_126615366.1	30.882	86	76	79	68	43	2	7	74	10	73	6.02e-16	71.1
tr|E8XIQ7|E8XIQ7_SALT4	GCF_008931805.1_WP_019441510.1	27.027	86	81	80	74	49	2	10	78	2	75	7.91e-16	71.1
tr|E8XIQ7|E8XIQ7_SALT4	GCF_004328865.1_WP_104643907.1	34.921	86	83	72	63	40	1	10	71	2	64	1.02e-15	70.8
tr|E8XIQ7|E8XIQ7_SALT4	GCF_018736065.1_WP_144074266.1	30.882	86	76	79	68	43	2	7	74	10	73	1.02e-15	70.5
tr|E8XIQ7|E8XIQ7_SALT4	GCF_002906475.1_WP_012130247.1	28.571	86	81	84	77	50	2	12	83	4	80	1.03e-15	70.8
tr|E8XIQ7|E8XIQ7_SALT4	GCF_000238395.3_WP_010553578.1	33.333	86	83	72	63	41	1	10	71	2	64	1.39e-15	70.5
tr|E8XIQ7|E8XIQ7_SALT4	GCF_004028275.1_WP_128384077.1	24.286	86	77	77	70	49	2	9	74	2	71	1.40e-15	70.2
tr|E8XIQ7|E8XIQ7_SALT4	GCF_000024005.1_WP_012793320.1	28.205	86	84	86	78	49	2	2	75	3	77	1.43e-15	70.5
tr|E8XIQ7|E8XIQ7_SALT4	GCF_005877035.1_WP_039486662.1	34.921	86	83	72	63	40	1	10	71	2	64	1.45e-15	70.2
tr|E8XIQ7|E8XIQ7_SALT4	GCF_003568825.1_WP_040644076.1	21.795	86	83	86	78	57	1	10	83	2	79	1.50e-15	70.2
tr|E8XIQ7|E8XIQ7_SALT4	GCF_013177675.1_WP_172128285.1	24.000	86	81	84	75	51	2	3	74	1	72	1.52e-15	70.2
tr|E8XIQ7|E8XIQ7_SALT4	GCF_002021755.1_WP_005434844.1	28.571	86	81	84	77	50	2	12	83	4	80	1.63e-15	70.2
tr|E8XIQ7|E8XIQ7_SALT4	GCF_008728635.1_WP_151087836.1	25.974	86	90	85	77	50	2	3	75	1	74	1.69e-15	70.2
tr|E8XIQ7|E8XIQ7_SALT4	GCF_000770115.1_WP_069687890.1	27.273	86	81	84	77	51	2	12	83	4	80	1.82e-15	70.0
tr|E8XIQ7|E8XIQ7_SALT4	GCF_000788395.1_WP_038641921.1	31.818	86	85	76	66	44	1	10	74	5	70	2.08e-15	70.0
tr|E8XIQ7|E8XIQ7_SALT4	GCF_001455205.1_WP_062560013.1	22.973	86	84	85	74	55	2	10	82	6	78	2.12e-15	70.0
tr|E8XIQ7|E8XIQ7_SALT4	GCF_004214795.1_WP_130234502.1	21.519	86	78	88	79	56	2	3	78	1	76	2.18e-15	70.0
tr|E8XIQ7|E8XIQ7_SALT4	GCF_013177635.1_WP_129095542.1	24.324	86	72	83	74	50	2	3	73	1	71	2.34e-15	69.7
tr|E8XIQ7|E8XIQ7_SALT4	GCF_000019525.1_WP_012323084.1	26.667	86	81	81	75	50	2	10	79	2	76	2.52e-15	69.7
tr|E8XIQ7|E8XIQ7_SALT4	GCF_002157895.1_WP_227874980.1	23.750	86	82	87	80	56	2	10	84	3	82	2.98e-15	69.7
tr|E8XIQ7|E8XIQ7_SALT4	GCF_003544915.1_WP_118918525.1	27.632	86	73	85	76	49	2	3	75	1	73	3.09e-15	69.4
tr|E8XIQ7|E8XIQ7_SALT4	GCF_019670485.1_WP_221071211.1	31.169	86	81	84	77	48	2	12	83	4	80	3.20e-15	69.4
tr|E8XIQ7|E8XIQ7_SALT4	GCF_003346815.1_WP_114840342.1	29.333	86	82	84	75	47	2	3	74	1	72	3.36e-15	69.4
tr|E8XIQ7|E8XIQ7_SALT4	GCF_000024825.1_WP_005460845.1	28.205	86	81	85	78	51	2	12	84	4	81	3.63e-15	69.4
tr|E8XIQ7|E8XIQ7_SALT4	GCF_008632455.1_WP_150048082.1	24.000	86	84	86	75	55	2	9	82	5	78	4.04e-15	69.1
tr|E8XIQ7|E8XIQ7_SALT4	GCF_013201935.1_WP_129014602.1	24.324	86	72	83	74	50	2	3	73	1	71	4.48e-15	68.8
tr|E8XIQ7|E8XIQ7_SALT4	GCF_010093065.1_WP_162331416.1	24.675	86	84	85	77	51	2	3	75	4	77	5.25e-15	68.8
tr|E8XIQ7|E8XIQ7_SALT4	GCF_024347215.1_WP_261843265.1	36.620	86	77	78	71	41	3	6	72	3	73	5.88e-15	68.8
tr|E8XIQ7|E8XIQ7_SALT4	GCF_001999225.1_WP_077537996.1	28.571	86	82	72	63	44	1	10	71	2	64	6.81e-15	68.5
tr|E8XIQ7|E8XIQ7_SALT4	GCF_024347275.1_WP_019620968.1	29.870	86	82	84	77	49	3	6	77	3	79	8.85e-15	68.3
tr|E8XIQ7|E8XIQ7_SALT4	GCF_001431725.1_WP_021820278.1	20.000	86	81	87	80	59	2	10	84	2	81	1.27e-14	68.0
tr|E8XIQ7|E8XIQ7_SALT4	GCF_024347255.1_WP_091360415.1	33.333	86	79	78	72	43	2	6	72	3	74	1.39e-14	67.7
tr|E8XIQ7|E8XIQ7_SALT4	GCF_000092245.1_WP_013136435.1	30.986	86	76	79	71	43	2	7	74	2	69	1.66e-14	67.4
tr|E8XIQ7|E8XIQ7_SALT4	GCF_002887615.1_WP_038869703.1	27.273	86	81	84	77	51	2	12	83	4	80	2.71e-14	67.1
tr|E8XIQ7|E8XIQ7_SALT4	GCF_005166025.1_WP_137090244.1	27.632	86	84	84	76	48	2	3	74	1	73	2.82e-14	67.1
tr|E8XIQ7|E8XIQ7_SALT4	GCF_902810445.1_WP_197744199.1	24.658	86	78	80	73	48	3	6	74	3	72	3.07e-14	66.9
tr|E8XIQ7|E8XIQ7_SALT4	GCF_006364355.1_WP_004727652.1	20.732	86	83	90	82	60	2	10	86	2	83	3.23e-14	66.9
tr|E8XIQ7|E8XIQ7_SALT4	GCF_008122265.1_WP_148863603.1	23.944	86	84	78	71	47	2	5	71	2	69	4.92e-14	66.6
tr|E8XIQ7|E8XIQ7_SALT4	GCF_017638925.1_WP_208844867.1	25.000	86	81	84	76	53	1	10	81	2	77	5.44e-14	66.3
tr|E8XIQ7|E8XIQ7_SALT4	GCF_003346775.1_WP_114843067.1	25.974	86	84	86	77	51	2	3	76	1	74	5.73e-14	66.3
tr|E8XIQ7|E8XIQ7_SALT4	GCF_016613475.2_WP_200606805.1	22.785	86	90	86	79	53	3	1	74	1	76	6.19e-14	66.3
tr|E8XIQ7|E8XIQ7_SALT4	GCF_001956695.1_WP_076086034.1	22.222	86	77	79	72	49	3	7	74	2	70	7.52e-14	66.0
tr|E8XIQ7|E8XIQ7_SALT4	GCF_013283835.1_WP_071625892.1	24.324	86	79	79	74	47	2	7	74	2	72	1.31e-13	65.2
tr|E8XIQ7|E8XIQ7_SALT4	GCF_026427595.1_WP_251812951.1	27.500	86	88	87	80	53	3	12	86	7	86	1.64e-13	65.2
tr|E8XIQ7|E8XIQ7_SALT4	GCF_009363415.1_WP_152430616.1	18.987	86	84	86	79	59	2	10	83	2	80	2.33e-13	64.9
tr|E8XIQ7|E8XIQ7_SALT4	GCF_012295615.1_WP_007018284.1	18.182	86	81	84	77	58	2	12	83	4	80	2.71e-13	64.6
tr|E8XIQ7|E8XIQ7_SALT4	GCF_001705075.2_WP_065970077.1	27.778	86	78	79	72	48	2	3	70	1	72	3.35e-13	64.3
tr|E8XIQ7|E8XIQ7_SALT4	GCF_002557795.1_WP_098194977.1	24.691	86	89	84	81	49	3	3	74	1	78	3.60e-13	64.3
tr|E8XIQ7|E8XIQ7_SALT4	GCF_008807855.1_WP_063240334.1	24.675	86	83	85	77	51	2	2	74	3	76	4.13e-13	64.0
tr|E8XIQ7|E8XIQ7_SALT4	GCF_000012325.1_WP_011045621.1	27.692	86	84	76	65	47	0	10	74	5	69	4.54e-13	64.0
tr|E8XIQ7|E8XIQ7_SALT4	GCF_003722295.1_WP_010573895.1	23.684	86	75	81	76	49	2	5	74	2	74	1.04e-12	62.9
tr|E8XIQ7|E8XIQ7_SALT4	GCF_013201665.1_WP_128358834.1	21.127	86	76	79	71	50	2	7	74	2	69	1.23e-12	62.6
tr|E8XIQ7|E8XIQ7_SALT4	GCF_013201665.1_WP_128359868.1	21.951	86	81	92	82	58	2	3	81	1	79	1.55e-12	62.6
tr|E8XIQ7|E8XIQ7_SALT4	GCF_001442805.1_WP_057942092.1	25.974	86	88	85	77	50	2	2	74	3	76	1.83e-12	62.6
tr|E8XIQ7|E8XIQ7_SALT4	GCF_009937995.1_WP_179954406.1	24.675	86	79	84	77	53	2	5	76	2	78	3.59e-12	61.5
tr|E8XIQ7|E8XIQ7_SALT4	GCF_013282625.1_WP_173286717.1	28.788	86	67	77	66	44	1	9	74	2	64	4.15e-12	61.2
tr|E8XIQ7|E8XIQ7_SALT4	GCF_000019185.1_WP_012277931.1	22.449	86	100	86	98	52	3	10	83	2	99	4.34e-12	61.8
tr|E8XIQ7|E8XIQ7_SALT4	GCF_002356115.1_WP_096526481.1	21.622	86	78	81	74	51	3	5	74	2	72	4.35e-12	61.5
tr|E8XIQ7|E8XIQ7_SALT4	GCF_013177635.1_WP_129095951.1	21.127	86	76	79	71	50	2	7	74	2	69	6.51e-12	61.0
tr|E8XIQ7|E8XIQ7_SALT4	GCF_001956695.1_WP_076086043.1	25.676	86	77	83	74	49	2	5	75	2	72	7.46e-12	60.7
tr|E8XIQ7|E8XIQ7_SALT4	GCF_000143085.1_WP_013221711.1	23.944	86	82	78	71	47	3	5	71	2	69	1.12e-11	60.4
tr|E8XIQ7|E8XIQ7_SALT4	GCF_013201935.1_WP_128987185.1	19.718	86	76	79	71	51	2	7	74	2	69	1.16e-11	60.4
tr|E8XIQ7|E8XIQ7_SALT4	GCF_010119975.1_WP_162445115.1	26.250	86	365	88	80	51	2	4	79	8	83	1.28e-11	64.3
tr|E8XIQ7|E8XIQ7_SALT4	GCF_001050135.1_WP_048644179.1	26.923	86	88	86	78	50	3	1	74	1	75	1.80e-11	60.1
tr|E8XIQ7|E8XIQ7_SALT4	GCF_020091585.1_WP_224339804.1	22.973	86	82	81	74	50	2	5	74	2	72	3.92e-11	59.0
tr|E8XIQ7|E8XIQ7_SALT4	GCF_000238255.3_WP_010559905.1	27.273	86	86	76	66	47	1	10	74	5	70	4.91e-11	59.0
tr|E8XIQ7|E8XIQ7_SALT4	GCF_003955735.1_WP_126127786.1	24.675	86	91	85	77	51	3	2	74	4	77	5.05e-11	59.0
tr|E8XIQ7|E8XIQ7_SALT4	GCF_004798725.1_WP_010811758.1	22.078	86	83	85	77	53	2	2	74	3	76	5.06e-11	58.7
tr|E8XIQ7|E8XIQ7_SALT4	GCF_004421105.1_WP_134356453.1	21.622	86	80	81	74	51	3	5	74	2	72	6.31e-11	58.4
tr|E8XIQ7|E8XIQ7_SALT4	GCF_004293625.1_WP_130538367.1	40.426	86	71	55	47	28	0	9	55	2	48	7.76e-11	58.1
tr|E8XIQ7|E8XIQ7_SALT4	GCF_011398355.1_WP_173270160.1	30.000	86	65	70	60	39	1	9	68	2	58	9.21e-11	57.9
tr|E8XIQ7|E8XIQ7_SALT4	GCF_003967275.1_WP_197721837.1	35.135	86	78	81	74	44	3	3	72	1	74	9.23e-11	58.1
tr|E8XIQ7|E8XIQ7_SALT4	GCF_003544815.1_WP_118886031.1	21.127	86	76	79	71	50	2	7	74	2	69	1.04e-10	57.9
tr|E8XIQ7|E8XIQ7_SALT4	GCF_000012805.1_WP_011330264.1	21.622	86	85	81	74	51	3	5	74	2	72	1.29e-10	57.9
tr|E8XIQ7|E8XIQ7_SALT4	GCF_024347675.1_WP_261833361.1	32.558	86	54	50	43	29	0	10	52	2	44	1.32e-10	57.3
tr|E8XIQ7|E8XIQ7_SALT4	GCF_000265505.1_WP_014796533.1	23.529	86	97	86	85	54	2	4	77	3	87	1.49e-10	57.9
tr|E8XIQ7|E8XIQ7_SALT4	GCF_018389385.1_WP_218082190.1	20.270	86	91	81	74	52	2	4	73	15	85	1.71e-10	57.6
tr|E8XIQ7|E8XIQ7_SALT4	GCF_000006765.1_NP_249630.1	32.143	86	108	91	84	51	1	5	82	2	85	1.90e-10	57.9
tr|E8XIQ7|E8XIQ7_SALT4	GCF_000147355.1_WP_013326989.1	27.869	86	67	65	61	39	2	23	78	1	61	2.34e-10	56.7
tr|E8XIQ7|E8XIQ7_SALT4	GCF_000317125.1_WP_015155280.1	20.253	86	81	87	79	56	3	5	79	2	77	3.85e-10	56.5
tr|E8XIQ7|E8XIQ7_SALT4	GCF_013177675.1_WP_172126669.1	23.944	86	77	79	71	48	2	7	74	2	69	4.58e-10	56.2
tr|E8XIQ7|E8XIQ7_SALT4	GCF_000317575.1_WP_015193670.1	23.684	86	74	84	76	50	3	3	74	1	72	6.45e-10	55.9
tr|E8XIQ7|E8XIQ7_SALT4	GCF_017742995.1_WP_247749573.1	47.222	86	48	42	36	19	0	10	45	2	37	7.15e-10	55.3
tr|E8XIQ7|E8XIQ7_SALT4	GCF_001444405.1_WP_058032142.1	30.303	86	87	76	66	45	1	10	74	2	67	8.08e-10	55.9
tr|E8XIQ7|E8XIQ7_SALT4	GCF_021654855.1_WP_237262080.1	26.087	86	70	76	69	44	2	10	74	3	68	1.11e-09	55.0
tr|E8XIQ7|E8XIQ7_SALT4	GCF_000222485.1_WP_014022977.1	21.795	86	85	86	78	54	3	1	74	1	75	1.13e-09	55.3
tr|E8XIQ7|E8XIQ7_SALT4	GCF_019891175.1_WP_225938383.1	23.077	86	93	86	78	52	3	1	74	7	80	1.53e-09	55.0
tr|E8XIQ7|E8XIQ7_SALT4	GCF_023650495.1_WP_250655372.1	25.000	86	88	56	52	35	1	8	55	3	54	2.01e-09	54.8
tr|E8XIQ7|E8XIQ7_SALT4	GCF_000014705.1_WP_011637758.1	22.892	86	88	91	83	59	2	9	86	3	85	3.53e-09	54.2
tr|E8XIQ7|E8XIQ7_SALT4	GCF_006385555.1_WP_140234395.1	38.298	86	87	52	47	27	1	9	53	3	49	7.49e-09	53.4
tr|E8XIQ7|E8XIQ7_SALT4	GCF_000018105.1_WP_012162738.1	16.438	86	86	80	73	54	2	10	78	7	76	8.17e-09	53.1
tr|E8XIQ7|E8XIQ7_SALT4	GCF_000018285.1_WP_012155987.1	19.388	86	102	84	98	53	3	10	81	2	99	1.27e-08	53.1
tr|E8XIQ7|E8XIQ7_SALT4	GCF_011398355.1_WP_173270199.1	25.758	86	66	77	66	46	1	9	74	2	64	1.51e-08	52.2
tr|E8XIQ7|E8XIQ7_SALT4	GCF_003855395.1_WP_124730567.1	26.761	86	88	77	71	47	3	9	74	3	73	1.81e-08	52.2
tr|E8XIQ7|E8XIQ7_SALT4	GCF_000024725.1_WP_013031543.1	21.622	86	81	81	74	51	3	5	74	2	72	2.90e-08	51.7
tr|E8XIQ7|E8XIQ7_SALT4	GCF_000973725.1_WP_046311560.1	21.795	86	91	86	78	54	2	3	76	1	75	5.53e-08	51.1
tr|E8XIQ7|E8XIQ7_SALT4	GCF_020511155.1_WP_226415657.1	17.333	86	87	81	75	57	2	8	77	3	77	1.44e-07	50.0
tr|E8XIQ7|E8XIQ7_SALT4	GCF_002309535.1_WP_096047558.1	22.500	86	88	90	80	56	2	9	85	4	80	2.80e-07	49.4
tr|E8XIQ7|E8XIQ7_SALT4	GCF_011398155.1_WP_173291533.1	21.212	86	71	76	66	48	2	10	74	3	65	4.71e-07	48.6
tr|E8XIQ7|E8XIQ7_SALT4	GCF_003346815.1_WP_114840344.1	28.000	86	84	84	75	47	4	3	74	1	71	5.62e-07	48.6
tr|E8XIQ7|E8XIQ7_SALT4	GCF_026278345.1_WP_266369249.1	24.658	86	90	80	73	48	3	5	73	2	71	1.30e-06	47.7
tr|E8XIQ7|E8XIQ7_SALT4	GCF_000568815.1_WP_025346049.1	21.429	86	76	78	70	49	2	8	74	3	69	1.70e-06	47.2
tr|E8XIQ7|E8XIQ7_SALT4	GCF_001723605.1_WP_069479051.1	22.059	86	76	76	68	47	2	10	74	5	69	2.84e-06	46.6
tr|E8XIQ7|E8XIQ7_SALT4	GCF_000013765.1_WP_011496543.1	22.857	86	106	76	70	49	2	10	74	23	92	3.08e-06	46.9
tr|E8XIQ7|E8XIQ7_SALT4	GCF_011764585.1_WP_188200227.1	24.561	86	63	60	57	38	2	22	73	1	57	4.28e-06	45.8
tr|E8XIQ7|E8XIQ7_SALT4	GCF_000265295.1_WP_014770430.1	22.857	86	76	78	70	48	2	8	74	3	69	5.70e-06	45.8
tr|E8XIQ7|E8XIQ7_SALT4	GCF_013283835.1_WP_071628250.1	25.352	86	81	79	71	47	2	7	74	4	71	1.44e-05	44.9
tr|E8XIQ7|E8XIQ7_SALT4	GCF_000484535.1_WP_023173213.1	29.688	86	91	73	64	44	1	12	74	24	87	2.96e-05	44.1
tr|E8XIQ7|E8XIQ7_SALT4	GCF_001027285.1_WP_047859305.1	22.449	86	80	57	49	38	0	12	60	12	60	3.66e-05	43.8
tr|E8XIQ7|E8XIQ7_SALT4	GCF_021018745.1_WP_230843504.1	28.125	86	92	73	64	45	1	12	74	24	87	3.97e-05	43.8
tr|E8XIQ7|E8XIQ7_SALT4	GCF_002116735.1_WP_041332374.1	16.883	86	86	85	77	57	2	2	74	5	78	4.63e-05	43.5
tr|E8XIQ7|E8XIQ7_SALT4	GCF_000011385.1_WP_011141833.1	28.125	86	92	73	64	45	1	12	74	24	87	1.16e-04	42.7
tr|E8XIQ7|E8XIQ7_SALT4	GCF_000242635.2_WP_014682426.1	20.968	86	83	67	62	42	2	14	71	11	69	1.55e-04	42.1
tr|E8XIQ7|E8XIQ7_SALT4	GCF_014217805.1_WP_185274331.1	20.270	86	91	81	74	52	2	5	74	6	76	2.01e-04	42.1
tr|E8XIQ7|E8XIQ7_SALT4	GCF_019931735.1_WP_223417223.1	25.581	86	87	50	43	32	0	10	52	4	46	2.01e-04	42.1
tr|E8XIQ7|E8XIQ7_SALT4	GCF_009937995.1_WP_162085741.1	28.395	86	82	86	81	50	4	3	76	1	80	2.29e-04	41.8
tr|E8XIQ7|E8XIQ7_SALT4	GCF_005281475.1_WP_137401239.1	25.000	86	81	80	72	48	3	6	74	2	70	3.93e-04	41.3
tr|E8XIQ7|E8XIQ7_SALT4	GCF_003143555.1_WP_109340539.1	15.152	86	84	73	66	53	2	12	74	5	70	8.18e-04	40.4
tr|E8XIQ7|E8XIQ7_SALT4	GCF_006575665.1_WP_141613356.1	25.000	86	81	80	72	48	3	6	74	2	70	0.001	40.1
tr|E8XIQ7|E8XIQ7_SALT4	GCF_009938015.1_WP_147074368.1	25.926	86	82	86	81	52	5	3	76	1	80	0.001	39.9
tr|E8XIQ7|E8XIQ7_SALT4	GCF_003260975.1_WP_112783789.1	22.222	86	81	80	72	50	3	6	74	2	70	0.002	39.3
tr|E8XIQ7|E8XIQ7_SALT4	GCF_009931655.1_WP_161888514.1	18.987	86	89	87	79	57	2	3	77	1	76	0.003	39.0
tr|E8XIQ7|E8XIQ7_SALT4	GCF_014075995.1_WP_182414414.1	18.421	86	91	84	76	55	2	3	74	4	76	0.005	38.4
# PSIBLAST 2.13.0+
# Iteration: 4
# Query: tr|E8XIQ7|E8XIQ7_SALT4 Rho-binding antiterminator OS=Salmonella typhimurium (strain 4/74) OX=909946 GN=rof PE=4 SV=1
# Database: db/chosen-bacteria_proteome_exDup
# Fields: query id, subject id, % identity, query length, subject length, % query coverage per subject, alignment length, mismatches, gap opens, q. start, q. end, s. start, s. end, evalue, bit score
# 459 hits found
tr|E8XIQ7|E8XIQ7_SALT4	GCF_001461805.1_WP_013367515.1	84.884	86	86	100	86	13	0	1	86	1	86	1.93e-40	133
tr|E8XIQ7|E8XIQ7_SALT4	GCF_001518835.1_WP_059308693.1	83.721	86	86	100	86	14	0	1	86	1	86	3.04e-40	133
tr|E8XIQ7|E8XIQ7_SALT4	GCF_009176645.1_WP_152083529.1	83.721	86	86	100	86	14	0	1	86	1	86	4.28e-40	132
tr|E8XIQ7|E8XIQ7_SALT4	GCF_020097475.1_WP_000062318.1	80.233	86	86	100	86	17	0	1	86	1	86	6.57e-40	132
tr|E8XIQ7|E8XIQ7_SALT4	GCF_009036245.1_WP_025756830.1	81.395	86	86	100	86	16	0	1	86	1	86	6.57e-40	132
tr|E8XIQ7|E8XIQ7_SALT4	GCF_001683395.1_WP_017458015.1	79.070	86	86	100	86	18	0	1	86	1	86	8.01e-40	132
tr|E8XIQ7|E8XIQ7_SALT4	GCF_021172065.1_WP_015965827.1	81.395	86	86	100	86	16	0	1	86	1	86	1.11e-39	131
tr|E8XIQ7|E8XIQ7_SALT4	GCF_001658025.2_WP_007373243.1	80.233	86	86	100	86	17	0	1	86	1	86	1.29e-39	131
tr|E8XIQ7|E8XIQ7_SALT4	GCF_003594935.2_WP_006173581.1	83.721	86	86	100	86	14	0	1	86	1	86	1.56e-39	131
tr|E8XIQ7|E8XIQ7_SALT4	GCF_001022135.1_WP_039078449.1	81.395	86	86	100	86	16	0	1	86	1	86	2.18e-39	131
tr|E8XIQ7|E8XIQ7_SALT4	GCF_000224675.1_WP_010426685.1	82.558	86	86	100	86	15	0	1	86	1	86	2.18e-39	131
tr|E8XIQ7|E8XIQ7_SALT4	GCF_027886705.1_WP_061497537.1	79.070	86	86	100	86	18	0	1	86	1	86	2.25e-39	130
tr|E8XIQ7|E8XIQ7_SALT4	GCF_007632255.1_WP_015368146.1	82.558	86	86	100	86	15	0	1	86	1	86	2.31e-39	130
tr|E8XIQ7|E8XIQ7_SALT4	GCF_000006925.2_NP_706134.1	81.395	86	86	100	86	16	0	1	86	1	86	2.60e-39	130
tr|E8XIQ7|E8XIQ7_SALT4	GCF_025914095.1_WP_031518416.1	79.070	86	86	100	86	18	0	1	86	1	86	3.19e-39	130
tr|E8XIQ7|E8XIQ7_SALT4	GCF_009363135.1_WP_090122691.1	79.070	86	86	100	86	18	0	1	86	1	86	3.74e-39	130
tr|E8XIQ7|E8XIQ7_SALT4	GCF_001729805.1_WP_008501890.1	80.233	86	86	100	86	17	0	1	86	1	86	4.18e-39	130
tr|E8XIQ7|E8XIQ7_SALT4	GCF_015137655.1_WP_028015593.1	81.395	86	86	100	86	16	0	1	86	1	86	4.22e-39	130
tr|E8XIQ7|E8XIQ7_SALT4	GCF_019048625.1_WP_023305471.1	81.395	86	86	100	86	16	0	1	86	1	86	6.13e-39	130
tr|E8XIQ7|E8XIQ7_SALT4	GCF_023195735.1_WP_035891978.1	79.070	86	86	100	86	18	0	1	86	1	86	6.64e-39	129
tr|E8XIQ7|E8XIQ7_SALT4	GCF_004684345.1_WP_135323069.1	88.372	86	86	100	86	10	0	1	86	1	86	7.48e-39	129
tr|E8XIQ7|E8XIQ7_SALT4	GCF_001750725.1_WP_014168720.1	82.558	86	86	100	86	15	0	1	86	1	86	7.72e-39	129
tr|E8XIQ7|E8XIQ7_SALT4	GCF_001277255.1_WP_007666633.1	76.744	86	86	100	86	20	0	1	86	1	86	9.80e-39	129
tr|E8XIQ7|E8XIQ7_SALT4	GCF_001558935.2_WP_042323659.1	84.884	86	86	100	86	13	0	1	86	1	86	1.11e-38	129
tr|E8XIQ7|E8XIQ7_SALT4	GCF_021278985.1_WP_012904575.1	84.884	86	86	100	86	13	0	1	86	1	86	1.21e-38	129
tr|E8XIQ7|E8XIQ7_SALT4	GCF_003812345.1_WP_003018503.1	86.047	86	86	100	86	12	0	1	86	1	86	1.25e-38	129
tr|E8XIQ7|E8XIQ7_SALT4	GCF_009649915.1_WP_062772223.1	77.907	86	86	100	86	19	0	1	86	1	86	1.29e-38	129
tr|E8XIQ7|E8XIQ7_SALT4	GCF_016904755.1_WP_059234959.1	81.176	86	86	99	85	16	0	1	85	1	85	1.31e-38	129
tr|E8XIQ7|E8XIQ7_SALT4	GCF_022637515.1_WP_064539750.1	73.256	86	86	100	86	23	0	1	86	1	86	1.32e-38	128
tr|E8XIQ7|E8XIQ7_SALT4	GCF_004353845.1_WP_103768334.1	84.884	86	86	100	86	13	0	1	86	1	86	1.47e-38	128
tr|E8XIQ7|E8XIQ7_SALT4	GCF_900638065.1_WP_048212636.1	87.209	86	86	100	86	11	0	1	86	1	86	1.58e-38	128
tr|E8XIQ7|E8XIQ7_SALT4	GCF_001277175.1_WP_007760020.1	75.581	86	86	100	86	21	0	1	86	1	86	1.60e-38	128
tr|E8XIQ7|E8XIQ7_SALT4	GCF_018128425.1_WP_042289833.1	84.884	86	86	100	86	13	0	1	86	1	86	1.89e-38	128
tr|E8XIQ7|E8XIQ7_SALT4	GCF_003261575.2_WP_110272453.1	80.233	86	86	100	86	17	0	1	86	1	86	2.12e-38	128
tr|E8XIQ7|E8XIQ7_SALT4	GCF_001277195.1_WP_032966924.1	76.744	86	86	100	86	20	0	1	86	1	86	2.35e-38	128
tr|E8XIQ7|E8XIQ7_SALT4	GCF_001277215.2_WP_007776988.1	75.581	86	86	100	86	21	0	1	86	1	86	2.40e-38	128
tr|E8XIQ7|E8XIQ7_SALT4	GCF_000240185.1_YP_005225236.1	81.395	86	86	100	86	16	0	1	86	1	86	2.60e-38	128
tr|E8XIQ7|E8XIQ7_SALT4	GCF_018139045.1_WP_004129134.1	80.233	86	86	100	86	17	0	1	86	1	86	2.82e-38	128
tr|E8XIQ7|E8XIQ7_SALT4	GCF_002393445.1_WP_061273728.1	72.941	86	86	99	85	23	0	1	85	1	85	3.61e-38	128
tr|E8XIQ7|E8XIQ7_SALT4	GCF_003812925.1_WP_004107903.1	80.233	86	86	100	86	17	0	1	86	1	86	4.13e-38	127
tr|E8XIQ7|E8XIQ7_SALT4	GCF_015139575.1_WP_004098776.1	81.395	86	86	100	86	16	0	1	86	1	86	4.26e-38	127
tr|E8XIQ7|E8XIQ7_SALT4	GCF_009648935.1_WP_047417117.1	84.884	86	86	100	86	13	0	1	86	1	86	4.47e-38	127
tr|E8XIQ7|E8XIQ7_SALT4	GCF_006711645.1_WP_100682484.1	82.558	86	86	100	86	15	0	1	86	1	86	4.88e-38	127
tr|E8XIQ7|E8XIQ7_SALT4	GCF_000834395.1_WP_042546713.1	73.256	86	86	100	86	23	0	1	86	1	86	5.32e-38	127
tr|E8XIQ7|E8XIQ7_SALT4	GCF_022637595.1_WP_004858152.1	82.558	86	86	100	86	15	0	1	86	1	86	6.87e-38	127
tr|E8XIQ7|E8XIQ7_SALT4	GCF_003935895.2_WP_110510858.1	82.353	86	86	99	85	15	0	1	85	1	85	7.09e-38	127
tr|E8XIQ7|E8XIQ7_SALT4	GCF_012029655.1_WP_041144145.1	81.395	86	86	100	86	16	0	1	86	1	86	9.74e-38	127
tr|E8XIQ7|E8XIQ7_SALT4	GCF_004124235.1_WP_025377303.1	73.256	86	86	100	86	23	0	1	86	1	86	9.90e-38	127
tr|E8XIQ7|E8XIQ7_SALT4	GCF_000439255.1_WP_000062328.1	95.349	86	86	100	86	4	0	1	86	1	86	1.09e-37	126
tr|E8XIQ7|E8XIQ7_SALT4	GCF_900635955.1_WP_126357486.1	72.941	86	86	99	85	23	0	1	85	1	85	1.15e-37	126
tr|E8XIQ7|E8XIQ7_SALT4	GCF_013234275.1_WP_172895488.1	73.256	86	86	100	86	23	0	1	86	1	86	1.37e-37	126
tr|E8XIQ7|E8XIQ7_SALT4	GCF_024224615.1_WP_125293588.1	80.000	86	86	99	85	17	0	1	85	1	85	1.43e-37	126
tr|E8XIQ7|E8XIQ7_SALT4	GCF_000222975.1_WP_002218374.1	73.256	86	86	100	86	23	0	1	86	1	86	1.45e-37	126
tr|E8XIQ7|E8XIQ7_SALT4	GCF_000018045.1_WP_024130681.1	83.721	86	86	100	86	14	0	1	86	1	86	1.58e-37	126
tr|E8XIQ7|E8XIQ7_SALT4	GCF_013282725.1_WP_032813813.1	73.256	86	86	100	86	23	0	1	86	1	86	1.62e-37	126
tr|E8XIQ7|E8XIQ7_SALT4	GCF_011068345.1_WP_002436992.1	78.824	86	86	99	85	18	0	1	85	1	85	1.85e-37	126
tr|E8XIQ7|E8XIQ7_SALT4	GCF_000834455.1_WP_032817050.1	73.256	86	86	100	86	23	0	1	86	1	86	2.09e-37	126
tr|E8XIQ7|E8XIQ7_SALT4	GCF_000005845.2_NP_414731.2	80.952	86	84	98	84	16	0	3	86	1	84	2.25e-37	125
tr|E8XIQ7|E8XIQ7_SALT4	GCF_021276285.1_WP_095923198.1	73.810	86	86	98	84	22	0	1	84	1	84	2.32e-37	125
tr|E8XIQ7|E8XIQ7_SALT4	GCF_025133195.1_WP_032910235.1	70.930	86	86	100	86	25	0	1	86	1	86	2.47e-37	125
tr|E8XIQ7|E8XIQ7_SALT4	GCF_025758125.1_WP_023480196.1	77.907	86	86	100	86	19	0	1	86	1	86	2.72e-37	125
tr|E8XIQ7|E8XIQ7_SALT4	GCF_002163605.1_WP_157665988.1	75.581	86	86	100	86	21	0	1	86	1	86	2.74e-37	125
tr|E8XIQ7|E8XIQ7_SALT4	GCF_000006945.2_NP_459242.1	100.000	86	86	100	86	0	0	1	86	1	86	3.42e-37	125
tr|E8XIQ7|E8XIQ7_SALT4	GCF_000010085.1_WP_011411656.1	60.714	86	86	98	84	33	0	1	84	1	84	4.24e-37	125
tr|E8XIQ7|E8XIQ7_SALT4	GCF_005484945.1_WP_137712817.1	63.953	86	86	100	86	31	0	1	86	1	86	4.41e-37	125
tr|E8XIQ7|E8XIQ7_SALT4	GCF_000517425.1_WP_025421126.1	61.905	86	86	98	84	32	0	1	84	1	84	4.66e-37	125
tr|E8XIQ7|E8XIQ7_SALT4	GCF_022637475.1_WP_013574214.1	72.619	86	86	98	84	23	0	1	84	1	84	5.69e-37	125
tr|E8XIQ7|E8XIQ7_SALT4	GCF_012427845.1_WP_012773648.1	67.442	86	86	100	86	28	0	1	86	1	86	6.36e-37	124
tr|E8XIQ7|E8XIQ7_SALT4	GCF_019797845.1_WP_222158377.1	63.953	86	86	100	86	31	0	1	86	1	86	6.94e-37	124
tr|E8XIQ7|E8XIQ7_SALT4	GCF_009730055.1_WP_032906500.1	73.256	86	86	100	86	23	0	1	86	1	86	7.16e-37	124
tr|E8XIQ7|E8XIQ7_SALT4	GCF_002288545.1_WP_029367608.1	67.442	86	86	100	86	28	0	1	86	1	86	9.76e-37	124
tr|E8XIQ7|E8XIQ7_SALT4	GCF_017498685.1_WP_038245151.1	73.256	86	86	100	86	23	0	1	86	1	86	1.01e-36	124
tr|E8XIQ7|E8XIQ7_SALT4	GCF_900095885.1_WP_035340381.1	66.279	86	86	100	86	29	0	1	86	1	86	1.02e-36	124
tr|E8XIQ7|E8XIQ7_SALT4	GCF_002953195.1_WP_038628016.1	72.093	86	87	100	86	24	0	1	86	1	86	1.17e-36	124
tr|E8XIQ7|E8XIQ7_SALT4	GCF_000520015.2_WP_024910172.1	67.442	86	87	100	86	28	0	1	86	1	86	1.44e-36	123
tr|E8XIQ7|E8XIQ7_SALT4	GCF_000233595.1_WP_013024706.1	70.588	86	86	99	85	25	0	1	85	1	85	1.60e-36	123
tr|E8XIQ7|E8XIQ7_SALT4	GCF_002101395.1_WP_085067900.1	67.442	86	87	100	86	28	0	1	86	1	86	1.97e-36	123
tr|E8XIQ7|E8XIQ7_SALT4	GCF_009873295.1_WP_039312412.1	67.442	86	86	100	86	28	0	1	86	1	86	2.04e-36	123
tr|E8XIQ7|E8XIQ7_SALT4	GCF_009914055.1_WP_160619715.1	68.605	86	87	100	86	27	0	1	86	1	86	2.88e-36	123
tr|E8XIQ7|E8XIQ7_SALT4	GCF_017569925.1_WP_208228065.1	66.279	86	86	100	86	29	0	1	86	1	86	3.14e-36	123
tr|E8XIQ7|E8XIQ7_SALT4	GCF_015999465.1_WP_085688159.1	62.353	86	86	99	85	32	0	1	85	1	85	3.57e-36	122
tr|E8XIQ7|E8XIQ7_SALT4	GCF_000262305.1_WP_002441069.1	70.930	86	86	100	86	25	0	1	86	1	86	3.62e-36	122
tr|E8XIQ7|E8XIQ7_SALT4	GCF_000023545.1_WP_015854637.1	65.116	86	86	100	86	30	0	1	86	1	86	3.74e-36	122
tr|E8XIQ7|E8XIQ7_SALT4	GCF_020181655.1_WP_225087160.1	66.279	86	86	100	86	29	0	1	86	1	86	4.02e-36	122
tr|E8XIQ7|E8XIQ7_SALT4	GCF_016026735.1_WP_015673540.1	66.279	86	87	100	86	29	0	1	86	1	86	4.06e-36	122
tr|E8XIQ7|E8XIQ7_SALT4	GCF_003515985.1_WP_085653101.1	63.529	86	86	99	85	31	0	1	85	1	85	4.38e-36	122
tr|E8XIQ7|E8XIQ7_SALT4	GCF_001642805.2_WP_004931991.1	68.605	86	87	100	86	27	0	1	86	1	86	4.61e-36	122
tr|E8XIQ7|E8XIQ7_SALT4	GCF_023517775.1_WP_249893541.1	68.605	86	87	100	86	27	0	1	86	1	86	4.91e-36	122
tr|E8XIQ7|E8XIQ7_SALT4	GCF_009931295.1_WP_161528353.1	67.442	86	86	100	86	28	0	1	86	1	86	5.39e-36	122
tr|E8XIQ7|E8XIQ7_SALT4	GCF_000740965.1_WP_011092648.1	66.279	86	86	100	86	29	0	1	86	1	86	5.52e-36	122
tr|E8XIQ7|E8XIQ7_SALT4	GCF_003019925.1_WP_162185254.1	77.381	86	86	98	84	19	0	1	84	1	84	5.79e-36	122
tr|E8XIQ7|E8XIQ7_SALT4	GCF_021462285.1_WP_234585968.1	68.605	86	87	100	86	27	0	1	86	1	86	5.99e-36	122
tr|E8XIQ7|E8XIQ7_SALT4	GCF_000025065.1_WP_012883679.1	63.529	86	86	99	85	31	0	1	85	1	85	6.12e-36	122
tr|E8XIQ7|E8XIQ7_SALT4	GCF_011044475.1_WP_033740322.1	71.765	86	86	99	85	24	0	1	85	1	85	7.23e-36	122
tr|E8XIQ7|E8XIQ7_SALT4	GCF_002291445.1_WP_048635886.1	66.279	86	86	100	86	29	0	1	86	1	86	7.23e-36	122
tr|E8XIQ7|E8XIQ7_SALT4	GCF_009817885.1_WP_105232289.1	68.605	86	87	100	86	27	0	1	86	1	86	8.10e-36	121
tr|E8XIQ7|E8XIQ7_SALT4	GCF_900187015.1_WP_061796701.1	68.605	86	87	100	86	27	0	1	86	1	86	8.30e-36	121
tr|E8XIQ7|E8XIQ7_SALT4	GCF_020079945.1_WP_039382769.1	68.235	86	87	99	85	27	0	1	85	1	85	1.04e-35	121
tr|E8XIQ7|E8XIQ7_SALT4	GCF_001742185.1_WP_005975933.1	66.279	86	86	100	86	29	0	1	86	1	86	1.23e-35	121
tr|E8XIQ7|E8XIQ7_SALT4	GCF_007858975.2_WP_042869176.1	64.706	86	86	99	85	30	0	1	85	1	85	1.37e-35	121
tr|E8XIQ7|E8XIQ7_SALT4	GCF_000023565.1_WP_012770818.1	62.353	86	86	99	85	32	0	1	85	1	85	1.38e-35	121
tr|E8XIQ7|E8XIQ7_SALT4	GCF_005484965.1_WP_009114129.1	66.279	86	86	100	86	29	0	1	86	1	86	2.60e-35	120
tr|E8XIQ7|E8XIQ7_SALT4	GCF_003992745.1_WP_014700896.1	65.116	86	86	100	86	30	0	1	86	1	86	2.66e-35	120
tr|E8XIQ7|E8XIQ7_SALT4	GCF_000264765.2_WP_034163237.1	65.116	86	86	100	86	30	0	1	86	1	86	3.78e-35	120
tr|E8XIQ7|E8XIQ7_SALT4	GCF_011617105.1_WP_025800203.1	75.581	86	86	100	86	21	0	1	86	1	86	4.79e-35	119
tr|E8XIQ7|E8XIQ7_SALT4	GCF_022647505.1_WP_128179458.1	66.279	86	87	100	86	29	0	1	86	1	86	5.24e-35	119
tr|E8XIQ7|E8XIQ7_SALT4	GCF_019890955.1_WP_211725887.1	68.235	86	87	99	85	27	0	1	85	1	85	5.72e-35	119
tr|E8XIQ7|E8XIQ7_SALT4	GCF_000196615.1_WP_013200864.1	66.279	86	87	100	86	29	0	1	86	1	86	6.71e-35	119
tr|E8XIQ7|E8XIQ7_SALT4	GCF_002812485.1_WP_038661467.1	65.882	86	86	99	85	29	0	1	85	1	85	7.25e-35	119
tr|E8XIQ7|E8XIQ7_SALT4	GCF_000026185.1_WP_012440659.1	68.235	86	87	99	85	27	0	1	85	1	85	1.19e-34	119
tr|E8XIQ7|E8XIQ7_SALT4	GCF_020150375.1_WP_004094310.1	75.581	86	86	100	86	21	0	1	86	1	86	1.21e-34	119
tr|E8XIQ7|E8XIQ7_SALT4	GCF_001010285.1_WP_046974061.1	66.279	86	88	100	86	29	0	1	86	1	86	1.40e-34	118
tr|E8XIQ7|E8XIQ7_SALT4	GCF_000147055.1_WP_022632468.1	64.706	86	86	99	85	30	0	1	85	1	85	1.51e-34	118
tr|E8XIQ7|E8XIQ7_SALT4	GCF_004792415.1_WP_013356856.1	66.667	86	86	98	84	28	0	1	84	1	84	2.17e-34	118
tr|E8XIQ7|E8XIQ7_SALT4	GCF_019090985.1_WP_036781226.1	60.465	86	88	100	86	34	0	1	86	1	86	2.20e-34	118
tr|E8XIQ7|E8XIQ7_SALT4	GCF_002291425.1_WP_095847471.1	67.442	86	87	100	86	28	0	1	86	1	86	2.30e-34	118
tr|E8XIQ7|E8XIQ7_SALT4	GCF_017348915.1_WP_040077077.1	83.721	86	86	100	86	14	0	1	86	1	86	2.58e-34	118
tr|E8XIQ7|E8XIQ7_SALT4	GCF_003403135.1_WP_024104894.1	63.529	86	86	99	85	31	0	1	85	1	85	3.03e-34	118
tr|E8XIQ7|E8XIQ7_SALT4	GCF_021733145.1_WP_012847629.1	64.286	86	86	98	84	30	0	1	84	1	84	3.36e-34	118
tr|E8XIQ7|E8XIQ7_SALT4	GCF_902387845.1_WP_004237241.1	62.791	86	88	100	86	32	0	1	86	1	86	3.60e-34	117
tr|E8XIQ7|E8XIQ7_SALT4	GCF_000196475.1_WP_012776850.1	60.465	86	88	100	86	34	0	1	86	1	86	5.75e-34	117
tr|E8XIQ7|E8XIQ7_SALT4	GCF_019047765.1_WP_040230035.1	88.372	86	86	100	86	10	0	1	86	1	86	7.38e-34	117
tr|E8XIQ7|E8XIQ7_SALT4	GCF_000196155.1_WP_011145066.1	61.628	86	88	100	86	33	0	1	86	1	86	1.43e-33	116
tr|E8XIQ7|E8XIQ7_SALT4	GCF_020268605.1_WP_180560445.1	58.140	86	88	100	86	36	0	1	86	1	86	1.82e-33	116
tr|E8XIQ7|E8XIQ7_SALT4	GCF_019048385.1_WP_062759648.1	65.476	86	86	98	84	29	0	1	84	1	84	1.87e-33	116
tr|E8XIQ7|E8XIQ7_SALT4	GCF_020541225.1_WP_226811316.1	57.143	86	86	98	84	36	0	1	84	1	84	1.98e-33	116
tr|E8XIQ7|E8XIQ7_SALT4	GCF_022592395.1_WP_047255099.1	53.488	86	87	100	86	40	0	1	86	1	86	2.20e-33	115
tr|E8XIQ7|E8XIQ7_SALT4	GCF_009646115.1_WP_008925644.1	66.667	86	86	98	84	28	0	1	84	1	84	2.32e-33	115
tr|E8XIQ7|E8XIQ7_SALT4	GCF_020683125.1_WP_133842177.1	64.368	86	88	100	87	30	1	1	86	1	87	2.48e-33	115
tr|E8XIQ7|E8XIQ7_SALT4	GCF_025946765.1_WP_264497926.1	62.353	86	86	99	85	32	0	1	85	1	85	2.61e-33	115
tr|E8XIQ7|E8XIQ7_SALT4	GCF_004768525.1_WP_026822068.1	56.977	86	88	100	86	37	0	1	86	1	86	3.12e-33	115
tr|E8XIQ7|E8XIQ7_SALT4	GCF_003204135.1_WP_004908806.1	58.140	86	87	100	86	36	0	1	86	1	86	4.02e-33	115
tr|E8XIQ7|E8XIQ7_SALT4	GCF_019844095.1_WP_062747070.1	65.517	86	88	100	87	29	1	1	86	1	87	4.26e-33	115
tr|E8XIQ7|E8XIQ7_SALT4	GCF_900475855.1_WP_068441311.1	55.814	86	87	100	86	38	0	1	86	1	86	6.22e-33	114
tr|E8XIQ7|E8XIQ7_SALT4	GCF_020342335.1_WP_067428135.1	64.706	86	87	99	85	30	0	1	85	1	85	6.27e-33	114
tr|E8XIQ7|E8XIQ7_SALT4	GCF_029277985.1_WP_154623766.1	56.977	86	87	100	86	37	0	1	86	1	86	7.90e-33	114
tr|E8XIQ7|E8XIQ7_SALT4	GCF_000091565.1_WP_004159420.1	64.706	86	87	99	85	30	0	1	85	1	85	7.96e-33	114
tr|E8XIQ7|E8XIQ7_SALT4	GCF_002843235.3_WP_102139922.1	56.977	86	87	100	86	37	0	1	86	1	86	9.56e-33	114
tr|E8XIQ7|E8XIQ7_SALT4	GCF_900638135.1_WP_012146468.1	61.628	86	87	100	86	33	0	1	86	1	86	1.14e-32	114
tr|E8XIQ7|E8XIQ7_SALT4	GCF_022647325.1_WP_111140597.1	63.095	86	86	98	84	31	0	1	84	1	84	1.16e-32	114
tr|E8XIQ7|E8XIQ7_SALT4	GCF_013460135.1_WP_180816665.1	58.140	86	88	100	86	36	0	1	86	1	86	1.27e-32	113
tr|E8XIQ7|E8XIQ7_SALT4	GCF_000261045.2_WP_006318653.1	62.791	86	87	100	86	32	0	1	86	1	86	1.46e-32	113
tr|E8XIQ7|E8XIQ7_SALT4	GCF_017743015.1_WP_209027287.1	62.791	86	88	100	86	32	0	1	86	1	86	1.54e-32	113
tr|E8XIQ7|E8XIQ7_SALT4	GCF_002393505.1_WP_006658392.1	55.814	86	87	100	86	38	0	1	86	1	86	1.56e-32	113
tr|E8XIQ7|E8XIQ7_SALT4	GCF_000968195.1_WP_045972480.1	60.920	86	87	100	87	33	1	1	86	1	87	2.56e-32	113
tr|E8XIQ7|E8XIQ7_SALT4	GCF_011045835.1_WP_075671674.1	57.831	86	86	97	83	35	0	1	83	1	83	2.72e-32	112
tr|E8XIQ7|E8XIQ7_SALT4	GCF_021365465.1_WP_016190321.1	63.953	86	87	100	86	31	0	1	86	1	86	3.44e-32	112
tr|E8XIQ7|E8XIQ7_SALT4	GCF_000517405.1_WP_038469034.1	58.750	86	83	93	80	33	0	5	84	2	81	3.75e-32	112
tr|E8XIQ7|E8XIQ7_SALT4	GCF_009831665.3_WP_006709226.1	59.302	86	87	100	86	35	0	1	86	1	86	4.26e-32	112
tr|E8XIQ7|E8XIQ7_SALT4	GCF_002504285.1_WP_005282992.1	62.791	86	86	100	86	32	0	1	86	1	86	4.86e-32	112
tr|E8XIQ7|E8XIQ7_SALT4	GCF_000069965.1_WP_004245453.1	55.422	86	86	97	83	37	0	1	83	1	83	5.39e-32	112
tr|E8XIQ7|E8XIQ7_SALT4	GCF_022369495.1_WP_072064250.1	56.627	86	86	97	83	36	0	1	83	1	83	6.12e-32	112
tr|E8XIQ7|E8XIQ7_SALT4	GCF_000214235.1_WP_004952197.1	63.095	86	85	98	84	31	0	3	86	1	84	1.07e-31	111
tr|E8XIQ7|E8XIQ7_SALT4	GCF_001721185.1_WP_069317984.1	59.302	86	87	100	86	35	0	1	86	1	86	1.26e-31	111
tr|E8XIQ7|E8XIQ7_SALT4	GCF_001006005.1_WP_223499701.1	60.714	86	85	98	84	33	0	3	86	1	84	1.52e-31	110
tr|E8XIQ7|E8XIQ7_SALT4	GCF_016026395.1_WP_024524235.1	59.302	86	86	100	86	35	0	1	86	1	86	2.42e-31	110
tr|E8XIQ7|E8XIQ7_SALT4	GCF_002952315.1_WP_012667243.1	61.176	86	87	99	85	33	0	1	85	1	85	3.08e-31	110
tr|E8XIQ7|E8XIQ7_SALT4	GCF_008364325.2_WP_230090436.1	61.905	86	85	98	84	32	0	3	86	1	84	3.68e-31	110
tr|E8XIQ7|E8XIQ7_SALT4	GCF_000968175.1_WP_045959360.1	62.069	86	88	100	87	32	1	1	86	1	87	4.52e-31	109
tr|E8XIQ7|E8XIQ7_SALT4	GCF_014295015.1_WP_013185414.1	59.770	86	87	100	87	34	1	1	86	1	87	1.29e-30	108
tr|E8XIQ7|E8XIQ7_SALT4	GCF_004116975.1_WP_064720954.1	57.831	86	86	97	83	35	0	1	83	1	83	1.64e-30	108
tr|E8XIQ7|E8XIQ7_SALT4	GCF_900478135.1_WP_111739359.1	62.353	86	88	98	85	31	1	1	84	1	85	1.92e-30	108
tr|E8XIQ7|E8XIQ7_SALT4	GCF_004295645.1_WP_228350951.1	64.706	86	88	98	85	29	1	1	84	1	85	2.32e-30	108
tr|E8XIQ7|E8XIQ7_SALT4	GCF_005671395.1_WP_138095872.1	65.385	86	86	91	78	27	0	1	78	1	78	5.08e-30	107
tr|E8XIQ7|E8XIQ7_SALT4	GCF_003074995.2_WP_015870269.1	59.036	86	86	97	83	34	0	1	83	1	83	5.50e-30	107
tr|E8XIQ7|E8XIQ7_SALT4	GCF_003096015.2_WP_230514010.1	63.529	86	88	98	85	30	1	1	84	1	85	6.17e-30	107
tr|E8XIQ7|E8XIQ7_SALT4	GCF_003812345.1_WP_121571778.1	33.333	86	94	100	87	57	1	1	86	1	87	9.25e-30	106
tr|E8XIQ7|E8XIQ7_SALT4	GCF_900638655.1_WP_047781753.1	64.706	86	88	98	85	29	1	1	84	1	85	9.86e-30	106
tr|E8XIQ7|E8XIQ7_SALT4	GCF_004353845.1_WP_103770713.1	35.632	86	93	100	87	55	1	1	86	1	87	2.06e-29	105
tr|E8XIQ7|E8XIQ7_SALT4	GCF_008693605.1_WP_223849061.1	32.558	86	95	99	86	57	1	1	85	2	87	4.51e-29	105
tr|E8XIQ7|E8XIQ7_SALT4	GCF_002355475.1_WP_004421315.1	37.037	86	91	93	81	50	1	3	82	1	81	7.19e-29	104
tr|E8XIQ7|E8XIQ7_SALT4	GCF_001597285.1_WP_061903727.1	35.897	86	92	90	78	49	1	6	82	3	80	2.07e-28	103
tr|E8XIQ7|E8XIQ7_SALT4	GCF_013200955.2_WP_173204463.1	35.802	86	91	93	81	51	1	3	82	1	81	2.71e-28	102
tr|E8XIQ7|E8XIQ7_SALT4	GCF_008693645.1_WP_137347870.1	32.184	86	89	100	87	58	1	1	86	1	87	3.48e-28	102
tr|E8XIQ7|E8XIQ7_SALT4	GCF_000733715.2_WP_017362912.1	32.911	86	90	91	79	52	1	5	82	2	80	1.95e-27	100
tr|E8XIQ7|E8XIQ7_SALT4	GCF_008807375.1_WP_151138908.1	34.568	86	91	93	81	52	1	3	82	1	81	2.67e-27	100
tr|E8XIQ7|E8XIQ7_SALT4	GCF_024205225.1_WP_195881696.1	31.646	86	90	91	79	53	1	5	82	2	80	2.79e-27	100
tr|E8XIQ7|E8XIQ7_SALT4	GCF_000297075.2_WP_003461742.1	32.911	86	90	91	79	52	1	5	82	2	80	5.75e-27	99.4
tr|E8XIQ7|E8XIQ7_SALT4	GCF_004684345.1_WP_135321947.1	34.568	86	93	93	81	52	1	1	80	1	81	6.03e-27	99.4
tr|E8XIQ7|E8XIQ7_SALT4	GCF_013409125.2_WP_099525265.1	32.911	86	90	91	79	52	1	5	82	2	80	8.03e-27	99.2
tr|E8XIQ7|E8XIQ7_SALT4	GCF_021029445.1_WP_230924827.1	32.051	86	89	91	78	53	0	5	82	2	79	1.20e-26	98.6
tr|E8XIQ7|E8XIQ7_SALT4	GCF_013423785.1_WP_180308358.1	39.773	86	88	98	88	49	1	1	84	1	88	1.29e-26	98.6
tr|E8XIQ7|E8XIQ7_SALT4	GCF_900682675.2_WP_069898892.1	39.744	86	94	90	78	46	1	6	82	3	80	3.50e-26	97.7
tr|E8XIQ7|E8XIQ7_SALT4	GCF_017167985.1_WP_093053415.1	30.380	86	92	91	79	54	1	5	82	2	80	4.78e-26	97.2
tr|E8XIQ7|E8XIQ7_SALT4	GCF_017167985.1_WP_079784061.1	34.177	86	90	91	79	51	1	5	82	2	80	5.28e-26	97.2
tr|E8XIQ7|E8XIQ7_SALT4	GCF_001708425.1_WP_055136127.1	32.911	86	94	91	79	52	1	5	82	2	80	5.87e-26	97.2
tr|E8XIQ7|E8XIQ7_SALT4	GCF_019047765.1_WP_040231149.1	30.233	86	89	99	86	59	1	1	85	1	86	5.89e-26	96.9
tr|E8XIQ7|E8XIQ7_SALT4	GCF_001594225.2_WP_064379396.1	35.443	86	92	91	79	50	1	5	82	2	80	8.68e-26	96.6
tr|E8XIQ7|E8XIQ7_SALT4	GCF_017329545.1_WP_047884589.1	28.235	86	95	98	85	60	1	3	86	1	85	1.12e-25	96.3
tr|E8XIQ7|E8XIQ7_SALT4	GCF_011397855.1_WP_044414183.1	36.709	86	90	91	79	49	1	5	82	2	80	1.17e-25	96.3
tr|E8XIQ7|E8XIQ7_SALT4	GCF_017915135.1_WP_210390879.1	32.911	86	90	91	79	52	1	5	82	2	80	2.15e-25	95.5
tr|E8XIQ7|E8XIQ7_SALT4	GCF_008033135.1_WP_148717358.1	24.359	86	87	91	78	59	0	5	82	2	79	2.45e-25	95.2
tr|E8XIQ7|E8XIQ7_SALT4	GCF_012767755.2_WP_173176508.1	30.380	86	91	91	79	51	2	5	82	2	77	2.90e-25	95.2
tr|E8XIQ7|E8XIQ7_SALT4	GCF_002355475.1_WP_003455993.1	32.468	86	90	88	77	51	1	7	82	2	78	4.66e-25	94.7
tr|E8XIQ7|E8XIQ7_SALT4	GCF_020991025.1_WP_152109250.1	44.872	86	83	90	78	42	1	3	79	1	78	5.01e-25	94.4
tr|E8XIQ7|E8XIQ7_SALT4	GCF_016834455.1_WP_203325205.1	35.443	86	86	91	79	50	1	5	82	2	80	1.04e-24	93.8
tr|E8XIQ7|E8XIQ7_SALT4	GCF_003957745.1_WP_126168493.1	34.177	86	87	91	79	51	1	5	82	2	80	1.74e-24	93.2
tr|E8XIQ7|E8XIQ7_SALT4	GCF_025402875.1_WP_011791024.1	29.487	86	90	90	78	54	1	6	82	3	80	2.61e-24	92.7
tr|E8XIQ7|E8XIQ7_SALT4	GCF_008807375.1_WP_151133519.1	29.870	86	90	88	77	53	1	7	82	2	78	3.11e-24	92.7
tr|E8XIQ7|E8XIQ7_SALT4	GCF_000015245.1_WP_011761423.1	35.443	86	86	91	79	50	1	5	82	2	80	4.62e-24	92.1
tr|E8XIQ7|E8XIQ7_SALT4	GCF_014524625.1_WP_009050814.1	26.582	86	92	91	79	57	1	5	82	2	80	6.23e-24	91.8
tr|E8XIQ7|E8XIQ7_SALT4	GCF_000178875.2_WP_012197738.1	30.769	86	90	90	78	53	1	6	82	3	80	1.03e-23	91.3
tr|E8XIQ7|E8XIQ7_SALT4	GCF_012767755.2_WP_173171843.1	32.468	86	90	88	77	51	1	7	82	4	80	1.30e-23	91.0
tr|E8XIQ7|E8XIQ7_SALT4	GCF_024971755.1_WP_259474826.1	32.051	86	88	90	78	52	1	6	82	3	80	1.94e-23	90.4
tr|E8XIQ7|E8XIQ7_SALT4	GCF_017354925.1_WP_207321174.1	34.177	86	87	91	79	51	1	5	82	2	80	1.95e-23	90.4
tr|E8XIQ7|E8XIQ7_SALT4	GCF_019670705.1_WP_100146025.1	31.646	86	92	91	79	53	1	5	82	2	80	3.10e-23	90.2
tr|E8XIQ7|E8XIQ7_SALT4	GCF_009730655.1_WP_156020461.1	31.646	86	92	91	79	53	1	5	82	2	80	3.93e-23	89.9
tr|E8XIQ7|E8XIQ7_SALT4	GCF_017354965.1_WP_207380278.1	34.177	86	87	91	79	51	1	5	82	2	80	4.75e-23	89.6
tr|E8XIQ7|E8XIQ7_SALT4	GCF_024346675.1_WP_048897676.1	25.000	86	86	97	84	62	1	3	85	1	84	7.45e-23	89.0
tr|E8XIQ7|E8XIQ7_SALT4	GCF_002215585.1_WP_088903590.1	29.070	86	89	95	86	57	1	5	86	2	87	1.09e-22	88.7
tr|E8XIQ7|E8XIQ7_SALT4	GCF_029457395.1_WP_024766443.1	31.707	86	92	90	82	51	1	6	82	3	84	1.94e-22	88.2
tr|E8XIQ7|E8XIQ7_SALT4	GCF_006742785.1_WP_172630283.1	29.114	86	88	91	79	55	1	8	85	3	81	2.82e-22	87.6
tr|E8XIQ7|E8XIQ7_SALT4	GCF_009938225.1_WP_075649723.1	31.646	86	82	86	79	49	2	10	83	2	80	9.41e-22	86.2
tr|E8XIQ7|E8XIQ7_SALT4	GCF_024347355.1_WP_105024956.1	29.268	86	83	90	82	53	2	10	86	2	83	9.73e-22	86.2
tr|E8XIQ7|E8XIQ7_SALT4	GCF_003025345.2_WP_003155955.1	32.143	86	91	91	84	51	1	5	82	2	85	1.12e-21	86.2
tr|E8XIQ7|E8XIQ7_SALT4	GCF_012971725.1_WP_169940133.1	31.707	86	92	90	82	51	1	6	82	3	84	1.19e-21	85.9
tr|E8XIQ7|E8XIQ7_SALT4	GCF_024347475.1_WP_239840920.1	29.114	86	83	86	79	51	2	10	83	2	80	1.47e-21	85.7
tr|E8XIQ7|E8XIQ7_SALT4	GCF_016026875.1_WP_045525981.1	41.176	86	89	79	68	37	1	6	73	3	67	2.28e-21	85.4
tr|E8XIQ7|E8XIQ7_SALT4	GCF_000014885.1_WP_020912292.1	34.177	86	87	91	79	51	1	5	82	2	80	2.86e-21	85.1
tr|E8XIQ7|E8XIQ7_SALT4	GCF_020405345.1_WP_017780573.1	41.176	86	89	79	68	37	1	7	74	4	68	3.06e-21	84.8
tr|E8XIQ7|E8XIQ7_SALT4	GCF_002204915.1_WP_052690899.1	26.250	86	101	87	80	54	2	10	84	21	100	3.17e-21	85.1
tr|E8XIQ7|E8XIQ7_SALT4	GCF_003584645.1_WP_197716612.1	25.610	86	80	91	82	54	2	3	80	1	79	3.68e-21	84.5
tr|E8XIQ7|E8XIQ7_SALT4	GCF_002005305.1_WP_077753428.1	30.769	86	86	90	78	53	1	6	82	3	80	3.89e-21	84.5
tr|E8XIQ7|E8XIQ7_SALT4	GCF_004358345.1_WP_121852852.1	34.286	86	76	80	70	45	1	3	71	1	70	7.92e-21	83.7
tr|E8XIQ7|E8XIQ7_SALT4	GCF_001677435.1_WP_068615618.1	32.468	86	90	87	77	49	3	3	77	1	76	9.10e-21	83.7
tr|E8XIQ7|E8XIQ7_SALT4	GCF_001596155.1_WP_068342236.1	27.273	86	90	85	77	49	2	3	75	1	74	9.47e-21	83.7
tr|E8XIQ7|E8XIQ7_SALT4	GCF_022371215.1_WP_239718047.1	29.268	86	83	90	82	53	2	10	86	2	83	1.01e-20	83.4
tr|E8XIQ7|E8XIQ7_SALT4	GCF_006337165.1_WP_139515111.1	32.099	86	82	88	81	47	2	3	78	1	78	1.16e-20	83.4
tr|E8XIQ7|E8XIQ7_SALT4	GCF_003966655.1_WP_113527441.1	26.761	86	77	83	71	52	0	3	73	1	71	1.26e-20	83.1
tr|E8XIQ7|E8XIQ7_SALT4	GCF_000801295.1_WP_171816254.1	32.911	86	99	88	79	50	1	1	76	1	79	1.30e-20	83.4
tr|E8XIQ7|E8XIQ7_SALT4	GCF_020149575.1_WP_224431657.1	39.130	86	85	80	69	39	1	6	74	3	68	1.41e-20	83.1
tr|E8XIQ7|E8XIQ7_SALT4	GCF_000968535.2_WP_014147785.1	27.632	86	84	87	76	53	2	8	82	4	78	1.58e-20	83.1
tr|E8XIQ7|E8XIQ7_SALT4	GCF_013462805.1_WP_009566961.1	26.761	86	77	83	71	52	0	3	73	1	71	1.66e-20	82.8
tr|E8XIQ7|E8XIQ7_SALT4	GCF_000016065.1_WP_011864074.1	25.641	86	93	91	78	58	0	5	82	2	79	1.80e-20	83.1
tr|E8XIQ7|E8XIQ7_SALT4	GCF_020423125.1_WP_226170850.1	37.681	86	84	80	69	40	1	6	74	3	68	1.84e-20	82.8
tr|E8XIQ7|E8XIQ7_SALT4	GCF_000009145.1_WP_041356315.1	28.571	86	90	88	77	54	1	10	85	6	82	2.06e-20	82.8
tr|E8XIQ7|E8XIQ7_SALT4	GCF_001020955.1_WP_047250467.1	31.646	86	82	87	79	50	2	1	75	1	79	2.50e-20	82.6
tr|E8XIQ7|E8XIQ7_SALT4	GCF_028355655.1_WP_087756847.1	37.681	86	84	80	69	40	1	5	73	2	67	2.63e-20	82.6
tr|E8XIQ7|E8XIQ7_SALT4	GCF_001007935.1_WP_046849946.1	22.785	86	84	91	79	60	1	8	85	4	82	3.95e-20	82.0
tr|E8XIQ7|E8XIQ7_SALT4	GCF_001558255.2_WP_005504861.1	30.864	86	82	87	81	50	3	10	84	2	82	4.19e-20	82.0
tr|E8XIQ7|E8XIQ7_SALT4	GCF_000146165.2_WP_164925808.1	31.646	86	89	90	79	52	2	6	82	3	81	4.97e-20	81.7
tr|E8XIQ7|E8XIQ7_SALT4	GCF_014905115.1_WP_193151849.1	29.114	86	81	86	79	51	2	10	83	2	80	5.23e-20	81.7
tr|E8XIQ7|E8XIQ7_SALT4	GCF_027625995.1_WP_270126807.1	29.630	86	82	88	81	49	2	3	78	1	78	5.41e-20	81.7
tr|E8XIQ7|E8XIQ7_SALT4	GCF_009938185.1_WP_162048373.1	29.114	86	82	86	79	51	2	10	83	2	80	5.58e-20	81.7
tr|E8XIQ7|E8XIQ7_SALT4	GCF_019669905.1_WP_054759186.1	31.646	86	79	91	79	49	2	8	85	3	77	6.12e-20	81.4
tr|E8XIQ7|E8XIQ7_SALT4	GCF_000214665.1_WP_013819542.1	25.974	86	83	88	77	55	2	10	85	6	81	9.00e-20	81.1
tr|E8XIQ7|E8XIQ7_SALT4	GCF_016127195.1_WP_042032742.1	33.333	86	89	80	69	43	1	5	73	2	67	9.31e-20	81.1
tr|E8XIQ7|E8XIQ7_SALT4	GCF_009938205.1_WP_075706454.1	32.911	86	82	86	79	48	2	10	83	2	80	1.33e-19	80.6
tr|E8XIQ7|E8XIQ7_SALT4	GCF_002407485.1_WP_096780111.1	27.500	86	81	87	80	53	2	10	84	2	81	1.34e-19	80.6
tr|E8XIQ7|E8XIQ7_SALT4	GCF_008693705.1_WP_127008315.1	37.681	86	84	80	69	40	1	5	73	2	67	1.51e-19	80.6
tr|E8XIQ7|E8XIQ7_SALT4	GCF_900637545.1_WP_042651794.1	35.714	86	84	81	70	42	1	5	74	2	68	1.92e-19	80.3
tr|E8XIQ7|E8XIQ7_SALT4	GCF_001558415.2_WP_061055374.1	24.390	86	83	90	82	57	2	10	86	2	83	2.06e-19	80.0
tr|E8XIQ7|E8XIQ7_SALT4	GCF_003015165.1_WP_106887831.1	35.714	86	84	81	70	42	1	5	74	2	68	2.36e-19	80.0
tr|E8XIQ7|E8XIQ7_SALT4	GCF_003515105.1_WP_036973086.1	40.845	86	73	81	71	41	1	6	75	2	72	2.47e-19	79.7
tr|E8XIQ7|E8XIQ7_SALT4	GCF_024347035.1_WP_102941394.1	26.250	86	81	87	80	54	2	10	84	2	81	2.62e-19	79.7
tr|E8XIQ7|E8XIQ7_SALT4	GCF_014879975.1_WP_192888672.1	29.268	86	83	90	82	53	2	10	86	2	83	3.28e-19	79.7
tr|E8XIQ7|E8XIQ7_SALT4	GCF_000576555.1_WP_044000633.1	29.630	86	83	88	81	49	2	3	78	2	79	3.36e-19	79.7
tr|E8XIQ7|E8XIQ7_SALT4	GCF_001007875.1_WP_046858354.1	27.848	86	80	86	79	52	2	10	83	2	80	3.38e-19	79.5
tr|E8XIQ7|E8XIQ7_SALT4	GCF_008329985.2_WP_149283950.1	26.250	86	81	87	80	54	2	10	84	2	81	3.84e-19	79.5
tr|E8XIQ7|E8XIQ7_SALT4	GCF_003574965.1_WP_119445661.1	28.395	86	82	88	81	50	2	3	78	1	78	4.13e-19	79.5
tr|E8XIQ7|E8XIQ7_SALT4	GCF_013137895.1_WP_135435790.1	30.488	86	83	90	82	48	3	1	77	1	78	4.27e-19	79.5
tr|E8XIQ7|E8XIQ7_SALT4	GCF_024360925.2_WP_255188929.1	28.205	86	83	90	78	54	2	10	86	6	82	4.37e-19	79.5
tr|E8XIQ7|E8XIQ7_SALT4	GCF_004355185.1_WP_133271280.1	32.911	86	81	86	79	45	2	5	78	2	77	4.57e-19	79.2
tr|E8XIQ7|E8XIQ7_SALT4	GCF_013283835.1_WP_071626507.1	28.571	86	83	86	77	49	2	3	76	1	74	5.21e-19	79.2
tr|E8XIQ7|E8XIQ7_SALT4	GCF_009068765.1_WP_151900329.1	27.848	86	81	86	79	52	2	10	83	2	80	5.58e-19	78.9
tr|E8XIQ7|E8XIQ7_SALT4	GCF_004001245.1_WP_127478562.1	27.160	86	85	88	81	54	2	1	76	1	81	5.74e-19	79.2
tr|E8XIQ7|E8XIQ7_SALT4	GCF_000785705.2_WP_036272019.1	28.947	86	82	88	76	53	1	10	85	6	80	6.60e-19	78.9
tr|E8XIQ7|E8XIQ7_SALT4	GCF_024347635.1_WP_139683960.1	26.829	86	83	90	82	55	2	10	86	2	83	6.71e-19	78.9
tr|E8XIQ7|E8XIQ7_SALT4	GCF_003258315.1_WP_111337788.1	25.316	86	88	91	79	58	1	8	85	4	82	7.15e-19	78.9
tr|E8XIQ7|E8XIQ7_SALT4	GCF_019670125.1_WP_221076876.1	28.750	86	81	87	80	52	2	10	84	2	81	7.98e-19	78.6
tr|E8XIQ7|E8XIQ7_SALT4	GCF_024347595.1_WP_176681244.1	29.268	86	83	90	82	53	2	10	86	2	83	9.83e-19	78.3
tr|E8XIQ7|E8XIQ7_SALT4	GCF_010093065.1_WP_238430213.1	27.848	86	83	87	79	50	2	1	75	2	77	1.01e-18	78.3
tr|E8XIQ7|E8XIQ7_SALT4	GCF_001507645.1_WP_068195976.1	27.273	86	90	85	77	49	2	3	75	1	74	1.15e-18	78.3
tr|E8XIQ7|E8XIQ7_SALT4	GCF_009755585.1_WP_157030071.1	29.268	86	85	91	82	51	2	3	80	1	79	1.16e-18	78.3
tr|E8XIQ7|E8XIQ7_SALT4	GCF_001995825.2_WP_017057338.1	25.610	86	83	90	82	56	2	10	86	2	83	1.19e-18	78.3
tr|E8XIQ7|E8XIQ7_SALT4	GCF_014169735.1_WP_134997272.1	33.333	86	86	80	69	43	1	6	74	3	68	1.25e-18	78.3
tr|E8XIQ7|E8XIQ7_SALT4	GCF_024347455.1_WP_135458404.1	25.610	86	83	90	82	56	2	10	86	2	83	1.27e-18	78.1
tr|E8XIQ7|E8XIQ7_SALT4	GCF_000091465.1_WP_004733849.1	25.610	86	83	90	82	56	2	10	86	2	83	1.27e-18	78.1
tr|E8XIQ7|E8XIQ7_SALT4	GCF_022827545.1_WP_243798205.1	32.099	86	82	88	81	47	2	3	78	1	78	1.28e-18	78.1
tr|E8XIQ7|E8XIQ7_SALT4	GCF_016026615.1_WP_197928313.1	33.333	86	89	80	69	43	1	5	73	2	67	1.36e-18	78.1
tr|E8XIQ7|E8XIQ7_SALT4	GCF_008364325.2_WP_020826409.1	25.316	86	84	91	79	55	2	5	82	2	77	1.50e-18	78.1
tr|E8XIQ7|E8XIQ7_SALT4	GCF_005931095.1_WP_017839868.1	26.923	86	84	90	78	55	2	8	84	4	80	1.68e-18	77.8
tr|E8XIQ7|E8XIQ7_SALT4	GCF_009662475.1_WP_031573754.1	26.471	86	79	79	68	50	0	3	70	1	68	1.89e-18	77.5
tr|E8XIQ7|E8XIQ7_SALT4	GCF_020844025.1_WP_215848879.1	28.169	86	77	83	71	51	0	3	73	1	71	3.51e-18	76.9
tr|E8XIQ7|E8XIQ7_SALT4	GCF_002214395.1_WP_010453422.1	30.769	86	81	85	78	49	2	12	84	4	81	4.13e-18	76.9
tr|E8XIQ7|E8XIQ7_SALT4	GCF_022811645.1_WP_243511723.1	25.641	86	90	86	78	51	2	3	76	1	75	4.28e-18	76.9
tr|E8XIQ7|E8XIQ7_SALT4	GCF_019670105.1_WP_040307707.1	26.250	86	81	87	80	54	2	10	84	2	81	4.47e-18	76.6
tr|E8XIQ7|E8XIQ7_SALT4	GCF_024347655.1_WP_060467732.1	24.390	86	83	90	82	57	2	10	86	2	83	6.30e-18	76.4
tr|E8XIQ7|E8XIQ7_SALT4	GCF_004214795.1_WP_130234502.1	21.519	86	78	88	79	56	2	3	78	1	76	7.23e-18	76.1
tr|E8XIQ7|E8XIQ7_SALT4	GCF_002762215.1_WP_085750011.1	29.333	86	87	83	75	46	3	4	74	3	74	7.43e-18	76.4
tr|E8XIQ7|E8XIQ7_SALT4	GCF_003990335.1_WP_127025819.1	25.641	86	91	91	78	56	1	3	80	1	76	8.16e-18	76.4
tr|E8XIQ7|E8XIQ7_SALT4	GCF_024347675.1_WP_261835500.1	27.500	86	81	87	80	53	2	10	84	2	81	8.24e-18	76.1
tr|E8XIQ7|E8XIQ7_SALT4	GCF_000148645.1_WP_013347076.1	28.571	86	80	84	77	50	2	12	83	3	79	8.56e-18	76.1
tr|E8XIQ7|E8XIQ7_SALT4	GCF_024582835.1_WP_257083279.1	28.049	86	87	90	82	54	2	10	86	2	83	9.21e-18	76.1
tr|E8XIQ7|E8XIQ7_SALT4	GCF_024494545.1_WP_256384876.1	26.582	86	81	86	79	53	2	10	83	2	80	9.50e-18	75.8
tr|E8XIQ7|E8XIQ7_SALT4	GCF_008728635.1_WP_151087836.1	24.675	86	90	85	77	51	2	3	75	1	74	1.12e-17	75.8
tr|E8XIQ7|E8XIQ7_SALT4	GCF_003149515.1_WP_109656005.1	24.675	86	90	85	77	51	2	3	75	1	74	1.26e-17	75.8
tr|E8XIQ7|E8XIQ7_SALT4	GCF_013343005.1_WP_078482823.1	38.462	86	84	85	78	43	2	3	75	1	78	1.36e-17	75.5
tr|E8XIQ7|E8XIQ7_SALT4	GCF_000014765.1_WP_011633385.1	33.333	86	89	92	84	51	3	8	86	3	86	1.68e-17	75.5
tr|E8XIQ7|E8XIQ7_SALT4	GCF_002849875.1_WP_232379112.1	26.744	86	113	91	86	55	2	6	83	28	113	1.86e-17	75.8
tr|E8XIQ7|E8XIQ7_SALT4	GCF_024362845.1_WP_255230807.1	23.750	86	82	87	80	56	2	10	84	2	81	2.33e-17	75.0
tr|E8XIQ7|E8XIQ7_SALT4	GCF_000940995.1_WP_082060442.1	24.706	86	93	98	85	63	1	3	86	1	85	2.35e-17	75.2
tr|E8XIQ7|E8XIQ7_SALT4	GCF_000212735.1_WP_013764159.1	26.923	86	83	86	78	50	2	1	74	1	75	2.53e-17	75.0
tr|E8XIQ7|E8XIQ7_SALT4	GCF_900233005.1_WP_102521318.1	24.051	86	81	86	79	55	2	10	83	2	80	3.10e-17	74.7
tr|E8XIQ7|E8XIQ7_SALT4	GCF_000024005.1_WP_012793320.1	28.205	86	84	86	78	49	2	2	75	3	77	3.24e-17	74.7
tr|E8XIQ7|E8XIQ7_SALT4	GCF_001831495.1_WP_068547707.1	25.316	86	81	86	79	54	2	10	83	2	80	3.28e-17	74.4
tr|E8XIQ7|E8XIQ7_SALT4	GCF_008369605.1_WP_000253074.1	29.114	86	81	86	79	51	2	10	83	2	80	3.81e-17	74.4
tr|E8XIQ7|E8XIQ7_SALT4	GCF_013177675.1_WP_172128285.1	24.000	86	81	84	75	51	2	3	74	1	72	3.88e-17	74.4
tr|E8XIQ7|E8XIQ7_SALT4	GCF_003967195.1_WP_172597571.1	35.000	86	83	87	80	47	2	3	77	2	81	4.78e-17	74.1
tr|E8XIQ7|E8XIQ7_SALT4	GCF_001651805.1_WP_067384150.1	39.437	86	78	77	71	38	3	7	72	4	74	5.40e-17	73.8
tr|E8XIQ7|E8XIQ7_SALT4	GCF_002906475.1_WP_012130247.1	28.571	86	81	84	77	50	2	12	83	4	80	6.09e-17	73.8
tr|E8XIQ7|E8XIQ7_SALT4	GCF_002142475.1_WP_026148861.1	29.487	86	86	86	78	48	2	5	78	2	76	6.18e-17	73.8
tr|E8XIQ7|E8XIQ7_SALT4	GCF_000021985.1_WP_012639500.1	33.333	86	82	81	75	45	2	3	72	1	75	6.66e-17	73.8
tr|E8XIQ7|E8XIQ7_SALT4	GCF_003353065.1_WP_114983154.1	26.316	86	84	84	76	49	3	1	72	1	73	6.78e-17	73.8
tr|E8XIQ7|E8XIQ7_SALT4	GCF_001455205.1_WP_062560013.1	22.078	86	84	88	77	58	2	10	85	6	81	7.28e-17	73.6
tr|E8XIQ7|E8XIQ7_SALT4	GCF_001456255.1_WP_020335096.1	29.487	86	81	85	78	50	2	12	84	4	81	7.43e-17	73.6
tr|E8XIQ7|E8XIQ7_SALT4	GCF_000772105.1_WP_004748349.1	27.632	86	81	87	76	54	1	10	84	2	77	8.44e-17	73.6
tr|E8XIQ7|E8XIQ7_SALT4	GCF_004328865.1_WP_104643907.1	29.630	86	83	88	81	52	2	10	85	2	82	8.87e-17	73.6
tr|E8XIQ7|E8XIQ7_SALT4	GCF_003544915.1_WP_118918525.1	27.632	86	73	85	76	49	2	3	75	1	73	9.09e-17	73.3
tr|E8XIQ7|E8XIQ7_SALT4	GCF_013201725.1_WP_014475480.1	29.730	86	74	83	74	46	2	3	73	1	71	9.09e-17	73.3
tr|E8XIQ7|E8XIQ7_SALT4	GCF_002021755.1_WP_005434844.1	28.571	86	81	84	77	50	2	12	83	4	80	9.21e-17	73.3
tr|E8XIQ7|E8XIQ7_SALT4	GCF_013177635.1_WP_129095542.1	24.324	86	72	83	74	50	2	3	73	1	71	9.54e-17	73.3
tr|E8XIQ7|E8XIQ7_SALT4	GCF_019703835.1_WP_087020305.1	32.911	86	79	87	79	46	2	12	86	3	78	1.04e-16	73.3
tr|E8XIQ7|E8XIQ7_SALT4	GCF_010093065.1_WP_162331416.1	24.675	86	84	85	77	51	2	3	75	4	77	1.28e-16	73.0
tr|E8XIQ7|E8XIQ7_SALT4	GCF_003668795.1_WP_054981706.1	33.333	86	83	88	81	49	2	10	85	2	82	1.30e-16	73.0
tr|E8XIQ7|E8XIQ7_SALT4	GCF_024746855.1_WP_260492542.1	26.923	86	79	86	78	53	1	10	83	2	79	1.54e-16	72.7
tr|E8XIQ7|E8XIQ7_SALT4	GCF_003063625.1_WP_108601906.1	30.000	86	85	78	70	46	1	10	76	5	74	1.61e-16	72.7
tr|E8XIQ7|E8XIQ7_SALT4	GCF_003346775.1_WP_114843067.1	23.377	86	84	86	77	53	2	3	76	1	74	1.89e-16	72.7
tr|E8XIQ7|E8XIQ7_SALT4	GCF_000770115.1_WP_069687890.1	27.273	86	81	84	77	51	2	12	83	4	80	1.93e-16	72.4
tr|E8XIQ7|E8XIQ7_SALT4	GCF_009938015.1_WP_223264517.1	31.646	86	90	86	79	49	3	1	74	1	79	2.05e-16	72.7
tr|E8XIQ7|E8XIQ7_SALT4	GCF_002221525.1_WP_089349457.1	33.333	86	83	88	81	49	2	10	85	2	82	2.12e-16	72.4
tr|E8XIQ7|E8XIQ7_SALT4	GCF_001955715.1_WP_029708890.1	30.137	86	80	80	73	44	2	5	73	2	71	2.19e-16	72.4
tr|E8XIQ7|E8XIQ7_SALT4	GCF_003970675.1_WP_126615366.1	30.882	86	76	79	68	43	2	7	74	10	73	2.27e-16	72.1
tr|E8XIQ7|E8XIQ7_SALT4	GCF_002355735.1_WP_096359192.1	27.632	86	83	84	76	51	2	4	75	7	82	2.37e-16	72.4
tr|E8XIQ7|E8XIQ7_SALT4	GCF_002157225.2_WP_086934278.1	28.767	86	80	85	73	52	0	10	82	5	77	2.50e-16	72.1
tr|E8XIQ7|E8XIQ7_SALT4	GCF_000828615.1_WP_041064380.1	31.646	86	80	86	79	49	3	1	74	1	79	2.58e-16	72.1
tr|E8XIQ7|E8XIQ7_SALT4	GCF_018736065.1_WP_144074266.1	30.882	86	76	79	68	43	2	7	74	10	73	2.64e-16	72.1
tr|E8XIQ7|E8XIQ7_SALT4	GCF_000238395.3_WP_010553578.1	28.395	86	83	88	81	53	2	10	85	2	82	2.87e-16	72.1
tr|E8XIQ7|E8XIQ7_SALT4	GCF_005877035.1_WP_039486662.1	29.630	86	83	88	81	52	2	10	85	2	82	3.14e-16	72.1
tr|E8XIQ7|E8XIQ7_SALT4	GCF_019670485.1_WP_221071211.1	31.169	86	81	84	77	48	2	12	83	4	80	3.79e-16	71.9
tr|E8XIQ7|E8XIQ7_SALT4	GCF_024347495.1_WP_137371745.1	28.378	86	80	85	74	52	1	10	82	2	75	3.81e-16	71.9
tr|E8XIQ7|E8XIQ7_SALT4	GCF_013201935.1_WP_129014602.1	24.324	86	72	83	74	50	2	3	73	1	71	3.83e-16	71.6
tr|E8XIQ7|E8XIQ7_SALT4	GCF_001999225.1_WP_077537996.1	24.691	86	82	88	81	56	2	10	85	2	82	3.85e-16	71.9
tr|E8XIQ7|E8XIQ7_SALT4	GCF_003346815.1_WP_114840342.1	29.333	86	82	84	75	47	2	3	74	1	72	4.04e-16	71.9
tr|E8XIQ7|E8XIQ7_SALT4	GCF_008632455.1_WP_150048082.1	23.377	86	84	88	77	57	2	9	84	5	80	4.14e-16	71.9
tr|E8XIQ7|E8XIQ7_SALT4	GCF_004028275.1_WP_128384077.1	24.286	86	77	77	70	49	2	9	74	2	71	5.23e-16	71.3
tr|E8XIQ7|E8XIQ7_SALT4	GCF_002355415.1_WP_148665551.1	32.877	86	87	80	73	45	2	6	74	13	85	5.49e-16	71.6
tr|E8XIQ7|E8XIQ7_SALT4	GCF_902810445.1_WP_197744199.1	25.000	86	78	84	76	49	4	3	74	1	72	5.62e-16	71.3
tr|E8XIQ7|E8XIQ7_SALT4	GCF_007197555.1_WP_144048375.1	26.190	86	94	90	84	55	2	6	82	3	86	6.31e-16	71.6
tr|E8XIQ7|E8XIQ7_SALT4	GCF_000024825.1_WP_005460845.1	28.205	86	81	85	78	51	2	12	84	4	81	6.34e-16	71.3
tr|E8XIQ7|E8XIQ7_SALT4	GCF_019797925.1_WP_193521737.1	26.923	86	80	86	78	53	1	10	83	2	79	6.44e-16	71.3
tr|E8XIQ7|E8XIQ7_SALT4	GCF_008931805.1_WP_019441510.1	25.000	86	81	87	80	55	2	10	84	2	81	6.81e-16	71.0
tr|E8XIQ7|E8XIQ7_SALT4	GCF_002218045.2_WP_089137819.1	38.889	86	79	79	72	40	2	6	73	5	76	6.91e-16	71.0
tr|E8XIQ7|E8XIQ7_SALT4	GCF_000019525.1_WP_012323084.1	26.316	86	81	87	76	55	1	10	84	2	77	7.26e-16	71.0
tr|E8XIQ7|E8XIQ7_SALT4	GCF_016613475.2_WP_200606805.1	21.333	86	90	83	75	52	2	4	74	5	76	7.40e-16	71.3
tr|E8XIQ7|E8XIQ7_SALT4	GCF_002215215.1_WP_088918776.1	35.714	86	101	80	70	43	2	5	73	15	83	1.06e-15	71.0
tr|E8XIQ7|E8XIQ7_SALT4	GCF_000321415.2_WP_015260329.1	30.588	86	93	94	85	55	2	1	81	1	85	1.33e-15	70.7
tr|E8XIQ7|E8XIQ7_SALT4	GCF_013201665.1_WP_128359868.1	21.951	86	81	92	82	58	2	3	81	1	79	1.36e-15	70.5
tr|E8XIQ7|E8XIQ7_SALT4	GCF_019977755.1_WP_126608378.1	29.885	86	103	88	87	50	3	10	85	16	102	1.43e-15	70.7
tr|E8XIQ7|E8XIQ7_SALT4	GCF_006364355.1_WP_004727652.1	20.732	86	83	90	82	60	2	10	86	2	83	1.53e-15	70.2
tr|E8XIQ7|E8XIQ7_SALT4	GCF_002887615.1_WP_038869703.1	27.273	86	81	84	77	51	2	12	83	4	80	1.78e-15	70.2
tr|E8XIQ7|E8XIQ7_SALT4	GCF_015209785.1_WP_193988300.1	42.647	86	73	78	68	38	1	6	72	2	69	2.48e-15	69.6
tr|E8XIQ7|E8XIQ7_SALT4	GCF_003568825.1_WP_040644076.1	21.795	86	83	86	78	57	1	10	83	2	79	2.53e-15	69.6
tr|E8XIQ7|E8XIQ7_SALT4	GCF_002557795.1_WP_098194977.1	24.691	86	89	84	81	49	3	3	74	1	78	2.72e-15	69.9
tr|E8XIQ7|E8XIQ7_SALT4	GCF_001431725.1_WP_021820278.1	20.000	86	81	87	80	59	2	10	84	2	81	3.20e-15	69.3
tr|E8XIQ7|E8XIQ7_SALT4	GCF_002157895.1_WP_227874980.1	23.750	86	82	87	80	56	2	10	84	3	82	3.88e-15	69.3
tr|E8XIQ7|E8XIQ7_SALT4	GCF_008807855.1_WP_063240334.1	24.675	86	83	85	77	51	2	2	74	3	76	3.95e-15	69.3
tr|E8XIQ7|E8XIQ7_SALT4	GCF_000026085.1_WP_041454550.1	40.845	86	73	80	71	39	3	6	74	2	71	3.99e-15	69.1
tr|E8XIQ7|E8XIQ7_SALT4	GCF_026427595.1_WP_251812951.1	25.000	86	88	87	80	55	2	12	86	7	86	5.54e-15	69.1
tr|E8XIQ7|E8XIQ7_SALT4	GCF_000014785.1_WP_011630183.1	33.766	86	83	85	77	47	3	4	76	7	83	6.77e-15	68.8
tr|E8XIQ7|E8XIQ7_SALT4	GCF_008122265.1_WP_148863603.1	22.368	86	84	84	76	52	2	5	76	2	74	7.52e-15	68.5
tr|E8XIQ7|E8XIQ7_SALT4	GCF_000227685.2_WP_006746304.1	29.630	86	83	90	81	53	2	1	77	1	81	7.57e-15	68.5
tr|E8XIQ7|E8XIQ7_SALT4	GCF_000788395.1_WP_038641921.1	30.882	86	85	78	68	46	1	8	74	3	70	9.62e-15	68.2
tr|E8XIQ7|E8XIQ7_SALT4	GCF_005166025.1_WP_137090244.1	27.632	86	84	84	76	48	2	3	74	1	73	9.77e-15	68.2
tr|E8XIQ7|E8XIQ7_SALT4	GCF_009363415.1_WP_152430616.1	18.987	86	84	86	79	59	2	10	83	2	80	1.04e-14	68.2
tr|E8XIQ7|E8XIQ7_SALT4	GCF_024347195.1_WP_271272618.1	36.111	86	77	79	72	42	3	5	72	2	73	1.04e-14	67.9
tr|E8XIQ7|E8XIQ7_SALT4	GCF_001442805.1_WP_057942092.1	25.974	86	88	85	77	50	2	2	74	3	76	1.15e-14	68.2
tr|E8XIQ7|E8XIQ7_SALT4	GCF_017638925.1_WP_208844867.1	25.000	86	81	84	76	53	1	10	81	2	77	1.62e-14	67.6
tr|E8XIQ7|E8XIQ7_SALT4	GCF_020091585.1_WP_224339804.1	22.368	86	82	84	76	52	2	5	76	2	74	1.62e-14	67.6
tr|E8XIQ7|E8XIQ7_SALT4	GCF_004421105.1_WP_134356453.1	20.513	86	80	86	78	55	3	5	78	2	76	1.81e-14	67.4
tr|E8XIQ7|E8XIQ7_SALT4	GCF_010119975.1_WP_162445115.1	25.882	86	365	94	85	55	2	4	84	8	88	1.89e-14	71.9
tr|E8XIQ7|E8XIQ7_SALT4	GCF_024347275.1_WP_019620968.1	28.750	86	82	87	80	52	3	6	80	3	82	2.02e-14	67.4
tr|E8XIQ7|E8XIQ7_SALT4	GCF_023733635.1_WP_039959400.1	30.864	86	89	88	81	51	2	5	80	2	82	2.35e-14	67.4
tr|E8XIQ7|E8XIQ7_SALT4	GCF_002356115.1_WP_096526481.1	18.919	86	78	81	74	53	2	5	74	2	72	2.98e-14	66.8
tr|E8XIQ7|E8XIQ7_SALT4	GCF_000143085.1_WP_013221711.1	21.622	86	82	81	74	51	3	5	74	2	72	3.16e-14	66.8
tr|E8XIQ7|E8XIQ7_SALT4	GCF_001050135.1_WP_048644179.1	26.923	86	88	86	78	50	3	1	74	1	75	3.87e-14	66.8
tr|E8XIQ7|E8XIQ7_SALT4	GCF_018389385.1_WP_218082190.1	20.270	86	91	81	74	52	2	4	73	15	85	4.18e-14	66.8
tr|E8XIQ7|E8XIQ7_SALT4	GCF_024347255.1_WP_091360415.1	32.877	86	79	79	73	44	2	5	72	2	74	4.83e-14	66.5
tr|E8XIQ7|E8XIQ7_SALT4	GCF_012295615.1_WP_007018284.1	18.182	86	81	84	77	58	2	12	83	4	80	5.16e-14	66.2
tr|E8XIQ7|E8XIQ7_SALT4	GCF_000012805.1_WP_011330264.1	20.270	86	85	81	74	52	3	5	74	2	72	7.11e-14	66.0
tr|E8XIQ7|E8XIQ7_SALT4	GCF_001956695.1_WP_076086034.1	18.987	86	77	87	79	57	2	7	81	2	77	9.41e-14	65.7
tr|E8XIQ7|E8XIQ7_SALT4	GCF_000317125.1_WP_015155280.1	20.253	86	81	87	79	56	3	5	79	2	77	1.09e-13	65.4
tr|E8XIQ7|E8XIQ7_SALT4	GCF_004798725.1_WP_010811758.1	22.078	86	83	85	77	53	2	2	74	3	76	1.30e-13	65.4
tr|E8XIQ7|E8XIQ7_SALT4	GCF_001956695.1_WP_076086043.1	25.676	86	77	83	74	49	2	5	75	2	72	2.11e-13	64.8
tr|E8XIQ7|E8XIQ7_SALT4	GCF_003955735.1_WP_126127786.1	24.675	86	91	85	77	51	3	2	74	4	77	2.37e-13	64.8
tr|E8XIQ7|E8XIQ7_SALT4	GCF_000092245.1_WP_013136435.1	30.137	86	76	81	73	45	2	7	76	2	71	2.93e-13	64.3
tr|E8XIQ7|E8XIQ7_SALT4	GCF_000222485.1_WP_014022977.1	21.795	86	85	86	78	54	3	1	74	1	75	3.62e-13	64.3
tr|E8XIQ7|E8XIQ7_SALT4	GCF_003722295.1_WP_010573895.1	23.684	86	75	81	76	49	2	5	74	2	74	3.66e-13	64.0
tr|E8XIQ7|E8XIQ7_SALT4	GCF_000012325.1_WP_011045621.1	26.866	86	84	78	67	49	0	10	76	5	71	5.21e-13	64.0
tr|E8XIQ7|E8XIQ7_SALT4	GCF_019891175.1_WP_225938383.1	21.687	86	93	92	83	57	3	1	79	7	85	5.26e-13	64.0
tr|E8XIQ7|E8XIQ7_SALT4	GCF_024347215.1_WP_261843265.1	36.111	86	77	79	72	42	3	5	72	2	73	6.48e-13	63.4
tr|E8XIQ7|E8XIQ7_SALT4	GCF_013283835.1_WP_071625892.1	24.324	86	79	79	74	47	2	7	74	2	72	6.91e-13	63.4
tr|E8XIQ7|E8XIQ7_SALT4	GCF_000019185.1_WP_012277931.1	22.449	86	100	86	98	52	3	10	83	2	99	1.55e-12	62.9
tr|E8XIQ7|E8XIQ7_SALT4	GCF_013201665.1_WP_128358834.1	21.127	86	76	79	71	50	2	7	74	2	69	2.93e-12	61.7
tr|E8XIQ7|E8XIQ7_SALT4	GCF_000024725.1_WP_013031543.1	20.513	86	81	86	78	55	3	5	78	2	76	3.52e-12	61.7
tr|E8XIQ7|E8XIQ7_SALT4	GCF_000317575.1_WP_015193670.1	23.684	86	74	84	76	50	3	3	74	1	72	3.65e-12	61.5
tr|E8XIQ7|E8XIQ7_SALT4	GCF_013282625.1_WP_173286717.1	27.941	86	67	79	68	46	1	9	76	2	66	3.69e-12	61.5
tr|E8XIQ7|E8XIQ7_SALT4	GCF_000265505.1_WP_014796533.1	23.529	86	97	86	85	54	2	4	77	3	87	5.31e-12	61.5
tr|E8XIQ7|E8XIQ7_SALT4	GCF_013201935.1_WP_128987185.1	19.718	86	76	79	71	51	2	7	74	2	69	5.35e-12	61.2
tr|E8XIQ7|E8XIQ7_SALT4	GCF_013177635.1_WP_129095951.1	21.127	86	76	79	71	50	2	7	74	2	69	5.48e-12	61.2
tr|E8XIQ7|E8XIQ7_SALT4	GCF_000018105.1_WP_012162738.1	15.190	86	86	87	79	60	2	5	79	2	77	5.64e-12	61.2
tr|E8XIQ7|E8XIQ7_SALT4	GCF_002309535.1_WP_096047558.1	22.500	86	88	90	80	56	2	9	85	4	80	6.21e-12	61.2
tr|E8XIQ7|E8XIQ7_SALT4	GCF_000973725.1_WP_046311560.1	21.795	86	91	86	78	54	2	3	76	1	75	9.05e-12	60.9
tr|E8XIQ7|E8XIQ7_SALT4	GCF_001705075.2_WP_065970077.1	25.641	86	78	86	78	54	2	3	76	1	78	1.07e-11	60.3
tr|E8XIQ7|E8XIQ7_SALT4	GCF_000014705.1_WP_011637758.1	22.892	86	88	91	83	59	2	9	86	3	85	1.45e-11	60.3
tr|E8XIQ7|E8XIQ7_SALT4	GCF_003544815.1_WP_118886031.1	21.127	86	76	79	71	50	2	7	74	2	69	1.49e-11	60.1
tr|E8XIQ7|E8XIQ7_SALT4	GCF_009937995.1_WP_179954406.1	24.675	86	79	84	77	53	2	5	76	2	78	3.14e-11	59.2
tr|E8XIQ7|E8XIQ7_SALT4	GCF_011398355.1_WP_173270160.1	27.692	86	65	76	65	44	1	9	73	2	63	6.87e-11	58.1
tr|E8XIQ7|E8XIQ7_SALT4	GCF_000147355.1_WP_013326989.1	27.692	86	67	70	65	42	2	23	82	1	65	8.50e-11	57.8
tr|E8XIQ7|E8XIQ7_SALT4	GCF_000238255.3_WP_010559905.1	26.471	86	86	78	68	49	1	8	74	3	70	1.04e-10	58.1
tr|E8XIQ7|E8XIQ7_SALT4	GCF_013177675.1_WP_172126669.1	23.944	86	77	79	71	48	2	7	74	2	69	1.16e-10	57.8
tr|E8XIQ7|E8XIQ7_SALT4	GCF_004293625.1_WP_130538367.1	35.593	86	71	69	59	35	1	9	67	2	57	1.34e-10	57.5
tr|E8XIQ7|E8XIQ7_SALT4	GCF_021654855.1_WP_237262080.1	26.471	86	70	74	68	43	2	10	73	3	67	2.00e-10	57.0
tr|E8XIQ7|E8XIQ7_SALT4	GCF_000568815.1_WP_025346049.1	19.481	86	76	86	77	56	2	8	81	3	76	2.68e-10	56.7
tr|E8XIQ7|E8XIQ7_SALT4	GCF_024347675.1_WP_261833361.1	32.558	86	54	50	43	29	0	10	52	2	44	4.34e-10	55.8
tr|E8XIQ7|E8XIQ7_SALT4	GCF_000006765.1_NP_249630.1	32.143	86	108	91	84	51	1	5	82	2	85	6.49e-10	56.4
tr|E8XIQ7|E8XIQ7_SALT4	GCF_000018285.1_WP_012155987.1	19.388	86	102	84	98	53	3	10	81	2	99	1.37e-09	55.5
tr|E8XIQ7|E8XIQ7_SALT4	GCF_003855395.1_WP_124730567.1	22.892	86	88	91	83	59	3	9	86	3	85	1.55e-09	55.0
tr|E8XIQ7|E8XIQ7_SALT4	GCF_003346815.1_WP_114840344.1	27.273	86	84	86	77	49	4	3	76	1	73	1.80e-09	54.7
tr|E8XIQ7|E8XIQ7_SALT4	GCF_011398355.1_WP_173270199.1	25.758	86	66	77	66	46	1	9	74	2	64	2.09e-09	54.4
tr|E8XIQ7|E8XIQ7_SALT4	GCF_001444405.1_WP_058032142.1	28.788	86	87	76	66	46	1	10	74	2	67	2.34e-09	54.7
tr|E8XIQ7|E8XIQ7_SALT4	GCF_001723605.1_WP_069479051.1	20.270	86	76	83	74	53	2	10	80	5	75	2.47e-09	54.4
tr|E8XIQ7|E8XIQ7_SALT4	GCF_000265295.1_WP_014770430.1	21.053	86	76	85	76	54	2	8	80	3	75	2.51e-09	54.4
tr|E8XIQ7|E8XIQ7_SALT4	GCF_003967275.1_WP_197721837.1	31.081	86	78	81	74	47	3	3	72	1	74	2.53e-09	54.4
tr|E8XIQ7|E8XIQ7_SALT4	GCF_017742995.1_WP_247749573.1	47.222	86	48	42	36	19	0	10	45	2	37	2.85e-09	53.9
tr|E8XIQ7|E8XIQ7_SALT4	GCF_026278345.1_WP_266369249.1	24.658	86	90	80	73	48	3	5	73	2	71	2.86e-09	54.4
tr|E8XIQ7|E8XIQ7_SALT4	GCF_023650495.1_WP_250655372.1	25.000	86	88	56	52	35	1	8	55	3	54	4.89e-09	53.9
tr|E8XIQ7|E8XIQ7_SALT4	GCF_020511155.1_WP_226415657.1	16.250	86	87	87	80	62	2	8	82	3	82	4.97e-09	53.9
tr|E8XIQ7|E8XIQ7_SALT4	GCF_006385555.1_WP_140234395.1	25.316	86	87	86	79	54	2	9	82	3	81	7.16e-09	53.3
tr|E8XIQ7|E8XIQ7_SALT4	GCF_013283835.1_WP_071628250.1	25.000	86	81	80	72	48	2	6	74	3	71	1.84e-08	52.2
tr|E8XIQ7|E8XIQ7_SALT4	GCF_002116735.1_WP_041332374.1	16.456	86	86	87	79	59	2	2	76	5	80	4.32e-08	51.3
tr|E8XIQ7|E8XIQ7_SALT4	GCF_011398155.1_WP_173291533.1	19.697	86	71	76	66	49	2	10	74	3	65	1.23e-07	49.9
tr|E8XIQ7|E8XIQ7_SALT4	GCF_000013765.1_WP_011496543.1	20.253	86	106	86	79	58	2	10	83	23	101	3.33e-07	49.4
tr|E8XIQ7|E8XIQ7_SALT4	GCF_000484535.1_WP_023173213.1	29.688	86	91	73	64	44	1	12	74	24	87	4.96e-07	48.8
tr|E8XIQ7|E8XIQ7_SALT4	GCF_021018745.1_WP_230843504.1	28.125	86	92	73	64	45	1	12	74	24	87	1.06e-06	48.0
tr|E8XIQ7|E8XIQ7_SALT4	GCF_009931655.1_WP_161888514.1	18.987	86	89	87	79	57	2	3	77	1	76	1.49e-06	47.4
tr|E8XIQ7|E8XIQ7_SALT4	GCF_001027285.1_WP_047859305.1	22.449	86	80	57	49	38	0	12	60	12	60	2.56e-06	46.8
tr|E8XIQ7|E8XIQ7_SALT4	GCF_011764585.1_WP_188200227.1	25.000	86	63	59	56	37	2	23	73	2	57	2.77e-06	46.3
tr|E8XIQ7|E8XIQ7_SALT4	GCF_000011385.1_WP_011141833.1	28.125	86	92	73	64	45	1	12	74	24	87	2.97e-06	46.8
tr|E8XIQ7|E8XIQ7_SALT4	GCF_014217805.1_WP_185274331.1	19.737	86	91	84	76	54	2	5	76	6	78	7.80e-06	45.7
tr|E8XIQ7|E8XIQ7_SALT4	GCF_000242635.2_WP_014682426.1	20.968	86	83	67	62	42	2	14	71	11	69	9.99e-06	45.1
tr|E8XIQ7|E8XIQ7_SALT4	GCF_005281475.1_WP_137401239.1	25.000	86	81	80	72	48	3	6	74	2	70	3.75e-05	43.7
tr|E8XIQ7|E8XIQ7_SALT4	GCF_019931735.1_WP_223417223.1	16.667	86	87	85	78	60	3	10	82	4	81	4.15e-05	43.7
tr|E8XIQ7|E8XIQ7_SALT4	GCF_006575665.1_WP_141613356.1	25.000	86	81	80	72	48	3	6	74	2	70	6.69e-05	43.2
tr|E8XIQ7|E8XIQ7_SALT4	GCF_003260975.1_WP_112783789.1	22.222	86	81	80	72	50	3	6	74	2	70	8.02e-05	42.9
tr|E8XIQ7|E8XIQ7_SALT4	GCF_014075995.1_WP_182414414.1	17.949	86	91	86	78	57	2	3	76	4	78	9.49e-05	42.9
tr|E8XIQ7|E8XIQ7_SALT4	GCF_009937995.1_WP_162085741.1	27.500	86	82	86	80	52	2	3	76	1	80	0.001	40.1
tr|E8XIQ7|E8XIQ7_SALT4	GCF_003143555.1_WP_109340539.1	15.152	86	84	73	66	53	2	12	74	5	70	0.003	39.0
tr|E8XIQ7|E8XIQ7_SALT4	GCF_001263175.1_WP_050726405.1	27.273	86	81	51	44	32	0	12	55	12	55	0.006	38.1
# PSIBLAST 2.13.0+
# Iteration: 5
# Query: tr|E8XIQ7|E8XIQ7_SALT4 Rho-binding antiterminator OS=Salmonella typhimurium (strain 4/74) OX=909946 GN=rof PE=4 SV=1
# Database: db/chosen-bacteria_proteome_exDup
# Fields: query id, subject id, % identity, query length, subject length, % query coverage per subject, alignment length, mismatches, gap opens, q. start, q. end, s. start, s. end, evalue, bit score
# 464 hits found
tr|E8XIQ7|E8XIQ7_SALT4	GCF_001461805.1_WP_013367515.1	84.884	86	86	100	86	13	0	1	86	1	86	8.97e-40	132
tr|E8XIQ7|E8XIQ7_SALT4	GCF_001518835.1_WP_059308693.1	83.721	86	86	100	86	14	0	1	86	1	86	1.03e-39	132
tr|E8XIQ7|E8XIQ7_SALT4	GCF_009176645.1_WP_152083529.1	83.721	86	86	100	86	14	0	1	86	1	86	1.56e-39	131
tr|E8XIQ7|E8XIQ7_SALT4	GCF_009036245.1_WP_025756830.1	81.395	86	86	100	86	16	0	1	86	1	86	2.07e-39	131
tr|E8XIQ7|E8XIQ7_SALT4	GCF_021172065.1_WP_015965827.1	81.395	86	86	100	86	16	0	1	86	1	86	2.46e-39	130
tr|E8XIQ7|E8XIQ7_SALT4	GCF_020097475.1_WP_000062318.1	80.233	86	86	100	86	17	0	1	86	1	86	2.52e-39	130
tr|E8XIQ7|E8XIQ7_SALT4	GCF_001683395.1_WP_017458015.1	79.070	86	86	100	86	18	0	1	86	1	86	3.46e-39	130
tr|E8XIQ7|E8XIQ7_SALT4	GCF_003594935.2_WP_006173581.1	83.721	86	86	100	86	14	0	1	86	1	86	6.04e-39	130
tr|E8XIQ7|E8XIQ7_SALT4	GCF_001658025.2_WP_007373243.1	80.233	86	86	100	86	17	0	1	86	1	86	6.09e-39	130
tr|E8XIQ7|E8XIQ7_SALT4	GCF_007632255.1_WP_015368146.1	82.558	86	86	100	86	15	0	1	86	1	86	7.91e-39	129
tr|E8XIQ7|E8XIQ7_SALT4	GCF_001022135.1_WP_039078449.1	81.395	86	86	100	86	16	0	1	86	1	86	8.84e-39	129
tr|E8XIQ7|E8XIQ7_SALT4	GCF_000224675.1_WP_010426685.1	82.558	86	86	100	86	15	0	1	86	1	86	8.84e-39	129
tr|E8XIQ7|E8XIQ7_SALT4	GCF_027886705.1_WP_061497537.1	79.070	86	86	100	86	18	0	1	86	1	86	9.13e-39	129
tr|E8XIQ7|E8XIQ7_SALT4	GCF_000006925.2_NP_706134.1	81.395	86	86	100	86	16	0	1	86	1	86	9.65e-39	129
tr|E8XIQ7|E8XIQ7_SALT4	GCF_015137655.1_WP_028015593.1	81.395	86	86	100	86	16	0	1	86	1	86	1.19e-38	129
tr|E8XIQ7|E8XIQ7_SALT4	GCF_001729805.1_WP_008501890.1	80.233	86	86	100	86	17	0	1	86	1	86	1.23e-38	129
tr|E8XIQ7|E8XIQ7_SALT4	GCF_025914095.1_WP_031518416.1	79.070	86	86	100	86	18	0	1	86	1	86	1.23e-38	129
tr|E8XIQ7|E8XIQ7_SALT4	GCF_009363135.1_WP_090122691.1	79.070	86	86	100	86	18	0	1	86	1	86	1.78e-38	128
tr|E8XIQ7|E8XIQ7_SALT4	GCF_023195735.1_WP_035891978.1	79.070	86	86	100	86	18	0	1	86	1	86	1.99e-38	128
tr|E8XIQ7|E8XIQ7_SALT4	GCF_001750725.1_WP_014168720.1	82.558	86	86	100	86	15	0	1	86	1	86	2.37e-38	128
tr|E8XIQ7|E8XIQ7_SALT4	GCF_019048625.1_WP_023305471.1	81.395	86	86	100	86	16	0	1	86	1	86	2.96e-38	128
tr|E8XIQ7|E8XIQ7_SALT4	GCF_009649915.1_WP_062772223.1	77.907	86	86	100	86	19	0	1	86	1	86	3.36e-38	128
tr|E8XIQ7|E8XIQ7_SALT4	GCF_004684345.1_WP_135323069.1	88.372	86	86	100	86	10	0	1	86	1	86	3.58e-38	128
tr|E8XIQ7|E8XIQ7_SALT4	GCF_016904755.1_WP_059234959.1	81.176	86	86	99	85	16	0	1	85	1	85	4.10e-38	127
tr|E8XIQ7|E8XIQ7_SALT4	GCF_001277255.1_WP_007666633.1	76.744	86	86	100	86	20	0	1	86	1	86	4.13e-38	127
tr|E8XIQ7|E8XIQ7_SALT4	GCF_001558935.2_WP_042323659.1	84.884	86	86	100	86	13	0	1	86	1	86	4.23e-38	127
tr|E8XIQ7|E8XIQ7_SALT4	GCF_003812345.1_WP_003018503.1	86.047	86	86	100	86	12	0	1	86	1	86	4.48e-38	127
tr|E8XIQ7|E8XIQ7_SALT4	GCF_022637515.1_WP_064539750.1	73.256	86	86	100	86	23	0	1	86	1	86	4.51e-38	127
tr|E8XIQ7|E8XIQ7_SALT4	GCF_004353845.1_WP_103768334.1	84.884	86	86	100	86	13	0	1	86	1	86	5.08e-38	127
tr|E8XIQ7|E8XIQ7_SALT4	GCF_021278985.1_WP_012904575.1	84.884	86	86	100	86	13	0	1	86	1	86	5.16e-38	127
tr|E8XIQ7|E8XIQ7_SALT4	GCF_900638065.1_WP_048212636.1	87.209	86	86	100	86	11	0	1	86	1	86	6.15e-38	127
tr|E8XIQ7|E8XIQ7_SALT4	GCF_001277175.1_WP_007760020.1	75.581	86	86	100	86	21	0	1	86	1	86	6.77e-38	127
tr|E8XIQ7|E8XIQ7_SALT4	GCF_018128425.1_WP_042289833.1	84.884	86	86	100	86	13	0	1	86	1	86	8.59e-38	126
tr|E8XIQ7|E8XIQ7_SALT4	GCF_001277215.2_WP_007776988.1	75.581	86	86	100	86	21	0	1	86	1	86	9.22e-38	126
tr|E8XIQ7|E8XIQ7_SALT4	GCF_001277195.1_WP_032966924.1	76.744	86	86	100	86	20	0	1	86	1	86	9.22e-38	126
tr|E8XIQ7|E8XIQ7_SALT4	GCF_003261575.2_WP_110272453.1	80.233	86	86	100	86	17	0	1	86	1	86	9.30e-38	126
tr|E8XIQ7|E8XIQ7_SALT4	GCF_002393445.1_WP_061273728.1	72.941	86	86	99	85	23	0	1	85	1	85	9.91e-38	126
tr|E8XIQ7|E8XIQ7_SALT4	GCF_000240185.1_YP_005225236.1	81.395	86	86	100	86	16	0	1	86	1	86	9.91e-38	126
tr|E8XIQ7|E8XIQ7_SALT4	GCF_018139045.1_WP_004129134.1	80.233	86	86	100	86	17	0	1	86	1	86	1.14e-37	126
tr|E8XIQ7|E8XIQ7_SALT4	GCF_009648935.1_WP_047417117.1	84.884	86	86	100	86	13	0	1	86	1	86	1.39e-37	126
tr|E8XIQ7|E8XIQ7_SALT4	GCF_003812925.1_WP_004107903.1	80.233	86	86	100	86	17	0	1	86	1	86	1.45e-37	126
tr|E8XIQ7|E8XIQ7_SALT4	GCF_015139575.1_WP_004098776.1	81.395	86	86	100	86	16	0	1	86	1	86	1.73e-37	126
tr|E8XIQ7|E8XIQ7_SALT4	GCF_000834395.1_WP_042546713.1	73.256	86	86	100	86	23	0	1	86	1	86	2.01e-37	126
tr|E8XIQ7|E8XIQ7_SALT4	GCF_006711645.1_WP_100682484.1	82.558	86	86	100	86	15	0	1	86	1	86	2.04e-37	126
tr|E8XIQ7|E8XIQ7_SALT4	GCF_003935895.2_WP_110510858.1	82.353	86	86	99	85	15	0	1	85	1	85	2.61e-37	125
tr|E8XIQ7|E8XIQ7_SALT4	GCF_022637595.1_WP_004858152.1	82.558	86	86	100	86	15	0	1	86	1	86	2.74e-37	125
tr|E8XIQ7|E8XIQ7_SALT4	GCF_012029655.1_WP_041144145.1	81.395	86	86	100	86	16	0	1	86	1	86	3.11e-37	125
tr|E8XIQ7|E8XIQ7_SALT4	GCF_900635955.1_WP_126357486.1	72.941	86	86	99	85	23	0	1	85	1	85	3.37e-37	125
tr|E8XIQ7|E8XIQ7_SALT4	GCF_004124235.1_WP_025377303.1	73.256	86	86	100	86	23	0	1	86	1	86	3.56e-37	125
tr|E8XIQ7|E8XIQ7_SALT4	GCF_000439255.1_WP_000062328.1	95.349	86	86	100	86	4	0	1	86	1	86	3.68e-37	125
tr|E8XIQ7|E8XIQ7_SALT4	GCF_000018045.1_WP_024130681.1	83.721	86	86	100	86	14	0	1	86	1	86	5.26e-37	125
tr|E8XIQ7|E8XIQ7_SALT4	GCF_013234275.1_WP_172895488.1	73.256	86	86	100	86	23	0	1	86	1	86	5.38e-37	125
tr|E8XIQ7|E8XIQ7_SALT4	GCF_000222975.1_WP_002218374.1	73.256	86	86	100	86	23	0	1	86	1	86	5.69e-37	125
tr|E8XIQ7|E8XIQ7_SALT4	GCF_024224615.1_WP_125293588.1	80.000	86	86	99	85	17	0	1	85	1	85	6.62e-37	124
tr|E8XIQ7|E8XIQ7_SALT4	GCF_013282725.1_WP_032813813.1	73.256	86	86	100	86	23	0	1	86	1	86	6.78e-37	124
tr|E8XIQ7|E8XIQ7_SALT4	GCF_011068345.1_WP_002436992.1	78.824	86	86	99	85	18	0	1	85	1	85	7.34e-37	124
tr|E8XIQ7|E8XIQ7_SALT4	GCF_000834455.1_WP_032817050.1	73.256	86	86	100	86	23	0	1	86	1	86	7.58e-37	124
tr|E8XIQ7|E8XIQ7_SALT4	GCF_000005845.2_NP_414731.2	80.952	86	84	98	84	16	0	3	86	1	84	8.30e-37	124
tr|E8XIQ7|E8XIQ7_SALT4	GCF_025133195.1_WP_032910235.1	70.930	86	86	100	86	25	0	1	86	1	86	9.93e-37	124
tr|E8XIQ7|E8XIQ7_SALT4	GCF_002163605.1_WP_157665988.1	75.581	86	86	100	86	21	0	1	86	1	86	1.04e-36	124
tr|E8XIQ7|E8XIQ7_SALT4	GCF_025758125.1_WP_023480196.1	77.907	86	86	100	86	19	0	1	86	1	86	1.08e-36	124
tr|E8XIQ7|E8XIQ7_SALT4	GCF_021276285.1_WP_095923198.1	73.810	86	86	98	84	22	0	1	84	1	84	1.17e-36	124
tr|E8XIQ7|E8XIQ7_SALT4	GCF_000006945.2_NP_459242.1	100.000	86	86	100	86	0	0	1	86	1	86	1.32e-36	123
tr|E8XIQ7|E8XIQ7_SALT4	GCF_000010085.1_WP_011411656.1	60.714	86	86	98	84	33	0	1	84	1	84	1.36e-36	123
tr|E8XIQ7|E8XIQ7_SALT4	GCF_000517425.1_WP_025421126.1	61.905	86	86	98	84	32	0	1	84	1	84	1.42e-36	123
tr|E8XIQ7|E8XIQ7_SALT4	GCF_005484945.1_WP_137712817.1	63.953	86	86	100	86	31	0	1	86	1	86	1.85e-36	123
tr|E8XIQ7|E8XIQ7_SALT4	GCF_019797845.1_WP_222158377.1	63.953	86	86	100	86	31	0	1	86	1	86	2.15e-36	123
tr|E8XIQ7|E8XIQ7_SALT4	GCF_022637475.1_WP_013574214.1	72.619	86	86	98	84	23	0	1	84	1	84	2.70e-36	123
tr|E8XIQ7|E8XIQ7_SALT4	GCF_009730055.1_WP_032906500.1	73.256	86	86	100	86	23	0	1	86	1	86	2.90e-36	123
tr|E8XIQ7|E8XIQ7_SALT4	GCF_012427845.1_WP_012773648.1	67.442	86	86	100	86	28	0	1	86	1	86	3.46e-36	123
tr|E8XIQ7|E8XIQ7_SALT4	GCF_900095885.1_WP_035340381.1	66.279	86	86	100	86	29	0	1	86	1	86	4.42e-36	122
tr|E8XIQ7|E8XIQ7_SALT4	GCF_017498685.1_WP_038245151.1	73.256	86	86	100	86	23	0	1	86	1	86	4.98e-36	122
tr|E8XIQ7|E8XIQ7_SALT4	GCF_002288545.1_WP_029367608.1	67.442	86	86	100	86	28	0	1	86	1	86	5.27e-36	122
tr|E8XIQ7|E8XIQ7_SALT4	GCF_000233595.1_WP_013024706.1	70.588	86	86	99	85	25	0	1	85	1	85	5.35e-36	122
tr|E8XIQ7|E8XIQ7_SALT4	GCF_002953195.1_WP_038628016.1	72.093	86	87	100	86	24	0	1	86	1	86	5.81e-36	122
tr|E8XIQ7|E8XIQ7_SALT4	GCF_000520015.2_WP_024910172.1	67.442	86	87	100	86	28	0	1	86	1	86	7.20e-36	122
tr|E8XIQ7|E8XIQ7_SALT4	GCF_009914055.1_WP_160619715.1	68.605	86	87	100	86	27	0	1	86	1	86	7.43e-36	122
tr|E8XIQ7|E8XIQ7_SALT4	GCF_002101395.1_WP_085067900.1	67.442	86	87	100	86	28	0	1	86	1	86	9.74e-36	121
tr|E8XIQ7|E8XIQ7_SALT4	GCF_000262305.1_WP_002441069.1	70.930	86	86	100	86	25	0	1	86	1	86	1.03e-35	121
tr|E8XIQ7|E8XIQ7_SALT4	GCF_009873295.1_WP_039312412.1	67.442	86	86	100	86	28	0	1	86	1	86	1.19e-35	121
tr|E8XIQ7|E8XIQ7_SALT4	GCF_015999465.1_WP_085688159.1	62.353	86	86	99	85	32	0	1	85	1	85	1.54e-35	121
tr|E8XIQ7|E8XIQ7_SALT4	GCF_003019925.1_WP_162185254.1	77.381	86	86	98	84	19	0	1	84	1	84	1.59e-35	121
tr|E8XIQ7|E8XIQ7_SALT4	GCF_017569925.1_WP_208228065.1	66.279	86	86	100	86	29	0	1	86	1	86	1.89e-35	121
tr|E8XIQ7|E8XIQ7_SALT4	GCF_003515985.1_WP_085653101.1	63.529	86	86	99	85	31	0	1	85	1	85	1.99e-35	121
tr|E8XIQ7|E8XIQ7_SALT4	GCF_016026735.1_WP_015673540.1	66.279	86	87	100	86	29	0	1	86	1	86	2.07e-35	121
tr|E8XIQ7|E8XIQ7_SALT4	GCF_023517775.1_WP_249893541.1	68.605	86	87	100	86	27	0	1	86	1	86	2.19e-35	120
tr|E8XIQ7|E8XIQ7_SALT4	GCF_001642805.2_WP_004931991.1	68.605	86	87	100	86	27	0	1	86	1	86	2.19e-35	120
tr|E8XIQ7|E8XIQ7_SALT4	GCF_011044475.1_WP_033740322.1	71.765	86	86	99	85	24	0	1	85	1	85	2.22e-35	120
tr|E8XIQ7|E8XIQ7_SALT4	GCF_020181655.1_WP_225087160.1	66.279	86	86	100	86	29	0	1	86	1	86	2.37e-35	120
tr|E8XIQ7|E8XIQ7_SALT4	GCF_000023545.1_WP_015854637.1	65.116	86	86	100	86	30	0	1	86	1	86	2.44e-35	120
tr|E8XIQ7|E8XIQ7_SALT4	GCF_000740965.1_WP_011092648.1	66.279	86	86	100	86	29	0	1	86	1	86	2.77e-35	120
tr|E8XIQ7|E8XIQ7_SALT4	GCF_009931295.1_WP_161528353.1	67.442	86	86	100	86	28	0	1	86	1	86	2.93e-35	120
tr|E8XIQ7|E8XIQ7_SALT4	GCF_000025065.1_WP_012883679.1	63.529	86	86	99	85	31	0	1	85	1	85	3.00e-35	120
tr|E8XIQ7|E8XIQ7_SALT4	GCF_021462285.1_WP_234585968.1	68.605	86	87	100	86	27	0	1	86	1	86	3.08e-35	120
tr|E8XIQ7|E8XIQ7_SALT4	GCF_020079945.1_WP_039382769.1	68.235	86	87	99	85	27	0	1	85	1	85	3.08e-35	120
tr|E8XIQ7|E8XIQ7_SALT4	GCF_002291445.1_WP_048635886.1	66.279	86	86	100	86	29	0	1	86	1	86	4.13e-35	120
tr|E8XIQ7|E8XIQ7_SALT4	GCF_900187015.1_WP_061796701.1	68.605	86	87	100	86	27	0	1	86	1	86	4.31e-35	120
tr|E8XIQ7|E8XIQ7_SALT4	GCF_009817885.1_WP_105232289.1	68.605	86	87	100	86	27	0	1	86	1	86	4.31e-35	120
tr|E8XIQ7|E8XIQ7_SALT4	GCF_007858975.2_WP_042869176.1	64.706	86	86	99	85	30	0	1	85	1	85	6.19e-35	119
tr|E8XIQ7|E8XIQ7_SALT4	GCF_001742185.1_WP_005975933.1	66.279	86	86	100	86	29	0	1	86	1	86	6.29e-35	119
tr|E8XIQ7|E8XIQ7_SALT4	GCF_000023565.1_WP_012770818.1	62.353	86	86	99	85	32	0	1	85	1	85	6.54e-35	119
tr|E8XIQ7|E8XIQ7_SALT4	GCF_000264765.2_WP_034163237.1	65.116	86	86	100	86	30	0	1	86	1	86	7.98e-35	119
tr|E8XIQ7|E8XIQ7_SALT4	GCF_005484965.1_WP_009114129.1	66.279	86	86	100	86	29	0	1	86	1	86	1.08e-34	119
tr|E8XIQ7|E8XIQ7_SALT4	GCF_003992745.1_WP_014700896.1	65.116	86	86	100	86	30	0	1	86	1	86	1.33e-34	118
tr|E8XIQ7|E8XIQ7_SALT4	GCF_011617105.1_WP_025800203.1	75.581	86	86	100	86	21	0	1	86	1	86	1.77e-34	118
tr|E8XIQ7|E8XIQ7_SALT4	GCF_000196615.1_WP_013200864.1	66.279	86	87	100	86	29	0	1	86	1	86	1.95e-34	118
tr|E8XIQ7|E8XIQ7_SALT4	GCF_000026185.1_WP_012440659.1	68.235	86	87	99	85	27	0	1	85	1	85	2.09e-34	118
tr|E8XIQ7|E8XIQ7_SALT4	GCF_019890955.1_WP_211725887.1	68.235	86	87	99	85	27	0	1	85	1	85	2.21e-34	118
tr|E8XIQ7|E8XIQ7_SALT4	GCF_022647505.1_WP_128179458.1	66.279	86	87	100	86	29	0	1	86	1	86	2.49e-34	118
tr|E8XIQ7|E8XIQ7_SALT4	GCF_020150375.1_WP_004094310.1	75.581	86	86	100	86	21	0	1	86	1	86	3.85e-34	117
tr|E8XIQ7|E8XIQ7_SALT4	GCF_002812485.1_WP_038661467.1	65.882	86	86	99	85	29	0	1	85	1	85	4.34e-34	117
tr|E8XIQ7|E8XIQ7_SALT4	GCF_001010285.1_WP_046974061.1	66.279	86	88	100	86	29	0	1	86	1	86	4.43e-34	117
tr|E8XIQ7|E8XIQ7_SALT4	GCF_004792415.1_WP_013356856.1	66.667	86	86	98	84	28	0	1	84	1	84	5.64e-34	117
tr|E8XIQ7|E8XIQ7_SALT4	GCF_019090985.1_WP_036781226.1	60.465	86	88	100	86	34	0	1	86	1	86	7.02e-34	117
tr|E8XIQ7|E8XIQ7_SALT4	GCF_000147055.1_WP_022632468.1	64.706	86	86	99	85	30	0	1	85	1	85	8.00e-34	116
tr|E8XIQ7|E8XIQ7_SALT4	GCF_021733145.1_WP_012847629.1	64.286	86	86	98	84	30	0	1	84	1	84	8.32e-34	116
tr|E8XIQ7|E8XIQ7_SALT4	GCF_002291425.1_WP_095847471.1	67.442	86	87	100	86	28	0	1	86	1	86	9.47e-34	116
tr|E8XIQ7|E8XIQ7_SALT4	GCF_017348915.1_WP_040077077.1	83.721	86	86	100	86	14	0	1	86	1	86	9.53e-34	116
tr|E8XIQ7|E8XIQ7_SALT4	GCF_902387845.1_WP_004237241.1	62.791	86	88	100	86	32	0	1	86	1	86	1.36e-33	116
tr|E8XIQ7|E8XIQ7_SALT4	GCF_003403135.1_WP_024104894.1	63.529	86	86	99	85	31	0	1	85	1	85	1.49e-33	116
tr|E8XIQ7|E8XIQ7_SALT4	GCF_000196475.1_WP_012776850.1	60.465	86	88	100	86	34	0	1	86	1	86	1.74e-33	116
tr|E8XIQ7|E8XIQ7_SALT4	GCF_019047765.1_WP_040230035.1	88.372	86	86	100	86	10	0	1	86	1	86	3.32e-33	115
tr|E8XIQ7|E8XIQ7_SALT4	GCF_020541225.1_WP_226811316.1	57.143	86	86	98	84	36	0	1	84	1	84	3.95e-33	115
tr|E8XIQ7|E8XIQ7_SALT4	GCF_019048385.1_WP_062759648.1	65.476	86	86	98	84	29	0	1	84	1	84	4.45e-33	114
tr|E8XIQ7|E8XIQ7_SALT4	GCF_000196155.1_WP_011145066.1	61.628	86	88	100	86	33	0	1	86	1	86	4.77e-33	114
tr|E8XIQ7|E8XIQ7_SALT4	GCF_022592395.1_WP_047255099.1	53.488	86	87	100	86	40	0	1	86	1	86	4.87e-33	114
tr|E8XIQ7|E8XIQ7_SALT4	GCF_009646115.1_WP_008925644.1	66.667	86	86	98	84	28	0	1	84	1	84	6.22e-33	114
tr|E8XIQ7|E8XIQ7_SALT4	GCF_020683125.1_WP_133842177.1	64.368	86	88	100	87	30	1	1	86	1	87	6.35e-33	114
tr|E8XIQ7|E8XIQ7_SALT4	GCF_003204135.1_WP_004908806.1	58.140	86	87	100	86	36	0	1	86	1	86	7.07e-33	114
tr|E8XIQ7|E8XIQ7_SALT4	GCF_025946765.1_WP_264497926.1	62.353	86	86	99	85	32	0	1	85	1	85	7.58e-33	114
tr|E8XIQ7|E8XIQ7_SALT4	GCF_019844095.1_WP_062747070.1	65.517	86	88	100	87	29	1	1	86	1	87	1.02e-32	114
tr|E8XIQ7|E8XIQ7_SALT4	GCF_900475855.1_WP_068441311.1	55.814	86	87	100	86	38	0	1	86	1	86	1.13e-32	114
tr|E8XIQ7|E8XIQ7_SALT4	GCF_020268605.1_WP_180560445.1	58.140	86	88	100	86	36	0	1	86	1	86	1.34e-32	113
tr|E8XIQ7|E8XIQ7_SALT4	GCF_004768525.1_WP_026822068.1	56.977	86	88	100	86	37	0	1	86	1	86	1.58e-32	113
tr|E8XIQ7|E8XIQ7_SALT4	GCF_002843235.3_WP_102139922.1	56.977	86	87	100	86	37	0	1	86	1	86	1.72e-32	113
tr|E8XIQ7|E8XIQ7_SALT4	GCF_000091565.1_WP_004159420.1	65.476	86	87	98	84	29	0	1	84	1	84	2.50e-32	113
tr|E8XIQ7|E8XIQ7_SALT4	GCF_029277985.1_WP_154623766.1	56.977	86	87	100	86	37	0	1	86	1	86	2.54e-32	113
tr|E8XIQ7|E8XIQ7_SALT4	GCF_022647325.1_WP_111140597.1	63.095	86	86	98	84	31	0	1	84	1	84	2.56e-32	113
tr|E8XIQ7|E8XIQ7_SALT4	GCF_020342335.1_WP_067428135.1	65.476	86	87	98	84	29	0	1	84	1	84	2.69e-32	112
tr|E8XIQ7|E8XIQ7_SALT4	GCF_002393505.1_WP_006658392.1	55.814	86	87	100	86	38	0	1	86	1	86	3.36e-32	112
tr|E8XIQ7|E8XIQ7_SALT4	GCF_900638135.1_WP_012146468.1	61.628	86	87	100	86	33	0	1	86	1	86	4.06e-32	112
tr|E8XIQ7|E8XIQ7_SALT4	GCF_000261045.2_WP_006318653.1	62.791	86	87	100	86	32	0	1	86	1	86	4.26e-32	112
tr|E8XIQ7|E8XIQ7_SALT4	GCF_013460135.1_WP_180816665.1	58.140	86	88	100	86	36	0	1	86	1	86	4.48e-32	112
tr|E8XIQ7|E8XIQ7_SALT4	GCF_017743015.1_WP_209027287.1	62.791	86	88	100	86	32	0	1	86	1	86	4.59e-32	112
tr|E8XIQ7|E8XIQ7_SALT4	GCF_021365465.1_WP_016190321.1	63.953	86	87	100	86	31	0	1	86	1	86	5.67e-32	112
tr|E8XIQ7|E8XIQ7_SALT4	GCF_000968195.1_WP_045972480.1	61.446	86	87	97	83	32	0	4	86	5	87	7.32e-32	112
tr|E8XIQ7|E8XIQ7_SALT4	GCF_011045835.1_WP_075671674.1	57.831	86	86	97	83	35	0	1	83	1	83	8.36e-32	111
tr|E8XIQ7|E8XIQ7_SALT4	GCF_009831665.3_WP_006709226.1	59.302	86	87	100	86	35	0	1	86	1	86	1.06e-31	111
tr|E8XIQ7|E8XIQ7_SALT4	GCF_002504285.1_WP_005282992.1	62.791	86	86	100	86	32	0	1	86	1	86	1.39e-31	111
tr|E8XIQ7|E8XIQ7_SALT4	GCF_000517405.1_WP_038469034.1	58.750	86	83	93	80	33	0	5	84	2	81	1.41e-31	111
tr|E8XIQ7|E8XIQ7_SALT4	GCF_000069965.1_WP_004245453.1	55.422	86	86	97	83	37	0	1	83	1	83	1.81e-31	110
tr|E8XIQ7|E8XIQ7_SALT4	GCF_022369495.1_WP_072064250.1	56.627	86	86	97	83	36	0	1	83	1	83	1.91e-31	110
tr|E8XIQ7|E8XIQ7_SALT4	GCF_001721185.1_WP_069317984.1	59.302	86	87	100	86	35	0	1	86	1	86	2.65e-31	110
tr|E8XIQ7|E8XIQ7_SALT4	GCF_000214235.1_WP_004952197.1	63.095	86	85	98	84	31	0	3	86	1	84	3.25e-31	110
tr|E8XIQ7|E8XIQ7_SALT4	GCF_002952315.1_WP_012667243.1	61.176	86	87	99	85	33	0	1	85	1	85	4.44e-31	109
tr|E8XIQ7|E8XIQ7_SALT4	GCF_001006005.1_WP_223499701.1	60.714	86	85	98	84	33	0	3	86	1	84	4.94e-31	109
tr|E8XIQ7|E8XIQ7_SALT4	GCF_016026395.1_WP_024524235.1	59.302	86	86	100	86	35	0	1	86	1	86	6.70e-31	109
tr|E8XIQ7|E8XIQ7_SALT4	GCF_008364325.2_WP_230090436.1	61.905	86	85	98	84	32	0	3	86	1	84	1.12e-30	108
tr|E8XIQ7|E8XIQ7_SALT4	GCF_000968175.1_WP_045959360.1	62.069	86	88	100	87	32	1	1	86	1	87	1.75e-30	108
tr|E8XIQ7|E8XIQ7_SALT4	GCF_014295015.1_WP_013185414.1	59.770	86	87	100	87	34	1	1	86	1	87	2.63e-30	107
tr|E8XIQ7|E8XIQ7_SALT4	GCF_003812345.1_WP_121571778.1	33.333	86	94	100	87	57	1	1	86	1	87	3.07e-30	107
tr|E8XIQ7|E8XIQ7_SALT4	GCF_004295645.1_WP_228350951.1	64.706	86	88	98	85	29	1	1	84	1	85	5.27e-30	107
tr|E8XIQ7|E8XIQ7_SALT4	GCF_004116975.1_WP_064720954.1	57.831	86	86	97	83	35	0	1	83	1	83	7.27e-30	106
tr|E8XIQ7|E8XIQ7_SALT4	GCF_005671395.1_WP_138095872.1	64.557	86	86	92	79	28	0	1	79	1	79	7.81e-30	106
tr|E8XIQ7|E8XIQ7_SALT4	GCF_900478135.1_WP_111739359.1	62.353	86	88	98	85	31	1	1	84	1	85	8.56e-30	106
tr|E8XIQ7|E8XIQ7_SALT4	GCF_004353845.1_WP_103770713.1	35.632	86	93	100	87	55	1	1	86	1	87	1.14e-29	106
tr|E8XIQ7|E8XIQ7_SALT4	GCF_003074995.2_WP_015870269.1	59.036	86	86	97	83	34	0	1	83	1	83	1.66e-29	105
tr|E8XIQ7|E8XIQ7_SALT4	GCF_003096015.2_WP_230514010.1	63.529	86	88	98	85	30	1	1	84	1	85	1.86e-29	105
tr|E8XIQ7|E8XIQ7_SALT4	GCF_008693605.1_WP_223849061.1	32.558	86	95	99	86	57	1	1	85	2	87	1.94e-29	105
tr|E8XIQ7|E8XIQ7_SALT4	GCF_900638655.1_WP_047781753.1	64.706	86	88	98	85	29	1	1	84	1	85	3.52e-29	105
tr|E8XIQ7|E8XIQ7_SALT4	GCF_002355475.1_WP_004421315.1	37.037	86	91	93	81	50	1	3	82	1	81	7.79e-29	104
tr|E8XIQ7|E8XIQ7_SALT4	GCF_013200955.2_WP_173204463.1	35.802	86	91	93	81	51	1	3	82	1	81	1.70e-28	103
tr|E8XIQ7|E8XIQ7_SALT4	GCF_001597285.1_WP_061903727.1	35.897	86	92	90	78	49	1	6	82	3	80	1.95e-28	103
tr|E8XIQ7|E8XIQ7_SALT4	GCF_008693645.1_WP_137347870.1	32.184	86	89	100	87	58	1	1	86	1	87	2.88e-28	102
tr|E8XIQ7|E8XIQ7_SALT4	GCF_000733715.2_WP_017362912.1	32.911	86	90	91	79	52	1	5	82	2	80	1.41e-27	101
tr|E8XIQ7|E8XIQ7_SALT4	GCF_024205225.1_WP_195881696.1	31.646	86	90	91	79	53	1	5	82	2	80	1.70e-27	100
tr|E8XIQ7|E8XIQ7_SALT4	GCF_008807375.1_WP_151138908.1	33.333	86	91	93	81	53	1	3	82	1	81	3.31e-27	100
tr|E8XIQ7|E8XIQ7_SALT4	GCF_000297075.2_WP_003461742.1	32.911	86	90	91	79	52	1	5	82	2	80	4.23e-27	 99
tr|E8XIQ7|E8XIQ7_SALT4	GCF_013409125.2_WP_099525265.1	32.911	86	90	91	79	52	1	5	82	2	80	5.90e-27	99.4
tr|E8XIQ7|E8XIQ7_SALT4	GCF_004684345.1_WP_135321947.1	34.568	86	93	93	81	52	1	1	80	1	81	8.77e-27	99.1
tr|E8XIQ7|E8XIQ7_SALT4	GCF_021029445.1_WP_230924827.1	32.051	86	89	91	78	53	0	5	82	2	79	1.00e-26	98.9
tr|E8XIQ7|E8XIQ7_SALT4	GCF_001708425.1_WP_055136127.1	32.911	86	94	91	79	52	1	5	82	2	80	1.45e-26	98.6
tr|E8XIQ7|E8XIQ7_SALT4	GCF_900682675.2_WP_069898892.1	39.744	86	94	90	78	46	1	6	82	3	80	1.96e-26	98.3
tr|E8XIQ7|E8XIQ7_SALT4	GCF_017329545.1_WP_047884589.1	28.235	86	95	98	85	60	1	3	86	1	85	2.03e-26	98.3
tr|E8XIQ7|E8XIQ7_SALT4	GCF_013423785.1_WP_180308358.1	43.421	86	88	88	76	43	0	1	76	1	76	2.20e-26	98.0
tr|E8XIQ7|E8XIQ7_SALT4	GCF_017167985.1_WP_093053415.1	30.380	86	92	91	79	54	1	5	82	2	80	3.00e-26	97.7
tr|E8XIQ7|E8XIQ7_SALT4	GCF_001594225.2_WP_064379396.1	35.443	86	92	91	79	50	1	5	82	2	80	3.30e-26	97.7
tr|E8XIQ7|E8XIQ7_SALT4	GCF_017167985.1_WP_079784061.1	34.177	86	90	91	79	51	1	5	82	2	80	3.79e-26	97.5
tr|E8XIQ7|E8XIQ7_SALT4	GCF_019047765.1_WP_040231149.1	30.233	86	89	99	86	59	1	1	85	1	86	5.15e-26	97.2
tr|E8XIQ7|E8XIQ7_SALT4	GCF_011397855.1_WP_044414183.1	36.709	86	90	91	79	49	1	5	82	2	80	9.15e-26	96.6
tr|E8XIQ7|E8XIQ7_SALT4	GCF_012767755.2_WP_173176508.1	30.380	86	91	91	79	51	2	5	82	2	77	1.40e-25	96.0
tr|E8XIQ7|E8XIQ7_SALT4	GCF_008033135.1_WP_148717358.1	24.359	86	87	91	78	59	0	5	82	2	79	1.66e-25	95.8
tr|E8XIQ7|E8XIQ7_SALT4	GCF_017915135.1_WP_210390879.1	32.911	86	90	91	79	52	1	5	82	2	80	2.01e-25	95.5
tr|E8XIQ7|E8XIQ7_SALT4	GCF_002355475.1_WP_003455993.1	32.468	86	90	88	77	51	1	7	82	2	78	7.94e-25	94.1
tr|E8XIQ7|E8XIQ7_SALT4	GCF_003957745.1_WP_126168493.1	34.177	86	87	91	79	51	1	5	82	2	80	9.54e-25	93.8
tr|E8XIQ7|E8XIQ7_SALT4	GCF_016834455.1_WP_203325205.1	35.443	86	86	91	79	50	1	5	82	2	80	1.01e-24	93.8
tr|E8XIQ7|E8XIQ7_SALT4	GCF_025402875.1_WP_011791024.1	29.487	86	90	90	78	54	1	6	82	3	80	1.25e-24	93.5
tr|E8XIQ7|E8XIQ7_SALT4	GCF_020991025.1_WP_152109250.1	44.872	86	83	90	78	42	1	3	79	1	78	1.85e-24	93.0
tr|E8XIQ7|E8XIQ7_SALT4	GCF_014524625.1_WP_009050814.1	26.582	86	92	91	79	57	1	5	82	2	80	2.75e-24	92.7
tr|E8XIQ7|E8XIQ7_SALT4	GCF_000015245.1_WP_011761423.1	35.443	86	86	91	79	50	1	5	82	2	80	2.92e-24	92.7
tr|E8XIQ7|E8XIQ7_SALT4	GCF_000178875.2_WP_012197738.1	30.769	86	90	90	78	53	1	6	82	3	80	3.86e-24	92.4
tr|E8XIQ7|E8XIQ7_SALT4	GCF_008807375.1_WP_151133519.1	29.870	86	90	88	77	53	1	7	82	2	78	5.26e-24	92.1
tr|E8XIQ7|E8XIQ7_SALT4	GCF_019670705.1_WP_100146025.1	31.646	86	92	91	79	53	1	5	82	2	80	1.18e-23	91.3
tr|E8XIQ7|E8XIQ7_SALT4	GCF_024346675.1_WP_048897676.1	25.000	86	86	97	84	62	1	3	85	1	84	1.45e-23	90.7
tr|E8XIQ7|E8XIQ7_SALT4	GCF_009730655.1_WP_156020461.1	31.646	86	92	91	79	53	1	5	82	2	80	1.62e-23	90.7
tr|E8XIQ7|E8XIQ7_SALT4	GCF_024971755.1_WP_259474826.1	32.051	86	88	90	78	52	1	6	82	3	80	1.72e-23	90.7
tr|E8XIQ7|E8XIQ7_SALT4	GCF_017354925.1_WP_207321174.1	34.177	86	87	91	79	51	1	5	82	2	80	2.31e-23	90.4
tr|E8XIQ7|E8XIQ7_SALT4	GCF_012767755.2_WP_173171843.1	32.468	86	90	88	77	51	1	7	82	4	80	2.55e-23	90.1
tr|E8XIQ7|E8XIQ7_SALT4	GCF_017354965.1_WP_207380278.1	34.177	86	87	91	79	51	1	5	82	2	80	6.03e-23	89.3
tr|E8XIQ7|E8XIQ7_SALT4	GCF_002215585.1_WP_088903590.1	28.205	86	89	91	78	56	0	5	82	2	79	1.13e-22	88.5
tr|E8XIQ7|E8XIQ7_SALT4	GCF_006742785.1_WP_172630283.1	29.114	86	88	91	79	55	1	8	85	3	81	1.20e-22	88.5
tr|E8XIQ7|E8XIQ7_SALT4	GCF_024347355.1_WP_105024956.1	29.268	86	83	90	82	53	2	10	86	2	83	2.39e-22	87.6
tr|E8XIQ7|E8XIQ7_SALT4	GCF_029457395.1_WP_024766443.1	31.707	86	92	90	82	51	1	6	82	3	84	2.96e-22	87.6
tr|E8XIQ7|E8XIQ7_SALT4	GCF_024347475.1_WP_239840920.1	29.114	86	83	86	79	51	2	10	83	2	80	2.98e-22	87.3
tr|E8XIQ7|E8XIQ7_SALT4	GCF_003584645.1_WP_197716612.1	25.610	86	80	91	82	54	2	3	80	1	79	7.00e-22	86.5
tr|E8XIQ7|E8XIQ7_SALT4	GCF_003025345.2_WP_003155955.1	31.034	86	91	94	87	54	1	5	85	2	88	8.36e-22	86.5
tr|E8XIQ7|E8XIQ7_SALT4	GCF_002005305.1_WP_077753428.1	30.769	86	86	90	78	53	1	6	82	3	80	1.83e-21	85.4
tr|E8XIQ7|E8XIQ7_SALT4	GCF_009938225.1_WP_075649723.1	31.646	86	82	86	79	49	2	10	83	2	80	1.84e-21	85.4
tr|E8XIQ7|E8XIQ7_SALT4	GCF_016026875.1_WP_045525981.1	41.176	86	89	79	68	37	1	6	73	3	67	1.89e-21	85.4
tr|E8XIQ7|E8XIQ7_SALT4	GCF_012971725.1_WP_169940133.1	31.707	86	92	90	82	51	1	6	82	3	84	2.37e-21	85.4
tr|E8XIQ7|E8XIQ7_SALT4	GCF_002204915.1_WP_052690899.1	26.250	86	101	87	80	54	2	10	84	21	100	2.50e-21	85.4
tr|E8XIQ7|E8XIQ7_SALT4	GCF_006337165.1_WP_139515111.1	32.099	86	82	88	81	47	2	3	78	1	78	2.71e-21	84.8
tr|E8XIQ7|E8XIQ7_SALT4	GCF_020405345.1_WP_017780573.1	41.176	86	89	79	68	37	1	7	74	4	68	3.48e-21	84.8
tr|E8XIQ7|E8XIQ7_SALT4	GCF_004358345.1_WP_121852852.1	34.286	86	76	80	70	45	1	3	71	1	70	3.61e-21	84.5
tr|E8XIQ7|E8XIQ7_SALT4	GCF_000014885.1_WP_020912292.1	34.177	86	87	91	79	51	1	5	82	2	80	4.06e-21	84.5
tr|E8XIQ7|E8XIQ7_SALT4	GCF_000009145.1_WP_041356315.1	28.571	86	90	88	77	54	1	10	85	6	82	4.35e-21	84.5
tr|E8XIQ7|E8XIQ7_SALT4	GCF_001596155.1_WP_068342236.1	27.273	86	90	85	77	49	2	3	75	1	74	5.57e-21	84.2
tr|E8XIQ7|E8XIQ7_SALT4	GCF_001677435.1_WP_068615618.1	32.468	86	90	87	77	49	3	3	77	1	76	7.30e-21	83.9
tr|E8XIQ7|E8XIQ7_SALT4	GCF_019669905.1_WP_054759186.1	31.646	86	79	91	79	49	2	8	85	3	77	7.76e-21	83.7
tr|E8XIQ7|E8XIQ7_SALT4	GCF_000968535.2_WP_014147785.1	25.000	86	84	87	76	55	2	8	82	4	78	8.46e-21	83.7
tr|E8XIQ7|E8XIQ7_SALT4	GCF_001007935.1_WP_046849946.1	22.785	86	84	91	79	60	1	8	85	4	82	9.61e-21	83.7
tr|E8XIQ7|E8XIQ7_SALT4	GCF_027625995.1_WP_270126807.1	29.630	86	82	88	81	49	2	3	78	1	78	1.03e-20	83.4
tr|E8XIQ7|E8XIQ7_SALT4	GCF_020149575.1_WP_224431657.1	39.130	86	85	80	69	39	1	6	74	3	68	1.19e-20	83.4
tr|E8XIQ7|E8XIQ7_SALT4	GCF_020423125.1_WP_226170850.1	37.681	86	84	80	69	40	1	6	74	3	68	1.32e-20	83.1
tr|E8XIQ7|E8XIQ7_SALT4	GCF_022371215.1_WP_239718047.1	29.268	86	83	90	82	53	2	10	86	2	83	1.35e-20	83.1
tr|E8XIQ7|E8XIQ7_SALT4	GCF_000016065.1_WP_011864074.1	25.641	86	93	91	78	58	0	5	82	2	79	1.80e-20	83.1
tr|E8XIQ7|E8XIQ7_SALT4	GCF_000214665.1_WP_013819542.1	25.974	86	83	88	77	55	2	10	85	6	81	1.93e-20	82.8
tr|E8XIQ7|E8XIQ7_SALT4	GCF_000801295.1_WP_171816254.1	32.911	86	99	88	79	50	1	1	76	1	79	2.17e-20	82.8
tr|E8XIQ7|E8XIQ7_SALT4	GCF_003966655.1_WP_113527441.1	26.761	86	77	83	71	52	0	3	73	1	71	2.21e-20	82.5
tr|E8XIQ7|E8XIQ7_SALT4	GCF_001020955.1_WP_047250467.1	30.380	86	82	87	79	51	2	1	75	1	79	2.30e-20	82.5
tr|E8XIQ7|E8XIQ7_SALT4	GCF_028355655.1_WP_087756847.1	37.681	86	84	80	69	40	1	5	73	2	67	2.36e-20	82.5
tr|E8XIQ7|E8XIQ7_SALT4	GCF_014905115.1_WP_193151849.1	29.114	86	81	86	79	51	2	10	83	2	80	2.89e-20	82.3
tr|E8XIQ7|E8XIQ7_SALT4	GCF_013462805.1_WP_009566961.1	26.761	86	77	83	71	52	0	3	73	1	71	2.99e-20	82.3
tr|E8XIQ7|E8XIQ7_SALT4	GCF_024360925.2_WP_255188929.1	28.205	86	83	90	78	54	2	10	86	6	82	3.98e-20	82.0
tr|E8XIQ7|E8XIQ7_SALT4	GCF_000146165.2_WP_164925808.1	31.646	86	89	90	79	52	2	6	82	3	81	5.22e-20	81.7
tr|E8XIQ7|E8XIQ7_SALT4	GCF_013137895.1_WP_135435790.1	30.488	86	83	90	82	48	3	1	77	1	78	7.87e-20	81.1
tr|E8XIQ7|E8XIQ7_SALT4	GCF_016127195.1_WP_042032742.1	33.333	86	89	80	69	43	1	5	73	2	67	8.74e-20	81.1
tr|E8XIQ7|E8XIQ7_SALT4	GCF_004355185.1_WP_133271280.1	32.911	86	81	86	79	45	2	5	78	2	77	9.28e-20	81.1
tr|E8XIQ7|E8XIQ7_SALT4	GCF_003574965.1_WP_119445661.1	28.395	86	82	88	81	50	2	3	78	1	78	1.07e-19	80.9
tr|E8XIQ7|E8XIQ7_SALT4	GCF_003515105.1_WP_036973086.1	40.845	86	73	81	71	41	1	6	75	2	72	1.23e-19	80.6
tr|E8XIQ7|E8XIQ7_SALT4	GCF_001558255.2_WP_005504861.1	30.864	86	82	87	81	50	3	10	84	2	82	1.33e-19	80.6
tr|E8XIQ7|E8XIQ7_SALT4	GCF_000576555.1_WP_044000633.1	29.630	86	83	88	81	49	2	3	78	2	79	1.33e-19	80.6
tr|E8XIQ7|E8XIQ7_SALT4	GCF_014879975.1_WP_192888672.1	29.268	86	83	90	82	53	2	10	86	2	83	1.41e-19	80.6
tr|E8XIQ7|E8XIQ7_SALT4	GCF_013283835.1_WP_071626507.1	28.571	86	83	86	77	49	2	3	76	1	74	1.43e-19	80.6
tr|E8XIQ7|E8XIQ7_SALT4	GCF_003258315.1_WP_111337788.1	25.316	86	88	91	79	58	1	8	85	4	82	1.58e-19	80.6
tr|E8XIQ7|E8XIQ7_SALT4	GCF_008693705.1_WP_127008315.1	37.681	86	84	80	69	40	1	5	73	2	67	1.65e-19	80.3
tr|E8XIQ7|E8XIQ7_SALT4	GCF_002407485.1_WP_096780111.1	27.500	86	81	87	80	53	2	10	84	2	81	1.67e-19	80.3
tr|E8XIQ7|E8XIQ7_SALT4	GCF_009938185.1_WP_162048373.1	29.114	86	82	86	79	51	2	10	83	2	80	1.67e-19	80.3
tr|E8XIQ7|E8XIQ7_SALT4	GCF_000785705.2_WP_036272019.1	27.632	86	82	88	76	54	1	10	85	6	80	1.93e-19	80.3
tr|E8XIQ7|E8XIQ7_SALT4	GCF_009938205.1_WP_075706454.1	32.911	86	82	86	79	48	2	10	83	2	80	1.98e-19	80.3
tr|E8XIQ7|E8XIQ7_SALT4	GCF_900637545.1_WP_042651794.1	35.714	86	84	81	70	42	1	5	74	2	68	2.32e-19	80.0
tr|E8XIQ7|E8XIQ7_SALT4	GCF_009068765.1_WP_151900329.1	27.848	86	81	86	79	52	2	10	83	2	80	2.54e-19	80.0
tr|E8XIQ7|E8XIQ7_SALT4	GCF_024347035.1_WP_102941394.1	26.250	86	81	87	80	54	2	10	84	2	81	2.67e-19	79.7
tr|E8XIQ7|E8XIQ7_SALT4	GCF_001558415.2_WP_061055374.1	24.390	86	83	90	82	57	2	10	86	2	83	2.83e-19	79.7
tr|E8XIQ7|E8XIQ7_SALT4	GCF_010093065.1_WP_238430213.1	27.848	86	83	87	79	50	2	1	75	2	77	3.31e-19	79.7
tr|E8XIQ7|E8XIQ7_SALT4	GCF_003015165.1_WP_106887831.1	35.714	86	84	81	70	42	1	5	74	2	68	3.48e-19	79.7
tr|E8XIQ7|E8XIQ7_SALT4	GCF_008329985.2_WP_149283950.1	26.582	86	81	86	79	53	2	10	83	2	80	3.91e-19	79.4
tr|E8XIQ7|E8XIQ7_SALT4	GCF_022827545.1_WP_243798205.1	32.099	86	82	88	81	47	2	3	78	1	78	4.34e-19	79.4
tr|E8XIQ7|E8XIQ7_SALT4	GCF_001507645.1_WP_068195976.1	27.273	86	90	85	77	49	2	3	75	1	74	4.50e-19	79.4
tr|E8XIQ7|E8XIQ7_SALT4	GCF_004001245.1_WP_127478562.1	27.160	86	85	88	81	54	2	1	76	1	81	4.87e-19	79.2
tr|E8XIQ7|E8XIQ7_SALT4	GCF_001007875.1_WP_046858354.1	27.848	86	80	86	79	52	2	10	83	2	80	4.87e-19	79.2
tr|E8XIQ7|E8XIQ7_SALT4	GCF_008364325.2_WP_020826409.1	25.316	86	84	91	79	55	2	5	82	2	77	5.35e-19	79.2
tr|E8XIQ7|E8XIQ7_SALT4	GCF_005931095.1_WP_017839868.1	24.051	86	84	91	79	58	2	8	85	4	81	6.95e-19	78.9
tr|E8XIQ7|E8XIQ7_SALT4	GCF_019670125.1_WP_221076876.1	28.750	86	81	87	80	52	2	10	84	2	81	8.18e-19	78.6
tr|E8XIQ7|E8XIQ7_SALT4	GCF_022811645.1_WP_243511723.1	25.641	86	90	86	78	51	2	3	76	1	75	8.76e-19	78.6
tr|E8XIQ7|E8XIQ7_SALT4	GCF_009755585.1_WP_157030071.1	29.268	86	85	91	82	51	2	3	80	1	79	8.90e-19	78.6
tr|E8XIQ7|E8XIQ7_SALT4	GCF_014169735.1_WP_134997272.1	33.333	86	86	80	69	43	1	6	74	3	68	1.20e-18	78.3
tr|E8XIQ7|E8XIQ7_SALT4	GCF_016026615.1_WP_197928313.1	33.333	86	89	80	69	43	1	5	73	2	67	1.45e-18	78.0
tr|E8XIQ7|E8XIQ7_SALT4	GCF_024347635.1_WP_139683960.1	26.829	86	83	90	82	55	2	10	86	2	83	1.48e-18	78.0
tr|E8XIQ7|E8XIQ7_SALT4	GCF_024347595.1_WP_176681244.1	29.268	86	83	90	82	53	2	10	86	2	83	1.51e-18	78.0
tr|E8XIQ7|E8XIQ7_SALT4	GCF_009662475.1_WP_031573754.1	26.471	86	79	79	68	50	0	3	70	1	68	1.60e-18	77.8
tr|E8XIQ7|E8XIQ7_SALT4	GCF_001995825.2_WP_017057338.1	25.610	86	83	90	82	56	2	10	86	2	83	1.70e-18	77.8
tr|E8XIQ7|E8XIQ7_SALT4	GCF_008728635.1_WP_151087836.1	24.675	86	90	85	77	51	2	3	75	1	74	2.31e-18	77.5
tr|E8XIQ7|E8XIQ7_SALT4	GCF_004214795.1_WP_130234502.1	20.988	86	78	91	81	58	2	3	80	1	78	2.54e-18	77.2
tr|E8XIQ7|E8XIQ7_SALT4	GCF_000091465.1_WP_004733849.1	25.610	86	83	90	82	56	2	10	86	2	83	2.66e-18	77.2
tr|E8XIQ7|E8XIQ7_SALT4	GCF_024347455.1_WP_135458404.1	25.610	86	83	90	82	56	2	10	86	2	83	2.90e-18	77.2
tr|E8XIQ7|E8XIQ7_SALT4	GCF_024347655.1_WP_060467732.1	24.390	86	83	90	82	57	2	10	86	2	83	2.94e-18	77.2
tr|E8XIQ7|E8XIQ7_SALT4	GCF_019670105.1_WP_040307707.1	24.675	86	81	88	77	57	1	10	85	2	78	3.01e-18	77.2
tr|E8XIQ7|E8XIQ7_SALT4	GCF_002762215.1_WP_085750011.1	28.947	86	87	84	76	47	3	4	75	3	75	3.11e-18	77.2
tr|E8XIQ7|E8XIQ7_SALT4	GCF_020844025.1_WP_215848879.1	28.169	86	77	83	71	51	0	3	73	1	71	3.19e-18	76.9
tr|E8XIQ7|E8XIQ7_SALT4	GCF_003990335.1_WP_127025819.1	25.641	86	91	91	78	56	1	3	80	1	76	3.64e-18	77.2
tr|E8XIQ7|E8XIQ7_SALT4	GCF_000014765.1_WP_011633385.1	27.848	86	89	91	79	56	1	8	85	3	81	3.77e-18	76.9
tr|E8XIQ7|E8XIQ7_SALT4	GCF_000024005.1_WP_012793320.1	28.205	86	84	86	78	49	2	2	75	3	77	4.98e-18	76.6
tr|E8XIQ7|E8XIQ7_SALT4	GCF_024347675.1_WP_261835500.1	27.500	86	81	87	80	53	2	10	84	2	81	5.41e-18	76.6
tr|E8XIQ7|E8XIQ7_SALT4	GCF_002214395.1_WP_010453422.1	30.769	86	81	85	78	49	2	12	84	4	81	5.63e-18	76.4
tr|E8XIQ7|E8XIQ7_SALT4	GCF_000772105.1_WP_004748349.1	27.632	86	81	87	76	54	1	10	84	2	77	7.21e-18	76.1
tr|E8XIQ7|E8XIQ7_SALT4	GCF_000148645.1_WP_013347076.1	28.571	86	80	84	77	50	2	12	83	3	79	7.73e-18	76.1
tr|E8XIQ7|E8XIQ7_SALT4	GCF_024582835.1_WP_257083279.1	28.049	86	87	90	82	54	2	10	86	2	83	8.18e-18	76.1
tr|E8XIQ7|E8XIQ7_SALT4	GCF_003149515.1_WP_109656005.1	24.675	86	90	85	77	51	2	3	75	1	74	8.35e-18	76.1
tr|E8XIQ7|E8XIQ7_SALT4	GCF_000212735.1_WP_013764159.1	26.582	86	83	87	79	51	2	1	75	1	76	1.11e-17	75.8
tr|E8XIQ7|E8XIQ7_SALT4	GCF_002142475.1_WP_026148861.1	29.114	86	86	87	79	49	2	5	79	2	77	1.22e-17	75.8
tr|E8XIQ7|E8XIQ7_SALT4	GCF_013177675.1_WP_172128285.1	23.684	86	81	85	76	52	2	3	75	1	73	1.39e-17	75.5
tr|E8XIQ7|E8XIQ7_SALT4	GCF_010093065.1_WP_162331416.1	24.675	86	84	85	77	51	2	3	75	4	77	1.49e-17	75.5
tr|E8XIQ7|E8XIQ7_SALT4	GCF_001455205.1_WP_062560013.1	22.078	86	84	88	77	58	2	10	85	6	81	1.59e-17	75.2
tr|E8XIQ7|E8XIQ7_SALT4	GCF_004328865.1_WP_104643907.1	29.630	86	83	88	81	52	2	10	85	2	82	1.86e-17	75.2
tr|E8XIQ7|E8XIQ7_SALT4	GCF_013343005.1_WP_078482823.1	38.462	86	84	85	78	43	2	3	75	1	78	1.97e-17	75.2
tr|E8XIQ7|E8XIQ7_SALT4	GCF_024494545.1_WP_256384876.1	26.923	86	81	85	78	52	2	11	83	3	80	2.57e-17	74.7
tr|E8XIQ7|E8XIQ7_SALT4	GCF_003668795.1_WP_054981706.1	33.333	86	83	88	81	49	2	10	85	2	82	2.83e-17	74.7
tr|E8XIQ7|E8XIQ7_SALT4	GCF_001831495.1_WP_068547707.1	25.316	86	81	86	79	54	2	10	83	2	80	2.99e-17	74.7
tr|E8XIQ7|E8XIQ7_SALT4	GCF_003967195.1_WP_172597571.1	35.000	86	83	87	80	47	2	3	77	2	81	3.21e-17	74.7
tr|E8XIQ7|E8XIQ7_SALT4	GCF_024362845.1_WP_255230807.1	24.051	86	82	86	79	55	2	10	83	2	80	3.26e-17	74.7
tr|E8XIQ7|E8XIQ7_SALT4	GCF_003346815.1_WP_114840342.1	27.500	86	82	90	80	52	2	3	79	1	77	3.73e-17	74.4
tr|E8XIQ7|E8XIQ7_SALT4	GCF_003353065.1_WP_114983154.1	26.316	86	84	84	76	49	3	1	72	1	73	4.05e-17	74.4
tr|E8XIQ7|E8XIQ7_SALT4	GCF_008369605.1_WP_000253074.1	29.333	86	81	86	75	52	1	10	83	2	76	4.27e-17	74.1
tr|E8XIQ7|E8XIQ7_SALT4	GCF_000940995.1_WP_082060442.1	24.706	86	93	98	85	63	1	3	86	1	85	4.52e-17	74.4
tr|E8XIQ7|E8XIQ7_SALT4	GCF_900233005.1_WP_102521318.1	24.051	86	81	86	79	55	2	10	83	2	80	4.70e-17	74.1
tr|E8XIQ7|E8XIQ7_SALT4	GCF_002849875.1_WP_232379112.1	26.744	86	113	91	86	55	2	6	83	28	113	5.44e-17	74.7
tr|E8XIQ7|E8XIQ7_SALT4	GCF_013177635.1_WP_129095542.1	24.324	86	72	83	74	50	2	3	73	1	71	5.93e-17	73.8
tr|E8XIQ7|E8XIQ7_SALT4	GCF_002221525.1_WP_089349457.1	33.333	86	83	88	81	49	2	10	85	2	82	6.78e-17	73.8
tr|E8XIQ7|E8XIQ7_SALT4	GCF_024347495.1_WP_137371745.1	28.378	86	80	85	74	52	1	10	82	2	75	7.44e-17	73.5
tr|E8XIQ7|E8XIQ7_SALT4	GCF_001651805.1_WP_067384150.1	39.437	86	78	77	71	38	3	7	72	4	74	7.66e-17	73.5
tr|E8XIQ7|E8XIQ7_SALT4	GCF_902810445.1_WP_197744199.1	23.171	86	78	91	82	55	4	3	80	1	78	7.78e-17	73.5
tr|E8XIQ7|E8XIQ7_SALT4	GCF_000021985.1_WP_012639500.1	33.784	86	82	80	74	44	2	3	71	1	74	7.81e-17	73.5
tr|E8XIQ7|E8XIQ7_SALT4	GCF_000238395.3_WP_010553578.1	28.395	86	83	88	81	53	2	10	85	2	82	8.34e-17	73.5
tr|E8XIQ7|E8XIQ7_SALT4	GCF_001456255.1_WP_020335096.1	29.487	86	81	85	78	50	2	12	84	4	81	8.65e-17	73.5
tr|E8XIQ7|E8XIQ7_SALT4	GCF_013201725.1_WP_014475480.1	29.730	86	74	83	74	46	2	3	73	1	71	9.63e-17	73.3
tr|E8XIQ7|E8XIQ7_SALT4	GCF_003063625.1_WP_108601906.1	28.571	86	85	86	77	52	1	10	83	5	81	9.95e-17	73.3
tr|E8XIQ7|E8XIQ7_SALT4	GCF_018736065.1_WP_144074266.1	30.882	86	76	79	68	43	2	7	74	10	73	1.01e-16	73.3
tr|E8XIQ7|E8XIQ7_SALT4	GCF_003970675.1_WP_126615366.1	30.882	86	76	79	68	43	2	7	74	10	73	1.05e-16	73.3
tr|E8XIQ7|E8XIQ7_SALT4	GCF_005877035.1_WP_039486662.1	29.630	86	83	88	81	52	2	10	85	2	82	1.13e-16	73.3
tr|E8XIQ7|E8XIQ7_SALT4	GCF_024746855.1_WP_260492542.1	26.923	86	79	86	78	53	1	10	83	2	79	1.14e-16	73.0
tr|E8XIQ7|E8XIQ7_SALT4	GCF_009938015.1_WP_223264517.1	31.646	86	90	86	79	49	3	1	74	1	79	1.16e-16	73.3
tr|E8XIQ7|E8XIQ7_SALT4	GCF_003544915.1_WP_118918525.1	27.632	86	73	85	76	49	2	3	75	1	73	1.21e-16	73.0
tr|E8XIQ7|E8XIQ7_SALT4	GCF_003346775.1_WP_114843067.1	23.377	86	84	86	77	53	2	3	76	1	74	1.22e-16	73.0
tr|E8XIQ7|E8XIQ7_SALT4	GCF_001999225.1_WP_077537996.1	24.691	86	82	88	81	56	2	10	85	2	82	1.23e-16	73.0
tr|E8XIQ7|E8XIQ7_SALT4	GCF_002906475.1_WP_012130247.1	28.571	86	81	84	77	50	2	12	83	4	80	1.26e-16	73.0
tr|E8XIQ7|E8XIQ7_SALT4	GCF_008632455.1_WP_150048082.1	23.377	86	84	88	77	57	2	9	84	5	80	1.67e-16	72.7
tr|E8XIQ7|E8XIQ7_SALT4	GCF_001955715.1_WP_029708890.1	30.137	86	80	80	73	44	2	5	73	2	71	1.84e-16	72.7
tr|E8XIQ7|E8XIQ7_SALT4	GCF_002021755.1_WP_005434844.1	28.571	86	81	84	77	50	2	12	83	4	80	1.87e-16	72.7
tr|E8XIQ7|E8XIQ7_SALT4	GCF_000828615.1_WP_041064380.1	31.646	86	80	86	79	49	3	1	74	1	79	1.97e-16	72.4
tr|E8XIQ7|E8XIQ7_SALT4	GCF_000019525.1_WP_012323084.1	26.316	86	81	87	76	55	1	10	84	2	77	2.12e-16	72.4
tr|E8XIQ7|E8XIQ7_SALT4	GCF_016613475.2_WP_200606805.1	21.053	86	90	84	76	53	2	4	75	5	77	2.17e-16	72.7
tr|E8XIQ7|E8XIQ7_SALT4	GCF_002355735.1_WP_096359192.1	27.632	86	83	84	76	51	2	4	75	7	82	2.25e-16	72.4
tr|E8XIQ7|E8XIQ7_SALT4	GCF_000770115.1_WP_069687890.1	27.273	86	81	84	77	51	2	12	83	4	80	2.34e-16	72.4
tr|E8XIQ7|E8XIQ7_SALT4	GCF_013201935.1_WP_129014602.1	24.324	86	72	83	74	50	2	3	73	1	71	2.68e-16	72.1
tr|E8XIQ7|E8XIQ7_SALT4	GCF_007197555.1_WP_144048375.1	26.190	86	94	90	84	55	2	6	82	3	86	2.72e-16	72.4
tr|E8XIQ7|E8XIQ7_SALT4	GCF_010119975.1_WP_162445115.1	25.882	86	365	94	85	55	2	4	84	8	88	2.82e-16	76.9
tr|E8XIQ7|E8XIQ7_SALT4	GCF_002355415.1_WP_148665551.1	31.507	86	87	80	73	46	2	6	74	13	85	3.34e-16	72.1
tr|E8XIQ7|E8XIQ7_SALT4	GCF_019703835.1_WP_087020305.1	32.911	86	79	87	79	46	2	12	86	3	78	3.36e-16	71.9
tr|E8XIQ7|E8XIQ7_SALT4	GCF_019670485.1_WP_221071211.1	31.169	86	81	84	77	48	2	12	83	4	80	4.17e-16	71.6
tr|E8XIQ7|E8XIQ7_SALT4	GCF_008931805.1_WP_019441510.1	25.000	86	81	87	80	55	2	10	84	2	81	4.51e-16	71.6
tr|E8XIQ7|E8XIQ7_SALT4	GCF_002557795.1_WP_098194977.1	24.390	86	89	85	82	50	3	3	75	1	79	5.56e-16	71.6
tr|E8XIQ7|E8XIQ7_SALT4	GCF_000024825.1_WP_005460845.1	28.205	86	81	85	78	51	2	12	84	4	81	5.73e-16	71.3
tr|E8XIQ7|E8XIQ7_SALT4	GCF_004028275.1_WP_128384077.1	24.286	86	77	77	70	49	2	9	74	2	71	5.80e-16	71.3
tr|E8XIQ7|E8XIQ7_SALT4	GCF_008807855.1_WP_063240334.1	24.359	86	83	86	78	52	2	2	75	3	77	5.83e-16	71.3
tr|E8XIQ7|E8XIQ7_SALT4	GCF_026427595.1_WP_251812951.1	25.000	86	88	87	80	55	2	12	86	7	86	6.25e-16	71.3
tr|E8XIQ7|E8XIQ7_SALT4	GCF_002157225.2_WP_086934278.1	28.767	86	80	85	73	52	0	10	82	5	77	8.51e-16	71.0
tr|E8XIQ7|E8XIQ7_SALT4	GCF_019797925.1_WP_193521737.1	27.273	86	80	85	77	52	1	11	83	3	79	8.86e-16	70.7
tr|E8XIQ7|E8XIQ7_SALT4	GCF_015209785.1_WP_193988300.1	42.647	86	73	78	68	38	1	6	72	2	69	9.55e-16	70.7
tr|E8XIQ7|E8XIQ7_SALT4	GCF_002215215.1_WP_088918776.1	35.714	86	101	80	70	43	2	5	73	15	83	9.59e-16	71.3
tr|E8XIQ7|E8XIQ7_SALT4	GCF_013201665.1_WP_128359868.1	21.951	86	81	92	82	58	2	3	81	1	79	9.75e-16	70.7
tr|E8XIQ7|E8XIQ7_SALT4	GCF_002218045.2_WP_089137819.1	38.889	86	79	79	72	40	2	6	73	5	76	1.18e-15	70.4
tr|E8XIQ7|E8XIQ7_SALT4	GCF_003568825.1_WP_040644076.1	21.795	86	83	86	78	57	1	10	83	2	79	1.49e-15	70.4
tr|E8XIQ7|E8XIQ7_SALT4	GCF_006364355.1_WP_004727652.1	20.732	86	83	90	82	60	2	10	86	2	83	1.51e-15	70.2
tr|E8XIQ7|E8XIQ7_SALT4	GCF_020091585.1_WP_224339804.1	22.368	86	82	84	76	52	2	5	76	2	74	1.72e-15	70.2
tr|E8XIQ7|E8XIQ7_SALT4	GCF_000321415.2_WP_015260329.1	30.588	86	93	94	85	55	2	1	81	1	85	1.91e-15	70.2
tr|E8XIQ7|E8XIQ7_SALT4	GCF_001431725.1_WP_021820278.1	20.000	86	81	87	80	59	2	10	84	2	81	2.04e-15	69.9
tr|E8XIQ7|E8XIQ7_SALT4	GCF_004421105.1_WP_134356453.1	20.513	86	80	86	78	55	3	5	78	2	76	2.14e-15	69.9
tr|E8XIQ7|E8XIQ7_SALT4	GCF_008122265.1_WP_148863603.1	22.368	86	84	84	76	52	2	5	76	2	74	2.20e-15	69.9
tr|E8XIQ7|E8XIQ7_SALT4	GCF_000026085.1_WP_041454550.1	40.845	86	73	80	71	39	3	6	74	2	71	2.44e-15	69.6
tr|E8XIQ7|E8XIQ7_SALT4	GCF_005166025.1_WP_137090244.1	27.632	86	84	84	76	48	2	3	74	1	73	2.62e-15	69.6
tr|E8XIQ7|E8XIQ7_SALT4	GCF_002887615.1_WP_038869703.1	27.273	86	81	84	77	51	2	12	83	4	80	4.10e-15	69.0
tr|E8XIQ7|E8XIQ7_SALT4	GCF_001442805.1_WP_057942092.1	26.027	86	88	80	73	47	2	6	74	7	76	4.20e-15	69.3
tr|E8XIQ7|E8XIQ7_SALT4	GCF_000143085.1_WP_013221711.1	21.333	86	82	83	75	52	3	5	75	2	73	5.30e-15	68.8
tr|E8XIQ7|E8XIQ7_SALT4	GCF_019977755.1_WP_126608378.1	30.588	86	103	86	85	48	3	10	83	16	100	6.06e-15	69.0
tr|E8XIQ7|E8XIQ7_SALT4	GCF_002157895.1_WP_227874980.1	23.750	86	82	87	80	56	2	10	84	3	82	7.57e-15	68.5
tr|E8XIQ7|E8XIQ7_SALT4	GCF_000014785.1_WP_011630183.1	33.766	86	83	85	77	47	3	4	76	7	83	8.40e-15	68.5
tr|E8XIQ7|E8XIQ7_SALT4	GCF_002356115.1_WP_096526481.1	18.667	86	78	83	75	54	2	5	75	2	73	9.35e-15	68.2
tr|E8XIQ7|E8XIQ7_SALT4	GCF_001956695.1_WP_076086034.1	18.987	86	77	87	79	57	2	7	81	2	77	9.65e-15	68.2
tr|E8XIQ7|E8XIQ7_SALT4	GCF_000227685.2_WP_006746304.1	29.630	86	83	90	81	53	2	1	77	1	81	9.85e-15	68.2
tr|E8XIQ7|E8XIQ7_SALT4	GCF_024347275.1_WP_019620968.1	28.750	86	82	87	80	52	3	6	80	3	82	1.02e-14	68.2
tr|E8XIQ7|E8XIQ7_SALT4	GCF_018389385.1_WP_218082190.1	20.270	86	91	81	74	52	2	4	73	15	85	1.08e-14	68.2
tr|E8XIQ7|E8XIQ7_SALT4	GCF_024347195.1_WP_271272618.1	36.111	86	77	79	72	42	3	5	72	2	73	1.14e-14	67.9
tr|E8XIQ7|E8XIQ7_SALT4	GCF_000012805.1_WP_011330264.1	20.000	86	85	83	75	53	3	5	75	2	73	1.17e-14	68.2
tr|E8XIQ7|E8XIQ7_SALT4	GCF_000788395.1_WP_038641921.1	30.882	86	85	78	68	46	1	8	74	3	70	1.23e-14	67.9
tr|E8XIQ7|E8XIQ7_SALT4	GCF_000317125.1_WP_015155280.1	20.253	86	81	87	79	56	3	5	79	2	77	1.43e-14	67.9
tr|E8XIQ7|E8XIQ7_SALT4	GCF_001050135.1_WP_048644179.1	26.582	86	88	87	79	51	3	1	75	1	76	1.78e-14	67.6
tr|E8XIQ7|E8XIQ7_SALT4	GCF_009363415.1_WP_152430616.1	18.987	86	84	86	79	59	2	10	83	2	80	1.89e-14	67.6
tr|E8XIQ7|E8XIQ7_SALT4	GCF_023733635.1_WP_039959400.1	31.507	86	89	79	73	45	2	5	72	2	74	2.01e-14	67.6
tr|E8XIQ7|E8XIQ7_SALT4	GCF_017638925.1_WP_208844867.1	25.333	86	81	83	75	52	1	11	81	3	77	3.39e-14	66.8
tr|E8XIQ7|E8XIQ7_SALT4	GCF_004798725.1_WP_010811758.1	21.795	86	83	86	78	54	2	2	75	3	77	3.51e-14	66.8
tr|E8XIQ7|E8XIQ7_SALT4	GCF_012295615.1_WP_007018284.1	18.182	86	81	84	77	58	2	12	83	4	80	4.14e-14	66.5
tr|E8XIQ7|E8XIQ7_SALT4	GCF_003955735.1_WP_126127786.1	23.457	86	91	90	81	55	3	2	78	4	81	4.94e-14	66.5
tr|E8XIQ7|E8XIQ7_SALT4	GCF_024347255.1_WP_091360415.1	32.877	86	79	79	73	44	2	5	72	2	74	6.76e-14	65.9
tr|E8XIQ7|E8XIQ7_SALT4	GCF_000092245.1_WP_013136435.1	30.137	86	76	81	73	45	2	7	76	2	71	6.91e-14	65.9
tr|E8XIQ7|E8XIQ7_SALT4	GCF_001956695.1_WP_076086043.1	25.676	86	77	83	74	49	2	5	75	2	72	8.77e-14	65.7
tr|E8XIQ7|E8XIQ7_SALT4	GCF_019891175.1_WP_225938383.1	21.687	86	93	92	83	57	3	1	79	7	85	9.27e-14	65.9
tr|E8XIQ7|E8XIQ7_SALT4	GCF_013283835.1_WP_071625892.1	24.000	86	79	80	75	48	2	7	75	2	73	2.58e-13	64.5
tr|E8XIQ7|E8XIQ7_SALT4	GCF_000222485.1_WP_014022977.1	21.795	86	85	86	78	54	3	1	74	1	75	2.79e-13	64.5
tr|E8XIQ7|E8XIQ7_SALT4	GCF_003722295.1_WP_010573895.1	23.684	86	75	81	76	49	2	5	74	2	74	3.75e-13	64.0
tr|E8XIQ7|E8XIQ7_SALT4	GCF_000018105.1_WP_012162738.1	15.190	86	86	87	79	60	2	5	79	2	77	4.09e-13	64.3
tr|E8XIQ7|E8XIQ7_SALT4	GCF_000024725.1_WP_013031543.1	20.513	86	81	86	78	55	3	5	78	2	76	5.16e-13	63.7
tr|E8XIQ7|E8XIQ7_SALT4	GCF_000012325.1_WP_011045621.1	26.866	86	84	78	67	49	0	10	76	5	71	5.17e-13	64.0
tr|E8XIQ7|E8XIQ7_SALT4	GCF_002309535.1_WP_096047558.1	22.500	86	88	90	80	56	2	9	85	4	80	5.49e-13	64.0
tr|E8XIQ7|E8XIQ7_SALT4	GCF_024347215.1_WP_261843265.1	36.111	86	77	79	72	42	3	5	72	2	73	7.97e-13	63.1
tr|E8XIQ7|E8XIQ7_SALT4	GCF_000265505.1_WP_014796533.1	23.529	86	97	86	85	54	2	4	77	3	87	1.08e-12	63.4
tr|E8XIQ7|E8XIQ7_SALT4	GCF_000014705.1_WP_011637758.1	22.892	86	88	91	83	59	2	9	86	3	85	1.13e-12	63.1
tr|E8XIQ7|E8XIQ7_SALT4	GCF_000973725.1_WP_046311560.1	21.795	86	91	86	78	54	2	3	76	1	75	1.45e-12	62.9
tr|E8XIQ7|E8XIQ7_SALT4	GCF_000019185.1_WP_012277931.1	22.449	86	100	86	98	52	3	10	83	2	99	1.48e-12	63.1
tr|E8XIQ7|E8XIQ7_SALT4	GCF_000317575.1_WP_015193670.1	25.000	86	74	84	76	49	4	3	74	1	72	1.71e-12	62.3
tr|E8XIQ7|E8XIQ7_SALT4	GCF_013201665.1_WP_128358834.1	19.481	86	76	86	77	56	2	7	80	2	75	2.88e-12	61.7
tr|E8XIQ7|E8XIQ7_SALT4	GCF_013282625.1_WP_173286717.1	27.941	86	67	79	68	46	1	9	76	2	66	5.29e-12	60.9
tr|E8XIQ7|E8XIQ7_SALT4	GCF_013201935.1_WP_128987185.1	19.444	86	76	80	72	52	2	7	75	2	70	6.03e-12	60.9
tr|E8XIQ7|E8XIQ7_SALT4	GCF_013177635.1_WP_129095951.1	20.833	86	76	80	72	51	2	7	75	2	70	7.18e-12	60.9
tr|E8XIQ7|E8XIQ7_SALT4	GCF_001705075.2_WP_065970077.1	25.641	86	78	86	78	54	2	3	76	1	78	8.42e-12	60.6
tr|E8XIQ7|E8XIQ7_SALT4	GCF_003544815.1_WP_118886031.1	20.833	86	76	80	72	51	2	7	75	2	70	1.23e-11	60.3
tr|E8XIQ7|E8XIQ7_SALT4	GCF_000568815.1_WP_025346049.1	19.481	86	76	86	77	56	2	8	81	3	76	1.65e-11	59.8
tr|E8XIQ7|E8XIQ7_SALT4	GCF_009937995.1_WP_179954406.1	24.675	86	79	84	77	53	2	5	76	2	78	3.99e-11	58.9
tr|E8XIQ7|E8XIQ7_SALT4	GCF_000238255.3_WP_010559905.1	24.390	86	86	92	82	59	2	8	86	3	84	5.08e-11	58.9
tr|E8XIQ7|E8XIQ7_SALT4	GCF_006385555.1_WP_140234395.1	25.000	86	87	87	80	55	2	8	82	2	81	5.68e-11	58.6
tr|E8XIQ7|E8XIQ7_SALT4	GCF_013177675.1_WP_172126669.1	22.078	86	77	86	77	54	2	7	80	2	75	5.93e-11	58.3
tr|E8XIQ7|E8XIQ7_SALT4	GCF_011398355.1_WP_173270160.1	27.692	86	65	76	65	44	1	9	73	2	63	6.41e-11	58.1
tr|E8XIQ7|E8XIQ7_SALT4	GCF_003855395.1_WP_124730567.1	22.892	86	88	91	83	59	3	9	86	3	85	7.57e-11	58.3
tr|E8XIQ7|E8XIQ7_SALT4	GCF_001723605.1_WP_069479051.1	20.270	86	76	83	74	53	2	10	80	5	75	9.40e-11	58.1
tr|E8XIQ7|E8XIQ7_SALT4	GCF_021654855.1_WP_237262080.1	26.471	86	70	74	68	43	2	10	73	3	67	9.56e-11	57.8
tr|E8XIQ7|E8XIQ7_SALT4	GCF_000147355.1_WP_013326989.1	27.692	86	67	70	65	42	2	23	82	1	65	9.97e-11	57.8
tr|E8XIQ7|E8XIQ7_SALT4	GCF_004293625.1_WP_130538367.1	35.593	86	71	69	59	35	1	9	67	2	57	1.64e-10	57.2
tr|E8XIQ7|E8XIQ7_SALT4	GCF_000265295.1_WP_014770430.1	20.779	86	76	86	77	55	2	8	81	3	76	1.75e-10	57.2
tr|E8XIQ7|E8XIQ7_SALT4	GCF_003346815.1_WP_114840344.1	25.974	86	84	86	77	50	3	3	76	1	73	2.79e-10	56.9
tr|E8XIQ7|E8XIQ7_SALT4	GCF_009931655.1_WP_161888514.1	18.987	86	89	87	79	57	2	3	77	1	76	3.34e-10	56.7
tr|E8XIQ7|E8XIQ7_SALT4	GCF_024347675.1_WP_261833361.1	32.558	86	54	50	43	29	0	10	52	2	44	3.76e-10	56.1
tr|E8XIQ7|E8XIQ7_SALT4	GCF_000006765.1_NP_249630.1	32.143	86	108	91	84	51	1	5	82	2	85	4.62e-10	56.7
tr|E8XIQ7|E8XIQ7_SALT4	GCF_020511155.1_WP_226415657.1	16.250	86	87	87	80	62	2	8	82	3	82	4.65e-10	56.4
tr|E8XIQ7|E8XIQ7_SALT4	GCF_000018285.1_WP_012155987.1	19.588	86	102	83	97	52	3	11	81	3	99	1.27e-09	55.5
tr|E8XIQ7|E8XIQ7_SALT4	GCF_011398355.1_WP_173270199.1	25.758	86	66	77	66	46	1	9	74	2	64	1.81e-09	54.4
tr|E8XIQ7|E8XIQ7_SALT4	GCF_026278345.1_WP_266369249.1	24.658	86	90	80	73	48	3	5	73	2	71	1.91e-09	55.0
tr|E8XIQ7|E8XIQ7_SALT4	GCF_017742995.1_WP_247749573.1	47.222	86	48	42	36	19	0	10	45	2	37	2.09e-09	54.1
tr|E8XIQ7|E8XIQ7_SALT4	GCF_014217805.1_WP_185274331.1	19.737	86	91	84	76	54	2	5	76	6	78	2.31e-09	54.7
tr|E8XIQ7|E8XIQ7_SALT4	GCF_001444405.1_WP_058032142.1	28.788	86	87	76	66	46	1	10	74	2	67	2.56e-09	54.4
tr|E8XIQ7|E8XIQ7_SALT4	GCF_003967275.1_WP_197721837.1	31.081	86	78	81	74	47	3	3	72	1	74	2.63e-09	54.4
tr|E8XIQ7|E8XIQ7_SALT4	GCF_023650495.1_WP_250655372.1	24.528	86	88	57	53	36	1	8	56	3	55	3.24e-09	54.1
tr|E8XIQ7|E8XIQ7_SALT4	GCF_013283835.1_WP_071628250.1	24.658	86	81	81	73	49	2	6	75	3	72	4.20e-09	53.8
tr|E8XIQ7|E8XIQ7_SALT4	GCF_002116735.1_WP_041332374.1	16.456	86	86	87	79	59	2	2	76	5	80	5.51e-09	53.6
tr|E8XIQ7|E8XIQ7_SALT4	GCF_000013765.1_WP_011496543.1	20.253	86	106	86	79	58	2	10	83	23	101	1.68e-08	52.7
tr|E8XIQ7|E8XIQ7_SALT4	GCF_005281475.1_WP_137401239.1	24.658	86	81	81	73	49	3	6	75	2	71	3.00e-08	51.6
tr|E8XIQ7|E8XIQ7_SALT4	GCF_003260975.1_WP_112783789.1	21.918	86	81	81	73	51	3	6	75	2	71	4.29e-08	51.3
tr|E8XIQ7|E8XIQ7_SALT4	GCF_011398155.1_WP_173291533.1	19.697	86	71	76	66	49	2	10	74	3	65	4.34e-08	51.0
tr|E8XIQ7|E8XIQ7_SALT4	GCF_006575665.1_WP_141613356.1	24.658	86	81	81	73	49	3	6	75	2	71	4.40e-08	51.3
tr|E8XIQ7|E8XIQ7_SALT4	GCF_014075995.1_WP_182414414.1	17.949	86	91	86	78	57	2	3	76	4	78	5.86e-08	51.0
tr|E8XIQ7|E8XIQ7_SALT4	GCF_000242635.2_WP_014682426.1	18.571	86	83	77	70	50	2	14	79	11	77	2.90e-07	49.1
tr|E8XIQ7|E8XIQ7_SALT4	GCF_000484535.1_WP_023173213.1	29.231	86	91	74	65	45	1	12	75	24	88	7.56e-07	48.2
tr|E8XIQ7|E8XIQ7_SALT4	GCF_021018745.1_WP_230843504.1	27.692	86	92	74	65	46	1	12	75	24	88	9.29e-07	47.9
tr|E8XIQ7|E8XIQ7_SALT4	GCF_019931735.1_WP_223417223.1	16.667	86	87	85	78	60	3	10	82	4	81	1.41e-06	47.4
tr|E8XIQ7|E8XIQ7_SALT4	GCF_011764585.1_WP_188200227.1	25.000	86	63	59	56	37	2	23	73	2	57	1.84e-06	46.8
tr|E8XIQ7|E8XIQ7_SALT4	GCF_001027285.1_WP_047859305.1	22.449	86	80	57	49	38	0	12	60	12	60	2.09e-06	46.8
tr|E8XIQ7|E8XIQ7_SALT4	GCF_000011385.1_WP_011141833.1	27.692	86	92	74	65	46	1	12	75	24	88	2.95e-06	46.8
tr|E8XIQ7|E8XIQ7_SALT4	GCF_000325705.1_WP_015264554.1	21.622	86	77	83	74	52	3	10	80	6	76	1.11e-04	42.6
tr|E8XIQ7|E8XIQ7_SALT4	GCF_009937995.1_WP_162085741.1	27.500	86	82	86	80	52	2	3	76	1	80	6.04e-04	40.6
tr|E8XIQ7|E8XIQ7_SALT4	GCF_010119975.1_WP_162441452.1	14.286	86	89	85	77	59	2	3	75	1	74	0.002	39.5
tr|E8XIQ7|E8XIQ7_SALT4	GCF_003143555.1_WP_109340539.1	14.667	86	84	84	75	61	2	12	83	5	79	0.002	39.2
tr|E8XIQ7|E8XIQ7_SALT4	GCF_010119975.1_WP_162443195.1	16.456	86	91	87	79	59	2	3	77	1	76	0.003	38.9
tr|E8XIQ7|E8XIQ7_SALT4	GCF_009938015.1_WP_147074368.1	24.691	86	82	86	81	53	5	3	76	1	80	0.006	38.1
tr|E8XIQ7|E8XIQ7_SALT4	GCF_003945325.1_WP_125566010.1	24.590	86	327	63	61	39	3	24	77	165	225	0.008	40.1
tr|E8XIQ7|E8XIQ7_SALT4	GCF_001263175.1_WP_050726405.1	26.667	86	81	52	45	33	0	12	56	12	56	0.008	37.8

Search has CONVERGED!
# BLAST processed 5 queries
