lcl|NC_017455.1_prot_WP_014554119.1_1	GCF_011207455.1_WP_166032680.1	59.615	419	415	99	416	165	2	2	415	1	415	0.0	699
lcl|NC_017455.1_prot_WP_014554119.1_1	GCF_022026155.1_WP_237889936.1	59.856	419	415	99	416	164	2	2	415	1	415	0.0	696
lcl|NC_017455.1_prot_WP_014554119.1_1	GCF_000020725.1_WP_012532142.1	62.019	419	415	99	416	155	2	2	415	1	415	0.0	693
lcl|NC_017455.1_prot_WP_014554119.1_1	GCF_014218275.1_WP_085814794.1	62.500	419	415	99	416	153	2	2	415	1	415	0.0	693
lcl|NC_017455.1_prot_WP_014554119.1_1	GCF_000195295.1_WP_041284178.1	60.817	419	415	99	416	160	2	2	415	1	415	0.0	691
lcl|NC_017455.1_prot_WP_014554119.1_1	GCF_000022265.1_WP_012645774.1	62.740	419	415	99	416	152	2	2	415	1	415	0.0	691
lcl|NC_017455.1_prot_WP_014554119.1_1	GCF_000007985.2_WP_010943729.1	61.298	419	415	99	416	158	2	2	415	1	415	0.0	688
lcl|NC_017455.1_prot_WP_014554119.1_1	GCF_018986915.1_WP_183349279.1	62.019	419	415	99	416	155	2	2	415	1	415	0.0	688
lcl|NC_017455.1_prot_WP_014554119.1_1	GCF_017338855.1_WP_207165038.1	61.298	419	415	99	416	158	2	2	415	1	415	0.0	688
lcl|NC_017455.1_prot_WP_014554119.1_1	GCF_000020385.1_WP_012469098.1	60.577	419	415	99	416	161	2	2	415	1	415	0.0	687
lcl|NC_017455.1_prot_WP_014554119.1_1	GCF_019203205.1_WP_135869296.1	62.019	419	415	99	416	155	2	2	415	1	415	0.0	687
lcl|NC_017455.1_prot_WP_014554119.1_1	GCF_004001245.1_WP_127478440.1	58.950	419	418	99	419	166	3	2	415	1	418	0.0	687
lcl|NC_017455.1_prot_WP_014554119.1_1	GCF_000817955.1_WP_039740129.1	61.058	419	415	99	416	159	2	2	415	1	415	0.0	687
lcl|NC_017455.1_prot_WP_014554119.1_1	GCF_000016745.1_WP_011940846.1	62.260	419	415	99	416	154	2	2	415	1	415	0.0	686
lcl|NC_017455.1_prot_WP_014554119.1_1	GCF_019063885.1_WP_216499729.1	62.019	419	415	99	416	155	2	2	415	1	415	0.0	686
lcl|NC_017455.1_prot_WP_014554119.1_1	GCF_009498235.1_WP_153249706.1	58.950	419	418	99	419	166	3	2	415	1	418	0.0	685
lcl|NC_017455.1_prot_WP_014554119.1_1	GCF_000015045.1_WP_011736508.1	62.260	419	415	99	416	154	2	2	415	1	415	0.0	685
lcl|NC_017455.1_prot_WP_014554119.1_1	GCF_019704135.1_WP_221249886.1	61.538	419	415	99	416	157	2	2	415	1	415	0.0	684
lcl|NC_017455.1_prot_WP_014554119.1_1	GCF_013343005.1_WP_078482694.1	58.950	419	418	99	419	166	3	2	415	1	418	0.0	684
lcl|NC_017455.1_prot_WP_014554119.1_1	GCF_009662475.1_WP_010639222.1	58.473	419	418	99	419	168	3	2	415	1	418	0.0	684
lcl|NC_017455.1_prot_WP_014554119.1_1	GCF_000012925.1_WP_004512348.1	60.817	419	415	99	416	160	2	2	415	1	415	0.0	684
lcl|NC_017455.1_prot_WP_014554119.1_1	GCF_002056295.1_WP_080049255.1	58.950	419	421	99	419	166	3	2	415	1	418	0.0	683
lcl|NC_017455.1_prot_WP_014554119.1_1	GCF_025136295.1_WP_259781822.1	55.687	419	421	99	422	178	3	2	415	1	421	0.0	683
lcl|NC_017455.1_prot_WP_014554119.1_1	GCF_011397855.1_WP_044400922.1	57.995	419	420	99	419	170	3	2	415	1	418	0.0	682
lcl|NC_017455.1_prot_WP_014554119.1_1	GCF_005377625.1_WP_137425796.1	60.096	419	415	99	416	163	2	2	415	1	415	0.0	682
lcl|NC_017455.1_prot_WP_014554119.1_1	GCF_020844025.1_WP_215849858.1	58.234	419	418	99	419	169	3	2	415	1	418	0.0	682
lcl|NC_017455.1_prot_WP_014554119.1_1	GCF_012767755.2_WP_173176681.1	57.995	419	419	99	419	170	3	2	415	1	418	0.0	682
lcl|NC_017455.1_prot_WP_014554119.1_1	GCF_000012885.1_WP_011342474.1	60.817	419	415	99	416	160	2	2	415	1	415	0.0	682
lcl|NC_017455.1_prot_WP_014554119.1_1	GCF_016028515.1_WP_011911776.1	57.995	419	419	99	419	170	3	2	415	1	418	0.0	681
lcl|NC_017455.1_prot_WP_014554119.1_1	GCF_003966655.1_WP_012536268.1	57.995	419	418	99	419	170	3	2	415	1	418	0.0	681
lcl|NC_017455.1_prot_WP_014554119.1_1	GCF_016028635.1_WP_008568325.1	57.041	419	419	99	419	174	3	2	415	1	418	0.0	681
lcl|NC_017455.1_prot_WP_014554119.1_1	GCF_004214895.1_WP_028942380.1	57.041	419	419	99	419	174	3	2	415	1	418	0.0	681
lcl|NC_017455.1_prot_WP_014554119.1_1	GCF_000217795.1_WP_041434929.1	58.993	419	427	99	417	167	3	2	415	12	427	0.0	681
lcl|NC_017455.1_prot_WP_014554119.1_1	GCF_014268755.2_WP_017902637.1	57.757	419	419	99	419	171	3	2	415	1	418	0.0	680
lcl|NC_017455.1_prot_WP_014554119.1_1	GCF_003850565.1_WP_022641764.1	57.518	419	419	99	419	172	3	2	415	1	418	0.0	680
lcl|NC_017455.1_prot_WP_014554119.1_1	GCF_001278055.1_WP_053551895.1	61.538	419	415	99	416	157	2	2	415	1	415	0.0	680
lcl|NC_017455.1_prot_WP_014554119.1_1	GCF_000801295.1_WP_043106839.1	58.852	419	420	99	418	166	3	2	414	1	417	0.0	680
lcl|NC_017455.1_prot_WP_014554119.1_1	GCF_000014965.1_WP_041442153.1	61.058	419	415	99	416	159	2	2	415	1	415	0.0	680
lcl|NC_017455.1_prot_WP_014554119.1_1	GCF_000014785.1_WP_011628118.1	57.995	419	418	99	419	170	3	2	415	1	418	0.0	680
lcl|NC_017455.1_prot_WP_014554119.1_1	GCF_025998535.1_WP_267928819.1	57.692	419	415	99	416	173	2	2	415	1	415	0.0	680
lcl|NC_017455.1_prot_WP_014554119.1_1	GCF_002288525.1_WP_085939006.1	56.699	419	421	99	418	175	3	2	414	4	420	0.0	680
lcl|NC_017455.1_prot_WP_014554119.1_1	GCF_000696345.2_WP_010221159.1	57.041	419	419	99	419	174	3	2	415	1	418	0.0	680
lcl|NC_017455.1_prot_WP_014554119.1_1	GCF_000067165.1_WP_012240541.1	56.490	419	415	99	416	178	2	2	415	1	415	0.0	679
lcl|NC_017455.1_prot_WP_014554119.1_1	GCF_020025155.1_WP_223654102.1	58.711	419	421	99	419	167	3	2	415	1	418	0.0	679
lcl|NC_017455.1_prot_WP_014554119.1_1	GCF_003595175.1_WP_119895417.1	57.757	419	419	99	419	171	3	2	415	1	418	0.0	679
lcl|NC_017455.1_prot_WP_014554119.1_1	GCF_000214665.1_WP_013820897.1	55.847	419	418	99	419	179	3	2	415	1	418	0.0	679
lcl|NC_017455.1_prot_WP_014554119.1_1	GCF_003584645.1_WP_119628385.1	58.711	419	418	99	419	167	3	2	415	1	418	0.0	679
lcl|NC_017455.1_prot_WP_014554119.1_1	GCF_000827125.1_WP_040199042.1	61.058	419	415	99	416	159	2	2	415	1	415	0.0	679
lcl|NC_017455.1_prot_WP_014554119.1_1	GCF_000026105.1_WP_011536308.1	57.041	419	419	99	419	174	3	2	415	1	418	0.0	679
lcl|NC_017455.1_prot_WP_014554119.1_1	GCF_000023065.1_WP_015879703.1	57.820	419	421	99	422	172	3	2	418	1	421	0.0	679
lcl|NC_017455.1_prot_WP_014554119.1_1	GCF_000006765.1_NP_253926.1	57.041	419	419	99	419	174	3	2	415	1	418	0.0	679
lcl|NC_017455.1_prot_WP_014554119.1_1	GCF_019669905.1_WP_054762345.1	55.847	419	418	99	419	179	3	2	415	1	418	0.0	678
lcl|NC_017455.1_prot_WP_014554119.1_1	GCF_018734325.1_WP_215583182.1	55.847	419	418	99	419	179	3	2	415	1	418	0.0	678
lcl|NC_017455.1_prot_WP_014554119.1_1	GCF_008932245.1_WP_106407847.1	56.699	419	421	99	418	175	3	2	414	4	420	0.0	678
lcl|NC_017455.1_prot_WP_014554119.1_1	GCF_000785705.2_WP_036275080.1	56.086	419	418	99	419	178	3	2	415	1	418	0.0	678
lcl|NC_017455.1_prot_WP_014554119.1_1	GCF_005849285.1_WP_138381214.1	56.699	419	418	99	418	175	3	2	414	1	417	0.0	678
lcl|NC_017455.1_prot_WP_014554119.1_1	GCF_000818015.1_WP_043218278.1	57.995	419	419	99	419	170	3	2	415	1	418	0.0	678
lcl|NC_017455.1_prot_WP_014554119.1_1	GCF_000742835.1_WP_038466082.1	56.738	419	423	99	423	172	4	2	414	1	422	0.0	678
lcl|NC_017455.1_prot_WP_014554119.1_1	GCF_000412675.1_WP_003253661.1	57.279	419	419	99	419	173	3	2	415	1	418	0.0	678
lcl|NC_017455.1_prot_WP_014554119.1_1	GCF_000008325.1_WP_010959428.1	58.234	419	418	99	419	169	3	2	415	1	418	0.0	678
lcl|NC_017455.1_prot_WP_014554119.1_1	GCF_900231165.1_WP_099558408.1	55.981	419	421	99	418	178	3	2	414	4	420	0.0	678
lcl|NC_017455.1_prot_WP_014554119.1_1	GCF_024360925.2_WP_255190304.1	56.802	419	418	99	419	175	3	2	415	1	418	0.0	678
lcl|NC_017455.1_prot_WP_014554119.1_1	GCF_021560075.1_WP_029886229.1	57.279	419	419	99	419	173	3	2	415	1	418	0.0	678
lcl|NC_017455.1_prot_WP_014554119.1_1	GCF_009688945.1_WP_155320223.1	60.723	419	415	99	415	160	2	2	414	1	414	0.0	678
lcl|NC_017455.1_prot_WP_014554119.1_1	GCF_008728835.1_WP_151120390.1	56.086	419	418	99	419	178	3	2	415	1	418	0.0	678
lcl|NC_017455.1_prot_WP_014554119.1_1	GCF_003667725.1_WP_006311067.1	56.699	419	421	99	418	175	3	2	414	4	420	0.0	678
lcl|NC_017455.1_prot_WP_014554119.1_1	GCF_002009335.2_WP_020876612.1	60.000	419	415	99	415	163	2	2	414	1	414	0.0	678
lcl|NC_017455.1_prot_WP_014554119.1_1	GCF_001189295.1_WP_050429136.1	56.731	419	415	99	416	177	2	2	415	1	415	0.0	678
lcl|NC_017455.1_prot_WP_014554119.1_1	GCF_000218565.1_WP_012561559.1	55.742	419	421	99	418	179	3	2	414	4	420	0.0	678
lcl|NC_017455.1_prot_WP_014554119.1_1	GCF_023038235.1_WP_134648524.1	56.220	419	421	99	418	177	3	2	414	4	420	0.0	677
lcl|NC_017455.1_prot_WP_014554119.1_1	GCF_018398475.1_WP_043863391.1	57.279	419	419	99	419	173	3	2	415	1	418	0.0	677
lcl|NC_017455.1_prot_WP_014554119.1_1	GCF_001547735.1_WP_068550731.1	59.709	419	413	98	412	163	2	4	413	1	411	0.0	677
lcl|NC_017455.1_prot_WP_014554119.1_1	GCF_022814725.1_WP_243540787.1	58.394	419	427	98	411	168	2	5	413	14	423	0.0	677
lcl|NC_017455.1_prot_WP_014554119.1_1	GCF_019670005.1_WP_085215446.1	58.950	419	418	99	419	166	3	2	415	1	418	0.0	677
lcl|NC_017455.1_prot_WP_014554119.1_1	GCF_011046895.1_WP_137133652.1	56.938	419	421	99	418	174	3	2	414	4	420	0.0	677
lcl|NC_017455.1_prot_WP_014554119.1_1	GCF_009936155.1_WP_043591613.1	57.518	419	418	99	419	172	3	2	415	1	418	0.0	677
lcl|NC_017455.1_prot_WP_014554119.1_1	GCF_003952345.1_WP_125971696.1	55.609	419	418	99	419	180	3	2	415	1	418	0.0	677
lcl|NC_017455.1_prot_WP_014554119.1_1	GCF_003667905.1_WP_004444236.1	56.699	419	421	99	418	175	3	2	414	4	420	0.0	677
lcl|NC_017455.1_prot_WP_014554119.1_1	GCF_003568845.1_WP_119679781.1	55.450	419	421	99	422	179	3	2	415	1	421	0.0	677
lcl|NC_017455.1_prot_WP_014554119.1_1	GCF_003403095.1_WP_064787926.1	57.007	419	421	99	421	172	3	2	414	1	420	0.0	677
lcl|NC_017455.1_prot_WP_014554119.1_1	GCF_001889105.1_WP_082911953.1	56.220	419	421	99	418	177	3	2	414	4	420	0.0	677
lcl|NC_017455.1_prot_WP_014554119.1_1	GCF_000828475.1_WP_045363822.1	55.024	419	421	99	418	182	3	2	414	4	420	0.0	677
lcl|NC_017455.1_prot_WP_014554119.1_1	GCF_000513295.1_WP_024081463.1	55.742	419	418	99	418	179	3	2	414	1	417	0.0	677
lcl|NC_017455.1_prot_WP_014554119.1_1	GCF_000321415.2_WP_015260330.1	56.802	419	419	99	419	175	3	2	415	1	418	0.0	677
lcl|NC_017455.1_prot_WP_014554119.1_1	GCF_010669145.1_WP_003492784.1	56.699	419	421	99	418	175	3	2	414	4	420	0.0	676
lcl|NC_017455.1_prot_WP_014554119.1_1	GCF_008807375.1_WP_151138253.1	57.518	419	419	99	419	172	3	2	415	1	418	0.0	676
lcl|NC_017455.1_prot_WP_014554119.1_1	GCF_002868735.1_WP_094453654.1	54.846	419	422	99	423	181	3	2	415	1	422	0.0	676
lcl|NC_017455.1_prot_WP_014554119.1_1	GCF_002355475.1_WP_003457524.1	57.757	419	419	99	419	171	3	2	415	1	418	0.0	676
lcl|NC_017455.1_prot_WP_014554119.1_1	GCF_002355415.1_WP_096463041.1	60.621	419	418	99	419	159	3	2	415	1	418	0.0	676
lcl|NC_017455.1_prot_WP_014554119.1_1	GCF_000697965.2_WP_089044254.1	56.459	419	421	99	418	176	3	2	414	4	420	0.0	676
lcl|NC_017455.1_prot_WP_014554119.1_1	GCF_000024725.1_WP_013034599.1	57.995	419	418	99	419	170	3	2	415	1	418	0.0	676
lcl|NC_017455.1_prot_WP_014554119.1_1	GCF_000024325.1_WP_015751292.1	59.759	419	415	99	415	164	2	2	414	1	414	0.0	676
lcl|NC_017455.1_prot_WP_014554119.1_1	GCF_900682675.2_WP_069898456.1	56.802	419	419	99	419	175	3	2	415	1	418	0.0	676
lcl|NC_017455.1_prot_WP_014554119.1_1	GCF_018138105.1_WP_007698693.1	56.220	419	421	99	418	177	3	2	414	4	420	0.0	676
lcl|NC_017455.1_prot_WP_014554119.1_1	GCF_009688985.1_WP_155314054.1	60.628	419	415	98	414	160	2	2	413	1	413	0.0	676
lcl|NC_017455.1_prot_WP_014554119.1_1	GCF_008728855.1_WP_151179908.1	56.325	419	418	99	419	177	3	2	415	1	418	0.0	676
lcl|NC_017455.1_prot_WP_014554119.1_1	GCF_005144635.2_WP_136921409.1	56.731	419	415	99	416	177	2	2	415	1	415	0.0	676
lcl|NC_017455.1_prot_WP_014554119.1_1	GCF_003130795.1_WP_109325695.1	56.563	419	418	99	419	176	3	2	415	1	418	0.0	676
lcl|NC_017455.1_prot_WP_014554119.1_1	GCF_000816845.1_WP_022718404.1	56.699	419	421	99	418	175	3	2	414	4	420	0.0	676
lcl|NC_017455.1_prot_WP_014554119.1_1	GCF_000691605.1_WP_038452042.1	58.213	419	417	98	414	170	2	2	413	1	413	0.0	676
lcl|NC_017455.1_prot_WP_014554119.1_1	GCF_000284315.1_WP_014450193.1	60.577	419	416	99	416	161	2	2	415	1	415	0.0	676
lcl|NC_017455.1_prot_WP_014554119.1_1	GCF_000264455.2_WP_014746923.1	56.563	419	419	99	419	175	3	2	414	1	418	0.0	676
lcl|NC_017455.1_prot_WP_014554119.1_1	GCF_000227685.2_WP_006746305.1	56.563	419	419	99	419	176	3	2	415	1	418	0.0	676
lcl|NC_017455.1_prot_WP_014554119.1_1	GCF_018802605.1_WP_189536309.1	57.041	419	418	99	419	174	3	2	415	1	418	0.0	676
lcl|NC_017455.1_prot_WP_014554119.1_1	GCF_016890085.1_WP_011135137.1	57.041	419	418	99	419	174	3	2	415	1	418	0.0	676
lcl|NC_017455.1_prot_WP_014554119.1_1	GCF_013488225.1_WP_180939528.1	56.459	419	421	99	418	176	3	2	414	4	420	0.0	676
lcl|NC_017455.1_prot_WP_014554119.1_1	GCF_012769535.1_WP_169602020.1	58.473	419	418	99	419	168	3	2	415	1	418	0.0	676
lcl|NC_017455.1_prot_WP_014554119.1_1	GCF_001617625.1_WP_067150270.1	57.518	419	419	99	419	172	3	2	415	1	418	0.0	676
lcl|NC_017455.1_prot_WP_014554119.1_1	GCF_000967425.1_WP_139346276.1	56.459	419	421	99	418	176	3	2	414	4	420	0.0	676
lcl|NC_017455.1_prot_WP_014554119.1_1	GCF_000761155.1_WP_043192255.1	56.802	419	419	99	419	175	3	2	415	1	418	0.0	676
lcl|NC_017455.1_prot_WP_014554119.1_1	GCF_026001925.1_WP_105903688.1	57.757	419	419	99	419	171	3	2	415	1	418	0.0	675
lcl|NC_017455.1_prot_WP_014554119.1_1	GCF_017377395.1_WP_207683511.1	60.723	419	415	99	415	160	2	2	414	1	414	0.0	675
lcl|NC_017455.1_prot_WP_014554119.1_1	GCF_009756665.1_WP_133588176.1	58.950	419	419	99	419	166	3	2	415	1	418	0.0	675
lcl|NC_017455.1_prot_WP_014554119.1_1	GCF_003261575.2_WP_110276891.1	57.995	419	419	99	419	170	3	2	415	1	418	0.0	675
lcl|NC_017455.1_prot_WP_014554119.1_1	GCF_002838765.1_WP_106647840.1	57.279	419	418	99	419	173	3	2	415	1	418	0.0	675
lcl|NC_017455.1_prot_WP_014554119.1_1	GCF_001305575.3_WP_062151686.1	57.041	419	418	99	419	174	3	2	415	1	418	0.0	675
lcl|NC_017455.1_prot_WP_014554119.1_1	GCF_000632475.1_WP_014238917.1	56.802	419	418	99	419	175	3	2	415	1	418	0.0	675
lcl|NC_017455.1_prot_WP_014554119.1_1	GCF_000233595.1_WP_006121431.1	57.518	419	419	99	419	172	3	2	415	1	418	0.0	675
lcl|NC_017455.1_prot_WP_014554119.1_1	GCF_000148645.1_WP_013347067.1	58.234	419	421	99	419	169	3	2	415	1	418	0.0	675
lcl|NC_017455.1_prot_WP_014554119.1_1	GCF_000143965.1_WP_043815129.1	59.809	419	417	99	418	163	3	2	415	1	417	0.0	675
lcl|NC_017455.1_prot_WP_014554119.1_1	GCF_000007765.2_NP_821056.1	58.134	419	418	99	418	169	3	2	414	1	417	0.0	675
lcl|NC_017455.1_prot_WP_014554119.1_1	GCF_012295575.1_WP_168661525.1	58.711	419	422	99	419	167	3	2	415	1	418	0.0	675
lcl|NC_017455.1_prot_WP_014554119.1_1	GCF_007993755.1_WP_146960019.1	59.420	419	417	98	414	165	2	2	413	1	413	0.0	675
lcl|NC_017455.1_prot_WP_014554119.1_1	GCF_004421105.1_WP_134356615.1	58.234	419	418	99	419	169	3	2	415	1	418	0.0	675
lcl|NC_017455.1_prot_WP_014554119.1_1	GCF_003177055.1_WP_012709824.1	55.981	419	421	99	418	178	3	2	414	4	420	0.0	675
lcl|NC_017455.1_prot_WP_014554119.1_1	GCF_002407485.1_WP_094039081.1	57.346	419	421	99	422	174	3	2	418	1	421	0.0	675
lcl|NC_017455.1_prot_WP_014554119.1_1	GCF_002119845.1_WP_003589536.1	56.459	419	421	99	418	176	3	2	414	4	420	0.0	675
lcl|NC_017455.1_prot_WP_014554119.1_1	GCF_001750105.1_WP_069946705.1	57.279	419	419	99	419	173	3	2	415	1	418	0.0	675
lcl|NC_017455.1_prot_WP_014554119.1_1	GCF_000968535.2_WP_014150367.1	57.279	419	418	99	419	173	3	2	415	1	418	0.0	675
lcl|NC_017455.1_prot_WP_014554119.1_1	GCF_000730165.1_WP_004271485.1	56.770	419	420	99	421	174	3	2	415	1	420	0.0	675
lcl|NC_017455.1_prot_WP_014554119.1_1	GCF_000023745.1_WP_013443047.1	56.802	419	419	99	419	175	3	2	415	1	418	0.0	675
lcl|NC_017455.1_prot_WP_014554119.1_1	GCF_000007125.1_WP_002965128.1	56.938	419	421	99	418	174	3	2	414	4	420	0.0	675
lcl|NC_017455.1_prot_WP_014554119.1_1	GCF_902459485.1_WP_148340127.1	57.757	419	418	99	419	170	4	2	415	1	417	0.0	674
lcl|NC_017455.1_prot_WP_014554119.1_1	GCF_020883495.1_WP_206366670.1	55.981	419	421	99	418	178	3	2	414	4	420	0.0	674
lcl|NC_017455.1_prot_WP_014554119.1_1	GCF_020079945.1_WP_039381703.1	58.473	419	419	99	419	168	3	2	415	1	418	0.0	674
lcl|NC_017455.1_prot_WP_014554119.1_1	GCF_018436245.1_WP_022709829.1	55.981	419	421	99	418	178	3	2	414	4	420	0.0	674
lcl|NC_017455.1_prot_WP_014554119.1_1	GCF_017357225.1_WP_205918653.1	56.459	419	421	99	418	176	3	2	414	4	420	0.0	674
lcl|NC_017455.1_prot_WP_014554119.1_1	GCF_015326295.1_WP_012091070.1	56.938	419	421	99	418	174	3	2	414	4	420	0.0	674
lcl|NC_017455.1_prot_WP_014554119.1_1	GCF_009649915.1_WP_052285527.1	57.757	419	419	99	419	171	3	2	415	1	418	0.0	674
lcl|NC_017455.1_prot_WP_014554119.1_1	GCF_009363855.1_WP_152584617.1	56.938	419	421	99	418	174	3	2	414	4	420	0.0	674
lcl|NC_017455.1_prot_WP_014554119.1_1	GCF_003627755.1_WP_004127423.1	55.981	419	421	99	418	178	3	2	414	4	420	0.0	674
lcl|NC_017455.1_prot_WP_014554119.1_1	GCF_003352165.1_WP_114911614.1	55.425	419	424	99	424	177	3	2	414	1	423	0.0	674
lcl|NC_017455.1_prot_WP_014554119.1_1	GCF_002278035.1_WP_024898458.1	56.699	419	421	99	418	175	3	2	414	4	420	0.0	674
lcl|NC_017455.1_prot_WP_014554119.1_1	GCF_001953055.1_WP_156892576.1	56.220	419	421	99	418	177	3	2	414	4	420	0.0	674
lcl|NC_017455.1_prot_WP_014554119.1_1	GCF_001887775.1_WP_072283796.1	61.058	419	415	99	416	159	2	2	415	1	415	0.0	674
lcl|NC_017455.1_prot_WP_014554119.1_1	GCF_001664385.1_WP_003571435.1	56.459	419	421	99	418	176	3	2	414	4	420	0.0	674
lcl|NC_017455.1_prot_WP_014554119.1_1	GCF_001664265.1_WP_088391233.1	56.459	419	421	99	418	176	3	2	414	4	420	0.0	674
lcl|NC_017455.1_prot_WP_014554119.1_1	GCF_000960975.1_WP_144409479.1	56.699	419	421	99	418	175	3	2	414	4	420	0.0	674
lcl|NC_017455.1_prot_WP_014554119.1_1	GCF_000346065.1_WP_010970587.1	56.220	419	421	99	418	177	3	2	414	4	420	0.0	674
lcl|NC_017455.1_prot_WP_014554119.1_1	GCF_000330885.1_WP_015341775.1	55.981	419	421	99	418	178	3	2	414	4	420	0.0	674
lcl|NC_017455.1_prot_WP_014554119.1_1	GCF_000196355.1_WP_011381390.1	57.619	419	419	99	420	172	3	2	416	1	419	0.0	674
lcl|NC_017455.1_prot_WP_014554119.1_1	GCF_000023545.1_WP_012763844.1	57.518	419	419	99	419	172	3	2	415	1	418	0.0	674
lcl|NC_017455.1_prot_WP_014554119.1_1	GCF_900478135.1_WP_111741835.1	57.995	419	419	99	419	170	3	2	415	1	418	0.0	674
lcl|NC_017455.1_prot_WP_014554119.1_1	GCF_024346605.1_WP_011654069.1	56.459	419	421	99	418	176	3	2	414	4	420	0.0	674
lcl|NC_017455.1_prot_WP_014554119.1_1	GCF_021165935.1_WP_231758810.1	57.279	419	419	99	419	173	3	2	415	1	418	0.0	674
lcl|NC_017455.1_prot_WP_014554119.1_1	GCF_019891395.1_WP_025029315.1	57.177	419	421	99	418	173	3	2	414	4	420	0.0	674
lcl|NC_017455.1_prot_WP_014554119.1_1	GCF_017329545.1_WP_047887300.1	58.473	419	419	99	419	168	3	2	415	1	418	0.0	674
lcl|NC_017455.1_prot_WP_014554119.1_1	GCF_016026615.1_WP_042656764.1	57.820	419	421	99	422	172	3	2	418	1	421	0.0	674
lcl|NC_017455.1_prot_WP_014554119.1_1	GCF_014524625.1_WP_007926725.1	57.518	419	419	99	419	172	3	2	415	1	418	0.0	674
lcl|NC_017455.1_prot_WP_014554119.1_1	GCF_009708955.1_WP_016210039.1	56.802	419	419	99	419	175	3	2	415	1	418	0.0	674
lcl|NC_017455.1_prot_WP_014554119.1_1	GCF_001277175.1_WP_004386383.1	57.518	419	419	99	419	172	3	2	415	1	418	0.0	674
lcl|NC_017455.1_prot_WP_014554119.1_1	GCF_000016845.1_WP_006014450.1	56.699	419	421	99	418	175	3	2	414	4	420	0.0	674
lcl|NC_017455.1_prot_WP_014554119.1_1	GCF_025200715.1_WP_027512263.1	56.459	419	421	99	418	176	3	2	414	4	420	0.0	674
lcl|NC_017455.1_prot_WP_014554119.1_1	GCF_024347495.1_WP_137375542.1	58.234	419	420	99	419	169	3	2	415	1	418	0.0	674
lcl|NC_017455.1_prot_WP_014554119.1_1	GCF_024346955.1_WP_087481500.1	57.757	419	419	99	419	171	3	2	415	1	418	0.0	674
lcl|NC_017455.1_prot_WP_014554119.1_1	GCF_023195735.1_WP_035895778.1	57.279	419	419	99	419	173	3	2	415	1	418	0.0	674
lcl|NC_017455.1_prot_WP_014554119.1_1	GCF_016806835.2_WP_201075697.1	56.802	419	418	99	419	175	3	2	415	1	418	0.0	674
lcl|NC_017455.1_prot_WP_014554119.1_1	GCF_009914055.1_WP_141177666.1	57.995	419	419	99	419	170	3	2	415	1	418	0.0	674
lcl|NC_017455.1_prot_WP_014554119.1_1	GCF_008275125.1_WP_149294997.1	56.563	419	418	99	419	176	3	2	415	1	418	0.0	674
lcl|NC_017455.1_prot_WP_014554119.1_1	GCF_008274805.1_WP_054620399.1	55.847	419	418	99	419	179	3	2	415	1	418	0.0	674
lcl|NC_017455.1_prot_WP_014554119.1_1	GCF_004786035.1_WP_025216061.1	57.041	419	419	99	419	174	3	2	415	1	418	0.0	674
lcl|NC_017455.1_prot_WP_014554119.1_1	GCF_004684345.1_WP_096758948.1	57.995	419	419	99	419	170	3	2	415	1	418	0.0	674
lcl|NC_017455.1_prot_WP_014554119.1_1	GCF_003991975.1_WP_109703968.1	57.041	419	419	99	419	174	3	2	415	1	418	0.0	674
lcl|NC_017455.1_prot_WP_014554119.1_1	GCF_002952055.1_WP_017865812.1	56.010	419	415	99	416	180	2	2	415	1	415	0.0	674
lcl|NC_017455.1_prot_WP_014554119.1_1	GCF_001874645.1_WP_019694195.1	57.279	419	419	99	419	173	3	2	415	1	418	0.0	674
lcl|NC_017455.1_prot_WP_014554119.1_1	GCF_001729805.1_WP_008501566.1	57.041	419	419	99	419	174	3	2	415	1	418	0.0	674
lcl|NC_017455.1_prot_WP_014554119.1_1	GCF_001705075.2_WP_065969783.1	60.859	419	418	99	419	158	3	2	415	1	418	0.0	674
lcl|NC_017455.1_prot_WP_014554119.1_1	GCF_001305595.1_WP_045581329.1	56.086	419	418	99	419	178	3	2	415	1	418	0.0	674
lcl|NC_017455.1_prot_WP_014554119.1_1	GCF_001022135.1_WP_023479599.1	57.757	419	419	99	419	171	3	2	415	1	418	0.0	674
lcl|NC_017455.1_prot_WP_014554119.1_1	GCF_000731315.1_WP_151045343.1	55.981	419	421	99	418	178	3	2	414	4	420	0.0	674
lcl|NC_017455.1_prot_WP_014554119.1_1	GCF_000297055.2_WP_009206477.1	55.847	419	418	99	419	179	3	2	415	1	418	0.0	674
lcl|NC_017455.1_prot_WP_014554119.1_1	GCF_000264765.2_WP_005297111.1	57.995	419	419	99	419	170	3	2	415	1	418	0.0	674
lcl|NC_017455.1_prot_WP_014554119.1_1	GCF_000224675.1_WP_001054528.1	57.279	419	419	99	419	173	3	2	415	1	418	0.0	674
lcl|NC_017455.1_prot_WP_014554119.1_1	GCF_000016185.1_WP_012567946.1	54.610	419	422	99	423	182	3	2	415	1	422	0.0	674
lcl|NC_017455.1_prot_WP_014554119.1_1	GCF_000013705.1_WP_011480511.1	56.563	419	419	99	419	176	3	2	415	1	418	0.0	674
lcl|NC_017455.1_prot_WP_014554119.1_1	GCF_025118245.1_WP_105543315.1	56.938	419	421	99	418	174	3	2	414	4	420	0.0	673
lcl|NC_017455.1_prot_WP_014554119.1_1	GCF_021310995.1_WP_112501108.1	56.220	419	421	99	418	177	3	2	414	4	420	0.0	673
lcl|NC_017455.1_prot_WP_014554119.1_1	GCF_021184025.1_WP_233023980.1	55.024	419	421	99	418	182	3	2	414	4	420	0.0	673
lcl|NC_017455.1_prot_WP_014554119.1_1	GCF_011009015.1_WP_163831486.1	57.518	419	419	99	419	172	3	2	415	1	418	0.0	673
lcl|NC_017455.1_prot_WP_014554119.1_1	GCF_010450895.1_WP_099059781.1	56.459	419	421	99	418	176	3	2	414	4	420	0.0	673
lcl|NC_017455.1_prot_WP_014554119.1_1	GCF_005862305.2_WP_012759538.1	56.220	419	421	99	418	177	3	2	414	4	420	0.0	673
lcl|NC_017455.1_prot_WP_014554119.1_1	GCF_003967195.1_WP_126452293.1	57.995	419	419	99	419	170	3	2	415	1	418	0.0	673
lcl|NC_017455.1_prot_WP_014554119.1_1	GCF_003515985.1_WP_027063767.1	58.473	419	419	99	419	168	3	2	415	1	418	0.0	673
lcl|NC_017455.1_prot_WP_014554119.1_1	GCF_003352185.1_WP_007951825.1	57.041	419	419	99	419	174	3	2	415	1	418	0.0	673
lcl|NC_017455.1_prot_WP_014554119.1_1	GCF_003330725.1_WP_114206569.1	61.871	419	416	99	417	156	2	2	416	1	416	0.0	673
lcl|NC_017455.1_prot_WP_014554119.1_1	GCF_003096015.2_WP_047782390.1	57.995	419	419	99	419	170	3	2	415	1	418	0.0	673
lcl|NC_017455.1_prot_WP_014554119.1_1	GCF_002764115.1_WP_027230937.1	56.699	419	421	99	418	175	3	2	414	4	420	0.0	673
lcl|NC_017455.1_prot_WP_014554119.1_1	GCF_002196515.1_WP_021021955.1	57.995	419	419	99	419	170	3	2	415	1	418	0.0	673
lcl|NC_017455.1_prot_WP_014554119.1_1	GCF_001999945.1_WP_010133763.1	57.518	419	419	99	419	172	3	2	415	1	418	0.0	673
lcl|NC_017455.1_prot_WP_014554119.1_1	GCF_000517305.1_WP_025257997.1	56.802	419	419	99	419	175	3	2	415	1	418	0.0	673
lcl|NC_017455.1_prot_WP_014554119.1_1	GCF_000300005.1_WP_014996355.1	57.995	419	419	99	419	170	3	2	415	1	418	0.0	673
lcl|NC_017455.1_prot_WP_014554119.1_1	GCF_000299335.2_WP_041025905.1	58.473	419	419	99	419	168	3	2	415	1	418	0.0	673
lcl|NC_017455.1_prot_WP_014554119.1_1	GCF_000225955.1_WP_011391366.1	57.416	419	418	99	418	172	3	2	414	1	417	0.0	673
lcl|NC_017455.1_prot_WP_014554119.1_1	GCF_000143085.1_WP_013219598.1	57.995	419	418	99	419	170	3	2	415	1	418	0.0	673
lcl|NC_017455.1_prot_WP_014554119.1_1	GCF_000014005.1_WP_011524029.1	62.410	419	415	99	415	153	2	2	414	1	414	0.0	673
lcl|NC_017455.1_prot_WP_014554119.1_1	GCF_000010085.1_WP_011412192.1	57.995	419	419	99	419	170	3	2	415	1	418	0.0	673
lcl|NC_017455.1_prot_WP_014554119.1_1	GCF_900560965.1_WP_011064156.1	57.279	419	419	99	419	173	3	2	415	1	418	0.0	673
lcl|NC_017455.1_prot_WP_014554119.1_1	GCF_900184295.1_WP_004886821.1	56.563	419	419	99	419	176	3	2	415	1	418	0.0	673
lcl|NC_017455.1_prot_WP_014554119.1_1	GCF_021654335.1_WP_237248301.1	57.757	419	418	99	419	171	3	2	415	1	418	0.0	673
lcl|NC_017455.1_prot_WP_014554119.1_1	GCF_019890955.1_WP_021506991.1	58.711	419	419	99	419	167	3	2	415	1	418	0.0	673
lcl|NC_017455.1_prot_WP_014554119.1_1	GCF_019665765.1_WP_221006964.1	58.234	419	418	99	419	169	3	2	415	1	418	0.0	673
lcl|NC_017455.1_prot_WP_014554119.1_1	GCF_016132445.1_WP_228345579.1	58.373	419	422	99	418	168	3	2	414	1	417	0.0	673
lcl|NC_017455.1_prot_WP_014554119.1_1	GCF_014274465.1_WP_186743500.1	61.687	419	416	99	415	156	2	2	414	1	414	0.0	673
lcl|NC_017455.1_prot_WP_014554119.1_1	GCF_013403565.1_WP_179358206.1	57.279	419	418	99	419	173	3	2	415	1	418	0.0	673
lcl|NC_017455.1_prot_WP_014554119.1_1	GCF_011764585.1_WP_173061899.1	56.086	419	419	99	419	178	3	2	415	1	418	0.0	673
lcl|NC_017455.1_prot_WP_014554119.1_1	GCF_009931115.1_WP_161859767.1	57.995	419	419	99	419	170	3	2	415	1	418	0.0	673
lcl|NC_017455.1_prot_WP_014554119.1_1	GCF_002393445.1_WP_008455558.1	57.518	419	419	99	419	172	3	2	415	1	418	0.0	673
lcl|NC_017455.1_prot_WP_014554119.1_1	GCF_001855275.1_WP_021476377.1	56.086	419	418	99	419	178	3	2	415	1	418	0.0	673
lcl|NC_017455.1_prot_WP_014554119.1_1	GCF_001558415.2_WP_024374422.1	57.041	419	419	99	419	174	3	2	415	1	418	0.0	673
lcl|NC_017455.1_prot_WP_014554119.1_1	GCF_001294575.1_WP_003438291.1	57.279	419	419	99	419	173	3	2	415	1	418	0.0	673
lcl|NC_017455.1_prot_WP_014554119.1_1	GCF_000953015.1_WP_045751656.1	56.086	419	419	99	419	178	3	2	415	1	418	0.0	673
lcl|NC_017455.1_prot_WP_014554119.1_1	GCF_000517405.1_WP_025244115.1	57.757	419	419	99	419	171	3	2	415	1	418	0.0	673
lcl|NC_017455.1_prot_WP_014554119.1_1	GCF_000306675.2_WP_002746906.1	57.349	419	483	99	415	174	2	2	414	68	481	0.0	673
lcl|NC_017455.1_prot_WP_014554119.1_1	GCF_000262305.1_WP_002444150.1	57.995	419	419	99	419	170	3	2	415	1	418	0.0	673
lcl|NC_017455.1_prot_WP_014554119.1_1	GCF_000240185.1_YP_005224430.1	57.518	419	419	99	419	172	3	2	415	1	418	0.0	673
lcl|NC_017455.1_prot_WP_014554119.1_1	GCF_000018045.1_WP_002437993.1	57.518	419	419	99	419	172	3	2	415	1	418	0.0	673
lcl|NC_017455.1_prot_WP_014554119.1_1	GCF_000006945.2_NP_462807.1	57.518	419	419	99	419	172	3	2	415	1	418	0.0	673
lcl|NC_017455.1_prot_WP_014554119.1_1	GCF_025946765.1_WP_264497537.1	57.995	419	419	99	419	170	3	2	415	1	418	0.0	673
lcl|NC_017455.1_prot_WP_014554119.1_1	GCF_025562755.1_WP_262601029.1	57.518	419	419	99	419	172	3	2	415	1	418	0.0	673
lcl|NC_017455.1_prot_WP_014554119.1_1	GCF_016599635.1_WP_007248148.1	56.802	419	419	99	419	175	3	2	415	1	418	0.0	673
lcl|NC_017455.1_prot_WP_014554119.1_1	GCF_014268445.2_WP_003229334.1	57.041	419	419	99	419	174	3	2	415	1	418	0.0	673
lcl|NC_017455.1_prot_WP_014554119.1_1	GCF_013347285.1_WP_085086916.1	56.325	419	418	99	419	177	3	2	415	1	418	0.0	673
lcl|NC_017455.1_prot_WP_014554119.1_1	GCF_009817885.1_WP_015344121.1	57.995	419	419	99	419	170	3	2	415	1	418	0.0	673
lcl|NC_017455.1_prot_WP_014554119.1_1	GCF_009688965.1_WP_155307825.1	60.241	419	415	99	415	162	2	2	414	1	414	0.0	673
lcl|NC_017455.1_prot_WP_014554119.1_1	GCF_007858975.2_WP_042873323.1	57.757	419	419	99	419	171	3	2	415	1	418	0.0	673
lcl|NC_017455.1_prot_WP_014554119.1_1	GCF_002218045.2_WP_089139576.1	58.234	419	419	99	419	169	3	2	415	1	418	0.0	673
lcl|NC_017455.1_prot_WP_014554119.1_1	GCF_002117145.1_WP_085784380.1	58.373	419	418	99	418	168	3	2	414	1	417	0.0	673
lcl|NC_017455.1_prot_WP_014554119.1_1	GCF_000319575.2_WP_016354044.1	58.234	419	418	99	419	169	3	2	415	1	418	0.0	673
lcl|NC_017455.1_prot_WP_014554119.1_1	GCF_000023705.1_WP_015832965.1	57.041	419	419	99	419	174	3	2	415	1	418	0.0	673
lcl|NC_017455.1_prot_WP_014554119.1_1	GCF_000009985.1_WP_011386897.1	56.459	419	418	99	418	176	3	2	414	1	417	0.0	673
lcl|NC_017455.1_prot_WP_014554119.1_1	GCF_000007805.1_WP_002551560.1	56.802	419	419	99	419	175	3	2	415	1	418	0.0	673
lcl|NC_017455.1_prot_WP_014554119.1_1	GCF_000005845.2_NP_418230.1	57.279	419	419	99	419	173	3	2	415	1	418	0.0	673
lcl|NC_017455.1_prot_WP_014554119.1_1	GCF_900635955.1_WP_126358040.1	57.279	419	419	99	419	173	3	2	415	1	418	0.0	672
lcl|NC_017455.1_prot_WP_014554119.1_1	GCF_029030725.1_WP_009338589.1	55.502	419	421	99	418	180	3	2	414	4	420	0.0	672
lcl|NC_017455.1_prot_WP_014554119.1_1	GCF_026409565.1_WP_169543749.1	58.234	419	418	99	419	167	4	2	414	1	417	0.0	672
lcl|NC_017455.1_prot_WP_014554119.1_1	GCF_024347595.1_WP_017631298.1	58.473	419	419	99	419	168	3	2	415	1	418	0.0	672
lcl|NC_017455.1_prot_WP_014554119.1_1	GCF_024347035.1_WP_102941608.1	57.995	419	419	99	419	170	3	2	415	1	418	0.0	672
lcl|NC_017455.1_prot_WP_014554119.1_1	GCF_024346755.1_WP_073603654.1	57.518	419	419	99	419	172	3	2	415	1	418	0.0	672
lcl|NC_017455.1_prot_WP_014554119.1_1	GCF_024346715.1_WP_107302811.1	57.995	419	421	99	419	170	3	2	415	1	418	0.0	672
lcl|NC_017455.1_prot_WP_014554119.1_1	GCF_017309585.1_WP_227814200.1	55.609	419	419	99	419	180	3	2	415	1	418	0.0	672
lcl|NC_017455.1_prot_WP_014554119.1_1	GCF_015476275.1_WP_016783019.1	57.279	419	419	99	419	173	3	2	415	1	418	0.0	672
lcl|NC_017455.1_prot_WP_014554119.1_1	GCF_015377145.2_WP_047272818.1	57.279	419	419	99	419	173	3	2	415	1	418	0.0	672
lcl|NC_017455.1_prot_WP_014554119.1_1	GCF_014892695.1_WP_193002830.1	57.583	419	421	99	422	173	3	2	418	1	421	0.0	672
lcl|NC_017455.1_prot_WP_014554119.1_1	GCF_013374995.1_WP_027979976.1	56.802	419	419	99	419	175	3	2	415	1	418	0.0	672
lcl|NC_017455.1_prot_WP_014554119.1_1	GCF_003935895.2_WP_110512138.1	57.995	419	419	99	419	170	3	2	415	1	418	0.0	672
lcl|NC_017455.1_prot_WP_014554119.1_1	GCF_003233655.1_WP_111067476.1	56.086	419	418	99	419	178	3	2	415	1	418	0.0	672
lcl|NC_017455.1_prot_WP_014554119.1_1	GCF_003072645.1_WP_108652677.1	56.635	419	421	99	422	177	3	2	418	1	421	0.0	672
lcl|NC_017455.1_prot_WP_014554119.1_1	GCF_002288545.1_WP_010283881.1	57.995	419	419	99	419	170	3	2	415	1	418	0.0	672
lcl|NC_017455.1_prot_WP_014554119.1_1	GCF_002157735.2_WP_086981934.1	57.995	419	419	99	419	170	3	2	415	1	418	0.0	672
lcl|NC_017455.1_prot_WP_014554119.1_1	GCF_002028325.1_WP_017845130.1	57.279	419	419	99	419	173	3	2	415	1	418	0.0	672
lcl|NC_017455.1_prot_WP_014554119.1_1	GCF_001753245.1_WP_070077407.1	56.802	419	419	99	419	175	3	2	415	1	418	0.0	672
lcl|NC_017455.1_prot_WP_014554119.1_1	GCF_001612705.2_WP_008438874.1	57.518	419	419	99	419	172	3	2	415	1	418	0.0	672
lcl|NC_017455.1_prot_WP_014554119.1_1	GCF_001594225.2_WP_011336486.1	57.041	419	419	99	419	174	3	2	415	1	418	0.0	672
lcl|NC_017455.1_prot_WP_014554119.1_1	GCF_001558255.2_WP_005501751.1	58.234	419	421	99	419	169	3	2	415	1	418	0.0	672
lcl|NC_017455.1_prot_WP_014554119.1_1	GCF_000940995.1_WP_039468437.1	58.473	419	421	99	419	168	3	2	415	1	418	0.0	672
lcl|NC_017455.1_prot_WP_014554119.1_1	GCF_000196475.1_WP_015836218.1	57.279	419	419	99	419	173	3	2	415	1	418	0.0	672
lcl|NC_017455.1_prot_WP_014554119.1_1	GCF_000196155.1_WP_011148733.1	57.279	419	419	99	419	173	3	2	415	1	418	0.0	672
lcl|NC_017455.1_prot_WP_014554119.1_1	GCF_000186885.1_WP_015725141.1	57.452	419	415	99	416	174	2	2	415	1	415	0.0	672
lcl|NC_017455.1_prot_WP_014554119.1_1	GCF_000021985.1_WP_012636945.1	57.995	419	419	99	419	170	3	2	415	1	418	0.0	672
lcl|NC_017455.1_prot_WP_014554119.1_1	GCF_000021905.1_WP_028316918.1	60.482	419	415	99	415	161	2	2	414	1	414	0.0	672
lcl|NC_017455.1_prot_WP_014554119.1_1	GCF_024662015.1_WP_257766444.1	55.952	419	420	99	420	177	3	2	414	1	419	0.0	672
lcl|NC_017455.1_prot_WP_014554119.1_1	GCF_024494545.1_WP_060999724.1	58.473	419	421	99	419	168	3	2	415	1	418	0.0	672
lcl|NC_017455.1_prot_WP_014554119.1_1	GCF_024347475.1_WP_032552271.1	57.518	419	419	99	419	172	3	2	415	1	418	0.0	672
lcl|NC_017455.1_prot_WP_014554119.1_1	GCF_024347355.1_WP_004741192.1	58.234	419	419	99	419	169	3	2	415	1	418	0.0	672
lcl|NC_017455.1_prot_WP_014554119.1_1	GCF_024347095.1_WP_038185996.1	57.757	419	419	99	419	171	3	2	415	1	418	0.0	672
lcl|NC_017455.1_prot_WP_014554119.1_1	GCF_020991125.1_WP_230436615.1	57.757	419	419	99	419	171	3	2	415	1	418	0.0	672
lcl|NC_017455.1_prot_WP_014554119.1_1	GCF_020342335.1_WP_067434659.1	58.234	419	419	99	419	169	3	2	415	1	418	0.0	672
lcl|NC_017455.1_prot_WP_014554119.1_1	GCF_020181655.1_WP_225086126.1	57.279	419	419	99	419	173	3	2	415	1	418	0.0	672
lcl|NC_017455.1_prot_WP_014554119.1_1	GCF_019703875.1_WP_221763955.1	56.563	419	419	99	419	176	3	2	415	1	418	0.0	672
lcl|NC_017455.1_prot_WP_014554119.1_1	GCF_017377355.1_WP_207688426.1	60.482	419	415	99	415	161	2	2	414	1	414	0.0	672
lcl|NC_017455.1_prot_WP_014554119.1_1	GCF_014268695.2_WP_003177350.1	57.279	419	419	99	419	173	3	2	415	1	418	0.0	672
lcl|NC_017455.1_prot_WP_014554119.1_1	GCF_014169735.1_WP_010672370.1	57.583	419	421	99	422	173	3	2	418	1	421	0.0	672
lcl|NC_017455.1_prot_WP_014554119.1_1	GCF_013358405.1_WP_175277725.1	56.220	419	421	99	418	177	3	2	414	4	420	0.0	672
lcl|NC_017455.1_prot_WP_014554119.1_1	GCF_013085545.1_WP_216367941.1	59.375	419	415	99	416	166	2	2	415	1	415	0.0	672
lcl|NC_017455.1_prot_WP_014554119.1_1	GCF_011617105.1_WP_008815829.1	58.234	419	419	99	419	169	3	2	415	1	418	0.0	672
lcl|NC_017455.1_prot_WP_014554119.1_1	GCF_010587385.1_WP_164647061.1	57.995	419	420	99	419	170	3	2	415	1	418	0.0	672
lcl|NC_017455.1_prot_WP_014554119.1_1	GCF_008843145.1_WP_158047757.1	56.802	419	418	99	419	175	3	2	415	1	418	0.0	672
lcl|NC_017455.1_prot_WP_014554119.1_1	GCF_005671395.1_WP_138095225.1	57.518	419	419	99	419	172	3	2	415	1	418	0.0	672
lcl|NC_017455.1_prot_WP_014554119.1_1	GCF_005144905.1_WP_010440702.1	58.473	419	419	99	419	168	3	2	415	1	418	0.0	672
lcl|NC_017455.1_prot_WP_014554119.1_1	GCF_003382565.3_WP_102116948.1	57.995	419	419	99	419	170	3	2	415	1	418	0.0	672
lcl|NC_017455.1_prot_WP_014554119.1_1	GCF_002257545.1_WP_010319292.1	57.279	419	419	99	419	173	3	2	415	1	418	0.0	672
lcl|NC_017455.1_prot_WP_014554119.1_1	GCF_002204915.1_WP_026060769.1	57.995	419	419	99	419	170	3	2	415	1	418	0.0	672
lcl|NC_017455.1_prot_WP_014554119.1_1	GCF_002101395.1_WP_038628983.1	58.234	419	419	99	419	169	3	2	415	1	418	0.0	672
lcl|NC_017455.1_prot_WP_014554119.1_1	GCF_001007875.1_WP_046859797.1	59.569	419	418	99	418	163	3	2	414	1	417	0.0	672
lcl|NC_017455.1_prot_WP_014554119.1_1	GCF_000740965.1_WP_011095682.1	58.234	419	419	99	419	169	3	2	415	1	418	0.0	672
lcl|NC_017455.1_prot_WP_014554119.1_1	GCF_000266945.1_WP_014811773.1	61.722	419	417	99	418	155	3	2	415	1	417	0.0	672
lcl|NC_017455.1_prot_WP_014554119.1_1	GCF_000091465.1_WP_009848197.1	58.473	419	419	99	419	168	3	2	415	1	418	0.0	672
lcl|NC_017455.1_prot_WP_014554119.1_1	GCF_000025065.1_WP_012886501.1	57.995	419	419	99	419	170	3	2	415	1	418	0.0	672
lcl|NC_017455.1_prot_WP_014554119.1_1	GCF_000023565.1_WP_012767940.1	57.995	419	419	99	419	170	3	2	415	1	418	0.0	672
lcl|NC_017455.1_prot_WP_014554119.1_1	GCF_000012805.1_WP_004269132.1	57.757	419	418	99	419	171	3	2	415	1	418	0.0	672
lcl|NC_017455.1_prot_WP_014554119.1_1	GCF_000012725.1_WP_011313437.1	55.024	419	421	99	418	182	3	2	414	4	420	0.0	672
lcl|NC_017455.1_prot_WP_014554119.1_1	GCF_900637545.1_WP_033132515.1	57.820	419	421	99	422	172	3	2	418	1	421	0.0	671
lcl|NC_017455.1_prot_WP_014554119.1_1	GCF_028355655.1_WP_005320670.1	57.820	419	421	99	422	172	3	2	418	1	421	0.0	671
lcl|NC_017455.1_prot_WP_014554119.1_1	GCF_024347115.1_WP_077336793.1	57.518	419	419	99	419	172	3	2	415	1	418	0.0	671
lcl|NC_017455.1_prot_WP_014554119.1_1	GCF_023195835.1_WP_176289271.1	57.995	419	419	99	419	170	3	2	415	1	418	0.0	671
lcl|NC_017455.1_prot_WP_014554119.1_1	GCF_019203965.1_WP_218287125.1	53.972	419	428	99	428	181	3	2	414	1	427	0.0	671
lcl|NC_017455.1_prot_WP_014554119.1_1	GCF_015689195.1_WP_180743812.1	57.518	419	419	99	419	172	3	2	415	1	418	0.0	671
lcl|NC_017455.1_prot_WP_014554119.1_1	GCF_014268275.3_WP_186754968.1	57.041	419	419	99	419	174	3	2	415	1	418	0.0	671
lcl|NC_017455.1_prot_WP_014554119.1_1	GCF_013423785.1_WP_180306544.1	57.279	419	418	99	419	173	3	2	415	1	418	0.0	671
lcl|NC_017455.1_prot_WP_014554119.1_1	GCF_010983895.1_WP_173765636.1	56.086	419	419	99	419	178	3	2	415	1	418	0.0	671
lcl|NC_017455.1_prot_WP_014554119.1_1	GCF_008033135.1_WP_148716328.1	56.563	419	416	99	419	174	4	2	415	1	416	0.0	671
lcl|NC_017455.1_prot_WP_014554119.1_1	GCF_007289895.1_WP_143870439.1	57.920	419	422	99	423	171	4	2	419	1	421	0.0	671
lcl|NC_017455.1_prot_WP_014554119.1_1	GCF_005860795.2_WP_138286875.1	56.220	419	421	99	418	177	3	2	414	4	420	0.0	671
lcl|NC_017455.1_prot_WP_014554119.1_1	GCF_003015165.1_WP_041206691.1	57.583	419	421	99	422	173	3	2	418	1	421	0.0	671
lcl|NC_017455.1_prot_WP_014554119.1_1	GCF_001995825.2_WP_029222011.1	58.473	419	419	99	419	168	3	2	415	1	418	0.0	671
lcl|NC_017455.1_prot_WP_014554119.1_1	GCF_001708425.1_WP_003206716.1	57.279	419	419	99	419	173	3	2	415	1	418	0.0	671
lcl|NC_017455.1_prot_WP_014554119.1_1	GCF_001455205.1_WP_062559466.1	57.143	419	419	99	420	174	3	2	416	1	419	0.0	671
lcl|NC_017455.1_prot_WP_014554119.1_1	GCF_000828815.1_WP_041062510.1	57.757	419	419	99	419	171	3	2	415	1	418	0.0	671
lcl|NC_017455.1_prot_WP_014554119.1_1	GCF_000772105.1_WP_004745495.1	57.279	419	419	99	419	173	3	2	415	1	418	0.0	671
lcl|NC_017455.1_prot_WP_014554119.1_1	GCF_000770115.1_WP_005440042.1	57.279	419	419	99	419	173	3	2	415	1	418	0.0	671
lcl|NC_017455.1_prot_WP_014554119.1_1	GCF_000355765.4_WP_004179512.1	56.667	419	419	99	420	176	3	2	416	1	419	0.0	671
lcl|NC_017455.1_prot_WP_014554119.1_1	GCF_000069965.1_WP_004246354.1	57.518	419	419	99	419	172	3	2	415	1	418	0.0	671
lcl|NC_017455.1_prot_WP_014554119.1_1	GCF_902387845.1_WP_004234397.1	57.995	419	419	99	419	170	3	2	415	1	418	0.0	671
lcl|NC_017455.1_prot_WP_014554119.1_1	GCF_900475855.1_WP_068439727.1	57.518	419	419	99	419	172	3	2	415	1	418	0.0	671
lcl|NC_017455.1_prot_WP_014554119.1_1	GCF_024347055.1_WP_261896203.1	57.279	419	419	99	419	173	3	2	415	1	418	0.0	671
lcl|NC_017455.1_prot_WP_014554119.1_1	GCF_019226825.1_WP_136487150.1	57.518	419	419	99	419	172	3	2	415	1	418	0.0	671
lcl|NC_017455.1_prot_WP_014554119.1_1	GCF_014268585.2_WP_057712815.1	57.279	419	419	99	419	173	3	2	415	1	418	0.0	671
lcl|NC_017455.1_prot_WP_014554119.1_1	GCF_012913625.1_WP_019862177.1	55.263	419	421	99	418	181	3	2	414	4	420	0.0	671
lcl|NC_017455.1_prot_WP_014554119.1_1	GCF_011045835.1_WP_023583649.1	57.518	419	419	99	419	172	3	2	415	1	418	0.0	671
lcl|NC_017455.1_prot_WP_014554119.1_1	GCF_007431345.1_WP_143856675.1	57.757	419	416	99	419	169	4	2	415	1	416	0.0	671
lcl|NC_017455.1_prot_WP_014554119.1_1	GCF_006364355.1_WP_038152528.1	57.041	419	419	99	419	174	3	2	415	1	418	0.0	671
lcl|NC_017455.1_prot_WP_014554119.1_1	GCF_005155025.1_WP_103522856.1	56.802	419	418	99	419	175	3	2	415	1	418	0.0	671
lcl|NC_017455.1_prot_WP_014554119.1_1	GCF_004116975.1_WP_064718547.1	57.518	419	419	99	419	172	3	2	415	1	418	0.0	671
lcl|NC_017455.1_prot_WP_014554119.1_1	GCF_002906475.1_WP_005535997.1	57.279	419	419	99	419	173	3	2	415	1	418	0.0	671
lcl|NC_017455.1_prot_WP_014554119.1_1	GCF_002843235.3_WP_004906109.1	58.234	419	419	99	419	169	3	2	415	1	418	0.0	671
lcl|NC_017455.1_prot_WP_014554119.1_1	GCF_002393505.1_WP_004915469.1	57.995	419	419	99	419	170	3	2	415	1	418	0.0	671
lcl|NC_017455.1_prot_WP_014554119.1_1	GCF_002157895.1_WP_087036515.1	57.820	419	421	99	422	172	3	2	418	1	421	0.0	671
lcl|NC_017455.1_prot_WP_014554119.1_1	GCF_002007565.1_WP_077994731.1	56.938	419	421	99	418	174	3	2	414	4	420	0.0	671
lcl|NC_017455.1_prot_WP_014554119.1_1	GCF_001661075.1_WP_007942421.1	57.518	419	419	99	419	172	3	2	415	1	418	0.0	671
lcl|NC_017455.1_prot_WP_014554119.1_1	GCF_001547935.1_WP_068711673.1	57.041	419	419	99	419	174	3	2	415	1	418	0.0	671
lcl|NC_017455.1_prot_WP_014554119.1_1	GCF_000981765.1_WP_046562133.1	57.041	419	418	99	419	174	3	2	415	1	418	0.0	671
lcl|NC_017455.1_prot_WP_014554119.1_1	GCF_000968175.1_WP_010845326.1	57.995	419	419	99	419	170	3	2	415	1	418	0.0	671
lcl|NC_017455.1_prot_WP_014554119.1_1	GCF_000934565.1_WP_003176825.1	57.041	419	419	99	419	174	3	2	415	1	418	0.0	671
lcl|NC_017455.1_prot_WP_014554119.1_1	GCF_000022565.1_WP_015897571.1	61.631	419	416	99	417	157	2	2	416	1	416	0.0	671
lcl|NC_017455.1_prot_WP_014554119.1_1	GCF_022836935.1_WP_244449942.1	56.220	419	421	99	418	177	3	2	414	4	420	0.0	671
lcl|NC_017455.1_prot_WP_014554119.1_1	GCF_017743015.1_WP_099134202.1	57.995	419	419	99	419	170	3	2	415	1	418	0.0	671
lcl|NC_017455.1_prot_WP_014554119.1_1	GCF_014495845.1_WP_187968952.1	55.742	419	421	99	418	179	3	2	414	4	420	0.0	671
lcl|NC_017455.1_prot_WP_014554119.1_1	GCF_011064285.1_WP_165312805.1	57.518	419	419	99	419	172	3	2	415	1	418	0.0	671
lcl|NC_017455.1_prot_WP_014554119.1_1	GCF_009363415.1_WP_114767716.1	57.757	419	419	99	419	171	3	2	415	1	418	0.0	671
lcl|NC_017455.1_prot_WP_014554119.1_1	GCF_008727715.1_WP_024923280.1	55.263	419	421	99	418	181	3	2	414	4	420	0.0	671
lcl|NC_017455.1_prot_WP_014554119.1_1	GCF_006874765.1_WP_004495959.1	57.349	419	483	99	415	174	2	2	414	68	481	0.0	671
lcl|NC_017455.1_prot_WP_014554119.1_1	GCF_005484965.1_WP_009111025.1	58.234	419	419	99	419	169	3	2	415	1	418	0.0	671
lcl|NC_017455.1_prot_WP_014554119.1_1	GCF_005116655.2_WP_136805427.1	57.933	419	416	99	416	171	3	2	414	1	415	0.0	671
lcl|NC_017455.1_prot_WP_014554119.1_1	GCF_003433515.1_WP_027835820.1	56.459	419	421	99	418	176	3	2	414	4	420	0.0	671
lcl|NC_017455.1_prot_WP_014554119.1_1	GCF_002291445.1_WP_048637086.1	58.234	419	419	99	419	169	3	2	415	1	418	0.0	671
lcl|NC_017455.1_prot_WP_014554119.1_1	GCF_001889445.1_WP_025285646.1	56.604	419	424	99	424	172	3	2	414	1	423	0.0	671
lcl|NC_017455.1_prot_WP_014554119.1_1	GCF_001742185.1_WP_025919665.1	57.995	419	419	99	419	170	3	2	415	1	418	0.0	671
lcl|NC_017455.1_prot_WP_014554119.1_1	GCF_001693385.1_WP_028348326.1	55.024	419	421	99	418	182	3	2	414	4	420	0.0	671
lcl|NC_017455.1_prot_WP_014554119.1_1	GCF_000968195.1_WP_045968130.1	57.995	419	419	99	419	170	3	2	415	1	418	0.0	671
lcl|NC_017455.1_prot_WP_014554119.1_1	GCF_000026185.1_WP_012439962.1	57.995	419	419	99	419	170	3	2	415	1	418	0.0	671
lcl|NC_017455.1_prot_WP_014554119.1_1	GCF_000025705.1_WP_013029146.1	57.518	419	418	99	419	172	3	2	415	1	418	0.0	671
lcl|NC_017455.1_prot_WP_014554119.1_1	GCF_000024825.1_WP_005378757.1	57.757	419	419	99	419	171	3	2	415	1	418	0.0	671
lcl|NC_017455.1_prot_WP_014554119.1_1	GCF_024582835.1_WP_257084434.1	57.995	419	419	99	419	170	3	2	415	1	418	0.0	670
lcl|NC_017455.1_prot_WP_014554119.1_1	GCF_020991025.1_WP_010863060.1	57.041	419	419	99	419	174	3	2	415	1	418	0.0	670
lcl|NC_017455.1_prot_WP_014554119.1_1	GCF_019900845.1_WP_232359078.1	59.666	419	421	99	419	163	3	2	415	1	418	0.0	670
lcl|NC_017455.1_prot_WP_014554119.1_1	GCF_017569925.1_WP_208229385.1	58.234	419	419	99	419	169	3	2	415	1	418	0.0	670
lcl|NC_017455.1_prot_WP_014554119.1_1	GCF_013285305.1_WP_016973082.1	57.041	419	419	99	419	174	3	2	415	1	418	0.0	670
lcl|NC_017455.1_prot_WP_014554119.1_1	GCF_013284055.1_WP_173533497.1	57.757	419	418	99	419	171	3	2	415	1	418	0.0	670
lcl|NC_017455.1_prot_WP_014554119.1_1	GCF_009938225.1_WP_075647757.1	57.757	419	419	99	419	171	3	2	415	1	418	0.0	670
lcl|NC_017455.1_prot_WP_014554119.1_1	GCF_009938185.1_WP_162045339.1	57.757	419	419	99	419	171	3	2	415	1	418	0.0	670
lcl|NC_017455.1_prot_WP_014554119.1_1	GCF_009601765.2_WP_153448091.1	58.473	419	419	99	419	168	3	2	415	1	418	0.0	670
lcl|NC_017455.1_prot_WP_014554119.1_1	GCF_008369605.1_WP_001054524.1	57.279	419	419	99	419	173	3	2	415	1	418	0.0	670
lcl|NC_017455.1_prot_WP_014554119.1_1	GCF_005484945.1_WP_109054855.1	57.995	419	419	99	419	170	3	2	415	1	418	0.0	670
lcl|NC_017455.1_prot_WP_014554119.1_1	GCF_003099975.1_WP_011054072.1	58.473	419	419	99	419	168	3	2	415	1	418	0.0	670
lcl|NC_017455.1_prot_WP_014554119.1_1	GCF_002887615.1_WP_038868581.1	57.757	419	419	99	419	171	3	2	415	1	418	0.0	670
lcl|NC_017455.1_prot_WP_014554119.1_1	GCF_001020955.1_WP_018168683.1	56.563	419	419	99	419	176	3	2	415	1	418	0.0	670
lcl|NC_017455.1_prot_WP_014554119.1_1	GCF_001006005.1_WP_021181558.1	57.518	419	419	99	419	172	3	2	415	1	418	0.0	670
lcl|NC_017455.1_prot_WP_014554119.1_1	GCF_000619905.2_WP_025041073.1	56.905	419	419	99	420	175	3	2	416	1	419	0.0	670
lcl|NC_017455.1_prot_WP_014554119.1_1	GCF_000313175.2_WP_004462323.1	57.349	419	477	99	415	174	2	2	414	62	475	0.0	670
lcl|NC_017455.1_prot_WP_014554119.1_1	GCF_000192745.1_WP_013650837.1	55.981	419	421	99	418	178	3	2	414	4	420	0.0	670
lcl|NC_017455.1_prot_WP_014554119.1_1	GCF_907164955.1_WP_264435782.1	57.416	419	418	99	418	172	3	2	414	1	417	0.0	670
lcl|NC_017455.1_prot_WP_014554119.1_1	GCF_024346675.1_WP_062688197.1	57.757	419	421	99	419	171	3	2	415	1	418	0.0	670
lcl|NC_017455.1_prot_WP_014554119.1_1	GCF_022647505.1_WP_128176360.1	57.995	419	419	99	419	170	3	2	415	1	418	0.0	670
lcl|NC_017455.1_prot_WP_014554119.1_1	GCF_021365465.1_WP_016192346.1	58.234	419	419	99	419	169	3	2	415	1	418	0.0	670
lcl|NC_017455.1_prot_WP_014554119.1_1	GCF_020149575.1_WP_042043959.1	57.820	419	421	99	422	172	3	2	418	1	421	0.0	670
lcl|NC_017455.1_prot_WP_014554119.1_1	GCF_019844095.1_WP_062749087.1	57.995	419	419	99	419	170	3	2	415	1	418	0.0	670
lcl|NC_017455.1_prot_WP_014554119.1_1	GCF_018409545.1_WP_213380519.1	58.134	419	418	99	418	169	3	2	414	1	417	0.0	670
lcl|NC_017455.1_prot_WP_014554119.1_1	GCF_016446285.1_WP_199263205.1	57.452	419	415	99	416	174	2	2	415	1	415	0.0	670
lcl|NC_017455.1_prot_WP_014554119.1_1	GCF_014083925.1_WP_074372998.1	57.995	419	419	99	419	170	3	2	415	1	418	0.0	670
lcl|NC_017455.1_prot_WP_014554119.1_1	GCF_009938205.1_WP_075706354.1	57.757	419	419	99	419	171	3	2	415	1	418	0.0	670
lcl|NC_017455.1_prot_WP_014554119.1_1	GCF_003568825.1_WP_009839245.1	58.950	419	419	99	419	166	3	2	415	1	418	0.0	670
lcl|NC_017455.1_prot_WP_014554119.1_1	GCF_002752675.1_WP_054268339.1	56.086	419	420	99	419	178	3	2	415	1	418	0.0	670
lcl|NC_017455.1_prot_WP_014554119.1_1	GCF_002215215.1_WP_088916923.1	56.563	419	418	99	419	176	3	2	415	1	418	0.0	670
lcl|NC_017455.1_prot_WP_014554119.1_1	GCF_002157875.1_WP_086964575.1	58.057	419	421	99	422	171	3	2	418	1	421	0.0	670
lcl|NC_017455.1_prot_WP_014554119.1_1	GCF_001693515.2_WP_057834504.1	55.024	419	421	99	418	182	3	2	414	4	420	0.0	670
lcl|NC_017455.1_prot_WP_014554119.1_1	GCF_001642805.2_WP_004934188.1	57.995	419	419	99	419	170	3	2	415	1	418	0.0	670
lcl|NC_017455.1_prot_WP_014554119.1_1	GCF_000214235.1_WP_004950874.1	58.473	419	419	99	419	168	3	2	415	1	418	0.0	670
lcl|NC_017455.1_prot_WP_014554119.1_1	GCF_000178955.2_WP_014264422.1	61.111	419	416	98	414	158	2	2	413	1	413	0.0	670
lcl|NC_017455.1_prot_WP_014554119.1_1	GCF_000091565.1_WP_004154908.1	57.995	419	419	99	419	170	3	2	415	1	418	0.0	670
lcl|NC_017455.1_prot_WP_014554119.1_1	GCF_000013885.1_WP_011508716.1	54.785	419	421	99	418	183	3	2	414	4	420	0.0	670
lcl|NC_017455.1_prot_WP_014554119.1_1	GCF_914590485.1_WP_131911099.1	58.234	419	419	99	419	169	3	2	415	1	418	0.0	669
lcl|NC_017455.1_prot_WP_014554119.1_1	GCF_023733635.1_WP_006474897.1	58.234	419	418	99	419	169	3	2	415	1	418	0.0	669
lcl|NC_017455.1_prot_WP_014554119.1_1	GCF_021462285.1_WP_037422810.1	58.234	419	419	99	419	169	3	2	415	1	418	0.0	669
lcl|NC_017455.1_prot_WP_014554119.1_1	GCF_016939435.1_WP_015865333.1	65.291	419	424	98	412	141	1	2	413	3	412	0.0	669
lcl|NC_017455.1_prot_WP_014554119.1_1	GCF_011745665.1_WP_166915558.1	58.333	419	420	99	420	168	4	2	415	1	419	0.0	669
lcl|NC_017455.1_prot_WP_014554119.1_1	GCF_011290485.1_WP_166270440.1	60.048	419	418	99	418	161	3	2	414	1	417	0.0	669
lcl|NC_017455.1_prot_WP_014554119.1_1	GCF_008693705.1_WP_005339417.1	57.346	419	421	99	422	174	3	2	418	1	421	0.0	669
lcl|NC_017455.1_prot_WP_014554119.1_1	GCF_004768525.1_WP_026822640.1	57.757	419	419	99	419	171	3	2	415	1	418	0.0	669
lcl|NC_017455.1_prot_WP_014554119.1_1	GCF_003367375.1_WP_115720432.1	57.381	419	421	99	420	173	3	2	416	1	419	0.0	669
lcl|NC_017455.1_prot_WP_014554119.1_1	GCF_002291425.1_WP_095846383.1	58.234	419	419	99	419	169	3	2	415	1	418	0.0	669
lcl|NC_017455.1_prot_WP_014554119.1_1	GCF_002163605.1_WP_038015767.1	57.995	419	419	99	419	170	3	2	415	1	418	0.0	669
lcl|NC_017455.1_prot_WP_014554119.1_1	GCF_001753085.1_WP_011216778.1	56.770	419	420	99	421	176	3	2	417	1	420	0.0	669
lcl|NC_017455.1_prot_WP_014554119.1_1	GCF_001708405.1_WP_068994090.1	57.279	419	418	99	419	173	3	2	415	1	418	0.0	669
lcl|NC_017455.1_prot_WP_014554119.1_1	GCF_000940805.1_WP_044616390.1	58.134	419	418	99	418	169	3	2	414	1	417	0.0	669
lcl|NC_017455.1_prot_WP_014554119.1_1	GCF_000284415.1_WP_041794344.1	57.895	419	418	99	418	170	3	2	414	1	417	0.0	669
lcl|NC_017455.1_prot_WP_014554119.1_1	GCF_000224005.2_WP_005224458.1	59.091	419	418	99	418	165	3	2	414	1	417	0.0	669
lcl|NC_017455.1_prot_WP_014554119.1_1	GCF_000196615.1_WP_013200233.1	57.757	419	419	99	419	171	3	2	415	1	418	0.0	669
lcl|NC_017455.1_prot_WP_014554119.1_1	GCF_025264665.1_WP_260703812.1	60.432	419	416	99	417	162	2	2	416	1	416	0.0	669
lcl|NC_017455.1_prot_WP_014554119.1_1	GCF_024346875.1_WP_261817486.1	57.757	419	419	99	419	171	3	2	415	1	418	0.0	669
lcl|NC_017455.1_prot_WP_014554119.1_1	GCF_022809775.1_WP_243545355.1	58.413	419	435	99	416	170	2	2	415	21	435	0.0	669
lcl|NC_017455.1_prot_WP_014554119.1_1	GCF_019977755.1_WP_101111407.1	57.995	419	419	99	419	170	3	2	415	1	418	0.0	669
lcl|NC_017455.1_prot_WP_014554119.1_1	GCF_019669985.1_WP_054773614.1	58.473	419	418	99	419	168	3	2	415	1	418	0.0	669
lcl|NC_017455.1_prot_WP_014554119.1_1	GCF_019048385.1_WP_010257369.1	58.234	419	419	99	419	169	3	2	415	1	418	0.0	669
lcl|NC_017455.1_prot_WP_014554119.1_1	GCF_016807805.1_WP_203195100.1	55.742	419	422	98	418	178	3	3	414	5	421	0.0	669
lcl|NC_017455.1_prot_WP_014554119.1_1	GCF_016653615.1_WP_201091948.1	56.325	419	419	99	419	177	3	2	415	1	418	0.0	669
lcl|NC_017455.1_prot_WP_014554119.1_1	GCF_015277775.1_WP_267239399.1	59.662	419	431	98	414	164	2	2	413	17	429	0.0	669
lcl|NC_017455.1_prot_WP_014554119.1_1	GCF_013234275.1_WP_034492237.1	57.995	419	419	99	419	170	3	2	415	1	418	0.0	669
lcl|NC_017455.1_prot_WP_014554119.1_1	GCF_013004005.1_WP_014132460.1	54.177	419	421	99	419	186	3	1	414	3	420	0.0	669
lcl|NC_017455.1_prot_WP_014554119.1_1	GCF_009831665.3_WP_006709376.1	57.757	419	419	99	419	171	3	2	415	1	418	0.0	669
lcl|NC_017455.1_prot_WP_014554119.1_1	GCF_008632455.1_WP_150051453.1	55.847	419	418	99	419	179	3	2	415	1	418	0.0	669
lcl|NC_017455.1_prot_WP_014554119.1_1	GCF_004792415.1_WP_003851960.1	57.995	419	419	99	419	170	3	2	415	1	418	0.0	669
lcl|NC_017455.1_prot_WP_014554119.1_1	GCF_003952725.1_WP_126007388.1	55.263	419	421	99	418	181	3	2	414	4	420	0.0	669
lcl|NC_017455.1_prot_WP_014554119.1_1	GCF_003716875.1_WP_123015182.1	57.279	419	419	99	419	173	3	2	415	1	418	0.0	669
lcl|NC_017455.1_prot_WP_014554119.1_1	GCF_003516145.1_WP_002725082.1	57.349	419	481	99	415	174	2	2	414	66	479	0.0	669
lcl|NC_017455.1_prot_WP_014554119.1_1	GCF_002327145.1_WP_034746249.1	56.325	419	420	99	419	177	3	2	415	1	418	0.0	669
lcl|NC_017455.1_prot_WP_014554119.1_1	GCF_001618865.1_WP_110174891.1	59.420	419	417	98	414	165	2	2	413	1	413	0.0	669
lcl|NC_017455.1_prot_WP_014554119.1_1	GCF_000723165.1_WP_035787757.1	56.086	419	420	99	419	178	3	2	415	1	418	0.0	669
lcl|NC_017455.1_prot_WP_014554119.1_1	GCF_000287335.1_WP_014887769.1	57.279	419	419	99	419	173	3	2	415	1	418	0.0	669
lcl|NC_017455.1_prot_WP_014554119.1_1	GCF_000093025.1_WP_013149112.1	56.563	419	419	99	419	176	3	2	415	1	418	0.0	669
lcl|NC_017455.1_prot_WP_014554119.1_1	GCF_000016285.1_WP_015917602.1	55.981	419	421	99	418	178	3	2	414	4	420	0.0	669
lcl|NC_017455.1_prot_WP_014554119.1_1	GCF_000009365.1_WP_007151393.1	57.757	419	419	99	419	171	3	2	415	1	418	0.0	669
lcl|NC_017455.1_prot_WP_014554119.1_1	GCF_024347675.1_WP_261835688.1	57.518	419	419	99	419	172	3	2	415	1	418	0.0	669
lcl|NC_017455.1_prot_WP_014554119.1_1	GCF_018905915.1_WP_216128864.1	57.518	419	419	99	419	172	3	2	415	1	418	0.0	669
lcl|NC_017455.1_prot_WP_014554119.1_1	GCF_018107685.1_WP_211923816.1	58.134	419	418	99	418	169	3	2	414	1	417	0.0	669
lcl|NC_017455.1_prot_WP_014554119.1_1	GCF_014189455.1_WP_095202590.1	55.263	419	421	99	418	181	3	2	414	4	420	0.0	669
lcl|NC_017455.1_prot_WP_014554119.1_1	GCF_014126615.1_WP_129334076.1	56.355	419	420	99	417	177	3	2	414	4	419	0.0	669
lcl|NC_017455.1_prot_WP_014554119.1_1	GCF_009664085.1_WP_153973902.1	58.373	419	418	99	418	168	3	2	414	1	417	0.0	669
lcl|NC_017455.1_prot_WP_014554119.1_1	GCF_007361795.1_WP_058502662.1	55.819	419	420	99	421	180	3	2	417	1	420	0.0	669
lcl|NC_017455.1_prot_WP_014554119.1_1	GCF_004571195.1_WP_028386201.1	55.344	419	420	99	421	182	3	2	417	1	420	0.0	669
lcl|NC_017455.1_prot_WP_014554119.1_1	GCF_003367315.1_WP_108125714.1	58.612	419	418	99	418	167	3	2	414	1	417	0.0	669
lcl|NC_017455.1_prot_WP_014554119.1_1	GCF_003258315.1_WP_111336810.1	59.420	419	415	98	414	165	2	2	413	1	413	0.0	669
lcl|NC_017455.1_prot_WP_014554119.1_1	GCF_003143555.1_WP_109340772.1	59.189	419	421	99	419	165	3	2	415	1	418	0.0	669
lcl|NC_017455.1_prot_WP_014554119.1_1	GCF_002162375.1_WP_087459667.1	57.857	419	420	99	420	170	4	2	415	1	419	0.0	669
lcl|NC_017455.1_prot_WP_014554119.1_1	GCF_000953135.1_WP_045097231.1	56.770	419	420	99	421	176	3	2	417	1	420	0.0	669
lcl|NC_017455.1_prot_WP_014554119.1_1	GCF_000754265.1_WP_038498170.1	58.473	419	419	99	419	168	3	2	415	1	418	0.0	669
lcl|NC_017455.1_prot_WP_014554119.1_1	GCF_000183405.1_WP_013450421.1	59.135	419	413	99	416	165	3	2	415	1	413	0.0	669
lcl|NC_017455.1_prot_WP_014554119.1_1	GCF_000092205.1_WP_013162843.1	59.952	419	421	98	417	161	3	2	413	1	416	0.0	669
lcl|NC_017455.1_prot_WP_014554119.1_1	GCF_000024085.1_WP_015781606.1	57.041	419	418	99	419	174	3	2	415	1	418	0.0	669
lcl|NC_017455.1_prot_WP_014554119.1_1	GCF_000017265.1_WP_012524078.1	53.589	419	474	99	418	188	3	2	414	57	473	0.0	669
lcl|NC_017455.1_prot_WP_014554119.1_1	GCF_900233005.1_WP_102523654.1	57.757	419	419	99	419	171	3	2	415	1	418	0.0	668
lcl|NC_017455.1_prot_WP_014554119.1_1	GCF_024707545.1_WP_027153631.1	55.263	419	421	99	418	181	3	2	414	4	420	0.0	668
lcl|NC_017455.1_prot_WP_014554119.1_1	GCF_017493175.3_WP_028341998.1	54.785	419	421	99	418	183	3	2	414	4	420	0.0	668
lcl|NC_017455.1_prot_WP_014554119.1_1	GCF_016026875.1_WP_005307308.1	57.346	419	421	99	422	174	3	2	418	1	421	0.0	668
lcl|NC_017455.1_prot_WP_014554119.1_1	GCF_013282625.1_WP_173286555.1	57.041	419	418	99	419	174	3	2	415	1	418	0.0	668
lcl|NC_017455.1_prot_WP_014554119.1_1	GCF_006742785.1_WP_172630470.1	57.619	419	419	99	420	172	3	2	416	1	419	0.0	668
lcl|NC_017455.1_prot_WP_014554119.1_1	GCF_004331955.1_WP_131614963.1	55.742	419	421	99	418	179	3	2	414	4	420	0.0	668
lcl|NC_017455.1_prot_WP_014554119.1_1	GCF_002863865.1_WP_101896263.1	57.518	419	419	99	419	172	3	2	415	1	418	0.0	668
lcl|NC_017455.1_prot_WP_014554119.1_1	GCF_002355335.1_WP_096351809.1	56.459	419	421	99	418	176	3	2	414	4	420	0.0	668
lcl|NC_017455.1_prot_WP_014554119.1_1	GCF_002216855.1_WP_089072989.1	57.757	419	421	99	419	171	3	2	415	1	418	0.0	668
lcl|NC_017455.1_prot_WP_014554119.1_1	GCF_002209385.1_WP_088617570.1	56.325	419	418	99	419	177	3	2	415	1	418	0.0	668
lcl|NC_017455.1_prot_WP_014554119.1_1	GCF_001458695.1_WP_062481798.1	61.058	419	415	99	416	159	2	2	415	1	415	0.0	668
lcl|NC_017455.1_prot_WP_014554119.1_1	GCF_000520015.2_WP_024912376.1	57.279	419	419	99	419	173	3	2	415	1	418	0.0	668
lcl|NC_017455.1_prot_WP_014554119.1_1	GCF_000265425.1_WP_014786148.1	61.353	419	416	98	414	157	2	2	413	1	413	0.0	668
lcl|NC_017455.1_prot_WP_014554119.1_1	GCF_000092925.1_WP_013168580.1	55.742	419	421	99	418	179	3	2	414	4	420	0.0	668
lcl|NC_017455.1_prot_WP_014554119.1_1	GCF_000013405.1_WP_011418582.1	59.375	419	415	99	416	166	2	2	415	1	415	0.0	668
lcl|NC_017455.1_prot_WP_014554119.1_1	GCF_900217235.1_WP_097013285.1	58.413	419	453	99	416	170	2	2	415	39	453	0.0	668
lcl|NC_017455.1_prot_WP_014554119.1_1	GCF_020683125.1_WP_056234711.1	57.518	419	419	99	419	172	3	2	415	1	418	0.0	668
lcl|NC_017455.1_prot_WP_014554119.1_1	GCF_019703835.1_WP_087024692.1	57.995	419	419	99	419	170	3	2	415	1	418	0.0	668
lcl|NC_017455.1_prot_WP_014554119.1_1	GCF_012871055.1_WP_016841461.1	54.545	419	421	99	418	184	3	2	414	4	420	0.0	668
lcl|NC_017455.1_prot_WP_014554119.1_1	GCF_003990335.1_WP_046518973.1	58.711	419	422	99	419	167	3	2	415	1	418	0.0	668
lcl|NC_017455.1_prot_WP_014554119.1_1	GCF_003063625.1_WP_108604885.1	58.531	419	422	99	422	168	4	2	418	1	420	0.0	668
lcl|NC_017455.1_prot_WP_014554119.1_1	GCF_002844375.1_WP_101265315.1	57.857	419	420	99	420	169	3	2	414	1	419	0.0	668
lcl|NC_017455.1_prot_WP_014554119.1_1	GCF_002688585.1_WP_099340904.1	56.501	419	423	99	423	175	3	2	416	1	422	0.0	668
lcl|NC_017455.1_prot_WP_014554119.1_1	GCF_002499975.2_WP_083638521.1	58.629	419	421	99	423	168	4	2	419	1	421	0.0	668
lcl|NC_017455.1_prot_WP_014554119.1_1	GCF_002007485.1_WP_078040476.1	56.938	419	421	99	418	174	3	2	414	4	420	0.0	668
lcl|NC_017455.1_prot_WP_014554119.1_1	GCF_001618845.1_WP_013528732.1	55.502	419	421	99	418	180	3	2	414	4	420	0.0	668
lcl|NC_017455.1_prot_WP_014554119.1_1	GCF_000971765.1_WP_022564003.1	58.234	419	419	99	419	169	3	2	415	1	418	0.0	668
lcl|NC_017455.1_prot_WP_014554119.1_1	GCF_000236665.1_WP_014238230.1	57.177	419	420	99	418	173	3	2	414	1	417	0.0	668
lcl|NC_017455.1_prot_WP_014554119.1_1	GCF_000230995.2_WP_015314810.1	55.742	419	421	99	418	179	3	2	414	4	420	0.0	668
lcl|NC_017455.1_prot_WP_014554119.1_1	GCF_900187355.1_WP_028372412.1	56.532	419	420	99	421	177	3	2	417	1	420	0.0	668
lcl|NC_017455.1_prot_WP_014554119.1_1	GCF_029223885.1_WP_275786725.1	55.742	419	421	99	418	179	3	2	414	4	420	0.0	668
lcl|NC_017455.1_prot_WP_014554119.1_1	GCF_022592395.1_WP_047254889.1	57.518	419	419	99	419	172	3	2	415	1	418	0.0	668
lcl|NC_017455.1_prot_WP_014554119.1_1	GCF_016584445.1_WP_011155864.1	55.024	419	421	99	418	182	3	2	414	4	420	0.0	668
lcl|NC_017455.1_prot_WP_014554119.1_1	GCF_015240255.1_WP_194215732.1	56.220	419	418	99	418	177	3	2	414	1	417	0.0	668
lcl|NC_017455.1_prot_WP_014554119.1_1	GCF_013376455.1_WP_163300649.1	58.894	419	415	99	416	168	2	2	415	1	415	0.0	668
lcl|NC_017455.1_prot_WP_014554119.1_1	GCF_002741015.1_WP_099509992.1	55.981	419	421	99	418	178	3	2	414	4	420	0.0	668
lcl|NC_017455.1_prot_WP_014554119.1_1	GCF_002043005.1_WP_026173571.1	56.699	419	421	99	418	175	3	2	414	4	420	0.0	668
lcl|NC_017455.1_prot_WP_014554119.1_1	GCF_001889605.1_WP_114579908.1	56.220	419	421	99	418	177	3	2	414	4	420	0.0	668
lcl|NC_017455.1_prot_WP_014554119.1_1	GCF_001700985.1_WP_003253705.1	65.049	419	424	98	412	142	1	2	413	3	412	0.0	668
lcl|NC_017455.1_prot_WP_014554119.1_1	GCF_000222975.1_WP_002211989.1	57.518	419	419	99	419	172	3	2	415	1	418	0.0	668
lcl|NC_017455.1_prot_WP_014554119.1_1	GCF_000166055.1_WP_013420280.1	55.502	419	421	99	418	180	3	2	414	4	420	0.0	668
lcl|NC_017455.1_prot_WP_014554119.1_1	GCF_000025485.1_WP_012969830.1	58.134	419	418	99	418	169	3	2	414	1	417	0.0	668
lcl|NC_017455.1_prot_WP_014554119.1_1	GCF_937425535.1_WP_150044944.1	55.660	419	424	99	424	176	3	2	414	1	423	0.0	667
lcl|NC_017455.1_prot_WP_014554119.1_1	GCF_900637635.1_WP_058471672.1	56.057	419	420	99	421	179	3	2	417	1	420	0.0	667
lcl|NC_017455.1_prot_WP_014554119.1_1	GCF_900169565.1_WP_080888550.1	61.298	419	415	99	416	158	2	2	415	1	415	0.0	667
lcl|NC_017455.1_prot_WP_014554119.1_1	GCF_024346995.1_WP_077313728.1	57.041	419	419	99	419	174	3	2	415	1	418	0.0	667
lcl|NC_017455.1_prot_WP_014554119.1_1	GCF_020541225.1_WP_226810973.1	57.518	419	419	99	419	172	3	2	415	1	418	0.0	667
lcl|NC_017455.1_prot_WP_014554119.1_1	GCF_016747875.1_WP_031490616.1	54.893	419	419	99	419	183	3	2	415	1	418	0.0	667
lcl|NC_017455.1_prot_WP_014554119.1_1	GCF_014189415.1_WP_068730228.1	54.545	419	421	99	418	184	3	2	414	4	420	0.0	667
lcl|NC_017455.1_prot_WP_014554119.1_1	GCF_013170725.1_WP_081294219.1	55.981	419	421	99	418	178	3	2	414	4	420	0.0	667
lcl|NC_017455.1_prot_WP_014554119.1_1	GCF_005116675.2_WP_136797738.1	57.452	419	416	99	416	173	3	2	414	1	415	0.0	667
lcl|NC_017455.1_prot_WP_014554119.1_1	GCF_000226295.1_WP_228374054.1	58.654	419	444	99	416	169	2	1	414	29	443	0.0	667
lcl|NC_017455.1_prot_WP_014554119.1_1	GCF_000091785.1_WP_003633706.1	55.819	419	420	99	421	180	3	2	417	1	420	0.0	667
lcl|NC_017455.1_prot_WP_014554119.1_1	GCF_000024465.1_WP_041860865.1	55.131	419	419	99	419	181	3	2	414	1	418	0.0	667
lcl|NC_017455.1_prot_WP_014554119.1_1	GCF_024347395.1_WP_029203263.1	57.757	419	419	99	419	171	3	2	415	1	418	0.0	667
lcl|NC_017455.1_prot_WP_014554119.1_1	GCF_021276285.1_WP_013577536.1	57.518	419	419	99	419	172	3	2	415	1	418	0.0	667
lcl|NC_017455.1_prot_WP_014554119.1_1	GCF_017310015.1_WP_091826312.1	57.518	419	419	99	419	172	3	2	415	1	418	0.0	667
lcl|NC_017455.1_prot_WP_014554119.1_1	GCF_014211975.1_WP_075187017.1	55.742	419	419	99	418	179	3	2	414	1	417	0.0	667
lcl|NC_017455.1_prot_WP_014554119.1_1	GCF_011764505.1_WP_173238317.1	56.295	419	420	99	421	178	3	2	417	1	420	0.0	667
lcl|NC_017455.1_prot_WP_014554119.1_1	GCF_011516645.4_WP_021078151.1	54.545	419	421	99	418	184	3	2	414	4	420	0.0	667
lcl|NC_017455.1_prot_WP_014554119.1_1	GCF_002848365.2_WP_027272008.1	56.057	419	420	99	421	179	3	2	417	1	420	0.0	667
lcl|NC_017455.1_prot_WP_014554119.1_1	GCF_001741865.1_WP_069689081.1	55.024	419	421	99	418	182	3	2	414	4	420	0.0	667
lcl|NC_017455.1_prot_WP_014554119.1_1	GCF_001273775.1_WP_053378623.1	60.817	419	415	99	416	160	2	2	415	1	415	0.0	667
lcl|NC_017455.1_prot_WP_014554119.1_1	GCF_000953635.1_WP_045100427.1	55.819	419	420	99	421	180	3	2	417	1	420	0.0	667
lcl|NC_017455.1_prot_WP_014554119.1_1	GCF_000238255.3_WP_010562309.1	57.757	419	419	99	419	171	3	2	415	1	418	0.0	667
lcl|NC_017455.1_prot_WP_014554119.1_1	GCF_000227665.2_WP_006460145.1	57.995	419	418	99	419	170	3	2	415	1	418	0.0	667
lcl|NC_017455.1_prot_WP_014554119.1_1	GCF_000017565.1_WP_012110151.1	56.459	419	422	99	418	176	3	2	414	5	421	0.0	667
lcl|NC_017455.1_prot_WP_014554119.1_1	GCF_900130075.1_WP_076592243.1	55.847	419	421	99	419	179	3	2	415	1	418	0.0	666
lcl|NC_017455.1_prot_WP_014554119.1_1	GCF_024346795.1_WP_017027073.1	57.757	419	419	99	419	171	3	2	415	1	418	0.0	666
lcl|NC_017455.1_prot_WP_014554119.1_1	GCF_020541265.1_WP_226813321.1	57.757	419	419	99	419	171	3	2	415	1	418	0.0	666
lcl|NC_017455.1_prot_WP_014554119.1_1	GCF_018802645.1_WP_028534821.1	56.325	419	418	99	419	177	3	2	415	1	418	0.0	666
lcl|NC_017455.1_prot_WP_014554119.1_1	GCF_017868775.1_WP_111412893.1	57.041	419	419	99	419	174	3	2	415	1	418	0.0	666
lcl|NC_017455.1_prot_WP_014554119.1_1	GCF_013340845.1_WP_029911182.1	56.429	419	419	99	420	176	4	2	415	1	419	0.0	666
lcl|NC_017455.1_prot_WP_014554119.1_1	GCF_004851605.1_WP_136550083.1	57.619	419	420	99	420	171	4	2	415	1	419	0.0	666
lcl|NC_017455.1_prot_WP_014554119.1_1	GCF_003722295.1_WP_010575427.1	57.108	419	484	99	415	175	2	2	414	69	482	0.0	666
lcl|NC_017455.1_prot_WP_014554119.1_1	GCF_002119765.1_WP_086087452.1	56.355	419	421	98	417	176	3	3	414	5	420	0.0	666
lcl|NC_017455.1_prot_WP_014554119.1_1	GCF_001886615.1_WP_071944200.1	57.757	419	419	99	419	171	3	2	415	1	418	0.0	666
lcl|NC_017455.1_prot_WP_014554119.1_1	GCF_000344805.1_WP_015663367.1	55.024	419	421	99	418	182	3	2	414	4	420	0.0	666
lcl|NC_017455.1_prot_WP_014554119.1_1	GCF_000247565.1_WP_014354236.1	57.518	419	419	99	419	172	3	2	415	1	418	0.0	666
lcl|NC_017455.1_prot_WP_014554119.1_1	GCF_900635775.1_WP_103853956.1	57.381	419	420	99	420	172	4	2	415	1	419	0.0	666
lcl|NC_017455.1_prot_WP_014554119.1_1	GCF_017868935.1_WP_209475970.1	57.041	419	419	99	419	174	3	2	415	1	418	0.0	666
lcl|NC_017455.1_prot_WP_014554119.1_1	GCF_017161445.1_WP_172198868.1	54.893	419	419	99	419	183	3	2	415	1	418	0.0	666
lcl|NC_017455.1_prot_WP_014554119.1_1	GCF_014926585.1_WP_193337729.1	55.742	419	421	99	418	179	3	2	414	4	420	0.0	666
lcl|NC_017455.1_prot_WP_014554119.1_1	GCF_014672695.1_WP_190260191.1	55.502	419	418	99	418	180	3	2	414	1	417	0.0	666
lcl|NC_017455.1_prot_WP_014554119.1_1	GCF_013181415.1_WP_031598156.1	56.802	419	419	99	419	175	3	2	415	1	418	0.0	666
lcl|NC_017455.1_prot_WP_014554119.1_1	GCF_002157225.2_WP_086929563.1	56.938	419	419	99	418	174	3	2	414	1	417	0.0	666
lcl|NC_017455.1_prot_WP_014554119.1_1	GCF_001686985.1_WP_081482260.1	55.263	419	421	99	418	181	3	2	414	4	420	0.0	666
lcl|NC_017455.1_prot_WP_014554119.1_1	GCF_000730385.1_WP_044055843.1	58.950	419	421	99	419	166	3	2	415	1	418	0.0	666
lcl|NC_017455.1_prot_WP_014554119.1_1	GCF_000214825.1_WP_013836111.1	57.757	419	418	99	419	171	3	2	415	1	418	0.0	666
lcl|NC_017455.1_prot_WP_014554119.1_1	GCF_000213655.1_WP_013785605.1	58.234	419	421	99	419	169	3	2	415	1	418	0.0	666
lcl|NC_017455.1_prot_WP_014554119.1_1	GCF_000018405.1_WP_012173899.1	60.000	419	414	99	415	162	3	2	414	1	413	0.0	666
lcl|NC_017455.1_prot_WP_014554119.1_1	GCF_000013665.1_WP_011470126.1	55.981	419	419	99	418	178	3	2	414	1	417	0.0	666
lcl|NC_017455.1_prot_WP_014554119.1_1	GCF_918378365.1_WP_239797700.1	57.279	419	418	99	419	173	3	2	415	1	418	0.0	666
lcl|NC_017455.1_prot_WP_014554119.1_1	GCF_025264625.1_WP_260793524.1	60.911	419	416	99	417	160	2	2	416	1	416	0.0	666
lcl|NC_017455.1_prot_WP_014554119.1_1	GCF_024347075.1_WP_068698612.1	57.757	419	419	99	419	171	3	2	415	1	418	0.0	666
lcl|NC_017455.1_prot_WP_014554119.1_1	GCF_019670125.1_WP_221075269.1	57.656	419	421	99	418	171	3	2	414	1	417	0.0	666
lcl|NC_017455.1_prot_WP_014554119.1_1	GCF_017894365.1_WP_169120756.1	56.086	419	419	99	419	178	3	2	415	1	418	0.0	666
lcl|NC_017455.1_prot_WP_014554119.1_1	GCF_012849555.1_WP_170202527.1	55.609	419	420	99	419	180	3	2	415	1	418	0.0	666
lcl|NC_017455.1_prot_WP_014554119.1_1	GCF_008247605.1_WP_070978475.1	57.518	419	419	99	419	172	3	2	415	1	418	0.0	666
lcl|NC_017455.1_prot_WP_014554119.1_1	GCF_003345255.1_WP_102041180.1	55.981	419	420	99	418	178	3	2	414	1	417	0.0	666
lcl|NC_017455.1_prot_WP_014554119.1_1	GCF_002849875.1_WP_014948094.1	58.950	419	421	99	419	166	3	2	415	1	418	0.0	666
lcl|NC_017455.1_prot_WP_014554119.1_1	GCF_002240035.1_WP_058441321.1	56.295	419	420	99	421	178	3	2	417	1	420	0.0	666
lcl|NC_017455.1_prot_WP_014554119.1_1	GCF_002155145.1_WP_086620628.1	57.518	419	419	99	419	172	3	2	415	1	418	0.0	666
lcl|NC_017455.1_prot_WP_014554119.1_1	GCF_001886435.1_WP_012517075.1	58.950	419	421	99	419	166	3	2	415	1	418	0.0	666
lcl|NC_017455.1_prot_WP_014554119.1_1	GCF_001545155.1_WP_066450947.1	57.279	419	419	99	419	173	3	2	415	1	418	0.0	666
lcl|NC_017455.1_prot_WP_014554119.1_1	GCF_000830985.1_WP_041340827.1	57.143	419	420	99	420	173	4	2	415	1	419	0.0	666
lcl|NC_017455.1_prot_WP_014554119.1_1	GCF_000807275.1_WP_039104242.1	57.619	419	420	99	420	171	4	2	415	1	419	0.0	666
lcl|NC_017455.1_prot_WP_014554119.1_1	GCF_000364725.1_WP_013975458.1	58.134	419	419	99	418	169	3	2	414	1	417	0.0	666
lcl|NC_017455.1_prot_WP_014554119.1_1	GCF_000284615.1_WP_014420346.1	57.381	419	420	99	420	172	4	2	415	1	419	0.0	666
lcl|NC_017455.1_prot_WP_014554119.1_1	GCF_000196495.1_WP_012549035.1	58.473	419	419	99	419	168	3	2	415	1	418	0.0	666
lcl|NC_017455.1_prot_WP_014554119.1_1	GCF_000010525.1_WP_012173234.1	55.847	419	423	98	419	177	3	3	414	5	422	0.0	666
lcl|NC_017455.1_prot_WP_014554119.1_1	GCF_019443265.1_WP_139528331.1	57.757	419	419	99	419	171	3	2	415	1	418	0.0	665
lcl|NC_017455.1_prot_WP_014554119.1_1	GCF_018324385.1_WP_212786480.1	57.041	419	418	99	419	174	3	2	415	1	418	0.0	665
lcl|NC_017455.1_prot_WP_014554119.1_1	GCF_017638925.1_WP_208841809.1	58.711	419	420	99	419	167	3	2	415	1	418	0.0	665
lcl|NC_017455.1_prot_WP_014554119.1_1	GCF_015476235.1_WP_104356542.1	55.370	419	420	99	419	181	3	2	415	1	418	0.0	665
lcl|NC_017455.1_prot_WP_014554119.1_1	GCF_014217335.1_WP_045856052.1	55.742	419	419	99	418	179	3	2	414	1	417	0.0	665
lcl|NC_017455.1_prot_WP_014554119.1_1	GCF_013376475.1_WP_176630821.1	58.654	419	415	99	416	169	2	2	415	1	415	0.0	665
lcl|NC_017455.1_prot_WP_014554119.1_1	GCF_010977575.1_WP_076746309.1	57.518	419	419	99	419	172	3	2	415	1	418	0.0	665
lcl|NC_017455.1_prot_WP_014554119.1_1	GCF_009789575.1_WP_158194243.1	56.325	419	422	99	419	176	3	2	414	4	421	0.0	665
lcl|NC_017455.1_prot_WP_014554119.1_1	GCF_004114915.1_WP_028133442.1	54.785	419	421	99	418	183	3	2	414	4	420	0.0	665
lcl|NC_017455.1_prot_WP_014554119.1_1	GCF_002073495.2_WP_000179609.1	57.108	419	482	99	415	175	2	2	414	67	480	0.0	665
lcl|NC_017455.1_prot_WP_014554119.1_1	GCF_000279145.1_WP_014854693.1	62.169	419	415	99	415	154	2	2	414	1	414	0.0	665
lcl|NC_017455.1_prot_WP_014554119.1_1	GCF_000226565.1_WP_014107641.1	58.865	419	421	99	423	167	4	2	419	1	421	0.0	665
lcl|NC_017455.1_prot_WP_014554119.1_1	GCF_000176035.2_WP_013892132.1	55.263	419	421	99	418	181	3	2	414	4	420	0.0	665
lcl|NC_017455.1_prot_WP_014554119.1_1	GCF_000143145.1_WP_013217229.1	55.981	419	421	99	418	178	3	2	414	4	420	0.0	665
lcl|NC_017455.1_prot_WP_014554119.1_1	GCF_000022085.1_WP_015927708.1	55.635	419	436	98	417	179	3	3	414	20	435	0.0	665
lcl|NC_017455.1_prot_WP_014554119.1_1	GCF_024347215.1_WP_261842584.1	56.802	419	419	99	419	175	3	2	415	1	418	0.0	665
lcl|NC_017455.1_prot_WP_014554119.1_1	GCF_023921225.1_WP_058534142.1	56.295	419	420	99	421	178	3	2	417	1	420	0.0	665
lcl|NC_017455.1_prot_WP_014554119.1_1	GCF_021228795.1_WP_232406131.1	58.612	419	418	99	418	167	3	2	414	1	417	0.0	665
lcl|NC_017455.1_prot_WP_014554119.1_1	GCF_019670105.1_WP_040306731.1	57.656	419	421	99	418	171	3	2	414	1	417	0.0	665
lcl|NC_017455.1_prot_WP_014554119.1_1	GCF_018972165.1_WP_008169890.1	57.619	419	420	99	420	171	4	2	415	1	419	0.0	665
lcl|NC_017455.1_prot_WP_014554119.1_1	GCF_017301615.1_WP_206708657.1	64.734	419	417	99	414	145	1	2	415	1	413	0.0	665
lcl|NC_017455.1_prot_WP_014554119.1_1	GCF_012849375.1_WP_110845290.1	55.847	419	420	99	419	179	3	2	415	1	418	0.0	665
lcl|NC_017455.1_prot_WP_014554119.1_1	GCF_012295505.1_WP_063167180.1	64.878	419	424	98	410	142	1	2	411	3	410	0.0	665
lcl|NC_017455.1_prot_WP_014554119.1_1	GCF_010669125.1_WP_163075178.1	55.502	419	421	99	418	180	3	2	414	4	420	0.0	665
lcl|NC_017455.1_prot_WP_014554119.1_1	GCF_008000755.1_WP_049707018.1	55.742	419	421	99	418	179	3	2	414	4	420	0.0	665
lcl|NC_017455.1_prot_WP_014554119.1_1	GCF_004000605.1_WP_127565091.1	53.589	419	418	99	418	188	3	2	414	1	417	0.0	665
lcl|NC_017455.1_prot_WP_014554119.1_1	GCF_003955735.1_WP_126128778.1	56.086	419	420	99	419	178	3	2	415	1	418	0.0	665
lcl|NC_017455.1_prot_WP_014554119.1_1	GCF_003612795.1_WP_038481222.1	57.757	419	419	99	419	171	3	2	415	1	418	0.0	665
lcl|NC_017455.1_prot_WP_014554119.1_1	GCF_003143515.1_WP_109346182.1	55.609	419	420	99	419	180	3	2	415	1	418	0.0	665
lcl|NC_017455.1_prot_WP_014554119.1_1	GCF_002078315.1_WP_045798873.1	56.459	419	449	99	418	177	3	1	414	27	443	0.0	665
lcl|NC_017455.1_prot_WP_014554119.1_1	GCF_001941825.1_WP_036236120.1	55.609	419	420	99	419	180	3	2	415	1	418	0.0	665
lcl|NC_017455.1_prot_WP_014554119.1_1	GCF_001854125.1_WP_070970875.1	57.381	419	420	99	420	172	4	2	415	1	419	0.0	665
lcl|NC_017455.1_prot_WP_014554119.1_1	GCF_000014865.1_WP_041640534.1	59.472	419	417	99	417	164	3	2	414	1	416	0.0	665
lcl|NC_017455.1_prot_WP_014554119.1_1	GCF_025345565.1_WP_145467616.1	58.134	419	422	99	418	169	3	2	414	1	417	0.0	664
lcl|NC_017455.1_prot_WP_014554119.1_1	GCF_025264645.1_WP_260737519.1	60.432	419	416	99	417	162	2	2	416	1	416	0.0	664
lcl|NC_017455.1_prot_WP_014554119.1_1	GCF_024347275.1_WP_019622778.1	56.802	419	419	99	419	175	3	2	415	1	418	0.0	664
lcl|NC_017455.1_prot_WP_014554119.1_1	GCF_024347195.1_WP_205659862.1	56.802	419	419	99	419	175	3	2	415	1	418	0.0	664
lcl|NC_017455.1_prot_WP_014554119.1_1	GCF_022701215.1_WP_242746368.1	57.518	419	420	99	419	172	3	2	415	1	418	0.0	664
lcl|NC_017455.1_prot_WP_014554119.1_1	GCF_018736085.1_WP_215604313.1	54.545	419	421	99	418	184	3	2	414	4	420	0.0	664
lcl|NC_017455.1_prot_WP_014554119.1_1	GCF_017354945.1_WP_207354599.1	57.995	419	420	99	419	170	3	2	415	1	418	0.0	664
lcl|NC_017455.1_prot_WP_014554119.1_1	GCF_014678925.1_WP_020754397.1	64.354	419	424	99	418	147	1	2	419	3	418	0.0	664
lcl|NC_017455.1_prot_WP_014554119.1_1	GCF_013460135.1_WP_180817197.1	57.518	419	419	99	419	172	3	2	415	1	418	0.0	664
lcl|NC_017455.1_prot_WP_014554119.1_1	GCF_004421005.1_WP_134385353.1	55.609	419	420	99	419	180	3	2	415	1	418	0.0	664
lcl|NC_017455.1_prot_WP_014554119.1_1	GCF_003574215.1_WP_119334757.1	57.041	419	419	99	419	174	3	2	415	1	418	0.0	664
lcl|NC_017455.1_prot_WP_014554119.1_1	GCF_002549795.1_WP_097790416.1	57.041	419	419	99	419	174	3	2	415	1	418	0.0	664
lcl|NC_017455.1_prot_WP_014554119.1_1	GCF_002221525.1_WP_058547681.1	58.950	419	419	99	419	166	3	2	415	1	418	0.0	664
lcl|NC_017455.1_prot_WP_014554119.1_1	GCF_002127965.1_WP_005879398.1	56.325	419	420	99	419	177	3	2	415	1	418	0.0	664
lcl|NC_017455.1_prot_WP_014554119.1_1	GCF_000600005.1_WP_025330651.1	55.742	419	419	99	418	179	3	2	414	1	417	0.0	664
lcl|NC_017455.1_prot_WP_014554119.1_1	GCF_000284275.1_WP_014438841.1	55.024	419	421	99	418	182	3	2	414	4	420	0.0	664
lcl|NC_017455.1_prot_WP_014554119.1_1	GCF_000196875.2_WP_013333541.1	57.041	419	419	99	419	174	3	2	415	1	418	0.0	664
lcl|NC_017455.1_prot_WP_014554119.1_1	GCF_000009785.1_WP_011232849.1	64.354	419	424	99	418	147	1	2	419	3	418	0.0	664
lcl|NC_017455.1_prot_WP_014554119.1_1	GCF_928721995.1_WP_022374025.1	56.325	419	420	99	419	177	3	2	415	1	418	0.0	664
lcl|NC_017455.1_prot_WP_014554119.1_1	GCF_900324035.1_WP_122400261.1	54.785	419	421	99	418	183	3	2	414	4	420	0.0	664
lcl|NC_017455.1_prot_WP_014554119.1_1	GCF_029028125.1_WP_277414125.1	55.609	419	420	99	419	180	3	2	415	1	418	0.0	664
lcl|NC_017455.1_prot_WP_014554119.1_1	GCF_027286365.1_WP_077674499.1	57.279	419	421	99	419	173	3	2	415	1	418	0.0	664
lcl|NC_017455.1_prot_WP_014554119.1_1	GCF_025917315.1_WP_009724159.1	57.757	419	419	99	419	171	3	2	415	1	418	0.0	664
lcl|NC_017455.1_prot_WP_014554119.1_1	GCF_017894385.1_WP_169206135.1	54.893	419	419	99	419	183	3	2	415	1	418	0.0	664
lcl|NC_017455.1_prot_WP_014554119.1_1	GCF_015326725.1_WP_181555370.1	65.610	419	428	98	410	139	1	2	411	3	410	0.0	664
lcl|NC_017455.1_prot_WP_014554119.1_1	GCF_013377295.1_WP_090919733.1	56.667	419	420	99	420	175	4	2	415	1	419	0.0	664
lcl|NC_017455.1_prot_WP_014554119.1_1	GCF_011398355.1_WP_173274067.1	57.279	419	418	99	419	173	3	2	415	1	418	0.0	664
lcl|NC_017455.1_prot_WP_014554119.1_1	GCF_004359355.1_WP_011083462.1	54.785	419	421	99	418	183	3	2	414	4	420	0.0	664
lcl|NC_017455.1_prot_WP_014554119.1_1	GCF_004168365.1_WP_242512332.1	56.057	419	558	99	421	178	4	1	415	138	557	0.0	664
lcl|NC_017455.1_prot_WP_014554119.1_1	GCF_004114975.1_WP_092289654.1	54.067	419	421	99	418	186	3	2	414	4	420	0.0	664
lcl|NC_017455.1_prot_WP_014554119.1_1	GCF_004114935.1_WP_128930505.1	54.306	419	421	99	418	185	3	2	414	4	420	0.0	664
lcl|NC_017455.1_prot_WP_014554119.1_1	GCF_003028855.1_WP_107140475.1	55.370	419	420	99	419	181	3	2	415	1	418	0.0	664
lcl|NC_017455.1_prot_WP_014554119.1_1	GCF_002310795.1_WP_013463749.1	58.950	419	419	99	419	166	3	2	415	1	418	0.0	664
lcl|NC_017455.1_prot_WP_014554119.1_1	GCF_001729245.1_WP_069606702.1	57.108	419	484	99	415	175	2	2	414	69	482	0.0	664
lcl|NC_017455.1_prot_WP_014554119.1_1	GCF_001187595.1_WP_019418641.1	65.777	419	428	98	412	139	1	2	413	6	415	0.0	664
lcl|NC_017455.1_prot_WP_014554119.1_1	GCF_000327045.1_WP_015280974.1	59.569	419	418	99	418	163	3	2	414	1	417	0.0	664
lcl|NC_017455.1_prot_WP_014554119.1_1	GCF_000238395.3_WP_002960945.1	59.189	419	419	99	419	165	3	2	415	1	418	0.0	664
lcl|NC_017455.1_prot_WP_014554119.1_1	GCF_900698925.1_WP_157992347.1	57.518	419	419	99	419	172	3	2	415	1	418	0.0	664
lcl|NC_017455.1_prot_WP_014554119.1_1	GCF_023746535.1_WP_251934400.1	57.518	419	419	99	419	171	4	2	414	1	418	0.0	664
lcl|NC_017455.1_prot_WP_014554119.1_1	GCF_019923565.1_WP_223138513.1	56.563	419	419	99	419	176	3	2	415	1	418	0.0	664
lcl|NC_017455.1_prot_WP_014554119.1_1	GCF_019670705.1_WP_039034049.1	57.381	419	421	99	420	173	3	2	416	1	419	0.0	664
lcl|NC_017455.1_prot_WP_014554119.1_1	GCF_019272935.1_WP_026078614.1	64.878	419	424	98	410	142	1	2	411	3	410	0.0	664
lcl|NC_017455.1_prot_WP_014554119.1_1	GCF_017948405.1_WP_210560497.1	59.102	419	422	99	423	166	4	2	419	1	421	0.0	664
lcl|NC_017455.1_prot_WP_014554119.1_1	GCF_015209785.1_WP_062569498.1	58.473	419	419	99	419	168	3	2	415	1	418	0.0	664
lcl|NC_017455.1_prot_WP_014554119.1_1	GCF_014857065.1_WP_192380113.1	57.757	419	419	99	419	171	3	2	415	1	418	0.0	664
lcl|NC_017455.1_prot_WP_014554119.1_1	GCF_014843995.1_WP_048858749.1	54.503	419	433	99	433	176	3	2	414	1	432	0.0	664
lcl|NC_017455.1_prot_WP_014554119.1_1	GCF_011068405.5_WP_045004625.1	54.785	419	421	99	418	183	3	2	414	4	420	0.0	664
lcl|NC_017455.1_prot_WP_014554119.1_1	GCF_009002475.1_WP_151966298.1	60.000	419	458	98	415	162	3	2	413	42	455	0.0	664
lcl|NC_017455.1_prot_WP_014554119.1_1	GCF_008001235.1_WP_147820502.1	58.173	419	426	99	416	171	2	2	415	12	426	0.0	664
lcl|NC_017455.1_prot_WP_014554119.1_1	GCF_007859655.1_WP_146290983.1	55.502	419	421	99	418	180	3	2	414	4	420	0.0	664
lcl|NC_017455.1_prot_WP_014554119.1_1	GCF_004028275.1_WP_029939392.1	56.667	419	419	99	420	175	4	2	415	1	419	0.0	664
lcl|NC_017455.1_prot_WP_014554119.1_1	GCF_003668795.1_WP_004588958.1	58.950	419	419	99	419	166	3	2	415	1	418	0.0	664
lcl|NC_017455.1_prot_WP_014554119.1_1	GCF_002243665.1_WP_013146620.1	64.115	419	424	99	418	148	1	2	419	3	418	0.0	664
lcl|NC_017455.1_prot_WP_014554119.1_1	GCF_001553625.1_WP_066605723.1	58.554	419	415	99	415	169	2	2	414	1	414	0.0	664
lcl|NC_017455.1_prot_WP_014554119.1_1	GCF_001043175.1_WP_048384218.1	56.667	419	420	99	420	175	4	2	415	1	419	0.0	664
lcl|NC_017455.1_prot_WP_014554119.1_1	GCF_001010285.1_WP_023043607.1	57.041	419	419	99	419	174	3	2	415	1	418	0.0	664
lcl|NC_017455.1_prot_WP_014554119.1_1	GCF_000974685.2_WP_062626007.1	57.279	419	418	99	419	173	3	2	415	1	418	0.0	664
lcl|NC_017455.1_prot_WP_014554119.1_1	GCF_900048035.1_WP_067498426.1	57.041	419	419	99	419	174	3	2	415	1	418	0.0	663
lcl|NC_017455.1_prot_WP_014554119.1_1	GCF_017901175.1_WP_210219332.1	57.757	419	419	99	419	171	3	2	415	1	418	0.0	663
lcl|NC_017455.1_prot_WP_014554119.1_1	GCF_017901155.1_WP_210229863.1	57.995	419	419	99	419	170	3	2	415	1	418	0.0	663
lcl|NC_017455.1_prot_WP_014554119.1_1	GCF_017815515.1_WP_209738669.1	56.220	419	421	99	418	177	3	2	414	4	420	0.0	663
lcl|NC_017455.1_prot_WP_014554119.1_1	GCF_014623465.1_WP_111608085.1	57.177	419	421	99	418	173	3	2	414	1	417	0.0	663
lcl|NC_017455.1_prot_WP_014554119.1_1	GCF_004124255.1_WP_129210411.1	56.325	419	419	99	419	177	3	2	415	1	418	0.0	663
lcl|NC_017455.1_prot_WP_014554119.1_1	GCF_004114955.1_WP_057751982.1	54.067	419	421	99	418	186	3	2	414	4	420	0.0	663
lcl|NC_017455.1_prot_WP_014554119.1_1	GCF_003966735.1_WP_232034867.1	59.615	419	415	99	416	165	2	2	415	1	415	0.0	663
lcl|NC_017455.1_prot_WP_014554119.1_1	GCF_003610015.1_WP_027705266.1	57.518	419	419	99	419	172	3	2	415	1	418	0.0	663
lcl|NC_017455.1_prot_WP_014554119.1_1	GCF_003173715.1_WP_194075189.1	55.502	419	447	99	418	180	3	2	414	30	446	0.0	663
lcl|NC_017455.1_prot_WP_014554119.1_1	GCF_002892535.1_WP_102952354.1	58.234	419	418	99	419	169	3	2	415	1	418	0.0	663
lcl|NC_017455.1_prot_WP_014554119.1_1	GCF_002285905.1_WP_016948430.1	56.459	419	449	99	418	177	3	1	414	27	443	0.0	663
lcl|NC_017455.1_prot_WP_014554119.1_1	GCF_002266435.2_WP_008133567.1	54.545	419	421	99	418	184	3	2	414	4	420	0.0	663
lcl|NC_017455.1_prot_WP_014554119.1_1	GCF_002250945.2_WP_012096299.1	65.049	419	423	98	412	142	1	2	413	3	412	0.0	663
lcl|NC_017455.1_prot_WP_014554119.1_1	GCF_001007935.1_WP_046850252.1	57.619	419	419	99	420	172	3	2	416	1	419	0.0	663
lcl|NC_017455.1_prot_WP_014554119.1_1	GCF_000953655.1_WP_045107252.1	56.057	419	420	99	421	179	3	2	417	1	420	0.0	663
lcl|NC_017455.1_prot_WP_014554119.1_1	GCF_000599985.1_WP_025314498.1	56.429	419	420	99	420	176	4	2	415	1	419	0.0	663
lcl|NC_017455.1_prot_WP_014554119.1_1	GCF_000300235.2_WP_007088512.1	57.619	419	420	99	420	170	3	2	414	1	419	0.0	663
lcl|NC_017455.1_prot_WP_014554119.1_1	GCF_000145255.1_WP_013294366.1	58.234	419	418	99	419	169	3	2	415	1	418	0.0	663
lcl|NC_017455.1_prot_WP_014554119.1_1	GCF_900161835.1_WP_097032372.1	57.279	419	419	99	419	173	3	2	415	1	418	0.0	663
lcl|NC_017455.1_prot_WP_014554119.1_1	GCF_020694005.1_WP_168824183.1	56.938	419	421	99	418	174	3	2	414	1	417	0.0	663
lcl|NC_017455.1_prot_WP_014554119.1_1	GCF_016801025.1_WP_035033907.1	55.502	419	421	99	418	180	3	2	414	4	420	0.0	663
lcl|NC_017455.1_prot_WP_014554119.1_1	GCF_016132545.1_WP_198569601.1	56.161	419	422	99	422	176	4	2	415	1	421	0.0	663
lcl|NC_017455.1_prot_WP_014554119.1_1	GCF_004322755.1_WP_130187463.1	55.847	419	420	99	419	179	3	2	415	1	418	0.0	663
lcl|NC_017455.1_prot_WP_014554119.1_1	GCF_002356115.1_WP_096527528.1	57.279	419	418	99	419	173	3	2	415	1	418	0.0	663
lcl|NC_017455.1_prot_WP_014554119.1_1	GCF_002076895.1_WP_081150782.1	58.711	419	419	99	419	167	3	2	415	1	418	0.0	663
lcl|NC_017455.1_prot_WP_014554119.1_1	GCF_001584205.1_WP_061532391.1	56.086	419	420	99	419	178	3	2	415	1	418	0.0	663
lcl|NC_017455.1_prot_WP_014554119.1_1	GCF_001579945.1_WP_066923366.1	56.563	419	418	99	419	176	3	2	415	1	418	0.0	663
lcl|NC_017455.1_prot_WP_014554119.1_1	GCF_000287355.1_WP_014888907.1	57.041	419	419	99	419	174	3	2	415	1	418	0.0	663
lcl|NC_017455.1_prot_WP_014554119.1_1	GCF_028748065.1_WP_274495212.1	55.502	419	418	99	418	180	3	2	414	1	417	0.0	663
lcl|NC_017455.1_prot_WP_014554119.1_1	GCF_019722725.1_WP_235041267.1	58.473	419	419	99	419	168	3	2	415	1	418	0.0	663
lcl|NC_017455.1_prot_WP_014554119.1_1	GCF_017352235.1_WP_005714322.1	58.333	419	420	99	420	168	4	2	415	1	419	0.0	663
lcl|NC_017455.1_prot_WP_014554119.1_1	GCF_013752735.1_WP_014490793.1	54.785	419	421	99	418	183	3	2	414	4	420	0.0	663
lcl|NC_017455.1_prot_WP_014554119.1_1	GCF_013003965.1_WP_171089734.1	56.563	419	419	99	419	176	3	2	415	1	418	0.0	663
lcl|NC_017455.1_prot_WP_014554119.1_1	GCF_009730655.1_WP_025011562.1	57.143	419	421	99	420	174	3	2	416	1	419	0.0	663
lcl|NC_017455.1_prot_WP_014554119.1_1	GCF_005280315.1_WP_137314774.1	55.847	419	420	99	419	179	3	2	415	1	418	0.0	663
lcl|NC_017455.1_prot_WP_014554119.1_1	GCF_001636015.1_WP_063514639.1	56.802	419	422	99	419	175	3	2	415	1	418	0.0	663
lcl|NC_017455.1_prot_WP_014554119.1_1	GCF_001562195.1_WP_057794263.1	58.950	419	421	99	419	166	3	2	415	1	418	0.0	663
lcl|NC_017455.1_prot_WP_014554119.1_1	GCF_000988745.2_WP_036365682.1	56.802	419	422	99	419	175	3	2	415	1	418	0.0	663
lcl|NC_017455.1_prot_WP_014554119.1_1	GCF_000091325.1_WP_013053093.1	58.134	419	422	99	418	169	3	2	414	1	417	0.0	663
lcl|NC_017455.1_prot_WP_014554119.1_1	GCF_000055785.1_WP_011505892.1	57.041	419	419	99	419	174	3	2	415	1	418	0.0	663
lcl|NC_017455.1_prot_WP_014554119.1_1	GCF_000026085.1_WP_011326839.1	59.427	419	419	99	419	164	3	2	415	1	418	0.0	663
lcl|NC_017455.1_prot_WP_014554119.1_1	GCF_904848675.1_WP_216782374.1	57.518	419	419	99	419	172	3	2	415	1	418	0.0	662
lcl|NC_017455.1_prot_WP_014554119.1_1	GCF_024347255.1_WP_091354829.1	57.279	419	419	99	419	173	3	2	415	1	418	0.0	662
lcl|NC_017455.1_prot_WP_014554119.1_1	GCF_018223345.1_WP_212594653.1	57.518	419	420	99	419	172	3	2	415	1	418	0.0	662
lcl|NC_017455.1_prot_WP_014554119.1_1	GCF_017638545.1_WP_208830219.1	58.865	419	422	99	423	167	4	2	419	1	421	0.0	662
lcl|NC_017455.1_prot_WP_014554119.1_1	GCF_013372285.1_WP_217909077.1	56.699	419	421	99	418	175	3	2	414	1	417	0.0	662
lcl|NC_017455.1_prot_WP_014554119.1_1	GCF_009938015.1_WP_147073872.1	56.699	419	420	99	418	175	3	2	414	1	417	0.0	662
lcl|NC_017455.1_prot_WP_014554119.1_1	GCF_007954585.1_WP_147183858.1	57.041	419	419	99	419	174	3	2	415	1	418	0.0	662
lcl|NC_017455.1_prot_WP_014554119.1_1	GCF_002215585.1_WP_033539099.1	58.234	419	421	99	419	169	3	2	415	1	418	0.0	662
lcl|NC_017455.1_prot_WP_014554119.1_1	GCF_002116735.1_WP_085681702.1	57.143	419	420	99	420	173	4	2	415	1	419	0.0	662
lcl|NC_017455.1_prot_WP_014554119.1_1	GCF_002072065.1_WP_008880716.1	64.269	419	424	99	417	147	1	2	418	3	417	0.0	662
lcl|NC_017455.1_prot_WP_014554119.1_1	GCF_001634285.1_WP_066322582.1	64.563	419	423	98	412	144	1	2	413	3	412	0.0	662
lcl|NC_017455.1_prot_WP_014554119.1_1	GCF_001017775.3_WP_047214316.1	56.563	419	420	99	419	176	3	2	415	1	418	0.0	662
lcl|NC_017455.1_prot_WP_014554119.1_1	GCF_000355675.1_WP_015488648.1	57.656	419	420	99	418	171	3	2	414	1	417	0.0	662
lcl|NC_017455.1_prot_WP_014554119.1_1	GCF_000024765.1_WP_012825182.1	56.086	419	419	99	419	178	3	2	415	1	418	0.0	662
lcl|NC_017455.1_prot_WP_014554119.1_1	GCF_000019045.1_WP_012576203.1	65.534	419	428	98	412	140	1	2	413	6	415	0.0	662
lcl|NC_017455.1_prot_WP_014554119.1_1	GCF_000011745.1_WP_011283119.1	57.041	419	419	99	419	174	3	2	415	1	418	0.0	662
lcl|NC_017455.1_prot_WP_014554119.1_1	GCF_936269705.1_WP_250311063.1	56.595	419	450	99	417	176	3	2	414	34	449	0.0	662
lcl|NC_017455.1_prot_WP_014554119.1_1	GCF_902813185.1_WP_145770013.1	55.370	419	419	99	419	181	3	2	415	1	418	0.0	662
lcl|NC_017455.1_prot_WP_014554119.1_1	GCF_902810445.1_WP_197744277.1	57.041	419	418	99	419	174	3	2	415	1	418	0.0	662
lcl|NC_017455.1_prot_WP_014554119.1_1	GCF_900048045.1_WP_067569414.1	56.802	419	419	99	419	175	3	2	415	1	418	0.0	662
lcl|NC_017455.1_prot_WP_014554119.1_1	GCF_027118995.1_WP_269308460.1	55.131	419	420	99	419	182	3	2	415	1	418	0.0	662
lcl|NC_017455.1_prot_WP_014554119.1_1	GCF_022343685.1_WP_239040948.1	56.802	419	419	99	419	175	3	2	415	1	418	0.0	662
lcl|NC_017455.1_prot_WP_014554119.1_1	GCF_018343795.1_WP_211597562.1	56.325	419	419	99	419	177	3	2	415	1	418	0.0	662
lcl|NC_017455.1_prot_WP_014554119.1_1	GCF_015679265.1_WP_196105149.1	55.742	419	423	99	418	179	3	2	414	6	422	0.0	662
lcl|NC_017455.1_prot_WP_014554119.1_1	GCF_014697095.1_WP_007111700.1	58.234	419	419	99	419	169	3	2	415	1	418	0.0	662
lcl|NC_017455.1_prot_WP_014554119.1_1	GCF_012571345.1_WP_168895606.1	57.518	419	419	99	419	172	3	2	415	1	418	0.0	662
lcl|NC_017455.1_prot_WP_014554119.1_1	GCF_009789595.1_WP_145874487.1	55.370	419	420	99	419	181	3	2	415	1	418	0.0	662
lcl|NC_017455.1_prot_WP_014554119.1_1	GCF_008122265.1_WP_148861468.1	58.333	419	420	99	420	168	4	2	415	1	419	0.0	662
lcl|NC_017455.1_prot_WP_014554119.1_1	GCF_006228385.1_WP_139757473.1	59.189	419	421	99	419	165	3	2	415	1	418	0.0	662
lcl|NC_017455.1_prot_WP_014554119.1_1	GCF_005222225.1_WP_137168242.1	58.711	419	421	99	419	167	3	2	415	1	418	0.0	662
lcl|NC_017455.1_prot_WP_014554119.1_1	GCF_005144885.1_WP_136960380.1	54.306	419	421	99	418	185	3	2	414	4	420	0.0	662
lcl|NC_017455.1_prot_WP_014554119.1_1	GCF_003967275.1_WP_126463695.1	55.370	419	419	99	419	181	3	2	415	1	418	0.0	662
lcl|NC_017455.1_prot_WP_014554119.1_1	GCF_001682385.1_WP_041643347.1	55.370	419	419	99	419	181	3	2	415	1	418	0.0	662
lcl|NC_017455.1_prot_WP_014554119.1_1	GCF_001402875.1_WP_055038527.1	55.396	419	421	98	417	180	3	3	414	5	420	0.0	662
lcl|NC_017455.1_prot_WP_014554119.1_1	GCF_000179915.2_WP_013567368.1	60.482	419	416	99	415	161	2	2	414	1	414	0.0	662
lcl|NC_017455.1_prot_WP_014554119.1_1	GCF_000023445.1_WP_015852797.1	58.894	419	424	99	416	168	2	2	415	10	424	0.0	662
lcl|NC_017455.1_prot_WP_014554119.1_1	GCF_000021325.1_WP_012224423.1	54.943	419	435	99	435	173	3	2	414	1	434	0.0	662
lcl|NC_017455.1_prot_WP_014554119.1_1	GCF_000017685.1_WP_012388037.1	56.867	419	467	99	415	176	2	2	414	52	465	0.0	662
lcl|NC_017455.1_prot_WP_014554119.1_1	GCF_000009145.1_WP_011111644.1	57.143	419	419	99	420	174	3	2	416	1	419	0.0	662
lcl|NC_017455.1_prot_WP_014554119.1_1	GCF_000008465.1_WP_011235587.1	59.242	419	422	99	422	165	4	2	418	1	420	0.0	662
lcl|NC_017455.1_prot_WP_014554119.1_1	GCF_900637555.1_WP_005673600.1	56.429	419	419	99	420	176	3	2	415	1	419	0.0	661
lcl|NC_017455.1_prot_WP_014554119.1_1	GCF_900637495.1_WP_058482039.1	54.869	419	420	99	421	184	3	2	417	1	420	0.0	661
lcl|NC_017455.1_prot_WP_014554119.1_1	GCF_026013905.1_WP_264891394.1	54.893	419	420	99	419	183	3	2	415	1	418	0.0	661
lcl|NC_017455.1_prot_WP_014554119.1_1	GCF_022533465.1_WP_238310198.1	55.635	419	447	98	417	179	3	3	414	31	446	0.0	661
lcl|NC_017455.1_prot_WP_014554119.1_1	GCF_019504385.1_WP_198877763.1	55.502	419	421	99	418	180	3	2	414	4	420	0.0	661
lcl|NC_017455.1_prot_WP_014554119.1_1	GCF_017354925.1_WP_207321080.1	57.757	419	421	99	419	171	3	2	415	1	418	0.0	661
lcl|NC_017455.1_prot_WP_014554119.1_1	GCF_016906065.1_WP_114413491.1	57.177	419	421	99	418	173	3	2	414	1	417	0.0	661
lcl|NC_017455.1_prot_WP_014554119.1_1	GCF_011765605.1_WP_035687646.1	57.143	419	420	99	420	173	4	2	415	1	419	0.0	661
lcl|NC_017455.1_prot_WP_014554119.1_1	GCF_011455495.1_WP_123955616.1	58.333	419	420	99	420	168	4	2	415	1	419	0.0	661
lcl|NC_017455.1_prot_WP_014554119.1_1	GCF_009827135.1_WP_159715062.1	57.518	419	419	99	419	172	3	2	415	1	418	0.0	661
lcl|NC_017455.1_prot_WP_014554119.1_1	GCF_003966755.1_WP_126323277.1	57.820	419	421	99	422	169	4	2	415	1	421	0.0	661
lcl|NC_017455.1_prot_WP_014554119.1_1	GCF_003957745.1_WP_126168392.1	57.279	419	421	99	419	173	3	2	415	1	418	0.0	661
lcl|NC_017455.1_prot_WP_014554119.1_1	GCF_002872475.1_WP_102246791.1	54.654	419	419	99	419	184	3	2	415	1	418	0.0	661
lcl|NC_017455.1_prot_WP_014554119.1_1	GCF_001677435.1_WP_068617473.1	56.325	419	418	99	419	177	3	2	415	1	418	0.0	661
lcl|NC_017455.1_prot_WP_014554119.1_1	GCF_000973505.1_WP_046289020.1	57.279	419	419	99	419	173	3	2	415	1	418	0.0	661
lcl|NC_017455.1_prot_WP_014554119.1_1	GCF_000507245.1_WP_024267702.1	57.074	419	640	99	417	174	3	2	414	219	634	0.0	661
lcl|NC_017455.1_prot_WP_014554119.1_1	GCF_000277285.1_WP_014419441.1	55.294	419	457	99	425	182	3	1	418	29	452	0.0	661
lcl|NC_017455.1_prot_WP_014554119.1_1	GCF_000015585.1_WP_011814841.1	57.143	419	419	99	420	173	4	2	415	1	419	0.0	661
lcl|NC_017455.1_prot_WP_014554119.1_1	GCF_023585745.1_WP_250223188.1	57.518	419	419	99	419	172	3	2	415	1	418	0.0	661
lcl|NC_017455.1_prot_WP_014554119.1_1	GCF_020810675.1_WP_049215412.1	57.619	419	420	99	420	171	4	2	415	1	419	0.0	661
lcl|NC_017455.1_prot_WP_014554119.1_1	GCF_019931735.1_WP_188740564.1	57.995	419	421	99	419	170	3	2	415	1	418	0.0	661
lcl|NC_017455.1_prot_WP_014554119.1_1	GCF_016469335.1_WP_199610238.1	59.189	419	423	99	419	165	3	2	415	1	418	0.0	661
lcl|NC_017455.1_prot_WP_014554119.1_1	GCF_013388295.1_WP_005866504.1	56.459	419	421	99	418	176	3	2	414	4	420	0.0	661
lcl|NC_017455.1_prot_WP_014554119.1_1	GCF_012562765.1_WP_168892652.1	57.995	419	419	99	419	170	3	2	415	1	418	0.0	661
lcl|NC_017455.1_prot_WP_014554119.1_1	GCF_009938305.1_WP_162049588.1	54.893	419	419	99	419	183	3	2	415	1	418	0.0	661
lcl|NC_017455.1_prot_WP_014554119.1_1	GCF_009671065.1_WP_095503031.1	55.981	419	420	99	418	178	3	2	414	1	417	0.0	661
lcl|NC_017455.1_prot_WP_014554119.1_1	GCF_008693965.1_WP_010796695.1	57.279	419	419	99	419	173	3	2	415	1	418	0.0	661
lcl|NC_017455.1_prot_WP_014554119.1_1	GCF_005280275.1_WP_069361797.1	57.279	419	421	99	419	173	3	2	415	1	418	0.0	661
lcl|NC_017455.1_prot_WP_014554119.1_1	GCF_003515105.1_WP_083633683.1	58.234	419	419	99	419	169	3	2	415	1	418	0.0	661
lcl|NC_017455.1_prot_WP_014554119.1_1	GCF_000948975.2_WP_044834386.1	57.757	419	419	99	419	171	3	2	415	1	418	0.0	661
lcl|NC_017455.1_prot_WP_014554119.1_1	GCF_000348725.1_WP_041575362.1	57.108	419	414	99	415	174	3	2	414	1	413	0.0	661
lcl|NC_017455.1_prot_WP_014554119.1_1	GCF_000023225.1_WP_015772900.1	59.036	419	415	99	415	167	2	2	414	1	414	0.0	661
lcl|NC_017455.1_prot_WP_014554119.1_1	GCF_000019405.1_WP_012341247.1	57.857	419	420	99	420	170	4	2	415	1	419	0.0	661
lcl|NC_017455.1_prot_WP_014554119.1_1	GCF_000015245.1_WP_011761324.1	57.279	419	420	99	419	173	3	2	415	1	418	0.0	661
lcl|NC_017455.1_prot_WP_014554119.1_1	GCF_000014765.1_WP_011635448.1	57.381	419	419	99	420	173	3	2	416	1	419	0.0	661
lcl|NC_017455.1_prot_WP_014554119.1_1	GCF_000007745.1_WP_041640233.1	56.905	419	420	99	420	174	4	2	415	1	419	0.0	661
lcl|NC_017455.1_prot_WP_014554119.1_1	GCF_028657945.1_WP_274051960.1	57.757	419	419	99	419	171	3	2	415	1	418	0.0	661
lcl|NC_017455.1_prot_WP_014554119.1_1	GCF_024346975.1_WP_261823260.1	57.518	419	419	99	419	172	3	2	415	1	418	0.0	661
lcl|NC_017455.1_prot_WP_014554119.1_1	GCF_023586525.1_WP_250236033.1	57.041	419	419	99	419	174	3	2	415	1	418	0.0	661
lcl|NC_017455.1_prot_WP_014554119.1_1	GCF_023585725.1_WP_250247195.1	56.802	419	419	99	419	175	3	2	415	1	418	0.0	661
lcl|NC_017455.1_prot_WP_014554119.1_1	GCF_019285595.1_WP_218813913.1	57.820	419	421	99	422	169	4	2	415	1	421	0.0	661
lcl|NC_017455.1_prot_WP_014554119.1_1	GCF_009684715.1_WP_121122603.1	57.381	419	420	99	420	172	4	2	415	1	419	0.0	661
lcl|NC_017455.1_prot_WP_014554119.1_1	GCF_008630635.1_WP_138988075.1	57.041	419	419	99	419	174	3	2	415	1	418	0.0	661
lcl|NC_017455.1_prot_WP_014554119.1_1	GCF_003008515.1_WP_106751115.1	54.306	419	421	99	418	185	3	2	414	4	420	0.0	661
lcl|NC_017455.1_prot_WP_014554119.1_1	GCF_002073255.2_WP_005725026.1	56.905	419	420	99	420	174	4	2	415	1	419	0.0	661
lcl|NC_017455.1_prot_WP_014554119.1_1	GCF_000973545.1_WP_046305279.1	57.518	419	419	99	419	172	3	2	415	1	418	0.0	661
lcl|NC_017455.1_prot_WP_014554119.1_1	GCF_000227745.2_WP_014778886.1	58.612	419	418	99	418	167	3	2	414	1	417	0.0	661
lcl|NC_017455.1_prot_WP_014554119.1_1	GCF_000202835.1_WP_007424843.1	54.009	419	424	99	424	183	3	2	414	1	423	0.0	661
lcl|NC_017455.1_prot_WP_014554119.1_1	GCF_000025945.1_WP_011189969.1	57.933	419	416	99	416	171	3	2	414	1	415	0.0	661
lcl|NC_017455.1_prot_WP_014554119.1_1	GCF_000019945.1_WP_012453588.1	55.635	419	447	98	417	179	3	3	414	31	446	0.0	661
lcl|NC_017455.1_prot_WP_014554119.1_1	GCF_028885455.1_WP_064666866.1	58.950	419	419	99	419	166	3	2	415	1	418	0.0	660
lcl|NC_017455.1_prot_WP_014554119.1_1	GCF_019623905.1_WP_220661635.1	55.024	419	423	99	418	182	3	2	414	6	422	0.0	660
lcl|NC_017455.1_prot_WP_014554119.1_1	GCF_013201075.1_WP_171836927.1	54.717	419	424	99	424	180	3	2	414	1	423	0.0	660
lcl|NC_017455.1_prot_WP_014554119.1_1	GCF_011290545.1_WP_166188528.1	55.981	419	423	99	418	178	3	2	414	6	422	0.0	660
lcl|NC_017455.1_prot_WP_014554119.1_1	GCF_009937995.1_WP_162085740.1	57.656	419	420	99	418	171	3	2	414	1	417	0.0	660
lcl|NC_017455.1_prot_WP_014554119.1_1	GCF_004293625.1_WP_130538236.1	57.857	419	419	99	420	170	4	2	415	1	419	0.0	660
lcl|NC_017455.1_prot_WP_014554119.1_1	GCF_001941945.1_WP_019461381.1	54.333	419	427	99	427	180	3	2	414	1	426	0.0	660
lcl|NC_017455.1_prot_WP_014554119.1_1	GCF_001584145.1_WP_014004861.1	55.847	419	420	99	419	179	3	2	415	1	418	0.0	660
lcl|NC_017455.1_prot_WP_014554119.1_1	GCF_000948985.2_WP_044838398.1	57.279	419	419	99	419	173	3	2	415	1	418	0.0	660
lcl|NC_017455.1_prot_WP_014554119.1_1	GCF_000807775.2_WP_039374656.1	55.847	419	420	99	419	179	3	2	415	1	418	0.0	660
lcl|NC_017455.1_prot_WP_014554119.1_1	GCF_000661915.1_WP_038663660.1	57.279	419	419	99	419	173	3	2	415	1	418	0.0	660
lcl|NC_017455.1_prot_WP_014554119.1_1	GCF_000504585.2_WP_023596554.1	56.563	419	420	99	419	176	3	2	415	1	418	0.0	660
lcl|NC_017455.1_prot_WP_014554119.1_1	GCF_000214215.1_WP_013797514.1	55.981	419	421	99	418	178	3	2	414	1	417	0.0	660
lcl|NC_017455.1_prot_WP_014554119.1_1	GCF_000018205.1_WP_012149663.1	55.765	419	458	99	425	180	3	1	418	30	453	0.0	660
lcl|NC_017455.1_prot_WP_014554119.1_1	GCF_025985205.1_WP_112742592.1	56.802	419	418	99	419	175	3	2	415	1	418	0.0	660
lcl|NC_017455.1_prot_WP_014554119.1_1	GCF_020783375.1_WP_014821732.1	57.518	419	419	99	419	172	3	2	415	1	418	0.0	660
lcl|NC_017455.1_prot_WP_014554119.1_1	GCF_017607425.1_WP_012049038.1	54.654	419	418	99	419	184	3	2	415	1	418	0.0	660
lcl|NC_017455.1_prot_WP_014554119.1_1	GCF_014672835.1_WP_203414168.1	55.425	419	424	99	424	177	3	2	414	1	423	0.0	660
lcl|NC_017455.1_prot_WP_014554119.1_1	GCF_002005305.1_WP_077753292.1	58.134	419	422	99	418	169	3	2	414	1	417	0.0	660
lcl|NC_017455.1_prot_WP_014554119.1_1	GCF_001187785.1_WP_049725834.1	57.518	419	418	99	419	172	3	2	415	1	418	0.0	660
lcl|NC_017455.1_prot_WP_014554119.1_1	GCF_000815025.1_WP_039670149.1	57.416	419	418	99	418	172	3	2	414	1	417	0.0	660
lcl|NC_017455.1_prot_WP_014554119.1_1	GCF_000297075.2_WP_003458629.1	57.041	419	419	99	419	174	3	2	415	1	418	0.0	660
lcl|NC_017455.1_prot_WP_014554119.1_1	GCF_000277165.1_WP_004597794.1	55.529	419	457	99	425	181	3	1	418	29	452	0.0	660
lcl|NC_017455.1_prot_WP_014554119.1_1	GCF_000258405.1_WP_041294446.1	62.892	419	415	99	415	151	2	2	414	1	414	0.0	660
lcl|NC_017455.1_prot_WP_014554119.1_1	GCF_000185985.2_WP_013516887.1	57.518	419	419	99	419	172	3	2	415	1	418	0.0	660
lcl|NC_017455.1_prot_WP_014554119.1_1	GCF_000178975.2_WP_013579387.1	60.432	419	416	99	417	162	2	2	416	1	416	0.0	660
lcl|NC_017455.1_prot_WP_014554119.1_1	GCF_000146165.2_WP_011070765.1	57.757	419	421	99	419	171	3	2	415	1	418	0.0	660
lcl|NC_017455.1_prot_WP_014554119.1_1	GCF_900039485.1_WP_067565634.1	57.041	419	419	99	419	174	3	2	415	1	418	0.0	659
lcl|NC_017455.1_prot_WP_014554119.1_1	GCF_018286635.1_WP_070156052.1	54.177	419	418	99	419	186	3	2	415	1	418	0.0	659
lcl|NC_017455.1_prot_WP_014554119.1_1	GCF_017654485.1_WP_207448033.1	54.717	419	424	99	424	180	3	2	414	1	423	0.0	659
lcl|NC_017455.1_prot_WP_014554119.1_1	GCF_015356115.1_WP_194811657.1	56.905	419	420	99	420	174	4	2	415	1	419	0.0	659
lcl|NC_017455.1_prot_WP_014554119.1_1	GCF_008806995.1_WP_123795975.1	56.220	419	419	99	418	177	3	2	414	1	417	0.0	659
lcl|NC_017455.1_prot_WP_014554119.1_1	GCF_007197755.1_WP_144067583.1	51.656	419	453	99	453	178	3	2	414	1	452	0.0	659
lcl|NC_017455.1_prot_WP_014554119.1_1	GCF_004786015.1_WP_135794852.1	57.619	419	419	99	420	171	4	2	415	1	419	0.0	659
lcl|NC_017455.1_prot_WP_014554119.1_1	GCF_003173735.1_WP_109950107.1	55.396	419	450	98	417	180	3	3	414	34	449	0.0	659
lcl|NC_017455.1_prot_WP_014554119.1_1	GCF_003150835.1_WP_110451134.1	52.153	419	469	99	418	194	3	2	414	52	468	0.0	659
lcl|NC_017455.1_prot_WP_014554119.1_1	GCF_002813775.1_WP_100919563.1	59.330	419	418	99	418	164	3	2	414	1	417	0.0	659
lcl|NC_017455.1_prot_WP_014554119.1_1	GCF_002220155.1_WP_089169454.1	57.279	419	419	99	419	173	3	2	415	1	418	0.0	659
lcl|NC_017455.1_prot_WP_014554119.1_1	GCF_001787355.1_WP_029604999.1	54.779	419	429	99	429	177	3	2	414	1	428	0.0	659
lcl|NC_017455.1_prot_WP_014554119.1_1	GCF_000341395.1_WP_015404724.1	55.769	419	416	99	416	180	3	2	414	1	415	0.0	659
lcl|NC_017455.1_prot_WP_014554119.1_1	GCF_000266885.1_WP_245536840.1	58.554	419	463	99	415	169	2	2	414	48	461	0.0	659
lcl|NC_017455.1_prot_WP_014554119.1_1	GCF_000198775.1_WP_013435079.1	56.086	419	420	99	419	178	3	2	415	1	418	0.0	659
lcl|NC_017455.1_prot_WP_014554119.1_1	GCF_000023785.1_WP_041302518.1	54.306	419	418	99	418	185	3	2	414	1	417	0.0	659
lcl|NC_017455.1_prot_WP_014554119.1_1	GCF_000020985.1_WP_028842629.1	56.355	419	416	99	417	178	3	2	415	1	416	0.0	659
lcl|NC_017455.1_prot_WP_014554119.1_1	GCF_000014705.1_WP_011635948.1	57.995	419	420	99	419	170	3	2	415	1	418	0.0	659
lcl|NC_017455.1_prot_WP_014554119.1_1	GCF_900044015.1_WP_067567664.1	57.995	419	419	99	419	170	3	2	415	1	418	0.0	659
lcl|NC_017455.1_prot_WP_014554119.1_1	GCF_028607085.1_WP_273687405.1	53.699	419	418	99	419	188	3	2	415	1	418	0.0	659
lcl|NC_017455.1_prot_WP_014554119.1_1	GCF_025402875.1_WP_011787892.1	57.857	419	421	99	420	171	3	2	416	1	419	0.0	659
lcl|NC_017455.1_prot_WP_014554119.1_1	GCF_023243115.1_WP_248709379.1	55.319	419	423	99	423	178	3	2	414	1	422	0.0	659
lcl|NC_017455.1_prot_WP_014554119.1_1	GCF_022559585.1_WP_241437853.1	55.981	419	421	99	418	178	3	2	414	4	420	0.0	659
lcl|NC_017455.1_prot_WP_014554119.1_1	GCF_016894345.1_WP_230338255.1	56.699	419	419	99	418	175	3	2	414	1	417	0.0	659
lcl|NC_017455.1_prot_WP_014554119.1_1	GCF_015644725.1_WP_195810464.1	58.234	419	421	99	419	169	3	2	415	1	418	0.0	659
lcl|NC_017455.1_prot_WP_014554119.1_1	GCF_014058705.1_WP_185984190.1	56.459	419	421	99	418	176	3	2	414	4	420	0.0	659
lcl|NC_017455.1_prot_WP_014554119.1_1	GCF_011044255.1_WP_165323420.1	54.545	419	418	99	418	184	3	2	414	1	417	0.0	659
lcl|NC_017455.1_prot_WP_014554119.1_1	GCF_010587025.1_WP_018355393.1	57.143	419	420	99	420	173	4	2	415	1	419	0.0	659
lcl|NC_017455.1_prot_WP_014554119.1_1	GCF_009789675.1_WP_027818379.1	55.609	419	420	99	419	180	3	2	415	1	418	0.0	659
lcl|NC_017455.1_prot_WP_014554119.1_1	GCF_008807015.1_WP_151050588.1	55.742	419	419	99	418	179	3	2	414	1	417	0.0	659
lcl|NC_017455.1_prot_WP_014554119.1_1	GCF_008329985.2_WP_149283415.1	57.518	419	419	99	419	172	3	2	415	1	418	0.0	659
lcl|NC_017455.1_prot_WP_014554119.1_1	GCF_004348195.1_WP_102324990.1	53.899	419	436	99	436	177	3	2	414	1	435	0.0	659
lcl|NC_017455.1_prot_WP_014554119.1_1	GCF_004295665.1_WP_130602168.1	57.041	419	419	99	419	174	3	2	415	1	418	0.0	659
lcl|NC_017455.1_prot_WP_014554119.1_1	GCF_002173515.1_WP_026018583.1	54.128	419	436	99	436	176	3	2	414	1	435	0.0	659
lcl|NC_017455.1_prot_WP_014554119.1_1	GCF_001890385.1_WP_072597867.1	54.177	419	418	99	419	186	3	2	415	1	418	0.0	659
lcl|NC_017455.1_prot_WP_014554119.1_1	GCF_000756125.1_WP_004521321.1	56.086	419	420	99	419	178	3	2	415	1	418	0.0	659
lcl|NC_017455.1_prot_WP_014554119.1_1	GCF_000021045.1_WP_012703208.1	57.279	419	419	99	419	173	3	2	415	1	418	0.0	659
lcl|NC_017455.1_prot_WP_014554119.1_1	GCF_900476035.1_WP_005701308.1	56.667	419	420	99	420	175	4	2	415	1	419	0.0	659
lcl|NC_017455.1_prot_WP_014554119.1_1	GCF_900090215.1_WP_083172320.1	56.563	419	419	99	419	176	3	2	415	1	418	0.0	659
lcl|NC_017455.1_prot_WP_014554119.1_1	GCF_024971755.1_WP_037413641.1	57.757	419	421	99	419	171	3	2	415	1	418	0.0	659
lcl|NC_017455.1_prot_WP_014554119.1_1	GCF_024297065.1_WP_254770306.1	55.742	419	421	99	418	179	3	2	414	4	420	0.0	659
lcl|NC_017455.1_prot_WP_014554119.1_1	GCF_023518055.1_WP_249856132.1	56.667	419	420	99	420	175	4	2	415	1	419	0.0	659
lcl|NC_017455.1_prot_WP_014554119.1_1	GCF_022879815.1_WP_008349328.1	55.131	419	421	99	419	182	3	2	415	1	418	0.0	659
lcl|NC_017455.1_prot_WP_014554119.1_1	GCF_022870885.1_WP_054599596.1	55.981	419	419	99	418	178	3	2	414	1	417	0.0	659
lcl|NC_017455.1_prot_WP_014554119.1_1	GCF_021650935.1_WP_236499081.1	57.757	419	419	99	419	171	3	2	415	1	418	0.0	659
lcl|NC_017455.1_prot_WP_014554119.1_1	GCF_020162295.1_WP_097114988.1	56.699	419	454	99	418	175	3	2	414	1	417	0.0	659
lcl|NC_017455.1_prot_WP_014554119.1_1	GCF_016858125.1_WP_203386927.1	55.981	419	420	99	418	178	3	2	414	1	417	0.0	659
lcl|NC_017455.1_prot_WP_014554119.1_1	GCF_011611525.1_WP_007397168.1	54.128	419	436	99	436	176	3	2	414	1	435	0.0	659
lcl|NC_017455.1_prot_WP_014554119.1_1	GCF_011044155.1_WP_211907470.1	56.699	419	423	99	418	175	3	2	414	6	422	0.0	659
lcl|NC_017455.1_prot_WP_014554119.1_1	GCF_007197555.1_WP_144048229.1	58.134	419	422	99	418	169	3	2	414	1	417	0.0	659
lcl|NC_017455.1_prot_WP_014554119.1_1	GCF_005885815.1_WP_138565631.1	56.563	419	418	99	419	176	3	2	415	1	418	0.0	659
lcl|NC_017455.1_prot_WP_014554119.1_1	GCF_003114835.2_WP_109018551.1	56.145	419	468	99	415	179	2	2	414	53	466	0.0	659
lcl|NC_017455.1_prot_WP_014554119.1_1	GCF_002009295.1_WP_078525620.1	54.358	419	436	99	436	175	3	2	414	1	435	0.0	659
lcl|NC_017455.1_prot_WP_014554119.1_1	GCF_001718635.1_WP_009890788.1	56.086	419	420	99	419	178	3	2	415	1	418	0.0	659
lcl|NC_017455.1_prot_WP_014554119.1_1	GCF_001597285.1_WP_021699062.1	57.041	419	419	99	419	174	3	2	415	1	418	0.0	659
lcl|NC_017455.1_prot_WP_014554119.1_1	GCF_001431725.1_WP_021819843.1	58.234	419	419	99	419	169	3	2	415	1	418	0.0	659
lcl|NC_017455.1_prot_WP_014554119.1_1	GCF_000832905.1_WP_013860747.1	64.649	419	426	99	413	144	1	2	414	4	414	0.0	659
lcl|NC_017455.1_prot_WP_014554119.1_1	GCF_000826835.2_WP_014876396.1	54.306	419	423	99	418	185	3	2	414	6	422	0.0	659
lcl|NC_017455.1_prot_WP_014554119.1_1	GCF_000521725.1_WP_015431785.1	56.905	419	420	99	420	174	4	2	415	1	419	0.0	659
lcl|NC_017455.1_prot_WP_014554119.1_1	GCF_000242455.2_WP_237722770.1	57.416	419	419	99	418	172	3	2	414	1	417	0.0	659
lcl|NC_017455.1_prot_WP_014554119.1_1	GCF_000182745.2_WP_014105815.1	54.358	419	436	99	436	175	3	2	414	1	435	0.0	659
lcl|NC_017455.1_prot_WP_014554119.1_1	GCF_000019725.1_WP_012321209.1	55.396	419	428	98	417	180	3	3	414	12	427	0.0	659
lcl|NC_017455.1_prot_WP_014554119.1_1	GCF_026427595.1_WP_251810145.1	57.857	419	420	99	420	170	4	2	415	1	419	0.0	658
lcl|NC_017455.1_prot_WP_014554119.1_1	GCF_023823875.1_WP_053478528.1	64.878	419	424	98	410	142	1	2	411	3	410	0.0	658
lcl|NC_017455.1_prot_WP_014554119.1_1	GCF_022870905.1_WP_047760132.1	55.981	419	420	99	418	178	3	2	414	1	417	0.0	658
lcl|NC_017455.1_prot_WP_014554119.1_1	GCF_021029445.1_WP_147810148.1	57.041	419	419	99	419	174	3	2	415	1	418	0.0	658
lcl|NC_017455.1_prot_WP_014554119.1_1	GCF_018304805.1_WP_246604679.1	59.214	419	407	97	407	163	2	10	414	1	406	0.0	658
lcl|NC_017455.1_prot_WP_014554119.1_1	GCF_016772315.1_WP_202716000.1	57.757	419	419	99	419	171	3	2	415	1	418	0.0	658
lcl|NC_017455.1_prot_WP_014554119.1_1	GCF_014054885.1_WP_009116774.1	55.263	419	419	99	418	181	3	2	414	1	417	0.0	658
lcl|NC_017455.1_prot_WP_014554119.1_1	GCF_013003985.1_WP_171160773.1	56.086	419	418	99	419	176	4	2	415	1	416	0.0	658
lcl|NC_017455.1_prot_WP_014554119.1_1	GCF_009363155.1_WP_152388336.1	57.279	419	419	99	419	173	3	2	415	1	418	0.0	658
lcl|NC_017455.1_prot_WP_014554119.1_1	GCF_003429285.1_WP_108565634.1	58.294	419	421	99	422	169	4	2	418	1	420	0.0	658
lcl|NC_017455.1_prot_WP_014554119.1_1	GCF_003265225.1_WP_261919505.1	56.667	419	420	99	420	175	4	2	415	1	419	0.0	658
lcl|NC_017455.1_prot_WP_014554119.1_1	GCF_002355275.1_WP_066960023.1	54.177	419	418	99	419	186	3	2	415	1	418	0.0	658
lcl|NC_017455.1_prot_WP_014554119.1_1	GCF_001267255.1_WP_053100824.1	56.802	419	420	99	419	175	3	2	415	1	418	0.0	658
lcl|NC_017455.1_prot_WP_014554119.1_1	GCF_000959505.1_WP_006402347.1	56.086	419	420	99	419	178	3	2	415	1	418	0.0	658
lcl|NC_017455.1_prot_WP_014554119.1_1	GCF_000828515.1_WP_041069896.1	57.656	419	419	99	418	171	3	2	414	1	417	0.0	658
lcl|NC_017455.1_prot_WP_014554119.1_1	GCF_000757795.1_WP_043386160.1	55.396	419	449	98	417	180	3	3	414	33	448	0.0	658
lcl|NC_017455.1_prot_WP_014554119.1_1	GCF_000016065.1_WP_011864143.1	58.234	419	421	99	419	169	3	2	415	1	418	0.0	658
lcl|NC_017455.1_prot_WP_014554119.1_1	GCF_000012945.1_WP_006478662.1	56.086	419	420	99	419	178	3	2	415	1	418	0.0	658
lcl|NC_017455.1_prot_WP_014554119.1_1	GCF_900186995.1_WP_039847727.1	56.905	419	420	99	420	174	4	2	415	1	419	0.0	658
lcl|NC_017455.1_prot_WP_014554119.1_1	GCF_023650495.1_WP_250655673.1	57.857	419	420	99	420	170	4	2	415	1	419	0.0	658
lcl|NC_017455.1_prot_WP_014554119.1_1	GCF_017161425.1_WP_206340971.1	55.263	419	418	99	418	181	3	2	414	1	417	0.0	658
lcl|NC_017455.1_prot_WP_014554119.1_1	GCF_014054725.1_WP_027022518.1	56.802	419	418	99	419	175	3	2	415	1	418	0.0	658
lcl|NC_017455.1_prot_WP_014554119.1_1	GCF_012317585.1_WP_168719168.1	58.852	419	435	99	418	168	3	1	415	19	435	0.0	658
lcl|NC_017455.1_prot_WP_014554119.1_1	GCF_003606325.2_WP_005774324.1	55.981	419	421	99	418	178	3	2	414	4	420	0.0	658
lcl|NC_017455.1_prot_WP_014554119.1_1	GCF_003173755.1_WP_109960689.1	55.396	419	437	98	417	180	3	3	414	21	436	0.0	658
lcl|NC_017455.1_prot_WP_014554119.1_1	GCF_002796605.1_WP_100282918.1	54.177	419	418	99	419	186	3	2	415	1	418	0.0	658
lcl|NC_017455.1_prot_WP_014554119.1_1	GCF_002005465.1_WP_077807010.1	54.545	419	429	99	429	178	3	2	414	1	428	0.0	658
lcl|NC_017455.1_prot_WP_014554119.1_1	GCF_001524625.2_WP_038749133.1	56.086	419	420	99	419	178	3	2	415	1	418	0.0	658
lcl|NC_017455.1_prot_WP_014554119.1_1	GCF_001499615.1_WP_006557874.1	54.292	419	431	99	431	178	3	2	414	1	430	0.0	658
lcl|NC_017455.1_prot_WP_014554119.1_1	GCF_001483945.1_WP_008325783.1	55.370	419	420	99	419	181	3	2	415	1	418	0.0	658
lcl|NC_017455.1_prot_WP_014554119.1_1	GCF_000954135.1_WP_045786554.1	55.370	419	420	99	419	181	3	2	415	1	418	0.0	658
lcl|NC_017455.1_prot_WP_014554119.1_1	GCF_000511385.1_WP_040104304.1	54.306	419	423	99	418	185	3	2	414	6	422	0.0	658
lcl|NC_017455.1_prot_WP_014554119.1_1	GCF_000283915.1_WP_012148688.1	55.294	419	458	99	425	182	3	1	418	30	453	0.0	658
lcl|NC_017455.1_prot_WP_014554119.1_1	GCF_000178875.2_WP_006083361.1	57.995	419	421	99	419	170	3	2	415	1	418	0.0	658
lcl|NC_017455.1_prot_WP_014554119.1_1	GCF_000083545.1_WP_012752496.1	55.635	419	447	98	417	179	3	3	414	31	446	0.0	658
lcl|NC_017455.1_prot_WP_014554119.1_1	GCF_918320885.1_WP_253306056.1	56.563	419	422	99	419	176	3	2	415	1	418	0.0	658
lcl|NC_017455.1_prot_WP_014554119.1_1	GCF_900187305.1_WP_085362756.1	55.981	419	419	99	418	178	3	2	414	1	417	0.0	658
lcl|NC_017455.1_prot_WP_014554119.1_1	GCF_022879615.1_WP_035968253.1	55.131	419	421	99	419	182	3	2	415	1	418	0.0	658
lcl|NC_017455.1_prot_WP_014554119.1_1	GCF_022870845.1_WP_132954393.1	56.459	419	419	99	418	176	3	2	414	1	417	0.0	658
lcl|NC_017455.1_prot_WP_014554119.1_1	GCF_021655555.1_WP_236982826.1	55.502	419	419	99	418	180	3	2	414	1	417	0.0	658
lcl|NC_017455.1_prot_WP_014554119.1_1	GCF_019797865.1_WP_261401174.1	55.072	419	421	98	414	180	3	6	414	8	420	0.0	658
lcl|NC_017455.1_prot_WP_014554119.1_1	GCF_019443285.1_WP_219894543.1	53.938	419	418	99	419	187	3	2	415	1	418	0.0	658
lcl|NC_017455.1_prot_WP_014554119.1_1	GCF_016772275.1_WP_202780876.1	65.366	419	427	98	410	140	1	2	411	4	411	0.0	658
lcl|NC_017455.1_prot_WP_014554119.1_1	GCF_016743795.2_WP_011271094.1	55.529	419	458	99	425	181	3	1	418	30	453	0.0	658
lcl|NC_017455.1_prot_WP_014554119.1_1	GCF_016127755.1_WP_006753675.1	56.086	419	420	99	419	178	3	2	415	1	418	0.0	658
lcl|NC_017455.1_prot_WP_014554119.1_1	GCF_015482775.1_WP_213160716.1	55.742	419	427	99	418	179	3	2	414	10	426	0.0	658
lcl|NC_017455.1_prot_WP_014554119.1_1	GCF_009913435.1_WP_160591845.1	55.370	419	418	99	419	181	3	2	415	1	418	0.0	658
lcl|NC_017455.1_prot_WP_014554119.1_1	GCF_009789655.1_WP_103705944.1	55.609	419	420	99	419	180	3	2	415	1	418	0.0	658
lcl|NC_017455.1_prot_WP_014554119.1_1	GCF_006385555.1_WP_137223357.1	57.995	419	420	99	419	170	3	2	415	1	418	0.0	658
lcl|NC_017455.1_prot_WP_014554119.1_1	GCF_004014775.2_WP_042787093.1	54.398	419	432	99	432	177	3	2	414	1	431	0.0	658
lcl|NC_017455.1_prot_WP_014554119.1_1	GCF_003966715.1_WP_126401648.1	54.916	419	421	98	417	182	3	3	414	5	420	0.0	658
lcl|NC_017455.1_prot_WP_014554119.1_1	GCF_003855395.1_WP_124729576.1	57.995	419	420	99	419	170	3	2	415	1	418	0.0	658
lcl|NC_017455.1_prot_WP_014554119.1_1	GCF_002795845.1_WP_100255676.1	57.416	419	418	99	418	172	3	2	414	1	417	0.0	658
lcl|NC_017455.1_prot_WP_014554119.1_1	GCF_002346025.1_WP_004191285.1	55.847	419	420	99	419	179	3	2	415	1	418	0.0	658
lcl|NC_017455.1_prot_WP_014554119.1_1	GCF_001831495.1_WP_068546213.1	58.711	419	419	99	419	167	3	2	415	1	418	0.0	658
lcl|NC_017455.1_prot_WP_014554119.1_1	GCF_001618865.1_WP_257724466.1	59.615	419	461	99	416	165	2	2	415	46	460	0.0	658
lcl|NC_017455.1_prot_WP_014554119.1_1	GCF_001465545.3_WP_042115527.1	55.847	419	420	99	419	179	3	2	415	1	418	0.0	658
lcl|NC_017455.1_prot_WP_014554119.1_1	GCF_000815105.2_WP_039399112.1	56.325	419	420	99	419	177	3	2	415	1	418	0.0	658
lcl|NC_017455.1_prot_WP_014554119.1_1	GCF_000583855.1_WP_011252631.1	54.965	419	433	99	433	174	3	2	414	1	432	0.0	658
lcl|NC_017455.1_prot_WP_014554119.1_1	GCF_000402035.1_WP_044041376.1	55.370	419	421	99	419	181	3	2	415	1	418	0.0	658
lcl|NC_017455.1_prot_WP_014554119.1_1	GCF_022749495.1_WP_003756207.1	55.024	419	419	99	418	182	3	2	414	1	417	0.0	657
lcl|NC_017455.1_prot_WP_014554119.1_1	GCF_022354425.1_WP_249451553.1	56.459	419	447	99	418	176	3	2	414	1	417	0.0	657
lcl|NC_017455.1_prot_WP_014554119.1_1	GCF_021654855.1_WP_237261747.1	56.699	419	418	99	418	175	3	2	414	1	417	0.0	657
lcl|NC_017455.1_prot_WP_014554119.1_1	GCF_020511155.1_WP_226411573.1	58.234	419	421	99	419	169	3	2	415	1	418	0.0	657
lcl|NC_017455.1_prot_WP_014554119.1_1	GCF_020510525.1_WP_226443021.1	54.415	419	419	99	419	185	3	2	415	1	418	0.0	657
lcl|NC_017455.1_prot_WP_014554119.1_1	GCF_017742995.1_WP_010387091.1	57.995	419	419	99	419	170	3	2	415	1	418	0.0	657
lcl|NC_017455.1_prot_WP_014554119.1_1	GCF_017355405.1_WP_207419549.1	54.481	419	424	99	424	181	3	2	414	1	423	0.0	657
lcl|NC_017455.1_prot_WP_014554119.1_1	GCF_017347565.1_WP_048461698.1	55.396	419	437	98	417	180	3	3	414	21	436	0.0	657
lcl|NC_017455.1_prot_WP_014554119.1_1	GCF_016757795.1_WP_141352803.1	55.196	419	433	99	433	173	3	2	414	1	432	0.0	657
lcl|NC_017455.1_prot_WP_014554119.1_1	GCF_014805825.1_WP_191602268.1	56.938	419	421	99	418	174	3	2	414	1	417	0.0	657
lcl|NC_017455.1_prot_WP_014554119.1_1	GCF_013409125.2_WP_090335975.1	56.802	419	419	99	419	175	3	2	415	1	418	0.0	657
lcl|NC_017455.1_prot_WP_014554119.1_1	GCF_013378075.1_WP_176869952.1	53.699	419	418	99	419	188	3	2	415	1	418	0.0	657
lcl|NC_017455.1_prot_WP_014554119.1_1	GCF_012979535.1_WP_169944406.1	53.461	419	418	99	419	189	3	2	415	1	418	0.0	657
lcl|NC_017455.1_prot_WP_014554119.1_1	GCF_011455695.1_WP_027075250.1	56.190	419	420	99	420	177	4	2	415	1	419	0.0	657
lcl|NC_017455.1_prot_WP_014554119.1_1	GCF_011057975.1_WP_165325539.1	53.938	419	418	99	419	187	3	2	415	1	418	0.0	657
lcl|NC_017455.1_prot_WP_014554119.1_1	GCF_009685195.1_WP_026016056.1	55.981	419	421	99	418	178	3	2	414	4	420	0.0	657
lcl|NC_017455.1_prot_WP_014554119.1_1	GCF_005887635.2_WP_170317601.1	54.785	419	427	99	418	183	3	2	414	10	426	0.0	657
lcl|NC_017455.1_prot_WP_014554119.1_1	GCF_004135935.1_WP_115835293.1	56.086	419	422	99	419	177	4	2	414	4	421	0.0	657
lcl|NC_017455.1_prot_WP_014554119.1_1	GCF_002951835.1_WP_002642038.1	57.177	419	440	99	418	173	3	2	414	1	417	0.0	657
lcl|NC_017455.1_prot_WP_014554119.1_1	GCF_002173775.1_WP_003623786.1	54.398	419	432	99	432	177	3	2	414	1	431	0.0	657
lcl|NC_017455.1_prot_WP_014554119.1_1	GCF_000473245.1_WP_009792602.1	64.878	419	424	98	410	142	1	2	411	3	410	0.0	657
lcl|NC_017455.1_prot_WP_014554119.1_1	GCF_000264945.2_WP_007689303.1	53.938	419	418	99	419	187	3	2	415	1	418	0.0	657
lcl|NC_017455.1_prot_WP_014554119.1_1	GCF_000012325.1_WP_011041051.1	57.995	419	419	99	419	170	3	2	415	1	418	0.0	657
lcl|NC_017455.1_prot_WP_014554119.1_1	GCF_022870865.1_WP_244784040.1	55.981	419	419	99	418	178	3	2	414	1	417	0.0	657
lcl|NC_017455.1_prot_WP_014554119.1_1	GCF_021545825.1_WP_027490482.1	55.582	419	599	99	421	180	4	1	415	180	599	0.0	657
lcl|NC_017455.1_prot_WP_014554119.1_1	GCF_017901135.1_WP_210222373.1	57.757	419	419	99	419	171	3	2	415	1	418	0.0	657
lcl|NC_017455.1_prot_WP_014554119.1_1	GCF_014054965.1_WP_182121331.1	56.699	419	419	99	418	175	3	2	414	1	417	0.0	657
lcl|NC_017455.1_prot_WP_014554119.1_1	GCF_012295615.1_WP_007017996.1	58.373	419	418	99	418	168	3	2	414	1	417	0.0	657
lcl|NC_017455.1_prot_WP_014554119.1_1	GCF_009931375.1_WP_015875474.1	56.086	419	420	99	419	178	3	2	415	1	418	0.0	657
lcl|NC_017455.1_prot_WP_014554119.1_1	GCF_008931805.1_WP_019442730.1	57.995	419	421	99	419	170	3	2	415	1	418	0.0	657
lcl|NC_017455.1_prot_WP_014554119.1_1	GCF_004103615.1_WP_046130289.1	64.029	419	427	99	417	148	1	3	419	5	419	0.0	657
lcl|NC_017455.1_prot_WP_014554119.1_1	GCF_002688605.1_WP_014457752.1	64.563	419	424	98	412	144	1	2	413	3	412	0.0	657
lcl|NC_017455.1_prot_WP_014554119.1_1	GCF_001267925.1_WP_053196117.1	55.609	419	422	99	419	180	3	2	415	1	418	0.0	657
lcl|NC_017455.1_prot_WP_014554119.1_1	GCF_000959365.1_WP_010103198.1	55.847	419	420	99	419	179	3	2	415	1	418	0.0	657
lcl|NC_017455.1_prot_WP_014554119.1_1	GCF_000612965.1_WP_034448516.1	55.742	419	421	99	418	179	3	2	414	4	420	0.0	657
lcl|NC_017455.1_prot_WP_014554119.1_1	GCF_000196435.1_WP_012232634.1	55.742	419	421	99	418	179	3	2	414	4	420	0.0	657
lcl|NC_017455.1_prot_WP_014554119.1_1	GCF_000192865.1_WP_013662578.1	56.699	419	421	99	418	175	3	2	414	1	417	0.0	657
lcl|NC_017455.1_prot_WP_014554119.1_1	GCF_000022725.1_WP_015857121.1	55.502	419	421	99	418	180	3	2	414	4	420	0.0	657
lcl|NC_017455.1_prot_WP_014554119.1_1	GCF_000010985.1_WP_013006856.1	61.538	419	413	99	416	155	3	2	415	1	413	0.0	657
lcl|NC_017455.1_prot_WP_014554119.1_1	GCF_900186835.1_WP_005765155.1	57.143	419	420	99	420	173	4	2	415	1	419	0.0	656
lcl|NC_017455.1_prot_WP_014554119.1_1	GCF_019797925.1_WP_010378171.1	57.995	419	419	99	419	170	3	2	415	1	418	0.0	656
lcl|NC_017455.1_prot_WP_014554119.1_1	GCF_018326425.1_WP_212775236.1	66.262	419	420	98	412	136	2	2	413	1	409	0.0	656
lcl|NC_017455.1_prot_WP_014554119.1_1	GCF_017753665.1_WP_003741568.1	54.785	419	419	99	418	183	3	2	414	1	417	0.0	656
lcl|NC_017455.1_prot_WP_014554119.1_1	GCF_016028775.1_WP_066886249.1	57.041	419	418	99	419	174	3	2	415	1	418	0.0	656
lcl|NC_017455.1_prot_WP_014554119.1_1	GCF_013200955.2_WP_173210246.1	56.563	419	419	99	419	176	3	2	415	1	418	0.0	656
lcl|NC_017455.1_prot_WP_014554119.1_1	GCF_009650135.1_WP_153712566.1	56.190	419	420	99	420	178	3	2	416	1	419	0.0	656
lcl|NC_017455.1_prot_WP_014554119.1_1	GCF_008365315.1_WP_149278181.1	54.167	419	432	99	432	178	3	2	414	1	431	0.0	656
lcl|NC_017455.1_prot_WP_014554119.1_1	GCF_002355855.1_WP_066517188.1	53.461	419	418	99	419	189	3	2	415	1	418	0.0	656
lcl|NC_017455.1_prot_WP_014554119.1_1	GCF_002025725.1_WP_079216621.1	55.370	419	420	99	419	181	3	2	415	1	418	0.0	656
lcl|NC_017455.1_prot_WP_014554119.1_1	GCF_002005485.1_WP_062032614.1	54.965	419	433	99	433	174	3	2	414	1	432	0.0	656
lcl|NC_017455.1_prot_WP_014554119.1_1	GCF_001543305.1_WP_015273795.1	54.545	419	424	99	418	184	3	2	414	4	420	0.0	656
lcl|NC_017455.1_prot_WP_014554119.1_1	GCF_001522635.2_WP_066493751.1	55.847	419	420	99	419	179	3	2	415	1	418	0.0	656
lcl|NC_017455.1_prot_WP_014554119.1_1	GCF_000512205.2_WP_025294790.1	54.415	419	418	99	419	185	3	2	415	1	418	0.0	656
lcl|NC_017455.1_prot_WP_014554119.1_1	GCF_000284155.1_WP_014412702.1	55.294	419	458	99	425	182	3	1	418	30	453	0.0	656
lcl|NC_017455.1_prot_WP_014554119.1_1	GCF_000019185.1_WP_012278951.1	58.234	419	421	99	419	169	3	2	415	1	418	0.0	656
lcl|NC_017455.1_prot_WP_014554119.1_1	GCF_900638385.1_WP_126598357.1	56.563	419	419	99	419	176	3	2	415	1	418	0.0	656
lcl|NC_017455.1_prot_WP_014554119.1_1	GCF_900638345.1_WP_126304080.1	55.981	419	419	99	418	178	3	2	414	1	417	0.0	656
lcl|NC_017455.1_prot_WP_014554119.1_1	GCF_900636765.1_WP_085415892.1	55.502	419	419	99	418	180	3	2	414	1	417	0.0	656
lcl|NC_017455.1_prot_WP_014554119.1_1	GCF_023920085.1_WP_004856222.1	56.220	419	421	99	418	177	3	2	414	4	420	0.0	656
lcl|NC_017455.1_prot_WP_014554119.1_1	GCF_022870945.1_WP_019958840.1	55.819	419	420	99	421	178	3	2	415	1	420	0.0	656
lcl|NC_017455.1_prot_WP_014554119.1_1	GCF_018982885.2_WP_216710280.1	52.632	419	418	99	418	192	3	2	414	1	417	0.0	656
lcl|NC_017455.1_prot_WP_014554119.1_1	GCF_017498545.1_WP_237382871.1	60.817	419	417	99	416	160	2	2	415	1	415	0.0	656
lcl|NC_017455.1_prot_WP_014554119.1_1	GCF_014054985.1_WP_003795875.1	56.699	419	475	99	418	175	3	2	414	1	417	0.0	656
lcl|NC_017455.1_prot_WP_014554119.1_1	GCF_009883795.1_WP_159748372.1	57.416	419	418	99	418	172	3	2	414	1	417	0.0	656
lcl|NC_017455.1_prot_WP_014554119.1_1	GCF_007833215.1_WP_145848355.1	54.306	419	418	99	418	185	3	2	414	1	417	0.0	656
lcl|NC_017455.1_prot_WP_014554119.1_1	GCF_006542355.1_WP_141460332.1	54.651	419	430	99	430	177	3	2	414	1	429	0.0	656
lcl|NC_017455.1_prot_WP_014554119.1_1	GCF_002220285.1_WP_001053903.1	63.835	419	423	98	412	147	1	2	413	3	412	0.0	656
lcl|NC_017455.1_prot_WP_014554119.1_1	GCF_002117405.1_WP_085773633.1	56.086	419	422	99	419	177	4	2	414	4	421	0.0	656
lcl|NC_017455.1_prot_WP_014554119.1_1	GCF_001547995.1_WP_023978877.1	53.828	419	431	99	431	180	3	2	414	1	430	0.0	656
lcl|NC_017455.1_prot_WP_014554119.1_1	GCF_001534665.1_WP_066284046.1	56.563	419	419	99	419	176	3	2	415	1	418	0.0	656
lcl|NC_017455.1_prot_WP_014554119.1_1	GCF_000935025.1_WP_044334591.1	54.177	419	418	99	419	186	3	2	415	1	418	0.0	656
lcl|NC_017455.1_prot_WP_014554119.1_1	GCF_000828635.1_WP_041097986.1	55.847	419	419	99	419	179	3	2	415	1	418	0.0	656
lcl|NC_017455.1_prot_WP_014554119.1_1	GCF_000521695.1_WP_025217759.1	56.190	419	420	99	420	177	4	2	415	1	419	0.0	656
lcl|NC_017455.1_prot_WP_014554119.1_1	GCF_000284075.1_WP_014408674.1	55.294	419	457	99	425	182	3	1	418	29	452	0.0	656
lcl|NC_017455.1_prot_WP_014554119.1_1	GCF_000015485.1_WP_049758073.1	57.314	419	416	99	417	174	3	2	415	1	416	0.0	656
lcl|NC_017455.1_prot_WP_014554119.1_1	GCF_000013985.1_WP_011543114.1	52.983	419	418	99	419	191	3	2	415	1	418	0.0	656
lcl|NC_017455.1_prot_WP_014554119.1_1	GCF_000013765.1_WP_011494905.1	57.279	419	421	99	419	173	3	2	415	1	418	0.0	656
lcl|NC_017455.1_prot_WP_014554119.1_1	GCF_900637105.1_WP_076555853.1	57.041	419	422	99	419	174	3	2	415	1	418	0.0	656
lcl|NC_017455.1_prot_WP_014554119.1_1	GCF_026230175.1_WP_265828262.1	56.595	419	489	99	417	177	3	2	415	74	489	0.0	656
lcl|NC_017455.1_prot_WP_014554119.1_1	GCF_013377195.1_WP_132024126.1	56.905	419	420	99	420	174	4	2	415	1	419	0.0	656
lcl|NC_017455.1_prot_WP_014554119.1_1	GCF_012516475.1_WP_168819852.1	53.461	419	418	99	419	189	3	2	415	1	418	0.0	656
lcl|NC_017455.1_prot_WP_014554119.1_1	GCF_009936175.1_WP_011179970.1	55.981	419	421	99	418	178	3	2	414	4	420	0.0	656
lcl|NC_017455.1_prot_WP_014554119.1_1	GCF_009828705.1_WP_159630976.1	56.905	419	420	99	420	174	4	2	415	1	419	0.0	656
lcl|NC_017455.1_prot_WP_014554119.1_1	GCF_008807735.1_WP_001053898.1	64.320	419	423	98	412	145	1	2	413	3	412	0.0	656
lcl|NC_017455.1_prot_WP_014554119.1_1	GCF_005221285.1_WP_003680905.1	55.024	419	419	99	418	182	3	2	414	1	417	0.0	656
lcl|NC_017455.1_prot_WP_014554119.1_1	GCF_004358345.1_WP_121854646.1	58.473	419	421	99	419	168	3	2	415	1	418	0.0	656
lcl|NC_017455.1_prot_WP_014554119.1_1	GCF_002355735.1_WP_096361709.1	59.189	419	418	99	419	165	3	2	415	1	418	0.0	656
lcl|NC_017455.1_prot_WP_014554119.1_1	GCF_002285575.1_WP_006253583.1	56.429	419	420	99	420	176	4	2	415	1	419	0.0	656
lcl|NC_017455.1_prot_WP_014554119.1_1	GCF_002220195.1_WP_035351198.1	54.398	419	432	99	432	177	3	2	414	1	431	0.0	656
lcl|NC_017455.1_prot_WP_014554119.1_1	GCF_002157855.1_WP_088019756.1	63.789	419	423	99	417	149	1	2	418	3	417	0.0	656
lcl|NC_017455.1_prot_WP_014554119.1_1	GCF_001956985.1_WP_237170896.1	57.416	419	418	99	418	172	3	2	414	1	417	0.0	656
lcl|NC_017455.1_prot_WP_014554119.1_1	GCF_001651805.1_WP_067386487.1	57.041	419	419	99	419	174	3	2	415	1	418	0.0	656
lcl|NC_017455.1_prot_WP_014554119.1_1	GCF_001444405.1_WP_058028397.1	57.757	419	419	99	419	171	3	2	415	1	418	0.0	656
lcl|NC_017455.1_prot_WP_014554119.1_1	GCF_000803645.1_WP_039578193.1	52.983	419	418	99	419	191	3	2	415	1	418	0.0	656
lcl|NC_017455.1_prot_WP_014554119.1_1	GCF_000733715.2_WP_004373327.1	56.802	419	419	99	419	175	3	2	415	1	418	0.0	656
lcl|NC_017455.1_prot_WP_014554119.1_1	GCF_000503895.1_WP_023785809.1	54.067	419	421	99	418	186	3	2	414	4	420	0.0	656
lcl|NC_017455.1_prot_WP_014554119.1_1	GCF_000019525.1_WP_012323157.1	57.995	419	421	99	419	170	3	2	415	1	418	0.0	656
lcl|NC_017455.1_prot_WP_014554119.1_1	GCF_000012305.1_WP_020444407.1	57.041	419	422	99	419	174	3	2	415	1	418	0.0	656
lcl|NC_017455.1_prot_WP_014554119.1_1	GCF_000010665.1_WP_015861600.1	58.173	419	415	99	416	171	2	2	415	1	415	0.0	656
lcl|NC_017455.1_prot_WP_014554119.1_1	GCF_021391395.1_WP_233784644.1	53.699	419	418	99	419	188	3	2	415	1	418	0.0	655
lcl|NC_017455.1_prot_WP_014554119.1_1	GCF_021117385.1_WP_231350411.1	55.582	419	594	99	421	180	4	1	415	175	594	0.0	655
lcl|NC_017455.1_prot_WP_014554119.1_1	GCF_020217465.1_WP_043332997.1	56.325	419	419	99	419	177	3	2	415	1	418	0.0	655
lcl|NC_017455.1_prot_WP_014554119.1_1	GCF_019856495.1_WP_222822883.1	64.634	419	422	98	410	142	2	2	411	5	411	0.0	655
lcl|NC_017455.1_prot_WP_014554119.1_1	GCF_017498565.1_WP_207986572.1	52.506	419	418	99	419	193	3	2	415	1	418	0.0	655
lcl|NC_017455.1_prot_WP_014554119.1_1	GCF_011398155.1_WP_173292186.1	56.057	419	420	99	421	177	5	2	415	1	420	0.0	655
lcl|NC_017455.1_prot_WP_014554119.1_1	GCF_005221305.1_WP_137040073.1	55.024	419	419	99	418	182	3	2	414	1	417	0.0	655
lcl|NC_017455.1_prot_WP_014554119.1_1	GCF_004358445.1_WP_133405350.1	58.234	419	421	99	419	169	3	2	415	1	418	0.0	655
lcl|NC_017455.1_prot_WP_014554119.1_1	GCF_004008295.1_WP_003810577.1	52.506	419	418	99	419	193	3	2	415	1	418	0.0	655
lcl|NC_017455.1_prot_WP_014554119.1_1	GCF_001888185.1_WP_072506078.1	54.067	419	423	99	418	186	3	2	414	6	422	0.0	655
lcl|NC_017455.1_prot_WP_014554119.1_1	GCF_001698185.1_WP_029578874.1	52.745	419	418	99	419	192	3	2	415	1	418	0.0	655
lcl|NC_017455.1_prot_WP_014554119.1_1	GCF_001586155.1_WP_009615070.1	56.563	419	420	99	419	176	3	2	415	1	418	0.0	655
lcl|NC_017455.1_prot_WP_014554119.1_1	GCF_001050115.1_WP_003353365.1	65.291	419	428	98	412	141	1	2	413	4	413	0.0	655
lcl|NC_017455.1_prot_WP_014554119.1_1	GCF_000242255.2_WP_014402247.1	55.344	419	583	99	421	181	4	1	415	164	583	0.0	655
lcl|NC_017455.1_prot_WP_014554119.1_1	GCF_000186345.1_WP_244420446.1	56.386	419	418	98	415	175	3	2	411	1	414	0.0	655
lcl|NC_017455.1_prot_WP_014554119.1_1	GCF_000175215.2_WP_013477678.1	54.545	419	455	99	418	184	3	2	414	38	454	0.0	655
lcl|NC_017455.1_prot_WP_014554119.1_1	GCF_000067205.1_WP_012248888.1	52.983	419	418	99	419	191	3	2	415	1	418	0.0	655
lcl|NC_017455.1_prot_WP_014554119.1_1	GCF_000025725.1_WP_013011567.1	61.298	419	413	99	416	156	3	2	415	1	413	0.0	655
lcl|NC_017455.1_prot_WP_014554119.1_1	GCF_900638635.1_WP_126602128.1	56.220	419	421	99	418	177	3	2	414	4	420	0.0	655
lcl|NC_017455.1_prot_WP_014554119.1_1	GCF_900477945.1_WP_005629550.1	56.429	419	420	99	420	176	4	2	415	1	419	0.0	655
lcl|NC_017455.1_prot_WP_014554119.1_1	GCF_021654575.1_WP_236890585.1	60.482	419	415	99	415	161	2	2	414	1	414	0.0	655
lcl|NC_017455.1_prot_WP_014554119.1_1	GCF_020906275.1_WP_229954897.1	53.461	419	418	99	419	189	3	2	415	1	418	0.0	655
lcl|NC_017455.1_prot_WP_014554119.1_1	GCF_020866845.1_WP_228948358.1	54.177	419	418	99	419	186	3	2	415	1	418	0.0	655
lcl|NC_017455.1_prot_WP_014554119.1_1	GCF_020510565.1_WP_226498145.1	54.893	419	419	99	419	183	3	2	415	1	418	0.0	655
lcl|NC_017455.1_prot_WP_014554119.1_1	GCF_020447305.1_WP_274129660.1	53.589	419	427	99	418	188	3	2	414	10	426	0.0	655
lcl|NC_017455.1_prot_WP_014554119.1_1	GCF_019603355.1_WP_057900203.1	62.864	419	426	98	412	150	2	2	413	3	411	0.0	655
lcl|NC_017455.1_prot_WP_014554119.1_1	GCF_018141025.1_WP_002123767.1	64.320	419	423	98	412	145	1	2	413	3	412	0.0	655
lcl|NC_017455.1_prot_WP_014554119.1_1	GCF_017915135.1_WP_037052884.1	57.041	419	419	99	419	174	3	2	415	1	418	0.0	655
lcl|NC_017455.1_prot_WP_014554119.1_1	GCF_014701235.1_WP_203473720.1	58.993	419	416	99	417	167	3	2	415	1	416	0.0	655
lcl|NC_017455.1_prot_WP_014554119.1_1	GCF_009739945.1_WP_001053902.1	63.835	419	423	98	412	147	1	2	413	3	412	0.0	655
lcl|NC_017455.1_prot_WP_014554119.1_1	GCF_006385135.1_WP_099474199.1	55.742	419	418	99	418	179	3	2	414	1	417	0.0	655
lcl|NC_017455.1_prot_WP_014554119.1_1	GCF_003595305.1_WP_011001137.1	55.370	419	420	99	419	181	3	2	415	1	418	0.0	655
lcl|NC_017455.1_prot_WP_014554119.1_1	GCF_000931575.1_WP_005648966.1	56.429	419	420	99	420	176	4	2	415	1	419	0.0	655
lcl|NC_017455.1_prot_WP_014554119.1_1	GCF_000007025.1_WP_004998383.1	55.059	419	458	99	425	183	3	1	418	30	453	0.0	655
lcl|NC_017455.1_prot_WP_014554119.1_1	GCF_900638685.1_WP_004284800.1	56.459	419	422	99	418	176	3	2	414	1	417	0.0	654
lcl|NC_017455.1_prot_WP_014554119.1_1	GCF_021173085.1_WP_004626250.1	55.370	419	420	99	419	181	3	2	415	1	418	0.0	654
lcl|NC_017455.1_prot_WP_014554119.1_1	GCF_008330805.1_WP_002229155.1	55.502	419	419	99	418	180	3	2	414	1	417	0.0	654
lcl|NC_017455.1_prot_WP_014554119.1_1	GCF_007859635.1_WP_146573804.1	54.654	419	418	99	419	184	3	2	415	1	418	0.0	654
lcl|NC_017455.1_prot_WP_014554119.1_1	GCF_007567505.1_WP_144211394.1	57.995	419	421	99	419	170	3	2	415	1	418	0.0	654
lcl|NC_017455.1_prot_WP_014554119.1_1	GCF_006874605.1_WP_142410076.1	55.181	419	415	99	415	183	2	2	414	1	414	0.0	654
lcl|NC_017455.1_prot_WP_014554119.1_1	GCF_004001325.1_WP_127471509.1	56.563	419	418	99	419	176	3	2	415	1	418	0.0	654
lcl|NC_017455.1_prot_WP_014554119.1_1	GCF_003940805.1_WP_125325486.1	55.263	419	423	99	418	181	3	2	414	6	422	0.0	654
lcl|NC_017455.1_prot_WP_014554119.1_1	GCF_003660165.1_WP_121153235.1	54.545	419	418	99	418	184	3	2	414	1	417	0.0	654
lcl|NC_017455.1_prot_WP_014554119.1_1	GCF_003431825.1_WP_054135170.1	54.177	419	418	99	419	186	3	2	415	1	418	0.0	654
lcl|NC_017455.1_prot_WP_014554119.1_1	GCF_003351565.1_WP_003710445.1	55.502	419	419	99	418	180	3	2	414	1	417	0.0	654
lcl|NC_017455.1_prot_WP_014554119.1_1	GCF_003286395.1_WP_129562116.1	55.370	419	420	99	419	181	3	2	415	1	418	0.0	654
lcl|NC_017455.1_prot_WP_014554119.1_1	GCF_002902965.1_WP_007586495.1	55.609	419	421	99	419	180	3	2	415	1	418	0.0	654
lcl|NC_017455.1_prot_WP_014554119.1_1	GCF_002080125.1_WP_003657353.1	57.041	419	422	99	419	174	3	2	415	1	418	0.0	654
lcl|NC_017455.1_prot_WP_014554119.1_1	GCF_002075795.1_WP_080916957.1	57.995	419	421	99	419	170	3	2	415	1	418	0.0	654
lcl|NC_017455.1_prot_WP_014554119.1_1	GCF_001263175.1_WP_082342966.1	56.355	419	570	99	417	179	2	1	415	155	570	0.0	654
lcl|NC_017455.1_prot_WP_014554119.1_1	GCF_000341355.1_WP_015398661.1	55.742	419	421	99	418	179	3	2	414	4	420	0.0	654
lcl|NC_017455.1_prot_WP_014554119.1_1	GCF_000226625.1_WP_014111334.1	54.893	419	418	99	419	183	3	2	415	1	418	0.0	654
lcl|NC_017455.1_prot_WP_014554119.1_1	GCF_000226315.1_WP_014101577.1	55.131	419	418	99	419	182	4	2	415	1	418	0.0	654
lcl|NC_017455.1_prot_WP_014554119.1_1	GCF_000018285.1_WP_012153666.1	58.234	419	421	99	419	169	3	2	415	1	418	0.0	654
lcl|NC_017455.1_prot_WP_014554119.1_1	GCF_000008445.1_WP_001053895.1	64.078	419	423	98	412	146	1	2	413	3	412	0.0	654
lcl|NC_017455.1_prot_WP_014554119.1_1	GCF_900343015.1_WP_121463356.1	56.802	419	419	99	419	175	3	2	415	1	418	0.0	654
lcl|NC_017455.1_prot_WP_014554119.1_1	GCF_026000375.1_WP_264984164.1	57.692	419	415	99	416	173	2	2	415	1	415	0.0	654
lcl|NC_017455.1_prot_WP_014554119.1_1	GCF_023822065.1_WP_252168038.1	53.699	419	418	99	419	188	3	2	415	1	418	0.0	654
lcl|NC_017455.1_prot_WP_014554119.1_1	GCF_022459015.1_WP_272915304.1	54.630	419	432	99	432	176	3	2	414	1	431	0.0	654
lcl|NC_017455.1_prot_WP_014554119.1_1	GCF_019428685.1_WP_219799909.1	55.609	419	421	99	419	180	3	2	415	1	418	0.0	654
lcl|NC_017455.1_prot_WP_014554119.1_1	GCF_016743815.1_WP_202093376.1	53.461	419	418	99	419	189	3	2	415	1	418	0.0	654
lcl|NC_017455.1_prot_WP_014554119.1_1	GCF_013030075.1_WP_003687508.1	55.502	419	419	99	418	180	3	2	414	1	417	0.0	654
lcl|NC_017455.1_prot_WP_014554119.1_1	GCF_003609995.1_WP_120177679.1	55.370	419	418	99	419	181	3	2	415	1	418	0.0	654
lcl|NC_017455.1_prot_WP_014554119.1_1	GCF_002776555.1_WP_100114892.1	56.057	419	420	99	421	179	3	2	417	1	420	0.0	654
lcl|NC_017455.1_prot_WP_014554119.1_1	GCF_002288285.1_WP_017183196.1	53.461	419	418	99	419	189	3	2	415	1	418	0.0	654
lcl|NC_017455.1_prot_WP_014554119.1_1	GCF_002074095.1_WP_003186053.1	63.789	419	427	99	417	149	1	3	419	5	419	0.0	654
lcl|NC_017455.1_prot_WP_014554119.1_1	GCF_001922305.1_WP_268810516.1	56.490	419	419	98	416	175	3	4	414	1	415	0.0	654
lcl|NC_017455.1_prot_WP_014554119.1_1	GCF_001017435.1_WP_047194686.1	53.938	419	420	99	419	187	3	2	415	1	418	0.0	654
lcl|NC_017455.1_prot_WP_014554119.1_1	GCF_000934545.1_WP_202636399.1	55.131	419	419	99	419	182	3	2	415	1	418	0.0	654
lcl|NC_017455.1_prot_WP_014554119.1_1	GCF_000522545.2_WP_036005054.1	55.609	419	421	99	419	180	3	2	415	1	418	0.0	654
lcl|NC_017455.1_prot_WP_014554119.1_1	GCF_000020045.1_WP_012400357.1	55.609	419	420	99	419	180	3	2	415	1	418	0.0	654
lcl|NC_017455.1_prot_WP_014554119.1_1	GCF_000013645.1_WP_006048863.1	55.847	419	422	99	419	179	3	2	415	1	418	0.0	654
lcl|NC_017455.1_prot_WP_014554119.1_1	GCF_000013325.1_WP_011443783.1	55.609	419	418	99	419	180	3	2	415	1	418	0.0	654
lcl|NC_017455.1_prot_WP_014554119.1_1	GCF_018739485.1_WP_002016308.1	64.078	419	423	98	412	146	1	2	413	3	412	0.0	654
lcl|NC_017455.1_prot_WP_014554119.1_1	GCF_009762795.1_WP_242012446.1	59.360	419	405	96	406	162	2	12	415	1	405	0.0	654
lcl|NC_017455.1_prot_WP_014554119.1_1	GCF_009720625.1_WP_136357188.1	64.234	419	423	98	411	145	1	3	413	5	413	0.0	654
lcl|NC_017455.1_prot_WP_014554119.1_1	GCF_008807855.1_WP_042886485.1	55.131	419	420	99	419	182	3	2	415	1	418	0.0	654
lcl|NC_017455.1_prot_WP_014554119.1_1	GCF_002706795.1_WP_018669717.1	65.854	419	430	98	410	137	2	2	411	1	407	0.0	654
lcl|NC_017455.1_prot_WP_014554119.1_1	GCF_002028405.1_WP_079419495.1	55.609	419	420	99	419	180	3	2	415	1	418	0.0	654
lcl|NC_017455.1_prot_WP_014554119.1_1	GCF_001854325.1_WP_071014025.1	55.131	419	420	99	419	182	3	2	415	1	418	0.0	654
lcl|NC_017455.1_prot_WP_014554119.1_1	GCF_001663855.1_WP_021194164.1	55.370	419	420	99	419	181	3	2	415	1	418	0.0	654
lcl|NC_017455.1_prot_WP_014554119.1_1	GCF_001553955.1_WP_007117155.1	55.609	419	422	99	419	180	3	2	415	1	418	0.0	654
lcl|NC_017455.1_prot_WP_014554119.1_1	GCF_001444425.1_WP_058020619.1	58.473	419	419	99	419	168	3	2	415	1	418	0.0	654
lcl|NC_017455.1_prot_WP_014554119.1_1	GCF_000499665.2_WP_023508207.1	55.294	419	454	99	425	182	3	1	418	26	449	0.0	654
lcl|NC_017455.1_prot_WP_014554119.1_1	GCF_000498655.1_WP_011241711.1	53.828	419	418	99	418	187	3	2	414	1	417	0.0	654
lcl|NC_017455.1_prot_WP_014554119.1_1	GCF_000260985.4_WP_014707466.1	55.847	419	419	99	419	179	3	2	415	1	418	0.0	654
lcl|NC_017455.1_prot_WP_014554119.1_1	GCF_000210915.2_WP_014243319.1	55.904	419	415	99	415	180	2	2	414	1	414	0.0	654
lcl|NC_017455.1_prot_WP_014554119.1_1	GCF_900475885.1_WP_006996188.1	56.667	419	420	99	420	175	4	2	415	1	419	0.0	653
lcl|NC_017455.1_prot_WP_014554119.1_1	GCF_028869115.1_WP_249036354.1	54.545	419	418	99	418	184	3	2	414	1	417	0.0	653
lcl|NC_017455.1_prot_WP_014554119.1_1	GCF_019933155.2_WP_223438660.1	64.059	419	427	98	409	145	1	3	411	5	411	0.0	653
lcl|NC_017455.1_prot_WP_014554119.1_1	GCF_019602855.1_WP_011298277.1	54.654	419	420	99	419	184	3	2	415	1	418	0.0	653
lcl|NC_017455.1_prot_WP_014554119.1_1	GCF_018243215.1_WP_013212853.1	55.370	419	420	99	419	181	3	2	415	1	418	0.0	653
lcl|NC_017455.1_prot_WP_014554119.1_1	GCF_014764365.1_WP_191083023.1	54.695	419	426	99	426	179	3	2	414	1	425	0.0	653
lcl|NC_017455.1_prot_WP_014554119.1_1	GCF_013347325.1_WP_006578219.1	54.893	419	420	99	419	183	3	2	415	1	418	0.0	653
lcl|NC_017455.1_prot_WP_014554119.1_1	GCF_012225885.1_WP_024713823.1	63.549	419	427	99	417	150	1	3	419	5	419	0.0	653
lcl|NC_017455.1_prot_WP_014554119.1_1	GCF_010450875.1_WP_163957295.1	53.938	419	418	99	419	187	3	2	415	1	418	0.0	653
lcl|NC_017455.1_prot_WP_014554119.1_1	GCF_009911755.1_WP_043248467.1	55.847	419	420	99	419	179	3	2	415	1	418	0.0	653
lcl|NC_017455.1_prot_WP_014554119.1_1	GCF_004295345.1_WP_130600807.1	57.518	419	421	99	419	172	3	2	415	1	418	0.0	653
lcl|NC_017455.1_prot_WP_014554119.1_1	GCF_003970735.1_WP_109759205.1	54.067	419	422	99	418	186	3	2	414	5	421	0.0	653
lcl|NC_017455.1_prot_WP_014554119.1_1	GCF_002356555.2_WP_096409831.1	56.905	419	419	99	420	174	4	2	415	1	419	0.0	653
lcl|NC_017455.1_prot_WP_014554119.1_1	GCF_001887595.1_WP_071924884.1	54.632	419	636	99	421	184	4	1	415	217	636	0.0	653
lcl|NC_017455.1_prot_WP_014554119.1_1	GCF_001865575.2_WP_027197577.1	55.609	419	422	99	419	180	3	2	415	1	418	0.0	653
lcl|NC_017455.1_prot_WP_014554119.1_1	GCF_000218625.1_WP_013887059.1	60.817	419	413	99	416	158	3	2	415	1	413	0.0	653
lcl|NC_017455.1_prot_WP_014554119.1_1	GCF_000092885.1_WP_008921615.1	55.609	419	422	99	419	180	3	2	415	1	418	0.0	653
lcl|NC_017455.1_prot_WP_014554119.1_1	GCF_000021865.1_WP_013065812.1	55.263	419	422	99	418	181	3	2	414	5	421	0.0	653
lcl|NC_017455.1_prot_WP_014554119.1_1	GCF_000020365.1_WP_015903599.1	60.723	419	415	99	415	160	2	2	414	1	414	0.0	653
lcl|NC_017455.1_prot_WP_014554119.1_1	GCF_000019845.1_WP_012386472.1	56.086	419	422	99	419	177	4	2	414	4	421	0.0	653
lcl|NC_017455.1_prot_WP_014554119.1_1	GCF_000018025.1_WP_012144445.1	57.518	419	421	99	419	172	3	2	415	1	418	0.0	653
lcl|NC_017455.1_prot_WP_014554119.1_1	GCF_000014885.1_WP_020910646.1	57.995	419	421	99	419	170	3	2	415	1	418	0.0	653
lcl|NC_017455.1_prot_WP_014554119.1_1	GCF_028868935.1_WP_013522379.1	54.177	419	418	99	419	186	3	2	415	1	418	0.0	653
lcl|NC_017455.1_prot_WP_014554119.1_1	GCF_011066545.1_WP_197705414.1	62.410	419	418	99	415	153	2	2	414	1	414	0.0	653
lcl|NC_017455.1_prot_WP_014554119.1_1	GCF_007989425.1_WP_147142129.1	54.824	419	458	99	425	184	3	1	418	30	453	0.0	653
lcl|NC_017455.1_prot_WP_014554119.1_1	GCF_003967075.1_WP_066700732.1	53.699	419	418	99	419	188	3	2	415	1	418	0.0	653
lcl|NC_017455.1_prot_WP_014554119.1_1	GCF_003667885.1_WP_010328939.1	63.789	419	427	99	417	149	1	3	419	5	419	0.0	653
lcl|NC_017455.1_prot_WP_014554119.1_1	GCF_003100395.1_WP_109036616.1	53.571	419	421	99	420	188	3	2	415	1	419	0.0	653
lcl|NC_017455.1_prot_WP_014554119.1_1	GCF_001975705.1_WP_076699096.1	54.545	419	423	99	418	184	3	2	414	6	422	0.0	653
lcl|NC_017455.1_prot_WP_014554119.1_1	GCF_001465795.2_WP_058382950.1	64.010	419	427	99	414	147	1	2	415	4	415	0.0	653
lcl|NC_017455.1_prot_WP_014554119.1_1	GCF_000828615.1_WP_041064587.1	57.857	419	420	99	420	170	4	2	415	1	419	0.0	653
lcl|NC_017455.1_prot_WP_014554119.1_1	GCF_000764535.1_WP_038664639.1	53.938	419	418	99	419	187	3	2	415	1	418	0.0	653
lcl|NC_017455.1_prot_WP_014554119.1_1	GCF_000189295.2_WP_041916210.1	58.173	419	415	99	416	171	2	2	415	1	415	0.0	653
lcl|NC_017455.1_prot_WP_014554119.1_1	GCF_000012665.1_WP_027181135.1	57.314	419	416	99	417	174	3	2	415	1	416	0.0	653
lcl|NC_017455.1_prot_WP_014554119.1_1	GCF_025139665.1_WP_259957790.1	54.067	419	423	99	418	186	3	2	414	6	422	0.0	653
lcl|NC_017455.1_prot_WP_014554119.1_1	GCF_021491915.1_WP_234854424.1	55.742	419	423	99	418	179	3	2	414	6	422	0.0	653
lcl|NC_017455.1_prot_WP_014554119.1_1	GCF_007995155.1_WP_057772805.1	64.634	419	422	98	410	143	1	2	411	3	410	0.0	653
lcl|NC_017455.1_prot_WP_014554119.1_1	GCF_007004545.3_WP_142871814.1	57.518	419	421	99	419	172	3	2	415	1	418	0.0	653
lcl|NC_017455.1_prot_WP_014554119.1_1	GCF_004102945.1_WP_128700934.1	60.049	419	408	97	408	160	2	10	415	1	407	0.0	653
lcl|NC_017455.1_prot_WP_014554119.1_1	GCF_003967035.1_WP_126539785.1	55.344	419	591	99	421	181	4	1	415	172	591	0.0	653
lcl|NC_017455.1_prot_WP_014554119.1_1	GCF_002951935.1_WP_036655785.1	64.634	419	428	98	410	142	2	2	411	3	409	0.0	653
lcl|NC_017455.1_prot_WP_014554119.1_1	GCF_002216145.1_WP_089035324.1	55.263	419	420	99	418	181	3	2	414	1	417	0.0	653
lcl|NC_017455.1_prot_WP_014554119.1_1	GCF_001606025.1_WP_025651526.1	56.802	419	422	99	419	175	3	2	415	1	418	0.0	653
lcl|NC_017455.1_prot_WP_014554119.1_1	GCF_001483865.1_WP_058934867.1	53.461	419	420	99	419	189	3	2	415	1	418	0.0	653
lcl|NC_017455.1_prot_WP_014554119.1_1	GCF_000093065.1_WP_013087676.1	57.041	419	419	99	419	174	3	2	415	1	418	0.0	653
lcl|NC_017455.1_prot_WP_014554119.1_1	GCF_000070465.1_WP_012418041.1	52.983	419	418	99	419	191	3	2	415	1	418	0.0	653
lcl|NC_017455.1_prot_WP_014554119.1_1	GCF_000024205.1_WP_083773329.1	65.558	419	438	99	421	141	2	2	419	3	422	0.0	653
lcl|NC_017455.1_prot_WP_014554119.1_1	GCF_000009045.1_NP_391589.2	63.789	419	427	99	417	149	1	3	419	5	419	0.0	653
lcl|NC_017455.1_prot_WP_014554119.1_1	GCF_904848165.1_WP_201498527.1	56.325	419	422	99	419	177	3	2	415	1	418	0.0	652
lcl|NC_017455.1_prot_WP_014554119.1_1	GCF_900475315.1_WP_111726429.1	55.502	419	419	99	418	180	3	2	414	1	417	0.0	652
lcl|NC_017455.1_prot_WP_014554119.1_1	GCF_900465055.1_WP_112716184.1	58.473	419	421	99	419	168	3	2	415	1	418	0.0	652
lcl|NC_017455.1_prot_WP_014554119.1_1	GCF_014297575.1_WP_187058293.1	55.107	419	584	99	421	182	4	1	415	165	584	0.0	652
lcl|NC_017455.1_prot_WP_014554119.1_1	GCF_012971725.1_WP_015475046.1	56.086	419	420	99	419	178	3	2	415	1	418	0.0	652
lcl|NC_017455.1_prot_WP_014554119.1_1	GCF_008824185.1_WP_024842822.1	55.024	419	423	99	418	182	3	2	414	6	422	0.0	652
lcl|NC_017455.1_prot_WP_014554119.1_1	GCF_006740765.1_WP_008554331.1	54.067	419	423	99	418	186	3	2	414	6	422	0.0	652
lcl|NC_017455.1_prot_WP_014554119.1_1	GCF_006542335.1_WP_141492434.1	55.220	419	431	99	431	174	3	2	414	1	430	0.0	652
lcl|NC_017455.1_prot_WP_014554119.1_1	GCF_004117095.1_WP_009671576.1	64.563	419	430	98	412	143	2	2	413	3	411	0.0	652
lcl|NC_017455.1_prot_WP_014554119.1_1	GCF_003351545.1_WP_003771621.1	55.502	419	419	99	418	180	3	2	414	1	417	0.0	652
lcl|NC_017455.1_prot_WP_014554119.1_1	GCF_001687605.2_WP_068870068.1	64.493	419	427	99	414	145	1	2	415	4	415	0.0	652
lcl|NC_017455.1_prot_WP_014554119.1_1	GCF_001647695.1_WP_064082038.1	57.381	419	420	99	420	172	4	2	415	1	419	0.0	652
lcl|NC_017455.1_prot_WP_014554119.1_1	GCF_001191605.1_WP_007497667.1	64.548	419	427	98	409	143	1	3	411	5	411	0.0	652
lcl|NC_017455.1_prot_WP_014554119.1_1	GCF_000769555.1_WP_003151107.1	63.309	419	428	99	417	151	1	3	419	5	419	0.0	652
lcl|NC_017455.1_prot_WP_014554119.1_1	GCF_000767465.1_WP_007012610.1	55.609	419	418	99	419	180	3	2	415	1	418	0.0	652
lcl|NC_017455.1_prot_WP_014554119.1_1	GCF_000511355.1_WP_024092144.1	54.067	419	423	99	418	186	3	2	414	6	422	0.0	652
lcl|NC_017455.1_prot_WP_014554119.1_1	GCF_000496595.1_WP_023466160.1	53.938	419	423	99	419	187	3	2	415	4	421	0.0	652
lcl|NC_017455.1_prot_WP_014554119.1_1	GCF_000376545.2_WP_005616140.1	54.545	419	423	99	418	184	3	2	414	6	422	0.0	652
lcl|NC_017455.1_prot_WP_014554119.1_1	GCF_000212675.2_WP_005983131.1	59.375	419	415	99	416	166	2	2	415	1	415	0.0	652
lcl|NC_017455.1_prot_WP_014554119.1_1	GCF_900638445.1_WP_005596104.1	55.476	419	420	99	420	180	4	2	415	1	419	0.0	652
lcl|NC_017455.1_prot_WP_014554119.1_1	GCF_900187105.1_WP_003823056.1	56.220	419	419	99	418	177	3	2	414	1	417	0.0	652
lcl|NC_017455.1_prot_WP_014554119.1_1	GCF_028607105.1_WP_168603237.1	54.415	419	418	99	419	185	3	2	415	1	418	0.0	652
lcl|NC_017455.1_prot_WP_014554119.1_1	GCF_021117405.1_WP_231323064.1	55.107	419	605	99	421	182	4	1	415	186	605	0.0	652
lcl|NC_017455.1_prot_WP_014554119.1_1	GCF_019343455.1_WP_003799272.1	54.415	419	418	99	419	185	3	2	415	1	418	0.0	652
lcl|NC_017455.1_prot_WP_014554119.1_1	GCF_016919705.1_WP_205294051.1	55.263	419	423	99	418	181	3	2	414	6	422	0.0	652
lcl|NC_017455.1_prot_WP_014554119.1_1	GCF_016865235.1_WP_188800440.1	54.869	419	582	99	421	183	4	1	415	163	582	0.0	652
lcl|NC_017455.1_prot_WP_014554119.1_1	GCF_016576965.1_WP_004827884.1	55.609	419	422	99	419	180	3	2	415	1	418	0.0	652
lcl|NC_017455.1_prot_WP_014554119.1_1	GCF_014466985.1_WP_187647915.1	55.663	419	451	99	415	181	2	2	414	35	448	0.0	652
lcl|NC_017455.1_prot_WP_014554119.1_1	GCF_008727795.1_WP_036524738.1	57.757	419	419	99	419	171	3	2	415	1	418	0.0	652
lcl|NC_017455.1_prot_WP_014554119.1_1	GCF_001298525.1_WP_055125334.1	56.802	419	422	99	419	175	3	2	415	1	418	0.0	652
lcl|NC_017455.1_prot_WP_014554119.1_1	GCF_000834395.1_WP_004704159.1	57.518	419	419	99	419	172	3	2	415	1	418	0.0	652
lcl|NC_017455.1_prot_WP_014554119.1_1	GCF_000319385.1_WP_015089209.1	55.847	419	419	99	419	178	3	2	414	1	418	0.0	652
lcl|NC_017455.1_prot_WP_014554119.1_1	GCF_023238245.1_WP_166847223.1	63.789	419	427	99	417	149	1	3	419	5	419	0.0	651
lcl|NC_017455.1_prot_WP_014554119.1_1	GCF_016028735.1_WP_018573819.1	54.177	419	418	99	419	186	3	2	415	1	418	0.0	651
lcl|NC_017455.1_prot_WP_014554119.1_1	GCF_014297595.1_WP_135035084.1	55.502	419	419	99	418	180	3	2	414	1	417	0.0	651
lcl|NC_017455.1_prot_WP_014554119.1_1	GCF_008805035.1_WP_067439618.1	56.220	419	419	99	418	177	3	2	414	1	417	0.0	651
lcl|NC_017455.1_prot_WP_014554119.1_1	GCF_007855645.1_WP_146365363.1	53.589	419	423	99	418	188	3	2	414	6	422	0.0	651
lcl|NC_017455.1_prot_WP_014554119.1_1	GCF_005886755.1_WP_037995753.1	66.019	419	423	98	412	137	2	2	413	3	411	0.0	651
lcl|NC_017455.1_prot_WP_014554119.1_1	GCF_004006435.1_WP_010332253.1	63.789	419	427	99	417	149	1	3	419	5	419	0.0	651
lcl|NC_017455.1_prot_WP_014554119.1_1	GCF_003966915.1_WP_026921881.1	55.609	419	420	99	419	180	3	2	415	1	418	0.0	651
lcl|NC_017455.1_prot_WP_014554119.1_1	GCF_003351745.1_WP_114899648.1	55.847	419	423	99	419	179	3	2	415	1	418	0.0	651
lcl|NC_017455.1_prot_WP_014554119.1_1	GCF_001314325.1_WP_037557490.1	52.745	419	418	99	419	192	3	2	415	1	418	0.0	651
lcl|NC_017455.1_prot_WP_014554119.1_1	GCF_000967305.2_WP_009455931.1	54.177	419	418	99	419	186	3	2	415	1	418	0.0	651
lcl|NC_017455.1_prot_WP_014554119.1_1	GCF_000203895.1_WP_041529676.1	55.024	419	423	99	418	182	3	2	414	6	422	0.0	651
lcl|NC_017455.1_prot_WP_014554119.1_1	GCF_900478165.1_WP_066143950.1	64.593	419	427	99	418	146	1	2	419	4	419	0.0	651
lcl|NC_017455.1_prot_WP_014554119.1_1	GCF_023573145.1_WP_250197064.1	52.983	419	420	99	419	191	3	2	415	1	418	0.0	651
lcl|NC_017455.1_prot_WP_014554119.1_1	GCF_017498685.1_WP_004721644.1	57.518	419	419	99	419	172	3	2	415	1	418	0.0	651
lcl|NC_017455.1_prot_WP_014554119.1_1	GCF_013267435.1_WP_016202506.1	63.902	419	424	98	410	146	1	2	411	3	410	0.0	651
lcl|NC_017455.1_prot_WP_014554119.1_1	GCF_009739515.1_WP_156680589.1	54.177	419	418	99	419	186	3	2	415	1	418	0.0	651
lcl|NC_017455.1_prot_WP_014554119.1_1	GCF_009627355.1_WP_005015972.1	52.506	419	418	99	419	193	3	2	415	1	418	0.0	651
lcl|NC_017455.1_prot_WP_014554119.1_1	GCF_008801925.2_WP_043347534.1	55.370	419	420	99	419	181	3	2	415	1	418	0.0	651
lcl|NC_017455.1_prot_WP_014554119.1_1	GCF_008728195.1_WP_057812075.1	54.545	419	423	99	418	184	3	2	414	6	422	0.0	651
lcl|NC_017455.1_prot_WP_014554119.1_1	GCF_007954425.1_WP_147089728.1	54.654	419	418	99	419	184	3	2	415	1	418	0.0	651
lcl|NC_017455.1_prot_WP_014554119.1_1	GCF_004798725.1_WP_010814266.1	55.131	419	420	99	419	182	3	2	415	1	418	0.0	651
lcl|NC_017455.1_prot_WP_014554119.1_1	GCF_003060865.1_WP_108437295.1	54.306	419	425	99	418	185	3	2	414	8	424	0.0	651
lcl|NC_017455.1_prot_WP_014554119.1_1	GCF_002847445.1_WP_101754340.1	55.263	419	423	99	418	181	3	2	414	6	422	0.0	651
lcl|NC_017455.1_prot_WP_014554119.1_1	GCF_002504085.1_WP_004209171.1	53.938	419	418	99	419	187	3	2	415	1	418	0.0	651
lcl|NC_017455.1_prot_WP_014554119.1_1	GCF_002085925.2_WP_078522665.1	54.545	419	423	99	418	184	3	2	414	6	422	0.0	651
lcl|NC_017455.1_prot_WP_014554119.1_1	GCF_001717955.1_WP_069203991.1	53.461	419	418	99	419	189	3	2	415	1	418	0.0	651
lcl|NC_017455.1_prot_WP_014554119.1_1	GCF_001679665.1_WP_066771076.1	54.306	419	430	99	418	185	3	2	414	13	429	0.0	651
lcl|NC_017455.1_prot_WP_014554119.1_1	GCF_001641285.1_WP_063673092.1	55.582	419	593	99	421	180	4	1	415	174	593	0.0	651
lcl|NC_017455.1_prot_WP_014554119.1_1	GCF_001281405.1_WP_053943874.1	55.981	419	421	99	418	178	3	2	414	4	420	0.0	651
lcl|NC_017455.1_prot_WP_014554119.1_1	GCF_023612255.1_WP_250338994.1	54.869	419	600	99	421	183	4	1	415	181	600	0.0	651
lcl|NC_017455.1_prot_WP_014554119.1_1	GCF_023573565.1_WP_249749357.1	54.785	419	470	99	418	183	3	2	414	53	469	0.0	651
lcl|NC_017455.1_prot_WP_014554119.1_1	GCF_018417475.1_WP_039389906.1	54.415	419	418	99	419	185	3	2	415	1	418	0.0	651
lcl|NC_017455.1_prot_WP_014554119.1_1	GCF_016728825.1_WP_006387816.1	52.983	419	419	99	419	191	3	2	415	1	418	0.0	651
lcl|NC_017455.1_prot_WP_014554119.1_1	GCF_016027095.1_WP_007405231.1	53.461	419	418	99	419	189	3	2	415	1	418	0.0	651
lcl|NC_017455.1_prot_WP_014554119.1_1	GCF_014055025.1_WP_007342493.1	55.024	419	419	99	418	182	3	2	414	1	417	0.0	651
lcl|NC_017455.1_prot_WP_014554119.1_1	GCF_009498695.1_WP_011807238.1	55.502	419	421	99	418	180	3	2	414	4	420	0.0	651
lcl|NC_017455.1_prot_WP_014554119.1_1	GCF_004802635.2_WP_136497971.1	55.609	419	422	99	419	179	4	2	414	4	421	0.0	651
lcl|NC_017455.1_prot_WP_014554119.1_1	GCF_002370525.2_WP_004723038.1	55.609	419	422	99	419	180	3	2	415	1	418	0.0	651
lcl|NC_017455.1_prot_WP_014554119.1_1	GCF_001857925.1_WP_008354975.1	64.303	419	427	98	409	144	1	3	411	5	411	0.0	651
lcl|NC_017455.1_prot_WP_014554119.1_1	GCF_001742225.1_WP_008832527.1	54.177	419	418	99	419	186	3	2	415	1	418	0.0	651
lcl|NC_017455.1_prot_WP_014554119.1_1	GCF_001687625.2_WP_068464188.1	64.010	419	427	99	414	147	1	2	415	4	415	0.0	651
lcl|NC_017455.1_prot_WP_014554119.1_1	GCF_001633145.1_WP_042457933.1	54.785	419	423	99	418	183	3	2	414	6	422	0.0	651
lcl|NC_017455.1_prot_WP_014554119.1_1	GCF_000818095.1_WP_039811607.1	64.390	419	424	98	410	144	1	2	411	4	411	0.0	651
lcl|NC_017455.1_prot_WP_014554119.1_1	GCF_000444995.1_WP_041527445.1	54.545	419	423	99	418	184	3	2	414	6	422	0.0	651
lcl|NC_017455.1_prot_WP_014554119.1_1	GCF_000260965.1_WP_014704973.1	56.563	419	419	99	419	176	3	2	415	1	418	0.0	651
lcl|NC_017455.1_prot_WP_014554119.1_1	GCF_000253015.1_WP_013545669.1	55.742	419	421	99	418	179	3	2	414	4	420	0.0	651
lcl|NC_017455.1_prot_WP_014554119.1_1	GCF_000022005.1_YP_002519249.4	52.871	419	477	99	418	191	3	2	414	60	476	0.0	651
lcl|NC_017455.1_prot_WP_014554119.1_1	GCF_900005615.1_WP_074968562.1	54.306	419	423	99	418	185	3	2	414	6	422	0.0	650
lcl|NC_017455.1_prot_WP_014554119.1_1	GCF_018582665.1_WP_214476515.1	65.931	419	423	97	408	137	1	2	409	3	408	0.0	650
lcl|NC_017455.1_prot_WP_014554119.1_1	GCF_016889385.1_WP_005705735.1	55.952	419	420	99	420	178	4	2	415	1	419	0.0	650
lcl|NC_017455.1_prot_WP_014554119.1_1	GCF_009746125.1_WP_156863824.1	56.325	419	420	99	419	177	3	2	415	1	418	0.0	650
lcl|NC_017455.1_prot_WP_014554119.1_1	GCF_006385595.1_WP_139979156.1	54.869	419	609	99	421	183	4	1	415	190	609	0.0	650
lcl|NC_017455.1_prot_WP_014554119.1_1	GCF_003991135.1_WP_236777936.1	74.458	419	416	99	415	106	0	2	416	1	415	0.0	650
lcl|NC_017455.1_prot_WP_014554119.1_1	GCF_002749495.1_WP_028719609.1	55.024	419	423	99	418	182	3	2	414	6	422	0.0	650
lcl|NC_017455.1_prot_WP_014554119.1_1	GCF_002250055.1_WP_066422009.1	64.878	419	422	98	410	142	1	2	411	3	410	0.0	650
lcl|NC_017455.1_prot_WP_014554119.1_1	GCF_002117445.1_WP_085787058.1	54.545	419	424	99	418	184	3	2	414	7	423	0.0	650
lcl|NC_017455.1_prot_WP_014554119.1_1	GCF_001676745.1_WP_066347086.1	52.983	419	418	99	419	191	3	2	415	1	418	0.0	650
lcl|NC_017455.1_prot_WP_014554119.1_1	GCF_001399515.1_WP_013385476.1	54.785	419	424	99	418	183	3	2	414	7	423	0.0	650
lcl|NC_017455.1_prot_WP_014554119.1_1	GCF_000739435.1_WP_005624302.1	56.667	419	420	99	420	175	4	2	415	1	419	0.0	650
lcl|NC_017455.1_prot_WP_014554119.1_1	GCF_000485905.1_WP_023368336.1	58.234	419	418	99	419	169	3	2	415	1	418	0.0	650
lcl|NC_017455.1_prot_WP_014554119.1_1	GCF_000307105.1_WP_014957137.1	59.518	419	415	99	415	165	2	2	414	1	414	0.0	650
lcl|NC_017455.1_prot_WP_014554119.1_1	GCF_902860225.1_WP_176605024.1	55.502	419	421	99	418	180	3	2	414	1	417	0.0	650
lcl|NC_017455.1_prot_WP_014554119.1_1	GCF_028553725.1_WP_090611159.1	54.306	419	423	99	418	185	3	2	414	6	422	0.0	650
lcl|NC_017455.1_prot_WP_014554119.1_1	GCF_026651605.1_WP_268044283.1	64.407	419	429	98	413	142	3	2	413	1	409	0.0	650
lcl|NC_017455.1_prot_WP_014554119.1_1	GCF_020541325.1_WP_226809637.1	54.654	419	420	99	419	184	3	2	415	1	418	0.0	650
lcl|NC_017455.1_prot_WP_014554119.1_1	GCF_020541305.1_WP_226806649.1	56.325	419	420	99	419	177	3	2	415	1	418	0.0	650
lcl|NC_017455.1_prot_WP_014554119.1_1	GCF_014191545.1_WP_222876040.1	55.048	419	420	98	416	181	3	4	414	5	419	0.0	650
lcl|NC_017455.1_prot_WP_014554119.1_1	GCF_004785625.2_WP_135815250.1	64.806	419	427	98	412	143	1	2	413	4	413	0.0	650
lcl|NC_017455.1_prot_WP_014554119.1_1	GCF_003932735.1_WP_125216020.1	55.288	419	460	98	416	180	3	4	414	45	459	0.0	650
lcl|NC_017455.1_prot_WP_014554119.1_1	GCF_003856495.1_WP_124728512.1	66.019	419	425	98	412	137	2	2	413	5	413	0.0	650
lcl|NC_017455.1_prot_WP_014554119.1_1	GCF_003391335.1_WP_115956178.1	55.131	419	419	99	419	182	3	2	415	1	418	0.0	650
lcl|NC_017455.1_prot_WP_014554119.1_1	GCF_003101015.1_WP_005818247.1	56.429	419	420	99	420	176	4	2	415	1	419	0.0	650
lcl|NC_017455.1_prot_WP_014554119.1_1	GCF_003072465.1_WP_108673912.1	53.938	419	418	99	419	187	3	2	415	1	418	0.0	650
lcl|NC_017455.1_prot_WP_014554119.1_1	GCF_002355955.1_WP_096400399.1	55.396	419	416	99	417	182	3	2	415	1	416	0.0	650
lcl|NC_017455.1_prot_WP_014554119.1_1	GCF_002165375.2_WP_087513030.1	55.370	419	422	99	419	181	3	2	415	1	418	0.0	650
lcl|NC_017455.1_prot_WP_014554119.1_1	GCF_001465255.1_WP_054817046.1	64.320	419	435	98	412	144	2	2	413	3	411	0.0	650
lcl|NC_017455.1_prot_WP_014554119.1_1	GCF_000021745.1_WP_012591525.1	55.131	419	422	99	419	181	4	2	414	4	421	0.0	650
lcl|NC_017455.1_prot_WP_014554119.1_1	GCF_910593725.1_WP_216797128.1	54.654	419	420	99	419	184	3	2	415	1	418	0.0	649
lcl|NC_017455.1_prot_WP_014554119.1_1	GCF_900637305.1_WP_004142699.1	56.938	419	420	99	418	174	3	2	414	1	417	0.0	649
lcl|NC_017455.1_prot_WP_014554119.1_1	GCF_025137635.1_WP_173487857.1	54.545	419	423	99	418	184	3	2	414	6	422	0.0	649
lcl|NC_017455.1_prot_WP_014554119.1_1	GCF_022811525.1_WP_243479695.1	54.893	419	418	99	419	183	3	2	415	1	418	0.0	649
lcl|NC_017455.1_prot_WP_014554119.1_1	GCF_018304825.1_WP_246602112.1	59.398	419	401	95	399	159	2	18	414	3	400	0.0	649
lcl|NC_017455.1_prot_WP_014554119.1_1	GCF_016656965.1_WP_201101956.1	54.306	419	470	99	418	185	3	2	414	53	469	0.0	649
lcl|NC_017455.1_prot_WP_014554119.1_1	GCF_002762215.1_WP_085751605.1	53.222	419	420	99	419	190	3	2	415	1	418	0.0	649
lcl|NC_017455.1_prot_WP_014554119.1_1	GCF_001696605.3_WP_068972889.1	55.370	419	422	99	419	181	3	2	415	1	418	0.0	649
lcl|NC_017455.1_prot_WP_014554119.1_1	GCF_001632775.1_WP_067643850.1	55.819	419	543	99	421	179	4	1	415	124	543	0.0	649
lcl|NC_017455.1_prot_WP_014554119.1_1	GCF_001077815.2_WP_048884593.1	53.938	419	418	99	419	187	3	2	415	1	418	0.0	649
lcl|NC_017455.1_prot_WP_014554119.1_1	GCF_000612685.1_WP_043681821.1	54.177	419	418	99	419	186	3	2	415	1	418	0.0	649
lcl|NC_017455.1_prot_WP_014554119.1_1	GCF_000046845.1_WP_004924555.1	56.086	419	422	99	419	178	3	2	415	1	418	0.0	649
lcl|NC_017455.1_prot_WP_014554119.1_1	GCF_000011965.2_WP_011049565.1	54.545	419	423	99	418	184	3	2	414	6	422	0.0	649
lcl|NC_017455.1_prot_WP_014554119.1_1	GCF_028553745.1_WP_089344818.1	55.263	419	423	99	418	181	3	2	414	6	422	0.0	649
lcl|NC_017455.1_prot_WP_014554119.1_1	GCF_024496245.1_WP_256505681.1	53.938	419	418	99	419	187	3	2	415	1	418	0.0	649
lcl|NC_017455.1_prot_WP_014554119.1_1	GCF_021227995.1_WP_232495161.1	53.938	419	418	99	419	187	3	2	415	1	418	0.0	649
lcl|NC_017455.1_prot_WP_014554119.1_1	GCF_018139125.1_WP_004940453.1	56.086	419	422	99	419	178	3	2	415	1	418	0.0	649
lcl|NC_017455.1_prot_WP_014554119.1_1	GCF_015100395.1_WP_234697149.1	55.904	419	436	99	415	180	2	2	414	20	433	0.0	649
lcl|NC_017455.1_prot_WP_014554119.1_1	GCF_012295595.1_WP_058262432.1	54.306	419	423	99	418	185	3	2	414	6	422	0.0	649
lcl|NC_017455.1_prot_WP_014554119.1_1	GCF_010977555.1_WP_163233568.1	52.392	419	469	99	418	193	3	2	414	52	468	0.0	649
lcl|NC_017455.1_prot_WP_014554119.1_1	GCF_005671335.1_WP_010899906.1	64.649	419	423	99	413	144	1	3	415	4	414	0.0	649
lcl|NC_017455.1_prot_WP_014554119.1_1	GCF_003258335.1_WP_005016165.1	56.057	419	420	99	421	179	3	2	417	1	420	0.0	649
lcl|NC_017455.1_prot_WP_014554119.1_1	GCF_001889165.1_WP_072578147.1	64.059	419	423	98	409	145	1	3	411	5	411	0.0	649
lcl|NC_017455.1_prot_WP_014554119.1_1	GCF_001704115.1_WP_067556955.1	56.086	419	422	99	419	178	3	2	415	1	418	0.0	649
lcl|NC_017455.1_prot_WP_014554119.1_1	GCF_000242595.2_WP_014455971.1	59.233	419	593	99	417	165	3	2	414	172	587	0.0	649
lcl|NC_017455.1_prot_WP_014554119.1_1	GCF_000015285.1_WP_011771431.1	57.656	419	422	99	418	171	3	2	414	1	417	0.0	649
lcl|NC_017455.1_prot_WP_014554119.1_1	GCF_028885395.1_WP_200901896.1	54.545	419	423	99	418	184	3	2	414	6	422	0.0	649
lcl|NC_017455.1_prot_WP_014554119.1_1	GCF_014334095.1_WP_187334970.1	53.222	419	418	99	419	190	3	2	415	1	418	0.0	649
lcl|NC_017455.1_prot_WP_014554119.1_1	GCF_012689545.1_WP_168782872.1	54.785	419	423	99	418	183	3	2	414	6	422	0.0	649
lcl|NC_017455.1_prot_WP_014554119.1_1	GCF_001704615.3_WP_065993535.1	55.609	419	422	99	419	180	3	2	415	1	418	0.0	649
lcl|NC_017455.1_prot_WP_014554119.1_1	GCF_001611975.1_WP_066133694.1	55.981	419	418	99	418	178	3	2	414	1	417	0.0	649
lcl|NC_017455.1_prot_WP_014554119.1_1	GCF_000024285.1_WP_012811989.1	62.857	419	434	99	420	149	4	2	418	1	416	0.0	649
lcl|NC_017455.1_prot_WP_014554119.1_1	GCF_000012865.1_WP_011343078.1	61.702	419	425	99	423	153	3	1	415	1	422	0.0	649
lcl|NC_017455.1_prot_WP_014554119.1_1	GCF_028201735.1_WP_067267859.1	54.067	419	423	99	418	186	3	2	414	6	422	0.0	648
lcl|NC_017455.1_prot_WP_014554119.1_1	GCF_019930585.1_WP_223797849.1	53.461	419	418	99	419	189	3	2	415	1	418	0.0	648
lcl|NC_017455.1_prot_WP_014554119.1_1	GCF_018336855.1_WP_004955720.1	56.086	419	422	99	419	178	3	2	415	1	418	0.0	648
lcl|NC_017455.1_prot_WP_014554119.1_1	GCF_013368775.1_WP_036809756.1	65.133	419	427	99	413	142	1	2	414	4	414	0.0	648
lcl|NC_017455.1_prot_WP_014554119.1_1	GCF_011300455.1_WP_166411092.1	52.267	419	418	99	419	194	3	2	415	1	418	0.0	648
lcl|NC_017455.1_prot_WP_014554119.1_1	GCF_003722335.1_WP_101713185.1	53.589	419	481	99	418	188	3	2	414	64	480	0.0	648
lcl|NC_017455.1_prot_WP_014554119.1_1	GCF_001281385.1_WP_020027654.1	55.370	419	420	99	419	181	3	2	415	1	418	0.0	648
lcl|NC_017455.1_prot_WP_014554119.1_1	GCF_001186155.3_WP_049692932.1	64.806	419	427	98	412	143	1	2	413	4	413	0.0	648
lcl|NC_017455.1_prot_WP_014554119.1_1	GCF_001008165.2_WP_046903916.1	53.699	419	418	99	419	188	3	2	415	1	418	0.0	648
lcl|NC_017455.1_prot_WP_014554119.1_1	GCF_000183665.1_WP_013461690.1	53.938	419	423	99	419	187	3	2	415	4	421	0.0	648
lcl|NC_017455.1_prot_WP_014554119.1_1	GCF_000015345.1_WP_012031065.1	57.177	419	421	99	418	173	3	2	414	1	417	0.0	648
lcl|NC_017455.1_prot_WP_014554119.1_1	GCF_024349785.1_WP_261935801.1	53.222	419	418	99	419	190	3	2	415	1	418	0.0	648
lcl|NC_017455.1_prot_WP_014554119.1_1	GCF_023824315.1_WP_116761404.1	55.609	419	422	99	419	180	3	2	415	1	418	0.0	648
lcl|NC_017455.1_prot_WP_014554119.1_1	GCF_023699965.1_WP_250878860.1	54.632	419	611	99	421	184	4	1	415	192	611	0.0	648
lcl|NC_017455.1_prot_WP_014554119.1_1	GCF_018798885.1_WP_215505914.1	54.306	419	423	99	418	185	3	2	414	6	422	0.0	648
lcl|NC_017455.1_prot_WP_014554119.1_1	GCF_014352855.1_WP_187479053.1	52.745	419	418	99	419	192	3	2	415	1	418	0.0	648
lcl|NC_017455.1_prot_WP_014554119.1_1	GCF_012276695.1_WP_168606920.1	55.450	419	422	99	422	178	4	2	415	1	420	0.0	648
lcl|NC_017455.1_prot_WP_014554119.1_1	GCF_011302055.1_WP_166092206.1	52.745	419	418	99	419	192	3	2	415	1	418	0.0	648
lcl|NC_017455.1_prot_WP_014554119.1_1	GCF_010918895.1_WP_004812998.1	55.847	419	422	99	419	179	3	2	415	1	418	0.0	648
lcl|NC_017455.1_prot_WP_014554119.1_1	GCF_009301415.1_WP_152366436.1	54.545	419	423	99	418	184	3	2	414	6	422	0.0	648
lcl|NC_017455.1_prot_WP_014554119.1_1	GCF_003544895.1_WP_118944195.1	54.067	419	423	99	418	186	3	2	414	6	422	0.0	648
lcl|NC_017455.1_prot_WP_014554119.1_1	GCF_001676725.1_WP_066660140.1	53.461	419	418	99	419	189	3	2	415	1	418	0.0	648
lcl|NC_017455.1_prot_WP_014554119.1_1	GCF_900089455.2_WP_067760151.1	52.745	419	418	99	419	192	3	2	415	1	418	0.0	647
lcl|NC_017455.1_prot_WP_014554119.1_1	GCF_022788655.1_WP_007118408.1	54.067	419	423	99	418	186	3	2	414	6	422	0.0	647
lcl|NC_017455.1_prot_WP_014554119.1_1	GCF_022394675.1_WP_034315849.1	63.592	419	429	98	412	148	1	2	413	3	412	0.0	647
lcl|NC_017455.1_prot_WP_014554119.1_1	GCF_018324105.1_WP_005007569.1	55.847	419	422	99	419	179	3	2	415	1	418	0.0	647
lcl|NC_017455.1_prot_WP_014554119.1_1	GCF_008119665.1_WP_148813779.1	53.461	419	421	99	419	189	3	2	415	1	418	0.0	647
lcl|NC_017455.1_prot_WP_014554119.1_1	GCF_003410415.1_WP_053348457.1	63.592	419	429	98	412	148	1	2	413	3	412	0.0	647
lcl|NC_017455.1_prot_WP_014554119.1_1	GCF_003024525.3_WP_106986222.1	55.609	419	422	99	419	180	3	2	415	1	418	0.0	647
lcl|NC_017455.1_prot_WP_014554119.1_1	GCF_003015125.1_WP_013081276.1	53.110	419	477	99	418	190	3	2	414	60	476	0.0	647
lcl|NC_017455.1_prot_WP_014554119.1_1	GCF_002804065.1_WP_100669012.1	66.748	419	418	98	412	134	2	2	413	1	409	0.0	647
lcl|NC_017455.1_prot_WP_014554119.1_1	GCF_001940525.2_WP_075776732.1	54.306	419	423	99	418	185	3	2	414	6	422	0.0	647
lcl|NC_017455.1_prot_WP_014554119.1_1	GCF_000258535.2_WP_013921277.1	63.680	419	434	98	413	146	3	2	413	3	412	0.0	647
lcl|NC_017455.1_prot_WP_014554119.1_1	GCF_000092905.1_WP_013077149.1	66.748	419	418	98	412	134	2	2	413	1	409	0.0	647
lcl|NC_017455.1_prot_WP_014554119.1_1	GCF_000021005.1_WP_009563271.1	53.828	419	422	99	418	187	3	2	414	5	421	0.0	647
lcl|NC_017455.1_prot_WP_014554119.1_1	GCF_000015725.1_WP_036229752.1	54.415	419	420	99	419	185	3	2	415	1	418	0.0	647
lcl|NC_017455.1_prot_WP_014554119.1_1	GCF_028553785.1_WP_271883975.1	54.545	419	423	99	418	184	3	2	414	6	422	0.0	647
lcl|NC_017455.1_prot_WP_014554119.1_1	GCF_004087915.1_WP_128467336.1	59.856	419	413	99	416	162	3	2	415	1	413	0.0	647
lcl|NC_017455.1_prot_WP_014554119.1_1	GCF_003860345.1_WP_021689841.1	53.081	419	421	99	422	189	4	2	415	1	421	0.0	647
lcl|NC_017455.1_prot_WP_014554119.1_1	GCF_003323815.1_WP_005085280.1	56.086	419	422	99	419	178	3	2	415	1	418	0.0	647
lcl|NC_017455.1_prot_WP_014554119.1_1	GCF_002243645.1_WP_063234168.1	63.835	419	429	98	412	147	1	2	413	3	412	0.0	647
lcl|NC_017455.1_prot_WP_014554119.1_1	GCF_002216815.1_WP_012778732.1	53.222	419	423	99	419	190	3	2	415	4	421	0.0	647
lcl|NC_017455.1_prot_WP_014554119.1_1	GCF_001687545.1_WP_067785421.1	54.415	419	418	99	419	185	3	2	415	1	418	0.0	647
lcl|NC_017455.1_prot_WP_014554119.1_1	GCF_001028705.1_WP_047824344.1	53.461	419	418	99	419	189	3	2	415	1	418	0.0	647
lcl|NC_017455.1_prot_WP_014554119.1_1	GCF_000012345.1_WP_006997560.1	55.450	419	422	99	422	178	4	2	415	1	420	0.0	647
lcl|NC_017455.1_prot_WP_014554119.1_1	GCF_028553765.1_WP_272859014.1	55.263	419	423	99	418	181	3	2	414	6	422	0.0	647
lcl|NC_017455.1_prot_WP_014554119.1_1	GCF_022674245.1_WP_021296806.1	63.592	419	428	98	412	147	2	2	413	1	409	0.0	647
lcl|NC_017455.1_prot_WP_014554119.1_1	GCF_020002245.1_WP_063384497.1	66.019	419	427	98	412	138	1	2	413	4	413	0.0	647
lcl|NC_017455.1_prot_WP_014554119.1_1	GCF_019395145.1_WP_219352758.1	54.306	419	477	99	418	185	3	2	414	60	476	0.0	647
lcl|NC_017455.1_prot_WP_014554119.1_1	GCF_017815575.1_WP_022659360.1	56.355	419	431	99	417	178	3	2	415	16	431	0.0	647
lcl|NC_017455.1_prot_WP_014554119.1_1	GCF_005281455.1_WP_001054522.1	56.086	419	422	99	419	178	3	2	415	1	418	0.0	647
lcl|NC_017455.1_prot_WP_014554119.1_1	GCF_002865605.1_WP_101501051.1	54.306	419	423	99	418	185	3	2	414	6	422	0.0	647
lcl|NC_017455.1_prot_WP_014554119.1_1	GCF_002222655.1_WP_089416677.1	53.461	419	420	99	419	189	3	2	415	1	418	0.0	647
lcl|NC_017455.1_prot_WP_014554119.1_1	GCF_002208825.2_WP_066627117.1	54.306	419	477	99	418	185	3	2	414	60	476	0.0	647
lcl|NC_017455.1_prot_WP_014554119.1_1	GCF_001886815.1_WP_044281836.1	62.892	419	415	99	415	151	2	2	414	1	414	0.0	647
lcl|NC_017455.1_prot_WP_014554119.1_1	GCF_001620265.1_WP_066817366.1	55.131	419	426	99	419	181	4	2	414	8	425	0.0	647
lcl|NC_017455.1_prot_WP_014554119.1_1	GCF_001187845.1_WP_049836218.1	53.828	419	423	99	418	187	3	2	414	6	422	0.0	647
lcl|NC_017455.1_prot_WP_014554119.1_1	GCF_000340795.1_WP_015396366.1	53.461	419	418	99	419	189	3	2	415	1	418	0.0	647
lcl|NC_017455.1_prot_WP_014554119.1_1	GCF_028553805.1_WP_076522194.1	55.742	419	423	99	418	179	3	2	414	6	422	0.0	646
lcl|NC_017455.1_prot_WP_014554119.1_1	GCF_026651875.1_WP_268005762.1	62.864	419	428	98	412	150	2	2	413	1	409	0.0	646
lcl|NC_017455.1_prot_WP_014554119.1_1	GCF_021391315.1_WP_011909616.1	54.067	419	422	99	418	186	3	2	414	5	421	0.0	646
lcl|NC_017455.1_prot_WP_014554119.1_1	GCF_019343495.1_WP_004278267.1	55.847	419	422	99	419	179	3	2	415	1	418	0.0	646
lcl|NC_017455.1_prot_WP_014554119.1_1	GCF_016724865.1_WP_040372805.1	63.107	419	425	98	412	150	1	2	413	3	412	0.0	646
lcl|NC_017455.1_prot_WP_014554119.1_1	GCF_013347125.1_WP_037922671.1	53.589	419	432	99	418	188	3	2	414	15	431	0.0	646
lcl|NC_017455.1_prot_WP_014554119.1_1	GCF_009363895.1_WP_114227496.1	52.983	419	418	99	419	191	3	2	415	1	418	0.0	646
lcl|NC_017455.1_prot_WP_014554119.1_1	GCF_005234135.1_WP_137193557.1	53.589	419	432	99	418	188	3	2	414	15	431	0.0	646
lcl|NC_017455.1_prot_WP_014554119.1_1	GCF_002055515.1_WP_003655059.1	56.563	419	422	99	419	176	3	2	415	1	418	0.0	646
lcl|NC_017455.1_prot_WP_014554119.1_1	GCF_001687565.2_WP_006829250.1	65.049	419	427	98	412	142	1	2	413	4	413	0.0	646
lcl|NC_017455.1_prot_WP_014554119.1_1	GCF_001308265.1_WP_062218120.1	53.589	419	423	99	418	188	3	2	414	6	422	0.0	646
lcl|NC_017455.1_prot_WP_014554119.1_1	GCF_001021085.1_WP_047264179.1	53.461	419	423	99	419	189	3	2	415	4	421	0.0	646
lcl|NC_017455.1_prot_WP_014554119.1_1	GCF_000196795.1_WP_004794523.1	56.325	419	422	99	419	177	3	2	415	1	418	0.0	646
lcl|NC_017455.1_prot_WP_014554119.1_1	GCF_000191145.1_YP_004997780.1	56.325	419	422	99	419	177	3	2	415	1	418	0.0	646
lcl|NC_017455.1_prot_WP_014554119.1_1	GCF_000176915.2_WP_013513824.1	58.413	419	439	99	416	170	2	2	415	25	439	0.0	646
lcl|NC_017455.1_prot_WP_014554119.1_1	GCF_028606985.1_WP_273614367.1	64.720	419	452	98	411	142	2	2	412	3	410	0.0	646
lcl|NC_017455.1_prot_WP_014554119.1_1	GCF_018409485.1_WP_004783562.1	55.609	419	422	99	419	180	3	2	415	1	418	0.0	646
lcl|NC_017455.1_prot_WP_014554119.1_1	GCF_013122135.1_WP_016144371.1	56.325	419	422	99	419	177	3	2	415	1	418	0.0	646
lcl|NC_017455.1_prot_WP_014554119.1_1	GCF_003595195.1_WP_119882558.1	62.954	419	427	99	413	151	1	2	414	4	414	0.0	646
lcl|NC_017455.1_prot_WP_014554119.1_1	GCF_003008555.2_WP_106474025.1	53.349	419	423	99	418	189	3	2	414	6	422	0.0	646
lcl|NC_017455.1_prot_WP_014554119.1_1	GCF_001886735.1_WP_071973439.1	53.589	419	423	99	418	188	3	2	414	6	422	0.0	646
lcl|NC_017455.1_prot_WP_014554119.1_1	GCF_017498585.1_WP_004975162.1	55.609	419	422	99	419	180	3	2	415	1	418	0.0	646
lcl|NC_017455.1_prot_WP_014554119.1_1	GCF_017487405.1_WP_207869765.1	54.067	419	478	99	418	186	3	2	414	61	477	0.0	646
lcl|NC_017455.1_prot_WP_014554119.1_1	GCF_016806125.1_WP_023848769.1	53.589	419	423	99	418	188	3	2	414	6	422	0.0	646
lcl|NC_017455.1_prot_WP_014554119.1_1	GCF_012932215.1_WP_206040773.1	53.828	419	432	99	418	187	3	2	414	15	431	0.0	646
lcl|NC_017455.1_prot_WP_014554119.1_1	GCF_011578285.1_WP_166326459.1	55.609	419	422	99	419	180	3	2	415	1	418	0.0	646
lcl|NC_017455.1_prot_WP_014554119.1_1	GCF_009914475.1_WP_005182456.1	55.609	419	422	99	419	180	3	2	415	1	418	0.0	646
lcl|NC_017455.1_prot_WP_014554119.1_1	GCF_009884975.1_WP_005146524.1	56.563	419	422	99	419	176	3	2	415	1	418	0.0	646
lcl|NC_017455.1_prot_WP_014554119.1_1	GCF_009762325.1_WP_157708826.1	52.632	419	423	99	418	192	3	2	414	6	422	0.0	646
lcl|NC_017455.1_prot_WP_014554119.1_1	GCF_009557235.1_WP_005095808.1	56.086	419	422	99	419	178	3	2	415	1	418	0.0	646
lcl|NC_017455.1_prot_WP_014554119.1_1	GCF_004328555.1_WP_035712460.1	54.067	419	423	99	418	186	3	2	414	6	422	0.0	646
lcl|NC_017455.1_prot_WP_014554119.1_1	GCF_002504165.1_WP_088663068.1	54.415	419	424	99	419	184	3	2	414	6	423	0.0	646
lcl|NC_017455.1_prot_WP_014554119.1_1	GCF_002355375.1_WP_096467600.1	62.864	419	424	98	412	150	2	2	413	3	411	0.0	646
lcl|NC_017455.1_prot_WP_014554119.1_1	GCF_001307195.1_WP_054580198.1	55.847	419	422	99	419	179	3	2	415	1	418	0.0	646
lcl|NC_017455.1_prot_WP_014554119.1_1	GCF_000590925.1_WP_025311327.1	53.110	419	423	99	418	190	3	2	414	6	422	0.0	646
lcl|NC_017455.1_prot_WP_014554119.1_1	GCF_000292685.1_WP_014895079.1	55.288	419	416	99	416	183	2	2	415	1	415	0.0	646
lcl|NC_017455.1_prot_WP_014554119.1_1	GCF_000020485.1_WP_015923520.1	80.529	419	418	99	416	81	0	1	416	1	416	0.0	646
lcl|NC_017455.1_prot_WP_014554119.1_1	GCF_000018145.1_WP_012180110.1	54.785	419	423	99	418	183	3	2	414	6	422	0.0	646
lcl|NC_017455.1_prot_WP_014554119.1_1	GCF_000012985.1_WP_011394275.1	58.810	419	420	99	420	166	4	2	415	1	419	0.0	646
lcl|NC_017455.1_prot_WP_014554119.1_1	GCF_000008185.1_WP_002668994.1	56.867	419	548	98	415	174	3	4	414	128	541	0.0	646
lcl|NC_017455.1_prot_WP_014554119.1_1	GCF_011578045.1_WP_166008420.1	55.370	419	422	99	419	181	3	2	415	1	418	0.0	645
lcl|NC_017455.1_prot_WP_014554119.1_1	GCF_008245125.1_WP_042792818.1	52.745	419	419	99	419	192	3	2	415	1	418	0.0	645
lcl|NC_017455.1_prot_WP_014554119.1_1	GCF_005577435.1_WP_138223994.1	63.747	419	447	98	411	146	2	2	412	3	410	0.0	645
lcl|NC_017455.1_prot_WP_014554119.1_1	GCF_002847305.1_WP_101459910.1	54.785	419	423	99	418	183	3	2	414	6	422	0.0	645
lcl|NC_017455.1_prot_WP_014554119.1_1	GCF_002009235.1_WP_071153046.1	65.049	419	427	98	412	142	1	2	413	4	413	0.0	645
lcl|NC_017455.1_prot_WP_014554119.1_1	GCF_001414055.1_WP_062151843.1	52.392	419	469	99	418	193	3	2	414	52	468	0.0	645
lcl|NC_017455.1_prot_WP_014554119.1_1	GCF_000284515.1_WP_014644849.1	61.429	419	428	99	420	158	2	2	419	4	421	0.0	645
lcl|NC_017455.1_prot_WP_014554119.1_1	GCF_000155675.2_WP_015502031.1	54.067	419	437	99	418	186	3	2	414	20	436	0.0	645
lcl|NC_017455.1_prot_WP_014554119.1_1	GCF_000025965.1_WP_241762731.1	57.072	419	403	95	403	167	3	18	415	1	402	0.0	645
lcl|NC_017455.1_prot_WP_014554119.1_1	GCF_900636675.1_WP_006218533.1	52.745	419	419	99	419	192	3	2	415	1	418	0.0	645
lcl|NC_017455.1_prot_WP_014554119.1_1	GCF_027557445.1_WP_269901699.1	52.745	419	418	99	419	192	3	2	415	1	418	0.0	645
lcl|NC_017455.1_prot_WP_014554119.1_1	GCF_013267375.1_WP_043541410.1	52.745	419	419	99	419	192	3	2	415	1	418	0.0	645
lcl|NC_017455.1_prot_WP_014554119.1_1	GCF_002105555.1_WP_085377313.1	54.785	419	423	99	418	183	3	2	414	6	422	0.0	645
lcl|NC_017455.1_prot_WP_014554119.1_1	GCF_001687665.2_WP_065525518.1	65.291	419	427	98	412	141	1	2	413	4	413	0.0	645
lcl|NC_017455.1_prot_WP_014554119.1_1	GCF_000819565.1_WP_043868087.1	53.349	419	422	99	418	189	3	2	414	5	421	0.0	645
lcl|NC_017455.1_prot_WP_014554119.1_1	GCF_000155735.2_WP_044038755.1	54.067	419	423	99	418	186	3	2	414	6	422	0.0	645
lcl|NC_017455.1_prot_WP_014554119.1_1	GCF_023169945.1_WP_248352708.1	55.370	419	439	98	419	177	4	4	413	15	432	0.0	644
lcl|NC_017455.1_prot_WP_014554119.1_1	GCF_018064205.1_WP_042419847.1	54.654	419	420	99	419	184	3	2	415	1	418	0.0	644
lcl|NC_017455.1_prot_WP_014554119.1_1	GCF_017487345.1_WP_225910316.1	53.589	419	495	99	418	188	3	2	414	78	494	0.0	644
lcl|NC_017455.1_prot_WP_014554119.1_1	GCF_015097055.1_WP_200757886.1	65.291	419	422	98	412	140	2	2	413	1	409	0.0	644
lcl|NC_017455.1_prot_WP_014554119.1_1	GCF_006337085.1_WP_139688032.1	55.131	419	418	99	419	182	3	2	415	1	418	0.0	644
lcl|NC_017455.1_prot_WP_014554119.1_1	GCF_004379295.1_WP_115359922.1	63.196	419	427	99	413	150	1	2	414	4	414	0.0	644
lcl|NC_017455.1_prot_WP_014554119.1_1	GCF_003711265.1_WP_122951628.1	55.370	419	420	99	419	181	3	2	415	1	418	0.0	644
lcl|NC_017455.1_prot_WP_014554119.1_1	GCF_003324675.1_WP_114075247.1	55.263	419	424	99	418	181	3	2	414	6	422	0.0	644
lcl|NC_017455.1_prot_WP_014554119.1_1	GCF_003071405.1_WP_107671649.1	54.067	419	422	99	418	186	3	2	414	5	421	0.0	644
lcl|NC_017455.1_prot_WP_014554119.1_1	GCF_002056725.1_WP_054065450.1	53.938	419	420	99	419	187	3	2	415	1	418	0.0	644
lcl|NC_017455.1_prot_WP_014554119.1_1	GCF_000521505.1_WP_025372554.1	54.177	419	418	99	419	186	3	2	415	1	418	0.0	644
lcl|NC_017455.1_prot_WP_014554119.1_1	GCF_000179015.2_WP_013519304.1	53.938	419	420	99	419	187	3	2	415	1	418	0.0	644
lcl|NC_017455.1_prot_WP_014554119.1_1	GCF_026547205.1_WP_275422177.1	65.920	419	418	96	402	135	1	10	411	1	400	0.0	644
lcl|NC_017455.1_prot_WP_014554119.1_1	GCF_021049305.1_WP_151123553.1	52.381	419	421	99	420	193	3	2	415	1	419	0.0	644
lcl|NC_017455.1_prot_WP_014554119.1_1	GCF_020886175.1_WP_012839098.1	54.415	419	420	99	419	185	3	2	415	1	418	0.0	644
lcl|NC_017455.1_prot_WP_014554119.1_1	GCF_016134045.1_WP_140195084.1	54.177	419	424	99	419	185	3	2	414	6	423	0.0	644
lcl|NC_017455.1_prot_WP_014554119.1_1	GCF_007998985.1_WP_147494001.1	52.745	419	418	99	419	192	3	2	415	1	418	0.0	644
lcl|NC_017455.1_prot_WP_014554119.1_1	GCF_004022565.1_WP_128354646.1	53.461	419	418	99	419	189	3	2	415	1	418	0.0	644
lcl|NC_017455.1_prot_WP_014554119.1_1	GCF_001886695.1_WP_047006922.1	53.938	419	418	99	419	187	3	2	415	1	418	0.0	644
lcl|NC_017455.1_prot_WP_014554119.1_1	GCF_001465835.2_WP_058384451.1	64.806	419	427	98	412	143	1	2	413	4	413	0.0	644
lcl|NC_017455.1_prot_WP_014554119.1_1	GCF_023702635.1_WP_251086475.1	56.872	419	422	99	422	173	4	2	415	1	421	0.0	644
lcl|NC_017455.1_prot_WP_014554119.1_1	GCF_023380025.1_WP_249454933.1	52.745	419	418	99	419	192	3	2	415	1	418	0.0	644
lcl|NC_017455.1_prot_WP_014554119.1_1	GCF_021654775.1_WP_212981132.1	64.234	419	445	98	411	144	2	2	412	3	410	0.0	644
lcl|NC_017455.1_prot_WP_014554119.1_1	GCF_013363755.1_WP_175504526.1	53.938	419	420	99	419	187	3	2	415	1	418	0.0	644
lcl|NC_017455.1_prot_WP_014554119.1_1	GCF_009363115.1_WP_025719755.1	64.477	419	443	98	411	143	2	2	412	3	410	0.0	644
lcl|NC_017455.1_prot_WP_014554119.1_1	GCF_003991425.1_WP_126994531.1	64.720	419	446	98	411	142	2	2	412	3	410	0.0	644
lcl|NC_017455.1_prot_WP_014554119.1_1	GCF_002983865.1_WP_050759042.1	53.589	419	432	99	418	188	3	2	414	15	431	0.0	644
lcl|NC_017455.1_prot_WP_014554119.1_1	GCF_002795865.1_WP_100260095.1	51.659	419	421	99	422	195	4	2	415	1	421	0.0	644
lcl|NC_017455.1_prot_WP_014554119.1_1	GCF_002741055.1_WP_077571028.1	65.122	419	441	98	410	140	2	2	411	3	409	0.0	644
lcl|NC_017455.1_prot_WP_014554119.1_1	GCF_001889025.1_WP_072558404.1	52.506	419	418	99	419	193	3	2	415	1	418	0.0	644
lcl|NC_017455.1_prot_WP_014554119.1_1	GCF_001753205.1_WP_075529011.1	63.196	419	427	99	413	150	1	2	414	4	414	0.0	644
lcl|NC_017455.1_prot_WP_014554119.1_1	GCF_019186805.1_WP_218240107.1	54.415	419	420	99	419	185	3	2	415	1	418	0.0	643
lcl|NC_017455.1_prot_WP_014554119.1_1	GCF_016801755.1_WP_025047434.1	53.828	419	423	99	418	187	3	2	414	6	422	0.0	643
lcl|NC_017455.1_prot_WP_014554119.1_1	GCF_014489495.1_WP_187715552.1	52.983	419	418	99	419	191	3	2	415	1	418	0.0	643
lcl|NC_017455.1_prot_WP_014554119.1_1	GCF_013260645.1_WP_173213352.1	51.659	419	421	99	422	195	4	2	415	1	421	0.0	643
lcl|NC_017455.1_prot_WP_014554119.1_1	GCF_009363095.1_WP_152399666.1	64.720	419	448	98	411	142	2	2	412	3	410	0.0	643
lcl|NC_017455.1_prot_WP_014554119.1_1	GCF_008329965.1_WP_149484752.1	58.513	419	619	99	417	168	3	2	414	202	617	0.0	643
lcl|NC_017455.1_prot_WP_014554119.1_1	GCF_004135365.1_WP_129441911.1	63.270	419	443	99	422	147	3	2	418	4	422	0.0	643
lcl|NC_017455.1_prot_WP_014554119.1_1	GCF_002407265.1_WP_066703479.1	53.589	419	423	99	418	188	3	2	414	6	422	0.0	643
lcl|NC_017455.1_prot_WP_014554119.1_1	GCF_002214645.1_WP_011805564.1	54.654	419	420	99	419	184	3	2	415	1	418	0.0	643
lcl|NC_017455.1_prot_WP_014554119.1_1	GCF_002162355.1_WP_232463447.1	64.234	419	438	98	411	144	2	3	413	11	418	0.0	643
lcl|NC_017455.1_prot_WP_014554119.1_1	GCF_002081995.1_WP_029053464.1	63.043	419	426	99	414	151	1	1	414	3	414	0.0	643
lcl|NC_017455.1_prot_WP_014554119.1_1	GCF_000227705.2_WP_015256291.1	63.373	419	436	99	415	149	2	2	416	4	415	0.0	643
lcl|NC_017455.1_prot_WP_014554119.1_1	GCF_000144605.1_WP_013267783.1	53.589	419	482	99	418	188	3	2	414	65	481	0.0	643
lcl|NC_017455.1_prot_WP_014554119.1_1	GCF_021654795.1_WP_168183008.1	66.262	419	430	98	412	136	2	2	413	3	411	0.0	643
lcl|NC_017455.1_prot_WP_014554119.1_1	GCF_019297855.1_WP_219003028.1	53.349	419	423	99	418	189	3	2	414	6	422	0.0	643
lcl|NC_017455.1_prot_WP_014554119.1_1	GCF_014489595.1_WP_187737592.1	54.654	419	420	99	419	184	3	2	415	1	418	0.0	643
lcl|NC_017455.1_prot_WP_014554119.1_1	GCF_002240415.1_WP_007428117.1	64.477	419	444	98	411	143	2	2	412	3	410	0.0	643
lcl|NC_017455.1_prot_WP_014554119.1_1	GCF_000755145.1_WP_044979407.1	56.867	419	548	98	415	174	3	4	414	128	541	0.0	643
lcl|NC_017455.1_prot_WP_014554119.1_1	GCF_000743945.1_WP_038499452.1	52.506	419	418	99	419	193	3	2	415	1	418	0.0	643
lcl|NC_017455.1_prot_WP_014554119.1_1	GCF_000212415.1_WP_013759224.1	58.993	419	577	99	417	166	3	2	414	157	572	0.0	643
lcl|NC_017455.1_prot_WP_014554119.1_1	GCF_000154785.2_WP_013963942.1	53.110	419	432	99	418	190	3	2	414	15	431	0.0	643
lcl|NC_017455.1_prot_WP_014554119.1_1	GCF_013347265.1_WP_110043812.1	62.621	419	453	98	412	151	2	2	413	4	412	0.0	642
lcl|NC_017455.1_prot_WP_014554119.1_1	GCF_005952805.1_WP_138856852.1	53.333	419	421	99	420	189	3	2	415	1	419	0.0	642
lcl|NC_017455.1_prot_WP_014554119.1_1	GCF_003339525.1_WP_114562967.1	53.938	419	421	99	419	187	3	2	415	1	418	0.0	642
lcl|NC_017455.1_prot_WP_014554119.1_1	GCF_003008575.1_WP_106684988.1	54.893	419	420	99	419	183	3	2	415	1	418	0.0	642
lcl|NC_017455.1_prot_WP_014554119.1_1	GCF_002269345.1_WP_095012327.1	53.081	419	421	99	422	189	4	2	415	1	421	0.0	642
lcl|NC_017455.1_prot_WP_014554119.1_1	GCF_001644605.1_WP_068605131.1	65.049	419	444	98	412	141	2	2	413	3	411	0.0	642
lcl|NC_017455.1_prot_WP_014554119.1_1	GCF_000612505.1_WP_025332659.1	64.964	419	451	98	411	141	2	2	412	3	410	0.0	642
lcl|NC_017455.1_prot_WP_014554119.1_1	GCF_000233715.2_WP_006522301.1	64.115	419	428	99	418	148	2	2	419	1	416	0.0	642
lcl|NC_017455.1_prot_WP_014554119.1_1	GCF_014899185.1_WP_193079956.1	54.067	419	423	99	418	186	3	2	414	6	422	0.0	642
lcl|NC_017455.1_prot_WP_014554119.1_1	GCF_013307245.1_WP_173942976.1	55.847	419	420	99	419	179	3	2	415	1	418	0.0	642
lcl|NC_017455.1_prot_WP_014554119.1_1	GCF_013282215.1_WP_009710481.1	65.534	419	420	98	412	139	2	2	413	3	411	0.0	642
lcl|NC_017455.1_prot_WP_014554119.1_1	GCF_009931595.1_WP_045757038.1	55.344	419	581	99	421	181	4	1	415	162	581	0.0	642
lcl|NC_017455.1_prot_WP_014554119.1_1	GCF_002243515.1_WP_227874327.1	63.017	419	438	98	411	149	2	3	413	11	418	0.0	642
lcl|NC_017455.1_prot_WP_014554119.1_1	GCF_001687585.2_WP_008496890.1	64.806	419	427	98	412	143	1	2	413	4	413	0.0	642
lcl|NC_017455.1_prot_WP_014554119.1_1	GCF_000981585.1_WP_046500839.1	63.504	419	452	98	411	147	2	2	412	3	410	0.0	642
lcl|NC_017455.1_prot_WP_014554119.1_1	GCF_000756615.1_WP_042204631.1	63.990	419	451	98	411	145	2	2	412	3	410	0.0	642
lcl|NC_017455.1_prot_WP_014554119.1_1	GCF_000734015.1_WP_038060818.1	56.459	419	417	99	418	177	4	2	415	1	417	0.0	642
lcl|NC_017455.1_prot_WP_014554119.1_1	GCF_000152825.2_WP_013299929.1	52.074	419	439	99	434	186	3	2	414	6	438	0.0	642
lcl|NC_017455.1_prot_WP_014554119.1_1	GCF_018966525.1_WP_090834830.1	63.990	419	451	98	411	145	2	2	412	3	410	0.0	642
lcl|NC_017455.1_prot_WP_014554119.1_1	GCF_018687595.1_WP_112294740.1	55.131	419	420	99	419	182	3	2	415	1	418	0.0	642
lcl|NC_017455.1_prot_WP_014554119.1_1	GCF_012955605.1_WP_170008379.1	64.020	419	427	96	403	143	1	7	409	10	410	0.0	642
lcl|NC_017455.1_prot_WP_014554119.1_1	GCF_006274405.1_WP_126666906.1	64.477	419	445	98	411	143	2	2	412	3	410	0.0	642
lcl|NC_017455.1_prot_WP_014554119.1_1	GCF_003065365.1_WP_108469242.1	55.370	419	420	99	419	181	3	2	415	1	418	0.0	642
lcl|NC_017455.1_prot_WP_014554119.1_1	GCF_003030465.1_WP_245881052.1	57.463	419	405	95	402	165	3	18	414	1	401	0.0	642
lcl|NC_017455.1_prot_WP_014554119.1_1	GCF_001590685.1_WP_067213165.1	63.527	419	427	99	414	149	1	1	414	3	414	0.0	642
lcl|NC_017455.1_prot_WP_014554119.1_1	GCF_000758705.1_WP_025703873.1	63.504	419	452	98	411	147	2	2	412	3	410	0.0	642
lcl|NC_017455.1_prot_WP_014554119.1_1	GCF_000758665.1_WP_042209994.1	63.747	419	452	98	411	146	2	2	412	3	410	0.0	642
lcl|NC_017455.1_prot_WP_014554119.1_1	GCF_018207515.1_WP_173141115.1	63.747	419	452	98	411	146	2	2	412	3	410	0.0	641
lcl|NC_017455.1_prot_WP_014554119.1_1	GCF_014395975.1_WP_187599620.1	54.415	419	420	99	419	185	3	2	415	1	418	0.0	641
lcl|NC_017455.1_prot_WP_014554119.1_1	GCF_009734445.1_WP_156204461.1	62.379	419	426	98	412	154	1	2	413	1	411	0.0	641
lcl|NC_017455.1_prot_WP_014554119.1_1	GCF_008087625.1_WP_246196625.1	57.317	419	411	97	410	169	3	10	414	1	409	0.0	641
lcl|NC_017455.1_prot_WP_014554119.1_1	GCF_000144695.1_WP_013279165.1	72.222	419	418	99	414	114	1	2	415	1	413	0.0	641
lcl|NC_017455.1_prot_WP_014554119.1_1	GCF_000022145.1_WP_041450427.1	54.654	419	437	98	419	180	4	4	413	15	432	0.0	641
lcl|NC_017455.1_prot_WP_014554119.1_1	GCF_019141545.1_WP_045981904.1	54.785	419	423	99	418	183	3	2	414	6	422	0.0	641
lcl|NC_017455.1_prot_WP_014554119.1_1	GCF_014931715.1_WP_197549099.1	55.422	419	440	99	415	182	2	2	414	24	437	0.0	641
lcl|NC_017455.1_prot_WP_014554119.1_1	GCF_009728935.1_WP_155704339.1	65.049	419	469	98	412	141	2	2	413	4	412	0.0	641
lcl|NC_017455.1_prot_WP_014554119.1_1	GCF_006542395.2_WP_141443205.1	52.064	419	436	99	436	185	3	2	414	1	435	0.0	641
lcl|NC_017455.1_prot_WP_014554119.1_1	GCF_004367585.1_WP_017382128.1	62.077	419	427	99	414	155	1	1	414	3	414	0.0	641
lcl|NC_017455.1_prot_WP_014554119.1_1	GCF_003355455.1_WP_115415573.1	52.133	419	421	99	422	193	4	2	415	1	421	0.0	641
lcl|NC_017455.1_prot_WP_014554119.1_1	GCF_001028625.1_WP_047807149.1	52.607	419	421	99	422	191	4	2	415	1	421	0.0	641
lcl|NC_017455.1_prot_WP_014554119.1_1	GCF_000758685.1_WP_038692962.1	63.990	419	453	98	411	145	2	2	412	3	410	0.0	641
lcl|NC_017455.1_prot_WP_014554119.1_1	GCF_000319245.1_WP_015390028.1	52.983	419	418	99	419	191	3	2	415	1	418	0.0	641
lcl|NC_017455.1_prot_WP_014554119.1_1	GCF_000194135.1_WP_013681179.1	58.661	419	432	99	433	159	4	1	415	1	431	0.0	641
lcl|NC_017455.1_prot_WP_014554119.1_1	GCF_026547225.1_WP_275419200.1	65.920	419	418	96	402	135	1	10	411	1	400	0.0	641
lcl|NC_017455.1_prot_WP_014554119.1_1	GCF_024206795.1_WP_090188603.1	54.415	419	424	99	419	184	3	2	414	6	423	0.0	641
lcl|NC_017455.1_prot_WP_014554119.1_1	GCF_022493915.1_WP_011795734.1	54.177	419	420	99	419	186	3	2	415	1	418	0.0	641
lcl|NC_017455.1_prot_WP_014554119.1_1	GCF_018685455.1_WP_112203728.1	55.131	419	420	99	419	182	3	2	415	1	418	0.0	641
lcl|NC_017455.1_prot_WP_014554119.1_1	GCF_016593255.1_WP_201354068.1	55.663	419	436	99	415	181	2	2	414	20	433	0.0	641
lcl|NC_017455.1_prot_WP_014554119.1_1	GCF_016027815.1_WP_016447451.1	53.938	419	420	99	419	187	3	2	415	1	418	0.0	641
lcl|NC_017455.1_prot_WP_014554119.1_1	GCF_014109845.1_WP_054661497.1	54.157	419	572	99	421	186	4	1	415	153	572	0.0	641
lcl|NC_017455.1_prot_WP_014554119.1_1	GCF_009833965.1_WP_159990721.1	52.983	419	418	99	419	191	3	2	415	1	418	0.0	641
lcl|NC_017455.1_prot_WP_014554119.1_1	GCF_004296515.1_WP_130579051.1	55.819	419	420	99	421	179	4	2	416	1	420	0.0	641
lcl|NC_017455.1_prot_WP_014554119.1_1	GCF_001697225.1_WP_068806444.1	58.852	419	418	99	418	166	3	2	414	1	417	0.0	641
lcl|NC_017455.1_prot_WP_014554119.1_1	GCF_001051995.2_WP_048710424.1	57.214	419	405	95	402	166	3	18	414	1	401	0.0	641
lcl|NC_017455.1_prot_WP_014554119.1_1	GCF_000487995.2_WP_023276437.1	55.220	419	428	99	431	173	4	2	415	1	428	0.0	641
lcl|NC_017455.1_prot_WP_014554119.1_1	GCF_000018665.1_WP_012206705.1	54.177	419	420	99	419	186	3	2	415	1	418	0.0	641
lcl|NC_017455.1_prot_WP_014554119.1_1	GCF_019930545.1_WP_028977991.1	61.962	419	423	99	418	157	1	2	419	3	418	0.0	640
lcl|NC_017455.1_prot_WP_014554119.1_1	GCF_014117445.1_WP_182295909.1	51.313	419	418	99	419	198	3	2	415	1	418	0.0	640
lcl|NC_017455.1_prot_WP_014554119.1_1	GCF_009910365.1_WP_009575051.1	57.109	419	422	99	422	172	4	2	415	1	421	0.0	640
lcl|NC_017455.1_prot_WP_014554119.1_1	GCF_003931855.1_WP_125081586.1	64.477	419	448	98	411	143	2	2	412	3	410	0.0	640
lcl|NC_017455.1_prot_WP_014554119.1_1	GCF_001421015.2_WP_060531842.1	64.878	419	453	98	410	141	2	2	411	3	409	0.0	640
lcl|NC_017455.1_prot_WP_014554119.1_1	GCF_000021725.1_WP_015902786.1	56.386	419	441	99	415	178	2	2	414	27	440	0.0	640
lcl|NC_017455.1_prot_WP_014554119.1_1	GCF_000016165.1_WP_238442637.1	62.381	419	442	99	420	154	2	2	418	1	419	0.0	640
lcl|NC_017455.1_prot_WP_014554119.1_1	GCF_000006985.1_WP_226986878.1	58.907	419	420	99	421	163	4	2	414	1	419	0.0	640
lcl|NC_017455.1_prot_WP_014554119.1_1	GCF_017792025.1_WP_209366007.1	62.319	419	428	98	414	152	2	2	413	4	415	0.0	640
lcl|NC_017455.1_prot_WP_014554119.1_1	GCF_016724805.1_WP_016475073.1	54.893	419	418	99	419	183	3	2	415	1	418	0.0	640
lcl|NC_017455.1_prot_WP_014554119.1_1	GCF_014211955.1_WP_185884658.1	53.222	419	417	99	419	189	4	2	415	1	417	0.0	640
lcl|NC_017455.1_prot_WP_014554119.1_1	GCF_013307225.1_WP_173956026.1	54.415	419	420	99	419	185	3	2	415	1	418	0.0	640
lcl|NC_017455.1_prot_WP_014554119.1_1	GCF_013265585.1_WP_173224739.1	65.049	419	421	98	412	141	2	2	413	3	411	0.0	640
lcl|NC_017455.1_prot_WP_014554119.1_1	GCF_008369725.1_WP_068646990.1	64.720	419	446	98	411	142	2	2	412	3	410	0.0	640
lcl|NC_017455.1_prot_WP_014554119.1_1	GCF_003122425.1_WP_072550409.1	56.905	419	422	99	420	174	4	2	415	1	419	0.0	640
lcl|NC_017455.1_prot_WP_014554119.1_1	GCF_001999905.1_WP_077590181.1	65.049	419	427	98	412	142	1	2	413	4	413	0.0	640
lcl|NC_017455.1_prot_WP_014554119.1_1	GCF_001698205.1_WP_067675837.1	53.081	419	421	99	422	189	4	2	415	1	421	0.0	640
lcl|NC_017455.1_prot_WP_014554119.1_1	GCF_000987835.1_WP_046550475.1	55.904	419	441	99	415	180	2	2	414	27	440	0.0	640
lcl|NC_017455.1_prot_WP_014554119.1_1	GCF_000215975.1_WP_013909588.1	56.490	419	446	98	416	176	4	4	415	32	446	0.0	640
lcl|NC_017455.1_prot_WP_014554119.1_1	GCF_000176855.2_WP_013594977.1	54.177	419	420	99	419	186	3	2	415	1	418	0.0	640
lcl|NC_017455.1_prot_WP_014554119.1_1	GCF_901538355.1_WP_261345334.1	57.656	419	420	98	418	169	4	4	414	1	417	0.0	639
lcl|NC_017455.1_prot_WP_014554119.1_1	GCF_021249385.1_WP_209421396.1	55.847	419	420	99	419	179	3	2	415	1	418	0.0	639
lcl|NC_017455.1_prot_WP_014554119.1_1	GCF_007301515.1_WP_143896461.1	63.768	419	428	98	414	146	2	2	413	4	415	0.0	639
lcl|NC_017455.1_prot_WP_014554119.1_1	GCF_003945345.1_WP_125662383.1	63.659	419	482	98	410	146	2	2	411	4	410	0.0	639
lcl|NC_017455.1_prot_WP_014554119.1_1	GCF_001908275.1_WP_036607258.1	64.878	419	441	98	410	141	2	2	411	3	409	0.0	639
lcl|NC_017455.1_prot_WP_014554119.1_1	GCF_001281485.1_WP_061926976.1	52.844	419	421	99	422	190	4	2	415	1	421	0.0	639
lcl|NC_017455.1_prot_WP_014554119.1_1	GCF_000165715.2_WP_218916519.1	57.074	419	431	98	417	173	3	3	414	14	429	0.0	639
lcl|NC_017455.1_prot_WP_014554119.1_1	GCF_000019785.1_WP_012347825.1	53.222	419	420	99	419	190	3	2	415	1	418	0.0	639
lcl|NC_017455.1_prot_WP_014554119.1_1	GCF_000016345.1_WP_011903147.1	54.893	419	420	99	419	183	3	2	415	1	418	0.0	639
lcl|NC_017455.1_prot_WP_014554119.1_1	GCF_014681765.1_WP_092884391.1	53.828	419	423	99	418	187	3	2	414	6	422	0.0	639
lcl|NC_017455.1_prot_WP_014554119.1_1	GCF_007747995.1_WP_145380633.1	56.459	419	464	99	418	176	3	2	414	46	462	0.0	639
lcl|NC_017455.1_prot_WP_014554119.1_1	GCF_006970865.1_WP_077562843.1	55.847	419	420	99	419	179	3	2	415	1	418	0.0	639
lcl|NC_017455.1_prot_WP_014554119.1_1	GCF_000186245.1_WP_013554582.1	55.422	419	443	99	415	182	2	2	414	27	440	0.0	639
lcl|NC_017455.1_prot_WP_014554119.1_1	GCF_000013605.1_WP_011465176.1	55.609	419	420	99	419	180	3	2	415	1	418	0.0	639
lcl|NC_017455.1_prot_WP_014554119.1_1	GCF_028748145.1_WP_212603855.1	55.370	419	592	99	419	182	3	2	416	169	586	0.0	639
lcl|NC_017455.1_prot_WP_014554119.1_1	GCF_020990565.1_WP_038271239.1	54.632	419	564	99	421	184	4	1	415	145	564	0.0	639
lcl|NC_017455.1_prot_WP_014554119.1_1	GCF_015482585.1_WP_239674557.1	63.902	419	431	98	410	146	1	2	411	4	411	0.0	639
lcl|NC_017455.1_prot_WP_014554119.1_1	GCF_013347305.1_WP_110899531.1	64.146	419	441	98	410	144	2	2	411	3	409	0.0	639
lcl|NC_017455.1_prot_WP_014554119.1_1	GCF_008329925.1_WP_149503282.1	53.222	419	420	99	419	190	3	2	415	1	418	0.0	639
lcl|NC_017455.1_prot_WP_014554119.1_1	GCF_003590145.2_WP_119841167.1	52.871	419	427	99	418	191	3	2	414	10	426	0.0	639
lcl|NC_017455.1_prot_WP_014554119.1_1	GCF_002370195.2_WP_016837260.1	61.985	419	425	99	413	155	1	2	414	3	413	0.0	639
lcl|NC_017455.1_prot_WP_014554119.1_1	GCF_000233915.3_WP_043290761.1	55.476	419	616	99	420	180	4	2	415	198	616	0.0	639
lcl|NC_017455.1_prot_WP_014554119.1_1	GCF_000219355.1_WP_237697449.1	55.502	419	432	98	418	179	3	3	414	4	420	0.0	639
lcl|NC_017455.1_prot_WP_014554119.1_1	GCF_000007245.1_WP_012382779.1	54.869	419	564	99	421	183	4	1	415	145	564	0.0	639
lcl|NC_017455.1_prot_WP_014554119.1_1	GCF_905367715.1_WP_080716186.1	54.869	419	631	99	421	183	4	1	415	212	631	0.0	638
lcl|NC_017455.1_prot_WP_014554119.1_1	GCF_017498525.1_WP_208008166.1	55.952	419	421	99	420	178	3	2	415	1	419	0.0	638
lcl|NC_017455.1_prot_WP_014554119.1_1	GCF_004296475.1_WP_130616808.1	56.667	419	420	99	420	175	4	2	415	1	419	0.0	638
lcl|NC_017455.1_prot_WP_014554119.1_1	GCF_002795805.1_WP_232710412.1	53.938	419	423	99	419	187	3	2	415	6	423	0.0	638
lcl|NC_017455.1_prot_WP_014554119.1_1	GCF_002192415.1_WP_087919058.1	63.659	419	449	98	410	146	2	2	411	3	409	0.0	638
lcl|NC_017455.1_prot_WP_014554119.1_1	GCF_000012485.1_WP_203415258.1	58.531	419	420	99	422	165	4	2	415	1	420	0.0	638
lcl|NC_017455.1_prot_WP_014554119.1_1	GCF_028771845.1_WP_063567654.1	64.146	419	441	98	410	144	2	2	411	3	409	0.0	638
lcl|NC_017455.1_prot_WP_014554119.1_1	GCF_028747985.1_WP_047914326.1	64.563	419	449	98	412	143	2	2	413	3	411	0.0	638
lcl|NC_017455.1_prot_WP_014554119.1_1	GCF_028596105.1_WP_207373253.1	53.938	419	420	99	419	187	3	2	415	1	418	0.0	638
lcl|NC_017455.1_prot_WP_014554119.1_1	GCF_020162115.1_WP_043703293.1	55.714	419	421	99	420	179	3	2	415	1	419	0.0	638
lcl|NC_017455.1_prot_WP_014554119.1_1	GCF_014489535.1_WP_187724795.1	53.938	419	420	99	419	187	3	2	415	1	418	0.0	638
lcl|NC_017455.1_prot_WP_014554119.1_1	GCF_010669285.1_WP_163494489.1	57.583	419	422	99	422	170	4	2	415	1	421	0.0	638
lcl|NC_017455.1_prot_WP_014554119.1_1	GCF_008973485.1_WP_151698868.1	63.017	419	427	98	411	150	1	3	413	5	413	0.0	638
lcl|NC_017455.1_prot_WP_014554119.1_1	GCF_003013695.1_WP_106846115.1	54.654	419	420	99	419	184	3	2	415	1	418	0.0	638
lcl|NC_017455.1_prot_WP_014554119.1_1	GCF_000812665.2_WP_039002873.1	53.110	419	423	99	418	190	3	2	414	6	422	0.0	638
lcl|NC_017455.1_prot_WP_014554119.1_1	GCF_000340905.1_WP_015389590.1	52.745	419	418	99	419	192	3	2	415	1	418	0.0	638
lcl|NC_017455.1_prot_WP_014554119.1_1	GCF_905142465.1_WP_210762362.1	54.869	419	633	99	421	183	4	1	415	214	633	0.0	637
lcl|NC_017455.1_prot_WP_014554119.1_1	GCF_903989455.1_WP_180707937.1	54.869	419	636	99	421	183	4	1	415	217	636	0.0	637
lcl|NC_017455.1_prot_WP_014554119.1_1	GCF_009769165.1_WP_046977482.1	55.582	419	604	99	421	180	4	1	415	185	604	0.0	637
lcl|NC_017455.1_prot_WP_014554119.1_1	GCF_004358425.1_WP_133366318.1	53.318	419	421	99	422	188	4	2	415	1	421	0.0	637
lcl|NC_017455.1_prot_WP_014554119.1_1	GCF_002285515.1_WP_074065954.1	54.869	419	634	99	421	183	4	1	415	215	634	0.0	637
lcl|NC_017455.1_prot_WP_014554119.1_1	GCF_001908725.1_WP_005987951.1	54.869	419	620	99	421	183	4	1	415	201	620	0.0	637
lcl|NC_017455.1_prot_WP_014554119.1_1	GCF_001880225.1_WP_071663903.1	55.609	419	420	99	419	179	4	2	415	1	417	0.0	637
lcl|NC_017455.1_prot_WP_014554119.1_1	GCF_000340825.1_WP_015238469.1	53.699	419	418	99	419	188	3	2	415	1	418	0.0	637
lcl|NC_017455.1_prot_WP_014554119.1_1	GCF_026168555.1_WP_265559852.1	52.607	419	421	99	422	191	4	2	415	1	421	0.0	637
lcl|NC_017455.1_prot_WP_014554119.1_1	GCF_020923435.1_WP_230043659.1	66.990	419	436	98	412	133	2	2	413	1	409	0.0	637
lcl|NC_017455.1_prot_WP_014554119.1_1	GCF_017086365.1_WP_054944063.1	63.747	419	452	98	411	146	2	2	412	3	410	0.0	637
lcl|NC_017455.1_prot_WP_014554119.1_1	GCF_005166025.1_WP_137092576.1	59.946	419	559	88	372	146	2	45	414	188	558	0.0	637
lcl|NC_017455.1_prot_WP_014554119.1_1	GCF_003290445.1_WP_112869496.1	55.370	419	418	99	419	180	4	2	415	1	417	0.0	637
lcl|NC_017455.1_prot_WP_014554119.1_1	GCF_002158865.1_WP_087280447.1	54.762	419	421	99	420	183	3	2	415	1	419	0.0	637
lcl|NC_017455.1_prot_WP_014554119.1_1	GCF_001895265.1_WP_072711624.1	55.370	419	420	99	419	180	4	2	415	1	417	0.0	637
lcl|NC_017455.1_prot_WP_014554119.1_1	GCF_000340865.1_WP_015397080.1	52.983	419	418	99	419	191	3	2	415	1	418	0.0	637
lcl|NC_017455.1_prot_WP_014554119.1_1	GCF_000237205.1_WP_013944565.1	57.108	419	481	98	415	174	3	3	414	67	480	0.0	637
lcl|NC_017455.1_prot_WP_014554119.1_1	GCF_000020465.1_WP_223294159.1	57.957	419	420	99	421	167	4	2	414	1	419	0.0	637
lcl|NC_017455.1_prot_WP_014554119.1_1	GCF_017301775.1_WP_038236362.1	55.582	419	606	99	421	180	4	1	415	187	606	0.0	637
lcl|NC_017455.1_prot_WP_014554119.1_1	GCF_017068455.1_WP_205722055.1	58.400	419	535	89	375	153	2	42	414	161	534	0.0	637
lcl|NC_017455.1_prot_WP_014554119.1_1	GCF_003963515.1_WP_126428894.1	66.990	419	436	98	412	133	2	2	413	1	409	0.0	637
lcl|NC_017455.1_prot_WP_014554119.1_1	GCF_003008595.1_WP_106445087.1	53.938	419	420	99	419	187	3	2	415	1	418	0.0	637
lcl|NC_017455.1_prot_WP_014554119.1_1	GCF_001547755.1_WP_066044259.1	55.396	419	420	98	417	180	3	2	413	1	416	0.0	637
lcl|NC_017455.1_prot_WP_014554119.1_1	GCF_000973625.1_WP_046330324.1	55.609	419	420	99	419	180	3	2	415	1	418	0.0	637
lcl|NC_017455.1_prot_WP_014554119.1_1	GCF_000828915.1_WP_045535698.1	54.893	419	420	99	419	183	3	2	415	1	418	0.0	637
lcl|NC_017455.1_prot_WP_014554119.1_1	GCF_000191045.1_WP_244829582.1	60.096	419	415	99	416	161	4	2	414	1	414	0.0	637
lcl|NC_017455.1_prot_WP_014554119.1_1	GCF_000177235.2_WP_041809232.1	62.195	419	424	98	410	153	1	3	412	4	411	0.0	637
lcl|NC_017455.1_prot_WP_014554119.1_1	GCF_000020505.1_WP_232203960.1	58.670	419	420	99	421	164	4	2	414	1	419	0.0	637
lcl|NC_017455.1_prot_WP_014554119.1_1	GCF_900638485.1_WP_104725126.1	55.904	419	443	99	415	180	2	2	414	27	440	0.0	636
lcl|NC_017455.1_prot_WP_014554119.1_1	GCF_900096765.1_WP_114638386.1	54.654	419	420	99	419	184	3	2	415	1	418	0.0	636
lcl|NC_017455.1_prot_WP_014554119.1_1	GCF_018604145.1_WP_214626620.1	63.350	419	448	98	412	148	2	2	413	4	412	0.0	636
lcl|NC_017455.1_prot_WP_014554119.1_1	GCF_014236795.1_WP_128420444.1	55.582	419	580	99	421	180	4	1	415	161	580	0.0	636
lcl|NC_017455.1_prot_WP_014554119.1_1	GCF_006974105.1_WP_142812041.1	54.415	419	420	99	419	185	3	2	415	1	418	0.0	636
lcl|NC_017455.1_prot_WP_014554119.1_1	GCF_002157165.1_WP_026436794.1	54.177	419	420	99	419	186	3	2	415	1	418	0.0	636
lcl|NC_017455.1_prot_WP_014554119.1_1	GCF_001922385.1_WP_107525078.1	54.839	419	402	95	403	176	3	18	415	1	402	0.0	636
lcl|NC_017455.1_prot_WP_014554119.1_1	GCF_000014725.1_WP_011641781.1	61.165	419	425	98	412	159	1	2	413	1	411	0.0	636
lcl|NC_017455.1_prot_WP_014554119.1_1	GCF_901538265.1_WP_261361178.1	58.753	419	419	98	417	164	4	4	413	1	416	0.0	636
lcl|NC_017455.1_prot_WP_014554119.1_1	GCF_028010245.1_WP_014091240.1	54.869	419	624	99	421	183	4	1	415	205	624	0.0	636
lcl|NC_017455.1_prot_WP_014554119.1_1	GCF_025266575.1_WP_252161848.1	54.869	419	629	99	421	183	4	1	415	210	629	0.0	636
lcl|NC_017455.1_prot_WP_014554119.1_1	GCF_021049245.1_WP_231094612.1	62.802	419	428	98	414	150	2	2	413	4	415	0.0	636
lcl|NC_017455.1_prot_WP_014554119.1_1	GCF_017724035.1_WP_029820492.1	54.869	419	624	99	421	183	4	1	415	205	624	0.0	636
lcl|NC_017455.1_prot_WP_014554119.1_1	GCF_013177355.1_WP_042823984.1	54.869	419	624	99	421	183	4	1	415	205	624	0.0	636
lcl|NC_017455.1_prot_WP_014554119.1_1	GCF_009883735.1_WP_159407733.1	54.869	419	613	99	421	183	4	1	415	194	613	0.0	636
lcl|NC_017455.1_prot_WP_014554119.1_1	GCF_006547045.1_WP_141624659.1	54.048	419	579	99	420	186	4	2	415	161	579	0.0	636
lcl|NC_017455.1_prot_WP_014554119.1_1	GCF_006542275.1_WP_141447899.1	64.234	419	450	98	411	144	2	2	412	3	410	0.0	636
lcl|NC_017455.1_prot_WP_014554119.1_1	GCF_004683865.2_WP_135314105.1	54.785	419	423	99	418	183	3	2	414	6	422	0.0	636
lcl|NC_017455.1_prot_WP_014554119.1_1	GCF_002795825.1_WP_232726694.1	53.938	419	423	99	419	187	3	2	415	6	423	0.0	636
lcl|NC_017455.1_prot_WP_014554119.1_1	GCF_002211785.1_WP_088772841.1	55.131	419	420	99	419	181	4	2	415	1	417	0.0	636
lcl|NC_017455.1_prot_WP_014554119.1_1	GCF_001857945.1_WP_068658964.1	64.477	419	465	98	411	143	2	2	412	3	410	0.0	636
lcl|NC_017455.1_prot_WP_014554119.1_1	GCF_001293165.1_WP_053950742.1	53.957	419	420	98	417	186	3	2	413	1	416	0.0	636
lcl|NC_017455.1_prot_WP_014554119.1_1	GCF_000195555.1_WP_003015002.1	55.131	419	420	99	419	181	4	2	415	1	417	0.0	636
lcl|NC_017455.1_prot_WP_014554119.1_1	GCF_000184345.1_WP_014625615.1	58.852	419	632	99	418	166	4	2	414	207	623	0.0	636
lcl|NC_017455.1_prot_WP_014554119.1_1	GCF_020080045.1_WP_224149635.1	54.654	419	420	99	419	184	3	2	415	1	418	0.0	636
lcl|NC_017455.1_prot_WP_014554119.1_1	GCF_016925655.1_WP_205443534.1	52.844	419	421	99	422	190	4	2	415	1	421	0.0	636
lcl|NC_017455.1_prot_WP_014554119.1_1	GCF_012222965.1_WP_133942554.1	55.609	419	420	99	419	179	4	2	415	1	417	0.0	636
lcl|NC_017455.1_prot_WP_014554119.1_1	GCF_012222825.1_WP_035721246.1	55.609	419	420	99	419	179	4	2	415	1	417	0.0	636
lcl|NC_017455.1_prot_WP_014554119.1_1	GCF_002327105.1_WP_096297083.1	54.654	419	603	99	419	184	3	2	415	186	603	0.0	636
lcl|NC_017455.1_prot_WP_014554119.1_1	GCF_000961215.1_WP_015472881.1	54.869	419	632	99	421	183	4	1	415	213	632	0.0	636
lcl|NC_017455.1_prot_WP_014554119.1_1	GCF_000815225.1_WP_039125570.1	55.609	419	420	99	419	179	4	2	415	1	417	0.0	636
lcl|NC_017455.1_prot_WP_014554119.1_1	GCF_000092405.1_WP_013176448.1	65.777	419	418	98	412	140	1	2	413	1	411	0.0	636
lcl|NC_017455.1_prot_WP_014554119.1_1	GCF_016592595.1_WP_201340649.1	54.415	419	420	99	419	185	3	2	415	1	418	0.0	635
lcl|NC_017455.1_prot_WP_014554119.1_1	GCF_013388375.1_WP_162275460.1	55.000	419	621	99	420	182	4	2	415	203	621	0.0	635
lcl|NC_017455.1_prot_WP_014554119.1_1	GCF_007748115.1_WP_261342376.1	56.595	419	449	98	417	175	3	3	414	32	447	0.0	635
lcl|NC_017455.1_prot_WP_014554119.1_1	GCF_004551575.1_WP_134833179.1	54.869	419	593	99	421	183	4	1	415	174	593	0.0	635
lcl|NC_017455.1_prot_WP_014554119.1_1	GCF_002197645.1_WP_088269222.1	59.512	419	430	98	410	165	1	2	411	5	413	0.0	635
lcl|NC_017455.1_prot_WP_014554119.1_1	GCF_001586255.1_WP_008253345.1	56.161	419	422	99	422	176	4	2	415	1	421	0.0	635
lcl|NC_017455.1_prot_WP_014554119.1_1	GCF_000219045.1_WP_004287296.1	55.370	419	420	99	419	180	4	2	415	1	417	0.0	635
lcl|NC_017455.1_prot_WP_014554119.1_1	GCF_000215705.1_WP_041675451.1	55.714	419	421	99	420	179	3	2	415	1	419	0.0	635
lcl|NC_017455.1_prot_WP_014554119.1_1	GCF_000024985.1_WP_012871486.1	62.954	419	417	99	413	152	1	3	415	4	415	0.0	635
lcl|NC_017455.1_prot_WP_014554119.1_1	GCF_000020625.1_WP_244148034.1	58.195	419	420	99	421	166	4	2	414	1	419	0.0	635
lcl|NC_017455.1_prot_WP_014554119.1_1	GCF_000015565.1_WP_011810350.1	53.699	419	420	99	419	188	3	2	415	1	418	0.0	635
lcl|NC_017455.1_prot_WP_014554119.1_1	GCF_020886695.1_WP_229597003.1	57.389	419	405	96	406	170	2	12	415	1	405	0.0	635
lcl|NC_017455.1_prot_WP_014554119.1_1	GCF_011388215.1_WP_166226672.1	53.333	419	421	99	420	189	3	2	415	1	419	0.0	635
lcl|NC_017455.1_prot_WP_014554119.1_1	GCF_009734005.1_WP_002290332.1	59.806	419	431	99	413	165	1	2	414	5	416	0.0	635
lcl|NC_017455.1_prot_WP_014554119.1_1	GCF_003008535.1_WP_106704166.1	55.714	419	421	99	420	179	3	2	415	1	419	0.0	635
lcl|NC_017455.1_prot_WP_014554119.1_1	GCF_001747405.1_WP_236848300.1	58.907	419	420	99	421	163	4	2	414	1	419	0.0	635
lcl|NC_017455.1_prot_WP_014554119.1_1	GCF_000305935.1_WP_015051805.1	66.344	419	418	98	413	137	2	2	413	1	412	0.0	635
lcl|NC_017455.1_prot_WP_014554119.1_1	GCF_000277895.2_WP_026113147.1	54.869	419	629	99	421	183	4	1	415	210	629	0.0	635
lcl|NC_017455.1_prot_WP_014554119.1_1	GCF_023169965.1_WP_248340528.1	54.524	419	437	98	420	181	4	3	413	14	432	0.0	634
lcl|NC_017455.1_prot_WP_014554119.1_1	GCF_018406605.1_WP_213436965.1	54.762	419	585	99	420	183	4	2	415	167	585	0.0	634
lcl|NC_017455.1_prot_WP_014554119.1_1	GCF_014905115.1_WP_193151350.1	54.940	419	452	98	415	183	3	3	414	36	449	0.0	634
lcl|NC_017455.1_prot_WP_014554119.1_1	GCF_014489475.1_WP_187711047.1	53.682	419	553	99	421	188	4	1	415	134	553	0.0	634
lcl|NC_017455.1_prot_WP_014554119.1_1	GCF_009650095.1_WP_100358950.1	63.260	419	428	98	411	147	2	3	411	5	413	0.0	634
lcl|NC_017455.1_prot_WP_014554119.1_1	GCF_008370835.2_WP_014501761.1	54.869	419	629	99	421	183	4	1	415	210	629	0.0	634
lcl|NC_017455.1_prot_WP_014554119.1_1	GCF_004353865.1_WP_066151301.1	54.177	419	420	99	419	186	3	2	415	1	418	0.0	634
lcl|NC_017455.1_prot_WP_014554119.1_1	GCF_002355975.1_WP_096381802.1	54.286	419	600	99	420	185	4	2	415	182	600	0.0	634
lcl|NC_017455.1_prot_WP_014554119.1_1	GCF_002290025.1_WP_067480328.1	59.806	419	431	99	413	165	1	2	414	5	416	0.0	634
lcl|NC_017455.1_prot_WP_014554119.1_1	GCF_002277935.1_WP_005875733.1	59.322	419	431	99	413	167	1	2	414	5	416	0.0	634
lcl|NC_017455.1_prot_WP_014554119.1_1	GCF_001719165.1_WP_034902697.1	51.896	419	421	99	422	194	4	2	415	1	421	0.0	634
lcl|NC_017455.1_prot_WP_014554119.1_1	GCF_001663175.1_WP_068350187.1	52.370	419	421	99	422	192	4	2	415	1	421	0.0	634
lcl|NC_017455.1_prot_WP_014554119.1_1	GCF_000235585.1_WP_014279136.1	63.260	419	444	98	411	148	2	2	412	3	410	0.0	634
lcl|NC_017455.1_prot_WP_014554119.1_1	GCF_028743495.1_WP_144089049.1	62.560	419	424	98	414	151	2	2	413	5	416	0.0	634
lcl|NC_017455.1_prot_WP_014554119.1_1	GCF_016592615.1_WP_201339059.1	53.461	419	420	99	419	189	3	2	415	1	418	0.0	634
lcl|NC_017455.1_prot_WP_014554119.1_1	GCF_012849095.1_WP_169284577.1	64.146	419	438	98	410	144	2	4	413	2	408	0.0	634
lcl|NC_017455.1_prot_WP_014554119.1_1	GCF_010119935.1_WP_162354947.1	63.592	419	454	98	412	147	2	2	413	4	412	0.0	634
lcl|NC_017455.1_prot_WP_014554119.1_1	GCF_005843985.1_WP_244924474.1	57.740	419	407	97	407	169	2	10	414	1	406	0.0	634
lcl|NC_017455.1_prot_WP_014554119.1_1	GCF_002813755.1_WP_071867009.1	59.756	419	431	98	410	164	1	2	411	5	413	0.0	634
lcl|NC_017455.1_prot_WP_014554119.1_1	GCF_001866075.3_WP_071319008.1	64.477	419	423	98	411	144	1	3	413	4	412	0.0	634
lcl|NC_017455.1_prot_WP_014554119.1_1	GCF_001685395.1_WP_068698828.1	63.747	419	451	98	411	146	2	2	412	3	410	0.0	634
lcl|NC_017455.1_prot_WP_014554119.1_1	GCF_000020525.1_WP_245527680.1	57.957	419	420	99	421	167	4	2	414	1	419	0.0	634
lcl|NC_017455.1_prot_WP_014554119.1_1	GCF_000010205.1_WP_012461168.1	55.048	419	501	98	416	182	3	3	414	86	500	0.0	634
lcl|NC_017455.1_prot_WP_014554119.1_1	GCF_009363075.1_WP_152395683.1	63.107	419	449	98	412	149	2	2	413	3	411	0.0	634
lcl|NC_017455.1_prot_WP_014554119.1_1	GCF_008932225.1_WP_067465250.1	52.133	419	421	99	422	193	4	2	415	1	421	0.0	634
lcl|NC_017455.1_prot_WP_014554119.1_1	GCF_003352005.1_WP_114917930.1	63.285	419	426	98	414	148	2	2	413	4	415	0.0	634
lcl|NC_017455.1_prot_WP_014554119.1_1	GCF_001999965.1_WP_237048856.1	56.490	419	418	98	416	176	3	2	413	1	415	0.0	634
lcl|NC_017455.1_prot_WP_014554119.1_1	GCF_001553605.1_WP_008684374.1	56.459	419	431	99	418	178	3	1	415	15	431	0.0	634
lcl|NC_017455.1_prot_WP_014554119.1_1	GCF_000505725.1_WP_014714856.1	55.370	419	420	99	419	180	4	2	415	1	417	0.0	634
lcl|NC_017455.1_prot_WP_014554119.1_1	GCF_000092785.1_WP_013182698.1	56.867	419	451	98	415	175	3	3	414	37	450	0.0	634
lcl|NC_017455.1_prot_WP_014554119.1_1	GCF_000015505.1_WP_011801582.1	56.086	419	420	99	419	178	3	2	415	1	418	0.0	634
lcl|NC_017455.1_prot_WP_014554119.1_1	GCF_016613535.2_WP_207526815.1	54.286	419	574	99	420	185	4	2	415	156	574	0.0	633
lcl|NC_017455.1_prot_WP_014554119.1_1	GCF_016406105.1_WP_198827827.1	65.000	419	426	99	420	142	3	2	419	1	417	0.0	633
lcl|NC_017455.1_prot_WP_014554119.1_1	GCF_014397415.1_WP_187573705.1	54.048	419	564	99	420	186	4	2	415	146	564	0.0	633
lcl|NC_017455.1_prot_WP_014554119.1_1	GCF_004006175.1_WP_127750652.1	53.110	419	423	99	418	190	3	2	414	6	422	0.0	633
lcl|NC_017455.1_prot_WP_014554119.1_1	GCF_003015185.1_WP_240623905.1	55.609	419	593	99	419	179	4	3	415	175	592	0.0	633
lcl|NC_017455.1_prot_WP_014554119.1_1	GCF_002005145.1_WP_238457898.1	65.664	419	435	95	399	136	1	12	410	1	398	0.0	633
lcl|NC_017455.1_prot_WP_014554119.1_1	GCF_001955735.1_WP_075587125.1	55.000	419	421	99	420	182	3	2	415	1	419	0.0	633
lcl|NC_017455.1_prot_WP_014554119.1_1	GCF_000184705.1_WP_042500764.1	64.128	419	411	97	407	145	1	8	414	2	407	0.0	633
lcl|NC_017455.1_prot_WP_014554119.1_1	GCF_000183725.1_WP_013459409.1	54.699	419	441	98	415	184	3	3	414	24	437	0.0	633
lcl|NC_017455.1_prot_WP_014554119.1_1	GCF_000011565.2_WP_011174771.1	57.590	419	461	98	415	172	3	3	414	47	460	0.0	633
lcl|NC_017455.1_prot_WP_014554119.1_1	GCF_900474605.1_WP_016251718.1	57.452	419	437	99	416	176	1	2	417	5	419	0.0	633
lcl|NC_017455.1_prot_WP_014554119.1_1	GCF_023823125.1_WP_034956512.1	52.607	419	421	99	422	191	4	2	415	1	421	0.0	633
lcl|NC_017455.1_prot_WP_014554119.1_1	GCF_019916085.1_WP_261345503.1	58.090	419	488	89	377	156	1	41	415	112	488	0.0	633
lcl|NC_017455.1_prot_WP_014554119.1_1	GCF_002056795.1_WP_080055199.1	58.355	419	739	89	377	155	1	41	415	363	739	0.0	633
lcl|NC_017455.1_prot_WP_014554119.1_1	GCF_001442805.1_WP_057944870.1	54.286	419	591	99	420	185	4	2	415	173	591	0.0	633
lcl|NC_017455.1_prot_WP_014554119.1_1	GCF_900475405.1_WP_005411276.1	54.632	419	583	99	421	184	4	1	415	164	583	0.0	632
lcl|NC_017455.1_prot_WP_014554119.1_1	GCF_019704495.1_WP_049467605.1	54.632	419	583	99	421	184	4	1	415	164	583	0.0	632
lcl|NC_017455.1_prot_WP_014554119.1_1	GCF_014107495.1_WP_182304018.1	64.146	419	435	98	410	144	2	4	413	2	408	0.0	632
lcl|NC_017455.1_prot_WP_014554119.1_1	GCF_013128195.2_WP_227254994.1	59.712	419	419	98	417	160	4	4	413	1	416	0.0	632
lcl|NC_017455.1_prot_WP_014554119.1_1	GCF_004295585.1_WP_130604958.1	64.146	419	439	98	410	144	2	4	413	6	412	0.0	632
lcl|NC_017455.1_prot_WP_014554119.1_1	GCF_003233695.1_WP_111265242.1	53.571	419	591	99	420	188	4	2	415	173	591	0.0	632
lcl|NC_017455.1_prot_WP_014554119.1_1	GCF_000021685.1_WP_012641745.1	61.111	419	434	99	414	160	1	2	415	20	432	0.0	632
lcl|NC_017455.1_prot_WP_014554119.1_1	GCF_000017805.1_WP_041332171.1	60.386	419	415	99	414	163	1	2	415	1	413	0.0	632
lcl|NC_017455.1_prot_WP_014554119.1_1	GCF_000011245.1_WP_011067397.1	62.319	419	426	98	414	152	2	2	413	4	415	0.0	632
lcl|NC_017455.1_prot_WP_014554119.1_1	GCF_022869785.1_WP_234653601.1	60.160	419	635	89	374	147	1	44	415	262	635	0.0	632
lcl|NC_017455.1_prot_WP_014554119.1_1	GCF_012584515.1_WP_168922417.1	56.086	419	420	99	419	178	3	2	415	1	418	0.0	632
lcl|NC_017455.1_prot_WP_014554119.1_1	GCF_005083985.2_WP_235823188.1	57.985	419	407	97	407	168	2	10	414	1	406	0.0	632
lcl|NC_017455.1_prot_WP_014554119.1_1	GCF_001275365.1_WP_064460795.1	54.654	419	420	99	419	183	4	2	415	1	417	0.0	632
lcl|NC_017455.1_prot_WP_014554119.1_1	GCF_000828895.1_WP_029463120.1	54.654	419	420	99	419	184	3	2	415	1	418	0.0	632
lcl|NC_017455.1_prot_WP_014554119.1_1	GCF_022637495.1_WP_241952514.1	54.048	419	564	99	420	186	4	2	415	146	564	0.0	632
lcl|NC_017455.1_prot_WP_014554119.1_1	GCF_010119975.1_WP_162444643.1	59.358	419	624	89	374	149	2	44	415	252	624	0.0	632
lcl|NC_017455.1_prot_WP_014554119.1_1	GCF_009755585.1_WP_115842697.1	53.333	419	555	99	420	189	4	2	415	137	555	0.0	632
lcl|NC_017455.1_prot_WP_014554119.1_1	GCF_002216775.1_WP_089061325.1	62.802	419	426	98	414	150	2	2	413	4	415	0.0	632
lcl|NC_017455.1_prot_WP_014554119.1_1	GCF_000177635.2_WP_013506905.1	58.273	419	416	99	417	170	3	2	415	1	416	0.0	632
lcl|NC_017455.1_prot_WP_014554119.1_1	GCF_000147355.1_WP_013326414.1	54.940	419	452	98	415	183	3	3	414	36	449	0.0	632
lcl|NC_017455.1_prot_WP_014554119.1_1	GCF_009388985.1_WP_153240127.1	56.161	419	422	99	422	176	4	2	415	1	421	0.0	631
lcl|NC_017455.1_prot_WP_014554119.1_1	GCF_009068765.1_WP_151900883.1	54.699	419	450	98	415	184	3	3	414	34	447	0.0	631
lcl|NC_017455.1_prot_WP_014554119.1_1	GCF_008838325.1_WP_225734740.1	58.852	419	421	99	418	167	1	2	414	1	418	0.0	631
lcl|NC_017455.1_prot_WP_014554119.1_1	GCF_005281475.1_WP_137401320.1	60.215	419	601	88	372	145	2	45	414	230	600	0.0	631
lcl|NC_017455.1_prot_WP_014554119.1_1	GCF_002278015.2_WP_094940532.1	59.080	419	431	99	413	168	1	2	414	5	416	0.0	631
lcl|NC_017455.1_prot_WP_014554119.1_1	GCF_001442745.1_WP_057916262.1	54.286	419	587	99	420	185	4	2	415	169	587	0.0	631
lcl|NC_017455.1_prot_WP_014554119.1_1	GCF_001027545.1_WP_052571573.1	56.386	419	418	98	415	177	3	2	413	1	414	0.0	631
lcl|NC_017455.1_prot_WP_014554119.1_1	GCF_014931175.1_WP_006802432.1	55.904	419	441	98	415	179	3	3	414	23	436	0.0	631
lcl|NC_017455.1_prot_WP_014554119.1_1	GCF_003952225.1_WP_126013215.1	62.864	419	459	98	412	150	2	2	413	4	412	0.0	631
lcl|NC_017455.1_prot_WP_014554119.1_1	GCF_001955715.1_WP_029705838.1	54.654	419	420	99	419	184	3	2	415	1	418	0.0	631
lcl|NC_017455.1_prot_WP_014554119.1_1	GCF_001955695.1_WP_076200273.1	55.370	419	420	99	419	181	3	2	415	1	418	0.0	631
lcl|NC_017455.1_prot_WP_014554119.1_1	GCF_000307165.1_WP_015010781.1	59.905	419	426	99	419	160	3	3	415	5	421	0.0	631
lcl|NC_017455.1_prot_WP_014554119.1_1	GCF_000185805.1_WP_013537197.1	60.000	419	423	98	415	161	4	3	414	10	422	0.0	631
lcl|NC_017455.1_prot_WP_014554119.1_1	GCF_023821985.2_WP_235164419.1	59.893	419	611	89	374	148	1	44	415	238	611	0.0	631
lcl|NC_017455.1_prot_WP_014554119.1_1	GCF_006575665.1_WP_141613442.1	59.946	419	601	88	372	146	2	45	414	230	600	0.0	631
lcl|NC_017455.1_prot_WP_014554119.1_1	GCF_001870205.1_WP_071456602.1	60.584	419	423	98	411	161	1	2	412	5	414	0.0	631
lcl|NC_017455.1_prot_WP_014554119.1_1	GCF_001761385.1_WP_066090324.1	53.222	419	420	99	419	190	3	2	415	1	418	0.0	631
lcl|NC_017455.1_prot_WP_014554119.1_1	GCF_000222485.1_WP_014019233.1	59.200	419	603	89	375	150	2	42	414	229	602	0.0	631
lcl|NC_017455.1_prot_WP_014554119.1_1	GCF_017893965.1_WP_210120366.1	60.000	419	597	98	415	161	3	4	414	177	590	0.0	630
lcl|NC_017455.1_prot_WP_014554119.1_1	GCF_016592575.1_WP_201328275.1	59.352	419	418	95	401	158	4	18	415	19	417	0.0	630
lcl|NC_017455.1_prot_WP_014554119.1_1	GCF_015209745.1_WP_194034762.1	54.762	419	629	99	420	183	4	2	415	211	629	0.0	630
lcl|NC_017455.1_prot_WP_014554119.1_1	GCF_014905135.1_WP_193111441.1	55.422	419	455	98	415	181	3	3	414	39	452	0.0	630
lcl|NC_017455.1_prot_WP_014554119.1_1	GCF_010365285.1_WP_162640783.1	63.350	419	452	98	412	148	2	2	413	4	412	0.0	630
lcl|NC_017455.1_prot_WP_014554119.1_1	GCF_009906855.1_WP_160550463.1	53.938	419	420	99	419	187	3	2	415	1	418	0.0	630
lcl|NC_017455.1_prot_WP_014554119.1_1	GCF_000512915.1_WP_025277529.1	57.407	419	699	89	378	157	3	40	414	322	698	0.0	630
lcl|NC_017455.1_prot_WP_014554119.1_1	GCF_000477435.1_WP_022771964.1	54.893	419	420	99	419	183	3	2	415	1	418	0.0	630
lcl|NC_017455.1_prot_WP_014554119.1_1	GCF_000219725.1_WP_013969056.1	58.993	419	617	99	417	166	3	2	414	195	610	0.0	630
lcl|NC_017455.1_prot_WP_014554119.1_1	GCF_000218895.1_WP_013929372.1	59.786	419	608	89	373	148	1	45	415	236	608	0.0	630
lcl|NC_017455.1_prot_WP_014554119.1_1	GCF_000015125.1_WP_223294326.1	58.432	419	420	99	421	165	4	2	414	1	419	0.0	630
lcl|NC_017455.1_prot_WP_014554119.1_1	GCF_000013025.1_WP_198022876.1	53.717	419	425	98	417	187	3	3	414	9	424	0.0	630
lcl|NC_017455.1_prot_WP_014554119.1_1	GCF_024498955.1_WP_256646108.1	54.632	419	563	99	421	184	4	1	415	144	563	0.0	630
lcl|NC_017455.1_prot_WP_014554119.1_1	GCF_020519665.1_WP_226516047.1	62.470	419	424	99	413	153	1	3	415	4	414	0.0	630
lcl|NC_017455.1_prot_WP_014554119.1_1	GCF_020463795.1_WP_226334890.1	57.179	419	586	94	397	161	4	20	414	196	585	0.0	630
lcl|NC_017455.1_prot_WP_014554119.1_1	GCF_016894445.1_WP_204664058.1	59.893	419	613	89	374	148	1	44	415	240	613	0.0	630
lcl|NC_017455.1_prot_WP_014554119.1_1	GCF_002831565.1_WP_100987302.1	58.621	419	760	89	377	154	1	41	415	384	760	0.0	630
lcl|NC_017455.1_prot_WP_014554119.1_1	GCF_002067135.1_WP_080239907.1	58.355	419	733	89	377	155	1	41	415	357	733	0.0	630
lcl|NC_017455.1_prot_WP_014554119.1_1	GCF_001027285.1_WP_211276580.1	54.177	419	539	99	419	187	3	1	415	122	539	0.0	630
lcl|NC_017455.1_prot_WP_014554119.1_1	GCF_000325705.1_WP_015264648.1	59.946	419	593	88	372	146	2	45	414	222	592	0.0	630
lcl|NC_017455.1_prot_WP_014554119.1_1	GCF_000157355.2_WP_005228301.1	60.488	419	431	98	410	161	1	2	411	5	413	0.0	630
lcl|NC_017455.1_prot_WP_014554119.1_1	GCF_000012685.1_WP_020478375.1	54.415	419	542	99	419	186	3	1	415	125	542	0.0	630
lcl|NC_017455.1_prot_WP_014554119.1_1	GCF_900187315.1_WP_011703229.1	64.493	419	423	99	414	146	1	2	414	4	417	0.0	629
lcl|NC_017455.1_prot_WP_014554119.1_1	GCF_900183975.1_WP_040762174.1	54.869	419	613	99	421	183	4	1	415	194	613	0.0	629
lcl|NC_017455.1_prot_WP_014554119.1_1	GCF_021654655.1_WP_236865606.1	54.009	419	423	99	424	185	4	1	415	1	423	0.0	629
lcl|NC_017455.1_prot_WP_014554119.1_1	GCF_017751145.1_WP_164522109.1	77.831	419	417	99	415	92	0	2	416	1	415	0.0	629
lcl|NC_017455.1_prot_WP_014554119.1_1	GCF_016918765.2_WP_228349983.1	56.086	419	419	99	419	178	3	2	415	1	418	0.0	629
lcl|NC_017455.1_prot_WP_014554119.1_1	GCF_006740705.1_WP_142090182.1	64.078	419	431	98	412	146	1	2	413	3	412	0.0	629
lcl|NC_017455.1_prot_WP_014554119.1_1	GCF_004353525.1_WP_227762597.1	65.476	419	419	99	420	142	2	2	419	1	419	0.0	629
lcl|NC_017455.1_prot_WP_014554119.1_1	GCF_003325355.1_WP_114066332.1	59.786	419	604	89	373	148	1	45	415	232	604	0.0	629
lcl|NC_017455.1_prot_WP_014554119.1_1	GCF_002355295.1_WP_232526381.1	54.286	419	583	99	420	185	4	2	415	165	583	0.0	629
lcl|NC_017455.1_prot_WP_014554119.1_1	GCF_001499655.1_WP_032124870.1	57.108	419	460	98	415	174	3	3	414	46	459	0.0	629
lcl|NC_017455.1_prot_WP_014554119.1_1	GCF_000974425.1_WP_046575237.1	58.621	419	762	89	377	154	1	41	415	386	762	0.0	629
lcl|NC_017455.1_prot_WP_014554119.1_1	GCF_000255295.1_WP_014398916.1	54.415	419	537	99	419	186	3	1	415	120	537	0.0	629
lcl|NC_017455.1_prot_WP_014554119.1_1	GCF_000215085.1_WP_013843655.1	65.686	419	447	97	408	139	1	3	410	10	416	0.0	629
lcl|NC_017455.1_prot_WP_014554119.1_1	GCF_000021945.1_WP_015942309.1	59.762	419	420	99	420	162	2	2	415	1	419	0.0	629
lcl|NC_017455.1_prot_WP_014554119.1_1	GCF_018398935.1_WP_261352908.1	55.981	419	504	98	418	176	4	4	414	86	502	0.0	629
lcl|NC_017455.1_prot_WP_014554119.1_1	GCF_017298635.1_WP_206656955.1	63.504	419	418	98	411	145	3	2	411	1	407	0.0	629
lcl|NC_017455.1_prot_WP_014554119.1_1	GCF_013372205.1_WP_211436411.1	56.522	419	447	98	414	177	2	3	414	34	446	0.0	629
lcl|NC_017455.1_prot_WP_014554119.1_1	GCF_013342985.1_WP_174605417.1	54.177	419	420	99	419	186	3	2	415	1	418	0.0	629
lcl|NC_017455.1_prot_WP_014554119.1_1	GCF_004117055.1_WP_005827812.1	65.072	419	426	99	418	143	2	2	419	1	415	0.0	629
lcl|NC_017455.1_prot_WP_014554119.1_1	GCF_002849835.1_WP_077706430.1	62.560	419	427	98	414	151	2	2	413	4	415	0.0	629
lcl|NC_017455.1_prot_WP_014554119.1_1	GCF_002305855.1_WP_179956392.1	53.699	419	538	99	419	189	3	1	415	121	538	0.0	629
lcl|NC_017455.1_prot_WP_014554119.1_1	GCF_002224365.1_WP_089530617.1	62.802	419	426	98	414	150	2	2	413	4	415	0.0	629
lcl|NC_017455.1_prot_WP_014554119.1_1	GCF_001692755.1_WP_003513713.1	61.140	419	650	92	386	143	3	29	414	266	644	0.0	629
lcl|NC_017455.1_prot_WP_014554119.1_1	GCF_001663155.1_WP_067596858.1	51.659	419	421	99	422	195	4	2	415	1	421	0.0	629
lcl|NC_017455.1_prot_WP_014554119.1_1	GCF_023822005.2_WP_234612102.1	60.160	419	624	89	374	147	1	44	415	251	624	0.0	629
lcl|NC_017455.1_prot_WP_014554119.1_1	GCF_016495865.1_WP_200086254.1	64.078	419	432	98	412	146	1	2	413	4	413	0.0	629
lcl|NC_017455.1_prot_WP_014554119.1_1	GCF_009648575.1_WP_003772265.1	64.493	419	423	99	414	146	1	2	414	4	417	0.0	629
lcl|NC_017455.1_prot_WP_014554119.1_1	GCF_006337105.1_WP_240703594.1	54.762	419	547	99	420	183	4	2	415	129	547	0.0	629
lcl|NC_017455.1_prot_WP_014554119.1_1	GCF_004803815.1_WP_002949963.1	56.522	419	448	98	414	177	2	3	414	35	447	0.0	629
lcl|NC_017455.1_prot_WP_014554119.1_1	GCF_001988955.1_WP_077131432.1	58.090	419	727	89	377	156	1	41	415	351	727	0.0	629
lcl|NC_017455.1_prot_WP_014554119.1_1	GCF_001298465.1_WP_054196565.1	57.005	419	447	98	414	175	2	3	414	34	446	0.0	629
lcl|NC_017455.1_prot_WP_014554119.1_1	GCF_000973725.1_WP_046310403.1	60.215	419	581	88	372	145	2	45	414	210	580	0.0	629
lcl|NC_017455.1_prot_WP_014554119.1_1	GCF_000280925.3_WP_193409834.1	54.177	419	539	99	419	187	3	1	415	122	539	0.0	629
lcl|NC_017455.1_prot_WP_014554119.1_1	GCF_000196035.1_NP_466074.1	64.010	419	423	99	414	148	1	2	414	4	417	0.0	629
lcl|NC_017455.1_prot_WP_014554119.1_1	GCF_900638015.1_WP_115345986.1	64.096	419	423	99	415	148	1	2	415	4	418	0.0	628
lcl|NC_017455.1_prot_WP_014554119.1_1	GCF_022701015.1_WP_063228969.1	65.072	419	426	99	418	143	2	2	419	1	415	0.0	628
lcl|NC_017455.1_prot_WP_014554119.1_1	GCF_016117655.1_WP_198443450.1	58.313	419	594	98	415	168	3	4	414	175	588	0.0	628
lcl|NC_017455.1_prot_WP_014554119.1_1	GCF_003346775.1_WP_162919506.1	54.217	419	451	98	415	186	3	3	414	37	450	0.0	628
lcl|NC_017455.1_prot_WP_014554119.1_1	GCF_000284635.1_WP_002956821.1	55.932	419	428	98	413	179	2	4	414	16	427	0.0	628
lcl|NC_017455.1_prot_WP_014554119.1_1	GCF_016616095.2_WP_215625690.1	58.034	419	613	99	417	170	3	2	414	191	606	0.0	628
lcl|NC_017455.1_prot_WP_014554119.1_1	GCF_015209725.1_WP_193987131.1	54.762	419	617	99	420	183	4	2	415	199	617	0.0	628
lcl|NC_017455.1_prot_WP_014554119.1_1	GCF_013127955.1_WP_171739925.1	58.355	419	740	89	377	155	1	41	415	364	740	0.0	628
lcl|NC_017455.1_prot_WP_014554119.1_1	GCF_003795125.1_WP_123934006.1	58.838	419	431	99	413	169	1	2	414	5	416	0.0	628
lcl|NC_017455.1_prot_WP_014554119.1_1	GCF_002305895.1_WP_193364434.1	53.938	419	541	99	419	188	3	1	415	124	541	0.0	628
lcl|NC_017455.1_prot_WP_014554119.1_1	GCF_001307805.1_WP_068446825.1	61.353	419	426	98	414	156	2	2	413	4	415	0.0	628
lcl|NC_017455.1_prot_WP_014554119.1_1	GCF_001050135.1_WP_048640957.1	59.200	419	613	89	375	150	2	42	414	239	612	0.0	628
lcl|NC_017455.1_prot_WP_014554119.1_1	GCF_900637055.1_WP_017252384.1	65.072	419	426	99	418	143	2	2	419	1	415	0.0	627
lcl|NC_017455.1_prot_WP_014554119.1_1	GCF_016613475.2_WP_200608521.1	53.095	419	574	99	420	190	4	2	415	156	574	0.0	627
lcl|NC_017455.1_prot_WP_014554119.1_1	GCF_011604685.1_WP_167209747.1	58.090	419	747	89	377	156	1	41	415	371	747	0.0	627
lcl|NC_017455.1_prot_WP_014554119.1_1	GCF_003970675.1_WP_126617543.1	57.909	419	598	89	373	154	2	45	415	227	598	0.0	627
lcl|NC_017455.1_prot_WP_014554119.1_1	GCF_003585765.1_WP_025609297.1	60.215	419	581	88	372	145	2	45	414	210	580	0.0	627
lcl|NC_017455.1_prot_WP_014554119.1_1	GCF_003260975.1_WP_112783971.1	59.946	419	606	88	372	146	2	45	414	235	605	0.0	627
lcl|NC_017455.1_prot_WP_014554119.1_1	GCF_000331715.1_WP_041817073.1	56.595	419	416	99	417	177	3	2	415	1	416	0.0	627
lcl|NC_017455.1_prot_WP_014554119.1_1	GCF_000020645.1_WP_223294012.1	57.245	419	420	99	421	170	4	2	414	1	419	0.0	627
lcl|NC_017455.1_prot_WP_014554119.1_1	GCF_011397115.1_WP_173102485.1	59.756	419	432	98	410	164	1	2	411	6	414	0.0	627
lcl|NC_017455.1_prot_WP_014554119.1_1	GCF_000233775.1_WP_014162734.1	64.649	419	482	99	413	145	1	2	414	69	480	0.0	627
lcl|NC_017455.1_prot_WP_014554119.1_1	GCF_000027145.1_WP_012986456.1	64.251	419	423	99	414	147	1	2	414	4	417	0.0	627
lcl|NC_017455.1_prot_WP_014554119.1_1	GCF_000025185.1_WP_236262088.1	54.785	419	419	99	418	183	3	2	414	1	417	0.0	627
lcl|NC_017455.1_prot_WP_014554119.1_1	GCF_000015105.1_WP_024792294.1	53.461	419	420	99	419	189	3	2	415	1	418	0.0	627
lcl|NC_017455.1_prot_WP_014554119.1_1	GCF_000010405.1_WP_011929829.1	53.938	419	420	99	419	187	3	2	415	1	418	0.0	627
lcl|NC_017455.1_prot_WP_014554119.1_1	GCF_902806995.1_WP_213318725.1	55.422	419	461	98	415	181	3	3	414	47	460	0.0	627
lcl|NC_017455.1_prot_WP_014554119.1_1	GCF_018075365.1_WP_050351168.1	62.319	419	427	98	414	152	2	2	413	4	415	0.0	627
lcl|NC_017455.1_prot_WP_014554119.1_1	GCF_013372125.1_WP_009651463.1	56.522	419	446	98	414	177	2	3	414	33	445	0.0	627
lcl|NC_017455.1_prot_WP_014554119.1_1	GCF_004803795.1_WP_002945468.1	56.522	419	449	98	414	177	2	3	414	35	447	0.0	627
lcl|NC_017455.1_prot_WP_014554119.1_1	GCF_003293695.1_WP_112927818.1	54.286	419	557	99	420	185	4	2	415	139	557	0.0	627
lcl|NC_017455.1_prot_WP_014554119.1_1	GCF_000763515.1_WP_014093761.1	64.251	419	423	99	414	147	1	2	414	4	417	0.0	627
lcl|NC_017455.1_prot_WP_014554119.1_1	GCF_000265385.1_WP_014781201.1	57.527	419	575	88	372	155	2	45	414	204	574	0.0	627
lcl|NC_017455.1_prot_WP_014554119.1_1	GCF_902807005.1_WP_213358080.1	55.663	419	460	98	415	180	3	3	414	46	459	0.0	626
lcl|NC_017455.1_prot_WP_014554119.1_1	GCF_017357825.1_WP_207562421.1	55.663	419	454	98	415	180	3	3	414	38	451	0.0	626
lcl|NC_017455.1_prot_WP_014554119.1_1	GCF_003795145.1_WP_124006082.1	59.024	419	431	98	410	167	1	2	411	5	413	0.0	626
lcl|NC_017455.1_prot_WP_014554119.1_1	GCF_002220755.1_WP_033916157.1	54.940	419	432	99	415	184	2	2	414	18	431	0.0	626
lcl|NC_017455.1_prot_WP_014554119.1_1	GCF_001663675.1_WP_068225566.1	59.712	419	430	99	417	167	1	1	417	4	419	0.0	626
lcl|NC_017455.1_prot_WP_014554119.1_1	GCF_000331735.1_WP_015351756.1	54.177	419	543	99	419	187	3	1	415	126	543	0.0	626
lcl|NC_017455.1_prot_WP_014554119.1_1	GCF_000265505.1_WP_014798679.1	60.858	419	651	89	373	143	2	43	413	278	649	0.0	626
lcl|NC_017455.1_prot_WP_014554119.1_1	GCF_000237085.1_WP_014257047.1	62.205	419	645	91	381	139	2	34	414	263	638	0.0	626
lcl|NC_017455.1_prot_WP_014554119.1_1	GCF_907164845.1_WP_215219358.1	55.238	419	602	99	420	181	4	2	415	184	602	0.0	626
lcl|NC_017455.1_prot_WP_014554119.1_1	GCF_026013645.1_WP_209463014.1	62.319	419	426	98	414	152	2	2	413	4	415	0.0	626
lcl|NC_017455.1_prot_WP_014554119.1_1	GCF_021596945.1_WP_236138849.1	55.474	419	604	98	411	174	4	6	414	200	603	0.0	626
lcl|NC_017455.1_prot_WP_014554119.1_1	GCF_019453995.1_WP_245397614.1	57.108	419	408	97	408	171	3	10	414	1	407	0.0	626
lcl|NC_017455.1_prot_WP_014554119.1_1	GCF_017161365.1_WP_013131143.1	57.672	419	605	89	378	155	2	42	416	225	600	0.0	626
lcl|NC_017455.1_prot_WP_014554119.1_1	GCF_007750395.1_WP_261342279.1	56.355	419	483	98	417	176	3	3	414	66	481	0.0	626
lcl|NC_017455.1_prot_WP_014554119.1_1	GCF_002777255.1_WP_148135263.1	64.269	419	417	99	417	148	1	2	418	1	416	0.0	626
lcl|NC_017455.1_prot_WP_014554119.1_1	GCF_002309535.1_WP_226372232.1	53.735	419	471	99	415	189	2	2	414	57	470	0.0	626
lcl|NC_017455.1_prot_WP_014554119.1_1	GCF_002097535.1_WP_085028208.1	61.667	419	435	99	420	157	2	2	419	4	421	0.0	626
lcl|NC_017455.1_prot_WP_014554119.1_1	GCF_001693335.1_WP_066338475.1	56.416	419	435	98	413	177	2	4	414	21	432	0.0	626
lcl|NC_017455.1_prot_WP_014554119.1_1	GCF_001611675.1_WP_068838339.1	59.677	419	637	88	372	147	2	45	414	266	636	0.0	626
lcl|NC_017455.1_prot_WP_014554119.1_1	GCF_000328625.1_WP_015328069.1	73.494	419	416	99	415	109	1	2	416	1	414	0.0	626
lcl|NC_017455.1_prot_WP_014554119.1_1	GCF_020783315.1_WP_262907882.1	57.732	419	540	92	388	156	3	29	414	158	539	0.0	626
lcl|NC_017455.1_prot_WP_014554119.1_1	GCF_018736065.1_WP_144073633.1	57.909	419	600	89	373	154	2	45	415	229	600	0.0	626
lcl|NC_017455.1_prot_WP_014554119.1_1	GCF_018343815.1_WP_213240194.1	55.422	419	464	98	415	181	3	3	414	50	463	0.0	626
lcl|NC_017455.1_prot_WP_014554119.1_1	GCF_014905095.1_WP_193113087.1	53.735	419	448	98	415	188	3	3	414	32	445	0.0	626
lcl|NC_017455.1_prot_WP_014554119.1_1	GCF_014395425.1_WP_246455213.1	55.238	419	547	99	420	181	4	2	415	129	547	0.0	626
lcl|NC_017455.1_prot_WP_014554119.1_1	GCF_000023825.1_WP_015808876.1	59.140	419	615	88	372	149	2	45	414	244	614	0.0	626
lcl|NC_017455.1_prot_WP_014554119.1_1	GCF_000023125.1_WP_015814641.1	59.893	419	602	89	374	148	1	44	415	229	602	0.0	626
lcl|NC_017455.1_prot_WP_014554119.1_1	GCF_003268595.1_WP_112182214.1	61.985	419	427	98	413	153	2	3	413	5	415	0.0	625
lcl|NC_017455.1_prot_WP_014554119.1_1	GCF_000763575.1_WP_049684343.1	59.446	419	512	94	397	157	2	21	414	108	503	0.0	625
lcl|NC_017455.1_prot_WP_014554119.1_1	GCF_000165465.1_WP_245528303.1	100.000	419	398	94	395	0	0	22	416	1	395	0.0	625
lcl|NC_017455.1_prot_WP_014554119.1_1	GCF_000007905.1_WP_011114866.1	54.479	419	430	98	413	185	2	4	414	16	427	0.0	625
lcl|NC_017455.1_prot_WP_014554119.1_1	GCF_000007605.1_WP_011006103.1	55.181	419	464	98	415	182	3	3	414	50	463	0.0	625
lcl|NC_017455.1_prot_WP_014554119.1_1	GCF_900239975.1_WP_117273819.1	55.422	419	464	98	415	181	3	3	414	50	463	0.0	625
lcl|NC_017455.1_prot_WP_014554119.1_1	GCF_020042285.1_WP_224016853.1	57.732	419	534	92	388	156	3	29	414	152	533	0.0	625
lcl|NC_017455.1_prot_WP_014554119.1_1	GCF_016495725.1_WP_200125886.1	63.835	419	432	98	412	147	1	2	413	4	413	0.0	625
lcl|NC_017455.1_prot_WP_014554119.1_1	GCF_003143535.1_WP_109323900.1	57.825	419	505	89	377	157	1	41	415	129	505	0.0	625
lcl|NC_017455.1_prot_WP_014554119.1_1	GCF_001548275.1_WP_068514893.1	56.250	419	432	98	416	177	4	4	415	18	432	0.0	625
lcl|NC_017455.1_prot_WP_014554119.1_1	GCF_000600105.1_WP_024362885.1	61.848	419	427	99	422	155	2	2	419	4	423	0.0	625
lcl|NC_017455.1_prot_WP_014554119.1_1	GCF_000471025.2_WP_021828903.1	55.422	419	464	98	415	181	3	3	414	50	463	0.0	625
lcl|NC_017455.1_prot_WP_014554119.1_1	GCF_000204255.1_WP_006342805.1	55.422	419	464	98	415	181	3	3	414	50	463	0.0	625
lcl|NC_017455.1_prot_WP_014554119.1_1	GCF_000190735.1_WP_013633139.1	55.867	419	532	93	392	170	2	25	414	141	531	0.0	625
lcl|NC_017455.1_prot_WP_014554119.1_1	GCF_020923495.1_WP_171564060.1	66.829	419	424	98	410	133	2	2	411	1	407	0.0	624
lcl|NC_017455.1_prot_WP_014554119.1_1	GCF_013372165.1_WP_059425916.1	53.735	419	445	99	415	189	2	2	414	31	444	0.0	624
lcl|NC_017455.1_prot_WP_014554119.1_1	GCF_009931655.1_WP_161890372.1	60.215	419	612	88	372	145	2	45	414	241	611	0.0	624
lcl|NC_017455.1_prot_WP_014554119.1_1	GCF_007750855.1_WP_197527505.1	53.589	419	418	99	418	188	3	2	414	1	417	0.0	624
lcl|NC_017455.1_prot_WP_014554119.1_1	GCF_005473905.2_WP_137698897.1	60.743	419	753	90	377	147	1	38	414	369	744	0.0	624
lcl|NC_017455.1_prot_WP_014554119.1_1	GCF_000725365.1_WP_038564034.1	62.560	419	428	98	414	151	2	2	413	4	415	0.0	624
lcl|NC_017455.1_prot_WP_014554119.1_1	GCF_000183425.1_WP_013454911.1	58.824	419	526	89	374	151	2	43	414	153	525	0.0	624
lcl|NC_017455.1_prot_WP_014554119.1_1	GCF_014352875.1_WP_187482575.1	57.258	419	562	88	372	156	2	45	414	191	561	0.0	624
lcl|NC_017455.1_prot_WP_014554119.1_1	GCF_009258045.1_WP_152299769.1	54.458	419	445	98	415	185	3	3	414	30	443	0.0	624
lcl|NC_017455.1_prot_WP_014554119.1_1	GCF_007747215.1_WP_261341986.1	57.794	419	493	98	417	168	4	4	413	74	489	0.0	624
lcl|NC_017455.1_prot_WP_014554119.1_1	GCF_006459125.1_WP_044417211.1	54.567	419	447	99	416	185	3	2	414	32	446	0.0	624
lcl|NC_017455.1_prot_WP_014554119.1_1	GCF_001629705.1_WP_066399028.1	64.179	419	428	96	402	142	1	2	403	3	402	0.0	624
lcl|NC_017455.1_prot_WP_014554119.1_1	GCF_000265405.1_WP_014771245.1	59.409	419	597	88	372	148	2	45	414	226	596	0.0	624
lcl|NC_017455.1_prot_WP_014554119.1_1	GCF_000236705.1_WP_014200558.1	59.893	419	561	89	374	147	2	43	414	188	560	0.0	624
lcl|NC_017455.1_prot_WP_014554119.1_1	GCF_000009945.1_WP_011458423.1	55.422	419	464	98	415	181	3	3	414	50	463	0.0	624
lcl|NC_017455.1_prot_WP_014554119.1_1	GCF_907165195.1_WP_258541184.1	55.784	419	565	92	389	168	3	29	414	177	564	0.0	624
lcl|NC_017455.1_prot_WP_014554119.1_1	GCF_900476215.1_WP_013023182.1	55.181	419	431	99	415	183	2	2	414	15	428	0.0	624
lcl|NC_017455.1_prot_WP_014554119.1_1	GCF_026871175.1_WP_036089624.1	63.285	419	423	99	414	151	1	2	414	4	417	0.0	624
lcl|NC_017455.1_prot_WP_014554119.1_1	GCF_020459125.1_WP_021756358.1	55.663	419	463	98	415	180	3	3	414	49	462	0.0	624
lcl|NC_017455.1_prot_WP_014554119.1_1	GCF_017569185.1_WP_208078038.1	56.989	419	570	88	372	157	2	45	414	199	569	0.0	624
lcl|NC_017455.1_prot_WP_014554119.1_1	GCF_015356815.2_WP_246587637.1	56.618	419	408	97	408	173	3	10	414	1	407	0.0	624
lcl|NC_017455.1_prot_WP_014554119.1_1	GCF_003534205.1_WP_036063329.1	63.285	419	423	99	414	151	1	2	414	4	417	0.0	624
lcl|NC_017455.1_prot_WP_014554119.1_1	GCF_003049605.2_WP_107947539.1	62.085	419	427	99	422	154	2	2	419	4	423	0.0	624
lcl|NC_017455.1_prot_WP_014554119.1_1	GCF_001997385.1_WP_227806848.1	56.971	419	424	98	416	174	3	4	415	8	422	0.0	624
lcl|NC_017455.1_prot_WP_014554119.1_1	GCF_026278345.1_WP_266367153.1	59.151	419	672	89	377	152	1	41	415	296	672	0.0	623
lcl|NC_017455.1_prot_WP_014554119.1_1	GCF_026248825.1_WP_265991151.1	59.091	419	679	89	374	151	1	44	415	306	679	0.0	623
lcl|NC_017455.1_prot_WP_014554119.1_1	GCF_024181585.1_WP_253726332.1	58.795	419	584	98	415	166	3	4	414	162	575	0.0	623
lcl|NC_017455.1_prot_WP_014554119.1_1	GCF_022760175.1_WP_242937450.1	58.445	419	574	89	373	152	2	45	415	203	574	0.0	623
lcl|NC_017455.1_prot_WP_014554119.1_1	GCF_014931075.1_WP_044598537.1	55.181	419	434	99	415	183	2	2	414	20	433	0.0	623
lcl|NC_017455.1_prot_WP_014554119.1_1	GCF_008245045.1_WP_039665342.1	55.422	419	432	99	415	182	2	2	414	18	431	0.0	623
lcl|NC_017455.1_prot_WP_014554119.1_1	GCF_002706425.1_WP_010009306.1	59.233	419	430	99	417	169	1	1	417	4	419	0.0	623
lcl|NC_017455.1_prot_WP_014554119.1_1	GCF_002355595.1_WP_231940467.1	56.477	419	577	92	386	160	3	31	414	197	576	0.0	623
lcl|NC_017455.1_prot_WP_014554119.1_1	GCF_002277955.1_WP_095414664.1	55.847	419	498	98	419	177	4	3	414	79	496	0.0	623
lcl|NC_017455.1_prot_WP_014554119.1_1	GCF_001761365.1_WP_065318718.1	57.527	419	573	88	372	155	2	45	414	202	572	0.0	623
lcl|NC_017455.1_prot_WP_014554119.1_1	GCF_000208385.1_WP_215904643.1	55.904	419	572	98	415	178	3	4	414	132	545	0.0	623
lcl|NC_017455.1_prot_WP_014554119.1_1	GCF_000143985.1_WP_013255736.1	58.034	419	526	99	417	170	3	2	414	105	520	0.0	623
lcl|NC_017455.1_prot_WP_014554119.1_1	GCF_013201935.1_WP_129013042.1	54.567	419	442	99	416	185	3	2	414	27	441	0.0	623
lcl|NC_017455.1_prot_WP_014554119.1_1	GCF_013177635.1_WP_128985225.1	54.567	419	442	99	416	185	3	2	414	27	441	0.0	623
lcl|NC_017455.1_prot_WP_014554119.1_1	GCF_008153345.1_WP_024752317.1	58.795	419	527	98	415	166	3	4	414	109	522	0.0	623
lcl|NC_017455.1_prot_WP_014554119.1_1	GCF_007971385.1_WP_146781085.1	55.663	419	605	99	415	173	4	2	414	199	604	0.0	623
lcl|NC_017455.1_prot_WP_014554119.1_1	GCF_007971025.1_WP_187359684.1	56.010	419	546	93	391	163	3	26	414	162	545	0.0	623
lcl|NC_017455.1_prot_WP_014554119.1_1	GCF_003544935.1_WP_099342558.1	54.217	419	447	98	415	186	3	3	414	33	446	0.0	623
lcl|NC_017455.1_prot_WP_014554119.1_1	GCF_002117005.1_WP_226997533.1	56.971	419	424	98	416	174	3	4	415	8	422	0.0	623
lcl|NC_017455.1_prot_WP_014554119.1_1	GCF_001685435.2_WP_008590492.1	61.538	419	425	99	416	156	2	2	415	4	417	0.0	623
lcl|NC_017455.1_prot_WP_014554119.1_1	GCF_000736415.1_WP_038454962.1	53.976	419	447	99	415	188	2	2	414	33	446	0.0	623
lcl|NC_017455.1_prot_WP_014554119.1_1	GCF_000568815.1_WP_025343783.1	53.976	419	460	99	415	188	2	2	414	46	459	0.0	623
lcl|NC_017455.1_prot_WP_014554119.1_1	GCF_000265295.1_WP_041671766.1	53.012	419	447	99	415	192	2	2	414	33	446	0.0	623
lcl|NC_017455.1_prot_WP_014554119.1_1	GCF_000024385.1_WP_012854248.1	55.937	419	679	90	379	162	2	42	417	298	674	0.0	623
lcl|NC_017455.1_prot_WP_014554119.1_1	GCF_900564155.1_WP_121271448.1	59.140	419	614	88	372	149	2	45	414	243	613	0.0	622
lcl|NC_017455.1_prot_WP_014554119.1_1	GCF_019056495.1_WP_131744008.1	55.663	419	464	98	415	180	3	3	414	50	463	0.0	622
lcl|NC_017455.1_prot_WP_014554119.1_1	GCF_015034585.1_WP_016189128.1	55.145	419	644	90	379	165	2	42	417	263	639	0.0	622
lcl|NC_017455.1_prot_WP_014554119.1_1	GCF_012849215.1_WP_169609741.1	58.933	419	560	89	375	151	2	42	414	186	559	0.0	622
lcl|NC_017455.1_prot_WP_014554119.1_1	GCF_009905215.1_WP_269844997.1	58.554	419	418	99	415	169	2	2	414	4	417	0.0	622
lcl|NC_017455.1_prot_WP_014554119.1_1	GCF_009754905.2_WP_244139487.1	58.133	419	552	89	375	154	2	42	414	178	551	0.0	622
lcl|NC_017455.1_prot_WP_014554119.1_1	GCF_001723605.1_WP_174543298.1	53.735	419	471	99	415	189	2	2	414	57	470	0.0	622
lcl|NC_017455.1_prot_WP_014554119.1_1	GCF_000019205.1_WP_012661202.1	55.422	419	434	99	415	182	2	2	414	20	433	0.0	622
lcl|NC_017455.1_prot_WP_014554119.1_1	GCF_000012965.1_WP_011373182.1	53.828	419	447	99	418	189	3	3	417	31	447	0.0	622
lcl|NC_017455.1_prot_WP_014554119.1_1	GCF_009258225.1_WP_152307707.1	53.253	419	451	98	415	190	3	3	414	36	449	0.0	622
lcl|NC_017455.1_prot_WP_014554119.1_1	GCF_008195825.1_WP_149073788.1	57.796	419	529	88	372	154	2	45	414	158	528	0.0	622
lcl|NC_017455.1_prot_WP_014554119.1_1	GCF_001017655.1_WP_236682507.1	57.108	419	416	99	415	175	2	2	414	1	414	0.0	622
lcl|NC_017455.1_prot_WP_014554119.1_1	GCF_000816185.1_WP_039649614.1	55.904	419	432	99	415	180	2	2	414	18	431	0.0	622
lcl|NC_017455.1_prot_WP_014554119.1_1	GCF_000724775.3_WP_012292741.1	61.848	419	427	99	422	155	2	2	419	4	423	0.0	622
lcl|NC_017455.1_prot_WP_014554119.1_1	GCF_000217815.1_WP_013932021.1	58.354	419	431	98	413	170	2	2	413	13	424	0.0	622
lcl|NC_017455.1_prot_WP_014554119.1_1	GCF_000093085.1_WP_013174064.1	62.802	419	427	99	414	152	1	2	415	3	414	0.0	622
lcl|NC_017455.1_prot_WP_014554119.1_1	GCF_016725645.1_WP_002999484.1	54.015	419	495	98	411	185	3	6	414	86	494	0.0	622
lcl|NC_017455.1_prot_WP_014554119.1_1	GCF_014784055.1_WP_088354409.1	57.258	419	568	88	372	156	2	45	414	197	567	0.0	622
lcl|NC_017455.1_prot_WP_014554119.1_1	GCF_010093065.1_WP_202929129.1	54.975	419	575	95	402	171	4	17	414	179	574	0.0	622
lcl|NC_017455.1_prot_WP_014554119.1_1	GCF_010092985.1_WP_162427558.1	60.215	419	606	88	372	145	2	45	414	235	605	0.0	622
lcl|NC_017455.1_prot_WP_014554119.1_1	GCF_004208415.1_WP_129891560.1	63.095	419	422	99	420	148	2	2	415	1	419	0.0	622
lcl|NC_017455.1_prot_WP_014554119.1_1	GCF_003336365.1_WP_114373149.1	63.592	419	431	98	412	148	1	2	413	3	412	0.0	622
lcl|NC_017455.1_prot_WP_014554119.1_1	GCF_003074055.1_WP_108708713.1	54.453	419	684	93	393	167	3	29	418	295	678	0.0	622
lcl|NC_017455.1_prot_WP_014554119.1_1	GCF_001878675.1_WP_019378226.1	63.145	419	426	97	407	146	2	2	406	4	408	0.0	622
lcl|NC_017455.1_prot_WP_014554119.1_1	GCF_000816305.1_WP_039663099.1	55.422	419	433	99	415	182	2	2	414	19	432	0.0	622
lcl|NC_017455.1_prot_WP_014554119.1_1	GCF_000196315.1_WP_013185978.1	58.065	419	579	88	372	153	2	45	414	208	578	0.0	622
lcl|NC_017455.1_prot_WP_014554119.1_1	GCF_000195275.1_WP_013701594.1	59.036	419	589	98	415	165	3	4	414	169	582	0.0	622
lcl|NC_017455.1_prot_WP_014554119.1_1	GCF_000024885.1_WP_012856246.1	53.253	419	447	99	415	191	2	2	414	33	446	0.0	622
lcl|NC_017455.1_prot_WP_014554119.1_1	GCF_000009305.1_WP_011577769.1	54.458	419	438	99	415	186	2	2	414	23	436	0.0	622
lcl|NC_017455.1_prot_WP_014554119.1_1	GCF_016638705.1_WP_053596464.1	61.611	419	427	99	422	156	2	2	419	4	423	0.0	621
lcl|NC_017455.1_prot_WP_014554119.1_1	GCF_008000935.1_WP_147584170.1	59.677	419	593	88	372	147	2	45	414	221	591	0.0	621
lcl|NC_017455.1_prot_WP_014554119.1_1	GCF_006965545.2_WP_176010746.1	61.259	419	435	99	413	158	1	3	415	4	414	0.0	621
lcl|NC_017455.1_prot_WP_014554119.1_1	GCF_003343305.1_WP_086304368.1	58.924	419	431	98	409	167	1	2	410	5	412	0.0	621
lcl|NC_017455.1_prot_WP_014554119.1_1	GCF_002302565.1_WP_095900309.1	58.713	419	584	89	373	151	2	45	415	213	584	0.0	621
lcl|NC_017455.1_prot_WP_014554119.1_1	GCF_000006685.1_WP_010231507.1	55.181	419	464	98	415	182	3	3	414	50	463	0.0	621
lcl|NC_017455.1_prot_WP_014554119.1_1	GCF_900239945.1_WP_108896679.1	55.663	419	464	98	415	180	3	3	414	50	463	0.0	621
lcl|NC_017455.1_prot_WP_014554119.1_1	GCF_023277505.1_WP_075994695.1	58.981	419	499	89	373	150	2	44	414	127	498	0.0	621
lcl|NC_017455.1_prot_WP_014554119.1_1	GCF_017821535.1_WP_164539516.1	53.976	419	438	99	415	188	2	2	414	23	436	0.0	621
lcl|NC_017455.1_prot_WP_014554119.1_1	GCF_014621695.1_WP_188336864.1	55.820	419	662	89	378	162	2	44	418	280	655	0.0	621
lcl|NC_017455.1_prot_WP_014554119.1_1	GCF_013488205.1_WP_180905125.1	57.447	419	549	89	376	157	2	42	415	175	549	0.0	621
lcl|NC_017455.1_prot_WP_014554119.1_1	GCF_013201725.1_WP_014473126.1	54.087	419	442	99	416	187	3	2	414	27	441	0.0	621
lcl|NC_017455.1_prot_WP_014554119.1_1	GCF_003097575.1_WP_108910459.1	55.048	419	440	99	416	183	3	2	414	21	435	0.0	621
lcl|NC_017455.1_prot_WP_014554119.1_1	GCF_002302635.1_WP_095894627.1	59.409	419	585	88	372	148	2	45	414	214	584	0.0	621
lcl|NC_017455.1_prot_WP_014554119.1_1	GCF_002021945.1_WP_069632666.1	55.797	419	451	98	414	180	2	3	414	38	450	0.0	621
lcl|NC_017455.1_prot_WP_014554119.1_1	GCF_000756505.1_WP_014789917.1	59.517	419	575	89	373	148	2	45	415	204	575	0.0	621
lcl|NC_017455.1_prot_WP_014554119.1_1	GCF_000007205.1_WP_010883248.1	55.422	419	464	98	415	181	3	3	414	50	463	0.0	621
lcl|NC_017455.1_prot_WP_014554119.1_1	GCF_023923245.1_WP_252546550.1	54.897	419	693	92	388	170	2	35	419	305	690	0.0	621
lcl|NC_017455.1_prot_WP_014554119.1_1	GCF_020217405.1_WP_004269450.1	61.137	419	427	99	422	158	2	2	419	4	423	0.0	621
lcl|NC_017455.1_prot_WP_014554119.1_1	GCF_018141485.1_WP_136240774.1	55.820	419	687	89	378	162	2	44	418	305	680	0.0	621
lcl|NC_017455.1_prot_WP_014554119.1_1	GCF_016888945.1_WP_008140606.1	57.641	419	658	88	373	154	3	45	414	286	657	0.0	621
lcl|NC_017455.1_prot_WP_014554119.1_1	GCF_016725865.1_WP_070570498.1	58.981	419	499	89	373	150	2	44	414	127	498	0.0	621
lcl|NC_017455.1_prot_WP_014554119.1_1	GCF_015160875.1_WP_189701470.1	55.673	419	673	90	379	163	2	43	418	291	667	0.0	621
lcl|NC_017455.1_prot_WP_014554119.1_1	GCF_008704715.1_WP_150499775.1	55.937	419	671	90	379	162	2	43	418	289	665	0.0	621
lcl|NC_017455.1_prot_WP_014554119.1_1	GCF_003963535.1_WP_126395076.1	55.673	419	660	90	379	163	2	43	418	278	654	0.0	621
lcl|NC_017455.1_prot_WP_014554119.1_1	GCF_002082175.1_WP_030730769.1	54.881	419	671	90	379	166	2	44	419	289	665	0.0	621
lcl|NC_017455.1_prot_WP_014554119.1_1	GCF_001712815.1_WP_014124376.1	58.394	419	431	98	411	170	1	2	412	5	414	0.0	621
lcl|NC_017455.1_prot_WP_014554119.1_1	GCF_001602095.1_WP_066388784.1	54.067	419	431	99	418	189	2	2	417	15	431	0.0	621
lcl|NC_017455.1_prot_WP_014554119.1_1	GCF_001460635.1_WP_034327450.1	55.448	419	430	98	413	181	2	4	414	16	427	0.0	621
lcl|NC_017455.1_prot_WP_014554119.1_1	GCF_000802245.2_WP_039651506.1	55.820	419	685	89	378	162	2	44	418	304	679	0.0	621
lcl|NC_017455.1_prot_WP_014554119.1_1	GCF_000253035.1_WP_006341332.1	57.005	419	459	98	414	174	3	4	414	46	458	0.0	621
lcl|NC_017455.1_prot_WP_014554119.1_1	GCF_000196135.1_WP_011138720.1	54.327	419	453	99	416	186	3	2	414	37	451	0.0	621
lcl|NC_017455.1_prot_WP_014554119.1_1	GCF_000024005.1_WP_044217905.1	57.216	419	575	92	388	158	3	29	414	193	574	0.0	621
lcl|NC_017455.1_prot_WP_014554119.1_1	GCF_020783455.1_WP_228181494.1	54.881	419	678	90	379	166	2	44	419	296	672	0.0	620
lcl|NC_017455.1_prot_WP_014554119.1_1	GCF_020042345.1_WP_224071718.1	55.048	419	606	99	416	174	5	2	414	200	605	0.0	620
lcl|NC_017455.1_prot_WP_014554119.1_1	GCF_016906185.1_WP_030276035.1	54.881	419	672	90	379	166	2	44	419	290	666	0.0	620
lcl|NC_017455.1_prot_WP_014554119.1_1	GCF_016757735.1_WP_202336820.1	56.989	419	566	88	372	157	2	45	414	195	565	0.0	620
lcl|NC_017455.1_prot_WP_014554119.1_1	GCF_016467295.1_WP_128791700.1	56.085	419	679	89	378	161	2	44	418	298	673	0.0	620
lcl|NC_017455.1_prot_WP_014554119.1_1	GCF_013201605.1_WP_066006742.1	55.663	419	434	99	415	181	2	2	414	20	433	0.0	620
lcl|NC_017455.1_prot_WP_014554119.1_1	GCF_008254045.1_WP_261368427.1	56.938	419	419	98	418	172	4	4	414	1	417	0.0	620
lcl|NC_017455.1_prot_WP_014554119.1_1	GCF_001697185.1_WP_068826231.1	57.258	419	549	88	372	156	2	45	414	178	548	0.0	620
lcl|NC_017455.1_prot_WP_014554119.1_1	GCF_001687475.2_WP_066776401.1	55.663	419	432	99	415	181	2	2	414	18	431	0.0	620
lcl|NC_017455.1_prot_WP_014554119.1_1	GCF_000025005.1_WP_041424899.1	60.591	419	407	97	406	159	1	10	415	1	405	0.0	620
lcl|NC_017455.1_prot_WP_014554119.1_1	GCF_000014145.1_WP_011586943.1	57.796	419	573	88	372	154	2	45	414	202	572	0.0	620
lcl|NC_017455.1_prot_WP_014554119.1_1	GCF_910589745.1_WP_252158077.1	58.602	419	549	88	372	151	2	45	414	178	548	0.0	620
lcl|NC_017455.1_prot_WP_014554119.1_1	GCF_900095795.1_WP_071136668.1	58.713	419	689	88	373	150	3	45	414	317	688	0.0	620
lcl|NC_017455.1_prot_WP_014554119.1_1	GCF_018736045.1_WP_169665735.1	55.270	419	574	92	389	166	3	29	415	192	574	0.0	620
lcl|NC_017455.1_prot_WP_014554119.1_1	GCF_017526105.1_WP_208034425.1	56.085	419	664	89	378	161	2	44	418	284	659	0.0	620
lcl|NC_017455.1_prot_WP_014554119.1_1	GCF_015767775.1_WP_003952450.1	55.291	419	672	89	378	164	2	44	418	291	666	0.0	620
lcl|NC_017455.1_prot_WP_014554119.1_1	GCF_013372105.1_WP_139426656.1	55.663	419	434	99	415	181	2	2	414	20	433	0.0	620
lcl|NC_017455.1_prot_WP_014554119.1_1	GCF_011044175.1_WP_164680521.1	58.065	419	562	88	372	153	2	45	414	191	561	0.0	620
lcl|NC_017455.1_prot_WP_014554119.1_1	GCF_003955715.1_WP_126274369.1	55.039	419	664	92	387	169	2	35	418	274	658	0.0	620
lcl|NC_017455.1_prot_WP_014554119.1_1	GCF_003576455.2_WP_119408434.1	53.589	419	546	98	418	178	4	6	414	135	545	0.0	620
lcl|NC_017455.1_prot_WP_014554119.1_1	GCF_001735805.1_WP_069778702.1	56.085	419	662	89	378	161	2	44	418	281	656	0.0	620
lcl|NC_017455.1_prot_WP_014554119.1_1	GCF_001278075.1_WP_037773741.1	55.291	419	692	89	378	164	2	44	418	310	685	0.0	620
lcl|NC_017455.1_prot_WP_014554119.1_1	GCF_001267885.1_WP_053137099.1	55.409	419	699	90	379	164	2	43	418	317	693	0.0	620
lcl|NC_017455.1_prot_WP_014554119.1_1	GCF_000166415.1_WP_013404967.1	90.865	419	419	99	416	38	0	1	416	1	416	0.0	620
lcl|NC_017455.1_prot_WP_014554119.1_1	GCF_028751525.1_WP_274457701.1	63.861	419	412	96	404	143	2	10	413	1	401	0.0	619
lcl|NC_017455.1_prot_WP_014554119.1_1	GCF_021028635.1_WP_230902785.1	55.820	419	696	89	378	162	2	44	418	314	689	0.0	619
lcl|NC_017455.1_prot_WP_014554119.1_1	GCF_014524565.1_WP_210758312.1	57.979	419	570	89	376	155	2	41	414	195	569	0.0	619
lcl|NC_017455.1_prot_WP_014554119.1_1	GCF_011046555.1_WP_103907039.1	58.021	419	497	89	374	154	2	43	414	124	496	0.0	619
lcl|NC_017455.1_prot_WP_014554119.1_1	GCF_007859675.1_WP_146322537.1	52.880	419	716	90	382	173	2	42	418	318	697	0.0	619
lcl|NC_017455.1_prot_WP_014554119.1_1	GCF_006716135.1_WP_142231861.1	55.937	419	682	90	379	162	2	43	418	300	676	0.0	619
lcl|NC_017455.1_prot_WP_014554119.1_1	GCF_005145005.1_WP_136953678.1	58.578	419	426	97	408	168	1	2	409	5	411	0.0	619
lcl|NC_017455.1_prot_WP_014554119.1_1	GCF_003665435.1_WP_121547545.1	55.409	419	693	90	379	164	2	43	418	311	687	0.0	619
lcl|NC_017455.1_prot_WP_014554119.1_1	GCF_003268615.1_WP_113738449.1	56.684	419	516	89	374	159	2	43	414	143	515	0.0	619
lcl|NC_017455.1_prot_WP_014554119.1_1	GCF_003065425.1_WP_108390483.1	53.264	419	784	90	383	172	2	42	419	392	772	0.0	619
lcl|NC_017455.1_prot_WP_014554119.1_1	GCF_000447675.1_WP_020965338.1	57.349	419	529	98	415	172	3	4	414	109	522	0.0	619
lcl|NC_017455.1_prot_WP_014554119.1_1	GCF_000444875.1_WP_020942259.1	55.820	419	670	89	378	162	2	44	418	289	664	0.0	619
lcl|NC_017455.1_prot_WP_014554119.1_1	GCF_000259275.1_WP_014659577.1	54.964	419	438	98	413	183	2	4	414	25	436	0.0	619
lcl|NC_017455.1_prot_WP_014554119.1_1	GCF_000010605.1_WP_003966266.1	54.881	419	681	90	379	166	2	44	419	299	675	0.0	619
lcl|NC_017455.1_prot_WP_014554119.1_1	GCF_017352335.1_WP_043443883.1	55.820	419	659	89	378	162	2	44	418	279	654	0.0	619
lcl|NC_017455.1_prot_WP_014554119.1_1	GCF_009930795.1_WP_161886021.1	54.450	419	849	90	382	167	2	42	418	462	841	0.0	619
lcl|NC_017455.1_prot_WP_014554119.1_1	GCF_009796285.1_WP_158924782.1	56.085	419	660	89	378	161	2	44	418	279	654	0.0	619
lcl|NC_017455.1_prot_WP_014554119.1_1	GCF_008329945.1_WP_149566851.1	54.567	419	583	98	416	183	4	4	414	168	582	0.0	619
lcl|NC_017455.1_prot_WP_014554119.1_1	GCF_008274825.1_WP_149526816.1	58.177	419	497	89	373	153	2	44	414	125	496	0.0	619
lcl|NC_017455.1_prot_WP_014554119.1_1	GCF_007475525.1_WP_200885774.1	52.771	419	417	99	415	193	2	2	414	1	414	0.0	619
lcl|NC_017455.1_prot_WP_014554119.1_1	GCF_004792515.1_WP_135253942.1	58.578	419	426	97	408	168	1	2	409	5	411	0.0	619
lcl|NC_017455.1_prot_WP_014554119.1_1	GCF_003346755.1_WP_101183223.1	54.458	419	447	98	415	185	3	3	414	33	446	0.0	619
lcl|NC_017455.1_prot_WP_014554119.1_1	GCF_002736205.1_WP_099438998.1	59.140	419	565	88	372	149	2	45	414	194	564	0.0	619
lcl|NC_017455.1_prot_WP_014554119.1_1	GCF_002201795.1_WP_079558521.1	58.445	419	588	88	373	151	3	45	414	215	586	0.0	619
lcl|NC_017455.1_prot_WP_014554119.1_1	GCF_000020005.1_WP_012449254.1	62.836	419	414	98	409	151	1	2	410	1	408	0.0	619
lcl|NC_017455.1_prot_WP_014554119.1_1	GCF_024918935.1_WP_208890242.1	56.989	419	569	88	372	157	2	45	414	198	568	0.0	619
lcl|NC_017455.1_prot_WP_014554119.1_1	GCF_019599145.1_WP_220646526.1	55.556	419	683	89	378	163	2	44	418	302	677	0.0	619
lcl|NC_017455.1_prot_WP_014554119.1_1	GCF_019175485.1_WP_010744531.1	59.658	419	431	98	409	164	1	2	410	5	412	0.0	619
lcl|NC_017455.1_prot_WP_014554119.1_1	GCF_018024495.1_WP_244857875.1	52.094	419	672	90	382	176	2	42	418	280	659	0.0	619
lcl|NC_017455.1_prot_WP_014554119.1_1	GCF_014075995.1_WP_182416088.1	59.677	419	672	88	372	147	2	45	414	301	671	0.0	619
lcl|NC_017455.1_prot_WP_014554119.1_1	GCF_011047135.1_WP_241246255.1	53.403	419	743	90	382	171	2	42	418	348	727	0.0	619
lcl|NC_017455.1_prot_WP_014554119.1_1	GCF_008704575.1_WP_150472768.1	55.937	419	678	90	379	162	2	44	419	299	675	0.0	619
lcl|NC_017455.1_prot_WP_014554119.1_1	GCF_002302475.1_WP_095897346.1	59.140	419	576	88	372	149	2	45	414	205	575	0.0	619
lcl|NC_017455.1_prot_WP_014554119.1_1	GCF_002257585.1_WP_094570206.1	58.133	419	540	89	375	154	2	42	414	166	539	0.0	619
lcl|NC_017455.1_prot_WP_014554119.1_1	GCF_000146025.2_WP_095558968.1	56.490	419	423	98	416	176	4	2	413	1	415	0.0	619
lcl|NC_017455.1_prot_WP_014554119.1_1	GCF_000008725.1_NP_220005.1	55.181	419	464	98	415	182	3	3	414	50	463	0.0	619
lcl|NC_017455.1_prot_WP_014554119.1_1	GCF_901482695.1_WP_028069172.1	58.981	419	499	89	373	150	2	44	414	127	498	0.0	618
lcl|NC_017455.1_prot_WP_014554119.1_1	GCF_023299185.1_WP_126762627.1	58.578	419	424	97	408	168	1	2	409	5	411	0.0	618
lcl|NC_017455.1_prot_WP_014554119.1_1	GCF_020310005.1_WP_225571497.1	57.527	419	550	88	372	155	2	45	414	179	549	0.0	618
lcl|NC_017455.1_prot_WP_014554119.1_1	GCF_019968605.1_WP_223445208.1	57.796	419	580	88	372	154	2	45	414	209	579	0.0	618
lcl|NC_017455.1_prot_WP_014554119.1_1	GCF_015265475.1_WP_194366209.1	54.217	419	450	98	415	186	3	3	414	34	447	0.0	618
lcl|NC_017455.1_prot_WP_014554119.1_1	GCF_014673495.1_WP_037656517.1	56.085	419	673	89	378	161	2	44	418	292	667	0.0	618
lcl|NC_017455.1_prot_WP_014554119.1_1	GCF_013283835.1_WP_071627575.1	53.846	419	442	99	416	188	3	2	414	27	441	0.0	618
lcl|NC_017455.1_prot_WP_014554119.1_1	GCF_011600945.2_WP_002850294.1	53.735	419	444	99	415	189	2	2	414	30	443	0.0	618
lcl|NC_017455.1_prot_WP_014554119.1_1	GCF_007748015.1_WP_197996588.1	56.699	419	419	99	418	175	3	2	414	1	417	0.0	618
lcl|NC_017455.1_prot_WP_014554119.1_1	GCF_003994395.1_WP_127177967.1	55.556	419	683	89	378	163	2	44	418	302	677	0.0	618
lcl|NC_017455.1_prot_WP_014554119.1_1	GCF_003097515.1_WP_206307188.1	55.820	419	666	89	378	162	2	44	418	285	660	0.0	618
lcl|NC_017455.1_prot_WP_014554119.1_1	GCF_001013905.1_WP_029383389.1	55.673	419	687	90	379	163	2	43	418	305	681	0.0	618
lcl|NC_017455.1_prot_WP_014554119.1_1	GCF_000020145.1_WP_041691396.1	54.106	419	418	98	414	187	2	2	413	1	413	0.0	618
lcl|NC_017455.1_prot_WP_014554119.1_1	GCF_000009765.2_WP_010984347.1	55.291	419	688	89	378	164	2	44	418	306	681	0.0	618
lcl|NC_017455.1_prot_WP_014554119.1_1	GCF_916098265.1_WP_004277528.1	54.458	419	431	99	415	186	2	2	414	17	430	0.0	618
lcl|NC_017455.1_prot_WP_014554119.1_1	GCF_025999835.1_WP_264842414.1	61.707	419	416	98	410	156	1	2	411	1	409	0.0	618
lcl|NC_017455.1_prot_WP_014554119.1_1	GCF_022699385.1_WP_242754412.1	55.937	419	693	90	379	162	2	43	418	311	687	0.0	618
lcl|NC_017455.1_prot_WP_014554119.1_1	GCF_022267555.1_WP_238866992.1	56.836	419	663	88	373	157	3	45	414	291	662	0.0	618
lcl|NC_017455.1_prot_WP_014554119.1_1	GCF_021183825.1_WP_233030416.1	57.641	419	566	89	373	155	2	45	415	195	566	0.0	618
lcl|NC_017455.1_prot_WP_014554119.1_1	GCF_020149915.1_WP_240524871.1	58.445	419	641	88	373	151	3	45	414	269	640	0.0	618
lcl|NC_017455.1_prot_WP_014554119.1_1	GCF_016804005.1_WP_203182471.1	54.881	419	689	90	379	166	2	44	419	307	683	0.0	618
lcl|NC_017455.1_prot_WP_014554119.1_1	GCF_015160855.1_WP_194040586.1	55.409	419	676	90	379	164	2	43	418	295	671	0.0	618
lcl|NC_017455.1_prot_WP_014554119.1_1	GCF_014217805.1_WP_185272715.1	59.677	419	670	88	372	147	2	45	414	299	669	0.0	618
lcl|NC_017455.1_prot_WP_014554119.1_1	GCF_013372225.1_WP_018712591.1	55.797	419	435	98	414	180	2	3	414	22	434	0.0	618
lcl|NC_017455.1_prot_WP_014554119.1_1	GCF_013201645.1_WP_025802654.1	57.005	419	431	98	414	175	2	3	414	18	430	0.0	618
lcl|NC_017455.1_prot_WP_014554119.1_1	GCF_007751035.1_WP_261345006.1	53.477	419	500	98	417	188	3	3	414	83	498	0.0	618
lcl|NC_017455.1_prot_WP_014554119.1_1	GCF_004139715.1_WP_129605361.1	58.667	419	539	89	375	152	2	43	415	166	539	0.0	618
lcl|NC_017455.1_prot_WP_014554119.1_1	GCF_003595235.1_WP_062027094.1	55.673	419	677	90	379	163	2	43	418	295	671	0.0	618
lcl|NC_017455.1_prot_WP_014554119.1_1	GCF_003261055.1_WP_053761960.1	55.937	419	669	90	379	162	2	43	418	287	663	0.0	618
lcl|NC_017455.1_prot_WP_014554119.1_1	GCF_002355435.1_WP_096353468.1	58.133	419	538	89	375	154	2	42	414	164	537	0.0	618
lcl|NC_017455.1_prot_WP_014554119.1_1	GCF_002082585.1_WP_084749331.1	54.881	419	678	90	379	166	2	44	419	296	672	0.0	618
lcl|NC_017455.1_prot_WP_014554119.1_1	GCF_001660045.1_WP_064729848.1	55.145	419	679	90	379	165	2	43	418	297	673	0.0	618
lcl|NC_017455.1_prot_WP_014554119.1_1	GCF_001544015.1_WP_068140099.1	62.350	419	423	99	417	155	2	2	417	1	416	0.0	618
lcl|NC_017455.1_prot_WP_014554119.1_1	GCF_000299355.1_WP_014966398.1	54.933	419	448	99	446	169	2	2	416	1	445	0.0	618
lcl|NC_017455.1_prot_WP_014554119.1_1	GCF_000214375.1_WP_015707633.1	58.034	419	635	99	417	170	3	2	414	213	628	0.0	618
lcl|NC_017455.1_prot_WP_014554119.1_1	GCF_000153485.2_WP_015023054.1	57.796	419	598	88	372	154	2	45	414	227	597	0.0	618
lcl|NC_017455.1_prot_WP_014554119.1_1	GCF_027947595.1_WP_271320381.1	55.409	419	697	90	379	164	2	43	418	315	691	0.0	617
lcl|NC_017455.1_prot_WP_014554119.1_1	GCF_024752535.1_WP_135567664.1	55.409	419	692	90	379	164	2	43	418	310	686	0.0	617
lcl|NC_017455.1_prot_WP_014554119.1_1	GCF_015265455.1_WP_194370730.1	54.217	419	450	98	415	186	3	3	414	34	447	0.0	617
lcl|NC_017455.1_prot_WP_014554119.1_1	GCF_014621655.1_WP_188319653.1	57.600	419	551	89	375	156	2	42	414	177	550	0.0	617
lcl|NC_017455.1_prot_WP_014554119.1_1	GCF_013364315.1_WP_031122942.1	54.881	419	685	90	379	166	2	44	419	305	681	0.0	617
lcl|NC_017455.1_prot_WP_014554119.1_1	GCF_009720525.1_WP_197994024.1	56.459	419	419	99	418	176	3	2	414	1	417	0.0	617
lcl|NC_017455.1_prot_WP_014554119.1_1	GCF_008704515.1_WP_016824624.1	55.937	419	679	90	379	162	2	43	418	297	673	0.0	617
lcl|NC_017455.1_prot_WP_014554119.1_1	GCF_007747015.1_WP_261337840.1	55.742	419	419	99	418	179	3	2	414	1	417	0.0	617
lcl|NC_017455.1_prot_WP_014554119.1_1	GCF_004296495.1_WP_148708502.1	55.156	419	418	99	417	182	4	2	414	1	416	0.0	617
lcl|NC_017455.1_prot_WP_014554119.1_1	GCF_003544915.1_WP_118916357.1	54.087	419	442	99	416	187	3	2	414	27	441	0.0	617
lcl|NC_017455.1_prot_WP_014554119.1_1	GCF_003544815.1_WP_118885428.1	53.846	419	442	99	416	188	3	2	414	27	441	0.0	617
lcl|NC_017455.1_prot_WP_014554119.1_1	GCF_003122365.1_WP_172607730.1	55.556	419	671	89	378	163	2	44	418	290	665	0.0	617
lcl|NC_017455.1_prot_WP_014554119.1_1	GCF_001593605.1_WP_067542883.1	58.056	419	604	93	391	156	3	26	414	219	603	0.0	617
lcl|NC_017455.1_prot_WP_014554119.1_1	GCF_025402955.1_WP_261719459.1	55.673	419	670	90	379	163	2	43	418	288	664	0.0	617
lcl|NC_017455.1_prot_WP_014554119.1_1	GCF_023195775.1_WP_248434711.1	56.267	419	575	89	375	161	2	42	414	200	573	0.0	617
lcl|NC_017455.1_prot_WP_014554119.1_1	GCF_014701095.1_WP_190902596.1	56.201	419	677	90	379	161	2	43	418	295	671	0.0	617
lcl|NC_017455.1_prot_WP_014554119.1_1	GCF_014489615.1_WP_187742390.1	56.349	419	675	89	378	160	2	44	418	293	668	0.0	617
lcl|NC_017455.1_prot_WP_014554119.1_1	GCF_013201665.1_WP_128359269.1	53.846	419	442	99	416	188	3	2	414	27	441	0.0	617
lcl|NC_017455.1_prot_WP_014554119.1_1	GCF_008705135.1_WP_150483044.1	55.673	419	708	90	379	163	2	43	418	326	702	0.0	617
lcl|NC_017455.1_prot_WP_014554119.1_1	GCF_007971525.1_WP_147052135.1	58.133	419	544	89	375	154	2	42	414	170	543	0.0	617
lcl|NC_017455.1_prot_WP_014554119.1_1	GCF_004803895.1_WP_175434751.1	55.820	419	685	89	378	162	2	44	418	304	679	0.0	617
lcl|NC_017455.1_prot_WP_014554119.1_1	GCF_004421025.1_WP_134433569.1	58.021	419	488	89	374	154	2	44	415	116	488	0.0	617
lcl|NC_017455.1_prot_WP_014554119.1_1	GCF_004214795.1_WP_130234199.1	56.359	419	441	95	401	171	3	17	414	41	440	0.0	617
lcl|NC_017455.1_prot_WP_014554119.1_1	GCF_003955755.1_WP_126109168.1	61.501	419	419	99	413	158	1	1	413	4	415	0.0	617
lcl|NC_017455.1_prot_WP_014554119.1_1	GCF_003096035.1_WP_108778943.1	58.602	419	622	88	372	151	2	45	414	250	620	0.0	617
lcl|NC_017455.1_prot_WP_014554119.1_1	GCF_002946835.1_WP_099499929.1	55.556	419	703	89	378	163	2	44	418	321	696	0.0	617
lcl|NC_017455.1_prot_WP_014554119.1_1	GCF_002804165.1_WP_114932801.1	54.881	419	675	90	379	166	2	44	419	293	669	0.0	617
lcl|NC_017455.1_prot_WP_014554119.1_1	GCF_002234495.1_WP_093978871.1	57.909	419	559	89	373	154	2	45	415	188	559	0.0	617
lcl|NC_017455.1_prot_WP_014554119.1_1	GCF_002139935.1_WP_086293634.1	53.735	419	438	99	415	189	2	2	414	24	437	0.0	617
lcl|NC_017455.1_prot_WP_014554119.1_1	GCF_001975665.1_WP_068363450.1	57.527	419	552	88	372	155	2	45	414	181	551	0.0	617
lcl|NC_017455.1_prot_WP_014554119.1_1	GCF_001703555.1_WP_119907572.1	59.709	419	431	98	412	165	1	1	412	4	414	0.0	617
lcl|NC_017455.1_prot_WP_014554119.1_1	GCF_001542625.1_WP_067300590.1	55.556	419	684	89	378	163	2	44	418	303	678	0.0	617
lcl|NC_017455.1_prot_WP_014554119.1_1	GCF_000304455.1_WP_014934661.1	57.487	419	508	89	374	156	2	42	413	134	506	0.0	617
lcl|NC_017455.1_prot_WP_014554119.1_1	GCF_000269985.1_WP_014138080.1	55.409	419	698	90	379	164	2	44	419	319	695	0.0	617
lcl|NC_017455.1_prot_WP_014554119.1_1	GCF_000015025.1_WP_041835324.1	54.474	419	669	90	380	168	2	42	418	288	665	0.0	617
lcl|NC_017455.1_prot_WP_014554119.1_1	GCF_900637795.1_WP_013598311.1	56.649	419	528	89	376	160	2	42	415	154	528	0.0	617
lcl|NC_017455.1_prot_WP_014554119.1_1	GCF_013177675.1_WP_172124614.1	55.072	419	442	98	414	182	3	4	414	29	441	0.0	617
lcl|NC_017455.1_prot_WP_014554119.1_1	GCF_009739905.1_WP_156692312.1	54.762	419	694	89	378	166	2	44	418	312	687	0.0	617
lcl|NC_017455.1_prot_WP_014554119.1_1	GCF_009730395.1_WP_002780613.1	55.422	419	432	99	415	182	2	2	414	18	431	0.0	617
lcl|NC_017455.1_prot_WP_014554119.1_1	GCF_009497075.1_WP_153261415.1	57.784	419	667	90	379	155	2	42	417	285	661	0.0	617
lcl|NC_017455.1_prot_WP_014554119.1_1	GCF_008704795.1_WP_150513067.1	55.291	419	680	89	378	164	2	44	418	298	673	0.0	617
lcl|NC_017455.1_prot_WP_014554119.1_1	GCF_007856155.1_WP_146482337.1	55.556	419	667	89	378	163	2	44	418	288	663	0.0	617
lcl|NC_017455.1_prot_WP_014554119.1_1	GCF_003675325.1_WP_121786917.1	55.291	419	687	89	378	164	2	44	418	306	681	0.0	617
lcl|NC_017455.1_prot_WP_014554119.1_1	GCF_002998535.1_WP_106068448.1	52.311	419	676	97	411	189	4	8	414	268	675	0.0	617
lcl|NC_017455.1_prot_WP_014554119.1_1	GCF_001886595.1_WP_015036194.1	54.881	419	678	90	379	166	2	44	419	297	673	0.0	617
lcl|NC_017455.1_prot_WP_014554119.1_1	GCF_001543325.1_WP_068207105.1	57.796	419	576	88	372	154	2	45	414	205	575	0.0	617
lcl|NC_017455.1_prot_WP_014554119.1_1	GCF_000455605.1_WP_014388556.1	58.602	419	564	88	372	151	2	45	414	193	563	0.0	617
lcl|NC_017455.1_prot_WP_014554119.1_1	GCF_000009085.1_YP_002344547.1	55.422	419	432	99	415	182	2	2	414	18	431	0.0	617
lcl|NC_017455.1_prot_WP_014554119.1_1	GCF_017948305.1_WP_230476829.1	57.181	419	566	89	376	158	2	42	415	192	566	0.0	616
lcl|NC_017455.1_prot_WP_014554119.1_1	GCF_014217995.1_WP_099462702.1	54.699	419	431	99	415	185	2	2	414	17	430	0.0	616
lcl|NC_017455.1_prot_WP_014554119.1_1	GCF_013389455.1_WP_177734875.1	58.602	419	578	88	372	151	2	45	414	207	577	0.0	616
lcl|NC_017455.1_prot_WP_014554119.1_1	GCF_008704495.1_WP_055543568.1	54.762	419	678	89	378	166	2	44	418	296	671	0.0	616
lcl|NC_017455.1_prot_WP_014554119.1_1	GCF_008704395.1_WP_055534189.1	54.762	419	687	89	378	166	2	44	418	305	680	0.0	616
lcl|NC_017455.1_prot_WP_014554119.1_1	GCF_004803875.1_WP_100210771.1	57.796	419	561	88	372	154	2	45	414	190	560	0.0	616
lcl|NC_017455.1_prot_WP_014554119.1_1	GCF_004328625.1_WP_031181209.1	56.085	419	666	89	378	161	2	44	418	285	660	0.0	616
lcl|NC_017455.1_prot_WP_014554119.1_1	GCF_004296535.1_WP_130623999.1	52.857	419	420	99	420	191	4	2	415	1	419	0.0	616
lcl|NC_017455.1_prot_WP_014554119.1_1	GCF_003932715.1_WP_040914214.1	55.556	419	665	89	378	163	2	44	418	285	660	0.0	616
lcl|NC_017455.1_prot_WP_014554119.1_1	GCF_003544855.1_WP_099310040.1	53.735	419	447	98	415	188	3	3	414	33	446	0.0	616
lcl|NC_017455.1_prot_WP_014554119.1_1	GCF_003226695.1_WP_110548851.1	56.684	419	518	89	374	159	2	43	414	145	517	0.0	616
lcl|NC_017455.1_prot_WP_014554119.1_1	GCF_000284355.1_WP_004510344.1	54.087	419	440	99	416	187	3	2	414	25	439	0.0	616
lcl|NC_017455.1_prot_WP_014554119.1_1	GCF_000194605.1_WP_013688368.1	57.838	419	649	88	370	152	3	48	414	280	648	0.0	616
lcl|NC_017455.1_prot_WP_014554119.1_1	GCF_000020565.1_WP_012472465.1	59.299	419	512	88	371	148	2	45	413	140	509	0.0	616
lcl|NC_017455.1_prot_WP_014554119.1_1	GCF_000019665.1_WP_202943648.1	53.012	419	417	99	415	192	2	2	414	1	414	0.0	616
lcl|NC_017455.1_prot_WP_014554119.1_1	GCF_900095135.1_WP_076930390.1	57.641	419	652	88	373	154	3	45	414	280	651	0.0	616
lcl|NC_017455.1_prot_WP_014554119.1_1	GCF_021216675.1_WP_232270413.1	54.762	419	666	89	378	166	2	44	418	284	659	0.0	616
lcl|NC_017455.1_prot_WP_014554119.1_1	GCF_020099395.1_WP_185940172.1	55.026	419	681	89	378	165	2	44	418	299	674	0.0	616
lcl|NC_017455.1_prot_WP_014554119.1_1	GCF_017498485.1_WP_207971289.1	57.258	419	567	88	372	156	2	45	414	196	566	0.0	616
lcl|NC_017455.1_prot_WP_014554119.1_1	GCF_015277875.1_WP_228480777.1	53.525	419	685	90	383	171	2	41	418	288	668	0.0	616
lcl|NC_017455.1_prot_WP_014554119.1_1	GCF_014397115.1_WP_126793909.1	60.294	419	423	97	408	161	1	2	409	5	411	0.0	616
lcl|NC_017455.1_prot_WP_014554119.1_1	GCF_014295415.1_WP_186990009.1	55.914	419	549	88	372	161	2	45	414	178	548	0.0	616
lcl|NC_017455.1_prot_WP_014554119.1_1	GCF_007752345.1_WP_261342220.1	57.416	419	419	99	418	172	3	2	414	1	417	0.0	616
lcl|NC_017455.1_prot_WP_014554119.1_1	GCF_002082605.1_WP_084768127.1	55.291	419	697	89	378	164	2	45	419	319	694	0.0	616
lcl|NC_017455.1_prot_WP_014554119.1_1	GCF_001078055.1_WP_048921280.1	59.517	419	634	89	373	148	2	44	414	262	633	0.0	616
lcl|NC_017455.1_prot_WP_014554119.1_1	GCF_001027025.1_WP_218916096.1	60.145	419	420	98	414	162	2	2	413	1	413	0.0	616
lcl|NC_017455.1_prot_WP_014554119.1_1	GCF_000190595.1_WP_013621874.1	57.909	419	552	89	373	154	2	45	415	181	552	0.0	616
lcl|NC_017455.1_prot_WP_014554119.1_1	GCF_000190575.1_WP_013616089.1	57.294	419	654	89	377	157	3	41	414	278	653	0.0	616
lcl|NC_017455.1_prot_WP_014554119.1_1	GCF_028421465.1_WP_272260527.1	55.556	419	715	89	378	163	2	44	418	334	709	0.0	616
lcl|NC_017455.1_prot_WP_014554119.1_1	GCF_027270315.1_WP_269661656.1	54.453	419	675	93	393	167	3	29	418	286	669	0.0	616
lcl|NC_017455.1_prot_WP_014554119.1_1	GCF_024666385.1_WP_183067342.1	55.556	419	692	89	378	163	2	44	418	311	686	0.0	616
lcl|NC_017455.1_prot_WP_014554119.1_1	GCF_019740355.2_WP_221833478.1	56.836	419	534	88	373	157	3	45	414	162	533	0.0	616
lcl|NC_017455.1_prot_WP_014554119.1_1	GCF_017639205.1_WP_189743109.1	55.556	419	696	89	378	163	2	44	418	315	690	0.0	616
lcl|NC_017455.1_prot_WP_014554119.1_1	GCF_015710995.1_WP_055641324.1	55.145	419	699	90	379	165	2	44	419	318	694	0.0	616
lcl|NC_017455.1_prot_WP_014554119.1_1	GCF_014692875.1_WP_169502042.1	58.602	419	576	88	372	151	2	45	414	205	575	0.0	616
lcl|NC_017455.1_prot_WP_014554119.1_1	GCF_013394065.1_WP_179082665.1	55.026	419	679	89	378	165	2	44	418	297	672	0.0	616
lcl|NC_017455.1_prot_WP_014554119.1_1	GCF_013127755.1_WP_002829726.1	56.763	419	424	99	414	178	1	1	414	4	416	0.0	616
lcl|NC_017455.1_prot_WP_014554119.1_1	GCF_008000835.1_WP_079577987.1	53.494	419	447	98	415	189	3	3	414	33	446	0.0	616
lcl|NC_017455.1_prot_WP_014554119.1_1	GCF_006065315.1_WP_138950956.1	58.333	419	552	88	372	152	2	45	414	181	551	0.0	616
lcl|NC_017455.1_prot_WP_014554119.1_1	GCF_005943945.1_WP_138853240.1	58.713	419	528	89	373	151	2	45	415	157	528	0.0	616
lcl|NC_017455.1_prot_WP_014554119.1_1	GCF_001889045.1_WP_072555532.1	57.258	419	553	88	372	156	2	45	414	182	552	0.0	616
lcl|NC_017455.1_prot_WP_014554119.1_1	GCF_001761325.1_WP_070236554.1	58.333	419	560	88	372	151	3	45	414	190	559	0.0	616
lcl|NC_017455.1_prot_WP_014554119.1_1	GCF_001611795.1_WP_062929080.1	55.673	419	682	90	379	163	2	43	418	300	676	0.0	616
lcl|NC_017455.1_prot_WP_014554119.1_1	GCF_000359525.1_WP_015507094.1	55.556	419	687	89	378	163	2	44	418	306	681	0.0	616
lcl|NC_017455.1_prot_WP_014554119.1_1	GCF_000023325.1_WP_237697563.1	60.386	419	420	98	414	161	2	2	413	1	413	0.0	616
lcl|NC_017455.1_prot_WP_014554119.1_1	GCF_000014505.1_WP_011673732.1	57.005	419	428	99	414	177	1	1	414	4	416	0.0	616
lcl|NC_017455.1_prot_WP_014554119.1_1	GCF_029318685.1_WP_004618272.1	62.500	419	691	88	368	137	1	47	414	314	680	0.0	615
lcl|NC_017455.1_prot_WP_014554119.1_1	GCF_028728065.1_WP_274151819.1	54.106	419	430	98	414	187	2	3	414	17	429	0.0	615
lcl|NC_017455.1_prot_WP_014554119.1_1	GCF_020885855.1_WP_005840325.1	57.784	419	669	89	379	155	3	40	414	291	668	0.0	615
lcl|NC_017455.1_prot_WP_014554119.1_1	GCF_020215645.1_WP_225272107.1	57.256	419	699	90	379	157	2	42	417	317	693	0.0	615
lcl|NC_017455.1_prot_WP_014554119.1_1	GCF_016889925.1_WP_005802887.1	57.487	419	684	88	374	154	3	45	414	311	683	0.0	615
lcl|NC_017455.1_prot_WP_014554119.1_1	GCF_016803985.1_WP_203215636.1	55.556	419	691	89	378	163	2	44	418	310	685	0.0	615
lcl|NC_017455.1_prot_WP_014554119.1_1	GCF_015689475.1_WP_069866852.1	54.762	419	710	89	378	166	2	44	418	328	703	0.0	615
lcl|NC_017455.1_prot_WP_014554119.1_1	GCF_015476115.1_WP_228850821.1	57.258	419	544	88	372	156	2	45	414	173	543	0.0	615
lcl|NC_017455.1_prot_WP_014554119.1_1	GCF_013416015.1_WP_178696815.1	53.623	419	442	98	414	189	2	3	414	29	441	0.0	615
lcl|NC_017455.1_prot_WP_014554119.1_1	GCF_013177655.1_WP_172232933.1	55.181	419	450	99	415	183	2	2	414	36	449	0.0	615
lcl|NC_017455.1_prot_WP_014554119.1_1	GCF_006159205.1_WP_139065441.1	57.796	419	624	88	372	154	2	45	414	253	623	0.0	615
lcl|NC_017455.1_prot_WP_014554119.1_1	GCF_003687485.1_WP_121849855.1	57.600	419	538	89	375	156	2	43	415	165	538	0.0	615
lcl|NC_017455.1_prot_WP_014554119.1_1	GCF_003346815.1_WP_114838194.1	56.110	419	442	95	401	172	3	17	414	42	441	0.0	615
lcl|NC_017455.1_prot_WP_014554119.1_1	GCF_002269385.1_WP_094995868.1	57.867	419	535	89	375	155	2	43	415	162	535	0.0	615
lcl|NC_017455.1_prot_WP_014554119.1_1	GCF_002224645.1_WP_089609275.1	62.679	419	419	99	418	155	1	2	419	1	417	0.0	615
lcl|NC_017455.1_prot_WP_014554119.1_1	GCF_002128305.1_WP_086162015.1	54.617	419	650	90	379	167	2	43	418	268	644	0.0	615
lcl|NC_017455.1_prot_WP_014554119.1_1	GCF_001889005.1_WP_072552842.1	56.989	419	558	88	372	157	2	45	414	187	557	0.0	615
lcl|NC_017455.1_prot_WP_014554119.1_1	GCF_001584725.1_WP_088369054.1	60.192	419	431	98	417	158	2	1	410	1	416	0.0	615
lcl|NC_017455.1_prot_WP_014554119.1_1	GCF_000092245.1_WP_013136538.1	53.735	419	447	98	415	188	3	3	414	33	446	0.0	615
lcl|NC_017455.1_prot_WP_014554119.1_1	GCF_000060345.1_WP_011708344.1	56.989	419	557	88	372	157	2	45	414	186	556	0.0	615
lcl|NC_017455.1_prot_WP_014554119.1_1	GCF_936981045.1_WP_250237919.1	55.051	419	510	93	396	171	3	24	413	114	508	0.0	615
lcl|NC_017455.1_prot_WP_014554119.1_1	GCF_902387545.1_WP_007850840.1	57.784	419	669	89	379	155	3	40	414	291	668	0.0	615
lcl|NC_017455.1_prot_WP_014554119.1_1	GCF_022647665.1_WP_242329878.1	55.026	419	673	89	378	165	2	44	418	293	668	0.0	615
lcl|NC_017455.1_prot_WP_014554119.1_1	GCF_021442325.1_WP_234661800.1	52.618	419	750	90	382	174	2	42	418	355	734	0.0	615
lcl|NC_017455.1_prot_WP_014554119.1_1	GCF_014295035.1_WP_187064507.1	54.497	419	702	89	378	167	2	44	418	320	695	0.0	615
lcl|NC_017455.1_prot_WP_014554119.1_1	GCF_014216335.1_WP_185393417.1	55.703	419	708	89	377	162	2	45	418	328	702	0.0	615
lcl|NC_017455.1_prot_WP_014554119.1_1	GCF_013394655.1_WP_178989614.1	57.527	419	570	88	372	155	2	45	414	199	569	0.0	615
lcl|NC_017455.1_prot_WP_014554119.1_1	GCF_013394595.1_WP_179008663.1	57.527	419	570	88	372	155	2	45	414	199	569	0.0	615
lcl|NC_017455.1_prot_WP_014554119.1_1	GCF_013201895.1_WP_106870992.1	56.867	419	432	99	415	176	2	2	414	18	431	0.0	615
lcl|NC_017455.1_prot_WP_014554119.1_1	GCF_006337065.1_WP_139417565.1	52.356	419	730	90	382	175	2	42	418	336	715	0.0	615
lcl|NC_017455.1_prot_WP_014554119.1_1	GCF_003344925.1_WP_114678534.1	59.409	419	619	88	372	148	2	45	414	247	617	0.0	615
lcl|NC_017455.1_prot_WP_014554119.1_1	GCF_002998435.1_WP_106042139.1	54.569	419	681	93	394	172	4	25	414	290	680	0.0	615
lcl|NC_017455.1_prot_WP_014554119.1_1	GCF_002557795.1_WP_098196083.1	54.887	419	568	95	399	172	3	19	415	176	568	0.0	615
lcl|NC_017455.1_prot_WP_014554119.1_1	GCF_002080475.1_WP_070965529.1	55.581	419	431	99	430	174	2	2	415	1	429	0.0	615
lcl|NC_017455.1_prot_WP_014554119.1_1	GCF_001951155.1_WP_083644666.1	56.989	419	555	88	372	157	2	45	414	184	554	0.0	615
lcl|NC_017455.1_prot_WP_014554119.1_1	GCF_001941385.1_WP_041426078.1	58.981	419	428	98	412	167	2	3	413	12	422	0.0	615
lcl|NC_017455.1_prot_WP_014554119.1_1	GCF_023208015.1_WP_248590125.1	55.906	419	646	90	381	163	2	42	419	265	643	0.0	614
lcl|NC_017455.1_prot_WP_014554119.1_1	GCF_009299385.1_WP_109185387.1	54.881	419	705	90	379	166	2	44	419	324	700	0.0	614
lcl|NC_017455.1_prot_WP_014554119.1_1	GCF_009184865.1_WP_193241751.1	55.291	419	679	89	378	164	2	44	418	298	673	0.0	614
lcl|NC_017455.1_prot_WP_014554119.1_1	GCF_008704935.1_WP_132756799.1	55.556	419	702	89	378	163	2	44	418	321	696	0.0	614
lcl|NC_017455.1_prot_WP_014554119.1_1	GCF_008704425.1_WP_031130238.1	54.762	419	701	89	378	166	2	44	418	319	694	0.0	614
lcl|NC_017455.1_prot_WP_014554119.1_1	GCF_007993795.1_WP_146833849.1	57.527	419	619	88	372	155	2	45	414	248	618	0.0	614
lcl|NC_017455.1_prot_WP_014554119.1_1	GCF_003600625.1_WP_240377827.1	57.545	419	562	93	391	158	3	26	414	177	561	0.0	614
lcl|NC_017455.1_prot_WP_014554119.1_1	GCF_003391135.1_WP_205519379.1	55.026	419	686	89	378	165	2	44	418	304	679	0.0	614
lcl|NC_017455.1_prot_WP_014554119.1_1	GCF_003351905.1_WP_114910127.1	53.253	419	508	98	415	183	5	4	413	98	506	0.0	614
lcl|NC_017455.1_prot_WP_014554119.1_1	GCF_003330865.1_WP_114246666.1	55.026	419	672	89	378	165	2	44	418	290	665	0.0	614
lcl|NC_017455.1_prot_WP_014554119.1_1	GCF_001310085.1_WP_062542547.1	59.517	419	653	89	373	148	2	44	414	281	652	0.0	614
lcl|NC_017455.1_prot_WP_014554119.1_1	GCF_000522985.1_WP_104023113.1	55.529	419	425	99	416	181	3	1	413	8	422	0.0	614
lcl|NC_017455.1_prot_WP_014554119.1_1	GCF_000224085.1_WP_014031819.1	57.219	419	539	89	374	157	2	43	414	166	538	0.0	614
lcl|NC_017455.1_prot_WP_014554119.1_1	GCF_026427415.1_WP_190101284.1	54.881	419	687	90	379	166	2	44	419	306	682	0.0	614
lcl|NC_017455.1_prot_WP_014554119.1_1	GCF_022811605.1_WP_243568775.1	52.356	419	716	90	382	175	2	42	418	326	705	0.0	614
lcl|NC_017455.1_prot_WP_014554119.1_1	GCF_020310025.1_WP_225597804.1	57.258	419	585	88	372	156	2	45	414	214	584	0.0	614
lcl|NC_017455.1_prot_WP_014554119.1_1	GCF_015679185.1_WP_196098893.1	58.602	419	569	88	372	151	2	45	414	198	568	0.0	614
lcl|NC_017455.1_prot_WP_014554119.1_1	GCF_013283875.1_WP_237073811.1	58.245	419	526	89	376	154	2	41	414	151	525	0.0	614
lcl|NC_017455.1_prot_WP_014554119.1_1	GCF_013201825.1_WP_172658907.1	55.362	419	446	95	401	175	3	17	414	46	445	0.0	614
lcl|NC_017455.1_prot_WP_014554119.1_1	GCF_011100465.1_WP_076768219.1	61.501	419	419	99	413	158	1	1	413	4	415	0.0	614
lcl|NC_017455.1_prot_WP_014554119.1_1	GCF_003713065.1_WP_123043831.1	63.659	419	432	98	410	146	2	4	413	1	407	0.0	614
lcl|NC_017455.1_prot_WP_014554119.1_1	GCF_003054555.1_WP_175313673.1	54.354	419	687	90	379	168	2	44	419	307	683	0.0	614
lcl|NC_017455.1_prot_WP_014554119.1_1	GCF_002288185.1_WP_095685486.1	55.118	419	522	90	381	166	2	42	419	139	517	0.0	614
lcl|NC_017455.1_prot_WP_014554119.1_1	GCF_002080395.1_WP_082199508.1	54.458	419	431	99	415	186	2	2	414	17	430	0.0	614
lcl|NC_017455.1_prot_WP_014554119.1_1	GCF_001721685.1_WP_069363721.1	61.985	419	430	99	413	155	1	3	415	4	414	0.0	614
lcl|NC_017455.1_prot_WP_014554119.1_1	GCF_000144645.1_WP_245523156.1	63.750	419	411	95	400	144	1	12	411	1	399	0.0	614
lcl|NC_017455.1_prot_WP_014554119.1_1	GCF_000092105.1_WP_261340090.1	57.416	419	419	99	418	172	3	2	414	1	417	0.0	614
lcl|NC_017455.1_prot_WP_014554119.1_1	GCF_000025885.1_WP_041459654.1	62.712	419	436	99	413	153	1	2	414	23	434	0.0	614
lcl|NC_017455.1_prot_WP_014554119.1_1	GCF_016598615.1_WP_200395849.1	55.026	419	677	89	378	165	2	44	418	295	670	0.0	614
lcl|NC_017455.1_prot_WP_014554119.1_1	GCF_014489635.1_WP_187747207.1	55.556	419	664	89	378	163	2	44	418	283	658	0.0	614
lcl|NC_017455.1_prot_WP_014554119.1_1	GCF_009936215.1_WP_161847211.1	60.291	419	440	99	413	163	1	2	414	22	433	0.0	614
lcl|NC_017455.1_prot_WP_014554119.1_1	GCF_009498275.1_WP_153288587.1	55.026	419	692	89	378	165	2	44	418	310	685	0.0	614
lcl|NC_017455.1_prot_WP_014554119.1_1	GCF_008704555.1_WP_150487647.1	55.026	419	682	89	378	165	2	44	418	300	675	0.0	614
lcl|NC_017455.1_prot_WP_014554119.1_1	GCF_008704445.1_WP_055606484.1	55.556	419	693	89	378	163	2	44	418	312	687	0.0	614
lcl|NC_017455.1_prot_WP_014554119.1_1	GCF_003574835.2_WP_243597519.1	55.556	419	639	89	378	163	2	42	416	258	633	0.0	614
lcl|NC_017455.1_prot_WP_014554119.1_1	GCF_002356295.1_WP_096429697.1	57.033	419	615	93	391	157	4	27	414	231	613	0.0	614
lcl|NC_017455.1_prot_WP_014554119.1_1	GCF_001956695.1_WP_076088486.1	56.750	419	440	95	400	169	3	18	414	41	439	0.0	614
lcl|NC_017455.1_prot_WP_014554119.1_1	GCF_001703515.1_WP_029090890.1	60.287	419	424	99	418	165	1	2	418	4	421	0.0	614
lcl|NC_017455.1_prot_WP_014554119.1_1	GCF_000470775.1_WP_021755523.1	53.141	419	697	90	382	172	2	42	418	299	678	0.0	614
lcl|NC_017455.1_prot_WP_014554119.1_1	GCF_020628455.1_WP_114289432.1	59.559	419	423	97	408	164	1	2	409	5	411	0.0	613
lcl|NC_017455.1_prot_WP_014554119.1_1	GCF_015910445.1_WP_246530753.1	56.201	419	672	90	379	161	2	43	418	289	665	0.0	613
lcl|NC_017455.1_prot_WP_014554119.1_1	GCF_013414345.1_WP_179873864.1	54.712	419	702	90	382	166	2	42	418	315	694	0.0	613
lcl|NC_017455.1_prot_WP_014554119.1_1	GCF_013265555.1_WP_173072576.1	58.511	419	612	89	376	152	3	42	414	235	609	0.0	613
lcl|NC_017455.1_prot_WP_014554119.1_1	GCF_003991875.1_WP_206502751.1	52.742	419	790	90	383	174	2	41	418	396	776	0.0	613
lcl|NC_017455.1_prot_WP_014554119.1_1	GCF_003325375.1_WP_114054187.1	55.556	419	692	89	378	163	2	44	418	311	686	0.0	613
lcl|NC_017455.1_prot_WP_014554119.1_1	GCF_001974985.1_WP_076691332.1	52.480	419	688	90	383	175	2	41	418	292	672	0.0	613
lcl|NC_017455.1_prot_WP_014554119.1_1	GCF_001913155.1_WP_068485978.1	58.667	419	543	89	375	152	2	43	415	170	543	0.0	613
lcl|NC_017455.1_prot_WP_014554119.1_1	GCF_027915275.1_WP_077406254.1	57.909	419	547	89	373	154	2	45	415	176	547	0.0	613
lcl|NC_017455.1_prot_WP_014554119.1_1	GCF_024362265.1_WP_255161283.1	51.697	419	634	90	383	178	2	41	418	240	620	0.0	613
lcl|NC_017455.1_prot_WP_014554119.1_1	GCF_022655355.1_WP_242088164.1	55.497	419	727	90	382	163	2	42	418	337	716	0.0	613
lcl|NC_017455.1_prot_WP_014554119.1_1	GCF_022385335.1_WP_239757282.1	55.291	419	680	89	378	164	2	44	418	299	674	0.0	613
lcl|NC_017455.1_prot_WP_014554119.1_1	GCF_020091425.1_WP_010803566.1	56.693	419	675	89	381	157	3	41	414	295	674	0.0	613
lcl|NC_017455.1_prot_WP_014554119.1_1	GCF_018255875.1_WP_030235765.1	55.556	419	721	89	378	163	2	44	418	340	715	0.0	613
lcl|NC_017455.1_prot_WP_014554119.1_1	GCF_015244315.1_WP_194275943.1	54.881	419	700	90	379	166	2	43	418	318	694	0.0	613
lcl|NC_017455.1_prot_WP_014554119.1_1	GCF_014705925.2_WP_190725190.1	52.742	419	709	90	383	172	2	42	417	323	703	0.0	613
lcl|NC_017455.1_prot_WP_014554119.1_1	GCF_011694815.1_WP_167027129.1	54.090	419	700	90	379	169	2	44	419	320	696	0.0	613
lcl|NC_017455.1_prot_WP_014554119.1_1	GCF_011299095.1_WP_166062846.1	59.564	419	419	99	413	166	1	1	413	4	415	0.0	613
lcl|NC_017455.1_prot_WP_014554119.1_1	GCF_007747655.1_WP_145097205.1	54.327	419	505	98	416	184	3	4	414	89	503	0.0	613
lcl|NC_017455.1_prot_WP_014554119.1_1	GCF_003589885.1_WP_119728842.1	55.937	419	647	90	379	162	2	42	417	266	642	0.0	613
lcl|NC_017455.1_prot_WP_014554119.1_1	GCF_003344965.1_WP_114661805.1	53.826	419	697	90	379	170	2	44	419	316	692	0.0	613
lcl|NC_017455.1_prot_WP_014554119.1_1	GCF_003176915.1_WP_109997617.1	57.796	419	514	88	372	154	2	44	413	142	512	0.0	613
lcl|NC_017455.1_prot_WP_014554119.1_1	GCF_002844395.1_WP_101298645.1	63.315	419	631	88	368	134	1	47	414	259	625	0.0	613
lcl|NC_017455.1_prot_WP_014554119.1_1	GCF_000186225.1_WP_013547398.1	56.085	419	667	89	378	161	3	41	414	290	666	0.0	613
lcl|NC_017455.1_prot_WP_014554119.1_1	GCF_022539405.1_WP_241079110.1	59.466	419	414	98	412	166	1	2	413	1	411	0.0	612
lcl|NC_017455.1_prot_WP_014554119.1_1	GCF_020885975.1_WP_229328975.1	57.527	419	561	88	372	155	2	45	414	190	560	0.0	612
lcl|NC_017455.1_prot_WP_014554119.1_1	GCF_014852565.2_WP_192363324.1	55.291	419	684	89	378	164	2	44	418	303	678	0.0	612
lcl|NC_017455.1_prot_WP_014554119.1_1	GCF_012277315.1_WP_168455357.1	53.066	419	471	99	424	187	4	2	414	48	470	0.0	612
lcl|NC_017455.1_prot_WP_014554119.1_1	GCF_009901525.1_WP_160129020.1	56.989	419	585	88	372	157	2	45	414	214	584	0.0	612
lcl|NC_017455.1_prot_WP_014554119.1_1	GCF_003258605.2_WP_114914462.1	54.233	419	749	89	378	168	2	45	419	371	746	0.0	612
lcl|NC_017455.1_prot_WP_014554119.1_1	GCF_003070885.1_WP_108594873.1	52.356	419	728	90	382	175	2	42	418	333	712	0.0	612
lcl|NC_017455.1_prot_WP_014554119.1_1	GCF_003024155.1_WP_107012338.1	56.989	419	558	88	372	157	2	45	414	187	557	0.0	612
lcl|NC_017455.1_prot_WP_014554119.1_1	GCF_002263495.1_WP_017620930.1	54.593	419	669	90	381	168	2	42	419	287	665	0.0	612
lcl|NC_017455.1_prot_WP_014554119.1_1	GCF_002238335.1_WP_094325728.1	55.181	419	430	99	415	183	2	2	414	16	429	0.0	612
lcl|NC_017455.1_prot_WP_014554119.1_1	GCF_002007645.1_WP_205848054.1	56.115	419	420	99	417	178	3	2	414	1	416	0.0	612
lcl|NC_017455.1_prot_WP_014554119.1_1	GCF_001984445.1_WP_077193476.1	55.026	419	683	89	378	165	2	44	418	301	676	0.0	612
lcl|NC_017455.1_prot_WP_014554119.1_1	GCF_001190745.1_WP_005873347.1	55.448	419	448	98	413	181	2	4	414	36	447	0.0	612
lcl|NC_017455.1_prot_WP_014554119.1_1	GCF_000830005.1_WP_041131244.1	54.881	419	688	90	379	166	2	44	419	307	683	0.0	612
lcl|NC_017455.1_prot_WP_014554119.1_1	GCF_000008385.1_WP_011256726.1	53.302	419	471	99	424	186	4	2	414	48	470	0.0	612
lcl|NC_017455.1_prot_WP_014554119.1_1	GCF_900198195.1_WP_095074339.1	57.258	419	568	88	372	156	2	45	414	197	567	0.0	612
lcl|NC_017455.1_prot_WP_014554119.1_1	GCF_028743515.1_WP_008238182.1	58.713	419	573	89	373	151	2	45	415	202	573	0.0	612
lcl|NC_017455.1_prot_WP_014554119.1_1	GCF_017751225.1_WP_012671641.1	57.683	419	499	99	423	169	6	1	414	77	498	0.0	612
lcl|NC_017455.1_prot_WP_014554119.1_1	GCF_013201705.1_WP_026805112.1	53.365	419	440	99	416	190	3	2	414	25	439	0.0	612
lcl|NC_017455.1_prot_WP_014554119.1_1	GCF_012530535.1_WP_168915498.1	54.830	419	728	90	383	166	2	42	419	337	717	0.0	612
lcl|NC_017455.1_prot_WP_014554119.1_1	GCF_004135285.1_WP_242497852.1	52.219	419	682	90	383	176	2	41	418	283	663	0.0	612
lcl|NC_017455.1_prot_WP_014554119.1_1	GCF_003367705.1_WP_045255389.1	51.697	419	650	90	383	178	2	41	418	256	636	0.0	612
lcl|NC_017455.1_prot_WP_014554119.1_1	GCF_001314995.1_WP_004300791.1	57.487	419	765	88	374	154	3	45	414	392	764	0.0	612
lcl|NC_017455.1_prot_WP_014554119.1_1	GCF_000941055.1_WP_044638243.1	57.796	419	558	88	372	154	2	45	414	187	557	0.0	612
lcl|NC_017455.1_prot_WP_014554119.1_1	GCF_000331995.1_WP_015360013.1	62.133	419	597	89	375	141	1	40	414	208	581	0.0	612
lcl|NC_017455.1_prot_WP_014554119.1_1	GCF_000242635.2_WP_014680527.1	56.579	419	546	90	380	160	4	38	414	168	545	0.0	612
lcl|NC_017455.1_prot_WP_014554119.1_1	GCF_022558445.1_WP_241421823.1	63.107	419	422	98	412	151	1	2	413	9	419	0.0	612
lcl|NC_017455.1_prot_WP_014554119.1_1	GCF_011751765.2_WP_166992476.1	53.003	419	704	90	383	173	2	42	419	313	693	0.0	612
lcl|NC_017455.1_prot_WP_014554119.1_1	GCF_003076475.1_WP_108738152.1	56.989	419	604	88	372	157	2	45	414	233	603	0.0	612
lcl|NC_017455.1_prot_WP_014554119.1_1	GCF_002886045.1_WP_102757525.1	56.989	419	559	88	372	157	2	45	414	188	558	0.0	612
lcl|NC_017455.1_prot_WP_014554119.1_1	GCF_001042715.1_WP_048407513.1	54.525	419	442	99	442	171	3	2	415	1	440	0.0	612
lcl|NC_017455.1_prot_WP_014554119.1_1	GCF_000493735.1_WP_023176746.1	59.854	419	431	98	411	164	1	1	411	4	413	0.0	612
lcl|NC_017455.1_prot_WP_014554119.1_1	GCF_000166395.1_WP_013410082.1	60.590	419	503	89	373	145	1	45	415	131	503	0.0	612
lcl|NC_017455.1_prot_WP_014554119.1_1	GCF_000092845.1_WP_013114321.1	56.667	419	496	98	420	172	6	4	414	77	495	0.0	612
lcl|NC_017455.1_prot_WP_014554119.1_1	GCF_025908395.1_WP_014176388.1	54.762	419	738	89	378	166	2	44	418	357	732	0.0	611
lcl|NC_017455.1_prot_WP_014554119.1_1	GCF_021172165.1_WP_231834764.1	56.720	419	591	88	372	158	2	45	414	220	590	0.0	611
lcl|NC_017455.1_prot_WP_014554119.1_1	GCF_019397265.1_WP_020546700.1	57.256	419	665	90	379	157	2	42	417	283	659	0.0	611
lcl|NC_017455.1_prot_WP_014554119.1_1	GCF_018069625.1_WP_211123648.1	54.762	419	711	89	378	166	2	44	418	329	704	0.0	611
lcl|NC_017455.1_prot_WP_014554119.1_1	GCF_017309675.2_WP_138345558.1	54.962	419	687	93	393	170	4	26	414	297	686	0.0	611
lcl|NC_017455.1_prot_WP_014554119.1_1	GCF_012113595.1_WP_167966497.1	55.527	419	746	91	389	166	4	32	414	358	745	0.0	611
lcl|NC_017455.1_prot_WP_014554119.1_1	GCF_009913235.1_WP_160690631.1	58.981	419	620	89	373	150	2	44	414	248	619	0.0	611
lcl|NC_017455.1_prot_WP_014554119.1_1	GCF_009177095.1_WP_198421912.1	54.067	419	418	99	418	186	3	2	414	1	417	0.0	611
lcl|NC_017455.1_prot_WP_014554119.1_1	GCF_008704855.1_WP_085922921.1	54.762	419	678	89	378	166	2	44	418	296	671	0.0	611
lcl|NC_017455.1_prot_WP_014554119.1_1	GCF_003194085.1_WP_110232952.1	54.090	419	590	89	379	167	2	42	415	207	583	0.0	611
lcl|NC_017455.1_prot_WP_014554119.1_1	GCF_003055625.1_WP_108371539.1	56.452	419	608	88	372	159	2	45	414	237	607	0.0	611
lcl|NC_017455.1_prot_WP_014554119.1_1	GCF_001660485.1_WP_074401051.1	52.880	419	736	90	382	173	2	42	418	340	719	0.0	611
lcl|NC_017455.1_prot_WP_014554119.1_1	GCF_000829315.1_WP_041046262.1	53.302	419	471	99	424	186	4	2	414	48	470	0.0	611
lcl|NC_017455.1_prot_WP_014554119.1_1	GCF_000468615.2_WP_029445435.1	58.400	419	572	89	375	153	2	43	415	199	572	0.0	611
lcl|NC_017455.1_prot_WP_014554119.1_1	GCF_000307585.2_WP_014757278.1	60.000	419	618	91	385	150	2	33	414	229	612	0.0	611
lcl|NC_017455.1_prot_WP_014554119.1_1	GCF_000189775.2_WP_013788936.1	60.260	419	613	91	385	149	2	33	414	224	607	0.0	611
lcl|NC_017455.1_prot_WP_014554119.1_1	GCF_000024905.1_WP_012869994.1	61.220	419	457	98	410	158	1	5	414	47	455	0.0	611
lcl|NC_017455.1_prot_WP_014554119.1_1	GCF_000022065.1_WP_015926717.1	62.500	419	690	88	368	137	1	47	414	313	679	0.0	611
lcl|NC_017455.1_prot_WP_014554119.1_1	GCF_019613795.1_WP_220640001.1	59.140	419	622	88	372	149	2	45	414	250	620	0.0	611
lcl|NC_017455.1_prot_WP_014554119.1_1	GCF_018289135.1_WP_015532994.1	57.487	419	752	88	374	154	3	45	414	379	751	0.0	611
lcl|NC_017455.1_prot_WP_014554119.1_1	GCF_013372265.1_WP_024774624.1	53.125	419	440	99	416	191	3	2	414	25	439	0.0	611
lcl|NC_017455.1_prot_WP_014554119.1_1	GCF_009193295.2_WP_143260692.1	57.487	419	748	88	374	154	3	45	414	375	747	0.0	611
lcl|NC_017455.1_prot_WP_014554119.1_1	GCF_008727755.1_WP_238702465.1	53.264	419	691	90	383	172	2	41	418	295	675	0.0	611
lcl|NC_017455.1_prot_WP_014554119.1_1	GCF_003611035.1_WP_245977165.1	53.403	419	888	90	382	171	2	42	418	500	879	0.0	611
lcl|NC_017455.1_prot_WP_014554119.1_1	GCF_001761465.1_WP_035640151.1	56.533	419	618	89	375	160	2	42	414	244	617	0.0	611
lcl|NC_017455.1_prot_WP_014554119.1_1	GCF_000328545.1_WP_015312591.1	60.260	419	632	91	385	149	2	33	414	243	626	0.0	611
lcl|NC_017455.1_prot_WP_014554119.1_1	GCF_000190435.1_WP_013608448.1	53.828	419	645	99	418	188	3	1	414	219	635	0.0	611
lcl|NC_017455.1_prot_WP_014554119.1_1	GCF_000017585.1_WP_012109196.1	54.217	419	431	99	415	187	2	2	414	17	430	0.0	611
lcl|NC_017455.1_prot_WP_014554119.1_1	GCF_029025825.1_WP_021731863.1	59.124	419	430	98	411	167	1	1	411	4	413	0.0	611
lcl|NC_017455.1_prot_WP_014554119.1_1	GCF_023498005.1_WP_249587750.1	54.497	419	691	89	378	167	2	44	418	309	684	0.0	611
lcl|NC_017455.1_prot_WP_014554119.1_1	GCF_022869165.1_WP_244772249.1	54.699	419	626	99	415	179	3	2	414	209	616	0.0	611
lcl|NC_017455.1_prot_WP_014554119.1_1	GCF_018968685.1_WP_131162915.1	54.217	419	432	99	415	187	2	2	414	18	431	0.0	611
lcl|NC_017455.1_prot_WP_014554119.1_1	GCF_018292165.1_WP_005832474.1	54.962	419	679	93	393	170	4	26	414	289	678	0.0	611
lcl|NC_017455.1_prot_WP_014554119.1_1	GCF_016889065.1_WP_027202033.1	58.445	419	669	88	373	151	3	45	414	296	667	0.0	611
lcl|NC_017455.1_prot_WP_014554119.1_1	GCF_012030695.1_WP_167895776.1	53.066	419	471	99	424	187	4	2	414	48	470	0.0	611
lcl|NC_017455.1_prot_WP_014554119.1_1	GCF_009913655.1_WP_003642051.1	58.881	419	430	98	411	168	1	1	411	4	413	0.0	611
lcl|NC_017455.1_prot_WP_014554119.1_1	GCF_009834205.1_WP_244250400.1	54.617	419	817	89	379	165	2	42	415	426	802	0.0	611
lcl|NC_017455.1_prot_WP_014554119.1_1	GCF_008704535.1_WP_150517837.1	55.556	419	707	89	378	163	2	44	418	326	701	0.0	611
lcl|NC_017455.1_prot_WP_014554119.1_1	GCF_003641185.1_WP_050337723.1	59.367	419	430	98	411	166	1	1	411	4	413	0.0	611
lcl|NC_017455.1_prot_WP_014554119.1_1	GCF_003555545.1_WP_119052498.1	57.623	419	561	92	387	156	3	30	414	180	560	0.0	611
lcl|NC_017455.1_prot_WP_014554119.1_1	GCF_002966125.1_WP_105216573.1	55.645	419	538	88	372	162	2	45	414	167	537	0.0	611
lcl|NC_017455.1_prot_WP_014554119.1_1	GCF_002096055.1_WP_085019730.1	52.880	419	717	90	382	173	2	42	418	323	702	0.0	611
lcl|NC_017455.1_prot_WP_014554119.1_1	GCF_000963865.1_WP_045801093.1	57.796	419	520	88	372	154	2	45	414	149	519	0.0	611
lcl|NC_017455.1_prot_WP_014554119.1_1	GCF_000828655.1_WP_041076717.1	58.010	419	431	98	412	171	2	3	413	14	424	0.0	611
lcl|NC_017455.1_prot_WP_014554119.1_1	GCF_000213235.1_WP_013777443.1	62.379	419	424	98	412	153	2	2	413	1	410	0.0	611
lcl|NC_017455.1_prot_WP_014554119.1_1	GCF_900683745.1_WP_008625160.1	58.177	419	672	88	373	152	3	45	414	300	671	0.0	610
lcl|NC_017455.1_prot_WP_014554119.1_1	GCF_900187065.1_WP_003925515.1	52.455	419	677	90	387	174	2	41	419	289	673	0.0	610
lcl|NC_017455.1_prot_WP_014554119.1_1	GCF_900094615.1_WP_081511744.1	58.134	419	427	99	418	172	3	2	418	12	427	0.0	610
lcl|NC_017455.1_prot_WP_014554119.1_1	GCF_020886055.1_WP_229316903.1	57.258	419	561	88	372	156	2	45	414	190	560	0.0	610
lcl|NC_017455.1_prot_WP_014554119.1_1	GCF_020149935.1_WP_261451786.1	59.786	419	519	89	373	148	1	45	415	147	519	0.0	610
lcl|NC_017455.1_prot_WP_014554119.1_1	GCF_018292125.1_WP_007213344.1	54.430	419	679	93	395	172	5	25	414	287	678	0.0	610
lcl|NC_017455.1_prot_WP_014554119.1_1	GCF_014725695.1_WP_191008830.1	52.356	419	694	90	382	175	2	41	417	295	674	0.0	610
lcl|NC_017455.1_prot_WP_014554119.1_1	GCF_014131755.1_WP_011107884.1	57.219	419	722	88	374	155	3	45	414	349	721	0.0	610
lcl|NC_017455.1_prot_WP_014554119.1_1	GCF_013402795.1_WP_179242477.1	57.909	419	530	89	373	154	2	45	415	159	530	0.0	610
lcl|NC_017455.1_prot_WP_014554119.1_1	GCF_013343195.2_WP_011962876.1	57.258	419	583	88	372	156	2	45	414	212	582	0.0	610
lcl|NC_017455.1_prot_WP_014554119.1_1	GCF_009193325.2_WP_143866570.1	57.487	419	731	88	374	154	3	45	414	358	730	0.0	610
lcl|NC_017455.1_prot_WP_014554119.1_1	GCF_007971225.1_WP_262713674.1	56.736	419	545	92	386	159	3	31	414	165	544	0.0	610
lcl|NC_017455.1_prot_WP_014554119.1_1	GCF_003148385.1_WP_109570101.1	57.258	419	563	88	372	156	2	45	414	192	562	0.0	610
lcl|NC_017455.1_prot_WP_014554119.1_1	GCF_001831475.1_WP_066334474.1	56.533	419	603	89	375	160	2	42	414	229	602	0.0	610
lcl|NC_017455.1_prot_WP_014554119.1_1	GCF_000281175.1_WP_014431717.1	60.386	419	425	99	414	162	2	3	415	12	424	0.0	610
lcl|NC_017455.1_prot_WP_014554119.1_1	GCF_000223215.1_WP_014488930.1	57.683	419	499	99	423	169	6	1	414	77	498	0.0	610
lcl|NC_017455.1_prot_WP_014554119.1_1	GCF_000186265.1_WP_013549324.1	58.667	419	581	89	375	152	2	43	415	208	581	0.0	610
lcl|NC_017455.1_prot_WP_014554119.1_1	GCF_000091305.1_WP_173402873.1	55.026	419	677	89	378	165	2	44	418	296	671	0.0	610
lcl|NC_017455.1_prot_WP_014554119.1_1	GCF_027626975.1_WP_018087400.1	55.026	419	683	89	378	165	2	44	418	301	676	0.0	610
lcl|NC_017455.1_prot_WP_014554119.1_1	GCF_020091505.1_WP_010538850.1	57.219	419	725	88	374	155	3	45	414	352	724	0.0	610
lcl|NC_017455.1_prot_WP_014554119.1_1	GCF_014844295.1_WP_014166209.1	56.989	419	593	88	372	157	2	45	414	222	592	0.0	610
lcl|NC_017455.1_prot_WP_014554119.1_1	GCF_008727775.1_WP_150924154.1	52.895	419	729	89	380	172	2	41	415	332	709	0.0	610
lcl|NC_017455.1_prot_WP_014554119.1_1	GCF_004797125.1_WP_136152357.1	56.989	419	582	88	372	157	2	45	414	211	581	0.0	610
lcl|NC_017455.1_prot_WP_014554119.1_1	GCF_003991565.1_WP_106480283.1	58.445	419	669	88	373	151	3	45	414	296	667	0.0	610
lcl|NC_017455.1_prot_WP_014554119.1_1	GCF_003258705.1_WP_111371190.1	59.733	419	525	89	375	149	1	43	415	151	525	0.0	610
lcl|NC_017455.1_prot_WP_014554119.1_1	GCF_900603025.1_WP_005629152.1	52.083	419	674	90	384	176	2	42	419	288	669	0.0	609
lcl|NC_017455.1_prot_WP_014554119.1_1	GCF_900187255.1_WP_066430094.1	57.754	419	574	89	374	155	2	43	414	201	573	0.0	609
lcl|NC_017455.1_prot_WP_014554119.1_1	GCF_027941755.1_WP_275687513.1	56.989	419	574	88	372	157	2	45	414	203	573	0.0	609
lcl|NC_017455.1_prot_WP_014554119.1_1	GCF_023525255.1_WP_271435305.1	56.220	419	518	98	418	176	3	4	414	92	509	0.0	609
lcl|NC_017455.1_prot_WP_014554119.1_1	GCF_021172145.1_WP_231843594.1	56.720	419	583	88	372	158	2	45	414	212	582	0.0	609
lcl|NC_017455.1_prot_WP_014554119.1_1	GCF_017909455.1_WP_209131924.1	55.236	419	782	90	382	164	2	42	418	392	771	0.0	609
lcl|NC_017455.1_prot_WP_014554119.1_1	GCF_011751745.2_WP_166981265.1	52.742	419	724	90	383	174	2	42	419	333	713	0.0	609
lcl|NC_017455.1_prot_WP_014554119.1_1	GCF_007748035.1_WP_145247152.1	52.644	419	493	98	416	191	3	4	414	77	491	0.0	609
lcl|NC_017455.1_prot_WP_014554119.1_1	GCF_004135405.1_WP_129192026.1	51.832	419	696	90	382	177	2	42	418	302	681	0.0	609
lcl|NC_017455.1_prot_WP_014554119.1_1	GCF_003627055.1_WP_120789940.1	52.577	419	690	91	388	175	2	38	418	289	674	0.0	609
lcl|NC_017455.1_prot_WP_014554119.1_1	GCF_001971745.1_WP_076732261.1	56.989	419	574	88	372	157	2	45	414	203	573	0.0	609
lcl|NC_017455.1_prot_WP_014554119.1_1	GCF_025758395.1_WP_263795990.1	52.742	419	674	90	383	174	2	41	418	276	656	0.0	609
lcl|NC_017455.1_prot_WP_014554119.1_1	GCF_021650975.2_WP_236456386.1	56.117	419	579	89	376	162	2	41	414	204	578	0.0	609
lcl|NC_017455.1_prot_WP_014554119.1_1	GCF_020424085.1_WP_226082863.1	53.003	419	703	90	383	173	2	41	418	312	692	0.0	609
lcl|NC_017455.1_prot_WP_014554119.1_1	GCF_019930665.1_WP_025867930.1	57.219	419	677	88	374	155	3	45	414	304	676	0.0	609
lcl|NC_017455.1_prot_WP_014554119.1_1	GCF_019880305.1_WP_030081237.1	54.762	419	689	89	378	166	2	44	418	307	682	0.0	609
lcl|NC_017455.1_prot_WP_014554119.1_1	GCF_018292205.1_WP_005681576.1	57.487	419	732	88	374	154	3	45	414	359	731	0.0	609
lcl|NC_017455.1_prot_WP_014554119.1_1	GCF_016917755.1_WP_205366663.1	55.026	419	671	89	378	165	2	44	418	289	664	0.0	609
lcl|NC_017455.1_prot_WP_014554119.1_1	GCF_014701115.1_WP_190850217.1	54.762	419	725	89	378	166	2	44	418	343	718	0.0	609
lcl|NC_017455.1_prot_WP_014554119.1_1	GCF_013365435.1_WP_175838316.1	52.830	419	471	99	424	188	4	2	414	48	470	0.0	609
lcl|NC_017455.1_prot_WP_014554119.1_1	GCF_011068285.1_WP_166248900.1	57.527	419	542	88	372	155	2	45	414	171	541	0.0	609
lcl|NC_017455.1_prot_WP_014554119.1_1	GCF_007197735.1_WP_143379546.1	57.754	419	578	89	374	155	2	43	414	205	577	0.0	609
lcl|NC_017455.1_prot_WP_014554119.1_1	GCF_004299785.2_WP_066171994.1	53.125	419	440	99	416	191	3	2	414	25	439	0.0	609
lcl|NC_017455.1_prot_WP_014554119.1_1	GCF_003355515.1_WP_115427767.1	53.140	419	440	98	414	190	3	4	414	27	439	0.0	609
lcl|NC_017455.1_prot_WP_014554119.1_1	GCF_003312915.1_WP_113679496.1	57.527	419	607	88	372	155	2	45	414	236	606	0.0	609
lcl|NC_017455.1_prot_WP_014554119.1_1	GCF_001701045.1_WP_157102401.1	62.439	419	421	98	410	153	1	5	414	11	419	0.0	609
lcl|NC_017455.1_prot_WP_014554119.1_1	GCF_001534645.1_WP_060382948.1	56.989	419	592	88	372	157	2	45	414	221	591	0.0	609
lcl|NC_017455.1_prot_WP_014554119.1_1	GCF_001310225.1_WP_054725497.1	57.258	419	554	88	372	156	2	45	414	183	553	0.0	609
lcl|NC_017455.1_prot_WP_014554119.1_1	GCF_000306885.1_WP_014869154.1	52.830	419	471	99	424	188	4	2	414	48	470	0.0	609
lcl|NC_017455.1_prot_WP_014554119.1_1	GCF_000280865.2_WP_006603104.1	54.762	419	682	89	378	166	2	44	418	300	675	0.0	609
lcl|NC_017455.1_prot_WP_014554119.1_1	GCF_900116935.1_WP_010499680.1	55.819	419	430	99	421	181	3	2	418	5	424	0.0	609
lcl|NC_017455.1_prot_WP_014554119.1_1	GCF_028009925.1_WP_239787211.1	56.720	419	607	88	372	158	2	45	414	236	606	0.0	609
lcl|NC_017455.1_prot_WP_014554119.1_1	GCF_019933235.1_WP_086716399.1	55.026	419	680	89	378	165	2	44	418	298	673	0.0	609
lcl|NC_017455.1_prot_WP_014554119.1_1	GCF_007970805.1_WP_146789701.1	59.140	419	562	88	372	149	2	45	414	191	561	0.0	609
lcl|NC_017455.1_prot_WP_014554119.1_1	GCF_004011095.1_WP_097167335.1	54.090	419	765	89	379	167	2	42	415	374	750	0.0	609
lcl|NC_017455.1_prot_WP_014554119.1_1	GCF_003660105.1_WP_105916757.1	52.644	419	440	99	416	193	3	2	414	25	439	0.0	609
lcl|NC_017455.1_prot_WP_014554119.1_1	GCF_003097535.1_WP_108904339.1	56.720	419	613	88	372	158	2	45	414	242	612	0.0	609
lcl|NC_017455.1_prot_WP_014554119.1_1	GCF_002355535.1_WP_231951775.1	53.826	419	592	89	379	168	2	42	415	206	582	0.0	609
lcl|NC_017455.1_prot_WP_014554119.1_1	GCF_001983935.1_WP_257787814.1	58.034	419	422	98	417	169	3	3	414	5	420	0.0	609
lcl|NC_017455.1_prot_WP_014554119.1_1	GCF_001975955.2_WP_036312554.1	53.003	419	699	90	383	173	2	41	418	307	687	0.0	609
lcl|NC_017455.1_prot_WP_014554119.1_1	GCF_000504105.1_WP_031503197.1	57.282	419	431	98	412	174	2	3	413	14	424	0.0	609
lcl|NC_017455.1_prot_WP_014554119.1_1	GCF_000235405.2_WP_198429594.1	55.769	419	416	99	416	180	3	4	416	1	415	0.0	609
lcl|NC_017455.1_prot_WP_014554119.1_1	GCF_022221585.1_WP_238575302.1	54.881	419	682	90	379	166	2	44	419	300	676	0.0	608
lcl|NC_017455.1_prot_WP_014554119.1_1	GCF_021398715.1_WP_234073321.1	54.047	419	655	90	383	169	2	41	418	259	639	0.0	608
lcl|NC_017455.1_prot_WP_014554119.1_1	GCF_005845345.1_WP_138275129.1	54.450	419	584	90	382	167	2	42	418	197	576	0.0	608
lcl|NC_017455.1_prot_WP_014554119.1_1	GCF_002082195.1_WP_083107418.1	55.026	419	669	89	378	165	2	44	418	287	662	0.0	608
lcl|NC_017455.1_prot_WP_014554119.1_1	GCF_000331185.2_WP_003981331.1	54.354	419	682	90	379	168	2	44	419	298	674	0.0	608
lcl|NC_017455.1_prot_WP_014554119.1_1	GCF_016767175.1_WP_132028140.1	54.788	419	453	99	449	166	2	2	414	1	448	0.0	608
lcl|NC_017455.1_prot_WP_014554119.1_1	GCF_015565955.1_WP_195693343.1	52.880	419	726	90	382	173	2	42	418	328	707	0.0	608
lcl|NC_017455.1_prot_WP_014554119.1_1	GCF_003015145.1_WP_234352510.1	52.009	419	441	99	423	193	4	1	414	19	440	0.0	608
lcl|NC_017455.1_prot_WP_014554119.1_1	GCF_001688725.2_WP_065539109.1	57.219	419	739	88	374	155	3	45	414	366	738	0.0	608
lcl|NC_017455.1_prot_WP_014554119.1_1	GCF_000699505.1_WP_038502015.1	54.712	419	551	90	382	166	2	42	418	164	543	0.0	608
lcl|NC_017455.1_prot_WP_014554119.1_1	GCF_000017545.1_WP_148202085.1	56.968	419	416	97	409	174	2	4	411	1	408	0.0	608
lcl|NC_017455.1_prot_WP_014554119.1_1	GCF_015097275.1_WP_200755436.1	58.575	419	705	90	379	153	3	39	414	327	704	0.0	607
lcl|NC_017455.1_prot_WP_014554119.1_1	GCF_014764305.1_WP_106687067.1	57.796	419	548	88	372	154	2	45	414	177	547	0.0	607
lcl|NC_017455.1_prot_WP_014554119.1_1	GCF_008369745.1_WP_111379103.1	57.796	419	613	88	372	154	2	45	414	242	612	0.0	607
lcl|NC_017455.1_prot_WP_014554119.1_1	GCF_003076455.1_WP_108740489.1	57.067	419	587	89	375	158	2	42	414	213	586	0.0	607
lcl|NC_017455.1_prot_WP_014554119.1_1	GCF_002288005.1_WP_041887618.1	53.665	419	542	90	382	172	2	41	419	146	525	0.0	607
lcl|NC_017455.1_prot_WP_014554119.1_1	GCF_002209445.1_WP_088594388.1	58.602	419	553	88	372	151	2	45	414	182	552	0.0	607
lcl|NC_017455.1_prot_WP_014554119.1_1	GCF_900157305.1_WP_197712720.1	58.454	419	420	98	414	169	2	2	413	1	413	0.0	607
lcl|NC_017455.1_prot_WP_014554119.1_1	GCF_022807975.1_WP_255841765.1	57.909	419	554	89	373	154	2	45	415	183	554	0.0	607
lcl|NC_017455.1_prot_WP_014554119.1_1	GCF_021172025.1_WP_231821193.1	51.697	419	672	90	383	178	2	41	418	276	656	0.0	607
lcl|NC_017455.1_prot_WP_014554119.1_1	GCF_019645835.1_WP_220692570.1	51.938	419	643	90	387	176	2	41	419	255	639	0.0	607
lcl|NC_017455.1_prot_WP_014554119.1_1	GCF_010725725.1_WP_163902805.1	52.196	419	630	90	387	175	2	41	419	242	626	0.0	607
lcl|NC_017455.1_prot_WP_014554119.1_1	GCF_003544835.1_WP_066160146.1	53.623	419	440	98	414	188	3	4	414	27	439	0.0	607
lcl|NC_017455.1_prot_WP_014554119.1_1	GCF_003344445.1_WP_067439671.1	54.762	419	680	89	378	166	2	44	418	299	674	0.0	607
lcl|NC_017455.1_prot_WP_014554119.1_1	GCF_001854225.1_WP_070954792.1	54.450	419	585	90	382	167	2	42	418	198	577	0.0	607
lcl|NC_017455.1_prot_WP_014554119.1_1	GCF_000236685.1_WP_014270807.1	54.785	419	651	99	418	184	3	1	414	225	641	0.0	607
lcl|NC_017455.1_prot_WP_014554119.1_1	GCF_000220705.2_WP_095756850.1	55.291	419	697	89	378	164	2	44	418	315	690	0.0	607
lcl|NC_017455.1_prot_WP_014554119.1_1	GCF_007741515.1_WP_145060854.1	54.676	419	492	98	417	183	3	3	414	75	490	0.0	607
lcl|NC_017455.1_prot_WP_014554119.1_1	GCF_004564355.1_WP_135064674.1	52.632	419	695	89	380	173	2	41	415	298	675	0.0	607
lcl|NC_017455.1_prot_WP_014554119.1_1	GCF_002369955.1_WP_096685813.1	57.181	419	526	89	376	159	1	41	414	149	524	0.0	607
lcl|NC_017455.1_prot_WP_014554119.1_1	GCF_002302495.1_WP_095897701.1	58.871	419	549	88	372	150	2	45	414	178	548	0.0	607
lcl|NC_017455.1_prot_WP_014554119.1_1	GCF_001705175.1_WP_066034032.1	57.796	419	611	88	372	154	2	45	414	240	610	0.0	607
lcl|NC_017455.1_prot_WP_014554119.1_1	GCF_001702215.1_WP_014214740.1	56.250	419	428	99	416	181	1	1	416	4	418	0.0	607
lcl|NC_017455.1_prot_WP_014554119.1_1	GCF_024722315.1_WP_160339044.1	58.602	419	635	88	372	151	2	45	414	264	634	0.0	606
lcl|NC_017455.1_prot_WP_014554119.1_1	GCF_023272795.1_WP_248727594.1	57.796	419	608	88	372	154	2	45	414	237	607	0.0	606
lcl|NC_017455.1_prot_WP_014554119.1_1	GCF_018437505.1_WP_236543494.1	53.543	419	646	90	381	172	2	42	419	264	642	0.0	606
lcl|NC_017455.1_prot_WP_014554119.1_1	GCF_015277815.1_WP_228479490.1	53.003	419	725	90	383	173	2	41	418	326	706	0.0	606
lcl|NC_017455.1_prot_WP_014554119.1_1	GCF_013365475.1_WP_175814304.1	52.123	419	471	99	424	191	4	2	414	48	470	0.0	606
lcl|NC_017455.1_prot_WP_014554119.1_1	GCF_006974145.1_WP_142783504.1	57.258	419	559	88	372	156	2	45	414	188	558	0.0	606
lcl|NC_017455.1_prot_WP_014554119.1_1	GCF_002893765.1_WP_102994342.1	57.258	419	562	88	372	156	2	45	414	191	561	0.0	606
lcl|NC_017455.1_prot_WP_014554119.1_1	GCF_002104335.1_WP_027306260.1	55.181	419	430	99	415	183	2	2	414	16	429	0.0	606
lcl|NC_017455.1_prot_WP_014554119.1_1	GCF_001611955.1_WP_011275225.1	59.512	419	438	98	410	163	2	7	415	18	425	0.0	606
lcl|NC_017455.1_prot_WP_014554119.1_1	GCF_000023865.1_WP_041322951.1	53.003	419	659	90	383	174	2	41	419	275	655	0.0	606
lcl|NC_017455.1_prot_WP_014554119.1_1	GCF_000018865.1_WP_012256183.1	55.856	419	444	99	444	165	3	2	415	1	443	0.0	606
lcl|NC_017455.1_prot_WP_014554119.1_1	GCF_027941775.1_WP_271231532.1	56.989	419	585	88	372	157	2	45	414	214	584	0.0	606
lcl|NC_017455.1_prot_WP_014554119.1_1	GCF_017358165.1_WP_207566120.1	57.869	419	423	98	413	172	2	2	413	6	417	0.0	606
lcl|NC_017455.1_prot_WP_014554119.1_1	GCF_015169395.1_WP_206293377.1	58.111	419	615	98	413	170	2	4	414	202	613	0.0	606
lcl|NC_017455.1_prot_WP_014554119.1_1	GCF_002288325.1_WP_223298697.1	54.068	419	569	90	381	170	2	42	419	187	565	0.0	606
lcl|NC_017455.1_prot_WP_014554119.1_1	GCF_000217655.1_WP_013944929.1	56.867	419	519	98	415	174	3	4	414	100	513	0.0	606
lcl|NC_017455.1_prot_WP_014554119.1_1	GCF_024499525.1_WP_256635538.1	57.796	419	596	88	372	154	2	45	414	225	595	0.0	606
lcl|NC_017455.1_prot_WP_014554119.1_1	GCF_016599795.1_WP_017636783.1	58.780	419	438	98	410	166	2	7	415	18	425	0.0	606
lcl|NC_017455.1_prot_WP_014554119.1_1	GCF_015277855.1_WP_194409006.1	53.003	419	731	90	383	173	2	41	418	331	711	0.0	606
lcl|NC_017455.1_prot_WP_014554119.1_1	GCF_013137895.1_WP_171590035.1	56.267	419	739	89	375	162	1	42	414	364	738	0.0	606
lcl|NC_017455.1_prot_WP_014554119.1_1	GCF_009834165.1_WP_132504111.1	54.354	419	759	89	379	166	2	42	415	368	744	0.0	606
lcl|NC_017455.1_prot_WP_014554119.1_1	GCF_004011115.1_WP_104264354.1	54.617	419	766	89	379	165	2	42	415	375	751	0.0	606
lcl|NC_017455.1_prot_WP_014554119.1_1	GCF_003269425.1_WP_112377115.1	57.909	419	533	89	373	154	2	45	415	162	533	0.0	606
lcl|NC_017455.1_prot_WP_014554119.1_1	GCF_000023465.1_WP_013070468.1	57.258	419	552	88	372	156	2	45	414	181	551	0.0	606
lcl|NC_017455.1_prot_WP_014554119.1_1	GCF_000023285.1_WP_015782825.1	57.796	419	549	88	372	154	2	45	414	178	548	0.0	606
lcl|NC_017455.1_prot_WP_014554119.1_1	GCF_946903285.1_WP_263361493.1	57.258	419	633	88	372	156	2	45	414	262	632	0.0	605
lcl|NC_017455.1_prot_WP_014554119.1_1	GCF_020735865.1_WP_008147345.1	56.693	419	682	89	381	157	3	41	414	302	681	0.0	605
lcl|NC_017455.1_prot_WP_014554119.1_1	GCF_019884785.1_WP_223038006.1	53.139	419	462	99	446	176	2	2	414	14	459	0.0	605
lcl|NC_017455.1_prot_WP_014554119.1_1	GCF_019175365.1_WP_231334965.1	54.617	419	695	90	379	167	2	42	417	314	690	0.0	605
lcl|NC_017455.1_prot_WP_014554119.1_1	GCF_014217215.1_WP_185174452.1	53.826	419	706	89	379	168	2	42	415	323	699	0.0	605
lcl|NC_017455.1_prot_WP_014554119.1_1	GCF_013374215.1_WP_034376898.1	54.722	419	432	98	413	184	2	4	414	18	429	0.0	605
lcl|NC_017455.1_prot_WP_014554119.1_1	GCF_009762775.1_WP_158862930.1	56.568	419	604	88	373	158	3	45	414	231	602	0.0	605
lcl|NC_017455.1_prot_WP_014554119.1_1	GCF_004014855.1_WP_128149982.1	57.181	419	570	89	376	158	2	42	415	196	570	0.0	605
lcl|NC_017455.1_prot_WP_014554119.1_1	GCF_003571725.1_WP_002466784.1	59.512	419	438	98	410	163	2	7	415	18	425	0.0	605
lcl|NC_017455.1_prot_WP_014554119.1_1	GCF_003122385.1_WP_109194305.1	57.527	419	601	88	372	155	2	45	414	230	600	0.0	605
lcl|NC_017455.1_prot_WP_014554119.1_1	GCF_001611155.1_WP_046871599.1	56.522	419	430	99	414	179	1	1	414	4	416	0.0	605
lcl|NC_017455.1_prot_WP_014554119.1_1	GCF_000246855.1_WP_242675421.1	59.140	419	571	88	372	149	2	45	414	200	570	0.0	605
lcl|NC_017455.1_prot_WP_014554119.1_1	GCF_000013425.1_YP_500838.1	59.512	419	438	98	410	163	2	7	415	18	425	0.0	605
lcl|NC_017455.1_prot_WP_014554119.1_1	GCF_026015925.1_WP_265014288.1	52.482	419	467	99	423	190	4	2	414	45	466	0.0	605
lcl|NC_017455.1_prot_WP_014554119.1_1	GCF_018604565.1_WP_029342779.1	57.820	419	457	99	422	168	4	2	415	14	433	0.0	605
lcl|NC_017455.1_prot_WP_014554119.1_1	GCF_018316655.1_WP_220562998.1	53.034	419	651	90	379	173	2	42	417	275	651	0.0	605
lcl|NC_017455.1_prot_WP_014554119.1_1	GCF_013365495.1_WP_175809420.1	53.538	419	471	99	424	185	4	2	414	48	470	0.0	605
lcl|NC_017455.1_prot_WP_014554119.1_1	GCF_010731795.1_WP_083005653.1	52.208	419	638	90	385	176	2	41	419	251	633	0.0	605
lcl|NC_017455.1_prot_WP_014554119.1_1	GCF_003966625.1_WP_002445589.1	59.756	419	438	98	410	162	2	7	415	18	425	0.0	605
lcl|NC_017455.1_prot_WP_014554119.1_1	GCF_002287885.2_WP_095681004.1	54.450	419	543	90	382	169	2	41	419	147	526	0.0	605
lcl|NC_017455.1_prot_WP_014554119.1_1	GCF_947251725.1_WP_265031724.1	52.482	419	467	99	423	190	4	2	414	45	466	0.0	604
lcl|NC_017455.1_prot_WP_014554119.1_1	GCF_947251595.1_WP_265024454.1	52.482	419	467	99	423	190	4	2	414	45	466	0.0	604
lcl|NC_017455.1_prot_WP_014554119.1_1	GCF_012277275.1_WP_168584039.1	53.247	419	712	90	385	172	2	38	416	321	703	0.0	604
lcl|NC_017455.1_prot_WP_014554119.1_1	GCF_005670685.2_WP_053854198.1	51.020	419	656	91	392	180	2	38	419	262	651	0.0	604
lcl|NC_017455.1_prot_WP_014554119.1_1	GCF_002896855.1_WP_103082344.1	57.767	419	664	98	412	173	1	3	414	246	656	0.0	604
lcl|NC_017455.1_prot_WP_014554119.1_1	GCF_000236925.1_WP_001115104.1	59.268	419	438	98	410	164	2	7	415	18	425	0.0	604
lcl|NC_017455.1_prot_WP_014554119.1_1	GCF_000164695.2_WP_041321737.1	54.907	419	696	89	377	163	2	44	415	315	689	0.0	604
lcl|NC_017455.1_prot_WP_014554119.1_1	GCF_947251795.1_WP_265015515.1	52.719	419	467	99	423	189	4	2	414	45	466	0.0	604
lcl|NC_017455.1_prot_WP_014554119.1_1	GCF_947251615.1_WP_265034621.1	52.719	419	467	99	423	189	4	2	414	45	466	0.0	604
lcl|NC_017455.1_prot_WP_014554119.1_1	GCF_947251545.1_WP_265036843.1	52.482	419	467	99	423	190	4	2	414	45	466	0.0	604
lcl|NC_017455.1_prot_WP_014554119.1_1	GCF_936270145.1_WP_250295935.1	52.719	419	467	99	423	189	4	2	414	45	466	0.0	604
lcl|NC_017455.1_prot_WP_014554119.1_1	GCF_019448235.1_WP_237690267.1	52.231	419	569	90	381	177	2	41	418	186	564	0.0	604
lcl|NC_017455.1_prot_WP_014554119.1_1	GCF_014705945.2_WP_190618313.1	52.493	419	701	89	381	172	2	42	415	314	692	0.0	604
lcl|NC_017455.1_prot_WP_014554119.1_1	GCF_010731635.1_WP_083085101.1	52.344	419	598	90	384	175	2	42	419	213	594	0.0	604
lcl|NC_017455.1_prot_WP_014554119.1_1	GCF_009792295.1_WP_158962738.1	57.796	419	606	88	372	154	2	45	414	235	605	0.0	604
lcl|NC_017455.1_prot_WP_014554119.1_1	GCF_006542685.1_WP_141429796.1	52.195	419	567	97	410	190	5	9	414	159	566	0.0	604
lcl|NC_017455.1_prot_WP_014554119.1_1	GCF_004337635.1_WP_006262930.1	59.517	419	636	89	373	148	2	45	415	265	636	0.0	604
lcl|NC_017455.1_prot_WP_014554119.1_1	GCF_003945385.1_WP_085910971.1	51.697	419	762	90	383	179	2	41	419	378	758	0.0	604
lcl|NC_017455.1_prot_WP_014554119.1_1	GCF_003812505.1_WP_002448642.1	59.268	419	438	98	410	164	2	7	415	18	425	0.0	604
lcl|NC_017455.1_prot_WP_014554119.1_1	GCF_001931755.2_WP_110409382.1	52.830	419	471	99	424	188	4	2	414	48	470	0.0	604
lcl|NC_017455.1_prot_WP_014554119.1_1	GCF_001641005.1_WP_068254074.1	54.090	419	778	89	379	167	2	42	415	387	763	0.0	604
lcl|NC_017455.1_prot_WP_014554119.1_1	GCF_000828675.1_WP_082025972.1	56.796	419	432	98	412	176	2	3	413	15	425	0.0	604
lcl|NC_017455.1_prot_WP_014554119.1_1	GCF_000200595.1_WP_013469104.1	54.348	419	433	98	414	186	2	4	415	19	431	0.0	604
lcl|NC_017455.1_prot_WP_014554119.1_1	GCF_947251485.1_WP_265043201.1	52.482	419	467	99	423	190	4	2	414	45	466	0.0	604
lcl|NC_017455.1_prot_WP_014554119.1_1	GCF_947250715.1_WP_264328936.1	52.955	419	467	99	423	188	4	2	414	45	466	0.0	604
lcl|NC_017455.1_prot_WP_014554119.1_1	GCF_024804185.1_WP_096616069.1	52.719	419	467	99	423	189	4	2	414	45	466	0.0	604
lcl|NC_017455.1_prot_WP_014554119.1_1	GCF_013364095.1_WP_019435870.1	52.646	419	671	89	378	174	2	44	418	290	665	0.0	604
lcl|NC_017455.1_prot_WP_014554119.1_1	GCF_010726085.1_WP_083157164.1	52.196	419	632	90	387	175	2	41	419	243	627	0.0	604
lcl|NC_017455.1_prot_WP_014554119.1_1	GCF_009676955.1_WP_154328721.1	56.032	419	792	88	373	160	3	45	414	420	791	0.0	604
lcl|NC_017455.1_prot_WP_014554119.1_1	GCF_000993785.3_WP_030733570.1	52.910	419	665	89	378	173	2	44	418	284	659	0.0	604
lcl|NC_017455.1_prot_WP_014554119.1_1	GCF_000833025.1_WP_041889324.1	59.517	419	636	89	373	148	2	45	415	265	636	0.0	604
lcl|NC_017455.1_prot_WP_014554119.1_1	GCF_000238215.1_WP_041590892.1	56.499	419	658	88	377	156	3	45	414	282	657	0.0	604
lcl|NC_017455.1_prot_WP_014554119.1_1	GCF_000024605.1_WP_245527917.1	60.920	419	455	98	435	145	3	1	411	1	434	0.0	604
lcl|NC_017455.1_prot_WP_014554119.1_1	GCF_000017865.1_WP_012002656.1	56.796	419	432	98	412	176	2	3	413	15	425	0.0	604
lcl|NC_017455.1_prot_WP_014554119.1_1	GCF_947250735.1_WP_264732459.1	52.955	419	467	99	423	188	4	2	414	45	466	0.0	603
lcl|NC_017455.1_prot_WP_014554119.1_1	GCF_017352115.1_WP_207295357.1	57.527	419	609	88	372	155	2	45	414	238	608	0.0	603
lcl|NC_017455.1_prot_WP_014554119.1_1	GCF_004355225.1_WP_133275467.1	57.527	419	595	88	372	155	2	45	414	224	594	0.0	603
lcl|NC_017455.1_prot_WP_014554119.1_1	GCF_004328535.1_WP_131332671.1	51.958	419	708	90	383	175	2	42	417	324	704	0.0	603
lcl|NC_017455.1_prot_WP_014554119.1_1	GCF_003932995.1_WP_125240523.1	52.480	419	694	90	383	174	2	42	418	305	685	0.0	603
lcl|NC_017455.1_prot_WP_014554119.1_1	GCF_002288305.1_WP_095688443.1	53.403	419	538	90	382	173	2	41	419	142	521	0.0	603
lcl|NC_017455.1_prot_WP_014554119.1_1	GCF_000376605.1_WP_007549497.1	52.482	419	467	99	423	190	4	2	414	45	466	0.0	603
lcl|NC_017455.1_prot_WP_014554119.1_1	GCF_000183135.1_WP_013443913.1	57.029	419	627	89	377	158	3	41	414	251	626	0.0	603
lcl|NC_017455.1_prot_WP_014554119.1_1	GCF_000092865.1_WP_013116297.1	51.680	419	658	90	387	176	2	42	419	259	643	0.0	603
lcl|NC_017455.1_prot_WP_014554119.1_1	GCF_000019905.1_WP_012371589.1	57.346	419	454	99	422	170	4	2	415	13	432	0.0	603
lcl|NC_017455.1_prot_WP_014554119.1_1	GCF_947251495.1_WP_265025335.1	53.066	419	468	99	424	187	4	2	414	45	467	0.0	603
lcl|NC_017455.1_prot_WP_014554119.1_1	GCF_947251465.1_WP_265042114.1	53.066	419	468	99	424	187	4	2	414	45	467	0.0	603
lcl|NC_017455.1_prot_WP_014554119.1_1	GCF_947250645.1_WP_264719480.1	53.066	419	468	99	424	187	4	2	414	45	467	0.0	603
lcl|NC_017455.1_prot_WP_014554119.1_1	GCF_025617515.1_WP_214303270.1	53.066	419	468	99	424	187	4	2	414	45	467	0.0	603
lcl|NC_017455.1_prot_WP_014554119.1_1	GCF_021378375.1_WP_190321357.1	54.337	419	467	92	392	172	3	29	414	76	466	0.0	603
lcl|NC_017455.1_prot_WP_014554119.1_1	GCF_016584425.1_WP_022626347.1	52.719	419	467	99	423	189	4	2	414	45	466	0.0	603
lcl|NC_017455.1_prot_WP_014554119.1_1	GCF_010730355.1_WP_085220953.1	52.208	419	627	90	385	176	2	41	419	240	622	0.0	603
lcl|NC_017455.1_prot_WP_014554119.1_1	GCF_008245065.1_WP_007301965.1	53.066	419	468	99	424	187	4	2	414	45	467	0.0	603
lcl|NC_017455.1_prot_WP_014554119.1_1	GCF_008152325.1_WP_269902693.1	54.773	419	444	99	440	172	2	1	414	3	441	0.0	603
lcl|NC_017455.1_prot_WP_014554119.1_1	GCF_004795975.1_WP_010402274.1	53.066	419	468	99	424	187	4	2	414	45	467	0.0	603
lcl|NC_017455.1_prot_WP_014554119.1_1	GCF_001543175.1_WP_060778718.1	58.354	419	433	99	413	170	2	1	413	13	423	0.0	603
lcl|NC_017455.1_prot_WP_014554119.1_1	GCF_001275345.1_WP_053447147.1	51.948	419	698	90	385	175	2	41	417	307	689	0.0	603
lcl|NC_017455.1_prot_WP_014554119.1_1	GCF_000016645.1_WP_012026627.1	57.527	419	604	88	372	155	2	45	414	233	603	0.0	603
lcl|NC_017455.1_prot_WP_014554119.1_1	GCF_947250535.1_WP_264682641.1	53.066	419	468	99	424	187	4	2	414	45	467	0.0	602
lcl|NC_017455.1_prot_WP_014554119.1_1	GCF_947250475.1_WP_264378026.1	53.066	419	468	99	424	187	4	2	414	45	467	0.0	602
lcl|NC_017455.1_prot_WP_014554119.1_1	GCF_022175585.1_WP_023868621.1	52.865	419	620	90	384	173	2	42	419	234	615	0.0	602
lcl|NC_017455.1_prot_WP_014554119.1_1	GCF_020995475.1_WP_052264646.1	53.066	419	468	99	424	187	4	2	414	45	467	0.0	602
lcl|NC_017455.1_prot_WP_014554119.1_1	GCF_018467115.1_WP_138264766.1	52.719	419	467	99	423	189	4	2	414	45	466	0.0	602
lcl|NC_017455.1_prot_WP_014554119.1_1	GCF_015775975.1_WP_195719542.1	60.000	419	438	98	410	161	2	7	415	18	425	0.0	602
lcl|NC_017455.1_prot_WP_014554119.1_1	GCF_014163495.1_WP_009134860.1	55.556	419	599	92	387	166	4	32	415	216	599	0.0	602
lcl|NC_017455.1_prot_WP_014554119.1_1	GCF_010727605.1_WP_101528545.1	52.083	419	625	90	384	176	2	42	419	239	620	0.0	602
lcl|NC_017455.1_prot_WP_014554119.1_1	GCF_009649075.1_WP_153653516.1	53.298	419	696	90	379	172	2	41	416	310	686	0.0	602
lcl|NC_017455.1_prot_WP_014554119.1_1	GCF_003019255.1_WP_061855708.1	59.756	419	438	98	410	162	2	7	415	18	425	0.0	602
lcl|NC_017455.1_prot_WP_014554119.1_1	GCF_002288365.1_WP_236850881.1	54.331	419	516	90	381	169	2	42	419	133	511	0.0	602
lcl|NC_017455.1_prot_WP_014554119.1_1	GCF_001887285.1_WP_071919286.1	52.219	419	718	90	383	176	2	41	418	324	704	0.0	602
lcl|NC_017455.1_prot_WP_014554119.1_1	GCF_001644645.1_WP_066405881.1	57.373	419	549	89	373	156	2	45	415	178	549	0.0	602
lcl|NC_017455.1_prot_WP_014554119.1_1	GCF_000441555.1_WP_041193059.1	57.816	419	403	95	403	164	3	18	415	1	402	0.0	602
lcl|NC_017455.1_prot_WP_014554119.1_1	GCF_000092965.1_WP_013149616.1	62.667	419	508	89	375	139	1	40	414	129	502	0.0	602
lcl|NC_017455.1_prot_WP_014554119.1_1	GCF_000025645.1_WP_012994296.1	62.667	419	508	89	375	139	1	40	414	129	502	0.0	602
lcl|NC_017455.1_prot_WP_014554119.1_1	GCF_947251645.1_WP_265026456.1	52.482	419	467	99	423	190	4	2	414	45	466	0.0	602
lcl|NC_017455.1_prot_WP_014554119.1_1	GCF_900637895.1_WP_034717717.1	58.355	419	660	89	377	154	2	41	415	285	660	0.0	602
lcl|NC_017455.1_prot_WP_014554119.1_1	GCF_029026745.1_WP_012727388.1	58.810	419	445	98	420	163	3	2	413	11	428	0.0	602
lcl|NC_017455.1_prot_WP_014554119.1_1	GCF_025272815.1_WP_023351347.1	59.268	419	438	98	410	164	2	7	415	18	425	0.0	602
lcl|NC_017455.1_prot_WP_014554119.1_1	GCF_025144665.1_WP_019245020.1	56.349	419	592	89	378	161	3	41	415	216	592	0.0	602
lcl|NC_017455.1_prot_WP_014554119.1_1	GCF_023559125.1_WP_250120075.1	53.066	419	468	99	424	187	4	2	414	45	467	0.0	602
lcl|NC_017455.1_prot_WP_014554119.1_1	GCF_022637435.1_WP_241915003.1	50.904	419	697	90	387	180	2	41	419	306	690	0.0	602
lcl|NC_017455.1_prot_WP_014554119.1_1	GCF_021117425.1_WP_231447156.1	52.480	419	680	90	383	174	2	42	418	291	671	0.0	602
lcl|NC_017455.1_prot_WP_014554119.1_1	GCF_018138125.1_WP_211780445.1	58.571	419	446	98	420	164	3	2	413	11	428	0.0	602
lcl|NC_017455.1_prot_WP_014554119.1_1	GCF_013394675.1_WP_178983680.1	56.452	419	568	88	372	159	2	45	414	197	567	0.0	602
lcl|NC_017455.1_prot_WP_014554119.1_1	GCF_013365455.1_WP_175818510.1	52.594	419	471	99	424	189	4	2	414	48	470	0.0	602
lcl|NC_017455.1_prot_WP_014554119.1_1	GCF_010730195.1_WP_085233246.1	52.208	419	607	90	385	176	2	41	419	221	603	0.0	602
lcl|NC_017455.1_prot_WP_014554119.1_1	GCF_010727945.1_WP_163775989.1	51.680	419	604	90	387	177	2	41	419	216	600	0.0	602
lcl|NC_017455.1_prot_WP_014554119.1_1	GCF_002982135.1_WP_057773251.1	56.691	419	430	98	411	177	1	1	411	4	413	0.0	602
lcl|NC_017455.1_prot_WP_014554119.1_1	GCF_002302415.1_WP_095911156.1	56.720	419	583	88	372	158	2	45	414	212	582	0.0	602
lcl|NC_017455.1_prot_WP_014554119.1_1	GCF_002288065.1_WP_095673149.1	53.806	419	522	90	381	171	2	42	419	139	517	0.0	602
lcl|NC_017455.1_prot_WP_014554119.1_1	GCF_002285715.1_WP_095576753.1	51.823	419	626	90	384	177	2	42	419	241	622	0.0	602
lcl|NC_017455.1_prot_WP_014554119.1_1	GCF_001653755.1_WP_035328434.1	56.300	419	573	89	373	160	2	45	415	202	573	0.0	602
lcl|NC_017455.1_prot_WP_014554119.1_1	GCF_000723425.2_WP_020730037.1	52.344	419	621	90	384	175	2	42	419	235	616	0.0	602
lcl|NC_017455.1_prot_WP_014554119.1_1	GCF_000253275.1_WP_014084047.1	56.150	419	634	89	374	161	2	42	413	259	631	0.0	602
lcl|NC_017455.1_prot_WP_014554119.1_1	GCF_947250465.1_WP_264684961.1	53.066	419	468	99	424	187	4	2	414	45	467	0.0	602
lcl|NC_017455.1_prot_WP_014554119.1_1	GCF_918697765.1_WP_253303291.1	52.482	419	467	99	423	190	4	2	414	45	466	0.0	602
lcl|NC_017455.1_prot_WP_014554119.1_1	GCF_900637205.1_WP_126332955.1	51.163	419	657	90	387	179	2	41	419	267	651	0.0	602
lcl|NC_017455.1_prot_WP_014554119.1_1	GCF_028736055.1_WP_274244427.1	51.948	419	748	90	385	176	2	42	419	361	743	0.0	602
lcl|NC_017455.1_prot_WP_014554119.1_1	GCF_024134545.1_WP_184370360.1	53.281	419	670	90	381	173	2	42	419	289	667	0.0	602
lcl|NC_017455.1_prot_WP_014554119.1_1	GCF_015775515.1_WP_246465349.1	63.868	419	400	94	393	140	2	22	413	1	392	0.0	602
lcl|NC_017455.1_prot_WP_014554119.1_1	GCF_012516355.1_WP_246269665.1	56.171	419	559	94	397	164	4	22	414	168	558	0.0	602
lcl|NC_017455.1_prot_WP_014554119.1_1	GCF_010729105.1_WP_085255471.1	52.865	419	611	90	384	173	2	42	419	225	606	0.0	602
lcl|NC_017455.1_prot_WP_014554119.1_1	GCF_007197575.1_WP_228266732.1	54.712	419	703	89	382	162	3	44	416	315	694	0.0	602
lcl|NC_017455.1_prot_WP_014554119.1_1	GCF_006349365.1_WP_139948935.1	51.928	419	660	91	389	179	3	37	419	270	656	0.0	602
lcl|NC_017455.1_prot_WP_014554119.1_1	GCF_001307545.1_WP_054602926.1	51.421	419	663	90	387	178	2	41	419	274	658	0.0	602
lcl|NC_017455.1_prot_WP_014554119.1_1	GCF_000024845.1_WP_012844798.1	59.626	419	518	99	374	148	2	43	414	145	517	0.0	602
lcl|NC_017455.1_prot_WP_014554119.1_1	GCF_000024845.1_WP_012844798.1	42.000	419	518	99	50	29	0	2	51	1	50	6.65e-05	53.2
lcl|NC_017455.1_prot_WP_014554119.1_1	GCF_023008245.1_WP_045967053.1	57.796	419	574	88	372	154	2	45	414	203	573	0.0	601
lcl|NC_017455.1_prot_WP_014554119.1_1	GCF_022430545.2_WP_240262816.1	51.938	419	617	90	387	176	2	41	419	229	613	0.0	601
lcl|NC_017455.1_prot_WP_014554119.1_1	GCF_019203185.1_WP_218283430.1	53.363	419	449	99	446	175	2	2	414	1	446	0.0	601
lcl|NC_017455.1_prot_WP_014554119.1_1	GCF_010731835.1_WP_275080522.1	51.680	419	618	90	387	177	2	41	419	229	613	0.0	601
lcl|NC_017455.1_prot_WP_014554119.1_1	GCF_010731775.1_WP_083094322.1	52.344	419	646	90	384	175	2	42	419	260	641	0.0	601
lcl|NC_017455.1_prot_WP_014554119.1_1	GCF_009708215.1_WP_154795127.1	52.073	419	720	90	386	176	2	41	419	328	711	0.0	601
lcl|NC_017455.1_prot_WP_014554119.1_1	GCF_004564075.1_WP_135012029.1	53.403	419	653	90	382	171	2	42	418	260	639	0.0	601
lcl|NC_017455.1_prot_WP_014554119.1_1	GCF_001902315.1_WP_046837816.1	58.537	419	438	98	410	167	2	7	415	18	425	0.0	601
lcl|NC_017455.1_prot_WP_014554119.1_1	GCF_001558775.1_WP_002478954.1	59.756	419	438	98	410	162	2	7	415	18	425	0.0	601
lcl|NC_017455.1_prot_WP_014554119.1_1	GCF_000147715.2_WP_201764216.1	58.454	419	420	98	414	169	2	2	413	1	413	0.0	601
lcl|NC_017455.1_prot_WP_014554119.1_1	GCF_000025345.1_WP_012950138.1	54.331	419	747	90	381	169	2	42	419	365	743	0.0	601
lcl|NC_017455.1_prot_WP_014554119.1_1	GCF_947251515.1_WP_265033744.1	52.482	419	467	99	423	190	4	2	414	45	466	0.0	601
lcl|NC_017455.1_prot_WP_014554119.1_1	GCF_025558845.1_WP_046207750.1	59.024	419	438	98	410	165	2	7	415	18	425	0.0	601
lcl|NC_017455.1_prot_WP_014554119.1_1	GCF_018623035.1_WP_214765679.1	51.289	419	693	90	388	177	2	42	419	294	679	0.0	601
lcl|NC_017455.1_prot_WP_014554119.1_1	GCF_018141665.1_WP_211908483.1	53.066	419	468	99	424	187	4	2	414	45	467	0.0	601
lcl|NC_017455.1_prot_WP_014554119.1_1	GCF_014070455.1_WP_182372448.1	52.356	419	687	90	382	174	2	44	419	302	681	0.0	601
lcl|NC_017455.1_prot_WP_014554119.1_1	GCF_008151785.1_WP_006441168.1	54.795	419	438	99	438	171	3	2	414	1	436	0.0	601
lcl|NC_017455.1_prot_WP_014554119.1_1	GCF_004323735.1_WP_131097326.1	53.281	419	685	90	381	173	2	42	419	303	681	0.0	601
lcl|NC_017455.1_prot_WP_014554119.1_1	GCF_004291115.2_WP_115312919.1	59.756	419	438	98	410	162	2	7	415	18	425	0.0	601
lcl|NC_017455.1_prot_WP_014554119.1_1	GCF_002287965.1_WP_095695997.1	54.331	419	521	90	381	169	2	42	419	138	516	0.0	601
lcl|NC_017455.1_prot_WP_014554119.1_1	GCF_000709415.1_WP_029377993.1	58.780	419	438	98	410	166	2	7	415	18	425	0.0	601
lcl|NC_017455.1_prot_WP_014554119.1_1	GCF_947250015.1_WP_264707292.1	52.482	419	467	99	423	190	4	2	414	45	466	0.0	601
lcl|NC_017455.1_prot_WP_014554119.1_1	GCF_025643595.1_WP_263249196.1	52.880	419	622	90	382	174	2	42	419	239	618	0.0	601
lcl|NC_017455.1_prot_WP_014554119.1_1	GCF_021952865.1_WP_237609325.1	54.188	419	830	90	382	168	2	42	418	432	811	0.0	601
lcl|NC_017455.1_prot_WP_014554119.1_1	GCF_010730575.1_WP_085268972.1	52.083	419	620	90	384	176	2	42	419	234	615	0.0	601
lcl|NC_017455.1_prot_WP_014554119.1_1	GCF_010728325.1_WP_163677613.1	51.948	419	676	90	385	177	2	41	419	290	672	0.0	601
lcl|NC_017455.1_prot_WP_014554119.1_1	GCF_010726505.1_WP_193465712.1	51.948	419	688	90	385	177	2	41	419	302	684	0.0	601
lcl|NC_017455.1_prot_WP_014554119.1_1	GCF_010725485.1_WP_163766725.1	52.196	419	675	90	387	175	2	41	419	286	670	0.0	601
lcl|NC_017455.1_prot_WP_014554119.1_1	GCF_006094375.1_WP_001829985.1	59.268	419	438	98	410	164	2	7	415	18	425	0.0	601
lcl|NC_017455.1_prot_WP_014554119.1_1	GCF_003932015.1_WP_012303235.1	55.246	419	492	98	467	151	3	2	411	1	466	0.0	601
lcl|NC_017455.1_prot_WP_014554119.1_1	GCF_002117085.1_WP_085775204.1	56.452	419	563	88	372	159	2	45	414	192	562	0.0	601
lcl|NC_017455.1_prot_WP_014554119.1_1	GCF_022343725.1_WP_133452034.1	59.069	419	438	97	408	164	2	7	413	18	423	0.0	600
lcl|NC_017455.1_prot_WP_014554119.1_1	GCF_019645875.1_WP_036394984.1	51.421	419	662	90	387	178	2	41	419	273	657	0.0	600
lcl|NC_017455.1_prot_WP_014554119.1_1	GCF_009739655.1_WP_079532523.1	53.927	419	823	90	382	169	2	42	418	425	804	0.0	600
lcl|NC_017455.1_prot_WP_014554119.1_1	GCF_007814115.1_WP_037538023.1	58.537	419	438	98	410	167	2	7	415	18	425	0.0	600
lcl|NC_017455.1_prot_WP_014554119.1_1	GCF_004101785.1_WP_128425275.1	51.965	419	462	99	458	174	2	2	414	1	457	0.0	600
lcl|NC_017455.1_prot_WP_014554119.1_1	GCF_003966335.1_WP_126446438.1	56.989	419	566	88	372	157	2	45	414	195	565	0.0	600
lcl|NC_017455.1_prot_WP_014554119.1_1	GCF_002993285.1_WP_105943797.1	51.554	419	621	90	386	175	2	44	419	233	616	0.0	600
lcl|NC_017455.1_prot_WP_014554119.1_1	GCF_001005905.1_WP_046790983.1	59.756	419	438	98	410	162	2	7	415	18	425	0.0	600
lcl|NC_017455.1_prot_WP_014554119.1_1	GCF_000214155.1_WP_013828237.1	51.948	419	682	90	385	177	2	41	419	296	678	0.0	600
lcl|NC_017455.1_prot_WP_014554119.1_1	GCF_000007085.1_WP_011024644.1	59.335	419	488	93	391	155	2	27	414	93	482	0.0	600
lcl|NC_017455.1_prot_WP_014554119.1_1	GCF_900637195.1_WP_048635290.1	51.554	419	704	90	386	178	2	41	419	316	699	0.0	600
lcl|NC_017455.1_prot_WP_014554119.1_1	GCF_022370635.2_WP_275564564.1	51.688	419	635	90	385	178	2	41	419	244	626	0.0	600
lcl|NC_017455.1_prot_WP_014554119.1_1	GCF_020084865.1_WP_224134458.1	58.090	419	605	89	377	155	2	41	415	230	605	0.0	600
lcl|NC_017455.1_prot_WP_014554119.1_1	GCF_002288145.1_WP_095684371.1	54.068	419	524	90	381	170	2	42	419	141	519	0.0	600
lcl|NC_017455.1_prot_WP_014554119.1_1	GCF_001922405.1_WP_015900870.1	59.413	419	438	97	409	163	2	7	414	18	424	0.0	600
lcl|NC_017455.1_prot_WP_014554119.1_1	GCF_001655245.1_WP_040541574.1	51.546	419	702	90	388	177	2	41	419	312	697	0.0	600
lcl|NC_017455.1_prot_WP_014554119.1_1	GCF_000695095.2_WP_026850113.1	54.699	419	417	98	415	184	3	2	413	1	414	0.0	600
lcl|NC_017455.1_prot_WP_014554119.1_1	GCF_000454025.1_WP_013229539.1	51.842	419	667	90	380	177	2	41	416	282	659	0.0	600
lcl|NC_017455.1_prot_WP_014554119.1_1	GCF_000010305.1_WP_012682156.1	54.217	419	417	98	415	186	3	2	413	1	414	0.0	600
lcl|NC_017455.1_prot_WP_014554119.1_1	GCF_900638305.1_WP_025838368.1	55.703	419	674	88	377	159	3	45	414	298	673	0.0	599
lcl|NC_017455.1_prot_WP_014554119.1_1	GCF_900187055.1_WP_002464798.1	59.268	419	438	98	410	164	2	7	415	18	425	0.0	599
lcl|NC_017455.1_prot_WP_014554119.1_1	GCF_025215495.1_WP_090586970.1	51.421	419	641	90	387	178	2	41	419	251	635	0.0	599
lcl|NC_017455.1_prot_WP_014554119.1_1	GCF_020097095.1_WP_224188455.1	59.559	419	438	97	408	162	2	7	413	18	423	0.0	599
lcl|NC_017455.1_prot_WP_014554119.1_1	GCF_018491735.2_WP_214249461.1	52.830	419	468	99	424	188	4	2	414	45	467	0.0	599
lcl|NC_017455.1_prot_WP_014554119.1_1	GCF_018363015.1_WP_235733382.1	51.031	419	667	90	388	179	2	41	419	277	662	0.0	599
lcl|NC_017455.1_prot_WP_014554119.1_1	GCF_016756055.1_WP_008254784.1	52.083	419	622	90	384	176	2	42	419	237	618	0.0	599
lcl|NC_017455.1_prot_WP_014554119.1_1	GCF_012277295.1_WP_168464548.1	56.122	419	472	92	392	165	3	29	414	79	469	0.0	599
lcl|NC_017455.1_prot_WP_014554119.1_1	GCF_010731875.1_WP_163698059.1	52.344	419	645	90	384	174	2	42	418	252	633	0.0	599
lcl|NC_017455.1_prot_WP_014554119.1_1	GCF_010731295.1_WP_097926089.1	51.421	419	662	90	387	178	2	41	419	273	657	0.0	599
lcl|NC_017455.1_prot_WP_014554119.1_1	GCF_010731115.1_WP_061003025.1	50.636	419	660	91	393	181	2	38	419	265	655	0.0	599
lcl|NC_017455.1_prot_WP_014554119.1_1	GCF_010727325.1_WP_163668767.1	51.414	419	675	90	389	177	2	41	419	284	670	0.0	599
lcl|NC_017455.1_prot_WP_014554119.1_1	GCF_003589925.1_WP_119754330.1	59.200	419	534	89	375	150	2	42	414	160	533	0.0	599
lcl|NC_017455.1_prot_WP_014554119.1_1	GCF_002849715.1_WP_074701674.1	52.770	419	715	89	379	169	2	49	419	332	708	0.0	599
lcl|NC_017455.1_prot_WP_014554119.1_1	GCF_001518795.1_WP_026465853.1	57.178	419	429	98	411	174	2	3	413	10	418	0.0	599
lcl|NC_017455.1_prot_WP_014554119.1_1	GCF_001267435.1_WP_011393879.1	64.929	419	429	98	422	137	2	2	413	1	421	0.0	599
lcl|NC_017455.1_prot_WP_014554119.1_1	GCF_000015305.1_WP_011781500.1	52.468	419	684	90	385	175	2	41	419	297	679	0.0	599
lcl|NC_017455.1_prot_WP_014554119.1_1	GCF_023515995.1_WP_219067102.1	52.208	419	612	90	385	176	2	41	419	226	608	0.0	599
lcl|NC_017455.1_prot_WP_014554119.1_1	GCF_023100725.1_WP_247826490.1	52.116	419	734	89	378	172	2	49	419	354	729	0.0	599
lcl|NC_017455.1_prot_WP_014554119.1_1	GCF_020736005.1_WP_036458452.1	52.083	419	621	90	384	176	2	42	419	236	617	0.0	599
lcl|NC_017455.1_prot_WP_014554119.1_1	GCF_019456675.1_WP_220045762.1	51.688	419	634	90	385	178	2	41	419	243	625	0.0	599
lcl|NC_017455.1_prot_WP_014554119.1_1	GCF_016127455.1_WP_002507063.1	59.024	419	438	98	410	165	2	7	415	18	425	0.0	599
lcl|NC_017455.1_prot_WP_014554119.1_1	GCF_014775655.1_WP_191148672.1	53.927	419	833	90	382	169	2	42	418	435	814	0.0	599
lcl|NC_017455.1_prot_WP_014554119.1_1	GCF_013466425.1_WP_180914716.1	51.832	419	638	89	382	174	2	46	419	254	633	0.0	599
lcl|NC_017455.1_prot_WP_014554119.1_1	GCF_010731655.1_WP_083170172.1	52.468	419	608	90	385	175	2	41	419	221	603	0.0	599
lcl|NC_017455.1_prot_WP_014554119.1_1	GCF_010731575.1_WP_083045390.1	51.938	419	661	90	387	176	2	41	419	272	656	0.0	599
lcl|NC_017455.1_prot_WP_014554119.1_1	GCF_010728725.1_WP_083132630.1	51.554	419	585	90	386	177	2	42	419	198	581	0.0	599
lcl|NC_017455.1_prot_WP_014554119.1_1	GCF_010726245.1_WP_115321459.1	51.429	419	675	90	385	179	2	41	419	284	666	0.0	599
lcl|NC_017455.1_prot_WP_014554119.1_1	GCF_001989575.1_WP_077139770.1	57.843	419	436	97	408	169	2	7	413	18	423	0.0	599
lcl|NC_017455.1_prot_WP_014554119.1_1	GCF_000340435.2_WP_054879625.1	52.083	419	611	90	384	176	2	42	419	225	606	0.0	599
lcl|NC_017455.1_prot_WP_014554119.1_1	GCF_000255135.1_WP_014295625.1	57.212	419	439	99	416	175	2	2	415	20	434	0.0	599
lcl|NC_017455.1_prot_WP_014554119.1_1	GCF_025561465.1_WP_002481801.1	59.756	419	438	98	410	162	2	7	415	18	425	0.0	599
lcl|NC_017455.1_prot_WP_014554119.1_1	GCF_022811685.1_WP_243549303.1	58.355	419	594	89	377	154	2	41	415	219	594	0.0	599
lcl|NC_017455.1_prot_WP_014554119.1_1	GCF_011617705.1_WP_166825246.1	52.604	419	666	90	384	173	2	42	418	276	657	0.0	599
lcl|NC_017455.1_prot_WP_014554119.1_1	GCF_010730745.1_WP_083073496.1	52.083	419	610	90	384	176	2	42	419	224	605	0.0	599
lcl|NC_017455.1_prot_WP_014554119.1_1	GCF_003860525.1_WP_124801341.1	53.827	419	594	93	392	176	3	26	415	206	594	0.0	599
lcl|NC_017455.1_prot_WP_014554119.1_1	GCF_003718735.1_WP_123145139.1	59.169	419	438	97	409	164	2	7	414	18	424	0.0	599
lcl|NC_017455.1_prot_WP_014554119.1_1	GCF_003614435.1_WP_242460521.1	52.604	419	664	90	384	174	2	42	419	278	659	0.0	599
lcl|NC_017455.1_prot_WP_014554119.1_1	GCF_003065605.1_WP_199906817.1	52.618	419	696	90	382	176	2	41	419	310	689	0.0	599
lcl|NC_017455.1_prot_WP_014554119.1_1	GCF_001543285.1_WP_003142273.1	56.934	419	431	98	411	175	2	3	413	10	418	0.0	599
lcl|NC_017455.1_prot_WP_014554119.1_1	GCF_028622115.1_WP_273935486.1	51.697	419	691	90	383	179	2	41	419	305	685	0.0	598
lcl|NC_017455.1_prot_WP_014554119.1_1	GCF_018388445.1_WP_207341666.1	51.546	419	699	90	388	177	2	41	419	299	684	0.0	598
lcl|NC_017455.1_prot_WP_014554119.1_1	GCF_018316795.1_WP_212641315.1	53.281	419	663	90	381	173	2	42	419	282	660	0.0	598
lcl|NC_017455.1_prot_WP_014554119.1_1	GCF_018069705.1_WP_274372765.1	60.539	419	449	97	408	160	1	7	414	41	447	0.0	598
lcl|NC_017455.1_prot_WP_014554119.1_1	GCF_013004105.1_WP_171225534.1	52.530	419	417	98	415	193	3	2	413	1	414	0.0	598
lcl|NC_017455.1_prot_WP_014554119.1_1	GCF_011466855.1_WP_037567457.1	59.024	419	438	98	410	165	2	7	415	18	425	0.0	598
lcl|NC_017455.1_prot_WP_014554119.1_1	GCF_011462075.1_WP_165883137.1	51.832	419	657	89	382	175	2	44	418	269	648	0.0	598
lcl|NC_017455.1_prot_WP_014554119.1_1	GCF_000147695.2_WP_003868952.1	61.600	419	508	89	375	143	1	40	414	129	502	0.0	598
lcl|NC_017455.1_prot_WP_014554119.1_1	GCF_000143725.1_WP_013243944.1	57.075	419	490	99	424	171	6	1	414	67	489	0.0	598
lcl|NC_017455.1_prot_WP_014554119.1_1	GCF_000019085.1_WP_009051987.1	61.600	419	508	89	375	143	1	40	414	129	502	0.0	598
lcl|NC_017455.1_prot_WP_014554119.1_1	GCF_000010645.1_WP_012573027.1	56.053	419	583	89	380	159	3	42	414	204	582	0.0	598
lcl|NC_017455.1_prot_WP_014554119.1_1	GCF_022827545.1_WP_243797145.1	56.684	419	768	89	374	160	1	43	414	394	767	0.0	598
lcl|NC_017455.1_prot_WP_014554119.1_1	GCF_022374935.2_WP_046285339.1	52.083	419	669	90	384	176	2	42	419	284	665	0.0	598
lcl|NC_017455.1_prot_WP_014554119.1_1	GCF_022059885.1_WP_006437283.1	52.356	419	666	90	382	174	2	44	419	281	660	0.0	598
lcl|NC_017455.1_prot_WP_014554119.1_1	GCF_018622995.1_WP_210231555.1	52.332	419	737	90	386	174	2	42	419	350	733	0.0	598
lcl|NC_017455.1_prot_WP_014554119.1_1	GCF_012931845.1_WP_169164811.1	52.713	419	686	90	387	171	2	42	418	294	678	0.0	598
lcl|NC_017455.1_prot_WP_014554119.1_1	GCF_010731695.1_WP_134060848.1	51.948	419	670	90	385	177	2	41	419	283	665	0.0	598
lcl|NC_017455.1_prot_WP_014554119.1_1	GCF_010728155.1_WP_085188633.1	52.196	419	656	90	387	175	2	41	419	267	651	0.0	598
lcl|NC_017455.1_prot_WP_014554119.1_1	GCF_010448835.1_WP_163345826.1	56.764	419	617	89	377	159	3	41	414	240	615	0.0	598
lcl|NC_017455.1_prot_WP_014554119.1_1	GCF_002442935.1_WP_096808772.1	58.680	419	438	97	409	166	2	7	414	18	424	0.0	598
lcl|NC_017455.1_prot_WP_014554119.1_1	GCF_002356315.1_WP_096441796.1	51.688	419	622	90	385	178	2	41	419	235	617	0.0	598
lcl|NC_017455.1_prot_WP_014554119.1_1	GCF_002157835.1_WP_087075423.1	51.421	419	646	90	387	178	2	41	419	257	641	0.0	598
lcl|NC_017455.1_prot_WP_014554119.1_1	GCF_001688845.2_WP_068960813.1	58.667	419	710	89	375	151	3	43	414	336	709	0.0	598
lcl|NC_017455.1_prot_WP_014554119.1_1	GCF_001443605.1_WP_057954047.1	57.333	419	564	89	375	157	2	43	415	191	564	0.0	598
lcl|NC_017455.1_prot_WP_014554119.1_1	GCF_000511305.1_WP_024103701.1	51.302	419	664	90	384	179	2	42	419	279	660	0.0	598
lcl|NC_017455.1_prot_WP_014554119.1_1	GCF_000058485.1_WP_256789412.1	53.806	419	716	90	381	170	2	42	418	335	713	0.0	598
lcl|NC_017455.1_prot_WP_014554119.1_1	GCF_014395225.1_WP_187594002.1	58.333	419	584	88	372	152	2	45	414	213	583	0.0	597
lcl|NC_017455.1_prot_WP_014554119.1_1	GCF_010731715.1_WP_163793285.1	51.948	419	620	90	385	177	2	41	419	233	615	0.0	597
lcl|NC_017455.1_prot_WP_014554119.1_1	GCF_010731595.1_WP_232075528.1	52.468	419	593	90	385	175	2	41	419	206	588	0.0	597
lcl|NC_017455.1_prot_WP_014554119.1_1	GCF_010731535.1_WP_085158686.1	52.468	419	592	90	385	175	2	41	419	205	587	0.0	597
lcl|NC_017455.1_prot_WP_014554119.1_1	GCF_003999335.1_WP_127364258.1	52.865	419	682	90	384	172	2	42	418	292	673	0.0	597
lcl|NC_017455.1_prot_WP_014554119.1_1	GCF_003687415.1_WP_121866561.1	51.181	419	740	89	381	178	2	44	418	359	737	0.0	597
lcl|NC_017455.1_prot_WP_014554119.1_1	GCF_003627075.1_WP_120763152.1	53.264	419	658	90	383	171	2	42	418	263	643	0.0	597
lcl|NC_017455.1_prot_WP_014554119.1_1	GCF_001482365.1_WP_058859172.1	51.562	419	661	90	384	177	2	41	417	271	652	0.0	597
lcl|NC_017455.1_prot_WP_014554119.1_1	GCF_000024865.1_WP_012888387.1	56.728	419	704	90	379	159	2	42	417	322	698	0.0	597
lcl|NC_017455.1_prot_WP_014554119.1_1	GCF_000022025.1_WP_015937530.1	52.196	419	711	90	387	174	2	42	419	320	704	0.0	597
lcl|NC_017455.1_prot_WP_014554119.1_1	GCF_026642255.1_WP_267946348.1	53.018	419	680	90	381	174	2	42	419	299	677	0.0	597
lcl|NC_017455.1_prot_WP_014554119.1_1	GCF_017948325.1_WP_210605302.1	52.742	419	689	90	383	172	2	43	418	300	680	0.0	597
lcl|NC_017455.1_prot_WP_014554119.1_1	GCF_003268655.1_WP_113718653.1	51.928	419	758	90	389	175	2	41	419	365	751	0.0	597
lcl|NC_017455.1_prot_WP_014554119.1_1	GCF_002208805.2_WP_002471611.1	58.924	419	438	97	409	165	2	7	414	18	424	0.0	597
lcl|NC_017455.1_prot_WP_014554119.1_1	GCF_000816085.1_WP_039644600.1	59.024	419	438	98	410	165	2	7	415	18	425	0.0	597
lcl|NC_017455.1_prot_WP_014554119.1_1	GCF_000328705.1_WP_041315266.1	51.175	419	678	90	383	181	2	41	419	294	674	0.0	597
lcl|NC_017455.1_prot_WP_014554119.1_1	GCF_020412445.1_WP_226236541.1	51.680	419	676	90	387	176	2	42	419	278	662	0.0	597
lcl|NC_017455.1_prot_WP_014554119.1_1	GCF_016861545.1_WP_203803852.1	52.083	419	609	90	384	176	2	42	419	223	604	0.0	597
lcl|NC_017455.1_prot_WP_014554119.1_1	GCF_014697215.1_WP_190821608.1	51.571	419	653	90	382	179	2	42	419	270	649	0.0	597
lcl|NC_017455.1_prot_WP_014554119.1_1	GCF_004359195.1_WP_133439406.1	57.825	419	622	89	377	156	2	41	415	247	622	0.0	597
lcl|NC_017455.1_prot_WP_014554119.1_1	GCF_003860585.1_WP_125024806.1	58.355	419	612	89	377	154	2	41	415	237	612	0.0	597
lcl|NC_017455.1_prot_WP_014554119.1_1	GCF_002240355.1_WP_091806805.1	51.958	419	653	90	383	178	2	41	419	269	649	0.0	597
lcl|NC_017455.1_prot_WP_014554119.1_1	GCF_001654455.1_WP_245645917.1	52.029	419	561	97	419	184	5	7	414	148	560	0.0	597
lcl|NC_017455.1_prot_WP_014554119.1_1	GCF_001293125.1_WP_053961528.1	53.368	419	634	90	386	170	2	41	418	245	628	0.0	597
lcl|NC_017455.1_prot_WP_014554119.1_1	GCF_000576555.1_WP_044002975.1	55.733	419	742	89	375	164	1	42	414	367	741	0.0	597
lcl|NC_017455.1_prot_WP_014554119.1_1	GCF_000195955.2_NP_215813.1	52.344	419	602	90	384	175	2	42	419	216	597	0.0	597
lcl|NC_017455.1_prot_WP_014554119.1_1	GCF_000184435.1_WP_013471177.1	51.804	419	696	90	388	176	2	41	419	306	691	0.0	597
lcl|NC_017455.1_prot_WP_014554119.1_1	GCF_900638215.1_WP_013151376.1	53.281	419	662	90	381	173	2	42	419	281	659	0.0	596
lcl|NC_017455.1_prot_WP_014554119.1_1	GCF_021922925.1_WP_237581576.1	53.927	419	823	90	382	169	2	42	418	425	804	0.0	596
lcl|NC_017455.1_prot_WP_014554119.1_1	GCF_021650955.1_WP_086043397.1	58.578	419	438	97	408	166	2	7	413	18	423	0.0	596
lcl|NC_017455.1_prot_WP_014554119.1_1	GCF_019552185.1_WP_004916680.1	56.836	419	564	89	373	158	2	45	415	193	564	0.0	596
lcl|NC_017455.1_prot_WP_014554119.1_1	GCF_018141425.1_WP_212692630.1	57.909	419	545	88	373	153	2	45	414	166	537	0.0	596
lcl|NC_017455.1_prot_WP_014554119.1_1	GCF_010729895.1_WP_085156727.1	51.421	419	684	90	387	178	2	41	419	293	677	0.0	596
lcl|NC_017455.1_prot_WP_014554119.1_1	GCF_010728525.1_WP_198967660.1	51.562	419	621	90	384	178	2	42	419	235	616	0.0	596
lcl|NC_017455.1_prot_WP_014554119.1_1	GCF_007751715.1_WP_231746215.1	55.024	419	420	99	418	182	3	2	414	1	417	0.0	596
lcl|NC_017455.1_prot_WP_014554119.1_1	GCF_006337165.1_WP_139516125.1	55.615	419	704	89	374	164	1	43	414	330	703	0.0	596
lcl|NC_017455.1_prot_WP_014554119.1_1	GCF_004011905.1_WP_127963335.1	52.094	419	681	90	382	175	2	44	419	296	675	0.0	596
lcl|NC_017455.1_prot_WP_014554119.1_1	GCF_000023845.1_WP_012803314.1	55.263	419	638	99	418	183	4	2	417	213	628	0.0	596
lcl|NC_017455.1_prot_WP_014554119.1_1	GCF_900638245.1_WP_039349755.1	57.825	419	646	89	377	156	2	41	415	271	646	0.0	596
lcl|NC_017455.1_prot_WP_014554119.1_1	GCF_900637985.1_WP_126499859.1	55.438	419	657	89	377	161	2	44	415	275	649	0.0	596
lcl|NC_017455.1_prot_WP_014554119.1_1	GCF_028596025.1_WP_273633580.1	58.400	419	537	89	375	153	2	42	414	163	536	0.0	596
lcl|NC_017455.1_prot_WP_014554119.1_1	GCF_018128325.1_WP_244980221.1	52.895	419	561	90	380	174	2	42	418	180	557	0.0	596
lcl|NC_017455.1_prot_WP_014554119.1_1	GCF_016865215.1_WP_096078001.1	58.333	419	438	97	408	167	2	7	413	18	423	0.0	596
lcl|NC_017455.1_prot_WP_014554119.1_1	GCF_011617465.1_WP_167195755.1	52.742	419	675	90	383	172	2	43	418	286	666	0.0	596
lcl|NC_017455.1_prot_WP_014554119.1_1	GCF_010725885.1_WP_115280144.1	50.646	419	668	90	387	181	2	41	419	278	662	0.0	596
lcl|NC_017455.1_prot_WP_014554119.1_1	GCF_009914535.1_WP_213250029.1	52.480	419	622	90	383	174	2	43	419	237	617	0.0	596
lcl|NC_017455.1_prot_WP_014554119.1_1	GCF_002263515.1_WP_043576982.1	52.094	419	661	90	382	177	2	42	419	278	657	0.0	596
lcl|NC_017455.1_prot_WP_014554119.1_1	GCF_001750685.1_WP_236932724.1	59.847	419	456	93	391	152	3	25	414	64	450	0.0	596
lcl|NC_017455.1_prot_WP_014554119.1_1	GCF_000013345.1_WP_217494683.1	54.856	419	685	90	381	166	2	42	418	304	682	0.0	596
lcl|NC_017455.1_prot_WP_014554119.1_1	GCF_900289045.1_WP_105187485.1	52.895	419	579	90	380	174	2	42	418	199	576	0.0	595
lcl|NC_017455.1_prot_WP_014554119.1_1	GCF_900187145.1_WP_085261891.1	51.832	419	671	89	382	174	2	46	419	288	667	0.0	595
lcl|NC_017455.1_prot_WP_014554119.1_1	GCF_900187075.1_WP_095086621.1	57.805	419	438	98	410	170	2	7	415	18	425	0.0	595
lcl|NC_017455.1_prot_WP_014554119.1_1	GCF_900187045.1_WP_051277517.1	53.927	419	615	90	382	168	2	40	415	227	606	0.0	595
lcl|NC_017455.1_prot_WP_014554119.1_1	GCF_027625995.1_WP_270125613.1	56.032	419	748	89	373	162	1	44	414	375	747	0.0	595
lcl|NC_017455.1_prot_WP_014554119.1_1	GCF_024734075.1_WP_160903325.1	51.832	419	683	90	382	176	2	44	419	299	678	0.0	595
lcl|NC_017455.1_prot_WP_014554119.1_1	GCF_020735545.1_WP_227921279.1	50.914	419	673	90	383	180	2	43	419	288	668	0.0	595
lcl|NC_017455.1_prot_WP_014554119.1_1	GCF_018127985.1_WP_211815129.1	55.820	419	654	89	378	162	3	41	414	277	653	0.0	595
lcl|NC_017455.1_prot_WP_014554119.1_1	GCF_016028295.1_WP_059107902.1	59.169	419	438	97	409	164	2	7	414	18	424	0.0	595
lcl|NC_017455.1_prot_WP_014554119.1_1	GCF_009498035.1_WP_033432794.1	51.175	419	694	90	383	181	2	41	419	310	690	0.0	595
lcl|NC_017455.1_prot_WP_014554119.1_1	GCF_001643775.1_WP_066663083.1	55.635	419	573	99	417	181	4	3	417	149	563	0.0	595
lcl|NC_017455.1_prot_WP_014554119.1_1	GCF_900604385.1_WP_122120803.1	55.820	419	598	89	378	163	3	40	414	221	597	0.0	595
lcl|NC_017455.1_prot_WP_014554119.1_1	GCF_024734405.1_WP_224960377.1	52.094	419	657	90	382	177	2	42	419	273	652	0.0	595
lcl|NC_017455.1_prot_WP_014554119.1_1	GCF_023078355.1_WP_247451906.1	51.309	419	700	90	382	178	2	44	419	316	695	0.0	595
lcl|NC_017455.1_prot_WP_014554119.1_1	GCF_019645855.1_WP_071509218.1	52.344	419	607	90	384	175	2	42	419	222	603	0.0	595
lcl|NC_017455.1_prot_WP_014554119.1_1	GCF_018866305.1_WP_104052466.1	52.507	419	738	89	379	170	2	49	419	358	734	0.0	595
lcl|NC_017455.1_prot_WP_014554119.1_1	GCF_017347605.1_WP_207154497.1	54.717	419	660	88	371	163	3	48	414	290	659	0.0	595
lcl|NC_017455.1_prot_WP_014554119.1_1	GCF_016028795.1_WP_099482256.1	58.333	419	438	97	408	167	2	7	413	18	423	0.0	595
lcl|NC_017455.1_prot_WP_014554119.1_1	GCF_011046975.1_WP_241244969.1	53.665	419	763	90	382	170	2	42	418	370	749	0.0	595
lcl|NC_017455.1_prot_WP_014554119.1_1	GCF_010731815.2_WP_163924068.1	51.282	419	718	90	390	177	2	41	419	326	713	0.0	595
lcl|NC_017455.1_prot_WP_014554119.1_1	GCF_009664835.1_WP_154077764.1	50.785	419	618	90	382	182	2	42	419	235	614	0.0	595
lcl|NC_017455.1_prot_WP_014554119.1_1	GCF_003253775.1_WP_012634428.1	52.083	419	610	90	384	176	2	42	419	224	605	0.0	595
lcl|NC_017455.1_prot_WP_014554119.1_1	GCF_000950575.1_WP_045074675.1	51.562	419	690	90	384	176	2	42	417	300	681	0.0	595
lcl|NC_017455.1_prot_WP_014554119.1_1	GCF_000010505.1_WP_012458421.1	53.580	419	658	95	405	172	4	16	413	261	656	0.0	595
lcl|NC_017455.1_prot_WP_014554119.1_1	GCF_025403485.1_WP_261510825.1	57.294	419	598	89	377	158	2	41	415	223	598	0.0	595
lcl|NC_017455.1_prot_WP_014554119.1_1	GCF_023195815.2_WP_248417067.1	56.763	419	422	99	414	178	1	3	416	5	417	0.0	595
lcl|NC_017455.1_prot_WP_014554119.1_1	GCF_022374875.2_WP_043411296.1	51.938	419	682	90	387	176	2	41	419	293	677	0.0	595
lcl|NC_017455.1_prot_WP_014554119.1_1	GCF_022370835.2_WP_240171933.1	51.680	419	659	90	387	177	2	41	419	270	654	0.0	595
lcl|NC_017455.1_prot_WP_014554119.1_1	GCF_020985365.1_WP_218250394.1	58.090	419	613	89	377	155	2	41	415	238	613	0.0	595
lcl|NC_017455.1_prot_WP_014554119.1_1	GCF_020872015.1_WP_212650230.1	57.294	419	605	89	377	158	2	41	415	230	605	0.0	595
lcl|NC_017455.1_prot_WP_014554119.1_1	GCF_018128125.1_WP_008822516.1	54.497	419	660	89	378	167	3	41	414	283	659	0.0	595
lcl|NC_017455.1_prot_WP_014554119.1_1	GCF_016894325.1_WP_204677102.1	51.444	419	819	89	381	177	2	44	418	438	816	0.0	595
lcl|NC_017455.1_prot_WP_014554119.1_1	GCF_014041935.1_WP_219851266.1	51.302	419	707	90	384	177	2	44	419	320	701	0.0	595
lcl|NC_017455.1_prot_WP_014554119.1_1	GCF_010728925.1_WP_163689906.1	51.680	419	639	90	387	177	2	41	419	250	634	0.0	595
lcl|NC_017455.1_prot_WP_014554119.1_1	GCF_007362295.1_WP_143982562.1	51.042	419	690	90	384	180	2	42	419	305	686	0.0	595
lcl|NC_017455.1_prot_WP_014554119.1_1	GCF_004103715.1_WP_114219667.1	53.187	419	455	99	455	174	2	2	418	1	454	0.0	595
lcl|NC_017455.1_prot_WP_014554119.1_1	GCF_000525635.1_WP_042223071.1	52.219	419	644	90	383	177	2	41	419	258	638	0.0	595
lcl|NC_017455.1_prot_WP_014554119.1_1	GCF_000243115.2_WP_245605259.1	51.675	419	561	97	418	186	5	7	414	149	560	0.0	595
lcl|NC_017455.1_prot_WP_014554119.1_1	GCF_000235405.2_WP_211204761.1	57.421	419	416	98	411	173	2	4	413	1	410	0.0	595
lcl|NC_017455.1_prot_WP_014554119.1_1	GCF_022024215.1_WP_237797626.1	54.233	419	669	89	378	168	3	41	414	292	668	0.0	594
lcl|NC_017455.1_prot_WP_014554119.1_1	GCF_014490055.1_WP_101377110.1	51.571	419	641	90	382	179	2	42	419	258	637	0.0	594
lcl|NC_017455.1_prot_WP_014554119.1_1	GCF_010731755.1_WP_083027845.1	51.295	419	674	90	386	178	2	42	419	287	670	0.0	594
lcl|NC_017455.1_prot_WP_014554119.1_1	GCF_010730055.1_WP_083047765.1	52.083	419	597	90	384	176	2	42	419	211	592	0.0	594
lcl|NC_017455.1_prot_WP_014554119.1_1	GCF_003351765.1_WP_228255283.1	51.786	419	720	90	392	171	2	41	416	322	711	0.0	594
lcl|NC_017455.1_prot_WP_014554119.1_1	GCF_003012915.1_WP_103207335.1	58.780	419	438	98	410	166	2	7	415	18	425	0.0	594
lcl|NC_017455.1_prot_WP_014554119.1_1	GCF_002101335.1_WP_085236775.1	58.537	419	437	98	410	167	2	7	415	17	424	0.0	594
lcl|NC_017455.1_prot_WP_014554119.1_1	GCF_001648155.1_WP_066753546.1	56.499	419	639	89	377	161	2	41	415	264	639	0.0	594
lcl|NC_017455.1_prot_WP_014554119.1_1	GCF_000755585.2_WP_044571645.1	51.928	419	755	90	389	175	2	41	419	362	748	0.0	594
lcl|NC_017455.1_prot_WP_014554119.1_1	GCF_000242335.1_WP_005843817.1	52.261	419	667	94	398	184	4	21	414	271	666	0.0	594
lcl|NC_017455.1_prot_WP_014554119.1_1	GCF_900186985.1_WP_095104238.1	59.169	419	438	97	409	164	2	7	414	18	424	0.0	594
lcl|NC_017455.1_prot_WP_014554119.1_1	GCF_900066015.1_WP_095042557.1	58.294	419	425	99	422	168	2	2	415	1	422	0.0	594
lcl|NC_017455.1_prot_WP_014554119.1_1	GCF_020883535.1_WP_229293157.1	58.780	419	438	98	410	166	2	7	415	18	425	0.0	594
lcl|NC_017455.1_prot_WP_014554119.1_1	GCF_018595685.2_WP_214448066.1	59.409	419	552	88	372	148	2	45	414	181	551	0.0	594
lcl|NC_017455.1_prot_WP_014554119.1_1	GCF_017357445.1_WP_069695149.1	52.196	419	719	90	387	174	2	42	419	328	712	0.0	594
lcl|NC_017455.1_prot_WP_014554119.1_1	GCF_016126715.1_WP_014613330.1	58.293	419	437	98	410	168	2	7	415	17	424	0.0	594
lcl|NC_017455.1_prot_WP_014554119.1_1	GCF_016027415.1_WP_197931772.1	51.436	419	653	90	383	178	2	42	418	264	644	0.0	594
lcl|NC_017455.1_prot_WP_014554119.1_1	GCF_011617245.1_WP_166971381.1	52.742	419	678	90	383	172	2	43	418	289	669	0.0	594
lcl|NC_017455.1_prot_WP_014554119.1_1	GCF_009708005.2_WP_168731627.1	52.062	419	716	90	388	175	3	41	419	319	704	0.0	594
lcl|NC_017455.1_prot_WP_014554119.1_1	GCF_009429125.1_WP_153022382.1	52.577	419	662	90	388	172	3	42	419	266	651	0.0	594
lcl|NC_017455.1_prot_WP_014554119.1_1	GCF_001678905.1_WP_065248024.1	51.000	419	630	89	400	169	2	44	418	226	623	0.0	594
lcl|NC_017455.1_prot_WP_014554119.1_1	GCF_001596155.1_WP_068342088.1	55.376	419	752	88	372	164	1	45	414	380	751	0.0	594
lcl|NC_017455.1_prot_WP_014554119.1_1	GCF_000270245.1_WP_231851480.1	53.018	419	662	90	381	174	2	42	419	281	659	0.0	594
lcl|NC_017455.1_prot_WP_014554119.1_1	GCF_000157895.3_WP_023366253.1	51.813	419	619	90	386	176	2	42	419	231	614	0.0	594
lcl|NC_017455.1_prot_WP_014554119.1_1	GCF_000024925.1_WP_012866008.1	51.928	419	751	90	389	174	3	41	418	352	738	0.0	594
lcl|NC_017455.1_prot_WP_014554119.1_1	GCF_000012565.1_WP_011304266.1	52.844	419	476	99	422	190	3	1	414	55	475	0.0	594
lcl|NC_017455.1_prot_WP_014554119.1_1	GCF_021919345.1_WP_189075153.1	52.455	419	713	90	387	173	2	42	419	322	706	0.0	594
lcl|NC_017455.1_prot_WP_014554119.1_1	GCF_019645815.1_WP_220696072.1	51.823	419	671	90	384	177	2	42	419	286	667	0.0	594
lcl|NC_017455.1_prot_WP_014554119.1_1	GCF_016865425.1_WP_203962500.1	53.684	419	673	90	380	170	2	44	419	295	672	0.0	594
lcl|NC_017455.1_prot_WP_014554119.1_1	GCF_012273615.1_WP_168238755.1	57.825	419	605	89	377	156	2	41	415	230	605	0.0	594
lcl|NC_017455.1_prot_WP_014554119.1_1	GCF_010731895.1_WP_163746237.1	51.948	419	664	90	385	176	2	42	419	272	654	0.0	594
lcl|NC_017455.1_prot_WP_014554119.1_1	GCF_010729485.1_WP_085133772.1	51.823	419	695	90	384	177	2	42	419	310	691	0.0	594
lcl|NC_017455.1_prot_WP_014554119.1_1	GCF_004135345.1_WP_245993382.1	52.699	419	650	90	389	171	3	42	419	253	639	0.0	594
lcl|NC_017455.1_prot_WP_014554119.1_1	GCF_002949635.1_WP_104362168.1	51.823	419	651	90	384	177	2	42	419	266	647	0.0	594
lcl|NC_017455.1_prot_WP_014554119.1_1	GCF_002022145.1_WP_069215875.1	56.764	419	592	89	377	160	2	41	415	217	592	0.0	594
lcl|NC_017455.1_prot_WP_014554119.1_1	GCF_000973105.1_WP_013994115.1	58.177	419	557	89	373	153	2	45	415	186	557	0.0	594
lcl|NC_017455.1_prot_WP_014554119.1_1	GCF_000062885.1_WP_143538360.1	52.116	419	604	89	378	175	2	46	419	225	600	0.0	594
lcl|NC_017455.1_prot_WP_014554119.1_1	GCF_000024545.1_WP_041624579.1	51.031	419	629	90	388	176	2	44	419	241	626	0.0	594
lcl|NC_017455.1_prot_WP_014554119.1_1	GCF_900478115.1_WP_072700300.1	51.948	419	734	90	385	176	2	42	419	348	730	0.0	593
lcl|NC_017455.1_prot_WP_014554119.1_1	GCF_023573625.1_WP_073115745.1	52.685	419	689	90	391	171	2	41	419	296	684	0.0	593
lcl|NC_017455.1_prot_WP_014554119.1_1	GCF_021378605.1_WP_009608903.1	55.663	419	546	99	415	180	4	5	417	124	536	0.0	593
lcl|NC_017455.1_prot_WP_014554119.1_1	GCF_020886775.1_WP_229229480.1	51.015	419	734	90	394	174	2	41	417	333	724	0.0	593
lcl|NC_017455.1_prot_WP_014554119.1_1	GCF_019334125.1_WP_219111109.1	51.948	419	704	90	385	177	2	41	419	318	700	0.0	593
lcl|NC_017455.1_prot_WP_014554119.1_1	GCF_018324685.1_WP_030448047.1	53.947	419	658	90	380	169	2	44	419	280	657	0.0	593
lcl|NC_017455.1_prot_WP_014554119.1_1	GCF_018128205.1_WP_211797981.1	55.348	419	648	88	374	162	3	45	414	275	647	0.0	593
lcl|NC_017455.1_prot_WP_014554119.1_1	GCF_014960965.1_WP_246464949.1	51.459	419	681	89	377	176	2	47	418	302	676	0.0	593
lcl|NC_017455.1_prot_WP_014554119.1_1	GCF_010731615.1_WP_083029104.1	51.813	419	626	90	386	174	2	44	419	238	621	0.0	593
lcl|NC_017455.1_prot_WP_014554119.1_1	GCF_010729305.1_WP_179965314.1	51.680	419	660	90	387	177	2	41	419	271	655	0.0	593
lcl|NC_017455.1_prot_WP_014554119.1_1	GCF_006094275.1_WP_246049787.1	51.832	419	857	90	382	176	2	44	419	476	855	0.0	593
lcl|NC_017455.1_prot_WP_014554119.1_1	GCF_003574965.1_WP_119446186.1	56.757	419	707	88	370	158	1	47	414	337	706	0.0	593
lcl|NC_017455.1_prot_WP_014554119.1_1	GCF_002285635.2_WP_034680560.1	57.294	419	602	89	377	158	2	41	415	227	602	0.0	593
lcl|NC_017455.1_prot_WP_014554119.1_1	GCF_001886715.1_WP_071926662.1	51.302	419	708	90	384	179	2	42	419	323	704	0.0	593
lcl|NC_017455.1_prot_WP_014554119.1_1	GCF_000213255.1_WP_013779907.1	62.740	419	601	87	365	133	2	52	414	222	585	0.0	593
lcl|NC_017455.1_prot_WP_014554119.1_1	GCF_900637665.1_WP_123858661.1	57.294	419	610	89	377	158	2	41	415	235	610	0.0	593
lcl|NC_017455.1_prot_WP_014554119.1_1	GCF_900343145.1_WP_269458786.1	52.895	419	585	90	380	174	2	43	419	205	582	0.0	593
lcl|NC_017455.1_prot_WP_014554119.1_1	GCF_900187005.1_WP_095117523.1	59.268	419	441	98	410	164	2	7	415	21	428	0.0	593
lcl|NC_017455.1_prot_WP_014554119.1_1	GCF_022200785.1_WP_238417725.1	58.602	419	569	88	372	151	2	45	414	198	568	0.0	593
lcl|NC_017455.1_prot_WP_014554119.1_1	GCF_018388465.1_WP_208290421.1	52.062	419	704	90	388	175	2	41	419	317	702	0.0	593
lcl|NC_017455.1_prot_WP_014554119.1_1	GCF_018128265.1_WP_211933116.1	52.577	419	706	90	388	173	3	41	419	309	694	0.0	593
lcl|NC_017455.1_prot_WP_014554119.1_1	GCF_014961145.1_WP_193439310.1	57.029	419	620	89	377	159	2	41	415	245	620	0.0	593
lcl|NC_017455.1_prot_WP_014554119.1_1	GCF_009933595.1_WP_066024093.1	55.399	419	437	99	426	178	6	1	417	4	426	0.0	593
lcl|NC_017455.1_prot_WP_014554119.1_1	GCF_009911795.1_WP_160672039.1	51.938	419	751	90	387	175	2	42	419	360	744	0.0	593
lcl|NC_017455.1_prot_WP_014554119.1_1	GCF_002209125.2_WP_088607016.1	51.823	419	660	90	384	177	2	42	419	275	656	0.0	593
lcl|NC_017455.1_prot_WP_014554119.1_1	GCF_000009805.1_WP_011207582.1	52.344	419	681	90	384	175	2	42	419	296	677	0.0	593
lcl|NC_017455.1_prot_WP_014554119.1_1	GCF_900070355.1_WP_058234269.1	54.026	419	687	89	385	165	2	44	418	297	679	0.0	592
lcl|NC_017455.1_prot_WP_014554119.1_1	GCF_022845715.1_WP_244412101.1	55.635	419	643	99	417	181	4	3	417	219	633	0.0	592
lcl|NC_017455.1_prot_WP_014554119.1_1	GCF_019456655.1_WP_073858284.1	51.157	419	672	90	389	178	2	41	419	280	666	0.0	592
lcl|NC_017455.1_prot_WP_014554119.1_1	GCF_010726645.1_WP_098006218.1	51.421	419	661	90	387	178	2	41	419	272	656	0.0	592
lcl|NC_017455.1_prot_WP_014554119.1_1	GCF_008728635.1_WP_151087775.1	55.108	419	718	88	372	165	1	45	414	346	717	0.0	592
lcl|NC_017455.1_prot_WP_014554119.1_1	GCF_008365275.1_WP_149326284.1	53.298	419	706	89	379	169	2	42	414	315	691	0.0	592
lcl|NC_017455.1_prot_WP_014554119.1_1	GCF_004135385.1_WP_242496482.1	52.699	419	646	90	389	171	3	42	419	249	635	0.0	592
lcl|NC_017455.1_prot_WP_014554119.1_1	GCF_003312875.1_WP_113694172.1	52.368	419	673	90	380	175	2	41	416	289	666	0.0	592
lcl|NC_017455.1_prot_WP_014554119.1_1	GCF_001877035.1_WP_071611061.1	61.892	419	489	88	370	140	1	47	415	113	482	0.0	592
lcl|NC_017455.1_prot_WP_014554119.1_1	GCF_000732925.1_WP_038508904.1	51.316	419	657	90	380	179	2	41	416	272	649	0.0	592
lcl|NC_017455.1_prot_WP_014554119.1_1	GCF_000018945.1_WP_038067549.1	58.413	419	427	99	416	170	2	2	415	8	422	0.0	592
lcl|NC_017455.1_prot_WP_014554119.1_1	GCF_022370755.2_WP_240173361.1	52.356	419	656	89	382	172	2	46	419	272	651	0.0	592
lcl|NC_017455.1_prot_WP_014554119.1_1	GCF_021278965.1_WP_068940597.1	57.294	419	611	89	377	158	2	41	415	236	611	0.0	592
lcl|NC_017455.1_prot_WP_014554119.1_1	GCF_018885265.1_WP_216215451.1	51.175	419	688	90	383	181	2	41	419	304	684	0.0	592
lcl|NC_017455.1_prot_WP_014554119.1_1	GCF_003855095.1_WP_124707578.1	51.309	419	686	90	382	178	2	44	419	302	681	0.0	592
lcl|NC_017455.1_prot_WP_014554119.1_1	GCF_002849795.1_WP_089365238.1	52.835	419	650	92	388	175	4	31	414	266	649	0.0	592
lcl|NC_017455.1_prot_WP_014554119.1_1	GCF_000222305.1_WP_014023480.1	57.488	419	515	98	414	171	3	4	413	99	511	0.0	592
lcl|NC_017455.1_prot_WP_014554119.1_1	GCF_020542785.1_WP_005252947.1	51.948	419	695	90	385	177	2	41	419	309	691	0.0	592
lcl|NC_017455.1_prot_WP_014554119.1_1	GCF_019222765.1_WP_218474383.1	51.823	419	714	90	384	177	2	42	419	329	710	0.0	592
lcl|NC_017455.1_prot_WP_014554119.1_1	GCF_007752135.1_WP_145074871.1	53.253	419	491	98	415	187	4	5	414	77	489	0.0	592
lcl|NC_017455.1_prot_WP_014554119.1_1	GCF_003815875.1_WP_103288985.1	56.764	419	610	89	377	160	2	41	415	235	610	0.0	592
lcl|NC_017455.1_prot_WP_014554119.1_1	GCF_003149515.1_WP_109656413.1	54.667	419	752	89	375	168	1	42	414	377	751	0.0	592
lcl|NC_017455.1_prot_WP_014554119.1_1	GCF_001659785.1_WP_067472021.1	52.618	419	662	90	382	174	2	42	418	276	655	0.0	592
lcl|NC_017455.1_prot_WP_014554119.1_1	GCF_000943515.2_WP_044852436.1	51.842	419	680	90	380	177	2	41	416	295	672	0.0	592
lcl|NC_017455.1_prot_WP_014554119.1_1	GCF_000230655.2_WP_004081775.1	58.413	419	427	99	416	170	2	2	415	8	422	0.0	592
lcl|NC_017455.1_prot_WP_014554119.1_1	GCF_000018885.1_WP_041685301.1	52.196	419	714	90	387	174	2	42	419	323	707	0.0	592
lcl|NC_017455.1_prot_WP_014554119.1_1	GCF_900155645.1_WP_076388159.1	53.927	419	565	90	382	171	2	41	419	184	563	0.0	591
lcl|NC_017455.1_prot_WP_014554119.1_1	GCF_022811665.1_WP_243576283.1	57.294	419	605	89	377	158	2	41	415	230	605	0.0	591
lcl|NC_017455.1_prot_WP_014554119.1_1	GCF_020783335.1_WP_228170154.1	57.979	419	570	89	376	155	2	41	414	195	569	0.0	591
lcl|NC_017455.1_prot_WP_014554119.1_1	GCF_019890915.1_WP_222959121.1	52.430	419	646	90	391	172	2	41	419	253	641	0.0	591
lcl|NC_017455.1_prot_WP_014554119.1_1	GCF_016804345.1_WP_203011620.1	51.562	419	665	90	384	178	2	42	419	280	661	0.0	591
lcl|NC_017455.1_prot_WP_014554119.1_1	GCF_008000995.1_WP_235912452.1	51.596	419	701	89	376	175	2	48	418	319	692	0.0	591
lcl|NC_017455.1_prot_WP_014554119.1_1	GCF_006542645.1_WP_141418006.1	55.026	419	583	89	378	166	3	40	414	206	582	0.0	591
lcl|NC_017455.1_prot_WP_014554119.1_1	GCF_003815975.1_WP_123869531.1	57.825	419	606	89	377	156	2	41	415	231	606	0.0	591
lcl|NC_017455.1_prot_WP_014554119.1_1	GCF_001936295.1_WP_075551939.1	57.488	419	515	98	414	171	3	4	413	99	511	0.0	591
lcl|NC_017455.1_prot_WP_014554119.1_1	GCF_001856685.1_WP_071163959.1	52.895	419	611	90	380	173	2	43	418	231	608	0.0	591
lcl|NC_017455.1_prot_WP_014554119.1_1	GCF_000696675.2_WP_021344853.1	51.429	419	712	90	385	179	2	41	419	326	708	0.0	591
lcl|NC_017455.1_prot_WP_014554119.1_1	GCF_000400635.2_WP_016336872.1	51.316	419	651	90	380	179	2	41	416	266	643	0.0	591
lcl|NC_017455.1_prot_WP_014554119.1_1	GCF_026571835.1_WP_015055413.1	57.488	419	515	98	414	171	3	4	413	99	511	0.0	591
lcl|NC_017455.1_prot_WP_014554119.1_1	GCF_021165915.1_WP_006944379.1	51.562	419	664	90	384	178	2	42	419	279	660	0.0	591
lcl|NC_017455.1_prot_WP_014554119.1_1	GCF_001887245.1_WP_071893332.1	51.688	419	780	90	385	178	2	41	419	393	775	0.0	591
lcl|NC_017455.1_prot_WP_014554119.1_1	GCF_000196215.1_WP_004793771.1	57.488	419	515	98	414	171	3	4	413	99	511	0.0	591
lcl|NC_017455.1_prot_WP_014554119.1_1	GCF_000144405.1_WP_013265356.1	54.377	419	651	89	377	167	3	42	414	275	650	0.0	591
lcl|NC_017455.1_prot_WP_014554119.1_1	GCF_940677205.1_WP_250277657.1	49.663	419	455	96	445	182	5	6	409	2	445	0.0	590
lcl|NC_017455.1_prot_WP_014554119.1_1	GCF_019880385.1_WP_249423954.1	52.356	419	621	90	382	177	2	41	419	237	616	0.0	590
lcl|NC_017455.1_prot_WP_014554119.1_1	GCF_016313185.1_WP_193048293.1	51.688	419	687	90	385	178	2	41	419	300	682	0.0	590
lcl|NC_017455.1_prot_WP_014554119.1_1	GCF_015500095.1_WP_195170760.1	56.971	419	430	98	416	172	2	2	411	1	415	0.0	590
lcl|NC_017455.1_prot_WP_014554119.1_1	GCF_015099595.1_WP_064689459.1	51.429	419	714	90	385	179	2	41	419	328	710	0.0	590
lcl|NC_017455.1_prot_WP_014554119.1_1	GCF_009834925.2_WP_160943068.1	55.422	419	552	99	415	181	4	5	417	130	542	0.0	590
lcl|NC_017455.1_prot_WP_014554119.1_1	GCF_003710105.1_WP_122825427.1	53.646	419	627	90	384	170	2	42	419	233	614	0.0	590
lcl|NC_017455.1_prot_WP_014554119.1_1	GCF_003641245.1_WP_120983023.1	52.480	419	691	88	383	168	2	44	413	294	675	0.0	590
lcl|NC_017455.1_prot_WP_014554119.1_1	GCF_002285495.1_WP_119866198.1	51.820	419	470	99	467	172	4	2	415	1	467	0.0	590
lcl|NC_017455.1_prot_WP_014554119.1_1	GCF_001889125.1_WP_272481991.1	52.062	419	633	89	388	170	2	43	416	236	621	0.0	590
lcl|NC_017455.1_prot_WP_014554119.1_1	GCF_000632965.1_WP_006011793.1	53.081	419	483	99	422	189	3	1	414	62	482	0.0	590
lcl|NC_017455.1_prot_WP_014554119.1_1	GCF_000024125.1_WP_015754082.1	57.219	419	561	89	374	157	2	43	414	188	560	0.0	590
lcl|NC_017455.1_prot_WP_014554119.1_1	GCF_000021565.1_WP_202944144.1	56.595	419	417	99	417	176	3	2	414	1	416	0.0	590
lcl|NC_017455.1_prot_WP_014554119.1_1	GCF_000008625.1_WP_010880530.1	58.095	419	436	99	420	169	4	1	414	17	435	0.0	590
lcl|NC_017455.1_prot_WP_014554119.1_1	GCF_900637185.1_WP_051719374.1	51.823	419	680	90	384	177	2	42	419	295	676	0.0	590
lcl|NC_017455.1_prot_WP_014554119.1_1	GCF_024628825.1_WP_257484574.1	51.579	419	659	90	380	178	2	41	416	274	651	0.0	590
lcl|NC_017455.1_prot_WP_014554119.1_1	GCF_023035295.1_WP_025407893.1	56.355	419	515	99	417	177	3	1	413	96	511	0.0	590
lcl|NC_017455.1_prot_WP_014554119.1_1	GCF_021049285.1_WP_231066567.1	53.457	419	775	89	376	168	2	48	418	396	769	0.0	590
lcl|NC_017455.1_prot_WP_014554119.1_1	GCF_019668505.1_WP_025443900.1	56.355	419	514	99	417	177	3	1	413	95	510	0.0	590
lcl|NC_017455.1_prot_WP_014554119.1_1	GCF_010731735.1_WP_163800660.1	51.020	419	746	90	392	177	2	41	419	353	742	0.0	590
lcl|NC_017455.1_prot_WP_014554119.1_1	GCF_007362775.1_WP_143987025.1	51.969	419	665	90	381	178	2	42	419	284	662	0.0	590
lcl|NC_017455.1_prot_WP_014554119.1_1	GCF_004798685.1_WP_136225449.1	51.938	419	718	90	387	175	2	42	419	320	704	0.0	590
lcl|NC_017455.1_prot_WP_014554119.1_1	GCF_004347775.1_WP_240040805.1	58.445	419	568	89	373	152	2	45	415	197	568	0.0	590
lcl|NC_017455.1_prot_WP_014554119.1_1	GCF_003815775.1_WP_076353106.1	57.294	419	604	89	377	158	2	41	415	229	604	0.0	590
lcl|NC_017455.1_prot_WP_014554119.1_1	GCF_003721155.3_WP_225985810.1	53.786	419	661	89	383	163	2	45	415	269	649	0.0	590
lcl|NC_017455.1_prot_WP_014554119.1_1	GCF_001936255.1_WP_025419441.1	56.115	419	514	99	417	178	3	1	413	95	510	0.0	590
lcl|NC_017455.1_prot_WP_014554119.1_1	GCF_020422925.2_WP_043924406.1	56.595	419	514	99	417	176	3	1	413	95	510	0.0	590
lcl|NC_017455.1_prot_WP_014554119.1_1	GCF_006352065.1_WP_139929698.1	52.742	419	705	90	383	173	2	42	418	313	693	0.0	590
lcl|NC_017455.1_prot_WP_014554119.1_1	GCF_003628755.1_WP_082771206.1	58.839	419	533	90	379	153	2	37	413	136	513	0.0	590
lcl|NC_017455.1_prot_WP_014554119.1_1	GCF_002770595.1_WP_100076364.1	57.029	419	619	89	377	159	2	41	415	244	619	0.0	590
lcl|NC_017455.1_prot_WP_014554119.1_1	GCF_001302565.1_WP_060701284.1	51.444	419	752	89	381	177	2	44	418	371	749	0.0	590
lcl|NC_017455.1_prot_WP_014554119.1_1	GCF_000016785.1_WP_011943804.1	58.413	419	427	99	416	170	2	2	415	8	422	0.0	590
lcl|NC_017455.1_prot_WP_014554119.1_1	GCF_000012565.1_WP_011304911.1	52.844	419	469	99	422	190	3	1	414	48	468	0.0	590
lcl|NC_017455.1_prot_WP_014554119.1_1	GCF_020735565.1_WP_227961081.1	55.882	419	665	88	374	160	3	45	414	292	664	0.0	589
lcl|NC_017455.1_prot_WP_014554119.1_1	GCF_009834025.1_WP_225983912.1	53.158	419	647	90	380	173	2	43	419	266	643	0.0	589
lcl|NC_017455.1_prot_WP_014554119.1_1	GCF_003815695.1_WP_123877160.1	56.499	419	621	89	377	161	2	41	415	246	621	0.0	589
lcl|NC_017455.1_prot_WP_014554119.1_1	GCF_003815615.1_WP_123852817.1	57.825	419	606	89	377	156	2	41	415	231	606	0.0	589
lcl|NC_017455.1_prot_WP_014554119.1_1	GCF_003130705.1_WP_109328685.1	51.688	419	709	90	385	178	2	41	419	323	705	0.0	589
lcl|NC_017455.1_prot_WP_014554119.1_1	GCF_000164905.1_WP_012964462.1	57.757	419	432	99	419	170	4	1	413	13	430	0.0	589
lcl|NC_017455.1_prot_WP_014554119.1_1	GCF_000024505.1_WP_012880249.1	52.133	419	454	99	422	193	3	1	414	33	453	0.0	589
lcl|NC_017455.1_prot_WP_014554119.1_1	GCF_021391495.1_WP_186383304.1	52.105	419	658	90	380	176	2	41	416	274	651	0.0	589
lcl|NC_017455.1_prot_WP_014554119.1_1	GCF_017569325.1_WP_129569748.1	58.133	419	544	89	375	154	2	42	414	170	543	0.0	589
lcl|NC_017455.1_prot_WP_014554119.1_1	GCF_017569225.1_WP_227423007.1	52.196	419	710	90	387	173	2	42	418	315	699	0.0	589
lcl|NC_017455.1_prot_WP_014554119.1_1	GCF_008931845.1_WP_151551525.1	57.005	419	515	98	414	173	3	4	413	99	511	0.0	589
lcl|NC_017455.1_prot_WP_014554119.1_1	GCF_006542665.1_WP_141413239.1	51.208	419	531	98	414	196	4	5	415	121	531	0.0	589
lcl|NC_017455.1_prot_WP_014554119.1_1	GCF_003860405.1_WP_239020494.1	54.450	419	757	90	382	168	2	42	419	374	753	0.0	589
lcl|NC_017455.1_prot_WP_014554119.1_1	GCF_000725405.1_WP_038567358.1	51.969	419	698	89	381	175	2	42	416	310	688	0.0	589
lcl|NC_017455.1_prot_WP_014554119.1_1	GCF_000019705.1_WP_012537995.1	56.522	419	514	98	414	175	3	4	413	98	510	0.0	589
lcl|NC_017455.1_prot_WP_014554119.1_1	GCF_900683625.1_WP_130914348.1	56.764	419	613	89	377	160	2	41	415	238	613	0.0	589
lcl|NC_017455.1_prot_WP_014554119.1_1	GCF_900187165.1_WP_089866088.1	62.264	419	476	88	371	139	1	47	416	98	468	0.0	589
lcl|NC_017455.1_prot_WP_014554119.1_1	GCF_027920505.1_WP_271160156.1	56.477	419	616	92	386	165	2	32	415	232	616	0.0	589
lcl|NC_017455.1_prot_WP_014554119.1_1	GCF_023195755.1_WP_248389742.1	58.090	419	609	89	377	155	2	41	415	234	609	0.0	589
lcl|NC_017455.1_prot_WP_014554119.1_1	GCF_018127765.1_WP_004383571.1	54.642	419	651	89	377	166	3	42	414	275	650	0.0	589
lcl|NC_017455.1_prot_WP_014554119.1_1	GCF_013744875.1_WP_181583302.1	51.302	419	682	90	384	179	2	42	419	297	678	0.0	589
lcl|NC_017455.1_prot_WP_014554119.1_1	GCF_013460375.1_WP_011154824.1	52.844	419	478	99	422	190	3	1	414	57	477	0.0	589
lcl|NC_017455.1_prot_WP_014554119.1_1	GCF_009914515.1_WP_083836963.1	52.742	419	615	90	383	173	2	43	419	230	610	0.0	589
lcl|NC_017455.1_prot_WP_014554119.1_1	GCF_009734385.1_WP_197079767.1	52.618	419	659	89	382	170	2	42	413	262	642	0.0	589
lcl|NC_017455.1_prot_WP_014554119.1_1	GCF_001701025.1_WP_065916456.1	51.697	419	670	90	383	179	2	41	419	286	666	0.0	589
lcl|NC_017455.1_prot_WP_014554119.1_1	GCF_000512145.1_WP_025375265.1	56.595	419	514	99	417	176	3	1	413	95	510	0.0	589
lcl|NC_017455.1_prot_WP_014554119.1_1	GCF_023035875.1_WP_247065412.1	56.595	419	514	99	417	176	3	1	413	95	510	0.0	588
lcl|NC_017455.1_prot_WP_014554119.1_1	GCF_021183645.1_WP_233065052.1	52.083	419	647	90	384	176	2	42	419	262	643	0.0	588
lcl|NC_017455.1_prot_WP_014554119.1_1	GCF_021049265.1_WP_231053084.1	51.309	419	644	90	382	179	2	42	418	262	641	0.0	588
lcl|NC_017455.1_prot_WP_014554119.1_1	GCF_004102025.1_WP_103063172.1	51.015	419	701	90	394	174	2	44	419	295	687	0.0	588
lcl|NC_017455.1_prot_WP_014554119.1_1	GCF_003860545.1_WP_124805598.1	55.764	419	586	89	373	162	2	45	415	215	586	0.0	588
lcl|NC_017455.1_prot_WP_014554119.1_1	GCF_001857965.1_WP_071183609.1	56.800	419	596	89	375	159	2	42	414	222	595	0.0	588
lcl|NC_017455.1_prot_WP_014554119.1_1	GCF_001444445.1_WP_025065299.1	55.615	419	664	88	374	161	3	45	414	291	663	0.0	588
lcl|NC_017455.1_prot_WP_014554119.1_1	GCF_000632965.1_WP_044147641.1	53.081	419	462	99	422	189	3	1	414	41	461	0.0	588
lcl|NC_017455.1_prot_WP_014554119.1_1	GCF_000024785.1_WP_012833717.1	51.571	419	662	90	382	177	2	44	419	278	657	0.0	588
lcl|NC_017455.1_prot_WP_014554119.1_1	GCF_000020305.1_WP_011114094.1	52.133	419	454	99	422	193	3	1	414	33	453	0.0	588
lcl|NC_017455.1_prot_WP_014554119.1_1	GCF_900637915.1_WP_259340960.1	52.493	419	614	90	381	176	2	42	419	234	612	0.0	588
lcl|NC_017455.1_prot_WP_014554119.1_1	GCF_020911865.1_WP_229983302.1	56.233	419	625	89	377	162	2	41	415	250	625	0.0	588
lcl|NC_017455.1_prot_WP_014554119.1_1	GCF_016599835.1_WP_034869952.1	56.499	419	584	89	377	161	2	41	415	209	584	0.0	588
lcl|NC_017455.1_prot_WP_014554119.1_1	GCF_002568625.1_WP_082870892.1	51.302	419	673	90	384	179	2	42	419	288	669	0.0	588
lcl|NC_017455.1_prot_WP_014554119.1_1	GCF_001302585.1_WP_054295217.1	52.219	419	670	90	383	177	2	41	419	286	666	0.0	588
lcl|NC_017455.1_prot_WP_014554119.1_1	GCF_000508225.1_WP_024071771.1	53.081	419	483	99	422	189	3	1	414	62	482	0.0	588
lcl|NC_017455.1_prot_WP_014554119.1_1	GCF_000247715.1_WP_014359624.1	51.175	419	656	90	383	179	2	43	419	271	651	0.0	588
lcl|NC_017455.1_prot_WP_014554119.1_1	GCF_000012085.2_WP_011772184.1	56.595	419	514	99	417	176	3	1	413	95	510	0.0	588
lcl|NC_017455.1_prot_WP_014554119.1_1	GCF_021590045.1_WP_236123528.1	51.163	419	660	90	387	178	3	42	419	265	649	0.0	587
lcl|NC_017455.1_prot_WP_014554119.1_1	GCF_019931005.1_WP_005606878.1	59.709	419	422	98	412	165	1	3	414	9	419	0.0	587
lcl|NC_017455.1_prot_WP_014554119.1_1	GCF_015710575.1_WP_199255406.1	50.646	419	690	90	387	181	2	41	419	300	684	0.0	587
lcl|NC_017455.1_prot_WP_014554119.1_1	GCF_004564375.1_WP_208542978.1	52.493	419	607	90	381	176	2	41	418	223	601	0.0	587
lcl|NC_017455.1_prot_WP_014554119.1_1	GCF_003815995.1_WP_079463661.1	56.233	419	631	89	377	162	2	41	415	256	631	0.0	587
lcl|NC_017455.1_prot_WP_014554119.1_1	GCF_000166135.1_WP_269724411.1	54.593	419	651	90	381	167	2	42	418	270	648	0.0	587
lcl|NC_017455.1_prot_WP_014554119.1_1	GCF_000024965.1_WP_222829434.1	53.213	419	659	90	389	169	3	42	419	262	648	0.0	587
lcl|NC_017455.1_prot_WP_014554119.1_1	GCF_014466955.1_WP_187684985.1	51.302	419	666	90	384	179	2	42	419	281	662	0.0	587
lcl|NC_017455.1_prot_WP_014554119.1_1	GCF_003606285.1_WP_120104037.1	56.250	419	513	98	416	177	3	2	413	95	509	0.0	587
lcl|NC_017455.1_prot_WP_014554119.1_1	GCF_002354875.1_WP_096496783.1	51.697	419	694	90	383	179	2	41	419	310	690	0.0	587
lcl|NC_017455.1_prot_WP_014554119.1_1	GCF_002023665.2_WP_009086582.1	56.233	419	584	89	377	162	2	41	415	209	584	0.0	587
lcl|NC_017455.1_prot_WP_014554119.1_1	GCF_001561955.1_WP_066053220.1	48.922	419	477	98	464	181	3	5	413	3	465	0.0	587
lcl|NC_017455.1_prot_WP_014554119.1_1	GCF_000508225.1_WP_024072394.1	53.081	419	462	99	422	189	3	1	414	41	461	0.0	587
lcl|NC_017455.1_prot_WP_014554119.1_1	GCF_000178835.2_WP_013656648.1	49.781	419	455	99	456	186	4	4	417	1	455	0.0	587
lcl|NC_017455.1_prot_WP_014554119.1_1	GCF_016728725.1_WP_201812848.1	52.727	419	653	89	385	168	2	42	413	254	637	0.0	587
lcl|NC_017455.1_prot_WP_014554119.1_1	GCF_016458825.1_WP_243660955.1	52.809	419	446	99	445	179	2	2	416	1	444	0.0	587
lcl|NC_017455.1_prot_WP_014554119.1_1	GCF_013460375.1_WP_180810812.1	52.607	419	458	99	422	191	3	1	414	37	457	0.0	587
lcl|NC_017455.1_prot_WP_014554119.1_1	GCF_013155125.1_WP_172158729.1	52.880	419	775	90	382	174	2	41	418	391	770	0.0	587
lcl|NC_017455.1_prot_WP_014554119.1_1	GCF_011405655.1_WP_173112623.1	53.883	419	671	98	412	187	3	5	415	247	656	0.0	587
lcl|NC_017455.1_prot_WP_014554119.1_1	GCF_008065135.1_WP_202908798.1	53.349	419	418	99	418	189	3	2	414	1	417	0.0	587
lcl|NC_017455.1_prot_WP_014554119.1_1	GCF_007559025.1_WP_233267057.1	52.493	419	633	89	381	173	2	42	416	248	626	0.0	587
lcl|NC_017455.1_prot_WP_014554119.1_1	GCF_003860565.1_WP_069800053.1	56.764	419	600	89	377	160	2	41	415	225	600	0.0	587
lcl|NC_017455.1_prot_WP_014554119.1_1	GCF_003815915.1_WP_076557210.1	56.499	419	621	89	377	161	2	41	415	246	621	0.0	587
lcl|NC_017455.1_prot_WP_014554119.1_1	GCF_001507645.1_WP_068192481.1	53.867	419	779	89	375	171	1	42	414	404	778	0.0	587
lcl|NC_017455.1_prot_WP_014554119.1_1	GCF_000214175.1_WP_148262612.1	51.832	419	660	90	382	176	2	44	419	276	655	0.0	587
lcl|NC_017455.1_prot_WP_014554119.1_1	GCF_000024505.1_WP_041651404.1	52.133	419	445	99	422	193	3	1	414	24	444	0.0	587
lcl|NC_017455.1_prot_WP_014554119.1_1	GCF_940670685.1_WP_250229663.1	61.081	419	495	88	370	140	2	47	413	116	484	0.0	586
lcl|NC_017455.1_prot_WP_014554119.1_1	GCF_018141445.1_WP_212697400.1	57.373	419	552	88	373	155	2	45	414	173	544	0.0	586
lcl|NC_017455.1_prot_WP_014554119.1_1	GCF_014235185.1_WP_221775958.1	53.141	419	753	90	382	173	2	41	418	369	748	0.0	586
lcl|NC_017455.1_prot_WP_014554119.1_1	GCF_011393335.1_WP_246227146.1	52.243	419	537	90	379	177	2	42	418	158	534	0.0	586
lcl|NC_017455.1_prot_WP_014554119.1_1	GCF_009646095.1_WP_239022456.1	53.421	419	630	90	380	172	2	42	418	248	625	0.0	586
lcl|NC_017455.1_prot_WP_014554119.1_1	GCF_003798325.1_WP_123826405.1	52.756	419	589	90	381	175	2	42	419	209	587	0.0	586
lcl|NC_017455.1_prot_WP_014554119.1_1	GCF_001305675.1_WP_226995856.1	52.219	419	637	90	383	174	2	44	419	252	632	0.0	586
lcl|NC_017455.1_prot_WP_014554119.1_1	GCF_000975265.2_WP_045842926.1	51.823	419	609	90	384	177	2	42	419	223	604	0.0	586
lcl|NC_017455.1_prot_WP_014554119.1_1	GCF_000024345.1_WP_012922633.1	53.158	419	772	90	380	173	2	42	418	384	761	0.0	586
lcl|NC_017455.1_prot_WP_014554119.1_1	GCF_000024025.1_WP_012785421.1	53.034	419	668	90	379	173	2	41	416	286	662	0.0	586
lcl|NC_017455.1_prot_WP_014554119.1_1	GCF_000023245.1_WP_015804844.1	51.697	419	709	90	383	179	2	41	419	325	705	0.0	586
lcl|NC_017455.1_prot_WP_014554119.1_1	GCF_901538355.1_WP_162658339.1	53.810	419	463	99	420	188	3	1	415	45	463	0.0	586
lcl|NC_017455.1_prot_WP_014554119.1_1	GCF_900475835.1_WP_015772058.1	51.813	419	680	90	386	175	3	42	418	284	667	0.0	586
lcl|NC_017455.1_prot_WP_014554119.1_1	GCF_026650945.1_WP_216274544.1	62.125	419	490	87	367	134	2	52	415	119	483	0.0	586
lcl|NC_017455.1_prot_WP_014554119.1_1	GCF_018362975.1_WP_213557751.1	51.562	419	692	90	384	178	2	42	419	307	688	0.0	586
lcl|NC_017455.1_prot_WP_014554119.1_1	GCF_003606265.1_WP_066676586.1	51.404	419	464	99	463	179	5	2	418	1	463	0.0	586
lcl|NC_017455.1_prot_WP_014554119.1_1	GCF_002327205.1_WP_021876615.1	51.087	419	464	99	460	181	4	2	417	1	460	0.0	586
lcl|NC_017455.1_prot_WP_014554119.1_1	GCF_002214625.1_WP_117374357.1	51.896	419	454	99	422	194	3	1	414	33	453	0.0	586
lcl|NC_017455.1_prot_WP_014554119.1_1	GCF_001998865.1_WP_077351927.1	52.368	419	631	90	380	176	2	42	418	250	627	0.0	586
lcl|NC_017455.1_prot_WP_014554119.1_1	GCF_001274895.1_WP_053411871.1	52.987	419	653	89	385	167	2	42	413	254	637	0.0	586
lcl|NC_017455.1_prot_WP_014554119.1_1	GCF_000020305.1_WP_223822875.1	52.133	419	443	99	422	193	3	1	414	22	442	0.0	586
lcl|NC_017455.1_prot_WP_014554119.1_1	GCF_000016985.1_WP_011971461.1	60.963	419	477	89	374	145	1	42	415	103	475	0.0	586
lcl|NC_017455.1_prot_WP_014554119.1_1	GCF_907163105.1_WP_213197005.1	56.499	419	600	89	377	161	2	41	415	225	600	0.0	585
lcl|NC_017455.1_prot_WP_014554119.1_1	GCF_007741495.1_WP_145351522.1	55.024	419	501	99	418	182	3	2	414	84	500	0.0	585
lcl|NC_017455.1_prot_WP_014554119.1_1	GCF_003614235.1_WP_039233869.1	50.106	419	476	99	471	178	4	2	415	1	471	0.0	585
lcl|NC_017455.1_prot_WP_014554119.1_1	GCF_001456355.1_WP_088413424.1	51.680	419	647	90	387	177	2	41	419	253	637	0.0	585
lcl|NC_017455.1_prot_WP_014554119.1_1	GCF_000218545.1_WP_013884494.1	50.384	419	679	90	391	180	3	41	419	279	667	0.0	585
lcl|NC_017455.1_prot_WP_014554119.1_1	GCF_000021545.1_WP_012673513.1	54.676	419	422	99	417	184	3	2	414	6	421	0.0	585
lcl|NC_017455.1_prot_WP_014554119.1_1	GCF_000007625.1_WP_035110950.1	61.995	419	489	88	371	140	1	47	416	111	481	0.0	585
lcl|NC_017455.1_prot_WP_014554119.1_1	GCF_900637655.1_WP_004374132.1	54.377	419	649	89	377	167	3	42	414	273	648	0.0	585
lcl|NC_017455.1_prot_WP_014554119.1_1	GCF_022846375.1_WP_244363513.1	56.659	419	426	98	413	177	2	2	413	12	423	0.0	585
lcl|NC_017455.1_prot_WP_014554119.1_1	GCF_019285775.1_WP_246600591.1	50.781	419	668	90	384	181	2	42	419	283	664	0.0	585
lcl|NC_017455.1_prot_WP_014554119.1_1	GCF_017068375.1_WP_206012792.1	51.688	419	685	90	385	178	2	41	419	299	681	0.0	585
lcl|NC_017455.1_prot_WP_014554119.1_1	GCF_003366055.1_WP_252120589.1	54.745	419	435	97	411	180	3	10	415	1	410	0.0	585
lcl|NC_017455.1_prot_WP_014554119.1_1	GCF_002356335.1_WP_096500012.1	50.904	419	636	90	387	180	2	41	419	242	626	0.0	585
lcl|NC_017455.1_prot_WP_014554119.1_1	GCF_000212695.1_WP_041553546.1	51.671	419	712	90	389	176	2	41	419	314	700	0.0	585
lcl|NC_017455.1_prot_WP_014554119.1_1	GCF_019047805.1_WP_246580181.1	51.958	419	662	88	383	170	2	44	413	265	646	0.0	585
lcl|NC_017455.1_prot_WP_014554119.1_1	GCF_017068395.1_WP_206010542.1	51.688	419	691	90	385	178	2	41	419	305	687	0.0	585
lcl|NC_017455.1_prot_WP_014554119.1_1	GCF_009856525.1_WP_237111358.1	51.508	419	503	99	431	190	5	1	415	72	499	0.0	585
lcl|NC_017455.1_prot_WP_014554119.1_1	GCF_006337125.1_WP_139720017.1	49.618	419	669	90	393	179	2	41	416	270	660	0.0	585
lcl|NC_017455.1_prot_WP_014554119.1_1	GCF_025264705.1_WP_033362342.1	55.000	419	710	90	380	165	2	44	419	332	709	0.0	584
lcl|NC_017455.1_prot_WP_014554119.1_1	GCF_022845615.1_WP_244401244.1	54.593	419	653	89	381	165	3	41	414	273	652	0.0	584
lcl|NC_017455.1_prot_WP_014554119.1_1	GCF_007559005.1_WP_222103210.1	51.538	419	630	90	390	175	2	42	419	238	625	0.0	584
lcl|NC_017455.1_prot_WP_014554119.1_1	GCF_000021285.1_WP_012580366.1	55.690	419	421	98	413	181	2	2	413	7	418	0.0	584
lcl|NC_017455.1_prot_WP_014554119.1_1	GCF_901482605.1_WP_138210821.1	56.633	419	500	93	392	169	1	25	415	92	483	0.0	584
lcl|NC_017455.1_prot_WP_014554119.1_1	GCF_900186975.1_WP_021103423.1	56.349	419	668	89	378	160	2	44	418	290	665	0.0	584
lcl|NC_017455.1_prot_WP_014554119.1_1	GCF_025137375.1_WP_259861750.1	54.737	419	666	90	380	166	2	44	419	288	665	0.0	584
lcl|NC_017455.1_prot_WP_014554119.1_1	GCF_022811645.1_WP_243514926.1	54.032	419	786	88	372	169	1	45	414	414	785	0.0	584
lcl|NC_017455.1_prot_WP_014554119.1_1	GCF_021183565.1_WP_233034333.1	51.562	419	619	90	384	178	2	42	419	234	615	0.0	584
lcl|NC_017455.1_prot_WP_014554119.1_1	GCF_014217765.1_WP_246442827.1	51.302	419	677	90	384	179	2	42	419	292	673	0.0	584
lcl|NC_017455.1_prot_WP_014554119.1_1	GCF_002356035.1_WP_081985525.1	51.562	419	685	90	384	178	2	42	419	300	681	0.0	584
lcl|NC_017455.1_prot_WP_014554119.1_1	GCF_001190945.1_WP_052594258.1	52.507	419	667	89	379	172	2	44	416	282	658	0.0	584
lcl|NC_017455.1_prot_WP_014554119.1_1	GCF_007747445.1_WP_261341891.1	52.885	419	418	98	416	189	4	4	413	1	415	0.0	584
lcl|NC_017455.1_prot_WP_014554119.1_1	GCF_005280655.1_WP_137329513.1	51.927	419	447	98	441	179	4	7	415	3	442	0.0	584
lcl|NC_017455.1_prot_WP_014554119.1_1	GCF_004028015.1_WP_005110131.1	50.904	419	646	90	387	180	2	41	419	252	636	0.0	584
lcl|NC_017455.1_prot_WP_014554119.1_1	GCF_001632805.1_WP_046252969.1	50.904	419	641	90	387	180	2	41	419	247	631	0.0	584
lcl|NC_017455.1_prot_WP_014554119.1_1	GCF_000367205.1_WP_015582627.1	53.704	419	633	89	378	170	2	44	418	255	630	0.0	584
lcl|NC_017455.1_prot_WP_014554119.1_1	GCF_000218855.1_WP_010966173.1	61.173	419	483	85	358	138	1	47	403	111	468	0.0	584
lcl|NC_017455.1_prot_WP_014554119.1_1	GCF_000195335.1_WP_013704017.1	57.143	419	426	98	413	175	2	2	413	12	423	0.0	584
lcl|NC_017455.1_prot_WP_014554119.1_1	GCF_900087655.1_WP_269458986.1	51.444	419	640	90	381	180	2	42	419	260	638	0.0	583
lcl|NC_017455.1_prot_WP_014554119.1_1	GCF_014126825.1_WP_220471819.1	52.756	419	654	89	381	172	2	42	416	269	647	0.0	583
lcl|NC_017455.1_prot_WP_014554119.1_1	GCF_004684245.1_WP_135256296.1	56.174	419	427	98	413	179	2	2	413	13	424	0.0	583
lcl|NC_017455.1_prot_WP_014554119.1_1	GCF_003013675.1_WP_106851294.1	51.562	419	672	90	384	178	2	42	419	287	668	0.0	583
lcl|NC_017455.1_prot_WP_014554119.1_1	GCF_001941505.1_WP_075691646.1	52.332	419	630	89	386	169	2	42	413	230	614	0.0	583
lcl|NC_017455.1_prot_WP_014554119.1_1	GCF_000442645.1_WP_156844723.1	53.298	419	619	88	379	167	2	44	413	226	603	0.0	583
lcl|NC_017455.1_prot_WP_014554119.1_1	GCF_000439775.1_WP_011450223.1	52.370	419	452	99	422	192	3	1	414	31	451	0.0	583
lcl|NC_017455.1_prot_WP_014554119.1_1	GCF_900476255.1_WP_023935708.1	56.233	419	679	88	377	157	3	45	414	303	678	0.0	583
lcl|NC_017455.1_prot_WP_014554119.1_1	GCF_020138775.1_WP_003452426.1	62.155	419	486	86	362	135	2	52	411	116	477	0.0	583
lcl|NC_017455.1_prot_WP_014554119.1_1	GCF_018278905.1_WP_211696026.1	51.948	419	620	90	385	177	2	41	419	233	615	0.0	583
lcl|NC_017455.1_prot_WP_014554119.1_1	GCF_018127825.1_WP_211795640.1	54.545	419	679	88	374	165	3	45	414	306	678	0.0	583
lcl|NC_017455.1_prot_WP_014554119.1_1	GCF_008761635.1_WP_151082871.1	52.356	419	643	90	382	177	2	41	419	258	637	0.0	583
lcl|NC_017455.1_prot_WP_014554119.1_1	GCF_001605725.1_WP_043077150.1	50.904	419	646	90	387	180	2	41	419	252	636	0.0	583
lcl|NC_017455.1_prot_WP_014554119.1_1	GCF_025264685.1_WP_260727390.1	54.737	419	681	90	380	166	2	44	419	303	680	0.0	582
lcl|NC_017455.1_prot_WP_014554119.1_1	GCF_004924335.1_WP_078328807.1	50.904	419	642	90	387	180	2	41	419	248	632	0.0	582
lcl|NC_017455.1_prot_WP_014554119.1_1	GCF_001856695.1_WP_003440721.1	60.274	419	570	87	365	144	1	52	415	201	565	0.0	582
lcl|NC_017455.1_prot_WP_014554119.1_1	GCF_000478885.1_WP_022740184.1	53.641	419	669	98	412	188	3	5	415	245	654	0.0	582
lcl|NC_017455.1_prot_WP_014554119.1_1	GCF_000404185.1_WP_003854867.1	52.368	419	760	88	380	170	2	44	413	366	744	0.0	582
lcl|NC_017455.1_prot_WP_014554119.1_1	GCF_000250635.1_WP_245538682.1	55.348	419	580	88	374	162	3	45	414	207	579	0.0	582
lcl|NC_017455.1_prot_WP_014554119.1_1	GCF_000184685.1_WP_041308707.1	51.444	419	714	89	381	174	2	45	416	327	705	0.0	582
lcl|NC_017455.1_prot_WP_014554119.1_1	GCF_000024365.1_WP_015747368.1	52.618	419	717	90	382	175	2	42	419	335	714	0.0	582
lcl|NC_017455.1_prot_WP_014554119.1_1	GCF_020735445.1_WP_006846573.1	55.080	419	743	88	374	163	3	45	414	370	742	0.0	582
lcl|NC_017455.1_prot_WP_014554119.1_1	GCF_016925615.1_WP_239678032.1	53.421	419	634	90	380	171	2	44	419	256	633	0.0	582
lcl|NC_017455.1_prot_WP_014554119.1_1	GCF_010729665.1_WP_163740584.1	50.765	419	711	90	392	178	2	41	419	318	707	0.0	582
lcl|NC_017455.1_prot_WP_014554119.1_1	GCF_002214625.1_WP_233497241.1	51.659	419	443	99	422	195	3	1	414	22	442	0.0	582
lcl|NC_017455.1_prot_WP_014554119.1_1	GCF_008329645.1_WP_149484339.1	50.773	419	711	90	388	180	2	41	419	321	706	0.0	582
lcl|NC_017455.1_prot_WP_014554119.1_1	GCF_007741535.1_WP_145171288.1	53.664	419	508	98	423	184	5	3	414	84	505	0.0	582
lcl|NC_017455.1_prot_WP_014554119.1_1	GCF_001953955.1_WP_028905218.1	54.813	419	679	88	374	164	3	45	414	306	678	0.0	582
lcl|NC_017455.1_prot_WP_014554119.1_1	GCF_000439775.1_WP_011451135.1	52.370	419	443	99	422	192	3	1	414	22	442	0.0	582
lcl|NC_017455.1_prot_WP_014554119.1_1	GCF_000022525.1_WP_202965523.1	51.972	419	448	99	431	188	5	1	415	17	444	0.0	582
lcl|NC_017455.1_prot_WP_014554119.1_1	GCF_000017305.1_WP_012084401.1	52.196	419	696	91	387	177	2	38	418	307	691	0.0	582
lcl|NC_017455.1_prot_WP_014554119.1_1	GCF_900292015.1_WP_158017728.1	52.083	419	621	90	384	176	2	42	419	235	616	0.0	581
lcl|NC_017455.1_prot_WP_014554119.1_1	GCF_900070325.1_WP_058258889.1	50.112	419	450	98	445	186	4	6	416	4	446	0.0	581
lcl|NC_017455.1_prot_WP_014554119.1_1	GCF_014701195.1_WP_190615992.1	56.650	419	430	96	406	173	2	2	405	13	417	0.0	581
lcl|NC_017455.1_prot_WP_014554119.1_1	GCF_008843165.1_WP_158060211.1	50.769	419	720	89	390	173	2	44	416	324	711	0.0	581
lcl|NC_017455.1_prot_WP_014554119.1_1	GCF_001685415.1_WP_083190537.1	51.145	419	666	90	393	173	2	41	416	267	657	0.0	581
lcl|NC_017455.1_prot_WP_014554119.1_1	GCF_000013165.1_WP_011451474.1	51.972	419	439	99	431	188	5	1	415	8	435	0.0	581
lcl|NC_017455.1_prot_WP_014554119.1_1	GCF_900538275.1_WP_125138406.1	56.989	419	489	88	372	156	2	47	415	113	483	0.0	581
lcl|NC_017455.1_prot_WP_014554119.1_1	GCF_020181435.1_WP_022261228.1	51.247	419	447	98	441	182	3	7	415	3	442	0.0	581
lcl|NC_017455.1_prot_WP_014554119.1_1	GCF_013466985.1_WP_180936254.1	52.756	419	657	90	381	175	2	41	418	274	652	0.0	581
lcl|NC_017455.1_prot_WP_014554119.1_1	GCF_001021025.1_WP_047239997.1	51.958	419	657	89	383	173	2	41	413	259	640	0.0	581
lcl|NC_017455.1_prot_WP_014554119.1_1	GCF_000953715.1_WP_084217142.1	55.797	419	441	98	414	180	2	2	413	23	435	0.0	581
lcl|NC_017455.1_prot_WP_014554119.1_1	GCF_000092825.1_WP_041406880.1	51.523	419	608	91	394	178	2	37	419	211	602	0.0	581
lcl|NC_017455.1_prot_WP_014554119.1_1	GCF_017945865.1_WP_166340284.1	56.355	419	642	99	417	178	4	3	417	218	632	0.0	580
lcl|NC_017455.1_prot_WP_014554119.1_1	GCF_016925535.1_WP_246498048.1	50.259	419	624	90	386	182	2	42	419	239	622	0.0	580
lcl|NC_017455.1_prot_WP_014554119.1_1	GCF_016127995.1_WP_198482599.1	51.706	419	557	90	381	178	2	42	418	177	555	0.0	580
lcl|NC_017455.1_prot_WP_014554119.1_1	GCF_000513475.1_WP_023792643.1	54.654	419	424	99	419	184	3	2	415	1	418	0.0	580
lcl|NC_017455.1_prot_WP_014554119.1_1	GCF_000091545.1_WP_011173142.1	56.280	419	426	98	414	177	4	2	413	12	423	0.0	580
lcl|NC_017455.1_prot_WP_014554119.1_1	GCF_016598775.1_WP_200275108.1	50.503	419	657	90	398	177	2	41	419	252	648	0.0	580
lcl|NC_017455.1_prot_WP_014554119.1_1	GCF_003584745.1_WP_015356703.1	52.344	419	621	90	384	175	2	42	419	235	616	0.0	580
lcl|NC_017455.1_prot_WP_014554119.1_1	GCF_001262015.1_WP_025079075.1	54.377	419	652	89	377	167	3	42	414	276	651	0.0	580
lcl|NC_017455.1_prot_WP_014554119.1_1	GCF_001021045.1_WP_236686163.1	53.457	419	618	88	376	166	2	46	413	228	602	0.0	580
lcl|NC_017455.1_prot_WP_014554119.1_1	GCF_000266925.1_WP_041459793.1	63.285	419	447	99	414	150	2	2	414	34	446	0.0	580
lcl|NC_017455.1_prot_WP_014554119.1_1	GCF_000018605.1_WP_012207890.1	55.556	419	441	98	414	181	2	2	413	23	435	0.0	580
lcl|NC_017455.1_prot_WP_014554119.1_1	GCF_013184985.2_WP_172119681.1	50.627	419	663	90	399	174	3	41	419	254	649	0.0	580
lcl|NC_017455.1_prot_WP_014554119.1_1	GCF_003355475.1_WP_115413153.1	50.124	419	700	90	403	174	2	41	418	292	692	0.0	580
lcl|NC_017455.1_prot_WP_014554119.1_1	GCF_001941445.1_WP_245797322.1	52.941	419	642	87	374	167	2	48	413	254	626	0.0	580
lcl|NC_017455.1_prot_WP_014554119.1_1	GCF_001642655.1_WP_017751757.1	57.796	419	492	88	372	155	2	47	416	110	481	0.0	580
lcl|NC_017455.1_prot_WP_014554119.1_1	GCF_001399775.1_WP_003044686.1	55.422	419	426	98	415	181	3	2	413	10	423	0.0	580
lcl|NC_017455.1_prot_WP_014554119.1_1	GCF_005890135.1_WP_244937990.1	53.034	419	632	90	379	173	2	44	419	254	630	0.0	579
lcl|NC_017455.1_prot_WP_014554119.1_1	GCF_003288115.1_WP_112195728.1	55.399	419	431	99	426	178	6	1	417	4	426	0.0	579
lcl|NC_017455.1_prot_WP_014554119.1_1	GCF_003096075.1_WP_244192598.1	50.743	419	677	90	404	171	2	41	418	269	670	0.0	579
lcl|NC_017455.1_prot_WP_014554119.1_1	GCF_000830905.1_WP_041343020.1	56.086	419	424	98	419	173	4	4	415	8	422	0.0	579
lcl|NC_017455.1_prot_WP_014554119.1_1	GCF_000215105.1_WP_013839423.1	51.928	419	656	89	389	171	3	44	418	257	643	0.0	579
lcl|NC_017455.1_prot_WP_014554119.1_1	GCF_000010265.1_WP_012104032.1	58.065	419	484	88	372	154	2	47	416	105	476	0.0	579
lcl|NC_017455.1_prot_WP_014554119.1_1	GCF_004798665.1_WP_136192851.1	48.798	419	675	94	416	180	4	25	419	258	661	0.0	579
lcl|NC_017455.1_prot_WP_014554119.1_1	GCF_003600355.1_WP_119969895.1	58.871	419	502	88	372	151	2	47	416	123	494	0.0	579
lcl|NC_017455.1_prot_WP_014554119.1_1	GCF_001441165.1_WP_076692556.1	52.381	419	673	89	378	175	2	44	418	295	670	0.0	579
lcl|NC_017455.1_prot_WP_014554119.1_1	GCF_000473995.1_WP_022743807.1	56.812	419	488	92	389	160	3	25	411	101	483	0.0	579
lcl|NC_017455.1_prot_WP_014554119.1_1	GCF_000212375.1_WP_013760319.1	54.642	419	623	88	377	163	3	45	414	247	622	0.0	579
lcl|NC_017455.1_prot_WP_014554119.1_1	GCF_024299005.1_WP_254815701.1	53.333	419	439	99	420	189	3	1	414	20	438	0.0	579
lcl|NC_017455.1_prot_WP_014554119.1_1	GCF_002234535.1_WP_093940577.1	52.094	419	672	90	382	177	2	42	419	289	668	0.0	579
lcl|NC_017455.1_prot_WP_014554119.1_1	GCF_024299005.1_WP_218194305.1	53.333	419	445	99	420	189	3	1	414	26	444	0.0	578
lcl|NC_017455.1_prot_WP_014554119.1_1	GCF_008705175.1_WP_039772945.1	59.030	419	480	88	371	150	2	47	415	107	477	0.0	578
lcl|NC_017455.1_prot_WP_014554119.1_1	GCF_001886875.1_WP_003412620.1	59.299	419	511	88	371	149	2	47	415	136	506	0.0	578
lcl|NC_017455.1_prot_WP_014554119.1_1	GCF_000018325.1_WP_049753914.1	62.703	419	455	88	370	137	1	46	415	85	453	0.0	578
lcl|NC_017455.1_prot_WP_014554119.1_1	GCF_000014185.1_WP_011564633.1	57.784	419	498	90	379	158	2	39	416	119	496	0.0	578
lcl|NC_017455.1_prot_WP_014554119.1_1	GCF_900120245.1_WP_072457680.1	51.969	419	571	90	381	177	2	42	418	190	568	0.0	578
lcl|NC_017455.1_prot_WP_014554119.1_1	GCF_003096095.1_WP_244911068.1	50.123	419	697	90	407	172	2	41	418	286	690	0.0	578
lcl|NC_017455.1_prot_WP_014554119.1_1	GCF_001941625.1_WP_075739564.1	52.094	419	680	90	382	177	2	42	419	297	676	0.0	578
lcl|NC_017455.1_prot_WP_014554119.1_1	GCF_001941345.1_WP_075723029.1	53.846	419	717	88	377	164	2	44	411	324	699	0.0	578
lcl|NC_017455.1_prot_WP_014554119.1_1	GCF_001535545.1_WP_060384435.1	56.280	419	426	98	414	177	4	2	413	12	423	0.0	578
lcl|NC_017455.1_prot_WP_014554119.1_1	GCF_000814825.1_WP_082019701.1	52.392	419	703	99	418	195	4	3	418	280	695	0.0	578
lcl|NC_017455.1_prot_WP_014554119.1_1	GCF_000023105.1_WP_144016897.1	53.003	419	623	90	383	172	2	42	418	233	613	0.0	578
lcl|NC_017455.1_prot_WP_014554119.1_1	GCF_900637165.1_WP_126383554.1	50.380	419	672	89	395	173	4	44	418	270	661	0.0	577
lcl|NC_017455.1_prot_WP_014554119.1_1	GCF_025147765.1_WP_005428102.1	55.053	419	496	89	376	165	2	43	415	118	492	0.0	577
lcl|NC_017455.1_prot_WP_014554119.1_1	GCF_019904175.1_WP_223101560.1	54.737	419	716	90	380	166	2	44	419	338	715	0.0	577
lcl|NC_017455.1_prot_WP_014554119.1_1	GCF_009931695.1_WP_161836723.1	55.026	419	546	89	378	166	2	42	416	166	542	0.0	577
lcl|NC_017455.1_prot_WP_014554119.1_1	GCF_002006355.2_WP_242951563.1	61.944	419	512	85	360	135	1	47	404	139	498	0.0	577
lcl|NC_017455.1_prot_WP_014554119.1_1	GCF_003325455.1_WP_114044646.1	52.646	419	615	89	378	174	2	44	418	237	612	0.0	577
lcl|NC_017455.1_prot_WP_014554119.1_1	GCF_020616615.1_WP_011741637.1	52.083	419	621	90	384	176	2	42	419	235	616	0.0	577
lcl|NC_017455.1_prot_WP_014554119.1_1	GCF_015711475.1_WP_196716737.1	49.749	419	662	90	398	180	2	41	419	257	653	0.0	577
lcl|NC_017455.1_prot_WP_014554119.1_1	GCF_004103735.1_WP_128744589.1	50.000	419	457	99	452	186	5	2	415	1	450	0.0	577
lcl|NC_017455.1_prot_WP_014554119.1_1	GCF_002355155.1_WP_096455444.1	52.646	419	745	88	378	169	2	45	413	353	729	0.0	577
lcl|NC_017455.1_prot_WP_014554119.1_1	GCF_002209165.2_WP_048540930.1	58.049	419	438	98	410	169	2	7	415	18	425	0.0	577
lcl|NC_017455.1_prot_WP_014554119.1_1	GCF_000196535.1_WP_013188726.1	54.521	419	589	89	376	165	2	47	418	214	587	0.0	577
lcl|NC_017455.1_prot_WP_014554119.1_1	GCF_019039255.1_WP_216942334.1	52.756	419	691	90	381	175	2	41	418	304	682	0.0	576
lcl|NC_017455.1_prot_WP_014554119.1_1	GCF_009184705.1_WP_050901475.1	57.000	419	407	95	400	170	2	16	414	2	400	0.0	576
lcl|NC_017455.1_prot_WP_014554119.1_1	GCF_003096175.1_WP_032078588.1	58.065	419	498	88	372	154	2	47	416	119	490	0.0	576
lcl|NC_017455.1_prot_WP_014554119.1_1	GCF_001735765.2_WP_069678747.1	56.443	419	487	92	388	161	3	32	417	97	478	0.0	576
lcl|NC_017455.1_prot_WP_014554119.1_1	GCF_000968375.1_WP_029159233.1	58.065	419	504	88	372	154	2	47	416	125	496	0.0	576
lcl|NC_017455.1_prot_WP_014554119.1_1	GCF_000512735.1_WP_245565862.1	58.780	419	411	96	410	162	4	10	413	1	409	0.0	576
lcl|NC_017455.1_prot_WP_014554119.1_1	GCF_000340885.1_WP_015390724.1	60.383	419	500	87	366	143	2	52	415	132	497	0.0	576
lcl|NC_017455.1_prot_WP_014554119.1_1	GCF_000092225.1_WP_013125902.1	50.255	419	653	89	392	173	2	44	415	256	645	0.0	576
lcl|NC_017455.1_prot_WP_014554119.1_1	GCF_000023405.1_WP_015775956.1	50.374	419	713	90	401	173	2	42	418	307	705	0.0	576
lcl|NC_017455.1_prot_WP_014554119.1_1	GCF_025725725.1_WP_263593178.1	49.377	419	641	90	401	179	2	41	419	241	639	0.0	576
lcl|NC_017455.1_prot_WP_014554119.1_1	GCF_024205945.1_WP_149459160.1	58.578	419	438	97	408	166	2	7	413	18	423	0.0	576
lcl|NC_017455.1_prot_WP_014554119.1_1	GCF_021183725.1_WP_075510425.1	51.813	419	612	90	386	176	2	42	419	224	607	0.0	576
lcl|NC_017455.1_prot_WP_014554119.1_1	GCF_020809405.1_WP_074919770.1	57.732	419	529	92	388	161	2	29	414	143	529	0.0	576
lcl|NC_017455.1_prot_WP_014554119.1_1	GCF_005886435.1_WP_005964359.1	51.309	419	582	90	382	180	2	41	418	200	579	0.0	576
lcl|NC_017455.1_prot_WP_014554119.1_1	GCF_900169485.1_WP_079536273.1	55.663	419	617	99	415	180	4	5	417	195	607	0.0	575
lcl|NC_017455.1_prot_WP_014554119.1_1	GCF_016725245.1_WP_016910987.1	59.024	419	438	98	410	165	2	7	415	18	425	0.0	575
lcl|NC_017455.1_prot_WP_014554119.1_1	GCF_010120715.1_WP_162361807.1	49.676	419	469	99	463	183	5	2	415	1	462	0.0	575
lcl|NC_017455.1_prot_WP_014554119.1_1	GCF_002865995.1_WP_055338264.1	60.989	419	500	87	364	141	1	51	414	134	496	0.0	575
lcl|NC_017455.1_prot_WP_014554119.1_1	GCF_000309885.1_WP_016329675.1	55.690	419	426	98	413	181	2	2	413	12	423	0.0	575
lcl|NC_017455.1_prot_WP_014554119.1_1	GCF_900637295.1_WP_026427081.1	51.531	419	672	89	392	172	3	44	418	266	656	0.0	575
lcl|NC_017455.1_prot_WP_014554119.1_1	GCF_900119915.1_WP_075576746.1	51.790	419	611	99	419	198	4	2	418	190	606	0.0	575
lcl|NC_017455.1_prot_WP_014554119.1_1	GCF_016904155.1_WP_008369555.1	52.045	419	441	99	440	184	3	2	416	1	438	0.0	575
lcl|NC_017455.1_prot_WP_014554119.1_1	GCF_010731855.1_WP_179967344.1	51.562	419	639	90	384	178	2	42	419	252	633	0.0	575
lcl|NC_017455.1_prot_WP_014554119.1_1	GCF_006351925.1_WP_243122160.1	53.790	419	486	96	409	175	4	15	415	74	476	0.0	575
lcl|NC_017455.1_prot_WP_014554119.1_1	GCF_004208415.1_WP_129885916.1	58.950	419	422	99	419	165	2	2	414	1	418	0.0	575
lcl|NC_017455.1_prot_WP_014554119.1_1	GCF_002998295.1_WP_106012287.1	56.216	419	644	88	370	161	1	45	414	234	602	0.0	575
lcl|NC_017455.1_prot_WP_014554119.1_1	GCF_902702935.1_WP_155872408.1	52.480	419	680	89	383	170	2	42	413	286	667	0.0	575
lcl|NC_017455.1_prot_WP_014554119.1_1	GCF_900637575.1_WP_012799476.1	53.477	419	685	99	417	190	4	3	417	261	675	0.0	575
lcl|NC_017455.1_prot_WP_014554119.1_1	GCF_900187215.1_WP_038589954.1	52.394	419	660	88	376	169	2	45	411	268	642	0.0	575
lcl|NC_017455.1_prot_WP_014554119.1_1	GCF_018885085.1_WP_003437851.1	59.341	419	534	87	364	147	1	51	414	170	532	0.0	575
lcl|NC_017455.1_prot_WP_014554119.1_1	GCF_009730295.1_WP_006364723.1	54.258	419	422	98	411	184	3	7	415	10	418	0.0	575
lcl|NC_017455.1_prot_WP_014554119.1_1	GCF_002407065.1_WP_096798999.1	49.876	419	714	89	403	172	2	44	418	306	706	0.0	575
lcl|NC_017455.1_prot_WP_014554119.1_1	GCF_023373525.1_WP_249479377.1	50.372	419	704	90	403	173	2	41	418	296	696	0.0	574
lcl|NC_017455.1_prot_WP_014554119.1_1	GCF_014218335.1_WP_184095291.1	54.762	419	584	89	378	167	2	42	416	204	580	0.0	574
lcl|NC_017455.1_prot_WP_014554119.1_1	GCF_010727475.1_WP_036440986.1	51.421	419	656	90	387	178	2	41	419	267	651	0.0	574
lcl|NC_017455.1_prot_WP_014554119.1_1	GCF_001717565.1_WP_007433890.1	52.381	419	631	89	378	175	2	44	418	253	628	0.0	574
lcl|NC_017455.1_prot_WP_014554119.1_1	GCF_000632985.1_WP_232214995.1	51.276	419	497	99	431	191	5	1	415	66	493	0.0	574
lcl|NC_017455.1_prot_WP_014554119.1_1	GCF_000550785.1_WP_025387717.1	52.646	419	741	88	378	169	2	43	411	347	723	0.0	574
lcl|NC_017455.1_prot_WP_014554119.1_1	GCF_000341345.1_WP_015400646.1	52.785	419	651	88	377	169	2	45	413	260	635	0.0	574
lcl|NC_017455.1_prot_WP_014554119.1_1	GCF_000199675.1_WP_013559361.1	53.664	419	425	99	423	184	4	1	413	1	421	0.0	574
lcl|NC_017455.1_prot_WP_014554119.1_1	GCF_000376705.1_WP_002547887.1	52.910	419	633	89	378	173	2	44	418	255	630	0.0	574
lcl|NC_017455.1_prot_WP_014554119.1_1	GCF_000143685.1_WP_013236912.1	58.856	419	484	87	367	149	2	52	416	110	476	0.0	574
lcl|NC_017455.1_prot_WP_014554119.1_1	GCF_025148125.1_WP_025579236.1	51.174	419	465	99	426	196	3	1	415	37	461	0.0	574
lcl|NC_017455.1_prot_WP_014554119.1_1	GCF_020792675.1_WP_228358176.1	50.877	419	696	89	399	170	2	44	418	292	688	0.0	574
lcl|NC_017455.1_prot_WP_014554119.1_1	GCF_016127955.1_WP_141406713.1	51.139	419	694	89	395	170	3	44	418	292	683	0.0	574
lcl|NC_017455.1_prot_WP_014554119.1_1	GCF_004114895.1_WP_128890015.1	51.459	419	680	88	377	175	2	44	413	292	667	0.0	574
lcl|NC_017455.1_prot_WP_014554119.1_1	GCF_001953175.1_WP_257787734.1	56.086	419	421	99	419	178	2	2	415	1	418	0.0	574
lcl|NC_017455.1_prot_WP_014554119.1_1	GCF_001553565.1_WP_067939288.1	50.378	419	698	89	397	172	4	44	418	290	683	0.0	574
lcl|NC_017455.1_prot_WP_014554119.1_1	GCF_001038625.1_WP_007061652.1	57.796	419	492	88	372	155	2	47	416	113	484	0.0	574
lcl|NC_017455.1_prot_WP_014554119.1_1	GCF_900637725.1_WP_234028392.1	53.684	419	560	90	380	171	2	42	418	179	556	0.0	573
lcl|NC_017455.1_prot_WP_014554119.1_1	GCF_900187295.1_WP_092257093.1	51.316	419	610	89	380	175	2	48	418	221	599	0.0	573
lcl|NC_017455.1_prot_WP_014554119.1_1	GCF_013177295.1_WP_235904915.1	51.250	419	663	90	400	170	3	41	418	255	651	0.0	573
lcl|NC_017455.1_prot_WP_014554119.1_1	GCF_016127855.1_WP_003782964.1	51.145	419	702	89	393	173	2	44	418	300	691	0.0	573
lcl|NC_017455.1_prot_WP_014554119.1_1	GCF_012563545.1_WP_247645208.1	51.823	419	584	90	384	178	2	41	419	198	579	0.0	573
lcl|NC_017455.1_prot_WP_014554119.1_1	GCF_011420305.2_WP_224769082.1	53.175	419	708	89	378	172	2	41	415	330	705	0.0	573
lcl|NC_017455.1_prot_WP_014554119.1_1	GCF_003265305.2_WP_111897892.1	52.957	419	645	88	372	171	3	47	415	275	645	0.0	573
lcl|NC_017455.1_prot_WP_014554119.1_1	GCF_001747425.1_WP_084642674.1	51.571	419	681	90	382	179	2	42	419	298	677	0.0	573
lcl|NC_017455.1_prot_WP_014554119.1_1	GCF_001636295.1_WP_232314378.1	51.562	419	627	88	384	170	3	49	418	234	615	0.0	573
lcl|NC_017455.1_prot_WP_014554119.1_1	GCF_000835165.1_WP_042621226.1	51.989	419	656	88	377	172	2	45	413	265	640	0.0	573
lcl|NC_017455.1_prot_WP_014554119.1_1	GCF_000550805.1_WP_025252578.1	52.895	419	669	89	380	169	2	43	413	278	656	0.0	573
lcl|NC_017455.1_prot_WP_014554119.1_1	GCF_000025605.1_WP_245522250.1	58.293	419	411	96	410	164	4	10	413	1	409	0.0	573
lcl|NC_017455.1_prot_WP_014554119.1_1	GCF_900638565.1_WP_126439298.1	53.052	419	478	97	426	179	4	5	412	52	474	0.0	572
lcl|NC_017455.1_prot_WP_014554119.1_1	GCF_001020985.1_WP_047261784.1	51.436	419	659	89	383	173	2	43	413	263	644	0.0	572
lcl|NC_017455.1_prot_WP_014554119.1_1	GCF_000215645.1_WP_041479335.1	52.455	419	706	89	387	169	2	41	413	308	693	0.0	572
lcl|NC_017455.1_prot_WP_014554119.1_1	GCF_000196115.1_WP_231846488.1	52.392	419	421	98	418	192	4	2	413	1	417	0.0	572
lcl|NC_017455.1_prot_WP_014554119.1_1	GCF_004010955.1_WP_127842466.1	50.886	419	721	89	395	171	3	44	418	317	708	0.0	572
lcl|NC_017455.1_prot_WP_014554119.1_1	GCF_001277995.1_WP_053544649.1	52.646	419	772	88	378	169	2	45	413	380	756	0.0	572
lcl|NC_017455.1_prot_WP_014554119.1_1	GCF_000011305.1_WP_035109471.1	52.219	419	720	88	383	168	2	45	413	323	704	0.0	572
lcl|NC_017455.1_prot_WP_014554119.1_1	GCF_026723765.1_WP_268114949.1	54.211	419	590	89	380	168	3	42	416	209	587	0.0	572
lcl|NC_017455.1_prot_WP_014554119.1_1	GCF_024453815.1_WP_256006495.1	53.476	419	608	87	374	164	2	47	411	218	590	0.0	572
lcl|NC_017455.1_prot_WP_014554119.1_1	GCF_019916025.1_WP_021434200.1	60.383	419	482	87	366	144	1	51	416	116	480	0.0	572
lcl|NC_017455.1_prot_WP_014554119.1_1	GCF_000590555.1_WP_020976573.1	52.674	419	576	87	374	168	2	47	412	189	561	0.0	572
lcl|NC_017455.1_prot_WP_014554119.1_1	GCF_000304215.1_WP_015022508.1	51.969	419	635	89	381	175	2	41	415	251	629	0.0	572
lcl|NC_017455.1_prot_WP_014554119.1_1	GCF_000063585.1_WP_011947979.1	59.677	419	481	88	372	148	2	47	416	103	474	0.0	572
lcl|NC_017455.1_prot_WP_014554119.1_1	GCF_003945325.1_WP_125569982.1	52.727	419	576	91	385	177	2	38	419	190	572	0.0	571
lcl|NC_017455.1_prot_WP_014554119.1_1	GCF_003813985.1_WP_123933677.1	52.255	419	633	88	377	172	2	44	413	245	620	0.0	571
lcl|NC_017455.1_prot_WP_014554119.1_1	GCF_002843135.1_WP_014318941.1	52.910	419	687	88	378	166	2	47	413	298	674	0.0	571
lcl|NC_017455.1_prot_WP_014554119.1_1	GCF_000418365.1_WP_211213209.1	51.579	419	633	88	380	171	2	46	413	243	621	0.0	571
lcl|NC_017455.1_prot_WP_014554119.1_1	GCF_000196455.1_WP_013362349.1	60.743	419	457	90	377	145	3	38	413	77	451	0.0	571
lcl|NC_017455.1_prot_WP_014554119.1_1	GCF_000183745.1_WP_013457772.1	57.524	419	426	98	412	173	2	3	413	13	423	0.0	571
lcl|NC_017455.1_prot_WP_014554119.1_1	GCF_000146065.2_WP_015424682.1	50.239	419	419	99	418	202	3	1	413	1	417	0.0	571
lcl|NC_017455.1_prot_WP_014554119.1_1	GCF_000023145.1_WP_012731918.1	50.785	419	673	88	382	175	2	44	413	279	659	0.0	571
lcl|NC_017455.1_prot_WP_014554119.1_1	GCF_900637975.1_WP_126413987.1	51.139	419	711	89	395	170	3	44	418	309	700	0.0	571
lcl|NC_017455.1_prot_WP_014554119.1_1	GCF_020911725.1_WP_267890564.1	49.573	419	474	99	468	182	4	2	415	1	468	0.0	571
lcl|NC_017455.1_prot_WP_014554119.1_1	GCF_019357495.1_WP_183673997.1	57.073	419	427	98	410	173	2	7	415	10	417	0.0	571
lcl|NC_017455.1_prot_WP_014554119.1_1	GCF_014672715.2_WP_102331004.1	56.325	419	451	99	419	177	2	2	415	31	448	0.0	571
lcl|NC_017455.1_prot_WP_014554119.1_1	GCF_009730315.1_WP_004632617.1	52.415	419	422	98	414	193	3	7	418	10	421	0.0	571
lcl|NC_017455.1_prot_WP_014554119.1_1	GCF_007747215.1_WP_145234733.1	55.048	419	499	98	416	181	3	4	414	83	497	0.0	570
lcl|NC_017455.1_prot_WP_014554119.1_1	GCF_003813965.1_WP_123927260.1	51.429	419	693	89	385	174	2	41	413	294	677	0.0	570
lcl|NC_017455.1_prot_WP_014554119.1_1	GCF_002216795.1_WP_089064071.1	50.500	419	672	89	400	171	2	44	418	267	664	0.0	570
lcl|NC_017455.1_prot_WP_014554119.1_1	GCF_002076915.1_WP_080462502.1	50.500	419	651	90	400	173	3	41	418	244	640	0.0	570
lcl|NC_017455.1_prot_WP_014554119.1_1	GCF_001865765.1_WP_013241693.1	52.455	419	714	89	387	169	2	41	413	316	701	0.0	570
lcl|NC_017455.1_prot_WP_014554119.1_1	GCF_902381765.1_WP_040356027.1	52.646	419	738	88	378	169	2	43	411	344	720	0.0	570
lcl|NC_017455.1_prot_WP_014554119.1_1	GCF_900637955.1_WP_126417296.1	52.520	419	549	88	377	170	3	46	415	169	543	0.0	570
lcl|NC_017455.1_prot_WP_014554119.1_1	GCF_014218355.1_WP_185257859.1	56.032	419	531	88	373	160	2	47	416	156	527	0.0	570
lcl|NC_017455.1_prot_WP_014554119.1_1	GCF_004015185.1_WP_128212232.1	61.475	419	495	87	366	139	2	52	415	122	487	0.0	570
lcl|NC_017455.1_prot_WP_014554119.1_1	GCF_002162115.2_WP_087453794.1	52.332	419	717	89	386	169	2	42	413	320	704	0.0	570
lcl|NC_017455.1_prot_WP_014554119.1_1	GCF_900638055.1_WP_003144706.1	52.174	419	422	98	414	194	3	7	418	10	421	0.0	570
lcl|NC_017455.1_prot_WP_014554119.1_1	GCF_020546685.1_WP_227086029.1	53.976	419	416	98	415	187	3	2	413	1	414	0.0	570
lcl|NC_017455.1_prot_WP_014554119.1_1	GCF_017348895.1_WP_167865801.1	58.856	419	539	87	367	149	2	47	411	163	529	0.0	570
lcl|NC_017455.1_prot_WP_014554119.1_1	GCF_014395785.1_WP_223164083.1	52.493	419	685	90	381	176	2	41	418	300	678	0.0	570
lcl|NC_017455.1_prot_WP_014554119.1_1	GCF_023516435.1_WP_249773749.1	53.018	419	761	90	381	176	1	42	419	377	757	0.0	569
lcl|NC_017455.1_prot_WP_014554119.1_1	GCF_011038645.2_WP_165002139.1	51.862	419	661	88	376	171	2	45	411	269	643	0.0	569
lcl|NC_017455.1_prot_WP_014554119.1_1	GCF_002407185.1_WP_218192307.1	50.500	419	674	89	400	171	2	44	418	269	666	0.0	569
lcl|NC_017455.1_prot_WP_014554119.1_1	GCF_901538265.1_WP_162667796.1	54.567	419	491	98	416	183	3	4	414	75	489	0.0	569
lcl|NC_017455.1_prot_WP_014554119.1_1	GCF_900465355.1_WP_231944229.1	52.542	419	413	98	413	192	4	4	414	1	411	0.0	569
lcl|NC_017455.1_prot_WP_014554119.1_1	GCF_018324205.1_WP_189328681.1	51.706	419	664	90	381	177	3	44	419	285	663	0.0	569
lcl|NC_017455.1_prot_WP_014554119.1_1	GCF_014337195.1_WP_249301354.1	49.888	419	448	98	445	189	3	5	416	3	446	0.0	569
lcl|NC_017455.1_prot_WP_014554119.1_1	GCF_000706765.1_WP_033491182.1	50.649	419	644	90	385	182	2	41	419	260	642	0.0	569
lcl|NC_017455.1_prot_WP_014554119.1_1	GCF_000204155.1_WP_013735653.1	51.451	419	680	89	379	178	2	45	419	303	679	0.0	569
lcl|NC_017455.1_prot_WP_014554119.1_1	GCF_011764545.1_WP_173039492.1	52.895	419	628	90	380	173	2	44	419	250	627	0.0	569
lcl|NC_017455.1_prot_WP_014554119.1_1	GCF_011492945.1_WP_166176311.1	56.499	419	508	90	377	162	2	41	416	131	506	0.0	569
lcl|NC_017455.1_prot_WP_014554119.1_1	GCF_003568865.1_WP_119068341.1	55.053	419	497	89	376	167	2	42	416	122	496	0.0	569
lcl|NC_017455.1_prot_WP_014554119.1_1	GCF_014898195.1_WP_033502623.1	51.872	419	687	88	374	172	2	46	413	309	680	0.0	568
lcl|NC_017455.1_prot_WP_014554119.1_1	GCF_014490555.1_WP_186337529.1	52.255	419	618	88	377	170	2	43	410	223	598	0.0	568
lcl|NC_017455.1_prot_WP_014554119.1_1	GCF_017352215.1_WP_246798103.1	57.025	419	530	99	363	155	1	53	415	167	528	0.0	568
lcl|NC_017455.1_prot_WP_014554119.1_1	GCF_017352215.1_WP_246798103.1	29.286	419	530	99	140	80	2	2	123	1	139	4.01e-18	94.1
lcl|NC_017455.1_prot_WP_014554119.1_1	GCF_011067105.1_WP_017869108.1	54.612	419	425	98	412	183	3	5	413	13	423	0.0	568
lcl|NC_017455.1_prot_WP_014554119.1_1	GCF_007641235.1_WP_144318425.1	52.674	419	643	87	374	167	2	47	411	253	625	0.0	568
lcl|NC_017455.1_prot_WP_014554119.1_1	GCF_000577895.1_WP_156930545.1	57.692	419	479	87	364	153	1	52	414	111	474	0.0	568
lcl|NC_017455.1_prot_WP_014554119.1_1	GCF_011492965.1_WP_166396376.1	57.825	419	516	90	377	157	2	41	416	139	514	0.0	567
lcl|NC_017455.1_prot_WP_014554119.1_1	GCF_009734405.1_WP_156227697.1	51.862	419	714	88	376	172	2	46	413	324	698	0.0	567
lcl|NC_017455.1_prot_WP_014554119.1_1	GCF_003030905.1_WP_233430043.1	50.394	419	659	89	381	181	2	41	415	272	650	0.0	567
lcl|NC_017455.1_prot_WP_014554119.1_1	GCF_000737865.1_WP_033498352.1	50.649	419	644	90	385	182	2	41	419	260	642	0.0	567
lcl|NC_017455.1_prot_WP_014554119.1_1	GCF_000212735.1_WP_013766400.1	56.117	419	695	89	376	160	3	43	414	320	694	0.0	567
lcl|NC_017455.1_prot_WP_014554119.1_1	GCF_000146185.1_WP_041688175.1	55.291	419	478	89	378	164	3	42	415	98	474	0.0	567
lcl|NC_017455.1_prot_WP_014554119.1_1	GCF_000020685.1_WP_012693193.1	55.718	419	424	97	411	178	3	6	413	12	421	0.0	567
lcl|NC_017455.1_prot_WP_014554119.1_1	GCF_023973165.1_WP_252674059.1	51.823	419	564	90	384	178	2	41	419	178	559	0.0	567
lcl|NC_017455.1_prot_WP_014554119.1_1	GCF_003814005.1_WP_123960400.1	51.724	419	692	88	377	174	2	44	413	304	679	0.0	567
lcl|NC_017455.1_prot_WP_014554119.1_1	GCF_000143845.1_WP_013251616.1	52.857	419	683	99	420	193	5	2	418	260	677	0.0	567
lcl|NC_017455.1_prot_WP_014554119.1_1	GCF_020616335.1_WP_227282621.1	53.600	419	620	88	375	165	2	47	413	230	603	0.0	567
lcl|NC_017455.1_prot_WP_014554119.1_1	GCF_017603605.1_WP_193327764.1	51.724	419	560	88	377	173	2	46	415	180	554	0.0	567
lcl|NC_017455.1_prot_WP_014554119.1_1	GCF_001042695.1_WP_081442844.1	51.187	419	711	89	379	177	2	41	413	328	704	0.0	567
lcl|NC_017455.1_prot_WP_014554119.1_1	GCF_003491185.1_WP_103016621.1	57.487	419	468	89	374	156	2	43	414	96	468	0.0	566
lcl|NC_017455.1_prot_WP_014554119.1_1	GCF_003444775.1_WP_027462631.1	54.745	419	425	97	411	182	3	6	413	13	422	0.0	566
lcl|NC_017455.1_prot_WP_014554119.1_1	GCF_000344785.1_WP_015650991.1	52.493	419	792	88	381	168	2	45	413	397	776	0.0	566
lcl|NC_017455.1_prot_WP_014554119.1_1	GCF_000025225.2_WP_012992956.1	59.557	419	789	86	361	145	1	54	414	408	767	0.0	566
lcl|NC_017455.1_prot_WP_014554119.1_1	GCF_900475915.1_WP_049765883.1	53.298	419	563	89	379	170	3	46	419	182	558	0.0	566
lcl|NC_017455.1_prot_WP_014554119.1_1	GCF_028609865.1_WP_042406491.1	51.842	419	612	89	380	173	2	41	411	216	594	0.0	566
lcl|NC_017455.1_prot_WP_014554119.1_1	GCF_014595995.2_WP_166855228.1	50.746	419	664	90	402	172	3	41	419	252	650	0.0	566
lcl|NC_017455.1_prot_WP_014554119.1_1	GCF_000597865.1_WP_025434711.1	56.296	419	473	97	405	175	2	12	416	70	472	0.0	566
lcl|NC_017455.1_prot_WP_014554119.1_1	GCF_000144625.1_WP_013271163.1	54.211	419	538	89	380	168	3	42	416	157	535	0.0	566
lcl|NC_017455.1_prot_WP_014554119.1_1	GCF_000021945.1_WP_041470415.1	58.602	419	422	89	372	153	1	45	416	50	420	0.0	566
lcl|NC_017455.1_prot_WP_014554119.1_1	GCF_000020965.1_WP_012548062.1	53.043	419	472	98	460	164	3	2	411	1	458	0.0	566
lcl|NC_017455.1_prot_WP_014554119.1_1	GCF_014490575.1_WP_151841815.1	50.392	419	610	88	383	175	2	45	413	216	597	0.0	565
lcl|NC_017455.1_prot_WP_014554119.1_1	GCF_014127485.1_WP_182523843.1	52.493	419	675	90	381	176	2	41	418	291	669	0.0	565
lcl|NC_017455.1_prot_WP_014554119.1_1	GCF_010669305.1_WP_163065107.1	56.764	419	496	89	377	160	3	41	415	111	486	0.0	565
lcl|NC_017455.1_prot_WP_014554119.1_1	GCF_018324255.1_WP_212827024.1	52.105	419	654	90	380	176	2	44	419	276	653	0.0	565
lcl|NC_017455.1_prot_WP_014554119.1_1	GCF_009734425.1_WP_156230619.1	51.444	419	749	89	381	174	3	43	413	354	733	0.0	565
lcl|NC_017455.1_prot_WP_014554119.1_1	GCF_001263395.1_WP_033504865.1	52.105	419	644	89	380	174	2	46	419	264	641	0.0	565
lcl|NC_017455.1_prot_WP_014554119.1_1	GCF_000767055.1_WP_018022187.1	52.116	419	612	88	378	171	2	45	413	220	596	0.0	565
lcl|NC_017455.1_prot_WP_014554119.1_1	GCF_025151995.1_WP_028529697.1	55.200	419	448	89	375	164	2	44	415	71	444	0.0	565
lcl|NC_017455.1_prot_WP_014554119.1_1	GCF_016904675.1_WP_204425690.1	52.344	419	565	90	384	176	2	41	419	179	560	0.0	565
lcl|NC_017455.1_prot_WP_014554119.1_1	GCF_011764565.1_WP_173155954.1	52.632	419	631	90	380	174	2	44	419	253	630	0.0	565
lcl|NC_017455.1_prot_WP_014554119.1_1	GCF_000494755.1_WP_023562079.1	51.823	419	733	90	384	175	3	44	419	351	732	0.0	565
lcl|NC_017455.1_prot_WP_014554119.1_1	GCF_000284295.1_WP_041830272.1	51.832	419	722	90	382	176	3	44	419	342	721	0.0	565
lcl|NC_017455.1_prot_WP_014554119.1_1	GCF_000177535.2_WP_042379350.1	51.187	419	657	88	379	174	2	45	413	268	645	0.0	565
lcl|NC_017455.1_prot_WP_014554119.1_1	GCF_019977655.1_WP_224036161.1	59.128	419	536	87	367	148	2	47	411	165	531	0.0	564
lcl|NC_017455.1_prot_WP_014554119.1_1	GCF_009831375.1_WP_004840450.1	50.452	419	445	99	442	190	4	2	415	1	441	0.0	564
lcl|NC_017455.1_prot_WP_014554119.1_1	GCF_001643015.1_WP_066565269.1	51.571	419	762	89	382	174	2	42	413	366	746	0.0	564
lcl|NC_017455.1_prot_WP_014554119.1_1	GCF_000980815.1_WP_046453330.1	51.579	419	666	89	380	174	2	43	413	272	650	0.0	564
lcl|NC_017455.1_prot_WP_014554119.1_1	GCF_000196275.1_WP_011530238.1	55.231	419	425	97	411	180	3	6	413	13	422	0.0	564
lcl|NC_017455.1_prot_WP_014554119.1_1	GCF_028768405.1_WP_274476714.1	52.243	419	678	89	379	175	2	45	419	301	677	0.0	564
lcl|NC_017455.1_prot_WP_014554119.1_1	GCF_002074155.1_WP_039635153.1	59.730	419	487	88	370	148	1	47	415	111	480	0.0	564
lcl|NC_017455.1_prot_WP_014554119.1_1	GCF_001586235.1_WP_062041133.1	52.368	419	600	89	380	171	2	43	413	206	584	0.0	564
lcl|NC_017455.1_prot_WP_014554119.1_1	GCF_000018685.1_WP_012198440.1	54.424	419	650	88	373	166	2	47	416	277	648	0.0	564
lcl|NC_017455.1_prot_WP_014554119.1_1	GCF_014522205.1_WP_187975790.1	51.302	419	620	89	384	175	2	46	418	227	609	0.0	563
lcl|NC_017455.1_prot_WP_014554119.1_1	GCF_001997295.1_WP_077344241.1	52.105	419	550	90	380	177	2	42	418	169	546	0.0	563
lcl|NC_017455.1_prot_WP_014554119.1_1	GCF_000016425.1_WP_080516605.1	51.842	419	710	90	380	177	2	44	419	332	709	0.0	563
lcl|NC_017455.1_prot_WP_014554119.1_1	GCF_020735365.1_WP_021652109.1	56.233	419	506	89	377	161	2	42	415	127	502	0.0	563
lcl|NC_017455.1_prot_WP_014554119.1_1	GCF_016599755.1_WP_023021760.1	52.243	419	615	88	379	171	2	44	413	222	599	0.0	563
lcl|NC_017455.1_prot_WP_014554119.1_1	GCF_001042675.1_WP_006289569.1	50.789	419	823	89	380	179	2	42	415	441	818	0.0	563
lcl|NC_017455.1_prot_WP_014554119.1_1	GCF_023520795.1_WP_035108616.1	51.451	419	627	88	379	174	2	44	413	234	611	0.0	562
lcl|NC_017455.1_prot_WP_014554119.1_1	GCF_016591975.1_WP_271714956.1	54.424	419	505	88	373	166	2	47	416	130	501	0.0	562
lcl|NC_017455.1_prot_WP_014554119.1_1	GCF_011038655.2_WP_165009071.1	51.715	419	639	88	379	173	2	44	413	246	623	0.0	562
lcl|NC_017455.1_prot_WP_014554119.1_1	GCF_003070865.1_WP_108405054.1	52.800	419	604	87	375	167	2	46	411	213	586	0.0	562
lcl|NC_017455.1_prot_WP_014554119.1_1	GCF_001941465.1_WP_075729613.1	52.507	419	616	88	379	170	2	44	413	223	600	0.0	562
lcl|NC_017455.1_prot_WP_014554119.1_1	GCF_000018865.1_WP_242604925.1	57.713	419	415	90	376	158	1	41	416	39	413	0.0	562
lcl|NC_017455.1_prot_WP_014554119.1_1	GCF_019316905.1_WP_255556301.1	53.158	419	601	90	380	173	2	42	418	220	597	0.0	562
lcl|NC_017455.1_prot_WP_014554119.1_1	GCF_003065405.1_WP_108431725.1	52.394	419	529	88	376	169	2	47	413	139	513	0.0	562
lcl|NC_017455.1_prot_WP_014554119.1_1	GCF_001620305.1_WP_230591461.1	51.948	419	720	90	385	177	2	41	419	334	716	0.0	562
lcl|NC_017455.1_prot_WP_014554119.1_1	GCF_000747315.1_WP_038611072.1	52.646	419	628	88	378	169	2	43	411	234	610	0.0	562
lcl|NC_017455.1_prot_WP_014554119.1_1	GCF_000252445.1_WP_226991498.1	53.735	419	417	98	415	188	3	2	413	1	414	0.0	562
lcl|NC_017455.1_prot_WP_014554119.1_1	GCF_016728105.1_WP_005532045.1	52.105	419	667	89	380	172	2	43	413	273	651	0.0	562
lcl|NC_017455.1_prot_WP_014554119.1_1	GCF_013128195.2_WP_171472178.1	54.567	419	503	98	416	183	3	4	414	87	501	0.0	562
lcl|NC_017455.1_prot_WP_014554119.1_1	GCF_008254045.1_WP_218575443.1	54.676	419	456	98	417	183	3	3	414	39	454	0.0	562
lcl|NC_017455.1_prot_WP_014554119.1_1	GCF_004795735.1_WP_136141002.1	52.116	419	684	88	378	171	2	43	411	290	666	0.0	562
lcl|NC_017455.1_prot_WP_014554119.1_1	GCF_002234575.2_WP_002566710.1	53.175	419	565	89	378	171	3	44	416	186	562	0.0	562
lcl|NC_017455.1_prot_WP_014554119.1_1	GCF_000612055.1_WP_051505955.1	51.194	419	566	88	377	175	3	46	415	186	560	0.0	562
lcl|NC_017455.1_prot_WP_014554119.1_1	GCF_000317835.1_WP_041231730.1	53.735	419	417	98	415	188	3	2	413	1	414	0.0	562
lcl|NC_017455.1_prot_WP_014554119.1_1	GCF_900120345.1_WP_076778308.1	57.105	419	482	88	373	156	2	47	416	108	479	0.0	561
lcl|NC_017455.1_prot_WP_014554119.1_1	GCF_002761235.1_WP_099720859.1	49.870	419	651	90	385	183	3	41	419	264	644	0.0	561
lcl|NC_017455.1_prot_WP_014554119.1_1	GCF_000196555.1_WP_007056503.1	51.989	419	689	89	377	173	2	43	413	302	676	0.0	561
lcl|NC_017455.1_prot_WP_014554119.1_1	GCF_000022905.1_WP_010187087.1	51.842	419	646	89	380	173	2	43	413	252	630	0.0	561
lcl|NC_017455.1_prot_WP_014554119.1_1	GCF_014489575.1_WP_226966122.1	53.158	419	633	90	380	173	2	42	418	252	629	0.0	561
lcl|NC_017455.1_prot_WP_014554119.1_1	GCF_014337215.1_WP_118644998.1	56.183	419	463	88	372	159	2	47	415	89	459	0.0	561
lcl|NC_017455.1_prot_WP_014554119.1_1	GCF_003353065.1_WP_114983908.1	54.593	419	758	90	381	168	4	38	415	380	758	0.0	561
lcl|NC_017455.1_prot_WP_014554119.1_1	GCF_902387955.1_WP_014080067.1	54.762	419	471	89	378	167	2	41	415	91	467	0.0	560
lcl|NC_017455.1_prot_WP_014554119.1_1	GCF_900187235.1_WP_012359955.1	49.868	419	573	89	379	181	2	43	413	184	561	0.0	560
lcl|NC_017455.1_prot_WP_014554119.1_1	GCF_016728365.1_WP_179386375.1	52.243	419	615	88	379	171	2	44	413	222	599	0.0	560
lcl|NC_017455.1_prot_WP_014554119.1_1	GCF_009002475.1_WP_151966718.1	58.242	419	397	86	364	148	3	52	412	27	389	0.0	560
lcl|NC_017455.1_prot_WP_014554119.1_1	GCF_003612775.1_WP_120573344.1	52.243	419	700	89	379	175	2	45	419	323	699	0.0	560
lcl|NC_017455.1_prot_WP_014554119.1_1	GCF_001644565.1_WP_064014648.1	54.745	419	426	97	411	182	3	6	413	14	423	0.0	560
lcl|NC_017455.1_prot_WP_014554119.1_1	GCF_001042635.1_WP_033517941.1	50.394	419	698	89	381	181	2	41	415	310	688	0.0	560
lcl|NC_017455.1_prot_WP_014554119.1_1	GCF_001007995.1_WP_046844659.1	54.258	419	424	97	411	184	3	6	413	12	421	0.0	560
lcl|NC_017455.1_prot_WP_014554119.1_1	GCF_028609845.1_WP_112769224.1	49.476	419	621	88	382	178	2	46	413	229	609	0.0	560
lcl|NC_017455.1_prot_WP_014554119.1_1	GCF_018398935.1_WP_261352949.1	55.904	419	472	98	415	177	3	4	413	57	470	0.0	560
lcl|NC_017455.1_prot_WP_014554119.1_1	GCF_016628735.2_WP_121911001.1	51.715	419	616	88	379	173	2	44	413	223	600	0.0	560
lcl|NC_017455.1_prot_WP_014554119.1_1	GCF_014262665.1_WP_186276716.1	49.614	419	641	89	389	179	2	41	413	241	628	0.0	560
lcl|NC_017455.1_prot_WP_014554119.1_1	GCF_009671205.1_WP_154228431.1	51.706	419	678	89	381	176	2	45	419	299	677	0.0	560
lcl|NC_017455.1_prot_WP_014554119.1_1	GCF_003966975.1_WP_116225126.1	53.081	419	424	98	422	186	4	2	413	1	420	0.0	560
lcl|NC_017455.1_prot_WP_014554119.1_1	GCF_001507665.1_WP_062157959.1	54.258	419	424	97	411	184	3	6	413	12	421	0.0	560
lcl|NC_017455.1_prot_WP_014554119.1_1	GCF_000145235.1_WP_013288274.1	52.243	419	701	89	379	175	2	45	419	324	700	0.0	560
lcl|NC_017455.1_prot_WP_014554119.1_1	GCF_900184705.1_WP_087862793.1	54.028	419	424	98	422	182	4	2	413	1	420	0.0	560
lcl|NC_017455.1_prot_WP_014554119.1_1	GCF_004208415.1_WP_129889976.1	60.054	419	419	87	368	143	2	51	415	50	416	0.0	560
lcl|NC_017455.1_prot_WP_014554119.1_1	GCF_003971195.1_WP_126703921.1	50.649	419	622	89	385	178	3	44	418	233	615	0.0	560
lcl|NC_017455.1_prot_WP_014554119.1_1	GCF_002287505.1_WP_095659769.1	52.116	419	629	88	378	171	2	43	411	235	611	0.0	560
lcl|NC_017455.1_prot_WP_014554119.1_1	GCF_000800395.1_WP_139404155.1	53.902	419	430	97	410	185	3	5	411	17	425	0.0	560
lcl|NC_017455.1_prot_WP_014554119.1_1	GCF_900478035.1_WP_231913608.1	51.832	419	607	89	382	174	2	41	413	211	591	0.0	559
lcl|NC_017455.1_prot_WP_014554119.1_1	GCF_003711105.1_WP_122981075.1	51.969	419	702	90	381	176	3	44	419	323	701	0.0	559
lcl|NC_017455.1_prot_WP_014554119.1_1	GCF_003287895.1_WP_111920434.1	51.932	419	472	98	414	194	3	5	415	57	468	0.0	559
lcl|NC_017455.1_prot_WP_014554119.1_1	GCF_001025155.1_WP_033509121.1	51.733	419	654	88	375	173	2	45	413	269	641	0.0	559
lcl|NC_017455.1_prot_WP_014554119.1_1	GCF_025148285.1_WP_006860153.1	56.383	419	482	89	376	160	2	43	415	104	478	0.0	559
lcl|NC_017455.1_prot_WP_014554119.1_1	GCF_020097615.1_WP_224207496.1	50.526	419	612	88	380	175	2	46	413	221	599	0.0	559
lcl|NC_017455.1_prot_WP_014554119.1_1	GCF_002282915.1_WP_095508132.1	49.870	419	635	90	385	183	3	41	419	245	625	0.0	559
lcl|NC_017455.1_prot_WP_014554119.1_1	GCF_014764405.1_WP_117225991.1	51.979	419	643	89	379	176	2	45	419	266	642	0.0	559
lcl|NC_017455.1_prot_WP_014554119.1_1	GCF_003546865.1_WP_118989555.1	57.005	419	422	99	414	176	2	3	415	6	418	0.0	559
lcl|NC_017455.1_prot_WP_014554119.1_1	GCF_001941485.1_WP_211272322.1	52.800	419	612	88	375	168	2	47	413	223	596	0.0	559
lcl|NC_017455.1_prot_WP_014554119.1_1	GCF_000092425.1_WP_041948001.1	56.659	419	415	98	413	177	2	2	413	1	412	0.0	559
lcl|NC_017455.1_prot_WP_014554119.1_1	GCF_000021645.1_WP_012583445.1	52.165	419	474	98	462	167	4	2	411	1	460	0.0	559
lcl|NC_017455.1_prot_WP_014554119.1_1	GCF_900659885.1_WP_256094463.1	54.111	419	607	89	377	168	2	45	418	229	603	0.0	558
lcl|NC_017455.1_prot_WP_014554119.1_1	GCF_014898155.1_WP_094635855.1	50.390	419	691	90	385	183	2	41	419	303	685	0.0	558
lcl|NC_017455.1_prot_WP_014554119.1_1	GCF_014069875.1_WP_259365237.1	50.000	419	617	89	388	179	3	44	418	228	613	0.0	558
lcl|NC_017455.1_prot_WP_014554119.1_1	GCF_009649955.1_WP_153724556.1	15.691	419	471	97	427	320	12	12	418	2	408	0.0	558
lcl|NC_017455.1_prot_WP_014554119.1_1	GCF_001941565.1_WP_075734609.1	52.105	419	726	89	380	172	2	43	413	332	710	0.0	558
lcl|NC_017455.1_prot_WP_014554119.1_1	GCF_025244745.1_WP_260561871.1	54.458	419	417	98	415	185	3	2	413	1	414	0.0	558
lcl|NC_017455.1_prot_WP_014554119.1_1	GCF_014337175.1_WP_022153878.1	55.348	419	503	89	374	163	2	45	415	127	499	0.0	558
lcl|NC_017455.1_prot_WP_014554119.1_1	GCF_028622095.1_WP_273988260.1	54.768	419	425	97	409	181	3	6	411	13	420	0.0	557
lcl|NC_017455.1_prot_WP_014554119.1_1	GCF_025997855.1_WP_264777410.1	54.217	419	417	98	415	186	3	2	413	1	414	0.0	557
lcl|NC_017455.1_prot_WP_014554119.1_1	GCF_019704135.1_WP_264082179.1	18.396	419	483	97	424	309	11	12	418	17	420	0.0	557
lcl|NC_017455.1_prot_WP_014554119.1_1	GCF_019203185.1_WP_218283401.1	16.941	419	464	97	425	311	12	11	418	3	402	0.0	557
lcl|NC_017455.1_prot_WP_014554119.1_1	GCF_016728645.1_WP_201839427.1	51.015	419	649	89	394	170	2	42	413	241	633	0.0	557
lcl|NC_017455.1_prot_WP_014554119.1_1	GCF_003173015.1_WP_109826703.1	54.988	419	426	97	411	181	3	6	413	14	423	0.0	557
lcl|NC_017455.1_prot_WP_014554119.1_1	GCF_000012885.1_WP_011342926.1	18.009	419	468	97	422	309	11	14	418	4	405	0.0	557
lcl|NC_017455.1_prot_WP_014554119.1_1	GCF_000012885.1_WP_011340673.1	18.009	419	468	97	422	309	11	14	418	4	405	0.0	557
lcl|NC_017455.1_prot_WP_014554119.1_1	GCF_020541885.1_WP_226856875.1	50.394	419	716	89	381	181	2	41	415	327	705	0.0	557
lcl|NC_017455.1_prot_WP_014554119.1_1	GCF_014898175.1_WP_072724641.1	50.390	419	675	90	385	183	2	41	419	287	669	0.0	557
lcl|NC_017455.1_prot_WP_014554119.1_1	GCF_002222595.2_WP_003022635.1	50.476	419	451	99	420	197	6	2	418	37	448	0.0	557
lcl|NC_017455.1_prot_WP_014554119.1_1	GCF_001887775.1_WP_072284191.1	17.925	419	468	97	424	311	11	12	418	2	405	0.0	557
lcl|NC_017455.1_prot_WP_014554119.1_1	GCF_001543105.1_WP_060776803.1	54.722	419	431	99	413	185	2	1	413	14	424	0.0	557
lcl|NC_017455.1_prot_WP_014554119.1_1	GCF_000212395.1_WP_013756290.1	57.724	419	533	88	369	155	1	45	413	159	526	0.0	557
lcl|NC_017455.1_prot_WP_014554119.1_1	GCF_900537995.1_WP_006859132.1	55.645	419	501	88	372	161	2	47	415	127	497	0.0	557
lcl|NC_017455.1_prot_WP_014554119.1_1	GCF_013389765.1_WP_178066254.1	51.842	419	696	90	380	177	2	44	419	318	695	0.0	556
lcl|NC_017455.1_prot_WP_014554119.1_1	GCF_000732945.1_WP_038605845.1	51.181	419	618	89	381	177	2	41	413	223	602	0.0	556
lcl|NC_017455.1_prot_WP_014554119.1_1	GCF_000145275.1_WP_013291822.1	59.030	419	483	88	371	151	1	47	416	112	482	0.0	556
lcl|NC_017455.1_prot_WP_014554119.1_1	GCF_000024285.1_WP_012811970.1	17.021	419	467	97	423	312	12	12	417	2	402	0.0	556
lcl|NC_017455.1_prot_WP_014554119.1_1	GCF_900312975.1_WP_197710842.1	50.567	419	445	98	441	188	3	5	416	3	442	0.0	556
lcl|NC_017455.1_prot_WP_014554119.1_1	GCF_025149125.1_WP_007706262.1	53.968	419	612	89	378	168	3	44	416	233	609	0.0	556
lcl|NC_017455.1_prot_WP_014554119.1_1	GCF_003952265.1_WP_126040202.1	50.643	419	650	89	389	176	2	45	419	261	647	0.0	556
lcl|NC_017455.1_prot_WP_014554119.1_1	GCF_003860465.1_WP_124868142.1	54.988	419	426	97	411	181	3	6	413	14	423	0.0	555
lcl|NC_017455.1_prot_WP_014554119.1_1	GCF_003710085.1_WP_206422815.1	52.493	419	667	90	381	176	2	41	418	283	661	0.0	555
lcl|NC_017455.1_prot_WP_014554119.1_1	GCF_000018685.1_WP_012201731.1	16.129	419	472	99	434	323	12	2	418	1	410	0.0	555
lcl|NC_017455.1_prot_WP_014554119.1_1	GCF_016728665.1_WP_018120007.1	53.067	419	690	87	375	164	3	49	413	304	676	0.0	555
lcl|NC_017455.1_prot_WP_014554119.1_1	GCF_001991075.2_WP_054200390.1	55.438	419	494	89	377	166	2	43	417	117	493	0.0	555
lcl|NC_017455.1_prot_WP_014554119.1_1	GCF_028751525.1_WP_274457080.1	17.258	419	468	97	423	311	12	12	417	2	402	0.0	554
lcl|NC_017455.1_prot_WP_014554119.1_1	GCF_018389405.1_WP_091858133.1	56.649	419	658	89	376	158	3	43	414	283	657	0.0	554
lcl|NC_017455.1_prot_WP_014554119.1_1	GCF_001021065.1_WP_047259383.1	51.571	419	527	89	382	175	2	41	413	131	511	0.0	554
lcl|NC_017455.1_prot_WP_014554119.1_1	GCF_000807675.2_WP_038352810.1	55.759	419	617	90	382	165	2	35	413	231	611	0.0	554
lcl|NC_017455.1_prot_WP_014554119.1_1	GCF_000807675.2_WP_038352810.1	39.506	419	617	90	81	48	1	41	121	143	222	1.04e-11	74.4
lcl|NC_017455.1_prot_WP_014554119.1_1	GCF_018326425.1_WP_212773502.1	17.882	419	469	97	425	310	12	13	418	3	407	0.0	554
lcl|NC_017455.1_prot_WP_014554119.1_1	GCF_009026825.1_WP_151903042.1	49.871	419	607	89	389	179	2	40	413	207	594	0.0	554
lcl|NC_017455.1_prot_WP_014554119.1_1	GCF_003057965.1_WP_108309085.1	57.724	419	534	88	369	155	1	45	413	160	527	0.0	554
lcl|NC_017455.1_prot_WP_014554119.1_1	GCF_000190555.1_WP_013614714.1	54.217	419	422	98	415	186	3	2	413	3	416	0.0	554
lcl|NC_017455.1_prot_WP_014554119.1_1	GCF_000152245.2_WP_013381758.1	55.759	419	617	90	382	165	2	35	413	231	611	0.0	554
lcl|NC_017455.1_prot_WP_014554119.1_1	GCF_000152245.2_WP_013381758.1	39.506	419	617	90	81	48	1	41	121	143	222	1.11e-11	74.4
lcl|NC_017455.1_prot_WP_014554119.1_1	GCF_020892115.1_WP_039909699.1	50.676	419	446	99	444	189	3	2	416	1	443	0.0	554
lcl|NC_017455.1_prot_WP_014554119.1_1	GCF_003454775.1_WP_118059182.1	51.732	419	434	99	433	189	2	2	415	1	432	0.0	554
lcl|NC_017455.1_prot_WP_014554119.1_1	GCF_002072065.1_WP_008880693.1	17.925	419	473	96	424	308	13	14	417	4	407	0.0	554
lcl|NC_017455.1_prot_WP_014554119.1_1	GCF_000626675.1_WP_038547714.1	49.737	419	648	88	380	177	2	47	413	257	635	0.0	554
lcl|NC_017455.1_prot_WP_014554119.1_1	GCF_000006605.1_WP_011273828.1	50.928	419	592	88	377	174	2	47	413	204	579	0.0	554
lcl|NC_017455.1_prot_WP_014554119.1_1	GCF_019272935.1_WP_218687949.1	17.882	419	473	97	425	309	13	13	417	3	407	0.0	553
lcl|NC_017455.1_prot_WP_014554119.1_1	GCF_016939435.1_WP_015865310.1	18.075	419	473	97	426	307	14	13	417	3	407	0.0	553
lcl|NC_017455.1_prot_WP_014554119.1_1	GCF_015326725.1_WP_181555393.1	17.840	419	473	97	426	310	13	12	417	2	407	0.0	553
lcl|NC_017455.1_prot_WP_014554119.1_1	GCF_012295505.1_WP_063167197.1	17.925	419	473	96	424	308	13	14	417	4	407	0.0	553
lcl|NC_017455.1_prot_WP_014554119.1_1	GCF_001187595.1_WP_009360959.1	17.136	419	473	97	426	313	13	12	417	2	407	0.0	553
lcl|NC_017455.1_prot_WP_014554119.1_1	GCF_001050115.1_WP_048624232.1	17.412	419	473	97	425	311	13	13	417	3	407	0.0	553
lcl|NC_017455.1_prot_WP_014554119.1_1	GCF_001025195.1_WP_047750684.1	50.131	419	685	89	381	182	2	41	415	296	674	0.0	553
lcl|NC_017455.1_prot_WP_014554119.1_1	GCF_000746025.2_WP_034420592.1	16.432	419	466	98	426	316	12	10	418	1	403	0.0	553
lcl|NC_017455.1_prot_WP_014554119.1_1	GCF_000146185.1_WP_041688829.1	15.457	419	464	98	427	320	12	9	418	2	404	0.0	553
lcl|NC_017455.1_prot_WP_014554119.1_1	GCF_000145035.1_WP_013281114.1	51.654	419	495	93	393	186	2	29	418	103	494	0.0	553
lcl|NC_017455.1_prot_WP_014554119.1_1	GCF_020181435.1_WP_006567599.1	16.235	419	465	97	425	315	12	11	418	4	404	0.0	553
lcl|NC_017455.1_prot_WP_014554119.1_1	GCF_008152325.1_WP_148810388.1	16.941	419	464	97	425	311	12	11	418	3	402	0.0	553
lcl|NC_017455.1_prot_WP_014554119.1_1	GCF_000194135.1_WP_013681999.1	18.545	419	468	98	426	310	11	10	418	1	406	0.0	553
lcl|NC_017455.1_prot_WP_014554119.1_1	GCF_000166695.1_WP_013432368.1	57.662	419	556	90	385	155	3	40	418	174	556	0.0	553
lcl|NC_017455.1_prot_WP_014554119.1_1	GCF_000009785.1_WP_011232825.1	17.689	419	473	96	424	309	13	14	417	4	407	0.0	553
lcl|NC_017455.1_prot_WP_014554119.1_1	GCF_017347585.1_WP_207178287.1	57.662	419	555	90	385	155	3	40	418	173	555	0.0	552
lcl|NC_017455.1_prot_WP_014554119.1_1	GCF_015277515.1_WP_194369991.1	51.074	419	665	99	419	201	4	2	418	244	660	0.0	552
lcl|NC_017455.1_prot_WP_014554119.1_1	GCF_010669205.1_WP_018593783.1	55.172	419	489	89	377	164	3	42	415	111	485	0.0	552
lcl|NC_017455.1_prot_WP_014554119.1_1	GCF_001634285.1_WP_066322636.1	17.176	419	473	97	425	312	13	13	417	3	407	0.0	552
lcl|NC_017455.1_prot_WP_014554119.1_1	GCF_001278055.1_WP_053552220.1	18.160	419	468	97	424	310	11	12	418	2	405	0.0	552
lcl|NC_017455.1_prot_WP_014554119.1_1	GCF_000145215.1_WP_013290749.1	57.662	419	555	90	385	155	3	40	418	173	555	0.0	552
lcl|NC_017455.1_prot_WP_014554119.1_1	GCF_000144625.1_WP_013274560.1	16.509	419	464	97	424	313	12	12	418	5	404	0.0	552
lcl|NC_017455.1_prot_WP_014554119.1_1	GCF_000019045.1_WP_004893005.1	16.901	419	473	97	426	314	13	12	417	2	407	0.0	552
lcl|NC_017455.1_prot_WP_014554119.1_1	GCF_026547205.1_WP_275420306.1	16.197	419	473	97	426	317	13	12	417	2	407	0.0	552
lcl|NC_017455.1_prot_WP_014554119.1_1	GCF_007970465.1_WP_040429919.1	51.316	419	617	89	380	175	2	43	413	226	604	0.0	552
lcl|NC_017455.1_prot_WP_014554119.1_1	GCF_005671335.1_WP_010899879.1	17.136	419	470	97	426	313	13	12	417	2	407	0.0	552
lcl|NC_017455.1_prot_WP_014554119.1_1	GCF_003963515.1_WP_126428846.1	16.901	419	469	97	426	315	12	12	418	2	407	0.0	552
lcl|NC_017455.1_prot_WP_014554119.1_1	GCF_001421015.2_WP_060536550.1	17.217	419	466	97	424	314	11	12	418	2	405	0.0	552
lcl|NC_017455.1_prot_WP_014554119.1_1	GCF_000165505.1_WP_013387900.1	51.816	419	412	98	413	194	3	4	415	1	409	0.0	552
lcl|NC_017455.1_prot_WP_014554119.1_1	GCF_005280655.1_WP_137327414.1	16.000	419	465	97	425	316	12	11	418	4	404	0.0	552
lcl|NC_017455.1_prot_WP_014554119.1_1	GCF_002355375.1_WP_096463515.1	16.076	419	466	97	423	318	11	13	418	3	405	0.0	552
lcl|NC_017455.1_prot_WP_014554119.1_1	GCF_001889165.1_WP_072578187.1	16.981	419	466	97	424	309	13	12	417	2	400	0.0	552
lcl|NC_017455.1_prot_WP_014554119.1_1	GCF_000724625.1_WP_025228151.1	55.039	419	457	92	387	170	3	30	413	64	449	0.0	552
lcl|NC_017455.1_prot_WP_014554119.1_1	GCF_000166355.1_WP_013403549.1	57.662	419	556	90	385	155	3	40	418	174	556	0.0	552
lcl|NC_017455.1_prot_WP_014554119.1_1	GCF_000166335.1_WP_013411839.1	57.662	419	556	90	385	155	3	40	418	174	556	0.0	552
lcl|NC_017455.1_prot_WP_014554119.1_1	GCF_000020725.1_WP_012532376.1	18.160	419	470	97	424	310	11	12	418	4	407	0.0	552
lcl|NC_017455.1_prot_WP_014554119.1_1	GCF_902387955.1_WP_014081232.1	17.021	419	471	97	423	310	12	13	418	11	409	0.0	551
lcl|NC_017455.1_prot_WP_014554119.1_1	GCF_000177635.2_WP_013506845.1	18.676	419	466	97	423	303	11	12	418	2	399	0.0	551
lcl|NC_017455.1_prot_WP_014554119.1_1	GCF_025152405.1_WP_005609527.1	49.552	419	449	99	446	192	3	2	415	1	445	0.0	551
lcl|NC_017455.1_prot_WP_014554119.1_1	GCF_019933155.2_WP_223438639.1	17.606	419	473	97	426	311	13	12	417	2	407	0.0	551
lcl|NC_017455.1_prot_WP_014554119.1_1	GCF_018866245.1_WP_230397959.1	55.108	419	472	88	372	163	2	47	415	98	468	0.0	551
lcl|NC_017455.1_prot_WP_014554119.1_1	GCF_009720625.1_WP_136357126.1	17.412	419	472	97	425	312	13	12	417	2	406	0.0	551
lcl|NC_017455.1_prot_WP_014554119.1_1	GCF_000183405.1_WP_013451706.1	16.901	419	468	98	426	314	12	10	418	1	403	0.0	551
lcl|NC_017455.1_prot_WP_014554119.1_1	GCF_026547225.1_WP_275417449.1	17.136	419	473	97	426	313	13	12	417	2	407	0.0	550
lcl|NC_017455.1_prot_WP_014554119.1_1	GCF_022836935.1_WP_244450188.1	16.705	419	477	98	437	310	12	10	418	1	411	0.0	550
lcl|NC_017455.1_prot_WP_014554119.1_1	GCF_019603355.1_WP_057897409.1	16.312	419	466	97	423	317	11	13	418	3	405	0.0	550
lcl|NC_017455.1_prot_WP_014554119.1_1	GCF_016605985.1_WP_001032588.1	17.217	419	469	97	424	313	12	12	417	2	405	0.0	550
lcl|NC_017455.1_prot_WP_014554119.1_1	GCF_002998925.1_WP_245905557.1	56.383	419	461	89	376	162	2	41	415	83	457	0.0	550
lcl|NC_017455.1_prot_WP_014554119.1_1	GCF_002005165.1_WP_077721056.1	16.235	419	473	97	425	317	12	13	418	3	407	0.0	550
lcl|NC_017455.1_prot_WP_014554119.1_1	GCF_000186385.1_WP_218915648.1	53.494	419	417	98	415	189	3	2	413	1	414	0.0	550
lcl|NC_017455.1_prot_WP_014554119.1_1	GCF_000166775.1_WP_013430577.1	57.662	419	557	90	385	155	3	40	418	175	557	0.0	550
lcl|NC_017455.1_prot_WP_014554119.1_1	GCF_000022325.1_WP_015907576.1	57.662	419	556	90	385	155	3	40	418	174	556	0.0	550
lcl|NC_017455.1_prot_WP_014554119.1_1	GCF_000016545.1_WP_011917041.1	55.335	419	556	95	403	165	3	22	418	163	556	0.0	550
lcl|NC_017455.1_prot_WP_014554119.1_1	GCF_007995155.1_WP_057772852.1	17.606	419	473	97	426	311	13	12	417	2	407	0.0	550
lcl|NC_017455.1_prot_WP_014554119.1_1	GCF_003931855.1_WP_125081966.1	17.217	419	466	97	424	314	11	12	418	2	405	0.0	550
lcl|NC_017455.1_prot_WP_014554119.1_1	GCF_003008515.1_WP_106749673.1	17.045	419	480	99	440	316	12	2	418	1	414	0.0	550
lcl|NC_017455.1_prot_WP_014554119.1_1	GCF_002370195.2_WP_096550335.1	16.509	419	471	97	424	316	12	12	417	2	405	0.0	550
lcl|NC_017455.1_prot_WP_014554119.1_1	GCF_002007565.1_WP_077994074.1	16.210	419	529	98	438	313	12	9	418	52	463	0.0	550
lcl|NC_017455.1_prot_WP_014554119.1_1	GCF_001685395.1_WP_068698507.1	17.217	419	466	97	424	314	11	12	418	2	405	0.0	550
lcl|NC_017455.1_prot_WP_014554119.1_1	GCF_000299355.1_WP_041701342.1	16.393	419	465	98	427	315	12	9	418	2	403	0.0	550
lcl|NC_017455.1_prot_WP_014554119.1_1	GCF_000224985.1_WP_014073031.1	54.079	419	439	99	429	182	7	2	418	6	431	0.0	550
lcl|NC_017455.1_prot_WP_014554119.1_1	GCF_018141025.1_WP_016130966.1	17.453	419	469	97	424	312	12	12	417	2	405	0.0	550
lcl|NC_017455.1_prot_WP_014554119.1_1	GCF_014337155.1_WP_118734038.1	55.438	419	489	89	377	164	2	45	418	110	485	0.0	550
lcl|NC_017455.1_prot_WP_014554119.1_1	GCF_002007485.1_WP_078040173.1	16.401	419	541	98	439	313	12	8	418	63	475	0.0	550
lcl|NC_017455.1_prot_WP_014554119.1_1	GCF_001858005.1_WP_071175831.1	52.756	419	482	90	381	176	2	41	418	102	481	0.0	550
lcl|NC_017455.1_prot_WP_014554119.1_1	GCF_000092125.1_WP_013158461.1	56.901	419	430	98	413	176	2	2	413	16	427	0.0	550
lcl|NC_017455.1_prot_WP_014554119.1_1	GCF_000024225.1_WP_012808620.1	50.000	419	701	98	410	202	3	7	415	284	691	0.0	550
lcl|NC_017455.1_prot_WP_014554119.1_1	GCF_023823875.1_WP_053478552.1	17.371	419	473	97	426	312	13	12	417	2	407	0.0	549
lcl|NC_017455.1_prot_WP_014554119.1_1	GCF_018739485.1_WP_002139020.1	17.217	419	469	97	424	313	12	12	417	2	405	0.0	549
lcl|NC_017455.1_prot_WP_014554119.1_1	GCF_003999255.1_WP_127352138.1	55.335	419	556	95	403	165	3	22	418	163	556	0.0	549
lcl|NC_017455.1_prot_WP_014554119.1_1	GCF_002288525.1_WP_034853045.1	18.182	419	504	97	429	303	11	13	418	35	438	0.0	549
lcl|NC_017455.1_prot_WP_014554119.1_1	GCF_016767175.1_WP_132028100.1	16.432	419	465	98	426	314	12	10	418	2	402	0.0	549
lcl|NC_017455.1_prot_WP_014554119.1_1	GCF_016406105.1_WP_198827796.1	16.901	419	469	97	426	315	12	12	418	2	407	0.0	549
lcl|NC_017455.1_prot_WP_014554119.1_1	GCF_010669145.1_WP_026363767.1	17.568	419	484	99	444	313	13	2	418	1	418	0.0	549
lcl|NC_017455.1_prot_WP_014554119.1_1	GCF_008807735.1_WP_046960137.1	17.217	419	469	97	424	313	12	12	417	2	405	0.0	549
lcl|NC_017455.1_prot_WP_014554119.1_1	GCF_000224965.2_WP_004219125.1	50.660	419	667	89	379	177	3	47	419	283	657	0.0	549
lcl|NC_017455.1_prot_WP_014554119.1_1	GCF_000184705.1_WP_013494599.1	17.217	419	469	97	424	313	12	12	418	5	407	0.0	549
lcl|NC_017455.1_prot_WP_014554119.1_1	GCF_000178835.2_WP_013658578.1	16.509	419	463	97	424	312	13	12	418	4	402	0.0	549
lcl|NC_017455.1_prot_WP_014554119.1_1	GCF_000022265.1_WP_012645545.1	17.453	419	470	97	424	313	11	12	418	4	407	0.0	549
lcl|NC_017455.1_prot_WP_014554119.1_1	GCF_015159595.1_WP_193736326.1	53.495	419	531	88	372	169	2	47	415	157	527	0.0	549
lcl|NC_017455.1_prot_WP_014554119.1_1	GCF_014041995.1_WP_220456863.1	48.615	419	651	90	397	181	3	42	418	254	647	0.0	549
lcl|NC_017455.1_prot_WP_014554119.1_1	GCF_003667905.1_WP_003504956.1	17.568	419	484	99	444	313	13	2	418	1	418	0.0	549
lcl|NC_017455.1_prot_WP_014554119.1_1	GCF_003589745.1_WP_111523869.1	17.096	419	463	98	427	312	12	9	418	2	403	0.0	549
lcl|NC_017455.1_prot_WP_014554119.1_1	GCF_001857945.1_WP_068660201.1	17.217	419	466	97	424	314	11	12	418	2	405	0.0	549
lcl|NC_017455.1_prot_WP_014554119.1_1	GCF_000008445.1_WP_001032600.1	17.217	419	469	97	424	313	12	12	417	2	405	0.0	549
lcl|NC_017455.1_prot_WP_014554119.1_1	GCF_000007985.2_WP_010940789.1	17.453	419	470	97	424	313	11	12	418	4	407	0.0	549
lcl|NC_017455.1_prot_WP_014554119.1_1	GCF_017338855.1_WP_207164654.1	17.217	419	470	97	424	314	11	12	418	4	407	0.0	548
lcl|NC_017455.1_prot_WP_014554119.1_1	GCF_000019945.1_WP_012453380.1	16.667	419	484	99	444	316	12	3	418	4	421	0.0	548
lcl|NC_017455.1_prot_WP_014554119.1_1	GCF_023221575.1_WP_183343906.1	17.925	419	470	97	424	311	11	12	418	4	407	0.0	548
lcl|NC_017455.1_prot_WP_014554119.1_1	GCF_020735465.1_WP_227917843.1	50.120	419	818	99	415	204	3	2	415	397	809	0.0	548
lcl|NC_017455.1_prot_WP_014554119.1_1	GCF_019063885.1_WP_216500167.1	17.925	419	470	97	424	311	11	12	418	4	407	0.0	548
lcl|NC_017455.1_prot_WP_014554119.1_1	GCF_017352215.1_WP_207300642.1	15.566	419	467	97	424	316	12	12	418	4	402	0.0	548
lcl|NC_017455.1_prot_WP_014554119.1_1	GCF_001263205.1_WP_146652860.1	19.026	419	495	97	431	306	11	11	418	15	425	0.0	548
lcl|NC_017455.1_prot_WP_014554119.1_1	GCF_000019165.1_WP_012281999.1	17.056	419	471	97	428	314	12	12	418	2	409	0.0	548
lcl|NC_017455.1_prot_WP_014554119.1_1	GCF_025311475.1_WP_260903535.1	52.969	419	484	97	421	181	5	4	409	53	471	0.0	547
lcl|NC_017455.1_prot_WP_014554119.1_1	GCF_018986915.1_WP_199390671.1	17.925	419	470	97	424	311	11	12	418	4	407	0.0	547
lcl|NC_017455.1_prot_WP_014554119.1_1	GCF_016592575.1_WP_201328867.1	17.647	419	470	97	425	311	13	12	418	2	405	0.0	547
lcl|NC_017455.1_prot_WP_014554119.1_1	GCF_015097055.1_WP_200758017.1	16.432	419	468	97	426	317	12	12	418	2	407	0.0	547
lcl|NC_017455.1_prot_WP_014554119.1_1	GCF_001889105.1_WP_072597055.1	18.140	419	505	97	430	304	11	12	418	35	439	0.0	547
lcl|NC_017455.1_prot_WP_014554119.1_1	GCF_900231165.1_WP_099557763.1	17.162	419	477	98	437	308	12	10	418	1	411	0.0	547
lcl|NC_017455.1_prot_WP_014554119.1_1	GCF_014337175.1_WP_022154825.1	17.217	419	464	97	424	310	12	12	418	5	404	0.0	547
lcl|NC_017455.1_prot_WP_014554119.1_1	GCF_014337155.1_WP_021984545.1	16.000	419	464	97	425	316	12	11	418	4	404	0.0	547
lcl|NC_017455.1_prot_WP_014554119.1_1	GCF_014218275.1_WP_085814600.1	17.925	419	470	97	424	311	11	12	418	4	407	0.0	547
lcl|NC_017455.1_prot_WP_014554119.1_1	GCF_013285525.1_WP_004443768.1	17.793	419	484	99	444	312	13	2	418	1	418	0.0	547
lcl|NC_017455.1_prot_WP_014554119.1_1	GCF_008932245.1_WP_083265329.1	18.140	419	504	97	430	304	11	12	418	34	438	0.0	547
lcl|NC_017455.1_prot_WP_014554119.1_1	GCF_004135935.1_WP_115837231.1	16.667	419	481	98	438	311	12	9	418	4	415	0.0	547
lcl|NC_017455.1_prot_WP_014554119.1_1	GCF_002688605.1_WP_013059799.1	17.647	419	473	97	425	310	13	13	417	3	407	0.0	547
lcl|NC_017455.1_prot_WP_014554119.1_1	GCF_001689125.2_WP_065542859.1	54.907	419	500	89	377	165	3	42	415	122	496	0.0	547
lcl|NC_017455.1_prot_WP_014554119.1_1	GCF_000247605.1_WP_014355693.1	57.937	419	582	89	378	155	2	35	409	198	574	0.0	547
lcl|NC_017455.1_prot_WP_014554119.1_1	GCF_000247605.1_WP_014355693.1	36.697	419	582	89	109	64	2	41	149	110	213	9.95e-13	77.5
lcl|NC_017455.1_prot_WP_014554119.1_1	GCF_000212675.2_WP_014259696.1	18.310	419	467	98	426	310	12	10	418	1	405	0.0	547
lcl|NC_017455.1_prot_WP_014554119.1_1	GCF_000195315.1_WP_013708992.1	51.084	419	763	99	415	200	3	2	415	342	754	0.0	547
lcl|NC_017455.1_prot_WP_014554119.1_1	GCF_000019845.1_WP_012383232.1	17.156	419	482	99	443	313	12	4	418	1	417	0.0	547
lcl|NC_017455.1_prot_WP_014554119.1_1	GCF_900537995.1_WP_006855268.1	16.471	419	465	97	425	317	12	11	418	3	406	0.0	547
lcl|NC_017455.1_prot_WP_014554119.1_1	GCF_025147765.1_WP_005428171.1	15.925	419	464	98	427	317	12	9	418	2	403	0.0	547
lcl|NC_017455.1_prot_WP_014554119.1_1	GCF_020923435.1_WP_230043622.1	15.728	419	469	97	426	320	12	12	418	2	407	0.0	547
lcl|NC_017455.1_prot_WP_014554119.1_1	GCF_002688585.1_WP_099340830.1	16.822	419	474	97	428	307	13	14	418	6	407	0.0	547
lcl|NC_017455.1_prot_WP_014554119.1_1	GCF_002220285.1_WP_001032596.1	17.217	419	468	97	424	312	13	12	417	2	404	0.0	547
lcl|NC_017455.1_prot_WP_014554119.1_1	GCF_000092925.1_WP_013168258.1	17.391	419	477	98	437	307	12	10	418	1	411	0.0	547
lcl|NC_017455.1_prot_WP_014554119.1_1	GCF_000012925.1_WP_004514213.1	17.453	419	470	97	424	313	11	12	418	4	407	0.0	547
lcl|NC_017455.1_prot_WP_014554119.1_1	GCF_900095155.1_WP_070997115.1	17.442	419	520	97	430	307	11	12	418	50	454	0.0	546
lcl|NC_017455.1_prot_WP_014554119.1_1	GCF_028606985.1_WP_204826280.1	17.217	419	466	97	424	314	11	12	418	2	405	0.0	546
lcl|NC_017455.1_prot_WP_014554119.1_1	GCF_020861345.1_WP_001032592.1	17.217	419	468	97	424	312	13	12	417	2	404	0.0	546
lcl|NC_017455.1_prot_WP_014554119.1_1	GCF_017792025.1_WP_209365985.1	17.882	419	470	97	425	309	13	13	417	3	407	0.0	546
lcl|NC_017455.1_prot_WP_014554119.1_1	GCF_015326295.1_WP_010661465.1	17.483	419	521	97	429	306	11	13	418	52	455	0.0	546
lcl|NC_017455.1_prot_WP_014554119.1_1	GCF_013488225.1_WP_180939292.1	18.372	419	504	97	430	303	11	12	418	34	438	0.0	546
lcl|NC_017455.1_prot_WP_014554119.1_1	GCF_011046245.1_WP_165216583.1	17.512	419	489	97	434	304	12	13	418	18	425	0.0	546
lcl|NC_017455.1_prot_WP_014554119.1_1	GCF_010537335.1_WP_115715964.1	15.366	419	466	97	423	317	12	11	416	3	401	0.0	546
lcl|NC_017455.1_prot_WP_014554119.1_1	GCF_003667725.1_WP_006310767.1	17.568	419	484	99	444	313	13	2	418	1	418	0.0	546
lcl|NC_017455.1_prot_WP_014554119.1_1	GCF_002407485.1_WP_096780225.1	18.009	419	462	97	422	307	11	13	418	3	401	0.0	546
lcl|NC_017455.1_prot_WP_014554119.1_1	GCF_001267435.1_WP_011393855.1	16.038	419	462	97	424	314	12	12	418	2	400	0.0	546
lcl|NC_017455.1_prot_WP_014554119.1_1	GCF_000284335.1_WP_014453390.1	55.026	419	487	90	378	167	3	42	418	112	487	0.0	546
lcl|NC_017455.1_prot_WP_014554119.1_1	GCF_026651605.1_WP_268044256.1	16.825	419	468	97	422	312	12	13	417	3	402	0.0	546
lcl|NC_017455.1_prot_WP_014554119.1_1	GCF_024296885.1_WP_001032591.1	17.217	419	468	97	424	312	13	12	417	2	404	0.0	546
lcl|NC_017455.1_prot_WP_014554119.1_1	GCF_021049245.1_WP_231094589.1	16.785	419	467	97	423	312	13	13	417	3	403	0.0	546
lcl|NC_017455.1_prot_WP_014554119.1_1	GCF_013376475.1_WP_176630040.1	19.104	419	467	97	424	305	12	12	418	4	406	0.0	546
lcl|NC_017455.1_prot_WP_014554119.1_1	GCF_013181415.1_WP_031596771.1	16.785	419	459	97	423	309	11	12	418	2	397	0.0	546
lcl|NC_017455.1_prot_WP_014554119.1_1	GCF_009739945.1_WP_001032594.1	17.453	419	468	97	424	311	13	12	417	2	404	0.0	546
lcl|NC_017455.1_prot_WP_014554119.1_1	GCF_006542275.1_WP_141447427.1	17.689	419	466	97	424	312	11	12	418	2	405	0.0	546
lcl|NC_017455.1_prot_WP_014554119.1_1	GCF_003010915.2_WP_026935590.1	47.230	419	708	89	379	191	3	42	414	323	698	0.0	546
lcl|NC_017455.1_prot_WP_014554119.1_1	GCF_000967425.1_WP_052640358.1	17.687	419	480	99	441	313	13	2	418	1	415	0.0	546
lcl|NC_017455.1_prot_WP_014554119.1_1	GCF_000827125.1_WP_040201647.1	18.160	419	468	97	424	310	11	12	418	2	405	0.0	546
lcl|NC_017455.1_prot_WP_014554119.1_1	GCF_000503895.1_WP_023785903.1	16.590	419	477	97	434	308	12	13	418	5	412	0.0	546
lcl|NC_017455.1_prot_WP_014554119.1_1	GCF_000346065.1_WP_003530302.1	18.140	419	504	97	430	304	11	12	418	34	438	0.0	546
lcl|NC_017455.1_prot_WP_014554119.1_1	GCF_000016745.1_WP_011941036.1	16.981	419	470	97	424	315	11	12	418	4	407	0.0	546
lcl|NC_017455.1_prot_WP_014554119.1_1	GCF_025148125.1_WP_008704959.1	16.159	419	464	98	427	316	12	9	418	2	403	0.0	545
lcl|NC_017455.1_prot_WP_014554119.1_1	GCF_022533465.1_WP_238312329.1	16.743	419	482	97	436	309	12	11	418	9	418	0.0	545
lcl|NC_017455.1_prot_WP_014554119.1_1	GCF_019856495.1_WP_222822873.1	16.981	419	462	97	424	311	12	12	418	2	401	0.0	545
lcl|NC_017455.1_prot_WP_014554119.1_1	GCF_004117055.1_WP_005831762.1	16.981	419	469	97	424	313	12	14	418	4	407	0.0	545
lcl|NC_017455.1_prot_WP_014554119.1_1	GCF_001908275.1_WP_047840699.1	17.689	419	467	97	424	312	11	12	418	2	405	0.0	545
lcl|NC_017455.1_prot_WP_014554119.1_1	GCF_000143145.1_WP_013217356.1	16.514	419	477	97	436	310	12	11	418	3	412	0.0	545
lcl|NC_017455.1_prot_WP_014554119.1_1	GCF_000020485.1_WP_050748621.1	16.364	419	501	98	440	318	12	9	418	17	436	0.0	545
lcl|NC_017455.1_prot_WP_014554119.1_1	GCF_025152575.1_WP_007046778.1	16.000	419	464	97	425	315	12	11	418	4	403	0.0	545
lcl|NC_017455.1_prot_WP_014554119.1_1	GCF_015240255.1_WP_194213620.1	17.442	419	472	97	430	307	13	11	418	3	406	0.0	545
lcl|NC_017455.1_prot_WP_014554119.1_1	GCF_008728835.1_WP_151120001.1	17.321	419	474	98	433	309	13	9	418	2	408	0.0	545
lcl|NC_017455.1_prot_WP_014554119.1_1	GCF_003856495.1_WP_124728488.1	17.217	419	468	97	424	310	12	12	418	2	401	0.0	545
lcl|NC_017455.1_prot_WP_014554119.1_1	GCF_003584645.1_WP_119630880.1	16.825	419	460	97	422	308	11	13	418	3	397	0.0	545
lcl|NC_017455.1_prot_WP_014554119.1_1	GCF_001273775.1_WP_053378179.1	18.245	419	480	97	433	307	12	13	418	3	415	0.0	545
lcl|NC_017455.1_prot_WP_014554119.1_1	GCF_000817955.1_WP_039744763.1	17.689	419	470	97	424	312	11	12	418	4	407	0.0	545
lcl|NC_017455.1_prot_WP_014554119.1_1	GCF_000163895.2_WP_014262410.1	58.177	419	471	89	373	155	1	41	413	94	465	0.0	545
lcl|NC_017455.1_prot_WP_014554119.1_1	GCF_000016285.1_WP_015917381.1	17.528	419	485	99	445	313	12	2	418	1	419	0.0	545
lcl|NC_017455.1_prot_WP_014554119.1_1	GCF_028771845.1_WP_063567728.1	17.689	419	467	97	424	312	11	12	418	2	405	0.0	545
lcl|NC_017455.1_prot_WP_014554119.1_1	GCF_026651875.1_WP_268005735.1	16.825	419	468	97	422	312	12	13	417	3	402	0.0	545
lcl|NC_017455.1_prot_WP_014554119.1_1	GCF_025118245.1_WP_121983389.1	17.442	419	516	97	430	307	11	12	418	46	450	0.0	545
lcl|NC_017455.1_prot_WP_014554119.1_1	GCF_019884785.1_WP_223038031.1	16.274	419	464	97	424	313	12	12	418	4	402	0.0	545
lcl|NC_017455.1_prot_WP_014554119.1_1	GCF_019669985.1_WP_054772741.1	16.825	419	460	97	422	308	11	13	418	3	397	0.0	545
lcl|NC_017455.1_prot_WP_014554119.1_1	GCF_018885085.1_WP_003425850.1	17.330	419	464	98	427	310	13	10	418	1	402	0.0	545
lcl|NC_017455.1_prot_WP_014554119.1_1	GCF_016904155.1_WP_008370073.1	16.235	419	463	97	425	315	12	11	418	4	404	0.0	545
lcl|NC_017455.1_prot_WP_014554119.1_1	GCF_014337195.1_WP_249301226.1	16.706	419	463	97	425	313	12	11	418	4	404	0.0	545
lcl|NC_017455.1_prot_WP_014554119.1_1	GCF_012276695.1_WP_168607032.1	16.317	419	472	97	429	310	13	13	418	3	405	0.0	545
lcl|NC_017455.1_prot_WP_014554119.1_1	GCF_009685195.1_WP_016921969.1	17.512	419	478	97	434	306	12	11	418	5	412	0.0	545
lcl|NC_017455.1_prot_WP_014554119.1_1	GCF_008728855.1_WP_151179599.1	17.090	419	474	98	433	310	13	9	418	2	408	0.0	545
lcl|NC_017455.1_prot_WP_014554119.1_1	GCF_005860795.2_WP_138287237.1	17.716	419	487	97	429	304	12	13	418	19	421	0.0	545
lcl|NC_017455.1_prot_WP_014554119.1_1	GCF_003966715.1_WP_126401665.1	16.359	419	479	97	434	309	12	13	418	6	413	0.0	545
lcl|NC_017455.1_prot_WP_014554119.1_1	GCF_003177055.1_WP_014330035.1	18.267	419	505	96	427	301	11	15	418	38	439	0.0	545
lcl|NC_017455.1_prot_WP_014554119.1_1	GCF_002250945.2_WP_012096272.1	17.689	419	464	97	424	306	13	12	417	2	400	0.0	545
lcl|NC_017455.1_prot_WP_014554119.1_1	GCF_002192415.1_WP_087918498.1	17.217	419	466	97	424	314	11	12	418	2	405	0.0	545
lcl|NC_017455.1_prot_WP_014554119.1_1	GCF_000083545.1_WP_003597665.1	16.892	419	485	99	444	315	12	3	418	4	421	0.0	545
lcl|NC_017455.1_prot_WP_014554119.1_1	GCF_000010525.1_WP_012172645.1	17.051	419	478	97	434	306	12	13	418	5	412	0.0	545
lcl|NC_017455.1_prot_WP_014554119.1_1	GCF_017086365.1_WP_206102290.1	17.217	419	465	97	424	313	12	12	418	2	404	0.0	544
lcl|NC_017455.1_prot_WP_014554119.1_1	GCF_016807805.1_WP_203195242.1	16.284	419	478	97	436	311	12	11	418	3	412	0.0	544
lcl|NC_017455.1_prot_WP_014554119.1_1	GCF_012222825.1_WP_035720870.1	17.967	419	458	97	423	304	11	12	418	2	397	0.0	544
lcl|NC_017455.1_prot_WP_014554119.1_1	GCF_007197755.1_WP_144067213.1	17.321	419	474	98	433	309	13	9	418	2	408	0.0	544
lcl|NC_017455.1_prot_WP_014554119.1_1	GCF_006874605.1_WP_102245414.1	17.925	419	472	97	424	311	11	12	418	4	407	0.0	544
lcl|NC_017455.1_prot_WP_014554119.1_1	GCF_005886755.1_WP_037996637.1	17.494	419	468	97	423	308	12	13	418	3	401	0.0	544
lcl|NC_017455.1_prot_WP_014554119.1_1	GCF_002243515.1_WP_094235116.1	17.371	419	469	97	426	313	12	12	418	2	407	0.0	544
lcl|NC_017455.1_prot_WP_014554119.1_1	GCF_001458695.1_WP_062484010.1	18.476	419	480	97	433	306	12	13	418	3	415	0.0	544
lcl|NC_017455.1_prot_WP_014554119.1_1	GCF_000980835.1_WP_046440028.1	51.706	419	687	89	381	174	2	42	413	295	674	0.0	544
lcl|NC_017455.1_prot_WP_014554119.1_1	GCF_000012345.1_WP_006997680.1	16.317	419	472	97	429	310	13	13	418	3	405	0.0	544
lcl|NC_017455.1_prot_WP_014554119.1_1	GCF_000010985.1_WP_013008583.1	16.667	419	468	98	426	315	12	10	418	1	403	0.0	544
lcl|NC_017455.1_prot_WP_014554119.1_1	GCF_900169565.1_WP_080886100.1	18.245	419	480	97	433	307	12	13	418	3	415	0.0	544
lcl|NC_017455.1_prot_WP_014554119.1_1	GCF_023347705.1_WP_019213528.1	16.745	419	469	97	424	311	12	12	418	5	403	0.0	544
lcl|NC_017455.1_prot_WP_014554119.1_1	GCF_020923495.1_WP_029100366.1	16.901	419	469	97	426	315	12	12	418	2	407	0.0	544
lcl|NC_017455.1_prot_WP_014554119.1_1	GCF_013347305.1_WP_110895619.1	17.925	419	467	97	424	311	11	12	418	2	405	0.0	544
lcl|NC_017455.1_prot_WP_014554119.1_1	GCF_007301515.1_WP_143896423.1	16.785	419	467	97	423	312	13	13	417	3	403	0.0	544
lcl|NC_017455.1_prot_WP_014554119.1_1	GCF_002240415.1_WP_007432744.1	16.981	419	466	97	424	315	11	12	418	2	405	0.0	544
lcl|NC_017455.1_prot_WP_014554119.1_1	GCF_000758725.1_WP_036681562.1	17.217	419	466	97	424	314	11	12	418	2	405	0.0	544
lcl|NC_017455.1_prot_WP_014554119.1_1	GCF_000737325.1_WP_053231035.1	18.372	419	479	97	430	307	11	13	418	7	416	0.0	544
lcl|NC_017455.1_prot_WP_014554119.1_1	GCF_000020385.1_WP_012471200.1	17.217	419	471	97	424	314	11	12	418	4	407	0.0	544
lcl|NC_017455.1_prot_WP_014554119.1_1	GCF_022674245.1_WP_021296835.1	17.299	419	468	97	422	310	12	13	417	3	402	0.0	543
lcl|NC_017455.1_prot_WP_014554119.1_1	GCF_014495845.1_WP_187968849.1	17.241	419	484	97	435	306	12	12	418	10	418	0.0	543
lcl|NC_017455.1_prot_WP_014554119.1_1	GCF_014189455.1_WP_183464130.1	17.051	419	531	98	434	311	12	8	418	58	465	0.0	543
lcl|NC_017455.1_prot_WP_014554119.1_1	GCF_013376455.1_WP_163303083.1	18.396	419	467	97	424	308	12	12	418	4	406	0.0	543
lcl|NC_017455.1_prot_WP_014554119.1_1	GCF_009363075.1_WP_152396323.1	17.647	419	468	97	425	311	12	13	418	3	407	0.0	543
lcl|NC_017455.1_prot_WP_014554119.1_1	GCF_002250055.1_WP_066418351.1	17.840	419	472	97	426	310	13	12	417	1	406	0.0	543
lcl|NC_017455.1_prot_WP_014554119.1_1	GCF_000092905.1_WP_041306494.1	16.235	419	470	97	425	317	12	12	417	2	406	0.0	543
lcl|NC_017455.1_prot_WP_014554119.1_1	GCF_000007125.1_WP_004684261.1	17.564	419	521	96	427	304	11	15	418	54	455	0.0	543
lcl|NC_017455.1_prot_WP_014554119.1_1	GCF_020002245.1_WP_063384857.1	16.706	419	472	97	425	315	13	12	417	2	406	0.0	543
lcl|NC_017455.1_prot_WP_014554119.1_1	GCF_017298635.1_WP_206656934.1	17.021	419	468	97	423	312	12	12	417	2	402	0.0	543
lcl|NC_017455.1_prot_WP_014554119.1_1	GCF_016806125.1_WP_023850370.1	16.628	419	473	98	433	311	13	10	418	1	407	0.0	543
lcl|NC_017455.1_prot_WP_014554119.1_1	GCF_010450915.1_WP_062521216.1	17.217	419	465	97	424	313	12	12	418	2	404	0.0	543
lcl|NC_017455.1_prot_WP_014554119.1_1	GCF_009363115.1_WP_025717573.1	16.745	419	466	97	424	316	11	12	418	2	405	0.0	543
lcl|NC_017455.1_prot_WP_014554119.1_1	GCF_004421105.1_WP_134356808.1	17.536	419	458	97	422	305	11	13	418	3	397	0.0	543
lcl|NC_017455.1_prot_WP_014554119.1_1	GCF_003347095.1_WP_071629803.1	17.773	419	458	97	422	304	11	13	418	3	397	0.0	543
lcl|NC_017455.1_prot_WP_014554119.1_1	GCF_002278035.1_WP_095447394.1	18.372	419	517	97	430	303	11	12	418	47	451	0.0	543
lcl|NC_017455.1_prot_WP_014554119.1_1	GCF_001880225.1_WP_071663579.1	18.009	419	458	97	422	303	11	13	418	3	397	0.0	543
lcl|NC_017455.1_prot_WP_014554119.1_1	GCF_000828475.1_WP_082025368.1	16.705	419	495	98	437	312	12	8	418	19	429	0.0	543
lcl|NC_017455.1_prot_WP_014554119.1_1	GCF_000697965.2_WP_034802502.1	17.716	419	505	97	429	305	11	13	418	36	439	0.0	543
lcl|NC_017455.1_prot_WP_014554119.1_1	GCF_000226315.1_WP_014102234.1	16.783	419	473	97	429	310	12	12	418	4	407	0.0	543
lcl|NC_017455.1_prot_WP_014554119.1_1	GCF_902810445.1_WP_197744400.1	17.773	419	458	97	422	304	11	13	418	3	397	0.0	543
lcl|NC_017455.1_prot_WP_014554119.1_1	GCF_024662015.1_WP_257766585.1	17.321	419	474	98	433	309	13	9	418	2	408	0.0	543
lcl|NC_017455.1_prot_WP_014554119.1_1	GCF_022701015.1_WP_122962596.1	16.981	419	469	97	424	313	12	14	418	4	407	0.0	543
lcl|NC_017455.1_prot_WP_014554119.1_1	GCF_015482585.1_WP_239672377.1	16.509	419	470	97	424	315	13	12	417	2	404	0.0	543
lcl|NC_017455.1_prot_WP_014554119.1_1	GCF_012222965.1_WP_133942502.1	17.967	419	458	97	423	304	11	12	418	2	397	0.0	543
lcl|NC_017455.1_prot_WP_014554119.1_1	GCF_005849285.1_WP_138380969.1	16.977	419	473	97	430	308	13	12	418	4	407	0.0	543
lcl|NC_017455.1_prot_WP_014554119.1_1	GCF_000227705.2_WP_015256585.1	17.021	419	467	97	423	313	12	13	417	3	405	0.0	543
lcl|NC_017455.1_prot_WP_014554119.1_1	GCF_000195555.1_WP_003019768.1	18.009	419	458	97	422	303	11	13	418	3	397	0.0	543
lcl|NC_017455.1_prot_WP_014554119.1_1	GCF_000024725.1_WP_013034805.1	17.062	419	458	97	422	307	11	13	418	3	397	0.0	543
lcl|NC_017455.1_prot_WP_014554119.1_1	GCF_019974115.1_WP_008540069.1	16.706	419	470	97	425	315	13	12	418	2	405	0.0	542
lcl|NC_017455.1_prot_WP_014554119.1_1	GCF_013170725.1_WP_064991150.1	17.051	419	536	98	434	311	12	8	418	63	470	0.0	542
lcl|NC_017455.1_prot_WP_014554119.1_1	GCF_010450895.1_WP_163901979.1	18.182	419	487	97	429	302	12	13	418	19	421	0.0	542
lcl|NC_017455.1_prot_WP_014554119.1_1	GCF_009792355.1_WP_158767657.1	17.552	419	474	98	433	308	12	9	418	2	408	0.0	542
lcl|NC_017455.1_prot_WP_014554119.1_1	GCF_009363095.1_WP_145028066.1	17.217	419	467	97	424	314	11	12	418	2	405	0.0	542
lcl|NC_017455.1_prot_WP_014554119.1_1	GCF_004802635.2_WP_136497221.1	17.512	419	478	97	434	306	12	11	418	5	412	0.0	542
lcl|NC_017455.1_prot_WP_014554119.1_1	GCF_003352165.1_WP_114910644.1	18.014	419	473	98	433	306	13	9	418	2	408	0.0	542
lcl|NC_017455.1_prot_WP_014554119.1_1	GCF_003290445.1_WP_112869265.1	18.246	419	458	97	422	302	11	13	418	3	397	0.0	542
lcl|NC_017455.1_prot_WP_014554119.1_1	GCF_001895265.1_WP_072713340.1	17.773	419	458	97	422	304	11	13	418	3	397	0.0	542
lcl|NC_017455.1_prot_WP_014554119.1_1	GCF_000981585.1_WP_020426085.1	17.453	419	465	97	424	312	12	12	418	2	404	0.0	542
lcl|NC_017455.1_prot_WP_014554119.1_1	GCF_000230995.2_WP_015315173.1	17.011	419	531	98	435	312	12	7	418	57	465	0.0	542
lcl|NC_017455.1_prot_WP_014554119.1_1	GCF_000054005.1_WP_002966968.1	17.564	419	521	96	427	304	11	15	418	54	455	0.0	542
lcl|NC_017455.1_prot_WP_014554119.1_1	GCF_000020945.1_WP_012544022.1	51.868	419	461	99	455	174	6	5	417	8	459	0.0	542
lcl|NC_017455.1_prot_WP_014554119.1_1	GCF_000015045.1_WP_011735412.1	17.217	419	471	97	424	314	11	12	418	4	407	0.0	542
lcl|NC_017455.1_prot_WP_014554119.1_1	GCF_900187035.1_WP_027890026.1	16.471	419	470	97	425	316	13	12	418	2	405	0.0	542
lcl|NC_017455.1_prot_WP_014554119.1_1	GCF_900186885.1_WP_012864783.1	16.432	419	474	97	426	318	12	11	418	3	408	0.0	542
lcl|NC_017455.1_prot_WP_014554119.1_1	GCF_025999835.1_WP_264844817.1	17.773	419	468	97	422	309	12	14	418	2	402	0.0	542
lcl|NC_017455.1_prot_WP_014554119.1_1	GCF_025137635.1_WP_259776674.1	16.898	419	474	97	432	309	13	11	418	3	408	0.0	542
lcl|NC_017455.1_prot_WP_014554119.1_1	GCF_020883495.1_WP_160787086.1	18.415	419	504	97	429	301	12	13	418	36	438	0.0	542
lcl|NC_017455.1_prot_WP_014554119.1_1	GCF_019891395.1_WP_223021932.1	16.629	419	516	98	439	312	12	8	418	38	450	0.0	542
lcl|NC_017455.1_prot_WP_014554119.1_1	GCF_018141425.1_WP_113673130.1	15.640	419	460	97	422	314	13	13	417	5	401	0.0	542
lcl|NC_017455.1_prot_WP_014554119.1_1	GCF_008369725.1_WP_068584042.1	16.745	419	466	97	424	316	11	12	418	2	405	0.0	542
lcl|NC_017455.1_prot_WP_014554119.1_1	GCF_005144885.1_WP_136960871.1	17.249	419	482	97	429	306	12	13	418	14	416	0.0	542
lcl|NC_017455.1_prot_WP_014554119.1_1	GCF_002764115.1_WP_099997575.1	16.782	419	537	98	435	314	11	7	418	62	471	0.0	542
lcl|NC_017455.1_prot_WP_014554119.1_1	GCF_002157855.1_WP_010200375.1	16.901	419	472	97	426	314	13	12	417	1	406	0.0	542
lcl|NC_017455.1_prot_WP_014554119.1_1	GCF_002119765.1_WP_086087327.1	16.364	419	480	99	440	319	12	2	418	1	414	0.0	542
lcl|NC_017455.1_prot_WP_014554119.1_1	GCF_000815225.1_WP_039123109.1	17.773	419	458	97	422	304	11	13	418	3	397	0.0	542
lcl|NC_017455.1_prot_WP_014554119.1_1	GCF_000258405.1_WP_014560501.1	15.566	419	470	97	424	321	11	12	418	4	407	0.0	542
lcl|NC_017455.1_prot_WP_014554119.1_1	GCF_000024985.1_WP_012871903.1	17.967	419	469	97	423	307	11	12	418	6	404	0.0	542
lcl|NC_017455.1_prot_WP_014554119.1_1	GCF_000015045.1_WP_011734550.1	17.217	419	471	97	424	314	11	12	418	4	407	0.0	542
lcl|NC_017455.1_prot_WP_014554119.1_1	GCF_000012865.1_WP_011345411.1	17.961	419	473	94	412	298	12	27	418	17	408	0.0	542
lcl|NC_017455.1_prot_WP_014554119.1_1	GCF_900637055.1_WP_106654763.1	16.981	419	469	97	424	313	12	14	418	4	407	0.0	542
lcl|NC_017455.1_prot_WP_014554119.1_1	GCF_900120165.1_WP_075573571.1	16.941	419	463	97	425	310	13	11	418	3	401	0.0	542
lcl|NC_017455.1_prot_WP_014554119.1_1	GCF_029223885.1_WP_275785536.1	17.442	419	508	97	430	307	11	12	418	38	442	0.0	542
lcl|NC_017455.1_prot_WP_014554119.1_1	GCF_019916025.1_WP_021430421.1	17.330	419	464	98	427	310	13	10	418	1	402	0.0	542
lcl|NC_017455.1_prot_WP_014554119.1_1	GCF_018141445.1_WP_212696360.1	15.603	419	461	97	423	316	12	12	417	4	402	0.0	542
lcl|NC_017455.1_prot_WP_014554119.1_1	GCF_013358405.1_WP_175277878.1	16.744	419	487	97	430	309	12	12	418	18	421	0.0	542
lcl|NC_017455.1_prot_WP_014554119.1_1	GCF_012932215.1_WP_169641476.1	17.016	419	474	97	429	306	13	14	418	6	408	0.0	542
lcl|NC_017455.1_prot_WP_014554119.1_1	GCF_008932115.1_WP_151646210.1	16.018	419	481	98	437	315	11	9	418	4	415	0.0	542
lcl|NC_017455.1_prot_WP_014554119.1_1	GCF_006494775.1_WP_181410936.1	52.116	419	602	89	378	176	2	41	415	226	601	0.0	542
lcl|NC_017455.1_prot_WP_014554119.1_1	GCF_003589745.1_WP_111524113.1	54.667	419	567	89	375	165	3	43	413	187	560	0.0	542
lcl|NC_017455.1_prot_WP_014554119.1_1	GCF_000807275.1_WP_039105932.1	17.730	419	460	97	423	307	11	12	418	2	399	0.0	542
lcl|NC_017455.1_prot_WP_014554119.1_1	GCF_000758705.1_WP_025709073.1	17.217	419	465	97	424	313	12	12	418	2	404	0.0	542
lcl|NC_017455.1_prot_WP_014554119.1_1	GCF_000742835.1_WP_051908872.1	18.284	419	484	99	443	311	14	2	418	1	418	0.0	542
lcl|NC_017455.1_prot_WP_014554119.1_1	GCF_000018325.1_WP_012160398.1	16.038	419	464	97	424	314	12	12	418	5	403	0.0	542
lcl|NC_017455.1_prot_WP_014554119.1_1	GCF_000016545.1_WP_011917491.1	16.038	419	467	97	424	314	12	12	418	4	402	0.0	542
lcl|NC_017455.1_prot_WP_014554119.1_1	GCF_900187285.1_WP_095066446.1	16.432	419	474	97	426	318	12	11	418	3	408	0.0	541
lcl|NC_017455.1_prot_WP_014554119.1_1	GCF_025148285.1_WP_006860434.1	16.274	419	463	97	424	314	12	12	418	5	404	0.0	541
lcl|NC_017455.1_prot_WP_014554119.1_1	GCF_018582665.1_WP_066442358.1	16.941	419	472	97	425	314	13	12	417	2	406	0.0	541
lcl|NC_017455.1_prot_WP_014554119.1_1	GCF_018138105.1_WP_034521637.1	17.281	419	476	98	434	310	12	8	418	6	413	0.0	541
lcl|NC_017455.1_prot_WP_014554119.1_1	GCF_011046895.1_WP_062556086.1	17.523	419	476	97	428	304	12	14	418	10	411	0.0	541
lcl|NC_017455.1_prot_WP_014554119.1_1	GCF_011040435.1_WP_019828667.1	17.299	419	459	97	422	307	11	13	418	3	398	0.0	541
lcl|NC_017455.1_prot_WP_014554119.1_1	GCF_010669125.1_WP_163075207.1	17.162	419	476	98	437	308	12	10	418	1	411	0.0	541
lcl|NC_017455.1_prot_WP_014554119.1_1	GCF_009728935.1_WP_155698293.1	17.453	419	468	97	424	311	12	14	418	4	407	0.0	541
lcl|NC_017455.1_prot_WP_014554119.1_1	GCF_004353525.1_WP_227762530.1	15.925	419	469	97	427	318	13	12	418	2	407	0.0	541
lcl|NC_017455.1_prot_WP_014554119.1_1	GCF_003999255.1_WP_039763939.1	16.038	419	467	97	424	314	12	12	418	4	402	0.0	541
lcl|NC_017455.1_prot_WP_014554119.1_1	GCF_002952055.1_WP_104935581.1	17.689	419	472	97	424	312	11	12	418	5	408	0.0	541
lcl|NC_017455.1_prot_WP_014554119.1_1	GCF_002117405.1_WP_085771581.1	17.701	419	481	97	435	304	12	12	418	7	415	0.0	541
lcl|NC_017455.1_prot_WP_014554119.1_1	GCF_000253015.1_WP_013545561.1	17.540	419	531	98	439	308	12	8	418	52	464	0.0	541
lcl|NC_017455.1_prot_WP_014554119.1_1	GCF_000177235.2_WP_013490624.1	18.075	419	470	97	426	309	13	12	417	2	407	0.0	541
lcl|NC_017455.1_prot_WP_014554119.1_1	GCF_000166055.1_WP_013420820.1	16.552	419	477	97	435	310	12	11	418	4	412	0.0	541
lcl|NC_017455.1_prot_WP_014554119.1_1	GCF_000022745.1_WP_015799739.1	17.564	419	521	96	427	304	11	15	418	54	455	0.0	541
lcl|NC_017455.1_prot_WP_014554119.1_1	GCF_000012725.1_WP_011313764.1	16.628	419	476	98	433	312	12	9	418	4	410	0.0	541
lcl|NC_017455.1_prot_WP_014554119.1_1	GCF_028747985.1_WP_047912391.1	17.412	419	468	97	425	313	12	12	418	2	406	0.0	541
lcl|NC_017455.1_prot_WP_014554119.1_1	GCF_017751145.1_WP_230868553.1	16.859	419	483	97	433	314	12	12	418	6	418	0.0	541
lcl|NC_017455.1_prot_WP_014554119.1_1	GCF_017498545.1_WP_237384388.1	19.014	419	469	97	426	305	13	12	418	2	406	0.0	541
lcl|NC_017455.1_prot_WP_014554119.1_1	GCF_007641255.1_WP_144351530.1	16.000	419	469	97	425	318	13	12	418	2	405	0.0	541
lcl|NC_017455.1_prot_WP_014554119.1_1	GCF_004300825.1_WP_130650830.1	53.846	419	551	89	377	169	3	43	415	172	547	0.0	541
lcl|NC_017455.1_prot_WP_014554119.1_1	GCF_003991135.1_WP_127017346.1	16.129	419	486	97	434	317	11	12	418	8	421	0.0	541
lcl|NC_017455.1_prot_WP_014554119.1_1	GCF_002211785.1_WP_088773273.1	18.009	419	458	97	422	303	11	13	418	3	397	0.0	541
lcl|NC_017455.1_prot_WP_014554119.1_1	GCF_002162355.1_WP_087455923.1	17.371	419	469	97	426	313	12	12	418	2	407	0.0	541
lcl|NC_017455.1_prot_WP_014554119.1_1	GCF_001750685.1_WP_069976402.1	15.802	419	465	97	424	315	12	12	418	4	402	0.0	541
lcl|NC_017455.1_prot_WP_014554119.1_1	GCF_001679665.1_WP_066770778.1	16.859	419	474	98	433	311	12	9	418	2	408	0.0	541
lcl|NC_017455.1_prot_WP_014554119.1_1	GCF_001618845.1_WP_024504228.1	17.051	419	530	98	434	311	12	8	418	57	464	0.0	541
lcl|NC_017455.1_prot_WP_014554119.1_1	GCF_000961095.1_WP_045669993.1	17.412	419	467	97	425	313	12	12	418	2	406	0.0	541
lcl|NC_017455.1_prot_WP_014554119.1_1	GCF_000960975.1_WP_045681294.1	17.051	419	478	97	434	306	12	13	418	6	413	0.0	541
lcl|NC_017455.1_prot_WP_014554119.1_1	GCF_000833575.1_WP_042530458.1	52.105	419	657	89	380	172	2	43	413	263	641	0.0	541
lcl|NC_017455.1_prot_WP_014554119.1_1	GCF_000279145.1_WP_014857022.1	16.312	419	470	97	423	317	11	13	418	5	407	0.0	541
lcl|NC_017455.1_prot_WP_014554119.1_1	GCF_000025725.1_WP_013010194.1	17.217	419	467	97	424	309	12	12	418	4	402	0.0	541
lcl|NC_017455.1_prot_WP_014554119.1_1	GCF_900635775.1_WP_103855669.1	17.021	419	457	97	423	307	11	12	418	2	396	0.0	540
lcl|NC_017455.1_prot_WP_014554119.1_1	GCF_011765605.1_WP_035688900.1	17.021	419	457	97	423	307	11	12	418	2	396	0.0	540
lcl|NC_017455.1_prot_WP_014554119.1_1	GCF_008369785.1_WP_146420902.1	17.773	419	458	97	422	304	11	13	418	3	397	0.0	540
lcl|NC_017455.1_prot_WP_014554119.1_1	GCF_006274405.1_WP_016822888.1	16.981	419	466	97	424	315	11	12	418	2	405	0.0	540
lcl|NC_017455.1_prot_WP_014554119.1_1	GCF_002741055.1_WP_077568441.1	16.548	419	466	97	423	316	11	13	418	3	405	0.0	540
lcl|NC_017455.1_prot_WP_014554119.1_1	GCF_002117145.1_WP_085783843.1	17.483	419	475	97	429	305	13	13	418	7	409	0.0	540
lcl|NC_017455.1_prot_WP_014554119.1_1	GCF_001717955.1_WP_206365045.1	17.117	419	484	99	444	314	12	4	418	1	419	0.0	540
lcl|NC_017455.1_prot_WP_014554119.1_1	GCF_001612705.2_WP_003213545.1	17.299	419	459	97	422	307	11	13	418	3	398	0.0	540
lcl|NC_017455.1_prot_WP_014554119.1_1	GCF_000331715.1_WP_011526488.1	16.509	419	471	97	424	316	12	12	418	4	406	0.0	540
lcl|NC_017455.1_prot_WP_014554119.1_1	GCF_000143085.1_WP_013221906.1	17.299	419	458	97	422	306	11	13	418	3	397	0.0	540
lcl|NC_017455.1_prot_WP_014554119.1_1	GCF_000012805.1_WP_002813568.1	17.299	419	458	97	422	306	11	13	418	3	397	0.0	540
lcl|NC_017455.1_prot_WP_014554119.1_1	GCF_023038235.1_WP_247217648.1	18.182	419	532	97	429	302	12	13	418	64	466	0.0	540
lcl|NC_017455.1_prot_WP_014554119.1_1	GCF_018966525.1_WP_036600437.1	16.981	419	466	97	424	315	11	12	418	2	405	0.0	540
lcl|NC_017455.1_prot_WP_014554119.1_1	GCF_018406465.1_WP_008690960.1	15.366	419	466	97	423	317	12	11	416	3	401	0.0	540
lcl|NC_017455.1_prot_WP_014554119.1_1	GCF_011207455.1_WP_166031994.1	16.509	419	473	97	424	317	11	12	418	5	408	0.0	540
lcl|NC_017455.1_prot_WP_014554119.1_1	GCF_004295665.1_WP_130602240.1	17.536	419	461	97	422	308	11	13	418	3	400	0.0	540
lcl|NC_017455.1_prot_WP_014554119.1_1	GCF_003945365.1_WP_021718178.1	16.667	419	471	97	426	316	13	12	418	2	407	0.0	540
lcl|NC_017455.1_prot_WP_014554119.1_1	GCF_003595195.1_WP_119882581.1	16.981	419	471	97	424	314	12	12	417	2	405	0.0	540
lcl|NC_017455.1_prot_WP_014554119.1_1	GCF_001878675.1_WP_071649720.1	17.689	419	469	97	424	310	13	13	417	3	406	0.0	540
lcl|NC_017455.1_prot_WP_014554119.1_1	GCF_000505725.1_WP_014714621.1	18.009	419	458	97	422	303	11	13	418	3	397	0.0	540
lcl|NC_017455.1_prot_WP_014554119.1_1	GCF_000218625.1_WP_013886813.1	17.136	419	468	98	426	313	12	10	418	1	403	0.0	540
lcl|NC_017455.1_prot_WP_014554119.1_1	GCF_000166775.1_WP_013430258.1	16.274	419	467	97	424	313	12	12	418	4	402	0.0	540
lcl|NC_017455.1_prot_WP_014554119.1_1	GCF_000166335.1_WP_013403207.1	16.274	419	467	97	424	313	12	12	418	4	402	0.0	540
lcl|NC_017455.1_prot_WP_014554119.1_1	GCF_000154785.2_WP_013962611.1	16.435	419	474	97	432	311	13	11	418	3	408	0.0	540
lcl|NC_017455.1_prot_WP_014554119.1_1	GCF_900128415.1_WP_072537536.1	49.770	419	435	98	434	192	4	4	414	1	431	0.0	540
lcl|NC_017455.1_prot_WP_014554119.1_1	GCF_021654775.1_WP_212980510.1	16.981	419	467	97	424	315	11	12	418	2	405	0.0	540
lcl|NC_017455.1_prot_WP_014554119.1_1	GCF_018436245.1_WP_213599175.1	18.372	419	493	97	430	302	12	12	418	25	428	0.0	540
lcl|NC_017455.1_prot_WP_014554119.1_1	GCF_014334095.1_WP_187335842.1	17.450	419	488	99	447	310	14	5	418	3	423	0.0	540
lcl|NC_017455.1_prot_WP_014554119.1_1	GCF_014076555.1_WP_182187947.1	16.235	419	470	97	425	317	13	12	418	2	405	0.0	540
lcl|NC_017455.1_prot_WP_014554119.1_1	GCF_013393365.1_WP_105084942.1	16.667	419	474	97	426	317	12	11	418	3	408	0.0	540
lcl|NC_017455.1_prot_WP_014554119.1_1	GCF_009498235.1_WP_153250557.1	17.299	419	460	97	422	306	11	13	418	3	397	0.0	540
lcl|NC_017455.1_prot_WP_014554119.1_1	GCF_008932225.1_WP_067464035.1	17.265	419	485	99	446	314	13	2	418	1	420	0.0	540
lcl|NC_017455.1_prot_WP_014554119.1_1	GCF_003991425.1_WP_127003382.1	16.274	419	463	97	424	315	12	12	418	2	402	0.0	540
lcl|NC_017455.1_prot_WP_014554119.1_1	GCF_003367905.1_WP_087477074.1	16.862	419	472	97	427	315	14	11	418	3	408	0.0	540
lcl|NC_017455.1_prot_WP_014554119.1_1	GCF_001889605.1_WP_072601599.1	17.241	419	517	97	435	306	12	12	418	43	451	0.0	540
lcl|NC_017455.1_prot_WP_014554119.1_1	GCF_000473245.1_WP_009792637.1	16.667	419	473	97	426	315	13	12	417	2	407	0.0	540
lcl|NC_017455.1_prot_WP_014554119.1_1	GCF_000225955.1_WP_011388981.1	18.014	419	474	98	433	306	13	9	418	2	408	0.0	540
lcl|NC_017455.1_prot_WP_014554119.1_1	GCF_000219045.1_WP_013922334.1	17.773	419	458	97	422	304	11	13	418	3	397	0.0	540
lcl|NC_017455.1_prot_WP_014554119.1_1	GCF_000022085.1_WP_015933675.1	17.090	419	484	97	433	306	12	13	418	14	420	0.0	540
lcl|NC_017455.1_prot_WP_014554119.1_1	GCF_900478045.1_WP_039674976.1	51.842	419	658	89	380	173	2	43	413	264	642	0.0	539
lcl|NC_017455.1_prot_WP_014554119.1_1	GCF_029277985.1_WP_154623593.1	15.839	419	460	97	423	315	11	12	418	2	399	0.0	539
lcl|NC_017455.1_prot_WP_014554119.1_1	GCF_026409565.1_WP_169544180.1	16.859	419	474	98	433	311	13	9	418	2	408	0.0	539
lcl|NC_017455.1_prot_WP_014554119.1_1	GCF_023518055.1_WP_249856152.1	17.021	419	457	97	423	307	11	12	418	2	396	0.0	539
lcl|NC_017455.1_prot_WP_014554119.1_1	GCF_018135955.1_WP_004286984.1	18.009	419	458	97	422	303	11	13	418	3	397	0.0	539
lcl|NC_017455.1_prot_WP_014554119.1_1	GCF_018075365.1_WP_072741346.1	17.453	419	469	97	424	311	13	13	417	3	406	0.0	539
lcl|NC_017455.1_prot_WP_014554119.1_1	GCF_016772275.1_WP_202778233.1	16.901	419	473	97	426	314	13	12	417	2	407	0.0	539
lcl|NC_017455.1_prot_WP_014554119.1_1	GCF_015476275.1_WP_016782877.1	17.299	419	459	97	422	307	11	13	418	3	398	0.0	539
lcl|NC_017455.1_prot_WP_014554119.1_1	GCF_013343005.1_WP_078484280.1	17.536	419	458	97	422	305	11	13	418	3	397	0.0	539
lcl|NC_017455.1_prot_WP_014554119.1_1	GCF_012913625.1_WP_032932130.1	17.442	419	526	97	430	306	12	12	418	57	460	0.0	539
lcl|NC_017455.1_prot_WP_014554119.1_1	GCF_009650095.1_WP_100358972.1	16.745	419	467	97	424	314	13	12	417	2	404	0.0	539
lcl|NC_017455.1_prot_WP_014554119.1_1	GCF_005144635.2_WP_136918296.1	17.674	419	474	97	430	311	11	12	418	2	411	0.0	539
lcl|NC_017455.1_prot_WP_014554119.1_1	GCF_004087915.1_WP_128467005.1	17.882	419	468	97	425	308	12	11	418	3	403	0.0	539
lcl|NC_017455.1_prot_WP_014554119.1_1	GCF_003614235.1_WP_004443739.1	16.312	419	463	97	423	313	11	12	418	4	401	0.0	539
lcl|NC_017455.1_prot_WP_014554119.1_1	GCF_003355455.1_WP_115417216.1	17.489	419	485	99	446	313	13	2	418	1	420	0.0	539
lcl|NC_017455.1_prot_WP_014554119.1_1	GCF_003101015.1_WP_005818257.1	17.021	419	457	97	423	307	11	12	418	2	396	0.0	539
lcl|NC_017455.1_prot_WP_014554119.1_1	GCF_000954135.1_WP_045785278.1	16.548	419	469	97	423	316	11	13	418	5	407	0.0	539
lcl|NC_017455.1_prot_WP_014554119.1_1	GCF_000731315.1_WP_038590763.1	17.290	419	476	97	428	305	12	14	418	10	411	0.0	539
lcl|NC_017455.1_prot_WP_014554119.1_1	GCF_000235585.1_WP_014278469.1	16.981	419	466	97	424	315	11	12	418	2	405	0.0	539
lcl|NC_017455.1_prot_WP_014554119.1_1	GCF_000015585.1_WP_011815215.1	17.062	419	458	97	422	307	11	13	418	3	397	0.0	539
lcl|NC_017455.1_prot_WP_014554119.1_1	GCF_902502825.2_WP_077549363.1	17.234	419	480	99	441	315	13	2	418	1	415	0.0	539
lcl|NC_017455.1_prot_WP_014554119.1_1	GCF_900184295.1_WP_025996049.1	17.536	419	459	97	422	306	11	13	418	3	398	0.0	539
lcl|NC_017455.1_prot_WP_014554119.1_1	GCF_021391395.1_WP_233785704.1	17.620	419	489	97	437	305	13	11	418	14	424	0.0	539
lcl|NC_017455.1_prot_WP_014554119.1_1	GCF_017607425.1_WP_011951471.1	17.793	419	484	99	444	310	13	4	418	1	418	0.0	539
lcl|NC_017455.1_prot_WP_014554119.1_1	GCF_013377195.1_WP_132024771.1	17.258	419	457	97	423	306	11	12	418	2	396	0.0	539
lcl|NC_017455.1_prot_WP_014554119.1_1	GCF_013267435.1_WP_047940727.1	17.021	419	471	97	423	313	12	13	417	3	405	0.0	539
lcl|NC_017455.1_prot_WP_014554119.1_1	GCF_011604665.1_WP_094972757.1	16.018	419	481	98	437	315	11	9	418	4	415	0.0	539
lcl|NC_017455.1_prot_WP_014554119.1_1	GCF_009363855.1_WP_152584839.1	16.441	419	484	99	444	318	12	2	418	1	418	0.0	539
lcl|NC_017455.1_prot_WP_014554119.1_1	GCF_008727715.1_WP_024923015.1	15.899	419	530	98	434	316	12	8	418	57	464	0.0	539
lcl|NC_017455.1_prot_WP_014554119.1_1	GCF_004103615.1_WP_046130315.1	16.706	419	473	97	425	314	13	13	417	3	407	0.0	539
lcl|NC_017455.1_prot_WP_014554119.1_1	GCF_004001245.1_WP_127478747.1	17.773	419	458	97	422	304	11	13	418	3	397	0.0	539
lcl|NC_017455.1_prot_WP_014554119.1_1	GCF_002356115.1_WP_096527662.1	16.825	419	458	97	422	308	11	13	418	3	397	0.0	539
lcl|NC_017455.1_prot_WP_014554119.1_1	GCF_002209385.1_WP_088618169.1	17.299	419	460	97	422	306	11	13	418	3	397	0.0	539
lcl|NC_017455.1_prot_WP_014554119.1_1	GCF_002080475.1_WP_070965587.1	15.802	419	465	97	424	315	12	12	418	5	403	0.0	539
lcl|NC_017455.1_prot_WP_014554119.1_1	GCF_002028325.1_WP_010565871.1	17.299	419	459	97	422	307	11	13	418	3	398	0.0	539
lcl|NC_017455.1_prot_WP_014554119.1_1	GCF_001305575.3_WP_062152139.1	16.825	419	458	97	422	308	11	13	418	3	397	0.0	539
lcl|NC_017455.1_prot_WP_014554119.1_1	GCF_001042715.1_WP_044826070.1	16.038	419	465	97	424	314	12	12	418	5	403	0.0	539
lcl|NC_017455.1_prot_WP_014554119.1_1	GCF_000756615.1_WP_042208552.1	16.509	419	466	97	424	317	11	12	418	2	405	0.0	539
lcl|NC_017455.1_prot_WP_014554119.1_1	GCF_000208405.1_WP_006191027.1	15.765	419	470	97	425	319	13	12	418	2	405	0.0	539
lcl|NC_017455.1_prot_WP_014554119.1_1	GCF_000145215.1_WP_013290429.1	16.312	419	467	97	423	312	12	13	418	5	402	0.0	539
lcl|NC_017455.1_prot_WP_014554119.1_1	GCF_000023265.1_WP_015799202.1	56.533	419	594	88	375	156	3	47	415	217	590	0.0	539
lcl|NC_017455.1_prot_WP_014554119.1_1	GCF_000006985.1_WP_010933887.1	17.021	419	462	97	423	310	12	13	418	3	401	0.0	539
lcl|NC_017455.1_prot_WP_014554119.1_1	GCF_900478165.1_WP_066144018.1	16.745	419	468	97	424	312	13	12	417	2	402	0.0	538
lcl|NC_017455.1_prot_WP_014554119.1_1	GCF_022809775.1_WP_243544417.1	18.075	419	465	98	426	311	12	10	418	1	405	0.0	538
lcl|NC_017455.1_prot_WP_014554119.1_1	GCF_020735705.1_WP_004853178.1	50.481	419	539	99	416	192	3	3	415	130	534	0.0	538
lcl|NC_017455.1_prot_WP_014554119.1_1	GCF_014892695.1_WP_042047666.1	18.527	419	460	97	421	302	11	14	418	4	399	0.0	538
lcl|NC_017455.1_prot_WP_014554119.1_1	GCF_014467015.1_WP_246451744.1	15.802	419	475	97	424	315	12	12	418	16	414	0.0	538
lcl|NC_017455.1_prot_WP_014554119.1_1	GCF_014337235.1_WP_117453986.1	14.657	419	467	97	423	320	12	11	416	3	401	0.0	538
lcl|NC_017455.1_prot_WP_014554119.1_1	GCF_012769535.1_WP_169601953.1	17.536	419	460	97	422	305	11	13	418	3	397	0.0	538
lcl|NC_017455.1_prot_WP_014554119.1_1	GCF_006351925.1_WP_139905680.1	16.312	419	465	97	423	313	11	12	418	4	401	0.0	538
lcl|NC_017455.1_prot_WP_014554119.1_1	GCF_004114935.1_WP_128930666.1	16.018	419	480	98	437	314	12	9	418	4	414	0.0	538
lcl|NC_017455.1_prot_WP_014554119.1_1	GCF_002706795.1_WP_018669743.1	16.197	419	469	97	426	318	12	12	418	2	407	0.0	538
lcl|NC_017455.1_prot_WP_014554119.1_1	GCF_002407265.1_WP_096805702.1	17.209	419	476	97	430	306	13	13	418	7	410	0.0	538
lcl|NC_017455.1_prot_WP_014554119.1_1	GCF_001874645.1_WP_042556890.1	17.299	419	459	97	422	307	11	13	418	3	398	0.0	538
lcl|NC_017455.1_prot_WP_014554119.1_1	GCF_001294575.1_WP_003438005.1	17.299	419	459	97	422	307	11	13	418	3	398	0.0	538
lcl|NC_017455.1_prot_WP_014554119.1_1	GCF_000758665.1_WP_042218112.1	16.981	419	465	97	424	314	12	12	418	2	404	0.0	538
lcl|NC_017455.1_prot_WP_014554119.1_1	GCF_000612505.1_WP_025336831.1	16.509	419	466	97	424	317	11	12	418	2	405	0.0	538
lcl|NC_017455.1_prot_WP_014554119.1_1	GCF_000597865.1_WP_025434733.1	16.667	419	464	98	426	312	13	10	418	3	402	0.0	538
lcl|NC_017455.1_prot_WP_014554119.1_1	GCF_000179635.2_WP_013497040.1	16.235	419	468	97	425	314	12	11	418	4	403	0.0	538
lcl|NC_017455.1_prot_WP_014554119.1_1	GCF_000166695.1_WP_013432691.1	16.509	419	467	97	424	312	12	12	418	4	402	0.0	538
lcl|NC_017455.1_prot_WP_014554119.1_1	GCF_000145945.2_WP_002555982.1	17.062	419	459	97	422	308	11	13	418	3	398	0.0	538
lcl|NC_017455.1_prot_WP_014554119.1_1	GCF_000022325.1_WP_015907887.1	16.274	419	467	97	424	313	12	12	418	4	402	0.0	538
lcl|NC_017455.1_prot_WP_014554119.1_1	GCF_000013705.1_WP_011480960.1	17.062	419	465	97	422	313	11	13	418	3	403	0.0	538
lcl|NC_017455.1_prot_WP_014554119.1_1	GCF_940677205.1_WP_250278071.1	15.925	419	463	98	427	317	12	9	418	2	403	0.0	538
lcl|NC_017455.1_prot_WP_014554119.1_1	GCF_900324035.1_WP_122400420.1	15.789	419	480	98	437	315	12	9	418	4	414	0.0	538
lcl|NC_017455.1_prot_WP_014554119.1_1	GCF_900186835.1_WP_005764023.1	17.258	419	457	97	423	306	11	12	418	2	396	0.0	538
lcl|NC_017455.1_prot_WP_014554119.1_1	GCF_028868935.1_WP_013521930.1	16.509	419	467	97	424	316	11	13	418	3	406	0.0	538
lcl|NC_017455.1_prot_WP_014554119.1_1	GCF_017347585.1_WP_207182352.1	16.274	419	467	97	424	313	12	12	418	4	402	0.0	538
lcl|NC_017455.1_prot_WP_014554119.1_1	GCF_013267375.1_WP_013391133.1	16.390	419	466	97	421	316	10	14	418	4	404	0.0	538
lcl|NC_017455.1_prot_WP_014554119.1_1	GCF_009176665.1_WP_028139206.1	16.476	419	480	98	437	312	12	9	418	4	414	0.0	538
lcl|NC_017455.1_prot_WP_014554119.1_1	GCF_007361795.1_WP_058503068.1	16.941	419	459	98	425	310	11	10	418	1	398	0.0	538
lcl|NC_017455.1_prot_WP_014554119.1_1	GCF_006770325.1_WP_029577597.1	16.627	419	466	97	421	315	10	14	418	4	404	0.0	538
lcl|NC_017455.1_prot_WP_014554119.1_1	GCF_004367585.1_WP_134210651.1	16.981	419	471	97	424	314	12	12	417	2	405	0.0	538
lcl|NC_017455.1_prot_WP_014554119.1_1	GCF_004008975.1_WP_010931387.1	16.627	419	466	97	421	315	10	14	418	4	404	0.0	538
lcl|NC_017455.1_prot_WP_014554119.1_1	GCF_002849835.1_WP_077706407.1	16.745	419	469	97	424	314	13	13	417	3	406	0.0	538
lcl|NC_017455.1_prot_WP_014554119.1_1	GCF_002796605.1_WP_199560297.1	17.312	419	484	98	439	309	12	9	418	6	419	0.0	538
lcl|NC_017455.1_prot_WP_014554119.1_1	GCF_002215215.1_WP_088921582.1	16.825	419	461	97	422	308	11	13	418	3	397	0.0	538
lcl|NC_017455.1_prot_WP_014554119.1_1	GCF_002043005.1_WP_018062862.1	16.590	419	478	97	434	308	12	13	418	6	413	0.0	538
lcl|NC_017455.1_prot_WP_014554119.1_1	GCF_001708485.1_WP_015886645.1	17.536	419	458	97	422	305	11	13	418	3	397	0.0	538
lcl|NC_017455.1_prot_WP_014554119.1_1	GCF_000328545.1_WP_015311207.1	17.021	419	461	97	423	308	13	13	418	3	399	0.0	538
lcl|NC_017455.1_prot_WP_014554119.1_1	GCF_000297055.2_WP_009207218.1	16.114	419	458	97	422	311	11	13	418	3	397	0.0	538
lcl|NC_017455.1_prot_WP_014554119.1_1	GCF_000070465.1_WP_012418852.1	16.627	419	466	97	421	315	10	14	418	4	404	0.0	538
lcl|NC_017455.1_prot_WP_014554119.1_1	GCF_000008325.1_WP_010959385.1	17.536	419	460	97	422	305	11	13	418	3	397	0.0	538
lcl|NC_017455.1_prot_WP_014554119.1_1	GCF_900637515.1_WP_005385435.1	16.432	419	474	97	426	318	12	11	418	3	408	0.0	538
lcl|NC_017455.1_prot_WP_014554119.1_1	GCF_900477945.1_WP_005629235.1	16.588	419	457	97	422	308	11	13	418	3	396	0.0	538
lcl|NC_017455.1_prot_WP_014554119.1_1	GCF_900476035.1_WP_006719891.1	16.548	419	457	97	423	309	11	12	418	2	396	0.0	538
lcl|NC_017455.1_prot_WP_014554119.1_1	GCF_028743495.1_WP_144163392.1	17.730	419	466	97	423	307	13	13	417	3	402	0.0	538
lcl|NC_017455.1_prot_WP_014554119.1_1	GCF_021018745.1_WP_230841468.1	15.851	419	478	98	429	324	11	7	418	3	411	0.0	538
lcl|NC_017455.1_prot_WP_014554119.1_1	GCF_020810675.1_WP_049214371.1	17.494	419	457	97	423	305	11	12	418	2	396	0.0	538
lcl|NC_017455.1_prot_WP_014554119.1_1	GCF_019203965.1_WP_218284196.1	17.633	419	474	97	431	306	13	11	418	4	408	0.0	538
lcl|NC_017455.1_prot_WP_014554119.1_1	GCF_017347565.1_WP_207178077.1	17.701	419	485	97	435	305	12	11	418	12	420	0.0	538
lcl|NC_017455.1_prot_WP_014554119.1_1	GCF_015377145.2_WP_047279012.1	17.536	419	458	97	422	305	11	13	418	3	397	0.0	538
lcl|NC_017455.1_prot_WP_014554119.1_1	GCF_012849095.1_WP_169281568.1	16.038	419	472	97	424	317	12	13	417	3	406	0.0	538
lcl|NC_017455.1_prot_WP_014554119.1_1	GCF_010509575.1_WP_005930261.1	15.925	419	464	98	427	317	12	9	418	2	403	0.0	538
lcl|NC_017455.1_prot_WP_014554119.1_1	GCF_005887635.2_WP_138571964.1	16.898	419	474	97	432	309	13	11	418	3	408	0.0	538
lcl|NC_017455.1_prot_WP_014554119.1_1	GCF_004008295.1_WP_003815343.1	16.627	419	466	97	421	315	10	14	418	4	404	0.0	538
lcl|NC_017455.1_prot_WP_014554119.1_1	GCF_003574215.1_WP_119334213.1	17.021	419	465	97	423	314	11	12	418	2	403	0.0	538
lcl|NC_017455.1_prot_WP_014554119.1_1	GCF_002838765.1_WP_106647901.1	17.062	419	458	97	422	307	11	13	418	3	397	0.0	538
lcl|NC_017455.1_prot_WP_014554119.1_1	GCF_001741865.1_WP_069693105.1	17.620	419	488	99	437	311	12	5	418	12	422	0.0	538
lcl|NC_017455.1_prot_WP_014554119.1_1	GCF_001402875.1_WP_055035930.1	16.166	419	479	97	433	309	12	14	418	7	413	0.0	538
lcl|NC_017455.1_prot_WP_014554119.1_1	GCF_000344805.1_WP_015663580.1	16.018	419	480	98	437	314	12	9	418	4	414	0.0	538
lcl|NC_017455.1_prot_WP_014554119.1_1	GCF_000321415.2_WP_015260436.1	17.062	419	459	97	422	307	11	13	418	3	397	0.0	538
lcl|NC_017455.1_prot_WP_014554119.1_1	GCF_000217795.1_WP_013907943.1	16.862	419	474	98	427	318	11	9	418	3	409	0.0	538
lcl|NC_017455.1_prot_WP_014554119.1_1	GCF_000214665.1_WP_013821058.1	17.815	419	457	97	421	302	11	14	418	4	396	0.0	538
lcl|NC_017455.1_prot_WP_014554119.1_1	GCF_000011385.1_WP_011142564.1	15.851	419	478	98	429	324	11	7	418	3	411	0.0	538
lcl|NC_017455.1_prot_WP_014554119.1_1	GCF_000007805.1_WP_003377898.1	17.062	419	459	97	422	308	11	13	418	3	398	0.0	538
lcl|NC_017455.1_prot_WP_014554119.1_1	GCF_023921225.1_WP_252579986.1	17.090	419	467	99	433	316	11	2	418	1	406	0.0	537
lcl|NC_017455.1_prot_WP_014554119.1_1	GCF_019443285.1_WP_219895550.1	17.202	419	479	97	436	306	13	12	418	4	413	0.0	537
lcl|NC_017455.1_prot_WP_014554119.1_1	GCF_018734325.1_WP_215582292.1	17.102	419	457	97	421	305	11	14	418	4	396	0.0	537
lcl|NC_017455.1_prot_WP_014554119.1_1	GCF_018207515.1_WP_173136102.1	16.745	419	465	97	424	315	12	12	418	2	404	0.0	537
lcl|NC_017455.1_prot_WP_014554119.1_1	GCF_017498685.1_WP_038242209.1	16.548	419	460	97	423	312	11	12	418	2	399	0.0	537
lcl|NC_017455.1_prot_WP_014554119.1_1	GCF_014169735.1_WP_010672260.1	17.577	419	462	97	421	308	11	14	418	4	401	0.0	537
lcl|NC_017455.1_prot_WP_014554119.1_1	GCF_009762325.1_WP_157706024.1	17.130	419	474	97	432	308	13	11	418	3	408	0.0	537
lcl|NC_017455.1_prot_WP_014554119.1_1	GCF_009627355.1_WP_005017999.1	16.627	419	466	97	421	315	10	14	418	4	404	0.0	537
lcl|NC_017455.1_prot_WP_014554119.1_1	GCF_008245125.1_WP_042795567.1	16.390	419	466	97	421	316	10	14	418	4	404	0.0	537
lcl|NC_017455.1_prot_WP_014554119.1_1	GCF_003352005.1_WP_114917906.1	17.494	419	467	97	423	310	13	13	417	3	404	0.0	537
lcl|NC_017455.1_prot_WP_014554119.1_1	GCF_002983865.1_WP_011569627.1	16.435	419	474	97	432	311	13	11	418	3	408	0.0	537
lcl|NC_017455.1_prot_WP_014554119.1_1	GCF_001698185.1_WP_043210253.1	16.627	419	466	97	421	315	10	14	418	4	404	0.0	537
lcl|NC_017455.1_prot_WP_014554119.1_1	GCF_000341355.1_WP_015398546.1	16.968	419	530	99	442	313	12	5	418	48	463	0.0	537
lcl|NC_017455.1_prot_WP_014554119.1_1	GCF_000222975.1_WP_002220753.1	16.785	419	460	97	423	311	11	12	418	2	399	0.0	537
lcl|NC_017455.1_prot_WP_014554119.1_1	GCF_000196475.1_WP_012776231.1	16.785	419	460	97	423	311	11	12	418	2	399	0.0	537
lcl|NC_017455.1_prot_WP_014554119.1_1	GCF_000176035.2_WP_013892432.1	17.281	419	524	98	434	310	12	8	418	51	458	0.0	537
lcl|NC_017455.1_prot_WP_014554119.1_1	GCF_000024405.1_WP_012863213.1	53.511	419	414	98	413	185	4	4	415	1	407	0.0	537
lcl|NC_017455.1_prot_WP_014554119.1_1	GCF_000023745.1_WP_013443517.1	17.062	419	465	97	422	313	11	13	418	3	403	0.0	537
lcl|NC_017455.1_prot_WP_014554119.1_1	GCF_025133195.1_WP_050109302.1	16.548	419	460	97	423	312	11	12	418	2	399	0.0	537
lcl|NC_017455.1_prot_WP_014554119.1_1	GCF_013085545.1_WP_144234279.1	17.217	419	471	97	424	313	12	12	418	4	406	0.0	537
lcl|NC_017455.1_prot_WP_014554119.1_1	GCF_012955605.1_WP_170008348.1	16.509	419	468	97	424	313	13	12	417	2	402	0.0	537
lcl|NC_017455.1_prot_WP_014554119.1_1	GCF_008632455.1_WP_150047740.1	17.340	419	457	97	421	304	11	14	418	4	396	0.0	537
lcl|NC_017455.1_prot_WP_014554119.1_1	GCF_007990525.1_WP_232052945.1	53.717	419	485	99	417	187	3	4	419	73	484	0.0	537
lcl|NC_017455.1_prot_WP_014554119.1_1	GCF_005931095.1_WP_017841056.1	18.052	419	460	97	421	302	11	14	418	4	397	0.0	537
lcl|NC_017455.1_prot_WP_014554119.1_1	GCF_005577435.1_WP_138227291.1	16.981	419	466	97	424	315	11	12	418	2	405	0.0	537
lcl|NC_017455.1_prot_WP_014554119.1_1	GCF_003970735.1_WP_109760920.1	17.593	419	474	97	432	306	13	11	418	3	408	0.0	537
lcl|NC_017455.1_prot_WP_014554119.1_1	GCF_003945345.1_WP_125663643.1	16.745	419	472	97	424	314	12	13	417	3	406	0.0	537
lcl|NC_017455.1_prot_WP_014554119.1_1	GCF_003612795.1_WP_038479845.1	17.258	419	459	97	423	307	11	12	418	1	396	0.0	537
lcl|NC_017455.1_prot_WP_014554119.1_1	GCF_003345255.1_WP_102042791.1	16.351	419	466	97	422	317	10	13	418	3	404	0.0	537
lcl|NC_017455.1_prot_WP_014554119.1_1	GCF_003096015.2_WP_108900909.1	16.076	419	459	97	423	313	11	12	418	2	398	0.0	537
lcl|NC_017455.1_prot_WP_014554119.1_1	GCF_003019315.1_WP_005882868.1	17.606	419	466	98	426	308	13	10	418	1	400	0.0	537
lcl|NC_017455.1_prot_WP_014554119.1_1	GCF_002865995.1_WP_101508069.1	17.799	419	464	98	427	308	13	10	418	1	402	0.0	537
lcl|NC_017455.1_prot_WP_014554119.1_1	GCF_002844375.1_WP_101270029.1	18.372	419	472	97	430	303	13	11	418	4	407	0.0	537
lcl|NC_017455.1_prot_WP_014554119.1_1	GCF_001953055.1_WP_075997529.1	17.824	419	510	98	432	306	12	10	418	39	444	0.0	537
lcl|NC_017455.1_prot_WP_014554119.1_1	GCF_001866075.3_WP_182080407.1	17.840	419	470	97	426	310	13	12	417	2	407	0.0	537
lcl|NC_017455.1_prot_WP_014554119.1_1	GCF_001698205.1_WP_067678752.1	16.816	419	485	99	446	316	13	2	418	1	420	0.0	537
lcl|NC_017455.1_prot_WP_014554119.1_1	GCF_001281405.1_WP_053943791.1	17.512	419	537	97	434	304	12	13	418	63	470	0.0	537
lcl|NC_017455.1_prot_WP_014554119.1_1	GCF_000968535.2_WP_014146844.1	18.052	419	460	97	421	302	11	14	418	4	397	0.0	537
lcl|NC_017455.1_prot_WP_014554119.1_1	GCF_000739435.1_WP_005599061.1	16.785	419	457	97	423	308	11	12	418	2	396	0.0	537
lcl|NC_017455.1_prot_WP_014554119.1_1	GCF_000319385.1_WP_015088362.1	16.859	419	471	98	433	311	13	9	418	2	408	0.0	537
lcl|NC_017455.1_prot_WP_014554119.1_1	GCF_000231405.2_WP_006716811.1	16.038	419	465	97	424	316	12	12	418	2	402	0.0	537
lcl|NC_017455.1_prot_WP_014554119.1_1	GCF_000011965.2_WP_011048852.1	16.898	419	474	97	432	309	13	11	418	3	408	0.0	537
lcl|NC_017455.1_prot_WP_014554119.1_1	GCF_900638655.1_WP_047779410.1	16.076	419	459	97	423	313	11	12	418	2	398	0.0	537
lcl|NC_017455.1_prot_WP_014554119.1_1	GCF_900636675.1_WP_100853365.1	16.588	419	467	97	422	315	11	14	418	4	405	0.0	537
lcl|NC_017455.1_prot_WP_014554119.1_1	GCF_025917315.1_WP_030071599.1	17.258	419	459	97	423	307	11	12	418	1	396	0.0	537
lcl|NC_017455.1_prot_WP_014554119.1_1	GCF_019977655.1_WP_224036181.1	16.114	419	463	97	422	313	11	13	418	5	401	0.0	537
lcl|NC_017455.1_prot_WP_014554119.1_1	GCF_019669905.1_WP_054760816.1	17.815	419	457	97	421	302	11	14	418	4	396	0.0	537
lcl|NC_017455.1_prot_WP_014554119.1_1	GCF_018802645.1_WP_028534619.1	17.056	419	464	97	428	306	12	13	418	3	403	0.0	537
lcl|NC_017455.1_prot_WP_014554119.1_1	GCF_018736085.1_WP_215614248.1	17.249	419	476	97	429	306	12	13	418	8	410	0.0	537
lcl|NC_017455.1_prot_WP_014554119.1_1	GCF_018138125.1_WP_209325613.1	17.412	419	467	97	425	311	13	12	417	1	404	0.0	537
lcl|NC_017455.1_prot_WP_014554119.1_1	GCF_016028795.1_WP_103214208.1	17.217	419	471	97	424	313	12	12	417	2	405	0.0	537
lcl|NC_017455.1_prot_WP_014554119.1_1	GCF_014899185.1_WP_193080763.1	17.361	419	474	97	432	307	13	11	418	3	408	0.0	537
lcl|NC_017455.1_prot_WP_014554119.1_1	GCF_014697095.1_WP_009286338.1	17.258	419	459	97	423	307	11	12	418	1	396	0.0	537
lcl|NC_017455.1_prot_WP_014554119.1_1	GCF_013260645.1_WP_173212231.1	16.368	419	485	99	446	318	13	2	418	1	420	0.0	537
lcl|NC_017455.1_prot_WP_014554119.1_1	GCF_012317185.1_WP_002606933.1	15.130	419	466	97	423	318	12	11	416	3	401	0.0	537
lcl|NC_017455.1_prot_WP_014554119.1_1	GCF_011397855.1_WP_044410002.1	17.299	419	458	97	422	306	11	13	418	3	397	0.0	537
lcl|NC_017455.1_prot_WP_014554119.1_1	GCF_011044255.1_WP_165321761.1	17.084	419	483	98	439	310	12	9	418	4	417	0.0	537
lcl|NC_017455.1_prot_WP_014554119.1_1	GCF_009936175.1_WP_014924520.1	16.290	419	536	99	442	316	12	5	418	54	469	0.0	537
lcl|NC_017455.1_prot_WP_014554119.1_1	GCF_009913435.1_WP_160593832.1	17.265	419	484	99	446	313	14	2	418	1	419	0.0	537
lcl|NC_017455.1_prot_WP_014554119.1_1	GCF_009833965.1_WP_159991732.1	16.825	419	466	97	422	314	11	14	418	4	405	0.0	537
lcl|NC_017455.1_prot_WP_014554119.1_1	GCF_004114915.1_WP_027561880.1	15.935	419	477	97	433	311	12	13	418	5	411	0.0	537
lcl|NC_017455.1_prot_WP_014554119.1_1	GCF_003966895.1_WP_126308538.1	17.176	419	469	97	425	313	13	12	418	2	405	0.0	537
lcl|NC_017455.1_prot_WP_014554119.1_1	GCF_003265225.1_WP_261920153.1	17.258	419	457	97	423	306	11	12	418	2	396	0.0	537
lcl|NC_017455.1_prot_WP_014554119.1_1	GCF_003058465.1_WP_108622466.1	15.914	419	466	97	421	318	10	14	418	4	404	0.0	537
lcl|NC_017455.1_prot_WP_014554119.1_1	GCF_002097535.1_WP_085028263.1	17.217	419	470	96	424	311	13	14	417	4	407	0.0	537
lcl|NC_017455.1_prot_WP_014554119.1_1	GCF_001940525.2_WP_075774504.1	16.397	419	472	98	433	312	13	10	418	1	407	0.0	537
lcl|NC_017455.1_prot_WP_014554119.1_1	GCF_001553605.1_WP_008682594.1	16.706	419	473	97	425	316	12	11	418	3	406	0.0	537
lcl|NC_017455.1_prot_WP_014554119.1_1	GCF_000931575.1_WP_005649402.1	16.351	419	457	97	422	309	11	13	418	3	396	0.0	537
lcl|NC_017455.1_prot_WP_014554119.1_1	GCF_000599985.1_WP_025314341.1	17.258	419	460	97	423	309	11	12	418	2	399	0.0	537
lcl|NC_017455.1_prot_WP_014554119.1_1	GCF_000218565.1_WP_012561770.1	16.359	419	476	98	434	314	12	8	418	3	410	0.0	537
lcl|NC_017455.1_prot_WP_014554119.1_1	GCF_000093085.1_WP_013174038.1	16.901	419	472	97	426	314	13	12	417	2	407	0.0	537
lcl|NC_017455.1_prot_WP_014554119.1_1	GCF_000091325.1_WP_013053589.1	17.536	419	458	97	422	305	11	13	418	3	397	0.0	537
lcl|NC_017455.1_prot_WP_014554119.1_1	GCF_000067165.1_WP_012237076.1	18.837	419	474	97	430	306	11	12	418	2	411	0.0	537
lcl|NC_017455.1_prot_WP_014554119.1_1	GCF_000024465.1_WP_013046714.1	17.090	419	474	98	433	310	13	9	418	2	408	0.0	537
lcl|NC_017455.1_prot_WP_014554119.1_1	GCF_000019905.1_WP_012371540.1	15.888	419	472	98	428	320	13	9	417	3	409	0.0	537
lcl|NC_017455.1_prot_WP_014554119.1_1	GCF_000018145.1_WP_012179595.1	16.667	419	474	97	432	310	13	11	418	3	408	0.0	537
lcl|NC_017455.1_prot_WP_014554119.1_1	GCF_000015485.1_WP_010938076.1	16.981	419	470	97	424	314	12	12	418	4	406	0.0	537
lcl|NC_017455.1_prot_WP_014554119.1_1	GCF_000011345.1_WP_011056375.1	16.820	419	482	98	434	317	11	9	418	6	419	0.0	537
lcl|NC_017455.1_prot_WP_014554119.1_1	GCF_902860225.1_WP_176604807.1	16.941	419	459	98	425	310	11	10	418	1	398	0.0	536
lcl|NC_017455.1_prot_WP_014554119.1_1	GCF_028885395.1_WP_050661028.1	16.898	419	474	97	432	309	13	11	418	3	408	0.0	536
lcl|NC_017455.1_prot_WP_014554119.1_1	GCF_021310995.1_WP_112499077.1	17.528	419	485	99	445	313	13	2	418	1	419	0.0	536
lcl|NC_017455.1_prot_WP_014554119.1_1	GCF_020883535.1_WP_229293172.1	17.536	419	470	96	422	309	13	14	417	4	404	0.0	536
