# PSIBLAST 2.13.0+
# Iteration: 1
# Query: tr|A0A0E1NSG3|A0A0E1NSG3_YERPA Rho-binding antiterminator OS=Yersinia pestis bv. Antiqua (strain Antiqua) OX=360102 GN=YPA_0540 PE=4 SV=1
# Database: db/chosen-bacteria_proteome_exDup
# Fields: query id, subject id, % identity, query length, subject length, % query coverage per subject, alignment length, mismatches, gap opens, q. start, q. end, s. start, s. end, evalue, bit score
# 270 hits found
tr|A0A0E1NSG3|A0A0E1NSG3_YERPA	GCF_000222975.1_WP_002218374.1	100.000	86	86	100	86	0	0	1	86	1	86	4.23e-58	179
tr|A0A0E1NSG3|A0A0E1NSG3_YERPA	GCF_004124235.1_WP_025377303.1	98.837	86	86	100	86	1	0	1	86	1	86	2.09e-57	177
tr|A0A0E1NSG3|A0A0E1NSG3_YERPA	GCF_009730055.1_WP_032906500.1	98.837	86	86	100	86	1	0	1	86	1	86	3.19e-57	176
tr|A0A0E1NSG3|A0A0E1NSG3_YERPA	GCF_000834455.1_WP_032817050.1	98.837	86	86	100	86	1	0	1	86	1	86	5.22e-57	176
tr|A0A0E1NSG3|A0A0E1NSG3_YERPA	GCF_000834395.1_WP_042546713.1	97.674	86	86	100	86	2	0	1	86	1	86	1.17e-56	175
tr|A0A0E1NSG3|A0A0E1NSG3_YERPA	GCF_013282725.1_WP_032813813.1	96.512	86	86	100	86	3	0	1	86	1	86	1.24e-56	175
tr|A0A0E1NSG3|A0A0E1NSG3_YERPA	GCF_017498685.1_WP_038245151.1	91.860	86	86	100	86	7	0	1	86	1	86	1.32e-53	167
tr|A0A0E1NSG3|A0A0E1NSG3_YERPA	GCF_025133195.1_WP_032910235.1	91.860	86	86	100	86	7	0	1	86	1	86	7.19e-53	165
tr|A0A0E1NSG3|A0A0E1NSG3_YERPA	GCF_021276285.1_WP_095923198.1	82.353	86	86	99	85	15	0	1	85	1	85	1.25e-48	154
tr|A0A0E1NSG3|A0A0E1NSG3_YERPA	GCF_022637475.1_WP_013574214.1	81.176	86	86	99	85	16	0	1	85	1	85	2.36e-48	154
tr|A0A0E1NSG3|A0A0E1NSG3_YERPA	GCF_003594935.2_WP_006173581.1	77.907	86	86	100	86	19	0	1	86	1	86	6.26e-45	145
tr|A0A0E1NSG3|A0A0E1NSG3_YERPA	GCF_000224675.1_WP_010426685.1	77.907	86	86	100	86	19	0	1	86	1	86	1.13e-44	144
tr|A0A0E1NSG3|A0A0E1NSG3_YERPA	GCF_001750725.1_WP_014168720.1	77.907	86	86	100	86	19	0	1	86	1	86	1.20e-44	144
tr|A0A0E1NSG3|A0A0E1NSG3_YERPA	GCF_025914095.1_WP_031518416.1	76.744	86	86	100	86	20	0	1	86	1	86	1.51e-44	144
tr|A0A0E1NSG3|A0A0E1NSG3_YERPA	GCF_015137655.1_WP_028015593.1	76.744	86	86	100	86	20	0	1	86	1	86	1.82e-44	144
tr|A0A0E1NSG3|A0A0E1NSG3_YERPA	GCF_009176645.1_WP_152083529.1	76.744	86	86	100	86	20	0	1	86	1	86	2.20e-44	143
tr|A0A0E1NSG3|A0A0E1NSG3_YERPA	GCF_019048625.1_WP_023305471.1	76.744	86	86	100	86	20	0	1	86	1	86	5.23e-44	143
tr|A0A0E1NSG3|A0A0E1NSG3_YERPA	GCF_001022135.1_WP_039078449.1	76.744	86	86	100	86	20	0	1	86	1	86	5.40e-44	143
tr|A0A0E1NSG3|A0A0E1NSG3_YERPA	GCF_001461805.1_WP_013367515.1	75.581	86	86	100	86	21	0	1	86	1	86	7.25e-44	142
tr|A0A0E1NSG3|A0A0E1NSG3_YERPA	GCF_001729805.1_WP_008501890.1	75.581	86	86	100	86	21	0	1	86	1	86	9.05e-44	142
tr|A0A0E1NSG3|A0A0E1NSG3_YERPA	GCF_001518835.1_WP_059308693.1	75.581	86	86	100	86	21	0	1	86	1	86	1.02e-43	142
tr|A0A0E1NSG3|A0A0E1NSG3_YERPA	GCF_020150375.1_WP_004094310.1	77.907	86	86	100	86	19	0	1	86	1	86	1.18e-43	142
tr|A0A0E1NSG3|A0A0E1NSG3_YERPA	GCF_009036245.1_WP_025756830.1	75.581	86	86	100	86	21	0	1	86	1	86	1.51e-43	141
tr|A0A0E1NSG3|A0A0E1NSG3_YERPA	GCF_011617105.1_WP_025800203.1	76.744	86	86	100	86	20	0	1	86	1	86	1.60e-43	141
tr|A0A0E1NSG3|A0A0E1NSG3_YERPA	GCF_003019925.1_WP_162185254.1	77.647	86	86	99	85	19	0	1	85	1	85	1.88e-43	141
tr|A0A0E1NSG3|A0A0E1NSG3_YERPA	GCF_021462285.1_WP_234585968.1	74.419	86	87	100	86	22	0	1	86	1	86	3.24e-43	141
tr|A0A0E1NSG3|A0A0E1NSG3_YERPA	GCF_024224615.1_WP_125293588.1	73.810	86	86	98	84	22	0	1	84	1	84	3.33e-43	141
tr|A0A0E1NSG3|A0A0E1NSG3_YERPA	GCF_000240185.1_YP_005225236.1	74.419	86	86	100	86	22	0	1	86	1	86	3.70e-43	140
tr|A0A0E1NSG3|A0A0E1NSG3_YERPA	GCF_020097475.1_WP_000062318.1	75.581	86	86	100	86	21	0	1	86	1	86	4.07e-43	140
tr|A0A0E1NSG3|A0A0E1NSG3_YERPA	GCF_018128425.1_WP_042289833.1	75.581	86	86	100	86	21	0	1	86	1	86	4.16e-43	140
tr|A0A0E1NSG3|A0A0E1NSG3_YERPA	GCF_005484965.1_WP_009114129.1	76.744	86	86	100	86	20	0	1	86	1	86	4.33e-43	140
tr|A0A0E1NSG3|A0A0E1NSG3_YERPA	GCF_001010285.1_WP_046974061.1	76.744	86	88	100	86	20	0	1	86	1	86	5.15e-43	140
tr|A0A0E1NSG3|A0A0E1NSG3_YERPA	GCF_001642805.2_WP_004931991.1	74.419	86	87	100	86	22	0	1	86	1	86	5.78e-43	140
tr|A0A0E1NSG3|A0A0E1NSG3_YERPA	GCF_001277255.1_WP_007666633.1	70.930	86	86	100	86	25	0	1	86	1	86	6.05e-43	140
tr|A0A0E1NSG3|A0A0E1NSG3_YERPA	GCF_900187015.1_WP_061796701.1	74.419	86	87	100	86	22	0	1	86	1	86	6.07e-43	140
tr|A0A0E1NSG3|A0A0E1NSG3_YERPA	GCF_001277195.1_WP_032966924.1	70.930	86	86	100	86	25	0	1	86	1	86	7.09e-43	140
tr|A0A0E1NSG3|A0A0E1NSG3_YERPA	GCF_002288545.1_WP_029367608.1	73.256	86	86	100	86	23	0	1	86	1	86	1.29e-42	139
tr|A0A0E1NSG3|A0A0E1NSG3_YERPA	GCF_022637515.1_WP_064539750.1	72.093	86	86	100	86	24	0	1	86	1	86	1.30e-42	139
tr|A0A0E1NSG3|A0A0E1NSG3_YERPA	GCF_021278985.1_WP_012904575.1	74.419	86	86	100	86	22	0	1	86	1	86	1.34e-42	139
tr|A0A0E1NSG3|A0A0E1NSG3_YERPA	GCF_001277215.2_WP_007776988.1	70.930	86	86	100	86	25	0	1	86	1	86	1.39e-42	139
tr|A0A0E1NSG3|A0A0E1NSG3_YERPA	GCF_022637595.1_WP_004858152.1	73.256	86	86	100	86	23	0	1	86	1	86	1.55e-42	139
tr|A0A0E1NSG3|A0A0E1NSG3_YERPA	GCF_000439255.1_WP_000062328.1	76.744	86	86	100	86	20	0	1	86	1	86	1.58e-42	139
tr|A0A0E1NSG3|A0A0E1NSG3_YERPA	GCF_000520015.2_WP_024910172.1	73.256	86	87	100	86	23	0	1	86	1	86	1.63e-42	139
tr|A0A0E1NSG3|A0A0E1NSG3_YERPA	GCF_020181655.1_WP_225087160.1	72.093	86	86	100	86	24	0	1	86	1	86	1.73e-42	139
tr|A0A0E1NSG3|A0A0E1NSG3_YERPA	GCF_003261575.2_WP_110272453.1	73.256	86	86	100	86	23	0	1	86	1	86	1.93e-42	139
tr|A0A0E1NSG3|A0A0E1NSG3_YERPA	GCF_000740965.1_WP_011092648.1	72.093	86	86	100	86	24	0	1	86	1	86	2.02e-42	139
tr|A0A0E1NSG3|A0A0E1NSG3_YERPA	GCF_900635955.1_WP_126357486.1	75.000	86	86	98	84	21	0	1	84	1	84	2.18e-42	138
tr|A0A0E1NSG3|A0A0E1NSG3_YERPA	GCF_001277175.1_WP_007760020.1	70.930	86	86	100	86	25	0	1	86	1	86	2.21e-42	138
tr|A0A0E1NSG3|A0A0E1NSG3_YERPA	GCF_009873295.1_WP_039312412.1	73.256	86	86	100	86	23	0	1	86	1	86	2.23e-42	138
tr|A0A0E1NSG3|A0A0E1NSG3_YERPA	GCF_000006925.2_NP_706134.1	74.419	86	86	100	86	22	0	1	86	1	86	2.28e-42	138
tr|A0A0E1NSG3|A0A0E1NSG3_YERPA	GCF_004684345.1_WP_135323069.1	73.256	86	86	100	86	23	0	1	86	1	86	2.55e-42	138
tr|A0A0E1NSG3|A0A0E1NSG3_YERPA	GCF_019090985.1_WP_036781226.1	73.256	86	88	100	86	23	0	1	86	1	86	2.73e-42	138
tr|A0A0E1NSG3|A0A0E1NSG3_YERPA	GCF_017569925.1_WP_208228065.1	74.419	86	86	100	86	22	0	1	86	1	86	3.04e-42	138
tr|A0A0E1NSG3|A0A0E1NSG3_YERPA	GCF_002291445.1_WP_048635886.1	74.419	86	86	100	86	22	0	1	86	1	86	3.45e-42	138
tr|A0A0E1NSG3|A0A0E1NSG3_YERPA	GCF_023195735.1_WP_035891978.1	72.093	86	86	100	86	24	0	1	86	1	86	3.53e-42	138
tr|A0A0E1NSG3|A0A0E1NSG3_YERPA	GCF_021172065.1_WP_015965827.1	73.256	86	86	100	86	23	0	1	86	1	86	3.53e-42	138
tr|A0A0E1NSG3|A0A0E1NSG3_YERPA	GCF_001742185.1_WP_005975933.1	72.093	86	86	100	86	24	0	1	86	1	86	3.68e-42	138
tr|A0A0E1NSG3|A0A0E1NSG3_YERPA	GCF_013234275.1_WP_172895488.1	70.930	86	86	100	86	25	0	1	86	1	86	4.41e-42	138
tr|A0A0E1NSG3|A0A0E1NSG3_YERPA	GCF_011068345.1_WP_002436992.1	71.429	86	86	98	84	24	0	1	84	1	84	5.13e-42	138
tr|A0A0E1NSG3|A0A0E1NSG3_YERPA	GCF_025758125.1_WP_023480196.1	70.930	86	86	100	86	25	0	1	86	1	86	6.31e-42	137
tr|A0A0E1NSG3|A0A0E1NSG3_YERPA	GCF_012427845.1_WP_012773648.1	72.093	86	86	100	86	24	0	1	86	1	86	6.78e-42	137
tr|A0A0E1NSG3|A0A0E1NSG3_YERPA	GCF_900638065.1_WP_048212636.1	72.093	86	86	100	86	24	0	1	86	1	86	6.94e-42	137
tr|A0A0E1NSG3|A0A0E1NSG3_YERPA	GCF_009931295.1_WP_161528353.1	72.093	86	86	100	86	24	0	1	86	1	86	7.22e-42	137
tr|A0A0E1NSG3|A0A0E1NSG3_YERPA	GCF_001558935.2_WP_042323659.1	73.256	86	86	100	86	23	0	1	86	1	86	7.40e-42	137
tr|A0A0E1NSG3|A0A0E1NSG3_YERPA	GCF_003812345.1_WP_003018503.1	72.093	86	86	100	86	24	0	1	86	1	86	7.46e-42	137
tr|A0A0E1NSG3|A0A0E1NSG3_YERPA	GCF_015139575.1_WP_004098776.1	72.093	86	86	100	86	24	0	1	86	1	86	7.70e-42	137
tr|A0A0E1NSG3|A0A0E1NSG3_YERPA	GCF_016026735.1_WP_015673540.1	73.256	86	87	100	86	23	0	1	86	1	86	8.49e-42	137
tr|A0A0E1NSG3|A0A0E1NSG3_YERPA	GCF_007632255.1_WP_015368146.1	73.256	86	86	100	86	23	0	1	86	1	86	8.95e-42	137
tr|A0A0E1NSG3|A0A0E1NSG3_YERPA	GCF_016904755.1_WP_059234959.1	76.190	86	86	98	84	20	0	1	84	1	84	9.32e-42	137
tr|A0A0E1NSG3|A0A0E1NSG3_YERPA	GCF_005484945.1_WP_137712817.1	74.419	86	86	100	86	22	0	1	86	1	86	1.00e-41	137
tr|A0A0E1NSG3|A0A0E1NSG3_YERPA	GCF_002393445.1_WP_061273728.1	73.810	86	86	98	84	22	0	1	84	1	84	1.01e-41	137
tr|A0A0E1NSG3|A0A0E1NSG3_YERPA	GCF_027886705.1_WP_061497537.1	73.256	86	86	100	86	23	0	1	86	1	86	1.08e-41	137
tr|A0A0E1NSG3|A0A0E1NSG3_YERPA	GCF_003812925.1_WP_004107903.1	70.930	86	86	100	86	25	0	1	86	1	86	1.19e-41	137
tr|A0A0E1NSG3|A0A0E1NSG3_YERPA	GCF_006711645.1_WP_100682484.1	70.930	86	86	100	86	25	0	1	86	1	86	1.24e-41	136
tr|A0A0E1NSG3|A0A0E1NSG3_YERPA	GCF_009649915.1_WP_062772223.1	70.930	86	86	100	86	25	0	1	86	1	86	1.72e-41	136
tr|A0A0E1NSG3|A0A0E1NSG3_YERPA	GCF_000196155.1_WP_011145066.1	72.093	86	88	100	86	24	0	1	86	1	86	1.83e-41	136
tr|A0A0E1NSG3|A0A0E1NSG3_YERPA	GCF_001683395.1_WP_017458015.1	70.930	86	86	100	86	25	0	1	86	1	86	2.01e-41	136
tr|A0A0E1NSG3|A0A0E1NSG3_YERPA	GCF_018139045.1_WP_004129134.1	70.930	86	86	100	86	25	0	1	86	1	86	2.13e-41	136
tr|A0A0E1NSG3|A0A0E1NSG3_YERPA	GCF_003935895.2_WP_110510858.1	72.619	86	86	98	84	23	0	1	84	1	84	2.52e-41	136
tr|A0A0E1NSG3|A0A0E1NSG3_YERPA	GCF_000196475.1_WP_012776850.1	73.256	86	88	100	86	23	0	1	86	1	86	2.63e-41	136
tr|A0A0E1NSG3|A0A0E1NSG3_YERPA	GCF_000262305.1_WP_002441069.1	70.930	86	86	100	86	25	0	1	86	1	86	3.04e-41	136
tr|A0A0E1NSG3|A0A0E1NSG3_YERPA	GCF_000018045.1_WP_024130681.1	70.930	86	86	100	86	25	0	1	86	1	86	3.09e-41	136
tr|A0A0E1NSG3|A0A0E1NSG3_YERPA	GCF_003992745.1_WP_014700896.1	69.767	86	86	100	86	26	0	1	86	1	86	3.24e-41	136
tr|A0A0E1NSG3|A0A0E1NSG3_YERPA	GCF_009817885.1_WP_105232289.1	72.093	86	87	100	86	24	0	1	86	1	86	3.33e-41	136
tr|A0A0E1NSG3|A0A0E1NSG3_YERPA	GCF_002812485.1_WP_038661467.1	72.619	86	86	98	84	23	0	1	84	1	84	3.46e-41	135
tr|A0A0E1NSG3|A0A0E1NSG3_YERPA	GCF_001658025.2_WP_007373243.1	70.930	86	86	100	86	25	0	1	86	1	86	3.48e-41	135
tr|A0A0E1NSG3|A0A0E1NSG3_YERPA	GCF_002163605.1_WP_157665988.1	74.419	86	86	100	86	22	0	1	86	1	86	3.63e-41	135
tr|A0A0E1NSG3|A0A0E1NSG3_YERPA	GCF_009363135.1_WP_090122691.1	70.930	86	86	100	86	25	0	1	86	1	86	3.74e-41	135
tr|A0A0E1NSG3|A0A0E1NSG3_YERPA	GCF_009648935.1_WP_047417117.1	70.930	86	86	100	86	25	0	1	86	1	86	4.94e-41	135
tr|A0A0E1NSG3|A0A0E1NSG3_YERPA	GCF_004353845.1_WP_103768334.1	70.930	86	86	100	86	25	0	1	86	1	86	6.48e-41	135
tr|A0A0E1NSG3|A0A0E1NSG3_YERPA	GCF_000023565.1_WP_012770818.1	72.619	86	86	98	84	23	0	1	84	1	84	7.24e-41	135
tr|A0A0E1NSG3|A0A0E1NSG3_YERPA	GCF_000005845.2_NP_414731.2	73.810	86	84	98	84	22	0	3	86	1	84	7.62e-41	134
tr|A0A0E1NSG3|A0A0E1NSG3_YERPA	GCF_000025065.1_WP_012883679.1	71.429	86	86	98	84	24	0	1	84	1	84	8.83e-41	134
tr|A0A0E1NSG3|A0A0E1NSG3_YERPA	GCF_012029655.1_WP_041144145.1	72.093	86	86	100	86	24	0	1	86	1	86	9.19e-41	134
tr|A0A0E1NSG3|A0A0E1NSG3_YERPA	GCF_900095885.1_WP_035340381.1	74.419	86	86	100	86	22	0	1	86	1	86	9.87e-41	134
tr|A0A0E1NSG3|A0A0E1NSG3_YERPA	GCF_000517425.1_WP_025421126.1	68.235	86	86	99	85	27	0	1	85	1	85	1.23e-40	134
tr|A0A0E1NSG3|A0A0E1NSG3_YERPA	GCF_000006945.2_NP_459242.1	73.256	86	86	100	86	23	0	1	86	1	86	1.69e-40	134
tr|A0A0E1NSG3|A0A0E1NSG3_YERPA	GCF_007858975.2_WP_042869176.1	71.429	86	86	98	84	24	0	1	84	1	84	1.81e-40	134
tr|A0A0E1NSG3|A0A0E1NSG3_YERPA	GCF_003403135.1_WP_024104894.1	71.429	86	86	98	84	24	0	1	84	1	84	2.26e-40	133
tr|A0A0E1NSG3|A0A0E1NSG3_YERPA	GCF_000010085.1_WP_011411656.1	67.059	86	86	99	85	28	0	1	85	1	85	3.90e-40	133
tr|A0A0E1NSG3|A0A0E1NSG3_YERPA	GCF_000264765.2_WP_034163237.1	69.767	86	86	100	86	26	0	1	86	1	86	5.90e-40	132
tr|A0A0E1NSG3|A0A0E1NSG3_YERPA	GCF_000147055.1_WP_022632468.1	71.429	86	86	98	84	24	0	1	84	1	84	6.04e-40	132
tr|A0A0E1NSG3|A0A0E1NSG3_YERPA	GCF_000023545.1_WP_015854637.1	70.930	86	86	100	86	25	0	1	86	1	86	6.09e-40	132
tr|A0A0E1NSG3|A0A0E1NSG3_YERPA	GCF_902387845.1_WP_004237241.1	67.442	86	88	100	86	28	0	1	86	1	86	8.97e-40	132
tr|A0A0E1NSG3|A0A0E1NSG3_YERPA	GCF_003515985.1_WP_085653101.1	71.429	86	86	98	84	24	0	1	84	1	84	1.12e-39	132
tr|A0A0E1NSG3|A0A0E1NSG3_YERPA	GCF_019797845.1_WP_222158377.1	69.767	86	86	100	86	26	0	1	86	1	86	2.24e-39	131
tr|A0A0E1NSG3|A0A0E1NSG3_YERPA	GCF_021733145.1_WP_012847629.1	69.048	86	86	98	84	26	0	1	84	1	84	2.53e-39	131
tr|A0A0E1NSG3|A0A0E1NSG3_YERPA	GCF_900478135.1_WP_111739359.1	71.765	86	88	98	85	23	1	1	84	1	85	5.49e-39	130
tr|A0A0E1NSG3|A0A0E1NSG3_YERPA	GCF_002291425.1_WP_095847471.1	70.930	86	87	100	86	25	0	1	86	1	86	1.43e-38	129
tr|A0A0E1NSG3|A0A0E1NSG3_YERPA	GCF_900638655.1_WP_047781753.1	70.115	86	88	100	87	25	1	1	86	1	87	2.09e-38	128
tr|A0A0E1NSG3|A0A0E1NSG3_YERPA	GCF_015999465.1_WP_085688159.1	70.238	86	86	98	84	25	0	1	84	1	84	2.11e-38	128
tr|A0A0E1NSG3|A0A0E1NSG3_YERPA	GCF_002504285.1_WP_005282992.1	67.442	86	86	100	86	28	0	1	86	1	86	3.35e-38	128
tr|A0A0E1NSG3|A0A0E1NSG3_YERPA	GCF_029277985.1_WP_154623766.1	69.767	86	87	100	86	26	0	1	86	1	86	4.33e-38	127
tr|A0A0E1NSG3|A0A0E1NSG3_YERPA	GCF_016026395.1_WP_024524235.1	66.279	86	86	100	86	29	0	1	86	1	86	2.33e-37	126
tr|A0A0E1NSG3|A0A0E1NSG3_YERPA	GCF_017743015.1_WP_209027287.1	68.605	86	88	100	86	27	0	1	86	1	86	3.11e-37	125
tr|A0A0E1NSG3|A0A0E1NSG3_YERPA	GCF_003096015.2_WP_230514010.1	68.966	86	88	100	87	26	1	1	86	1	87	3.21e-37	125
tr|A0A0E1NSG3|A0A0E1NSG3_YERPA	GCF_000517405.1_WP_038469034.1	66.667	86	83	94	81	27	0	5	85	2	82	3.28e-37	125
tr|A0A0E1NSG3|A0A0E1NSG3_YERPA	GCF_011044475.1_WP_033740322.1	67.857	86	86	98	84	27	0	1	84	1	84	1.06e-36	124
tr|A0A0E1NSG3|A0A0E1NSG3_YERPA	GCF_004768525.1_WP_026822068.1	66.279	86	88	100	86	29	0	1	86	1	86	1.18e-36	124
tr|A0A0E1NSG3|A0A0E1NSG3_YERPA	GCF_000233595.1_WP_013024706.1	66.667	86	86	98	84	28	0	1	84	1	84	1.70e-36	123
tr|A0A0E1NSG3|A0A0E1NSG3_YERPA	GCF_017348915.1_WP_040077077.1	75.581	86	86	100	86	21	0	1	86	1	86	2.61e-36	123
tr|A0A0E1NSG3|A0A0E1NSG3_YERPA	GCF_025946765.1_WP_264497926.1	67.857	86	86	98	84	27	0	1	84	1	84	5.77e-36	122
tr|A0A0E1NSG3|A0A0E1NSG3_YERPA	GCF_004295645.1_WP_228350951.1	68.966	86	88	100	87	26	1	1	86	1	87	9.95e-36	121
tr|A0A0E1NSG3|A0A0E1NSG3_YERPA	GCF_009914055.1_WP_160619715.1	66.279	86	87	100	86	29	0	1	86	1	86	1.04e-35	121
tr|A0A0E1NSG3|A0A0E1NSG3_YERPA	GCF_023517775.1_WP_249893541.1	65.116	86	87	100	86	30	0	1	86	1	86	1.07e-35	121
tr|A0A0E1NSG3|A0A0E1NSG3_YERPA	GCF_019844095.1_WP_062747070.1	63.953	86	88	100	86	31	0	1	86	2	87	1.12e-35	121
tr|A0A0E1NSG3|A0A0E1NSG3_YERPA	GCF_000261045.2_WP_006318653.1	67.442	86	87	100	86	28	0	1	86	1	86	1.21e-35	121
tr|A0A0E1NSG3|A0A0E1NSG3_YERPA	GCF_014295015.1_WP_013185414.1	67.470	86	87	97	83	27	0	4	86	5	87	1.36e-35	121
tr|A0A0E1NSG3|A0A0E1NSG3_YERPA	GCF_000968195.1_WP_045972480.1	67.470	86	87	97	83	27	0	4	86	5	87	1.90e-35	121
tr|A0A0E1NSG3|A0A0E1NSG3_YERPA	GCF_020268605.1_WP_180560445.1	65.116	86	88	100	86	30	0	1	86	1	86	2.24e-35	121
tr|A0A0E1NSG3|A0A0E1NSG3_YERPA	GCF_019047765.1_WP_040230035.1	72.093	86	86	100	86	24	0	1	86	1	86	3.26e-35	120
tr|A0A0E1NSG3|A0A0E1NSG3_YERPA	GCF_004792415.1_WP_013356856.1	62.353	86	86	99	85	32	0	1	85	1	85	3.31e-35	120
tr|A0A0E1NSG3|A0A0E1NSG3_YERPA	GCF_020079945.1_WP_039382769.1	64.286	86	87	98	84	30	0	1	84	1	84	3.38e-35	120
tr|A0A0E1NSG3|A0A0E1NSG3_YERPA	GCF_000214235.1_WP_004952197.1	67.857	86	85	98	84	27	0	3	86	1	84	3.44e-35	120
tr|A0A0E1NSG3|A0A0E1NSG3_YERPA	GCF_020683125.1_WP_133842177.1	61.628	86	88	100	86	33	0	1	86	2	87	5.32e-35	120
tr|A0A0E1NSG3|A0A0E1NSG3_YERPA	GCF_009646115.1_WP_008925644.1	62.353	86	86	99	85	32	0	1	85	1	85	5.78e-35	120
tr|A0A0E1NSG3|A0A0E1NSG3_YERPA	GCF_013460135.1_WP_180816665.1	65.060	86	88	97	83	29	0	1	83	1	83	8.31e-35	119
tr|A0A0E1NSG3|A0A0E1NSG3_YERPA	GCF_002953195.1_WP_038628016.1	62.791	86	87	100	86	32	0	1	86	1	86	8.62e-35	119
tr|A0A0E1NSG3|A0A0E1NSG3_YERPA	GCF_001721185.1_WP_069317984.1	66.279	86	87	100	86	29	0	1	86	1	86	8.83e-35	119
tr|A0A0E1NSG3|A0A0E1NSG3_YERPA	GCF_008364325.2_WP_230090436.1	66.667	86	85	98	84	28	0	3	86	1	84	9.52e-35	119
tr|A0A0E1NSG3|A0A0E1NSG3_YERPA	GCF_019890955.1_WP_211725887.1	63.095	86	87	98	84	31	0	1	84	1	84	1.12e-34	119
tr|A0A0E1NSG3|A0A0E1NSG3_YERPA	GCF_003074995.2_WP_015870269.1	61.905	86	86	98	84	32	0	1	84	1	84	1.35e-34	119
tr|A0A0E1NSG3|A0A0E1NSG3_YERPA	GCF_019048385.1_WP_062759648.1	61.176	86	86	99	85	33	0	1	85	1	85	1.50e-34	118
tr|A0A0E1NSG3|A0A0E1NSG3_YERPA	GCF_900638135.1_WP_012146468.1	66.279	86	87	100	86	29	0	1	86	1	86	1.63e-34	118
tr|A0A0E1NSG3|A0A0E1NSG3_YERPA	GCF_000196615.1_WP_013200864.1	60.465	86	87	100	86	34	0	1	86	1	86	1.78e-34	118
tr|A0A0E1NSG3|A0A0E1NSG3_YERPA	GCF_002101395.1_WP_085067900.1	62.791	86	87	100	86	32	0	1	86	1	86	2.05e-34	118
tr|A0A0E1NSG3|A0A0E1NSG3_YERPA	GCF_900475855.1_WP_068441311.1	67.442	86	87	100	86	28	0	1	86	1	86	2.58e-34	118
tr|A0A0E1NSG3|A0A0E1NSG3_YERPA	GCF_001006005.1_WP_223499701.1	67.857	86	85	98	84	27	0	3	86	1	84	2.70e-34	118
tr|A0A0E1NSG3|A0A0E1NSG3_YERPA	GCF_002393505.1_WP_006658392.1	67.816	86	87	100	87	26	2	1	86	1	86	3.23e-34	118
tr|A0A0E1NSG3|A0A0E1NSG3_YERPA	GCF_022647505.1_WP_128179458.1	61.628	86	87	100	86	33	0	1	86	1	86	6.44e-34	117
tr|A0A0E1NSG3|A0A0E1NSG3_YERPA	GCF_021365465.1_WP_016190321.1	62.791	86	87	100	86	32	0	1	86	1	86	7.85e-34	117
tr|A0A0E1NSG3|A0A0E1NSG3_YERPA	GCF_022647325.1_WP_111140597.1	60.000	86	86	99	85	34	0	1	85	1	85	9.11e-34	116
tr|A0A0E1NSG3|A0A0E1NSG3_YERPA	GCF_009831665.3_WP_006709226.1	62.791	86	87	100	86	32	0	1	86	1	86	1.08e-33	116
tr|A0A0E1NSG3|A0A0E1NSG3_YERPA	GCF_020541225.1_WP_226811316.1	58.824	86	86	99	85	35	0	1	85	1	85	3.55e-33	115
tr|A0A0E1NSG3|A0A0E1NSG3_YERPA	GCF_000968175.1_WP_045959360.1	63.855	86	88	97	83	30	0	4	86	5	87	1.98e-32	113
tr|A0A0E1NSG3|A0A0E1NSG3_YERPA	GCF_002843235.3_WP_102139922.1	66.279	86	87	100	86	29	0	1	86	1	86	3.14e-32	112
tr|A0A0E1NSG3|A0A0E1NSG3_YERPA	GCF_005671395.1_WP_138095872.1	64.103	86	86	91	78	28	0	1	78	1	78	3.97e-32	112
tr|A0A0E1NSG3|A0A0E1NSG3_YERPA	GCF_003204135.1_WP_004908806.1	65.116	86	87	100	86	30	0	1	86	1	86	9.93e-32	111
tr|A0A0E1NSG3|A0A0E1NSG3_YERPA	GCF_000091565.1_WP_004159420.1	59.524	86	87	98	84	34	0	1	84	1	84	1.24e-31	111
tr|A0A0E1NSG3|A0A0E1NSG3_YERPA	GCF_020342335.1_WP_067428135.1	60.714	86	87	98	84	33	0	1	84	1	84	1.32e-31	111
tr|A0A0E1NSG3|A0A0E1NSG3_YERPA	GCF_002952315.1_WP_012667243.1	60.714	86	87	98	84	33	0	1	84	1	84	3.32e-31	110
tr|A0A0E1NSG3|A0A0E1NSG3_YERPA	GCF_000026185.1_WP_012440659.1	59.524	86	87	98	84	34	0	1	84	1	84	3.60e-31	110
tr|A0A0E1NSG3|A0A0E1NSG3_YERPA	GCF_004116975.1_WP_064720954.1	60.000	86	86	99	85	34	0	1	85	1	85	9.92e-31	109
tr|A0A0E1NSG3|A0A0E1NSG3_YERPA	GCF_022592395.1_WP_047255099.1	60.465	86	87	100	86	34	0	1	86	1	86	4.95e-30	107
tr|A0A0E1NSG3|A0A0E1NSG3_YERPA	GCF_000069965.1_WP_004245453.1	57.647	86	86	99	85	36	0	1	85	1	85	5.32e-29	104
tr|A0A0E1NSG3|A0A0E1NSG3_YERPA	GCF_011045835.1_WP_075671674.1	58.824	86	86	99	85	35	0	1	85	1	85	1.21e-28	103
tr|A0A0E1NSG3|A0A0E1NSG3_YERPA	GCF_022369495.1_WP_072064250.1	57.647	86	86	99	85	36	0	1	85	1	85	1.78e-28	103
tr|A0A0E1NSG3|A0A0E1NSG3_YERPA	GCF_020991025.1_WP_152109250.1	41.026	86	83	90	78	45	1	3	79	1	78	4.25e-15	69.4
tr|A0A0E1NSG3|A0A0E1NSG3_YERPA	GCF_002355475.1_WP_004421315.1	42.466	86	91	84	73	41	1	3	74	1	73	7.72e-14	66.3
tr|A0A0E1NSG3|A0A0E1NSG3_YERPA	GCF_008807375.1_WP_151138908.1	43.836	86	91	84	73	40	1	3	74	1	73	1.43e-12	63.2
tr|A0A0E1NSG3|A0A0E1NSG3_YERPA	GCF_017329545.1_WP_047884589.1	43.478	86	95	79	69	38	1	3	70	1	69	9.68e-11	58.4
tr|A0A0E1NSG3|A0A0E1NSG3_YERPA	GCF_013423785.1_WP_180308358.1	38.356	86	88	85	73	45	0	1	73	1	73	1.01e-10	58.4
tr|A0A0E1NSG3|A0A0E1NSG3_YERPA	GCF_002218045.2_WP_089137819.1	42.254	86	79	78	71	37	2	7	73	6	76	4.79e-10	56.4
tr|A0A0E1NSG3|A0A0E1NSG3_YERPA	GCF_008693605.1_WP_223849061.1	36.000	86	95	86	75	47	1	1	74	2	76	6.08e-10	56.4
tr|A0A0E1NSG3|A0A0E1NSG3_YERPA	GCF_003812345.1_WP_121571778.1	33.333	86	94	100	87	57	1	1	86	1	87	7.41e-10	56.2
tr|A0A0E1NSG3|A0A0E1NSG3_YERPA	GCF_001594225.2_WP_064379396.1	36.145	86	92	91	83	48	2	7	84	4	86	3.41e-09	54.5
tr|A0A0E1NSG3|A0A0E1NSG3_YERPA	GCF_004684345.1_WP_135321947.1	34.667	86	93	86	75	48	1	1	74	1	75	4.73e-09	54.2
tr|A0A0E1NSG3|A0A0E1NSG3_YERPA	GCF_004353845.1_WP_103770713.1	32.184	86	93	100	87	58	1	1	86	1	87	5.58e-09	53.9
tr|A0A0E1NSG3|A0A0E1NSG3_YERPA	GCF_008693645.1_WP_137347870.1	31.034	86	89	100	87	59	1	1	86	1	87	6.63e-09	53.6
tr|A0A0E1NSG3|A0A0E1NSG3_YERPA	GCF_003515105.1_WP_036973086.1	43.284	86	73	77	67	37	1	7	72	3	69	9.85e-09	53.1
tr|A0A0E1NSG3|A0A0E1NSG3_YERPA	GCF_001708425.1_WP_055136127.1	36.145	86	94	91	83	48	2	7	84	4	86	1.01e-08	53.4
tr|A0A0E1NSG3|A0A0E1NSG3_YERPA	GCF_012767755.2_WP_173171843.1	38.571	86	90	80	70	42	1	6	74	3	72	2.09e-08	52.5
tr|A0A0E1NSG3|A0A0E1NSG3_YERPA	GCF_011397855.1_WP_044414183.1	40.580	86	90	79	69	40	1	7	74	4	72	2.34e-08	52.2
tr|A0A0E1NSG3|A0A0E1NSG3_YERPA	GCF_019047765.1_WP_040231149.1	33.333	86	89	86	75	49	1	1	74	1	75	2.45e-08	52.2
tr|A0A0E1NSG3|A0A0E1NSG3_YERPA	GCF_000178875.2_WP_012197738.1	34.118	86	90	93	85	51	2	6	85	3	87	3.53e-08	51.9
tr|A0A0E1NSG3|A0A0E1NSG3_YERPA	GCF_016834455.1_WP_203325205.1	38.667	86	86	86	75	44	2	5	78	2	75	8.17e-08	50.8
tr|A0A0E1NSG3|A0A0E1NSG3_YERPA	GCF_019670705.1_WP_100146025.1	34.483	86	92	95	87	52	2	5	86	2	88	8.25e-08	50.8
tr|A0A0E1NSG3|A0A0E1NSG3_YERPA	GCF_000015245.1_WP_011761423.1	38.667	86	86	86	75	44	2	5	78	2	75	1.32e-07	50.3
tr|A0A0E1NSG3|A0A0E1NSG3_YERPA	GCF_024346675.1_WP_048897676.1	37.681	86	86	79	69	42	1	3	70	1	69	1.34e-07	50.3
tr|A0A0E1NSG3|A0A0E1NSG3_YERPA	GCF_013200955.2_WP_173204463.1	32.911	86	91	91	79	52	1	3	80	1	79	1.35e-07	50.3
tr|A0A0E1NSG3|A0A0E1NSG3_YERPA	GCF_009730655.1_WP_156020461.1	34.483	86	92	95	87	52	2	5	86	2	88	2.84e-07	49.7
tr|A0A0E1NSG3|A0A0E1NSG3_YERPA	GCF_020423125.1_WP_226170850.1	43.396	86	84	62	53	30	0	6	58	3	55	3.54e-07	49.1
tr|A0A0E1NSG3|A0A0E1NSG3_YERPA	GCF_900682675.2_WP_069898892.1	37.500	86	94	83	72	44	1	7	77	4	75	4.11e-07	49.1
tr|A0A0E1NSG3|A0A0E1NSG3_YERPA	GCF_009938225.1_WP_075649723.1	43.750	86	82	73	64	35	1	10	72	2	65	4.11e-07	48.9
tr|A0A0E1NSG3|A0A0E1NSG3_YERPA	GCF_003025345.2_WP_003155955.1	40.541	86	91	79	74	38	1	7	74	4	77	5.69e-07	48.9
tr|A0A0E1NSG3|A0A0E1NSG3_YERPA	GCF_029457395.1_WP_024766443.1	35.135	86	92	80	74	43	1	6	74	3	76	7.45e-07	48.6
tr|A0A0E1NSG3|A0A0E1NSG3_YERPA	GCF_017167985.1_WP_079784061.1	33.766	86	90	88	77	50	1	5	80	2	78	9.44e-07	48.3
tr|A0A0E1NSG3|A0A0E1NSG3_YERPA	GCF_025402875.1_WP_011791024.1	32.941	86	90	93	85	52	2	6	85	3	87	1.08e-06	48.0
tr|A0A0E1NSG3|A0A0E1NSG3_YERPA	GCF_003957745.1_WP_126168493.1	38.667	86	87	86	75	44	2	5	78	2	75	1.18e-06	48.0
tr|A0A0E1NSG3|A0A0E1NSG3_YERPA	GCF_001597285.1_WP_061903727.1	34.211	86	92	87	76	49	1	6	80	3	78	1.79e-06	47.4
tr|A0A0E1NSG3|A0A0E1NSG3_YERPA	GCF_015209785.1_WP_193988300.1	38.806	86	73	77	67	40	1	7	72	3	69	1.80e-06	47.2
tr|A0A0E1NSG3|A0A0E1NSG3_YERPA	GCF_017167985.1_WP_093053415.1	34.667	86	92	86	75	48	1	7	80	4	78	1.85e-06	47.4
tr|A0A0E1NSG3|A0A0E1NSG3_YERPA	GCF_019703835.1_WP_087020305.1	33.333	86	79	90	81	47	2	10	86	1	78	2.23e-06	47.2
tr|A0A0E1NSG3|A0A0E1NSG3_YERPA	GCF_021029445.1_WP_230924827.1	32.857	86	89	81	70	47	0	5	74	2	71	2.42e-06	47.2
tr|A0A0E1NSG3|A0A0E1NSG3_YERPA	GCF_013409125.2_WP_099525265.1	32.468	86	90	88	77	51	1	5	80	2	78	3.32e-06	46.9
tr|A0A0E1NSG3|A0A0E1NSG3_YERPA	GCF_012971725.1_WP_169940133.1	35.714	86	92	76	70	40	1	6	70	3	72	3.51e-06	46.9
tr|A0A0E1NSG3|A0A0E1NSG3_YERPA	GCF_000297075.2_WP_003461742.1	35.897	86	90	88	78	47	3	5	80	2	78	3.68e-06	46.6
tr|A0A0E1NSG3|A0A0E1NSG3_YERPA	GCF_019797925.1_WP_193521737.1	33.846	86	80	76	65	43	0	10	74	2	66	4.80e-06	46.3
tr|A0A0E1NSG3|A0A0E1NSG3_YERPA	GCF_024746855.1_WP_260492542.1	33.846	86	79	76	65	43	0	10	74	2	66	5.12e-06	46.0
tr|A0A0E1NSG3|A0A0E1NSG3_YERPA	GCF_024205225.1_WP_195881696.1	35.897	86	90	88	78	47	3	5	80	2	78	5.65e-06	46.3
tr|A0A0E1NSG3|A0A0E1NSG3_YERPA	GCF_000014885.1_WP_020912292.1	38.028	86	87	81	71	43	1	5	74	2	72	6.22e-06	46.0
tr|A0A0E1NSG3|A0A0E1NSG3_YERPA	GCF_000733715.2_WP_017362912.1	32.468	86	90	88	77	51	1	5	80	2	78	6.26e-06	46.0
tr|A0A0E1NSG3|A0A0E1NSG3_YERPA	GCF_002005305.1_WP_077753428.1	37.681	86	86	79	69	42	1	7	74	4	72	6.57e-06	46.0
tr|A0A0E1NSG3|A0A0E1NSG3_YERPA	GCF_002215215.1_WP_088918776.1	41.429	86	101	80	70	39	2	5	73	15	83	6.92e-06	46.0
tr|A0A0E1NSG3|A0A0E1NSG3_YERPA	GCF_001020955.1_WP_047250467.1	37.662	86	82	85	77	44	2	1	73	1	77	1.05e-05	45.5
tr|A0A0E1NSG3|A0A0E1NSG3_YERPA	GCF_017354965.1_WP_207380278.1	34.667	86	87	86	75	47	2	5	78	2	75	1.63e-05	44.9
tr|A0A0E1NSG3|A0A0E1NSG3_YERPA	GCF_017354925.1_WP_207321174.1	34.667	86	87	86	75	47	2	5	78	2	75	1.63e-05	44.9
tr|A0A0E1NSG3|A0A0E1NSG3_YERPA	GCF_002157225.2_WP_086934278.1	27.397	86	80	85	73	53	0	10	82	5	77	1.79e-05	44.6
tr|A0A0E1NSG3|A0A0E1NSG3_YERPA	GCF_017915135.1_WP_210390879.1	31.169	86	90	88	77	52	1	5	80	2	78	2.97e-05	44.4
tr|A0A0E1NSG3|A0A0E1NSG3_YERPA	GCF_016026875.1_WP_045525981.1	44.000	86	89	58	50	28	0	7	56	4	53	3.27e-05	44.4
tr|A0A0E1NSG3|A0A0E1NSG3_YERPA	GCF_024971755.1_WP_259474826.1	34.286	86	88	80	70	45	1	6	74	3	72	4.18e-05	44.1
tr|A0A0E1NSG3|A0A0E1NSG3_YERPA	GCF_019669905.1_WP_054759186.1	43.396	86	79	60	53	29	1	8	59	3	55	6.71e-05	43.2
tr|A0A0E1NSG3|A0A0E1NSG3_YERPA	GCF_002215585.1_WP_088903590.1	33.333	86	89	93	84	52	2	5	84	2	85	8.06e-05	43.2
tr|A0A0E1NSG3|A0A0E1NSG3_YERPA	GCF_009938185.1_WP_162048373.1	43.750	86	82	55	48	26	1	10	56	2	49	9.79e-05	42.9
tr|A0A0E1NSG3|A0A0E1NSG3_YERPA	GCF_019977755.1_WP_126608378.1	37.500	86	103	76	72	38	2	10	74	16	87	1.17e-04	42.9
tr|A0A0E1NSG3|A0A0E1NSG3_YERPA	GCF_900637545.1_WP_042651794.1	40.385	86	84	60	52	31	0	5	56	2	53	1.22e-04	42.7
tr|A0A0E1NSG3|A0A0E1NSG3_YERPA	GCF_020149575.1_WP_224431657.1	41.176	86	85	59	51	30	0	6	56	3	53	1.25e-04	42.7
tr|A0A0E1NSG3|A0A0E1NSG3_YERPA	GCF_000968535.2_WP_014147785.1	36.923	86	84	74	65	39	2	8	71	4	67	1.35e-04	42.7
tr|A0A0E1NSG3|A0A0E1NSG3_YERPA	GCF_000148645.1_WP_013347076.1	48.571	86	80	41	35	18	0	10	44	1	35	1.42e-04	42.4
tr|A0A0E1NSG3|A0A0E1NSG3_YERPA	GCF_000801295.1_WP_171816254.1	31.646	86	99	88	79	51	1	1	76	1	79	1.49e-04	42.7
tr|A0A0E1NSG3|A0A0E1NSG3_YERPA	GCF_007197555.1_WP_144048375.1	33.333	86	94	79	75	43	2	7	74	4	78	1.66e-04	42.4
tr|A0A0E1NSG3|A0A0E1NSG3_YERPA	GCF_020405345.1_WP_017780573.1	42.000	86	89	58	50	29	0	7	56	4	53	1.67e-04	42.4
tr|A0A0E1NSG3|A0A0E1NSG3_YERPA	GCF_024347355.1_WP_105024956.1	51.429	86	83	41	35	17	0	10	44	2	36	2.06e-04	42.1
tr|A0A0E1NSG3|A0A0E1NSG3_YERPA	GCF_000321415.2_WP_015260329.1	33.333	86	93	100	90	54	3	1	86	1	88	2.47e-04	42.1
tr|A0A0E1NSG3|A0A0E1NSG3_YERPA	GCF_009068765.1_WP_151900329.1	42.857	86	81	41	35	20	0	10	44	2	36	2.68e-04	41.8
tr|A0A0E1NSG3|A0A0E1NSG3_YERPA	GCF_028355655.1_WP_087756847.1	41.176	86	84	59	51	30	0	6	56	3	53	2.69e-04	41.8
tr|A0A0E1NSG3|A0A0E1NSG3_YERPA	GCF_014905115.1_WP_193151849.1	42.857	86	81	41	35	20	0	10	44	2	36	2.74e-04	41.8
tr|A0A0E1NSG3|A0A0E1NSG3_YERPA	GCF_008033135.1_WP_148717358.1	28.571	86	87	81	70	50	0	5	74	2	71	2.90e-04	41.8
tr|A0A0E1NSG3|A0A0E1NSG3_YERPA	GCF_001677435.1_WP_068615618.1	31.818	86	90	77	66	45	0	5	70	4	69	3.04e-04	41.8
tr|A0A0E1NSG3|A0A0E1NSG3_YERPA	GCF_017742995.1_WP_247749573.1	50.000	86	48	42	36	18	0	10	45	2	37	3.04e-04	41.3
tr|A0A0E1NSG3|A0A0E1NSG3_YERPA	GCF_003668795.1_WP_054981706.1	48.571	86	83	41	35	18	0	10	44	2	36	3.47e-04	41.5
tr|A0A0E1NSG3|A0A0E1NSG3_YERPA	GCF_000146165.2_WP_164925808.1	34.667	86	89	85	75	47	2	6	78	3	77	3.73e-04	41.5
tr|A0A0E1NSG3|A0A0E1NSG3_YERPA	GCF_000016065.1_WP_011864074.1	32.857	86	93	81	70	47	0	5	74	2	71	4.71e-04	41.3
tr|A0A0E1NSG3|A0A0E1NSG3_YERPA	GCF_003015165.1_WP_106887831.1	38.889	86	84	63	54	33	0	6	59	3	56	5.06e-04	41.0
tr|A0A0E1NSG3|A0A0E1NSG3_YERPA	GCF_005877035.1_WP_039486662.1	48.571	86	83	41	35	18	0	10	44	2	36	5.89e-04	41.0
tr|A0A0E1NSG3|A0A0E1NSG3_YERPA	GCF_004328865.1_WP_104643907.1	48.571	86	83	41	35	18	0	10	44	2	36	5.89e-04	41.0
tr|A0A0E1NSG3|A0A0E1NSG3_YERPA	GCF_000214665.1_WP_013819542.1	35.484	86	83	71	62	38	2	10	70	6	66	6.18e-04	41.0
tr|A0A0E1NSG3|A0A0E1NSG3_YERPA	GCF_002355475.1_WP_003455993.1	32.000	86	90	86	75	50	1	7	80	2	76	6.59e-04	41.0
tr|A0A0E1NSG3|A0A0E1NSG3_YERPA	GCF_004358345.1_WP_121852852.1	35.714	86	76	80	70	44	1	3	71	1	70	7.06e-04	40.7
tr|A0A0E1NSG3|A0A0E1NSG3_YERPA	GCF_002221525.1_WP_089349457.1	48.571	86	83	41	35	18	0	10	44	2	36	7.41e-04	40.7
tr|A0A0E1NSG3|A0A0E1NSG3_YERPA	GCF_024347195.1_WP_271272618.1	36.111	86	77	79	72	42	3	5	72	2	73	8.66e-04	40.4
tr|A0A0E1NSG3|A0A0E1NSG3_YERPA	GCF_000227685.2_WP_006746304.1	33.333	86	83	86	78	48	2	1	74	1	78	8.74e-04	40.4
tr|A0A0E1NSG3|A0A0E1NSG3_YERPA	GCF_024360925.2_WP_255188929.1	33.871	86	83	71	62	39	2	10	70	6	66	0.001	40.4
tr|A0A0E1NSG3|A0A0E1NSG3_YERPA	GCF_006337165.1_WP_139515111.1	35.802	86	82	88	81	44	3	3	78	1	78	0.001	40.4
tr|A0A0E1NSG3|A0A0E1NSG3_YERPA	GCF_014169735.1_WP_134997272.1	35.849	86	86	62	53	34	0	6	58	3	55	0.001	40.4
tr|A0A0E1NSG3|A0A0E1NSG3_YERPA	GCF_012767755.2_WP_173176508.1	33.333	86	91	86	75	46	2	7	80	4	75	0.001	40.4
tr|A0A0E1NSG3|A0A0E1NSG3_YERPA	GCF_008807375.1_WP_151133519.1	29.333	86	90	86	75	52	1	7	80	2	76	0.001	40.1
tr|A0A0E1NSG3|A0A0E1NSG3_YERPA	GCF_000009145.1_WP_041356315.1	37.288	86	90	67	59	36	1	10	67	6	64	0.001	40.1
tr|A0A0E1NSG3|A0A0E1NSG3_YERPA	GCF_024347215.1_WP_261843265.1	36.111	86	77	79	72	42	3	5	72	2	73	0.001	39.9
tr|A0A0E1NSG3|A0A0E1NSG3_YERPA	GCF_008329985.2_WP_149283950.1	51.429	86	81	41	35	17	0	10	44	2	36	0.002	39.9
tr|A0A0E1NSG3|A0A0E1NSG3_YERPA	GCF_000785705.2_WP_036272019.1	30.769	86	82	76	65	44	1	10	74	6	69	0.002	39.6
tr|A0A0E1NSG3|A0A0E1NSG3_YERPA	GCF_009938205.1_WP_075706454.1	39.062	86	82	73	64	38	1	10	72	2	65	0.002	39.6
tr|A0A0E1NSG3|A0A0E1NSG3_YERPA	GCF_001007935.1_WP_046849946.1	36.066	86	84	70	61	38	1	8	67	4	64	0.002	39.6
tr|A0A0E1NSG3|A0A0E1NSG3_YERPA	GCF_008693705.1_WP_127008315.1	39.216	86	84	59	51	31	0	6	56	3	53	0.004	38.7
tr|A0A0E1NSG3|A0A0E1NSG3_YERPA	GCF_001507645.1_WP_068195976.1	38.889	86	90	79	72	37	2	3	70	1	69	0.004	38.7
tr|A0A0E1NSG3|A0A0E1NSG3_YERPA	GCF_013343005.1_WP_078482823.1	39.241	86	84	83	79	37	3	3	73	1	76	0.004	38.7
tr|A0A0E1NSG3|A0A0E1NSG3_YERPA	GCF_024347475.1_WP_239840920.1	48.571	86	83	41	35	18	0	10	44	2	36	0.005	38.7
tr|A0A0E1NSG3|A0A0E1NSG3_YERPA	GCF_001651805.1_WP_067384150.1	36.620	86	78	77	71	40	3	7	72	4	74	0.005	38.4
tr|A0A0E1NSG3|A0A0E1NSG3_YERPA	GCF_022811645.1_WP_243511723.1	36.111	86	90	79	72	39	2	3	70	1	69	0.005	38.7
tr|A0A0E1NSG3|A0A0E1NSG3_YERPA	GCF_024347655.1_WP_060467732.1	35.385	86	83	74	65	41	1	10	73	2	66	0.007	38.2
# PSIBLAST 2.13.0+
# Iteration: 2
# Query: tr|A0A0E1NSG3|A0A0E1NSG3_YERPA Rho-binding antiterminator OS=Yersinia pestis bv. Antiqua (strain Antiqua) OX=360102 GN=YPA_0540 PE=4 SV=1
# Database: db/chosen-bacteria_proteome_exDup
# Fields: query id, subject id, % identity, query length, subject length, % query coverage per subject, alignment length, mismatches, gap opens, q. start, q. end, s. start, s. end, evalue, bit score
# 441 hits found
tr|A0A0E1NSG3|A0A0E1NSG3_YERPA	GCF_001461805.1_WP_013367515.1	75.581	86	86	100	86	21	0	1	86	1	86	3.68e-47	150
tr|A0A0E1NSG3|A0A0E1NSG3_YERPA	GCF_020097475.1_WP_000062318.1	75.581	86	86	100	86	21	0	1	86	1	86	7.70e-47	150
tr|A0A0E1NSG3|A0A0E1NSG3_YERPA	GCF_009176645.1_WP_152083529.1	76.744	86	86	100	86	20	0	1	86	1	86	8.61e-47	150
tr|A0A0E1NSG3|A0A0E1NSG3_YERPA	GCF_001518835.1_WP_059308693.1	75.581	86	86	100	86	21	0	1	86	1	86	1.86e-46	149
tr|A0A0E1NSG3|A0A0E1NSG3_YERPA	GCF_000006925.2_NP_706134.1	74.419	86	86	100	86	22	0	1	86	1	86	2.88e-46	148
tr|A0A0E1NSG3|A0A0E1NSG3_YERPA	GCF_001683395.1_WP_017458015.1	70.930	86	86	100	86	25	0	1	86	1	86	3.07e-46	148
tr|A0A0E1NSG3|A0A0E1NSG3_YERPA	GCF_003594935.2_WP_006173581.1	77.907	86	86	100	86	19	0	1	86	1	86	3.14e-46	148
tr|A0A0E1NSG3|A0A0E1NSG3_YERPA	GCF_001658025.2_WP_007373243.1	70.930	86	86	100	86	25	0	1	86	1	86	4.09e-46	148
tr|A0A0E1NSG3|A0A0E1NSG3_YERPA	GCF_000834395.1_WP_042546713.1	97.674	86	86	100	86	2	0	1	86	1	86	4.95e-46	148
tr|A0A0E1NSG3|A0A0E1NSG3_YERPA	GCF_000224675.1_WP_010426685.1	77.907	86	86	100	86	19	0	1	86	1	86	6.03e-46	147
tr|A0A0E1NSG3|A0A0E1NSG3_YERPA	GCF_027886705.1_WP_061497537.1	73.256	86	86	100	86	23	0	1	86	1	86	6.08e-46	147
tr|A0A0E1NSG3|A0A0E1NSG3_YERPA	GCF_001022135.1_WP_039078449.1	76.744	86	86	100	86	20	0	1	86	1	86	7.84e-46	147
tr|A0A0E1NSG3|A0A0E1NSG3_YERPA	GCF_004124235.1_WP_025377303.1	98.837	86	86	100	86	1	0	1	86	1	86	8.16e-46	147
tr|A0A0E1NSG3|A0A0E1NSG3_YERPA	GCF_025914095.1_WP_031518416.1	76.744	86	86	100	86	20	0	1	86	1	86	8.42e-46	147
tr|A0A0E1NSG3|A0A0E1NSG3_YERPA	GCF_009036245.1_WP_025756830.1	75.581	86	86	100	86	21	0	1	86	1	86	8.49e-46	147
tr|A0A0E1NSG3|A0A0E1NSG3_YERPA	GCF_007632255.1_WP_015368146.1	73.256	86	86	100	86	23	0	1	86	1	86	9.05e-46	147
tr|A0A0E1NSG3|A0A0E1NSG3_YERPA	GCF_000222975.1_WP_002218374.1	100.000	86	86	100	86	0	0	1	86	1	86	1.07e-45	147
tr|A0A0E1NSG3|A0A0E1NSG3_YERPA	GCF_016904755.1_WP_059234959.1	75.294	86	86	99	85	21	0	1	85	1	85	1.09e-45	147
tr|A0A0E1NSG3|A0A0E1NSG3_YERPA	GCF_019048625.1_WP_023305471.1	76.744	86	86	100	86	20	0	1	86	1	86	1.23e-45	147
tr|A0A0E1NSG3|A0A0E1NSG3_YERPA	GCF_009363135.1_WP_090122691.1	70.930	86	86	100	86	25	0	1	86	1	86	1.25e-45	146
tr|A0A0E1NSG3|A0A0E1NSG3_YERPA	GCF_021172065.1_WP_015965827.1	73.256	86	86	100	86	23	0	1	86	1	86	1.29e-45	146
tr|A0A0E1NSG3|A0A0E1NSG3_YERPA	GCF_001750725.1_WP_014168720.1	77.907	86	86	100	86	19	0	1	86	1	86	1.60e-45	146
tr|A0A0E1NSG3|A0A0E1NSG3_YERPA	GCF_001729805.1_WP_008501890.1	75.581	86	86	100	86	21	0	1	86	1	86	1.64e-45	146
tr|A0A0E1NSG3|A0A0E1NSG3_YERPA	GCF_015137655.1_WP_028015593.1	76.744	86	86	100	86	20	0	1	86	1	86	1.67e-45	146
tr|A0A0E1NSG3|A0A0E1NSG3_YERPA	GCF_025133195.1_WP_032910235.1	91.860	86	86	100	86	7	0	1	86	1	86	1.70e-45	146
tr|A0A0E1NSG3|A0A0E1NSG3_YERPA	GCF_004684345.1_WP_135323069.1	73.256	86	86	100	86	23	0	1	86	1	86	1.72e-45	146
tr|A0A0E1NSG3|A0A0E1NSG3_YERPA	GCF_000834455.1_WP_032817050.1	98.837	86	86	100	86	1	0	1	86	1	86	1.96e-45	146
tr|A0A0E1NSG3|A0A0E1NSG3_YERPA	GCF_013282725.1_WP_032813813.1	96.512	86	86	100	86	3	0	1	86	1	86	2.00e-45	146
tr|A0A0E1NSG3|A0A0E1NSG3_YERPA	GCF_022637515.1_WP_064539750.1	72.093	86	86	100	86	24	0	1	86	1	86	2.14e-45	146
tr|A0A0E1NSG3|A0A0E1NSG3_YERPA	GCF_000240185.1_YP_005225236.1	74.419	86	86	100	86	22	0	1	86	1	86	2.26e-45	146
tr|A0A0E1NSG3|A0A0E1NSG3_YERPA	GCF_021278985.1_WP_012904575.1	74.419	86	86	100	86	22	0	1	86	1	86	2.60e-45	146
tr|A0A0E1NSG3|A0A0E1NSG3_YERPA	GCF_001558935.2_WP_042323659.1	73.256	86	86	100	86	23	0	1	86	1	86	2.87e-45	146
tr|A0A0E1NSG3|A0A0E1NSG3_YERPA	GCF_023195735.1_WP_035891978.1	72.093	86	86	100	86	24	0	1	86	1	86	2.93e-45	146
tr|A0A0E1NSG3|A0A0E1NSG3_YERPA	GCF_003812345.1_WP_003018503.1	72.093	86	86	100	86	24	0	1	86	1	86	3.44e-45	145
tr|A0A0E1NSG3|A0A0E1NSG3_YERPA	GCF_018128425.1_WP_042289833.1	75.581	86	86	100	86	21	0	1	86	1	86	3.88e-45	145
tr|A0A0E1NSG3|A0A0E1NSG3_YERPA	GCF_003261575.2_WP_110272453.1	73.256	86	86	100	86	23	0	1	86	1	86	4.03e-45	145
tr|A0A0E1NSG3|A0A0E1NSG3_YERPA	GCF_900638065.1_WP_048212636.1	72.093	86	86	100	86	24	0	1	86	1	86	4.26e-45	145
tr|A0A0E1NSG3|A0A0E1NSG3_YERPA	GCF_001277255.1_WP_007666633.1	70.930	86	86	100	86	25	0	1	86	1	86	4.62e-45	145
tr|A0A0E1NSG3|A0A0E1NSG3_YERPA	GCF_018139045.1_WP_004129134.1	70.930	86	86	100	86	25	0	1	86	1	86	4.77e-45	145
tr|A0A0E1NSG3|A0A0E1NSG3_YERPA	GCF_003812925.1_WP_004107903.1	70.930	86	86	100	86	25	0	1	86	1	86	5.12e-45	145
tr|A0A0E1NSG3|A0A0E1NSG3_YERPA	GCF_003935895.2_WP_110510858.1	71.765	86	86	99	85	24	0	1	85	1	85	5.33e-45	145
tr|A0A0E1NSG3|A0A0E1NSG3_YERPA	GCF_009730055.1_WP_032906500.1	98.837	86	86	100	86	1	0	1	86	1	86	5.63e-45	145
tr|A0A0E1NSG3|A0A0E1NSG3_YERPA	GCF_004353845.1_WP_103768334.1	70.930	86	86	100	86	25	0	1	86	1	86	5.95e-45	145
tr|A0A0E1NSG3|A0A0E1NSG3_YERPA	GCF_024224615.1_WP_125293588.1	72.941	86	86	99	85	23	0	1	85	1	85	6.15e-45	145
tr|A0A0E1NSG3|A0A0E1NSG3_YERPA	GCF_021276285.1_WP_095923198.1	82.353	86	86	99	85	15	0	1	85	1	85	6.39e-45	145
tr|A0A0E1NSG3|A0A0E1NSG3_YERPA	GCF_015139575.1_WP_004098776.1	72.093	86	86	100	86	24	0	1	86	1	86	7.56e-45	144
tr|A0A0E1NSG3|A0A0E1NSG3_YERPA	GCF_006711645.1_WP_100682484.1	70.930	86	86	100	86	25	0	1	86	1	86	8.86e-45	144
tr|A0A0E1NSG3|A0A0E1NSG3_YERPA	GCF_017498685.1_WP_038245151.1	91.860	86	86	100	86	7	0	1	86	1	86	9.07e-45	144
tr|A0A0E1NSG3|A0A0E1NSG3_YERPA	GCF_011068345.1_WP_002436992.1	70.588	86	86	99	85	25	0	1	85	1	85	9.74e-45	144
tr|A0A0E1NSG3|A0A0E1NSG3_YERPA	GCF_009648935.1_WP_047417117.1	70.930	86	86	100	86	25	0	1	86	1	86	9.98e-45	144
tr|A0A0E1NSG3|A0A0E1NSG3_YERPA	GCF_022637595.1_WP_004858152.1	73.256	86	86	100	86	23	0	1	86	1	86	1.02e-44	144
tr|A0A0E1NSG3|A0A0E1NSG3_YERPA	GCF_001277195.1_WP_032966924.1	70.930	86	86	100	86	25	0	1	86	1	86	1.06e-44	144
tr|A0A0E1NSG3|A0A0E1NSG3_YERPA	GCF_009649915.1_WP_062772223.1	70.930	86	86	100	86	25	0	1	86	1	86	1.06e-44	144
tr|A0A0E1NSG3|A0A0E1NSG3_YERPA	GCF_022637475.1_WP_013574214.1	81.176	86	86	99	85	16	0	1	85	1	85	1.43e-44	144
tr|A0A0E1NSG3|A0A0E1NSG3_YERPA	GCF_001277175.1_WP_007760020.1	70.930	86	86	100	86	25	0	1	86	1	86	1.45e-44	144
tr|A0A0E1NSG3|A0A0E1NSG3_YERPA	GCF_002393445.1_WP_061273728.1	72.941	86	86	99	85	23	0	1	85	1	85	1.93e-44	144
tr|A0A0E1NSG3|A0A0E1NSG3_YERPA	GCF_001277215.2_WP_007776988.1	70.930	86	86	100	86	25	0	1	86	1	86	2.34e-44	143
tr|A0A0E1NSG3|A0A0E1NSG3_YERPA	GCF_000005845.2_NP_414731.2	73.810	86	84	98	84	22	0	3	86	1	84	2.68e-44	143
tr|A0A0E1NSG3|A0A0E1NSG3_YERPA	GCF_900635955.1_WP_126357486.1	74.118	86	86	99	85	22	0	1	85	1	85	2.70e-44	143
tr|A0A0E1NSG3|A0A0E1NSG3_YERPA	GCF_013234275.1_WP_172895488.1	70.930	86	86	100	86	25	0	1	86	1	86	3.06e-44	143
tr|A0A0E1NSG3|A0A0E1NSG3_YERPA	GCF_000018045.1_WP_024130681.1	70.930	86	86	100	86	25	0	1	86	1	86	3.50e-44	143
tr|A0A0E1NSG3|A0A0E1NSG3_YERPA	GCF_025758125.1_WP_023480196.1	70.930	86	86	100	86	25	0	1	86	1	86	5.47e-44	142
tr|A0A0E1NSG3|A0A0E1NSG3_YERPA	GCF_002163605.1_WP_157665988.1	74.419	86	86	100	86	22	0	1	86	1	86	5.87e-44	142
tr|A0A0E1NSG3|A0A0E1NSG3_YERPA	GCF_000439255.1_WP_000062328.1	76.744	86	86	100	86	20	0	1	86	1	86	6.41e-44	142
tr|A0A0E1NSG3|A0A0E1NSG3_YERPA	GCF_012029655.1_WP_041144145.1	72.093	86	86	100	86	24	0	1	86	1	86	9.02e-44	142
tr|A0A0E1NSG3|A0A0E1NSG3_YERPA	GCF_003019925.1_WP_162185254.1	77.647	86	86	99	85	19	0	1	85	1	85	2.13e-43	141
tr|A0A0E1NSG3|A0A0E1NSG3_YERPA	GCF_000006945.2_NP_459242.1	73.256	86	86	100	86	23	0	1	86	1	86	2.36e-43	141
tr|A0A0E1NSG3|A0A0E1NSG3_YERPA	GCF_005484945.1_WP_137712817.1	74.419	86	86	100	86	22	0	1	86	1	86	2.56e-43	141
tr|A0A0E1NSG3|A0A0E1NSG3_YERPA	GCF_012427845.1_WP_012773648.1	72.093	86	86	100	86	24	0	1	86	1	86	2.68e-43	141
tr|A0A0E1NSG3|A0A0E1NSG3_YERPA	GCF_002288545.1_WP_029367608.1	73.256	86	86	100	86	23	0	1	86	1	86	3.30e-43	141
tr|A0A0E1NSG3|A0A0E1NSG3_YERPA	GCF_000233595.1_WP_013024706.1	65.882	86	86	99	85	29	0	1	85	1	85	4.42e-43	140
tr|A0A0E1NSG3|A0A0E1NSG3_YERPA	GCF_009873295.1_WP_039312412.1	73.256	86	86	100	86	23	0	1	86	1	86	4.57e-43	140
tr|A0A0E1NSG3|A0A0E1NSG3_YERPA	GCF_000517425.1_WP_025421126.1	68.235	86	86	99	85	27	0	1	85	1	85	4.98e-43	140
tr|A0A0E1NSG3|A0A0E1NSG3_YERPA	GCF_000010085.1_WP_011411656.1	67.059	86	86	99	85	28	0	1	85	1	85	5.84e-43	140
tr|A0A0E1NSG3|A0A0E1NSG3_YERPA	GCF_002953195.1_WP_038628016.1	62.791	86	87	100	86	32	0	1	86	1	86	6.00e-43	140
tr|A0A0E1NSG3|A0A0E1NSG3_YERPA	GCF_900095885.1_WP_035340381.1	74.419	86	86	100	86	22	0	1	86	1	86	6.85e-43	140
tr|A0A0E1NSG3|A0A0E1NSG3_YERPA	GCF_016026735.1_WP_015673540.1	73.256	86	87	100	86	23	0	1	86	1	86	7.80e-43	139
tr|A0A0E1NSG3|A0A0E1NSG3_YERPA	GCF_017569925.1_WP_208228065.1	74.419	86	86	100	86	22	0	1	86	1	86	8.49e-43	139
tr|A0A0E1NSG3|A0A0E1NSG3_YERPA	GCF_023517775.1_WP_249893541.1	65.116	86	87	100	86	30	0	1	86	1	86	9.90e-43	139
tr|A0A0E1NSG3|A0A0E1NSG3_YERPA	GCF_011617105.1_WP_025800203.1	76.744	86	86	100	86	20	0	1	86	1	86	1.01e-42	139
tr|A0A0E1NSG3|A0A0E1NSG3_YERPA	GCF_002101395.1_WP_085067900.1	62.791	86	87	100	86	32	0	1	86	1	86	1.08e-42	139
tr|A0A0E1NSG3|A0A0E1NSG3_YERPA	GCF_000520015.2_WP_024910172.1	73.256	86	87	100	86	23	0	1	86	1	86	1.11e-42	139
tr|A0A0E1NSG3|A0A0E1NSG3_YERPA	GCF_011044475.1_WP_033740322.1	67.059	86	86	99	85	28	0	1	85	1	85	1.27e-42	139
tr|A0A0E1NSG3|A0A0E1NSG3_YERPA	GCF_000025065.1_WP_012883679.1	70.588	86	86	99	85	25	0	1	85	1	85	1.29e-42	139
tr|A0A0E1NSG3|A0A0E1NSG3_YERPA	GCF_020181655.1_WP_225087160.1	72.093	86	86	100	86	24	0	1	86	1	86	1.37e-42	139
tr|A0A0E1NSG3|A0A0E1NSG3_YERPA	GCF_000023565.1_WP_012770818.1	71.765	86	86	99	85	24	0	1	85	1	85	1.69e-42	139
tr|A0A0E1NSG3|A0A0E1NSG3_YERPA	GCF_000740965.1_WP_011092648.1	72.093	86	86	100	86	24	0	1	86	1	86	1.89e-42	139
tr|A0A0E1NSG3|A0A0E1NSG3_YERPA	GCF_002291445.1_WP_048635886.1	74.419	86	86	100	86	22	0	1	86	1	86	1.94e-42	139
tr|A0A0E1NSG3|A0A0E1NSG3_YERPA	GCF_009931295.1_WP_161528353.1	72.093	86	86	100	86	24	0	1	86	1	86	1.99e-42	138
tr|A0A0E1NSG3|A0A0E1NSG3_YERPA	GCF_009914055.1_WP_160619715.1	66.279	86	87	100	86	29	0	1	86	1	86	1.99e-42	139
tr|A0A0E1NSG3|A0A0E1NSG3_YERPA	GCF_000262305.1_WP_002441069.1	70.930	86	86	100	86	25	0	1	86	1	86	2.03e-42	138
tr|A0A0E1NSG3|A0A0E1NSG3_YERPA	GCF_001010285.1_WP_046974061.1	76.744	86	88	100	86	20	0	1	86	1	86	2.15e-42	138
tr|A0A0E1NSG3|A0A0E1NSG3_YERPA	GCF_021462285.1_WP_234585968.1	74.419	86	87	100	86	22	0	1	86	1	86	2.49e-42	138
tr|A0A0E1NSG3|A0A0E1NSG3_YERPA	GCF_000023545.1_WP_015854637.1	70.930	86	86	100	86	25	0	1	86	1	86	2.56e-42	138
tr|A0A0E1NSG3|A0A0E1NSG3_YERPA	GCF_001642805.2_WP_004931991.1	74.419	86	87	100	86	22	0	1	86	1	86	2.67e-42	138
tr|A0A0E1NSG3|A0A0E1NSG3_YERPA	GCF_000196615.1_WP_013200864.1	60.465	86	87	100	86	34	0	1	86	1	86	2.72e-42	138
tr|A0A0E1NSG3|A0A0E1NSG3_YERPA	GCF_001742185.1_WP_005975933.1	72.093	86	86	100	86	24	0	1	86	1	86	2.75e-42	138
tr|A0A0E1NSG3|A0A0E1NSG3_YERPA	GCF_900187015.1_WP_061796701.1	74.419	86	87	100	86	22	0	1	86	1	86	2.99e-42	138
tr|A0A0E1NSG3|A0A0E1NSG3_YERPA	GCF_020150375.1_WP_004094310.1	77.907	86	86	100	86	19	0	1	86	1	86	3.08e-42	138
tr|A0A0E1NSG3|A0A0E1NSG3_YERPA	GCF_020079945.1_WP_039382769.1	63.529	86	87	99	85	31	0	1	85	1	85	4.11e-42	138
tr|A0A0E1NSG3|A0A0E1NSG3_YERPA	GCF_003515985.1_WP_085653101.1	70.588	86	86	99	85	25	0	1	85	1	85	4.50e-42	137
tr|A0A0E1NSG3|A0A0E1NSG3_YERPA	GCF_002812485.1_WP_038661467.1	71.765	86	86	99	85	24	0	1	85	1	85	4.80e-42	137
tr|A0A0E1NSG3|A0A0E1NSG3_YERPA	GCF_007858975.2_WP_042869176.1	70.588	86	86	99	85	25	0	1	85	1	85	4.88e-42	137
tr|A0A0E1NSG3|A0A0E1NSG3_YERPA	GCF_009817885.1_WP_105232289.1	72.093	86	87	100	86	24	0	1	86	1	86	4.93e-42	137
tr|A0A0E1NSG3|A0A0E1NSG3_YERPA	GCF_015999465.1_WP_085688159.1	69.412	86	86	99	85	26	0	1	85	1	85	5.37e-42	137
tr|A0A0E1NSG3|A0A0E1NSG3_YERPA	GCF_005484965.1_WP_009114129.1	76.744	86	86	100	86	20	0	1	86	1	86	6.81e-42	137
tr|A0A0E1NSG3|A0A0E1NSG3_YERPA	GCF_019797845.1_WP_222158377.1	69.767	86	86	100	86	26	0	1	86	1	86	7.03e-42	137
tr|A0A0E1NSG3|A0A0E1NSG3_YERPA	GCF_003992745.1_WP_014700896.1	69.767	86	86	100	86	26	0	1	86	1	86	8.31e-42	137
tr|A0A0E1NSG3|A0A0E1NSG3_YERPA	GCF_022647505.1_WP_128179458.1	61.628	86	87	100	86	33	0	1	86	1	86	1.44e-41	136
tr|A0A0E1NSG3|A0A0E1NSG3_YERPA	GCF_019890955.1_WP_211725887.1	62.353	86	87	99	85	32	0	1	85	1	85	1.56e-41	136
tr|A0A0E1NSG3|A0A0E1NSG3_YERPA	GCF_000147055.1_WP_022632468.1	70.588	86	86	99	85	25	0	1	85	1	85	1.66e-41	136
tr|A0A0E1NSG3|A0A0E1NSG3_YERPA	GCF_004792415.1_WP_013356856.1	62.353	86	86	99	85	32	0	1	85	1	85	2.76e-41	135
tr|A0A0E1NSG3|A0A0E1NSG3_YERPA	GCF_003403135.1_WP_024104894.1	70.588	86	86	99	85	25	0	1	85	1	85	2.80e-41	135
tr|A0A0E1NSG3|A0A0E1NSG3_YERPA	GCF_019090985.1_WP_036781226.1	73.256	86	88	100	86	23	0	1	86	1	86	4.36e-41	135
tr|A0A0E1NSG3|A0A0E1NSG3_YERPA	GCF_000196475.1_WP_012776850.1	73.256	86	88	100	86	23	0	1	86	1	86	5.11e-41	135
tr|A0A0E1NSG3|A0A0E1NSG3_YERPA	GCF_000264765.2_WP_034163237.1	69.767	86	86	100	86	26	0	1	86	1	86	9.53e-41	134
tr|A0A0E1NSG3|A0A0E1NSG3_YERPA	GCF_000196155.1_WP_011145066.1	72.093	86	88	100	86	24	0	1	86	1	86	1.15e-40	134
tr|A0A0E1NSG3|A0A0E1NSG3_YERPA	GCF_009646115.1_WP_008925644.1	62.353	86	86	99	85	32	0	1	85	1	85	1.68e-40	133
tr|A0A0E1NSG3|A0A0E1NSG3_YERPA	GCF_000026185.1_WP_012440659.1	58.824	86	87	99	85	35	0	1	85	1	85	1.75e-40	133
tr|A0A0E1NSG3|A0A0E1NSG3_YERPA	GCF_017348915.1_WP_040077077.1	75.581	86	86	100	86	21	0	1	86	1	86	2.21e-40	133
tr|A0A0E1NSG3|A0A0E1NSG3_YERPA	GCF_019048385.1_WP_062759648.1	61.176	86	86	99	85	33	0	1	85	1	85	2.47e-40	133
tr|A0A0E1NSG3|A0A0E1NSG3_YERPA	GCF_019047765.1_WP_040230035.1	72.093	86	86	100	86	24	0	1	86	1	86	2.55e-40	133
tr|A0A0E1NSG3|A0A0E1NSG3_YERPA	GCF_020683125.1_WP_133842177.1	62.069	86	88	100	87	32	1	1	86	1	87	2.67e-40	133
tr|A0A0E1NSG3|A0A0E1NSG3_YERPA	GCF_902387845.1_WP_004237241.1	67.442	86	88	100	86	28	0	1	86	1	86	3.61e-40	133
tr|A0A0E1NSG3|A0A0E1NSG3_YERPA	GCF_002291425.1_WP_095847471.1	70.930	86	87	100	86	25	0	1	86	1	86	5.58e-40	132
tr|A0A0E1NSG3|A0A0E1NSG3_YERPA	GCF_019844095.1_WP_062747070.1	64.368	86	88	100	87	30	1	1	86	1	87	6.66e-40	132
tr|A0A0E1NSG3|A0A0E1NSG3_YERPA	GCF_020268605.1_WP_180560445.1	65.116	86	88	100	86	30	0	1	86	1	86	6.99e-40	132
tr|A0A0E1NSG3|A0A0E1NSG3_YERPA	GCF_000091565.1_WP_004159420.1	59.524	86	87	98	84	34	0	1	84	1	84	8.30e-40	132
tr|A0A0E1NSG3|A0A0E1NSG3_YERPA	GCF_022647325.1_WP_111140597.1	60.000	86	86	99	85	34	0	1	85	1	85	1.38e-39	131
tr|A0A0E1NSG3|A0A0E1NSG3_YERPA	GCF_004768525.1_WP_026822068.1	66.279	86	88	100	86	29	0	1	86	1	86	1.86e-39	131
tr|A0A0E1NSG3|A0A0E1NSG3_YERPA	GCF_025946765.1_WP_264497926.1	66.279	86	86	100	86	29	0	1	86	1	86	2.73e-39	130
tr|A0A0E1NSG3|A0A0E1NSG3_YERPA	GCF_021733145.1_WP_012847629.1	69.048	86	86	98	84	26	0	1	84	1	84	3.43e-39	130
tr|A0A0E1NSG3|A0A0E1NSG3_YERPA	GCF_021365465.1_WP_016190321.1	62.791	86	87	100	86	32	0	1	86	1	86	9.68e-39	129
tr|A0A0E1NSG3|A0A0E1NSG3_YERPA	GCF_029277985.1_WP_154623766.1	69.767	86	87	100	86	26	0	1	86	1	86	1.05e-38	129
tr|A0A0E1NSG3|A0A0E1NSG3_YERPA	GCF_000261045.2_WP_006318653.1	67.442	86	87	100	86	28	0	1	86	1	86	1.44e-38	129
tr|A0A0E1NSG3|A0A0E1NSG3_YERPA	GCF_013460135.1_WP_180816665.1	62.791	86	88	100	86	32	0	1	86	1	86	1.44e-38	129
tr|A0A0E1NSG3|A0A0E1NSG3_YERPA	GCF_900638135.1_WP_012146468.1	66.279	86	87	100	86	29	0	1	86	1	86	1.57e-38	128
tr|A0A0E1NSG3|A0A0E1NSG3_YERPA	GCF_017743015.1_WP_209027287.1	68.605	86	88	100	86	27	0	1	86	1	86	1.72e-38	128
tr|A0A0E1NSG3|A0A0E1NSG3_YERPA	GCF_000517405.1_WP_038469034.1	65.854	86	83	95	82	28	0	4	85	1	82	1.91e-38	128
tr|A0A0E1NSG3|A0A0E1NSG3_YERPA	GCF_900475855.1_WP_068441311.1	67.442	86	87	100	86	28	0	1	86	1	86	2.03e-38	128
tr|A0A0E1NSG3|A0A0E1NSG3_YERPA	GCF_020342335.1_WP_067428135.1	59.302	86	87	100	86	35	0	1	86	1	86	2.09e-38	128
tr|A0A0E1NSG3|A0A0E1NSG3_YERPA	GCF_020541225.1_WP_226811316.1	58.824	86	86	99	85	35	0	1	85	1	85	2.69e-38	128
tr|A0A0E1NSG3|A0A0E1NSG3_YERPA	GCF_003204135.1_WP_004908806.1	65.116	86	87	100	86	30	0	1	86	1	86	3.14e-38	128
tr|A0A0E1NSG3|A0A0E1NSG3_YERPA	GCF_009831665.3_WP_006709226.1	62.791	86	87	100	86	32	0	1	86	1	86	4.01e-38	128
tr|A0A0E1NSG3|A0A0E1NSG3_YERPA	GCF_000968195.1_WP_045972480.1	66.667	86	87	100	87	28	1	1	86	1	87	4.21e-38	127
tr|A0A0E1NSG3|A0A0E1NSG3_YERPA	GCF_002952315.1_WP_012667243.1	60.000	86	87	99	85	34	0	1	85	1	85	4.56e-38	127
tr|A0A0E1NSG3|A0A0E1NSG3_YERPA	GCF_002843235.3_WP_102139922.1	66.279	86	87	100	86	29	0	1	86	1	86	4.56e-38	127
tr|A0A0E1NSG3|A0A0E1NSG3_YERPA	GCF_002504285.1_WP_005282992.1	67.442	86	86	100	86	28	0	1	86	1	86	4.96e-38	127
tr|A0A0E1NSG3|A0A0E1NSG3_YERPA	GCF_022592395.1_WP_047255099.1	60.465	86	87	100	86	34	0	1	86	1	86	9.85e-38	126
tr|A0A0E1NSG3|A0A0E1NSG3_YERPA	GCF_002393505.1_WP_006658392.1	63.953	86	87	100	86	31	0	1	86	1	86	1.12e-37	126
tr|A0A0E1NSG3|A0A0E1NSG3_YERPA	GCF_000214235.1_WP_004952197.1	67.857	86	85	98	84	27	0	3	86	1	84	1.21e-37	126
tr|A0A0E1NSG3|A0A0E1NSG3_YERPA	GCF_001721185.1_WP_069317984.1	66.279	86	87	100	86	29	0	1	86	1	86	1.22e-37	126
tr|A0A0E1NSG3|A0A0E1NSG3_YERPA	GCF_016026395.1_WP_024524235.1	66.279	86	86	100	86	29	0	1	86	1	86	1.61e-37	126
tr|A0A0E1NSG3|A0A0E1NSG3_YERPA	GCF_000069965.1_WP_004245453.1	57.647	86	86	99	85	36	0	1	85	1	85	1.93e-37	126
tr|A0A0E1NSG3|A0A0E1NSG3_YERPA	GCF_001006005.1_WP_223499701.1	67.857	86	85	98	84	27	0	3	86	1	84	3.01e-37	125
tr|A0A0E1NSG3|A0A0E1NSG3_YERPA	GCF_011045835.1_WP_075671674.1	58.824	86	86	99	85	35	0	1	85	1	85	3.04e-37	125
tr|A0A0E1NSG3|A0A0E1NSG3_YERPA	GCF_900478135.1_WP_111739359.1	70.115	86	88	100	87	25	1	1	86	1	87	3.08e-37	125
tr|A0A0E1NSG3|A0A0E1NSG3_YERPA	GCF_008364325.2_WP_230090436.1	66.667	86	85	98	84	28	0	3	86	1	84	4.04e-37	125
tr|A0A0E1NSG3|A0A0E1NSG3_YERPA	GCF_014295015.1_WP_013185414.1	66.667	86	87	100	87	28	1	1	86	1	87	4.19e-37	125
tr|A0A0E1NSG3|A0A0E1NSG3_YERPA	GCF_000968175.1_WP_045959360.1	63.218	86	88	100	87	31	1	1	86	1	87	6.00e-37	124
tr|A0A0E1NSG3|A0A0E1NSG3_YERPA	GCF_022369495.1_WP_072064250.1	57.647	86	86	99	85	36	0	1	85	1	85	7.17e-37	124
tr|A0A0E1NSG3|A0A0E1NSG3_YERPA	GCF_003096015.2_WP_230514010.1	68.966	86	88	100	87	26	1	1	86	1	87	7.86e-37	124
tr|A0A0E1NSG3|A0A0E1NSG3_YERPA	GCF_004295645.1_WP_228350951.1	68.966	86	88	100	87	26	1	1	86	1	87	1.07e-36	124
tr|A0A0E1NSG3|A0A0E1NSG3_YERPA	GCF_004116975.1_WP_064720954.1	60.000	86	86	99	85	34	0	1	85	1	85	1.41e-36	124
tr|A0A0E1NSG3|A0A0E1NSG3_YERPA	GCF_900638655.1_WP_047781753.1	70.115	86	88	100	87	25	1	1	86	1	87	2.37e-36	123
tr|A0A0E1NSG3|A0A0E1NSG3_YERPA	GCF_003074995.2_WP_015870269.1	62.651	86	86	97	83	31	0	1	83	1	83	3.32e-36	123
tr|A0A0E1NSG3|A0A0E1NSG3_YERPA	GCF_005671395.1_WP_138095872.1	64.103	86	86	91	78	28	0	1	78	1	78	1.54e-35	121
tr|A0A0E1NSG3|A0A0E1NSG3_YERPA	GCF_003812345.1_WP_121571778.1	33.333	86	94	100	87	57	1	1	86	1	87	1.30e-30	108
tr|A0A0E1NSG3|A0A0E1NSG3_YERPA	GCF_008693605.1_WP_223849061.1	32.558	86	95	99	86	57	1	1	85	2	87	2.04e-30	108
tr|A0A0E1NSG3|A0A0E1NSG3_YERPA	GCF_002355475.1_WP_004421315.1	39.506	86	91	93	81	48	1	3	82	1	81	3.32e-30	107
tr|A0A0E1NSG3|A0A0E1NSG3_YERPA	GCF_004353845.1_WP_103770713.1	32.184	86	93	100	87	58	1	1	86	1	87	8.14e-30	106
tr|A0A0E1NSG3|A0A0E1NSG3_YERPA	GCF_013200955.2_WP_173204463.1	32.099	86	91	93	81	54	1	3	82	1	81	2.24e-29	105
tr|A0A0E1NSG3|A0A0E1NSG3_YERPA	GCF_000733715.2_WP_017362912.1	31.250	86	90	92	80	54	1	4	82	1	80	9.04e-29	104
tr|A0A0E1NSG3|A0A0E1NSG3_YERPA	GCF_001597285.1_WP_061903727.1	33.333	86	92	90	78	51	1	6	82	3	80	9.45e-29	104
tr|A0A0E1NSG3|A0A0E1NSG3_YERPA	GCF_008693645.1_WP_137347870.1	31.034	86	89	100	87	59	1	1	86	1	87	1.05e-28	103
tr|A0A0E1NSG3|A0A0E1NSG3_YERPA	GCF_008807375.1_WP_151138908.1	40.741	86	91	93	81	47	1	3	82	1	81	4.47e-28	102
tr|A0A0E1NSG3|A0A0E1NSG3_YERPA	GCF_000297075.2_WP_003461742.1	31.250	86	90	92	80	54	1	4	82	1	80	5.49e-28	102
tr|A0A0E1NSG3|A0A0E1NSG3_YERPA	GCF_013409125.2_WP_099525265.1	31.250	86	90	92	80	54	1	4	82	1	80	5.85e-28	102
tr|A0A0E1NSG3|A0A0E1NSG3_YERPA	GCF_001594225.2_WP_064379396.1	34.483	86	92	95	87	52	2	4	85	1	87	6.94e-28	101
tr|A0A0E1NSG3|A0A0E1NSG3_YERPA	GCF_024205225.1_WP_195881696.1	31.250	86	90	92	80	54	1	4	82	1	80	9.64e-28	101
tr|A0A0E1NSG3|A0A0E1NSG3_YERPA	GCF_017167985.1_WP_079784061.1	32.500	86	90	92	80	53	1	4	82	1	80	1.84e-27	100
tr|A0A0E1NSG3|A0A0E1NSG3_YERPA	GCF_000178875.2_WP_012197738.1	34.118	86	90	93	85	51	2	6	85	3	87	2.10e-27	100
tr|A0A0E1NSG3|A0A0E1NSG3_YERPA	GCF_004684345.1_WP_135321947.1	32.927	86	93	94	82	54	1	1	81	1	82	2.27e-27	100
tr|A0A0E1NSG3|A0A0E1NSG3_YERPA	GCF_021029445.1_WP_230924827.1	31.081	86	89	86	74	51	0	4	77	1	74	2.58e-27	100
tr|A0A0E1NSG3|A0A0E1NSG3_YERPA	GCF_001708425.1_WP_055136127.1	34.884	86	94	94	86	51	2	4	84	1	86	5.21e-27	99.7
tr|A0A0E1NSG3|A0A0E1NSG3_YERPA	GCF_017915135.1_WP_210390879.1	30.000	86	90	92	80	55	1	4	82	1	80	1.33e-26	98.5
tr|A0A0E1NSG3|A0A0E1NSG3_YERPA	GCF_025402875.1_WP_011791024.1	32.941	86	90	93	85	52	2	6	85	3	87	1.48e-26	98.5
tr|A0A0E1NSG3|A0A0E1NSG3_YERPA	GCF_017167985.1_WP_093053415.1	32.500	86	92	92	80	53	1	4	82	1	80	1.88e-26	98.3
tr|A0A0E1NSG3|A0A0E1NSG3_YERPA	GCF_019670705.1_WP_100146025.1	34.091	86	92	97	88	53	2	4	86	1	88	2.29e-26	98.0
tr|A0A0E1NSG3|A0A0E1NSG3_YERPA	GCF_019047765.1_WP_040231149.1	30.233	86	89	99	86	59	1	1	85	1	86	2.71e-26	98.0
tr|A0A0E1NSG3|A0A0E1NSG3_YERPA	GCF_003957745.1_WP_126168493.1	33.333	86	87	95	87	53	2	4	85	1	87	3.53e-26	97.4
tr|A0A0E1NSG3|A0A0E1NSG3_YERPA	GCF_009730655.1_WP_156020461.1	34.091	86	92	97	88	53	2	4	86	1	88	3.60e-26	97.7
tr|A0A0E1NSG3|A0A0E1NSG3_YERPA	GCF_013423785.1_WP_180308358.1	38.356	86	88	85	73	45	0	1	73	1	73	7.35e-26	96.8
tr|A0A0E1NSG3|A0A0E1NSG3_YERPA	GCF_020991025.1_WP_152109250.1	41.026	86	83	90	78	45	1	3	79	1	78	7.63e-26	96.6
tr|A0A0E1NSG3|A0A0E1NSG3_YERPA	GCF_900682675.2_WP_069898892.1	37.179	86	94	90	78	45	2	1	77	1	75	8.67e-26	96.6
tr|A0A0E1NSG3|A0A0E1NSG3_YERPA	GCF_002355475.1_WP_003455993.1	32.000	86	90	86	75	50	1	7	80	2	76	1.23e-25	96.3
tr|A0A0E1NSG3|A0A0E1NSG3_YERPA	GCF_024971755.1_WP_259474826.1	30.588	86	88	93	85	54	2	6	85	3	87	1.67e-25	95.7
tr|A0A0E1NSG3|A0A0E1NSG3_YERPA	GCF_016834455.1_WP_203325205.1	35.897	86	86	90	78	49	1	4	80	1	78	2.30e-25	95.4
tr|A0A0E1NSG3|A0A0E1NSG3_YERPA	GCF_000015245.1_WP_011761423.1	35.294	86	86	93	85	50	2	4	83	1	85	3.01e-25	95.2
tr|A0A0E1NSG3|A0A0E1NSG3_YERPA	GCF_011397855.1_WP_044414183.1	37.179	86	90	90	78	48	1	4	80	1	78	3.42e-25	95.2
tr|A0A0E1NSG3|A0A0E1NSG3_YERPA	GCF_002215585.1_WP_088903590.1	30.233	86	89	95	86	56	1	4	85	1	86	4.76e-25	94.6
tr|A0A0E1NSG3|A0A0E1NSG3_YERPA	GCF_008807375.1_WP_151133519.1	29.333	86	90	86	75	52	1	7	80	2	76	4.97e-25	94.6
tr|A0A0E1NSG3|A0A0E1NSG3_YERPA	GCF_012767755.2_WP_173176508.1	32.051	86	91	90	78	49	2	4	80	1	75	1.27e-24	93.8
tr|A0A0E1NSG3|A0A0E1NSG3_YERPA	GCF_012767755.2_WP_173171843.1	35.065	86	90	88	77	49	1	7	82	4	80	2.01e-24	93.2
tr|A0A0E1NSG3|A0A0E1NSG3_YERPA	GCF_017354925.1_WP_207321174.1	33.333	86	87	90	78	51	1	4	80	1	78	5.31e-24	92.1
tr|A0A0E1NSG3|A0A0E1NSG3_YERPA	GCF_029457395.1_WP_024766443.1	34.667	86	92	81	75	44	1	6	75	3	77	6.39e-24	91.8
tr|A0A0E1NSG3|A0A0E1NSG3_YERPA	GCF_017354965.1_WP_207380278.1	33.333	86	87	90	78	51	1	4	80	1	78	9.18e-24	91.5
tr|A0A0E1NSG3|A0A0E1NSG3_YERPA	GCF_012971725.1_WP_169940133.1	33.333	86	92	81	75	45	1	6	75	3	77	1.78e-23	90.7
tr|A0A0E1NSG3|A0A0E1NSG3_YERPA	GCF_008033135.1_WP_148717358.1	27.273	86	87	90	77	56	0	4	80	1	77	1.85e-23	90.7
tr|A0A0E1NSG3|A0A0E1NSG3_YERPA	GCF_017329545.1_WP_047884589.1	43.478	86	95	79	69	38	1	3	70	1	69	3.97e-23	89.8
tr|A0A0E1NSG3|A0A0E1NSG3_YERPA	GCF_000014885.1_WP_020912292.1	33.750	86	87	92	80	52	1	4	82	1	80	4.75e-23	89.5
tr|A0A0E1NSG3|A0A0E1NSG3_YERPA	GCF_000801295.1_WP_171816254.1	32.143	86	99	94	84	53	2	1	81	1	83	1.58e-22	88.4
tr|A0A0E1NSG3|A0A0E1NSG3_YERPA	GCF_000016065.1_WP_011864074.1	30.380	86	93	92	79	55	0	4	82	1	79	2.72e-22	87.8
tr|A0A0E1NSG3|A0A0E1NSG3_YERPA	GCF_014524625.1_WP_009050814.1	24.419	86	92	94	86	60	2	4	84	1	86	4.96e-22	87.0
tr|A0A0E1NSG3|A0A0E1NSG3_YERPA	GCF_000146165.2_WP_164925808.1	32.558	86	89	93	86	52	3	6	85	3	88	5.13e-22	87.0
tr|A0A0E1NSG3|A0A0E1NSG3_YERPA	GCF_003025345.2_WP_003155955.1	36.471	86	91	92	85	48	1	4	82	1	85	1.13e-21	86.2
tr|A0A0E1NSG3|A0A0E1NSG3_YERPA	GCF_002005305.1_WP_077753428.1	33.735	86	86	91	83	50	2	6	83	3	85	4.12e-21	84.5
tr|A0A0E1NSG3|A0A0E1NSG3_YERPA	GCF_024346675.1_WP_048897676.1	37.681	86	86	79	69	42	1	3	70	1	69	1.02e-20	83.6
tr|A0A0E1NSG3|A0A0E1NSG3_YERPA	GCF_003515105.1_WP_036973086.1	40.845	86	73	81	71	41	1	6	75	2	72	3.23e-20	81.9
tr|A0A0E1NSG3|A0A0E1NSG3_YERPA	GCF_001677435.1_WP_068615618.1	28.947	86	90	87	76	53	1	3	77	1	76	4.72e-20	81.9
tr|A0A0E1NSG3|A0A0E1NSG3_YERPA	GCF_001020955.1_WP_047250467.1	36.709	86	82	87	79	46	2	1	75	1	79	7.09e-20	81.4
tr|A0A0E1NSG3|A0A0E1NSG3_YERPA	GCF_004358345.1_WP_121852852.1	32.857	86	76	80	70	46	1	3	71	1	70	1.23e-19	80.5
tr|A0A0E1NSG3|A0A0E1NSG3_YERPA	GCF_020405345.1_WP_017780573.1	38.235	86	89	79	68	39	2	7	74	4	68	2.34e-19	80.3
tr|A0A0E1NSG3|A0A0E1NSG3_YERPA	GCF_900637545.1_WP_042651794.1	35.211	86	84	83	71	43	1	4	74	1	68	7.64e-19	78.8
tr|A0A0E1NSG3|A0A0E1NSG3_YERPA	GCF_000321415.2_WP_015260329.1	33.333	86	93	100	90	54	3	1	86	1	88	8.54e-19	78.8
tr|A0A0E1NSG3|A0A0E1NSG3_YERPA	GCF_019669905.1_WP_054759186.1	43.396	86	79	60	53	29	1	8	59	3	55	1.29e-18	78.0
tr|A0A0E1NSG3|A0A0E1NSG3_YERPA	GCF_020423125.1_WP_226170850.1	41.071	86	84	65	56	33	0	6	61	3	58	1.63e-18	78.0
tr|A0A0E1NSG3|A0A0E1NSG3_YERPA	GCF_002218045.2_WP_089137819.1	40.278	86	79	79	72	39	2	6	73	5	76	2.18e-18	77.4
tr|A0A0E1NSG3|A0A0E1NSG3_YERPA	GCF_001007935.1_WP_046849946.1	32.836	86	84	77	67	44	1	8	73	4	70	2.20e-18	77.7
tr|A0A0E1NSG3|A0A0E1NSG3_YERPA	GCF_016026875.1_WP_045525981.1	39.344	86	89	71	61	34	1	1	61	1	58	2.58e-18	77.4
tr|A0A0E1NSG3|A0A0E1NSG3_YERPA	GCF_000968535.2_WP_014147785.1	33.784	86	84	85	74	47	2	8	80	4	76	2.79e-18	77.4
tr|A0A0E1NSG3|A0A0E1NSG3_YERPA	GCF_009938225.1_WP_075649723.1	37.975	86	82	86	79	44	2	10	83	2	80	3.67e-18	76.9
tr|A0A0E1NSG3|A0A0E1NSG3_YERPA	GCF_007197555.1_WP_144048375.1	32.927	86	94	87	82	45	3	1	75	1	79	3.80e-18	77.2
tr|A0A0E1NSG3|A0A0E1NSG3_YERPA	GCF_028355655.1_WP_087756847.1	36.207	86	84	67	58	37	0	4	61	1	58	4.21e-18	76.9
tr|A0A0E1NSG3|A0A0E1NSG3_YERPA	GCF_015209785.1_WP_193988300.1	38.235	86	73	78	68	41	1	6	72	2	69	4.70e-18	76.6
tr|A0A0E1NSG3|A0A0E1NSG3_YERPA	GCF_002157225.2_WP_086934278.1	27.397	86	80	85	73	53	0	10	82	5	77	5.49e-18	76.6
tr|A0A0E1NSG3|A0A0E1NSG3_YERPA	GCF_002215215.1_WP_088918776.1	41.429	86	101	80	70	39	2	5	73	15	83	1.24e-17	76.0
tr|A0A0E1NSG3|A0A0E1NSG3_YERPA	GCF_003015165.1_WP_106887831.1	36.207	86	84	67	58	37	0	4	61	1	58	1.26e-17	75.8
tr|A0A0E1NSG3|A0A0E1NSG3_YERPA	GCF_008364325.2_WP_020826409.1	24.324	86	84	85	74	52	2	4	76	1	71	1.61e-17	75.5
tr|A0A0E1NSG3|A0A0E1NSG3_YERPA	GCF_020149575.1_WP_224431657.1	41.176	86	85	59	51	30	0	6	56	3	53	1.68e-17	75.5
tr|A0A0E1NSG3|A0A0E1NSG3_YERPA	GCF_000009145.1_WP_041356315.1	31.707	86	90	90	82	51	3	10	86	6	87	1.79e-17	75.5
tr|A0A0E1NSG3|A0A0E1NSG3_YERPA	GCF_000214665.1_WP_013819542.1	35.484	86	83	71	62	38	2	10	70	6	66	2.27e-17	74.9
tr|A0A0E1NSG3|A0A0E1NSG3_YERPA	GCF_014169735.1_WP_134997272.1	33.929	86	86	65	56	37	0	6	61	3	58	2.73e-17	74.9
tr|A0A0E1NSG3|A0A0E1NSG3_YERPA	GCF_016127195.1_WP_042032742.1	32.759	86	89	67	58	39	0	4	61	1	58	3.54e-17	74.6
tr|A0A0E1NSG3|A0A0E1NSG3_YERPA	GCF_008693705.1_WP_127008315.1	34.483	86	84	67	58	38	0	4	61	1	58	3.92e-17	74.3
tr|A0A0E1NSG3|A0A0E1NSG3_YERPA	GCF_006742785.1_WP_172630283.1	31.148	86	88	70	61	41	1	8	67	3	63	4.27e-17	74.3
tr|A0A0E1NSG3|A0A0E1NSG3_YERPA	GCF_024360925.2_WP_255188929.1	33.871	86	83	71	62	39	2	10	70	6	66	4.78e-17	74.1
tr|A0A0E1NSG3|A0A0E1NSG3_YERPA	GCF_000227685.2_WP_006746304.1	33.333	86	83	90	81	50	2	1	77	1	81	8.27e-17	73.5
tr|A0A0E1NSG3|A0A0E1NSG3_YERPA	GCF_024347195.1_WP_271272618.1	34.247	86	77	80	73	44	3	4	72	1	73	9.95e-17	73.2
tr|A0A0E1NSG3|A0A0E1NSG3_YERPA	GCF_019703835.1_WP_087020305.1	33.333	86	79	90	81	47	2	10	86	1	78	1.17e-16	73.2
tr|A0A0E1NSG3|A0A0E1NSG3_YERPA	GCF_005931095.1_WP_017839868.1	32.432	86	84	85	74	48	2	8	80	4	76	1.63e-16	72.9
tr|A0A0E1NSG3|A0A0E1NSG3_YERPA	GCF_014905115.1_WP_193151849.1	30.769	86	81	74	65	44	1	10	73	2	66	2.02e-16	72.7
tr|A0A0E1NSG3|A0A0E1NSG3_YERPA	GCF_000785705.2_WP_036272019.1	32.258	86	82	72	62	41	1	10	71	6	66	2.25e-16	72.4
tr|A0A0E1NSG3|A0A0E1NSG3_YERPA	GCF_016026615.1_WP_197928313.1	32.759	86	89	67	58	39	0	4	61	1	58	2.40e-16	72.4
tr|A0A0E1NSG3|A0A0E1NSG3_YERPA	GCF_001651805.1_WP_067384150.1	35.135	86	78	80	74	43	3	4	72	1	74	3.66e-16	71.8
tr|A0A0E1NSG3|A0A0E1NSG3_YERPA	GCF_024347215.1_WP_261843265.1	35.616	86	77	80	73	43	3	4	72	1	73	3.78e-16	71.8
tr|A0A0E1NSG3|A0A0E1NSG3_YERPA	GCF_019797925.1_WP_193521737.1	33.846	86	80	76	65	43	0	10	74	2	66	4.96e-16	71.5
tr|A0A0E1NSG3|A0A0E1NSG3_YERPA	GCF_024746855.1_WP_260492542.1	33.846	86	79	76	65	43	0	10	74	2	66	5.04e-16	71.5
tr|A0A0E1NSG3|A0A0E1NSG3_YERPA	GCF_009068765.1_WP_151900329.1	30.769	86	81	74	65	44	1	10	73	2	66	5.33e-16	71.5
tr|A0A0E1NSG3|A0A0E1NSG3_YERPA	GCF_024347475.1_WP_239840920.1	36.508	86	83	72	63	39	1	10	71	2	64	8.40e-16	71.0
tr|A0A0E1NSG3|A0A0E1NSG3_YERPA	GCF_024347355.1_WP_105024956.1	36.508	86	83	72	63	39	1	10	71	2	64	1.10e-15	70.7
tr|A0A0E1NSG3|A0A0E1NSG3_YERPA	GCF_008329985.2_WP_149283950.1	38.095	86	81	72	63	38	1	10	71	2	64	1.17e-15	70.7
tr|A0A0E1NSG3|A0A0E1NSG3_YERPA	GCF_009938185.1_WP_162048373.1	30.380	86	82	86	79	50	3	10	83	2	80	1.69e-15	70.1
tr|A0A0E1NSG3|A0A0E1NSG3_YERPA	GCF_000014765.1_WP_011633385.1	30.952	86	89	92	84	53	3	8	86	3	86	2.57e-15	69.8
tr|A0A0E1NSG3|A0A0E1NSG3_YERPA	GCF_024494545.1_WP_256384876.1	27.273	86	81	76	66	47	1	10	74	2	67	4.85e-15	69.0
tr|A0A0E1NSG3|A0A0E1NSG3_YERPA	GCF_000021985.1_WP_012639500.1	29.730	86	82	80	74	47	2	3	71	1	74	1.07e-14	68.2
tr|A0A0E1NSG3|A0A0E1NSG3_YERPA	GCF_009938205.1_WP_075706454.1	38.462	86	82	74	65	39	1	10	73	2	66	1.25e-14	67.9
tr|A0A0E1NSG3|A0A0E1NSG3_YERPA	GCF_001558255.2_WP_005504861.1	33.333	86	82	87	81	48	3	10	84	2	82	1.55e-14	67.9
tr|A0A0E1NSG3|A0A0E1NSG3_YERPA	GCF_003990335.1_WP_127025819.1	23.438	86	91	74	64	49	0	10	73	6	69	1.76e-14	67.9
tr|A0A0E1NSG3|A0A0E1NSG3_YERPA	GCF_003967195.1_WP_172597571.1	29.730	86	83	80	74	47	2	3	71	2	75	2.14e-14	67.3
tr|A0A0E1NSG3|A0A0E1NSG3_YERPA	GCF_013343005.1_WP_078482823.1	36.250	86	84	87	80	46	2	3	77	1	80	2.30e-14	67.3
tr|A0A0E1NSG3|A0A0E1NSG3_YERPA	GCF_019670125.1_WP_221076876.1	33.871	86	81	71	62	40	1	10	70	2	63	2.67e-14	67.0
tr|A0A0E1NSG3|A0A0E1NSG3_YERPA	GCF_019977755.1_WP_126608378.1	34.118	86	103	86	85	45	3	10	83	16	100	3.15e-14	67.3
tr|A0A0E1NSG3|A0A0E1NSG3_YERPA	GCF_003258315.1_WP_111337788.1	28.378	86	88	85	74	52	1	8	80	4	77	3.91e-14	66.7
tr|A0A0E1NSG3|A0A0E1NSG3_YERPA	GCF_003063625.1_WP_108601906.1	24.286	86	85	78	70	50	1	10	76	5	74	5.44e-14	66.5
tr|A0A0E1NSG3|A0A0E1NSG3_YERPA	GCF_006337165.1_WP_139515111.1	34.568	86	82	88	81	45	2	3	78	1	78	6.77e-14	66.2
tr|A0A0E1NSG3|A0A0E1NSG3_YERPA	GCF_002355415.1_WP_148665551.1	35.526	86	87	84	76	42	3	6	77	13	85	7.48e-14	66.2
tr|A0A0E1NSG3|A0A0E1NSG3_YERPA	GCF_000828615.1_WP_041064380.1	31.646	86	80	86	79	49	3	1	74	1	79	7.86e-14	65.9
tr|A0A0E1NSG3|A0A0E1NSG3_YERPA	GCF_019670105.1_WP_040307707.1	30.769	86	81	74	65	44	1	10	73	2	66	9.29e-14	65.6
tr|A0A0E1NSG3|A0A0E1NSG3_YERPA	GCF_000148645.1_WP_013347076.1	31.818	86	80	76	66	44	1	10	74	1	66	9.43e-14	65.6
tr|A0A0E1NSG3|A0A0E1NSG3_YERPA	GCF_002407485.1_WP_096780111.1	30.159	86	81	72	63	43	1	10	71	2	64	1.13e-13	65.6
tr|A0A0E1NSG3|A0A0E1NSG3_YERPA	GCF_003966655.1_WP_113527441.1	27.941	86	77	79	68	49	0	3	70	1	68	1.59e-13	65.1
tr|A0A0E1NSG3|A0A0E1NSG3_YERPA	GCF_013462805.1_WP_009566961.1	27.941	86	77	79	68	49	0	3	70	1	68	1.91e-13	64.8
tr|A0A0E1NSG3|A0A0E1NSG3_YERPA	GCF_022371215.1_WP_239718047.1	29.231	86	83	74	65	45	1	10	73	2	66	2.49e-13	64.8
tr|A0A0E1NSG3|A0A0E1NSG3_YERPA	GCF_002849875.1_WP_232379112.1	27.381	86	113	88	84	53	3	6	81	28	111	2.73e-13	65.1
tr|A0A0E1NSG3|A0A0E1NSG3_YERPA	GCF_009662475.1_WP_031573754.1	29.114	86	79	87	79	52	2	3	77	1	79	3.00e-13	64.5
tr|A0A0E1NSG3|A0A0E1NSG3_YERPA	GCF_003568825.1_WP_040644076.1	29.412	86	83	74	68	44	1	10	73	2	69	3.98e-13	64.2
tr|A0A0E1NSG3|A0A0E1NSG3_YERPA	GCF_003584645.1_WP_197716612.1	28.049	86	80	91	82	52	2	3	80	1	79	6.14e-13	63.7
tr|A0A0E1NSG3|A0A0E1NSG3_YERPA	GCF_002204915.1_WP_052690899.1	26.250	86	101	87	80	54	2	10	84	21	100	7.03e-13	63.9
tr|A0A0E1NSG3|A0A0E1NSG3_YERPA	GCF_024347495.1_WP_137371745.1	27.692	86	80	74	65	46	1	10	73	2	66	8.17e-13	63.4
tr|A0A0E1NSG3|A0A0E1NSG3_YERPA	GCF_024347675.1_WP_261835500.1	28.750	86	81	87	80	52	2	10	84	2	81	9.89e-13	63.1
tr|A0A0E1NSG3|A0A0E1NSG3_YERPA	GCF_024347255.1_WP_091360415.1	32.432	86	79	80	74	45	2	4	72	1	74	1.00e-12	63.1
tr|A0A0E1NSG3|A0A0E1NSG3_YERPA	GCF_001455205.1_WP_062560013.1	29.231	86	84	74	65	44	2	10	73	6	69	1.06e-12	63.1
tr|A0A0E1NSG3|A0A0E1NSG3_YERPA	GCF_003668795.1_WP_054981706.1	34.921	86	83	72	63	40	1	10	71	2	64	1.28e-12	62.8
tr|A0A0E1NSG3|A0A0E1NSG3_YERPA	GCF_008632455.1_WP_150048082.1	26.866	86	84	77	67	47	2	9	74	5	70	1.42e-12	62.8
tr|A0A0E1NSG3|A0A0E1NSG3_YERPA	GCF_002221525.1_WP_089349457.1	34.921	86	83	72	63	40	1	10	71	2	64	1.47e-12	62.8
tr|A0A0E1NSG3|A0A0E1NSG3_YERPA	GCF_004001245.1_WP_127478562.1	28.750	86	85	87	80	52	2	1	75	1	80	1.48e-12	62.8
tr|A0A0E1NSG3|A0A0E1NSG3_YERPA	GCF_000788395.1_WP_038641921.1	28.302	86	85	62	53	38	0	10	62	5	57	1.61e-12	62.8
tr|A0A0E1NSG3|A0A0E1NSG3_YERPA	GCF_004355185.1_WP_133271280.1	32.500	86	81	87	80	46	2	4	78	1	77	1.66e-12	62.5
tr|A0A0E1NSG3|A0A0E1NSG3_YERPA	GCF_004328865.1_WP_104643907.1	33.333	86	83	72	63	41	1	10	71	2	64	1.96e-12	62.5
tr|A0A0E1NSG3|A0A0E1NSG3_YERPA	GCF_000019525.1_WP_012323084.1	33.871	86	81	71	62	40	1	10	70	2	63	2.02e-12	62.2
tr|A0A0E1NSG3|A0A0E1NSG3_YERPA	GCF_000772105.1_WP_004748349.1	31.746	86	81	72	63	42	1	10	71	2	64	2.19e-12	62.2
tr|A0A0E1NSG3|A0A0E1NSG3_YERPA	GCF_005877035.1_WP_039486662.1	33.333	86	83	72	63	41	1	10	71	2	64	2.33e-12	62.2
tr|A0A0E1NSG3|A0A0E1NSG3_YERPA	GCF_001558415.2_WP_061055374.1	31.579	86	83	65	57	38	1	10	65	2	58	2.39e-12	62.2
tr|A0A0E1NSG3|A0A0E1NSG3_YERPA	GCF_009938015.1_WP_223264517.1	32.051	86	90	85	78	48	3	1	73	1	78	2.58e-12	62.2
tr|A0A0E1NSG3|A0A0E1NSG3_YERPA	GCF_014879975.1_WP_192888672.1	28.378	86	83	80	74	48	2	10	78	2	75	3.16e-12	62.0
tr|A0A0E1NSG3|A0A0E1NSG3_YERPA	GCF_024347595.1_WP_176681244.1	31.746	86	83	72	63	42	1	10	71	2	64	4.27e-12	61.7
tr|A0A0E1NSG3|A0A0E1NSG3_YERPA	GCF_000026085.1_WP_041454550.1	32.394	86	73	80	71	45	3	6	74	2	71	4.50e-12	61.4
tr|A0A0E1NSG3|A0A0E1NSG3_YERPA	GCF_024362845.1_WP_255230807.1	25.316	86	82	86	79	54	2	10	83	2	80	4.84e-12	61.4
tr|A0A0E1NSG3|A0A0E1NSG3_YERPA	GCF_001596155.1_WP_068342236.1	32.877	86	90	80	73	42	2	3	71	1	70	5.03e-12	61.4
tr|A0A0E1NSG3|A0A0E1NSG3_YERPA	GCF_003970675.1_WP_126615366.1	27.941	86	76	79	68	45	2	7	74	10	73	5.84e-12	61.1
tr|A0A0E1NSG3|A0A0E1NSG3_YERPA	GCF_000238395.3_WP_010553578.1	31.746	86	83	72	63	42	1	10	71	2	64	6.10e-12	61.1
tr|A0A0E1NSG3|A0A0E1NSG3_YERPA	GCF_001007875.1_WP_046858354.1	28.571	86	80	84	77	50	2	10	81	2	78	6.18e-12	61.1
tr|A0A0E1NSG3|A0A0E1NSG3_YERPA	GCF_008369605.1_WP_000253074.1	32.308	86	81	74	65	43	1	10	73	2	66	6.34e-12	61.1
tr|A0A0E1NSG3|A0A0E1NSG3_YERPA	GCF_024347035.1_WP_102941394.1	30.159	86	81	72	63	43	1	10	71	2	64	6.75e-12	61.1
tr|A0A0E1NSG3|A0A0E1NSG3_YERPA	GCF_026427595.1_WP_251812951.1	32.836	86	88	72	67	40	2	12	73	7	73	7.65e-12	61.1
tr|A0A0E1NSG3|A0A0E1NSG3_YERPA	GCF_024347635.1_WP_139683960.1	25.610	86	83	90	82	56	2	10	86	2	83	7.99e-12	60.8
tr|A0A0E1NSG3|A0A0E1NSG3_YERPA	GCF_001999225.1_WP_077537996.1	28.571	86	82	72	63	44	1	10	71	2	64	8.44e-12	60.8
tr|A0A0E1NSG3|A0A0E1NSG3_YERPA	GCF_022827545.1_WP_243798205.1	33.333	86	82	88	81	46	2	3	78	1	78	9.35e-12	60.6
tr|A0A0E1NSG3|A0A0E1NSG3_YERPA	GCF_027625995.1_WP_270126807.1	32.099	86	82	88	81	47	2	3	78	1	78	9.73e-12	60.6
tr|A0A0E1NSG3|A0A0E1NSG3_YERPA	GCF_024347275.1_WP_019620968.1	32.000	86	82	81	75	46	3	6	75	3	77	9.73e-12	60.6
tr|A0A0E1NSG3|A0A0E1NSG3_YERPA	GCF_001831495.1_WP_068547707.1	25.000	86	81	69	60	44	1	10	68	2	61	1.06e-11	60.6
tr|A0A0E1NSG3|A0A0E1NSG3_YERPA	GCF_024582835.1_WP_257083279.1	25.610	86	87	90	82	56	2	10	86	2	83	1.11e-11	60.6
tr|A0A0E1NSG3|A0A0E1NSG3_YERPA	GCF_000576555.1_WP_044000633.1	32.099	86	83	88	81	47	2	3	78	2	79	1.12e-11	60.6
tr|A0A0E1NSG3|A0A0E1NSG3_YERPA	GCF_000940995.1_WP_082060442.1	24.706	86	93	98	85	63	1	3	86	1	85	1.23e-11	60.6
tr|A0A0E1NSG3|A0A0E1NSG3_YERPA	GCF_000212735.1_WP_013764159.1	29.870	86	83	85	77	47	2	1	73	1	74	1.27e-11	60.3
tr|A0A0E1NSG3|A0A0E1NSG3_YERPA	GCF_001955715.1_WP_029708890.1	25.676	86	80	81	74	48	2	4	73	1	71	1.32e-11	60.3
tr|A0A0E1NSG3|A0A0E1NSG3_YERPA	GCF_024347455.1_WP_135458404.1	24.390	86	83	90	82	57	2	10	86	2	83	1.41e-11	60.3
tr|A0A0E1NSG3|A0A0E1NSG3_YERPA	GCF_001995825.2_WP_017057338.1	24.390	86	83	90	82	57	2	10	86	2	83	1.66e-11	60.0
tr|A0A0E1NSG3|A0A0E1NSG3_YERPA	GCF_020844025.1_WP_215848879.1	30.645	86	77	72	62	43	0	9	70	7	68	1.76e-11	60.0
tr|A0A0E1NSG3|A0A0E1NSG3_YERPA	GCF_002214395.1_WP_010453422.1	24.359	86	81	85	78	54	2	12	84	4	81	1.79e-11	60.0
tr|A0A0E1NSG3|A0A0E1NSG3_YERPA	GCF_003574965.1_WP_119445661.1	33.333	86	82	88	81	46	2	3	78	1	78	1.84e-11	60.0
tr|A0A0E1NSG3|A0A0E1NSG3_YERPA	GCF_024347655.1_WP_060467732.1	33.846	86	83	74	65	42	1	10	73	2	66	1.93e-11	60.0
tr|A0A0E1NSG3|A0A0E1NSG3_YERPA	GCF_013137895.1_WP_135435790.1	32.927	86	83	90	82	46	3	1	77	1	78	2.12e-11	59.7
tr|A0A0E1NSG3|A0A0E1NSG3_YERPA	GCF_000091465.1_WP_004733849.1	24.390	86	83	90	82	57	2	10	86	2	83	2.15e-11	59.7
tr|A0A0E1NSG3|A0A0E1NSG3_YERPA	GCF_018736065.1_WP_144074266.1	27.941	86	76	79	68	45	2	7	74	10	73	2.68e-11	59.4
tr|A0A0E1NSG3|A0A0E1NSG3_YERPA	GCF_000014785.1_WP_011630183.1	30.263	86	83	84	76	49	3	4	75	7	82	3.33e-11	59.2
tr|A0A0E1NSG3|A0A0E1NSG3_YERPA	GCF_002355735.1_WP_096359192.1	30.000	86	83	77	70	45	2	5	70	8	77	3.52e-11	59.2
tr|A0A0E1NSG3|A0A0E1NSG3_YERPA	GCF_001431725.1_WP_021820278.1	28.571	86	81	72	63	44	1	10	71	2	64	3.57e-11	59.2
tr|A0A0E1NSG3|A0A0E1NSG3_YERPA	GCF_001507645.1_WP_068195976.1	38.356	86	90	80	73	38	2	3	71	1	70	3.86e-11	59.2
tr|A0A0E1NSG3|A0A0E1NSG3_YERPA	GCF_002142475.1_WP_026148861.1	26.582	86	86	87	79	51	2	4	78	1	76	4.01e-11	59.2
tr|A0A0E1NSG3|A0A0E1NSG3_YERPA	GCF_009755585.1_WP_157030071.1	28.571	86	85	85	77	48	2	3	75	1	74	4.23e-11	59.2
tr|A0A0E1NSG3|A0A0E1NSG3_YERPA	GCF_017638925.1_WP_208844867.1	26.562	86	81	74	64	47	0	10	73	2	65	4.46e-11	58.9
tr|A0A0E1NSG3|A0A0E1NSG3_YERPA	GCF_001456255.1_WP_020335096.1	23.077	86	81	85	78	55	2	12	84	4	81	5.07e-11	58.9
tr|A0A0E1NSG3|A0A0E1NSG3_YERPA	GCF_022811645.1_WP_243511723.1	35.616	86	90	80	73	40	2	3	71	1	70	5.48e-11	58.9
tr|A0A0E1NSG3|A0A0E1NSG3_YERPA	GCF_000012325.1_WP_011045621.1	29.310	86	84	67	58	41	0	10	67	5	62	7.14e-11	58.6
tr|A0A0E1NSG3|A0A0E1NSG3_YERPA	GCF_000006765.1_NP_249630.1	36.923	86	108	69	65	35	1	4	62	1	65	1.04e-10	58.6
tr|A0A0E1NSG3|A0A0E1NSG3_YERPA	GCF_002762215.1_WP_085750011.1	31.081	86	87	81	74	44	3	4	73	3	73	1.11e-10	58.0
tr|A0A0E1NSG3|A0A0E1NSG3_YERPA	GCF_002157895.1_WP_227874980.1	26.154	86	82	74	65	47	1	10	73	3	67	1.13e-10	58.0
tr|A0A0E1NSG3|A0A0E1NSG3_YERPA	GCF_900233005.1_WP_102521318.1	30.159	86	81	72	63	43	1	10	71	2	64	1.20e-10	57.7
tr|A0A0E1NSG3|A0A0E1NSG3_YERPA	GCF_002906475.1_WP_012130247.1	23.377	86	81	84	77	54	2	12	83	4	80	1.94e-10	57.2
tr|A0A0E1NSG3|A0A0E1NSG3_YERPA	GCF_008931805.1_WP_019441510.1	27.692	86	81	74	65	46	1	10	73	2	66	2.18e-10	57.2
tr|A0A0E1NSG3|A0A0E1NSG3_YERPA	GCF_002021755.1_WP_005434844.1	23.377	86	81	84	77	54	2	12	83	4	80	3.40e-10	56.6
tr|A0A0E1NSG3|A0A0E1NSG3_YERPA	GCF_000770115.1_WP_069687890.1	23.377	86	81	84	77	54	2	12	83	4	80	3.48e-10	56.6
tr|A0A0E1NSG3|A0A0E1NSG3_YERPA	GCF_003149515.1_WP_109656005.1	28.571	86	90	85	77	48	2	3	75	1	74	3.50e-10	56.9
tr|A0A0E1NSG3|A0A0E1NSG3_YERPA	GCF_010093065.1_WP_238430213.1	29.412	86	83	93	85	52	3	1	80	2	83	4.64e-10	56.3
tr|A0A0E1NSG3|A0A0E1NSG3_YERPA	GCF_024347675.1_WP_261833361.1	34.884	86	54	50	43	28	0	10	52	2	44	4.66e-10	55.8
tr|A0A0E1NSG3|A0A0E1NSG3_YERPA	GCF_013201725.1_WP_014475480.1	29.730	86	74	83	74	46	2	3	73	1	71	4.67e-10	56.1
tr|A0A0E1NSG3|A0A0E1NSG3_YERPA	GCF_000092245.1_WP_013136435.1	31.429	86	76	78	70	42	2	7	73	2	68	7.11e-10	55.8
tr|A0A0E1NSG3|A0A0E1NSG3_YERPA	GCF_003353065.1_WP_114983154.1	28.947	86	84	84	76	47	3	1	72	1	73	8.61e-10	55.8
tr|A0A0E1NSG3|A0A0E1NSG3_YERPA	GCF_004028275.1_WP_128384077.1	26.087	86	77	76	69	47	2	9	73	2	70	8.74e-10	55.5
tr|A0A0E1NSG3|A0A0E1NSG3_YERPA	GCF_003346815.1_WP_114840342.1	32.432	86	82	83	74	44	2	3	73	1	71	9.03e-10	55.5
tr|A0A0E1NSG3|A0A0E1NSG3_YERPA	GCF_006364355.1_WP_004727652.1	29.825	86	83	65	57	39	1	10	65	2	58	9.47e-10	55.5
tr|A0A0E1NSG3|A0A0E1NSG3_YERPA	GCF_019670485.1_WP_221071211.1	24.675	86	81	84	77	53	2	12	83	4	80	9.61e-10	55.5
tr|A0A0E1NSG3|A0A0E1NSG3_YERPA	GCF_023733635.1_WP_039959400.1	27.160	86	89	88	81	54	2	4	79	1	81	1.42e-09	55.2
tr|A0A0E1NSG3|A0A0E1NSG3_YERPA	GCF_017742995.1_WP_247749573.1	50.000	86	48	42	36	18	0	10	45	2	37	1.52e-09	54.4
tr|A0A0E1NSG3|A0A0E1NSG3_YERPA	GCF_000024825.1_WP_005460845.1	25.397	86	81	72	63	46	1	12	73	4	66	2.14e-09	54.7
tr|A0A0E1NSG3|A0A0E1NSG3_YERPA	GCF_013283835.1_WP_071626507.1	31.081	86	83	83	74	45	3	3	73	1	71	3.73e-09	54.1
tr|A0A0E1NSG3|A0A0E1NSG3_YERPA	GCF_000019185.1_WP_012277931.1	31.481	86	100	62	54	36	1	10	62	2	55	3.83e-09	54.4
tr|A0A0E1NSG3|A0A0E1NSG3_YERPA	GCF_000024005.1_WP_012793320.1	28.205	86	84	86	78	49	2	2	75	3	77	5.73e-09	53.5
tr|A0A0E1NSG3|A0A0E1NSG3_YERPA	GCF_000238255.3_WP_010559905.1	24.528	86	86	62	53	40	0	10	62	5	57	6.16e-09	53.5
tr|A0A0E1NSG3|A0A0E1NSG3_YERPA	GCF_006385555.1_WP_140234395.1	34.043	86	87	52	47	29	1	9	53	3	49	1.16e-08	53.0
tr|A0A0E1NSG3|A0A0E1NSG3_YERPA	GCF_005166025.1_WP_137090244.1	25.333	86	84	83	75	49	2	3	73	1	72	1.27e-08	52.7
tr|A0A0E1NSG3|A0A0E1NSG3_YERPA	GCF_902810445.1_WP_197744199.1	25.352	86	78	78	71	46	3	7	73	4	71	1.28e-08	52.7
tr|A0A0E1NSG3|A0A0E1NSG3_YERPA	GCF_008728635.1_WP_151087836.1	27.397	86	90	80	73	46	4	3	71	1	70	1.34e-08	52.7
tr|A0A0E1NSG3|A0A0E1NSG3_YERPA	GCF_013282625.1_WP_173286717.1	29.231	86	67	76	65	43	1	9	73	2	63	1.79e-08	52.1
tr|A0A0E1NSG3|A0A0E1NSG3_YERPA	GCF_009363415.1_WP_152430616.1	22.727	86	84	76	66	50	1	10	74	2	67	1.85e-08	52.4
tr|A0A0E1NSG3|A0A0E1NSG3_YERPA	GCF_002887615.1_WP_038869703.1	22.078	86	81	84	77	55	2	12	83	4	80	1.87e-08	52.1
tr|A0A0E1NSG3|A0A0E1NSG3_YERPA	GCF_008122265.1_WP_148863603.1	26.027	86	84	79	73	45	4	4	71	1	69	2.48e-08	51.8
tr|A0A0E1NSG3|A0A0E1NSG3_YERPA	GCF_023650495.1_WP_250655372.1	28.846	86	88	56	52	33	1	8	55	3	54	3.44e-08	51.6
tr|A0A0E1NSG3|A0A0E1NSG3_YERPA	GCF_001444405.1_WP_058032142.1	30.159	86	87	72	63	43	1	10	71	2	64	3.78e-08	51.6
tr|A0A0E1NSG3|A0A0E1NSG3_YERPA	GCF_003967275.1_WP_197721837.1	33.784	86	78	81	74	45	3	3	72	1	74	4.09e-08	51.3
tr|A0A0E1NSG3|A0A0E1NSG3_YERPA	GCF_004293625.1_WP_130538367.1	34.043	86	71	55	47	31	0	9	55	2	48	4.31e-08	51.0
tr|A0A0E1NSG3|A0A0E1NSG3_YERPA	GCF_013201935.1_WP_129014602.1	25.676	86	72	83	74	49	2	3	73	1	71	5.16e-08	51.0
tr|A0A0E1NSG3|A0A0E1NSG3_YERPA	GCF_013177675.1_WP_172128285.1	27.027	86	81	83	74	48	2	3	73	1	71	6.69e-08	50.7
tr|A0A0E1NSG3|A0A0E1NSG3_YERPA	GCF_001956695.1_WP_076086043.1	26.667	86	77	84	75	49	2	4	75	1	72	8.83e-08	50.4
tr|A0A0E1NSG3|A0A0E1NSG3_YERPA	GCF_010093065.1_WP_162331416.1	27.273	86	84	85	77	49	3	3	75	4	77	8.90e-08	50.4
tr|A0A0E1NSG3|A0A0E1NSG3_YERPA	GCF_012295615.1_WP_007018284.1	23.810	86	81	72	63	47	1	12	73	4	66	1.17e-07	50.1
tr|A0A0E1NSG3|A0A0E1NSG3_YERPA	GCF_001705075.2_WP_065970077.1	28.169	86	78	78	71	47	2	3	69	1	71	1.28e-07	50.1
tr|A0A0E1NSG3|A0A0E1NSG3_YERPA	GCF_000014705.1_WP_011637758.1	25.714	86	88	76	70	47	1	9	73	3	72	1.33e-07	50.1
tr|A0A0E1NSG3|A0A0E1NSG3_YERPA	GCF_003544915.1_WP_118918525.1	27.632	86	73	85	76	49	2	3	75	1	73	1.41e-07	49.9
tr|A0A0E1NSG3|A0A0E1NSG3_YERPA	GCF_013177635.1_WP_129095542.1	25.676	86	72	83	74	49	2	3	73	1	71	1.44e-07	49.9
tr|A0A0E1NSG3|A0A0E1NSG3_YERPA	GCF_008807855.1_WP_063240334.1	27.027	86	83	81	74	47	4	2	71	3	73	1.97e-07	49.6
tr|A0A0E1NSG3|A0A0E1NSG3_YERPA	GCF_003855395.1_WP_124730567.1	25.714	86	88	76	70	47	2	9	73	3	72	2.03e-07	49.6
tr|A0A0E1NSG3|A0A0E1NSG3_YERPA	GCF_003346775.1_WP_114843067.1	30.263	86	84	85	76	47	2	3	75	1	73	2.76e-07	49.3
tr|A0A0E1NSG3|A0A0E1NSG3_YERPA	GCF_009937995.1_WP_179954406.1	24.000	86	79	81	75	52	2	4	73	1	75	3.19e-07	49.0
tr|A0A0E1NSG3|A0A0E1NSG3_YERPA	GCF_004214795.1_WP_130234502.1	27.848	86	78	88	79	51	3	3	78	1	76	3.40e-07	49.0
tr|A0A0E1NSG3|A0A0E1NSG3_YERPA	GCF_011398355.1_WP_173270160.1	34.043	86	65	55	47	31	0	9	55	2	48	5.11e-07	48.2
tr|A0A0E1NSG3|A0A0E1NSG3_YERPA	GCF_013283835.1_WP_071625892.1	27.397	86	79	78	73	44	2	7	73	2	71	5.17e-07	48.5
tr|A0A0E1NSG3|A0A0E1NSG3_YERPA	GCF_003722295.1_WP_010573895.1	23.684	86	75	81	76	49	2	4	73	1	73	7.06e-07	48.2
tr|A0A0E1NSG3|A0A0E1NSG3_YERPA	GCF_002356115.1_WP_096526481.1	25.000	86	78	79	72	47	3	4	71	1	69	8.80e-07	47.9
tr|A0A0E1NSG3|A0A0E1NSG3_YERPA	GCF_001956695.1_WP_076086034.1	26.761	86	77	78	71	45	3	7	73	2	69	1.11e-06	47.6
tr|A0A0E1NSG3|A0A0E1NSG3_YERPA	GCF_021654855.1_WP_237262080.1	25.000	86	70	74	68	44	2	10	73	3	67	1.11e-06	47.6
tr|A0A0E1NSG3|A0A0E1NSG3_YERPA	GCF_001442805.1_WP_057942092.1	25.714	86	88	77	70	45	2	6	71	7	73	1.62e-06	47.3
tr|A0A0E1NSG3|A0A0E1NSG3_YERPA	GCF_013201665.1_WP_128358834.1	25.714	86	76	78	70	46	2	7	73	2	68	1.78e-06	47.1
tr|A0A0E1NSG3|A0A0E1NSG3_YERPA	GCF_010119975.1_WP_162445115.1	29.167	86	365	79	72	43	3	4	71	8	75	1.84e-06	50.1
tr|A0A0E1NSG3|A0A0E1NSG3_YERPA	GCF_016613475.2_WP_200606805.1	23.684	86	90	83	76	50	3	1	71	1	73	2.36e-06	47.1
tr|A0A0E1NSG3|A0A0E1NSG3_YERPA	GCF_000018285.1_WP_012155987.1	30.556	86	102	42	36	25	0	10	45	2	37	3.48e-06	46.8
tr|A0A0E1NSG3|A0A0E1NSG3_YERPA	GCF_002557795.1_WP_098194977.1	23.750	86	89	85	80	51	3	1	73	1	77	5.25e-06	46.2
tr|A0A0E1NSG3|A0A0E1NSG3_YERPA	GCF_020511155.1_WP_226415657.1	23.529	86	87	40	34	26	0	8	41	3	36	7.39e-06	45.6
tr|A0A0E1NSG3|A0A0E1NSG3_YERPA	GCF_000147355.1_WP_013326989.1	25.000	86	67	59	52	38	1	23	73	1	52	8.30e-06	45.4
tr|A0A0E1NSG3|A0A0E1NSG3_YERPA	GCF_013201665.1_WP_128359868.1	23.171	86	81	92	82	57	2	3	81	1	79	8.54e-06	45.4
tr|A0A0E1NSG3|A0A0E1NSG3_YERPA	GCF_000012805.1_WP_011330264.1	23.611	86	85	79	72	48	3	4	71	1	69	9.08e-06	45.4
tr|A0A0E1NSG3|A0A0E1NSG3_YERPA	GCF_000143085.1_WP_013221711.1	23.611	86	82	79	72	48	3	4	71	1	69	9.39e-06	45.4
tr|A0A0E1NSG3|A0A0E1NSG3_YERPA	GCF_000013765.1_WP_011496543.1	28.947	86	106	44	38	27	0	10	47	23	60	1.30e-05	45.4
tr|A0A0E1NSG3|A0A0E1NSG3_YERPA	GCF_020091585.1_WP_224339804.1	28.378	86	82	81	74	46	3	4	73	1	71	1.49e-05	44.8
tr|A0A0E1NSG3|A0A0E1NSG3_YERPA	GCF_013177635.1_WP_129095951.1	24.286	86	76	78	70	47	2	7	73	2	68	1.79e-05	44.5
tr|A0A0E1NSG3|A0A0E1NSG3_YERPA	GCF_013201935.1_WP_128987185.1	24.286	86	76	78	70	47	2	7	73	2	68	1.98e-05	44.5
tr|A0A0E1NSG3|A0A0E1NSG3_YERPA	GCF_019931735.1_WP_223417223.1	27.907	86	87	50	43	31	0	10	52	4	46	2.22e-05	44.5
tr|A0A0E1NSG3|A0A0E1NSG3_YERPA	GCF_000222485.1_WP_014022977.1	22.078	86	85	85	77	53	3	1	73	1	74	2.79e-05	44.2
tr|A0A0E1NSG3|A0A0E1NSG3_YERPA	GCF_000265505.1_WP_014796533.1	22.093	86	97	87	86	56	2	4	78	3	88	2.92e-05	44.2
tr|A0A0E1NSG3|A0A0E1NSG3_YERPA	GCF_018389385.1_WP_218082190.1	24.324	86	91	81	74	49	2	2	71	13	83	3.27e-05	44.2
tr|A0A0E1NSG3|A0A0E1NSG3_YERPA	GCF_004421105.1_WP_134356453.1	23.944	86	80	78	71	47	3	4	70	1	68	3.47e-05	44.0
tr|A0A0E1NSG3|A0A0E1NSG3_YERPA	GCF_003955735.1_WP_126127786.1	24.051	86	91	85	79	51	4	1	73	1	76	3.95e-05	44.0
tr|A0A0E1NSG3|A0A0E1NSG3_YERPA	GCF_004798725.1_WP_010811758.1	24.324	86	83	81	74	49	2	2	71	3	73	4.79e-05	43.7
tr|A0A0E1NSG3|A0A0E1NSG3_YERPA	GCF_001050135.1_WP_048644179.1	22.078	86	88	85	77	53	2	1	73	1	74	5.05e-05	43.7
tr|A0A0E1NSG3|A0A0E1NSG3_YERPA	GCF_003544815.1_WP_118886031.1	24.286	86	76	78	70	47	2	7	73	2	68	5.73e-05	43.1
tr|A0A0E1NSG3|A0A0E1NSG3_YERPA	GCF_013177675.1_WP_172126669.1	30.000	86	77	78	70	43	3	7	73	2	68	7.56e-05	42.8
tr|A0A0E1NSG3|A0A0E1NSG3_YERPA	GCF_019891175.1_WP_225938383.1	31.169	86	93	85	77	45	5	1	73	7	79	9.79e-05	42.8
tr|A0A0E1NSG3|A0A0E1NSG3_YERPA	GCF_011398355.1_WP_173270199.1	26.667	86	66	70	60	41	1	9	68	2	58	1.14e-04	42.3
tr|A0A0E1NSG3|A0A0E1NSG3_YERPA	GCF_000973725.1_WP_046311560.1	25.974	86	91	85	77	50	2	3	75	1	74	1.29e-04	42.6
tr|A0A0E1NSG3|A0A0E1NSG3_YERPA	GCF_000317575.1_WP_015193670.1	22.535	86	74	78	71	48	2	7	73	4	71	2.19e-04	41.7
tr|A0A0E1NSG3|A0A0E1NSG3_YERPA	GCF_011398155.1_WP_173291533.1	20.000	86	71	74	65	48	2	10	73	3	64	3.11e-04	41.1
tr|A0A0E1NSG3|A0A0E1NSG3_YERPA	GCF_026278345.1_WP_266369249.1	24.324	86	90	81	74	49	2	4	73	1	71	4.69e-04	41.1
tr|A0A0E1NSG3|A0A0E1NSG3_YERPA	GCF_000024725.1_WP_013031543.1	23.944	86	81	78	71	47	3	4	70	1	68	0.001	40.3
tr|A0A0E1NSG3|A0A0E1NSG3_YERPA	GCF_000317125.1_WP_015155280.1	22.500	86	81	88	80	55	3	4	79	1	77	0.001	40.3
tr|A0A0E1NSG3|A0A0E1NSG3_YERPA	GCF_000017845.1_WP_009544142.1	35.821	86	813	78	67	30	2	15	81	377	430	0.002	42.0
tr|A0A0E1NSG3|A0A0E1NSG3_YERPA	GCF_000484535.1_WP_023173213.1	26.984	86	91	72	63	45	1	12	73	24	86	0.003	39.2
tr|A0A0E1NSG3|A0A0E1NSG3_YERPA	GCF_001027285.1_WP_047859305.1	24.000	86	80	58	50	38	0	12	61	12	61	0.006	38.1
tr|A0A0E1NSG3|A0A0E1NSG3_YERPA	GCF_003346815.1_WP_114840344.1	23.288	86	84	81	73	50	3	4	73	1	70	0.008	37.8
tr|A0A0E1NSG3|A0A0E1NSG3_YERPA	GCF_002309535.1_WP_096047558.1	23.529	86	88	76	68	46	2	9	73	4	68	0.008	38.1
# PSIBLAST 2.13.0+
# Iteration: 3
# Query: tr|A0A0E1NSG3|A0A0E1NSG3_YERPA Rho-binding antiterminator OS=Yersinia pestis bv. Antiqua (strain Antiqua) OX=360102 GN=YPA_0540 PE=4 SV=1
# Database: db/chosen-bacteria_proteome_exDup
# Fields: query id, subject id, % identity, query length, subject length, % query coverage per subject, alignment length, mismatches, gap opens, q. start, q. end, s. start, s. end, evalue, bit score
# 462 hits found
tr|A0A0E1NSG3|A0A0E1NSG3_YERPA	GCF_001461805.1_WP_013367515.1	75.581	86	86	100	86	21	0	1	86	1	86	2.39e-42	138
tr|A0A0E1NSG3|A0A0E1NSG3_YERPA	GCF_009176645.1_WP_152083529.1	76.744	86	86	100	86	20	0	1	86	1	86	3.13e-42	138
tr|A0A0E1NSG3|A0A0E1NSG3_YERPA	GCF_001518835.1_WP_059308693.1	75.581	86	86	100	86	21	0	1	86	1	86	5.42e-42	137
tr|A0A0E1NSG3|A0A0E1NSG3_YERPA	GCF_020097475.1_WP_000062318.1	75.581	86	86	100	86	21	0	1	86	1	86	5.51e-42	137
tr|A0A0E1NSG3|A0A0E1NSG3_YERPA	GCF_009036245.1_WP_025756830.1	75.581	86	86	100	86	21	0	1	86	1	86	8.88e-42	137
tr|A0A0E1NSG3|A0A0E1NSG3_YERPA	GCF_001683395.1_WP_017458015.1	70.930	86	86	100	86	25	0	1	86	1	86	9.92e-42	137
tr|A0A0E1NSG3|A0A0E1NSG3_YERPA	GCF_001658025.2_WP_007373243.1	70.930	86	86	100	86	25	0	1	86	1	86	1.07e-41	136
tr|A0A0E1NSG3|A0A0E1NSG3_YERPA	GCF_021172065.1_WP_015965827.1	73.256	86	86	100	86	23	0	1	86	1	86	1.10e-41	136
tr|A0A0E1NSG3|A0A0E1NSG3_YERPA	GCF_027886705.1_WP_061497537.1	73.256	86	86	100	86	23	0	1	86	1	86	1.48e-41	136
tr|A0A0E1NSG3|A0A0E1NSG3_YERPA	GCF_007632255.1_WP_015368146.1	73.256	86	86	100	86	23	0	1	86	1	86	1.50e-41	136
tr|A0A0E1NSG3|A0A0E1NSG3_YERPA	GCF_003594935.2_WP_006173581.1	77.907	86	86	100	86	19	0	1	86	1	86	1.50e-41	136
tr|A0A0E1NSG3|A0A0E1NSG3_YERPA	GCF_000006925.2_NP_706134.1	74.419	86	86	100	86	22	0	1	86	1	86	2.04e-41	136
tr|A0A0E1NSG3|A0A0E1NSG3_YERPA	GCF_000224675.1_WP_010426685.1	77.907	86	86	100	86	19	0	1	86	1	86	2.09e-41	136
tr|A0A0E1NSG3|A0A0E1NSG3_YERPA	GCF_001022135.1_WP_039078449.1	76.744	86	86	100	86	20	0	1	86	1	86	2.70e-41	136
tr|A0A0E1NSG3|A0A0E1NSG3_YERPA	GCF_009363135.1_WP_090122691.1	70.930	86	86	100	86	25	0	1	86	1	86	3.12e-41	135
tr|A0A0E1NSG3|A0A0E1NSG3_YERPA	GCF_025914095.1_WP_031518416.1	76.744	86	86	100	86	20	0	1	86	1	86	3.74e-41	135
tr|A0A0E1NSG3|A0A0E1NSG3_YERPA	GCF_015137655.1_WP_028015593.1	76.744	86	86	100	86	20	0	1	86	1	86	4.39e-41	135
tr|A0A0E1NSG3|A0A0E1NSG3_YERPA	GCF_023195735.1_WP_035891978.1	72.093	86	86	100	86	24	0	1	86	1	86	5.31e-41	135
tr|A0A0E1NSG3|A0A0E1NSG3_YERPA	GCF_019048625.1_WP_023305471.1	76.744	86	86	100	86	20	0	1	86	1	86	5.52e-41	135
tr|A0A0E1NSG3|A0A0E1NSG3_YERPA	GCF_001729805.1_WP_008501890.1	75.581	86	86	100	86	21	0	1	86	1	86	6.12e-41	135
tr|A0A0E1NSG3|A0A0E1NSG3_YERPA	GCF_001750725.1_WP_014168720.1	77.907	86	86	100	86	19	0	1	86	1	86	7.83e-41	134
tr|A0A0E1NSG3|A0A0E1NSG3_YERPA	GCF_001277255.1_WP_007666633.1	70.930	86	86	100	86	25	0	1	86	1	86	8.28e-41	134
tr|A0A0E1NSG3|A0A0E1NSG3_YERPA	GCF_004684345.1_WP_135323069.1	73.256	86	86	100	86	23	0	1	86	1	86	8.55e-41	134
tr|A0A0E1NSG3|A0A0E1NSG3_YERPA	GCF_001558935.2_WP_042323659.1	73.256	86	86	100	86	23	0	1	86	1	86	9.94e-41	134
tr|A0A0E1NSG3|A0A0E1NSG3_YERPA	GCF_016904755.1_WP_059234959.1	75.294	86	86	99	85	21	0	1	85	1	85	1.07e-40	134
tr|A0A0E1NSG3|A0A0E1NSG3_YERPA	GCF_021278985.1_WP_012904575.1	74.419	86	86	100	86	22	0	1	86	1	86	1.16e-40	134
tr|A0A0E1NSG3|A0A0E1NSG3_YERPA	GCF_009649915.1_WP_062772223.1	70.930	86	86	100	86	25	0	1	86	1	86	1.17e-40	134
tr|A0A0E1NSG3|A0A0E1NSG3_YERPA	GCF_003812345.1_WP_003018503.1	72.093	86	86	100	86	24	0	1	86	1	86	1.48e-40	134
tr|A0A0E1NSG3|A0A0E1NSG3_YERPA	GCF_022637515.1_WP_064539750.1	72.093	86	86	100	86	24	0	1	86	1	86	1.55e-40	134
tr|A0A0E1NSG3|A0A0E1NSG3_YERPA	GCF_001277175.1_WP_007760020.1	70.930	86	86	100	86	25	0	1	86	1	86	1.64e-40	134
tr|A0A0E1NSG3|A0A0E1NSG3_YERPA	GCF_018128425.1_WP_042289833.1	75.581	86	86	100	86	21	0	1	86	1	86	1.71e-40	134
tr|A0A0E1NSG3|A0A0E1NSG3_YERPA	GCF_000240185.1_YP_005225236.1	74.419	86	86	100	86	22	0	1	86	1	86	1.85e-40	133
tr|A0A0E1NSG3|A0A0E1NSG3_YERPA	GCF_004353845.1_WP_103768334.1	70.930	86	86	100	86	25	0	1	86	1	86	1.86e-40	133
tr|A0A0E1NSG3|A0A0E1NSG3_YERPA	GCF_003261575.2_WP_110272453.1	73.256	86	86	100	86	23	0	1	86	1	86	1.89e-40	133
tr|A0A0E1NSG3|A0A0E1NSG3_YERPA	GCF_018139045.1_WP_004129134.1	70.930	86	86	100	86	25	0	1	86	1	86	2.00e-40	133
tr|A0A0E1NSG3|A0A0E1NSG3_YERPA	GCF_900638065.1_WP_048212636.1	72.093	86	86	100	86	24	0	1	86	1	86	2.03e-40	133
tr|A0A0E1NSG3|A0A0E1NSG3_YERPA	GCF_001277195.1_WP_032966924.1	70.930	86	86	100	86	25	0	1	86	1	86	2.24e-40	133
tr|A0A0E1NSG3|A0A0E1NSG3_YERPA	GCF_000834395.1_WP_042546713.1	97.674	86	86	100	86	2	0	1	86	1	86	2.33e-40	133
tr|A0A0E1NSG3|A0A0E1NSG3_YERPA	GCF_003812925.1_WP_004107903.1	70.930	86	86	100	86	25	0	1	86	1	86	2.62e-40	133
tr|A0A0E1NSG3|A0A0E1NSG3_YERPA	GCF_015139575.1_WP_004098776.1	72.093	86	86	100	86	24	0	1	86	1	86	3.12e-40	133
tr|A0A0E1NSG3|A0A0E1NSG3_YERPA	GCF_001277215.2_WP_007776988.1	70.930	86	86	100	86	25	0	1	86	1	86	3.63e-40	133
tr|A0A0E1NSG3|A0A0E1NSG3_YERPA	GCF_006711645.1_WP_100682484.1	70.930	86	86	100	86	25	0	1	86	1	86	4.03e-40	132
tr|A0A0E1NSG3|A0A0E1NSG3_YERPA	GCF_004124235.1_WP_025377303.1	98.837	86	86	100	86	1	0	1	86	1	86	4.54e-40	132
tr|A0A0E1NSG3|A0A0E1NSG3_YERPA	GCF_022637595.1_WP_004858152.1	73.256	86	86	100	86	23	0	1	86	1	86	5.67e-40	132
tr|A0A0E1NSG3|A0A0E1NSG3_YERPA	GCF_000222975.1_WP_002218374.1	100.000	86	86	100	86	0	0	1	86	1	86	6.44e-40	132
tr|A0A0E1NSG3|A0A0E1NSG3_YERPA	GCF_003935895.2_WP_110510858.1	71.765	86	86	99	85	24	0	1	85	1	85	6.65e-40	132
tr|A0A0E1NSG3|A0A0E1NSG3_YERPA	GCF_009648935.1_WP_047417117.1	70.930	86	86	100	86	25	0	1	86	1	86	6.91e-40	132
tr|A0A0E1NSG3|A0A0E1NSG3_YERPA	GCF_024224615.1_WP_125293588.1	72.941	86	86	99	85	23	0	1	85	1	85	7.25e-40	132
tr|A0A0E1NSG3|A0A0E1NSG3_YERPA	GCF_013282725.1_WP_032813813.1	96.512	86	86	100	86	3	0	1	86	1	86	7.67e-40	132
tr|A0A0E1NSG3|A0A0E1NSG3_YERPA	GCF_002393445.1_WP_061273728.1	72.941	86	86	99	85	23	0	1	85	1	85	8.17e-40	132
tr|A0A0E1NSG3|A0A0E1NSG3_YERPA	GCF_025133195.1_WP_032910235.1	91.860	86	86	100	86	7	0	1	86	1	86	8.24e-40	132
tr|A0A0E1NSG3|A0A0E1NSG3_YERPA	GCF_012029655.1_WP_041144145.1	72.093	86	86	100	86	24	0	1	86	1	86	9.65e-40	132
tr|A0A0E1NSG3|A0A0E1NSG3_YERPA	GCF_011068345.1_WP_002436992.1	70.588	86	86	99	85	25	0	1	85	1	85	1.05e-39	131
tr|A0A0E1NSG3|A0A0E1NSG3_YERPA	GCF_000834455.1_WP_032817050.1	98.837	86	86	100	86	1	0	1	86	1	86	1.05e-39	131
tr|A0A0E1NSG3|A0A0E1NSG3_YERPA	GCF_000018045.1_WP_024130681.1	70.930	86	86	100	86	25	0	1	86	1	86	1.38e-39	131
tr|A0A0E1NSG3|A0A0E1NSG3_YERPA	GCF_013234275.1_WP_172895488.1	70.930	86	86	100	86	25	0	1	86	1	86	1.56e-39	131
tr|A0A0E1NSG3|A0A0E1NSG3_YERPA	GCF_000439255.1_WP_000062328.1	76.744	86	86	100	86	20	0	1	86	1	86	1.71e-39	131
tr|A0A0E1NSG3|A0A0E1NSG3_YERPA	GCF_000005845.2_NP_414731.2	73.810	86	84	98	84	22	0	3	86	1	84	1.89e-39	131
tr|A0A0E1NSG3|A0A0E1NSG3_YERPA	GCF_002163605.1_WP_157665988.1	74.419	86	86	100	86	22	0	1	86	1	86	2.01e-39	131
tr|A0A0E1NSG3|A0A0E1NSG3_YERPA	GCF_900635955.1_WP_126357486.1	74.118	86	86	99	85	22	0	1	85	1	85	2.33e-39	130
tr|A0A0E1NSG3|A0A0E1NSG3_YERPA	GCF_025758125.1_WP_023480196.1	70.930	86	86	100	86	25	0	1	86	1	86	3.21e-39	130
tr|A0A0E1NSG3|A0A0E1NSG3_YERPA	GCF_009730055.1_WP_032906500.1	98.837	86	86	100	86	1	0	1	86	1	86	3.70e-39	130
tr|A0A0E1NSG3|A0A0E1NSG3_YERPA	GCF_021276285.1_WP_095923198.1	82.143	86	86	98	84	15	0	1	84	1	84	4.04e-39	130
tr|A0A0E1NSG3|A0A0E1NSG3_YERPA	GCF_000010085.1_WP_011411656.1	66.667	86	86	98	84	28	0	1	84	1	84	4.41e-39	130
tr|A0A0E1NSG3|A0A0E1NSG3_YERPA	GCF_000006945.2_NP_459242.1	73.256	86	86	100	86	23	0	1	86	1	86	4.48e-39	130
tr|A0A0E1NSG3|A0A0E1NSG3_YERPA	GCF_017498685.1_WP_038245151.1	91.860	86	86	100	86	7	0	1	86	1	86	4.77e-39	130
tr|A0A0E1NSG3|A0A0E1NSG3_YERPA	GCF_000517425.1_WP_025421126.1	67.857	86	86	98	84	27	0	1	84	1	84	4.89e-39	130
tr|A0A0E1NSG3|A0A0E1NSG3_YERPA	GCF_005484945.1_WP_137712817.1	74.419	86	86	100	86	22	0	1	86	1	86	6.20e-39	129
tr|A0A0E1NSG3|A0A0E1NSG3_YERPA	GCF_002953195.1_WP_038628016.1	62.791	86	87	100	86	32	0	1	86	1	86	6.84e-39	129
tr|A0A0E1NSG3|A0A0E1NSG3_YERPA	GCF_900095885.1_WP_035340381.1	74.419	86	86	100	86	22	0	1	86	1	86	7.21e-39	129
tr|A0A0E1NSG3|A0A0E1NSG3_YERPA	GCF_012427845.1_WP_012773648.1	72.093	86	86	100	86	24	0	1	86	1	86	8.94e-39	129
tr|A0A0E1NSG3|A0A0E1NSG3_YERPA	GCF_002101395.1_WP_085067900.1	62.791	86	87	100	86	32	0	1	86	1	86	1.03e-38	129
tr|A0A0E1NSG3|A0A0E1NSG3_YERPA	GCF_022637475.1_WP_013574214.1	80.952	86	86	98	84	16	0	1	84	1	84	1.15e-38	129
tr|A0A0E1NSG3|A0A0E1NSG3_YERPA	GCF_000233595.1_WP_013024706.1	65.882	86	86	99	85	29	0	1	85	1	85	1.30e-38	129
tr|A0A0E1NSG3|A0A0E1NSG3_YERPA	GCF_002288545.1_WP_029367608.1	73.256	86	86	100	86	23	0	1	86	1	86	1.33e-38	128
tr|A0A0E1NSG3|A0A0E1NSG3_YERPA	GCF_000520015.2_WP_024910172.1	73.256	86	87	100	86	23	0	1	86	1	86	1.40e-38	128
tr|A0A0E1NSG3|A0A0E1NSG3_YERPA	GCF_017569925.1_WP_208228065.1	74.419	86	86	100	86	22	0	1	86	1	86	1.89e-38	128
tr|A0A0E1NSG3|A0A0E1NSG3_YERPA	GCF_019797845.1_WP_222158377.1	69.767	86	86	100	86	26	0	1	86	1	86	2.08e-38	128
tr|A0A0E1NSG3|A0A0E1NSG3_YERPA	GCF_009914055.1_WP_160619715.1	66.279	86	87	100	86	29	0	1	86	1	86	2.31e-38	128
tr|A0A0E1NSG3|A0A0E1NSG3_YERPA	GCF_009873295.1_WP_039312412.1	73.256	86	86	100	86	23	0	1	86	1	86	2.32e-38	128
tr|A0A0E1NSG3|A0A0E1NSG3_YERPA	GCF_016026735.1_WP_015673540.1	73.256	86	87	100	86	23	0	1	86	1	86	2.79e-38	128
tr|A0A0E1NSG3|A0A0E1NSG3_YERPA	GCF_015999465.1_WP_085688159.1	69.412	86	86	99	85	26	0	1	85	1	85	2.94e-38	128
tr|A0A0E1NSG3|A0A0E1NSG3_YERPA	GCF_001642805.2_WP_004931991.1	74.419	86	87	100	86	22	0	1	86	1	86	3.05e-38	128
tr|A0A0E1NSG3|A0A0E1NSG3_YERPA	GCF_021462285.1_WP_234585968.1	74.419	86	87	100	86	22	0	1	86	1	86	3.25e-38	128
tr|A0A0E1NSG3|A0A0E1NSG3_YERPA	GCF_003515985.1_WP_085653101.1	70.588	86	86	99	85	25	0	1	85	1	85	3.77e-38	127
tr|A0A0E1NSG3|A0A0E1NSG3_YERPA	GCF_003019925.1_WP_162185254.1	77.381	86	86	98	84	19	0	1	84	1	84	3.98e-38	127
tr|A0A0E1NSG3|A0A0E1NSG3_YERPA	GCF_023517775.1_WP_249893541.1	65.116	86	87	100	86	30	0	1	86	1	86	4.12e-38	127
tr|A0A0E1NSG3|A0A0E1NSG3_YERPA	GCF_000023545.1_WP_015854637.1	70.930	86	86	100	86	25	0	1	86	1	86	4.94e-38	127
tr|A0A0E1NSG3|A0A0E1NSG3_YERPA	GCF_002291445.1_WP_048635886.1	74.419	86	86	100	86	22	0	1	86	1	86	5.10e-38	127
tr|A0A0E1NSG3|A0A0E1NSG3_YERPA	GCF_000262305.1_WP_002441069.1	70.930	86	86	100	86	25	0	1	86	1	86	5.10e-38	127
tr|A0A0E1NSG3|A0A0E1NSG3_YERPA	GCF_900187015.1_WP_061796701.1	74.419	86	87	100	86	22	0	1	86	1	86	5.23e-38	127
tr|A0A0E1NSG3|A0A0E1NSG3_YERPA	GCF_009817885.1_WP_105232289.1	72.093	86	87	100	86	24	0	1	86	1	86	5.99e-38	127
tr|A0A0E1NSG3|A0A0E1NSG3_YERPA	GCF_000025065.1_WP_012883679.1	70.588	86	86	99	85	25	0	1	85	1	85	6.12e-38	127
tr|A0A0E1NSG3|A0A0E1NSG3_YERPA	GCF_020181655.1_WP_225087160.1	72.093	86	86	100	86	24	0	1	86	1	86	7.46e-38	127
tr|A0A0E1NSG3|A0A0E1NSG3_YERPA	GCF_009931295.1_WP_161528353.1	72.093	86	86	100	86	24	0	1	86	1	86	8.21e-38	127
tr|A0A0E1NSG3|A0A0E1NSG3_YERPA	GCF_011044475.1_WP_033740322.1	67.059	86	86	99	85	28	0	1	85	1	85	8.27e-38	127
tr|A0A0E1NSG3|A0A0E1NSG3_YERPA	GCF_000740965.1_WP_011092648.1	72.093	86	86	100	86	24	0	1	86	1	86	8.27e-38	127
tr|A0A0E1NSG3|A0A0E1NSG3_YERPA	GCF_020079945.1_WP_039382769.1	63.529	86	87	99	85	31	0	1	85	1	85	8.77e-38	127
tr|A0A0E1NSG3|A0A0E1NSG3_YERPA	GCF_011617105.1_WP_025800203.1	76.744	86	86	100	86	20	0	1	86	1	86	1.16e-37	126
tr|A0A0E1NSG3|A0A0E1NSG3_YERPA	GCF_000023565.1_WP_012770818.1	71.765	86	86	99	85	24	0	1	85	1	85	1.16e-37	126
tr|A0A0E1NSG3|A0A0E1NSG3_YERPA	GCF_001742185.1_WP_005975933.1	72.093	86	86	100	86	24	0	1	86	1	86	1.45e-37	126
tr|A0A0E1NSG3|A0A0E1NSG3_YERPA	GCF_007858975.2_WP_042869176.1	70.588	86	86	99	85	25	0	1	85	1	85	1.75e-37	126
tr|A0A0E1NSG3|A0A0E1NSG3_YERPA	GCF_005484965.1_WP_009114129.1	76.744	86	86	100	86	20	0	1	86	1	86	2.58e-37	125
tr|A0A0E1NSG3|A0A0E1NSG3_YERPA	GCF_019890955.1_WP_211725887.1	62.353	86	87	99	85	32	0	1	85	1	85	3.08e-37	125
tr|A0A0E1NSG3|A0A0E1NSG3_YERPA	GCF_020150375.1_WP_004094310.1	77.907	86	86	100	86	19	0	1	86	1	86	3.27e-37	125
tr|A0A0E1NSG3|A0A0E1NSG3_YERPA	GCF_003992745.1_WP_014700896.1	69.767	86	86	100	86	26	0	1	86	1	86	3.93e-37	125
tr|A0A0E1NSG3|A0A0E1NSG3_YERPA	GCF_000196615.1_WP_013200864.1	60.465	86	87	100	86	34	0	1	86	1	86	4.26e-37	125
tr|A0A0E1NSG3|A0A0E1NSG3_YERPA	GCF_022647505.1_WP_128179458.1	61.628	86	87	100	86	33	0	1	86	1	86	4.30e-37	125
tr|A0A0E1NSG3|A0A0E1NSG3_YERPA	GCF_000264765.2_WP_034163237.1	69.767	86	86	100	86	26	0	1	86	1	86	5.23e-37	125
tr|A0A0E1NSG3|A0A0E1NSG3_YERPA	GCF_002812485.1_WP_038661467.1	71.765	86	86	99	85	24	0	1	85	1	85	6.38e-37	124
tr|A0A0E1NSG3|A0A0E1NSG3_YERPA	GCF_001010285.1_WP_046974061.1	76.744	86	88	100	86	20	0	1	86	1	86	6.78e-37	124
tr|A0A0E1NSG3|A0A0E1NSG3_YERPA	GCF_000026185.1_WP_012440659.1	58.824	86	87	99	85	35	0	1	85	1	85	1.17e-36	124
tr|A0A0E1NSG3|A0A0E1NSG3_YERPA	GCF_000147055.1_WP_022632468.1	70.588	86	86	99	85	25	0	1	85	1	85	1.33e-36	123
tr|A0A0E1NSG3|A0A0E1NSG3_YERPA	GCF_004792415.1_WP_013356856.1	61.905	86	86	98	84	32	0	1	84	1	84	1.87e-36	123
tr|A0A0E1NSG3|A0A0E1NSG3_YERPA	GCF_003403135.1_WP_024104894.1	70.588	86	86	99	85	25	0	1	85	1	85	2.26e-36	123
tr|A0A0E1NSG3|A0A0E1NSG3_YERPA	GCF_002291425.1_WP_095847471.1	70.930	86	87	100	86	25	0	1	86	1	86	3.62e-36	122
tr|A0A0E1NSG3|A0A0E1NSG3_YERPA	GCF_019090985.1_WP_036781226.1	73.256	86	88	100	86	23	0	1	86	1	86	3.77e-36	122
tr|A0A0E1NSG3|A0A0E1NSG3_YERPA	GCF_017348915.1_WP_040077077.1	75.581	86	86	100	86	21	0	1	86	1	86	3.97e-36	122
tr|A0A0E1NSG3|A0A0E1NSG3_YERPA	GCF_000196475.1_WP_012776850.1	73.256	86	88	100	86	23	0	1	86	1	86	4.39e-36	122
tr|A0A0E1NSG3|A0A0E1NSG3_YERPA	GCF_021733145.1_WP_012847629.1	69.048	86	86	98	84	26	0	1	84	1	84	5.72e-36	122
tr|A0A0E1NSG3|A0A0E1NSG3_YERPA	GCF_902387845.1_WP_004237241.1	67.442	86	88	100	86	28	0	1	86	1	86	7.47e-36	122
tr|A0A0E1NSG3|A0A0E1NSG3_YERPA	GCF_000196155.1_WP_011145066.1	72.093	86	88	100	86	24	0	1	86	1	86	9.71e-36	121
tr|A0A0E1NSG3|A0A0E1NSG3_YERPA	GCF_019047765.1_WP_040230035.1	72.093	86	86	100	86	24	0	1	86	1	86	9.98e-36	121
tr|A0A0E1NSG3|A0A0E1NSG3_YERPA	GCF_025946765.1_WP_264497926.1	66.279	86	86	100	86	29	0	1	86	1	86	1.31e-35	121
tr|A0A0E1NSG3|A0A0E1NSG3_YERPA	GCF_019048385.1_WP_062759648.1	60.714	86	86	98	84	33	0	1	84	1	84	1.53e-35	121
tr|A0A0E1NSG3|A0A0E1NSG3_YERPA	GCF_009646115.1_WP_008925644.1	61.905	86	86	98	84	32	0	1	84	1	84	2.32e-35	120
tr|A0A0E1NSG3|A0A0E1NSG3_YERPA	GCF_020268605.1_WP_180560445.1	65.116	86	88	100	86	30	0	1	86	1	86	2.75e-35	120
tr|A0A0E1NSG3|A0A0E1NSG3_YERPA	GCF_020541225.1_WP_226811316.1	58.333	86	86	98	84	35	0	1	84	1	84	3.37e-35	120
tr|A0A0E1NSG3|A0A0E1NSG3_YERPA	GCF_020683125.1_WP_133842177.1	62.069	86	88	100	87	32	1	1	86	1	87	3.52e-35	120
tr|A0A0E1NSG3|A0A0E1NSG3_YERPA	GCF_000091565.1_WP_004159420.1	59.524	86	87	98	84	34	0	1	84	1	84	4.82e-35	119
tr|A0A0E1NSG3|A0A0E1NSG3_YERPA	GCF_000517405.1_WP_038469034.1	65.432	86	83	94	81	28	0	4	84	1	81	5.60e-35	119
tr|A0A0E1NSG3|A0A0E1NSG3_YERPA	GCF_004768525.1_WP_026822068.1	66.279	86	88	100	86	29	0	1	86	1	86	5.62e-35	119
tr|A0A0E1NSG3|A0A0E1NSG3_YERPA	GCF_022592395.1_WP_047255099.1	60.465	86	87	100	86	34	0	1	86	1	86	6.03e-35	119
tr|A0A0E1NSG3|A0A0E1NSG3_YERPA	GCF_003204135.1_WP_004908806.1	65.116	86	87	100	86	30	0	1	86	1	86	6.63e-35	119
tr|A0A0E1NSG3|A0A0E1NSG3_YERPA	GCF_019844095.1_WP_062747070.1	64.368	86	88	100	87	30	1	1	86	1	87	7.67e-35	119
tr|A0A0E1NSG3|A0A0E1NSG3_YERPA	GCF_020342335.1_WP_067428135.1	59.302	86	87	100	86	35	0	1	86	1	86	9.63e-35	119
tr|A0A0E1NSG3|A0A0E1NSG3_YERPA	GCF_022647325.1_WP_111140597.1	59.524	86	86	98	84	34	0	1	84	1	84	1.07e-34	119
tr|A0A0E1NSG3|A0A0E1NSG3_YERPA	GCF_900475855.1_WP_068441311.1	67.442	86	87	100	86	28	0	1	86	1	86	1.21e-34	119
tr|A0A0E1NSG3|A0A0E1NSG3_YERPA	GCF_029277985.1_WP_154623766.1	69.767	86	87	100	86	26	0	1	86	1	86	1.28e-34	118
tr|A0A0E1NSG3|A0A0E1NSG3_YERPA	GCF_000261045.2_WP_006318653.1	67.442	86	87	100	86	28	0	1	86	1	86	1.68e-34	118
tr|A0A0E1NSG3|A0A0E1NSG3_YERPA	GCF_002843235.3_WP_102139922.1	66.279	86	87	100	86	29	0	1	86	1	86	1.80e-34	118
tr|A0A0E1NSG3|A0A0E1NSG3_YERPA	GCF_900638135.1_WP_012146468.1	66.279	86	87	100	86	29	0	1	86	1	86	2.02e-34	118
tr|A0A0E1NSG3|A0A0E1NSG3_YERPA	GCF_011045835.1_WP_075671674.1	58.824	86	86	99	85	35	0	1	85	1	85	2.25e-34	118
tr|A0A0E1NSG3|A0A0E1NSG3_YERPA	GCF_002504285.1_WP_005282992.1	67.442	86	86	100	86	28	0	1	86	1	86	2.40e-34	118
tr|A0A0E1NSG3|A0A0E1NSG3_YERPA	GCF_002393505.1_WP_006658392.1	63.953	86	87	100	86	31	0	1	86	1	86	2.73e-34	118
tr|A0A0E1NSG3|A0A0E1NSG3_YERPA	GCF_013460135.1_WP_180816665.1	62.791	86	88	100	86	32	0	1	86	1	86	3.03e-34	118
tr|A0A0E1NSG3|A0A0E1NSG3_YERPA	GCF_000968195.1_WP_045972480.1	66.667	86	87	100	87	28	1	1	86	1	87	3.78e-34	117
tr|A0A0E1NSG3|A0A0E1NSG3_YERPA	GCF_021365465.1_WP_016190321.1	62.791	86	87	100	86	32	0	1	86	1	86	3.96e-34	117
tr|A0A0E1NSG3|A0A0E1NSG3_YERPA	GCF_017743015.1_WP_209027287.1	68.605	86	88	100	86	27	0	1	86	1	86	4.81e-34	117
tr|A0A0E1NSG3|A0A0E1NSG3_YERPA	GCF_022369495.1_WP_072064250.1	57.647	86	86	99	85	36	0	1	85	1	85	5.02e-34	117
tr|A0A0E1NSG3|A0A0E1NSG3_YERPA	GCF_000069965.1_WP_004245453.1	57.647	86	86	99	85	36	0	1	85	1	85	5.14e-34	117
tr|A0A0E1NSG3|A0A0E1NSG3_YERPA	GCF_009831665.3_WP_006709226.1	62.791	86	87	100	86	32	0	1	86	1	86	5.15e-34	117
tr|A0A0E1NSG3|A0A0E1NSG3_YERPA	GCF_016026395.1_WP_024524235.1	66.279	86	86	100	86	29	0	1	86	1	86	8.68e-34	116
tr|A0A0E1NSG3|A0A0E1NSG3_YERPA	GCF_000214235.1_WP_004952197.1	67.857	86	85	98	84	27	0	3	86	1	84	9.84e-34	116
tr|A0A0E1NSG3|A0A0E1NSG3_YERPA	GCF_001006005.1_WP_223499701.1	67.857	86	85	98	84	27	0	3	86	1	84	2.25e-33	115
tr|A0A0E1NSG3|A0A0E1NSG3_YERPA	GCF_002952315.1_WP_012667243.1	60.000	86	87	99	85	34	0	1	85	1	85	2.87e-33	115
tr|A0A0E1NSG3|A0A0E1NSG3_YERPA	GCF_008364325.2_WP_230090436.1	66.667	86	85	98	84	28	0	3	86	1	84	3.07e-33	115
tr|A0A0E1NSG3|A0A0E1NSG3_YERPA	GCF_001721185.1_WP_069317984.1	66.279	86	87	100	86	29	0	1	86	1	86	3.18e-33	115
tr|A0A0E1NSG3|A0A0E1NSG3_YERPA	GCF_004116975.1_WP_064720954.1	60.000	86	86	99	85	34	0	1	85	1	85	1.03e-32	114
tr|A0A0E1NSG3|A0A0E1NSG3_YERPA	GCF_004295645.1_WP_228350951.1	68.966	86	88	100	87	26	1	1	86	1	87	1.16e-32	114
tr|A0A0E1NSG3|A0A0E1NSG3_YERPA	GCF_014295015.1_WP_013185414.1	66.667	86	87	100	87	28	1	1	86	1	87	1.24e-32	113
tr|A0A0E1NSG3|A0A0E1NSG3_YERPA	GCF_900478135.1_WP_111739359.1	70.115	86	88	100	87	25	1	1	86	1	87	1.41e-32	113
tr|A0A0E1NSG3|A0A0E1NSG3_YERPA	GCF_000968175.1_WP_045959360.1	63.218	86	88	100	87	31	1	1	86	1	87	1.57e-32	113
tr|A0A0E1NSG3|A0A0E1NSG3_YERPA	GCF_003096015.2_WP_230514010.1	68.966	86	88	100	87	26	1	1	86	1	87	2.58e-32	113
tr|A0A0E1NSG3|A0A0E1NSG3_YERPA	GCF_005671395.1_WP_138095872.1	64.103	86	86	91	78	28	0	1	78	1	78	1.01e-31	111
tr|A0A0E1NSG3|A0A0E1NSG3_YERPA	GCF_003074995.2_WP_015870269.1	62.651	86	86	97	83	31	0	1	83	1	83	1.18e-31	111
tr|A0A0E1NSG3|A0A0E1NSG3_YERPA	GCF_900638655.1_WP_047781753.1	70.115	86	88	100	87	25	1	1	86	1	87	1.48e-31	111
tr|A0A0E1NSG3|A0A0E1NSG3_YERPA	GCF_004353845.1_WP_103770713.1	32.184	86	93	100	87	58	1	1	86	1	87	5.35e-31	109
tr|A0A0E1NSG3|A0A0E1NSG3_YERPA	GCF_003812345.1_WP_121571778.1	33.333	86	94	100	87	57	1	1	86	1	87	1.97e-30	108
tr|A0A0E1NSG3|A0A0E1NSG3_YERPA	GCF_001597285.1_WP_061903727.1	32.500	86	92	92	80	53	1	4	82	1	80	6.06e-30	107
tr|A0A0E1NSG3|A0A0E1NSG3_YERPA	GCF_002355475.1_WP_004421315.1	38.272	86	91	93	81	49	1	3	82	1	81	9.66e-30	106
tr|A0A0E1NSG3|A0A0E1NSG3_YERPA	GCF_008693605.1_WP_223849061.1	32.558	86	95	99	86	57	1	1	85	2	87	9.77e-30	106
tr|A0A0E1NSG3|A0A0E1NSG3_YERPA	GCF_013200955.2_WP_173204463.1	32.099	86	91	93	81	54	1	3	82	1	81	3.26e-29	105
tr|A0A0E1NSG3|A0A0E1NSG3_YERPA	GCF_000733715.2_WP_017362912.1	31.250	86	90	92	80	54	1	4	82	1	80	4.00e-29	105
tr|A0A0E1NSG3|A0A0E1NSG3_YERPA	GCF_008693645.1_WP_137347870.1	31.034	86	89	100	87	59	1	1	86	1	87	8.62e-29	104
tr|A0A0E1NSG3|A0A0E1NSG3_YERPA	GCF_024205225.1_WP_195881696.1	31.250	86	90	92	80	54	1	4	82	1	80	8.71e-29	104
tr|A0A0E1NSG3|A0A0E1NSG3_YERPA	GCF_000297075.2_WP_003461742.1	31.250	86	90	92	80	54	1	4	82	1	80	1.07e-28	103
tr|A0A0E1NSG3|A0A0E1NSG3_YERPA	GCF_013409125.2_WP_099525265.1	31.250	86	90	92	80	54	1	4	82	1	80	1.56e-28	103
tr|A0A0E1NSG3|A0A0E1NSG3_YERPA	GCF_900682675.2_WP_069898892.1	33.750	86	94	92	80	52	1	4	82	1	80	3.83e-28	102
tr|A0A0E1NSG3|A0A0E1NSG3_YERPA	GCF_008807375.1_WP_151138908.1	40.741	86	91	93	81	47	1	3	82	1	81	5.38e-28	102
tr|A0A0E1NSG3|A0A0E1NSG3_YERPA	GCF_001594225.2_WP_064379396.1	34.483	86	92	95	87	52	2	4	85	1	87	8.90e-28	101
tr|A0A0E1NSG3|A0A0E1NSG3_YERPA	GCF_017167985.1_WP_093053415.1	32.500	86	92	92	80	53	1	4	82	1	80	9.34e-28	101
tr|A0A0E1NSG3|A0A0E1NSG3_YERPA	GCF_021029445.1_WP_230924827.1	29.114	86	89	92	79	56	0	4	82	1	79	1.11e-27	101
tr|A0A0E1NSG3|A0A0E1NSG3_YERPA	GCF_017167985.1_WP_079784061.1	32.500	86	90	92	80	53	1	4	82	1	80	1.25e-27	101
tr|A0A0E1NSG3|A0A0E1NSG3_YERPA	GCF_001708425.1_WP_055136127.1	34.884	86	94	94	86	51	2	4	84	1	86	1.81e-27	100
tr|A0A0E1NSG3|A0A0E1NSG3_YERPA	GCF_017915135.1_WP_210390879.1	30.000	86	90	92	80	55	1	4	82	1	80	2.47e-27	100
tr|A0A0E1NSG3|A0A0E1NSG3_YERPA	GCF_004684345.1_WP_135321947.1	33.333	86	93	93	81	53	1	1	80	1	81	3.67e-27	100
tr|A0A0E1NSG3|A0A0E1NSG3_YERPA	GCF_013423785.1_WP_180308358.1	34.091	86	88	98	88	54	1	1	84	1	88	3.80e-27	100
tr|A0A0E1NSG3|A0A0E1NSG3_YERPA	GCF_011397855.1_WP_044414183.1	37.179	86	90	90	78	48	1	4	80	1	78	1.02e-26	98.9
tr|A0A0E1NSG3|A0A0E1NSG3_YERPA	GCF_012767755.2_WP_173176508.1	32.051	86	91	90	78	49	2	4	80	1	75	1.08e-26	98.9
tr|A0A0E1NSG3|A0A0E1NSG3_YERPA	GCF_008033135.1_WP_148717358.1	27.273	86	87	90	77	56	0	4	80	1	77	1.87e-26	98.0
tr|A0A0E1NSG3|A0A0E1NSG3_YERPA	GCF_003957745.1_WP_126168493.1	33.333	86	87	95	87	53	2	4	85	1	87	2.44e-26	97.8
tr|A0A0E1NSG3|A0A0E1NSG3_YERPA	GCF_019047765.1_WP_040231149.1	30.233	86	89	99	86	59	1	1	85	1	86	3.31e-26	97.5
tr|A0A0E1NSG3|A0A0E1NSG3_YERPA	GCF_000178875.2_WP_012197738.1	33.333	86	90	95	87	53	2	4	85	1	87	4.86e-26	97.2
tr|A0A0E1NSG3|A0A0E1NSG3_YERPA	GCF_016834455.1_WP_203325205.1	35.897	86	86	90	78	49	1	4	80	1	78	5.25e-26	96.9
tr|A0A0E1NSG3|A0A0E1NSG3_YERPA	GCF_025402875.1_WP_011791024.1	32.184	86	90	95	87	54	2	4	85	1	87	5.88e-26	96.9
tr|A0A0E1NSG3|A0A0E1NSG3_YERPA	GCF_020991025.1_WP_152109250.1	41.026	86	83	90	78	45	1	3	79	1	78	7.59e-26	96.6
tr|A0A0E1NSG3|A0A0E1NSG3_YERPA	GCF_000015245.1_WP_011761423.1	35.294	86	86	93	85	50	2	4	83	1	85	8.01e-26	96.6
tr|A0A0E1NSG3|A0A0E1NSG3_YERPA	GCF_014524625.1_WP_009050814.1	24.419	86	92	94	86	60	2	4	84	1	86	2.53e-25	95.5
tr|A0A0E1NSG3|A0A0E1NSG3_YERPA	GCF_019670705.1_WP_100146025.1	34.091	86	92	97	88	53	2	4	86	1	88	2.59e-25	95.5
tr|A0A0E1NSG3|A0A0E1NSG3_YERPA	GCF_009730655.1_WP_156020461.1	34.091	86	92	97	88	53	2	4	86	1	88	3.11e-25	95.2
tr|A0A0E1NSG3|A0A0E1NSG3_YERPA	GCF_002355475.1_WP_003455993.1	32.000	86	90	86	75	50	1	7	80	2	76	3.29e-25	95.0
tr|A0A0E1NSG3|A0A0E1NSG3_YERPA	GCF_024971755.1_WP_259474826.1	30.000	86	88	92	80	55	1	4	82	1	80	6.19e-25	94.4
tr|A0A0E1NSG3|A0A0E1NSG3_YERPA	GCF_017354925.1_WP_207321174.1	32.500	86	87	92	80	53	1	4	82	1	80	6.28e-25	94.4
tr|A0A0E1NSG3|A0A0E1NSG3_YERPA	GCF_002215585.1_WP_088903590.1	30.233	86	89	95	86	56	1	4	85	1	86	6.46e-25	94.4
tr|A0A0E1NSG3|A0A0E1NSG3_YERPA	GCF_012767755.2_WP_173171843.1	33.750	86	90	92	80	52	1	4	82	1	80	8.02e-25	94.1
tr|A0A0E1NSG3|A0A0E1NSG3_YERPA	GCF_017354965.1_WP_207380278.1	32.500	86	87	92	80	53	1	4	82	1	80	1.23e-24	93.5
tr|A0A0E1NSG3|A0A0E1NSG3_YERPA	GCF_017329545.1_WP_047884589.1	35.294	86	95	98	85	54	1	3	86	1	85	1.87e-24	93.3
tr|A0A0E1NSG3|A0A0E1NSG3_YERPA	GCF_008807375.1_WP_151133519.1	29.333	86	90	86	75	52	1	7	80	2	76	2.90e-24	92.7
tr|A0A0E1NSG3|A0A0E1NSG3_YERPA	GCF_029457395.1_WP_024766443.1	29.348	86	92	97	92	56	2	4	86	1	92	1.69e-23	90.7
tr|A0A0E1NSG3|A0A0E1NSG3_YERPA	GCF_000014885.1_WP_020912292.1	33.750	86	87	92	80	52	1	4	82	1	80	1.94e-23	90.5
tr|A0A0E1NSG3|A0A0E1NSG3_YERPA	GCF_003025345.2_WP_003155955.1	36.471	86	91	92	85	48	1	4	82	1	85	7.21e-23	89.0
tr|A0A0E1NSG3|A0A0E1NSG3_YERPA	GCF_012971725.1_WP_169940133.1	32.468	86	92	84	77	47	1	4	75	1	77	1.12e-22	88.8
tr|A0A0E1NSG3|A0A0E1NSG3_YERPA	GCF_024346675.1_WP_048897676.1	32.099	86	86	93	81	54	1	3	82	1	81	1.54e-22	88.2
tr|A0A0E1NSG3|A0A0E1NSG3_YERPA	GCF_004358345.1_WP_121852852.1	32.857	86	76	80	70	46	1	3	71	1	70	1.84e-22	87.9
tr|A0A0E1NSG3|A0A0E1NSG3_YERPA	GCF_000016065.1_WP_011864074.1	30.380	86	93	92	79	55	0	4	82	1	79	3.46e-22	87.4
tr|A0A0E1NSG3|A0A0E1NSG3_YERPA	GCF_000801295.1_WP_171816254.1	32.143	86	99	94	84	53	2	1	81	1	83	6.42e-22	86.8
tr|A0A0E1NSG3|A0A0E1NSG3_YERPA	GCF_009938225.1_WP_075649723.1	37.975	86	82	86	79	44	2	10	83	2	80	8.19e-22	86.2
tr|A0A0E1NSG3|A0A0E1NSG3_YERPA	GCF_002005305.1_WP_077753428.1	32.500	86	86	92	80	53	1	4	82	1	80	9.81e-22	86.2
tr|A0A0E1NSG3|A0A0E1NSG3_YERPA	GCF_020405345.1_WP_017780573.1	33.803	86	89	83	71	44	1	4	74	1	68	1.15e-21	85.9
tr|A0A0E1NSG3|A0A0E1NSG3_YERPA	GCF_003584645.1_WP_197716612.1	28.049	86	80	91	82	52	2	3	80	1	79	1.51e-21	85.7
tr|A0A0E1NSG3|A0A0E1NSG3_YERPA	GCF_016026875.1_WP_045525981.1	35.714	86	89	81	70	42	1	4	73	1	67	1.95e-21	85.4
tr|A0A0E1NSG3|A0A0E1NSG3_YERPA	GCF_000146165.2_WP_164925808.1	32.099	86	89	92	81	53	2	4	82	1	81	2.13e-21	85.4
tr|A0A0E1NSG3|A0A0E1NSG3_YERPA	GCF_001596155.1_WP_068342236.1	31.169	86	90	85	77	46	3	3	75	1	74	3.31e-21	84.8
tr|A0A0E1NSG3|A0A0E1NSG3_YERPA	GCF_020149575.1_WP_224431657.1	33.803	86	85	83	71	44	1	4	74	1	68	3.46e-21	84.8
tr|A0A0E1NSG3|A0A0E1NSG3_YERPA	GCF_001677435.1_WP_068615618.1	31.169	86	90	87	77	50	3	3	77	1	76	4.30e-21	84.5
tr|A0A0E1NSG3|A0A0E1NSG3_YERPA	GCF_006337165.1_WP_139515111.1	34.568	86	82	88	81	45	2	3	78	1	78	4.45e-21	84.3
tr|A0A0E1NSG3|A0A0E1NSG3_YERPA	GCF_028355655.1_WP_087756847.1	36.207	86	84	67	58	37	0	4	61	1	58	4.46e-21	84.5
tr|A0A0E1NSG3|A0A0E1NSG3_YERPA	GCF_001020955.1_WP_047250467.1	36.709	86	82	87	79	46	2	1	75	1	79	5.21e-21	84.3
tr|A0A0E1NSG3|A0A0E1NSG3_YERPA	GCF_002204915.1_WP_052690899.1	26.250	86	101	87	80	54	2	10	84	21	100	7.93e-21	84.3
tr|A0A0E1NSG3|A0A0E1NSG3_YERPA	GCF_900637545.1_WP_042651794.1	35.211	86	84	83	71	43	1	4	74	1	68	8.55e-21	83.7
tr|A0A0E1NSG3|A0A0E1NSG3_YERPA	GCF_006742785.1_WP_172630283.1	25.316	86	88	91	79	58	1	8	85	3	81	1.33e-20	83.4
tr|A0A0E1NSG3|A0A0E1NSG3_YERPA	GCF_020423125.1_WP_226170850.1	35.211	86	84	83	71	43	1	4	74	1	68	1.42e-20	83.1
tr|A0A0E1NSG3|A0A0E1NSG3_YERPA	GCF_004355185.1_WP_133271280.1	32.500	86	81	87	80	46	2	4	78	1	77	1.55e-20	82.9
tr|A0A0E1NSG3|A0A0E1NSG3_YERPA	GCF_024347355.1_WP_105024956.1	30.488	86	83	90	82	52	2	10	86	2	83	1.70e-20	82.9
tr|A0A0E1NSG3|A0A0E1NSG3_YERPA	GCF_008693705.1_WP_127008315.1	31.343	86	84	78	67	46	0	4	70	1	67	1.95e-20	82.9
tr|A0A0E1NSG3|A0A0E1NSG3_YERPA	GCF_027625995.1_WP_270126807.1	32.099	86	82	88	81	47	2	3	78	1	78	2.68e-20	82.3
tr|A0A0E1NSG3|A0A0E1NSG3_YERPA	GCF_003966655.1_WP_113527441.1	26.761	86	77	83	71	52	0	3	73	1	71	2.86e-20	82.3
tr|A0A0E1NSG3|A0A0E1NSG3_YERPA	GCF_016127195.1_WP_042032742.1	31.429	86	89	81	70	45	1	4	73	1	67	2.86e-20	82.6
tr|A0A0E1NSG3|A0A0E1NSG3_YERPA	GCF_024347475.1_WP_239840920.1	28.395	86	83	88	81	53	2	10	85	2	82	3.35e-20	82.3
tr|A0A0E1NSG3|A0A0E1NSG3_YERPA	GCF_013462805.1_WP_009566961.1	26.761	86	77	83	71	52	0	3	73	1	71	3.51e-20	82.0
tr|A0A0E1NSG3|A0A0E1NSG3_YERPA	GCF_008364325.2_WP_020826409.1	24.658	86	84	84	73	51	2	4	75	1	70	4.12e-20	82.0
tr|A0A0E1NSG3|A0A0E1NSG3_YERPA	GCF_000009145.1_WP_041356315.1	31.707	86	90	90	82	51	3	10	86	6	87	5.77e-20	81.7
tr|A0A0E1NSG3|A0A0E1NSG3_YERPA	GCF_009938185.1_WP_162048373.1	30.380	86	82	86	79	50	2	10	83	2	80	6.89e-20	81.4
tr|A0A0E1NSG3|A0A0E1NSG3_YERPA	GCF_003515105.1_WP_036973086.1	40.845	86	73	81	71	41	1	6	75	2	72	1.02e-19	80.9
tr|A0A0E1NSG3|A0A0E1NSG3_YERPA	GCF_000968535.2_WP_014147785.1	32.895	86	84	87	76	49	2	8	82	4	78	1.09e-19	80.9
tr|A0A0E1NSG3|A0A0E1NSG3_YERPA	GCF_003015165.1_WP_106887831.1	33.803	86	84	83	71	44	1	4	74	1	68	1.28e-19	80.6
tr|A0A0E1NSG3|A0A0E1NSG3_YERPA	GCF_000576555.1_WP_044000633.1	33.333	86	83	85	78	44	2	6	78	5	79	1.68e-19	80.3
tr|A0A0E1NSG3|A0A0E1NSG3_YERPA	GCF_001558255.2_WP_005504861.1	33.333	86	82	87	81	48	3	10	84	2	82	1.73e-19	80.3
tr|A0A0E1NSG3|A0A0E1NSG3_YERPA	GCF_016026615.1_WP_197928313.1	29.851	86	89	78	67	47	0	4	70	1	67	1.96e-19	80.3
tr|A0A0E1NSG3|A0A0E1NSG3_YERPA	GCF_013283835.1_WP_071626507.1	27.273	86	83	86	77	50	2	3	76	1	74	1.98e-19	80.3
tr|A0A0E1NSG3|A0A0E1NSG3_YERPA	GCF_013137895.1_WP_135435790.1	32.927	86	83	90	82	46	3	1	77	1	78	1.98e-19	80.3
tr|A0A0E1NSG3|A0A0E1NSG3_YERPA	GCF_014905115.1_WP_193151849.1	30.303	86	81	76	66	45	1	10	74	2	67	2.16e-19	80.0
tr|A0A0E1NSG3|A0A0E1NSG3_YERPA	GCF_003574965.1_WP_119445661.1	33.333	86	82	88	81	46	2	3	78	1	78	2.42e-19	80.0
tr|A0A0E1NSG3|A0A0E1NSG3_YERPA	GCF_009938205.1_WP_075706454.1	34.177	86	82	86	79	47	2	10	83	2	80	2.57e-19	79.8
tr|A0A0E1NSG3|A0A0E1NSG3_YERPA	GCF_008329985.2_WP_149283950.1	33.784	86	81	80	74	44	2	10	78	2	75	2.61e-19	79.8
tr|A0A0E1NSG3|A0A0E1NSG3_YERPA	GCF_001007935.1_WP_046849946.1	27.848	86	84	91	79	56	1	8	85	4	82	2.88e-19	79.8
tr|A0A0E1NSG3|A0A0E1NSG3_YERPA	GCF_010093065.1_WP_238430213.1	28.235	86	83	93	85	53	3	1	80	2	83	3.74e-19	79.5
tr|A0A0E1NSG3|A0A0E1NSG3_YERPA	GCF_022827545.1_WP_243798205.1	33.333	86	82	88	81	46	2	3	78	1	78	3.83e-19	79.5
tr|A0A0E1NSG3|A0A0E1NSG3_YERPA	GCF_004001245.1_WP_127478562.1	28.395	86	85	88	81	53	2	1	76	1	81	3.88e-19	79.5
tr|A0A0E1NSG3|A0A0E1NSG3_YERPA	GCF_019669905.1_WP_054759186.1	43.396	86	79	60	53	29	1	8	59	3	55	3.94e-19	79.5
tr|A0A0E1NSG3|A0A0E1NSG3_YERPA	GCF_014169735.1_WP_134997272.1	30.986	86	86	83	71	46	1	4	74	1	68	4.20e-19	79.5
tr|A0A0E1NSG3|A0A0E1NSG3_YERPA	GCF_022371215.1_WP_239718047.1	26.829	86	83	90	82	55	2	10	86	2	83	4.64e-19	79.2
tr|A0A0E1NSG3|A0A0E1NSG3_YERPA	GCF_009755585.1_WP_157030071.1	26.829	86	85	91	82	53	2	3	80	1	79	6.65e-19	78.9
tr|A0A0E1NSG3|A0A0E1NSG3_YERPA	GCF_009662475.1_WP_031573754.1	29.114	86	79	87	79	52	2	3	77	1	79	8.93e-19	78.4
tr|A0A0E1NSG3|A0A0E1NSG3_YERPA	GCF_001651805.1_WP_067384150.1	35.135	86	78	80	74	43	3	4	72	1	74	1.49e-18	77.8
tr|A0A0E1NSG3|A0A0E1NSG3_YERPA	GCF_001507645.1_WP_068195976.1	36.364	86	90	85	77	42	2	3	75	1	74	1.75e-18	77.8
tr|A0A0E1NSG3|A0A0E1NSG3_YERPA	GCF_009068765.1_WP_151900329.1	30.303	86	81	76	66	45	1	10	74	2	67	1.84e-18	77.8
tr|A0A0E1NSG3|A0A0E1NSG3_YERPA	GCF_019670125.1_WP_221076876.1	28.750	86	81	87	80	52	2	10	84	2	81	1.89e-18	77.8
tr|A0A0E1NSG3|A0A0E1NSG3_YERPA	GCF_001007875.1_WP_046858354.1	26.582	86	80	86	79	53	2	10	83	2	80	1.96e-18	77.5
tr|A0A0E1NSG3|A0A0E1NSG3_YERPA	GCF_002407485.1_WP_096780111.1	26.250	86	81	87	80	54	2	10	84	2	81	2.04e-18	77.5
tr|A0A0E1NSG3|A0A0E1NSG3_YERPA	GCF_008728635.1_WP_151087836.1	25.974	86	90	85	77	50	3	3	75	1	74	2.41e-18	77.5
tr|A0A0E1NSG3|A0A0E1NSG3_YERPA	GCF_002142475.1_WP_026148861.1	26.582	86	86	87	79	51	2	4	78	1	76	2.59e-18	77.5
tr|A0A0E1NSG3|A0A0E1NSG3_YERPA	GCF_004214795.1_WP_130234502.1	24.051	86	78	88	79	54	2	3	78	1	76	3.26e-18	76.9
tr|A0A0E1NSG3|A0A0E1NSG3_YERPA	GCF_022811645.1_WP_243511723.1	32.911	86	90	87	79	46	2	3	77	1	76	3.64e-18	77.2
tr|A0A0E1NSG3|A0A0E1NSG3_YERPA	GCF_003149515.1_WP_109656005.1	28.571	86	90	85	77	48	2	3	75	1	74	4.73e-18	76.9
tr|A0A0E1NSG3|A0A0E1NSG3_YERPA	GCF_000212735.1_WP_013764159.1	29.487	86	83	86	78	48	2	1	74	1	75	5.66e-18	76.4
tr|A0A0E1NSG3|A0A0E1NSG3_YERPA	GCF_001558415.2_WP_061055374.1	24.051	86	83	86	79	55	2	10	83	2	80	5.75e-18	76.4
tr|A0A0E1NSG3|A0A0E1NSG3_YERPA	GCF_024347035.1_WP_102941394.1	25.000	86	81	87	80	55	2	10	84	2	81	6.41e-18	76.4
tr|A0A0E1NSG3|A0A0E1NSG3_YERPA	GCF_000024005.1_WP_012793320.1	28.205	86	84	86	78	49	2	2	75	3	77	7.60e-18	76.1
tr|A0A0E1NSG3|A0A0E1NSG3_YERPA	GCF_000214665.1_WP_013819542.1	28.571	86	83	88	77	53	2	10	85	6	81	8.97e-18	76.1
tr|A0A0E1NSG3|A0A0E1NSG3_YERPA	GCF_013343005.1_WP_078482823.1	36.250	86	84	87	80	46	2	3	77	1	80	9.35e-18	75.8
tr|A0A0E1NSG3|A0A0E1NSG3_YERPA	GCF_013177675.1_WP_172128285.1	26.667	86	81	84	75	49	2	3	74	1	72	9.46e-18	75.8
tr|A0A0E1NSG3|A0A0E1NSG3_YERPA	GCF_024494545.1_WP_256384876.1	24.359	86	81	85	78	54	2	11	83	3	80	9.85e-18	75.8
tr|A0A0E1NSG3|A0A0E1NSG3_YERPA	GCF_019670105.1_WP_040307707.1	27.500	86	81	87	80	53	2	10	84	2	81	1.16e-17	75.5
tr|A0A0E1NSG3|A0A0E1NSG3_YERPA	GCF_002762215.1_WP_085750011.1	29.333	86	87	83	75	46	3	4	74	3	74	1.25e-17	75.8
tr|A0A0E1NSG3|A0A0E1NSG3_YERPA	GCF_003258315.1_WP_111337788.1	26.582	86	88	91	79	57	1	8	85	4	82	1.26e-17	75.8
tr|A0A0E1NSG3|A0A0E1NSG3_YERPA	GCF_000014765.1_WP_011633385.1	30.952	86	89	92	84	53	3	8	86	3	86	1.28e-17	75.8
tr|A0A0E1NSG3|A0A0E1NSG3_YERPA	GCF_024347635.1_WP_139683960.1	25.610	86	83	90	82	56	2	10	86	2	83	1.48e-17	75.5
tr|A0A0E1NSG3|A0A0E1NSG3_YERPA	GCF_014879975.1_WP_192888672.1	26.829	86	83	90	82	55	2	10	86	2	83	1.76e-17	75.3
tr|A0A0E1NSG3|A0A0E1NSG3_YERPA	GCF_001955715.1_WP_029708890.1	25.676	86	80	81	74	48	2	4	73	1	71	1.77e-17	75.3
tr|A0A0E1NSG3|A0A0E1NSG3_YERPA	GCF_000940995.1_WP_082060442.1	24.706	86	93	98	85	63	1	3	86	1	85	2.31e-17	75.3
tr|A0A0E1NSG3|A0A0E1NSG3_YERPA	GCF_024360925.2_WP_255188929.1	28.205	86	83	90	78	54	2	10	86	6	82	2.36e-17	75.0
tr|A0A0E1NSG3|A0A0E1NSG3_YERPA	GCF_005931095.1_WP_017839868.1	32.051	86	84	90	78	51	2	8	84	4	80	2.37e-17	75.0
tr|A0A0E1NSG3|A0A0E1NSG3_YERPA	GCF_024347595.1_WP_176681244.1	26.829	86	83	90	82	55	2	10	86	2	83	2.50e-17	75.0
tr|A0A0E1NSG3|A0A0E1NSG3_YERPA	GCF_003353065.1_WP_114983154.1	28.947	86	84	84	76	47	3	1	72	1	73	2.50e-17	75.0
tr|A0A0E1NSG3|A0A0E1NSG3_YERPA	GCF_020844025.1_WP_215848879.1	29.231	86	77	76	65	46	0	9	73	7	71	2.59e-17	74.7
tr|A0A0E1NSG3|A0A0E1NSG3_YERPA	GCF_013201725.1_WP_014475480.1	29.730	86	74	83	74	46	2	3	73	1	71	2.64e-17	74.7
tr|A0A0E1NSG3|A0A0E1NSG3_YERPA	GCF_024347675.1_WP_261835500.1	28.750	86	81	87	80	52	2	10	84	2	81	2.66e-17	74.7
tr|A0A0E1NSG3|A0A0E1NSG3_YERPA	GCF_003346775.1_WP_114843067.1	29.870	86	84	86	77	48	2	3	76	1	74	2.73e-17	74.7
tr|A0A0E1NSG3|A0A0E1NSG3_YERPA	GCF_000091465.1_WP_004733849.1	24.390	86	83	90	82	57	2	10	86	2	83	2.77e-17	74.7
tr|A0A0E1NSG3|A0A0E1NSG3_YERPA	GCF_902810445.1_WP_197744199.1	24.000	86	78	83	75	50	3	4	74	1	72	2.80e-17	74.7
tr|A0A0E1NSG3|A0A0E1NSG3_YERPA	GCF_024347455.1_WP_135458404.1	24.390	86	83	90	82	57	2	10	86	2	83	2.84e-17	74.7
tr|A0A0E1NSG3|A0A0E1NSG3_YERPA	GCF_002214395.1_WP_010453422.1	24.359	86	81	85	78	54	2	12	84	4	81	3.14e-17	74.7
tr|A0A0E1NSG3|A0A0E1NSG3_YERPA	GCF_013177635.1_WP_129095542.1	25.676	86	72	83	74	49	2	3	73	1	71	3.20e-17	74.4
tr|A0A0E1NSG3|A0A0E1NSG3_YERPA	GCF_000021985.1_WP_012639500.1	29.730	86	82	80	74	47	2	3	71	1	74	3.24e-17	74.4
tr|A0A0E1NSG3|A0A0E1NSG3_YERPA	GCF_001995825.2_WP_017057338.1	24.390	86	83	90	82	57	2	10	86	2	83	3.30e-17	74.4
tr|A0A0E1NSG3|A0A0E1NSG3_YERPA	GCF_024582835.1_WP_257083279.1	25.610	86	87	90	82	56	2	10	86	2	83	3.45e-17	74.7
tr|A0A0E1NSG3|A0A0E1NSG3_YERPA	GCF_003967195.1_WP_172597571.1	27.500	86	83	87	80	53	2	3	77	2	81	3.96e-17	74.4
tr|A0A0E1NSG3|A0A0E1NSG3_YERPA	GCF_000321415.2_WP_015260329.1	32.222	86	93	100	90	55	3	1	86	1	88	4.46e-17	74.4
tr|A0A0E1NSG3|A0A0E1NSG3_YERPA	GCF_000828615.1_WP_041064380.1	31.646	86	80	86	79	49	3	1	74	1	79	5.21e-17	73.9
tr|A0A0E1NSG3|A0A0E1NSG3_YERPA	GCF_002215215.1_WP_088918776.1	41.429	86	101	80	70	39	2	5	73	15	83	5.40e-17	74.4
tr|A0A0E1NSG3|A0A0E1NSG3_YERPA	GCF_010093065.1_WP_162331416.1	25.000	86	84	84	76	50	2	4	75	5	77	5.49e-17	74.1
tr|A0A0E1NSG3|A0A0E1NSG3_YERPA	GCF_007197555.1_WP_144048375.1	29.114	86	94	84	79	49	2	4	75	1	79	6.09e-17	74.1
tr|A0A0E1NSG3|A0A0E1NSG3_YERPA	GCF_003544915.1_WP_118918525.1	27.632	86	73	85	76	49	2	3	75	1	73	6.33e-17	73.6
tr|A0A0E1NSG3|A0A0E1NSG3_YERPA	GCF_002218045.2_WP_089137819.1	40.278	86	79	79	72	39	2	6	73	5	76	6.56e-17	73.6
tr|A0A0E1NSG3|A0A0E1NSG3_YERPA	GCF_024347195.1_WP_271272618.1	34.247	86	77	80	73	44	3	4	72	1	73	7.38e-17	73.6
tr|A0A0E1NSG3|A0A0E1NSG3_YERPA	GCF_009938015.1_WP_223264517.1	31.646	86	90	86	79	49	3	1	74	1	79	7.49e-17	73.9
tr|A0A0E1NSG3|A0A0E1NSG3_YERPA	GCF_003970675.1_WP_126615366.1	27.941	86	76	79	68	45	2	7	74	10	73	7.67e-17	73.6
tr|A0A0E1NSG3|A0A0E1NSG3_YERPA	GCF_000148645.1_WP_013347076.1	29.870	86	80	84	77	49	2	12	83	3	79	8.33e-17	73.6
tr|A0A0E1NSG3|A0A0E1NSG3_YERPA	GCF_002157225.2_WP_086934278.1	27.397	86	80	85	73	53	0	10	82	5	77	8.46e-17	73.6
tr|A0A0E1NSG3|A0A0E1NSG3_YERPA	GCF_003346815.1_WP_114840342.1	32.000	86	82	84	75	45	2	3	74	1	72	9.11e-17	73.3
tr|A0A0E1NSG3|A0A0E1NSG3_YERPA	GCF_024746855.1_WP_260492542.1	33.846	86	79	76	65	43	0	10	74	2	66	9.60e-17	73.3
tr|A0A0E1NSG3|A0A0E1NSG3_YERPA	GCF_000785705.2_WP_036272019.1	31.250	86	82	74	64	43	1	10	73	6	68	9.71e-17	73.3
tr|A0A0E1NSG3|A0A0E1NSG3_YERPA	GCF_003990335.1_WP_127025819.1	22.388	86	91	78	67	52	0	11	77	7	73	9.83e-17	73.6
tr|A0A0E1NSG3|A0A0E1NSG3_YERPA	GCF_018736065.1_WP_144074266.1	27.941	86	76	79	68	45	2	7	74	10	73	1.03e-16	73.3
tr|A0A0E1NSG3|A0A0E1NSG3_YERPA	GCF_004028275.1_WP_128384077.1	25.714	86	77	77	70	48	2	9	74	2	71	1.23e-16	73.0
tr|A0A0E1NSG3|A0A0E1NSG3_YERPA	GCF_024347655.1_WP_060467732.1	29.268	86	83	90	82	53	2	10	86	2	83	1.24e-16	73.0
tr|A0A0E1NSG3|A0A0E1NSG3_YERPA	GCF_013201935.1_WP_129014602.1	25.676	86	72	83	74	49	2	3	73	1	71	1.37e-16	72.7
tr|A0A0E1NSG3|A0A0E1NSG3_YERPA	GCF_024362845.1_WP_255230807.1	24.051	86	82	86	79	55	2	10	83	2	80	1.44e-16	73.0
tr|A0A0E1NSG3|A0A0E1NSG3_YERPA	GCF_003063625.1_WP_108601906.1	25.714	86	85	78	70	49	1	10	76	5	74	1.45e-16	73.0
tr|A0A0E1NSG3|A0A0E1NSG3_YERPA	GCF_002355415.1_WP_148665551.1	34.211	86	87	84	76	43	3	6	77	13	85	1.56e-16	73.0
tr|A0A0E1NSG3|A0A0E1NSG3_YERPA	GCF_015209785.1_WP_193988300.1	38.235	86	73	78	68	41	1	6	72	2	69	2.02e-16	72.4
tr|A0A0E1NSG3|A0A0E1NSG3_YERPA	GCF_016613475.2_WP_200606805.1	22.785	86	90	86	79	53	3	1	74	1	76	2.07e-16	72.7
tr|A0A0E1NSG3|A0A0E1NSG3_YERPA	GCF_001456255.1_WP_020335096.1	23.077	86	81	85	78	55	2	12	84	4	81	2.62e-16	72.2
tr|A0A0E1NSG3|A0A0E1NSG3_YERPA	GCF_002355735.1_WP_096359192.1	28.000	86	83	83	75	50	2	5	75	8	82	2.66e-16	72.2
tr|A0A0E1NSG3|A0A0E1NSG3_YERPA	GCF_023733635.1_WP_039959400.1	26.829	86	89	90	82	55	2	4	80	1	82	2.88e-16	72.2
tr|A0A0E1NSG3|A0A0E1NSG3_YERPA	GCF_002906475.1_WP_012130247.1	23.377	86	81	84	77	54	2	12	83	4	80	3.02e-16	72.2
tr|A0A0E1NSG3|A0A0E1NSG3_YERPA	GCF_002849875.1_WP_232379112.1	26.744	86	113	91	86	55	2	6	83	28	113	3.05e-16	72.7
tr|A0A0E1NSG3|A0A0E1NSG3_YERPA	GCF_019797925.1_WP_193521737.1	34.375	86	80	74	64	42	0	11	74	3	66	3.14e-16	71.9
tr|A0A0E1NSG3|A0A0E1NSG3_YERPA	GCF_001831495.1_WP_068547707.1	21.519	86	81	86	79	57	2	10	83	2	80	4.11e-16	71.6
tr|A0A0E1NSG3|A0A0E1NSG3_YERPA	GCF_002021755.1_WP_005434844.1	23.377	86	81	84	77	54	2	12	83	4	80	4.49e-16	71.6
tr|A0A0E1NSG3|A0A0E1NSG3_YERPA	GCF_019703835.1_WP_087020305.1	32.911	86	79	87	79	46	2	12	86	3	78	4.85e-16	71.6
tr|A0A0E1NSG3|A0A0E1NSG3_YERPA	GCF_900233005.1_WP_102521318.1	24.051	86	81	86	79	55	2	10	83	2	80	5.02e-16	71.6
tr|A0A0E1NSG3|A0A0E1NSG3_YERPA	GCF_008369605.1_WP_000253074.1	27.848	86	81	86	79	52	2	10	83	2	80	5.61e-16	71.3
tr|A0A0E1NSG3|A0A0E1NSG3_YERPA	GCF_000770115.1_WP_069687890.1	23.377	86	81	84	77	54	2	12	83	4	80	6.02e-16	71.3
tr|A0A0E1NSG3|A0A0E1NSG3_YERPA	GCF_000227685.2_WP_006746304.1	32.099	86	83	90	81	51	2	1	77	1	81	6.64e-16	71.3
tr|A0A0E1NSG3|A0A0E1NSG3_YERPA	GCF_002557795.1_WP_098194977.1	23.457	86	89	86	81	52	3	1	74	1	78	7.90e-16	71.0
tr|A0A0E1NSG3|A0A0E1NSG3_YERPA	GCF_013201665.1_WP_128359868.1	23.171	86	81	92	82	57	2	3	81	1	79	8.02e-16	71.0
tr|A0A0E1NSG3|A0A0E1NSG3_YERPA	GCF_000772105.1_WP_004748349.1	28.378	86	81	80	74	48	2	10	78	2	75	8.54e-16	71.0
tr|A0A0E1NSG3|A0A0E1NSG3_YERPA	GCF_004328865.1_WP_104643907.1	33.333	86	83	72	63	41	1	10	71	2	64	1.09e-15	70.8
tr|A0A0E1NSG3|A0A0E1NSG3_YERPA	GCF_000014785.1_WP_011630183.1	29.870	86	83	85	77	50	3	4	76	7	83	1.38e-15	70.5
tr|A0A0E1NSG3|A0A0E1NSG3_YERPA	GCF_019670485.1_WP_221071211.1	24.675	86	81	84	77	53	2	12	83	4	80	1.42e-15	70.5
tr|A0A0E1NSG3|A0A0E1NSG3_YERPA	GCF_024347275.1_WP_019620968.1	30.380	86	82	86	79	50	3	4	77	1	79	1.75e-15	70.2
tr|A0A0E1NSG3|A0A0E1NSG3_YERPA	GCF_000143085.1_WP_013221711.1	22.222	86	82	79	72	49	3	4	71	1	69	1.82e-15	70.2
tr|A0A0E1NSG3|A0A0E1NSG3_YERPA	GCF_005877035.1_WP_039486662.1	33.333	86	83	72	63	41	1	10	71	2	64	1.92e-15	69.9
tr|A0A0E1NSG3|A0A0E1NSG3_YERPA	GCF_000238395.3_WP_010553578.1	31.746	86	83	72	63	42	1	10	71	2	64	1.92e-15	69.9
tr|A0A0E1NSG3|A0A0E1NSG3_YERPA	GCF_001455205.1_WP_062560013.1	25.676	86	84	85	74	53	2	10	82	6	78	2.00e-15	69.9
tr|A0A0E1NSG3|A0A0E1NSG3_YERPA	GCF_001050135.1_WP_048644179.1	21.795	86	88	86	78	54	2	1	74	1	75	2.03e-15	70.2
tr|A0A0E1NSG3|A0A0E1NSG3_YERPA	GCF_008122265.1_WP_148863603.1	22.667	86	84	83	75	51	2	4	74	1	72	2.10e-15	69.9
tr|A0A0E1NSG3|A0A0E1NSG3_YERPA	GCF_024347255.1_WP_091360415.1	32.432	86	79	80	74	45	2	4	72	1	74	2.21e-15	69.9
tr|A0A0E1NSG3|A0A0E1NSG3_YERPA	GCF_024347495.1_WP_137371745.1	26.087	86	80	79	69	50	1	10	77	2	70	2.27e-15	69.9
tr|A0A0E1NSG3|A0A0E1NSG3_YERPA	GCF_000317125.1_WP_015155280.1	22.500	86	81	88	80	55	3	4	79	1	77	2.46e-15	69.6
tr|A0A0E1NSG3|A0A0E1NSG3_YERPA	GCF_008807855.1_WP_063240334.1	23.377	86	83	85	77	52	2	2	74	3	76	2.50e-15	69.6
tr|A0A0E1NSG3|A0A0E1NSG3_YERPA	GCF_000026085.1_WP_041454550.1	32.394	86	73	80	71	45	3	6	74	2	71	2.52e-15	69.6
tr|A0A0E1NSG3|A0A0E1NSG3_YERPA	GCF_003668795.1_WP_054981706.1	34.921	86	83	72	63	40	1	10	71	2	64	2.58e-15	69.6
tr|A0A0E1NSG3|A0A0E1NSG3_YERPA	GCF_004421105.1_WP_134356453.1	21.519	86	80	87	79	55	3	4	78	1	76	2.70e-15	69.6
tr|A0A0E1NSG3|A0A0E1NSG3_YERPA	GCF_020091585.1_WP_224339804.1	29.333	86	82	83	75	46	3	4	74	1	72	2.88e-15	69.6
tr|A0A0E1NSG3|A0A0E1NSG3_YERPA	GCF_002356115.1_WP_096526481.1	20.000	86	78	83	75	53	2	4	74	1	72	3.67e-15	69.4
tr|A0A0E1NSG3|A0A0E1NSG3_YERPA	GCF_002221525.1_WP_089349457.1	34.921	86	83	72	63	40	1	10	71	2	64	3.96e-15	69.4
tr|A0A0E1NSG3|A0A0E1NSG3_YERPA	GCF_001956695.1_WP_076086043.1	26.667	86	77	84	75	49	2	4	75	1	72	4.30e-15	69.1
tr|A0A0E1NSG3|A0A0E1NSG3_YERPA	GCF_010119975.1_WP_162445115.1	27.500	86	365	88	80	50	2	4	79	8	83	6.53e-15	73.3
tr|A0A0E1NSG3|A0A0E1NSG3_YERPA	GCF_005166025.1_WP_137090244.1	25.000	86	84	84	76	50	2	3	74	1	73	7.37e-15	68.5
tr|A0A0E1NSG3|A0A0E1NSG3_YERPA	GCF_000012805.1_WP_011330264.1	21.333	86	85	83	75	52	3	4	74	1	72	7.43e-15	68.5
tr|A0A0E1NSG3|A0A0E1NSG3_YERPA	GCF_000019525.1_WP_012323084.1	28.947	86	81	87	76	53	1	10	84	2	77	7.52e-15	68.5
tr|A0A0E1NSG3|A0A0E1NSG3_YERPA	GCF_000024825.1_WP_005460845.1	23.077	86	81	85	78	55	2	12	84	4	81	8.14e-15	68.5
tr|A0A0E1NSG3|A0A0E1NSG3_YERPA	GCF_001442805.1_WP_057942092.1	24.658	86	88	80	73	48	2	6	74	7	76	8.47e-15	68.5
tr|A0A0E1NSG3|A0A0E1NSG3_YERPA	GCF_001999225.1_WP_077537996.1	28.571	86	82	72	63	44	1	10	71	2	64	8.48e-15	68.5
tr|A0A0E1NSG3|A0A0E1NSG3_YERPA	GCF_024347215.1_WP_261843265.1	35.616	86	77	80	73	43	3	4	72	1	73	9.52e-15	68.2
tr|A0A0E1NSG3|A0A0E1NSG3_YERPA	GCF_019977755.1_WP_126608378.1	34.118	86	103	86	85	45	3	10	83	16	100	9.55e-15	68.8
tr|A0A0E1NSG3|A0A0E1NSG3_YERPA	GCF_002887615.1_WP_038869703.1	22.078	86	81	84	77	55	2	12	83	4	80	1.10e-14	67.9
tr|A0A0E1NSG3|A0A0E1NSG3_YERPA	GCF_002157895.1_WP_227874980.1	23.750	86	82	87	80	56	2	10	84	3	82	1.22e-14	67.9
tr|A0A0E1NSG3|A0A0E1NSG3_YERPA	GCF_008931805.1_WP_019441510.1	25.676	86	81	80	74	50	2	10	78	2	75	1.62e-14	67.7
tr|A0A0E1NSG3|A0A0E1NSG3_YERPA	GCF_006364355.1_WP_004727652.1	22.785	86	83	86	79	56	2	10	83	2	80	1.76e-14	67.7
tr|A0A0E1NSG3|A0A0E1NSG3_YERPA	GCF_018389385.1_WP_218082190.1	23.684	86	91	84	76	51	2	2	73	13	85	2.07e-14	67.7
tr|A0A0E1NSG3|A0A0E1NSG3_YERPA	GCF_009363415.1_WP_152430616.1	20.253	86	84	86	79	58	2	10	83	2	80	2.35e-14	67.4
tr|A0A0E1NSG3|A0A0E1NSG3_YERPA	GCF_000788395.1_WP_038641921.1	25.758	86	85	76	66	48	1	10	74	5	70	2.89e-14	67.1
tr|A0A0E1NSG3|A0A0E1NSG3_YERPA	GCF_003568825.1_WP_040644076.1	27.778	86	83	79	72	48	1	10	77	2	73	3.27e-14	66.8
tr|A0A0E1NSG3|A0A0E1NSG3_YERPA	GCF_001431725.1_WP_021820278.1	23.750	86	81	87	80	56	2	10	84	2	81	3.95e-14	66.5
tr|A0A0E1NSG3|A0A0E1NSG3_YERPA	GCF_000092245.1_WP_013136435.1	30.986	86	76	79	71	43	2	7	74	2	69	4.41e-14	66.5
tr|A0A0E1NSG3|A0A0E1NSG3_YERPA	GCF_004798725.1_WP_010811758.1	23.377	86	83	85	77	52	2	2	74	3	76	4.50e-14	66.5
tr|A0A0E1NSG3|A0A0E1NSG3_YERPA	GCF_003722295.1_WP_010573895.1	23.377	86	75	83	77	50	2	4	74	1	74	5.77e-14	66.3
tr|A0A0E1NSG3|A0A0E1NSG3_YERPA	GCF_008632455.1_WP_150048082.1	25.714	86	84	80	70	50	2	9	77	5	73	5.99e-14	66.3
tr|A0A0E1NSG3|A0A0E1NSG3_YERPA	GCF_012295615.1_WP_007018284.1	20.779	86	81	84	77	56	2	12	83	4	80	8.08e-14	66.0
tr|A0A0E1NSG3|A0A0E1NSG3_YERPA	GCF_000222485.1_WP_014022977.1	21.795	86	85	86	78	54	3	1	74	1	75	1.04e-13	65.7
tr|A0A0E1NSG3|A0A0E1NSG3_YERPA	GCF_017638925.1_WP_208844867.1	25.333	86	81	83	75	52	1	11	81	3	77	1.57e-13	65.1
tr|A0A0E1NSG3|A0A0E1NSG3_YERPA	GCF_001956695.1_WP_076086034.1	25.000	86	77	79	72	47	2	7	74	2	70	2.57e-13	64.6
tr|A0A0E1NSG3|A0A0E1NSG3_YERPA	GCF_003955735.1_WP_126127786.1	22.973	86	91	81	74	50	3	5	74	7	77	3.27e-13	64.6
tr|A0A0E1NSG3|A0A0E1NSG3_YERPA	GCF_009937995.1_WP_179954406.1	24.000	86	79	81	75	52	2	4	73	1	75	4.04e-13	64.0
tr|A0A0E1NSG3|A0A0E1NSG3_YERPA	GCF_000024725.1_WP_013031543.1	22.785	86	81	87	79	54	3	4	78	1	76	4.21e-13	64.0
tr|A0A0E1NSG3|A0A0E1NSG3_YERPA	GCF_013283835.1_WP_071625892.1	27.027	86	79	79	74	45	2	7	74	2	72	5.34e-13	63.7
tr|A0A0E1NSG3|A0A0E1NSG3_YERPA	GCF_026427595.1_WP_251812951.1	28.750	86	88	87	80	52	2	12	86	7	86	5.73e-13	63.7
tr|A0A0E1NSG3|A0A0E1NSG3_YERPA	GCF_019891175.1_WP_225938383.1	21.250	86	93	88	80	56	2	4	79	9	85	7.03e-13	63.7
tr|A0A0E1NSG3|A0A0E1NSG3_YERPA	GCF_000265505.1_WP_014796533.1	22.353	86	97	86	85	55	2	4	77	3	87	7.06e-13	63.7
tr|A0A0E1NSG3|A0A0E1NSG3_YERPA	GCF_000973725.1_WP_046311560.1	25.641	86	91	86	78	51	2	3	76	1	75	7.83e-13	63.4
tr|A0A0E1NSG3|A0A0E1NSG3_YERPA	GCF_000317575.1_WP_015193670.1	21.333	86	74	83	75	52	2	4	74	1	72	8.86e-13	63.2
tr|A0A0E1NSG3|A0A0E1NSG3_YERPA	GCF_013201665.1_WP_128358834.1	25.352	86	76	79	71	47	2	7	74	2	69	9.00e-13	63.2
tr|A0A0E1NSG3|A0A0E1NSG3_YERPA	GCF_013177635.1_WP_129095951.1	23.944	86	76	79	71	48	2	7	74	2	69	1.75e-12	62.3
tr|A0A0E1NSG3|A0A0E1NSG3_YERPA	GCF_026278345.1_WP_266369249.1	24.324	86	90	81	74	49	2	4	73	1	71	2.94e-12	62.0
tr|A0A0E1NSG3|A0A0E1NSG3_YERPA	GCF_013282625.1_WP_173286717.1	28.788	86	67	77	66	44	1	9	74	2	64	3.06e-12	61.5
tr|A0A0E1NSG3|A0A0E1NSG3_YERPA	GCF_000012325.1_WP_011045621.1	26.154	86	84	76	65	48	0	10	74	5	69	3.30e-12	61.8
tr|A0A0E1NSG3|A0A0E1NSG3_YERPA	GCF_013201935.1_WP_128987185.1	23.944	86	76	79	71	48	2	7	74	2	69	3.44e-12	61.8
tr|A0A0E1NSG3|A0A0E1NSG3_YERPA	GCF_000019185.1_WP_012277931.1	24.490	86	100	86	98	50	3	10	83	2	99	3.87e-12	62.0
tr|A0A0E1NSG3|A0A0E1NSG3_YERPA	GCF_001705075.2_WP_065970077.1	26.923	86	78	86	78	53	2	3	76	1	78	7.04e-12	60.9
tr|A0A0E1NSG3|A0A0E1NSG3_YERPA	GCF_000018105.1_WP_012162738.1	15.584	86	86	85	77	58	2	4	76	1	74	7.84e-12	60.9
tr|A0A0E1NSG3|A0A0E1NSG3_YERPA	GCF_003544815.1_WP_118886031.1	23.944	86	76	79	71	48	2	7	74	2	69	1.10e-11	60.3
tr|A0A0E1NSG3|A0A0E1NSG3_YERPA	GCF_011398355.1_WP_173270160.1	30.000	86	65	70	60	39	1	9	68	2	58	1.53e-11	59.8
tr|A0A0E1NSG3|A0A0E1NSG3_YERPA	GCF_004293625.1_WP_130538367.1	28.814	86	71	69	59	39	1	9	67	2	57	3.44e-11	58.9
tr|A0A0E1NSG3|A0A0E1NSG3_YERPA	GCF_000006765.1_NP_249630.1	36.923	86	108	69	65	35	1	4	62	1	65	4.45e-11	59.5
tr|A0A0E1NSG3|A0A0E1NSG3_YERPA	GCF_021654855.1_WP_237262080.1	23.529	86	70	74	68	45	2	10	73	3	67	9.59e-11	57.8
tr|A0A0E1NSG3|A0A0E1NSG3_YERPA	GCF_013177675.1_WP_172126669.1	23.944	86	77	79	71	48	2	7	74	2	69	1.27e-10	57.5
tr|A0A0E1NSG3|A0A0E1NSG3_YERPA	GCF_003967275.1_WP_197721837.1	33.784	86	78	81	74	45	3	3	72	1	74	2.37e-10	57.0
tr|A0A0E1NSG3|A0A0E1NSG3_YERPA	GCF_000147355.1_WP_013326989.1	25.000	86	67	69	64	43	2	23	81	1	64	2.92e-10	56.4
tr|A0A0E1NSG3|A0A0E1NSG3_YERPA	GCF_000238255.3_WP_010559905.1	24.528	86	86	62	53	40	0	10	62	5	57	4.96e-10	56.4
tr|A0A0E1NSG3|A0A0E1NSG3_YERPA	GCF_024347675.1_WP_261833361.1	34.884	86	54	50	43	28	0	10	52	2	44	6.37e-10	55.6
tr|A0A0E1NSG3|A0A0E1NSG3_YERPA	GCF_000014705.1_WP_011637758.1	22.892	86	88	91	83	59	1	9	86	3	85	1.13e-09	55.3
tr|A0A0E1NSG3|A0A0E1NSG3_YERPA	GCF_011398355.1_WP_173270199.1	24.242	86	66	77	66	47	1	9	74	2	64	1.74e-09	54.4
tr|A0A0E1NSG3|A0A0E1NSG3_YERPA	GCF_003855395.1_WP_124730567.1	25.352	86	88	77	71	48	2	9	74	3	73	2.46e-09	54.4
tr|A0A0E1NSG3|A0A0E1NSG3_YERPA	GCF_017742995.1_WP_247749573.1	50.000	86	48	42	36	18	0	10	45	2	37	3.20e-09	53.6
tr|A0A0E1NSG3|A0A0E1NSG3_YERPA	GCF_023650495.1_WP_250655372.1	28.302	86	88	57	53	34	1	8	56	3	55	3.63e-09	54.2
tr|A0A0E1NSG3|A0A0E1NSG3_YERPA	GCF_001444405.1_WP_058032142.1	28.788	86	87	76	66	46	1	10	74	2	67	4.95e-09	53.9
tr|A0A0E1NSG3|A0A0E1NSG3_YERPA	GCF_011398155.1_WP_173291533.1	19.697	86	71	76	66	49	2	10	74	3	65	1.19e-08	52.5
tr|A0A0E1NSG3|A0A0E1NSG3_YERPA	GCF_006385555.1_WP_140234395.1	34.043	86	87	52	47	29	1	9	53	3	49	1.37e-08	52.8
tr|A0A0E1NSG3|A0A0E1NSG3_YERPA	GCF_000018285.1_WP_012155987.1	20.202	86	102	85	99	53	3	11	83	3	101	1.41e-08	52.8
tr|A0A0E1NSG3|A0A0E1NSG3_YERPA	GCF_003346815.1_WP_114840344.1	22.973	86	84	83	74	51	3	4	74	1	71	1.84e-08	52.2
tr|A0A0E1NSG3|A0A0E1NSG3_YERPA	GCF_020511155.1_WP_226415657.1	17.333	86	87	81	75	57	2	8	77	3	77	7.62e-08	50.8
tr|A0A0E1NSG3|A0A0E1NSG3_YERPA	GCF_013283835.1_WP_071628250.1	22.973	86	81	83	74	51	2	4	74	1	71	3.10e-07	49.1
tr|A0A0E1NSG3|A0A0E1NSG3_YERPA	GCF_002309535.1_WP_096047558.1	23.077	86	88	87	78	54	2	9	83	4	78	4.64e-07	48.8
tr|A0A0E1NSG3|A0A0E1NSG3_YERPA	GCF_000568815.1_WP_025346049.1	25.714	86	76	78	70	46	2	8	74	3	69	1.49e-06	47.1
tr|A0A0E1NSG3|A0A0E1NSG3_YERPA	GCF_011764585.1_WP_188200227.1	26.316	86	63	60	57	37	2	22	73	1	57	2.08e-06	46.6
tr|A0A0E1NSG3|A0A0E1NSG3_YERPA	GCF_000013765.1_WP_011496543.1	24.286	86	106	76	70	48	2	10	74	23	92	2.21e-06	47.4
tr|A0A0E1NSG3|A0A0E1NSG3_YERPA	GCF_009931655.1_WP_161888514.1	18.987	86	89	87	79	57	2	3	77	1	76	2.24e-06	47.1
tr|A0A0E1NSG3|A0A0E1NSG3_YERPA	GCF_001723605.1_WP_069479051.1	26.471	86	76	76	68	44	2	10	74	5	69	2.95e-06	46.6
tr|A0A0E1NSG3|A0A0E1NSG3_YERPA	GCF_000242635.2_WP_014682426.1	22.581	86	83	67	62	41	2	14	71	11	69	4.47e-06	46.0
tr|A0A0E1NSG3|A0A0E1NSG3_YERPA	GCF_000265295.1_WP_014770430.1	24.286	86	76	78	70	47	2	8	74	3	69	6.41e-06	45.7
tr|A0A0E1NSG3|A0A0E1NSG3_YERPA	GCF_005281475.1_WP_137401239.1	22.222	86	81	80	72	50	3	6	74	2	70	7.08e-06	45.7
tr|A0A0E1NSG3|A0A0E1NSG3_YERPA	GCF_001027285.1_WP_047859305.1	24.000	86	80	58	50	38	0	12	61	12	61	7.61e-06	45.4
tr|A0A0E1NSG3|A0A0E1NSG3_YERPA	GCF_014217805.1_WP_185274331.1	18.919	86	91	81	74	53	2	5	74	6	76	7.89e-06	45.7
tr|A0A0E1NSG3|A0A0E1NSG3_YERPA	GCF_006575665.1_WP_141613356.1	22.222	86	81	80	72	50	3	6	74	2	70	1.85e-05	44.6
tr|A0A0E1NSG3|A0A0E1NSG3_YERPA	GCF_000484535.1_WP_023173213.1	26.562	86	91	73	64	46	1	12	74	24	87	1.99e-05	44.6
tr|A0A0E1NSG3|A0A0E1NSG3_YERPA	GCF_014075995.1_WP_182414414.1	19.737	86	91	84	76	54	2	3	74	4	76	2.44e-05	44.3
tr|A0A0E1NSG3|A0A0E1NSG3_YERPA	GCF_002116735.1_WP_041332374.1	20.000	86	86	83	75	53	2	4	74	7	78	2.78e-05	44.0
tr|A0A0E1NSG3|A0A0E1NSG3_YERPA	GCF_003260975.1_WP_112783789.1	22.222	86	81	80	72	50	3	6	74	2	70	2.95e-05	44.0
tr|A0A0E1NSG3|A0A0E1NSG3_YERPA	GCF_019931735.1_WP_223417223.1	27.907	86	87	50	43	31	0	10	52	4	46	5.99e-05	43.2
tr|A0A0E1NSG3|A0A0E1NSG3_YERPA	GCF_021018745.1_WP_230843504.1	26.562	86	92	73	64	46	1	12	74	24	87	2.07e-04	42.1
tr|A0A0E1NSG3|A0A0E1NSG3_YERPA	GCF_009937995.1_WP_162085741.1	25.926	86	82	86	81	52	4	3	76	1	80	4.21e-04	40.9
tr|A0A0E1NSG3|A0A0E1NSG3_YERPA	GCF_000017845.1_WP_009544142.1	35.294	86	813	79	68	31	2	15	82	377	431	5.69e-04	43.2
tr|A0A0E1NSG3|A0A0E1NSG3_YERPA	GCF_000011385.1_WP_011141833.1	26.562	86	92	73	64	46	1	12	74	24	87	6.54e-04	40.7
tr|A0A0E1NSG3|A0A0E1NSG3_YERPA	GCF_003143555.1_WP_109340539.1	18.182	86	84	73	66	51	2	12	74	5	70	0.002	39.5
tr|A0A0E1NSG3|A0A0E1NSG3_YERPA	GCF_018388465.1_WP_208290210.1	27.692	86	316	72	65	44	2	16	77	139	203	0.003	41.2
tr|A0A0E1NSG3|A0A0E1NSG3_YERPA	GCF_009938015.1_WP_147074368.1	22.222	86	82	86	81	55	5	3	76	1	80	0.003	39.0
tr|A0A0E1NSG3|A0A0E1NSG3_YERPA	GCF_001263175.1_WP_050726405.1	28.889	86	81	52	45	32	0	12	56	12	56	0.008	37.8
# PSIBLAST 2.13.0+
# Iteration: 4
# Query: tr|A0A0E1NSG3|A0A0E1NSG3_YERPA Rho-binding antiterminator OS=Yersinia pestis bv. Antiqua (strain Antiqua) OX=360102 GN=YPA_0540 PE=4 SV=1
# Database: db/chosen-bacteria_proteome_exDup
# Fields: query id, subject id, % identity, query length, subject length, % query coverage per subject, alignment length, mismatches, gap opens, q. start, q. end, s. start, s. end, evalue, bit score
# 464 hits found
tr|A0A0E1NSG3|A0A0E1NSG3_YERPA	GCF_001461805.1_WP_013367515.1	75.581	86	86	100	86	21	0	1	86	1	86	2.04e-40	133
tr|A0A0E1NSG3|A0A0E1NSG3_YERPA	GCF_001518835.1_WP_059308693.1	75.581	86	86	100	86	21	0	1	86	1	86	3.52e-40	133
tr|A0A0E1NSG3|A0A0E1NSG3_YERPA	GCF_009176645.1_WP_152083529.1	76.744	86	86	100	86	20	0	1	86	1	86	3.61e-40	133
tr|A0A0E1NSG3|A0A0E1NSG3_YERPA	GCF_009036245.1_WP_025756830.1	75.581	86	86	100	86	21	0	1	86	1	86	3.87e-40	132
tr|A0A0E1NSG3|A0A0E1NSG3_YERPA	GCF_021172065.1_WP_015965827.1	73.256	86	86	100	86	23	0	1	86	1	86	4.36e-40	132
tr|A0A0E1NSG3|A0A0E1NSG3_YERPA	GCF_020097475.1_WP_000062318.1	75.581	86	86	100	86	21	0	1	86	1	86	5.00e-40	132
tr|A0A0E1NSG3|A0A0E1NSG3_YERPA	GCF_001683395.1_WP_017458015.1	70.930	86	86	100	86	25	0	1	86	1	86	1.20e-39	131
tr|A0A0E1NSG3|A0A0E1NSG3_YERPA	GCF_003594935.2_WP_006173581.1	77.907	86	86	100	86	19	0	1	86	1	86	1.22e-39	131
tr|A0A0E1NSG3|A0A0E1NSG3_YERPA	GCF_001658025.2_WP_007373243.1	70.930	86	86	100	86	25	0	1	86	1	86	1.40e-39	131
tr|A0A0E1NSG3|A0A0E1NSG3_YERPA	GCF_000224675.1_WP_010426685.1	77.907	86	86	100	86	19	0	1	86	1	86	1.57e-39	131
tr|A0A0E1NSG3|A0A0E1NSG3_YERPA	GCF_007632255.1_WP_015368146.1	73.256	86	86	100	86	23	0	1	86	1	86	1.61e-39	131
tr|A0A0E1NSG3|A0A0E1NSG3_YERPA	GCF_027886705.1_WP_061497537.1	73.256	86	86	100	86	23	0	1	86	1	86	1.70e-39	131
tr|A0A0E1NSG3|A0A0E1NSG3_YERPA	GCF_001022135.1_WP_039078449.1	76.744	86	86	100	86	20	0	1	86	1	86	1.78e-39	131
tr|A0A0E1NSG3|A0A0E1NSG3_YERPA	GCF_000006925.2_NP_706134.1	74.419	86	86	100	86	22	0	1	86	1	86	1.88e-39	131
tr|A0A0E1NSG3|A0A0E1NSG3_YERPA	GCF_015137655.1_WP_028015593.1	76.744	86	86	100	86	20	0	1	86	1	86	2.04e-39	131
tr|A0A0E1NSG3|A0A0E1NSG3_YERPA	GCF_025914095.1_WP_031518416.1	76.744	86	86	100	86	20	0	1	86	1	86	2.83e-39	130
tr|A0A0E1NSG3|A0A0E1NSG3_YERPA	GCF_001729805.1_WP_008501890.1	75.581	86	86	100	86	21	0	1	86	1	86	2.87e-39	130
tr|A0A0E1NSG3|A0A0E1NSG3_YERPA	GCF_023195735.1_WP_035891978.1	72.093	86	86	100	86	24	0	1	86	1	86	3.21e-39	130
tr|A0A0E1NSG3|A0A0E1NSG3_YERPA	GCF_009363135.1_WP_090122691.1	70.930	86	86	100	86	25	0	1	86	1	86	3.88e-39	130
tr|A0A0E1NSG3|A0A0E1NSG3_YERPA	GCF_001750725.1_WP_014168720.1	77.907	86	86	100	86	19	0	1	86	1	86	4.52e-39	130
tr|A0A0E1NSG3|A0A0E1NSG3_YERPA	GCF_019048625.1_WP_023305471.1	76.744	86	86	100	86	20	0	1	86	1	86	4.93e-39	130
tr|A0A0E1NSG3|A0A0E1NSG3_YERPA	GCF_009649915.1_WP_062772223.1	70.930	86	86	100	86	25	0	1	86	1	86	5.34e-39	130
tr|A0A0E1NSG3|A0A0E1NSG3_YERPA	GCF_001277255.1_WP_007666633.1	70.930	86	86	100	86	25	0	1	86	1	86	7.10e-39	129
tr|A0A0E1NSG3|A0A0E1NSG3_YERPA	GCF_004684345.1_WP_135323069.1	73.256	86	86	100	86	23	0	1	86	1	86	8.20e-39	129
tr|A0A0E1NSG3|A0A0E1NSG3_YERPA	GCF_001558935.2_WP_042323659.1	73.256	86	86	100	86	23	0	1	86	1	86	8.80e-39	129
tr|A0A0E1NSG3|A0A0E1NSG3_YERPA	GCF_022637515.1_WP_064539750.1	72.093	86	86	100	86	24	0	1	86	1	86	9.53e-39	129
tr|A0A0E1NSG3|A0A0E1NSG3_YERPA	GCF_021278985.1_WP_012904575.1	74.419	86	86	100	86	22	0	1	86	1	86	9.53e-39	129
tr|A0A0E1NSG3|A0A0E1NSG3_YERPA	GCF_016904755.1_WP_059234959.1	75.294	86	86	99	85	21	0	1	85	1	85	9.69e-39	129
tr|A0A0E1NSG3|A0A0E1NSG3_YERPA	GCF_003812345.1_WP_003018503.1	72.093	86	86	100	86	24	0	1	86	1	86	9.69e-39	129
tr|A0A0E1NSG3|A0A0E1NSG3_YERPA	GCF_004353845.1_WP_103768334.1	70.930	86	86	100	86	25	0	1	86	1	86	1.21e-38	129
tr|A0A0E1NSG3|A0A0E1NSG3_YERPA	GCF_001277175.1_WP_007760020.1	70.930	86	86	100	86	25	0	1	86	1	86	1.27e-38	129
tr|A0A0E1NSG3|A0A0E1NSG3_YERPA	GCF_018128425.1_WP_042289833.1	75.581	86	86	100	86	21	0	1	86	1	86	1.35e-38	128
tr|A0A0E1NSG3|A0A0E1NSG3_YERPA	GCF_900638065.1_WP_048212636.1	72.093	86	86	100	86	24	0	1	86	1	86	1.38e-38	128
tr|A0A0E1NSG3|A0A0E1NSG3_YERPA	GCF_001277195.1_WP_032966924.1	70.930	86	86	100	86	25	0	1	86	1	86	1.74e-38	128
tr|A0A0E1NSG3|A0A0E1NSG3_YERPA	GCF_000240185.1_YP_005225236.1	74.419	86	86	100	86	22	0	1	86	1	86	1.92e-38	128
tr|A0A0E1NSG3|A0A0E1NSG3_YERPA	GCF_003261575.2_WP_110272453.1	73.256	86	86	100	86	23	0	1	86	1	86	2.08e-38	128
tr|A0A0E1NSG3|A0A0E1NSG3_YERPA	GCF_001277215.2_WP_007776988.1	70.930	86	86	100	86	25	0	1	86	1	86	2.44e-38	128
tr|A0A0E1NSG3|A0A0E1NSG3_YERPA	GCF_003812925.1_WP_004107903.1	70.930	86	86	100	86	25	0	1	86	1	86	2.53e-38	128
tr|A0A0E1NSG3|A0A0E1NSG3_YERPA	GCF_018139045.1_WP_004129134.1	70.930	86	86	100	86	25	0	1	86	1	86	2.64e-38	128
tr|A0A0E1NSG3|A0A0E1NSG3_YERPA	GCF_002393445.1_WP_061273728.1	72.941	86	86	99	85	23	0	1	85	1	85	2.64e-38	128
tr|A0A0E1NSG3|A0A0E1NSG3_YERPA	GCF_000834395.1_WP_042546713.1	97.674	86	86	100	86	2	0	1	86	1	86	3.17e-38	128
tr|A0A0E1NSG3|A0A0E1NSG3_YERPA	GCF_009648935.1_WP_047417117.1	70.930	86	86	100	86	25	0	1	86	1	86	3.35e-38	128
tr|A0A0E1NSG3|A0A0E1NSG3_YERPA	GCF_015139575.1_WP_004098776.1	72.093	86	86	100	86	24	0	1	86	1	86	3.86e-38	127
tr|A0A0E1NSG3|A0A0E1NSG3_YERPA	GCF_006711645.1_WP_100682484.1	70.930	86	86	100	86	25	0	1	86	1	86	4.18e-38	127
tr|A0A0E1NSG3|A0A0E1NSG3_YERPA	GCF_012029655.1_WP_041144145.1	72.093	86	86	100	86	24	0	1	86	1	86	5.06e-38	127
tr|A0A0E1NSG3|A0A0E1NSG3_YERPA	GCF_022637595.1_WP_004858152.1	73.256	86	86	100	86	23	0	1	86	1	86	5.48e-38	127
tr|A0A0E1NSG3|A0A0E1NSG3_YERPA	GCF_004124235.1_WP_025377303.1	98.837	86	86	100	86	1	0	1	86	1	86	6.47e-38	127
tr|A0A0E1NSG3|A0A0E1NSG3_YERPA	GCF_003935895.2_WP_110510858.1	71.765	86	86	99	85	24	0	1	85	1	85	7.06e-38	127
tr|A0A0E1NSG3|A0A0E1NSG3_YERPA	GCF_013234275.1_WP_172895488.1	70.930	86	86	100	86	25	0	1	86	1	86	8.09e-38	127
tr|A0A0E1NSG3|A0A0E1NSG3_YERPA	GCF_900635955.1_WP_126357486.1	74.118	86	86	99	85	22	0	1	85	1	85	9.11e-38	127
tr|A0A0E1NSG3|A0A0E1NSG3_YERPA	GCF_000222975.1_WP_002218374.1	100.000	86	86	100	86	0	0	1	86	1	86	9.40e-38	127
tr|A0A0E1NSG3|A0A0E1NSG3_YERPA	GCF_000018045.1_WP_024130681.1	70.930	86	86	100	86	25	0	1	86	1	86	1.03e-37	126
tr|A0A0E1NSG3|A0A0E1NSG3_YERPA	GCF_013282725.1_WP_032813813.1	96.512	86	86	100	86	3	0	1	86	1	86	1.06e-37	126
tr|A0A0E1NSG3|A0A0E1NSG3_YERPA	GCF_024224615.1_WP_125293588.1	72.941	86	86	99	85	23	0	1	85	1	85	1.15e-37	126
tr|A0A0E1NSG3|A0A0E1NSG3_YERPA	GCF_002163605.1_WP_157665988.1	74.419	86	86	100	86	22	0	1	86	1	86	1.36e-37	126
tr|A0A0E1NSG3|A0A0E1NSG3_YERPA	GCF_000439255.1_WP_000062328.1	76.744	86	86	100	86	20	0	1	86	1	86	1.36e-37	126
tr|A0A0E1NSG3|A0A0E1NSG3_YERPA	GCF_000005845.2_NP_414731.2	73.810	86	84	98	84	22	0	3	86	1	84	1.40e-37	126
tr|A0A0E1NSG3|A0A0E1NSG3_YERPA	GCF_000834455.1_WP_032817050.1	98.837	86	86	100	86	1	0	1	86	1	86	1.49e-37	126
tr|A0A0E1NSG3|A0A0E1NSG3_YERPA	GCF_025133195.1_WP_032910235.1	91.860	86	86	100	86	7	0	1	86	1	86	1.51e-37	126
tr|A0A0E1NSG3|A0A0E1NSG3_YERPA	GCF_011068345.1_WP_002436992.1	70.588	86	86	99	85	25	0	1	85	1	85	1.53e-37	126
tr|A0A0E1NSG3|A0A0E1NSG3_YERPA	GCF_025758125.1_WP_023480196.1	70.930	86	86	100	86	25	0	1	86	1	86	2.25e-37	125
tr|A0A0E1NSG3|A0A0E1NSG3_YERPA	GCF_005484945.1_WP_137712817.1	74.419	86	86	100	86	22	0	1	86	1	86	2.77e-37	125
tr|A0A0E1NSG3|A0A0E1NSG3_YERPA	GCF_000010085.1_WP_011411656.1	66.667	86	86	98	84	28	0	1	84	1	84	2.95e-37	125
tr|A0A0E1NSG3|A0A0E1NSG3_YERPA	GCF_900095885.1_WP_035340381.1	74.419	86	86	100	86	22	0	1	86	1	86	3.12e-37	125
tr|A0A0E1NSG3|A0A0E1NSG3_YERPA	GCF_021276285.1_WP_095923198.1	82.143	86	86	98	84	15	0	1	84	1	84	3.12e-37	125
tr|A0A0E1NSG3|A0A0E1NSG3_YERPA	GCF_012427845.1_WP_012773648.1	72.093	86	86	100	86	24	0	1	86	1	86	3.38e-37	125
tr|A0A0E1NSG3|A0A0E1NSG3_YERPA	GCF_000517425.1_WP_025421126.1	67.857	86	86	98	84	27	0	1	84	1	84	3.41e-37	125
tr|A0A0E1NSG3|A0A0E1NSG3_YERPA	GCF_000006945.2_NP_459242.1	73.256	86	86	100	86	23	0	1	86	1	86	3.99e-37	125
tr|A0A0E1NSG3|A0A0E1NSG3_YERPA	GCF_009730055.1_WP_032906500.1	98.837	86	86	100	86	1	0	1	86	1	86	4.68e-37	125
tr|A0A0E1NSG3|A0A0E1NSG3_YERPA	GCF_002288545.1_WP_029367608.1	73.256	86	86	100	86	23	0	1	86	1	86	4.83e-37	125
tr|A0A0E1NSG3|A0A0E1NSG3_YERPA	GCF_019797845.1_WP_222158377.1	69.767	86	86	100	86	26	0	1	86	1	86	5.49e-37	125
tr|A0A0E1NSG3|A0A0E1NSG3_YERPA	GCF_002953195.1_WP_038628016.1	62.791	86	87	100	86	32	0	1	86	1	86	6.61e-37	124
tr|A0A0E1NSG3|A0A0E1NSG3_YERPA	GCF_017498685.1_WP_038245151.1	91.860	86	86	100	86	7	0	1	86	1	86	7.91e-37	124
tr|A0A0E1NSG3|A0A0E1NSG3_YERPA	GCF_000520015.2_WP_024910172.1	73.256	86	87	100	86	23	0	1	86	1	86	9.52e-37	124
tr|A0A0E1NSG3|A0A0E1NSG3_YERPA	GCF_022637475.1_WP_013574214.1	80.952	86	86	98	84	16	0	1	84	1	84	9.65e-37	124
tr|A0A0E1NSG3|A0A0E1NSG3_YERPA	GCF_009914055.1_WP_160619715.1	66.279	86	87	100	86	29	0	1	86	1	86	9.75e-37	124
tr|A0A0E1NSG3|A0A0E1NSG3_YERPA	GCF_009873295.1_WP_039312412.1	73.256	86	86	100	86	23	0	1	86	1	86	1.21e-36	124
tr|A0A0E1NSG3|A0A0E1NSG3_YERPA	GCF_000233595.1_WP_013024706.1	65.882	86	86	99	85	29	0	1	85	1	85	1.37e-36	123
tr|A0A0E1NSG3|A0A0E1NSG3_YERPA	GCF_015999465.1_WP_085688159.1	69.412	86	86	99	85	26	0	1	85	1	85	1.48e-36	123
tr|A0A0E1NSG3|A0A0E1NSG3_YERPA	GCF_002101395.1_WP_085067900.1	62.791	86	87	100	86	32	0	1	86	1	86	1.49e-36	123
tr|A0A0E1NSG3|A0A0E1NSG3_YERPA	GCF_017569925.1_WP_208228065.1	74.419	86	86	100	86	22	0	1	86	1	86	1.61e-36	123
tr|A0A0E1NSG3|A0A0E1NSG3_YERPA	GCF_003515985.1_WP_085653101.1	70.588	86	86	99	85	25	0	1	85	1	85	1.87e-36	123
tr|A0A0E1NSG3|A0A0E1NSG3_YERPA	GCF_001642805.2_WP_004931991.1	74.419	86	87	100	86	22	0	1	86	1	86	2.30e-36	123
tr|A0A0E1NSG3|A0A0E1NSG3_YERPA	GCF_016026735.1_WP_015673540.1	73.256	86	87	100	86	23	0	1	86	1	86	2.45e-36	123
tr|A0A0E1NSG3|A0A0E1NSG3_YERPA	GCF_000740965.1_WP_011092648.1	72.093	86	86	100	86	24	0	1	86	1	86	2.49e-36	123
tr|A0A0E1NSG3|A0A0E1NSG3_YERPA	GCF_009931295.1_WP_161528353.1	72.093	86	86	100	86	24	0	1	86	1	86	2.67e-36	123
tr|A0A0E1NSG3|A0A0E1NSG3_YERPA	GCF_000025065.1_WP_012883679.1	70.588	86	86	99	85	25	0	1	85	1	85	2.73e-36	123
tr|A0A0E1NSG3|A0A0E1NSG3_YERPA	GCF_021462285.1_WP_234585968.1	74.419	86	87	100	86	22	0	1	86	1	86	2.76e-36	123
tr|A0A0E1NSG3|A0A0E1NSG3_YERPA	GCF_000023545.1_WP_015854637.1	70.930	86	86	100	86	25	0	1	86	1	86	2.78e-36	123
tr|A0A0E1NSG3|A0A0E1NSG3_YERPA	GCF_000262305.1_WP_002441069.1	70.930	86	86	100	86	25	0	1	86	1	86	2.82e-36	123
tr|A0A0E1NSG3|A0A0E1NSG3_YERPA	GCF_020181655.1_WP_225087160.1	72.093	86	86	100	86	24	0	1	86	1	86	3.36e-36	123
tr|A0A0E1NSG3|A0A0E1NSG3_YERPA	GCF_900187015.1_WP_061796701.1	74.419	86	87	100	86	22	0	1	86	1	86	3.68e-36	122
tr|A0A0E1NSG3|A0A0E1NSG3_YERPA	GCF_002291445.1_WP_048635886.1	74.419	86	86	100	86	22	0	1	86	1	86	3.79e-36	122
tr|A0A0E1NSG3|A0A0E1NSG3_YERPA	GCF_023517775.1_WP_249893541.1	65.116	86	87	100	86	30	0	1	86	1	86	4.31e-36	122
tr|A0A0E1NSG3|A0A0E1NSG3_YERPA	GCF_003019925.1_WP_162185254.1	77.381	86	86	98	84	19	0	1	84	1	84	4.47e-36	122
tr|A0A0E1NSG3|A0A0E1NSG3_YERPA	GCF_009817885.1_WP_105232289.1	72.093	86	87	100	86	24	0	1	86	1	86	5.60e-36	122
tr|A0A0E1NSG3|A0A0E1NSG3_YERPA	GCF_000023565.1_WP_012770818.1	71.765	86	86	99	85	24	0	1	85	1	85	5.91e-36	122
tr|A0A0E1NSG3|A0A0E1NSG3_YERPA	GCF_001742185.1_WP_005975933.1	72.093	86	86	100	86	24	0	1	86	1	86	6.35e-36	122
tr|A0A0E1NSG3|A0A0E1NSG3_YERPA	GCF_011044475.1_WP_033740322.1	67.059	86	86	99	85	28	0	1	85	1	85	7.04e-36	122
tr|A0A0E1NSG3|A0A0E1NSG3_YERPA	GCF_007858975.2_WP_042869176.1	70.588	86	86	99	85	25	0	1	85	1	85	7.99e-36	121
tr|A0A0E1NSG3|A0A0E1NSG3_YERPA	GCF_005484965.1_WP_009114129.1	76.744	86	86	100	86	20	0	1	86	1	86	8.72e-36	121
tr|A0A0E1NSG3|A0A0E1NSG3_YERPA	GCF_020079945.1_WP_039382769.1	63.529	86	87	99	85	31	0	1	85	1	85	8.88e-36	121
tr|A0A0E1NSG3|A0A0E1NSG3_YERPA	GCF_000264765.2_WP_034163237.1	69.767	86	86	100	86	26	0	1	86	1	86	1.30e-35	121
tr|A0A0E1NSG3|A0A0E1NSG3_YERPA	GCF_003992745.1_WP_014700896.1	69.767	86	86	100	86	26	0	1	86	1	86	1.42e-35	121
tr|A0A0E1NSG3|A0A0E1NSG3_YERPA	GCF_011617105.1_WP_025800203.1	76.744	86	86	100	86	20	0	1	86	1	86	1.53e-35	121
tr|A0A0E1NSG3|A0A0E1NSG3_YERPA	GCF_020150375.1_WP_004094310.1	77.907	86	86	100	86	19	0	1	86	1	86	2.94e-35	120
tr|A0A0E1NSG3|A0A0E1NSG3_YERPA	GCF_019890955.1_WP_211725887.1	62.353	86	87	99	85	32	0	1	85	1	85	3.60e-35	120
tr|A0A0E1NSG3|A0A0E1NSG3_YERPA	GCF_000026185.1_WP_012440659.1	58.824	86	87	99	85	35	0	1	85	1	85	3.90e-35	120
tr|A0A0E1NSG3|A0A0E1NSG3_YERPA	GCF_000196615.1_WP_013200864.1	60.465	86	87	100	86	34	0	1	86	1	86	4.35e-35	120
tr|A0A0E1NSG3|A0A0E1NSG3_YERPA	GCF_002812485.1_WP_038661467.1	71.765	86	86	99	85	24	0	1	85	1	85	4.63e-35	119
tr|A0A0E1NSG3|A0A0E1NSG3_YERPA	GCF_022647505.1_WP_128179458.1	61.628	86	87	100	86	33	0	1	86	1	86	5.19e-35	119
tr|A0A0E1NSG3|A0A0E1NSG3_YERPA	GCF_000147055.1_WP_022632468.1	70.588	86	86	99	85	25	0	1	85	1	85	8.47e-35	119
tr|A0A0E1NSG3|A0A0E1NSG3_YERPA	GCF_001010285.1_WP_046974061.1	76.744	86	88	100	86	20	0	1	86	1	86	8.58e-35	119
tr|A0A0E1NSG3|A0A0E1NSG3_YERPA	GCF_021733145.1_WP_012847629.1	69.048	86	86	98	84	26	0	1	84	1	84	1.19e-34	119
tr|A0A0E1NSG3|A0A0E1NSG3_YERPA	GCF_004792415.1_WP_013356856.1	61.905	86	86	98	84	32	0	1	84	1	84	1.26e-34	118
tr|A0A0E1NSG3|A0A0E1NSG3_YERPA	GCF_002291425.1_WP_095847471.1	70.930	86	87	100	86	25	0	1	86	1	86	1.49e-34	118
tr|A0A0E1NSG3|A0A0E1NSG3_YERPA	GCF_003403135.1_WP_024104894.1	70.588	86	86	99	85	25	0	1	85	1	85	1.70e-34	118
tr|A0A0E1NSG3|A0A0E1NSG3_YERPA	GCF_017348915.1_WP_040077077.1	75.581	86	86	100	86	21	0	1	86	1	86	2.40e-34	118
tr|A0A0E1NSG3|A0A0E1NSG3_YERPA	GCF_019090985.1_WP_036781226.1	73.256	86	88	100	86	23	0	1	86	1	86	2.43e-34	118
tr|A0A0E1NSG3|A0A0E1NSG3_YERPA	GCF_902387845.1_WP_004237241.1	67.442	86	88	100	86	28	0	1	86	1	86	4.70e-34	117
tr|A0A0E1NSG3|A0A0E1NSG3_YERPA	GCF_000196475.1_WP_012776850.1	73.256	86	88	100	86	23	0	1	86	1	86	4.93e-34	117
tr|A0A0E1NSG3|A0A0E1NSG3_YERPA	GCF_025946765.1_WP_264497926.1	66.279	86	86	100	86	29	0	1	86	1	86	5.02e-34	117
tr|A0A0E1NSG3|A0A0E1NSG3_YERPA	GCF_019047765.1_WP_040230035.1	72.093	86	86	100	86	24	0	1	86	1	86	5.61e-34	117
tr|A0A0E1NSG3|A0A0E1NSG3_YERPA	GCF_000196155.1_WP_011145066.1	72.093	86	88	100	86	24	0	1	86	1	86	6.72e-34	117
tr|A0A0E1NSG3|A0A0E1NSG3_YERPA	GCF_020541225.1_WP_226811316.1	58.333	86	86	98	84	35	0	1	84	1	84	9.19e-34	116
tr|A0A0E1NSG3|A0A0E1NSG3_YERPA	GCF_019048385.1_WP_062759648.1	60.714	86	86	98	84	33	0	1	84	1	84	9.95e-34	116
tr|A0A0E1NSG3|A0A0E1NSG3_YERPA	GCF_022592395.1_WP_047255099.1	60.465	86	87	100	86	34	0	1	86	1	86	1.11e-33	116
tr|A0A0E1NSG3|A0A0E1NSG3_YERPA	GCF_009646115.1_WP_008925644.1	61.905	86	86	98	84	32	0	1	84	1	84	1.40e-33	116
tr|A0A0E1NSG3|A0A0E1NSG3_YERPA	GCF_020683125.1_WP_133842177.1	62.069	86	88	100	87	32	1	1	86	1	87	1.50e-33	116
tr|A0A0E1NSG3|A0A0E1NSG3_YERPA	GCF_000517405.1_WP_038469034.1	65.432	86	83	94	81	28	0	4	84	1	81	2.00e-33	115
tr|A0A0E1NSG3|A0A0E1NSG3_YERPA	GCF_000091565.1_WP_004159420.1	59.524	86	87	98	84	34	0	1	84	1	84	2.51e-33	115
tr|A0A0E1NSG3|A0A0E1NSG3_YERPA	GCF_003204135.1_WP_004908806.1	65.116	86	87	100	86	30	0	1	86	1	86	2.53e-33	115
tr|A0A0E1NSG3|A0A0E1NSG3_YERPA	GCF_019844095.1_WP_062747070.1	64.368	86	88	100	87	30	1	1	86	1	87	2.72e-33	115
tr|A0A0E1NSG3|A0A0E1NSG3_YERPA	GCF_020268605.1_WP_180560445.1	65.116	86	88	100	86	30	0	1	86	1	86	3.51e-33	115
tr|A0A0E1NSG3|A0A0E1NSG3_YERPA	GCF_029277985.1_WP_154623766.1	69.767	86	87	100	86	26	0	1	86	1	86	3.67e-33	115
tr|A0A0E1NSG3|A0A0E1NSG3_YERPA	GCF_900475855.1_WP_068441311.1	67.442	86	87	100	86	28	0	1	86	1	86	3.91e-33	115
tr|A0A0E1NSG3|A0A0E1NSG3_YERPA	GCF_004768525.1_WP_026822068.1	66.279	86	88	100	86	29	0	1	86	1	86	4.11e-33	115
tr|A0A0E1NSG3|A0A0E1NSG3_YERPA	GCF_000261045.2_WP_006318653.1	67.442	86	87	100	86	28	0	1	86	1	86	4.34e-33	115
tr|A0A0E1NSG3|A0A0E1NSG3_YERPA	GCF_900638135.1_WP_012146468.1	66.279	86	87	100	86	29	0	1	86	1	86	4.96e-33	114
tr|A0A0E1NSG3|A0A0E1NSG3_YERPA	GCF_022647325.1_WP_111140597.1	59.524	86	86	98	84	34	0	1	84	1	84	5.20e-33	114
tr|A0A0E1NSG3|A0A0E1NSG3_YERPA	GCF_020342335.1_WP_067428135.1	59.302	86	87	100	86	35	0	1	86	1	86	5.51e-33	114
tr|A0A0E1NSG3|A0A0E1NSG3_YERPA	GCF_002843235.3_WP_102139922.1	66.279	86	87	100	86	29	0	1	86	1	86	7.51e-33	114
tr|A0A0E1NSG3|A0A0E1NSG3_YERPA	GCF_011045835.1_WP_075671674.1	59.524	86	86	98	84	34	0	1	84	1	84	7.55e-33	114
tr|A0A0E1NSG3|A0A0E1NSG3_YERPA	GCF_002393505.1_WP_006658392.1	63.953	86	87	100	86	31	0	1	86	1	86	8.52e-33	114
tr|A0A0E1NSG3|A0A0E1NSG3_YERPA	GCF_002504285.1_WP_005282992.1	67.442	86	86	100	86	28	0	1	86	1	86	9.97e-33	114
tr|A0A0E1NSG3|A0A0E1NSG3_YERPA	GCF_013460135.1_WP_180816665.1	62.791	86	88	100	86	32	0	1	86	1	86	1.14e-32	114
tr|A0A0E1NSG3|A0A0E1NSG3_YERPA	GCF_009831665.3_WP_006709226.1	62.791	86	87	100	86	32	0	1	86	1	86	1.31e-32	113
tr|A0A0E1NSG3|A0A0E1NSG3_YERPA	GCF_000069965.1_WP_004245453.1	58.333	86	86	98	84	35	0	1	84	1	84	1.38e-32	113
tr|A0A0E1NSG3|A0A0E1NSG3_YERPA	GCF_017743015.1_WP_209027287.1	68.605	86	88	100	86	27	0	1	86	1	86	1.45e-32	113
tr|A0A0E1NSG3|A0A0E1NSG3_YERPA	GCF_021365465.1_WP_016190321.1	62.791	86	87	100	86	32	0	1	86	1	86	1.50e-32	113
tr|A0A0E1NSG3|A0A0E1NSG3_YERPA	GCF_022369495.1_WP_072064250.1	58.333	86	86	98	84	35	0	1	84	1	84	1.64e-32	113
tr|A0A0E1NSG3|A0A0E1NSG3_YERPA	GCF_000968195.1_WP_045972480.1	66.667	86	87	100	87	28	1	1	86	1	87	1.66e-32	113
tr|A0A0E1NSG3|A0A0E1NSG3_YERPA	GCF_000214235.1_WP_004952197.1	67.857	86	85	98	84	27	0	3	86	1	84	2.73e-32	112
tr|A0A0E1NSG3|A0A0E1NSG3_YERPA	GCF_016026395.1_WP_024524235.1	66.279	86	86	100	86	29	0	1	86	1	86	4.27e-32	112
tr|A0A0E1NSG3|A0A0E1NSG3_YERPA	GCF_001006005.1_WP_223499701.1	67.857	86	85	98	84	27	0	3	86	1	84	6.29e-32	112
tr|A0A0E1NSG3|A0A0E1NSG3_YERPA	GCF_002952315.1_WP_012667243.1	60.000	86	87	99	85	34	0	1	85	1	85	7.06e-32	112
tr|A0A0E1NSG3|A0A0E1NSG3_YERPA	GCF_008364325.2_WP_230090436.1	66.667	86	85	98	84	28	0	3	86	1	84	8.37e-32	111
tr|A0A0E1NSG3|A0A0E1NSG3_YERPA	GCF_001721185.1_WP_069317984.1	66.279	86	87	100	86	29	0	1	86	1	86	8.61e-32	111
tr|A0A0E1NSG3|A0A0E1NSG3_YERPA	GCF_004295645.1_WP_228350951.1	68.966	86	88	100	87	26	1	1	86	1	87	3.18e-31	110
tr|A0A0E1NSG3|A0A0E1NSG3_YERPA	GCF_900478135.1_WP_111739359.1	70.115	86	88	100	87	25	1	1	86	1	87	4.88e-31	109
tr|A0A0E1NSG3|A0A0E1NSG3_YERPA	GCF_004116975.1_WP_064720954.1	60.714	86	86	98	84	33	0	1	84	1	84	5.38e-31	109
tr|A0A0E1NSG3|A0A0E1NSG3_YERPA	GCF_000968175.1_WP_045959360.1	63.218	86	88	100	87	31	1	1	86	1	87	5.76e-31	109
tr|A0A0E1NSG3|A0A0E1NSG3_YERPA	GCF_014295015.1_WP_013185414.1	66.667	86	87	100	87	28	1	1	86	1	87	6.33e-31	109
tr|A0A0E1NSG3|A0A0E1NSG3_YERPA	GCF_003096015.2_WP_230514010.1	68.966	86	88	100	87	26	1	1	86	1	87	8.31e-31	109
tr|A0A0E1NSG3|A0A0E1NSG3_YERPA	GCF_005671395.1_WP_138095872.1	64.103	86	86	91	78	28	0	1	78	1	78	1.64e-30	108
tr|A0A0E1NSG3|A0A0E1NSG3_YERPA	GCF_004353845.1_WP_103770713.1	32.184	86	93	100	87	58	1	1	86	1	87	2.10e-30	108
tr|A0A0E1NSG3|A0A0E1NSG3_YERPA	GCF_900638655.1_WP_047781753.1	70.115	86	88	100	87	25	1	1	86	1	87	3.06e-30	107
tr|A0A0E1NSG3|A0A0E1NSG3_YERPA	GCF_003074995.2_WP_015870269.1	62.651	86	86	97	83	31	0	1	83	1	83	3.68e-30	107
tr|A0A0E1NSG3|A0A0E1NSG3_YERPA	GCF_003812345.1_WP_121571778.1	33.333	86	94	100	87	57	1	1	86	1	87	7.27e-30	107
tr|A0A0E1NSG3|A0A0E1NSG3_YERPA	GCF_008693605.1_WP_223849061.1	32.558	86	95	99	86	57	1	1	85	2	87	3.60e-29	105
tr|A0A0E1NSG3|A0A0E1NSG3_YERPA	GCF_001597285.1_WP_061903727.1	32.500	86	92	92	80	53	1	4	82	1	80	4.28e-29	105
tr|A0A0E1NSG3|A0A0E1NSG3_YERPA	GCF_002355475.1_WP_004421315.1	39.506	86	91	93	81	48	1	3	82	1	81	1.05e-28	103
tr|A0A0E1NSG3|A0A0E1NSG3_YERPA	GCF_024205225.1_WP_195881696.1	31.250	86	90	92	80	54	1	4	82	1	80	2.24e-28	103
tr|A0A0E1NSG3|A0A0E1NSG3_YERPA	GCF_000733715.2_WP_017362912.1	31.250	86	90	92	80	54	1	4	82	1	80	2.61e-28	103
tr|A0A0E1NSG3|A0A0E1NSG3_YERPA	GCF_013200955.2_WP_173204463.1	32.099	86	91	93	81	54	1	3	82	1	81	3.43e-28	102
tr|A0A0E1NSG3|A0A0E1NSG3_YERPA	GCF_008693645.1_WP_137347870.1	31.034	86	89	100	87	59	1	1	86	1	87	5.90e-28	101
tr|A0A0E1NSG3|A0A0E1NSG3_YERPA	GCF_000297075.2_WP_003461742.1	31.250	86	90	92	80	54	1	4	82	1	80	6.20e-28	101
tr|A0A0E1NSG3|A0A0E1NSG3_YERPA	GCF_900682675.2_WP_069898892.1	33.750	86	94	92	80	52	1	4	82	1	80	8.75e-28	101
tr|A0A0E1NSG3|A0A0E1NSG3_YERPA	GCF_013409125.2_WP_099525265.1	31.250	86	90	92	80	54	1	4	82	1	80	9.23e-28	101
tr|A0A0E1NSG3|A0A0E1NSG3_YERPA	GCF_021029445.1_WP_230924827.1	29.114	86	89	92	79	56	0	4	82	1	79	2.57e-27	100
tr|A0A0E1NSG3|A0A0E1NSG3_YERPA	GCF_017167985.1_WP_093053415.1	32.500	86	92	92	80	53	1	4	82	1	80	7.49e-27	99.2
tr|A0A0E1NSG3|A0A0E1NSG3_YERPA	GCF_017167985.1_WP_079784061.1	32.500	86	90	92	80	53	1	4	82	1	80	7.70e-27	99.2
tr|A0A0E1NSG3|A0A0E1NSG3_YERPA	GCF_008807375.1_WP_151138908.1	40.741	86	91	93	81	47	1	3	82	1	81	8.29e-27	99.2
tr|A0A0E1NSG3|A0A0E1NSG3_YERPA	GCF_001708425.1_WP_055136127.1	31.250	86	94	92	80	54	1	4	82	1	80	1.06e-26	98.9
tr|A0A0E1NSG3|A0A0E1NSG3_YERPA	GCF_004684345.1_WP_135321947.1	33.333	86	93	93	81	53	1	1	80	1	81	1.10e-26	98.9
tr|A0A0E1NSG3|A0A0E1NSG3_YERPA	GCF_013423785.1_WP_180308358.1	34.091	86	88	98	88	54	1	1	84	1	88	1.26e-26	98.6
tr|A0A0E1NSG3|A0A0E1NSG3_YERPA	GCF_017915135.1_WP_210390879.1	30.000	86	90	92	80	55	1	4	82	1	80	1.35e-26	98.6
tr|A0A0E1NSG3|A0A0E1NSG3_YERPA	GCF_001594225.2_WP_064379396.1	33.750	86	92	92	80	52	1	4	82	1	80	1.54e-26	98.6
tr|A0A0E1NSG3|A0A0E1NSG3_YERPA	GCF_008033135.1_WP_148717358.1	26.582	86	87	92	79	58	0	4	82	1	79	1.91e-26	98.0
tr|A0A0E1NSG3|A0A0E1NSG3_YERPA	GCF_012767755.2_WP_173176508.1	31.250	86	91	92	80	51	2	4	82	1	77	2.86e-26	97.8
tr|A0A0E1NSG3|A0A0E1NSG3_YERPA	GCF_011397855.1_WP_044414183.1	36.250	86	90	92	80	50	1	4	82	1	80	3.22e-26	97.8
tr|A0A0E1NSG3|A0A0E1NSG3_YERPA	GCF_017329545.1_WP_047884589.1	35.294	86	95	98	85	54	1	3	86	1	85	9.22e-26	96.6
tr|A0A0E1NSG3|A0A0E1NSG3_YERPA	GCF_019047765.1_WP_040231149.1	30.233	86	89	99	86	59	1	1	85	1	86	1.29e-25	96.1
tr|A0A0E1NSG3|A0A0E1NSG3_YERPA	GCF_003957745.1_WP_126168493.1	35.000	86	87	92	80	51	1	4	82	1	80	1.71e-25	95.8
tr|A0A0E1NSG3|A0A0E1NSG3_YERPA	GCF_016834455.1_WP_203325205.1	35.000	86	86	92	80	51	1	4	82	1	80	1.76e-25	95.8
tr|A0A0E1NSG3|A0A0E1NSG3_YERPA	GCF_025402875.1_WP_011791024.1	31.250	86	90	92	80	54	1	4	82	1	80	2.50e-25	95.5
tr|A0A0E1NSG3|A0A0E1NSG3_YERPA	GCF_000178875.2_WP_012197738.1	32.500	86	90	92	80	53	1	4	82	1	80	5.70e-25	94.4
tr|A0A0E1NSG3|A0A0E1NSG3_YERPA	GCF_000015245.1_WP_011761423.1	35.000	86	86	92	80	51	1	4	82	1	80	6.08e-25	94.4
tr|A0A0E1NSG3|A0A0E1NSG3_YERPA	GCF_020991025.1_WP_152109250.1	41.026	86	83	90	78	45	1	3	79	1	78	8.11e-25	93.8
tr|A0A0E1NSG3|A0A0E1NSG3_YERPA	GCF_014524625.1_WP_009050814.1	23.750	86	92	92	80	60	1	4	82	1	80	8.46e-25	94.1
tr|A0A0E1NSG3|A0A0E1NSG3_YERPA	GCF_024971755.1_WP_259474826.1	30.000	86	88	92	80	55	1	4	82	1	80	1.55e-24	93.3
tr|A0A0E1NSG3|A0A0E1NSG3_YERPA	GCF_002355475.1_WP_003455993.1	31.169	86	90	88	77	52	1	7	82	2	78	2.18e-24	93.0
tr|A0A0E1NSG3|A0A0E1NSG3_YERPA	GCF_017354925.1_WP_207321174.1	32.500	86	87	92	80	53	1	4	82	1	80	2.75e-24	92.7
tr|A0A0E1NSG3|A0A0E1NSG3_YERPA	GCF_019670705.1_WP_100146025.1	35.000	86	92	92	80	51	1	4	82	1	80	3.01e-24	92.7
tr|A0A0E1NSG3|A0A0E1NSG3_YERPA	GCF_012767755.2_WP_173171843.1	33.750	86	90	92	80	52	1	4	82	1	80	3.30e-24	92.4
tr|A0A0E1NSG3|A0A0E1NSG3_YERPA	GCF_009730655.1_WP_156020461.1	35.000	86	92	92	80	51	1	4	82	1	80	3.68e-24	92.4
tr|A0A0E1NSG3|A0A0E1NSG3_YERPA	GCF_017354965.1_WP_207380278.1	32.500	86	87	92	80	53	1	4	82	1	80	5.90e-24	91.9
tr|A0A0E1NSG3|A0A0E1NSG3_YERPA	GCF_008807375.1_WP_151133519.1	28.571	86	90	88	77	54	1	7	82	2	78	1.55e-23	90.7
tr|A0A0E1NSG3|A0A0E1NSG3_YERPA	GCF_029457395.1_WP_024766443.1	29.762	86	92	92	84	54	1	4	82	1	84	2.08e-23	90.4
tr|A0A0E1NSG3|A0A0E1NSG3_YERPA	GCF_002215585.1_WP_088903590.1	30.233	86	89	95	86	56	1	4	85	1	86	4.57e-23	89.6
tr|A0A0E1NSG3|A0A0E1NSG3_YERPA	GCF_024346675.1_WP_048897676.1	30.952	86	86	97	84	57	1	3	85	1	84	6.86e-23	89.0
tr|A0A0E1NSG3|A0A0E1NSG3_YERPA	GCF_012971725.1_WP_169940133.1	29.762	86	92	92	84	54	1	4	82	1	84	9.93e-23	88.8
tr|A0A0E1NSG3|A0A0E1NSG3_YERPA	GCF_003025345.2_WP_003155955.1	36.471	86	91	92	85	48	1	4	82	1	85	1.39e-22	88.5
tr|A0A0E1NSG3|A0A0E1NSG3_YERPA	GCF_004358345.1_WP_121852852.1	32.857	86	76	80	70	46	1	3	71	1	70	2.18e-22	87.6
tr|A0A0E1NSG3|A0A0E1NSG3_YERPA	GCF_000014885.1_WP_020912292.1	33.750	86	87	92	80	52	1	4	82	1	80	3.01e-22	87.4
tr|A0A0E1NSG3|A0A0E1NSG3_YERPA	GCF_024347355.1_WP_105024956.1	30.488	86	83	90	82	52	2	10	86	2	83	3.42e-22	87.4
tr|A0A0E1NSG3|A0A0E1NSG3_YERPA	GCF_002005305.1_WP_077753428.1	32.500	86	86	92	80	53	1	4	82	1	80	3.52e-22	87.4
tr|A0A0E1NSG3|A0A0E1NSG3_YERPA	GCF_016026875.1_WP_045525981.1	35.714	86	89	81	70	42	1	4	73	1	67	4.09e-22	87.1
tr|A0A0E1NSG3|A0A0E1NSG3_YERPA	GCF_009938225.1_WP_075649723.1	37.975	86	82	86	79	44	2	10	83	2	80	4.30e-22	87.1
tr|A0A0E1NSG3|A0A0E1NSG3_YERPA	GCF_020405345.1_WP_017780573.1	33.803	86	89	83	71	44	1	4	74	1	68	4.83e-22	87.1
tr|A0A0E1NSG3|A0A0E1NSG3_YERPA	GCF_002204915.1_WP_052690899.1	26.250	86	101	87	80	54	2	10	84	21	100	7.94e-22	86.8
tr|A0A0E1NSG3|A0A0E1NSG3_YERPA	GCF_006742785.1_WP_172630283.1	25.316	86	88	91	79	58	1	8	85	3	81	8.68e-22	86.2
tr|A0A0E1NSG3|A0A0E1NSG3_YERPA	GCF_024347475.1_WP_239840920.1	28.395	86	83	88	81	53	2	10	85	2	82	8.74e-22	86.2
tr|A0A0E1NSG3|A0A0E1NSG3_YERPA	GCF_003584645.1_WP_197716612.1	28.049	86	80	91	82	52	2	3	80	1	79	9.89e-22	85.9
tr|A0A0E1NSG3|A0A0E1NSG3_YERPA	GCF_020149575.1_WP_224431657.1	33.803	86	85	83	71	44	1	4	74	1	68	1.64e-21	85.7
tr|A0A0E1NSG3|A0A0E1NSG3_YERPA	GCF_000016065.1_WP_011864074.1	30.380	86	93	92	79	55	0	4	82	1	79	2.19e-21	85.4
tr|A0A0E1NSG3|A0A0E1NSG3_YERPA	GCF_006337165.1_WP_139515111.1	34.568	86	82	88	81	45	2	3	78	1	78	2.76e-21	84.8
tr|A0A0E1NSG3|A0A0E1NSG3_YERPA	GCF_000146165.2_WP_164925808.1	32.099	86	89	92	81	53	2	4	82	1	81	2.77e-21	85.1
tr|A0A0E1NSG3|A0A0E1NSG3_YERPA	GCF_020423125.1_WP_226170850.1	35.211	86	84	83	71	43	1	4	74	1	68	5.27e-21	84.3
tr|A0A0E1NSG3|A0A0E1NSG3_YERPA	GCF_028355655.1_WP_087756847.1	32.836	86	84	78	67	45	0	4	70	1	67	5.44e-21	84.3
tr|A0A0E1NSG3|A0A0E1NSG3_YERPA	GCF_004355185.1_WP_133271280.1	32.500	86	81	87	80	46	2	4	78	1	77	5.68e-21	84.0
tr|A0A0E1NSG3|A0A0E1NSG3_YERPA	GCF_001596155.1_WP_068342236.1	31.169	86	90	85	77	46	3	3	75	1	74	7.50e-21	84.0
tr|A0A0E1NSG3|A0A0E1NSG3_YERPA	GCF_000801295.1_WP_171816254.1	31.646	86	99	88	79	51	1	1	76	1	79	1.00e-20	83.7
tr|A0A0E1NSG3|A0A0E1NSG3_YERPA	GCF_008693705.1_WP_127008315.1	31.343	86	84	78	67	46	0	4	70	1	67	1.22e-20	83.4
tr|A0A0E1NSG3|A0A0E1NSG3_YERPA	GCF_900637545.1_WP_042651794.1	32.353	86	84	79	68	46	0	4	71	1	68	1.63e-20	82.9
tr|A0A0E1NSG3|A0A0E1NSG3_YERPA	GCF_022371215.1_WP_239718047.1	25.610	86	83	90	82	56	2	10	86	2	83	1.68e-20	82.9
tr|A0A0E1NSG3|A0A0E1NSG3_YERPA	GCF_027625995.1_WP_270126807.1	32.099	86	82	88	81	47	2	3	78	1	78	1.69e-20	82.9
tr|A0A0E1NSG3|A0A0E1NSG3_YERPA	GCF_001677435.1_WP_068615618.1	31.169	86	90	87	77	50	3	3	77	1	76	1.90e-20	82.9
tr|A0A0E1NSG3|A0A0E1NSG3_YERPA	GCF_003966655.1_WP_113527441.1	26.761	86	77	83	71	52	0	3	73	1	71	2.07e-20	82.6
tr|A0A0E1NSG3|A0A0E1NSG3_YERPA	GCF_016127195.1_WP_042032742.1	31.429	86	89	81	70	45	1	4	73	1	67	2.20e-20	82.9
tr|A0A0E1NSG3|A0A0E1NSG3_YERPA	GCF_013462805.1_WP_009566961.1	26.761	86	77	83	71	52	0	3	73	1	71	2.95e-20	82.3
tr|A0A0E1NSG3|A0A0E1NSG3_YERPA	GCF_001020955.1_WP_047250467.1	34.177	86	82	87	79	48	2	1	75	1	79	3.16e-20	82.3
tr|A0A0E1NSG3|A0A0E1NSG3_YERPA	GCF_000968535.2_WP_014147785.1	31.579	86	84	87	76	50	2	8	82	4	78	3.72e-20	82.0
tr|A0A0E1NSG3|A0A0E1NSG3_YERPA	GCF_000009145.1_WP_041356315.1	29.870	86	90	88	77	53	1	10	85	6	82	4.55e-20	82.0
tr|A0A0E1NSG3|A0A0E1NSG3_YERPA	GCF_009938185.1_WP_162048373.1	30.000	86	82	87	80	51	2	10	84	2	81	4.63e-20	81.7
tr|A0A0E1NSG3|A0A0E1NSG3_YERPA	GCF_001558255.2_WP_005504861.1	33.333	86	82	87	81	48	3	10	84	2	82	5.39e-20	81.7
tr|A0A0E1NSG3|A0A0E1NSG3_YERPA	GCF_014905115.1_WP_193151849.1	26.582	86	81	86	79	53	2	10	83	2	80	5.92e-20	81.4
tr|A0A0E1NSG3|A0A0E1NSG3_YERPA	GCF_003015165.1_WP_106887831.1	33.803	86	84	83	71	44	1	4	74	1	68	6.97e-20	81.4
tr|A0A0E1NSG3|A0A0E1NSG3_YERPA	GCF_009938205.1_WP_075706454.1	33.750	86	82	87	80	48	2	10	84	2	81	8.68e-20	81.2
tr|A0A0E1NSG3|A0A0E1NSG3_YERPA	GCF_016026615.1_WP_197928313.1	29.851	86	89	78	67	47	0	4	70	1	67	9.35e-20	81.2
tr|A0A0E1NSG3|A0A0E1NSG3_YERPA	GCF_001007935.1_WP_046849946.1	27.848	86	84	91	79	56	1	8	85	4	82	9.88e-20	80.9
tr|A0A0E1NSG3|A0A0E1NSG3_YERPA	GCF_003515105.1_WP_036973086.1	40.845	86	73	81	71	41	1	6	75	2	72	1.37e-19	80.3
tr|A0A0E1NSG3|A0A0E1NSG3_YERPA	GCF_014169735.1_WP_134997272.1	25.610	86	86	95	82	61	0	4	85	1	82	1.51e-19	80.6
tr|A0A0E1NSG3|A0A0E1NSG3_YERPA	GCF_019669905.1_WP_054759186.1	30.380	86	79	91	79	50	2	8	85	3	77	1.56e-19	80.3
tr|A0A0E1NSG3|A0A0E1NSG3_YERPA	GCF_000214665.1_WP_013819542.1	28.571	86	83	88	77	53	2	10	85	6	81	1.75e-19	80.3
tr|A0A0E1NSG3|A0A0E1NSG3_YERPA	GCF_008329985.2_WP_149283950.1	31.250	86	81	87	80	50	2	10	84	2	81	1.80e-19	80.3
tr|A0A0E1NSG3|A0A0E1NSG3_YERPA	GCF_003574965.1_WP_119445661.1	33.333	86	82	88	81	46	2	3	78	1	78	1.83e-19	80.3
tr|A0A0E1NSG3|A0A0E1NSG3_YERPA	GCF_013137895.1_WP_135435790.1	32.927	86	83	90	82	46	3	1	77	1	78	1.86e-19	80.3
tr|A0A0E1NSG3|A0A0E1NSG3_YERPA	GCF_000576555.1_WP_044000633.1	33.333	86	83	85	78	44	2	6	78	5	79	1.89e-19	80.3
tr|A0A0E1NSG3|A0A0E1NSG3_YERPA	GCF_002407485.1_WP_096780111.1	26.250	86	81	87	80	54	2	10	84	2	81	2.18e-19	80.0
tr|A0A0E1NSG3|A0A0E1NSG3_YERPA	GCF_010093065.1_WP_238430213.1	28.235	86	83	93	85	53	3	1	80	2	83	2.25e-19	80.0
tr|A0A0E1NSG3|A0A0E1NSG3_YERPA	GCF_008364325.2_WP_020826409.1	24.658	86	84	84	73	51	2	4	75	1	70	2.73e-19	79.8
tr|A0A0E1NSG3|A0A0E1NSG3_YERPA	GCF_001007875.1_WP_046858354.1	26.582	86	80	86	79	53	2	10	83	2	80	2.81e-19	79.8
tr|A0A0E1NSG3|A0A0E1NSG3_YERPA	GCF_024347035.1_WP_102941394.1	25.000	86	81	87	80	55	2	10	84	2	81	2.88e-19	79.8
tr|A0A0E1NSG3|A0A0E1NSG3_YERPA	GCF_001558415.2_WP_061055374.1	24.051	86	83	86	79	55	2	10	83	2	80	3.02e-19	79.8
tr|A0A0E1NSG3|A0A0E1NSG3_YERPA	GCF_013283835.1_WP_071626507.1	27.273	86	83	86	77	50	2	3	76	1	74	3.38e-19	79.5
tr|A0A0E1NSG3|A0A0E1NSG3_YERPA	GCF_019670125.1_WP_221076876.1	28.750	86	81	87	80	52	2	10	84	2	81	3.45e-19	79.5
tr|A0A0E1NSG3|A0A0E1NSG3_YERPA	GCF_022827545.1_WP_243798205.1	33.333	86	82	88	81	46	2	3	78	1	78	3.63e-19	79.5
tr|A0A0E1NSG3|A0A0E1NSG3_YERPA	GCF_014879975.1_WP_192888672.1	26.829	86	83	90	82	55	2	10	86	2	83	3.96e-19	79.5
tr|A0A0E1NSG3|A0A0E1NSG3_YERPA	GCF_024360925.2_WP_255188929.1	28.205	86	83	90	78	54	2	10	86	6	82	5.03e-19	79.2
tr|A0A0E1NSG3|A0A0E1NSG3_YERPA	GCF_004001245.1_WP_127478562.1	28.395	86	85	88	81	53	2	1	76	1	81	5.12e-19	79.2
tr|A0A0E1NSG3|A0A0E1NSG3_YERPA	GCF_009755585.1_WP_157030071.1	26.829	86	85	91	82	53	2	3	80	1	79	6.66e-19	78.9
tr|A0A0E1NSG3|A0A0E1NSG3_YERPA	GCF_009068765.1_WP_151900329.1	26.582	86	81	86	79	53	2	10	83	2	80	7.00e-19	78.6
tr|A0A0E1NSG3|A0A0E1NSG3_YERPA	GCF_002142475.1_WP_026148861.1	26.582	86	86	87	79	51	2	4	78	1	76	8.66e-19	78.6
tr|A0A0E1NSG3|A0A0E1NSG3_YERPA	GCF_001507645.1_WP_068195976.1	33.766	86	90	85	77	44	2	3	75	1	74	8.79e-19	78.6
tr|A0A0E1NSG3|A0A0E1NSG3_YERPA	GCF_022811645.1_WP_243511723.1	30.380	86	90	87	79	48	2	3	77	1	76	1.06e-18	78.4
tr|A0A0E1NSG3|A0A0E1NSG3_YERPA	GCF_020844025.1_WP_215848879.1	28.169	86	77	83	71	51	0	3	73	1	71	1.35e-18	78.1
tr|A0A0E1NSG3|A0A0E1NSG3_YERPA	GCF_024347635.1_WP_139683960.1	25.610	86	83	90	82	56	2	10	86	2	83	1.58e-18	77.8
tr|A0A0E1NSG3|A0A0E1NSG3_YERPA	GCF_009662475.1_WP_031573754.1	27.941	86	79	79	68	49	0	3	70	1	68	1.66e-18	77.8
tr|A0A0E1NSG3|A0A0E1NSG3_YERPA	GCF_008728635.1_WP_151087836.1	25.974	86	90	85	77	50	3	3	75	1	74	2.04e-18	77.8
tr|A0A0E1NSG3|A0A0E1NSG3_YERPA	GCF_024347595.1_WP_176681244.1	26.829	86	83	90	82	55	2	10	86	2	83	2.27e-18	77.5
tr|A0A0E1NSG3|A0A0E1NSG3_YERPA	GCF_003258315.1_WP_111337788.1	26.582	86	88	91	79	57	1	8	85	4	82	2.58e-18	77.5
tr|A0A0E1NSG3|A0A0E1NSG3_YERPA	GCF_024347455.1_WP_135458404.1	24.390	86	83	90	82	57	2	10	86	2	83	2.69e-18	77.2
tr|A0A0E1NSG3|A0A0E1NSG3_YERPA	GCF_000091465.1_WP_004733849.1	24.390	86	83	90	82	57	2	10	86	2	83	2.75e-18	77.2
tr|A0A0E1NSG3|A0A0E1NSG3_YERPA	GCF_024347675.1_WP_261835500.1	28.750	86	81	87	80	52	2	10	84	2	81	2.99e-18	77.2
tr|A0A0E1NSG3|A0A0E1NSG3_YERPA	GCF_001995825.2_WP_017057338.1	24.390	86	83	90	82	57	2	10	86	2	83	3.07e-18	77.2
tr|A0A0E1NSG3|A0A0E1NSG3_YERPA	GCF_005931095.1_WP_017839868.1	30.380	86	84	91	79	53	2	8	85	4	81	3.94e-18	76.9
tr|A0A0E1NSG3|A0A0E1NSG3_YERPA	GCF_024347655.1_WP_060467732.1	29.268	86	83	90	82	53	2	10	86	2	83	4.47e-18	76.7
tr|A0A0E1NSG3|A0A0E1NSG3_YERPA	GCF_019670105.1_WP_040307707.1	27.500	86	81	87	80	53	2	10	84	2	81	4.49e-18	76.7
tr|A0A0E1NSG3|A0A0E1NSG3_YERPA	GCF_000785705.2_WP_036272019.1	26.316	86	82	88	76	55	1	10	85	6	80	4.64e-18	76.7
tr|A0A0E1NSG3|A0A0E1NSG3_YERPA	GCF_002214395.1_WP_010453422.1	24.359	86	81	85	78	54	2	12	84	4	81	4.98e-18	76.7
tr|A0A0E1NSG3|A0A0E1NSG3_YERPA	GCF_000148645.1_WP_013347076.1	29.870	86	80	84	77	49	2	12	83	3	79	5.17e-18	76.7
tr|A0A0E1NSG3|A0A0E1NSG3_YERPA	GCF_002762215.1_WP_085750011.1	29.333	86	87	83	75	46	3	4	74	3	74	5.56e-18	76.7
tr|A0A0E1NSG3|A0A0E1NSG3_YERPA	GCF_024582835.1_WP_257083279.1	25.610	86	87	90	82	56	2	10	86	2	83	6.32e-18	76.4
tr|A0A0E1NSG3|A0A0E1NSG3_YERPA	GCF_000024005.1_WP_012793320.1	28.205	86	84	86	78	49	2	2	75	3	77	6.86e-18	76.4
tr|A0A0E1NSG3|A0A0E1NSG3_YERPA	GCF_003149515.1_WP_109656005.1	25.974	86	90	85	77	50	2	3	75	1	74	7.99e-18	76.4
tr|A0A0E1NSG3|A0A0E1NSG3_YERPA	GCF_902810445.1_WP_197744199.1	24.000	86	78	83	75	50	3	4	74	1	72	8.72e-18	75.8
tr|A0A0E1NSG3|A0A0E1NSG3_YERPA	GCF_004214795.1_WP_130234502.1	23.457	86	78	91	81	56	2	3	80	1	78	1.13e-17	75.5
tr|A0A0E1NSG3|A0A0E1NSG3_YERPA	GCF_000212735.1_WP_013764159.1	29.487	86	83	86	78	48	2	1	74	1	75	1.14e-17	75.8
tr|A0A0E1NSG3|A0A0E1NSG3_YERPA	GCF_001651805.1_WP_067384150.1	35.135	86	78	80	74	43	3	4	72	1	74	1.23e-17	75.5
tr|A0A0E1NSG3|A0A0E1NSG3_YERPA	GCF_024494545.1_WP_256384876.1	24.051	86	81	86	79	55	2	11	84	3	81	1.45e-17	75.5
tr|A0A0E1NSG3|A0A0E1NSG3_YERPA	GCF_003990335.1_WP_127025819.1	21.429	86	91	81	70	55	0	11	80	7	76	1.65e-17	75.5
tr|A0A0E1NSG3|A0A0E1NSG3_YERPA	GCF_013177675.1_WP_172128285.1	26.667	86	81	84	75	49	2	3	74	1	72	1.98e-17	75.0
tr|A0A0E1NSG3|A0A0E1NSG3_YERPA	GCF_002849875.1_WP_232379112.1	26.744	86	113	91	86	55	2	6	83	28	113	2.39e-17	75.5
tr|A0A0E1NSG3|A0A0E1NSG3_YERPA	GCF_024362845.1_WP_255230807.1	24.051	86	82	86	79	55	2	10	83	2	80	2.77e-17	74.7
tr|A0A0E1NSG3|A0A0E1NSG3_YERPA	GCF_001955715.1_WP_029708890.1	25.676	86	80	81	74	48	2	4	73	1	71	3.09e-17	74.7
tr|A0A0E1NSG3|A0A0E1NSG3_YERPA	GCF_900233005.1_WP_102521318.1	24.051	86	81	86	79	55	2	10	83	2	80	3.38e-17	74.4
tr|A0A0E1NSG3|A0A0E1NSG3_YERPA	GCF_013343005.1_WP_078482823.1	37.179	86	84	85	78	44	2	3	75	1	78	3.41e-17	74.4
tr|A0A0E1NSG3|A0A0E1NSG3_YERPA	GCF_008369605.1_WP_000253074.1	27.500	86	81	87	80	53	2	10	84	2	81	3.48e-17	74.4
tr|A0A0E1NSG3|A0A0E1NSG3_YERPA	GCF_003353065.1_WP_114983154.1	28.947	86	84	84	76	47	3	1	72	1	73	3.73e-17	74.4
tr|A0A0E1NSG3|A0A0E1NSG3_YERPA	GCF_001831495.1_WP_068547707.1	21.250	86	81	87	80	58	2	10	84	2	81	3.99e-17	74.4
tr|A0A0E1NSG3|A0A0E1NSG3_YERPA	GCF_000014765.1_WP_011633385.1	30.952	86	89	92	84	53	3	8	86	3	86	4.16e-17	74.4
tr|A0A0E1NSG3|A0A0E1NSG3_YERPA	GCF_002906475.1_WP_012130247.1	23.377	86	81	84	77	54	2	12	83	4	80	4.46e-17	74.1
tr|A0A0E1NSG3|A0A0E1NSG3_YERPA	GCF_003967195.1_WP_172597571.1	27.500	86	83	87	80	53	2	3	77	2	81	4.99e-17	74.1
tr|A0A0E1NSG3|A0A0E1NSG3_YERPA	GCF_010093065.1_WP_162331416.1	25.000	86	84	84	76	50	2	4	75	5	77	5.24e-17	74.1
tr|A0A0E1NSG3|A0A0E1NSG3_YERPA	GCF_000021985.1_WP_012639500.1	29.730	86	82	80	74	47	2	3	71	1	74	5.31e-17	74.1
tr|A0A0E1NSG3|A0A0E1NSG3_YERPA	GCF_000940995.1_WP_082060442.1	24.706	86	93	98	85	63	1	3	86	1	85	6.64e-17	73.9
tr|A0A0E1NSG3|A0A0E1NSG3_YERPA	GCF_000772105.1_WP_004748349.1	28.947	86	81	87	76	53	1	10	84	2	77	6.90e-17	73.6
tr|A0A0E1NSG3|A0A0E1NSG3_YERPA	GCF_002021755.1_WP_005434844.1	23.377	86	81	84	77	54	2	12	83	4	80	7.35e-17	73.6
tr|A0A0E1NSG3|A0A0E1NSG3_YERPA	GCF_003544915.1_WP_118918525.1	27.632	86	73	85	76	49	2	3	75	1	73	8.71e-17	73.3
tr|A0A0E1NSG3|A0A0E1NSG3_YERPA	GCF_001456255.1_WP_020335096.1	23.077	86	81	85	78	55	2	12	84	4	81	9.55e-17	73.3
tr|A0A0E1NSG3|A0A0E1NSG3_YERPA	GCF_013201725.1_WP_014475480.1	29.730	86	74	83	74	46	2	3	73	1	71	1.10e-16	73.0
tr|A0A0E1NSG3|A0A0E1NSG3_YERPA	GCF_007197555.1_WP_144048375.1	29.070	86	94	92	86	54	2	4	82	1	86	1.20e-16	73.3
tr|A0A0E1NSG3|A0A0E1NSG3_YERPA	GCF_013177635.1_WP_129095542.1	25.676	86	72	83	74	49	2	3	73	1	71	1.21e-16	73.0
tr|A0A0E1NSG3|A0A0E1NSG3_YERPA	GCF_024746855.1_WP_260492542.1	29.487	86	79	86	78	51	1	10	83	2	79	1.24e-16	73.0
tr|A0A0E1NSG3|A0A0E1NSG3_YERPA	GCF_000770115.1_WP_069687890.1	23.377	86	81	84	77	54	2	12	83	4	80	1.27e-16	73.0
tr|A0A0E1NSG3|A0A0E1NSG3_YERPA	GCF_009938015.1_WP_223264517.1	31.646	86	90	86	79	49	3	1	74	1	79	1.33e-16	73.0
tr|A0A0E1NSG3|A0A0E1NSG3_YERPA	GCF_003970675.1_WP_126615366.1	27.941	86	76	79	68	45	2	7	74	10	73	1.43e-16	72.7
tr|A0A0E1NSG3|A0A0E1NSG3_YERPA	GCF_018736065.1_WP_144074266.1	27.941	86	76	79	68	45	2	7	74	10	73	1.50e-16	72.7
tr|A0A0E1NSG3|A0A0E1NSG3_YERPA	GCF_003063625.1_WP_108601906.1	25.714	86	85	78	70	49	1	10	76	5	74	1.50e-16	73.0
tr|A0A0E1NSG3|A0A0E1NSG3_YERPA	GCF_001455205.1_WP_062560013.1	24.675	86	84	88	77	56	2	10	85	6	81	1.58e-16	72.7
tr|A0A0E1NSG3|A0A0E1NSG3_YERPA	GCF_003668795.1_WP_054981706.1	30.864	86	83	88	81	51	2	10	85	2	82	1.71e-16	72.7
tr|A0A0E1NSG3|A0A0E1NSG3_YERPA	GCF_004328865.1_WP_104643907.1	28.395	86	83	88	81	53	2	10	85	2	82	1.75e-16	72.7
tr|A0A0E1NSG3|A0A0E1NSG3_YERPA	GCF_003346815.1_WP_114840342.1	32.000	86	82	84	75	45	2	3	74	1	72	1.78e-16	72.7
tr|A0A0E1NSG3|A0A0E1NSG3_YERPA	GCF_024347495.1_WP_137371745.1	24.324	86	80	85	74	55	1	10	82	2	75	1.84e-16	72.4
tr|A0A0E1NSG3|A0A0E1NSG3_YERPA	GCF_016613475.2_WP_200606805.1	22.785	86	90	86	79	53	3	1	74	1	76	1.91e-16	72.7
tr|A0A0E1NSG3|A0A0E1NSG3_YERPA	GCF_003346775.1_WP_114843067.1	25.974	86	84	86	77	51	2	3	76	1	74	2.22e-16	72.4
tr|A0A0E1NSG3|A0A0E1NSG3_YERPA	GCF_019703835.1_WP_087020305.1	32.911	86	79	87	79	46	2	12	86	3	78	2.36e-16	72.2
tr|A0A0E1NSG3|A0A0E1NSG3_YERPA	GCF_019670485.1_WP_221071211.1	24.675	86	81	84	77	53	2	12	83	4	80	2.38e-16	72.4
tr|A0A0E1NSG3|A0A0E1NSG3_YERPA	GCF_000828615.1_WP_041064380.1	31.646	86	80	86	79	49	3	1	74	1	79	2.53e-16	72.2
tr|A0A0E1NSG3|A0A0E1NSG3_YERPA	GCF_002355735.1_WP_096359192.1	27.632	86	83	84	76	51	2	4	75	7	82	2.80e-16	72.2
tr|A0A0E1NSG3|A0A0E1NSG3_YERPA	GCF_020091585.1_WP_224339804.1	24.675	86	82	85	77	51	2	4	76	1	74	2.84e-16	72.2
tr|A0A0E1NSG3|A0A0E1NSG3_YERPA	GCF_004421105.1_WP_134356453.1	21.519	86	80	87	79	55	3	4	78	1	76	2.97e-16	72.2
tr|A0A0E1NSG3|A0A0E1NSG3_YERPA	GCF_002215215.1_WP_088918776.1	41.429	86	101	80	70	39	2	5	73	15	83	3.17e-16	72.4
tr|A0A0E1NSG3|A0A0E1NSG3_YERPA	GCF_015209785.1_WP_193988300.1	38.235	86	73	78	68	41	1	6	72	2	69	3.20e-16	71.9
tr|A0A0E1NSG3|A0A0E1NSG3_YERPA	GCF_013201935.1_WP_129014602.1	25.676	86	72	83	74	49	2	3	73	1	71	3.85e-16	71.6
tr|A0A0E1NSG3|A0A0E1NSG3_YERPA	GCF_002355415.1_WP_148665551.1	34.247	86	87	80	73	44	2	6	74	13	85	4.05e-16	71.9
tr|A0A0E1NSG3|A0A0E1NSG3_YERPA	GCF_004028275.1_WP_128384077.1	25.714	86	77	77	70	48	2	9	74	2	71	4.17e-16	71.6
tr|A0A0E1NSG3|A0A0E1NSG3_YERPA	GCF_024347195.1_WP_271272618.1	34.247	86	77	80	73	44	3	4	72	1	73	4.27e-16	71.6
tr|A0A0E1NSG3|A0A0E1NSG3_YERPA	GCF_000019525.1_WP_012323084.1	28.947	86	81	87	76	53	1	10	84	2	77	4.49e-16	71.6
tr|A0A0E1NSG3|A0A0E1NSG3_YERPA	GCF_002221525.1_WP_089349457.1	32.099	86	83	88	81	50	2	10	85	2	82	4.80e-16	71.6
tr|A0A0E1NSG3|A0A0E1NSG3_YERPA	GCF_006364355.1_WP_004727652.1	22.785	86	83	86	79	56	2	10	83	2	80	5.19e-16	71.6
tr|A0A0E1NSG3|A0A0E1NSG3_YERPA	GCF_008122265.1_WP_148863603.1	22.078	86	84	85	77	53	2	4	76	1	74	5.86e-16	71.3
tr|A0A0E1NSG3|A0A0E1NSG3_YERPA	GCF_002218045.2_WP_089137819.1	40.278	86	79	79	72	39	2	6	73	5	76	6.36e-16	71.3
tr|A0A0E1NSG3|A0A0E1NSG3_YERPA	GCF_001999225.1_WP_077537996.1	24.691	86	82	88	81	56	2	10	85	2	82	6.53e-16	71.3
tr|A0A0E1NSG3|A0A0E1NSG3_YERPA	GCF_005877035.1_WP_039486662.1	28.395	86	83	88	81	53	2	10	85	2	82	7.25e-16	71.0
tr|A0A0E1NSG3|A0A0E1NSG3_YERPA	GCF_024347275.1_WP_019620968.1	29.268	86	82	90	82	53	3	4	80	1	82	8.76e-16	70.8
tr|A0A0E1NSG3|A0A0E1NSG3_YERPA	GCF_002557795.1_WP_098194977.1	23.457	86	89	86	81	52	3	1	74	1	78	8.84e-16	71.0
tr|A0A0E1NSG3|A0A0E1NSG3_YERPA	GCF_000024825.1_WP_005460845.1	23.077	86	81	85	78	55	2	12	84	4	81	9.04e-16	70.8
tr|A0A0E1NSG3|A0A0E1NSG3_YERPA	GCF_000317125.1_WP_015155280.1	22.500	86	81	88	80	55	3	4	79	1	77	9.26e-16	70.8
tr|A0A0E1NSG3|A0A0E1NSG3_YERPA	GCF_000238395.3_WP_010553578.1	28.395	86	83	88	81	53	2	10	85	2	82	9.57e-16	70.8
tr|A0A0E1NSG3|A0A0E1NSG3_YERPA	GCF_019797925.1_WP_193521737.1	28.571	86	80	85	77	51	1	11	83	3	79	9.70e-16	70.8
tr|A0A0E1NSG3|A0A0E1NSG3_YERPA	GCF_008807855.1_WP_063240334.1	23.377	86	83	85	77	52	2	2	74	3	76	1.08e-15	70.8
tr|A0A0E1NSG3|A0A0E1NSG3_YERPA	GCF_002157225.2_WP_086934278.1	27.397	86	80	85	73	53	0	10	82	5	77	1.08e-15	70.8
tr|A0A0E1NSG3|A0A0E1NSG3_YERPA	GCF_000321415.2_WP_015260329.1	32.222	86	93	100	90	55	3	1	86	1	88	1.33e-15	70.8
tr|A0A0E1NSG3|A0A0E1NSG3_YERPA	GCF_023733635.1_WP_039959400.1	26.829	86	89	90	82	55	2	4	80	1	82	1.40e-15	70.5
tr|A0A0E1NSG3|A0A0E1NSG3_YERPA	GCF_013201665.1_WP_128359868.1	23.171	86	81	92	82	57	2	3	81	1	79	1.50e-15	70.2
tr|A0A0E1NSG3|A0A0E1NSG3_YERPA	GCF_000143085.1_WP_013221711.1	21.333	86	82	83	75	52	3	4	74	1	72	1.50e-15	70.2
tr|A0A0E1NSG3|A0A0E1NSG3_YERPA	GCF_001431725.1_WP_021820278.1	23.750	86	81	87	80	56	2	10	84	2	81	1.68e-15	70.2
tr|A0A0E1NSG3|A0A0E1NSG3_YERPA	GCF_000026085.1_WP_041454550.1	32.394	86	73	80	71	45	3	6	74	2	71	1.75e-15	69.9
tr|A0A0E1NSG3|A0A0E1NSG3_YERPA	GCF_001442805.1_WP_057942092.1	24.324	86	88	81	74	49	2	5	74	6	76	1.82e-15	70.2
tr|A0A0E1NSG3|A0A0E1NSG3_YERPA	GCF_002887615.1_WP_038869703.1	22.078	86	81	84	77	55	2	12	83	4	80	1.89e-15	69.9
tr|A0A0E1NSG3|A0A0E1NSG3_YERPA	GCF_008931805.1_WP_019441510.1	23.750	86	81	87	80	56	2	10	84	2	81	2.31e-15	69.9
tr|A0A0E1NSG3|A0A0E1NSG3_YERPA	GCF_008632455.1_WP_150048082.1	22.078	86	84	88	77	58	2	9	84	5	80	2.56e-15	69.6
tr|A0A0E1NSG3|A0A0E1NSG3_YERPA	GCF_010119975.1_WP_162445115.1	25.000	86	365	88	80	52	2	4	79	8	83	2.85e-15	74.1
tr|A0A0E1NSG3|A0A0E1NSG3_YERPA	GCF_005166025.1_WP_137090244.1	25.000	86	84	84	76	50	2	3	74	1	73	3.55e-15	69.4
tr|A0A0E1NSG3|A0A0E1NSG3_YERPA	GCF_002356115.1_WP_096526481.1	20.000	86	78	83	75	53	2	4	74	1	72	3.76e-15	69.1
tr|A0A0E1NSG3|A0A0E1NSG3_YERPA	GCF_024347255.1_WP_091360415.1	32.432	86	79	80	74	45	2	4	72	1	74	4.38e-15	69.1
tr|A0A0E1NSG3|A0A0E1NSG3_YERPA	GCF_000012805.1_WP_011330264.1	21.333	86	85	83	75	52	3	4	74	1	72	4.77e-15	69.1
tr|A0A0E1NSG3|A0A0E1NSG3_YERPA	GCF_002157895.1_WP_227874980.1	23.750	86	82	87	80	56	2	10	84	3	82	5.07e-15	69.1
tr|A0A0E1NSG3|A0A0E1NSG3_YERPA	GCF_009363415.1_WP_152430616.1	20.253	86	84	86	79	58	2	10	83	2	80	6.39e-15	68.8
tr|A0A0E1NSG3|A0A0E1NSG3_YERPA	GCF_000014785.1_WP_011630183.1	29.870	86	83	85	77	50	3	4	76	7	83	6.54e-15	68.8
tr|A0A0E1NSG3|A0A0E1NSG3_YERPA	GCF_019977755.1_WP_126608378.1	34.118	86	103	86	85	45	3	10	83	16	100	7.47e-15	68.8
tr|A0A0E1NSG3|A0A0E1NSG3_YERPA	GCF_001050135.1_WP_048644179.1	24.359	86	88	86	78	52	3	1	74	1	75	8.02e-15	68.5
tr|A0A0E1NSG3|A0A0E1NSG3_YERPA	GCF_000227685.2_WP_006746304.1	32.099	86	83	90	81	51	2	1	77	1	81	8.04e-15	68.5
tr|A0A0E1NSG3|A0A0E1NSG3_YERPA	GCF_000788395.1_WP_038641921.1	25.000	86	85	78	68	50	1	8	74	3	70	1.15e-14	68.2
tr|A0A0E1NSG3|A0A0E1NSG3_YERPA	GCF_026427595.1_WP_251812951.1	27.500	86	88	87	80	53	2	12	86	7	86	1.30e-14	67.9
tr|A0A0E1NSG3|A0A0E1NSG3_YERPA	GCF_001956695.1_WP_076086043.1	25.333	86	77	84	75	50	2	4	75	1	72	1.34e-14	67.7
tr|A0A0E1NSG3|A0A0E1NSG3_YERPA	GCF_018389385.1_WP_218082190.1	23.684	86	91	84	76	51	2	2	73	13	85	1.58e-14	67.9
tr|A0A0E1NSG3|A0A0E1NSG3_YERPA	GCF_003568825.1_WP_040644076.1	25.641	86	83	86	78	54	1	10	83	2	79	1.60e-14	67.7
tr|A0A0E1NSG3|A0A0E1NSG3_YERPA	GCF_012295615.1_WP_007018284.1	20.779	86	81	84	77	56	2	12	83	4	80	2.95e-14	67.1
tr|A0A0E1NSG3|A0A0E1NSG3_YERPA	GCF_003722295.1_WP_010573895.1	23.377	86	75	83	77	50	2	4	74	1	74	3.31e-14	66.8
tr|A0A0E1NSG3|A0A0E1NSG3_YERPA	GCF_004798725.1_WP_010811758.1	23.377	86	83	85	77	52	2	2	74	3	76	3.60e-14	66.8
tr|A0A0E1NSG3|A0A0E1NSG3_YERPA	GCF_017638925.1_WP_208844867.1	25.333	86	81	83	75	52	1	11	81	3	77	3.96e-14	66.5
tr|A0A0E1NSG3|A0A0E1NSG3_YERPA	GCF_024347215.1_WP_261843265.1	35.616	86	77	80	73	43	3	4	72	1	73	5.64e-14	66.3
tr|A0A0E1NSG3|A0A0E1NSG3_YERPA	GCF_019891175.1_WP_225938383.1	21.250	86	93	88	80	56	2	4	79	9	85	6.26e-14	66.3
tr|A0A0E1NSG3|A0A0E1NSG3_YERPA	GCF_000024725.1_WP_013031543.1	22.785	86	81	87	79	54	3	4	78	1	76	6.47e-14	66.0
tr|A0A0E1NSG3|A0A0E1NSG3_YERPA	GCF_001956695.1_WP_076086034.1	24.051	86	77	87	79	53	2	7	81	2	77	7.05e-14	66.0
tr|A0A0E1NSG3|A0A0E1NSG3_YERPA	GCF_000092245.1_WP_013136435.1	30.137	86	76	81	73	45	2	7	76	2	71	8.19e-14	65.7
tr|A0A0E1NSG3|A0A0E1NSG3_YERPA	GCF_003955735.1_WP_126127786.1	22.973	86	91	81	74	50	3	5	74	7	77	9.58e-14	66.0
tr|A0A0E1NSG3|A0A0E1NSG3_YERPA	GCF_000018105.1_WP_012162738.1	16.250	86	86	88	80	60	2	4	79	1	77	1.01e-13	65.7
tr|A0A0E1NSG3|A0A0E1NSG3_YERPA	GCF_000317575.1_WP_015193670.1	22.667	86	74	83	75	51	3	4	74	1	72	1.24e-13	65.1
tr|A0A0E1NSG3|A0A0E1NSG3_YERPA	GCF_000222485.1_WP_014022977.1	21.795	86	85	86	78	54	3	1	74	1	75	2.69e-13	64.6
tr|A0A0E1NSG3|A0A0E1NSG3_YERPA	GCF_000019185.1_WP_012277931.1	24.242	86	100	87	99	51	3	10	84	2	100	4.34e-13	64.3
tr|A0A0E1NSG3|A0A0E1NSG3_YERPA	GCF_013283835.1_WP_071625892.1	27.027	86	79	79	74	45	2	7	74	2	72	7.05e-13	63.4
tr|A0A0E1NSG3|A0A0E1NSG3_YERPA	GCF_000265505.1_WP_014796533.1	22.353	86	97	86	85	55	2	4	77	3	87	1.26e-12	63.2
tr|A0A0E1NSG3|A0A0E1NSG3_YERPA	GCF_000973725.1_WP_046311560.1	25.641	86	91	86	78	51	2	3	76	1	75	1.51e-12	62.9
tr|A0A0E1NSG3|A0A0E1NSG3_YERPA	GCF_009937995.1_WP_179954406.1	24.000	86	79	81	75	52	2	4	73	1	75	1.81e-12	62.3
tr|A0A0E1NSG3|A0A0E1NSG3_YERPA	GCF_000012325.1_WP_011045621.1	25.373	86	84	78	67	50	0	10	76	5	71	2.02e-12	62.3
tr|A0A0E1NSG3|A0A0E1NSG3_YERPA	GCF_013201665.1_WP_128358834.1	25.352	86	76	79	71	47	2	7	74	2	69	4.77e-12	61.2
tr|A0A0E1NSG3|A0A0E1NSG3_YERPA	GCF_001705075.2_WP_065970077.1	26.923	86	78	86	78	53	2	3	76	1	78	6.50e-12	60.9
tr|A0A0E1NSG3|A0A0E1NSG3_YERPA	GCF_013177635.1_WP_129095951.1	23.944	86	76	79	71	48	2	7	74	2	69	6.93e-12	60.9
tr|A0A0E1NSG3|A0A0E1NSG3_YERPA	GCF_026278345.1_WP_266369249.1	24.324	86	90	81	74	49	2	4	73	1	71	6.94e-12	61.2
tr|A0A0E1NSG3|A0A0E1NSG3_YERPA	GCF_013282625.1_WP_173286717.1	27.941	86	67	79	68	46	1	9	76	2	66	7.40e-12	60.6
tr|A0A0E1NSG3|A0A0E1NSG3_YERPA	GCF_013201935.1_WP_128987185.1	23.944	86	76	79	71	48	2	7	74	2	69	8.93e-12	60.6
tr|A0A0E1NSG3|A0A0E1NSG3_YERPA	GCF_000014705.1_WP_011637758.1	22.892	86	88	91	83	59	2	9	86	3	85	1.59e-11	60.1
tr|A0A0E1NSG3|A0A0E1NSG3_YERPA	GCF_003544815.1_WP_118886031.1	23.944	86	76	79	71	48	2	7	74	2	69	2.17e-11	59.5
tr|A0A0E1NSG3|A0A0E1NSG3_YERPA	GCF_002309535.1_WP_096047558.1	23.077	86	88	87	78	54	2	9	83	4	78	3.41e-11	59.2
tr|A0A0E1NSG3|A0A0E1NSG3_YERPA	GCF_000147355.1_WP_013326989.1	24.615	86	67	70	65	44	2	23	82	1	65	4.82e-11	58.7
tr|A0A0E1NSG3|A0A0E1NSG3_YERPA	GCF_011398355.1_WP_173270160.1	27.692	86	65	76	65	44	1	9	73	2	63	5.15e-11	58.4
tr|A0A0E1NSG3|A0A0E1NSG3_YERPA	GCF_003346815.1_WP_114840344.1	21.053	86	84	85	76	54	2	4	76	1	73	5.88e-11	58.7
tr|A0A0E1NSG3|A0A0E1NSG3_YERPA	GCF_000006765.1_NP_249630.1	36.923	86	108	69	65	35	1	4	62	1	65	6.31e-11	58.9
tr|A0A0E1NSG3|A0A0E1NSG3_YERPA	GCF_021654855.1_WP_237262080.1	23.529	86	70	74	68	45	2	10	73	3	67	1.27e-10	57.5
tr|A0A0E1NSG3|A0A0E1NSG3_YERPA	GCF_013177675.1_WP_172126669.1	23.944	86	77	79	71	48	2	7	74	2	69	1.72e-10	57.3
tr|A0A0E1NSG3|A0A0E1NSG3_YERPA	GCF_000238255.3_WP_010559905.1	23.077	86	86	74	65	49	1	8	71	3	67	1.81e-10	57.5
tr|A0A0E1NSG3|A0A0E1NSG3_YERPA	GCF_004293625.1_WP_130538367.1	28.814	86	71	69	59	39	1	9	67	2	57	1.82e-10	57.3
tr|A0A0E1NSG3|A0A0E1NSG3_YERPA	GCF_003855395.1_WP_124730567.1	21.687	86	88	91	83	60	2	9	86	3	85	2.81e-10	57.0
tr|A0A0E1NSG3|A0A0E1NSG3_YERPA	GCF_024347675.1_WP_261833361.1	34.884	86	54	50	43	28	0	10	52	2	44	4.32e-10	55.8
tr|A0A0E1NSG3|A0A0E1NSG3_YERPA	GCF_009931655.1_WP_161888514.1	18.987	86	89	87	79	57	2	3	77	1	76	5.14e-10	56.4
tr|A0A0E1NSG3|A0A0E1NSG3_YERPA	GCF_003967275.1_WP_197721837.1	31.081	86	78	81	74	47	2	3	72	1	74	6.49e-10	55.8
tr|A0A0E1NSG3|A0A0E1NSG3_YERPA	GCF_000568815.1_WP_025346049.1	23.377	86	76	86	77	53	2	8	81	3	76	6.54e-10	55.8
tr|A0A0E1NSG3|A0A0E1NSG3_YERPA	GCF_000018285.1_WP_012155987.1	20.408	86	102	84	98	52	3	11	82	3	100	7.78e-10	56.1
tr|A0A0E1NSG3|A0A0E1NSG3_YERPA	GCF_013283835.1_WP_071628250.1	21.622	86	81	83	74	52	2	4	74	1	71	1.21e-09	55.3
tr|A0A0E1NSG3|A0A0E1NSG3_YERPA	GCF_011398355.1_WP_173270199.1	24.242	86	66	77	66	47	1	9	74	2	64	1.45e-09	54.7
tr|A0A0E1NSG3|A0A0E1NSG3_YERPA	GCF_014217805.1_WP_185274331.1	18.421	86	91	84	76	55	2	5	76	6	78	2.38e-09	54.7
tr|A0A0E1NSG3|A0A0E1NSG3_YERPA	GCF_017742995.1_WP_247749573.1	50.000	86	48	42	36	18	0	10	45	2	37	2.60e-09	53.9
tr|A0A0E1NSG3|A0A0E1NSG3_YERPA	GCF_001444405.1_WP_058032142.1	28.788	86	87	76	66	46	1	10	74	2	67	4.33e-09	53.9
tr|A0A0E1NSG3|A0A0E1NSG3_YERPA	GCF_001723605.1_WP_069479051.1	25.352	86	76	79	71	47	2	10	77	5	72	5.06e-09	53.6
tr|A0A0E1NSG3|A0A0E1NSG3_YERPA	GCF_006385555.1_WP_140234395.1	23.750	86	87	87	80	56	2	8	82	2	81	5.15e-09	53.6
tr|A0A0E1NSG3|A0A0E1NSG3_YERPA	GCF_023650495.1_WP_250655372.1	28.302	86	88	57	53	34	1	8	56	3	55	5.54e-09	53.6
tr|A0A0E1NSG3|A0A0E1NSG3_YERPA	GCF_000265295.1_WP_014770430.1	23.288	86	76	81	73	50	2	8	77	3	72	6.13e-09	53.3
tr|A0A0E1NSG3|A0A0E1NSG3_YERPA	GCF_020511155.1_WP_226415657.1	17.500	86	87	87	80	61	2	8	82	3	82	7.30e-09	53.3
tr|A0A0E1NSG3|A0A0E1NSG3_YERPA	GCF_011398155.1_WP_173291533.1	19.697	86	71	76	66	49	2	10	74	3	65	1.76e-08	52.2
tr|A0A0E1NSG3|A0A0E1NSG3_YERPA	GCF_005281475.1_WP_137401239.1	22.222	86	81	80	72	50	3	6	74	2	70	4.55e-08	51.1
tr|A0A0E1NSG3|A0A0E1NSG3_YERPA	GCF_006575665.1_WP_141613356.1	22.222	86	81	80	72	50	3	6	74	2	70	7.10e-08	50.8
tr|A0A0E1NSG3|A0A0E1NSG3_YERPA	GCF_003260975.1_WP_112783789.1	22.222	86	81	80	72	50	3	6	74	2	70	8.52e-08	50.5
tr|A0A0E1NSG3|A0A0E1NSG3_YERPA	GCF_014075995.1_WP_182414414.1	19.231	86	91	86	78	56	2	3	76	4	78	8.53e-08	50.8
tr|A0A0E1NSG3|A0A0E1NSG3_YERPA	GCF_002116735.1_WP_041332374.1	19.481	86	86	85	77	55	2	4	76	7	80	1.58e-07	49.9
tr|A0A0E1NSG3|A0A0E1NSG3_YERPA	GCF_000013765.1_WP_011496543.1	20.000	86	106	93	85	63	2	4	83	17	101	3.26e-07	49.4
tr|A0A0E1NSG3|A0A0E1NSG3_YERPA	GCF_000242635.2_WP_014682426.1	22.581	86	83	67	62	41	2	14	71	11	69	3.81e-07	48.8
tr|A0A0E1NSG3|A0A0E1NSG3_YERPA	GCF_000484535.1_WP_023173213.1	26.562	86	91	73	64	46	1	12	74	24	87	6.08e-07	48.5
tr|A0A0E1NSG3|A0A0E1NSG3_YERPA	GCF_011764585.1_WP_188200227.1	26.786	86	63	59	56	36	2	23	73	2	57	1.23e-06	47.1
tr|A0A0E1NSG3|A0A0E1NSG3_YERPA	GCF_001027285.1_WP_047859305.1	24.000	86	80	58	50	38	0	12	61	12	61	1.79e-06	47.1
tr|A0A0E1NSG3|A0A0E1NSG3_YERPA	GCF_021018745.1_WP_230843504.1	26.562	86	92	73	64	46	1	12	74	24	87	3.18e-06	46.6
tr|A0A0E1NSG3|A0A0E1NSG3_YERPA	GCF_009937995.1_WP_162085741.1	25.000	86	82	86	80	54	2	3	76	1	80	8.91e-06	45.4
tr|A0A0E1NSG3|A0A0E1NSG3_YERPA	GCF_000011385.1_WP_011141833.1	26.562	86	92	73	64	46	1	12	74	24	87	9.62e-06	45.4
tr|A0A0E1NSG3|A0A0E1NSG3_YERPA	GCF_019931735.1_WP_223417223.1	20.513	86	87	85	78	57	1	10	82	4	81	2.26e-05	44.3
tr|A0A0E1NSG3|A0A0E1NSG3_YERPA	GCF_003143555.1_WP_109340539.1	18.182	86	84	73	66	51	2	12	74	5	70	5.37e-05	43.5
tr|A0A0E1NSG3|A0A0E1NSG3_YERPA	GCF_000325705.1_WP_015264554.1	22.059	86	77	76	68	47	3	10	74	6	70	2.85e-04	41.5
tr|A0A0E1NSG3|A0A0E1NSG3_YERPA	GCF_009938015.1_WP_147074368.1	20.988	86	82	86	81	56	5	3	76	1	80	5.21e-04	40.9
tr|A0A0E1NSG3|A0A0E1NSG3_YERPA	GCF_000017845.1_WP_009544142.1	35.294	86	813	79	68	31	2	15	82	377	431	0.002	41.8
tr|A0A0E1NSG3|A0A0E1NSG3_YERPA	GCF_000021985.1_WP_012639464.1	20.253	86	81	85	79	57	2	4	76	1	79	0.004	38.7
tr|A0A0E1NSG3|A0A0E1NSG3_YERPA	GCF_001263175.1_WP_050726405.1	28.889	86	81	52	45	32	0	12	56	12	56	0.004	38.7
tr|A0A0E1NSG3|A0A0E1NSG3_YERPA	GCF_010119975.1_WP_162441452.1	14.474	86	89	84	76	58	2	3	74	1	73	0.006	38.4
# PSIBLAST 2.13.0+
# Iteration: 5
# Query: tr|A0A0E1NSG3|A0A0E1NSG3_YERPA Rho-binding antiterminator OS=Yersinia pestis bv. Antiqua (strain Antiqua) OX=360102 GN=YPA_0540 PE=4 SV=1
# Database: db/chosen-bacteria_proteome_exDup
# Fields: query id, subject id, % identity, query length, subject length, % query coverage per subject, alignment length, mismatches, gap opens, q. start, q. end, s. start, s. end, evalue, bit score
# 466 hits found
tr|A0A0E1NSG3|A0A0E1NSG3_YERPA	GCF_001461805.1_WP_013367515.1	75.581	86	86	100	86	21	0	1	86	1	86	5.16e-40	132
tr|A0A0E1NSG3|A0A0E1NSG3_YERPA	GCF_001518835.1_WP_059308693.1	75.581	86	86	100	86	21	0	1	86	1	86	6.24e-40	132
tr|A0A0E1NSG3|A0A0E1NSG3_YERPA	GCF_009036245.1_WP_025756830.1	75.581	86	86	100	86	21	0	1	86	1	86	9.36e-40	132
tr|A0A0E1NSG3|A0A0E1NSG3_YERPA	GCF_021172065.1_WP_015965827.1	73.256	86	86	100	86	23	0	1	86	1	86	9.97e-40	132
tr|A0A0E1NSG3|A0A0E1NSG3_YERPA	GCF_009176645.1_WP_152083529.1	76.744	86	86	100	86	20	0	1	86	1	86	1.35e-39	131
tr|A0A0E1NSG3|A0A0E1NSG3_YERPA	GCF_020097475.1_WP_000062318.1	75.581	86	86	100	86	21	0	1	86	1	86	1.48e-39	131
tr|A0A0E1NSG3|A0A0E1NSG3_YERPA	GCF_001683395.1_WP_017458015.1	70.930	86	86	100	86	25	0	1	86	1	86	3.26e-39	130
tr|A0A0E1NSG3|A0A0E1NSG3_YERPA	GCF_007632255.1_WP_015368146.1	73.256	86	86	100	86	23	0	1	86	1	86	3.42e-39	130
tr|A0A0E1NSG3|A0A0E1NSG3_YERPA	GCF_003594935.2_WP_006173581.1	77.907	86	86	100	86	19	0	1	86	1	86	3.67e-39	130
tr|A0A0E1NSG3|A0A0E1NSG3_YERPA	GCF_001022135.1_WP_039078449.1	76.744	86	86	100	86	20	0	1	86	1	86	3.88e-39	130
tr|A0A0E1NSG3|A0A0E1NSG3_YERPA	GCF_001658025.2_WP_007373243.1	70.930	86	86	100	86	25	0	1	86	1	86	4.01e-39	130
tr|A0A0E1NSG3|A0A0E1NSG3_YERPA	GCF_027886705.1_WP_061497537.1	73.256	86	86	100	86	23	0	1	86	1	86	4.97e-39	130
tr|A0A0E1NSG3|A0A0E1NSG3_YERPA	GCF_000224675.1_WP_010426685.1	77.907	86	86	100	86	19	0	1	86	1	86	5.17e-39	130
tr|A0A0E1NSG3|A0A0E1NSG3_YERPA	GCF_000006925.2_NP_706134.1	74.419	86	86	100	86	22	0	1	86	1	86	5.73e-39	130
tr|A0A0E1NSG3|A0A0E1NSG3_YERPA	GCF_001729805.1_WP_008501890.1	75.581	86	86	100	86	21	0	1	86	1	86	5.78e-39	130
tr|A0A0E1NSG3|A0A0E1NSG3_YERPA	GCF_015137655.1_WP_028015593.1	76.744	86	86	100	86	20	0	1	86	1	86	5.92e-39	130
tr|A0A0E1NSG3|A0A0E1NSG3_YERPA	GCF_025914095.1_WP_031518416.1	76.744	86	86	100	86	20	0	1	86	1	86	7.33e-39	129
tr|A0A0E1NSG3|A0A0E1NSG3_YERPA	GCF_023195735.1_WP_035891978.1	72.093	86	86	100	86	24	0	1	86	1	86	8.53e-39	129
tr|A0A0E1NSG3|A0A0E1NSG3_YERPA	GCF_009363135.1_WP_090122691.1	70.930	86	86	100	86	25	0	1	86	1	86	1.11e-38	129
tr|A0A0E1NSG3|A0A0E1NSG3_YERPA	GCF_001750725.1_WP_014168720.1	77.907	86	86	100	86	19	0	1	86	1	86	1.28e-38	129
tr|A0A0E1NSG3|A0A0E1NSG3_YERPA	GCF_009649915.1_WP_062772223.1	70.930	86	86	100	86	25	0	1	86	1	86	1.48e-38	129
tr|A0A0E1NSG3|A0A0E1NSG3_YERPA	GCF_004684345.1_WP_135323069.1	73.256	86	86	100	86	23	0	1	86	1	86	1.69e-38	128
tr|A0A0E1NSG3|A0A0E1NSG3_YERPA	GCF_019048625.1_WP_023305471.1	76.744	86	86	100	86	20	0	1	86	1	86	1.80e-38	128
tr|A0A0E1NSG3|A0A0E1NSG3_YERPA	GCF_001277255.1_WP_007666633.1	70.930	86	86	100	86	25	0	1	86	1	86	1.81e-38	128
tr|A0A0E1NSG3|A0A0E1NSG3_YERPA	GCF_003812345.1_WP_003018503.1	72.093	86	86	100	86	24	0	1	86	1	86	2.00e-38	128
tr|A0A0E1NSG3|A0A0E1NSG3_YERPA	GCF_001558935.2_WP_042323659.1	73.256	86	86	100	86	23	0	1	86	1	86	2.21e-38	128
tr|A0A0E1NSG3|A0A0E1NSG3_YERPA	GCF_022637515.1_WP_064539750.1	72.093	86	86	100	86	24	0	1	86	1	86	2.25e-38	128
tr|A0A0E1NSG3|A0A0E1NSG3_YERPA	GCF_004353845.1_WP_103768334.1	70.930	86	86	100	86	25	0	1	86	1	86	2.27e-38	128
tr|A0A0E1NSG3|A0A0E1NSG3_YERPA	GCF_021278985.1_WP_012904575.1	74.419	86	86	100	86	22	0	1	86	1	86	2.47e-38	128
tr|A0A0E1NSG3|A0A0E1NSG3_YERPA	GCF_016904755.1_WP_059234959.1	75.294	86	86	99	85	21	0	1	85	1	85	2.70e-38	128
tr|A0A0E1NSG3|A0A0E1NSG3_YERPA	GCF_900638065.1_WP_048212636.1	72.093	86	86	100	86	24	0	1	86	1	86	2.81e-38	128
tr|A0A0E1NSG3|A0A0E1NSG3_YERPA	GCF_018128425.1_WP_042289833.1	75.581	86	86	100	86	21	0	1	86	1	86	3.24e-38	128
tr|A0A0E1NSG3|A0A0E1NSG3_YERPA	GCF_001277175.1_WP_007760020.1	70.930	86	86	100	86	25	0	1	86	1	86	3.51e-38	128
tr|A0A0E1NSG3|A0A0E1NSG3_YERPA	GCF_000240185.1_YP_005225236.1	74.419	86	86	100	86	22	0	1	86	1	86	4.05e-38	127
tr|A0A0E1NSG3|A0A0E1NSG3_YERPA	GCF_002393445.1_WP_061273728.1	72.941	86	86	99	85	23	0	1	85	1	85	4.08e-38	127
tr|A0A0E1NSG3|A0A0E1NSG3_YERPA	GCF_001277195.1_WP_032966924.1	70.930	86	86	100	86	25	0	1	86	1	86	4.71e-38	127
tr|A0A0E1NSG3|A0A0E1NSG3_YERPA	GCF_003261575.2_WP_110272453.1	73.256	86	86	100	86	23	0	1	86	1	86	5.52e-38	127
tr|A0A0E1NSG3|A0A0E1NSG3_YERPA	GCF_001277215.2_WP_007776988.1	70.930	86	86	100	86	25	0	1	86	1	86	6.03e-38	127
tr|A0A0E1NSG3|A0A0E1NSG3_YERPA	GCF_003812925.1_WP_004107903.1	70.930	86	86	100	86	25	0	1	86	1	86	6.84e-38	127
tr|A0A0E1NSG3|A0A0E1NSG3_YERPA	GCF_009648935.1_WP_047417117.1	70.930	86	86	100	86	25	0	1	86	1	86	7.06e-38	127
tr|A0A0E1NSG3|A0A0E1NSG3_YERPA	GCF_018139045.1_WP_004129134.1	70.930	86	86	100	86	25	0	1	86	1	86	7.83e-38	127
tr|A0A0E1NSG3|A0A0E1NSG3_YERPA	GCF_000834395.1_WP_042546713.1	97.674	86	86	100	86	2	0	1	86	1	86	8.55e-38	127
tr|A0A0E1NSG3|A0A0E1NSG3_YERPA	GCF_006711645.1_WP_100682484.1	70.930	86	86	100	86	25	0	1	86	1	86	9.33e-38	127
tr|A0A0E1NSG3|A0A0E1NSG3_YERPA	GCF_022637595.1_WP_004858152.1	73.256	86	86	100	86	23	0	1	86	1	86	1.13e-37	126
tr|A0A0E1NSG3|A0A0E1NSG3_YERPA	GCF_015139575.1_WP_004098776.1	72.093	86	86	100	86	24	0	1	86	1	86	1.14e-37	126
tr|A0A0E1NSG3|A0A0E1NSG3_YERPA	GCF_012029655.1_WP_041144145.1	72.093	86	86	100	86	24	0	1	86	1	86	1.15e-37	126
tr|A0A0E1NSG3|A0A0E1NSG3_YERPA	GCF_900635955.1_WP_126357486.1	74.118	86	86	99	85	22	0	1	85	1	85	1.44e-37	126
tr|A0A0E1NSG3|A0A0E1NSG3_YERPA	GCF_004124235.1_WP_025377303.1	98.837	86	86	100	86	1	0	1	86	1	86	1.75e-37	126
tr|A0A0E1NSG3|A0A0E1NSG3_YERPA	GCF_003935895.2_WP_110510858.1	71.765	86	86	99	85	24	0	1	85	1	85	1.88e-37	126
tr|A0A0E1NSG3|A0A0E1NSG3_YERPA	GCF_000018045.1_WP_024130681.1	70.930	86	86	100	86	25	0	1	86	1	86	2.25e-37	125
tr|A0A0E1NSG3|A0A0E1NSG3_YERPA	GCF_000222975.1_WP_002218374.1	100.000	86	86	100	86	0	0	1	86	1	86	2.52e-37	125
tr|A0A0E1NSG3|A0A0E1NSG3_YERPA	GCF_013234275.1_WP_172895488.1	70.930	86	86	100	86	25	0	1	86	1	86	2.54e-37	125
tr|A0A0E1NSG3|A0A0E1NSG3_YERPA	GCF_000439255.1_WP_000062328.1	76.744	86	86	100	86	20	0	1	86	1	86	2.75e-37	125
tr|A0A0E1NSG3|A0A0E1NSG3_YERPA	GCF_013282725.1_WP_032813813.1	96.512	86	86	100	86	3	0	1	86	1	86	3.30e-37	125
tr|A0A0E1NSG3|A0A0E1NSG3_YERPA	GCF_024224615.1_WP_125293588.1	72.941	86	86	99	85	23	0	1	85	1	85	3.69e-37	125
tr|A0A0E1NSG3|A0A0E1NSG3_YERPA	GCF_000834455.1_WP_032817050.1	98.837	86	86	100	86	1	0	1	86	1	86	3.81e-37	125
tr|A0A0E1NSG3|A0A0E1NSG3_YERPA	GCF_000005845.2_NP_414731.2	73.810	86	84	98	84	22	0	3	86	1	84	4.27e-37	125
tr|A0A0E1NSG3|A0A0E1NSG3_YERPA	GCF_011068345.1_WP_002436992.1	70.588	86	86	99	85	25	0	1	85	1	85	4.65e-37	125
tr|A0A0E1NSG3|A0A0E1NSG3_YERPA	GCF_025133195.1_WP_032910235.1	91.860	86	86	100	86	7	0	1	86	1	86	4.91e-37	125
tr|A0A0E1NSG3|A0A0E1NSG3_YERPA	GCF_002163605.1_WP_157665988.1	74.419	86	86	100	86	22	0	1	86	1	86	5.11e-37	125
tr|A0A0E1NSG3|A0A0E1NSG3_YERPA	GCF_025758125.1_WP_023480196.1	70.930	86	86	100	86	25	0	1	86	1	86	7.91e-37	124
tr|A0A0E1NSG3|A0A0E1NSG3_YERPA	GCF_000010085.1_WP_011411656.1	66.667	86	86	98	84	28	0	1	84	1	84	8.84e-37	124
tr|A0A0E1NSG3|A0A0E1NSG3_YERPA	GCF_000006945.2_NP_459242.1	73.256	86	86	100	86	23	0	1	86	1	86	9.35e-37	124
tr|A0A0E1NSG3|A0A0E1NSG3_YERPA	GCF_000517425.1_WP_025421126.1	67.857	86	86	98	84	27	0	1	84	1	84	1.05e-36	124
tr|A0A0E1NSG3|A0A0E1NSG3_YERPA	GCF_900095885.1_WP_035340381.1	74.419	86	86	100	86	22	0	1	86	1	86	1.19e-36	124
tr|A0A0E1NSG3|A0A0E1NSG3_YERPA	GCF_009730055.1_WP_032906500.1	98.837	86	86	100	86	1	0	1	86	1	86	1.23e-36	124
tr|A0A0E1NSG3|A0A0E1NSG3_YERPA	GCF_019797845.1_WP_222158377.1	69.767	86	86	100	86	26	0	1	86	1	86	1.32e-36	123
tr|A0A0E1NSG3|A0A0E1NSG3_YERPA	GCF_005484945.1_WP_137712817.1	74.419	86	86	100	86	22	0	1	86	1	86	1.32e-36	123
tr|A0A0E1NSG3|A0A0E1NSG3_YERPA	GCF_021276285.1_WP_095923198.1	82.143	86	86	98	84	15	0	1	84	1	84	1.33e-36	123
tr|A0A0E1NSG3|A0A0E1NSG3_YERPA	GCF_012427845.1_WP_012773648.1	72.093	86	86	100	86	24	0	1	86	1	86	1.41e-36	123
tr|A0A0E1NSG3|A0A0E1NSG3_YERPA	GCF_002288545.1_WP_029367608.1	73.256	86	86	100	86	23	0	1	86	1	86	2.15e-36	123
tr|A0A0E1NSG3|A0A0E1NSG3_YERPA	GCF_009914055.1_WP_160619715.1	66.279	86	87	100	86	29	0	1	86	1	86	2.41e-36	123
tr|A0A0E1NSG3|A0A0E1NSG3_YERPA	GCF_017498685.1_WP_038245151.1	91.860	86	86	100	86	7	0	1	86	1	86	2.52e-36	123
tr|A0A0E1NSG3|A0A0E1NSG3_YERPA	GCF_002953195.1_WP_038628016.1	62.791	86	87	100	86	32	0	1	86	1	86	2.59e-36	123
tr|A0A0E1NSG3|A0A0E1NSG3_YERPA	GCF_022637475.1_WP_013574214.1	80.952	86	86	98	84	16	0	1	84	1	84	3.79e-36	122
tr|A0A0E1NSG3|A0A0E1NSG3_YERPA	GCF_000520015.2_WP_024910172.1	73.256	86	87	100	86	23	0	1	86	1	86	4.01e-36	122
tr|A0A0E1NSG3|A0A0E1NSG3_YERPA	GCF_002101395.1_WP_085067900.1	62.791	86	87	100	86	32	0	1	86	1	86	4.90e-36	122
tr|A0A0E1NSG3|A0A0E1NSG3_YERPA	GCF_000233595.1_WP_013024706.1	65.882	86	86	99	85	29	0	1	85	1	85	4.92e-36	122
tr|A0A0E1NSG3|A0A0E1NSG3_YERPA	GCF_009873295.1_WP_039312412.1	73.256	86	86	100	86	23	0	1	86	1	86	5.41e-36	122
tr|A0A0E1NSG3|A0A0E1NSG3_YERPA	GCF_003019925.1_WP_162185254.1	77.381	86	86	98	84	19	0	1	84	1	84	6.25e-36	122
tr|A0A0E1NSG3|A0A0E1NSG3_YERPA	GCF_000262305.1_WP_002441069.1	70.930	86	86	100	86	25	0	1	86	1	86	6.76e-36	122
tr|A0A0E1NSG3|A0A0E1NSG3_YERPA	GCF_015999465.1_WP_085688159.1	69.412	86	86	99	85	26	0	1	85	1	85	7.74e-36	121
tr|A0A0E1NSG3|A0A0E1NSG3_YERPA	GCF_003515985.1_WP_085653101.1	70.588	86	86	99	85	25	0	1	85	1	85	9.30e-36	121
tr|A0A0E1NSG3|A0A0E1NSG3_YERPA	GCF_017569925.1_WP_208228065.1	74.419	86	86	100	86	22	0	1	86	1	86	1.06e-35	121
tr|A0A0E1NSG3|A0A0E1NSG3_YERPA	GCF_000740965.1_WP_011092648.1	72.093	86	86	100	86	24	0	1	86	1	86	1.09e-35	121
tr|A0A0E1NSG3|A0A0E1NSG3_YERPA	GCF_009931295.1_WP_161528353.1	72.093	86	86	100	86	24	0	1	86	1	86	1.10e-35	121
tr|A0A0E1NSG3|A0A0E1NSG3_YERPA	GCF_000025065.1_WP_012883679.1	70.588	86	86	99	85	25	0	1	85	1	85	1.15e-35	121
tr|A0A0E1NSG3|A0A0E1NSG3_YERPA	GCF_000023545.1_WP_015854637.1	70.930	86	86	100	86	25	0	1	86	1	86	1.30e-35	121
tr|A0A0E1NSG3|A0A0E1NSG3_YERPA	GCF_023517775.1_WP_249893541.1	65.116	86	87	100	86	30	0	1	86	1	86	1.38e-35	121
tr|A0A0E1NSG3|A0A0E1NSG3_YERPA	GCF_001642805.2_WP_004931991.1	74.419	86	87	100	86	22	0	1	86	1	86	1.38e-35	121
tr|A0A0E1NSG3|A0A0E1NSG3_YERPA	GCF_020181655.1_WP_225087160.1	72.093	86	86	100	86	24	0	1	86	1	86	1.45e-35	121
tr|A0A0E1NSG3|A0A0E1NSG3_YERPA	GCF_021462285.1_WP_234585968.1	74.419	86	87	100	86	22	0	1	86	1	86	1.56e-35	121
tr|A0A0E1NSG3|A0A0E1NSG3_YERPA	GCF_016026735.1_WP_015673540.1	73.256	86	87	100	86	23	0	1	86	1	86	1.60e-35	121
tr|A0A0E1NSG3|A0A0E1NSG3_YERPA	GCF_000264765.2_WP_034163237.1	69.767	86	86	100	86	26	0	1	86	1	86	2.18e-35	120
tr|A0A0E1NSG3|A0A0E1NSG3_YERPA	GCF_900187015.1_WP_061796701.1	74.419	86	87	100	86	22	0	1	86	1	86	2.25e-35	120
tr|A0A0E1NSG3|A0A0E1NSG3_YERPA	GCF_000023565.1_WP_012770818.1	71.765	86	86	99	85	24	0	1	85	1	85	2.32e-35	120
tr|A0A0E1NSG3|A0A0E1NSG3_YERPA	GCF_011044475.1_WP_033740322.1	67.059	86	86	99	85	28	0	1	85	1	85	2.36e-35	120
tr|A0A0E1NSG3|A0A0E1NSG3_YERPA	GCF_002291445.1_WP_048635886.1	74.419	86	86	100	86	22	0	1	86	1	86	2.61e-35	120
tr|A0A0E1NSG3|A0A0E1NSG3_YERPA	GCF_001742185.1_WP_005975933.1	72.093	86	86	100	86	24	0	1	86	1	86	2.78e-35	120
tr|A0A0E1NSG3|A0A0E1NSG3_YERPA	GCF_007858975.2_WP_042869176.1	70.588	86	86	99	85	25	0	1	85	1	85	3.24e-35	120
tr|A0A0E1NSG3|A0A0E1NSG3_YERPA	GCF_009817885.1_WP_105232289.1	72.093	86	87	100	86	24	0	1	86	1	86	3.35e-35	120
tr|A0A0E1NSG3|A0A0E1NSG3_YERPA	GCF_020079945.1_WP_039382769.1	63.529	86	87	99	85	31	0	1	85	1	85	3.68e-35	120
tr|A0A0E1NSG3|A0A0E1NSG3_YERPA	GCF_005484965.1_WP_009114129.1	76.744	86	86	100	86	20	0	1	86	1	86	3.86e-35	120
tr|A0A0E1NSG3|A0A0E1NSG3_YERPA	GCF_003992745.1_WP_014700896.1	69.767	86	86	100	86	26	0	1	86	1	86	5.88e-35	119
tr|A0A0E1NSG3|A0A0E1NSG3_YERPA	GCF_011617105.1_WP_025800203.1	76.744	86	86	100	86	20	0	1	86	1	86	6.83e-35	119
tr|A0A0E1NSG3|A0A0E1NSG3_YERPA	GCF_000026185.1_WP_012440659.1	58.824	86	87	99	85	35	0	1	85	1	85	1.00e-34	119
tr|A0A0E1NSG3|A0A0E1NSG3_YERPA	GCF_022647505.1_WP_128179458.1	61.628	86	87	100	86	33	0	1	86	1	86	1.02e-34	119
tr|A0A0E1NSG3|A0A0E1NSG3_YERPA	GCF_020150375.1_WP_004094310.1	77.907	86	86	100	86	19	0	1	86	1	86	1.08e-34	119
tr|A0A0E1NSG3|A0A0E1NSG3_YERPA	GCF_000196615.1_WP_013200864.1	60.465	86	87	100	86	34	0	1	86	1	86	1.52e-34	118
tr|A0A0E1NSG3|A0A0E1NSG3_YERPA	GCF_019890955.1_WP_211725887.1	62.353	86	87	99	85	32	0	1	85	1	85	1.76e-34	118
tr|A0A0E1NSG3|A0A0E1NSG3_YERPA	GCF_021733145.1_WP_012847629.1	69.048	86	86	98	84	26	0	1	84	1	84	2.13e-34	118
tr|A0A0E1NSG3|A0A0E1NSG3_YERPA	GCF_002812485.1_WP_038661467.1	71.765	86	86	99	85	24	0	1	85	1	85	2.16e-34	118
tr|A0A0E1NSG3|A0A0E1NSG3_YERPA	GCF_001010285.1_WP_046974061.1	76.744	86	88	100	86	20	0	1	86	1	86	2.30e-34	118
tr|A0A0E1NSG3|A0A0E1NSG3_YERPA	GCF_017348915.1_WP_040077077.1	75.581	86	86	100	86	21	0	1	86	1	86	3.86e-34	117
tr|A0A0E1NSG3|A0A0E1NSG3_YERPA	GCF_000147055.1_WP_022632468.1	70.588	86	86	99	85	25	0	1	85	1	85	3.93e-34	117
tr|A0A0E1NSG3|A0A0E1NSG3_YERPA	GCF_019090985.1_WP_036781226.1	73.256	86	88	100	86	23	0	1	86	1	86	4.62e-34	117
tr|A0A0E1NSG3|A0A0E1NSG3_YERPA	GCF_002291425.1_WP_095847471.1	70.930	86	87	100	86	25	0	1	86	1	86	5.24e-34	117
tr|A0A0E1NSG3|A0A0E1NSG3_YERPA	GCF_004792415.1_WP_013356856.1	61.905	86	86	98	84	32	0	1	84	1	84	6.22e-34	117
tr|A0A0E1NSG3|A0A0E1NSG3_YERPA	GCF_902387845.1_WP_004237241.1	67.442	86	88	100	86	28	0	1	86	1	86	7.51e-34	117
tr|A0A0E1NSG3|A0A0E1NSG3_YERPA	GCF_003403135.1_WP_024104894.1	70.588	86	86	99	85	25	0	1	85	1	85	7.71e-34	116
tr|A0A0E1NSG3|A0A0E1NSG3_YERPA	GCF_019047765.1_WP_040230035.1	72.093	86	86	100	86	24	0	1	86	1	86	1.02e-33	116
tr|A0A0E1NSG3|A0A0E1NSG3_YERPA	GCF_000196475.1_WP_012776850.1	73.256	86	88	100	86	23	0	1	86	1	86	1.10e-33	116
tr|A0A0E1NSG3|A0A0E1NSG3_YERPA	GCF_000196155.1_WP_011145066.1	72.093	86	88	100	86	24	0	1	86	1	86	1.29e-33	116
tr|A0A0E1NSG3|A0A0E1NSG3_YERPA	GCF_020541225.1_WP_226811316.1	58.333	86	86	98	84	35	0	1	84	1	84	1.31e-33	116
tr|A0A0E1NSG3|A0A0E1NSG3_YERPA	GCF_022592395.1_WP_047255099.1	60.465	86	87	100	86	34	0	1	86	1	86	1.94e-33	116
tr|A0A0E1NSG3|A0A0E1NSG3_YERPA	GCF_003204135.1_WP_004908806.1	65.116	86	87	100	86	30	0	1	86	1	86	2.49e-33	115
tr|A0A0E1NSG3|A0A0E1NSG3_YERPA	GCF_025946765.1_WP_264497926.1	66.279	86	86	100	86	29	0	1	86	1	86	3.07e-33	115
tr|A0A0E1NSG3|A0A0E1NSG3_YERPA	GCF_019048385.1_WP_062759648.1	60.714	86	86	98	84	33	0	1	84	1	84	4.65e-33	114
tr|A0A0E1NSG3|A0A0E1NSG3_YERPA	GCF_900475855.1_WP_068441311.1	67.442	86	87	100	86	28	0	1	86	1	86	4.93e-33	114
tr|A0A0E1NSG3|A0A0E1NSG3_YERPA	GCF_020683125.1_WP_133842177.1	62.069	86	88	100	87	32	1	1	86	1	87	5.52e-33	114
tr|A0A0E1NSG3|A0A0E1NSG3_YERPA	GCF_009646115.1_WP_008925644.1	61.905	86	86	98	84	32	0	1	84	1	84	6.65e-33	114
tr|A0A0E1NSG3|A0A0E1NSG3_YERPA	GCF_000517405.1_WP_038469034.1	65.432	86	83	94	81	28	0	4	84	1	81	7.04e-33	114
tr|A0A0E1NSG3|A0A0E1NSG3_YERPA	GCF_029277985.1_WP_154623766.1	69.767	86	87	100	86	26	0	1	86	1	86	7.39e-33	114
tr|A0A0E1NSG3|A0A0E1NSG3_YERPA	GCF_000091565.1_WP_004159420.1	59.524	86	87	98	84	34	0	1	84	1	84	8.26e-33	114
tr|A0A0E1NSG3|A0A0E1NSG3_YERPA	GCF_019844095.1_WP_062747070.1	64.368	86	88	100	87	30	1	1	86	1	87	8.28e-33	114
tr|A0A0E1NSG3|A0A0E1NSG3_YERPA	GCF_002843235.3_WP_102139922.1	66.279	86	87	100	86	29	0	1	86	1	86	8.80e-33	114
tr|A0A0E1NSG3|A0A0E1NSG3_YERPA	GCF_002393505.1_WP_006658392.1	63.953	86	87	100	86	31	0	1	86	1	86	1.13e-32	114
tr|A0A0E1NSG3|A0A0E1NSG3_YERPA	GCF_000261045.2_WP_006318653.1	67.442	86	87	100	86	28	0	1	86	1	86	1.13e-32	114
tr|A0A0E1NSG3|A0A0E1NSG3_YERPA	GCF_020268605.1_WP_180560445.1	65.116	86	88	100	86	30	0	1	86	1	86	1.16e-32	114
tr|A0A0E1NSG3|A0A0E1NSG3_YERPA	GCF_004768525.1_WP_026822068.1	66.279	86	88	100	86	29	0	1	86	1	86	1.19e-32	114
tr|A0A0E1NSG3|A0A0E1NSG3_YERPA	GCF_011045835.1_WP_075671674.1	59.524	86	86	98	84	34	0	1	84	1	84	1.34e-32	113
tr|A0A0E1NSG3|A0A0E1NSG3_YERPA	GCF_900638135.1_WP_012146468.1	66.279	86	87	100	86	29	0	1	86	1	86	1.55e-32	113
tr|A0A0E1NSG3|A0A0E1NSG3_YERPA	GCF_002504285.1_WP_005282992.1	67.442	86	86	100	86	28	0	1	86	1	86	2.24e-32	113
tr|A0A0E1NSG3|A0A0E1NSG3_YERPA	GCF_022647325.1_WP_111140597.1	59.524	86	86	98	84	34	0	1	84	1	84	2.59e-32	112
tr|A0A0E1NSG3|A0A0E1NSG3_YERPA	GCF_013460135.1_WP_180816665.1	62.791	86	88	100	86	32	0	1	86	1	86	2.64e-32	113
tr|A0A0E1NSG3|A0A0E1NSG3_YERPA	GCF_009831665.3_WP_006709226.1	62.791	86	87	100	86	32	0	1	86	1	86	2.81e-32	112
tr|A0A0E1NSG3|A0A0E1NSG3_YERPA	GCF_000069965.1_WP_004245453.1	58.333	86	86	98	84	35	0	1	84	1	84	2.94e-32	112
tr|A0A0E1NSG3|A0A0E1NSG3_YERPA	GCF_022369495.1_WP_072064250.1	58.333	86	86	98	84	35	0	1	84	1	84	2.96e-32	112
tr|A0A0E1NSG3|A0A0E1NSG3_YERPA	GCF_020342335.1_WP_067428135.1	60.714	86	87	98	84	33	0	1	84	1	84	3.04e-32	112
tr|A0A0E1NSG3|A0A0E1NSG3_YERPA	GCF_021365465.1_WP_016190321.1	62.791	86	87	100	86	32	0	1	86	1	86	3.45e-32	112
tr|A0A0E1NSG3|A0A0E1NSG3_YERPA	GCF_017743015.1_WP_209027287.1	68.605	86	88	100	86	27	0	1	86	1	86	3.63e-32	112
tr|A0A0E1NSG3|A0A0E1NSG3_YERPA	GCF_000968195.1_WP_045972480.1	66.667	86	87	100	87	28	1	1	86	1	87	4.35e-32	112
tr|A0A0E1NSG3|A0A0E1NSG3_YERPA	GCF_000214235.1_WP_004952197.1	67.857	86	85	98	84	27	0	3	86	1	84	7.31e-32	111
tr|A0A0E1NSG3|A0A0E1NSG3_YERPA	GCF_016026395.1_WP_024524235.1	66.279	86	86	100	86	29	0	1	86	1	86	9.91e-32	111
tr|A0A0E1NSG3|A0A0E1NSG3_YERPA	GCF_002952315.1_WP_012667243.1	60.000	86	87	99	85	34	0	1	85	1	85	1.27e-31	111
tr|A0A0E1NSG3|A0A0E1NSG3_YERPA	GCF_001721185.1_WP_069317984.1	66.279	86	87	100	86	29	0	1	86	1	86	1.63e-31	110
tr|A0A0E1NSG3|A0A0E1NSG3_YERPA	GCF_001006005.1_WP_223499701.1	67.857	86	85	98	84	27	0	3	86	1	84	1.96e-31	110
tr|A0A0E1NSG3|A0A0E1NSG3_YERPA	GCF_008364325.2_WP_230090436.1	66.667	86	85	98	84	28	0	3	86	1	84	2.41e-31	110
tr|A0A0E1NSG3|A0A0E1NSG3_YERPA	GCF_004295645.1_WP_228350951.1	68.966	86	88	100	87	26	1	1	86	1	87	6.92e-31	109
tr|A0A0E1NSG3|A0A0E1NSG3_YERPA	GCF_004353845.1_WP_103770713.1	32.184	86	93	100	87	58	1	1	86	1	87	9.11e-31	109
tr|A0A0E1NSG3|A0A0E1NSG3_YERPA	GCF_005671395.1_WP_138095872.1	63.291	86	86	92	79	29	0	1	79	1	79	1.26e-30	108
tr|A0A0E1NSG3|A0A0E1NSG3_YERPA	GCF_900478135.1_WP_111739359.1	70.115	86	88	100	87	25	1	1	86	1	87	1.28e-30	108
tr|A0A0E1NSG3|A0A0E1NSG3_YERPA	GCF_000968175.1_WP_045959360.1	63.218	86	88	100	87	31	1	1	86	1	87	1.48e-30	108
tr|A0A0E1NSG3|A0A0E1NSG3_YERPA	GCF_014295015.1_WP_013185414.1	66.667	86	87	100	87	28	1	1	86	1	87	1.88e-30	108
tr|A0A0E1NSG3|A0A0E1NSG3_YERPA	GCF_004116975.1_WP_064720954.1	60.714	86	86	98	84	33	0	1	84	1	84	2.08e-30	108
tr|A0A0E1NSG3|A0A0E1NSG3_YERPA	GCF_003096015.2_WP_230514010.1	68.966	86	88	100	87	26	1	1	86	1	87	2.57e-30	108
tr|A0A0E1NSG3|A0A0E1NSG3_YERPA	GCF_003812345.1_WP_121571778.1	33.333	86	94	100	87	57	1	1	86	1	87	2.69e-30	108
tr|A0A0E1NSG3|A0A0E1NSG3_YERPA	GCF_003074995.2_WP_015870269.1	62.651	86	86	97	83	31	0	1	83	1	83	5.52e-30	107
tr|A0A0E1NSG3|A0A0E1NSG3_YERPA	GCF_900638655.1_WP_047781753.1	70.115	86	88	100	87	25	1	1	86	1	87	6.06e-30	107
tr|A0A0E1NSG3|A0A0E1NSG3_YERPA	GCF_008693605.1_WP_223849061.1	32.558	86	95	99	86	57	1	1	85	2	87	1.72e-29	106
tr|A0A0E1NSG3|A0A0E1NSG3_YERPA	GCF_002355475.1_WP_004421315.1	39.506	86	91	93	81	48	1	3	82	1	81	2.80e-29	105
tr|A0A0E1NSG3|A0A0E1NSG3_YERPA	GCF_001597285.1_WP_061903727.1	32.500	86	92	92	80	53	1	4	82	1	80	3.17e-29	105
tr|A0A0E1NSG3|A0A0E1NSG3_YERPA	GCF_024205225.1_WP_195881696.1	31.250	86	90	92	80	54	1	4	82	1	80	1.28e-28	103
tr|A0A0E1NSG3|A0A0E1NSG3_YERPA	GCF_013200955.2_WP_173204463.1	32.099	86	91	93	81	54	1	3	82	1	81	1.43e-28	103
tr|A0A0E1NSG3|A0A0E1NSG3_YERPA	GCF_000733715.2_WP_017362912.1	31.250	86	90	92	80	54	1	4	82	1	80	1.52e-28	103
tr|A0A0E1NSG3|A0A0E1NSG3_YERPA	GCF_008693645.1_WP_137347870.1	31.034	86	89	100	87	59	1	1	86	1	87	2.20e-28	103
tr|A0A0E1NSG3|A0A0E1NSG3_YERPA	GCF_000297075.2_WP_003461742.1	31.250	86	90	92	80	54	1	4	82	1	80	3.23e-28	102
tr|A0A0E1NSG3|A0A0E1NSG3_YERPA	GCF_900682675.2_WP_069898892.1	33.750	86	94	92	80	52	1	4	82	1	80	4.11e-28	102
tr|A0A0E1NSG3|A0A0E1NSG3_YERPA	GCF_013409125.2_WP_099525265.1	31.250	86	90	92	80	54	1	4	82	1	80	6.06e-28	101
tr|A0A0E1NSG3|A0A0E1NSG3_YERPA	GCF_021029445.1_WP_230924827.1	29.114	86	89	92	79	56	0	4	82	1	79	1.05e-27	101
tr|A0A0E1NSG3|A0A0E1NSG3_YERPA	GCF_001708425.1_WP_055136127.1	31.250	86	94	92	80	54	1	4	82	1	80	1.22e-27	101
tr|A0A0E1NSG3|A0A0E1NSG3_YERPA	GCF_001594225.2_WP_064379396.1	33.750	86	92	92	80	52	1	4	82	1	80	1.99e-27	100
tr|A0A0E1NSG3|A0A0E1NSG3_YERPA	GCF_008807375.1_WP_151138908.1	40.741	86	91	93	81	47	1	3	82	1	81	2.08e-27	100
tr|A0A0E1NSG3|A0A0E1NSG3_YERPA	GCF_017167985.1_WP_093053415.1	32.500	86	92	92	80	53	1	4	82	1	80	2.71e-27	100
tr|A0A0E1NSG3|A0A0E1NSG3_YERPA	GCF_017167985.1_WP_079784061.1	32.500	86	90	92	80	53	1	4	82	1	80	3.45e-27	100
tr|A0A0E1NSG3|A0A0E1NSG3_YERPA	GCF_013423785.1_WP_180308358.1	34.146	86	88	95	82	54	0	1	82	1	82	5.76e-27	99.5
tr|A0A0E1NSG3|A0A0E1NSG3_YERPA	GCF_004684345.1_WP_135321947.1	33.333	86	93	93	81	53	1	1	80	1	81	7.10e-27	99.5
tr|A0A0E1NSG3|A0A0E1NSG3_YERPA	GCF_017915135.1_WP_210390879.1	30.000	86	90	92	80	55	1	4	82	1	80	8.88e-27	99.2
tr|A0A0E1NSG3|A0A0E1NSG3_YERPA	GCF_011397855.1_WP_044414183.1	36.250	86	90	92	80	50	1	4	82	1	80	9.09e-27	99.2
tr|A0A0E1NSG3|A0A0E1NSG3_YERPA	GCF_008033135.1_WP_148717358.1	26.582	86	87	92	79	58	0	4	82	1	79	1.11e-26	98.9
tr|A0A0E1NSG3|A0A0E1NSG3_YERPA	GCF_017329545.1_WP_047884589.1	35.294	86	95	98	85	54	1	3	86	1	85	1.14e-26	98.9
tr|A0A0E1NSG3|A0A0E1NSG3_YERPA	GCF_012767755.2_WP_173176508.1	31.250	86	91	92	80	51	2	4	82	1	77	1.25e-26	98.6
tr|A0A0E1NSG3|A0A0E1NSG3_YERPA	GCF_025402875.1_WP_011791024.1	31.250	86	90	92	80	54	1	4	82	1	80	2.14e-26	98.1
tr|A0A0E1NSG3|A0A0E1NSG3_YERPA	GCF_003957745.1_WP_126168493.1	35.000	86	87	92	80	51	1	4	82	1	80	5.19e-26	96.9
tr|A0A0E1NSG3|A0A0E1NSG3_YERPA	GCF_000178875.2_WP_012197738.1	32.500	86	90	92	80	53	1	4	82	1	80	6.17e-26	96.9
tr|A0A0E1NSG3|A0A0E1NSG3_YERPA	GCF_019047765.1_WP_040231149.1	30.233	86	89	99	86	59	1	1	85	1	86	6.82e-26	96.9
tr|A0A0E1NSG3|A0A0E1NSG3_YERPA	GCF_016834455.1_WP_203325205.1	35.000	86	86	92	80	51	1	4	82	1	80	6.84e-26	96.7
tr|A0A0E1NSG3|A0A0E1NSG3_YERPA	GCF_000015245.1_WP_011761423.1	35.000	86	86	92	80	51	1	4	82	1	80	1.98e-25	95.5
tr|A0A0E1NSG3|A0A0E1NSG3_YERPA	GCF_014524625.1_WP_009050814.1	23.750	86	92	92	80	60	1	4	82	1	80	2.61e-25	95.2
tr|A0A0E1NSG3|A0A0E1NSG3_YERPA	GCF_024971755.1_WP_259474826.1	30.000	86	88	92	80	55	1	4	82	1	80	6.55e-25	94.4
tr|A0A0E1NSG3|A0A0E1NSG3_YERPA	GCF_019670705.1_WP_100146025.1	35.000	86	92	92	80	51	1	4	82	1	80	8.46e-25	94.1
tr|A0A0E1NSG3|A0A0E1NSG3_YERPA	GCF_017354925.1_WP_207321174.1	32.500	86	87	92	80	53	1	4	82	1	80	9.13e-25	93.8
tr|A0A0E1NSG3|A0A0E1NSG3_YERPA	GCF_009730655.1_WP_156020461.1	35.000	86	92	92	80	51	1	4	82	1	80	1.16e-24	93.8
tr|A0A0E1NSG3|A0A0E1NSG3_YERPA	GCF_012767755.2_WP_173171843.1	33.750	86	90	92	80	52	1	4	82	1	80	1.21e-24	93.6
tr|A0A0E1NSG3|A0A0E1NSG3_YERPA	GCF_002355475.1_WP_003455993.1	31.169	86	90	88	77	52	1	7	82	2	78	1.26e-24	93.6
tr|A0A0E1NSG3|A0A0E1NSG3_YERPA	GCF_020991025.1_WP_152109250.1	41.026	86	83	90	78	45	1	3	79	1	78	1.54e-24	93.3
tr|A0A0E1NSG3|A0A0E1NSG3_YERPA	GCF_017354965.1_WP_207380278.1	32.500	86	87	92	80	53	1	4	82	1	80	1.85e-24	93.0
tr|A0A0E1NSG3|A0A0E1NSG3_YERPA	GCF_024346675.1_WP_048897676.1	30.952	86	86	97	84	57	1	3	85	1	84	6.96e-24	91.6
tr|A0A0E1NSG3|A0A0E1NSG3_YERPA	GCF_008807375.1_WP_151133519.1	28.571	86	90	88	77	54	1	7	82	2	78	8.63e-24	91.6
tr|A0A0E1NSG3|A0A0E1NSG3_YERPA	GCF_029457395.1_WP_024766443.1	29.762	86	92	92	84	54	1	4	82	1	84	1.14e-23	91.3
tr|A0A0E1NSG3|A0A0E1NSG3_YERPA	GCF_003025345.2_WP_003155955.1	35.227	86	91	95	88	51	1	4	85	1	88	3.01e-23	90.2
tr|A0A0E1NSG3|A0A0E1NSG3_YERPA	GCF_002215585.1_WP_088903590.1	29.114	86	89	92	79	56	0	4	82	1	79	3.43e-23	89.9
tr|A0A0E1NSG3|A0A0E1NSG3_YERPA	GCF_024347355.1_WP_105024956.1	30.488	86	83	90	82	52	2	10	86	2	83	6.26e-23	89.1
tr|A0A0E1NSG3|A0A0E1NSG3_YERPA	GCF_002005305.1_WP_077753428.1	32.500	86	86	92	80	53	1	4	82	1	80	8.11e-23	88.8
tr|A0A0E1NSG3|A0A0E1NSG3_YERPA	GCF_006742785.1_WP_172630283.1	25.316	86	88	91	79	58	1	8	85	3	81	8.67e-23	88.8
tr|A0A0E1NSG3|A0A0E1NSG3_YERPA	GCF_024347475.1_WP_239840920.1	28.395	86	83	88	81	53	2	10	85	2	82	9.01e-23	88.8
tr|A0A0E1NSG3|A0A0E1NSG3_YERPA	GCF_004358345.1_WP_121852852.1	32.857	86	76	80	70	46	1	3	71	1	70	1.03e-22	88.5
tr|A0A0E1NSG3|A0A0E1NSG3_YERPA	GCF_012971725.1_WP_169940133.1	29.762	86	92	92	84	54	1	4	82	1	84	1.31e-22	88.5
tr|A0A0E1NSG3|A0A0E1NSG3_YERPA	GCF_016026875.1_WP_045525981.1	35.714	86	89	81	70	42	1	4	73	1	67	1.52e-22	88.2
tr|A0A0E1NSG3|A0A0E1NSG3_YERPA	GCF_020405345.1_WP_017780573.1	33.803	86	89	83	71	44	1	4	74	1	68	2.60e-22	87.6
tr|A0A0E1NSG3|A0A0E1NSG3_YERPA	GCF_003584645.1_WP_197716612.1	28.049	86	80	91	82	52	2	3	80	1	79	2.71e-22	87.4
tr|A0A0E1NSG3|A0A0E1NSG3_YERPA	GCF_020423125.1_WP_226170850.1	30.120	86	84	97	83	58	0	4	86	1	83	2.88e-22	87.4
tr|A0A0E1NSG3|A0A0E1NSG3_YERPA	GCF_000014885.1_WP_020912292.1	33.750	86	87	92	80	52	1	4	82	1	80	3.47e-22	87.4
tr|A0A0E1NSG3|A0A0E1NSG3_YERPA	GCF_002204915.1_WP_052690899.1	26.250	86	101	87	80	54	2	10	84	21	100	4.59e-22	87.4
tr|A0A0E1NSG3|A0A0E1NSG3_YERPA	GCF_009938225.1_WP_075649723.1	37.975	86	82	86	79	44	2	10	83	2	80	4.89e-22	86.8
tr|A0A0E1NSG3|A0A0E1NSG3_YERPA	GCF_028355655.1_WP_087756847.1	27.711	86	84	97	83	60	0	4	86	1	83	6.27e-22	86.5
tr|A0A0E1NSG3|A0A0E1NSG3_YERPA	GCF_000146165.2_WP_164925808.1	32.099	86	89	92	81	53	2	4	82	1	81	1.05e-21	86.2
tr|A0A0E1NSG3|A0A0E1NSG3_YERPA	GCF_006337165.1_WP_139515111.1	34.568	86	82	88	81	45	2	3	78	1	78	1.21e-21	86.0
tr|A0A0E1NSG3|A0A0E1NSG3_YERPA	GCF_020149575.1_WP_224431657.1	33.803	86	85	83	71	44	1	4	74	1	68	1.62e-21	85.7
tr|A0A0E1NSG3|A0A0E1NSG3_YERPA	GCF_008693705.1_WP_127008315.1	26.506	86	84	97	83	61	0	4	86	1	83	2.18e-21	85.1
tr|A0A0E1NSG3|A0A0E1NSG3_YERPA	GCF_004355185.1_WP_133271280.1	32.500	86	81	87	80	46	2	4	78	1	77	2.23e-21	85.1
tr|A0A0E1NSG3|A0A0E1NSG3_YERPA	GCF_000016065.1_WP_011864074.1	30.380	86	93	92	79	55	0	4	82	1	79	2.31e-21	85.4
tr|A0A0E1NSG3|A0A0E1NSG3_YERPA	GCF_014169735.1_WP_134997272.1	25.610	86	86	95	82	61	0	4	85	1	82	2.78e-21	85.1
tr|A0A0E1NSG3|A0A0E1NSG3_YERPA	GCF_900637545.1_WP_042651794.1	27.711	86	84	97	83	60	0	4	86	1	83	3.00e-21	84.8
tr|A0A0E1NSG3|A0A0E1NSG3_YERPA	GCF_003966655.1_WP_113527441.1	26.761	86	77	83	71	52	0	3	73	1	71	3.90e-21	84.6
tr|A0A0E1NSG3|A0A0E1NSG3_YERPA	GCF_022371215.1_WP_239718047.1	25.610	86	83	90	82	56	2	10	86	2	83	4.21e-21	84.6
tr|A0A0E1NSG3|A0A0E1NSG3_YERPA	GCF_013462805.1_WP_009566961.1	26.761	86	77	83	71	52	0	3	73	1	71	4.75e-21	84.3
tr|A0A0E1NSG3|A0A0E1NSG3_YERPA	GCF_001596155.1_WP_068342236.1	31.169	86	90	85	77	46	3	3	75	1	74	4.81e-21	84.6
tr|A0A0E1NSG3|A0A0E1NSG3_YERPA	GCF_000009145.1_WP_041356315.1	29.870	86	90	88	77	53	1	10	85	6	82	4.84e-21	84.6
tr|A0A0E1NSG3|A0A0E1NSG3_YERPA	GCF_027625995.1_WP_270126807.1	32.099	86	82	88	81	47	2	3	78	1	78	4.93e-21	84.3
tr|A0A0E1NSG3|A0A0E1NSG3_YERPA	GCF_000801295.1_WP_171816254.1	31.646	86	99	88	79	51	1	1	76	1	79	5.35e-21	84.6
tr|A0A0E1NSG3|A0A0E1NSG3_YERPA	GCF_001677435.1_WP_068615618.1	31.169	86	90	87	77	50	3	3	77	1	76	5.95e-21	84.3
tr|A0A0E1NSG3|A0A0E1NSG3_YERPA	GCF_019669905.1_WP_054759186.1	30.380	86	79	91	79	50	2	8	85	3	77	9.50e-21	83.4
tr|A0A0E1NSG3|A0A0E1NSG3_YERPA	GCF_000214665.1_WP_013819542.1	27.273	86	83	88	77	54	2	10	85	6	81	9.70e-21	83.4
tr|A0A0E1NSG3|A0A0E1NSG3_YERPA	GCF_000968535.2_WP_014147785.1	31.579	86	84	87	76	50	2	8	82	4	78	1.04e-20	83.4
tr|A0A0E1NSG3|A0A0E1NSG3_YERPA	GCF_003015165.1_WP_106887831.1	27.711	86	84	97	83	60	0	4	86	1	83	1.13e-20	83.4
tr|A0A0E1NSG3|A0A0E1NSG3_YERPA	GCF_001007935.1_WP_046849946.1	27.848	86	84	91	79	56	1	8	85	4	82	1.14e-20	83.4
tr|A0A0E1NSG3|A0A0E1NSG3_YERPA	GCF_001020955.1_WP_047250467.1	34.177	86	82	87	79	48	2	1	75	1	79	1.30e-20	83.1
tr|A0A0E1NSG3|A0A0E1NSG3_YERPA	GCF_024360925.2_WP_255188929.1	26.923	86	83	90	78	55	2	10	86	6	82	1.44e-20	83.1
tr|A0A0E1NSG3|A0A0E1NSG3_YERPA	GCF_016127195.1_WP_042032742.1	31.429	86	89	81	70	45	1	4	73	1	67	1.51e-20	83.1
tr|A0A0E1NSG3|A0A0E1NSG3_YERPA	GCF_014905115.1_WP_193151849.1	26.582	86	81	86	79	53	2	10	83	2	80	1.83e-20	82.9
tr|A0A0E1NSG3|A0A0E1NSG3_YERPA	GCF_016026615.1_WP_197928313.1	29.851	86	89	78	67	47	0	4	70	1	67	2.77e-20	82.6
tr|A0A0E1NSG3|A0A0E1NSG3_YERPA	GCF_013137895.1_WP_135435790.1	32.927	86	83	90	82	46	3	1	77	1	78	5.48e-20	81.7
tr|A0A0E1NSG3|A0A0E1NSG3_YERPA	GCF_010093065.1_WP_238430213.1	28.235	86	83	93	85	53	3	1	80	2	83	5.53e-20	81.7
tr|A0A0E1NSG3|A0A0E1NSG3_YERPA	GCF_000576555.1_WP_044000633.1	33.333	86	83	85	78	44	2	6	78	5	79	6.08e-20	81.5
tr|A0A0E1NSG3|A0A0E1NSG3_YERPA	GCF_001558255.2_WP_005504861.1	33.333	86	82	87	81	48	3	10	84	2	82	7.40e-20	81.2
tr|A0A0E1NSG3|A0A0E1NSG3_YERPA	GCF_014879975.1_WP_192888672.1	26.829	86	83	90	82	55	2	10	86	2	83	7.71e-20	81.2
tr|A0A0E1NSG3|A0A0E1NSG3_YERPA	GCF_003574965.1_WP_119445661.1	33.333	86	82	88	81	46	2	3	78	1	78	8.21e-20	81.2
tr|A0A0E1NSG3|A0A0E1NSG3_YERPA	GCF_009938205.1_WP_075706454.1	33.750	86	82	87	80	48	2	10	84	2	81	8.27e-20	81.2
tr|A0A0E1NSG3|A0A0E1NSG3_YERPA	GCF_013283835.1_WP_071626507.1	27.273	86	83	86	77	50	2	3	76	1	74	8.49e-20	81.2
tr|A0A0E1NSG3|A0A0E1NSG3_YERPA	GCF_009938185.1_WP_162048373.1	30.000	86	82	87	80	51	2	10	84	2	81	8.82e-20	81.2
tr|A0A0E1NSG3|A0A0E1NSG3_YERPA	GCF_003515105.1_WP_036973086.1	40.845	86	73	81	71	41	1	6	75	2	72	9.32e-20	80.9
tr|A0A0E1NSG3|A0A0E1NSG3_YERPA	GCF_002142475.1_WP_026148861.1	26.250	86	86	88	80	52	2	4	79	1	77	9.53e-20	81.2
tr|A0A0E1NSG3|A0A0E1NSG3_YERPA	GCF_008364325.2_WP_020826409.1	22.500	86	84	92	80	58	2	4	82	1	77	1.09e-19	80.9
tr|A0A0E1NSG3|A0A0E1NSG3_YERPA	GCF_008329985.2_WP_149283950.1	32.432	86	81	85	74	49	1	10	82	2	75	1.09e-19	80.9
tr|A0A0E1NSG3|A0A0E1NSG3_YERPA	GCF_001558415.2_WP_061055374.1	24.051	86	83	86	79	55	2	10	83	2	80	1.13e-19	80.9
tr|A0A0E1NSG3|A0A0E1NSG3_YERPA	GCF_022827545.1_WP_243798205.1	33.333	86	82	88	81	46	2	3	78	1	78	1.26e-19	80.6
tr|A0A0E1NSG3|A0A0E1NSG3_YERPA	GCF_009068765.1_WP_151900329.1	26.582	86	81	86	79	53	2	10	83	2	80	1.31e-19	80.6
tr|A0A0E1NSG3|A0A0E1NSG3_YERPA	GCF_019670125.1_WP_221076876.1	28.750	86	81	87	80	52	2	10	84	2	81	1.45e-19	80.6
tr|A0A0E1NSG3|A0A0E1NSG3_YERPA	GCF_002407485.1_WP_096780111.1	26.250	86	81	87	80	54	2	10	84	2	81	1.84e-19	80.3
tr|A0A0E1NSG3|A0A0E1NSG3_YERPA	GCF_003258315.1_WP_111337788.1	26.582	86	88	91	79	57	1	8	85	4	82	1.98e-19	80.3
tr|A0A0E1NSG3|A0A0E1NSG3_YERPA	GCF_001007875.1_WP_046858354.1	26.582	86	80	86	79	53	2	10	83	2	80	2.18e-19	80.1
tr|A0A0E1NSG3|A0A0E1NSG3_YERPA	GCF_000785705.2_WP_036272019.1	26.316	86	82	88	76	55	1	10	85	6	80	2.38e-19	80.1
tr|A0A0E1NSG3|A0A0E1NSG3_YERPA	GCF_020844025.1_WP_215848879.1	28.169	86	77	83	71	51	0	3	73	1	71	2.44e-19	79.8
tr|A0A0E1NSG3|A0A0E1NSG3_YERPA	GCF_004001245.1_WP_127478562.1	28.395	86	85	88	81	53	2	1	76	1	81	2.78e-19	79.8
tr|A0A0E1NSG3|A0A0E1NSG3_YERPA	GCF_024347035.1_WP_102941394.1	25.000	86	81	87	80	55	2	10	84	2	81	2.92e-19	79.8
tr|A0A0E1NSG3|A0A0E1NSG3_YERPA	GCF_024347635.1_WP_139683960.1	25.610	86	83	90	82	56	2	10	86	2	83	4.76e-19	79.2
tr|A0A0E1NSG3|A0A0E1NSG3_YERPA	GCF_001995825.2_WP_017057338.1	24.390	86	83	90	82	57	2	10	86	2	83	4.76e-19	79.2
tr|A0A0E1NSG3|A0A0E1NSG3_YERPA	GCF_022811645.1_WP_243511723.1	30.769	86	90	86	78	47	2	3	76	1	75	5.12e-19	79.2
tr|A0A0E1NSG3|A0A0E1NSG3_YERPA	GCF_024347595.1_WP_176681244.1	26.829	86	83	90	82	55	2	10	86	2	83	5.36e-19	79.2
tr|A0A0E1NSG3|A0A0E1NSG3_YERPA	GCF_001507645.1_WP_068195976.1	33.766	86	90	85	77	44	2	3	75	1	74	5.50e-19	79.2
tr|A0A0E1NSG3|A0A0E1NSG3_YERPA	GCF_009755585.1_WP_157030071.1	28.571	86	85	85	77	48	2	3	75	1	74	5.82e-19	78.9
tr|A0A0E1NSG3|A0A0E1NSG3_YERPA	GCF_009662475.1_WP_031573754.1	27.941	86	79	79	68	49	0	3	70	1	68	8.73e-19	78.4
tr|A0A0E1NSG3|A0A0E1NSG3_YERPA	GCF_024347455.1_WP_135458404.1	24.390	86	83	90	82	57	2	10	86	2	83	8.91e-19	78.6
tr|A0A0E1NSG3|A0A0E1NSG3_YERPA	GCF_000091465.1_WP_004733849.1	24.390	86	83	90	82	57	2	10	86	2	83	9.05e-19	78.6
tr|A0A0E1NSG3|A0A0E1NSG3_YERPA	GCF_005931095.1_WP_017839868.1	30.380	86	84	91	79	53	2	8	85	4	81	9.35e-19	78.6
tr|A0A0E1NSG3|A0A0E1NSG3_YERPA	GCF_019670105.1_WP_040307707.1	27.027	86	81	85	74	53	1	10	82	2	75	1.10e-18	78.4
tr|A0A0E1NSG3|A0A0E1NSG3_YERPA	GCF_008728635.1_WP_151087836.1	25.974	86	90	85	77	50	3	3	75	1	74	1.23e-18	78.4
tr|A0A0E1NSG3|A0A0E1NSG3_YERPA	GCF_004214795.1_WP_130234502.1	23.457	86	78	91	81	56	2	3	80	1	78	1.44e-18	77.8
tr|A0A0E1NSG3|A0A0E1NSG3_YERPA	GCF_024347655.1_WP_060467732.1	29.268	86	83	90	82	53	2	10	86	2	83	1.58e-18	77.8
tr|A0A0E1NSG3|A0A0E1NSG3_YERPA	GCF_000014765.1_WP_011633385.1	26.582	86	89	91	79	57	1	8	85	3	81	1.99e-18	77.8
tr|A0A0E1NSG3|A0A0E1NSG3_YERPA	GCF_902810445.1_WP_197744199.1	22.222	86	78	90	81	56	3	4	80	1	78	2.21e-18	77.5
tr|A0A0E1NSG3|A0A0E1NSG3_YERPA	GCF_000024005.1_WP_012793320.1	28.205	86	84	86	78	49	2	2	75	3	77	2.35e-18	77.5
tr|A0A0E1NSG3|A0A0E1NSG3_YERPA	GCF_002762215.1_WP_085750011.1	28.947	86	87	84	76	47	3	4	75	3	75	2.40e-18	77.5
tr|A0A0E1NSG3|A0A0E1NSG3_YERPA	GCF_003990335.1_WP_127025819.1	21.429	86	91	81	70	55	0	11	80	7	76	2.70e-18	77.5
tr|A0A0E1NSG3|A0A0E1NSG3_YERPA	GCF_024582835.1_WP_257083279.1	25.610	86	87	90	82	56	2	10	86	2	83	2.88e-18	77.2
tr|A0A0E1NSG3|A0A0E1NSG3_YERPA	GCF_024347675.1_WP_261835500.1	28.750	86	81	87	80	52	2	10	84	2	81	3.02e-18	77.2
tr|A0A0E1NSG3|A0A0E1NSG3_YERPA	GCF_000772105.1_WP_004748349.1	28.947	86	81	87	76	53	1	10	84	2	77	3.14e-18	77.2
tr|A0A0E1NSG3|A0A0E1NSG3_YERPA	GCF_000148645.1_WP_013347076.1	29.870	86	80	84	77	49	2	12	83	3	79	4.01e-18	77.0
tr|A0A0E1NSG3|A0A0E1NSG3_YERPA	GCF_024494545.1_WP_256384876.1	24.051	86	81	86	79	55	2	11	84	3	81	4.90e-18	76.7
tr|A0A0E1NSG3|A0A0E1NSG3_YERPA	GCF_013177675.1_WP_172128285.1	26.316	86	81	85	76	50	2	3	75	1	73	5.93e-18	76.4
tr|A0A0E1NSG3|A0A0E1NSG3_YERPA	GCF_004328865.1_WP_104643907.1	28.395	86	83	88	81	53	2	10	85	2	82	7.02e-18	76.4
tr|A0A0E1NSG3|A0A0E1NSG3_YERPA	GCF_001651805.1_WP_067384150.1	35.135	86	78	80	74	43	3	4	72	1	74	7.10e-18	76.1
tr|A0A0E1NSG3|A0A0E1NSG3_YERPA	GCF_003668795.1_WP_054981706.1	30.864	86	83	88	81	51	2	10	85	2	82	8.63e-18	76.1
tr|A0A0E1NSG3|A0A0E1NSG3_YERPA	GCF_008369605.1_WP_000253074.1	27.500	86	81	87	80	53	2	10	84	2	81	9.10e-18	75.8
tr|A0A0E1NSG3|A0A0E1NSG3_YERPA	GCF_002214395.1_WP_010453422.1	24.359	86	81	85	78	54	2	12	84	4	81	9.10e-18	75.8
tr|A0A0E1NSG3|A0A0E1NSG3_YERPA	GCF_003149515.1_WP_109656005.1	25.974	86	90	85	77	50	2	3	75	1	74	9.37e-18	76.1
tr|A0A0E1NSG3|A0A0E1NSG3_YERPA	GCF_001831495.1_WP_068547707.1	21.250	86	81	87	80	58	2	10	84	2	81	9.40e-18	75.8
tr|A0A0E1NSG3|A0A0E1NSG3_YERPA	GCF_001955715.1_WP_029708890.1	24.359	86	80	86	78	52	2	4	77	1	75	1.03e-17	75.8
tr|A0A0E1NSG3|A0A0E1NSG3_YERPA	GCF_024362845.1_WP_255230807.1	24.051	86	82	86	79	55	2	10	83	2	80	1.16e-17	75.6
tr|A0A0E1NSG3|A0A0E1NSG3_YERPA	GCF_010093065.1_WP_162331416.1	25.000	86	84	84	76	50	2	4	75	5	77	1.24e-17	75.6
tr|A0A0E1NSG3|A0A0E1NSG3_YERPA	GCF_003967195.1_WP_172597571.1	29.333	86	83	81	75	48	2	3	72	2	76	1.34e-17	75.6
tr|A0A0E1NSG3|A0A0E1NSG3_YERPA	GCF_001455205.1_WP_062560013.1	24.675	86	84	88	77	56	2	10	85	6	81	1.58e-17	75.3
tr|A0A0E1NSG3|A0A0E1NSG3_YERPA	GCF_000212735.1_WP_013764159.1	29.114	86	83	87	79	49	2	1	75	1	76	1.64e-17	75.3
tr|A0A0E1NSG3|A0A0E1NSG3_YERPA	GCF_013343005.1_WP_078482823.1	37.179	86	84	85	78	44	2	3	75	1	78	1.66e-17	75.3
tr|A0A0E1NSG3|A0A0E1NSG3_YERPA	GCF_007197555.1_WP_144048375.1	29.070	86	94	92	86	54	2	4	82	1	86	1.90e-17	75.3
tr|A0A0E1NSG3|A0A0E1NSG3_YERPA	GCF_900233005.1_WP_102521318.1	24.051	86	81	86	79	55	2	10	83	2	80	1.98e-17	75.0
tr|A0A0E1NSG3|A0A0E1NSG3_YERPA	GCF_000021985.1_WP_012639500.1	29.730	86	82	80	74	47	2	3	71	1	74	2.10e-17	75.0
tr|A0A0E1NSG3|A0A0E1NSG3_YERPA	GCF_003353065.1_WP_114983154.1	28.947	86	84	84	76	47	3	1	72	1	73	2.26e-17	75.0
tr|A0A0E1NSG3|A0A0E1NSG3_YERPA	GCF_003346815.1_WP_114840342.1	30.000	86	82	90	80	50	2	3	79	1	77	2.33e-17	75.0
tr|A0A0E1NSG3|A0A0E1NSG3_YERPA	GCF_002221525.1_WP_089349457.1	32.099	86	83	88	81	50	2	10	85	2	82	2.44e-17	75.0
tr|A0A0E1NSG3|A0A0E1NSG3_YERPA	GCF_009938015.1_WP_223264517.1	31.646	86	90	86	79	49	3	1	74	1	79	2.51e-17	75.0
tr|A0A0E1NSG3|A0A0E1NSG3_YERPA	GCF_024347495.1_WP_137371745.1	24.324	86	80	85	74	55	1	10	82	2	75	2.59e-17	74.7
tr|A0A0E1NSG3|A0A0E1NSG3_YERPA	GCF_020091585.1_WP_224339804.1	24.675	86	82	85	77	51	2	4	76	1	74	3.00e-17	74.7
tr|A0A0E1NSG3|A0A0E1NSG3_YERPA	GCF_000238395.3_WP_010553578.1	28.395	86	83	88	81	53	2	10	85	2	82	3.08e-17	74.7
tr|A0A0E1NSG3|A0A0E1NSG3_YERPA	GCF_005877035.1_WP_039486662.1	28.395	86	83	88	81	53	2	10	85	2	82	3.12e-17	74.7
tr|A0A0E1NSG3|A0A0E1NSG3_YERPA	GCF_002849875.1_WP_232379112.1	26.744	86	113	91	86	55	2	6	83	28	113	3.24e-17	75.3
tr|A0A0E1NSG3|A0A0E1NSG3_YERPA	GCF_016613475.2_WP_200606805.1	22.500	86	90	87	80	54	3	1	75	1	77	3.76e-17	74.4
tr|A0A0E1NSG3|A0A0E1NSG3_YERPA	GCF_024746855.1_WP_260492542.1	29.487	86	79	86	78	51	1	10	83	2	79	3.79e-17	74.4
tr|A0A0E1NSG3|A0A0E1NSG3_YERPA	GCF_001999225.1_WP_077537996.1	24.691	86	82	88	81	56	2	10	85	2	82	4.57e-17	74.1
tr|A0A0E1NSG3|A0A0E1NSG3_YERPA	GCF_000019525.1_WP_012323084.1	28.947	86	81	87	76	53	1	10	84	2	77	4.79e-17	74.1
tr|A0A0E1NSG3|A0A0E1NSG3_YERPA	GCF_000940995.1_WP_082060442.1	24.706	86	93	98	85	63	1	3	86	1	85	4.79e-17	74.4
tr|A0A0E1NSG3|A0A0E1NSG3_YERPA	GCF_003063625.1_WP_108601906.1	24.675	86	85	86	77	55	1	10	83	5	81	5.12e-17	74.1
tr|A0A0E1NSG3|A0A0E1NSG3_YERPA	GCF_013177635.1_WP_129095542.1	25.676	86	72	83	74	49	2	3	73	1	71	5.72e-17	73.9
tr|A0A0E1NSG3|A0A0E1NSG3_YERPA	GCF_003544915.1_WP_118918525.1	27.632	86	73	85	76	49	2	3	75	1	73	5.95e-17	73.6
tr|A0A0E1NSG3|A0A0E1NSG3_YERPA	GCF_018736065.1_WP_144074266.1	27.941	86	76	79	68	45	2	7	74	10	73	6.00e-17	73.9
tr|A0A0E1NSG3|A0A0E1NSG3_YERPA	GCF_003970675.1_WP_126615366.1	27.941	86	76	79	68	45	2	7	74	10	73	6.25e-17	73.6
tr|A0A0E1NSG3|A0A0E1NSG3_YERPA	GCF_004421105.1_WP_134356453.1	21.519	86	80	87	79	55	3	4	78	1	76	7.28e-17	73.6
tr|A0A0E1NSG3|A0A0E1NSG3_YERPA	GCF_002355735.1_WP_096359192.1	27.632	86	83	84	76	51	2	4	75	7	82	7.60e-17	73.6
tr|A0A0E1NSG3|A0A0E1NSG3_YERPA	GCF_013201725.1_WP_014475480.1	29.730	86	74	83	74	46	2	3	73	1	71	8.05e-17	73.3
tr|A0A0E1NSG3|A0A0E1NSG3_YERPA	GCF_002906475.1_WP_012130247.1	23.377	86	81	84	77	54	2	12	83	4	80	8.15e-17	73.6
tr|A0A0E1NSG3|A0A0E1NSG3_YERPA	GCF_003346775.1_WP_114843067.1	25.974	86	84	86	77	51	2	3	76	1	74	8.37e-17	73.6
tr|A0A0E1NSG3|A0A0E1NSG3_YERPA	GCF_024347275.1_WP_019620968.1	29.268	86	82	90	82	53	3	4	80	1	82	1.14e-16	73.0
tr|A0A0E1NSG3|A0A0E1NSG3_YERPA	GCF_002215215.1_WP_088918776.1	41.429	86	101	80	70	39	2	5	73	15	83	1.18e-16	73.6
tr|A0A0E1NSG3|A0A0E1NSG3_YERPA	GCF_002021755.1_WP_005434844.1	23.377	86	81	84	77	54	2	12	83	4	80	1.20e-16	73.0
tr|A0A0E1NSG3|A0A0E1NSG3_YERPA	GCF_008122265.1_WP_148863603.1	22.078	86	84	85	77	53	2	4	76	1	74	1.23e-16	73.0
tr|A0A0E1NSG3|A0A0E1NSG3_YERPA	GCF_008632455.1_WP_150048082.1	22.078	86	84	88	77	58	2	9	84	5	80	1.31e-16	73.0
tr|A0A0E1NSG3|A0A0E1NSG3_YERPA	GCF_002355415.1_WP_148665551.1	34.247	86	87	80	73	44	2	6	74	13	85	1.33e-16	73.0
tr|A0A0E1NSG3|A0A0E1NSG3_YERPA	GCF_001456255.1_WP_020335096.1	23.077	86	81	85	78	55	2	12	84	4	81	1.44e-16	72.7
tr|A0A0E1NSG3|A0A0E1NSG3_YERPA	GCF_013201935.1_WP_129014602.1	25.676	86	72	83	74	49	2	3	73	1	71	1.66e-16	72.5
tr|A0A0E1NSG3|A0A0E1NSG3_YERPA	GCF_015209785.1_WP_193988300.1	38.235	86	73	78	68	41	1	6	72	2	69	1.71e-16	72.5
tr|A0A0E1NSG3|A0A0E1NSG3_YERPA	GCF_000770115.1_WP_069687890.1	23.377	86	81	84	77	54	2	12	83	4	80	2.05e-16	72.5
tr|A0A0E1NSG3|A0A0E1NSG3_YERPA	GCF_019670485.1_WP_221071211.1	24.675	86	81	84	77	53	2	12	83	4	80	2.25e-16	72.5
tr|A0A0E1NSG3|A0A0E1NSG3_YERPA	GCF_008807855.1_WP_063240334.1	23.077	86	83	86	78	53	2	2	75	3	77	2.37e-16	72.5
tr|A0A0E1NSG3|A0A0E1NSG3_YERPA	GCF_000143085.1_WP_013221711.1	21.053	86	82	84	76	53	3	4	75	1	73	2.50e-16	72.2
tr|A0A0E1NSG3|A0A0E1NSG3_YERPA	GCF_000828615.1_WP_041064380.1	31.646	86	80	86	79	49	3	1	74	1	79	2.51e-16	72.2
tr|A0A0E1NSG3|A0A0E1NSG3_YERPA	GCF_008931805.1_WP_019441510.1	23.750	86	81	87	80	56	2	10	84	2	81	3.09e-16	71.9
tr|A0A0E1NSG3|A0A0E1NSG3_YERPA	GCF_002557795.1_WP_098194977.1	23.171	86	89	87	82	53	3	1	75	1	79	3.25e-16	72.2
tr|A0A0E1NSG3|A0A0E1NSG3_YERPA	GCF_024347195.1_WP_271272618.1	34.247	86	77	80	73	44	3	4	72	1	73	3.53e-16	71.9
tr|A0A0E1NSG3|A0A0E1NSG3_YERPA	GCF_000317125.1_WP_015155280.1	22.500	86	81	88	80	55	3	4	79	1	77	3.66e-16	71.9
tr|A0A0E1NSG3|A0A0E1NSG3_YERPA	GCF_019797925.1_WP_193521737.1	28.571	86	80	85	77	51	1	11	83	3	79	3.99e-16	71.6
tr|A0A0E1NSG3|A0A0E1NSG3_YERPA	GCF_010119975.1_WP_162445115.1	24.706	86	365	94	85	56	2	4	84	8	88	4.91e-16	76.1
tr|A0A0E1NSG3|A0A0E1NSG3_YERPA	GCF_023733635.1_WP_039959400.1	27.027	86	89	80	74	49	2	4	72	1	74	4.91e-16	71.6
tr|A0A0E1NSG3|A0A0E1NSG3_YERPA	GCF_004028275.1_WP_128384077.1	25.714	86	77	77	70	48	2	9	74	2	71	4.93e-16	71.3
tr|A0A0E1NSG3|A0A0E1NSG3_YERPA	GCF_002218045.2_WP_089137819.1	40.278	86	79	79	72	39	2	6	73	5	76	5.60e-16	71.3
tr|A0A0E1NSG3|A0A0E1NSG3_YERPA	GCF_006364355.1_WP_004727652.1	22.785	86	83	86	79	56	2	10	83	2	80	5.62e-16	71.3
tr|A0A0E1NSG3|A0A0E1NSG3_YERPA	GCF_000321415.2_WP_015260329.1	32.222	86	93	100	90	55	3	1	86	1	88	7.01e-16	71.3
tr|A0A0E1NSG3|A0A0E1NSG3_YERPA	GCF_000012805.1_WP_011330264.1	21.053	86	85	84	76	53	3	4	75	1	73	7.10e-16	71.0
tr|A0A0E1NSG3|A0A0E1NSG3_YERPA	GCF_026427595.1_WP_251812951.1	27.500	86	88	87	80	53	2	12	86	7	86	7.30e-16	71.3
tr|A0A0E1NSG3|A0A0E1NSG3_YERPA	GCF_001442805.1_WP_057942092.1	24.324	86	88	81	74	49	2	5	74	6	76	7.84e-16	71.0
tr|A0A0E1NSG3|A0A0E1NSG3_YERPA	GCF_000024825.1_WP_005460845.1	23.077	86	81	85	78	55	2	12	84	4	81	8.22e-16	71.0
tr|A0A0E1NSG3|A0A0E1NSG3_YERPA	GCF_013201665.1_WP_128359868.1	23.171	86	81	92	82	57	2	3	81	1	79	8.41e-16	71.0
tr|A0A0E1NSG3|A0A0E1NSG3_YERPA	GCF_000026085.1_WP_041454550.1	32.394	86	73	80	71	45	3	6	74	2	71	8.51e-16	70.8
tr|A0A0E1NSG3|A0A0E1NSG3_YERPA	GCF_001431725.1_WP_021820278.1	23.750	86	81	87	80	56	2	10	84	2	81	8.75e-16	70.8
tr|A0A0E1NSG3|A0A0E1NSG3_YERPA	GCF_019703835.1_WP_087020305.1	32.911	86	79	87	79	46	2	12	86	3	78	1.16e-15	70.5
tr|A0A0E1NSG3|A0A0E1NSG3_YERPA	GCF_005166025.1_WP_137090244.1	25.000	86	84	84	76	50	2	3	74	1	73	1.34e-15	70.5
tr|A0A0E1NSG3|A0A0E1NSG3_YERPA	GCF_002356115.1_WP_096526481.1	19.737	86	78	84	76	54	2	4	75	1	73	1.52e-15	70.2
tr|A0A0E1NSG3|A0A0E1NSG3_YERPA	GCF_002157225.2_WP_086934278.1	27.397	86	80	85	73	53	0	10	82	5	77	1.69e-15	70.2
tr|A0A0E1NSG3|A0A0E1NSG3_YERPA	GCF_003568825.1_WP_040644076.1	25.641	86	83	86	78	54	1	10	83	2	79	1.99e-15	69.9
tr|A0A0E1NSG3|A0A0E1NSG3_YERPA	GCF_002887615.1_WP_038869703.1	22.078	86	81	84	77	55	2	12	83	4	80	3.30e-15	69.4
tr|A0A0E1NSG3|A0A0E1NSG3_YERPA	GCF_024347255.1_WP_091360415.1	32.432	86	79	80	74	45	2	4	72	1	74	3.40e-15	69.4
tr|A0A0E1NSG3|A0A0E1NSG3_YERPA	GCF_000227685.2_WP_006746304.1	32.099	86	83	90	81	51	2	1	77	1	81	3.52e-15	69.4
tr|A0A0E1NSG3|A0A0E1NSG3_YERPA	GCF_018389385.1_WP_218082190.1	23.684	86	91	84	76	51	2	2	73	13	85	3.94e-15	69.4
tr|A0A0E1NSG3|A0A0E1NSG3_YERPA	GCF_000014785.1_WP_011630183.1	29.870	86	83	85	77	50	3	4	76	7	83	4.76e-15	69.1
tr|A0A0E1NSG3|A0A0E1NSG3_YERPA	GCF_001956695.1_WP_076086043.1	25.333	86	77	84	75	50	2	4	75	1	72	5.51e-15	68.8
tr|A0A0E1NSG3|A0A0E1NSG3_YERPA	GCF_002157895.1_WP_227874980.1	23.750	86	82	87	80	56	2	10	84	3	82	6.48e-15	68.8
tr|A0A0E1NSG3|A0A0E1NSG3_YERPA	GCF_000788395.1_WP_038641921.1	25.000	86	85	78	68	50	1	8	74	3	70	6.82e-15	68.8
tr|A0A0E1NSG3|A0A0E1NSG3_YERPA	GCF_004798725.1_WP_010811758.1	23.077	86	83	86	78	53	2	2	75	3	77	7.97e-15	68.5
tr|A0A0E1NSG3|A0A0E1NSG3_YERPA	GCF_001050135.1_WP_048644179.1	24.051	86	88	87	79	53	3	1	75	1	76	8.28e-15	68.5
tr|A0A0E1NSG3|A0A0E1NSG3_YERPA	GCF_001956695.1_WP_076086034.1	24.051	86	77	87	79	53	2	7	81	2	77	1.04e-14	68.0
tr|A0A0E1NSG3|A0A0E1NSG3_YERPA	GCF_009363415.1_WP_152430616.1	20.253	86	84	86	79	58	2	10	83	2	80	1.33e-14	68.0
tr|A0A0E1NSG3|A0A0E1NSG3_YERPA	GCF_000024725.1_WP_013031543.1	22.785	86	81	87	79	54	3	4	78	1	76	1.46e-14	67.7
tr|A0A0E1NSG3|A0A0E1NSG3_YERPA	GCF_003722295.1_WP_010573895.1	23.377	86	75	83	77	50	2	4	74	1	74	1.49e-14	67.7
tr|A0A0E1NSG3|A0A0E1NSG3_YERPA	GCF_019977755.1_WP_126608378.1	34.118	86	103	86	85	45	3	10	83	16	100	1.50e-14	68.2
tr|A0A0E1NSG3|A0A0E1NSG3_YERPA	GCF_000018105.1_WP_012162738.1	16.250	86	86	88	80	60	2	4	79	1	77	1.55e-14	67.7
tr|A0A0E1NSG3|A0A0E1NSG3_YERPA	GCF_000092245.1_WP_013136435.1	30.137	86	76	81	73	45	2	7	76	2	71	1.66e-14	67.4
tr|A0A0E1NSG3|A0A0E1NSG3_YERPA	GCF_003955735.1_WP_126127786.1	22.667	86	91	83	75	51	3	5	75	7	78	1.82e-14	67.7
tr|A0A0E1NSG3|A0A0E1NSG3_YERPA	GCF_019891175.1_WP_225938383.1	21.250	86	93	88	80	56	2	4	79	9	85	2.14e-14	67.7
tr|A0A0E1NSG3|A0A0E1NSG3_YERPA	GCF_000317575.1_WP_015193670.1	22.667	86	74	83	75	51	3	4	74	1	72	2.76e-14	66.8
tr|A0A0E1NSG3|A0A0E1NSG3_YERPA	GCF_024347215.1_WP_261843265.1	35.616	86	77	80	73	43	3	4	72	1	73	3.62e-14	66.5
tr|A0A0E1NSG3|A0A0E1NSG3_YERPA	GCF_017638925.1_WP_208844867.1	25.333	86	81	83	75	52	1	11	81	3	77	3.68e-14	66.8
tr|A0A0E1NSG3|A0A0E1NSG3_YERPA	GCF_012295615.1_WP_007018284.1	20.779	86	81	84	77	56	2	12	83	4	80	4.18e-14	66.5
tr|A0A0E1NSG3|A0A0E1NSG3_YERPA	GCF_000222485.1_WP_014022977.1	21.795	86	85	86	78	54	3	1	74	1	75	1.17e-13	65.4
tr|A0A0E1NSG3|A0A0E1NSG3_YERPA	GCF_000014705.1_WP_011637758.1	22.892	86	88	91	83	59	2	9	86	3	85	2.27e-13	64.9
tr|A0A0E1NSG3|A0A0E1NSG3_YERPA	GCF_000019185.1_WP_012277931.1	24.242	86	100	87	99	51	3	10	84	2	100	2.59e-13	64.9
tr|A0A0E1NSG3|A0A0E1NSG3_YERPA	GCF_013283835.1_WP_071625892.1	26.667	86	79	80	75	46	2	7	75	2	73	3.11e-13	64.3
tr|A0A0E1NSG3|A0A0E1NSG3_YERPA	GCF_000012325.1_WP_011045621.1	25.373	86	84	78	67	50	0	10	76	5	71	6.28e-13	63.7
tr|A0A0E1NSG3|A0A0E1NSG3_YERPA	GCF_009937995.1_WP_179954406.1	22.667	86	79	81	75	53	2	4	73	1	75	6.94e-13	63.5
tr|A0A0E1NSG3|A0A0E1NSG3_YERPA	GCF_000265505.1_WP_014796533.1	22.353	86	97	86	85	55	2	4	77	3	87	8.83e-13	63.5
tr|A0A0E1NSG3|A0A0E1NSG3_YERPA	GCF_000973725.1_WP_046311560.1	25.641	86	91	86	78	51	2	3	76	1	75	1.08e-12	63.2
tr|A0A0E1NSG3|A0A0E1NSG3_YERPA	GCF_002309535.1_WP_096047558.1	23.077	86	88	87	78	54	2	9	83	4	78	2.06e-12	62.3
tr|A0A0E1NSG3|A0A0E1NSG3_YERPA	GCF_013282625.1_WP_173286717.1	27.941	86	67	79	68	46	1	9	76	2	66	2.47e-12	61.8
tr|A0A0E1NSG3|A0A0E1NSG3_YERPA	GCF_013201665.1_WP_128358834.1	23.377	86	76	86	77	53	2	7	80	2	75	2.78e-12	61.8
tr|A0A0E1NSG3|A0A0E1NSG3_YERPA	GCF_013201935.1_WP_128987185.1	23.611	86	76	80	72	49	2	7	75	2	70	3.01e-12	61.8
tr|A0A0E1NSG3|A0A0E1NSG3_YERPA	GCF_001705075.2_WP_065970077.1	26.923	86	78	86	78	53	2	3	76	1	78	3.47e-12	61.8
tr|A0A0E1NSG3|A0A0E1NSG3_YERPA	GCF_003544815.1_WP_118886031.1	23.611	86	76	80	72	49	2	7	75	2	70	3.70e-12	61.5
tr|A0A0E1NSG3|A0A0E1NSG3_YERPA	GCF_013177635.1_WP_129095951.1	23.611	86	76	80	72	49	2	7	75	2	70	3.91e-12	61.5
tr|A0A0E1NSG3|A0A0E1NSG3_YERPA	GCF_003967275.1_WP_197721837.1	31.081	86	78	81	74	47	2	3	72	1	74	6.93e-12	60.9
tr|A0A0E1NSG3|A0A0E1NSG3_YERPA	GCF_003346815.1_WP_114840344.1	21.053	86	84	85	76	54	2	4	76	1	73	7.89e-12	60.9
tr|A0A0E1NSG3|A0A0E1NSG3_YERPA	GCF_003855395.1_WP_124730567.1	22.892	86	88	91	83	59	3	9	86	3	85	9.66e-12	60.6
tr|A0A0E1NSG3|A0A0E1NSG3_YERPA	GCF_000006765.1_NP_249630.1	32.941	86	108	92	85	51	1	4	82	1	85	1.28e-11	60.6
tr|A0A0E1NSG3|A0A0E1NSG3_YERPA	GCF_026278345.1_WP_266369249.1	24.324	86	90	81	74	49	2	4	73	1	71	1.44e-11	60.4
tr|A0A0E1NSG3|A0A0E1NSG3_YERPA	GCF_011398355.1_WP_173270160.1	27.692	86	65	76	65	44	1	9	73	2	63	2.10e-11	59.5
tr|A0A0E1NSG3|A0A0E1NSG3_YERPA	GCF_000238255.3_WP_010559905.1	23.171	86	86	92	82	60	2	8	86	3	84	2.56e-11	59.5
tr|A0A0E1NSG3|A0A0E1NSG3_YERPA	GCF_000568815.1_WP_025346049.1	23.377	86	76	86	77	53	2	8	81	3	76	2.91e-11	59.2
tr|A0A0E1NSG3|A0A0E1NSG3_YERPA	GCF_006385555.1_WP_140234395.1	23.750	86	87	87	80	56	2	8	82	2	81	3.07e-11	59.5
tr|A0A0E1NSG3|A0A0E1NSG3_YERPA	GCF_000147355.1_WP_013326989.1	24.615	86	67	70	65	44	2	23	82	1	65	5.74e-11	58.4
tr|A0A0E1NSG3|A0A0E1NSG3_YERPA	GCF_021654855.1_WP_237262080.1	23.529	86	70	74	68	45	2	10	73	3	67	5.96e-11	58.4
tr|A0A0E1NSG3|A0A0E1NSG3_YERPA	GCF_013177675.1_WP_172126669.1	22.078	86	77	86	77	54	2	7	80	2	75	6.87e-11	58.4
tr|A0A0E1NSG3|A0A0E1NSG3_YERPA	GCF_004293625.1_WP_130538367.1	28.814	86	71	69	59	39	1	9	67	2	57	1.23e-10	57.5
tr|A0A0E1NSG3|A0A0E1NSG3_YERPA	GCF_013283835.1_WP_071628250.1	20.253	86	81	88	79	57	2	4	79	1	76	1.23e-10	57.8
tr|A0A0E1NSG3|A0A0E1NSG3_YERPA	GCF_001723605.1_WP_069479051.1	24.324	86	76	83	74	50	2	10	80	5	75	1.97e-10	57.3
tr|A0A0E1NSG3|A0A0E1NSG3_YERPA	GCF_000018285.1_WP_012155987.1	20.408	86	102	84	98	52	3	11	82	3	100	2.82e-10	57.3
tr|A0A0E1NSG3|A0A0E1NSG3_YERPA	GCF_020511155.1_WP_226415657.1	17.500	86	87	87	80	61	2	8	82	3	82	3.24e-10	56.7
tr|A0A0E1NSG3|A0A0E1NSG3_YERPA	GCF_024347675.1_WP_261833361.1	34.884	86	54	50	43	28	0	10	52	2	44	3.38e-10	56.1
tr|A0A0E1NSG3|A0A0E1NSG3_YERPA	GCF_000265295.1_WP_014770430.1	22.078	86	76	86	77	54	2	8	81	3	76	3.52e-10	56.4
tr|A0A0E1NSG3|A0A0E1NSG3_YERPA	GCF_009931655.1_WP_161888514.1	18.987	86	89	87	79	57	2	3	77	1	76	3.74e-10	56.7
tr|A0A0E1NSG3|A0A0E1NSG3_YERPA	GCF_011398355.1_WP_173270199.1	24.242	86	66	77	66	47	1	9	74	2	64	4.67e-10	56.1
tr|A0A0E1NSG3|A0A0E1NSG3_YERPA	GCF_014217805.1_WP_185274331.1	18.421	86	91	84	76	55	2	5	76	6	78	1.00e-09	55.6
tr|A0A0E1NSG3|A0A0E1NSG3_YERPA	GCF_001444405.1_WP_058032142.1	27.536	86	87	79	69	49	1	10	77	2	70	1.35e-09	55.3
tr|A0A0E1NSG3|A0A0E1NSG3_YERPA	GCF_003260975.1_WP_112783789.1	21.918	86	81	81	73	51	3	6	75	2	71	1.65e-09	54.7
tr|A0A0E1NSG3|A0A0E1NSG3_YERPA	GCF_005281475.1_WP_137401239.1	21.918	86	81	81	73	51	3	6	75	2	71	2.00e-09	54.7
tr|A0A0E1NSG3|A0A0E1NSG3_YERPA	GCF_017742995.1_WP_247749573.1	50.000	86	48	42	36	18	0	10	45	2	37	2.00e-09	54.2
tr|A0A0E1NSG3|A0A0E1NSG3_YERPA	GCF_000013765.1_WP_011496543.1	20.000	86	106	93	85	63	2	4	83	17	101	2.07e-09	55.0
tr|A0A0E1NSG3|A0A0E1NSG3_YERPA	GCF_023650495.1_WP_250655372.1	28.302	86	88	57	53	34	1	8	56	3	55	2.41e-09	54.5
tr|A0A0E1NSG3|A0A0E1NSG3_YERPA	GCF_006575665.1_WP_141613356.1	21.918	86	81	81	73	51	3	6	75	2	71	2.73e-09	54.5
tr|A0A0E1NSG3|A0A0E1NSG3_YERPA	GCF_011398155.1_WP_173291533.1	19.697	86	71	76	66	49	2	10	74	3	65	1.82e-08	51.9
tr|A0A0E1NSG3|A0A0E1NSG3_YERPA	GCF_002116735.1_WP_041332374.1	19.481	86	86	85	77	55	2	4	76	7	80	2.36e-08	51.9
tr|A0A0E1NSG3|A0A0E1NSG3_YERPA	GCF_014075995.1_WP_182414414.1	19.231	86	91	86	78	56	2	3	76	4	78	2.46e-08	51.9
tr|A0A0E1NSG3|A0A0E1NSG3_YERPA	GCF_019931735.1_WP_223417223.1	20.513	86	87	85	78	57	1	10	82	4	81	7.10e-08	50.8
tr|A0A0E1NSG3|A0A0E1NSG3_YERPA	GCF_009937995.1_WP_162085741.1	25.000	86	82	86	80	54	2	3	76	1	80	7.21e-08	50.8
tr|A0A0E1NSG3|A0A0E1NSG3_YERPA	GCF_000242635.2_WP_014682426.1	20.000	86	83	77	70	49	2	14	79	11	77	1.21e-07	50.2
tr|A0A0E1NSG3|A0A0E1NSG3_YERPA	GCF_011764585.1_WP_188200227.1	26.786	86	63	59	56	36	2	23	73	2	57	2.84e-07	48.8
tr|A0A0E1NSG3|A0A0E1NSG3_YERPA	GCF_009938015.1_WP_147074368.1	20.000	86	82	86	80	58	3	3	76	1	80	3.69e-07	48.8
tr|A0A0E1NSG3|A0A0E1NSG3_YERPA	GCF_000325705.1_WP_015264554.1	20.270	86	77	83	74	53	3	10	80	6	76	4.43e-07	48.5
tr|A0A0E1NSG3|A0A0E1NSG3_YERPA	GCF_000484535.1_WP_023173213.1	26.154	86	91	74	65	47	1	12	75	24	88	5.11e-07	48.8
tr|A0A0E1NSG3|A0A0E1NSG3_YERPA	GCF_001027285.1_WP_047859305.1	24.490	86	80	57	49	37	0	12	60	12	60	1.43e-06	47.4
tr|A0A0E1NSG3|A0A0E1NSG3_YERPA	GCF_021018745.1_WP_230843504.1	26.154	86	92	74	65	47	1	12	75	24	88	2.47e-06	46.9
tr|A0A0E1NSG3|A0A0E1NSG3_YERPA	GCF_000011385.1_WP_011141833.1	26.154	86	92	74	65	47	1	12	75	24	88	5.75e-06	46.0
tr|A0A0E1NSG3|A0A0E1NSG3_YERPA	GCF_003143555.1_WP_109340539.1	17.333	86	84	84	75	59	2	12	83	5	79	5.04e-05	43.5
tr|A0A0E1NSG3|A0A0E1NSG3_YERPA	GCF_000021985.1_WP_012639464.1	20.253	86	81	85	79	57	2	4	76	1	79	1.88e-04	42.1
tr|A0A0E1NSG3|A0A0E1NSG3_YERPA	GCF_000017845.1_WP_009544142.1	33.846	86	813	76	65	34	1	15	79	377	432	3.15e-04	44.0
tr|A0A0E1NSG3|A0A0E1NSG3_YERPA	GCF_001263175.1_WP_050726405.1	28.889	86	81	52	45	32	0	12	56	12	56	0.002	39.5
tr|A0A0E1NSG3|A0A0E1NSG3_YERPA	GCF_010119975.1_WP_162441452.1	14.286	86	89	85	77	59	2	3	75	1	74	0.002	39.3
tr|A0A0E1NSG3|A0A0E1NSG3_YERPA	GCF_010119975.1_WP_162443195.1	15.190	86	91	87	79	60	2	3	77	1	76	0.003	39.3
tr|A0A0E1NSG3|A0A0E1NSG3_YERPA	GCF_001753245.1_WP_070077210.1	22.500	86	82	85	80	55	3	4	76	1	80	0.004	38.4
# PSIBLAST 2.13.0+
# Iteration: 6
# Query: tr|A0A0E1NSG3|A0A0E1NSG3_YERPA Rho-binding antiterminator OS=Yersinia pestis bv. Antiqua (strain Antiqua) OX=360102 GN=YPA_0540 PE=4 SV=1
# Database: db/chosen-bacteria_proteome_exDup
# Fields: query id, subject id, % identity, query length, subject length, % query coverage per subject, alignment length, mismatches, gap opens, q. start, q. end, s. start, s. end, evalue, bit score
# 468 hits found
tr|A0A0E1NSG3|A0A0E1NSG3_YERPA	GCF_001461805.1_WP_013367515.1	75.581	86	86	100	86	21	0	1	86	1	86	2.43e-39	130
tr|A0A0E1NSG3|A0A0E1NSG3_YERPA	GCF_001518835.1_WP_059308693.1	75.581	86	86	100	86	21	0	1	86	1	86	2.88e-39	130
tr|A0A0E1NSG3|A0A0E1NSG3_YERPA	GCF_021172065.1_WP_015965827.1	73.256	86	86	100	86	23	0	1	86	1	86	4.82e-39	130
tr|A0A0E1NSG3|A0A0E1NSG3_YERPA	GCF_009036245.1_WP_025756830.1	75.581	86	86	100	86	21	0	1	86	1	86	5.02e-39	130
tr|A0A0E1NSG3|A0A0E1NSG3_YERPA	GCF_020097475.1_WP_000062318.1	75.581	86	86	100	86	21	0	1	86	1	86	6.22e-39	129
tr|A0A0E1NSG3|A0A0E1NSG3_YERPA	GCF_009176645.1_WP_152083529.1	76.744	86	86	100	86	20	0	1	86	1	86	6.58e-39	129
tr|A0A0E1NSG3|A0A0E1NSG3_YERPA	GCF_007632255.1_WP_015368146.1	73.256	86	86	100	86	23	0	1	86	1	86	1.27e-38	129
tr|A0A0E1NSG3|A0A0E1NSG3_YERPA	GCF_003594935.2_WP_006173581.1	77.907	86	86	100	86	19	0	1	86	1	86	1.69e-38	128
tr|A0A0E1NSG3|A0A0E1NSG3_YERPA	GCF_001683395.1_WP_017458015.1	70.930	86	86	100	86	25	0	1	86	1	86	1.72e-38	128
tr|A0A0E1NSG3|A0A0E1NSG3_YERPA	GCF_001022135.1_WP_039078449.1	76.744	86	86	100	86	20	0	1	86	1	86	1.75e-38	128
tr|A0A0E1NSG3|A0A0E1NSG3_YERPA	GCF_001658025.2_WP_007373243.1	70.930	86	86	100	86	25	0	1	86	1	86	1.98e-38	128
tr|A0A0E1NSG3|A0A0E1NSG3_YERPA	GCF_000224675.1_WP_010426685.1	77.907	86	86	100	86	19	0	1	86	1	86	2.36e-38	128
tr|A0A0E1NSG3|A0A0E1NSG3_YERPA	GCF_000006925.2_NP_706134.1	74.419	86	86	100	86	22	0	1	86	1	86	2.36e-38	128
tr|A0A0E1NSG3|A0A0E1NSG3_YERPA	GCF_027886705.1_WP_061497537.1	73.256	86	86	100	86	23	0	1	86	1	86	2.42e-38	128
tr|A0A0E1NSG3|A0A0E1NSG3_YERPA	GCF_025914095.1_WP_031518416.1	76.744	86	86	100	86	20	0	1	86	1	86	3.49e-38	128
tr|A0A0E1NSG3|A0A0E1NSG3_YERPA	GCF_015137655.1_WP_028015593.1	76.744	86	86	100	86	20	0	1	86	1	86	3.52e-38	128
tr|A0A0E1NSG3|A0A0E1NSG3_YERPA	GCF_001729805.1_WP_008501890.1	75.581	86	86	100	86	21	0	1	86	1	86	3.52e-38	128
tr|A0A0E1NSG3|A0A0E1NSG3_YERPA	GCF_023195735.1_WP_035891978.1	72.093	86	86	100	86	24	0	1	86	1	86	3.78e-38	127
tr|A0A0E1NSG3|A0A0E1NSG3_YERPA	GCF_009363135.1_WP_090122691.1	70.930	86	86	100	86	25	0	1	86	1	86	5.45e-38	127
tr|A0A0E1NSG3|A0A0E1NSG3_YERPA	GCF_004684345.1_WP_135323069.1	73.256	86	86	100	86	23	0	1	86	1	86	6.59e-38	127
tr|A0A0E1NSG3|A0A0E1NSG3_YERPA	GCF_009649915.1_WP_062772223.1	70.930	86	86	100	86	25	0	1	86	1	86	6.97e-38	127
tr|A0A0E1NSG3|A0A0E1NSG3_YERPA	GCF_001750725.1_WP_014168720.1	77.907	86	86	100	86	19	0	1	86	1	86	7.42e-38	127
tr|A0A0E1NSG3|A0A0E1NSG3_YERPA	GCF_019048625.1_WP_023305471.1	76.744	86	86	100	86	20	0	1	86	1	86	8.10e-38	127
tr|A0A0E1NSG3|A0A0E1NSG3_YERPA	GCF_003812345.1_WP_003018503.1	72.093	86	86	100	86	24	0	1	86	1	86	9.06e-38	127
tr|A0A0E1NSG3|A0A0E1NSG3_YERPA	GCF_001558935.2_WP_042323659.1	73.256	86	86	100	86	23	0	1	86	1	86	9.13e-38	127
tr|A0A0E1NSG3|A0A0E1NSG3_YERPA	GCF_001277255.1_WP_007666633.1	70.930	86	86	100	86	25	0	1	86	1	86	9.42e-38	127
tr|A0A0E1NSG3|A0A0E1NSG3_YERPA	GCF_016904755.1_WP_059234959.1	75.294	86	86	99	85	21	0	1	85	1	85	9.50e-38	127
tr|A0A0E1NSG3|A0A0E1NSG3_YERPA	GCF_022637515.1_WP_064539750.1	72.093	86	86	100	86	24	0	1	86	1	86	1.07e-37	126
tr|A0A0E1NSG3|A0A0E1NSG3_YERPA	GCF_021278985.1_WP_012904575.1	74.419	86	86	100	86	22	0	1	86	1	86	1.09e-37	126
tr|A0A0E1NSG3|A0A0E1NSG3_YERPA	GCF_004353845.1_WP_103768334.1	70.930	86	86	100	86	25	0	1	86	1	86	1.09e-37	126
tr|A0A0E1NSG3|A0A0E1NSG3_YERPA	GCF_002393445.1_WP_061273728.1	72.941	86	86	99	85	23	0	1	85	1	85	1.20e-37	126
tr|A0A0E1NSG3|A0A0E1NSG3_YERPA	GCF_900638065.1_WP_048212636.1	72.093	86	86	100	86	24	0	1	86	1	86	1.31e-37	126
tr|A0A0E1NSG3|A0A0E1NSG3_YERPA	GCF_018128425.1_WP_042289833.1	75.581	86	86	100	86	21	0	1	86	1	86	1.36e-37	126
tr|A0A0E1NSG3|A0A0E1NSG3_YERPA	GCF_000240185.1_YP_005225236.1	74.419	86	86	100	86	22	0	1	86	1	86	1.71e-37	126
tr|A0A0E1NSG3|A0A0E1NSG3_YERPA	GCF_001277175.1_WP_007760020.1	70.930	86	86	100	86	25	0	1	86	1	86	1.85e-37	126
tr|A0A0E1NSG3|A0A0E1NSG3_YERPA	GCF_003261575.2_WP_110272453.1	73.256	86	86	100	86	23	0	1	86	1	86	2.35e-37	125
tr|A0A0E1NSG3|A0A0E1NSG3_YERPA	GCF_001277195.1_WP_032966924.1	70.930	86	86	100	86	25	0	1	86	1	86	2.52e-37	125
tr|A0A0E1NSG3|A0A0E1NSG3_YERPA	GCF_009648935.1_WP_047417117.1	70.930	86	86	100	86	25	0	1	86	1	86	3.01e-37	125
tr|A0A0E1NSG3|A0A0E1NSG3_YERPA	GCF_003812925.1_WP_004107903.1	70.930	86	86	100	86	25	0	1	86	1	86	3.20e-37	125
tr|A0A0E1NSG3|A0A0E1NSG3_YERPA	GCF_001277215.2_WP_007776988.1	70.930	86	86	100	86	25	0	1	86	1	86	3.20e-37	125
tr|A0A0E1NSG3|A0A0E1NSG3_YERPA	GCF_018139045.1_WP_004129134.1	70.930	86	86	100	86	25	0	1	86	1	86	3.47e-37	125
tr|A0A0E1NSG3|A0A0E1NSG3_YERPA	GCF_006711645.1_WP_100682484.1	70.930	86	86	100	86	25	0	1	86	1	86	3.79e-37	125
tr|A0A0E1NSG3|A0A0E1NSG3_YERPA	GCF_000834395.1_WP_042546713.1	97.674	86	86	100	86	2	0	1	86	1	86	4.10e-37	125
tr|A0A0E1NSG3|A0A0E1NSG3_YERPA	GCF_900635955.1_WP_126357486.1	74.118	86	86	99	85	22	0	1	85	1	85	4.23e-37	125
tr|A0A0E1NSG3|A0A0E1NSG3_YERPA	GCF_012029655.1_WP_041144145.1	72.093	86	86	100	86	24	0	1	86	1	86	4.33e-37	125
tr|A0A0E1NSG3|A0A0E1NSG3_YERPA	GCF_022637595.1_WP_004858152.1	73.256	86	86	100	86	23	0	1	86	1	86	4.73e-37	125
tr|A0A0E1NSG3|A0A0E1NSG3_YERPA	GCF_015139575.1_WP_004098776.1	72.093	86	86	100	86	24	0	1	86	1	86	5.16e-37	125
tr|A0A0E1NSG3|A0A0E1NSG3_YERPA	GCF_003935895.2_WP_110510858.1	71.765	86	86	99	85	24	0	1	85	1	85	6.30e-37	124
tr|A0A0E1NSG3|A0A0E1NSG3_YERPA	GCF_004124235.1_WP_025377303.1	98.837	86	86	100	86	1	0	1	86	1	86	7.99e-37	124
tr|A0A0E1NSG3|A0A0E1NSG3_YERPA	GCF_000439255.1_WP_000062328.1	76.744	86	86	100	86	20	0	1	86	1	86	9.67e-37	124
tr|A0A0E1NSG3|A0A0E1NSG3_YERPA	GCF_000018045.1_WP_024130681.1	70.930	86	86	100	86	25	0	1	86	1	86	1.10e-36	124
tr|A0A0E1NSG3|A0A0E1NSG3_YERPA	GCF_013234275.1_WP_172895488.1	70.930	86	86	100	86	25	0	1	86	1	86	1.11e-36	124
tr|A0A0E1NSG3|A0A0E1NSG3_YERPA	GCF_000222975.1_WP_002218374.1	100.000	86	86	100	86	0	0	1	86	1	86	1.15e-36	124
tr|A0A0E1NSG3|A0A0E1NSG3_YERPA	GCF_013282725.1_WP_032813813.1	96.512	86	86	100	86	3	0	1	86	1	86	1.56e-36	123
tr|A0A0E1NSG3|A0A0E1NSG3_YERPA	GCF_000834455.1_WP_032817050.1	98.837	86	86	100	86	1	0	1	86	1	86	1.71e-36	123
tr|A0A0E1NSG3|A0A0E1NSG3_YERPA	GCF_024224615.1_WP_125293588.1	72.941	86	86	99	85	23	0	1	85	1	85	1.76e-36	123
tr|A0A0E1NSG3|A0A0E1NSG3_YERPA	GCF_011068345.1_WP_002436992.1	70.588	86	86	99	85	25	0	1	85	1	85	1.78e-36	123
tr|A0A0E1NSG3|A0A0E1NSG3_YERPA	GCF_000005845.2_NP_414731.2	73.810	86	84	98	84	22	0	3	86	1	84	1.88e-36	123
tr|A0A0E1NSG3|A0A0E1NSG3_YERPA	GCF_002163605.1_WP_157665988.1	74.419	86	86	100	86	22	0	1	86	1	86	2.11e-36	123
tr|A0A0E1NSG3|A0A0E1NSG3_YERPA	GCF_025133195.1_WP_032910235.1	91.860	86	86	100	86	7	0	1	86	1	86	2.51e-36	123
tr|A0A0E1NSG3|A0A0E1NSG3_YERPA	GCF_019797845.1_WP_222158377.1	69.767	86	86	100	86	26	0	1	86	1	86	3.21e-36	123
tr|A0A0E1NSG3|A0A0E1NSG3_YERPA	GCF_000006945.2_NP_459242.1	73.256	86	86	100	86	23	0	1	86	1	86	3.37e-36	123
tr|A0A0E1NSG3|A0A0E1NSG3_YERPA	GCF_900095885.1_WP_035340381.1	74.419	86	86	100	86	22	0	1	86	1	86	4.01e-36	122
tr|A0A0E1NSG3|A0A0E1NSG3_YERPA	GCF_025758125.1_WP_023480196.1	70.930	86	86	100	86	25	0	1	86	1	86	4.08e-36	122
tr|A0A0E1NSG3|A0A0E1NSG3_YERPA	GCF_005484945.1_WP_137712817.1	74.419	86	86	100	86	22	0	1	86	1	86	4.48e-36	122
tr|A0A0E1NSG3|A0A0E1NSG3_YERPA	GCF_000010085.1_WP_011411656.1	66.667	86	86	98	84	28	0	1	84	1	84	4.52e-36	122
tr|A0A0E1NSG3|A0A0E1NSG3_YERPA	GCF_021276285.1_WP_095923198.1	82.143	86	86	98	84	15	0	1	84	1	84	4.82e-36	122
tr|A0A0E1NSG3|A0A0E1NSG3_YERPA	GCF_012427845.1_WP_012773648.1	72.093	86	86	100	86	24	0	1	86	1	86	5.22e-36	122
tr|A0A0E1NSG3|A0A0E1NSG3_YERPA	GCF_000517425.1_WP_025421126.1	67.857	86	86	98	84	27	0	1	84	1	84	5.26e-36	122
tr|A0A0E1NSG3|A0A0E1NSG3_YERPA	GCF_009730055.1_WP_032906500.1	98.837	86	86	100	86	1	0	1	86	1	86	5.30e-36	122
tr|A0A0E1NSG3|A0A0E1NSG3_YERPA	GCF_002288545.1_WP_029367608.1	73.256	86	86	100	86	23	0	1	86	1	86	7.34e-36	122
tr|A0A0E1NSG3|A0A0E1NSG3_YERPA	GCF_017498685.1_WP_038245151.1	91.860	86	86	100	86	7	0	1	86	1	86	1.28e-35	121
tr|A0A0E1NSG3|A0A0E1NSG3_YERPA	GCF_002953195.1_WP_038628016.1	62.791	86	87	100	86	32	0	1	86	1	86	1.45e-35	121
tr|A0A0E1NSG3|A0A0E1NSG3_YERPA	GCF_022637475.1_WP_013574214.1	80.952	86	86	98	84	16	0	1	84	1	84	1.49e-35	121
tr|A0A0E1NSG3|A0A0E1NSG3_YERPA	GCF_009914055.1_WP_160619715.1	66.279	86	87	100	86	29	0	1	86	1	86	1.58e-35	121
tr|A0A0E1NSG3|A0A0E1NSG3_YERPA	GCF_000520015.2_WP_024910172.1	73.256	86	87	100	86	23	0	1	86	1	86	1.82e-35	121
tr|A0A0E1NSG3|A0A0E1NSG3_YERPA	GCF_009873295.1_WP_039312412.1	73.256	86	86	100	86	23	0	1	86	1	86	1.86e-35	121
tr|A0A0E1NSG3|A0A0E1NSG3_YERPA	GCF_003019925.1_WP_162185254.1	77.381	86	86	98	84	19	0	1	84	1	84	2.25e-35	120
tr|A0A0E1NSG3|A0A0E1NSG3_YERPA	GCF_015999465.1_WP_085688159.1	69.412	86	86	99	85	26	0	1	85	1	85	2.62e-35	120
tr|A0A0E1NSG3|A0A0E1NSG3_YERPA	GCF_000233595.1_WP_013024706.1	65.882	86	86	99	85	29	0	1	85	1	85	2.88e-35	120
tr|A0A0E1NSG3|A0A0E1NSG3_YERPA	GCF_002101395.1_WP_085067900.1	62.791	86	87	100	86	32	0	1	86	1	86	2.91e-35	120
tr|A0A0E1NSG3|A0A0E1NSG3_YERPA	GCF_003515985.1_WP_085653101.1	70.588	86	86	99	85	25	0	1	85	1	85	3.14e-35	120
tr|A0A0E1NSG3|A0A0E1NSG3_YERPA	GCF_000262305.1_WP_002441069.1	70.930	86	86	100	86	25	0	1	86	1	86	3.22e-35	120
tr|A0A0E1NSG3|A0A0E1NSG3_YERPA	GCF_000025065.1_WP_012883679.1	70.588	86	86	99	85	25	0	1	85	1	85	3.51e-35	120
tr|A0A0E1NSG3|A0A0E1NSG3_YERPA	GCF_017569925.1_WP_208228065.1	74.419	86	86	100	86	22	0	1	86	1	86	3.80e-35	120
tr|A0A0E1NSG3|A0A0E1NSG3_YERPA	GCF_009931295.1_WP_161528353.1	72.093	86	86	100	86	24	0	1	86	1	86	3.80e-35	120
tr|A0A0E1NSG3|A0A0E1NSG3_YERPA	GCF_000740965.1_WP_011092648.1	72.093	86	86	100	86	24	0	1	86	1	86	3.89e-35	120
tr|A0A0E1NSG3|A0A0E1NSG3_YERPA	GCF_000023545.1_WP_015854637.1	70.930	86	86	100	86	25	0	1	86	1	86	4.60e-35	120
tr|A0A0E1NSG3|A0A0E1NSG3_YERPA	GCF_020181655.1_WP_225087160.1	72.093	86	86	100	86	24	0	1	86	1	86	4.98e-35	120
tr|A0A0E1NSG3|A0A0E1NSG3_YERPA	GCF_001642805.2_WP_004931991.1	74.419	86	87	100	86	22	0	1	86	1	86	6.60e-35	119
tr|A0A0E1NSG3|A0A0E1NSG3_YERPA	GCF_016026735.1_WP_015673540.1	73.256	86	87	100	86	23	0	1	86	1	86	7.49e-35	119
tr|A0A0E1NSG3|A0A0E1NSG3_YERPA	GCF_000023565.1_WP_012770818.1	71.765	86	86	99	85	24	0	1	85	1	85	7.53e-35	119
tr|A0A0E1NSG3|A0A0E1NSG3_YERPA	GCF_021462285.1_WP_234585968.1	74.419	86	87	100	86	22	0	1	86	1	86	7.79e-35	119
tr|A0A0E1NSG3|A0A0E1NSG3_YERPA	GCF_023517775.1_WP_249893541.1	65.116	86	87	100	86	30	0	1	86	1	86	9.14e-35	119
tr|A0A0E1NSG3|A0A0E1NSG3_YERPA	GCF_002291445.1_WP_048635886.1	74.419	86	86	100	86	22	0	1	86	1	86	9.79e-35	119
tr|A0A0E1NSG3|A0A0E1NSG3_YERPA	GCF_001742185.1_WP_005975933.1	72.093	86	86	100	86	24	0	1	86	1	86	9.87e-35	119
tr|A0A0E1NSG3|A0A0E1NSG3_YERPA	GCF_007858975.2_WP_042869176.1	70.588	86	86	99	85	25	0	1	85	1	85	1.02e-34	119
tr|A0A0E1NSG3|A0A0E1NSG3_YERPA	GCF_900187015.1_WP_061796701.1	74.419	86	87	100	86	22	0	1	86	1	86	1.05e-34	119
tr|A0A0E1NSG3|A0A0E1NSG3_YERPA	GCF_000264765.2_WP_034163237.1	69.767	86	86	100	86	26	0	1	86	1	86	1.13e-34	119
tr|A0A0E1NSG3|A0A0E1NSG3_YERPA	GCF_011044475.1_WP_033740322.1	67.059	86	86	99	85	28	0	1	85	1	85	1.21e-34	119
tr|A0A0E1NSG3|A0A0E1NSG3_YERPA	GCF_005484965.1_WP_009114129.1	76.744	86	86	100	86	20	0	1	86	1	86	1.31e-34	118
tr|A0A0E1NSG3|A0A0E1NSG3_YERPA	GCF_009817885.1_WP_105232289.1	72.093	86	87	100	86	24	0	1	86	1	86	1.63e-34	118
tr|A0A0E1NSG3|A0A0E1NSG3_YERPA	GCF_003992745.1_WP_014700896.1	69.767	86	86	100	86	26	0	1	86	1	86	1.64e-34	118
tr|A0A0E1NSG3|A0A0E1NSG3_YERPA	GCF_011617105.1_WP_025800203.1	76.744	86	86	100	86	20	0	1	86	1	86	2.00e-34	118
tr|A0A0E1NSG3|A0A0E1NSG3_YERPA	GCF_020079945.1_WP_039382769.1	63.529	86	87	99	85	31	0	1	85	1	85	2.10e-34	118
tr|A0A0E1NSG3|A0A0E1NSG3_YERPA	GCF_020150375.1_WP_004094310.1	77.907	86	86	100	86	19	0	1	86	1	86	3.17e-34	118
tr|A0A0E1NSG3|A0A0E1NSG3_YERPA	GCF_000026185.1_WP_012440659.1	58.824	86	87	99	85	35	0	1	85	1	85	4.93e-34	117
tr|A0A0E1NSG3|A0A0E1NSG3_YERPA	GCF_022647505.1_WP_128179458.1	61.628	86	87	100	86	33	0	1	86	1	86	5.77e-34	117
tr|A0A0E1NSG3|A0A0E1NSG3_YERPA	GCF_002812485.1_WP_038661467.1	71.765	86	86	99	85	24	0	1	85	1	85	6.70e-34	117
tr|A0A0E1NSG3|A0A0E1NSG3_YERPA	GCF_000196615.1_WP_013200864.1	60.465	86	87	100	86	34	0	1	86	1	86	7.16e-34	117
tr|A0A0E1NSG3|A0A0E1NSG3_YERPA	GCF_021733145.1_WP_012847629.1	69.048	86	86	98	84	26	0	1	84	1	84	8.57e-34	116
tr|A0A0E1NSG3|A0A0E1NSG3_YERPA	GCF_001010285.1_WP_046974061.1	76.744	86	88	100	86	20	0	1	86	1	86	8.82e-34	116
tr|A0A0E1NSG3|A0A0E1NSG3_YERPA	GCF_019890955.1_WP_211725887.1	62.353	86	87	99	85	32	0	1	85	1	85	9.53e-34	116
tr|A0A0E1NSG3|A0A0E1NSG3_YERPA	GCF_000147055.1_WP_022632468.1	70.588	86	86	99	85	25	0	1	85	1	85	1.19e-33	116
tr|A0A0E1NSG3|A0A0E1NSG3_YERPA	GCF_017348915.1_WP_040077077.1	75.581	86	86	100	86	21	0	1	86	1	86	1.58e-33	116
tr|A0A0E1NSG3|A0A0E1NSG3_YERPA	GCF_019090985.1_WP_036781226.1	73.256	86	88	100	86	23	0	1	86	1	86	1.60e-33	116
tr|A0A0E1NSG3|A0A0E1NSG3_YERPA	GCF_002291425.1_WP_095847471.1	70.930	86	87	100	86	25	0	1	86	1	86	1.76e-33	116
tr|A0A0E1NSG3|A0A0E1NSG3_YERPA	GCF_003403135.1_WP_024104894.1	70.588	86	86	99	85	25	0	1	85	1	85	2.28e-33	115
tr|A0A0E1NSG3|A0A0E1NSG3_YERPA	GCF_902387845.1_WP_004237241.1	67.442	86	88	100	86	28	0	1	86	1	86	2.62e-33	115
tr|A0A0E1NSG3|A0A0E1NSG3_YERPA	GCF_004792415.1_WP_013356856.1	61.905	86	86	98	84	32	0	1	84	1	84	3.01e-33	115
tr|A0A0E1NSG3|A0A0E1NSG3_YERPA	GCF_000196475.1_WP_012776850.1	73.256	86	88	100	86	23	0	1	86	1	86	4.12e-33	115
tr|A0A0E1NSG3|A0A0E1NSG3_YERPA	GCF_000196155.1_WP_011145066.1	72.093	86	88	100	86	24	0	1	86	1	86	4.39e-33	115
tr|A0A0E1NSG3|A0A0E1NSG3_YERPA	GCF_019047765.1_WP_040230035.1	72.093	86	86	100	86	24	0	1	86	1	86	4.77e-33	114
tr|A0A0E1NSG3|A0A0E1NSG3_YERPA	GCF_003204135.1_WP_004908806.1	65.116	86	87	100	86	30	0	1	86	1	86	4.98e-33	114
tr|A0A0E1NSG3|A0A0E1NSG3_YERPA	GCF_020541225.1_WP_226811316.1	58.333	86	86	98	84	35	0	1	84	1	84	5.42e-33	114
tr|A0A0E1NSG3|A0A0E1NSG3_YERPA	GCF_022592395.1_WP_047255099.1	60.465	86	87	100	86	34	0	1	86	1	86	6.37e-33	114
tr|A0A0E1NSG3|A0A0E1NSG3_YERPA	GCF_025946765.1_WP_264497926.1	66.279	86	86	100	86	29	0	1	86	1	86	9.15e-33	114
tr|A0A0E1NSG3|A0A0E1NSG3_YERPA	GCF_900475855.1_WP_068441311.1	67.442	86	87	100	86	28	0	1	86	1	86	1.17e-32	114
tr|A0A0E1NSG3|A0A0E1NSG3_YERPA	GCF_029277985.1_WP_154623766.1	69.767	86	87	100	86	26	0	1	86	1	86	1.80e-32	113
tr|A0A0E1NSG3|A0A0E1NSG3_YERPA	GCF_002843235.3_WP_102139922.1	66.279	86	87	100	86	29	0	1	86	1	86	1.88e-32	113
tr|A0A0E1NSG3|A0A0E1NSG3_YERPA	GCF_019048385.1_WP_062759648.1	60.714	86	86	98	84	33	0	1	84	1	84	2.14e-32	113
tr|A0A0E1NSG3|A0A0E1NSG3_YERPA	GCF_020683125.1_WP_133842177.1	62.069	86	88	100	87	32	1	1	86	1	87	2.44e-32	113
tr|A0A0E1NSG3|A0A0E1NSG3_YERPA	GCF_002393505.1_WP_006658392.1	63.953	86	87	100	86	31	0	1	86	1	86	2.54e-32	113
tr|A0A0E1NSG3|A0A0E1NSG3_YERPA	GCF_020268605.1_WP_180560445.1	65.116	86	88	100	86	30	0	1	86	1	86	2.71e-32	112
tr|A0A0E1NSG3|A0A0E1NSG3_YERPA	GCF_009646115.1_WP_008925644.1	61.905	86	86	98	84	32	0	1	84	1	84	3.11e-32	112
tr|A0A0E1NSG3|A0A0E1NSG3_YERPA	GCF_004768525.1_WP_026822068.1	66.279	86	88	100	86	29	0	1	86	1	86	3.25e-32	112
tr|A0A0E1NSG3|A0A0E1NSG3_YERPA	GCF_000517405.1_WP_038469034.1	65.432	86	83	94	81	28	0	4	84	1	81	3.35e-32	112
tr|A0A0E1NSG3|A0A0E1NSG3_YERPA	GCF_011045835.1_WP_075671674.1	59.524	86	86	98	84	34	0	1	84	1	84	3.95e-32	112
tr|A0A0E1NSG3|A0A0E1NSG3_YERPA	GCF_019844095.1_WP_062747070.1	64.368	86	88	100	87	30	1	1	86	1	87	3.97e-32	112
tr|A0A0E1NSG3|A0A0E1NSG3_YERPA	GCF_000091565.1_WP_004159420.1	59.524	86	87	98	84	34	0	1	84	1	84	4.05e-32	112
tr|A0A0E1NSG3|A0A0E1NSG3_YERPA	GCF_000261045.2_WP_006318653.1	67.442	86	87	100	86	28	0	1	86	1	86	4.25e-32	112
tr|A0A0E1NSG3|A0A0E1NSG3_YERPA	GCF_013460135.1_WP_180816665.1	62.791	86	88	100	86	32	0	1	86	1	86	5.72e-32	112
tr|A0A0E1NSG3|A0A0E1NSG3_YERPA	GCF_900638135.1_WP_012146468.1	66.279	86	87	100	86	29	0	1	86	1	86	6.18e-32	112
tr|A0A0E1NSG3|A0A0E1NSG3_YERPA	GCF_017743015.1_WP_209027287.1	68.605	86	88	100	86	27	0	1	86	1	86	9.07e-32	111
tr|A0A0E1NSG3|A0A0E1NSG3_YERPA	GCF_022369495.1_WP_072064250.1	58.333	86	86	98	84	35	0	1	84	1	84	9.39e-32	111
tr|A0A0E1NSG3|A0A0E1NSG3_YERPA	GCF_000069965.1_WP_004245453.1	58.333	86	86	98	84	35	0	1	84	1	84	1.02e-31	111
tr|A0A0E1NSG3|A0A0E1NSG3_YERPA	GCF_022647325.1_WP_111140597.1	59.524	86	86	98	84	34	0	1	84	1	84	1.03e-31	111
tr|A0A0E1NSG3|A0A0E1NSG3_YERPA	GCF_009831665.3_WP_006709226.1	62.791	86	87	100	86	32	0	1	86	1	86	1.08e-31	111
tr|A0A0E1NSG3|A0A0E1NSG3_YERPA	GCF_002504285.1_WP_005282992.1	67.442	86	86	100	86	28	0	1	86	1	86	1.15e-31	111
tr|A0A0E1NSG3|A0A0E1NSG3_YERPA	GCF_000968195.1_WP_045972480.1	66.667	86	87	100	87	28	1	1	86	1	87	1.37e-31	111
tr|A0A0E1NSG3|A0A0E1NSG3_YERPA	GCF_021365465.1_WP_016190321.1	62.791	86	87	100	86	32	0	1	86	1	86	1.92e-31	111
tr|A0A0E1NSG3|A0A0E1NSG3_YERPA	GCF_020342335.1_WP_067428135.1	60.714	86	87	98	84	33	0	1	84	1	84	2.62e-31	110
tr|A0A0E1NSG3|A0A0E1NSG3_YERPA	GCF_000214235.1_WP_004952197.1	67.857	86	85	98	84	27	0	3	86	1	84	2.92e-31	110
tr|A0A0E1NSG3|A0A0E1NSG3_YERPA	GCF_001721185.1_WP_069317984.1	66.279	86	87	100	86	29	0	1	86	1	86	3.38e-31	110
tr|A0A0E1NSG3|A0A0E1NSG3_YERPA	GCF_016026395.1_WP_024524235.1	66.279	86	86	100	86	29	0	1	86	1	86	5.27e-31	109
tr|A0A0E1NSG3|A0A0E1NSG3_YERPA	GCF_001006005.1_WP_223499701.1	67.857	86	85	98	84	27	0	3	86	1	84	6.94e-31	109
tr|A0A0E1NSG3|A0A0E1NSG3_YERPA	GCF_002952315.1_WP_012667243.1	60.000	86	87	99	85	34	0	1	85	1	85	7.43e-31	109
tr|A0A0E1NSG3|A0A0E1NSG3_YERPA	GCF_008364325.2_WP_230090436.1	66.667	86	85	98	84	28	0	3	86	1	84	9.77e-31	109
tr|A0A0E1NSG3|A0A0E1NSG3_YERPA	GCF_004353845.1_WP_103770713.1	32.184	86	93	100	87	58	1	1	86	1	87	2.17e-30	108
tr|A0A0E1NSG3|A0A0E1NSG3_YERPA	GCF_004295645.1_WP_228350951.1	68.966	86	88	100	87	26	1	1	86	1	87	2.47e-30	108
tr|A0A0E1NSG3|A0A0E1NSG3_YERPA	GCF_005671395.1_WP_138095872.1	63.291	86	86	92	79	29	0	1	79	1	79	2.60e-30	107
tr|A0A0E1NSG3|A0A0E1NSG3_YERPA	GCF_000968175.1_WP_045959360.1	63.218	86	88	100	87	31	1	1	86	1	87	3.92e-30	107
tr|A0A0E1NSG3|A0A0E1NSG3_YERPA	GCF_014295015.1_WP_013185414.1	66.667	86	87	100	87	28	1	1	86	1	87	4.89e-30	107
tr|A0A0E1NSG3|A0A0E1NSG3_YERPA	GCF_900478135.1_WP_111739359.1	70.115	86	88	100	87	25	1	1	86	1	87	5.47e-30	107
tr|A0A0E1NSG3|A0A0E1NSG3_YERPA	GCF_003812345.1_WP_121571778.1	33.333	86	94	100	87	57	1	1	86	1	87	6.36e-30	107
tr|A0A0E1NSG3|A0A0E1NSG3_YERPA	GCF_004116975.1_WP_064720954.1	60.714	86	86	98	84	33	0	1	84	1	84	6.92e-30	106
tr|A0A0E1NSG3|A0A0E1NSG3_YERPA	GCF_003096015.2_WP_230514010.1	68.966	86	88	100	87	26	1	1	86	1	87	9.70e-30	106
tr|A0A0E1NSG3|A0A0E1NSG3_YERPA	GCF_003074995.2_WP_015870269.1	62.651	86	86	97	83	31	0	1	83	1	83	1.87e-29	105
tr|A0A0E1NSG3|A0A0E1NSG3_YERPA	GCF_900638655.1_WP_047781753.1	70.115	86	88	100	87	25	1	1	86	1	87	2.40e-29	105
tr|A0A0E1NSG3|A0A0E1NSG3_YERPA	GCF_008693605.1_WP_223849061.1	32.558	86	95	99	86	57	1	1	85	2	87	4.29e-29	105
tr|A0A0E1NSG3|A0A0E1NSG3_YERPA	GCF_002355475.1_WP_004421315.1	39.506	86	91	93	81	48	1	3	82	1	81	6.03e-29	104
tr|A0A0E1NSG3|A0A0E1NSG3_YERPA	GCF_001597285.1_WP_061903727.1	32.500	86	92	92	80	53	1	4	82	1	80	6.65e-29	104
tr|A0A0E1NSG3|A0A0E1NSG3_YERPA	GCF_024205225.1_WP_195881696.1	31.250	86	90	92	80	54	1	4	82	1	80	2.68e-28	102
tr|A0A0E1NSG3|A0A0E1NSG3_YERPA	GCF_013200955.2_WP_173204463.1	32.099	86	91	93	81	54	1	3	82	1	81	2.75e-28	102
tr|A0A0E1NSG3|A0A0E1NSG3_YERPA	GCF_000733715.2_WP_017362912.1	31.250	86	90	92	80	54	1	4	82	1	80	2.88e-28	102
tr|A0A0E1NSG3|A0A0E1NSG3_YERPA	GCF_900682675.2_WP_069898892.1	33.750	86	94	92	80	52	1	4	82	1	80	5.15e-28	102
tr|A0A0E1NSG3|A0A0E1NSG3_YERPA	GCF_008693645.1_WP_137347870.1	31.034	86	89	100	87	59	1	1	86	1	87	5.16e-28	102
tr|A0A0E1NSG3|A0A0E1NSG3_YERPA	GCF_000297075.2_WP_003461742.1	31.250	86	90	92	80	54	1	4	82	1	80	6.42e-28	102
tr|A0A0E1NSG3|A0A0E1NSG3_YERPA	GCF_001708425.1_WP_055136127.1	31.250	86	94	92	80	54	1	4	82	1	80	1.17e-27	101
tr|A0A0E1NSG3|A0A0E1NSG3_YERPA	GCF_013409125.2_WP_099525265.1	31.250	86	90	92	80	54	1	4	82	1	80	1.19e-27	101
tr|A0A0E1NSG3|A0A0E1NSG3_YERPA	GCF_021029445.1_WP_230924827.1	29.114	86	89	92	79	56	0	4	82	1	79	1.51e-27	100
tr|A0A0E1NSG3|A0A0E1NSG3_YERPA	GCF_001594225.2_WP_064379396.1	33.750	86	92	92	80	52	1	4	82	1	80	3.11e-27	100
tr|A0A0E1NSG3|A0A0E1NSG3_YERPA	GCF_008807375.1_WP_151138908.1	40.741	86	91	93	81	47	1	3	82	1	81	4.76e-27	99.8
tr|A0A0E1NSG3|A0A0E1NSG3_YERPA	GCF_017167985.1_WP_093053415.1	32.500	86	92	92	80	53	1	4	82	1	80	5.21e-27	99.8
tr|A0A0E1NSG3|A0A0E1NSG3_YERPA	GCF_013423785.1_WP_180308358.1	34.146	86	88	95	82	54	0	1	82	1	82	5.41e-27	99.5
tr|A0A0E1NSG3|A0A0E1NSG3_YERPA	GCF_017167985.1_WP_079784061.1	32.500	86	90	92	80	53	1	4	82	1	80	5.61e-27	99.5
tr|A0A0E1NSG3|A0A0E1NSG3_YERPA	GCF_004684345.1_WP_135321947.1	33.333	86	93	93	81	53	1	1	80	1	81	1.25e-26	98.6
tr|A0A0E1NSG3|A0A0E1NSG3_YERPA	GCF_017329545.1_WP_047884589.1	35.294	86	95	98	85	54	1	3	86	1	85	1.33e-26	98.6
tr|A0A0E1NSG3|A0A0E1NSG3_YERPA	GCF_011397855.1_WP_044414183.1	36.250	86	90	92	80	50	1	4	82	1	80	1.41e-26	98.6
tr|A0A0E1NSG3|A0A0E1NSG3_YERPA	GCF_012767755.2_WP_173176508.1	31.250	86	91	92	80	51	2	4	82	1	77	1.51e-26	98.6
tr|A0A0E1NSG3|A0A0E1NSG3_YERPA	GCF_017915135.1_WP_210390879.1	30.000	86	90	92	80	55	1	4	82	1	80	1.75e-26	98.3
tr|A0A0E1NSG3|A0A0E1NSG3_YERPA	GCF_008033135.1_WP_148717358.1	26.582	86	87	92	79	58	0	4	82	1	79	2.29e-26	98.1
tr|A0A0E1NSG3|A0A0E1NSG3_YERPA	GCF_025402875.1_WP_011791024.1	31.250	86	90	92	80	54	1	4	82	1	80	3.02e-26	97.8
tr|A0A0E1NSG3|A0A0E1NSG3_YERPA	GCF_000178875.2_WP_012197738.1	32.500	86	90	92	80	53	1	4	82	1	80	6.91e-26	96.9
tr|A0A0E1NSG3|A0A0E1NSG3_YERPA	GCF_003957745.1_WP_126168493.1	35.000	86	87	92	80	51	1	4	82	1	80	8.85e-26	96.4
tr|A0A0E1NSG3|A0A0E1NSG3_YERPA	GCF_016834455.1_WP_203325205.1	35.000	86	86	92	80	51	1	4	82	1	80	1.08e-25	96.1
tr|A0A0E1NSG3|A0A0E1NSG3_YERPA	GCF_019047765.1_WP_040231149.1	30.233	86	89	99	86	59	1	1	85	1	86	1.65e-25	95.8
tr|A0A0E1NSG3|A0A0E1NSG3_YERPA	GCF_014524625.1_WP_009050814.1	23.750	86	92	92	80	60	1	4	82	1	80	2.68e-25	95.3
tr|A0A0E1NSG3|A0A0E1NSG3_YERPA	GCF_000015245.1_WP_011761423.1	35.000	86	86	92	80	51	1	4	82	1	80	2.96e-25	95.3
tr|A0A0E1NSG3|A0A0E1NSG3_YERPA	GCF_024971755.1_WP_259474826.1	30.000	86	88	92	80	55	1	4	82	1	80	7.64e-25	94.1
tr|A0A0E1NSG3|A0A0E1NSG3_YERPA	GCF_019670705.1_WP_100146025.1	35.000	86	92	92	80	51	1	4	82	1	80	1.24e-24	93.6
tr|A0A0E1NSG3|A0A0E1NSG3_YERPA	GCF_017354925.1_WP_207321174.1	32.500	86	87	92	80	53	1	4	82	1	80	1.57e-24	93.3
tr|A0A0E1NSG3|A0A0E1NSG3_YERPA	GCF_009730655.1_WP_156020461.1	35.000	86	92	92	80	51	1	4	82	1	80	1.77e-24	93.3
tr|A0A0E1NSG3|A0A0E1NSG3_YERPA	GCF_020423125.1_WP_226170850.1	30.120	86	84	97	83	58	0	4	86	1	83	1.90e-24	93.0
tr|A0A0E1NSG3|A0A0E1NSG3_YERPA	GCF_002355475.1_WP_003455993.1	31.169	86	90	88	77	52	1	7	82	2	78	2.10e-24	93.0
tr|A0A0E1NSG3|A0A0E1NSG3_YERPA	GCF_012767755.2_WP_173171843.1	33.750	86	90	92	80	52	1	4	82	1	80	2.57e-24	92.7
tr|A0A0E1NSG3|A0A0E1NSG3_YERPA	GCF_017354965.1_WP_207380278.1	32.500	86	87	92	80	53	1	4	82	1	80	3.26e-24	92.4
tr|A0A0E1NSG3|A0A0E1NSG3_YERPA	GCF_020991025.1_WP_152109250.1	41.026	86	83	90	78	45	1	3	79	1	78	3.53e-24	92.4
tr|A0A0E1NSG3|A0A0E1NSG3_YERPA	GCF_028355655.1_WP_087756847.1	27.711	86	84	97	83	60	0	4	86	1	83	5.39e-24	91.9
tr|A0A0E1NSG3|A0A0E1NSG3_YERPA	GCF_024346675.1_WP_048897676.1	30.952	86	86	97	84	57	1	3	85	1	84	7.32e-24	91.6
tr|A0A0E1NSG3|A0A0E1NSG3_YERPA	GCF_016026875.1_WP_045525981.1	30.488	86	89	95	82	57	0	4	85	1	82	8.10e-24	91.6
tr|A0A0E1NSG3|A0A0E1NSG3_YERPA	GCF_029457395.1_WP_024766443.1	29.762	86	92	92	84	54	1	4	82	1	84	1.36e-23	91.0
tr|A0A0E1NSG3|A0A0E1NSG3_YERPA	GCF_008807375.1_WP_151133519.1	28.571	86	90	88	77	54	1	7	82	2	78	1.36e-23	91.0
tr|A0A0E1NSG3|A0A0E1NSG3_YERPA	GCF_008693705.1_WP_127008315.1	26.506	86	84	97	83	61	0	4	86	1	83	1.65e-23	90.8
tr|A0A0E1NSG3|A0A0E1NSG3_YERPA	GCF_900637545.1_WP_042651794.1	27.711	86	84	97	83	60	0	4	86	1	83	2.56e-23	90.2
tr|A0A0E1NSG3|A0A0E1NSG3_YERPA	GCF_002215585.1_WP_088903590.1	29.114	86	89	92	79	56	0	4	82	1	79	2.69e-23	90.2
tr|A0A0E1NSG3|A0A0E1NSG3_YERPA	GCF_020405345.1_WP_017780573.1	28.049	86	89	95	82	59	0	4	85	1	82	3.05e-23	89.9
tr|A0A0E1NSG3|A0A0E1NSG3_YERPA	GCF_003025345.2_WP_003155955.1	35.227	86	91	95	88	51	1	4	85	1	88	3.80e-23	89.9
tr|A0A0E1NSG3|A0A0E1NSG3_YERPA	GCF_003015165.1_WP_106887831.1	27.711	86	84	97	83	60	0	4	86	1	83	8.77e-23	88.8
tr|A0A0E1NSG3|A0A0E1NSG3_YERPA	GCF_004358345.1_WP_121852852.1	32.857	86	76	80	70	46	1	3	71	1	70	9.47e-23	88.5
tr|A0A0E1NSG3|A0A0E1NSG3_YERPA	GCF_024347355.1_WP_105024956.1	30.488	86	83	90	82	52	2	10	86	2	83	9.70e-23	88.8
tr|A0A0E1NSG3|A0A0E1NSG3_YERPA	GCF_024347475.1_WP_239840920.1	28.395	86	83	88	81	53	2	10	85	2	82	1.19e-22	88.5
tr|A0A0E1NSG3|A0A0E1NSG3_YERPA	GCF_006742785.1_WP_172630283.1	25.316	86	88	91	79	58	1	8	85	3	81	1.21e-22	88.5
tr|A0A0E1NSG3|A0A0E1NSG3_YERPA	GCF_002005305.1_WP_077753428.1	32.500	86	86	92	80	53	1	4	82	1	80	1.24e-22	88.5
tr|A0A0E1NSG3|A0A0E1NSG3_YERPA	GCF_012971725.1_WP_169940133.1	29.762	86	92	92	84	54	1	4	82	1	84	1.34e-22	88.5
tr|A0A0E1NSG3|A0A0E1NSG3_YERPA	GCF_014169735.1_WP_134997272.1	25.610	86	86	95	82	61	0	4	85	1	82	1.35e-22	88.2
tr|A0A0E1NSG3|A0A0E1NSG3_YERPA	GCF_016026615.1_WP_197928313.1	25.610	86	89	95	82	61	0	4	85	1	82	2.17e-22	87.9
tr|A0A0E1NSG3|A0A0E1NSG3_YERPA	GCF_020149575.1_WP_224431657.1	28.395	86	85	94	81	58	0	4	84	1	81	3.18e-22	87.4
tr|A0A0E1NSG3|A0A0E1NSG3_YERPA	GCF_003584645.1_WP_197716612.1	28.049	86	80	91	82	52	2	3	80	1	79	5.73e-22	86.5
tr|A0A0E1NSG3|A0A0E1NSG3_YERPA	GCF_000014885.1_WP_020912292.1	33.750	86	87	92	80	52	1	4	82	1	80	6.02e-22	86.8
tr|A0A0E1NSG3|A0A0E1NSG3_YERPA	GCF_002204915.1_WP_052690899.1	26.250	86	101	87	80	54	2	10	84	21	100	1.64e-21	86.0
tr|A0A0E1NSG3|A0A0E1NSG3_YERPA	GCF_009938225.1_WP_075649723.1	37.975	86	82	86	79	44	2	10	83	2	80	1.79e-21	85.4
tr|A0A0E1NSG3|A0A0E1NSG3_YERPA	GCF_000146165.2_WP_164925808.1	32.099	86	89	92	81	53	2	4	82	1	81	2.07e-21	85.4
tr|A0A0E1NSG3|A0A0E1NSG3_YERPA	GCF_006337165.1_WP_139515111.1	33.735	86	82	91	83	47	2	3	80	1	80	3.19e-21	84.8
tr|A0A0E1NSG3|A0A0E1NSG3_YERPA	GCF_000016065.1_WP_011864074.1	30.380	86	93	92	79	55	0	4	82	1	79	3.47e-21	84.8
tr|A0A0E1NSG3|A0A0E1NSG3_YERPA	GCF_000009145.1_WP_041356315.1	29.870	86	90	88	77	53	1	10	85	6	82	5.56e-21	84.3
tr|A0A0E1NSG3|A0A0E1NSG3_YERPA	GCF_004355185.1_WP_133271280.1	32.500	86	81	87	80	46	2	4	78	1	77	5.93e-21	84.0
tr|A0A0E1NSG3|A0A0E1NSG3_YERPA	GCF_003966655.1_WP_113527441.1	26.761	86	77	83	71	52	0	3	73	1	71	6.34e-21	84.0
tr|A0A0E1NSG3|A0A0E1NSG3_YERPA	GCF_022371215.1_WP_239718047.1	25.610	86	83	90	82	56	2	10	86	2	83	6.38e-21	84.0
tr|A0A0E1NSG3|A0A0E1NSG3_YERPA	GCF_013462805.1_WP_009566961.1	26.761	86	77	83	71	52	0	3	73	1	71	7.49e-21	83.7
tr|A0A0E1NSG3|A0A0E1NSG3_YERPA	GCF_001677435.1_WP_068615618.1	31.169	86	90	87	77	50	3	3	77	1	76	9.38e-21	83.7
tr|A0A0E1NSG3|A0A0E1NSG3_YERPA	GCF_024360925.2_WP_255188929.1	26.923	86	83	90	78	55	2	10	86	6	82	1.01e-20	83.4
tr|A0A0E1NSG3|A0A0E1NSG3_YERPA	GCF_001596155.1_WP_068342236.1	31.169	86	90	85	77	46	3	3	75	1	74	1.08e-20	83.4
tr|A0A0E1NSG3|A0A0E1NSG3_YERPA	GCF_027625995.1_WP_270126807.1	32.099	86	82	88	81	47	2	3	78	1	78	1.09e-20	83.4
tr|A0A0E1NSG3|A0A0E1NSG3_YERPA	GCF_001007935.1_WP_046849946.1	27.848	86	84	91	79	56	1	8	85	4	82	1.25e-20	83.2
tr|A0A0E1NSG3|A0A0E1NSG3_YERPA	GCF_000801295.1_WP_171816254.1	31.646	86	99	88	79	51	1	1	76	1	79	1.26e-20	83.4
tr|A0A0E1NSG3|A0A0E1NSG3_YERPA	GCF_000214665.1_WP_013819542.1	27.273	86	83	88	77	54	2	10	85	6	81	1.35e-20	83.2
tr|A0A0E1NSG3|A0A0E1NSG3_YERPA	GCF_019669905.1_WP_054759186.1	30.380	86	79	91	79	50	2	8	85	3	77	1.46e-20	83.2
tr|A0A0E1NSG3|A0A0E1NSG3_YERPA	GCF_016127195.1_WP_042032742.1	31.429	86	89	81	70	45	1	4	73	1	67	1.62e-20	83.2
tr|A0A0E1NSG3|A0A0E1NSG3_YERPA	GCF_000968535.2_WP_014147785.1	31.579	86	84	87	76	50	2	8	82	4	78	1.85e-20	82.9
tr|A0A0E1NSG3|A0A0E1NSG3_YERPA	GCF_014905115.1_WP_193151849.1	26.582	86	81	86	79	53	2	10	83	2	80	2.68e-20	82.3
tr|A0A0E1NSG3|A0A0E1NSG3_YERPA	GCF_001020955.1_WP_047250467.1	34.177	86	82	87	79	48	2	1	75	1	79	3.17e-20	82.3
tr|A0A0E1NSG3|A0A0E1NSG3_YERPA	GCF_013283835.1_WP_071626507.1	27.273	86	83	86	77	50	2	3	76	1	74	6.04e-20	81.5
tr|A0A0E1NSG3|A0A0E1NSG3_YERPA	GCF_002142475.1_WP_026148861.1	26.250	86	86	88	80	52	2	4	79	1	77	6.37e-20	81.5
tr|A0A0E1NSG3|A0A0E1NSG3_YERPA	GCF_010093065.1_WP_238430213.1	28.235	86	83	93	85	53	3	1	80	2	83	7.67e-20	81.2
tr|A0A0E1NSG3|A0A0E1NSG3_YERPA	GCF_014879975.1_WP_192888672.1	26.829	86	83	90	82	55	2	10	86	2	83	8.85e-20	81.2
tr|A0A0E1NSG3|A0A0E1NSG3_YERPA	GCF_008329985.2_WP_149283950.1	32.432	86	81	85	74	49	1	10	82	2	75	9.33e-20	80.9
tr|A0A0E1NSG3|A0A0E1NSG3_YERPA	GCF_013137895.1_WP_135435790.1	32.927	86	83	90	82	46	3	1	77	1	78	1.00e-19	80.9
tr|A0A0E1NSG3|A0A0E1NSG3_YERPA	GCF_008364325.2_WP_020826409.1	22.500	86	84	92	80	58	2	4	82	1	77	1.10e-19	80.9
tr|A0A0E1NSG3|A0A0E1NSG3_YERPA	GCF_019670125.1_WP_221076876.1	28.205	86	81	90	78	55	1	10	86	2	79	1.27e-19	80.6
tr|A0A0E1NSG3|A0A0E1NSG3_YERPA	GCF_000576555.1_WP_044000633.1	33.333	86	83	85	78	44	2	6	78	5	79	1.63e-19	80.3
tr|A0A0E1NSG3|A0A0E1NSG3_YERPA	GCF_009068765.1_WP_151900329.1	26.582	86	81	86	79	53	2	10	83	2	80	1.71e-19	80.3
tr|A0A0E1NSG3|A0A0E1NSG3_YERPA	GCF_003515105.1_WP_036973086.1	40.845	86	73	81	71	41	1	6	75	2	72	1.81e-19	80.1
tr|A0A0E1NSG3|A0A0E1NSG3_YERPA	GCF_003258315.1_WP_111337788.1	26.582	86	88	91	79	57	1	8	85	4	82	2.15e-19	80.3
tr|A0A0E1NSG3|A0A0E1NSG3_YERPA	GCF_001558255.2_WP_005504861.1	33.333	86	82	87	81	48	3	10	84	2	82	2.31e-19	80.1
tr|A0A0E1NSG3|A0A0E1NSG3_YERPA	GCF_000785705.2_WP_036272019.1	26.316	86	82	88	76	55	1	10	85	6	80	2.35e-19	80.1
tr|A0A0E1NSG3|A0A0E1NSG3_YERPA	GCF_003574965.1_WP_119445661.1	33.333	86	82	88	81	46	2	3	78	1	78	2.52e-19	80.1
tr|A0A0E1NSG3|A0A0E1NSG3_YERPA	GCF_022827545.1_WP_243798205.1	33.333	86	82	88	81	46	2	3	78	1	78	2.67e-19	79.8
tr|A0A0E1NSG3|A0A0E1NSG3_YERPA	GCF_009938205.1_WP_075706454.1	33.750	86	82	87	80	48	2	10	84	2	81	3.46e-19	79.5
tr|A0A0E1NSG3|A0A0E1NSG3_YERPA	GCF_001558415.2_WP_061055374.1	24.051	86	83	86	79	55	2	10	83	2	80	3.47e-19	79.5
tr|A0A0E1NSG3|A0A0E1NSG3_YERPA	GCF_009938185.1_WP_162048373.1	30.000	86	82	87	80	51	2	10	84	2	81	3.52e-19	79.5
tr|A0A0E1NSG3|A0A0E1NSG3_YERPA	GCF_020844025.1_WP_215848879.1	28.169	86	77	83	71	51	0	3	73	1	71	3.79e-19	79.5
tr|A0A0E1NSG3|A0A0E1NSG3_YERPA	GCF_004001245.1_WP_127478562.1	28.395	86	85	88	81	53	2	1	76	1	81	5.05e-19	79.2
tr|A0A0E1NSG3|A0A0E1NSG3_YERPA	GCF_002407485.1_WP_096780111.1	26.250	86	81	87	80	54	2	10	84	2	81	5.07e-19	79.2
tr|A0A0E1NSG3|A0A0E1NSG3_YERPA	GCF_001007875.1_WP_046858354.1	26.582	86	80	86	79	53	2	10	83	2	80	5.79e-19	78.9
tr|A0A0E1NSG3|A0A0E1NSG3_YERPA	GCF_024347595.1_WP_176681244.1	26.829	86	83	90	82	55	2	10	86	2	83	6.34e-19	78.9
tr|A0A0E1NSG3|A0A0E1NSG3_YERPA	GCF_024347035.1_WP_102941394.1	25.000	86	81	87	80	55	2	10	84	2	81	7.48e-19	78.7
tr|A0A0E1NSG3|A0A0E1NSG3_YERPA	GCF_001995825.2_WP_017057338.1	24.390	86	83	90	82	57	2	10	86	2	83	7.92e-19	78.7
tr|A0A0E1NSG3|A0A0E1NSG3_YERPA	GCF_019670105.1_WP_040307707.1	27.027	86	81	85	74	53	1	10	82	2	75	8.56e-19	78.7
tr|A0A0E1NSG3|A0A0E1NSG3_YERPA	GCF_902810445.1_WP_197744199.1	22.222	86	78	90	81	56	3	4	80	1	78	8.67e-19	78.4
tr|A0A0E1NSG3|A0A0E1NSG3_YERPA	GCF_004214795.1_WP_130234502.1	23.457	86	78	91	81	56	2	3	80	1	78	1.05e-18	78.4
tr|A0A0E1NSG3|A0A0E1NSG3_YERPA	GCF_009662475.1_WP_031573754.1	26.761	86	79	83	71	52	0	3	73	1	71	1.07e-18	78.4
tr|A0A0E1NSG3|A0A0E1NSG3_YERPA	GCF_022811645.1_WP_243511723.1	30.769	86	90	86	78	47	2	3	76	1	75	1.21e-18	78.4
tr|A0A0E1NSG3|A0A0E1NSG3_YERPA	GCF_024347635.1_WP_139683960.1	25.610	86	83	90	82	56	2	10	86	2	83	1.26e-18	78.1
tr|A0A0E1NSG3|A0A0E1NSG3_YERPA	GCF_001507645.1_WP_068195976.1	33.766	86	90	85	77	44	2	3	75	1	74	1.27e-18	78.4
tr|A0A0E1NSG3|A0A0E1NSG3_YERPA	GCF_009755585.1_WP_157030071.1	28.571	86	85	85	77	48	2	3	75	1	74	1.49e-18	78.1
tr|A0A0E1NSG3|A0A0E1NSG3_YERPA	GCF_000014765.1_WP_011633385.1	26.582	86	89	91	79	57	1	8	85	3	81	1.53e-18	78.1
tr|A0A0E1NSG3|A0A0E1NSG3_YERPA	GCF_005931095.1_WP_017839868.1	30.380	86	84	91	79	53	2	8	85	4	81	1.76e-18	77.8
tr|A0A0E1NSG3|A0A0E1NSG3_YERPA	GCF_002762215.1_WP_085750011.1	28.947	86	87	84	76	47	3	4	75	3	75	2.07e-18	77.8
tr|A0A0E1NSG3|A0A0E1NSG3_YERPA	GCF_024347455.1_WP_135458404.1	24.390	86	83	90	82	57	2	10	86	2	83	2.12e-18	77.5
tr|A0A0E1NSG3|A0A0E1NSG3_YERPA	GCF_024347655.1_WP_060467732.1	29.268	86	83	90	82	53	2	10	86	2	83	2.21e-18	77.5
tr|A0A0E1NSG3|A0A0E1NSG3_YERPA	GCF_000091465.1_WP_004733849.1	24.390	86	83	90	82	57	2	10	86	2	83	2.41e-18	77.5
tr|A0A0E1NSG3|A0A0E1NSG3_YERPA	GCF_003990335.1_WP_127025819.1	21.429	86	91	81	70	55	0	11	80	7	76	2.42e-18	77.5
tr|A0A0E1NSG3|A0A0E1NSG3_YERPA	GCF_008728635.1_WP_151087836.1	25.974	86	90	85	77	50	3	3	75	1	74	2.66e-18	77.5
tr|A0A0E1NSG3|A0A0E1NSG3_YERPA	GCF_000772105.1_WP_004748349.1	28.947	86	81	87	76	53	1	10	84	2	77	2.98e-18	77.2
tr|A0A0E1NSG3|A0A0E1NSG3_YERPA	GCF_000024005.1_WP_012793320.1	28.205	86	84	86	78	49	2	2	75	3	77	3.08e-18	77.2
tr|A0A0E1NSG3|A0A0E1NSG3_YERPA	GCF_024582835.1_WP_257083279.1	25.610	86	87	90	82	56	2	10	86	2	83	3.12e-18	77.2
tr|A0A0E1NSG3|A0A0E1NSG3_YERPA	GCF_013177675.1_WP_172128285.1	26.316	86	81	85	76	50	2	3	75	1	73	3.90e-18	77.0
tr|A0A0E1NSG3|A0A0E1NSG3_YERPA	GCF_003668795.1_WP_054981706.1	30.864	86	83	88	81	51	2	10	85	2	82	4.96e-18	76.7
tr|A0A0E1NSG3|A0A0E1NSG3_YERPA	GCF_004328865.1_WP_104643907.1	28.395	86	83	88	81	53	2	10	85	2	82	5.29e-18	76.7
tr|A0A0E1NSG3|A0A0E1NSG3_YERPA	GCF_001955715.1_WP_029708890.1	24.359	86	80	86	78	52	2	4	77	1	75	8.29e-18	76.1
tr|A0A0E1NSG3|A0A0E1NSG3_YERPA	GCF_024494545.1_WP_256384876.1	24.051	86	81	86	79	55	2	11	84	3	81	8.29e-18	76.1
tr|A0A0E1NSG3|A0A0E1NSG3_YERPA	GCF_001651805.1_WP_067384150.1	35.135	86	78	80	74	43	3	4	72	1	74	8.34e-18	75.8
tr|A0A0E1NSG3|A0A0E1NSG3_YERPA	GCF_003346815.1_WP_114840342.1	28.750	86	82	90	80	51	2	3	79	1	77	8.50e-18	76.1
tr|A0A0E1NSG3|A0A0E1NSG3_YERPA	GCF_008369605.1_WP_000253074.1	28.000	86	81	86	75	53	1	10	83	2	76	8.56e-18	76.1
tr|A0A0E1NSG3|A0A0E1NSG3_YERPA	GCF_000148645.1_WP_013347076.1	29.870	86	80	84	77	49	2	12	83	3	79	8.76e-18	75.8
tr|A0A0E1NSG3|A0A0E1NSG3_YERPA	GCF_024347675.1_WP_261835500.1	28.750	86	81	87	80	52	2	10	84	2	81	9.72e-18	75.8
tr|A0A0E1NSG3|A0A0E1NSG3_YERPA	GCF_000212735.1_WP_013764159.1	29.114	86	83	87	79	49	2	1	75	1	76	1.24e-17	75.6
tr|A0A0E1NSG3|A0A0E1NSG3_YERPA	GCF_010093065.1_WP_162331416.1	25.000	86	84	84	76	50	2	4	75	5	77	1.49e-17	75.6
tr|A0A0E1NSG3|A0A0E1NSG3_YERPA	GCF_003967195.1_WP_172597571.1	29.333	86	83	81	75	48	2	3	72	2	76	1.69e-17	75.3
tr|A0A0E1NSG3|A0A0E1NSG3_YERPA	GCF_002221525.1_WP_089349457.1	32.099	86	83	88	81	50	2	10	85	2	82	1.75e-17	75.3
tr|A0A0E1NSG3|A0A0E1NSG3_YERPA	GCF_024362845.1_WP_255230807.1	21.795	86	82	90	78	60	1	10	86	2	79	1.85e-17	75.3
tr|A0A0E1NSG3|A0A0E1NSG3_YERPA	GCF_001831495.1_WP_068547707.1	21.250	86	81	87	80	58	2	10	84	2	81	1.92e-17	75.0
tr|A0A0E1NSG3|A0A0E1NSG3_YERPA	GCF_003063625.1_WP_108601906.1	24.675	86	85	86	77	55	1	10	83	5	81	1.95e-17	75.3
tr|A0A0E1NSG3|A0A0E1NSG3_YERPA	GCF_020091585.1_WP_224339804.1	24.675	86	82	85	77	51	2	4	76	1	74	2.21e-17	75.0
tr|A0A0E1NSG3|A0A0E1NSG3_YERPA	GCF_001455205.1_WP_062560013.1	24.675	86	84	88	77	56	2	10	85	6	81	2.21e-17	75.0
tr|A0A0E1NSG3|A0A0E1NSG3_YERPA	GCF_000238395.3_WP_010553578.1	28.395	86	83	88	81	53	2	10	85	2	82	2.28e-17	75.0
tr|A0A0E1NSG3|A0A0E1NSG3_YERPA	GCF_003149515.1_WP_109656005.1	25.974	86	90	85	77	50	2	3	75	1	74	2.55e-17	75.0
tr|A0A0E1NSG3|A0A0E1NSG3_YERPA	GCF_002214395.1_WP_010453422.1	24.359	86	81	85	78	54	2	12	84	4	81	2.56e-17	74.7
tr|A0A0E1NSG3|A0A0E1NSG3_YERPA	GCF_005877035.1_WP_039486662.1	28.395	86	83	88	81	53	2	10	85	2	82	2.69e-17	74.7
tr|A0A0E1NSG3|A0A0E1NSG3_YERPA	GCF_900233005.1_WP_102521318.1	23.077	86	81	90	78	59	1	10	86	2	79	3.12e-17	74.4
tr|A0A0E1NSG3|A0A0E1NSG3_YERPA	GCF_007197555.1_WP_144048375.1	29.070	86	94	92	86	54	2	4	82	1	86	3.48e-17	74.7
tr|A0A0E1NSG3|A0A0E1NSG3_YERPA	GCF_024347495.1_WP_137371745.1	24.324	86	80	85	74	55	1	10	82	2	75	3.63e-17	74.4
tr|A0A0E1NSG3|A0A0E1NSG3_YERPA	GCF_000021985.1_WP_012639500.1	29.730	86	82	80	74	47	2	3	71	1	74	3.84e-17	74.4
tr|A0A0E1NSG3|A0A0E1NSG3_YERPA	GCF_003353065.1_WP_114983154.1	28.947	86	84	84	76	47	3	1	72	1	73	3.85e-17	74.4
tr|A0A0E1NSG3|A0A0E1NSG3_YERPA	GCF_000019525.1_WP_012323084.1	28.947	86	81	87	76	53	1	10	84	2	77	4.22e-17	74.2
tr|A0A0E1NSG3|A0A0E1NSG3_YERPA	GCF_016613475.2_WP_200606805.1	22.500	86	90	87	80	54	3	1	75	1	77	4.35e-17	74.4
tr|A0A0E1NSG3|A0A0E1NSG3_YERPA	GCF_013343005.1_WP_078482823.1	35.802	86	84	88	81	47	2	3	78	1	81	4.45e-17	74.2
tr|A0A0E1NSG3|A0A0E1NSG3_YERPA	GCF_009938015.1_WP_223264517.1	31.646	86	90	86	79	49	3	1	74	1	79	4.89e-17	74.2
tr|A0A0E1NSG3|A0A0E1NSG3_YERPA	GCF_002849875.1_WP_232379112.1	27.059	86	113	94	85	58	1	6	86	28	112	5.10e-17	74.7
tr|A0A0E1NSG3|A0A0E1NSG3_YERPA	GCF_008122265.1_WP_148863603.1	22.078	86	84	85	77	53	2	4	76	1	74	5.21e-17	74.2
tr|A0A0E1NSG3|A0A0E1NSG3_YERPA	GCF_004421105.1_WP_134356453.1	21.519	86	80	87	79	55	3	4	78	1	76	6.18e-17	73.9
tr|A0A0E1NSG3|A0A0E1NSG3_YERPA	GCF_010119975.1_WP_162445115.1	24.706	86	365	94	85	56	2	4	84	8	88	6.38e-17	78.7
tr|A0A0E1NSG3|A0A0E1NSG3_YERPA	GCF_024746855.1_WP_260492542.1	29.487	86	79	86	78	51	1	10	83	2	79	6.68e-17	73.6
tr|A0A0E1NSG3|A0A0E1NSG3_YERPA	GCF_013177635.1_WP_129095542.1	25.676	86	72	83	74	49	2	3	73	1	71	7.33e-17	73.6
tr|A0A0E1NSG3|A0A0E1NSG3_YERPA	GCF_001999225.1_WP_077537996.1	24.691	86	82	88	81	56	2	10	85	2	82	8.99e-17	73.3
tr|A0A0E1NSG3|A0A0E1NSG3_YERPA	GCF_018736065.1_WP_144074266.1	27.941	86	76	79	68	45	2	7	74	10	73	9.31e-17	73.3
tr|A0A0E1NSG3|A0A0E1NSG3_YERPA	GCF_024347275.1_WP_019620968.1	29.268	86	82	90	82	53	3	4	80	1	82	9.66e-17	73.3
tr|A0A0E1NSG3|A0A0E1NSG3_YERPA	GCF_003544915.1_WP_118918525.1	27.632	86	73	85	76	49	2	3	75	1	73	1.07e-16	73.0
tr|A0A0E1NSG3|A0A0E1NSG3_YERPA	GCF_003970675.1_WP_126615366.1	27.941	86	76	79	68	45	2	7	74	10	73	1.07e-16	73.0
tr|A0A0E1NSG3|A0A0E1NSG3_YERPA	GCF_013201725.1_WP_014475480.1	29.730	86	74	83	74	46	2	3	73	1	71	1.26e-16	73.0
tr|A0A0E1NSG3|A0A0E1NSG3_YERPA	GCF_000940995.1_WP_082060442.1	24.706	86	93	98	85	63	1	3	86	1	85	1.28e-16	73.3
tr|A0A0E1NSG3|A0A0E1NSG3_YERPA	GCF_002215215.1_WP_088918776.1	35.802	86	101	93	81	50	2	5	84	15	94	1.29e-16	73.3
tr|A0A0E1NSG3|A0A0E1NSG3_YERPA	GCF_008632455.1_WP_150048082.1	22.078	86	84	88	77	58	2	9	84	5	80	1.33e-16	73.0
tr|A0A0E1NSG3|A0A0E1NSG3_YERPA	GCF_003346775.1_WP_114843067.1	25.974	86	84	86	77	51	2	3	76	1	74	1.43e-16	73.0
tr|A0A0E1NSG3|A0A0E1NSG3_YERPA	GCF_002355735.1_WP_096359192.1	27.632	86	83	84	76	51	2	4	75	7	82	1.57e-16	72.7
tr|A0A0E1NSG3|A0A0E1NSG3_YERPA	GCF_019670485.1_WP_221071211.1	22.368	86	81	87	76	58	1	12	86	4	79	1.76e-16	72.7
tr|A0A0E1NSG3|A0A0E1NSG3_YERPA	GCF_002355415.1_WP_148665551.1	34.247	86	87	80	73	44	2	6	74	13	85	1.78e-16	72.7
tr|A0A0E1NSG3|A0A0E1NSG3_YERPA	GCF_008931805.1_WP_019441510.1	23.750	86	81	87	80	56	2	10	84	2	81	2.02e-16	72.5
tr|A0A0E1NSG3|A0A0E1NSG3_YERPA	GCF_013201935.1_WP_129014602.1	25.676	86	72	83	74	49	2	3	73	1	71	2.12e-16	72.2
tr|A0A0E1NSG3|A0A0E1NSG3_YERPA	GCF_002906475.1_WP_012130247.1	23.377	86	81	84	77	54	2	12	83	4	80	2.17e-16	72.5
tr|A0A0E1NSG3|A0A0E1NSG3_YERPA	GCF_002557795.1_WP_098194977.1	23.171	86	89	87	82	53	3	1	75	1	79	2.24e-16	72.5
tr|A0A0E1NSG3|A0A0E1NSG3_YERPA	GCF_015209785.1_WP_193988300.1	38.235	86	73	78	68	41	1	6	72	2	69	2.36e-16	72.2
tr|A0A0E1NSG3|A0A0E1NSG3_YERPA	GCF_000143085.1_WP_013221711.1	20.513	86	82	86	78	55	3	4	77	1	75	2.43e-16	72.2
tr|A0A0E1NSG3|A0A0E1NSG3_YERPA	GCF_008807855.1_WP_063240334.1	23.077	86	83	86	78	53	2	2	75	3	77	2.47e-16	72.2
tr|A0A0E1NSG3|A0A0E1NSG3_YERPA	GCF_001456255.1_WP_020335096.1	23.077	86	81	85	78	55	2	12	84	4	81	2.73e-16	72.2
tr|A0A0E1NSG3|A0A0E1NSG3_YERPA	GCF_002021755.1_WP_005434844.1	23.377	86	81	84	77	54	2	12	83	4	80	3.08e-16	71.9
tr|A0A0E1NSG3|A0A0E1NSG3_YERPA	GCF_000828615.1_WP_041064380.1	31.646	86	80	86	79	49	3	1	74	1	79	3.93e-16	71.6
tr|A0A0E1NSG3|A0A0E1NSG3_YERPA	GCF_024347195.1_WP_271272618.1	34.247	86	77	80	73	44	3	4	72	1	73	4.94e-16	71.3
tr|A0A0E1NSG3|A0A0E1NSG3_YERPA	GCF_000770115.1_WP_069687890.1	23.377	86	81	84	77	54	2	12	83	4	80	4.99e-16	71.6
tr|A0A0E1NSG3|A0A0E1NSG3_YERPA	GCF_023733635.1_WP_039959400.1	27.027	86	89	80	74	49	2	4	72	1	74	5.20e-16	71.6
tr|A0A0E1NSG3|A0A0E1NSG3_YERPA	GCF_000012805.1_WP_011330264.1	20.513	86	85	86	78	55	3	4	77	1	75	6.21e-16	71.3
tr|A0A0E1NSG3|A0A0E1NSG3_YERPA	GCF_004028275.1_WP_128384077.1	25.714	86	77	77	70	48	2	9	74	2	71	6.27e-16	71.1
tr|A0A0E1NSG3|A0A0E1NSG3_YERPA	GCF_026427595.1_WP_251812951.1	27.500	86	88	87	80	53	2	12	86	7	86	6.59e-16	71.3
tr|A0A0E1NSG3|A0A0E1NSG3_YERPA	GCF_019797925.1_WP_193521737.1	30.556	86	80	84	72	50	0	11	82	3	74	6.85e-16	71.1
tr|A0A0E1NSG3|A0A0E1NSG3_YERPA	GCF_002218045.2_WP_089137819.1	40.278	86	79	79	72	39	2	6	73	5	76	9.56e-16	70.8
tr|A0A0E1NSG3|A0A0E1NSG3_YERPA	GCF_002356115.1_WP_096526481.1	19.737	86	78	84	76	54	2	4	75	1	73	1.06e-15	70.5
tr|A0A0E1NSG3|A0A0E1NSG3_YERPA	GCF_001442805.1_WP_057942092.1	24.324	86	88	81	74	49	2	5	74	6	76	1.10e-15	70.8
tr|A0A0E1NSG3|A0A0E1NSG3_YERPA	GCF_000317125.1_WP_015155280.1	22.500	86	81	88	80	55	3	4	79	1	77	1.18e-15	70.5
tr|A0A0E1NSG3|A0A0E1NSG3_YERPA	GCF_013201665.1_WP_128359868.1	23.171	86	81	92	82	57	2	3	81	1	79	1.38e-15	70.5
tr|A0A0E1NSG3|A0A0E1NSG3_YERPA	GCF_006364355.1_WP_004727652.1	22.785	86	83	86	79	56	2	10	83	2	80	1.62e-15	70.2
tr|A0A0E1NSG3|A0A0E1NSG3_YERPA	GCF_000026085.1_WP_041454550.1	32.394	86	73	80	71	45	3	6	74	2	71	1.74e-15	69.9
tr|A0A0E1NSG3|A0A0E1NSG3_YERPA	GCF_005166025.1_WP_137090244.1	25.000	86	84	84	76	50	2	3	74	1	73	1.80e-15	70.2
tr|A0A0E1NSG3|A0A0E1NSG3_YERPA	GCF_000024825.1_WP_005460845.1	23.077	86	81	85	78	55	2	12	84	4	81	1.90e-15	69.9
tr|A0A0E1NSG3|A0A0E1NSG3_YERPA	GCF_003568825.1_WP_040644076.1	25.641	86	83	86	78	54	1	10	83	2	79	2.94e-15	69.7
tr|A0A0E1NSG3|A0A0E1NSG3_YERPA	GCF_001431725.1_WP_021820278.1	23.750	86	81	87	80	56	2	10	84	2	81	2.96e-15	69.7
tr|A0A0E1NSG3|A0A0E1NSG3_YERPA	GCF_002157225.2_WP_086934278.1	27.778	86	80	84	72	52	0	10	81	5	76	3.33e-15	69.4
tr|A0A0E1NSG3|A0A0E1NSG3_YERPA	GCF_019703835.1_WP_087020305.1	32.911	86	79	87	79	46	2	12	86	3	78	3.93e-15	69.1
tr|A0A0E1NSG3|A0A0E1NSG3_YERPA	GCF_000321415.2_WP_015260329.1	32.222	86	93	100	90	55	3	1	86	1	88	4.64e-15	69.4
tr|A0A0E1NSG3|A0A0E1NSG3_YERPA	GCF_024347255.1_WP_091360415.1	32.432	86	79	80	74	45	2	4	72	1	74	5.23e-15	68.8
tr|A0A0E1NSG3|A0A0E1NSG3_YERPA	GCF_018389385.1_WP_218082190.1	23.684	86	91	84	76	51	2	2	73	13	85	5.60e-15	69.1
tr|A0A0E1NSG3|A0A0E1NSG3_YERPA	GCF_001050135.1_WP_048644179.1	24.051	86	88	87	79	53	3	1	75	1	76	6.70e-15	68.8
tr|A0A0E1NSG3|A0A0E1NSG3_YERPA	GCF_001956695.1_WP_076086043.1	25.333	86	77	84	75	50	2	4	75	1	72	7.17e-15	68.5
tr|A0A0E1NSG3|A0A0E1NSG3_YERPA	GCF_004798725.1_WP_010811758.1	23.077	86	83	86	78	53	2	2	75	3	77	7.44e-15	68.5
tr|A0A0E1NSG3|A0A0E1NSG3_YERPA	GCF_002887615.1_WP_038869703.1	22.078	86	81	84	77	55	2	12	83	4	80	8.91e-15	68.2
tr|A0A0E1NSG3|A0A0E1NSG3_YERPA	GCF_000227685.2_WP_006746304.1	32.099	86	83	90	81	51	2	1	77	1	81	9.90e-15	68.2
tr|A0A0E1NSG3|A0A0E1NSG3_YERPA	GCF_001956695.1_WP_076086034.1	24.051	86	77	87	79	53	2	7	81	2	77	1.08e-14	68.0
tr|A0A0E1NSG3|A0A0E1NSG3_YERPA	GCF_000024725.1_WP_013031543.1	22.500	86	81	88	80	55	3	4	79	1	77	1.14e-14	68.0
tr|A0A0E1NSG3|A0A0E1NSG3_YERPA	GCF_000788395.1_WP_038641921.1	25.000	86	85	78	68	50	1	8	74	3	70	1.18e-14	68.0
tr|A0A0E1NSG3|A0A0E1NSG3_YERPA	GCF_009363415.1_WP_152430616.1	19.231	86	84	90	78	62	1	10	86	2	79	1.26e-14	68.0
tr|A0A0E1NSG3|A0A0E1NSG3_YERPA	GCF_002157895.1_WP_227874980.1	23.750	86	82	87	80	56	2	10	84	3	82	1.31e-14	68.0
tr|A0A0E1NSG3|A0A0E1NSG3_YERPA	GCF_000092245.1_WP_013136435.1	30.137	86	76	81	73	45	2	7	76	2	71	1.31e-14	67.7
tr|A0A0E1NSG3|A0A0E1NSG3_YERPA	GCF_000014785.1_WP_011630183.1	29.870	86	83	85	77	50	3	4	76	7	83	1.34e-14	68.0
tr|A0A0E1NSG3|A0A0E1NSG3_YERPA	GCF_003955735.1_WP_126127786.1	21.795	86	91	86	78	54	3	5	78	7	81	1.36e-14	68.0
tr|A0A0E1NSG3|A0A0E1NSG3_YERPA	GCF_003722295.1_WP_010573895.1	23.377	86	75	83	77	50	2	4	74	1	74	2.09e-14	67.1
tr|A0A0E1NSG3|A0A0E1NSG3_YERPA	GCF_000018105.1_WP_012162738.1	16.250	86	86	88	80	60	2	4	79	1	77	2.49e-14	67.4
tr|A0A0E1NSG3|A0A0E1NSG3_YERPA	GCF_019977755.1_WP_126608378.1	32.530	86	103	88	83	49	2	10	85	16	98	2.75e-14	67.4
tr|A0A0E1NSG3|A0A0E1NSG3_YERPA	GCF_019891175.1_WP_225938383.1	21.250	86	93	88	80	56	2	4	79	9	85	3.12e-14	67.1
tr|A0A0E1NSG3|A0A0E1NSG3_YERPA	GCF_000317575.1_WP_015193670.1	22.667	86	74	83	75	51	3	4	74	1	72	4.42e-14	66.3
tr|A0A0E1NSG3|A0A0E1NSG3_YERPA	GCF_024347215.1_WP_261843265.1	35.616	86	77	80	73	43	3	4	72	1	73	5.22e-14	66.3
tr|A0A0E1NSG3|A0A0E1NSG3_YERPA	GCF_012295615.1_WP_007018284.1	20.779	86	81	84	77	56	2	12	83	4	80	7.25e-14	66.0
tr|A0A0E1NSG3|A0A0E1NSG3_YERPA	GCF_017638925.1_WP_208844867.1	23.611	86	81	84	72	55	0	11	82	3	74	7.42e-14	66.0
tr|A0A0E1NSG3|A0A0E1NSG3_YERPA	GCF_000222485.1_WP_014022977.1	21.795	86	85	86	78	54	3	1	74	1	75	1.81e-13	65.2
tr|A0A0E1NSG3|A0A0E1NSG3_YERPA	GCF_013283835.1_WP_071625892.1	26.667	86	79	80	75	46	2	7	75	2	73	2.93e-13	64.3
tr|A0A0E1NSG3|A0A0E1NSG3_YERPA	GCF_000014705.1_WP_011637758.1	22.892	86	88	91	83	59	2	9	86	3	85	3.17e-13	64.6
tr|A0A0E1NSG3|A0A0E1NSG3_YERPA	GCF_000265505.1_WP_014796533.1	22.353	86	97	86	85	55	2	4	77	3	87	6.60e-13	63.7
tr|A0A0E1NSG3|A0A0E1NSG3_YERPA	GCF_000012325.1_WP_011045621.1	25.373	86	84	78	67	50	0	10	76	5	71	8.92e-13	63.2
tr|A0A0E1NSG3|A0A0E1NSG3_YERPA	GCF_000019185.1_WP_012277931.1	24.242	86	100	87	99	51	3	10	84	2	100	1.02e-12	63.5
tr|A0A0E1NSG3|A0A0E1NSG3_YERPA	GCF_002309535.1_WP_096047558.1	23.077	86	88	87	78	54	2	9	83	4	78	1.15e-12	63.2
tr|A0A0E1NSG3|A0A0E1NSG3_YERPA	GCF_013201665.1_WP_128358834.1	23.377	86	76	86	77	53	2	7	80	2	75	1.37e-12	62.6
tr|A0A0E1NSG3|A0A0E1NSG3_YERPA	GCF_009937995.1_WP_179954406.1	24.000	86	79	81	75	52	2	4	73	1	75	1.88e-12	62.3
tr|A0A0E1NSG3|A0A0E1NSG3_YERPA	GCF_000238255.3_WP_010559905.1	23.171	86	86	92	82	60	2	8	86	3	84	2.01e-12	62.3
tr|A0A0E1NSG3|A0A0E1NSG3_YERPA	GCF_013282625.1_WP_173286717.1	27.941	86	67	79	68	46	1	9	76	2	66	2.38e-12	61.8
tr|A0A0E1NSG3|A0A0E1NSG3_YERPA	GCF_000973725.1_WP_046311560.1	25.641	86	91	86	78	51	2	3	76	1	75	2.50e-12	62.3
tr|A0A0E1NSG3|A0A0E1NSG3_YERPA	GCF_013201935.1_WP_128987185.1	22.078	86	76	86	77	54	2	7	80	2	75	2.72e-12	61.8
tr|A0A0E1NSG3|A0A0E1NSG3_YERPA	GCF_003544815.1_WP_118886031.1	22.078	86	76	86	77	54	2	7	80	2	75	3.09e-12	61.8
tr|A0A0E1NSG3|A0A0E1NSG3_YERPA	GCF_013177635.1_WP_129095951.1	22.078	86	76	86	77	54	2	7	80	2	75	3.98e-12	61.5
tr|A0A0E1NSG3|A0A0E1NSG3_YERPA	GCF_003967275.1_WP_197721837.1	31.081	86	78	81	74	47	2	3	72	1	74	4.60e-12	61.2
tr|A0A0E1NSG3|A0A0E1NSG3_YERPA	GCF_003346815.1_WP_114840344.1	21.053	86	84	85	76	54	2	4	76	1	73	5.45e-12	61.2
tr|A0A0E1NSG3|A0A0E1NSG3_YERPA	GCF_001705075.2_WP_065970077.1	26.923	86	78	86	78	53	2	3	76	1	78	6.17e-12	60.9
tr|A0A0E1NSG3|A0A0E1NSG3_YERPA	GCF_000006765.1_NP_249630.1	32.941	86	108	92	85	51	1	4	82	1	85	7.64e-12	61.2
tr|A0A0E1NSG3|A0A0E1NSG3_YERPA	GCF_000568815.1_WP_025346049.1	23.377	86	76	86	77	53	2	8	81	3	76	1.14e-11	60.4
tr|A0A0E1NSG3|A0A0E1NSG3_YERPA	GCF_026278345.1_WP_266369249.1	24.324	86	90	81	74	49	2	4	73	1	71	1.39e-11	60.4
tr|A0A0E1NSG3|A0A0E1NSG3_YERPA	GCF_011398355.1_WP_173270160.1	27.692	86	65	76	65	44	1	9	73	2	63	1.66e-11	59.8
tr|A0A0E1NSG3|A0A0E1NSG3_YERPA	GCF_003855395.1_WP_124730567.1	21.687	86	88	91	83	60	2	9	86	3	85	1.67e-11	60.1
tr|A0A0E1NSG3|A0A0E1NSG3_YERPA	GCF_006385555.1_WP_140234395.1	23.750	86	87	87	80	56	2	8	82	2	81	2.63e-11	59.5
tr|A0A0E1NSG3|A0A0E1NSG3_YERPA	GCF_013177675.1_WP_172126669.1	22.078	86	77	86	77	54	2	7	80	2	75	2.70e-11	59.2
tr|A0A0E1NSG3|A0A0E1NSG3_YERPA	GCF_013283835.1_WP_071628250.1	20.253	86	81	88	79	57	2	4	79	1	76	2.81e-11	59.5
tr|A0A0E1NSG3|A0A0E1NSG3_YERPA	GCF_021654855.1_WP_237262080.1	23.529	86	70	74	68	45	2	10	73	3	67	6.73e-11	58.1
tr|A0A0E1NSG3|A0A0E1NSG3_YERPA	GCF_001723605.1_WP_069479051.1	24.324	86	76	83	74	50	2	10	80	5	75	7.69e-11	58.1
tr|A0A0E1NSG3|A0A0E1NSG3_YERPA	GCF_000265295.1_WP_014770430.1	22.078	86	76	86	77	54	2	8	81	3	76	1.22e-10	57.6
tr|A0A0E1NSG3|A0A0E1NSG3_YERPA	GCF_004293625.1_WP_130538367.1	28.814	86	71	69	59	39	1	9	67	2	57	1.51e-10	57.3
tr|A0A0E1NSG3|A0A0E1NSG3_YERPA	GCF_000147355.1_WP_013326989.1	25.000	86	67	69	64	43	2	23	81	1	64	1.56e-10	57.3
tr|A0A0E1NSG3|A0A0E1NSG3_YERPA	GCF_020511155.1_WP_226415657.1	17.500	86	87	87	80	61	2	8	82	3	82	3.80e-10	56.7
tr|A0A0E1NSG3|A0A0E1NSG3_YERPA	GCF_024347675.1_WP_261833361.1	34.884	86	54	50	43	28	0	10	52	2	44	4.20e-10	55.9
tr|A0A0E1NSG3|A0A0E1NSG3_YERPA	GCF_003260975.1_WP_112783789.1	20.513	86	81	87	78	56	3	6	80	2	76	4.70e-10	56.1
tr|A0A0E1NSG3|A0A0E1NSG3_YERPA	GCF_011398355.1_WP_173270199.1	24.242	86	66	77	66	47	1	9	74	2	64	6.48e-10	55.6
tr|A0A0E1NSG3|A0A0E1NSG3_YERPA	GCF_000018285.1_WP_012155987.1	20.619	86	102	83	97	51	3	11	81	3	99	7.61e-10	56.1
tr|A0A0E1NSG3|A0A0E1NSG3_YERPA	GCF_009931655.1_WP_161888514.1	18.987	86	89	87	79	57	2	3	77	1	76	7.96e-10	55.9
tr|A0A0E1NSG3|A0A0E1NSG3_YERPA	GCF_005281475.1_WP_137401239.1	21.918	86	81	81	73	51	3	6	75	2	71	8.06e-10	55.6
tr|A0A0E1NSG3|A0A0E1NSG3_YERPA	GCF_014217805.1_WP_185274331.1	18.421	86	91	84	76	55	2	5	76	6	78	8.36e-10	55.9
tr|A0A0E1NSG3|A0A0E1NSG3_YERPA	GCF_006575665.1_WP_141613356.1	20.513	86	81	87	78	56	3	6	80	2	76	9.75e-10	55.6
tr|A0A0E1NSG3|A0A0E1NSG3_YERPA	GCF_000013765.1_WP_011496543.1	20.000	86	106	93	85	63	2	4	83	17	101	1.03e-09	55.9
tr|A0A0E1NSG3|A0A0E1NSG3_YERPA	GCF_001444405.1_WP_058032142.1	27.536	86	87	79	69	49	1	10	77	2	70	1.54e-09	55.0
tr|A0A0E1NSG3|A0A0E1NSG3_YERPA	GCF_017742995.1_WP_247749573.1	50.000	86	48	42	36	18	0	10	45	2	37	2.49e-09	53.9
tr|A0A0E1NSG3|A0A0E1NSG3_YERPA	GCF_023650495.1_WP_250655372.1	28.302	86	88	57	53	34	1	8	56	3	55	2.78e-09	54.5
tr|A0A0E1NSG3|A0A0E1NSG3_YERPA	GCF_009937995.1_WP_162085741.1	25.000	86	82	86	80	54	2	3	76	1	80	7.25e-09	53.3
tr|A0A0E1NSG3|A0A0E1NSG3_YERPA	GCF_002116735.1_WP_041332374.1	19.481	86	86	85	77	55	2	4	76	7	80	1.47e-08	52.5
tr|A0A0E1NSG3|A0A0E1NSG3_YERPA	GCF_014075995.1_WP_182414414.1	19.231	86	91	86	78	56	2	3	76	4	78	2.24e-08	52.2
tr|A0A0E1NSG3|A0A0E1NSG3_YERPA	GCF_011398155.1_WP_173291533.1	19.697	86	71	76	66	49	2	10	74	3	65	2.63e-08	51.6
tr|A0A0E1NSG3|A0A0E1NSG3_YERPA	GCF_009938015.1_WP_147074368.1	20.000	86	82	86	80	58	3	3	76	1	80	3.22e-08	51.6
tr|A0A0E1NSG3|A0A0E1NSG3_YERPA	GCF_000242635.2_WP_014682426.1	20.000	86	83	77	70	49	2	14	79	11	77	3.99e-08	51.4
tr|A0A0E1NSG3|A0A0E1NSG3_YERPA	GCF_019931735.1_WP_223417223.1	20.513	86	87	85	78	57	1	10	82	4	81	5.10e-08	51.1
tr|A0A0E1NSG3|A0A0E1NSG3_YERPA	GCF_000325705.1_WP_015264554.1	20.000	86	77	84	75	54	3	10	81	6	77	8.89e-08	50.5
tr|A0A0E1NSG3|A0A0E1NSG3_YERPA	GCF_000484535.1_WP_023173213.1	26.154	86	91	74	65	47	1	12	75	24	88	2.89e-07	49.4
tr|A0A0E1NSG3|A0A0E1NSG3_YERPA	GCF_011764585.1_WP_188200227.1	26.786	86	63	59	56	36	2	23	73	2	57	4.69e-07	48.3
tr|A0A0E1NSG3|A0A0E1NSG3_YERPA	GCF_001027285.1_WP_047859305.1	24.000	86	80	58	50	38	0	12	61	12	61	5.81e-07	48.3
tr|A0A0E1NSG3|A0A0E1NSG3_YERPA	GCF_021018745.1_WP_230843504.1	26.154	86	92	74	65	47	1	12	75	24	88	2.74e-06	46.9
tr|A0A0E1NSG3|A0A0E1NSG3_YERPA	GCF_000021985.1_WP_012639464.1	20.253	86	81	85	79	57	2	4	76	1	79	3.65e-06	46.3
tr|A0A0E1NSG3|A0A0E1NSG3_YERPA	GCF_000011385.1_WP_011141833.1	26.154	86	92	74	65	47	1	12	75	24	88	6.39e-06	46.0
tr|A0A0E1NSG3|A0A0E1NSG3_YERPA	GCF_003143555.1_WP_109340539.1	17.333	86	84	84	75	59	2	12	83	5	79	1.85e-05	44.6
tr|A0A0E1NSG3|A0A0E1NSG3_YERPA	GCF_000017845.1_WP_009544142.1	33.846	86	813	76	65	34	1	15	79	377	432	4.44e-05	46.3
tr|A0A0E1NSG3|A0A0E1NSG3_YERPA	GCF_001263175.1_WP_050726405.1	28.889	86	81	52	45	32	0	12	56	12	56	4.29e-04	41.0
tr|A0A0E1NSG3|A0A0E1NSG3_YERPA	GCF_010119975.1_WP_162441452.1	14.286	86	89	85	77	59	2	3	75	1	74	0.001	39.8
tr|A0A0E1NSG3|A0A0E1NSG3_YERPA	GCF_001753245.1_WP_070077210.1	22.500	86	82	85	80	55	3	4	76	1	80	0.001	39.8
tr|A0A0E1NSG3|A0A0E1NSG3_YERPA	GCF_001020955.1_WP_024326866.1	22.222	86	79	78	72	51	1	10	76	6	77	0.002	39.5
tr|A0A0E1NSG3|A0A0E1NSG3_YERPA	GCF_010119975.1_WP_162443195.1	15.190	86	91	87	79	60	2	3	77	1	76	0.002	39.5
tr|A0A0E1NSG3|A0A0E1NSG3_YERPA	GCF_018388465.1_WP_208290210.1	27.692	86	316	72	65	44	2	16	77	139	203	0.005	40.4
# PSIBLAST 2.13.0+
# Iteration: 7
# Query: tr|A0A0E1NSG3|A0A0E1NSG3_YERPA Rho-binding antiterminator OS=Yersinia pestis bv. Antiqua (strain Antiqua) OX=360102 GN=YPA_0540 PE=4 SV=1
# Database: db/chosen-bacteria_proteome_exDup
# Fields: query id, subject id, % identity, query length, subject length, % query coverage per subject, alignment length, mismatches, gap opens, q. start, q. end, s. start, s. end, evalue, bit score
# 467 hits found
tr|A0A0E1NSG3|A0A0E1NSG3_YERPA	GCF_001461805.1_WP_013367515.1	75.581	86	86	100	86	21	0	1	86	1	86	1.40e-38	129
tr|A0A0E1NSG3|A0A0E1NSG3_YERPA	GCF_001518835.1_WP_059308693.1	75.581	86	86	100	86	21	0	1	86	1	86	1.66e-38	128
tr|A0A0E1NSG3|A0A0E1NSG3_YERPA	GCF_021172065.1_WP_015965827.1	73.256	86	86	100	86	23	0	1	86	1	86	2.71e-38	128
tr|A0A0E1NSG3|A0A0E1NSG3_YERPA	GCF_009036245.1_WP_025756830.1	75.581	86	86	100	86	21	0	1	86	1	86	3.03e-38	128
tr|A0A0E1NSG3|A0A0E1NSG3_YERPA	GCF_020097475.1_WP_000062318.1	75.581	86	86	100	86	21	0	1	86	1	86	3.53e-38	128
tr|A0A0E1NSG3|A0A0E1NSG3_YERPA	GCF_009176645.1_WP_152083529.1	76.744	86	86	100	86	20	0	1	86	1	86	3.88e-38	127
tr|A0A0E1NSG3|A0A0E1NSG3_YERPA	GCF_007632255.1_WP_015368146.1	73.256	86	86	100	86	23	0	1	86	1	86	6.71e-38	127
tr|A0A0E1NSG3|A0A0E1NSG3_YERPA	GCF_001683395.1_WP_017458015.1	70.930	86	86	100	86	25	0	1	86	1	86	8.52e-38	127
tr|A0A0E1NSG3|A0A0E1NSG3_YERPA	GCF_001022135.1_WP_039078449.1	76.744	86	86	100	86	20	0	1	86	1	86	9.37e-38	127
tr|A0A0E1NSG3|A0A0E1NSG3_YERPA	GCF_001658025.2_WP_007373243.1	70.930	86	86	100	86	25	0	1	86	1	86	9.60e-38	127
tr|A0A0E1NSG3|A0A0E1NSG3_YERPA	GCF_003594935.2_WP_006173581.1	77.907	86	86	100	86	19	0	1	86	1	86	1.09e-37	126
tr|A0A0E1NSG3|A0A0E1NSG3_YERPA	GCF_027886705.1_WP_061497537.1	73.256	86	86	100	86	23	0	1	86	1	86	1.18e-37	126
tr|A0A0E1NSG3|A0A0E1NSG3_YERPA	GCF_000006925.2_NP_706134.1	74.419	86	86	100	86	22	0	1	86	1	86	1.29e-37	126
tr|A0A0E1NSG3|A0A0E1NSG3_YERPA	GCF_000224675.1_WP_010426685.1	77.907	86	86	100	86	19	0	1	86	1	86	1.53e-37	126
tr|A0A0E1NSG3|A0A0E1NSG3_YERPA	GCF_001729805.1_WP_008501890.1	75.581	86	86	100	86	21	0	1	86	1	86	1.87e-37	126
tr|A0A0E1NSG3|A0A0E1NSG3_YERPA	GCF_015137655.1_WP_028015593.1	76.744	86	86	100	86	20	0	1	86	1	86	1.96e-37	126
tr|A0A0E1NSG3|A0A0E1NSG3_YERPA	GCF_023195735.1_WP_035891978.1	72.093	86	86	100	86	24	0	1	86	1	86	1.99e-37	126
tr|A0A0E1NSG3|A0A0E1NSG3_YERPA	GCF_025914095.1_WP_031518416.1	76.744	86	86	100	86	20	0	1	86	1	86	2.21e-37	125
tr|A0A0E1NSG3|A0A0E1NSG3_YERPA	GCF_009363135.1_WP_090122691.1	70.930	86	86	100	86	25	0	1	86	1	86	2.57e-37	125
tr|A0A0E1NSG3|A0A0E1NSG3_YERPA	GCF_009649915.1_WP_062772223.1	70.930	86	86	100	86	25	0	1	86	1	86	3.37e-37	125
tr|A0A0E1NSG3|A0A0E1NSG3_YERPA	GCF_004684345.1_WP_135323069.1	73.256	86	86	100	86	23	0	1	86	1	86	3.59e-37	125
tr|A0A0E1NSG3|A0A0E1NSG3_YERPA	GCF_001750725.1_WP_014168720.1	77.907	86	86	100	86	19	0	1	86	1	86	4.52e-37	125
tr|A0A0E1NSG3|A0A0E1NSG3_YERPA	GCF_001277255.1_WP_007666633.1	70.930	86	86	100	86	25	0	1	86	1	86	4.52e-37	125
tr|A0A0E1NSG3|A0A0E1NSG3_YERPA	GCF_003812345.1_WP_003018503.1	72.093	86	86	100	86	24	0	1	86	1	86	4.70e-37	125
tr|A0A0E1NSG3|A0A0E1NSG3_YERPA	GCF_019048625.1_WP_023305471.1	76.744	86	86	100	86	20	0	1	86	1	86	5.13e-37	125
tr|A0A0E1NSG3|A0A0E1NSG3_YERPA	GCF_001558935.2_WP_042323659.1	73.256	86	86	100	86	23	0	1	86	1	86	5.13e-37	125
tr|A0A0E1NSG3|A0A0E1NSG3_YERPA	GCF_016904755.1_WP_059234959.1	75.294	86	86	99	85	21	0	1	85	1	85	5.22e-37	125
tr|A0A0E1NSG3|A0A0E1NSG3_YERPA	GCF_022637515.1_WP_064539750.1	72.093	86	86	100	86	24	0	1	86	1	86	5.43e-37	125
tr|A0A0E1NSG3|A0A0E1NSG3_YERPA	GCF_002393445.1_WP_061273728.1	72.941	86	86	99	85	23	0	1	85	1	85	5.60e-37	125
tr|A0A0E1NSG3|A0A0E1NSG3_YERPA	GCF_004353845.1_WP_103768334.1	70.930	86	86	100	86	25	0	1	86	1	86	5.74e-37	125
tr|A0A0E1NSG3|A0A0E1NSG3_YERPA	GCF_900638065.1_WP_048212636.1	72.093	86	86	100	86	24	0	1	86	1	86	6.57e-37	124
tr|A0A0E1NSG3|A0A0E1NSG3_YERPA	GCF_021278985.1_WP_012904575.1	74.419	86	86	100	86	22	0	1	86	1	86	6.89e-37	124
tr|A0A0E1NSG3|A0A0E1NSG3_YERPA	GCF_018128425.1_WP_042289833.1	75.581	86	86	100	86	21	0	1	86	1	86	8.14e-37	124
tr|A0A0E1NSG3|A0A0E1NSG3_YERPA	GCF_001277175.1_WP_007760020.1	70.930	86	86	100	86	25	0	1	86	1	86	8.82e-37	124
tr|A0A0E1NSG3|A0A0E1NSG3_YERPA	GCF_000240185.1_YP_005225236.1	74.419	86	86	100	86	22	0	1	86	1	86	9.39e-37	124
tr|A0A0E1NSG3|A0A0E1NSG3_YERPA	GCF_001277195.1_WP_032966924.1	70.930	86	86	100	86	25	0	1	86	1	86	1.16e-36	124
tr|A0A0E1NSG3|A0A0E1NSG3_YERPA	GCF_003261575.2_WP_110272453.1	73.256	86	86	100	86	23	0	1	86	1	86	1.29e-36	123
tr|A0A0E1NSG3|A0A0E1NSG3_YERPA	GCF_009648935.1_WP_047417117.1	70.930	86	86	100	86	25	0	1	86	1	86	1.50e-36	123
tr|A0A0E1NSG3|A0A0E1NSG3_YERPA	GCF_001277215.2_WP_007776988.1	70.930	86	86	100	86	25	0	1	86	1	86	1.53e-36	123
tr|A0A0E1NSG3|A0A0E1NSG3_YERPA	GCF_018139045.1_WP_004129134.1	70.930	86	86	100	86	25	0	1	86	1	86	1.75e-36	123
tr|A0A0E1NSG3|A0A0E1NSG3_YERPA	GCF_003812925.1_WP_004107903.1	70.930	86	86	100	86	25	0	1	86	1	86	1.75e-36	123
tr|A0A0E1NSG3|A0A0E1NSG3_YERPA	GCF_006711645.1_WP_100682484.1	70.930	86	86	100	86	25	0	1	86	1	86	1.80e-36	123
tr|A0A0E1NSG3|A0A0E1NSG3_YERPA	GCF_900635955.1_WP_126357486.1	74.118	86	86	99	85	22	0	1	85	1	85	1.83e-36	123
tr|A0A0E1NSG3|A0A0E1NSG3_YERPA	GCF_012029655.1_WP_041144145.1	72.093	86	86	100	86	24	0	1	86	1	86	2.18e-36	123
tr|A0A0E1NSG3|A0A0E1NSG3_YERPA	GCF_022637595.1_WP_004858152.1	73.256	86	86	100	86	23	0	1	86	1	86	2.50e-36	123
tr|A0A0E1NSG3|A0A0E1NSG3_YERPA	GCF_015139575.1_WP_004098776.1	72.093	86	86	100	86	24	0	1	86	1	86	2.66e-36	123
tr|A0A0E1NSG3|A0A0E1NSG3_YERPA	GCF_000834395.1_WP_042546713.1	97.674	86	86	100	86	2	0	1	86	1	86	2.77e-36	123
tr|A0A0E1NSG3|A0A0E1NSG3_YERPA	GCF_003935895.2_WP_110510858.1	71.765	86	86	99	85	24	0	1	85	1	85	3.51e-36	122
tr|A0A0E1NSG3|A0A0E1NSG3_YERPA	GCF_004124235.1_WP_025377303.1	98.837	86	86	100	86	1	0	1	86	1	86	5.62e-36	122
tr|A0A0E1NSG3|A0A0E1NSG3_YERPA	GCF_000439255.1_WP_000062328.1	76.744	86	86	100	86	20	0	1	86	1	86	5.84e-36	122
tr|A0A0E1NSG3|A0A0E1NSG3_YERPA	GCF_013234275.1_WP_172895488.1	70.930	86	86	100	86	25	0	1	86	1	86	6.58e-36	122
tr|A0A0E1NSG3|A0A0E1NSG3_YERPA	GCF_000018045.1_WP_024130681.1	70.930	86	86	100	86	25	0	1	86	1	86	6.85e-36	122
tr|A0A0E1NSG3|A0A0E1NSG3_YERPA	GCF_000222975.1_WP_002218374.1	100.000	86	86	100	86	0	0	1	86	1	86	7.66e-36	121
tr|A0A0E1NSG3|A0A0E1NSG3_YERPA	GCF_024224615.1_WP_125293588.1	72.941	86	86	99	85	23	0	1	85	1	85	7.78e-36	121
tr|A0A0E1NSG3|A0A0E1NSG3_YERPA	GCF_011068345.1_WP_002436992.1	70.588	86	86	99	85	25	0	1	85	1	85	8.76e-36	121
tr|A0A0E1NSG3|A0A0E1NSG3_YERPA	GCF_000005845.2_NP_414731.2	73.810	86	84	98	84	22	0	3	86	1	84	9.99e-36	121
tr|A0A0E1NSG3|A0A0E1NSG3_YERPA	GCF_000834455.1_WP_032817050.1	98.837	86	86	100	86	1	0	1	86	1	86	1.17e-35	121
tr|A0A0E1NSG3|A0A0E1NSG3_YERPA	GCF_013282725.1_WP_032813813.1	96.512	86	86	100	86	3	0	1	86	1	86	1.19e-35	121
tr|A0A0E1NSG3|A0A0E1NSG3_YERPA	GCF_002163605.1_WP_157665988.1	74.419	86	86	100	86	22	0	1	86	1	86	1.21e-35	121
tr|A0A0E1NSG3|A0A0E1NSG3_YERPA	GCF_019797845.1_WP_222158377.1	69.767	86	86	100	86	26	0	1	86	1	86	1.54e-35	121
tr|A0A0E1NSG3|A0A0E1NSG3_YERPA	GCF_000006945.2_NP_459242.1	73.256	86	86	100	86	23	0	1	86	1	86	1.91e-35	121
tr|A0A0E1NSG3|A0A0E1NSG3_YERPA	GCF_025133195.1_WP_032910235.1	91.860	86	86	100	86	7	0	1	86	1	86	2.00e-35	121
tr|A0A0E1NSG3|A0A0E1NSG3_YERPA	GCF_900095885.1_WP_035340381.1	74.419	86	86	100	86	22	0	1	86	1	86	2.17e-35	120
tr|A0A0E1NSG3|A0A0E1NSG3_YERPA	GCF_000010085.1_WP_011411656.1	66.667	86	86	98	84	28	0	1	84	1	84	2.17e-35	120
tr|A0A0E1NSG3|A0A0E1NSG3_YERPA	GCF_005484945.1_WP_137712817.1	74.419	86	86	100	86	22	0	1	86	1	86	2.24e-35	120
tr|A0A0E1NSG3|A0A0E1NSG3_YERPA	GCF_025758125.1_WP_023480196.1	70.930	86	86	100	86	25	0	1	86	1	86	2.56e-35	120
tr|A0A0E1NSG3|A0A0E1NSG3_YERPA	GCF_000517425.1_WP_025421126.1	67.857	86	86	98	84	27	0	1	84	1	84	2.60e-35	120
tr|A0A0E1NSG3|A0A0E1NSG3_YERPA	GCF_012427845.1_WP_012773648.1	72.093	86	86	100	86	24	0	1	86	1	86	2.62e-35	120
tr|A0A0E1NSG3|A0A0E1NSG3_YERPA	GCF_021276285.1_WP_095923198.1	82.143	86	86	98	84	15	0	1	84	1	84	2.84e-35	120
tr|A0A0E1NSG3|A0A0E1NSG3_YERPA	GCF_009730055.1_WP_032906500.1	98.837	86	86	100	86	1	0	1	86	1	86	3.47e-35	120
tr|A0A0E1NSG3|A0A0E1NSG3_YERPA	GCF_002288545.1_WP_029367608.1	73.256	86	86	100	86	23	0	1	86	1	86	3.55e-35	120
tr|A0A0E1NSG3|A0A0E1NSG3_YERPA	GCF_017498685.1_WP_038245151.1	91.860	86	86	100	86	7	0	1	86	1	86	7.37e-35	119
tr|A0A0E1NSG3|A0A0E1NSG3_YERPA	GCF_009873295.1_WP_039312412.1	73.256	86	86	100	86	23	0	1	86	1	86	8.58e-35	119
tr|A0A0E1NSG3|A0A0E1NSG3_YERPA	GCF_022637475.1_WP_013574214.1	80.952	86	86	98	84	16	0	1	84	1	84	8.71e-35	119
tr|A0A0E1NSG3|A0A0E1NSG3_YERPA	GCF_000520015.2_WP_024910172.1	73.256	86	87	100	86	23	0	1	86	1	86	9.31e-35	119
tr|A0A0E1NSG3|A0A0E1NSG3_YERPA	GCF_003019925.1_WP_162185254.1	77.381	86	86	98	84	19	0	1	84	1	84	1.09e-34	119
tr|A0A0E1NSG3|A0A0E1NSG3_YERPA	GCF_002953195.1_WP_038628016.1	62.791	86	87	100	86	32	0	1	86	1	86	1.12e-34	119
tr|A0A0E1NSG3|A0A0E1NSG3_YERPA	GCF_015999465.1_WP_085688159.1	69.412	86	86	99	85	26	0	1	85	1	85	1.20e-34	119
tr|A0A0E1NSG3|A0A0E1NSG3_YERPA	GCF_009914055.1_WP_160619715.1	66.279	86	87	100	86	29	0	1	86	1	86	1.20e-34	119
tr|A0A0E1NSG3|A0A0E1NSG3_YERPA	GCF_003515985.1_WP_085653101.1	70.588	86	86	99	85	25	0	1	85	1	85	1.39e-34	118
tr|A0A0E1NSG3|A0A0E1NSG3_YERPA	GCF_000262305.1_WP_002441069.1	70.930	86	86	100	86	25	0	1	86	1	86	1.53e-34	118
tr|A0A0E1NSG3|A0A0E1NSG3_YERPA	GCF_000233595.1_WP_013024706.1	65.882	86	86	99	85	29	0	1	85	1	85	1.75e-34	118
tr|A0A0E1NSG3|A0A0E1NSG3_YERPA	GCF_009931295.1_WP_161528353.1	72.093	86	86	100	86	24	0	1	86	1	86	1.81e-34	118
tr|A0A0E1NSG3|A0A0E1NSG3_YERPA	GCF_000740965.1_WP_011092648.1	72.093	86	86	100	86	24	0	1	86	1	86	1.81e-34	118
tr|A0A0E1NSG3|A0A0E1NSG3_YERPA	GCF_000023545.1_WP_015854637.1	70.930	86	86	100	86	25	0	1	86	1	86	1.93e-34	118
tr|A0A0E1NSG3|A0A0E1NSG3_YERPA	GCF_000025065.1_WP_012883679.1	70.588	86	86	99	85	25	0	1	85	1	85	1.96e-34	118
tr|A0A0E1NSG3|A0A0E1NSG3_YERPA	GCF_017569925.1_WP_208228065.1	74.419	86	86	100	86	22	0	1	86	1	86	2.11e-34	118
tr|A0A0E1NSG3|A0A0E1NSG3_YERPA	GCF_020181655.1_WP_225087160.1	72.093	86	86	100	86	24	0	1	86	1	86	2.47e-34	118
tr|A0A0E1NSG3|A0A0E1NSG3_YERPA	GCF_002101395.1_WP_085067900.1	62.791	86	87	100	86	32	0	1	86	1	86	2.51e-34	118
tr|A0A0E1NSG3|A0A0E1NSG3_YERPA	GCF_000023565.1_WP_012770818.1	71.765	86	86	99	85	24	0	1	85	1	85	4.14e-34	117
tr|A0A0E1NSG3|A0A0E1NSG3_YERPA	GCF_001642805.2_WP_004931991.1	74.419	86	87	100	86	22	0	1	86	1	86	4.56e-34	117
tr|A0A0E1NSG3|A0A0E1NSG3_YERPA	GCF_001742185.1_WP_005975933.1	72.093	86	86	100	86	24	0	1	86	1	86	4.66e-34	117
tr|A0A0E1NSG3|A0A0E1NSG3_YERPA	GCF_021462285.1_WP_234585968.1	74.419	86	87	100	86	22	0	1	86	1	86	4.71e-34	117
tr|A0A0E1NSG3|A0A0E1NSG3_YERPA	GCF_016026735.1_WP_015673540.1	73.256	86	87	100	86	23	0	1	86	1	86	4.78e-34	117
tr|A0A0E1NSG3|A0A0E1NSG3_YERPA	GCF_007858975.2_WP_042869176.1	70.588	86	86	99	85	25	0	1	85	1	85	4.93e-34	117
tr|A0A0E1NSG3|A0A0E1NSG3_YERPA	GCF_002291445.1_WP_048635886.1	74.419	86	86	100	86	22	0	1	86	1	86	5.17e-34	117
tr|A0A0E1NSG3|A0A0E1NSG3_YERPA	GCF_005484965.1_WP_009114129.1	76.744	86	86	100	86	20	0	1	86	1	86	5.46e-34	117
tr|A0A0E1NSG3|A0A0E1NSG3_YERPA	GCF_900187015.1_WP_061796701.1	74.419	86	87	100	86	22	0	1	86	1	86	6.84e-34	117
tr|A0A0E1NSG3|A0A0E1NSG3_YERPA	GCF_011044475.1_WP_033740322.1	67.059	86	86	99	85	28	0	1	85	1	85	7.16e-34	117
tr|A0A0E1NSG3|A0A0E1NSG3_YERPA	GCF_003992745.1_WP_014700896.1	69.767	86	86	100	86	26	0	1	86	1	86	8.00e-34	116
tr|A0A0E1NSG3|A0A0E1NSG3_YERPA	GCF_000264765.2_WP_034163237.1	69.767	86	86	100	86	26	0	1	86	1	86	8.00e-34	116
tr|A0A0E1NSG3|A0A0E1NSG3_YERPA	GCF_023517775.1_WP_249893541.1	65.116	86	87	100	86	30	0	1	86	1	86	8.48e-34	116
tr|A0A0E1NSG3|A0A0E1NSG3_YERPA	GCF_009817885.1_WP_105232289.1	72.093	86	87	100	86	24	0	1	86	1	86	1.08e-33	116
tr|A0A0E1NSG3|A0A0E1NSG3_YERPA	GCF_020079945.1_WP_039382769.1	63.529	86	87	99	85	31	0	1	85	1	85	1.27e-33	116
tr|A0A0E1NSG3|A0A0E1NSG3_YERPA	GCF_011617105.1_WP_025800203.1	76.744	86	86	100	86	20	0	1	86	1	86	1.49e-33	116
tr|A0A0E1NSG3|A0A0E1NSG3_YERPA	GCF_020150375.1_WP_004094310.1	77.907	86	86	100	86	19	0	1	86	1	86	1.96e-33	116
tr|A0A0E1NSG3|A0A0E1NSG3_YERPA	GCF_002812485.1_WP_038661467.1	71.765	86	86	99	85	24	0	1	85	1	85	3.06e-33	115
tr|A0A0E1NSG3|A0A0E1NSG3_YERPA	GCF_000026185.1_WP_012440659.1	58.824	86	87	99	85	35	0	1	85	1	85	3.12e-33	115
tr|A0A0E1NSG3|A0A0E1NSG3_YERPA	GCF_000196615.1_WP_013200864.1	60.465	86	87	100	86	34	0	1	86	1	86	4.43e-33	114
tr|A0A0E1NSG3|A0A0E1NSG3_YERPA	GCF_022647505.1_WP_128179458.1	61.628	86	87	100	86	33	0	1	86	1	86	5.11e-33	114
tr|A0A0E1NSG3|A0A0E1NSG3_YERPA	GCF_000147055.1_WP_022632468.1	70.588	86	86	99	85	25	0	1	85	1	85	5.43e-33	114
tr|A0A0E1NSG3|A0A0E1NSG3_YERPA	GCF_021733145.1_WP_012847629.1	69.048	86	86	98	84	26	0	1	84	1	84	6.27e-33	114
tr|A0A0E1NSG3|A0A0E1NSG3_YERPA	GCF_001010285.1_WP_046974061.1	76.744	86	88	100	86	20	0	1	86	1	86	6.76e-33	114
tr|A0A0E1NSG3|A0A0E1NSG3_YERPA	GCF_019890955.1_WP_211725887.1	62.353	86	87	99	85	32	0	1	85	1	85	7.78e-33	114
tr|A0A0E1NSG3|A0A0E1NSG3_YERPA	GCF_017348915.1_WP_040077077.1	75.581	86	86	100	86	21	0	1	86	1	86	8.08e-33	114
tr|A0A0E1NSG3|A0A0E1NSG3_YERPA	GCF_002291425.1_WP_095847471.1	70.930	86	87	100	86	25	0	1	86	1	86	1.10e-32	114
tr|A0A0E1NSG3|A0A0E1NSG3_YERPA	GCF_003403135.1_WP_024104894.1	70.588	86	86	99	85	25	0	1	85	1	85	1.15e-32	114
tr|A0A0E1NSG3|A0A0E1NSG3_YERPA	GCF_019090985.1_WP_036781226.1	73.256	86	88	100	86	23	0	1	86	1	86	1.18e-32	114
tr|A0A0E1NSG3|A0A0E1NSG3_YERPA	GCF_902387845.1_WP_004237241.1	67.442	86	88	100	86	28	0	1	86	1	86	1.24e-32	113
tr|A0A0E1NSG3|A0A0E1NSG3_YERPA	GCF_004792415.1_WP_013356856.1	61.905	86	86	98	84	32	0	1	84	1	84	1.72e-32	113
tr|A0A0E1NSG3|A0A0E1NSG3_YERPA	GCF_019047765.1_WP_040230035.1	72.093	86	86	100	86	24	0	1	86	1	86	2.08e-32	113
tr|A0A0E1NSG3|A0A0E1NSG3_YERPA	GCF_020541225.1_WP_226811316.1	58.333	86	86	98	84	35	0	1	84	1	84	2.27e-32	113
tr|A0A0E1NSG3|A0A0E1NSG3_YERPA	GCF_000196155.1_WP_011145066.1	72.093	86	88	100	86	24	0	1	86	1	86	2.63e-32	112
tr|A0A0E1NSG3|A0A0E1NSG3_YERPA	GCF_003204135.1_WP_004908806.1	65.116	86	87	100	86	30	0	1	86	1	86	2.67e-32	112
tr|A0A0E1NSG3|A0A0E1NSG3_YERPA	GCF_000196475.1_WP_012776850.1	73.256	86	88	100	86	23	0	1	86	1	86	4.01e-32	112
tr|A0A0E1NSG3|A0A0E1NSG3_YERPA	GCF_025946765.1_WP_264497926.1	66.279	86	86	100	86	29	0	1	86	1	86	4.61e-32	112
tr|A0A0E1NSG3|A0A0E1NSG3_YERPA	GCF_022592395.1_WP_047255099.1	60.465	86	87	100	86	34	0	1	86	1	86	4.65e-32	112
tr|A0A0E1NSG3|A0A0E1NSG3_YERPA	GCF_900475855.1_WP_068441311.1	67.442	86	87	100	86	28	0	1	86	1	86	7.20e-32	111
tr|A0A0E1NSG3|A0A0E1NSG3_YERPA	GCF_002843235.3_WP_102139922.1	66.279	86	87	100	86	29	0	1	86	1	86	9.44e-32	111
tr|A0A0E1NSG3|A0A0E1NSG3_YERPA	GCF_029277985.1_WP_154623766.1	69.767	86	87	100	86	26	0	1	86	1	86	1.06e-31	111
tr|A0A0E1NSG3|A0A0E1NSG3_YERPA	GCF_019048385.1_WP_062759648.1	60.714	86	86	98	84	33	0	1	84	1	84	1.23e-31	111
tr|A0A0E1NSG3|A0A0E1NSG3_YERPA	GCF_020683125.1_WP_133842177.1	62.069	86	88	100	87	32	1	1	86	1	87	1.27e-31	111
tr|A0A0E1NSG3|A0A0E1NSG3_YERPA	GCF_002393505.1_WP_006658392.1	63.953	86	87	100	86	31	0	1	86	1	86	1.30e-31	111
tr|A0A0E1NSG3|A0A0E1NSG3_YERPA	GCF_000517405.1_WP_038469034.1	65.432	86	83	94	81	28	0	4	84	1	81	1.50e-31	111
tr|A0A0E1NSG3|A0A0E1NSG3_YERPA	GCF_020268605.1_WP_180560445.1	65.116	86	88	100	86	30	0	1	86	1	86	1.65e-31	111
tr|A0A0E1NSG3|A0A0E1NSG3_YERPA	GCF_009646115.1_WP_008925644.1	61.905	86	86	98	84	32	0	1	84	1	84	1.68e-31	111
tr|A0A0E1NSG3|A0A0E1NSG3_YERPA	GCF_011045835.1_WP_075671674.1	59.524	86	86	98	84	34	0	1	84	1	84	1.79e-31	111
tr|A0A0E1NSG3|A0A0E1NSG3_YERPA	GCF_019844095.1_WP_062747070.1	64.368	86	88	100	87	30	1	1	86	1	87	1.98e-31	111
tr|A0A0E1NSG3|A0A0E1NSG3_YERPA	GCF_000261045.2_WP_006318653.1	67.442	86	87	100	86	28	0	1	86	1	86	2.06e-31	110
tr|A0A0E1NSG3|A0A0E1NSG3_YERPA	GCF_004768525.1_WP_026822068.1	66.279	86	88	100	86	29	0	1	86	1	86	2.16e-31	110
tr|A0A0E1NSG3|A0A0E1NSG3_YERPA	GCF_900638135.1_WP_012146468.1	66.279	86	87	100	86	29	0	1	86	1	86	2.57e-31	110
tr|A0A0E1NSG3|A0A0E1NSG3_YERPA	GCF_000091565.1_WP_004159420.1	59.524	86	87	98	84	34	0	1	84	1	84	2.61e-31	110
tr|A0A0E1NSG3|A0A0E1NSG3_YERPA	GCF_013460135.1_WP_180816665.1	62.791	86	88	100	86	32	0	1	86	1	86	2.90e-31	110
tr|A0A0E1NSG3|A0A0E1NSG3_YERPA	GCF_009831665.3_WP_006709226.1	62.791	86	87	100	86	32	0	1	86	1	86	4.48e-31	109
tr|A0A0E1NSG3|A0A0E1NSG3_YERPA	GCF_000069965.1_WP_004245453.1	58.333	86	86	98	84	35	0	1	84	1	84	4.73e-31	109
tr|A0A0E1NSG3|A0A0E1NSG3_YERPA	GCF_022369495.1_WP_072064250.1	58.333	86	86	98	84	35	0	1	84	1	84	4.88e-31	109
tr|A0A0E1NSG3|A0A0E1NSG3_YERPA	GCF_022647325.1_WP_111140597.1	59.524	86	86	98	84	34	0	1	84	1	84	5.67e-31	109
tr|A0A0E1NSG3|A0A0E1NSG3_YERPA	GCF_017743015.1_WP_209027287.1	68.605	86	88	100	86	27	0	1	86	1	86	8.48e-31	109
tr|A0A0E1NSG3|A0A0E1NSG3_YERPA	GCF_002504285.1_WP_005282992.1	67.442	86	86	100	86	28	0	1	86	1	86	8.51e-31	109
tr|A0A0E1NSG3|A0A0E1NSG3_YERPA	GCF_000968195.1_WP_045972480.1	66.667	86	87	100	87	28	1	1	86	1	87	1.38e-30	108
tr|A0A0E1NSG3|A0A0E1NSG3_YERPA	GCF_000214235.1_WP_004952197.1	67.857	86	85	98	84	27	0	3	86	1	84	1.40e-30	108
tr|A0A0E1NSG3|A0A0E1NSG3_YERPA	GCF_020342335.1_WP_067428135.1	60.714	86	87	98	84	33	0	1	84	1	84	1.51e-30	108
tr|A0A0E1NSG3|A0A0E1NSG3_YERPA	GCF_001721185.1_WP_069317984.1	66.279	86	87	100	86	29	0	1	86	1	86	1.51e-30	108
tr|A0A0E1NSG3|A0A0E1NSG3_YERPA	GCF_021365465.1_WP_016190321.1	62.791	86	87	100	86	32	0	1	86	1	86	1.55e-30	108
tr|A0A0E1NSG3|A0A0E1NSG3_YERPA	GCF_001006005.1_WP_223499701.1	67.857	86	85	98	84	27	0	3	86	1	84	2.77e-30	107
tr|A0A0E1NSG3|A0A0E1NSG3_YERPA	GCF_016026395.1_WP_024524235.1	66.279	86	86	100	86	29	0	1	86	1	86	3.91e-30	107
tr|A0A0E1NSG3|A0A0E1NSG3_YERPA	GCF_004353845.1_WP_103770713.1	32.184	86	93	100	87	58	1	1	86	1	87	4.17e-30	107
tr|A0A0E1NSG3|A0A0E1NSG3_YERPA	GCF_008364325.2_WP_230090436.1	66.667	86	85	98	84	28	0	3	86	1	84	4.26e-30	107
tr|A0A0E1NSG3|A0A0E1NSG3_YERPA	GCF_002952315.1_WP_012667243.1	60.000	86	87	99	85	34	0	1	85	1	85	4.56e-30	107
tr|A0A0E1NSG3|A0A0E1NSG3_YERPA	GCF_005671395.1_WP_138095872.1	63.291	86	86	92	79	29	0	1	79	1	79	9.08e-30	106
tr|A0A0E1NSG3|A0A0E1NSG3_YERPA	GCF_004295645.1_WP_228350951.1	68.966	86	88	100	87	26	1	1	86	1	87	1.20e-29	106
tr|A0A0E1NSG3|A0A0E1NSG3_YERPA	GCF_003812345.1_WP_121571778.1	33.333	86	94	100	87	57	1	1	86	1	87	1.23e-29	106
tr|A0A0E1NSG3|A0A0E1NSG3_YERPA	GCF_000968175.1_WP_045959360.1	63.218	86	88	100	87	31	1	1	86	1	87	2.75e-29	105
tr|A0A0E1NSG3|A0A0E1NSG3_YERPA	GCF_900478135.1_WP_111739359.1	70.115	86	88	100	87	25	1	1	86	1	87	2.98e-29	105
tr|A0A0E1NSG3|A0A0E1NSG3_YERPA	GCF_004116975.1_WP_064720954.1	60.714	86	86	98	84	33	0	1	84	1	84	3.29e-29	105
tr|A0A0E1NSG3|A0A0E1NSG3_YERPA	GCF_014295015.1_WP_013185414.1	66.667	86	87	100	87	28	1	1	86	1	87	4.75e-29	104
tr|A0A0E1NSG3|A0A0E1NSG3_YERPA	GCF_003096015.2_WP_230514010.1	68.966	86	88	100	87	26	1	1	86	1	87	5.04e-29	104
tr|A0A0E1NSG3|A0A0E1NSG3_YERPA	GCF_008693605.1_WP_223849061.1	32.558	86	95	99	86	57	1	1	85	2	87	9.08e-29	104
tr|A0A0E1NSG3|A0A0E1NSG3_YERPA	GCF_003074995.2_WP_015870269.1	62.651	86	86	97	83	31	0	1	83	1	83	9.32e-29	103
tr|A0A0E1NSG3|A0A0E1NSG3_YERPA	GCF_002355475.1_WP_004421315.1	39.506	86	91	93	81	48	1	3	82	1	81	1.12e-28	103
tr|A0A0E1NSG3|A0A0E1NSG3_YERPA	GCF_900638655.1_WP_047781753.1	70.115	86	88	100	87	25	1	1	86	1	87	1.23e-28	103
tr|A0A0E1NSG3|A0A0E1NSG3_YERPA	GCF_001597285.1_WP_061903727.1	32.500	86	92	92	80	53	1	4	82	1	80	2.03e-28	103
tr|A0A0E1NSG3|A0A0E1NSG3_YERPA	GCF_008693645.1_WP_137347870.1	31.034	86	89	100	87	59	1	1	86	1	87	7.40e-28	101
tr|A0A0E1NSG3|A0A0E1NSG3_YERPA	GCF_013200955.2_WP_173204463.1	32.099	86	91	93	81	54	1	3	82	1	81	1.06e-27	101
tr|A0A0E1NSG3|A0A0E1NSG3_YERPA	GCF_024205225.1_WP_195881696.1	31.250	86	90	92	80	54	1	4	82	1	80	1.06e-27	101
tr|A0A0E1NSG3|A0A0E1NSG3_YERPA	GCF_000733715.2_WP_017362912.1	31.250	86	90	92	80	54	1	4	82	1	80	1.11e-27	101
tr|A0A0E1NSG3|A0A0E1NSG3_YERPA	GCF_001708425.1_WP_055136127.1	31.250	86	94	92	80	54	1	4	82	1	80	1.77e-27	100
tr|A0A0E1NSG3|A0A0E1NSG3_YERPA	GCF_900682675.2_WP_069898892.1	33.750	86	94	92	80	52	1	4	82	1	80	1.83e-27	100
tr|A0A0E1NSG3|A0A0E1NSG3_YERPA	GCF_000297075.2_WP_003461742.1	31.250	86	90	92	80	54	1	4	82	1	80	2.08e-27	100
tr|A0A0E1NSG3|A0A0E1NSG3_YERPA	GCF_013423785.1_WP_180308358.1	34.146	86	88	95	82	54	0	1	82	1	82	3.68e-27	100
tr|A0A0E1NSG3|A0A0E1NSG3_YERPA	GCF_013409125.2_WP_099525265.1	31.250	86	90	92	80	54	1	4	82	1	80	4.26e-27	99.8
tr|A0A0E1NSG3|A0A0E1NSG3_YERPA	GCF_021029445.1_WP_230924827.1	29.114	86	89	92	79	56	0	4	82	1	79	5.75e-27	99.5
tr|A0A0E1NSG3|A0A0E1NSG3_YERPA	GCF_017329545.1_WP_047884589.1	35.294	86	95	98	85	54	1	3	86	1	85	5.88e-27	99.8
tr|A0A0E1NSG3|A0A0E1NSG3_YERPA	GCF_001594225.2_WP_064379396.1	33.750	86	92	92	80	52	1	4	82	1	80	6.95e-27	99.5
tr|A0A0E1NSG3|A0A0E1NSG3_YERPA	GCF_008807375.1_WP_151138908.1	40.741	86	91	93	81	47	1	3	82	1	81	1.06e-26	98.9
tr|A0A0E1NSG3|A0A0E1NSG3_YERPA	GCF_017167985.1_WP_093053415.1	32.500	86	92	92	80	53	1	4	82	1	80	1.68e-26	98.4
tr|A0A0E1NSG3|A0A0E1NSG3_YERPA	GCF_011397855.1_WP_044414183.1	36.250	86	90	92	80	50	1	4	82	1	80	1.74e-26	98.4
tr|A0A0E1NSG3|A0A0E1NSG3_YERPA	GCF_017167985.1_WP_079784061.1	32.500	86	90	92	80	53	1	4	82	1	80	1.81e-26	98.4
tr|A0A0E1NSG3|A0A0E1NSG3_YERPA	GCF_004684345.1_WP_135321947.1	33.333	86	93	93	81	53	1	1	80	1	81	2.73e-26	97.8
tr|A0A0E1NSG3|A0A0E1NSG3_YERPA	GCF_012767755.2_WP_173176508.1	31.250	86	91	92	80	51	2	4	82	1	77	4.52e-26	97.2
tr|A0A0E1NSG3|A0A0E1NSG3_YERPA	GCF_025402875.1_WP_011791024.1	31.250	86	90	92	80	54	1	4	82	1	80	5.63e-26	96.9
tr|A0A0E1NSG3|A0A0E1NSG3_YERPA	GCF_017915135.1_WP_210390879.1	30.000	86	90	92	80	55	1	4	82	1	80	6.35e-26	96.9
tr|A0A0E1NSG3|A0A0E1NSG3_YERPA	GCF_008033135.1_WP_148717358.1	26.582	86	87	92	79	58	0	4	82	1	79	6.77e-26	96.7
tr|A0A0E1NSG3|A0A0E1NSG3_YERPA	GCF_000178875.2_WP_012197738.1	32.500	86	90	92	80	53	1	4	82	1	80	1.77e-25	95.8
tr|A0A0E1NSG3|A0A0E1NSG3_YERPA	GCF_003957745.1_WP_126168493.1	35.000	86	87	92	80	51	1	4	82	1	80	2.28e-25	95.5
tr|A0A0E1NSG3|A0A0E1NSG3_YERPA	GCF_019047765.1_WP_040231149.1	30.233	86	89	99	86	59	1	1	85	1	86	2.37e-25	95.5
tr|A0A0E1NSG3|A0A0E1NSG3_YERPA	GCF_016834455.1_WP_203325205.1	35.000	86	86	92	80	51	1	4	82	1	80	2.89e-25	95.3
tr|A0A0E1NSG3|A0A0E1NSG3_YERPA	GCF_014524625.1_WP_009050814.1	23.750	86	92	92	80	60	1	4	82	1	80	5.80e-25	94.4
tr|A0A0E1NSG3|A0A0E1NSG3_YERPA	GCF_000015245.1_WP_011761423.1	35.000	86	86	92	80	51	1	4	82	1	80	7.93e-25	94.1
tr|A0A0E1NSG3|A0A0E1NSG3_YERPA	GCF_020423125.1_WP_226170850.1	30.120	86	84	97	83	58	0	4	86	1	83	1.48e-24	93.3
tr|A0A0E1NSG3|A0A0E1NSG3_YERPA	GCF_024971755.1_WP_259474826.1	30.000	86	88	92	80	55	1	4	82	1	80	1.86e-24	93.0
tr|A0A0E1NSG3|A0A0E1NSG3_YERPA	GCF_016026875.1_WP_045525981.1	30.488	86	89	95	82	57	0	4	85	1	82	1.88e-24	93.0
tr|A0A0E1NSG3|A0A0E1NSG3_YERPA	GCF_028355655.1_WP_087756847.1	27.711	86	84	97	83	60	0	4	86	1	83	2.15e-24	93.0
tr|A0A0E1NSG3|A0A0E1NSG3_YERPA	GCF_019670705.1_WP_100146025.1	35.000	86	92	92	80	51	1	4	82	1	80	2.41e-24	93.0
tr|A0A0E1NSG3|A0A0E1NSG3_YERPA	GCF_017354925.1_WP_207321174.1	32.500	86	87	92	80	53	1	4	82	1	80	2.72e-24	92.7
tr|A0A0E1NSG3|A0A0E1NSG3_YERPA	GCF_009730655.1_WP_156020461.1	35.000	86	92	92	80	51	1	4	82	1	80	3.20e-24	92.7
tr|A0A0E1NSG3|A0A0E1NSG3_YERPA	GCF_008693705.1_WP_127008315.1	26.506	86	84	97	83	61	0	4	86	1	83	4.13e-24	92.2
tr|A0A0E1NSG3|A0A0E1NSG3_YERPA	GCF_002355475.1_WP_003455993.1	31.169	86	90	88	77	52	1	7	82	2	78	5.22e-24	91.9
tr|A0A0E1NSG3|A0A0E1NSG3_YERPA	GCF_012767755.2_WP_173171843.1	33.750	86	90	92	80	52	1	4	82	1	80	5.34e-24	91.9
tr|A0A0E1NSG3|A0A0E1NSG3_YERPA	GCF_017354965.1_WP_207380278.1	32.500	86	87	92	80	53	1	4	82	1	80	5.70e-24	91.9
tr|A0A0E1NSG3|A0A0E1NSG3_YERPA	GCF_020405345.1_WP_017780573.1	28.049	86	89	95	82	59	0	4	85	1	82	5.91e-24	91.9
tr|A0A0E1NSG3|A0A0E1NSG3_YERPA	GCF_024346675.1_WP_048897676.1	30.952	86	86	97	84	57	1	3	85	1	84	8.01e-24	91.6
tr|A0A0E1NSG3|A0A0E1NSG3_YERPA	GCF_020991025.1_WP_152109250.1	41.026	86	83	90	78	45	1	3	79	1	78	1.38e-23	90.8
tr|A0A0E1NSG3|A0A0E1NSG3_YERPA	GCF_900637545.1_WP_042651794.1	27.711	86	84	97	83	60	0	4	86	1	83	1.40e-23	90.8
tr|A0A0E1NSG3|A0A0E1NSG3_YERPA	GCF_008807375.1_WP_151133519.1	28.571	86	90	88	77	54	1	7	82	2	78	3.35e-23	89.9
tr|A0A0E1NSG3|A0A0E1NSG3_YERPA	GCF_029457395.1_WP_024766443.1	29.762	86	92	92	84	54	1	4	82	1	84	3.41e-23	89.9
tr|A0A0E1NSG3|A0A0E1NSG3_YERPA	GCF_002215585.1_WP_088903590.1	29.114	86	89	92	79	56	0	4	82	1	79	4.37e-23	89.6
tr|A0A0E1NSG3|A0A0E1NSG3_YERPA	GCF_003025345.2_WP_003155955.1	35.227	86	91	95	88	51	1	4	85	1	88	6.18e-23	89.4
tr|A0A0E1NSG3|A0A0E1NSG3_YERPA	GCF_003015165.1_WP_106887831.1	27.711	86	84	97	83	60	0	4	86	1	83	6.76e-23	89.1
tr|A0A0E1NSG3|A0A0E1NSG3_YERPA	GCF_016026615.1_WP_197928313.1	25.610	86	89	95	82	61	0	4	85	1	82	7.63e-23	89.1
tr|A0A0E1NSG3|A0A0E1NSG3_YERPA	GCF_004358345.1_WP_121852852.1	32.857	86	76	80	70	46	1	3	71	1	70	9.80e-23	88.5
tr|A0A0E1NSG3|A0A0E1NSG3_YERPA	GCF_014169735.1_WP_134997272.1	25.610	86	86	95	82	61	0	4	85	1	82	1.22e-22	88.5
tr|A0A0E1NSG3|A0A0E1NSG3_YERPA	GCF_006742785.1_WP_172630283.1	25.316	86	88	91	79	58	1	8	85	3	81	1.26e-22	88.5
tr|A0A0E1NSG3|A0A0E1NSG3_YERPA	GCF_020149575.1_WP_224431657.1	28.395	86	85	94	81	58	0	4	84	1	81	1.52e-22	88.2
tr|A0A0E1NSG3|A0A0E1NSG3_YERPA	GCF_002005305.1_WP_077753428.1	32.500	86	86	92	80	53	1	4	82	1	80	1.91e-22	87.9
tr|A0A0E1NSG3|A0A0E1NSG3_YERPA	GCF_012971725.1_WP_169940133.1	29.762	86	92	92	84	54	1	4	82	1	84	3.85e-22	87.4
tr|A0A0E1NSG3|A0A0E1NSG3_YERPA	GCF_024347475.1_WP_239840920.1	28.395	86	83	88	81	53	2	10	85	2	82	7.20e-22	86.5
tr|A0A0E1NSG3|A0A0E1NSG3_YERPA	GCF_024347355.1_WP_105024956.1	30.488	86	83	90	82	52	2	10	86	2	83	8.78e-22	86.3
tr|A0A0E1NSG3|A0A0E1NSG3_YERPA	GCF_000014885.1_WP_020912292.1	33.750	86	87	92	80	52	1	4	82	1	80	1.09e-21	86.0
tr|A0A0E1NSG3|A0A0E1NSG3_YERPA	GCF_003584645.1_WP_197716612.1	28.049	86	80	91	82	52	2	3	80	1	79	2.13e-21	85.1
tr|A0A0E1NSG3|A0A0E1NSG3_YERPA	GCF_002204915.1_WP_052690899.1	25.974	86	101	88	77	56	1	10	85	21	97	2.29e-21	85.4
tr|A0A0E1NSG3|A0A0E1NSG3_YERPA	GCF_000146165.2_WP_164925808.1	32.099	86	89	92	81	53	2	4	82	1	81	4.82e-21	84.6
tr|A0A0E1NSG3|A0A0E1NSG3_YERPA	GCF_016127195.1_WP_042032742.1	25.610	86	89	95	82	61	0	4	85	1	82	5.18e-21	84.3
tr|A0A0E1NSG3|A0A0E1NSG3_YERPA	GCF_000009145.1_WP_041356315.1	29.870	86	90	88	77	53	1	10	85	6	82	5.48e-21	84.3
tr|A0A0E1NSG3|A0A0E1NSG3_YERPA	GCF_000016065.1_WP_011864074.1	30.380	86	93	92	79	55	0	4	82	1	79	5.74e-21	84.3
tr|A0A0E1NSG3|A0A0E1NSG3_YERPA	GCF_024360925.2_WP_255188929.1	26.923	86	83	90	78	55	2	10	86	6	82	6.35e-21	84.0
tr|A0A0E1NSG3|A0A0E1NSG3_YERPA	GCF_006337165.1_WP_139515111.1	33.735	86	82	91	83	47	2	3	80	1	80	9.81e-21	83.4
tr|A0A0E1NSG3|A0A0E1NSG3_YERPA	GCF_000214665.1_WP_013819542.1	27.273	86	83	88	77	54	2	10	85	6	81	1.11e-20	83.4
tr|A0A0E1NSG3|A0A0E1NSG3_YERPA	GCF_001007935.1_WP_046849946.1	27.848	86	84	91	79	56	1	8	85	4	82	1.15e-20	83.4
tr|A0A0E1NSG3|A0A0E1NSG3_YERPA	GCF_009938225.1_WP_075649723.1	37.662	86	82	88	77	47	1	10	85	2	78	1.33e-20	83.2
tr|A0A0E1NSG3|A0A0E1NSG3_YERPA	GCF_019669905.1_WP_054759186.1	30.380	86	79	91	79	50	2	8	85	3	77	1.44e-20	83.2
tr|A0A0E1NSG3|A0A0E1NSG3_YERPA	GCF_000801295.1_WP_171816254.1	31.646	86	99	88	79	51	1	1	76	1	79	1.67e-20	83.2
tr|A0A0E1NSG3|A0A0E1NSG3_YERPA	GCF_003966655.1_WP_113527441.1	26.761	86	77	83	71	52	0	3	73	1	71	1.70e-20	82.9
tr|A0A0E1NSG3|A0A0E1NSG3_YERPA	GCF_004355185.1_WP_133271280.1	32.500	86	81	87	80	46	2	4	78	1	77	1.71e-20	82.9
tr|A0A0E1NSG3|A0A0E1NSG3_YERPA	GCF_001677435.1_WP_068615618.1	31.169	86	90	87	77	50	3	3	77	1	76	1.98e-20	82.9
tr|A0A0E1NSG3|A0A0E1NSG3_YERPA	GCF_013462805.1_WP_009566961.1	26.761	86	77	83	71	52	0	3	73	1	71	2.36e-20	82.3
tr|A0A0E1NSG3|A0A0E1NSG3_YERPA	GCF_001596155.1_WP_068342236.1	31.169	86	90	85	77	46	3	3	75	1	74	2.71e-20	82.6
tr|A0A0E1NSG3|A0A0E1NSG3_YERPA	GCF_000968535.2_WP_014147785.1	31.579	86	84	87	76	50	2	8	82	4	78	2.90e-20	82.3
tr|A0A0E1NSG3|A0A0E1NSG3_YERPA	GCF_027625995.1_WP_270126807.1	32.099	86	82	88	81	47	2	3	78	1	78	2.96e-20	82.3
tr|A0A0E1NSG3|A0A0E1NSG3_YERPA	GCF_008329985.2_WP_149283950.1	32.432	86	81	85	74	49	1	10	82	2	75	3.00e-20	82.3
tr|A0A0E1NSG3|A0A0E1NSG3_YERPA	GCF_019670125.1_WP_221076876.1	28.205	86	81	90	78	55	1	10	86	2	79	3.94e-20	82.0
tr|A0A0E1NSG3|A0A0E1NSG3_YERPA	GCF_022371215.1_WP_239718047.1	25.610	86	83	90	82	56	2	10	86	2	83	7.33e-20	81.2
tr|A0A0E1NSG3|A0A0E1NSG3_YERPA	GCF_001020955.1_WP_047250467.1	36.709	86	82	87	79	46	2	1	75	1	79	1.03e-19	80.9
tr|A0A0E1NSG3|A0A0E1NSG3_YERPA	GCF_013283835.1_WP_071626507.1	27.273	86	83	86	77	50	2	3	76	1	74	1.14e-19	80.9
tr|A0A0E1NSG3|A0A0E1NSG3_YERPA	GCF_002142475.1_WP_026148861.1	26.250	86	86	88	80	52	2	4	79	1	77	1.35e-19	80.6
tr|A0A0E1NSG3|A0A0E1NSG3_YERPA	GCF_010093065.1_WP_238430213.1	28.235	86	83	93	85	53	3	1	80	2	83	1.43e-19	80.6
tr|A0A0E1NSG3|A0A0E1NSG3_YERPA	GCF_014905115.1_WP_193151849.1	26.923	86	81	90	78	56	1	10	86	2	79	1.63e-19	80.3
tr|A0A0E1NSG3|A0A0E1NSG3_YERPA	GCF_003258315.1_WP_111337788.1	26.582	86	88	91	79	57	1	8	85	4	82	1.84e-19	80.3
tr|A0A0E1NSG3|A0A0E1NSG3_YERPA	GCF_001558415.2_WP_061055374.1	23.377	86	83	88	77	58	1	10	85	2	78	1.90e-19	80.3
tr|A0A0E1NSG3|A0A0E1NSG3_YERPA	GCF_000785705.2_WP_036272019.1	26.316	86	82	88	76	55	1	10	85	6	80	1.98e-19	80.1
tr|A0A0E1NSG3|A0A0E1NSG3_YERPA	GCF_008364325.2_WP_020826409.1	22.500	86	84	92	80	58	2	4	82	1	77	2.25e-19	80.1
tr|A0A0E1NSG3|A0A0E1NSG3_YERPA	GCF_009938185.1_WP_162048373.1	29.333	86	82	86	75	52	1	10	83	2	76	2.59e-19	79.8
tr|A0A0E1NSG3|A0A0E1NSG3_YERPA	GCF_013137895.1_WP_135435790.1	32.927	86	83	90	82	46	3	1	77	1	78	2.65e-19	79.8
tr|A0A0E1NSG3|A0A0E1NSG3_YERPA	GCF_000576555.1_WP_044000633.1	33.333	86	83	85	78	44	2	6	78	5	79	3.62e-19	79.5
tr|A0A0E1NSG3|A0A0E1NSG3_YERPA	GCF_019670105.1_WP_040307707.1	26.667	86	81	86	75	54	1	10	83	2	76	4.03e-19	79.5
tr|A0A0E1NSG3|A0A0E1NSG3_YERPA	GCF_002407485.1_WP_096780111.1	24.675	86	81	88	77	57	1	10	85	2	78	4.03e-19	79.5
tr|A0A0E1NSG3|A0A0E1NSG3_YERPA	GCF_001007875.1_WP_046858354.1	24.675	86	80	88	77	57	1	10	85	2	78	4.50e-19	79.2
tr|A0A0E1NSG3|A0A0E1NSG3_YERPA	GCF_003515105.1_WP_036973086.1	40.845	86	73	81	71	41	1	6	75	2	72	5.01e-19	78.9
tr|A0A0E1NSG3|A0A0E1NSG3_YERPA	GCF_022827545.1_WP_243798205.1	33.333	86	82	88	81	46	2	3	78	1	78	6.30e-19	78.9
tr|A0A0E1NSG3|A0A0E1NSG3_YERPA	GCF_003574965.1_WP_119445661.1	33.333	86	82	88	81	46	2	3	78	1	78	6.30e-19	78.9
tr|A0A0E1NSG3|A0A0E1NSG3_YERPA	GCF_020844025.1_WP_215848879.1	28.169	86	77	83	71	51	0	3	73	1	71	1.00e-18	78.4
tr|A0A0E1NSG3|A0A0E1NSG3_YERPA	GCF_000772105.1_WP_004748349.1	28.947	86	81	87	76	53	1	10	84	2	77	1.02e-18	78.4
tr|A0A0E1NSG3|A0A0E1NSG3_YERPA	GCF_000014765.1_WP_011633385.1	26.582	86	89	91	79	57	1	8	85	3	81	1.17e-18	78.4
tr|A0A0E1NSG3|A0A0E1NSG3_YERPA	GCF_014879975.1_WP_192888672.1	26.829	86	83	90	82	55	2	10	86	2	83	1.21e-18	78.1
tr|A0A0E1NSG3|A0A0E1NSG3_YERPA	GCF_009068765.1_WP_151900329.1	26.582	86	81	86	79	53	2	10	83	2	80	1.22e-18	78.1
tr|A0A0E1NSG3|A0A0E1NSG3_YERPA	GCF_004001245.1_WP_127478562.1	28.395	86	85	88	81	53	2	1	76	1	81	1.44e-18	78.1
tr|A0A0E1NSG3|A0A0E1NSG3_YERPA	GCF_009662475.1_WP_031573754.1	26.761	86	79	83	71	52	0	3	73	1	71	1.52e-18	77.8
tr|A0A0E1NSG3|A0A0E1NSG3_YERPA	GCF_001507645.1_WP_068195976.1	33.766	86	90	85	77	44	2	3	75	1	74	1.68e-18	78.1
tr|A0A0E1NSG3|A0A0E1NSG3_YERPA	GCF_001558255.2_WP_005504861.1	33.333	86	82	87	81	48	3	10	84	2	82	1.76e-18	77.8
tr|A0A0E1NSG3|A0A0E1NSG3_YERPA	GCF_902810445.1_WP_197744199.1	22.222	86	78	90	81	56	3	4	80	1	78	1.76e-18	77.8
tr|A0A0E1NSG3|A0A0E1NSG3_YERPA	GCF_005931095.1_WP_017839868.1	30.380	86	84	91	79	53	2	8	85	4	81	2.03e-18	77.5
tr|A0A0E1NSG3|A0A0E1NSG3_YERPA	GCF_024362845.1_WP_255230807.1	21.795	86	82	90	78	60	1	10	86	2	79	2.16e-18	77.5
tr|A0A0E1NSG3|A0A0E1NSG3_YERPA	GCF_022811645.1_WP_243511723.1	30.769	86	90	86	78	47	2	3	76	1	75	2.35e-18	77.5
tr|A0A0E1NSG3|A0A0E1NSG3_YERPA	GCF_009938205.1_WP_075706454.1	33.750	86	82	87	80	48	2	10	84	2	81	2.61e-18	77.3
tr|A0A0E1NSG3|A0A0E1NSG3_YERPA	GCF_004214795.1_WP_130234502.1	23.457	86	78	91	81	56	2	3	80	1	78	2.62e-18	77.3
tr|A0A0E1NSG3|A0A0E1NSG3_YERPA	GCF_009755585.1_WP_157030071.1	28.571	86	85	85	77	48	2	3	75	1	74	2.68e-18	77.3
tr|A0A0E1NSG3|A0A0E1NSG3_YERPA	GCF_003990335.1_WP_127025819.1	21.429	86	91	81	70	55	0	11	80	7	76	3.52e-18	77.3
tr|A0A0E1NSG3|A0A0E1NSG3_YERPA	GCF_008369605.1_WP_000253074.1	28.000	86	81	86	75	53	1	10	83	2	76	3.97e-18	77.0
tr|A0A0E1NSG3|A0A0E1NSG3_YERPA	GCF_002762215.1_WP_085750011.1	28.947	86	87	84	76	47	3	4	75	3	75	4.51e-18	76.7
tr|A0A0E1NSG3|A0A0E1NSG3_YERPA	GCF_024347035.1_WP_102941394.1	24.359	86	81	90	78	58	1	10	86	2	79	4.96e-18	76.7
tr|A0A0E1NSG3|A0A0E1NSG3_YERPA	GCF_900233005.1_WP_102521318.1	23.077	86	81	90	78	59	1	10	86	2	79	5.55e-18	76.4
tr|A0A0E1NSG3|A0A0E1NSG3_YERPA	GCF_000024005.1_WP_012793320.1	28.205	86	84	86	78	49	2	2	75	3	77	6.12e-18	76.4
tr|A0A0E1NSG3|A0A0E1NSG3_YERPA	GCF_008728635.1_WP_151087836.1	25.974	86	90	85	77	50	3	3	75	1	74	6.43e-18	76.4
tr|A0A0E1NSG3|A0A0E1NSG3_YERPA	GCF_024347595.1_WP_176681244.1	26.829	86	83	90	82	55	2	10	86	2	83	7.00e-18	76.1
tr|A0A0E1NSG3|A0A0E1NSG3_YERPA	GCF_013177675.1_WP_172128285.1	26.316	86	81	85	76	50	2	3	75	1	73	7.21e-18	76.1
tr|A0A0E1NSG3|A0A0E1NSG3_YERPA	GCF_001995825.2_WP_017057338.1	24.390	86	83	90	82	57	2	10	86	2	83	7.70e-18	76.1
tr|A0A0E1NSG3|A0A0E1NSG3_YERPA	GCF_024494545.1_WP_256384876.1	23.684	86	81	87	76	57	1	11	85	3	78	8.45e-18	76.1
tr|A0A0E1NSG3|A0A0E1NSG3_YERPA	GCF_002849875.1_WP_232379112.1	27.059	86	113	94	85	58	1	6	86	28	112	9.07e-18	76.7
tr|A0A0E1NSG3|A0A0E1NSG3_YERPA	GCF_003346815.1_WP_114840342.1	28.750	86	82	90	80	51	2	3	79	1	77	9.45e-18	75.8
tr|A0A0E1NSG3|A0A0E1NSG3_YERPA	GCF_000019525.1_WP_012323084.1	28.947	86	81	87	76	53	1	10	84	2	77	1.06e-17	75.8
tr|A0A0E1NSG3|A0A0E1NSG3_YERPA	GCF_002214395.1_WP_010453422.1	20.513	86	81	90	78	61	1	10	86	2	79	1.26e-17	75.6
tr|A0A0E1NSG3|A0A0E1NSG3_YERPA	GCF_024347635.1_WP_139683960.1	25.610	86	83	90	82	56	2	10	86	2	83	1.48e-17	75.6
tr|A0A0E1NSG3|A0A0E1NSG3_YERPA	GCF_001651805.1_WP_067384150.1	35.135	86	78	80	74	43	3	4	72	1	74	1.85e-17	75.0
tr|A0A0E1NSG3|A0A0E1NSG3_YERPA	GCF_024582835.1_WP_257083279.1	25.610	86	87	90	82	56	2	10	86	2	83	2.04e-17	75.3
tr|A0A0E1NSG3|A0A0E1NSG3_YERPA	GCF_001955715.1_WP_029708890.1	24.359	86	80	86	78	52	2	4	77	1	75	2.17e-17	75.0
tr|A0A0E1NSG3|A0A0E1NSG3_YERPA	GCF_003668795.1_WP_054981706.1	30.864	86	83	88	81	51	2	10	85	2	82	2.28e-17	75.0
tr|A0A0E1NSG3|A0A0E1NSG3_YERPA	GCF_001831495.1_WP_068547707.1	20.513	86	81	90	78	61	1	10	86	2	79	2.37e-17	75.0
tr|A0A0E1NSG3|A0A0E1NSG3_YERPA	GCF_004328865.1_WP_104643907.1	28.571	86	83	88	77	54	1	10	85	2	78	2.43e-17	75.0
tr|A0A0E1NSG3|A0A0E1NSG3_YERPA	GCF_024347455.1_WP_135458404.1	24.390	86	83	90	82	57	2	10	86	2	83	2.64e-17	74.7
tr|A0A0E1NSG3|A0A0E1NSG3_YERPA	GCF_024347655.1_WP_060467732.1	29.268	86	83	90	82	53	2	10	86	2	83	2.74e-17	74.7
tr|A0A0E1NSG3|A0A0E1NSG3_YERPA	GCF_024347495.1_WP_137371745.1	24.324	86	80	85	74	55	1	10	82	2	75	2.80e-17	74.7
tr|A0A0E1NSG3|A0A0E1NSG3_YERPA	GCF_000091465.1_WP_004733849.1	24.390	86	83	90	82	57	2	10	86	2	83	2.85e-17	74.7
tr|A0A0E1NSG3|A0A0E1NSG3_YERPA	GCF_000212735.1_WP_013764159.1	29.114	86	83	87	79	49	2	1	75	1	76	3.07e-17	74.7
tr|A0A0E1NSG3|A0A0E1NSG3_YERPA	GCF_019670485.1_WP_221071211.1	21.795	86	81	90	78	60	1	10	86	2	79	3.26e-17	74.4
tr|A0A0E1NSG3|A0A0E1NSG3_YERPA	GCF_010093065.1_WP_162331416.1	25.000	86	84	84	76	50	2	4	75	5	77	3.48e-17	74.4
tr|A0A0E1NSG3|A0A0E1NSG3_YERPA	GCF_024746855.1_WP_260492542.1	29.730	86	79	86	74	52	0	10	83	2	75	3.52e-17	74.4
tr|A0A0E1NSG3|A0A0E1NSG3_YERPA	GCF_001455205.1_WP_062560013.1	24.675	86	84	88	77	56	2	10	85	6	81	3.57e-17	74.4
tr|A0A0E1NSG3|A0A0E1NSG3_YERPA	GCF_003967195.1_WP_172597571.1	29.333	86	83	81	75	48	2	3	72	2	76	3.77e-17	74.4
tr|A0A0E1NSG3|A0A0E1NSG3_YERPA	GCF_002215215.1_WP_088918776.1	34.940	86	101	95	83	52	2	5	86	15	96	4.01e-17	74.7
tr|A0A0E1NSG3|A0A0E1NSG3_YERPA	GCF_003063625.1_WP_108601906.1	24.675	86	85	86	77	55	1	10	83	5	81	4.26e-17	74.4
tr|A0A0E1NSG3|A0A0E1NSG3_YERPA	GCF_001456255.1_WP_020335096.1	20.513	86	81	90	78	61	1	10	86	2	79	4.59e-17	74.2
tr|A0A0E1NSG3|A0A0E1NSG3_YERPA	GCF_020091585.1_WP_224339804.1	24.675	86	82	85	77	51	2	4	76	1	74	4.70e-17	74.2
tr|A0A0E1NSG3|A0A0E1NSG3_YERPA	GCF_000148645.1_WP_013347076.1	28.000	86	80	86	75	53	1	12	85	3	77	4.88e-17	74.2
tr|A0A0E1NSG3|A0A0E1NSG3_YERPA	GCF_007197555.1_WP_144048375.1	28.090	86	94	95	89	57	2	4	85	1	89	4.94e-17	74.4
tr|A0A0E1NSG3|A0A0E1NSG3_YERPA	GCF_013343005.1_WP_078482823.1	35.802	86	84	88	81	47	2	3	78	1	81	5.44e-17	73.9
tr|A0A0E1NSG3|A0A0E1NSG3_YERPA	GCF_003149515.1_WP_109656005.1	25.974	86	90	85	77	50	2	3	75	1	74	5.94e-17	74.2
tr|A0A0E1NSG3|A0A0E1NSG3_YERPA	GCF_024347675.1_WP_261835500.1	28.750	86	81	87	80	52	2	10	84	2	81	6.01e-17	73.9
tr|A0A0E1NSG3|A0A0E1NSG3_YERPA	GCF_010119975.1_WP_162445115.1	24.706	86	365	94	85	56	2	4	84	8	88	7.16e-17	78.4
tr|A0A0E1NSG3|A0A0E1NSG3_YERPA	GCF_000021985.1_WP_012639500.1	29.730	86	82	80	74	47	2	3	71	1	74	8.00e-17	73.6
tr|A0A0E1NSG3|A0A0E1NSG3_YERPA	GCF_003353065.1_WP_114983154.1	28.947	86	84	84	76	47	3	1	72	1	73	8.55e-17	73.6
tr|A0A0E1NSG3|A0A0E1NSG3_YERPA	GCF_002906475.1_WP_012130247.1	20.513	86	81	90	78	61	1	10	86	2	79	1.03e-16	73.3
tr|A0A0E1NSG3|A0A0E1NSG3_YERPA	GCF_009938015.1_WP_223264517.1	31.646	86	90	86	79	49	3	1	74	1	79	1.13e-16	73.3
tr|A0A0E1NSG3|A0A0E1NSG3_YERPA	GCF_000770115.1_WP_069687890.1	20.513	86	81	90	78	61	1	10	86	2	79	1.13e-16	73.0
tr|A0A0E1NSG3|A0A0E1NSG3_YERPA	GCF_002221525.1_WP_089349457.1	32.099	86	83	88	81	50	2	10	85	2	82	1.15e-16	73.0
tr|A0A0E1NSG3|A0A0E1NSG3_YERPA	GCF_000238395.3_WP_010553578.1	27.273	86	83	88	77	55	1	10	85	2	78	1.15e-16	73.0
tr|A0A0E1NSG3|A0A0E1NSG3_YERPA	GCF_008632455.1_WP_150048082.1	22.078	86	84	88	77	58	2	9	84	5	80	1.17e-16	73.0
tr|A0A0E1NSG3|A0A0E1NSG3_YERPA	GCF_004421105.1_WP_134356453.1	21.519	86	80	87	79	55	3	4	78	1	76	1.18e-16	73.0
tr|A0A0E1NSG3|A0A0E1NSG3_YERPA	GCF_008122265.1_WP_148863603.1	22.078	86	84	85	77	53	2	4	76	1	74	1.18e-16	73.0
tr|A0A0E1NSG3|A0A0E1NSG3_YERPA	GCF_005877035.1_WP_039486662.1	28.571	86	83	88	77	54	1	10	85	2	78	1.21e-16	73.0
tr|A0A0E1NSG3|A0A0E1NSG3_YERPA	GCF_000940995.1_WP_082060442.1	24.706	86	93	98	85	63	1	3	86	1	85	1.26e-16	73.3
tr|A0A0E1NSG3|A0A0E1NSG3_YERPA	GCF_016613475.2_WP_200606805.1	22.500	86	90	87	80	54	3	1	75	1	77	1.28e-16	73.3
tr|A0A0E1NSG3|A0A0E1NSG3_YERPA	GCF_018736065.1_WP_144074266.1	27.941	86	76	79	68	45	2	7	74	10	73	1.29e-16	73.0
tr|A0A0E1NSG3|A0A0E1NSG3_YERPA	GCF_003970675.1_WP_126615366.1	27.941	86	76	79	68	45	2	7	74	10	73	1.44e-16	72.8
tr|A0A0E1NSG3|A0A0E1NSG3_YERPA	GCF_013177635.1_WP_129095542.1	25.676	86	72	83	74	49	2	3	73	1	71	1.48e-16	72.8
tr|A0A0E1NSG3|A0A0E1NSG3_YERPA	GCF_002021755.1_WP_005434844.1	20.513	86	81	90	78	61	1	10	86	2	79	1.50e-16	72.8
tr|A0A0E1NSG3|A0A0E1NSG3_YERPA	GCF_003346775.1_WP_114843067.1	25.974	86	84	86	77	51	2	3	76	1	74	1.51e-16	72.8
tr|A0A0E1NSG3|A0A0E1NSG3_YERPA	GCF_001999225.1_WP_077537996.1	24.359	86	82	90	78	58	1	10	86	2	79	1.64e-16	72.8
tr|A0A0E1NSG3|A0A0E1NSG3_YERPA	GCF_019797925.1_WP_193521737.1	30.137	86	80	85	73	51	0	11	83	3	75	1.73e-16	72.8
tr|A0A0E1NSG3|A0A0E1NSG3_YERPA	GCF_002355415.1_WP_148665551.1	34.247	86	87	80	73	44	2	6	74	13	85	1.94e-16	72.8
tr|A0A0E1NSG3|A0A0E1NSG3_YERPA	GCF_024347275.1_WP_019620968.1	29.268	86	82	90	82	53	3	4	80	1	82	2.25e-16	72.5
tr|A0A0E1NSG3|A0A0E1NSG3_YERPA	GCF_013201725.1_WP_014475480.1	29.730	86	74	83	74	46	2	3	73	1	71	2.70e-16	72.2
tr|A0A0E1NSG3|A0A0E1NSG3_YERPA	GCF_002355735.1_WP_096359192.1	27.632	86	83	84	76	51	2	4	75	7	82	3.09e-16	72.2
tr|A0A0E1NSG3|A0A0E1NSG3_YERPA	GCF_003544915.1_WP_118918525.1	27.632	86	73	85	76	49	2	3	75	1	73	3.60e-16	71.6
tr|A0A0E1NSG3|A0A0E1NSG3_YERPA	GCF_015209785.1_WP_193988300.1	38.235	86	73	78	68	41	1	6	72	2	69	4.25e-16	71.6
tr|A0A0E1NSG3|A0A0E1NSG3_YERPA	GCF_013201935.1_WP_129014602.1	25.676	86	72	83	74	49	2	3	73	1	71	4.42e-16	71.3
tr|A0A0E1NSG3|A0A0E1NSG3_YERPA	GCF_002557795.1_WP_098194977.1	23.171	86	89	87	82	53	3	1	75	1	79	4.56e-16	71.6
tr|A0A0E1NSG3|A0A0E1NSG3_YERPA	GCF_000143085.1_WP_013221711.1	20.513	86	82	86	78	55	3	4	77	1	75	4.85e-16	71.6
tr|A0A0E1NSG3|A0A0E1NSG3_YERPA	GCF_026427595.1_WP_251812951.1	27.500	86	88	87	80	53	2	12	86	7	86	5.05e-16	71.6
tr|A0A0E1NSG3|A0A0E1NSG3_YERPA	GCF_008807855.1_WP_063240334.1	23.077	86	83	86	78	53	2	2	75	3	77	5.43e-16	71.3
tr|A0A0E1NSG3|A0A0E1NSG3_YERPA	GCF_023733635.1_WP_039959400.1	27.027	86	89	80	74	49	2	4	72	1	74	5.52e-16	71.6
tr|A0A0E1NSG3|A0A0E1NSG3_YERPA	GCF_000828615.1_WP_041064380.1	31.646	86	80	86	79	49	3	1	74	1	79	7.44e-16	71.1
tr|A0A0E1NSG3|A0A0E1NSG3_YERPA	GCF_024347195.1_WP_271272618.1	34.247	86	77	80	73	44	3	4	72	1	73	8.23e-16	70.8
tr|A0A0E1NSG3|A0A0E1NSG3_YERPA	GCF_000024825.1_WP_005460845.1	20.513	86	81	90	78	61	1	10	86	2	79	1.03e-15	70.8
tr|A0A0E1NSG3|A0A0E1NSG3_YERPA	GCF_008931805.1_WP_019441510.1	23.750	86	81	87	80	56	2	10	84	2	81	1.41e-15	70.2
tr|A0A0E1NSG3|A0A0E1NSG3_YERPA	GCF_000012805.1_WP_011330264.1	20.513	86	85	86	78	55	3	4	77	1	75	1.52e-15	70.2
tr|A0A0E1NSG3|A0A0E1NSG3_YERPA	GCF_004028275.1_WP_128384077.1	25.714	86	77	77	70	48	2	9	74	2	71	1.59e-15	70.2
tr|A0A0E1NSG3|A0A0E1NSG3_YERPA	GCF_002218045.2_WP_089137819.1	40.278	86	79	79	72	39	2	6	73	5	76	1.79e-15	69.9
tr|A0A0E1NSG3|A0A0E1NSG3_YERPA	GCF_003568825.1_WP_040644076.1	25.641	86	83	86	78	54	1	10	83	2	79	2.20e-15	69.9
tr|A0A0E1NSG3|A0A0E1NSG3_YERPA	GCF_009363415.1_WP_152430616.1	19.231	86	84	90	78	62	1	10	86	2	79	2.22e-15	69.9
tr|A0A0E1NSG3|A0A0E1NSG3_YERPA	GCF_001442805.1_WP_057942092.1	24.324	86	88	81	74	49	2	5	74	6	76	2.35e-15	69.9
tr|A0A0E1NSG3|A0A0E1NSG3_YERPA	GCF_001431725.1_WP_021820278.1	24.324	86	81	85	74	55	1	10	82	2	75	2.69e-15	69.7
tr|A0A0E1NSG3|A0A0E1NSG3_YERPA	GCF_002356115.1_WP_096526481.1	19.737	86	78	84	76	54	2	4	75	1	73	2.73e-15	69.7
tr|A0A0E1NSG3|A0A0E1NSG3_YERPA	GCF_005166025.1_WP_137090244.1	25.000	86	84	84	76	50	2	3	74	1	73	2.97e-15	69.7
tr|A0A0E1NSG3|A0A0E1NSG3_YERPA	GCF_006364355.1_WP_004727652.1	22.078	86	83	88	77	59	1	10	85	2	78	3.07e-15	69.7
tr|A0A0E1NSG3|A0A0E1NSG3_YERPA	GCF_000317125.1_WP_015155280.1	22.500	86	81	88	80	55	3	4	79	1	77	4.10e-15	69.1
tr|A0A0E1NSG3|A0A0E1NSG3_YERPA	GCF_000026085.1_WP_041454550.1	32.394	86	73	80	71	45	3	6	74	2	71	4.19e-15	69.1
tr|A0A0E1NSG3|A0A0E1NSG3_YERPA	GCF_002887615.1_WP_038869703.1	19.231	86	81	90	78	62	1	10	86	2	79	4.27e-15	69.1
tr|A0A0E1NSG3|A0A0E1NSG3_YERPA	GCF_013201665.1_WP_128359868.1	23.171	86	81	92	82	57	2	3	81	1	79	4.89e-15	69.1
tr|A0A0E1NSG3|A0A0E1NSG3_YERPA	GCF_002157225.2_WP_086934278.1	27.778	86	80	84	72	52	0	10	81	5	76	5.72e-15	68.8
tr|A0A0E1NSG3|A0A0E1NSG3_YERPA	GCF_019977755.1_WP_126608378.1	32.530	86	103	88	83	49	2	10	85	16	98	5.82e-15	69.1
tr|A0A0E1NSG3|A0A0E1NSG3_YERPA	GCF_000321415.2_WP_015260329.1	32.222	86	93	100	90	55	3	1	86	1	88	6.60e-15	68.8
tr|A0A0E1NSG3|A0A0E1NSG3_YERPA	GCF_002157895.1_WP_227874980.1	22.973	86	82	85	74	56	1	10	82	3	76	9.09e-15	68.3
tr|A0A0E1NSG3|A0A0E1NSG3_YERPA	GCF_017638925.1_WP_208844867.1	23.611	86	81	84	72	55	0	11	82	3	74	1.07e-14	68.0
tr|A0A0E1NSG3|A0A0E1NSG3_YERPA	GCF_024347255.1_WP_091360415.1	32.432	86	79	80	74	45	2	4	72	1	74	1.15e-14	68.0
tr|A0A0E1NSG3|A0A0E1NSG3_YERPA	GCF_018389385.1_WP_218082190.1	23.684	86	91	84	76	51	2	2	73	13	85	1.18e-14	68.3
tr|A0A0E1NSG3|A0A0E1NSG3_YERPA	GCF_001956695.1_WP_076086043.1	25.333	86	77	84	75	50	2	4	75	1	72	1.40e-14	67.7
tr|A0A0E1NSG3|A0A0E1NSG3_YERPA	GCF_001050135.1_WP_048644179.1	24.051	86	88	87	79	53	3	1	75	1	76	1.52e-14	68.0
tr|A0A0E1NSG3|A0A0E1NSG3_YERPA	GCF_004798725.1_WP_010811758.1	23.077	86	83	86	78	53	2	2	75	3	77	1.52e-14	67.7
tr|A0A0E1NSG3|A0A0E1NSG3_YERPA	GCF_000092245.1_WP_013136435.1	30.137	86	76	81	73	45	2	7	76	2	71	1.68e-14	67.4
tr|A0A0E1NSG3|A0A0E1NSG3_YERPA	GCF_000024725.1_WP_013031543.1	22.500	86	81	88	80	55	3	4	79	1	77	1.95e-14	67.4
tr|A0A0E1NSG3|A0A0E1NSG3_YERPA	GCF_000227685.2_WP_006746304.1	32.099	86	83	90	81	51	2	1	77	1	81	2.20e-14	67.4
tr|A0A0E1NSG3|A0A0E1NSG3_YERPA	GCF_001956695.1_WP_076086034.1	24.051	86	77	87	79	53	2	7	81	2	77	2.48e-14	67.1
tr|A0A0E1NSG3|A0A0E1NSG3_YERPA	GCF_000788395.1_WP_038641921.1	25.000	86	85	78	68	50	1	8	74	3	70	2.66e-14	67.1
tr|A0A0E1NSG3|A0A0E1NSG3_YERPA	GCF_003955735.1_WP_126127786.1	21.795	86	91	86	78	54	3	5	78	7	81	2.93e-14	67.1
tr|A0A0E1NSG3|A0A0E1NSG3_YERPA	GCF_000014785.1_WP_011630183.1	29.870	86	83	85	77	50	3	4	76	7	83	3.62e-14	66.8
tr|A0A0E1NSG3|A0A0E1NSG3_YERPA	GCF_003722295.1_WP_010573895.1	23.377	86	75	83	77	50	2	4	74	1	74	3.96e-14	66.6
tr|A0A0E1NSG3|A0A0E1NSG3_YERPA	GCF_019703835.1_WP_087020305.1	28.000	86	79	87	75	51	1	12	86	3	74	4.30e-14	66.6
tr|A0A0E1NSG3|A0A0E1NSG3_YERPA	GCF_000317575.1_WP_015193670.1	22.667	86	74	83	75	51	3	4	74	1	72	7.24e-14	66.0
tr|A0A0E1NSG3|A0A0E1NSG3_YERPA	GCF_024347215.1_WP_261843265.1	35.616	86	77	80	73	43	3	4	72	1	73	8.63e-14	65.7
tr|A0A0E1NSG3|A0A0E1NSG3_YERPA	GCF_019891175.1_WP_225938383.1	21.250	86	93	88	80	56	2	4	79	9	85	8.91e-14	66.0
tr|A0A0E1NSG3|A0A0E1NSG3_YERPA	GCF_012295615.1_WP_007018284.1	19.481	86	81	88	77	61	1	10	85	2	78	8.93e-14	65.7
tr|A0A0E1NSG3|A0A0E1NSG3_YERPA	GCF_000018105.1_WP_012162738.1	16.456	86	86	87	79	59	2	4	78	1	76	1.01e-13	65.7
tr|A0A0E1NSG3|A0A0E1NSG3_YERPA	GCF_000014705.1_WP_011637758.1	22.892	86	88	91	83	59	2	9	86	3	85	3.63e-13	64.3
tr|A0A0E1NSG3|A0A0E1NSG3_YERPA	GCF_000222485.1_WP_014022977.1	21.795	86	85	86	78	54	3	1	74	1	75	4.60e-13	64.0
tr|A0A0E1NSG3|A0A0E1NSG3_YERPA	GCF_013283835.1_WP_071625892.1	25.000	86	79	86	80	51	2	7	80	2	78	4.84e-13	63.8
tr|A0A0E1NSG3|A0A0E1NSG3_YERPA	GCF_000265505.1_WP_014796533.1	22.353	86	97	86	85	55	2	4	77	3	87	9.23e-13	63.5
tr|A0A0E1NSG3|A0A0E1NSG3_YERPA	GCF_000012325.1_WP_011045621.1	24.051	86	84	90	79	58	1	10	86	5	83	1.02e-12	63.2
tr|A0A0E1NSG3|A0A0E1NSG3_YERPA	GCF_009937995.1_WP_179954406.1	22.785	86	79	86	79	56	2	4	77	1	79	1.51e-12	62.6
tr|A0A0E1NSG3|A0A0E1NSG3_YERPA	GCF_013201665.1_WP_128358834.1	23.377	86	76	86	77	53	2	7	80	2	75	1.55e-12	62.6
tr|A0A0E1NSG3|A0A0E1NSG3_YERPA	GCF_013201935.1_WP_128987185.1	22.078	86	76	86	77	54	2	7	80	2	75	2.50e-12	62.1
tr|A0A0E1NSG3|A0A0E1NSG3_YERPA	GCF_003544815.1_WP_118886031.1	22.078	86	76	86	77	54	2	7	80	2	75	2.71e-12	61.8
tr|A0A0E1NSG3|A0A0E1NSG3_YERPA	GCF_000238255.3_WP_010559905.1	23.171	86	86	92	82	60	2	8	86	3	84	2.99e-12	62.1
tr|A0A0E1NSG3|A0A0E1NSG3_YERPA	GCF_003967275.1_WP_197721837.1	31.081	86	78	81	74	47	2	3	72	1	74	3.33e-12	61.8
tr|A0A0E1NSG3|A0A0E1NSG3_YERPA	GCF_013177635.1_WP_129095951.1	22.078	86	76	86	77	54	2	7	80	2	75	3.38e-12	61.8
tr|A0A0E1NSG3|A0A0E1NSG3_YERPA	GCF_002309535.1_WP_096047558.1	23.077	86	88	87	78	54	2	9	83	4	78	3.54e-12	61.8
tr|A0A0E1NSG3|A0A0E1NSG3_YERPA	GCF_013282625.1_WP_173286717.1	27.941	86	67	79	68	46	1	9	76	2	66	4.07e-12	61.2
tr|A0A0E1NSG3|A0A0E1NSG3_YERPA	GCF_003855395.1_WP_124730567.1	21.687	86	88	91	83	60	2	9	86	3	85	5.61e-12	61.2
tr|A0A0E1NSG3|A0A0E1NSG3_YERPA	GCF_001705075.2_WP_065970077.1	26.923	86	78	86	78	53	2	3	76	1	78	5.76e-12	61.2
tr|A0A0E1NSG3|A0A0E1NSG3_YERPA	GCF_000973725.1_WP_046311560.1	25.641	86	91	86	78	51	2	3	76	1	75	5.77e-12	61.2
tr|A0A0E1NSG3|A0A0E1NSG3_YERPA	GCF_000019185.1_WP_012277931.1	23.958	86	100	88	96	53	2	10	85	2	97	6.36e-12	61.5
tr|A0A0E1NSG3|A0A0E1NSG3_YERPA	GCF_000006765.1_NP_249630.1	32.941	86	108	92	85	51	1	4	82	1	85	8.97e-12	61.2
tr|A0A0E1NSG3|A0A0E1NSG3_YERPA	GCF_003346815.1_WP_114840344.1	21.053	86	84	85	76	54	2	4	76	1	73	1.11e-11	60.4
tr|A0A0E1NSG3|A0A0E1NSG3_YERPA	GCF_026278345.1_WP_266369249.1	24.324	86	90	81	74	49	2	4	73	1	71	1.55e-11	60.1
tr|A0A0E1NSG3|A0A0E1NSG3_YERPA	GCF_000568815.1_WP_025346049.1	23.377	86	76	86	77	53	2	8	81	3	76	2.75e-11	59.3
tr|A0A0E1NSG3|A0A0E1NSG3_YERPA	GCF_013283835.1_WP_071628250.1	20.253	86	81	88	79	57	2	4	79	1	76	2.91e-11	59.3
tr|A0A0E1NSG3|A0A0E1NSG3_YERPA	GCF_013177675.1_WP_172126669.1	22.078	86	77	86	77	54	2	7	80	2	75	3.00e-11	59.3
tr|A0A0E1NSG3|A0A0E1NSG3_YERPA	GCF_011398355.1_WP_173270160.1	27.692	86	65	76	65	44	1	9	73	2	63	3.26e-11	59.0
tr|A0A0E1NSG3|A0A0E1NSG3_YERPA	GCF_006385555.1_WP_140234395.1	23.750	86	87	87	80	56	2	8	82	2	81	3.50e-11	59.3
tr|A0A0E1NSG3|A0A0E1NSG3_YERPA	GCF_000147355.1_WP_013326989.1	21.538	86	67	74	65	50	1	23	86	1	65	9.51e-11	57.8
tr|A0A0E1NSG3|A0A0E1NSG3_YERPA	GCF_021654855.1_WP_237262080.1	23.529	86	70	74	68	45	2	10	73	3	67	1.27e-10	57.6
tr|A0A0E1NSG3|A0A0E1NSG3_YERPA	GCF_001723605.1_WP_069479051.1	24.324	86	76	83	74	50	2	10	80	5	75	1.63e-10	57.3
tr|A0A0E1NSG3|A0A0E1NSG3_YERPA	GCF_004293625.1_WP_130538367.1	28.814	86	71	69	59	39	1	9	67	2	57	3.14e-10	56.4
tr|A0A0E1NSG3|A0A0E1NSG3_YERPA	GCF_000265295.1_WP_014770430.1	22.078	86	76	86	77	54	2	8	81	3	76	3.17e-10	56.7
tr|A0A0E1NSG3|A0A0E1NSG3_YERPA	GCF_003260975.1_WP_112783789.1	20.513	86	81	87	78	56	3	6	80	2	76	3.54e-10	56.7
tr|A0A0E1NSG3|A0A0E1NSG3_YERPA	GCF_020511155.1_WP_226415657.1	17.500	86	87	87	80	61	2	8	82	3	82	3.84e-10	56.7
tr|A0A0E1NSG3|A0A0E1NSG3_YERPA	GCF_024347675.1_WP_261833361.1	34.884	86	54	50	43	28	0	10	52	2	44	6.16e-10	55.6
tr|A0A0E1NSG3|A0A0E1NSG3_YERPA	GCF_005281475.1_WP_137401239.1	20.779	86	81	86	77	55	3	6	79	2	75	7.46e-10	55.9
tr|A0A0E1NSG3|A0A0E1NSG3_YERPA	GCF_006575665.1_WP_141613356.1	20.513	86	81	87	78	56	3	6	80	2	76	8.81e-10	55.6
tr|A0A0E1NSG3|A0A0E1NSG3_YERPA	GCF_014217805.1_WP_185274331.1	18.421	86	91	84	76	55	2	5	76	6	78	9.52e-10	55.6
tr|A0A0E1NSG3|A0A0E1NSG3_YERPA	GCF_009931655.1_WP_161888514.1	18.987	86	89	87	79	57	2	3	77	1	76	1.16e-09	55.3
tr|A0A0E1NSG3|A0A0E1NSG3_YERPA	GCF_000013765.1_WP_011496543.1	20.000	86	106	93	85	63	2	4	83	17	101	1.17e-09	55.6
tr|A0A0E1NSG3|A0A0E1NSG3_YERPA	GCF_011398355.1_WP_173270199.1	24.242	86	66	77	66	47	1	9	74	2	64	1.58e-09	54.7
tr|A0A0E1NSG3|A0A0E1NSG3_YERPA	GCF_001444405.1_WP_058032142.1	27.536	86	87	79	69	49	1	10	77	2	70	1.91e-09	54.7
tr|A0A0E1NSG3|A0A0E1NSG3_YERPA	GCF_009937995.1_WP_162085741.1	25.000	86	82	86	80	54	2	3	76	1	80	2.06e-09	54.7
tr|A0A0E1NSG3|A0A0E1NSG3_YERPA	GCF_017742995.1_WP_247749573.1	50.000	86	48	42	36	18	0	10	45	2	37	4.08e-09	53.3
tr|A0A0E1NSG3|A0A0E1NSG3_YERPA	GCF_000018285.1_WP_012155987.1	20.619	86	102	83	97	51	3	11	81	3	99	4.09e-09	54.2
tr|A0A0E1NSG3|A0A0E1NSG3_YERPA	GCF_009938015.1_WP_147074368.1	20.000	86	82	86	80	58	3	3	76	1	80	4.97e-09	53.6
tr|A0A0E1NSG3|A0A0E1NSG3_YERPA	GCF_023650495.1_WP_250655372.1	28.302	86	88	57	53	34	1	8	56	3	55	4.98e-09	53.9
tr|A0A0E1NSG3|A0A0E1NSG3_YERPA	GCF_014075995.1_WP_182414414.1	19.231	86	91	86	78	56	2	3	76	4	78	2.16e-08	52.2
tr|A0A0E1NSG3|A0A0E1NSG3_YERPA	GCF_002116735.1_WP_041332374.1	19.481	86	86	85	77	55	2	4	76	7	80	3.18e-08	51.7
tr|A0A0E1NSG3|A0A0E1NSG3_YERPA	GCF_000242635.2_WP_014682426.1	20.000	86	83	77	70	49	2	14	79	11	77	4.13e-08	51.4
tr|A0A0E1NSG3|A0A0E1NSG3_YERPA	GCF_011398155.1_WP_173291533.1	19.697	86	71	76	66	49	2	10	74	3	65	5.64e-08	50.8
tr|A0A0E1NSG3|A0A0E1NSG3_YERPA	GCF_019931735.1_WP_223417223.1	20.513	86	87	85	78	57	1	10	82	4	81	8.70e-08	50.5
tr|A0A0E1NSG3|A0A0E1NSG3_YERPA	GCF_000325705.1_WP_015264554.1	20.000	86	77	84	75	54	3	10	81	6	77	1.21e-07	50.0
tr|A0A0E1NSG3|A0A0E1NSG3_YERPA	GCF_000021985.1_WP_012639464.1	20.253	86	81	85	79	57	2	4	76	1	79	2.10e-07	49.4
tr|A0A0E1NSG3|A0A0E1NSG3_YERPA	GCF_001753245.1_WP_070077210.1	22.500	86	82	85	80	55	3	4	76	1	80	2.81e-07	49.1
tr|A0A0E1NSG3|A0A0E1NSG3_YERPA	GCF_011764585.1_WP_188200227.1	26.786	86	63	59	56	36	2	23	73	2	57	6.45e-07	48.0
tr|A0A0E1NSG3|A0A0E1NSG3_YERPA	GCF_000484535.1_WP_023173213.1	26.154	86	91	74	65	47	1	12	75	24	88	6.99e-07	48.3
tr|A0A0E1NSG3|A0A0E1NSG3_YERPA	GCF_001027285.1_WP_047859305.1	24.000	86	80	58	50	38	0	12	61	12	61	1.09e-06	47.7
tr|A0A0E1NSG3|A0A0E1NSG3_YERPA	GCF_001020955.1_WP_024326866.1	22.222	86	79	78	72	51	1	10	76	6	77	3.05e-06	46.6
tr|A0A0E1NSG3|A0A0E1NSG3_YERPA	GCF_021018745.1_WP_230843504.1	26.154	86	92	74	65	47	1	12	75	24	88	5.55e-06	46.0
tr|A0A0E1NSG3|A0A0E1NSG3_YERPA	GCF_010119975.1_WP_162441452.1	14.286	86	89	85	77	59	2	3	75	1	74	7.33e-06	45.7
tr|A0A0E1NSG3|A0A0E1NSG3_YERPA	GCF_003143555.1_WP_109340539.1	17.333	86	84	84	75	59	2	12	83	5	79	1.21e-05	45.2
tr|A0A0E1NSG3|A0A0E1NSG3_YERPA	GCF_000011385.1_WP_011141833.1	26.154	86	92	74	65	47	1	12	75	24	88	1.27e-05	45.2
tr|A0A0E1NSG3|A0A0E1NSG3_YERPA	GCF_010119975.1_WP_162443195.1	15.190	86	91	87	79	60	2	3	77	1	76	3.27e-05	44.1
tr|A0A0E1NSG3|A0A0E1NSG3_YERPA	GCF_000017845.1_WP_009544142.1	33.846	86	813	76	65	34	1	15	79	377	432	6.09e-05	46.0
tr|A0A0E1NSG3|A0A0E1NSG3_YERPA	GCF_001263175.1_WP_050726405.1	28.889	86	81	52	45	32	0	12	56	12	56	6.14e-04	40.7

Search has CONVERGED!
# BLAST processed 7 queries
