# PSIBLAST 2.13.0+
# Iteration: 1
# Query: tr|A0A0B7JK74|A0A0B7JK74_9GAMM Modulator of Rho-dependent transcription termination family protein OS=Photobacterium kishitanii OX=318456 GN=C0W70_11190 PE=4 SV=1
# Database: db/chosen-bacteria_proteome_exDup
# Fields: query id, subject id, % identity, query length, subject length, % query coverage per subject, alignment length, mismatches, gap opens, q. start, q. end, s. start, s. end, evalue, bit score
# 193 hits found
tr|A0A0B7JK74|A0A0B7JK74_9GAMM	GCF_024494545.1_WP_256384876.1	77.778	81	81	100	81	18	0	1	81	1	81	5.95e-42	137
tr|A0A0B7JK74|A0A0B7JK74_9GAMM	GCF_001831495.1_WP_068547707.1	50.617	81	81	100	81	40	0	1	81	1	81	6.71e-24	91.6
tr|A0A0B7JK74|A0A0B7JK74_9GAMM	GCF_005877035.1_WP_039486662.1	49.383	81	83	100	81	41	0	1	81	1	81	1.55e-23	90.8
tr|A0A0B7JK74|A0A0B7JK74_9GAMM	GCF_002407485.1_WP_096780111.1	46.250	81	81	99	80	43	0	1	80	1	80	3.21e-23	89.9
tr|A0A0B7JK74|A0A0B7JK74_9GAMM	GCF_009938205.1_WP_075706454.1	48.148	81	82	100	81	42	0	1	81	1	81	8.08e-23	88.8
tr|A0A0B7JK74|A0A0B7JK74_9GAMM	GCF_004328865.1_WP_104643907.1	46.250	81	83	99	80	43	0	1	80	1	80	1.13e-22	88.5
tr|A0A0B7JK74|A0A0B7JK74_9GAMM	GCF_000238395.3_WP_010553578.1	48.750	81	83	99	80	41	0	1	80	1	80	1.23e-22	88.5
tr|A0A0B7JK74|A0A0B7JK74_9GAMM	GCF_001558255.2_WP_005504861.1	45.679	81	82	99	81	43	1	1	80	1	81	2.62e-21	85.1
tr|A0A0B7JK74|A0A0B7JK74_9GAMM	GCF_024347355.1_WP_105024956.1	46.914	81	83	100	81	43	0	1	81	1	81	3.23e-21	84.9
tr|A0A0B7JK74|A0A0B7JK74_9GAMM	GCF_001007875.1_WP_046858354.1	46.250	81	80	99	80	43	0	1	80	1	80	7.01e-21	84.0
tr|A0A0B7JK74|A0A0B7JK74_9GAMM	GCF_024347455.1_WP_135458404.1	49.383	81	83	100	81	41	0	1	81	1	81	9.66e-21	83.5
tr|A0A0B7JK74|A0A0B7JK74_9GAMM	GCF_001995825.2_WP_017057338.1	49.383	81	83	100	81	41	0	1	81	1	81	1.24e-20	83.5
tr|A0A0B7JK74|A0A0B7JK74_9GAMM	GCF_008369605.1_WP_000253074.1	45.679	81	81	100	81	44	0	1	81	1	81	1.72e-20	82.9
tr|A0A0B7JK74|A0A0B7JK74_9GAMM	GCF_000091465.1_WP_004733849.1	49.383	81	83	100	81	41	0	1	81	1	81	1.84e-20	82.9
tr|A0A0B7JK74|A0A0B7JK74_9GAMM	GCF_001999225.1_WP_077537996.1	46.250	81	82	99	80	43	0	1	80	1	80	2.14e-20	82.6
tr|A0A0B7JK74|A0A0B7JK74_9GAMM	GCF_024347635.1_WP_139683960.1	48.148	81	83	100	81	42	0	1	81	1	81	4.58e-20	81.8
tr|A0A0B7JK74|A0A0B7JK74_9GAMM	GCF_009938185.1_WP_162048373.1	44.444	81	82	100	81	45	0	1	81	1	81	6.14e-20	81.5
tr|A0A0B7JK74|A0A0B7JK74_9GAMM	GCF_019670105.1_WP_040307707.1	43.750	81	81	99	80	45	0	1	80	1	80	9.35e-20	80.9
tr|A0A0B7JK74|A0A0B7JK74_9GAMM	GCF_014879975.1_WP_192888672.1	45.679	81	83	100	81	44	0	1	81	1	81	1.04e-19	80.9
tr|A0A0B7JK74|A0A0B7JK74_9GAMM	GCF_009068765.1_WP_151900329.1	47.500	81	81	99	80	42	0	1	80	1	80	1.04e-19	80.9
tr|A0A0B7JK74|A0A0B7JK74_9GAMM	GCF_001558415.2_WP_061055374.1	45.679	81	83	100	81	44	0	1	81	1	81	1.38e-19	80.6
tr|A0A0B7JK74|A0A0B7JK74_9GAMM	GCF_024347475.1_WP_239840920.1	44.444	81	83	100	81	45	0	1	81	1	81	1.65e-19	80.4
tr|A0A0B7JK74|A0A0B7JK74_9GAMM	GCF_009938225.1_WP_075649723.1	44.578	81	82	100	83	42	2	1	81	1	81	2.21e-19	80.1
tr|A0A0B7JK74|A0A0B7JK74_9GAMM	GCF_000148645.1_WP_013347076.1	41.250	81	80	99	80	47	0	2	81	1	80	2.56e-19	79.8
tr|A0A0B7JK74|A0A0B7JK74_9GAMM	GCF_002157895.1_WP_227874980.1	50.000	81	82	99	80	40	0	1	80	2	81	4.04e-19	79.5
tr|A0A0B7JK74|A0A0B7JK74_9GAMM	GCF_024347595.1_WP_176681244.1	44.444	81	83	100	81	45	0	1	81	1	81	6.06e-19	79.0
tr|A0A0B7JK74|A0A0B7JK74_9GAMM	GCF_014905115.1_WP_193151849.1	45.000	81	81	99	80	44	0	1	80	1	80	1.13e-18	78.4
tr|A0A0B7JK74|A0A0B7JK74_9GAMM	GCF_024347495.1_WP_137371745.1	42.500	81	80	99	80	46	0	1	80	1	80	1.45e-18	78.1
tr|A0A0B7JK74|A0A0B7JK74_9GAMM	GCF_022371215.1_WP_239718047.1	44.444	81	83	100	81	45	0	1	81	1	81	2.41e-18	77.5
tr|A0A0B7JK74|A0A0B7JK74_9GAMM	GCF_012295615.1_WP_007018284.1	40.741	81	81	100	81	48	0	1	81	1	81	2.91e-18	77.3
tr|A0A0B7JK74|A0A0B7JK74_9GAMM	GCF_900233005.1_WP_102521318.1	39.506	81	81	100	81	49	0	1	81	1	81	3.06e-18	77.3
tr|A0A0B7JK74|A0A0B7JK74_9GAMM	GCF_019670125.1_WP_221076876.1	42.500	81	81	99	80	46	0	1	80	1	80	3.42e-18	77.0
tr|A0A0B7JK74|A0A0B7JK74_9GAMM	GCF_003668795.1_WP_054981706.1	41.250	81	83	99	80	47	0	1	80	1	80	4.67e-18	76.7
tr|A0A0B7JK74|A0A0B7JK74_9GAMM	GCF_002221525.1_WP_089349457.1	41.250	81	83	99	80	47	0	1	80	1	80	4.74e-18	76.7
tr|A0A0B7JK74|A0A0B7JK74_9GAMM	GCF_017638925.1_WP_208844867.1	39.241	81	81	98	79	47	1	1	79	1	78	9.00e-18	75.9
tr|A0A0B7JK74|A0A0B7JK74_9GAMM	GCF_024347655.1_WP_060467732.1	45.000	81	83	99	80	44	0	1	80	1	80	9.46e-18	75.9
tr|A0A0B7JK74|A0A0B7JK74_9GAMM	GCF_002204915.1_WP_052690899.1	39.506	81	101	100	81	49	0	1	81	20	100	2.14e-17	75.3
tr|A0A0B7JK74|A0A0B7JK74_9GAMM	GCF_024582835.1_WP_257083279.1	45.000	81	87	99	80	44	0	1	80	1	80	2.16e-17	75.0
tr|A0A0B7JK74|A0A0B7JK74_9GAMM	GCF_000770115.1_WP_069687890.1	41.250	81	81	99	80	47	0	1	80	1	80	3.13e-17	74.7
tr|A0A0B7JK74|A0A0B7JK74_9GAMM	GCF_008931805.1_WP_019441510.1	42.500	81	81	99	80	46	0	1	80	1	80	7.69e-17	73.6
tr|A0A0B7JK74|A0A0B7JK74_9GAMM	GCF_008329985.2_WP_149283950.1	41.250	81	81	99	80	47	0	1	80	1	80	1.61e-16	72.8
tr|A0A0B7JK74|A0A0B7JK74_9GAMM	GCF_002214395.1_WP_010453422.1	40.000	81	81	99	80	48	0	1	80	1	80	1.67e-16	72.8
tr|A0A0B7JK74|A0A0B7JK74_9GAMM	GCF_024362845.1_WP_255230807.1	40.000	81	82	99	80	48	0	1	80	1	80	7.34e-16	71.1
tr|A0A0B7JK74|A0A0B7JK74_9GAMM	GCF_001431725.1_WP_021820278.1	38.272	81	81	100	81	50	0	1	81	1	81	1.15e-15	70.5
tr|A0A0B7JK74|A0A0B7JK74_9GAMM	GCF_000772105.1_WP_004748349.1	41.558	81	81	95	77	45	0	1	77	1	77	1.20e-15	70.5
tr|A0A0B7JK74|A0A0B7JK74_9GAMM	GCF_019670485.1_WP_221071211.1	40.000	81	81	99	80	48	0	1	80	1	80	1.22e-15	70.5
tr|A0A0B7JK74|A0A0B7JK74_9GAMM	GCF_019797925.1_WP_193521737.1	39.506	81	80	100	81	48	1	1	81	1	80	2.17e-15	70.0
tr|A0A0B7JK74|A0A0B7JK74_9GAMM	GCF_002021755.1_WP_005434844.1	40.000	81	81	99	80	48	0	1	80	1	80	2.57e-15	69.7
tr|A0A0B7JK74|A0A0B7JK74_9GAMM	GCF_002906475.1_WP_012130247.1	40.000	81	81	99	80	48	0	1	80	1	80	2.94e-15	69.7
tr|A0A0B7JK74|A0A0B7JK74_9GAMM	GCF_009363415.1_WP_152430616.1	41.975	81	84	100	81	47	0	1	81	1	81	2.98e-15	69.7
tr|A0A0B7JK74|A0A0B7JK74_9GAMM	GCF_000024825.1_WP_005460845.1	39.506	81	81	100	81	49	0	1	81	1	81	3.86e-15	69.4
tr|A0A0B7JK74|A0A0B7JK74_9GAMM	GCF_002849875.1_WP_232379112.1	39.024	81	113	98	82	47	1	2	80	32	113	4.12e-15	70.0
tr|A0A0B7JK74|A0A0B7JK74_9GAMM	GCF_024347675.1_WP_261835500.1	37.037	81	81	100	81	51	0	1	81	1	81	9.61e-15	68.3
tr|A0A0B7JK74|A0A0B7JK74_9GAMM	GCF_024746855.1_WP_260492542.1	38.750	81	79	99	80	48	1	1	80	1	79	1.12e-14	68.0
tr|A0A0B7JK74|A0A0B7JK74_9GAMM	GCF_024347035.1_WP_102941394.1	40.000	81	81	99	80	48	0	1	80	1	80	1.86e-14	67.4
tr|A0A0B7JK74|A0A0B7JK74_9GAMM	GCF_006364355.1_WP_004727652.1	37.037	81	83	100	81	51	0	1	81	1	81	2.11e-14	67.4
tr|A0A0B7JK74|A0A0B7JK74_9GAMM	GCF_001456255.1_WP_020335096.1	37.500	81	81	99	80	50	0	1	80	1	80	2.55e-14	67.1
tr|A0A0B7JK74|A0A0B7JK74_9GAMM	GCF_002887615.1_WP_038869703.1	37.500	81	81	99	80	50	0	1	80	1	80	4.28e-14	66.6
tr|A0A0B7JK74|A0A0B7JK74_9GAMM	GCF_019977755.1_WP_126608378.1	38.095	81	103	96	84	46	1	1	78	15	98	2.36e-13	65.2
tr|A0A0B7JK74|A0A0B7JK74_9GAMM	GCF_004353845.1_WP_103770713.1	35.000	81	93	99	80	52	0	2	81	10	89	2.96e-13	64.6
tr|A0A0B7JK74|A0A0B7JK74_9GAMM	GCF_000214665.1_WP_013819542.1	42.500	81	83	98	80	43	2	2	80	6	83	2.99e-13	64.6
tr|A0A0B7JK74|A0A0B7JK74_9GAMM	GCF_003855395.1_WP_124730567.1	39.241	81	88	93	79	44	2	2	76	4	82	1.45e-12	62.9
tr|A0A0B7JK74|A0A0B7JK74_9GAMM	GCF_000019525.1_WP_012323084.1	35.802	81	81	98	81	48	2	1	79	1	79	1.78e-12	62.4
tr|A0A0B7JK74|A0A0B7JK74_9GAMM	GCF_019703835.1_WP_087020305.1	39.241	81	79	98	79	44	1	2	80	1	75	9.00e-12	60.7
tr|A0A0B7JK74|A0A0B7JK74_9GAMM	GCF_024360925.2_WP_255188929.1	37.975	81	83	98	79	48	1	2	80	6	83	9.39e-12	60.7
tr|A0A0B7JK74|A0A0B7JK74_9GAMM	GCF_000019185.1_WP_012277931.1	33.000	81	100	100	100	48	1	1	81	1	100	1.27e-11	60.7
tr|A0A0B7JK74|A0A0B7JK74_9GAMM	GCF_000009145.1_WP_041356315.1	33.750	81	90	99	80	53	0	1	80	5	84	1.34e-11	60.4
tr|A0A0B7JK74|A0A0B7JK74_9GAMM	GCF_008693605.1_WP_223849061.1	35.000	81	95	99	80	52	0	2	81	11	90	1.98e-11	60.1
tr|A0A0B7JK74|A0A0B7JK74_9GAMM	GCF_003812345.1_WP_121571778.1	35.000	81	94	99	80	52	0	2	81	10	89	3.04e-11	59.5
tr|A0A0B7JK74|A0A0B7JK74_9GAMM	GCF_000018285.1_WP_012155987.1	35.644	81	102	99	101	44	2	1	80	1	101	4.93e-11	59.3
tr|A0A0B7JK74|A0A0B7JK74_9GAMM	GCF_011397855.1_WP_044414183.1	31.169	81	90	95	77	53	0	2	78	7	83	7.02e-11	58.7
tr|A0A0B7JK74|A0A0B7JK74_9GAMM	GCF_008632455.1_WP_150048082.1	37.838	81	84	91	74	45	1	2	75	6	78	1.23e-10	57.9
tr|A0A0B7JK74|A0A0B7JK74_9GAMM	GCF_006742785.1_WP_172630283.1	31.646	81	88	98	79	54	0	2	80	5	83	1.65e-10	57.6
tr|A0A0B7JK74|A0A0B7JK74_9GAMM	GCF_008693645.1_WP_137347870.1	28.750	81	89	99	80	57	0	2	81	10	89	4.05e-10	56.7
tr|A0A0B7JK74|A0A0B7JK74_9GAMM	GCF_017167985.1_WP_079784061.1	32.468	81	90	95	77	52	0	2	78	7	83	6.84e-10	56.2
tr|A0A0B7JK74|A0A0B7JK74_9GAMM	GCF_001455205.1_WP_062560013.1	32.500	81	84	99	80	53	1	2	81	6	84	1.23e-09	55.3
tr|A0A0B7JK74|A0A0B7JK74_9GAMM	GCF_001597285.1_WP_061903727.1	31.646	81	92	98	79	54	0	2	80	7	85	1.43e-09	55.3
tr|A0A0B7JK74|A0A0B7JK74_9GAMM	GCF_000014765.1_WP_011633385.1	35.443	81	89	98	79	51	0	2	80	5	83	1.73e-09	55.0
tr|A0A0B7JK74|A0A0B7JK74_9GAMM	GCF_000014705.1_WP_011637758.1	34.940	81	88	98	83	50	2	2	80	4	86	2.01e-09	54.8
tr|A0A0B7JK74|A0A0B7JK74_9GAMM	GCF_003258315.1_WP_111337788.1	28.750	81	88	99	80	57	0	1	80	5	84	2.33e-09	54.8
tr|A0A0B7JK74|A0A0B7JK74_9GAMM	GCF_000785705.2_WP_036272019.1	34.177	81	82	98	79	50	1	2	80	6	82	4.87e-09	53.6
tr|A0A0B7JK74|A0A0B7JK74_9GAMM	GCF_002355475.1_WP_004421315.1	31.169	81	91	95	77	53	0	2	78	8	84	1.46e-08	52.8
tr|A0A0B7JK74|A0A0B7JK74_9GAMM	GCF_001007935.1_WP_046849946.1	32.500	81	84	99	80	54	0	1	80	5	84	1.88e-08	52.2
tr|A0A0B7JK74|A0A0B7JK74_9GAMM	GCF_004684345.1_WP_135321947.1	30.380	81	93	98	79	55	0	2	80	10	88	2.82e-08	51.9
tr|A0A0B7JK74|A0A0B7JK74_9GAMM	GCF_024205225.1_WP_195881696.1	28.571	81	90	95	77	55	0	2	78	7	83	3.35e-08	51.7
tr|A0A0B7JK74|A0A0B7JK74_9GAMM	GCF_005931095.1_WP_017839868.1	33.750	81	84	99	80	52	1	2	81	6	84	4.60e-08	51.4
tr|A0A0B7JK74|A0A0B7JK74_9GAMM	GCF_000297075.2_WP_003461742.1	29.870	81	90	95	77	54	0	2	78	7	83	5.98e-08	51.1
tr|A0A0B7JK74|A0A0B7JK74_9GAMM	GCF_000968535.2_WP_014147785.1	33.750	81	84	99	80	52	1	2	81	6	84	7.57e-08	50.8
tr|A0A0B7JK74|A0A0B7JK74_9GAMM	GCF_008807375.1_WP_151138908.1	29.870	81	91	95	77	54	0	2	78	8	84	8.08e-08	50.8
tr|A0A0B7JK74|A0A0B7JK74_9GAMM	GCF_000147355.1_WP_013326989.1	33.333	81	67	81	66	44	0	15	80	1	66	9.84e-08	50.3
tr|A0A0B7JK74|A0A0B7JK74_9GAMM	GCF_000733715.2_WP_017362912.1	31.169	81	90	95	77	53	0	2	78	7	83	1.05e-07	50.5
tr|A0A0B7JK74|A0A0B7JK74_9GAMM	GCF_019669905.1_WP_054759186.1	35.443	81	79	98	79	47	1	2	80	5	79	1.12e-07	50.3
tr|A0A0B7JK74|A0A0B7JK74_9GAMM	GCF_019047765.1_WP_040231149.1	30.000	81	89	99	80	56	0	2	81	10	89	1.41e-07	50.3
tr|A0A0B7JK74|A0A0B7JK74_9GAMM	GCF_013200955.2_WP_173204463.1	28.571	81	91	95	77	55	0	2	78	8	84	2.74e-07	49.4
tr|A0A0B7JK74|A0A0B7JK74_9GAMM	GCF_021029445.1_WP_230924827.1	31.169	81	89	95	77	52	1	2	78	7	82	3.44e-07	49.1
tr|A0A0B7JK74|A0A0B7JK74_9GAMM	GCF_001594225.2_WP_064379396.1	34.177	81	92	95	79	48	2	2	78	7	83	3.55e-07	49.1
tr|A0A0B7JK74|A0A0B7JK74_9GAMM	GCF_013409125.2_WP_099525265.1	29.870	81	90	95	77	54	0	2	78	7	83	5.11e-07	48.9
tr|A0A0B7JK74|A0A0B7JK74_9GAMM	GCF_012767755.2_WP_173171843.1	29.870	81	90	95	77	54	0	2	78	7	83	5.20e-07	48.6
tr|A0A0B7JK74|A0A0B7JK74_9GAMM	GCF_017329545.1_WP_047884589.1	28.571	81	95	95	77	55	0	2	78	8	84	1.57e-06	47.4
tr|A0A0B7JK74|A0A0B7JK74_9GAMM	GCF_017915135.1_WP_210390879.1	28.571	81	90	95	77	55	0	2	78	7	83	1.63e-06	47.4
tr|A0A0B7JK74|A0A0B7JK74_9GAMM	GCF_900682675.2_WP_069898892.1	36.250	81	94	99	80	46	2	2	81	7	81	2.16e-06	47.2
tr|A0A0B7JK74|A0A0B7JK74_9GAMM	GCF_020511155.1_WP_226415657.1	29.762	81	87	99	84	55	2	1	80	4	87	2.30e-06	46.9
tr|A0A0B7JK74|A0A0B7JK74_9GAMM	GCF_003568825.1_WP_040644076.1	26.506	81	83	99	83	58	1	1	80	1	83	2.48e-06	46.9
tr|A0A0B7JK74|A0A0B7JK74_9GAMM	GCF_025402875.1_WP_011791024.1	28.205	81	90	96	78	56	0	1	78	6	83	2.74e-06	46.9
tr|A0A0B7JK74|A0A0B7JK74_9GAMM	GCF_024347675.1_WP_261833361.1	37.778	81	54	56	45	28	0	1	45	1	45	4.99e-06	45.5
tr|A0A0B7JK74|A0A0B7JK74_9GAMM	GCF_001708425.1_WP_055136127.1	27.273	81	94	95	77	56	0	2	78	7	83	6.34e-06	46.0
tr|A0A0B7JK74|A0A0B7JK74_9GAMM	GCF_000439255.1_WP_000062328.1	41.071	81	86	69	56	30	1	2	57	10	62	7.56e-06	45.8
tr|A0A0B7JK74|A0A0B7JK74_9GAMM	GCF_017167985.1_WP_093053415.1	31.169	81	92	95	77	53	0	2	78	7	83	1.05e-05	45.5
tr|A0A0B7JK74|A0A0B7JK74_9GAMM	GCF_013423785.1_WP_180308358.1	30.380	81	88	95	79	50	2	2	78	10	85	1.54e-05	44.9
tr|A0A0B7JK74|A0A0B7JK74_9GAMM	GCF_002163605.1_WP_157665988.1	33.333	81	86	81	66	43	1	2	67	10	74	3.40e-05	44.1
tr|A0A0B7JK74|A0A0B7JK74_9GAMM	GCF_000006945.2_NP_459242.1	44.186	81	86	53	43	24	0	2	44	10	52	4.15e-05	43.8
tr|A0A0B7JK74|A0A0B7JK74_9GAMM	GCF_002355475.1_WP_003455993.1	27.848	81	90	98	79	57	0	2	80	5	83	4.59e-05	43.8
tr|A0A0B7JK74|A0A0B7JK74_9GAMM	GCF_008807375.1_WP_151133519.1	27.848	81	90	98	79	57	0	2	80	5	83	5.72e-05	43.5
tr|A0A0B7JK74|A0A0B7JK74_9GAMM	GCF_000264765.2_WP_034163237.1	37.500	81	86	69	56	32	1	2	57	10	62	6.11e-05	43.2
tr|A0A0B7JK74|A0A0B7JK74_9GAMM	GCF_023650495.1_WP_250655372.1	42.105	81	88	47	38	22	0	1	38	4	41	6.71e-05	43.2
tr|A0A0B7JK74|A0A0B7JK74_9GAMM	GCF_007197555.1_WP_144048375.1	26.437	81	94	100	87	58	1	1	81	6	92	7.65e-05	43.2
tr|A0A0B7JK74|A0A0B7JK74_9GAMM	GCF_002393505.1_WP_006658392.1	31.818	81	87	81	66	44	1	2	67	10	74	8.45e-05	42.9
tr|A0A0B7JK74|A0A0B7JK74_9GAMM	GCF_016904755.1_WP_059234959.1	32.468	81	86	95	77	47	3	2	78	10	81	1.01e-04	42.7
tr|A0A0B7JK74|A0A0B7JK74_9GAMM	GCF_000788395.1_WP_038641921.1	28.750	81	85	99	80	57	0	2	81	5	84	1.22e-04	42.7
tr|A0A0B7JK74|A0A0B7JK74_9GAMM	GCF_003261575.2_WP_110272453.1	38.776	81	86	60	49	30	0	2	50	10	58	1.29e-04	42.4
tr|A0A0B7JK74|A0A0B7JK74_9GAMM	GCF_014524625.1_WP_009050814.1	31.646	81	92	95	79	50	2	2	78	7	83	1.29e-04	42.7
tr|A0A0B7JK74|A0A0B7JK74_9GAMM	GCF_020097475.1_WP_000062318.1	41.860	81	86	53	43	25	0	2	44	10	52	1.40e-04	42.4
tr|A0A0B7JK74|A0A0B7JK74_9GAMM	GCF_017742995.1_WP_247749573.1	44.444	81	48	44	36	20	0	1	36	1	36	1.56e-04	41.8
tr|A0A0B7JK74|A0A0B7JK74_9GAMM	GCF_026427595.1_WP_251812951.1	32.941	81	88	99	85	51	3	1	80	4	87	2.58e-04	41.8
tr|A0A0B7JK74|A0A0B7JK74_9GAMM	GCF_003204135.1_WP_004908806.1	39.535	81	87	53	43	26	0	2	44	10	52	2.75e-04	41.8
tr|A0A0B7JK74|A0A0B7JK74_9GAMM	GCF_023195735.1_WP_035891978.1	41.860	81	86	53	43	25	0	2	44	10	52	3.02e-04	41.5
tr|A0A0B7JK74|A0A0B7JK74_9GAMM	GCF_009649915.1_WP_062772223.1	41.860	81	86	53	43	25	0	2	44	10	52	3.17e-04	41.5
tr|A0A0B7JK74|A0A0B7JK74_9GAMM	GCF_002843235.3_WP_102139922.1	39.535	81	87	53	43	26	0	2	44	10	52	4.56e-04	41.3
tr|A0A0B7JK74|A0A0B7JK74_9GAMM	GCF_022369495.1_WP_072064250.1	39.535	81	86	53	43	26	0	2	44	10	52	5.05e-04	41.0
tr|A0A0B7JK74|A0A0B7JK74_9GAMM	GCF_011045835.1_WP_075671674.1	39.535	81	86	53	43	26	0	2	44	10	52	5.05e-04	41.0
tr|A0A0B7JK74|A0A0B7JK74_9GAMM	GCF_013460135.1_WP_180816665.1	32.727	81	88	68	55	37	0	2	56	10	64	5.86e-04	41.0
tr|A0A0B7JK74|A0A0B7JK74_9GAMM	GCF_006711645.1_WP_100682484.1	41.860	81	86	53	43	25	0	2	44	10	52	5.92e-04	40.7
tr|A0A0B7JK74|A0A0B7JK74_9GAMM	GCF_022637595.1_WP_004858152.1	38.776	81	86	60	49	30	0	2	50	10	58	6.46e-04	40.7
tr|A0A0B7JK74|A0A0B7JK74_9GAMM	GCF_000178875.2_WP_012197738.1	26.667	81	90	93	75	55	0	1	75	6	80	7.30e-04	40.7
tr|A0A0B7JK74|A0A0B7JK74_9GAMM	GCF_025758125.1_WP_023480196.1	39.535	81	86	53	43	26	0	2	44	10	52	7.63e-04	40.4
tr|A0A0B7JK74|A0A0B7JK74_9GAMM	GCF_001461805.1_WP_013367515.1	41.860	81	86	53	43	25	0	2	44	10	52	7.75e-04	40.4
tr|A0A0B7JK74|A0A0B7JK74_9GAMM	GCF_007632255.1_WP_015368146.1	36.735	81	86	60	49	31	0	2	50	10	58	7.93e-04	40.4
tr|A0A0B7JK74|A0A0B7JK74_9GAMM	GCF_012029655.1_WP_041144145.1	32.727	81	86	68	55	37	0	2	56	10	64	0.001	40.1
tr|A0A0B7JK74|A0A0B7JK74_9GAMM	GCF_001444405.1_WP_058032142.1	42.222	81	87	56	45	26	0	1	45	1	45	0.001	40.1
tr|A0A0B7JK74|A0A0B7JK74_9GAMM	GCF_001642805.2_WP_004931991.1	38.235	81	87	81	68	37	2	2	67	10	74	0.001	40.1
tr|A0A0B7JK74|A0A0B7JK74_9GAMM	GCF_003019925.1_WP_162185254.1	35.849	81	86	65	53	31	1	2	54	10	59	0.001	40.1
tr|A0A0B7JK74|A0A0B7JK74_9GAMM	GCF_001683395.1_WP_017458015.1	39.535	81	86	53	43	26	0	2	44	10	52	0.001	39.9
tr|A0A0B7JK74|A0A0B7JK74_9GAMM	GCF_000006925.2_NP_706134.1	39.535	81	86	53	43	26	0	2	44	10	52	0.001	39.9
tr|A0A0B7JK74|A0A0B7JK74_9GAMM	GCF_000005845.2_NP_414731.2	39.535	81	84	53	43	26	0	2	44	8	50	0.001	39.9
tr|A0A0B7JK74|A0A0B7JK74_9GAMM	GCF_027886705.1_WP_061497537.1	39.535	81	86	53	43	26	0	2	44	10	52	0.001	39.9
tr|A0A0B7JK74|A0A0B7JK74_9GAMM	GCF_006385555.1_WP_140234395.1	31.646	81	87	91	79	48	4	2	75	4	81	0.002	39.9
tr|A0A0B7JK74|A0A0B7JK74_9GAMM	GCF_018139045.1_WP_004129134.1	36.735	81	86	60	49	31	0	2	50	10	58	0.002	39.9
tr|A0A0B7JK74|A0A0B7JK74_9GAMM	GCF_003812925.1_WP_004107903.1	36.735	81	86	60	49	31	0	2	50	10	58	0.002	39.9
tr|A0A0B7JK74|A0A0B7JK74_9GAMM	GCF_000240185.1_YP_005225236.1	36.735	81	86	60	49	31	0	2	50	10	58	0.002	39.9
tr|A0A0B7JK74|A0A0B7JK74_9GAMM	GCF_015139575.1_WP_004098776.1	36.735	81	86	60	49	31	0	2	50	10	58	0.002	39.6
tr|A0A0B7JK74|A0A0B7JK74_9GAMM	GCF_016026735.1_WP_015673540.1	36.765	81	87	81	68	38	2	2	67	10	74	0.002	39.6
tr|A0A0B7JK74|A0A0B7JK74_9GAMM	GCF_000520015.2_WP_024910172.1	36.765	81	87	81	68	38	2	2	67	10	74	0.002	39.6
tr|A0A0B7JK74|A0A0B7JK74_9GAMM	GCF_009817885.1_WP_105232289.1	33.333	81	87	81	66	43	1	2	67	10	74	0.002	39.6
tr|A0A0B7JK74|A0A0B7JK74_9GAMM	GCF_021733145.1_WP_012847629.1	36.364	81	86	68	55	32	1	2	56	10	61	0.002	39.6
tr|A0A0B7JK74|A0A0B7JK74_9GAMM	GCF_002157225.2_WP_086934278.1	30.435	81	80	85	69	47	1	1	69	4	71	0.002	39.3
tr|A0A0B7JK74|A0A0B7JK74_9GAMM	GCF_004768525.1_WP_026822068.1	32.727	81	88	68	55	37	0	2	56	10	64	0.002	39.6
tr|A0A0B7JK74|A0A0B7JK74_9GAMM	GCF_020268605.1_WP_180560445.1	34.545	81	88	68	55	36	0	2	56	10	64	0.002	39.3
tr|A0A0B7JK74|A0A0B7JK74_9GAMM	GCF_003990335.1_WP_127025819.1	40.909	81	91	54	44	26	0	1	44	5	48	0.003	39.3
tr|A0A0B7JK74|A0A0B7JK74_9GAMM	GCF_001518835.1_WP_059308693.1	39.535	81	86	53	43	26	0	2	44	10	52	0.003	39.0
tr|A0A0B7JK74|A0A0B7JK74_9GAMM	GCF_003063625.1_WP_108601906.1	31.507	81	85	90	73	48	2	1	73	4	74	0.003	39.0
tr|A0A0B7JK74|A0A0B7JK74_9GAMM	GCF_020150375.1_WP_004094310.1	35.593	81	86	73	59	35	1	2	60	10	65	0.003	39.0
tr|A0A0B7JK74|A0A0B7JK74_9GAMM	GCF_011617105.1_WP_025800203.1	35.593	81	86	73	59	35	1	2	60	10	65	0.003	39.0
tr|A0A0B7JK74|A0A0B7JK74_9GAMM	GCF_009730055.1_WP_032906500.1	35.849	81	86	65	53	31	1	2	54	10	59	0.003	39.0
tr|A0A0B7JK74|A0A0B7JK74_9GAMM	GCF_900638065.1_WP_048212636.1	39.535	81	86	53	43	26	0	2	44	10	52	0.003	39.0
tr|A0A0B7JK74|A0A0B7JK74_9GAMM	GCF_003812345.1_WP_003018503.1	39.535	81	86	53	43	26	0	2	44	10	52	0.003	39.0
tr|A0A0B7JK74|A0A0B7JK74_9GAMM	GCF_004684345.1_WP_135323069.1	39.535	81	86	53	43	26	0	2	44	10	52	0.003	39.0
tr|A0A0B7JK74|A0A0B7JK74_9GAMM	GCF_021172065.1_WP_015965827.1	39.535	81	86	53	43	26	0	2	44	10	52	0.003	39.0
tr|A0A0B7JK74|A0A0B7JK74_9GAMM	GCF_001022135.1_WP_039078449.1	39.535	81	86	53	43	26	0	2	44	10	52	0.003	39.0
tr|A0A0B7JK74|A0A0B7JK74_9GAMM	GCF_000069965.1_WP_004245453.1	34.884	81	86	53	43	28	0	2	44	10	52	0.003	38.7
tr|A0A0B7JK74|A0A0B7JK74_9GAMM	GCF_003957745.1_WP_126168493.1	24.675	81	87	95	77	58	0	2	78	7	83	0.004	38.7
tr|A0A0B7JK74|A0A0B7JK74_9GAMM	GCF_015137655.1_WP_028015593.1	39.535	81	86	53	43	26	0	2	44	10	52	0.004	38.7
tr|A0A0B7JK74|A0A0B7JK74_9GAMM	GCF_000834395.1_WP_042546713.1	35.849	81	86	65	53	31	1	2	54	10	59	0.004	38.7
tr|A0A0B7JK74|A0A0B7JK74_9GAMM	GCF_001658025.2_WP_007373243.1	39.535	81	86	53	43	26	0	2	44	10	52	0.004	38.7
tr|A0A0B7JK74|A0A0B7JK74_9GAMM	GCF_000222975.1_WP_002218374.1	35.849	81	86	65	53	31	1	2	54	10	59	0.004	38.7
tr|A0A0B7JK74|A0A0B7JK74_9GAMM	GCF_009363135.1_WP_090122691.1	39.535	81	86	53	43	26	0	2	44	10	52	0.004	38.7
tr|A0A0B7JK74|A0A0B7JK74_9GAMM	GCF_004124235.1_WP_025377303.1	35.849	81	86	65	53	31	1	2	54	10	59	0.004	38.4
tr|A0A0B7JK74|A0A0B7JK74_9GAMM	GCF_002291425.1_WP_095847471.1	31.818	81	87	81	66	44	1	2	67	10	74	0.005	38.4
tr|A0A0B7JK74|A0A0B7JK74_9GAMM	GCF_009176645.1_WP_152083529.1	39.535	81	86	53	43	26	0	2	44	10	52	0.005	38.4
tr|A0A0B7JK74|A0A0B7JK74_9GAMM	GCF_001558935.2_WP_042323659.1	39.535	81	86	53	43	26	0	2	44	10	52	0.005	38.4
tr|A0A0B7JK74|A0A0B7JK74_9GAMM	GCF_000018045.1_WP_024130681.1	39.535	81	86	53	43	26	0	2	44	10	52	0.005	38.4
tr|A0A0B7JK74|A0A0B7JK74_9GAMM	GCF_021278985.1_WP_012904575.1	39.535	81	86	53	43	26	0	2	44	10	52	0.005	38.4
tr|A0A0B7JK74|A0A0B7JK74_9GAMM	GCF_019931735.1_WP_223417223.1	30.159	81	87	74	63	40	2	1	60	3	64	0.005	38.4
tr|A0A0B7JK74|A0A0B7JK74_9GAMM	GCF_013282725.1_WP_032813813.1	38.462	81	86	64	52	29	1	2	53	10	58	0.005	38.4
tr|A0A0B7JK74|A0A0B7JK74_9GAMM	GCF_001750725.1_WP_014168720.1	39.535	81	86	53	43	26	0	2	44	10	52	0.005	38.4
tr|A0A0B7JK74|A0A0B7JK74_9GAMM	GCF_003594935.2_WP_006173581.1	39.535	81	86	53	43	26	0	2	44	10	52	0.006	38.4
tr|A0A0B7JK74|A0A0B7JK74_9GAMM	GCF_019048625.1_WP_023305471.1	39.535	81	86	53	43	26	0	2	44	10	52	0.006	38.2
tr|A0A0B7JK74|A0A0B7JK74_9GAMM	GCF_000224675.1_WP_010426685.1	39.535	81	86	53	43	26	0	2	44	10	52	0.006	38.2
tr|A0A0B7JK74|A0A0B7JK74_9GAMM	GCF_018128425.1_WP_042289833.1	39.535	81	86	53	43	26	0	2	44	10	52	0.006	38.2
tr|A0A0B7JK74|A0A0B7JK74_9GAMM	GCF_009036245.1_WP_025756830.1	39.535	81	86	53	43	26	0	2	44	10	52	0.006	38.2
tr|A0A0B7JK74|A0A0B7JK74_9GAMM	GCF_001729805.1_WP_008501890.1	38.298	81	86	58	47	29	0	2	48	10	56	0.007	38.2
tr|A0A0B7JK74|A0A0B7JK74_9GAMM	GCF_002005305.1_WP_077753428.1	25.926	81	86	100	81	60	0	1	81	6	86	0.007	38.2
tr|A0A0B7JK74|A0A0B7JK74_9GAMM	GCF_002393445.1_WP_061273728.1	38.298	81	86	58	47	29	0	2	48	10	56	0.008	37.9
tr|A0A0B7JK74|A0A0B7JK74_9GAMM	GCF_003096015.2_WP_230514010.1	32.727	81	88	68	55	37	0	2	56	11	65	0.009	37.9
# PSIBLAST 2.13.0+
# Iteration: 2
# Query: tr|A0A0B7JK74|A0A0B7JK74_9GAMM Modulator of Rho-dependent transcription termination family protein OS=Photobacterium kishitanii OX=318456 GN=C0W70_11190 PE=4 SV=1
# Database: db/chosen-bacteria_proteome_exDup
# Fields: query id, subject id, % identity, query length, subject length, % query coverage per subject, alignment length, mismatches, gap opens, q. start, q. end, s. start, s. end, evalue, bit score
# 349 hits found
tr|A0A0B7JK74|A0A0B7JK74_9GAMM	GCF_024347355.1_WP_105024956.1	46.914	81	83	100	81	43	0	1	81	1	81	1.69e-36	123
tr|A0A0B7JK74|A0A0B7JK74_9GAMM	GCF_024347595.1_WP_176681244.1	44.444	81	83	100	81	45	0	1	81	1	81	2.32e-35	120
tr|A0A0B7JK74|A0A0B7JK74_9GAMM	GCF_001558415.2_WP_061055374.1	45.679	81	83	100	81	44	0	1	81	1	81	3.37e-35	120
tr|A0A0B7JK74|A0A0B7JK74_9GAMM	GCF_024347475.1_WP_239840920.1	44.444	81	83	100	81	45	0	1	81	1	81	3.62e-35	120
tr|A0A0B7JK74|A0A0B7JK74_9GAMM	GCF_024347635.1_WP_139683960.1	48.148	81	83	100	81	42	0	1	81	1	81	8.22e-35	119
tr|A0A0B7JK74|A0A0B7JK74_9GAMM	GCF_022371215.1_WP_239718047.1	44.444	81	83	100	81	45	0	1	81	1	81	8.41e-35	119
tr|A0A0B7JK74|A0A0B7JK74_9GAMM	GCF_002407485.1_WP_096780111.1	46.250	81	81	99	80	43	0	1	80	1	80	8.58e-35	119
tr|A0A0B7JK74|A0A0B7JK74_9GAMM	GCF_001995825.2_WP_017057338.1	49.383	81	83	100	81	41	0	1	81	1	81	8.62e-35	119
tr|A0A0B7JK74|A0A0B7JK74_9GAMM	GCF_024347455.1_WP_135458404.1	49.383	81	83	100	81	41	0	1	81	1	81	9.71e-35	118
tr|A0A0B7JK74|A0A0B7JK74_9GAMM	GCF_000091465.1_WP_004733849.1	49.383	81	83	100	81	41	0	1	81	1	81	9.79e-35	118
tr|A0A0B7JK74|A0A0B7JK74_9GAMM	GCF_014905115.1_WP_193151849.1	45.000	81	81	99	80	44	0	1	80	1	80	1.35e-34	118
tr|A0A0B7JK74|A0A0B7JK74_9GAMM	GCF_002204915.1_WP_052690899.1	39.506	81	101	100	81	49	0	1	81	20	100	1.71e-34	118
tr|A0A0B7JK74|A0A0B7JK74_9GAMM	GCF_014879975.1_WP_192888672.1	45.679	81	83	100	81	44	0	1	81	1	81	2.35e-34	118
tr|A0A0B7JK74|A0A0B7JK74_9GAMM	GCF_009938185.1_WP_162048373.1	44.444	81	82	100	81	45	0	1	81	1	81	2.90e-34	117
tr|A0A0B7JK74|A0A0B7JK74_9GAMM	GCF_009938225.1_WP_075649723.1	40.741	81	82	100	81	48	0	1	81	1	81	3.19e-34	117
tr|A0A0B7JK74|A0A0B7JK74_9GAMM	GCF_024582835.1_WP_257083279.1	45.000	81	87	99	80	44	0	1	80	1	80	3.20e-34	117
tr|A0A0B7JK74|A0A0B7JK74_9GAMM	GCF_001831495.1_WP_068547707.1	50.617	81	81	100	81	40	0	1	81	1	81	1.15e-33	116
tr|A0A0B7JK74|A0A0B7JK74_9GAMM	GCF_009068765.1_WP_151900329.1	47.500	81	81	99	80	42	0	1	80	1	80	1.18e-33	116
tr|A0A0B7JK74|A0A0B7JK74_9GAMM	GCF_008369605.1_WP_000253074.1	45.679	81	81	100	81	44	0	1	81	1	81	1.89e-33	115
tr|A0A0B7JK74|A0A0B7JK74_9GAMM	GCF_009938205.1_WP_075706454.1	48.148	81	82	100	81	42	0	1	81	1	81	2.98e-33	115
tr|A0A0B7JK74|A0A0B7JK74_9GAMM	GCF_019670125.1_WP_221076876.1	42.500	81	81	99	80	46	0	1	80	1	80	3.22e-33	115
tr|A0A0B7JK74|A0A0B7JK74_9GAMM	GCF_001558255.2_WP_005504861.1	45.679	81	82	99	81	43	1	1	80	1	81	5.15e-33	114
tr|A0A0B7JK74|A0A0B7JK74_9GAMM	GCF_024494545.1_WP_256384876.1	77.778	81	81	100	81	18	0	1	81	1	81	5.89e-33	114
tr|A0A0B7JK74|A0A0B7JK74_9GAMM	GCF_002214395.1_WP_010453422.1	40.000	81	81	99	80	48	0	1	80	1	80	6.08e-33	114
tr|A0A0B7JK74|A0A0B7JK74_9GAMM	GCF_024362845.1_WP_255230807.1	40.000	81	82	99	80	48	0	1	80	1	80	6.34e-33	114
tr|A0A0B7JK74|A0A0B7JK74_9GAMM	GCF_024347655.1_WP_060467732.1	45.000	81	83	99	80	44	0	1	80	1	80	8.59e-33	114
tr|A0A0B7JK74|A0A0B7JK74_9GAMM	GCF_900233005.1_WP_102521318.1	39.506	81	81	100	81	49	0	1	81	1	81	1.69e-32	113
tr|A0A0B7JK74|A0A0B7JK74_9GAMM	GCF_008693605.1_WP_223849061.1	35.000	81	95	99	80	52	0	2	81	11	90	2.21e-32	113
tr|A0A0B7JK74|A0A0B7JK74_9GAMM	GCF_000770115.1_WP_069687890.1	41.250	81	81	99	80	47	0	1	80	1	80	2.42e-32	112
tr|A0A0B7JK74|A0A0B7JK74_9GAMM	GCF_024347495.1_WP_137371745.1	42.500	81	80	99	80	46	0	1	80	1	80	2.77e-32	112
tr|A0A0B7JK74|A0A0B7JK74_9GAMM	GCF_004353845.1_WP_103770713.1	35.000	81	93	99	80	52	0	2	81	10	89	3.29e-32	112
tr|A0A0B7JK74|A0A0B7JK74_9GAMM	GCF_024347035.1_WP_102941394.1	40.000	81	81	99	80	48	0	1	80	1	80	4.13e-32	112
tr|A0A0B7JK74|A0A0B7JK74_9GAMM	GCF_003812345.1_WP_121571778.1	35.000	81	94	99	80	52	0	2	81	10	89	4.22e-32	112
tr|A0A0B7JK74|A0A0B7JK74_9GAMM	GCF_000772105.1_WP_004748349.1	41.250	81	81	99	80	47	0	1	80	1	80	6.44e-32	111
tr|A0A0B7JK74|A0A0B7JK74_9GAMM	GCF_008329985.2_WP_149283950.1	41.250	81	81	99	80	47	0	1	80	1	80	7.92e-32	111
tr|A0A0B7JK74|A0A0B7JK74_9GAMM	GCF_001456255.1_WP_020335096.1	37.500	81	81	99	80	50	0	1	80	1	80	9.66e-32	111
tr|A0A0B7JK74|A0A0B7JK74_9GAMM	GCF_001007875.1_WP_046858354.1	46.250	81	80	99	80	43	0	1	80	1	80	9.72e-32	111
tr|A0A0B7JK74|A0A0B7JK74_9GAMM	GCF_019670105.1_WP_040307707.1	43.750	81	81	99	80	45	0	1	80	1	80	1.01e-31	111
tr|A0A0B7JK74|A0A0B7JK74_9GAMM	GCF_005877035.1_WP_039486662.1	49.383	81	83	100	81	41	0	1	81	1	81	1.35e-31	111
tr|A0A0B7JK74|A0A0B7JK74_9GAMM	GCF_000148645.1_WP_013347076.1	41.250	81	80	99	80	47	0	2	81	1	80	1.63e-31	110
tr|A0A0B7JK74|A0A0B7JK74_9GAMM	GCF_002906475.1_WP_012130247.1	40.000	81	81	99	80	48	0	1	80	1	80	2.04e-31	110
tr|A0A0B7JK74|A0A0B7JK74_9GAMM	GCF_002021755.1_WP_005434844.1	40.000	81	81	99	80	48	0	1	80	1	80	2.69e-31	110
tr|A0A0B7JK74|A0A0B7JK74_9GAMM	GCF_004328865.1_WP_104643907.1	46.250	81	83	99	80	43	0	1	80	1	80	3.07e-31	110
tr|A0A0B7JK74|A0A0B7JK74_9GAMM	GCF_024347675.1_WP_261835500.1	37.037	81	81	100	81	51	0	1	81	1	81	3.39e-31	109
tr|A0A0B7JK74|A0A0B7JK74_9GAMM	GCF_000238395.3_WP_010553578.1	48.750	81	83	99	80	41	0	1	80	1	80	3.54e-31	109
tr|A0A0B7JK74|A0A0B7JK74_9GAMM	GCF_000024825.1_WP_005460845.1	39.506	81	81	100	81	49	0	1	81	1	81	4.97e-31	109
tr|A0A0B7JK74|A0A0B7JK74_9GAMM	GCF_001597285.1_WP_061903727.1	31.646	81	92	98	79	54	0	2	80	7	85	6.41e-31	109
tr|A0A0B7JK74|A0A0B7JK74_9GAMM	GCF_001999225.1_WP_077537996.1	46.250	81	82	99	80	43	0	1	80	1	80	1.73e-30	108
tr|A0A0B7JK74|A0A0B7JK74_9GAMM	GCF_019670485.1_WP_221071211.1	40.000	81	81	99	80	48	0	1	80	1	80	1.80e-30	108
tr|A0A0B7JK74|A0A0B7JK74_9GAMM	GCF_000009145.1_WP_041356315.1	33.750	81	90	99	80	53	0	1	80	5	84	1.89e-30	108
tr|A0A0B7JK74|A0A0B7JK74_9GAMM	GCF_003668795.1_WP_054981706.1	41.250	81	83	99	80	47	0	1	80	1	80	2.62e-30	107
tr|A0A0B7JK74|A0A0B7JK74_9GAMM	GCF_008931805.1_WP_019441510.1	42.500	81	81	99	80	46	0	1	80	1	80	2.92e-30	107
tr|A0A0B7JK74|A0A0B7JK74_9GAMM	GCF_009363415.1_WP_152430616.1	41.975	81	84	100	81	47	0	1	81	1	81	3.34e-30	107
tr|A0A0B7JK74|A0A0B7JK74_9GAMM	GCF_002221525.1_WP_089349457.1	41.250	81	83	99	80	47	0	1	80	1	80	4.73e-30	107
tr|A0A0B7JK74|A0A0B7JK74_9GAMM	GCF_002157895.1_WP_227874980.1	50.000	81	82	99	80	40	0	1	80	2	81	5.07e-30	107
tr|A0A0B7JK74|A0A0B7JK74_9GAMM	GCF_012295615.1_WP_007018284.1	40.741	81	81	100	81	48	0	1	81	1	81	5.52e-30	106
tr|A0A0B7JK74|A0A0B7JK74_9GAMM	GCF_008693645.1_WP_137347870.1	28.750	81	89	99	80	57	0	2	81	10	89	6.74e-30	106
tr|A0A0B7JK74|A0A0B7JK74_9GAMM	GCF_006742785.1_WP_172630283.1	31.646	81	88	98	79	54	0	2	80	5	83	8.46e-30	106
tr|A0A0B7JK74|A0A0B7JK74_9GAMM	GCF_011397855.1_WP_044414183.1	31.169	81	90	95	77	53	0	2	78	7	83	1.37e-29	106
tr|A0A0B7JK74|A0A0B7JK74_9GAMM	GCF_002355475.1_WP_004421315.1	31.169	81	91	95	77	53	0	2	78	8	84	1.41e-29	106
tr|A0A0B7JK74|A0A0B7JK74_9GAMM	GCF_002887615.1_WP_038869703.1	37.500	81	81	99	80	50	0	1	80	1	80	1.63e-29	105
tr|A0A0B7JK74|A0A0B7JK74_9GAMM	GCF_008807375.1_WP_151138908.1	29.870	81	91	95	77	54	0	2	78	8	84	2.47e-29	105
tr|A0A0B7JK74|A0A0B7JK74_9GAMM	GCF_024205225.1_WP_195881696.1	28.571	81	90	95	77	55	0	2	78	7	83	2.80e-29	105
tr|A0A0B7JK74|A0A0B7JK74_9GAMM	GCF_025402875.1_WP_011791024.1	28.205	81	90	96	78	56	0	1	78	6	83	3.18e-29	105
tr|A0A0B7JK74|A0A0B7JK74_9GAMM	GCF_001431725.1_WP_021820278.1	38.272	81	81	100	81	50	0	1	81	1	81	3.33e-29	104
tr|A0A0B7JK74|A0A0B7JK74_9GAMM	GCF_000297075.2_WP_003461742.1	29.870	81	90	95	77	54	0	2	78	7	83	5.86e-29	104
tr|A0A0B7JK74|A0A0B7JK74_9GAMM	GCF_000214665.1_WP_013819542.1	39.241	81	83	98	79	47	1	2	80	6	83	6.40e-29	104
tr|A0A0B7JK74|A0A0B7JK74_9GAMM	GCF_013409125.2_WP_099525265.1	29.870	81	90	95	77	54	0	2	78	7	83	7.15e-29	104
tr|A0A0B7JK74|A0A0B7JK74_9GAMM	GCF_013200955.2_WP_173204463.1	28.571	81	91	95	77	55	0	2	78	8	84	7.58e-29	104
tr|A0A0B7JK74|A0A0B7JK74_9GAMM	GCF_000733715.2_WP_017362912.1	31.169	81	90	95	77	53	0	2	78	7	83	1.06e-28	103
tr|A0A0B7JK74|A0A0B7JK74_9GAMM	GCF_006364355.1_WP_004727652.1	37.037	81	83	100	81	51	0	1	81	1	81	1.17e-28	103
tr|A0A0B7JK74|A0A0B7JK74_9GAMM	GCF_000019185.1_WP_012277931.1	33.000	81	100	100	100	48	1	1	81	1	100	1.29e-28	103
tr|A0A0B7JK74|A0A0B7JK74_9GAMM	GCF_004684345.1_WP_135321947.1	30.380	81	93	98	79	55	0	2	80	10	88	1.62e-28	103
tr|A0A0B7JK74|A0A0B7JK74_9GAMM	GCF_017167985.1_WP_079784061.1	32.468	81	90	95	77	52	0	2	78	7	83	2.39e-28	102
tr|A0A0B7JK74|A0A0B7JK74_9GAMM	GCF_017167985.1_WP_093053415.1	31.169	81	92	95	77	53	0	2	78	7	83	5.50e-28	102
tr|A0A0B7JK74|A0A0B7JK74_9GAMM	GCF_019669905.1_WP_054759186.1	35.443	81	79	98	79	47	1	2	80	5	79	5.53e-28	101
tr|A0A0B7JK74|A0A0B7JK74_9GAMM	GCF_012767755.2_WP_173171843.1	29.870	81	90	95	77	54	0	2	78	7	83	5.56e-28	102
tr|A0A0B7JK74|A0A0B7JK74_9GAMM	GCF_003258315.1_WP_111337788.1	28.750	81	88	99	80	57	0	1	80	5	84	5.85e-28	101
tr|A0A0B7JK74|A0A0B7JK74_9GAMM	GCF_024360925.2_WP_255188929.1	36.709	81	83	98	79	49	1	2	80	6	83	8.75e-28	101
tr|A0A0B7JK74|A0A0B7JK74_9GAMM	GCF_019047765.1_WP_040231149.1	30.000	81	89	99	80	56	0	2	81	10	89	9.74e-28	101
tr|A0A0B7JK74|A0A0B7JK74_9GAMM	GCF_017915135.1_WP_210390879.1	28.571	81	90	95	77	55	0	2	78	7	83	1.80e-27	100
tr|A0A0B7JK74|A0A0B7JK74_9GAMM	GCF_001007935.1_WP_046849946.1	32.500	81	84	99	80	54	0	1	80	5	84	2.33e-27	100
tr|A0A0B7JK74|A0A0B7JK74_9GAMM	GCF_002355475.1_WP_003455993.1	27.848	81	90	98	79	57	0	2	80	5	83	3.29e-27	100
tr|A0A0B7JK74|A0A0B7JK74_9GAMM	GCF_001708425.1_WP_055136127.1	27.273	81	94	95	77	56	0	2	78	7	83	4.79e-27	99.6
tr|A0A0B7JK74|A0A0B7JK74_9GAMM	GCF_024971755.1_WP_259474826.1	25.641	81	88	96	78	58	0	1	78	6	83	5.67e-27	99.3
tr|A0A0B7JK74|A0A0B7JK74_9GAMM	GCF_008807375.1_WP_151133519.1	27.848	81	90	98	79	57	0	2	80	5	83	5.84e-27	99.3
tr|A0A0B7JK74|A0A0B7JK74_9GAMM	GCF_000019525.1_WP_012323084.1	32.500	81	81	99	80	54	0	1	80	1	80	6.46e-27	99.0
tr|A0A0B7JK74|A0A0B7JK74_9GAMM	GCF_000014765.1_WP_011633385.1	35.443	81	89	98	79	51	0	2	80	5	83	9.61e-27	98.7
tr|A0A0B7JK74|A0A0B7JK74_9GAMM	GCF_001594225.2_WP_064379396.1	28.571	81	92	95	77	55	0	2	78	7	83	1.09e-26	98.7
tr|A0A0B7JK74|A0A0B7JK74_9GAMM	GCF_002849875.1_WP_232379112.1	39.024	81	113	98	82	47	1	2	80	32	113	1.41e-26	99.0
tr|A0A0B7JK74|A0A0B7JK74_9GAMM	GCF_019797925.1_WP_193521737.1	39.506	81	80	100	81	48	1	1	81	1	80	3.19e-26	97.3
tr|A0A0B7JK74|A0A0B7JK74_9GAMM	GCF_000178875.2_WP_012197738.1	25.974	81	90	95	77	57	0	1	77	6	82	3.90e-26	97.3
tr|A0A0B7JK74|A0A0B7JK74_9GAMM	GCF_008632455.1_WP_150048082.1	35.443	81	84	98	79	50	1	2	80	6	83	4.85e-26	97.0
tr|A0A0B7JK74|A0A0B7JK74_9GAMM	GCF_021029445.1_WP_230924827.1	31.169	81	89	95	77	52	1	2	78	7	82	6.26e-26	96.8
tr|A0A0B7JK74|A0A0B7JK74_9GAMM	GCF_017329545.1_WP_047884589.1	28.205	81	95	96	78	56	0	2	79	8	85	6.88e-26	96.8
tr|A0A0B7JK74|A0A0B7JK74_9GAMM	GCF_900682675.2_WP_069898892.1	31.646	81	94	98	79	54	0	2	80	7	85	7.03e-26	96.8
tr|A0A0B7JK74|A0A0B7JK74_9GAMM	GCF_001455205.1_WP_062560013.1	32.500	81	84	99	80	53	1	2	81	6	84	9.52e-26	96.2
tr|A0A0B7JK74|A0A0B7JK74_9GAMM	GCF_005931095.1_WP_017839868.1	33.750	81	84	99	80	52	1	2	81	6	84	2.23e-25	95.4
tr|A0A0B7JK74|A0A0B7JK74_9GAMM	GCF_000968535.2_WP_014147785.1	33.750	81	84	99	80	52	1	2	81	6	84	4.04e-25	94.5
tr|A0A0B7JK74|A0A0B7JK74_9GAMM	GCF_012767755.2_WP_173176508.1	25.316	81	91	98	79	56	1	2	80	7	82	4.24e-25	94.8
tr|A0A0B7JK74|A0A0B7JK74_9GAMM	GCF_019977755.1_WP_126608378.1	37.209	81	103	99	86	48	1	1	80	15	100	7.16e-25	94.2
tr|A0A0B7JK74|A0A0B7JK74_9GAMM	GCF_024746855.1_WP_260492542.1	38.750	81	79	99	80	48	1	1	80	1	79	1.95e-24	92.8
tr|A0A0B7JK74|A0A0B7JK74_9GAMM	GCF_000018285.1_WP_012155987.1	34.653	81	102	99	101	45	1	1	80	1	101	4.99e-24	92.3
tr|A0A0B7JK74|A0A0B7JK74_9GAMM	GCF_003957745.1_WP_126168493.1	24.675	81	87	95	77	58	0	2	78	7	83	8.07e-24	91.4
tr|A0A0B7JK74|A0A0B7JK74_9GAMM	GCF_003568825.1_WP_040644076.1	26.506	81	83	99	83	58	1	1	80	1	83	1.30e-23	90.9
tr|A0A0B7JK74|A0A0B7JK74_9GAMM	GCF_000785705.2_WP_036272019.1	31.646	81	82	98	79	52	2	2	80	6	82	1.42e-23	90.6
tr|A0A0B7JK74|A0A0B7JK74_9GAMM	GCF_017638925.1_WP_208844867.1	39.241	81	81	98	79	47	1	1	79	1	78	2.14e-23	90.0
tr|A0A0B7JK74|A0A0B7JK74_9GAMM	GCF_019703835.1_WP_087020305.1	39.241	81	79	98	79	44	1	2	80	1	75	2.42e-23	90.0
tr|A0A0B7JK74|A0A0B7JK74_9GAMM	GCF_026427595.1_WP_251812951.1	29.762	81	88	99	84	55	2	1	80	4	87	6.28e-23	89.2
tr|A0A0B7JK74|A0A0B7JK74_9GAMM	GCF_014524625.1_WP_009050814.1	31.169	81	92	95	77	53	0	2	78	7	83	6.75e-23	89.2
tr|A0A0B7JK74|A0A0B7JK74_9GAMM	GCF_000147355.1_WP_013326989.1	33.333	81	67	81	66	44	0	15	80	1	66	7.16e-23	88.6
tr|A0A0B7JK74|A0A0B7JK74_9GAMM	GCF_029457395.1_WP_024766443.1	24.691	81	92	95	81	57	1	2	78	7	87	8.16e-23	88.9
tr|A0A0B7JK74|A0A0B7JK74_9GAMM	GCF_017354965.1_WP_207380278.1	21.250	81	87	99	80	63	0	2	81	7	86	1.24e-22	88.3
tr|A0A0B7JK74|A0A0B7JK74_9GAMM	GCF_016834455.1_WP_203325205.1	22.078	81	86	95	77	60	0	2	78	7	83	1.33e-22	88.3
tr|A0A0B7JK74|A0A0B7JK74_9GAMM	GCF_017354925.1_WP_207321174.1	21.250	81	87	99	80	63	0	2	81	7	86	1.39e-22	88.3
tr|A0A0B7JK74|A0A0B7JK74_9GAMM	GCF_019670705.1_WP_100146025.1	20.779	81	92	95	77	61	0	2	78	7	83	2.80e-22	87.5
tr|A0A0B7JK74|A0A0B7JK74_9GAMM	GCF_000015245.1_WP_011761423.1	20.779	81	86	95	77	61	0	2	78	7	83	3.09e-22	87.2
tr|A0A0B7JK74|A0A0B7JK74_9GAMM	GCF_002215585.1_WP_088903590.1	23.077	81	89	96	78	59	1	1	78	6	82	4.33e-22	86.9
tr|A0A0B7JK74|A0A0B7JK74_9GAMM	GCF_009730655.1_WP_156020461.1	20.779	81	92	95	77	61	0	2	78	7	83	6.34e-22	86.6
tr|A0A0B7JK74|A0A0B7JK74_9GAMM	GCF_012971725.1_WP_169940133.1	24.691	81	92	95	81	57	1	2	78	7	87	2.75e-21	85.0
tr|A0A0B7JK74|A0A0B7JK74_9GAMM	GCF_003025345.2_WP_003155955.1	23.529	81	91	99	85	60	1	2	81	7	91	3.22e-21	84.7
tr|A0A0B7JK74|A0A0B7JK74_9GAMM	GCF_002005305.1_WP_077753428.1	25.926	81	86	100	81	60	0	1	81	6	86	4.11e-21	84.4
tr|A0A0B7JK74|A0A0B7JK74_9GAMM	GCF_024346675.1_WP_048897676.1	26.582	81	86	98	79	58	0	2	80	8	86	8.61e-21	83.5
tr|A0A0B7JK74|A0A0B7JK74_9GAMM	GCF_003855395.1_WP_124730567.1	38.554	81	88	98	83	47	2	2	80	4	86	1.15e-20	83.3
tr|A0A0B7JK74|A0A0B7JK74_9GAMM	GCF_000146165.2_WP_164925808.1	22.785	81	89	96	79	60	1	1	78	6	84	3.56e-20	82.1
tr|A0A0B7JK74|A0A0B7JK74_9GAMM	GCF_013423785.1_WP_180308358.1	28.571	81	88	95	77	54	1	2	78	10	85	5.24e-20	81.6
tr|A0A0B7JK74|A0A0B7JK74_9GAMM	GCF_021172065.1_WP_015965827.1	31.818	81	86	81	66	44	1	2	67	10	74	5.40e-20	81.6
tr|A0A0B7JK74|A0A0B7JK74_9GAMM	GCF_020097475.1_WP_000062318.1	30.303	81	86	81	66	45	1	2	67	10	74	1.64e-19	80.4
tr|A0A0B7JK74|A0A0B7JK74_9GAMM	GCF_000014705.1_WP_011637758.1	34.940	81	88	98	83	50	2	2	80	4	86	1.91e-19	80.2
tr|A0A0B7JK74|A0A0B7JK74_9GAMM	GCF_003990335.1_WP_127025819.1	30.137	81	91	90	73	50	1	1	73	5	76	2.58e-19	79.9
tr|A0A0B7JK74|A0A0B7JK74_9GAMM	GCF_001683395.1_WP_017458015.1	28.788	81	86	81	66	46	1	2	67	10	74	2.86e-19	79.6
tr|A0A0B7JK74|A0A0B7JK74_9GAMM	GCF_001461805.1_WP_013367515.1	30.303	81	86	81	66	45	1	2	67	10	74	2.93e-19	79.6
tr|A0A0B7JK74|A0A0B7JK74_9GAMM	GCF_001658025.2_WP_007373243.1	30.303	81	86	81	66	45	1	2	67	10	74	3.52e-19	79.6
tr|A0A0B7JK74|A0A0B7JK74_9GAMM	GCF_002163605.1_WP_157665988.1	30.303	81	86	81	66	45	1	2	67	10	74	3.96e-19	79.3
tr|A0A0B7JK74|A0A0B7JK74_9GAMM	GCF_000014885.1_WP_020912292.1	21.519	81	87	98	79	62	0	2	80	7	85	4.80e-19	79.0
tr|A0A0B7JK74|A0A0B7JK74_9GAMM	GCF_020511155.1_WP_226415657.1	29.762	81	87	99	84	55	2	1	80	4	87	4.88e-19	79.0
tr|A0A0B7JK74|A0A0B7JK74_9GAMM	GCF_009363135.1_WP_090122691.1	31.818	81	86	81	66	44	1	2	67	10	74	5.66e-19	79.0
tr|A0A0B7JK74|A0A0B7JK74_9GAMM	GCF_000788395.1_WP_038641921.1	28.750	81	85	99	80	57	0	2	81	5	84	6.52e-19	78.8
tr|A0A0B7JK74|A0A0B7JK74_9GAMM	GCF_009649915.1_WP_062772223.1	30.303	81	86	81	66	45	1	2	67	10	74	7.30e-19	78.8
tr|A0A0B7JK74|A0A0B7JK74_9GAMM	GCF_000016065.1_WP_011864074.1	20.513	81	93	96	78	61	1	1	78	6	82	7.34e-19	78.8
tr|A0A0B7JK74|A0A0B7JK74_9GAMM	GCF_000006925.2_NP_706134.1	28.788	81	86	81	66	46	1	2	67	10	74	7.60e-19	78.8
tr|A0A0B7JK74|A0A0B7JK74_9GAMM	GCF_001022135.1_WP_039078449.1	30.303	81	86	81	66	45	1	2	67	10	74	7.91e-19	78.5
tr|A0A0B7JK74|A0A0B7JK74_9GAMM	GCF_023195735.1_WP_035891978.1	30.303	81	86	81	66	45	1	2	67	10	74	8.49e-19	78.5
tr|A0A0B7JK74|A0A0B7JK74_9GAMM	GCF_000005845.2_NP_414731.2	28.788	81	84	81	66	46	1	2	67	8	72	9.24e-19	78.5
tr|A0A0B7JK74|A0A0B7JK74_9GAMM	GCF_025758125.1_WP_023480196.1	28.788	81	86	81	66	46	1	2	67	10	74	9.95e-19	78.5
tr|A0A0B7JK74|A0A0B7JK74_9GAMM	GCF_016904755.1_WP_059234959.1	28.788	81	86	81	66	46	1	2	67	10	74	1.09e-18	78.2
tr|A0A0B7JK74|A0A0B7JK74_9GAMM	GCF_009036245.1_WP_025756830.1	28.788	81	86	81	66	46	1	2	67	10	74	1.27e-18	78.2
tr|A0A0B7JK74|A0A0B7JK74_9GAMM	GCF_027886705.1_WP_061497537.1	28.788	81	86	81	66	46	1	2	67	10	74	1.29e-18	77.9
tr|A0A0B7JK74|A0A0B7JK74_9GAMM	GCF_008364325.2_WP_020826409.1	28.571	81	84	95	77	52	1	2	78	7	80	1.45e-18	77.9
tr|A0A0B7JK74|A0A0B7JK74_9GAMM	GCF_015137655.1_WP_028015593.1	28.788	81	86	81	66	46	1	2	67	10	74	1.82e-18	77.6
tr|A0A0B7JK74|A0A0B7JK74_9GAMM	GCF_021278985.1_WP_012904575.1	28.788	81	86	81	66	46	1	2	67	10	74	1.88e-18	77.6
tr|A0A0B7JK74|A0A0B7JK74_9GAMM	GCF_003594935.2_WP_006173581.1	28.788	81	86	81	66	46	1	2	67	10	74	2.19e-18	77.4
tr|A0A0B7JK74|A0A0B7JK74_9GAMM	GCF_008033135.1_WP_148717358.1	23.750	81	87	99	80	60	1	2	81	7	85	2.24e-18	77.4
tr|A0A0B7JK74|A0A0B7JK74_9GAMM	GCF_900638065.1_WP_048212636.1	28.788	81	86	81	66	46	1	2	67	10	74	2.26e-18	77.4
tr|A0A0B7JK74|A0A0B7JK74_9GAMM	GCF_009176645.1_WP_152083529.1	28.788	81	86	81	66	46	1	2	67	10	74	2.56e-18	77.4
tr|A0A0B7JK74|A0A0B7JK74_9GAMM	GCF_004684345.1_WP_135323069.1	28.788	81	86	81	66	46	1	2	67	10	74	2.77e-18	77.1
tr|A0A0B7JK74|A0A0B7JK74_9GAMM	GCF_000439255.1_WP_000062328.1	31.818	81	86	81	66	44	1	2	67	10	74	3.00e-18	77.1
tr|A0A0B7JK74|A0A0B7JK74_9GAMM	GCF_018139045.1_WP_004129134.1	30.303	81	86	81	66	45	1	2	67	10	74	3.05e-18	77.1
tr|A0A0B7JK74|A0A0B7JK74_9GAMM	GCF_019048625.1_WP_023305471.1	28.788	81	86	81	66	46	1	2	67	10	74	3.12e-18	77.1
tr|A0A0B7JK74|A0A0B7JK74_9GAMM	GCF_001729805.1_WP_008501890.1	28.788	81	86	81	66	46	1	2	67	10	74	3.22e-18	77.1
tr|A0A0B7JK74|A0A0B7JK74_9GAMM	GCF_003935895.2_WP_110510858.1	27.273	81	86	81	66	47	1	2	67	10	74	3.33e-18	77.1
tr|A0A0B7JK74|A0A0B7JK74_9GAMM	GCF_003812345.1_WP_003018503.1	28.788	81	86	81	66	46	1	2	67	10	74	3.41e-18	77.1
tr|A0A0B7JK74|A0A0B7JK74_9GAMM	GCF_001518835.1_WP_059308693.1	28.788	81	86	81	66	46	1	2	67	10	74	3.41e-18	77.1
tr|A0A0B7JK74|A0A0B7JK74_9GAMM	GCF_022637595.1_WP_004858152.1	30.303	81	86	81	66	45	1	2	67	10	74	3.44e-18	77.1
tr|A0A0B7JK74|A0A0B7JK74_9GAMM	GCF_006711645.1_WP_100682484.1	30.303	81	86	81	66	45	1	2	67	10	74	3.44e-18	77.1
tr|A0A0B7JK74|A0A0B7JK74_9GAMM	GCF_003812925.1_WP_004107903.1	28.788	81	86	81	66	46	1	2	67	10	74	3.63e-18	76.8
tr|A0A0B7JK74|A0A0B7JK74_9GAMM	GCF_018128425.1_WP_042289833.1	28.788	81	86	81	66	46	1	2	67	10	74	3.66e-18	76.8
tr|A0A0B7JK74|A0A0B7JK74_9GAMM	GCF_007632255.1_WP_015368146.1	28.788	81	86	81	66	46	1	2	67	10	74	3.69e-18	76.8
tr|A0A0B7JK74|A0A0B7JK74_9GAMM	GCF_013234275.1_WP_172895488.1	30.303	81	86	81	66	45	1	2	67	10	74	3.75e-18	76.8
tr|A0A0B7JK74|A0A0B7JK74_9GAMM	GCF_001277175.1_WP_007760020.1	30.303	81	86	81	66	45	1	2	67	10	74	3.90e-18	76.8
tr|A0A0B7JK74|A0A0B7JK74_9GAMM	GCF_025914095.1_WP_031518416.1	27.273	81	86	81	66	47	1	2	67	10	74	4.40e-18	76.8
tr|A0A0B7JK74|A0A0B7JK74_9GAMM	GCF_022637515.1_WP_064539750.1	28.788	81	86	81	66	46	1	2	67	10	74	4.57e-18	76.8
tr|A0A0B7JK74|A0A0B7JK74_9GAMM	GCF_001750725.1_WP_014168720.1	28.788	81	86	81	66	46	1	2	67	10	74	4.68e-18	76.5
tr|A0A0B7JK74|A0A0B7JK74_9GAMM	GCF_001558935.2_WP_042323659.1	28.788	81	86	81	66	46	1	2	67	10	74	5.15e-18	76.5
tr|A0A0B7JK74|A0A0B7JK74_9GAMM	GCF_000224675.1_WP_010426685.1	28.788	81	86	81	66	46	1	2	67	10	74	5.23e-18	76.5
tr|A0A0B7JK74|A0A0B7JK74_9GAMM	GCF_000018045.1_WP_024130681.1	28.788	81	86	81	66	46	1	2	67	10	74	5.67e-18	76.5
tr|A0A0B7JK74|A0A0B7JK74_9GAMM	GCF_003261575.2_WP_110272453.1	30.303	81	86	81	66	45	1	2	67	10	74	6.23e-18	76.2
tr|A0A0B7JK74|A0A0B7JK74_9GAMM	GCF_000006945.2_NP_459242.1	31.818	81	86	81	66	44	1	2	67	10	74	6.23e-18	76.2
tr|A0A0B7JK74|A0A0B7JK74_9GAMM	GCF_011068345.1_WP_002436992.1	28.788	81	86	81	66	46	1	2	67	10	74	7.66e-18	75.9
tr|A0A0B7JK74|A0A0B7JK74_9GAMM	GCF_000520015.2_WP_024910172.1	33.333	81	87	81	66	43	1	2	67	10	74	7.86e-18	75.9
tr|A0A0B7JK74|A0A0B7JK74_9GAMM	GCF_015139575.1_WP_004098776.1	28.788	81	86	81	66	46	1	2	67	10	74	8.43e-18	75.9
tr|A0A0B7JK74|A0A0B7JK74_9GAMM	GCF_004353845.1_WP_103768334.1	27.273	81	86	81	66	47	1	2	67	10	74	8.57e-18	75.9
tr|A0A0B7JK74|A0A0B7JK74_9GAMM	GCF_002393445.1_WP_061273728.1	28.788	81	86	81	66	46	1	2	67	10	74	8.77e-18	75.9
tr|A0A0B7JK74|A0A0B7JK74_9GAMM	GCF_011617105.1_WP_025800203.1	25.758	81	86	81	66	48	1	2	67	10	74	9.20e-18	75.9
tr|A0A0B7JK74|A0A0B7JK74_9GAMM	GCF_000240185.1_YP_005225236.1	28.788	81	86	81	66	46	1	2	67	10	74	1.03e-17	75.7
tr|A0A0B7JK74|A0A0B7JK74_9GAMM	GCF_024224615.1_WP_125293588.1	28.788	81	86	81	66	46	1	2	67	10	74	1.09e-17	75.7
tr|A0A0B7JK74|A0A0B7JK74_9GAMM	GCF_003019925.1_WP_162185254.1	30.303	81	86	81	66	45	1	2	67	10	74	1.40e-17	75.4
tr|A0A0B7JK74|A0A0B7JK74_9GAMM	GCF_013460135.1_WP_180816665.1	28.788	81	88	81	66	46	1	2	67	10	74	1.42e-17	75.4
tr|A0A0B7JK74|A0A0B7JK74_9GAMM	GCF_900635955.1_WP_126357486.1	28.788	81	86	81	66	46	1	2	67	10	74	1.58e-17	75.4
tr|A0A0B7JK74|A0A0B7JK74_9GAMM	GCF_021276285.1_WP_095923198.1	27.273	81	86	81	66	47	1	2	67	10	74	1.58e-17	75.4
tr|A0A0B7JK74|A0A0B7JK74_9GAMM	GCF_012029655.1_WP_041144145.1	28.788	81	86	81	66	46	1	2	67	10	74	1.63e-17	75.4
tr|A0A0B7JK74|A0A0B7JK74_9GAMM	GCF_007197555.1_WP_144048375.1	27.586	81	94	100	87	57	2	1	81	6	92	1.86e-17	75.4
tr|A0A0B7JK74|A0A0B7JK74_9GAMM	GCF_001277215.2_WP_007776988.1	28.788	81	86	81	66	46	1	2	67	10	74	1.91e-17	75.1
tr|A0A0B7JK74|A0A0B7JK74_9GAMM	GCF_016026735.1_WP_015673540.1	33.333	81	87	81	66	43	1	2	67	10	74	1.91e-17	75.1
tr|A0A0B7JK74|A0A0B7JK74_9GAMM	GCF_001642805.2_WP_004931991.1	34.848	81	87	81	66	42	1	2	67	10	74	2.01e-17	75.1
tr|A0A0B7JK74|A0A0B7JK74_9GAMM	GCF_025133195.1_WP_032910235.1	28.788	81	86	81	66	46	1	2	67	10	74	2.10e-17	75.1
tr|A0A0B7JK74|A0A0B7JK74_9GAMM	GCF_009817885.1_WP_105232289.1	33.333	81	87	81	66	43	1	2	67	10	74	2.10e-17	75.1
tr|A0A0B7JK74|A0A0B7JK74_9GAMM	GCF_021733145.1_WP_012847629.1	27.273	81	86	81	66	47	1	2	67	10	74	2.19e-17	74.8
tr|A0A0B7JK74|A0A0B7JK74_9GAMM	GCF_001277195.1_WP_032966924.1	28.788	81	86	81	66	46	1	2	67	10	74	2.19e-17	74.8
tr|A0A0B7JK74|A0A0B7JK74_9GAMM	GCF_022637475.1_WP_013574214.1	25.758	81	86	81	66	48	1	2	67	10	74	2.29e-17	74.8
tr|A0A0B7JK74|A0A0B7JK74_9GAMM	GCF_001277255.1_WP_007666633.1	28.788	81	86	81	66	46	1	2	67	10	74	2.33e-17	74.8
tr|A0A0B7JK74|A0A0B7JK74_9GAMM	GCF_000264765.2_WP_034163237.1	25.316	81	86	98	79	54	2	2	80	10	83	2.46e-17	74.8
tr|A0A0B7JK74|A0A0B7JK74_9GAMM	GCF_000834395.1_WP_042546713.1	28.788	81	86	81	66	46	1	2	67	10	74	2.48e-17	74.8
tr|A0A0B7JK74|A0A0B7JK74_9GAMM	GCF_004768525.1_WP_026822068.1	28.788	81	88	81	66	46	1	2	67	10	74	2.61e-17	74.8
tr|A0A0B7JK74|A0A0B7JK74_9GAMM	GCF_021462285.1_WP_234585968.1	33.333	81	87	81	66	43	1	2	67	10	74	2.78e-17	74.5
tr|A0A0B7JK74|A0A0B7JK74_9GAMM	GCF_020150375.1_WP_004094310.1	25.758	81	86	81	66	48	1	2	67	10	74	3.00e-17	74.5
tr|A0A0B7JK74|A0A0B7JK74_9GAMM	GCF_004124235.1_WP_025377303.1	28.788	81	86	81	66	46	1	2	67	10	74	3.36e-17	74.5
tr|A0A0B7JK74|A0A0B7JK74_9GAMM	GCF_009648935.1_WP_047417117.1	27.273	81	86	81	66	47	1	2	67	10	74	3.90e-17	74.3
tr|A0A0B7JK74|A0A0B7JK74_9GAMM	GCF_000222975.1_WP_002218374.1	28.788	81	86	81	66	46	1	2	67	10	74	4.54e-17	74.0
tr|A0A0B7JK74|A0A0B7JK74_9GAMM	GCF_013282725.1_WP_032813813.1	27.273	81	86	81	66	47	1	2	67	10	74	5.41e-17	74.0
tr|A0A0B7JK74|A0A0B7JK74_9GAMM	GCF_023650495.1_WP_250655372.1	28.235	81	88	100	85	57	2	1	81	4	88	5.82e-17	74.0
tr|A0A0B7JK74|A0A0B7JK74_9GAMM	GCF_020268605.1_WP_180560445.1	28.788	81	88	81	66	46	1	2	67	10	74	6.25e-17	73.7
tr|A0A0B7JK74|A0A0B7JK74_9GAMM	GCF_000196475.1_WP_012776850.1	26.250	81	88	99	80	54	2	2	81	10	84	7.57e-17	73.7
tr|A0A0B7JK74|A0A0B7JK74_9GAMM	GCF_900187015.1_WP_061796701.1	31.818	81	87	81	66	44	1	2	67	10	74	7.99e-17	73.4
tr|A0A0B7JK74|A0A0B7JK74_9GAMM	GCF_011045835.1_WP_075671674.1	30.000	81	86	99	80	51	2	2	81	10	84	9.65e-17	73.4
tr|A0A0B7JK74|A0A0B7JK74_9GAMM	GCF_009730055.1_WP_032906500.1	28.788	81	86	81	66	46	1	2	67	10	74	9.73e-17	73.1
tr|A0A0B7JK74|A0A0B7JK74_9GAMM	GCF_000834455.1_WP_032817050.1	28.788	81	86	81	66	46	1	2	67	10	74	9.96e-17	73.1
tr|A0A0B7JK74|A0A0B7JK74_9GAMM	GCF_022369495.1_WP_072064250.1	30.000	81	86	99	80	51	2	2	81	10	84	1.01e-16	73.1
tr|A0A0B7JK74|A0A0B7JK74_9GAMM	GCF_006385555.1_WP_140234395.1	28.395	81	87	95	81	54	2	2	78	4	84	1.24e-16	73.1
tr|A0A0B7JK74|A0A0B7JK74_9GAMM	GCF_000233595.1_WP_013024706.1	24.242	81	86	81	66	49	1	2	67	10	74	1.37e-16	72.9
tr|A0A0B7JK74|A0A0B7JK74_9GAMM	GCF_017498685.1_WP_038245151.1	27.273	81	86	81	66	47	1	2	67	10	74	1.52e-16	72.9
tr|A0A0B7JK74|A0A0B7JK74_9GAMM	GCF_002393505.1_WP_006658392.1	31.818	81	87	81	66	44	1	2	67	10	74	2.24e-16	72.3
tr|A0A0B7JK74|A0A0B7JK74_9GAMM	GCF_000262305.1_WP_002441069.1	28.788	81	86	81	66	46	1	2	67	10	74	2.35e-16	72.3
tr|A0A0B7JK74|A0A0B7JK74_9GAMM	GCF_000026185.1_WP_012440659.1	26.154	81	87	80	65	47	1	2	66	10	73	4.00e-16	71.7
tr|A0A0B7JK74|A0A0B7JK74_9GAMM	GCF_019844095.1_WP_062747070.1	25.758	81	88	81	66	48	1	2	67	11	75	4.07e-16	71.7
tr|A0A0B7JK74|A0A0B7JK74_9GAMM	GCF_902387845.1_WP_004237241.1	27.273	81	88	81	66	47	1	2	67	10	74	4.14e-16	71.7
tr|A0A0B7JK74|A0A0B7JK74_9GAMM	GCF_002504285.1_WP_005282992.1	24.242	81	86	81	66	49	1	2	67	10	74	4.61e-16	71.4
tr|A0A0B7JK74|A0A0B7JK74_9GAMM	GCF_003074995.2_WP_015870269.1	27.273	81	86	81	66	47	1	2	67	10	74	5.16e-16	71.4
tr|A0A0B7JK74|A0A0B7JK74_9GAMM	GCF_020683125.1_WP_133842177.1	25.758	81	88	81	66	48	1	2	67	11	75	5.92e-16	71.4
tr|A0A0B7JK74|A0A0B7JK74_9GAMM	GCF_019890955.1_WP_211725887.1	24.242	81	87	81	66	49	1	2	67	10	74	8.38e-16	70.9
tr|A0A0B7JK74|A0A0B7JK74_9GAMM	GCF_003096015.2_WP_230514010.1	27.273	81	88	81	66	47	1	2	67	11	75	8.39e-16	70.9
tr|A0A0B7JK74|A0A0B7JK74_9GAMM	GCF_011044475.1_WP_033740322.1	24.242	81	86	81	66	49	1	2	67	10	74	9.43e-16	70.9
tr|A0A0B7JK74|A0A0B7JK74_9GAMM	GCF_002291425.1_WP_095847471.1	31.818	81	87	81	66	44	1	2	67	10	74	1.04e-15	70.6
tr|A0A0B7JK74|A0A0B7JK74_9GAMM	GCF_019797845.1_WP_222158377.1	23.377	81	86	95	77	54	2	2	78	10	81	1.05e-15	70.6
tr|A0A0B7JK74|A0A0B7JK74_9GAMM	GCF_000196615.1_WP_013200864.1	24.242	81	87	81	66	49	1	2	67	10	74	1.10e-15	70.6
tr|A0A0B7JK74|A0A0B7JK74_9GAMM	GCF_029277985.1_WP_154623766.1	25.758	81	87	81	66	48	1	2	67	10	74	1.12e-15	70.6
tr|A0A0B7JK74|A0A0B7JK74_9GAMM	GCF_020079945.1_WP_039382769.1	24.242	81	87	81	66	49	1	2	67	10	74	1.29e-15	70.3
tr|A0A0B7JK74|A0A0B7JK74_9GAMM	GCF_004792415.1_WP_013356856.1	24.242	81	86	81	66	49	1	2	67	10	74	1.30e-15	70.3
tr|A0A0B7JK74|A0A0B7JK74_9GAMM	GCF_000968195.1_WP_045972480.1	26.250	81	87	99	80	54	2	2	81	11	85	1.31e-15	70.3
tr|A0A0B7JK74|A0A0B7JK74_9GAMM	GCF_900095885.1_WP_035340381.1	28.788	81	86	81	66	46	1	2	67	10	74	1.54e-15	70.3
tr|A0A0B7JK74|A0A0B7JK74_9GAMM	GCF_016026395.1_WP_024524235.1	25.758	81	86	81	66	48	1	2	67	10	74	1.91e-15	70.0
tr|A0A0B7JK74|A0A0B7JK74_9GAMM	GCF_022647505.1_WP_128179458.1	20.513	81	87	96	78	57	2	2	79	10	82	2.16e-15	69.8
tr|A0A0B7JK74|A0A0B7JK74_9GAMM	GCF_000010085.1_WP_011411656.1	28.788	81	86	81	66	46	1	2	67	10	74	2.28e-15	69.8
tr|A0A0B7JK74|A0A0B7JK74_9GAMM	GCF_000517425.1_WP_025421126.1	28.788	81	86	81	66	46	1	2	67	10	74	2.31e-15	69.8
tr|A0A0B7JK74|A0A0B7JK74_9GAMM	GCF_004295645.1_WP_228350951.1	25.758	81	88	81	66	48	1	2	67	11	75	2.36e-15	69.8
tr|A0A0B7JK74|A0A0B7JK74_9GAMM	GCF_000069965.1_WP_004245453.1	26.250	81	86	99	80	54	2	2	81	10	84	2.37e-15	69.8
tr|A0A0B7JK74|A0A0B7JK74_9GAMM	GCF_900475855.1_WP_068441311.1	25.758	81	87	81	66	48	1	2	67	10	74	2.41e-15	69.8
tr|A0A0B7JK74|A0A0B7JK74_9GAMM	GCF_004116975.1_WP_064720954.1	26.250	81	86	99	80	54	2	2	81	10	84	2.48e-15	69.8
tr|A0A0B7JK74|A0A0B7JK74_9GAMM	GCF_003204135.1_WP_004908806.1	28.788	81	87	81	66	46	1	2	67	10	74	2.53e-15	69.8
tr|A0A0B7JK74|A0A0B7JK74_9GAMM	GCF_001677435.1_WP_068615618.1	21.739	81	90	85	69	53	1	2	70	9	76	2.62e-15	69.8
tr|A0A0B7JK74|A0A0B7JK74_9GAMM	GCF_001010285.1_WP_046974061.1	25.758	81	88	81	66	48	1	2	67	10	74	2.70e-15	69.8
tr|A0A0B7JK74|A0A0B7JK74_9GAMM	GCF_019090985.1_WP_036781226.1	25.000	81	88	99	80	55	2	2	81	10	84	2.74e-15	69.5
tr|A0A0B7JK74|A0A0B7JK74_9GAMM	GCF_002843235.3_WP_102139922.1	28.788	81	87	81	66	46	1	2	67	10	74	3.42e-15	69.5
tr|A0A0B7JK74|A0A0B7JK74_9GAMM	GCF_000025065.1_WP_012883679.1	27.273	81	86	81	66	47	1	2	67	10	74	3.64e-15	69.2
tr|A0A0B7JK74|A0A0B7JK74_9GAMM	GCF_002953195.1_WP_038628016.1	22.727	81	87	81	66	50	1	2	67	10	74	3.64e-15	69.2
tr|A0A0B7JK74|A0A0B7JK74_9GAMM	GCF_900638655.1_WP_047781753.1	25.758	81	88	81	66	48	1	2	67	11	75	3.88e-15	69.2
tr|A0A0B7JK74|A0A0B7JK74_9GAMM	GCF_900478135.1_WP_111739359.1	25.758	81	88	81	66	48	1	2	67	11	75	3.95e-15	69.2
tr|A0A0B7JK74|A0A0B7JK74_9GAMM	GCF_002101395.1_WP_085067900.1	22.727	81	87	81	66	50	1	2	67	10	74	5.37e-15	68.9
tr|A0A0B7JK74|A0A0B7JK74_9GAMM	GCF_000091565.1_WP_004159420.1	24.242	81	87	81	66	49	1	2	67	10	74	5.37e-15	68.9
tr|A0A0B7JK74|A0A0B7JK74_9GAMM	GCF_002215215.1_WP_088918776.1	23.750	81	101	99	80	60	1	2	81	20	98	5.49e-15	69.2
tr|A0A0B7JK74|A0A0B7JK74_9GAMM	GCF_020991025.1_WP_152109250.1	28.788	81	83	81	66	47	0	2	67	8	73	5.79e-15	68.6
tr|A0A0B7JK74|A0A0B7JK74_9GAMM	GCF_019048385.1_WP_062759648.1	24.242	81	86	81	66	49	1	2	67	10	74	5.90e-15	68.6
tr|A0A0B7JK74|A0A0B7JK74_9GAMM	GCF_007858975.2_WP_042869176.1	25.758	81	86	81	66	48	1	2	67	10	74	6.54e-15	68.6
tr|A0A0B7JK74|A0A0B7JK74_9GAMM	GCF_001444405.1_WP_058032142.1	30.882	81	87	84	68	47	0	1	68	1	68	7.26e-15	68.6
tr|A0A0B7JK74|A0A0B7JK74_9GAMM	GCF_003515985.1_WP_085653101.1	25.758	81	86	81	66	48	1	2	67	10	74	7.49e-15	68.4
tr|A0A0B7JK74|A0A0B7JK74_9GAMM	GCF_020342335.1_WP_067428135.1	24.242	81	87	81	66	49	1	2	67	10	74	7.56e-15	68.4
tr|A0A0B7JK74|A0A0B7JK74_9GAMM	GCF_000196155.1_WP_011145066.1	25.758	81	88	81	66	48	1	2	67	10	74	8.00e-15	68.4
tr|A0A0B7JK74|A0A0B7JK74_9GAMM	GCF_009831665.3_WP_006709226.1	25.758	81	87	81	66	48	1	2	67	10	74	9.29e-15	68.4
tr|A0A0B7JK74|A0A0B7JK74_9GAMM	GCF_009646115.1_WP_008925644.1	24.242	81	86	81	66	49	1	2	67	10	74	9.35e-15	68.4
tr|A0A0B7JK74|A0A0B7JK74_9GAMM	GCF_000214235.1_WP_004952197.1	24.242	81	85	81	66	49	1	2	67	8	72	1.04e-14	68.1
tr|A0A0B7JK74|A0A0B7JK74_9GAMM	GCF_001006005.1_WP_223499701.1	25.758	81	85	81	66	48	1	2	67	8	72	1.09e-14	68.1
tr|A0A0B7JK74|A0A0B7JK74_9GAMM	GCF_024347675.1_WP_261833361.1	38.636	81	54	54	44	27	0	1	44	1	44	1.13e-14	67.5
tr|A0A0B7JK74|A0A0B7JK74_9GAMM	GCF_023517775.1_WP_249893541.1	22.727	81	87	81	66	50	1	2	67	10	74	1.23e-14	68.1
tr|A0A0B7JK74|A0A0B7JK74_9GAMM	GCF_000023565.1_WP_012770818.1	25.758	81	86	81	66	48	1	2	67	10	74	1.68e-14	67.5
tr|A0A0B7JK74|A0A0B7JK74_9GAMM	GCF_008364325.2_WP_230090436.1	24.242	81	85	81	66	49	1	2	67	8	72	1.83e-14	67.5
tr|A0A0B7JK74|A0A0B7JK74_9GAMM	GCF_015999465.1_WP_085688159.1	24.242	81	86	81	66	49	1	2	67	10	74	1.84e-14	67.5
tr|A0A0B7JK74|A0A0B7JK74_9GAMM	GCF_017742995.1_WP_247749573.1	37.209	81	48	53	43	27	0	1	43	1	43	1.96e-14	66.7
tr|A0A0B7JK74|A0A0B7JK74_9GAMM	GCF_012427845.1_WP_012773648.1	22.727	81	86	81	66	50	1	2	67	10	74	2.10e-14	67.2
tr|A0A0B7JK74|A0A0B7JK74_9GAMM	GCF_000261045.2_WP_006318653.1	24.242	81	87	81	66	49	1	2	67	10	74	2.12e-14	67.2
tr|A0A0B7JK74|A0A0B7JK74_9GAMM	GCF_900638135.1_WP_012146468.1	24.242	81	87	81	66	49	1	2	67	10	74	2.28e-14	67.2
tr|A0A0B7JK74|A0A0B7JK74_9GAMM	GCF_022647325.1_WP_111140597.1	24.242	81	86	81	66	49	1	2	67	10	74	2.71e-14	66.9
tr|A0A0B7JK74|A0A0B7JK74_9GAMM	GCF_005671395.1_WP_138095872.1	22.727	81	86	81	66	50	1	2	67	10	74	2.73e-14	66.9
tr|A0A0B7JK74|A0A0B7JK74_9GAMM	GCF_002288545.1_WP_029367608.1	22.727	81	86	81	66	50	1	2	67	10	74	2.80e-14	66.9
tr|A0A0B7JK74|A0A0B7JK74_9GAMM	GCF_005484945.1_WP_137712817.1	22.727	81	86	81	66	50	1	2	67	10	74	3.10e-14	66.9
tr|A0A0B7JK74|A0A0B7JK74_9GAMM	GCF_000013765.1_WP_011496543.1	22.892	81	106	98	83	60	2	2	80	23	105	3.15e-14	67.2
tr|A0A0B7JK74|A0A0B7JK74_9GAMM	GCF_000968175.1_WP_045959360.1	26.250	81	88	99	80	54	2	2	81	11	85	3.16e-14	66.9
tr|A0A0B7JK74|A0A0B7JK74_9GAMM	GCF_009873295.1_WP_039312412.1	22.727	81	86	81	66	50	1	2	67	10	74	3.41e-14	66.7
tr|A0A0B7JK74|A0A0B7JK74_9GAMM	GCF_004358345.1_WP_121852852.1	27.941	81	76	84	68	49	0	2	69	8	75	3.72e-14	66.4
tr|A0A0B7JK74|A0A0B7JK74_9GAMM	GCF_009914055.1_WP_160619715.1	24.242	81	87	81	66	49	1	2	67	10	74	3.82e-14	66.7
tr|A0A0B7JK74|A0A0B7JK74_9GAMM	GCF_002812485.1_WP_038661467.1	25.758	81	86	81	66	48	1	2	67	10	74	3.87e-14	66.7
tr|A0A0B7JK74|A0A0B7JK74_9GAMM	GCF_009931295.1_WP_161528353.1	22.727	81	86	81	66	50	1	2	67	10	74	6.49e-14	66.1
tr|A0A0B7JK74|A0A0B7JK74_9GAMM	GCF_003063625.1_WP_108601906.1	30.137	81	85	90	73	49	2	1	73	4	74	7.13e-14	65.8
tr|A0A0B7JK74|A0A0B7JK74_9GAMM	GCF_000740965.1_WP_011092648.1	22.727	81	86	81	66	50	1	2	67	10	74	7.19e-14	65.8
tr|A0A0B7JK74|A0A0B7JK74_9GAMM	GCF_000517405.1_WP_038469034.1	27.273	81	83	81	66	47	1	2	67	7	71	8.27e-14	65.8
tr|A0A0B7JK74|A0A0B7JK74_9GAMM	GCF_002291445.1_WP_048635886.1	24.242	81	86	81	66	49	1	2	67	10	74	8.50e-14	65.8
tr|A0A0B7JK74|A0A0B7JK74_9GAMM	GCF_017569925.1_WP_208228065.1	24.242	81	86	81	66	49	1	2	67	10	74	8.84e-14	65.8
tr|A0A0B7JK74|A0A0B7JK74_9GAMM	GCF_001742185.1_WP_005975933.1	22.727	81	86	81	66	50	1	2	67	10	74	9.06e-14	65.8
tr|A0A0B7JK74|A0A0B7JK74_9GAMM	GCF_000147055.1_WP_022632468.1	25.758	81	86	81	66	48	1	2	67	10	74	9.27e-14	65.5
tr|A0A0B7JK74|A0A0B7JK74_9GAMM	GCF_003992745.1_WP_014700896.1	22.727	81	86	81	66	50	1	2	67	10	74	9.80e-14	65.5
tr|A0A0B7JK74|A0A0B7JK74_9GAMM	GCF_022592395.1_WP_047255099.1	24.242	81	87	81	66	49	1	2	67	10	74	1.06e-13	65.5
tr|A0A0B7JK74|A0A0B7JK74_9GAMM	GCF_003403135.1_WP_024104894.1	25.758	81	86	81	66	48	1	2	67	10	74	1.08e-13	65.5
tr|A0A0B7JK74|A0A0B7JK74_9GAMM	GCF_020181655.1_WP_225087160.1	21.212	81	86	81	66	51	1	2	67	10	74	1.18e-13	65.5
tr|A0A0B7JK74|A0A0B7JK74_9GAMM	GCF_000023545.1_WP_015854637.1	22.727	81	86	81	66	50	1	2	67	10	74	1.21e-13	65.3
tr|A0A0B7JK74|A0A0B7JK74_9GAMM	GCF_000940995.1_WP_082060442.1	21.429	81	93	86	70	55	0	10	79	16	85	1.68e-13	65.3
tr|A0A0B7JK74|A0A0B7JK74_9GAMM	GCF_017743015.1_WP_209027287.1	22.500	81	88	99	80	57	2	2	81	10	84	2.12e-13	64.7
tr|A0A0B7JK74|A0A0B7JK74_9GAMM	GCF_014295015.1_WP_013185414.1	21.250	81	87	99	80	58	2	2	81	11	85	3.58e-13	64.1
tr|A0A0B7JK74|A0A0B7JK74_9GAMM	GCF_020541225.1_WP_226811316.1	27.273	81	86	81	66	47	1	2	67	10	74	3.60e-13	64.1
tr|A0A0B7JK74|A0A0B7JK74_9GAMM	GCF_000012325.1_WP_011045621.1	30.882	81	84	84	68	46	1	2	69	5	71	5.10e-13	63.9
tr|A0A0B7JK74|A0A0B7JK74_9GAMM	GCF_025946765.1_WP_264497926.1	24.242	81	86	81	66	49	1	2	67	10	74	5.85e-13	63.6
tr|A0A0B7JK74|A0A0B7JK74_9GAMM	GCF_005484965.1_WP_009114129.1	21.212	81	86	81	66	51	1	2	67	10	74	7.30e-13	63.3
tr|A0A0B7JK74|A0A0B7JK74_9GAMM	GCF_002952315.1_WP_012667243.1	19.697	81	87	81	66	52	1	2	67	10	74	8.04e-13	63.3
tr|A0A0B7JK74|A0A0B7JK74_9GAMM	GCF_021365465.1_WP_016190321.1	22.727	81	87	81	66	50	1	2	67	10	74	8.17e-13	63.3
tr|A0A0B7JK74|A0A0B7JK74_9GAMM	GCF_001721185.1_WP_069317984.1	22.500	81	87	99	80	57	2	2	81	10	84	8.99e-13	63.3
tr|A0A0B7JK74|A0A0B7JK74_9GAMM	GCF_003515105.1_WP_036973086.1	23.881	81	73	83	67	51	0	2	68	6	72	1.01e-12	62.7
tr|A0A0B7JK74|A0A0B7JK74_9GAMM	GCF_019047765.1_WP_040230035.1	28.571	81	86	95	77	50	2	2	78	10	81	1.03e-12	63.0
tr|A0A0B7JK74|A0A0B7JK74_9GAMM	GCF_017348915.1_WP_040077077.1	30.303	81	86	81	66	45	1	2	67	10	74	2.93e-12	61.9
tr|A0A0B7JK74|A0A0B7JK74_9GAMM	GCF_019931735.1_WP_223417223.1	23.171	81	87	96	82	59	2	1	78	3	84	3.78e-12	61.6
tr|A0A0B7JK74|A0A0B7JK74_9GAMM	GCF_000006765.1_NP_249630.1	28.235	81	108	99	85	56	1	2	81	7	91	4.00e-12	61.9
tr|A0A0B7JK74|A0A0B7JK74_9GAMM	GCF_002157225.2_WP_086934278.1	29.167	81	80	89	72	50	1	1	72	4	74	1.43e-11	59.9
tr|A0A0B7JK74|A0A0B7JK74_9GAMM	GCF_002218045.2_WP_089137819.1	24.638	81	79	81	69	49	1	2	67	9	77	7.14e-10	55.7
tr|A0A0B7JK74|A0A0B7JK74_9GAMM	GCF_015209785.1_WP_193988300.1	21.875	81	73	79	64	50	0	2	65	6	69	1.09e-09	55.1
tr|A0A0B7JK74|A0A0B7JK74_9GAMM	GCF_000238255.3_WP_010559905.1	23.529	81	86	84	68	52	0	2	69	5	72	1.38e-09	55.1
tr|A0A0B7JK74|A0A0B7JK74_9GAMM	GCF_020405345.1_WP_017780573.1	30.303	81	89	81	66	42	2	2	67	7	68	3.35e-08	51.5
tr|A0A0B7JK74|A0A0B7JK74_9GAMM	GCF_021654855.1_WP_237262080.1	28.986	81	70	80	69	44	2	2	66	3	70	1.04e-07	50.1
tr|A0A0B7JK74|A0A0B7JK74_9GAMM	GCF_003966655.1_WP_113527441.1	24.242	81	77	81	66	49	1	2	67	8	72	2.49e-07	49.2
tr|A0A0B7JK74|A0A0B7JK74_9GAMM	GCF_016026875.1_WP_045525981.1	23.077	81	89	80	65	46	1	2	66	7	67	5.76e-07	48.4
tr|A0A0B7JK74|A0A0B7JK74_9GAMM	GCF_013462805.1_WP_009566961.1	25.758	81	77	81	66	48	1	2	67	8	72	5.82e-07	48.1
tr|A0A0B7JK74|A0A0B7JK74_9GAMM	GCF_009662475.1_WP_031573754.1	25.758	81	79	81	66	48	1	2	67	8	72	8.86e-07	47.8
tr|A0A0B7JK74|A0A0B7JK74_9GAMM	GCF_000026085.1_WP_041454550.1	20.896	81	73	81	67	51	2	2	67	6	71	2.16e-06	46.7
tr|A0A0B7JK74|A0A0B7JK74_9GAMM	GCF_008693705.1_WP_127008315.1	21.212	81	84	81	66	48	1	2	67	7	68	2.36e-06	46.7
tr|A0A0B7JK74|A0A0B7JK74_9GAMM	GCF_020844025.1_WP_215848879.1	25.758	81	77	81	66	48	1	2	67	8	72	3.05e-06	46.4
tr|A0A0B7JK74|A0A0B7JK74_9GAMM	GCF_028355655.1_WP_087756847.1	21.212	81	84	81	66	48	1	2	67	7	68	3.12e-06	46.4
tr|A0A0B7JK74|A0A0B7JK74_9GAMM	GCF_020423125.1_WP_226170850.1	19.697	81	84	81	66	49	1	2	67	7	68	5.83e-06	45.8
tr|A0A0B7JK74|A0A0B7JK74_9GAMM	GCF_020149575.1_WP_224431657.1	25.000	81	85	99	80	55	3	2	81	7	81	1.03e-05	45.0
tr|A0A0B7JK74|A0A0B7JK74_9GAMM	GCF_004028275.1_WP_128384077.1	24.324	81	77	86	74	51	3	2	71	3	75	1.49e-05	44.4
tr|A0A0B7JK74|A0A0B7JK74_9GAMM	GCF_900637545.1_WP_042651794.1	25.397	81	84	78	63	46	1	2	64	7	68	2.04e-05	44.4
tr|A0A0B7JK74|A0A0B7JK74_9GAMM	GCF_016127195.1_WP_042032742.1	25.758	81	89	81	66	45	2	2	67	7	68	2.15e-05	44.4
tr|A0A0B7JK74|A0A0B7JK74_9GAMM	GCF_003015165.1_WP_106887831.1	22.727	81	84	81	66	47	2	2	67	7	68	4.00e-05	43.6
tr|A0A0B7JK74|A0A0B7JK74_9GAMM	GCF_001651805.1_WP_067384150.1	20.588	81	78	79	68	50	2	2	65	7	74	6.61e-05	43.0
tr|A0A0B7JK74|A0A0B7JK74_9GAMM	GCF_016026615.1_WP_197928313.1	19.697	81	89	81	66	49	1	2	67	7	68	7.10e-05	43.0
tr|A0A0B7JK74|A0A0B7JK74_9GAMM	GCF_014169735.1_WP_134997272.1	18.182	81	86	81	66	50	1	2	67	7	68	2.14e-04	41.9
tr|A0A0B7JK74|A0A0B7JK74_9GAMM	GCF_024347195.1_WP_271272618.1	25.373	81	77	79	67	47	2	2	65	7	73	4.68e-04	40.8
tr|A0A0B7JK74|A0A0B7JK74_9GAMM	GCF_013282625.1_WP_173286717.1	19.118	81	67	84	68	51	1	2	69	3	66	5.92e-04	40.2
tr|A0A0B7JK74|A0A0B7JK74_9GAMM	GCF_009938015.1_WP_223264517.1	18.571	81	90	81	70	53	2	2	67	10	79	6.00e-04	40.8
tr|A0A0B7JK74|A0A0B7JK74_9GAMM	GCF_001020955.1_WP_047250467.1	19.718	81	82	84	71	54	1	2	69	10	80	6.24e-04	40.5
tr|A0A0B7JK74|A0A0B7JK74_9GAMM	GCF_024347215.1_WP_261843265.1	22.388	81	77	79	67	49	2	2	65	7	73	0.005	38.3
tr|A0A0B7JK74|A0A0B7JK74_9GAMM	GCF_000801295.1_WP_171816254.1	19.118	81	99	80	68	51	3	2	66	10	76	0.006	38.3
tr|A0A0B7JK74|A0A0B7JK74_9GAMM	GCF_024347255.1_WP_091360415.1	25.000	81	79	79	68	47	2	2	65	7	74	0.006	38.0
tr|A0A0B7JK74|A0A0B7JK74_9GAMM	GCF_003967195.1_WP_172597571.1	22.973	81	83	86	74	53	1	2	71	9	82	0.007	38.0
# PSIBLAST 2.13.0+
# Iteration: 3
# Query: tr|A0A0B7JK74|A0A0B7JK74_9GAMM Modulator of Rho-dependent transcription termination family protein OS=Photobacterium kishitanii OX=318456 GN=C0W70_11190 PE=4 SV=1
# Database: db/chosen-bacteria_proteome_exDup
# Fields: query id, subject id, % identity, query length, subject length, % query coverage per subject, alignment length, mismatches, gap opens, q. start, q. end, s. start, s. end, evalue, bit score
# 379 hits found
tr|A0A0B7JK74|A0A0B7JK74_9GAMM	GCF_024347355.1_WP_105024956.1	46.914	81	83	100	81	43	0	1	81	1	81	1.94e-33	115
tr|A0A0B7JK74|A0A0B7JK74_9GAMM	GCF_024347475.1_WP_239840920.1	44.444	81	83	100	81	45	0	1	81	1	81	5.12e-33	114
tr|A0A0B7JK74|A0A0B7JK74_9GAMM	GCF_009938225.1_WP_075649723.1	40.741	81	82	100	81	48	0	1	81	1	81	2.65e-32	112
tr|A0A0B7JK74|A0A0B7JK74_9GAMM	GCF_022371215.1_WP_239718047.1	44.444	81	83	100	81	45	0	1	81	1	81	3.77e-32	112
tr|A0A0B7JK74|A0A0B7JK74_9GAMM	GCF_014905115.1_WP_193151849.1	45.000	81	81	99	80	44	0	1	80	1	80	5.28e-32	112
tr|A0A0B7JK74|A0A0B7JK74_9GAMM	GCF_008693605.1_WP_223849061.1	35.000	81	95	99	80	52	0	2	81	11	90	6.11e-32	112
tr|A0A0B7JK74|A0A0B7JK74_9GAMM	GCF_002204915.1_WP_052690899.1	39.506	81	101	100	81	49	0	1	81	20	100	6.68e-32	112
tr|A0A0B7JK74|A0A0B7JK74_9GAMM	GCF_024347595.1_WP_176681244.1	44.444	81	83	100	81	45	0	1	81	1	81	1.38e-31	110
tr|A0A0B7JK74|A0A0B7JK74_9GAMM	GCF_009938185.1_WP_162048373.1	44.444	81	82	100	81	45	0	1	81	1	81	1.49e-31	110
tr|A0A0B7JK74|A0A0B7JK74_9GAMM	GCF_004353845.1_WP_103770713.1	35.000	81	93	99	80	52	0	2	81	10	89	1.65e-31	110
tr|A0A0B7JK74|A0A0B7JK74_9GAMM	GCF_024347635.1_WP_139683960.1	48.148	81	83	100	81	42	0	1	81	1	81	2.97e-31	110
tr|A0A0B7JK74|A0A0B7JK74_9GAMM	GCF_025402875.1_WP_011791024.1	27.500	81	90	99	80	58	0	1	80	6	85	3.54e-31	110
tr|A0A0B7JK74|A0A0B7JK74_9GAMM	GCF_024347455.1_WP_135458404.1	49.383	81	83	100	81	41	0	1	81	1	81	3.78e-31	109
tr|A0A0B7JK74|A0A0B7JK74_9GAMM	GCF_003812345.1_WP_121571778.1	35.000	81	94	99	80	52	0	2	81	10	89	4.69e-31	109
tr|A0A0B7JK74|A0A0B7JK74_9GAMM	GCF_001995825.2_WP_017057338.1	49.383	81	83	100	81	41	0	1	81	1	81	5.94e-31	109
tr|A0A0B7JK74|A0A0B7JK74_9GAMM	GCF_000091465.1_WP_004733849.1	49.383	81	83	100	81	41	0	1	81	1	81	6.13e-31	109
tr|A0A0B7JK74|A0A0B7JK74_9GAMM	GCF_001558415.2_WP_061055374.1	45.679	81	83	100	81	44	0	1	81	1	81	7.66e-31	109
tr|A0A0B7JK74|A0A0B7JK74_9GAMM	GCF_014879975.1_WP_192888672.1	45.679	81	83	100	81	44	0	1	81	1	81	1.33e-30	108
tr|A0A0B7JK74|A0A0B7JK74_9GAMM	GCF_009068765.1_WP_151900329.1	47.500	81	81	99	80	42	0	1	80	1	80	1.50e-30	108
tr|A0A0B7JK74|A0A0B7JK74_9GAMM	GCF_001597285.1_WP_061903727.1	31.646	81	92	98	79	54	0	2	80	7	85	1.84e-30	108
tr|A0A0B7JK74|A0A0B7JK74_9GAMM	GCF_008369605.1_WP_000253074.1	45.679	81	81	100	81	44	0	1	81	1	81	2.20e-30	107
tr|A0A0B7JK74|A0A0B7JK74_9GAMM	GCF_019670125.1_WP_221076876.1	42.500	81	81	99	80	46	0	1	80	1	80	2.47e-30	107
tr|A0A0B7JK74|A0A0B7JK74_9GAMM	GCF_002407485.1_WP_096780111.1	46.250	81	81	99	80	43	0	1	80	1	80	3.07e-30	107
tr|A0A0B7JK74|A0A0B7JK74_9GAMM	GCF_001831495.1_WP_068547707.1	50.617	81	81	100	81	40	0	1	81	1	81	3.32e-30	107
tr|A0A0B7JK74|A0A0B7JK74_9GAMM	GCF_024582835.1_WP_257083279.1	45.000	81	87	99	80	44	0	1	80	1	80	4.40e-30	107
tr|A0A0B7JK74|A0A0B7JK74_9GAMM	GCF_001558255.2_WP_005504861.1	45.679	81	82	99	81	43	1	1	80	1	81	4.72e-30	107
tr|A0A0B7JK74|A0A0B7JK74_9GAMM	GCF_024362845.1_WP_255230807.1	40.000	81	82	99	80	48	0	1	80	1	80	5.80e-30	106
tr|A0A0B7JK74|A0A0B7JK74_9GAMM	GCF_002355475.1_WP_004421315.1	31.169	81	91	95	77	53	0	2	78	8	84	6.36e-30	107
tr|A0A0B7JK74|A0A0B7JK74_9GAMM	GCF_002214395.1_WP_010453422.1	40.000	81	81	99	80	48	0	1	80	1	80	8.48e-30	106
tr|A0A0B7JK74|A0A0B7JK74_9GAMM	GCF_009938205.1_WP_075706454.1	48.148	81	82	100	81	42	0	1	81	1	81	9.50e-30	106
tr|A0A0B7JK74|A0A0B7JK74_9GAMM	GCF_024971755.1_WP_259474826.1	25.000	81	88	99	80	60	0	1	80	6	85	9.84e-30	106
tr|A0A0B7JK74|A0A0B7JK74_9GAMM	GCF_011397855.1_WP_044414183.1	31.169	81	90	95	77	53	0	2	78	7	83	1.30e-29	106
tr|A0A0B7JK74|A0A0B7JK74_9GAMM	GCF_024347655.1_WP_060467732.1	45.000	81	83	99	80	44	0	1	80	1	80	1.38e-29	105
tr|A0A0B7JK74|A0A0B7JK74_9GAMM	GCF_004684345.1_WP_135321947.1	30.380	81	93	98	79	55	0	2	80	10	88	1.68e-29	105
tr|A0A0B7JK74|A0A0B7JK74_9GAMM	GCF_008329985.2_WP_149283950.1	41.250	81	81	99	80	47	0	1	80	1	80	2.13e-29	105
tr|A0A0B7JK74|A0A0B7JK74_9GAMM	GCF_024347035.1_WP_102941394.1	40.000	81	81	99	80	48	0	1	80	1	80	2.40e-29	105
tr|A0A0B7JK74|A0A0B7JK74_9GAMM	GCF_000178875.2_WP_012197738.1	25.000	81	90	99	80	60	0	1	80	6	85	2.63e-29	105
tr|A0A0B7JK74|A0A0B7JK74_9GAMM	GCF_008807375.1_WP_151138908.1	29.870	81	91	95	77	54	0	2	78	8	84	3.21e-29	105
tr|A0A0B7JK74|A0A0B7JK74_9GAMM	GCF_008693645.1_WP_137347870.1	28.750	81	89	99	80	57	0	2	81	10	89	3.66e-29	105
tr|A0A0B7JK74|A0A0B7JK74_9GAMM	GCF_024347495.1_WP_137371745.1	42.500	81	80	99	80	46	0	1	80	1	80	5.06e-29	104
tr|A0A0B7JK74|A0A0B7JK74_9GAMM	GCF_013409125.2_WP_099525265.1	29.870	81	90	95	77	54	0	2	78	7	83	6.40e-29	104
tr|A0A0B7JK74|A0A0B7JK74_9GAMM	GCF_024494545.1_WP_256384876.1	77.778	81	81	100	81	18	0	1	81	1	81	6.59e-29	104
tr|A0A0B7JK74|A0A0B7JK74_9GAMM	GCF_001456255.1_WP_020335096.1	37.500	81	81	99	80	50	0	1	80	1	80	7.08e-29	103
tr|A0A0B7JK74|A0A0B7JK74_9GAMM	GCF_013200955.2_WP_173204463.1	28.571	81	91	95	77	55	0	2	78	8	84	7.58e-29	104
tr|A0A0B7JK74|A0A0B7JK74_9GAMM	GCF_000297075.2_WP_003461742.1	29.870	81	90	95	77	54	0	2	78	7	83	8.59e-29	103
tr|A0A0B7JK74|A0A0B7JK74_9GAMM	GCF_000733715.2_WP_017362912.1	31.169	81	90	95	77	53	0	2	78	7	83	1.13e-28	103
tr|A0A0B7JK74|A0A0B7JK74_9GAMM	GCF_000214665.1_WP_013819542.1	39.241	81	83	98	79	47	1	2	80	6	83	1.14e-28	103
tr|A0A0B7JK74|A0A0B7JK74_9GAMM	GCF_024205225.1_WP_195881696.1	28.571	81	90	95	77	55	0	2	78	7	83	1.17e-28	103
tr|A0A0B7JK74|A0A0B7JK74_9GAMM	GCF_900233005.1_WP_102521318.1	39.506	81	81	100	81	49	0	1	81	1	81	1.41e-28	103
tr|A0A0B7JK74|A0A0B7JK74_9GAMM	GCF_004328865.1_WP_104643907.1	46.250	81	83	99	80	43	0	1	80	1	80	1.42e-28	103
tr|A0A0B7JK74|A0A0B7JK74_9GAMM	GCF_000148645.1_WP_013347076.1	41.250	81	80	99	80	47	0	2	81	1	80	1.50e-28	103
tr|A0A0B7JK74|A0A0B7JK74_9GAMM	GCF_001708425.1_WP_055136127.1	26.582	81	94	98	79	58	0	2	80	7	85	1.77e-28	103
tr|A0A0B7JK74|A0A0B7JK74_9GAMM	GCF_019670105.1_WP_040307707.1	43.750	81	81	99	80	45	0	1	80	1	80	2.17e-28	102
tr|A0A0B7JK74|A0A0B7JK74_9GAMM	GCF_000770115.1_WP_069687890.1	41.250	81	81	99	80	47	0	1	80	1	80	2.19e-28	102
tr|A0A0B7JK74|A0A0B7JK74_9GAMM	GCF_000772105.1_WP_004748349.1	41.250	81	81	99	80	47	0	1	80	1	80	2.39e-28	102
tr|A0A0B7JK74|A0A0B7JK74_9GAMM	GCF_005877035.1_WP_039486662.1	49.383	81	83	100	81	41	0	1	81	1	81	2.68e-28	102
tr|A0A0B7JK74|A0A0B7JK74_9GAMM	GCF_001007875.1_WP_046858354.1	46.250	81	80	99	80	43	0	1	80	1	80	2.75e-28	102
tr|A0A0B7JK74|A0A0B7JK74_9GAMM	GCF_001594225.2_WP_064379396.1	27.848	81	92	98	79	57	0	2	80	7	85	3.28e-28	102
tr|A0A0B7JK74|A0A0B7JK74_9GAMM	GCF_002906475.1_WP_012130247.1	40.000	81	81	99	80	48	0	1	80	1	80	3.31e-28	102
tr|A0A0B7JK74|A0A0B7JK74_9GAMM	GCF_017167985.1_WP_079784061.1	32.468	81	90	95	77	52	0	2	78	7	83	4.24e-28	102
tr|A0A0B7JK74|A0A0B7JK74_9GAMM	GCF_006742785.1_WP_172630283.1	31.646	81	88	98	79	54	0	2	80	5	83	4.29e-28	102
tr|A0A0B7JK74|A0A0B7JK74_9GAMM	GCF_000009145.1_WP_041356315.1	33.750	81	90	99	80	53	0	1	80	5	84	4.59e-28	102
tr|A0A0B7JK74|A0A0B7JK74_9GAMM	GCF_002021755.1_WP_005434844.1	40.000	81	81	99	80	48	0	1	80	1	80	4.62e-28	101
tr|A0A0B7JK74|A0A0B7JK74_9GAMM	GCF_017167985.1_WP_093053415.1	30.380	81	92	98	79	55	0	2	80	7	85	4.65e-28	102
tr|A0A0B7JK74|A0A0B7JK74_9GAMM	GCF_000024825.1_WP_005460845.1	39.506	81	81	100	81	49	0	1	81	1	81	7.80e-28	101
tr|A0A0B7JK74|A0A0B7JK74_9GAMM	GCF_000238395.3_WP_010553578.1	48.750	81	83	99	80	41	0	1	80	1	80	8.82e-28	101
tr|A0A0B7JK74|A0A0B7JK74_9GAMM	GCF_024347675.1_WP_261835500.1	37.037	81	81	100	81	51	0	1	81	1	81	1.02e-27	101
tr|A0A0B7JK74|A0A0B7JK74_9GAMM	GCF_012767755.2_WP_173171843.1	29.870	81	90	95	77	54	0	2	78	7	83	1.35e-27	100
tr|A0A0B7JK74|A0A0B7JK74_9GAMM	GCF_020097475.1_WP_000062318.1	28.205	81	86	96	78	51	2	2	79	10	82	1.87e-27	100
tr|A0A0B7JK74|A0A0B7JK74_9GAMM	GCF_017329545.1_WP_047884589.1	28.205	81	95	96	78	56	0	2	79	8	85	2.01e-27	100
tr|A0A0B7JK74|A0A0B7JK74_9GAMM	GCF_019670485.1_WP_221071211.1	40.000	81	81	99	80	48	0	1	80	1	80	2.03e-27	100
tr|A0A0B7JK74|A0A0B7JK74_9GAMM	GCF_019047765.1_WP_040231149.1	30.000	81	89	99	80	56	0	2	81	10	89	2.04e-27	100
tr|A0A0B7JK74|A0A0B7JK74_9GAMM	GCF_003668795.1_WP_054981706.1	41.250	81	83	99	80	47	0	1	80	1	80	2.05e-27	100
tr|A0A0B7JK74|A0A0B7JK74_9GAMM	GCF_009363415.1_WP_152430616.1	41.975	81	84	100	81	47	0	1	81	1	81	2.12e-27	100
tr|A0A0B7JK74|A0A0B7JK74_9GAMM	GCF_001461805.1_WP_013367515.1	28.205	81	86	96	78	51	2	2	79	10	82	2.51e-27	100
tr|A0A0B7JK74|A0A0B7JK74_9GAMM	GCF_002221525.1_WP_089349457.1	41.250	81	83	99	80	47	0	1	80	1	80	2.54e-27	100
tr|A0A0B7JK74|A0A0B7JK74_9GAMM	GCF_001999225.1_WP_077537996.1	46.250	81	82	99	80	43	0	1	80	1	80	2.70e-27	100
tr|A0A0B7JK74|A0A0B7JK74_9GAMM	GCF_019669905.1_WP_054759186.1	35.443	81	79	98	79	47	1	2	80	5	79	4.36e-27	99.5
tr|A0A0B7JK74|A0A0B7JK74_9GAMM	GCF_003957745.1_WP_126168493.1	24.051	81	87	98	79	60	0	2	80	7	85	4.39e-27	99.7
tr|A0A0B7JK74|A0A0B7JK74_9GAMM	GCF_900682675.2_WP_069898892.1	31.646	81	94	98	79	54	0	2	80	7	85	5.62e-27	99.5
tr|A0A0B7JK74|A0A0B7JK74_9GAMM	GCF_017915135.1_WP_210390879.1	28.571	81	90	95	77	55	0	2	78	7	83	6.12e-27	99.2
tr|A0A0B7JK74|A0A0B7JK74_9GAMM	GCF_008931805.1_WP_019441510.1	42.500	81	81	99	80	46	0	1	80	1	80	7.11e-27	98.9
tr|A0A0B7JK74|A0A0B7JK74_9GAMM	GCF_000006925.2_NP_706134.1	26.923	81	86	96	78	52	2	2	79	10	82	7.35e-27	98.9
tr|A0A0B7JK74|A0A0B7JK74_9GAMM	GCF_001683395.1_WP_017458015.1	26.923	81	86	96	78	52	2	2	79	10	82	8.27e-27	98.9
tr|A0A0B7JK74|A0A0B7JK74_9GAMM	GCF_016904755.1_WP_059234959.1	26.923	81	86	96	78	52	2	2	79	10	82	9.10e-27	98.9
tr|A0A0B7JK74|A0A0B7JK74_9GAMM	GCF_024360925.2_WP_255188929.1	36.709	81	83	98	79	49	1	2	80	6	83	9.96e-27	98.6
tr|A0A0B7JK74|A0A0B7JK74_9GAMM	GCF_000005845.2_NP_414731.2	26.923	81	84	96	78	52	2	2	79	8	80	1.20e-26	98.3
tr|A0A0B7JK74|A0A0B7JK74_9GAMM	GCF_002157895.1_WP_227874980.1	50.000	81	82	99	80	40	0	1	80	2	81	1.20e-26	98.3
tr|A0A0B7JK74|A0A0B7JK74_9GAMM	GCF_021172065.1_WP_015965827.1	29.487	81	86	96	78	50	2	2	79	10	82	1.24e-26	98.3
tr|A0A0B7JK74|A0A0B7JK74_9GAMM	GCF_001007935.1_WP_046849946.1	32.500	81	84	99	80	54	0	1	80	5	84	1.28e-26	98.3
tr|A0A0B7JK74|A0A0B7JK74_9GAMM	GCF_017354925.1_WP_207321174.1	21.250	81	87	99	80	63	0	2	81	7	86	1.28e-26	98.3
tr|A0A0B7JK74|A0A0B7JK74_9GAMM	GCF_017354965.1_WP_207380278.1	21.250	81	87	99	80	63	0	2	81	7	86	1.52e-26	98.3
tr|A0A0B7JK74|A0A0B7JK74_9GAMM	GCF_001022135.1_WP_039078449.1	28.205	81	86	96	78	51	2	2	79	10	82	1.59e-26	98.1
tr|A0A0B7JK74|A0A0B7JK74_9GAMM	GCF_009036245.1_WP_025756830.1	26.923	81	86	96	78	52	2	2	79	10	82	1.63e-26	98.1
tr|A0A0B7JK74|A0A0B7JK74_9GAMM	GCF_003258315.1_WP_111337788.1	28.750	81	88	99	80	57	0	1	80	5	84	1.93e-26	98.1
tr|A0A0B7JK74|A0A0B7JK74_9GAMM	GCF_001658025.2_WP_007373243.1	28.205	81	86	96	78	51	2	2	79	10	82	1.95e-26	98.1
tr|A0A0B7JK74|A0A0B7JK74_9GAMM	GCF_001518835.1_WP_059308693.1	26.923	81	86	96	78	52	2	2	79	10	82	1.98e-26	98.1
tr|A0A0B7JK74|A0A0B7JK74_9GAMM	GCF_003594935.2_WP_006173581.1	26.923	81	86	96	78	52	2	2	79	10	82	2.06e-26	97.8
tr|A0A0B7JK74|A0A0B7JK74_9GAMM	GCF_001431725.1_WP_021820278.1	38.272	81	81	100	81	50	0	1	81	1	81	2.18e-26	97.8
tr|A0A0B7JK74|A0A0B7JK74_9GAMM	GCF_009176645.1_WP_152083529.1	26.923	81	86	96	78	52	2	2	79	10	82	2.22e-26	97.8
tr|A0A0B7JK74|A0A0B7JK74_9GAMM	GCF_000019525.1_WP_012323084.1	32.500	81	81	99	80	54	0	1	80	1	80	2.36e-26	97.8
tr|A0A0B7JK74|A0A0B7JK74_9GAMM	GCF_002887615.1_WP_038869703.1	37.500	81	81	99	80	50	0	1	80	1	80	2.47e-26	97.5
tr|A0A0B7JK74|A0A0B7JK74_9GAMM	GCF_027886705.1_WP_061497537.1	26.923	81	86	96	78	52	2	2	79	10	82	3.74e-26	97.2
tr|A0A0B7JK74|A0A0B7JK74_9GAMM	GCF_002215585.1_WP_088903590.1	23.077	81	89	96	78	59	1	1	78	6	82	3.89e-26	97.2
tr|A0A0B7JK74|A0A0B7JK74_9GAMM	GCF_003812345.1_WP_003018503.1	26.923	81	86	96	78	52	2	2	79	10	82	3.99e-26	97.2
tr|A0A0B7JK74|A0A0B7JK74_9GAMM	GCF_015137655.1_WP_028015593.1	26.923	81	86	96	78	52	2	2	79	10	82	4.15e-26	97.2
tr|A0A0B7JK74|A0A0B7JK74_9GAMM	GCF_019048625.1_WP_023305471.1	26.923	81	86	96	78	52	2	2	79	10	82	4.22e-26	97.2
tr|A0A0B7JK74|A0A0B7JK74_9GAMM	GCF_900638065.1_WP_048212636.1	26.923	81	86	96	78	52	2	2	79	10	82	4.57e-26	96.9
tr|A0A0B7JK74|A0A0B7JK74_9GAMM	GCF_001729805.1_WP_008501890.1	26.923	81	86	96	78	52	2	2	79	10	82	4.75e-26	96.9
tr|A0A0B7JK74|A0A0B7JK74_9GAMM	GCF_002355475.1_WP_003455993.1	27.848	81	90	98	79	57	0	2	80	5	83	4.76e-26	96.9
tr|A0A0B7JK74|A0A0B7JK74_9GAMM	GCF_004684345.1_WP_135323069.1	26.923	81	86	96	78	52	2	2	79	10	82	5.11e-26	96.9
tr|A0A0B7JK74|A0A0B7JK74_9GAMM	GCF_009363135.1_WP_090122691.1	29.487	81	86	96	78	50	2	2	79	10	82	5.23e-26	96.9
tr|A0A0B7JK74|A0A0B7JK74_9GAMM	GCF_004353845.1_WP_103768334.1	25.641	81	86	96	78	53	2	2	79	10	82	5.98e-26	96.7
tr|A0A0B7JK74|A0A0B7JK74_9GAMM	GCF_001750725.1_WP_014168720.1	26.923	81	86	96	78	52	2	2	79	10	82	6.18e-26	96.7
tr|A0A0B7JK74|A0A0B7JK74_9GAMM	GCF_018128425.1_WP_042289833.1	26.923	81	86	96	78	52	2	2	79	10	82	6.64e-26	96.7
tr|A0A0B7JK74|A0A0B7JK74_9GAMM	GCF_000224675.1_WP_010426685.1	26.923	81	86	96	78	52	2	2	79	10	82	6.74e-26	96.7
tr|A0A0B7JK74|A0A0B7JK74_9GAMM	GCF_025914095.1_WP_031518416.1	25.641	81	86	96	78	53	2	2	79	10	82	6.85e-26	96.7
tr|A0A0B7JK74|A0A0B7JK74_9GAMM	GCF_012767755.2_WP_173176508.1	25.316	81	91	98	79	56	1	2	80	7	82	6.87e-26	96.7
tr|A0A0B7JK74|A0A0B7JK74_9GAMM	GCF_019670705.1_WP_100146025.1	20.253	81	92	98	79	63	0	2	80	7	85	8.01e-26	96.7
tr|A0A0B7JK74|A0A0B7JK74_9GAMM	GCF_021278985.1_WP_012904575.1	26.923	81	86	96	78	52	2	2	79	10	82	8.22e-26	96.4
tr|A0A0B7JK74|A0A0B7JK74_9GAMM	GCF_007632255.1_WP_015368146.1	26.923	81	86	96	78	52	2	2	79	10	82	8.42e-26	96.4
tr|A0A0B7JK74|A0A0B7JK74_9GAMM	GCF_023195735.1_WP_035891978.1	28.205	81	86	96	78	51	2	2	79	10	82	8.56e-26	96.4
tr|A0A0B7JK74|A0A0B7JK74_9GAMM	GCF_016834455.1_WP_203325205.1	21.519	81	86	98	79	62	0	2	80	7	85	8.69e-26	96.4
tr|A0A0B7JK74|A0A0B7JK74_9GAMM	GCF_003935895.2_WP_110510858.1	25.641	81	86	96	78	53	2	2	79	10	82	8.97e-26	96.4
tr|A0A0B7JK74|A0A0B7JK74_9GAMM	GCF_009649915.1_WP_062772223.1	28.205	81	86	96	78	51	2	2	79	10	82	9.49e-26	96.1
tr|A0A0B7JK74|A0A0B7JK74_9GAMM	GCF_019977755.1_WP_126608378.1	37.209	81	103	99	86	48	1	1	80	15	100	9.83e-26	96.7
tr|A0A0B7JK74|A0A0B7JK74_9GAMM	GCF_006364355.1_WP_004727652.1	37.037	81	83	100	81	51	0	1	81	1	81	1.05e-25	96.1
tr|A0A0B7JK74|A0A0B7JK74_9GAMM	GCF_012295615.1_WP_007018284.1	40.741	81	81	100	81	48	0	1	81	1	81	1.29e-25	95.8
tr|A0A0B7JK74|A0A0B7JK74_9GAMM	GCF_008807375.1_WP_151133519.1	27.848	81	90	98	79	57	0	2	80	5	83	1.40e-25	95.8
tr|A0A0B7JK74|A0A0B7JK74_9GAMM	GCF_001558935.2_WP_042323659.1	26.923	81	86	96	78	52	2	2	79	10	82	1.48e-25	95.8
tr|A0A0B7JK74|A0A0B7JK74_9GAMM	GCF_000015245.1_WP_011761423.1	20.253	81	86	98	79	63	0	2	80	7	85	1.60e-25	95.5
tr|A0A0B7JK74|A0A0B7JK74_9GAMM	GCF_009730655.1_WP_156020461.1	20.253	81	92	98	79	63	0	2	80	7	85	1.70e-25	95.8
tr|A0A0B7JK74|A0A0B7JK74_9GAMM	GCF_003812925.1_WP_004107903.1	26.923	81	86	96	78	52	2	2	79	10	82	1.72e-25	95.5
tr|A0A0B7JK74|A0A0B7JK74_9GAMM	GCF_009648935.1_WP_047417117.1	25.641	81	86	96	78	53	2	2	79	10	82	1.76e-25	95.5
tr|A0A0B7JK74|A0A0B7JK74_9GAMM	GCF_002163605.1_WP_157665988.1	27.848	81	86	98	79	52	2	2	80	10	83	1.81e-25	95.5
tr|A0A0B7JK74|A0A0B7JK74_9GAMM	GCF_025758125.1_WP_023480196.1	26.923	81	86	96	78	52	2	2	79	10	82	1.82e-25	95.5
tr|A0A0B7JK74|A0A0B7JK74_9GAMM	GCF_000240185.1_YP_005225236.1	26.923	81	86	96	78	52	2	2	79	10	82	1.91e-25	95.5
tr|A0A0B7JK74|A0A0B7JK74_9GAMM	GCF_011617105.1_WP_025800203.1	24.359	81	86	96	78	54	2	2	79	10	82	2.13e-25	95.2
tr|A0A0B7JK74|A0A0B7JK74_9GAMM	GCF_001277255.1_WP_007666633.1	26.923	81	86	96	78	52	2	2	79	10	82	2.22e-25	95.2
tr|A0A0B7JK74|A0A0B7JK74_9GAMM	GCF_002393445.1_WP_061273728.1	28.205	81	86	96	78	51	2	2	79	10	82	2.33e-25	95.2
tr|A0A0B7JK74|A0A0B7JK74_9GAMM	GCF_024224615.1_WP_125293588.1	26.923	81	86	96	78	52	2	2	79	10	82	2.38e-25	95.2
tr|A0A0B7JK74|A0A0B7JK74_9GAMM	GCF_001277175.1_WP_007760020.1	28.205	81	86	96	78	51	2	2	79	10	82	2.60e-25	95.0
tr|A0A0B7JK74|A0A0B7JK74_9GAMM	GCF_018139045.1_WP_004129134.1	28.205	81	86	96	78	51	2	2	79	10	82	2.67e-25	95.0
tr|A0A0B7JK74|A0A0B7JK74_9GAMM	GCF_022637595.1_WP_004858152.1	28.205	81	86	96	78	51	2	2	79	10	82	2.84e-25	95.0
tr|A0A0B7JK74|A0A0B7JK74_9GAMM	GCF_003261575.2_WP_110272453.1	28.205	81	86	96	78	51	2	2	79	10	82	2.84e-25	95.0
tr|A0A0B7JK74|A0A0B7JK74_9GAMM	GCF_000018045.1_WP_024130681.1	26.923	81	86	96	78	52	2	2	79	10	82	2.89e-25	95.0
tr|A0A0B7JK74|A0A0B7JK74_9GAMM	GCF_000233595.1_WP_013024706.1	23.077	81	86	96	78	55	2	2	79	10	82	2.93e-25	95.0
tr|A0A0B7JK74|A0A0B7JK74_9GAMM	GCF_006711645.1_WP_100682484.1	28.205	81	86	96	78	51	2	2	79	10	82	3.08e-25	95.0
tr|A0A0B7JK74|A0A0B7JK74_9GAMM	GCF_001277195.1_WP_032966924.1	26.923	81	86	96	78	52	2	2	79	10	82	3.30e-25	95.0
tr|A0A0B7JK74|A0A0B7JK74_9GAMM	GCF_022637515.1_WP_064539750.1	26.923	81	86	96	78	52	2	2	79	10	82	3.66e-25	94.7
tr|A0A0B7JK74|A0A0B7JK74_9GAMM	GCF_019797925.1_WP_193521737.1	39.506	81	80	100	81	48	1	1	81	1	80	3.71e-25	94.7
tr|A0A0B7JK74|A0A0B7JK74_9GAMM	GCF_013234275.1_WP_172895488.1	28.205	81	86	96	78	51	2	2	79	10	82	3.81e-25	94.7
tr|A0A0B7JK74|A0A0B7JK74_9GAMM	GCF_001277215.2_WP_007776988.1	26.923	81	86	96	78	52	2	2	79	10	82	3.84e-25	94.7
tr|A0A0B7JK74|A0A0B7JK74_9GAMM	GCF_021276285.1_WP_095923198.1	25.641	81	86	96	78	53	2	2	79	10	82	4.06e-25	94.7
tr|A0A0B7JK74|A0A0B7JK74_9GAMM	GCF_015139575.1_WP_004098776.1	26.923	81	86	96	78	52	2	2	79	10	82	4.23e-25	94.7
tr|A0A0B7JK74|A0A0B7JK74_9GAMM	GCF_000019185.1_WP_012277931.1	33.000	81	100	100	100	48	1	1	81	1	100	4.34e-25	94.7
tr|A0A0B7JK74|A0A0B7JK74_9GAMM	GCF_020079945.1_WP_039382769.1	23.077	81	87	96	78	55	2	2	79	10	82	4.44e-25	94.4
tr|A0A0B7JK74|A0A0B7JK74_9GAMM	GCF_022637475.1_WP_013574214.1	24.359	81	86	96	78	54	2	2	79	10	82	4.50e-25	94.4
tr|A0A0B7JK74|A0A0B7JK74_9GAMM	GCF_021029445.1_WP_230924827.1	31.169	81	89	95	77	52	1	2	78	7	82	4.68e-25	94.4
tr|A0A0B7JK74|A0A0B7JK74_9GAMM	GCF_003019925.1_WP_162185254.1	28.205	81	86	96	78	51	2	2	79	10	82	5.32e-25	94.4
tr|A0A0B7JK74|A0A0B7JK74_9GAMM	GCF_900635955.1_WP_126357486.1	28.205	81	86	96	78	51	2	2	79	10	82	5.54e-25	94.1
tr|A0A0B7JK74|A0A0B7JK74_9GAMM	GCF_005931095.1_WP_017839868.1	33.750	81	84	99	80	52	1	2	81	6	84	5.56e-25	94.1
tr|A0A0B7JK74|A0A0B7JK74_9GAMM	GCF_000439255.1_WP_000062328.1	29.487	81	86	96	78	50	2	2	79	10	82	5.62e-25	94.1
tr|A0A0B7JK74|A0A0B7JK74_9GAMM	GCF_011068345.1_WP_002436992.1	26.923	81	86	96	78	52	2	2	79	10	82	5.85e-25	94.1
tr|A0A0B7JK74|A0A0B7JK74_9GAMM	GCF_001455205.1_WP_062560013.1	32.500	81	84	99	80	53	1	2	81	6	84	6.02e-25	94.1
tr|A0A0B7JK74|A0A0B7JK74_9GAMM	GCF_002849875.1_WP_232379112.1	39.024	81	113	98	82	47	1	2	80	32	113	6.51e-25	94.7
tr|A0A0B7JK74|A0A0B7JK74_9GAMM	GCF_002953195.1_WP_038628016.1	21.795	81	87	96	78	56	2	2	79	10	82	6.66e-25	94.1
tr|A0A0B7JK74|A0A0B7JK74_9GAMM	GCF_000834395.1_WP_042546713.1	26.923	81	86	96	78	52	2	2	79	10	82	6.92e-25	94.1
tr|A0A0B7JK74|A0A0B7JK74_9GAMM	GCF_004124235.1_WP_025377303.1	26.923	81	86	96	78	52	2	2	79	10	82	7.49e-25	93.8
tr|A0A0B7JK74|A0A0B7JK74_9GAMM	GCF_000014765.1_WP_011633385.1	35.443	81	89	98	79	51	0	2	80	5	83	7.72e-25	93.8
tr|A0A0B7JK74|A0A0B7JK74_9GAMM	GCF_000222975.1_WP_002218374.1	26.923	81	86	96	78	52	2	2	79	10	82	9.43e-25	93.6
tr|A0A0B7JK74|A0A0B7JK74_9GAMM	GCF_012029655.1_WP_041144145.1	26.923	81	86	96	78	52	2	2	79	10	82	9.81e-25	93.6
tr|A0A0B7JK74|A0A0B7JK74_9GAMM	GCF_002005305.1_WP_077753428.1	25.926	81	86	100	81	60	0	1	81	6	86	9.89e-25	93.6
tr|A0A0B7JK74|A0A0B7JK74_9GAMM	GCF_013282725.1_WP_032813813.1	25.641	81	86	96	78	53	2	2	79	10	82	1.02e-24	93.6
tr|A0A0B7JK74|A0A0B7JK74_9GAMM	GCF_019890955.1_WP_211725887.1	23.077	81	87	96	78	55	2	2	79	10	82	1.29e-24	93.3
tr|A0A0B7JK74|A0A0B7JK74_9GAMM	GCF_020150375.1_WP_004094310.1	24.359	81	86	96	78	54	2	2	79	10	82	1.33e-24	93.3
tr|A0A0B7JK74|A0A0B7JK74_9GAMM	GCF_011044475.1_WP_033740322.1	23.077	81	86	96	78	55	2	2	79	10	82	1.36e-24	93.3
tr|A0A0B7JK74|A0A0B7JK74_9GAMM	GCF_002101395.1_WP_085067900.1	21.795	81	87	96	78	56	2	2	79	10	82	1.42e-24	93.3
tr|A0A0B7JK74|A0A0B7JK74_9GAMM	GCF_000968535.2_WP_014147785.1	33.750	81	84	99	80	52	1	2	81	6	84	1.51e-24	93.0
tr|A0A0B7JK74|A0A0B7JK74_9GAMM	GCF_020683125.1_WP_133842177.1	24.359	81	88	96	78	54	2	2	79	11	83	1.82e-24	93.0
tr|A0A0B7JK74|A0A0B7JK74_9GAMM	GCF_025133195.1_WP_032910235.1	26.923	81	86	96	78	52	2	2	79	10	82	2.07e-24	92.7
tr|A0A0B7JK74|A0A0B7JK74_9GAMM	GCF_000834455.1_WP_032817050.1	26.923	81	86	96	78	52	2	2	79	10	82	2.17e-24	92.7
tr|A0A0B7JK74|A0A0B7JK74_9GAMM	GCF_019797845.1_WP_222158377.1	23.077	81	86	96	78	55	2	2	79	10	82	2.39e-24	92.7
tr|A0A0B7JK74|A0A0B7JK74_9GAMM	GCF_014524625.1_WP_009050814.1	30.380	81	92	98	79	55	0	2	80	7	85	2.42e-24	92.7
tr|A0A0B7JK74|A0A0B7JK74_9GAMM	GCF_023517775.1_WP_249893541.1	21.795	81	87	96	78	56	2	2	79	10	82	2.49e-24	92.7
tr|A0A0B7JK74|A0A0B7JK74_9GAMM	GCF_000006945.2_NP_459242.1	29.487	81	86	96	78	50	2	2	79	10	82	2.61e-24	92.4
tr|A0A0B7JK74|A0A0B7JK74_9GAMM	GCF_019844095.1_WP_062747070.1	24.359	81	88	96	78	54	2	2	79	11	83	2.72e-24	92.4
tr|A0A0B7JK74|A0A0B7JK74_9GAMM	GCF_000026185.1_WP_012440659.1	24.359	81	87	96	78	54	2	2	79	10	82	3.26e-24	92.4
tr|A0A0B7JK74|A0A0B7JK74_9GAMM	GCF_009730055.1_WP_032906500.1	26.923	81	86	96	78	52	2	2	79	10	82	3.47e-24	92.1
tr|A0A0B7JK74|A0A0B7JK74_9GAMM	GCF_022647505.1_WP_128179458.1	20.513	81	87	96	78	57	2	2	79	10	82	3.56e-24	92.1
tr|A0A0B7JK74|A0A0B7JK74_9GAMM	GCF_029457395.1_WP_024766443.1	24.096	81	92	98	83	59	1	2	80	7	89	3.60e-24	92.4
tr|A0A0B7JK74|A0A0B7JK74_9GAMM	GCF_000196475.1_WP_012776850.1	26.250	81	88	99	80	54	2	2	81	10	84	3.71e-24	92.1
tr|A0A0B7JK74|A0A0B7JK74_9GAMM	GCF_000196615.1_WP_013200864.1	23.077	81	87	96	78	55	2	2	79	10	82	3.85e-24	92.1
tr|A0A0B7JK74|A0A0B7JK74_9GAMM	GCF_000264765.2_WP_034163237.1	25.316	81	86	98	79	54	2	2	80	10	83	3.94e-24	92.1
tr|A0A0B7JK74|A0A0B7JK74_9GAMM	GCF_000025065.1_WP_012883679.1	24.359	81	86	96	78	54	2	2	79	10	82	4.40e-24	91.9
tr|A0A0B7JK74|A0A0B7JK74_9GAMM	GCF_004792415.1_WP_013356856.1	23.077	81	86	96	78	55	2	2	79	10	82	5.41e-24	91.9
tr|A0A0B7JK74|A0A0B7JK74_9GAMM	GCF_017498685.1_WP_038245151.1	25.641	81	86	96	78	53	2	2	79	10	82	6.60e-24	91.6
tr|A0A0B7JK74|A0A0B7JK74_9GAMM	GCF_000520015.2_WP_024910172.1	30.769	81	87	96	78	49	2	2	79	10	82	8.33e-24	91.3
tr|A0A0B7JK74|A0A0B7JK74_9GAMM	GCF_024346675.1_WP_048897676.1	26.582	81	86	98	79	58	0	2	80	8	86	9.29e-24	91.0
tr|A0A0B7JK74|A0A0B7JK74_9GAMM	GCF_012427845.1_WP_012773648.1	20.513	81	86	96	78	57	2	2	79	10	82	9.52e-24	91.0
tr|A0A0B7JK74|A0A0B7JK74_9GAMM	GCF_000010085.1_WP_011411656.1	26.923	81	86	96	78	52	2	2	79	10	82	9.75e-24	91.0
tr|A0A0B7JK74|A0A0B7JK74_9GAMM	GCF_000517425.1_WP_025421126.1	26.923	81	86	96	78	52	2	2	79	10	82	1.01e-23	91.0
tr|A0A0B7JK74|A0A0B7JK74_9GAMM	GCF_900095885.1_WP_035340381.1	25.641	81	86	96	78	53	2	2	79	10	82	1.02e-23	91.0
tr|A0A0B7JK74|A0A0B7JK74_9GAMM	GCF_021733145.1_WP_012847629.1	26.582	81	86	98	79	53	2	2	80	10	83	1.06e-23	91.0
tr|A0A0B7JK74|A0A0B7JK74_9GAMM	GCF_002288545.1_WP_029367608.1	20.513	81	86	96	78	57	2	2	79	10	82	1.20e-23	90.7
tr|A0A0B7JK74|A0A0B7JK74_9GAMM	GCF_000023565.1_WP_012770818.1	23.077	81	86	96	78	55	2	2	79	10	82	1.28e-23	90.7
tr|A0A0B7JK74|A0A0B7JK74_9GAMM	GCF_016026735.1_WP_015673540.1	30.769	81	87	96	78	49	2	2	79	10	82	1.55e-23	90.5
tr|A0A0B7JK74|A0A0B7JK74_9GAMM	GCF_024746855.1_WP_260492542.1	38.750	81	79	99	80	48	1	1	80	1	79	1.57e-23	90.5
tr|A0A0B7JK74|A0A0B7JK74_9GAMM	GCF_005484945.1_WP_137712817.1	20.513	81	86	96	78	57	2	2	79	10	82	1.58e-23	90.5
tr|A0A0B7JK74|A0A0B7JK74_9GAMM	GCF_009914055.1_WP_160619715.1	23.077	81	87	96	78	55	2	2	79	10	82	1.60e-23	90.5
tr|A0A0B7JK74|A0A0B7JK74_9GAMM	GCF_007858975.2_WP_042869176.1	23.077	81	86	96	78	55	2	2	79	10	82	1.70e-23	90.5
tr|A0A0B7JK74|A0A0B7JK74_9GAMM	GCF_008632455.1_WP_150048082.1	35.443	81	84	98	79	50	1	2	80	6	83	1.76e-23	90.5
tr|A0A0B7JK74|A0A0B7JK74_9GAMM	GCF_009817885.1_WP_105232289.1	30.769	81	87	96	78	49	2	2	79	10	82	2.09e-23	90.2
tr|A0A0B7JK74|A0A0B7JK74_9GAMM	GCF_009873295.1_WP_039312412.1	20.513	81	86	96	78	57	2	2	79	10	82	2.30e-23	90.2
tr|A0A0B7JK74|A0A0B7JK74_9GAMM	GCF_001642805.2_WP_004931991.1	32.051	81	87	96	78	48	2	2	79	10	82	2.59e-23	89.9
tr|A0A0B7JK74|A0A0B7JK74_9GAMM	GCF_000968195.1_WP_045972480.1	26.250	81	87	99	80	54	2	2	81	11	85	2.74e-23	89.9
tr|A0A0B7JK74|A0A0B7JK74_9GAMM	GCF_019090985.1_WP_036781226.1	25.000	81	88	99	80	55	2	2	81	10	84	2.91e-23	89.9
tr|A0A0B7JK74|A0A0B7JK74_9GAMM	GCF_000014885.1_WP_020912292.1	21.519	81	87	98	79	62	0	2	80	7	85	2.92e-23	89.9
tr|A0A0B7JK74|A0A0B7JK74_9GAMM	GCF_001010285.1_WP_046974061.1	23.750	81	88	99	80	56	2	2	81	10	84	3.07e-23	89.9
tr|A0A0B7JK74|A0A0B7JK74_9GAMM	GCF_019048385.1_WP_062759648.1	23.077	81	86	96	78	55	2	2	79	10	82	3.13e-23	89.9
tr|A0A0B7JK74|A0A0B7JK74_9GAMM	GCF_013460135.1_WP_180816665.1	26.582	81	88	98	79	53	2	2	80	10	83	3.15e-23	89.9
tr|A0A0B7JK74|A0A0B7JK74_9GAMM	GCF_019703835.1_WP_087020305.1	39.241	81	79	98	79	44	1	2	80	1	75	3.69e-23	89.3
tr|A0A0B7JK74|A0A0B7JK74_9GAMM	GCF_000146165.2_WP_164925808.1	22.222	81	89	99	81	62	1	1	80	6	86	3.84e-23	89.6
tr|A0A0B7JK74|A0A0B7JK74_9GAMM	GCF_002812485.1_WP_038661467.1	23.077	81	86	96	78	55	2	2	79	10	82	3.88e-23	89.6
tr|A0A0B7JK74|A0A0B7JK74_9GAMM	GCF_012971725.1_WP_169940133.1	24.691	81	92	95	81	57	1	2	78	7	87	4.32e-23	89.6
tr|A0A0B7JK74|A0A0B7JK74_9GAMM	GCF_021462285.1_WP_234585968.1	30.769	81	87	96	78	49	2	2	79	10	82	4.52e-23	89.3
tr|A0A0B7JK74|A0A0B7JK74_9GAMM	GCF_009646115.1_WP_008925644.1	23.077	81	86	96	78	55	2	2	79	10	82	4.63e-23	89.3
tr|A0A0B7JK74|A0A0B7JK74_9GAMM	GCF_020181655.1_WP_225087160.1	19.231	81	86	96	78	58	2	2	79	10	82	4.74e-23	89.3
tr|A0A0B7JK74|A0A0B7JK74_9GAMM	GCF_009931295.1_WP_161528353.1	20.513	81	86	96	78	57	2	2	79	10	82	4.93e-23	89.3
tr|A0A0B7JK74|A0A0B7JK74_9GAMM	GCF_004768525.1_WP_026822068.1	26.582	81	88	98	79	53	2	2	80	10	83	5.19e-23	89.3
tr|A0A0B7JK74|A0A0B7JK74_9GAMM	GCF_020342335.1_WP_067428135.1	23.077	81	87	96	78	55	2	2	79	10	82	5.30e-23	89.3
tr|A0A0B7JK74|A0A0B7JK74_9GAMM	GCF_003515985.1_WP_085653101.1	23.077	81	86	96	78	55	2	2	79	10	82	5.42e-23	89.1
tr|A0A0B7JK74|A0A0B7JK74_9GAMM	GCF_003568825.1_WP_040644076.1	26.506	81	83	99	83	58	1	1	80	1	83	5.48e-23	89.1
tr|A0A0B7JK74|A0A0B7JK74_9GAMM	GCF_000740965.1_WP_011092648.1	20.513	81	86	96	78	57	2	2	79	10	82	5.55e-23	89.1
tr|A0A0B7JK74|A0A0B7JK74_9GAMM	GCF_020268605.1_WP_180560445.1	26.582	81	88	98	79	53	2	2	80	10	83	5.99e-23	89.1
tr|A0A0B7JK74|A0A0B7JK74_9GAMM	GCF_000016065.1_WP_011864074.1	20.000	81	93	99	80	63	1	1	80	6	84	6.25e-23	89.1
tr|A0A0B7JK74|A0A0B7JK74_9GAMM	GCF_017569925.1_WP_208228065.1	21.795	81	86	96	78	56	2	2	79	10	82	6.56e-23	89.1
tr|A0A0B7JK74|A0A0B7JK74_9GAMM	GCF_000023545.1_WP_015854637.1	20.513	81	86	96	78	57	2	2	79	10	82	6.72e-23	89.1
tr|A0A0B7JK74|A0A0B7JK74_9GAMM	GCF_000262305.1_WP_002441069.1	26.923	81	86	96	78	52	2	2	79	10	82	7.27e-23	88.8
tr|A0A0B7JK74|A0A0B7JK74_9GAMM	GCF_011045835.1_WP_075671674.1	30.000	81	86	99	80	51	2	2	81	10	84	7.81e-23	88.8
tr|A0A0B7JK74|A0A0B7JK74_9GAMM	GCF_013423785.1_WP_180308358.1	27.848	81	88	98	79	56	1	2	80	10	87	9.12e-23	88.8
tr|A0A0B7JK74|A0A0B7JK74_9GAMM	GCF_002291445.1_WP_048635886.1	21.795	81	86	96	78	56	2	2	79	10	82	9.84e-23	88.5
tr|A0A0B7JK74|A0A0B7JK74_9GAMM	GCF_022369495.1_WP_072064250.1	30.000	81	86	99	80	51	2	2	81	10	84	9.92e-23	88.5
tr|A0A0B7JK74|A0A0B7JK74_9GAMM	GCF_900187015.1_WP_061796701.1	29.487	81	87	96	78	50	2	2	79	10	82	9.93e-23	88.5
tr|A0A0B7JK74|A0A0B7JK74_9GAMM	GCF_002504285.1_WP_005282992.1	24.051	81	86	98	79	55	2	2	80	10	83	1.02e-22	88.5
tr|A0A0B7JK74|A0A0B7JK74_9GAMM	GCF_003025345.2_WP_003155955.1	23.529	81	91	99	85	60	1	2	81	7	91	1.05e-22	88.5
tr|A0A0B7JK74|A0A0B7JK74_9GAMM	GCF_001742185.1_WP_005975933.1	20.513	81	86	96	78	57	2	2	79	10	82	1.07e-22	88.5
tr|A0A0B7JK74|A0A0B7JK74_9GAMM	GCF_000091565.1_WP_004159420.1	23.077	81	87	96	78	55	2	2	79	10	82	1.14e-22	88.5
tr|A0A0B7JK74|A0A0B7JK74_9GAMM	GCF_000147055.1_WP_022632468.1	23.077	81	86	96	78	55	2	2	79	10	82	1.16e-22	88.2
tr|A0A0B7JK74|A0A0B7JK74_9GAMM	GCF_902387845.1_WP_004237241.1	25.316	81	88	98	79	54	2	2	80	10	83	1.17e-22	88.5
tr|A0A0B7JK74|A0A0B7JK74_9GAMM	GCF_003403135.1_WP_024104894.1	23.077	81	86	96	78	55	2	2	79	10	82	1.19e-22	88.2
tr|A0A0B7JK74|A0A0B7JK74_9GAMM	GCF_015999465.1_WP_085688159.1	21.795	81	86	96	78	56	2	2	79	10	82	1.20e-22	88.2
tr|A0A0B7JK74|A0A0B7JK74_9GAMM	GCF_000785705.2_WP_036272019.1	31.646	81	82	98	79	52	2	2	80	6	82	1.23e-22	88.2
tr|A0A0B7JK74|A0A0B7JK74_9GAMM	GCF_022647325.1_WP_111140597.1	23.077	81	86	96	78	55	2	2	79	10	82	1.70e-22	87.9
tr|A0A0B7JK74|A0A0B7JK74_9GAMM	GCF_000196155.1_WP_011145066.1	25.000	81	88	99	80	55	2	2	81	10	84	1.92e-22	87.9
tr|A0A0B7JK74|A0A0B7JK74_9GAMM	GCF_003992745.1_WP_014700896.1	21.795	81	86	96	78	56	2	2	79	10	82	2.49e-22	87.4
tr|A0A0B7JK74|A0A0B7JK74_9GAMM	GCF_026427595.1_WP_251812951.1	29.762	81	88	99	84	55	2	1	80	4	87	2.71e-22	87.4
tr|A0A0B7JK74|A0A0B7JK74_9GAMM	GCF_000968175.1_WP_045959360.1	26.250	81	88	99	80	54	2	2	81	11	85	3.30e-22	87.1
tr|A0A0B7JK74|A0A0B7JK74_9GAMM	GCF_000069965.1_WP_004245453.1	26.250	81	86	99	80	54	2	2	81	10	84	3.62e-22	87.1
tr|A0A0B7JK74|A0A0B7JK74_9GAMM	GCF_000517405.1_WP_038469034.1	25.641	81	83	96	78	53	2	2	79	7	79	4.06e-22	86.8
tr|A0A0B7JK74|A0A0B7JK74_9GAMM	GCF_016026395.1_WP_024524235.1	25.316	81	86	98	79	54	2	2	80	10	83	4.52e-22	86.8
tr|A0A0B7JK74|A0A0B7JK74_9GAMM	GCF_017743015.1_WP_209027287.1	22.500	81	88	99	80	57	2	2	81	10	84	5.99e-22	86.5
tr|A0A0B7JK74|A0A0B7JK74_9GAMM	GCF_003096015.2_WP_230514010.1	25.316	81	88	98	79	54	2	2	80	11	84	6.09e-22	86.5
tr|A0A0B7JK74|A0A0B7JK74_9GAMM	GCF_004116975.1_WP_064720954.1	26.250	81	86	99	80	54	2	2	81	10	84	8.27e-22	86.2
tr|A0A0B7JK74|A0A0B7JK74_9GAMM	GCF_005484965.1_WP_009114129.1	19.231	81	86	96	78	58	2	2	79	10	82	9.85e-22	86.0
tr|A0A0B7JK74|A0A0B7JK74_9GAMM	GCF_004295645.1_WP_228350951.1	24.051	81	88	98	79	55	2	2	80	11	84	1.31e-21	85.7
tr|A0A0B7JK74|A0A0B7JK74_9GAMM	GCF_029277985.1_WP_154623766.1	25.641	81	87	96	78	53	2	2	79	10	82	1.33e-21	85.7
tr|A0A0B7JK74|A0A0B7JK74_9GAMM	GCF_014295015.1_WP_013185414.1	22.500	81	87	99	80	57	2	2	81	11	85	1.37e-21	85.7
tr|A0A0B7JK74|A0A0B7JK74_9GAMM	GCF_900478135.1_WP_111739359.1	24.051	81	88	98	79	55	2	2	80	11	84	1.37e-21	85.7
tr|A0A0B7JK74|A0A0B7JK74_9GAMM	GCF_003074995.2_WP_015870269.1	26.582	81	86	98	79	53	2	2	80	10	83	1.40e-21	85.7
tr|A0A0B7JK74|A0A0B7JK74_9GAMM	GCF_002291425.1_WP_095847471.1	29.487	81	87	96	78	50	2	2	79	10	82	1.53e-21	85.4
tr|A0A0B7JK74|A0A0B7JK74_9GAMM	GCF_900638655.1_WP_047781753.1	24.051	81	88	98	79	55	2	2	80	11	84	2.35e-21	85.1
tr|A0A0B7JK74|A0A0B7JK74_9GAMM	GCF_000214235.1_WP_004952197.1	23.077	81	85	96	78	55	2	2	79	8	80	3.40e-21	84.6
tr|A0A0B7JK74|A0A0B7JK74_9GAMM	GCF_008033135.1_WP_148717358.1	23.750	81	87	99	80	60	1	2	81	7	85	3.41e-21	84.6
tr|A0A0B7JK74|A0A0B7JK74_9GAMM	GCF_001006005.1_WP_223499701.1	24.359	81	85	96	78	54	2	2	79	8	80	3.56e-21	84.6
tr|A0A0B7JK74|A0A0B7JK74_9GAMM	GCF_017638925.1_WP_208844867.1	39.241	81	81	98	79	47	1	1	79	1	78	3.71e-21	84.3
tr|A0A0B7JK74|A0A0B7JK74_9GAMM	GCF_001721185.1_WP_069317984.1	22.500	81	87	99	80	57	2	2	81	10	84	4.36e-21	84.3
tr|A0A0B7JK74|A0A0B7JK74_9GAMM	GCF_009831665.3_WP_006709226.1	24.359	81	87	96	78	54	2	2	79	10	82	4.76e-21	84.3
tr|A0A0B7JK74|A0A0B7JK74_9GAMM	GCF_019047765.1_WP_040230035.1	28.205	81	86	96	78	51	2	2	79	10	82	6.47e-21	84.0
tr|A0A0B7JK74|A0A0B7JK74_9GAMM	GCF_021365465.1_WP_016190321.1	22.727	81	87	81	66	50	1	2	67	10	74	6.48e-21	84.0
tr|A0A0B7JK74|A0A0B7JK74_9GAMM	GCF_008364325.2_WP_020826409.1	27.848	81	84	98	79	54	1	2	80	7	82	6.50e-21	83.7
tr|A0A0B7JK74|A0A0B7JK74_9GAMM	GCF_005671395.1_WP_138095872.1	22.727	81	86	81	66	50	1	2	67	10	74	7.23e-21	83.7
tr|A0A0B7JK74|A0A0B7JK74_9GAMM	GCF_000261045.2_WP_006318653.1	23.077	81	87	96	78	55	2	2	79	10	82	7.97e-21	83.7
tr|A0A0B7JK74|A0A0B7JK74_9GAMM	GCF_900638135.1_WP_012146468.1	23.077	81	87	96	78	55	2	2	79	10	82	8.36e-21	83.7
tr|A0A0B7JK74|A0A0B7JK74_9GAMM	GCF_002952315.1_WP_012667243.1	19.231	81	87	96	78	58	2	2	79	10	82	9.72e-21	83.4
tr|A0A0B7JK74|A0A0B7JK74_9GAMM	GCF_008364325.2_WP_230090436.1	23.077	81	85	96	78	55	2	2	79	8	80	1.01e-20	83.4
tr|A0A0B7JK74|A0A0B7JK74_9GAMM	GCF_900475855.1_WP_068441311.1	25.641	81	87	96	78	53	2	2	79	10	82	1.09e-20	83.4
tr|A0A0B7JK74|A0A0B7JK74_9GAMM	GCF_025946765.1_WP_264497926.1	21.795	81	86	96	78	56	2	2	79	10	82	1.12e-20	83.1
tr|A0A0B7JK74|A0A0B7JK74_9GAMM	GCF_002393505.1_WP_006658392.1	30.769	81	87	96	78	49	2	2	79	10	82	1.39e-20	83.1
tr|A0A0B7JK74|A0A0B7JK74_9GAMM	GCF_017348915.1_WP_040077077.1	28.205	81	86	96	78	51	2	2	79	10	82	1.42e-20	83.1
tr|A0A0B7JK74|A0A0B7JK74_9GAMM	GCF_003204135.1_WP_004908806.1	28.205	81	87	96	78	51	2	2	79	10	82	1.55e-20	82.9
tr|A0A0B7JK74|A0A0B7JK74_9GAMM	GCF_022592395.1_WP_047255099.1	24.051	81	87	98	79	55	2	2	80	10	83	1.59e-20	82.9
tr|A0A0B7JK74|A0A0B7JK74_9GAMM	GCF_002843235.3_WP_102139922.1	28.205	81	87	96	78	51	2	2	79	10	82	2.00e-20	82.6
tr|A0A0B7JK74|A0A0B7JK74_9GAMM	GCF_020541225.1_WP_226811316.1	26.923	81	86	96	78	52	2	2	79	10	82	2.36e-20	82.6
tr|A0A0B7JK74|A0A0B7JK74_9GAMM	GCF_000018285.1_WP_012155987.1	33.663	81	102	99	101	46	1	1	80	1	101	3.31e-20	82.3
tr|A0A0B7JK74|A0A0B7JK74_9GAMM	GCF_007197555.1_WP_144048375.1	26.437	81	94	100	87	58	1	1	81	6	92	1.14e-19	80.9
tr|A0A0B7JK74|A0A0B7JK74_9GAMM	GCF_000147355.1_WP_013326989.1	33.333	81	67	81	66	44	0	15	80	1	66	1.23e-19	80.3
tr|A0A0B7JK74|A0A0B7JK74_9GAMM	GCF_001677435.1_WP_068615618.1	21.739	81	90	85	69	53	1	2	70	9	76	1.27e-19	80.6
tr|A0A0B7JK74|A0A0B7JK74_9GAMM	GCF_003990335.1_WP_127025819.1	30.137	81	91	90	73	50	1	1	73	5	76	1.45e-19	80.6
tr|A0A0B7JK74|A0A0B7JK74_9GAMM	GCF_000788395.1_WP_038641921.1	28.750	81	85	99	80	57	0	2	81	5	84	1.07e-18	78.1
tr|A0A0B7JK74|A0A0B7JK74_9GAMM	GCF_003855395.1_WP_124730567.1	37.349	81	88	98	83	48	2	2	80	4	86	1.31e-18	78.1
tr|A0A0B7JK74|A0A0B7JK74_9GAMM	GCF_002215215.1_WP_088918776.1	23.750	81	101	99	80	60	1	2	81	20	98	7.28e-18	76.4
tr|A0A0B7JK74|A0A0B7JK74_9GAMM	GCF_004358345.1_WP_121852852.1	27.941	81	76	84	68	49	0	2	69	8	75	7.89e-18	75.8
tr|A0A0B7JK74|A0A0B7JK74_9GAMM	GCF_020511155.1_WP_226415657.1	29.762	81	87	99	84	55	2	1	80	4	87	8.38e-18	76.1
tr|A0A0B7JK74|A0A0B7JK74_9GAMM	GCF_020991025.1_WP_152109250.1	28.788	81	83	81	66	47	0	2	67	8	73	9.39e-18	75.8
tr|A0A0B7JK74|A0A0B7JK74_9GAMM	GCF_003515105.1_WP_036973086.1	23.881	81	73	83	67	51	0	2	68	6	72	1.21e-17	75.3
tr|A0A0B7JK74|A0A0B7JK74_9GAMM	GCF_000014705.1_WP_011637758.1	33.735	81	88	98	83	51	2	2	80	4	86	1.67e-17	75.3
tr|A0A0B7JK74|A0A0B7JK74_9GAMM	GCF_020405345.1_WP_017780573.1	24.242	81	89	81	66	46	1	2	67	7	68	8.21e-17	73.6
tr|A0A0B7JK74|A0A0B7JK74_9GAMM	GCF_002157225.2_WP_086934278.1	29.167	81	80	89	72	50	1	1	72	4	74	2.69e-16	71.9
tr|A0A0B7JK74|A0A0B7JK74_9GAMM	GCF_016026875.1_WP_045525981.1	22.785	81	89	98	79	56	2	2	80	7	80	3.77e-16	71.9
tr|A0A0B7JK74|A0A0B7JK74_9GAMM	GCF_000013765.1_WP_011496543.1	22.892	81	106	98	83	60	2	2	80	23	105	8.88e-16	71.1
tr|A0A0B7JK74|A0A0B7JK74_9GAMM	GCF_015209785.1_WP_193988300.1	21.875	81	73	79	64	50	0	2	65	6	69	1.48e-15	69.9
tr|A0A0B7JK74|A0A0B7JK74_9GAMM	GCF_000940995.1_WP_082060442.1	21.429	81	93	86	70	55	0	10	79	16	85	1.66e-15	70.2
tr|A0A0B7JK74|A0A0B7JK74_9GAMM	GCF_003063625.1_WP_108601906.1	30.137	81	85	90	73	49	2	1	73	4	74	1.75e-15	69.9
tr|A0A0B7JK74|A0A0B7JK74_9GAMM	GCF_023650495.1_WP_250655372.1	28.235	81	88	100	85	57	2	1	81	4	88	2.85e-15	69.6
tr|A0A0B7JK74|A0A0B7JK74_9GAMM	GCF_006385555.1_WP_140234395.1	27.711	81	87	98	83	56	2	2	80	4	86	3.67e-15	69.4
tr|A0A0B7JK74|A0A0B7JK74_9GAMM	GCF_020149575.1_WP_224431657.1	23.750	81	85	99	80	56	3	2	81	7	81	4.06e-15	69.1
tr|A0A0B7JK74|A0A0B7JK74_9GAMM	GCF_001444405.1_WP_058032142.1	29.577	81	87	88	71	50	0	1	71	1	71	8.93e-15	68.2
tr|A0A0B7JK74|A0A0B7JK74_9GAMM	GCF_002218045.2_WP_089137819.1	24.638	81	79	81	69	49	1	2	67	9	77	9.75e-15	68.0
tr|A0A0B7JK74|A0A0B7JK74_9GAMM	GCF_020423125.1_WP_226170850.1	20.253	81	84	98	79	58	3	2	80	7	80	1.88e-14	67.4
tr|A0A0B7JK74|A0A0B7JK74_9GAMM	GCF_028355655.1_WP_087756847.1	21.212	81	84	81	66	48	1	2	67	7	68	2.81e-14	66.8
tr|A0A0B7JK74|A0A0B7JK74_9GAMM	GCF_017742995.1_WP_247749573.1	37.209	81	48	53	43	27	0	1	43	1	43	3.98e-14	66.0
tr|A0A0B7JK74|A0A0B7JK74_9GAMM	GCF_900637545.1_WP_042651794.1	21.519	81	84	98	79	57	3	2	80	7	80	4.09e-14	66.5
tr|A0A0B7JK74|A0A0B7JK74_9GAMM	GCF_008693705.1_WP_127008315.1	21.212	81	84	81	66	48	1	2	67	7	68	1.10e-13	65.4
tr|A0A0B7JK74|A0A0B7JK74_9GAMM	GCF_003015165.1_WP_106887831.1	20.253	81	84	98	79	58	3	2	80	7	80	1.29e-13	65.1
tr|A0A0B7JK74|A0A0B7JK74_9GAMM	GCF_003966655.1_WP_113527441.1	24.242	81	77	81	66	49	1	2	67	8	72	1.53e-13	64.9
tr|A0A0B7JK74|A0A0B7JK74_9GAMM	GCF_019931735.1_WP_223417223.1	22.619	81	87	99	84	61	2	1	80	3	86	1.78e-13	64.9
tr|A0A0B7JK74|A0A0B7JK74_9GAMM	GCF_014169735.1_WP_134997272.1	18.987	81	86	98	79	59	3	2	80	7	80	1.79e-13	64.9
tr|A0A0B7JK74|A0A0B7JK74_9GAMM	GCF_016127195.1_WP_042032742.1	22.727	81	89	81	66	47	2	2	67	7	68	2.53e-13	64.6
tr|A0A0B7JK74|A0A0B7JK74_9GAMM	GCF_000006765.1_NP_249630.1	28.235	81	108	99	85	56	1	2	81	7	91	3.66e-13	64.6
tr|A0A0B7JK74|A0A0B7JK74_9GAMM	GCF_024347675.1_WP_261833361.1	38.636	81	54	54	44	27	0	1	44	1	44	3.74e-13	63.5
tr|A0A0B7JK74|A0A0B7JK74_9GAMM	GCF_000012325.1_WP_011045621.1	30.882	81	84	84	68	46	1	2	69	5	71	4.49e-13	63.7
tr|A0A0B7JK74|A0A0B7JK74_9GAMM	GCF_013462805.1_WP_009566961.1	25.758	81	77	81	66	48	1	2	67	8	72	5.50e-13	63.5
tr|A0A0B7JK74|A0A0B7JK74_9GAMM	GCF_016026615.1_WP_197928313.1	19.697	81	89	81	66	49	1	2	67	7	68	6.46e-13	63.5
tr|A0A0B7JK74|A0A0B7JK74_9GAMM	GCF_000026085.1_WP_041454550.1	20.896	81	73	81	67	51	2	2	67	6	71	1.54e-12	62.3
tr|A0A0B7JK74|A0A0B7JK74_9GAMM	GCF_000238255.3_WP_010559905.1	23.529	81	86	84	68	52	0	2	69	5	72	2.38e-12	62.0
tr|A0A0B7JK74|A0A0B7JK74_9GAMM	GCF_001651805.1_WP_067384150.1	20.588	81	78	79	68	50	2	2	65	7	74	2.87e-12	61.8
tr|A0A0B7JK74|A0A0B7JK74_9GAMM	GCF_001020955.1_WP_047250467.1	19.718	81	82	84	71	54	1	2	69	10	80	5.78e-12	60.9
tr|A0A0B7JK74|A0A0B7JK74_9GAMM	GCF_020844025.1_WP_215848879.1	25.758	81	77	81	66	48	1	2	67	8	72	6.82e-12	60.6
tr|A0A0B7JK74|A0A0B7JK74_9GAMM	GCF_009662475.1_WP_031573754.1	25.758	81	79	81	66	48	1	2	67	8	72	3.50e-11	59.0
tr|A0A0B7JK74|A0A0B7JK74_9GAMM	GCF_024347195.1_WP_271272618.1	25.373	81	77	79	67	47	2	2	65	7	73	2.10e-10	57.0
tr|A0A0B7JK74|A0A0B7JK74_9GAMM	GCF_021654855.1_WP_237262080.1	28.986	81	70	80	69	44	2	2	66	3	70	1.19e-09	55.0
tr|A0A0B7JK74|A0A0B7JK74_9GAMM	GCF_013282625.1_WP_173286717.1	17.647	81	67	84	68	52	2	2	69	3	66	2.01e-09	54.2
tr|A0A0B7JK74|A0A0B7JK74_9GAMM	GCF_004028275.1_WP_128384077.1	25.676	81	77	86	74	50	3	2	71	3	75	3.03e-09	53.9
tr|A0A0B7JK74|A0A0B7JK74_9GAMM	GCF_009938015.1_WP_223264517.1	18.571	81	90	81	70	53	2	2	67	10	79	8.72e-09	53.0
tr|A0A0B7JK74|A0A0B7JK74_9GAMM	GCF_024347215.1_WP_261843265.1	22.388	81	77	79	67	49	2	2	65	7	73	5.23e-08	50.8
tr|A0A0B7JK74|A0A0B7JK74_9GAMM	GCF_003967195.1_WP_172597571.1	21.053	81	83	88	76	54	3	2	72	9	83	8.40e-08	50.5
tr|A0A0B7JK74|A0A0B7JK74_9GAMM	GCF_013343005.1_WP_078482823.1	18.919	81	84	86	74	56	2	2	71	8	81	2.59e-07	49.1
tr|A0A0B7JK74|A0A0B7JK74_9GAMM	GCF_024347255.1_WP_091360415.1	22.059	81	79	79	68	49	1	2	65	7	74	2.94e-07	48.8
tr|A0A0B7JK74|A0A0B7JK74_9GAMM	GCF_024347275.1_WP_019620968.1	18.421	81	82	89	76	58	2	2	73	7	82	5.77e-07	48.3
tr|A0A0B7JK74|A0A0B7JK74_9GAMM	GCF_000021985.1_WP_012639500.1	17.910	81	82	78	67	51	1	2	64	8	74	1.16e-06	47.4
tr|A0A0B7JK74|A0A0B7JK74_9GAMM	GCF_000801295.1_WP_171816254.1	19.118	81	99	80	68	51	3	2	66	10	76	1.56e-06	47.4
tr|A0A0B7JK74|A0A0B7JK74_9GAMM	GCF_003970675.1_WP_126615366.1	19.697	81	76	81	66	48	3	2	67	13	73	1.77e-06	46.9
tr|A0A0B7JK74|A0A0B7JK74_9GAMM	GCF_002355415.1_WP_148665551.1	14.493	81	87	81	69	56	1	2	67	17	85	2.33e-06	46.9
tr|A0A0B7JK74|A0A0B7JK74_9GAMM	GCF_002355735.1_WP_096359192.1	14.286	81	83	83	70	57	1	2	68	13	82	2.37e-06	46.6
tr|A0A0B7JK74|A0A0B7JK74_9GAMM	GCF_004293625.1_WP_130538367.1	23.729	81	71	73	59	41	2	2	60	3	57	2.52e-06	46.3
tr|A0A0B7JK74|A0A0B7JK74_9GAMM	GCF_018736065.1_WP_144074266.1	19.697	81	76	81	66	48	3	2	67	13	73	9.35e-06	45.2
tr|A0A0B7JK74|A0A0B7JK74_9GAMM	GCF_000321415.2_WP_015260329.1	10.959	81	93	86	73	62	2	2	71	10	82	1.28e-05	44.9
tr|A0A0B7JK74|A0A0B7JK74_9GAMM	GCF_004001245.1_WP_127478562.1	12.500	81	85	84	72	59	2	2	69	10	81	2.84e-05	44.0
tr|A0A0B7JK74|A0A0B7JK74_9GAMM	GCF_000828615.1_WP_041064380.1	18.310	81	80	83	71	54	2	2	68	10	80	5.33e-05	43.2
tr|A0A0B7JK74|A0A0B7JK74_9GAMM	GCF_902810445.1_WP_197744199.1	25.714	81	78	81	70	44	4	2	67	7	72	6.30e-05	42.9
tr|A0A0B7JK74|A0A0B7JK74_9GAMM	GCF_011398155.1_WP_173291533.1	18.310	81	71	86	71	53	3	2	71	3	69	1.04e-04	42.4
tr|A0A0B7JK74|A0A0B7JK74_9GAMM	GCF_001596155.1_WP_068342236.1	20.779	81	90	91	77	54	4	2	75	8	80	1.14e-04	42.6
tr|A0A0B7JK74|A0A0B7JK74_9GAMM	GCF_013201725.1_WP_014475480.1	22.535	81	74	84	71	48	3	2	69	8	74	1.22e-04	42.1
tr|A0A0B7JK74|A0A0B7JK74_9GAMM	GCF_001955715.1_WP_029708890.1	20.290	81	80	80	69	47	3	2	66	7	71	1.82e-04	41.8
tr|A0A0B7JK74|A0A0B7JK74_9GAMM	GCF_000227685.2_WP_006746304.1	12.676	81	83	84	71	59	2	2	69	10	80	2.51e-04	41.5
tr|A0A0B7JK74|A0A0B7JK74_9GAMM	GCF_001507645.1_WP_068195976.1	15.789	81	90	90	76	58	2	2	74	8	80	3.07e-04	41.5
tr|A0A0B7JK74|A0A0B7JK74_9GAMM	GCF_000014785.1_WP_011630183.1	18.310	81	83	84	71	55	2	2	69	13	83	3.42e-04	41.2
tr|A0A0B7JK74|A0A0B7JK74_9GAMM	GCF_011398355.1_WP_173270160.1	22.951	81	65	74	61	41	4	2	61	3	58	3.66e-04	40.7
tr|A0A0B7JK74|A0A0B7JK74_9GAMM	GCF_023733635.1_WP_039959400.1	18.841	81	89	79	69	50	3	2	65	7	74	5.47e-04	40.7
tr|A0A0B7JK74|A0A0B7JK74_9GAMM	GCF_003353065.1_WP_114983154.1	17.910	81	84	79	67	48	4	2	65	11	73	5.81e-04	40.7
tr|A0A0B7JK74|A0A0B7JK74_9GAMM	GCF_011398355.1_WP_173270199.1	16.667	81	66	81	66	51	2	2	67	3	64	0.001	39.5
tr|A0A0B7JK74|A0A0B7JK74_9GAMM	GCF_002356115.1_WP_096526481.1	23.188	81	78	81	69	47	2	2	67	7	72	0.002	39.0
tr|A0A0B7JK74|A0A0B7JK74_9GAMM	GCF_010093065.1_WP_238430213.1	16.418	81	83	79	67	50	2	2	65	11	74	0.003	39.0
tr|A0A0B7JK74|A0A0B7JK74_9GAMM	GCF_022811645.1_WP_243511723.1	18.571	81	90	81	70	49	4	2	67	8	73	0.003	38.7
tr|A0A0B7JK74|A0A0B7JK74_9GAMM	GCF_002142475.1_WP_026148861.1	17.647	81	86	79	68	48	3	2	65	7	70	0.004	38.4
tr|A0A0B7JK74|A0A0B7JK74_9GAMM	GCF_003149515.1_WP_109656005.1	20.779	81	90	91	77	54	4	2	75	8	80	0.005	38.1
tr|A0A0B7JK74|A0A0B7JK74_9GAMM	GCF_009937995.1_WP_179954406.1	20.548	81	79	85	73	54	2	2	70	7	79	0.006	37.9
tr|A0A0B7JK74|A0A0B7JK74_9GAMM	GCF_003584645.1_WP_197716612.1	22.388	81	80	78	67	44	3	2	64	8	70	0.010	37.3
# PSIBLAST 2.13.0+
# Iteration: 4
# Query: tr|A0A0B7JK74|A0A0B7JK74_9GAMM Modulator of Rho-dependent transcription termination family protein OS=Photobacterium kishitanii OX=318456 GN=C0W70_11190 PE=4 SV=1
# Database: db/chosen-bacteria_proteome_exDup
# Fields: query id, subject id, % identity, query length, subject length, % query coverage per subject, alignment length, mismatches, gap opens, q. start, q. end, s. start, s. end, evalue, bit score
# 411 hits found
tr|A0A0B7JK74|A0A0B7JK74_9GAMM	GCF_024347355.1_WP_105024956.1	46.914	81	83	100	81	43	0	1	81	1	81	1.98e-32	113
tr|A0A0B7JK74|A0A0B7JK74_9GAMM	GCF_008693605.1_WP_223849061.1	35.000	81	95	99	80	52	0	2	81	11	90	7.20e-32	111
tr|A0A0B7JK74|A0A0B7JK74_9GAMM	GCF_024347475.1_WP_239840920.1	44.444	81	83	100	81	45	0	1	81	1	81	7.87e-32	111
tr|A0A0B7JK74|A0A0B7JK74_9GAMM	GCF_002204915.1_WP_052690899.1	39.506	81	101	100	81	49	0	1	81	20	100	9.84e-32	111
tr|A0A0B7JK74|A0A0B7JK74_9GAMM	GCF_025402875.1_WP_011791024.1	27.500	81	90	99	80	58	0	1	80	6	85	1.34e-31	111
tr|A0A0B7JK74|A0A0B7JK74_9GAMM	GCF_009938225.1_WP_075649723.1	40.741	81	82	100	81	48	0	1	81	1	81	1.37e-31	111
tr|A0A0B7JK74|A0A0B7JK74_9GAMM	GCF_004353845.1_WP_103770713.1	35.000	81	93	99	80	52	0	2	81	10	89	3.11e-31	110
tr|A0A0B7JK74|A0A0B7JK74_9GAMM	GCF_022371215.1_WP_239718047.1	44.444	81	83	100	81	45	0	1	81	1	81	3.54e-31	109
tr|A0A0B7JK74|A0A0B7JK74_9GAMM	GCF_003812345.1_WP_121571778.1	35.000	81	94	99	80	52	0	2	81	10	89	3.81e-31	110
tr|A0A0B7JK74|A0A0B7JK74_9GAMM	GCF_014905115.1_WP_193151849.1	45.000	81	81	99	80	44	0	1	80	1	80	4.51e-31	109
tr|A0A0B7JK74|A0A0B7JK74_9GAMM	GCF_009938185.1_WP_162048373.1	44.444	81	82	100	81	45	0	1	81	1	81	8.73e-31	109
tr|A0A0B7JK74|A0A0B7JK74_9GAMM	GCF_001597285.1_WP_061903727.1	31.646	81	92	98	79	54	0	2	80	7	85	1.69e-30	108
tr|A0A0B7JK74|A0A0B7JK74_9GAMM	GCF_024347595.1_WP_176681244.1	44.444	81	83	100	81	45	0	1	81	1	81	2.70e-30	107
tr|A0A0B7JK74|A0A0B7JK74_9GAMM	GCF_000178875.2_WP_012197738.1	25.000	81	90	99	80	60	0	1	80	6	85	2.77e-30	107
tr|A0A0B7JK74|A0A0B7JK74_9GAMM	GCF_024971755.1_WP_259474826.1	25.000	81	88	99	80	60	0	1	80	6	85	4.00e-30	107
tr|A0A0B7JK74|A0A0B7JK74_9GAMM	GCF_024347635.1_WP_139683960.1	48.148	81	83	100	81	42	0	1	81	1	81	5.99e-30	106
tr|A0A0B7JK74|A0A0B7JK74_9GAMM	GCF_024347455.1_WP_135458404.1	49.383	81	83	100	81	41	0	1	81	1	81	8.43e-30	106
tr|A0A0B7JK74|A0A0B7JK74_9GAMM	GCF_001995825.2_WP_017057338.1	49.383	81	83	100	81	41	0	1	81	1	81	8.63e-30	106
tr|A0A0B7JK74|A0A0B7JK74_9GAMM	GCF_000091465.1_WP_004733849.1	49.383	81	83	100	81	41	0	1	81	1	81	1.22e-29	105
tr|A0A0B7JK74|A0A0B7JK74_9GAMM	GCF_009068765.1_WP_151900329.1	47.500	81	81	99	80	42	0	1	80	1	80	1.27e-29	105
tr|A0A0B7JK74|A0A0B7JK74_9GAMM	GCF_019670125.1_WP_221076876.1	42.500	81	81	99	80	46	0	1	80	1	80	1.46e-29	105
tr|A0A0B7JK74|A0A0B7JK74_9GAMM	GCF_002355475.1_WP_004421315.1	30.380	81	91	98	79	55	0	2	80	8	86	1.62e-29	105
tr|A0A0B7JK74|A0A0B7JK74_9GAMM	GCF_014879975.1_WP_192888672.1	45.679	81	83	100	81	44	0	1	81	1	81	2.29e-29	105
tr|A0A0B7JK74|A0A0B7JK74_9GAMM	GCF_001558415.2_WP_061055374.1	45.679	81	83	100	81	44	0	1	81	1	81	2.65e-29	105
tr|A0A0B7JK74|A0A0B7JK74_9GAMM	GCF_004684345.1_WP_135321947.1	30.380	81	93	98	79	55	0	2	80	10	88	2.84e-29	105
tr|A0A0B7JK74|A0A0B7JK74_9GAMM	GCF_001558255.2_WP_005504861.1	45.679	81	82	99	81	43	1	1	80	1	81	2.88e-29	105
tr|A0A0B7JK74|A0A0B7JK74_9GAMM	GCF_001831495.1_WP_068547707.1	50.617	81	81	100	81	40	0	1	81	1	81	3.22e-29	104
tr|A0A0B7JK74|A0A0B7JK74_9GAMM	GCF_002407485.1_WP_096780111.1	46.250	81	81	99	80	43	0	1	80	1	80	3.27e-29	104
tr|A0A0B7JK74|A0A0B7JK74_9GAMM	GCF_001461805.1_WP_013367515.1	28.205	81	86	96	78	51	2	2	79	10	82	3.30e-29	105
tr|A0A0B7JK74|A0A0B7JK74_9GAMM	GCF_020097475.1_WP_000062318.1	28.205	81	86	96	78	51	2	2	79	10	82	3.35e-29	105
tr|A0A0B7JK74|A0A0B7JK74_9GAMM	GCF_013409125.2_WP_099525265.1	29.114	81	90	98	79	56	0	2	80	7	85	3.87e-29	104
tr|A0A0B7JK74|A0A0B7JK74_9GAMM	GCF_011397855.1_WP_044414183.1	30.380	81	90	98	79	55	0	2	80	7	85	3.90e-29	104
tr|A0A0B7JK74|A0A0B7JK74_9GAMM	GCF_000733715.2_WP_017362912.1	30.380	81	90	98	79	55	0	2	80	7	85	3.93e-29	104
tr|A0A0B7JK74|A0A0B7JK74_9GAMM	GCF_008369605.1_WP_000253074.1	45.679	81	81	100	81	44	0	1	81	1	81	4.32e-29	104
tr|A0A0B7JK74|A0A0B7JK74_9GAMM	GCF_008693645.1_WP_137347870.1	28.750	81	89	99	80	57	0	2	81	10	89	4.94e-29	104
tr|A0A0B7JK74|A0A0B7JK74_9GAMM	GCF_000297075.2_WP_003461742.1	29.114	81	90	98	79	56	0	2	80	7	85	6.24e-29	104
tr|A0A0B7JK74|A0A0B7JK74_9GAMM	GCF_002214395.1_WP_010453422.1	40.000	81	81	99	80	48	0	1	80	1	80	6.37e-29	104
tr|A0A0B7JK74|A0A0B7JK74_9GAMM	GCF_008329985.2_WP_149283950.1	41.250	81	81	99	80	47	0	1	80	1	80	6.58e-29	104
tr|A0A0B7JK74|A0A0B7JK74_9GAMM	GCF_024582835.1_WP_257083279.1	45.000	81	87	99	80	44	0	1	80	1	80	7.62e-29	103
tr|A0A0B7JK74|A0A0B7JK74_9GAMM	GCF_024205225.1_WP_195881696.1	27.848	81	90	98	79	57	0	2	80	7	85	7.79e-29	104
tr|A0A0B7JK74|A0A0B7JK74_9GAMM	GCF_009938205.1_WP_075706454.1	48.148	81	82	100	81	42	0	1	81	1	81	8.17e-29	103
tr|A0A0B7JK74|A0A0B7JK74_9GAMM	GCF_024362845.1_WP_255230807.1	40.000	81	82	99	80	48	0	1	80	1	80	8.77e-29	103
tr|A0A0B7JK74|A0A0B7JK74_9GAMM	GCF_001708425.1_WP_055136127.1	26.582	81	94	98	79	58	0	2	80	7	85	8.87e-29	103
tr|A0A0B7JK74|A0A0B7JK74_9GAMM	GCF_013200955.2_WP_173204463.1	27.848	81	91	98	79	57	0	2	80	8	86	1.10e-28	103
tr|A0A0B7JK74|A0A0B7JK74_9GAMM	GCF_001594225.2_WP_064379396.1	27.848	81	92	98	79	57	0	2	80	7	85	1.10e-28	103
tr|A0A0B7JK74|A0A0B7JK74_9GAMM	GCF_008807375.1_WP_151138908.1	29.114	81	91	98	79	56	0	2	80	8	86	1.13e-28	103
tr|A0A0B7JK74|A0A0B7JK74_9GAMM	GCF_000006925.2_NP_706134.1	26.923	81	86	96	78	52	2	2	79	10	82	1.37e-28	103
tr|A0A0B7JK74|A0A0B7JK74_9GAMM	GCF_001683395.1_WP_017458015.1	26.923	81	86	96	78	52	2	2	79	10	82	1.60e-28	103
tr|A0A0B7JK74|A0A0B7JK74_9GAMM	GCF_017167985.1_WP_093053415.1	30.380	81	92	98	79	55	0	2	80	7	85	1.67e-28	103
tr|A0A0B7JK74|A0A0B7JK74_9GAMM	GCF_016904755.1_WP_059234959.1	26.923	81	86	96	78	52	2	2	79	10	82	1.79e-28	103
tr|A0A0B7JK74|A0A0B7JK74_9GAMM	GCF_021172065.1_WP_015965827.1	29.487	81	86	96	78	50	2	2	79	10	82	1.87e-28	103
tr|A0A0B7JK74|A0A0B7JK74_9GAMM	GCF_001518835.1_WP_059308693.1	26.923	81	86	96	78	52	2	2	79	10	82	1.90e-28	103
tr|A0A0B7JK74|A0A0B7JK74_9GAMM	GCF_024347035.1_WP_102941394.1	40.000	81	81	99	80	48	0	1	80	1	80	1.97e-28	102
tr|A0A0B7JK74|A0A0B7JK74_9GAMM	GCF_000005845.2_NP_414731.2	26.923	81	84	96	78	52	2	2	79	8	80	2.42e-28	102
tr|A0A0B7JK74|A0A0B7JK74_9GAMM	GCF_024347655.1_WP_060467732.1	45.000	81	83	99	80	44	0	1	80	1	80	2.85e-28	102
tr|A0A0B7JK74|A0A0B7JK74_9GAMM	GCF_003594935.2_WP_006173581.1	26.923	81	86	96	78	52	2	2	79	10	82	3.47e-28	102
tr|A0A0B7JK74|A0A0B7JK74_9GAMM	GCF_017167985.1_WP_079784061.1	31.646	81	90	98	79	54	0	2	80	7	85	3.53e-28	102
tr|A0A0B7JK74|A0A0B7JK74_9GAMM	GCF_009036245.1_WP_025756830.1	26.923	81	86	96	78	52	2	2	79	10	82	3.69e-28	102
tr|A0A0B7JK74|A0A0B7JK74_9GAMM	GCF_001022135.1_WP_039078449.1	28.205	81	86	96	78	51	2	2	79	10	82	3.75e-28	102
tr|A0A0B7JK74|A0A0B7JK74_9GAMM	GCF_019670105.1_WP_040307707.1	43.750	81	81	99	80	45	0	1	80	1	80	3.99e-28	102
tr|A0A0B7JK74|A0A0B7JK74_9GAMM	GCF_009176645.1_WP_152083529.1	26.923	81	86	96	78	52	2	2	79	10	82	4.69e-28	102
tr|A0A0B7JK74|A0A0B7JK74_9GAMM	GCF_001456255.1_WP_020335096.1	37.500	81	81	99	80	50	0	1	80	1	80	4.83e-28	102
tr|A0A0B7JK74|A0A0B7JK74_9GAMM	GCF_001658025.2_WP_007373243.1	28.205	81	86	96	78	51	2	2	79	10	82	4.88e-28	102
tr|A0A0B7JK74|A0A0B7JK74_9GAMM	GCF_024494545.1_WP_256384876.1	77.778	81	81	100	81	18	0	1	81	1	81	5.53e-28	101
tr|A0A0B7JK74|A0A0B7JK74_9GAMM	GCF_024347495.1_WP_137371745.1	42.500	81	80	99	80	46	0	1	80	1	80	5.70e-28	101
tr|A0A0B7JK74|A0A0B7JK74_9GAMM	GCF_000214665.1_WP_013819542.1	39.241	81	83	98	79	47	1	2	80	6	83	6.83e-28	101
tr|A0A0B7JK74|A0A0B7JK74_9GAMM	GCF_001007875.1_WP_046858354.1	46.250	81	80	99	80	43	0	1	80	1	80	7.36e-28	101
tr|A0A0B7JK74|A0A0B7JK74_9GAMM	GCF_004684345.1_WP_135323069.1	26.923	81	86	96	78	52	2	2	79	10	82	7.99e-28	101
tr|A0A0B7JK74|A0A0B7JK74_9GAMM	GCF_027886705.1_WP_061497537.1	26.923	81	86	96	78	52	2	2	79	10	82	8.18e-28	101
tr|A0A0B7JK74|A0A0B7JK74_9GAMM	GCF_019048625.1_WP_023305471.1	26.923	81	86	96	78	52	2	2	79	10	82	8.31e-28	101
tr|A0A0B7JK74|A0A0B7JK74_9GAMM	GCF_023195735.1_WP_035891978.1	28.205	81	86	96	78	51	2	2	79	10	82	9.00e-28	101
tr|A0A0B7JK74|A0A0B7JK74_9GAMM	GCF_003812345.1_WP_003018503.1	26.923	81	86	96	78	52	2	2	79	10	82	9.51e-28	101
tr|A0A0B7JK74|A0A0B7JK74_9GAMM	GCF_015137655.1_WP_028015593.1	26.923	81	86	96	78	52	2	2	79	10	82	1.02e-27	101
tr|A0A0B7JK74|A0A0B7JK74_9GAMM	GCF_900638065.1_WP_048212636.1	26.923	81	86	96	78	52	2	2	79	10	82	1.07e-27	101
tr|A0A0B7JK74|A0A0B7JK74_9GAMM	GCF_004353845.1_WP_103768334.1	25.641	81	86	96	78	53	2	2	79	10	82	1.26e-27	100
tr|A0A0B7JK74|A0A0B7JK74_9GAMM	GCF_000224675.1_WP_010426685.1	26.923	81	86	96	78	52	2	2	79	10	82	1.27e-27	100
tr|A0A0B7JK74|A0A0B7JK74_9GAMM	GCF_009363135.1_WP_090122691.1	29.487	81	86	96	78	50	2	2	79	10	82	1.30e-27	100
tr|A0A0B7JK74|A0A0B7JK74_9GAMM	GCF_001729805.1_WP_008501890.1	26.923	81	86	96	78	52	2	2	79	10	82	1.51e-27	100
tr|A0A0B7JK74|A0A0B7JK74_9GAMM	GCF_003957745.1_WP_126168493.1	24.051	81	87	98	79	60	0	2	80	7	85	1.52e-27	100
tr|A0A0B7JK74|A0A0B7JK74_9GAMM	GCF_025914095.1_WP_031518416.1	25.641	81	86	96	78	53	2	2	79	10	82	1.54e-27	100
tr|A0A0B7JK74|A0A0B7JK74_9GAMM	GCF_000009145.1_WP_041356315.1	33.750	81	90	99	80	53	0	1	80	5	84	1.55e-27	100
tr|A0A0B7JK74|A0A0B7JK74_9GAMM	GCF_021278985.1_WP_012904575.1	26.923	81	86	96	78	52	2	2	79	10	82	1.58e-27	100
tr|A0A0B7JK74|A0A0B7JK74_9GAMM	GCF_018128425.1_WP_042289833.1	26.923	81	86	96	78	52	2	2	79	10	82	1.58e-27	100
tr|A0A0B7JK74|A0A0B7JK74_9GAMM	GCF_009649915.1_WP_062772223.1	28.205	81	86	96	78	51	2	2	79	10	82	1.62e-27	100
tr|A0A0B7JK74|A0A0B7JK74_9GAMM	GCF_006742785.1_WP_172630283.1	31.646	81	88	98	79	54	0	2	80	5	83	1.71e-27	100
tr|A0A0B7JK74|A0A0B7JK74_9GAMM	GCF_007632255.1_WP_015368146.1	26.923	81	86	96	78	52	2	2	79	10	82	1.75e-27	100
tr|A0A0B7JK74|A0A0B7JK74_9GAMM	GCF_004328865.1_WP_104643907.1	46.250	81	83	99	80	43	0	1	80	1	80	1.77e-27	100
tr|A0A0B7JK74|A0A0B7JK74_9GAMM	GCF_001750725.1_WP_014168720.1	26.923	81	86	96	78	52	2	2	79	10	82	1.96e-27	100
tr|A0A0B7JK74|A0A0B7JK74_9GAMM	GCF_003935895.2_WP_110510858.1	25.641	81	86	96	78	53	2	2	79	10	82	2.33e-27	100
tr|A0A0B7JK74|A0A0B7JK74_9GAMM	GCF_000770115.1_WP_069687890.1	41.250	81	81	99	80	47	0	1	80	1	80	2.35e-27	100
tr|A0A0B7JK74|A0A0B7JK74_9GAMM	GCF_005877035.1_WP_039486662.1	49.383	81	83	100	81	41	0	1	81	1	81	2.40e-27	100
tr|A0A0B7JK74|A0A0B7JK74_9GAMM	GCF_002906475.1_WP_012130247.1	40.000	81	81	99	80	48	0	1	80	1	80	2.61e-27	100
tr|A0A0B7JK74|A0A0B7JK74_9GAMM	GCF_900682675.2_WP_069898892.1	31.646	81	94	98	79	54	0	2	80	7	85	2.72e-27	100
tr|A0A0B7JK74|A0A0B7JK74_9GAMM	GCF_900233005.1_WP_102521318.1	39.506	81	81	100	81	49	0	1	81	1	81	3.47e-27	99.8
tr|A0A0B7JK74|A0A0B7JK74_9GAMM	GCF_001558935.2_WP_042323659.1	26.923	81	86	96	78	52	2	2	79	10	82	3.67e-27	99.8
tr|A0A0B7JK74|A0A0B7JK74_9GAMM	GCF_002021755.1_WP_005434844.1	40.000	81	81	99	80	48	0	1	80	1	80	3.91e-27	99.8
tr|A0A0B7JK74|A0A0B7JK74_9GAMM	GCF_025758125.1_WP_023480196.1	26.923	81	86	96	78	52	2	2	79	10	82	3.91e-27	99.8
tr|A0A0B7JK74|A0A0B7JK74_9GAMM	GCF_009648935.1_WP_047417117.1	25.641	81	86	96	78	53	2	2	79	10	82	3.91e-27	99.8
tr|A0A0B7JK74|A0A0B7JK74_9GAMM	GCF_012767755.2_WP_173171843.1	29.114	81	90	98	79	56	0	2	80	7	85	3.98e-27	99.8
tr|A0A0B7JK74|A0A0B7JK74_9GAMM	GCF_000240185.1_YP_005225236.1	26.923	81	86	96	78	52	2	2	79	10	82	4.14e-27	99.8
tr|A0A0B7JK74|A0A0B7JK74_9GAMM	GCF_001277255.1_WP_007666633.1	26.923	81	86	96	78	52	2	2	79	10	82	4.37e-27	99.5
tr|A0A0B7JK74|A0A0B7JK74_9GAMM	GCF_002393445.1_WP_061273728.1	28.205	81	86	96	78	51	2	2	79	10	82	4.48e-27	99.5
tr|A0A0B7JK74|A0A0B7JK74_9GAMM	GCF_017329545.1_WP_047884589.1	28.205	81	95	96	78	56	0	2	79	8	85	4.72e-27	99.8
tr|A0A0B7JK74|A0A0B7JK74_9GAMM	GCF_024224615.1_WP_125293588.1	26.923	81	86	96	78	52	2	2	79	10	82	4.93e-27	99.5
tr|A0A0B7JK74|A0A0B7JK74_9GAMM	GCF_000772105.1_WP_004748349.1	41.250	81	81	99	80	47	0	1	80	1	80	5.04e-27	99.5
tr|A0A0B7JK74|A0A0B7JK74_9GAMM	GCF_000024825.1_WP_005460845.1	39.506	81	81	100	81	49	0	1	81	1	81	5.16e-27	99.2
tr|A0A0B7JK74|A0A0B7JK74_9GAMM	GCF_022637515.1_WP_064539750.1	26.923	81	86	96	78	52	2	2	79	10	82	5.17e-27	99.5
tr|A0A0B7JK74|A0A0B7JK74_9GAMM	GCF_000148645.1_WP_013347076.1	41.250	81	80	99	80	47	0	2	81	1	80	5.24e-27	99.2
tr|A0A0B7JK74|A0A0B7JK74_9GAMM	GCF_003261575.2_WP_110272453.1	28.205	81	86	96	78	51	2	2	79	10	82	5.73e-27	99.2
tr|A0A0B7JK74|A0A0B7JK74_9GAMM	GCF_017915135.1_WP_210390879.1	27.848	81	90	98	79	57	0	2	80	7	85	6.94e-27	99.2
tr|A0A0B7JK74|A0A0B7JK74_9GAMM	GCF_019047765.1_WP_040231149.1	30.000	81	89	99	80	56	0	2	81	10	89	7.03e-27	99.2
tr|A0A0B7JK74|A0A0B7JK74_9GAMM	GCF_018139045.1_WP_004129134.1	28.205	81	86	96	78	51	2	2	79	10	82	7.51e-27	98.9
tr|A0A0B7JK74|A0A0B7JK74_9GAMM	GCF_002163605.1_WP_157665988.1	27.848	81	86	98	79	52	2	2	80	10	83	7.69e-27	98.9
tr|A0A0B7JK74|A0A0B7JK74_9GAMM	GCF_020079945.1_WP_039382769.1	23.077	81	87	96	78	55	2	2	79	10	82	7.77e-27	98.9
tr|A0A0B7JK74|A0A0B7JK74_9GAMM	GCF_003812925.1_WP_004107903.1	26.923	81	86	96	78	52	2	2	79	10	82	7.87e-27	98.9
tr|A0A0B7JK74|A0A0B7JK74_9GAMM	GCF_000238395.3_WP_010553578.1	48.750	81	83	99	80	41	0	1	80	1	80	7.89e-27	98.9
tr|A0A0B7JK74|A0A0B7JK74_9GAMM	GCF_000233595.1_WP_013024706.1	23.077	81	86	96	78	55	2	2	79	10	82	8.00e-27	98.9
tr|A0A0B7JK74|A0A0B7JK74_9GAMM	GCF_001277195.1_WP_032966924.1	26.923	81	86	96	78	52	2	2	79	10	82	8.06e-27	98.9
tr|A0A0B7JK74|A0A0B7JK74_9GAMM	GCF_000439255.1_WP_000062328.1	29.487	81	86	96	78	50	2	2	79	10	82	8.59e-27	98.9
tr|A0A0B7JK74|A0A0B7JK74_9GAMM	GCF_001277175.1_WP_007760020.1	28.205	81	86	96	78	51	2	2	79	10	82	8.66e-27	98.9
tr|A0A0B7JK74|A0A0B7JK74_9GAMM	GCF_006711645.1_WP_100682484.1	28.205	81	86	96	78	51	2	2	79	10	82	8.87e-27	98.9
tr|A0A0B7JK74|A0A0B7JK74_9GAMM	GCF_017354925.1_WP_207321174.1	21.250	81	87	99	80	63	0	2	81	7	86	8.89e-27	98.9
tr|A0A0B7JK74|A0A0B7JK74_9GAMM	GCF_021276285.1_WP_095923198.1	25.641	81	86	96	78	53	2	2	79	10	82	9.08e-27	98.9
tr|A0A0B7JK74|A0A0B7JK74_9GAMM	GCF_013234275.1_WP_172895488.1	28.205	81	86	96	78	51	2	2	79	10	82	9.30e-27	98.9
tr|A0A0B7JK74|A0A0B7JK74_9GAMM	GCF_022637595.1_WP_004858152.1	28.205	81	86	96	78	51	2	2	79	10	82	9.45e-27	98.6
tr|A0A0B7JK74|A0A0B7JK74_9GAMM	GCF_024347675.1_WP_261835500.1	37.037	81	81	100	81	51	0	1	81	1	81	9.52e-27	98.6
tr|A0A0B7JK74|A0A0B7JK74_9GAMM	GCF_001277215.2_WP_007776988.1	26.923	81	86	96	78	52	2	2	79	10	82	9.84e-27	98.6
tr|A0A0B7JK74|A0A0B7JK74_9GAMM	GCF_022637475.1_WP_013574214.1	24.359	81	86	96	78	54	2	2	79	10	82	1.04e-26	98.6
tr|A0A0B7JK74|A0A0B7JK74_9GAMM	GCF_003668795.1_WP_054981706.1	41.250	81	83	99	80	47	0	1	80	1	80	1.08e-26	98.6
tr|A0A0B7JK74|A0A0B7JK74_9GAMM	GCF_015139575.1_WP_004098776.1	26.923	81	86	96	78	52	2	2	79	10	82	1.21e-26	98.4
tr|A0A0B7JK74|A0A0B7JK74_9GAMM	GCF_002953195.1_WP_038628016.1	21.795	81	87	96	78	56	2	2	79	10	82	1.24e-26	98.4
tr|A0A0B7JK74|A0A0B7JK74_9GAMM	GCF_900635955.1_WP_126357486.1	28.205	81	86	96	78	51	2	2	79	10	82	1.37e-26	98.4
tr|A0A0B7JK74|A0A0B7JK74_9GAMM	GCF_003019925.1_WP_162185254.1	28.205	81	86	96	78	51	2	2	79	10	82	1.44e-26	98.4
tr|A0A0B7JK74|A0A0B7JK74_9GAMM	GCF_001007935.1_WP_046849946.1	32.500	81	84	99	80	54	0	1	80	5	84	1.47e-26	98.4
tr|A0A0B7JK74|A0A0B7JK74_9GAMM	GCF_019670485.1_WP_221071211.1	40.000	81	81	99	80	48	0	1	80	1	80	1.50e-26	98.1
tr|A0A0B7JK74|A0A0B7JK74_9GAMM	GCF_000018045.1_WP_024130681.1	26.923	81	86	96	78	52	2	2	79	10	82	1.52e-26	98.4
tr|A0A0B7JK74|A0A0B7JK74_9GAMM	GCF_002221525.1_WP_089349457.1	41.250	81	83	99	80	47	0	1	80	1	80	1.53e-26	98.1
tr|A0A0B7JK74|A0A0B7JK74_9GAMM	GCF_017354965.1_WP_207380278.1	21.250	81	87	99	80	63	0	2	81	7	86	1.61e-26	98.1
tr|A0A0B7JK74|A0A0B7JK74_9GAMM	GCF_011617105.1_WP_025800203.1	24.675	81	86	95	77	53	2	2	78	10	81	1.83e-26	98.1
tr|A0A0B7JK74|A0A0B7JK74_9GAMM	GCF_011068345.1_WP_002436992.1	26.923	81	86	96	78	52	2	2	79	10	82	1.83e-26	98.1
tr|A0A0B7JK74|A0A0B7JK74_9GAMM	GCF_000834395.1_WP_042546713.1	26.923	81	86	96	78	52	2	2	79	10	82	1.83e-26	98.1
tr|A0A0B7JK74|A0A0B7JK74_9GAMM	GCF_002215585.1_WP_088903590.1	23.077	81	89	96	78	59	1	1	78	6	82	1.98e-26	98.1
tr|A0A0B7JK74|A0A0B7JK74_9GAMM	GCF_004124235.1_WP_025377303.1	26.923	81	86	96	78	52	2	2	79	10	82	2.34e-26	97.8
tr|A0A0B7JK74|A0A0B7JK74_9GAMM	GCF_000006945.2_NP_459242.1	29.487	81	86	96	78	50	2	2	79	10	82	2.41e-26	97.8
tr|A0A0B7JK74|A0A0B7JK74_9GAMM	GCF_024360925.2_WP_255188929.1	36.709	81	83	98	79	49	1	2	80	6	83	2.52e-26	97.5
tr|A0A0B7JK74|A0A0B7JK74_9GAMM	GCF_009363415.1_WP_152430616.1	41.975	81	84	100	81	47	0	1	81	1	81	2.56e-26	97.5
tr|A0A0B7JK74|A0A0B7JK74_9GAMM	GCF_019669905.1_WP_054759186.1	34.177	81	79	98	79	48	1	2	80	5	79	2.58e-26	97.5
tr|A0A0B7JK74|A0A0B7JK74_9GAMM	GCF_002355475.1_WP_003455993.1	27.848	81	90	98	79	57	0	2	80	5	83	2.74e-26	97.8
tr|A0A0B7JK74|A0A0B7JK74_9GAMM	GCF_000222975.1_WP_002218374.1	26.923	81	86	96	78	52	2	2	79	10	82	2.79e-26	97.5
tr|A0A0B7JK74|A0A0B7JK74_9GAMM	GCF_001999225.1_WP_077537996.1	46.250	81	82	99	80	43	0	1	80	1	80	2.99e-26	97.5
tr|A0A0B7JK74|A0A0B7JK74_9GAMM	GCF_012029655.1_WP_041144145.1	26.923	81	86	96	78	52	2	2	79	10	82	3.04e-26	97.5
tr|A0A0B7JK74|A0A0B7JK74_9GAMM	GCF_002101395.1_WP_085067900.1	21.795	81	87	96	78	56	2	2	79	10	82	3.07e-26	97.5
tr|A0A0B7JK74|A0A0B7JK74_9GAMM	GCF_013282725.1_WP_032813813.1	25.641	81	86	96	78	53	2	2	79	10	82	3.09e-26	97.5
tr|A0A0B7JK74|A0A0B7JK74_9GAMM	GCF_019670705.1_WP_100146025.1	20.253	81	92	98	79	63	0	2	80	7	85	3.36e-26	97.5
tr|A0A0B7JK74|A0A0B7JK74_9GAMM	GCF_012767755.2_WP_173176508.1	25.316	81	91	98	79	56	1	2	80	7	82	3.60e-26	97.5
tr|A0A0B7JK74|A0A0B7JK74_9GAMM	GCF_011044475.1_WP_033740322.1	23.077	81	86	96	78	55	2	2	79	10	82	4.18e-26	97.2
tr|A0A0B7JK74|A0A0B7JK74_9GAMM	GCF_016834455.1_WP_203325205.1	21.519	81	86	98	79	62	0	2	80	7	85	4.86e-26	96.9
tr|A0A0B7JK74|A0A0B7JK74_9GAMM	GCF_020683125.1_WP_133842177.1	24.359	81	88	96	78	54	2	2	79	11	83	4.96e-26	96.9
tr|A0A0B7JK74|A0A0B7JK74_9GAMM	GCF_009914055.1_WP_160619715.1	23.077	81	87	96	78	55	2	2	79	10	82	5.19e-26	96.9
tr|A0A0B7JK74|A0A0B7JK74_9GAMM	GCF_000015245.1_WP_011761423.1	20.253	81	86	98	79	63	0	2	80	7	85	5.34e-26	96.9
tr|A0A0B7JK74|A0A0B7JK74_9GAMM	GCF_019890955.1_WP_211725887.1	23.077	81	87	96	78	55	2	2	79	10	82	5.48e-26	96.9
tr|A0A0B7JK74|A0A0B7JK74_9GAMM	GCF_000834455.1_WP_032817050.1	26.923	81	86	96	78	52	2	2	79	10	82	5.65e-26	96.7
tr|A0A0B7JK74|A0A0B7JK74_9GAMM	GCF_003258315.1_WP_111337788.1	28.750	81	88	99	80	57	0	1	80	5	84	5.90e-26	96.7
tr|A0A0B7JK74|A0A0B7JK74_9GAMM	GCF_009730655.1_WP_156020461.1	20.253	81	92	98	79	63	0	2	80	7	85	6.00e-26	96.9
tr|A0A0B7JK74|A0A0B7JK74_9GAMM	GCF_023517775.1_WP_249893541.1	21.795	81	87	96	78	56	2	2	79	10	82	6.74e-26	96.7
tr|A0A0B7JK74|A0A0B7JK74_9GAMM	GCF_009730055.1_WP_032906500.1	26.923	81	86	96	78	52	2	2	79	10	82	9.17e-26	96.4
tr|A0A0B7JK74|A0A0B7JK74_9GAMM	GCF_000026185.1_WP_012440659.1	24.359	81	87	96	78	54	2	2	79	10	82	9.56e-26	96.1
tr|A0A0B7JK74|A0A0B7JK74_9GAMM	GCF_019844095.1_WP_062747070.1	24.359	81	88	96	78	54	2	2	79	11	83	1.07e-25	96.1
tr|A0A0B7JK74|A0A0B7JK74_9GAMM	GCF_008807375.1_WP_151133519.1	27.848	81	90	98	79	57	0	2	80	5	83	1.12e-25	96.1
tr|A0A0B7JK74|A0A0B7JK74_9GAMM	GCF_002887615.1_WP_038869703.1	37.500	81	81	99	80	50	0	1	80	1	80	1.19e-25	95.8
tr|A0A0B7JK74|A0A0B7JK74_9GAMM	GCF_000196615.1_WP_013200864.1	23.077	81	87	96	78	55	2	2	79	10	82	1.29e-25	95.8
tr|A0A0B7JK74|A0A0B7JK74_9GAMM	GCF_020150375.1_WP_004094310.1	24.675	81	86	95	77	53	2	2	78	10	81	1.34e-25	95.8
tr|A0A0B7JK74|A0A0B7JK74_9GAMM	GCF_012427845.1_WP_012773648.1	20.513	81	86	96	78	57	2	2	79	10	82	1.49e-25	95.8
tr|A0A0B7JK74|A0A0B7JK74_9GAMM	GCF_008931805.1_WP_019441510.1	42.500	81	81	99	80	46	0	1	80	1	80	1.51e-25	95.5
tr|A0A0B7JK74|A0A0B7JK74_9GAMM	GCF_000019525.1_WP_012323084.1	32.500	81	81	99	80	54	0	1	80	1	80	1.55e-25	95.5
tr|A0A0B7JK74|A0A0B7JK74_9GAMM	GCF_025133195.1_WP_032910235.1	26.923	81	86	96	78	52	2	2	79	10	82	1.59e-25	95.5
tr|A0A0B7JK74|A0A0B7JK74_9GAMM	GCF_000264765.2_WP_034163237.1	25.316	81	86	98	79	54	2	2	80	10	83	1.82e-25	95.5
tr|A0A0B7JK74|A0A0B7JK74_9GAMM	GCF_019797845.1_WP_222158377.1	23.077	81	86	96	78	55	2	2	79	10	82	1.86e-25	95.5
tr|A0A0B7JK74|A0A0B7JK74_9GAMM	GCF_002288545.1_WP_029367608.1	20.513	81	86	96	78	57	2	2	79	10	82	1.86e-25	95.5
tr|A0A0B7JK74|A0A0B7JK74_9GAMM	GCF_002157895.1_WP_227874980.1	50.000	81	82	99	80	40	0	1	80	2	81	1.88e-25	95.3
tr|A0A0B7JK74|A0A0B7JK74_9GAMM	GCF_000520015.2_WP_024910172.1	30.769	81	87	96	78	49	2	2	79	10	82	1.97e-25	95.5
tr|A0A0B7JK74|A0A0B7JK74_9GAMM	GCF_000025065.1_WP_012883679.1	24.359	81	86	96	78	54	2	2	79	10	82	2.06e-25	95.3
tr|A0A0B7JK74|A0A0B7JK74_9GAMM	GCF_000010085.1_WP_011411656.1	26.923	81	86	96	78	52	2	2	79	10	82	2.13e-25	95.3
tr|A0A0B7JK74|A0A0B7JK74_9GAMM	GCF_022647505.1_WP_128179458.1	20.513	81	87	96	78	57	2	2	79	10	82	2.26e-25	95.3
tr|A0A0B7JK74|A0A0B7JK74_9GAMM	GCF_017498685.1_WP_038245151.1	25.641	81	86	96	78	53	2	2	79	10	82	2.34e-25	95.3
tr|A0A0B7JK74|A0A0B7JK74_9GAMM	GCF_000517425.1_WP_025421126.1	26.923	81	86	96	78	52	2	2	79	10	82	2.62e-25	95.0
tr|A0A0B7JK74|A0A0B7JK74_9GAMM	GCF_021029445.1_WP_230924827.1	30.380	81	89	98	79	54	1	2	80	7	84	2.83e-25	95.0
tr|A0A0B7JK74|A0A0B7JK74_9GAMM	GCF_004792415.1_WP_013356856.1	23.077	81	86	96	78	55	2	2	79	10	82	3.27e-25	95.0
tr|A0A0B7JK74|A0A0B7JK74_9GAMM	GCF_014524625.1_WP_009050814.1	30.380	81	92	98	79	55	0	2	80	7	85	3.76e-25	94.7
tr|A0A0B7JK74|A0A0B7JK74_9GAMM	GCF_005484945.1_WP_137712817.1	20.513	81	86	96	78	57	2	2	79	10	82	4.49e-25	94.4
tr|A0A0B7JK74|A0A0B7JK74_9GAMM	GCF_900095885.1_WP_035340381.1	25.641	81	86	96	78	53	2	2	79	10	82	4.90e-25	94.4
tr|A0A0B7JK74|A0A0B7JK74_9GAMM	GCF_009873295.1_WP_039312412.1	20.513	81	86	96	78	57	2	2	79	10	82	4.94e-25	94.4
tr|A0A0B7JK74|A0A0B7JK74_9GAMM	GCF_001431725.1_WP_021820278.1	38.272	81	81	100	81	50	0	1	81	1	81	5.14e-25	94.1
tr|A0A0B7JK74|A0A0B7JK74_9GAMM	GCF_002005305.1_WP_077753428.1	25.926	81	86	100	81	60	0	1	81	6	86	5.75e-25	94.1
tr|A0A0B7JK74|A0A0B7JK74_9GAMM	GCF_000023565.1_WP_012770818.1	23.077	81	86	96	78	55	2	2	79	10	82	6.48e-25	94.1
tr|A0A0B7JK74|A0A0B7JK74_9GAMM	GCF_016026735.1_WP_015673540.1	30.769	81	87	96	78	49	2	2	79	10	82	6.49e-25	94.1
tr|A0A0B7JK74|A0A0B7JK74_9GAMM	GCF_009931295.1_WP_161528353.1	20.513	81	86	96	78	57	2	2	79	10	82	6.96e-25	94.1
tr|A0A0B7JK74|A0A0B7JK74_9GAMM	GCF_021733145.1_WP_012847629.1	26.582	81	86	98	79	53	2	2	80	10	83	7.12e-25	93.9
tr|A0A0B7JK74|A0A0B7JK74_9GAMM	GCF_020181655.1_WP_225087160.1	19.231	81	86	96	78	58	2	2	79	10	82	7.12e-25	93.9
tr|A0A0B7JK74|A0A0B7JK74_9GAMM	GCF_902387845.1_WP_004237241.1	25.316	81	88	98	79	54	2	2	80	10	83	7.68e-25	93.9
tr|A0A0B7JK74|A0A0B7JK74_9GAMM	GCF_019977755.1_WP_126608378.1	37.209	81	103	99	86	48	1	1	80	15	100	7.80e-25	94.1
tr|A0A0B7JK74|A0A0B7JK74_9GAMM	GCF_000740965.1_WP_011092648.1	20.513	81	86	96	78	57	2	2	79	10	82	9.11e-25	93.6
tr|A0A0B7JK74|A0A0B7JK74_9GAMM	GCF_007858975.2_WP_042869176.1	23.077	81	86	96	78	55	2	2	79	10	82	9.26e-25	93.6
tr|A0A0B7JK74|A0A0B7JK74_9GAMM	GCF_001642805.2_WP_004931991.1	32.051	81	87	96	78	48	2	2	79	10	82	1.00e-24	93.6
tr|A0A0B7JK74|A0A0B7JK74_9GAMM	GCF_000196475.1_WP_012776850.1	26.250	81	88	99	80	54	2	2	81	10	84	1.03e-24	93.6
tr|A0A0B7JK74|A0A0B7JK74_9GAMM	GCF_021462285.1_WP_234585968.1	30.769	81	87	96	78	49	2	2	79	10	82	1.32e-24	93.3
tr|A0A0B7JK74|A0A0B7JK74_9GAMM	GCF_009817885.1_WP_105232289.1	30.769	81	87	96	78	49	2	2	79	10	82	1.34e-24	93.3
tr|A0A0B7JK74|A0A0B7JK74_9GAMM	GCF_012295615.1_WP_007018284.1	40.741	81	81	100	81	48	0	1	81	1	81	1.39e-24	93.0
tr|A0A0B7JK74|A0A0B7JK74_9GAMM	GCF_020342335.1_WP_067428135.1	23.077	81	87	96	78	55	2	2	79	10	82	1.39e-24	93.3
tr|A0A0B7JK74|A0A0B7JK74_9GAMM	GCF_000968535.2_WP_014147785.1	33.750	81	84	99	80	52	1	2	81	6	84	1.45e-24	93.3
tr|A0A0B7JK74|A0A0B7JK74_9GAMM	GCF_005931095.1_WP_017839868.1	33.750	81	84	99	80	52	1	2	81	6	84	1.51e-24	93.0
tr|A0A0B7JK74|A0A0B7JK74_9GAMM	GCF_013460135.1_WP_180816665.1	26.582	81	88	98	79	53	2	2	80	10	83	1.57e-24	93.0
tr|A0A0B7JK74|A0A0B7JK74_9GAMM	GCF_019048385.1_WP_062759648.1	23.077	81	86	96	78	55	2	2	79	10	82	1.59e-24	93.0
tr|A0A0B7JK74|A0A0B7JK74_9GAMM	GCF_003515985.1_WP_085653101.1	23.077	81	86	96	78	55	2	2	79	10	82	1.64e-24	93.0
tr|A0A0B7JK74|A0A0B7JK74_9GAMM	GCF_020268605.1_WP_180560445.1	26.582	81	88	98	79	53	2	2	80	10	83	1.86e-24	93.0
tr|A0A0B7JK74|A0A0B7JK74_9GAMM	GCF_004768525.1_WP_026822068.1	26.582	81	88	98	79	53	2	2	80	10	83	1.92e-24	93.0
tr|A0A0B7JK74|A0A0B7JK74_9GAMM	GCF_002849875.1_WP_232379112.1	39.024	81	113	98	82	47	1	2	80	32	113	2.14e-24	93.3
tr|A0A0B7JK74|A0A0B7JK74_9GAMM	GCF_017569925.1_WP_208228065.1	21.795	81	86	96	78	56	2	2	79	10	82	2.15e-24	92.7
tr|A0A0B7JK74|A0A0B7JK74_9GAMM	GCF_015999465.1_WP_085688159.1	21.795	81	86	96	78	56	2	2	79	10	82	2.29e-24	92.7
tr|A0A0B7JK74|A0A0B7JK74_9GAMM	GCF_001742185.1_WP_005975933.1	20.513	81	86	96	78	57	2	2	79	10	82	2.44e-24	92.7
tr|A0A0B7JK74|A0A0B7JK74_9GAMM	GCF_009646115.1_WP_008925644.1	23.077	81	86	96	78	55	2	2	79	10	82	2.64e-24	92.4
tr|A0A0B7JK74|A0A0B7JK74_9GAMM	GCF_000262305.1_WP_002441069.1	26.923	81	86	96	78	52	2	2	79	10	82	2.64e-24	92.4
tr|A0A0B7JK74|A0A0B7JK74_9GAMM	GCF_006364355.1_WP_004727652.1	37.037	81	83	100	81	51	0	1	81	1	81	2.67e-24	92.4
tr|A0A0B7JK74|A0A0B7JK74_9GAMM	GCF_029457395.1_WP_024766443.1	24.096	81	92	98	83	59	1	2	80	7	89	2.72e-24	92.7
tr|A0A0B7JK74|A0A0B7JK74_9GAMM	GCF_002812485.1_WP_038661467.1	23.077	81	86	96	78	55	2	2	79	10	82	2.82e-24	92.4
tr|A0A0B7JK74|A0A0B7JK74_9GAMM	GCF_900187015.1_WP_061796701.1	29.487	81	87	96	78	50	2	2	79	10	82	2.84e-24	92.4
tr|A0A0B7JK74|A0A0B7JK74_9GAMM	GCF_000014765.1_WP_011633385.1	35.443	81	89	98	79	51	0	2	80	5	83	2.97e-24	92.4
tr|A0A0B7JK74|A0A0B7JK74_9GAMM	GCF_001010285.1_WP_046974061.1	23.750	81	88	99	80	56	2	2	81	10	84	3.16e-24	92.4
tr|A0A0B7JK74|A0A0B7JK74_9GAMM	GCF_019090985.1_WP_036781226.1	25.000	81	88	99	80	55	2	2	81	10	84	3.19e-24	92.4
tr|A0A0B7JK74|A0A0B7JK74_9GAMM	GCF_000023545.1_WP_015854637.1	20.513	81	86	96	78	57	2	2	79	10	82	3.25e-24	92.2
tr|A0A0B7JK74|A0A0B7JK74_9GAMM	GCF_019797925.1_WP_193521737.1	39.506	81	80	100	81	48	1	1	81	1	80	3.32e-24	92.2
tr|A0A0B7JK74|A0A0B7JK74_9GAMM	GCF_001455205.1_WP_062560013.1	32.500	81	84	99	80	53	1	2	81	6	84	3.68e-24	92.2
tr|A0A0B7JK74|A0A0B7JK74_9GAMM	GCF_000091565.1_WP_004159420.1	23.077	81	87	96	78	55	2	2	79	10	82	3.85e-24	92.2
tr|A0A0B7JK74|A0A0B7JK74_9GAMM	GCF_002291445.1_WP_048635886.1	21.795	81	86	96	78	56	2	2	79	10	82	3.96e-24	92.2
tr|A0A0B7JK74|A0A0B7JK74_9GAMM	GCF_003992745.1_WP_014700896.1	21.795	81	86	96	78	56	2	2	79	10	82	6.54e-24	91.6
tr|A0A0B7JK74|A0A0B7JK74_9GAMM	GCF_000968195.1_WP_045972480.1	26.250	81	87	99	80	54	2	2	81	11	85	7.38e-24	91.3
tr|A0A0B7JK74|A0A0B7JK74_9GAMM	GCF_000196155.1_WP_011145066.1	25.000	81	88	99	80	55	2	2	81	10	84	7.94e-24	91.3
tr|A0A0B7JK74|A0A0B7JK74_9GAMM	GCF_000147055.1_WP_022632468.1	23.077	81	86	96	78	55	2	2	79	10	82	8.36e-24	91.3
tr|A0A0B7JK74|A0A0B7JK74_9GAMM	GCF_002504285.1_WP_005282992.1	24.051	81	86	98	79	55	2	2	80	10	83	8.70e-24	91.3
tr|A0A0B7JK74|A0A0B7JK74_9GAMM	GCF_000517405.1_WP_038469034.1	25.641	81	83	96	78	53	2	2	79	7	79	8.73e-24	91.0
tr|A0A0B7JK74|A0A0B7JK74_9GAMM	GCF_000146165.2_WP_164925808.1	22.222	81	89	99	81	62	1	1	80	6	86	8.83e-24	91.3
tr|A0A0B7JK74|A0A0B7JK74_9GAMM	GCF_011045835.1_WP_075671674.1	30.000	81	86	99	80	51	2	2	81	10	84	9.13e-24	91.0
tr|A0A0B7JK74|A0A0B7JK74_9GAMM	GCF_024346675.1_WP_048897676.1	26.582	81	86	98	79	58	0	2	80	8	86	9.42e-24	91.0
tr|A0A0B7JK74|A0A0B7JK74_9GAMM	GCF_003403135.1_WP_024104894.1	23.077	81	86	96	78	55	2	2	79	10	82	9.80e-24	91.0
tr|A0A0B7JK74|A0A0B7JK74_9GAMM	GCF_013423785.1_WP_180308358.1	27.848	81	88	98	79	56	1	2	80	10	87	1.01e-23	91.0
tr|A0A0B7JK74|A0A0B7JK74_9GAMM	GCF_022647325.1_WP_111140597.1	23.077	81	86	96	78	55	2	2	79	10	82	1.03e-23	91.0
tr|A0A0B7JK74|A0A0B7JK74_9GAMM	GCF_000019185.1_WP_012277931.1	33.000	81	100	100	100	48	1	1	81	1	100	1.57e-23	90.8
tr|A0A0B7JK74|A0A0B7JK74_9GAMM	GCF_000214235.1_WP_004952197.1	23.077	81	85	96	78	55	2	2	79	8	80	1.78e-23	90.5
tr|A0A0B7JK74|A0A0B7JK74_9GAMM	GCF_000014885.1_WP_020912292.1	21.519	81	87	98	79	62	0	2	80	7	85	1.78e-23	90.5
tr|A0A0B7JK74|A0A0B7JK74_9GAMM	GCF_022369495.1_WP_072064250.1	30.000	81	86	99	80	51	2	2	81	10	84	2.02e-23	90.2
tr|A0A0B7JK74|A0A0B7JK74_9GAMM	GCF_005484965.1_WP_009114129.1	19.231	81	86	96	78	58	2	2	79	10	82	2.10e-23	90.2
tr|A0A0B7JK74|A0A0B7JK74_9GAMM	GCF_012971725.1_WP_169940133.1	24.096	81	92	98	83	59	1	2	80	7	89	2.15e-23	90.2
tr|A0A0B7JK74|A0A0B7JK74_9GAMM	GCF_008632455.1_WP_150048082.1	35.443	81	84	98	79	50	1	2	80	6	83	2.60e-23	89.9
tr|A0A0B7JK74|A0A0B7JK74_9GAMM	GCF_001006005.1_WP_223499701.1	24.359	81	85	96	78	54	2	2	79	8	80	2.88e-23	89.9
tr|A0A0B7JK74|A0A0B7JK74_9GAMM	GCF_000069965.1_WP_004245453.1	26.250	81	86	99	80	54	2	2	81	10	84	3.23e-23	89.6
tr|A0A0B7JK74|A0A0B7JK74_9GAMM	GCF_000968175.1_WP_045959360.1	26.250	81	88	99	80	54	2	2	81	11	85	4.35e-23	89.4
tr|A0A0B7JK74|A0A0B7JK74_9GAMM	GCF_008364325.2_WP_230090436.1	23.077	81	85	96	78	55	2	2	79	8	80	4.61e-23	89.4
tr|A0A0B7JK74|A0A0B7JK74_9GAMM	GCF_000261045.2_WP_006318653.1	23.077	81	87	96	78	55	2	2	79	10	82	4.62e-23	89.4
tr|A0A0B7JK74|A0A0B7JK74_9GAMM	GCF_024746855.1_WP_260492542.1	38.750	81	79	99	80	48	1	1	80	1	79	4.64e-23	89.4
tr|A0A0B7JK74|A0A0B7JK74_9GAMM	GCF_016026395.1_WP_024524235.1	25.316	81	86	98	79	54	2	2	80	10	83	5.08e-23	89.4
tr|A0A0B7JK74|A0A0B7JK74_9GAMM	GCF_002291425.1_WP_095847471.1	29.487	81	87	96	78	50	2	2	79	10	82	5.46e-23	89.1
tr|A0A0B7JK74|A0A0B7JK74_9GAMM	GCF_900638135.1_WP_012146468.1	23.077	81	87	96	78	55	2	2	79	10	82	5.55e-23	89.1
tr|A0A0B7JK74|A0A0B7JK74_9GAMM	GCF_009831665.3_WP_006709226.1	24.359	81	87	96	78	54	2	2	79	10	82	6.72e-23	89.1
tr|A0A0B7JK74|A0A0B7JK74_9GAMM	GCF_003568825.1_WP_040644076.1	26.506	81	83	99	83	58	1	1	80	1	83	7.00e-23	88.8
tr|A0A0B7JK74|A0A0B7JK74_9GAMM	GCF_017743015.1_WP_209027287.1	22.500	81	88	99	80	57	2	2	81	10	84	7.35e-23	88.8
tr|A0A0B7JK74|A0A0B7JK74_9GAMM	GCF_000016065.1_WP_011864074.1	20.000	81	93	99	80	63	1	1	80	6	84	7.79e-23	88.8
tr|A0A0B7JK74|A0A0B7JK74_9GAMM	GCF_019047765.1_WP_040230035.1	28.205	81	86	96	78	51	2	2	79	10	82	8.51e-23	88.8
tr|A0A0B7JK74|A0A0B7JK74_9GAMM	GCF_003074995.2_WP_015870269.1	26.582	81	86	98	79	53	2	2	80	10	83	9.21e-23	88.5
tr|A0A0B7JK74|A0A0B7JK74_9GAMM	GCF_029277985.1_WP_154623766.1	25.641	81	87	96	78	53	2	2	79	10	82	9.60e-23	88.5
tr|A0A0B7JK74|A0A0B7JK74_9GAMM	GCF_019703835.1_WP_087020305.1	39.241	81	79	98	79	44	1	2	80	1	75	9.64e-23	88.5
tr|A0A0B7JK74|A0A0B7JK74_9GAMM	GCF_017348915.1_WP_040077077.1	28.205	81	86	96	78	51	2	2	79	10	82	1.10e-22	88.5
tr|A0A0B7JK74|A0A0B7JK74_9GAMM	GCF_003096015.2_WP_230514010.1	25.316	81	88	98	79	54	2	2	80	11	84	1.15e-22	88.5
tr|A0A0B7JK74|A0A0B7JK74_9GAMM	GCF_004116975.1_WP_064720954.1	26.250	81	86	99	80	54	2	2	81	10	84	1.33e-22	88.2
tr|A0A0B7JK74|A0A0B7JK74_9GAMM	GCF_003025345.2_WP_003155955.1	23.529	81	91	99	85	60	1	2	81	7	91	1.41e-22	88.2
tr|A0A0B7JK74|A0A0B7JK74_9GAMM	GCF_004295645.1_WP_228350951.1	24.051	81	88	98	79	55	2	2	80	11	84	1.57e-22	87.9
tr|A0A0B7JK74|A0A0B7JK74_9GAMM	GCF_022592395.1_WP_047255099.1	24.051	81	87	98	79	55	2	2	80	10	83	1.89e-22	87.9
tr|A0A0B7JK74|A0A0B7JK74_9GAMM	GCF_021365465.1_WP_016190321.1	21.795	81	87	96	78	56	2	2	79	10	82	2.28e-22	87.7
tr|A0A0B7JK74|A0A0B7JK74_9GAMM	GCF_014295015.1_WP_013185414.1	22.500	81	87	99	80	57	2	2	81	11	85	2.41e-22	87.7
tr|A0A0B7JK74|A0A0B7JK74_9GAMM	GCF_900478135.1_WP_111739359.1	24.051	81	88	98	79	55	2	2	80	11	84	2.58e-22	87.4
tr|A0A0B7JK74|A0A0B7JK74_9GAMM	GCF_900638655.1_WP_047781753.1	24.051	81	88	98	79	55	2	2	80	11	84	3.66e-22	87.1
tr|A0A0B7JK74|A0A0B7JK74_9GAMM	GCF_002952315.1_WP_012667243.1	19.231	81	87	96	78	58	2	2	79	10	82	4.41e-22	86.8
tr|A0A0B7JK74|A0A0B7JK74_9GAMM	GCF_001721185.1_WP_069317984.1	22.500	81	87	99	80	57	2	2	81	10	84	5.43e-22	86.5
tr|A0A0B7JK74|A0A0B7JK74_9GAMM	GCF_025946765.1_WP_264497926.1	21.795	81	86	96	78	56	2	2	79	10	82	5.55e-22	86.5
tr|A0A0B7JK74|A0A0B7JK74_9GAMM	GCF_000785705.2_WP_036272019.1	31.646	81	82	98	79	52	2	2	80	6	82	6.31e-22	86.3
tr|A0A0B7JK74|A0A0B7JK74_9GAMM	GCF_008033135.1_WP_148717358.1	23.750	81	87	99	80	60	1	2	81	7	85	8.40e-22	86.3
tr|A0A0B7JK74|A0A0B7JK74_9GAMM	GCF_900475855.1_WP_068441311.1	25.641	81	87	96	78	53	2	2	79	10	82	8.67e-22	86.3
tr|A0A0B7JK74|A0A0B7JK74_9GAMM	GCF_003204135.1_WP_004908806.1	28.205	81	87	96	78	51	2	2	79	10	82	9.32e-22	86.0
tr|A0A0B7JK74|A0A0B7JK74_9GAMM	GCF_002843235.3_WP_102139922.1	28.205	81	87	96	78	51	2	2	79	10	82	1.15e-21	85.7
tr|A0A0B7JK74|A0A0B7JK74_9GAMM	GCF_002393505.1_WP_006658392.1	30.769	81	87	96	78	49	2	2	79	10	82	1.30e-21	85.7
tr|A0A0B7JK74|A0A0B7JK74_9GAMM	GCF_020541225.1_WP_226811316.1	26.923	81	86	96	78	52	2	2	79	10	82	1.51e-21	85.4
tr|A0A0B7JK74|A0A0B7JK74_9GAMM	GCF_026427595.1_WP_251812951.1	29.762	81	88	99	84	55	2	1	80	4	87	1.60e-21	85.4
tr|A0A0B7JK74|A0A0B7JK74_9GAMM	GCF_008364325.2_WP_020826409.1	27.848	81	84	98	79	54	1	2	80	7	82	2.96e-21	84.8
tr|A0A0B7JK74|A0A0B7JK74_9GAMM	GCF_005671395.1_WP_138095872.1	22.727	81	86	81	66	50	1	2	67	10	74	8.33e-21	83.7
tr|A0A0B7JK74|A0A0B7JK74_9GAMM	GCF_017638925.1_WP_208844867.1	39.241	81	81	98	79	47	1	1	79	1	78	1.70e-20	82.6
tr|A0A0B7JK74|A0A0B7JK74_9GAMM	GCF_001677435.1_WP_068615618.1	21.739	81	90	85	69	53	1	2	70	9	76	5.74e-20	81.5
tr|A0A0B7JK74|A0A0B7JK74_9GAMM	GCF_007197555.1_WP_144048375.1	26.437	81	94	100	87	58	1	1	81	6	92	9.38e-20	81.2
tr|A0A0B7JK74|A0A0B7JK74_9GAMM	GCF_000018285.1_WP_012155987.1	33.663	81	102	99	101	46	1	1	80	1	101	1.68e-19	80.6
tr|A0A0B7JK74|A0A0B7JK74_9GAMM	GCF_003990335.1_WP_127025819.1	30.137	81	91	90	73	50	1	1	73	5	76	2.68e-19	79.8
tr|A0A0B7JK74|A0A0B7JK74_9GAMM	GCF_000147355.1_WP_013326989.1	33.333	81	67	81	66	44	0	15	80	1	66	8.51e-19	78.1
tr|A0A0B7JK74|A0A0B7JK74_9GAMM	GCF_004358345.1_WP_121852852.1	27.941	81	76	84	68	49	0	2	69	8	75	2.26e-18	77.3
tr|A0A0B7JK74|A0A0B7JK74_9GAMM	GCF_000788395.1_WP_038641921.1	28.750	81	85	99	80	57	0	2	81	5	84	3.07e-18	77.0
tr|A0A0B7JK74|A0A0B7JK74_9GAMM	GCF_020991025.1_WP_152109250.1	28.788	81	83	81	66	47	0	2	67	8	73	7.62e-18	76.1
tr|A0A0B7JK74|A0A0B7JK74_9GAMM	GCF_003515105.1_WP_036973086.1	23.881	81	73	83	67	51	0	2	68	6	72	9.67e-18	75.6
tr|A0A0B7JK74|A0A0B7JK74_9GAMM	GCF_003855395.1_WP_124730567.1	37.349	81	88	98	83	48	2	2	80	4	86	1.29e-17	75.6
tr|A0A0B7JK74|A0A0B7JK74_9GAMM	GCF_016026875.1_WP_045525981.1	24.051	81	89	98	79	55	3	2	80	7	80	1.56e-17	75.3
tr|A0A0B7JK74|A0A0B7JK74_9GAMM	GCF_020405345.1_WP_017780573.1	22.785	81	89	98	79	56	2	2	80	7	80	1.70e-17	75.3
tr|A0A0B7JK74|A0A0B7JK74_9GAMM	GCF_002215215.1_WP_088918776.1	23.750	81	101	99	80	60	1	2	81	20	98	1.75e-17	75.6
tr|A0A0B7JK74|A0A0B7JK74_9GAMM	GCF_020511155.1_WP_226415657.1	29.762	81	87	99	84	55	2	1	80	4	87	6.09e-17	73.9
tr|A0A0B7JK74|A0A0B7JK74_9GAMM	GCF_000014705.1_WP_011637758.1	33.735	81	88	98	83	51	2	2	80	4	86	1.11e-16	73.0
tr|A0A0B7JK74|A0A0B7JK74_9GAMM	GCF_015209785.1_WP_193988300.1	21.875	81	73	79	64	50	0	2	65	6	69	5.65e-16	71.1
tr|A0A0B7JK74|A0A0B7JK74_9GAMM	GCF_002157225.2_WP_086934278.1	29.167	81	80	89	72	50	1	1	72	4	74	6.04e-16	71.1
tr|A0A0B7JK74|A0A0B7JK74_9GAMM	GCF_020149575.1_WP_224431657.1	23.750	81	85	99	80	56	3	2	81	7	81	1.05e-15	70.5
tr|A0A0B7JK74|A0A0B7JK74_9GAMM	GCF_020423125.1_WP_226170850.1	20.253	81	84	98	79	58	3	2	80	7	80	1.34e-15	70.2
tr|A0A0B7JK74|A0A0B7JK74_9GAMM	GCF_900637545.1_WP_042651794.1	21.519	81	84	98	79	57	3	2	80	7	80	2.23e-15	69.7
tr|A0A0B7JK74|A0A0B7JK74_9GAMM	GCF_003063625.1_WP_108601906.1	30.137	81	85	90	73	49	2	1	73	4	74	2.50e-15	69.7
tr|A0A0B7JK74|A0A0B7JK74_9GAMM	GCF_028355655.1_WP_087756847.1	21.519	81	84	98	79	57	3	2	80	7	80	3.19e-15	69.4
tr|A0A0B7JK74|A0A0B7JK74_9GAMM	GCF_000013765.1_WP_011496543.1	22.892	81	106	98	83	60	2	2	80	23	105	3.23e-15	69.7
tr|A0A0B7JK74|A0A0B7JK74_9GAMM	GCF_023650495.1_WP_250655372.1	28.235	81	88	100	85	57	2	1	81	4	88	6.34e-15	68.5
tr|A0A0B7JK74|A0A0B7JK74_9GAMM	GCF_001020955.1_WP_047250467.1	19.718	81	82	84	71	54	1	2	69	10	80	6.82e-15	68.5
tr|A0A0B7JK74|A0A0B7JK74_9GAMM	GCF_000940995.1_WP_082060442.1	21.429	81	93	86	70	55	0	10	79	16	85	7.79e-15	68.5
tr|A0A0B7JK74|A0A0B7JK74_9GAMM	GCF_002218045.2_WP_089137819.1	24.638	81	79	81	69	49	1	2	67	9	77	8.30e-15	68.3
tr|A0A0B7JK74|A0A0B7JK74_9GAMM	GCF_014169735.1_WP_134997272.1	18.987	81	86	98	79	59	3	2	80	7	80	1.58e-14	67.7
tr|A0A0B7JK74|A0A0B7JK74_9GAMM	GCF_003966655.1_WP_113527441.1	24.286	81	77	86	70	52	1	2	71	8	76	1.83e-14	67.4
tr|A0A0B7JK74|A0A0B7JK74_9GAMM	GCF_008693705.1_WP_127008315.1	21.519	81	84	98	79	57	3	2	80	7	80	2.06e-14	67.4
tr|A0A0B7JK74|A0A0B7JK74_9GAMM	GCF_001444405.1_WP_058032142.1	29.577	81	87	88	71	50	0	1	71	1	71	2.77e-14	67.1
tr|A0A0B7JK74|A0A0B7JK74_9GAMM	GCF_006385555.1_WP_140234395.1	27.711	81	87	98	83	56	2	2	80	4	86	2.93e-14	66.8
tr|A0A0B7JK74|A0A0B7JK74_9GAMM	GCF_003015165.1_WP_106887831.1	20.253	81	84	98	79	58	3	2	80	7	80	3.48e-14	66.6
tr|A0A0B7JK74|A0A0B7JK74_9GAMM	GCF_013462805.1_WP_009566961.1	24.286	81	77	86	70	52	1	2	71	8	76	5.40e-14	66.0
tr|A0A0B7JK74|A0A0B7JK74_9GAMM	GCF_001651805.1_WP_067384150.1	22.059	81	78	79	68	49	2	2	65	7	74	7.79e-14	65.7
tr|A0A0B7JK74|A0A0B7JK74_9GAMM	GCF_017742995.1_WP_247749573.1	37.209	81	48	53	43	27	0	1	43	1	43	9.01e-14	65.2
tr|A0A0B7JK74|A0A0B7JK74_9GAMM	GCF_016026615.1_WP_197928313.1	18.987	81	89	98	79	59	2	2	80	7	80	1.36e-13	65.2
tr|A0A0B7JK74|A0A0B7JK74_9GAMM	GCF_019931735.1_WP_223417223.1	22.619	81	87	99	84	61	2	1	80	3	86	3.05e-13	64.3
tr|A0A0B7JK74|A0A0B7JK74_9GAMM	GCF_016127195.1_WP_042032742.1	22.727	81	89	81	66	47	2	2	67	7	68	3.50e-13	64.3
tr|A0A0B7JK74|A0A0B7JK74_9GAMM	GCF_000012325.1_WP_011045621.1	30.882	81	84	84	68	46	1	2	69	5	71	4.49e-13	63.8
tr|A0A0B7JK74|A0A0B7JK74_9GAMM	GCF_000026085.1_WP_041454550.1	20.896	81	73	81	67	51	2	2	67	6	71	4.54e-13	63.8
tr|A0A0B7JK74|A0A0B7JK74_9GAMM	GCF_020844025.1_WP_215848879.1	25.714	81	77	86	70	51	1	2	71	8	76	4.76e-13	63.8
tr|A0A0B7JK74|A0A0B7JK74_9GAMM	GCF_000006765.1_NP_249630.1	28.235	81	108	99	85	56	1	2	81	7	91	5.43e-13	64.0
tr|A0A0B7JK74|A0A0B7JK74_9GAMM	GCF_024347675.1_WP_261833361.1	38.636	81	54	54	44	27	0	1	44	1	44	1.76e-12	61.8
tr|A0A0B7JK74|A0A0B7JK74_9GAMM	GCF_000238255.3_WP_010559905.1	22.857	81	86	86	70	54	0	2	71	5	74	1.85e-12	62.3
tr|A0A0B7JK74|A0A0B7JK74_9GAMM	GCF_004001245.1_WP_127478562.1	12.500	81	85	84	72	59	2	2	69	10	81	2.40e-12	62.1
tr|A0A0B7JK74|A0A0B7JK74_9GAMM	GCF_000021985.1_WP_012639500.1	17.910	81	82	78	67	51	1	2	64	8	74	2.99e-12	61.8
tr|A0A0B7JK74|A0A0B7JK74_9GAMM	GCF_024347195.1_WP_271272618.1	25.373	81	77	79	67	47	2	2	65	7	73	3.28e-12	61.5
tr|A0A0B7JK74|A0A0B7JK74_9GAMM	GCF_009662475.1_WP_031573754.1	24.658	81	79	90	73	54	1	2	74	8	79	4.19e-12	61.2
tr|A0A0B7JK74|A0A0B7JK74_9GAMM	GCF_003967195.1_WP_172597571.1	22.667	81	83	88	75	54	1	2	72	9	83	8.12e-12	60.7
tr|A0A0B7JK74|A0A0B7JK74_9GAMM	GCF_024347275.1_WP_019620968.1	18.421	81	82	89	76	58	2	2	73	7	82	1.03e-11	60.4
tr|A0A0B7JK74|A0A0B7JK74_9GAMM	GCF_013343005.1_WP_078482823.1	18.919	81	84	86	74	56	2	2	71	8	81	1.09e-11	60.4
tr|A0A0B7JK74|A0A0B7JK74_9GAMM	GCF_002355735.1_WP_096359192.1	14.286	81	83	83	70	57	1	2	68	13	82	1.18e-11	60.1
tr|A0A0B7JK74|A0A0B7JK74_9GAMM	GCF_002355415.1_WP_148665551.1	14.493	81	87	81	69	56	1	2	67	17	85	2.70e-11	59.2
tr|A0A0B7JK74|A0A0B7JK74_9GAMM	GCF_024347255.1_WP_091360415.1	22.059	81	79	79	68	49	1	2	65	7	74	2.71e-11	59.2
tr|A0A0B7JK74|A0A0B7JK74_9GAMM	GCF_013282625.1_WP_173286717.1	17.647	81	67	84	68	52	2	2	69	3	66	3.95e-11	58.7
tr|A0A0B7JK74|A0A0B7JK74_9GAMM	GCF_000321415.2_WP_015260329.1	10.959	81	93	86	73	62	2	2	71	10	82	3.97e-11	59.0
tr|A0A0B7JK74|A0A0B7JK74_9GAMM	GCF_000801295.1_WP_171816254.1	19.118	81	99	80	68	51	3	2	66	10	76	6.59e-11	58.7
tr|A0A0B7JK74|A0A0B7JK74_9GAMM	GCF_004028275.1_WP_128384077.1	20.548	81	77	86	73	55	1	2	71	3	75	7.97e-11	58.1
tr|A0A0B7JK74|A0A0B7JK74_9GAMM	GCF_024347215.1_WP_261843265.1	22.388	81	77	79	67	49	2	2	65	7	73	9.49e-11	57.8
tr|A0A0B7JK74|A0A0B7JK74_9GAMM	GCF_009938015.1_WP_223264517.1	18.571	81	90	81	70	53	2	2	67	10	79	1.21e-10	57.8
tr|A0A0B7JK74|A0A0B7JK74_9GAMM	GCF_021654855.1_WP_237262080.1	28.986	81	70	80	69	44	2	2	66	3	70	3.25e-10	56.4
tr|A0A0B7JK74|A0A0B7JK74_9GAMM	GCF_000227685.2_WP_006746304.1	12.676	81	83	84	71	59	2	2	69	10	80	1.99e-09	54.5
tr|A0A0B7JK74|A0A0B7JK74_9GAMM	GCF_001596155.1_WP_068342236.1	20.779	81	90	91	77	54	4	2	75	8	80	2.59e-09	54.5
tr|A0A0B7JK74|A0A0B7JK74_9GAMM	GCF_000014785.1_WP_011630183.1	18.310	81	83	84	71	55	2	2	69	13	83	3.12e-09	54.2
tr|A0A0B7JK74|A0A0B7JK74_9GAMM	GCF_003970675.1_WP_126615366.1	19.697	81	76	81	66	48	3	2	67	13	73	5.31e-09	53.3
tr|A0A0B7JK74|A0A0B7JK74_9GAMM	GCF_004293625.1_WP_130538367.1	23.729	81	71	73	59	41	2	2	60	3	57	5.71e-09	53.1
tr|A0A0B7JK74|A0A0B7JK74_9GAMM	GCF_000828615.1_WP_041064380.1	18.310	81	80	83	71	54	2	2	68	10	80	1.28e-08	52.5
tr|A0A0B7JK74|A0A0B7JK74_9GAMM	GCF_018736065.1_WP_144074266.1	20.588	81	76	84	68	49	3	2	69	13	75	2.44e-08	51.7
tr|A0A0B7JK74|A0A0B7JK74_9GAMM	GCF_001507645.1_WP_068195976.1	15.789	81	90	90	76	58	2	2	74	8	80	3.99e-08	51.4
tr|A0A0B7JK74|A0A0B7JK74_9GAMM	GCF_023733635.1_WP_039959400.1	18.841	81	89	79	69	50	3	2	65	7	74	6.21e-08	50.8
tr|A0A0B7JK74|A0A0B7JK74_9GAMM	GCF_001955715.1_WP_029708890.1	20.290	81	80	80	69	47	3	2	66	7	71	6.99e-08	50.5
tr|A0A0B7JK74|A0A0B7JK74_9GAMM	GCF_902810445.1_WP_197744199.1	25.714	81	78	81	70	44	4	2	67	7	72	1.05e-07	50.0
tr|A0A0B7JK74|A0A0B7JK74_9GAMM	GCF_013201725.1_WP_014475480.1	22.535	81	74	84	71	48	3	2	69	8	74	1.66e-07	49.4
tr|A0A0B7JK74|A0A0B7JK74_9GAMM	GCF_011398355.1_WP_173270199.1	16.667	81	66	81	66	51	2	2	67	3	64	1.90e-07	49.1
tr|A0A0B7JK74|A0A0B7JK74_9GAMM	GCF_011398355.1_WP_173270160.1	20.000	81	65	74	60	44	2	2	61	3	58	2.77e-07	48.8
tr|A0A0B7JK74|A0A0B7JK74_9GAMM	GCF_011398155.1_WP_173291533.1	18.310	81	71	86	71	53	3	2	71	3	69	5.48e-07	48.0
tr|A0A0B7JK74|A0A0B7JK74_9GAMM	GCF_003353065.1_WP_114983154.1	19.403	81	84	79	67	47	4	2	65	11	73	8.16e-07	48.0
tr|A0A0B7JK74|A0A0B7JK74_9GAMM	GCF_022811645.1_WP_243511723.1	15.714	81	90	81	70	51	3	2	67	8	73	2.74e-06	46.6
tr|A0A0B7JK74|A0A0B7JK74_9GAMM	GCF_000212735.1_WP_013764159.1	17.143	81	83	81	70	50	3	2	67	10	75	6.26e-06	45.7
tr|A0A0B7JK74|A0A0B7JK74_9GAMM	GCF_002762215.1_WP_085750011.1	17.143	81	87	81	70	50	4	2	67	9	74	6.40e-06	45.7
tr|A0A0B7JK74|A0A0B7JK74_9GAMM	GCF_003149515.1_WP_109656005.1	14.667	81	90	89	75	58	2	2	73	8	79	8.64e-06	45.5
tr|A0A0B7JK74|A0A0B7JK74_9GAMM	GCF_003584645.1_WP_197716612.1	20.000	81	80	81	70	48	3	2	67	8	73	1.00e-05	45.2
tr|A0A0B7JK74|A0A0B7JK74_9GAMM	GCF_010093065.1_WP_238430213.1	16.176	81	83	80	68	51	2	2	66	11	75	1.84e-05	44.3
tr|A0A0B7JK74|A0A0B7JK74_9GAMM	GCF_002356115.1_WP_096526481.1	23.188	81	78	81	69	47	2	2	67	7	72	3.34e-05	43.8
tr|A0A0B7JK74|A0A0B7JK74_9GAMM	GCF_006337165.1_WP_139515111.1	22.535	81	82	81	71	46	3	2	67	8	74	3.44e-05	43.8
tr|A0A0B7JK74|A0A0B7JK74_9GAMM	GCF_009755585.1_WP_157030071.1	17.143	81	85	81	70	50	3	2	67	8	73	3.49e-05	43.8
tr|A0A0B7JK74|A0A0B7JK74_9GAMM	GCF_008728635.1_WP_151087836.1	17.722	81	90	94	79	58	4	2	77	8	82	3.56e-05	43.8
tr|A0A0B7JK74|A0A0B7JK74_9GAMM	GCF_002142475.1_WP_026148861.1	18.841	81	86	80	69	48	3	2	66	7	71	3.92e-05	43.5
tr|A0A0B7JK74|A0A0B7JK74_9GAMM	GCF_000092245.1_WP_013136435.1	19.118	81	76	80	68	48	3	2	66	5	68	6.56e-05	42.9
tr|A0A0B7JK74|A0A0B7JK74_9GAMM	GCF_000576555.1_WP_044000633.1	21.127	81	83	81	71	47	3	2	67	9	75	9.93e-05	42.7
tr|A0A0B7JK74|A0A0B7JK74_9GAMM	GCF_013283835.1_WP_071626507.1	22.059	81	83	80	68	46	3	2	66	8	71	1.07e-04	42.4
tr|A0A0B7JK74|A0A0B7JK74_9GAMM	GCF_009937995.1_WP_179954406.1	20.548	81	79	85	73	54	2	2	70	7	79	1.30e-04	42.1
tr|A0A0B7JK74|A0A0B7JK74_9GAMM	GCF_003544915.1_WP_118918525.1	18.841	81	73	81	69	49	3	2	67	8	72	1.89e-04	41.8
tr|A0A0B7JK74|A0A0B7JK74_9GAMM	GCF_004355185.1_WP_133271280.1	22.535	81	81	81	71	46	4	2	67	7	73	2.01e-04	41.8
tr|A0A0B7JK74|A0A0B7JK74_9GAMM	GCF_013201935.1_WP_129014602.1	20.588	81	72	80	68	47	3	2	66	8	71	2.20e-04	41.5
tr|A0A0B7JK74|A0A0B7JK74_9GAMM	GCF_013177675.1_WP_172128285.1	20.588	81	81	80	68	47	3	2	66	8	71	3.06e-04	41.2
tr|A0A0B7JK74|A0A0B7JK74_9GAMM	GCF_003722295.1_WP_010573895.1	15.278	81	75	81	72	51	3	2	67	7	74	4.43e-04	40.7
tr|A0A0B7JK74|A0A0B7JK74_9GAMM	GCF_013201665.1_WP_128359868.1	20.548	81	81	86	73	51	3	2	71	8	76	5.12e-04	40.7
tr|A0A0B7JK74|A0A0B7JK74_9GAMM	GCF_027625995.1_WP_270126807.1	19.718	81	82	81	71	48	3	2	67	8	74	5.15e-04	40.7
tr|A0A0B7JK74|A0A0B7JK74_9GAMM	GCF_013137895.1_WP_135435790.1	21.127	81	83	81	71	47	3	2	67	9	75	6.23e-04	40.4
tr|A0A0B7JK74|A0A0B7JK74_9GAMM	GCF_005166025.1_WP_137090244.1	19.444	81	84	84	72	50	3	2	69	8	75	6.90e-04	40.4
tr|A0A0B7JK74|A0A0B7JK74_9GAMM	GCF_008122265.1_WP_148863603.1	19.403	81	84	78	67	46	3	2	64	7	69	7.89e-04	40.4
tr|A0A0B7JK74|A0A0B7JK74_9GAMM	GCF_016613475.2_WP_200606805.1	17.391	81	90	81	69	51	2	2	67	11	76	0.001	39.8
tr|A0A0B7JK74|A0A0B7JK74_9GAMM	GCF_013177635.1_WP_129095542.1	20.588	81	72	80	68	47	3	2	66	8	71	0.001	39.6
tr|A0A0B7JK74|A0A0B7JK74_9GAMM	GCF_001705075.2_WP_065970077.1	15.385	81	78	77	65	52	1	2	63	8	72	0.002	39.3
tr|A0A0B7JK74|A0A0B7JK74_9GAMM	GCF_003346775.1_WP_114843067.1	20.588	81	84	80	68	47	3	2	66	8	71	0.002	39.0
tr|A0A0B7JK74|A0A0B7JK74_9GAMM	GCF_003574965.1_WP_119445661.1	21.127	81	82	81	71	47	3	2	67	8	74	0.003	38.7
tr|A0A0B7JK74|A0A0B7JK74_9GAMM	GCF_003346815.1_WP_114840342.1	21.918	81	82	86	73	50	3	2	71	8	76	0.004	38.4
tr|A0A0B7JK74|A0A0B7JK74_9GAMM	GCF_018388465.1_WP_208290210.1	11.765	81	316	81	68	58	1	8	73	139	206	0.005	40.4
tr|A0A0B7JK74|A0A0B7JK74_9GAMM	GCF_022827545.1_WP_243798205.1	21.127	81	82	81	71	47	3	2	67	8	74	0.005	38.1
tr|A0A0B7JK74|A0A0B7JK74_9GAMM	GCF_000143085.1_WP_013221711.1	25.373	81	82	78	67	42	5	2	64	7	69	0.006	37.9
tr|A0A0B7JK74|A0A0B7JK74_9GAMM	GCF_003955735.1_WP_126127786.1	21.739	81	91	81	69	48	3	2	67	12	77	0.007	37.9
tr|A0A0B7JK74|A0A0B7JK74_9GAMM	GCF_013283835.1_WP_071625892.1	14.085	81	79	80	71	51	3	2	66	5	71	0.008	37.6
tr|A0A0B7JK74|A0A0B7JK74_9GAMM	GCF_008807855.1_WP_063240334.1	18.841	81	83	81	69	50	2	2	67	11	76	0.009	37.6
tr|A0A0B7JK74|A0A0B7JK74_9GAMM	GCF_000484535.1_WP_023173213.1	17.391	81	91	84	69	55	2	4	71	24	91	0.010	37.6
tr|A0A0B7JK74|A0A0B7JK74_9GAMM	GCF_004798725.1_WP_010811758.1	15.942	81	83	81	69	52	2	2	67	11	76	0.010	37.6
# PSIBLAST 2.13.0+
# Iteration: 5
# Query: tr|A0A0B7JK74|A0A0B7JK74_9GAMM Modulator of Rho-dependent transcription termination family protein OS=Photobacterium kishitanii OX=318456 GN=C0W70_11190 PE=4 SV=1
# Database: db/chosen-bacteria_proteome_exDup
# Fields: query id, subject id, % identity, query length, subject length, % query coverage per subject, alignment length, mismatches, gap opens, q. start, q. end, s. start, s. end, evalue, bit score
# 434 hits found
tr|A0A0B7JK74|A0A0B7JK74_9GAMM	GCF_024347355.1_WP_105024956.1	46.914	81	83	100	81	43	0	1	81	1	81	2.76e-31	110
tr|A0A0B7JK74|A0A0B7JK74_9GAMM	GCF_002204915.1_WP_052690899.1	39.506	81	101	100	81	49	0	1	81	20	100	1.05e-30	109
tr|A0A0B7JK74|A0A0B7JK74_9GAMM	GCF_025402875.1_WP_011791024.1	27.500	81	90	99	80	58	0	1	80	6	85	1.09e-30	108
tr|A0A0B7JK74|A0A0B7JK74_9GAMM	GCF_008693605.1_WP_223849061.1	35.000	81	95	99	80	52	0	2	81	11	90	1.40e-30	108
tr|A0A0B7JK74|A0A0B7JK74_9GAMM	GCF_024347475.1_WP_239840920.1	44.444	81	83	100	81	45	0	1	81	1	81	1.83e-30	108
tr|A0A0B7JK74|A0A0B7JK74_9GAMM	GCF_009938225.1_WP_075649723.1	40.741	81	82	100	81	48	0	1	81	1	81	3.47e-30	107
tr|A0A0B7JK74|A0A0B7JK74_9GAMM	GCF_004353845.1_WP_103770713.1	35.000	81	93	99	80	52	0	2	81	10	89	4.35e-30	107
tr|A0A0B7JK74|A0A0B7JK74_9GAMM	GCF_003812345.1_WP_121571778.1	35.000	81	94	99	80	52	0	2	81	10	89	5.49e-30	107
tr|A0A0B7JK74|A0A0B7JK74_9GAMM	GCF_009938185.1_WP_162048373.1	44.444	81	82	100	81	45	0	1	81	1	81	1.22e-29	105
tr|A0A0B7JK74|A0A0B7JK74_9GAMM	GCF_014905115.1_WP_193151849.1	45.000	81	81	99	80	44	0	1	80	1	80	1.42e-29	105
tr|A0A0B7JK74|A0A0B7JK74_9GAMM	GCF_022371215.1_WP_239718047.1	44.444	81	83	100	81	45	0	1	81	1	81	1.54e-29	105
tr|A0A0B7JK74|A0A0B7JK74_9GAMM	GCF_000178875.2_WP_012197738.1	25.000	81	90	99	80	60	0	1	80	6	85	1.63e-29	105
tr|A0A0B7JK74|A0A0B7JK74_9GAMM	GCF_024971755.1_WP_259474826.1	25.000	81	88	99	80	60	0	1	80	6	85	1.96e-29	105
tr|A0A0B7JK74|A0A0B7JK74_9GAMM	GCF_001597285.1_WP_061903727.1	31.646	81	92	98	79	54	0	2	80	7	85	2.94e-29	105
tr|A0A0B7JK74|A0A0B7JK74_9GAMM	GCF_024347595.1_WP_176681244.1	44.444	81	83	100	81	45	0	1	81	1	81	1.84e-28	103
tr|A0A0B7JK74|A0A0B7JK74_9GAMM	GCF_002355475.1_WP_004421315.1	30.380	81	91	98	79	55	0	2	80	8	86	1.85e-28	103
tr|A0A0B7JK74|A0A0B7JK74_9GAMM	GCF_000733715.2_WP_017362912.1	30.380	81	90	98	79	55	0	2	80	7	85	2.88e-28	102
tr|A0A0B7JK74|A0A0B7JK74_9GAMM	GCF_024347635.1_WP_139683960.1	48.148	81	83	100	81	42	0	1	81	1	81	3.25e-28	102
tr|A0A0B7JK74|A0A0B7JK74_9GAMM	GCF_011397855.1_WP_044414183.1	30.380	81	90	98	79	55	0	2	80	7	85	3.35e-28	102
tr|A0A0B7JK74|A0A0B7JK74_9GAMM	GCF_013409125.2_WP_099525265.1	29.114	81	90	98	79	56	0	2	80	7	85	3.44e-28	102
tr|A0A0B7JK74|A0A0B7JK74_9GAMM	GCF_020097475.1_WP_000062318.1	28.205	81	86	96	78	51	2	2	79	10	82	3.63e-28	102
tr|A0A0B7JK74|A0A0B7JK74_9GAMM	GCF_019670125.1_WP_221076876.1	42.500	81	81	99	80	46	0	1	80	1	80	3.83e-28	102
tr|A0A0B7JK74|A0A0B7JK74_9GAMM	GCF_001461805.1_WP_013367515.1	28.205	81	86	96	78	51	2	2	79	10	82	3.96e-28	102
tr|A0A0B7JK74|A0A0B7JK74_9GAMM	GCF_009068765.1_WP_151900329.1	47.500	81	81	99	80	42	0	1	80	1	80	3.99e-28	102
tr|A0A0B7JK74|A0A0B7JK74_9GAMM	GCF_001995825.2_WP_017057338.1	49.383	81	83	100	81	41	0	1	81	1	81	4.03e-28	102
tr|A0A0B7JK74|A0A0B7JK74_9GAMM	GCF_024347455.1_WP_135458404.1	49.383	81	83	100	81	41	0	1	81	1	81	4.40e-28	101
tr|A0A0B7JK74|A0A0B7JK74_9GAMM	GCF_008693645.1_WP_137347870.1	28.750	81	89	99	80	57	0	2	81	10	89	4.75e-28	102
tr|A0A0B7JK74|A0A0B7JK74_9GAMM	GCF_001558415.2_WP_061055374.1	45.679	81	83	100	81	44	0	1	81	1	81	5.20e-28	101
tr|A0A0B7JK74|A0A0B7JK74_9GAMM	GCF_008329985.2_WP_149283950.1	41.250	81	81	99	80	47	0	1	80	1	80	5.43e-28	101
tr|A0A0B7JK74|A0A0B7JK74_9GAMM	GCF_004684345.1_WP_135321947.1	30.380	81	93	98	79	55	0	2	80	10	88	5.49e-28	101
tr|A0A0B7JK74|A0A0B7JK74_9GAMM	GCF_008369605.1_WP_000253074.1	45.679	81	81	100	81	44	0	1	81	1	81	6.03e-28	101
tr|A0A0B7JK74|A0A0B7JK74_9GAMM	GCF_000091465.1_WP_004733849.1	49.383	81	83	100	81	41	0	1	81	1	81	6.14e-28	101
tr|A0A0B7JK74|A0A0B7JK74_9GAMM	GCF_002214395.1_WP_010453422.1	40.000	81	81	99	80	48	0	1	80	1	80	7.29e-28	101
tr|A0A0B7JK74|A0A0B7JK74_9GAMM	GCF_000297075.2_WP_003461742.1	29.114	81	90	98	79	56	0	2	80	7	85	8.30e-28	101
tr|A0A0B7JK74|A0A0B7JK74_9GAMM	GCF_024205225.1_WP_195881696.1	27.848	81	90	98	79	57	0	2	80	7	85	8.50e-28	101
tr|A0A0B7JK74|A0A0B7JK74_9GAMM	GCF_013200955.2_WP_173204463.1	27.848	81	91	98	79	57	0	2	80	8	86	9.37e-28	101
tr|A0A0B7JK74|A0A0B7JK74_9GAMM	GCF_001518835.1_WP_059308693.1	26.923	81	86	96	78	52	2	2	79	10	82	1.05e-27	101
tr|A0A0B7JK74|A0A0B7JK74_9GAMM	GCF_017167985.1_WP_093053415.1	30.380	81	92	98	79	55	0	2	80	7	85	1.09e-27	101
tr|A0A0B7JK74|A0A0B7JK74_9GAMM	GCF_001558255.2_WP_005504861.1	45.679	81	82	99	81	43	1	1	80	1	81	1.10e-27	101
tr|A0A0B7JK74|A0A0B7JK74_9GAMM	GCF_009938205.1_WP_075706454.1	48.148	81	82	100	81	42	0	1	81	1	81	1.12e-27	101
tr|A0A0B7JK74|A0A0B7JK74_9GAMM	GCF_021172065.1_WP_015965827.1	29.487	81	86	96	78	50	2	2	79	10	82	1.16e-27	101
tr|A0A0B7JK74|A0A0B7JK74_9GAMM	GCF_001594225.2_WP_064379396.1	27.848	81	92	98	79	57	0	2	80	7	85	1.16e-27	101
tr|A0A0B7JK74|A0A0B7JK74_9GAMM	GCF_008807375.1_WP_151138908.1	29.114	81	91	98	79	56	0	2	80	8	86	1.25e-27	101
tr|A0A0B7JK74|A0A0B7JK74_9GAMM	GCF_002407485.1_WP_096780111.1	46.250	81	81	99	80	43	0	1	80	1	80	1.28e-27	100
tr|A0A0B7JK74|A0A0B7JK74_9GAMM	GCF_001831495.1_WP_068547707.1	50.617	81	81	100	81	40	0	1	81	1	81	1.44e-27	100
tr|A0A0B7JK74|A0A0B7JK74_9GAMM	GCF_000006925.2_NP_706134.1	26.923	81	86	96	78	52	2	2	79	10	82	1.45e-27	100
tr|A0A0B7JK74|A0A0B7JK74_9GAMM	GCF_014879975.1_WP_192888672.1	45.679	81	83	100	81	44	0	1	81	1	81	1.45e-27	100
tr|A0A0B7JK74|A0A0B7JK74_9GAMM	GCF_001683395.1_WP_017458015.1	26.923	81	86	96	78	52	2	2	79	10	82	1.67e-27	100
tr|A0A0B7JK74|A0A0B7JK74_9GAMM	GCF_016904755.1_WP_059234959.1	26.923	81	86	96	78	52	2	2	79	10	82	1.71e-27	100
tr|A0A0B7JK74|A0A0B7JK74_9GAMM	GCF_001708425.1_WP_055136127.1	26.582	81	94	98	79	58	0	2	80	7	85	2.19e-27	100
tr|A0A0B7JK74|A0A0B7JK74_9GAMM	GCF_009036245.1_WP_025756830.1	26.923	81	86	96	78	52	2	2	79	10	82	2.20e-27	100
tr|A0A0B7JK74|A0A0B7JK74_9GAMM	GCF_000005845.2_NP_414731.2	26.923	81	84	96	78	52	2	2	79	8	80	2.70e-27	100
tr|A0A0B7JK74|A0A0B7JK74_9GAMM	GCF_024362845.1_WP_255230807.1	40.000	81	82	99	80	48	0	1	80	1	80	2.71e-27	100
tr|A0A0B7JK74|A0A0B7JK74_9GAMM	GCF_024347035.1_WP_102941394.1	40.000	81	81	99	80	48	0	1	80	1	80	3.35e-27	99.7
tr|A0A0B7JK74|A0A0B7JK74_9GAMM	GCF_003594935.2_WP_006173581.1	26.923	81	86	96	78	52	2	2	79	10	82	3.49e-27	99.7
tr|A0A0B7JK74|A0A0B7JK74_9GAMM	GCF_001022135.1_WP_039078449.1	28.205	81	86	96	78	51	2	2	79	10	82	3.61e-27	99.7
tr|A0A0B7JK74|A0A0B7JK74_9GAMM	GCF_024582835.1_WP_257083279.1	45.000	81	87	99	80	44	0	1	80	1	80	3.61e-27	99.7
tr|A0A0B7JK74|A0A0B7JK74_9GAMM	GCF_009176645.1_WP_152083529.1	26.923	81	86	96	78	52	2	2	79	10	82	4.00e-27	99.7
tr|A0A0B7JK74|A0A0B7JK74_9GAMM	GCF_019670105.1_WP_040307707.1	43.750	81	81	99	80	45	0	1	80	1	80	4.50e-27	99.4
tr|A0A0B7JK74|A0A0B7JK74_9GAMM	GCF_001658025.2_WP_007373243.1	28.205	81	86	96	78	51	2	2	79	10	82	5.04e-27	99.4
tr|A0A0B7JK74|A0A0B7JK74_9GAMM	GCF_024494545.1_WP_256384876.1	77.778	81	81	100	81	18	0	1	81	1	81	5.07e-27	99.4
tr|A0A0B7JK74|A0A0B7JK74_9GAMM	GCF_003957745.1_WP_126168493.1	24.051	81	87	98	79	60	0	2	80	7	85	5.91e-27	99.2
tr|A0A0B7JK74|A0A0B7JK74_9GAMM	GCF_001007875.1_WP_046858354.1	46.250	81	80	99	80	43	0	1	80	1	80	6.27e-27	99.2
tr|A0A0B7JK74|A0A0B7JK74_9GAMM	GCF_004684345.1_WP_135323069.1	26.923	81	86	96	78	52	2	2	79	10	82	6.65e-27	99.2
tr|A0A0B7JK74|A0A0B7JK74_9GAMM	GCF_017167985.1_WP_079784061.1	31.646	81	90	98	79	54	0	2	80	7	85	6.71e-27	99.2
tr|A0A0B7JK74|A0A0B7JK74_9GAMM	GCF_019048625.1_WP_023305471.1	26.923	81	86	96	78	52	2	2	79	10	82	8.24e-27	98.9
tr|A0A0B7JK74|A0A0B7JK74_9GAMM	GCF_023195735.1_WP_035891978.1	28.205	81	86	96	78	51	2	2	79	10	82	8.31e-27	98.9
tr|A0A0B7JK74|A0A0B7JK74_9GAMM	GCF_003812345.1_WP_003018503.1	26.923	81	86	96	78	52	2	2	79	10	82	8.31e-27	98.9
tr|A0A0B7JK74|A0A0B7JK74_9GAMM	GCF_027886705.1_WP_061497537.1	26.923	81	86	96	78	52	2	2	79	10	82	8.92e-27	98.9
tr|A0A0B7JK74|A0A0B7JK74_9GAMM	GCF_007632255.1_WP_015368146.1	26.923	81	86	96	78	52	2	2	79	10	82	9.43e-27	98.9
tr|A0A0B7JK74|A0A0B7JK74_9GAMM	GCF_900638065.1_WP_048212636.1	26.923	81	86	96	78	52	2	2	79	10	82	9.66e-27	98.6
tr|A0A0B7JK74|A0A0B7JK74_9GAMM	GCF_015137655.1_WP_028015593.1	26.923	81	86	96	78	52	2	2	79	10	82	1.03e-26	98.6
tr|A0A0B7JK74|A0A0B7JK74_9GAMM	GCF_024347655.1_WP_060467732.1	45.000	81	83	99	80	44	0	1	80	1	80	1.03e-26	98.6
tr|A0A0B7JK74|A0A0B7JK74_9GAMM	GCF_004353845.1_WP_103768334.1	25.641	81	86	96	78	53	2	2	79	10	82	1.11e-26	98.6
tr|A0A0B7JK74|A0A0B7JK74_9GAMM	GCF_000224675.1_WP_010426685.1	26.923	81	86	96	78	52	2	2	79	10	82	1.18e-26	98.6
tr|A0A0B7JK74|A0A0B7JK74_9GAMM	GCF_001456255.1_WP_020335096.1	37.500	81	81	99	80	50	0	1	80	1	80	1.23e-26	98.3
tr|A0A0B7JK74|A0A0B7JK74_9GAMM	GCF_009363135.1_WP_090122691.1	29.487	81	86	96	78	50	2	2	79	10	82	1.34e-26	98.3
tr|A0A0B7JK74|A0A0B7JK74_9GAMM	GCF_001729805.1_WP_008501890.1	26.923	81	86	96	78	52	2	2	79	10	82	1.38e-26	98.3
tr|A0A0B7JK74|A0A0B7JK74_9GAMM	GCF_018128425.1_WP_042289833.1	26.923	81	86	96	78	52	2	2	79	10	82	1.45e-26	98.3
tr|A0A0B7JK74|A0A0B7JK74_9GAMM	GCF_021278985.1_WP_012904575.1	26.923	81	86	96	78	52	2	2	79	10	82	1.47e-26	98.3
tr|A0A0B7JK74|A0A0B7JK74_9GAMM	GCF_009649915.1_WP_062772223.1	28.205	81	86	96	78	51	2	2	79	10	82	1.48e-26	98.3
tr|A0A0B7JK74|A0A0B7JK74_9GAMM	GCF_025914095.1_WP_031518416.1	25.641	81	86	96	78	53	2	2	79	10	82	1.50e-26	98.3
tr|A0A0B7JK74|A0A0B7JK74_9GAMM	GCF_900682675.2_WP_069898892.1	31.646	81	94	98	79	54	0	2	80	7	85	1.57e-26	98.3
tr|A0A0B7JK74|A0A0B7JK74_9GAMM	GCF_024347495.1_WP_137371745.1	42.500	81	80	99	80	46	0	1	80	1	80	1.67e-26	98.0
tr|A0A0B7JK74|A0A0B7JK74_9GAMM	GCF_001750725.1_WP_014168720.1	26.923	81	86	96	78	52	2	2	79	10	82	1.78e-26	98.0
tr|A0A0B7JK74|A0A0B7JK74_9GAMM	GCF_000214665.1_WP_013819542.1	39.241	81	83	98	79	47	1	2	80	6	83	2.01e-26	97.8
tr|A0A0B7JK74|A0A0B7JK74_9GAMM	GCF_001558935.2_WP_042323659.1	26.923	81	86	96	78	52	2	2	79	10	82	2.41e-26	97.8
tr|A0A0B7JK74|A0A0B7JK74_9GAMM	GCF_006742785.1_WP_172630283.1	31.646	81	88	98	79	54	0	2	80	5	83	2.60e-26	97.8
tr|A0A0B7JK74|A0A0B7JK74_9GAMM	GCF_003935895.2_WP_110510858.1	25.641	81	86	96	78	53	2	2	79	10	82	2.69e-26	97.5
tr|A0A0B7JK74|A0A0B7JK74_9GAMM	GCF_002393445.1_WP_061273728.1	28.205	81	86	96	78	51	2	2	79	10	82	2.96e-26	97.5
tr|A0A0B7JK74|A0A0B7JK74_9GAMM	GCF_000770115.1_WP_069687890.1	41.250	81	81	99	80	47	0	1	80	1	80	3.05e-26	97.5
tr|A0A0B7JK74|A0A0B7JK74_9GAMM	GCF_012767755.2_WP_173171843.1	29.114	81	90	98	79	56	0	2	80	7	85	3.21e-26	97.5
tr|A0A0B7JK74|A0A0B7JK74_9GAMM	GCF_001277255.1_WP_007666633.1	26.923	81	86	96	78	52	2	2	79	10	82	3.34e-26	97.5
tr|A0A0B7JK74|A0A0B7JK74_9GAMM	GCF_009648935.1_WP_047417117.1	25.641	81	86	96	78	53	2	2	79	10	82	3.42e-26	97.2
tr|A0A0B7JK74|A0A0B7JK74_9GAMM	GCF_000009145.1_WP_041356315.1	33.750	81	90	99	80	53	0	1	80	5	84	3.59e-26	97.5
tr|A0A0B7JK74|A0A0B7JK74_9GAMM	GCF_019047765.1_WP_040231149.1	30.000	81	89	99	80	56	0	2	81	10	89	4.00e-26	97.2
tr|A0A0B7JK74|A0A0B7JK74_9GAMM	GCF_024224615.1_WP_125293588.1	26.923	81	86	96	78	52	2	2	79	10	82	4.34e-26	97.2
tr|A0A0B7JK74|A0A0B7JK74_9GAMM	GCF_017354925.1_WP_207321174.1	21.250	81	87	99	80	63	0	2	81	7	86	5.05e-26	96.9
tr|A0A0B7JK74|A0A0B7JK74_9GAMM	GCF_002906475.1_WP_012130247.1	40.000	81	81	99	80	48	0	1	80	1	80	5.20e-26	96.6
tr|A0A0B7JK74|A0A0B7JK74_9GAMM	GCF_004328865.1_WP_104643907.1	46.250	81	83	99	80	43	0	1	80	1	80	5.39e-26	96.6
tr|A0A0B7JK74|A0A0B7JK74_9GAMM	GCF_000024825.1_WP_005460845.1	39.506	81	81	100	81	49	0	1	81	1	81	5.68e-26	96.6
tr|A0A0B7JK74|A0A0B7JK74_9GAMM	GCF_025758125.1_WP_023480196.1	26.923	81	86	96	78	52	2	2	79	10	82	5.87e-26	96.6
tr|A0A0B7JK74|A0A0B7JK74_9GAMM	GCF_020079945.1_WP_039382769.1	23.077	81	87	96	78	55	2	2	79	10	82	5.97e-26	96.6
tr|A0A0B7JK74|A0A0B7JK74_9GAMM	GCF_001277195.1_WP_032966924.1	26.923	81	86	96	78	52	2	2	79	10	82	6.88e-26	96.6
tr|A0A0B7JK74|A0A0B7JK74_9GAMM	GCF_000240185.1_YP_005225236.1	26.923	81	86	96	78	52	2	2	79	10	82	7.56e-26	96.4
tr|A0A0B7JK74|A0A0B7JK74_9GAMM	GCF_001277215.2_WP_007776988.1	26.923	81	86	96	78	52	2	2	79	10	82	7.75e-26	96.4
tr|A0A0B7JK74|A0A0B7JK74_9GAMM	GCF_002021755.1_WP_005434844.1	40.000	81	81	99	80	48	0	1	80	1	80	7.99e-26	96.4
tr|A0A0B7JK74|A0A0B7JK74_9GAMM	GCF_001277175.1_WP_007760020.1	28.205	81	86	96	78	51	2	2	79	10	82	8.12e-26	96.4
tr|A0A0B7JK74|A0A0B7JK74_9GAMM	GCF_000439255.1_WP_000062328.1	29.487	81	86	96	78	50	2	2	79	10	82	8.12e-26	96.4
tr|A0A0B7JK74|A0A0B7JK74_9GAMM	GCF_022637515.1_WP_064539750.1	26.923	81	86	96	78	52	2	2	79	10	82	8.66e-26	96.4
tr|A0A0B7JK74|A0A0B7JK74_9GAMM	GCF_017354965.1_WP_207380278.1	21.250	81	87	99	80	63	0	2	81	7	86	8.68e-26	96.4
tr|A0A0B7JK74|A0A0B7JK74_9GAMM	GCF_017329545.1_WP_047884589.1	28.205	81	95	96	78	56	0	2	79	8	85	8.70e-26	96.4
tr|A0A0B7JK74|A0A0B7JK74_9GAMM	GCF_900233005.1_WP_102521318.1	39.506	81	81	100	81	49	0	1	81	1	81	8.86e-26	96.1
tr|A0A0B7JK74|A0A0B7JK74_9GAMM	GCF_003261575.2_WP_110272453.1	28.205	81	86	96	78	51	2	2	79	10	82	1.06e-25	96.1
tr|A0A0B7JK74|A0A0B7JK74_9GAMM	GCF_001007935.1_WP_046849946.1	32.500	81	84	99	80	54	0	1	80	5	84	1.08e-25	96.1
tr|A0A0B7JK74|A0A0B7JK74_9GAMM	GCF_002953195.1_WP_038628016.1	21.795	81	87	96	78	56	2	2	79	10	82	1.10e-25	96.1
tr|A0A0B7JK74|A0A0B7JK74_9GAMM	GCF_000233595.1_WP_013024706.1	23.077	81	86	96	78	55	2	2	79	10	82	1.11e-25	96.1
tr|A0A0B7JK74|A0A0B7JK74_9GAMM	GCF_900635955.1_WP_126357486.1	28.205	81	86	96	78	51	2	2	79	10	82	1.15e-25	96.1
tr|A0A0B7JK74|A0A0B7JK74_9GAMM	GCF_000018045.1_WP_024130681.1	26.923	81	86	96	78	52	2	2	79	10	82	1.17e-25	96.1
tr|A0A0B7JK74|A0A0B7JK74_9GAMM	GCF_005877035.1_WP_039486662.1	49.383	81	83	100	81	41	0	1	81	1	81	1.19e-25	95.8
tr|A0A0B7JK74|A0A0B7JK74_9GAMM	GCF_011068345.1_WP_002436992.1	26.923	81	86	96	78	52	2	2	79	10	82	1.23e-25	95.8
tr|A0A0B7JK74|A0A0B7JK74_9GAMM	GCF_017915135.1_WP_210390879.1	27.848	81	90	98	79	57	0	2	80	7	85	1.27e-25	96.1
tr|A0A0B7JK74|A0A0B7JK74_9GAMM	GCF_006711645.1_WP_100682484.1	28.205	81	86	96	78	51	2	2	79	10	82	1.34e-25	95.8
tr|A0A0B7JK74|A0A0B7JK74_9GAMM	GCF_002163605.1_WP_157665988.1	27.848	81	86	98	79	52	2	2	80	10	83	1.34e-25	95.8
tr|A0A0B7JK74|A0A0B7JK74_9GAMM	GCF_003812925.1_WP_004107903.1	26.923	81	86	96	78	52	2	2	79	10	82	1.36e-25	95.8
tr|A0A0B7JK74|A0A0B7JK74_9GAMM	GCF_013234275.1_WP_172895488.1	28.205	81	86	96	78	51	2	2	79	10	82	1.37e-25	95.8
tr|A0A0B7JK74|A0A0B7JK74_9GAMM	GCF_000772105.1_WP_004748349.1	41.250	81	81	99	80	47	0	1	80	1	80	1.40e-25	95.8
tr|A0A0B7JK74|A0A0B7JK74_9GAMM	GCF_021276285.1_WP_095923198.1	25.641	81	86	96	78	53	2	2	79	10	82	1.41e-25	95.8
tr|A0A0B7JK74|A0A0B7JK74_9GAMM	GCF_002215585.1_WP_088903590.1	23.077	81	89	96	78	59	1	1	78	6	82	1.41e-25	95.8
tr|A0A0B7JK74|A0A0B7JK74_9GAMM	GCF_000015245.1_WP_011761423.1	20.253	81	86	98	79	63	0	2	80	7	85	1.45e-25	95.8
tr|A0A0B7JK74|A0A0B7JK74_9GAMM	GCF_016834455.1_WP_203325205.1	21.519	81	86	98	79	62	0	2	80	7	85	1.51e-25	95.8
tr|A0A0B7JK74|A0A0B7JK74_9GAMM	GCF_018139045.1_WP_004129134.1	28.205	81	86	96	78	51	2	2	79	10	82	1.58e-25	95.5
tr|A0A0B7JK74|A0A0B7JK74_9GAMM	GCF_022637475.1_WP_013574214.1	24.359	81	86	96	78	54	2	2	79	10	82	1.61e-25	95.5
tr|A0A0B7JK74|A0A0B7JK74_9GAMM	GCF_022637595.1_WP_004858152.1	28.205	81	86	96	78	51	2	2	79	10	82	1.86e-25	95.5
tr|A0A0B7JK74|A0A0B7JK74_9GAMM	GCF_003019925.1_WP_162185254.1	28.205	81	86	96	78	51	2	2	79	10	82	1.99e-25	95.5
tr|A0A0B7JK74|A0A0B7JK74_9GAMM	GCF_000006945.2_NP_459242.1	29.487	81	86	96	78	50	2	2	79	10	82	1.99e-25	95.5
tr|A0A0B7JK74|A0A0B7JK74_9GAMM	GCF_019670705.1_WP_100146025.1	20.253	81	92	98	79	63	0	2	80	7	85	2.04e-25	95.5
tr|A0A0B7JK74|A0A0B7JK74_9GAMM	GCF_000834395.1_WP_042546713.1	26.923	81	86	96	78	52	2	2	79	10	82	2.06e-25	95.2
tr|A0A0B7JK74|A0A0B7JK74_9GAMM	GCF_002101395.1_WP_085067900.1	21.795	81	87	96	78	56	2	2	79	10	82	2.13e-25	95.2
tr|A0A0B7JK74|A0A0B7JK74_9GAMM	GCF_012767755.2_WP_173176508.1	24.675	81	91	95	77	55	1	4	80	9	82	2.15e-25	95.5
tr|A0A0B7JK74|A0A0B7JK74_9GAMM	GCF_015139575.1_WP_004098776.1	26.923	81	86	96	78	52	2	2	79	10	82	2.28e-25	95.2
tr|A0A0B7JK74|A0A0B7JK74_9GAMM	GCF_011617105.1_WP_025800203.1	24.675	81	86	95	77	53	2	2	78	10	81	2.32e-25	95.2
tr|A0A0B7JK74|A0A0B7JK74_9GAMM	GCF_000148645.1_WP_013347076.1	41.250	81	80	99	80	47	0	2	81	1	80	2.37e-25	94.9
tr|A0A0B7JK74|A0A0B7JK74_9GAMM	GCF_004124235.1_WP_025377303.1	26.923	81	86	96	78	52	2	2	79	10	82	2.37e-25	95.2
tr|A0A0B7JK74|A0A0B7JK74_9GAMM	GCF_003668795.1_WP_054981706.1	41.250	81	83	99	80	47	0	1	80	1	80	2.86e-25	94.9
tr|A0A0B7JK74|A0A0B7JK74_9GAMM	GCF_019670485.1_WP_221071211.1	40.000	81	81	99	80	48	0	1	80	1	80	2.94e-25	94.9
tr|A0A0B7JK74|A0A0B7JK74_9GAMM	GCF_013282725.1_WP_032813813.1	25.641	81	86	96	78	53	2	2	79	10	82	3.06e-25	94.9
tr|A0A0B7JK74|A0A0B7JK74_9GAMM	GCF_000222975.1_WP_002218374.1	26.923	81	86	96	78	52	2	2	79	10	82	3.09e-25	94.9
tr|A0A0B7JK74|A0A0B7JK74_9GAMM	GCF_019890955.1_WP_211725887.1	23.077	81	87	96	78	55	2	2	79	10	82	3.14e-25	94.9
tr|A0A0B7JK74|A0A0B7JK74_9GAMM	GCF_012029655.1_WP_041144145.1	26.923	81	86	96	78	52	2	2	79	10	82	3.51e-25	94.7
tr|A0A0B7JK74|A0A0B7JK74_9GAMM	GCF_009914055.1_WP_160619715.1	23.077	81	87	96	78	55	2	2	79	10	82	3.54e-25	94.7
tr|A0A0B7JK74|A0A0B7JK74_9GAMM	GCF_000238395.3_WP_010553578.1	48.750	81	83	99	80	41	0	1	80	1	80	3.69e-25	94.7
tr|A0A0B7JK74|A0A0B7JK74_9GAMM	GCF_009730655.1_WP_156020461.1	20.253	81	92	98	79	63	0	2	80	7	85	3.91e-25	94.7
tr|A0A0B7JK74|A0A0B7JK74_9GAMM	GCF_019669905.1_WP_054759186.1	34.177	81	79	98	79	48	1	2	80	5	79	3.94e-25	94.4
tr|A0A0B7JK74|A0A0B7JK74_9GAMM	GCF_002355475.1_WP_003455993.1	27.848	81	90	98	79	57	0	2	80	5	83	3.95e-25	94.7
tr|A0A0B7JK74|A0A0B7JK74_9GAMM	GCF_024347675.1_WP_261835500.1	37.037	81	81	100	81	51	0	1	81	1	81	4.17e-25	94.4
tr|A0A0B7JK74|A0A0B7JK74_9GAMM	GCF_002221525.1_WP_089349457.1	41.250	81	83	99	80	47	0	1	80	1	80	4.46e-25	94.4
tr|A0A0B7JK74|A0A0B7JK74_9GAMM	GCF_000026185.1_WP_012440659.1	24.359	81	87	96	78	54	2	2	79	10	82	4.98e-25	94.4
tr|A0A0B7JK74|A0A0B7JK74_9GAMM	GCF_001999225.1_WP_077537996.1	46.250	81	82	99	80	43	0	1	80	1	80	5.26e-25	94.1
tr|A0A0B7JK74|A0A0B7JK74_9GAMM	GCF_000834455.1_WP_032817050.1	26.923	81	86	96	78	52	2	2	79	10	82	5.43e-25	94.4
tr|A0A0B7JK74|A0A0B7JK74_9GAMM	GCF_011044475.1_WP_033740322.1	23.077	81	86	96	78	55	2	2	79	10	82	5.47e-25	94.4
tr|A0A0B7JK74|A0A0B7JK74_9GAMM	GCF_023517775.1_WP_249893541.1	21.795	81	87	96	78	56	2	2	79	10	82	5.93e-25	94.1
tr|A0A0B7JK74|A0A0B7JK74_9GAMM	GCF_009363415.1_WP_152430616.1	41.975	81	84	100	81	47	0	1	81	1	81	5.99e-25	94.1
tr|A0A0B7JK74|A0A0B7JK74_9GAMM	GCF_020683125.1_WP_133842177.1	24.359	81	88	96	78	54	2	2	79	11	83	7.19e-25	94.1
tr|A0A0B7JK74|A0A0B7JK74_9GAMM	GCF_012427845.1_WP_012773648.1	20.513	81	86	96	78	57	2	2	79	10	82	9.02e-25	93.8
tr|A0A0B7JK74|A0A0B7JK74_9GAMM	GCF_024360925.2_WP_255188929.1	36.709	81	83	98	79	49	1	2	80	6	83	9.56e-25	93.5
tr|A0A0B7JK74|A0A0B7JK74_9GAMM	GCF_003258315.1_WP_111337788.1	28.750	81	88	99	80	57	0	1	80	5	84	9.58e-25	93.8
tr|A0A0B7JK74|A0A0B7JK74_9GAMM	GCF_009730055.1_WP_032906500.1	26.923	81	86	96	78	52	2	2	79	10	82	1.02e-24	93.5
tr|A0A0B7JK74|A0A0B7JK74_9GAMM	GCF_002288545.1_WP_029367608.1	20.513	81	86	96	78	57	2	2	79	10	82	1.15e-24	93.5
tr|A0A0B7JK74|A0A0B7JK74_9GAMM	GCF_019797845.1_WP_222158377.1	23.077	81	86	96	78	55	2	2	79	10	82	1.20e-24	93.3
tr|A0A0B7JK74|A0A0B7JK74_9GAMM	GCF_000025065.1_WP_012883679.1	24.359	81	86	96	78	54	2	2	79	10	82	1.24e-24	93.3
tr|A0A0B7JK74|A0A0B7JK74_9GAMM	GCF_900095885.1_WP_035340381.1	25.641	81	86	96	78	53	2	2	79	10	82	1.28e-24	93.3
tr|A0A0B7JK74|A0A0B7JK74_9GAMM	GCF_000010085.1_WP_011411656.1	26.923	81	86	96	78	52	2	2	79	10	82	1.32e-24	93.3
tr|A0A0B7JK74|A0A0B7JK74_9GAMM	GCF_000264765.2_WP_034163237.1	25.316	81	86	98	79	54	2	2	80	10	83	1.64e-24	93.0
tr|A0A0B7JK74|A0A0B7JK74_9GAMM	GCF_019844095.1_WP_062747070.1	24.359	81	88	96	78	54	2	2	79	11	83	1.67e-24	93.0
tr|A0A0B7JK74|A0A0B7JK74_9GAMM	GCF_008807375.1_WP_151133519.1	27.848	81	90	98	79	57	0	2	80	5	83	1.70e-24	93.0
tr|A0A0B7JK74|A0A0B7JK74_9GAMM	GCF_020150375.1_WP_004094310.1	24.675	81	86	95	77	53	2	2	78	10	81	1.76e-24	93.0
tr|A0A0B7JK74|A0A0B7JK74_9GAMM	GCF_025133195.1_WP_032910235.1	26.923	81	86	96	78	52	2	2	79	10	82	1.77e-24	93.0
tr|A0A0B7JK74|A0A0B7JK74_9GAMM	GCF_000517425.1_WP_025421126.1	26.923	81	86	96	78	52	2	2	79	10	82	1.86e-24	93.0
tr|A0A0B7JK74|A0A0B7JK74_9GAMM	GCF_022647505.1_WP_128179458.1	20.513	81	87	96	78	57	2	2	79	10	82	2.08e-24	92.7
tr|A0A0B7JK74|A0A0B7JK74_9GAMM	GCF_000196615.1_WP_013200864.1	23.077	81	87	96	78	55	2	2	79	10	82	2.12e-24	92.7
tr|A0A0B7JK74|A0A0B7JK74_9GAMM	GCF_002887615.1_WP_038869703.1	37.500	81	81	99	80	50	0	1	80	1	80	2.20e-24	92.7
tr|A0A0B7JK74|A0A0B7JK74_9GAMM	GCF_014524625.1_WP_009050814.1	30.380	81	92	98	79	55	0	2	80	7	85	2.26e-24	92.7
tr|A0A0B7JK74|A0A0B7JK74_9GAMM	GCF_021029445.1_WP_230924827.1	30.380	81	89	98	79	54	1	2	80	7	84	2.32e-24	92.7
tr|A0A0B7JK74|A0A0B7JK74_9GAMM	GCF_000520015.2_WP_024910172.1	30.769	81	87	96	78	49	2	2	79	10	82	2.44e-24	92.7
tr|A0A0B7JK74|A0A0B7JK74_9GAMM	GCF_000019525.1_WP_012323084.1	32.500	81	81	99	80	54	0	1	80	1	80	2.59e-24	92.4
tr|A0A0B7JK74|A0A0B7JK74_9GAMM	GCF_005484945.1_WP_137712817.1	20.513	81	86	96	78	57	2	2	79	10	82	2.88e-24	92.4
tr|A0A0B7JK74|A0A0B7JK74_9GAMM	GCF_009873295.1_WP_039312412.1	20.513	81	86	96	78	57	2	2	79	10	82	3.07e-24	92.4
tr|A0A0B7JK74|A0A0B7JK74_9GAMM	GCF_020181655.1_WP_225087160.1	19.231	81	86	96	78	58	2	2	79	10	82	3.14e-24	92.4
tr|A0A0B7JK74|A0A0B7JK74_9GAMM	GCF_017498685.1_WP_038245151.1	25.641	81	86	96	78	53	2	2	79	10	82	3.22e-24	92.4
tr|A0A0B7JK74|A0A0B7JK74_9GAMM	GCF_019977755.1_WP_126608378.1	37.209	81	103	99	86	48	1	1	80	15	100	3.52e-24	92.4
tr|A0A0B7JK74|A0A0B7JK74_9GAMM	GCF_000023565.1_WP_012770818.1	23.077	81	86	96	78	55	2	2	79	10	82	3.96e-24	92.1
tr|A0A0B7JK74|A0A0B7JK74_9GAMM	GCF_004792415.1_WP_013356856.1	23.077	81	86	96	78	55	2	2	79	10	82	4.02e-24	92.1
tr|A0A0B7JK74|A0A0B7JK74_9GAMM	GCF_009931295.1_WP_161528353.1	20.513	81	86	96	78	57	2	2	79	10	82	4.15e-24	92.1
tr|A0A0B7JK74|A0A0B7JK74_9GAMM	GCF_021733145.1_WP_012847629.1	26.582	81	86	98	79	53	2	2	80	10	83	4.56e-24	91.9
tr|A0A0B7JK74|A0A0B7JK74_9GAMM	GCF_007858975.2_WP_042869176.1	23.077	81	86	96	78	55	2	2	79	10	82	4.56e-24	91.9
tr|A0A0B7JK74|A0A0B7JK74_9GAMM	GCF_002157895.1_WP_227874980.1	50.000	81	82	99	80	40	0	1	80	2	81	5.31e-24	91.6
tr|A0A0B7JK74|A0A0B7JK74_9GAMM	GCF_003515985.1_WP_085653101.1	23.077	81	86	96	78	55	2	2	79	10	82	5.48e-24	91.9
tr|A0A0B7JK74|A0A0B7JK74_9GAMM	GCF_002005305.1_WP_077753428.1	25.926	81	86	100	81	60	0	1	81	6	86	6.32e-24	91.6
tr|A0A0B7JK74|A0A0B7JK74_9GAMM	GCF_008931805.1_WP_019441510.1	42.500	81	81	99	80	46	0	1	80	1	80	6.63e-24	91.3
tr|A0A0B7JK74|A0A0B7JK74_9GAMM	GCF_015999465.1_WP_085688159.1	21.795	81	86	96	78	56	2	2	79	10	82	7.29e-24	91.3
tr|A0A0B7JK74|A0A0B7JK74_9GAMM	GCF_016026735.1_WP_015673540.1	30.769	81	87	96	78	49	2	2	79	10	82	8.17e-24	91.3
tr|A0A0B7JK74|A0A0B7JK74_9GAMM	GCF_000968535.2_WP_014147785.1	33.750	81	84	99	80	52	1	2	81	6	84	8.52e-24	91.3
tr|A0A0B7JK74|A0A0B7JK74_9GAMM	GCF_020342335.1_WP_067428135.1	23.077	81	87	96	78	55	2	2	79	10	82	1.03e-23	91.0
tr|A0A0B7JK74|A0A0B7JK74_9GAMM	GCF_017569925.1_WP_208228065.1	21.795	81	86	96	78	56	2	2	79	10	82	1.07e-23	91.0
tr|A0A0B7JK74|A0A0B7JK74_9GAMM	GCF_001431725.1_WP_021820278.1	38.272	81	81	100	81	50	0	1	81	1	81	1.08e-23	91.0
tr|A0A0B7JK74|A0A0B7JK74_9GAMM	GCF_000196475.1_WP_012776850.1	26.250	81	88	99	80	54	2	2	81	10	84	1.08e-23	91.0
tr|A0A0B7JK74|A0A0B7JK74_9GAMM	GCF_000740965.1_WP_011092648.1	20.513	81	86	96	78	57	2	2	79	10	82	1.08e-23	91.0
tr|A0A0B7JK74|A0A0B7JK74_9GAMM	GCF_902387845.1_WP_004237241.1	25.316	81	88	98	79	54	2	2	80	10	83	1.12e-23	91.0
tr|A0A0B7JK74|A0A0B7JK74_9GAMM	GCF_001642805.2_WP_004931991.1	32.051	81	87	96	78	48	2	2	79	10	82	1.18e-23	91.0
tr|A0A0B7JK74|A0A0B7JK74_9GAMM	GCF_000023545.1_WP_015854637.1	20.513	81	86	96	78	57	2	2	79	10	82	1.30e-23	90.7
tr|A0A0B7JK74|A0A0B7JK74_9GAMM	GCF_021462285.1_WP_234585968.1	30.769	81	87	96	78	49	2	2	79	10	82	1.55e-23	90.4
tr|A0A0B7JK74|A0A0B7JK74_9GAMM	GCF_009817885.1_WP_105232289.1	30.769	81	87	96	78	49	2	2	79	10	82	1.67e-23	90.4
tr|A0A0B7JK74|A0A0B7JK74_9GAMM	GCF_000091565.1_WP_004159420.1	23.077	81	87	96	78	55	2	2	79	10	82	1.85e-23	90.4
tr|A0A0B7JK74|A0A0B7JK74_9GAMM	GCF_002812485.1_WP_038661467.1	23.077	81	86	96	78	55	2	2	79	10	82	1.91e-23	90.4
tr|A0A0B7JK74|A0A0B7JK74_9GAMM	GCF_019048385.1_WP_062759648.1	23.077	81	86	96	78	55	2	2	79	10	82	1.92e-23	90.4
tr|A0A0B7JK74|A0A0B7JK74_9GAMM	GCF_002291445.1_WP_048635886.1	21.795	81	86	96	78	56	2	2	79	10	82	2.11e-23	90.2
tr|A0A0B7JK74|A0A0B7JK74_9GAMM	GCF_013460135.1_WP_180816665.1	26.582	81	88	98	79	53	2	2	80	10	83	2.16e-23	90.2
tr|A0A0B7JK74|A0A0B7JK74_9GAMM	GCF_019090985.1_WP_036781226.1	25.000	81	88	99	80	55	2	2	81	10	84	2.53e-23	90.2
tr|A0A0B7JK74|A0A0B7JK74_9GAMM	GCF_006364355.1_WP_004727652.1	37.037	81	83	100	81	51	0	1	81	1	81	2.67e-23	89.9
tr|A0A0B7JK74|A0A0B7JK74_9GAMM	GCF_020268605.1_WP_180560445.1	26.582	81	88	98	79	53	2	2	80	10	83	2.67e-23	89.9
tr|A0A0B7JK74|A0A0B7JK74_9GAMM	GCF_001742185.1_WP_005975933.1	20.513	81	86	96	78	57	2	2	79	10	82	2.79e-23	89.9
tr|A0A0B7JK74|A0A0B7JK74_9GAMM	GCF_900187015.1_WP_061796701.1	29.487	81	87	96	78	50	2	2	79	10	82	3.03e-23	89.9
tr|A0A0B7JK74|A0A0B7JK74_9GAMM	GCF_001010285.1_WP_046974061.1	23.750	81	88	99	80	56	2	2	81	10	84	3.21e-23	89.9
tr|A0A0B7JK74|A0A0B7JK74_9GAMM	GCF_000262305.1_WP_002441069.1	26.923	81	86	96	78	52	2	2	79	10	82	3.30e-23	89.6
tr|A0A0B7JK74|A0A0B7JK74_9GAMM	GCF_004768525.1_WP_026822068.1	26.582	81	88	98	79	53	2	2	80	10	83	3.36e-23	89.9
tr|A0A0B7JK74|A0A0B7JK74_9GAMM	GCF_005931095.1_WP_017839868.1	33.750	81	84	99	80	52	1	2	81	6	84	3.42e-23	89.6
tr|A0A0B7JK74|A0A0B7JK74_9GAMM	GCF_009646115.1_WP_008925644.1	23.077	81	86	96	78	55	2	2	79	10	82	3.57e-23	89.6
tr|A0A0B7JK74|A0A0B7JK74_9GAMM	GCF_000147055.1_WP_022632468.1	23.077	81	86	96	78	55	2	2	79	10	82	4.29e-23	89.3
tr|A0A0B7JK74|A0A0B7JK74_9GAMM	GCF_012295615.1_WP_007018284.1	40.741	81	81	100	81	48	0	1	81	1	81	4.32e-23	89.3
tr|A0A0B7JK74|A0A0B7JK74_9GAMM	GCF_013423785.1_WP_180308358.1	27.848	81	88	98	79	56	1	2	80	10	87	4.97e-23	89.3
tr|A0A0B7JK74|A0A0B7JK74_9GAMM	GCF_019797925.1_WP_193521737.1	39.506	81	80	100	81	48	1	1	81	1	80	5.22e-23	89.0
tr|A0A0B7JK74|A0A0B7JK74_9GAMM	GCF_002504285.1_WP_005282992.1	24.051	81	86	98	79	55	2	2	80	10	83	5.36e-23	89.3
tr|A0A0B7JK74|A0A0B7JK74_9GAMM	GCF_000196155.1_WP_011145066.1	25.000	81	88	99	80	55	2	2	81	10	84	5.42e-23	89.3
tr|A0A0B7JK74|A0A0B7JK74_9GAMM	GCF_003403135.1_WP_024104894.1	23.077	81	86	96	78	55	2	2	79	10	82	6.08e-23	89.0
tr|A0A0B7JK74|A0A0B7JK74_9GAMM	GCF_003992745.1_WP_014700896.1	21.795	81	86	96	78	56	2	2	79	10	82	6.74e-23	89.0
tr|A0A0B7JK74|A0A0B7JK74_9GAMM	GCF_000014765.1_WP_011633385.1	35.443	81	89	98	79	51	0	2	80	5	83	6.95e-23	89.0
tr|A0A0B7JK74|A0A0B7JK74_9GAMM	GCF_000146165.2_WP_164925808.1	22.222	81	89	99	81	62	1	1	80	6	86	7.46e-23	88.8
tr|A0A0B7JK74|A0A0B7JK74_9GAMM	GCF_024346675.1_WP_048897676.1	26.582	81	86	98	79	58	0	2	80	8	86	9.72e-23	88.5
tr|A0A0B7JK74|A0A0B7JK74_9GAMM	GCF_000517405.1_WP_038469034.1	25.641	81	83	96	78	53	2	2	79	7	79	9.83e-23	88.5
tr|A0A0B7JK74|A0A0B7JK74_9GAMM	GCF_000214235.1_WP_004952197.1	23.077	81	85	96	78	55	2	2	79	8	80	1.13e-22	88.5
tr|A0A0B7JK74|A0A0B7JK74_9GAMM	GCF_011045835.1_WP_075671674.1	30.000	81	86	99	80	51	2	2	81	10	84	1.16e-22	88.5
tr|A0A0B7JK74|A0A0B7JK74_9GAMM	GCF_000968195.1_WP_045972480.1	26.250	81	87	99	80	54	2	2	81	11	85	1.28e-22	88.2
tr|A0A0B7JK74|A0A0B7JK74_9GAMM	GCF_022647325.1_WP_111140597.1	23.077	81	86	96	78	55	2	2	79	10	82	1.32e-22	88.2
tr|A0A0B7JK74|A0A0B7JK74_9GAMM	GCF_029457395.1_WP_024766443.1	23.457	81	92	95	81	58	1	4	80	9	89	1.40e-22	88.2
tr|A0A0B7JK74|A0A0B7JK74_9GAMM	GCF_005484965.1_WP_009114129.1	19.231	81	86	96	78	58	2	2	79	10	82	1.48e-22	88.2
tr|A0A0B7JK74|A0A0B7JK74_9GAMM	GCF_001455205.1_WP_062560013.1	32.500	81	84	99	80	53	1	2	81	6	84	1.51e-22	87.9
tr|A0A0B7JK74|A0A0B7JK74_9GAMM	GCF_002849875.1_WP_232379112.1	39.024	81	113	98	82	47	1	2	80	32	113	1.56e-22	88.5
tr|A0A0B7JK74|A0A0B7JK74_9GAMM	GCF_001006005.1_WP_223499701.1	24.359	81	85	96	78	54	2	2	79	8	80	1.95e-22	87.6
tr|A0A0B7JK74|A0A0B7JK74_9GAMM	GCF_022369495.1_WP_072064250.1	30.000	81	86	99	80	51	2	2	81	10	84	2.26e-22	87.6
tr|A0A0B7JK74|A0A0B7JK74_9GAMM	GCF_012971725.1_WP_169940133.1	23.457	81	92	95	81	58	1	4	80	9	89	2.59e-22	87.6
tr|A0A0B7JK74|A0A0B7JK74_9GAMM	GCF_000261045.2_WP_006318653.1	23.077	81	87	96	78	55	2	2	79	10	82	2.67e-22	87.4
tr|A0A0B7JK74|A0A0B7JK74_9GAMM	GCF_016026395.1_WP_024524235.1	25.316	81	86	98	79	54	2	2	80	10	83	2.91e-22	87.4
tr|A0A0B7JK74|A0A0B7JK74_9GAMM	GCF_000069965.1_WP_004245453.1	26.250	81	86	99	80	54	2	2	81	10	84	3.03e-22	87.4
tr|A0A0B7JK74|A0A0B7JK74_9GAMM	GCF_008364325.2_WP_230090436.1	23.077	81	85	96	78	55	2	2	79	8	80	3.07e-22	87.4
tr|A0A0B7JK74|A0A0B7JK74_9GAMM	GCF_017348915.1_WP_040077077.1	28.205	81	86	96	78	51	2	2	79	10	82	3.46e-22	87.1
tr|A0A0B7JK74|A0A0B7JK74_9GAMM	GCF_000014885.1_WP_020912292.1	21.519	81	87	98	79	62	0	2	80	7	85	3.67e-22	87.1
tr|A0A0B7JK74|A0A0B7JK74_9GAMM	GCF_900638135.1_WP_012146468.1	23.077	81	87	96	78	55	2	2	79	10	82	3.73e-22	87.1
tr|A0A0B7JK74|A0A0B7JK74_9GAMM	GCF_024746855.1_WP_260492542.1	38.750	81	79	99	80	48	1	1	80	1	79	4.22e-22	86.8
tr|A0A0B7JK74|A0A0B7JK74_9GAMM	GCF_019047765.1_WP_040230035.1	28.205	81	86	96	78	51	2	2	79	10	82	4.91e-22	86.8
tr|A0A0B7JK74|A0A0B7JK74_9GAMM	GCF_003074995.2_WP_015870269.1	26.582	81	86	98	79	53	2	2	80	10	83	5.28e-22	86.8
tr|A0A0B7JK74|A0A0B7JK74_9GAMM	GCF_002291425.1_WP_095847471.1	29.487	81	87	96	78	50	2	2	79	10	82	5.46e-22	86.5
tr|A0A0B7JK74|A0A0B7JK74_9GAMM	GCF_017743015.1_WP_209027287.1	22.500	81	88	99	80	57	2	2	81	10	84	6.26e-22	86.5
tr|A0A0B7JK74|A0A0B7JK74_9GAMM	GCF_008632455.1_WP_150048082.1	35.443	81	84	98	79	50	1	2	80	6	83	6.84e-22	86.2
tr|A0A0B7JK74|A0A0B7JK74_9GAMM	GCF_000968175.1_WP_045959360.1	26.250	81	88	99	80	54	2	2	81	11	85	7.00e-22	86.5
tr|A0A0B7JK74|A0A0B7JK74_9GAMM	GCF_000016065.1_WP_011864074.1	20.000	81	93	99	80	63	1	1	80	6	84	7.18e-22	86.5
tr|A0A0B7JK74|A0A0B7JK74_9GAMM	GCF_022592395.1_WP_047255099.1	24.051	81	87	98	79	55	2	2	80	10	83	8.06e-22	86.2
tr|A0A0B7JK74|A0A0B7JK74_9GAMM	GCF_009831665.3_WP_006709226.1	24.359	81	87	96	78	54	2	2	79	10	82	8.12e-22	86.2
tr|A0A0B7JK74|A0A0B7JK74_9GAMM	GCF_003568825.1_WP_040644076.1	26.506	81	83	99	83	58	1	1	80	1	83	9.16e-22	85.9
tr|A0A0B7JK74|A0A0B7JK74_9GAMM	GCF_029277985.1_WP_154623766.1	25.641	81	87	96	78	53	2	2	79	10	82	9.75e-22	85.9
tr|A0A0B7JK74|A0A0B7JK74_9GAMM	GCF_000019185.1_WP_012277931.1	33.000	81	100	100	100	48	1	1	81	1	100	1.05e-21	86.2
tr|A0A0B7JK74|A0A0B7JK74_9GAMM	GCF_008033135.1_WP_148717358.1	23.750	81	87	99	80	60	1	2	81	7	85	1.09e-21	85.9
tr|A0A0B7JK74|A0A0B7JK74_9GAMM	GCF_004116975.1_WP_064720954.1	26.250	81	86	99	80	54	2	2	81	10	84	1.54e-21	85.4
tr|A0A0B7JK74|A0A0B7JK74_9GAMM	GCF_014295015.1_WP_013185414.1	22.500	81	87	99	80	57	2	2	81	11	85	1.62e-21	85.4
tr|A0A0B7JK74|A0A0B7JK74_9GAMM	GCF_004295645.1_WP_228350951.1	24.051	81	88	98	79	55	2	2	80	11	84	1.65e-21	85.4
tr|A0A0B7JK74|A0A0B7JK74_9GAMM	GCF_003025345.2_WP_003155955.1	23.529	81	91	99	85	60	1	2	81	7	91	1.75e-21	85.4
tr|A0A0B7JK74|A0A0B7JK74_9GAMM	GCF_003096015.2_WP_230514010.1	25.316	81	88	98	79	54	2	2	80	11	84	1.79e-21	85.4
tr|A0A0B7JK74|A0A0B7JK74_9GAMM	GCF_021365465.1_WP_016190321.1	21.795	81	87	96	78	56	2	2	79	10	82	1.92e-21	85.4
tr|A0A0B7JK74|A0A0B7JK74_9GAMM	GCF_002952315.1_WP_012667243.1	19.231	81	87	96	78	58	2	2	79	10	82	1.99e-21	85.1
tr|A0A0B7JK74|A0A0B7JK74_9GAMM	GCF_900478135.1_WP_111739359.1	24.051	81	88	98	79	55	2	2	80	11	84	3.45e-21	84.5
tr|A0A0B7JK74|A0A0B7JK74_9GAMM	GCF_020541225.1_WP_226811316.1	26.923	81	86	96	78	52	2	2	79	10	82	3.61e-21	84.5
tr|A0A0B7JK74|A0A0B7JK74_9GAMM	GCF_900638655.1_WP_047781753.1	24.051	81	88	98	79	55	2	2	80	11	84	4.15e-21	84.5
tr|A0A0B7JK74|A0A0B7JK74_9GAMM	GCF_019703835.1_WP_087020305.1	39.241	81	79	98	79	44	1	2	80	1	75	4.39e-21	84.3
tr|A0A0B7JK74|A0A0B7JK74_9GAMM	GCF_003204135.1_WP_004908806.1	28.205	81	87	96	78	51	2	2	79	10	82	4.52e-21	84.3
tr|A0A0B7JK74|A0A0B7JK74_9GAMM	GCF_002843235.3_WP_102139922.1	28.205	81	87	96	78	51	2	2	79	10	82	6.31e-21	84.0
tr|A0A0B7JK74|A0A0B7JK74_9GAMM	GCF_900475855.1_WP_068441311.1	25.641	81	87	96	78	53	2	2	79	10	82	6.41e-21	84.0
tr|A0A0B7JK74|A0A0B7JK74_9GAMM	GCF_025946765.1_WP_264497926.1	21.795	81	86	96	78	56	2	2	79	10	82	6.45e-21	84.0
tr|A0A0B7JK74|A0A0B7JK74_9GAMM	GCF_001721185.1_WP_069317984.1	22.500	81	87	99	80	57	2	2	81	10	84	9.45e-21	83.4
tr|A0A0B7JK74|A0A0B7JK74_9GAMM	GCF_000785705.2_WP_036272019.1	31.646	81	82	98	79	52	2	2	80	6	82	1.02e-20	83.4
tr|A0A0B7JK74|A0A0B7JK74_9GAMM	GCF_002393505.1_WP_006658392.1	30.769	81	87	96	78	49	2	2	79	10	82	1.74e-20	82.8
tr|A0A0B7JK74|A0A0B7JK74_9GAMM	GCF_008364325.2_WP_020826409.1	27.848	81	84	98	79	54	1	2	80	7	82	2.40e-20	82.3
tr|A0A0B7JK74|A0A0B7JK74_9GAMM	GCF_005671395.1_WP_138095872.1	22.727	81	86	81	66	50	1	2	67	10	74	8.94e-20	80.9
tr|A0A0B7JK74|A0A0B7JK74_9GAMM	GCF_026427595.1_WP_251812951.1	30.952	81	88	99	84	54	3	1	80	4	87	1.04e-19	80.9
tr|A0A0B7JK74|A0A0B7JK74_9GAMM	GCF_017638925.1_WP_208844867.1	39.241	81	81	98	79	47	1	1	79	1	78	1.83e-19	80.0
tr|A0A0B7JK74|A0A0B7JK74_9GAMM	GCF_003990335.1_WP_127025819.1	28.395	81	91	100	81	57	1	1	81	5	84	1.05e-18	78.3
tr|A0A0B7JK74|A0A0B7JK74_9GAMM	GCF_001677435.1_WP_068615618.1	21.739	81	90	85	69	53	1	2	70	9	76	1.27e-18	78.1
tr|A0A0B7JK74|A0A0B7JK74_9GAMM	GCF_007197555.1_WP_144048375.1	26.437	81	94	100	87	58	2	1	81	6	92	2.19e-18	77.5
tr|A0A0B7JK74|A0A0B7JK74_9GAMM	GCF_000018285.1_WP_012155987.1	33.663	81	102	99	101	46	1	1	80	1	101	2.39e-18	77.8
tr|A0A0B7JK74|A0A0B7JK74_9GAMM	GCF_016026875.1_WP_045525981.1	24.051	81	89	98	79	55	3	2	80	7	80	3.41e-18	76.9
tr|A0A0B7JK74|A0A0B7JK74_9GAMM	GCF_004358345.1_WP_121852852.1	27.941	81	76	84	68	49	0	2	69	8	75	8.93e-18	75.8
tr|A0A0B7JK74|A0A0B7JK74_9GAMM	GCF_000147355.1_WP_013326989.1	33.333	81	67	81	66	44	0	15	80	1	66	1.05e-17	75.3
tr|A0A0B7JK74|A0A0B7JK74_9GAMM	GCF_020405345.1_WP_017780573.1	24.051	81	89	98	79	55	3	2	80	7	80	2.09e-17	75.0
tr|A0A0B7JK74|A0A0B7JK74_9GAMM	GCF_003515105.1_WP_036973086.1	23.881	81	73	83	67	51	0	2	68	6	72	3.97e-17	74.1
tr|A0A0B7JK74|A0A0B7JK74_9GAMM	GCF_020991025.1_WP_152109250.1	28.788	81	83	81	66	47	0	2	67	8	73	4.58e-17	74.1
tr|A0A0B7JK74|A0A0B7JK74_9GAMM	GCF_000788395.1_WP_038641921.1	28.750	81	85	99	80	57	0	2	81	5	84	9.99e-17	73.3
tr|A0A0B7JK74|A0A0B7JK74_9GAMM	GCF_020149575.1_WP_224431657.1	23.750	81	85	99	80	56	3	2	81	7	81	1.56e-16	72.7
tr|A0A0B7JK74|A0A0B7JK74_9GAMM	GCF_003855395.1_WP_124730567.1	37.349	81	88	98	83	48	2	2	80	4	86	2.62e-16	72.2
tr|A0A0B7JK74|A0A0B7JK74_9GAMM	GCF_002215215.1_WP_088918776.1	23.750	81	101	99	80	60	1	2	81	20	98	5.70e-16	71.6
tr|A0A0B7JK74|A0A0B7JK74_9GAMM	GCF_020423125.1_WP_226170850.1	20.253	81	84	98	79	58	3	2	80	7	80	8.12e-16	70.8
tr|A0A0B7JK74|A0A0B7JK74_9GAMM	GCF_900637545.1_WP_042651794.1	21.519	81	84	98	79	57	3	2	80	7	80	1.16e-15	70.5
tr|A0A0B7JK74|A0A0B7JK74_9GAMM	GCF_028355655.1_WP_087756847.1	21.519	81	84	98	79	57	3	2	80	7	80	1.30e-15	70.5
tr|A0A0B7JK74|A0A0B7JK74_9GAMM	GCF_000014705.1_WP_011637758.1	33.735	81	88	98	83	51	2	2	80	4	86	1.58e-15	70.2
tr|A0A0B7JK74|A0A0B7JK74_9GAMM	GCF_015209785.1_WP_193988300.1	21.875	81	73	79	64	50	0	2	65	6	69	2.16e-15	69.6
tr|A0A0B7JK74|A0A0B7JK74_9GAMM	GCF_020511155.1_WP_226415657.1	29.762	81	87	99	84	55	2	1	80	4	87	2.27e-15	69.9
tr|A0A0B7JK74|A0A0B7JK74_9GAMM	GCF_002157225.2_WP_086934278.1	29.167	81	80	89	72	50	1	1	72	4	74	4.72e-15	68.8
tr|A0A0B7JK74|A0A0B7JK74_9GAMM	GCF_008693705.1_WP_127008315.1	21.519	81	84	98	79	57	3	2	80	7	80	7.50e-15	68.5
tr|A0A0B7JK74|A0A0B7JK74_9GAMM	GCF_001020955.1_WP_047250467.1	19.718	81	82	84	71	54	1	2	69	10	80	9.58e-15	68.2
tr|A0A0B7JK74|A0A0B7JK74_9GAMM	GCF_014169735.1_WP_134997272.1	18.987	81	86	98	79	59	3	2	80	7	80	1.06e-14	67.9
tr|A0A0B7JK74|A0A0B7JK74_9GAMM	GCF_003063625.1_WP_108601906.1	28.169	81	85	88	71	50	1	1	71	4	73	2.14e-14	67.4
tr|A0A0B7JK74|A0A0B7JK74_9GAMM	GCF_003015165.1_WP_106887831.1	20.253	81	84	98	79	58	3	2	80	7	80	3.23e-14	66.8
tr|A0A0B7JK74|A0A0B7JK74_9GAMM	GCF_003966655.1_WP_113527441.1	24.286	81	77	86	70	52	1	2	71	8	76	3.32e-14	66.5
tr|A0A0B7JK74|A0A0B7JK74_9GAMM	GCF_023650495.1_WP_250655372.1	28.235	81	88	100	85	57	2	1	81	4	88	6.69e-14	66.0
tr|A0A0B7JK74|A0A0B7JK74_9GAMM	GCF_002218045.2_WP_089137819.1	24.638	81	79	81	69	49	1	2	67	9	77	6.90e-14	66.0
tr|A0A0B7JK74|A0A0B7JK74_9GAMM	GCF_000013765.1_WP_011496543.1	22.892	81	106	98	83	60	2	2	80	23	105	7.81e-14	66.3
tr|A0A0B7JK74|A0A0B7JK74_9GAMM	GCF_001651805.1_WP_067384150.1	22.059	81	78	79	68	49	2	2	65	7	74	8.28e-14	65.7
tr|A0A0B7JK74|A0A0B7JK74_9GAMM	GCF_000940995.1_WP_082060442.1	21.429	81	93	86	70	55	0	10	79	16	85	1.14e-13	65.7
tr|A0A0B7JK74|A0A0B7JK74_9GAMM	GCF_013462805.1_WP_009566961.1	24.286	81	77	86	70	52	1	2	71	8	76	1.23e-13	65.1
tr|A0A0B7JK74|A0A0B7JK74_9GAMM	GCF_016026615.1_WP_197928313.1	20.253	81	89	98	79	58	3	2	80	7	80	1.33e-13	65.4
tr|A0A0B7JK74|A0A0B7JK74_9GAMM	GCF_016127195.1_WP_042032742.1	21.795	81	89	96	78	56	3	2	79	7	79	1.79e-13	64.8
tr|A0A0B7JK74|A0A0B7JK74_9GAMM	GCF_001444405.1_WP_058032142.1	29.577	81	87	88	71	50	0	1	71	1	71	2.08e-13	64.8
tr|A0A0B7JK74|A0A0B7JK74_9GAMM	GCF_006385555.1_WP_140234395.1	28.916	81	87	98	83	55	3	2	80	4	86	4.71e-13	64.0
tr|A0A0B7JK74|A0A0B7JK74_9GAMM	GCF_017742995.1_WP_247749573.1	37.209	81	48	53	43	27	0	1	43	1	43	5.29e-13	63.2
tr|A0A0B7JK74|A0A0B7JK74_9GAMM	GCF_020844025.1_WP_215848879.1	25.714	81	77	86	70	51	1	2	71	8	76	5.70e-13	63.4
tr|A0A0B7JK74|A0A0B7JK74_9GAMM	GCF_001596155.1_WP_068342236.1	20.779	81	90	91	77	54	4	2	75	8	80	5.81e-13	63.7
tr|A0A0B7JK74|A0A0B7JK74_9GAMM	GCF_000026085.1_WP_041454550.1	20.896	81	73	81	67	51	2	2	67	6	71	9.47e-13	62.9
tr|A0A0B7JK74|A0A0B7JK74_9GAMM	GCF_004028275.1_WP_128384077.1	20.548	81	77	86	73	55	1	2	71	3	75	1.33e-12	62.6
tr|A0A0B7JK74|A0A0B7JK74_9GAMM	GCF_000012325.1_WP_011045621.1	30.882	81	84	84	68	46	1	2	69	5	71	1.90e-12	62.3
tr|A0A0B7JK74|A0A0B7JK74_9GAMM	GCF_004001245.1_WP_127478562.1	12.500	81	85	84	72	59	2	2	69	10	81	2.11e-12	62.0
tr|A0A0B7JK74|A0A0B7JK74_9GAMM	GCF_019931735.1_WP_223417223.1	22.619	81	87	99	84	61	2	1	80	3	86	2.59e-12	62.0
tr|A0A0B7JK74|A0A0B7JK74_9GAMM	GCF_009662475.1_WP_031573754.1	24.658	81	79	90	73	54	1	2	74	8	79	2.95e-12	61.7
tr|A0A0B7JK74|A0A0B7JK74_9GAMM	GCF_003967195.1_WP_172597571.1	22.667	81	83	88	75	54	1	2	72	9	83	3.36e-12	61.7
tr|A0A0B7JK74|A0A0B7JK74_9GAMM	GCF_000006765.1_NP_249630.1	28.235	81	108	99	85	56	1	2	81	7	91	3.75e-12	62.0
tr|A0A0B7JK74|A0A0B7JK74_9GAMM	GCF_000021985.1_WP_012639500.1	17.910	81	82	78	67	51	1	2	64	8	74	5.67e-12	60.9
tr|A0A0B7JK74|A0A0B7JK74_9GAMM	GCF_024347675.1_WP_261833361.1	38.636	81	54	54	44	27	0	1	44	1	44	1.23e-11	59.8
tr|A0A0B7JK74|A0A0B7JK74_9GAMM	GCF_002355735.1_WP_096359192.1	14.286	81	83	83	70	57	1	2	68	13	82	1.47e-11	60.1
tr|A0A0B7JK74|A0A0B7JK74_9GAMM	GCF_000238255.3_WP_010559905.1	22.857	81	86	86	70	54	0	2	71	5	74	1.91e-11	59.8
tr|A0A0B7JK74|A0A0B7JK74_9GAMM	GCF_000801295.1_WP_171816254.1	19.118	81	99	80	68	51	3	2	66	10	76	2.08e-11	59.8
tr|A0A0B7JK74|A0A0B7JK74_9GAMM	GCF_002355415.1_WP_148665551.1	14.493	81	87	81	69	56	1	2	67	17	85	3.76e-11	58.9
tr|A0A0B7JK74|A0A0B7JK74_9GAMM	GCF_009938015.1_WP_223264517.1	18.310	81	90	83	71	54	2	2	68	10	80	4.86e-11	58.7
tr|A0A0B7JK74|A0A0B7JK74_9GAMM	GCF_001507645.1_WP_068195976.1	15.789	81	90	90	76	58	2	2	74	8	80	4.90e-11	58.7
tr|A0A0B7JK74|A0A0B7JK74_9GAMM	GCF_013282625.1_WP_173286717.1	17.391	81	67	85	69	53	2	2	70	3	67	5.81e-11	58.1
tr|A0A0B7JK74|A0A0B7JK74_9GAMM	GCF_024347195.1_WP_271272618.1	25.373	81	77	79	67	47	2	2	65	7	73	5.93e-11	58.4
tr|A0A0B7JK74|A0A0B7JK74_9GAMM	GCF_000321415.2_WP_015260329.1	10.959	81	93	86	73	62	2	2	71	10	82	6.85e-11	58.4
tr|A0A0B7JK74|A0A0B7JK74_9GAMM	GCF_013343005.1_WP_078482823.1	18.919	81	84	86	74	56	2	2	71	8	81	8.17e-11	58.1
tr|A0A0B7JK74|A0A0B7JK74_9GAMM	GCF_024347275.1_WP_019620968.1	18.421	81	82	89	76	58	2	2	73	7	82	9.71e-11	57.8
tr|A0A0B7JK74|A0A0B7JK74_9GAMM	GCF_021654855.1_WP_237262080.1	28.986	81	70	80	69	44	2	2	66	3	70	1.42e-10	57.2
tr|A0A0B7JK74|A0A0B7JK74_9GAMM	GCF_003970675.1_WP_126615366.1	19.403	81	76	83	67	49	3	2	68	13	74	1.70e-10	57.2
tr|A0A0B7JK74|A0A0B7JK74_9GAMM	GCF_006337165.1_WP_139515111.1	22.535	81	82	81	71	46	3	2	67	8	74	1.86e-10	57.2
tr|A0A0B7JK74|A0A0B7JK74_9GAMM	GCF_024347255.1_WP_091360415.1	22.059	81	79	79	68	49	1	2	65	7	74	1.90e-10	57.0
tr|A0A0B7JK74|A0A0B7JK74_9GAMM	GCF_018736065.1_WP_144074266.1	20.588	81	76	84	68	49	3	2	69	13	75	2.99e-10	56.4
tr|A0A0B7JK74|A0A0B7JK74_9GAMM	GCF_003149515.1_WP_109656005.1	14.667	81	90	89	75	58	2	2	73	8	79	3.13e-10	56.7
tr|A0A0B7JK74|A0A0B7JK74_9GAMM	GCF_010093065.1_WP_238430213.1	16.176	81	83	80	68	51	2	2	66	11	75	3.63e-10	56.4
tr|A0A0B7JK74|A0A0B7JK74_9GAMM	GCF_013137895.1_WP_135435790.1	21.127	81	83	81	71	47	3	2	67	9	75	4.39e-10	56.1
tr|A0A0B7JK74|A0A0B7JK74_9GAMM	GCF_008728635.1_WP_151087836.1	17.722	81	90	94	79	58	4	2	77	8	82	4.51e-10	56.4
tr|A0A0B7JK74|A0A0B7JK74_9GAMM	GCF_000576555.1_WP_044000633.1	21.127	81	83	81	71	47	3	2	67	9	75	4.94e-10	56.1
tr|A0A0B7JK74|A0A0B7JK74_9GAMM	GCF_902810445.1_WP_197744199.1	24.286	81	78	81	70	45	4	2	67	7	72	5.10e-10	55.8
tr|A0A0B7JK74|A0A0B7JK74_9GAMM	GCF_024347215.1_WP_261843265.1	22.388	81	77	79	67	49	2	2	65	7	73	5.18e-10	55.8
tr|A0A0B7JK74|A0A0B7JK74_9GAMM	GCF_027625995.1_WP_270126807.1	19.718	81	82	81	71	48	3	2	67	8	74	5.18e-10	56.1
tr|A0A0B7JK74|A0A0B7JK74_9GAMM	GCF_004355185.1_WP_133271280.1	21.127	81	81	81	71	47	3	2	67	7	73	7.17e-10	55.6
tr|A0A0B7JK74|A0A0B7JK74_9GAMM	GCF_003584645.1_WP_197716612.1	20.000	81	80	81	70	48	3	2	67	8	73	7.40e-10	55.6
tr|A0A0B7JK74|A0A0B7JK74_9GAMM	GCF_000227685.2_WP_006746304.1	12.676	81	83	84	71	59	2	2	69	10	80	1.11e-09	55.3
tr|A0A0B7JK74|A0A0B7JK74_9GAMM	GCF_001955715.1_WP_029708890.1	20.290	81	80	80	69	47	3	2	66	7	71	1.70e-09	54.7
tr|A0A0B7JK74|A0A0B7JK74_9GAMM	GCF_000212735.1_WP_013764159.1	17.143	81	83	81	70	50	3	2	67	10	75	2.51e-09	54.2
tr|A0A0B7JK74|A0A0B7JK74_9GAMM	GCF_013283835.1_WP_071626507.1	21.127	81	83	84	71	49	3	2	69	8	74	2.53e-09	54.2
tr|A0A0B7JK74|A0A0B7JK74_9GAMM	GCF_013201725.1_WP_014475480.1	22.535	81	74	84	71	48	3	2	69	8	74	2.72e-09	54.2
tr|A0A0B7JK74|A0A0B7JK74_9GAMM	GCF_022811645.1_WP_243511723.1	15.714	81	90	81	70	51	3	2	67	8	73	2.98e-09	54.2
tr|A0A0B7JK74|A0A0B7JK74_9GAMM	GCF_002762215.1_WP_085750011.1	17.143	81	87	81	70	50	4	2	67	9	74	4.94e-09	53.6
tr|A0A0B7JK74|A0A0B7JK74_9GAMM	GCF_000014785.1_WP_011630183.1	18.310	81	83	84	71	55	2	2	69	13	83	5.01e-09	53.6
tr|A0A0B7JK74|A0A0B7JK74_9GAMM	GCF_022827545.1_WP_243798205.1	21.127	81	82	81	71	47	3	2	67	8	74	7.16e-09	53.0
tr|A0A0B7JK74|A0A0B7JK74_9GAMM	GCF_002356115.1_WP_096526481.1	23.188	81	78	81	69	47	2	2	67	7	72	8.87e-09	52.7
tr|A0A0B7JK74|A0A0B7JK74_9GAMM	GCF_013177675.1_WP_172128285.1	20.588	81	81	80	68	47	3	2	66	8	71	9.38e-09	52.7
tr|A0A0B7JK74|A0A0B7JK74_9GAMM	GCF_013201665.1_WP_128359868.1	20.548	81	81	86	73	51	3	2	71	8	76	1.16e-08	52.5
tr|A0A0B7JK74|A0A0B7JK74_9GAMM	GCF_000828615.1_WP_041064380.1	18.310	81	80	83	71	54	2	2	68	10	80	1.35e-08	52.5
tr|A0A0B7JK74|A0A0B7JK74_9GAMM	GCF_004293625.1_WP_130538367.1	23.729	81	71	73	59	41	2	2	60	3	57	1.48e-08	52.2
tr|A0A0B7JK74|A0A0B7JK74_9GAMM	GCF_003574965.1_WP_119445661.1	21.127	81	82	81	71	47	3	2	67	8	74	1.50e-08	52.2
tr|A0A0B7JK74|A0A0B7JK74_9GAMM	GCF_002142475.1_WP_026148861.1	18.056	81	86	84	72	51	3	2	69	7	74	1.65e-08	52.2
tr|A0A0B7JK74|A0A0B7JK74_9GAMM	GCF_003353065.1_WP_114983154.1	19.403	81	84	79	67	47	4	2	65	11	73	2.96e-08	51.6
tr|A0A0B7JK74|A0A0B7JK74_9GAMM	GCF_023733635.1_WP_039959400.1	18.841	81	89	79	69	50	3	2	65	7	74	3.19e-08	51.6
tr|A0A0B7JK74|A0A0B7JK74_9GAMM	GCF_013201935.1_WP_129014602.1	20.588	81	72	80	68	47	3	2	66	8	71	3.80e-08	51.1
tr|A0A0B7JK74|A0A0B7JK74_9GAMM	GCF_005166025.1_WP_137090244.1	19.444	81	84	84	72	50	3	2	69	8	75	4.51e-08	51.1
tr|A0A0B7JK74|A0A0B7JK74_9GAMM	GCF_009755585.1_WP_157030071.1	17.143	81	85	81	70	50	3	2	67	8	73	5.04e-08	51.1
tr|A0A0B7JK74|A0A0B7JK74_9GAMM	GCF_013177635.1_WP_129095542.1	20.588	81	72	80	68	47	3	2	66	8	71	5.22e-08	50.8
tr|A0A0B7JK74|A0A0B7JK74_9GAMM	GCF_003544915.1_WP_118918525.1	18.841	81	73	81	69	49	3	2	67	8	72	7.51e-08	50.2
tr|A0A0B7JK74|A0A0B7JK74_9GAMM	GCF_011398355.1_WP_173270199.1	16.667	81	66	81	66	51	2	2	67	3	64	9.44e-08	49.9
tr|A0A0B7JK74|A0A0B7JK74_9GAMM	GCF_011398355.1_WP_173270160.1	20.000	81	65	80	65	48	2	2	66	3	63	1.01e-07	49.9
tr|A0A0B7JK74|A0A0B7JK74_9GAMM	GCF_000092245.1_WP_013136435.1	19.118	81	76	80	68	48	3	2	66	5	68	1.09e-07	49.9
tr|A0A0B7JK74|A0A0B7JK74_9GAMM	GCF_016613475.2_WP_200606805.1	17.391	81	90	81	69	51	2	2	67	11	76	1.72e-07	49.7
tr|A0A0B7JK74|A0A0B7JK74_9GAMM	GCF_009937995.1_WP_179954406.1	20.548	81	79	85	73	54	2	2	70	7	79	3.66e-07	48.8
tr|A0A0B7JK74|A0A0B7JK74_9GAMM	GCF_011398155.1_WP_173291533.1	18.310	81	71	86	71	53	3	2	71	3	69	4.74e-07	48.2
tr|A0A0B7JK74|A0A0B7JK74_9GAMM	GCF_003346775.1_WP_114843067.1	18.310	81	84	84	71	51	4	2	69	8	74	1.02e-06	47.7
tr|A0A0B7JK74|A0A0B7JK74_9GAMM	GCF_008122265.1_WP_148863603.1	19.403	81	84	78	67	46	3	2	64	7	69	1.44e-06	47.1
tr|A0A0B7JK74|A0A0B7JK74_9GAMM	GCF_003722295.1_WP_010573895.1	15.278	81	75	81	72	51	3	2	67	7	74	1.54e-06	47.1
tr|A0A0B7JK74|A0A0B7JK74_9GAMM	GCF_008807855.1_WP_063240334.1	18.841	81	83	81	69	50	2	2	67	11	76	1.98e-06	46.8
tr|A0A0B7JK74|A0A0B7JK74_9GAMM	GCF_003346815.1_WP_114840342.1	20.548	81	82	86	73	51	3	2	71	8	76	2.36e-06	46.6
tr|A0A0B7JK74|A0A0B7JK74_9GAMM	GCF_003955735.1_WP_126127786.1	20.290	81	91	81	69	49	3	2	67	12	77	2.55e-06	46.8
tr|A0A0B7JK74|A0A0B7JK74_9GAMM	GCF_010093065.1_WP_162331416.1	16.883	81	84	90	77	56	4	2	74	11	83	3.56e-06	46.3
tr|A0A0B7JK74|A0A0B7JK74_9GAMM	GCF_004421105.1_WP_134356453.1	20.000	81	80	81	70	48	4	2	67	7	72	3.79e-06	46.0
tr|A0A0B7JK74|A0A0B7JK74_9GAMM	GCF_004798725.1_WP_010811758.1	15.942	81	83	81	69	52	2	2	67	11	76	5.04e-06	45.7
tr|A0A0B7JK74|A0A0B7JK74_9GAMM	GCF_000143085.1_WP_013221711.1	22.388	81	82	78	67	44	4	2	64	7	69	5.16e-06	45.7
tr|A0A0B7JK74|A0A0B7JK74_9GAMM	GCF_002557795.1_WP_098194977.1	19.718	81	89	80	71	47	3	2	66	11	77	8.76e-06	45.4
tr|A0A0B7JK74|A0A0B7JK74_9GAMM	GCF_004214795.1_WP_130234502.1	17.647	81	78	80	68	49	3	2	66	8	71	9.68e-06	45.2
tr|A0A0B7JK74|A0A0B7JK74_9GAMM	GCF_000024005.1_WP_012793320.1	15.942	81	84	80	69	50	3	2	66	11	75	1.13e-05	44.9
tr|A0A0B7JK74|A0A0B7JK74_9GAMM	GCF_001705075.2_WP_065970077.1	15.385	81	78	77	65	52	1	2	63	8	72	1.73e-05	44.3
tr|A0A0B7JK74|A0A0B7JK74_9GAMM	GCF_000012805.1_WP_011330264.1	21.429	81	85	81	70	47	4	2	67	7	72	2.06e-05	44.3
tr|A0A0B7JK74|A0A0B7JK74_9GAMM	GCF_020091585.1_WP_224339804.1	15.714	81	82	81	70	51	4	2	67	7	72	2.29e-05	44.0
tr|A0A0B7JK74|A0A0B7JK74_9GAMM	GCF_000317125.1_WP_015155280.1	18.571	81	81	81	70	49	4	1	66	6	71	2.75e-05	44.0
tr|A0A0B7JK74|A0A0B7JK74_9GAMM	GCF_000018105.1_WP_012162738.1	18.571	81	86	81	70	49	3	1	66	6	71	2.97e-05	44.0
tr|A0A0B7JK74|A0A0B7JK74_9GAMM	GCF_018389385.1_WP_218082190.1	16.176	81	91	80	68	51	2	2	66	21	85	3.06e-05	44.0
tr|A0A0B7JK74|A0A0B7JK74_9GAMM	GCF_013283835.1_WP_071625892.1	14.085	81	79	80	71	51	3	2	66	5	71	6.32e-05	42.9
tr|A0A0B7JK74|A0A0B7JK74_9GAMM	GCF_001956695.1_WP_076086043.1	17.808	81	77	86	73	53	3	2	71	7	75	6.75e-05	42.9
tr|A0A0B7JK74|A0A0B7JK74_9GAMM	GCF_010119975.1_WP_162445115.1	14.925	81	365	78	67	48	3	2	64	14	75	9.92e-05	45.2
tr|A0A0B7JK74|A0A0B7JK74_9GAMM	GCF_001442805.1_WP_057942092.1	15.493	81	88	83	71	52	3	2	68	11	77	1.00e-04	42.6
tr|A0A0B7JK74|A0A0B7JK74_9GAMM	GCF_019891175.1_WP_225938383.1	14.286	81	93	81	70	52	3	1	66	14	79	1.13e-04	42.6
tr|A0A0B7JK74|A0A0B7JK74_9GAMM	GCF_000317575.1_WP_015193670.1	17.143	81	74	81	70	50	4	2	67	7	72	3.57e-04	40.9
tr|A0A0B7JK74|A0A0B7JK74_9GAMM	GCF_000265505.1_WP_014796533.1	15.584	81	97	81	77	53	3	2	67	9	84	4.01e-04	41.2
tr|A0A0B7JK74|A0A0B7JK74_9GAMM	GCF_001956695.1_WP_076086034.1	13.043	81	77	80	69	52	4	2	66	5	69	4.08e-04	40.9
tr|A0A0B7JK74|A0A0B7JK74_9GAMM	GCF_000024725.1_WP_013031543.1	20.000	81	81	81	70	48	4	2	67	7	72	5.94e-04	40.7
tr|A0A0B7JK74|A0A0B7JK74_9GAMM	GCF_001050135.1_WP_048644179.1	24.638	81	88	80	69	44	3	2	66	10	74	7.25e-04	40.4
tr|A0A0B7JK74|A0A0B7JK74_9GAMM	GCF_000222485.1_WP_014022977.1	18.841	81	85	80	69	48	4	2	66	10	74	0.001	39.8
tr|A0A0B7JK74|A0A0B7JK74_9GAMM	GCF_018388465.1_WP_208290210.1	11.765	81	316	81	68	58	1	8	73	139	206	0.001	42.1
tr|A0A0B7JK74|A0A0B7JK74_9GAMM	GCF_000484535.1_WP_023173213.1	17.391	81	91	84	69	55	2	4	71	24	91	0.002	39.0
tr|A0A0B7JK74|A0A0B7JK74_9GAMM	GCF_001027285.1_WP_047859305.1	23.077	81	80	48	39	30	0	4	42	12	50	0.003	38.7
tr|A0A0B7JK74|A0A0B7JK74_9GAMM	GCF_021018745.1_WP_230843504.1	16.667	81	92	80	66	53	2	4	68	24	88	0.007	37.8
tr|A0A0B7JK74|A0A0B7JK74_9GAMM	GCF_001723605.1_WP_069479051.1	14.815	81	76	63	54	42	2	2	52	5	57	0.007	37.6
# PSIBLAST 2.13.0+
# Iteration: 6
# Query: tr|A0A0B7JK74|A0A0B7JK74_9GAMM Modulator of Rho-dependent transcription termination family protein OS=Photobacterium kishitanii OX=318456 GN=C0W70_11190 PE=4 SV=1
# Database: db/chosen-bacteria_proteome_exDup
# Fields: query id, subject id, % identity, query length, subject length, % query coverage per subject, alignment length, mismatches, gap opens, q. start, q. end, s. start, s. end, evalue, bit score
# 443 hits found
tr|A0A0B7JK74|A0A0B7JK74_9GAMM	GCF_024347355.1_WP_105024956.1	46.914	81	83	100	81	43	0	1	81	1	81	1.76e-30	108
tr|A0A0B7JK74|A0A0B7JK74_9GAMM	GCF_008693605.1_WP_223849061.1	35.000	81	95	99	80	52	0	2	81	11	90	3.80e-30	107
tr|A0A0B7JK74|A0A0B7JK74_9GAMM	GCF_002204915.1_WP_052690899.1	39.506	81	101	100	81	49	0	1	81	20	100	4.39e-30	107
tr|A0A0B7JK74|A0A0B7JK74_9GAMM	GCF_025402875.1_WP_011791024.1	27.500	81	90	99	80	58	0	1	80	6	85	5.53e-30	107
tr|A0A0B7JK74|A0A0B7JK74_9GAMM	GCF_009938225.1_WP_075649723.1	40.741	81	82	100	81	48	0	1	81	1	81	9.49e-30	106
tr|A0A0B7JK74|A0A0B7JK74_9GAMM	GCF_004353845.1_WP_103770713.1	35.000	81	93	99	80	52	0	2	81	10	89	9.65e-30	106
tr|A0A0B7JK74|A0A0B7JK74_9GAMM	GCF_003812345.1_WP_121571778.1	35.000	81	94	99	80	52	0	2	81	10	89	1.02e-29	106
tr|A0A0B7JK74|A0A0B7JK74_9GAMM	GCF_024347475.1_WP_239840920.1	44.444	81	83	100	81	45	0	1	81	1	81	1.49e-29	105
tr|A0A0B7JK74|A0A0B7JK74_9GAMM	GCF_024971755.1_WP_259474826.1	25.000	81	88	99	80	60	0	1	80	6	85	4.24e-29	104
tr|A0A0B7JK74|A0A0B7JK74_9GAMM	GCF_009938185.1_WP_162048373.1	44.444	81	82	100	81	45	0	1	81	1	81	5.90e-29	104
tr|A0A0B7JK74|A0A0B7JK74_9GAMM	GCF_001597285.1_WP_061903727.1	31.646	81	92	98	79	54	0	2	80	7	85	6.63e-29	104
tr|A0A0B7JK74|A0A0B7JK74_9GAMM	GCF_000178875.2_WP_012197738.1	25.000	81	90	99	80	60	0	1	80	6	85	6.81e-29	104
tr|A0A0B7JK74|A0A0B7JK74_9GAMM	GCF_022371215.1_WP_239718047.1	44.444	81	83	100	81	45	0	1	81	1	81	7.62e-29	103
tr|A0A0B7JK74|A0A0B7JK74_9GAMM	GCF_014905115.1_WP_193151849.1	45.000	81	81	99	80	44	0	1	80	1	80	1.81e-28	103
tr|A0A0B7JK74|A0A0B7JK74_9GAMM	GCF_002355475.1_WP_004421315.1	30.380	81	91	98	79	55	0	2	80	8	86	4.46e-28	102
tr|A0A0B7JK74|A0A0B7JK74_9GAMM	GCF_024347595.1_WP_176681244.1	44.444	81	83	100	81	45	0	1	81	1	81	7.70e-28	101
tr|A0A0B7JK74|A0A0B7JK74_9GAMM	GCF_011397855.1_WP_044414183.1	30.380	81	90	98	79	55	0	2	80	7	85	8.33e-28	101
tr|A0A0B7JK74|A0A0B7JK74_9GAMM	GCF_000733715.2_WP_017362912.1	30.380	81	90	98	79	55	0	2	80	7	85	1.09e-27	101
tr|A0A0B7JK74|A0A0B7JK74_9GAMM	GCF_020097475.1_WP_000062318.1	28.205	81	86	96	78	51	2	2	79	10	82	1.31e-27	100
tr|A0A0B7JK74|A0A0B7JK74_9GAMM	GCF_008693645.1_WP_137347870.1	28.750	81	89	99	80	57	0	2	81	10	89	1.48e-27	100
tr|A0A0B7JK74|A0A0B7JK74_9GAMM	GCF_001461805.1_WP_013367515.1	28.205	81	86	96	78	51	2	2	79	10	82	1.62e-27	100
tr|A0A0B7JK74|A0A0B7JK74_9GAMM	GCF_013409125.2_WP_099525265.1	29.114	81	90	98	79	56	0	2	80	7	85	1.73e-27	100
tr|A0A0B7JK74|A0A0B7JK74_9GAMM	GCF_004684345.1_WP_135321947.1	30.380	81	93	98	79	55	0	2	80	10	88	1.76e-27	100
tr|A0A0B7JK74|A0A0B7JK74_9GAMM	GCF_008807375.1_WP_151138908.1	29.114	81	91	98	79	56	0	2	80	8	86	2.13e-27	100
tr|A0A0B7JK74|A0A0B7JK74_9GAMM	GCF_024347635.1_WP_139683960.1	48.148	81	83	100	81	42	0	1	81	1	81	2.22e-27	100
tr|A0A0B7JK74|A0A0B7JK74_9GAMM	GCF_013200955.2_WP_173204463.1	27.848	81	91	98	79	57	0	2	80	8	86	2.24e-27	100
tr|A0A0B7JK74|A0A0B7JK74_9GAMM	GCF_001995825.2_WP_017057338.1	49.383	81	83	100	81	41	0	1	81	1	81	2.70e-27	 99
tr|A0A0B7JK74|A0A0B7JK74_9GAMM	GCF_001558415.2_WP_061055374.1	45.679	81	83	100	81	44	0	1	81	1	81	2.72e-27	 99
tr|A0A0B7JK74|A0A0B7JK74_9GAMM	GCF_024347455.1_WP_135458404.1	49.383	81	83	100	81	41	0	1	81	1	81	3.00e-27	 99
tr|A0A0B7JK74|A0A0B7JK74_9GAMM	GCF_002214395.1_WP_010453422.1	40.000	81	81	99	80	48	0	1	80	1	80	3.01e-27	 99
tr|A0A0B7JK74|A0A0B7JK74_9GAMM	GCF_019670125.1_WP_221076876.1	42.500	81	81	99	80	46	0	1	80	1	80	3.16e-27	 99
tr|A0A0B7JK74|A0A0B7JK74_9GAMM	GCF_024205225.1_WP_195881696.1	27.848	81	90	98	79	57	0	2	80	7	85	3.21e-27	 99
tr|A0A0B7JK74|A0A0B7JK74_9GAMM	GCF_017167985.1_WP_093053415.1	30.380	81	92	98	79	55	0	2	80	7	85	3.28e-27	 99
tr|A0A0B7JK74|A0A0B7JK74_9GAMM	GCF_021172065.1_WP_015965827.1	29.487	81	86	96	78	50	2	2	79	10	82	3.34e-27	 99
tr|A0A0B7JK74|A0A0B7JK74_9GAMM	GCF_000091465.1_WP_004733849.1	49.383	81	83	100	81	41	0	1	81	1	81	3.60e-27	99.7
tr|A0A0B7JK74|A0A0B7JK74_9GAMM	GCF_001518835.1_WP_059308693.1	26.923	81	86	96	78	52	2	2	79	10	82	3.70e-27	99.7
tr|A0A0B7JK74|A0A0B7JK74_9GAMM	GCF_008369605.1_WP_000253074.1	45.679	81	81	100	81	44	0	1	81	1	81	3.76e-27	99.7
tr|A0A0B7JK74|A0A0B7JK74_9GAMM	GCF_008329985.2_WP_149283950.1	41.250	81	81	99	80	47	0	1	80	1	80	4.04e-27	99.7
tr|A0A0B7JK74|A0A0B7JK74_9GAMM	GCF_001594225.2_WP_064379396.1	27.848	81	92	98	79	57	0	2	80	7	85	4.20e-27	99.7
tr|A0A0B7JK74|A0A0B7JK74_9GAMM	GCF_000297075.2_WP_003461742.1	29.114	81	90	98	79	56	0	2	80	7	85	4.38e-27	99.7
tr|A0A0B7JK74|A0A0B7JK74_9GAMM	GCF_009938205.1_WP_075706454.1	48.148	81	82	100	81	42	0	1	81	1	81	4.78e-27	99.4
tr|A0A0B7JK74|A0A0B7JK74_9GAMM	GCF_000006925.2_NP_706134.1	26.923	81	86	96	78	52	2	2	79	10	82	4.89e-27	99.4
tr|A0A0B7JK74|A0A0B7JK74_9GAMM	GCF_009068765.1_WP_151900329.1	47.500	81	81	99	80	42	0	1	80	1	80	4.97e-27	99.4
tr|A0A0B7JK74|A0A0B7JK74_9GAMM	GCF_016904755.1_WP_059234959.1	26.923	81	86	96	78	52	2	2	79	10	82	5.51e-27	99.4
tr|A0A0B7JK74|A0A0B7JK74_9GAMM	GCF_001683395.1_WP_017458015.1	26.923	81	86	96	78	52	2	2	79	10	82	5.97e-27	99.2
tr|A0A0B7JK74|A0A0B7JK74_9GAMM	GCF_001708425.1_WP_055136127.1	26.582	81	94	98	79	58	0	2	80	7	85	6.18e-27	99.4
tr|A0A0B7JK74|A0A0B7JK74_9GAMM	GCF_009036245.1_WP_025756830.1	26.923	81	86	96	78	52	2	2	79	10	82	6.62e-27	99.2
tr|A0A0B7JK74|A0A0B7JK74_9GAMM	GCF_001831495.1_WP_068547707.1	50.617	81	81	100	81	40	0	1	81	1	81	6.99e-27	98.9
tr|A0A0B7JK74|A0A0B7JK74_9GAMM	GCF_002407485.1_WP_096780111.1	46.250	81	81	99	80	43	0	1	80	1	80	7.81e-27	98.9
tr|A0A0B7JK74|A0A0B7JK74_9GAMM	GCF_001558255.2_WP_005504861.1	45.679	81	82	99	81	43	1	1	80	1	81	8.54e-27	98.9
tr|A0A0B7JK74|A0A0B7JK74_9GAMM	GCF_000005845.2_NP_414731.2	26.923	81	84	96	78	52	2	2	79	8	80	9.28e-27	98.9
tr|A0A0B7JK74|A0A0B7JK74_9GAMM	GCF_003594935.2_WP_006173581.1	26.923	81	86	96	78	52	2	2	79	10	82	1.02e-26	98.6
tr|A0A0B7JK74|A0A0B7JK74_9GAMM	GCF_009176645.1_WP_152083529.1	26.923	81	86	96	78	52	2	2	79	10	82	1.09e-26	98.6
tr|A0A0B7JK74|A0A0B7JK74_9GAMM	GCF_014879975.1_WP_192888672.1	45.679	81	83	100	81	44	0	1	81	1	81	1.17e-26	98.6
tr|A0A0B7JK74|A0A0B7JK74_9GAMM	GCF_001022135.1_WP_039078449.1	28.205	81	86	96	78	51	2	2	79	10	82	1.23e-26	98.6
tr|A0A0B7JK74|A0A0B7JK74_9GAMM	GCF_024494545.1_WP_256384876.1	77.778	81	81	100	81	18	0	1	81	1	81	1.40e-26	98.3
tr|A0A0B7JK74|A0A0B7JK74_9GAMM	GCF_024347035.1_WP_102941394.1	40.000	81	81	99	80	48	0	1	80	1	80	1.57e-26	98.0
tr|A0A0B7JK74|A0A0B7JK74_9GAMM	GCF_024362845.1_WP_255230807.1	40.000	81	82	99	80	48	0	1	80	1	80	1.60e-26	98.0
tr|A0A0B7JK74|A0A0B7JK74_9GAMM	GCF_001658025.2_WP_007373243.1	28.205	81	86	96	78	51	2	2	79	10	82	1.90e-26	98.0
tr|A0A0B7JK74|A0A0B7JK74_9GAMM	GCF_001007875.1_WP_046858354.1	46.250	81	80	99	80	43	0	1	80	1	80	2.02e-26	97.7
tr|A0A0B7JK74|A0A0B7JK74_9GAMM	GCF_003957745.1_WP_126168493.1	24.051	81	87	98	79	60	0	2	80	7	85	2.25e-26	97.7
tr|A0A0B7JK74|A0A0B7JK74_9GAMM	GCF_004684345.1_WP_135323069.1	26.923	81	86	96	78	52	2	2	79	10	82	2.30e-26	97.7
tr|A0A0B7JK74|A0A0B7JK74_9GAMM	GCF_023195735.1_WP_035891978.1	28.205	81	86	96	78	51	2	2	79	10	82	2.47e-26	97.7
tr|A0A0B7JK74|A0A0B7JK74_9GAMM	GCF_024582835.1_WP_257083279.1	45.000	81	87	99	80	44	0	1	80	1	80	2.52e-26	97.7
tr|A0A0B7JK74|A0A0B7JK74_9GAMM	GCF_019670105.1_WP_040307707.1	43.750	81	81	99	80	45	0	1	80	1	80	2.53e-26	97.5
tr|A0A0B7JK74|A0A0B7JK74_9GAMM	GCF_019048625.1_WP_023305471.1	26.923	81	86	96	78	52	2	2	79	10	82	2.74e-26	97.5
tr|A0A0B7JK74|A0A0B7JK74_9GAMM	GCF_003812345.1_WP_003018503.1	26.923	81	86	96	78	52	2	2	79	10	82	2.86e-26	97.5
tr|A0A0B7JK74|A0A0B7JK74_9GAMM	GCF_027886705.1_WP_061497537.1	26.923	81	86	96	78	52	2	2	79	10	82	3.14e-26	97.5
tr|A0A0B7JK74|A0A0B7JK74_9GAMM	GCF_900638065.1_WP_048212636.1	26.923	81	86	96	78	52	2	2	79	10	82	3.24e-26	97.5
tr|A0A0B7JK74|A0A0B7JK74_9GAMM	GCF_017167985.1_WP_079784061.1	31.646	81	90	98	79	54	0	2	80	7	85	3.54e-26	97.5
tr|A0A0B7JK74|A0A0B7JK74_9GAMM	GCF_900682675.2_WP_069898892.1	31.646	81	94	98	79	54	0	2	80	7	85	3.84e-26	97.5
tr|A0A0B7JK74|A0A0B7JK74_9GAMM	GCF_000214665.1_WP_013819542.1	39.241	81	83	98	79	47	1	2	80	6	83	3.87e-26	97.2
tr|A0A0B7JK74|A0A0B7JK74_9GAMM	GCF_015137655.1_WP_028015593.1	26.923	81	86	96	78	52	2	2	79	10	82	3.92e-26	97.2
tr|A0A0B7JK74|A0A0B7JK74_9GAMM	GCF_000224675.1_WP_010426685.1	26.923	81	86	96	78	52	2	2	79	10	82	4.08e-26	97.2
tr|A0A0B7JK74|A0A0B7JK74_9GAMM	GCF_006742785.1_WP_172630283.1	31.646	81	88	98	79	54	0	2	80	5	83	4.10e-26	97.2
tr|A0A0B7JK74|A0A0B7JK74_9GAMM	GCF_004353845.1_WP_103768334.1	25.641	81	86	96	78	53	2	2	79	10	82	4.12e-26	97.2
tr|A0A0B7JK74|A0A0B7JK74_9GAMM	GCF_007632255.1_WP_015368146.1	26.923	81	86	96	78	52	2	2	79	10	82	4.15e-26	97.2
tr|A0A0B7JK74|A0A0B7JK74_9GAMM	GCF_018128425.1_WP_042289833.1	26.923	81	86	96	78	52	2	2	79	10	82	4.94e-26	96.9
tr|A0A0B7JK74|A0A0B7JK74_9GAMM	GCF_001456255.1_WP_020335096.1	37.500	81	81	99	80	50	0	1	80	1	80	4.98e-26	96.9
tr|A0A0B7JK74|A0A0B7JK74_9GAMM	GCF_009363135.1_WP_090122691.1	29.487	81	86	96	78	50	2	2	79	10	82	4.98e-26	96.9
tr|A0A0B7JK74|A0A0B7JK74_9GAMM	GCF_009649915.1_WP_062772223.1	28.205	81	86	96	78	51	2	2	79	10	82	5.10e-26	96.9
tr|A0A0B7JK74|A0A0B7JK74_9GAMM	GCF_021278985.1_WP_012904575.1	26.923	81	86	96	78	52	2	2	79	10	82	5.14e-26	96.9
tr|A0A0B7JK74|A0A0B7JK74_9GAMM	GCF_001729805.1_WP_008501890.1	26.923	81	86	96	78	52	2	2	79	10	82	5.31e-26	96.9
tr|A0A0B7JK74|A0A0B7JK74_9GAMM	GCF_000009145.1_WP_041356315.1	33.750	81	90	99	80	53	0	1	80	5	84	5.39e-26	96.9
tr|A0A0B7JK74|A0A0B7JK74_9GAMM	GCF_001750725.1_WP_014168720.1	26.923	81	86	96	78	52	2	2	79	10	82	5.65e-26	96.9
tr|A0A0B7JK74|A0A0B7JK74_9GAMM	GCF_025914095.1_WP_031518416.1	25.641	81	86	96	78	53	2	2	79	10	82	5.84e-26	96.6
tr|A0A0B7JK74|A0A0B7JK74_9GAMM	GCF_024347655.1_WP_060467732.1	45.000	81	83	99	80	44	0	1	80	1	80	5.95e-26	96.6
tr|A0A0B7JK74|A0A0B7JK74_9GAMM	GCF_019047765.1_WP_040231149.1	30.000	81	89	99	80	56	0	2	81	10	89	8.60e-26	96.3
tr|A0A0B7JK74|A0A0B7JK74_9GAMM	GCF_001558935.2_WP_042323659.1	26.923	81	86	96	78	52	2	2	79	10	82	8.97e-26	96.3
tr|A0A0B7JK74|A0A0B7JK74_9GAMM	GCF_001277255.1_WP_007666633.1	26.923	81	86	96	78	52	2	2	79	10	82	1.07e-25	96.1
tr|A0A0B7JK74|A0A0B7JK74_9GAMM	GCF_003935895.2_WP_110510858.1	25.641	81	86	96	78	53	2	2	79	10	82	1.10e-25	96.1
tr|A0A0B7JK74|A0A0B7JK74_9GAMM	GCF_000770115.1_WP_069687890.1	41.250	81	81	99	80	47	0	1	80	1	80	1.17e-25	95.8
tr|A0A0B7JK74|A0A0B7JK74_9GAMM	GCF_002393445.1_WP_061273728.1	28.205	81	86	96	78	51	2	2	79	10	82	1.17e-25	96.1
tr|A0A0B7JK74|A0A0B7JK74_9GAMM	GCF_020079945.1_WP_039382769.1	23.077	81	87	96	78	55	2	2	79	10	82	1.24e-25	96.1
tr|A0A0B7JK74|A0A0B7JK74_9GAMM	GCF_009648935.1_WP_047417117.1	25.641	81	86	96	78	53	2	2	79	10	82	1.28e-25	95.8
tr|A0A0B7JK74|A0A0B7JK74_9GAMM	GCF_012767755.2_WP_173171843.1	29.114	81	90	98	79	56	0	2	80	7	85	1.28e-25	96.1
tr|A0A0B7JK74|A0A0B7JK74_9GAMM	GCF_024347495.1_WP_137371745.1	42.500	81	80	99	80	46	0	1	80	1	80	1.44e-25	95.5
tr|A0A0B7JK74|A0A0B7JK74_9GAMM	GCF_002215585.1_WP_088903590.1	23.077	81	89	96	78	59	1	1	78	6	82	1.97e-25	95.5
tr|A0A0B7JK74|A0A0B7JK74_9GAMM	GCF_017354925.1_WP_207321174.1	21.250	81	87	99	80	63	0	2	81	7	86	1.97e-25	95.5
tr|A0A0B7JK74|A0A0B7JK74_9GAMM	GCF_024224615.1_WP_125293588.1	26.923	81	86	96	78	52	2	2	79	10	82	2.11e-25	95.2
tr|A0A0B7JK74|A0A0B7JK74_9GAMM	GCF_000439255.1_WP_000062328.1	29.487	81	86	96	78	50	2	2	79	10	82	2.13e-25	95.2
tr|A0A0B7JK74|A0A0B7JK74_9GAMM	GCF_000024825.1_WP_005460845.1	39.506	81	81	100	81	49	0	1	81	1	81	2.16e-25	95.2
tr|A0A0B7JK74|A0A0B7JK74_9GAMM	GCF_002906475.1_WP_012130247.1	40.000	81	81	99	80	48	0	1	80	1	80	2.18e-25	95.2
tr|A0A0B7JK74|A0A0B7JK74_9GAMM	GCF_001277195.1_WP_032966924.1	26.923	81	86	96	78	52	2	2	79	10	82	2.25e-25	95.2
tr|A0A0B7JK74|A0A0B7JK74_9GAMM	GCF_025758125.1_WP_023480196.1	26.923	81	86	96	78	52	2	2	79	10	82	2.33e-25	95.2
tr|A0A0B7JK74|A0A0B7JK74_9GAMM	GCF_001277215.2_WP_007776988.1	26.923	81	86	96	78	52	2	2	79	10	82	2.36e-25	95.2
tr|A0A0B7JK74|A0A0B7JK74_9GAMM	GCF_001277175.1_WP_007760020.1	28.205	81	86	96	78	51	2	2	79	10	82	2.42e-25	95.2
tr|A0A0B7JK74|A0A0B7JK74_9GAMM	GCF_004328865.1_WP_104643907.1	46.250	81	83	99	80	43	0	1	80	1	80	2.57e-25	94.9
tr|A0A0B7JK74|A0A0B7JK74_9GAMM	GCF_001007935.1_WP_046849946.1	32.500	81	84	99	80	54	0	1	80	5	84	2.57e-25	94.9
tr|A0A0B7JK74|A0A0B7JK74_9GAMM	GCF_017354965.1_WP_207380278.1	21.250	81	87	99	80	63	0	2	81	7	86	2.63e-25	95.2
tr|A0A0B7JK74|A0A0B7JK74_9GAMM	GCF_000233595.1_WP_013024706.1	23.077	81	86	96	78	55	2	2	79	10	82	3.33e-25	94.9
tr|A0A0B7JK74|A0A0B7JK74_9GAMM	GCF_012767755.2_WP_173176508.1	24.675	81	91	95	77	55	1	4	80	9	82	3.34e-25	94.9
tr|A0A0B7JK74|A0A0B7JK74_9GAMM	GCF_002021755.1_WP_005434844.1	40.000	81	81	99	80	48	0	1	80	1	80	3.57e-25	94.6
tr|A0A0B7JK74|A0A0B7JK74_9GAMM	GCF_000018045.1_WP_024130681.1	26.923	81	86	96	78	52	2	2	79	10	82	3.84e-25	94.6
tr|A0A0B7JK74|A0A0B7JK74_9GAMM	GCF_005877035.1_WP_039486662.1	49.383	81	83	100	81	41	0	1	81	1	81	3.91e-25	94.6
tr|A0A0B7JK74|A0A0B7JK74_9GAMM	GCF_900635955.1_WP_126357486.1	28.205	81	86	96	78	51	2	2	79	10	82	4.12e-25	94.6
tr|A0A0B7JK74|A0A0B7JK74_9GAMM	GCF_000015245.1_WP_011761423.1	20.253	81	86	98	79	63	0	2	80	7	85	4.12e-25	94.6
tr|A0A0B7JK74|A0A0B7JK74_9GAMM	GCF_002953195.1_WP_038628016.1	21.795	81	87	96	78	56	2	2	79	10	82	4.13e-25	94.6
tr|A0A0B7JK74|A0A0B7JK74_9GAMM	GCF_022637515.1_WP_064539750.1	26.923	81	86	96	78	52	2	2	79	10	82	4.19e-25	94.6
tr|A0A0B7JK74|A0A0B7JK74_9GAMM	GCF_017329545.1_WP_047884589.1	28.205	81	95	96	78	56	0	2	79	8	85	4.21e-25	94.6
tr|A0A0B7JK74|A0A0B7JK74_9GAMM	GCF_000240185.1_YP_005225236.1	26.923	81	86	96	78	52	2	2	79	10	82	4.39e-25	94.4
tr|A0A0B7JK74|A0A0B7JK74_9GAMM	GCF_002163605.1_WP_157665988.1	27.848	81	86	98	79	52	2	2	80	10	83	4.57e-25	94.4
tr|A0A0B7JK74|A0A0B7JK74_9GAMM	GCF_900233005.1_WP_102521318.1	39.506	81	81	100	81	49	0	1	81	1	81	4.95e-25	94.4
tr|A0A0B7JK74|A0A0B7JK74_9GAMM	GCF_000834395.1_WP_042546713.1	26.923	81	86	96	78	52	2	2	79	10	82	5.23e-25	94.4
tr|A0A0B7JK74|A0A0B7JK74_9GAMM	GCF_016834455.1_WP_203325205.1	21.519	81	86	98	79	62	0	2	80	7	85	5.32e-25	94.4
tr|A0A0B7JK74|A0A0B7JK74_9GAMM	GCF_004124235.1_WP_025377303.1	26.923	81	86	96	78	52	2	2	79	10	82	5.32e-25	94.4
tr|A0A0B7JK74|A0A0B7JK74_9GAMM	GCF_021276285.1_WP_095923198.1	25.641	81	86	96	78	53	2	2	79	10	82	5.40e-25	94.4
tr|A0A0B7JK74|A0A0B7JK74_9GAMM	GCF_000772105.1_WP_004748349.1	41.250	81	81	99	80	47	0	1	80	1	80	5.80e-25	94.1
tr|A0A0B7JK74|A0A0B7JK74_9GAMM	GCF_013234275.1_WP_172895488.1	28.205	81	86	96	78	51	2	2	79	10	82	5.80e-25	94.1
tr|A0A0B7JK74|A0A0B7JK74_9GAMM	GCF_022637475.1_WP_013574214.1	24.359	81	86	96	78	54	2	2	79	10	82	5.85e-25	94.1
tr|A0A0B7JK74|A0A0B7JK74_9GAMM	GCF_011617105.1_WP_025800203.1	24.675	81	86	95	77	53	2	2	78	10	81	6.08e-25	94.1
tr|A0A0B7JK74|A0A0B7JK74_9GAMM	GCF_011068345.1_WP_002436992.1	26.923	81	86	96	78	52	2	2	79	10	82	6.08e-25	94.1
tr|A0A0B7JK74|A0A0B7JK74_9GAMM	GCF_017915135.1_WP_210390879.1	27.848	81	90	98	79	57	0	2	80	7	85	6.09e-25	94.1
tr|A0A0B7JK74|A0A0B7JK74_9GAMM	GCF_000006945.2_NP_459242.1	29.487	81	86	96	78	50	2	2	79	10	82	6.43e-25	94.1
tr|A0A0B7JK74|A0A0B7JK74_9GAMM	GCF_003019925.1_WP_162185254.1	28.205	81	86	96	78	51	2	2	79	10	82	6.53e-25	94.1
tr|A0A0B7JK74|A0A0B7JK74_9GAMM	GCF_019890955.1_WP_211725887.1	23.077	81	87	96	78	55	2	2	79	10	82	6.71e-25	94.1
tr|A0A0B7JK74|A0A0B7JK74_9GAMM	GCF_013282725.1_WP_032813813.1	25.641	81	86	96	78	53	2	2	79	10	82	7.02e-25	94.1
tr|A0A0B7JK74|A0A0B7JK74_9GAMM	GCF_003261575.2_WP_110272453.1	28.205	81	86	96	78	51	2	2	79	10	82	7.02e-25	94.1
tr|A0A0B7JK74|A0A0B7JK74_9GAMM	GCF_000222975.1_WP_002218374.1	26.923	81	86	96	78	52	2	2	79	10	82	7.02e-25	94.1
tr|A0A0B7JK74|A0A0B7JK74_9GAMM	GCF_019670485.1_WP_221071211.1	40.000	81	81	99	80	48	0	1	80	1	80	7.42e-25	93.8
tr|A0A0B7JK74|A0A0B7JK74_9GAMM	GCF_006711645.1_WP_100682484.1	28.205	81	86	96	78	51	2	2	79	10	82	7.54e-25	93.8
tr|A0A0B7JK74|A0A0B7JK74_9GAMM	GCF_019670705.1_WP_100146025.1	20.253	81	92	98	79	63	0	2	80	7	85	8.47e-25	93.8
tr|A0A0B7JK74|A0A0B7JK74_9GAMM	GCF_003812925.1_WP_004107903.1	26.923	81	86	96	78	52	2	2	79	10	82	8.84e-25	93.8
tr|A0A0B7JK74|A0A0B7JK74_9GAMM	GCF_022637595.1_WP_004858152.1	28.205	81	86	96	78	51	2	2	79	10	82	9.27e-25	93.8
tr|A0A0B7JK74|A0A0B7JK74_9GAMM	GCF_018139045.1_WP_004129134.1	28.205	81	86	96	78	51	2	2	79	10	82	9.42e-25	93.5
tr|A0A0B7JK74|A0A0B7JK74_9GAMM	GCF_002355475.1_WP_003455993.1	27.848	81	90	98	79	57	0	2	80	5	83	9.73e-25	93.8
tr|A0A0B7JK74|A0A0B7JK74_9GAMM	GCF_002101395.1_WP_085067900.1	21.795	81	87	96	78	56	2	2	79	10	82	9.82e-25	93.5
tr|A0A0B7JK74|A0A0B7JK74_9GAMM	GCF_000834455.1_WP_032817050.1	26.923	81	86	96	78	52	2	2	79	10	82	1.24e-24	93.2
tr|A0A0B7JK74|A0A0B7JK74_9GAMM	GCF_000026185.1_WP_012440659.1	24.359	81	87	96	78	54	2	2	79	10	82	1.35e-24	93.2
tr|A0A0B7JK74|A0A0B7JK74_9GAMM	GCF_015139575.1_WP_004098776.1	26.923	81	86	96	78	52	2	2	79	10	82	1.36e-24	93.2
tr|A0A0B7JK74|A0A0B7JK74_9GAMM	GCF_000238395.3_WP_010553578.1	48.750	81	83	99	80	41	0	1	80	1	80	1.37e-24	93.2
tr|A0A0B7JK74|A0A0B7JK74_9GAMM	GCF_009914055.1_WP_160619715.1	23.077	81	87	96	78	55	2	2	79	10	82	1.44e-24	93.2
tr|A0A0B7JK74|A0A0B7JK74_9GAMM	GCF_000148645.1_WP_013347076.1	42.308	81	80	96	78	45	0	4	81	3	80	1.47e-24	93.0
tr|A0A0B7JK74|A0A0B7JK74_9GAMM	GCF_009730655.1_WP_156020461.1	20.253	81	92	98	79	63	0	2	80	7	85	1.50e-24	93.2
tr|A0A0B7JK74|A0A0B7JK74_9GAMM	GCF_019669905.1_WP_054759186.1	34.177	81	79	98	79	48	1	2	80	5	79	1.59e-24	93.0
tr|A0A0B7JK74|A0A0B7JK74_9GAMM	GCF_003668795.1_WP_054981706.1	41.250	81	83	99	80	47	0	1	80	1	80	1.65e-24	93.0
tr|A0A0B7JK74|A0A0B7JK74_9GAMM	GCF_012029655.1_WP_041144145.1	26.923	81	86	96	78	52	2	2	79	10	82	1.75e-24	93.0
tr|A0A0B7JK74|A0A0B7JK74_9GAMM	GCF_011044475.1_WP_033740322.1	23.077	81	86	96	78	55	2	2	79	10	82	1.75e-24	93.0
tr|A0A0B7JK74|A0A0B7JK74_9GAMM	GCF_003258315.1_WP_111337788.1	28.750	81	88	99	80	57	0	1	80	5	84	1.98e-24	93.0
tr|A0A0B7JK74|A0A0B7JK74_9GAMM	GCF_001999225.1_WP_077537996.1	46.250	81	82	99	80	43	0	1	80	1	80	2.10e-24	92.7
tr|A0A0B7JK74|A0A0B7JK74_9GAMM	GCF_009363415.1_WP_152430616.1	41.975	81	84	100	81	47	0	1	81	1	81	2.16e-24	92.7
tr|A0A0B7JK74|A0A0B7JK74_9GAMM	GCF_002221525.1_WP_089349457.1	41.250	81	83	99	80	47	0	1	80	1	80	2.17e-24	92.7
tr|A0A0B7JK74|A0A0B7JK74_9GAMM	GCF_009730055.1_WP_032906500.1	26.923	81	86	96	78	52	2	2	79	10	82	2.35e-24	92.7
tr|A0A0B7JK74|A0A0B7JK74_9GAMM	GCF_023517775.1_WP_249893541.1	21.795	81	87	96	78	56	2	2	79	10	82	2.39e-24	92.7
tr|A0A0B7JK74|A0A0B7JK74_9GAMM	GCF_012427845.1_WP_012773648.1	20.513	81	86	96	78	57	2	2	79	10	82	2.73e-24	92.4
tr|A0A0B7JK74|A0A0B7JK74_9GAMM	GCF_900095885.1_WP_035340381.1	25.641	81	86	96	78	53	2	2	79	10	82	2.98e-24	92.4
tr|A0A0B7JK74|A0A0B7JK74_9GAMM	GCF_000010085.1_WP_011411656.1	26.923	81	86	96	78	52	2	2	79	10	82	3.05e-24	92.4
tr|A0A0B7JK74|A0A0B7JK74_9GAMM	GCF_019797845.1_WP_222158377.1	23.077	81	86	96	78	55	2	2	79	10	82	3.36e-24	92.1
tr|A0A0B7JK74|A0A0B7JK74_9GAMM	GCF_020683125.1_WP_133842177.1	24.359	81	88	96	78	54	2	2	79	11	83	3.51e-24	92.1
tr|A0A0B7JK74|A0A0B7JK74_9GAMM	GCF_002288545.1_WP_029367608.1	20.513	81	86	96	78	57	2	2	79	10	82	3.52e-24	92.1
tr|A0A0B7JK74|A0A0B7JK74_9GAMM	GCF_024360925.2_WP_255188929.1	36.709	81	83	98	79	49	1	2	80	6	83	3.88e-24	92.1
tr|A0A0B7JK74|A0A0B7JK74_9GAMM	GCF_000264765.2_WP_034163237.1	25.316	81	86	98	79	54	2	2	80	10	83	4.00e-24	92.1
tr|A0A0B7JK74|A0A0B7JK74_9GAMM	GCF_000517425.1_WP_025421126.1	26.923	81	86	96	78	52	2	2	79	10	82	4.06e-24	92.1
tr|A0A0B7JK74|A0A0B7JK74_9GAMM	GCF_024347675.1_WP_261835500.1	37.037	81	81	100	81	51	0	1	81	1	81	4.23e-24	91.8
tr|A0A0B7JK74|A0A0B7JK74_9GAMM	GCF_025133195.1_WP_032910235.1	26.923	81	86	96	78	52	2	2	79	10	82	4.23e-24	92.1
tr|A0A0B7JK74|A0A0B7JK74_9GAMM	GCF_008807375.1_WP_151133519.1	27.848	81	90	98	79	57	0	2	80	5	83	4.47e-24	92.1
tr|A0A0B7JK74|A0A0B7JK74_9GAMM	GCF_020150375.1_WP_004094310.1	24.675	81	86	95	77	53	2	2	78	10	81	4.80e-24	91.8
tr|A0A0B7JK74|A0A0B7JK74_9GAMM	GCF_022647505.1_WP_128179458.1	20.513	81	87	96	78	57	2	2	79	10	82	4.89e-24	91.8
tr|A0A0B7JK74|A0A0B7JK74_9GAMM	GCF_000025065.1_WP_012883679.1	24.359	81	86	96	78	54	2	2	79	10	82	5.12e-24	91.8
tr|A0A0B7JK74|A0A0B7JK74_9GAMM	GCF_014524625.1_WP_009050814.1	30.380	81	92	98	79	55	0	2	80	7	85	6.37e-24	91.6
tr|A0A0B7JK74|A0A0B7JK74_9GAMM	GCF_005484945.1_WP_137712817.1	20.513	81	86	96	78	57	2	2	79	10	82	6.65e-24	91.6
tr|A0A0B7JK74|A0A0B7JK74_9GAMM	GCF_000520015.2_WP_024910172.1	30.769	81	87	96	78	49	2	2	79	10	82	7.33e-24	91.3
tr|A0A0B7JK74|A0A0B7JK74_9GAMM	GCF_019844095.1_WP_062747070.1	24.359	81	88	96	78	54	2	2	79	11	83	7.40e-24	91.6
tr|A0A0B7JK74|A0A0B7JK74_9GAMM	GCF_020181655.1_WP_225087160.1	19.231	81	86	96	78	58	2	2	79	10	82	7.73e-24	91.3
tr|A0A0B7JK74|A0A0B7JK74_9GAMM	GCF_017498685.1_WP_038245151.1	25.641	81	86	96	78	53	2	2	79	10	82	8.64e-24	91.3
tr|A0A0B7JK74|A0A0B7JK74_9GAMM	GCF_009873295.1_WP_039312412.1	20.513	81	86	96	78	57	2	2	79	10	82	8.85e-24	91.3
tr|A0A0B7JK74|A0A0B7JK74_9GAMM	GCF_002887615.1_WP_038869703.1	37.500	81	81	99	80	50	0	1	80	1	80	9.28e-24	91.0
tr|A0A0B7JK74|A0A0B7JK74_9GAMM	GCF_021733145.1_WP_012847629.1	26.582	81	86	98	79	53	2	2	80	10	83	9.28e-24	91.0
tr|A0A0B7JK74|A0A0B7JK74_9GAMM	GCF_000196615.1_WP_013200864.1	23.077	81	87	96	78	55	2	2	79	10	82	9.91e-24	91.0
tr|A0A0B7JK74|A0A0B7JK74_9GAMM	GCF_000019525.1_WP_012323084.1	32.500	81	81	99	80	54	0	1	80	1	80	1.11e-23	90.7
tr|A0A0B7JK74|A0A0B7JK74_9GAMM	GCF_021029445.1_WP_230924827.1	30.380	81	89	98	79	54	1	2	80	7	84	1.12e-23	91.0
tr|A0A0B7JK74|A0A0B7JK74_9GAMM	GCF_007858975.2_WP_042869176.1	23.077	81	86	96	78	55	2	2	79	10	82	1.20e-23	90.7
tr|A0A0B7JK74|A0A0B7JK74_9GAMM	GCF_003515985.1_WP_085653101.1	23.077	81	86	96	78	55	2	2	79	10	82	1.21e-23	90.7
tr|A0A0B7JK74|A0A0B7JK74_9GAMM	GCF_000023565.1_WP_012770818.1	23.077	81	86	96	78	55	2	2	79	10	82	1.23e-23	90.7
tr|A0A0B7JK74|A0A0B7JK74_9GAMM	GCF_009931295.1_WP_161528353.1	20.513	81	86	96	78	57	2	2	79	10	82	1.31e-23	90.7
tr|A0A0B7JK74|A0A0B7JK74_9GAMM	GCF_004792415.1_WP_013356856.1	23.077	81	86	96	78	55	2	2	79	10	82	1.35e-23	90.7
tr|A0A0B7JK74|A0A0B7JK74_9GAMM	GCF_019977755.1_WP_126608378.1	37.209	81	103	99	86	48	1	1	80	15	100	1.56e-23	91.0
tr|A0A0B7JK74|A0A0B7JK74_9GAMM	GCF_000968535.2_WP_014147785.1	33.750	81	84	99	80	52	1	2	81	6	84	1.64e-23	90.4
tr|A0A0B7JK74|A0A0B7JK74_9GAMM	GCF_002005305.1_WP_077753428.1	25.926	81	86	100	81	60	0	1	81	6	86	1.66e-23	90.4
tr|A0A0B7JK74|A0A0B7JK74_9GAMM	GCF_015999465.1_WP_085688159.1	21.795	81	86	96	78	56	2	2	79	10	82	1.71e-23	90.4
tr|A0A0B7JK74|A0A0B7JK74_9GAMM	GCF_020342335.1_WP_067428135.1	23.077	81	87	96	78	55	2	2	79	10	82	1.80e-23	90.4
tr|A0A0B7JK74|A0A0B7JK74_9GAMM	GCF_016026735.1_WP_015673540.1	30.769	81	87	96	78	49	2	2	79	10	82	1.95e-23	90.4
tr|A0A0B7JK74|A0A0B7JK74_9GAMM	GCF_017569925.1_WP_208228065.1	21.795	81	86	96	78	56	2	2	79	10	82	2.12e-23	90.1
tr|A0A0B7JK74|A0A0B7JK74_9GAMM	GCF_000196475.1_WP_012776850.1	26.250	81	88	99	80	54	2	2	81	10	84	2.29e-23	90.1
tr|A0A0B7JK74|A0A0B7JK74_9GAMM	GCF_902387845.1_WP_004237241.1	25.316	81	88	98	79	54	2	2	80	10	83	2.52e-23	90.1
tr|A0A0B7JK74|A0A0B7JK74_9GAMM	GCF_001642805.2_WP_004931991.1	32.051	81	87	96	78	48	2	2	79	10	82	2.53e-23	90.1
tr|A0A0B7JK74|A0A0B7JK74_9GAMM	GCF_008931805.1_WP_019441510.1	42.500	81	81	99	80	46	0	1	80	1	80	3.23e-23	89.6
tr|A0A0B7JK74|A0A0B7JK74_9GAMM	GCF_021462285.1_WP_234585968.1	30.769	81	87	96	78	49	2	2	79	10	82	3.29e-23	89.9
tr|A0A0B7JK74|A0A0B7JK74_9GAMM	GCF_000023545.1_WP_015854637.1	20.513	81	86	96	78	57	2	2	79	10	82	3.47e-23	89.6
tr|A0A0B7JK74|A0A0B7JK74_9GAMM	GCF_019090985.1_WP_036781226.1	25.000	81	88	99	80	55	2	2	81	10	84	3.48e-23	89.6
tr|A0A0B7JK74|A0A0B7JK74_9GAMM	GCF_000740965.1_WP_011092648.1	20.513	81	86	96	78	57	2	2	79	10	82	3.88e-23	89.6
tr|A0A0B7JK74|A0A0B7JK74_9GAMM	GCF_009817885.1_WP_105232289.1	30.769	81	87	96	78	49	2	2	79	10	82	4.28e-23	89.6
tr|A0A0B7JK74|A0A0B7JK74_9GAMM	GCF_001431725.1_WP_021820278.1	38.272	81	81	100	81	50	0	1	81	1	81	4.62e-23	89.3
tr|A0A0B7JK74|A0A0B7JK74_9GAMM	GCF_002291445.1_WP_048635886.1	21.795	81	86	96	78	56	2	2	79	10	82	4.62e-23	89.3
tr|A0A0B7JK74|A0A0B7JK74_9GAMM	GCF_002157895.1_WP_227874980.1	50.000	81	82	99	80	40	0	1	80	2	81	5.42e-23	89.0
tr|A0A0B7JK74|A0A0B7JK74_9GAMM	GCF_013460135.1_WP_180816665.1	26.582	81	88	98	79	53	2	2	80	10	83	5.52e-23	89.3
tr|A0A0B7JK74|A0A0B7JK74_9GAMM	GCF_000091565.1_WP_004159420.1	23.077	81	87	96	78	55	2	2	79	10	82	5.56e-23	89.3
tr|A0A0B7JK74|A0A0B7JK74_9GAMM	GCF_002812485.1_WP_038661467.1	23.077	81	86	96	78	55	2	2	79	10	82	6.30e-23	89.0
tr|A0A0B7JK74|A0A0B7JK74_9GAMM	GCF_900187015.1_WP_061796701.1	29.487	81	87	96	78	50	2	2	79	10	82	6.62e-23	89.0
tr|A0A0B7JK74|A0A0B7JK74_9GAMM	GCF_019048385.1_WP_062759648.1	23.077	81	86	96	78	55	2	2	79	10	82	6.93e-23	89.0
tr|A0A0B7JK74|A0A0B7JK74_9GAMM	GCF_001010285.1_WP_046974061.1	23.750	81	88	99	80	56	2	2	81	10	84	7.71e-23	88.7
tr|A0A0B7JK74|A0A0B7JK74_9GAMM	GCF_013423785.1_WP_180308358.1	27.848	81	88	98	79	56	1	2	80	10	87	7.90e-23	88.7
tr|A0A0B7JK74|A0A0B7JK74_9GAMM	GCF_000196155.1_WP_011145066.1	25.000	81	88	99	80	55	2	2	81	10	84	8.62e-23	88.7
tr|A0A0B7JK74|A0A0B7JK74_9GAMM	GCF_004768525.1_WP_026822068.1	26.582	81	88	98	79	53	2	2	80	10	83	9.04e-23	88.7
tr|A0A0B7JK74|A0A0B7JK74_9GAMM	GCF_001742185.1_WP_005975933.1	20.513	81	86	96	78	57	2	2	79	10	82	9.15e-23	88.5
tr|A0A0B7JK74|A0A0B7JK74_9GAMM	GCF_006364355.1_WP_004727652.1	37.037	81	83	100	81	51	0	1	81	1	81	9.55e-23	88.5
tr|A0A0B7JK74|A0A0B7JK74_9GAMM	GCF_020268605.1_WP_180560445.1	26.582	81	88	98	79	53	2	2	80	10	83	9.71e-23	88.5
tr|A0A0B7JK74|A0A0B7JK74_9GAMM	GCF_005931095.1_WP_017839868.1	33.750	81	84	99	80	52	1	2	81	6	84	9.72e-23	88.5
tr|A0A0B7JK74|A0A0B7JK74_9GAMM	GCF_002504285.1_WP_005282992.1	24.051	81	86	98	79	55	2	2	80	10	83	9.91e-23	88.5
tr|A0A0B7JK74|A0A0B7JK74_9GAMM	GCF_009646115.1_WP_008925644.1	23.077	81	86	96	78	55	2	2	79	10	82	1.33e-22	88.2
tr|A0A0B7JK74|A0A0B7JK74_9GAMM	GCF_000262305.1_WP_002441069.1	26.923	81	86	96	78	52	2	2	79	10	82	1.46e-22	88.2
tr|A0A0B7JK74|A0A0B7JK74_9GAMM	GCF_000147055.1_WP_022632468.1	23.077	81	86	96	78	55	2	2	79	10	82	1.46e-22	88.2
tr|A0A0B7JK74|A0A0B7JK74_9GAMM	GCF_000014765.1_WP_011633385.1	35.443	81	89	98	79	51	0	2	80	5	83	1.60e-22	87.9
tr|A0A0B7JK74|A0A0B7JK74_9GAMM	GCF_012295615.1_WP_007018284.1	40.741	81	81	100	81	48	0	1	81	1	81	1.93e-22	87.6
tr|A0A0B7JK74|A0A0B7JK74_9GAMM	GCF_024346675.1_WP_048897676.1	26.582	81	86	98	79	58	0	2	80	8	86	1.95e-22	87.9
tr|A0A0B7JK74|A0A0B7JK74_9GAMM	GCF_003403135.1_WP_024104894.1	23.077	81	86	96	78	55	2	2	79	10	82	1.99e-22	87.6
tr|A0A0B7JK74|A0A0B7JK74_9GAMM	GCF_003992745.1_WP_014700896.1	21.795	81	86	96	78	56	2	2	79	10	82	2.09e-22	87.6
tr|A0A0B7JK74|A0A0B7JK74_9GAMM	GCF_001455205.1_WP_062560013.1	32.500	81	84	99	80	53	1	2	81	6	84	2.13e-22	87.6
tr|A0A0B7JK74|A0A0B7JK74_9GAMM	GCF_000146165.2_WP_164925808.1	22.222	81	89	99	81	62	1	1	80	6	86	2.50e-22	87.6
tr|A0A0B7JK74|A0A0B7JK74_9GAMM	GCF_000517405.1_WP_038469034.1	25.641	81	83	96	78	53	2	2	79	7	79	2.88e-22	87.3
tr|A0A0B7JK74|A0A0B7JK74_9GAMM	GCF_000014885.1_WP_020912292.1	21.519	81	87	98	79	62	0	2	80	7	85	3.17e-22	87.3
tr|A0A0B7JK74|A0A0B7JK74_9GAMM	GCF_000214235.1_WP_004952197.1	23.077	81	85	96	78	55	2	2	79	8	80	3.26e-22	87.1
tr|A0A0B7JK74|A0A0B7JK74_9GAMM	GCF_000968195.1_WP_045972480.1	26.250	81	87	99	80	54	2	2	81	11	85	3.29e-22	87.3
tr|A0A0B7JK74|A0A0B7JK74_9GAMM	GCF_019797925.1_WP_193521737.1	39.506	81	80	100	81	48	1	1	81	1	80	3.47e-22	87.1
tr|A0A0B7JK74|A0A0B7JK74_9GAMM	GCF_029457395.1_WP_024766443.1	23.457	81	92	95	81	58	1	4	80	9	89	3.60e-22	87.3
tr|A0A0B7JK74|A0A0B7JK74_9GAMM	GCF_005484965.1_WP_009114129.1	19.231	81	86	96	78	58	2	2	79	10	82	4.41e-22	86.8
tr|A0A0B7JK74|A0A0B7JK74_9GAMM	GCF_011045835.1_WP_075671674.1	30.000	81	86	99	80	51	2	2	81	10	84	4.55e-22	86.8
tr|A0A0B7JK74|A0A0B7JK74_9GAMM	GCF_001006005.1_WP_223499701.1	24.359	81	85	96	78	54	2	2	79	8	80	5.50e-22	86.5
tr|A0A0B7JK74|A0A0B7JK74_9GAMM	GCF_022647325.1_WP_111140597.1	23.077	81	86	96	78	55	2	2	79	10	82	5.87e-22	86.5
tr|A0A0B7JK74|A0A0B7JK74_9GAMM	GCF_016026395.1_WP_024524235.1	25.316	81	86	98	79	54	2	2	80	10	83	5.97e-22	86.5
tr|A0A0B7JK74|A0A0B7JK74_9GAMM	GCF_012971725.1_WP_169940133.1	23.457	81	92	95	81	58	1	4	80	9	89	6.96e-22	86.5
tr|A0A0B7JK74|A0A0B7JK74_9GAMM	GCF_000261045.2_WP_006318653.1	23.077	81	87	96	78	55	2	2	79	10	82	7.06e-22	86.5
tr|A0A0B7JK74|A0A0B7JK74_9GAMM	GCF_008364325.2_WP_230090436.1	23.077	81	85	96	78	55	2	2	79	8	80	7.93e-22	86.2
tr|A0A0B7JK74|A0A0B7JK74_9GAMM	GCF_002849875.1_WP_232379112.1	39.024	81	113	98	82	47	1	2	80	32	113	8.10e-22	86.8
tr|A0A0B7JK74|A0A0B7JK74_9GAMM	GCF_017348915.1_WP_040077077.1	28.205	81	86	96	78	51	2	2	79	10	82	8.46e-22	86.2
tr|A0A0B7JK74|A0A0B7JK74_9GAMM	GCF_022369495.1_WP_072064250.1	30.000	81	86	99	80	51	2	2	81	10	84	8.73e-22	86.2
tr|A0A0B7JK74|A0A0B7JK74_9GAMM	GCF_900638135.1_WP_012146468.1	23.077	81	87	96	78	55	2	2	79	10	82	1.08e-21	85.9
tr|A0A0B7JK74|A0A0B7JK74_9GAMM	GCF_000069965.1_WP_004245453.1	26.250	81	86	99	80	54	2	2	81	10	84	1.13e-21	85.9
tr|A0A0B7JK74|A0A0B7JK74_9GAMM	GCF_003074995.2_WP_015870269.1	26.582	81	86	98	79	53	2	2	80	10	83	1.22e-21	85.6
tr|A0A0B7JK74|A0A0B7JK74_9GAMM	GCF_022592395.1_WP_047255099.1	24.051	81	87	98	79	55	2	2	80	10	83	1.26e-21	85.6
tr|A0A0B7JK74|A0A0B7JK74_9GAMM	GCF_019047765.1_WP_040230035.1	28.205	81	86	96	78	51	2	2	79	10	82	1.33e-21	85.6
tr|A0A0B7JK74|A0A0B7JK74_9GAMM	GCF_002291425.1_WP_095847471.1	29.487	81	87	96	78	50	2	2	79	10	82	1.37e-21	85.6
tr|A0A0B7JK74|A0A0B7JK74_9GAMM	GCF_000016065.1_WP_011864074.1	20.000	81	93	99	80	63	1	1	80	6	84	1.38e-21	85.6
tr|A0A0B7JK74|A0A0B7JK74_9GAMM	GCF_000968175.1_WP_045959360.1	26.250	81	88	99	80	54	2	2	81	11	85	1.62e-21	85.4
tr|A0A0B7JK74|A0A0B7JK74_9GAMM	GCF_017743015.1_WP_209027287.1	22.500	81	88	99	80	57	2	2	81	10	84	1.75e-21	85.4
tr|A0A0B7JK74|A0A0B7JK74_9GAMM	GCF_008033135.1_WP_148717358.1	23.750	81	87	99	80	60	1	2	81	7	85	1.97e-21	85.1
tr|A0A0B7JK74|A0A0B7JK74_9GAMM	GCF_024746855.1_WP_260492542.1	38.750	81	79	99	80	48	1	1	80	1	79	2.23e-21	84.8
tr|A0A0B7JK74|A0A0B7JK74_9GAMM	GCF_029277985.1_WP_154623766.1	25.641	81	87	96	78	53	2	2	79	10	82	2.70e-21	84.8
tr|A0A0B7JK74|A0A0B7JK74_9GAMM	GCF_009831665.3_WP_006709226.1	24.359	81	87	96	78	54	2	2	79	10	82	3.00e-21	84.8
tr|A0A0B7JK74|A0A0B7JK74_9GAMM	GCF_004295645.1_WP_228350951.1	24.051	81	88	98	79	55	2	2	80	11	84	3.81e-21	84.5
tr|A0A0B7JK74|A0A0B7JK74_9GAMM	GCF_014295015.1_WP_013185414.1	22.500	81	87	99	80	57	2	2	81	11	85	3.96e-21	84.5
tr|A0A0B7JK74|A0A0B7JK74_9GAMM	GCF_008632455.1_WP_150048082.1	35.443	81	84	98	79	50	1	2	80	6	83	4.16e-21	84.2
tr|A0A0B7JK74|A0A0B7JK74_9GAMM	GCF_003025345.2_WP_003155955.1	23.529	81	91	99	85	60	1	2	81	7	91	4.53e-21	84.2
tr|A0A0B7JK74|A0A0B7JK74_9GAMM	GCF_004116975.1_WP_064720954.1	26.250	81	86	99	80	54	2	2	81	10	84	5.18e-21	84.2
tr|A0A0B7JK74|A0A0B7JK74_9GAMM	GCF_003096015.2_WP_230514010.1	25.316	81	88	98	79	54	2	2	80	11	84	5.20e-21	84.2
tr|A0A0B7JK74|A0A0B7JK74_9GAMM	GCF_021365465.1_WP_016190321.1	21.795	81	87	96	78	56	2	2	79	10	82	5.27e-21	84.2
tr|A0A0B7JK74|A0A0B7JK74_9GAMM	GCF_003568825.1_WP_040644076.1	26.506	81	83	99	83	58	1	1	80	1	83	5.36e-21	84.0
tr|A0A0B7JK74|A0A0B7JK74_9GAMM	GCF_002952315.1_WP_012667243.1	19.231	81	87	96	78	58	2	2	79	10	82	5.94e-21	84.0
tr|A0A0B7JK74|A0A0B7JK74_9GAMM	GCF_020541225.1_WP_226811316.1	26.923	81	86	96	78	52	2	2	79	10	82	7.40e-21	83.7
tr|A0A0B7JK74|A0A0B7JK74_9GAMM	GCF_000019185.1_WP_012277931.1	33.000	81	100	100	100	48	1	1	81	1	100	9.68e-21	83.7
tr|A0A0B7JK74|A0A0B7JK74_9GAMM	GCF_900478135.1_WP_111739359.1	24.051	81	88	98	79	55	2	2	80	11	84	9.81e-21	83.4
tr|A0A0B7JK74|A0A0B7JK74_9GAMM	GCF_900638655.1_WP_047781753.1	24.051	81	88	98	79	55	2	2	80	11	84	1.23e-20	83.1
tr|A0A0B7JK74|A0A0B7JK74_9GAMM	GCF_003204135.1_WP_004908806.1	28.205	81	87	96	78	51	2	2	79	10	82	1.36e-20	83.1
tr|A0A0B7JK74|A0A0B7JK74_9GAMM	GCF_025946765.1_WP_264497926.1	21.795	81	86	96	78	56	2	2	79	10	82	1.39e-20	83.1
tr|A0A0B7JK74|A0A0B7JK74_9GAMM	GCF_019703835.1_WP_087020305.1	39.241	81	79	98	79	44	1	2	80	1	75	1.61e-20	82.8
tr|A0A0B7JK74|A0A0B7JK74_9GAMM	GCF_002843235.3_WP_102139922.1	28.205	81	87	96	78	51	2	2	79	10	82	1.65e-20	82.8
tr|A0A0B7JK74|A0A0B7JK74_9GAMM	GCF_900475855.1_WP_068441311.1	25.641	81	87	96	78	53	2	2	79	10	82	2.15e-20	82.6
tr|A0A0B7JK74|A0A0B7JK74_9GAMM	GCF_000785705.2_WP_036272019.1	31.646	81	82	98	79	52	2	2	80	6	82	2.88e-20	82.3
tr|A0A0B7JK74|A0A0B7JK74_9GAMM	GCF_001721185.1_WP_069317984.1	22.500	81	87	99	80	57	2	2	81	10	84	2.95e-20	82.3
tr|A0A0B7JK74|A0A0B7JK74_9GAMM	GCF_002393505.1_WP_006658392.1	30.769	81	87	96	78	49	2	2	79	10	82	4.61e-20	81.7
tr|A0A0B7JK74|A0A0B7JK74_9GAMM	GCF_008364325.2_WP_020826409.1	27.848	81	84	98	79	54	1	2	80	7	82	6.61e-20	81.1
tr|A0A0B7JK74|A0A0B7JK74_9GAMM	GCF_005671395.1_WP_138095872.1	22.727	81	86	81	66	50	1	2	67	10	74	1.73e-19	80.3
tr|A0A0B7JK74|A0A0B7JK74_9GAMM	GCF_026427595.1_WP_251812951.1	29.762	81	88	99	84	55	3	1	80	4	87	6.71e-19	78.9
tr|A0A0B7JK74|A0A0B7JK74_9GAMM	GCF_017638925.1_WP_208844867.1	39.241	81	81	98	79	47	1	1	79	1	78	9.13e-19	78.3
tr|A0A0B7JK74|A0A0B7JK74_9GAMM	GCF_003990335.1_WP_127025819.1	28.395	81	91	100	81	57	1	1	81	5	84	9.72e-19	78.3
tr|A0A0B7JK74|A0A0B7JK74_9GAMM	GCF_001677435.1_WP_068615618.1	21.739	81	90	85	69	53	1	2	70	9	76	3.32e-18	76.9
tr|A0A0B7JK74|A0A0B7JK74_9GAMM	GCF_007197555.1_WP_144048375.1	26.437	81	94	100	87	58	2	1	81	6	92	4.28e-18	76.9
tr|A0A0B7JK74|A0A0B7JK74_9GAMM	GCF_016026875.1_WP_045525981.1	24.051	81	89	98	79	55	3	2	80	7	80	5.83e-18	76.4
tr|A0A0B7JK74|A0A0B7JK74_9GAMM	GCF_004358345.1_WP_121852852.1	27.941	81	76	84	68	49	0	2	69	8	75	8.54e-18	75.8
tr|A0A0B7JK74|A0A0B7JK74_9GAMM	GCF_000018285.1_WP_012155987.1	33.663	81	102	99	101	46	1	1	80	1	101	1.22e-17	75.8
tr|A0A0B7JK74|A0A0B7JK74_9GAMM	GCF_003515105.1_WP_036973086.1	23.881	81	73	83	67	51	0	2	68	6	72	2.38e-17	74.7
tr|A0A0B7JK74|A0A0B7JK74_9GAMM	GCF_020405345.1_WP_017780573.1	24.051	81	89	98	79	55	3	2	80	7	80	4.28e-17	74.1
tr|A0A0B7JK74|A0A0B7JK74_9GAMM	GCF_000147355.1_WP_013326989.1	33.333	81	67	81	66	44	0	15	80	1	66	5.14e-17	73.5
tr|A0A0B7JK74|A0A0B7JK74_9GAMM	GCF_020991025.1_WP_152109250.1	28.788	81	83	81	66	47	0	2	67	8	73	1.00e-16	73.3
tr|A0A0B7JK74|A0A0B7JK74_9GAMM	GCF_020149575.1_WP_224431657.1	23.750	81	85	99	80	56	3	2	81	7	81	2.27e-16	72.1
tr|A0A0B7JK74|A0A0B7JK74_9GAMM	GCF_000788395.1_WP_038641921.1	28.750	81	85	99	80	57	0	2	81	5	84	2.36e-16	72.1
tr|A0A0B7JK74|A0A0B7JK74_9GAMM	GCF_002215215.1_WP_088918776.1	23.750	81	101	99	80	60	1	2	81	20	98	9.81e-16	71.0
tr|A0A0B7JK74|A0A0B7JK74_9GAMM	GCF_900637545.1_WP_042651794.1	21.519	81	84	98	79	57	3	2	80	7	80	1.27e-15	70.5
tr|A0A0B7JK74|A0A0B7JK74_9GAMM	GCF_020423125.1_WP_226170850.1	20.253	81	84	98	79	58	3	2	80	7	80	1.29e-15	70.5
tr|A0A0B7JK74|A0A0B7JK74_9GAMM	GCF_003855395.1_WP_124730567.1	37.349	81	88	98	83	48	2	2	80	4	86	1.38e-15	70.5
tr|A0A0B7JK74|A0A0B7JK74_9GAMM	GCF_028355655.1_WP_087756847.1	21.519	81	84	98	79	57	3	2	80	7	80	2.16e-15	69.9
tr|A0A0B7JK74|A0A0B7JK74_9GAMM	GCF_015209785.1_WP_193988300.1	21.875	81	73	79	64	50	0	2	65	6	69	3.78e-15	69.0
tr|A0A0B7JK74|A0A0B7JK74_9GAMM	GCF_020511155.1_WP_226415657.1	29.762	81	87	99	84	55	2	1	80	4	87	7.98e-15	68.5
tr|A0A0B7JK74|A0A0B7JK74_9GAMM	GCF_000014705.1_WP_011637758.1	33.735	81	88	98	83	51	2	2	80	4	86	8.86e-15	68.2
tr|A0A0B7JK74|A0A0B7JK74_9GAMM	GCF_002157225.2_WP_086934278.1	29.167	81	80	89	72	50	1	1	72	4	74	9.22e-15	68.2
tr|A0A0B7JK74|A0A0B7JK74_9GAMM	GCF_008693705.1_WP_127008315.1	21.519	81	84	98	79	57	3	2	80	7	80	9.33e-15	68.2
tr|A0A0B7JK74|A0A0B7JK74_9GAMM	GCF_014169735.1_WP_134997272.1	18.987	81	86	98	79	59	3	2	80	7	80	1.26e-14	67.9
tr|A0A0B7JK74|A0A0B7JK74_9GAMM	GCF_003063625.1_WP_108601906.1	27.778	81	85	89	72	51	1	1	72	4	74	1.41e-14	67.6
tr|A0A0B7JK74|A0A0B7JK74_9GAMM	GCF_001020955.1_WP_047250467.1	19.718	81	82	84	71	54	1	2	69	10	80	2.49e-14	67.1
tr|A0A0B7JK74|A0A0B7JK74_9GAMM	GCF_003966655.1_WP_113527441.1	24.286	81	77	86	70	52	1	2	71	8	76	4.36e-14	66.2
tr|A0A0B7JK74|A0A0B7JK74_9GAMM	GCF_003015165.1_WP_106887831.1	20.253	81	84	98	79	58	3	2	80	7	80	6.52e-14	66.0
tr|A0A0B7JK74|A0A0B7JK74_9GAMM	GCF_001596155.1_WP_068342236.1	20.779	81	90	91	77	54	4	2	75	8	80	7.58e-14	66.0
tr|A0A0B7JK74|A0A0B7JK74_9GAMM	GCF_001651805.1_WP_067384150.1	22.059	81	78	79	68	49	2	2	65	7	74	1.22e-13	65.1
tr|A0A0B7JK74|A0A0B7JK74_9GAMM	GCF_016026615.1_WP_197928313.1	20.253	81	89	98	79	58	3	2	80	7	80	1.38e-13	65.4
tr|A0A0B7JK74|A0A0B7JK74_9GAMM	GCF_016127195.1_WP_042032742.1	21.795	81	89	96	78	56	3	2	79	7	79	1.88e-13	64.8
tr|A0A0B7JK74|A0A0B7JK74_9GAMM	GCF_013462805.1_WP_009566961.1	24.286	81	77	86	70	52	1	2	71	8	76	1.90e-13	64.5
tr|A0A0B7JK74|A0A0B7JK74_9GAMM	GCF_002218045.2_WP_089137819.1	24.638	81	79	81	69	49	1	2	67	9	77	2.26e-13	64.5
tr|A0A0B7JK74|A0A0B7JK74_9GAMM	GCF_000940995.1_WP_082060442.1	21.429	81	93	86	70	55	0	10	79	16	85	5.53e-13	63.7
tr|A0A0B7JK74|A0A0B7JK74_9GAMM	GCF_000013765.1_WP_011496543.1	22.892	81	106	98	83	60	2	2	80	23	105	6.45e-13	64.0
tr|A0A0B7JK74|A0A0B7JK74_9GAMM	GCF_020844025.1_WP_215848879.1	25.352	81	77	88	71	52	1	2	72	8	77	6.70e-13	63.4
tr|A0A0B7JK74|A0A0B7JK74_9GAMM	GCF_023650495.1_WP_250655372.1	28.235	81	88	100	85	57	2	1	81	4	88	7.37e-13	63.4
tr|A0A0B7JK74|A0A0B7JK74_9GAMM	GCF_001444405.1_WP_058032142.1	29.577	81	87	88	71	50	0	1	71	1	71	7.42e-13	63.4
tr|A0A0B7JK74|A0A0B7JK74_9GAMM	GCF_004028275.1_WP_128384077.1	20.548	81	77	86	73	55	1	2	71	3	75	1.30e-12	62.6
tr|A0A0B7JK74|A0A0B7JK74_9GAMM	GCF_000026085.1_WP_041454550.1	20.896	81	73	81	67	51	2	2	67	6	71	1.59e-12	62.3
tr|A0A0B7JK74|A0A0B7JK74_9GAMM	GCF_001507645.1_WP_068195976.1	15.789	81	90	90	76	58	2	2	74	8	80	1.66e-12	62.6
tr|A0A0B7JK74|A0A0B7JK74_9GAMM	GCF_006385555.1_WP_140234395.1	27.711	81	87	98	83	56	3	2	80	4	86	2.03e-12	62.3
tr|A0A0B7JK74|A0A0B7JK74_9GAMM	GCF_017742995.1_WP_247749573.1	37.209	81	48	53	43	27	0	1	43	1	43	2.05e-12	61.7
tr|A0A0B7JK74|A0A0B7JK74_9GAMM	GCF_004001245.1_WP_127478562.1	12.500	81	85	84	72	59	2	2	69	10	81	2.72e-12	62.0
tr|A0A0B7JK74|A0A0B7JK74_9GAMM	GCF_010093065.1_WP_238430213.1	16.176	81	83	80	68	51	2	2	66	11	75	2.87e-12	61.7
tr|A0A0B7JK74|A0A0B7JK74_9GAMM	GCF_006337165.1_WP_139515111.1	22.535	81	82	81	71	46	3	2	67	8	74	3.50e-12	61.5
tr|A0A0B7JK74|A0A0B7JK74_9GAMM	GCF_019931735.1_WP_223417223.1	22.619	81	87	99	84	61	2	1	80	3	86	5.23e-12	61.2
tr|A0A0B7JK74|A0A0B7JK74_9GAMM	GCF_013137895.1_WP_135435790.1	21.127	81	83	81	71	47	3	2	67	9	75	5.92e-12	60.9
tr|A0A0B7JK74|A0A0B7JK74_9GAMM	GCF_009662475.1_WP_031573754.1	24.658	81	79	90	73	54	1	2	74	8	79	6.05e-12	60.9
tr|A0A0B7JK74|A0A0B7JK74_9GAMM	GCF_000012325.1_WP_011045621.1	30.882	81	84	84	68	46	1	2	69	5	71	6.26e-12	60.9
tr|A0A0B7JK74|A0A0B7JK74_9GAMM	GCF_027625995.1_WP_270126807.1	19.718	81	82	81	71	48	3	2	67	8	74	6.93e-12	60.9
tr|A0A0B7JK74|A0A0B7JK74_9GAMM	GCF_004355185.1_WP_133271280.1	21.127	81	81	81	71	47	3	2	67	7	73	7.99e-12	60.6
tr|A0A0B7JK74|A0A0B7JK74_9GAMM	GCF_902810445.1_WP_197744199.1	24.286	81	78	81	70	45	4	2	67	7	72	8.24e-12	60.6
tr|A0A0B7JK74|A0A0B7JK74_9GAMM	GCF_003967195.1_WP_172597571.1	22.667	81	83	88	75	54	1	2	72	9	83	9.16e-12	60.6
tr|A0A0B7JK74|A0A0B7JK74_9GAMM	GCF_003584645.1_WP_197716612.1	21.429	81	80	81	70	47	3	2	67	8	73	1.01e-11	60.3
tr|A0A0B7JK74|A0A0B7JK74_9GAMM	GCF_000576555.1_WP_044000633.1	21.127	81	83	81	71	47	3	2	67	9	75	1.22e-11	60.0
tr|A0A0B7JK74|A0A0B7JK74_9GAMM	GCF_000006765.1_NP_249630.1	28.235	81	108	99	85	56	1	2	81	7	91	1.35e-11	60.6
tr|A0A0B7JK74|A0A0B7JK74_9GAMM	GCF_000021985.1_WP_012639500.1	17.647	81	82	79	68	52	1	2	65	8	75	1.52e-11	60.0
tr|A0A0B7JK74|A0A0B7JK74_9GAMM	GCF_003970675.1_WP_126615366.1	19.403	81	76	83	67	49	3	2	68	13	74	1.55e-11	59.8
tr|A0A0B7JK74|A0A0B7JK74_9GAMM	GCF_000801295.1_WP_171816254.1	19.118	81	99	80	68	51	3	2	66	10	76	2.04e-11	60.0
tr|A0A0B7JK74|A0A0B7JK74_9GAMM	GCF_018736065.1_WP_144074266.1	20.588	81	76	84	68	49	3	2	69	13	75	2.09e-11	59.5
tr|A0A0B7JK74|A0A0B7JK74_9GAMM	GCF_002355735.1_WP_096359192.1	14.286	81	83	83	70	57	1	2	68	13	82	3.37e-11	58.9
tr|A0A0B7JK74|A0A0B7JK74_9GAMM	GCF_013283835.1_WP_071626507.1	21.127	81	83	84	71	49	3	2	69	8	74	4.59e-11	58.6
tr|A0A0B7JK74|A0A0B7JK74_9GAMM	GCF_009938015.1_WP_223264517.1	18.310	81	90	83	71	54	2	2	68	10	80	4.72e-11	58.9
tr|A0A0B7JK74|A0A0B7JK74_9GAMM	GCF_003149515.1_WP_109656005.1	14.667	81	90	89	75	58	2	2	73	8	79	5.19e-11	58.6
tr|A0A0B7JK74|A0A0B7JK74_9GAMM	GCF_024347675.1_WP_261833361.1	45.714	81	54	43	35	19	0	1	35	1	35	5.48e-11	58.1
tr|A0A0B7JK74|A0A0B7JK74_9GAMM	GCF_008728635.1_WP_151087836.1	17.722	81	90	94	79	58	4	2	77	8	82	5.85e-11	58.6
tr|A0A0B7JK74|A0A0B7JK74_9GAMM	GCF_000238255.3_WP_010559905.1	22.857	81	86	86	70	54	0	2	71	5	74	6.52e-11	58.4
tr|A0A0B7JK74|A0A0B7JK74_9GAMM	GCF_002355415.1_WP_148665551.1	14.493	81	87	81	69	56	1	2	67	17	85	6.52e-11	58.4
tr|A0A0B7JK74|A0A0B7JK74_9GAMM	GCF_013282625.1_WP_173286717.1	17.391	81	67	85	69	53	2	2	70	3	67	7.94e-11	57.8
tr|A0A0B7JK74|A0A0B7JK74_9GAMM	GCF_021654855.1_WP_237262080.1	28.986	81	70	80	69	44	2	2	66	3	70	1.01e-10	57.5
tr|A0A0B7JK74|A0A0B7JK74_9GAMM	GCF_022827545.1_WP_243798205.1	21.127	81	82	81	71	47	3	2	67	8	74	1.15e-10	57.8
tr|A0A0B7JK74|A0A0B7JK74_9GAMM	GCF_000212735.1_WP_013764159.1	17.143	81	83	81	70	50	3	2	67	10	75	1.17e-10	57.8
tr|A0A0B7JK74|A0A0B7JK74_9GAMM	GCF_000321415.2_WP_015260329.1	10.959	81	93	86	73	62	2	2	71	10	82	1.32e-10	57.8
tr|A0A0B7JK74|A0A0B7JK74_9GAMM	GCF_002762215.1_WP_085750011.1	17.143	81	87	81	70	50	4	2	67	9	74	1.33e-10	57.5
tr|A0A0B7JK74|A0A0B7JK74_9GAMM	GCF_022811645.1_WP_243511723.1	15.714	81	90	81	70	51	3	2	67	8	73	1.76e-10	57.2
tr|A0A0B7JK74|A0A0B7JK74_9GAMM	GCF_013177675.1_WP_172128285.1	20.270	81	81	88	74	52	3	2	72	8	77	1.77e-10	57.2
tr|A0A0B7JK74|A0A0B7JK74_9GAMM	GCF_024347195.1_WP_271272618.1	25.373	81	77	79	67	47	2	2	65	7	73	1.93e-10	57.0
tr|A0A0B7JK74|A0A0B7JK74_9GAMM	GCF_003574965.1_WP_119445661.1	21.127	81	82	81	71	47	3	2	67	8	74	2.21e-10	57.0
tr|A0A0B7JK74|A0A0B7JK74_9GAMM	GCF_024347275.1_WP_019620968.1	18.421	81	82	89	76	58	2	2	73	7	82	2.33e-10	57.0
tr|A0A0B7JK74|A0A0B7JK74_9GAMM	GCF_010093065.1_WP_162331416.1	17.105	81	84	90	76	57	3	2	74	11	83	2.43e-10	57.0
tr|A0A0B7JK74|A0A0B7JK74_9GAMM	GCF_002356115.1_WP_096526481.1	23.188	81	78	81	69	47	2	2	67	7	72	2.44e-10	56.7
tr|A0A0B7JK74|A0A0B7JK74_9GAMM	GCF_001955715.1_WP_029708890.1	20.290	81	80	80	69	47	3	2	66	7	71	2.65e-10	56.7
tr|A0A0B7JK74|A0A0B7JK74_9GAMM	GCF_013343005.1_WP_078482823.1	17.568	81	84	86	74	57	2	2	71	8	81	3.28e-10	56.7
tr|A0A0B7JK74|A0A0B7JK74_9GAMM	GCF_002142475.1_WP_026148861.1	18.056	81	86	84	72	51	3	2	69	7	74	3.59e-10	56.4
tr|A0A0B7JK74|A0A0B7JK74_9GAMM	GCF_013201725.1_WP_014475480.1	22.535	81	74	84	71	48	3	2	69	8	74	4.76e-10	55.8
tr|A0A0B7JK74|A0A0B7JK74_9GAMM	GCF_016613475.2_WP_200606805.1	17.391	81	90	81	69	51	2	2	67	11	76	5.10e-10	56.1
tr|A0A0B7JK74|A0A0B7JK74_9GAMM	GCF_024347255.1_WP_091360415.1	22.059	81	79	79	68	49	1	2	65	7	74	5.62e-10	55.8
tr|A0A0B7JK74|A0A0B7JK74_9GAMM	GCF_013201665.1_WP_128359868.1	20.548	81	81	86	73	51	3	2	71	8	76	7.61e-10	55.5
tr|A0A0B7JK74|A0A0B7JK74_9GAMM	GCF_009755585.1_WP_157030071.1	17.143	81	85	81	70	50	3	2	67	8	73	1.15e-09	55.3
tr|A0A0B7JK74|A0A0B7JK74_9GAMM	GCF_000024005.1_WP_012793320.1	16.883	81	84	90	77	56	3	2	74	11	83	1.20e-09	55.0
tr|A0A0B7JK74|A0A0B7JK74_9GAMM	GCF_008807855.1_WP_063240334.1	18.841	81	83	81	69	50	2	2	67	11	76	1.75e-09	54.7
tr|A0A0B7JK74|A0A0B7JK74_9GAMM	GCF_000227685.2_WP_006746304.1	12.676	81	83	84	71	59	2	2	69	10	80	2.07e-09	54.4
tr|A0A0B7JK74|A0A0B7JK74_9GAMM	GCF_024347215.1_WP_261843265.1	22.388	81	77	79	67	49	2	2	65	7	73	2.15e-09	54.4
tr|A0A0B7JK74|A0A0B7JK74_9GAMM	GCF_004798725.1_WP_010811758.1	15.942	81	83	81	69	52	2	2	67	11	76	2.19e-09	54.4
tr|A0A0B7JK74|A0A0B7JK74_9GAMM	GCF_003955735.1_WP_126127786.1	20.290	81	91	81	69	49	3	2	67	12	77	2.45e-09	54.4
tr|A0A0B7JK74|A0A0B7JK74_9GAMM	GCF_013177635.1_WP_129095542.1	20.588	81	72	80	68	47	3	2	66	8	71	3.25e-09	53.9
tr|A0A0B7JK74|A0A0B7JK74_9GAMM	GCF_018389385.1_WP_218082190.1	16.176	81	91	80	68	51	2	2	66	21	85	3.82e-09	53.9
tr|A0A0B7JK74|A0A0B7JK74_9GAMM	GCF_013201935.1_WP_129014602.1	20.588	81	72	80	68	47	3	2	66	8	71	4.80e-09	53.3
tr|A0A0B7JK74|A0A0B7JK74_9GAMM	GCF_003353065.1_WP_114983154.1	19.403	81	84	79	67	47	4	2	65	11	73	4.91e-09	53.6
tr|A0A0B7JK74|A0A0B7JK74_9GAMM	GCF_003346775.1_WP_114843067.1	18.310	81	84	84	71	51	4	2	69	8	74	6.04e-09	53.3
tr|A0A0B7JK74|A0A0B7JK74_9GAMM	GCF_005166025.1_WP_137090244.1	19.444	81	84	84	72	50	3	2	69	8	75	6.69e-09	53.3
tr|A0A0B7JK74|A0A0B7JK74_9GAMM	GCF_004421105.1_WP_134356453.1	20.000	81	80	81	70	48	4	2	67	7	72	7.12e-09	53.0
tr|A0A0B7JK74|A0A0B7JK74_9GAMM	GCF_003346815.1_WP_114840342.1	20.548	81	82	86	73	51	3	2	71	8	76	7.13e-09	53.0
tr|A0A0B7JK74|A0A0B7JK74_9GAMM	GCF_002557795.1_WP_098194977.1	20.270	81	89	84	74	49	3	2	69	11	80	7.26e-09	53.3
tr|A0A0B7JK74|A0A0B7JK74_9GAMM	GCF_000018105.1_WP_012162738.1	18.571	81	86	81	70	49	3	1	66	6	71	7.31e-09	53.0
tr|A0A0B7JK74|A0A0B7JK74_9GAMM	GCF_000143085.1_WP_013221711.1	22.059	81	82	79	68	45	4	2	65	7	70	8.69e-09	53.0
tr|A0A0B7JK74|A0A0B7JK74_9GAMM	GCF_000828615.1_WP_041064380.1	19.444	81	80	83	72	52	4	2	68	10	80	1.16e-08	52.5
tr|A0A0B7JK74|A0A0B7JK74_9GAMM	GCF_003544915.1_WP_118918525.1	18.841	81	73	81	69	49	3	2	67	8	72	1.19e-08	52.5
tr|A0A0B7JK74|A0A0B7JK74_9GAMM	GCF_020091585.1_WP_224339804.1	15.714	81	82	81	70	51	3	2	67	7	72	1.28e-08	52.5
tr|A0A0B7JK74|A0A0B7JK74_9GAMM	GCF_004293625.1_WP_130538367.1	23.729	81	71	73	59	41	2	2	60	3	57	1.51e-08	52.2
tr|A0A0B7JK74|A0A0B7JK74_9GAMM	GCF_000012805.1_WP_011330264.1	21.429	81	85	81	70	47	4	2	67	7	72	1.65e-08	52.2
tr|A0A0B7JK74|A0A0B7JK74_9GAMM	GCF_000317125.1_WP_015155280.1	18.571	81	81	81	70	49	4	1	66	6	71	1.79e-08	52.2
tr|A0A0B7JK74|A0A0B7JK74_9GAMM	GCF_000014785.1_WP_011630183.1	18.310	81	83	84	71	55	2	2	69	13	83	1.85e-08	52.2
tr|A0A0B7JK74|A0A0B7JK74_9GAMM	GCF_023733635.1_WP_039959400.1	18.841	81	89	79	69	50	3	2	65	7	74	1.91e-08	52.2
tr|A0A0B7JK74|A0A0B7JK74_9GAMM	GCF_019891175.1_WP_225938383.1	14.286	81	93	81	70	52	3	1	66	14	79	2.14e-08	52.2
tr|A0A0B7JK74|A0A0B7JK74_9GAMM	GCF_000092245.1_WP_013136435.1	19.118	81	76	80	68	48	3	2	66	5	68	2.18e-08	51.9
tr|A0A0B7JK74|A0A0B7JK74_9GAMM	GCF_011398355.1_WP_173270160.1	20.000	81	65	80	65	48	2	2	66	3	63	3.25e-08	51.0
tr|A0A0B7JK74|A0A0B7JK74_9GAMM	GCF_011398355.1_WP_173270199.1	16.667	81	66	81	66	51	2	2	67	3	64	5.70e-08	50.5
tr|A0A0B7JK74|A0A0B7JK74_9GAMM	GCF_004214795.1_WP_130234502.1	17.647	81	78	80	68	49	3	2	66	8	71	6.31e-08	50.5
tr|A0A0B7JK74|A0A0B7JK74_9GAMM	GCF_009937995.1_WP_179954406.1	20.548	81	79	85	73	54	2	2	70	7	79	7.46e-08	50.5
tr|A0A0B7JK74|A0A0B7JK74_9GAMM	GCF_010119975.1_WP_162445115.1	13.333	81	365	88	75	56	3	2	72	14	83	8.38e-08	53.6
tr|A0A0B7JK74|A0A0B7JK74_9GAMM	GCF_001956695.1_WP_076086043.1	17.808	81	77	86	73	53	3	2	71	7	75	2.25e-07	49.1
tr|A0A0B7JK74|A0A0B7JK74_9GAMM	GCF_001442805.1_WP_057942092.1	15.493	81	88	83	71	52	3	2	68	11	77	2.63e-07	49.1
tr|A0A0B7JK74|A0A0B7JK74_9GAMM	GCF_011398155.1_WP_173291533.1	18.310	81	71	86	71	53	3	2	71	3	69	2.77e-07	48.8
tr|A0A0B7JK74|A0A0B7JK74_9GAMM	GCF_008122265.1_WP_148863603.1	18.571	81	84	81	70	49	3	2	67	7	72	2.94e-07	49.1
tr|A0A0B7JK74|A0A0B7JK74_9GAMM	GCF_003722295.1_WP_010573895.1	15.278	81	75	81	72	51	3	2	67	7	74	3.14e-07	48.8
tr|A0A0B7JK74|A0A0B7JK74_9GAMM	GCF_000317575.1_WP_015193670.1	17.143	81	74	81	70	50	4	2	67	7	72	5.43e-07	48.2
tr|A0A0B7JK74|A0A0B7JK74_9GAMM	GCF_013283835.1_WP_071625892.1	14.085	81	79	80	71	51	3	2	66	5	71	5.86e-07	48.2
tr|A0A0B7JK74|A0A0B7JK74_9GAMM	GCF_001050135.1_WP_048644179.1	24.638	81	88	80	69	44	3	2	66	10	74	6.00e-07	48.2
tr|A0A0B7JK74|A0A0B7JK74_9GAMM	GCF_000222485.1_WP_014022977.1	17.808	81	85	85	73	52	4	2	70	10	78	6.04e-07	48.2
tr|A0A0B7JK74|A0A0B7JK74_9GAMM	GCF_000024725.1_WP_013031543.1	20.000	81	81	81	70	48	4	2	67	7	72	7.26e-07	47.9
tr|A0A0B7JK74|A0A0B7JK74_9GAMM	GCF_001956695.1_WP_076086034.1	11.594	81	77	80	69	53	3	2	66	5	69	9.67e-07	47.7
tr|A0A0B7JK74|A0A0B7JK74_9GAMM	GCF_018388465.1_WP_208290210.1	11.765	81	316	81	68	58	1	8	73	139	206	1.72e-06	49.9
tr|A0A0B7JK74|A0A0B7JK74_9GAMM	GCF_000265505.1_WP_014796533.1	16.456	81	97	84	79	54	3	2	69	9	86	1.80e-06	47.1
tr|A0A0B7JK74|A0A0B7JK74_9GAMM	GCF_001705075.2_WP_065970077.1	15.385	81	78	77	65	52	1	2	63	8	72	4.62e-05	43.2
tr|A0A0B7JK74|A0A0B7JK74_9GAMM	GCF_013201665.1_WP_128358834.1	11.765	81	76	80	68	53	3	2	66	5	68	6.99e-05	42.9
tr|A0A0B7JK74|A0A0B7JK74_9GAMM	GCF_003544815.1_WP_118886031.1	11.765	81	76	80	68	53	3	2	66	5	68	1.02e-04	42.3
tr|A0A0B7JK74|A0A0B7JK74_9GAMM	GCF_013201935.1_WP_128987185.1	13.235	81	76	80	68	52	3	2	66	5	68	1.14e-04	42.3
tr|A0A0B7JK74|A0A0B7JK74_9GAMM	GCF_013177635.1_WP_129095951.1	13.235	81	76	80	68	52	3	2	66	5	68	1.50e-04	42.0
tr|A0A0B7JK74|A0A0B7JK74_9GAMM	GCF_000484535.1_WP_023173213.1	17.391	81	91	84	69	55	2	4	71	24	91	8.36e-04	40.4
tr|A0A0B7JK74|A0A0B7JK74_9GAMM	GCF_001723605.1_WP_069479051.1	14.815	81	76	63	54	42	2	2	52	5	57	0.001	39.8
tr|A0A0B7JK74|A0A0B7JK74_9GAMM	GCF_021018745.1_WP_230843504.1	16.667	81	92	80	66	53	2	4	68	24	88	0.002	39.5
tr|A0A0B7JK74|A0A0B7JK74_9GAMM	GCF_001027285.1_WP_047859305.1	23.077	81	80	48	39	30	0	4	42	12	50	0.003	38.7
tr|A0A0B7JK74|A0A0B7JK74_9GAMM	GCF_000265295.1_WP_014770430.1	12.308	81	76	80	65	56	1	2	66	5	68	0.003	38.7
tr|A0A0B7JK74|A0A0B7JK74_9GAMM	GCF_002309535.1_WP_096047558.1	16.176	81	88	80	68	50	3	2	66	5	68	0.004	38.7
tr|A0A0B7JK74|A0A0B7JK74_9GAMM	GCF_000011385.1_WP_011141833.1	16.667	81	92	80	66	53	2	4	68	24	88	0.005	38.4
tr|A0A0B7JK74|A0A0B7JK74_9GAMM	GCF_000242635.2_WP_014682426.1	9.677	81	83	73	62	50	2	6	64	11	69	0.006	38.1
tr|A0A0B7JK74|A0A0B7JK74_9GAMM	GCF_000568815.1_WP_025346049.1	12.963	81	76	63	54	43	2	2	52	5	57	0.009	37.5
# PSIBLAST 2.13.0+
# Iteration: 7
# Query: tr|A0A0B7JK74|A0A0B7JK74_9GAMM Modulator of Rho-dependent transcription termination family protein OS=Photobacterium kishitanii OX=318456 GN=C0W70_11190 PE=4 SV=1
# Database: db/chosen-bacteria_proteome_exDup
# Fields: query id, subject id, % identity, query length, subject length, % query coverage per subject, alignment length, mismatches, gap opens, q. start, q. end, s. start, s. end, evalue, bit score
# 445 hits found
tr|A0A0B7JK74|A0A0B7JK74_9GAMM	GCF_024347355.1_WP_105024956.1	46.914	81	83	100	81	43	0	1	81	1	81	9.55e-30	106
tr|A0A0B7JK74|A0A0B7JK74_9GAMM	GCF_002204915.1_WP_052690899.1	39.506	81	101	100	81	49	0	1	81	20	100	1.17e-29	106
tr|A0A0B7JK74|A0A0B7JK74_9GAMM	GCF_025402875.1_WP_011791024.1	27.500	81	90	99	80	58	0	1	80	6	85	1.21e-29	106
tr|A0A0B7JK74|A0A0B7JK74_9GAMM	GCF_008693605.1_WP_223849061.1	35.000	81	95	99	80	52	0	2	81	11	90	1.81e-29	105
tr|A0A0B7JK74|A0A0B7JK74_9GAMM	GCF_004353845.1_WP_103770713.1	35.000	81	93	99	80	52	0	2	81	10	89	3.32e-29	105
tr|A0A0B7JK74|A0A0B7JK74_9GAMM	GCF_009938225.1_WP_075649723.1	40.741	81	82	100	81	48	0	1	81	1	81	3.92e-29	104
tr|A0A0B7JK74|A0A0B7JK74_9GAMM	GCF_003812345.1_WP_121571778.1	35.000	81	94	99	80	52	0	2	81	10	89	4.26e-29	104
tr|A0A0B7JK74|A0A0B7JK74_9GAMM	GCF_024971755.1_WP_259474826.1	25.000	81	88	99	80	60	0	1	80	6	85	6.50e-29	104
tr|A0A0B7JK74|A0A0B7JK74_9GAMM	GCF_024347475.1_WP_239840920.1	44.444	81	83	100	81	45	0	1	81	1	81	7.54e-29	103
tr|A0A0B7JK74|A0A0B7JK74_9GAMM	GCF_009938185.1_WP_162048373.1	44.444	81	82	100	81	45	0	1	81	1	81	1.44e-28	103
tr|A0A0B7JK74|A0A0B7JK74_9GAMM	GCF_000178875.2_WP_012197738.1	25.000	81	90	99	80	60	0	1	80	6	85	1.52e-28	103
tr|A0A0B7JK74|A0A0B7JK74_9GAMM	GCF_001597285.1_WP_061903727.1	31.646	81	92	98	79	54	0	2	80	7	85	1.61e-28	103
tr|A0A0B7JK74|A0A0B7JK74_9GAMM	GCF_022371215.1_WP_239718047.1	44.444	81	83	100	81	45	0	1	81	1	81	3.61e-28	102
tr|A0A0B7JK74|A0A0B7JK74_9GAMM	GCF_014905115.1_WP_193151849.1	45.000	81	81	99	80	44	0	1	80	1	80	1.56e-27	100
tr|A0A0B7JK74|A0A0B7JK74_9GAMM	GCF_002355475.1_WP_004421315.1	30.380	81	91	98	79	55	0	2	80	8	86	1.98e-27	100
tr|A0A0B7JK74|A0A0B7JK74_9GAMM	GCF_011397855.1_WP_044414183.1	30.380	81	90	98	79	55	0	2	80	7	85	2.71e-27	100
tr|A0A0B7JK74|A0A0B7JK74_9GAMM	GCF_000733715.2_WP_017362912.1	30.380	81	90	98	79	55	0	2	80	7	85	2.87e-27	100
tr|A0A0B7JK74|A0A0B7JK74_9GAMM	GCF_013409125.2_WP_099525265.1	29.114	81	90	98	79	56	0	2	80	7	85	4.34e-27	99.7
tr|A0A0B7JK74|A0A0B7JK74_9GAMM	GCF_024347595.1_WP_176681244.1	44.444	81	83	100	81	45	0	1	81	1	81	4.66e-27	99.4
tr|A0A0B7JK74|A0A0B7JK74_9GAMM	GCF_020097475.1_WP_000062318.1	28.205	81	86	96	78	51	2	2	79	10	82	5.20e-27	99.4
tr|A0A0B7JK74|A0A0B7JK74_9GAMM	GCF_008693645.1_WP_137347870.1	28.750	81	89	99	80	57	0	2	81	10	89	5.67e-27	99.4
tr|A0A0B7JK74|A0A0B7JK74_9GAMM	GCF_001461805.1_WP_013367515.1	28.205	81	86	96	78	51	2	2	79	10	82	6.05e-27	99.1
tr|A0A0B7JK74|A0A0B7JK74_9GAMM	GCF_017167985.1_WP_093053415.1	30.380	81	92	98	79	55	0	2	80	7	85	7.60e-27	99.1
tr|A0A0B7JK74|A0A0B7JK74_9GAMM	GCF_008807375.1_WP_151138908.1	29.114	81	91	98	79	56	0	2	80	8	86	8.08e-27	99.1
tr|A0A0B7JK74|A0A0B7JK74_9GAMM	GCF_004684345.1_WP_135321947.1	30.380	81	93	98	79	55	0	2	80	10	88	9.67e-27	98.9
tr|A0A0B7JK74|A0A0B7JK74_9GAMM	GCF_013200955.2_WP_173204463.1	27.848	81	91	98	79	57	0	2	80	8	86	9.70e-27	98.9
tr|A0A0B7JK74|A0A0B7JK74_9GAMM	GCF_024347635.1_WP_139683960.1	48.148	81	83	100	81	42	0	1	81	1	81	1.12e-26	98.6
tr|A0A0B7JK74|A0A0B7JK74_9GAMM	GCF_001594225.2_WP_064379396.1	27.848	81	92	98	79	57	0	2	80	7	85	1.13e-26	98.6
tr|A0A0B7JK74|A0A0B7JK74_9GAMM	GCF_021172065.1_WP_015965827.1	29.487	81	86	96	78	50	2	2	79	10	82	1.14e-26	98.6
tr|A0A0B7JK74|A0A0B7JK74_9GAMM	GCF_001518835.1_WP_059308693.1	26.923	81	86	96	78	52	2	2	79	10	82	1.27e-26	98.3
tr|A0A0B7JK74|A0A0B7JK74_9GAMM	GCF_001995825.2_WP_017057338.1	49.383	81	83	100	81	41	0	1	81	1	81	1.37e-26	98.3
tr|A0A0B7JK74|A0A0B7JK74_9GAMM	GCF_000297075.2_WP_003461742.1	29.114	81	90	98	79	56	0	2	80	7	85	1.43e-26	98.3
tr|A0A0B7JK74|A0A0B7JK74_9GAMM	GCF_019670125.1_WP_221076876.1	42.500	81	81	99	80	46	0	1	80	1	80	1.44e-26	98.3
tr|A0A0B7JK74|A0A0B7JK74_9GAMM	GCF_024205225.1_WP_195881696.1	27.848	81	90	98	79	57	0	2	80	7	85	1.46e-26	98.3
tr|A0A0B7JK74|A0A0B7JK74_9GAMM	GCF_024347455.1_WP_135458404.1	49.383	81	83	100	81	41	0	1	81	1	81	1.51e-26	98.3
tr|A0A0B7JK74|A0A0B7JK74_9GAMM	GCF_001558415.2_WP_061055374.1	45.679	81	83	100	81	44	0	1	81	1	81	1.64e-26	98.0
tr|A0A0B7JK74|A0A0B7JK74_9GAMM	GCF_000091465.1_WP_004733849.1	49.383	81	83	100	81	41	0	1	81	1	81	1.87e-26	98.0
tr|A0A0B7JK74|A0A0B7JK74_9GAMM	GCF_000006925.2_NP_706134.1	26.923	81	86	96	78	52	2	2	79	10	82	1.91e-26	98.0
tr|A0A0B7JK74|A0A0B7JK74_9GAMM	GCF_016904755.1_WP_059234959.1	26.923	81	86	96	78	52	2	2	79	10	82	2.02e-26	98.0
tr|A0A0B7JK74|A0A0B7JK74_9GAMM	GCF_002214395.1_WP_010453422.1	40.000	81	81	99	80	48	0	1	80	1	80	2.07e-26	97.7
tr|A0A0B7JK74|A0A0B7JK74_9GAMM	GCF_009036245.1_WP_025756830.1	26.923	81	86	96	78	52	2	2	79	10	82	2.16e-26	97.7
tr|A0A0B7JK74|A0A0B7JK74_9GAMM	GCF_008329985.2_WP_149283950.1	41.250	81	81	99	80	47	0	1	80	1	80	2.28e-26	97.7
tr|A0A0B7JK74|A0A0B7JK74_9GAMM	GCF_009938205.1_WP_075706454.1	48.148	81	82	100	81	42	0	1	81	1	81	2.49e-26	97.7
tr|A0A0B7JK74|A0A0B7JK74_9GAMM	GCF_001708425.1_WP_055136127.1	26.582	81	94	98	79	58	0	2	80	7	85	2.66e-26	97.7
tr|A0A0B7JK74|A0A0B7JK74_9GAMM	GCF_008369605.1_WP_000253074.1	45.679	81	81	100	81	44	0	1	81	1	81	2.67e-26	97.5
tr|A0A0B7JK74|A0A0B7JK74_9GAMM	GCF_001683395.1_WP_017458015.1	26.923	81	86	96	78	52	2	2	79	10	82	3.37e-26	97.5
tr|A0A0B7JK74|A0A0B7JK74_9GAMM	GCF_009176645.1_WP_152083529.1	26.923	81	86	96	78	52	2	2	79	10	82	3.59e-26	97.2
tr|A0A0B7JK74|A0A0B7JK74_9GAMM	GCF_003957745.1_WP_126168493.1	24.051	81	87	98	79	60	0	2	80	7	85	3.59e-26	97.2
tr|A0A0B7JK74|A0A0B7JK74_9GAMM	GCF_003594935.2_WP_006173581.1	26.923	81	86	96	78	52	2	2	79	10	82	3.88e-26	97.2
tr|A0A0B7JK74|A0A0B7JK74_9GAMM	GCF_000005845.2_NP_414731.2	26.923	81	84	96	78	52	2	2	79	8	80	3.90e-26	97.2
tr|A0A0B7JK74|A0A0B7JK74_9GAMM	GCF_009068765.1_WP_151900329.1	47.500	81	81	99	80	42	0	1	80	1	80	4.58e-26	96.9
tr|A0A0B7JK74|A0A0B7JK74_9GAMM	GCF_024494545.1_WP_256384876.1	77.778	81	81	100	81	18	0	1	81	1	81	4.69e-26	96.9
tr|A0A0B7JK74|A0A0B7JK74_9GAMM	GCF_001831495.1_WP_068547707.1	50.617	81	81	100	81	40	0	1	81	1	81	4.81e-26	96.9
tr|A0A0B7JK74|A0A0B7JK74_9GAMM	GCF_001022135.1_WP_039078449.1	28.205	81	86	96	78	51	2	2	79	10	82	4.89e-26	96.9
tr|A0A0B7JK74|A0A0B7JK74_9GAMM	GCF_001558255.2_WP_005504861.1	45.679	81	82	99	81	43	1	1	80	1	81	4.97e-26	96.9
tr|A0A0B7JK74|A0A0B7JK74_9GAMM	GCF_002407485.1_WP_096780111.1	46.250	81	81	99	80	43	0	1	80	1	80	6.01e-26	96.6
tr|A0A0B7JK74|A0A0B7JK74_9GAMM	GCF_014879975.1_WP_192888672.1	45.679	81	83	100	81	44	0	1	81	1	81	8.82e-26	96.3
tr|A0A0B7JK74|A0A0B7JK74_9GAMM	GCF_006742785.1_WP_172630283.1	31.646	81	88	98	79	54	0	2	80	5	83	9.05e-26	96.3
tr|A0A0B7JK74|A0A0B7JK74_9GAMM	GCF_004684345.1_WP_135323069.1	26.923	81	86	96	78	52	2	2	79	10	82	9.38e-26	96.3
tr|A0A0B7JK74|A0A0B7JK74_9GAMM	GCF_001658025.2_WP_007373243.1	28.205	81	86	96	78	51	2	2	79	10	82	9.84e-26	96.0
tr|A0A0B7JK74|A0A0B7JK74_9GAMM	GCF_019048625.1_WP_023305471.1	26.923	81	86	96	78	52	2	2	79	10	82	1.03e-25	96.0
tr|A0A0B7JK74|A0A0B7JK74_9GAMM	GCF_001007875.1_WP_046858354.1	46.250	81	80	99	80	43	0	1	80	1	80	1.04e-25	96.0
tr|A0A0B7JK74|A0A0B7JK74_9GAMM	GCF_017167985.1_WP_079784061.1	31.646	81	90	98	79	54	0	2	80	7	85	1.07e-25	96.0
tr|A0A0B7JK74|A0A0B7JK74_9GAMM	GCF_023195735.1_WP_035891978.1	28.205	81	86	96	78	51	2	2	79	10	82	1.12e-25	96.0
tr|A0A0B7JK74|A0A0B7JK74_9GAMM	GCF_024347035.1_WP_102941394.1	40.000	81	81	99	80	48	0	1	80	1	80	1.13e-25	96.0
tr|A0A0B7JK74|A0A0B7JK74_9GAMM	GCF_019670105.1_WP_040307707.1	43.750	81	81	99	80	45	0	1	80	1	80	1.15e-25	95.8
tr|A0A0B7JK74|A0A0B7JK74_9GAMM	GCF_003812345.1_WP_003018503.1	26.923	81	86	96	78	52	2	2	79	10	82	1.22e-25	96.0
tr|A0A0B7JK74|A0A0B7JK74_9GAMM	GCF_000214665.1_WP_013819542.1	39.241	81	83	98	79	47	1	2	80	6	83	1.25e-25	95.8
tr|A0A0B7JK74|A0A0B7JK74_9GAMM	GCF_900682675.2_WP_069898892.1	31.646	81	94	98	79	54	0	2	80	7	85	1.27e-25	96.0
tr|A0A0B7JK74|A0A0B7JK74_9GAMM	GCF_024362845.1_WP_255230807.1	40.000	81	82	99	80	48	0	1	80	1	80	1.31e-25	95.8
tr|A0A0B7JK74|A0A0B7JK74_9GAMM	GCF_900638065.1_WP_048212636.1	26.923	81	86	96	78	52	2	2	79	10	82	1.36e-25	95.8
tr|A0A0B7JK74|A0A0B7JK74_9GAMM	GCF_000224675.1_WP_010426685.1	26.923	81	86	96	78	52	2	2	79	10	82	1.36e-25	95.8
tr|A0A0B7JK74|A0A0B7JK74_9GAMM	GCF_015137655.1_WP_028015593.1	26.923	81	86	96	78	52	2	2	79	10	82	1.40e-25	95.8
tr|A0A0B7JK74|A0A0B7JK74_9GAMM	GCF_007632255.1_WP_015368146.1	26.923	81	86	96	78	52	2	2	79	10	82	1.43e-25	95.8
tr|A0A0B7JK74|A0A0B7JK74_9GAMM	GCF_027886705.1_WP_061497537.1	26.923	81	86	96	78	52	2	2	79	10	82	1.54e-25	95.8
tr|A0A0B7JK74|A0A0B7JK74_9GAMM	GCF_004353845.1_WP_103768334.1	25.641	81	86	96	78	53	2	2	79	10	82	1.56e-25	95.8
tr|A0A0B7JK74|A0A0B7JK74_9GAMM	GCF_024582835.1_WP_257083279.1	45.000	81	87	99	80	44	0	1	80	1	80	1.77e-25	95.5
tr|A0A0B7JK74|A0A0B7JK74_9GAMM	GCF_001729805.1_WP_008501890.1	26.923	81	86	96	78	52	2	2	79	10	82	1.83e-25	95.5
tr|A0A0B7JK74|A0A0B7JK74_9GAMM	GCF_001750725.1_WP_014168720.1	26.923	81	86	96	78	52	2	2	79	10	82	1.84e-25	95.5
tr|A0A0B7JK74|A0A0B7JK74_9GAMM	GCF_000009145.1_WP_041356315.1	33.750	81	90	99	80	53	0	1	80	5	84	1.95e-25	95.5
tr|A0A0B7JK74|A0A0B7JK74_9GAMM	GCF_009649915.1_WP_062772223.1	28.205	81	86	96	78	51	2	2	79	10	82	2.11e-25	95.2
tr|A0A0B7JK74|A0A0B7JK74_9GAMM	GCF_021278985.1_WP_012904575.1	26.923	81	86	96	78	52	2	2	79	10	82	2.14e-25	95.2
tr|A0A0B7JK74|A0A0B7JK74_9GAMM	GCF_018128425.1_WP_042289833.1	26.923	81	86	96	78	52	2	2	79	10	82	2.18e-25	95.2
tr|A0A0B7JK74|A0A0B7JK74_9GAMM	GCF_025914095.1_WP_031518416.1	25.641	81	86	96	78	53	2	2	79	10	82	2.21e-25	95.2
tr|A0A0B7JK74|A0A0B7JK74_9GAMM	GCF_002215585.1_WP_088903590.1	23.077	81	89	96	78	59	1	1	78	6	82	2.26e-25	95.2
tr|A0A0B7JK74|A0A0B7JK74_9GAMM	GCF_009363135.1_WP_090122691.1	29.487	81	86	96	78	50	2	2	79	10	82	2.63e-25	95.2
tr|A0A0B7JK74|A0A0B7JK74_9GAMM	GCF_024347655.1_WP_060467732.1	45.000	81	83	99	80	44	0	1	80	1	80	3.12e-25	94.9
tr|A0A0B7JK74|A0A0B7JK74_9GAMM	GCF_001277255.1_WP_007666633.1	26.923	81	86	96	78	52	2	2	79	10	82	3.24e-25	94.9
tr|A0A0B7JK74|A0A0B7JK74_9GAMM	GCF_019047765.1_WP_040231149.1	30.000	81	89	99	80	56	0	2	81	10	89	3.34e-25	94.9
tr|A0A0B7JK74|A0A0B7JK74_9GAMM	GCF_020079945.1_WP_039382769.1	23.077	81	87	96	78	55	2	2	79	10	82	3.35e-25	94.9
tr|A0A0B7JK74|A0A0B7JK74_9GAMM	GCF_017354925.1_WP_207321174.1	21.250	81	87	99	80	63	0	2	81	7	86	3.63e-25	94.6
tr|A0A0B7JK74|A0A0B7JK74_9GAMM	GCF_001558935.2_WP_042323659.1	26.923	81	86	96	78	52	2	2	79	10	82	3.77e-25	94.6
tr|A0A0B7JK74|A0A0B7JK74_9GAMM	GCF_002393445.1_WP_061273728.1	28.205	81	86	96	78	51	2	2	79	10	82	3.83e-25	94.6
tr|A0A0B7JK74|A0A0B7JK74_9GAMM	GCF_003935895.2_WP_110510858.1	25.641	81	86	96	78	53	2	2	79	10	82	4.01e-25	94.6
tr|A0A0B7JK74|A0A0B7JK74_9GAMM	GCF_017354965.1_WP_207380278.1	21.250	81	87	99	80	63	0	2	81	7	86	4.79e-25	94.4
tr|A0A0B7JK74|A0A0B7JK74_9GAMM	GCF_001456255.1_WP_020335096.1	37.500	81	81	99	80	50	0	1	80	1	80	4.89e-25	94.4
tr|A0A0B7JK74|A0A0B7JK74_9GAMM	GCF_009648935.1_WP_047417117.1	25.641	81	86	96	78	53	2	2	79	10	82	5.34e-25	94.4
tr|A0A0B7JK74|A0A0B7JK74_9GAMM	GCF_012767755.2_WP_173171843.1	29.114	81	90	98	79	56	0	2	80	7	85	5.43e-25	94.4
tr|A0A0B7JK74|A0A0B7JK74_9GAMM	GCF_000015245.1_WP_011761423.1	20.253	81	86	98	79	63	0	2	80	7	85	6.17e-25	94.1
tr|A0A0B7JK74|A0A0B7JK74_9GAMM	GCF_016834455.1_WP_203325205.1	21.519	81	86	98	79	62	0	2	80	7	85	7.29e-25	94.1
tr|A0A0B7JK74|A0A0B7JK74_9GAMM	GCF_001277175.1_WP_007760020.1	28.205	81	86	96	78	51	2	2	79	10	82	7.40e-25	93.8
tr|A0A0B7JK74|A0A0B7JK74_9GAMM	GCF_001277195.1_WP_032966924.1	26.923	81	86	96	78	52	2	2	79	10	82	7.58e-25	93.8
tr|A0A0B7JK74|A0A0B7JK74_9GAMM	GCF_001277215.2_WP_007776988.1	26.923	81	86	96	78	52	2	2	79	10	82	7.70e-25	93.8
tr|A0A0B7JK74|A0A0B7JK74_9GAMM	GCF_024224615.1_WP_125293588.1	26.923	81	86	96	78	52	2	2	79	10	82	7.76e-25	93.8
tr|A0A0B7JK74|A0A0B7JK74_9GAMM	GCF_000439255.1_WP_000062328.1	29.487	81	86	96	78	50	2	2	79	10	82	7.76e-25	93.8
tr|A0A0B7JK74|A0A0B7JK74_9GAMM	GCF_002953195.1_WP_038628016.1	21.795	81	87	96	78	56	2	2	79	10	82	7.90e-25	93.8
tr|A0A0B7JK74|A0A0B7JK74_9GAMM	GCF_000770115.1_WP_069687890.1	41.250	81	81	99	80	47	0	1	80	1	80	8.74e-25	93.5
tr|A0A0B7JK74|A0A0B7JK74_9GAMM	GCF_001007935.1_WP_046849946.1	32.500	81	84	99	80	54	0	1	80	5	84	8.85e-25	93.8
tr|A0A0B7JK74|A0A0B7JK74_9GAMM	GCF_000240185.1_YP_005225236.1	26.923	81	86	96	78	52	2	2	79	10	82	9.70e-25	93.5
tr|A0A0B7JK74|A0A0B7JK74_9GAMM	GCF_004328865.1_WP_104643907.1	46.250	81	83	99	80	43	0	1	80	1	80	1.03e-24	93.5
tr|A0A0B7JK74|A0A0B7JK74_9GAMM	GCF_022637515.1_WP_064539750.1	26.923	81	86	96	78	52	2	2	79	10	82	1.06e-24	93.5
tr|A0A0B7JK74|A0A0B7JK74_9GAMM	GCF_012767755.2_WP_173176508.1	24.675	81	91	95	77	55	1	4	80	9	82	1.06e-24	93.5
tr|A0A0B7JK74|A0A0B7JK74_9GAMM	GCF_025758125.1_WP_023480196.1	26.923	81	86	96	78	52	2	2	79	10	82	1.08e-24	93.5
tr|A0A0B7JK74|A0A0B7JK74_9GAMM	GCF_000233595.1_WP_013024706.1	23.077	81	86	96	78	55	2	2	79	10	82	1.19e-24	93.5
tr|A0A0B7JK74|A0A0B7JK74_9GAMM	GCF_017329545.1_WP_047884589.1	28.205	81	95	96	78	56	0	2	79	8	85	1.21e-24	93.5
tr|A0A0B7JK74|A0A0B7JK74_9GAMM	GCF_000024825.1_WP_005460845.1	39.506	81	81	100	81	49	0	1	81	1	81	1.25e-24	93.2
tr|A0A0B7JK74|A0A0B7JK74_9GAMM	GCF_024347495.1_WP_137371745.1	42.500	81	80	99	80	46	0	1	80	1	80	1.28e-24	93.2
tr|A0A0B7JK74|A0A0B7JK74_9GAMM	GCF_019670705.1_WP_100146025.1	20.253	81	92	98	79	63	0	2	80	7	85	1.38e-24	93.2
tr|A0A0B7JK74|A0A0B7JK74_9GAMM	GCF_013234275.1_WP_172895488.1	28.205	81	86	96	78	51	2	2	79	10	82	1.43e-24	93.2
tr|A0A0B7JK74|A0A0B7JK74_9GAMM	GCF_900635955.1_WP_126357486.1	28.205	81	86	96	78	51	2	2	79	10	82	1.47e-24	93.2
tr|A0A0B7JK74|A0A0B7JK74_9GAMM	GCF_000018045.1_WP_024130681.1	26.923	81	86	96	78	52	2	2	79	10	82	1.53e-24	93.2
tr|A0A0B7JK74|A0A0B7JK74_9GAMM	GCF_003261575.2_WP_110272453.1	28.205	81	86	96	78	51	2	2	79	10	82	1.59e-24	93.0
tr|A0A0B7JK74|A0A0B7JK74_9GAMM	GCF_002163605.1_WP_157665988.1	27.848	81	86	98	79	52	2	2	80	10	83	1.69e-24	93.0
tr|A0A0B7JK74|A0A0B7JK74_9GAMM	GCF_002906475.1_WP_012130247.1	40.000	81	81	99	80	48	0	1	80	1	80	1.72e-24	93.0
tr|A0A0B7JK74|A0A0B7JK74_9GAMM	GCF_005877035.1_WP_039486662.1	49.383	81	83	100	81	41	0	1	81	1	81	1.72e-24	93.0
tr|A0A0B7JK74|A0A0B7JK74_9GAMM	GCF_017915135.1_WP_210390879.1	27.848	81	90	98	79	57	0	2	80	7	85	1.73e-24	93.0
tr|A0A0B7JK74|A0A0B7JK74_9GAMM	GCF_019890955.1_WP_211725887.1	23.077	81	87	96	78	55	2	2	79	10	82	1.82e-24	93.0
tr|A0A0B7JK74|A0A0B7JK74_9GAMM	GCF_004124235.1_WP_025377303.1	26.923	81	86	96	78	52	2	2	79	10	82	1.89e-24	93.0
tr|A0A0B7JK74|A0A0B7JK74_9GAMM	GCF_021276285.1_WP_095923198.1	25.641	81	86	96	78	53	2	2	79	10	82	1.91e-24	93.0
tr|A0A0B7JK74|A0A0B7JK74_9GAMM	GCF_000834395.1_WP_042546713.1	26.923	81	86	96	78	52	2	2	79	10	82	1.97e-24	93.0
tr|A0A0B7JK74|A0A0B7JK74_9GAMM	GCF_003812925.1_WP_004107903.1	26.923	81	86	96	78	52	2	2	79	10	82	2.01e-24	93.0
tr|A0A0B7JK74|A0A0B7JK74_9GAMM	GCF_003019925.1_WP_162185254.1	28.205	81	86	96	78	51	2	2	79	10	82	2.10e-24	92.7
tr|A0A0B7JK74|A0A0B7JK74_9GAMM	GCF_002101395.1_WP_085067900.1	21.795	81	87	96	78	56	2	2	79	10	82	2.12e-24	92.7
tr|A0A0B7JK74|A0A0B7JK74_9GAMM	GCF_009730655.1_WP_156020461.1	20.253	81	92	98	79	63	0	2	80	7	85	2.12e-24	93.0
tr|A0A0B7JK74|A0A0B7JK74_9GAMM	GCF_006711645.1_WP_100682484.1	28.205	81	86	96	78	51	2	2	79	10	82	2.15e-24	92.7
tr|A0A0B7JK74|A0A0B7JK74_9GAMM	GCF_022637475.1_WP_013574214.1	24.359	81	86	96	78	54	2	2	79	10	82	2.20e-24	92.7
tr|A0A0B7JK74|A0A0B7JK74_9GAMM	GCF_011068345.1_WP_002436992.1	26.923	81	86	96	78	52	2	2	79	10	82	2.22e-24	92.7
tr|A0A0B7JK74|A0A0B7JK74_9GAMM	GCF_018139045.1_WP_004129134.1	28.205	81	86	96	78	51	2	2	79	10	82	2.29e-24	92.7
tr|A0A0B7JK74|A0A0B7JK74_9GAMM	GCF_013282725.1_WP_032813813.1	25.641	81	86	96	78	53	2	2	79	10	82	2.32e-24	92.7
tr|A0A0B7JK74|A0A0B7JK74_9GAMM	GCF_011617105.1_WP_025800203.1	24.675	81	86	95	77	53	2	2	78	10	81	2.42e-24	92.7
tr|A0A0B7JK74|A0A0B7JK74_9GAMM	GCF_000006945.2_NP_459242.1	29.487	81	86	96	78	50	2	2	79	10	82	2.48e-24	92.7
tr|A0A0B7JK74|A0A0B7JK74_9GAMM	GCF_022637595.1_WP_004858152.1	28.205	81	86	96	78	51	2	2	79	10	82	2.56e-24	92.7
tr|A0A0B7JK74|A0A0B7JK74_9GAMM	GCF_900233005.1_WP_102521318.1	39.506	81	81	100	81	49	0	1	81	1	81	2.58e-24	92.4
tr|A0A0B7JK74|A0A0B7JK74_9GAMM	GCF_000222975.1_WP_002218374.1	26.923	81	86	96	78	52	2	2	79	10	82	2.60e-24	92.7
tr|A0A0B7JK74|A0A0B7JK74_9GAMM	GCF_012029655.1_WP_041144145.1	26.923	81	86	96	78	52	2	2	79	10	82	2.75e-24	92.4
tr|A0A0B7JK74|A0A0B7JK74_9GAMM	GCF_002021755.1_WP_005434844.1	40.000	81	81	99	80	48	0	1	80	1	80	3.00e-24	92.4
tr|A0A0B7JK74|A0A0B7JK74_9GAMM	GCF_009914055.1_WP_160619715.1	23.077	81	87	96	78	55	2	2	79	10	82	3.10e-24	92.4
tr|A0A0B7JK74|A0A0B7JK74_9GAMM	GCF_000772105.1_WP_004748349.1	41.250	81	81	99	80	47	0	1	80	1	80	3.14e-24	92.1
tr|A0A0B7JK74|A0A0B7JK74_9GAMM	GCF_002355475.1_WP_003455993.1	27.848	81	90	98	79	57	0	2	80	5	83	3.22e-24	92.4
tr|A0A0B7JK74|A0A0B7JK74_9GAMM	GCF_023517775.1_WP_249893541.1	21.795	81	87	96	78	56	2	2	79	10	82	3.23e-24	92.4
tr|A0A0B7JK74|A0A0B7JK74_9GAMM	GCF_015139575.1_WP_004098776.1	26.923	81	86	96	78	52	2	2	79	10	82	3.40e-24	92.1
tr|A0A0B7JK74|A0A0B7JK74_9GAMM	GCF_000026185.1_WP_012440659.1	24.359	81	87	96	78	54	2	2	79	10	82	4.06e-24	92.1
tr|A0A0B7JK74|A0A0B7JK74_9GAMM	GCF_000834455.1_WP_032817050.1	26.923	81	86	96	78	52	2	2	79	10	82	4.28e-24	92.1
tr|A0A0B7JK74|A0A0B7JK74_9GAMM	GCF_019670485.1_WP_221071211.1	40.000	81	81	99	80	48	0	1	80	1	80	4.60e-24	91.8
tr|A0A0B7JK74|A0A0B7JK74_9GAMM	GCF_019669905.1_WP_054759186.1	34.177	81	79	98	79	48	1	2	80	5	79	4.62e-24	91.8
tr|A0A0B7JK74|A0A0B7JK74_9GAMM	GCF_000238395.3_WP_010553578.1	48.750	81	83	99	80	41	0	1	80	1	80	5.58e-24	91.5
tr|A0A0B7JK74|A0A0B7JK74_9GAMM	GCF_011044475.1_WP_033740322.1	23.077	81	86	96	78	55	2	2	79	10	82	5.89e-24	91.5
tr|A0A0B7JK74|A0A0B7JK74_9GAMM	GCF_003258315.1_WP_111337788.1	28.750	81	88	99	80	57	0	1	80	5	84	6.15e-24	91.5
tr|A0A0B7JK74|A0A0B7JK74_9GAMM	GCF_003668795.1_WP_054981706.1	41.250	81	83	99	80	47	0	1	80	1	80	6.55e-24	91.5
tr|A0A0B7JK74|A0A0B7JK74_9GAMM	GCF_009363415.1_WP_152430616.1	41.975	81	84	100	81	47	0	1	81	1	81	7.87e-24	91.3
tr|A0A0B7JK74|A0A0B7JK74_9GAMM	GCF_009730055.1_WP_032906500.1	26.923	81	86	96	78	52	2	2	79	10	82	8.09e-24	91.3
tr|A0A0B7JK74|A0A0B7JK74_9GAMM	GCF_002221525.1_WP_089349457.1	41.250	81	83	99	80	47	0	1	80	1	80	8.24e-24	91.3
tr|A0A0B7JK74|A0A0B7JK74_9GAMM	GCF_900095885.1_WP_035340381.1	25.641	81	86	96	78	53	2	2	79	10	82	8.97e-24	91.3
tr|A0A0B7JK74|A0A0B7JK74_9GAMM	GCF_000010085.1_WP_011411656.1	26.923	81	86	96	78	52	2	2	79	10	82	8.97e-24	91.3
tr|A0A0B7JK74|A0A0B7JK74_9GAMM	GCF_000148645.1_WP_013347076.1	42.308	81	80	96	78	45	0	4	81	3	80	1.03e-23	91.0
tr|A0A0B7JK74|A0A0B7JK74_9GAMM	GCF_001999225.1_WP_077537996.1	46.250	81	82	99	80	43	0	1	80	1	80	1.07e-23	91.0
tr|A0A0B7JK74|A0A0B7JK74_9GAMM	GCF_012427845.1_WP_012773648.1	20.513	81	86	96	78	57	2	2	79	10	82	1.08e-23	91.0
tr|A0A0B7JK74|A0A0B7JK74_9GAMM	GCF_020683125.1_WP_133842177.1	24.359	81	88	96	78	54	2	2	79	11	83	1.11e-23	91.0
tr|A0A0B7JK74|A0A0B7JK74_9GAMM	GCF_000517425.1_WP_025421126.1	26.923	81	86	96	78	52	2	2	79	10	82	1.13e-23	91.0
tr|A0A0B7JK74|A0A0B7JK74_9GAMM	GCF_000025065.1_WP_012883679.1	24.359	81	86	96	78	54	2	2	79	10	82	1.13e-23	91.0
tr|A0A0B7JK74|A0A0B7JK74_9GAMM	GCF_019797845.1_WP_222158377.1	23.077	81	86	96	78	55	2	2	79	10	82	1.18e-23	91.0
tr|A0A0B7JK74|A0A0B7JK74_9GAMM	GCF_022647505.1_WP_128179458.1	20.513	81	87	96	78	57	2	2	79	10	82	1.25e-23	90.7
tr|A0A0B7JK74|A0A0B7JK74_9GAMM	GCF_024360925.2_WP_255188929.1	36.709	81	83	98	79	49	1	2	80	6	83	1.37e-23	90.7
tr|A0A0B7JK74|A0A0B7JK74_9GAMM	GCF_002288545.1_WP_029367608.1	20.513	81	86	96	78	57	2	2	79	10	82	1.40e-23	90.7
tr|A0A0B7JK74|A0A0B7JK74_9GAMM	GCF_025133195.1_WP_032910235.1	26.923	81	86	96	78	52	2	2	79	10	82	1.41e-23	90.7
tr|A0A0B7JK74|A0A0B7JK74_9GAMM	GCF_000264765.2_WP_034163237.1	25.316	81	86	98	79	54	2	2	80	10	83	1.52e-23	90.7
tr|A0A0B7JK74|A0A0B7JK74_9GAMM	GCF_014524625.1_WP_009050814.1	30.380	81	92	98	79	55	0	2	80	7	85	1.62e-23	90.7
tr|A0A0B7JK74|A0A0B7JK74_9GAMM	GCF_020150375.1_WP_004094310.1	24.675	81	86	95	77	53	2	2	78	10	81	1.75e-23	90.4
tr|A0A0B7JK74|A0A0B7JK74_9GAMM	GCF_008807375.1_WP_151133519.1	27.848	81	90	98	79	57	0	2	80	5	83	1.75e-23	90.4
tr|A0A0B7JK74|A0A0B7JK74_9GAMM	GCF_019844095.1_WP_062747070.1	24.359	81	88	96	78	54	2	2	79	11	83	2.18e-23	90.1
tr|A0A0B7JK74|A0A0B7JK74_9GAMM	GCF_000023565.1_WP_012770818.1	23.077	81	86	96	78	55	2	2	79	10	82	2.60e-23	89.9
tr|A0A0B7JK74|A0A0B7JK74_9GAMM	GCF_002005305.1_WP_077753428.1	25.926	81	86	100	81	60	0	1	81	6	86	2.64e-23	89.9
tr|A0A0B7JK74|A0A0B7JK74_9GAMM	GCF_017498685.1_WP_038245151.1	25.641	81	86	96	78	53	2	2	79	10	82	2.73e-23	89.9
tr|A0A0B7JK74|A0A0B7JK74_9GAMM	GCF_007858975.2_WP_042869176.1	23.077	81	86	96	78	55	2	2	79	10	82	2.73e-23	89.9
tr|A0A0B7JK74|A0A0B7JK74_9GAMM	GCF_020181655.1_WP_225087160.1	19.231	81	86	96	78	58	2	2	79	10	82	2.77e-23	89.9
tr|A0A0B7JK74|A0A0B7JK74_9GAMM	GCF_000520015.2_WP_024910172.1	30.769	81	87	96	78	49	2	2	79	10	82	2.84e-23	89.9
tr|A0A0B7JK74|A0A0B7JK74_9GAMM	GCF_005484945.1_WP_137712817.1	20.513	81	86	96	78	57	2	2	79	10	82	2.88e-23	89.9
tr|A0A0B7JK74|A0A0B7JK74_9GAMM	GCF_021733145.1_WP_012847629.1	26.582	81	86	98	79	53	2	2	80	10	83	2.93e-23	89.9
tr|A0A0B7JK74|A0A0B7JK74_9GAMM	GCF_024347675.1_WP_261835500.1	37.037	81	81	100	81	51	0	1	81	1	81	3.22e-23	89.6
tr|A0A0B7JK74|A0A0B7JK74_9GAMM	GCF_009873295.1_WP_039312412.1	20.513	81	86	96	78	57	2	2	79	10	82	3.22e-23	89.9
tr|A0A0B7JK74|A0A0B7JK74_9GAMM	GCF_020342335.1_WP_067428135.1	23.077	81	87	96	78	55	2	2	79	10	82	3.26e-23	89.9
tr|A0A0B7JK74|A0A0B7JK74_9GAMM	GCF_000196615.1_WP_013200864.1	23.077	81	87	96	78	55	2	2	79	10	82	3.28e-23	89.9
tr|A0A0B7JK74|A0A0B7JK74_9GAMM	GCF_021029445.1_WP_230924827.1	30.380	81	89	98	79	54	1	2	80	7	84	3.77e-23	89.6
tr|A0A0B7JK74|A0A0B7JK74_9GAMM	GCF_019977755.1_WP_126608378.1	37.209	81	103	99	86	48	1	1	80	15	100	4.13e-23	89.9
tr|A0A0B7JK74|A0A0B7JK74_9GAMM	GCF_004792415.1_WP_013356856.1	23.077	81	86	96	78	55	2	2	79	10	82	4.46e-23	89.3
tr|A0A0B7JK74|A0A0B7JK74_9GAMM	GCF_000968535.2_WP_014147785.1	33.750	81	84	99	80	52	1	2	81	6	84	4.70e-23	89.3
tr|A0A0B7JK74|A0A0B7JK74_9GAMM	GCF_009931295.1_WP_161528353.1	20.513	81	86	96	78	57	2	2	79	10	82	4.91e-23	89.3
tr|A0A0B7JK74|A0A0B7JK74_9GAMM	GCF_000019525.1_WP_012323084.1	32.500	81	81	99	80	54	0	1	80	1	80	4.99e-23	89.3
tr|A0A0B7JK74|A0A0B7JK74_9GAMM	GCF_003515985.1_WP_085653101.1	23.077	81	86	96	78	55	2	2	79	10	82	5.94e-23	89.0
tr|A0A0B7JK74|A0A0B7JK74_9GAMM	GCF_002887615.1_WP_038869703.1	37.500	81	81	99	80	50	0	1	80	1	80	6.09e-23	89.0
tr|A0A0B7JK74|A0A0B7JK74_9GAMM	GCF_000196475.1_WP_012776850.1	26.250	81	88	99	80	54	2	2	81	10	84	6.36e-23	89.0
tr|A0A0B7JK74|A0A0B7JK74_9GAMM	GCF_016026735.1_WP_015673540.1	30.769	81	87	96	78	49	2	2	79	10	82	6.45e-23	89.0
tr|A0A0B7JK74|A0A0B7JK74_9GAMM	GCF_017569925.1_WP_208228065.1	21.795	81	86	96	78	56	2	2	79	10	82	6.64e-23	89.0
tr|A0A0B7JK74|A0A0B7JK74_9GAMM	GCF_015999465.1_WP_085688159.1	21.795	81	86	96	78	56	2	2	79	10	82	6.80e-23	89.0
tr|A0A0B7JK74|A0A0B7JK74_9GAMM	GCF_001642805.2_WP_004931991.1	32.051	81	87	96	78	48	2	2	79	10	82	8.05e-23	88.7
tr|A0A0B7JK74|A0A0B7JK74_9GAMM	GCF_000740965.1_WP_011092648.1	20.513	81	86	96	78	57	2	2	79	10	82	8.98e-23	88.7
tr|A0A0B7JK74|A0A0B7JK74_9GAMM	GCF_000023545.1_WP_015854637.1	20.513	81	86	96	78	57	2	2	79	10	82	1.00e-22	88.5
tr|A0A0B7JK74|A0A0B7JK74_9GAMM	GCF_902387845.1_WP_004237241.1	25.316	81	88	98	79	54	2	2	80	10	83	1.06e-22	88.5
tr|A0A0B7JK74|A0A0B7JK74_9GAMM	GCF_019090985.1_WP_036781226.1	25.000	81	88	99	80	55	2	2	81	10	84	1.07e-22	88.5
tr|A0A0B7JK74|A0A0B7JK74_9GAMM	GCF_021462285.1_WP_234585968.1	30.769	81	87	96	78	49	2	2	79	10	82	1.10e-22	88.5
tr|A0A0B7JK74|A0A0B7JK74_9GAMM	GCF_013423785.1_WP_180308358.1	27.848	81	88	98	79	56	1	2	80	10	87	1.10e-22	88.5
tr|A0A0B7JK74|A0A0B7JK74_9GAMM	GCF_002812485.1_WP_038661467.1	23.077	81	86	96	78	55	2	2	79	10	82	1.25e-22	88.2
tr|A0A0B7JK74|A0A0B7JK74_9GAMM	GCF_008931805.1_WP_019441510.1	42.500	81	81	99	80	46	0	1	80	1	80	1.26e-22	88.2
tr|A0A0B7JK74|A0A0B7JK74_9GAMM	GCF_009817885.1_WP_105232289.1	30.769	81	87	96	78	49	2	2	79	10	82	1.38e-22	88.2
tr|A0A0B7JK74|A0A0B7JK74_9GAMM	GCF_002291445.1_WP_048635886.1	21.795	81	86	96	78	56	2	2	79	10	82	1.57e-22	87.9
tr|A0A0B7JK74|A0A0B7JK74_9GAMM	GCF_001431725.1_WP_021820278.1	38.272	81	81	100	81	50	0	1	81	1	81	1.59e-22	87.9
tr|A0A0B7JK74|A0A0B7JK74_9GAMM	GCF_000091565.1_WP_004159420.1	23.077	81	87	96	78	55	2	2	79	10	82	1.69e-22	87.9
tr|A0A0B7JK74|A0A0B7JK74_9GAMM	GCF_013460135.1_WP_180816665.1	26.582	81	88	98	79	53	2	2	80	10	83	1.76e-22	87.9
tr|A0A0B7JK74|A0A0B7JK74_9GAMM	GCF_900187015.1_WP_061796701.1	29.487	81	87	96	78	50	2	2	79	10	82	2.09e-22	87.6
tr|A0A0B7JK74|A0A0B7JK74_9GAMM	GCF_001742185.1_WP_005975933.1	20.513	81	86	96	78	57	2	2	79	10	82	2.10e-22	87.6
tr|A0A0B7JK74|A0A0B7JK74_9GAMM	GCF_001010285.1_WP_046974061.1	23.750	81	88	99	80	56	2	2	81	10	84	2.18e-22	87.6
tr|A0A0B7JK74|A0A0B7JK74_9GAMM	GCF_000262305.1_WP_002441069.1	26.923	81	86	96	78	52	2	2	79	10	82	2.31e-22	87.6
tr|A0A0B7JK74|A0A0B7JK74_9GAMM	GCF_004768525.1_WP_026822068.1	26.582	81	88	98	79	53	2	2	80	10	83	2.41e-22	87.6
tr|A0A0B7JK74|A0A0B7JK74_9GAMM	GCF_000196155.1_WP_011145066.1	25.000	81	88	99	80	55	2	2	81	10	84	2.45e-22	87.6
tr|A0A0B7JK74|A0A0B7JK74_9GAMM	GCF_020268605.1_WP_180560445.1	26.582	81	88	98	79	53	2	2	80	10	83	2.59e-22	87.6
tr|A0A0B7JK74|A0A0B7JK74_9GAMM	GCF_019048385.1_WP_062759648.1	23.077	81	86	96	78	55	2	2	79	10	82	2.69e-22	87.3
tr|A0A0B7JK74|A0A0B7JK74_9GAMM	GCF_000147055.1_WP_022632468.1	23.077	81	86	96	78	55	2	2	79	10	82	2.80e-22	87.3
tr|A0A0B7JK74|A0A0B7JK74_9GAMM	GCF_002504285.1_WP_005282992.1	24.051	81	86	98	79	55	2	2	80	10	83	2.82e-22	87.3
tr|A0A0B7JK74|A0A0B7JK74_9GAMM	GCF_005931095.1_WP_017839868.1	33.750	81	84	99	80	52	1	2	81	6	84	2.83e-22	87.3
tr|A0A0B7JK74|A0A0B7JK74_9GAMM	GCF_000146165.2_WP_164925808.1	20.988	81	89	99	81	63	1	1	80	6	86	3.77e-22	87.0
tr|A0A0B7JK74|A0A0B7JK74_9GAMM	GCF_003403135.1_WP_024104894.1	23.077	81	86	96	78	55	2	2	79	10	82	3.87e-22	87.0
tr|A0A0B7JK74|A0A0B7JK74_9GAMM	GCF_006364355.1_WP_004727652.1	37.037	81	83	100	81	51	0	1	81	1	81	4.01e-22	86.8
tr|A0A0B7JK74|A0A0B7JK74_9GAMM	GCF_024346675.1_WP_048897676.1	26.582	81	86	98	79	58	0	2	80	8	86	4.44e-22	86.8
tr|A0A0B7JK74|A0A0B7JK74_9GAMM	GCF_003992745.1_WP_014700896.1	21.795	81	86	96	78	56	2	2	79	10	82	4.51e-22	86.8
tr|A0A0B7JK74|A0A0B7JK74_9GAMM	GCF_000014885.1_WP_020912292.1	21.519	81	87	98	79	62	0	2	80	7	85	4.51e-22	86.8
tr|A0A0B7JK74|A0A0B7JK74_9GAMM	GCF_000014765.1_WP_011633385.1	35.443	81	89	98	79	51	0	2	80	5	83	4.98e-22	86.8
tr|A0A0B7JK74|A0A0B7JK74_9GAMM	GCF_009646115.1_WP_008925644.1	23.077	81	86	96	78	55	2	2	79	10	82	5.04e-22	86.8
tr|A0A0B7JK74|A0A0B7JK74_9GAMM	GCF_002157895.1_WP_227874980.1	50.000	81	82	99	80	40	0	1	80	2	81	5.82e-22	86.5
tr|A0A0B7JK74|A0A0B7JK74_9GAMM	GCF_012295615.1_WP_007018284.1	40.741	81	81	100	81	48	0	1	81	1	81	6.50e-22	86.2
tr|A0A0B7JK74|A0A0B7JK74_9GAMM	GCF_000968195.1_WP_045972480.1	26.250	81	87	99	80	54	2	2	81	11	85	6.56e-22	86.5
tr|A0A0B7JK74|A0A0B7JK74_9GAMM	GCF_001455205.1_WP_062560013.1	32.500	81	84	99	80	53	1	2	81	6	84	7.23e-22	86.2
tr|A0A0B7JK74|A0A0B7JK74_9GAMM	GCF_000214235.1_WP_004952197.1	23.077	81	85	96	78	55	2	2	79	8	80	9.42e-22	85.9
tr|A0A0B7JK74|A0A0B7JK74_9GAMM	GCF_000517405.1_WP_038469034.1	25.641	81	83	96	78	53	2	2	79	7	79	1.00e-21	85.9
tr|A0A0B7JK74|A0A0B7JK74_9GAMM	GCF_011045835.1_WP_075671674.1	30.000	81	86	99	80	51	2	2	81	10	84	1.10e-21	85.9
tr|A0A0B7JK74|A0A0B7JK74_9GAMM	GCF_016026395.1_WP_024524235.1	25.316	81	86	98	79	54	2	2	80	10	83	1.36e-21	85.6
tr|A0A0B7JK74|A0A0B7JK74_9GAMM	GCF_019797925.1_WP_193521737.1	39.506	81	80	100	81	48	1	1	81	1	80	1.47e-21	85.4
tr|A0A0B7JK74|A0A0B7JK74_9GAMM	GCF_001006005.1_WP_223499701.1	24.359	81	85	96	78	54	2	2	79	8	80	1.63e-21	85.4
tr|A0A0B7JK74|A0A0B7JK74_9GAMM	GCF_022592395.1_WP_047255099.1	24.051	81	87	98	79	55	2	2	80	10	83	1.80e-21	85.4
tr|A0A0B7JK74|A0A0B7JK74_9GAMM	GCF_005484965.1_WP_009114129.1	19.231	81	86	96	78	58	2	2	79	10	82	1.96e-21	85.1
tr|A0A0B7JK74|A0A0B7JK74_9GAMM	GCF_022647325.1_WP_111140597.1	23.077	81	86	96	78	55	2	2	79	10	82	2.02e-21	85.1
tr|A0A0B7JK74|A0A0B7JK74_9GAMM	GCF_022369495.1_WP_072064250.1	30.000	81	86	99	80	51	2	2	81	10	84	2.09e-21	85.1
tr|A0A0B7JK74|A0A0B7JK74_9GAMM	GCF_002849875.1_WP_232379112.1	39.024	81	113	98	82	47	1	2	80	32	113	2.09e-21	85.6
tr|A0A0B7JK74|A0A0B7JK74_9GAMM	GCF_000261045.2_WP_006318653.1	23.077	81	87	96	78	55	2	2	79	10	82	2.18e-21	85.1
tr|A0A0B7JK74|A0A0B7JK74_9GAMM	GCF_000016065.1_WP_011864074.1	20.000	81	93	99	80	63	1	1	80	6	84	2.20e-21	85.1
tr|A0A0B7JK74|A0A0B7JK74_9GAMM	GCF_008364325.2_WP_230090436.1	23.077	81	85	96	78	55	2	2	79	8	80	2.35e-21	85.1
tr|A0A0B7JK74|A0A0B7JK74_9GAMM	GCF_000069965.1_WP_004245453.1	26.250	81	86	99	80	54	2	2	81	10	84	2.45e-21	85.1
tr|A0A0B7JK74|A0A0B7JK74_9GAMM	GCF_017348915.1_WP_040077077.1	28.205	81	86	96	78	51	2	2	79	10	82	2.67e-21	84.8
tr|A0A0B7JK74|A0A0B7JK74_9GAMM	GCF_029457395.1_WP_024766443.1	23.457	81	92	95	81	58	1	4	80	9	89	2.77e-21	85.1
tr|A0A0B7JK74|A0A0B7JK74_9GAMM	GCF_008033135.1_WP_148717358.1	23.750	81	87	99	80	60	1	2	81	7	85	2.90e-21	84.8
tr|A0A0B7JK74|A0A0B7JK74_9GAMM	GCF_000968175.1_WP_045959360.1	26.250	81	88	99	80	54	2	2	81	11	85	3.22e-21	84.8
tr|A0A0B7JK74|A0A0B7JK74_9GAMM	GCF_003074995.2_WP_015870269.1	26.582	81	86	98	79	53	2	2	80	10	83	3.44e-21	84.5
tr|A0A0B7JK74|A0A0B7JK74_9GAMM	GCF_900638135.1_WP_012146468.1	23.077	81	87	96	78	55	2	2	79	10	82	3.45e-21	84.5
tr|A0A0B7JK74|A0A0B7JK74_9GAMM	GCF_002291425.1_WP_095847471.1	29.487	81	87	96	78	50	2	2	79	10	82	3.50e-21	84.5
tr|A0A0B7JK74|A0A0B7JK74_9GAMM	GCF_012971725.1_WP_169940133.1	23.457	81	92	95	81	58	1	4	80	9	89	4.15e-21	84.5
tr|A0A0B7JK74|A0A0B7JK74_9GAMM	GCF_019047765.1_WP_040230035.1	28.205	81	86	96	78	51	2	2	79	10	82	4.96e-21	84.2
tr|A0A0B7JK74|A0A0B7JK74_9GAMM	GCF_029277985.1_WP_154623766.1	25.641	81	87	96	78	53	2	2	79	10	82	5.74e-21	84.0
tr|A0A0B7JK74|A0A0B7JK74_9GAMM	GCF_009831665.3_WP_006709226.1	24.359	81	87	96	78	54	2	2	79	10	82	6.02e-21	84.0
tr|A0A0B7JK74|A0A0B7JK74_9GAMM	GCF_017743015.1_WP_209027287.1	22.500	81	88	99	80	57	2	2	81	10	84	6.07e-21	84.0
tr|A0A0B7JK74|A0A0B7JK74_9GAMM	GCF_024746855.1_WP_260492542.1	38.750	81	79	99	80	48	1	1	80	1	79	6.19e-21	83.7
tr|A0A0B7JK74|A0A0B7JK74_9GAMM	GCF_014295015.1_WP_013185414.1	22.500	81	87	99	80	57	2	2	81	11	85	1.02e-20	83.4
tr|A0A0B7JK74|A0A0B7JK74_9GAMM	GCF_004295645.1_WP_228350951.1	24.051	81	88	98	79	55	2	2	80	11	84	1.08e-20	83.4
tr|A0A0B7JK74|A0A0B7JK74_9GAMM	GCF_008632455.1_WP_150048082.1	35.443	81	84	98	79	50	1	2	80	6	83	1.16e-20	83.1
tr|A0A0B7JK74|A0A0B7JK74_9GAMM	GCF_004116975.1_WP_064720954.1	26.250	81	86	99	80	54	2	2	81	10	84	1.45e-20	83.1
tr|A0A0B7JK74|A0A0B7JK74_9GAMM	GCF_002952315.1_WP_012667243.1	19.231	81	87	96	78	58	2	2	79	10	82	1.45e-20	83.1
tr|A0A0B7JK74|A0A0B7JK74_9GAMM	GCF_003096015.2_WP_230514010.1	25.316	81	88	98	79	54	2	2	80	11	84	1.50e-20	83.1
tr|A0A0B7JK74|A0A0B7JK74_9GAMM	GCF_021365465.1_WP_016190321.1	21.795	81	87	96	78	56	2	2	79	10	82	1.56e-20	82.8
tr|A0A0B7JK74|A0A0B7JK74_9GAMM	GCF_020541225.1_WP_226811316.1	26.923	81	86	96	78	52	2	2	79	10	82	1.88e-20	82.8
tr|A0A0B7JK74|A0A0B7JK74_9GAMM	GCF_003025345.2_WP_003155955.1	23.529	81	91	99	85	60	1	2	81	7	91	2.00e-20	82.8
tr|A0A0B7JK74|A0A0B7JK74_9GAMM	GCF_003568825.1_WP_040644076.1	26.506	81	83	99	83	58	1	1	80	1	83	2.34e-20	82.3
tr|A0A0B7JK74|A0A0B7JK74_9GAMM	GCF_900478135.1_WP_111739359.1	24.051	81	88	98	79	55	2	2	80	11	84	2.52e-20	82.5
tr|A0A0B7JK74|A0A0B7JK74_9GAMM	GCF_025946765.1_WP_264497926.1	21.795	81	86	96	78	56	2	2	79	10	82	3.34e-20	82.0
tr|A0A0B7JK74|A0A0B7JK74_9GAMM	GCF_003204135.1_WP_004908806.1	28.205	81	87	96	78	51	2	2	79	10	82	3.59e-20	82.0
tr|A0A0B7JK74|A0A0B7JK74_9GAMM	GCF_900638655.1_WP_047781753.1	24.051	81	88	98	79	55	2	2	80	11	84	3.60e-20	82.0
tr|A0A0B7JK74|A0A0B7JK74_9GAMM	GCF_002843235.3_WP_102139922.1	28.205	81	87	96	78	51	2	2	79	10	82	4.45e-20	81.7
tr|A0A0B7JK74|A0A0B7JK74_9GAMM	GCF_900475855.1_WP_068441311.1	25.641	81	87	96	78	53	2	2	79	10	82	5.10e-20	81.7
tr|A0A0B7JK74|A0A0B7JK74_9GAMM	GCF_000019185.1_WP_012277931.1	33.000	81	100	100	100	48	1	1	81	1	100	6.34e-20	81.7
tr|A0A0B7JK74|A0A0B7JK74_9GAMM	GCF_000785705.2_WP_036272019.1	31.646	81	82	98	79	52	2	2	80	6	82	8.21e-20	80.9
tr|A0A0B7JK74|A0A0B7JK74_9GAMM	GCF_019703835.1_WP_087020305.1	40.260	81	79	95	77	42	1	4	80	3	75	8.38e-20	80.9
tr|A0A0B7JK74|A0A0B7JK74_9GAMM	GCF_002393505.1_WP_006658392.1	30.769	81	87	96	78	49	2	2	79	10	82	8.41e-20	81.1
tr|A0A0B7JK74|A0A0B7JK74_9GAMM	GCF_001721185.1_WP_069317984.1	22.500	81	87	99	80	57	2	2	81	10	84	8.41e-20	81.1
tr|A0A0B7JK74|A0A0B7JK74_9GAMM	GCF_005671395.1_WP_138095872.1	22.727	81	86	81	66	50	1	2	67	10	74	2.32e-19	80.0
tr|A0A0B7JK74|A0A0B7JK74_9GAMM	GCF_008364325.2_WP_020826409.1	27.848	81	84	98	79	54	1	2	80	7	82	2.56e-19	79.7
tr|A0A0B7JK74|A0A0B7JK74_9GAMM	GCF_003990335.1_WP_127025819.1	28.395	81	91	100	81	57	1	1	81	5	84	2.47e-18	77.5
tr|A0A0B7JK74|A0A0B7JK74_9GAMM	GCF_026427595.1_WP_251812951.1	29.762	81	88	99	84	55	3	1	80	4	87	2.48e-18	77.2
tr|A0A0B7JK74|A0A0B7JK74_9GAMM	GCF_016026875.1_WP_045525981.1	24.051	81	89	98	79	55	3	2	80	7	80	2.57e-18	77.2
tr|A0A0B7JK74|A0A0B7JK74_9GAMM	GCF_017638925.1_WP_208844867.1	39.241	81	81	98	79	47	1	1	79	1	78	2.70e-18	77.2
tr|A0A0B7JK74|A0A0B7JK74_9GAMM	GCF_001677435.1_WP_068615618.1	21.739	81	90	85	69	53	1	2	70	9	76	4.01e-18	76.9
tr|A0A0B7JK74|A0A0B7JK74_9GAMM	GCF_007197555.1_WP_144048375.1	26.437	81	94	100	87	58	2	1	81	6	92	7.87e-18	76.1
tr|A0A0B7JK74|A0A0B7JK74_9GAMM	GCF_004358345.1_WP_121852852.1	27.941	81	76	84	68	49	0	2	69	8	75	8.38e-18	75.8
tr|A0A0B7JK74|A0A0B7JK74_9GAMM	GCF_020405345.1_WP_017780573.1	24.051	81	89	98	79	55	3	2	80	7	80	2.09e-17	74.9
tr|A0A0B7JK74|A0A0B7JK74_9GAMM	GCF_003515105.1_WP_036973086.1	23.881	81	73	83	67	51	0	2	68	6	72	6.82e-17	73.3
tr|A0A0B7JK74|A0A0B7JK74_9GAMM	GCF_000018285.1_WP_012155987.1	33.663	81	102	99	101	46	1	1	80	1	101	9.37e-17	73.5
tr|A0A0B7JK74|A0A0B7JK74_9GAMM	GCF_020149575.1_WP_224431657.1	23.750	81	85	99	80	56	3	2	81	7	81	1.56e-16	72.7
tr|A0A0B7JK74|A0A0B7JK74_9GAMM	GCF_020991025.1_WP_152109250.1	28.788	81	83	81	66	47	0	2	67	8	73	1.84e-16	72.4
tr|A0A0B7JK74|A0A0B7JK74_9GAMM	GCF_000147355.1_WP_013326989.1	33.333	81	67	81	66	44	0	15	80	1	66	3.02e-16	71.6
tr|A0A0B7JK74|A0A0B7JK74_9GAMM	GCF_900637545.1_WP_042651794.1	21.519	81	84	98	79	57	3	2	80	7	80	6.51e-16	71.0
tr|A0A0B7JK74|A0A0B7JK74_9GAMM	GCF_020423125.1_WP_226170850.1	20.253	81	84	98	79	58	3	2	80	7	80	7.87e-16	71.0
tr|A0A0B7JK74|A0A0B7JK74_9GAMM	GCF_000788395.1_WP_038641921.1	28.750	81	85	99	80	57	0	2	81	5	84	8.60e-16	70.7
tr|A0A0B7JK74|A0A0B7JK74_9GAMM	GCF_028355655.1_WP_087756847.1	21.519	81	84	98	79	57	3	2	80	7	80	1.23e-15	70.4
tr|A0A0B7JK74|A0A0B7JK74_9GAMM	GCF_002215215.1_WP_088918776.1	23.750	81	101	99	80	60	1	2	81	20	98	1.30e-15	70.7
tr|A0A0B7JK74|A0A0B7JK74_9GAMM	GCF_008693705.1_WP_127008315.1	21.519	81	84	98	79	57	3	2	80	7	80	6.16e-15	68.5
tr|A0A0B7JK74|A0A0B7JK74_9GAMM	GCF_001020955.1_WP_047250467.1	19.718	81	82	84	71	54	1	2	69	10	80	6.98e-15	68.5
tr|A0A0B7JK74|A0A0B7JK74_9GAMM	GCF_014169735.1_WP_134997272.1	18.987	81	86	98	79	59	3	2	80	7	80	8.08e-15	68.5
tr|A0A0B7JK74|A0A0B7JK74_9GAMM	GCF_002157225.2_WP_086934278.1	29.167	81	80	89	72	50	1	1	72	4	74	1.26e-14	67.6
tr|A0A0B7JK74|A0A0B7JK74_9GAMM	GCF_015209785.1_WP_193988300.1	21.875	81	73	79	64	50	0	2	65	6	69	1.28e-14	67.6
tr|A0A0B7JK74|A0A0B7JK74_9GAMM	GCF_003855395.1_WP_124730567.1	37.349	81	88	98	83	48	2	2	80	4	86	1.43e-14	67.6
tr|A0A0B7JK74|A0A0B7JK74_9GAMM	GCF_003015165.1_WP_106887831.1	20.253	81	84	98	79	58	3	2	80	7	80	2.74e-14	67.1
tr|A0A0B7JK74|A0A0B7JK74_9GAMM	GCF_003063625.1_WP_108601906.1	27.778	81	85	89	72	51	1	1	72	4	74	3.21e-14	66.8
tr|A0A0B7JK74|A0A0B7JK74_9GAMM	GCF_003966655.1_WP_113527441.1	24.286	81	77	86	70	52	1	2	71	8	76	3.27e-14	66.5
tr|A0A0B7JK74|A0A0B7JK74_9GAMM	GCF_001596155.1_WP_068342236.1	20.779	81	90	91	77	54	4	2	75	8	80	3.28e-14	66.8
tr|A0A0B7JK74|A0A0B7JK74_9GAMM	GCF_016026615.1_WP_197928313.1	20.253	81	89	98	79	58	3	2	80	7	80	4.40e-14	66.5
tr|A0A0B7JK74|A0A0B7JK74_9GAMM	GCF_020511155.1_WP_226415657.1	29.762	81	87	99	84	55	2	1	80	4	87	5.93e-14	66.2
tr|A0A0B7JK74|A0A0B7JK74_9GAMM	GCF_000014705.1_WP_011637758.1	32.530	81	88	98	83	52	2	2	80	4	86	6.59e-14	65.9
tr|A0A0B7JK74|A0A0B7JK74_9GAMM	GCF_016127195.1_WP_042032742.1	21.795	81	89	96	78	56	3	2	79	7	79	9.43e-14	65.7
tr|A0A0B7JK74|A0A0B7JK74_9GAMM	GCF_013462805.1_WP_009566961.1	24.286	81	77	86	70	52	1	2	71	8	76	1.36e-13	65.1
tr|A0A0B7JK74|A0A0B7JK74_9GAMM	GCF_001651805.1_WP_067384150.1	22.059	81	78	79	68	49	2	2	65	7	74	1.78e-13	64.8
tr|A0A0B7JK74|A0A0B7JK74_9GAMM	GCF_002218045.2_WP_089137819.1	24.638	81	79	81	69	49	1	2	67	9	77	3.22e-13	64.3
tr|A0A0B7JK74|A0A0B7JK74_9GAMM	GCF_020844025.1_WP_215848879.1	25.352	81	77	88	71	52	1	2	72	8	77	5.06e-13	63.7
tr|A0A0B7JK74|A0A0B7JK74_9GAMM	GCF_001507645.1_WP_068195976.1	15.789	81	90	90	76	58	2	2	74	8	80	5.58e-13	63.7
tr|A0A0B7JK74|A0A0B7JK74_9GAMM	GCF_000940995.1_WP_082060442.1	21.429	81	93	86	70	55	0	10	79	16	85	7.64e-13	63.4
tr|A0A0B7JK74|A0A0B7JK74_9GAMM	GCF_010093065.1_WP_238430213.1	15.942	81	83	81	69	52	2	2	67	11	76	8.86e-13	63.1
tr|A0A0B7JK74|A0A0B7JK74_9GAMM	GCF_004028275.1_WP_128384077.1	20.548	81	77	86	73	55	1	2	71	3	75	1.03e-12	62.9
tr|A0A0B7JK74|A0A0B7JK74_9GAMM	GCF_023650495.1_WP_250655372.1	28.235	81	88	100	85	57	2	1	81	4	88	1.16e-12	62.9
tr|A0A0B7JK74|A0A0B7JK74_9GAMM	GCF_000026085.1_WP_041454550.1	20.896	81	73	81	67	51	2	2	67	6	71	1.34e-12	62.6
tr|A0A0B7JK74|A0A0B7JK74_9GAMM	GCF_004001245.1_WP_127478562.1	12.500	81	85	84	72	59	2	2	69	10	81	1.56e-12	62.6
tr|A0A0B7JK74|A0A0B7JK74_9GAMM	GCF_006337165.1_WP_139515111.1	22.535	81	82	81	71	46	3	2	67	8	74	1.61e-12	62.3
tr|A0A0B7JK74|A0A0B7JK74_9GAMM	GCF_013137895.1_WP_135435790.1	21.127	81	83	81	71	47	3	2	67	9	75	1.73e-12	62.3
tr|A0A0B7JK74|A0A0B7JK74_9GAMM	GCF_027625995.1_WP_270126807.1	21.127	81	82	81	71	47	3	2	67	8	74	2.02e-12	62.3
tr|A0A0B7JK74|A0A0B7JK74_9GAMM	GCF_004355185.1_WP_133271280.1	21.127	81	81	81	71	47	3	2	67	7	73	2.82e-12	61.7
tr|A0A0B7JK74|A0A0B7JK74_9GAMM	GCF_001444405.1_WP_058032142.1	29.577	81	87	88	71	50	0	1	71	1	71	3.16e-12	61.7
tr|A0A0B7JK74|A0A0B7JK74_9GAMM	GCF_003584645.1_WP_197716612.1	19.737	81	80	89	76	53	3	2	73	8	79	3.81e-12	61.4
tr|A0A0B7JK74|A0A0B7JK74_9GAMM	GCF_000576555.1_WP_044000633.1	21.127	81	83	81	71	47	3	2	67	9	75	4.54e-12	61.2
tr|A0A0B7JK74|A0A0B7JK74_9GAMM	GCF_902810445.1_WP_197744199.1	24.658	81	78	85	73	47	4	2	70	7	75	6.48e-12	60.9
tr|A0A0B7JK74|A0A0B7JK74_9GAMM	GCF_003967195.1_WP_172597571.1	22.667	81	83	88	75	54	1	2	72	9	83	6.87e-12	60.9
tr|A0A0B7JK74|A0A0B7JK74_9GAMM	GCF_000013765.1_WP_011496543.1	22.892	81	106	98	83	60	2	2	80	23	105	7.04e-12	61.2
tr|A0A0B7JK74|A0A0B7JK74_9GAMM	GCF_000801295.1_WP_171816254.1	19.118	81	99	80	68	51	3	2	66	10	76	7.50e-12	60.9
tr|A0A0B7JK74|A0A0B7JK74_9GAMM	GCF_017742995.1_WP_247749573.1	37.209	81	48	53	43	27	0	1	43	1	43	7.70e-12	60.0
tr|A0A0B7JK74|A0A0B7JK74_9GAMM	GCF_009662475.1_WP_031573754.1	24.658	81	79	90	73	54	1	2	74	8	79	7.72e-12	60.6
tr|A0A0B7JK74|A0A0B7JK74_9GAMM	GCF_000021985.1_WP_012639500.1	17.647	81	82	79	68	52	1	2	65	8	75	7.79e-12	60.6
tr|A0A0B7JK74|A0A0B7JK74_9GAMM	GCF_013283835.1_WP_071626507.1	21.127	81	83	84	71	49	3	2	69	8	74	9.58e-12	60.3
tr|A0A0B7JK74|A0A0B7JK74_9GAMM	GCF_000012325.1_WP_011045621.1	30.882	81	84	84	68	46	1	2	69	5	71	1.04e-11	60.3
tr|A0A0B7JK74|A0A0B7JK74_9GAMM	GCF_003970675.1_WP_126615366.1	19.403	81	76	83	67	49	3	2	68	13	74	1.17e-11	60.0
tr|A0A0B7JK74|A0A0B7JK74_9GAMM	GCF_018736065.1_WP_144074266.1	20.588	81	76	84	68	49	3	2	69	13	75	1.42e-11	59.8
tr|A0A0B7JK74|A0A0B7JK74_9GAMM	GCF_002355735.1_WP_096359192.1	14.286	81	83	83	70	57	1	2	68	13	82	1.52e-11	60.0
tr|A0A0B7JK74|A0A0B7JK74_9GAMM	GCF_003149515.1_WP_109656005.1	14.667	81	90	89	75	58	2	2	73	8	79	1.55e-11	60.0
tr|A0A0B7JK74|A0A0B7JK74_9GAMM	GCF_006385555.1_WP_140234395.1	27.711	81	87	98	83	56	3	2	80	4	86	1.81e-11	59.8
tr|A0A0B7JK74|A0A0B7JK74_9GAMM	GCF_000212735.1_WP_013764159.1	16.883	81	83	90	77	56	3	2	74	10	82	2.02e-11	59.8
tr|A0A0B7JK74|A0A0B7JK74_9GAMM	GCF_008728635.1_WP_151087836.1	17.722	81	90	94	79	58	4	2	77	8	82	2.40e-11	59.5
tr|A0A0B7JK74|A0A0B7JK74_9GAMM	GCF_009938015.1_WP_223264517.1	18.310	81	90	83	71	54	2	2	68	10	80	2.56e-11	59.5
tr|A0A0B7JK74|A0A0B7JK74_9GAMM	GCF_013177675.1_WP_172128285.1	20.270	81	81	88	74	52	3	2	72	8	77	2.58e-11	59.2
tr|A0A0B7JK74|A0A0B7JK74_9GAMM	GCF_002355415.1_WP_148665551.1	14.493	81	87	81	69	56	1	2	67	17	85	2.72e-11	59.5
tr|A0A0B7JK74|A0A0B7JK74_9GAMM	GCF_002762215.1_WP_085750011.1	17.143	81	87	81	70	50	4	2	67	9	74	2.90e-11	59.2
tr|A0A0B7JK74|A0A0B7JK74_9GAMM	GCF_010093065.1_WP_162331416.1	17.105	81	84	90	76	57	3	2	74	11	83	3.18e-11	59.2
tr|A0A0B7JK74|A0A0B7JK74_9GAMM	GCF_000006765.1_NP_249630.1	28.235	81	108	99	85	56	1	2	81	7	91	4.07e-11	59.2
tr|A0A0B7JK74|A0A0B7JK74_9GAMM	GCF_022827545.1_WP_243798205.1	21.127	81	82	81	71	47	3	2	67	8	74	4.09e-11	58.9
tr|A0A0B7JK74|A0A0B7JK74_9GAMM	GCF_000321415.2_WP_015260329.1	10.959	81	93	86	73	62	2	2	71	10	82	4.54e-11	58.9
tr|A0A0B7JK74|A0A0B7JK74_9GAMM	GCF_021654855.1_WP_237262080.1	28.986	81	70	80	69	44	2	2	66	3	70	5.40e-11	58.4
tr|A0A0B7JK74|A0A0B7JK74_9GAMM	GCF_019931735.1_WP_223417223.1	22.619	81	87	99	84	61	2	1	80	3	86	5.55e-11	58.6
tr|A0A0B7JK74|A0A0B7JK74_9GAMM	GCF_013282625.1_WP_173286717.1	17.391	81	67	85	69	53	2	2	70	3	67	6.34e-11	58.1
tr|A0A0B7JK74|A0A0B7JK74_9GAMM	GCF_003574965.1_WP_119445661.1	21.127	81	82	81	71	47	3	2	67	8	74	8.91e-11	58.1
tr|A0A0B7JK74|A0A0B7JK74_9GAMM	GCF_022811645.1_WP_243511723.1	15.714	81	90	81	70	51	3	2	67	8	73	9.85e-11	58.1
tr|A0A0B7JK74|A0A0B7JK74_9GAMM	GCF_001955715.1_WP_029708890.1	20.290	81	80	80	69	47	3	2	66	7	71	9.95e-11	57.8
tr|A0A0B7JK74|A0A0B7JK74_9GAMM	GCF_002142475.1_WP_026148861.1	18.056	81	86	84	72	51	3	2	69	7	74	1.31e-10	57.5
tr|A0A0B7JK74|A0A0B7JK74_9GAMM	GCF_016613475.2_WP_200606805.1	17.391	81	90	81	69	51	2	2	67	11	76	1.40e-10	57.5
tr|A0A0B7JK74|A0A0B7JK74_9GAMM	GCF_002356115.1_WP_096526481.1	23.188	81	78	81	69	47	2	2	67	7	72	1.42e-10	57.5
tr|A0A0B7JK74|A0A0B7JK74_9GAMM	GCF_000024005.1_WP_012793320.1	16.883	81	84	90	77	56	3	2	74	11	83	1.44e-10	57.5
tr|A0A0B7JK74|A0A0B7JK74_9GAMM	GCF_013343005.1_WP_078482823.1	17.568	81	84	86	74	57	2	2	71	8	81	2.13e-10	56.9
tr|A0A0B7JK74|A0A0B7JK74_9GAMM	GCF_013201665.1_WP_128359868.1	20.548	81	81	86	73	51	3	2	71	8	76	2.20e-10	56.9
tr|A0A0B7JK74|A0A0B7JK74_9GAMM	GCF_024347195.1_WP_271272618.1	25.373	81	77	79	67	47	2	2	65	7	73	2.23e-10	56.9
tr|A0A0B7JK74|A0A0B7JK74_9GAMM	GCF_013201725.1_WP_014475480.1	22.535	81	74	84	71	48	3	2	69	8	74	2.25e-10	56.7
tr|A0A0B7JK74|A0A0B7JK74_9GAMM	GCF_000238255.3_WP_010559905.1	25.352	81	86	86	71	51	2	2	71	5	74	2.67e-10	56.9
tr|A0A0B7JK74|A0A0B7JK74_9GAMM	GCF_024347275.1_WP_019620968.1	18.421	81	82	89	76	58	2	2	73	7	82	2.79e-10	56.7
tr|A0A0B7JK74|A0A0B7JK74_9GAMM	GCF_024347675.1_WP_261833361.1	45.714	81	54	43	35	19	0	1	35	1	35	3.11e-10	56.1
tr|A0A0B7JK74|A0A0B7JK74_9GAMM	GCF_004798725.1_WP_010811758.1	15.942	81	83	81	69	52	2	2	67	11	76	4.50e-10	56.1
tr|A0A0B7JK74|A0A0B7JK74_9GAMM	GCF_024347255.1_WP_091360415.1	22.059	81	79	79	68	49	1	2	65	7	74	4.53e-10	56.1
tr|A0A0B7JK74|A0A0B7JK74_9GAMM	GCF_009755585.1_WP_157030071.1	17.143	81	85	81	70	50	3	2	67	8	73	4.72e-10	56.1
tr|A0A0B7JK74|A0A0B7JK74_9GAMM	GCF_003955735.1_WP_126127786.1	20.290	81	91	81	69	49	3	2	67	12	77	5.55e-10	56.1
tr|A0A0B7JK74|A0A0B7JK74_9GAMM	GCF_008807855.1_WP_063240334.1	18.841	81	83	81	69	50	2	2	67	11	76	6.79e-10	55.8
tr|A0A0B7JK74|A0A0B7JK74_9GAMM	GCF_000227685.2_WP_006746304.1	12.676	81	83	84	71	59	2	2	69	10	80	7.53e-10	55.5
tr|A0A0B7JK74|A0A0B7JK74_9GAMM	GCF_018389385.1_WP_218082190.1	16.176	81	91	80	68	51	2	2	66	21	85	9.08e-10	55.5
tr|A0A0B7JK74|A0A0B7JK74_9GAMM	GCF_013177635.1_WP_129095542.1	20.588	81	72	80	68	47	3	2	66	8	71	1.20e-09	55.0
tr|A0A0B7JK74|A0A0B7JK74_9GAMM	GCF_005166025.1_WP_137090244.1	19.444	81	84	84	72	50	3	2	69	8	75	1.36e-09	55.0
tr|A0A0B7JK74|A0A0B7JK74_9GAMM	GCF_002557795.1_WP_098194977.1	20.270	81	89	84	74	49	3	2	69	11	80	1.44e-09	55.0
tr|A0A0B7JK74|A0A0B7JK74_9GAMM	GCF_003346815.1_WP_114840342.1	20.548	81	82	86	73	51	3	2	71	8	76	1.49e-09	55.0
tr|A0A0B7JK74|A0A0B7JK74_9GAMM	GCF_003346775.1_WP_114843067.1	18.310	81	84	84	71	51	4	2	69	8	74	2.06e-09	54.4
tr|A0A0B7JK74|A0A0B7JK74_9GAMM	GCF_024347215.1_WP_261843265.1	22.388	81	77	79	67	49	2	2	65	7	73	2.20e-09	54.4
tr|A0A0B7JK74|A0A0B7JK74_9GAMM	GCF_000018105.1_WP_012162738.1	18.310	81	86	83	71	50	3	1	67	6	72	2.24e-09	54.4
tr|A0A0B7JK74|A0A0B7JK74_9GAMM	GCF_013201935.1_WP_129014602.1	20.588	81	72	80	68	47	3	2	66	8	71	2.25e-09	54.1
tr|A0A0B7JK74|A0A0B7JK74_9GAMM	GCF_004421105.1_WP_134356453.1	20.548	81	80	85	73	50	4	2	70	7	75	2.57e-09	54.1
tr|A0A0B7JK74|A0A0B7JK74_9GAMM	GCF_000092245.1_WP_013136435.1	18.841	81	76	81	69	49	3	2	67	5	69	2.76e-09	54.1
tr|A0A0B7JK74|A0A0B7JK74_9GAMM	GCF_020091585.1_WP_224339804.1	15.714	81	82	81	70	51	3	2	67	7	72	3.29e-09	53.8
tr|A0A0B7JK74|A0A0B7JK74_9GAMM	GCF_003353065.1_WP_114983154.1	17.910	81	84	79	67	48	4	2	65	11	73	3.48e-09	53.8
tr|A0A0B7JK74|A0A0B7JK74_9GAMM	GCF_000317125.1_WP_015155280.1	18.310	81	81	83	71	50	4	1	67	6	72	3.59e-09	53.8
tr|A0A0B7JK74|A0A0B7JK74_9GAMM	GCF_000012805.1_WP_011330264.1	20.833	81	85	85	72	51	3	2	70	7	75	3.63e-09	53.8
tr|A0A0B7JK74|A0A0B7JK74_9GAMM	GCF_019891175.1_WP_225938383.1	14.085	81	93	83	71	53	3	1	67	14	80	4.03e-09	53.8
tr|A0A0B7JK74|A0A0B7JK74_9GAMM	GCF_000143085.1_WP_013221711.1	23.529	81	82	79	68	44	4	2	65	7	70	4.31e-09	53.6
tr|A0A0B7JK74|A0A0B7JK74_9GAMM	GCF_023733635.1_WP_039959400.1	18.841	81	89	79	69	50	3	2	65	7	74	5.80e-09	53.6
tr|A0A0B7JK74|A0A0B7JK74_9GAMM	GCF_003544915.1_WP_118918525.1	18.841	81	73	81	69	49	3	2	67	8	72	7.35e-09	53.0
tr|A0A0B7JK74|A0A0B7JK74_9GAMM	GCF_000014785.1_WP_011630183.1	18.310	81	83	84	71	55	2	2	69	13	83	9.69e-09	52.7
tr|A0A0B7JK74|A0A0B7JK74_9GAMM	GCF_004214795.1_WP_130234502.1	17.391	81	78	81	69	50	3	2	67	8	72	1.16e-08	52.4
tr|A0A0B7JK74|A0A0B7JK74_9GAMM	GCF_004293625.1_WP_130538367.1	23.729	81	71	73	59	41	2	2	60	3	57	1.35e-08	52.2
tr|A0A0B7JK74|A0A0B7JK74_9GAMM	GCF_000828615.1_WP_041064380.1	19.444	81	80	83	72	52	4	2	68	10	80	1.67e-08	52.2
tr|A0A0B7JK74|A0A0B7JK74_9GAMM	GCF_001956695.1_WP_076086034.1	11.429	81	77	81	70	54	3	2	67	5	70	1.70e-08	52.2
tr|A0A0B7JK74|A0A0B7JK74_9GAMM	GCF_010119975.1_WP_162445115.1	13.333	81	365	88	75	56	3	2	72	14	83	1.72e-08	55.5
tr|A0A0B7JK74|A0A0B7JK74_9GAMM	GCF_011398355.1_WP_173270160.1	20.000	81	65	80	65	48	2	2	66	3	63	2.94e-08	51.3
tr|A0A0B7JK74|A0A0B7JK74_9GAMM	GCF_009937995.1_WP_179954406.1	21.918	81	79	85	73	53	2	2	70	7	79	4.01e-08	51.0
tr|A0A0B7JK74|A0A0B7JK74_9GAMM	GCF_013283835.1_WP_071625892.1	13.889	81	79	81	72	52	3	2	67	5	72	4.10e-08	51.0
tr|A0A0B7JK74|A0A0B7JK74_9GAMM	GCF_001956695.1_WP_076086043.1	17.808	81	77	86	73	53	3	2	71	7	75	5.08e-08	50.8
tr|A0A0B7JK74|A0A0B7JK74_9GAMM	GCF_011398355.1_WP_173270199.1	16.667	81	66	81	66	51	2	2	67	3	64	6.20e-08	50.5
tr|A0A0B7JK74|A0A0B7JK74_9GAMM	GCF_001442805.1_WP_057942092.1	15.493	81	88	83	71	52	3	2	68	11	77	8.31e-08	50.5
tr|A0A0B7JK74|A0A0B7JK74_9GAMM	GCF_011398155.1_WP_173291533.1	18.310	81	71	86	71	53	3	2	71	3	69	1.30e-07	49.6
tr|A0A0B7JK74|A0A0B7JK74_9GAMM	GCF_000222485.1_WP_014022977.1	19.178	81	85	85	73	51	4	2	70	10	78	1.94e-07	49.6
tr|A0A0B7JK74|A0A0B7JK74_9GAMM	GCF_001050135.1_WP_048644179.1	24.286	81	88	81	70	45	3	2	67	10	75	1.96e-07	49.6
tr|A0A0B7JK74|A0A0B7JK74_9GAMM	GCF_003722295.1_WP_010573895.1	15.278	81	75	81	72	51	3	2	67	7	74	1.98e-07	49.3
tr|A0A0B7JK74|A0A0B7JK74_9GAMM	GCF_008122265.1_WP_148863603.1	18.571	81	84	81	70	49	3	2	67	7	72	2.00e-07	49.3
tr|A0A0B7JK74|A0A0B7JK74_9GAMM	GCF_000024725.1_WP_013031543.1	20.548	81	81	85	73	50	4	2	70	7	75	2.71e-07	49.1
tr|A0A0B7JK74|A0A0B7JK74_9GAMM	GCF_000317575.1_WP_015193670.1	17.143	81	74	81	70	50	4	2	67	7	72	3.31e-07	48.8
tr|A0A0B7JK74|A0A0B7JK74_9GAMM	GCF_013201665.1_WP_128358834.1	11.594	81	76	81	69	54	3	2	67	5	69	5.20e-07	48.2
tr|A0A0B7JK74|A0A0B7JK74_9GAMM	GCF_000265505.1_WP_014796533.1	16.456	81	97	84	79	54	3	2	69	9	86	6.08e-07	48.5
tr|A0A0B7JK74|A0A0B7JK74_9GAMM	GCF_013201935.1_WP_128987185.1	13.043	81	76	81	69	53	3	2	67	5	69	9.57e-07	47.7
tr|A0A0B7JK74|A0A0B7JK74_9GAMM	GCF_003544815.1_WP_118886031.1	11.594	81	76	81	69	54	3	2	67	5	69	1.03e-06	47.4
tr|A0A0B7JK74|A0A0B7JK74_9GAMM	GCF_013177635.1_WP_129095951.1	13.043	81	76	81	69	53	3	2	67	5	69	1.20e-06	47.4
tr|A0A0B7JK74|A0A0B7JK74_9GAMM	GCF_018388465.1_WP_208290210.1	11.765	81	316	81	68	58	1	8	73	139	206	1.94e-06	49.6
tr|A0A0B7JK74|A0A0B7JK74_9GAMM	GCF_000484535.1_WP_023173213.1	17.391	81	91	84	69	55	2	4	71	24	91	4.65e-06	46.0
tr|A0A0B7JK74|A0A0B7JK74_9GAMM	GCF_021018745.1_WP_230843504.1	16.667	81	92	80	66	53	2	4	68	24	88	1.10e-05	45.1
tr|A0A0B7JK74|A0A0B7JK74_9GAMM	GCF_001723605.1_WP_069479051.1	14.815	81	76	63	54	42	2	2	52	5	57	1.35e-05	44.6
tr|A0A0B7JK74|A0A0B7JK74_9GAMM	GCF_001705075.2_WP_065970077.1	15.385	81	78	77	65	52	1	2	63	8	72	1.99e-05	44.3
tr|A0A0B7JK74|A0A0B7JK74_9GAMM	GCF_000011385.1_WP_011141833.1	16.667	81	92	80	66	53	2	4	68	24	88	3.50e-05	43.7
tr|A0A0B7JK74|A0A0B7JK74_9GAMM	GCF_002309535.1_WP_096047558.1	15.942	81	88	81	69	51	3	2	67	5	69	4.07e-05	43.7
tr|A0A0B7JK74|A0A0B7JK74_9GAMM	GCF_000265295.1_WP_014770430.1	12.121	81	76	81	66	57	1	2	67	5	69	8.92e-05	42.6
tr|A0A0B7JK74|A0A0B7JK74_9GAMM	GCF_013177675.1_WP_172126669.1	13.043	81	77	81	69	53	3	2	67	5	69	1.28e-04	42.0
tr|A0A0B7JK74|A0A0B7JK74_9GAMM	GCF_000568815.1_WP_025346049.1	12.963	81	76	63	54	43	2	2	52	5	57	1.38e-04	42.0
tr|A0A0B7JK74|A0A0B7JK74_9GAMM	GCF_000242635.2_WP_014682426.1	9.677	81	83	73	62	50	2	6	64	11	69	0.001	39.5
tr|A0A0B7JK74|A0A0B7JK74_9GAMM	GCF_001027285.1_WP_047859305.1	23.077	81	80	48	39	30	0	4	42	12	50	0.002	38.9
tr|A0A0B7JK74|A0A0B7JK74_9GAMM	GCF_005281475.1_WP_137401239.1	16.216	81	81	88	74	55	4	2	72	6	75	0.009	37.5
# PSIBLAST 2.13.0+
# Iteration: 8
# Query: tr|A0A0B7JK74|A0A0B7JK74_9GAMM Modulator of Rho-dependent transcription termination family protein OS=Photobacterium kishitanii OX=318456 GN=C0W70_11190 PE=4 SV=1
# Database: db/chosen-bacteria_proteome_exDup
# Fields: query id, subject id, % identity, query length, subject length, % query coverage per subject, alignment length, mismatches, gap opens, q. start, q. end, s. start, s. end, evalue, bit score
# 447 hits found
tr|A0A0B7JK74|A0A0B7JK74_9GAMM	GCF_002204915.1_WP_052690899.1	39.506	81	101	100	81	49	0	1	81	20	100	1.01e-29	106
tr|A0A0B7JK74|A0A0B7JK74_9GAMM	GCF_024347355.1_WP_105024956.1	46.914	81	83	100	81	43	0	1	81	1	81	1.32e-29	105
tr|A0A0B7JK74|A0A0B7JK74_9GAMM	GCF_008693605.1_WP_223849061.1	35.000	81	95	99	80	52	0	2	81	11	90	1.61e-29	105
tr|A0A0B7JK74|A0A0B7JK74_9GAMM	GCF_025402875.1_WP_011791024.1	27.500	81	90	99	80	58	0	1	80	6	85	1.86e-29	105
tr|A0A0B7JK74|A0A0B7JK74_9GAMM	GCF_004353845.1_WP_103770713.1	35.000	81	93	99	80	52	0	2	81	10	89	2.88e-29	105
tr|A0A0B7JK74|A0A0B7JK74_9GAMM	GCF_003812345.1_WP_121571778.1	35.000	81	94	99	80	52	0	2	81	10	89	3.44e-29	105
tr|A0A0B7JK74|A0A0B7JK74_9GAMM	GCF_009938225.1_WP_075649723.1	40.741	81	82	100	81	48	0	1	81	1	81	4.91e-29	104
tr|A0A0B7JK74|A0A0B7JK74_9GAMM	GCF_024971755.1_WP_259474826.1	25.000	81	88	99	80	60	0	1	80	6	85	9.30e-29	103
tr|A0A0B7JK74|A0A0B7JK74_9GAMM	GCF_024347475.1_WP_239840920.1	44.444	81	83	100	81	45	0	1	81	1	81	9.66e-29	103
tr|A0A0B7JK74|A0A0B7JK74_9GAMM	GCF_001597285.1_WP_061903727.1	30.769	81	92	96	78	54	0	3	80	8	85	2.11e-28	103
tr|A0A0B7JK74|A0A0B7JK74_9GAMM	GCF_000178875.2_WP_012197738.1	25.000	81	90	99	80	60	0	1	80	6	85	2.22e-28	103
tr|A0A0B7JK74|A0A0B7JK74_9GAMM	GCF_009938185.1_WP_162048373.1	44.444	81	82	100	81	45	0	1	81	1	81	2.48e-28	102
tr|A0A0B7JK74|A0A0B7JK74_9GAMM	GCF_022371215.1_WP_239718047.1	44.444	81	83	100	81	45	0	1	81	1	81	5.38e-28	101
tr|A0A0B7JK74|A0A0B7JK74_9GAMM	GCF_002355475.1_WP_004421315.1	29.487	81	91	96	78	55	0	3	80	9	86	2.18e-27	100
tr|A0A0B7JK74|A0A0B7JK74_9GAMM	GCF_011397855.1_WP_044414183.1	29.487	81	90	96	78	55	0	3	80	8	85	2.51e-27	100
tr|A0A0B7JK74|A0A0B7JK74_9GAMM	GCF_000733715.2_WP_017362912.1	29.487	81	90	96	78	55	0	3	80	8	85	2.87e-27	100
tr|A0A0B7JK74|A0A0B7JK74_9GAMM	GCF_014905115.1_WP_193151849.1	45.000	81	81	99	80	44	0	1	80	1	80	3.08e-27	 99
tr|A0A0B7JK74|A0A0B7JK74_9GAMM	GCF_013409125.2_WP_099525265.1	28.205	81	90	96	78	56	0	3	80	8	85	3.82e-27	99.7
tr|A0A0B7JK74|A0A0B7JK74_9GAMM	GCF_008693645.1_WP_137347870.1	28.750	81	89	99	80	57	0	2	81	10	89	3.87e-27	99.7
tr|A0A0B7JK74|A0A0B7JK74_9GAMM	GCF_024347595.1_WP_176681244.1	44.444	81	83	100	81	45	0	1	81	1	81	6.62e-27	99.1
tr|A0A0B7JK74|A0A0B7JK74_9GAMM	GCF_020097475.1_WP_000062318.1	28.205	81	86	96	78	51	2	2	79	10	82	6.71e-27	99.1
tr|A0A0B7JK74|A0A0B7JK74_9GAMM	GCF_001461805.1_WP_013367515.1	28.205	81	86	96	78	51	2	2	79	10	82	6.82e-27	99.1
tr|A0A0B7JK74|A0A0B7JK74_9GAMM	GCF_017167985.1_WP_093053415.1	29.487	81	92	96	78	55	0	3	80	8	85	6.97e-27	99.1
tr|A0A0B7JK74|A0A0B7JK74_9GAMM	GCF_001594225.2_WP_064379396.1	26.923	81	92	96	78	57	0	3	80	8	85	9.65e-27	98.9
tr|A0A0B7JK74|A0A0B7JK74_9GAMM	GCF_013200955.2_WP_173204463.1	27.848	81	91	98	79	57	0	2	80	8	86	1.08e-26	98.6
tr|A0A0B7JK74|A0A0B7JK74_9GAMM	GCF_008807375.1_WP_151138908.1	28.205	81	91	96	78	56	0	3	80	9	86	1.11e-26	98.6
tr|A0A0B7JK74|A0A0B7JK74_9GAMM	GCF_001518835.1_WP_059308693.1	26.923	81	86	96	78	52	2	2	79	10	82	1.16e-26	98.6
tr|A0A0B7JK74|A0A0B7JK74_9GAMM	GCF_021172065.1_WP_015965827.1	29.487	81	86	96	78	50	2	2	79	10	82	1.24e-26	98.6
tr|A0A0B7JK74|A0A0B7JK74_9GAMM	GCF_004684345.1_WP_135321947.1	30.380	81	93	98	79	55	0	2	80	10	88	1.32e-26	98.6
tr|A0A0B7JK74|A0A0B7JK74_9GAMM	GCF_000297075.2_WP_003461742.1	28.205	81	90	96	78	56	0	3	80	8	85	1.34e-26	98.6
tr|A0A0B7JK74|A0A0B7JK74_9GAMM	GCF_024205225.1_WP_195881696.1	26.923	81	90	96	78	57	0	3	80	8	85	1.52e-26	98.3
tr|A0A0B7JK74|A0A0B7JK74_9GAMM	GCF_024347635.1_WP_139683960.1	48.148	81	83	100	81	42	0	1	81	1	81	1.68e-26	98.0
tr|A0A0B7JK74|A0A0B7JK74_9GAMM	GCF_001708425.1_WP_055136127.1	25.641	81	94	96	78	58	0	3	80	8	85	2.03e-26	98.0
tr|A0A0B7JK74|A0A0B7JK74_9GAMM	GCF_001558415.2_WP_061055374.1	45.679	81	83	100	81	44	0	1	81	1	81	2.05e-26	97.7
tr|A0A0B7JK74|A0A0B7JK74_9GAMM	GCF_009036245.1_WP_025756830.1	26.923	81	86	96	78	52	2	2	79	10	82	2.07e-26	98.0
tr|A0A0B7JK74|A0A0B7JK74_9GAMM	GCF_019670125.1_WP_221076876.1	42.500	81	81	99	80	46	0	1	80	1	80	2.12e-26	97.7
tr|A0A0B7JK74|A0A0B7JK74_9GAMM	GCF_001995825.2_WP_017057338.1	49.383	81	83	100	81	41	0	1	81	1	81	2.22e-26	97.7
tr|A0A0B7JK74|A0A0B7JK74_9GAMM	GCF_008329985.2_WP_149283950.1	41.250	81	81	99	80	47	0	1	80	1	80	2.32e-26	97.7
tr|A0A0B7JK74|A0A0B7JK74_9GAMM	GCF_009938205.1_WP_075706454.1	48.148	81	82	100	81	42	0	1	81	1	81	2.39e-26	97.7
tr|A0A0B7JK74|A0A0B7JK74_9GAMM	GCF_024347455.1_WP_135458404.1	49.383	81	83	100	81	41	0	1	81	1	81	2.46e-26	97.7
tr|A0A0B7JK74|A0A0B7JK74_9GAMM	GCF_000006925.2_NP_706134.1	26.923	81	86	96	78	52	2	2	79	10	82	2.55e-26	97.7
tr|A0A0B7JK74|A0A0B7JK74_9GAMM	GCF_016904755.1_WP_059234959.1	26.923	81	86	96	78	52	2	2	79	10	82	2.68e-26	97.7
tr|A0A0B7JK74|A0A0B7JK74_9GAMM	GCF_008369605.1_WP_000253074.1	45.679	81	81	100	81	44	0	1	81	1	81	2.96e-26	97.5
tr|A0A0B7JK74|A0A0B7JK74_9GAMM	GCF_000091465.1_WP_004733849.1	49.383	81	83	100	81	41	0	1	81	1	81	3.07e-26	97.5
tr|A0A0B7JK74|A0A0B7JK74_9GAMM	GCF_002214395.1_WP_010453422.1	40.000	81	81	99	80	48	0	1	80	1	80	3.18e-26	97.2
tr|A0A0B7JK74|A0A0B7JK74_9GAMM	GCF_003957745.1_WP_126168493.1	24.051	81	87	98	79	60	0	2	80	7	85	3.68e-26	97.2
tr|A0A0B7JK74|A0A0B7JK74_9GAMM	GCF_009176645.1_WP_152083529.1	26.923	81	86	96	78	52	2	2	79	10	82	3.76e-26	97.2
tr|A0A0B7JK74|A0A0B7JK74_9GAMM	GCF_001683395.1_WP_017458015.1	26.923	81	86	96	78	52	2	2	79	10	82	3.95e-26	97.2
tr|A0A0B7JK74|A0A0B7JK74_9GAMM	GCF_003594935.2_WP_006173581.1	26.923	81	86	96	78	52	2	2	79	10	82	4.24e-26	97.2
tr|A0A0B7JK74|A0A0B7JK74_9GAMM	GCF_000005845.2_NP_414731.2	26.923	81	84	96	78	52	2	2	79	8	80	5.15e-26	96.9
tr|A0A0B7JK74|A0A0B7JK74_9GAMM	GCF_024494545.1_WP_256384876.1	77.778	81	81	100	81	18	0	1	81	1	81	6.16e-26	96.6
tr|A0A0B7JK74|A0A0B7JK74_9GAMM	GCF_001022135.1_WP_039078449.1	28.205	81	86	96	78	51	2	2	79	10	82	6.36e-26	96.6
tr|A0A0B7JK74|A0A0B7JK74_9GAMM	GCF_002407485.1_WP_096780111.1	46.250	81	81	99	80	43	0	1	80	1	80	6.46e-26	96.6
tr|A0A0B7JK74|A0A0B7JK74_9GAMM	GCF_001831495.1_WP_068547707.1	50.617	81	81	100	81	40	0	1	81	1	81	7.22e-26	96.3
tr|A0A0B7JK74|A0A0B7JK74_9GAMM	GCF_006742785.1_WP_172630283.1	31.646	81	88	98	79	54	0	2	80	5	83	8.85e-26	96.3
tr|A0A0B7JK74|A0A0B7JK74_9GAMM	GCF_009068765.1_WP_151900329.1	47.500	81	81	99	80	42	0	1	80	1	80	9.53e-26	96.0
tr|A0A0B7JK74|A0A0B7JK74_9GAMM	GCF_001658025.2_WP_007373243.1	28.205	81	86	96	78	51	2	2	79	10	82	9.54e-26	96.3
tr|A0A0B7JK74|A0A0B7JK74_9GAMM	GCF_017167985.1_WP_079784061.1	30.769	81	90	96	78	54	0	3	80	8	85	1.03e-25	96.3
tr|A0A0B7JK74|A0A0B7JK74_9GAMM	GCF_019048625.1_WP_023305471.1	26.923	81	86	96	78	52	2	2	79	10	82	1.05e-25	96.0
tr|A0A0B7JK74|A0A0B7JK74_9GAMM	GCF_001558255.2_WP_005504861.1	45.679	81	82	99	81	43	1	1	80	1	81	1.14e-25	96.0
tr|A0A0B7JK74|A0A0B7JK74_9GAMM	GCF_004684345.1_WP_135323069.1	26.923	81	86	96	78	52	2	2	79	10	82	1.18e-25	96.0
tr|A0A0B7JK74|A0A0B7JK74_9GAMM	GCF_014879975.1_WP_192888672.1	45.679	81	83	100	81	44	0	1	81	1	81	1.21e-25	95.8
tr|A0A0B7JK74|A0A0B7JK74_9GAMM	GCF_001007875.1_WP_046858354.1	46.250	81	80	99	80	43	0	1	80	1	80	1.22e-25	95.8
tr|A0A0B7JK74|A0A0B7JK74_9GAMM	GCF_024347035.1_WP_102941394.1	40.000	81	81	99	80	48	0	1	80	1	80	1.24e-25	95.8
tr|A0A0B7JK74|A0A0B7JK74_9GAMM	GCF_023195735.1_WP_035891978.1	28.205	81	86	96	78	51	2	2	79	10	82	1.34e-25	95.8
tr|A0A0B7JK74|A0A0B7JK74_9GAMM	GCF_000224675.1_WP_010426685.1	26.923	81	86	96	78	52	2	2	79	10	82	1.41e-25	95.8
tr|A0A0B7JK74|A0A0B7JK74_9GAMM	GCF_003812345.1_WP_003018503.1	26.923	81	86	96	78	52	2	2	79	10	82	1.42e-25	95.8
tr|A0A0B7JK74|A0A0B7JK74_9GAMM	GCF_900682675.2_WP_069898892.1	30.769	81	94	96	78	54	0	3	80	8	85	1.49e-25	95.8
tr|A0A0B7JK74|A0A0B7JK74_9GAMM	GCF_015137655.1_WP_028015593.1	26.923	81	86	96	78	52	2	2	79	10	82	1.56e-25	95.8
tr|A0A0B7JK74|A0A0B7JK74_9GAMM	GCF_027886705.1_WP_061497537.1	26.923	81	86	96	78	52	2	2	79	10	82	1.57e-25	95.8
tr|A0A0B7JK74|A0A0B7JK74_9GAMM	GCF_007632255.1_WP_015368146.1	26.923	81	86	96	78	52	2	2	79	10	82	1.62e-25	95.5
tr|A0A0B7JK74|A0A0B7JK74_9GAMM	GCF_900638065.1_WP_048212636.1	26.923	81	86	96	78	52	2	2	79	10	82	1.64e-25	95.5
tr|A0A0B7JK74|A0A0B7JK74_9GAMM	GCF_019670105.1_WP_040307707.1	43.750	81	81	99	80	45	0	1	80	1	80	1.87e-25	95.5
tr|A0A0B7JK74|A0A0B7JK74_9GAMM	GCF_024362845.1_WP_255230807.1	40.000	81	82	99	80	48	0	1	80	1	80	1.88e-25	95.5
tr|A0A0B7JK74|A0A0B7JK74_9GAMM	GCF_004353845.1_WP_103768334.1	25.641	81	86	96	78	53	2	2	79	10	82	1.90e-25	95.5
tr|A0A0B7JK74|A0A0B7JK74_9GAMM	GCF_001729805.1_WP_008501890.1	26.923	81	86	96	78	52	2	2	79	10	82	1.90e-25	95.5
tr|A0A0B7JK74|A0A0B7JK74_9GAMM	GCF_001750725.1_WP_014168720.1	26.923	81	86	96	78	52	2	2	79	10	82	1.98e-25	95.5
tr|A0A0B7JK74|A0A0B7JK74_9GAMM	GCF_000009145.1_WP_041356315.1	33.750	81	90	99	80	53	0	1	80	5	84	2.15e-25	95.5
tr|A0A0B7JK74|A0A0B7JK74_9GAMM	GCF_009649915.1_WP_062772223.1	28.205	81	86	96	78	51	2	2	79	10	82	2.18e-25	95.2
tr|A0A0B7JK74|A0A0B7JK74_9GAMM	GCF_000214665.1_WP_013819542.1	39.241	81	83	98	79	47	1	2	80	6	83	2.26e-25	95.2
tr|A0A0B7JK74|A0A0B7JK74_9GAMM	GCF_025914095.1_WP_031518416.1	25.641	81	86	96	78	53	2	2	79	10	82	2.40e-25	95.2
tr|A0A0B7JK74|A0A0B7JK74_9GAMM	GCF_009363135.1_WP_090122691.1	29.487	81	86	96	78	50	2	2	79	10	82	2.44e-25	95.2
tr|A0A0B7JK74|A0A0B7JK74_9GAMM	GCF_021278985.1_WP_012904575.1	26.923	81	86	96	78	52	2	2	79	10	82	2.47e-25	95.2
tr|A0A0B7JK74|A0A0B7JK74_9GAMM	GCF_002215585.1_WP_088903590.1	23.077	81	89	96	78	59	1	1	78	6	82	2.53e-25	95.2
tr|A0A0B7JK74|A0A0B7JK74_9GAMM	GCF_018128425.1_WP_042289833.1	26.923	81	86	96	78	52	2	2	79	10	82	2.68e-25	94.9
tr|A0A0B7JK74|A0A0B7JK74_9GAMM	GCF_024582835.1_WP_257083279.1	45.000	81	87	99	80	44	0	1	80	1	80	2.73e-25	94.9
tr|A0A0B7JK74|A0A0B7JK74_9GAMM	GCF_019047765.1_WP_040231149.1	30.000	81	89	99	80	56	0	2	81	10	89	3.34e-25	94.9
tr|A0A0B7JK74|A0A0B7JK74_9GAMM	GCF_001277255.1_WP_007666633.1	26.923	81	86	96	78	52	2	2	79	10	82	3.43e-25	94.6
tr|A0A0B7JK74|A0A0B7JK74_9GAMM	GCF_002393445.1_WP_061273728.1	28.205	81	86	96	78	51	2	2	79	10	82	4.08e-25	94.6
tr|A0A0B7JK74|A0A0B7JK74_9GAMM	GCF_024347655.1_WP_060467732.1	45.000	81	83	99	80	44	0	1	80	1	80	4.22e-25	94.4
tr|A0A0B7JK74|A0A0B7JK74_9GAMM	GCF_020079945.1_WP_039382769.1	23.077	81	87	96	78	55	2	2	79	10	82	4.32e-25	94.6
tr|A0A0B7JK74|A0A0B7JK74_9GAMM	GCF_017354925.1_WP_207321174.1	21.250	81	87	99	80	63	0	2	81	7	86	4.36e-25	94.6
tr|A0A0B7JK74|A0A0B7JK74_9GAMM	GCF_003935895.2_WP_110510858.1	25.641	81	86	96	78	53	2	2	79	10	82	4.42e-25	94.4
tr|A0A0B7JK74|A0A0B7JK74_9GAMM	GCF_001558935.2_WP_042323659.1	26.923	81	86	96	78	52	2	2	79	10	82	4.56e-25	94.4
tr|A0A0B7JK74|A0A0B7JK74_9GAMM	GCF_017354965.1_WP_207380278.1	21.250	81	87	99	80	63	0	2	81	7	86	5.90e-25	94.1
tr|A0A0B7JK74|A0A0B7JK74_9GAMM	GCF_009648935.1_WP_047417117.1	25.641	81	86	96	78	53	2	2	79	10	82	6.90e-25	94.1
tr|A0A0B7JK74|A0A0B7JK74_9GAMM	GCF_012767755.2_WP_173171843.1	28.205	81	90	96	78	56	0	3	80	8	85	7.18e-25	94.1
tr|A0A0B7JK74|A0A0B7JK74_9GAMM	GCF_000015245.1_WP_011761423.1	20.253	81	86	98	79	63	0	2	80	7	85	7.29e-25	94.1
tr|A0A0B7JK74|A0A0B7JK74_9GAMM	GCF_001277215.2_WP_007776988.1	26.923	81	86	96	78	52	2	2	79	10	82	7.77e-25	93.8
tr|A0A0B7JK74|A0A0B7JK74_9GAMM	GCF_001277195.1_WP_032966924.1	26.923	81	86	96	78	52	2	2	79	10	82	8.02e-25	93.8
tr|A0A0B7JK74|A0A0B7JK74_9GAMM	GCF_001277175.1_WP_007760020.1	28.205	81	86	96	78	51	2	2	79	10	82	8.15e-25	93.8
tr|A0A0B7JK74|A0A0B7JK74_9GAMM	GCF_016834455.1_WP_203325205.1	21.519	81	86	98	79	62	0	2	80	7	85	8.21e-25	93.8
tr|A0A0B7JK74|A0A0B7JK74_9GAMM	GCF_024224615.1_WP_125293588.1	26.923	81	86	96	78	52	2	2	79	10	82	8.55e-25	93.8
tr|A0A0B7JK74|A0A0B7JK74_9GAMM	GCF_001456255.1_WP_020335096.1	37.500	81	81	99	80	50	0	1	80	1	80	8.61e-25	93.8
tr|A0A0B7JK74|A0A0B7JK74_9GAMM	GCF_012767755.2_WP_173176508.1	24.675	81	91	95	77	55	1	4	80	9	82	8.64e-25	93.8
tr|A0A0B7JK74|A0A0B7JK74_9GAMM	GCF_022637515.1_WP_064539750.1	26.923	81	86	96	78	52	2	2	79	10	82	8.89e-25	93.8
tr|A0A0B7JK74|A0A0B7JK74_9GAMM	GCF_002953195.1_WP_038628016.1	21.795	81	87	96	78	56	2	2	79	10	82	9.27e-25	93.8
tr|A0A0B7JK74|A0A0B7JK74_9GAMM	GCF_000240185.1_YP_005225236.1	26.923	81	86	96	78	52	2	2	79	10	82	1.03e-24	93.5
tr|A0A0B7JK74|A0A0B7JK74_9GAMM	GCF_013234275.1_WP_172895488.1	28.205	81	86	96	78	51	2	2	79	10	82	1.17e-24	93.5
tr|A0A0B7JK74|A0A0B7JK74_9GAMM	GCF_000439255.1_WP_000062328.1	29.487	81	86	96	78	50	2	2	79	10	82	1.18e-24	93.5
tr|A0A0B7JK74|A0A0B7JK74_9GAMM	GCF_001007935.1_WP_046849946.1	32.500	81	84	99	80	54	0	1	80	5	84	1.28e-24	93.2
tr|A0A0B7JK74|A0A0B7JK74_9GAMM	GCF_000024825.1_WP_005460845.1	39.506	81	81	100	81	49	0	1	81	1	81	1.29e-24	93.2
tr|A0A0B7JK74|A0A0B7JK74_9GAMM	GCF_000770115.1_WP_069687890.1	41.250	81	81	99	80	47	0	1	80	1	80	1.33e-24	93.2
tr|A0A0B7JK74|A0A0B7JK74_9GAMM	GCF_025758125.1_WP_023480196.1	26.923	81	86	96	78	52	2	2	79	10	82	1.34e-24	93.2
tr|A0A0B7JK74|A0A0B7JK74_9GAMM	GCF_004328865.1_WP_104643907.1	46.250	81	83	99	80	43	0	1	80	1	80	1.35e-24	93.2
tr|A0A0B7JK74|A0A0B7JK74_9GAMM	GCF_017329545.1_WP_047884589.1	28.205	81	95	96	78	56	0	2	79	8	85	1.44e-24	93.2
tr|A0A0B7JK74|A0A0B7JK74_9GAMM	GCF_003261575.2_WP_110272453.1	28.205	81	86	96	78	51	2	2	79	10	82	1.49e-24	93.2
tr|A0A0B7JK74|A0A0B7JK74_9GAMM	GCF_017915135.1_WP_210390879.1	26.923	81	90	96	78	57	0	3	80	8	85	1.60e-24	93.2
tr|A0A0B7JK74|A0A0B7JK74_9GAMM	GCF_900635955.1_WP_126357486.1	28.205	81	86	96	78	51	2	2	79	10	82	1.67e-24	93.0
tr|A0A0B7JK74|A0A0B7JK74_9GAMM	GCF_000233595.1_WP_013024706.1	23.077	81	86	96	78	55	2	2	79	10	82	1.88e-24	93.0
tr|A0A0B7JK74|A0A0B7JK74_9GAMM	GCF_000018045.1_WP_024130681.1	26.923	81	86	96	78	52	2	2	79	10	82	1.89e-24	93.0
tr|A0A0B7JK74|A0A0B7JK74_9GAMM	GCF_003812925.1_WP_004107903.1	26.923	81	86	96	78	52	2	2	79	10	82	1.95e-24	93.0
tr|A0A0B7JK74|A0A0B7JK74_9GAMM	GCF_019670705.1_WP_100146025.1	20.253	81	92	98	79	63	0	2	80	7	85	2.01e-24	93.0
tr|A0A0B7JK74|A0A0B7JK74_9GAMM	GCF_018139045.1_WP_004129134.1	28.205	81	86	96	78	51	2	2	79	10	82	2.06e-24	92.7
tr|A0A0B7JK74|A0A0B7JK74_9GAMM	GCF_021276285.1_WP_095923198.1	25.641	81	86	96	78	53	2	2	79	10	82	2.08e-24	92.7
tr|A0A0B7JK74|A0A0B7JK74_9GAMM	GCF_003019925.1_WP_162185254.1	28.205	81	86	96	78	51	2	2	79	10	82	2.17e-24	92.7
tr|A0A0B7JK74|A0A0B7JK74_9GAMM	GCF_024347495.1_WP_137371745.1	42.500	81	80	99	80	46	0	1	80	1	80	2.21e-24	92.7
tr|A0A0B7JK74|A0A0B7JK74_9GAMM	GCF_011068345.1_WP_002436992.1	26.923	81	86	96	78	52	2	2	79	10	82	2.29e-24	92.7
tr|A0A0B7JK74|A0A0B7JK74_9GAMM	GCF_012029655.1_WP_041144145.1	26.923	81	86	96	78	52	2	2	79	10	82	2.31e-24	92.7
tr|A0A0B7JK74|A0A0B7JK74_9GAMM	GCF_006711645.1_WP_100682484.1	28.205	81	86	96	78	51	2	2	79	10	82	2.42e-24	92.7
tr|A0A0B7JK74|A0A0B7JK74_9GAMM	GCF_000834395.1_WP_042546713.1	26.923	81	86	96	78	52	2	2	79	10	82	2.46e-24	92.7
tr|A0A0B7JK74|A0A0B7JK74_9GAMM	GCF_002163605.1_WP_157665988.1	27.848	81	86	98	79	52	2	2	80	10	83	2.54e-24	92.7
tr|A0A0B7JK74|A0A0B7JK74_9GAMM	GCF_022637475.1_WP_013574214.1	24.359	81	86	96	78	54	2	2	79	10	82	2.56e-24	92.7
tr|A0A0B7JK74|A0A0B7JK74_9GAMM	GCF_004124235.1_WP_025377303.1	26.923	81	86	96	78	52	2	2	79	10	82	2.58e-24	92.7
tr|A0A0B7JK74|A0A0B7JK74_9GAMM	GCF_019890955.1_WP_211725887.1	23.077	81	87	96	78	55	2	2	79	10	82	2.60e-24	92.7
tr|A0A0B7JK74|A0A0B7JK74_9GAMM	GCF_002101395.1_WP_085067900.1	21.795	81	87	96	78	56	2	2	79	10	82	2.69e-24	92.4
tr|A0A0B7JK74|A0A0B7JK74_9GAMM	GCF_005877035.1_WP_039486662.1	49.383	81	83	100	81	41	0	1	81	1	81	2.71e-24	92.4
tr|A0A0B7JK74|A0A0B7JK74_9GAMM	GCF_022637595.1_WP_004858152.1	28.205	81	86	96	78	51	2	2	79	10	82	2.93e-24	92.4
tr|A0A0B7JK74|A0A0B7JK74_9GAMM	GCF_009730655.1_WP_156020461.1	20.253	81	92	98	79	63	0	2	80	7	85	2.97e-24	92.4
tr|A0A0B7JK74|A0A0B7JK74_9GAMM	GCF_015139575.1_WP_004098776.1	26.923	81	86	96	78	52	2	2	79	10	82	3.02e-24	92.4
tr|A0A0B7JK74|A0A0B7JK74_9GAMM	GCF_013282725.1_WP_032813813.1	25.641	81	86	96	78	53	2	2	79	10	82	3.02e-24	92.4
tr|A0A0B7JK74|A0A0B7JK74_9GAMM	GCF_000772105.1_WP_004748349.1	41.250	81	81	99	80	47	0	1	80	1	80	3.27e-24	92.1
tr|A0A0B7JK74|A0A0B7JK74_9GAMM	GCF_002906475.1_WP_012130247.1	40.000	81	81	99	80	48	0	1	80	1	80	3.30e-24	92.1
tr|A0A0B7JK74|A0A0B7JK74_9GAMM	GCF_900233005.1_WP_102521318.1	39.506	81	81	100	81	49	0	1	81	1	81	3.46e-24	92.1
tr|A0A0B7JK74|A0A0B7JK74_9GAMM	GCF_000006945.2_NP_459242.1	29.487	81	86	96	78	50	2	2	79	10	82	3.49e-24	92.1
tr|A0A0B7JK74|A0A0B7JK74_9GAMM	GCF_023517775.1_WP_249893541.1	21.795	81	87	96	78	56	2	2	79	10	82	3.49e-24	92.1
tr|A0A0B7JK74|A0A0B7JK74_9GAMM	GCF_011617105.1_WP_025800203.1	24.675	81	86	95	77	53	2	2	78	10	81	3.54e-24	92.1
tr|A0A0B7JK74|A0A0B7JK74_9GAMM	GCF_000222975.1_WP_002218374.1	26.923	81	86	96	78	52	2	2	79	10	82	3.54e-24	92.1
tr|A0A0B7JK74|A0A0B7JK74_9GAMM	GCF_009914055.1_WP_160619715.1	23.077	81	87	96	78	55	2	2	79	10	82	3.61e-24	92.1
tr|A0A0B7JK74|A0A0B7JK74_9GAMM	GCF_000026185.1_WP_012440659.1	24.359	81	87	96	78	54	2	2	79	10	82	3.84e-24	92.1
tr|A0A0B7JK74|A0A0B7JK74_9GAMM	GCF_002355475.1_WP_003455993.1	26.923	81	90	96	78	57	0	3	80	6	83	4.79e-24	91.8
tr|A0A0B7JK74|A0A0B7JK74_9GAMM	GCF_019669905.1_WP_054759186.1	34.177	81	79	98	79	48	1	2	80	5	79	5.30e-24	91.5
tr|A0A0B7JK74|A0A0B7JK74_9GAMM	GCF_002021755.1_WP_005434844.1	40.000	81	81	99	80	48	0	1	80	1	80	5.40e-24	91.5
tr|A0A0B7JK74|A0A0B7JK74_9GAMM	GCF_000834455.1_WP_032817050.1	26.923	81	86	96	78	52	2	2	79	10	82	5.62e-24	91.5
tr|A0A0B7JK74|A0A0B7JK74_9GAMM	GCF_003258315.1_WP_111337788.1	28.750	81	88	99	80	57	0	1	80	5	84	7.05e-24	91.5
tr|A0A0B7JK74|A0A0B7JK74_9GAMM	GCF_019670485.1_WP_221071211.1	40.000	81	81	99	80	48	0	1	80	1	80	7.30e-24	91.3
tr|A0A0B7JK74|A0A0B7JK74_9GAMM	GCF_003668795.1_WP_054981706.1	41.250	81	83	99	80	47	0	1	80	1	80	7.32e-24	91.3
tr|A0A0B7JK74|A0A0B7JK74_9GAMM	GCF_009363415.1_WP_152430616.1	41.975	81	84	100	81	47	0	1	81	1	81	8.13e-24	91.3
tr|A0A0B7JK74|A0A0B7JK74_9GAMM	GCF_011044475.1_WP_033740322.1	23.077	81	86	96	78	55	2	2	79	10	82	8.84e-24	91.3
tr|A0A0B7JK74|A0A0B7JK74_9GAMM	GCF_000238395.3_WP_010553578.1	48.750	81	83	99	80	41	0	1	80	1	80	9.52e-24	91.0
tr|A0A0B7JK74|A0A0B7JK74_9GAMM	GCF_000010085.1_WP_011411656.1	26.923	81	86	96	78	52	2	2	79	10	82	1.05e-23	91.0
tr|A0A0B7JK74|A0A0B7JK74_9GAMM	GCF_002221525.1_WP_089349457.1	41.250	81	83	99	80	47	0	1	80	1	80	1.10e-23	91.0
tr|A0A0B7JK74|A0A0B7JK74_9GAMM	GCF_009730055.1_WP_032906500.1	26.923	81	86	96	78	52	2	2	79	10	82	1.12e-23	91.0
tr|A0A0B7JK74|A0A0B7JK74_9GAMM	GCF_019797845.1_WP_222158377.1	23.077	81	86	96	78	55	2	2	79	10	82	1.17e-23	91.0
tr|A0A0B7JK74|A0A0B7JK74_9GAMM	GCF_900095885.1_WP_035340381.1	25.641	81	86	96	78	53	2	2	79	10	82	1.20e-23	91.0
tr|A0A0B7JK74|A0A0B7JK74_9GAMM	GCF_000148645.1_WP_013347076.1	42.308	81	80	96	78	45	0	4	81	3	80	1.25e-23	90.7
tr|A0A0B7JK74|A0A0B7JK74_9GAMM	GCF_000025065.1_WP_012883679.1	24.359	81	86	96	78	54	2	2	79	10	82	1.25e-23	90.7
tr|A0A0B7JK74|A0A0B7JK74_9GAMM	GCF_012427845.1_WP_012773648.1	20.513	81	86	96	78	57	2	2	79	10	82	1.29e-23	90.7
tr|A0A0B7JK74|A0A0B7JK74_9GAMM	GCF_000517425.1_WP_025421126.1	26.923	81	86	96	78	52	2	2	79	10	82	1.37e-23	90.7
tr|A0A0B7JK74|A0A0B7JK74_9GAMM	GCF_022647505.1_WP_128179458.1	20.513	81	87	96	78	57	2	2	79	10	82	1.38e-23	90.7
tr|A0A0B7JK74|A0A0B7JK74_9GAMM	GCF_020683125.1_WP_133842177.1	24.359	81	88	96	78	54	2	2	79	11	83	1.40e-23	90.7
tr|A0A0B7JK74|A0A0B7JK74_9GAMM	GCF_002288545.1_WP_029367608.1	20.513	81	86	96	78	57	2	2	79	10	82	1.81e-23	90.4
tr|A0A0B7JK74|A0A0B7JK74_9GAMM	GCF_025133195.1_WP_032910235.1	26.923	81	86	96	78	52	2	2	79	10	82	1.86e-23	90.4
tr|A0A0B7JK74|A0A0B7JK74_9GAMM	GCF_000264765.2_WP_034163237.1	25.316	81	86	98	79	54	2	2	80	10	83	1.86e-23	90.4
tr|A0A0B7JK74|A0A0B7JK74_9GAMM	GCF_024360925.2_WP_255188929.1	36.709	81	83	98	79	49	1	2	80	6	83	1.90e-23	90.1
tr|A0A0B7JK74|A0A0B7JK74_9GAMM	GCF_001999225.1_WP_077537996.1	46.250	81	82	99	80	43	0	1	80	1	80	1.94e-23	90.1
tr|A0A0B7JK74|A0A0B7JK74_9GAMM	GCF_014524625.1_WP_009050814.1	29.487	81	92	96	78	55	0	3	80	8	85	2.47e-23	90.1
tr|A0A0B7JK74|A0A0B7JK74_9GAMM	GCF_020150375.1_WP_004094310.1	24.675	81	86	95	77	53	2	2	78	10	81	2.56e-23	90.1
tr|A0A0B7JK74|A0A0B7JK74_9GAMM	GCF_007858975.2_WP_042869176.1	23.077	81	86	96	78	55	2	2	79	10	82	2.67e-23	89.9
tr|A0A0B7JK74|A0A0B7JK74_9GAMM	GCF_008807375.1_WP_151133519.1	26.923	81	90	96	78	57	0	3	80	6	83	2.73e-23	90.1
tr|A0A0B7JK74|A0A0B7JK74_9GAMM	GCF_000023565.1_WP_012770818.1	23.077	81	86	96	78	55	2	2	79	10	82	2.89e-23	89.9
tr|A0A0B7JK74|A0A0B7JK74_9GAMM	GCF_019844095.1_WP_062747070.1	24.359	81	88	96	78	54	2	2	79	11	83	2.92e-23	89.9
tr|A0A0B7JK74|A0A0B7JK74_9GAMM	GCF_002005305.1_WP_077753428.1	25.926	81	86	100	81	60	0	1	81	6	86	3.00e-23	89.9
tr|A0A0B7JK74|A0A0B7JK74_9GAMM	GCF_021029445.1_WP_230924827.1	29.487	81	89	96	78	54	1	3	80	8	84	3.51e-23	89.6
tr|A0A0B7JK74|A0A0B7JK74_9GAMM	GCF_020342335.1_WP_067428135.1	23.077	81	87	96	78	55	2	2	79	10	82	3.53e-23	89.6
tr|A0A0B7JK74|A0A0B7JK74_9GAMM	GCF_020181655.1_WP_225087160.1	19.231	81	86	96	78	58	2	2	79	10	82	3.58e-23	89.6
tr|A0A0B7JK74|A0A0B7JK74_9GAMM	GCF_021733145.1_WP_012847629.1	26.582	81	86	98	79	53	2	2	80	10	83	3.61e-23	89.6
tr|A0A0B7JK74|A0A0B7JK74_9GAMM	GCF_000196615.1_WP_013200864.1	23.077	81	87	96	78	55	2	2	79	10	82	3.61e-23	89.6
tr|A0A0B7JK74|A0A0B7JK74_9GAMM	GCF_000520015.2_WP_024910172.1	30.769	81	87	96	78	49	2	2	79	10	82	3.79e-23	89.6
tr|A0A0B7JK74|A0A0B7JK74_9GAMM	GCF_024347675.1_WP_261835500.1	37.037	81	81	100	81	51	0	1	81	1	81	3.81e-23	89.6
tr|A0A0B7JK74|A0A0B7JK74_9GAMM	GCF_017498685.1_WP_038245151.1	25.641	81	86	96	78	53	2	2	79	10	82	3.97e-23	89.6
tr|A0A0B7JK74|A0A0B7JK74_9GAMM	GCF_009873295.1_WP_039312412.1	20.513	81	86	96	78	57	2	2	79	10	82	3.97e-23	89.6
tr|A0A0B7JK74|A0A0B7JK74_9GAMM	GCF_005484945.1_WP_137712817.1	20.513	81	86	96	78	57	2	2	79	10	82	4.06e-23	89.6
tr|A0A0B7JK74|A0A0B7JK74_9GAMM	GCF_019977755.1_WP_126608378.1	37.209	81	103	99	86	48	1	1	80	15	100	4.80e-23	89.6
tr|A0A0B7JK74|A0A0B7JK74_9GAMM	GCF_000019525.1_WP_012323084.1	32.500	81	81	99	80	54	0	1	80	1	80	5.11e-23	89.0
tr|A0A0B7JK74|A0A0B7JK74_9GAMM	GCF_000968535.2_WP_014147785.1	33.750	81	84	99	80	52	1	2	81	6	84	5.70e-23	89.0
tr|A0A0B7JK74|A0A0B7JK74_9GAMM	GCF_009931295.1_WP_161528353.1	20.513	81	86	96	78	57	2	2	79	10	82	6.14e-23	89.0
tr|A0A0B7JK74|A0A0B7JK74_9GAMM	GCF_004792415.1_WP_013356856.1	23.077	81	86	96	78	55	2	2	79	10	82	6.49e-23	89.0
tr|A0A0B7JK74|A0A0B7JK74_9GAMM	GCF_003515985.1_WP_085653101.1	23.077	81	86	96	78	55	2	2	79	10	82	6.92e-23	89.0
tr|A0A0B7JK74|A0A0B7JK74_9GAMM	GCF_015999465.1_WP_085688159.1	21.795	81	86	96	78	56	2	2	79	10	82	8.11e-23	88.7
tr|A0A0B7JK74|A0A0B7JK74_9GAMM	GCF_013423785.1_WP_180308358.1	27.848	81	88	98	79	56	1	2	80	10	87	8.40e-23	88.7
tr|A0A0B7JK74|A0A0B7JK74_9GAMM	GCF_000196475.1_WP_012776850.1	26.250	81	88	99	80	54	2	2	81	10	84	8.54e-23	88.7
tr|A0A0B7JK74|A0A0B7JK74_9GAMM	GCF_000740965.1_WP_011092648.1	20.513	81	86	96	78	57	2	2	79	10	82	9.36e-23	88.5
tr|A0A0B7JK74|A0A0B7JK74_9GAMM	GCF_016026735.1_WP_015673540.1	30.769	81	87	96	78	49	2	2	79	10	82	9.91e-23	88.5
tr|A0A0B7JK74|A0A0B7JK74_9GAMM	GCF_002887615.1_WP_038869703.1	37.500	81	81	99	80	50	0	1	80	1	80	9.97e-23	88.5
tr|A0A0B7JK74|A0A0B7JK74_9GAMM	GCF_017569925.1_WP_208228065.1	21.795	81	86	96	78	56	2	2	79	10	82	1.02e-22	88.5
tr|A0A0B7JK74|A0A0B7JK74_9GAMM	GCF_902387845.1_WP_004237241.1	25.316	81	88	98	79	54	2	2	80	10	83	1.06e-22	88.5
tr|A0A0B7JK74|A0A0B7JK74_9GAMM	GCF_001642805.2_WP_004931991.1	32.051	81	87	96	78	48	2	2	79	10	82	1.15e-22	88.5
tr|A0A0B7JK74|A0A0B7JK74_9GAMM	GCF_000023545.1_WP_015854637.1	20.513	81	86	96	78	57	2	2	79	10	82	1.20e-22	88.2
tr|A0A0B7JK74|A0A0B7JK74_9GAMM	GCF_019090985.1_WP_036781226.1	25.000	81	88	99	80	55	2	2	81	10	84	1.40e-22	88.2
tr|A0A0B7JK74|A0A0B7JK74_9GAMM	GCF_002812485.1_WP_038661467.1	23.077	81	86	96	78	55	2	2	79	10	82	1.43e-22	88.2
tr|A0A0B7JK74|A0A0B7JK74_9GAMM	GCF_008931805.1_WP_019441510.1	42.500	81	81	99	80	46	0	1	80	1	80	1.46e-22	87.9
tr|A0A0B7JK74|A0A0B7JK74_9GAMM	GCF_013460135.1_WP_180816665.1	26.582	81	88	98	79	53	2	2	80	10	83	1.54e-22	88.2
tr|A0A0B7JK74|A0A0B7JK74_9GAMM	GCF_021462285.1_WP_234585968.1	30.769	81	87	96	78	49	2	2	79	10	82	1.55e-22	88.2
tr|A0A0B7JK74|A0A0B7JK74_9GAMM	GCF_000262305.1_WP_002441069.1	26.923	81	86	96	78	52	2	2	79	10	82	1.78e-22	87.9
tr|A0A0B7JK74|A0A0B7JK74_9GAMM	GCF_000091565.1_WP_004159420.1	23.077	81	87	96	78	55	2	2	79	10	82	1.89e-22	87.9
tr|A0A0B7JK74|A0A0B7JK74_9GAMM	GCF_009817885.1_WP_105232289.1	30.769	81	87	96	78	49	2	2	79	10	82	2.03e-22	87.6
tr|A0A0B7JK74|A0A0B7JK74_9GAMM	GCF_001742185.1_WP_005975933.1	20.513	81	86	96	78	57	2	2	79	10	82	2.04e-22	87.6
tr|A0A0B7JK74|A0A0B7JK74_9GAMM	GCF_001431725.1_WP_021820278.1	38.272	81	81	100	81	50	0	1	81	1	81	2.10e-22	87.6
tr|A0A0B7JK74|A0A0B7JK74_9GAMM	GCF_004768525.1_WP_026822068.1	26.582	81	88	98	79	53	2	2	80	10	83	2.13e-22	87.6
tr|A0A0B7JK74|A0A0B7JK74_9GAMM	GCF_002291445.1_WP_048635886.1	21.795	81	86	96	78	56	2	2	79	10	82	2.37e-22	87.6
tr|A0A0B7JK74|A0A0B7JK74_9GAMM	GCF_020268605.1_WP_180560445.1	26.582	81	88	98	79	53	2	2	80	10	83	2.44e-22	87.6
tr|A0A0B7JK74|A0A0B7JK74_9GAMM	GCF_001010285.1_WP_046974061.1	23.750	81	88	99	80	56	2	2	81	10	84	2.97e-22	87.3
tr|A0A0B7JK74|A0A0B7JK74_9GAMM	GCF_900187015.1_WP_061796701.1	29.487	81	87	96	78	50	2	2	79	10	82	3.14e-22	87.3
tr|A0A0B7JK74|A0A0B7JK74_9GAMM	GCF_005931095.1_WP_017839868.1	33.750	81	84	99	80	52	1	2	81	6	84	3.22e-22	87.0
tr|A0A0B7JK74|A0A0B7JK74_9GAMM	GCF_000196155.1_WP_011145066.1	25.000	81	88	99	80	55	2	2	81	10	84	3.35e-22	87.3
tr|A0A0B7JK74|A0A0B7JK74_9GAMM	GCF_000147055.1_WP_022632468.1	23.077	81	86	96	78	55	2	2	79	10	82	3.47e-22	87.0
tr|A0A0B7JK74|A0A0B7JK74_9GAMM	GCF_024346675.1_WP_048897676.1	26.582	81	86	98	79	58	0	2	80	8	86	3.53e-22	87.0
tr|A0A0B7JK74|A0A0B7JK74_9GAMM	GCF_019048385.1_WP_062759648.1	23.077	81	86	96	78	55	2	2	79	10	82	3.64e-22	87.0
tr|A0A0B7JK74|A0A0B7JK74_9GAMM	GCF_000146165.2_WP_164925808.1	20.988	81	89	99	81	63	1	1	80	6	86	3.66e-22	87.0
tr|A0A0B7JK74|A0A0B7JK74_9GAMM	GCF_002504285.1_WP_005282992.1	24.051	81	86	98	79	55	2	2	80	10	83	3.70e-22	87.0
tr|A0A0B7JK74|A0A0B7JK74_9GAMM	GCF_006364355.1_WP_004727652.1	37.037	81	83	100	81	51	0	1	81	1	81	3.89e-22	87.0
tr|A0A0B7JK74|A0A0B7JK74_9GAMM	GCF_003403135.1_WP_024104894.1	23.077	81	86	96	78	55	2	2	79	10	82	4.40e-22	86.8
tr|A0A0B7JK74|A0A0B7JK74_9GAMM	GCF_000014885.1_WP_020912292.1	21.519	81	87	98	79	62	0	2	80	7	85	4.48e-22	86.8
tr|A0A0B7JK74|A0A0B7JK74_9GAMM	GCF_003992745.1_WP_014700896.1	21.795	81	86	96	78	56	2	2	79	10	82	4.51e-22	86.8
tr|A0A0B7JK74|A0A0B7JK74_9GAMM	GCF_000014765.1_WP_011633385.1	35.443	81	89	98	79	51	0	2	80	5	83	6.43e-22	86.5
tr|A0A0B7JK74|A0A0B7JK74_9GAMM	GCF_009646115.1_WP_008925644.1	23.077	81	86	96	78	55	2	2	79	10	82	7.09e-22	86.2
tr|A0A0B7JK74|A0A0B7JK74_9GAMM	GCF_000968195.1_WP_045972480.1	26.250	81	87	99	80	54	2	2	81	11	85	7.16e-22	86.2
tr|A0A0B7JK74|A0A0B7JK74_9GAMM	GCF_012295615.1_WP_007018284.1	40.741	81	81	100	81	48	0	1	81	1	81	7.93e-22	86.2
tr|A0A0B7JK74|A0A0B7JK74_9GAMM	GCF_002157895.1_WP_227874980.1	50.000	81	82	99	80	40	0	1	80	2	81	8.26e-22	86.2
tr|A0A0B7JK74|A0A0B7JK74_9GAMM	GCF_000214235.1_WP_004952197.1	23.077	81	85	96	78	55	2	2	79	8	80	9.58e-22	85.9
tr|A0A0B7JK74|A0A0B7JK74_9GAMM	GCF_001455205.1_WP_062560013.1	32.500	81	84	99	80	53	1	2	81	6	84	9.79e-22	85.9
tr|A0A0B7JK74|A0A0B7JK74_9GAMM	GCF_011045835.1_WP_075671674.1	30.000	81	86	99	80	51	2	2	81	10	84	1.17e-21	85.6
tr|A0A0B7JK74|A0A0B7JK74_9GAMM	GCF_000517405.1_WP_038469034.1	25.641	81	83	96	78	53	2	2	79	7	79	1.25e-21	85.6
tr|A0A0B7JK74|A0A0B7JK74_9GAMM	GCF_022592395.1_WP_047255099.1	24.051	81	87	98	79	55	2	2	80	10	83	1.64e-21	85.4
tr|A0A0B7JK74|A0A0B7JK74_9GAMM	GCF_016026395.1_WP_024524235.1	25.316	81	86	98	79	54	2	2	80	10	83	1.95e-21	85.1
tr|A0A0B7JK74|A0A0B7JK74_9GAMM	GCF_001006005.1_WP_223499701.1	24.359	81	85	96	78	54	2	2	79	8	80	1.96e-21	85.1
tr|A0A0B7JK74|A0A0B7JK74_9GAMM	GCF_008033135.1_WP_148717358.1	23.750	81	87	99	80	60	1	2	81	7	85	2.09e-21	85.1
tr|A0A0B7JK74|A0A0B7JK74_9GAMM	GCF_000261045.2_WP_006318653.1	23.077	81	87	96	78	55	2	2	79	10	82	2.18e-21	85.1
tr|A0A0B7JK74|A0A0B7JK74_9GAMM	GCF_022369495.1_WP_072064250.1	30.000	81	86	99	80	51	2	2	81	10	84	2.21e-21	85.1
tr|A0A0B7JK74|A0A0B7JK74_9GAMM	GCF_000016065.1_WP_011864074.1	20.000	81	93	99	80	63	1	1	80	6	84	2.39e-21	85.1
tr|A0A0B7JK74|A0A0B7JK74_9GAMM	GCF_008364325.2_WP_230090436.1	23.077	81	85	96	78	55	2	2	79	8	80	2.48e-21	84.8
tr|A0A0B7JK74|A0A0B7JK74_9GAMM	GCF_005484965.1_WP_009114129.1	19.231	81	86	96	78	58	2	2	79	10	82	2.51e-21	84.8
tr|A0A0B7JK74|A0A0B7JK74_9GAMM	GCF_029457395.1_WP_024766443.1	23.457	81	92	95	81	58	1	4	80	9	89	2.54e-21	85.1
tr|A0A0B7JK74|A0A0B7JK74_9GAMM	GCF_000069965.1_WP_004245453.1	26.250	81	86	99	80	54	2	2	81	10	84	2.55e-21	84.8
tr|A0A0B7JK74|A0A0B7JK74_9GAMM	GCF_019797925.1_WP_193521737.1	39.506	81	80	100	81	48	1	1	81	1	80	2.74e-21	84.8
tr|A0A0B7JK74|A0A0B7JK74_9GAMM	GCF_017348915.1_WP_040077077.1	28.205	81	86	96	78	51	2	2	79	10	82	2.76e-21	84.8
tr|A0A0B7JK74|A0A0B7JK74_9GAMM	GCF_022647325.1_WP_111140597.1	23.077	81	86	96	78	55	2	2	79	10	82	3.11e-21	84.8
tr|A0A0B7JK74|A0A0B7JK74_9GAMM	GCF_900638135.1_WP_012146468.1	23.077	81	87	96	78	55	2	2	79	10	82	3.65e-21	84.5
tr|A0A0B7JK74|A0A0B7JK74_9GAMM	GCF_000968175.1_WP_045959360.1	26.250	81	88	99	80	54	2	2	81	11	85	4.09e-21	84.5
tr|A0A0B7JK74|A0A0B7JK74_9GAMM	GCF_002849875.1_WP_232379112.1	39.024	81	113	98	82	47	1	2	80	32	113	4.15e-21	84.8
tr|A0A0B7JK74|A0A0B7JK74_9GAMM	GCF_012971725.1_WP_169940133.1	23.457	81	92	95	81	58	1	4	80	9	89	4.22e-21	84.5
tr|A0A0B7JK74|A0A0B7JK74_9GAMM	GCF_002291425.1_WP_095847471.1	29.487	81	87	96	78	50	2	2	79	10	82	4.60e-21	84.2
tr|A0A0B7JK74|A0A0B7JK74_9GAMM	GCF_009831665.3_WP_006709226.1	24.359	81	87	96	78	54	2	2	79	10	82	4.94e-21	84.2
tr|A0A0B7JK74|A0A0B7JK74_9GAMM	GCF_003074995.2_WP_015870269.1	26.582	81	86	98	79	53	2	2	80	10	83	5.05e-21	84.2
tr|A0A0B7JK74|A0A0B7JK74_9GAMM	GCF_029277985.1_WP_154623766.1	25.641	81	87	96	78	53	2	2	79	10	82	6.57e-21	83.9
tr|A0A0B7JK74|A0A0B7JK74_9GAMM	GCF_019047765.1_WP_040230035.1	28.205	81	86	96	78	51	2	2	79	10	82	6.61e-21	83.9
tr|A0A0B7JK74|A0A0B7JK74_9GAMM	GCF_017743015.1_WP_209027287.1	22.500	81	88	99	80	57	2	2	81	10	84	1.03e-20	83.4
tr|A0A0B7JK74|A0A0B7JK74_9GAMM	GCF_024746855.1_WP_260492542.1	38.750	81	79	99	80	48	1	1	80	1	79	1.12e-20	83.1
tr|A0A0B7JK74|A0A0B7JK74_9GAMM	GCF_014295015.1_WP_013185414.1	22.500	81	87	99	80	57	2	2	81	11	85	1.25e-20	83.1
tr|A0A0B7JK74|A0A0B7JK74_9GAMM	GCF_008632455.1_WP_150048082.1	35.443	81	84	98	79	50	1	2	80	6	83	1.28e-20	83.1
tr|A0A0B7JK74|A0A0B7JK74_9GAMM	GCF_004295645.1_WP_228350951.1	24.051	81	88	98	79	55	2	2	80	11	84	1.29e-20	83.1
tr|A0A0B7JK74|A0A0B7JK74_9GAMM	GCF_004116975.1_WP_064720954.1	26.250	81	86	99	80	54	2	2	81	10	84	1.96e-20	82.5
tr|A0A0B7JK74|A0A0B7JK74_9GAMM	GCF_003025345.2_WP_003155955.1	23.529	81	91	99	85	60	1	2	81	7	91	2.00e-20	82.8
tr|A0A0B7JK74|A0A0B7JK74_9GAMM	GCF_020541225.1_WP_226811316.1	26.923	81	86	96	78	52	2	2	79	10	82	2.03e-20	82.5
tr|A0A0B7JK74|A0A0B7JK74_9GAMM	GCF_003096015.2_WP_230514010.1	25.316	81	88	98	79	54	2	2	80	11	84	2.07e-20	82.5
tr|A0A0B7JK74|A0A0B7JK74_9GAMM	GCF_021365465.1_WP_016190321.1	21.795	81	87	96	78	56	2	2	79	10	82	2.25e-20	82.5
tr|A0A0B7JK74|A0A0B7JK74_9GAMM	GCF_002952315.1_WP_012667243.1	19.231	81	87	96	78	58	2	2	79	10	82	2.40e-20	82.5
tr|A0A0B7JK74|A0A0B7JK74_9GAMM	GCF_025946765.1_WP_264497926.1	21.795	81	86	96	78	56	2	2	79	10	82	2.49e-20	82.3
tr|A0A0B7JK74|A0A0B7JK74_9GAMM	GCF_003204135.1_WP_004908806.1	28.205	81	87	96	78	51	2	2	79	10	82	3.19e-20	82.3
tr|A0A0B7JK74|A0A0B7JK74_9GAMM	GCF_003568825.1_WP_040644076.1	26.506	81	83	99	83	58	1	1	80	1	83	3.46e-20	82.0
tr|A0A0B7JK74|A0A0B7JK74_9GAMM	GCF_900478135.1_WP_111739359.1	24.051	81	88	98	79	55	2	2	80	11	84	3.60e-20	82.0
tr|A0A0B7JK74|A0A0B7JK74_9GAMM	GCF_002843235.3_WP_102139922.1	28.205	81	87	96	78	51	2	2	79	10	82	4.08e-20	82.0
tr|A0A0B7JK74|A0A0B7JK74_9GAMM	GCF_900638655.1_WP_047781753.1	24.051	81	88	98	79	55	2	2	80	11	84	4.09e-20	82.0
tr|A0A0B7JK74|A0A0B7JK74_9GAMM	GCF_900475855.1_WP_068441311.1	25.641	81	87	96	78	53	2	2	79	10	82	4.56e-20	81.7
tr|A0A0B7JK74|A0A0B7JK74_9GAMM	GCF_000019185.1_WP_012277931.1	33.000	81	100	100	100	48	1	1	81	1	100	5.90e-20	81.7
tr|A0A0B7JK74|A0A0B7JK74_9GAMM	GCF_002393505.1_WP_006658392.1	30.769	81	87	96	78	49	2	2	79	10	82	6.17e-20	81.4
tr|A0A0B7JK74|A0A0B7JK74_9GAMM	GCF_000785705.2_WP_036272019.1	31.646	81	82	98	79	52	2	2	80	6	82	8.42e-20	80.9
tr|A0A0B7JK74|A0A0B7JK74_9GAMM	GCF_001721185.1_WP_069317984.1	22.500	81	87	99	80	57	2	2	81	10	84	8.96e-20	80.9
tr|A0A0B7JK74|A0A0B7JK74_9GAMM	GCF_019703835.1_WP_087020305.1	40.260	81	79	95	77	42	1	4	80	3	75	1.21e-19	80.6
tr|A0A0B7JK74|A0A0B7JK74_9GAMM	GCF_005671395.1_WP_138095872.1	22.727	81	86	81	66	50	1	2	67	10	74	2.00e-19	80.0
tr|A0A0B7JK74|A0A0B7JK74_9GAMM	GCF_008364325.2_WP_020826409.1	27.848	81	84	98	79	54	1	2	80	7	82	2.51e-19	79.7
tr|A0A0B7JK74|A0A0B7JK74_9GAMM	GCF_017638925.1_WP_208844867.1	39.241	81	81	98	79	47	1	1	79	1	78	1.72e-18	77.5
tr|A0A0B7JK74|A0A0B7JK74_9GAMM	GCF_026427595.1_WP_251812951.1	29.762	81	88	99	84	55	3	1	80	4	87	1.84e-18	77.8
tr|A0A0B7JK74|A0A0B7JK74_9GAMM	GCF_016026875.1_WP_045525981.1	24.051	81	89	98	79	55	3	2	80	7	80	2.78e-18	77.2
tr|A0A0B7JK74|A0A0B7JK74_9GAMM	GCF_003990335.1_WP_127025819.1	28.395	81	91	100	81	57	1	1	81	5	84	3.07e-18	77.2
tr|A0A0B7JK74|A0A0B7JK74_9GAMM	GCF_001677435.1_WP_068615618.1	21.739	81	90	85	69	53	1	2	70	9	76	5.09e-18	76.6
tr|A0A0B7JK74|A0A0B7JK74_9GAMM	GCF_004358345.1_WP_121852852.1	27.941	81	76	84	68	49	0	2	69	8	75	6.35e-18	76.1
tr|A0A0B7JK74|A0A0B7JK74_9GAMM	GCF_007197555.1_WP_144048375.1	26.437	81	94	100	87	58	2	1	81	6	92	8.00e-18	76.1
tr|A0A0B7JK74|A0A0B7JK74_9GAMM	GCF_020405345.1_WP_017780573.1	24.051	81	89	98	79	55	3	2	80	7	80	2.07e-17	74.9
tr|A0A0B7JK74|A0A0B7JK74_9GAMM	GCF_003515105.1_WP_036973086.1	23.881	81	73	83	67	51	0	2	68	6	72	5.59e-17	73.5
tr|A0A0B7JK74|A0A0B7JK74_9GAMM	GCF_000018285.1_WP_012155987.1	33.663	81	102	99	101	46	1	1	80	1	101	1.58e-16	73.0
tr|A0A0B7JK74|A0A0B7JK74_9GAMM	GCF_020149575.1_WP_224431657.1	23.750	81	85	99	80	56	3	2	81	7	81	2.03e-16	72.4
tr|A0A0B7JK74|A0A0B7JK74_9GAMM	GCF_020991025.1_WP_152109250.1	28.788	81	83	81	66	47	0	2	67	8	73	3.18e-16	71.9
tr|A0A0B7JK74|A0A0B7JK74_9GAMM	GCF_000147355.1_WP_013326989.1	33.333	81	67	81	66	44	0	15	80	1	66	3.43e-16	71.6
tr|A0A0B7JK74|A0A0B7JK74_9GAMM	GCF_900637545.1_WP_042651794.1	21.519	81	84	98	79	57	3	2	80	7	80	6.56e-16	71.0
tr|A0A0B7JK74|A0A0B7JK74_9GAMM	GCF_020423125.1_WP_226170850.1	20.253	81	84	98	79	58	3	2	80	7	80	6.56e-16	71.0
tr|A0A0B7JK74|A0A0B7JK74_9GAMM	GCF_028355655.1_WP_087756847.1	21.519	81	84	98	79	57	3	2	80	7	80	7.94e-16	71.0
tr|A0A0B7JK74|A0A0B7JK74_9GAMM	GCF_000788395.1_WP_038641921.1	28.750	81	85	99	80	57	0	2	81	5	84	9.54e-16	70.7
tr|A0A0B7JK74|A0A0B7JK74_9GAMM	GCF_002215215.1_WP_088918776.1	23.750	81	101	99	80	60	1	2	81	20	98	1.12e-15	70.7
tr|A0A0B7JK74|A0A0B7JK74_9GAMM	GCF_008693705.1_WP_127008315.1	21.519	81	84	98	79	57	3	2	80	7	80	4.45e-15	69.0
tr|A0A0B7JK74|A0A0B7JK74_9GAMM	GCF_014169735.1_WP_134997272.1	18.987	81	86	98	79	59	3	2	80	7	80	6.37e-15	68.5
tr|A0A0B7JK74|A0A0B7JK74_9GAMM	GCF_001020955.1_WP_047250467.1	19.718	81	82	84	71	54	1	2	69	10	80	1.01e-14	67.9
tr|A0A0B7JK74|A0A0B7JK74_9GAMM	GCF_015209785.1_WP_193988300.1	21.875	81	73	79	64	50	0	2	65	6	69	1.48e-14	67.4
tr|A0A0B7JK74|A0A0B7JK74_9GAMM	GCF_002157225.2_WP_086934278.1	29.167	81	80	89	72	50	1	1	72	4	74	1.53e-14	67.6
tr|A0A0B7JK74|A0A0B7JK74_9GAMM	GCF_003855395.1_WP_124730567.1	37.349	81	88	98	83	48	2	2	80	4	86	2.26e-14	67.4
tr|A0A0B7JK74|A0A0B7JK74_9GAMM	GCF_003015165.1_WP_106887831.1	20.253	81	84	98	79	58	3	2	80	7	80	2.41e-14	67.1
tr|A0A0B7JK74|A0A0B7JK74_9GAMM	GCF_016026615.1_WP_197928313.1	20.253	81	89	98	79	58	3	2	80	7	80	3.50e-14	66.8
tr|A0A0B7JK74|A0A0B7JK74_9GAMM	GCF_003966655.1_WP_113527441.1	24.286	81	77	86	70	52	1	2	71	8	76	3.78e-14	66.5
tr|A0A0B7JK74|A0A0B7JK74_9GAMM	GCF_000014705.1_WP_011637758.1	32.530	81	88	98	83	52	2	2	80	4	86	3.81e-14	66.8
tr|A0A0B7JK74|A0A0B7JK74_9GAMM	GCF_001596155.1_WP_068342236.1	20.779	81	90	91	77	54	4	2	75	8	80	4.34e-14	66.5
tr|A0A0B7JK74|A0A0B7JK74_9GAMM	GCF_003063625.1_WP_108601906.1	27.778	81	85	89	72	51	1	1	72	4	74	4.38e-14	66.5
tr|A0A0B7JK74|A0A0B7JK74_9GAMM	GCF_016127195.1_WP_042032742.1	21.795	81	89	96	78	56	3	2	79	7	79	6.81e-14	65.9
tr|A0A0B7JK74|A0A0B7JK74_9GAMM	GCF_020511155.1_WP_226415657.1	29.762	81	87	99	84	55	2	1	80	4	87	7.48e-14	65.9
tr|A0A0B7JK74|A0A0B7JK74_9GAMM	GCF_010093065.1_WP_238430213.1	15.942	81	83	81	69	52	2	2	67	11	76	1.20e-13	65.4
tr|A0A0B7JK74|A0A0B7JK74_9GAMM	GCF_013462805.1_WP_009566961.1	24.286	81	77	86	70	52	1	2	71	8	76	1.39e-13	65.1
tr|A0A0B7JK74|A0A0B7JK74_9GAMM	GCF_001651805.1_WP_067384150.1	22.059	81	78	79	68	49	2	2	65	7	74	2.73e-13	64.3
tr|A0A0B7JK74|A0A0B7JK74_9GAMM	GCF_002218045.2_WP_089137819.1	24.638	81	79	81	69	49	1	2	67	9	77	3.78e-13	64.0
tr|A0A0B7JK74|A0A0B7JK74_9GAMM	GCF_001507645.1_WP_068195976.1	15.789	81	90	90	76	58	2	2	74	8	80	4.62e-13	64.0
tr|A0A0B7JK74|A0A0B7JK74_9GAMM	GCF_020844025.1_WP_215848879.1	25.352	81	77	88	71	52	1	2	72	8	77	6.33e-13	63.4
tr|A0A0B7JK74|A0A0B7JK74_9GAMM	GCF_004028275.1_WP_128384077.1	22.973	81	77	86	74	52	3	2	71	3	75	8.29e-13	63.1
tr|A0A0B7JK74|A0A0B7JK74_9GAMM	GCF_000940995.1_WP_082060442.1	21.429	81	93	86	70	55	0	10	79	16	85	1.00e-12	63.1
tr|A0A0B7JK74|A0A0B7JK74_9GAMM	GCF_000026085.1_WP_041454550.1	20.896	81	73	81	67	51	2	2	67	6	71	1.11e-12	62.6
tr|A0A0B7JK74|A0A0B7JK74_9GAMM	GCF_006337165.1_WP_139515111.1	22.535	81	82	81	71	46	3	2	67	8	74	1.14e-12	62.9
tr|A0A0B7JK74|A0A0B7JK74_9GAMM	GCF_013137895.1_WP_135435790.1	21.127	81	83	81	71	47	3	2	67	9	75	1.35e-12	62.6
tr|A0A0B7JK74|A0A0B7JK74_9GAMM	GCF_027625995.1_WP_270126807.1	21.127	81	82	81	71	47	3	2	67	8	74	1.41e-12	62.6
tr|A0A0B7JK74|A0A0B7JK74_9GAMM	GCF_003584645.1_WP_197716612.1	19.737	81	80	89	76	53	3	2	73	8	79	1.54e-12	62.3
tr|A0A0B7JK74|A0A0B7JK74_9GAMM	GCF_023650495.1_WP_250655372.1	28.235	81	88	100	85	57	2	1	81	4	88	1.58e-12	62.6
tr|A0A0B7JK74|A0A0B7JK74_9GAMM	GCF_004001245.1_WP_127478562.1	12.500	81	85	84	72	59	2	2	69	10	81	1.96e-12	62.3
tr|A0A0B7JK74|A0A0B7JK74_9GAMM	GCF_004355185.1_WP_133271280.1	21.127	81	81	81	71	47	3	2	67	7	73	1.99e-12	62.3
tr|A0A0B7JK74|A0A0B7JK74_9GAMM	GCF_013283835.1_WP_071626507.1	21.127	81	83	84	71	49	3	2	69	8	74	2.21e-12	62.0
tr|A0A0B7JK74|A0A0B7JK74_9GAMM	GCF_000576555.1_WP_044000633.1	22.535	81	83	81	71	46	3	2	67	9	75	3.73e-12	61.4
tr|A0A0B7JK74|A0A0B7JK74_9GAMM	GCF_902810445.1_WP_197744199.1	24.658	81	78	85	73	47	4	2	70	7	75	4.80e-12	61.2
tr|A0A0B7JK74|A0A0B7JK74_9GAMM	GCF_017742995.1_WP_247749573.1	37.209	81	48	53	43	27	0	1	43	1	43	6.42e-12	60.3
tr|A0A0B7JK74|A0A0B7JK74_9GAMM	GCF_000212735.1_WP_013764159.1	16.883	81	83	90	77	56	3	2	74	10	82	6.60e-12	60.9
tr|A0A0B7JK74|A0A0B7JK74_9GAMM	GCF_003967195.1_WP_172597571.1	22.368	81	83	88	76	53	3	2	72	9	83	6.76e-12	60.9
tr|A0A0B7JK74|A0A0B7JK74_9GAMM	GCF_000013765.1_WP_011496543.1	22.892	81	106	98	83	60	2	2	80	23	105	6.89e-12	61.2
tr|A0A0B7JK74|A0A0B7JK74_9GAMM	GCF_001444405.1_WP_058032142.1	29.577	81	87	88	71	50	0	1	71	1	71	6.89e-12	60.9
tr|A0A0B7JK74|A0A0B7JK74_9GAMM	GCF_009662475.1_WP_031573754.1	24.658	81	79	90	73	54	1	2	74	8	79	7.31e-12	60.6
tr|A0A0B7JK74|A0A0B7JK74_9GAMM	GCF_000021985.1_WP_012639500.1	17.647	81	82	79	68	52	1	2	65	8	75	8.31e-12	60.6
tr|A0A0B7JK74|A0A0B7JK74_9GAMM	GCF_000801295.1_WP_171816254.1	19.118	81	99	80	68	51	3	2	66	10	76	8.32e-12	60.9
tr|A0A0B7JK74|A0A0B7JK74_9GAMM	GCF_013177675.1_WP_172128285.1	20.270	81	81	88	74	52	3	2	72	8	77	8.99e-12	60.6
tr|A0A0B7JK74|A0A0B7JK74_9GAMM	GCF_010093065.1_WP_162331416.1	17.105	81	84	90	76	57	3	2	74	11	83	9.22e-12	60.6
tr|A0A0B7JK74|A0A0B7JK74_9GAMM	GCF_003970675.1_WP_126615366.1	19.403	81	76	83	67	49	3	2	68	13	74	1.04e-11	60.3
tr|A0A0B7JK74|A0A0B7JK74_9GAMM	GCF_018736065.1_WP_144074266.1	20.588	81	76	84	68	49	3	2	69	13	75	1.19e-11	60.0
tr|A0A0B7JK74|A0A0B7JK74_9GAMM	GCF_002762215.1_WP_085750011.1	16.901	81	87	83	71	51	4	2	68	9	75	1.42e-11	60.0
tr|A0A0B7JK74|A0A0B7JK74_9GAMM	GCF_003149515.1_WP_109656005.1	14.667	81	90	89	75	58	2	2	73	8	79	1.45e-11	60.0
tr|A0A0B7JK74|A0A0B7JK74_9GAMM	GCF_000012325.1_WP_011045621.1	30.882	81	84	84	68	46	1	2	69	5	71	1.50e-11	60.0
tr|A0A0B7JK74|A0A0B7JK74_9GAMM	GCF_009938015.1_WP_223264517.1	18.310	81	90	83	71	54	2	2	68	10	80	2.02e-11	59.8
tr|A0A0B7JK74|A0A0B7JK74_9GAMM	GCF_008728635.1_WP_151087836.1	17.722	81	90	94	79	58	4	2	77	8	82	2.13e-11	59.8
tr|A0A0B7JK74|A0A0B7JK74_9GAMM	GCF_002355735.1_WP_096359192.1	14.286	81	83	83	70	57	1	2	68	13	82	2.37e-11	59.5
tr|A0A0B7JK74|A0A0B7JK74_9GAMM	GCF_002355415.1_WP_148665551.1	14.493	81	87	81	69	56	1	2	67	17	85	2.90e-11	59.2
tr|A0A0B7JK74|A0A0B7JK74_9GAMM	GCF_006385555.1_WP_140234395.1	27.711	81	87	98	83	56	3	2	80	4	86	3.16e-11	59.2
tr|A0A0B7JK74|A0A0B7JK74_9GAMM	GCF_021654855.1_WP_237262080.1	28.986	81	70	80	69	44	2	2	66	3	70	3.52e-11	58.9
tr|A0A0B7JK74|A0A0B7JK74_9GAMM	GCF_022827545.1_WP_243798205.1	21.127	81	82	81	71	47	3	2	67	8	74	3.81e-11	58.9
tr|A0A0B7JK74|A0A0B7JK74_9GAMM	GCF_000024005.1_WP_012793320.1	16.883	81	84	90	77	56	3	2	74	11	83	3.85e-11	58.9
tr|A0A0B7JK74|A0A0B7JK74_9GAMM	GCF_013282625.1_WP_173286717.1	17.391	81	67	85	69	53	2	2	70	3	67	5.50e-11	58.3
tr|A0A0B7JK74|A0A0B7JK74_9GAMM	GCF_003574965.1_WP_119445661.1	22.535	81	82	81	71	46	3	2	67	8	74	5.90e-11	58.3
tr|A0A0B7JK74|A0A0B7JK74_9GAMM	GCF_000006765.1_NP_249630.1	28.235	81	108	99	85	56	1	2	81	7	91	5.91e-11	58.9
tr|A0A0B7JK74|A0A0B7JK74_9GAMM	GCF_001955715.1_WP_029708890.1	20.290	81	80	80	69	47	3	2	66	7	71	5.99e-11	58.3
tr|A0A0B7JK74|A0A0B7JK74_9GAMM	GCF_000321415.2_WP_015260329.1	10.959	81	93	86	73	62	2	2	71	10	82	6.09e-11	58.6
tr|A0A0B7JK74|A0A0B7JK74_9GAMM	GCF_002142475.1_WP_026148861.1	18.056	81	86	84	72	51	3	2	69	7	74	6.61e-11	58.3
tr|A0A0B7JK74|A0A0B7JK74_9GAMM	GCF_016613475.2_WP_200606805.1	17.143	81	90	83	70	52	2	2	68	11	77	6.63e-11	58.3
tr|A0A0B7JK74|A0A0B7JK74_9GAMM	GCF_022811645.1_WP_243511723.1	15.714	81	90	81	70	51	3	2	67	8	73	9.03e-11	58.1
tr|A0A0B7JK74|A0A0B7JK74_9GAMM	GCF_019931735.1_WP_223417223.1	22.619	81	87	99	84	61	2	1	80	3	86	1.07e-10	57.8
tr|A0A0B7JK74|A0A0B7JK74_9GAMM	GCF_002356115.1_WP_096526481.1	22.535	81	78	84	71	49	2	2	69	7	74	1.09e-10	57.8
tr|A0A0B7JK74|A0A0B7JK74_9GAMM	GCF_013201665.1_WP_128359868.1	20.548	81	81	86	73	51	3	2	71	8	76	1.26e-10	57.5
tr|A0A0B7JK74|A0A0B7JK74_9GAMM	GCF_013201725.1_WP_014475480.1	22.535	81	74	84	71	48	3	2	69	8	74	1.50e-10	57.2
tr|A0A0B7JK74|A0A0B7JK74_9GAMM	GCF_003955735.1_WP_126127786.1	20.000	81	91	83	70	50	3	2	68	12	78	2.15e-10	57.2
tr|A0A0B7JK74|A0A0B7JK74_9GAMM	GCF_013343005.1_WP_078482823.1	17.568	81	84	86	74	57	2	2	71	8	81	2.19e-10	56.9
tr|A0A0B7JK74|A0A0B7JK74_9GAMM	GCF_009755585.1_WP_157030071.1	15.714	81	85	81	70	51	3	2	67	8	73	2.48e-10	56.9
tr|A0A0B7JK74|A0A0B7JK74_9GAMM	GCF_024347675.1_WP_261833361.1	45.714	81	54	43	35	19	0	1	35	1	35	3.27e-10	56.1
tr|A0A0B7JK74|A0A0B7JK74_9GAMM	GCF_004798725.1_WP_010811758.1	15.714	81	83	83	70	53	2	2	68	11	77	3.44e-10	56.4
tr|A0A0B7JK74|A0A0B7JK74_9GAMM	GCF_024347195.1_WP_271272618.1	25.373	81	77	79	67	47	2	2	65	7	73	3.54e-10	56.4
tr|A0A0B7JK74|A0A0B7JK74_9GAMM	GCF_024347275.1_WP_019620968.1	18.421	81	82	89	76	58	2	2	73	7	82	3.63e-10	56.4
tr|A0A0B7JK74|A0A0B7JK74_9GAMM	GCF_018389385.1_WP_218082190.1	16.176	81	91	80	68	51	2	2	66	21	85	4.02e-10	56.4
tr|A0A0B7JK74|A0A0B7JK74_9GAMM	GCF_002557795.1_WP_098194977.1	20.270	81	89	84	74	49	3	2	69	11	80	4.34e-10	56.4
tr|A0A0B7JK74|A0A0B7JK74_9GAMM	GCF_000238255.3_WP_010559905.1	25.352	81	86	86	71	51	2	2	71	5	74	4.58e-10	56.1
tr|A0A0B7JK74|A0A0B7JK74_9GAMM	GCF_003346815.1_WP_114840342.1	20.548	81	82	86	73	51	3	2	71	8	76	5.57e-10	55.8
tr|A0A0B7JK74|A0A0B7JK74_9GAMM	GCF_008807855.1_WP_063240334.1	18.571	81	83	83	70	51	2	2	68	11	77	5.89e-10	55.8
tr|A0A0B7JK74|A0A0B7JK74_9GAMM	GCF_024347255.1_WP_091360415.1	22.059	81	79	79	68	49	1	2	65	7	74	5.98e-10	55.8
tr|A0A0B7JK74|A0A0B7JK74_9GAMM	GCF_000018105.1_WP_012162738.1	18.310	81	86	83	71	50	3	1	67	6	72	6.49e-10	55.8
tr|A0A0B7JK74|A0A0B7JK74_9GAMM	GCF_000012805.1_WP_011330264.1	20.833	81	85	85	72	51	3	2	70	7	75	7.43e-10	55.5
tr|A0A0B7JK74|A0A0B7JK74_9GAMM	GCF_000092245.1_WP_013136435.1	18.571	81	76	83	70	50	3	2	68	5	70	8.76e-10	55.3
tr|A0A0B7JK74|A0A0B7JK74_9GAMM	GCF_004421105.1_WP_134356453.1	20.548	81	80	85	73	50	4	2	70	7	75	8.76e-10	55.3
tr|A0A0B7JK74|A0A0B7JK74_9GAMM	GCF_000227685.2_WP_006746304.1	12.676	81	83	84	71	59	2	2	69	10	80	9.72e-10	55.3
tr|A0A0B7JK74|A0A0B7JK74_9GAMM	GCF_013177635.1_WP_129095542.1	20.588	81	72	80	68	47	3	2	66	8	71	1.04e-09	55.0
tr|A0A0B7JK74|A0A0B7JK74_9GAMM	GCF_019891175.1_WP_225938383.1	15.714	81	93	83	70	53	2	1	67	14	80	1.08e-09	55.3
tr|A0A0B7JK74|A0A0B7JK74_9GAMM	GCF_000317125.1_WP_015155280.1	18.310	81	81	83	71	50	4	1	67	6	72	1.13e-09	55.3
tr|A0A0B7JK74|A0A0B7JK74_9GAMM	GCF_003346775.1_WP_114843067.1	18.310	81	84	84	71	51	3	2	69	8	74	1.19e-09	55.3
tr|A0A0B7JK74|A0A0B7JK74_9GAMM	GCF_003353065.1_WP_114983154.1	19.403	81	84	79	67	47	4	2	65	11	73	1.35e-09	55.0
tr|A0A0B7JK74|A0A0B7JK74_9GAMM	GCF_005166025.1_WP_137090244.1	19.444	81	84	84	72	50	3	2	69	8	75	1.52e-09	55.0
tr|A0A0B7JK74|A0A0B7JK74_9GAMM	GCF_000143085.1_WP_013221711.1	21.918	81	82	85	73	49	4	2	70	7	75	1.58e-09	54.7
tr|A0A0B7JK74|A0A0B7JK74_9GAMM	GCF_020091585.1_WP_224339804.1	15.493	81	82	83	71	52	3	2	68	7	73	1.59e-09	54.7
tr|A0A0B7JK74|A0A0B7JK74_9GAMM	GCF_001956695.1_WP_076086034.1	11.268	81	77	83	71	55	3	2	68	5	71	1.83e-09	54.4
tr|A0A0B7JK74|A0A0B7JK74_9GAMM	GCF_013201935.1_WP_129014602.1	20.588	81	72	80	68	47	3	2	66	8	71	2.46e-09	54.1
tr|A0A0B7JK74|A0A0B7JK74_9GAMM	GCF_023733635.1_WP_039959400.1	18.841	81	89	79	69	50	3	2	65	7	74	3.84e-09	53.8
tr|A0A0B7JK74|A0A0B7JK74_9GAMM	GCF_024347215.1_WP_261843265.1	22.388	81	77	79	67	49	2	2	65	7	73	3.95e-09	53.6
tr|A0A0B7JK74|A0A0B7JK74_9GAMM	GCF_004214795.1_WP_130234502.1	17.143	81	78	83	70	51	3	2	68	8	73	6.22e-09	53.3
tr|A0A0B7JK74|A0A0B7JK74_9GAMM	GCF_013283835.1_WP_071625892.1	13.699	81	79	83	73	53	3	2	68	5	73	7.82e-09	53.0
tr|A0A0B7JK74|A0A0B7JK74_9GAMM	GCF_003544915.1_WP_118918525.1	18.841	81	73	81	69	49	3	2	67	8	72	8.41e-09	52.7
tr|A0A0B7JK74|A0A0B7JK74_9GAMM	GCF_010119975.1_WP_162445115.1	13.333	81	365	88	75	56	3	2	72	14	83	9.13e-09	56.4
tr|A0A0B7JK74|A0A0B7JK74_9GAMM	GCF_000014785.1_WP_011630183.1	16.901	81	83	84	71	56	2	2	69	13	83	1.16e-08	52.4
tr|A0A0B7JK74|A0A0B7JK74_9GAMM	GCF_004293625.1_WP_130538367.1	23.729	81	71	73	59	41	2	2	60	3	57	1.17e-08	52.4
tr|A0A0B7JK74|A0A0B7JK74_9GAMM	GCF_000828615.1_WP_041064380.1	19.444	81	80	83	72	52	4	2	68	10	80	1.58e-08	52.2
tr|A0A0B7JK74|A0A0B7JK74_9GAMM	GCF_009937995.1_WP_179954406.1	21.918	81	79	85	73	53	2	2	70	7	79	1.61e-08	52.2
tr|A0A0B7JK74|A0A0B7JK74_9GAMM	GCF_001956695.1_WP_076086043.1	17.808	81	77	86	73	53	3	2	71	7	75	1.87e-08	51.9
tr|A0A0B7JK74|A0A0B7JK74_9GAMM	GCF_011398355.1_WP_173270160.1	18.750	81	65	79	64	48	2	3	66	4	63	2.25e-08	51.6
tr|A0A0B7JK74|A0A0B7JK74_9GAMM	GCF_000265295.1_WP_014770430.1	11.940	81	76	83	67	58	1	2	68	5	70	2.88e-08	51.3
tr|A0A0B7JK74|A0A0B7JK74_9GAMM	GCF_001442805.1_WP_057942092.1	15.493	81	88	83	71	52	3	2	68	11	77	4.52e-08	51.0
tr|A0A0B7JK74|A0A0B7JK74_9GAMM	GCF_013201665.1_WP_128358834.1	11.429	81	76	83	70	55	3	2	68	5	70	5.64e-08	50.8
tr|A0A0B7JK74|A0A0B7JK74_9GAMM	GCF_011398355.1_WP_173270199.1	15.385	81	66	80	65	51	2	3	67	4	64	6.51e-08	50.5
tr|A0A0B7JK74|A0A0B7JK74_9GAMM	GCF_000024725.1_WP_013031543.1	20.548	81	81	85	73	50	4	2	70	7	75	1.01e-07	50.2
tr|A0A0B7JK74|A0A0B7JK74_9GAMM	GCF_002309535.1_WP_096047558.1	15.714	81	88	83	70	52	3	2	68	5	70	1.12e-07	50.2
tr|A0A0B7JK74|A0A0B7JK74_9GAMM	GCF_003544815.1_WP_118886031.1	11.429	81	76	83	70	55	3	2	68	5	70	1.18e-07	49.9
tr|A0A0B7JK74|A0A0B7JK74_9GAMM	GCF_013201935.1_WP_128987185.1	12.857	81	76	83	70	54	3	2	68	5	70	1.24e-07	49.9
tr|A0A0B7JK74|A0A0B7JK74_9GAMM	GCF_000222485.1_WP_014022977.1	18.056	81	85	85	72	53	3	2	70	10	78	1.29e-07	49.9
tr|A0A0B7JK74|A0A0B7JK74_9GAMM	GCF_001723605.1_WP_069479051.1	12.857	81	76	83	70	54	3	2	68	5	70	1.34e-07	49.6
tr|A0A0B7JK74|A0A0B7JK74_9GAMM	GCF_013177635.1_WP_129095951.1	12.857	81	76	83	70	54	3	2	68	5	70	1.35e-07	49.6
tr|A0A0B7JK74|A0A0B7JK74_9GAMM	GCF_003722295.1_WP_010573895.1	15.278	81	75	81	72	51	3	2	67	7	74	1.35e-07	49.6
tr|A0A0B7JK74|A0A0B7JK74_9GAMM	GCF_011398155.1_WP_173291533.1	18.310	81	71	86	71	53	3	2	71	3	69	1.39e-07	49.6
tr|A0A0B7JK74|A0A0B7JK74_9GAMM	GCF_001050135.1_WP_048644179.1	23.944	81	88	83	71	46	3	2	68	10	76	1.50e-07	49.9
tr|A0A0B7JK74|A0A0B7JK74_9GAMM	GCF_008122265.1_WP_148863603.1	18.310	81	84	83	71	50	3	2	68	7	73	1.87e-07	49.6
tr|A0A0B7JK74|A0A0B7JK74_9GAMM	GCF_000317575.1_WP_015193670.1	17.143	81	74	81	70	50	4	2	67	7	72	2.01e-07	49.3
tr|A0A0B7JK74|A0A0B7JK74_9GAMM	GCF_000265505.1_WP_014796533.1	16.456	81	97	84	79	54	3	2	69	9	86	3.75e-07	49.1
tr|A0A0B7JK74|A0A0B7JK74_9GAMM	GCF_000568815.1_WP_025346049.1	11.429	81	76	83	70	55	3	2	68	5	70	1.23e-06	47.4
tr|A0A0B7JK74|A0A0B7JK74_9GAMM	GCF_000242635.2_WP_014682426.1	8.824	81	83	80	68	56	2	6	70	11	75	2.47e-06	46.5
tr|A0A0B7JK74|A0A0B7JK74_9GAMM	GCF_000484535.1_WP_023173213.1	17.391	81	91	84	69	55	2	4	71	24	91	3.67e-06	46.3
tr|A0A0B7JK74|A0A0B7JK74_9GAMM	GCF_013177675.1_WP_172126669.1	12.857	81	77	83	70	54	3	2	68	5	70	4.09e-06	46.0
tr|A0A0B7JK74|A0A0B7JK74_9GAMM	GCF_018388465.1_WP_208290210.1	11.765	81	316	81	68	58	1	8	73	139	206	4.43e-06	48.8
tr|A0A0B7JK74|A0A0B7JK74_9GAMM	GCF_021018745.1_WP_230843504.1	16.667	81	92	80	66	53	2	4	68	24	88	9.79e-06	45.1
tr|A0A0B7JK74|A0A0B7JK74_9GAMM	GCF_001705075.2_WP_065970077.1	15.385	81	78	77	65	52	1	2	63	8	72	2.03e-05	44.3
tr|A0A0B7JK74|A0A0B7JK74_9GAMM	GCF_000011385.1_WP_011141833.1	16.667	81	92	80	66	53	2	4	68	24	88	3.21e-05	44.0
tr|A0A0B7JK74|A0A0B7JK74_9GAMM	GCF_001027285.1_WP_047859305.1	23.077	81	80	48	39	30	0	4	42	12	50	0.002	39.5
tr|A0A0B7JK74|A0A0B7JK74_9GAMM	GCF_005281475.1_WP_137401239.1	16.216	81	81	88	74	55	4	2	72	6	75	0.004	38.4
tr|A0A0B7JK74|A0A0B7JK74_9GAMM	GCF_003346815.1_WP_114840344.1	15.714	81	84	83	70	52	4	2	68	7	72	0.007	37.8
tr|A0A0B7JK74|A0A0B7JK74_9GAMM	GCF_011764585.1_WP_188200227.1	12.069	81	63	65	58	45	3	14	66	1	57	0.007	37.5
# PSIBLAST 2.13.0+
# Iteration: 9
# Query: tr|A0A0B7JK74|A0A0B7JK74_9GAMM Modulator of Rho-dependent transcription termination family protein OS=Photobacterium kishitanii OX=318456 GN=C0W70_11190 PE=4 SV=1
# Database: db/chosen-bacteria_proteome_exDup
# Fields: query id, subject id, % identity, query length, subject length, % query coverage per subject, alignment length, mismatches, gap opens, q. start, q. end, s. start, s. end, evalue, bit score
# 448 hits found
tr|A0A0B7JK74|A0A0B7JK74_9GAMM	GCF_002204915.1_WP_052690899.1	39.506	81	101	100	81	49	0	1	81	20	100	1.22e-29	106
tr|A0A0B7JK74|A0A0B7JK74_9GAMM	GCF_024347355.1_WP_105024956.1	46.914	81	83	100	81	43	0	1	81	1	81	1.66e-29	105
tr|A0A0B7JK74|A0A0B7JK74_9GAMM	GCF_008693605.1_WP_223849061.1	35.000	81	95	99	80	52	0	2	81	11	90	1.88e-29	105
tr|A0A0B7JK74|A0A0B7JK74_9GAMM	GCF_025402875.1_WP_011791024.1	27.500	81	90	99	80	58	0	1	80	6	85	2.11e-29	105
tr|A0A0B7JK74|A0A0B7JK74_9GAMM	GCF_004353845.1_WP_103770713.1	35.000	81	93	99	80	52	0	2	81	10	89	2.90e-29	105
tr|A0A0B7JK74|A0A0B7JK74_9GAMM	GCF_003812345.1_WP_121571778.1	35.000	81	94	99	80	52	0	2	81	10	89	3.93e-29	105
tr|A0A0B7JK74|A0A0B7JK74_9GAMM	GCF_009938225.1_WP_075649723.1	40.741	81	82	100	81	48	0	1	81	1	81	5.78e-29	104
tr|A0A0B7JK74|A0A0B7JK74_9GAMM	GCF_024971755.1_WP_259474826.1	25.000	81	88	99	80	60	0	1	80	6	85	8.77e-29	103
tr|A0A0B7JK74|A0A0B7JK74_9GAMM	GCF_024347475.1_WP_239840920.1	44.444	81	83	100	81	45	0	1	81	1	81	1.03e-28	103
tr|A0A0B7JK74|A0A0B7JK74_9GAMM	GCF_001597285.1_WP_061903727.1	30.769	81	92	96	78	54	0	3	80	8	85	2.19e-28	103
tr|A0A0B7JK74|A0A0B7JK74_9GAMM	GCF_000178875.2_WP_012197738.1	25.000	81	90	99	80	60	0	1	80	6	85	2.44e-28	102
tr|A0A0B7JK74|A0A0B7JK74_9GAMM	GCF_009938185.1_WP_162048373.1	44.444	81	82	100	81	45	0	1	81	1	81	2.53e-28	102
tr|A0A0B7JK74|A0A0B7JK74_9GAMM	GCF_022371215.1_WP_239718047.1	44.444	81	83	100	81	45	0	1	81	1	81	6.23e-28	101
tr|A0A0B7JK74|A0A0B7JK74_9GAMM	GCF_002355475.1_WP_004421315.1	29.487	81	91	96	78	55	0	3	80	9	86	2.30e-27	100
tr|A0A0B7JK74|A0A0B7JK74_9GAMM	GCF_000733715.2_WP_017362912.1	29.487	81	90	96	78	55	0	3	80	8	85	2.62e-27	100
tr|A0A0B7JK74|A0A0B7JK74_9GAMM	GCF_014905115.1_WP_193151849.1	45.000	81	81	99	80	44	0	1	80	1	80	2.72e-27	 99
tr|A0A0B7JK74|A0A0B7JK74_9GAMM	GCF_011397855.1_WP_044414183.1	29.487	81	90	96	78	55	0	3	80	8	85	2.79e-27	100
tr|A0A0B7JK74|A0A0B7JK74_9GAMM	GCF_008693645.1_WP_137347870.1	28.750	81	89	99	80	57	0	2	81	10	89	3.45e-27	 99
tr|A0A0B7JK74|A0A0B7JK74_9GAMM	GCF_013409125.2_WP_099525265.1	28.205	81	90	96	78	56	0	3	80	8	85	3.69e-27	 99
tr|A0A0B7JK74|A0A0B7JK74_9GAMM	GCF_017167985.1_WP_093053415.1	29.487	81	92	96	78	55	0	3	80	8	85	6.11e-27	99.4
tr|A0A0B7JK74|A0A0B7JK74_9GAMM	GCF_024347595.1_WP_176681244.1	44.444	81	83	100	81	45	0	1	81	1	81	6.34e-27	99.1
tr|A0A0B7JK74|A0A0B7JK74_9GAMM	GCF_001461805.1_WP_013367515.1	28.205	81	86	96	78	51	2	2	79	10	82	8.42e-27	98.9
tr|A0A0B7JK74|A0A0B7JK74_9GAMM	GCF_013200955.2_WP_173204463.1	27.848	81	91	98	79	57	0	2	80	8	86	8.72e-27	98.9
tr|A0A0B7JK74|A0A0B7JK74_9GAMM	GCF_020097475.1_WP_000062318.1	28.205	81	86	96	78	51	2	2	79	10	82	9.49e-27	98.9
tr|A0A0B7JK74|A0A0B7JK74_9GAMM	GCF_001594225.2_WP_064379396.1	26.923	81	92	96	78	57	0	3	80	8	85	1.02e-26	98.9
tr|A0A0B7JK74|A0A0B7JK74_9GAMM	GCF_000297075.2_WP_003461742.1	28.205	81	90	96	78	56	0	3	80	8	85	1.20e-26	98.6
tr|A0A0B7JK74|A0A0B7JK74_9GAMM	GCF_008807375.1_WP_151138908.1	28.205	81	91	96	78	56	0	3	80	9	86	1.28e-26	98.6
tr|A0A0B7JK74|A0A0B7JK74_9GAMM	GCF_004684345.1_WP_135321947.1	30.380	81	93	98	79	55	0	2	80	10	88	1.31e-26	98.6
tr|A0A0B7JK74|A0A0B7JK74_9GAMM	GCF_024205225.1_WP_195881696.1	26.923	81	90	96	78	57	0	3	80	8	85	1.36e-26	98.3
tr|A0A0B7JK74|A0A0B7JK74_9GAMM	GCF_001518835.1_WP_059308693.1	26.923	81	86	96	78	52	2	2	79	10	82	1.43e-26	98.3
tr|A0A0B7JK74|A0A0B7JK74_9GAMM	GCF_021172065.1_WP_015965827.1	29.487	81	86	96	78	50	2	2	79	10	82	1.67e-26	98.0
tr|A0A0B7JK74|A0A0B7JK74_9GAMM	GCF_001708425.1_WP_055136127.1	25.641	81	94	96	78	58	0	3	80	8	85	1.71e-26	98.3
tr|A0A0B7JK74|A0A0B7JK74_9GAMM	GCF_009938205.1_WP_075706454.1	48.148	81	82	100	81	42	0	1	81	1	81	1.75e-26	98.0
tr|A0A0B7JK74|A0A0B7JK74_9GAMM	GCF_001558415.2_WP_061055374.1	45.679	81	83	100	81	44	0	1	81	1	81	1.81e-26	98.0
tr|A0A0B7JK74|A0A0B7JK74_9GAMM	GCF_024347635.1_WP_139683960.1	48.148	81	83	100	81	42	0	1	81	1	81	1.96e-26	98.0
tr|A0A0B7JK74|A0A0B7JK74_9GAMM	GCF_019670125.1_WP_221076876.1	42.500	81	81	99	80	46	0	1	80	1	80	2.13e-26	97.7
tr|A0A0B7JK74|A0A0B7JK74_9GAMM	GCF_008329985.2_WP_149283950.1	41.250	81	81	99	80	47	0	1	80	1	80	2.33e-26	97.7
tr|A0A0B7JK74|A0A0B7JK74_9GAMM	GCF_001995825.2_WP_017057338.1	49.383	81	83	100	81	41	0	1	81	1	81	2.45e-26	97.7
tr|A0A0B7JK74|A0A0B7JK74_9GAMM	GCF_009036245.1_WP_025756830.1	26.923	81	86	96	78	52	2	2	79	10	82	2.62e-26	97.7
tr|A0A0B7JK74|A0A0B7JK74_9GAMM	GCF_008369605.1_WP_000253074.1	45.679	81	81	100	81	44	0	1	81	1	81	2.73e-26	97.4
tr|A0A0B7JK74|A0A0B7JK74_9GAMM	GCF_024347455.1_WP_135458404.1	49.383	81	83	100	81	41	0	1	81	1	81	2.76e-26	97.4
tr|A0A0B7JK74|A0A0B7JK74_9GAMM	GCF_000006925.2_NP_706134.1	26.923	81	86	96	78	52	2	2	79	10	82	3.28e-26	97.4
tr|A0A0B7JK74|A0A0B7JK74_9GAMM	GCF_000091465.1_WP_004733849.1	49.383	81	83	100	81	41	0	1	81	1	81	3.44e-26	97.2
tr|A0A0B7JK74|A0A0B7JK74_9GAMM	GCF_003957745.1_WP_126168493.1	24.051	81	87	98	79	60	0	2	80	7	85	3.50e-26	97.4
tr|A0A0B7JK74|A0A0B7JK74_9GAMM	GCF_002214395.1_WP_010453422.1	40.000	81	81	99	80	48	0	1	80	1	80	3.66e-26	97.2
tr|A0A0B7JK74|A0A0B7JK74_9GAMM	GCF_016904755.1_WP_059234959.1	26.923	81	86	96	78	52	2	2	79	10	82	3.72e-26	97.2
tr|A0A0B7JK74|A0A0B7JK74_9GAMM	GCF_001683395.1_WP_017458015.1	26.923	81	86	96	78	52	2	2	79	10	82	4.26e-26	97.2
tr|A0A0B7JK74|A0A0B7JK74_9GAMM	GCF_009176645.1_WP_152083529.1	26.923	81	86	96	78	52	2	2	79	10	82	4.40e-26	97.2
tr|A0A0B7JK74|A0A0B7JK74_9GAMM	GCF_003594935.2_WP_006173581.1	26.923	81	86	96	78	52	2	2	79	10	82	5.15e-26	96.9
tr|A0A0B7JK74|A0A0B7JK74_9GAMM	GCF_000005845.2_NP_414731.2	26.923	81	84	96	78	52	2	2	79	8	80	6.57e-26	96.6
tr|A0A0B7JK74|A0A0B7JK74_9GAMM	GCF_002407485.1_WP_096780111.1	46.250	81	81	99	80	43	0	1	80	1	80	6.85e-26	96.3
tr|A0A0B7JK74|A0A0B7JK74_9GAMM	GCF_001831495.1_WP_068547707.1	50.617	81	81	100	81	40	0	1	81	1	81	7.02e-26	96.3
tr|A0A0B7JK74|A0A0B7JK74_9GAMM	GCF_001022135.1_WP_039078449.1	28.205	81	86	96	78	51	2	2	79	10	82	7.20e-26	96.6
tr|A0A0B7JK74|A0A0B7JK74_9GAMM	GCF_009068765.1_WP_151900329.1	47.500	81	81	99	80	42	0	1	80	1	80	7.25e-26	96.3
tr|A0A0B7JK74|A0A0B7JK74_9GAMM	GCF_024494545.1_WP_256384876.1	77.778	81	81	100	81	18	0	1	81	1	81	8.84e-26	96.0
tr|A0A0B7JK74|A0A0B7JK74_9GAMM	GCF_017167985.1_WP_079784061.1	30.769	81	90	96	78	54	0	3	80	8	85	9.14e-26	96.3
tr|A0A0B7JK74|A0A0B7JK74_9GAMM	GCF_006742785.1_WP_172630283.1	31.646	81	88	98	79	54	0	2	80	5	83	9.32e-26	96.3
tr|A0A0B7JK74|A0A0B7JK74_9GAMM	GCF_001658025.2_WP_007373243.1	28.205	81	86	96	78	51	2	2	79	10	82	9.73e-26	96.0
tr|A0A0B7JK74|A0A0B7JK74_9GAMM	GCF_014879975.1_WP_192888672.1	45.679	81	83	100	81	44	0	1	81	1	81	1.14e-25	96.0
tr|A0A0B7JK74|A0A0B7JK74_9GAMM	GCF_001558255.2_WP_005504861.1	45.679	81	82	99	81	43	1	1	80	1	81	1.16e-25	95.8
tr|A0A0B7JK74|A0A0B7JK74_9GAMM	GCF_019048625.1_WP_023305471.1	26.923	81	86	96	78	52	2	2	79	10	82	1.31e-25	95.8
tr|A0A0B7JK74|A0A0B7JK74_9GAMM	GCF_024347035.1_WP_102941394.1	40.000	81	81	99	80	48	0	1	80	1	80	1.32e-25	95.8
tr|A0A0B7JK74|A0A0B7JK74_9GAMM	GCF_004684345.1_WP_135323069.1	26.923	81	86	96	78	52	2	2	79	10	82	1.45e-25	95.8
tr|A0A0B7JK74|A0A0B7JK74_9GAMM	GCF_019670105.1_WP_040307707.1	43.750	81	81	99	80	45	0	1	80	1	80	1.47e-25	95.5
tr|A0A0B7JK74|A0A0B7JK74_9GAMM	GCF_024362845.1_WP_255230807.1	40.000	81	82	99	80	48	0	1	80	1	80	1.61e-25	95.5
tr|A0A0B7JK74|A0A0B7JK74_9GAMM	GCF_001007875.1_WP_046858354.1	46.250	81	80	99	80	43	0	1	80	1	80	1.61e-25	95.5
tr|A0A0B7JK74|A0A0B7JK74_9GAMM	GCF_900682675.2_WP_069898892.1	30.769	81	94	96	78	54	0	3	80	8	85	1.62e-25	95.8
tr|A0A0B7JK74|A0A0B7JK74_9GAMM	GCF_027886705.1_WP_061497537.1	26.923	81	86	96	78	52	2	2	79	10	82	1.63e-25	95.5
tr|A0A0B7JK74|A0A0B7JK74_9GAMM	GCF_023195735.1_WP_035891978.1	28.205	81	86	96	78	51	2	2	79	10	82	1.67e-25	95.5
tr|A0A0B7JK74|A0A0B7JK74_9GAMM	GCF_003812345.1_WP_003018503.1	26.923	81	86	96	78	52	2	2	79	10	82	1.70e-25	95.5
tr|A0A0B7JK74|A0A0B7JK74_9GAMM	GCF_000224675.1_WP_010426685.1	26.923	81	86	96	78	52	2	2	79	10	82	1.77e-25	95.5
tr|A0A0B7JK74|A0A0B7JK74_9GAMM	GCF_015137655.1_WP_028015593.1	26.923	81	86	96	78	52	2	2	79	10	82	1.78e-25	95.5
tr|A0A0B7JK74|A0A0B7JK74_9GAMM	GCF_900638065.1_WP_048212636.1	26.923	81	86	96	78	52	2	2	79	10	82	1.91e-25	95.5
tr|A0A0B7JK74|A0A0B7JK74_9GAMM	GCF_007632255.1_WP_015368146.1	26.923	81	86	96	78	52	2	2	79	10	82	1.99e-25	95.5
tr|A0A0B7JK74|A0A0B7JK74_9GAMM	GCF_000009145.1_WP_041356315.1	33.750	81	90	99	80	53	0	1	80	5	84	2.04e-25	95.5
tr|A0A0B7JK74|A0A0B7JK74_9GAMM	GCF_001729805.1_WP_008501890.1	26.923	81	86	96	78	52	2	2	79	10	82	2.19e-25	95.2
tr|A0A0B7JK74|A0A0B7JK74_9GAMM	GCF_004353845.1_WP_103768334.1	25.641	81	86	96	78	53	2	2	79	10	82	2.22e-25	95.2
tr|A0A0B7JK74|A0A0B7JK74_9GAMM	GCF_001750725.1_WP_014168720.1	26.923	81	86	96	78	52	2	2	79	10	82	2.43e-25	95.2
tr|A0A0B7JK74|A0A0B7JK74_9GAMM	GCF_002215585.1_WP_088903590.1	23.077	81	89	96	78	59	1	1	78	6	82	2.48e-25	95.2
tr|A0A0B7JK74|A0A0B7JK74_9GAMM	GCF_024582835.1_WP_257083279.1	45.000	81	87	99	80	44	0	1	80	1	80	2.72e-25	94.9
tr|A0A0B7JK74|A0A0B7JK74_9GAMM	GCF_000214665.1_WP_013819542.1	39.241	81	83	98	79	47	1	2	80	6	83	2.72e-25	94.9
tr|A0A0B7JK74|A0A0B7JK74_9GAMM	GCF_009649915.1_WP_062772223.1	28.205	81	86	96	78	51	2	2	79	10	82	2.76e-25	94.9
tr|A0A0B7JK74|A0A0B7JK74_9GAMM	GCF_009363135.1_WP_090122691.1	29.487	81	86	96	78	50	2	2	79	10	82	2.76e-25	94.9
tr|A0A0B7JK74|A0A0B7JK74_9GAMM	GCF_025914095.1_WP_031518416.1	25.641	81	86	96	78	53	2	2	79	10	82	3.08e-25	94.9
tr|A0A0B7JK74|A0A0B7JK74_9GAMM	GCF_021278985.1_WP_012904575.1	26.923	81	86	96	78	52	2	2	79	10	82	3.26e-25	94.9
tr|A0A0B7JK74|A0A0B7JK74_9GAMM	GCF_019047765.1_WP_040231149.1	30.000	81	89	99	80	56	0	2	81	10	89	3.30e-25	94.9
tr|A0A0B7JK74|A0A0B7JK74_9GAMM	GCF_018128425.1_WP_042289833.1	26.923	81	86	96	78	52	2	2	79	10	82	3.44e-25	94.6
tr|A0A0B7JK74|A0A0B7JK74_9GAMM	GCF_001277255.1_WP_007666633.1	26.923	81	86	96	78	52	2	2	79	10	82	3.85e-25	94.6
tr|A0A0B7JK74|A0A0B7JK74_9GAMM	GCF_002393445.1_WP_061273728.1	28.205	81	86	96	78	51	2	2	79	10	82	4.88e-25	94.4
tr|A0A0B7JK74|A0A0B7JK74_9GAMM	GCF_024347655.1_WP_060467732.1	45.000	81	83	99	80	44	0	1	80	1	80	4.93e-25	94.4
tr|A0A0B7JK74|A0A0B7JK74_9GAMM	GCF_017354925.1_WP_207321174.1	21.250	81	87	99	80	63	0	2	81	7	86	5.01e-25	94.4
tr|A0A0B7JK74|A0A0B7JK74_9GAMM	GCF_003935895.2_WP_110510858.1	25.641	81	86	96	78	53	2	2	79	10	82	5.50e-25	94.4
tr|A0A0B7JK74|A0A0B7JK74_9GAMM	GCF_020079945.1_WP_039382769.1	23.077	81	87	96	78	55	2	2	79	10	82	5.64e-25	94.4
tr|A0A0B7JK74|A0A0B7JK74_9GAMM	GCF_001558935.2_WP_042323659.1	26.923	81	86	96	78	52	2	2	79	10	82	6.55e-25	94.1
tr|A0A0B7JK74|A0A0B7JK74_9GAMM	GCF_012767755.2_WP_173176508.1	24.675	81	91	95	77	55	1	4	80	9	82	7.17e-25	94.1
tr|A0A0B7JK74|A0A0B7JK74_9GAMM	GCF_017354965.1_WP_207380278.1	21.250	81	87	99	80	63	0	2	81	7	86	7.45e-25	94.1
tr|A0A0B7JK74|A0A0B7JK74_9GAMM	GCF_000015245.1_WP_011761423.1	20.253	81	86	98	79	63	0	2	80	7	85	7.68e-25	93.8
tr|A0A0B7JK74|A0A0B7JK74_9GAMM	GCF_012767755.2_WP_173171843.1	28.205	81	90	96	78	56	0	3	80	8	85	8.12e-25	93.8
tr|A0A0B7JK74|A0A0B7JK74_9GAMM	GCF_009648935.1_WP_047417117.1	25.641	81	86	96	78	53	2	2	79	10	82	8.18e-25	93.8
tr|A0A0B7JK74|A0A0B7JK74_9GAMM	GCF_001277215.2_WP_007776988.1	26.923	81	86	96	78	52	2	2	79	10	82	8.58e-25	93.8
tr|A0A0B7JK74|A0A0B7JK74_9GAMM	GCF_001277195.1_WP_032966924.1	26.923	81	86	96	78	52	2	2	79	10	82	8.79e-25	93.8
tr|A0A0B7JK74|A0A0B7JK74_9GAMM	GCF_016834455.1_WP_203325205.1	21.519	81	86	98	79	62	0	2	80	7	85	9.22e-25	93.8
tr|A0A0B7JK74|A0A0B7JK74_9GAMM	GCF_001277175.1_WP_007760020.1	28.205	81	86	96	78	51	2	2	79	10	82	9.37e-25	93.8
tr|A0A0B7JK74|A0A0B7JK74_9GAMM	GCF_001456255.1_WP_020335096.1	37.500	81	81	99	80	50	0	1	80	1	80	1.03e-24	93.5
tr|A0A0B7JK74|A0A0B7JK74_9GAMM	GCF_002953195.1_WP_038628016.1	21.795	81	87	96	78	56	2	2	79	10	82	1.13e-24	93.5
tr|A0A0B7JK74|A0A0B7JK74_9GAMM	GCF_022637515.1_WP_064539750.1	26.923	81	86	96	78	52	2	2	79	10	82	1.13e-24	93.5
tr|A0A0B7JK74|A0A0B7JK74_9GAMM	GCF_024224615.1_WP_125293588.1	26.923	81	86	96	78	52	2	2	79	10	82	1.19e-24	93.5
tr|A0A0B7JK74|A0A0B7JK74_9GAMM	GCF_000240185.1_YP_005225236.1	26.923	81	86	96	78	52	2	2	79	10	82	1.20e-24	93.5
tr|A0A0B7JK74|A0A0B7JK74_9GAMM	GCF_004328865.1_WP_104643907.1	46.250	81	83	99	80	43	0	1	80	1	80	1.31e-24	93.2
tr|A0A0B7JK74|A0A0B7JK74_9GAMM	GCF_000439255.1_WP_000062328.1	29.487	81	86	96	78	50	2	2	79	10	82	1.33e-24	93.2
tr|A0A0B7JK74|A0A0B7JK74_9GAMM	GCF_000024825.1_WP_005460845.1	39.506	81	81	100	81	49	0	1	81	1	81	1.47e-24	92.9
tr|A0A0B7JK74|A0A0B7JK74_9GAMM	GCF_000770115.1_WP_069687890.1	41.250	81	81	99	80	47	0	1	80	1	80	1.48e-24	92.9
tr|A0A0B7JK74|A0A0B7JK74_9GAMM	GCF_001007935.1_WP_046849946.1	32.500	81	84	99	80	54	0	1	80	5	84	1.49e-24	93.2
tr|A0A0B7JK74|A0A0B7JK74_9GAMM	GCF_017915135.1_WP_210390879.1	26.923	81	90	96	78	57	0	3	80	8	85	1.52e-24	93.2
tr|A0A0B7JK74|A0A0B7JK74_9GAMM	GCF_013234275.1_WP_172895488.1	28.205	81	86	96	78	51	2	2	79	10	82	1.53e-24	93.2
tr|A0A0B7JK74|A0A0B7JK74_9GAMM	GCF_017329545.1_WP_047884589.1	28.205	81	95	96	78	56	0	2	79	8	85	1.56e-24	93.2
tr|A0A0B7JK74|A0A0B7JK74_9GAMM	GCF_025758125.1_WP_023480196.1	26.923	81	86	96	78	52	2	2	79	10	82	1.63e-24	92.9
tr|A0A0B7JK74|A0A0B7JK74_9GAMM	GCF_003261575.2_WP_110272453.1	28.205	81	86	96	78	51	2	2	79	10	82	1.71e-24	92.9
tr|A0A0B7JK74|A0A0B7JK74_9GAMM	GCF_900635955.1_WP_126357486.1	28.205	81	86	96	78	51	2	2	79	10	82	2.09e-24	92.7
tr|A0A0B7JK74|A0A0B7JK74_9GAMM	GCF_003812925.1_WP_004107903.1	26.923	81	86	96	78	52	2	2	79	10	82	2.26e-24	92.7
tr|A0A0B7JK74|A0A0B7JK74_9GAMM	GCF_000018045.1_WP_024130681.1	26.923	81	86	96	78	52	2	2	79	10	82	2.28e-24	92.7
tr|A0A0B7JK74|A0A0B7JK74_9GAMM	GCF_018139045.1_WP_004129134.1	28.205	81	86	96	78	51	2	2	79	10	82	2.37e-24	92.7
tr|A0A0B7JK74|A0A0B7JK74_9GAMM	GCF_003019925.1_WP_162185254.1	28.205	81	86	96	78	51	2	2	79	10	82	2.39e-24	92.7
tr|A0A0B7JK74|A0A0B7JK74_9GAMM	GCF_000233595.1_WP_013024706.1	23.077	81	86	96	78	55	2	2	79	10	82	2.39e-24	92.7
tr|A0A0B7JK74|A0A0B7JK74_9GAMM	GCF_019670705.1_WP_100146025.1	20.253	81	92	98	79	63	0	2	80	7	85	2.60e-24	92.7
tr|A0A0B7JK74|A0A0B7JK74_9GAMM	GCF_005877035.1_WP_039486662.1	49.383	81	83	100	81	41	0	1	81	1	81	2.70e-24	92.4
tr|A0A0B7JK74|A0A0B7JK74_9GAMM	GCF_000772105.1_WP_004748349.1	41.250	81	81	99	80	47	0	1	80	1	80	2.72e-24	92.4
tr|A0A0B7JK74|A0A0B7JK74_9GAMM	GCF_021276285.1_WP_095923198.1	25.641	81	86	96	78	53	2	2	79	10	82	2.78e-24	92.4
tr|A0A0B7JK74|A0A0B7JK74_9GAMM	GCF_012029655.1_WP_041144145.1	26.923	81	86	96	78	52	2	2	79	10	82	2.85e-24	92.4
tr|A0A0B7JK74|A0A0B7JK74_9GAMM	GCF_002101395.1_WP_085067900.1	21.795	81	87	96	78	56	2	2	79	10	82	2.90e-24	92.4
tr|A0A0B7JK74|A0A0B7JK74_9GAMM	GCF_006711645.1_WP_100682484.1	28.205	81	86	96	78	51	2	2	79	10	82	2.94e-24	92.4
tr|A0A0B7JK74|A0A0B7JK74_9GAMM	GCF_000834395.1_WP_042546713.1	26.923	81	86	96	78	52	2	2	79	10	82	2.94e-24	92.4
tr|A0A0B7JK74|A0A0B7JK74_9GAMM	GCF_024347495.1_WP_137371745.1	42.500	81	80	99	80	46	0	1	80	1	80	2.98e-24	92.4
tr|A0A0B7JK74|A0A0B7JK74_9GAMM	GCF_011068345.1_WP_002436992.1	26.923	81	86	96	78	52	2	2	79	10	82	3.04e-24	92.4
tr|A0A0B7JK74|A0A0B7JK74_9GAMM	GCF_004124235.1_WP_025377303.1	26.923	81	86	96	78	52	2	2	79	10	82	3.11e-24	92.4
tr|A0A0B7JK74|A0A0B7JK74_9GAMM	GCF_002163605.1_WP_157665988.1	27.848	81	86	98	79	52	2	2	80	10	83	3.24e-24	92.4
tr|A0A0B7JK74|A0A0B7JK74_9GAMM	GCF_900233005.1_WP_102521318.1	39.506	81	81	100	81	49	0	1	81	1	81	3.26e-24	92.1
tr|A0A0B7JK74|A0A0B7JK74_9GAMM	GCF_009730655.1_WP_156020461.1	20.253	81	92	98	79	63	0	2	80	7	85	3.41e-24	92.4
tr|A0A0B7JK74|A0A0B7JK74_9GAMM	GCF_022637475.1_WP_013574214.1	24.359	81	86	96	78	54	2	2	79	10	82	3.59e-24	92.1
tr|A0A0B7JK74|A0A0B7JK74_9GAMM	GCF_019890955.1_WP_211725887.1	23.077	81	87	96	78	55	2	2	79	10	82	3.62e-24	92.1
tr|A0A0B7JK74|A0A0B7JK74_9GAMM	GCF_022637595.1_WP_004858152.1	28.205	81	86	96	78	51	2	2	79	10	82	3.64e-24	92.1
tr|A0A0B7JK74|A0A0B7JK74_9GAMM	GCF_015139575.1_WP_004098776.1	26.923	81	86	96	78	52	2	2	79	10	82	3.67e-24	92.1
tr|A0A0B7JK74|A0A0B7JK74_9GAMM	GCF_013282725.1_WP_032813813.1	25.641	81	86	96	78	53	2	2	79	10	82	3.92e-24	92.1
tr|A0A0B7JK74|A0A0B7JK74_9GAMM	GCF_000026185.1_WP_012440659.1	24.359	81	87	96	78	54	2	2	79	10	82	3.99e-24	92.1
tr|A0A0B7JK74|A0A0B7JK74_9GAMM	GCF_023517775.1_WP_249893541.1	21.795	81	87	96	78	56	2	2	79	10	82	4.11e-24	92.1
tr|A0A0B7JK74|A0A0B7JK74_9GAMM	GCF_000006945.2_NP_459242.1	29.487	81	86	96	78	50	2	2	79	10	82	4.17e-24	92.1
tr|A0A0B7JK74|A0A0B7JK74_9GAMM	GCF_002355475.1_WP_003455993.1	26.923	81	90	96	78	57	0	3	80	6	83	4.21e-24	92.1
tr|A0A0B7JK74|A0A0B7JK74_9GAMM	GCF_011617105.1_WP_025800203.1	24.675	81	86	95	77	53	2	2	78	10	81	4.45e-24	91.8
tr|A0A0B7JK74|A0A0B7JK74_9GAMM	GCF_002906475.1_WP_012130247.1	40.000	81	81	99	80	48	0	1	80	1	80	4.48e-24	91.8
tr|A0A0B7JK74|A0A0B7JK74_9GAMM	GCF_000222975.1_WP_002218374.1	26.923	81	86	96	78	52	2	2	79	10	82	4.48e-24	91.8
tr|A0A0B7JK74|A0A0B7JK74_9GAMM	GCF_009914055.1_WP_160619715.1	23.077	81	87	96	78	55	2	2	79	10	82	5.10e-24	91.8
tr|A0A0B7JK74|A0A0B7JK74_9GAMM	GCF_019669905.1_WP_054759186.1	34.177	81	79	98	79	48	1	2	80	5	79	5.54e-24	91.5
tr|A0A0B7JK74|A0A0B7JK74_9GAMM	GCF_003668795.1_WP_054981706.1	41.250	81	83	99	80	47	0	1	80	1	80	7.18e-24	91.3
tr|A0A0B7JK74|A0A0B7JK74_9GAMM	GCF_000834455.1_WP_032817050.1	26.923	81	86	96	78	52	2	2	79	10	82	7.28e-24	91.3
tr|A0A0B7JK74|A0A0B7JK74_9GAMM	GCF_003258315.1_WP_111337788.1	28.750	81	88	99	80	57	0	1	80	5	84	7.48e-24	91.5
tr|A0A0B7JK74|A0A0B7JK74_9GAMM	GCF_002021755.1_WP_005434844.1	40.000	81	81	99	80	48	0	1	80	1	80	7.57e-24	91.3
tr|A0A0B7JK74|A0A0B7JK74_9GAMM	GCF_019670485.1_WP_221071211.1	40.000	81	81	99	80	48	0	1	80	1	80	8.94e-24	91.0
tr|A0A0B7JK74|A0A0B7JK74_9GAMM	GCF_000238395.3_WP_010553578.1	48.750	81	83	99	80	41	0	1	80	1	80	9.56e-24	91.0
tr|A0A0B7JK74|A0A0B7JK74_9GAMM	GCF_009363415.1_WP_152430616.1	41.975	81	84	100	81	47	0	1	81	1	81	1.04e-23	91.0
tr|A0A0B7JK74|A0A0B7JK74_9GAMM	GCF_011044475.1_WP_033740322.1	23.077	81	86	96	78	55	2	2	79	10	82	1.21e-23	90.7
tr|A0A0B7JK74|A0A0B7JK74_9GAMM	GCF_002221525.1_WP_089349457.1	41.250	81	83	99	80	47	0	1	80	1	80	1.21e-23	90.7
tr|A0A0B7JK74|A0A0B7JK74_9GAMM	GCF_000010085.1_WP_011411656.1	26.923	81	86	96	78	52	2	2	79	10	82	1.30e-23	90.7
tr|A0A0B7JK74|A0A0B7JK74_9GAMM	GCF_009730055.1_WP_032906500.1	26.923	81	86	96	78	52	2	2	79	10	82	1.34e-23	90.7
tr|A0A0B7JK74|A0A0B7JK74_9GAMM	GCF_019797845.1_WP_222158377.1	23.077	81	86	96	78	55	2	2	79	10	82	1.51e-23	90.7
tr|A0A0B7JK74|A0A0B7JK74_9GAMM	GCF_000148645.1_WP_013347076.1	42.308	81	80	96	78	45	0	4	81	3	80	1.53e-23	90.4
tr|A0A0B7JK74|A0A0B7JK74_9GAMM	GCF_020683125.1_WP_133842177.1	24.359	81	88	96	78	54	2	2	79	11	83	1.58e-23	90.7
tr|A0A0B7JK74|A0A0B7JK74_9GAMM	GCF_000025065.1_WP_012883679.1	24.359	81	86	96	78	54	2	2	79	10	82	1.62e-23	90.4
tr|A0A0B7JK74|A0A0B7JK74_9GAMM	GCF_900095885.1_WP_035340381.1	25.641	81	86	96	78	53	2	2	79	10	82	1.66e-23	90.4
tr|A0A0B7JK74|A0A0B7JK74_9GAMM	GCF_000517425.1_WP_025421126.1	26.923	81	86	96	78	52	2	2	79	10	82	1.70e-23	90.4
tr|A0A0B7JK74|A0A0B7JK74_9GAMM	GCF_012427845.1_WP_012773648.1	20.513	81	86	96	78	57	2	2	79	10	82	1.72e-23	90.4
tr|A0A0B7JK74|A0A0B7JK74_9GAMM	GCF_022647505.1_WP_128179458.1	20.513	81	87	96	78	57	2	2	79	10	82	1.83e-23	90.4
tr|A0A0B7JK74|A0A0B7JK74_9GAMM	GCF_024360925.2_WP_255188929.1	36.709	81	83	98	79	49	1	2	80	6	83	2.15e-23	90.1
tr|A0A0B7JK74|A0A0B7JK74_9GAMM	GCF_000264765.2_WP_034163237.1	25.316	81	86	98	79	54	2	2	80	10	83	2.18e-23	90.1
tr|A0A0B7JK74|A0A0B7JK74_9GAMM	GCF_025133195.1_WP_032910235.1	26.923	81	86	96	78	52	2	2	79	10	82	2.27e-23	90.1
tr|A0A0B7JK74|A0A0B7JK74_9GAMM	GCF_002288545.1_WP_029367608.1	20.513	81	86	96	78	57	2	2	79	10	82	2.36e-23	90.1
tr|A0A0B7JK74|A0A0B7JK74_9GAMM	GCF_001999225.1_WP_077537996.1	46.250	81	82	99	80	43	0	1	80	1	80	2.36e-23	90.1
tr|A0A0B7JK74|A0A0B7JK74_9GAMM	GCF_014524625.1_WP_009050814.1	29.487	81	92	96	78	55	0	3	80	8	85	2.37e-23	90.1
tr|A0A0B7JK74|A0A0B7JK74_9GAMM	GCF_008807375.1_WP_151133519.1	26.923	81	90	96	78	57	0	3	80	6	83	2.41e-23	90.1
tr|A0A0B7JK74|A0A0B7JK74_9GAMM	GCF_021029445.1_WP_230924827.1	29.487	81	89	96	78	54	1	3	80	8	84	2.80e-23	89.9
tr|A0A0B7JK74|A0A0B7JK74_9GAMM	GCF_019844095.1_WP_062747070.1	24.359	81	88	96	78	54	2	2	79	11	83	3.18e-23	89.9
tr|A0A0B7JK74|A0A0B7JK74_9GAMM	GCF_020150375.1_WP_004094310.1	24.675	81	86	95	77	53	2	2	78	10	81	3.19e-23	89.9
tr|A0A0B7JK74|A0A0B7JK74_9GAMM	GCF_007858975.2_WP_042869176.1	23.077	81	86	96	78	55	2	2	79	10	82	3.45e-23	89.6
tr|A0A0B7JK74|A0A0B7JK74_9GAMM	GCF_000023565.1_WP_012770818.1	23.077	81	86	96	78	55	2	2	79	10	82	3.71e-23	89.6
tr|A0A0B7JK74|A0A0B7JK74_9GAMM	GCF_021733145.1_WP_012847629.1	26.582	81	86	98	79	53	2	2	80	10	83	4.31e-23	89.3
tr|A0A0B7JK74|A0A0B7JK74_9GAMM	GCF_020342335.1_WP_067428135.1	23.077	81	87	96	78	55	2	2	79	10	82	4.43e-23	89.3
tr|A0A0B7JK74|A0A0B7JK74_9GAMM	GCF_000019525.1_WP_012323084.1	32.500	81	81	99	80	54	0	1	80	1	80	4.45e-23	89.3
tr|A0A0B7JK74|A0A0B7JK74_9GAMM	GCF_020181655.1_WP_225087160.1	19.231	81	86	96	78	58	2	2	79	10	82	4.49e-23	89.3
tr|A0A0B7JK74|A0A0B7JK74_9GAMM	GCF_000196615.1_WP_013200864.1	23.077	81	87	96	78	55	2	2	79	10	82	4.60e-23	89.3
tr|A0A0B7JK74|A0A0B7JK74_9GAMM	GCF_000520015.2_WP_024910172.1	30.769	81	87	96	78	49	2	2	79	10	82	4.64e-23	89.3
tr|A0A0B7JK74|A0A0B7JK74_9GAMM	GCF_017498685.1_WP_038245151.1	25.641	81	86	96	78	53	2	2	79	10	82	4.94e-23	89.3
tr|A0A0B7JK74|A0A0B7JK74_9GAMM	GCF_009873295.1_WP_039312412.1	20.513	81	86	96	78	57	2	2	79	10	82	5.26e-23	89.3
tr|A0A0B7JK74|A0A0B7JK74_9GAMM	GCF_000968535.2_WP_014147785.1	33.750	81	84	99	80	52	1	2	81	6	84	5.33e-23	89.3
tr|A0A0B7JK74|A0A0B7JK74_9GAMM	GCF_002005305.1_WP_077753428.1	25.926	81	86	100	81	60	0	1	81	6	86	5.39e-23	89.3
tr|A0A0B7JK74|A0A0B7JK74_9GAMM	GCF_024347675.1_WP_261835500.1	37.037	81	81	100	81	51	0	1	81	1	81	5.52e-23	89.0
tr|A0A0B7JK74|A0A0B7JK74_9GAMM	GCF_005484945.1_WP_137712817.1	20.513	81	86	96	78	57	2	2	79	10	82	5.83e-23	89.0
tr|A0A0B7JK74|A0A0B7JK74_9GAMM	GCF_019977755.1_WP_126608378.1	37.209	81	103	99	86	48	1	1	80	15	100	6.68e-23	89.3
tr|A0A0B7JK74|A0A0B7JK74_9GAMM	GCF_009931295.1_WP_161528353.1	20.513	81	86	96	78	57	2	2	79	10	82	8.01e-23	88.7
tr|A0A0B7JK74|A0A0B7JK74_9GAMM	GCF_013423785.1_WP_180308358.1	27.848	81	88	98	79	56	1	2	80	10	87	8.99e-23	88.7
tr|A0A0B7JK74|A0A0B7JK74_9GAMM	GCF_003515985.1_WP_085653101.1	23.077	81	86	96	78	55	2	2	79	10	82	9.10e-23	88.7
tr|A0A0B7JK74|A0A0B7JK74_9GAMM	GCF_004792415.1_WP_013356856.1	23.077	81	86	96	78	55	2	2	79	10	82	9.78e-23	88.4
tr|A0A0B7JK74|A0A0B7JK74_9GAMM	GCF_000196475.1_WP_012776850.1	26.250	81	88	99	80	54	2	2	81	10	84	9.81e-23	88.4
tr|A0A0B7JK74|A0A0B7JK74_9GAMM	GCF_016026735.1_WP_015673540.1	30.769	81	87	96	78	49	2	2	79	10	82	1.10e-22	88.4
tr|A0A0B7JK74|A0A0B7JK74_9GAMM	GCF_015999465.1_WP_085688159.1	21.795	81	86	96	78	56	2	2	79	10	82	1.11e-22	88.4
tr|A0A0B7JK74|A0A0B7JK74_9GAMM	GCF_002887615.1_WP_038869703.1	37.500	81	81	99	80	50	0	1	80	1	80	1.17e-22	88.2
tr|A0A0B7JK74|A0A0B7JK74_9GAMM	GCF_902387845.1_WP_004237241.1	25.316	81	88	98	79	54	2	2	80	10	83	1.19e-22	88.4
tr|A0A0B7JK74|A0A0B7JK74_9GAMM	GCF_000740965.1_WP_011092648.1	20.513	81	86	96	78	57	2	2	79	10	82	1.21e-22	88.2
tr|A0A0B7JK74|A0A0B7JK74_9GAMM	GCF_017569925.1_WP_208228065.1	21.795	81	86	96	78	56	2	2	79	10	82	1.29e-22	88.2
tr|A0A0B7JK74|A0A0B7JK74_9GAMM	GCF_001642805.2_WP_004931991.1	32.051	81	87	96	78	48	2	2	79	10	82	1.36e-22	88.2
tr|A0A0B7JK74|A0A0B7JK74_9GAMM	GCF_008931805.1_WP_019441510.1	42.500	81	81	99	80	46	0	1	80	1	80	1.43e-22	87.9
tr|A0A0B7JK74|A0A0B7JK74_9GAMM	GCF_000023545.1_WP_015854637.1	20.513	81	86	96	78	57	2	2	79	10	82	1.44e-22	88.2
tr|A0A0B7JK74|A0A0B7JK74_9GAMM	GCF_019090985.1_WP_036781226.1	25.000	81	88	99	80	55	2	2	81	10	84	1.70e-22	87.9
tr|A0A0B7JK74|A0A0B7JK74_9GAMM	GCF_001431725.1_WP_021820278.1	38.272	81	81	100	81	50	0	1	81	1	81	1.72e-22	87.9
tr|A0A0B7JK74|A0A0B7JK74_9GAMM	GCF_013460135.1_WP_180816665.1	26.582	81	88	98	79	53	2	2	80	10	83	1.74e-22	87.9
tr|A0A0B7JK74|A0A0B7JK74_9GAMM	GCF_002812485.1_WP_038661467.1	23.077	81	86	96	78	55	2	2	79	10	82	1.83e-22	87.9
tr|A0A0B7JK74|A0A0B7JK74_9GAMM	GCF_021462285.1_WP_234585968.1	30.769	81	87	96	78	49	2	2	79	10	82	1.83e-22	87.9
tr|A0A0B7JK74|A0A0B7JK74_9GAMM	GCF_000262305.1_WP_002441069.1	26.923	81	86	96	78	52	2	2	79	10	82	2.16e-22	87.6
tr|A0A0B7JK74|A0A0B7JK74_9GAMM	GCF_009817885.1_WP_105232289.1	30.769	81	87	96	78	49	2	2	79	10	82	2.33e-22	87.6
tr|A0A0B7JK74|A0A0B7JK74_9GAMM	GCF_000091565.1_WP_004159420.1	23.077	81	87	96	78	55	2	2	79	10	82	2.42e-22	87.6
tr|A0A0B7JK74|A0A0B7JK74_9GAMM	GCF_004768525.1_WP_026822068.1	26.582	81	88	98	79	53	2	2	80	10	83	2.45e-22	87.6
tr|A0A0B7JK74|A0A0B7JK74_9GAMM	GCF_020268605.1_WP_180560445.1	26.582	81	88	98	79	53	2	2	80	10	83	2.63e-22	87.6
tr|A0A0B7JK74|A0A0B7JK74_9GAMM	GCF_024346675.1_WP_048897676.1	26.582	81	86	98	79	58	0	2	80	8	86	2.64e-22	87.3
tr|A0A0B7JK74|A0A0B7JK74_9GAMM	GCF_001742185.1_WP_005975933.1	20.513	81	86	96	78	57	2	2	79	10	82	2.68e-22	87.3
tr|A0A0B7JK74|A0A0B7JK74_9GAMM	GCF_002291445.1_WP_048635886.1	21.795	81	86	96	78	56	2	2	79	10	82	3.02e-22	87.3
tr|A0A0B7JK74|A0A0B7JK74_9GAMM	GCF_005931095.1_WP_017839868.1	33.750	81	84	99	80	52	1	2	81	6	84	3.06e-22	87.3
tr|A0A0B7JK74|A0A0B7JK74_9GAMM	GCF_001010285.1_WP_046974061.1	23.750	81	88	99	80	56	2	2	81	10	84	3.47e-22	87.0
tr|A0A0B7JK74|A0A0B7JK74_9GAMM	GCF_900187015.1_WP_061796701.1	29.487	81	87	96	78	50	2	2	79	10	82	3.63e-22	87.0
tr|A0A0B7JK74|A0A0B7JK74_9GAMM	GCF_000147055.1_WP_022632468.1	23.077	81	86	96	78	55	2	2	79	10	82	4.05e-22	87.0
tr|A0A0B7JK74|A0A0B7JK74_9GAMM	GCF_000014885.1_WP_020912292.1	21.519	81	87	98	79	62	0	2	80	7	85	4.09e-22	87.0
tr|A0A0B7JK74|A0A0B7JK74_9GAMM	GCF_000196155.1_WP_011145066.1	25.000	81	88	99	80	55	2	2	81	10	84	4.10e-22	87.0
tr|A0A0B7JK74|A0A0B7JK74_9GAMM	GCF_006364355.1_WP_004727652.1	37.037	81	83	100	81	51	0	1	81	1	81	4.23e-22	86.8
tr|A0A0B7JK74|A0A0B7JK74_9GAMM	GCF_000146165.2_WP_164925808.1	20.988	81	89	99	81	63	1	1	80	6	86	4.27e-22	87.0
tr|A0A0B7JK74|A0A0B7JK74_9GAMM	GCF_002504285.1_WP_005282992.1	24.051	81	86	98	79	55	2	2	80	10	83	4.32e-22	86.8
tr|A0A0B7JK74|A0A0B7JK74_9GAMM	GCF_019048385.1_WP_062759648.1	23.077	81	86	96	78	55	2	2	79	10	82	5.18e-22	86.8
tr|A0A0B7JK74|A0A0B7JK74_9GAMM	GCF_003403135.1_WP_024104894.1	23.077	81	86	96	78	55	2	2	79	10	82	5.39e-22	86.8
tr|A0A0B7JK74|A0A0B7JK74_9GAMM	GCF_003992745.1_WP_014700896.1	21.795	81	86	96	78	56	2	2	79	10	82	5.89e-22	86.5
tr|A0A0B7JK74|A0A0B7JK74_9GAMM	GCF_002157895.1_WP_227874980.1	50.000	81	82	99	80	40	0	1	80	2	81	7.37e-22	86.2
tr|A0A0B7JK74|A0A0B7JK74_9GAMM	GCF_000014765.1_WP_011633385.1	35.443	81	89	98	79	51	0	2	80	5	83	7.57e-22	86.2
tr|A0A0B7JK74|A0A0B7JK74_9GAMM	GCF_012295615.1_WP_007018284.1	40.741	81	81	100	81	48	0	1	81	1	81	8.03e-22	86.2
tr|A0A0B7JK74|A0A0B7JK74_9GAMM	GCF_000968195.1_WP_045972480.1	26.250	81	87	99	80	54	2	2	81	11	85	8.30e-22	86.2
tr|A0A0B7JK74|A0A0B7JK74_9GAMM	GCF_009646115.1_WP_008925644.1	23.077	81	86	96	78	55	2	2	79	10	82	1.00e-21	85.9
tr|A0A0B7JK74|A0A0B7JK74_9GAMM	GCF_001455205.1_WP_062560013.1	32.500	81	84	99	80	53	1	2	81	6	84	1.02e-21	85.9
tr|A0A0B7JK74|A0A0B7JK74_9GAMM	GCF_000214235.1_WP_004952197.1	23.077	81	85	96	78	55	2	2	79	8	80	1.13e-21	85.9
tr|A0A0B7JK74|A0A0B7JK74_9GAMM	GCF_011045835.1_WP_075671674.1	30.000	81	86	99	80	51	2	2	81	10	84	1.43e-21	85.6
tr|A0A0B7JK74|A0A0B7JK74_9GAMM	GCF_000517405.1_WP_038469034.1	25.641	81	83	96	78	53	2	2	79	7	79	1.58e-21	85.4
tr|A0A0B7JK74|A0A0B7JK74_9GAMM	GCF_016026395.1_WP_024524235.1	25.316	81	86	98	79	54	2	2	80	10	83	2.05e-21	85.1
tr|A0A0B7JK74|A0A0B7JK74_9GAMM	GCF_022592395.1_WP_047255099.1	24.051	81	87	98	79	55	2	2	80	10	83	2.12e-21	85.1
tr|A0A0B7JK74|A0A0B7JK74_9GAMM	GCF_029457395.1_WP_024766443.1	23.457	81	92	95	81	58	1	4	80	9	89	2.32e-21	85.1
tr|A0A0B7JK74|A0A0B7JK74_9GAMM	GCF_008033135.1_WP_148717358.1	23.750	81	87	99	80	60	1	2	81	7	85	2.33e-21	85.1
tr|A0A0B7JK74|A0A0B7JK74_9GAMM	GCF_001006005.1_WP_223499701.1	24.359	81	85	96	78	54	2	2	79	8	80	2.40e-21	85.1
tr|A0A0B7JK74|A0A0B7JK74_9GAMM	GCF_000261045.2_WP_006318653.1	23.077	81	87	96	78	55	2	2	79	10	82	2.56e-21	84.8
tr|A0A0B7JK74|A0A0B7JK74_9GAMM	GCF_000016065.1_WP_011864074.1	20.000	81	93	99	80	63	1	1	80	6	84	2.62e-21	85.1
tr|A0A0B7JK74|A0A0B7JK74_9GAMM	GCF_022369495.1_WP_072064250.1	30.000	81	86	99	80	51	2	2	81	10	84	2.71e-21	84.8
tr|A0A0B7JK74|A0A0B7JK74_9GAMM	GCF_008364325.2_WP_230090436.1	23.077	81	85	96	78	55	2	2	79	8	80	2.86e-21	84.8
tr|A0A0B7JK74|A0A0B7JK74_9GAMM	GCF_000069965.1_WP_004245453.1	26.250	81	86	99	80	54	2	2	81	10	84	3.05e-21	84.8
tr|A0A0B7JK74|A0A0B7JK74_9GAMM	GCF_017348915.1_WP_040077077.1	28.205	81	86	96	78	51	2	2	79	10	82	3.66e-21	84.5
tr|A0A0B7JK74|A0A0B7JK74_9GAMM	GCF_012971725.1_WP_169940133.1	23.457	81	92	95	81	58	1	4	80	9	89	3.73e-21	84.5
tr|A0A0B7JK74|A0A0B7JK74_9GAMM	GCF_005484965.1_WP_009114129.1	19.231	81	86	96	78	58	2	2	79	10	82	3.84e-21	84.5
tr|A0A0B7JK74|A0A0B7JK74_9GAMM	GCF_002849875.1_WP_232379112.1	39.024	81	113	98	82	47	1	2	80	32	113	4.07e-21	85.1
tr|A0A0B7JK74|A0A0B7JK74_9GAMM	GCF_900638135.1_WP_012146468.1	23.077	81	87	96	78	55	2	2	79	10	82	4.13e-21	84.5
tr|A0A0B7JK74|A0A0B7JK74_9GAMM	GCF_022647325.1_WP_111140597.1	23.077	81	86	96	78	55	2	2	79	10	82	4.16e-21	84.5
tr|A0A0B7JK74|A0A0B7JK74_9GAMM	GCF_000968175.1_WP_045959360.1	26.250	81	88	99	80	54	2	2	81	11	85	4.48e-21	84.2
tr|A0A0B7JK74|A0A0B7JK74_9GAMM	GCF_019797925.1_WP_193521737.1	39.506	81	80	100	81	48	1	1	81	1	80	4.71e-21	84.2
tr|A0A0B7JK74|A0A0B7JK74_9GAMM	GCF_009831665.3_WP_006709226.1	24.359	81	87	96	78	54	2	2	79	10	82	5.32e-21	84.2
tr|A0A0B7JK74|A0A0B7JK74_9GAMM	GCF_002291425.1_WP_095847471.1	29.487	81	87	96	78	50	2	2	79	10	82	5.45e-21	84.2
tr|A0A0B7JK74|A0A0B7JK74_9GAMM	GCF_003074995.2_WP_015870269.1	26.582	81	86	98	79	53	2	2	80	10	83	6.23e-21	83.9
tr|A0A0B7JK74|A0A0B7JK74_9GAMM	GCF_019047765.1_WP_040230035.1	28.205	81	86	96	78	51	2	2	79	10	82	8.16e-21	83.7
tr|A0A0B7JK74|A0A0B7JK74_9GAMM	GCF_029277985.1_WP_154623766.1	25.641	81	87	96	78	53	2	2	79	10	82	8.31e-21	83.7
tr|A0A0B7JK74|A0A0B7JK74_9GAMM	GCF_017743015.1_WP_209027287.1	22.500	81	88	99	80	57	2	2	81	10	84	1.14e-20	83.4
tr|A0A0B7JK74|A0A0B7JK74_9GAMM	GCF_024746855.1_WP_260492542.1	38.750	81	79	99	80	48	1	1	80	1	79	1.15e-20	83.1
tr|A0A0B7JK74|A0A0B7JK74_9GAMM	GCF_014295015.1_WP_013185414.1	22.500	81	87	99	80	57	2	2	81	11	85	1.30e-20	83.1
tr|A0A0B7JK74|A0A0B7JK74_9GAMM	GCF_008632455.1_WP_150048082.1	35.443	81	84	98	79	50	1	2	80	6	83	1.57e-20	82.8
tr|A0A0B7JK74|A0A0B7JK74_9GAMM	GCF_004295645.1_WP_228350951.1	24.051	81	88	98	79	55	2	2	80	11	84	1.69e-20	82.8
tr|A0A0B7JK74|A0A0B7JK74_9GAMM	GCF_003025345.2_WP_003155955.1	23.529	81	91	99	85	60	1	2	81	7	91	1.74e-20	82.8
tr|A0A0B7JK74|A0A0B7JK74_9GAMM	GCF_020541225.1_WP_226811316.1	26.923	81	86	96	78	52	2	2	79	10	82	1.94e-20	82.5
tr|A0A0B7JK74|A0A0B7JK74_9GAMM	GCF_004116975.1_WP_064720954.1	26.250	81	86	99	80	54	2	2	81	10	84	2.44e-20	82.5
tr|A0A0B7JK74|A0A0B7JK74_9GAMM	GCF_002952315.1_WP_012667243.1	19.231	81	87	96	78	58	2	2	79	10	82	2.53e-20	82.3
tr|A0A0B7JK74|A0A0B7JK74_9GAMM	GCF_003096015.2_WP_230514010.1	25.316	81	88	98	79	54	2	2	80	11	84	2.57e-20	82.3
tr|A0A0B7JK74|A0A0B7JK74_9GAMM	GCF_021365465.1_WP_016190321.1	21.795	81	87	96	78	56	2	2	79	10	82	2.96e-20	82.3
tr|A0A0B7JK74|A0A0B7JK74_9GAMM	GCF_025946765.1_WP_264497926.1	21.795	81	86	96	78	56	2	2	79	10	82	3.10e-20	82.3
tr|A0A0B7JK74|A0A0B7JK74_9GAMM	GCF_900478135.1_WP_111739359.1	24.051	81	88	98	79	55	2	2	80	11	84	3.98e-20	82.0
tr|A0A0B7JK74|A0A0B7JK74_9GAMM	GCF_900638655.1_WP_047781753.1	24.051	81	88	98	79	55	2	2	80	11	84	4.41e-20	81.7
tr|A0A0B7JK74|A0A0B7JK74_9GAMM	GCF_003204135.1_WP_004908806.1	28.205	81	87	96	78	51	2	2	79	10	82	4.73e-20	81.7
tr|A0A0B7JK74|A0A0B7JK74_9GAMM	GCF_003568825.1_WP_040644076.1	26.506	81	83	99	83	58	1	1	80	1	83	5.56e-20	81.4
tr|A0A0B7JK74|A0A0B7JK74_9GAMM	GCF_002843235.3_WP_102139922.1	28.205	81	87	96	78	51	2	2	79	10	82	5.72e-20	81.4
tr|A0A0B7JK74|A0A0B7JK74_9GAMM	GCF_000019185.1_WP_012277931.1	33.000	81	100	100	100	48	1	1	81	1	100	6.47e-20	81.7
tr|A0A0B7JK74|A0A0B7JK74_9GAMM	GCF_900475855.1_WP_068441311.1	25.641	81	87	96	78	53	2	2	79	10	82	6.71e-20	81.4
tr|A0A0B7JK74|A0A0B7JK74_9GAMM	GCF_002393505.1_WP_006658392.1	30.769	81	87	96	78	49	2	2	79	10	82	7.74e-20	81.1
tr|A0A0B7JK74|A0A0B7JK74_9GAMM	GCF_000785705.2_WP_036272019.1	31.646	81	82	98	79	52	2	2	80	6	82	1.05e-19	80.8
tr|A0A0B7JK74|A0A0B7JK74_9GAMM	GCF_001721185.1_WP_069317984.1	22.500	81	87	99	80	57	2	2	81	10	84	1.06e-19	80.8
tr|A0A0B7JK74|A0A0B7JK74_9GAMM	GCF_019703835.1_WP_087020305.1	40.260	81	79	95	77	42	1	4	80	3	75	1.39e-19	80.3
tr|A0A0B7JK74|A0A0B7JK74_9GAMM	GCF_005671395.1_WP_138095872.1	22.727	81	86	81	66	50	1	2	67	10	74	2.39e-19	80.0
tr|A0A0B7JK74|A0A0B7JK74_9GAMM	GCF_008364325.2_WP_020826409.1	27.848	81	84	98	79	54	1	2	80	7	82	2.54e-19	79.7
tr|A0A0B7JK74|A0A0B7JK74_9GAMM	GCF_017638925.1_WP_208844867.1	39.241	81	81	98	79	47	1	1	79	1	78	1.95e-18	77.5
tr|A0A0B7JK74|A0A0B7JK74_9GAMM	GCF_026427595.1_WP_251812951.1	29.630	81	88	95	81	53	3	4	80	7	87	3.16e-18	77.2
tr|A0A0B7JK74|A0A0B7JK74_9GAMM	GCF_001677435.1_WP_068615618.1	21.739	81	90	85	69	53	1	2	70	9	76	3.23e-18	77.2
tr|A0A0B7JK74|A0A0B7JK74_9GAMM	GCF_003990335.1_WP_127025819.1	28.395	81	91	100	81	57	1	1	81	5	84	4.77e-18	76.6
tr|A0A0B7JK74|A0A0B7JK74_9GAMM	GCF_016026875.1_WP_045525981.1	24.051	81	89	98	79	55	3	2	80	7	80	4.79e-18	76.6
tr|A0A0B7JK74|A0A0B7JK74_9GAMM	GCF_004358345.1_WP_121852852.1	27.941	81	76	84	68	49	0	2	69	8	75	6.03e-18	76.1
tr|A0A0B7JK74|A0A0B7JK74_9GAMM	GCF_007197555.1_WP_144048375.1	26.437	81	94	100	87	58	2	1	81	6	92	1.20e-17	75.8
tr|A0A0B7JK74|A0A0B7JK74_9GAMM	GCF_020405345.1_WP_017780573.1	24.051	81	89	98	79	55	3	2	80	7	80	2.42e-17	74.9
tr|A0A0B7JK74|A0A0B7JK74_9GAMM	GCF_003515105.1_WP_036973086.1	23.881	81	73	83	67	51	0	2	68	6	72	8.49e-17	73.3
tr|A0A0B7JK74|A0A0B7JK74_9GAMM	GCF_020149575.1_WP_224431657.1	23.750	81	85	99	80	56	3	2	81	7	81	2.57e-16	72.1
tr|A0A0B7JK74|A0A0B7JK74_9GAMM	GCF_000018285.1_WP_012155987.1	33.663	81	102	99	101	46	1	1	80	1	101	2.64e-16	72.4
tr|A0A0B7JK74|A0A0B7JK74_9GAMM	GCF_000147355.1_WP_013326989.1	33.333	81	67	81	66	44	0	15	80	1	66	2.96e-16	71.6
tr|A0A0B7JK74|A0A0B7JK74_9GAMM	GCF_020991025.1_WP_152109250.1	28.788	81	83	81	66	47	0	2	67	8	73	5.27e-16	71.3
tr|A0A0B7JK74|A0A0B7JK74_9GAMM	GCF_020423125.1_WP_226170850.1	20.253	81	84	98	79	58	3	2	80	7	80	5.58e-16	71.3
tr|A0A0B7JK74|A0A0B7JK74_9GAMM	GCF_028355655.1_WP_087756847.1	21.519	81	84	98	79	57	3	2	80	7	80	7.60e-16	71.0
tr|A0A0B7JK74|A0A0B7JK74_9GAMM	GCF_900637545.1_WP_042651794.1	21.519	81	84	98	79	57	3	2	80	7	80	7.79e-16	71.0
tr|A0A0B7JK74|A0A0B7JK74_9GAMM	GCF_002215215.1_WP_088918776.1	23.750	81	101	99	80	60	1	2	81	20	98	1.23e-15	70.7
tr|A0A0B7JK74|A0A0B7JK74_9GAMM	GCF_000788395.1_WP_038641921.1	28.750	81	85	99	80	57	0	2	81	5	84	1.68e-15	70.2
tr|A0A0B7JK74|A0A0B7JK74_9GAMM	GCF_008693705.1_WP_127008315.1	21.519	81	84	98	79	57	3	2	80	7	80	5.03e-15	68.8
tr|A0A0B7JK74|A0A0B7JK74_9GAMM	GCF_014169735.1_WP_134997272.1	18.987	81	86	98	79	59	3	2	80	7	80	6.45e-15	68.5
tr|A0A0B7JK74|A0A0B7JK74_9GAMM	GCF_002157225.2_WP_086934278.1	29.167	81	80	89	72	50	1	1	72	4	74	1.30e-14	67.6
tr|A0A0B7JK74|A0A0B7JK74_9GAMM	GCF_001020955.1_WP_047250467.1	19.718	81	82	84	71	54	1	2	69	10	80	1.54e-14	67.6
tr|A0A0B7JK74|A0A0B7JK74_9GAMM	GCF_003855395.1_WP_124730567.1	37.349	81	88	98	83	48	2	2	80	4	86	2.11e-14	67.3
tr|A0A0B7JK74|A0A0B7JK74_9GAMM	GCF_015209785.1_WP_193988300.1	21.875	81	73	79	64	50	0	2	65	6	69	2.16e-14	67.1
tr|A0A0B7JK74|A0A0B7JK74_9GAMM	GCF_003015165.1_WP_106887831.1	20.253	81	84	98	79	58	3	2	80	7	80	2.39e-14	67.1
tr|A0A0B7JK74|A0A0B7JK74_9GAMM	GCF_016026615.1_WP_197928313.1	20.253	81	89	98	79	58	3	2	80	7	80	3.63e-14	66.8
tr|A0A0B7JK74|A0A0B7JK74_9GAMM	GCF_003966655.1_WP_113527441.1	24.286	81	77	86	70	52	1	2	71	8	76	3.79e-14	66.5
tr|A0A0B7JK74|A0A0B7JK74_9GAMM	GCF_000014705.1_WP_011637758.1	32.530	81	88	98	83	52	2	2	80	4	86	4.02e-14	66.5
tr|A0A0B7JK74|A0A0B7JK74_9GAMM	GCF_003063625.1_WP_108601906.1	27.778	81	85	89	72	51	1	1	72	4	74	5.67e-14	66.2
tr|A0A0B7JK74|A0A0B7JK74_9GAMM	GCF_016127195.1_WP_042032742.1	21.795	81	89	96	78	56	3	2	79	7	79	6.79e-14	65.9
tr|A0A0B7JK74|A0A0B7JK74_9GAMM	GCF_001596155.1_WP_068342236.1	20.779	81	90	91	77	54	4	2	75	8	80	7.78e-14	65.9
tr|A0A0B7JK74|A0A0B7JK74_9GAMM	GCF_010093065.1_WP_238430213.1	15.942	81	83	81	69	52	2	2	67	11	76	8.29e-14	65.7
tr|A0A0B7JK74|A0A0B7JK74_9GAMM	GCF_020511155.1_WP_226415657.1	29.762	81	87	99	84	55	2	1	80	4	87	1.31e-13	65.4
tr|A0A0B7JK74|A0A0B7JK74_9GAMM	GCF_013462805.1_WP_009566961.1	24.286	81	77	86	70	52	1	2	71	8	76	1.33e-13	65.1
tr|A0A0B7JK74|A0A0B7JK74_9GAMM	GCF_002218045.2_WP_089137819.1	24.638	81	79	81	69	49	1	2	67	9	77	3.34e-13	64.0
tr|A0A0B7JK74|A0A0B7JK74_9GAMM	GCF_001507645.1_WP_068195976.1	15.789	81	90	90	76	58	2	2	74	8	80	4.53e-13	64.0
tr|A0A0B7JK74|A0A0B7JK74_9GAMM	GCF_001651805.1_WP_067384150.1	22.059	81	78	79	68	49	2	2	65	7	74	5.09e-13	63.7
tr|A0A0B7JK74|A0A0B7JK74_9GAMM	GCF_020844025.1_WP_215848879.1	25.352	81	77	88	71	52	1	2	72	8	77	5.87e-13	63.4
tr|A0A0B7JK74|A0A0B7JK74_9GAMM	GCF_003584645.1_WP_197716612.1	19.737	81	80	89	76	53	3	2	73	8	79	7.58e-13	63.1
tr|A0A0B7JK74|A0A0B7JK74_9GAMM	GCF_000940995.1_WP_082060442.1	21.429	81	93	86	70	55	0	10	79	16	85	8.58e-13	63.4
tr|A0A0B7JK74|A0A0B7JK74_9GAMM	GCF_000026085.1_WP_041454550.1	20.896	81	73	81	67	51	2	2	67	6	71	1.24e-12	62.6
tr|A0A0B7JK74|A0A0B7JK74_9GAMM	GCF_013283835.1_WP_071626507.1	21.127	81	83	84	71	49	3	2	69	8	74	1.31e-12	62.6
tr|A0A0B7JK74|A0A0B7JK74_9GAMM	GCF_027625995.1_WP_270126807.1	21.127	81	82	81	71	47	3	2	67	8	74	1.49e-12	62.6
tr|A0A0B7JK74|A0A0B7JK74_9GAMM	GCF_006337165.1_WP_139515111.1	22.535	81	82	81	71	46	3	2	67	8	74	1.51e-12	62.6
tr|A0A0B7JK74|A0A0B7JK74_9GAMM	GCF_004028275.1_WP_128384077.1	25.676	81	77	86	74	50	3	2	71	3	75	1.56e-12	62.3
tr|A0A0B7JK74|A0A0B7JK74_9GAMM	GCF_013137895.1_WP_135435790.1	21.127	81	83	81	71	47	3	2	67	9	75	1.58e-12	62.6
tr|A0A0B7JK74|A0A0B7JK74_9GAMM	GCF_023650495.1_WP_250655372.1	28.235	81	88	100	85	57	2	1	81	4	88	2.28e-12	62.0
tr|A0A0B7JK74|A0A0B7JK74_9GAMM	GCF_004355185.1_WP_133271280.1	21.127	81	81	81	71	47	3	2	67	7	73	2.52e-12	62.0
tr|A0A0B7JK74|A0A0B7JK74_9GAMM	GCF_902810445.1_WP_197744199.1	24.658	81	78	85	73	47	4	2	70	7	75	2.83e-12	61.7
tr|A0A0B7JK74|A0A0B7JK74_9GAMM	GCF_000576555.1_WP_044000633.1	22.535	81	83	81	71	46	3	2	67	9	75	3.27e-12	61.7
tr|A0A0B7JK74|A0A0B7JK74_9GAMM	GCF_013177675.1_WP_172128285.1	20.270	81	81	88	74	52	3	2	72	8	77	4.25e-12	61.4
tr|A0A0B7JK74|A0A0B7JK74_9GAMM	GCF_004001245.1_WP_127478562.1	12.500	81	85	84	72	59	2	2	69	10	81	4.36e-12	61.4
tr|A0A0B7JK74|A0A0B7JK74_9GAMM	GCF_000212735.1_WP_013764159.1	16.883	81	83	90	77	56	3	2	74	10	82	4.94e-12	61.2
tr|A0A0B7JK74|A0A0B7JK74_9GAMM	GCF_000013765.1_WP_011496543.1	22.892	81	106	98	83	60	2	2	80	23	105	5.41e-12	61.4
tr|A0A0B7JK74|A0A0B7JK74_9GAMM	GCF_009662475.1_WP_031573754.1	24.658	81	79	90	73	54	1	2	74	8	79	6.78e-12	60.9
tr|A0A0B7JK74|A0A0B7JK74_9GAMM	GCF_017742995.1_WP_247749573.1	37.209	81	48	53	43	27	0	1	43	1	43	6.92e-12	60.3
tr|A0A0B7JK74|A0A0B7JK74_9GAMM	GCF_002762215.1_WP_085750011.1	16.901	81	87	83	71	51	4	2	68	9	75	7.49e-12	60.9
tr|A0A0B7JK74|A0A0B7JK74_9GAMM	GCF_010093065.1_WP_162331416.1	17.105	81	84	90	76	57	3	2	74	11	83	7.54e-12	60.6
tr|A0A0B7JK74|A0A0B7JK74_9GAMM	GCF_001444405.1_WP_058032142.1	29.577	81	87	88	71	50	0	1	71	1	71	9.36e-12	60.6
tr|A0A0B7JK74|A0A0B7JK74_9GAMM	GCF_003970675.1_WP_126615366.1	19.697	81	76	81	66	48	3	2	67	13	73	9.84e-12	60.3
tr|A0A0B7JK74|A0A0B7JK74_9GAMM	GCF_000801295.1_WP_171816254.1	19.118	81	99	80	68	51	3	2	66	10	76	1.11e-11	60.6
tr|A0A0B7JK74|A0A0B7JK74_9GAMM	GCF_018736065.1_WP_144074266.1	20.588	81	76	84	68	49	3	2	69	13	75	1.14e-11	60.0
tr|A0A0B7JK74|A0A0B7JK74_9GAMM	GCF_000021985.1_WP_012639500.1	17.647	81	82	79	68	52	1	2	65	8	75	1.26e-11	60.0
tr|A0A0B7JK74|A0A0B7JK74_9GAMM	GCF_003967195.1_WP_172597571.1	22.368	81	83	88	76	53	3	2	72	9	83	1.46e-11	60.0
tr|A0A0B7JK74|A0A0B7JK74_9GAMM	GCF_003149515.1_WP_109656005.1	14.667	81	90	89	75	58	2	2	73	8	79	1.58e-11	60.0
tr|A0A0B7JK74|A0A0B7JK74_9GAMM	GCF_000012325.1_WP_011045621.1	30.882	81	84	84	68	46	1	2	69	5	71	1.85e-11	59.7
tr|A0A0B7JK74|A0A0B7JK74_9GAMM	GCF_016613475.2_WP_200606805.1	17.143	81	90	83	70	52	2	2	68	11	77	2.63e-11	59.5
tr|A0A0B7JK74|A0A0B7JK74_9GAMM	GCF_008728635.1_WP_151087836.1	17.722	81	90	94	79	58	4	2	77	8	82	2.87e-11	59.5
tr|A0A0B7JK74|A0A0B7JK74_9GAMM	GCF_006385555.1_WP_140234395.1	27.711	81	87	98	83	56	3	2	80	4	86	2.91e-11	59.2
tr|A0A0B7JK74|A0A0B7JK74_9GAMM	GCF_009938015.1_WP_223264517.1	18.571	81	90	81	70	53	2	2	67	10	79	2.94e-11	59.5
tr|A0A0B7JK74|A0A0B7JK74_9GAMM	GCF_021654855.1_WP_237262080.1	28.986	81	70	80	69	44	2	2	66	3	70	3.11e-11	58.9
tr|A0A0B7JK74|A0A0B7JK74_9GAMM	GCF_002355415.1_WP_148665551.1	14.493	81	87	81	69	56	1	2	67	17	85	3.61e-11	59.2
tr|A0A0B7JK74|A0A0B7JK74_9GAMM	GCF_002356115.1_WP_096526481.1	22.535	81	78	84	71	49	2	2	69	7	74	3.70e-11	58.9
tr|A0A0B7JK74|A0A0B7JK74_9GAMM	GCF_000024005.1_WP_012793320.1	16.883	81	84	90	77	56	3	2	74	11	83	3.93e-11	58.9
tr|A0A0B7JK74|A0A0B7JK74_9GAMM	GCF_022827545.1_WP_243798205.1	21.127	81	82	81	71	47	3	2	67	8	74	4.38e-11	58.6
tr|A0A0B7JK74|A0A0B7JK74_9GAMM	GCF_002355735.1_WP_096359192.1	14.286	81	83	83	70	57	1	2	68	13	82	4.64e-11	58.6
tr|A0A0B7JK74|A0A0B7JK74_9GAMM	GCF_001955715.1_WP_029708890.1	20.270	81	80	86	74	51	3	2	71	7	76	5.69e-11	58.3
tr|A0A0B7JK74|A0A0B7JK74_9GAMM	GCF_000006765.1_NP_249630.1	28.235	81	108	99	85	56	1	2	81	7	91	6.17e-11	58.9
tr|A0A0B7JK74|A0A0B7JK74_9GAMM	GCF_013282625.1_WP_173286717.1	17.391	81	67	85	69	53	2	2	70	3	67	6.38e-11	58.1
tr|A0A0B7JK74|A0A0B7JK74_9GAMM	GCF_003574965.1_WP_119445661.1	22.535	81	82	81	71	46	3	2	67	8	74	6.52e-11	58.3
tr|A0A0B7JK74|A0A0B7JK74_9GAMM	GCF_002142475.1_WP_026148861.1	18.056	81	86	84	72	51	3	2	69	7	74	6.74e-11	58.3
tr|A0A0B7JK74|A0A0B7JK74_9GAMM	GCF_000321415.2_WP_015260329.1	10.959	81	93	86	73	62	2	2	71	10	82	7.58e-11	58.3
tr|A0A0B7JK74|A0A0B7JK74_9GAMM	GCF_003955735.1_WP_126127786.1	20.000	81	91	83	70	50	3	2	68	12	78	9.22e-11	58.1
tr|A0A0B7JK74|A0A0B7JK74_9GAMM	GCF_019931735.1_WP_223417223.1	22.619	81	87	99	84	61	2	1	80	3	86	1.09e-10	57.8
tr|A0A0B7JK74|A0A0B7JK74_9GAMM	GCF_022811645.1_WP_243511723.1	15.714	81	90	81	70	51	3	2	67	8	73	1.11e-10	57.8
tr|A0A0B7JK74|A0A0B7JK74_9GAMM	GCF_013201665.1_WP_128359868.1	20.548	81	81	86	73	51	3	2	71	8	76	1.24e-10	57.5
tr|A0A0B7JK74|A0A0B7JK74_9GAMM	GCF_013201725.1_WP_014475480.1	22.535	81	74	84	71	48	3	2	69	8	74	1.61e-10	57.2
tr|A0A0B7JK74|A0A0B7JK74_9GAMM	GCF_004798725.1_WP_010811758.1	15.714	81	83	83	70	53	2	2	68	11	77	1.79e-10	57.2
tr|A0A0B7JK74|A0A0B7JK74_9GAMM	GCF_003346815.1_WP_114840342.1	20.548	81	82	86	73	51	3	2	71	8	76	2.30e-10	56.9
tr|A0A0B7JK74|A0A0B7JK74_9GAMM	GCF_009755585.1_WP_157030071.1	15.714	81	85	81	70	51	3	2	67	8	73	2.48e-10	56.9
tr|A0A0B7JK74|A0A0B7JK74_9GAMM	GCF_008807855.1_WP_063240334.1	18.571	81	83	83	70	51	2	2	68	11	77	2.70e-10	56.7
tr|A0A0B7JK74|A0A0B7JK74_9GAMM	GCF_002557795.1_WP_098194977.1	20.270	81	89	84	74	49	3	2	69	11	80	3.33e-10	56.7
tr|A0A0B7JK74|A0A0B7JK74_9GAMM	GCF_018389385.1_WP_218082190.1	16.176	81	91	80	68	51	2	2	66	21	85	3.47e-10	56.7
tr|A0A0B7JK74|A0A0B7JK74_9GAMM	GCF_000012805.1_WP_011330264.1	20.833	81	85	85	72	51	3	2	70	7	75	3.54e-10	56.4
tr|A0A0B7JK74|A0A0B7JK74_9GAMM	GCF_019891175.1_WP_225938383.1	15.714	81	93	83	70	53	2	1	67	14	80	3.94e-10	56.4
tr|A0A0B7JK74|A0A0B7JK74_9GAMM	GCF_024347675.1_WP_261833361.1	45.714	81	54	43	35	19	0	1	35	1	35	4.10e-10	55.8
tr|A0A0B7JK74|A0A0B7JK74_9GAMM	GCF_013343005.1_WP_078482823.1	17.568	81	84	86	74	57	2	2	71	8	81	4.21e-10	56.4
tr|A0A0B7JK74|A0A0B7JK74_9GAMM	GCF_000092245.1_WP_013136435.1	18.571	81	76	83	70	50	3	2	68	5	70	5.08e-10	55.8
tr|A0A0B7JK74|A0A0B7JK74_9GAMM	GCF_024347195.1_WP_271272618.1	26.471	81	77	79	68	45	4	2	65	7	73	5.25e-10	55.8
tr|A0A0B7JK74|A0A0B7JK74_9GAMM	GCF_000018105.1_WP_012162738.1	18.310	81	86	83	71	50	3	1	67	6	72	5.52e-10	56.1
tr|A0A0B7JK74|A0A0B7JK74_9GAMM	GCF_024347275.1_WP_019620968.1	18.421	81	82	89	76	58	2	2	73	7	82	5.64e-10	55.8
tr|A0A0B7JK74|A0A0B7JK74_9GAMM	GCF_004421105.1_WP_134356453.1	20.548	81	80	85	73	50	4	2	70	7	75	5.78e-10	55.8
tr|A0A0B7JK74|A0A0B7JK74_9GAMM	GCF_000238255.3_WP_010559905.1	25.352	81	86	86	71	51	2	2	71	5	74	6.57e-10	55.8
tr|A0A0B7JK74|A0A0B7JK74_9GAMM	GCF_024347255.1_WP_091360415.1	25.000	81	79	79	68	47	2	2	65	7	74	6.99e-10	55.5
tr|A0A0B7JK74|A0A0B7JK74_9GAMM	GCF_020091585.1_WP_224339804.1	15.493	81	82	83	71	52	3	2	68	7	73	8.39e-10	55.5
tr|A0A0B7JK74|A0A0B7JK74_9GAMM	GCF_003353065.1_WP_114983154.1	16.667	81	84	79	66	50	2	2	65	11	73	8.40e-10	55.5
tr|A0A0B7JK74|A0A0B7JK74_9GAMM	GCF_000143085.1_WP_013221711.1	21.918	81	82	85	73	49	4	2	70	7	75	9.30e-10	55.2
tr|A0A0B7JK74|A0A0B7JK74_9GAMM	GCF_003346775.1_WP_114843067.1	18.310	81	84	84	71	51	3	2	69	8	74	9.31e-10	55.5
tr|A0A0B7JK74|A0A0B7JK74_9GAMM	GCF_001956695.1_WP_076086034.1	11.268	81	77	83	71	55	3	2	68	5	71	9.90e-10	55.2
tr|A0A0B7JK74|A0A0B7JK74_9GAMM	GCF_013177635.1_WP_129095542.1	20.588	81	72	80	68	47	3	2	66	8	71	1.02e-09	55.0
tr|A0A0B7JK74|A0A0B7JK74_9GAMM	GCF_000317125.1_WP_015155280.1	18.310	81	81	83	71	50	4	1	67	6	72	1.28e-09	55.0
tr|A0A0B7JK74|A0A0B7JK74_9GAMM	GCF_000227685.2_WP_006746304.1	12.676	81	83	84	71	59	2	2	69	10	80	1.44e-09	55.0
tr|A0A0B7JK74|A0A0B7JK74_9GAMM	GCF_005166025.1_WP_137090244.1	19.444	81	84	84	72	50	3	2	69	8	75	1.81e-09	54.7
tr|A0A0B7JK74|A0A0B7JK74_9GAMM	GCF_023733635.1_WP_039959400.1	18.841	81	89	79	69	50	3	2	65	7	74	2.85e-09	54.1
tr|A0A0B7JK74|A0A0B7JK74_9GAMM	GCF_013201935.1_WP_129014602.1	20.588	81	72	80	68	47	3	2	66	8	71	2.90e-09	53.8
tr|A0A0B7JK74|A0A0B7JK74_9GAMM	GCF_013283835.1_WP_071625892.1	13.699	81	79	83	73	53	3	2	68	5	73	3.13e-09	53.8
tr|A0A0B7JK74|A0A0B7JK74_9GAMM	GCF_004214795.1_WP_130234502.1	17.143	81	78	83	70	51	3	2	68	8	73	3.18e-09	53.8
tr|A0A0B7JK74|A0A0B7JK74_9GAMM	GCF_010119975.1_WP_162445115.1	14.667	81	365	88	75	55	3	2	72	14	83	3.65e-09	57.5
tr|A0A0B7JK74|A0A0B7JK74_9GAMM	GCF_024347215.1_WP_261843265.1	22.388	81	77	79	67	49	2	2	65	7	73	4.96e-09	53.3
tr|A0A0B7JK74|A0A0B7JK74_9GAMM	GCF_003544915.1_WP_118918525.1	18.841	81	73	81	69	49	3	2	67	8	72	8.19e-09	52.7
tr|A0A0B7JK74|A0A0B7JK74_9GAMM	GCF_004293625.1_WP_130538367.1	23.729	81	71	73	59	41	2	2	60	3	57	1.10e-08	52.4
tr|A0A0B7JK74|A0A0B7JK74_9GAMM	GCF_009937995.1_WP_179954406.1	21.918	81	79	85	73	53	2	2	70	7	79	1.26e-08	52.4
tr|A0A0B7JK74|A0A0B7JK74_9GAMM	GCF_000014785.1_WP_011630183.1	15.493	81	83	84	71	57	2	2	69	13	83	1.34e-08	52.4
tr|A0A0B7JK74|A0A0B7JK74_9GAMM	GCF_000265295.1_WP_014770430.1	11.940	81	76	83	67	58	1	2	68	5	70	1.36e-08	52.2
tr|A0A0B7JK74|A0A0B7JK74_9GAMM	GCF_001956695.1_WP_076086043.1	17.808	81	77	86	73	53	3	2	71	7	75	1.57e-08	52.2
tr|A0A0B7JK74|A0A0B7JK74_9GAMM	GCF_000828615.1_WP_041064380.1	19.444	81	80	83	72	52	4	2	68	10	80	1.81e-08	52.2
tr|A0A0B7JK74|A0A0B7JK74_9GAMM	GCF_013201665.1_WP_128358834.1	11.429	81	76	83	70	55	3	2	68	5	70	2.44e-08	51.6
tr|A0A0B7JK74|A0A0B7JK74_9GAMM	GCF_011398355.1_WP_173270160.1	18.750	81	65	79	64	48	2	3	66	4	63	2.57e-08	51.3
tr|A0A0B7JK74|A0A0B7JK74_9GAMM	GCF_001442805.1_WP_057942092.1	14.286	81	88	83	70	54	2	2	68	11	77	4.19e-08	51.3
tr|A0A0B7JK74|A0A0B7JK74_9GAMM	GCF_013201935.1_WP_128987185.1	12.857	81	76	83	70	54	3	2	68	5	70	4.65e-08	51.0
tr|A0A0B7JK74|A0A0B7JK74_9GAMM	GCF_013177635.1_WP_129095951.1	12.857	81	76	83	70	54	3	2	68	5	70	4.84e-08	50.7
tr|A0A0B7JK74|A0A0B7JK74_9GAMM	GCF_002309535.1_WP_096047558.1	15.714	81	88	83	70	52	3	2	68	5	70	5.07e-08	51.0
tr|A0A0B7JK74|A0A0B7JK74_9GAMM	GCF_003544815.1_WP_118886031.1	11.429	81	76	83	70	55	3	2	68	5	70	5.11e-08	50.7
tr|A0A0B7JK74|A0A0B7JK74_9GAMM	GCF_001723605.1_WP_069479051.1	12.857	81	76	83	70	54	3	2	68	5	70	6.23e-08	50.5
tr|A0A0B7JK74|A0A0B7JK74_9GAMM	GCF_000222485.1_WP_014022977.1	18.056	81	85	85	72	53	3	2	70	10	78	6.28e-08	50.7
tr|A0A0B7JK74|A0A0B7JK74_9GAMM	GCF_000024725.1_WP_013031543.1	20.548	81	81	85	73	50	4	2	70	7	75	6.69e-08	50.5
tr|A0A0B7JK74|A0A0B7JK74_9GAMM	GCF_001050135.1_WP_048644179.1	23.944	81	88	83	71	46	3	2	68	10	76	7.30e-08	50.7
tr|A0A0B7JK74|A0A0B7JK74_9GAMM	GCF_011398355.1_WP_173270199.1	15.385	81	66	80	65	51	2	3	67	4	64	8.77e-08	50.2
tr|A0A0B7JK74|A0A0B7JK74_9GAMM	GCF_008122265.1_WP_148863603.1	18.310	81	84	83	71	50	3	2	68	7	73	1.32e-07	49.9
tr|A0A0B7JK74|A0A0B7JK74_9GAMM	GCF_003722295.1_WP_010573895.1	15.278	81	75	81	72	51	3	2	67	7	74	1.36e-07	49.6
tr|A0A0B7JK74|A0A0B7JK74_9GAMM	GCF_000265505.1_WP_014796533.1	16.456	81	97	84	79	54	3	2	69	9	86	2.02e-07	49.6
tr|A0A0B7JK74|A0A0B7JK74_9GAMM	GCF_000317575.1_WP_015193670.1	17.143	81	74	81	70	50	4	2	67	7	72	2.22e-07	49.1
tr|A0A0B7JK74|A0A0B7JK74_9GAMM	GCF_011398155.1_WP_173291533.1	18.310	81	71	86	71	53	3	2	71	3	69	2.37e-07	49.1
tr|A0A0B7JK74|A0A0B7JK74_9GAMM	GCF_000568815.1_WP_025346049.1	11.429	81	76	83	70	55	3	2	68	5	70	5.79e-07	48.2
tr|A0A0B7JK74|A0A0B7JK74_9GAMM	GCF_000242635.2_WP_014682426.1	8.824	81	83	80	68	56	2	6	70	11	75	6.26e-07	48.2
tr|A0A0B7JK74|A0A0B7JK74_9GAMM	GCF_013177675.1_WP_172126669.1	12.857	81	77	83	70	54	3	2	68	5	70	1.99e-06	46.8
tr|A0A0B7JK74|A0A0B7JK74_9GAMM	GCF_000484535.1_WP_023173213.1	17.391	81	91	84	69	55	2	4	71	24	91	2.13e-06	46.8
tr|A0A0B7JK74|A0A0B7JK74_9GAMM	GCF_018388465.1_WP_208290210.1	11.765	81	316	81	68	58	1	8	73	139	206	4.82e-06	48.8
tr|A0A0B7JK74|A0A0B7JK74_9GAMM	GCF_021018745.1_WP_230843504.1	16.667	81	92	80	66	53	2	4	68	24	88	7.05e-06	45.7
tr|A0A0B7JK74|A0A0B7JK74_9GAMM	GCF_000011385.1_WP_011141833.1	16.667	81	92	80	66	53	2	4	68	24	88	2.48e-05	44.3
tr|A0A0B7JK74|A0A0B7JK74_9GAMM	GCF_001705075.2_WP_065970077.1	15.385	81	78	77	65	52	1	2	63	8	72	2.77e-05	44.0
tr|A0A0B7JK74|A0A0B7JK74_9GAMM	GCF_001027285.1_WP_047859305.1	23.077	81	80	48	39	30	0	4	42	12	50	4.39e-04	40.9
tr|A0A0B7JK74|A0A0B7JK74_9GAMM	GCF_005281475.1_WP_137401239.1	16.216	81	81	88	74	55	4	2	72	6	75	0.002	39.2
tr|A0A0B7JK74|A0A0B7JK74_9GAMM	GCF_003346815.1_WP_114840344.1	14.286	81	84	83	70	53	3	2	68	7	72	0.004	38.6
tr|A0A0B7JK74|A0A0B7JK74_9GAMM	GCF_011764585.1_WP_188200227.1	12.069	81	63	65	58	45	3	14	66	1	57	0.005	37.8
tr|A0A0B7JK74|A0A0B7JK74_9GAMM	GCF_006575665.1_WP_141613356.1	15.493	81	81	84	71	53	4	2	69	6	72	0.010	37.5
# PSIBLAST 2.13.0+
# Iteration: 10
# Query: tr|A0A0B7JK74|A0A0B7JK74_9GAMM Modulator of Rho-dependent transcription termination family protein OS=Photobacterium kishitanii OX=318456 GN=C0W70_11190 PE=4 SV=1
# Database: db/chosen-bacteria_proteome_exDup
# Fields: query id, subject id, % identity, query length, subject length, % query coverage per subject, alignment length, mismatches, gap opens, q. start, q. end, s. start, s. end, evalue, bit score
# 451 hits found
tr|A0A0B7JK74|A0A0B7JK74_9GAMM	GCF_002204915.1_WP_052690899.1	39.506	81	101	100	81	49	0	1	81	20	100	4.96e-30	107
tr|A0A0B7JK74|A0A0B7JK74_9GAMM	GCF_024347355.1_WP_105024956.1	46.914	81	83	100	81	43	0	1	81	1	81	7.56e-30	106
tr|A0A0B7JK74|A0A0B7JK74_9GAMM	GCF_008693605.1_WP_223849061.1	35.000	81	95	99	80	52	0	2	81	11	90	7.78e-30	106
tr|A0A0B7JK74|A0A0B7JK74_9GAMM	GCF_025402875.1_WP_011791024.1	27.500	81	90	99	80	58	0	1	80	6	85	8.11e-30	106
tr|A0A0B7JK74|A0A0B7JK74_9GAMM	GCF_004353845.1_WP_103770713.1	35.000	81	93	99	80	52	0	2	81	10	89	1.02e-29	106
tr|A0A0B7JK74|A0A0B7JK74_9GAMM	GCF_003812345.1_WP_121571778.1	35.000	81	94	99	80	52	0	2	81	10	89	1.59e-29	105
tr|A0A0B7JK74|A0A0B7JK74_9GAMM	GCF_009938225.1_WP_075649723.1	40.741	81	82	100	81	48	0	1	81	1	81	2.67e-29	105
tr|A0A0B7JK74|A0A0B7JK74_9GAMM	GCF_024971755.1_WP_259474826.1	25.000	81	88	99	80	60	0	1	80	6	85	3.65e-29	105
tr|A0A0B7JK74|A0A0B7JK74_9GAMM	GCF_024347475.1_WP_239840920.1	44.444	81	83	100	81	45	0	1	81	1	81	5.05e-29	104
tr|A0A0B7JK74|A0A0B7JK74_9GAMM	GCF_000178875.2_WP_012197738.1	25.000	81	90	99	80	60	0	1	80	6	85	1.02e-28	103
tr|A0A0B7JK74|A0A0B7JK74_9GAMM	GCF_001597285.1_WP_061903727.1	30.769	81	92	96	78	54	0	3	80	8	85	1.10e-28	103
tr|A0A0B7JK74|A0A0B7JK74_9GAMM	GCF_009938185.1_WP_162048373.1	44.444	81	82	100	81	45	0	1	81	1	81	1.49e-28	103
tr|A0A0B7JK74|A0A0B7JK74_9GAMM	GCF_022371215.1_WP_239718047.1	44.444	81	83	100	81	45	0	1	81	1	81	3.68e-28	102
tr|A0A0B7JK74|A0A0B7JK74_9GAMM	GCF_000733715.2_WP_017362912.1	29.487	81	90	96	78	55	0	3	80	8	85	8.67e-28	101
tr|A0A0B7JK74|A0A0B7JK74_9GAMM	GCF_002355475.1_WP_004421315.1	29.487	81	91	96	78	55	0	3	80	9	86	1.00e-27	101
tr|A0A0B7JK74|A0A0B7JK74_9GAMM	GCF_011397855.1_WP_044414183.1	29.487	81	90	96	78	55	0	3	80	8	85	1.16e-27	101
tr|A0A0B7JK74|A0A0B7JK74_9GAMM	GCF_008693645.1_WP_137347870.1	28.750	81	89	99	80	57	0	2	81	10	89	1.19e-27	101
tr|A0A0B7JK74|A0A0B7JK74_9GAMM	GCF_014905115.1_WP_193151849.1	45.000	81	81	99	80	44	0	1	80	1	80	1.21e-27	100
tr|A0A0B7JK74|A0A0B7JK74_9GAMM	GCF_013409125.2_WP_099525265.1	28.205	81	90	96	78	56	0	3	80	8	85	1.34e-27	101
tr|A0A0B7JK74|A0A0B7JK74_9GAMM	GCF_017167985.1_WP_093053415.1	29.487	81	92	96	78	55	0	3	80	8	85	2.74e-27	100
tr|A0A0B7JK74|A0A0B7JK74_9GAMM	GCF_001594225.2_WP_064379396.1	26.923	81	92	96	78	57	0	3	80	8	85	3.76e-27	 99
tr|A0A0B7JK74|A0A0B7JK74_9GAMM	GCF_013200955.2_WP_173204463.1	27.848	81	91	98	79	57	0	2	80	8	86	3.90e-27	99.7
tr|A0A0B7JK74|A0A0B7JK74_9GAMM	GCF_001461805.1_WP_013367515.1	28.205	81	86	96	78	51	2	2	79	10	82	3.92e-27	99.7
tr|A0A0B7JK74|A0A0B7JK74_9GAMM	GCF_024347595.1_WP_176681244.1	44.444	81	83	100	81	45	0	1	81	1	81	3.96e-27	99.7
tr|A0A0B7JK74|A0A0B7JK74_9GAMM	GCF_024205225.1_WP_195881696.1	26.923	81	90	96	78	57	0	3	80	8	85	4.05e-27	99.7
tr|A0A0B7JK74|A0A0B7JK74_9GAMM	GCF_000297075.2_WP_003461742.1	28.205	81	90	96	78	56	0	3	80	8	85	4.08e-27	99.7
tr|A0A0B7JK74|A0A0B7JK74_9GAMM	GCF_020097475.1_WP_000062318.1	28.205	81	86	96	78	51	2	2	79	10	82	4.11e-27	99.7
tr|A0A0B7JK74|A0A0B7JK74_9GAMM	GCF_008807375.1_WP_151138908.1	28.205	81	91	96	78	56	0	3	80	9	86	5.45e-27	99.4
tr|A0A0B7JK74|A0A0B7JK74_9GAMM	GCF_001518835.1_WP_059308693.1	26.923	81	86	96	78	52	2	2	79	10	82	6.12e-27	99.1
tr|A0A0B7JK74|A0A0B7JK74_9GAMM	GCF_004684345.1_WP_135321947.1	30.380	81	93	98	79	55	0	2	80	10	88	6.58e-27	99.4
tr|A0A0B7JK74|A0A0B7JK74_9GAMM	GCF_009938205.1_WP_075706454.1	48.148	81	82	100	81	42	0	1	81	1	81	6.79e-27	99.1
tr|A0A0B7JK74|A0A0B7JK74_9GAMM	GCF_021172065.1_WP_015965827.1	29.487	81	86	96	78	50	2	2	79	10	82	6.84e-27	99.1
tr|A0A0B7JK74|A0A0B7JK74_9GAMM	GCF_001708425.1_WP_055136127.1	25.641	81	94	96	78	58	0	3	80	8	85	7.19e-27	99.1
tr|A0A0B7JK74|A0A0B7JK74_9GAMM	GCF_001558415.2_WP_061055374.1	45.679	81	83	100	81	44	0	1	81	1	81	8.16e-27	98.9
tr|A0A0B7JK74|A0A0B7JK74_9GAMM	GCF_019670125.1_WP_221076876.1	42.500	81	81	99	80	46	0	1	80	1	80	1.06e-26	98.6
tr|A0A0B7JK74|A0A0B7JK74_9GAMM	GCF_009036245.1_WP_025756830.1	26.923	81	86	96	78	52	2	2	79	10	82	1.14e-26	98.6
tr|A0A0B7JK74|A0A0B7JK74_9GAMM	GCF_024347635.1_WP_139683960.1	48.148	81	83	100	81	42	0	1	81	1	81	1.20e-26	98.3
tr|A0A0B7JK74|A0A0B7JK74_9GAMM	GCF_008329985.2_WP_149283950.1	41.250	81	81	99	80	47	0	1	80	1	80	1.49e-26	98.0
tr|A0A0B7JK74|A0A0B7JK74_9GAMM	GCF_000006925.2_NP_706134.1	26.923	81	86	96	78	52	2	2	79	10	82	1.51e-26	98.3
tr|A0A0B7JK74|A0A0B7JK74_9GAMM	GCF_001995825.2_WP_017057338.1	49.383	81	83	100	81	41	0	1	81	1	81	1.52e-26	98.3
tr|A0A0B7JK74|A0A0B7JK74_9GAMM	GCF_003957745.1_WP_126168493.1	24.051	81	87	98	79	60	0	2	80	7	85	1.58e-26	98.3
tr|A0A0B7JK74|A0A0B7JK74_9GAMM	GCF_016904755.1_WP_059234959.1	26.923	81	86	96	78	52	2	2	79	10	82	1.61e-26	98.3
tr|A0A0B7JK74|A0A0B7JK74_9GAMM	GCF_008369605.1_WP_000253074.1	45.679	81	81	100	81	44	0	1	81	1	81	1.64e-26	98.0
tr|A0A0B7JK74|A0A0B7JK74_9GAMM	GCF_002214395.1_WP_010453422.1	40.000	81	81	99	80	48	0	1	80	1	80	1.65e-26	98.0
tr|A0A0B7JK74|A0A0B7JK74_9GAMM	GCF_024347455.1_WP_135458404.1	49.383	81	83	100	81	41	0	1	81	1	81	1.72e-26	98.0
tr|A0A0B7JK74|A0A0B7JK74_9GAMM	GCF_009176645.1_WP_152083529.1	26.923	81	86	96	78	52	2	2	79	10	82	1.75e-26	98.0
tr|A0A0B7JK74|A0A0B7JK74_9GAMM	GCF_001683395.1_WP_017458015.1	26.923	81	86	96	78	52	2	2	79	10	82	1.85e-26	98.0
tr|A0A0B7JK74|A0A0B7JK74_9GAMM	GCF_000091465.1_WP_004733849.1	49.383	81	83	100	81	41	0	1	81	1	81	2.09e-26	97.7
tr|A0A0B7JK74|A0A0B7JK74_9GAMM	GCF_003594935.2_WP_006173581.1	26.923	81	86	96	78	52	2	2	79	10	82	2.27e-26	97.7
tr|A0A0B7JK74|A0A0B7JK74_9GAMM	GCF_000005845.2_NP_414731.2	26.923	81	84	96	78	52	2	2	79	8	80	2.92e-26	97.4
tr|A0A0B7JK74|A0A0B7JK74_9GAMM	GCF_001022135.1_WP_039078449.1	28.205	81	86	96	78	51	2	2	79	10	82	3.05e-26	97.4
tr|A0A0B7JK74|A0A0B7JK74_9GAMM	GCF_017167985.1_WP_079784061.1	30.769	81	90	96	78	54	0	3	80	8	85	3.05e-26	97.4
tr|A0A0B7JK74|A0A0B7JK74_9GAMM	GCF_002407485.1_WP_096780111.1	46.250	81	81	99	80	43	0	1	80	1	80	3.19e-26	97.2
tr|A0A0B7JK74|A0A0B7JK74_9GAMM	GCF_009068765.1_WP_151900329.1	47.500	81	81	99	80	42	0	1	80	1	80	3.51e-26	97.2
tr|A0A0B7JK74|A0A0B7JK74_9GAMM	GCF_006742785.1_WP_172630283.1	31.646	81	88	98	79	54	0	2	80	5	83	4.01e-26	97.2
tr|A0A0B7JK74|A0A0B7JK74_9GAMM	GCF_001831495.1_WP_068547707.1	50.617	81	81	100	81	40	0	1	81	1	81	4.22e-26	96.9
tr|A0A0B7JK74|A0A0B7JK74_9GAMM	GCF_024494545.1_WP_256384876.1	77.778	81	81	100	81	18	0	1	81	1	81	4.39e-26	96.9
tr|A0A0B7JK74|A0A0B7JK74_9GAMM	GCF_001658025.2_WP_007373243.1	28.205	81	86	96	78	51	2	2	79	10	82	4.43e-26	97.2
tr|A0A0B7JK74|A0A0B7JK74_9GAMM	GCF_004684345.1_WP_135323069.1	26.923	81	86	96	78	52	2	2	79	10	82	5.48e-26	96.9
tr|A0A0B7JK74|A0A0B7JK74_9GAMM	GCF_019048625.1_WP_023305471.1	26.923	81	86	96	78	52	2	2	79	10	82	5.89e-26	96.6
tr|A0A0B7JK74|A0A0B7JK74_9GAMM	GCF_024347035.1_WP_102941394.1	40.000	81	81	99	80	48	0	1	80	1	80	5.98e-26	96.6
tr|A0A0B7JK74|A0A0B7JK74_9GAMM	GCF_001558255.2_WP_005504861.1	45.679	81	82	99	81	43	1	1	80	1	81	6.59e-26	96.6
tr|A0A0B7JK74|A0A0B7JK74_9GAMM	GCF_003812345.1_WP_003018503.1	26.923	81	86	96	78	52	2	2	79	10	82	6.64e-26	96.6
tr|A0A0B7JK74|A0A0B7JK74_9GAMM	GCF_014879975.1_WP_192888672.1	45.679	81	83	100	81	44	0	1	81	1	81	6.65e-26	96.6
tr|A0A0B7JK74|A0A0B7JK74_9GAMM	GCF_900682675.2_WP_069898892.1	30.769	81	94	96	78	54	0	3	80	8	85	6.65e-26	96.9
tr|A0A0B7JK74|A0A0B7JK74_9GAMM	GCF_023195735.1_WP_035891978.1	28.205	81	86	96	78	51	2	2	79	10	82	7.02e-26	96.6
tr|A0A0B7JK74|A0A0B7JK74_9GAMM	GCF_024362845.1_WP_255230807.1	40.000	81	82	99	80	48	0	1	80	1	80	7.13e-26	96.3
tr|A0A0B7JK74|A0A0B7JK74_9GAMM	GCF_027886705.1_WP_061497537.1	26.923	81	86	96	78	52	2	2	79	10	82	7.36e-26	96.6
tr|A0A0B7JK74|A0A0B7JK74_9GAMM	GCF_900638065.1_WP_048212636.1	26.923	81	86	96	78	52	2	2	79	10	82	7.54e-26	96.3
tr|A0A0B7JK74|A0A0B7JK74_9GAMM	GCF_015137655.1_WP_028015593.1	26.923	81	86	96	78	52	2	2	79	10	82	7.66e-26	96.3
tr|A0A0B7JK74|A0A0B7JK74_9GAMM	GCF_000224675.1_WP_010426685.1	26.923	81	86	96	78	52	2	2	79	10	82	7.66e-26	96.3
tr|A0A0B7JK74|A0A0B7JK74_9GAMM	GCF_019670105.1_WP_040307707.1	43.750	81	81	99	80	45	0	1	80	1	80	7.84e-26	96.3
tr|A0A0B7JK74|A0A0B7JK74_9GAMM	GCF_001007875.1_WP_046858354.1	46.250	81	80	99	80	43	0	1	80	1	80	7.95e-26	96.3
tr|A0A0B7JK74|A0A0B7JK74_9GAMM	GCF_007632255.1_WP_015368146.1	26.923	81	86	96	78	52	2	2	79	10	82	8.10e-26	96.3
tr|A0A0B7JK74|A0A0B7JK74_9GAMM	GCF_000009145.1_WP_041356315.1	33.750	81	90	99	80	53	0	1	80	5	84	8.77e-26	96.3
tr|A0A0B7JK74|A0A0B7JK74_9GAMM	GCF_002215585.1_WP_088903590.1	23.077	81	89	96	78	59	1	1	78	6	82	8.89e-26	96.3
tr|A0A0B7JK74|A0A0B7JK74_9GAMM	GCF_004353845.1_WP_103768334.1	25.641	81	86	96	78	53	2	2	79	10	82	9.05e-26	96.3
tr|A0A0B7JK74|A0A0B7JK74_9GAMM	GCF_001729805.1_WP_008501890.1	26.923	81	86	96	78	52	2	2	79	10	82	9.49e-26	96.3
tr|A0A0B7JK74|A0A0B7JK74_9GAMM	GCF_000214665.1_WP_013819542.1	39.241	81	83	98	79	47	1	2	80	6	83	1.01e-25	96.0
tr|A0A0B7JK74|A0A0B7JK74_9GAMM	GCF_001750725.1_WP_014168720.1	26.923	81	86	96	78	52	2	2	79	10	82	1.04e-25	96.0
tr|A0A0B7JK74|A0A0B7JK74_9GAMM	GCF_009649915.1_WP_062772223.1	28.205	81	86	96	78	51	2	2	79	10	82	1.16e-25	96.0
tr|A0A0B7JK74|A0A0B7JK74_9GAMM	GCF_009363135.1_WP_090122691.1	29.487	81	86	96	78	50	2	2	79	10	82	1.20e-25	96.0
tr|A0A0B7JK74|A0A0B7JK74_9GAMM	GCF_019047765.1_WP_040231149.1	30.000	81	89	99	80	56	0	2	81	10	89	1.24e-25	96.0
tr|A0A0B7JK74|A0A0B7JK74_9GAMM	GCF_024582835.1_WP_257083279.1	45.000	81	87	99	80	44	0	1	80	1	80	1.27e-25	95.8
tr|A0A0B7JK74|A0A0B7JK74_9GAMM	GCF_025914095.1_WP_031518416.1	25.641	81	86	96	78	53	2	2	79	10	82	1.35e-25	95.8
tr|A0A0B7JK74|A0A0B7JK74_9GAMM	GCF_021278985.1_WP_012904575.1	26.923	81	86	96	78	52	2	2	79	10	82	1.41e-25	95.8
tr|A0A0B7JK74|A0A0B7JK74_9GAMM	GCF_018128425.1_WP_042289833.1	26.923	81	86	96	78	52	2	2	79	10	82	1.47e-25	95.8
tr|A0A0B7JK74|A0A0B7JK74_9GAMM	GCF_001277255.1_WP_007666633.1	26.923	81	86	96	78	52	2	2	79	10	82	1.50e-25	95.8
tr|A0A0B7JK74|A0A0B7JK74_9GAMM	GCF_002393445.1_WP_061273728.1	28.205	81	86	96	78	51	2	2	79	10	82	2.07e-25	95.2
tr|A0A0B7JK74|A0A0B7JK74_9GAMM	GCF_003935895.2_WP_110510858.1	25.641	81	86	96	78	53	2	2	79	10	82	2.31e-25	95.2
tr|A0A0B7JK74|A0A0B7JK74_9GAMM	GCF_001558935.2_WP_042323659.1	26.923	81	86	96	78	52	2	2	79	10	82	2.58e-25	95.2
tr|A0A0B7JK74|A0A0B7JK74_9GAMM	GCF_017354925.1_WP_207321174.1	21.250	81	87	99	80	63	0	2	81	7	86	2.59e-25	95.2
tr|A0A0B7JK74|A0A0B7JK74_9GAMM	GCF_024347655.1_WP_060467732.1	45.000	81	83	99	80	44	0	1	80	1	80	2.78e-25	94.9
tr|A0A0B7JK74|A0A0B7JK74_9GAMM	GCF_020079945.1_WP_039382769.1	23.077	81	87	96	78	55	2	2	79	10	82	3.01e-25	94.9
tr|A0A0B7JK74|A0A0B7JK74_9GAMM	GCF_009648935.1_WP_047417117.1	25.641	81	86	96	78	53	2	2	79	10	82	3.25e-25	94.9
tr|A0A0B7JK74|A0A0B7JK74_9GAMM	GCF_001277215.2_WP_007776988.1	26.923	81	86	96	78	52	2	2	79	10	82	3.30e-25	94.9
tr|A0A0B7JK74|A0A0B7JK74_9GAMM	GCF_012767755.2_WP_173176508.1	24.675	81	91	95	77	55	1	4	80	9	82	3.45e-25	94.9
tr|A0A0B7JK74|A0A0B7JK74_9GAMM	GCF_001277195.1_WP_032966924.1	26.923	81	86	96	78	52	2	2	79	10	82	3.49e-25	94.6
tr|A0A0B7JK74|A0A0B7JK74_9GAMM	GCF_001277175.1_WP_007760020.1	28.205	81	86	96	78	51	2	2	79	10	82	3.55e-25	94.6
tr|A0A0B7JK74|A0A0B7JK74_9GAMM	GCF_000015245.1_WP_011761423.1	20.253	81	86	98	79	63	0	2	80	7	85	3.66e-25	94.6
tr|A0A0B7JK74|A0A0B7JK74_9GAMM	GCF_017354965.1_WP_207380278.1	21.250	81	87	99	80	63	0	2	81	7	86	3.82e-25	94.6
tr|A0A0B7JK74|A0A0B7JK74_9GAMM	GCF_002953195.1_WP_038628016.1	21.795	81	87	96	78	56	2	2	79	10	82	4.01e-25	94.6
tr|A0A0B7JK74|A0A0B7JK74_9GAMM	GCF_012767755.2_WP_173171843.1	28.205	81	90	96	78	56	0	3	80	8	85	4.20e-25	94.6
tr|A0A0B7JK74|A0A0B7JK74_9GAMM	GCF_016834455.1_WP_203325205.1	21.519	81	86	98	79	62	0	2	80	7	85	4.33e-25	94.6
tr|A0A0B7JK74|A0A0B7JK74_9GAMM	GCF_000240185.1_YP_005225236.1	26.923	81	86	96	78	52	2	2	79	10	82	4.80e-25	94.4
tr|A0A0B7JK74|A0A0B7JK74_9GAMM	GCF_000439255.1_WP_000062328.1	29.487	81	86	96	78	50	2	2	79	10	82	4.88e-25	94.4
tr|A0A0B7JK74|A0A0B7JK74_9GAMM	GCF_022637515.1_WP_064539750.1	26.923	81	86	96	78	52	2	2	79	10	82	4.92e-25	94.4
tr|A0A0B7JK74|A0A0B7JK74_9GAMM	GCF_024224615.1_WP_125293588.1	26.923	81	86	96	78	52	2	2	79	10	82	5.11e-25	94.4
tr|A0A0B7JK74|A0A0B7JK74_9GAMM	GCF_001456255.1_WP_020335096.1	37.500	81	81	99	80	50	0	1	80	1	80	5.28e-25	94.1
tr|A0A0B7JK74|A0A0B7JK74_9GAMM	GCF_017915135.1_WP_210390879.1	26.923	81	90	96	78	57	0	3	80	8	85	6.05e-25	94.4
tr|A0A0B7JK74|A0A0B7JK74_9GAMM	GCF_000024825.1_WP_005460845.1	39.506	81	81	100	81	49	0	1	81	1	81	6.28e-25	94.1
tr|A0A0B7JK74|A0A0B7JK74_9GAMM	GCF_013234275.1_WP_172895488.1	28.205	81	86	96	78	51	2	2	79	10	82	6.29e-25	94.1
tr|A0A0B7JK74|A0A0B7JK74_9GAMM	GCF_025758125.1_WP_023480196.1	26.923	81	86	96	78	52	2	2	79	10	82	6.65e-25	94.1
tr|A0A0B7JK74|A0A0B7JK74_9GAMM	GCF_001007935.1_WP_046849946.1	32.500	81	84	99	80	54	0	1	80	5	84	6.89e-25	94.1
tr|A0A0B7JK74|A0A0B7JK74_9GAMM	GCF_003261575.2_WP_110272453.1	28.205	81	86	96	78	51	2	2	79	10	82	7.08e-25	94.1
tr|A0A0B7JK74|A0A0B7JK74_9GAMM	GCF_000770115.1_WP_069687890.1	41.250	81	81	99	80	47	0	1	80	1	80	7.48e-25	93.8
tr|A0A0B7JK74|A0A0B7JK74_9GAMM	GCF_004328865.1_WP_104643907.1	46.250	81	83	99	80	43	0	1	80	1	80	7.51e-25	93.8
tr|A0A0B7JK74|A0A0B7JK74_9GAMM	GCF_017329545.1_WP_047884589.1	28.205	81	95	96	78	56	0	2	79	8	85	7.95e-25	94.1
tr|A0A0B7JK74|A0A0B7JK74_9GAMM	GCF_900635955.1_WP_126357486.1	28.205	81	86	96	78	51	2	2	79	10	82	8.57e-25	93.8
tr|A0A0B7JK74|A0A0B7JK74_9GAMM	GCF_000018045.1_WP_024130681.1	26.923	81	86	96	78	52	2	2	79	10	82	8.85e-25	93.8
tr|A0A0B7JK74|A0A0B7JK74_9GAMM	GCF_003812925.1_WP_004107903.1	26.923	81	86	96	78	52	2	2	79	10	82	9.43e-25	93.8
tr|A0A0B7JK74|A0A0B7JK74_9GAMM	GCF_019670705.1_WP_100146025.1	20.253	81	92	98	79	63	0	2	80	7	85	9.55e-25	93.8
tr|A0A0B7JK74|A0A0B7JK74_9GAMM	GCF_018139045.1_WP_004129134.1	28.205	81	86	96	78	51	2	2	79	10	82	1.04e-24	93.5
tr|A0A0B7JK74|A0A0B7JK74_9GAMM	GCF_003019925.1_WP_162185254.1	28.205	81	86	96	78	51	2	2	79	10	82	1.11e-24	93.5
tr|A0A0B7JK74|A0A0B7JK74_9GAMM	GCF_012029655.1_WP_041144145.1	26.923	81	86	96	78	52	2	2	79	10	82	1.20e-24	93.5
tr|A0A0B7JK74|A0A0B7JK74_9GAMM	GCF_002101395.1_WP_085067900.1	21.795	81	87	96	78	56	2	2	79	10	82	1.20e-24	93.5
tr|A0A0B7JK74|A0A0B7JK74_9GAMM	GCF_000233595.1_WP_013024706.1	23.077	81	86	96	78	55	2	2	79	10	82	1.25e-24	93.2
tr|A0A0B7JK74|A0A0B7JK74_9GAMM	GCF_006711645.1_WP_100682484.1	28.205	81	86	96	78	51	2	2	79	10	82	1.26e-24	93.2
tr|A0A0B7JK74|A0A0B7JK74_9GAMM	GCF_009730655.1_WP_156020461.1	20.253	81	92	98	79	63	0	2	80	7	85	1.28e-24	93.5
tr|A0A0B7JK74|A0A0B7JK74_9GAMM	GCF_002163605.1_WP_157665988.1	27.848	81	86	98	79	52	2	2	80	10	83	1.29e-24	93.2
tr|A0A0B7JK74|A0A0B7JK74_9GAMM	GCF_000834395.1_WP_042546713.1	26.923	81	86	96	78	52	2	2	79	10	82	1.30e-24	93.2
tr|A0A0B7JK74|A0A0B7JK74_9GAMM	GCF_004124235.1_WP_025377303.1	26.923	81	86	96	78	52	2	2	79	10	82	1.33e-24	93.2
tr|A0A0B7JK74|A0A0B7JK74_9GAMM	GCF_021276285.1_WP_095923198.1	25.641	81	86	96	78	53	2	2	79	10	82	1.35e-24	93.2
tr|A0A0B7JK74|A0A0B7JK74_9GAMM	GCF_011068345.1_WP_002436992.1	26.923	81	86	96	78	52	2	2	79	10	82	1.36e-24	93.2
tr|A0A0B7JK74|A0A0B7JK74_9GAMM	GCF_000772105.1_WP_004748349.1	41.250	81	81	99	80	47	0	1	80	1	80	1.46e-24	92.9
tr|A0A0B7JK74|A0A0B7JK74_9GAMM	GCF_000006945.2_NP_459242.1	29.487	81	86	96	78	50	2	2	79	10	82	1.47e-24	93.2
tr|A0A0B7JK74|A0A0B7JK74_9GAMM	GCF_015139575.1_WP_004098776.1	26.923	81	86	96	78	52	2	2	79	10	82	1.48e-24	93.2
tr|A0A0B7JK74|A0A0B7JK74_9GAMM	GCF_022637595.1_WP_004858152.1	28.205	81	86	96	78	51	2	2	79	10	82	1.51e-24	93.2
tr|A0A0B7JK74|A0A0B7JK74_9GAMM	GCF_005877035.1_WP_039486662.1	49.383	81	83	100	81	41	0	1	81	1	81	1.52e-24	92.9
tr|A0A0B7JK74|A0A0B7JK74_9GAMM	GCF_024347495.1_WP_137371745.1	42.500	81	80	99	80	46	0	1	80	1	80	1.56e-24	92.9
tr|A0A0B7JK74|A0A0B7JK74_9GAMM	GCF_900233005.1_WP_102521318.1	39.506	81	81	100	81	49	0	1	81	1	81	1.64e-24	92.9
tr|A0A0B7JK74|A0A0B7JK74_9GAMM	GCF_022637475.1_WP_013574214.1	24.359	81	86	96	78	54	2	2	79	10	82	1.72e-24	92.9
tr|A0A0B7JK74|A0A0B7JK74_9GAMM	GCF_013282725.1_WP_032813813.1	25.641	81	86	96	78	53	2	2	79	10	82	1.77e-24	92.9
tr|A0A0B7JK74|A0A0B7JK74_9GAMM	GCF_019890955.1_WP_211725887.1	23.077	81	87	96	78	55	2	2	79	10	82	1.81e-24	92.9
tr|A0A0B7JK74|A0A0B7JK74_9GAMM	GCF_023517775.1_WP_249893541.1	21.795	81	87	96	78	56	2	2	79	10	82	1.83e-24	92.9
tr|A0A0B7JK74|A0A0B7JK74_9GAMM	GCF_000222975.1_WP_002218374.1	26.923	81	86	96	78	52	2	2	79	10	82	1.94e-24	92.9
tr|A0A0B7JK74|A0A0B7JK74_9GAMM	GCF_000026185.1_WP_012440659.1	24.359	81	87	96	78	54	2	2	79	10	82	1.96e-24	92.9
tr|A0A0B7JK74|A0A0B7JK74_9GAMM	GCF_019669905.1_WP_054759186.1	34.177	81	79	98	79	48	1	2	80	5	79	2.15e-24	92.7
tr|A0A0B7JK74|A0A0B7JK74_9GAMM	GCF_011617105.1_WP_025800203.1	24.675	81	86	95	77	53	2	2	78	10	81	2.19e-24	92.7
tr|A0A0B7JK74|A0A0B7JK74_9GAMM	GCF_002906475.1_WP_012130247.1	40.000	81	81	99	80	48	0	1	80	1	80	2.31e-24	92.7
tr|A0A0B7JK74|A0A0B7JK74_9GAMM	GCF_002355475.1_WP_003455993.1	26.923	81	90	96	78	57	0	3	80	6	83	2.35e-24	92.7
tr|A0A0B7JK74|A0A0B7JK74_9GAMM	GCF_009914055.1_WP_160619715.1	23.077	81	87	96	78	55	2	2	79	10	82	2.76e-24	92.4
tr|A0A0B7JK74|A0A0B7JK74_9GAMM	GCF_000834455.1_WP_032817050.1	26.923	81	86	96	78	52	2	2	79	10	82	3.03e-24	92.4
tr|A0A0B7JK74|A0A0B7JK74_9GAMM	GCF_003258315.1_WP_111337788.1	28.750	81	88	99	80	57	0	1	80	5	84	3.48e-24	92.4
tr|A0A0B7JK74|A0A0B7JK74_9GAMM	GCF_002021755.1_WP_005434844.1	40.000	81	81	99	80	48	0	1	80	1	80	3.82e-24	92.1
tr|A0A0B7JK74|A0A0B7JK74_9GAMM	GCF_019670485.1_WP_221071211.1	40.000	81	81	99	80	48	0	1	80	1	80	4.37e-24	91.8
tr|A0A0B7JK74|A0A0B7JK74_9GAMM	GCF_000010085.1_WP_011411656.1	26.923	81	86	96	78	52	2	2	79	10	82	5.08e-24	91.8
tr|A0A0B7JK74|A0A0B7JK74_9GAMM	GCF_003668795.1_WP_054981706.1	41.250	81	83	99	80	47	0	1	80	1	80	5.34e-24	91.5
tr|A0A0B7JK74|A0A0B7JK74_9GAMM	GCF_000238395.3_WP_010553578.1	48.750	81	83	99	80	41	0	1	80	1	80	5.34e-24	91.5
tr|A0A0B7JK74|A0A0B7JK74_9GAMM	GCF_009730055.1_WP_032906500.1	26.923	81	86	96	78	52	2	2	79	10	82	5.82e-24	91.5
tr|A0A0B7JK74|A0A0B7JK74_9GAMM	GCF_009363415.1_WP_152430616.1	41.975	81	84	100	81	47	0	1	81	1	81	5.94e-24	91.5
tr|A0A0B7JK74|A0A0B7JK74_9GAMM	GCF_011044475.1_WP_033740322.1	23.077	81	86	96	78	55	2	2	79	10	82	6.25e-24	91.5
tr|A0A0B7JK74|A0A0B7JK74_9GAMM	GCF_000517425.1_WP_025421126.1	26.923	81	86	96	78	52	2	2	79	10	82	6.66e-24	91.5
tr|A0A0B7JK74|A0A0B7JK74_9GAMM	GCF_900095885.1_WP_035340381.1	25.641	81	86	96	78	53	2	2	79	10	82	7.15e-24	91.5
tr|A0A0B7JK74|A0A0B7JK74_9GAMM	GCF_000025065.1_WP_012883679.1	24.359	81	86	96	78	54	2	2	79	10	82	7.21e-24	91.5
tr|A0A0B7JK74|A0A0B7JK74_9GAMM	GCF_019797845.1_WP_222158377.1	23.077	81	86	96	78	55	2	2	79	10	82	7.32e-24	91.3
tr|A0A0B7JK74|A0A0B7JK74_9GAMM	GCF_024360925.2_WP_255188929.1	36.709	81	83	98	79	49	1	2	80	6	83	7.64e-24	91.3
tr|A0A0B7JK74|A0A0B7JK74_9GAMM	GCF_012427845.1_WP_012773648.1	20.513	81	86	96	78	57	2	2	79	10	82	7.68e-24	91.3
tr|A0A0B7JK74|A0A0B7JK74_9GAMM	GCF_020683125.1_WP_133842177.1	24.359	81	88	96	78	54	2	2	79	11	83	8.35e-24	91.3
tr|A0A0B7JK74|A0A0B7JK74_9GAMM	GCF_021029445.1_WP_230924827.1	29.487	81	89	96	78	54	1	3	80	8	84	8.84e-24	91.3
tr|A0A0B7JK74|A0A0B7JK74_9GAMM	GCF_002221525.1_WP_089349457.1	41.250	81	83	99	80	47	0	1	80	1	80	8.96e-24	91.0
tr|A0A0B7JK74|A0A0B7JK74_9GAMM	GCF_014524625.1_WP_009050814.1	29.487	81	92	96	78	55	0	3	80	8	85	9.56e-24	91.3
tr|A0A0B7JK74|A0A0B7JK74_9GAMM	GCF_025133195.1_WP_032910235.1	26.923	81	86	96	78	52	2	2	79	10	82	9.67e-24	91.0
tr|A0A0B7JK74|A0A0B7JK74_9GAMM	GCF_000264765.2_WP_034163237.1	25.316	81	86	98	79	54	2	2	80	10	83	9.98e-24	91.0
tr|A0A0B7JK74|A0A0B7JK74_9GAMM	GCF_022647505.1_WP_128179458.1	20.513	81	87	96	78	57	2	2	79	10	82	1.05e-23	91.0
tr|A0A0B7JK74|A0A0B7JK74_9GAMM	GCF_002288545.1_WP_029367608.1	20.513	81	86	96	78	57	2	2	79	10	82	1.09e-23	91.0
tr|A0A0B7JK74|A0A0B7JK74_9GAMM	GCF_000148645.1_WP_013347076.1	42.308	81	80	96	78	45	0	4	81	3	80	1.12e-23	90.7
tr|A0A0B7JK74|A0A0B7JK74_9GAMM	GCF_008807375.1_WP_151133519.1	26.923	81	90	96	78	57	0	3	80	6	83	1.32e-23	90.7
tr|A0A0B7JK74|A0A0B7JK74_9GAMM	GCF_001999225.1_WP_077537996.1	46.250	81	82	99	80	43	0	1	80	1	80	1.33e-23	90.7
tr|A0A0B7JK74|A0A0B7JK74_9GAMM	GCF_007858975.2_WP_042869176.1	23.077	81	86	96	78	55	2	2	79	10	82	1.44e-23	90.7
tr|A0A0B7JK74|A0A0B7JK74_9GAMM	GCF_020150375.1_WP_004094310.1	24.675	81	86	95	77	53	2	2	78	10	81	1.56e-23	90.4
tr|A0A0B7JK74|A0A0B7JK74_9GAMM	GCF_019844095.1_WP_062747070.1	24.359	81	88	96	78	54	2	2	79	11	83	1.69e-23	90.4
tr|A0A0B7JK74|A0A0B7JK74_9GAMM	GCF_000023565.1_WP_012770818.1	23.077	81	86	96	78	55	2	2	79	10	82	1.70e-23	90.4
tr|A0A0B7JK74|A0A0B7JK74_9GAMM	GCF_000520015.2_WP_024910172.1	30.769	81	87	96	78	49	2	2	79	10	82	1.97e-23	90.4
tr|A0A0B7JK74|A0A0B7JK74_9GAMM	GCF_021733145.1_WP_012847629.1	26.582	81	86	98	79	53	2	2	80	10	83	2.11e-23	90.1
tr|A0A0B7JK74|A0A0B7JK74_9GAMM	GCF_017498685.1_WP_038245151.1	25.641	81	86	96	78	53	2	2	79	10	82	2.16e-23	90.1
tr|A0A0B7JK74|A0A0B7JK74_9GAMM	GCF_020181655.1_WP_225087160.1	19.231	81	86	96	78	58	2	2	79	10	82	2.25e-23	90.1
tr|A0A0B7JK74|A0A0B7JK74_9GAMM	GCF_020342335.1_WP_067428135.1	23.077	81	87	96	78	55	2	2	79	10	82	2.34e-23	90.1
tr|A0A0B7JK74|A0A0B7JK74_9GAMM	GCF_000968535.2_WP_014147785.1	33.750	81	84	99	80	52	1	2	81	6	84	2.37e-23	90.1
tr|A0A0B7JK74|A0A0B7JK74_9GAMM	GCF_009873295.1_WP_039312412.1	20.513	81	86	96	78	57	2	2	79	10	82	2.43e-23	90.1
tr|A0A0B7JK74|A0A0B7JK74_9GAMM	GCF_002005305.1_WP_077753428.1	25.926	81	86	100	81	60	0	1	81	6	86	2.45e-23	90.1
tr|A0A0B7JK74|A0A0B7JK74_9GAMM	GCF_000019525.1_WP_012323084.1	32.500	81	81	99	80	54	0	1	80	1	80	2.47e-23	89.9
tr|A0A0B7JK74|A0A0B7JK74_9GAMM	GCF_024347675.1_WP_261835500.1	37.037	81	81	100	81	51	0	1	81	1	81	2.57e-23	89.9
tr|A0A0B7JK74|A0A0B7JK74_9GAMM	GCF_000196615.1_WP_013200864.1	23.077	81	87	96	78	55	2	2	79	10	82	2.68e-23	89.9
tr|A0A0B7JK74|A0A0B7JK74_9GAMM	GCF_005484945.1_WP_137712817.1	20.513	81	86	96	78	57	2	2	79	10	82	2.72e-23	89.9
tr|A0A0B7JK74|A0A0B7JK74_9GAMM	GCF_019977755.1_WP_126608378.1	37.209	81	103	99	86	48	1	1	80	15	100	2.90e-23	90.1
tr|A0A0B7JK74|A0A0B7JK74_9GAMM	GCF_009931295.1_WP_161528353.1	20.513	81	86	96	78	57	2	2	79	10	82	3.76e-23	89.6
tr|A0A0B7JK74|A0A0B7JK74_9GAMM	GCF_000196475.1_WP_012776850.1	26.250	81	88	99	80	54	2	2	81	10	84	4.22e-23	89.6
tr|A0A0B7JK74|A0A0B7JK74_9GAMM	GCF_003515985.1_WP_085653101.1	23.077	81	86	96	78	55	2	2	79	10	82	4.55e-23	89.3
tr|A0A0B7JK74|A0A0B7JK74_9GAMM	GCF_004792415.1_WP_013356856.1	23.077	81	86	96	78	55	2	2	79	10	82	4.93e-23	89.3
tr|A0A0B7JK74|A0A0B7JK74_9GAMM	GCF_013423785.1_WP_180308358.1	27.848	81	88	98	79	56	1	2	80	10	87	5.03e-23	89.3
tr|A0A0B7JK74|A0A0B7JK74_9GAMM	GCF_016026735.1_WP_015673540.1	30.769	81	87	96	78	49	2	2	79	10	82	5.10e-23	89.3
tr|A0A0B7JK74|A0A0B7JK74_9GAMM	GCF_000740965.1_WP_011092648.1	20.513	81	86	96	78	57	2	2	79	10	82	5.55e-23	89.0
tr|A0A0B7JK74|A0A0B7JK74_9GAMM	GCF_015999465.1_WP_085688159.1	21.795	81	86	96	78	56	2	2	79	10	82	5.64e-23	89.0
tr|A0A0B7JK74|A0A0B7JK74_9GAMM	GCF_001642805.2_WP_004931991.1	32.051	81	87	96	78	48	2	2	79	10	82	5.74e-23	89.0
tr|A0A0B7JK74|A0A0B7JK74_9GAMM	GCF_017569925.1_WP_208228065.1	21.795	81	86	96	78	56	2	2	79	10	82	5.87e-23	89.0
tr|A0A0B7JK74|A0A0B7JK74_9GAMM	GCF_002887615.1_WP_038869703.1	37.500	81	81	99	80	50	0	1	80	1	80	6.11e-23	89.0
tr|A0A0B7JK74|A0A0B7JK74_9GAMM	GCF_902387845.1_WP_004237241.1	25.316	81	88	98	79	54	2	2	80	10	83	6.38e-23	89.0
tr|A0A0B7JK74|A0A0B7JK74_9GAMM	GCF_013460135.1_WP_180816665.1	26.582	81	88	98	79	53	2	2	80	10	83	6.64e-23	89.0
tr|A0A0B7JK74|A0A0B7JK74_9GAMM	GCF_000023545.1_WP_015854637.1	20.513	81	86	96	78	57	2	2	79	10	82	7.28e-23	88.7
tr|A0A0B7JK74|A0A0B7JK74_9GAMM	GCF_021462285.1_WP_234585968.1	30.769	81	87	96	78	49	2	2	79	10	82	7.35e-23	88.7
tr|A0A0B7JK74|A0A0B7JK74_9GAMM	GCF_019090985.1_WP_036781226.1	25.000	81	88	99	80	55	2	2	81	10	84	7.54e-23	88.7
tr|A0A0B7JK74|A0A0B7JK74_9GAMM	GCF_002812485.1_WP_038661467.1	23.077	81	86	96	78	55	2	2	79	10	82	8.00e-23	88.7
tr|A0A0B7JK74|A0A0B7JK74_9GAMM	GCF_000262305.1_WP_002441069.1	26.923	81	86	96	78	52	2	2	79	10	82	8.87e-23	88.7
tr|A0A0B7JK74|A0A0B7JK74_9GAMM	GCF_008931805.1_WP_019441510.1	42.500	81	81	99	80	46	0	1	80	1	80	9.53e-23	88.4
tr|A0A0B7JK74|A0A0B7JK74_9GAMM	GCF_004768525.1_WP_026822068.1	26.582	81	88	98	79	53	2	2	80	10	83	9.57e-23	88.4
tr|A0A0B7JK74|A0A0B7JK74_9GAMM	GCF_001431725.1_WP_021820278.1	38.272	81	81	100	81	50	0	1	81	1	81	9.92e-23	88.4
tr|A0A0B7JK74|A0A0B7JK74_9GAMM	GCF_009817885.1_WP_105232289.1	30.769	81	87	96	78	49	2	2	79	10	82	1.08e-22	88.4
tr|A0A0B7JK74|A0A0B7JK74_9GAMM	GCF_020268605.1_WP_180560445.1	26.582	81	88	98	79	53	2	2	80	10	83	1.10e-22	88.4
tr|A0A0B7JK74|A0A0B7JK74_9GAMM	GCF_024346675.1_WP_048897676.1	26.582	81	86	98	79	58	0	2	80	8	86	1.14e-22	88.4
tr|A0A0B7JK74|A0A0B7JK74_9GAMM	GCF_001742185.1_WP_005975933.1	20.513	81	86	96	78	57	2	2	79	10	82	1.25e-22	88.2
tr|A0A0B7JK74|A0A0B7JK74_9GAMM	GCF_000091565.1_WP_004159420.1	23.077	81	87	96	78	55	2	2	79	10	82	1.31e-22	88.2
tr|A0A0B7JK74|A0A0B7JK74_9GAMM	GCF_005931095.1_WP_017839868.1	33.750	81	84	99	80	52	1	2	81	6	84	1.38e-22	88.2
tr|A0A0B7JK74|A0A0B7JK74_9GAMM	GCF_002291445.1_WP_048635886.1	21.795	81	86	96	78	56	2	2	79	10	82	1.42e-22	88.2
tr|A0A0B7JK74|A0A0B7JK74_9GAMM	GCF_001010285.1_WP_046974061.1	23.750	81	88	99	80	56	2	2	81	10	84	1.50e-22	88.2
tr|A0A0B7JK74|A0A0B7JK74_9GAMM	GCF_900187015.1_WP_061796701.1	29.487	81	87	96	78	50	2	2	79	10	82	1.64e-22	87.9
tr|A0A0B7JK74|A0A0B7JK74_9GAMM	GCF_000147055.1_WP_022632468.1	23.077	81	86	96	78	55	2	2	79	10	82	1.76e-22	87.9
tr|A0A0B7JK74|A0A0B7JK74_9GAMM	GCF_000196155.1_WP_011145066.1	25.000	81	88	99	80	55	2	2	81	10	84	1.76e-22	87.9
tr|A0A0B7JK74|A0A0B7JK74_9GAMM	GCF_000014885.1_WP_020912292.1	21.519	81	87	98	79	62	0	2	80	7	85	1.79e-22	87.9
tr|A0A0B7JK74|A0A0B7JK74_9GAMM	GCF_006364355.1_WP_004727652.1	37.037	81	83	100	81	51	0	1	81	1	81	1.94e-22	87.6
tr|A0A0B7JK74|A0A0B7JK74_9GAMM	GCF_002504285.1_WP_005282992.1	24.051	81	86	98	79	55	2	2	80	10	83	2.23e-22	87.6
tr|A0A0B7JK74|A0A0B7JK74_9GAMM	GCF_003403135.1_WP_024104894.1	23.077	81	86	96	78	55	2	2	79	10	82	2.43e-22	87.6
tr|A0A0B7JK74|A0A0B7JK74_9GAMM	GCF_019048385.1_WP_062759648.1	23.077	81	86	96	78	55	2	2	79	10	82	2.68e-22	87.3
tr|A0A0B7JK74|A0A0B7JK74_9GAMM	GCF_003992745.1_WP_014700896.1	21.795	81	86	96	78	56	2	2	79	10	82	2.68e-22	87.3
tr|A0A0B7JK74|A0A0B7JK74_9GAMM	GCF_000146165.2_WP_164925808.1	20.988	81	89	99	81	63	1	1	80	6	86	2.69e-22	87.3
tr|A0A0B7JK74|A0A0B7JK74_9GAMM	GCF_000214235.1_WP_004952197.1	23.077	81	85	96	78	55	2	2	79	8	80	3.26e-22	87.0
tr|A0A0B7JK74|A0A0B7JK74_9GAMM	GCF_000014765.1_WP_011633385.1	35.443	81	89	98	79	51	0	2	80	5	83	3.39e-22	87.3
tr|A0A0B7JK74|A0A0B7JK74_9GAMM	GCF_000968195.1_WP_045972480.1	26.250	81	87	99	80	54	2	2	81	11	85	3.54e-22	87.0
tr|A0A0B7JK74|A0A0B7JK74_9GAMM	GCF_001455205.1_WP_062560013.1	32.500	81	84	99	80	53	1	2	81	6	84	3.76e-22	87.0
tr|A0A0B7JK74|A0A0B7JK74_9GAMM	GCF_002157895.1_WP_227874980.1	50.000	81	82	99	80	40	0	1	80	2	81	3.83e-22	87.0
tr|A0A0B7JK74|A0A0B7JK74_9GAMM	GCF_012295615.1_WP_007018284.1	40.741	81	81	100	81	48	0	1	81	1	81	4.18e-22	86.8
tr|A0A0B7JK74|A0A0B7JK74_9GAMM	GCF_009646115.1_WP_008925644.1	23.077	81	86	96	78	55	2	2	79	10	82	5.43e-22	86.8
tr|A0A0B7JK74|A0A0B7JK74_9GAMM	GCF_011045835.1_WP_075671674.1	30.000	81	86	99	80	51	2	2	81	10	84	6.17e-22	86.5
tr|A0A0B7JK74|A0A0B7JK74_9GAMM	GCF_000517405.1_WP_038469034.1	25.641	81	83	96	78	53	2	2	79	7	79	6.70e-22	86.2
tr|A0A0B7JK74|A0A0B7JK74_9GAMM	GCF_001006005.1_WP_223499701.1	24.359	81	85	96	78	54	2	2	79	8	80	6.77e-22	86.5
tr|A0A0B7JK74|A0A0B7JK74_9GAMM	GCF_000261045.2_WP_006318653.1	23.077	81	87	96	78	55	2	2	79	10	82	8.03e-22	86.2
tr|A0A0B7JK74|A0A0B7JK74_9GAMM	GCF_008364325.2_WP_230090436.1	23.077	81	85	96	78	55	2	2	79	8	80	8.46e-22	86.2
tr|A0A0B7JK74|A0A0B7JK74_9GAMM	GCF_000016065.1_WP_011864074.1	20.000	81	93	99	80	63	1	1	80	6	84	9.30e-22	86.2
tr|A0A0B7JK74|A0A0B7JK74_9GAMM	GCF_008033135.1_WP_148717358.1	23.750	81	87	99	80	60	1	2	81	7	85	1.03e-21	85.9
tr|A0A0B7JK74|A0A0B7JK74_9GAMM	GCF_022592395.1_WP_047255099.1	24.051	81	87	98	79	55	2	2	80	10	83	1.06e-21	85.9
tr|A0A0B7JK74|A0A0B7JK74_9GAMM	GCF_016026395.1_WP_024524235.1	25.316	81	86	98	79	54	2	2	80	10	83	1.07e-21	85.9
tr|A0A0B7JK74|A0A0B7JK74_9GAMM	GCF_029457395.1_WP_024766443.1	23.457	81	92	95	81	58	2	4	80	9	89	1.14e-21	85.9
tr|A0A0B7JK74|A0A0B7JK74_9GAMM	GCF_022369495.1_WP_072064250.1	30.000	81	86	99	80	51	2	2	81	10	84	1.16e-21	85.9
tr|A0A0B7JK74|A0A0B7JK74_9GAMM	GCF_900638135.1_WP_012146468.1	23.077	81	87	96	78	55	2	2	79	10	82	1.40e-21	85.6
tr|A0A0B7JK74|A0A0B7JK74_9GAMM	GCF_000069965.1_WP_004245453.1	26.250	81	86	99	80	54	2	2	81	10	84	1.43e-21	85.6
tr|A0A0B7JK74|A0A0B7JK74_9GAMM	GCF_009831665.3_WP_006709226.1	24.359	81	87	96	78	54	2	2	79	10	82	1.68e-21	85.4
tr|A0A0B7JK74|A0A0B7JK74_9GAMM	GCF_005484965.1_WP_009114129.1	19.231	81	86	96	78	58	2	2	79	10	82	1.76e-21	85.4
tr|A0A0B7JK74|A0A0B7JK74_9GAMM	GCF_017348915.1_WP_040077077.1	28.205	81	86	96	78	51	2	2	79	10	82	1.91e-21	85.4
tr|A0A0B7JK74|A0A0B7JK74_9GAMM	GCF_012971725.1_WP_169940133.1	23.457	81	92	95	81	58	2	4	80	9	89	2.04e-21	85.4
tr|A0A0B7JK74|A0A0B7JK74_9GAMM	GCF_000968175.1_WP_045959360.1	26.250	81	88	99	80	54	2	2	81	11	85	2.10e-21	85.1
tr|A0A0B7JK74|A0A0B7JK74_9GAMM	GCF_022647325.1_WP_111140597.1	23.077	81	86	96	78	55	2	2	79	10	82	2.16e-21	85.1
tr|A0A0B7JK74|A0A0B7JK74_9GAMM	GCF_002291425.1_WP_095847471.1	29.487	81	87	96	78	50	2	2	79	10	82	2.40e-21	85.1
tr|A0A0B7JK74|A0A0B7JK74_9GAMM	GCF_002849875.1_WP_232379112.1	39.024	81	113	98	82	47	1	2	80	32	113	2.50e-21	85.4
tr|A0A0B7JK74|A0A0B7JK74_9GAMM	GCF_019797925.1_WP_193521737.1	39.506	81	80	100	81	48	1	1	81	1	80	2.99e-21	84.5
tr|A0A0B7JK74|A0A0B7JK74_9GAMM	GCF_003074995.2_WP_015870269.1	26.582	81	86	98	79	53	2	2	80	10	83	3.07e-21	84.8
tr|A0A0B7JK74|A0A0B7JK74_9GAMM	GCF_029277985.1_WP_154623766.1	25.641	81	87	96	78	53	2	2	79	10	82	3.38e-21	84.5
tr|A0A0B7JK74|A0A0B7JK74_9GAMM	GCF_019047765.1_WP_040230035.1	28.205	81	86	96	78	51	2	2	79	10	82	3.74e-21	84.5
tr|A0A0B7JK74|A0A0B7JK74_9GAMM	GCF_024746855.1_WP_260492542.1	38.750	81	79	99	80	48	1	1	80	1	79	5.21e-21	83.9
tr|A0A0B7JK74|A0A0B7JK74_9GAMM	GCF_017743015.1_WP_209027287.1	22.500	81	88	99	80	57	2	2	81	10	84	5.72e-21	83.9
tr|A0A0B7JK74|A0A0B7JK74_9GAMM	GCF_014295015.1_WP_013185414.1	22.500	81	87	99	80	57	2	2	81	11	85	5.94e-21	83.9
tr|A0A0B7JK74|A0A0B7JK74_9GAMM	GCF_004295645.1_WP_228350951.1	24.051	81	88	98	79	55	2	2	80	11	84	7.62e-21	83.7
tr|A0A0B7JK74|A0A0B7JK74_9GAMM	GCF_020541225.1_WP_226811316.1	26.923	81	86	96	78	52	2	2	79	10	82	8.02e-21	83.7
tr|A0A0B7JK74|A0A0B7JK74_9GAMM	GCF_003025345.2_WP_003155955.1	23.529	81	91	99	85	60	1	2	81	7	91	8.10e-21	83.7
tr|A0A0B7JK74|A0A0B7JK74_9GAMM	GCF_008632455.1_WP_150048082.1	35.443	81	84	98	79	50	1	2	80	6	83	9.08e-21	83.4
tr|A0A0B7JK74|A0A0B7JK74_9GAMM	GCF_003096015.2_WP_230514010.1	25.316	81	88	98	79	54	2	2	80	11	84	1.16e-20	83.4
tr|A0A0B7JK74|A0A0B7JK74_9GAMM	GCF_002952315.1_WP_012667243.1	19.231	81	87	96	78	58	2	2	79	10	82	1.19e-20	83.1
tr|A0A0B7JK74|A0A0B7JK74_9GAMM	GCF_004116975.1_WP_064720954.1	26.250	81	86	99	80	54	2	2	81	10	84	1.19e-20	83.1
tr|A0A0B7JK74|A0A0B7JK74_9GAMM	GCF_025946765.1_WP_264497926.1	21.795	81	86	96	78	56	2	2	79	10	82	1.26e-20	83.1
tr|A0A0B7JK74|A0A0B7JK74_9GAMM	GCF_021365465.1_WP_016190321.1	21.795	81	87	96	78	56	2	2	79	10	82	1.62e-20	82.8
tr|A0A0B7JK74|A0A0B7JK74_9GAMM	GCF_900478135.1_WP_111739359.1	24.051	81	88	98	79	55	2	2	80	11	84	1.91e-20	82.8
tr|A0A0B7JK74|A0A0B7JK74_9GAMM	GCF_003204135.1_WP_004908806.1	28.205	81	87	96	78	51	2	2	79	10	82	2.00e-20	82.5
tr|A0A0B7JK74|A0A0B7JK74_9GAMM	GCF_900638655.1_WP_047781753.1	24.051	81	88	98	79	55	2	2	80	11	84	2.16e-20	82.5
tr|A0A0B7JK74|A0A0B7JK74_9GAMM	GCF_002843235.3_WP_102139922.1	28.205	81	87	96	78	51	2	2	79	10	82	2.54e-20	82.3
tr|A0A0B7JK74|A0A0B7JK74_9GAMM	GCF_900475855.1_WP_068441311.1	25.641	81	87	96	78	53	2	2	79	10	82	2.96e-20	82.3
tr|A0A0B7JK74|A0A0B7JK74_9GAMM	GCF_003568825.1_WP_040644076.1	26.506	81	83	99	83	58	1	1	80	1	83	3.26e-20	82.0
tr|A0A0B7JK74|A0A0B7JK74_9GAMM	GCF_000019185.1_WP_012277931.1	33.000	81	100	100	100	48	1	1	81	1	100	3.62e-20	82.3
tr|A0A0B7JK74|A0A0B7JK74_9GAMM	GCF_002393505.1_WP_006658392.1	30.769	81	87	96	78	49	2	2	79	10	82	3.69e-20	82.0
tr|A0A0B7JK74|A0A0B7JK74_9GAMM	GCF_001721185.1_WP_069317984.1	22.500	81	87	99	80	57	2	2	81	10	84	4.16e-20	82.0
tr|A0A0B7JK74|A0A0B7JK74_9GAMM	GCF_000785705.2_WP_036272019.1	31.646	81	82	98	79	52	2	2	80	6	82	4.80e-20	81.7
tr|A0A0B7JK74|A0A0B7JK74_9GAMM	GCF_019703835.1_WP_087020305.1	40.260	81	79	95	77	42	1	4	80	3	75	6.63e-20	81.1
tr|A0A0B7JK74|A0A0B7JK74_9GAMM	GCF_005671395.1_WP_138095872.1	22.727	81	86	81	66	50	1	2	67	10	74	1.28e-19	80.6
tr|A0A0B7JK74|A0A0B7JK74_9GAMM	GCF_008364325.2_WP_020826409.1	27.848	81	84	98	79	54	1	2	80	7	82	1.61e-19	80.3
tr|A0A0B7JK74|A0A0B7JK74_9GAMM	GCF_017638925.1_WP_208844867.1	39.241	81	81	98	79	47	1	1	79	1	78	1.02e-18	78.3
tr|A0A0B7JK74|A0A0B7JK74_9GAMM	GCF_026427595.1_WP_251812951.1	29.630	81	88	95	81	53	3	4	80	7	87	1.25e-18	78.0
tr|A0A0B7JK74|A0A0B7JK74_9GAMM	GCF_001677435.1_WP_068615618.1	21.739	81	90	85	69	53	1	2	70	9	76	1.69e-18	77.8
tr|A0A0B7JK74|A0A0B7JK74_9GAMM	GCF_003990335.1_WP_127025819.1	28.395	81	91	100	81	57	1	1	81	5	84	2.71e-18	77.2
tr|A0A0B7JK74|A0A0B7JK74_9GAMM	GCF_016026875.1_WP_045525981.1	24.051	81	89	98	79	55	3	2	80	7	80	2.99e-18	77.2
tr|A0A0B7JK74|A0A0B7JK74_9GAMM	GCF_004358345.1_WP_121852852.1	27.941	81	76	84	68	49	0	2	69	8	75	3.27e-18	76.9
tr|A0A0B7JK74|A0A0B7JK74_9GAMM	GCF_007197555.1_WP_144048375.1	26.437	81	94	100	87	58	2	1	81	6	92	5.35e-18	76.6
tr|A0A0B7JK74|A0A0B7JK74_9GAMM	GCF_020405345.1_WP_017780573.1	24.051	81	89	98	79	55	3	2	80	7	80	1.27e-17	75.5
tr|A0A0B7JK74|A0A0B7JK74_9GAMM	GCF_003515105.1_WP_036973086.1	23.881	81	73	83	67	51	0	2	68	6	72	4.71e-17	73.8
tr|A0A0B7JK74|A0A0B7JK74_9GAMM	GCF_020149575.1_WP_224431657.1	23.750	81	85	99	80	56	3	2	81	7	81	1.34e-16	73.0
tr|A0A0B7JK74|A0A0B7JK74_9GAMM	GCF_000018285.1_WP_012155987.1	33.663	81	102	99	101	46	1	1	80	1	101	1.50e-16	73.0
tr|A0A0B7JK74|A0A0B7JK74_9GAMM	GCF_000147355.1_WP_013326989.1	33.333	81	67	81	66	44	0	15	80	1	66	1.75e-16	72.1
tr|A0A0B7JK74|A0A0B7JK74_9GAMM	GCF_020423125.1_WP_226170850.1	20.253	81	84	98	79	58	3	2	80	7	80	2.79e-16	72.1
tr|A0A0B7JK74|A0A0B7JK74_9GAMM	GCF_028355655.1_WP_087756847.1	21.519	81	84	98	79	57	3	2	80	7	80	3.81e-16	71.6
tr|A0A0B7JK74|A0A0B7JK74_9GAMM	GCF_900637545.1_WP_042651794.1	21.519	81	84	98	79	57	3	2	80	7	80	4.32e-16	71.6
tr|A0A0B7JK74|A0A0B7JK74_9GAMM	GCF_020991025.1_WP_152109250.1	28.788	81	83	81	66	47	0	2	67	8	73	4.98e-16	71.3
tr|A0A0B7JK74|A0A0B7JK74_9GAMM	GCF_002215215.1_WP_088918776.1	23.750	81	101	99	80	60	1	2	81	20	98	6.93e-16	71.3
tr|A0A0B7JK74|A0A0B7JK74_9GAMM	GCF_000788395.1_WP_038641921.1	28.750	81	85	99	80	57	0	2	81	5	84	1.36e-15	70.2
tr|A0A0B7JK74|A0A0B7JK74_9GAMM	GCF_008693705.1_WP_127008315.1	21.519	81	84	98	79	57	3	2	80	7	80	2.91e-15	69.3
tr|A0A0B7JK74|A0A0B7JK74_9GAMM	GCF_014169735.1_WP_134997272.1	18.987	81	86	98	79	59	3	2	80	7	80	3.64e-15	69.3
tr|A0A0B7JK74|A0A0B7JK74_9GAMM	GCF_002157225.2_WP_086934278.1	29.167	81	80	89	72	50	1	1	72	4	74	6.11e-15	68.5
tr|A0A0B7JK74|A0A0B7JK74_9GAMM	GCF_015209785.1_WP_193988300.1	21.875	81	73	79	64	50	0	2	65	6	69	1.13e-14	67.6
tr|A0A0B7JK74|A0A0B7JK74_9GAMM	GCF_003855395.1_WP_124730567.1	37.349	81	88	98	83	48	2	2	80	4	86	1.32e-14	67.9
tr|A0A0B7JK74|A0A0B7JK74_9GAMM	GCF_001020955.1_WP_047250467.1	19.718	81	82	84	71	54	1	2	69	10	80	1.34e-14	67.6
tr|A0A0B7JK74|A0A0B7JK74_9GAMM	GCF_003015165.1_WP_106887831.1	20.253	81	84	98	79	58	3	2	80	7	80	1.40e-14	67.6
tr|A0A0B7JK74|A0A0B7JK74_9GAMM	GCF_010093065.1_WP_238430213.1	15.942	81	83	81	69	52	2	2	67	11	76	2.10e-14	67.3
tr|A0A0B7JK74|A0A0B7JK74_9GAMM	GCF_016026615.1_WP_197928313.1	20.253	81	89	98	79	58	3	2	80	7	80	2.13e-14	67.3
tr|A0A0B7JK74|A0A0B7JK74_9GAMM	GCF_003966655.1_WP_113527441.1	24.286	81	77	86	70	52	1	2	71	8	76	2.59e-14	66.8
tr|A0A0B7JK74|A0A0B7JK74_9GAMM	GCF_000014705.1_WP_011637758.1	32.530	81	88	98	83	52	2	2	80	4	86	2.72e-14	67.1
tr|A0A0B7JK74|A0A0B7JK74_9GAMM	GCF_001596155.1_WP_068342236.1	20.779	81	90	91	77	54	4	2	75	8	80	2.75e-14	67.1
tr|A0A0B7JK74|A0A0B7JK74_9GAMM	GCF_016127195.1_WP_042032742.1	21.795	81	89	96	78	56	3	2	79	7	79	3.62e-14	66.8
tr|A0A0B7JK74|A0A0B7JK74_9GAMM	GCF_003063625.1_WP_108601906.1	29.167	81	85	89	72	50	1	1	72	4	74	3.66e-14	66.8
tr|A0A0B7JK74|A0A0B7JK74_9GAMM	GCF_020511155.1_WP_226415657.1	29.762	81	87	99	84	55	2	1	80	4	87	6.93e-14	65.9
tr|A0A0B7JK74|A0A0B7JK74_9GAMM	GCF_013462805.1_WP_009566961.1	24.286	81	77	86	70	52	1	2	71	8	76	9.14e-14	65.4
tr|A0A0B7JK74|A0A0B7JK74_9GAMM	GCF_001507645.1_WP_068195976.1	15.789	81	90	90	76	58	2	2	74	8	80	1.83e-13	65.1
tr|A0A0B7JK74|A0A0B7JK74_9GAMM	GCF_002218045.2_WP_089137819.1	24.638	81	79	81	69	49	1	2	67	9	77	1.89e-13	64.8
tr|A0A0B7JK74|A0A0B7JK74_9GAMM	GCF_020844025.1_WP_215848879.1	25.352	81	77	88	71	52	1	2	72	8	77	3.56e-13	64.0
tr|A0A0B7JK74|A0A0B7JK74_9GAMM	GCF_003584645.1_WP_197716612.1	19.737	81	80	89	76	53	3	2	73	8	79	3.65e-13	64.0
tr|A0A0B7JK74|A0A0B7JK74_9GAMM	GCF_000940995.1_WP_082060442.1	21.429	81	93	86	70	55	0	10	79	16	85	5.36e-13	63.7
tr|A0A0B7JK74|A0A0B7JK74_9GAMM	GCF_001651805.1_WP_067384150.1	22.059	81	78	79	68	49	2	2	65	7	74	5.68e-13	63.4
tr|A0A0B7JK74|A0A0B7JK74_9GAMM	GCF_013283835.1_WP_071626507.1	21.127	81	83	84	71	49	3	2	69	8	74	5.98e-13	63.4
tr|A0A0B7JK74|A0A0B7JK74_9GAMM	GCF_027625995.1_WP_270126807.1	21.127	81	82	81	71	47	3	2	67	8	74	6.36e-13	63.4
tr|A0A0B7JK74|A0A0B7JK74_9GAMM	GCF_013137895.1_WP_135435790.1	19.718	81	83	81	71	48	3	2	67	9	75	6.37e-13	63.4
tr|A0A0B7JK74|A0A0B7JK74_9GAMM	GCF_006337165.1_WP_139515111.1	21.127	81	82	81	71	47	3	2	67	8	74	6.68e-13	63.4
tr|A0A0B7JK74|A0A0B7JK74_9GAMM	GCF_004028275.1_WP_128384077.1	25.676	81	77	86	74	50	3	2	71	3	75	7.44e-13	63.1
tr|A0A0B7JK74|A0A0B7JK74_9GAMM	GCF_000026085.1_WP_041454550.1	20.896	81	73	81	67	51	2	2	67	6	71	8.38e-13	62.8
tr|A0A0B7JK74|A0A0B7JK74_9GAMM	GCF_000576555.1_WP_044000633.1	22.535	81	83	81	71	46	3	2	67	9	75	1.07e-12	62.8
tr|A0A0B7JK74|A0A0B7JK74_9GAMM	GCF_004355185.1_WP_133271280.1	19.718	81	81	81	71	48	3	2	67	7	73	1.10e-12	62.8
tr|A0A0B7JK74|A0A0B7JK74_9GAMM	GCF_902810445.1_WP_197744199.1	24.658	81	78	85	73	47	4	2	70	7	75	1.29e-12	62.6
tr|A0A0B7JK74|A0A0B7JK74_9GAMM	GCF_010093065.1_WP_162331416.1	17.105	81	84	90	76	57	3	2	74	11	83	1.56e-12	62.6
tr|A0A0B7JK74|A0A0B7JK74_9GAMM	GCF_013177675.1_WP_172128285.1	20.270	81	81	88	74	52	3	2	72	8	77	1.70e-12	62.3
tr|A0A0B7JK74|A0A0B7JK74_9GAMM	GCF_023650495.1_WP_250655372.1	28.235	81	88	100	85	57	2	1	81	4	88	1.90e-12	62.3
tr|A0A0B7JK74|A0A0B7JK74_9GAMM	GCF_002762215.1_WP_085750011.1	15.714	81	87	83	70	53	3	2	68	9	75	1.96e-12	62.3
tr|A0A0B7JK74|A0A0B7JK74_9GAMM	GCF_000212735.1_WP_013764159.1	16.883	81	83	90	77	56	3	2	74	10	82	2.66e-12	62.0
tr|A0A0B7JK74|A0A0B7JK74_9GAMM	GCF_000013765.1_WP_011496543.1	22.892	81	106	98	83	60	2	2	80	23	105	3.38e-12	62.0
tr|A0A0B7JK74|A0A0B7JK74_9GAMM	GCF_003970675.1_WP_126615366.1	19.697	81	76	81	66	48	3	2	67	13	73	3.56e-12	61.4
tr|A0A0B7JK74|A0A0B7JK74_9GAMM	GCF_004001245.1_WP_127478562.1	12.500	81	85	84	72	59	2	2	69	10	81	3.66e-12	61.4
tr|A0A0B7JK74|A0A0B7JK74_9GAMM	GCF_018736065.1_WP_144074266.1	20.588	81	76	84	68	49	3	2	69	13	75	4.73e-12	61.2
tr|A0A0B7JK74|A0A0B7JK74_9GAMM	GCF_009662475.1_WP_031573754.1	24.658	81	79	90	73	54	1	2	74	8	79	4.85e-12	61.2
tr|A0A0B7JK74|A0A0B7JK74_9GAMM	GCF_017742995.1_WP_247749573.1	37.209	81	48	53	43	27	0	1	43	1	43	5.24e-12	60.6
tr|A0A0B7JK74|A0A0B7JK74_9GAMM	GCF_000801295.1_WP_171816254.1	19.118	81	99	80	68	51	3	2	66	10	76	5.27e-12	61.4
tr|A0A0B7JK74|A0A0B7JK74_9GAMM	GCF_001444405.1_WP_058032142.1	29.577	81	87	88	71	50	0	1	71	1	71	5.90e-12	61.2
tr|A0A0B7JK74|A0A0B7JK74_9GAMM	GCF_003149515.1_WP_109656005.1	14.667	81	90	89	75	58	2	2	73	8	79	7.62e-12	60.9
tr|A0A0B7JK74|A0A0B7JK74_9GAMM	GCF_016613475.2_WP_200606805.1	17.143	81	90	83	70	52	2	2	68	11	77	7.93e-12	60.9
tr|A0A0B7JK74|A0A0B7JK74_9GAMM	GCF_008728635.1_WP_151087836.1	17.722	81	90	94	79	58	4	2	77	8	82	1.06e-11	60.6
tr|A0A0B7JK74|A0A0B7JK74_9GAMM	GCF_003967195.1_WP_172597571.1	22.368	81	83	88	76	53	3	2	72	9	83	1.11e-11	60.3
tr|A0A0B7JK74|A0A0B7JK74_9GAMM	GCF_000012325.1_WP_011045621.1	30.882	81	84	84	68	46	1	2	69	5	71	1.14e-11	60.3
tr|A0A0B7JK74|A0A0B7JK74_9GAMM	GCF_021654855.1_WP_237262080.1	28.986	81	70	80	69	44	2	2	66	3	70	1.19e-11	60.0
tr|A0A0B7JK74|A0A0B7JK74_9GAMM	GCF_000021985.1_WP_012639500.1	17.647	81	82	79	68	52	1	2	65	8	75	1.35e-11	60.0
tr|A0A0B7JK74|A0A0B7JK74_9GAMM	GCF_001955715.1_WP_029708890.1	20.270	81	80	86	74	51	3	2	71	7	76	1.46e-11	60.0
tr|A0A0B7JK74|A0A0B7JK74_9GAMM	GCF_002356115.1_WP_096526481.1	22.535	81	78	84	71	49	2	2	69	7	74	1.50e-11	59.8
tr|A0A0B7JK74|A0A0B7JK74_9GAMM	GCF_000024005.1_WP_012793320.1	16.883	81	84	90	77	56	3	2	74	11	83	1.73e-11	59.8
tr|A0A0B7JK74|A0A0B7JK74_9GAMM	GCF_022827545.1_WP_243798205.1	19.718	81	82	81	71	48	3	2	67	8	74	1.86e-11	59.8
tr|A0A0B7JK74|A0A0B7JK74_9GAMM	GCF_003574965.1_WP_119445661.1	22.535	81	82	81	71	46	3	2	67	8	74	1.98e-11	59.8
tr|A0A0B7JK74|A0A0B7JK74_9GAMM	GCF_006385555.1_WP_140234395.1	27.711	81	87	98	83	56	3	2	80	4	86	2.15e-11	59.8
tr|A0A0B7JK74|A0A0B7JK74_9GAMM	GCF_009938015.1_WP_223264517.1	18.571	81	90	81	70	53	2	2	67	10	79	2.82e-11	59.5
tr|A0A0B7JK74|A0A0B7JK74_9GAMM	GCF_003955735.1_WP_126127786.1	20.000	81	91	83	70	50	3	2	68	12	78	3.01e-11	59.2
tr|A0A0B7JK74|A0A0B7JK74_9GAMM	GCF_002355415.1_WP_148665551.1	14.493	81	87	81	69	56	1	2	67	17	85	3.46e-11	59.2
tr|A0A0B7JK74|A0A0B7JK74_9GAMM	GCF_002142475.1_WP_026148861.1	18.056	81	86	84	72	51	3	2	69	7	74	3.51e-11	59.2
tr|A0A0B7JK74|A0A0B7JK74_9GAMM	GCF_022811645.1_WP_243511723.1	14.493	81	90	81	69	53	2	2	67	8	73	4.20e-11	58.9
tr|A0A0B7JK74|A0A0B7JK74_9GAMM	GCF_013282625.1_WP_173286717.1	17.391	81	67	85	69	53	2	2	70	3	67	4.60e-11	58.3
tr|A0A0B7JK74|A0A0B7JK74_9GAMM	GCF_019931735.1_WP_223417223.1	22.619	81	87	99	84	61	2	1	80	3	86	5.80e-11	58.6
tr|A0A0B7JK74|A0A0B7JK74_9GAMM	GCF_002355735.1_WP_096359192.1	14.286	81	83	83	70	57	1	2	68	13	82	5.97e-11	58.3
tr|A0A0B7JK74|A0A0B7JK74_9GAMM	GCF_013201725.1_WP_014475480.1	22.535	81	74	84	71	48	3	2	69	8	74	6.30e-11	58.1
tr|A0A0B7JK74|A0A0B7JK74_9GAMM	GCF_000321415.2_WP_015260329.1	10.959	81	93	86	73	62	2	2	71	10	82	6.56e-11	58.6
tr|A0A0B7JK74|A0A0B7JK74_9GAMM	GCF_013201665.1_WP_128359868.1	20.548	81	81	86	73	51	3	2	71	8	76	6.66e-11	58.3
tr|A0A0B7JK74|A0A0B7JK74_9GAMM	GCF_000006765.1_NP_249630.1	28.235	81	108	99	85	56	1	2	81	7	91	6.83e-11	58.6
tr|A0A0B7JK74|A0A0B7JK74_9GAMM	GCF_004798725.1_WP_010811758.1	15.714	81	83	83	70	53	2	2	68	11	77	6.88e-11	58.3
tr|A0A0B7JK74|A0A0B7JK74_9GAMM	GCF_003353065.1_WP_114983154.1	16.667	81	84	79	66	50	2	2	65	11	73	8.40e-11	58.1
tr|A0A0B7JK74|A0A0B7JK74_9GAMM	GCF_003346815.1_WP_114840342.1	20.548	81	82	86	73	51	3	2	71	8	76	9.76e-11	57.8
tr|A0A0B7JK74|A0A0B7JK74_9GAMM	GCF_008807855.1_WP_063240334.1	18.571	81	83	83	70	51	2	2	68	11	77	1.02e-10	57.8
tr|A0A0B7JK74|A0A0B7JK74_9GAMM	GCF_000012805.1_WP_011330264.1	20.833	81	85	85	72	51	3	2	70	7	75	1.07e-10	57.8
tr|A0A0B7JK74|A0A0B7JK74_9GAMM	GCF_024347255.1_WP_091360415.1	25.000	81	79	79	68	47	2	2	65	7	74	1.19e-10	57.5
tr|A0A0B7JK74|A0A0B7JK74_9GAMM	GCF_002557795.1_WP_098194977.1	20.270	81	89	84	74	49	3	2	69	11	80	1.22e-10	57.8
tr|A0A0B7JK74|A0A0B7JK74_9GAMM	GCF_019891175.1_WP_225938383.1	15.714	81	93	83	70	53	2	1	67	14	80	1.29e-10	57.8
tr|A0A0B7JK74|A0A0B7JK74_9GAMM	GCF_009755585.1_WP_157030071.1	15.714	81	85	81	70	51	3	2	67	8	73	1.31e-10	57.5
tr|A0A0B7JK74|A0A0B7JK74_9GAMM	GCF_018389385.1_WP_218082190.1	16.176	81	91	80	68	51	2	2	66	21	85	1.70e-10	57.5
tr|A0A0B7JK74|A0A0B7JK74_9GAMM	GCF_024347195.1_WP_271272618.1	26.471	81	77	79	68	45	4	2	65	7	73	1.91e-10	56.9
tr|A0A0B7JK74|A0A0B7JK74_9GAMM	GCF_000018105.1_WP_012162738.1	18.310	81	86	83	71	50	3	1	67	6	72	2.42e-10	56.9
tr|A0A0B7JK74|A0A0B7JK74_9GAMM	GCF_000092245.1_WP_013136435.1	18.571	81	76	83	70	50	3	2	68	5	70	2.61e-10	56.7
tr|A0A0B7JK74|A0A0B7JK74_9GAMM	GCF_024347675.1_WP_261833361.1	45.714	81	54	43	35	19	0	1	35	1	35	2.67e-10	56.4
tr|A0A0B7JK74|A0A0B7JK74_9GAMM	GCF_004421105.1_WP_134356453.1	20.548	81	80	85	73	50	4	2	70	7	75	2.82e-10	56.7
tr|A0A0B7JK74|A0A0B7JK74_9GAMM	GCF_000238255.3_WP_010559905.1	25.352	81	86	86	71	51	2	2	71	5	74	3.77e-10	56.4
tr|A0A0B7JK74|A0A0B7JK74_9GAMM	GCF_020091585.1_WP_224339804.1	15.493	81	82	83	71	52	3	2	68	7	73	3.97e-10	56.4
tr|A0A0B7JK74|A0A0B7JK74_9GAMM	GCF_003346775.1_WP_114843067.1	18.310	81	84	84	71	51	3	2	69	8	74	4.37e-10	56.1
tr|A0A0B7JK74|A0A0B7JK74_9GAMM	GCF_000143085.1_WP_013221711.1	21.918	81	82	85	73	49	4	2	70	7	75	4.48e-10	56.1
tr|A0A0B7JK74|A0A0B7JK74_9GAMM	GCF_001956695.1_WP_076086034.1	11.268	81	77	83	71	55	3	2	68	5	71	4.73e-10	56.1
tr|A0A0B7JK74|A0A0B7JK74_9GAMM	GCF_013177635.1_WP_129095542.1	20.588	81	72	80	68	47	3	2	66	8	71	4.81e-10	55.8
tr|A0A0B7JK74|A0A0B7JK74_9GAMM	GCF_013343005.1_WP_078482823.1	17.568	81	84	86	74	57	2	2	71	8	81	4.93e-10	56.1
tr|A0A0B7JK74|A0A0B7JK74_9GAMM	GCF_000317125.1_WP_015155280.1	18.310	81	81	83	71	50	4	1	67	6	72	5.20e-10	56.1
tr|A0A0B7JK74|A0A0B7JK74_9GAMM	GCF_024347275.1_WP_019620968.1	18.421	81	82	89	76	58	2	2	73	7	82	5.96e-10	55.8
tr|A0A0B7JK74|A0A0B7JK74_9GAMM	GCF_000014785.1_WP_011630183.1	15.493	81	83	84	71	57	2	2	69	13	83	6.25e-10	55.8
tr|A0A0B7JK74|A0A0B7JK74_9GAMM	GCF_005166025.1_WP_137090244.1	19.444	81	84	84	72	50	3	2	69	8	75	8.06e-10	55.5
tr|A0A0B7JK74|A0A0B7JK74_9GAMM	GCF_023733635.1_WP_039959400.1	18.841	81	89	79	69	50	3	2	65	7	74	1.14e-09	55.3
tr|A0A0B7JK74|A0A0B7JK74_9GAMM	GCF_000227685.2_WP_006746304.1	12.676	81	83	84	71	59	2	2	69	10	80	1.33e-09	55.0
tr|A0A0B7JK74|A0A0B7JK74_9GAMM	GCF_013201935.1_WP_129014602.1	20.588	81	72	80	68	47	3	2	66	8	71	1.33e-09	54.7
tr|A0A0B7JK74|A0A0B7JK74_9GAMM	GCF_004214795.1_WP_130234502.1	17.143	81	78	83	70	51	3	2	68	8	73	1.68e-09	54.7
tr|A0A0B7JK74|A0A0B7JK74_9GAMM	GCF_013283835.1_WP_071625892.1	13.699	81	79	83	73	53	3	2	68	5	73	1.75e-09	54.7
tr|A0A0B7JK74|A0A0B7JK74_9GAMM	GCF_010119975.1_WP_162445115.1	14.667	81	365	88	75	55	3	2	72	14	83	1.76e-09	58.3
tr|A0A0B7JK74|A0A0B7JK74_9GAMM	GCF_003544915.1_WP_118918525.1	18.841	81	73	81	69	49	3	2	67	8	72	3.82e-09	53.6
tr|A0A0B7JK74|A0A0B7JK74_9GAMM	GCF_004293625.1_WP_130538367.1	23.729	81	71	73	59	41	2	2	60	3	57	6.10e-09	53.0
tr|A0A0B7JK74|A0A0B7JK74_9GAMM	GCF_024347215.1_WP_261843265.1	22.388	81	77	79	67	49	2	2	65	7	73	6.28e-09	53.3
tr|A0A0B7JK74|A0A0B7JK74_9GAMM	GCF_001956695.1_WP_076086043.1	17.808	81	77	86	73	53	3	2	71	7	75	6.86e-09	53.0
tr|A0A0B7JK74|A0A0B7JK74_9GAMM	GCF_001442805.1_WP_057942092.1	14.286	81	88	83	70	54	2	2	68	11	77	8.05e-09	53.0
tr|A0A0B7JK74|A0A0B7JK74_9GAMM	GCF_000828615.1_WP_041064380.1	19.444	81	80	83	72	52	4	2	68	10	80	8.70e-09	52.7
tr|A0A0B7JK74|A0A0B7JK74_9GAMM	GCF_000265295.1_WP_014770430.1	11.940	81	76	83	67	58	1	2	68	5	70	8.91e-09	52.7
tr|A0A0B7JK74|A0A0B7JK74_9GAMM	GCF_009937995.1_WP_179954406.1	21.918	81	79	85	73	53	2	2	70	7	79	9.20e-09	52.7
tr|A0A0B7JK74|A0A0B7JK74_9GAMM	GCF_011398355.1_WP_173270160.1	18.750	81	65	79	64	48	2	3	66	4	63	1.24e-08	52.2
tr|A0A0B7JK74|A0A0B7JK74_9GAMM	GCF_013201665.1_WP_128358834.1	11.429	81	76	83	70	55	3	2	68	5	70	1.26e-08	52.4
tr|A0A0B7JK74|A0A0B7JK74_9GAMM	GCF_000222485.1_WP_014022977.1	18.056	81	85	85	72	53	3	2	70	10	78	2.24e-08	51.9
tr|A0A0B7JK74|A0A0B7JK74_9GAMM	GCF_002309535.1_WP_096047558.1	15.714	81	88	83	70	52	3	2	68	5	70	2.48e-08	51.9
tr|A0A0B7JK74|A0A0B7JK74_9GAMM	GCF_013177635.1_WP_129095951.1	12.857	81	76	83	70	54	3	2	68	5	70	2.50e-08	51.6
tr|A0A0B7JK74|A0A0B7JK74_9GAMM	GCF_013201935.1_WP_128987185.1	12.857	81	76	83	70	54	3	2	68	5	70	2.62e-08	51.6
tr|A0A0B7JK74|A0A0B7JK74_9GAMM	GCF_001723605.1_WP_069479051.1	12.857	81	76	83	70	54	3	2	68	5	70	2.79e-08	51.6
tr|A0A0B7JK74|A0A0B7JK74_9GAMM	GCF_003544815.1_WP_118886031.1	11.429	81	76	83	70	55	3	2	68	5	70	2.86e-08	51.6
tr|A0A0B7JK74|A0A0B7JK74_9GAMM	GCF_000024725.1_WP_013031543.1	20.548	81	81	85	73	50	4	2	70	7	75	3.57e-08	51.3
tr|A0A0B7JK74|A0A0B7JK74_9GAMM	GCF_001050135.1_WP_048644179.1	23.944	81	88	83	71	46	3	2	68	10	76	3.60e-08	51.3
tr|A0A0B7JK74|A0A0B7JK74_9GAMM	GCF_011398355.1_WP_173270199.1	15.385	81	66	80	65	51	2	3	67	4	64	6.32e-08	50.5
tr|A0A0B7JK74|A0A0B7JK74_9GAMM	GCF_003722295.1_WP_010573895.1	15.278	81	75	81	72	51	3	2	67	7	74	7.84e-08	50.2
tr|A0A0B7JK74|A0A0B7JK74_9GAMM	GCF_008122265.1_WP_148863603.1	18.310	81	84	83	71	50	3	2	68	7	73	9.17e-08	50.2
tr|A0A0B7JK74|A0A0B7JK74_9GAMM	GCF_000265505.1_WP_014796533.1	16.456	81	97	84	79	54	3	2	69	9	86	9.73e-08	50.5
tr|A0A0B7JK74|A0A0B7JK74_9GAMM	GCF_000317575.1_WP_015193670.1	17.143	81	74	81	70	50	4	2	67	7	72	1.06e-07	49.9
tr|A0A0B7JK74|A0A0B7JK74_9GAMM	GCF_011398155.1_WP_173291533.1	18.310	81	71	86	71	53	3	2	71	3	69	1.23e-07	49.6
tr|A0A0B7JK74|A0A0B7JK74_9GAMM	GCF_000568815.1_WP_025346049.1	11.429	81	76	83	70	55	3	2	68	5	70	2.77e-07	49.1
tr|A0A0B7JK74|A0A0B7JK74_9GAMM	GCF_000242635.2_WP_014682426.1	8.824	81	83	80	68	56	2	6	70	11	75	2.87e-07	49.1
tr|A0A0B7JK74|A0A0B7JK74_9GAMM	GCF_013177675.1_WP_172126669.1	12.857	81	77	83	70	54	3	2	68	5	70	8.80e-07	47.7
tr|A0A0B7JK74|A0A0B7JK74_9GAMM	GCF_000484535.1_WP_023173213.1	17.391	81	91	84	69	55	2	4	71	24	91	1.35e-06	47.4
tr|A0A0B7JK74|A0A0B7JK74_9GAMM	GCF_018388465.1_WP_208290210.1	11.765	81	316	81	68	58	1	8	73	139	206	4.12e-06	48.8
tr|A0A0B7JK74|A0A0B7JK74_9GAMM	GCF_021018745.1_WP_230843504.1	16.667	81	92	80	66	53	2	4	68	24	88	4.24e-06	46.2
tr|A0A0B7JK74|A0A0B7JK74_9GAMM	GCF_000011385.1_WP_011141833.1	16.667	81	92	80	66	53	2	4	68	24	88	1.46e-05	44.8
tr|A0A0B7JK74|A0A0B7JK74_9GAMM	GCF_001705075.2_WP_065970077.1	15.385	81	78	77	65	52	1	2	63	8	72	2.20e-05	44.0
tr|A0A0B7JK74|A0A0B7JK74_9GAMM	GCF_005281475.1_WP_137401239.1	16.216	81	81	88	74	55	4	2	72	6	75	8.37e-05	42.6
tr|A0A0B7JK74|A0A0B7JK74_9GAMM	GCF_001027285.1_WP_047859305.1	23.077	81	80	48	39	30	0	4	42	12	50	3.51e-04	41.2
tr|A0A0B7JK74|A0A0B7JK74_9GAMM	GCF_006575665.1_WP_141613356.1	15.493	81	81	84	71	53	4	2	69	6	72	7.93e-04	40.1
tr|A0A0B7JK74|A0A0B7JK74_9GAMM	GCF_003260975.1_WP_112783789.1	12.329	81	81	86	73	57	4	2	71	6	74	0.001	39.8
tr|A0A0B7JK74|A0A0B7JK74_9GAMM	GCF_003346815.1_WP_114840344.1	14.286	81	84	83	70	53	3	2	68	7	72	0.002	39.2
tr|A0A0B7JK74|A0A0B7JK74_9GAMM	GCF_011764585.1_WP_188200227.1	12.281	81	63	64	57	44	3	15	66	2	57	0.003	38.4
tr|A0A0B7JK74|A0A0B7JK74_9GAMM	GCF_003143555.1_WP_109340539.1	19.178	81	84	88	73	57	1	4	74	5	77	0.005	38.1
tr|A0A0B7JK74|A0A0B7JK74_9GAMM	GCF_000973725.1_WP_046311560.1	11.842	81	91	90	76	61	3	2	74	8	80	0.008	37.8
# PSIBLAST 2.13.0+
# Iteration: 11
# Query: tr|A0A0B7JK74|A0A0B7JK74_9GAMM Modulator of Rho-dependent transcription termination family protein OS=Photobacterium kishitanii OX=318456 GN=C0W70_11190 PE=4 SV=1
# Database: db/chosen-bacteria_proteome_exDup
# Fields: query id, subject id, % identity, query length, subject length, % query coverage per subject, alignment length, mismatches, gap opens, q. start, q. end, s. start, s. end, evalue, bit score
# 452 hits found
tr|A0A0B7JK74|A0A0B7JK74_9GAMM	GCF_002204915.1_WP_052690899.1	39.506	81	101	100	81	49	0	1	81	20	100	3.65e-30	107
tr|A0A0B7JK74|A0A0B7JK74_9GAMM	GCF_025402875.1_WP_011791024.1	27.500	81	90	99	80	58	0	1	80	6	85	5.61e-30	107
tr|A0A0B7JK74|A0A0B7JK74_9GAMM	GCF_024347355.1_WP_105024956.1	46.914	81	83	100	81	43	0	1	81	1	81	6.53e-30	106
tr|A0A0B7JK74|A0A0B7JK74_9GAMM	GCF_008693605.1_WP_223849061.1	35.000	81	95	99	80	52	0	2	81	11	90	6.61e-30	107
tr|A0A0B7JK74|A0A0B7JK74_9GAMM	GCF_004353845.1_WP_103770713.1	35.000	81	93	99	80	52	0	2	81	10	89	7.29e-30	106
tr|A0A0B7JK74|A0A0B7JK74_9GAMM	GCF_003812345.1_WP_121571778.1	35.000	81	94	99	80	52	0	2	81	10	89	1.30e-29	106
tr|A0A0B7JK74|A0A0B7JK74_9GAMM	GCF_009938225.1_WP_075649723.1	40.741	81	82	100	81	48	0	1	81	1	81	2.60e-29	105
tr|A0A0B7JK74|A0A0B7JK74_9GAMM	GCF_024971755.1_WP_259474826.1	25.000	81	88	99	80	60	0	1	80	6	85	2.63e-29	105
tr|A0A0B7JK74|A0A0B7JK74_9GAMM	GCF_024347475.1_WP_239840920.1	44.444	81	83	100	81	45	0	1	81	1	81	4.16e-29	104
tr|A0A0B7JK74|A0A0B7JK74_9GAMM	GCF_000178875.2_WP_012197738.1	25.000	81	90	99	80	60	0	1	80	6	85	7.02e-29	104
tr|A0A0B7JK74|A0A0B7JK74_9GAMM	GCF_001597285.1_WP_061903727.1	30.769	81	92	96	78	54	0	3	80	8	85	9.93e-29	103
tr|A0A0B7JK74|A0A0B7JK74_9GAMM	GCF_009938185.1_WP_162048373.1	44.444	81	82	100	81	45	0	1	81	1	81	1.35e-28	103
tr|A0A0B7JK74|A0A0B7JK74_9GAMM	GCF_022371215.1_WP_239718047.1	44.444	81	83	100	81	45	0	1	81	1	81	3.01e-28	102
tr|A0A0B7JK74|A0A0B7JK74_9GAMM	GCF_000733715.2_WP_017362912.1	29.487	81	90	96	78	55	0	3	80	8	85	6.76e-28	101
tr|A0A0B7JK74|A0A0B7JK74_9GAMM	GCF_002355475.1_WP_004421315.1	29.487	81	91	96	78	55	0	3	80	9	86	7.75e-28	101
tr|A0A0B7JK74|A0A0B7JK74_9GAMM	GCF_008693645.1_WP_137347870.1	28.750	81	89	99	80	57	0	2	81	10	89	9.27e-28	101
tr|A0A0B7JK74|A0A0B7JK74_9GAMM	GCF_011397855.1_WP_044414183.1	29.487	81	90	96	78	55	0	3	80	8	85	9.36e-28	101
tr|A0A0B7JK74|A0A0B7JK74_9GAMM	GCF_013409125.2_WP_099525265.1	28.205	81	90	96	78	56	0	3	80	8	85	1.01e-27	101
tr|A0A0B7JK74|A0A0B7JK74_9GAMM	GCF_014905115.1_WP_193151849.1	45.000	81	81	99	80	44	0	1	80	1	80	1.13e-27	101
tr|A0A0B7JK74|A0A0B7JK74_9GAMM	GCF_017167985.1_WP_093053415.1	29.487	81	92	96	78	55	0	3	80	8	85	2.33e-27	100
tr|A0A0B7JK74|A0A0B7JK74_9GAMM	GCF_001594225.2_WP_064379396.1	26.923	81	92	96	78	57	0	3	80	8	85	2.54e-27	100
tr|A0A0B7JK74|A0A0B7JK74_9GAMM	GCF_001461805.1_WP_013367515.1	28.205	81	86	96	78	51	2	2	79	10	82	2.87e-27	 99
tr|A0A0B7JK74|A0A0B7JK74_9GAMM	GCF_000297075.2_WP_003461742.1	28.205	81	90	96	78	56	0	3	80	8	85	3.13e-27	 99
tr|A0A0B7JK74|A0A0B7JK74_9GAMM	GCF_020097475.1_WP_000062318.1	28.205	81	86	96	78	51	2	2	79	10	82	3.23e-27	 99
tr|A0A0B7JK74|A0A0B7JK74_9GAMM	GCF_024205225.1_WP_195881696.1	26.923	81	90	96	78	57	0	3	80	8	85	3.36e-27	 99
tr|A0A0B7JK74|A0A0B7JK74_9GAMM	GCF_024347595.1_WP_176681244.1	44.444	81	83	100	81	45	0	1	81	1	81	3.65e-27	99.7
tr|A0A0B7JK74|A0A0B7JK74_9GAMM	GCF_013200955.2_WP_173204463.1	27.848	81	91	98	79	57	0	2	80	8	86	4.11e-27	99.7
tr|A0A0B7JK74|A0A0B7JK74_9GAMM	GCF_001708425.1_WP_055136127.1	25.641	81	94	96	78	58	0	3	80	8	85	4.52e-27	99.7
tr|A0A0B7JK74|A0A0B7JK74_9GAMM	GCF_008807375.1_WP_151138908.1	28.205	81	91	96	78	56	0	3	80	9	86	4.56e-27	99.7
tr|A0A0B7JK74|A0A0B7JK74_9GAMM	GCF_021172065.1_WP_015965827.1	29.487	81	86	96	78	50	2	2	79	10	82	4.96e-27	99.4
tr|A0A0B7JK74|A0A0B7JK74_9GAMM	GCF_001518835.1_WP_059308693.1	26.923	81	86	96	78	52	2	2	79	10	82	4.96e-27	99.4
tr|A0A0B7JK74|A0A0B7JK74_9GAMM	GCF_009938205.1_WP_075706454.1	48.148	81	82	100	81	42	0	1	81	1	81	5.73e-27	99.1
tr|A0A0B7JK74|A0A0B7JK74_9GAMM	GCF_004684345.1_WP_135321947.1	30.380	81	93	98	79	55	0	2	80	10	88	6.25e-27	99.4
tr|A0A0B7JK74|A0A0B7JK74_9GAMM	GCF_001558415.2_WP_061055374.1	45.679	81	83	100	81	44	0	1	81	1	81	6.94e-27	99.1
tr|A0A0B7JK74|A0A0B7JK74_9GAMM	GCF_009036245.1_WP_025756830.1	26.923	81	86	96	78	52	2	2	79	10	82	9.22e-27	98.8
tr|A0A0B7JK74|A0A0B7JK74_9GAMM	GCF_019670125.1_WP_221076876.1	42.500	81	81	99	80	46	0	1	80	1	80	9.28e-27	98.6
tr|A0A0B7JK74|A0A0B7JK74_9GAMM	GCF_024347635.1_WP_139683960.1	48.148	81	83	100	81	42	0	1	81	1	81	1.09e-26	98.6
tr|A0A0B7JK74|A0A0B7JK74_9GAMM	GCF_003957745.1_WP_126168493.1	24.051	81	87	98	79	60	0	2	80	7	85	1.19e-26	98.6
tr|A0A0B7JK74|A0A0B7JK74_9GAMM	GCF_000006925.2_NP_706134.1	26.923	81	86	96	78	52	2	2	79	10	82	1.23e-26	98.6
tr|A0A0B7JK74|A0A0B7JK74_9GAMM	GCF_002214395.1_WP_010453422.1	40.000	81	81	99	80	48	0	1	80	1	80	1.25e-26	98.3
tr|A0A0B7JK74|A0A0B7JK74_9GAMM	GCF_016904755.1_WP_059234959.1	26.923	81	86	96	78	52	2	2	79	10	82	1.28e-26	98.3
tr|A0A0B7JK74|A0A0B7JK74_9GAMM	GCF_008369605.1_WP_000253074.1	45.679	81	81	100	81	44	0	1	81	1	81	1.32e-26	98.3
tr|A0A0B7JK74|A0A0B7JK74_9GAMM	GCF_009176645.1_WP_152083529.1	26.923	81	86	96	78	52	2	2	79	10	82	1.37e-26	98.3
tr|A0A0B7JK74|A0A0B7JK74_9GAMM	GCF_001995825.2_WP_017057338.1	49.383	81	83	100	81	41	0	1	81	1	81	1.39e-26	98.3
tr|A0A0B7JK74|A0A0B7JK74_9GAMM	GCF_008329985.2_WP_149283950.1	41.250	81	81	99	80	47	0	1	80	1	80	1.53e-26	98.0
tr|A0A0B7JK74|A0A0B7JK74_9GAMM	GCF_024347455.1_WP_135458404.1	49.383	81	83	100	81	41	0	1	81	1	81	1.54e-26	98.3
tr|A0A0B7JK74|A0A0B7JK74_9GAMM	GCF_001683395.1_WP_017458015.1	26.923	81	86	96	78	52	2	2	79	10	82	1.56e-26	98.3
tr|A0A0B7JK74|A0A0B7JK74_9GAMM	GCF_000091465.1_WP_004733849.1	49.383	81	83	100	81	41	0	1	81	1	81	1.82e-26	98.0
tr|A0A0B7JK74|A0A0B7JK74_9GAMM	GCF_003594935.2_WP_006173581.1	26.923	81	86	96	78	52	2	2	79	10	82	1.84e-26	98.0
tr|A0A0B7JK74|A0A0B7JK74_9GAMM	GCF_017167985.1_WP_079784061.1	30.769	81	90	96	78	54	0	3	80	8	85	2.34e-26	97.7
tr|A0A0B7JK74|A0A0B7JK74_9GAMM	GCF_000005845.2_NP_414731.2	26.923	81	84	96	78	52	2	2	79	8	80	2.42e-26	97.7
tr|A0A0B7JK74|A0A0B7JK74_9GAMM	GCF_001022135.1_WP_039078449.1	28.205	81	86	96	78	51	2	2	79	10	82	2.49e-26	97.7
tr|A0A0B7JK74|A0A0B7JK74_9GAMM	GCF_002407485.1_WP_096780111.1	46.250	81	81	99	80	43	0	1	80	1	80	2.51e-26	97.4
tr|A0A0B7JK74|A0A0B7JK74_9GAMM	GCF_009068765.1_WP_151900329.1	47.500	81	81	99	80	42	0	1	80	1	80	3.34e-26	97.2
tr|A0A0B7JK74|A0A0B7JK74_9GAMM	GCF_006742785.1_WP_172630283.1	31.646	81	88	98	79	54	0	2	80	5	83	3.44e-26	97.4
tr|A0A0B7JK74|A0A0B7JK74_9GAMM	GCF_001658025.2_WP_007373243.1	28.205	81	86	96	78	51	2	2	79	10	82	3.76e-26	97.2
tr|A0A0B7JK74|A0A0B7JK74_9GAMM	GCF_024494545.1_WP_256384876.1	77.778	81	81	100	81	18	0	1	81	1	81	3.82e-26	97.2
tr|A0A0B7JK74|A0A0B7JK74_9GAMM	GCF_001831495.1_WP_068547707.1	50.617	81	81	100	81	40	0	1	81	1	81	3.91e-26	97.2
tr|A0A0B7JK74|A0A0B7JK74_9GAMM	GCF_004684345.1_WP_135323069.1	26.923	81	86	96	78	52	2	2	79	10	82	4.41e-26	97.2
tr|A0A0B7JK74|A0A0B7JK74_9GAMM	GCF_024347035.1_WP_102941394.1	40.000	81	81	99	80	48	0	1	80	1	80	4.85e-26	96.9
tr|A0A0B7JK74|A0A0B7JK74_9GAMM	GCF_900682675.2_WP_069898892.1	30.769	81	94	96	78	54	0	3	80	8	85	5.02e-26	97.2
tr|A0A0B7JK74|A0A0B7JK74_9GAMM	GCF_019048625.1_WP_023305471.1	26.923	81	86	96	78	52	2	2	79	10	82	5.05e-26	96.9
tr|A0A0B7JK74|A0A0B7JK74_9GAMM	GCF_024362845.1_WP_255230807.1	40.000	81	82	99	80	48	0	1	80	1	80	5.22e-26	96.9
tr|A0A0B7JK74|A0A0B7JK74_9GAMM	GCF_023195735.1_WP_035891978.1	28.205	81	86	96	78	51	2	2	79	10	82	5.42e-26	96.9
tr|A0A0B7JK74|A0A0B7JK74_9GAMM	GCF_003812345.1_WP_003018503.1	26.923	81	86	96	78	52	2	2	79	10	82	5.73e-26	96.9
tr|A0A0B7JK74|A0A0B7JK74_9GAMM	GCF_015137655.1_WP_028015593.1	26.923	81	86	96	78	52	2	2	79	10	82	5.92e-26	96.6
tr|A0A0B7JK74|A0A0B7JK74_9GAMM	GCF_014879975.1_WP_192888672.1	45.679	81	83	100	81	44	0	1	81	1	81	6.08e-26	96.6
tr|A0A0B7JK74|A0A0B7JK74_9GAMM	GCF_000224675.1_WP_010426685.1	26.923	81	86	96	78	52	2	2	79	10	82	6.11e-26	96.6
tr|A0A0B7JK74|A0A0B7JK74_9GAMM	GCF_002215585.1_WP_088903590.1	23.077	81	89	96	78	59	1	1	78	6	82	6.15e-26	96.6
tr|A0A0B7JK74|A0A0B7JK74_9GAMM	GCF_027886705.1_WP_061497537.1	26.923	81	86	96	78	52	2	2	79	10	82	6.21e-26	96.6
tr|A0A0B7JK74|A0A0B7JK74_9GAMM	GCF_000009145.1_WP_041356315.1	33.750	81	90	99	80	53	0	1	80	5	84	6.36e-26	96.6
tr|A0A0B7JK74|A0A0B7JK74_9GAMM	GCF_900638065.1_WP_048212636.1	26.923	81	86	96	78	52	2	2	79	10	82	6.51e-26	96.6
tr|A0A0B7JK74|A0A0B7JK74_9GAMM	GCF_007632255.1_WP_015368146.1	26.923	81	86	96	78	52	2	2	79	10	82	6.56e-26	96.6
tr|A0A0B7JK74|A0A0B7JK74_9GAMM	GCF_000214665.1_WP_013819542.1	39.241	81	83	98	79	47	1	2	80	6	83	6.63e-26	96.6
tr|A0A0B7JK74|A0A0B7JK74_9GAMM	GCF_001558255.2_WP_005504861.1	45.679	81	82	99	81	43	1	1	80	1	81	6.89e-26	96.6
tr|A0A0B7JK74|A0A0B7JK74_9GAMM	GCF_001007875.1_WP_046858354.1	46.250	81	80	99	80	43	0	1	80	1	80	7.44e-26	96.3
tr|A0A0B7JK74|A0A0B7JK74_9GAMM	GCF_019670105.1_WP_040307707.1	43.750	81	81	99	80	45	0	1	80	1	80	7.57e-26	96.3
tr|A0A0B7JK74|A0A0B7JK74_9GAMM	GCF_004353845.1_WP_103768334.1	25.641	81	86	96	78	53	2	2	79	10	82	7.63e-26	96.3
tr|A0A0B7JK74|A0A0B7JK74_9GAMM	GCF_001729805.1_WP_008501890.1	26.923	81	86	96	78	52	2	2	79	10	82	8.01e-26	96.3
tr|A0A0B7JK74|A0A0B7JK74_9GAMM	GCF_001750725.1_WP_014168720.1	26.923	81	86	96	78	52	2	2	79	10	82	8.74e-26	96.3
tr|A0A0B7JK74|A0A0B7JK74_9GAMM	GCF_009649915.1_WP_062772223.1	28.205	81	86	96	78	51	2	2	79	10	82	8.88e-26	96.3
tr|A0A0B7JK74|A0A0B7JK74_9GAMM	GCF_019047765.1_WP_040231149.1	30.000	81	89	99	80	56	0	2	81	10	89	8.93e-26	96.3
tr|A0A0B7JK74|A0A0B7JK74_9GAMM	GCF_024582835.1_WP_257083279.1	45.000	81	87	99	80	44	0	1	80	1	80	9.04e-26	96.3
tr|A0A0B7JK74|A0A0B7JK74_9GAMM	GCF_009363135.1_WP_090122691.1	29.487	81	86	96	78	50	2	2	79	10	82	1.00e-25	96.0
tr|A0A0B7JK74|A0A0B7JK74_9GAMM	GCF_025914095.1_WP_031518416.1	25.641	81	86	96	78	53	2	2	79	10	82	1.10e-25	96.0
tr|A0A0B7JK74|A0A0B7JK74_9GAMM	GCF_021278985.1_WP_012904575.1	26.923	81	86	96	78	52	2	2	79	10	82	1.20e-25	96.0
tr|A0A0B7JK74|A0A0B7JK74_9GAMM	GCF_018128425.1_WP_042289833.1	26.923	81	86	96	78	52	2	2	79	10	82	1.28e-25	95.8
tr|A0A0B7JK74|A0A0B7JK74_9GAMM	GCF_001277255.1_WP_007666633.1	26.923	81	86	96	78	52	2	2	79	10	82	1.30e-25	95.8
tr|A0A0B7JK74|A0A0B7JK74_9GAMM	GCF_002393445.1_WP_061273728.1	28.205	81	86	96	78	51	2	2	79	10	82	1.73e-25	95.5
tr|A0A0B7JK74|A0A0B7JK74_9GAMM	GCF_017354925.1_WP_207321174.1	21.250	81	87	99	80	63	0	2	81	7	86	1.94e-25	95.5
tr|A0A0B7JK74|A0A0B7JK74_9GAMM	GCF_001558935.2_WP_042323659.1	26.923	81	86	96	78	52	2	2	79	10	82	2.06e-25	95.5
tr|A0A0B7JK74|A0A0B7JK74_9GAMM	GCF_003935895.2_WP_110510858.1	25.641	81	86	96	78	53	2	2	79	10	82	2.09e-25	95.2
tr|A0A0B7JK74|A0A0B7JK74_9GAMM	GCF_020079945.1_WP_039382769.1	23.077	81	87	96	78	55	2	2	79	10	82	2.31e-25	95.2
tr|A0A0B7JK74|A0A0B7JK74_9GAMM	GCF_024347655.1_WP_060467732.1	45.000	81	83	99	80	44	0	1	80	1	80	2.35e-25	95.2
tr|A0A0B7JK74|A0A0B7JK74_9GAMM	GCF_017354965.1_WP_207380278.1	21.250	81	87	99	80	63	0	2	81	7	86	2.71e-25	95.2
tr|A0A0B7JK74|A0A0B7JK74_9GAMM	GCF_000015245.1_WP_011761423.1	20.253	81	86	98	79	63	0	2	80	7	85	2.76e-25	94.9
tr|A0A0B7JK74|A0A0B7JK74_9GAMM	GCF_002953195.1_WP_038628016.1	21.795	81	87	96	78	56	2	2	79	10	82	2.77e-25	94.9
tr|A0A0B7JK74|A0A0B7JK74_9GAMM	GCF_009648935.1_WP_047417117.1	25.641	81	86	96	78	53	2	2	79	10	82	2.90e-25	94.9
tr|A0A0B7JK74|A0A0B7JK74_9GAMM	GCF_001277175.1_WP_007760020.1	28.205	81	86	96	78	51	2	2	79	10	82	2.92e-25	94.9
tr|A0A0B7JK74|A0A0B7JK74_9GAMM	GCF_012767755.2_WP_173176508.1	24.675	81	91	95	77	55	1	4	80	9	82	2.98e-25	94.9
tr|A0A0B7JK74|A0A0B7JK74_9GAMM	GCF_001277215.2_WP_007776988.1	26.923	81	86	96	78	52	2	2	79	10	82	2.99e-25	94.9
tr|A0A0B7JK74|A0A0B7JK74_9GAMM	GCF_001277195.1_WP_032966924.1	26.923	81	86	96	78	52	2	2	79	10	82	3.11e-25	94.9
tr|A0A0B7JK74|A0A0B7JK74_9GAMM	GCF_016834455.1_WP_203325205.1	21.519	81	86	98	79	62	0	2	80	7	85	3.27e-25	94.9
tr|A0A0B7JK74|A0A0B7JK74_9GAMM	GCF_001456255.1_WP_020335096.1	37.500	81	81	99	80	50	0	1	80	1	80	3.53e-25	94.6
tr|A0A0B7JK74|A0A0B7JK74_9GAMM	GCF_000439255.1_WP_000062328.1	29.487	81	86	96	78	50	2	2	79	10	82	3.54e-25	94.6
tr|A0A0B7JK74|A0A0B7JK74_9GAMM	GCF_000240185.1_YP_005225236.1	26.923	81	86	96	78	52	2	2	79	10	82	3.89e-25	94.6
tr|A0A0B7JK74|A0A0B7JK74_9GAMM	GCF_012767755.2_WP_173171843.1	28.205	81	90	96	78	56	0	3	80	8	85	4.12e-25	94.6
tr|A0A0B7JK74|A0A0B7JK74_9GAMM	GCF_022637515.1_WP_064539750.1	26.923	81	86	96	78	52	2	2	79	10	82	4.18e-25	94.6
tr|A0A0B7JK74|A0A0B7JK74_9GAMM	GCF_000024825.1_WP_005460845.1	39.506	81	81	100	81	49	0	1	81	1	81	4.49e-25	94.3
tr|A0A0B7JK74|A0A0B7JK74_9GAMM	GCF_024224615.1_WP_125293588.1	26.923	81	86	96	78	52	2	2	79	10	82	4.56e-25	94.3
tr|A0A0B7JK74|A0A0B7JK74_9GAMM	GCF_017915135.1_WP_210390879.1	26.923	81	90	96	78	57	0	3	80	8	85	4.79e-25	94.3
tr|A0A0B7JK74|A0A0B7JK74_9GAMM	GCF_025758125.1_WP_023480196.1	26.923	81	86	96	78	52	2	2	79	10	82	4.82e-25	94.3
tr|A0A0B7JK74|A0A0B7JK74_9GAMM	GCF_000770115.1_WP_069687890.1	41.250	81	81	99	80	47	0	1	80	1	80	5.43e-25	94.1
tr|A0A0B7JK74|A0A0B7JK74_9GAMM	GCF_001007935.1_WP_046849946.1	32.500	81	84	99	80	54	0	1	80	5	84	5.72e-25	94.1
tr|A0A0B7JK74|A0A0B7JK74_9GAMM	GCF_013234275.1_WP_172895488.1	28.205	81	86	96	78	51	2	2	79	10	82	5.74e-25	94.1
tr|A0A0B7JK74|A0A0B7JK74_9GAMM	GCF_003261575.2_WP_110272453.1	28.205	81	86	96	78	51	2	2	79	10	82	5.98e-25	94.1
tr|A0A0B7JK74|A0A0B7JK74_9GAMM	GCF_019670705.1_WP_100146025.1	20.253	81	92	98	79	63	0	2	80	7	85	6.35e-25	94.3
tr|A0A0B7JK74|A0A0B7JK74_9GAMM	GCF_004328865.1_WP_104643907.1	46.250	81	83	99	80	43	0	1	80	1	80	6.86e-25	94.1
tr|A0A0B7JK74|A0A0B7JK74_9GAMM	GCF_017329545.1_WP_047884589.1	28.205	81	95	96	78	56	0	2	79	8	85	6.98e-25	94.1
tr|A0A0B7JK74|A0A0B7JK74_9GAMM	GCF_000018045.1_WP_024130681.1	26.923	81	86	96	78	52	2	2	79	10	82	7.58e-25	93.8
tr|A0A0B7JK74|A0A0B7JK74_9GAMM	GCF_900635955.1_WP_126357486.1	28.205	81	86	96	78	51	2	2	79	10	82	7.77e-25	93.8
tr|A0A0B7JK74|A0A0B7JK74_9GAMM	GCF_003812925.1_WP_004107903.1	26.923	81	86	96	78	52	2	2	79	10	82	7.83e-25	93.8
tr|A0A0B7JK74|A0A0B7JK74_9GAMM	GCF_009730655.1_WP_156020461.1	20.253	81	92	98	79	63	0	2	80	7	85	8.06e-25	94.1
tr|A0A0B7JK74|A0A0B7JK74_9GAMM	GCF_018139045.1_WP_004129134.1	28.205	81	86	96	78	51	2	2	79	10	82	8.28e-25	93.8
tr|A0A0B7JK74|A0A0B7JK74_9GAMM	GCF_003019925.1_WP_162185254.1	28.205	81	86	96	78	51	2	2	79	10	82	8.75e-25	93.8
tr|A0A0B7JK74|A0A0B7JK74_9GAMM	GCF_002163605.1_WP_157665988.1	27.848	81	86	98	79	52	2	2	80	10	83	8.82e-25	93.8
tr|A0A0B7JK74|A0A0B7JK74_9GAMM	GCF_012029655.1_WP_041144145.1	26.923	81	86	96	78	52	2	2	79	10	82	9.11e-25	93.8
tr|A0A0B7JK74|A0A0B7JK74_9GAMM	GCF_000233595.1_WP_013024706.1	23.077	81	86	96	78	55	2	2	79	10	82	9.11e-25	93.8
tr|A0A0B7JK74|A0A0B7JK74_9GAMM	GCF_002101395.1_WP_085067900.1	21.795	81	87	96	78	56	2	2	79	10	82	9.27e-25	93.8
tr|A0A0B7JK74|A0A0B7JK74_9GAMM	GCF_000834395.1_WP_042546713.1	26.923	81	86	96	78	52	2	2	79	10	82	9.94e-25	93.5
tr|A0A0B7JK74|A0A0B7JK74_9GAMM	GCF_006711645.1_WP_100682484.1	28.205	81	86	96	78	51	2	2	79	10	82	1.02e-24	93.5
tr|A0A0B7JK74|A0A0B7JK74_9GAMM	GCF_021276285.1_WP_095923198.1	25.641	81	86	96	78	53	2	2	79	10	82	1.06e-24	93.5
tr|A0A0B7JK74|A0A0B7JK74_9GAMM	GCF_004124235.1_WP_025377303.1	26.923	81	86	96	78	52	2	2	79	10	82	1.06e-24	93.5
tr|A0A0B7JK74|A0A0B7JK74_9GAMM	GCF_000006945.2_NP_459242.1	29.487	81	86	96	78	50	2	2	79	10	82	1.17e-24	93.5
tr|A0A0B7JK74|A0A0B7JK74_9GAMM	GCF_022637595.1_WP_004858152.1	28.205	81	86	96	78	51	2	2	79	10	82	1.20e-24	93.5
tr|A0A0B7JK74|A0A0B7JK74_9GAMM	GCF_015139575.1_WP_004098776.1	26.923	81	86	96	78	52	2	2	79	10	82	1.21e-24	93.5
tr|A0A0B7JK74|A0A0B7JK74_9GAMM	GCF_011068345.1_WP_002436992.1	26.923	81	86	96	78	52	2	2	79	10	82	1.23e-24	93.2
tr|A0A0B7JK74|A0A0B7JK74_9GAMM	GCF_022637475.1_WP_013574214.1	24.359	81	86	96	78	54	2	2	79	10	82	1.31e-24	93.2
tr|A0A0B7JK74|A0A0B7JK74_9GAMM	GCF_023517775.1_WP_249893541.1	21.795	81	87	96	78	56	2	2	79	10	82	1.33e-24	93.2
tr|A0A0B7JK74|A0A0B7JK74_9GAMM	GCF_900233005.1_WP_102521318.1	39.506	81	81	100	81	49	0	1	81	1	81	1.35e-24	93.2
tr|A0A0B7JK74|A0A0B7JK74_9GAMM	GCF_000026185.1_WP_012440659.1	24.359	81	87	96	78	54	2	2	79	10	82	1.38e-24	93.2
tr|A0A0B7JK74|A0A0B7JK74_9GAMM	GCF_019890955.1_WP_211725887.1	23.077	81	87	96	78	55	2	2	79	10	82	1.41e-24	93.2
tr|A0A0B7JK74|A0A0B7JK74_9GAMM	GCF_024347495.1_WP_137371745.1	42.500	81	80	99	80	46	0	1	80	1	80	1.45e-24	92.9
tr|A0A0B7JK74|A0A0B7JK74_9GAMM	GCF_013282725.1_WP_032813813.1	25.641	81	86	96	78	53	2	2	79	10	82	1.46e-24	93.2
tr|A0A0B7JK74|A0A0B7JK74_9GAMM	GCF_000222975.1_WP_002218374.1	26.923	81	86	96	78	52	2	2	79	10	82	1.50e-24	93.2
tr|A0A0B7JK74|A0A0B7JK74_9GAMM	GCF_000772105.1_WP_004748349.1	41.250	81	81	99	80	47	0	1	80	1	80	1.51e-24	92.9
tr|A0A0B7JK74|A0A0B7JK74_9GAMM	GCF_005877035.1_WP_039486662.1	49.383	81	83	100	81	41	0	1	81	1	81	1.57e-24	92.9
tr|A0A0B7JK74|A0A0B7JK74_9GAMM	GCF_019669905.1_WP_054759186.1	34.177	81	79	98	79	48	1	2	80	5	79	1.57e-24	92.9
tr|A0A0B7JK74|A0A0B7JK74_9GAMM	GCF_002906475.1_WP_012130247.1	40.000	81	81	99	80	48	0	1	80	1	80	1.82e-24	92.9
tr|A0A0B7JK74|A0A0B7JK74_9GAMM	GCF_011617105.1_WP_025800203.1	24.675	81	86	95	77	53	2	2	78	10	81	1.82e-24	92.9
tr|A0A0B7JK74|A0A0B7JK74_9GAMM	GCF_002355475.1_WP_003455993.1	26.923	81	90	96	78	57	0	3	80	6	83	2.17e-24	92.9
tr|A0A0B7JK74|A0A0B7JK74_9GAMM	GCF_000834455.1_WP_032817050.1	26.923	81	86	96	78	52	2	2	79	10	82	2.33e-24	92.7
tr|A0A0B7JK74|A0A0B7JK74_9GAMM	GCF_009914055.1_WP_160619715.1	23.077	81	87	96	78	55	2	2	79	10	82	2.35e-24	92.7
tr|A0A0B7JK74|A0A0B7JK74_9GAMM	GCF_003258315.1_WP_111337788.1	28.750	81	88	99	80	57	0	1	80	5	84	2.57e-24	92.7
tr|A0A0B7JK74|A0A0B7JK74_9GAMM	GCF_002021755.1_WP_005434844.1	40.000	81	81	99	80	48	0	1	80	1	80	3.02e-24	92.4
tr|A0A0B7JK74|A0A0B7JK74_9GAMM	GCF_019670485.1_WP_221071211.1	40.000	81	81	99	80	48	0	1	80	1	80	3.49e-24	92.1
tr|A0A0B7JK74|A0A0B7JK74_9GAMM	GCF_000010085.1_WP_011411656.1	26.923	81	86	96	78	52	2	2	79	10	82	3.54e-24	92.1
tr|A0A0B7JK74|A0A0B7JK74_9GAMM	GCF_009730055.1_WP_032906500.1	26.923	81	86	96	78	52	2	2	79	10	82	4.43e-24	91.8
tr|A0A0B7JK74|A0A0B7JK74_9GAMM	GCF_011044475.1_WP_033740322.1	23.077	81	86	96	78	55	2	2	79	10	82	4.46e-24	91.8
tr|A0A0B7JK74|A0A0B7JK74_9GAMM	GCF_000517425.1_WP_025421126.1	26.923	81	86	96	78	52	2	2	79	10	82	4.46e-24	91.8
tr|A0A0B7JK74|A0A0B7JK74_9GAMM	GCF_900095885.1_WP_035340381.1	25.641	81	86	96	78	53	2	2	79	10	82	5.07e-24	91.8
tr|A0A0B7JK74|A0A0B7JK74_9GAMM	GCF_009363415.1_WP_152430616.1	41.975	81	84	100	81	47	0	1	81	1	81	5.29e-24	91.8
tr|A0A0B7JK74|A0A0B7JK74_9GAMM	GCF_000025065.1_WP_012883679.1	24.359	81	86	96	78	54	2	2	79	10	82	5.31e-24	91.8
tr|A0A0B7JK74|A0A0B7JK74_9GAMM	GCF_024360925.2_WP_255188929.1	36.709	81	83	98	79	49	1	2	80	6	83	5.46e-24	91.5
tr|A0A0B7JK74|A0A0B7JK74_9GAMM	GCF_000238395.3_WP_010553578.1	48.750	81	83	99	80	41	0	1	80	1	80	5.68e-24	91.5
tr|A0A0B7JK74|A0A0B7JK74_9GAMM	GCF_003668795.1_WP_054981706.1	41.250	81	83	99	80	47	0	1	80	1	80	5.72e-24	91.5
tr|A0A0B7JK74|A0A0B7JK74_9GAMM	GCF_012427845.1_WP_012773648.1	20.513	81	86	96	78	57	2	2	79	10	82	5.80e-24	91.5
tr|A0A0B7JK74|A0A0B7JK74_9GAMM	GCF_019797845.1_WP_222158377.1	23.077	81	86	96	78	55	2	2	79	10	82	6.03e-24	91.5
tr|A0A0B7JK74|A0A0B7JK74_9GAMM	GCF_020683125.1_WP_133842177.1	24.359	81	88	96	78	54	2	2	79	11	83	6.66e-24	91.5
tr|A0A0B7JK74|A0A0B7JK74_9GAMM	GCF_014524625.1_WP_009050814.1	29.487	81	92	96	78	55	0	3	80	8	85	7.10e-24	91.5
tr|A0A0B7JK74|A0A0B7JK74_9GAMM	GCF_021029445.1_WP_230924827.1	29.487	81	89	96	78	54	1	3	80	8	84	7.17e-24	91.5
tr|A0A0B7JK74|A0A0B7JK74_9GAMM	GCF_002288545.1_WP_029367608.1	20.513	81	86	96	78	57	2	2	79	10	82	7.48e-24	91.3
tr|A0A0B7JK74|A0A0B7JK74_9GAMM	GCF_025133195.1_WP_032910235.1	26.923	81	86	96	78	52	2	2	79	10	82	7.66e-24	91.3
tr|A0A0B7JK74|A0A0B7JK74_9GAMM	GCF_000264765.2_WP_034163237.1	25.316	81	86	98	79	54	2	2	80	10	83	8.03e-24	91.3
tr|A0A0B7JK74|A0A0B7JK74_9GAMM	GCF_022647505.1_WP_128179458.1	20.513	81	87	96	78	57	2	2	79	10	82	8.44e-24	91.3
tr|A0A0B7JK74|A0A0B7JK74_9GAMM	GCF_000148645.1_WP_013347076.1	42.308	81	80	96	78	45	0	4	81	3	80	1.00e-23	91.0
tr|A0A0B7JK74|A0A0B7JK74_9GAMM	GCF_002221525.1_WP_089349457.1	41.250	81	83	99	80	47	0	1	80	1	80	1.01e-23	91.0
tr|A0A0B7JK74|A0A0B7JK74_9GAMM	GCF_007858975.2_WP_042869176.1	23.077	81	86	96	78	55	2	2	79	10	82	1.09e-23	91.0
tr|A0A0B7JK74|A0A0B7JK74_9GAMM	GCF_001999225.1_WP_077537996.1	46.250	81	82	99	80	43	0	1	80	1	80	1.11e-23	91.0
tr|A0A0B7JK74|A0A0B7JK74_9GAMM	GCF_019844095.1_WP_062747070.1	24.359	81	88	96	78	54	2	2	79	11	83	1.14e-23	91.0
tr|A0A0B7JK74|A0A0B7JK74_9GAMM	GCF_008807375.1_WP_151133519.1	26.923	81	90	96	78	57	0	3	80	6	83	1.21e-23	91.0
tr|A0A0B7JK74|A0A0B7JK74_9GAMM	GCF_020150375.1_WP_004094310.1	24.675	81	86	95	77	53	2	2	78	10	81	1.29e-23	90.7
tr|A0A0B7JK74|A0A0B7JK74_9GAMM	GCF_000023565.1_WP_012770818.1	23.077	81	86	96	78	55	2	2	79	10	82	1.30e-23	90.7
tr|A0A0B7JK74|A0A0B7JK74_9GAMM	GCF_000520015.2_WP_024910172.1	30.769	81	87	96	78	49	2	2	79	10	82	1.46e-23	90.7
tr|A0A0B7JK74|A0A0B7JK74_9GAMM	GCF_021733145.1_WP_012847629.1	26.582	81	86	98	79	53	2	2	80	10	83	1.63e-23	90.4
tr|A0A0B7JK74|A0A0B7JK74_9GAMM	GCF_020181655.1_WP_225087160.1	19.231	81	86	96	78	58	2	2	79	10	82	1.69e-23	90.4
tr|A0A0B7JK74|A0A0B7JK74_9GAMM	GCF_017498685.1_WP_038245151.1	25.641	81	86	96	78	53	2	2	79	10	82	1.71e-23	90.4
tr|A0A0B7JK74|A0A0B7JK74_9GAMM	GCF_009873295.1_WP_039312412.1	20.513	81	86	96	78	57	2	2	79	10	82	1.71e-23	90.4
tr|A0A0B7JK74|A0A0B7JK74_9GAMM	GCF_002005305.1_WP_077753428.1	25.926	81	86	100	81	60	0	1	81	6	86	1.78e-23	90.4
tr|A0A0B7JK74|A0A0B7JK74_9GAMM	GCF_000968535.2_WP_014147785.1	33.750	81	84	99	80	52	1	2	81	6	84	1.81e-23	90.4
tr|A0A0B7JK74|A0A0B7JK74_9GAMM	GCF_020342335.1_WP_067428135.1	23.077	81	87	96	78	55	2	2	79	10	82	1.96e-23	90.4
tr|A0A0B7JK74|A0A0B7JK74_9GAMM	GCF_005484945.1_WP_137712817.1	20.513	81	86	96	78	57	2	2	79	10	82	2.10e-23	90.1
tr|A0A0B7JK74|A0A0B7JK74_9GAMM	GCF_000196615.1_WP_013200864.1	23.077	81	87	96	78	55	2	2	79	10	82	2.12e-23	90.1
tr|A0A0B7JK74|A0A0B7JK74_9GAMM	GCF_000019525.1_WP_012323084.1	32.500	81	81	99	80	54	0	1	80	1	80	2.33e-23	90.1
tr|A0A0B7JK74|A0A0B7JK74_9GAMM	GCF_009931295.1_WP_161528353.1	20.513	81	86	96	78	57	2	2	79	10	82	2.54e-23	90.1
tr|A0A0B7JK74|A0A0B7JK74_9GAMM	GCF_024347675.1_WP_261835500.1	37.037	81	81	100	81	51	0	1	81	1	81	2.56e-23	89.8
tr|A0A0B7JK74|A0A0B7JK74_9GAMM	GCF_019977755.1_WP_126608378.1	37.209	81	103	99	86	48	1	1	80	15	100	2.87e-23	90.1
tr|A0A0B7JK74|A0A0B7JK74_9GAMM	GCF_000196475.1_WP_012776850.1	26.250	81	88	99	80	54	2	2	81	10	84	3.62e-23	89.6
tr|A0A0B7JK74|A0A0B7JK74_9GAMM	GCF_016026735.1_WP_015673540.1	30.769	81	87	96	78	49	2	2	79	10	82	3.64e-23	89.6
tr|A0A0B7JK74|A0A0B7JK74_9GAMM	GCF_001642805.2_WP_004931991.1	32.051	81	87	96	78	48	2	2	79	10	82	3.76e-23	89.6
tr|A0A0B7JK74|A0A0B7JK74_9GAMM	GCF_003515985.1_WP_085653101.1	23.077	81	86	96	78	55	2	2	79	10	82	3.78e-23	89.6
tr|A0A0B7JK74|A0A0B7JK74_9GAMM	GCF_000740965.1_WP_011092648.1	20.513	81	86	96	78	57	2	2	79	10	82	3.97e-23	89.6
tr|A0A0B7JK74|A0A0B7JK74_9GAMM	GCF_004792415.1_WP_013356856.1	23.077	81	86	96	78	55	2	2	79	10	82	4.13e-23	89.6
tr|A0A0B7JK74|A0A0B7JK74_9GAMM	GCF_013423785.1_WP_180308358.1	27.848	81	88	98	79	56	1	2	80	10	87	4.24e-23	89.6
tr|A0A0B7JK74|A0A0B7JK74_9GAMM	GCF_017569925.1_WP_208228065.1	21.795	81	86	96	78	56	2	2	79	10	82	4.36e-23	89.3
tr|A0A0B7JK74|A0A0B7JK74_9GAMM	GCF_015999465.1_WP_085688159.1	21.795	81	86	96	78	56	2	2	79	10	82	4.61e-23	89.3
tr|A0A0B7JK74|A0A0B7JK74_9GAMM	GCF_013460135.1_WP_180816665.1	26.582	81	88	98	79	53	2	2	80	10	83	4.70e-23	89.3
tr|A0A0B7JK74|A0A0B7JK74_9GAMM	GCF_021462285.1_WP_234585968.1	30.769	81	87	96	78	49	2	2	79	10	82	5.08e-23	89.3
tr|A0A0B7JK74|A0A0B7JK74_9GAMM	GCF_002887615.1_WP_038869703.1	37.500	81	81	99	80	50	0	1	80	1	80	5.19e-23	89.0
tr|A0A0B7JK74|A0A0B7JK74_9GAMM	GCF_902387845.1_WP_004237241.1	25.316	81	88	98	79	54	2	2	80	10	83	5.43e-23	89.3
tr|A0A0B7JK74|A0A0B7JK74_9GAMM	GCF_000023545.1_WP_015854637.1	20.513	81	86	96	78	57	2	2	79	10	82	5.62e-23	89.0
tr|A0A0B7JK74|A0A0B7JK74_9GAMM	GCF_002812485.1_WP_038661467.1	23.077	81	86	96	78	55	2	2	79	10	82	5.90e-23	89.0
tr|A0A0B7JK74|A0A0B7JK74_9GAMM	GCF_019090985.1_WP_036781226.1	25.000	81	88	99	80	55	2	2	81	10	84	6.31e-23	89.0
tr|A0A0B7JK74|A0A0B7JK74_9GAMM	GCF_004768525.1_WP_026822068.1	26.582	81	88	98	79	53	2	2	80	10	83	7.00e-23	89.0
tr|A0A0B7JK74|A0A0B7JK74_9GAMM	GCF_009817885.1_WP_105232289.1	30.769	81	87	96	78	49	2	2	79	10	82	7.09e-23	89.0
tr|A0A0B7JK74|A0A0B7JK74_9GAMM	GCF_000262305.1_WP_002441069.1	26.923	81	86	96	78	52	2	2	79	10	82	7.61e-23	88.7
tr|A0A0B7JK74|A0A0B7JK74_9GAMM	GCF_001431725.1_WP_021820278.1	38.272	81	81	100	81	50	0	1	81	1	81	8.64e-23	88.4
tr|A0A0B7JK74|A0A0B7JK74_9GAMM	GCF_001742185.1_WP_005975933.1	20.513	81	86	96	78	57	2	2	79	10	82	8.85e-23	88.7
tr|A0A0B7JK74|A0A0B7JK74_9GAMM	GCF_024346675.1_WP_048897676.1	26.582	81	86	98	79	58	0	2	80	8	86	8.99e-23	88.7
tr|A0A0B7JK74|A0A0B7JK74_9GAMM	GCF_020268605.1_WP_180560445.1	26.582	81	88	98	79	53	2	2	80	10	83	9.17e-23	88.7
tr|A0A0B7JK74|A0A0B7JK74_9GAMM	GCF_008931805.1_WP_019441510.1	42.500	81	81	99	80	46	0	1	80	1	80	9.73e-23	88.4
tr|A0A0B7JK74|A0A0B7JK74_9GAMM	GCF_005931095.1_WP_017839868.1	33.750	81	84	99	80	52	1	2	81	6	84	9.85e-23	88.4
tr|A0A0B7JK74|A0A0B7JK74_9GAMM	GCF_900187015.1_WP_061796701.1	29.487	81	87	96	78	50	2	2	79	10	82	1.06e-22	88.4
tr|A0A0B7JK74|A0A0B7JK74_9GAMM	GCF_002291445.1_WP_048635886.1	21.795	81	86	96	78	56	2	2	79	10	82	1.08e-22	88.4
tr|A0A0B7JK74|A0A0B7JK74_9GAMM	GCF_000091565.1_WP_004159420.1	23.077	81	87	96	78	55	2	2	79	10	82	1.12e-22	88.4
tr|A0A0B7JK74|A0A0B7JK74_9GAMM	GCF_000014885.1_WP_020912292.1	21.519	81	87	98	79	62	0	2	80	7	85	1.30e-22	88.2
tr|A0A0B7JK74|A0A0B7JK74_9GAMM	GCF_000147055.1_WP_022632468.1	23.077	81	86	96	78	55	2	2	79	10	82	1.33e-22	88.2
tr|A0A0B7JK74|A0A0B7JK74_9GAMM	GCF_001010285.1_WP_046974061.1	23.750	81	88	99	80	56	2	2	81	10	84	1.35e-22	88.2
tr|A0A0B7JK74|A0A0B7JK74_9GAMM	GCF_006364355.1_WP_004727652.1	37.037	81	83	100	81	51	0	1	81	1	81	1.41e-22	88.2
tr|A0A0B7JK74|A0A0B7JK74_9GAMM	GCF_000196155.1_WP_011145066.1	25.000	81	88	99	80	55	2	2	81	10	84	1.56e-22	88.2
tr|A0A0B7JK74|A0A0B7JK74_9GAMM	GCF_003403135.1_WP_024104894.1	23.077	81	86	96	78	55	2	2	79	10	82	1.79e-22	87.9
tr|A0A0B7JK74|A0A0B7JK74_9GAMM	GCF_002504285.1_WP_005282992.1	24.051	81	86	98	79	55	2	2	80	10	83	1.85e-22	87.9
tr|A0A0B7JK74|A0A0B7JK74_9GAMM	GCF_003992745.1_WP_014700896.1	21.795	81	86	96	78	56	2	2	79	10	82	1.87e-22	87.9
tr|A0A0B7JK74|A0A0B7JK74_9GAMM	GCF_000146165.2_WP_164925808.1	20.988	81	89	99	81	63	1	1	80	6	86	1.95e-22	87.9
tr|A0A0B7JK74|A0A0B7JK74_9GAMM	GCF_000214235.1_WP_004952197.1	23.077	81	85	96	78	55	2	2	79	8	80	2.25e-22	87.6
tr|A0A0B7JK74|A0A0B7JK74_9GAMM	GCF_019048385.1_WP_062759648.1	23.077	81	86	96	78	55	2	2	79	10	82	2.35e-22	87.6
tr|A0A0B7JK74|A0A0B7JK74_9GAMM	GCF_001455205.1_WP_062560013.1	32.500	81	84	99	80	53	1	2	81	6	84	2.66e-22	87.3
tr|A0A0B7JK74|A0A0B7JK74_9GAMM	GCF_000014765.1_WP_011633385.1	35.443	81	89	98	79	51	0	2	80	5	83	2.71e-22	87.3
tr|A0A0B7JK74|A0A0B7JK74_9GAMM	GCF_002157895.1_WP_227874980.1	50.000	81	82	99	80	40	0	1	80	2	81	2.99e-22	87.3
tr|A0A0B7JK74|A0A0B7JK74_9GAMM	GCF_000968195.1_WP_045972480.1	26.250	81	87	99	80	54	2	2	81	11	85	3.13e-22	87.3
tr|A0A0B7JK74|A0A0B7JK74_9GAMM	GCF_012295615.1_WP_007018284.1	40.741	81	81	100	81	48	0	1	81	1	81	3.39e-22	87.0
tr|A0A0B7JK74|A0A0B7JK74_9GAMM	GCF_000517405.1_WP_038469034.1	25.641	81	83	96	78	53	2	2	79	7	79	4.52e-22	86.8
tr|A0A0B7JK74|A0A0B7JK74_9GAMM	GCF_009646115.1_WP_008925644.1	23.077	81	86	96	78	55	2	2	79	10	82	4.77e-22	86.8
tr|A0A0B7JK74|A0A0B7JK74_9GAMM	GCF_001006005.1_WP_223499701.1	24.359	81	85	96	78	54	2	2	79	8	80	4.83e-22	86.8
tr|A0A0B7JK74|A0A0B7JK74_9GAMM	GCF_000261045.2_WP_006318653.1	23.077	81	87	96	78	55	2	2	79	10	82	5.21e-22	86.8
tr|A0A0B7JK74|A0A0B7JK74_9GAMM	GCF_008364325.2_WP_230090436.1	23.077	81	85	96	78	55	2	2	79	8	80	5.94e-22	86.5
tr|A0A0B7JK74|A0A0B7JK74_9GAMM	GCF_000016065.1_WP_011864074.1	20.000	81	93	99	80	63	1	1	80	6	84	6.23e-22	86.5
tr|A0A0B7JK74|A0A0B7JK74_9GAMM	GCF_011045835.1_WP_075671674.1	30.000	81	86	99	80	51	2	2	81	10	84	6.45e-22	86.5
tr|A0A0B7JK74|A0A0B7JK74_9GAMM	GCF_008033135.1_WP_148717358.1	23.750	81	87	99	80	60	1	2	81	7	85	7.88e-22	86.2
tr|A0A0B7JK74|A0A0B7JK74_9GAMM	GCF_022592395.1_WP_047255099.1	24.051	81	87	98	79	55	2	2	80	10	83	8.20e-22	86.2
tr|A0A0B7JK74|A0A0B7JK74_9GAMM	GCF_016026395.1_WP_024524235.1	25.316	81	86	98	79	54	2	2	80	10	83	8.25e-22	86.2
tr|A0A0B7JK74|A0A0B7JK74_9GAMM	GCF_900638135.1_WP_012146468.1	23.077	81	87	96	78	55	2	2	79	10	82	9.84e-22	85.9
tr|A0A0B7JK74|A0A0B7JK74_9GAMM	GCF_009831665.3_WP_006709226.1	24.359	81	87	96	78	54	2	2	79	10	82	1.09e-21	85.9
tr|A0A0B7JK74|A0A0B7JK74_9GAMM	GCF_029457395.1_WP_024766443.1	23.457	81	92	95	81	58	2	4	80	9	89	1.19e-21	85.9
tr|A0A0B7JK74|A0A0B7JK74_9GAMM	GCF_022369495.1_WP_072064250.1	30.000	81	86	99	80	51	2	2	81	10	84	1.24e-21	85.6
tr|A0A0B7JK74|A0A0B7JK74_9GAMM	GCF_000069965.1_WP_004245453.1	26.250	81	86	99	80	54	2	2	81	10	84	1.39e-21	85.6
tr|A0A0B7JK74|A0A0B7JK74_9GAMM	GCF_005484965.1_WP_009114129.1	19.231	81	86	96	78	58	2	2	79	10	82	1.46e-21	85.6
tr|A0A0B7JK74|A0A0B7JK74_9GAMM	GCF_017348915.1_WP_040077077.1	28.205	81	86	96	78	51	2	2	79	10	82	1.67e-21	85.3
tr|A0A0B7JK74|A0A0B7JK74_9GAMM	GCF_002291425.1_WP_095847471.1	29.487	81	87	96	78	50	2	2	79	10	82	1.70e-21	85.3
tr|A0A0B7JK74|A0A0B7JK74_9GAMM	GCF_022647325.1_WP_111140597.1	23.077	81	86	96	78	55	2	2	79	10	82	1.91e-21	85.3
tr|A0A0B7JK74|A0A0B7JK74_9GAMM	GCF_000968175.1_WP_045959360.1	26.250	81	88	99	80	54	2	2	81	11	85	1.97e-21	85.3
tr|A0A0B7JK74|A0A0B7JK74_9GAMM	GCF_012971725.1_WP_169940133.1	23.457	81	92	95	81	58	2	4	80	9	89	2.06e-21	85.3
tr|A0A0B7JK74|A0A0B7JK74_9GAMM	GCF_002849875.1_WP_232379112.1	39.024	81	113	98	82	47	1	2	80	32	113	2.36e-21	85.6
tr|A0A0B7JK74|A0A0B7JK74_9GAMM	GCF_003074995.2_WP_015870269.1	26.582	81	86	98	79	53	2	2	80	10	83	2.51e-21	85.1
tr|A0A0B7JK74|A0A0B7JK74_9GAMM	GCF_029277985.1_WP_154623766.1	25.641	81	87	96	78	53	2	2	79	10	82	2.72e-21	84.8
tr|A0A0B7JK74|A0A0B7JK74_9GAMM	GCF_019797925.1_WP_193521737.1	39.506	81	80	100	81	48	1	1	81	1	80	2.96e-21	84.5
tr|A0A0B7JK74|A0A0B7JK74_9GAMM	GCF_019047765.1_WP_040230035.1	28.205	81	86	96	78	51	2	2	79	10	82	3.59e-21	84.5
tr|A0A0B7JK74|A0A0B7JK74_9GAMM	GCF_024746855.1_WP_260492542.1	38.750	81	79	99	80	48	1	1	80	1	79	4.10e-21	84.2
tr|A0A0B7JK74|A0A0B7JK74_9GAMM	GCF_014295015.1_WP_013185414.1	22.500	81	87	99	80	57	2	2	81	11	85	4.93e-21	84.2
tr|A0A0B7JK74|A0A0B7JK74_9GAMM	GCF_017743015.1_WP_209027287.1	22.500	81	88	99	80	57	2	2	81	10	84	4.98e-21	84.2
tr|A0A0B7JK74|A0A0B7JK74_9GAMM	GCF_004295645.1_WP_228350951.1	24.051	81	88	98	79	55	2	2	80	11	84	5.70e-21	83.9
tr|A0A0B7JK74|A0A0B7JK74_9GAMM	GCF_020541225.1_WP_226811316.1	26.923	81	86	96	78	52	2	2	79	10	82	6.40e-21	83.9
tr|A0A0B7JK74|A0A0B7JK74_9GAMM	GCF_003025345.2_WP_003155955.1	23.529	81	91	99	85	60	1	2	81	7	91	7.64e-21	83.7
tr|A0A0B7JK74|A0A0B7JK74_9GAMM	GCF_002952315.1_WP_012667243.1	19.231	81	87	96	78	58	2	2	79	10	82	8.01e-21	83.7
tr|A0A0B7JK74|A0A0B7JK74_9GAMM	GCF_003096015.2_WP_230514010.1	25.316	81	88	98	79	54	2	2	80	11	84	8.90e-21	83.7
tr|A0A0B7JK74|A0A0B7JK74_9GAMM	GCF_025946765.1_WP_264497926.1	21.795	81	86	96	78	56	2	2	79	10	82	9.08e-21	83.4
tr|A0A0B7JK74|A0A0B7JK74_9GAMM	GCF_008632455.1_WP_150048082.1	35.443	81	84	98	79	50	1	2	80	6	83	9.42e-21	83.4
tr|A0A0B7JK74|A0A0B7JK74_9GAMM	GCF_004116975.1_WP_064720954.1	26.250	81	86	99	80	54	2	2	81	10	84	1.26e-20	83.1
tr|A0A0B7JK74|A0A0B7JK74_9GAMM	GCF_021365465.1_WP_016190321.1	21.795	81	87	96	78	56	2	2	79	10	82	1.44e-20	83.1
tr|A0A0B7JK74|A0A0B7JK74_9GAMM	GCF_003204135.1_WP_004908806.1	28.205	81	87	96	78	51	2	2	79	10	82	1.55e-20	82.8
tr|A0A0B7JK74|A0A0B7JK74_9GAMM	GCF_900478135.1_WP_111739359.1	24.051	81	88	98	79	55	2	2	80	11	84	1.56e-20	82.8
tr|A0A0B7JK74|A0A0B7JK74_9GAMM	GCF_900638655.1_WP_047781753.1	24.051	81	88	98	79	55	2	2	80	11	84	1.68e-20	82.8
tr|A0A0B7JK74|A0A0B7JK74_9GAMM	GCF_002843235.3_WP_102139922.1	28.205	81	87	96	78	51	2	2	79	10	82	1.93e-20	82.8
tr|A0A0B7JK74|A0A0B7JK74_9GAMM	GCF_900475855.1_WP_068441311.1	25.641	81	87	96	78	53	2	2	79	10	82	2.30e-20	82.5
tr|A0A0B7JK74|A0A0B7JK74_9GAMM	GCF_003568825.1_WP_040644076.1	26.506	81	83	99	83	58	1	1	80	1	83	2.79e-20	82.3
tr|A0A0B7JK74|A0A0B7JK74_9GAMM	GCF_002393505.1_WP_006658392.1	30.769	81	87	96	78	49	2	2	79	10	82	2.99e-20	82.3
tr|A0A0B7JK74|A0A0B7JK74_9GAMM	GCF_001721185.1_WP_069317984.1	22.500	81	87	99	80	57	2	2	81	10	84	3.29e-20	82.0
tr|A0A0B7JK74|A0A0B7JK74_9GAMM	GCF_000019185.1_WP_012277931.1	33.000	81	100	100	100	48	1	1	81	1	100	3.33e-20	82.3
tr|A0A0B7JK74|A0A0B7JK74_9GAMM	GCF_000785705.2_WP_036272019.1	31.646	81	82	98	79	52	2	2	80	6	82	3.54e-20	82.0
tr|A0A0B7JK74|A0A0B7JK74_9GAMM	GCF_019703835.1_WP_087020305.1	40.260	81	79	95	77	42	1	4	80	3	75	5.64e-20	81.4
tr|A0A0B7JK74|A0A0B7JK74_9GAMM	GCF_005671395.1_WP_138095872.1	22.727	81	86	81	66	50	1	2	67	10	74	1.23e-19	80.6
tr|A0A0B7JK74|A0A0B7JK74_9GAMM	GCF_008364325.2_WP_020826409.1	27.848	81	84	98	79	54	1	2	80	7	82	1.29e-19	80.6
tr|A0A0B7JK74|A0A0B7JK74_9GAMM	GCF_017638925.1_WP_208844867.1	39.241	81	81	98	79	47	1	1	79	1	78	7.18e-19	78.6
tr|A0A0B7JK74|A0A0B7JK74_9GAMM	GCF_026427595.1_WP_251812951.1	29.630	81	88	95	81	53	3	4	80	7	87	1.05e-18	78.3
tr|A0A0B7JK74|A0A0B7JK74_9GAMM	GCF_001677435.1_WP_068615618.1	21.739	81	90	85	69	53	1	2	70	9	76	1.56e-18	77.7
tr|A0A0B7JK74|A0A0B7JK74_9GAMM	GCF_004358345.1_WP_121852852.1	27.941	81	76	84	68	49	0	2	69	8	75	2.17e-18	77.2
tr|A0A0B7JK74|A0A0B7JK74_9GAMM	GCF_016026875.1_WP_045525981.1	24.051	81	89	98	79	55	3	2	80	7	80	2.39e-18	77.5
tr|A0A0B7JK74|A0A0B7JK74_9GAMM	GCF_003990335.1_WP_127025819.1	28.395	81	91	100	81	57	1	1	81	5	84	2.42e-18	77.5
tr|A0A0B7JK74|A0A0B7JK74_9GAMM	GCF_007197555.1_WP_144048375.1	26.437	81	94	100	87	58	2	1	81	6	92	4.24e-18	76.9
tr|A0A0B7JK74|A0A0B7JK74_9GAMM	GCF_020405345.1_WP_017780573.1	24.051	81	89	98	79	55	3	2	80	7	80	1.01e-17	75.8
tr|A0A0B7JK74|A0A0B7JK74_9GAMM	GCF_003515105.1_WP_036973086.1	23.881	81	73	83	67	51	0	2	68	6	72	3.01e-17	74.4
tr|A0A0B7JK74|A0A0B7JK74_9GAMM	GCF_020149575.1_WP_224431657.1	23.750	81	85	99	80	56	3	2	81	7	81	1.07e-16	73.0
tr|A0A0B7JK74|A0A0B7JK74_9GAMM	GCF_000018285.1_WP_012155987.1	33.663	81	102	99	101	46	1	1	80	1	101	1.17e-16	73.2
tr|A0A0B7JK74|A0A0B7JK74_9GAMM	GCF_000147355.1_WP_013326989.1	33.333	81	67	81	66	44	0	15	80	1	66	1.60e-16	72.4
tr|A0A0B7JK74|A0A0B7JK74_9GAMM	GCF_020423125.1_WP_226170850.1	20.253	81	84	98	79	58	3	2	80	7	80	2.03e-16	72.4
tr|A0A0B7JK74|A0A0B7JK74_9GAMM	GCF_028355655.1_WP_087756847.1	21.519	81	84	98	79	57	3	2	80	7	80	3.31e-16	71.8
tr|A0A0B7JK74|A0A0B7JK74_9GAMM	GCF_900637545.1_WP_042651794.1	21.519	81	84	98	79	57	3	2	80	7	80	3.37e-16	71.8
tr|A0A0B7JK74|A0A0B7JK74_9GAMM	GCF_020991025.1_WP_152109250.1	28.788	81	83	81	66	47	0	2	67	8	73	4.14e-16	71.6
tr|A0A0B7JK74|A0A0B7JK74_9GAMM	GCF_002215215.1_WP_088918776.1	23.750	81	101	99	80	60	1	2	81	20	98	5.07e-16	71.6
tr|A0A0B7JK74|A0A0B7JK74_9GAMM	GCF_000788395.1_WP_038641921.1	27.160	81	85	99	81	57	2	2	81	5	84	1.31e-15	70.4
tr|A0A0B7JK74|A0A0B7JK74_9GAMM	GCF_008693705.1_WP_127008315.1	21.519	81	84	98	79	57	3	2	80	7	80	2.43e-15	69.6
tr|A0A0B7JK74|A0A0B7JK74_9GAMM	GCF_014169735.1_WP_134997272.1	18.987	81	86	98	79	59	3	2	80	7	80	2.72e-15	69.6
tr|A0A0B7JK74|A0A0B7JK74_9GAMM	GCF_002157225.2_WP_086934278.1	29.167	81	80	89	72	50	1	1	72	4	74	4.26e-15	69.0
tr|A0A0B7JK74|A0A0B7JK74_9GAMM	GCF_010093065.1_WP_238430213.1	15.942	81	83	81	69	52	2	2	67	11	76	6.56e-15	68.5
tr|A0A0B7JK74|A0A0B7JK74_9GAMM	GCF_015209785.1_WP_193988300.1	21.875	81	73	79	64	50	0	2	65	6	69	9.85e-15	67.9
tr|A0A0B7JK74|A0A0B7JK74_9GAMM	GCF_003855395.1_WP_124730567.1	37.349	81	88	98	83	48	2	2	80	4	86	1.18e-14	67.9
tr|A0A0B7JK74|A0A0B7JK74_9GAMM	GCF_003015165.1_WP_106887831.1	20.253	81	84	98	79	58	3	2	80	7	80	1.18e-14	67.9
tr|A0A0B7JK74|A0A0B7JK74_9GAMM	GCF_001020955.1_WP_047250467.1	19.718	81	82	84	71	54	1	2	69	10	80	1.30e-14	67.6
tr|A0A0B7JK74|A0A0B7JK74_9GAMM	GCF_016026615.1_WP_197928313.1	20.253	81	89	98	79	58	3	2	80	7	80	1.81e-14	67.6
tr|A0A0B7JK74|A0A0B7JK74_9GAMM	GCF_001596155.1_WP_068342236.1	20.779	81	90	91	77	54	4	2	75	8	80	2.35e-14	67.3
tr|A0A0B7JK74|A0A0B7JK74_9GAMM	GCF_000014705.1_WP_011637758.1	32.530	81	88	98	83	52	2	2	80	4	86	2.44e-14	67.1
tr|A0A0B7JK74|A0A0B7JK74_9GAMM	GCF_003966655.1_WP_113527441.1	24.286	81	77	86	70	52	1	2	71	8	76	2.66e-14	66.8
tr|A0A0B7JK74|A0A0B7JK74_9GAMM	GCF_016127195.1_WP_042032742.1	21.795	81	89	96	78	56	3	2	79	7	79	2.76e-14	67.1
tr|A0A0B7JK74|A0A0B7JK74_9GAMM	GCF_003063625.1_WP_108601906.1	29.167	81	85	89	72	50	1	1	72	4	74	3.27e-14	66.8
tr|A0A0B7JK74|A0A0B7JK74_9GAMM	GCF_020511155.1_WP_226415657.1	29.762	81	87	99	84	55	2	1	80	4	87	4.39e-14	66.5
tr|A0A0B7JK74|A0A0B7JK74_9GAMM	GCF_001507645.1_WP_068195976.1	15.789	81	90	90	76	58	2	2	74	8	80	8.32e-14	65.9
tr|A0A0B7JK74|A0A0B7JK74_9GAMM	GCF_013462805.1_WP_009566961.1	24.286	81	77	86	70	52	1	2	71	8	76	9.12e-14	65.4
tr|A0A0B7JK74|A0A0B7JK74_9GAMM	GCF_002218045.2_WP_089137819.1	24.638	81	79	81	69	49	1	2	67	9	77	1.47e-13	65.1
tr|A0A0B7JK74|A0A0B7JK74_9GAMM	GCF_003584645.1_WP_197716612.1	19.737	81	80	89	76	53	3	2	73	8	79	2.80e-13	64.2
tr|A0A0B7JK74|A0A0B7JK74_9GAMM	GCF_020844025.1_WP_215848879.1	25.352	81	77	88	71	52	1	2	72	8	77	3.30e-13	64.0
tr|A0A0B7JK74|A0A0B7JK74_9GAMM	GCF_013137895.1_WP_135435790.1	19.718	81	83	81	71	48	3	2	67	9	75	3.36e-13	64.2
tr|A0A0B7JK74|A0A0B7JK74_9GAMM	GCF_006337165.1_WP_139515111.1	21.127	81	82	81	71	47	3	2	67	8	74	3.85e-13	64.0
tr|A0A0B7JK74|A0A0B7JK74_9GAMM	GCF_027625995.1_WP_270126807.1	21.127	81	82	81	71	47	3	2	67	8	74	4.65e-13	63.7
tr|A0A0B7JK74|A0A0B7JK74_9GAMM	GCF_013283835.1_WP_071626507.1	21.127	81	83	84	71	49	3	2	69	8	74	4.73e-13	63.7
tr|A0A0B7JK74|A0A0B7JK74_9GAMM	GCF_001651805.1_WP_067384150.1	22.059	81	78	79	68	49	2	2	65	7	74	5.27e-13	63.7
tr|A0A0B7JK74|A0A0B7JK74_9GAMM	GCF_010093065.1_WP_162331416.1	17.105	81	84	90	76	57	3	2	74	11	83	5.34e-13	63.7
tr|A0A0B7JK74|A0A0B7JK74_9GAMM	GCF_000940995.1_WP_082060442.1	21.429	81	93	86	70	55	0	10	79	16	85	5.39e-13	63.7
tr|A0A0B7JK74|A0A0B7JK74_9GAMM	GCF_000026085.1_WP_041454550.1	20.896	81	73	81	67	51	2	2	67	6	71	6.32e-13	63.4
tr|A0A0B7JK74|A0A0B7JK74_9GAMM	GCF_000576555.1_WP_044000633.1	22.535	81	83	81	71	46	3	2	67	9	75	6.55e-13	63.4
tr|A0A0B7JK74|A0A0B7JK74_9GAMM	GCF_004355185.1_WP_133271280.1	19.718	81	81	81	71	48	3	2	67	7	73	6.76e-13	63.4
tr|A0A0B7JK74|A0A0B7JK74_9GAMM	GCF_004028275.1_WP_128384077.1	24.324	81	77	86	74	51	3	2	71	3	75	7.24e-13	63.1
tr|A0A0B7JK74|A0A0B7JK74_9GAMM	GCF_002762215.1_WP_085750011.1	15.714	81	87	83	70	53	3	2	68	9	75	7.71e-13	63.4
tr|A0A0B7JK74|A0A0B7JK74_9GAMM	GCF_902810445.1_WP_197744199.1	24.658	81	78	85	73	47	4	2	70	7	75	8.91e-13	63.1
tr|A0A0B7JK74|A0A0B7JK74_9GAMM	GCF_013177675.1_WP_172128285.1	20.270	81	81	88	74	52	3	2	72	8	77	1.24e-12	62.6
tr|A0A0B7JK74|A0A0B7JK74_9GAMM	GCF_023650495.1_WP_250655372.1	28.235	81	88	100	85	57	2	1	81	4	88	1.94e-12	62.3
tr|A0A0B7JK74|A0A0B7JK74_9GAMM	GCF_003970675.1_WP_126615366.1	19.697	81	76	81	66	48	3	2	67	13	73	2.00e-12	62.0
tr|A0A0B7JK74|A0A0B7JK74_9GAMM	GCF_000212735.1_WP_013764159.1	16.883	81	83	90	77	56	3	2	74	10	82	2.37e-12	62.0
tr|A0A0B7JK74|A0A0B7JK74_9GAMM	GCF_018736065.1_WP_144074266.1	20.588	81	76	84	68	49	3	2	69	13	75	2.56e-12	61.7
tr|A0A0B7JK74|A0A0B7JK74_9GAMM	GCF_000013765.1_WP_011496543.1	22.892	81	106	98	83	60	2	2	80	23	105	3.62e-12	62.0
tr|A0A0B7JK74|A0A0B7JK74_9GAMM	GCF_004001245.1_WP_127478562.1	12.500	81	85	84	72	59	2	2	69	10	81	3.92e-12	61.4
tr|A0A0B7JK74|A0A0B7JK74_9GAMM	GCF_009662475.1_WP_031573754.1	24.658	81	79	90	73	54	1	2	74	8	79	4.29e-12	61.2
tr|A0A0B7JK74|A0A0B7JK74_9GAMM	GCF_016613475.2_WP_200606805.1	17.143	81	90	83	70	52	2	2	68	11	77	4.33e-12	61.4
tr|A0A0B7JK74|A0A0B7JK74_9GAMM	GCF_000801295.1_WP_171816254.1	19.118	81	99	80	68	51	3	2	66	10	76	4.85e-12	61.4
tr|A0A0B7JK74|A0A0B7JK74_9GAMM	GCF_017742995.1_WP_247749573.1	37.209	81	48	53	43	27	0	1	43	1	43	5.34e-12	60.6
tr|A0A0B7JK74|A0A0B7JK74_9GAMM	GCF_001444405.1_WP_058032142.1	29.577	81	87	88	71	50	0	1	71	1	71	6.07e-12	61.2
tr|A0A0B7JK74|A0A0B7JK74_9GAMM	GCF_003149515.1_WP_109656005.1	14.667	81	90	89	75	58	2	2	73	8	79	6.13e-12	61.2
tr|A0A0B7JK74|A0A0B7JK74_9GAMM	GCF_021654855.1_WP_237262080.1	28.986	81	70	80	69	44	2	2	66	3	70	7.31e-12	60.6
tr|A0A0B7JK74|A0A0B7JK74_9GAMM	GCF_000024005.1_WP_012793320.1	16.883	81	84	90	77	56	3	2	74	11	83	8.45e-12	60.6
tr|A0A0B7JK74|A0A0B7JK74_9GAMM	GCF_001955715.1_WP_029708890.1	20.270	81	80	86	74	51	3	2	71	7	76	8.50e-12	60.6
tr|A0A0B7JK74|A0A0B7JK74_9GAMM	GCF_008728635.1_WP_151087836.1	17.722	81	90	94	79	58	4	2	77	8	82	8.84e-12	60.6
tr|A0A0B7JK74|A0A0B7JK74_9GAMM	GCF_003967195.1_WP_172597571.1	22.368	81	83	88	76	53	3	2	72	9	83	1.02e-11	60.3
tr|A0A0B7JK74|A0A0B7JK74_9GAMM	GCF_000012325.1_WP_011045621.1	30.882	81	84	84	68	46	1	2	69	5	71	1.07e-11	60.3
tr|A0A0B7JK74|A0A0B7JK74_9GAMM	GCF_022827545.1_WP_243798205.1	19.718	81	82	81	71	48	3	2	67	8	74	1.11e-11	60.3
tr|A0A0B7JK74|A0A0B7JK74_9GAMM	GCF_003574965.1_WP_119445661.1	22.535	81	82	81	71	46	3	2	67	8	74	1.26e-11	60.0
tr|A0A0B7JK74|A0A0B7JK74_9GAMM	GCF_002356115.1_WP_096526481.1	22.535	81	78	84	71	49	2	2	69	7	74	1.27e-11	60.0
tr|A0A0B7JK74|A0A0B7JK74_9GAMM	GCF_000021985.1_WP_012639500.1	17.910	81	82	78	67	51	1	2	64	8	74	1.30e-11	60.0
tr|A0A0B7JK74|A0A0B7JK74_9GAMM	GCF_022811645.1_WP_243511723.1	14.493	81	90	81	69	53	2	2	67	8	73	1.31e-11	60.3
tr|A0A0B7JK74|A0A0B7JK74_9GAMM	GCF_003955735.1_WP_126127786.1	20.000	81	91	83	70	50	3	2	68	12	78	1.48e-11	60.0
tr|A0A0B7JK74|A0A0B7JK74_9GAMM	GCF_006385555.1_WP_140234395.1	27.711	81	87	98	83	56	3	2	80	4	86	1.61e-11	60.0
tr|A0A0B7JK74|A0A0B7JK74_9GAMM	GCF_009938015.1_WP_223264517.1	18.571	81	90	81	70	53	2	2	67	10	79	2.20e-11	59.7
tr|A0A0B7JK74|A0A0B7JK74_9GAMM	GCF_002142475.1_WP_026148861.1	18.056	81	86	84	72	51	3	2	69	7	74	3.11e-11	59.2
tr|A0A0B7JK74|A0A0B7JK74_9GAMM	GCF_002355415.1_WP_148665551.1	14.493	81	87	81	69	56	1	2	67	17	85	3.26e-11	59.2
tr|A0A0B7JK74|A0A0B7JK74_9GAMM	GCF_003353065.1_WP_114983154.1	16.667	81	84	79	66	50	2	2	65	11	73	3.91e-11	58.9
tr|A0A0B7JK74|A0A0B7JK74_9GAMM	GCF_013201725.1_WP_014475480.1	22.535	81	74	84	71	48	3	2	69	8	74	4.75e-11	58.6
tr|A0A0B7JK74|A0A0B7JK74_9GAMM	GCF_004798725.1_WP_010811758.1	15.714	81	83	83	70	53	2	2	68	11	77	4.76e-11	58.6
tr|A0A0B7JK74|A0A0B7JK74_9GAMM	GCF_013282625.1_WP_173286717.1	17.391	81	67	85	69	53	2	2	70	3	67	4.96e-11	58.3
tr|A0A0B7JK74|A0A0B7JK74_9GAMM	GCF_003346815.1_WP_114840342.1	19.178	81	82	86	73	52	3	2	71	8	76	5.41e-11	58.6
tr|A0A0B7JK74|A0A0B7JK74_9GAMM	GCF_019931735.1_WP_223417223.1	22.619	81	87	99	84	61	2	1	80	3	86	5.60e-11	58.6
tr|A0A0B7JK74|A0A0B7JK74_9GAMM	GCF_002355735.1_WP_096359192.1	14.286	81	83	83	70	57	1	2	68	13	82	5.90e-11	58.3
tr|A0A0B7JK74|A0A0B7JK74_9GAMM	GCF_000321415.2_WP_015260329.1	10.959	81	93	86	73	62	2	2	71	10	82	6.14e-11	58.6
tr|A0A0B7JK74|A0A0B7JK74_9GAMM	GCF_013201665.1_WP_128359868.1	20.548	81	81	86	73	51	3	2	71	8	76	6.23e-11	58.3
tr|A0A0B7JK74|A0A0B7JK74_9GAMM	GCF_000012805.1_WP_011330264.1	20.833	81	85	85	72	51	3	2	70	7	75	6.25e-11	58.3
tr|A0A0B7JK74|A0A0B7JK74_9GAMM	GCF_002557795.1_WP_098194977.1	20.270	81	89	84	74	49	3	2	69	11	80	7.28e-11	58.3
tr|A0A0B7JK74|A0A0B7JK74_9GAMM	GCF_008807855.1_WP_063240334.1	18.571	81	83	83	70	51	2	2	68	11	77	7.43e-11	58.1
tr|A0A0B7JK74|A0A0B7JK74_9GAMM	GCF_024347255.1_WP_091360415.1	25.000	81	79	79	68	47	2	2	65	7	74	9.19e-11	57.8
tr|A0A0B7JK74|A0A0B7JK74_9GAMM	GCF_009755585.1_WP_157030071.1	15.714	81	85	81	70	51	3	2	67	8	73	9.44e-11	58.1
tr|A0A0B7JK74|A0A0B7JK74_9GAMM	GCF_000006765.1_NP_249630.1	28.235	81	108	99	85	56	1	2	81	7	91	9.50e-11	58.3
tr|A0A0B7JK74|A0A0B7JK74_9GAMM	GCF_019891175.1_WP_225938383.1	15.714	81	93	83	70	53	2	1	67	14	80	9.80e-11	58.1
tr|A0A0B7JK74|A0A0B7JK74_9GAMM	GCF_018389385.1_WP_218082190.1	16.176	81	91	80	68	51	2	2	66	21	85	1.05e-10	58.1
tr|A0A0B7JK74|A0A0B7JK74_9GAMM	GCF_000018105.1_WP_012162738.1	18.310	81	86	83	71	50	3	1	67	6	72	1.30e-10	57.5
tr|A0A0B7JK74|A0A0B7JK74_9GAMM	GCF_024347195.1_WP_271272618.1	26.471	81	77	79	68	45	4	2	65	7	73	1.67e-10	57.2
tr|A0A0B7JK74|A0A0B7JK74_9GAMM	GCF_000092245.1_WP_013136435.1	18.571	81	76	83	70	50	3	2	68	5	70	2.03e-10	56.9
tr|A0A0B7JK74|A0A0B7JK74_9GAMM	GCF_004421105.1_WP_134356453.1	20.548	81	80	85	73	50	4	2	70	7	75	2.13e-10	56.9
tr|A0A0B7JK74|A0A0B7JK74_9GAMM	GCF_000143085.1_WP_013221711.1	20.833	81	82	85	72	51	3	2	70	7	75	2.29e-10	56.9
tr|A0A0B7JK74|A0A0B7JK74_9GAMM	GCF_024347675.1_WP_261833361.1	37.778	81	54	56	45	27	1	1	45	1	44	2.30e-10	56.4
tr|A0A0B7JK74|A0A0B7JK74_9GAMM	GCF_000238255.3_WP_010559905.1	25.352	81	86	86	71	51	2	2	71	5	74	3.05e-10	56.7
tr|A0A0B7JK74|A0A0B7JK74_9GAMM	GCF_020091585.1_WP_224339804.1	15.493	81	82	83	71	52	3	2	68	7	73	3.07e-10	56.7
tr|A0A0B7JK74|A0A0B7JK74_9GAMM	GCF_001956695.1_WP_076086034.1	11.268	81	77	83	71	55	3	2	68	5	71	3.22e-10	56.4
tr|A0A0B7JK74|A0A0B7JK74_9GAMM	GCF_003346775.1_WP_114843067.1	18.310	81	84	84	71	51	3	2	69	8	74	3.44e-10	56.4
tr|A0A0B7JK74|A0A0B7JK74_9GAMM	GCF_000317125.1_WP_015155280.1	18.310	81	81	83	71	50	4	1	67	6	72	3.52e-10	56.4
tr|A0A0B7JK74|A0A0B7JK74_9GAMM	GCF_013177635.1_WP_129095542.1	20.588	81	72	80	68	47	3	2	66	8	71	3.99e-10	56.1
tr|A0A0B7JK74|A0A0B7JK74_9GAMM	GCF_000014785.1_WP_011630183.1	15.493	81	83	84	71	57	2	2	69	13	83	4.03e-10	56.4
tr|A0A0B7JK74|A0A0B7JK74_9GAMM	GCF_013343005.1_WP_078482823.1	17.568	81	84	86	74	57	2	2	71	8	81	4.61e-10	56.1
tr|A0A0B7JK74|A0A0B7JK74_9GAMM	GCF_005166025.1_WP_137090244.1	19.444	81	84	84	72	50	3	2	69	8	75	5.89e-10	55.8
tr|A0A0B7JK74|A0A0B7JK74_9GAMM	GCF_024347275.1_WP_019620968.1	18.421	81	82	89	76	58	2	2	73	7	82	5.94e-10	55.8
tr|A0A0B7JK74|A0A0B7JK74_9GAMM	GCF_023733635.1_WP_039959400.1	18.841	81	89	79	69	50	3	2	65	7	74	6.93e-10	55.8
tr|A0A0B7JK74|A0A0B7JK74_9GAMM	GCF_013283835.1_WP_071625892.1	13.699	81	79	83	73	53	3	2	68	5	73	1.00e-09	55.2
tr|A0A0B7JK74|A0A0B7JK74_9GAMM	GCF_010119975.1_WP_162445115.1	14.667	81	365	88	75	55	3	2	72	14	83	1.05e-09	58.9
tr|A0A0B7JK74|A0A0B7JK74_9GAMM	GCF_013201935.1_WP_129014602.1	20.588	81	72	80	68	47	3	2	66	8	71	1.13e-09	55.0
tr|A0A0B7JK74|A0A0B7JK74_9GAMM	GCF_000227685.2_WP_006746304.1	12.676	81	83	84	71	59	2	2	69	10	80	1.30e-09	55.0
tr|A0A0B7JK74|A0A0B7JK74_9GAMM	GCF_004214795.1_WP_130234502.1	17.143	81	78	83	70	51	3	2	68	8	73	1.35e-09	55.0
tr|A0A0B7JK74|A0A0B7JK74_9GAMM	GCF_003544915.1_WP_118918525.1	18.841	81	73	81	69	49	3	2	67	8	72	3.35e-09	53.8
tr|A0A0B7JK74|A0A0B7JK74_9GAMM	GCF_001442805.1_WP_057942092.1	14.286	81	88	83	70	54	2	2	68	11	77	3.96e-09	53.8
tr|A0A0B7JK74|A0A0B7JK74_9GAMM	GCF_001956695.1_WP_076086043.1	17.808	81	77	86	73	53	3	2	71	7	75	4.42e-09	53.6
tr|A0A0B7JK74|A0A0B7JK74_9GAMM	GCF_004293625.1_WP_130538367.1	23.729	81	71	73	59	41	2	2	60	3	57	4.75e-09	53.3
tr|A0A0B7JK74|A0A0B7JK74_9GAMM	GCF_000828615.1_WP_041064380.1	18.056	81	80	83	72	53	4	2	68	10	80	5.65e-09	53.3
tr|A0A0B7JK74|A0A0B7JK74_9GAMM	GCF_024347215.1_WP_261843265.1	22.388	81	77	79	67	49	2	2	65	7	73	7.34e-09	53.0
tr|A0A0B7JK74|A0A0B7JK74_9GAMM	GCF_000265295.1_WP_014770430.1	11.940	81	76	83	67	58	1	2	68	5	70	8.14e-09	52.7
tr|A0A0B7JK74|A0A0B7JK74_9GAMM	GCF_013201665.1_WP_128358834.1	11.429	81	76	83	70	55	3	2	68	5	70	8.81e-09	52.7
tr|A0A0B7JK74|A0A0B7JK74_9GAMM	GCF_011398355.1_WP_173270160.1	18.750	81	65	79	64	48	2	3	66	4	63	9.17e-09	52.4
tr|A0A0B7JK74|A0A0B7JK74_9GAMM	GCF_009937995.1_WP_179954406.1	21.918	81	79	85	73	53	2	2	70	7	79	9.31e-09	52.7
tr|A0A0B7JK74|A0A0B7JK74_9GAMM	GCF_000222485.1_WP_014022977.1	18.056	81	85	85	72	53	3	2	70	10	78	1.37e-08	52.4
tr|A0A0B7JK74|A0A0B7JK74_9GAMM	GCF_013177635.1_WP_129095951.1	12.857	81	76	83	70	54	3	2	68	5	70	1.74e-08	51.9
tr|A0A0B7JK74|A0A0B7JK74_9GAMM	GCF_013201935.1_WP_128987185.1	12.857	81	76	83	70	54	3	2	68	5	70	1.89e-08	51.9
tr|A0A0B7JK74|A0A0B7JK74_9GAMM	GCF_002309535.1_WP_096047558.1	15.714	81	88	83	70	52	3	2	68	5	70	1.93e-08	52.1
tr|A0A0B7JK74|A0A0B7JK74_9GAMM	GCF_001723605.1_WP_069479051.1	12.857	81	76	83	70	54	3	2	68	5	70	1.95e-08	51.9
tr|A0A0B7JK74|A0A0B7JK74_9GAMM	GCF_000024725.1_WP_013031543.1	19.444	81	81	85	72	52	3	2	70	7	75	1.99e-08	51.9
tr|A0A0B7JK74|A0A0B7JK74_9GAMM	GCF_003544815.1_WP_118886031.1	11.429	81	76	83	70	55	3	2	68	5	70	2.16e-08	51.9
tr|A0A0B7JK74|A0A0B7JK74_9GAMM	GCF_001050135.1_WP_048644179.1	23.944	81	88	83	71	46	3	2	68	10	76	2.83e-08	51.6
tr|A0A0B7JK74|A0A0B7JK74_9GAMM	GCF_011398355.1_WP_173270199.1	15.385	81	66	80	65	51	2	3	67	4	64	5.87e-08	50.5
tr|A0A0B7JK74|A0A0B7JK74_9GAMM	GCF_003722295.1_WP_010573895.1	15.278	81	75	81	72	51	3	2	67	7	74	7.10e-08	50.5
tr|A0A0B7JK74|A0A0B7JK74_9GAMM	GCF_000265505.1_WP_014796533.1	16.456	81	97	84	79	54	3	2	69	9	86	7.12e-08	50.7
tr|A0A0B7JK74|A0A0B7JK74_9GAMM	GCF_000317575.1_WP_015193670.1	17.143	81	74	81	70	50	4	2	67	7	72	7.39e-08	50.5
tr|A0A0B7JK74|A0A0B7JK74_9GAMM	GCF_008122265.1_WP_148863603.1	18.310	81	84	83	71	50	3	2	68	7	73	8.31e-08	50.5
tr|A0A0B7JK74|A0A0B7JK74_9GAMM	GCF_011398155.1_WP_173291533.1	18.310	81	71	86	71	53	3	2	71	3	69	1.08e-07	49.9
tr|A0A0B7JK74|A0A0B7JK74_9GAMM	GCF_000242635.2_WP_014682426.1	8.824	81	83	80	68	56	2	6	70	11	75	1.79e-07	49.6
tr|A0A0B7JK74|A0A0B7JK74_9GAMM	GCF_000568815.1_WP_025346049.1	11.429	81	76	83	70	55	3	2	68	5	70	2.02e-07	49.3
tr|A0A0B7JK74|A0A0B7JK74_9GAMM	GCF_013177675.1_WP_172126669.1	12.857	81	77	83	70	54	3	2	68	5	70	5.58e-07	48.2
tr|A0A0B7JK74|A0A0B7JK74_9GAMM	GCF_000484535.1_WP_023173213.1	17.391	81	91	84	69	55	2	4	71	24	91	1.17e-06	47.6
tr|A0A0B7JK74|A0A0B7JK74_9GAMM	GCF_005281475.1_WP_137401239.1	16.216	81	81	88	74	55	4	2	72	6	75	2.64e-06	46.5
tr|A0A0B7JK74|A0A0B7JK74_9GAMM	GCF_021018745.1_WP_230843504.1	16.667	81	92	80	66	53	2	4	68	24	88	3.42e-06	46.5
tr|A0A0B7JK74|A0A0B7JK74_9GAMM	GCF_018388465.1_WP_208290210.1	11.765	81	316	81	68	58	1	8	73	139	206	4.30e-06	48.8
tr|A0A0B7JK74|A0A0B7JK74_9GAMM	GCF_000011385.1_WP_011141833.1	16.667	81	92	80	66	53	2	4	68	24	88	1.16e-05	45.1
tr|A0A0B7JK74|A0A0B7JK74_9GAMM	GCF_006575665.1_WP_141613356.1	15.493	81	81	84	71	53	4	2	69	6	72	1.66e-05	44.6
tr|A0A0B7JK74|A0A0B7JK74_9GAMM	GCF_001705075.2_WP_065970077.1	15.385	81	78	77	65	52	1	2	63	8	72	2.09e-05	44.3
tr|A0A0B7JK74|A0A0B7JK74_9GAMM	GCF_003260975.1_WP_112783789.1	12.329	81	81	86	73	57	4	2	71	6	74	2.41e-05	44.0
tr|A0A0B7JK74|A0A0B7JK74_9GAMM	GCF_001027285.1_WP_047859305.1	23.077	81	80	48	39	30	0	4	42	12	50	3.31e-04	41.2
tr|A0A0B7JK74|A0A0B7JK74_9GAMM	GCF_000325705.1_WP_015264554.1	14.286	81	77	83	70	53	4	2	68	6	71	0.002	39.2
tr|A0A0B7JK74|A0A0B7JK74_9GAMM	GCF_003346815.1_WP_114840344.1	14.286	81	84	83	70	53	3	2	68	7	72	0.002	39.2
tr|A0A0B7JK74|A0A0B7JK74_9GAMM	GCF_011764585.1_WP_188200227.1	12.281	81	63	64	57	44	3	15	66	2	57	0.003	38.6
tr|A0A0B7JK74|A0A0B7JK74_9GAMM	GCF_003143555.1_WP_109340539.1	19.178	81	84	88	73	57	1	4	74	5	77	0.004	38.4
tr|A0A0B7JK74|A0A0B7JK74_9GAMM	GCF_000973725.1_WP_046311560.1	11.842	81	91	90	76	61	3	2	74	8	80	0.008	37.8
# PSIBLAST 2.13.0+
# Iteration: 12
# Query: tr|A0A0B7JK74|A0A0B7JK74_9GAMM Modulator of Rho-dependent transcription termination family protein OS=Photobacterium kishitanii OX=318456 GN=C0W70_11190 PE=4 SV=1
# Database: db/chosen-bacteria_proteome_exDup
# Fields: query id, subject id, % identity, query length, subject length, % query coverage per subject, alignment length, mismatches, gap opens, q. start, q. end, s. start, s. end, evalue, bit score
# 451 hits found
tr|A0A0B7JK74|A0A0B7JK74_9GAMM	GCF_002204915.1_WP_052690899.1	39.506	81	101	100	81	49	0	1	81	20	100	1.30e-30	108
tr|A0A0B7JK74|A0A0B7JK74_9GAMM	GCF_024347355.1_WP_105024956.1	46.914	81	83	100	81	43	0	1	81	1	81	2.98e-30	107
tr|A0A0B7JK74|A0A0B7JK74_9GAMM	GCF_025402875.1_WP_011791024.1	27.500	81	90	99	80	58	0	1	80	6	85	3.25e-30	107
tr|A0A0B7JK74|A0A0B7JK74_9GAMM	GCF_008693605.1_WP_223849061.1	35.000	81	95	99	80	52	0	2	81	11	90	3.60e-30	107
tr|A0A0B7JK74|A0A0B7JK74_9GAMM	GCF_004353845.1_WP_103770713.1	35.000	81	93	99	80	52	0	2	81	10	89	3.66e-30	107
tr|A0A0B7JK74|A0A0B7JK74_9GAMM	GCF_003812345.1_WP_121571778.1	35.000	81	94	99	80	52	0	2	81	10	89	7.21e-30	106
tr|A0A0B7JK74|A0A0B7JK74_9GAMM	GCF_009938225.1_WP_075649723.1	40.741	81	82	100	81	48	0	1	81	1	81	1.41e-29	105
tr|A0A0B7JK74|A0A0B7JK74_9GAMM	GCF_024971755.1_WP_259474826.1	25.000	81	88	99	80	60	0	1	80	6	85	2.04e-29	105
tr|A0A0B7JK74|A0A0B7JK74_9GAMM	GCF_024347475.1_WP_239840920.1	44.444	81	83	100	81	45	0	1	81	1	81	2.33e-29	105
tr|A0A0B7JK74|A0A0B7JK74_9GAMM	GCF_000178875.2_WP_012197738.1	25.000	81	90	99	80	60	0	1	80	6	85	4.37e-29	104
tr|A0A0B7JK74|A0A0B7JK74_9GAMM	GCF_009938185.1_WP_162048373.1	44.444	81	82	100	81	45	0	1	81	1	81	8.11e-29	103
tr|A0A0B7JK74|A0A0B7JK74_9GAMM	GCF_001597285.1_WP_061903727.1	30.769	81	92	96	78	54	0	3	80	8	85	8.36e-29	104
tr|A0A0B7JK74|A0A0B7JK74_9GAMM	GCF_022371215.1_WP_239718047.1	44.444	81	83	100	81	45	0	1	81	1	81	1.51e-28	103
tr|A0A0B7JK74|A0A0B7JK74_9GAMM	GCF_002355475.1_WP_004421315.1	29.487	81	91	96	78	55	0	3	80	9	86	2.72e-28	102
tr|A0A0B7JK74|A0A0B7JK74_9GAMM	GCF_000733715.2_WP_017362912.1	29.487	81	90	96	78	55	0	3	80	8	85	3.21e-28	102
tr|A0A0B7JK74|A0A0B7JK74_9GAMM	GCF_011397855.1_WP_044414183.1	29.487	81	90	96	78	55	0	3	80	8	85	4.17e-28	102
tr|A0A0B7JK74|A0A0B7JK74_9GAMM	GCF_014905115.1_WP_193151849.1	45.000	81	81	99	80	44	0	1	80	1	80	4.30e-28	101
tr|A0A0B7JK74|A0A0B7JK74_9GAMM	GCF_008693645.1_WP_137347870.1	28.750	81	89	99	80	57	0	2	81	10	89	4.33e-28	102
tr|A0A0B7JK74|A0A0B7JK74_9GAMM	GCF_013409125.2_WP_099525265.1	28.205	81	90	96	78	56	0	3	80	8	85	5.30e-28	101
tr|A0A0B7JK74|A0A0B7JK74_9GAMM	GCF_024205225.1_WP_195881696.1	26.923	81	90	96	78	57	0	3	80	8	85	1.14e-27	101
tr|A0A0B7JK74|A0A0B7JK74_9GAMM	GCF_001594225.2_WP_064379396.1	26.923	81	92	96	78	57	0	3	80	8	85	1.22e-27	101
tr|A0A0B7JK74|A0A0B7JK74_9GAMM	GCF_001708425.1_WP_055136127.1	25.641	81	94	96	78	58	0	3	80	8	85	1.22e-27	101
tr|A0A0B7JK74|A0A0B7JK74_9GAMM	GCF_000297075.2_WP_003461742.1	28.205	81	90	96	78	56	0	3	80	8	85	1.43e-27	100
tr|A0A0B7JK74|A0A0B7JK74_9GAMM	GCF_017167985.1_WP_093053415.1	29.487	81	92	96	78	55	0	3	80	8	85	1.51e-27	100
tr|A0A0B7JK74|A0A0B7JK74_9GAMM	GCF_024347595.1_WP_176681244.1	44.444	81	83	100	81	45	0	1	81	1	81	1.70e-27	100
tr|A0A0B7JK74|A0A0B7JK74_9GAMM	GCF_009938205.1_WP_075706454.1	48.148	81	82	100	81	42	0	1	81	1	81	1.73e-27	100
tr|A0A0B7JK74|A0A0B7JK74_9GAMM	GCF_013200955.2_WP_173204463.1	27.848	81	91	98	79	57	0	2	80	8	86	1.88e-27	100
tr|A0A0B7JK74|A0A0B7JK74_9GAMM	GCF_001558415.2_WP_061055374.1	45.679	81	83	100	81	44	0	1	81	1	81	1.92e-27	100
tr|A0A0B7JK74|A0A0B7JK74_9GAMM	GCF_008807375.1_WP_151138908.1	28.205	81	91	96	78	56	0	3	80	9	86	2.00e-27	100
tr|A0A0B7JK74|A0A0B7JK74_9GAMM	GCF_020097475.1_WP_000062318.1	28.205	81	86	96	78	51	2	2	79	10	82	2.18e-27	100
tr|A0A0B7JK74|A0A0B7JK74_9GAMM	GCF_004684345.1_WP_135321947.1	30.380	81	93	98	79	55	0	2	80	10	88	2.28e-27	100
tr|A0A0B7JK74|A0A0B7JK74_9GAMM	GCF_001461805.1_WP_013367515.1	28.205	81	86	96	78	51	2	2	79	10	82	2.30e-27	100
tr|A0A0B7JK74|A0A0B7JK74_9GAMM	GCF_002214395.1_WP_010453422.1	40.000	81	81	99	80	48	0	1	80	1	80	3.26e-27	99.7
tr|A0A0B7JK74|A0A0B7JK74_9GAMM	GCF_021172065.1_WP_015965827.1	29.487	81	86	96	78	50	2	2	79	10	82	3.42e-27	 99
tr|A0A0B7JK74|A0A0B7JK74_9GAMM	GCF_019670125.1_WP_221076876.1	42.500	81	81	99	80	46	0	1	80	1	80	3.62e-27	99.7
tr|A0A0B7JK74|A0A0B7JK74_9GAMM	GCF_001518835.1_WP_059308693.1	26.923	81	86	96	78	52	2	2	79	10	82	3.80e-27	99.7
tr|A0A0B7JK74|A0A0B7JK74_9GAMM	GCF_008369605.1_WP_000253074.1	45.679	81	81	100	81	44	0	1	81	1	81	4.44e-27	99.4
tr|A0A0B7JK74|A0A0B7JK74_9GAMM	GCF_024347635.1_WP_139683960.1	48.148	81	83	100	81	42	0	1	81	1	81	6.43e-27	99.1
tr|A0A0B7JK74|A0A0B7JK74_9GAMM	GCF_009036245.1_WP_025756830.1	26.923	81	86	96	78	52	2	2	79	10	82	6.57e-27	99.1
tr|A0A0B7JK74|A0A0B7JK74_9GAMM	GCF_003957745.1_WP_126168493.1	24.051	81	87	98	79	60	0	2	80	7	85	7.13e-27	99.1
tr|A0A0B7JK74|A0A0B7JK74_9GAMM	GCF_008329985.2_WP_149283950.1	41.250	81	81	99	80	47	0	1	80	1	80	7.39e-27	98.9
tr|A0A0B7JK74|A0A0B7JK74_9GAMM	GCF_001995825.2_WP_017057338.1	49.383	81	83	100	81	41	0	1	81	1	81	7.90e-27	98.9
tr|A0A0B7JK74|A0A0B7JK74_9GAMM	GCF_016904755.1_WP_059234959.1	26.923	81	86	96	78	52	2	2	79	10	82	8.01e-27	98.9
tr|A0A0B7JK74|A0A0B7JK74_9GAMM	GCF_000006925.2_NP_706134.1	26.923	81	86	96	78	52	2	2	79	10	82	8.01e-27	98.9
tr|A0A0B7JK74|A0A0B7JK74_9GAMM	GCF_002407485.1_WP_096780111.1	46.250	81	81	99	80	43	0	1	80	1	80	8.39e-27	98.9
tr|A0A0B7JK74|A0A0B7JK74_9GAMM	GCF_024347455.1_WP_135458404.1	49.383	81	83	100	81	41	0	1	81	1	81	9.19e-27	98.9
tr|A0A0B7JK74|A0A0B7JK74_9GAMM	GCF_001683395.1_WP_017458015.1	26.923	81	86	96	78	52	2	2	79	10	82	1.00e-26	98.6
tr|A0A0B7JK74|A0A0B7JK74_9GAMM	GCF_000091465.1_WP_004733849.1	49.383	81	83	100	81	41	0	1	81	1	81	1.04e-26	98.6
tr|A0A0B7JK74|A0A0B7JK74_9GAMM	GCF_017167985.1_WP_079784061.1	30.769	81	90	96	78	54	0	3	80	8	85	1.06e-26	98.6
tr|A0A0B7JK74|A0A0B7JK74_9GAMM	GCF_009176645.1_WP_152083529.1	26.923	81	86	96	78	52	2	2	79	10	82	1.13e-26	98.6
tr|A0A0B7JK74|A0A0B7JK74_9GAMM	GCF_024347035.1_WP_102941394.1	40.000	81	81	99	80	48	0	1	80	1	80	1.25e-26	98.3
tr|A0A0B7JK74|A0A0B7JK74_9GAMM	GCF_001831495.1_WP_068547707.1	50.617	81	81	100	81	40	0	1	81	1	81	1.27e-26	98.3
tr|A0A0B7JK74|A0A0B7JK74_9GAMM	GCF_009068765.1_WP_151900329.1	47.500	81	81	99	80	42	0	1	80	1	80	1.29e-26	98.3
tr|A0A0B7JK74|A0A0B7JK74_9GAMM	GCF_003594935.2_WP_006173581.1	26.923	81	86	96	78	52	2	2	79	10	82	1.40e-26	98.3
tr|A0A0B7JK74|A0A0B7JK74_9GAMM	GCF_000005845.2_NP_414731.2	26.923	81	84	96	78	52	2	2	79	8	80	1.50e-26	98.3
tr|A0A0B7JK74|A0A0B7JK74_9GAMM	GCF_024494545.1_WP_256384876.1	77.778	81	81	100	81	18	0	1	81	1	81	1.74e-26	98.0
tr|A0A0B7JK74|A0A0B7JK74_9GAMM	GCF_001022135.1_WP_039078449.1	28.205	81	86	96	78	51	2	2	79	10	82	1.83e-26	98.0
tr|A0A0B7JK74|A0A0B7JK74_9GAMM	GCF_024362845.1_WP_255230807.1	40.000	81	82	99	80	48	0	1	80	1	80	1.98e-26	97.7
tr|A0A0B7JK74|A0A0B7JK74_9GAMM	GCF_006742785.1_WP_172630283.1	31.646	81	88	98	79	54	0	2	80	5	83	2.09e-26	98.0
tr|A0A0B7JK74|A0A0B7JK74_9GAMM	GCF_900682675.2_WP_069898892.1	30.769	81	94	96	78	54	0	3	80	8	85	2.48e-26	97.7
tr|A0A0B7JK74|A0A0B7JK74_9GAMM	GCF_000214665.1_WP_013819542.1	39.241	81	83	98	79	47	1	2	80	6	83	2.50e-26	97.7
tr|A0A0B7JK74|A0A0B7JK74_9GAMM	GCF_001558255.2_WP_005504861.1	45.679	81	82	99	81	43	1	1	80	1	81	2.54e-26	97.5
tr|A0A0B7JK74|A0A0B7JK74_9GAMM	GCF_001658025.2_WP_007373243.1	28.205	81	86	96	78	51	2	2	79	10	82	2.66e-26	97.7
tr|A0A0B7JK74|A0A0B7JK74_9GAMM	GCF_024582835.1_WP_257083279.1	45.000	81	87	99	80	44	0	1	80	1	80	2.84e-26	97.5
tr|A0A0B7JK74|A0A0B7JK74_9GAMM	GCF_014879975.1_WP_192888672.1	45.679	81	83	100	81	44	0	1	81	1	81	2.98e-26	97.5
tr|A0A0B7JK74|A0A0B7JK74_9GAMM	GCF_001007875.1_WP_046858354.1	46.250	81	80	99	80	43	0	1	80	1	80	2.99e-26	97.5
tr|A0A0B7JK74|A0A0B7JK74_9GAMM	GCF_004684345.1_WP_135323069.1	26.923	81	86	96	78	52	2	2	79	10	82	3.46e-26	97.5
tr|A0A0B7JK74|A0A0B7JK74_9GAMM	GCF_000009145.1_WP_041356315.1	33.750	81	90	99	80	53	0	1	80	5	84	3.54e-26	97.5
tr|A0A0B7JK74|A0A0B7JK74_9GAMM	GCF_023195735.1_WP_035891978.1	28.205	81	86	96	78	51	2	2	79	10	82	3.57e-26	97.2
tr|A0A0B7JK74|A0A0B7JK74_9GAMM	GCF_019670105.1_WP_040307707.1	43.750	81	81	99	80	45	0	1	80	1	80	3.80e-26	97.2
tr|A0A0B7JK74|A0A0B7JK74_9GAMM	GCF_019048625.1_WP_023305471.1	26.923	81	86	96	78	52	2	2	79	10	82	3.80e-26	97.2
tr|A0A0B7JK74|A0A0B7JK74_9GAMM	GCF_002215585.1_WP_088903590.1	23.077	81	89	96	78	59	1	1	78	6	82	4.01e-26	97.2
tr|A0A0B7JK74|A0A0B7JK74_9GAMM	GCF_027886705.1_WP_061497537.1	26.923	81	86	96	78	52	2	2	79	10	82	4.12e-26	97.2
tr|A0A0B7JK74|A0A0B7JK74_9GAMM	GCF_019047765.1_WP_040231149.1	30.000	81	89	99	80	56	0	2	81	10	89	4.28e-26	97.2
tr|A0A0B7JK74|A0A0B7JK74_9GAMM	GCF_015137655.1_WP_028015593.1	26.923	81	86	96	78	52	2	2	79	10	82	4.28e-26	97.2
tr|A0A0B7JK74|A0A0B7JK74_9GAMM	GCF_003812345.1_WP_003018503.1	26.923	81	86	96	78	52	2	2	79	10	82	4.46e-26	97.2
tr|A0A0B7JK74|A0A0B7JK74_9GAMM	GCF_000224675.1_WP_010426685.1	26.923	81	86	96	78	52	2	2	79	10	82	4.56e-26	96.9
tr|A0A0B7JK74|A0A0B7JK74_9GAMM	GCF_007632255.1_WP_015368146.1	26.923	81	86	96	78	52	2	2	79	10	82	4.83e-26	96.9
tr|A0A0B7JK74|A0A0B7JK74_9GAMM	GCF_900638065.1_WP_048212636.1	26.923	81	86	96	78	52	2	2	79	10	82	5.02e-26	96.9
tr|A0A0B7JK74|A0A0B7JK74_9GAMM	GCF_001729805.1_WP_008501890.1	26.923	81	86	96	78	52	2	2	79	10	82	5.75e-26	96.9
tr|A0A0B7JK74|A0A0B7JK74_9GAMM	GCF_001750725.1_WP_014168720.1	26.923	81	86	96	78	52	2	2	79	10	82	6.27e-26	96.6
tr|A0A0B7JK74|A0A0B7JK74_9GAMM	GCF_004353845.1_WP_103768334.1	25.641	81	86	96	78	53	2	2	79	10	82	6.32e-26	96.6
tr|A0A0B7JK74|A0A0B7JK74_9GAMM	GCF_009649915.1_WP_062772223.1	28.205	81	86	96	78	51	2	2	79	10	82	6.53e-26	96.6
tr|A0A0B7JK74|A0A0B7JK74_9GAMM	GCF_021278985.1_WP_012904575.1	26.923	81	86	96	78	52	2	2	79	10	82	6.96e-26	96.6
tr|A0A0B7JK74|A0A0B7JK74_9GAMM	GCF_009363135.1_WP_090122691.1	29.487	81	86	96	78	50	2	2	79	10	82	7.18e-26	96.6
tr|A0A0B7JK74|A0A0B7JK74_9GAMM	GCF_025914095.1_WP_031518416.1	25.641	81	86	96	78	53	2	2	79	10	82	7.24e-26	96.6
tr|A0A0B7JK74|A0A0B7JK74_9GAMM	GCF_018128425.1_WP_042289833.1	26.923	81	86	96	78	52	2	2	79	10	82	8.09e-26	96.3
tr|A0A0B7JK74|A0A0B7JK74_9GAMM	GCF_001456255.1_WP_020335096.1	37.500	81	81	99	80	50	0	1	80	1	80	9.55e-26	96.0
tr|A0A0B7JK74|A0A0B7JK74_9GAMM	GCF_001277255.1_WP_007666633.1	26.923	81	86	96	78	52	2	2	79	10	82	1.08e-25	96.0
tr|A0A0B7JK74|A0A0B7JK74_9GAMM	GCF_000024825.1_WP_005460845.1	39.506	81	81	100	81	49	0	1	81	1	81	1.10e-25	96.0
tr|A0A0B7JK74|A0A0B7JK74_9GAMM	GCF_024347655.1_WP_060467732.1	45.000	81	83	99	80	44	0	1	80	1	80	1.11e-25	96.0
tr|A0A0B7JK74|A0A0B7JK74_9GAMM	GCF_017354925.1_WP_207321174.1	21.250	81	87	99	80	63	0	2	81	7	86	1.16e-25	96.0
tr|A0A0B7JK74|A0A0B7JK74_9GAMM	GCF_000770115.1_WP_069687890.1	41.250	81	81	99	80	47	0	1	80	1	80	1.21e-25	95.8
tr|A0A0B7JK74|A0A0B7JK74_9GAMM	GCF_001558935.2_WP_042323659.1	26.923	81	86	96	78	52	2	2	79	10	82	1.27e-25	95.8
tr|A0A0B7JK74|A0A0B7JK74_9GAMM	GCF_012767755.2_WP_173176508.1	24.675	81	91	95	77	55	1	4	80	9	82	1.43e-25	95.8
tr|A0A0B7JK74|A0A0B7JK74_9GAMM	GCF_002393445.1_WP_061273728.1	28.205	81	86	96	78	51	2	2	79	10	82	1.48e-25	95.8
tr|A0A0B7JK74|A0A0B7JK74_9GAMM	GCF_012767755.2_WP_173171843.1	28.205	81	90	96	78	56	0	3	80	8	85	1.54e-25	95.8
tr|A0A0B7JK74|A0A0B7JK74_9GAMM	GCF_003935895.2_WP_110510858.1	25.641	81	86	96	78	53	2	2	79	10	82	1.60e-25	95.5
tr|A0A0B7JK74|A0A0B7JK74_9GAMM	GCF_017354965.1_WP_207380278.1	21.250	81	87	99	80	63	0	2	81	7	86	1.66e-25	95.5
tr|A0A0B7JK74|A0A0B7JK74_9GAMM	GCF_000015245.1_WP_011761423.1	20.253	81	86	98	79	63	0	2	80	7	85	1.76e-25	95.5
tr|A0A0B7JK74|A0A0B7JK74_9GAMM	GCF_009648935.1_WP_047417117.1	25.641	81	86	96	78	53	2	2	79	10	82	1.89e-25	95.5
tr|A0A0B7JK74|A0A0B7JK74_9GAMM	GCF_017915135.1_WP_210390879.1	26.923	81	90	96	78	57	0	3	80	8	85	1.94e-25	95.5
tr|A0A0B7JK74|A0A0B7JK74_9GAMM	GCF_001277175.1_WP_007760020.1	28.205	81	86	96	78	51	2	2	79	10	82	2.10e-25	95.2
tr|A0A0B7JK74|A0A0B7JK74_9GAMM	GCF_000439255.1_WP_000062328.1	29.487	81	86	96	78	50	2	2	79	10	82	2.12e-25	95.2
tr|A0A0B7JK74|A0A0B7JK74_9GAMM	GCF_020079945.1_WP_039382769.1	23.077	81	87	96	78	55	2	2	79	10	82	2.12e-25	95.2
tr|A0A0B7JK74|A0A0B7JK74_9GAMM	GCF_016834455.1_WP_203325205.1	21.519	81	86	98	79	62	0	2	80	7	85	2.15e-25	95.2
tr|A0A0B7JK74|A0A0B7JK74_9GAMM	GCF_001277215.2_WP_007776988.1	26.923	81	86	96	78	52	2	2	79	10	82	2.25e-25	95.2
tr|A0A0B7JK74|A0A0B7JK74_9GAMM	GCF_001277195.1_WP_032966924.1	26.923	81	86	96	78	52	2	2	79	10	82	2.33e-25	95.2
tr|A0A0B7JK74|A0A0B7JK74_9GAMM	GCF_002953195.1_WP_038628016.1	21.795	81	87	96	78	56	2	2	79	10	82	2.61e-25	95.2
tr|A0A0B7JK74|A0A0B7JK74_9GAMM	GCF_025758125.1_WP_023480196.1	26.923	81	86	96	78	52	2	2	79	10	82	2.77e-25	94.9
tr|A0A0B7JK74|A0A0B7JK74_9GAMM	GCF_022637515.1_WP_064539750.1	26.923	81	86	96	78	52	2	2	79	10	82	2.86e-25	94.9
tr|A0A0B7JK74|A0A0B7JK74_9GAMM	GCF_000240185.1_YP_005225236.1	26.923	81	86	96	78	52	2	2	79	10	82	2.98e-25	94.9
tr|A0A0B7JK74|A0A0B7JK74_9GAMM	GCF_019670705.1_WP_100146025.1	20.253	81	92	98	79	63	0	2	80	7	85	3.59e-25	94.9
tr|A0A0B7JK74|A0A0B7JK74_9GAMM	GCF_024224615.1_WP_125293588.1	26.923	81	86	96	78	52	2	2	79	10	82	3.60e-25	94.6
tr|A0A0B7JK74|A0A0B7JK74_9GAMM	GCF_013234275.1_WP_172895488.1	28.205	81	86	96	78	51	2	2	79	10	82	3.78e-25	94.6
tr|A0A0B7JK74|A0A0B7JK74_9GAMM	GCF_017329545.1_WP_047884589.1	28.205	81	95	96	78	56	0	2	79	8	85	3.83e-25	94.9
tr|A0A0B7JK74|A0A0B7JK74_9GAMM	GCF_001007935.1_WP_046849946.1	32.500	81	84	99	80	54	0	1	80	5	84	4.31e-25	94.4
tr|A0A0B7JK74|A0A0B7JK74_9GAMM	GCF_900233005.1_WP_102521318.1	39.506	81	81	100	81	49	0	1	81	1	81	4.32e-25	94.4
tr|A0A0B7JK74|A0A0B7JK74_9GAMM	GCF_003261575.2_WP_110272453.1	28.205	81	86	96	78	51	2	2	79	10	82	4.57e-25	94.4
tr|A0A0B7JK74|A0A0B7JK74_9GAMM	GCF_002906475.1_WP_012130247.1	40.000	81	81	99	80	48	0	1	80	1	80	4.87e-25	94.4
tr|A0A0B7JK74|A0A0B7JK74_9GAMM	GCF_024347495.1_WP_137371745.1	42.500	81	80	99	80	46	0	1	80	1	80	4.90e-25	94.4
tr|A0A0B7JK74|A0A0B7JK74_9GAMM	GCF_009730655.1_WP_156020461.1	20.253	81	92	98	79	63	0	2	80	7	85	5.22e-25	94.4
tr|A0A0B7JK74|A0A0B7JK74_9GAMM	GCF_002163605.1_WP_157665988.1	27.848	81	86	98	79	52	2	2	80	10	83	5.36e-25	94.4
tr|A0A0B7JK74|A0A0B7JK74_9GAMM	GCF_000018045.1_WP_024130681.1	26.923	81	86	96	78	52	2	2	79	10	82	5.49e-25	94.4
tr|A0A0B7JK74|A0A0B7JK74_9GAMM	GCF_003812925.1_WP_004107903.1	26.923	81	86	96	78	52	2	2	79	10	82	5.71e-25	94.1
tr|A0A0B7JK74|A0A0B7JK74_9GAMM	GCF_018139045.1_WP_004129134.1	28.205	81	86	96	78	51	2	2	79	10	82	5.85e-25	94.1
tr|A0A0B7JK74|A0A0B7JK74_9GAMM	GCF_004328865.1_WP_104643907.1	46.250	81	83	99	80	43	0	1	80	1	80	5.86e-25	94.1
tr|A0A0B7JK74|A0A0B7JK74_9GAMM	GCF_900635955.1_WP_126357486.1	28.205	81	86	96	78	51	2	2	79	10	82	6.28e-25	94.1
tr|A0A0B7JK74|A0A0B7JK74_9GAMM	GCF_000006945.2_NP_459242.1	29.487	81	86	96	78	50	2	2	79	10	82	6.54e-25	94.1
tr|A0A0B7JK74|A0A0B7JK74_9GAMM	GCF_021276285.1_WP_095923198.1	25.641	81	86	96	78	53	2	2	79	10	82	6.64e-25	94.1
tr|A0A0B7JK74|A0A0B7JK74_9GAMM	GCF_012029655.1_WP_041144145.1	26.923	81	86	96	78	52	2	2	79	10	82	6.70e-25	94.1
tr|A0A0B7JK74|A0A0B7JK74_9GAMM	GCF_000772105.1_WP_004748349.1	41.250	81	81	99	80	47	0	1	80	1	80	7.13e-25	93.8
tr|A0A0B7JK74|A0A0B7JK74_9GAMM	GCF_006711645.1_WP_100682484.1	28.205	81	86	96	78	51	2	2	79	10	82	7.19e-25	94.1
tr|A0A0B7JK74|A0A0B7JK74_9GAMM	GCF_003019925.1_WP_162185254.1	28.205	81	86	96	78	51	2	2	79	10	82	7.37e-25	93.8
tr|A0A0B7JK74|A0A0B7JK74_9GAMM	GCF_000834395.1_WP_042546713.1	26.923	81	86	96	78	52	2	2	79	10	82	7.37e-25	93.8
tr|A0A0B7JK74|A0A0B7JK74_9GAMM	GCF_000026185.1_WP_012440659.1	24.359	81	87	96	78	54	2	2	79	10	82	7.38e-25	94.1
tr|A0A0B7JK74|A0A0B7JK74_9GAMM	GCF_000233595.1_WP_013024706.1	23.077	81	86	96	78	55	2	2	79	10	82	7.48e-25	93.8
tr|A0A0B7JK74|A0A0B7JK74_9GAMM	GCF_004124235.1_WP_025377303.1	26.923	81	86	96	78	52	2	2	79	10	82	8.04e-25	93.8
tr|A0A0B7JK74|A0A0B7JK74_9GAMM	GCF_022637595.1_WP_004858152.1	28.205	81	86	96	78	51	2	2	79	10	82	8.10e-25	93.8
tr|A0A0B7JK74|A0A0B7JK74_9GAMM	GCF_002021755.1_WP_005434844.1	40.000	81	81	99	80	48	0	1	80	1	80	8.36e-25	93.8
tr|A0A0B7JK74|A0A0B7JK74_9GAMM	GCF_022637475.1_WP_013574214.1	24.359	81	86	96	78	54	2	2	79	10	82	8.63e-25	93.8
tr|A0A0B7JK74|A0A0B7JK74_9GAMM	GCF_015139575.1_WP_004098776.1	26.923	81	86	96	78	52	2	2	79	10	82	9.06e-25	93.8
tr|A0A0B7JK74|A0A0B7JK74_9GAMM	GCF_002101395.1_WP_085067900.1	21.795	81	87	96	78	56	2	2	79	10	82	9.22e-25	93.8
tr|A0A0B7JK74|A0A0B7JK74_9GAMM	GCF_019670485.1_WP_221071211.1	40.000	81	81	99	80	48	0	1	80	1	80	9.72e-25	93.5
tr|A0A0B7JK74|A0A0B7JK74_9GAMM	GCF_011068345.1_WP_002436992.1	26.923	81	86	96	78	52	2	2	79	10	82	1.02e-24	93.5
tr|A0A0B7JK74|A0A0B7JK74_9GAMM	GCF_013282725.1_WP_032813813.1	25.641	81	86	96	78	53	2	2	79	10	82	1.10e-24	93.5
tr|A0A0B7JK74|A0A0B7JK74_9GAMM	GCF_000222975.1_WP_002218374.1	26.923	81	86	96	78	52	2	2	79	10	82	1.13e-24	93.5
tr|A0A0B7JK74|A0A0B7JK74_9GAMM	GCF_019669905.1_WP_054759186.1	34.177	81	79	98	79	48	1	2	80	5	79	1.18e-24	93.2
tr|A0A0B7JK74|A0A0B7JK74_9GAMM	GCF_005877035.1_WP_039486662.1	49.383	81	83	100	81	41	0	1	81	1	81	1.23e-24	93.2
tr|A0A0B7JK74|A0A0B7JK74_9GAMM	GCF_002355475.1_WP_003455993.1	26.923	81	90	96	78	57	0	3	80	6	83	1.26e-24	93.5
tr|A0A0B7JK74|A0A0B7JK74_9GAMM	GCF_019890955.1_WP_211725887.1	23.077	81	87	96	78	55	2	2	79	10	82	1.30e-24	93.2
tr|A0A0B7JK74|A0A0B7JK74_9GAMM	GCF_011617105.1_WP_025800203.1	24.675	81	86	95	77	53	2	2	78	10	81	1.32e-24	93.2
tr|A0A0B7JK74|A0A0B7JK74_9GAMM	GCF_023517775.1_WP_249893541.1	21.795	81	87	96	78	56	2	2	79	10	82	1.35e-24	93.2
tr|A0A0B7JK74|A0A0B7JK74_9GAMM	GCF_003258315.1_WP_111337788.1	28.750	81	88	99	80	57	0	1	80	5	84	1.51e-24	93.2
tr|A0A0B7JK74|A0A0B7JK74_9GAMM	GCF_009914055.1_WP_160619715.1	23.077	81	87	96	78	55	2	2	79	10	82	1.80e-24	92.9
tr|A0A0B7JK74|A0A0B7JK74_9GAMM	GCF_000834455.1_WP_032817050.1	26.923	81	86	96	78	52	2	2	79	10	82	1.88e-24	92.9
tr|A0A0B7JK74|A0A0B7JK74_9GAMM	GCF_024360925.2_WP_255188929.1	36.709	81	83	98	79	49	1	2	80	6	83	1.96e-24	92.7
tr|A0A0B7JK74|A0A0B7JK74_9GAMM	GCF_009363415.1_WP_152430616.1	41.975	81	84	100	81	47	0	1	81	1	81	2.25e-24	92.7
tr|A0A0B7JK74|A0A0B7JK74_9GAMM	GCF_000010085.1_WP_011411656.1	26.923	81	86	96	78	52	2	2	79	10	82	2.73e-24	92.4
tr|A0A0B7JK74|A0A0B7JK74_9GAMM	GCF_012427845.1_WP_012773648.1	20.513	81	86	96	78	57	2	2	79	10	82	3.10e-24	92.4
tr|A0A0B7JK74|A0A0B7JK74_9GAMM	GCF_000148645.1_WP_013347076.1	42.308	81	80	96	78	45	0	4	81	3	80	3.38e-24	92.1
tr|A0A0B7JK74|A0A0B7JK74_9GAMM	GCF_000517425.1_WP_025421126.1	26.923	81	86	96	78	52	2	2	79	10	82	3.39e-24	92.1
tr|A0A0B7JK74|A0A0B7JK74_9GAMM	GCF_019797845.1_WP_222158377.1	23.077	81	86	96	78	55	2	2	79	10	82	3.55e-24	92.1
tr|A0A0B7JK74|A0A0B7JK74_9GAMM	GCF_009730055.1_WP_032906500.1	26.923	81	86	96	78	52	2	2	79	10	82	3.67e-24	92.1
tr|A0A0B7JK74|A0A0B7JK74_9GAMM	GCF_011044475.1_WP_033740322.1	23.077	81	86	96	78	55	2	2	79	10	82	3.72e-24	92.1
tr|A0A0B7JK74|A0A0B7JK74_9GAMM	GCF_900095885.1_WP_035340381.1	25.641	81	86	96	78	53	2	2	79	10	82	4.03e-24	92.1
tr|A0A0B7JK74|A0A0B7JK74_9GAMM	GCF_002288545.1_WP_029367608.1	20.513	81	86	96	78	57	2	2	79	10	82	4.13e-24	92.1
tr|A0A0B7JK74|A0A0B7JK74_9GAMM	GCF_000025065.1_WP_012883679.1	24.359	81	86	96	78	54	2	2	79	10	82	4.23e-24	92.1
tr|A0A0B7JK74|A0A0B7JK74_9GAMM	GCF_021029445.1_WP_230924827.1	29.487	81	89	96	78	54	1	3	80	8	84	4.29e-24	92.1
tr|A0A0B7JK74|A0A0B7JK74_9GAMM	GCF_000238395.3_WP_010553578.1	48.750	81	83	99	80	41	0	1	80	1	80	4.48e-24	91.8
tr|A0A0B7JK74|A0A0B7JK74_9GAMM	GCF_003668795.1_WP_054981706.1	41.250	81	83	99	80	47	0	1	80	1	80	4.59e-24	91.8
tr|A0A0B7JK74|A0A0B7JK74_9GAMM	GCF_020683125.1_WP_133842177.1	24.359	81	88	96	78	54	2	2	79	11	83	4.78e-24	91.8
tr|A0A0B7JK74|A0A0B7JK74_9GAMM	GCF_000264765.2_WP_034163237.1	25.316	81	86	98	79	54	2	2	80	10	83	4.84e-24	91.8
tr|A0A0B7JK74|A0A0B7JK74_9GAMM	GCF_014524625.1_WP_009050814.1	29.487	81	92	96	78	55	0	3	80	8	85	4.86e-24	91.8
tr|A0A0B7JK74|A0A0B7JK74_9GAMM	GCF_025133195.1_WP_032910235.1	26.923	81	86	96	78	52	2	2	79	10	82	5.24e-24	91.8
tr|A0A0B7JK74|A0A0B7JK74_9GAMM	GCF_008807375.1_WP_151133519.1	26.923	81	90	96	78	57	0	3	80	6	83	5.50e-24	91.8
tr|A0A0B7JK74|A0A0B7JK74_9GAMM	GCF_024347675.1_WP_261835500.1	37.037	81	81	100	81	51	0	1	81	1	81	5.90e-24	91.5
tr|A0A0B7JK74|A0A0B7JK74_9GAMM	GCF_001999225.1_WP_077537996.1	46.250	81	82	99	80	43	0	1	80	1	80	6.55e-24	91.5
tr|A0A0B7JK74|A0A0B7JK74_9GAMM	GCF_019844095.1_WP_062747070.1	24.359	81	88	96	78	54	2	2	79	11	83	7.46e-24	91.5
tr|A0A0B7JK74|A0A0B7JK74_9GAMM	GCF_002221525.1_WP_089349457.1	41.250	81	83	99	80	47	0	1	80	1	80	7.94e-24	91.3
tr|A0A0B7JK74|A0A0B7JK74_9GAMM	GCF_007858975.2_WP_042869176.1	23.077	81	86	96	78	55	2	2	79	10	82	8.05e-24	91.3
tr|A0A0B7JK74|A0A0B7JK74_9GAMM	GCF_022647505.1_WP_128179458.1	20.513	81	87	96	78	57	2	2	79	10	82	8.53e-24	91.3
tr|A0A0B7JK74|A0A0B7JK74_9GAMM	GCF_000019525.1_WP_012323084.1	32.500	81	81	99	80	54	0	1	80	1	80	8.58e-24	91.0
tr|A0A0B7JK74|A0A0B7JK74_9GAMM	GCF_000520015.2_WP_024910172.1	30.769	81	87	96	78	49	2	2	79	10	82	8.80e-24	91.3
tr|A0A0B7JK74|A0A0B7JK74_9GAMM	GCF_020150375.1_WP_004094310.1	24.675	81	86	95	77	53	2	2	78	10	81	9.21e-24	91.3
tr|A0A0B7JK74|A0A0B7JK74_9GAMM	GCF_009873295.1_WP_039312412.1	20.513	81	86	96	78	57	2	2	79	10	82	9.44e-24	91.0
tr|A0A0B7JK74|A0A0B7JK74_9GAMM	GCF_021733145.1_WP_012847629.1	26.582	81	86	98	79	53	2	2	80	10	83	9.82e-24	91.0
tr|A0A0B7JK74|A0A0B7JK74_9GAMM	GCF_020181655.1_WP_225087160.1	19.231	81	86	96	78	58	2	2	79	10	82	9.98e-24	91.0
tr|A0A0B7JK74|A0A0B7JK74_9GAMM	GCF_002005305.1_WP_077753428.1	25.926	81	86	100	81	60	0	1	81	6	86	1.12e-23	91.0
tr|A0A0B7JK74|A0A0B7JK74_9GAMM	GCF_000023565.1_WP_012770818.1	23.077	81	86	96	78	55	2	2	79	10	82	1.16e-23	91.0
tr|A0A0B7JK74|A0A0B7JK74_9GAMM	GCF_005484945.1_WP_137712817.1	20.513	81	86	96	78	57	2	2	79	10	82	1.17e-23	91.0
tr|A0A0B7JK74|A0A0B7JK74_9GAMM	GCF_019977755.1_WP_126608378.1	37.209	81	103	99	86	48	1	1	80	15	100	1.27e-23	91.3
tr|A0A0B7JK74|A0A0B7JK74_9GAMM	GCF_017498685.1_WP_038245151.1	25.641	81	86	96	78	53	2	2	79	10	82	1.33e-23	90.7
tr|A0A0B7JK74|A0A0B7JK74_9GAMM	GCF_000968535.2_WP_014147785.1	33.750	81	84	99	80	52	1	2	81	6	84	1.39e-23	90.7
tr|A0A0B7JK74|A0A0B7JK74_9GAMM	GCF_020342335.1_WP_067428135.1	23.077	81	87	96	78	55	2	2	79	10	82	1.43e-23	90.7
tr|A0A0B7JK74|A0A0B7JK74_9GAMM	GCF_009931295.1_WP_161528353.1	20.513	81	86	96	78	57	2	2	79	10	82	1.48e-23	90.7
tr|A0A0B7JK74|A0A0B7JK74_9GAMM	GCF_000196615.1_WP_013200864.1	23.077	81	87	96	78	55	2	2	79	10	82	1.52e-23	90.7
tr|A0A0B7JK74|A0A0B7JK74_9GAMM	GCF_002887615.1_WP_038869703.1	37.500	81	81	99	80	50	0	1	80	1	80	1.56e-23	90.4
tr|A0A0B7JK74|A0A0B7JK74_9GAMM	GCF_003515985.1_WP_085653101.1	23.077	81	86	96	78	55	2	2	79	10	82	2.07e-23	90.1
tr|A0A0B7JK74|A0A0B7JK74_9GAMM	GCF_000740965.1_WP_011092648.1	20.513	81	86	96	78	57	2	2	79	10	82	2.07e-23	90.1
tr|A0A0B7JK74|A0A0B7JK74_9GAMM	GCF_016026735.1_WP_015673540.1	30.769	81	87	96	78	49	2	2	79	10	82	2.34e-23	90.1
tr|A0A0B7JK74|A0A0B7JK74_9GAMM	GCF_001642805.2_WP_004931991.1	32.051	81	87	96	78	48	2	2	79	10	82	2.43e-23	90.1
tr|A0A0B7JK74|A0A0B7JK74_9GAMM	GCF_004792415.1_WP_013356856.1	23.077	81	86	96	78	55	2	2	79	10	82	2.82e-23	89.9
tr|A0A0B7JK74|A0A0B7JK74_9GAMM	GCF_013423785.1_WP_180308358.1	27.848	81	88	98	79	56	1	2	80	10	87	3.02e-23	89.9
tr|A0A0B7JK74|A0A0B7JK74_9GAMM	GCF_000196475.1_WP_012776850.1	26.250	81	88	99	80	54	2	2	81	10	84	3.02e-23	89.9
tr|A0A0B7JK74|A0A0B7JK74_9GAMM	GCF_013460135.1_WP_180816665.1	26.582	81	88	98	79	53	2	2	80	10	83	3.07e-23	89.9
tr|A0A0B7JK74|A0A0B7JK74_9GAMM	GCF_015999465.1_WP_085688159.1	21.795	81	86	96	78	56	2	2	79	10	82	3.21e-23	89.9
tr|A0A0B7JK74|A0A0B7JK74_9GAMM	GCF_021462285.1_WP_234585968.1	30.769	81	87	96	78	49	2	2	79	10	82	3.34e-23	89.9
tr|A0A0B7JK74|A0A0B7JK74_9GAMM	GCF_902387845.1_WP_004237241.1	25.316	81	88	98	79	54	2	2	80	10	83	3.40e-23	89.9
tr|A0A0B7JK74|A0A0B7JK74_9GAMM	GCF_001431725.1_WP_021820278.1	38.272	81	81	100	81	50	0	1	81	1	81	3.70e-23	89.6
tr|A0A0B7JK74|A0A0B7JK74_9GAMM	GCF_017569925.1_WP_208228065.1	21.795	81	86	96	78	56	2	2	79	10	82	3.76e-23	89.6
tr|A0A0B7JK74|A0A0B7JK74_9GAMM	GCF_006364355.1_WP_004727652.1	37.037	81	83	100	81	51	0	1	81	1	81	3.95e-23	89.6
tr|A0A0B7JK74|A0A0B7JK74_9GAMM	GCF_008931805.1_WP_019441510.1	42.500	81	81	99	80	46	0	1	80	1	80	4.51e-23	89.3
tr|A0A0B7JK74|A0A0B7JK74_9GAMM	GCF_004768525.1_WP_026822068.1	26.582	81	88	98	79	53	2	2	80	10	83	4.53e-23	89.3
tr|A0A0B7JK74|A0A0B7JK74_9GAMM	GCF_009817885.1_WP_105232289.1	30.769	81	87	96	78	49	2	2	79	10	82	4.67e-23	89.3
tr|A0A0B7JK74|A0A0B7JK74_9GAMM	GCF_002812485.1_WP_038661467.1	23.077	81	86	96	78	55	2	2	79	10	82	4.73e-23	89.3
tr|A0A0B7JK74|A0A0B7JK74_9GAMM	GCF_001742185.1_WP_005975933.1	20.513	81	86	96	78	57	2	2	79	10	82	4.77e-23	89.3
tr|A0A0B7JK74|A0A0B7JK74_9GAMM	GCF_000023545.1_WP_015854637.1	20.513	81	86	96	78	57	2	2	79	10	82	4.93e-23	89.3
tr|A0A0B7JK74|A0A0B7JK74_9GAMM	GCF_019090985.1_WP_036781226.1	25.000	81	88	99	80	55	2	2	81	10	84	5.44e-23	89.3
tr|A0A0B7JK74|A0A0B7JK74_9GAMM	GCF_005931095.1_WP_017839868.1	33.750	81	84	99	80	52	1	2	81	6	84	5.57e-23	89.0
tr|A0A0B7JK74|A0A0B7JK74_9GAMM	GCF_024346675.1_WP_048897676.1	26.582	81	86	98	79	58	0	2	80	8	86	6.06e-23	89.0
tr|A0A0B7JK74|A0A0B7JK74_9GAMM	GCF_000262305.1_WP_002441069.1	26.923	81	86	96	78	52	2	2	79	10	82	6.35e-23	89.0
tr|A0A0B7JK74|A0A0B7JK74_9GAMM	GCF_900187015.1_WP_061796701.1	29.487	81	87	96	78	50	2	2	79	10	82	7.00e-23	89.0
tr|A0A0B7JK74|A0A0B7JK74_9GAMM	GCF_020268605.1_WP_180560445.1	26.582	81	88	98	79	53	2	2	80	10	83	7.01e-23	89.0
tr|A0A0B7JK74|A0A0B7JK74_9GAMM	GCF_002291445.1_WP_048635886.1	21.795	81	86	96	78	56	2	2	79	10	82	7.81e-23	88.7
tr|A0A0B7JK74|A0A0B7JK74_9GAMM	GCF_000091565.1_WP_004159420.1	23.077	81	87	96	78	55	2	2	79	10	82	8.81e-23	88.7
tr|A0A0B7JK74|A0A0B7JK74_9GAMM	GCF_001010285.1_WP_046974061.1	23.750	81	88	99	80	56	2	2	81	10	84	9.71e-23	88.4
tr|A0A0B7JK74|A0A0B7JK74_9GAMM	GCF_000147055.1_WP_022632468.1	23.077	81	86	96	78	55	2	2	79	10	82	1.07e-22	88.4
tr|A0A0B7JK74|A0A0B7JK74_9GAMM	GCF_000014885.1_WP_020912292.1	21.519	81	87	98	79	62	0	2	80	7	85	1.08e-22	88.4
tr|A0A0B7JK74|A0A0B7JK74_9GAMM	GCF_003992745.1_WP_014700896.1	21.795	81	86	96	78	56	2	2	79	10	82	1.08e-22	88.4
tr|A0A0B7JK74|A0A0B7JK74_9GAMM	GCF_000214235.1_WP_004952197.1	23.077	81	85	96	78	55	2	2	79	8	80	1.23e-22	88.2
tr|A0A0B7JK74|A0A0B7JK74_9GAMM	GCF_002504285.1_WP_005282992.1	24.051	81	86	98	79	55	2	2	80	10	83	1.32e-22	88.2
tr|A0A0B7JK74|A0A0B7JK74_9GAMM	GCF_001455205.1_WP_062560013.1	32.500	81	84	99	80	53	1	2	81	6	84	1.34e-22	88.2
tr|A0A0B7JK74|A0A0B7JK74_9GAMM	GCF_002157895.1_WP_227874980.1	50.000	81	82	99	80	40	0	1	80	2	81	1.35e-22	88.2
tr|A0A0B7JK74|A0A0B7JK74_9GAMM	GCF_000196155.1_WP_011145066.1	25.000	81	88	99	80	55	2	2	81	10	84	1.38e-22	88.2
tr|A0A0B7JK74|A0A0B7JK74_9GAMM	GCF_003403135.1_WP_024104894.1	23.077	81	86	96	78	55	2	2	79	10	82	1.39e-22	88.2
tr|A0A0B7JK74|A0A0B7JK74_9GAMM	GCF_019048385.1_WP_062759648.1	23.077	81	86	96	78	55	2	2	79	10	82	1.47e-22	88.2
tr|A0A0B7JK74|A0A0B7JK74_9GAMM	GCF_000146165.2_WP_164925808.1	20.988	81	89	99	81	63	1	1	80	6	86	1.52e-22	88.2
tr|A0A0B7JK74|A0A0B7JK74_9GAMM	GCF_000014765.1_WP_011633385.1	35.443	81	89	98	79	51	0	2	80	5	83	2.01e-22	87.9
tr|A0A0B7JK74|A0A0B7JK74_9GAMM	GCF_012295615.1_WP_007018284.1	40.741	81	81	100	81	48	0	1	81	1	81	2.19e-22	87.6
tr|A0A0B7JK74|A0A0B7JK74_9GAMM	GCF_001006005.1_WP_223499701.1	24.359	81	85	96	78	54	2	2	79	8	80	2.71e-22	87.3
tr|A0A0B7JK74|A0A0B7JK74_9GAMM	GCF_000517405.1_WP_038469034.1	25.641	81	83	96	78	53	2	2	79	7	79	2.81e-22	87.3
tr|A0A0B7JK74|A0A0B7JK74_9GAMM	GCF_000261045.2_WP_006318653.1	23.077	81	87	96	78	55	2	2	79	10	82	2.83e-22	87.3
tr|A0A0B7JK74|A0A0B7JK74_9GAMM	GCF_009646115.1_WP_008925644.1	23.077	81	86	96	78	55	2	2	79	10	82	2.90e-22	87.3
tr|A0A0B7JK74|A0A0B7JK74_9GAMM	GCF_000968195.1_WP_045972480.1	26.250	81	87	99	80	54	2	2	81	11	85	2.90e-22	87.3
tr|A0A0B7JK74|A0A0B7JK74_9GAMM	GCF_008364325.2_WP_230090436.1	23.077	81	85	96	78	55	2	2	79	8	80	3.23e-22	87.0
tr|A0A0B7JK74|A0A0B7JK74_9GAMM	GCF_029457395.1_WP_024766443.1	23.457	81	92	95	81	58	2	4	80	9	89	3.75e-22	87.0
tr|A0A0B7JK74|A0A0B7JK74_9GAMM	GCF_008033135.1_WP_148717358.1	23.750	81	87	99	80	60	1	2	81	7	85	4.25e-22	87.0
tr|A0A0B7JK74|A0A0B7JK74_9GAMM	GCF_900638135.1_WP_012146468.1	23.077	81	87	96	78	55	2	2	79	10	82	5.22e-22	86.8
tr|A0A0B7JK74|A0A0B7JK74_9GAMM	GCF_011045835.1_WP_075671674.1	30.000	81	86	99	80	51	2	2	81	10	84	5.83e-22	86.5
tr|A0A0B7JK74|A0A0B7JK74_9GAMM	GCF_009831665.3_WP_006709226.1	24.359	81	87	96	78	54	2	2	79	10	82	5.88e-22	86.5
tr|A0A0B7JK74|A0A0B7JK74_9GAMM	GCF_000016065.1_WP_011864074.1	20.000	81	93	99	80	63	1	1	80	6	84	6.15e-22	86.8
tr|A0A0B7JK74|A0A0B7JK74_9GAMM	GCF_016026395.1_WP_024524235.1	25.316	81	86	98	79	54	2	2	80	10	83	6.83e-22	86.5
tr|A0A0B7JK74|A0A0B7JK74_9GAMM	GCF_022592395.1_WP_047255099.1	24.051	81	87	98	79	55	2	2	80	10	83	7.41e-22	86.2
tr|A0A0B7JK74|A0A0B7JK74_9GAMM	GCF_012971725.1_WP_169940133.1	23.457	81	92	95	81	58	2	4	80	9	89	7.48e-22	86.5
tr|A0A0B7JK74|A0A0B7JK74_9GAMM	GCF_005484965.1_WP_009114129.1	19.231	81	86	96	78	58	2	2	79	10	82	8.74e-22	86.2
tr|A0A0B7JK74|A0A0B7JK74_9GAMM	GCF_022369495.1_WP_072064250.1	30.000	81	86	99	80	51	2	2	81	10	84	1.11e-21	85.9
tr|A0A0B7JK74|A0A0B7JK74_9GAMM	GCF_002291425.1_WP_095847471.1	29.487	81	87	96	78	50	2	2	79	10	82	1.11e-21	85.9
tr|A0A0B7JK74|A0A0B7JK74_9GAMM	GCF_022647325.1_WP_111140597.1	23.077	81	86	96	78	55	2	2	79	10	82	1.16e-21	85.9
tr|A0A0B7JK74|A0A0B7JK74_9GAMM	GCF_017348915.1_WP_040077077.1	28.205	81	86	96	78	51	2	2	79	10	82	1.25e-21	85.6
tr|A0A0B7JK74|A0A0B7JK74_9GAMM	GCF_002849875.1_WP_232379112.1	39.024	81	113	98	82	47	1	2	80	32	113	1.43e-21	86.2
tr|A0A0B7JK74|A0A0B7JK74_9GAMM	GCF_000069965.1_WP_004245453.1	26.250	81	86	99	80	54	2	2	81	10	84	1.54e-21	85.4
tr|A0A0B7JK74|A0A0B7JK74_9GAMM	GCF_000968175.1_WP_045959360.1	26.250	81	88	99	80	54	2	2	81	11	85	1.57e-21	85.4
tr|A0A0B7JK74|A0A0B7JK74_9GAMM	GCF_019797925.1_WP_193521737.1	39.506	81	80	100	81	48	1	1	81	1	80	1.74e-21	85.4
tr|A0A0B7JK74|A0A0B7JK74_9GAMM	GCF_003074995.2_WP_015870269.1	26.582	81	86	98	79	53	2	2	80	10	83	1.79e-21	85.4
tr|A0A0B7JK74|A0A0B7JK74_9GAMM	GCF_029277985.1_WP_154623766.1	25.641	81	87	96	78	53	2	2	79	10	82	2.60e-21	84.8
tr|A0A0B7JK74|A0A0B7JK74_9GAMM	GCF_019047765.1_WP_040230035.1	28.205	81	86	96	78	51	2	2	79	10	82	2.64e-21	84.8
tr|A0A0B7JK74|A0A0B7JK74_9GAMM	GCF_024746855.1_WP_260492542.1	38.750	81	79	99	80	48	1	1	80	1	79	2.67e-21	84.8
tr|A0A0B7JK74|A0A0B7JK74_9GAMM	GCF_003025345.2_WP_003155955.1	23.529	81	91	99	85	60	1	2	81	7	91	3.02e-21	84.8
tr|A0A0B7JK74|A0A0B7JK74_9GAMM	GCF_017743015.1_WP_209027287.1	22.500	81	88	99	80	57	2	2	81	10	84	3.15e-21	84.8
tr|A0A0B7JK74|A0A0B7JK74_9GAMM	GCF_014295015.1_WP_013185414.1	22.500	81	87	99	80	57	2	2	81	11	85	3.60e-21	84.5
tr|A0A0B7JK74|A0A0B7JK74_9GAMM	GCF_025946765.1_WP_264497926.1	21.795	81	86	96	78	56	2	2	79	10	82	3.92e-21	84.5
tr|A0A0B7JK74|A0A0B7JK74_9GAMM	GCF_004295645.1_WP_228350951.1	24.051	81	88	98	79	55	2	2	80	11	84	4.30e-21	84.5
tr|A0A0B7JK74|A0A0B7JK74_9GAMM	GCF_008632455.1_WP_150048082.1	35.443	81	84	98	79	50	1	2	80	6	83	5.00e-21	84.2
tr|A0A0B7JK74|A0A0B7JK74_9GAMM	GCF_002952315.1_WP_012667243.1	19.231	81	87	96	78	58	2	2	79	10	82	5.11e-21	84.2
tr|A0A0B7JK74|A0A0B7JK74_9GAMM	GCF_020541225.1_WP_226811316.1	26.923	81	86	96	78	52	2	2	79	10	82	5.35e-21	84.2
tr|A0A0B7JK74|A0A0B7JK74_9GAMM	GCF_003096015.2_WP_230514010.1	25.316	81	88	98	79	54	2	2	80	11	84	7.08e-21	83.9
tr|A0A0B7JK74|A0A0B7JK74_9GAMM	GCF_021365465.1_WP_016190321.1	21.795	81	87	96	78	56	2	2	79	10	82	1.08e-20	83.4
tr|A0A0B7JK74|A0A0B7JK74_9GAMM	GCF_900478135.1_WP_111739359.1	24.051	81	88	98	79	55	2	2	80	11	84	1.30e-20	83.1
tr|A0A0B7JK74|A0A0B7JK74_9GAMM	GCF_000019185.1_WP_012277931.1	33.000	81	100	100	100	48	1	1	81	1	100	1.30e-20	83.4
tr|A0A0B7JK74|A0A0B7JK74_9GAMM	GCF_004116975.1_WP_064720954.1	26.250	81	86	99	80	54	2	2	81	10	84	1.31e-20	83.1
tr|A0A0B7JK74|A0A0B7JK74_9GAMM	GCF_003204135.1_WP_004908806.1	28.205	81	87	96	78	51	2	2	79	10	82	1.32e-20	83.1
tr|A0A0B7JK74|A0A0B7JK74_9GAMM	GCF_003568825.1_WP_040644076.1	26.506	81	83	99	83	58	1	1	80	1	83	1.42e-20	82.8
tr|A0A0B7JK74|A0A0B7JK74_9GAMM	GCF_900638655.1_WP_047781753.1	24.051	81	88	98	79	55	2	2	80	11	84	1.52e-20	83.1
tr|A0A0B7JK74|A0A0B7JK74_9GAMM	GCF_002843235.3_WP_102139922.1	28.205	81	87	96	78	51	2	2	79	10	82	1.67e-20	82.8
tr|A0A0B7JK74|A0A0B7JK74_9GAMM	GCF_900475855.1_WP_068441311.1	25.641	81	87	96	78	53	2	2	79	10	82	2.00e-20	82.5
tr|A0A0B7JK74|A0A0B7JK74_9GAMM	GCF_000785705.2_WP_036272019.1	31.646	81	82	98	79	52	2	2	80	6	82	2.19e-20	82.5
tr|A0A0B7JK74|A0A0B7JK74_9GAMM	GCF_001721185.1_WP_069317984.1	22.500	81	87	99	80	57	2	2	81	10	84	2.42e-20	82.5
tr|A0A0B7JK74|A0A0B7JK74_9GAMM	GCF_002393505.1_WP_006658392.1	30.769	81	87	96	78	49	2	2	79	10	82	2.79e-20	82.3
tr|A0A0B7JK74|A0A0B7JK74_9GAMM	GCF_019703835.1_WP_087020305.1	40.260	81	79	95	77	42	1	4	80	3	75	3.19e-20	82.0
tr|A0A0B7JK74|A0A0B7JK74_9GAMM	GCF_008364325.2_WP_020826409.1	27.848	81	84	98	79	54	1	2	80	7	82	6.25e-20	81.4
tr|A0A0B7JK74|A0A0B7JK74_9GAMM	GCF_005671395.1_WP_138095872.1	22.727	81	86	81	66	50	1	2	67	10	74	1.08e-19	80.9
tr|A0A0B7JK74|A0A0B7JK74_9GAMM	GCF_017638925.1_WP_208844867.1	39.241	81	81	98	79	47	1	1	79	1	78	4.40e-19	79.2
tr|A0A0B7JK74|A0A0B7JK74_9GAMM	GCF_026427595.1_WP_251812951.1	29.630	81	88	95	81	53	3	4	80	7	87	5.68e-19	78.9
tr|A0A0B7JK74|A0A0B7JK74_9GAMM	GCF_003990335.1_WP_127025819.1	28.395	81	91	100	81	57	1	1	81	5	84	1.30e-18	78.0
tr|A0A0B7JK74|A0A0B7JK74_9GAMM	GCF_001677435.1_WP_068615618.1	21.739	81	90	85	69	53	1	2	70	9	76	1.89e-18	77.8
tr|A0A0B7JK74|A0A0B7JK74_9GAMM	GCF_007197555.1_WP_144048375.1	26.437	81	94	100	87	58	2	1	81	6	92	2.58e-18	77.5
tr|A0A0B7JK74|A0A0B7JK74_9GAMM	GCF_004358345.1_WP_121852852.1	27.941	81	76	84	68	49	0	2	69	8	75	2.64e-18	76.9
tr|A0A0B7JK74|A0A0B7JK74_9GAMM	GCF_016026875.1_WP_045525981.1	24.051	81	89	98	79	55	3	2	80	7	80	4.24e-18	76.6
tr|A0A0B7JK74|A0A0B7JK74_9GAMM	GCF_003515105.1_WP_036973086.1	23.881	81	73	83	67	51	0	2	68	6	72	1.24e-17	75.2
tr|A0A0B7JK74|A0A0B7JK74_9GAMM	GCF_020405345.1_WP_017780573.1	24.051	81	89	98	79	55	3	2	80	7	80	1.54e-17	75.2
tr|A0A0B7JK74|A0A0B7JK74_9GAMM	GCF_000018285.1_WP_012155987.1	33.663	81	102	99	101	46	1	1	80	1	101	3.09e-17	74.9
tr|A0A0B7JK74|A0A0B7JK74_9GAMM	GCF_000147355.1_WP_013326989.1	33.333	81	67	81	66	44	0	15	80	1	66	7.84e-17	73.3
tr|A0A0B7JK74|A0A0B7JK74_9GAMM	GCF_020149575.1_WP_224431657.1	23.750	81	85	99	80	56	3	2	81	7	81	1.28e-16	73.0
tr|A0A0B7JK74|A0A0B7JK74_9GAMM	GCF_020423125.1_WP_226170850.1	20.253	81	84	98	79	58	3	2	80	7	80	2.75e-16	72.1
tr|A0A0B7JK74|A0A0B7JK74_9GAMM	GCF_002215215.1_WP_088918776.1	23.750	81	101	99	80	60	1	2	81	20	98	3.11e-16	72.1
tr|A0A0B7JK74|A0A0B7JK74_9GAMM	GCF_028355655.1_WP_087756847.1	21.519	81	84	98	79	57	3	2	80	7	80	4.15e-16	71.6
tr|A0A0B7JK74|A0A0B7JK74_9GAMM	GCF_020991025.1_WP_152109250.1	28.788	81	83	81	66	47	0	2	67	8	73	4.52e-16	71.6
tr|A0A0B7JK74|A0A0B7JK74_9GAMM	GCF_900637545.1_WP_042651794.1	21.519	81	84	98	79	57	3	2	80	7	80	6.42e-16	71.0
tr|A0A0B7JK74|A0A0B7JK74_9GAMM	GCF_003855395.1_WP_124730567.1	37.349	81	88	98	83	48	2	2	80	4	86	2.03e-15	69.9
tr|A0A0B7JK74|A0A0B7JK74_9GAMM	GCF_000788395.1_WP_038641921.1	27.160	81	85	99	81	57	2	2	81	5	84	2.91e-15	69.3
tr|A0A0B7JK74|A0A0B7JK74_9GAMM	GCF_008693705.1_WP_127008315.1	21.519	81	84	98	79	57	3	2	80	7	80	3.17e-15	69.3
tr|A0A0B7JK74|A0A0B7JK74_9GAMM	GCF_014169735.1_WP_134997272.1	18.987	81	86	98	79	59	3	2	80	7	80	4.13e-15	69.0
tr|A0A0B7JK74|A0A0B7JK74_9GAMM	GCF_002157225.2_WP_086934278.1	29.167	81	80	89	72	50	1	1	72	4	74	4.55e-15	68.8
tr|A0A0B7JK74|A0A0B7JK74_9GAMM	GCF_010093065.1_WP_238430213.1	15.942	81	83	81	69	52	2	2	67	11	76	4.60e-15	69.0
tr|A0A0B7JK74|A0A0B7JK74_9GAMM	GCF_015209785.1_WP_193988300.1	21.875	81	73	79	64	50	0	2	65	6	69	5.57e-15	68.5
tr|A0A0B7JK74|A0A0B7JK74_9GAMM	GCF_000014705.1_WP_011637758.1	32.530	81	88	98	83	52	2	2	80	4	86	6.06e-15	68.8
tr|A0A0B7JK74|A0A0B7JK74_9GAMM	GCF_020511155.1_WP_226415657.1	29.762	81	87	99	84	55	2	1	80	4	87	8.31e-15	68.2
tr|A0A0B7JK74|A0A0B7JK74_9GAMM	GCF_003063625.1_WP_108601906.1	29.167	81	85	89	72	50	1	1	72	4	74	2.00e-14	67.3
tr|A0A0B7JK74|A0A0B7JK74_9GAMM	GCF_003015165.1_WP_106887831.1	20.253	81	84	98	79	58	3	2	80	7	80	2.18e-14	67.1
tr|A0A0B7JK74|A0A0B7JK74_9GAMM	GCF_016026615.1_WP_197928313.1	20.253	81	89	98	79	58	3	2	80	7	80	2.39e-14	67.1
tr|A0A0B7JK74|A0A0B7JK74_9GAMM	GCF_003966655.1_WP_113527441.1	24.286	81	77	86	70	52	1	2	71	8	76	3.10e-14	66.8
tr|A0A0B7JK74|A0A0B7JK74_9GAMM	GCF_016127195.1_WP_042032742.1	21.795	81	89	96	78	56	3	2	79	7	79	3.76e-14	66.8
tr|A0A0B7JK74|A0A0B7JK74_9GAMM	GCF_001596155.1_WP_068342236.1	20.779	81	90	91	77	54	4	2	75	8	80	4.35e-14	66.5
tr|A0A0B7JK74|A0A0B7JK74_9GAMM	GCF_001020955.1_WP_047250467.1	19.718	81	82	84	71	54	1	2	69	10	80	4.86e-14	66.2
tr|A0A0B7JK74|A0A0B7JK74_9GAMM	GCF_013462805.1_WP_009566961.1	24.286	81	77	86	70	52	1	2	71	8	76	1.01e-13	65.4
tr|A0A0B7JK74|A0A0B7JK74_9GAMM	GCF_002218045.2_WP_089137819.1	24.638	81	79	81	69	49	1	2	67	9	77	1.01e-13	65.4
tr|A0A0B7JK74|A0A0B7JK74_9GAMM	GCF_001507645.1_WP_068195976.1	15.789	81	90	90	76	58	2	2	74	8	80	1.18e-13	65.4
tr|A0A0B7JK74|A0A0B7JK74_9GAMM	GCF_010093065.1_WP_162331416.1	17.105	81	84	90	76	57	3	2	74	11	83	2.86e-13	64.3
tr|A0A0B7JK74|A0A0B7JK74_9GAMM	GCF_020844025.1_WP_215848879.1	25.352	81	77	88	71	52	1	2	72	8	77	3.39e-13	64.0
tr|A0A0B7JK74|A0A0B7JK74_9GAMM	GCF_006337165.1_WP_139515111.1	21.127	81	82	81	71	47	3	2	67	8	74	4.28e-13	64.0
tr|A0A0B7JK74|A0A0B7JK74_9GAMM	GCF_003584645.1_WP_197716612.1	19.737	81	80	89	76	53	3	2	73	8	79	4.44e-13	63.7
tr|A0A0B7JK74|A0A0B7JK74_9GAMM	GCF_013137895.1_WP_135435790.1	19.718	81	83	81	71	48	3	2	67	9	75	4.86e-13	63.7
tr|A0A0B7JK74|A0A0B7JK74_9GAMM	GCF_001651805.1_WP_067384150.1	22.059	81	78	79	68	49	2	2	65	7	74	5.68e-13	63.4
tr|A0A0B7JK74|A0A0B7JK74_9GAMM	GCF_000940995.1_WP_082060442.1	21.429	81	93	86	70	55	0	10	79	16	85	6.85e-13	63.7
tr|A0A0B7JK74|A0A0B7JK74_9GAMM	GCF_027625995.1_WP_270126807.1	21.127	81	82	81	71	47	3	2	67	8	74	7.28e-13	63.4
tr|A0A0B7JK74|A0A0B7JK74_9GAMM	GCF_002762215.1_WP_085750011.1	15.714	81	87	83	70	53	3	2	68	9	75	7.79e-13	63.4
tr|A0A0B7JK74|A0A0B7JK74_9GAMM	GCF_000026085.1_WP_041454550.1	20.896	81	73	81	67	51	2	2	67	6	71	7.86e-13	63.1
tr|A0A0B7JK74|A0A0B7JK74_9GAMM	GCF_004355185.1_WP_133271280.1	19.718	81	81	81	71	48	3	2	67	7	73	8.39e-13	63.1
tr|A0A0B7JK74|A0A0B7JK74_9GAMM	GCF_004028275.1_WP_128384077.1	24.324	81	77	86	74	51	3	2	71	3	75	8.44e-13	63.1
tr|A0A0B7JK74|A0A0B7JK74_9GAMM	GCF_000576555.1_WP_044000633.1	22.535	81	83	81	71	46	3	2	67	9	75	9.32e-13	63.1
tr|A0A0B7JK74|A0A0B7JK74_9GAMM	GCF_013283835.1_WP_071626507.1	21.127	81	83	84	71	49	3	2	69	8	74	9.93e-13	62.8
tr|A0A0B7JK74|A0A0B7JK74_9GAMM	GCF_902810445.1_WP_197744199.1	24.658	81	78	85	73	47	4	2	70	7	75	1.26e-12	62.6
tr|A0A0B7JK74|A0A0B7JK74_9GAMM	GCF_003970675.1_WP_126615366.1	19.697	81	76	81	66	48	3	2	67	13	73	1.46e-12	62.3
tr|A0A0B7JK74|A0A0B7JK74_9GAMM	GCF_013177675.1_WP_172128285.1	20.270	81	81	88	74	52	3	2	72	8	77	1.52e-12	62.6
tr|A0A0B7JK74|A0A0B7JK74_9GAMM	GCF_018736065.1_WP_144074266.1	20.588	81	76	84	68	49	3	2	69	13	75	1.58e-12	62.3
tr|A0A0B7JK74|A0A0B7JK74_9GAMM	GCF_000013765.1_WP_011496543.1	22.892	81	106	98	83	60	2	2	80	23	105	1.61e-12	62.8
tr|A0A0B7JK74|A0A0B7JK74_9GAMM	GCF_017742995.1_WP_247749573.1	37.209	81	48	53	43	27	0	1	43	1	43	1.97e-12	61.7
tr|A0A0B7JK74|A0A0B7JK74_9GAMM	GCF_023650495.1_WP_250655372.1	28.235	81	88	100	85	57	2	1	81	4	88	2.29e-12	62.0
tr|A0A0B7JK74|A0A0B7JK74_9GAMM	GCF_009662475.1_WP_031573754.1	24.658	81	79	90	73	54	1	2	74	8	79	2.92e-12	61.7
tr|A0A0B7JK74|A0A0B7JK74_9GAMM	GCF_001444405.1_WP_058032142.1	29.577	81	87	88	71	50	0	1	71	1	71	3.25e-12	61.7
tr|A0A0B7JK74|A0A0B7JK74_9GAMM	GCF_000024005.1_WP_012793320.1	16.883	81	84	90	77	56	3	2	74	11	83	4.60e-12	61.2
tr|A0A0B7JK74|A0A0B7JK74_9GAMM	GCF_006385555.1_WP_140234395.1	27.711	81	87	98	83	56	3	2	80	4	86	5.49e-12	61.2
tr|A0A0B7JK74|A0A0B7JK74_9GAMM	GCF_000212735.1_WP_013764159.1	16.883	81	83	90	77	56	3	2	74	10	82	5.56e-12	61.2
tr|A0A0B7JK74|A0A0B7JK74_9GAMM	GCF_000012325.1_WP_011045621.1	30.882	81	84	84	68	46	1	2	69	5	71	8.27e-12	60.6
tr|A0A0B7JK74|A0A0B7JK74_9GAMM	GCF_016613475.2_WP_200606805.1	17.143	81	90	83	70	52	2	2	68	11	77	9.36e-12	60.6
tr|A0A0B7JK74|A0A0B7JK74_9GAMM	GCF_001955715.1_WP_029708890.1	20.270	81	80	86	74	51	3	2	71	7	76	1.22e-11	60.0
tr|A0A0B7JK74|A0A0B7JK74_9GAMM	GCF_022827545.1_WP_243798205.1	19.718	81	82	81	71	48	3	2	67	8	74	1.24e-11	60.0
tr|A0A0B7JK74|A0A0B7JK74_9GAMM	GCF_019931735.1_WP_223417223.1	22.619	81	87	99	84	61	2	1	80	3	86	1.30e-11	60.3
tr|A0A0B7JK74|A0A0B7JK74_9GAMM	GCF_003149515.1_WP_109656005.1	14.667	81	90	89	75	58	2	2	73	8	79	1.32e-11	60.3
tr|A0A0B7JK74|A0A0B7JK74_9GAMM	GCF_022811645.1_WP_243511723.1	14.493	81	90	81	69	53	2	2	67	8	73	1.39e-11	60.0
tr|A0A0B7JK74|A0A0B7JK74_9GAMM	GCF_004001245.1_WP_127478562.1	12.500	81	85	84	72	59	2	2	69	10	81	1.43e-11	60.0
tr|A0A0B7JK74|A0A0B7JK74_9GAMM	GCF_021654855.1_WP_237262080.1	28.986	81	70	80	69	44	2	2	66	3	70	1.50e-11	59.8
tr|A0A0B7JK74|A0A0B7JK74_9GAMM	GCF_008728635.1_WP_151087836.1	17.722	81	90	94	79	58	4	2	77	8	82	1.51e-11	60.0
tr|A0A0B7JK74|A0A0B7JK74_9GAMM	GCF_002356115.1_WP_096526481.1	22.535	81	78	84	71	49	2	2	69	7	74	1.58e-11	59.8
tr|A0A0B7JK74|A0A0B7JK74_9GAMM	GCF_003955735.1_WP_126127786.1	20.000	81	91	83	70	50	3	2	68	12	78	1.65e-11	60.0
tr|A0A0B7JK74|A0A0B7JK74_9GAMM	GCF_003574965.1_WP_119445661.1	22.535	81	82	81	71	46	3	2	67	8	74	1.66e-11	59.8
tr|A0A0B7JK74|A0A0B7JK74_9GAMM	GCF_000801295.1_WP_171816254.1	19.118	81	99	80	68	51	3	2	66	10	76	1.76e-11	60.0
tr|A0A0B7JK74|A0A0B7JK74_9GAMM	GCF_003967195.1_WP_172597571.1	21.053	81	83	88	76	54	3	2	72	9	83	1.98e-11	59.8
tr|A0A0B7JK74|A0A0B7JK74_9GAMM	GCF_000021985.1_WP_012639500.1	17.647	81	82	79	68	52	1	2	65	8	75	2.65e-11	59.2
tr|A0A0B7JK74|A0A0B7JK74_9GAMM	GCF_024347675.1_WP_261833361.1	37.778	81	54	56	45	27	1	1	45	1	44	2.95e-11	58.6
tr|A0A0B7JK74|A0A0B7JK74_9GAMM	GCF_002142475.1_WP_026148861.1	18.056	81	86	84	72	51	3	2	69	7	74	3.92e-11	58.9
tr|A0A0B7JK74|A0A0B7JK74_9GAMM	GCF_003353065.1_WP_114983154.1	16.667	81	84	79	66	50	2	2	65	11	73	4.82e-11	58.6
tr|A0A0B7JK74|A0A0B7JK74_9GAMM	GCF_003346815.1_WP_114840342.1	19.178	81	82	86	73	52	3	2	71	8	76	5.13e-11	58.6
tr|A0A0B7JK74|A0A0B7JK74_9GAMM	GCF_013201665.1_WP_128359868.1	20.548	81	81	86	73	51	3	2	71	8	76	5.64e-11	58.3
tr|A0A0B7JK74|A0A0B7JK74_9GAMM	GCF_009938015.1_WP_223264517.1	18.571	81	90	81	70	53	2	2	67	10	79	5.95e-11	58.6
tr|A0A0B7JK74|A0A0B7JK74_9GAMM	GCF_000006765.1_NP_249630.1	28.235	81	108	99	85	56	1	2	81	7	91	6.31e-11	58.9
tr|A0A0B7JK74|A0A0B7JK74_9GAMM	GCF_013201725.1_WP_014475480.1	22.535	81	74	84	71	48	3	2	69	8	74	6.49e-11	58.1
tr|A0A0B7JK74|A0A0B7JK74_9GAMM	GCF_024347255.1_WP_091360415.1	25.000	81	79	79	68	47	2	2	65	7	74	6.71e-11	58.3
tr|A0A0B7JK74|A0A0B7JK74_9GAMM	GCF_002557795.1_WP_098194977.1	20.270	81	89	84	74	49	3	2	69	11	80	6.85e-11	58.3
tr|A0A0B7JK74|A0A0B7JK74_9GAMM	GCF_002355415.1_WP_148665551.1	14.493	81	87	81	69	56	1	2	67	17	85	6.95e-11	58.3
tr|A0A0B7JK74|A0A0B7JK74_9GAMM	GCF_000012805.1_WP_011330264.1	20.833	81	85	85	72	51	3	2	70	7	75	8.46e-11	58.1
tr|A0A0B7JK74|A0A0B7JK74_9GAMM	GCF_004798725.1_WP_010811758.1	15.714	81	83	83	70	53	2	2	68	11	77	8.59e-11	58.1
tr|A0A0B7JK74|A0A0B7JK74_9GAMM	GCF_013282625.1_WP_173286717.1	17.391	81	67	85	69	53	2	2	70	3	67	1.07e-10	57.5
tr|A0A0B7JK74|A0A0B7JK74_9GAMM	GCF_000018105.1_WP_012162738.1	18.310	81	86	83	71	50	3	1	67	6	72	1.15e-10	57.8
tr|A0A0B7JK74|A0A0B7JK74_9GAMM	GCF_008807855.1_WP_063240334.1	18.571	81	83	83	70	51	2	2	68	11	77	1.16e-10	57.8
tr|A0A0B7JK74|A0A0B7JK74_9GAMM	GCF_009755585.1_WP_157030071.1	15.714	81	85	81	70	51	3	2	67	8	73	1.17e-10	57.8
tr|A0A0B7JK74|A0A0B7JK74_9GAMM	GCF_002355735.1_WP_096359192.1	15.493	81	83	83	71	55	3	2	68	13	82	1.39e-10	57.5
tr|A0A0B7JK74|A0A0B7JK74_9GAMM	GCF_000143085.1_WP_013221711.1	20.833	81	82	85	72	51	3	2	70	7	75	1.67e-10	57.2
tr|A0A0B7JK74|A0A0B7JK74_9GAMM	GCF_018389385.1_WP_218082190.1	16.176	81	91	80	68	51	2	2	66	21	85	1.99e-10	57.2
tr|A0A0B7JK74|A0A0B7JK74_9GAMM	GCF_004421105.1_WP_134356453.1	19.444	81	80	85	72	52	3	2	70	7	75	2.10e-10	56.9
tr|A0A0B7JK74|A0A0B7JK74_9GAMM	GCF_024347195.1_WP_271272618.1	26.471	81	77	79	68	45	4	2	65	7	73	2.15e-10	56.9
tr|A0A0B7JK74|A0A0B7JK74_9GAMM	GCF_000321415.2_WP_015260329.1	10.959	81	93	86	73	62	2	2	71	10	82	2.17e-10	57.2
tr|A0A0B7JK74|A0A0B7JK74_9GAMM	GCF_000238255.3_WP_010559905.1	25.352	81	86	86	71	51	2	2	71	5	74	2.51e-10	56.9
tr|A0A0B7JK74|A0A0B7JK74_9GAMM	GCF_019891175.1_WP_225938383.1	15.714	81	93	83	70	53	2	1	67	14	80	2.67e-10	56.9
tr|A0A0B7JK74|A0A0B7JK74_9GAMM	GCF_020091585.1_WP_224339804.1	15.493	81	82	83	71	52	3	2	68	7	73	3.39e-10	56.4
tr|A0A0B7JK74|A0A0B7JK74_9GAMM	GCF_000092245.1_WP_013136435.1	18.571	81	76	83	70	50	3	2	68	5	70	3.64e-10	56.4
tr|A0A0B7JK74|A0A0B7JK74_9GAMM	GCF_001956695.1_WP_076086034.1	11.268	81	77	83	71	55	3	2	68	5	71	3.97e-10	56.1
tr|A0A0B7JK74|A0A0B7JK74_9GAMM	GCF_000014785.1_WP_011630183.1	15.493	81	83	84	71	57	2	2	69	13	83	4.30e-10	56.1
tr|A0A0B7JK74|A0A0B7JK74_9GAMM	GCF_000317125.1_WP_015155280.1	18.310	81	81	83	71	50	4	1	67	6	72	4.80e-10	56.1
tr|A0A0B7JK74|A0A0B7JK74_9GAMM	GCF_013177635.1_WP_129095542.1	20.588	81	72	80	68	47	3	2	66	8	71	6.34e-10	55.5
tr|A0A0B7JK74|A0A0B7JK74_9GAMM	GCF_024347275.1_WP_019620968.1	19.481	81	82	89	77	56	4	2	73	7	82	6.55e-10	55.8
tr|A0A0B7JK74|A0A0B7JK74_9GAMM	GCF_003346775.1_WP_114843067.1	18.310	81	84	84	71	51	3	2	69	8	74	7.26e-10	55.5
tr|A0A0B7JK74|A0A0B7JK74_9GAMM	GCF_013343005.1_WP_078482823.1	16.000	81	84	86	75	57	4	2	71	8	81	9.66e-10	55.3
tr|A0A0B7JK74|A0A0B7JK74_9GAMM	GCF_013283835.1_WP_071625892.1	13.699	81	79	83	73	53	3	2	68	5	73	1.49e-09	54.7
tr|A0A0B7JK74|A0A0B7JK74_9GAMM	GCF_010119975.1_WP_162445115.1	14.667	81	365	88	75	55	3	2	72	14	83	1.64e-09	58.3
tr|A0A0B7JK74|A0A0B7JK74_9GAMM	GCF_023733635.1_WP_039959400.1	18.841	81	89	79	69	50	3	2	65	7	74	1.65e-09	55.0
tr|A0A0B7JK74|A0A0B7JK74_9GAMM	GCF_005166025.1_WP_137090244.1	19.444	81	84	84	72	50	3	2	69	8	75	1.67e-09	54.7
tr|A0A0B7JK74|A0A0B7JK74_9GAMM	GCF_013201935.1_WP_129014602.1	20.588	81	72	80	68	47	3	2	66	8	71	1.72e-09	54.4
tr|A0A0B7JK74|A0A0B7JK74_9GAMM	GCF_004214795.1_WP_130234502.1	17.143	81	78	83	70	51	3	2	68	8	73	1.74e-09	54.7
tr|A0A0B7JK74|A0A0B7JK74_9GAMM	GCF_003544915.1_WP_118918525.1	18.841	81	73	81	69	49	3	2	67	8	72	3.41e-09	53.8
tr|A0A0B7JK74|A0A0B7JK74_9GAMM	GCF_000227685.2_WP_006746304.1	12.676	81	83	84	71	59	2	2	69	10	80	3.84e-09	53.8
tr|A0A0B7JK74|A0A0B7JK74_9GAMM	GCF_001956695.1_WP_076086043.1	17.808	81	77	86	73	53	3	2	71	7	75	3.90e-09	53.6
tr|A0A0B7JK74|A0A0B7JK74_9GAMM	GCF_001442805.1_WP_057942092.1	14.286	81	88	83	70	54	2	2	68	11	77	5.12e-09	53.6
tr|A0A0B7JK74|A0A0B7JK74_9GAMM	GCF_004293625.1_WP_130538367.1	23.729	81	71	73	59	41	2	2	60	3	57	5.81e-09	53.0
tr|A0A0B7JK74|A0A0B7JK74_9GAMM	GCF_000828615.1_WP_041064380.1	18.056	81	80	83	72	53	4	2	68	10	80	6.28e-09	53.3
tr|A0A0B7JK74|A0A0B7JK74_9GAMM	GCF_000265295.1_WP_014770430.1	11.940	81	76	83	67	58	1	2	68	5	70	7.36e-09	53.0
tr|A0A0B7JK74|A0A0B7JK74_9GAMM	GCF_013201665.1_WP_128358834.1	11.429	81	76	83	70	55	3	2	68	5	70	9.56e-09	52.7
tr|A0A0B7JK74|A0A0B7JK74_9GAMM	GCF_024347215.1_WP_261843265.1	22.388	81	77	79	67	49	2	2	65	7	73	1.20e-08	52.4
tr|A0A0B7JK74|A0A0B7JK74_9GAMM	GCF_009937995.1_WP_179954406.1	21.918	81	79	85	73	53	2	2	70	7	79	1.37e-08	52.4
tr|A0A0B7JK74|A0A0B7JK74_9GAMM	GCF_011398355.1_WP_173270160.1	18.750	81	65	79	64	48	2	3	66	4	63	1.45e-08	52.2
tr|A0A0B7JK74|A0A0B7JK74_9GAMM	GCF_000024725.1_WP_013031543.1	19.444	81	81	85	72	52	3	2	70	7	75	1.75e-08	52.2
tr|A0A0B7JK74|A0A0B7JK74_9GAMM	GCF_013177635.1_WP_129095951.1	12.857	81	76	83	70	54	3	2	68	5	70	2.06e-08	51.9
tr|A0A0B7JK74|A0A0B7JK74_9GAMM	GCF_000222485.1_WP_014022977.1	18.056	81	85	85	72	53	3	2	70	10	78	2.11e-08	51.9
tr|A0A0B7JK74|A0A0B7JK74_9GAMM	GCF_001723605.1_WP_069479051.1	12.857	81	76	83	70	54	3	2	68	5	70	2.36e-08	51.6
tr|A0A0B7JK74|A0A0B7JK74_9GAMM	GCF_013201935.1_WP_128987185.1	12.857	81	76	83	70	54	3	2	68	5	70	2.38e-08	51.6
tr|A0A0B7JK74|A0A0B7JK74_9GAMM	GCF_002309535.1_WP_096047558.1	15.714	81	88	83	70	52	3	2	68	5	70	2.52e-08	51.9
tr|A0A0B7JK74|A0A0B7JK74_9GAMM	GCF_003544815.1_WP_118886031.1	11.429	81	76	83	70	55	3	2	68	5	70	2.81e-08	51.6
tr|A0A0B7JK74|A0A0B7JK74_9GAMM	GCF_000317575.1_WP_015193670.1	17.143	81	74	81	70	50	4	2	67	7	72	4.79e-08	50.8
tr|A0A0B7JK74|A0A0B7JK74_9GAMM	GCF_001050135.1_WP_048644179.1	23.944	81	88	83	71	46	3	2	68	10	76	7.17e-08	50.8
tr|A0A0B7JK74|A0A0B7JK74_9GAMM	GCF_011398355.1_WP_173270199.1	15.385	81	66	80	65	51	2	3	67	4	64	7.35e-08	50.2
tr|A0A0B7JK74|A0A0B7JK74_9GAMM	GCF_011398155.1_WP_173291533.1	18.310	81	71	86	71	53	3	2	71	3	69	8.57e-08	50.2
tr|A0A0B7JK74|A0A0B7JK74_9GAMM	GCF_003722295.1_WP_010573895.1	15.278	81	75	81	72	51	3	2	67	7	74	1.17e-07	49.9
tr|A0A0B7JK74|A0A0B7JK74_9GAMM	GCF_000242635.2_WP_014682426.1	8.824	81	83	80	68	56	2	6	70	11	75	1.28e-07	49.9
tr|A0A0B7JK74|A0A0B7JK74_9GAMM	GCF_008122265.1_WP_148863603.1	18.310	81	84	83	71	50	3	2	68	7	73	1.38e-07	49.9
tr|A0A0B7JK74|A0A0B7JK74_9GAMM	GCF_000265505.1_WP_014796533.1	16.456	81	97	84	79	54	3	2	69	9	86	1.50e-07	49.9
tr|A0A0B7JK74|A0A0B7JK74_9GAMM	GCF_000568815.1_WP_025346049.1	11.429	81	76	83	70	55	3	2	68	5	70	2.43e-07	49.1
tr|A0A0B7JK74|A0A0B7JK74_9GAMM	GCF_005281475.1_WP_137401239.1	16.216	81	81	88	74	55	4	2	72	6	75	2.94e-07	49.1
tr|A0A0B7JK74|A0A0B7JK74_9GAMM	GCF_013177675.1_WP_172126669.1	12.857	81	77	83	70	54	3	2	68	5	70	5.64e-07	48.2
tr|A0A0B7JK74|A0A0B7JK74_9GAMM	GCF_003260975.1_WP_112783789.1	12.329	81	81	86	73	57	4	2	71	6	74	1.92e-06	46.8
tr|A0A0B7JK74|A0A0B7JK74_9GAMM	GCF_006575665.1_WP_141613356.1	15.493	81	81	84	71	53	4	2	69	6	72	2.15e-06	46.8
tr|A0A0B7JK74|A0A0B7JK74_9GAMM	GCF_000484535.1_WP_023173213.1	17.391	81	91	84	69	55	2	4	71	24	91	2.81e-06	46.5
tr|A0A0B7JK74|A0A0B7JK74_9GAMM	GCF_018388465.1_WP_208290210.1	11.765	81	316	81	68	58	1	8	73	139	206	5.14e-06	48.5
tr|A0A0B7JK74|A0A0B7JK74_9GAMM	GCF_000325705.1_WP_015264554.1	14.286	81	77	83	70	53	4	2	68	6	71	7.66e-06	45.4
tr|A0A0B7JK74|A0A0B7JK74_9GAMM	GCF_021018745.1_WP_230843504.1	16.667	81	92	80	66	53	2	4	68	24	88	1.21e-05	45.1
tr|A0A0B7JK74|A0A0B7JK74_9GAMM	GCF_003346815.1_WP_114840344.1	14.286	81	84	83	70	53	3	2	68	7	72	1.82e-05	44.6
tr|A0A0B7JK74|A0A0B7JK74_9GAMM	GCF_000011385.1_WP_011141833.1	16.667	81	92	80	66	53	2	4	68	24	88	4.17e-05	43.7
tr|A0A0B7JK74|A0A0B7JK74_9GAMM	GCF_001705075.2_WP_065970077.1	15.385	81	78	77	65	52	1	2	63	8	72	5.96e-05	43.2
tr|A0A0B7JK74|A0A0B7JK74_9GAMM	GCF_001027285.1_WP_047859305.1	23.077	81	80	48	39	30	0	4	42	12	50	4.01e-04	40.9
tr|A0A0B7JK74|A0A0B7JK74_9GAMM	GCF_011764585.1_WP_188200227.1	12.281	81	63	64	57	44	3	15	66	2	57	0.001	39.2
tr|A0A0B7JK74|A0A0B7JK74_9GAMM	GCF_003143555.1_WP_109340539.1	19.178	81	84	88	73	57	1	4	74	5	77	0.006	37.8
# PSIBLAST 2.13.0+
# Iteration: 13
# Query: tr|A0A0B7JK74|A0A0B7JK74_9GAMM Modulator of Rho-dependent transcription termination family protein OS=Photobacterium kishitanii OX=318456 GN=C0W70_11190 PE=4 SV=1
# Database: db/chosen-bacteria_proteome_exDup
# Fields: query id, subject id, % identity, query length, subject length, % query coverage per subject, alignment length, mismatches, gap opens, q. start, q. end, s. start, s. end, evalue, bit score
# 451 hits found
tr|A0A0B7JK74|A0A0B7JK74_9GAMM	GCF_002204915.1_WP_052690899.1	39.506	81	101	100	81	49	0	1	81	20	100	8.91e-31	109
tr|A0A0B7JK74|A0A0B7JK74_9GAMM	GCF_025402875.1_WP_011791024.1	27.500	81	90	99	80	58	0	1	80	6	85	2.02e-30	108
tr|A0A0B7JK74|A0A0B7JK74_9GAMM	GCF_024347355.1_WP_105024956.1	46.914	81	83	100	81	43	0	1	81	1	81	2.12e-30	107
tr|A0A0B7JK74|A0A0B7JK74_9GAMM	GCF_008693605.1_WP_223849061.1	35.000	81	95	99	80	52	0	2	81	11	90	2.29e-30	108
tr|A0A0B7JK74|A0A0B7JK74_9GAMM	GCF_004353845.1_WP_103770713.1	35.000	81	93	99	80	52	0	2	81	10	89	2.31e-30	108
tr|A0A0B7JK74|A0A0B7JK74_9GAMM	GCF_003812345.1_WP_121571778.1	35.000	81	94	99	80	52	0	2	81	10	89	4.74e-30	107
tr|A0A0B7JK74|A0A0B7JK74_9GAMM	GCF_009938225.1_WP_075649723.1	40.741	81	82	100	81	48	0	1	81	1	81	8.91e-30	106
tr|A0A0B7JK74|A0A0B7JK74_9GAMM	GCF_024971755.1_WP_259474826.1	25.000	81	88	99	80	60	0	1	80	6	85	1.16e-29	106
tr|A0A0B7JK74|A0A0B7JK74_9GAMM	GCF_024347475.1_WP_239840920.1	44.444	81	83	100	81	45	0	1	81	1	81	1.53e-29	105
tr|A0A0B7JK74|A0A0B7JK74_9GAMM	GCF_000178875.2_WP_012197738.1	25.000	81	90	99	80	60	0	1	80	6	85	2.85e-29	105
tr|A0A0B7JK74|A0A0B7JK74_9GAMM	GCF_009938185.1_WP_162048373.1	44.444	81	82	100	81	45	0	1	81	1	81	5.12e-29	104
tr|A0A0B7JK74|A0A0B7JK74_9GAMM	GCF_001597285.1_WP_061903727.1	30.769	81	92	96	78	54	0	3	80	8	85	5.40e-29	104
tr|A0A0B7JK74|A0A0B7JK74_9GAMM	GCF_022371215.1_WP_239718047.1	44.444	81	83	100	81	45	0	1	81	1	81	1.28e-28	103
tr|A0A0B7JK74|A0A0B7JK74_9GAMM	GCF_002355475.1_WP_004421315.1	29.487	81	91	96	78	55	0	3	80	9	86	1.76e-28	103
tr|A0A0B7JK74|A0A0B7JK74_9GAMM	GCF_000733715.2_WP_017362912.1	29.487	81	90	96	78	55	0	3	80	8	85	2.25e-28	103
tr|A0A0B7JK74|A0A0B7JK74_9GAMM	GCF_014905115.1_WP_193151849.1	45.000	81	81	99	80	44	0	1	80	1	80	2.63e-28	102
tr|A0A0B7JK74|A0A0B7JK74_9GAMM	GCF_011397855.1_WP_044414183.1	29.487	81	90	96	78	55	0	3	80	8	85	2.65e-28	102
tr|A0A0B7JK74|A0A0B7JK74_9GAMM	GCF_008693645.1_WP_137347870.1	28.750	81	89	99	80	57	0	2	81	10	89	2.76e-28	102
tr|A0A0B7JK74|A0A0B7JK74_9GAMM	GCF_013409125.2_WP_099525265.1	28.205	81	90	96	78	56	0	3	80	8	85	3.77e-28	102
tr|A0A0B7JK74|A0A0B7JK74_9GAMM	GCF_001594225.2_WP_064379396.1	26.923	81	92	96	78	57	0	3	80	8	85	7.55e-28	101
tr|A0A0B7JK74|A0A0B7JK74_9GAMM	GCF_024205225.1_WP_195881696.1	26.923	81	90	96	78	57	0	3	80	8	85	7.88e-28	101
tr|A0A0B7JK74|A0A0B7JK74_9GAMM	GCF_001708425.1_WP_055136127.1	25.641	81	94	96	78	58	0	3	80	8	85	8.16e-28	101
tr|A0A0B7JK74|A0A0B7JK74_9GAMM	GCF_000297075.2_WP_003461742.1	28.205	81	90	96	78	56	0	3	80	8	85	9.93e-28	101
tr|A0A0B7JK74|A0A0B7JK74_9GAMM	GCF_017167985.1_WP_093053415.1	29.487	81	92	96	78	55	0	3	80	8	85	1.10e-27	101
tr|A0A0B7JK74|A0A0B7JK74_9GAMM	GCF_009938205.1_WP_075706454.1	48.148	81	82	100	81	42	0	1	81	1	81	1.14e-27	101
tr|A0A0B7JK74|A0A0B7JK74_9GAMM	GCF_001558415.2_WP_061055374.1	45.679	81	83	100	81	44	0	1	81	1	81	1.21e-27	100
tr|A0A0B7JK74|A0A0B7JK74_9GAMM	GCF_008807375.1_WP_151138908.1	28.205	81	91	96	78	56	0	3	80	9	86	1.31e-27	101
tr|A0A0B7JK74|A0A0B7JK74_9GAMM	GCF_020097475.1_WP_000062318.1	28.205	81	86	96	78	51	2	2	79	10	82	1.33e-27	100
tr|A0A0B7JK74|A0A0B7JK74_9GAMM	GCF_013200955.2_WP_173204463.1	27.848	81	91	98	79	57	0	2	80	8	86	1.37e-27	101
tr|A0A0B7JK74|A0A0B7JK74_9GAMM	GCF_001461805.1_WP_013367515.1	28.205	81	86	96	78	51	2	2	79	10	82	1.41e-27	100
tr|A0A0B7JK74|A0A0B7JK74_9GAMM	GCF_024347595.1_WP_176681244.1	44.444	81	83	100	81	45	0	1	81	1	81	1.43e-27	100
tr|A0A0B7JK74|A0A0B7JK74_9GAMM	GCF_004684345.1_WP_135321947.1	30.380	81	93	98	79	55	0	2	80	10	88	1.61e-27	100
tr|A0A0B7JK74|A0A0B7JK74_9GAMM	GCF_021172065.1_WP_015965827.1	29.487	81	86	96	78	50	2	2	79	10	82	1.98e-27	100
tr|A0A0B7JK74|A0A0B7JK74_9GAMM	GCF_002214395.1_WP_010453422.1	40.000	81	81	99	80	48	0	1	80	1	80	2.02e-27	100
tr|A0A0B7JK74|A0A0B7JK74_9GAMM	GCF_001518835.1_WP_059308693.1	26.923	81	86	96	78	52	2	2	79	10	82	2.32e-27	100
tr|A0A0B7JK74|A0A0B7JK74_9GAMM	GCF_019670125.1_WP_221076876.1	42.500	81	81	99	80	46	0	1	80	1	80	2.83e-27	 99
tr|A0A0B7JK74|A0A0B7JK74_9GAMM	GCF_008369605.1_WP_000253074.1	45.679	81	81	100	81	44	0	1	81	1	81	3.50e-27	99.7
tr|A0A0B7JK74|A0A0B7JK74_9GAMM	GCF_009036245.1_WP_025756830.1	26.923	81	86	96	78	52	2	2	79	10	82	3.89e-27	99.7
tr|A0A0B7JK74|A0A0B7JK74_9GAMM	GCF_003957745.1_WP_126168493.1	24.051	81	87	98	79	60	0	2	80	7	85	3.99e-27	99.7
tr|A0A0B7JK74|A0A0B7JK74_9GAMM	GCF_016904755.1_WP_059234959.1	26.923	81	86	96	78	52	2	2	79	10	82	4.86e-27	99.4
tr|A0A0B7JK74|A0A0B7JK74_9GAMM	GCF_000006925.2_NP_706134.1	26.923	81	86	96	78	52	2	2	79	10	82	4.94e-27	99.4
tr|A0A0B7JK74|A0A0B7JK74_9GAMM	GCF_008329985.2_WP_149283950.1	41.250	81	81	99	80	47	0	1	80	1	80	5.17e-27	99.4
tr|A0A0B7JK74|A0A0B7JK74_9GAMM	GCF_024347635.1_WP_139683960.1	48.148	81	83	100	81	42	0	1	81	1	81	5.49e-27	99.4
tr|A0A0B7JK74|A0A0B7JK74_9GAMM	GCF_002407485.1_WP_096780111.1	46.250	81	81	99	80	43	0	1	80	1	80	5.64e-27	99.1
tr|A0A0B7JK74|A0A0B7JK74_9GAMM	GCF_001683395.1_WP_017458015.1	26.923	81	86	96	78	52	2	2	79	10	82	6.12e-27	99.1
tr|A0A0B7JK74|A0A0B7JK74_9GAMM	GCF_009176645.1_WP_152083529.1	26.923	81	86	96	78	52	2	2	79	10	82	6.68e-27	99.1
tr|A0A0B7JK74|A0A0B7JK74_9GAMM	GCF_001995825.2_WP_017057338.1	49.383	81	83	100	81	41	0	1	81	1	81	7.13e-27	99.1
tr|A0A0B7JK74|A0A0B7JK74_9GAMM	GCF_017167985.1_WP_079784061.1	30.769	81	90	96	78	54	0	3	80	8	85	7.65e-27	99.1
tr|A0A0B7JK74|A0A0B7JK74_9GAMM	GCF_009068765.1_WP_151900329.1	47.500	81	81	99	80	42	0	1	80	1	80	7.76e-27	98.9
tr|A0A0B7JK74|A0A0B7JK74_9GAMM	GCF_024347455.1_WP_135458404.1	49.383	81	83	100	81	41	0	1	81	1	81	8.03e-27	98.9
tr|A0A0B7JK74|A0A0B7JK74_9GAMM	GCF_003594935.2_WP_006173581.1	26.923	81	86	96	78	52	2	2	79	10	82	8.34e-27	98.9
tr|A0A0B7JK74|A0A0B7JK74_9GAMM	GCF_001831495.1_WP_068547707.1	50.617	81	81	100	81	40	0	1	81	1	81	8.53e-27	98.9
tr|A0A0B7JK74|A0A0B7JK74_9GAMM	GCF_000091465.1_WP_004733849.1	49.383	81	83	100	81	41	0	1	81	1	81	9.05e-27	98.9
tr|A0A0B7JK74|A0A0B7JK74_9GAMM	GCF_024347035.1_WP_102941394.1	40.000	81	81	99	80	48	0	1	80	1	80	9.09e-27	98.6
tr|A0A0B7JK74|A0A0B7JK74_9GAMM	GCF_000005845.2_NP_414731.2	26.923	81	84	96	78	52	2	2	79	8	80	9.29e-27	98.9
tr|A0A0B7JK74|A0A0B7JK74_9GAMM	GCF_001022135.1_WP_039078449.1	28.205	81	86	96	78	51	2	2	79	10	82	1.11e-26	98.6
tr|A0A0B7JK74|A0A0B7JK74_9GAMM	GCF_006742785.1_WP_172630283.1	31.646	81	88	98	79	54	0	2	80	5	83	1.32e-26	98.3
tr|A0A0B7JK74|A0A0B7JK74_9GAMM	GCF_024494545.1_WP_256384876.1	77.778	81	81	100	81	18	0	1	81	1	81	1.42e-26	98.3
tr|A0A0B7JK74|A0A0B7JK74_9GAMM	GCF_000214665.1_WP_013819542.1	39.241	81	83	98	79	47	1	2	80	6	83	1.43e-26	98.3
tr|A0A0B7JK74|A0A0B7JK74_9GAMM	GCF_024362845.1_WP_255230807.1	40.000	81	82	99	80	48	0	1	80	1	80	1.47e-26	98.3
tr|A0A0B7JK74|A0A0B7JK74_9GAMM	GCF_001658025.2_WP_007373243.1	28.205	81	86	96	78	51	2	2	79	10	82	1.63e-26	98.0
tr|A0A0B7JK74|A0A0B7JK74_9GAMM	GCF_001558255.2_WP_005504861.1	45.679	81	82	99	81	43	1	1	80	1	81	1.78e-26	98.0
tr|A0A0B7JK74|A0A0B7JK74_9GAMM	GCF_900682675.2_WP_069898892.1	30.769	81	94	96	78	54	0	3	80	8	85	1.78e-26	98.3
tr|A0A0B7JK74|A0A0B7JK74_9GAMM	GCF_001007875.1_WP_046858354.1	46.250	81	80	99	80	43	0	1	80	1	80	2.03e-26	97.7
tr|A0A0B7JK74|A0A0B7JK74_9GAMM	GCF_024582835.1_WP_257083279.1	45.000	81	87	99	80	44	0	1	80	1	80	2.04e-26	98.0
tr|A0A0B7JK74|A0A0B7JK74_9GAMM	GCF_004684345.1_WP_135323069.1	26.923	81	86	96	78	52	2	2	79	10	82	2.10e-26	97.7
tr|A0A0B7JK74|A0A0B7JK74_9GAMM	GCF_000009145.1_WP_041356315.1	33.750	81	90	99	80	53	0	1	80	5	84	2.13e-26	98.0
tr|A0A0B7JK74|A0A0B7JK74_9GAMM	GCF_019048625.1_WP_023305471.1	26.923	81	86	96	78	52	2	2	79	10	82	2.16e-26	97.7
tr|A0A0B7JK74|A0A0B7JK74_9GAMM	GCF_014879975.1_WP_192888672.1	45.679	81	83	100	81	44	0	1	81	1	81	2.28e-26	97.7
tr|A0A0B7JK74|A0A0B7JK74_9GAMM	GCF_023195735.1_WP_035891978.1	28.205	81	86	96	78	51	2	2	79	10	82	2.31e-26	97.7
tr|A0A0B7JK74|A0A0B7JK74_9GAMM	GCF_002215585.1_WP_088903590.1	23.077	81	89	96	78	59	1	1	78	6	82	2.32e-26	97.7
tr|A0A0B7JK74|A0A0B7JK74_9GAMM	GCF_027886705.1_WP_061497537.1	26.923	81	86	96	78	52	2	2	79	10	82	2.50e-26	97.7
tr|A0A0B7JK74|A0A0B7JK74_9GAMM	GCF_015137655.1_WP_028015593.1	26.923	81	86	96	78	52	2	2	79	10	82	2.54e-26	97.7
tr|A0A0B7JK74|A0A0B7JK74_9GAMM	GCF_003812345.1_WP_003018503.1	26.923	81	86	96	78	52	2	2	79	10	82	2.64e-26	97.7
tr|A0A0B7JK74|A0A0B7JK74_9GAMM	GCF_019047765.1_WP_040231149.1	30.000	81	89	99	80	56	0	2	81	10	89	2.66e-26	97.7
tr|A0A0B7JK74|A0A0B7JK74_9GAMM	GCF_019670105.1_WP_040307707.1	43.750	81	81	99	80	45	0	1	80	1	80	2.66e-26	97.4
tr|A0A0B7JK74|A0A0B7JK74_9GAMM	GCF_000224675.1_WP_010426685.1	26.923	81	86	96	78	52	2	2	79	10	82	2.70e-26	97.4
tr|A0A0B7JK74|A0A0B7JK74_9GAMM	GCF_900638065.1_WP_048212636.1	26.923	81	86	96	78	52	2	2	79	10	82	2.84e-26	97.4
tr|A0A0B7JK74|A0A0B7JK74_9GAMM	GCF_007632255.1_WP_015368146.1	26.923	81	86	96	78	52	2	2	79	10	82	2.86e-26	97.4
tr|A0A0B7JK74|A0A0B7JK74_9GAMM	GCF_001729805.1_WP_008501890.1	26.923	81	86	96	78	52	2	2	79	10	82	3.38e-26	97.4
tr|A0A0B7JK74|A0A0B7JK74_9GAMM	GCF_004353845.1_WP_103768334.1	25.641	81	86	96	78	53	2	2	79	10	82	3.69e-26	97.2
tr|A0A0B7JK74|A0A0B7JK74_9GAMM	GCF_001750725.1_WP_014168720.1	26.923	81	86	96	78	52	2	2	79	10	82	3.71e-26	97.2
tr|A0A0B7JK74|A0A0B7JK74_9GAMM	GCF_009649915.1_WP_062772223.1	28.205	81	86	96	78	51	2	2	79	10	82	3.99e-26	97.2
tr|A0A0B7JK74|A0A0B7JK74_9GAMM	GCF_025914095.1_WP_031518416.1	25.641	81	86	96	78	53	2	2	79	10	82	4.22e-26	97.2
tr|A0A0B7JK74|A0A0B7JK74_9GAMM	GCF_009363135.1_WP_090122691.1	29.487	81	86	96	78	50	2	2	79	10	82	4.46e-26	97.2
tr|A0A0B7JK74|A0A0B7JK74_9GAMM	GCF_021278985.1_WP_012904575.1	26.923	81	86	96	78	52	2	2	79	10	82	4.50e-26	96.9
tr|A0A0B7JK74|A0A0B7JK74_9GAMM	GCF_018128425.1_WP_042289833.1	26.923	81	86	96	78	52	2	2	79	10	82	4.91e-26	96.9
tr|A0A0B7JK74|A0A0B7JK74_9GAMM	GCF_001277255.1_WP_007666633.1	26.923	81	86	96	78	52	2	2	79	10	82	6.23e-26	96.6
tr|A0A0B7JK74|A0A0B7JK74_9GAMM	GCF_001456255.1_WP_020335096.1	37.500	81	81	99	80	50	0	1	80	1	80	6.32e-26	96.6
tr|A0A0B7JK74|A0A0B7JK74_9GAMM	GCF_017354925.1_WP_207321174.1	21.250	81	87	99	80	63	0	2	81	7	86	6.92e-26	96.6
tr|A0A0B7JK74|A0A0B7JK74_9GAMM	GCF_000024825.1_WP_005460845.1	39.506	81	81	100	81	49	0	1	81	1	81	7.18e-26	96.3
tr|A0A0B7JK74|A0A0B7JK74_9GAMM	GCF_001558935.2_WP_042323659.1	26.923	81	86	96	78	52	2	2	79	10	82	7.72e-26	96.3
tr|A0A0B7JK74|A0A0B7JK74_9GAMM	GCF_002393445.1_WP_061273728.1	28.205	81	86	96	78	51	2	2	79	10	82	8.42e-26	96.3
tr|A0A0B7JK74|A0A0B7JK74_9GAMM	GCF_000770115.1_WP_069687890.1	41.250	81	81	99	80	47	0	1	80	1	80	8.62e-26	96.3
tr|A0A0B7JK74|A0A0B7JK74_9GAMM	GCF_024347655.1_WP_060467732.1	45.000	81	83	99	80	44	0	1	80	1	80	9.36e-26	96.0
tr|A0A0B7JK74|A0A0B7JK74_9GAMM	GCF_012767755.2_WP_173176508.1	24.675	81	91	95	77	55	1	4	80	9	82	9.44e-26	96.3
tr|A0A0B7JK74|A0A0B7JK74_9GAMM	GCF_003935895.2_WP_110510858.1	25.641	81	86	96	78	53	2	2	79	10	82	9.49e-26	96.3
tr|A0A0B7JK74|A0A0B7JK74_9GAMM	GCF_017354965.1_WP_207380278.1	21.250	81	87	99	80	63	0	2	81	7	86	9.97e-26	96.0
tr|A0A0B7JK74|A0A0B7JK74_9GAMM	GCF_000015245.1_WP_011761423.1	20.253	81	86	98	79	63	0	2	80	7	85	1.02e-25	96.0
tr|A0A0B7JK74|A0A0B7JK74_9GAMM	GCF_012767755.2_WP_173171843.1	28.205	81	90	96	78	56	0	3	80	8	85	1.06e-25	96.0
tr|A0A0B7JK74|A0A0B7JK74_9GAMM	GCF_001277175.1_WP_007760020.1	28.205	81	86	96	78	51	2	2	79	10	82	1.18e-25	96.0
tr|A0A0B7JK74|A0A0B7JK74_9GAMM	GCF_001277215.2_WP_007776988.1	26.923	81	86	96	78	52	2	2	79	10	82	1.19e-25	96.0
tr|A0A0B7JK74|A0A0B7JK74_9GAMM	GCF_009648935.1_WP_047417117.1	25.641	81	86	96	78	53	2	2	79	10	82	1.20e-25	96.0
tr|A0A0B7JK74|A0A0B7JK74_9GAMM	GCF_000439255.1_WP_000062328.1	29.487	81	86	96	78	50	2	2	79	10	82	1.23e-25	96.0
tr|A0A0B7JK74|A0A0B7JK74_9GAMM	GCF_016834455.1_WP_203325205.1	21.519	81	86	98	79	62	0	2	80	7	85	1.25e-25	95.8
tr|A0A0B7JK74|A0A0B7JK74_9GAMM	GCF_001277195.1_WP_032966924.1	26.923	81	86	96	78	52	2	2	79	10	82	1.25e-25	95.8
tr|A0A0B7JK74|A0A0B7JK74_9GAMM	GCF_017915135.1_WP_210390879.1	26.923	81	90	96	78	57	0	3	80	8	85	1.48e-25	95.8
tr|A0A0B7JK74|A0A0B7JK74_9GAMM	GCF_020079945.1_WP_039382769.1	23.077	81	87	96	78	55	2	2	79	10	82	1.48e-25	95.8
tr|A0A0B7JK74|A0A0B7JK74_9GAMM	GCF_002953195.1_WP_038628016.1	21.795	81	87	96	78	56	2	2	79	10	82	1.53e-25	95.8
tr|A0A0B7JK74|A0A0B7JK74_9GAMM	GCF_025758125.1_WP_023480196.1	26.923	81	86	96	78	52	2	2	79	10	82	1.63e-25	95.5
tr|A0A0B7JK74|A0A0B7JK74_9GAMM	GCF_022637515.1_WP_064539750.1	26.923	81	86	96	78	52	2	2	79	10	82	1.71e-25	95.5
tr|A0A0B7JK74|A0A0B7JK74_9GAMM	GCF_000240185.1_YP_005225236.1	26.923	81	86	96	78	52	2	2	79	10	82	1.78e-25	95.5
tr|A0A0B7JK74|A0A0B7JK74_9GAMM	GCF_017329545.1_WP_047884589.1	28.205	81	95	96	78	56	0	2	79	8	85	2.13e-25	95.5
tr|A0A0B7JK74|A0A0B7JK74_9GAMM	GCF_013234275.1_WP_172895488.1	28.205	81	86	96	78	51	2	2	79	10	82	2.20e-25	95.2
tr|A0A0B7JK74|A0A0B7JK74_9GAMM	GCF_024224615.1_WP_125293588.1	26.923	81	86	96	78	52	2	2	79	10	82	2.27e-25	95.2
tr|A0A0B7JK74|A0A0B7JK74_9GAMM	GCF_019670705.1_WP_100146025.1	20.253	81	92	98	79	63	0	2	80	7	85	2.42e-25	95.2
tr|A0A0B7JK74|A0A0B7JK74_9GAMM	GCF_001007935.1_WP_046849946.1	32.500	81	84	99	80	54	0	1	80	5	84	2.59e-25	94.9
tr|A0A0B7JK74|A0A0B7JK74_9GAMM	GCF_003261575.2_WP_110272453.1	28.205	81	86	96	78	51	2	2	79	10	82	2.69e-25	94.9
tr|A0A0B7JK74|A0A0B7JK74_9GAMM	GCF_900233005.1_WP_102521318.1	39.506	81	81	100	81	49	0	1	81	1	81	2.91e-25	94.9
tr|A0A0B7JK74|A0A0B7JK74_9GAMM	GCF_002163605.1_WP_157665988.1	27.848	81	86	98	79	52	2	2	80	10	83	2.93e-25	94.9
tr|A0A0B7JK74|A0A0B7JK74_9GAMM	GCF_002906475.1_WP_012130247.1	40.000	81	81	99	80	48	0	1	80	1	80	3.27e-25	94.6
tr|A0A0B7JK74|A0A0B7JK74_9GAMM	GCF_000018045.1_WP_024130681.1	26.923	81	86	96	78	52	2	2	79	10	82	3.38e-25	94.9
tr|A0A0B7JK74|A0A0B7JK74_9GAMM	GCF_009730655.1_WP_156020461.1	20.253	81	92	98	79	63	0	2	80	7	85	3.43e-25	94.9
tr|A0A0B7JK74|A0A0B7JK74_9GAMM	GCF_003812925.1_WP_004107903.1	26.923	81	86	96	78	52	2	2	79	10	82	3.44e-25	94.6
tr|A0A0B7JK74|A0A0B7JK74_9GAMM	GCF_024347495.1_WP_137371745.1	42.500	81	80	99	80	46	0	1	80	1	80	3.51e-25	94.6
tr|A0A0B7JK74|A0A0B7JK74_9GAMM	GCF_018139045.1_WP_004129134.1	28.205	81	86	96	78	51	2	2	79	10	82	3.58e-25	94.6
tr|A0A0B7JK74|A0A0B7JK74_9GAMM	GCF_900635955.1_WP_126357486.1	28.205	81	86	96	78	51	2	2	79	10	82	3.63e-25	94.6
tr|A0A0B7JK74|A0A0B7JK74_9GAMM	GCF_004328865.1_WP_104643907.1	46.250	81	83	99	80	43	0	1	80	1	80	3.76e-25	94.6
tr|A0A0B7JK74|A0A0B7JK74_9GAMM	GCF_000006945.2_NP_459242.1	29.487	81	86	96	78	50	2	2	79	10	82	3.87e-25	94.6
tr|A0A0B7JK74|A0A0B7JK74_9GAMM	GCF_000834395.1_WP_042546713.1	26.923	81	86	96	78	52	2	2	79	10	82	4.00e-25	94.6
tr|A0A0B7JK74|A0A0B7JK74_9GAMM	GCF_012029655.1_WP_041144145.1	26.923	81	86	96	78	52	2	2	79	10	82	4.03e-25	94.6
tr|A0A0B7JK74|A0A0B7JK74_9GAMM	GCF_021276285.1_WP_095923198.1	25.641	81	86	96	78	53	2	2	79	10	82	4.19e-25	94.6
tr|A0A0B7JK74|A0A0B7JK74_9GAMM	GCF_006711645.1_WP_100682484.1	28.205	81	86	96	78	51	2	2	79	10	82	4.36e-25	94.6
tr|A0A0B7JK74|A0A0B7JK74_9GAMM	GCF_003019925.1_WP_162185254.1	28.205	81	86	96	78	51	2	2	79	10	82	4.47e-25	94.4
tr|A0A0B7JK74|A0A0B7JK74_9GAMM	GCF_000772105.1_WP_004748349.1	41.250	81	81	99	80	47	0	1	80	1	80	4.50e-25	94.4
tr|A0A0B7JK74|A0A0B7JK74_9GAMM	GCF_004124235.1_WP_025377303.1	26.923	81	86	96	78	52	2	2	79	10	82	4.50e-25	94.4
tr|A0A0B7JK74|A0A0B7JK74_9GAMM	GCF_000026185.1_WP_012440659.1	24.359	81	87	96	78	54	2	2	79	10	82	4.85e-25	94.4
tr|A0A0B7JK74|A0A0B7JK74_9GAMM	GCF_022637595.1_WP_004858152.1	28.205	81	86	96	78	51	2	2	79	10	82	5.07e-25	94.4
tr|A0A0B7JK74|A0A0B7JK74_9GAMM	GCF_022637475.1_WP_013574214.1	24.359	81	86	96	78	54	2	2	79	10	82	5.28e-25	94.4
tr|A0A0B7JK74|A0A0B7JK74_9GAMM	GCF_015139575.1_WP_004098776.1	26.923	81	86	96	78	52	2	2	79	10	82	5.45e-25	94.4
tr|A0A0B7JK74|A0A0B7JK74_9GAMM	GCF_002101395.1_WP_085067900.1	21.795	81	87	96	78	56	2	2	79	10	82	5.46e-25	94.4
tr|A0A0B7JK74|A0A0B7JK74_9GAMM	GCF_000233595.1_WP_013024706.1	23.077	81	86	96	78	55	2	2	79	10	82	5.49e-25	94.4
tr|A0A0B7JK74|A0A0B7JK74_9GAMM	GCF_002021755.1_WP_005434844.1	40.000	81	81	99	80	48	0	1	80	1	80	5.76e-25	94.1
tr|A0A0B7JK74|A0A0B7JK74_9GAMM	GCF_011068345.1_WP_002436992.1	26.923	81	86	96	78	52	2	2	79	10	82	6.04e-25	94.1
tr|A0A0B7JK74|A0A0B7JK74_9GAMM	GCF_013282725.1_WP_032813813.1	25.641	81	86	96	78	53	2	2	79	10	82	6.24e-25	94.1
tr|A0A0B7JK74|A0A0B7JK74_9GAMM	GCF_000222975.1_WP_002218374.1	26.923	81	86	96	78	52	2	2	79	10	82	6.44e-25	94.1
tr|A0A0B7JK74|A0A0B7JK74_9GAMM	GCF_019670485.1_WP_221071211.1	40.000	81	81	99	80	48	0	1	80	1	80	7.08e-25	93.8
tr|A0A0B7JK74|A0A0B7JK74_9GAMM	GCF_019669905.1_WP_054759186.1	34.177	81	79	98	79	48	1	2	80	5	79	7.23e-25	93.8
tr|A0A0B7JK74|A0A0B7JK74_9GAMM	GCF_023517775.1_WP_249893541.1	21.795	81	87	96	78	56	2	2	79	10	82	8.06e-25	93.8
tr|A0A0B7JK74|A0A0B7JK74_9GAMM	GCF_011617105.1_WP_025800203.1	24.675	81	86	95	77	53	2	2	78	10	81	8.24e-25	93.8
tr|A0A0B7JK74|A0A0B7JK74_9GAMM	GCF_005877035.1_WP_039486662.1	49.383	81	83	100	81	41	0	1	81	1	81	8.32e-25	93.8
tr|A0A0B7JK74|A0A0B7JK74_9GAMM	GCF_002355475.1_WP_003455993.1	26.923	81	90	96	78	57	0	3	80	6	83	8.44e-25	93.8
tr|A0A0B7JK74|A0A0B7JK74_9GAMM	GCF_019890955.1_WP_211725887.1	23.077	81	87	96	78	55	2	2	79	10	82	8.66e-25	93.8
tr|A0A0B7JK74|A0A0B7JK74_9GAMM	GCF_000834455.1_WP_032817050.1	26.923	81	86	96	78	52	2	2	79	10	82	1.02e-24	93.5
tr|A0A0B7JK74|A0A0B7JK74_9GAMM	GCF_003258315.1_WP_111337788.1	28.750	81	88	99	80	57	0	1	80	5	84	1.05e-24	93.5
tr|A0A0B7JK74|A0A0B7JK74_9GAMM	GCF_024360925.2_WP_255188929.1	36.709	81	83	98	79	49	1	2	80	6	83	1.30e-24	93.2
tr|A0A0B7JK74|A0A0B7JK74_9GAMM	GCF_009914055.1_WP_160619715.1	23.077	81	87	96	78	55	2	2	79	10	82	1.33e-24	93.2
tr|A0A0B7JK74|A0A0B7JK74_9GAMM	GCF_009363415.1_WP_152430616.1	41.975	81	84	100	81	47	0	1	81	1	81	1.69e-24	92.9
tr|A0A0B7JK74|A0A0B7JK74_9GAMM	GCF_000010085.1_WP_011411656.1	26.923	81	86	96	78	52	2	2	79	10	82	1.71e-24	92.9
tr|A0A0B7JK74|A0A0B7JK74_9GAMM	GCF_012427845.1_WP_012773648.1	20.513	81	86	96	78	57	2	2	79	10	82	1.77e-24	92.9
tr|A0A0B7JK74|A0A0B7JK74_9GAMM	GCF_009730055.1_WP_032906500.1	26.923	81	86	96	78	52	2	2	79	10	82	2.07e-24	92.7
tr|A0A0B7JK74|A0A0B7JK74_9GAMM	GCF_000517425.1_WP_025421126.1	26.923	81	86	96	78	52	2	2	79	10	82	2.09e-24	92.7
tr|A0A0B7JK74|A0A0B7JK74_9GAMM	GCF_019797845.1_WP_222158377.1	23.077	81	86	96	78	55	2	2	79	10	82	2.21e-24	92.7
tr|A0A0B7JK74|A0A0B7JK74_9GAMM	GCF_000148645.1_WP_013347076.1	42.308	81	80	96	78	45	0	4	81	3	80	2.22e-24	92.7
tr|A0A0B7JK74|A0A0B7JK74_9GAMM	GCF_900095885.1_WP_035340381.1	25.641	81	86	96	78	53	2	2	79	10	82	2.39e-24	92.7
tr|A0A0B7JK74|A0A0B7JK74_9GAMM	GCF_002288545.1_WP_029367608.1	20.513	81	86	96	78	57	2	2	79	10	82	2.47e-24	92.7
tr|A0A0B7JK74|A0A0B7JK74_9GAMM	GCF_000025065.1_WP_012883679.1	24.359	81	86	96	78	54	2	2	79	10	82	2.49e-24	92.7
tr|A0A0B7JK74|A0A0B7JK74_9GAMM	GCF_011044475.1_WP_033740322.1	23.077	81	86	96	78	55	2	2	79	10	82	2.80e-24	92.4
tr|A0A0B7JK74|A0A0B7JK74_9GAMM	GCF_025133195.1_WP_032910235.1	26.923	81	86	96	78	52	2	2	79	10	82	2.84e-24	92.4
tr|A0A0B7JK74|A0A0B7JK74_9GAMM	GCF_020683125.1_WP_133842177.1	24.359	81	88	96	78	54	2	2	79	11	83	3.00e-24	92.4
tr|A0A0B7JK74|A0A0B7JK74_9GAMM	GCF_021029445.1_WP_230924827.1	29.487	81	89	96	78	54	1	3	80	8	84	3.05e-24	92.4
tr|A0A0B7JK74|A0A0B7JK74_9GAMM	GCF_000238395.3_WP_010553578.1	48.750	81	83	99	80	41	0	1	80	1	80	3.11e-24	92.4
tr|A0A0B7JK74|A0A0B7JK74_9GAMM	GCF_000264765.2_WP_034163237.1	25.316	81	86	98	79	54	2	2	80	10	83	3.28e-24	92.4
tr|A0A0B7JK74|A0A0B7JK74_9GAMM	GCF_003668795.1_WP_054981706.1	41.250	81	83	99	80	47	0	1	80	1	80	3.40e-24	92.1
tr|A0A0B7JK74|A0A0B7JK74_9GAMM	GCF_014524625.1_WP_009050814.1	29.487	81	92	96	78	55	0	3	80	8	85	3.74e-24	92.4
tr|A0A0B7JK74|A0A0B7JK74_9GAMM	GCF_024347675.1_WP_261835500.1	37.037	81	81	100	81	51	0	1	81	1	81	3.82e-24	92.1
tr|A0A0B7JK74|A0A0B7JK74_9GAMM	GCF_008807375.1_WP_151133519.1	26.923	81	90	96	78	57	0	3	80	6	83	3.88e-24	92.1
tr|A0A0B7JK74|A0A0B7JK74_9GAMM	GCF_007858975.2_WP_042869176.1	23.077	81	86	96	78	55	2	2	79	10	82	4.58e-24	91.8
tr|A0A0B7JK74|A0A0B7JK74_9GAMM	GCF_001999225.1_WP_077537996.1	46.250	81	82	99	80	43	0	1	80	1	80	4.85e-24	91.8
tr|A0A0B7JK74|A0A0B7JK74_9GAMM	GCF_019844095.1_WP_062747070.1	24.359	81	88	96	78	54	2	2	79	11	83	4.86e-24	91.8
tr|A0A0B7JK74|A0A0B7JK74_9GAMM	GCF_000520015.2_WP_024910172.1	30.769	81	87	96	78	49	2	2	79	10	82	5.17e-24	91.8
tr|A0A0B7JK74|A0A0B7JK74_9GAMM	GCF_009873295.1_WP_039312412.1	20.513	81	86	96	78	57	2	2	79	10	82	5.41e-24	91.8
tr|A0A0B7JK74|A0A0B7JK74_9GAMM	GCF_020181655.1_WP_225087160.1	19.231	81	86	96	78	58	2	2	79	10	82	5.50e-24	91.8
tr|A0A0B7JK74|A0A0B7JK74_9GAMM	GCF_020150375.1_WP_004094310.1	24.675	81	86	95	77	53	2	2	78	10	81	5.59e-24	91.8
tr|A0A0B7JK74|A0A0B7JK74_9GAMM	GCF_000019525.1_WP_012323084.1	32.500	81	81	99	80	54	0	1	80	1	80	5.63e-24	91.5
tr|A0A0B7JK74|A0A0B7JK74_9GAMM	GCF_002221525.1_WP_089349457.1	41.250	81	83	99	80	47	0	1	80	1	80	5.78e-24	91.5
tr|A0A0B7JK74|A0A0B7JK74_9GAMM	GCF_022647505.1_WP_128179458.1	20.513	81	87	96	78	57	2	2	79	10	82	6.26e-24	91.5
tr|A0A0B7JK74|A0A0B7JK74_9GAMM	GCF_000023565.1_WP_012770818.1	23.077	81	86	96	78	55	2	2	79	10	82	6.60e-24	91.5
tr|A0A0B7JK74|A0A0B7JK74_9GAMM	GCF_021733145.1_WP_012847629.1	26.582	81	86	98	79	53	2	2	80	10	83	6.82e-24	91.5
tr|A0A0B7JK74|A0A0B7JK74_9GAMM	GCF_005484945.1_WP_137712817.1	20.513	81	86	96	78	57	2	2	79	10	82	7.15e-24	91.5
tr|A0A0B7JK74|A0A0B7JK74_9GAMM	GCF_002005305.1_WP_077753428.1	25.926	81	86	100	81	60	0	1	81	6	86	7.38e-24	91.3
tr|A0A0B7JK74|A0A0B7JK74_9GAMM	GCF_017498685.1_WP_038245151.1	25.641	81	86	96	78	53	2	2	79	10	82	7.80e-24	91.3
tr|A0A0B7JK74|A0A0B7JK74_9GAMM	GCF_019977755.1_WP_126608378.1	37.209	81	103	99	86	48	1	1	80	15	100	8.20e-24	91.5
tr|A0A0B7JK74|A0A0B7JK74_9GAMM	GCF_000968535.2_WP_014147785.1	33.750	81	84	99	80	52	1	2	81	6	84	8.76e-24	91.3
tr|A0A0B7JK74|A0A0B7JK74_9GAMM	GCF_020342335.1_WP_067428135.1	23.077	81	87	96	78	55	2	2	79	10	82	9.02e-24	91.3
tr|A0A0B7JK74|A0A0B7JK74_9GAMM	GCF_009931295.1_WP_161528353.1	20.513	81	86	96	78	57	2	2	79	10	82	9.37e-24	91.0
tr|A0A0B7JK74|A0A0B7JK74_9GAMM	GCF_000196615.1_WP_013200864.1	23.077	81	87	96	78	55	2	2	79	10	82	1.04e-23	91.0
tr|A0A0B7JK74|A0A0B7JK74_9GAMM	GCF_002887615.1_WP_038869703.1	37.500	81	81	99	80	50	0	1	80	1	80	1.07e-23	91.0
tr|A0A0B7JK74|A0A0B7JK74_9GAMM	GCF_000740965.1_WP_011092648.1	20.513	81	86	96	78	57	2	2	79	10	82	1.26e-23	90.7
tr|A0A0B7JK74|A0A0B7JK74_9GAMM	GCF_003515985.1_WP_085653101.1	23.077	81	86	96	78	55	2	2	79	10	82	1.33e-23	90.7
tr|A0A0B7JK74|A0A0B7JK74_9GAMM	GCF_016026735.1_WP_015673540.1	30.769	81	87	96	78	49	2	2	79	10	82	1.36e-23	90.7
tr|A0A0B7JK74|A0A0B7JK74_9GAMM	GCF_001642805.2_WP_004931991.1	32.051	81	87	96	78	48	2	2	79	10	82	1.44e-23	90.7
tr|A0A0B7JK74|A0A0B7JK74_9GAMM	GCF_000196475.1_WP_012776850.1	26.250	81	88	99	80	54	2	2	81	10	84	1.78e-23	90.4
tr|A0A0B7JK74|A0A0B7JK74_9GAMM	GCF_013423785.1_WP_180308358.1	27.848	81	88	98	79	56	1	2	80	10	87	1.79e-23	90.4
tr|A0A0B7JK74|A0A0B7JK74_9GAMM	GCF_902387845.1_WP_004237241.1	25.316	81	88	98	79	54	2	2	80	10	83	1.95e-23	90.4
tr|A0A0B7JK74|A0A0B7JK74_9GAMM	GCF_015999465.1_WP_085688159.1	21.795	81	86	96	78	56	2	2	79	10	82	1.99e-23	90.4
tr|A0A0B7JK74|A0A0B7JK74_9GAMM	GCF_021462285.1_WP_234585968.1	30.769	81	87	96	78	49	2	2	79	10	82	2.01e-23	90.4
tr|A0A0B7JK74|A0A0B7JK74_9GAMM	GCF_013460135.1_WP_180816665.1	26.582	81	88	98	79	53	2	2	80	10	83	2.06e-23	90.4
tr|A0A0B7JK74|A0A0B7JK74_9GAMM	GCF_004792415.1_WP_013356856.1	23.077	81	86	96	78	55	2	2	79	10	82	2.16e-23	90.1
tr|A0A0B7JK74|A0A0B7JK74_9GAMM	GCF_017569925.1_WP_208228065.1	21.795	81	86	96	78	56	2	2	79	10	82	2.26e-23	90.1
tr|A0A0B7JK74|A0A0B7JK74_9GAMM	GCF_006364355.1_WP_004727652.1	37.037	81	83	100	81	51	0	1	81	1	81	2.54e-23	89.9
tr|A0A0B7JK74|A0A0B7JK74_9GAMM	GCF_002812485.1_WP_038661467.1	23.077	81	86	96	78	55	2	2	79	10	82	2.69e-23	89.9
tr|A0A0B7JK74|A0A0B7JK74_9GAMM	GCF_001431725.1_WP_021820278.1	38.272	81	81	100	81	50	0	1	81	1	81	2.72e-23	89.9
tr|A0A0B7JK74|A0A0B7JK74_9GAMM	GCF_001742185.1_WP_005975933.1	20.513	81	86	96	78	57	2	2	79	10	82	2.83e-23	89.9
tr|A0A0B7JK74|A0A0B7JK74_9GAMM	GCF_009817885.1_WP_105232289.1	30.769	81	87	96	78	49	2	2	79	10	82	2.85e-23	89.9
tr|A0A0B7JK74|A0A0B7JK74_9GAMM	GCF_000023545.1_WP_015854637.1	20.513	81	86	96	78	57	2	2	79	10	82	2.92e-23	89.9
tr|A0A0B7JK74|A0A0B7JK74_9GAMM	GCF_004768525.1_WP_026822068.1	26.582	81	88	98	79	53	2	2	80	10	83	2.95e-23	89.9
tr|A0A0B7JK74|A0A0B7JK74_9GAMM	GCF_019090985.1_WP_036781226.1	25.000	81	88	99	80	55	2	2	81	10	84	3.30e-23	89.9
tr|A0A0B7JK74|A0A0B7JK74_9GAMM	GCF_008931805.1_WP_019441510.1	42.500	81	81	99	80	46	0	1	80	1	80	3.45e-23	89.6
tr|A0A0B7JK74|A0A0B7JK74_9GAMM	GCF_000262305.1_WP_002441069.1	26.923	81	86	96	78	52	2	2	79	10	82	3.62e-23	89.6
tr|A0A0B7JK74|A0A0B7JK74_9GAMM	GCF_024346675.1_WP_048897676.1	26.582	81	86	98	79	58	0	2	80	8	86	3.67e-23	89.6
tr|A0A0B7JK74|A0A0B7JK74_9GAMM	GCF_005931095.1_WP_017839868.1	33.750	81	84	99	80	52	1	2	81	6	84	3.72e-23	89.6
tr|A0A0B7JK74|A0A0B7JK74_9GAMM	GCF_900187015.1_WP_061796701.1	29.487	81	87	96	78	50	2	2	79	10	82	4.28e-23	89.6
tr|A0A0B7JK74|A0A0B7JK74_9GAMM	GCF_020268605.1_WP_180560445.1	26.582	81	88	98	79	53	2	2	80	10	83	4.53e-23	89.3
tr|A0A0B7JK74|A0A0B7JK74_9GAMM	GCF_002291445.1_WP_048635886.1	21.795	81	86	96	78	56	2	2	79	10	82	4.89e-23	89.3
tr|A0A0B7JK74|A0A0B7JK74_9GAMM	GCF_001010285.1_WP_046974061.1	23.750	81	88	99	80	56	2	2	81	10	84	5.75e-23	89.0
tr|A0A0B7JK74|A0A0B7JK74_9GAMM	GCF_000091565.1_WP_004159420.1	23.077	81	87	96	78	55	2	2	79	10	82	6.17e-23	89.0
tr|A0A0B7JK74|A0A0B7JK74_9GAMM	GCF_000147055.1_WP_022632468.1	23.077	81	86	96	78	55	2	2	79	10	82	6.25e-23	89.0
tr|A0A0B7JK74|A0A0B7JK74_9GAMM	GCF_003992745.1_WP_014700896.1	21.795	81	86	96	78	56	2	2	79	10	82	6.41e-23	89.0
tr|A0A0B7JK74|A0A0B7JK74_9GAMM	GCF_000014885.1_WP_020912292.1	21.519	81	87	98	79	62	0	2	80	7	85	7.23e-23	89.0
tr|A0A0B7JK74|A0A0B7JK74_9GAMM	GCF_000214235.1_WP_004952197.1	23.077	81	85	96	78	55	2	2	79	8	80	7.62e-23	88.7
tr|A0A0B7JK74|A0A0B7JK74_9GAMM	GCF_003403135.1_WP_024104894.1	23.077	81	86	96	78	55	2	2	79	10	82	8.39e-23	88.7
tr|A0A0B7JK74|A0A0B7JK74_9GAMM	GCF_001455205.1_WP_062560013.1	32.500	81	84	99	80	53	1	2	81	6	84	8.50e-23	88.7
tr|A0A0B7JK74|A0A0B7JK74_9GAMM	GCF_002157895.1_WP_227874980.1	50.000	81	82	99	80	40	0	1	80	2	81	8.68e-23	88.4
tr|A0A0B7JK74|A0A0B7JK74_9GAMM	GCF_000196155.1_WP_011145066.1	25.000	81	88	99	80	55	2	2	81	10	84	8.70e-23	88.7
tr|A0A0B7JK74|A0A0B7JK74_9GAMM	GCF_002504285.1_WP_005282992.1	24.051	81	86	98	79	55	2	2	80	10	83	8.80e-23	88.7
tr|A0A0B7JK74|A0A0B7JK74_9GAMM	GCF_000146165.2_WP_164925808.1	20.988	81	89	99	81	63	1	1	80	6	86	9.66e-23	88.7
tr|A0A0B7JK74|A0A0B7JK74_9GAMM	GCF_019048385.1_WP_062759648.1	23.077	81	86	96	78	55	2	2	79	10	82	1.14e-22	88.4
tr|A0A0B7JK74|A0A0B7JK74_9GAMM	GCF_000014765.1_WP_011633385.1	35.443	81	89	98	79	51	0	2	80	5	83	1.25e-22	88.4
tr|A0A0B7JK74|A0A0B7JK74_9GAMM	GCF_012295615.1_WP_007018284.1	40.741	81	81	100	81	48	0	1	81	1	81	1.51e-22	87.9
tr|A0A0B7JK74|A0A0B7JK74_9GAMM	GCF_001006005.1_WP_223499701.1	24.359	81	85	96	78	54	2	2	79	8	80	1.61e-22	87.9
tr|A0A0B7JK74|A0A0B7JK74_9GAMM	GCF_000968195.1_WP_045972480.1	26.250	81	87	99	80	54	2	2	81	11	85	1.65e-22	87.9
tr|A0A0B7JK74|A0A0B7JK74_9GAMM	GCF_000261045.2_WP_006318653.1	23.077	81	87	96	78	55	2	2	79	10	82	1.76e-22	87.9
tr|A0A0B7JK74|A0A0B7JK74_9GAMM	GCF_000517405.1_WP_038469034.1	25.641	81	83	96	78	53	2	2	79	7	79	1.85e-22	87.9
tr|A0A0B7JK74|A0A0B7JK74_9GAMM	GCF_008364325.2_WP_230090436.1	23.077	81	85	96	78	55	2	2	79	8	80	2.01e-22	87.6
tr|A0A0B7JK74|A0A0B7JK74_9GAMM	GCF_009646115.1_WP_008925644.1	23.077	81	86	96	78	55	2	2	79	10	82	2.27e-22	87.6
tr|A0A0B7JK74|A0A0B7JK74_9GAMM	GCF_029457395.1_WP_024766443.1	23.457	81	92	95	81	58	2	4	80	9	89	2.29e-22	87.6
tr|A0A0B7JK74|A0A0B7JK74_9GAMM	GCF_008033135.1_WP_148717358.1	23.750	81	87	99	80	60	1	2	81	7	85	2.88e-22	87.3
tr|A0A0B7JK74|A0A0B7JK74_9GAMM	GCF_900638135.1_WP_012146468.1	23.077	81	87	96	78	55	2	2	79	10	82	3.24e-22	87.3
tr|A0A0B7JK74|A0A0B7JK74_9GAMM	GCF_011045835.1_WP_075671674.1	30.000	81	86	99	80	51	2	2	81	10	84	3.56e-22	87.0
tr|A0A0B7JK74|A0A0B7JK74_9GAMM	GCF_009831665.3_WP_006709226.1	24.359	81	87	96	78	54	2	2	79	10	82	3.71e-22	87.0
tr|A0A0B7JK74|A0A0B7JK74_9GAMM	GCF_000016065.1_WP_011864074.1	20.000	81	93	99	80	63	1	1	80	6	84	3.88e-22	87.0
tr|A0A0B7JK74|A0A0B7JK74_9GAMM	GCF_012971725.1_WP_169940133.1	23.457	81	92	95	81	58	2	4	80	9	89	4.33e-22	87.0
tr|A0A0B7JK74|A0A0B7JK74_9GAMM	GCF_016026395.1_WP_024524235.1	25.316	81	86	98	79	54	2	2	80	10	83	4.52e-22	86.8
tr|A0A0B7JK74|A0A0B7JK74_9GAMM	GCF_022592395.1_WP_047255099.1	24.051	81	87	98	79	55	2	2	80	10	83	4.57e-22	86.8
tr|A0A0B7JK74|A0A0B7JK74_9GAMM	GCF_005484965.1_WP_009114129.1	19.231	81	86	96	78	58	2	2	79	10	82	5.22e-22	86.8
tr|A0A0B7JK74|A0A0B7JK74_9GAMM	GCF_022369495.1_WP_072064250.1	30.000	81	86	99	80	51	2	2	81	10	84	6.78e-22	86.5
tr|A0A0B7JK74|A0A0B7JK74_9GAMM	GCF_002291425.1_WP_095847471.1	29.487	81	87	96	78	50	2	2	79	10	82	7.01e-22	86.5
tr|A0A0B7JK74|A0A0B7JK74_9GAMM	GCF_017348915.1_WP_040077077.1	28.205	81	86	96	78	51	2	2	79	10	82	7.70e-22	86.2
tr|A0A0B7JK74|A0A0B7JK74_9GAMM	GCF_022647325.1_WP_111140597.1	23.077	81	86	96	78	55	2	2	79	10	82	8.74e-22	86.2
tr|A0A0B7JK74|A0A0B7JK74_9GAMM	GCF_000968175.1_WP_045959360.1	26.250	81	88	99	80	54	2	2	81	11	85	9.28e-22	86.2
tr|A0A0B7JK74|A0A0B7JK74_9GAMM	GCF_000069965.1_WP_004245453.1	26.250	81	86	99	80	54	2	2	81	10	84	9.62e-22	85.9
tr|A0A0B7JK74|A0A0B7JK74_9GAMM	GCF_002849875.1_WP_232379112.1	39.024	81	113	98	82	47	1	2	80	32	113	1.20e-21	86.2
tr|A0A0B7JK74|A0A0B7JK74_9GAMM	GCF_003074995.2_WP_015870269.1	26.582	81	86	98	79	53	2	2	80	10	83	1.30e-21	85.6
tr|A0A0B7JK74|A0A0B7JK74_9GAMM	GCF_019797925.1_WP_193521737.1	39.506	81	80	100	81	48	1	1	81	1	80	1.38e-21	85.4
tr|A0A0B7JK74|A0A0B7JK74_9GAMM	GCF_029277985.1_WP_154623766.1	25.641	81	87	96	78	53	2	2	79	10	82	1.58e-21	85.4
tr|A0A0B7JK74|A0A0B7JK74_9GAMM	GCF_019047765.1_WP_040230035.1	28.205	81	86	96	78	51	2	2	79	10	82	1.68e-21	85.4
tr|A0A0B7JK74|A0A0B7JK74_9GAMM	GCF_024746855.1_WP_260492542.1	38.750	81	79	99	80	48	1	1	80	1	79	1.89e-21	85.1
tr|A0A0B7JK74|A0A0B7JK74_9GAMM	GCF_014295015.1_WP_013185414.1	22.500	81	87	99	80	57	2	2	81	11	85	2.08e-21	85.1
tr|A0A0B7JK74|A0A0B7JK74_9GAMM	GCF_003025345.2_WP_003155955.1	23.529	81	91	99	85	60	1	2	81	7	91	2.10e-21	85.4
tr|A0A0B7JK74|A0A0B7JK74_9GAMM	GCF_017743015.1_WP_209027287.1	22.500	81	88	99	80	57	2	2	81	10	84	2.15e-21	85.1
tr|A0A0B7JK74|A0A0B7JK74_9GAMM	GCF_025946765.1_WP_264497926.1	21.795	81	86	96	78	56	2	2	79	10	82	2.54e-21	84.8
tr|A0A0B7JK74|A0A0B7JK74_9GAMM	GCF_004295645.1_WP_228350951.1	24.051	81	88	98	79	55	2	2	80	11	84	2.63e-21	84.8
tr|A0A0B7JK74|A0A0B7JK74_9GAMM	GCF_020541225.1_WP_226811316.1	26.923	81	86	96	78	52	2	2	79	10	82	3.51e-21	84.5
tr|A0A0B7JK74|A0A0B7JK74_9GAMM	GCF_002952315.1_WP_012667243.1	19.231	81	87	96	78	58	2	2	79	10	82	3.55e-21	84.5
tr|A0A0B7JK74|A0A0B7JK74_9GAMM	GCF_008632455.1_WP_150048082.1	35.443	81	84	98	79	50	1	2	80	6	83	3.79e-21	84.5
tr|A0A0B7JK74|A0A0B7JK74_9GAMM	GCF_003096015.2_WP_230514010.1	25.316	81	88	98	79	54	2	2	80	11	84	4.07e-21	84.5
tr|A0A0B7JK74|A0A0B7JK74_9GAMM	GCF_003204135.1_WP_004908806.1	28.205	81	87	96	78	51	2	2	79	10	82	7.72e-21	83.7
tr|A0A0B7JK74|A0A0B7JK74_9GAMM	GCF_021365465.1_WP_016190321.1	21.795	81	87	96	78	56	2	2	79	10	82	7.85e-21	83.7
tr|A0A0B7JK74|A0A0B7JK74_9GAMM	GCF_004116975.1_WP_064720954.1	26.250	81	86	99	80	54	2	2	81	10	84	8.15e-21	83.7
tr|A0A0B7JK74|A0A0B7JK74_9GAMM	GCF_900478135.1_WP_111739359.1	24.051	81	88	98	79	55	2	2	80	11	84	8.51e-21	83.7
tr|A0A0B7JK74|A0A0B7JK74_9GAMM	GCF_000019185.1_WP_012277931.1	33.000	81	100	100	100	48	1	1	81	1	100	8.74e-21	83.9
tr|A0A0B7JK74|A0A0B7JK74_9GAMM	GCF_900638655.1_WP_047781753.1	24.051	81	88	98	79	55	2	2	80	11	84	9.44e-21	83.4
tr|A0A0B7JK74|A0A0B7JK74_9GAMM	GCF_002843235.3_WP_102139922.1	28.205	81	87	96	78	51	2	2	79	10	82	9.65e-21	83.4
tr|A0A0B7JK74|A0A0B7JK74_9GAMM	GCF_003568825.1_WP_040644076.1	26.506	81	83	99	83	58	1	1	80	1	83	1.12e-20	83.1
tr|A0A0B7JK74|A0A0B7JK74_9GAMM	GCF_900475855.1_WP_068441311.1	25.641	81	87	96	78	53	2	2	79	10	82	1.22e-20	83.1
tr|A0A0B7JK74|A0A0B7JK74_9GAMM	GCF_001721185.1_WP_069317984.1	22.500	81	87	99	80	57	2	2	81	10	84	1.50e-20	83.1
tr|A0A0B7JK74|A0A0B7JK74_9GAMM	GCF_000785705.2_WP_036272019.1	31.646	81	82	98	79	52	2	2	80	6	82	1.52e-20	82.8
tr|A0A0B7JK74|A0A0B7JK74_9GAMM	GCF_002393505.1_WP_006658392.1	30.769	81	87	96	78	49	2	2	79	10	82	1.76e-20	82.8
tr|A0A0B7JK74|A0A0B7JK74_9GAMM	GCF_019703835.1_WP_087020305.1	40.260	81	79	95	77	42	1	4	80	3	75	2.38e-20	82.3
tr|A0A0B7JK74|A0A0B7JK74_9GAMM	GCF_008364325.2_WP_020826409.1	27.848	81	84	98	79	54	1	2	80	7	82	4.24e-20	81.7
tr|A0A0B7JK74|A0A0B7JK74_9GAMM	GCF_005671395.1_WP_138095872.1	22.727	81	86	81	66	50	1	2	67	10	74	7.13e-20	81.1
tr|A0A0B7JK74|A0A0B7JK74_9GAMM	GCF_017638925.1_WP_208844867.1	39.241	81	81	98	79	47	1	1	79	1	78	3.18e-19	79.4
tr|A0A0B7JK74|A0A0B7JK74_9GAMM	GCF_026427595.1_WP_251812951.1	29.630	81	88	95	81	53	3	4	80	7	87	3.67e-19	79.4
tr|A0A0B7JK74|A0A0B7JK74_9GAMM	GCF_003990335.1_WP_127025819.1	28.395	81	91	100	81	57	1	1	81	5	84	9.20e-19	78.6
tr|A0A0B7JK74|A0A0B7JK74_9GAMM	GCF_001677435.1_WP_068615618.1	21.739	81	90	85	69	53	1	2	70	9	76	1.24e-18	78.0
tr|A0A0B7JK74|A0A0B7JK74_9GAMM	GCF_007197555.1_WP_144048375.1	26.437	81	94	100	87	58	2	1	81	6	92	1.64e-18	78.0
tr|A0A0B7JK74|A0A0B7JK74_9GAMM	GCF_004358345.1_WP_121852852.1	27.941	81	76	84	68	49	0	2	69	8	75	1.82e-18	77.5
tr|A0A0B7JK74|A0A0B7JK74_9GAMM	GCF_016026875.1_WP_045525981.1	24.051	81	89	98	79	55	3	2	80	7	80	2.90e-18	77.2
tr|A0A0B7JK74|A0A0B7JK74_9GAMM	GCF_003515105.1_WP_036973086.1	23.881	81	73	83	67	51	0	2	68	6	72	9.62e-18	75.5
tr|A0A0B7JK74|A0A0B7JK74_9GAMM	GCF_020405345.1_WP_017780573.1	24.051	81	89	98	79	55	3	2	80	7	80	1.08e-17	75.8
tr|A0A0B7JK74|A0A0B7JK74_9GAMM	GCF_000018285.1_WP_012155987.1	33.663	81	102	99	101	46	1	1	80	1	101	2.31e-17	75.2
tr|A0A0B7JK74|A0A0B7JK74_9GAMM	GCF_000147355.1_WP_013326989.1	33.333	81	67	81	66	44	0	15	80	1	66	5.19e-17	73.5
tr|A0A0B7JK74|A0A0B7JK74_9GAMM	GCF_020149575.1_WP_224431657.1	23.750	81	85	99	80	56	3	2	81	7	81	8.70e-17	73.3
tr|A0A0B7JK74|A0A0B7JK74_9GAMM	GCF_020423125.1_WP_226170850.1	20.253	81	84	98	79	58	3	2	80	7	80	1.92e-16	72.4
tr|A0A0B7JK74|A0A0B7JK74_9GAMM	GCF_002215215.1_WP_088918776.1	23.750	81	101	99	80	60	1	2	81	20	98	2.85e-16	72.4
tr|A0A0B7JK74|A0A0B7JK74_9GAMM	GCF_028355655.1_WP_087756847.1	21.519	81	84	98	79	57	3	2	80	7	80	2.95e-16	71.8
tr|A0A0B7JK74|A0A0B7JK74_9GAMM	GCF_900637545.1_WP_042651794.1	21.519	81	84	98	79	57	3	2	80	7	80	4.35e-16	71.6
tr|A0A0B7JK74|A0A0B7JK74_9GAMM	GCF_020991025.1_WP_152109250.1	28.788	81	83	81	66	47	0	2	67	8	73	4.75e-16	71.3
tr|A0A0B7JK74|A0A0B7JK74_9GAMM	GCF_003855395.1_WP_124730567.1	37.349	81	88	98	83	48	2	2	80	4	86	1.67e-15	70.2
tr|A0A0B7JK74|A0A0B7JK74_9GAMM	GCF_000788395.1_WP_038641921.1	27.160	81	85	99	81	57	2	2	81	5	84	2.00e-15	69.9
tr|A0A0B7JK74|A0A0B7JK74_9GAMM	GCF_008693705.1_WP_127008315.1	21.519	81	84	98	79	57	3	2	80	7	80	2.62e-15	69.6
tr|A0A0B7JK74|A0A0B7JK74_9GAMM	GCF_010093065.1_WP_238430213.1	15.942	81	83	81	69	52	2	2	67	11	76	2.88e-15	69.3
tr|A0A0B7JK74|A0A0B7JK74_9GAMM	GCF_014169735.1_WP_134997272.1	18.987	81	86	98	79	59	3	2	80	7	80	2.89e-15	69.6
tr|A0A0B7JK74|A0A0B7JK74_9GAMM	GCF_002157225.2_WP_086934278.1	29.167	81	80	89	72	50	1	1	72	4	74	3.23e-15	69.3
tr|A0A0B7JK74|A0A0B7JK74_9GAMM	GCF_015209785.1_WP_193988300.1	21.875	81	73	79	64	50	0	2	65	6	69	3.93e-15	69.0
tr|A0A0B7JK74|A0A0B7JK74_9GAMM	GCF_000014705.1_WP_011637758.1	32.530	81	88	98	83	52	2	2	80	4	86	5.09e-15	68.8
tr|A0A0B7JK74|A0A0B7JK74_9GAMM	GCF_020511155.1_WP_226415657.1	29.762	81	87	99	84	55	2	1	80	4	87	5.50e-15	68.8
tr|A0A0B7JK74|A0A0B7JK74_9GAMM	GCF_003015165.1_WP_106887831.1	20.253	81	84	98	79	58	3	2	80	7	80	1.42e-14	67.6
tr|A0A0B7JK74|A0A0B7JK74_9GAMM	GCF_003063625.1_WP_108601906.1	29.167	81	85	89	72	50	1	1	72	4	74	1.45e-14	67.6
tr|A0A0B7JK74|A0A0B7JK74_9GAMM	GCF_016026615.1_WP_197928313.1	20.253	81	89	98	79	58	3	2	80	7	80	1.66e-14	67.6
tr|A0A0B7JK74|A0A0B7JK74_9GAMM	GCF_003966655.1_WP_113527441.1	24.286	81	77	86	70	52	1	2	71	8	76	2.43e-14	67.1
tr|A0A0B7JK74|A0A0B7JK74_9GAMM	GCF_016127195.1_WP_042032742.1	21.795	81	89	96	78	56	3	2	79	7	79	2.76e-14	67.1
tr|A0A0B7JK74|A0A0B7JK74_9GAMM	GCF_001596155.1_WP_068342236.1	20.779	81	90	91	77	54	4	2	75	8	80	2.79e-14	67.1
tr|A0A0B7JK74|A0A0B7JK74_9GAMM	GCF_001020955.1_WP_047250467.1	19.718	81	82	84	71	54	1	2	69	10	80	6.12e-14	65.9
tr|A0A0B7JK74|A0A0B7JK74_9GAMM	GCF_002218045.2_WP_089137819.1	24.638	81	79	81	69	49	1	2	67	9	77	6.71e-14	65.9
tr|A0A0B7JK74|A0A0B7JK74_9GAMM	GCF_001507645.1_WP_068195976.1	15.789	81	90	90	76	58	2	2	74	8	80	8.08e-14	65.9
tr|A0A0B7JK74|A0A0B7JK74_9GAMM	GCF_013462805.1_WP_009566961.1	24.286	81	77	86	70	52	1	2	71	8	76	9.00e-14	65.4
tr|A0A0B7JK74|A0A0B7JK74_9GAMM	GCF_010093065.1_WP_162331416.1	17.105	81	84	90	76	57	3	2	74	11	83	1.82e-13	64.8
tr|A0A0B7JK74|A0A0B7JK74_9GAMM	GCF_020844025.1_WP_215848879.1	25.352	81	77	88	71	52	1	2	72	8	77	2.28e-13	64.5
tr|A0A0B7JK74|A0A0B7JK74_9GAMM	GCF_006337165.1_WP_139515111.1	21.127	81	82	81	71	47	3	2	67	8	74	2.79e-13	64.3
tr|A0A0B7JK74|A0A0B7JK74_9GAMM	GCF_013137895.1_WP_135435790.1	19.718	81	83	81	71	48	3	2	67	9	75	3.14e-13	64.3
tr|A0A0B7JK74|A0A0B7JK74_9GAMM	GCF_003584645.1_WP_197716612.1	19.737	81	80	89	76	53	3	2	73	8	79	3.31e-13	64.3
tr|A0A0B7JK74|A0A0B7JK74_9GAMM	GCF_000940995.1_WP_082060442.1	21.429	81	93	86	70	55	0	10	79	16	85	4.61e-13	64.0
tr|A0A0B7JK74|A0A0B7JK74_9GAMM	GCF_004355185.1_WP_133271280.1	19.718	81	81	81	71	48	3	2	67	7	73	5.17e-13	63.7
tr|A0A0B7JK74|A0A0B7JK74_9GAMM	GCF_000026085.1_WP_041454550.1	20.896	81	73	81	67	51	2	2	67	6	71	5.28e-13	63.4
tr|A0A0B7JK74|A0A0B7JK74_9GAMM	GCF_002762215.1_WP_085750011.1	15.714	81	87	83	70	53	3	2	68	9	75	5.32e-13	63.7
tr|A0A0B7JK74|A0A0B7JK74_9GAMM	GCF_027625995.1_WP_270126807.1	21.127	81	82	81	71	47	3	2	67	8	74	5.39e-13	63.7
tr|A0A0B7JK74|A0A0B7JK74_9GAMM	GCF_004028275.1_WP_128384077.1	24.324	81	77	86	74	51	3	2	71	3	75	5.59e-13	63.4
tr|A0A0B7JK74|A0A0B7JK74_9GAMM	GCF_000576555.1_WP_044000633.1	22.535	81	83	81	71	46	3	2	67	9	75	6.12e-13	63.4
tr|A0A0B7JK74|A0A0B7JK74_9GAMM	GCF_013283835.1_WP_071626507.1	21.127	81	83	84	71	49	3	2	69	8	74	7.00e-13	63.4
tr|A0A0B7JK74|A0A0B7JK74_9GAMM	GCF_902810445.1_WP_197744199.1	24.658	81	78	85	73	47	4	2	70	7	75	9.98e-13	62.8
tr|A0A0B7JK74|A0A0B7JK74_9GAMM	GCF_001651805.1_WP_067384150.1	22.059	81	78	79	68	49	2	2	65	7	74	9.98e-13	62.8
tr|A0A0B7JK74|A0A0B7JK74_9GAMM	GCF_003970675.1_WP_126615366.1	19.697	81	76	81	66	48	3	2	67	13	73	1.01e-12	62.8
tr|A0A0B7JK74|A0A0B7JK74_9GAMM	GCF_013177675.1_WP_172128285.1	20.270	81	81	88	74	52	3	2	72	8	77	1.07e-12	62.8
tr|A0A0B7JK74|A0A0B7JK74_9GAMM	GCF_018736065.1_WP_144074266.1	20.588	81	76	84	68	49	3	2	69	13	75	1.18e-12	62.6
tr|A0A0B7JK74|A0A0B7JK74_9GAMM	GCF_000013765.1_WP_011496543.1	22.892	81	106	98	83	60	2	2	80	23	105	1.36e-12	63.1
tr|A0A0B7JK74|A0A0B7JK74_9GAMM	GCF_017742995.1_WP_247749573.1	37.209	81	48	53	43	27	0	1	43	1	43	1.48e-12	62.0
tr|A0A0B7JK74|A0A0B7JK74_9GAMM	GCF_009662475.1_WP_031573754.1	24.658	81	79	90	73	54	1	2	74	8	79	1.98e-12	62.0
tr|A0A0B7JK74|A0A0B7JK74_9GAMM	GCF_023650495.1_WP_250655372.1	28.235	81	88	100	85	57	2	1	81	4	88	2.15e-12	62.3
tr|A0A0B7JK74|A0A0B7JK74_9GAMM	GCF_001444405.1_WP_058032142.1	29.577	81	87	88	71	50	0	1	71	1	71	2.77e-12	62.0
tr|A0A0B7JK74|A0A0B7JK74_9GAMM	GCF_000024005.1_WP_012793320.1	16.883	81	84	90	77	56	3	2	74	11	83	3.02e-12	61.7
tr|A0A0B7JK74|A0A0B7JK74_9GAMM	GCF_000212735.1_WP_013764159.1	16.883	81	83	90	77	56	3	2	74	10	82	4.25e-12	61.4
tr|A0A0B7JK74|A0A0B7JK74_9GAMM	GCF_006385555.1_WP_140234395.1	27.711	81	87	98	83	56	3	2	80	4	86	4.47e-12	61.4
tr|A0A0B7JK74|A0A0B7JK74_9GAMM	GCF_000012325.1_WP_011045621.1	30.882	81	84	84	68	46	1	2	69	5	71	6.47e-12	60.9
tr|A0A0B7JK74|A0A0B7JK74_9GAMM	GCF_016613475.2_WP_200606805.1	17.143	81	90	83	70	52	2	2	68	11	77	7.56e-12	60.9
tr|A0A0B7JK74|A0A0B7JK74_9GAMM	GCF_001955715.1_WP_029708890.1	20.270	81	80	86	74	51	3	2	71	7	76	7.93e-12	60.6
tr|A0A0B7JK74|A0A0B7JK74_9GAMM	GCF_022827545.1_WP_243798205.1	19.718	81	82	81	71	48	3	2	67	8	74	8.13e-12	60.6
tr|A0A0B7JK74|A0A0B7JK74_9GAMM	GCF_022811645.1_WP_243511723.1	14.493	81	90	81	69	53	2	2	67	8	73	8.52e-12	60.6
tr|A0A0B7JK74|A0A0B7JK74_9GAMM	GCF_008728635.1_WP_151087836.1	17.722	81	90	94	79	58	4	2	77	8	82	9.67e-12	60.6
tr|A0A0B7JK74|A0A0B7JK74_9GAMM	GCF_003149515.1_WP_109656005.1	14.667	81	90	89	75	58	2	2	73	8	79	9.83e-12	60.6
tr|A0A0B7JK74|A0A0B7JK74_9GAMM	GCF_021654855.1_WP_237262080.1	28.986	81	70	80	69	44	2	2	66	3	70	1.11e-11	60.0
tr|A0A0B7JK74|A0A0B7JK74_9GAMM	GCF_003574965.1_WP_119445661.1	22.535	81	82	81	71	46	3	2	67	8	74	1.18e-11	60.3
tr|A0A0B7JK74|A0A0B7JK74_9GAMM	GCF_003955735.1_WP_126127786.1	20.000	81	91	83	70	50	3	2	68	12	78	1.19e-11	60.3
tr|A0A0B7JK74|A0A0B7JK74_9GAMM	GCF_019931735.1_WP_223417223.1	22.619	81	87	99	84	61	2	1	80	3	86	1.21e-11	60.3
tr|A0A0B7JK74|A0A0B7JK74_9GAMM	GCF_002356115.1_WP_096526481.1	22.535	81	78	84	71	49	2	2	69	7	74	1.25e-11	60.0
tr|A0A0B7JK74|A0A0B7JK74_9GAMM	GCF_000801295.1_WP_171816254.1	19.118	81	99	80	68	51	3	2	66	10	76	1.28e-11	60.3
tr|A0A0B7JK74|A0A0B7JK74_9GAMM	GCF_004001245.1_WP_127478562.1	12.500	81	85	84	72	59	2	2	69	10	81	1.48e-11	60.0
tr|A0A0B7JK74|A0A0B7JK74_9GAMM	GCF_003967195.1_WP_172597571.1	21.053	81	83	88	76	54	3	2	72	9	83	1.65e-11	59.8
tr|A0A0B7JK74|A0A0B7JK74_9GAMM	GCF_024347675.1_WP_261833361.1	37.778	81	54	56	45	27	1	1	45	1	44	2.29e-11	58.9
tr|A0A0B7JK74|A0A0B7JK74_9GAMM	GCF_002142475.1_WP_026148861.1	18.056	81	86	84	72	51	3	2	69	7	74	2.54e-11	59.5
tr|A0A0B7JK74|A0A0B7JK74_9GAMM	GCF_003353065.1_WP_114983154.1	16.667	81	84	79	66	50	2	2	65	11	73	3.19e-11	59.2
tr|A0A0B7JK74|A0A0B7JK74_9GAMM	GCF_000021985.1_WP_012639500.1	17.647	81	82	79	68	52	1	2	65	8	75	3.34e-11	58.9
tr|A0A0B7JK74|A0A0B7JK74_9GAMM	GCF_003346815.1_WP_114840342.1	19.178	81	82	86	73	52	3	2	71	8	76	3.39e-11	58.9
tr|A0A0B7JK74|A0A0B7JK74_9GAMM	GCF_013201665.1_WP_128359868.1	20.548	81	81	86	73	51	3	2	71	8	76	3.94e-11	58.9
tr|A0A0B7JK74|A0A0B7JK74_9GAMM	GCF_024347255.1_WP_091360415.1	25.000	81	79	79	68	47	2	2	65	7	74	4.44e-11	58.6
tr|A0A0B7JK74|A0A0B7JK74_9GAMM	GCF_013201725.1_WP_014475480.1	22.535	81	74	84	71	48	3	2	69	8	74	4.92e-11	58.3
tr|A0A0B7JK74|A0A0B7JK74_9GAMM	GCF_000012805.1_WP_011330264.1	20.833	81	85	85	72	51	3	2	70	7	75	5.14e-11	58.6
tr|A0A0B7JK74|A0A0B7JK74_9GAMM	GCF_002557795.1_WP_098194977.1	20.270	81	89	84	74	49	3	2	69	11	80	5.32e-11	58.6
tr|A0A0B7JK74|A0A0B7JK74_9GAMM	GCF_000006765.1_NP_249630.1	28.235	81	108	99	85	56	1	2	81	7	91	5.60e-11	58.9
tr|A0A0B7JK74|A0A0B7JK74_9GAMM	GCF_004798725.1_WP_010811758.1	15.714	81	83	83	70	53	2	2	68	11	77	5.92e-11	58.3
tr|A0A0B7JK74|A0A0B7JK74_9GAMM	GCF_009938015.1_WP_223264517.1	18.571	81	90	81	70	53	2	2	67	10	79	6.04e-11	58.6
tr|A0A0B7JK74|A0A0B7JK74_9GAMM	GCF_002355415.1_WP_148665551.1	12.857	81	87	81	70	56	3	2	67	17	85	7.12e-11	58.3
tr|A0A0B7JK74|A0A0B7JK74_9GAMM	GCF_009755585.1_WP_157030071.1	15.714	81	85	81	70	51	3	2	67	8	73	7.95e-11	58.1
tr|A0A0B7JK74|A0A0B7JK74_9GAMM	GCF_000018105.1_WP_012162738.1	18.310	81	86	83	71	50	3	1	67	6	72	8.14e-11	58.1
tr|A0A0B7JK74|A0A0B7JK74_9GAMM	GCF_013282625.1_WP_173286717.1	17.391	81	67	85	69	53	2	2	70	3	67	9.10e-11	57.8
tr|A0A0B7JK74|A0A0B7JK74_9GAMM	GCF_002355735.1_WP_096359192.1	15.493	81	83	83	71	55	3	2	68	13	82	9.68e-11	57.8
tr|A0A0B7JK74|A0A0B7JK74_9GAMM	GCF_000143085.1_WP_013221711.1	20.833	81	82	85	72	51	3	2	70	7	75	1.06e-10	57.8
tr|A0A0B7JK74|A0A0B7JK74_9GAMM	GCF_008807855.1_WP_063240334.1	18.571	81	83	83	70	51	2	2	68	11	77	1.06e-10	57.8
tr|A0A0B7JK74|A0A0B7JK74_9GAMM	GCF_004421105.1_WP_134356453.1	19.444	81	80	85	72	52	3	2	70	7	75	1.09e-10	57.8
tr|A0A0B7JK74|A0A0B7JK74_9GAMM	GCF_018389385.1_WP_218082190.1	15.278	81	91	85	72	55	2	2	70	21	89	1.42e-10	57.5
tr|A0A0B7JK74|A0A0B7JK74_9GAMM	GCF_024347195.1_WP_271272618.1	26.471	81	77	79	68	45	4	2	65	7	73	1.74e-10	57.2
tr|A0A0B7JK74|A0A0B7JK74_9GAMM	GCF_000238255.3_WP_010559905.1	25.352	81	86	86	71	51	2	2	71	5	74	1.81e-10	57.2
tr|A0A0B7JK74|A0A0B7JK74_9GAMM	GCF_019891175.1_WP_225938383.1	15.714	81	93	83	70	53	2	1	67	14	80	1.94e-10	57.2
tr|A0A0B7JK74|A0A0B7JK74_9GAMM	GCF_020091585.1_WP_224339804.1	15.493	81	82	83	71	52	3	2	68	7	73	2.35e-10	56.9
tr|A0A0B7JK74|A0A0B7JK74_9GAMM	GCF_000092245.1_WP_013136435.1	18.571	81	76	83	70	50	3	2	68	5	70	2.67e-10	56.7
tr|A0A0B7JK74|A0A0B7JK74_9GAMM	GCF_001956695.1_WP_076086034.1	11.268	81	77	83	71	55	3	2	68	5	71	2.78e-10	56.7
tr|A0A0B7JK74|A0A0B7JK74_9GAMM	GCF_000321415.2_WP_015260329.1	10.959	81	93	86	73	62	2	2	71	10	82	2.89e-10	56.9
tr|A0A0B7JK74|A0A0B7JK74_9GAMM	GCF_000014785.1_WP_011630183.1	15.493	81	83	84	71	57	2	2	69	13	83	2.96e-10	56.7
tr|A0A0B7JK74|A0A0B7JK74_9GAMM	GCF_000317125.1_WP_015155280.1	18.310	81	81	83	71	50	4	1	67	6	72	3.47e-10	56.4
tr|A0A0B7JK74|A0A0B7JK74_9GAMM	GCF_013177635.1_WP_129095542.1	20.588	81	72	80	68	47	3	2	66	8	71	4.84e-10	55.8
tr|A0A0B7JK74|A0A0B7JK74_9GAMM	GCF_003346775.1_WP_114843067.1	18.310	81	84	84	71	51	3	2	69	8	74	5.21e-10	56.1
tr|A0A0B7JK74|A0A0B7JK74_9GAMM	GCF_024347275.1_WP_019620968.1	19.481	81	82	89	77	56	4	2	73	7	82	5.59e-10	55.8
tr|A0A0B7JK74|A0A0B7JK74_9GAMM	GCF_013343005.1_WP_078482823.1	16.000	81	84	86	75	57	4	2	71	8	81	7.62e-10	55.5
tr|A0A0B7JK74|A0A0B7JK74_9GAMM	GCF_013283835.1_WP_071625892.1	13.699	81	79	83	73	53	3	2	68	5	73	9.73e-10	55.3
tr|A0A0B7JK74|A0A0B7JK74_9GAMM	GCF_010119975.1_WP_162445115.1	16.000	81	365	88	75	54	4	2	72	14	83	1.06e-09	58.9
tr|A0A0B7JK74|A0A0B7JK74_9GAMM	GCF_023733635.1_WP_039959400.1	18.841	81	89	79	69	50	3	2	65	7	74	1.18e-09	55.3
tr|A0A0B7JK74|A0A0B7JK74_9GAMM	GCF_005166025.1_WP_137090244.1	19.444	81	84	84	72	50	3	2	69	8	75	1.26e-09	55.0
tr|A0A0B7JK74|A0A0B7JK74_9GAMM	GCF_004214795.1_WP_130234502.1	17.143	81	78	83	70	51	3	2	68	8	73	1.35e-09	55.0
tr|A0A0B7JK74|A0A0B7JK74_9GAMM	GCF_013201935.1_WP_129014602.1	20.588	81	72	80	68	47	3	2	66	8	71	1.35e-09	54.7
tr|A0A0B7JK74|A0A0B7JK74_9GAMM	GCF_003544915.1_WP_118918525.1	18.841	81	73	81	69	49	3	2	67	8	72	2.33e-09	54.1
tr|A0A0B7JK74|A0A0B7JK74_9GAMM	GCF_001956695.1_WP_076086043.1	17.808	81	77	86	73	53	3	2	71	7	75	2.80e-09	54.1
tr|A0A0B7JK74|A0A0B7JK74_9GAMM	GCF_001442805.1_WP_057942092.1	14.286	81	88	83	70	54	2	2	68	11	77	3.53e-09	54.1
tr|A0A0B7JK74|A0A0B7JK74_9GAMM	GCF_004293625.1_WP_130538367.1	23.729	81	71	73	59	41	2	2	60	3	57	4.20e-09	53.6
tr|A0A0B7JK74|A0A0B7JK74_9GAMM	GCF_000828615.1_WP_041064380.1	18.056	81	80	83	72	53	4	2	68	10	80	4.40e-09	53.6
tr|A0A0B7JK74|A0A0B7JK74_9GAMM	GCF_000227685.2_WP_006746304.1	12.676	81	83	84	71	59	2	2	69	10	80	4.40e-09	53.6
tr|A0A0B7JK74|A0A0B7JK74_9GAMM	GCF_013201665.1_WP_128358834.1	11.429	81	76	83	70	55	3	2	68	5	70	6.14e-09	53.3
tr|A0A0B7JK74|A0A0B7JK74_9GAMM	GCF_000265295.1_WP_014770430.1	11.940	81	76	83	67	58	1	2	68	5	70	6.38e-09	53.0
tr|A0A0B7JK74|A0A0B7JK74_9GAMM	GCF_009937995.1_WP_179954406.1	21.918	81	79	85	73	53	2	2	70	7	79	9.05e-09	52.7
tr|A0A0B7JK74|A0A0B7JK74_9GAMM	GCF_000024725.1_WP_013031543.1	19.444	81	81	85	72	52	3	2	70	7	75	1.06e-08	52.7
tr|A0A0B7JK74|A0A0B7JK74_9GAMM	GCF_011398355.1_WP_173270160.1	18.750	81	65	79	64	48	2	3	66	4	63	1.06e-08	52.4
tr|A0A0B7JK74|A0A0B7JK74_9GAMM	GCF_013177635.1_WP_129095951.1	12.857	81	76	83	70	54	3	2	68	5	70	1.41e-08	52.2
tr|A0A0B7JK74|A0A0B7JK74_9GAMM	GCF_000222485.1_WP_014022977.1	18.056	81	85	85	72	53	3	2	70	10	78	1.49e-08	52.4
tr|A0A0B7JK74|A0A0B7JK74_9GAMM	GCF_001723605.1_WP_069479051.1	12.857	81	76	83	70	54	3	2	68	5	70	1.69e-08	52.2
tr|A0A0B7JK74|A0A0B7JK74_9GAMM	GCF_013201935.1_WP_128987185.1	12.857	81	76	83	70	54	3	2	68	5	70	1.71e-08	52.2
tr|A0A0B7JK74|A0A0B7JK74_9GAMM	GCF_002309535.1_WP_096047558.1	15.714	81	88	83	70	52	3	2	68	5	70	1.84e-08	52.2
tr|A0A0B7JK74|A0A0B7JK74_9GAMM	GCF_003544815.1_WP_118886031.1	11.429	81	76	83	70	55	3	2	68	5	70	2.02e-08	51.9
tr|A0A0B7JK74|A0A0B7JK74_9GAMM	GCF_024347215.1_WP_261843265.1	22.388	81	77	79	67	49	2	2	65	7	73	2.17e-08	51.9
tr|A0A0B7JK74|A0A0B7JK74_9GAMM	GCF_000317575.1_WP_015193670.1	17.143	81	74	81	70	50	4	2	67	7	72	3.33e-08	51.3
tr|A0A0B7JK74|A0A0B7JK74_9GAMM	GCF_011398155.1_WP_173291533.1	18.310	81	71	86	71	53	3	2	71	3	69	6.24e-08	50.5
tr|A0A0B7JK74|A0A0B7JK74_9GAMM	GCF_011398355.1_WP_173270199.1	15.385	81	66	80	65	51	2	3	67	4	64	6.58e-08	50.5
tr|A0A0B7JK74|A0A0B7JK74_9GAMM	GCF_001050135.1_WP_048644179.1	23.944	81	88	83	71	46	3	2	68	10	76	6.74e-08	50.7
tr|A0A0B7JK74|A0A0B7JK74_9GAMM	GCF_000242635.2_WP_014682426.1	8.824	81	83	80	68	56	2	6	70	11	75	9.24e-08	50.2
tr|A0A0B7JK74|A0A0B7JK74_9GAMM	GCF_003722295.1_WP_010573895.1	15.278	81	75	81	72	51	3	2	67	7	74	9.79e-08	50.2
tr|A0A0B7JK74|A0A0B7JK74_9GAMM	GCF_000265505.1_WP_014796533.1	16.456	81	97	84	79	54	3	2	69	9	86	1.06e-07	50.5
tr|A0A0B7JK74|A0A0B7JK74_9GAMM	GCF_008122265.1_WP_148863603.1	18.310	81	84	83	71	50	3	2	68	7	73	1.13e-07	50.2
tr|A0A0B7JK74|A0A0B7JK74_9GAMM	GCF_000568815.1_WP_025346049.1	11.429	81	76	83	70	55	3	2	68	5	70	1.66e-07	49.6
tr|A0A0B7JK74|A0A0B7JK74_9GAMM	GCF_005281475.1_WP_137401239.1	16.216	81	81	88	74	55	4	2	72	6	75	2.01e-07	49.3
tr|A0A0B7JK74|A0A0B7JK74_9GAMM	GCF_013177675.1_WP_172126669.1	12.857	81	77	83	70	54	3	2	68	5	70	3.86e-07	48.5
tr|A0A0B7JK74|A0A0B7JK74_9GAMM	GCF_003260975.1_WP_112783789.1	12.329	81	81	86	73	57	4	2	71	6	74	1.33e-06	47.4
tr|A0A0B7JK74|A0A0B7JK74_9GAMM	GCF_006575665.1_WP_141613356.1	15.493	81	81	84	71	53	4	2	69	6	72	1.41e-06	47.1
tr|A0A0B7JK74|A0A0B7JK74_9GAMM	GCF_000484535.1_WP_023173213.1	17.391	81	91	84	69	55	2	4	71	24	91	2.11e-06	46.8
tr|A0A0B7JK74|A0A0B7JK74_9GAMM	GCF_018388465.1_WP_208290210.1	11.765	81	316	81	68	58	1	8	73	139	206	4.64e-06	48.8
tr|A0A0B7JK74|A0A0B7JK74_9GAMM	GCF_000325705.1_WP_015264554.1	14.286	81	77	83	70	53	4	2	68	6	71	5.00e-06	45.7
tr|A0A0B7JK74|A0A0B7JK74_9GAMM	GCF_021018745.1_WP_230843504.1	16.667	81	92	80	66	53	2	4	68	24	88	9.00e-06	45.4
tr|A0A0B7JK74|A0A0B7JK74_9GAMM	GCF_003346815.1_WP_114840344.1	14.286	81	84	83	70	53	3	2	68	7	72	1.33e-05	44.8
tr|A0A0B7JK74|A0A0B7JK74_9GAMM	GCF_000011385.1_WP_011141833.1	16.667	81	92	80	66	53	2	4	68	24	88	3.22e-05	44.0
tr|A0A0B7JK74|A0A0B7JK74_9GAMM	GCF_001705075.2_WP_065970077.1	15.385	81	78	77	65	52	1	2	63	8	72	7.16e-05	42.9
tr|A0A0B7JK74|A0A0B7JK74_9GAMM	GCF_001027285.1_WP_047859305.1	23.077	81	80	48	39	30	0	4	42	12	50	4.05e-04	40.9
tr|A0A0B7JK74|A0A0B7JK74_9GAMM	GCF_011764585.1_WP_188200227.1	12.281	81	63	64	57	44	3	15	66	2	57	7.16e-04	40.1
tr|A0A0B7JK74|A0A0B7JK74_9GAMM	GCF_003143555.1_WP_109340539.1	19.178	81	84	88	73	57	1	4	74	5	77	0.005	38.1

Search has CONVERGED!
# BLAST processed 13 queries
