# PSIBLAST 2.13.0+
# Iteration: 1
# Query: tr|A0A063KWA5|Release 2019_11/2019_11|11-Dec-2019
# Database: db/chosen-bacteria_proteome_exDup
# Fields: query id, subject id, % identity, query length, subject length, % query coverage per subject, alignment length, mismatches, gap opens, q. start, q. end, s. start, s. end, evalue, bit score
# 202 hits found
tr|A0A063KWA5|Release	GCF_005877035.1_WP_039486662.1	97.590	83	83	100	83	2	0	1	83	1	83	1.37e-54	169
tr|A0A063KWA5|Release	GCF_000238395.3_WP_010553578.1	97.590	83	83	100	83	2	0	1	83	1	83	3.64e-54	168
tr|A0A063KWA5|Release	GCF_004328865.1_WP_104643907.1	90.361	83	83	100	83	8	0	1	83	1	83	4.95e-52	163
tr|A0A063KWA5|Release	GCF_002221525.1_WP_089349457.1	83.133	83	83	100	83	14	0	1	83	1	83	4.82e-47	150
tr|A0A063KWA5|Release	GCF_003668795.1_WP_054981706.1	80.723	83	83	100	83	16	0	1	83	1	83	7.31e-46	147
tr|A0A063KWA5|Release	GCF_001999225.1_WP_077537996.1	71.951	83	82	99	82	23	0	1	82	1	82	1.36e-36	123
tr|A0A063KWA5|Release	GCF_008931805.1_WP_019441510.1	54.321	83	81	98	81	37	0	1	81	1	81	6.25e-26	97.0
tr|A0A063KWA5|Release	GCF_022371215.1_WP_239718047.1	54.321	83	83	98	81	37	0	1	81	1	81	1.10e-24	93.6
tr|A0A063KWA5|Release	GCF_024494545.1_WP_256384876.1	49.383	83	81	98	81	41	0	1	81	1	81	1.83e-24	93.0
tr|A0A063KWA5|Release	GCF_014879975.1_WP_192888672.1	51.220	83	83	99	82	40	0	1	82	1	82	2.63e-23	90.2
tr|A0A063KWA5|Release	GCF_001831495.1_WP_068547707.1	51.852	83	81	98	81	39	0	1	81	1	81	3.54e-23	89.9
tr|A0A063KWA5|Release	GCF_024347595.1_WP_176681244.1	51.852	83	83	98	81	39	0	1	81	1	81	4.62e-23	89.6
tr|A0A063KWA5|Release	GCF_024347355.1_WP_105024956.1	48.780	83	83	99	82	42	0	1	82	1	82	1.49e-22	88.2
tr|A0A063KWA5|Release	GCF_024347455.1_WP_135458404.1	48.780	83	83	99	82	42	0	1	82	1	82	2.76e-22	87.7
tr|A0A063KWA5|Release	GCF_024347635.1_WP_139683960.1	50.617	83	83	98	81	40	0	1	81	1	81	3.56e-22	87.4
tr|A0A063KWA5|Release	GCF_024347655.1_WP_060467732.1	50.000	83	83	96	80	40	0	1	80	1	80	4.70e-22	87.1
tr|A0A063KWA5|Release	GCF_000091465.1_WP_004733849.1	49.383	83	83	98	81	41	0	1	81	1	81	8.20e-22	86.3
tr|A0A063KWA5|Release	GCF_001995825.2_WP_017057338.1	49.383	83	83	98	81	41	0	1	81	1	81	9.09e-22	86.3
tr|A0A063KWA5|Release	GCF_024347475.1_WP_239840920.1	49.383	83	83	98	81	41	0	1	81	1	81	1.45e-21	85.7
tr|A0A063KWA5|Release	GCF_009068765.1_WP_151900329.1	51.250	83	81	96	80	39	0	1	80	1	80	1.62e-21	85.7
tr|A0A063KWA5|Release	GCF_024347495.1_WP_137371745.1	47.500	83	80	96	80	42	0	1	80	1	80	3.72e-21	84.6
tr|A0A063KWA5|Release	GCF_014905115.1_WP_193151849.1	50.000	83	81	96	80	40	0	1	80	1	80	4.58e-21	84.6
tr|A0A063KWA5|Release	GCF_001558415.2_WP_061055374.1	46.914	83	83	98	81	43	0	1	81	1	81	2.36e-20	82.6
tr|A0A063KWA5|Release	GCF_009938225.1_WP_075649723.1	44.444	83	82	98	81	45	0	1	81	1	81	4.24e-20	82.0
tr|A0A063KWA5|Release	GCF_900233005.1_WP_102521318.1	46.914	83	81	98	81	43	0	1	81	1	81	1.51e-19	80.6
tr|A0A063KWA5|Release	GCF_001007875.1_WP_046858354.1	43.750	83	80	96	80	45	0	1	80	1	80	1.88e-19	80.4
tr|A0A063KWA5|Release	GCF_008369605.1_WP_000253074.1	39.506	83	81	98	81	49	0	1	81	1	81	5.56e-19	79.2
tr|A0A063KWA5|Release	GCF_001558255.2_WP_005504861.1	46.914	83	82	96	81	42	1	1	80	1	81	1.63e-18	77.8
tr|A0A063KWA5|Release	GCF_002407485.1_WP_096780111.1	38.272	83	81	98	81	50	0	1	81	1	81	2.45e-18	77.5
tr|A0A063KWA5|Release	GCF_019670125.1_WP_221076876.1	43.750	83	81	96	80	45	0	1	80	1	80	8.75e-18	76.1
tr|A0A063KWA5|Release	GCF_000024825.1_WP_005460845.1	41.975	83	81	98	81	47	0	1	81	1	81	9.77e-18	75.9
tr|A0A063KWA5|Release	GCF_001456255.1_WP_020335096.1	40.741	83	81	98	81	48	0	1	81	1	81	2.20e-17	75.0
tr|A0A063KWA5|Release	GCF_009938205.1_WP_075706454.1	40.741	83	82	98	81	48	0	1	81	1	81	2.36e-17	75.0
tr|A0A063KWA5|Release	GCF_024582835.1_WP_257083279.1	45.000	83	87	96	80	44	0	1	80	1	80	5.74e-17	74.2
tr|A0A063KWA5|Release	GCF_009938185.1_WP_162048373.1	41.975	83	82	98	81	47	0	1	81	1	81	6.74e-17	73.9
tr|A0A063KWA5|Release	GCF_019670485.1_WP_221071211.1	42.500	83	81	96	80	46	0	1	80	1	80	1.92e-16	72.8
tr|A0A063KWA5|Release	GCF_000770115.1_WP_069687890.1	41.250	83	81	96	80	47	0	1	80	1	80	2.66e-16	72.2
tr|A0A063KWA5|Release	GCF_002157895.1_WP_227874980.1	42.500	83	82	96	80	46	0	1	80	2	81	2.88e-16	72.2
tr|A0A063KWA5|Release	GCF_024362845.1_WP_255230807.1	45.000	83	82	96	80	44	0	1	80	1	80	8.09e-16	71.1
tr|A0A063KWA5|Release	GCF_024347675.1_WP_261835500.1	45.679	83	81	98	81	44	0	1	81	1	81	1.15e-15	70.8
tr|A0A063KWA5|Release	GCF_024347035.1_WP_102941394.1	41.975	83	81	98	81	47	0	1	81	1	81	1.27e-15	70.5
tr|A0A063KWA5|Release	GCF_002214395.1_WP_010453422.1	40.000	83	81	96	80	48	0	1	80	1	80	1.55e-15	70.2
tr|A0A063KWA5|Release	GCF_002204915.1_WP_052690899.1	37.037	83	101	98	81	51	0	1	81	20	100	2.21e-15	70.2
tr|A0A063KWA5|Release	GCF_002021755.1_WP_005434844.1	38.750	83	81	96	80	49	0	1	80	1	80	2.86e-15	69.7
tr|A0A063KWA5|Release	GCF_000148645.1_WP_013347076.1	37.500	83	80	96	80	50	0	2	81	1	80	2.95e-15	69.7
tr|A0A063KWA5|Release	GCF_019670105.1_WP_040307707.1	43.750	83	81	96	80	45	0	1	80	1	80	3.35e-15	69.4
tr|A0A063KWA5|Release	GCF_000772105.1_WP_004748349.1	46.667	83	81	90	75	40	0	1	75	1	75	8.90e-15	68.5
tr|A0A063KWA5|Release	GCF_002906475.1_WP_012130247.1	37.500	83	81	96	80	50	0	1	80	1	80	9.86e-15	68.3
tr|A0A063KWA5|Release	GCF_012295615.1_WP_007018284.1	37.037	83	81	98	81	51	0	1	81	1	81	1.14e-14	68.3
tr|A0A063KWA5|Release	GCF_002887615.1_WP_038869703.1	36.250	83	81	96	80	51	0	1	80	1	80	4.57e-14	66.6
tr|A0A063KWA5|Release	GCF_000019185.1_WP_012277931.1	40.000	83	100	98	100	41	2	1	81	1	100	5.89e-14	66.6
tr|A0A063KWA5|Release	GCF_002849875.1_WP_232379112.1	43.902	83	113	95	82	43	1	2	80	32	113	6.94e-14	66.9
tr|A0A063KWA5|Release	GCF_006364355.1_WP_004727652.1	37.037	83	83	98	81	51	0	1	81	1	81	6.13e-13	63.8
tr|A0A063KWA5|Release	GCF_009363415.1_WP_152430616.1	37.805	83	84	98	82	49	2	1	81	1	81	6.70e-13	63.8
tr|A0A063KWA5|Release	GCF_008329985.2_WP_149283950.1	36.250	83	81	96	80	51	0	1	80	1	80	1.48e-12	62.6
tr|A0A063KWA5|Release	GCF_017638925.1_WP_208844867.1	35.443	83	81	95	79	50	1	1	79	1	78	1.51e-12	62.6
tr|A0A063KWA5|Release	GCF_024746855.1_WP_260492542.1	40.000	83	79	96	80	47	1	1	80	1	79	1.77e-12	62.6
tr|A0A063KWA5|Release	GCF_019797925.1_WP_193521737.1	37.037	83	80	98	81	50	1	1	81	1	80	2.00e-12	62.4
tr|A0A063KWA5|Release	GCF_000019525.1_WP_012323084.1	36.709	83	81	95	79	50	0	1	79	1	79	7.76e-12	60.9
tr|A0A063KWA5|Release	GCF_001431725.1_WP_021820278.1	34.568	83	81	98	81	53	0	1	81	1	81	1.29e-11	60.4
tr|A0A063KWA5|Release	GCF_001455205.1_WP_062560013.1	36.250	83	84	96	80	50	1	2	81	6	84	6.51e-10	56.2
tr|A0A063KWA5|Release	GCF_000018285.1_WP_012155987.1	32.673	83	102	96	101	47	1	1	80	1	101	2.49e-09	55.0
tr|A0A063KWA5|Release	GCF_000214665.1_WP_013819542.1	35.443	83	83	95	79	50	1	2	80	6	83	1.55e-08	52.5
tr|A0A063KWA5|Release	GCF_019977755.1_WP_126608378.1	32.184	83	103	95	87	51	2	1	79	15	101	1.69e-08	52.8
tr|A0A063KWA5|Release	GCF_006742785.1_WP_172630283.1	34.177	83	88	95	79	52	0	2	80	5	83	2.17e-08	52.2
tr|A0A063KWA5|Release	GCF_000147355.1_WP_013326989.1	40.909	83	67	80	66	39	0	15	80	1	66	2.92e-08	51.7
tr|A0A063KWA5|Release	GCF_000009145.1_WP_041356315.1	33.750	83	90	96	80	53	0	1	80	5	84	4.68e-08	51.4
tr|A0A063KWA5|Release	GCF_017167985.1_WP_079784061.1	28.571	83	90	93	77	55	0	2	78	7	83	1.35e-07	50.3
tr|A0A063KWA5|Release	GCF_001597285.1_WP_061903727.1	29.114	83	92	95	79	56	0	2	80	7	85	2.32e-07	49.7
tr|A0A063KWA5|Release	GCF_017742995.1_WP_247749573.1	46.512	83	48	52	43	23	0	1	43	1	43	2.87e-07	48.9
tr|A0A063KWA5|Release	GCF_902387845.1_WP_004237241.1	38.710	83	88	75	62	37	1	2	63	10	70	2.89e-07	49.4
tr|A0A063KWA5|Release	GCF_000968535.2_WP_014147785.1	33.750	83	84	96	80	52	1	2	81	6	84	1.02e-06	48.0
tr|A0A063KWA5|Release	GCF_003258315.1_WP_111337788.1	30.488	83	88	99	82	57	0	1	82	5	86	1.40e-06	47.7
tr|A0A063KWA5|Release	GCF_024360925.2_WP_255188929.1	31.646	83	83	95	79	53	1	2	80	6	83	1.61e-06	47.4
tr|A0A063KWA5|Release	GCF_017329545.1_WP_047884589.1	32.051	83	95	94	78	53	0	2	79	8	85	1.66e-06	47.4
tr|A0A063KWA5|Release	GCF_003855395.1_WP_124730567.1	32.143	83	88	95	84	51	3	2	80	4	86	2.21e-06	47.2
tr|A0A063KWA5|Release	GCF_011397855.1_WP_044414183.1	29.870	83	90	93	77	54	0	2	78	7	83	2.85e-06	46.9
tr|A0A063KWA5|Release	GCF_013200955.2_WP_173204463.1	40.351	83	91	67	57	33	1	2	57	8	64	3.09e-06	46.9
tr|A0A063KWA5|Release	GCF_000297075.2_WP_003461742.1	27.273	83	90	93	77	56	0	2	78	7	83	3.98e-06	46.6
tr|A0A063KWA5|Release	GCF_024347675.1_WP_261833361.1	47.368	83	54	46	38	20	0	1	38	1	38	4.43e-06	45.8
tr|A0A063KWA5|Release	GCF_008632455.1_WP_150048082.1	34.177	83	84	95	79	51	1	2	80	6	83	5.47e-06	46.0
tr|A0A063KWA5|Release	GCF_013409125.2_WP_099525265.1	27.273	83	90	93	77	56	0	2	78	7	83	6.86e-06	45.8
tr|A0A063KWA5|Release	GCF_005931095.1_WP_017839868.1	32.500	83	84	96	80	53	1	2	81	6	84	6.93e-06	45.8
tr|A0A063KWA5|Release	GCF_008693605.1_WP_223849061.1	32.500	83	95	96	80	54	0	2	81	11	90	8.16e-06	45.8
tr|A0A063KWA5|Release	GCF_019703835.1_WP_087020305.1	30.380	83	79	95	79	51	2	2	80	1	75	1.13e-05	45.2
tr|A0A063KWA5|Release	GCF_002163605.1_WP_157665988.1	34.921	83	86	76	63	40	1	2	64	10	71	1.13e-05	45.2
tr|A0A063KWA5|Release	GCF_024205225.1_WP_195881696.1	25.974	83	90	93	77	57	0	2	78	7	83	1.15e-05	45.2
tr|A0A063KWA5|Release	GCF_000264765.2_WP_034163237.1	42.857	83	86	42	35	20	0	2	36	10	44	1.15e-05	45.2
tr|A0A063KWA5|Release	GCF_020268605.1_WP_180560445.1	32.895	83	88	92	76	51	0	2	77	10	85	1.85e-05	44.6
tr|A0A063KWA5|Release	GCF_020097475.1_WP_000062318.1	36.923	83	86	76	65	36	2	2	64	10	71	2.02e-05	44.6
tr|A0A063KWA5|Release	GCF_004353845.1_WP_103770713.1	31.646	83	93	95	79	54	0	2	80	10	88	2.18e-05	44.6
tr|A0A063KWA5|Release	GCF_001007935.1_WP_046849946.1	32.530	83	84	96	83	50	2	1	80	5	84	2.50e-05	44.4
tr|A0A063KWA5|Release	GCF_002355475.1_WP_004421315.1	29.870	83	91	93	77	54	0	2	78	8	84	2.59e-05	44.4
tr|A0A063KWA5|Release	GCF_021733145.1_WP_012847629.1	42.857	83	86	42	35	20	0	2	36	10	44	2.77e-05	44.4
tr|A0A063KWA5|Release	GCF_000733715.2_WP_017362912.1	35.088	83	90	67	57	36	1	2	57	7	63	2.78e-05	44.4
tr|A0A063KWA5|Release	GCF_025402875.1_WP_011791024.1	27.711	83	90	100	83	60	0	1	83	6	88	2.92e-05	44.4
tr|A0A063KWA5|Release	GCF_001594225.2_WP_064379396.1	27.273	83	92	93	77	56	0	2	78	7	83	3.06e-05	44.4
tr|A0A063KWA5|Release	GCF_020991025.1_WP_152109250.1	38.000	83	83	60	50	30	1	2	51	8	56	4.68e-05	43.5
tr|A0A063KWA5|Release	GCF_900682675.2_WP_069898892.1	32.394	83	94	82	71	45	1	2	69	7	77	6.08e-05	43.5
tr|A0A063KWA5|Release	GCF_003261575.2_WP_110272453.1	36.508	83	86	76	63	39	1	2	64	10	71	6.16e-05	43.5
tr|A0A063KWA5|Release	GCF_003812345.1_WP_121571778.1	31.250	83	94	96	80	55	0	2	81	10	89	7.29e-05	43.2
tr|A0A063KWA5|Release	GCF_003019925.1_WP_162185254.1	35.385	83	86	76	65	40	1	2	64	10	74	9.82e-05	42.9
tr|A0A063KWA5|Release	GCF_016904755.1_WP_059234959.1	36.923	83	86	76	65	39	1	2	64	10	74	9.98e-05	42.9
tr|A0A063KWA5|Release	GCF_016026395.1_WP_024524235.1	42.857	83	86	42	35	20	0	2	36	10	44	1.17e-04	42.7
tr|A0A063KWA5|Release	GCF_004768525.1_WP_026822068.1	35.714	83	88	67	56	36	0	2	57	10	65	1.41e-04	42.4
tr|A0A063KWA5|Release	GCF_013460135.1_WP_180816665.1	38.710	83	88	75	62	37	1	2	63	10	70	1.65e-04	42.4
tr|A0A063KWA5|Release	GCF_000005845.2_NP_414731.2	35.385	83	84	76	65	37	2	2	64	8	69	1.78e-04	42.1
tr|A0A063KWA5|Release	GCF_006385555.1_WP_140234395.1	32.099	83	87	93	81	51	2	2	78	4	84	1.82e-04	42.1
tr|A0A063KWA5|Release	GCF_000006925.2_NP_706134.1	35.385	83	86	76	65	37	2	2	64	10	71	1.83e-04	42.1
tr|A0A063KWA5|Release	GCF_021029445.1_WP_230924827.1	27.273	83	89	93	77	55	1	2	78	7	82	1.87e-04	42.1
tr|A0A063KWA5|Release	GCF_013423785.1_WP_180308358.1	32.432	83	88	89	74	49	1	2	75	10	82	2.10e-04	42.1
tr|A0A063KWA5|Release	GCF_000014765.1_WP_011633385.1	30.380	83	89	95	79	55	0	2	80	5	83	2.28e-04	42.1
tr|A0A063KWA5|Release	GCF_000014705.1_WP_011637758.1	30.952	83	88	95	84	52	3	2	80	4	86	2.38e-04	41.8
tr|A0A063KWA5|Release	GCF_001006005.1_WP_223499701.1	35.714	83	85	67	56	36	0	2	57	8	63	2.38e-04	41.8
tr|A0A063KWA5|Release	GCF_000439255.1_WP_000062328.1	36.508	83	86	76	63	39	1	2	64	10	71	2.62e-04	41.8
tr|A0A063KWA5|Release	GCF_001461805.1_WP_013367515.1	35.385	83	86	76	65	37	2	2	64	10	71	2.97e-04	41.5
tr|A0A063KWA5|Release	GCF_900478135.1_WP_111739359.1	30.769	83	88	78	65	44	1	2	66	11	74	3.70e-04	41.5
tr|A0A063KWA5|Release	GCF_000006945.2_NP_459242.1	48.571	83	86	42	35	18	0	2	36	10	44	3.71e-04	41.3
tr|A0A063KWA5|Release	GCF_017915135.1_WP_210390879.1	24.675	83	90	93	77	58	0	2	78	7	83	4.03e-04	41.3
tr|A0A063KWA5|Release	GCF_004684345.1_WP_135323069.1	35.385	83	86	76	65	37	2	2	64	10	71	4.28e-04	41.3
tr|A0A063KWA5|Release	GCF_003957745.1_WP_126168493.1	32.258	83	87	75	62	42	0	2	63	7	68	4.37e-04	41.3
tr|A0A063KWA5|Release	GCF_900638065.1_WP_048212636.1	35.385	83	86	76	65	37	2	2	64	10	71	4.38e-04	41.3
tr|A0A063KWA5|Release	GCF_019669905.1_WP_054759186.1	40.909	83	79	53	44	26	0	2	45	5	48	4.44e-04	41.0
tr|A0A063KWA5|Release	GCF_023195735.1_WP_035891978.1	36.923	83	86	76	65	36	2	2	64	10	71	4.63e-04	41.3
tr|A0A063KWA5|Release	GCF_017498685.1_WP_038245151.1	48.571	83	86	42	35	18	0	2	36	10	44	4.85e-04	41.0
tr|A0A063KWA5|Release	GCF_009649915.1_WP_062772223.1	38.095	83	86	76	63	38	1	2	64	10	71	5.09e-04	41.0
tr|A0A063KWA5|Release	GCF_024971755.1_WP_259474826.1	31.746	83	88	76	63	43	0	1	63	6	68	5.12e-04	41.0
tr|A0A063KWA5|Release	GCF_009730055.1_WP_032906500.1	48.571	83	86	42	35	18	0	2	36	10	44	5.21e-04	41.0
tr|A0A063KWA5|Release	GCF_000222975.1_WP_002218374.1	48.571	83	86	42	35	18	0	2	36	10	44	5.38e-04	41.0
tr|A0A063KWA5|Release	GCF_003568825.1_WP_040644076.1	27.711	83	83	96	83	57	1	1	80	1	83	5.48e-04	41.0
tr|A0A063KWA5|Release	GCF_004124235.1_WP_025377303.1	48.571	83	86	42	35	18	0	2	36	10	44	5.55e-04	41.0
tr|A0A063KWA5|Release	GCF_000834395.1_WP_042546713.1	48.571	83	86	42	35	18	0	2	36	10	44	5.64e-04	41.0
tr|A0A063KWA5|Release	GCF_000240185.1_YP_005225236.1	45.714	83	86	42	35	19	0	2	36	10	44	5.87e-04	41.0
tr|A0A063KWA5|Release	GCF_007632255.1_WP_015368146.1	33.846	83	86	76	65	38	2	2	64	10	71	6.10e-04	41.0
tr|A0A063KWA5|Release	GCF_000785705.2_WP_036272019.1	32.911	83	82	95	79	51	1	2	80	6	82	6.18e-04	40.7
tr|A0A063KWA5|Release	GCF_013282725.1_WP_032813813.1	48.571	83	86	42	35	18	0	2	36	10	44	6.30e-04	40.7
tr|A0A063KWA5|Release	GCF_027886705.1_WP_061497537.1	33.846	83	86	76	65	41	1	2	64	10	74	6.76e-04	40.7
tr|A0A063KWA5|Release	GCF_003812345.1_WP_003018503.1	35.385	83	86	76	65	37	2	2	64	10	71	7.38e-04	40.7
tr|A0A063KWA5|Release	GCF_018139045.1_WP_004129134.1	33.846	83	86	76	65	38	2	2	64	10	71	7.44e-04	40.7
tr|A0A063KWA5|Release	GCF_012767755.2_WP_173171843.1	27.273	83	90	93	77	56	0	2	78	7	83	7.58e-04	40.7
tr|A0A063KWA5|Release	GCF_002393445.1_WP_061273728.1	35.385	83	86	76	65	40	1	2	64	10	74	7.68e-04	40.7
tr|A0A063KWA5|Release	GCF_012029655.1_WP_041144145.1	35.385	83	86	76	65	37	2	2	64	10	71	7.92e-04	40.4
tr|A0A063KWA5|Release	GCF_021276285.1_WP_095923198.1	37.097	83	86	75	62	38	1	2	63	10	70	8.31e-04	40.4
tr|A0A063KWA5|Release	GCF_001277255.1_WP_007666633.1	48.571	83	86	42	35	18	0	2	36	10	44	8.78e-04	40.4
tr|A0A063KWA5|Release	GCF_001022135.1_WP_039078449.1	32.308	83	86	76	65	42	1	2	64	10	74	0.001	40.4
tr|A0A063KWA5|Release	GCF_002504285.1_WP_005282992.1	40.000	83	86	42	35	21	0	2	36	10	44	0.001	40.4
tr|A0A063KWA5|Release	GCF_001658025.2_WP_007373243.1	33.846	83	86	76	65	41	1	2	64	10	74	0.001	40.4
tr|A0A063KWA5|Release	GCF_015139575.1_WP_004098776.1	33.846	83	86	76	65	38	2	2	64	10	71	0.001	40.1
tr|A0A063KWA5|Release	GCF_019890955.1_WP_211725887.1	33.846	83	87	76	65	38	2	2	64	10	71	0.001	40.1
tr|A0A063KWA5|Release	GCF_025133195.1_WP_032910235.1	48.571	83	86	42	35	18	0	2	36	10	44	0.001	40.1
tr|A0A063KWA5|Release	GCF_022637595.1_WP_004858152.1	34.921	83	86	76	63	40	1	2	64	10	71	0.001	40.1
tr|A0A063KWA5|Release	GCF_001729805.1_WP_008501890.1	35.385	83	86	76	65	40	1	2	64	10	74	0.001	40.1
tr|A0A063KWA5|Release	GCF_001750725.1_WP_014168720.1	35.385	83	86	76	65	40	1	2	64	10	74	0.001	40.1
tr|A0A063KWA5|Release	GCF_000224675.1_WP_010426685.1	35.385	83	86	76	65	40	1	2	64	10	74	0.001	40.1
tr|A0A063KWA5|Release	GCF_000018045.1_WP_024130681.1	35.385	83	86	76	65	40	1	2	64	10	74	0.001	40.1
tr|A0A063KWA5|Release	GCF_008807375.1_WP_151138908.1	27.273	83	91	93	77	56	0	2	78	8	84	0.001	40.1
tr|A0A063KWA5|Release	GCF_003074995.2_WP_015870269.1	30.357	83	86	67	56	39	0	2	57	10	65	0.001	39.9
tr|A0A063KWA5|Release	GCF_025914095.1_WP_031518416.1	35.385	83	86	76	65	40	1	2	64	10	74	0.001	39.9
tr|A0A063KWA5|Release	GCF_021172065.1_WP_015965827.1	33.846	83	86	76	65	38	2	2	64	10	71	0.001	39.9
tr|A0A063KWA5|Release	GCF_018128425.1_WP_042289833.1	34.921	83	86	76	63	40	1	2	64	10	71	0.001	39.9
tr|A0A063KWA5|Release	GCF_011617105.1_WP_025800203.1	45.714	83	86	42	35	19	0	2	36	10	44	0.001	39.9
tr|A0A063KWA5|Release	GCF_001683395.1_WP_017458015.1	32.308	83	86	76	65	42	1	2	64	10	74	0.002	39.9
tr|A0A063KWA5|Release	GCF_020150375.1_WP_004094310.1	45.714	83	86	42	35	19	0	2	36	10	44	0.002	39.9
tr|A0A063KWA5|Release	GCF_009363135.1_WP_090122691.1	32.308	83	86	76	65	42	1	2	64	10	74	0.002	39.6
tr|A0A063KWA5|Release	GCF_022637475.1_WP_013574214.1	35.484	83	86	75	62	39	1	2	63	10	70	0.002	39.6
tr|A0A063KWA5|Release	GCF_003594935.2_WP_006173581.1	33.846	83	86	76	65	41	1	2	64	10	74	0.002	39.6
tr|A0A063KWA5|Release	GCF_006711645.1_WP_100682484.1	33.846	83	86	76	65	38	2	2	64	10	71	0.002	39.6
tr|A0A063KWA5|Release	GCF_015137655.1_WP_028015593.1	33.846	83	86	76	65	41	1	2	64	10	74	0.002	39.6
tr|A0A063KWA5|Release	GCF_001518835.1_WP_059308693.1	45.714	83	86	42	35	19	0	2	36	10	44	0.002	39.6
tr|A0A063KWA5|Release	GCF_019048625.1_WP_023305471.1	33.846	83	86	76	65	41	1	2	64	10	74	0.002	39.6
tr|A0A063KWA5|Release	GCF_003812925.1_WP_004107903.1	45.714	83	86	42	35	19	0	2	36	10	44	0.002	39.6
tr|A0A063KWA5|Release	GCF_020079945.1_WP_039382769.1	33.846	83	87	76	65	38	2	2	64	10	71	0.002	39.6
tr|A0A063KWA5|Release	GCF_002291425.1_WP_095847471.1	32.258	83	87	75	62	41	1	2	63	10	70	0.002	39.6
tr|A0A063KWA5|Release	GCF_900635955.1_WP_126357486.1	35.385	83	86	76	65	40	1	2	64	10	74	0.002	39.6
tr|A0A063KWA5|Release	GCF_009176645.1_WP_152083529.1	35.385	83	86	76	65	40	1	2	64	10	74	0.002	39.6
tr|A0A063KWA5|Release	GCF_001277175.1_WP_007760020.1	43.902	83	86	47	41	21	1	2	40	10	50	0.002	39.6
tr|A0A063KWA5|Release	GCF_025758125.1_WP_023480196.1	33.333	83	86	76	63	41	1	2	64	10	71	0.002	39.3
tr|A0A063KWA5|Release	GCF_000178875.2_WP_012197738.1	31.746	83	90	76	63	43	0	1	63	6	68	0.002	39.6
tr|A0A063KWA5|Release	GCF_008364325.2_WP_230090436.1	32.143	83	85	67	56	38	0	2	57	8	63	0.003	39.3
tr|A0A063KWA5|Release	GCF_020541225.1_WP_226811316.1	33.333	83	86	76	63	41	1	2	64	10	71	0.003	39.0
tr|A0A063KWA5|Release	GCF_022637515.1_WP_064539750.1	35.385	83	86	76	65	40	1	2	64	10	74	0.003	39.0
tr|A0A063KWA5|Release	GCF_021365465.1_WP_016190321.1	33.333	83	87	76	63	41	1	2	64	10	71	0.003	39.0
tr|A0A063KWA5|Release	GCF_021278985.1_WP_012904575.1	33.846	83	86	76	65	38	2	2	64	10	71	0.003	39.0
tr|A0A063KWA5|Release	GCF_009036245.1_WP_025756830.1	45.714	83	86	42	35	19	0	2	36	10	44	0.003	39.0
tr|A0A063KWA5|Release	GCF_001558935.2_WP_042323659.1	35.484	83	86	75	62	39	1	2	63	10	70	0.004	39.0
tr|A0A063KWA5|Release	GCF_000834455.1_WP_032817050.1	48.571	83	86	42	35	18	0	2	36	10	44	0.004	38.7
tr|A0A063KWA5|Release	GCF_000238255.3_WP_010559905.1	34.568	83	86	98	81	51	1	2	82	5	83	0.004	38.7
tr|A0A063KWA5|Release	GCF_900638655.1_WP_047781753.1	33.333	83	88	76	63	41	1	2	64	11	72	0.004	38.7
tr|A0A063KWA5|Release	GCF_004684345.1_WP_135321947.1	30.000	83	93	81	70	46	1	2	68	10	79	0.004	38.7
tr|A0A063KWA5|Release	GCF_002393505.1_WP_006658392.1	40.000	83	87	42	35	21	0	2	36	10	44	0.004	38.7
tr|A0A063KWA5|Release	GCF_024224615.1_WP_125293588.1	45.714	83	86	42	35	19	0	2	36	10	44	0.005	38.4
tr|A0A063KWA5|Release	GCF_001277195.1_WP_032966924.1	45.714	83	86	42	35	19	0	2	36	10	44	0.005	38.4
tr|A0A063KWA5|Release	GCF_011068345.1_WP_002436992.1	45.714	83	86	42	35	19	0	2	36	10	44	0.005	38.4
tr|A0A063KWA5|Release	GCF_013234275.1_WP_172895488.1	45.714	83	86	42	35	19	0	2	36	10	44	0.006	38.4
tr|A0A063KWA5|Release	GCF_004295645.1_WP_228350951.1	33.871	83	88	75	62	40	1	2	63	11	71	0.007	38.2
tr|A0A063KWA5|Release	GCF_019047765.1_WP_040231149.1	26.582	83	89	95	79	58	0	2	80	10	88	0.007	38.2
tr|A0A063KWA5|Release	GCF_020511155.1_WP_226415657.1	28.571	83	87	96	84	56	2	1	80	4	87	0.008	38.2
tr|A0A063KWA5|Release	GCF_003515985.1_WP_085653101.1	42.857	83	86	42	35	20	0	2	36	10	44	0.008	37.9
tr|A0A063KWA5|Release	GCF_000025065.1_WP_012883679.1	42.857	83	86	42	35	20	0	2	36	10	44	0.008	37.9
tr|A0A063KWA5|Release	GCF_003096015.2_WP_230514010.1	32.258	83	88	75	62	41	1	2	63	11	71	0.008	37.9
tr|A0A063KWA5|Release	GCF_001708425.1_WP_055136127.1	24.675	83	94	93	77	58	0	2	78	7	83	0.009	38.2
tr|A0A063KWA5|Release	GCF_000262305.1_WP_002441069.1	43.902	83	86	47	41	21	1	2	40	10	50	0.009	37.9
# PSIBLAST 2.13.0+
# Iteration: 2
# Query: tr|A0A063KWA5|Release 2019_11/2019_11|11-Dec-2019
# Database: db/chosen-bacteria_proteome_exDup
# Fields: query id, subject id, % identity, query length, subject length, % query coverage per subject, alignment length, mismatches, gap opens, q. start, q. end, s. start, s. end, evalue, bit score
# 344 hits found
tr|A0A063KWA5|Release	GCF_024347355.1_WP_105024956.1	48.780	83	83	99	82	42	0	1	82	1	82	4.10e-37	125
tr|A0A063KWA5|Release	GCF_024347475.1_WP_239840920.1	48.780	83	83	99	82	42	0	1	82	1	82	5.70e-36	122
tr|A0A063KWA5|Release	GCF_022371215.1_WP_239718047.1	54.321	83	83	98	81	37	0	1	81	1	81	1.69e-35	120
tr|A0A063KWA5|Release	GCF_024347595.1_WP_176681244.1	51.852	83	83	98	81	39	0	1	81	1	81	2.13e-35	120
tr|A0A063KWA5|Release	GCF_024347635.1_WP_139683960.1	50.000	83	83	99	82	41	0	1	82	1	82	2.91e-35	120
tr|A0A063KWA5|Release	GCF_001558415.2_WP_061055374.1	46.914	83	83	98	81	43	0	1	81	1	81	3.57e-35	120
tr|A0A063KWA5|Release	GCF_009938225.1_WP_075649723.1	44.444	83	82	98	81	45	0	1	81	1	81	4.56e-35	119
tr|A0A063KWA5|Release	GCF_000091465.1_WP_004733849.1	48.780	83	83	99	82	42	0	1	82	1	82	4.99e-35	119
tr|A0A063KWA5|Release	GCF_001995825.2_WP_017057338.1	48.780	83	83	99	82	42	0	1	82	1	82	5.53e-35	119
tr|A0A063KWA5|Release	GCF_024347455.1_WP_135458404.1	48.780	83	83	99	82	42	0	1	82	1	82	6.49e-35	119
tr|A0A063KWA5|Release	GCF_014879975.1_WP_192888672.1	51.220	83	83	99	82	40	0	1	82	1	82	7.08e-35	119
tr|A0A063KWA5|Release	GCF_000238395.3_WP_010553578.1	97.590	83	83	100	83	2	0	1	83	1	83	1.03e-34	119
tr|A0A063KWA5|Release	GCF_002407485.1_WP_096780111.1	38.272	83	81	98	81	50	0	1	81	1	81	1.19e-34	118
tr|A0A063KWA5|Release	GCF_005877035.1_WP_039486662.1	97.590	83	83	100	83	2	0	1	83	1	83	1.85e-34	118
tr|A0A063KWA5|Release	GCF_014905115.1_WP_193151849.1	50.000	83	81	96	80	40	0	1	80	1	80	2.66e-34	117
tr|A0A063KWA5|Release	GCF_024582835.1_WP_257083279.1	45.000	83	87	96	80	44	0	1	80	1	80	2.80e-34	118
tr|A0A063KWA5|Release	GCF_004328865.1_WP_104643907.1	90.361	83	83	100	83	8	0	1	83	1	83	2.82e-34	117
tr|A0A063KWA5|Release	GCF_002204915.1_WP_052690899.1	37.037	83	101	98	81	51	0	1	81	20	100	3.16e-34	118
tr|A0A063KWA5|Release	GCF_002221525.1_WP_089349457.1	83.133	83	83	100	83	14	0	1	83	1	83	1.43e-33	116
tr|A0A063KWA5|Release	GCF_003668795.1_WP_054981706.1	80.723	83	83	100	83	16	0	1	83	1	83	1.90e-33	115
tr|A0A063KWA5|Release	GCF_009938185.1_WP_162048373.1	41.975	83	82	98	81	47	0	1	81	1	81	1.96e-33	115
tr|A0A063KWA5|Release	GCF_024347655.1_WP_060467732.1	50.000	83	83	96	80	40	0	1	80	1	80	2.57e-33	115
tr|A0A063KWA5|Release	GCF_009068765.1_WP_151900329.1	51.250	83	81	96	80	39	0	1	80	1	80	2.60e-33	115
tr|A0A063KWA5|Release	GCF_008369605.1_WP_000253074.1	39.506	83	81	98	81	49	0	1	81	1	81	3.05e-33	115
tr|A0A063KWA5|Release	GCF_001831495.1_WP_068547707.1	51.852	83	81	98	81	39	0	1	81	1	81	4.43e-33	114
tr|A0A063KWA5|Release	GCF_900233005.1_WP_102521318.1	46.914	83	81	98	81	43	0	1	81	1	81	4.50e-33	114
tr|A0A063KWA5|Release	GCF_001558255.2_WP_005504861.1	46.914	83	82	96	81	42	1	1	80	1	81	4.85e-33	114
tr|A0A063KWA5|Release	GCF_019670125.1_WP_221076876.1	43.750	83	81	96	80	45	0	1	80	1	80	5.36e-33	114
tr|A0A063KWA5|Release	GCF_002214395.1_WP_010453422.1	40.000	83	81	96	80	48	0	1	80	1	80	7.43e-33	114
tr|A0A063KWA5|Release	GCF_024362845.1_WP_255230807.1	45.000	83	82	96	80	44	0	1	80	1	80	1.04e-32	113
tr|A0A063KWA5|Release	GCF_009938205.1_WP_075706454.1	40.741	83	82	98	81	48	0	1	81	1	81	2.45e-32	113
tr|A0A063KWA5|Release	GCF_001999225.1_WP_077537996.1	71.951	83	82	99	82	23	0	1	82	1	82	5.30e-32	112
tr|A0A063KWA5|Release	GCF_024347035.1_WP_102941394.1	41.975	83	81	98	81	47	0	1	81	1	81	7.10e-32	111
tr|A0A063KWA5|Release	GCF_000770115.1_WP_069687890.1	41.250	83	81	96	80	47	0	1	80	1	80	8.13e-32	111
tr|A0A063KWA5|Release	GCF_008329985.2_WP_149283950.1	36.250	83	81	96	80	51	0	1	80	1	80	1.12e-31	111
tr|A0A063KWA5|Release	GCF_000772105.1_WP_004748349.1	45.000	83	81	96	80	44	0	1	80	1	80	1.18e-31	111
tr|A0A063KWA5|Release	GCF_001456255.1_WP_020335096.1	40.741	83	81	98	81	48	0	1	81	1	81	1.34e-31	111
tr|A0A063KWA5|Release	GCF_024347495.1_WP_137371745.1	47.500	83	80	96	80	42	0	1	80	1	80	1.69e-31	110
tr|A0A063KWA5|Release	GCF_002906475.1_WP_012130247.1	37.500	83	81	96	80	50	0	1	80	1	80	3.16e-31	110
tr|A0A063KWA5|Release	GCF_001007875.1_WP_046858354.1	43.750	83	80	96	80	45	0	1	80	1	80	3.23e-31	110
tr|A0A063KWA5|Release	GCF_002021755.1_WP_005434844.1	38.750	83	81	96	80	49	0	1	80	1	80	3.29e-31	110
tr|A0A063KWA5|Release	GCF_008931805.1_WP_019441510.1	54.321	83	81	98	81	37	0	1	81	1	81	3.83e-31	110
tr|A0A063KWA5|Release	GCF_000024825.1_WP_005460845.1	41.975	83	81	98	81	47	0	1	81	1	81	6.62e-31	109
tr|A0A063KWA5|Release	GCF_000148645.1_WP_013347076.1	37.500	83	80	96	80	50	0	2	81	1	80	6.94e-31	109
tr|A0A063KWA5|Release	GCF_019670105.1_WP_040307707.1	43.750	83	81	96	80	45	0	1	80	1	80	1.04e-30	108
tr|A0A063KWA5|Release	GCF_024347675.1_WP_261835500.1	45.679	83	81	98	81	44	0	1	81	1	81	1.23e-30	108
tr|A0A063KWA5|Release	GCF_008693605.1_WP_223849061.1	32.500	83	95	96	80	54	0	2	81	11	90	2.18e-30	108
tr|A0A063KWA5|Release	GCF_024494545.1_WP_256384876.1	49.383	83	81	98	81	41	0	1	81	1	81	2.42e-30	107
tr|A0A063KWA5|Release	GCF_019670485.1_WP_221071211.1	42.500	83	81	96	80	46	0	1	80	1	80	3.41e-30	107
tr|A0A063KWA5|Release	GCF_003812345.1_WP_121571778.1	31.250	83	94	96	80	55	0	2	81	10	89	6.12e-30	107
tr|A0A063KWA5|Release	GCF_001431725.1_WP_021820278.1	34.568	83	81	98	81	53	0	1	81	1	81	1.76e-29	105
tr|A0A063KWA5|Release	GCF_002887615.1_WP_038869703.1	36.250	83	81	96	80	51	0	1	80	1	80	1.91e-29	105
tr|A0A063KWA5|Release	GCF_006364355.1_WP_004727652.1	37.037	83	83	98	81	51	0	1	81	1	81	2.21e-29	105
tr|A0A063KWA5|Release	GCF_004353845.1_WP_103770713.1	31.646	83	93	95	79	54	0	2	80	10	88	3.18e-29	105
tr|A0A063KWA5|Release	GCF_012295615.1_WP_007018284.1	37.037	83	81	98	81	51	0	1	81	1	81	4.03e-29	104
tr|A0A063KWA5|Release	GCF_009363415.1_WP_152430616.1	37.037	83	84	98	81	51	0	1	81	1	81	4.42e-29	104
tr|A0A063KWA5|Release	GCF_025402875.1_WP_011791024.1	27.711	83	90	100	83	60	0	1	83	6	88	8.53e-29	104
tr|A0A063KWA5|Release	GCF_000009145.1_WP_041356315.1	33.750	83	90	96	80	53	0	1	80	5	84	8.67e-29	104
tr|A0A063KWA5|Release	GCF_002157895.1_WP_227874980.1	42.500	83	82	96	80	46	0	1	80	2	81	8.80e-29	103
tr|A0A063KWA5|Release	GCF_006742785.1_WP_172630283.1	34.177	83	88	95	79	52	0	2	80	5	83	2.07e-28	102
tr|A0A063KWA5|Release	GCF_001597285.1_WP_061903727.1	28.049	83	92	99	82	59	0	2	83	7	88	2.78e-28	102
tr|A0A063KWA5|Release	GCF_011397855.1_WP_044414183.1	29.870	83	90	93	77	54	0	2	78	7	83	4.38e-28	102
tr|A0A063KWA5|Release	GCF_000214665.1_WP_013819542.1	35.443	83	83	95	79	50	1	2	80	6	83	7.01e-28	101
tr|A0A063KWA5|Release	GCF_000019185.1_WP_012277931.1	37.000	83	100	98	100	44	1	1	81	1	100	9.58e-28	101
tr|A0A063KWA5|Release	GCF_002355475.1_WP_004421315.1	29.870	83	91	93	77	54	0	2	78	8	84	1.05e-27	101
tr|A0A063KWA5|Release	GCF_008807375.1_WP_151138908.1	27.273	83	91	93	77	56	0	2	78	8	84	1.79e-27	100
tr|A0A063KWA5|Release	GCF_000019525.1_WP_012323084.1	36.709	83	81	95	79	50	0	1	79	1	79	2.41e-27	100
tr|A0A063KWA5|Release	GCF_003258315.1_WP_111337788.1	30.488	83	88	99	82	57	0	1	82	5	86	3.94e-27	99.9
tr|A0A063KWA5|Release	GCF_024971755.1_WP_259474826.1	28.205	83	88	94	78	56	0	1	78	6	83	4.89e-27	99.6
tr|A0A063KWA5|Release	GCF_024205225.1_WP_195881696.1	25.974	83	90	93	77	57	0	2	78	7	83	8.10e-27	99.1
tr|A0A063KWA5|Release	GCF_013200955.2_WP_173204463.1	29.870	83	91	93	77	54	0	2	78	8	84	8.51e-27	99.1
tr|A0A063KWA5|Release	GCF_024360925.2_WP_255188929.1	31.646	83	83	95	79	53	1	2	80	6	83	1.40e-26	98.5
tr|A0A063KWA5|Release	GCF_019669905.1_WP_054759186.1	27.848	83	79	95	79	53	1	2	80	5	79	2.26e-26	97.6
tr|A0A063KWA5|Release	GCF_008693645.1_WP_137347870.1	26.582	83	89	95	79	58	0	2	80	10	88	2.34e-26	97.9
tr|A0A063KWA5|Release	GCF_000297075.2_WP_003461742.1	27.273	83	90	93	77	56	0	2	78	7	83	2.96e-26	97.6
tr|A0A063KWA5|Release	GCF_012767755.2_WP_173171843.1	27.273	83	90	93	77	56	0	2	78	7	83	3.15e-26	97.6
tr|A0A063KWA5|Release	GCF_002849875.1_WP_232379112.1	43.902	83	113	95	82	43	1	2	80	32	113	3.77e-26	97.9
tr|A0A063KWA5|Release	GCF_000733715.2_WP_017362912.1	26.829	83	90	99	82	60	0	2	83	7	88	3.87e-26	97.4
tr|A0A063KWA5|Release	GCF_013409125.2_WP_099525265.1	27.273	83	90	93	77	56	0	2	78	7	83	4.76e-26	97.1
tr|A0A063KWA5|Release	GCF_004684345.1_WP_135321947.1	26.582	83	93	95	79	58	0	2	80	10	88	5.23e-26	97.1
tr|A0A063KWA5|Release	GCF_008632455.1_WP_150048082.1	32.911	83	84	95	79	52	1	2	80	6	83	6.67e-26	96.5
tr|A0A063KWA5|Release	GCF_017167985.1_WP_079784061.1	28.571	83	90	93	77	55	0	2	78	7	83	8.85e-26	96.5
tr|A0A063KWA5|Release	GCF_017329545.1_WP_047884589.1	32.051	83	95	94	78	53	0	2	79	8	85	1.27e-25	96.2
tr|A0A063KWA5|Release	GCF_019797925.1_WP_193521737.1	37.037	83	80	98	81	50	1	1	81	1	80	1.54e-25	95.7
tr|A0A063KWA5|Release	GCF_001007935.1_WP_046849946.1	28.750	83	84	96	80	57	0	1	80	5	84	3.04e-25	95.1
tr|A0A063KWA5|Release	GCF_001455205.1_WP_062560013.1	36.250	83	84	96	80	50	1	2	81	6	84	3.86e-25	94.8
tr|A0A063KWA5|Release	GCF_000014765.1_WP_011633385.1	30.380	83	89	95	79	55	0	2	80	5	83	8.10e-25	94.0
tr|A0A063KWA5|Release	GCF_017167985.1_WP_093053415.1	24.051	83	92	95	79	60	0	2	80	7	85	8.62e-25	94.0
tr|A0A063KWA5|Release	GCF_000968535.2_WP_014147785.1	33.750	83	84	96	80	52	1	2	81	6	84	1.01e-24	93.7
tr|A0A063KWA5|Release	GCF_001594225.2_WP_064379396.1	26.582	83	92	95	79	58	0	2	80	7	85	1.09e-24	93.7
tr|A0A063KWA5|Release	GCF_005931095.1_WP_017839868.1	32.500	83	84	96	80	53	1	2	81	6	84	1.32e-24	93.4
tr|A0A063KWA5|Release	GCF_000178875.2_WP_012197738.1	26.506	83	90	100	83	61	0	1	83	6	88	1.83e-24	93.1
tr|A0A063KWA5|Release	GCF_019047765.1_WP_040231149.1	26.582	83	89	95	79	58	0	2	80	10	88	1.93e-24	93.1
tr|A0A063KWA5|Release	GCF_024746855.1_WP_260492542.1	40.000	83	79	96	80	47	1	1	80	1	79	2.54e-24	92.6
tr|A0A063KWA5|Release	GCF_003957745.1_WP_126168493.1	27.273	83	87	93	77	56	0	2	78	7	83	2.99e-24	92.6
tr|A0A063KWA5|Release	GCF_017915135.1_WP_210390879.1	24.675	83	90	93	77	58	0	2	78	7	83	3.06e-24	92.6
tr|A0A063KWA5|Release	GCF_019977755.1_WP_126608378.1	30.588	83	103	95	85	53	1	1	79	15	99	3.56e-24	92.6
tr|A0A063KWA5|Release	GCF_900682675.2_WP_069898892.1	25.316	83	94	95	79	59	0	2	80	7	85	3.95e-24	92.3
tr|A0A063KWA5|Release	GCF_001708425.1_WP_055136127.1	24.051	83	94	95	79	60	0	2	80	7	85	4.01e-24	92.3
tr|A0A063KWA5|Release	GCF_000018285.1_WP_012155987.1	32.673	83	102	96	101	47	1	1	80	1	101	4.84e-24	92.3
tr|A0A063KWA5|Release	GCF_002355475.1_WP_003455993.1	23.171	83	90	99	82	63	0	2	83	5	86	1.77e-23	90.6
tr|A0A063KWA5|Release	GCF_008807375.1_WP_151133519.1	23.171	83	90	99	82	63	0	2	83	5	86	3.45e-23	89.8
tr|A0A063KWA5|Release	GCF_017638925.1_WP_208844867.1	34.177	83	81	95	79	51	1	1	79	1	78	4.17e-23	89.5
tr|A0A063KWA5|Release	GCF_017354925.1_WP_207321174.1	28.750	83	87	96	80	57	0	2	81	7	86	4.53e-23	89.5
tr|A0A063KWA5|Release	GCF_016834455.1_WP_203325205.1	25.974	83	86	93	77	57	0	2	78	7	83	6.16e-23	89.2
tr|A0A063KWA5|Release	GCF_021029445.1_WP_230924827.1	27.273	83	89	93	77	55	1	2	78	7	82	6.82e-23	89.2
tr|A0A063KWA5|Release	GCF_003568825.1_WP_040644076.1	27.711	83	83	96	83	57	1	1	80	1	83	7.48e-23	88.9
tr|A0A063KWA5|Release	GCF_017354965.1_WP_207380278.1	28.750	83	87	96	80	57	0	2	81	7	86	7.53e-23	88.9
tr|A0A063KWA5|Release	GCF_000785705.2_WP_036272019.1	32.911	83	82	95	79	51	2	2	80	6	82	7.83e-23	88.9
tr|A0A063KWA5|Release	GCF_000015245.1_WP_011761423.1	25.974	83	86	93	77	57	0	2	78	7	83	1.41e-22	88.4
tr|A0A063KWA5|Release	GCF_019703835.1_WP_087020305.1	28.395	83	79	98	81	54	1	2	82	1	77	1.63e-22	87.8
tr|A0A063KWA5|Release	GCF_000147355.1_WP_013326989.1	40.909	83	67	80	66	39	0	15	80	1	66	2.01e-22	87.5
tr|A0A063KWA5|Release	GCF_012767755.2_WP_173176508.1	23.377	83	91	93	77	56	1	4	80	9	82	2.29e-22	87.8
tr|A0A063KWA5|Release	GCF_019670705.1_WP_100146025.1	23.377	83	92	93	77	59	0	2	78	7	83	3.33e-22	87.5
tr|A0A063KWA5|Release	GCF_009730655.1_WP_156020461.1	23.377	83	92	93	77	59	0	2	78	7	83	7.20e-22	86.7
tr|A0A063KWA5|Release	GCF_021172065.1_WP_015965827.1	34.375	83	86	77	64	41	1	2	65	10	72	2.97e-21	85.0
tr|A0A063KWA5|Release	GCF_020097475.1_WP_000062318.1	37.500	83	86	77	64	39	1	2	65	10	72	3.32e-21	84.7
tr|A0A063KWA5|Release	GCF_001461805.1_WP_013367515.1	35.938	83	86	77	64	40	1	2	65	10	72	5.14e-21	84.1
tr|A0A063KWA5|Release	GCF_002215585.1_WP_088903590.1	29.487	83	89	94	78	54	1	1	78	6	82	5.42e-21	84.1
tr|A0A063KWA5|Release	GCF_000006925.2_NP_706134.1	35.938	83	86	77	64	40	1	2	65	10	72	1.40e-20	83.0
tr|A0A063KWA5|Release	GCF_016904755.1_WP_059234959.1	34.375	83	86	77	64	41	1	2	65	10	72	1.50e-20	83.0
tr|A0A063KWA5|Release	GCF_000005845.2_NP_414731.2	35.938	83	84	77	64	40	1	2	65	8	70	1.84e-20	82.7
tr|A0A063KWA5|Release	GCF_003855395.1_WP_124730567.1	30.120	83	88	95	83	54	2	2	80	4	86	2.67e-20	82.5
tr|A0A063KWA5|Release	GCF_002163605.1_WP_157665988.1	34.375	83	86	77	64	41	1	2	65	10	72	2.77e-20	82.5
tr|A0A063KWA5|Release	GCF_023195735.1_WP_035891978.1	37.500	83	86	77	64	39	1	2	65	10	72	2.82e-20	82.5
tr|A0A063KWA5|Release	GCF_009649915.1_WP_062772223.1	37.500	83	86	77	64	39	1	2	65	10	72	2.88e-20	82.5
tr|A0A063KWA5|Release	GCF_003025345.2_WP_003155955.1	26.190	83	91	95	84	57	1	2	80	7	90	3.75e-20	82.2
tr|A0A063KWA5|Release	GCF_013423785.1_WP_180308358.1	29.870	83	88	93	77	53	1	2	78	10	85	3.91e-20	82.2
tr|A0A063KWA5|Release	GCF_001683395.1_WP_017458015.1	34.375	83	86	77	64	41	1	2	65	10	72	4.15e-20	81.9
tr|A0A063KWA5|Release	GCF_009036245.1_WP_025756830.1	34.375	83	86	77	64	41	1	2	65	10	72	4.36e-20	81.9
tr|A0A063KWA5|Release	GCF_001658025.2_WP_007373243.1	35.938	83	86	77	64	40	1	2	65	10	72	5.07e-20	81.6
tr|A0A063KWA5|Release	GCF_900638065.1_WP_048212636.1	35.938	83	86	77	64	40	1	2	65	10	72	5.89e-20	81.6
tr|A0A063KWA5|Release	GCF_018139045.1_WP_004129134.1	34.375	83	86	77	64	41	1	2	65	10	72	5.99e-20	81.6
tr|A0A063KWA5|Release	GCF_001022135.1_WP_039078449.1	34.375	83	86	77	64	41	1	2	65	10	72	6.04e-20	81.6
tr|A0A063KWA5|Release	GCF_004684345.1_WP_135323069.1	35.938	83	86	77	64	40	1	2	65	10	72	6.80e-20	81.3
tr|A0A063KWA5|Release	GCF_003812345.1_WP_003018503.1	35.938	83	86	77	64	40	1	2	65	10	72	7.02e-20	81.3
tr|A0A063KWA5|Release	GCF_001518835.1_WP_059308693.1	34.375	83	86	77	64	41	1	2	65	10	72	7.07e-20	81.3
tr|A0A063KWA5|Release	GCF_009363135.1_WP_090122691.1	34.375	83	86	77	64	41	1	2	65	10	72	7.19e-20	81.3
tr|A0A063KWA5|Release	GCF_024346675.1_WP_048897676.1	26.582	83	86	95	79	58	0	2	80	8	86	7.30e-20	81.3
tr|A0A063KWA5|Release	GCF_003594935.2_WP_006173581.1	34.375	83	86	77	64	41	1	2	65	10	72	8.29e-20	81.0
tr|A0A063KWA5|Release	GCF_007632255.1_WP_015368146.1	34.375	83	86	77	64	41	1	2	65	10	72	8.98e-20	81.0
tr|A0A063KWA5|Release	GCF_003812925.1_WP_004107903.1	34.375	83	86	77	64	41	1	2	65	10	72	9.05e-20	81.0
tr|A0A063KWA5|Release	GCF_015137655.1_WP_028015593.1	34.375	83	86	77	64	41	1	2	65	10	72	9.49e-20	81.0
tr|A0A063KWA5|Release	GCF_003261575.2_WP_110272453.1	35.938	83	86	77	64	40	1	2	65	10	72	9.80e-20	81.0
tr|A0A063KWA5|Release	GCF_003935895.2_WP_110510858.1	34.375	83	86	77	64	41	1	2	65	10	72	9.88e-20	81.0
tr|A0A063KWA5|Release	GCF_029457395.1_WP_024766443.1	20.988	83	92	93	81	60	1	4	80	9	89	1.06e-19	81.0
tr|A0A063KWA5|Release	GCF_025758125.1_WP_023480196.1	32.812	83	86	77	64	42	1	2	65	10	72	1.09e-19	80.8
tr|A0A063KWA5|Release	GCF_000439255.1_WP_000062328.1	35.938	83	86	77	64	40	1	2	65	10	72	1.23e-19	80.8
tr|A0A063KWA5|Release	GCF_019048625.1_WP_023305471.1	34.375	83	86	77	64	41	1	2	65	10	72	1.29e-19	80.8
tr|A0A063KWA5|Release	GCF_000018045.1_WP_024130681.1	34.375	83	86	77	64	41	1	2	65	10	72	1.36e-19	80.5
tr|A0A063KWA5|Release	GCF_021278985.1_WP_012904575.1	34.375	83	86	77	64	41	1	2	65	10	72	1.37e-19	80.5
tr|A0A063KWA5|Release	GCF_015139575.1_WP_004098776.1	34.375	83	86	77	64	41	1	2	65	10	72	1.45e-19	80.5
tr|A0A063KWA5|Release	GCF_009176645.1_WP_152083529.1	32.812	83	86	77	64	42	1	2	65	10	72	1.45e-19	80.5
tr|A0A063KWA5|Release	GCF_018128425.1_WP_042289833.1	34.375	83	86	77	64	41	1	2	65	10	72	1.50e-19	80.5
tr|A0A063KWA5|Release	GCF_001729805.1_WP_008501890.1	32.812	83	86	77	64	42	1	2	65	10	72	1.52e-19	80.5
tr|A0A063KWA5|Release	GCF_027886705.1_WP_061497537.1	35.938	83	86	77	64	40	1	2	65	10	72	1.53e-19	80.5
tr|A0A063KWA5|Release	GCF_022637595.1_WP_004858152.1	34.375	83	86	77	64	41	1	2	65	10	72	1.54e-19	80.5
tr|A0A063KWA5|Release	GCF_025914095.1_WP_031518416.1	32.812	83	86	77	64	42	1	2	65	10	72	1.64e-19	80.5
tr|A0A063KWA5|Release	GCF_006711645.1_WP_100682484.1	34.375	83	86	77	64	41	1	2	65	10	72	1.71e-19	80.5
tr|A0A063KWA5|Release	GCF_001750725.1_WP_014168720.1	32.812	83	86	77	64	42	1	2	65	10	72	1.91e-19	80.2
tr|A0A063KWA5|Release	GCF_000224675.1_WP_010426685.1	32.812	83	86	77	64	42	1	2	65	10	72	2.24e-19	80.2
tr|A0A063KWA5|Release	GCF_014524625.1_WP_009050814.1	21.519	83	92	95	79	62	0	2	80	7	85	2.37e-19	80.2
tr|A0A063KWA5|Release	GCF_000240185.1_YP_005225236.1	34.375	83	86	77	64	41	1	2	65	10	72	2.54e-19	79.9
tr|A0A063KWA5|Release	GCF_001277175.1_WP_007760020.1	31.250	83	86	77	64	43	1	2	65	10	72	2.60e-19	79.9
tr|A0A063KWA5|Release	GCF_004353845.1_WP_103768334.1	34.375	83	86	77	64	41	1	2	65	10	72	2.62e-19	79.9
tr|A0A063KWA5|Release	GCF_022637515.1_WP_064539750.1	32.812	83	86	77	64	42	1	2	65	10	72	2.93e-19	79.6
tr|A0A063KWA5|Release	GCF_001558935.2_WP_042323659.1	34.375	83	86	77	64	41	1	2	65	10	72	3.12e-19	79.6
tr|A0A063KWA5|Release	GCF_000014705.1_WP_011637758.1	27.711	83	88	95	83	56	2	2	80	4	86	3.21e-19	79.6
tr|A0A063KWA5|Release	GCF_013234275.1_WP_172895488.1	31.250	83	86	77	64	43	1	2	65	10	72	3.33e-19	79.6
tr|A0A063KWA5|Release	GCF_011068345.1_WP_002436992.1	31.250	83	86	77	64	43	1	2	65	10	72	3.52e-19	79.6
tr|A0A063KWA5|Release	GCF_011617105.1_WP_025800203.1	32.812	83	86	77	64	42	1	2	65	10	72	3.93e-19	79.4
tr|A0A063KWA5|Release	GCF_021276285.1_WP_095923198.1	35.938	83	86	77	64	40	1	2	65	10	72	4.29e-19	79.4
tr|A0A063KWA5|Release	GCF_024224615.1_WP_125293588.1	31.250	83	86	77	64	43	1	2	65	10	72	4.80e-19	79.4
tr|A0A063KWA5|Release	GCF_001277255.1_WP_007666633.1	34.375	83	86	77	64	41	1	2	65	10	72	4.87e-19	79.1
tr|A0A063KWA5|Release	GCF_001277195.1_WP_032966924.1	32.812	83	86	77	64	42	1	2	65	10	72	5.19e-19	79.1
tr|A0A063KWA5|Release	GCF_000146165.2_WP_164925808.1	26.582	83	89	94	79	57	1	1	78	6	84	5.56e-19	79.1
tr|A0A063KWA5|Release	GCF_001277215.2_WP_007776988.1	31.250	83	86	77	64	43	1	2	65	10	72	6.80e-19	78.8
tr|A0A063KWA5|Release	GCF_022637475.1_WP_013574214.1	34.375	83	86	77	64	41	1	2	65	10	72	6.91e-19	78.8
tr|A0A063KWA5|Release	GCF_009648935.1_WP_047417117.1	34.375	83	86	77	64	41	1	2	65	10	72	8.84e-19	78.5
tr|A0A063KWA5|Release	GCF_002393445.1_WP_061273728.1	32.812	83	86	77	64	42	1	2	65	10	72	1.01e-18	78.5
tr|A0A063KWA5|Release	GCF_000834395.1_WP_042546713.1	32.812	83	86	77	64	42	1	2	65	10	72	1.10e-18	78.2
tr|A0A063KWA5|Release	GCF_020150375.1_WP_004094310.1	31.250	83	86	77	64	43	1	2	65	10	72	1.21e-18	78.2
tr|A0A063KWA5|Release	GCF_002005305.1_WP_077753428.1	21.795	83	86	94	78	61	0	1	78	6	83	1.27e-18	78.2
tr|A0A063KWA5|Release	GCF_012029655.1_WP_041144145.1	35.938	83	86	77	64	40	1	2	65	10	72	1.30e-18	78.2
tr|A0A063KWA5|Release	GCF_012971725.1_WP_169940133.1	21.519	83	92	90	79	58	1	4	78	9	87	1.39e-18	78.2
tr|A0A063KWA5|Release	GCF_003019925.1_WP_162185254.1	34.375	83	86	77	64	41	1	2	65	10	72	1.41e-18	78.0
tr|A0A063KWA5|Release	GCF_000006945.2_NP_459242.1	35.938	83	86	77	64	40	1	2	65	10	72	1.57e-18	78.0
tr|A0A063KWA5|Release	GCF_900635955.1_WP_126357486.1	32.812	83	86	77	64	42	1	2	65	10	72	1.58e-18	78.0
tr|A0A063KWA5|Release	GCF_004124235.1_WP_025377303.1	32.812	83	86	77	64	42	1	2	65	10	72	1.72e-18	77.7
tr|A0A063KWA5|Release	GCF_025133195.1_WP_032910235.1	32.812	83	86	77	64	42	1	2	65	10	72	1.81e-18	77.7
tr|A0A063KWA5|Release	GCF_026427595.1_WP_251812951.1	25.000	83	88	96	84	59	2	1	80	4	87	2.11e-18	77.7
tr|A0A063KWA5|Release	GCF_000222975.1_WP_002218374.1	32.812	83	86	77	64	42	1	2	65	10	72	2.41e-18	77.4
tr|A0A063KWA5|Release	GCF_013282725.1_WP_032813813.1	31.250	83	86	77	64	43	1	2	65	10	72	2.67e-18	77.4
tr|A0A063KWA5|Release	GCF_000233595.1_WP_013024706.1	28.125	83	86	77	64	45	1	2	65	10	72	3.20e-18	77.1
tr|A0A063KWA5|Release	GCF_019890955.1_WP_211725887.1	34.375	83	87	77	64	41	1	2	65	10	72	3.73e-18	77.1
tr|A0A063KWA5|Release	GCF_000014885.1_WP_020912292.1	25.641	83	87	94	78	58	0	2	79	7	84	3.88e-18	76.8
tr|A0A063KWA5|Release	GCF_000264765.2_WP_034163237.1	29.688	83	86	77	64	44	1	2	65	10	72	3.94e-18	76.8
tr|A0A063KWA5|Release	GCF_020079945.1_WP_039382769.1	34.375	83	87	77	64	41	1	2	65	10	72	4.00e-18	76.8
tr|A0A063KWA5|Release	GCF_009730055.1_WP_032906500.1	32.812	83	86	77	64	42	1	2	65	10	72	4.54e-18	76.8
tr|A0A063KWA5|Release	GCF_000834455.1_WP_032817050.1	32.812	83	86	77	64	42	1	2	65	10	72	4.69e-18	76.8
tr|A0A063KWA5|Release	GCF_021733145.1_WP_012847629.1	29.688	83	86	77	64	44	1	2	65	10	72	4.88e-18	76.5
tr|A0A063KWA5|Release	GCF_000520015.2_WP_024910172.1	31.250	83	87	77	64	43	1	2	65	10	72	5.37e-18	76.5
tr|A0A063KWA5|Release	GCF_902387845.1_WP_004237241.1	37.500	83	88	77	64	39	1	2	65	10	72	5.60e-18	76.5
tr|A0A063KWA5|Release	GCF_009817885.1_WP_105232289.1	31.250	83	87	77	64	43	1	2	65	10	72	6.15e-18	76.5
tr|A0A063KWA5|Release	GCF_017498685.1_WP_038245151.1	31.250	83	86	77	64	43	1	2	65	10	72	6.44e-18	76.3
tr|A0A063KWA5|Release	GCF_006385555.1_WP_140234395.1	31.325	83	87	95	83	53	2	2	80	4	86	6.82e-18	76.3
tr|A0A063KWA5|Release	GCF_020268605.1_WP_180560445.1	32.468	83	88	92	77	50	2	2	77	10	85	9.16e-18	76.0
tr|A0A063KWA5|Release	GCF_001642805.2_WP_004931991.1	31.250	83	87	77	64	43	1	2	65	10	72	1.01e-17	76.0
tr|A0A063KWA5|Release	GCF_016026735.1_WP_015673540.1	31.250	83	87	77	64	43	1	2	65	10	72	1.06e-17	75.7
tr|A0A063KWA5|Release	GCF_900478135.1_WP_111739359.1	31.746	83	88	76	63	42	1	2	64	11	72	1.07e-17	75.7
tr|A0A063KWA5|Release	GCF_011044475.1_WP_033740322.1	28.125	83	86	77	64	45	1	2	65	10	72	1.19e-17	75.7
tr|A0A063KWA5|Release	GCF_000196615.1_WP_013200864.1	29.688	83	87	77	64	44	1	2	65	10	72	1.22e-17	75.7
tr|A0A063KWA5|Release	GCF_000262305.1_WP_002441069.1	31.250	83	86	77	64	43	1	2	65	10	72	1.45e-17	75.4
tr|A0A063KWA5|Release	GCF_003990335.1_WP_127025819.1	24.658	83	91	88	73	54	1	1	73	5	76	1.49e-17	75.4
tr|A0A063KWA5|Release	GCF_013460135.1_WP_180816665.1	37.500	83	88	77	64	39	1	2	65	10	72	1.53e-17	75.4
tr|A0A063KWA5|Release	GCF_019844095.1_WP_062747070.1	28.125	83	88	77	64	45	1	2	65	11	73	1.57e-17	75.4
tr|A0A063KWA5|Release	GCF_021462285.1_WP_234585968.1	31.250	83	87	77	64	43	1	2	65	10	72	1.88e-17	75.1
tr|A0A063KWA5|Release	GCF_002953195.1_WP_038628016.1	31.250	83	87	77	64	43	1	2	65	10	72	2.12e-17	75.1
tr|A0A063KWA5|Release	GCF_022647505.1_WP_128179458.1	31.250	83	87	77	64	43	1	2	65	10	72	2.17e-17	75.1
tr|A0A063KWA5|Release	GCF_004768525.1_WP_026822068.1	34.375	83	88	77	64	41	1	2	65	10	72	2.63e-17	74.9
tr|A0A063KWA5|Release	GCF_004295645.1_WP_228350951.1	33.333	83	88	76	63	41	1	2	64	11	72	2.81e-17	74.9
tr|A0A063KWA5|Release	GCF_000196475.1_WP_012776850.1	25.000	83	88	96	80	55	2	2	81	10	84	2.87e-17	74.9
tr|A0A063KWA5|Release	GCF_020683125.1_WP_133842177.1	28.125	83	88	77	64	45	1	2	65	11	73	3.29e-17	74.6
tr|A0A063KWA5|Release	GCF_003096015.2_WP_230514010.1	31.746	83	88	76	63	42	1	2	64	11	72	3.76e-17	74.3
tr|A0A063KWA5|Release	GCF_004792415.1_WP_013356856.1	24.242	83	86	80	66	49	1	2	67	10	74	4.19e-17	74.3
tr|A0A063KWA5|Release	GCF_000026185.1_WP_012440659.1	31.250	83	87	77	64	43	1	2	65	10	72	4.77e-17	74.0
tr|A0A063KWA5|Release	GCF_000517425.1_WP_025421126.1	33.333	83	86	80	66	43	1	2	67	10	74	5.00e-17	74.0
tr|A0A063KWA5|Release	GCF_000010085.1_WP_011411656.1	33.333	83	86	80	66	43	1	2	67	10	74	5.67e-17	74.0
tr|A0A063KWA5|Release	GCF_002504285.1_WP_005282992.1	28.125	83	86	77	64	45	1	2	65	10	72	5.76e-17	74.0
tr|A0A063KWA5|Release	GCF_900187015.1_WP_061796701.1	30.645	83	87	75	62	42	1	2	63	10	70	6.00e-17	74.0
tr|A0A063KWA5|Release	GCF_023517775.1_WP_249893541.1	34.375	83	87	77	64	41	1	2	65	10	72	6.10e-17	74.0
tr|A0A063KWA5|Release	GCF_002101395.1_WP_085067900.1	34.375	83	87	77	64	41	1	2	65	10	72	6.98e-17	73.7
tr|A0A063KWA5|Release	GCF_008033135.1_WP_148717358.1	23.377	83	87	93	77	58	1	2	78	7	82	9.90e-17	73.5
tr|A0A063KWA5|Release	GCF_900638655.1_WP_047781753.1	33.333	83	88	76	63	41	1	2	64	11	72	1.11e-16	73.2
tr|A0A063KWA5|Release	GCF_019797845.1_WP_222158377.1	31.169	83	86	93	77	48	2	2	78	10	81	1.16e-16	73.2
tr|A0A063KWA5|Release	GCF_000016065.1_WP_011864074.1	23.077	83	93	94	78	59	1	1	78	6	82	1.23e-16	73.2
tr|A0A063KWA5|Release	GCF_020342335.1_WP_067428135.1	27.273	83	87	80	66	47	1	2	67	10	74	1.52e-16	72.9
tr|A0A063KWA5|Release	GCF_019048385.1_WP_062759648.1	25.758	83	86	80	66	48	1	2	67	10	74	1.58e-16	72.9
tr|A0A063KWA5|Release	GCF_001010285.1_WP_046974061.1	26.562	83	88	77	64	46	1	2	65	10	72	1.83e-16	72.6
tr|A0A063KWA5|Release	GCF_009646115.1_WP_008925644.1	24.242	83	86	80	66	49	1	2	67	10	74	2.28e-16	72.3
tr|A0A063KWA5|Release	GCF_003074995.2_WP_015870269.1	28.125	83	86	77	64	45	1	2	65	10	72	2.41e-16	72.3
tr|A0A063KWA5|Release	GCF_002291425.1_WP_095847471.1	31.250	83	87	77	64	43	1	2	65	10	72	2.49e-16	72.3
tr|A0A063KWA5|Release	GCF_005671395.1_WP_138095872.1	30.645	83	86	75	62	42	1	2	63	10	70	3.20e-16	72.0
tr|A0A063KWA5|Release	GCF_019090985.1_WP_036781226.1	25.000	83	88	77	64	47	1	2	65	10	72	4.85e-16	71.5
tr|A0A063KWA5|Release	GCF_016026395.1_WP_024524235.1	28.125	83	86	77	64	45	1	2	65	10	72	7.73e-16	70.9
tr|A0A063KWA5|Release	GCF_022647325.1_WP_111140597.1	25.758	83	86	80	66	48	1	2	67	10	74	8.30e-16	70.9
tr|A0A063KWA5|Release	GCF_008364325.2_WP_020826409.1	24.051	83	84	95	79	57	1	2	80	7	82	9.04e-16	70.9
tr|A0A063KWA5|Release	GCF_000968195.1_WP_045972480.1	26.250	83	87	96	80	54	2	2	81	11	85	1.17e-15	70.6
tr|A0A063KWA5|Release	GCF_009914055.1_WP_160619715.1	31.250	83	87	77	64	43	1	2	65	10	72	1.25e-15	70.6
tr|A0A063KWA5|Release	GCF_000025065.1_WP_012883679.1	31.250	83	86	77	64	43	1	2	65	10	72	1.29e-15	70.4
tr|A0A063KWA5|Release	GCF_000091565.1_WP_004159420.1	32.258	83	87	75	62	41	1	2	63	10	70	1.37e-15	70.4
tr|A0A063KWA5|Release	GCF_011045835.1_WP_075671674.1	24.390	83	86	99	82	57	2	2	83	10	86	1.68e-15	70.1
tr|A0A063KWA5|Release	GCF_022369495.1_WP_072064250.1	24.390	83	86	99	82	57	2	2	83	10	86	2.17e-15	69.8
tr|A0A063KWA5|Release	GCF_020541225.1_WP_226811316.1	30.303	83	86	80	66	45	1	2	67	10	74	2.33e-15	69.8
tr|A0A063KWA5|Release	GCF_000517405.1_WP_038469034.1	31.818	83	83	80	66	44	1	2	67	7	71	2.56e-15	69.8
tr|A0A063KWA5|Release	GCF_000196155.1_WP_011145066.1	25.000	83	88	77	64	47	1	2	65	10	72	2.81e-15	69.8
tr|A0A063KWA5|Release	GCF_003515985.1_WP_085653101.1	28.125	83	86	77	64	45	1	2	65	10	72	3.15e-15	69.5
tr|A0A063KWA5|Release	GCF_900095885.1_WP_035340381.1	26.562	83	86	77	64	46	1	2	65	10	72	3.33e-15	69.5
tr|A0A063KWA5|Release	GCF_012427845.1_WP_012773648.1	29.688	83	86	77	64	44	1	2	65	10	72	3.49e-15	69.5
tr|A0A063KWA5|Release	GCF_020511155.1_WP_226415657.1	28.571	83	87	96	84	56	2	1	80	4	87	3.79e-15	69.2
tr|A0A063KWA5|Release	GCF_007858975.2_WP_042869176.1	31.250	83	86	77	64	43	1	2	65	10	72	3.91e-15	69.2
tr|A0A063KWA5|Release	GCF_000023565.1_WP_012770818.1	31.250	83	86	77	64	43	1	2	65	10	72	4.30e-15	69.2
tr|A0A063KWA5|Release	GCF_002288545.1_WP_029367608.1	29.688	83	86	77	64	44	1	2	65	10	72	4.40e-15	69.2
tr|A0A063KWA5|Release	GCF_009831665.3_WP_006709226.1	24.242	83	87	80	66	49	1	2	67	10	74	5.00e-15	69.0
tr|A0A063KWA5|Release	GCF_021365465.1_WP_016190321.1	32.812	83	87	77	64	42	1	2	65	10	72	5.12e-15	69.0
tr|A0A063KWA5|Release	GCF_000214235.1_WP_004952197.1	26.562	83	85	77	64	46	1	2	65	8	70	5.27e-15	69.0
tr|A0A063KWA5|Release	GCF_009873295.1_WP_039312412.1	29.688	83	86	77	64	44	1	2	65	10	72	5.36e-15	69.0
tr|A0A063KWA5|Release	GCF_005484945.1_WP_137712817.1	29.688	83	86	77	64	44	1	2	65	10	72	5.76e-15	69.0
tr|A0A063KWA5|Release	GCF_020991025.1_WP_152109250.1	30.769	83	83	77	65	43	2	2	65	8	71	5.84e-15	68.7
tr|A0A063KWA5|Release	GCF_029277985.1_WP_154623766.1	28.125	83	87	77	64	45	1	2	65	10	72	7.15e-15	68.7
tr|A0A063KWA5|Release	GCF_008364325.2_WP_230090436.1	28.125	83	85	77	64	45	1	2	65	8	70	7.78e-15	68.4
tr|A0A063KWA5|Release	GCF_015999465.1_WP_085688159.1	26.562	83	86	77	64	46	1	2	65	10	72	8.11e-15	68.4
tr|A0A063KWA5|Release	GCF_001006005.1_WP_223499701.1	29.688	83	85	77	64	44	1	2	65	8	70	8.49e-15	68.4
tr|A0A063KWA5|Release	GCF_000740965.1_WP_011092648.1	29.688	83	86	77	64	44	1	2	65	10	72	9.06e-15	68.4
tr|A0A063KWA5|Release	GCF_009931295.1_WP_161528353.1	29.688	83	86	77	64	44	1	2	65	10	72	9.58e-15	68.4
tr|A0A063KWA5|Release	GCF_001742185.1_WP_005975933.1	29.688	83	86	77	64	44	1	2	65	10	72	1.05e-14	68.1
tr|A0A063KWA5|Release	GCF_003992745.1_WP_014700896.1	29.688	83	86	77	64	44	1	2	65	10	72	1.09e-14	68.1
tr|A0A063KWA5|Release	GCF_002812485.1_WP_038661467.1	29.688	83	86	77	64	44	1	2	65	10	72	1.13e-14	68.1
tr|A0A063KWA5|Release	GCF_000069965.1_WP_004245453.1	28.125	83	86	77	64	45	1	2	65	10	72	1.15e-14	68.1
tr|A0A063KWA5|Release	GCF_002393505.1_WP_006658392.1	29.688	83	87	77	64	44	1	2	65	10	72	1.16e-14	68.1
tr|A0A063KWA5|Release	GCF_000261045.2_WP_006318653.1	26.562	83	87	77	64	46	1	2	65	10	72	1.20e-14	68.1
tr|A0A063KWA5|Release	GCF_020181655.1_WP_225087160.1	28.125	83	86	77	64	45	1	2	65	10	72	1.35e-14	67.8
tr|A0A063KWA5|Release	GCF_900638135.1_WP_012146468.1	26.562	83	87	77	64	46	1	2	65	10	72	1.35e-14	67.8
tr|A0A063KWA5|Release	GCF_024347675.1_WP_261833361.1	46.154	83	54	47	39	21	0	1	39	1	39	1.61e-14	67.3
tr|A0A063KWA5|Release	GCF_000968175.1_WP_045959360.1	26.250	83	88	96	80	54	2	2	81	11	85	2.17e-14	67.3
tr|A0A063KWA5|Release	GCF_017742995.1_WP_247749573.1	46.512	83	48	52	43	23	0	1	43	1	43	2.18e-14	66.7
tr|A0A063KWA5|Release	GCF_004116975.1_WP_064720954.1	23.171	83	86	99	82	58	2	2	83	10	86	2.44e-14	67.3
tr|A0A063KWA5|Release	GCF_017569925.1_WP_208228065.1	29.688	83	86	77	64	44	1	2	65	10	72	2.58e-14	67.3
tr|A0A063KWA5|Release	GCF_003403135.1_WP_024104894.1	31.250	83	86	77	64	43	1	2	65	10	72	2.69e-14	67.0
tr|A0A063KWA5|Release	GCF_002291445.1_WP_048635886.1	28.125	83	86	77	64	45	1	2	65	10	72	2.71e-14	67.0
tr|A0A063KWA5|Release	GCF_001677435.1_WP_068615618.1	27.536	83	90	83	69	49	1	2	70	9	76	3.48e-14	67.0
tr|A0A063KWA5|Release	GCF_019047765.1_WP_040230035.1	35.938	83	86	77	64	40	1	2	65	10	72	3.78e-14	66.7
tr|A0A063KWA5|Release	GCF_900475855.1_WP_068441311.1	28.125	83	87	77	64	45	1	2	65	10	72	3.79e-14	66.7
tr|A0A063KWA5|Release	GCF_017743015.1_WP_209027287.1	27.500	83	88	96	80	53	2	2	81	10	84	3.79e-14	66.7
tr|A0A063KWA5|Release	GCF_000147055.1_WP_022632468.1	29.688	83	86	77	64	44	1	2	65	10	72	5.67e-14	66.4
tr|A0A063KWA5|Release	GCF_000023545.1_WP_015854637.1	26.562	83	86	77	64	46	1	2	65	10	72	5.90e-14	66.1
tr|A0A063KWA5|Release	GCF_002215215.1_WP_088918776.1	28.916	83	101	99	83	56	3	2	83	20	100	7.01e-14	66.4
tr|A0A063KWA5|Release	GCF_003204135.1_WP_004908806.1	28.125	83	87	77	64	45	1	2	65	10	72	8.11e-14	65.9
tr|A0A063KWA5|Release	GCF_002843235.3_WP_102139922.1	28.125	83	87	77	64	45	1	2	65	10	72	1.08e-13	65.6
tr|A0A063KWA5|Release	GCF_004358345.1_WP_121852852.1	28.788	83	76	80	66	47	0	2	67	8	73	1.11e-13	65.3
tr|A0A063KWA5|Release	GCF_017348915.1_WP_040077077.1	34.375	83	86	77	64	41	1	2	65	10	72	1.23e-13	65.3
tr|A0A063KWA5|Release	GCF_014295015.1_WP_013185414.1	26.250	83	87	96	80	54	2	2	81	11	85	1.53e-13	65.3
tr|A0A063KWA5|Release	GCF_007197555.1_WP_144048375.1	21.591	83	94	99	88	63	2	1	82	6	93	1.58e-13	65.3
tr|A0A063KWA5|Release	GCF_005484965.1_WP_009114129.1	28.125	83	86	77	64	45	1	2	65	10	72	1.88e-13	65.0
tr|A0A063KWA5|Release	GCF_022592395.1_WP_047255099.1	25.000	83	87	77	64	47	1	2	65	10	72	1.94e-13	65.0
tr|A0A063KWA5|Release	GCF_002952315.1_WP_012667243.1	26.562	83	87	77	64	46	1	2	65	10	72	2.41e-13	64.7
tr|A0A063KWA5|Release	GCF_025946765.1_WP_264497926.1	26.562	83	86	77	64	46	1	2	65	10	72	3.10e-13	64.5
tr|A0A063KWA5|Release	GCF_000013765.1_WP_011496543.1	23.810	83	106	96	84	60	2	2	81	23	106	4.34e-13	64.5
tr|A0A063KWA5|Release	GCF_001721185.1_WP_069317984.1	23.750	83	87	96	80	56	2	2	81	10	84	5.58e-13	63.9
tr|A0A063KWA5|Release	GCF_000940995.1_WP_082060442.1	21.429	83	93	84	70	55	0	10	79	16	85	5.75e-13	63.9
tr|A0A063KWA5|Release	GCF_003515105.1_WP_036973086.1	26.471	83	73	82	68	50	0	2	69	6	73	7.31e-13	63.3
tr|A0A063KWA5|Release	GCF_023650495.1_WP_250655372.1	26.190	83	88	96	84	58	2	1	80	4	87	1.55e-12	62.8
tr|A0A063KWA5|Release	GCF_000788395.1_WP_038641921.1	30.556	83	85	87	72	50	0	2	73	5	76	6.37e-12	61.1
tr|A0A063KWA5|Release	GCF_001444405.1_WP_058032142.1	30.882	83	87	82	68	47	0	1	68	1	68	6.53e-12	61.1
tr|A0A063KWA5|Release	GCF_003063625.1_WP_108601906.1	32.877	83	85	88	73	47	2	1	73	4	74	6.89e-12	61.1
tr|A0A063KWA5|Release	GCF_000012325.1_WP_011045621.1	32.353	83	84	82	68	45	1	2	69	5	71	9.31e-12	60.5
tr|A0A063KWA5|Release	GCF_019931735.1_WP_223417223.1	25.882	83	87	98	85	59	2	1	81	3	87	8.81e-11	58.3
tr|A0A063KWA5|Release	GCF_015209785.1_WP_193988300.1	23.438	83	73	77	64	49	0	2	65	6	69	2.52e-10	56.9
tr|A0A063KWA5|Release	GCF_000006765.1_NP_249630.1	25.000	83	108	95	84	58	1	2	80	7	90	3.51e-10	57.1
tr|A0A063KWA5|Release	GCF_002157225.2_WP_086934278.1	29.851	83	80	81	67	46	1	1	67	4	69	5.62e-10	56.0
tr|A0A063KWA5|Release	GCF_002218045.2_WP_089137819.1	28.986	83	79	80	69	46	1	2	67	9	77	1.18e-09	55.2
tr|A0A063KWA5|Release	GCF_021654855.1_WP_237262080.1	31.884	83	70	78	69	42	2	2	66	3	70	2.50e-07	49.0
tr|A0A063KWA5|Release	GCF_000238255.3_WP_010559905.1	36.232	83	86	82	69	42	2	2	69	5	72	3.05e-07	49.0
tr|A0A063KWA5|Release	GCF_020405345.1_WP_017780573.1	22.727	83	89	80	66	47	2	2	67	7	68	4.03e-07	49.0
tr|A0A063KWA5|Release	GCF_009662475.1_WP_031573754.1	27.273	83	79	80	66	47	1	2	67	8	72	5.49e-07	48.4
tr|A0A063KWA5|Release	GCF_008693705.1_WP_127008315.1	27.419	83	84	75	62	44	1	2	63	7	67	1.35e-06	47.3
tr|A0A063KWA5|Release	GCF_003966655.1_WP_113527441.1	25.758	83	77	80	66	48	1	2	67	8	72	2.25e-06	46.7
tr|A0A063KWA5|Release	GCF_016026875.1_WP_045525981.1	21.538	83	89	78	65	47	2	2	66	7	67	2.39e-06	47.0
tr|A0A063KWA5|Release	GCF_000026085.1_WP_041454550.1	22.727	83	73	78	66	49	2	2	66	6	70	3.03e-06	46.4
tr|A0A063KWA5|Release	GCF_028355655.1_WP_087756847.1	27.419	83	84	75	62	44	1	2	63	7	67	4.30e-06	46.2
tr|A0A063KWA5|Release	GCF_020423125.1_WP_226170850.1	27.419	83	84	75	62	44	1	2	63	7	67	7.20e-06	45.6
tr|A0A063KWA5|Release	GCF_013462805.1_WP_009566961.1	24.242	83	77	80	66	49	1	2	67	8	72	8.14e-06	45.3
tr|A0A063KWA5|Release	GCF_900637545.1_WP_042651794.1	30.159	83	84	76	63	43	1	2	64	7	68	1.36e-05	44.8
tr|A0A063KWA5|Release	GCF_020844025.1_WP_215848879.1	27.273	83	77	80	66	47	1	2	67	8	72	2.21e-05	44.2
tr|A0A063KWA5|Release	GCF_016026615.1_WP_197928313.1	27.419	83	89	75	62	44	1	2	63	7	67	2.83e-05	44.2
tr|A0A063KWA5|Release	GCF_020149575.1_WP_224431657.1	19.512	83	85	99	82	61	3	2	83	7	83	3.71e-05	43.6
tr|A0A063KWA5|Release	GCF_003015165.1_WP_106887831.1	27.419	83	84	75	62	44	1	2	63	7	67	4.24e-05	43.6
tr|A0A063KWA5|Release	GCF_014169735.1_WP_134997272.1	21.212	83	86	80	66	48	2	2	67	7	68	4.48e-04	41.1
tr|A0A063KWA5|Release	GCF_016127195.1_WP_042032742.1	19.697	83	89	80	66	49	2	2	67	7	68	5.19e-04	40.8
tr|A0A063KWA5|Release	GCF_001651805.1_WP_067384150.1	22.059	83	78	77	68	49	2	2	65	7	74	7.20e-04	40.3
tr|A0A063KWA5|Release	GCF_024347195.1_WP_271272618.1	22.388	83	77	77	67	49	2	2	65	7	73	7.56e-04	40.3
tr|A0A063KWA5|Release	GCF_004028275.1_WP_128384077.1	20.270	83	77	84	74	54	3	2	71	3	75	0.001	40.0
tr|A0A063KWA5|Release	GCF_003967195.1_WP_172597571.1	18.919	83	83	83	74	54	4	2	70	9	81	0.004	38.6
tr|A0A063KWA5|Release	GCF_013282625.1_WP_173286717.1	25.000	83	67	82	68	47	2	2	69	3	66	0.004	38.3
# PSIBLAST 2.13.0+
# Iteration: 3
# Query: tr|A0A063KWA5|Release 2019_11/2019_11|11-Dec-2019
# Database: db/chosen-bacteria_proteome_exDup
# Fields: query id, subject id, % identity, query length, subject length, % query coverage per subject, alignment length, mismatches, gap opens, q. start, q. end, s. start, s. end, evalue, bit score
# 378 hits found
tr|A0A063KWA5|Release	GCF_024347355.1_WP_105024956.1	48.780	83	83	99	82	42	0	1	82	1	82	4.48e-34	117
tr|A0A063KWA5|Release	GCF_024347475.1_WP_239840920.1	48.780	83	83	99	82	42	0	1	82	1	82	1.00e-33	116
tr|A0A063KWA5|Release	GCF_009938225.1_WP_075649723.1	44.444	83	82	98	81	45	0	1	81	1	81	3.24e-33	115
tr|A0A063KWA5|Release	GCF_022371215.1_WP_239718047.1	54.321	83	83	98	81	37	0	1	81	1	81	1.05e-32	113
tr|A0A063KWA5|Release	GCF_002204915.1_WP_052690899.1	37.037	83	101	98	81	51	0	1	81	20	100	1.72e-32	113
tr|A0A063KWA5|Release	GCF_008693605.1_WP_223849061.1	32.500	83	95	96	80	54	0	2	81	11	90	2.00e-32	113
tr|A0A063KWA5|Release	GCF_014905115.1_WP_193151849.1	50.000	83	81	96	80	40	0	1	80	1	80	2.45e-32	112
tr|A0A063KWA5|Release	GCF_025402875.1_WP_011791024.1	27.711	83	90	100	83	60	0	1	83	6	88	3.52e-32	112
tr|A0A063KWA5|Release	GCF_024347595.1_WP_176681244.1	51.852	83	83	98	81	39	0	1	81	1	81	6.14e-32	111
tr|A0A063KWA5|Release	GCF_009938185.1_WP_162048373.1	41.975	83	82	98	81	47	0	1	81	1	81	6.22e-32	111
tr|A0A063KWA5|Release	GCF_001597285.1_WP_061903727.1	28.049	83	92	99	82	59	0	2	83	7	88	7.47e-32	111
tr|A0A063KWA5|Release	GCF_024347635.1_WP_139683960.1	50.000	83	83	99	82	41	0	1	82	1	82	9.73e-32	111
tr|A0A063KWA5|Release	GCF_001558415.2_WP_061055374.1	45.783	83	83	100	83	45	0	1	83	1	83	1.18e-31	111
tr|A0A063KWA5|Release	GCF_024347455.1_WP_135458404.1	48.780	83	83	99	82	42	0	1	82	1	82	1.23e-31	111
tr|A0A063KWA5|Release	GCF_003812345.1_WP_121571778.1	31.250	83	94	96	80	55	0	2	81	10	89	1.32e-31	111
tr|A0A063KWA5|Release	GCF_004353845.1_WP_103770713.1	31.646	83	93	95	79	54	0	2	80	10	88	1.53e-31	111
tr|A0A063KWA5|Release	GCF_002407485.1_WP_096780111.1	38.272	83	81	98	81	50	0	1	81	1	81	1.85e-31	110
tr|A0A063KWA5|Release	GCF_000091465.1_WP_004733849.1	48.780	83	83	99	82	42	0	1	82	1	82	1.96e-31	110
tr|A0A063KWA5|Release	GCF_001995825.2_WP_017057338.1	48.780	83	83	99	82	42	0	1	82	1	82	2.01e-31	110
tr|A0A063KWA5|Release	GCF_014879975.1_WP_192888672.1	51.220	83	83	99	82	40	0	1	82	1	82	3.79e-31	109
tr|A0A063KWA5|Release	GCF_009068765.1_WP_151900329.1	51.250	83	81	96	80	39	0	1	80	1	80	3.90e-31	109
tr|A0A063KWA5|Release	GCF_008369605.1_WP_000253074.1	39.506	83	81	98	81	49	0	1	81	1	81	4.42e-31	109
tr|A0A063KWA5|Release	GCF_019670125.1_WP_221076876.1	43.750	83	81	96	80	45	0	1	80	1	80	4.98e-31	109
tr|A0A063KWA5|Release	GCF_024582835.1_WP_257083279.1	45.000	83	87	96	80	44	0	1	80	1	80	7.45e-31	109
tr|A0A063KWA5|Release	GCF_024971755.1_WP_259474826.1	26.506	83	88	100	83	61	0	1	83	6	88	1.17e-30	108
tr|A0A063KWA5|Release	GCF_024362845.1_WP_255230807.1	45.000	83	82	96	80	44	0	1	80	1	80	1.20e-30	108
tr|A0A063KWA5|Release	GCF_002355475.1_WP_004421315.1	29.114	83	91	95	79	56	0	2	80	8	86	1.53e-30	108
tr|A0A063KWA5|Release	GCF_004328865.1_WP_104643907.1	90.361	83	83	100	83	8	0	1	83	1	83	1.55e-30	108
tr|A0A063KWA5|Release	GCF_011397855.1_WP_044414183.1	29.114	83	90	95	79	56	0	2	80	7	85	1.99e-30	108
tr|A0A063KWA5|Release	GCF_001558255.2_WP_005504861.1	46.341	83	82	98	82	43	1	1	81	1	82	2.51e-30	107
tr|A0A063KWA5|Release	GCF_000178875.2_WP_012197738.1	26.506	83	90	100	83	61	0	1	83	6	88	2.83e-30	107
tr|A0A063KWA5|Release	GCF_024347655.1_WP_060467732.1	50.000	83	83	96	80	40	0	1	80	1	80	3.09e-30	107
tr|A0A063KWA5|Release	GCF_002214395.1_WP_010453422.1	39.506	83	81	98	81	49	0	1	81	1	81	3.25e-30	107
tr|A0A063KWA5|Release	GCF_001831495.1_WP_068547707.1	51.852	83	81	98	81	39	0	1	81	1	81	3.38e-30	107
tr|A0A063KWA5|Release	GCF_024347035.1_WP_102941394.1	41.975	83	81	98	81	47	0	1	81	1	81	3.66e-30	107
tr|A0A063KWA5|Release	GCF_009938205.1_WP_075706454.1	40.741	83	82	98	81	48	0	1	81	1	81	4.73e-30	107
tr|A0A063KWA5|Release	GCF_000733715.2_WP_017362912.1	26.829	83	90	99	82	60	0	2	83	7	88	5.09e-30	107
tr|A0A063KWA5|Release	GCF_000238395.3_WP_010553578.1	97.590	83	83	100	83	2	0	1	83	1	83	5.78e-30	107
tr|A0A063KWA5|Release	GCF_008807375.1_WP_151138908.1	26.582	83	91	95	79	58	0	2	80	8	86	6.03e-30	107
tr|A0A063KWA5|Release	GCF_005877035.1_WP_039486662.1	97.590	83	83	100	83	2	0	1	83	1	83	6.62e-30	106
tr|A0A063KWA5|Release	GCF_008329985.2_WP_149283950.1	35.802	83	81	98	81	52	0	1	81	1	81	6.65e-30	106
tr|A0A063KWA5|Release	GCF_013409125.2_WP_099525265.1	25.926	83	90	98	81	60	0	2	82	7	87	6.67e-30	106
tr|A0A063KWA5|Release	GCF_002221525.1_WP_089349457.1	83.133	83	83	100	83	14	0	1	83	1	83	1.02e-29	106
tr|A0A063KWA5|Release	GCF_024347495.1_WP_137371745.1	47.500	83	80	96	80	42	0	1	80	1	80	1.10e-29	106
tr|A0A063KWA5|Release	GCF_003668795.1_WP_054981706.1	80.723	83	83	100	83	16	0	1	83	1	83	1.14e-29	106
tr|A0A063KWA5|Release	GCF_004684345.1_WP_135321947.1	25.926	83	93	98	81	60	0	2	82	10	90	1.14e-29	106
tr|A0A063KWA5|Release	GCF_000297075.2_WP_003461742.1	25.926	83	90	98	81	60	0	2	82	7	87	1.15e-29	106
tr|A0A063KWA5|Release	GCF_024205225.1_WP_195881696.1	24.691	83	90	98	81	61	0	2	82	7	87	1.35e-29	106
tr|A0A063KWA5|Release	GCF_013200955.2_WP_173204463.1	29.114	83	91	95	79	56	0	2	80	8	86	1.65e-29	105
tr|A0A063KWA5|Release	GCF_001456255.1_WP_020335096.1	40.741	83	81	98	81	48	0	1	81	1	81	1.68e-29	105
tr|A0A063KWA5|Release	GCF_900233005.1_WP_102521318.1	46.914	83	81	98	81	43	0	1	81	1	81	1.96e-29	105
tr|A0A063KWA5|Release	GCF_000214665.1_WP_013819542.1	35.443	83	83	95	79	50	1	2	80	6	83	2.42e-29	105
tr|A0A063KWA5|Release	GCF_000148645.1_WP_013347076.1	37.500	83	80	96	80	50	0	2	81	1	80	2.42e-29	105
tr|A0A063KWA5|Release	GCF_001708425.1_WP_055136127.1	23.750	83	94	96	80	61	0	2	81	7	86	3.57e-29	105
tr|A0A063KWA5|Release	GCF_024494545.1_WP_256384876.1	49.383	83	81	98	81	41	0	1	81	1	81	5.08e-29	104
tr|A0A063KWA5|Release	GCF_019670105.1_WP_040307707.1	43.210	83	81	98	81	46	0	1	81	1	81	6.15e-29	104
tr|A0A063KWA5|Release	GCF_000009145.1_WP_041356315.1	33.333	83	90	98	81	54	0	1	81	5	85	6.58e-29	104
tr|A0A063KWA5|Release	GCF_000772105.1_WP_004748349.1	45.000	83	81	96	80	44	0	1	80	1	80	6.72e-29	104
tr|A0A063KWA5|Release	GCF_001007875.1_WP_046858354.1	43.750	83	80	96	80	45	0	1	80	1	80	6.81e-29	104
tr|A0A063KWA5|Release	GCF_006742785.1_WP_172630283.1	33.750	83	88	96	80	53	0	2	81	5	84	7.67e-29	104
tr|A0A063KWA5|Release	GCF_017167985.1_WP_079784061.1	27.160	83	90	98	81	59	0	2	82	7	87	8.75e-29	103
tr|A0A063KWA5|Release	GCF_000770115.1_WP_069687890.1	41.250	83	81	96	80	47	0	1	80	1	80	8.80e-29	103
tr|A0A063KWA5|Release	GCF_001594225.2_WP_064379396.1	26.250	83	92	96	80	59	0	2	81	7	86	9.99e-29	103
tr|A0A063KWA5|Release	GCF_008693645.1_WP_137347870.1	26.582	83	89	95	79	58	0	2	80	10	88	1.09e-28	103
tr|A0A063KWA5|Release	GCF_002906475.1_WP_012130247.1	37.500	83	81	96	80	50	0	1	80	1	80	1.32e-28	103
tr|A0A063KWA5|Release	GCF_017167985.1_WP_093053415.1	23.750	83	92	96	80	61	0	2	81	7	86	1.58e-28	103
tr|A0A063KWA5|Release	GCF_001999225.1_WP_077537996.1	71.951	83	82	99	82	23	0	1	82	1	82	1.92e-28	103
tr|A0A063KWA5|Release	GCF_002021755.1_WP_005434844.1	38.750	83	81	96	80	49	0	1	80	1	80	1.96e-28	103
tr|A0A063KWA5|Release	GCF_000024825.1_WP_005460845.1	41.975	83	81	98	81	47	0	1	81	1	81	3.68e-28	102
tr|A0A063KWA5|Release	GCF_900682675.2_WP_069898892.1	24.390	83	94	99	82	62	0	2	83	7	88	3.75e-28	102
tr|A0A063KWA5|Release	GCF_009363415.1_WP_152430616.1	37.037	83	84	98	81	51	0	1	81	1	81	3.82e-28	102
tr|A0A063KWA5|Release	GCF_017329545.1_WP_047884589.1	32.051	83	95	94	78	53	0	2	79	8	85	4.21e-28	102
tr|A0A063KWA5|Release	GCF_012767755.2_WP_173171843.1	26.582	83	90	95	79	58	0	2	80	7	85	4.43e-28	102
tr|A0A063KWA5|Release	GCF_024347675.1_WP_261835500.1	45.679	83	81	98	81	44	0	1	81	1	81	4.94e-28	102
tr|A0A063KWA5|Release	GCF_019670485.1_WP_221071211.1	42.500	83	81	96	80	46	0	1	80	1	80	9.10e-28	101
tr|A0A063KWA5|Release	GCF_017354925.1_WP_207321174.1	28.395	83	87	98	81	58	0	2	82	7	87	1.02e-27	101
tr|A0A063KWA5|Release	GCF_003957745.1_WP_126168493.1	26.582	83	87	95	79	58	0	2	80	7	85	1.17e-27	101
tr|A0A063KWA5|Release	GCF_008931805.1_WP_019441510.1	54.321	83	81	98	81	37	0	1	81	1	81	1.26e-27	100
tr|A0A063KWA5|Release	GCF_017915135.1_WP_210390879.1	24.390	83	90	99	82	62	0	2	83	7	88	1.29e-27	101
tr|A0A063KWA5|Release	GCF_019669905.1_WP_054759186.1	27.848	83	79	95	79	53	1	2	80	5	79	1.33e-27	100
tr|A0A063KWA5|Release	GCF_019047765.1_WP_040231149.1	26.582	83	89	95	79	58	0	2	80	10	88	1.36e-27	100
tr|A0A063KWA5|Release	GCF_017354965.1_WP_207380278.1	28.395	83	87	98	81	58	0	2	82	7	87	1.61e-27	100
tr|A0A063KWA5|Release	GCF_002157895.1_WP_227874980.1	41.975	83	82	98	81	47	0	1	81	2	82	1.88e-27	100
tr|A0A063KWA5|Release	GCF_024360925.2_WP_255188929.1	31.646	83	83	95	79	53	1	2	80	6	83	1.94e-27	100
tr|A0A063KWA5|Release	GCF_002355475.1_WP_003455993.1	23.171	83	90	99	82	63	0	2	83	5	86	2.40e-27	100
tr|A0A063KWA5|Release	GCF_003258315.1_WP_111337788.1	30.488	83	88	99	82	57	0	1	82	5	86	2.76e-27	100
tr|A0A063KWA5|Release	GCF_001007935.1_WP_046849946.1	28.750	83	84	96	80	57	0	1	80	5	84	3.37e-27	100
tr|A0A063KWA5|Release	GCF_000019525.1_WP_012323084.1	36.250	83	81	96	80	51	0	1	80	1	80	3.87e-27	99.8
tr|A0A063KWA5|Release	GCF_002215585.1_WP_088903590.1	29.487	83	89	94	78	54	1	1	78	6	82	4.79e-27	99.8
tr|A0A063KWA5|Release	GCF_020097475.1_WP_000062318.1	33.333	83	86	94	78	47	2	2	79	10	82	5.62e-27	99.5
tr|A0A063KWA5|Release	GCF_008807375.1_WP_151133519.1	23.171	83	90	99	82	63	0	2	83	5	86	6.24e-27	99.5
tr|A0A063KWA5|Release	GCF_006364355.1_WP_004727652.1	36.145	83	83	100	83	53	0	1	83	1	83	8.12e-27	98.9
tr|A0A063KWA5|Release	GCF_012767755.2_WP_173176508.1	22.785	83	91	95	79	58	1	4	82	9	84	8.59e-27	98.9
tr|A0A063KWA5|Release	GCF_001431725.1_WP_021820278.1	34.568	83	81	98	81	53	0	1	81	1	81	8.69e-27	98.9
tr|A0A063KWA5|Release	GCF_002887615.1_WP_038869703.1	36.250	83	81	96	80	51	0	1	80	1	80	9.56e-27	98.6
tr|A0A063KWA5|Release	GCF_001461805.1_WP_013367515.1	32.051	83	86	94	78	48	2	2	79	10	82	9.96e-27	98.6
tr|A0A063KWA5|Release	GCF_016904755.1_WP_059234959.1	30.769	83	86	94	78	49	2	2	79	10	82	1.72e-26	98.1
tr|A0A063KWA5|Release	GCF_019670705.1_WP_100146025.1	22.222	83	92	98	81	63	0	2	82	7	87	1.79e-26	98.4
tr|A0A063KWA5|Release	GCF_021172065.1_WP_015965827.1	30.769	83	86	94	78	49	2	2	79	10	82	2.00e-26	98.1
tr|A0A063KWA5|Release	GCF_000006925.2_NP_706134.1	32.051	83	86	94	78	48	2	2	79	10	82	2.20e-26	97.8
tr|A0A063KWA5|Release	GCF_016834455.1_WP_203325205.1	25.316	83	86	95	79	59	0	2	80	7	85	3.23e-26	97.5
tr|A0A063KWA5|Release	GCF_001683395.1_WP_017458015.1	30.769	83	86	94	78	49	2	2	79	10	82	3.47e-26	97.5
tr|A0A063KWA5|Release	GCF_000005845.2_NP_414731.2	32.051	83	84	94	78	48	2	2	79	8	80	3.51e-26	97.2
tr|A0A063KWA5|Release	GCF_009036245.1_WP_025756830.1	30.769	83	86	94	78	49	2	2	79	10	82	3.73e-26	97.2
tr|A0A063KWA5|Release	GCF_012295615.1_WP_007018284.1	37.037	83	81	98	81	51	0	1	81	1	81	3.90e-26	97.2
tr|A0A063KWA5|Release	GCF_001518835.1_WP_059308693.1	30.769	83	86	94	78	49	2	2	79	10	82	4.20e-26	97.2
tr|A0A063KWA5|Release	GCF_001022135.1_WP_039078449.1	30.769	83	86	94	78	49	2	2	79	10	82	4.73e-26	97.0
tr|A0A063KWA5|Release	GCF_009730655.1_WP_156020461.1	22.222	83	92	98	81	63	0	2	82	7	87	5.11e-26	97.0
tr|A0A063KWA5|Release	GCF_000015245.1_WP_011761423.1	25.316	83	86	95	79	59	0	2	80	7	85	5.12e-26	97.0
tr|A0A063KWA5|Release	GCF_003594935.2_WP_006173581.1	30.769	83	86	94	78	49	2	2	79	10	82	5.28e-26	97.0
tr|A0A063KWA5|Release	GCF_009176645.1_WP_152083529.1	29.487	83	86	94	78	50	2	2	79	10	82	6.50e-26	96.7
tr|A0A063KWA5|Release	GCF_001658025.2_WP_007373243.1	32.051	83	86	94	78	48	2	2	79	10	82	6.65e-26	96.7
tr|A0A063KWA5|Release	GCF_014524625.1_WP_009050814.1	20.732	83	92	99	82	65	0	2	83	7	88	7.13e-26	96.7
tr|A0A063KWA5|Release	GCF_015137655.1_WP_028015593.1	30.769	83	86	94	78	49	2	2	79	10	82	8.05e-26	96.4
tr|A0A063KWA5|Release	GCF_019048625.1_WP_023305471.1	30.769	83	86	94	78	49	2	2	79	10	82	1.06e-25	96.1
tr|A0A063KWA5|Release	GCF_001729805.1_WP_008501890.1	29.487	83	86	94	78	50	2	2	79	10	82	1.08e-25	96.1
tr|A0A063KWA5|Release	GCF_007632255.1_WP_015368146.1	30.769	83	86	94	78	49	2	2	79	10	82	1.22e-25	96.1
tr|A0A063KWA5|Release	GCF_023195735.1_WP_035891978.1	33.333	83	86	94	78	47	2	2	79	10	82	1.25e-25	96.1
tr|A0A063KWA5|Release	GCF_027886705.1_WP_061497537.1	32.051	83	86	94	78	48	2	2	79	10	82	1.29e-25	95.8
tr|A0A063KWA5|Release	GCF_000014765.1_WP_011633385.1	29.630	83	89	98	81	57	0	2	82	5	85	1.33e-25	95.8
tr|A0A063KWA5|Release	GCF_021029445.1_WP_230924827.1	25.926	83	89	98	81	59	1	2	82	7	86	1.35e-25	95.8
tr|A0A063KWA5|Release	GCF_019977755.1_WP_126608378.1	30.233	83	103	96	86	54	1	1	80	15	100	1.35e-25	96.1
tr|A0A063KWA5|Release	GCF_009649915.1_WP_062772223.1	33.333	83	86	94	78	47	2	2	79	10	82	1.38e-25	95.8
tr|A0A063KWA5|Release	GCF_001750725.1_WP_014168720.1	29.487	83	86	94	78	50	2	2	79	10	82	1.38e-25	95.8
tr|A0A063KWA5|Release	GCF_009363135.1_WP_090122691.1	30.769	83	86	94	78	49	2	2	79	10	82	1.52e-25	95.8
tr|A0A063KWA5|Release	GCF_025914095.1_WP_031518416.1	29.487	83	86	94	78	50	2	2	79	10	82	1.59e-25	95.8
tr|A0A063KWA5|Release	GCF_000224675.1_WP_010426685.1	29.487	83	86	94	78	50	2	2	79	10	82	1.59e-25	95.8
tr|A0A063KWA5|Release	GCF_003812345.1_WP_003018503.1	32.051	83	86	94	78	48	2	2	79	10	82	1.62e-25	95.6
tr|A0A063KWA5|Release	GCF_000019185.1_WP_012277931.1	37.000	83	100	98	100	44	1	1	81	1	100	1.73e-25	95.8
tr|A0A063KWA5|Release	GCF_900638065.1_WP_048212636.1	32.051	83	86	94	78	48	2	2	79	10	82	1.94e-25	95.6
tr|A0A063KWA5|Release	GCF_003812925.1_WP_004107903.1	30.769	83	86	94	78	49	2	2	79	10	82	1.96e-25	95.6
tr|A0A063KWA5|Release	GCF_004684345.1_WP_135323069.1	32.051	83	86	94	78	48	2	2	79	10	82	2.19e-25	95.3
tr|A0A063KWA5|Release	GCF_003935895.2_WP_110510858.1	30.769	83	86	94	78	49	2	2	79	10	82	2.28e-25	95.3
tr|A0A063KWA5|Release	GCF_000240185.1_YP_005225236.1	30.769	83	86	94	78	49	2	2	79	10	82	2.28e-25	95.3
tr|A0A063KWA5|Release	GCF_001455205.1_WP_062560013.1	36.250	83	84	96	80	50	1	2	81	6	84	2.31e-25	95.3
tr|A0A063KWA5|Release	GCF_018139045.1_WP_004129134.1	30.769	83	86	94	78	49	2	2	79	10	82	2.55e-25	95.3
tr|A0A063KWA5|Release	GCF_004353845.1_WP_103768334.1	30.769	83	86	94	78	49	2	2	79	10	82	2.57e-25	95.3
tr|A0A063KWA5|Release	GCF_003261575.2_WP_110272453.1	32.051	83	86	94	78	48	2	2	79	10	82	2.72e-25	95.0
tr|A0A063KWA5|Release	GCF_018128425.1_WP_042289833.1	30.769	83	86	94	78	49	2	2	79	10	82	2.87e-25	95.0
tr|A0A063KWA5|Release	GCF_011617105.1_WP_025800203.1	30.769	83	86	94	78	49	2	2	79	10	82	2.89e-25	95.0
tr|A0A063KWA5|Release	GCF_002393445.1_WP_061273728.1	28.049	83	86	99	82	54	2	2	83	10	86	3.06e-25	95.0
tr|A0A063KWA5|Release	GCF_021278985.1_WP_012904575.1	30.769	83	86	94	78	49	2	2	79	10	82	3.39e-25	95.0
tr|A0A063KWA5|Release	GCF_002163605.1_WP_157665988.1	30.000	83	86	96	80	51	2	2	81	10	84	3.64e-25	94.7
tr|A0A063KWA5|Release	GCF_022637595.1_WP_004858152.1	30.769	83	86	94	78	49	2	2	79	10	82	3.67e-25	94.7
tr|A0A063KWA5|Release	GCF_015139575.1_WP_004098776.1	30.769	83	86	94	78	49	2	2	79	10	82	4.66e-25	94.4
tr|A0A063KWA5|Release	GCF_022637515.1_WP_064539750.1	29.487	83	86	94	78	50	2	2	79	10	82	4.70e-25	94.4
tr|A0A063KWA5|Release	GCF_006711645.1_WP_100682484.1	30.769	83	86	94	78	49	2	2	79	10	82	4.77e-25	94.4
tr|A0A063KWA5|Release	GCF_001558935.2_WP_042323659.1	30.769	83	86	94	78	49	2	2	79	10	82	5.09e-25	94.4
tr|A0A063KWA5|Release	GCF_013234275.1_WP_172895488.1	28.205	83	86	94	78	51	2	2	79	10	82	6.15e-25	94.1
tr|A0A063KWA5|Release	GCF_019797925.1_WP_193521737.1	37.037	83	80	98	81	50	1	1	81	1	80	6.24e-25	94.1
tr|A0A063KWA5|Release	GCF_005931095.1_WP_017839868.1	32.500	83	84	96	80	53	1	2	81	6	84	6.85e-25	94.1
tr|A0A063KWA5|Release	GCF_024224615.1_WP_125293588.1	28.205	83	86	94	78	51	2	2	79	10	82	6.88e-25	94.1
tr|A0A063KWA5|Release	GCF_009648935.1_WP_047417117.1	30.769	83	86	94	78	49	2	2	79	10	82	6.88e-25	94.1
tr|A0A063KWA5|Release	GCF_025758125.1_WP_023480196.1	29.487	83	86	94	78	50	2	2	79	10	82	7.04e-25	94.1
tr|A0A063KWA5|Release	GCF_002849875.1_WP_232379112.1	40.244	83	113	95	82	46	1	2	80	32	113	7.06e-25	94.7
tr|A0A063KWA5|Release	GCF_900635955.1_WP_126357486.1	28.049	83	86	99	82	54	2	2	83	10	86	7.75e-25	93.9
tr|A0A063KWA5|Release	GCF_001277255.1_WP_007666633.1	30.769	83	86	94	78	49	2	2	79	10	82	7.94e-25	93.9
tr|A0A063KWA5|Release	GCF_012029655.1_WP_041144145.1	32.051	83	86	94	78	48	2	2	79	10	82	8.39e-25	93.9
tr|A0A063KWA5|Release	GCF_003019925.1_WP_162185254.1	29.268	83	86	99	82	53	2	2	83	10	86	8.66e-25	93.9
tr|A0A063KWA5|Release	GCF_021276285.1_WP_095923198.1	30.488	83	86	99	82	52	2	2	83	10	86	9.08e-25	93.9
tr|A0A063KWA5|Release	GCF_000233595.1_WP_013024706.1	25.641	83	86	94	78	53	2	2	79	10	82	9.53e-25	93.9
tr|A0A063KWA5|Release	GCF_000018045.1_WP_024130681.1	30.769	83	86	94	78	49	2	2	79	10	82	9.84e-25	93.6
tr|A0A063KWA5|Release	GCF_000834395.1_WP_042546713.1	29.487	83	86	94	78	50	2	2	79	10	82	1.02e-24	93.6
tr|A0A063KWA5|Release	GCF_029457395.1_WP_024766443.1	20.988	83	92	93	81	60	1	4	80	9	89	1.04e-24	93.9
tr|A0A063KWA5|Release	GCF_008632455.1_WP_150048082.1	32.500	83	84	96	80	53	1	2	81	6	84	1.05e-24	93.6
tr|A0A063KWA5|Release	GCF_022637475.1_WP_013574214.1	29.268	83	86	99	82	53	2	2	83	10	86	1.08e-24	93.6
tr|A0A063KWA5|Release	GCF_001277195.1_WP_032966924.1	29.487	83	86	94	78	50	2	2	79	10	82	1.21e-24	93.6
tr|A0A063KWA5|Release	GCF_004124235.1_WP_025377303.1	29.487	83	86	94	78	50	2	2	79	10	82	1.23e-24	93.6
tr|A0A063KWA5|Release	GCF_024346675.1_WP_048897676.1	26.582	83	86	95	79	58	0	2	80	8	86	1.40e-24	93.3
tr|A0A063KWA5|Release	GCF_000439255.1_WP_000062328.1	32.051	83	86	94	78	48	2	2	79	10	82	1.45e-24	93.3
tr|A0A063KWA5|Release	GCF_001277175.1_WP_007760020.1	28.205	83	86	94	78	51	2	2	79	10	82	1.46e-24	93.3
tr|A0A063KWA5|Release	GCF_020150375.1_WP_004094310.1	29.487	83	86	94	78	50	2	2	79	10	82	1.50e-24	93.3
tr|A0A063KWA5|Release	GCF_000222975.1_WP_002218374.1	29.487	83	86	94	78	50	2	2	79	10	82	1.53e-24	93.3
tr|A0A063KWA5|Release	GCF_002005305.1_WP_077753428.1	20.988	83	86	98	81	64	0	1	81	6	86	1.56e-24	93.3
tr|A0A063KWA5|Release	GCF_011068345.1_WP_002436992.1	28.205	83	86	94	78	51	2	2	79	10	82	1.72e-24	93.0
tr|A0A063KWA5|Release	GCF_000968535.2_WP_014147785.1	33.750	83	84	96	80	52	1	2	81	6	84	1.75e-24	93.0
tr|A0A063KWA5|Release	GCF_013282725.1_WP_032813813.1	28.205	83	86	94	78	51	2	2	79	10	82	1.76e-24	93.0
tr|A0A063KWA5|Release	GCF_001277215.2_WP_007776988.1	28.205	83	86	94	78	51	2	2	79	10	82	1.77e-24	93.0
tr|A0A063KWA5|Release	GCF_020079945.1_WP_039382769.1	30.769	83	87	94	78	49	2	2	79	10	82	1.77e-24	93.0
tr|A0A063KWA5|Release	GCF_019844095.1_WP_062747070.1	27.273	83	88	80	66	47	1	2	67	11	75	2.48e-24	92.7
tr|A0A063KWA5|Release	GCF_020683125.1_WP_133842177.1	27.273	83	88	80	66	47	1	2	67	11	75	3.20e-24	92.5
tr|A0A063KWA5|Release	GCF_019797845.1_WP_222158377.1	30.769	83	86	94	78	49	2	2	79	10	82	3.42e-24	92.2
tr|A0A063KWA5|Release	GCF_004792415.1_WP_013356856.1	21.951	83	86	99	82	59	2	2	83	10	86	3.42e-24	92.2
tr|A0A063KWA5|Release	GCF_000834455.1_WP_032817050.1	29.487	83	86	94	78	50	2	2	79	10	82	3.53e-24	92.2
tr|A0A063KWA5|Release	GCF_019890955.1_WP_211725887.1	30.769	83	87	94	78	49	2	2	79	10	82	3.77e-24	92.2
tr|A0A063KWA5|Release	GCF_011044475.1_WP_033740322.1	25.641	83	86	94	78	53	2	2	79	10	82	4.01e-24	92.2
tr|A0A063KWA5|Release	GCF_025133195.1_WP_032910235.1	29.487	83	86	94	78	50	2	2	79	10	82	4.28e-24	92.2
tr|A0A063KWA5|Release	GCF_002953195.1_WP_038628016.1	28.205	83	87	94	78	51	2	2	79	10	82	4.60e-24	91.9
tr|A0A063KWA5|Release	GCF_002101395.1_WP_085067900.1	30.769	83	87	94	78	49	2	2	79	10	82	5.02e-24	91.9
tr|A0A063KWA5|Release	GCF_000146165.2_WP_164925808.1	25.000	83	89	100	84	62	1	1	83	6	89	5.25e-24	91.9
tr|A0A063KWA5|Release	GCF_000196475.1_WP_012776850.1	25.000	83	88	96	80	55	2	2	81	10	84	5.62e-24	91.9
tr|A0A063KWA5|Release	GCF_009730055.1_WP_032906500.1	29.487	83	86	94	78	50	2	2	79	10	82	5.74e-24	91.6
tr|A0A063KWA5|Release	GCF_000025065.1_WP_012883679.1	28.205	83	86	94	78	51	2	2	79	10	82	6.07e-24	91.6
tr|A0A063KWA5|Release	GCF_000196615.1_WP_013200864.1	28.788	83	87	80	66	46	1	2	67	10	74	6.27e-24	91.6
tr|A0A063KWA5|Release	GCF_000026185.1_WP_012440659.1	28.205	83	87	94	78	51	2	2	79	10	82	6.63e-24	91.6
tr|A0A063KWA5|Release	GCF_023517775.1_WP_249893541.1	30.769	83	87	94	78	49	2	2	79	10	82	6.79e-24	91.6
tr|A0A063KWA5|Release	GCF_000517425.1_WP_025421126.1	29.268	83	86	99	82	53	2	2	83	10	86	8.34e-24	91.3
tr|A0A063KWA5|Release	GCF_000014885.1_WP_020912292.1	25.000	83	87	96	80	60	0	2	81	7	86	8.90e-24	91.3
tr|A0A063KWA5|Release	GCF_000006945.2_NP_459242.1	32.051	83	86	94	78	48	2	2	79	10	82	9.02e-24	91.3
tr|A0A063KWA5|Release	GCF_000010085.1_WP_011411656.1	29.268	83	86	99	82	53	2	2	83	10	86	9.62e-24	91.0
tr|A0A063KWA5|Release	GCF_024746855.1_WP_260492542.1	40.000	83	79	96	80	47	1	1	80	1	79	1.37e-23	90.8
tr|A0A063KWA5|Release	GCF_000264765.2_WP_034163237.1	26.250	83	86	96	80	54	2	2	81	10	84	1.44e-23	90.8
tr|A0A063KWA5|Release	GCF_022647505.1_WP_128179458.1	28.205	83	87	94	78	51	2	2	79	10	82	1.47e-23	90.8
tr|A0A063KWA5|Release	GCF_017498685.1_WP_038245151.1	28.205	83	86	94	78	51	2	2	79	10	82	1.55e-23	90.8
tr|A0A063KWA5|Release	GCF_000023565.1_WP_012770818.1	28.205	83	86	94	78	51	2	2	79	10	82	1.56e-23	90.8
tr|A0A063KWA5|Release	GCF_012971725.1_WP_169940133.1	20.988	83	92	93	81	60	1	4	80	9	89	1.65e-23	90.8
tr|A0A063KWA5|Release	GCF_900095885.1_WP_035340381.1	24.359	83	86	94	78	54	2	2	79	10	82	1.80e-23	90.5
tr|A0A063KWA5|Release	GCF_019048385.1_WP_062759648.1	23.171	83	86	99	82	58	2	2	83	10	86	2.15e-23	90.2
tr|A0A063KWA5|Release	GCF_012427845.1_WP_012773648.1	26.923	83	86	94	78	52	2	2	79	10	82	2.15e-23	90.2
tr|A0A063KWA5|Release	GCF_000520015.2_WP_024910172.1	28.205	83	87	94	78	51	2	2	79	10	82	2.17e-23	90.2
tr|A0A063KWA5|Release	GCF_007858975.2_WP_042869176.1	28.205	83	86	94	78	51	2	2	79	10	82	2.34e-23	90.2
tr|A0A063KWA5|Release	GCF_000968195.1_WP_045972480.1	26.250	83	87	96	80	54	2	2	81	11	85	2.71e-23	89.9
tr|A0A063KWA5|Release	GCF_002288545.1_WP_029367608.1	26.923	83	86	94	78	52	2	2	79	10	82	2.72e-23	89.9
tr|A0A063KWA5|Release	GCF_016026735.1_WP_015673540.1	28.205	83	87	94	78	51	2	2	79	10	82	2.82e-23	89.9
tr|A0A063KWA5|Release	GCF_013423785.1_WP_180308358.1	28.750	83	88	96	80	56	1	2	81	10	88	3.03e-23	89.9
tr|A0A063KWA5|Release	GCF_009646115.1_WP_008925644.1	21.951	83	86	99	82	59	2	2	83	10	86	3.17e-23	89.9
tr|A0A063KWA5|Release	GCF_000016065.1_WP_011864074.1	21.951	83	93	99	82	63	1	1	82	6	86	3.26e-23	89.9
tr|A0A063KWA5|Release	GCF_021733145.1_WP_012847629.1	28.788	83	86	80	66	46	1	2	67	10	74	3.40e-23	89.6
tr|A0A063KWA5|Release	GCF_005484945.1_WP_137712817.1	26.923	83	86	94	78	52	2	2	79	10	82	4.18e-23	89.6
tr|A0A063KWA5|Release	GCF_003025345.2_WP_003155955.1	26.190	83	91	95	84	57	1	2	80	7	90	4.22e-23	89.6
tr|A0A063KWA5|Release	GCF_013460135.1_WP_180816665.1	31.250	83	88	96	80	50	2	2	81	10	84	4.51e-23	89.4
tr|A0A063KWA5|Release	GCF_001010285.1_WP_046974061.1	25.000	83	88	96	80	55	2	2	81	10	84	4.69e-23	89.4
tr|A0A063KWA5|Release	GCF_009873295.1_WP_039312412.1	26.923	83	86	94	78	52	2	2	79	10	82	5.06e-23	89.4
tr|A0A063KWA5|Release	GCF_003568825.1_WP_040644076.1	27.711	83	83	96	83	57	1	1	80	1	83	5.11e-23	89.4
tr|A0A063KWA5|Release	GCF_020342335.1_WP_067428135.1	25.641	83	87	94	78	53	2	2	79	10	82	5.23e-23	89.4
tr|A0A063KWA5|Release	GCF_002812485.1_WP_038661467.1	26.923	83	86	94	78	52	2	2	79	10	82	5.35e-23	89.4
tr|A0A063KWA5|Release	GCF_009817885.1_WP_105232289.1	28.205	83	87	94	78	51	2	2	79	10	82	5.36e-23	89.4
tr|A0A063KWA5|Release	GCF_001642805.2_WP_004931991.1	28.205	83	87	94	78	51	2	2	79	10	82	5.71e-23	89.1
tr|A0A063KWA5|Release	GCF_019703835.1_WP_087020305.1	28.395	83	79	98	81	54	1	2	82	1	77	6.01e-23	89.1
tr|A0A063KWA5|Release	GCF_019090985.1_WP_036781226.1	22.500	83	88	96	80	57	2	2	81	10	84	6.92e-23	89.1
tr|A0A063KWA5|Release	GCF_004768525.1_WP_026822068.1	28.750	83	88	96	80	52	2	2	81	10	84	7.50e-23	88.8
tr|A0A063KWA5|Release	GCF_003515985.1_WP_085653101.1	25.641	83	86	94	78	53	2	2	79	10	82	8.48e-23	88.8
tr|A0A063KWA5|Release	GCF_009914055.1_WP_160619715.1	28.205	83	87	94	78	51	2	2	79	10	82	8.56e-23	88.8
tr|A0A063KWA5|Release	GCF_000740965.1_WP_011092648.1	26.923	83	86	94	78	52	2	2	79	10	82	8.82e-23	88.8
tr|A0A063KWA5|Release	GCF_020181655.1_WP_225087160.1	25.641	83	86	94	78	53	2	2	79	10	82	8.96e-23	88.8
tr|A0A063KWA5|Release	GCF_000785705.2_WP_036272019.1	32.911	83	82	95	79	51	2	2	80	6	82	9.64e-23	88.5
tr|A0A063KWA5|Release	GCF_021462285.1_WP_234585968.1	28.205	83	87	94	78	51	2	2	79	10	82	9.88e-23	88.5
tr|A0A063KWA5|Release	GCF_020268605.1_WP_180560445.1	28.750	83	88	96	80	52	2	2	81	10	84	1.14e-22	88.5
tr|A0A063KWA5|Release	GCF_009931295.1_WP_161528353.1	26.923	83	86	94	78	52	2	2	79	10	82	1.18e-22	88.5
tr|A0A063KWA5|Release	GCF_022647325.1_WP_111140597.1	23.171	83	86	99	82	58	2	2	83	10	86	1.29e-22	88.2
tr|A0A063KWA5|Release	GCF_902387845.1_WP_004237241.1	32.500	83	88	96	80	49	2	2	81	10	84	1.39e-22	88.2
tr|A0A063KWA5|Release	GCF_003403135.1_WP_024104894.1	28.205	83	86	94	78	51	2	2	79	10	82	1.50e-22	88.2
tr|A0A063KWA5|Release	GCF_000262305.1_WP_002441069.1	28.205	83	86	94	78	51	2	2	79	10	82	1.51e-22	88.2
tr|A0A063KWA5|Release	GCF_011045835.1_WP_075671674.1	24.390	83	86	99	82	57	2	2	83	10	86	1.53e-22	88.2
tr|A0A063KWA5|Release	GCF_000147055.1_WP_022632468.1	26.923	83	86	94	78	52	2	2	79	10	82	1.56e-22	88.0
tr|A0A063KWA5|Release	GCF_001742185.1_WP_005975933.1	26.923	83	86	94	78	52	2	2	79	10	82	1.59e-22	88.0
tr|A0A063KWA5|Release	GCF_015999465.1_WP_085688159.1	24.359	83	86	94	78	54	2	2	79	10	82	1.82e-22	88.0
tr|A0A063KWA5|Release	GCF_022369495.1_WP_072064250.1	24.390	83	86	99	82	57	2	2	83	10	86	2.10e-22	87.7
tr|A0A063KWA5|Release	GCF_000023545.1_WP_015854637.1	24.359	83	86	94	78	54	2	2	79	10	82	2.13e-22	87.7
tr|A0A063KWA5|Release	GCF_017569925.1_WP_208228065.1	26.923	83	86	94	78	52	2	2	79	10	82	2.18e-22	87.7
tr|A0A063KWA5|Release	GCF_900187015.1_WP_061796701.1	26.923	83	87	94	78	52	2	2	79	10	82	2.19e-22	87.7
tr|A0A063KWA5|Release	GCF_000517405.1_WP_038469034.1	28.049	83	83	99	82	54	2	2	83	7	83	2.71e-22	87.4
tr|A0A063KWA5|Release	GCF_026427595.1_WP_251812951.1	23.810	83	88	96	84	60	2	1	80	4	87	2.82e-22	87.4
tr|A0A063KWA5|Release	GCF_002504285.1_WP_005282992.1	23.750	83	86	96	80	56	2	2	81	10	84	3.30e-22	87.4
tr|A0A063KWA5|Release	GCF_002291445.1_WP_048635886.1	25.641	83	86	94	78	53	2	2	79	10	82	3.38e-22	87.1
tr|A0A063KWA5|Release	GCF_000968175.1_WP_045959360.1	26.250	83	88	96	80	54	2	2	81	11	85	3.47e-22	87.1
tr|A0A063KWA5|Release	GCF_000196155.1_WP_011145066.1	22.222	83	88	98	81	58	2	2	82	10	85	3.64e-22	87.1
tr|A0A063KWA5|Release	GCF_003992745.1_WP_014700896.1	25.641	83	86	94	78	53	2	2	79	10	82	3.66e-22	87.1
tr|A0A063KWA5|Release	GCF_008033135.1_WP_148717358.1	23.077	83	87	94	78	59	1	2	79	7	83	5.58e-22	86.8
tr|A0A063KWA5|Release	GCF_017743015.1_WP_209027287.1	27.500	83	88	96	80	53	2	2	81	10	84	5.91e-22	86.5
tr|A0A063KWA5|Release	GCF_000091565.1_WP_004159420.1	28.205	83	87	94	78	51	2	2	79	10	82	6.54e-22	86.5
tr|A0A063KWA5|Release	GCF_000069965.1_WP_004245453.1	23.171	83	86	99	82	58	2	2	83	10	86	1.19e-21	85.7
tr|A0A063KWA5|Release	GCF_017638925.1_WP_208844867.1	34.177	83	81	95	79	51	1	1	79	1	78	1.30e-21	85.7
tr|A0A063KWA5|Release	GCF_014295015.1_WP_013185414.1	26.250	83	87	96	80	54	2	2	81	11	85	1.44e-21	85.7
tr|A0A063KWA5|Release	GCF_004116975.1_WP_064720954.1	23.171	83	86	99	82	58	2	2	83	10	86	1.81e-21	85.4
tr|A0A063KWA5|Release	GCF_016026395.1_WP_024524235.1	23.750	83	86	96	80	56	2	2	81	10	84	1.85e-21	85.4
tr|A0A063KWA5|Release	GCF_029277985.1_WP_154623766.1	23.457	83	87	98	81	57	2	2	82	10	85	1.87e-21	85.4
tr|A0A063KWA5|Release	GCF_003096015.2_WP_230514010.1	30.303	83	88	80	66	45	1	2	67	11	75	3.11e-21	84.9
tr|A0A063KWA5|Release	GCF_009831665.3_WP_006709226.1	23.077	83	87	94	78	55	2	2	79	10	82	3.13e-21	84.9
tr|A0A063KWA5|Release	GCF_005484965.1_WP_009114129.1	25.641	83	86	94	78	53	2	2	79	10	82	3.52e-21	84.6
tr|A0A063KWA5|Release	GCF_003074995.2_WP_015870269.1	27.273	83	86	80	66	47	1	2	67	10	74	3.84e-21	84.6
tr|A0A063KWA5|Release	GCF_001721185.1_WP_069317984.1	23.750	83	87	96	80	56	2	2	81	10	84	3.91e-21	84.6
tr|A0A063KWA5|Release	GCF_008364325.2_WP_020826409.1	24.051	83	84	95	79	57	1	2	80	7	82	4.11e-21	84.3
tr|A0A063KWA5|Release	GCF_004295645.1_WP_228350951.1	31.818	83	88	80	66	44	1	2	67	11	75	4.24e-21	84.6
tr|A0A063KWA5|Release	GCF_002291425.1_WP_095847471.1	28.205	83	87	94	78	51	2	2	79	10	82	4.65e-21	84.3
tr|A0A063KWA5|Release	GCF_000018285.1_WP_012155987.1	32.673	83	102	96	101	47	1	1	80	1	101	5.17e-21	84.6
tr|A0A063KWA5|Release	GCF_000214235.1_WP_004952197.1	24.359	83	85	94	78	54	2	2	79	8	80	5.61e-21	84.0
tr|A0A063KWA5|Release	GCF_001006005.1_WP_223499701.1	26.923	83	85	94	78	52	2	2	79	8	80	7.01e-21	83.7
tr|A0A063KWA5|Release	GCF_900478135.1_WP_111739359.1	30.303	83	88	80	66	45	1	2	67	11	75	7.10e-21	84.0
tr|A0A063KWA5|Release	GCF_005671395.1_WP_138095872.1	28.788	83	86	80	66	46	1	2	67	10	74	8.17e-21	83.7
tr|A0A063KWA5|Release	GCF_021365465.1_WP_016190321.1	31.818	83	87	80	66	44	1	2	67	10	74	1.10e-20	83.5
tr|A0A063KWA5|Release	GCF_025946765.1_WP_264497926.1	24.359	83	86	94	78	54	2	2	79	10	82	1.14e-20	83.5
tr|A0A063KWA5|Release	GCF_900638135.1_WP_012146468.1	24.359	83	87	94	78	54	2	2	79	10	82	1.33e-20	83.2
tr|A0A063KWA5|Release	GCF_900638655.1_WP_047781753.1	31.818	83	88	80	66	44	1	2	67	11	75	1.48e-20	83.2
tr|A0A063KWA5|Release	GCF_900475855.1_WP_068441311.1	23.750	83	87	96	80	56	2	2	81	10	84	1.61e-20	82.9
tr|A0A063KWA5|Release	GCF_008364325.2_WP_230090436.1	25.641	83	85	94	78	53	2	2	79	8	80	1.65e-20	82.9
tr|A0A063KWA5|Release	GCF_000261045.2_WP_006318653.1	24.359	83	87	94	78	54	2	2	79	10	82	1.66e-20	82.9
tr|A0A063KWA5|Release	GCF_020541225.1_WP_226811316.1	26.829	83	86	99	82	55	2	2	83	10	86	2.00e-20	82.6
tr|A0A063KWA5|Release	GCF_002393505.1_WP_006658392.1	25.000	83	87	96	80	55	2	2	81	10	84	2.01e-20	82.6
tr|A0A063KWA5|Release	GCF_003204135.1_WP_004908806.1	23.750	83	87	96	80	56	2	2	81	10	84	2.23e-20	82.6
tr|A0A063KWA5|Release	GCF_002952315.1_WP_012667243.1	24.359	83	87	94	78	54	2	2	79	10	82	2.39e-20	82.6
tr|A0A063KWA5|Release	GCF_002843235.3_WP_102139922.1	23.750	83	87	96	80	56	2	2	81	10	84	2.78e-20	82.3
tr|A0A063KWA5|Release	GCF_000147355.1_WP_013326989.1	40.909	83	67	80	66	39	0	15	80	1	66	2.94e-20	82.0
tr|A0A063KWA5|Release	GCF_017348915.1_WP_040077077.1	30.769	83	86	94	78	49	2	2	79	10	82	3.18e-20	82.3
tr|A0A063KWA5|Release	GCF_019047765.1_WP_040230035.1	32.051	83	86	94	78	48	2	2	79	10	82	3.64e-20	82.0
tr|A0A063KWA5|Release	GCF_022592395.1_WP_047255099.1	21.250	83	87	96	80	58	2	2	81	10	84	4.55e-20	81.8
tr|A0A063KWA5|Release	GCF_003990335.1_WP_127025819.1	22.222	83	91	98	81	62	1	1	81	5	84	1.07e-19	80.9
tr|A0A063KWA5|Release	GCF_003855395.1_WP_124730567.1	30.120	83	88	95	83	54	2	2	80	4	86	1.16e-19	80.9
tr|A0A063KWA5|Release	GCF_001677435.1_WP_068615618.1	27.536	83	90	83	69	49	1	2	70	9	76	2.20e-19	80.1
tr|A0A063KWA5|Release	GCF_007197555.1_WP_144048375.1	20.455	83	94	99	88	64	2	1	82	6	93	2.50e-19	80.1
tr|A0A063KWA5|Release	GCF_000014705.1_WP_011637758.1	27.711	83	88	95	83	56	2	2	80	4	86	1.28e-18	78.1
tr|A0A063KWA5|Release	GCF_002215215.1_WP_088918776.1	28.916	83	101	99	83	56	3	2	83	20	100	1.40e-18	78.4
tr|A0A063KWA5|Release	GCF_003515105.1_WP_036973086.1	26.471	83	73	82	68	50	0	2	69	6	73	3.57e-18	76.7
tr|A0A063KWA5|Release	GCF_020511155.1_WP_226415657.1	28.571	83	87	96	84	56	2	1	80	4	87	5.60e-18	76.4
tr|A0A063KWA5|Release	GCF_004358345.1_WP_121852852.1	27.941	83	76	82	68	49	0	2	69	8	75	5.75e-18	76.1
tr|A0A063KWA5|Release	GCF_000788395.1_WP_038641921.1	31.507	83	85	87	73	48	2	2	73	5	76	4.65e-17	74.2
tr|A0A063KWA5|Release	GCF_020405345.1_WP_017780573.1	22.727	83	89	80	66	47	2	2	67	7	68	7.42e-17	73.6
tr|A0A063KWA5|Release	GCF_016026875.1_WP_045525981.1	19.753	83	89	98	81	60	3	2	82	7	82	8.35e-17	73.6
tr|A0A063KWA5|Release	GCF_020991025.1_WP_152109250.1	29.851	83	83	80	67	45	2	2	67	8	73	1.88e-16	72.5
tr|A0A063KWA5|Release	GCF_000013765.1_WP_011496543.1	23.810	83	106	96	84	60	2	2	81	23	106	1.99e-16	73.0
tr|A0A063KWA5|Release	GCF_000940995.1_WP_082060442.1	21.429	83	93	84	70	55	0	10	79	16	85	2.18e-16	72.5
tr|A0A063KWA5|Release	GCF_002157225.2_WP_086934278.1	27.778	83	80	87	72	51	1	1	72	4	74	2.76e-16	71.9
tr|A0A063KWA5|Release	GCF_020149575.1_WP_224431657.1	19.512	83	85	99	82	61	3	2	83	7	83	2.87e-16	72.2
tr|A0A063KWA5|Release	GCF_015209785.1_WP_193988300.1	23.438	83	73	77	64	49	0	2	65	6	69	8.85e-16	70.5
tr|A0A063KWA5|Release	GCF_028355655.1_WP_087756847.1	27.419	83	84	75	62	44	1	2	63	7	67	1.04e-15	70.8
tr|A0A063KWA5|Release	GCF_020423125.1_WP_226170850.1	20.988	83	84	98	81	59	3	2	82	7	82	1.38e-15	70.2
tr|A0A063KWA5|Release	GCF_003063625.1_WP_108601906.1	34.247	83	85	88	73	46	2	1	73	4	74	1.44e-15	70.2
tr|A0A063KWA5|Release	GCF_006385555.1_WP_140234395.1	31.325	83	87	95	83	53	2	2	80	4	86	1.50e-15	70.2
tr|A0A063KWA5|Release	GCF_900637545.1_WP_042651794.1	24.691	83	84	98	81	56	2	2	82	7	82	1.66e-15	70.2
tr|A0A063KWA5|Release	GCF_023650495.1_WP_250655372.1	26.190	83	88	96	84	58	2	1	80	4	87	2.62e-15	69.7
tr|A0A063KWA5|Release	GCF_008693705.1_WP_127008315.1	27.419	83	84	75	62	44	1	2	63	7	67	2.98e-15	69.4
tr|A0A063KWA5|Release	GCF_003015165.1_WP_106887831.1	20.988	83	84	98	81	59	3	2	82	7	82	2.98e-15	69.4
tr|A0A063KWA5|Release	GCF_001444405.1_WP_058032142.1	29.577	83	87	86	71	50	0	1	71	1	71	9.23e-15	68.3
tr|A0A063KWA5|Release	GCF_019931735.1_WP_223417223.1	25.882	83	87	98	85	59	2	1	81	3	87	1.05e-14	68.3
tr|A0A063KWA5|Release	GCF_016026615.1_WP_197928313.1	27.419	83	89	75	62	44	1	2	63	7	67	1.22e-14	68.0
tr|A0A063KWA5|Release	GCF_014169735.1_WP_134997272.1	18.519	83	86	98	81	61	3	2	82	7	82	1.29e-14	68.0
tr|A0A063KWA5|Release	GCF_017742995.1_WP_247749573.1	46.512	83	48	52	43	23	0	1	43	1	43	1.83e-14	66.9
tr|A0A063KWA5|Release	GCF_002218045.2_WP_089137819.1	28.986	83	79	80	69	46	1	2	67	9	77	2.97e-14	66.9
tr|A0A063KWA5|Release	GCF_016127195.1_WP_042032742.1	19.697	83	89	80	66	49	2	2	67	7	68	3.00e-14	67.1
tr|A0A063KWA5|Release	GCF_000012325.1_WP_011045621.1	32.353	83	84	82	68	45	1	2	69	5	71	1.38e-13	65.2
tr|A0A063KWA5|Release	GCF_003966655.1_WP_113527441.1	25.758	83	77	80	66	48	1	2	67	8	72	1.76e-13	64.9
tr|A0A063KWA5|Release	GCF_000006765.1_NP_249630.1	25.000	83	108	95	84	58	1	2	80	7	90	2.61e-13	64.9
tr|A0A063KWA5|Release	GCF_024347675.1_WP_261833361.1	51.429	83	54	42	35	17	0	1	35	1	35	4.79e-13	63.5
tr|A0A063KWA5|Release	GCF_000238255.3_WP_010559905.1	36.232	83	86	82	69	42	2	2	69	5	72	8.11e-13	63.2
tr|A0A063KWA5|Release	GCF_013462805.1_WP_009566961.1	24.242	83	77	80	66	49	1	2	67	8	72	1.24e-12	62.6
tr|A0A063KWA5|Release	GCF_000026085.1_WP_041454550.1	22.388	83	73	80	67	50	2	2	67	6	71	1.80e-12	62.1
tr|A0A063KWA5|Release	GCF_020844025.1_WP_215848879.1	27.273	83	77	80	66	47	1	2	67	8	72	2.69e-12	61.8
tr|A0A063KWA5|Release	GCF_001651805.1_WP_067384150.1	22.059	83	78	77	68	49	2	2	65	7	74	6.77e-12	60.9
tr|A0A063KWA5|Release	GCF_009662475.1_WP_031573754.1	27.273	83	79	80	66	47	1	2	67	8	72	1.80e-11	59.8
tr|A0A063KWA5|Release	GCF_021654855.1_WP_237262080.1	31.884	83	70	78	69	42	2	2	66	3	70	2.32e-10	56.7
tr|A0A063KWA5|Release	GCF_024347195.1_WP_271272618.1	23.529	83	77	77	68	47	4	2	65	7	73	7.43e-10	55.6
tr|A0A063KWA5|Release	GCF_004028275.1_WP_128384077.1	20.270	83	77	84	74	54	3	2	71	3	75	1.19e-09	55.0
tr|A0A063KWA5|Release	GCF_024347255.1_WP_091360415.1	26.471	83	79	77	68	46	2	2	65	7	74	4.73e-07	48.6
tr|A0A063KWA5|Release	GCF_024347215.1_WP_261843265.1	19.403	83	77	77	67	51	2	2	65	7	73	4.74e-07	48.6
tr|A0A063KWA5|Release	GCF_013282625.1_WP_173286717.1	25.000	83	67	82	68	47	2	2	69	3	66	5.87e-07	48.0
tr|A0A063KWA5|Release	GCF_003967195.1_WP_172597571.1	18.421	83	83	86	76	56	3	2	72	9	83	1.15e-06	47.4
tr|A0A063KWA5|Release	GCF_024347275.1_WP_019620968.1	19.737	83	82	87	76	57	3	2	73	7	82	1.24e-06	47.4
tr|A0A063KWA5|Release	GCF_003970675.1_WP_126615366.1	19.697	83	76	80	66	48	3	2	67	13	73	2.21e-06	46.6
tr|A0A063KWA5|Release	GCF_000801295.1_WP_171816254.1	16.176	83	99	78	68	53	3	2	66	10	76	2.43e-06	46.9
tr|A0A063KWA5|Release	GCF_001020955.1_WP_047250467.1	15.493	83	82	82	71	57	1	2	69	10	80	5.26e-06	45.8
tr|A0A063KWA5|Release	GCF_018736065.1_WP_144074266.1	19.697	83	76	80	66	48	3	2	67	13	73	7.54e-06	45.5
tr|A0A063KWA5|Release	GCF_004293625.1_WP_130538367.1	28.814	83	71	71	59	38	2	2	60	3	57	1.04e-05	44.9
tr|A0A063KWA5|Release	GCF_000828615.1_WP_041064380.1	18.056	83	80	81	72	53	4	2	68	10	80	1.87e-05	44.3
tr|A0A063KWA5|Release	GCF_013343005.1_WP_078482823.1	20.779	83	84	84	77	51	4	2	71	8	81	2.15e-05	44.3
tr|A0A063KWA5|Release	GCF_001596155.1_WP_068342236.1	20.779	83	90	89	77	54	5	2	75	8	80	2.34e-05	44.3
tr|A0A063KWA5|Release	GCF_002355415.1_WP_148665551.1	18.571	83	87	80	70	52	3	2	67	17	85	4.90e-05	43.5
tr|A0A063KWA5|Release	GCF_009938015.1_WP_223264517.1	15.493	83	90	80	71	54	4	2	67	10	79	5.68e-05	43.2
tr|A0A063KWA5|Release	GCF_001507645.1_WP_068195976.1	22.368	83	90	88	76	53	2	2	74	8	80	6.15e-05	43.2
tr|A0A063KWA5|Release	GCF_013201725.1_WP_014475480.1	18.841	83	74	80	69	49	3	2	67	8	72	8.67e-05	42.7
tr|A0A063KWA5|Release	GCF_902810445.1_WP_197744199.1	28.571	83	78	80	70	42	4	2	67	7	72	1.03e-04	42.4
tr|A0A063KWA5|Release	GCF_011398155.1_WP_173291533.1	16.901	83	71	84	71	54	3	2	71	3	69	1.39e-04	42.1
tr|A0A063KWA5|Release	GCF_001955715.1_WP_029708890.1	18.841	83	80	78	69	48	3	2	66	7	71	1.84e-04	41.8
tr|A0A063KWA5|Release	GCF_003353065.1_WP_114983154.1	16.418	83	84	77	67	49	4	2	65	11	73	3.44e-04	41.3
tr|A0A063KWA5|Release	GCF_000021985.1_WP_012639500.1	19.403	83	82	76	67	50	1	2	64	8	74	4.88e-04	40.7
tr|A0A063KWA5|Release	GCF_022811645.1_WP_243511723.1	20.000	83	90	80	70	48	4	2	67	8	73	6.80e-04	40.7
tr|A0A063KWA5|Release	GCF_002355735.1_WP_096359192.1	22.535	83	83	81	71	50	3	2	68	13	82	7.12e-04	40.4
tr|A0A063KWA5|Release	GCF_023733635.1_WP_039959400.1	18.841	83	89	77	69	50	3	2	65	7	74	8.36e-04	40.4
tr|A0A063KWA5|Release	GCF_011398355.1_WP_173270160.1	27.869	83	65	72	61	38	4	2	61	3	58	8.67e-04	39.8
tr|A0A063KWA5|Release	GCF_003149515.1_WP_109656005.1	18.182	83	90	89	77	56	4	2	75	8	80	0.001	39.8
tr|A0A063KWA5|Release	GCF_004001245.1_WP_127478562.1	18.056	83	85	82	72	55	2	2	69	10	81	0.002	39.3
tr|A0A063KWA5|Release	GCF_002356115.1_WP_096526481.1	15.942	83	78	80	69	52	2	2	67	7	72	0.003	38.7
tr|A0A063KWA5|Release	GCF_010093065.1_WP_238430213.1	16.176	83	83	78	68	51	2	2	66	11	75	0.004	38.7
tr|A0A063KWA5|Release	GCF_009755585.1_WP_157030071.1	18.571	83	85	80	70	49	3	2	67	8	73	0.005	38.2
tr|A0A063KWA5|Release	GCF_002142475.1_WP_026148861.1	17.391	83	86	78	69	49	3	2	66	7	71	0.006	38.2
tr|A0A063KWA5|Release	GCF_000014785.1_WP_011630183.1	19.718	83	83	82	71	54	2	2	69	13	83	0.006	38.2
tr|A0A063KWA5|Release	GCF_011398355.1_WP_173270199.1	22.727	83	66	80	66	47	2	2	67	3	64	0.008	37.6
tr|A0A063KWA5|Release	GCF_003584645.1_WP_197716612.1	14.925	83	80	76	67	49	3	2	64	8	70	0.008	37.6
tr|A0A063KWA5|Release	GCF_002762215.1_WP_085750011.1	17.143	83	87	80	70	50	4	2	67	9	74	0.009	37.6
# PSIBLAST 2.13.0+
# Iteration: 4
# Query: tr|A0A063KWA5|Release 2019_11/2019_11|11-Dec-2019
# Database: db/chosen-bacteria_proteome_exDup
# Fields: query id, subject id, % identity, query length, subject length, % query coverage per subject, alignment length, mismatches, gap opens, q. start, q. end, s. start, s. end, evalue, bit score
# 419 hits found
tr|A0A063KWA5|Release	GCF_025402875.1_WP_011791024.1	27.711	83	90	100	83	60	0	1	83	6	88	3.86e-33	115
tr|A0A063KWA5|Release	GCF_024347355.1_WP_105024956.1	48.780	83	83	99	82	42	0	1	82	1	82	5.93e-33	114
tr|A0A063KWA5|Release	GCF_008693605.1_WP_223849061.1	32.500	83	95	96	80	54	0	2	81	11	90	9.92e-33	114
tr|A0A063KWA5|Release	GCF_001597285.1_WP_061903727.1	28.049	83	92	99	82	59	0	2	83	7	88	1.18e-32	114
tr|A0A063KWA5|Release	GCF_024347475.1_WP_239840920.1	48.780	83	83	99	82	42	0	1	82	1	82	1.75e-32	113
tr|A0A063KWA5|Release	GCF_002204915.1_WP_052690899.1	36.585	83	101	99	82	52	0	1	82	20	101	2.05e-32	113
tr|A0A063KWA5|Release	GCF_009938225.1_WP_075649723.1	43.902	83	82	99	82	46	0	1	82	1	82	2.36e-32	112
tr|A0A063KWA5|Release	GCF_024971755.1_WP_259474826.1	26.506	83	88	100	83	61	0	1	83	6	88	4.55e-32	112
tr|A0A063KWA5|Release	GCF_004353845.1_WP_103770713.1	31.646	83	93	95	79	54	0	2	80	10	88	5.11e-32	112
tr|A0A063KWA5|Release	GCF_014905115.1_WP_193151849.1	50.000	83	81	96	80	40	0	1	80	1	80	5.17e-32	112
tr|A0A063KWA5|Release	GCF_000178875.2_WP_012197738.1	26.506	83	90	100	83	61	0	1	83	6	88	7.08e-32	111
tr|A0A063KWA5|Release	GCF_003812345.1_WP_121571778.1	31.250	83	94	96	80	55	0	2	81	10	89	8.19e-32	111
tr|A0A063KWA5|Release	GCF_022371215.1_WP_239718047.1	54.321	83	83	98	81	37	0	1	81	1	81	8.63e-32	111
tr|A0A063KWA5|Release	GCF_009938185.1_WP_162048373.1	41.463	83	82	99	82	48	0	1	82	1	82	2.40e-31	110
tr|A0A063KWA5|Release	GCF_000733715.2_WP_017362912.1	26.829	83	90	99	82	60	0	2	83	7	88	4.44e-31	109
tr|A0A063KWA5|Release	GCF_013409125.2_WP_099525265.1	25.926	83	90	98	81	60	0	2	82	7	87	6.60e-31	109
tr|A0A063KWA5|Release	GCF_009068765.1_WP_151900329.1	51.250	83	81	96	80	39	0	1	80	1	80	9.26e-31	109
tr|A0A063KWA5|Release	GCF_000297075.2_WP_003461742.1	25.926	83	90	98	81	60	0	2	82	7	87	9.75e-31	109
tr|A0A063KWA5|Release	GCF_001708425.1_WP_055136127.1	23.750	83	94	96	80	61	0	2	81	7	86	1.01e-30	109
tr|A0A063KWA5|Release	GCF_001461805.1_WP_013367515.1	31.250	83	86	96	80	50	2	2	81	10	84	1.04e-30	109
tr|A0A063KWA5|Release	GCF_001558415.2_WP_061055374.1	45.783	83	83	100	83	45	0	1	83	1	83	1.12e-30	108
tr|A0A063KWA5|Release	GCF_024347595.1_WP_176681244.1	51.852	83	83	98	81	39	0	1	81	1	81	1.12e-30	108
tr|A0A063KWA5|Release	GCF_020097475.1_WP_000062318.1	32.500	83	86	96	80	49	2	2	81	10	84	1.29e-30	108
tr|A0A063KWA5|Release	GCF_011397855.1_WP_044414183.1	28.049	83	90	99	82	59	0	2	83	7	88	1.42e-30	108
tr|A0A063KWA5|Release	GCF_024347635.1_WP_139683960.1	50.000	83	83	99	82	41	0	1	82	1	82	1.56e-30	108
tr|A0A063KWA5|Release	GCF_002355475.1_WP_004421315.1	28.049	83	91	99	82	59	0	2	83	8	89	1.84e-30	108
tr|A0A063KWA5|Release	GCF_001995825.2_WP_017057338.1	48.780	83	83	99	82	42	0	1	82	1	82	2.16e-30	107
tr|A0A063KWA5|Release	GCF_024205225.1_WP_195881696.1	24.691	83	90	98	81	61	0	2	82	7	87	2.17e-30	108
tr|A0A063KWA5|Release	GCF_024347455.1_WP_135458404.1	48.780	83	83	99	82	42	0	1	82	1	82	2.34e-30	107
tr|A0A063KWA5|Release	GCF_002407485.1_WP_096780111.1	38.272	83	81	98	81	50	0	1	81	1	81	2.77e-30	107
tr|A0A063KWA5|Release	GCF_000091465.1_WP_004733849.1	48.780	83	83	99	82	42	0	1	82	1	82	3.16e-30	107
tr|A0A063KWA5|Release	GCF_019670125.1_WP_221076876.1	43.750	83	81	96	80	45	0	1	80	1	80	3.17e-30	107
tr|A0A063KWA5|Release	GCF_004684345.1_WP_135321947.1	25.926	83	93	98	81	60	0	2	82	10	90	3.67e-30	107
tr|A0A063KWA5|Release	GCF_016904755.1_WP_059234959.1	30.000	83	86	96	80	51	2	2	81	10	84	4.27e-30	107
tr|A0A063KWA5|Release	GCF_024582835.1_WP_257083279.1	43.902	83	87	99	82	46	0	1	82	1	82	4.45e-30	107
tr|A0A063KWA5|Release	GCF_021172065.1_WP_015965827.1	30.000	83	86	96	80	51	2	2	81	10	84	5.00e-30	107
tr|A0A063KWA5|Release	GCF_008329985.2_WP_149283950.1	35.802	83	81	98	81	52	0	1	81	1	81	5.15e-30	107
tr|A0A063KWA5|Release	GCF_000006925.2_NP_706134.1	31.250	83	86	96	80	50	2	2	81	10	84	5.16e-30	107
tr|A0A063KWA5|Release	GCF_001558255.2_WP_005504861.1	46.341	83	82	98	82	43	1	1	81	1	82	5.37e-30	107
tr|A0A063KWA5|Release	GCF_014879975.1_WP_192888672.1	51.220	83	83	99	82	40	0	1	82	1	82	5.92e-30	106
tr|A0A063KWA5|Release	GCF_002214395.1_WP_010453422.1	39.506	83	81	98	81	49	0	1	81	1	81	6.09e-30	106
tr|A0A063KWA5|Release	GCF_001518835.1_WP_059308693.1	30.000	83	86	96	80	51	2	2	81	10	84	6.30e-30	106
tr|A0A063KWA5|Release	GCF_001594225.2_WP_064379396.1	26.250	83	92	96	80	59	0	2	81	7	86	7.49e-30	106
tr|A0A063KWA5|Release	GCF_008369605.1_WP_000253074.1	39.506	83	81	98	81	49	0	1	81	1	81	8.44e-30	106
tr|A0A063KWA5|Release	GCF_001683395.1_WP_017458015.1	30.000	83	86	96	80	51	2	2	81	10	84	8.86e-30	106
tr|A0A063KWA5|Release	GCF_000005845.2_NP_414731.2	31.250	83	84	96	80	50	2	2	81	8	82	8.97e-30	106
tr|A0A063KWA5|Release	GCF_008807375.1_WP_151138908.1	25.610	83	91	99	82	61	0	2	83	8	89	9.48e-30	106
tr|A0A063KWA5|Release	GCF_017167985.1_WP_093053415.1	23.750	83	92	96	80	61	0	2	81	7	86	1.05e-29	106
tr|A0A063KWA5|Release	GCF_004328865.1_WP_104643907.1	90.361	83	83	100	83	8	0	1	83	1	83	1.07e-29	106
tr|A0A063KWA5|Release	GCF_003594935.2_WP_006173581.1	30.000	83	86	96	80	51	2	2	81	10	84	1.23e-29	106
tr|A0A063KWA5|Release	GCF_024362845.1_WP_255230807.1	45.000	83	82	96	80	44	0	1	80	1	80	1.26e-29	105
tr|A0A063KWA5|Release	GCF_009176645.1_WP_152083529.1	28.750	83	86	96	80	52	2	2	81	10	84	1.29e-29	106
tr|A0A063KWA5|Release	GCF_009036245.1_WP_025756830.1	30.000	83	86	96	80	51	2	2	81	10	84	1.29e-29	106
tr|A0A063KWA5|Release	GCF_013200955.2_WP_173204463.1	29.114	83	91	95	79	56	0	2	80	8	86	1.32e-29	106
tr|A0A063KWA5|Release	GCF_008693645.1_WP_137347870.1	26.582	83	89	95	79	58	0	2	80	10	88	1.33e-29	106
tr|A0A063KWA5|Release	GCF_900682675.2_WP_069898892.1	24.390	83	94	99	82	62	0	2	83	7	88	1.33e-29	106
tr|A0A063KWA5|Release	GCF_001022135.1_WP_039078449.1	30.000	83	86	96	80	51	2	2	81	10	84	1.34e-29	105
tr|A0A063KWA5|Release	GCF_017167985.1_WP_079784061.1	27.160	83	90	98	81	59	0	2	82	7	87	1.49e-29	105
tr|A0A063KWA5|Release	GCF_024347035.1_WP_102941394.1	41.975	83	81	98	81	47	0	1	81	1	81	1.77e-29	105
tr|A0A063KWA5|Release	GCF_001658025.2_WP_007373243.1	31.250	83	86	96	80	50	2	2	81	10	84	1.80e-29	105
tr|A0A063KWA5|Release	GCF_019670105.1_WP_040307707.1	43.210	83	81	98	81	46	0	1	81	1	81	2.33e-29	105
tr|A0A063KWA5|Release	GCF_007632255.1_WP_015368146.1	30.000	83	86	96	80	51	2	2	81	10	84	2.78e-29	105
tr|A0A063KWA5|Release	GCF_023195735.1_WP_035891978.1	32.500	83	86	96	80	49	2	2	81	10	84	2.81e-29	105
tr|A0A063KWA5|Release	GCF_019048625.1_WP_023305471.1	30.000	83	86	96	80	51	2	2	81	10	84	2.90e-29	105
tr|A0A063KWA5|Release	GCF_024347655.1_WP_060467732.1	50.000	83	83	96	80	40	0	1	80	1	80	3.24e-29	105
tr|A0A063KWA5|Release	GCF_004684345.1_WP_135323069.1	31.250	83	86	96	80	50	2	2	81	10	84	3.50e-29	105
tr|A0A063KWA5|Release	GCF_027886705.1_WP_061497537.1	31.250	83	86	96	80	50	2	2	81	10	84	3.56e-29	105
tr|A0A063KWA5|Release	GCF_001456255.1_WP_020335096.1	40.741	83	81	98	81	48	0	1	81	1	81	3.67e-29	104
tr|A0A063KWA5|Release	GCF_001831495.1_WP_068547707.1	51.852	83	81	98	81	39	0	1	81	1	81	3.70e-29	104
tr|A0A063KWA5|Release	GCF_015137655.1_WP_028015593.1	30.000	83	86	96	80	51	2	2	81	10	84	3.73e-29	104
tr|A0A063KWA5|Release	GCF_009938205.1_WP_075706454.1	40.244	83	82	99	82	49	0	1	82	1	82	3.76e-29	104
tr|A0A063KWA5|Release	GCF_000224675.1_WP_010426685.1	28.750	83	86	96	80	52	2	2	81	10	84	3.92e-29	104
tr|A0A063KWA5|Release	GCF_000238395.3_WP_010553578.1	97.590	83	83	100	83	2	0	1	83	1	83	4.12e-29	104
tr|A0A063KWA5|Release	GCF_003935895.2_WP_110510858.1	29.268	83	86	99	82	53	2	2	83	10	86	4.34e-29	104
tr|A0A063KWA5|Release	GCF_002393445.1_WP_061273728.1	28.049	83	86	99	82	54	2	2	83	10	86	4.45e-29	104
tr|A0A063KWA5|Release	GCF_003812345.1_WP_003018503.1	31.250	83	86	96	80	50	2	2	81	10	84	4.48e-29	104
tr|A0A063KWA5|Release	GCF_000214665.1_WP_013819542.1	35.443	83	83	95	79	50	1	2	80	6	83	4.79e-29	104
tr|A0A063KWA5|Release	GCF_009649915.1_WP_062772223.1	32.500	83	86	96	80	49	2	2	81	10	84	4.85e-29	104
tr|A0A063KWA5|Release	GCF_001729805.1_WP_008501890.1	28.750	83	86	96	80	52	2	2	81	10	84	4.89e-29	104
tr|A0A063KWA5|Release	GCF_009363135.1_WP_090122691.1	30.000	83	86	96	80	51	2	2	81	10	84	4.93e-29	104
tr|A0A063KWA5|Release	GCF_900638065.1_WP_048212636.1	31.250	83	86	96	80	50	2	2	81	10	84	5.21e-29	104
tr|A0A063KWA5|Release	GCF_005877035.1_WP_039486662.1	97.590	83	83	100	83	2	0	1	83	1	83	5.48e-29	104
tr|A0A063KWA5|Release	GCF_004353845.1_WP_103768334.1	30.000	83	86	96	80	51	2	2	81	10	84	5.56e-29	104
tr|A0A063KWA5|Release	GCF_001750725.1_WP_014168720.1	28.750	83	86	96	80	52	2	2	81	10	84	5.97e-29	104
tr|A0A063KWA5|Release	GCF_006742785.1_WP_172630283.1	33.750	83	88	96	80	53	0	2	81	5	84	6.34e-29	104
tr|A0A063KWA5|Release	GCF_000240185.1_YP_005225236.1	30.000	83	86	96	80	51	2	2	81	10	84	6.41e-29	104
tr|A0A063KWA5|Release	GCF_025914095.1_WP_031518416.1	28.750	83	86	96	80	52	2	2	81	10	84	6.46e-29	104
tr|A0A063KWA5|Release	GCF_018128425.1_WP_042289833.1	30.000	83	86	96	80	51	2	2	81	10	84	6.51e-29	104
tr|A0A063KWA5|Release	GCF_021278985.1_WP_012904575.1	30.000	83	86	96	80	51	2	2	81	10	84	6.62e-29	104
tr|A0A063KWA5|Release	GCF_003957745.1_WP_126168493.1	25.926	83	87	98	81	60	0	2	82	7	87	7.35e-29	104
tr|A0A063KWA5|Release	GCF_024347495.1_WP_137371745.1	47.500	83	80	96	80	42	0	1	80	1	80	7.67e-29	103
tr|A0A063KWA5|Release	GCF_000009145.1_WP_041356315.1	33.333	83	90	98	81	54	0	1	81	5	85	8.15e-29	104
tr|A0A063KWA5|Release	GCF_003261575.2_WP_110272453.1	31.250	83	86	96	80	50	2	2	81	10	84	9.61e-29	103
tr|A0A063KWA5|Release	GCF_003019925.1_WP_162185254.1	29.268	83	86	99	82	53	2	2	83	10	86	1.01e-28	103
tr|A0A063KWA5|Release	GCF_003668795.1_WP_054981706.1	80.723	83	83	100	83	16	0	1	83	1	83	1.10e-28	103
tr|A0A063KWA5|Release	GCF_018139045.1_WP_004129134.1	30.000	83	86	96	80	51	2	2	81	10	84	1.11e-28	103
tr|A0A063KWA5|Release	GCF_002221525.1_WP_089349457.1	83.133	83	83	100	83	14	0	1	83	1	83	1.13e-28	103
tr|A0A063KWA5|Release	GCF_001558935.2_WP_042323659.1	30.000	83	86	96	80	51	2	2	81	10	84	1.24e-28	103
tr|A0A063KWA5|Release	GCF_003812925.1_WP_004107903.1	30.000	83	86	96	80	51	2	2	81	10	84	1.26e-28	103
tr|A0A063KWA5|Release	GCF_900635955.1_WP_126357486.1	28.049	83	86	99	82	54	2	2	83	10	86	1.31e-28	103
tr|A0A063KWA5|Release	GCF_022637595.1_WP_004858152.1	30.000	83	86	96	80	51	2	2	81	10	84	1.45e-28	103
tr|A0A063KWA5|Release	GCF_024494545.1_WP_256384876.1	49.383	83	81	98	81	41	0	1	81	1	81	1.49e-28	103
tr|A0A063KWA5|Release	GCF_021276285.1_WP_095923198.1	30.488	83	86	99	82	52	2	2	83	10	86	1.51e-28	103
tr|A0A063KWA5|Release	GCF_006711645.1_WP_100682484.1	30.000	83	86	96	80	51	2	2	81	10	84	1.60e-28	103
tr|A0A063KWA5|Release	GCF_024224615.1_WP_125293588.1	27.500	83	86	96	80	53	2	2	81	10	84	1.73e-28	103
tr|A0A063KWA5|Release	GCF_022637475.1_WP_013574214.1	29.268	83	86	99	82	53	2	2	83	10	86	1.74e-28	103
tr|A0A063KWA5|Release	GCF_015139575.1_WP_004098776.1	30.000	83	86	96	80	51	2	2	81	10	84	1.84e-28	103
tr|A0A063KWA5|Release	GCF_009648935.1_WP_047417117.1	30.000	83	86	96	80	51	2	2	81	10	84	1.84e-28	103
tr|A0A063KWA5|Release	GCF_001007875.1_WP_046858354.1	43.750	83	80	96	80	45	0	1	80	1	80	1.93e-28	103
tr|A0A063KWA5|Release	GCF_022637515.1_WP_064539750.1	28.750	83	86	96	80	52	2	2	81	10	84	2.06e-28	103
tr|A0A063KWA5|Release	GCF_025758125.1_WP_023480196.1	28.750	83	86	96	80	52	2	2	81	10	84	2.18e-28	103
tr|A0A063KWA5|Release	GCF_017329545.1_WP_047884589.1	32.051	83	95	94	78	53	0	2	79	8	85	2.19e-28	103
tr|A0A063KWA5|Release	GCF_000439255.1_WP_000062328.1	31.250	83	86	96	80	50	2	2	81	10	84	2.20e-28	102
tr|A0A063KWA5|Release	GCF_000233595.1_WP_013024706.1	24.390	83	86	99	82	57	2	2	83	10	86	2.30e-28	102
tr|A0A063KWA5|Release	GCF_001277255.1_WP_007666633.1	30.000	83	86	96	80	51	2	2	81	10	84	2.34e-28	102
tr|A0A063KWA5|Release	GCF_020079945.1_WP_039382769.1	30.000	83	87	96	80	51	2	2	81	10	84	2.73e-28	102
tr|A0A063KWA5|Release	GCF_900233005.1_WP_102521318.1	46.914	83	81	98	81	43	0	1	81	1	81	2.97e-28	102
tr|A0A063KWA5|Release	GCF_002953195.1_WP_038628016.1	27.500	83	87	96	80	53	2	2	81	10	84	3.05e-28	102
tr|A0A063KWA5|Release	GCF_012029655.1_WP_041144145.1	31.250	83	86	96	80	50	2	2	81	10	84	3.35e-28	102
tr|A0A063KWA5|Release	GCF_002163605.1_WP_157665988.1	30.000	83	86	96	80	51	2	2	81	10	84	3.37e-28	102
tr|A0A063KWA5|Release	GCF_013234275.1_WP_172895488.1	27.500	83	86	96	80	53	2	2	81	10	84	3.51e-28	102
tr|A0A063KWA5|Release	GCF_000770115.1_WP_069687890.1	41.250	83	81	96	80	47	0	1	80	1	80	3.80e-28	102
tr|A0A063KWA5|Release	GCF_017354925.1_WP_207321174.1	28.395	83	87	98	81	58	0	2	82	7	87	3.93e-28	102
tr|A0A063KWA5|Release	GCF_017915135.1_WP_210390879.1	24.390	83	90	99	82	62	0	2	83	7	88	4.53e-28	102
tr|A0A063KWA5|Release	GCF_000834395.1_WP_042546713.1	28.395	83	86	98	81	53	2	2	82	10	85	4.86e-28	102
tr|A0A063KWA5|Release	GCF_000018045.1_WP_024130681.1	30.000	83	86	96	80	51	2	2	81	10	84	5.14e-28	102
tr|A0A063KWA5|Release	GCF_000772105.1_WP_004748349.1	45.000	83	81	96	80	44	0	1	80	1	80	5.17e-28	102
tr|A0A063KWA5|Release	GCF_011617105.1_WP_025800203.1	30.000	83	86	96	80	51	2	2	81	10	84	5.18e-28	102
tr|A0A063KWA5|Release	GCF_001277195.1_WP_032966924.1	28.750	83	86	96	80	52	2	2	81	10	84	5.35e-28	102
tr|A0A063KWA5|Release	GCF_002215585.1_WP_088903590.1	27.711	83	89	100	83	59	1	1	83	6	87	5.74e-28	102
tr|A0A063KWA5|Release	GCF_001277215.2_WP_007776988.1	27.500	83	86	96	80	53	2	2	81	10	84	5.75e-28	102
tr|A0A063KWA5|Release	GCF_000006945.2_NP_459242.1	31.250	83	86	96	80	50	2	2	81	10	84	5.79e-28	102
tr|A0A063KWA5|Release	GCF_004124235.1_WP_025377303.1	28.395	83	86	98	81	53	2	2	82	10	85	5.88e-28	102
tr|A0A063KWA5|Release	GCF_012767755.2_WP_173171843.1	25.610	83	90	99	82	61	0	2	83	7	88	5.94e-28	102
tr|A0A063KWA5|Release	GCF_002355475.1_WP_003455993.1	23.171	83	90	99	82	63	0	2	83	5	86	6.13e-28	102
tr|A0A063KWA5|Release	GCF_001277175.1_WP_007760020.1	27.500	83	86	96	80	53	2	2	81	10	84	6.22e-28	101
tr|A0A063KWA5|Release	GCF_000222975.1_WP_002218374.1	28.395	83	86	98	81	53	2	2	82	10	85	6.68e-28	101
tr|A0A063KWA5|Release	GCF_002906475.1_WP_012130247.1	37.500	83	81	96	80	50	0	1	80	1	80	7.05e-28	101
tr|A0A063KWA5|Release	GCF_017354965.1_WP_207380278.1	28.395	83	87	98	81	58	0	2	82	7	87	7.14e-28	101
tr|A0A063KWA5|Release	GCF_002101395.1_WP_085067900.1	30.000	83	87	96	80	51	2	2	81	10	84	7.48e-28	101
tr|A0A063KWA5|Release	GCF_011068345.1_WP_002436992.1	27.500	83	86	96	80	53	2	2	81	10	84	8.48e-28	101
tr|A0A063KWA5|Release	GCF_002021755.1_WP_005434844.1	38.750	83	81	96	80	49	0	1	80	1	80	9.39e-28	101
tr|A0A063KWA5|Release	GCF_012767755.2_WP_173176508.1	22.785	83	91	95	79	58	1	4	82	9	84	9.66e-28	101
tr|A0A063KWA5|Release	GCF_013282725.1_WP_032813813.1	27.160	83	86	98	81	54	2	2	82	10	85	9.94e-28	101
tr|A0A063KWA5|Release	GCF_019670705.1_WP_100146025.1	22.222	83	92	98	81	63	0	2	82	7	87	1.07e-27	101
tr|A0A063KWA5|Release	GCF_019669905.1_WP_054759186.1	27.848	83	79	95	79	53	1	2	80	5	79	1.13e-27	101
tr|A0A063KWA5|Release	GCF_000834455.1_WP_032817050.1	28.395	83	86	98	81	53	2	2	82	10	85	1.24e-27	101
tr|A0A063KWA5|Release	GCF_023517775.1_WP_249893541.1	30.000	83	87	96	80	51	2	2	81	10	84	1.25e-27	101
tr|A0A063KWA5|Release	GCF_019890955.1_WP_211725887.1	30.000	83	87	96	80	51	2	2	81	10	84	1.25e-27	101
tr|A0A063KWA5|Release	GCF_001007935.1_WP_046849946.1	28.750	83	84	96	80	57	0	1	80	5	84	1.28e-27	100
tr|A0A063KWA5|Release	GCF_000024825.1_WP_005460845.1	41.975	83	81	98	81	47	0	1	81	1	81	1.41e-27	100
tr|A0A063KWA5|Release	GCF_011044475.1_WP_033740322.1	24.390	83	86	99	82	57	2	2	83	10	86	1.43e-27	100
tr|A0A063KWA5|Release	GCF_019670485.1_WP_221071211.1	42.500	83	81	96	80	46	0	1	80	1	80	1.54e-27	100
tr|A0A063KWA5|Release	GCF_000010085.1_WP_011411656.1	29.268	83	86	99	82	53	2	2	83	10	86	1.72e-27	100
tr|A0A063KWA5|Release	GCF_019047765.1_WP_040231149.1	26.582	83	89	95	79	58	0	2	80	10	88	1.77e-27	100
tr|A0A063KWA5|Release	GCF_001999225.1_WP_077537996.1	71.951	83	82	99	82	23	0	1	82	1	82	1.78e-27	100
tr|A0A063KWA5|Release	GCF_000517425.1_WP_025421126.1	29.268	83	86	99	82	53	2	2	83	10	86	1.86e-27	100
tr|A0A063KWA5|Release	GCF_008807375.1_WP_151133519.1	23.171	83	90	99	82	63	0	2	83	5	86	1.94e-27	100
tr|A0A063KWA5|Release	GCF_000026185.1_WP_012440659.1	27.500	83	87	96	80	53	2	2	81	10	84	2.07e-27	100
tr|A0A063KWA5|Release	GCF_020683125.1_WP_133842177.1	25.000	83	88	96	80	55	2	2	81	11	85	2.16e-27	100
tr|A0A063KWA5|Release	GCF_024360925.2_WP_255188929.1	31.646	83	83	95	79	53	1	2	80	6	83	2.19e-27	100
tr|A0A063KWA5|Release	GCF_004792415.1_WP_013356856.1	21.951	83	86	99	82	59	2	2	83	10	86	2.36e-27	100
tr|A0A063KWA5|Release	GCF_009730055.1_WP_032906500.1	28.395	83	86	98	81	53	2	2	82	10	85	2.52e-27	100
tr|A0A063KWA5|Release	GCF_009730655.1_WP_156020461.1	22.222	83	92	98	81	63	0	2	82	7	87	2.59e-27	100
tr|A0A063KWA5|Release	GCF_000148645.1_WP_013347076.1	37.500	83	80	96	80	50	0	2	81	1	80	2.99e-27	100
tr|A0A063KWA5|Release	GCF_020150375.1_WP_004094310.1	28.750	83	86	96	80	52	2	2	81	10	84	3.35e-27	100
tr|A0A063KWA5|Release	GCF_025133195.1_WP_032910235.1	28.395	83	86	98	81	53	2	2	82	10	85	3.52e-27	100
tr|A0A063KWA5|Release	GCF_019844095.1_WP_062747070.1	25.000	83	88	96	80	55	2	2	81	11	85	3.53e-27	100
tr|A0A063KWA5|Release	GCF_014524625.1_WP_009050814.1	20.732	83	92	99	82	65	0	2	83	7	88	3.54e-27	100
tr|A0A063KWA5|Release	GCF_024347675.1_WP_261835500.1	45.679	83	81	98	81	44	0	1	81	1	81	4.09e-27	99.8
tr|A0A063KWA5|Release	GCF_000015245.1_WP_011761423.1	25.316	83	86	95	79	59	0	2	80	7	85	4.19e-27	99.8
tr|A0A063KWA5|Release	GCF_009914055.1_WP_160619715.1	27.500	83	87	96	80	53	2	2	81	10	84	4.20e-27	99.8
tr|A0A063KWA5|Release	GCF_000025065.1_WP_012883679.1	27.500	83	86	96	80	53	2	2	81	10	84	4.36e-27	99.8
tr|A0A063KWA5|Release	GCF_012427845.1_WP_012773648.1	26.250	83	86	96	80	54	2	2	81	10	84	4.68e-27	99.5
tr|A0A063KWA5|Release	GCF_016834455.1_WP_203325205.1	25.316	83	86	95	79	59	0	2	80	7	85	4.76e-27	99.5
tr|A0A063KWA5|Release	GCF_000196615.1_WP_013200864.1	26.250	83	87	96	80	54	2	2	81	10	84	5.24e-27	99.5
tr|A0A063KWA5|Release	GCF_002288545.1_WP_029367608.1	26.250	83	86	96	80	54	2	2	81	10	84	5.32e-27	99.5
tr|A0A063KWA5|Release	GCF_002157895.1_WP_227874980.1	41.975	83	82	98	81	47	0	1	81	2	82	7.67e-27	98.9
tr|A0A063KWA5|Release	GCF_003258315.1_WP_111337788.1	30.488	83	88	99	82	57	0	1	82	5	86	7.88e-27	99.2
tr|A0A063KWA5|Release	GCF_017498685.1_WP_038245151.1	27.160	83	86	98	81	54	2	2	82	10	85	8.49e-27	98.9
tr|A0A063KWA5|Release	GCF_022647505.1_WP_128179458.1	27.500	83	87	96	80	53	2	2	81	10	84	8.72e-27	98.9
tr|A0A063KWA5|Release	GCF_009363415.1_WP_152430616.1	36.585	83	84	99	82	52	0	1	82	1	82	9.16e-27	98.9
tr|A0A063KWA5|Release	GCF_019797845.1_WP_222158377.1	30.000	83	86	96	80	51	2	2	81	10	84	9.65e-27	98.9
tr|A0A063KWA5|Release	GCF_000520015.2_WP_024910172.1	27.500	83	87	96	80	53	2	2	81	10	84	1.05e-26	98.6
tr|A0A063KWA5|Release	GCF_000023565.1_WP_012770818.1	27.500	83	86	96	80	53	2	2	81	10	84	1.14e-26	98.6
tr|A0A063KWA5|Release	GCF_900095885.1_WP_035340381.1	23.750	83	86	96	80	56	2	2	81	10	84	1.24e-26	98.6
tr|A0A063KWA5|Release	GCF_019048385.1_WP_062759648.1	23.171	83	86	99	82	58	2	2	83	10	86	1.30e-26	98.4
tr|A0A063KWA5|Release	GCF_009873295.1_WP_039312412.1	26.250	83	86	96	80	54	2	2	81	10	84	1.39e-26	98.4
tr|A0A063KWA5|Release	GCF_008931805.1_WP_019441510.1	54.321	83	81	98	81	37	0	1	81	1	81	1.69e-26	98.1
tr|A0A063KWA5|Release	GCF_020181655.1_WP_225087160.1	25.000	83	86	96	80	55	2	2	81	10	84	1.74e-26	98.1
tr|A0A063KWA5|Release	GCF_007858975.2_WP_042869176.1	27.500	83	86	96	80	53	2	2	81	10	84	1.99e-26	98.1
tr|A0A063KWA5|Release	GCF_000264765.2_WP_034163237.1	26.250	83	86	96	80	54	2	2	81	10	84	2.07e-26	98.1
tr|A0A063KWA5|Release	GCF_009931295.1_WP_161528353.1	26.250	83	86	96	80	54	2	2	81	10	84	2.12e-26	98.1
tr|A0A063KWA5|Release	GCF_000740965.1_WP_011092648.1	26.250	83	86	96	80	54	2	2	81	10	84	2.17e-26	97.8
tr|A0A063KWA5|Release	GCF_005484945.1_WP_137712817.1	26.250	83	86	96	80	54	2	2	81	10	84	2.35e-26	97.8
tr|A0A063KWA5|Release	GCF_009646115.1_WP_008925644.1	21.951	83	86	99	82	59	2	2	83	10	86	2.41e-26	97.8
tr|A0A063KWA5|Release	GCF_021029445.1_WP_230924827.1	25.926	83	89	98	81	59	1	2	82	7	86	3.33e-26	97.5
tr|A0A063KWA5|Release	GCF_002887615.1_WP_038869703.1	36.250	83	81	96	80	51	0	1	80	1	80	3.33e-26	97.2
tr|A0A063KWA5|Release	GCF_016026735.1_WP_015673540.1	27.500	83	87	96	80	53	2	2	81	10	84	3.67e-26	97.2
tr|A0A063KWA5|Release	GCF_001642805.2_WP_004931991.1	27.500	83	87	96	80	53	2	2	81	10	84	4.27e-26	97.2
tr|A0A063KWA5|Release	GCF_000019525.1_WP_012323084.1	36.250	83	81	96	80	51	0	1	80	1	80	4.50e-26	96.9
tr|A0A063KWA5|Release	GCF_021462285.1_WP_234585968.1	27.500	83	87	96	80	53	2	2	81	10	84	5.21e-26	96.9
tr|A0A063KWA5|Release	GCF_002812485.1_WP_038661467.1	26.250	83	86	96	80	54	2	2	81	10	84	5.32e-26	96.9
tr|A0A063KWA5|Release	GCF_009817885.1_WP_105232289.1	27.500	83	87	96	80	53	2	2	81	10	84	5.55e-26	96.9
tr|A0A063KWA5|Release	GCF_001742185.1_WP_005975933.1	26.250	83	86	96	80	54	2	2	81	10	84	5.76e-26	96.9
tr|A0A063KWA5|Release	GCF_021733145.1_WP_012847629.1	25.000	83	86	96	80	55	2	2	81	10	84	5.90e-26	96.7
tr|A0A063KWA5|Release	GCF_006364355.1_WP_004727652.1	36.145	83	83	100	83	53	0	1	83	1	83	6.88e-26	96.7
tr|A0A063KWA5|Release	GCF_013460135.1_WP_180816665.1	31.250	83	88	96	80	50	2	2	81	10	84	7.00e-26	96.7
tr|A0A063KWA5|Release	GCF_000517405.1_WP_038469034.1	28.049	83	83	99	82	54	2	2	83	7	83	7.51e-26	96.4
tr|A0A063KWA5|Release	GCF_003515985.1_WP_085653101.1	25.000	83	86	96	80	55	2	2	81	10	84	7.92e-26	96.4
tr|A0A063KWA5|Release	GCF_004768525.1_WP_026822068.1	28.750	83	88	96	80	52	2	2	81	10	84	7.95e-26	96.4
tr|A0A063KWA5|Release	GCF_902387845.1_WP_004237241.1	32.500	83	88	96	80	49	2	2	81	10	84	8.48e-26	96.4
tr|A0A063KWA5|Release	GCF_020342335.1_WP_067428135.1	25.641	83	87	94	78	53	2	2	79	10	82	8.59e-26	96.4
tr|A0A063KWA5|Release	GCF_017569925.1_WP_208228065.1	26.250	83	86	96	80	54	2	2	81	10	84	9.82e-26	96.1
tr|A0A063KWA5|Release	GCF_000262305.1_WP_002441069.1	27.500	83	86	96	80	53	2	2	81	10	84	9.90e-26	96.1
tr|A0A063KWA5|Release	GCF_022647325.1_WP_111140597.1	23.171	83	86	99	82	58	2	2	83	10	86	1.05e-25	96.1
tr|A0A063KWA5|Release	GCF_020268605.1_WP_180560445.1	28.750	83	88	96	80	52	2	2	81	10	84	1.12e-25	96.1
tr|A0A063KWA5|Release	GCF_900187015.1_WP_061796701.1	26.250	83	87	96	80	54	2	2	81	10	84	1.18e-25	96.1
tr|A0A063KWA5|Release	GCF_000023545.1_WP_015854637.1	23.750	83	86	96	80	56	2	2	81	10	84	1.19e-25	96.1
tr|A0A063KWA5|Release	GCF_000014765.1_WP_011633385.1	29.630	83	89	98	81	57	0	2	82	5	85	1.20e-25	96.1
tr|A0A063KWA5|Release	GCF_002005305.1_WP_077753428.1	20.988	83	86	98	81	64	0	1	81	6	86	1.24e-25	96.1
tr|A0A063KWA5|Release	GCF_015999465.1_WP_085688159.1	23.750	83	86	96	80	56	2	2	81	10	84	1.27e-25	95.8
tr|A0A063KWA5|Release	GCF_000196475.1_WP_012776850.1	25.000	83	88	96	80	55	2	2	81	10	84	1.29e-25	96.1
tr|A0A063KWA5|Release	GCF_001010285.1_WP_046974061.1	25.000	83	88	96	80	55	2	2	81	10	84	1.45e-25	95.8
tr|A0A063KWA5|Release	GCF_012295615.1_WP_007018284.1	37.037	83	81	98	81	51	0	1	81	1	81	1.51e-25	95.5
tr|A0A063KWA5|Release	GCF_000147055.1_WP_022632468.1	26.250	83	86	96	80	54	2	2	81	10	84	1.52e-25	95.8
tr|A0A063KWA5|Release	GCF_019977755.1_WP_126608378.1	30.233	83	103	96	86	54	1	1	80	15	100	1.61e-25	96.1
tr|A0A063KWA5|Release	GCF_003992745.1_WP_014700896.1	25.000	83	86	96	80	55	2	2	81	10	84	1.70e-25	95.5
tr|A0A063KWA5|Release	GCF_003403135.1_WP_024104894.1	27.500	83	86	96	80	53	2	2	81	10	84	1.88e-25	95.5
tr|A0A063KWA5|Release	GCF_000146165.2_WP_164925808.1	25.000	83	89	100	84	62	1	1	83	6	89	2.12e-25	95.5
tr|A0A063KWA5|Release	GCF_002291445.1_WP_048635886.1	25.000	83	86	96	80	55	2	2	81	10	84	2.16e-25	95.3
tr|A0A063KWA5|Release	GCF_001431725.1_WP_021820278.1	34.568	83	81	98	81	53	0	1	81	1	81	2.21e-25	95.3
tr|A0A063KWA5|Release	GCF_000091565.1_WP_004159420.1	27.500	83	87	96	80	53	2	2	81	10	84	2.28e-25	95.3
tr|A0A063KWA5|Release	GCF_000968195.1_WP_045972480.1	26.250	83	87	96	80	54	2	2	81	11	85	2.32e-25	95.3
tr|A0A063KWA5|Release	GCF_005931095.1_WP_017839868.1	32.500	83	84	96	80	53	1	2	81	6	84	2.70e-25	95.0
tr|A0A063KWA5|Release	GCF_019090985.1_WP_036781226.1	22.500	83	88	96	80	57	2	2	81	10	84	3.22e-25	95.0
tr|A0A063KWA5|Release	GCF_000968535.2_WP_014147785.1	33.750	83	84	96	80	52	1	2	81	6	84	3.54e-25	94.7
tr|A0A063KWA5|Release	GCF_000196155.1_WP_011145066.1	22.222	83	88	98	81	58	2	2	82	10	85	3.63e-25	94.7
tr|A0A063KWA5|Release	GCF_024346675.1_WP_048897676.1	26.582	83	86	95	79	58	0	2	80	8	86	3.97e-25	94.7
tr|A0A063KWA5|Release	GCF_001455205.1_WP_062560013.1	36.250	83	84	96	80	50	1	2	81	6	84	5.11e-25	94.4
tr|A0A063KWA5|Release	GCF_000214235.1_WP_004952197.1	23.750	83	85	96	80	56	2	2	81	8	82	5.67e-25	94.4
tr|A0A063KWA5|Release	GCF_011045835.1_WP_075671674.1	24.390	83	86	99	82	57	2	2	83	10	86	5.91e-25	94.1
tr|A0A063KWA5|Release	GCF_029457395.1_WP_024766443.1	20.482	83	92	95	83	62	1	4	82	9	91	6.86e-25	94.1
tr|A0A063KWA5|Release	GCF_002504285.1_WP_005282992.1	23.750	83	86	96	80	56	2	2	81	10	84	8.25e-25	93.9
tr|A0A063KWA5|Release	GCF_005484965.1_WP_009114129.1	25.000	83	86	96	80	55	2	2	81	10	84	1.04e-24	93.6
tr|A0A063KWA5|Release	GCF_002849875.1_WP_232379112.1	40.244	83	113	95	82	46	1	2	80	32	113	1.04e-24	94.1
tr|A0A063KWA5|Release	GCF_001006005.1_WP_223499701.1	26.250	83	85	96	80	54	2	2	81	8	82	1.24e-24	93.3
tr|A0A063KWA5|Release	GCF_022369495.1_WP_072064250.1	24.390	83	86	99	82	57	2	2	83	10	86	1.27e-24	93.3
tr|A0A063KWA5|Release	GCF_000968175.1_WP_045959360.1	26.250	83	88	96	80	54	2	2	81	11	85	1.31e-24	93.3
tr|A0A063KWA5|Release	GCF_000261045.2_WP_006318653.1	23.750	83	87	96	80	56	2	2	81	10	84	1.38e-24	93.3
tr|A0A063KWA5|Release	GCF_009831665.3_WP_006709226.1	22.500	83	87	96	80	57	2	2	81	10	84	1.41e-24	93.3
tr|A0A063KWA5|Release	GCF_000014885.1_WP_020912292.1	25.000	83	87	96	80	60	0	2	81	7	86	1.55e-24	93.3
tr|A0A063KWA5|Release	GCF_000069965.1_WP_004245453.1	23.171	83	86	99	82	58	2	2	83	10	86	1.56e-24	93.3
tr|A0A063KWA5|Release	GCF_013423785.1_WP_180308358.1	28.750	83	88	96	80	56	1	2	81	10	88	1.69e-24	93.0
tr|A0A063KWA5|Release	GCF_000016065.1_WP_011864074.1	21.951	83	93	99	82	63	1	1	82	6	86	1.91e-24	93.0
tr|A0A063KWA5|Release	GCF_008364325.2_WP_230090436.1	25.000	83	85	96	80	55	2	2	81	8	82	1.99e-24	93.0
tr|A0A063KWA5|Release	GCF_029277985.1_WP_154623766.1	23.457	83	87	98	81	57	2	2	82	10	85	2.03e-24	93.0
tr|A0A063KWA5|Release	GCF_900638135.1_WP_012146468.1	23.750	83	87	96	80	56	2	2	81	10	84	2.16e-24	92.7
tr|A0A063KWA5|Release	GCF_008632455.1_WP_150048082.1	33.750	83	84	96	80	52	1	2	81	6	84	3.03e-24	92.4
tr|A0A063KWA5|Release	GCF_002291425.1_WP_095847471.1	27.500	83	87	96	80	53	2	2	81	10	84	3.04e-24	92.4
tr|A0A063KWA5|Release	GCF_000019185.1_WP_012277931.1	37.000	83	100	98	100	44	1	1	81	1	100	4.02e-24	92.4
tr|A0A063KWA5|Release	GCF_016026395.1_WP_024524235.1	23.750	83	86	96	80	56	2	2	81	10	84	4.21e-24	92.2
tr|A0A063KWA5|Release	GCF_012971725.1_WP_169940133.1	20.482	83	92	95	83	62	1	4	82	9	91	4.33e-24	92.2
tr|A0A063KWA5|Release	GCF_019797925.1_WP_193521737.1	37.037	83	80	98	81	50	1	1	81	1	80	4.37e-24	91.9
tr|A0A063KWA5|Release	GCF_017743015.1_WP_209027287.1	27.500	83	88	96	80	53	2	2	81	10	84	5.07e-24	91.9
tr|A0A063KWA5|Release	GCF_017348915.1_WP_040077077.1	30.000	83	86	96	80	51	2	2	81	10	84	5.87e-24	91.6
tr|A0A063KWA5|Release	GCF_019047765.1_WP_040230035.1	31.250	83	86	96	80	50	2	2	81	10	84	5.97e-24	91.6
tr|A0A063KWA5|Release	GCF_003096015.2_WP_230514010.1	26.250	83	88	96	80	54	2	2	81	11	85	7.02e-24	91.6
tr|A0A063KWA5|Release	GCF_004295645.1_WP_228350951.1	27.500	83	88	96	80	53	2	2	81	11	85	8.37e-24	91.3
tr|A0A063KWA5|Release	GCF_021365465.1_WP_016190321.1	28.750	83	87	96	80	52	2	2	81	10	84	1.23e-23	91.0
tr|A0A063KWA5|Release	GCF_024746855.1_WP_260492542.1	40.000	83	79	96	80	47	1	1	80	1	79	1.24e-23	90.8
tr|A0A063KWA5|Release	GCF_022592395.1_WP_047255099.1	21.250	83	87	96	80	58	2	2	81	10	84	1.39e-23	90.8
tr|A0A063KWA5|Release	GCF_020541225.1_WP_226811316.1	26.829	83	86	99	82	55	2	2	83	10	86	1.40e-23	90.8
tr|A0A063KWA5|Release	GCF_900475855.1_WP_068441311.1	23.750	83	87	96	80	56	2	2	81	10	84	1.54e-23	90.8
tr|A0A063KWA5|Release	GCF_004116975.1_WP_064720954.1	23.171	83	86	99	82	58	2	2	83	10	86	1.55e-23	90.8
tr|A0A063KWA5|Release	GCF_025946765.1_WP_264497926.1	23.750	83	86	96	80	56	2	2	81	10	84	1.57e-23	90.8
tr|A0A063KWA5|Release	GCF_003204135.1_WP_004908806.1	23.750	83	87	96	80	56	2	2	81	10	84	1.63e-23	90.5
tr|A0A063KWA5|Release	GCF_003074995.2_WP_015870269.1	24.051	83	86	95	79	55	2	2	80	10	83	1.73e-23	90.5
tr|A0A063KWA5|Release	GCF_002843235.3_WP_102139922.1	23.750	83	87	96	80	56	2	2	81	10	84	1.82e-23	90.5
tr|A0A063KWA5|Release	GCF_014295015.1_WP_013185414.1	26.250	83	87	96	80	54	2	2	81	11	85	2.00e-23	90.5
tr|A0A063KWA5|Release	GCF_002393505.1_WP_006658392.1	25.000	83	87	96	80	55	2	2	81	10	84	2.03e-23	90.5
tr|A0A063KWA5|Release	GCF_019703835.1_WP_087020305.1	28.395	83	79	98	81	54	1	2	82	1	77	2.04e-23	90.2
tr|A0A063KWA5|Release	GCF_002952315.1_WP_012667243.1	23.750	83	87	96	80	56	2	2	81	10	84	2.60e-23	90.2
tr|A0A063KWA5|Release	GCF_900638655.1_WP_047781753.1	27.500	83	88	96	80	53	2	2	81	11	85	3.47e-23	89.9
tr|A0A063KWA5|Release	GCF_001721185.1_WP_069317984.1	23.750	83	87	96	80	56	2	2	81	10	84	3.84e-23	89.6
tr|A0A063KWA5|Release	GCF_003025345.2_WP_003155955.1	26.190	83	91	95	84	57	1	2	80	7	90	4.06e-23	89.6
tr|A0A063KWA5|Release	GCF_900478135.1_WP_111739359.1	26.250	83	88	96	80	54	2	2	81	11	85	4.76e-23	89.4
tr|A0A063KWA5|Release	GCF_000785705.2_WP_036272019.1	32.911	83	82	95	79	51	2	2	80	6	82	8.29e-23	88.8
tr|A0A063KWA5|Release	GCF_008033135.1_WP_148717358.1	23.077	83	87	94	78	59	1	2	79	7	83	9.88e-23	88.5
tr|A0A063KWA5|Release	GCF_003568825.1_WP_040644076.1	27.711	83	83	96	83	57	1	1	80	1	83	1.16e-22	88.2
tr|A0A063KWA5|Release	GCF_026427595.1_WP_251812951.1	25.000	83	88	96	84	59	3	1	80	4	87	1.44e-22	88.2
tr|A0A063KWA5|Release	GCF_005671395.1_WP_138095872.1	28.788	83	86	80	66	46	1	2	67	10	74	4.25e-22	87.1
tr|A0A063KWA5|Release	GCF_008364325.2_WP_020826409.1	24.051	83	84	95	79	57	1	2	80	7	82	7.75e-22	86.3
tr|A0A063KWA5|Release	GCF_001677435.1_WP_068615618.1	24.390	83	90	99	82	61	1	2	83	9	89	2.24e-21	85.1
tr|A0A063KWA5|Release	GCF_017638925.1_WP_208844867.1	34.615	83	81	94	78	50	1	1	78	1	77	6.64e-21	83.7
tr|A0A063KWA5|Release	GCF_003990335.1_WP_127025819.1	21.951	83	91	99	82	63	1	1	82	5	85	1.93e-20	82.9
tr|A0A063KWA5|Release	GCF_007197555.1_WP_144048375.1	20.690	83	94	98	87	63	2	1	81	6	92	4.00e-20	82.0
tr|A0A063KWA5|Release	GCF_000018285.1_WP_012155987.1	32.673	83	102	96	101	47	1	1	80	1	101	4.81e-20	82.0
tr|A0A063KWA5|Release	GCF_000147355.1_WP_013326989.1	40.909	83	67	80	66	39	0	15	80	1	66	8.00e-20	80.9
tr|A0A063KWA5|Release	GCF_016026875.1_WP_045525981.1	19.753	83	89	98	81	60	3	2	82	7	82	2.64e-19	79.8
tr|A0A063KWA5|Release	GCF_004358345.1_WP_121852852.1	27.941	83	76	82	68	49	0	2	69	8	75	2.90e-19	79.5
tr|A0A063KWA5|Release	GCF_020405345.1_WP_017780573.1	19.753	83	89	98	81	60	3	2	82	7	82	3.32e-19	79.8
tr|A0A063KWA5|Release	GCF_003515105.1_WP_036973086.1	25.373	83	73	81	67	50	0	2	68	6	72	1.16e-18	78.1
tr|A0A063KWA5|Release	GCF_003855395.1_WP_124730567.1	28.916	83	88	95	83	55	2	2	80	4	86	3.71e-18	77.0
tr|A0A063KWA5|Release	GCF_900637545.1_WP_042651794.1	20.988	83	84	98	81	59	3	2	82	7	82	4.99e-18	76.7
tr|A0A063KWA5|Release	GCF_002215215.1_WP_088918776.1	28.916	83	101	99	83	56	3	2	83	20	100	5.31e-18	76.7
tr|A0A063KWA5|Release	GCF_020423125.1_WP_226170850.1	20.988	83	84	98	81	59	3	2	82	7	82	5.94e-18	76.4
tr|A0A063KWA5|Release	GCF_020149575.1_WP_224431657.1	19.512	83	85	99	82	61	3	2	83	7	83	1.34e-17	75.6
tr|A0A063KWA5|Release	GCF_002157225.2_WP_086934278.1	27.778	83	80	87	72	51	1	1	72	4	74	1.73e-17	75.0
tr|A0A063KWA5|Release	GCF_028355655.1_WP_087756847.1	19.753	83	84	98	81	60	3	2	82	7	82	2.18e-17	75.0
tr|A0A063KWA5|Release	GCF_020511155.1_WP_226415657.1	27.381	83	87	96	84	57	2	1	80	4	87	2.37e-17	75.0
tr|A0A063KWA5|Release	GCF_000788395.1_WP_038641921.1	31.507	83	85	87	73	48	2	2	73	5	76	3.18e-17	74.4
tr|A0A063KWA5|Release	GCF_020991025.1_WP_152109250.1	29.851	83	83	80	67	45	2	2	67	8	73	3.80e-17	74.2
tr|A0A063KWA5|Release	GCF_003015165.1_WP_106887831.1	20.988	83	84	98	81	59	3	2	82	7	82	4.32e-17	74.2
tr|A0A063KWA5|Release	GCF_000014705.1_WP_011637758.1	26.506	83	88	95	83	57	2	2	80	4	86	5.02e-17	74.2
tr|A0A063KWA5|Release	GCF_008693705.1_WP_127008315.1	19.753	83	84	98	81	60	3	2	82	7	82	8.16e-17	73.6
tr|A0A063KWA5|Release	GCF_014169735.1_WP_134997272.1	18.519	83	86	98	81	61	3	2	82	7	82	9.29e-17	73.3
tr|A0A063KWA5|Release	GCF_015209785.1_WP_193988300.1	23.438	83	73	77	64	49	0	2	65	6	69	2.29e-16	72.2
tr|A0A063KWA5|Release	GCF_000940995.1_WP_082060442.1	21.429	83	93	84	70	55	0	10	79	16	85	3.80e-16	71.9
tr|A0A063KWA5|Release	GCF_016026615.1_WP_197928313.1	19.753	83	89	98	81	60	3	2	82	7	82	3.90e-16	71.9
tr|A0A063KWA5|Release	GCF_003063625.1_WP_108601906.1	32.394	83	85	86	71	47	1	1	71	4	73	5.16e-16	71.3
tr|A0A063KWA5|Release	GCF_000013765.1_WP_011496543.1	23.810	83	106	96	84	60	2	2	81	23	106	1.36e-15	70.8
tr|A0A063KWA5|Release	GCF_002218045.2_WP_089137819.1	28.986	83	79	80	69	46	1	2	67	9	77	2.25e-15	69.7
tr|A0A063KWA5|Release	GCF_023650495.1_WP_250655372.1	26.190	83	88	96	84	58	2	1	80	4	87	4.49e-15	69.1
tr|A0A063KWA5|Release	GCF_016127195.1_WP_042032742.1	16.049	83	89	98	81	63	3	2	82	7	82	6.42e-15	68.8
tr|A0A063KWA5|Release	GCF_003966655.1_WP_113527441.1	25.758	83	77	80	66	48	1	2	67	8	72	1.02e-14	68.0
tr|A0A063KWA5|Release	GCF_001444405.1_WP_058032142.1	29.577	83	87	86	71	50	0	1	71	1	71	2.87e-14	67.1
tr|A0A063KWA5|Release	GCF_017742995.1_WP_247749573.1	46.512	83	48	52	43	23	0	1	43	1	43	3.24e-14	66.3
tr|A0A063KWA5|Release	GCF_006385555.1_WP_140234395.1	32.530	83	87	95	83	52	2	2	80	4	86	3.70e-14	66.8
tr|A0A063KWA5|Release	GCF_019931735.1_WP_223417223.1	25.882	83	87	98	85	59	2	1	81	3	87	4.77e-14	66.6
tr|A0A063KWA5|Release	GCF_013462805.1_WP_009566961.1	24.242	83	77	80	66	49	1	2	67	8	72	4.96e-14	66.3
tr|A0A063KWA5|Release	GCF_001020955.1_WP_047250467.1	15.493	83	82	82	71	57	1	2	69	10	80	9.86e-14	65.4
tr|A0A063KWA5|Release	GCF_000026085.1_WP_041454550.1	22.388	83	73	80	67	50	2	2	67	6	71	1.11e-13	65.2
tr|A0A063KWA5|Release	GCF_020844025.1_WP_215848879.1	27.273	83	77	80	66	47	1	2	67	8	72	1.46e-13	65.2
tr|A0A063KWA5|Release	GCF_000012325.1_WP_011045621.1	32.353	83	84	82	68	45	1	2	69	5	71	3.12e-13	64.3
tr|A0A063KWA5|Release	GCF_001651805.1_WP_067384150.1	23.188	83	78	77	69	47	4	2	65	7	74	1.01e-12	62.9
tr|A0A063KWA5|Release	GCF_000006765.1_NP_249630.1	24.138	83	108	99	87	61	1	2	83	7	93	1.08e-12	63.5
tr|A0A063KWA5|Release	GCF_009662475.1_WP_031573754.1	24.658	83	79	88	73	54	1	2	74	8	79	1.10e-12	62.9
tr|A0A063KWA5|Release	GCF_024347275.1_WP_019620968.1	19.737	83	82	87	76	57	3	2	73	7	82	1.21e-12	62.9
tr|A0A063KWA5|Release	GCF_000238255.3_WP_010559905.1	35.211	83	86	84	71	44	2	2	71	5	74	1.68e-12	62.6
tr|A0A063KWA5|Release	GCF_003967195.1_WP_172597571.1	18.421	83	83	86	76	56	3	2	72	9	83	1.89e-12	62.3
tr|A0A063KWA5|Release	GCF_024347675.1_WP_261833361.1	51.429	83	54	42	35	17	0	1	35	1	35	2.00e-12	61.8
tr|A0A063KWA5|Release	GCF_024347255.1_WP_091360415.1	26.471	83	79	77	68	46	2	2	65	7	74	3.21e-12	61.8
tr|A0A063KWA5|Release	GCF_000801295.1_WP_171816254.1	16.176	83	99	78	68	53	3	2	66	10	76	5.61e-12	61.5
tr|A0A063KWA5|Release	GCF_004028275.1_WP_128384077.1	20.270	83	77	84	74	54	3	2	71	3	75	8.12e-12	60.7
tr|A0A063KWA5|Release	GCF_024347195.1_WP_271272618.1	23.529	83	77	77	68	47	4	2	65	7	73	1.03e-11	60.4
tr|A0A063KWA5|Release	GCF_001596155.1_WP_068342236.1	22.078	83	90	89	77	53	4	2	75	8	80	1.71e-11	60.1
tr|A0A063KWA5|Release	GCF_021654855.1_WP_237262080.1	31.884	83	70	78	69	42	2	2	66	3	70	2.09e-11	59.5
tr|A0A063KWA5|Release	GCF_013282625.1_WP_173286717.1	24.638	83	67	83	69	48	2	2	70	3	67	2.20e-11	59.2
tr|A0A063KWA5|Release	GCF_013343005.1_WP_078482823.1	17.333	83	84	84	75	56	4	2	71	8	81	7.11e-11	58.4
tr|A0A063KWA5|Release	GCF_000021985.1_WP_012639500.1	19.403	83	82	76	67	50	1	2	64	8	74	9.37e-11	57.8
tr|A0A063KWA5|Release	GCF_001507645.1_WP_068195976.1	22.892	83	90	96	83	58	2	2	81	8	87	1.18e-10	57.8
tr|A0A063KWA5|Release	GCF_002355415.1_WP_148665551.1	18.571	83	87	80	70	52	3	2	67	17	85	2.42e-10	57.0
tr|A0A063KWA5|Release	GCF_002355735.1_WP_096359192.1	22.535	83	83	81	71	50	3	2	68	13	82	2.47e-10	57.0
tr|A0A063KWA5|Release	GCF_009938015.1_WP_223264517.1	15.493	83	90	80	71	54	4	2	67	10	79	3.75e-10	56.7
tr|A0A063KWA5|Release	GCF_004293625.1_WP_130538367.1	28.814	83	71	71	59	38	2	2	60	3	57	9.22e-10	55.3
tr|A0A063KWA5|Release	GCF_003970675.1_WP_126615366.1	19.697	83	76	80	66	48	3	2	67	13	73	1.18e-09	55.0
tr|A0A063KWA5|Release	GCF_003149515.1_WP_109656005.1	18.182	83	90	89	77	56	4	2	75	8	80	1.52e-09	55.0
tr|A0A063KWA5|Release	GCF_023733635.1_WP_039959400.1	18.841	83	89	77	69	50	3	2	65	7	74	1.69e-09	55.0
tr|A0A063KWA5|Release	GCF_024347215.1_WP_261843265.1	19.403	83	77	77	67	51	2	2	65	7	73	1.72e-09	54.7
tr|A0A063KWA5|Release	GCF_001955715.1_WP_029708890.1	18.841	83	80	78	69	48	3	2	66	7	71	1.89e-09	54.7
tr|A0A063KWA5|Release	GCF_000828615.1_WP_041064380.1	18.056	83	80	81	72	53	4	2	68	10	80	3.25e-09	53.9
tr|A0A063KWA5|Release	GCF_018736065.1_WP_144074266.1	19.697	83	76	80	66	48	3	2	67	13	73	5.40e-09	53.3
tr|A0A063KWA5|Release	GCF_902810445.1_WP_197744199.1	28.571	83	78	80	70	42	4	2	67	7	72	9.48e-09	52.8
tr|A0A063KWA5|Release	GCF_022811645.1_WP_243511723.1	20.290	83	90	80	69	49	2	2	67	8	73	2.79e-08	51.9
tr|A0A063KWA5|Release	GCF_004001245.1_WP_127478562.1	18.056	83	85	82	72	55	2	2	69	10	81	3.40e-08	51.4
tr|A0A063KWA5|Release	GCF_013201725.1_WP_014475480.1	18.310	83	74	82	71	51	3	2	69	8	74	3.69e-08	51.1
tr|A0A063KWA5|Release	GCF_000321415.2_WP_015260329.1	13.514	83	93	84	74	59	4	2	71	10	82	5.75e-08	51.1
tr|A0A063KWA5|Release	GCF_003353065.1_WP_114983154.1	16.418	83	84	77	67	49	4	2	65	11	73	7.40e-08	50.5
tr|A0A063KWA5|Release	GCF_011398155.1_WP_173291533.1	16.901	83	71	84	71	54	3	2	71	3	69	7.72e-08	50.2
tr|A0A063KWA5|Release	GCF_008728635.1_WP_151087836.1	21.519	83	90	92	79	55	4	2	77	8	82	9.93e-08	50.5
tr|A0A063KWA5|Release	GCF_011398355.1_WP_173270160.1	25.000	83	65	72	60	41	2	2	61	3	58	1.97e-07	49.1
tr|A0A063KWA5|Release	GCF_002762215.1_WP_085750011.1	17.143	83	87	80	70	50	4	2	67	9	74	2.17e-07	49.4
tr|A0A063KWA5|Release	GCF_000014785.1_WP_011630183.1	20.270	83	83	82	74	50	3	2	69	13	83	7.31e-07	48.0
tr|A0A063KWA5|Release	GCF_010093065.1_WP_238430213.1	16.176	83	83	78	68	51	2	2	66	11	75	8.50e-07	48.0
tr|A0A063KWA5|Release	GCF_000212735.1_WP_013764159.1	15.714	83	83	80	70	51	3	2	67	10	75	1.17e-06	47.4
tr|A0A063KWA5|Release	GCF_000227685.2_WP_006746304.1	11.268	83	83	82	71	60	2	2	69	10	80	1.23e-06	47.4
tr|A0A063KWA5|Release	GCF_009755585.1_WP_157030071.1	18.571	83	85	80	70	49	3	2	67	8	73	1.31e-06	47.4
tr|A0A063KWA5|Release	GCF_006337165.1_WP_139515111.1	19.718	83	82	80	71	48	3	2	67	8	74	1.89e-06	46.9
tr|A0A063KWA5|Release	GCF_003584645.1_WP_197716612.1	14.286	83	80	80	70	52	3	2	67	8	73	2.35e-06	46.6
tr|A0A063KWA5|Release	GCF_011398355.1_WP_173270199.1	22.727	83	66	80	66	47	2	2	67	3	64	3.36e-06	46.0
tr|A0A063KWA5|Release	GCF_002142475.1_WP_026148861.1	17.391	83	86	78	69	49	3	2	66	7	71	4.45e-06	46.0
tr|A0A063KWA5|Release	GCF_002356115.1_WP_096526481.1	15.942	83	78	80	69	52	2	2	67	7	72	5.10e-06	45.7
tr|A0A063KWA5|Release	GCF_013283835.1_WP_071626507.1	26.471	83	83	78	68	43	4	2	66	8	71	7.16e-06	45.5
tr|A0A063KWA5|Release	GCF_004355185.1_WP_133271280.1	16.901	83	81	80	71	50	4	2	67	7	73	1.06e-05	45.2
tr|A0A063KWA5|Release	GCF_000576555.1_WP_044000633.1	18.310	83	83	80	71	49	3	2	67	9	75	1.70e-05	44.6
tr|A0A063KWA5|Release	GCF_000092245.1_WP_013136435.1	22.388	83	76	78	67	47	2	2	66	5	68	2.09e-05	44.3
tr|A0A063KWA5|Release	GCF_016613475.2_WP_200606805.1	15.942	83	90	80	69	52	2	2	67	11	76	2.29e-05	44.3
tr|A0A063KWA5|Release	GCF_013137895.1_WP_135435790.1	15.493	83	83	80	71	51	3	2	67	9	75	2.73e-05	44.1
tr|A0A063KWA5|Release	GCF_005166025.1_WP_137090244.1	21.429	83	84	80	70	47	3	2	67	8	73	4.18e-05	43.5
tr|A0A063KWA5|Release	GCF_027625995.1_WP_270126807.1	15.493	83	82	80	71	51	3	2	67	8	74	4.57e-05	43.5
tr|A0A063KWA5|Release	GCF_003955735.1_WP_126127786.1	14.634	83	91	95	82	62	4	2	80	12	88	4.62e-05	43.5
tr|A0A063KWA5|Release	GCF_009937995.1_WP_179954406.1	16.438	83	79	83	73	57	2	2	70	7	79	5.00e-05	43.2
tr|A0A063KWA5|Release	GCF_003544915.1_WP_118918525.1	20.290	83	73	80	69	48	3	2	67	8	72	5.14e-05	43.2
tr|A0A063KWA5|Release	GCF_013201935.1_WP_129014602.1	20.588	83	72	78	68	47	3	2	66	8	71	5.27e-05	43.2
tr|A0A063KWA5|Release	GCF_008122265.1_WP_148863603.1	19.403	83	84	76	67	46	3	2	64	7	69	5.48e-05	43.2
tr|A0A063KWA5|Release	GCF_003346775.1_WP_114843067.1	23.944	83	84	82	71	47	3	2	69	8	74	8.14e-05	42.9
tr|A0A063KWA5|Release	GCF_013177675.1_WP_172128285.1	17.647	83	81	78	68	49	3	2	66	8	71	9.25e-05	42.7
tr|A0A063KWA5|Release	GCF_003722295.1_WP_010573895.1	19.444	83	75	80	72	48	3	2	67	7	74	1.16e-04	42.4
tr|A0A063KWA5|Release	GCF_013201665.1_WP_128359868.1	17.808	83	81	84	73	53	3	2	71	8	76	2.26e-04	41.5
tr|A0A063KWA5|Release	GCF_003574965.1_WP_119445661.1	15.493	83	82	80	71	51	3	2	67	8	74	2.35e-04	41.5
tr|A0A063KWA5|Release	GCF_003346815.1_WP_114840342.1	23.288	83	82	84	73	49	3	2	71	8	76	2.59e-04	41.5
tr|A0A063KWA5|Release	GCF_013177635.1_WP_129095542.1	20.588	83	72	78	68	47	3	2	66	8	71	2.78e-04	41.2
tr|A0A063KWA5|Release	GCF_022827545.1_WP_243798205.1	15.493	83	82	80	71	51	3	2	67	8	74	4.33e-04	41.0
tr|A0A063KWA5|Release	GCF_010093065.1_WP_162331416.1	17.647	83	84	78	68	50	3	2	66	11	75	6.27e-04	40.7
tr|A0A063KWA5|Release	GCF_004798725.1_WP_010811758.1	15.942	83	83	80	69	52	2	2	67	11	76	8.81e-04	40.1
tr|A0A063KWA5|Release	GCF_000143085.1_WP_013221711.1	22.059	83	82	76	68	43	5	2	64	7	69	8.89e-04	40.1
tr|A0A063KWA5|Release	GCF_000484535.1_WP_023173213.1	15.942	83	91	82	69	56	2	4	71	24	91	0.001	40.1
tr|A0A063KWA5|Release	GCF_002557795.1_WP_098194977.1	16.901	83	89	78	71	49	3	2	66	11	77	0.001	40.1
tr|A0A063KWA5|Release	GCF_001956695.1_WP_076086034.1	20.290	83	77	78	69	47	4	2	66	5	69	0.002	39.6
tr|A0A063KWA5|Release	GCF_013283835.1_WP_071625892.1	15.493	83	79	78	71	50	3	2	66	5	71	0.002	39.6
tr|A0A063KWA5|Release	GCF_008807855.1_WP_063240334.1	17.391	83	83	80	69	51	2	2	67	11	76	0.002	39.6
tr|A0A063KWA5|Release	GCF_013201665.1_WP_128358834.1	17.647	83	76	78	68	49	3	2	66	5	68	0.004	38.4
tr|A0A063KWA5|Release	GCF_004421105.1_WP_134356453.1	20.000	83	80	80	70	48	5	2	67	7	72	0.005	38.4
tr|A0A063KWA5|Release	GCF_000024005.1_WP_012793320.1	20.290	83	84	78	69	47	3	2	66	11	75	0.005	38.4
tr|A0A063KWA5|Release	GCF_003143555.1_WP_109340539.1	13.514	83	84	87	74	62	1	3	74	4	77	0.005	38.1
tr|A0A063KWA5|Release	GCF_000012805.1_WP_011330264.1	21.127	83	85	80	71	46	5	2	67	7	72	0.006	38.1
tr|A0A063KWA5|Release	GCF_013177635.1_WP_129095951.1	19.118	83	76	78	68	48	3	2	66	5	68	0.007	37.9
tr|A0A063KWA5|Release	GCF_001442805.1_WP_057942092.1	14.085	83	88	81	71	53	3	2	68	11	77	0.009	37.6
# PSIBLAST 2.13.0+
# Iteration: 5
# Query: tr|A0A063KWA5|Release 2019_11/2019_11|11-Dec-2019
# Database: db/chosen-bacteria_proteome_exDup
# Fields: query id, subject id, % identity, query length, subject length, % query coverage per subject, alignment length, mismatches, gap opens, q. start, q. end, s. start, s. end, evalue, bit score
# 444 hits found
tr|A0A063KWA5|Release	GCF_025402875.1_WP_011791024.1	27.711	83	90	100	83	60	0	1	83	6	88	3.77e-31	110
tr|A0A063KWA5|Release	GCF_002204915.1_WP_052690899.1	36.585	83	101	99	82	52	0	1	82	20	101	6.03e-31	109
tr|A0A063KWA5|Release	GCF_008693605.1_WP_223849061.1	32.500	83	95	96	80	54	0	2	81	11	90	1.00e-30	109
tr|A0A063KWA5|Release	GCF_001597285.1_WP_061903727.1	28.049	83	92	99	82	59	0	2	83	7	88	1.57e-30	108
tr|A0A063KWA5|Release	GCF_024347355.1_WP_105024956.1	48.780	83	83	99	82	42	0	1	82	1	82	2.44e-30	107
tr|A0A063KWA5|Release	GCF_024971755.1_WP_259474826.1	26.506	83	88	100	83	61	0	1	83	6	88	2.47e-30	107
tr|A0A063KWA5|Release	GCF_004353845.1_WP_103770713.1	31.646	83	93	95	79	54	0	2	80	10	88	2.60e-30	108
tr|A0A063KWA5|Release	GCF_009938225.1_WP_075649723.1	43.902	83	82	99	82	46	0	1	82	1	82	3.66e-30	107
tr|A0A063KWA5|Release	GCF_003812345.1_WP_121571778.1	31.250	83	94	96	80	55	0	2	81	10	89	4.41e-30	107
tr|A0A063KWA5|Release	GCF_000178875.2_WP_012197738.1	26.506	83	90	100	83	61	0	1	83	6	88	4.58e-30	107
tr|A0A063KWA5|Release	GCF_024347475.1_WP_239840920.1	48.780	83	83	99	82	42	0	1	82	1	82	1.43e-29	105
tr|A0A063KWA5|Release	GCF_009938185.1_WP_162048373.1	41.463	83	82	99	82	48	0	1	82	1	82	2.19e-29	105
tr|A0A063KWA5|Release	GCF_000733715.2_WP_017362912.1	26.829	83	90	99	82	60	0	2	83	7	88	2.22e-29	105
tr|A0A063KWA5|Release	GCF_014905115.1_WP_193151849.1	50.000	83	81	96	80	40	0	1	80	1	80	4.32e-29	104
tr|A0A063KWA5|Release	GCF_013409125.2_WP_099525265.1	25.926	83	90	98	81	60	0	2	82	7	87	6.93e-29	104
tr|A0A063KWA5|Release	GCF_002355475.1_WP_004421315.1	28.049	83	91	99	82	59	0	2	83	8	89	7.89e-29	104
tr|A0A063KWA5|Release	GCF_022371215.1_WP_239718047.1	54.321	83	83	98	81	37	0	1	81	1	81	8.26e-29	103
tr|A0A063KWA5|Release	GCF_000297075.2_WP_003461742.1	25.926	83	90	98	81	60	0	2	82	7	87	8.45e-29	104
tr|A0A063KWA5|Release	GCF_024205225.1_WP_195881696.1	24.691	83	90	98	81	61	0	2	82	7	87	8.86e-29	103
tr|A0A063KWA5|Release	GCF_011397855.1_WP_044414183.1	28.049	83	90	99	82	59	0	2	83	7	88	9.15e-29	103
tr|A0A063KWA5|Release	GCF_020097475.1_WP_000062318.1	32.500	83	86	96	80	49	2	2	81	10	84	9.21e-29	103
tr|A0A063KWA5|Release	GCF_001461805.1_WP_013367515.1	31.250	83	86	96	80	50	2	2	81	10	84	1.40e-28	103
tr|A0A063KWA5|Release	GCF_001518835.1_WP_059308693.1	30.000	83	86	96	80	51	2	2	81	10	84	2.39e-28	102
tr|A0A063KWA5|Release	GCF_004684345.1_WP_135321947.1	25.926	83	93	98	81	60	0	2	82	10	90	2.53e-28	103
tr|A0A063KWA5|Release	GCF_021172065.1_WP_015965827.1	30.000	83	86	96	80	51	2	2	81	10	84	2.59e-28	102
tr|A0A063KWA5|Release	GCF_900682675.2_WP_069898892.1	24.390	83	94	99	82	62	0	2	83	7	88	2.72e-28	102
tr|A0A063KWA5|Release	GCF_001558415.2_WP_061055374.1	45.783	83	83	100	83	45	0	1	83	1	83	2.85e-28	102
tr|A0A063KWA5|Release	GCF_016904755.1_WP_059234959.1	30.000	83	86	96	80	51	2	2	81	10	84	3.53e-28	102
tr|A0A063KWA5|Release	GCF_000006925.2_NP_706134.1	31.250	83	86	96	80	50	2	2	81	10	84	3.58e-28	102
tr|A0A063KWA5|Release	GCF_009036245.1_WP_025756830.1	30.000	83	86	96	80	51	2	2	81	10	84	4.30e-28	102
tr|A0A063KWA5|Release	GCF_008807375.1_WP_151138908.1	25.610	83	91	99	82	61	0	2	83	8	89	4.68e-28	102
tr|A0A063KWA5|Release	GCF_001683395.1_WP_017458015.1	30.000	83	86	96	80	51	2	2	81	10	84	5.00e-28	101
tr|A0A063KWA5|Release	GCF_008693645.1_WP_137347870.1	26.582	83	89	95	79	58	0	2	80	10	88	5.72e-28	101
tr|A0A063KWA5|Release	GCF_001022135.1_WP_039078449.1	30.000	83	86	96	80	51	2	2	81	10	84	6.50e-28	101
tr|A0A063KWA5|Release	GCF_009176645.1_WP_152083529.1	28.750	83	86	96	80	52	2	2	81	10	84	6.77e-28	101
tr|A0A063KWA5|Release	GCF_001708425.1_WP_055136127.1	23.750	83	94	96	80	61	0	2	81	7	86	6.90e-28	101
tr|A0A063KWA5|Release	GCF_000005845.2_NP_414731.2	31.250	83	84	96	80	50	2	2	81	8	82	7.18e-28	101
tr|A0A063KWA5|Release	GCF_017167985.1_WP_093053415.1	23.750	83	92	96	80	61	0	2	81	7	86	7.26e-28	101
tr|A0A063KWA5|Release	GCF_003594935.2_WP_006173581.1	30.000	83	86	96	80	51	2	2	81	10	84	7.51e-28	101
tr|A0A063KWA5|Release	GCF_013200955.2_WP_173204463.1	29.114	83	91	95	79	56	0	2	80	8	86	8.03e-28	101
tr|A0A063KWA5|Release	GCF_008329985.2_WP_149283950.1	35.802	83	81	98	81	52	0	1	81	1	81	9.29e-28	101
tr|A0A063KWA5|Release	GCF_009068765.1_WP_151900329.1	51.250	83	81	96	80	39	0	1	80	1	80	9.36e-28	101
tr|A0A063KWA5|Release	GCF_002214395.1_WP_010453422.1	39.506	83	81	98	81	49	0	1	81	1	81	9.44e-28	101
tr|A0A063KWA5|Release	GCF_019670105.1_WP_040307707.1	43.210	83	81	98	81	46	0	1	81	1	81	1.16e-27	101
tr|A0A063KWA5|Release	GCF_017167985.1_WP_079784061.1	27.160	83	90	98	81	59	0	2	82	7	87	1.20e-27	101
tr|A0A063KWA5|Release	GCF_001594225.2_WP_064379396.1	26.250	83	92	96	80	59	0	2	81	7	86	1.33e-27	101
tr|A0A063KWA5|Release	GCF_007632255.1_WP_015368146.1	30.000	83	86	96	80	51	2	2	81	10	84	1.38e-27	100
tr|A0A063KWA5|Release	GCF_001658025.2_WP_007373243.1	31.250	83	86	96	80	50	2	2	81	10	84	1.38e-27	100
tr|A0A063KWA5|Release	GCF_019670125.1_WP_221076876.1	43.750	83	81	96	80	45	0	1	80	1	80	1.44e-27	100
tr|A0A063KWA5|Release	GCF_003957745.1_WP_126168493.1	25.926	83	87	98	81	60	0	2	82	7	87	1.54e-27	100
tr|A0A063KWA5|Release	GCF_001558255.2_WP_005504861.1	46.341	83	82	98	82	43	1	1	81	1	82	1.56e-27	100
tr|A0A063KWA5|Release	GCF_004684345.1_WP_135323069.1	31.250	83	86	96	80	50	2	2	81	10	84	1.64e-27	100
tr|A0A063KWA5|Release	GCF_024347595.1_WP_176681244.1	51.852	83	83	98	81	39	0	1	81	1	81	1.65e-27	100
tr|A0A063KWA5|Release	GCF_019048625.1_WP_023305471.1	30.000	83	86	96	80	51	2	2	81	10	84	1.73e-27	100
tr|A0A063KWA5|Release	GCF_027886705.1_WP_061497537.1	31.250	83	86	96	80	50	2	2	81	10	84	2.03e-27	100
tr|A0A063KWA5|Release	GCF_002407485.1_WP_096780111.1	38.272	83	81	98	81	50	0	1	81	1	81	2.04e-27	100
tr|A0A063KWA5|Release	GCF_009938205.1_WP_075706454.1	40.244	83	82	99	82	49	0	1	82	1	82	2.06e-27	100
tr|A0A063KWA5|Release	GCF_003812345.1_WP_003018503.1	31.250	83	86	96	80	50	2	2	81	10	84	2.13e-27	100
tr|A0A063KWA5|Release	GCF_024347635.1_WP_139683960.1	50.000	83	83	99	82	41	0	1	82	1	82	2.13e-27	100
tr|A0A063KWA5|Release	GCF_023195735.1_WP_035891978.1	32.500	83	86	96	80	49	2	2	81	10	84	2.23e-27	100
tr|A0A063KWA5|Release	GCF_002393445.1_WP_061273728.1	28.049	83	86	99	82	54	2	2	83	10	86	2.23e-27	100
tr|A0A063KWA5|Release	GCF_015137655.1_WP_028015593.1	30.000	83	86	96	80	51	2	2	81	10	84	2.28e-27	100
tr|A0A063KWA5|Release	GCF_000224675.1_WP_010426685.1	28.750	83	86	96	80	52	2	2	81	10	84	2.38e-27	100
tr|A0A063KWA5|Release	GCF_002215585.1_WP_088903590.1	27.711	83	89	100	83	59	1	1	83	6	87	2.39e-27	100
tr|A0A063KWA5|Release	GCF_024582835.1_WP_257083279.1	43.902	83	87	99	82	46	0	1	82	1	82	2.42e-27	100
tr|A0A063KWA5|Release	GCF_900638065.1_WP_048212636.1	31.250	83	86	96	80	50	2	2	81	10	84	2.49e-27	100
tr|A0A063KWA5|Release	GCF_004353845.1_WP_103768334.1	30.000	83	86	96	80	51	2	2	81	10	84	2.70e-27	100
tr|A0A063KWA5|Release	GCF_001995825.2_WP_017057338.1	48.780	83	83	99	82	42	0	1	82	1	82	2.70e-27	100
tr|A0A063KWA5|Release	GCF_024347455.1_WP_135458404.1	48.780	83	83	99	82	42	0	1	82	1	82	3.02e-27	100
tr|A0A063KWA5|Release	GCF_001729805.1_WP_008501890.1	28.750	83	86	96	80	52	2	2	81	10	84	3.14e-27	100
tr|A0A063KWA5|Release	GCF_001750725.1_WP_014168720.1	28.750	83	86	96	80	52	2	2	81	10	84	3.53e-27	100
tr|A0A063KWA5|Release	GCF_008369605.1_WP_000253074.1	39.506	83	81	98	81	49	0	1	81	1	81	3.73e-27	99.7
tr|A0A063KWA5|Release	GCF_003935895.2_WP_110510858.1	29.268	83	86	99	82	53	2	2	83	10	86	3.74e-27	99.7
tr|A0A063KWA5|Release	GCF_009363135.1_WP_090122691.1	30.000	83	86	96	80	51	2	2	81	10	84	3.80e-27	99.7
tr|A0A063KWA5|Release	GCF_018128425.1_WP_042289833.1	30.000	83	86	96	80	51	2	2	81	10	84	3.95e-27	99.7
tr|A0A063KWA5|Release	GCF_000091465.1_WP_004733849.1	48.780	83	83	99	82	42	0	1	82	1	82	3.99e-27	99.7
tr|A0A063KWA5|Release	GCF_024347035.1_WP_102941394.1	41.975	83	81	98	81	47	0	1	81	1	81	4.20e-27	99.7
tr|A0A063KWA5|Release	GCF_009649915.1_WP_062772223.1	32.500	83	86	96	80	49	2	2	81	10	84	4.38e-27	99.7
tr|A0A063KWA5|Release	GCF_021278985.1_WP_012904575.1	30.000	83	86	96	80	51	2	2	81	10	84	4.41e-27	99.7
tr|A0A063KWA5|Release	GCF_025914095.1_WP_031518416.1	28.750	83	86	96	80	52	2	2	81	10	84	4.70e-27	99.7
tr|A0A063KWA5|Release	GCF_006742785.1_WP_172630283.1	33.750	83	88	96	80	53	0	2	81	5	84	6.65e-27	99.2
tr|A0A063KWA5|Release	GCF_001558935.2_WP_042323659.1	30.000	83	86	96	80	51	2	2	81	10	84	7.95e-27	98.9
tr|A0A063KWA5|Release	GCF_024362845.1_WP_255230807.1	45.000	83	82	96	80	44	0	1	80	1	80	8.27e-27	98.9
tr|A0A063KWA5|Release	GCF_900635955.1_WP_126357486.1	28.049	83	86	99	82	54	2	2	83	10	86	8.40e-27	98.9
tr|A0A063KWA5|Release	GCF_000240185.1_YP_005225236.1	30.000	83	86	96	80	51	2	2	81	10	84	8.67e-27	98.9
tr|A0A063KWA5|Release	GCF_000214665.1_WP_013819542.1	35.443	83	83	95	79	50	1	2	80	6	83	8.76e-27	98.9
tr|A0A063KWA5|Release	GCF_009648935.1_WP_047417117.1	30.000	83	86	96	80	51	2	2	81	10	84	9.10e-27	98.9
tr|A0A063KWA5|Release	GCF_024494545.1_WP_256384876.1	49.383	83	81	98	81	41	0	1	81	1	81	9.31e-27	98.6
tr|A0A063KWA5|Release	GCF_014879975.1_WP_192888672.1	51.220	83	83	99	82	40	0	1	82	1	82	1.10e-26	98.6
tr|A0A063KWA5|Release	GCF_003019925.1_WP_162185254.1	29.268	83	86	99	82	53	2	2	83	10	86	1.15e-26	98.6
tr|A0A063KWA5|Release	GCF_001277255.1_WP_007666633.1	30.000	83	86	96	80	51	2	2	81	10	84	1.16e-26	98.6
tr|A0A063KWA5|Release	GCF_000009145.1_WP_041356315.1	33.333	83	90	98	81	54	0	1	81	5	85	1.22e-26	98.6
tr|A0A063KWA5|Release	GCF_002953195.1_WP_038628016.1	27.500	83	87	96	80	53	2	2	81	10	84	1.24e-26	98.6
tr|A0A063KWA5|Release	GCF_000439255.1_WP_000062328.1	31.250	83	86	96	80	50	2	2	81	10	84	1.30e-26	98.6
tr|A0A063KWA5|Release	GCF_024224615.1_WP_125293588.1	27.500	83	86	96	80	53	2	2	81	10	84	1.34e-26	98.3
tr|A0A063KWA5|Release	GCF_024347655.1_WP_060467732.1	50.000	83	83	96	80	40	0	1	80	1	80	1.45e-26	98.3
tr|A0A063KWA5|Release	GCF_003261575.2_WP_110272453.1	31.250	83	86	96	80	50	2	2	81	10	84	1.48e-26	98.3
tr|A0A063KWA5|Release	GCF_004328865.1_WP_104643907.1	90.361	83	83	100	83	8	0	1	83	1	83	1.52e-26	98.3
tr|A0A063KWA5|Release	GCF_001007875.1_WP_046858354.1	43.750	83	80	96	80	45	0	1	80	1	80	1.53e-26	98.0
tr|A0A063KWA5|Release	GCF_020079945.1_WP_039382769.1	30.000	83	87	96	80	51	2	2	81	10	84	1.54e-26	98.3
tr|A0A063KWA5|Release	GCF_001831495.1_WP_068547707.1	51.852	83	81	98	81	39	0	1	81	1	81	1.65e-26	98.0
tr|A0A063KWA5|Release	GCF_000233595.1_WP_013024706.1	24.390	83	86	99	82	57	2	2	83	10	86	1.76e-26	98.0
tr|A0A063KWA5|Release	GCF_025758125.1_WP_023480196.1	28.750	83	86	96	80	52	2	2	81	10	84	1.80e-26	98.0
tr|A0A063KWA5|Release	GCF_006711645.1_WP_100682484.1	30.000	83	86	96	80	51	2	2	81	10	84	2.05e-26	98.0
tr|A0A063KWA5|Release	GCF_002101395.1_WP_085067900.1	30.000	83	87	96	80	51	2	2	81	10	84	2.13e-26	98.0
tr|A0A063KWA5|Release	GCF_012767755.2_WP_173171843.1	25.610	83	90	99	82	61	0	2	83	7	88	2.25e-26	98.0
tr|A0A063KWA5|Release	GCF_017354925.1_WP_207321174.1	28.395	83	87	98	81	58	0	2	82	7	87	2.26e-26	97.8
tr|A0A063KWA5|Release	GCF_003812925.1_WP_004107903.1	30.000	83	86	96	80	51	2	2	81	10	84	2.30e-26	97.8
tr|A0A063KWA5|Release	GCF_022637595.1_WP_004858152.1	30.000	83	86	96	80	51	2	2	81	10	84	2.32e-26	97.8
tr|A0A063KWA5|Release	GCF_022637515.1_WP_064539750.1	28.750	83	86	96	80	52	2	2	81	10	84	2.32e-26	97.8
tr|A0A063KWA5|Release	GCF_021276285.1_WP_095923198.1	30.488	83	86	99	82	52	2	2	83	10	86	2.32e-26	97.8
tr|A0A063KWA5|Release	GCF_018139045.1_WP_004129134.1	30.000	83	86	96	80	51	2	2	81	10	84	2.38e-26	97.8
tr|A0A063KWA5|Release	GCF_000006945.2_NP_459242.1	31.250	83	86	96	80	50	2	2	81	10	84	2.40e-26	97.8
tr|A0A063KWA5|Release	GCF_000018045.1_WP_024130681.1	30.000	83	86	96	80	51	2	2	81	10	84	2.68e-26	97.8
tr|A0A063KWA5|Release	GCF_022637475.1_WP_013574214.1	29.268	83	86	99	82	53	2	2	83	10	86	2.75e-26	97.8
tr|A0A063KWA5|Release	GCF_001277175.1_WP_007760020.1	27.500	83	86	96	80	53	2	2	81	10	84	2.79e-26	97.8
tr|A0A063KWA5|Release	GCF_012029655.1_WP_041144145.1	31.250	83	86	96	80	50	2	2	81	10	84	2.81e-26	97.5
tr|A0A063KWA5|Release	GCF_001277195.1_WP_032966924.1	28.750	83	86	96	80	52	2	2	81	10	84	2.90e-26	97.5
tr|A0A063KWA5|Release	GCF_004124235.1_WP_025377303.1	28.395	83	86	98	81	53	2	2	82	10	85	3.24e-26	97.5
tr|A0A063KWA5|Release	GCF_013234275.1_WP_172895488.1	27.500	83	86	96	80	53	2	2	81	10	84	3.30e-26	97.5
tr|A0A063KWA5|Release	GCF_000834395.1_WP_042546713.1	28.395	83	86	98	81	53	2	2	82	10	85	3.30e-26	97.5
tr|A0A063KWA5|Release	GCF_017329545.1_WP_047884589.1	32.051	83	95	94	78	53	0	2	79	8	85	3.31e-26	97.5
tr|A0A063KWA5|Release	GCF_001277215.2_WP_007776988.1	27.500	83	86	96	80	53	2	2	81	10	84	3.32e-26	97.5
tr|A0A063KWA5|Release	GCF_015139575.1_WP_004098776.1	30.000	83	86	96	80	51	2	2	81	10	84	3.46e-26	97.5
tr|A0A063KWA5|Release	GCF_019890955.1_WP_211725887.1	30.000	83	87	96	80	51	2	2	81	10	84	3.66e-26	97.5
tr|A0A063KWA5|Release	GCF_000222975.1_WP_002218374.1	28.395	83	86	98	81	53	2	2	82	10	85	3.83e-26	97.2
tr|A0A063KWA5|Release	GCF_001456255.1_WP_020335096.1	40.741	83	81	98	81	48	0	1	81	1	81	4.08e-26	97.2
tr|A0A063KWA5|Release	GCF_017354965.1_WP_207380278.1	28.395	83	87	98	81	58	0	2	82	7	87	4.19e-26	97.2
tr|A0A063KWA5|Release	GCF_000238395.3_WP_010553578.1	97.590	83	83	100	83	2	0	1	83	1	83	4.36e-26	97.2
tr|A0A063KWA5|Release	GCF_011068345.1_WP_002436992.1	27.500	83	86	96	80	53	2	2	81	10	84	4.39e-26	97.2
tr|A0A063KWA5|Release	GCF_013282725.1_WP_032813813.1	27.160	83	86	98	81	54	2	2	82	10	85	4.64e-26	97.2
tr|A0A063KWA5|Release	GCF_005877035.1_WP_039486662.1	97.590	83	83	100	83	2	0	1	83	1	83	4.99e-26	96.9
tr|A0A063KWA5|Release	GCF_012767755.2_WP_173176508.1	22.785	83	91	95	79	58	1	4	82	9	84	5.24e-26	96.9
tr|A0A063KWA5|Release	GCF_011617105.1_WP_025800203.1	30.000	83	86	96	80	51	2	2	81	10	84	5.35e-26	96.9
tr|A0A063KWA5|Release	GCF_019047765.1_WP_040231149.1	26.582	83	89	95	79	58	0	2	80	10	88	5.60e-26	96.9
tr|A0A063KWA5|Release	GCF_000834455.1_WP_032817050.1	28.395	83	86	98	81	53	2	2	82	10	85	6.08e-26	96.6
tr|A0A063KWA5|Release	GCF_000010085.1_WP_011411656.1	29.268	83	86	99	82	53	2	2	83	10	86	6.90e-26	96.6
tr|A0A063KWA5|Release	GCF_024347495.1_WP_137371745.1	47.500	83	80	96	80	42	0	1	80	1	80	7.11e-26	96.4
tr|A0A063KWA5|Release	GCF_000015245.1_WP_011761423.1	25.316	83	86	95	79	59	0	2	80	7	85	7.12e-26	96.6
tr|A0A063KWA5|Release	GCF_002163605.1_WP_157665988.1	30.000	83	86	96	80	51	2	2	81	10	84	8.15e-26	96.4
tr|A0A063KWA5|Release	GCF_017915135.1_WP_210390879.1	24.390	83	90	99	82	62	0	2	83	7	88	8.22e-26	96.6
tr|A0A063KWA5|Release	GCF_023517775.1_WP_249893541.1	30.000	83	87	96	80	51	2	2	81	10	84	8.43e-26	96.4
tr|A0A063KWA5|Release	GCF_001007935.1_WP_046849946.1	28.750	83	84	96	80	57	0	1	80	5	84	8.65e-26	96.4
tr|A0A063KWA5|Release	GCF_000026185.1_WP_012440659.1	27.500	83	87	96	80	53	2	2	81	10	84	8.92e-26	96.4
tr|A0A063KWA5|Release	GCF_000772105.1_WP_004748349.1	45.000	83	81	96	80	44	0	1	80	1	80	9.10e-26	96.4
tr|A0A063KWA5|Release	GCF_016834455.1_WP_203325205.1	25.316	83	86	95	79	59	0	2	80	7	85	9.26e-26	96.4
tr|A0A063KWA5|Release	GCF_900233005.1_WP_102521318.1	46.914	83	81	98	81	43	0	1	81	1	81	9.32e-26	96.1
tr|A0A063KWA5|Release	GCF_002355475.1_WP_003455993.1	23.171	83	90	99	82	63	0	2	83	5	86	9.56e-26	96.4
tr|A0A063KWA5|Release	GCF_019670705.1_WP_100146025.1	22.222	83	92	98	81	63	0	2	82	7	87	9.76e-26	96.4
tr|A0A063KWA5|Release	GCF_000517425.1_WP_025421126.1	29.268	83	86	99	82	53	2	2	83	10	86	9.79e-26	96.4
tr|A0A063KWA5|Release	GCF_009730055.1_WP_032906500.1	28.395	83	86	98	81	53	2	2	82	10	85	1.11e-25	96.1
tr|A0A063KWA5|Release	GCF_011044475.1_WP_033740322.1	24.390	83	86	99	82	57	2	2	83	10	86	1.20e-25	96.1
tr|A0A063KWA5|Release	GCF_003668795.1_WP_054981706.1	80.723	83	83	100	83	16	0	1	83	1	83	1.23e-25	95.8
tr|A0A063KWA5|Release	GCF_014524625.1_WP_009050814.1	20.732	83	92	99	82	65	0	2	83	7	88	1.32e-25	96.1
tr|A0A063KWA5|Release	GCF_002221525.1_WP_089349457.1	83.133	83	83	100	83	14	0	1	83	1	83	1.34e-25	95.8
tr|A0A063KWA5|Release	GCF_009914055.1_WP_160619715.1	27.500	83	87	96	80	53	2	2	81	10	84	1.44e-25	95.8
tr|A0A063KWA5|Release	GCF_000770115.1_WP_069687890.1	41.250	83	81	96	80	47	0	1	80	1	80	1.44e-25	95.8
tr|A0A063KWA5|Release	GCF_009730655.1_WP_156020461.1	22.222	83	92	98	81	63	0	2	82	7	87	1.48e-25	95.8
tr|A0A063KWA5|Release	GCF_000025065.1_WP_012883679.1	27.500	83	86	96	80	53	2	2	81	10	84	1.53e-25	95.8
tr|A0A063KWA5|Release	GCF_020683125.1_WP_133842177.1	25.000	83	88	96	80	55	2	2	81	11	85	1.58e-25	95.8
tr|A0A063KWA5|Release	GCF_025133195.1_WP_032910235.1	28.395	83	86	98	81	53	2	2	82	10	85	1.80e-25	95.5
tr|A0A063KWA5|Release	GCF_012427845.1_WP_012773648.1	26.250	83	86	96	80	54	2	2	81	10	84	1.97e-25	95.5
tr|A0A063KWA5|Release	GCF_002288545.1_WP_029367608.1	26.250	83	86	96	80	54	2	2	81	10	84	2.29e-25	95.2
tr|A0A063KWA5|Release	GCF_019669905.1_WP_054759186.1	27.848	83	79	95	79	53	1	2	80	5	79	2.34e-25	95.2
tr|A0A063KWA5|Release	GCF_000024825.1_WP_005460845.1	41.975	83	81	98	81	47	0	1	81	1	81	2.40e-25	95.2
tr|A0A063KWA5|Release	GCF_002906475.1_WP_012130247.1	37.500	83	81	96	80	50	0	1	80	1	80	2.66e-25	94.9
tr|A0A063KWA5|Release	GCF_900095885.1_WP_035340381.1	23.750	83	86	96	80	56	2	2	81	10	84	2.95e-25	94.9
tr|A0A063KWA5|Release	GCF_004792415.1_WP_013356856.1	21.951	83	86	99	82	59	2	2	83	10	86	3.17e-25	94.9
tr|A0A063KWA5|Release	GCF_020150375.1_WP_004094310.1	28.750	83	86	96	80	52	2	2	81	10	84	3.41e-25	94.9
tr|A0A063KWA5|Release	GCF_019844095.1_WP_062747070.1	25.000	83	88	96	80	55	2	2	81	11	85	3.42e-25	94.9
tr|A0A063KWA5|Release	GCF_000023565.1_WP_012770818.1	27.500	83	86	96	80	53	2	2	81	10	84	3.52e-25	94.9
tr|A0A063KWA5|Release	GCF_000520015.2_WP_024910172.1	27.500	83	87	96	80	53	2	2	81	10	84	4.20e-25	94.7
tr|A0A063KWA5|Release	GCF_002021755.1_WP_005434844.1	38.750	83	81	96	80	49	0	1	80	1	80	4.46e-25	94.4
tr|A0A063KWA5|Release	GCF_008807375.1_WP_151133519.1	23.171	83	90	99	82	63	0	2	83	5	86	4.47e-25	94.7
tr|A0A063KWA5|Release	GCF_009873295.1_WP_039312412.1	26.250	83	86	96	80	54	2	2	81	10	84	5.58e-25	94.4
tr|A0A063KWA5|Release	GCF_020181655.1_WP_225087160.1	25.000	83	86	96	80	55	2	2	81	10	84	5.85e-25	94.4
tr|A0A063KWA5|Release	GCF_019670485.1_WP_221071211.1	42.500	83	81	96	80	46	0	1	80	1	80	6.28e-25	94.1
tr|A0A063KWA5|Release	GCF_022647505.1_WP_128179458.1	27.500	83	87	96	80	53	2	2	81	10	84	6.55e-25	94.1
tr|A0A063KWA5|Release	GCF_019797845.1_WP_222158377.1	30.000	83	86	96	80	51	2	2	81	10	84	6.75e-25	94.1
tr|A0A063KWA5|Release	GCF_017498685.1_WP_038245151.1	27.160	83	86	98	81	54	2	2	82	10	85	7.08e-25	94.1
tr|A0A063KWA5|Release	GCF_000196615.1_WP_013200864.1	26.250	83	87	96	80	54	2	2	81	10	84	7.15e-25	94.1
tr|A0A063KWA5|Release	GCF_024360925.2_WP_255188929.1	31.646	83	83	95	79	53	1	2	80	6	83	7.15e-25	94.1
tr|A0A063KWA5|Release	GCF_009931295.1_WP_161528353.1	26.250	83	86	96	80	54	2	2	81	10	84	7.48e-25	94.1
tr|A0A063KWA5|Release	GCF_007858975.2_WP_042869176.1	27.500	83	86	96	80	53	2	2	81	10	84	8.63e-25	93.8
tr|A0A063KWA5|Release	GCF_001999225.1_WP_077537996.1	71.951	83	82	99	82	23	0	1	82	1	82	8.92e-25	93.8
tr|A0A063KWA5|Release	GCF_000264765.2_WP_034163237.1	26.250	83	86	96	80	54	2	2	81	10	84	9.13e-25	93.8
tr|A0A063KWA5|Release	GCF_005484945.1_WP_137712817.1	26.250	83	86	96	80	54	2	2	81	10	84	9.50e-25	93.8
tr|A0A063KWA5|Release	GCF_021029445.1_WP_230924827.1	25.926	83	89	98	81	59	1	2	82	7	86	1.30e-24	93.5
tr|A0A063KWA5|Release	GCF_016026735.1_WP_015673540.1	27.500	83	87	96	80	53	2	2	81	10	84	1.36e-24	93.3
tr|A0A063KWA5|Release	GCF_001642805.2_WP_004931991.1	27.500	83	87	96	80	53	2	2	81	10	84	1.38e-24	93.3
tr|A0A063KWA5|Release	GCF_019048385.1_WP_062759648.1	23.171	83	86	99	82	58	2	2	83	10	86	1.51e-24	93.3
tr|A0A063KWA5|Release	GCF_000740965.1_WP_011092648.1	26.250	83	86	96	80	54	2	2	81	10	84	1.63e-24	93.3
tr|A0A063KWA5|Release	GCF_021462285.1_WP_234585968.1	27.500	83	87	96	80	53	2	2	81	10	84	1.67e-24	93.0
tr|A0A063KWA5|Release	GCF_021733145.1_WP_012847629.1	25.000	83	86	96	80	55	2	2	81	10	84	1.68e-24	93.0
tr|A0A063KWA5|Release	GCF_009363415.1_WP_152430616.1	36.585	83	84	99	82	52	0	1	82	1	82	1.69e-24	93.0
tr|A0A063KWA5|Release	GCF_003258315.1_WP_111337788.1	30.488	83	88	99	82	57	0	1	82	5	86	1.74e-24	93.0
tr|A0A063KWA5|Release	GCF_000023545.1_WP_015854637.1	23.750	83	86	96	80	56	2	2	81	10	84	1.82e-24	93.0
tr|A0A063KWA5|Release	GCF_003515985.1_WP_085653101.1	25.000	83	86	96	80	55	2	2	81	10	84	1.91e-24	93.0
tr|A0A063KWA5|Release	GCF_017569925.1_WP_208228065.1	26.250	83	86	96	80	54	2	2	81	10	84	2.10e-24	93.0
tr|A0A063KWA5|Release	GCF_020342335.1_WP_067428135.1	25.000	83	87	96	80	55	2	2	81	10	84	2.32e-24	92.7
tr|A0A063KWA5|Release	GCF_009817885.1_WP_105232289.1	27.500	83	87	96	80	53	2	2	81	10	84	2.37e-24	92.7
tr|A0A063KWA5|Release	GCF_002812485.1_WP_038661467.1	26.250	83	86	96	80	54	2	2	81	10	84	2.39e-24	92.7
tr|A0A063KWA5|Release	GCF_024347675.1_WP_261835500.1	45.679	83	81	98	81	44	0	1	81	1	81	2.58e-24	92.4
tr|A0A063KWA5|Release	GCF_015999465.1_WP_085688159.1	23.750	83	86	96	80	56	2	2	81	10	84	2.58e-24	92.7
tr|A0A063KWA5|Release	GCF_009646115.1_WP_008925644.1	21.951	83	86	99	82	59	2	2	83	10	86	3.03e-24	92.4
tr|A0A063KWA5|Release	GCF_900187015.1_WP_061796701.1	26.250	83	87	96	80	54	2	2	81	10	84	3.42e-24	92.4
tr|A0A063KWA5|Release	GCF_002157895.1_WP_227874980.1	41.975	83	82	98	81	47	0	1	81	2	82	3.79e-24	92.1
tr|A0A063KWA5|Release	GCF_001742185.1_WP_005975933.1	26.250	83	86	96	80	54	2	2	81	10	84	4.03e-24	92.1
tr|A0A063KWA5|Release	GCF_002005305.1_WP_077753428.1	20.988	83	86	98	81	64	0	1	81	6	86	4.88e-24	91.9
tr|A0A063KWA5|Release	GCF_000148645.1_WP_013347076.1	38.462	83	80	94	78	48	0	4	81	3	80	5.19e-24	91.9
tr|A0A063KWA5|Release	GCF_002291445.1_WP_048635886.1	25.000	83	86	96	80	55	2	2	81	10	84	5.37e-24	91.9
tr|A0A063KWA5|Release	GCF_006364355.1_WP_004727652.1	36.145	83	83	100	83	53	0	1	83	1	83	5.38e-24	91.9
tr|A0A063KWA5|Release	GCF_000091565.1_WP_004159420.1	27.500	83	87	96	80	53	2	2	81	10	84	5.42e-24	91.9
tr|A0A063KWA5|Release	GCF_000262305.1_WP_002441069.1	27.500	83	86	96	80	53	2	2	81	10	84	5.50e-24	91.9
tr|A0A063KWA5|Release	GCF_000147055.1_WP_022632468.1	26.250	83	86	96	80	54	2	2	81	10	84	5.63e-24	91.9
tr|A0A063KWA5|Release	GCF_000517405.1_WP_038469034.1	28.049	83	83	99	82	54	2	2	83	7	83	6.41e-24	91.6
tr|A0A063KWA5|Release	GCF_003403135.1_WP_024104894.1	27.500	83	86	96	80	53	2	2	81	10	84	6.87e-24	91.6
tr|A0A063KWA5|Release	GCF_000214235.1_WP_004952197.1	23.750	83	85	96	80	56	2	2	81	8	82	7.48e-24	91.3
tr|A0A063KWA5|Release	GCF_019977755.1_WP_126608378.1	30.233	83	103	96	86	54	1	1	80	15	100	7.69e-24	91.9
tr|A0A063KWA5|Release	GCF_001010285.1_WP_046974061.1	25.000	83	88	96	80	55	2	2	81	10	84	9.47e-24	91.3
tr|A0A063KWA5|Release	GCF_003992745.1_WP_014700896.1	25.000	83	86	96	80	55	2	2	81	10	84	9.82e-24	91.0
tr|A0A063KWA5|Release	GCF_013460135.1_WP_180816665.1	31.250	83	88	96	80	50	2	2	81	10	84	1.07e-23	91.0
tr|A0A063KWA5|Release	GCF_000019525.1_WP_012323084.1	36.250	83	81	96	80	51	0	1	80	1	80	1.07e-23	91.0
tr|A0A063KWA5|Release	GCF_002887615.1_WP_038869703.1	36.250	83	81	96	80	51	0	1	80	1	80	1.08e-23	91.0
tr|A0A063KWA5|Release	GCF_022647325.1_WP_111140597.1	23.171	83	86	99	82	58	2	2	83	10	86	1.21e-23	91.0
tr|A0A063KWA5|Release	GCF_004768525.1_WP_026822068.1	28.750	83	88	96	80	52	2	2	81	10	84	1.35e-23	90.7
tr|A0A063KWA5|Release	GCF_000196475.1_WP_012776850.1	25.000	83	88	96	80	55	2	2	81	10	84	1.40e-23	90.7
tr|A0A063KWA5|Release	GCF_001006005.1_WP_223499701.1	26.250	83	85	96	80	54	2	2	81	8	82	1.46e-23	90.7
tr|A0A063KWA5|Release	GCF_008931805.1_WP_019441510.1	54.321	83	81	98	81	37	0	1	81	1	81	1.51e-23	90.4
tr|A0A063KWA5|Release	GCF_902387845.1_WP_004237241.1	32.500	83	88	96	80	49	2	2	81	10	84	1.55e-23	90.7
tr|A0A063KWA5|Release	GCF_000261045.2_WP_006318653.1	23.750	83	87	96	80	56	2	2	81	10	84	1.69e-23	90.4
tr|A0A063KWA5|Release	GCF_000014765.1_WP_011633385.1	29.630	83	89	98	81	57	0	2	82	5	85	1.72e-23	90.4
tr|A0A063KWA5|Release	GCF_020268605.1_WP_180560445.1	28.750	83	88	96	80	52	2	2	81	10	84	1.77e-23	90.4
tr|A0A063KWA5|Release	GCF_000146165.2_WP_164925808.1	25.000	83	89	100	84	62	1	1	83	6	89	1.79e-23	90.4
tr|A0A063KWA5|Release	GCF_008364325.2_WP_230090436.1	25.000	83	85	96	80	55	2	2	81	8	82	1.88e-23	90.4
tr|A0A063KWA5|Release	GCF_000196155.1_WP_011145066.1	22.222	83	88	98	81	58	2	2	82	10	85	2.62e-23	90.2
tr|A0A063KWA5|Release	GCF_900638135.1_WP_012146468.1	23.750	83	87	96	80	56	2	2	81	10	84	3.40e-23	89.9
tr|A0A063KWA5|Release	GCF_002504285.1_WP_005282992.1	23.750	83	86	96	80	56	2	2	81	10	84	3.79e-23	89.6
tr|A0A063KWA5|Release	GCF_000968535.2_WP_014147785.1	32.500	83	84	96	80	53	1	2	81	6	84	3.96e-23	89.6
tr|A0A063KWA5|Release	GCF_024346675.1_WP_048897676.1	26.582	83	86	95	79	58	0	2	80	8	86	4.07e-23	89.6
tr|A0A063KWA5|Release	GCF_019090985.1_WP_036781226.1	22.500	83	88	96	80	57	2	2	81	10	84	4.08e-23	89.6
tr|A0A063KWA5|Release	GCF_000968195.1_WP_045972480.1	26.250	83	87	96	80	54	2	2	81	11	85	4.28e-23	89.6
tr|A0A063KWA5|Release	GCF_005484965.1_WP_009114129.1	25.000	83	86	96	80	55	2	2	81	10	84	4.73e-23	89.3
tr|A0A063KWA5|Release	GCF_029457395.1_WP_024766443.1	20.482	83	92	95	83	62	2	4	82	9	91	4.75e-23	89.6
tr|A0A063KWA5|Release	GCF_009831665.3_WP_006709226.1	22.500	83	87	96	80	57	2	2	81	10	84	4.82e-23	89.3
tr|A0A063KWA5|Release	GCF_011045835.1_WP_075671674.1	24.390	83	86	99	82	57	2	2	83	10	86	4.92e-23	89.3
tr|A0A063KWA5|Release	GCF_002291425.1_WP_095847471.1	27.500	83	87	96	80	53	2	2	81	10	84	5.88e-23	89.0
tr|A0A063KWA5|Release	GCF_001431725.1_WP_021820278.1	34.568	83	81	98	81	53	0	1	81	1	81	6.01e-23	89.0
tr|A0A063KWA5|Release	GCF_012295615.1_WP_007018284.1	37.037	83	81	98	81	51	0	1	81	1	81	6.05e-23	89.0
tr|A0A063KWA5|Release	GCF_000016065.1_WP_011864074.1	21.951	83	93	99	82	63	1	1	82	6	86	6.65e-23	89.0
tr|A0A063KWA5|Release	GCF_017348915.1_WP_040077077.1	30.000	83	86	96	80	51	2	2	81	10	84	7.62e-23	88.8
tr|A0A063KWA5|Release	GCF_012971725.1_WP_169940133.1	20.482	83	92	95	83	62	2	4	82	9	91	8.29e-23	88.8
tr|A0A063KWA5|Release	GCF_013423785.1_WP_180308358.1	28.750	83	88	96	80	56	1	2	81	10	88	9.11e-23	88.8
tr|A0A063KWA5|Release	GCF_005931095.1_WP_017839868.1	31.250	83	84	96	80	54	1	2	81	6	84	9.34e-23	88.5
tr|A0A063KWA5|Release	GCF_022369495.1_WP_072064250.1	24.390	83	86	99	82	57	2	2	83	10	86	9.67e-23	88.5
tr|A0A063KWA5|Release	GCF_019047765.1_WP_040230035.1	31.250	83	86	96	80	50	2	2	81	10	84	1.32e-22	88.2
tr|A0A063KWA5|Release	GCF_000014885.1_WP_020912292.1	25.000	83	87	96	80	60	0	2	81	7	86	1.49e-22	88.2
tr|A0A063KWA5|Release	GCF_000069965.1_WP_004245453.1	23.171	83	86	99	82	58	2	2	83	10	86	1.56e-22	88.2
tr|A0A063KWA5|Release	GCF_029277985.1_WP_154623766.1	23.457	83	87	98	81	57	2	2	82	10	85	1.59e-22	88.2
tr|A0A063KWA5|Release	GCF_020541225.1_WP_226811316.1	26.829	83	86	99	82	55	2	2	83	10	86	1.63e-22	87.9
tr|A0A063KWA5|Release	GCF_016026395.1_WP_024524235.1	23.750	83	86	96	80	56	2	2	81	10	84	1.63e-22	87.9
tr|A0A063KWA5|Release	GCF_001455205.1_WP_062560013.1	36.250	83	84	96	80	50	1	2	81	6	84	1.71e-22	87.9
tr|A0A063KWA5|Release	GCF_022592395.1_WP_047255099.1	21.250	83	87	96	80	58	2	2	81	10	84	2.49e-22	87.6
tr|A0A063KWA5|Release	GCF_000968175.1_WP_045959360.1	26.250	83	88	96	80	54	2	2	81	11	85	2.86e-22	87.4
tr|A0A063KWA5|Release	GCF_019797925.1_WP_193521737.1	37.037	83	80	98	81	50	1	1	81	1	80	3.06e-22	87.4
tr|A0A063KWA5|Release	GCF_024746855.1_WP_260492542.1	40.000	83	79	96	80	47	1	1	80	1	79	3.84e-22	87.1
tr|A0A063KWA5|Release	GCF_004295645.1_WP_228350951.1	27.500	83	88	96	80	53	2	2	81	11	85	4.12e-22	87.1
tr|A0A063KWA5|Release	GCF_003204135.1_WP_004908806.1	23.750	83	87	96	80	56	2	2	81	10	84	4.15e-22	87.1
tr|A0A063KWA5|Release	GCF_002843235.3_WP_102139922.1	23.750	83	87	96	80	56	2	2	81	10	84	4.38e-22	87.1
tr|A0A063KWA5|Release	GCF_008033135.1_WP_148717358.1	21.795	83	87	94	78	60	1	2	79	7	83	4.42e-22	87.1
tr|A0A063KWA5|Release	GCF_021365465.1_WP_016190321.1	28.750	83	87	96	80	52	2	2	81	10	84	4.60e-22	86.8
tr|A0A063KWA5|Release	GCF_008632455.1_WP_150048082.1	33.750	83	84	96	80	52	1	2	81	6	84	5.81e-22	86.5
tr|A0A063KWA5|Release	GCF_002849875.1_WP_232379112.1	40.244	83	113	95	82	46	1	2	80	32	113	5.94e-22	87.1
tr|A0A063KWA5|Release	GCF_025946765.1_WP_264497926.1	23.750	83	86	96	80	56	2	2	81	10	84	6.21e-22	86.5
tr|A0A063KWA5|Release	GCF_900475855.1_WP_068441311.1	23.750	83	87	96	80	56	2	2	81	10	84	6.27e-22	86.5
tr|A0A063KWA5|Release	GCF_003096015.2_WP_230514010.1	26.250	83	88	96	80	54	2	2	81	11	85	6.48e-22	86.5
tr|A0A063KWA5|Release	GCF_002952315.1_WP_012667243.1	23.750	83	87	96	80	56	2	2	81	10	84	6.89e-22	86.5
tr|A0A063KWA5|Release	GCF_017743015.1_WP_209027287.1	27.500	83	88	96	80	53	2	2	81	10	84	8.10e-22	86.2
tr|A0A063KWA5|Release	GCF_003074995.2_WP_015870269.1	24.051	83	86	95	79	55	2	2	80	10	83	1.00e-21	85.9
tr|A0A063KWA5|Release	GCF_002393505.1_WP_006658392.1	25.000	83	87	96	80	55	2	2	81	10	84	1.09e-21	85.9
tr|A0A063KWA5|Release	GCF_014295015.1_WP_013185414.1	26.250	83	87	96	80	54	2	2	81	11	85	1.60e-21	85.4
tr|A0A063KWA5|Release	GCF_004116975.1_WP_064720954.1	23.171	83	86	99	82	58	2	2	83	10	86	1.74e-21	85.4
tr|A0A063KWA5|Release	GCF_900638655.1_WP_047781753.1	27.500	83	88	96	80	53	2	2	81	11	85	1.76e-21	85.4
tr|A0A063KWA5|Release	GCF_900478135.1_WP_111739359.1	26.250	83	88	96	80	54	2	2	81	11	85	1.91e-21	85.4
tr|A0A063KWA5|Release	GCF_003025345.2_WP_003155955.1	26.190	83	91	95	84	57	1	2	80	7	90	3.86e-21	84.5
tr|A0A063KWA5|Release	GCF_019703835.1_WP_087020305.1	28.395	83	79	98	81	54	1	2	82	1	77	4.66e-21	84.3
tr|A0A063KWA5|Release	GCF_000019185.1_WP_012277931.1	37.000	83	100	98	100	44	1	1	81	1	100	4.70e-21	84.5
tr|A0A063KWA5|Release	GCF_001721185.1_WP_069317984.1	23.750	83	87	96	80	56	2	2	81	10	84	7.01e-21	84.0
tr|A0A063KWA5|Release	GCF_003568825.1_WP_040644076.1	27.711	83	83	96	83	57	1	1	80	1	83	9.73e-21	83.4
tr|A0A063KWA5|Release	GCF_000785705.2_WP_036272019.1	31.646	83	82	95	79	52	2	2	80	6	82	1.40e-20	83.1
tr|A0A063KWA5|Release	GCF_001677435.1_WP_068615618.1	24.390	83	90	99	82	61	1	2	83	9	89	1.76e-20	82.8
tr|A0A063KWA5|Release	GCF_005671395.1_WP_138095872.1	28.788	83	86	80	66	46	1	2	67	10	74	2.70e-20	82.3
tr|A0A063KWA5|Release	GCF_008364325.2_WP_020826409.1	23.457	83	84	98	81	59	1	2	82	7	84	3.73e-20	82.0
tr|A0A063KWA5|Release	GCF_026427595.1_WP_251812951.1	25.000	83	88	96	84	59	3	1	80	4	87	7.26e-20	81.4
tr|A0A063KWA5|Release	GCF_017638925.1_WP_208844867.1	34.615	83	81	94	78	50	1	1	78	1	77	2.35e-19	79.8
tr|A0A063KWA5|Release	GCF_003990335.1_WP_127025819.1	21.951	83	91	99	82	63	1	1	82	5	85	2.36e-19	80.0
tr|A0A063KWA5|Release	GCF_016026875.1_WP_045525981.1	19.753	83	89	98	81	60	3	2	82	7	82	3.01e-19	79.8
tr|A0A063KWA5|Release	GCF_007197555.1_WP_144048375.1	20.690	83	94	98	87	63	2	1	81	6	92	1.00e-18	78.6
tr|A0A063KWA5|Release	GCF_020405345.1_WP_017780573.1	19.753	83	89	98	81	60	3	2	82	7	82	1.55e-18	78.1
tr|A0A063KWA5|Release	GCF_004358345.1_WP_121852852.1	27.941	83	76	82	68	49	0	2	69	8	75	1.63e-18	77.5
tr|A0A063KWA5|Release	GCF_000018285.1_WP_012155987.1	32.673	83	102	96	101	47	1	1	80	1	101	1.09e-17	76.1
tr|A0A063KWA5|Release	GCF_020423125.1_WP_226170850.1	20.988	83	84	98	81	59	3	2	82	7	82	1.23e-17	75.5
tr|A0A063KWA5|Release	GCF_020149575.1_WP_224431657.1	19.512	83	85	99	82	61	3	2	83	7	83	1.48e-17	75.3
tr|A0A063KWA5|Release	GCF_900637545.1_WP_042651794.1	20.988	83	84	98	81	59	3	2	82	7	82	2.01e-17	75.0
tr|A0A063KWA5|Release	GCF_000147355.1_WP_013326989.1	40.909	83	67	80	66	39	0	15	80	1	66	2.38e-17	74.4
tr|A0A063KWA5|Release	GCF_003515105.1_WP_036973086.1	25.373	83	73	81	67	50	0	2	68	6	72	2.85e-17	74.4
tr|A0A063KWA5|Release	GCF_028355655.1_WP_087756847.1	19.753	83	84	98	81	60	3	2	82	7	82	3.65e-17	74.4
tr|A0A063KWA5|Release	GCF_003015165.1_WP_106887831.1	20.988	83	84	98	81	59	3	2	82	7	82	2.38e-16	72.2
tr|A0A063KWA5|Release	GCF_008693705.1_WP_127008315.1	19.753	83	84	98	81	60	3	2	82	7	82	3.56e-16	71.9
tr|A0A063KWA5|Release	GCF_014169735.1_WP_134997272.1	18.519	83	86	98	81	61	3	2	82	7	82	5.71e-16	71.3
tr|A0A063KWA5|Release	GCF_020991025.1_WP_152109250.1	29.851	83	83	80	67	45	2	2	67	8	73	6.56e-16	71.0
tr|A0A063KWA5|Release	GCF_003855395.1_WP_124730567.1	28.916	83	88	95	83	55	2	2	80	4	86	1.01e-15	70.8
tr|A0A063KWA5|Release	GCF_000788395.1_WP_038641921.1	31.507	83	85	87	73	48	2	2	73	5	76	1.08e-15	70.8
tr|A0A063KWA5|Release	GCF_002157225.2_WP_086934278.1	27.778	83	80	87	72	51	1	1	72	4	74	1.18e-15	70.5
tr|A0A063KWA5|Release	GCF_002215215.1_WP_088918776.1	28.916	83	101	99	83	56	3	2	83	20	100	1.97e-15	70.2
tr|A0A063KWA5|Release	GCF_016026615.1_WP_197928313.1	19.753	83	89	98	81	60	3	2	82	7	82	2.06e-15	69.9
tr|A0A063KWA5|Release	GCF_015209785.1_WP_193988300.1	23.438	83	73	77	64	49	0	2	65	6	69	5.44e-15	68.5
tr|A0A063KWA5|Release	GCF_001596155.1_WP_068342236.1	22.078	83	90	89	77	53	4	2	75	8	80	7.28e-15	68.5
tr|A0A063KWA5|Release	GCF_016127195.1_WP_042032742.1	16.049	83	89	98	81	63	3	2	82	7	82	8.87e-15	68.5
tr|A0A063KWA5|Release	GCF_020511155.1_WP_226415657.1	28.571	83	87	96	84	56	2	1	80	4	87	1.00e-14	68.2
tr|A0A063KWA5|Release	GCF_000014705.1_WP_011637758.1	26.506	83	88	95	83	57	2	2	80	4	86	1.04e-14	68.2
tr|A0A063KWA5|Release	GCF_003966655.1_WP_113527441.1	24.286	83	77	84	70	52	1	2	71	8	76	1.19e-14	67.9
tr|A0A063KWA5|Release	GCF_000940995.1_WP_082060442.1	21.429	83	93	84	70	55	0	10	79	16	85	1.78e-14	67.7
tr|A0A063KWA5|Release	GCF_003063625.1_WP_108601906.1	32.394	83	85	86	71	47	1	1	71	4	73	2.97e-14	66.8
tr|A0A063KWA5|Release	GCF_002218045.2_WP_089137819.1	28.986	83	79	80	69	46	1	2	67	9	77	4.29e-14	66.5
tr|A0A063KWA5|Release	GCF_013462805.1_WP_009566961.1	22.857	83	77	84	70	53	1	2	71	8	76	5.53e-14	66.3
tr|A0A063KWA5|Release	GCF_001507645.1_WP_068195976.1	22.892	83	90	96	83	58	2	2	81	8	87	6.41e-14	66.3
tr|A0A063KWA5|Release	GCF_001020955.1_WP_047250467.1	15.493	83	82	82	71	57	1	2	69	10	80	8.79e-14	65.7
tr|A0A063KWA5|Release	GCF_020844025.1_WP_215848879.1	25.714	83	77	84	70	51	1	2	71	8	76	1.99e-13	64.6
tr|A0A063KWA5|Release	GCF_023650495.1_WP_250655372.1	26.190	83	88	96	84	58	2	1	80	4	87	5.07e-13	64.0
tr|A0A063KWA5|Release	GCF_004028275.1_WP_128384077.1	20.270	83	77	84	74	54	3	2	71	3	75	5.80e-13	63.4
tr|A0A063KWA5|Release	GCF_000013765.1_WP_011496543.1	23.810	83	106	96	84	60	2	2	81	23	106	6.81e-13	64.0
tr|A0A063KWA5|Release	GCF_001444405.1_WP_058032142.1	29.577	83	87	86	71	50	0	1	71	1	71	7.18e-13	63.4
tr|A0A063KWA5|Release	GCF_000026085.1_WP_041454550.1	22.388	83	73	80	67	50	2	2	67	6	71	1.09e-12	62.9
tr|A0A063KWA5|Release	GCF_001651805.1_WP_067384150.1	23.188	83	78	77	69	47	4	2	65	7	74	1.46e-12	62.6
tr|A0A063KWA5|Release	GCF_009662475.1_WP_031573754.1	24.658	83	79	88	73	54	1	2	74	8	79	1.55e-12	62.6
tr|A0A063KWA5|Release	GCF_017742995.1_WP_247749573.1	46.512	83	48	52	43	23	0	1	43	1	43	1.57e-12	62.0
tr|A0A063KWA5|Release	GCF_008728635.1_WP_151087836.1	21.519	83	90	92	79	55	4	2	77	8	82	1.74e-12	62.6
tr|A0A063KWA5|Release	GCF_004001245.1_WP_127478562.1	18.056	83	85	82	72	55	2	2	69	10	81	2.94e-12	61.8
tr|A0A063KWA5|Release	GCF_000801295.1_WP_171816254.1	16.176	83	99	78	68	53	3	2	66	10	76	2.99e-12	62.0
tr|A0A063KWA5|Release	GCF_006385555.1_WP_140234395.1	34.940	83	87	95	83	50	3	2	80	4	86	3.71e-12	61.8
tr|A0A063KWA5|Release	GCF_006337165.1_WP_139515111.1	19.718	83	82	80	71	48	3	2	67	8	74	3.85e-12	61.5
tr|A0A063KWA5|Release	GCF_019931735.1_WP_223417223.1	25.882	83	87	98	85	59	2	1	81	3	87	4.15e-12	61.5
tr|A0A063KWA5|Release	GCF_000012325.1_WP_011045621.1	32.353	83	84	82	68	45	1	2	69	5	71	4.97e-12	61.2
tr|A0A063KWA5|Release	GCF_003149515.1_WP_109656005.1	17.333	83	90	87	75	56	2	2	73	8	79	7.72e-12	60.9
tr|A0A063KWA5|Release	GCF_000576555.1_WP_044000633.1	18.310	83	83	80	71	49	3	2	67	9	75	8.31e-12	60.6
tr|A0A063KWA5|Release	GCF_010093065.1_WP_238430213.1	16.176	83	83	78	68	51	2	2	66	11	75	9.44e-12	60.6
tr|A0A063KWA5|Release	GCF_003967195.1_WP_172597571.1	18.421	83	83	86	76	56	3	2	72	9	83	1.03e-11	60.3
tr|A0A063KWA5|Release	GCF_003584645.1_WP_197716612.1	14.286	83	80	80	70	52	3	2	67	8	73	1.04e-11	60.3
tr|A0A063KWA5|Release	GCF_013137895.1_WP_135435790.1	15.493	83	83	80	71	51	3	2	67	9	75	1.05e-11	60.3
tr|A0A063KWA5|Release	GCF_027625995.1_WP_270126807.1	15.493	83	82	80	71	51	3	2	67	8	74	1.35e-11	60.1
tr|A0A063KWA5|Release	GCF_004355185.1_WP_133271280.1	16.901	83	81	80	71	50	3	2	67	7	73	1.64e-11	59.8
tr|A0A063KWA5|Release	GCF_000006765.1_NP_249630.1	24.138	83	108	99	87	61	1	2	83	7	93	2.68e-11	59.8
tr|A0A063KWA5|Release	GCF_022811645.1_WP_243511723.1	20.290	83	90	80	69	49	2	2	67	8	73	2.68e-11	59.5
tr|A0A063KWA5|Release	GCF_002355735.1_WP_096359192.1	22.535	83	83	81	71	50	3	2	68	13	82	2.80e-11	59.2
tr|A0A063KWA5|Release	GCF_024347275.1_WP_019620968.1	19.737	83	82	87	76	57	3	2	73	7	82	2.98e-11	59.2
tr|A0A063KWA5|Release	GCF_024347255.1_WP_091360415.1	26.471	83	79	77	68	46	2	2	65	7	74	3.38e-11	58.9
tr|A0A063KWA5|Release	GCF_902810445.1_WP_197744199.1	27.143	83	78	80	70	43	4	2	67	7	72	3.49e-11	58.9
tr|A0A063KWA5|Release	GCF_021654855.1_WP_237262080.1	31.884	83	70	78	69	42	2	2	66	3	70	4.29e-11	58.7
tr|A0A063KWA5|Release	GCF_002762215.1_WP_085750011.1	15.942	83	87	80	69	52	3	2	67	9	74	4.66e-11	58.9
tr|A0A063KWA5|Release	GCF_003970675.1_WP_126615366.1	19.697	83	76	80	66	48	3	2	67	13	73	5.15e-11	58.7
tr|A0A063KWA5|Release	GCF_000021985.1_WP_012639500.1	19.403	83	82	76	67	50	1	2	64	8	74	5.49e-11	58.7
tr|A0A063KWA5|Release	GCF_000238255.3_WP_010559905.1	35.211	83	86	84	71	44	2	2	71	5	74	6.35e-11	58.4
tr|A0A063KWA5|Release	GCF_024347195.1_WP_271272618.1	22.388	83	77	77	67	49	2	2	65	7	73	6.38e-11	58.4
tr|A0A063KWA5|Release	GCF_001955715.1_WP_029708890.1	18.841	83	80	78	69	48	3	2	66	7	71	7.30e-11	58.1
tr|A0A063KWA5|Release	GCF_013283835.1_WP_071626507.1	19.718	83	83	82	71	50	3	2	69	8	74	7.55e-11	58.1
tr|A0A063KWA5|Release	GCF_002355415.1_WP_148665551.1	18.571	83	87	80	70	52	3	2	67	17	85	7.69e-11	58.4
tr|A0A063KWA5|Release	GCF_024347675.1_WP_261833361.1	51.429	83	54	42	35	17	0	1	35	1	35	9.10e-11	57.5
tr|A0A063KWA5|Release	GCF_018736065.1_WP_144074266.1	19.118	83	76	82	68	50	3	2	69	13	75	9.19e-11	57.8
tr|A0A063KWA5|Release	GCF_013282625.1_WP_173286717.1	24.638	83	67	83	69	48	2	2	70	3	67	1.07e-10	57.5
tr|A0A063KWA5|Release	GCF_009938015.1_WP_223264517.1	15.493	83	90	80	71	54	4	2	67	10	79	1.35e-10	57.8
tr|A0A063KWA5|Release	GCF_000212735.1_WP_013764159.1	15.714	83	83	80	70	51	3	2	67	10	75	1.55e-10	57.5
tr|A0A063KWA5|Release	GCF_003574965.1_WP_119445661.1	15.493	83	82	80	71	51	3	2	67	8	74	2.15e-10	57.0
tr|A0A063KWA5|Release	GCF_013343005.1_WP_078482823.1	17.333	83	84	84	75	56	4	2	71	8	81	2.24e-10	57.0
tr|A0A063KWA5|Release	GCF_002356115.1_WP_096526481.1	15.942	83	78	80	69	52	2	2	67	7	72	2.27e-10	57.0
tr|A0A063KWA5|Release	GCF_000321415.2_WP_015260329.1	13.514	83	93	84	74	59	4	2	71	10	82	2.27e-10	57.2
tr|A0A063KWA5|Release	GCF_013201725.1_WP_014475480.1	18.310	83	74	82	71	51	3	2	69	8	74	2.40e-10	56.7
tr|A0A063KWA5|Release	GCF_022827545.1_WP_243798205.1	15.493	83	82	80	71	51	3	2	67	8	74	2.52e-10	57.0
tr|A0A063KWA5|Release	GCF_000014785.1_WP_011630183.1	18.310	83	83	82	71	55	2	2	69	13	83	2.93e-10	56.7
tr|A0A063KWA5|Release	GCF_016613475.2_WP_200606805.1	15.942	83	90	80	69	52	2	2	67	11	76	5.09e-10	56.1
tr|A0A063KWA5|Release	GCF_010093065.1_WP_162331416.1	15.789	83	84	88	76	58	3	2	74	11	83	8.36e-10	55.6
tr|A0A063KWA5|Release	GCF_002142475.1_WP_026148861.1	16.667	83	86	82	72	52	3	2	69	7	74	9.65e-10	55.6
tr|A0A063KWA5|Release	GCF_013177675.1_WP_172128285.1	16.667	83	81	83	72	53	3	2	70	8	75	9.86e-10	55.3
tr|A0A063KWA5|Release	GCF_023733635.1_WP_039959400.1	18.841	83	89	77	69	50	3	2	65	7	74	1.07e-09	55.3
tr|A0A063KWA5|Release	GCF_013201665.1_WP_128359868.1	17.808	83	81	84	73	53	3	2	71	8	76	1.08e-09	55.3
tr|A0A063KWA5|Release	GCF_003346775.1_WP_114843067.1	23.944	83	84	82	71	47	3	2	69	8	74	1.11e-09	55.3
tr|A0A063KWA5|Release	GCF_009755585.1_WP_157030071.1	18.571	83	85	80	70	49	3	2	67	8	73	1.19e-09	55.3
tr|A0A063KWA5|Release	GCF_003955735.1_WP_126127786.1	13.415	83	91	95	82	63	4	2	80	12	88	1.50e-09	55.0
tr|A0A063KWA5|Release	GCF_004798725.1_WP_010811758.1	15.942	83	83	80	69	52	2	2	67	11	76	1.83e-09	54.7
tr|A0A063KWA5|Release	GCF_000092245.1_WP_013136435.1	22.388	83	76	78	67	47	2	2	66	5	68	2.00e-09	54.4
tr|A0A063KWA5|Release	GCF_005166025.1_WP_137090244.1	20.833	83	84	82	72	49	3	2	69	8	75	2.25e-09	54.4
tr|A0A063KWA5|Release	GCF_004293625.1_WP_130538367.1	28.814	83	71	71	59	38	2	2	60	3	57	2.58e-09	54.2
tr|A0A063KWA5|Release	GCF_003353065.1_WP_114983154.1	13.636	83	84	77	66	52	2	2	65	11	73	3.60e-09	53.9
tr|A0A063KWA5|Release	GCF_003544915.1_WP_118918525.1	20.290	83	73	80	69	48	3	2	67	8	72	4.67e-09	53.6
tr|A0A063KWA5|Release	GCF_013201935.1_WP_129014602.1	20.588	83	72	78	68	47	3	2	66	8	71	4.71e-09	53.6
tr|A0A063KWA5|Release	GCF_013177635.1_WP_129095542.1	20.588	83	72	78	68	47	3	2	66	8	71	4.94e-09	53.3
tr|A0A063KWA5|Release	GCF_000227685.2_WP_006746304.1	11.268	83	83	82	71	60	2	2	69	10	80	6.83e-09	53.3
tr|A0A063KWA5|Release	GCF_008807855.1_WP_063240334.1	17.391	83	83	80	69	51	2	2	67	11	76	6.89e-09	53.3
tr|A0A063KWA5|Release	GCF_002557795.1_WP_098194977.1	16.901	83	89	78	71	49	3	2	66	11	77	7.53e-09	53.3
tr|A0A063KWA5|Release	GCF_000828615.1_WP_041064380.1	18.056	83	80	81	72	53	4	2	68	10	80	9.02e-09	52.7
tr|A0A063KWA5|Release	GCF_000024005.1_WP_012793320.1	20.290	83	84	78	69	47	3	2	66	11	75	2.16e-08	51.9
tr|A0A063KWA5|Release	GCF_003346815.1_WP_114840342.1	23.288	83	82	84	73	49	3	2	71	8	76	2.57e-08	51.6
tr|A0A063KWA5|Release	GCF_011398355.1_WP_173270160.1	23.077	83	65	78	65	46	2	2	66	3	63	2.76e-08	51.3
tr|A0A063KWA5|Release	GCF_024347215.1_WP_261843265.1	17.910	83	77	77	67	52	2	2	65	7	73	3.36e-08	51.3
tr|A0A063KWA5|Release	GCF_009937995.1_WP_179954406.1	16.438	83	79	83	73	57	2	2	70	7	79	5.72e-08	50.8
tr|A0A063KWA5|Release	GCF_000143085.1_WP_013221711.1	19.118	83	82	76	68	45	4	2	64	7	69	7.61e-08	50.5
tr|A0A063KWA5|Release	GCF_000012805.1_WP_011330264.1	15.942	83	85	80	69	52	3	2	67	7	72	8.78e-08	50.5
tr|A0A063KWA5|Release	GCF_004421105.1_WP_134356453.1	17.143	83	80	80	70	50	4	2	67	7	72	1.17e-07	49.9
tr|A0A063KWA5|Release	GCF_011398155.1_WP_173291533.1	16.901	83	71	84	71	54	3	2	71	3	69	1.19e-07	49.9
tr|A0A063KWA5|Release	GCF_003722295.1_WP_010573895.1	19.444	83	75	80	72	48	3	2	67	7	74	1.78e-07	49.4
tr|A0A063KWA5|Release	GCF_000018105.1_WP_012162738.1	17.143	83	86	80	70	50	3	1	66	6	71	2.64e-07	49.4
tr|A0A063KWA5|Release	GCF_020091585.1_WP_224339804.1	17.143	83	82	80	70	50	4	2	67	7	72	3.00e-07	49.1
tr|A0A063KWA5|Release	GCF_000317125.1_WP_015155280.1	17.143	83	81	80	70	50	4	1	66	6	71	3.10e-07	49.1
tr|A0A063KWA5|Release	GCF_011398355.1_WP_173270199.1	22.727	83	66	80	66	47	2	2	67	3	64	3.41e-07	48.5
tr|A0A063KWA5|Release	GCF_004214795.1_WP_130234502.1	14.706	83	78	78	68	51	3	2	66	8	71	3.57e-07	48.8
tr|A0A063KWA5|Release	GCF_008122265.1_WP_148863603.1	18.571	83	84	80	70	49	3	2	67	7	72	4.57e-07	48.5
tr|A0A063KWA5|Release	GCF_018389385.1_WP_218082190.1	16.176	83	91	78	68	51	2	2	66	21	85	4.60e-07	48.8
tr|A0A063KWA5|Release	GCF_013283835.1_WP_071625892.1	15.493	83	79	78	71	50	3	2	66	5	71	4.75e-07	48.5
tr|A0A063KWA5|Release	GCF_001442805.1_WP_057942092.1	12.857	83	88	81	70	55	2	2	68	11	77	6.57e-07	48.2
tr|A0A063KWA5|Release	GCF_001956695.1_WP_076086034.1	15.942	83	77	78	69	50	3	2	66	5	69	8.42e-07	47.7
tr|A0A063KWA5|Release	GCF_001956695.1_WP_076086043.1	17.808	83	77	84	73	53	3	2	71	7	75	1.02e-06	47.7
tr|A0A063KWA5|Release	GCF_019891175.1_WP_225938383.1	17.143	83	93	80	70	50	3	1	66	14	79	3.01e-06	46.6
tr|A0A063KWA5|Release	GCF_010119975.1_WP_162445115.1	19.231	83	365	88	78	53	4	2	74	14	86	3.94e-06	49.1
tr|A0A063KWA5|Release	GCF_000484535.1_WP_023173213.1	15.942	83	91	82	69	56	2	4	71	24	91	5.36e-06	46.0
tr|A0A063KWA5|Release	GCF_001050135.1_WP_048644179.1	18.841	83	88	78	69	48	3	2	66	10	74	1.50e-05	44.9
tr|A0A063KWA5|Release	GCF_013201665.1_WP_128358834.1	17.647	83	76	78	68	49	3	2	66	5	68	2.02e-05	44.3
tr|A0A063KWA5|Release	GCF_000024725.1_WP_013031543.1	18.310	83	81	80	71	48	4	2	67	7	72	2.08e-05	44.3
tr|A0A063KWA5|Release	GCF_000317575.1_WP_015193670.1	22.857	83	74	80	70	46	4	2	67	7	72	2.18e-05	44.0
tr|A0A063KWA5|Release	GCF_000265505.1_WP_014796533.1	18.987	83	97	82	79	52	3	2	69	9	86	2.40e-05	44.3
tr|A0A063KWA5|Release	GCF_000222485.1_WP_014022977.1	16.176	83	85	78	68	51	3	2	66	10	74	2.51e-05	44.0
tr|A0A063KWA5|Release	GCF_013201935.1_WP_128987185.1	19.403	83	76	78	67	49	2	2	66	5	68	3.78e-05	43.5
tr|A0A063KWA5|Release	GCF_013177635.1_WP_129095951.1	19.118	83	76	78	68	48	3	2	66	5	68	4.13e-05	43.5
tr|A0A063KWA5|Release	GCF_003544815.1_WP_118886031.1	19.118	83	76	78	68	48	3	2	66	5	68	7.66e-05	42.9
tr|A0A063KWA5|Release	GCF_021018745.1_WP_230843504.1	16.667	83	92	78	66	53	2	4	68	24	88	3.46e-04	41.5
tr|A0A063KWA5|Release	GCF_001723605.1_WP_069479051.1	20.370	83	76	61	54	39	2	2	52	5	57	4.37e-04	40.9
tr|A0A063KWA5|Release	GCF_018388465.1_WP_208290210.1	14.706	83	316	80	68	56	1	8	73	139	206	4.45e-04	43.2
tr|A0A063KWA5|Release	GCF_000011385.1_WP_011141833.1	16.667	83	92	78	66	53	2	4	68	24	88	0.001	40.1
tr|A0A063KWA5|Release	GCF_003143555.1_WP_109340539.1	13.699	83	84	86	73	61	1	4	74	5	77	0.001	39.8
tr|A0A063KWA5|Release	GCF_002309535.1_WP_096047558.1	19.118	83	88	78	68	48	3	2	66	5	68	0.002	39.2
tr|A0A063KWA5|Release	GCF_000242635.2_WP_014682426.1	9.677	83	83	71	62	50	2	6	64	11	69	0.004	38.7
tr|A0A063KWA5|Release	GCF_001027285.1_WP_047859305.1	21.053	83	80	46	38	30	0	4	41	12	49	0.004	38.4
tr|A0A063KWA5|Release	GCF_000568815.1_WP_025346049.1	18.519	83	76	61	54	40	2	2	52	5	57	0.004	38.4
tr|A0A063KWA5|Release	GCF_013177675.1_WP_172126669.1	11.765	83	77	78	68	53	3	2	66	5	68	0.006	37.8
tr|A0A063KWA5|Release	GCF_001705075.2_WP_065970077.1	16.667	83	78	75	66	50	3	2	63	8	72	0.008	37.6
# PSIBLAST 2.13.0+
# Iteration: 6
# Query: tr|A0A063KWA5|Release 2019_11/2019_11|11-Dec-2019
# Database: db/chosen-bacteria_proteome_exDup
# Fields: query id, subject id, % identity, query length, subject length, % query coverage per subject, alignment length, mismatches, gap opens, q. start, q. end, s. start, s. end, evalue, bit score
# 449 hits found
tr|A0A063KWA5|Release	GCF_025402875.1_WP_011791024.1	27.711	83	90	100	83	60	0	1	83	6	88	2.87e-30	107
tr|A0A063KWA5|Release	GCF_008693605.1_WP_223849061.1	32.500	83	95	96	80	54	0	2	81	11	90	3.52e-30	107
tr|A0A063KWA5|Release	GCF_002204915.1_WP_052690899.1	36.585	83	101	99	82	52	0	1	82	20	101	3.97e-30	107
tr|A0A063KWA5|Release	GCF_004353845.1_WP_103770713.1	31.646	83	93	95	79	54	0	2	80	10	88	6.56e-30	107
tr|A0A063KWA5|Release	GCF_001597285.1_WP_061903727.1	28.395	83	92	98	81	58	0	3	83	8	88	9.27e-30	106
tr|A0A063KWA5|Release	GCF_024971755.1_WP_259474826.1	26.506	83	88	100	83	61	0	1	83	6	88	1.21e-29	106
tr|A0A063KWA5|Release	GCF_009938225.1_WP_075649723.1	43.902	83	82	99	82	46	0	1	82	1	82	1.24e-29	106
tr|A0A063KWA5|Release	GCF_003812345.1_WP_121571778.1	31.250	83	94	96	80	55	0	2	81	10	89	1.48e-29	106
tr|A0A063KWA5|Release	GCF_024347355.1_WP_105024956.1	48.780	83	83	99	82	42	0	1	82	1	82	2.92e-29	105
tr|A0A063KWA5|Release	GCF_000178875.2_WP_012197738.1	26.506	83	90	100	83	61	0	1	83	6	88	3.92e-29	105
tr|A0A063KWA5|Release	GCF_009938185.1_WP_162048373.1	41.463	83	82	99	82	48	0	1	82	1	82	1.04e-28	103
tr|A0A063KWA5|Release	GCF_024347475.1_WP_239840920.1	48.780	83	83	99	82	42	0	1	82	1	82	1.33e-28	103
tr|A0A063KWA5|Release	GCF_000733715.2_WP_017362912.1	27.160	83	90	98	81	59	0	3	83	8	88	1.48e-28	103
tr|A0A063KWA5|Release	GCF_014905115.1_WP_193151849.1	50.000	83	81	96	80	40	0	1	80	1	80	3.59e-28	102
tr|A0A063KWA5|Release	GCF_002355475.1_WP_004421315.1	28.395	83	91	98	81	58	0	3	83	9	89	3.63e-28	102
tr|A0A063KWA5|Release	GCF_011397855.1_WP_044414183.1	28.395	83	90	98	81	58	0	3	83	8	88	4.18e-28	102
tr|A0A063KWA5|Release	GCF_020097475.1_WP_000062318.1	32.500	83	86	96	80	49	2	2	81	10	84	5.34e-28	101
tr|A0A063KWA5|Release	GCF_001461805.1_WP_013367515.1	31.250	83	86	96	80	50	2	2	81	10	84	5.52e-28	101
tr|A0A063KWA5|Release	GCF_024205225.1_WP_195881696.1	25.000	83	90	96	80	60	0	3	82	8	87	5.84e-28	101
tr|A0A063KWA5|Release	GCF_013409125.2_WP_099525265.1	26.250	83	90	96	80	59	0	3	82	8	87	6.53e-28	101
tr|A0A063KWA5|Release	GCF_021172065.1_WP_015965827.1	30.000	83	86	96	80	51	2	2	81	10	84	7.76e-28	101
tr|A0A063KWA5|Release	GCF_000297075.2_WP_003461742.1	26.250	83	90	96	80	59	0	3	82	8	87	8.97e-28	101
tr|A0A063KWA5|Release	GCF_001518835.1_WP_059308693.1	30.000	83	86	96	80	51	2	2	81	10	84	9.47e-28	101
tr|A0A063KWA5|Release	GCF_022371215.1_WP_239718047.1	54.321	83	83	98	81	37	0	1	81	1	81	1.10e-27	101
tr|A0A063KWA5|Release	GCF_009036245.1_WP_025756830.1	30.000	83	86	96	80	51	2	2	81	10	84	1.16e-27	101
tr|A0A063KWA5|Release	GCF_016904755.1_WP_059234959.1	30.000	83	86	96	80	51	2	2	81	10	84	1.43e-27	100
tr|A0A063KWA5|Release	GCF_008807375.1_WP_151138908.1	25.926	83	91	98	81	60	0	3	83	9	89	1.46e-27	101
tr|A0A063KWA5|Release	GCF_004684345.1_WP_135321947.1	25.926	83	93	98	81	60	0	2	82	10	90	1.63e-27	100
tr|A0A063KWA5|Release	GCF_001558415.2_WP_061055374.1	45.783	83	83	100	83	45	0	1	83	1	83	1.64e-27	100
tr|A0A063KWA5|Release	GCF_900682675.2_WP_069898892.1	24.691	83	94	98	81	61	0	3	83	8	88	1.78e-27	100
tr|A0A063KWA5|Release	GCF_000006925.2_NP_706134.1	31.250	83	86	96	80	50	2	2	81	10	84	1.82e-27	100
tr|A0A063KWA5|Release	GCF_009176645.1_WP_152083529.1	28.750	83	86	96	80	52	2	2	81	10	84	1.97e-27	100
tr|A0A063KWA5|Release	GCF_008693645.1_WP_137347870.1	26.582	83	89	95	79	58	0	2	80	10	88	2.11e-27	100
tr|A0A063KWA5|Release	GCF_001708425.1_WP_055136127.1	24.051	83	94	95	79	60	0	3	81	8	86	2.31e-27	100
tr|A0A063KWA5|Release	GCF_003594935.2_WP_006173581.1	30.000	83	86	96	80	51	2	2	81	10	84	2.84e-27	100
tr|A0A063KWA5|Release	GCF_001683395.1_WP_017458015.1	30.000	83	86	96	80	51	2	2	81	10	84	2.97e-27	 99
tr|A0A063KWA5|Release	GCF_001022135.1_WP_039078449.1	30.000	83	86	96	80	51	2	2	81	10	84	3.51e-27	 99
tr|A0A063KWA5|Release	GCF_000005845.2_NP_414731.2	31.250	83	84	96	80	50	2	2	81	8	82	3.70e-27	99.7
tr|A0A063KWA5|Release	GCF_017167985.1_WP_093053415.1	24.051	83	92	95	79	60	0	3	81	8	86	4.24e-27	99.7
tr|A0A063KWA5|Release	GCF_002215585.1_WP_088903590.1	27.711	83	89	100	83	59	1	1	83	6	87	4.63e-27	99.7
tr|A0A063KWA5|Release	GCF_002214395.1_WP_010453422.1	39.506	83	81	98	81	49	0	1	81	1	81	4.90e-27	99.4
tr|A0A063KWA5|Release	GCF_003957745.1_WP_126168493.1	25.926	83	87	98	81	60	0	2	82	7	87	5.28e-27	99.4
tr|A0A063KWA5|Release	GCF_001594225.2_WP_064379396.1	26.582	83	92	95	79	58	0	3	81	8	86	6.11e-27	99.4
tr|A0A063KWA5|Release	GCF_015137655.1_WP_028015593.1	30.000	83	86	96	80	51	2	2	81	10	84	6.38e-27	99.2
tr|A0A063KWA5|Release	GCF_019048625.1_WP_023305471.1	30.000	83	86	96	80	51	2	2	81	10	84	6.48e-27	99.2
tr|A0A063KWA5|Release	GCF_000224675.1_WP_010426685.1	28.750	83	86	96	80	52	2	2	81	10	84	7.42e-27	99.2
tr|A0A063KWA5|Release	GCF_008329985.2_WP_149283950.1	35.802	83	81	98	81	52	0	1	81	1	81	7.53e-27	98.9
tr|A0A063KWA5|Release	GCF_007632255.1_WP_015368146.1	30.000	83	86	96	80	51	2	2	81	10	84	7.90e-27	99.2
tr|A0A063KWA5|Release	GCF_017167985.1_WP_079784061.1	27.500	83	90	96	80	58	0	3	82	8	87	8.04e-27	99.2
tr|A0A063KWA5|Release	GCF_002393445.1_WP_061273728.1	28.049	83	86	99	82	54	2	2	83	10	86	8.09e-27	98.9
tr|A0A063KWA5|Release	GCF_013200955.2_WP_173204463.1	29.114	83	91	95	79	56	0	2	80	8	86	8.12e-27	99.2
tr|A0A063KWA5|Release	GCF_001750725.1_WP_014168720.1	28.750	83	86	96	80	52	2	2	81	10	84	8.29e-27	98.9
tr|A0A063KWA5|Release	GCF_009068765.1_WP_151900329.1	51.250	83	81	96	80	39	0	1	80	1	80	8.35e-27	98.9
tr|A0A063KWA5|Release	GCF_001729805.1_WP_008501890.1	28.750	83	86	96	80	52	2	2	81	10	84	8.42e-27	98.9
tr|A0A063KWA5|Release	GCF_003812345.1_WP_003018503.1	31.250	83	86	96	80	50	2	2	81	10	84	8.56e-27	98.9
tr|A0A063KWA5|Release	GCF_009938205.1_WP_075706454.1	40.244	83	82	99	82	49	0	1	82	1	82	8.98e-27	98.9
tr|A0A063KWA5|Release	GCF_004684345.1_WP_135323069.1	31.250	83	86	96	80	50	2	2	81	10	84	9.12e-27	98.9
tr|A0A063KWA5|Release	GCF_001658025.2_WP_007373243.1	31.250	83	86	96	80	50	2	2	81	10	84	9.64e-27	98.9
tr|A0A063KWA5|Release	GCF_900638065.1_WP_048212636.1	31.250	83	86	96	80	50	2	2	81	10	84	9.72e-27	98.9
tr|A0A063KWA5|Release	GCF_023195735.1_WP_035891978.1	32.500	83	86	96	80	49	2	2	81	10	84	1.00e-26	98.9
tr|A0A063KWA5|Release	GCF_019670125.1_WP_221076876.1	43.750	83	81	96	80	45	0	1	80	1	80	1.07e-26	98.6
tr|A0A063KWA5|Release	GCF_002407485.1_WP_096780111.1	38.272	83	81	98	81	50	0	1	81	1	81	1.14e-26	98.6
tr|A0A063KWA5|Release	GCF_027886705.1_WP_061497537.1	31.250	83	86	96	80	50	2	2	81	10	84	1.14e-26	98.6
tr|A0A063KWA5|Release	GCF_004353845.1_WP_103768334.1	30.000	83	86	96	80	51	2	2	81	10	84	1.18e-26	98.6
tr|A0A063KWA5|Release	GCF_019670105.1_WP_040307707.1	43.210	83	81	98	81	46	0	1	81	1	81	1.21e-26	98.3
tr|A0A063KWA5|Release	GCF_001558255.2_WP_005504861.1	46.341	83	82	98	82	43	1	1	81	1	82	1.21e-26	98.6
tr|A0A063KWA5|Release	GCF_025914095.1_WP_031518416.1	28.750	83	86	96	80	52	2	2	81	10	84	1.49e-26	98.3
tr|A0A063KWA5|Release	GCF_009649915.1_WP_062772223.1	32.500	83	86	96	80	49	2	2	81	10	84	1.54e-26	98.3
tr|A0A063KWA5|Release	GCF_003935895.2_WP_110510858.1	29.268	83	86	99	82	53	2	2	83	10	86	1.75e-26	98.0
tr|A0A063KWA5|Release	GCF_018128425.1_WP_042289833.1	30.000	83	86	96	80	51	2	2	81	10	84	1.89e-26	98.0
tr|A0A063KWA5|Release	GCF_021278985.1_WP_012904575.1	30.000	83	86	96	80	51	2	2	81	10	84	1.91e-26	98.0
tr|A0A063KWA5|Release	GCF_024494545.1_WP_256384876.1	49.383	83	81	98	81	41	0	1	81	1	81	2.22e-26	97.7
tr|A0A063KWA5|Release	GCF_009363135.1_WP_090122691.1	30.000	83	86	96	80	51	2	2	81	10	84	2.22e-26	97.7
tr|A0A063KWA5|Release	GCF_024347595.1_WP_176681244.1	51.852	83	83	98	81	39	0	1	81	1	81	2.26e-26	97.7
tr|A0A063KWA5|Release	GCF_006742785.1_WP_172630283.1	33.750	83	88	96	80	53	0	2	81	5	84	2.30e-26	97.7
tr|A0A063KWA5|Release	GCF_024582835.1_WP_257083279.1	43.902	83	87	99	82	46	0	1	82	1	82	2.41e-26	97.7
tr|A0A063KWA5|Release	GCF_000214665.1_WP_013819542.1	35.443	83	83	95	79	50	1	2	80	6	83	2.59e-26	97.7
tr|A0A063KWA5|Release	GCF_001277255.1_WP_007666633.1	30.000	83	86	96	80	51	2	2	81	10	84	2.64e-26	97.7
tr|A0A063KWA5|Release	GCF_024347035.1_WP_102941394.1	41.975	83	81	98	81	47	0	1	81	1	81	2.68e-26	97.5
tr|A0A063KWA5|Release	GCF_008369605.1_WP_000253074.1	39.506	83	81	98	81	49	0	1	81	1	81	2.86e-26	97.5
tr|A0A063KWA5|Release	GCF_900635955.1_WP_126357486.1	28.049	83	86	99	82	54	2	2	83	10	86	2.98e-26	97.5
tr|A0A063KWA5|Release	GCF_001558935.2_WP_042323659.1	30.000	83	86	96	80	51	2	2	81	10	84	3.66e-26	97.2
tr|A0A063KWA5|Release	GCF_009648935.1_WP_047417117.1	30.000	83	86	96	80	51	2	2	81	10	84	3.87e-26	97.2
tr|A0A063KWA5|Release	GCF_000240185.1_YP_005225236.1	30.000	83	86	96	80	51	2	2	81	10	84	3.93e-26	97.2
tr|A0A063KWA5|Release	GCF_024347635.1_WP_139683960.1	50.000	83	83	99	82	41	0	1	82	1	82	3.97e-26	97.2
tr|A0A063KWA5|Release	GCF_003019925.1_WP_162185254.1	29.268	83	86	99	82	53	2	2	83	10	86	4.72e-26	96.9
tr|A0A063KWA5|Release	GCF_001995825.2_WP_017057338.1	48.780	83	83	99	82	42	0	1	82	1	82	5.08e-26	96.9
tr|A0A063KWA5|Release	GCF_002953195.1_WP_038628016.1	27.500	83	87	96	80	53	2	2	81	10	84	5.12e-26	96.9
tr|A0A063KWA5|Release	GCF_000439255.1_WP_000062328.1	31.250	83	86	96	80	50	2	2	81	10	84	5.54e-26	96.9
tr|A0A063KWA5|Release	GCF_000009145.1_WP_041356315.1	33.333	83	90	98	81	54	0	1	81	5	85	5.54e-26	96.9
tr|A0A063KWA5|Release	GCF_001277175.1_WP_007760020.1	27.500	83	86	96	80	53	2	2	81	10	84	5.99e-26	96.9
tr|A0A063KWA5|Release	GCF_024224615.1_WP_125293588.1	27.500	83	86	96	80	53	2	2	81	10	84	6.44e-26	96.6
tr|A0A063KWA5|Release	GCF_022637515.1_WP_064539750.1	28.750	83	86	96	80	52	2	2	81	10	84	6.44e-26	96.6
tr|A0A063KWA5|Release	GCF_020079945.1_WP_039382769.1	30.000	83	87	96	80	51	2	2	81	10	84	6.50e-26	96.6
tr|A0A063KWA5|Release	GCF_024347455.1_WP_135458404.1	48.780	83	83	99	82	42	0	1	82	1	82	6.61e-26	96.6
tr|A0A063KWA5|Release	GCF_019047765.1_WP_040231149.1	26.582	83	89	95	79	58	0	2	80	10	88	6.90e-26	96.6
tr|A0A063KWA5|Release	GCF_001277195.1_WP_032966924.1	28.750	83	86	96	80	52	2	2	81	10	84	6.97e-26	96.6
tr|A0A063KWA5|Release	GCF_000091465.1_WP_004733849.1	48.780	83	83	99	82	42	0	1	82	1	82	7.16e-26	96.6
tr|A0A063KWA5|Release	GCF_003812925.1_WP_004107903.1	30.000	83	86	96	80	51	2	2	81	10	84	7.43e-26	96.6
tr|A0A063KWA5|Release	GCF_013234275.1_WP_172895488.1	27.500	83	86	96	80	53	2	2	81	10	84	7.67e-26	96.6
tr|A0A063KWA5|Release	GCF_021276285.1_WP_095923198.1	30.488	83	86	99	82	52	2	2	83	10	86	7.79e-26	96.6
tr|A0A063KWA5|Release	GCF_022637475.1_WP_013574214.1	29.268	83	86	99	82	53	2	2	83	10	86	7.85e-26	96.3
tr|A0A063KWA5|Release	GCF_003261575.2_WP_110272453.1	31.250	83	86	96	80	50	2	2	81	10	84	7.85e-26	96.3
tr|A0A063KWA5|Release	GCF_001277215.2_WP_007776988.1	27.500	83	86	96	80	53	2	2	81	10	84	7.92e-26	96.3
tr|A0A063KWA5|Release	GCF_025758125.1_WP_023480196.1	28.750	83	86	96	80	52	2	2	81	10	84	8.37e-26	96.3
tr|A0A063KWA5|Release	GCF_000018045.1_WP_024130681.1	30.000	83	86	96	80	51	2	2	81	10	84	8.78e-26	96.3
tr|A0A063KWA5|Release	GCF_012029655.1_WP_041144145.1	31.250	83	86	96	80	50	2	2	81	10	84	9.28e-26	96.3
tr|A0A063KWA5|Release	GCF_024362845.1_WP_255230807.1	45.000	83	82	96	80	44	0	1	80	1	80	9.29e-26	96.3
tr|A0A063KWA5|Release	GCF_000233595.1_WP_013024706.1	24.390	83	86	99	82	57	2	2	83	10	86	9.35e-26	96.3
tr|A0A063KWA5|Release	GCF_006711645.1_WP_100682484.1	30.000	83	86	96	80	51	2	2	81	10	84	9.43e-26	96.3
tr|A0A063KWA5|Release	GCF_001007875.1_WP_046858354.1	43.750	83	80	96	80	45	0	1	80	1	80	9.48e-26	96.1
tr|A0A063KWA5|Release	GCF_017354925.1_WP_207321174.1	28.395	83	87	98	81	58	0	2	82	7	87	1.01e-25	96.3
tr|A0A063KWA5|Release	GCF_004124235.1_WP_025377303.1	28.395	83	86	98	81	53	2	2	82	10	85	1.04e-25	96.1
tr|A0A063KWA5|Release	GCF_022637595.1_WP_004858152.1	30.000	83	86	96	80	51	2	2	81	10	84	1.05e-25	96.1
tr|A0A063KWA5|Release	GCF_018139045.1_WP_004129134.1	30.000	83	86	96	80	51	2	2	81	10	84	1.10e-25	96.1
tr|A0A063KWA5|Release	GCF_000222975.1_WP_002218374.1	28.395	83	86	98	81	53	2	2	82	10	85	1.18e-25	96.1
tr|A0A063KWA5|Release	GCF_000834395.1_WP_042546713.1	28.395	83	86	98	81	53	2	2	82	10	85	1.19e-25	96.1
tr|A0A063KWA5|Release	GCF_000006945.2_NP_459242.1	31.250	83	86	96	80	50	2	2	81	10	84	1.20e-25	96.1
tr|A0A063KWA5|Release	GCF_019890955.1_WP_211725887.1	30.000	83	87	96	80	51	2	2	81	10	84	1.26e-25	96.1
tr|A0A063KWA5|Release	GCF_012767755.2_WP_173171843.1	25.926	83	90	98	81	60	0	3	83	8	88	1.37e-25	96.1
tr|A0A063KWA5|Release	GCF_017354965.1_WP_207380278.1	28.395	83	87	98	81	58	0	2	82	7	87	1.39e-25	95.8
tr|A0A063KWA5|Release	GCF_024347655.1_WP_060467732.1	50.000	83	83	96	80	40	0	1	80	1	80	1.42e-25	95.8
tr|A0A063KWA5|Release	GCF_013282725.1_WP_032813813.1	27.160	83	86	98	81	54	2	2	82	10	85	1.45e-25	95.8
tr|A0A063KWA5|Release	GCF_004328865.1_WP_104643907.1	90.361	83	83	100	83	8	0	1	83	1	83	1.45e-25	95.8
tr|A0A063KWA5|Release	GCF_017329545.1_WP_047884589.1	32.051	83	95	94	78	53	0	2	79	8	85	1.48e-25	96.1
tr|A0A063KWA5|Release	GCF_015139575.1_WP_004098776.1	30.000	83	86	96	80	51	2	2	81	10	84	1.49e-25	95.8
tr|A0A063KWA5|Release	GCF_011617105.1_WP_025800203.1	30.000	83	86	96	80	51	2	2	81	10	84	1.66e-25	95.8
tr|A0A063KWA5|Release	GCF_000834455.1_WP_032817050.1	28.395	83	86	98	81	53	2	2	82	10	85	1.79e-25	95.5
tr|A0A063KWA5|Release	GCF_002101395.1_WP_085067900.1	30.000	83	87	96	80	51	2	2	81	10	84	1.83e-25	95.5
tr|A0A063KWA5|Release	GCF_000010085.1_WP_011411656.1	29.268	83	86	99	82	53	2	2	83	10	86	1.87e-25	95.5
tr|A0A063KWA5|Release	GCF_012767755.2_WP_173176508.1	22.785	83	91	95	79	58	1	4	82	9	84	1.87e-25	95.5
tr|A0A063KWA5|Release	GCF_014879975.1_WP_192888672.1	51.220	83	83	99	82	40	0	1	82	1	82	1.92e-25	95.5
tr|A0A063KWA5|Release	GCF_000015245.1_WP_011761423.1	25.316	83	86	95	79	59	0	2	80	7	85	2.21e-25	95.2
tr|A0A063KWA5|Release	GCF_001831495.1_WP_068547707.1	51.852	83	81	98	81	39	0	1	81	1	81	2.22e-25	95.2
tr|A0A063KWA5|Release	GCF_011068345.1_WP_002436992.1	27.500	83	86	96	80	53	2	2	81	10	84	2.28e-25	95.2
tr|A0A063KWA5|Release	GCF_000517425.1_WP_025421126.1	29.268	83	86	99	82	53	2	2	83	10	86	2.30e-25	95.2
tr|A0A063KWA5|Release	GCF_001456255.1_WP_020335096.1	40.741	83	81	98	81	48	0	1	81	1	81	3.01e-25	94.9
tr|A0A063KWA5|Release	GCF_002163605.1_WP_157665988.1	30.000	83	86	96	80	51	2	2	81	10	84	3.28e-25	94.9
tr|A0A063KWA5|Release	GCF_016834455.1_WP_203325205.1	25.316	83	86	95	79	59	0	2	80	7	85	3.47e-25	94.9
tr|A0A063KWA5|Release	GCF_009730055.1_WP_032906500.1	28.395	83	86	98	81	53	2	2	82	10	85	3.67e-25	94.7
tr|A0A063KWA5|Release	GCF_019670705.1_WP_100146025.1	22.222	83	92	98	81	63	0	2	82	7	87	4.02e-25	94.7
tr|A0A063KWA5|Release	GCF_000238395.3_WP_010553578.1	97.590	83	83	100	83	2	0	1	83	1	83	4.49e-25	94.4
tr|A0A063KWA5|Release	GCF_023517775.1_WP_249893541.1	30.000	83	87	96	80	51	2	2	81	10	84	4.55e-25	94.7
tr|A0A063KWA5|Release	GCF_000025065.1_WP_012883679.1	27.500	83	86	96	80	53	2	2	81	10	84	4.81e-25	94.4
tr|A0A063KWA5|Release	GCF_001007935.1_WP_046849946.1	28.750	83	84	96	80	57	0	1	80	5	84	4.83e-25	94.4
tr|A0A063KWA5|Release	GCF_025133195.1_WP_032910235.1	28.395	83	86	98	81	53	2	2	82	10	85	5.24e-25	94.4
tr|A0A063KWA5|Release	GCF_005877035.1_WP_039486662.1	97.590	83	83	100	83	2	0	1	83	1	83	5.43e-25	94.4
tr|A0A063KWA5|Release	GCF_900233005.1_WP_102521318.1	46.914	83	81	98	81	43	0	1	81	1	81	6.00e-25	94.1
tr|A0A063KWA5|Release	GCF_009730655.1_WP_156020461.1	22.222	83	92	98	81	63	0	2	82	7	87	6.03e-25	94.4
tr|A0A063KWA5|Release	GCF_002355475.1_WP_003455993.1	23.457	83	90	98	81	62	0	3	83	6	86	6.10e-25	94.4
tr|A0A063KWA5|Release	GCF_014524625.1_WP_009050814.1	20.988	83	92	98	81	64	0	3	83	8	88	6.23e-25	94.4
tr|A0A063KWA5|Release	GCF_011044475.1_WP_033740322.1	24.390	83	86	99	82	57	2	2	83	10	86	6.50e-25	94.1
tr|A0A063KWA5|Release	GCF_009914055.1_WP_160619715.1	27.500	83	87	96	80	53	2	2	81	10	84	6.51e-25	94.1
tr|A0A063KWA5|Release	GCF_000026185.1_WP_012440659.1	27.500	83	87	96	80	53	2	2	81	10	84	6.67e-25	94.1
tr|A0A063KWA5|Release	GCF_000770115.1_WP_069687890.1	41.250	83	81	96	80	47	0	1	80	1	80	6.92e-25	94.1
tr|A0A063KWA5|Release	GCF_012427845.1_WP_012773648.1	26.250	83	86	96	80	54	2	2	81	10	84	7.26e-25	94.1
tr|A0A063KWA5|Release	GCF_017915135.1_WP_210390879.1	24.691	83	90	98	81	61	0	3	83	8	88	7.93e-25	94.1
tr|A0A063KWA5|Release	GCF_002288545.1_WP_029367608.1	26.250	83	86	96	80	54	2	2	81	10	84	8.45e-25	93.8
tr|A0A063KWA5|Release	GCF_900095885.1_WP_035340381.1	23.750	83	86	96	80	56	2	2	81	10	84	8.72e-25	93.8
tr|A0A063KWA5|Release	GCF_000023565.1_WP_012770818.1	27.500	83	86	96	80	53	2	2	81	10	84	9.07e-25	93.8
tr|A0A063KWA5|Release	GCF_020150375.1_WP_004094310.1	28.750	83	86	96	80	52	2	2	81	10	84	9.44e-25	93.8
tr|A0A063KWA5|Release	GCF_000772105.1_WP_004748349.1	45.000	83	81	96	80	44	0	1	80	1	80	9.59e-25	93.5
tr|A0A063KWA5|Release	GCF_004792415.1_WP_013356856.1	21.951	83	86	99	82	59	2	2	83	10	86	9.82e-25	93.8
tr|A0A063KWA5|Release	GCF_020683125.1_WP_133842177.1	25.000	83	88	96	80	55	2	2	81	11	85	1.03e-24	93.8
tr|A0A063KWA5|Release	GCF_002906475.1_WP_012130247.1	37.500	83	81	96	80	50	0	1	80	1	80	1.11e-24	93.5
tr|A0A063KWA5|Release	GCF_024347495.1_WP_137371745.1	47.500	83	80	96	80	42	0	1	80	1	80	1.22e-24	93.2
tr|A0A063KWA5|Release	GCF_019669905.1_WP_054759186.1	27.848	83	79	95	79	53	1	2	80	5	79	1.22e-24	93.2
tr|A0A063KWA5|Release	GCF_002221525.1_WP_089349457.1	83.133	83	83	100	83	14	0	1	83	1	83	1.27e-24	93.2
tr|A0A063KWA5|Release	GCF_003668795.1_WP_054981706.1	80.723	83	83	100	83	16	0	1	83	1	83	1.32e-24	93.2
tr|A0A063KWA5|Release	GCF_000024825.1_WP_005460845.1	41.975	83	81	98	81	47	0	1	81	1	81	1.34e-24	93.2
tr|A0A063KWA5|Release	GCF_002021755.1_WP_005434844.1	38.750	83	81	96	80	49	0	1	80	1	80	1.70e-24	93.0
tr|A0A063KWA5|Release	GCF_020181655.1_WP_225087160.1	25.000	83	86	96	80	55	2	2	81	10	84	1.70e-24	93.0
tr|A0A063KWA5|Release	GCF_019844095.1_WP_062747070.1	25.000	83	88	96	80	55	2	2	81	11	85	1.80e-24	93.0
tr|A0A063KWA5|Release	GCF_000520015.2_WP_024910172.1	27.500	83	87	96	80	53	2	2	81	10	84	1.87e-24	93.0
tr|A0A063KWA5|Release	GCF_009873295.1_WP_039312412.1	26.250	83	86	96	80	54	2	2	81	10	84	2.06e-24	93.0
tr|A0A063KWA5|Release	GCF_017498685.1_WP_038245151.1	27.160	83	86	98	81	54	2	2	82	10	85	2.09e-24	93.0
tr|A0A063KWA5|Release	GCF_007858975.2_WP_042869176.1	27.500	83	86	96	80	53	2	2	81	10	84	2.23e-24	92.7
tr|A0A063KWA5|Release	GCF_022647505.1_WP_128179458.1	27.500	83	87	96	80	53	2	2	81	10	84	2.32e-24	92.7
tr|A0A063KWA5|Release	GCF_005484945.1_WP_137712817.1	26.250	83	86	96	80	54	2	2	81	10	84	2.74e-24	92.7
tr|A0A063KWA5|Release	GCF_009931295.1_WP_161528353.1	26.250	83	86	96	80	54	2	2	81	10	84	2.76e-24	92.4
tr|A0A063KWA5|Release	GCF_024360925.2_WP_255188929.1	31.646	83	83	95	79	53	1	2	80	6	83	2.88e-24	92.4
tr|A0A063KWA5|Release	GCF_000264765.2_WP_034163237.1	26.250	83	86	96	80	54	2	2	81	10	84	2.89e-24	92.4
tr|A0A063KWA5|Release	GCF_019797845.1_WP_222158377.1	30.000	83	86	96	80	51	2	2	81	10	84	3.06e-24	92.4
tr|A0A063KWA5|Release	GCF_008807375.1_WP_151133519.1	23.457	83	90	98	81	62	0	3	83	6	86	3.50e-24	92.4
tr|A0A063KWA5|Release	GCF_001642805.2_WP_004931991.1	27.500	83	87	96	80	53	2	2	81	10	84	3.57e-24	92.4
tr|A0A063KWA5|Release	GCF_016026735.1_WP_015673540.1	27.500	83	87	96	80	53	2	2	81	10	84	4.08e-24	92.1
tr|A0A063KWA5|Release	GCF_021733145.1_WP_012847629.1	25.000	83	86	96	80	55	2	2	81	10	84	4.34e-24	92.1
tr|A0A063KWA5|Release	GCF_000740965.1_WP_011092648.1	26.250	83	86	96	80	54	2	2	81	10	84	4.37e-24	92.1
tr|A0A063KWA5|Release	GCF_021462285.1_WP_234585968.1	27.500	83	87	96	80	53	2	2	81	10	84	4.38e-24	92.1
tr|A0A063KWA5|Release	GCF_000196615.1_WP_013200864.1	26.250	83	87	96	80	54	2	2	81	10	84	4.52e-24	92.1
tr|A0A063KWA5|Release	GCF_019670485.1_WP_221071211.1	42.500	83	81	96	80	46	0	1	80	1	80	4.70e-24	91.8
tr|A0A063KWA5|Release	GCF_019048385.1_WP_062759648.1	23.171	83	86	99	82	58	2	2	83	10	86	5.21e-24	91.8
tr|A0A063KWA5|Release	GCF_009363415.1_WP_152430616.1	36.585	83	84	99	82	52	0	1	82	1	82	5.67e-24	91.8
tr|A0A063KWA5|Release	GCF_017569925.1_WP_208228065.1	26.250	83	86	96	80	54	2	2	81	10	84	5.69e-24	91.8
tr|A0A063KWA5|Release	GCF_003515985.1_WP_085653101.1	25.000	83	86	96	80	55	2	2	81	10	84	6.16e-24	91.6
tr|A0A063KWA5|Release	GCF_020342335.1_WP_067428135.1	25.000	83	87	96	80	55	2	2	81	10	84	6.17e-24	91.6
tr|A0A063KWA5|Release	GCF_001999225.1_WP_077537996.1	71.605	83	82	98	81	23	0	1	81	1	81	6.31e-24	91.6
tr|A0A063KWA5|Release	GCF_002812485.1_WP_038661467.1	26.250	83	86	96	80	54	2	2	81	10	84	6.41e-24	91.6
tr|A0A063KWA5|Release	GCF_000023545.1_WP_015854637.1	23.750	83	86	96	80	56	2	2	81	10	84	7.33e-24	91.6
tr|A0A063KWA5|Release	GCF_009817885.1_WP_105232289.1	27.500	83	87	96	80	53	2	2	81	10	84	7.70e-24	91.6
tr|A0A063KWA5|Release	GCF_015999465.1_WP_085688159.1	23.750	83	86	96	80	56	2	2	81	10	84	7.81e-24	91.3
tr|A0A063KWA5|Release	GCF_021029445.1_WP_230924827.1	26.250	83	89	96	80	58	1	3	82	8	86	7.92e-24	91.6
tr|A0A063KWA5|Release	GCF_000262305.1_WP_002441069.1	27.500	83	86	96	80	53	2	2	81	10	84	8.80e-24	91.3
tr|A0A063KWA5|Release	GCF_003258315.1_WP_111337788.1	29.630	83	88	98	81	57	0	1	81	5	85	9.05e-24	91.3
tr|A0A063KWA5|Release	GCF_900187015.1_WP_061796701.1	26.250	83	87	96	80	54	2	2	81	10	84	9.10e-24	91.3
tr|A0A063KWA5|Release	GCF_009646115.1_WP_008925644.1	21.951	83	86	99	82	59	2	2	83	10	86	9.92e-24	91.0
tr|A0A063KWA5|Release	GCF_001742185.1_WP_005975933.1	26.250	83	86	96	80	54	2	2	81	10	84	1.06e-23	91.0
tr|A0A063KWA5|Release	GCF_002005305.1_WP_077753428.1	20.988	83	86	98	81	64	0	1	81	6	86	1.30e-23	90.7
tr|A0A063KWA5|Release	GCF_002291445.1_WP_048635886.1	25.000	83	86	96	80	55	2	2	81	10	84	1.49e-23	90.7
tr|A0A063KWA5|Release	GCF_000147055.1_WP_022632468.1	26.250	83	86	96	80	54	2	2	81	10	84	1.60e-23	90.7
tr|A0A063KWA5|Release	GCF_003403135.1_WP_024104894.1	27.500	83	86	96	80	53	2	2	81	10	84	2.01e-23	90.4
tr|A0A063KWA5|Release	GCF_000517405.1_WP_038469034.1	28.049	83	83	99	82	54	2	2	83	7	83	2.02e-23	90.1
tr|A0A063KWA5|Release	GCF_024347675.1_WP_261835500.1	45.679	83	81	98	81	44	0	1	81	1	81	2.09e-23	90.1
tr|A0A063KWA5|Release	GCF_006364355.1_WP_004727652.1	36.145	83	83	100	83	53	0	1	83	1	83	2.29e-23	90.1
tr|A0A063KWA5|Release	GCF_001010285.1_WP_046974061.1	25.000	83	88	96	80	55	2	2	81	10	84	2.37e-23	90.1
tr|A0A063KWA5|Release	GCF_003992745.1_WP_014700896.1	25.000	83	86	96	80	55	2	2	81	10	84	2.41e-23	90.1
tr|A0A063KWA5|Release	GCF_019977755.1_WP_126608378.1	30.233	83	103	96	86	54	1	1	80	15	100	2.72e-23	90.4
tr|A0A063KWA5|Release	GCF_013460135.1_WP_180816665.1	31.250	83	88	96	80	50	2	2	81	10	84	3.05e-23	89.9
tr|A0A063KWA5|Release	GCF_000214235.1_WP_004952197.1	23.750	83	85	96	80	56	2	2	81	8	82	3.39e-23	89.9
tr|A0A063KWA5|Release	GCF_002887615.1_WP_038869703.1	36.250	83	81	96	80	51	0	1	80	1	80	3.98e-23	89.6
tr|A0A063KWA5|Release	GCF_004768525.1_WP_026822068.1	28.750	83	88	96	80	52	2	2	81	10	84	4.09e-23	89.6
tr|A0A063KWA5|Release	GCF_000148645.1_WP_013347076.1	38.462	83	80	94	78	48	0	4	81	3	80	4.10e-23	89.3
tr|A0A063KWA5|Release	GCF_000091565.1_WP_004159420.1	27.500	83	87	96	80	53	2	2	81	10	84	4.18e-23	89.6
tr|A0A063KWA5|Release	GCF_000196475.1_WP_012776850.1	25.000	83	88	96	80	55	2	2	81	10	84	4.19e-23	89.6
tr|A0A063KWA5|Release	GCF_022647325.1_WP_111140597.1	23.171	83	86	99	82	58	2	2	83	10	86	4.21e-23	89.6
tr|A0A063KWA5|Release	GCF_002504285.1_WP_005282992.1	23.750	83	86	96	80	56	2	2	81	10	84	4.86e-23	89.3
tr|A0A063KWA5|Release	GCF_002157895.1_WP_227874980.1	41.975	83	82	98	81	47	0	1	81	2	82	5.39e-23	89.3
tr|A0A063KWA5|Release	GCF_000019525.1_WP_012323084.1	36.250	83	81	96	80	51	0	1	80	1	80	5.56e-23	89.0
tr|A0A063KWA5|Release	GCF_000196155.1_WP_011145066.1	22.222	83	88	98	81	58	2	2	82	10	85	5.67e-23	89.3
tr|A0A063KWA5|Release	GCF_902387845.1_WP_004237241.1	32.500	83	88	96	80	49	2	2	81	10	84	6.39e-23	89.0
tr|A0A063KWA5|Release	GCF_000261045.2_WP_006318653.1	23.750	83	87	96	80	56	2	2	81	10	84	6.43e-23	89.0
tr|A0A063KWA5|Release	GCF_001006005.1_WP_223499701.1	26.250	83	85	96	80	54	2	2	81	8	82	7.04e-23	89.0
tr|A0A063KWA5|Release	GCF_020268605.1_WP_180560445.1	28.750	83	88	96	80	52	2	2	81	10	84	7.25e-23	89.0
tr|A0A063KWA5|Release	GCF_013423785.1_WP_180308358.1	30.000	83	88	96	80	55	1	2	81	10	88	8.30e-23	88.7
tr|A0A063KWA5|Release	GCF_019090985.1_WP_036781226.1	22.500	83	88	96	80	57	2	2	81	10	84	8.50e-23	88.7
tr|A0A063KWA5|Release	GCF_008364325.2_WP_230090436.1	25.000	83	85	96	80	55	2	2	81	8	82	8.66e-23	88.7
tr|A0A063KWA5|Release	GCF_024346675.1_WP_048897676.1	26.582	83	86	95	79	58	0	2	80	8	86	9.32e-23	88.7
tr|A0A063KWA5|Release	GCF_000968535.2_WP_014147785.1	32.500	83	84	96	80	53	1	2	81	6	84	9.89e-23	88.5
tr|A0A063KWA5|Release	GCF_000146165.2_WP_164925808.1	25.000	83	89	100	84	62	1	1	83	6	89	1.04e-22	88.5
tr|A0A063KWA5|Release	GCF_000968195.1_WP_045972480.1	26.250	83	87	96	80	54	2	2	81	11	85	1.29e-22	88.2
tr|A0A063KWA5|Release	GCF_900638135.1_WP_012146468.1	23.750	83	87	96	80	56	2	2	81	10	84	1.40e-22	88.2
tr|A0A063KWA5|Release	GCF_000014765.1_WP_011633385.1	29.630	83	89	98	81	57	0	2	82	5	85	1.42e-22	88.2
tr|A0A063KWA5|Release	GCF_000014885.1_WP_020912292.1	25.000	83	87	96	80	60	0	2	81	7	86	1.64e-22	87.9
tr|A0A063KWA5|Release	GCF_008931805.1_WP_019441510.1	54.321	83	81	98	81	37	0	1	81	1	81	1.79e-22	87.9
tr|A0A063KWA5|Release	GCF_005484965.1_WP_009114129.1	25.000	83	86	96	80	55	2	2	81	10	84	1.87e-22	87.9
tr|A0A063KWA5|Release	GCF_002291425.1_WP_095847471.1	27.500	83	87	96	80	53	2	2	81	10	84	1.88e-22	87.9
tr|A0A063KWA5|Release	GCF_016026395.1_WP_024524235.1	23.750	83	86	96	80	56	2	2	81	10	84	1.98e-22	87.9
tr|A0A063KWA5|Release	GCF_009831665.3_WP_006709226.1	22.500	83	87	96	80	57	2	2	81	10	84	2.00e-22	87.9
tr|A0A063KWA5|Release	GCF_017348915.1_WP_040077077.1	30.000	83	86	96	80	51	2	2	81	10	84	2.06e-22	87.9
tr|A0A063KWA5|Release	GCF_001431725.1_WP_021820278.1	34.568	83	81	98	81	53	0	1	81	1	81	2.18e-22	87.6
tr|A0A063KWA5|Release	GCF_011045835.1_WP_075671674.1	24.390	83	86	99	82	57	2	2	83	10	86	2.21e-22	87.6
tr|A0A063KWA5|Release	GCF_000016065.1_WP_011864074.1	21.951	83	93	99	82	63	1	1	82	6	86	2.74e-22	87.6
tr|A0A063KWA5|Release	GCF_029457395.1_WP_024766443.1	20.482	83	92	95	83	62	2	4	82	9	91	2.96e-22	87.6
tr|A0A063KWA5|Release	GCF_005931095.1_WP_017839868.1	31.250	83	84	96	80	54	1	2	81	6	84	3.34e-22	87.1
tr|A0A063KWA5|Release	GCF_019047765.1_WP_040230035.1	31.250	83	86	96	80	50	2	2	81	10	84	3.80e-22	87.1
tr|A0A063KWA5|Release	GCF_020541225.1_WP_226811316.1	26.829	83	86	99	82	55	2	2	83	10	86	4.02e-22	87.1
tr|A0A063KWA5|Release	GCF_012295615.1_WP_007018284.1	37.037	83	81	98	81	51	0	1	81	1	81	4.02e-22	87.1
tr|A0A063KWA5|Release	GCF_022369495.1_WP_072064250.1	24.390	83	86	99	82	57	2	2	83	10	86	4.35e-22	87.1
tr|A0A063KWA5|Release	GCF_022592395.1_WP_047255099.1	21.250	83	87	96	80	58	2	2	81	10	84	4.36e-22	87.1
tr|A0A063KWA5|Release	GCF_029277985.1_WP_154623766.1	23.457	83	87	98	81	57	2	2	82	10	85	4.72e-22	86.8
tr|A0A063KWA5|Release	GCF_001455205.1_WP_062560013.1	36.250	83	84	96	80	50	1	2	81	6	84	5.50e-22	86.8
tr|A0A063KWA5|Release	GCF_000069965.1_WP_004245453.1	23.171	83	86	99	82	58	2	2	83	10	86	6.22e-22	86.5
tr|A0A063KWA5|Release	GCF_012971725.1_WP_169940133.1	20.482	83	92	95	83	62	2	4	82	9	91	6.45e-22	86.5
tr|A0A063KWA5|Release	GCF_000968175.1_WP_045959360.1	26.250	83	88	96	80	54	2	2	81	11	85	9.36e-22	86.2
tr|A0A063KWA5|Release	GCF_008033135.1_WP_148717358.1	21.795	83	87	94	78	60	1	2	79	7	83	9.65e-22	86.2
tr|A0A063KWA5|Release	GCF_025946765.1_WP_264497926.1	23.750	83	86	96	80	56	2	2	81	10	84	1.18e-21	85.9
tr|A0A063KWA5|Release	GCF_024746855.1_WP_260492542.1	40.000	83	79	96	80	47	1	1	80	1	79	1.34e-21	85.6
tr|A0A063KWA5|Release	GCF_003204135.1_WP_004908806.1	23.750	83	87	96	80	56	2	2	81	10	84	1.42e-21	85.6
tr|A0A063KWA5|Release	GCF_002843235.3_WP_102139922.1	23.750	83	87	96	80	56	2	2	81	10	84	1.47e-21	85.6
tr|A0A063KWA5|Release	GCF_004295645.1_WP_228350951.1	27.500	83	88	96	80	53	2	2	81	11	85	1.47e-21	85.6
tr|A0A063KWA5|Release	GCF_021365465.1_WP_016190321.1	28.750	83	87	96	80	52	2	2	81	10	84	1.67e-21	85.4
tr|A0A063KWA5|Release	GCF_019797925.1_WP_193521737.1	37.037	83	80	98	81	50	1	1	81	1	80	1.89e-21	85.1
tr|A0A063KWA5|Release	GCF_900475855.1_WP_068441311.1	23.750	83	87	96	80	56	2	2	81	10	84	1.99e-21	85.4
tr|A0A063KWA5|Release	GCF_002952315.1_WP_012667243.1	23.750	83	87	96	80	56	2	2	81	10	84	2.12e-21	85.1
tr|A0A063KWA5|Release	GCF_003096015.2_WP_230514010.1	26.250	83	88	96	80	54	2	2	81	11	85	2.39e-21	85.1
tr|A0A063KWA5|Release	GCF_002849875.1_WP_232379112.1	40.244	83	113	95	82	46	1	2	80	32	113	2.61e-21	85.4
tr|A0A063KWA5|Release	GCF_008632455.1_WP_150048082.1	33.750	83	84	96	80	52	1	2	81	6	84	2.90e-21	84.8
tr|A0A063KWA5|Release	GCF_003074995.2_WP_015870269.1	24.051	83	86	95	79	55	2	2	80	10	83	3.38e-21	84.8
tr|A0A063KWA5|Release	GCF_017743015.1_WP_209027287.1	27.500	83	88	96	80	53	2	2	81	10	84	3.47e-21	84.8
tr|A0A063KWA5|Release	GCF_002393505.1_WP_006658392.1	25.000	83	87	96	80	55	2	2	81	10	84	3.66e-21	84.5
tr|A0A063KWA5|Release	GCF_014295015.1_WP_013185414.1	26.250	83	87	96	80	54	2	2	81	11	85	5.24e-21	84.2
tr|A0A063KWA5|Release	GCF_900638655.1_WP_047781753.1	27.500	83	88	96	80	53	2	2	81	11	85	6.10e-21	84.0
tr|A0A063KWA5|Release	GCF_900478135.1_WP_111739359.1	26.250	83	88	96	80	54	2	2	81	11	85	6.20e-21	84.0
tr|A0A063KWA5|Release	GCF_004116975.1_WP_064720954.1	23.171	83	86	99	82	58	2	2	83	10	86	6.64e-21	84.0
tr|A0A063KWA5|Release	GCF_001721185.1_WP_069317984.1	23.750	83	87	96	80	56	2	2	81	10	84	1.42e-20	83.1
tr|A0A063KWA5|Release	GCF_003025345.2_WP_003155955.1	26.190	83	91	95	84	57	1	2	80	7	90	1.51e-20	83.1
tr|A0A063KWA5|Release	GCF_019703835.1_WP_087020305.1	29.114	83	79	95	79	52	1	4	82	3	77	2.79e-20	82.3
tr|A0A063KWA5|Release	GCF_001677435.1_WP_068615618.1	24.390	83	90	99	82	61	1	2	83	9	89	4.39e-20	82.0
tr|A0A063KWA5|Release	GCF_000785705.2_WP_036272019.1	31.646	83	82	95	79	52	2	2	80	6	82	6.66e-20	81.4
tr|A0A063KWA5|Release	GCF_000019185.1_WP_012277931.1	37.000	83	100	98	100	44	1	1	81	1	100	7.28e-20	81.4
tr|A0A063KWA5|Release	GCF_005671395.1_WP_138095872.1	28.788	83	86	80	66	46	1	2	67	10	74	7.79e-20	81.1
tr|A0A063KWA5|Release	GCF_003568825.1_WP_040644076.1	27.711	83	83	96	83	57	1	1	80	1	83	8.80e-20	80.9
tr|A0A063KWA5|Release	GCF_008364325.2_WP_020826409.1	23.457	83	84	98	81	59	1	2	82	7	84	1.57e-19	80.3
tr|A0A063KWA5|Release	GCF_016026875.1_WP_045525981.1	19.753	83	89	98	81	60	3	2	82	7	82	3.24e-19	79.7
tr|A0A063KWA5|Release	GCF_026427595.1_WP_251812951.1	25.000	83	88	96	84	59	3	1	80	4	87	6.83e-19	78.9
tr|A0A063KWA5|Release	GCF_003990335.1_WP_127025819.1	21.951	83	91	99	82	63	1	1	82	5	85	6.92e-19	78.9
tr|A0A063KWA5|Release	GCF_020405345.1_WP_017780573.1	19.753	83	89	98	81	60	3	2	82	7	82	8.41e-19	78.6
tr|A0A063KWA5|Release	GCF_017638925.1_WP_208844867.1	34.615	83	81	94	78	50	1	1	78	1	77	1.05e-18	78.3
tr|A0A063KWA5|Release	GCF_004358345.1_WP_121852852.1	27.941	83	76	82	68	49	0	2	69	8	75	1.29e-18	77.8
tr|A0A063KWA5|Release	GCF_007197555.1_WP_144048375.1	20.690	83	94	98	87	63	2	1	81	6	92	5.23e-18	76.6
tr|A0A063KWA5|Release	GCF_020423125.1_WP_226170850.1	20.988	83	84	98	81	59	3	2	82	7	82	8.22e-18	76.1
tr|A0A063KWA5|Release	GCF_020149575.1_WP_224431657.1	19.512	83	85	99	82	61	3	2	83	7	83	9.05e-18	75.8
tr|A0A063KWA5|Release	GCF_028355655.1_WP_087756847.1	19.753	83	84	98	81	60	3	2	82	7	82	2.03e-17	75.0
tr|A0A063KWA5|Release	GCF_900637545.1_WP_042651794.1	20.988	83	84	98	81	59	3	2	82	7	82	2.08e-17	75.0
tr|A0A063KWA5|Release	GCF_003515105.1_WP_036973086.1	25.373	83	73	81	67	50	0	2	68	6	72	2.70e-17	74.4
tr|A0A063KWA5|Release	GCF_000018285.1_WP_012155987.1	32.673	83	102	96	101	47	1	1	80	1	101	6.32e-17	74.1
tr|A0A063KWA5|Release	GCF_003015165.1_WP_106887831.1	20.988	83	84	98	81	59	3	2	82	7	82	1.11e-16	73.0
tr|A0A063KWA5|Release	GCF_000147355.1_WP_013326989.1	40.909	83	67	80	66	39	0	15	80	1	66	1.16e-16	72.7
tr|A0A063KWA5|Release	GCF_008693705.1_WP_127008315.1	19.753	83	84	98	81	60	3	2	82	7	82	1.78e-16	72.7
tr|A0A063KWA5|Release	GCF_014169735.1_WP_134997272.1	18.519	83	86	98	81	61	3	2	82	7	82	2.89e-16	72.1
tr|A0A063KWA5|Release	GCF_016026615.1_WP_197928313.1	19.753	83	89	98	81	60	3	2	82	7	82	8.96e-16	71.0
tr|A0A063KWA5|Release	GCF_020991025.1_WP_152109250.1	29.851	83	83	80	67	45	2	2	67	8	73	1.39e-15	70.2
tr|A0A063KWA5|Release	GCF_001596155.1_WP_068342236.1	22.078	83	90	89	77	53	4	2	75	8	80	1.47e-15	70.5
tr|A0A063KWA5|Release	GCF_002215215.1_WP_088918776.1	28.916	83	101	99	83	56	3	2	83	20	100	2.19e-15	70.2
tr|A0A063KWA5|Release	GCF_002157225.2_WP_086934278.1	27.778	83	80	87	72	51	1	1	72	4	74	3.42e-15	69.3
tr|A0A063KWA5|Release	GCF_000788395.1_WP_038641921.1	31.507	83	85	87	73	48	2	2	73	5	76	3.81e-15	69.3
tr|A0A063KWA5|Release	GCF_016127195.1_WP_042032742.1	16.049	83	89	98	81	63	3	2	82	7	82	4.71e-15	69.1
tr|A0A063KWA5|Release	GCF_001507645.1_WP_068195976.1	22.892	83	90	96	83	58	2	2	81	8	87	6.18e-15	68.8
tr|A0A063KWA5|Release	GCF_003855395.1_WP_124730567.1	28.916	83	88	95	83	55	2	2	80	4	86	8.20e-15	68.5
tr|A0A063KWA5|Release	GCF_015209785.1_WP_193988300.1	23.438	83	73	77	64	49	0	2	65	6	69	1.45e-14	67.6
tr|A0A063KWA5|Release	GCF_003966655.1_WP_113527441.1	24.286	83	77	84	70	52	1	2	71	8	76	1.78e-14	67.4
tr|A0A063KWA5|Release	GCF_020511155.1_WP_226415657.1	28.571	83	87	96	84	56	2	1	80	4	87	3.76e-14	66.8
tr|A0A063KWA5|Release	GCF_003063625.1_WP_108601906.1	31.944	83	85	87	72	48	1	1	72	4	74	5.80e-14	66.2
tr|A0A063KWA5|Release	GCF_013462805.1_WP_009566961.1	22.857	83	77	84	70	53	1	2	71	8	76	8.25e-14	65.7
tr|A0A063KWA5|Release	GCF_010093065.1_WP_238430213.1	15.942	83	83	80	69	52	2	2	67	11	76	8.28e-14	65.7
tr|A0A063KWA5|Release	GCF_000940995.1_WP_082060442.1	21.429	83	93	84	70	55	0	10	79	16	85	8.44e-14	66.0
tr|A0A063KWA5|Release	GCF_000014705.1_WP_011637758.1	26.506	83	88	95	83	57	2	2	80	4	86	8.73e-14	65.7
tr|A0A063KWA5|Release	GCF_001020955.1_WP_047250467.1	15.278	83	82	82	72	56	3	2	69	10	80	1.27e-13	65.4
tr|A0A063KWA5|Release	GCF_002218045.2_WP_089137819.1	28.986	83	79	80	69	46	1	2	67	9	77	1.32e-13	65.1
tr|A0A063KWA5|Release	GCF_020844025.1_WP_215848879.1	25.352	83	77	86	71	52	1	2	72	8	77	2.78e-13	64.3
tr|A0A063KWA5|Release	GCF_004028275.1_WP_128384077.1	20.270	83	77	84	74	54	3	2	71	3	75	4.04e-13	64.0
tr|A0A063KWA5|Release	GCF_006337165.1_WP_139515111.1	19.718	83	82	80	71	48	3	2	67	8	74	4.71e-13	63.7
tr|A0A063KWA5|Release	GCF_008728635.1_WP_151087836.1	21.519	83	90	92	79	55	4	2	77	8	82	6.36e-13	63.7
tr|A0A063KWA5|Release	GCF_003584645.1_WP_197716612.1	13.158	83	80	87	76	58	3	2	73	8	79	7.51e-13	63.1
tr|A0A063KWA5|Release	GCF_013137895.1_WP_135435790.1	15.493	83	83	80	71	51	3	2	67	9	75	9.17e-13	63.1
tr|A0A063KWA5|Release	GCF_027625995.1_WP_270126807.1	15.493	83	82	80	71	51	3	2	67	8	74	1.01e-12	62.9
tr|A0A063KWA5|Release	GCF_004355185.1_WP_133271280.1	16.901	83	81	80	71	50	3	2	67	7	73	1.19e-12	62.9
tr|A0A063KWA5|Release	GCF_000576555.1_WP_044000633.1	18.310	83	83	80	71	49	3	2	67	9	75	1.21e-12	62.9
tr|A0A063KWA5|Release	GCF_002762215.1_WP_085750011.1	15.942	83	87	80	69	52	3	2	67	9	74	1.51e-12	62.6
tr|A0A063KWA5|Release	GCF_000026085.1_WP_041454550.1	22.388	83	73	80	67	50	2	2	67	6	71	1.62e-12	62.3
tr|A0A063KWA5|Release	GCF_003149515.1_WP_109656005.1	17.333	83	90	87	75	56	2	2	73	8	79	1.84e-12	62.6
tr|A0A063KWA5|Release	GCF_013283835.1_WP_071626507.1	19.718	83	83	82	71	50	3	2	69	8	74	2.59e-12	62.0
tr|A0A063KWA5|Release	GCF_009662475.1_WP_031573754.1	24.658	83	79	88	73	54	1	2	74	8	79	2.69e-12	61.7
tr|A0A063KWA5|Release	GCF_001651805.1_WP_067384150.1	23.188	83	78	77	69	47	4	2	65	7	74	3.08e-12	61.7
tr|A0A063KWA5|Release	GCF_024347195.1_WP_271272618.1	22.388	83	77	77	67	49	2	2	65	7	73	3.13e-12	61.7
tr|A0A063KWA5|Release	GCF_902810445.1_WP_197744199.1	26.027	83	78	83	73	46	4	2	70	7	75	3.44e-12	61.5
tr|A0A063KWA5|Release	GCF_010093065.1_WP_162331416.1	15.789	83	84	88	76	58	3	2	74	11	83	4.02e-12	61.5
tr|A0A063KWA5|Release	GCF_001444405.1_WP_058032142.1	29.577	83	87	86	71	50	0	1	71	1	71	4.12e-12	61.5
tr|A0A063KWA5|Release	GCF_000801295.1_WP_171816254.1	17.647	83	99	78	68	52	3	2	66	10	76	4.25e-12	61.7
tr|A0A063KWA5|Release	GCF_022811645.1_WP_243511723.1	20.290	83	90	80	69	49	2	2	67	8	73	4.81e-12	61.5
tr|A0A063KWA5|Release	GCF_023650495.1_WP_250655372.1	26.190	83	88	96	84	58	2	1	80	4	87	5.58e-12	61.2
tr|A0A063KWA5|Release	GCF_017742995.1_WP_247749573.1	46.512	83	48	52	43	23	0	1	43	1	43	6.91e-12	60.3
tr|A0A063KWA5|Release	GCF_004001245.1_WP_127478562.1	16.667	83	85	82	72	56	2	2	69	10	81	8.34e-12	60.6
tr|A0A063KWA5|Release	GCF_000013765.1_WP_011496543.1	23.810	83	106	96	84	60	2	2	81	23	106	9.94e-12	60.9
tr|A0A063KWA5|Release	GCF_003970675.1_WP_126615366.1	19.697	83	76	80	66	48	3	2	67	13	73	1.17e-11	60.0
tr|A0A063KWA5|Release	GCF_003967195.1_WP_172597571.1	18.421	83	83	86	76	56	3	2	72	9	83	1.20e-11	60.3
tr|A0A063KWA5|Release	GCF_018736065.1_WP_144074266.1	19.118	83	76	82	68	50	3	2	69	13	75	1.30e-11	60.0
tr|A0A063KWA5|Release	GCF_019931735.1_WP_223417223.1	25.882	83	87	98	85	59	2	1	81	3	87	1.44e-11	60.0
tr|A0A063KWA5|Release	GCF_000012325.1_WP_011045621.1	32.353	83	84	82	68	45	1	2	69	5	71	1.57e-11	60.0
tr|A0A063KWA5|Release	GCF_016613475.2_WP_200606805.1	15.942	83	90	80	69	52	2	2	67	11	76	1.66e-11	60.0
tr|A0A063KWA5|Release	GCF_003574965.1_WP_119445661.1	15.493	83	82	80	71	51	3	2	67	8	74	1.70e-11	59.8
tr|A0A063KWA5|Release	GCF_003955735.1_WP_126127786.1	12.195	83	91	95	82	64	4	2	80	12	88	2.23e-11	59.8
tr|A0A063KWA5|Release	GCF_022827545.1_WP_243798205.1	15.493	83	82	80	71	51	3	2	67	8	74	2.57e-11	59.5
tr|A0A063KWA5|Release	GCF_006385555.1_WP_140234395.1	33.735	83	87	95	83	51	3	2	80	4	86	2.60e-11	59.5
tr|A0A063KWA5|Release	GCF_000212735.1_WP_013764159.1	15.714	83	83	80	70	51	3	2	67	10	75	2.81e-11	59.2
tr|A0A063KWA5|Release	GCF_001955715.1_WP_029708890.1	18.841	83	80	78	69	48	3	2	66	7	71	2.89e-11	59.2
tr|A0A063KWA5|Release	GCF_013177675.1_WP_172128285.1	16.216	83	81	86	74	55	3	2	72	8	77	2.94e-11	59.2
tr|A0A063KWA5|Release	GCF_002356115.1_WP_096526481.1	15.942	83	78	80	69	52	2	2	67	7	72	3.13e-11	59.2
tr|A0A063KWA5|Release	GCF_024347275.1_WP_019620968.1	19.737	83	82	87	76	57	3	2	73	7	82	3.31e-11	59.2
tr|A0A063KWA5|Release	GCF_024347255.1_WP_091360415.1	26.471	83	79	77	68	46	2	2	65	7	74	3.47e-11	58.9
tr|A0A063KWA5|Release	GCF_021654855.1_WP_237262080.1	31.884	83	70	78	69	42	2	2	66	3	70	3.61e-11	58.9
tr|A0A063KWA5|Release	GCF_013201725.1_WP_014475480.1	18.310	83	74	82	71	51	3	2	69	8	74	3.81e-11	58.9
tr|A0A063KWA5|Release	GCF_002355735.1_WP_096359192.1	22.535	83	83	81	71	50	3	2	68	13	82	5.34e-11	58.6
tr|A0A063KWA5|Release	GCF_002142475.1_WP_026148861.1	16.667	83	86	82	72	52	3	2	69	7	74	6.89e-11	58.4
tr|A0A063KWA5|Release	GCF_009755585.1_WP_157030071.1	20.000	83	85	80	70	48	3	2	67	8	73	7.16e-11	58.4
tr|A0A063KWA5|Release	GCF_003353065.1_WP_114983154.1	13.636	83	84	77	66	52	2	2	65	11	73	8.32e-11	58.1
tr|A0A063KWA5|Release	GCF_000238255.3_WP_010559905.1	35.211	83	86	84	71	44	2	2	71	5	74	1.08e-10	57.8
tr|A0A063KWA5|Release	GCF_013201665.1_WP_128359868.1	17.808	83	81	84	73	53	3	2	71	8	76	1.13e-10	57.8
tr|A0A063KWA5|Release	GCF_000014785.1_WP_011630183.1	18.310	83	83	82	71	55	2	2	69	13	83	1.27e-10	57.5
tr|A0A063KWA5|Release	GCF_002355415.1_WP_148665551.1	18.571	83	87	80	70	52	3	2	67	17	85	1.42e-10	57.5
tr|A0A063KWA5|Release	GCF_000012805.1_WP_011330264.1	15.278	83	85	83	72	55	3	2	70	7	75	1.58e-10	57.5
tr|A0A063KWA5|Release	GCF_013282625.1_WP_173286717.1	24.638	83	67	83	69	48	2	2	70	3	67	1.77e-10	57.0
tr|A0A063KWA5|Release	GCF_000021985.1_WP_012639500.1	19.118	83	82	77	68	51	1	2	65	8	75	1.81e-10	57.2
tr|A0A063KWA5|Release	GCF_000024005.1_WP_012793320.1	15.789	83	84	88	76	58	2	2	74	11	83	1.95e-10	57.2
tr|A0A063KWA5|Release	GCF_000092245.1_WP_013136435.1	22.059	83	76	80	68	48	2	2	67	5	69	2.14e-10	57.0
tr|A0A063KWA5|Release	GCF_018389385.1_WP_218082190.1	16.176	83	91	78	68	51	2	2	66	21	85	2.20e-10	57.2
tr|A0A063KWA5|Release	GCF_000321415.2_WP_015260329.1	13.514	83	93	84	74	59	4	2	71	10	82	2.43e-10	57.2
tr|A0A063KWA5|Release	GCF_024347675.1_WP_261833361.1	42.222	83	54	54	45	25	1	1	45	1	44	2.52e-10	56.4
tr|A0A063KWA5|Release	GCF_004798725.1_WP_010811758.1	11.594	83	83	80	69	55	2	2	67	11	76	2.59e-10	57.0
tr|A0A063KWA5|Release	GCF_004421105.1_WP_134356453.1	15.278	83	80	83	72	55	3	2	70	7	75	2.67e-10	56.7
tr|A0A063KWA5|Release	GCF_000006765.1_NP_249630.1	24.138	83	108	99	87	61	1	2	83	7	93	3.41e-10	57.0
tr|A0A063KWA5|Release	GCF_008807855.1_WP_063240334.1	17.391	83	83	80	69	51	2	2	67	11	76	3.61e-10	56.4
tr|A0A063KWA5|Release	GCF_003346775.1_WP_114843067.1	22.535	83	84	82	71	48	3	2	69	8	74	3.85e-10	56.4
tr|A0A063KWA5|Release	GCF_009938015.1_WP_223264517.1	15.493	83	90	80	71	54	4	2	67	10	79	4.15e-10	56.4
tr|A0A063KWA5|Release	GCF_002557795.1_WP_098194977.1	16.216	83	89	82	74	52	3	2	69	11	80	4.25e-10	56.4
tr|A0A063KWA5|Release	GCF_000143085.1_WP_013221711.1	16.418	83	82	77	67	50	3	2	65	7	70	4.58e-10	56.1
tr|A0A063KWA5|Release	GCF_013343005.1_WP_078482823.1	17.333	83	84	84	75	56	4	2	71	8	81	5.04e-10	56.1
tr|A0A063KWA5|Release	GCF_003346815.1_WP_114840342.1	23.288	83	82	84	73	49	3	2	71	8	76	5.24e-10	56.1
tr|A0A063KWA5|Release	GCF_020091585.1_WP_224339804.1	15.942	83	82	80	69	52	3	2	67	7	72	6.14e-10	55.8
tr|A0A063KWA5|Release	GCF_013177635.1_WP_129095542.1	20.588	83	72	78	68	47	3	2	66	8	71	6.70e-10	55.5
tr|A0A063KWA5|Release	GCF_023733635.1_WP_039959400.1	18.841	83	89	77	69	50	3	2	65	7	74	7.05e-10	55.8
tr|A0A063KWA5|Release	GCF_005166025.1_WP_137090244.1	20.833	83	84	82	72	49	3	2	69	8	75	9.66e-10	55.5
tr|A0A063KWA5|Release	GCF_000018105.1_WP_012162738.1	16.901	83	86	81	71	51	3	1	67	6	72	9.90e-10	55.5
tr|A0A063KWA5|Release	GCF_013201935.1_WP_129014602.1	20.588	83	72	78	68	47	3	2	66	8	71	1.20e-09	55.0
tr|A0A063KWA5|Release	GCF_019891175.1_WP_225938383.1	15.714	83	93	81	70	53	2	1	67	14	80	1.20e-09	55.3
tr|A0A063KWA5|Release	GCF_000317125.1_WP_015155280.1	16.901	83	81	81	71	51	4	1	67	6	72	1.22e-09	55.0
tr|A0A063KWA5|Release	GCF_003544915.1_WP_118918525.1	20.290	83	73	80	69	48	3	2	67	8	72	1.23e-09	55.0
tr|A0A063KWA5|Release	GCF_001956695.1_WP_076086034.1	17.391	83	77	80	69	51	3	2	67	5	70	2.20e-09	54.4
tr|A0A063KWA5|Release	GCF_001442805.1_WP_057942092.1	12.857	83	88	81	70	55	2	2	68	11	77	3.15e-09	54.1
tr|A0A063KWA5|Release	GCF_004293625.1_WP_130538367.1	28.814	83	71	71	59	38	2	2	60	3	57	3.84e-09	53.6
tr|A0A063KWA5|Release	GCF_024347215.1_WP_261843265.1	17.910	83	77	77	67	52	2	2	65	7	73	4.09e-09	53.6
tr|A0A063KWA5|Release	GCF_010119975.1_WP_162445115.1	19.231	83	365	88	78	53	4	2	74	14	86	4.60e-09	57.2
tr|A0A063KWA5|Release	GCF_004214795.1_WP_130234502.1	14.493	83	78	80	69	52	3	2	67	8	72	6.79e-09	53.0
tr|A0A063KWA5|Release	GCF_013283835.1_WP_071625892.1	14.085	83	79	80	71	53	2	2	67	5	72	8.68e-09	53.0
tr|A0A063KWA5|Release	GCF_000828615.1_WP_041064380.1	18.056	83	80	81	72	53	4	2	68	10	80	9.04e-09	52.7
tr|A0A063KWA5|Release	GCF_001956695.1_WP_076086043.1	17.808	83	77	84	73	53	3	2	71	7	75	1.10e-08	52.7
tr|A0A063KWA5|Release	GCF_000227685.2_WP_006746304.1	11.268	83	83	82	71	60	2	2	69	10	80	1.23e-08	52.5
tr|A0A063KWA5|Release	GCF_011398355.1_WP_173270160.1	21.875	83	65	77	64	46	2	3	66	4	63	1.32e-08	52.2
tr|A0A063KWA5|Release	GCF_000222485.1_WP_014022977.1	15.278	83	85	83	72	55	3	2	70	10	78	2.01e-08	52.2
tr|A0A063KWA5|Release	GCF_009937995.1_WP_179954406.1	16.438	83	79	83	73	57	2	2	70	7	79	2.20e-08	51.9
tr|A0A063KWA5|Release	GCF_000024725.1_WP_013031543.1	15.278	83	81	83	72	55	3	2	70	7	75	3.68e-08	51.3
tr|A0A063KWA5|Release	GCF_013201665.1_WP_128358834.1	16.176	83	76	80	68	52	2	2	67	5	69	4.18e-08	51.0
tr|A0A063KWA5|Release	GCF_013201935.1_WP_128987185.1	19.118	83	76	80	68	50	2	2	67	5	69	5.10e-08	50.8
tr|A0A063KWA5|Release	GCF_003544815.1_WP_118886031.1	17.647	83	76	80	68	51	2	2	67	5	69	8.27e-08	50.5
tr|A0A063KWA5|Release	GCF_011398155.1_WP_173291533.1	15.493	83	71	84	71	55	3	2	71	3	69	8.36e-08	50.2
tr|A0A063KWA5|Release	GCF_001050135.1_WP_048644179.1	18.571	83	88	80	70	49	3	2	67	10	75	8.60e-08	50.5
tr|A0A063KWA5|Release	GCF_000317575.1_WP_015193670.1	22.857	83	74	80	70	46	4	2	67	7	72	9.85e-08	50.2
tr|A0A063KWA5|Release	GCF_003722295.1_WP_010573895.1	19.444	83	75	80	72	48	3	2	67	7	74	1.00e-07	50.2
tr|A0A063KWA5|Release	GCF_013177635.1_WP_129095951.1	16.176	83	76	80	68	52	2	2	67	5	69	1.34e-07	49.9
tr|A0A063KWA5|Release	GCF_011398355.1_WP_173270199.1	23.077	83	66	78	65	46	2	3	67	4	64	2.59e-07	48.8
tr|A0A063KWA5|Release	GCF_000265505.1_WP_014796533.1	18.987	83	97	82	79	52	3	2	69	9	86	2.74e-07	49.4
tr|A0A063KWA5|Release	GCF_008122265.1_WP_148863603.1	18.571	83	84	80	70	49	3	2	67	7	72	2.89e-07	49.1
tr|A0A063KWA5|Release	GCF_003143555.1_WP_109340539.1	13.699	83	84	86	73	61	1	4	74	5	77	4.10e-07	48.8
tr|A0A063KWA5|Release	GCF_018388465.1_WP_208290210.1	14.706	83	316	80	68	56	1	8	73	139	206	8.20e-07	50.8
tr|A0A063KWA5|Release	GCF_001723605.1_WP_069479051.1	20.370	83	76	61	54	39	2	2	52	5	57	2.22e-06	46.8
tr|A0A063KWA5|Release	GCF_000484535.1_WP_023173213.1	15.942	83	91	82	69	56	2	4	71	24	91	5.41e-06	46.0
tr|A0A063KWA5|Release	GCF_021018745.1_WP_230843504.1	16.667	83	92	78	66	53	2	4	68	24	88	9.64e-06	45.4
tr|A0A063KWA5|Release	GCF_002309535.1_WP_096047558.1	18.841	83	88	80	69	49	3	2	67	5	69	1.18e-05	45.1
tr|A0A063KWA5|Release	GCF_000568815.1_WP_025346049.1	18.519	83	76	61	54	40	2	2	52	5	57	2.47e-05	44.0
tr|A0A063KWA5|Release	GCF_000011385.1_WP_011141833.1	16.667	83	92	78	66	53	2	4	68	24	88	3.21e-05	44.0
tr|A0A063KWA5|Release	GCF_013177675.1_WP_172126669.1	11.594	83	77	80	69	54	3	2	67	5	69	4.30e-05	43.4
tr|A0A063KWA5|Release	GCF_000242635.2_WP_014682426.1	9.677	83	83	71	62	50	2	6	64	11	69	8.14e-05	42.9
tr|A0A063KWA5|Release	GCF_000265295.1_WP_014770430.1	15.942	83	76	80	69	51	3	2	67	5	69	1.53e-04	42.0
tr|A0A063KWA5|Release	GCF_005281475.1_WP_137401239.1	9.211	83	81	88	76	62	4	2	74	6	77	0.001	39.5
tr|A0A063KWA5|Release	GCF_001027285.1_WP_047859305.1	19.608	83	80	61	51	40	1	4	54	12	61	0.002	38.9
tr|A0A063KWA5|Release	GCF_011764585.1_WP_188200227.1	13.793	83	63	64	58	44	3	14	66	1	57	0.003	38.4
tr|A0A063KWA5|Release	GCF_003346815.1_WP_114840344.1	21.739	83	84	80	69	47	3	2	67	7	71	0.007	37.8
tr|A0A063KWA5|Release	GCF_001705075.2_WP_065970077.1	16.667	83	78	75	66	50	3	2	63	8	72	0.008	37.5
tr|A0A063KWA5|Release	GCF_006575665.1_WP_141613356.1	8.451	83	81	82	71	58	4	2	69	6	72	0.008	37.5
# PSIBLAST 2.13.0+
# Iteration: 7
# Query: tr|A0A063KWA5|Release 2019_11/2019_11|11-Dec-2019
# Database: db/chosen-bacteria_proteome_exDup
# Fields: query id, subject id, % identity, query length, subject length, % query coverage per subject, alignment length, mismatches, gap opens, q. start, q. end, s. start, s. end, evalue, bit score
# 449 hits found
tr|A0A063KWA5|Release	GCF_008693605.1_WP_223849061.1	32.500	83	95	96	80	54	0	2	81	11	90	3.17e-30	107
tr|A0A063KWA5|Release	GCF_025402875.1_WP_011791024.1	27.711	83	90	100	83	60	0	1	83	6	88	3.23e-30	107
tr|A0A063KWA5|Release	GCF_002204915.1_WP_052690899.1	36.585	83	101	99	82	52	0	1	82	20	101	3.58e-30	107
tr|A0A063KWA5|Release	GCF_004353845.1_WP_103770713.1	31.646	83	93	95	79	54	0	2	80	10	88	6.05e-30	107
tr|A0A063KWA5|Release	GCF_009938225.1_WP_075649723.1	43.902	83	82	99	82	46	0	1	82	1	82	1.03e-29	106
tr|A0A063KWA5|Release	GCF_024971755.1_WP_259474826.1	26.506	83	88	100	83	61	0	1	83	6	88	1.04e-29	106
tr|A0A063KWA5|Release	GCF_003812345.1_WP_121571778.1	31.250	83	94	96	80	55	0	2	81	10	89	1.12e-29	106
tr|A0A063KWA5|Release	GCF_001597285.1_WP_061903727.1	28.395	83	92	98	81	58	0	3	83	8	88	1.21e-29	106
tr|A0A063KWA5|Release	GCF_024347355.1_WP_105024956.1	48.780	83	83	99	82	42	0	1	82	1	82	1.93e-29	105
tr|A0A063KWA5|Release	GCF_000178875.2_WP_012197738.1	26.506	83	90	100	83	61	0	1	83	6	88	4.14e-29	105
tr|A0A063KWA5|Release	GCF_024347475.1_WP_239840920.1	48.780	83	83	99	82	42	0	1	82	1	82	6.89e-29	104
tr|A0A063KWA5|Release	GCF_009938185.1_WP_162048373.1	41.463	83	82	99	82	48	0	1	82	1	82	6.93e-29	104
tr|A0A063KWA5|Release	GCF_000733715.2_WP_017362912.1	27.160	83	90	98	81	59	0	3	83	8	88	8.73e-29	104
tr|A0A063KWA5|Release	GCF_014905115.1_WP_193151849.1	50.000	83	81	96	80	40	0	1	80	1	80	1.88e-28	103
tr|A0A063KWA5|Release	GCF_002355475.1_WP_004421315.1	28.395	83	91	98	81	58	0	3	83	9	89	2.64e-28	102
tr|A0A063KWA5|Release	GCF_011397855.1_WP_044414183.1	28.395	83	90	98	81	58	0	3	83	8	88	3.29e-28	102
tr|A0A063KWA5|Release	GCF_001461805.1_WP_013367515.1	31.250	83	86	96	80	50	2	2	81	10	84	4.56e-28	102
tr|A0A063KWA5|Release	GCF_013409125.2_WP_099525265.1	26.250	83	90	96	80	59	0	3	82	8	87	4.63e-28	102
tr|A0A063KWA5|Release	GCF_024205225.1_WP_195881696.1	25.000	83	90	96	80	60	0	3	82	8	87	4.67e-28	102
tr|A0A063KWA5|Release	GCF_020097475.1_WP_000062318.1	32.500	83	86	96	80	49	2	2	81	10	84	6.11e-28	101
tr|A0A063KWA5|Release	GCF_000297075.2_WP_003461742.1	26.250	83	90	96	80	59	0	3	82	8	87	6.37e-28	101
tr|A0A063KWA5|Release	GCF_021172065.1_WP_015965827.1	30.000	83	86	96	80	51	2	2	81	10	84	7.88e-28	101
tr|A0A063KWA5|Release	GCF_001518835.1_WP_059308693.1	30.000	83	86	96	80	51	2	2	81	10	84	7.88e-28	101
tr|A0A063KWA5|Release	GCF_022371215.1_WP_239718047.1	54.321	83	83	98	81	37	0	1	81	1	81	1.00e-27	101
tr|A0A063KWA5|Release	GCF_009036245.1_WP_025756830.1	30.000	83	86	96	80	51	2	2	81	10	84	1.02e-27	101
tr|A0A063KWA5|Release	GCF_001558415.2_WP_061055374.1	45.783	83	83	100	83	45	0	1	83	1	83	1.07e-27	101
tr|A0A063KWA5|Release	GCF_001708425.1_WP_055136127.1	24.051	83	94	95	79	60	0	3	81	8	86	1.33e-27	101
tr|A0A063KWA5|Release	GCF_008693645.1_WP_137347870.1	26.582	83	89	95	79	58	0	2	80	10	88	1.38e-27	101
tr|A0A063KWA5|Release	GCF_004684345.1_WP_135321947.1	25.926	83	93	98	81	60	0	2	82	10	90	1.48e-27	101
tr|A0A063KWA5|Release	GCF_008807375.1_WP_151138908.1	25.926	83	91	98	81	60	0	3	83	9	89	1.63e-27	100
tr|A0A063KWA5|Release	GCF_900682675.2_WP_069898892.1	24.691	83	94	98	81	61	0	3	83	8	88	1.66e-27	100
tr|A0A063KWA5|Release	GCF_016904755.1_WP_059234959.1	30.000	83	86	96	80	51	2	2	81	10	84	1.68e-27	100
tr|A0A063KWA5|Release	GCF_009176645.1_WP_152083529.1	28.750	83	86	96	80	52	2	2	81	10	84	1.73e-27	100
tr|A0A063KWA5|Release	GCF_000006925.2_NP_706134.1	31.250	83	86	96	80	50	2	2	81	10	84	2.16e-27	100
tr|A0A063KWA5|Release	GCF_002214395.1_WP_010453422.1	39.506	83	81	98	81	49	0	1	81	1	81	2.43e-27	100
tr|A0A063KWA5|Release	GCF_003594935.2_WP_006173581.1	30.000	83	86	96	80	51	2	2	81	10	84	2.46e-27	100
tr|A0A063KWA5|Release	GCF_001683395.1_WP_017458015.1	30.000	83	86	96	80	51	2	2	81	10	84	2.55e-27	100
tr|A0A063KWA5|Release	GCF_017167985.1_WP_093053415.1	24.051	83	92	95	79	60	0	3	81	8	86	2.96e-27	100
tr|A0A063KWA5|Release	GCF_002215585.1_WP_088903590.1	27.711	83	89	100	83	59	1	1	83	6	87	3.48e-27	 99
tr|A0A063KWA5|Release	GCF_001594225.2_WP_064379396.1	26.582	83	92	95	79	58	0	3	81	8	86	3.59e-27	 99
tr|A0A063KWA5|Release	GCF_008329985.2_WP_149283950.1	35.802	83	81	98	81	52	0	1	81	1	81	3.83e-27	99.7
tr|A0A063KWA5|Release	GCF_009938205.1_WP_075706454.1	40.244	83	82	99	82	49	0	1	82	1	82	3.89e-27	99.7
tr|A0A063KWA5|Release	GCF_001022135.1_WP_039078449.1	30.000	83	86	96	80	51	2	2	81	10	84	3.92e-27	99.7
tr|A0A063KWA5|Release	GCF_000005845.2_NP_414731.2	31.250	83	84	96	80	50	2	2	81	8	82	4.03e-27	99.7
tr|A0A063KWA5|Release	GCF_009068765.1_WP_151900329.1	51.250	83	81	96	80	39	0	1	80	1	80	5.05e-27	99.4
tr|A0A063KWA5|Release	GCF_003957745.1_WP_126168493.1	25.926	83	87	98	81	60	0	2	82	7	87	5.19e-27	99.4
tr|A0A063KWA5|Release	GCF_017167985.1_WP_079784061.1	27.500	83	90	96	80	58	0	3	82	8	87	5.75e-27	99.4
tr|A0A063KWA5|Release	GCF_013200955.2_WP_173204463.1	29.114	83	91	95	79	56	0	2	80	8	86	5.76e-27	99.4
tr|A0A063KWA5|Release	GCF_002407485.1_WP_096780111.1	38.272	83	81	98	81	50	0	1	81	1	81	5.97e-27	99.1
tr|A0A063KWA5|Release	GCF_019048625.1_WP_023305471.1	30.000	83	86	96	80	51	2	2	81	10	84	6.03e-27	99.4
tr|A0A063KWA5|Release	GCF_015137655.1_WP_028015593.1	30.000	83	86	96	80	51	2	2	81	10	84	6.03e-27	99.4
tr|A0A063KWA5|Release	GCF_019670125.1_WP_221076876.1	43.750	83	81	96	80	45	0	1	80	1	80	6.21e-27	99.1
tr|A0A063KWA5|Release	GCF_000224675.1_WP_010426685.1	28.750	83	86	96	80	52	2	2	81	10	84	6.47e-27	99.1
tr|A0A063KWA5|Release	GCF_023195735.1_WP_035891978.1	32.500	83	86	96	80	49	2	2	81	10	84	6.63e-27	99.1
tr|A0A063KWA5|Release	GCF_007632255.1_WP_015368146.1	30.000	83	86	96	80	51	2	2	81	10	84	7.12e-27	99.1
tr|A0A063KWA5|Release	GCF_001729805.1_WP_008501890.1	28.750	83	86	96	80	52	2	2	81	10	84	7.47e-27	99.1
tr|A0A063KWA5|Release	GCF_001658025.2_WP_007373243.1	31.250	83	86	96	80	50	2	2	81	10	84	7.59e-27	99.1
tr|A0A063KWA5|Release	GCF_001750725.1_WP_014168720.1	28.750	83	86	96	80	52	2	2	81	10	84	7.90e-27	99.1
tr|A0A063KWA5|Release	GCF_002393445.1_WP_061273728.1	28.049	83	86	99	82	54	2	2	83	10	86	8.69e-27	98.8
tr|A0A063KWA5|Release	GCF_004684345.1_WP_135323069.1	31.250	83	86	96	80	50	2	2	81	10	84	9.04e-27	98.8
tr|A0A063KWA5|Release	GCF_003812345.1_WP_003018503.1	31.250	83	86	96	80	50	2	2	81	10	84	9.40e-27	98.8
tr|A0A063KWA5|Release	GCF_009649915.1_WP_062772223.1	32.500	83	86	96	80	49	2	2	81	10	84	9.48e-27	98.8
tr|A0A063KWA5|Release	GCF_027886705.1_WP_061497537.1	31.250	83	86	96	80	50	2	2	81	10	84	9.78e-27	98.8
tr|A0A063KWA5|Release	GCF_019670105.1_WP_040307707.1	43.210	83	81	98	81	46	0	1	81	1	81	1.06e-26	98.6
tr|A0A063KWA5|Release	GCF_025914095.1_WP_031518416.1	28.750	83	86	96	80	52	2	2	81	10	84	1.11e-26	98.6
tr|A0A063KWA5|Release	GCF_900638065.1_WP_048212636.1	31.250	83	86	96	80	50	2	2	81	10	84	1.15e-26	98.6
tr|A0A063KWA5|Release	GCF_006742785.1_WP_172630283.1	33.750	83	88	96	80	53	0	2	81	5	84	1.24e-26	98.6
tr|A0A063KWA5|Release	GCF_001558255.2_WP_005504861.1	46.341	83	82	98	82	43	1	1	81	1	82	1.29e-26	98.3
tr|A0A063KWA5|Release	GCF_024347035.1_WP_102941394.1	41.975	83	81	98	81	47	0	1	81	1	81	1.45e-26	98.3
tr|A0A063KWA5|Release	GCF_008369605.1_WP_000253074.1	39.506	83	81	98	81	49	0	1	81	1	81	1.45e-26	98.3
tr|A0A063KWA5|Release	GCF_004353845.1_WP_103768334.1	30.000	83	86	96	80	51	2	2	81	10	84	1.46e-26	98.3
tr|A0A063KWA5|Release	GCF_024347595.1_WP_176681244.1	51.852	83	83	98	81	39	0	1	81	1	81	1.66e-26	98.0
tr|A0A063KWA5|Release	GCF_024582835.1_WP_257083279.1	43.902	83	87	99	82	46	0	1	82	1	82	1.75e-26	98.3
tr|A0A063KWA5|Release	GCF_003935895.2_WP_110510858.1	29.268	83	86	99	82	53	2	2	83	10	86	1.78e-26	98.0
tr|A0A063KWA5|Release	GCF_009363135.1_WP_090122691.1	30.000	83	86	96	80	51	2	2	81	10	84	1.88e-26	98.0
tr|A0A063KWA5|Release	GCF_021278985.1_WP_012904575.1	30.000	83	86	96	80	51	2	2	81	10	84	1.92e-26	98.0
tr|A0A063KWA5|Release	GCF_018128425.1_WP_042289833.1	30.000	83	86	96	80	51	2	2	81	10	84	1.97e-26	98.0
tr|A0A063KWA5|Release	GCF_000214665.1_WP_013819542.1	35.443	83	83	95	79	50	1	2	80	6	83	1.99e-26	98.0
tr|A0A063KWA5|Release	GCF_024494545.1_WP_256384876.1	49.383	83	81	98	81	41	0	1	81	1	81	2.27e-26	97.7
tr|A0A063KWA5|Release	GCF_001277255.1_WP_007666633.1	30.000	83	86	96	80	51	2	2	81	10	84	2.31e-26	97.7
tr|A0A063KWA5|Release	GCF_000009145.1_WP_041356315.1	33.333	83	90	98	81	54	0	1	81	5	85	3.12e-26	97.4
tr|A0A063KWA5|Release	GCF_900635955.1_WP_126357486.1	28.049	83	86	99	82	54	2	2	83	10	86	3.35e-26	97.4
tr|A0A063KWA5|Release	GCF_024347635.1_WP_139683960.1	50.000	83	83	99	82	41	0	1	82	1	82	3.41e-26	97.4
tr|A0A063KWA5|Release	GCF_000240185.1_YP_005225236.1	30.000	83	86	96	80	51	2	2	81	10	84	3.49e-26	97.4
tr|A0A063KWA5|Release	GCF_001558935.2_WP_042323659.1	30.000	83	86	96	80	51	2	2	81	10	84	3.52e-26	97.4
tr|A0A063KWA5|Release	GCF_003019925.1_WP_162185254.1	29.268	83	86	99	82	53	2	2	83	10	86	4.26e-26	97.2
tr|A0A063KWA5|Release	GCF_001995825.2_WP_017057338.1	48.780	83	83	99	82	42	0	1	82	1	82	4.27e-26	97.2
tr|A0A063KWA5|Release	GCF_022637515.1_WP_064539750.1	28.750	83	86	96	80	52	2	2	81	10	84	4.43e-26	97.2
tr|A0A063KWA5|Release	GCF_009648935.1_WP_047417117.1	30.000	83	86	96	80	51	2	2	81	10	84	4.64e-26	97.2
tr|A0A063KWA5|Release	GCF_001277175.1_WP_007760020.1	27.500	83	86	96	80	53	2	2	81	10	84	4.76e-26	97.2
tr|A0A063KWA5|Release	GCF_024362845.1_WP_255230807.1	45.000	83	82	96	80	44	0	1	80	1	80	4.76e-26	96.9
tr|A0A063KWA5|Release	GCF_019047765.1_WP_040231149.1	26.582	83	89	95	79	58	0	2	80	10	88	4.79e-26	97.2
tr|A0A063KWA5|Release	GCF_013234275.1_WP_172895488.1	27.500	83	86	96	80	53	2	2	81	10	84	5.03e-26	96.9
tr|A0A063KWA5|Release	GCF_021276285.1_WP_095923198.1	30.488	83	86	99	82	52	2	2	83	10	86	5.15e-26	96.9
tr|A0A063KWA5|Release	GCF_001277195.1_WP_032966924.1	28.750	83	86	96	80	52	2	2	81	10	84	5.44e-26	96.9
tr|A0A063KWA5|Release	GCF_001007875.1_WP_046858354.1	43.750	83	80	96	80	45	0	1	80	1	80	5.97e-26	96.6
tr|A0A063KWA5|Release	GCF_024347455.1_WP_135458404.1	48.780	83	83	99	82	42	0	1	82	1	82	6.00e-26	96.6
tr|A0A063KWA5|Release	GCF_024224615.1_WP_125293588.1	27.500	83	86	96	80	53	2	2	81	10	84	6.08e-26	96.9
tr|A0A063KWA5|Release	GCF_022637475.1_WP_013574214.1	29.268	83	86	99	82	53	2	2	83	10	86	6.08e-26	96.9
tr|A0A063KWA5|Release	GCF_000091465.1_WP_004733849.1	48.780	83	83	99	82	42	0	1	82	1	82	6.15e-26	96.6
tr|A0A063KWA5|Release	GCF_001277215.2_WP_007776988.1	27.500	83	86	96	80	53	2	2	81	10	84	6.23e-26	96.6
tr|A0A063KWA5|Release	GCF_000439255.1_WP_000062328.1	31.250	83	86	96	80	50	2	2	81	10	84	6.38e-26	96.6
tr|A0A063KWA5|Release	GCF_003261575.2_WP_110272453.1	31.250	83	86	96	80	50	2	2	81	10	84	6.54e-26	96.6
tr|A0A063KWA5|Release	GCF_002953195.1_WP_038628016.1	27.500	83	87	96	80	53	2	2	81	10	84	7.20e-26	96.6
tr|A0A063KWA5|Release	GCF_025758125.1_WP_023480196.1	28.750	83	86	96	80	52	2	2	81	10	84	7.42e-26	96.6
tr|A0A063KWA5|Release	GCF_003812925.1_WP_004107903.1	30.000	83	86	96	80	51	2	2	81	10	84	7.42e-26	96.6
tr|A0A063KWA5|Release	GCF_012029655.1_WP_041144145.1	31.250	83	86	96	80	50	2	2	81	10	84	7.91e-26	96.6
tr|A0A063KWA5|Release	GCF_020079945.1_WP_039382769.1	30.000	83	87	96	80	51	2	2	81	10	84	8.25e-26	96.3
tr|A0A063KWA5|Release	GCF_006711645.1_WP_100682484.1	30.000	83	86	96	80	51	2	2	81	10	84	8.91e-26	96.3
tr|A0A063KWA5|Release	GCF_018139045.1_WP_004129134.1	30.000	83	86	96	80	51	2	2	81	10	84	8.98e-26	96.3
tr|A0A063KWA5|Release	GCF_022637595.1_WP_004858152.1	30.000	83	86	96	80	51	2	2	81	10	84	9.96e-26	96.3
tr|A0A063KWA5|Release	GCF_004124235.1_WP_025377303.1	28.395	83	86	98	81	53	2	2	82	10	85	1.00e-25	96.3
tr|A0A063KWA5|Release	GCF_000018045.1_WP_024130681.1	30.000	83	86	96	80	51	2	2	81	10	84	1.03e-25	96.0
tr|A0A063KWA5|Release	GCF_024347655.1_WP_060467732.1	50.000	83	83	96	80	40	0	1	80	1	80	1.11e-25	96.0
tr|A0A063KWA5|Release	GCF_000233595.1_WP_013024706.1	24.390	83	86	99	82	57	2	2	83	10	86	1.12e-25	96.0
tr|A0A063KWA5|Release	GCF_012767755.2_WP_173171843.1	25.926	83	90	98	81	60	0	3	83	8	88	1.12e-25	96.0
tr|A0A063KWA5|Release	GCF_000834395.1_WP_042546713.1	28.395	83	86	98	81	53	2	2	82	10	85	1.18e-25	96.0
tr|A0A063KWA5|Release	GCF_000222975.1_WP_002218374.1	28.395	83	86	98	81	53	2	2	82	10	85	1.26e-25	96.0
tr|A0A063KWA5|Release	GCF_000006945.2_NP_459242.1	31.250	83	86	96	80	50	2	2	81	10	84	1.26e-25	96.0
tr|A0A063KWA5|Release	GCF_015139575.1_WP_004098776.1	30.000	83	86	96	80	51	2	2	81	10	84	1.34e-25	95.8
tr|A0A063KWA5|Release	GCF_017354925.1_WP_207321174.1	28.395	83	87	98	81	58	0	2	82	7	87	1.43e-25	95.8
tr|A0A063KWA5|Release	GCF_012767755.2_WP_173176508.1	22.785	83	91	95	79	58	1	4	82	9	84	1.49e-25	95.8
tr|A0A063KWA5|Release	GCF_014879975.1_WP_192888672.1	51.220	83	83	99	82	40	0	1	82	1	82	1.55e-25	95.8
tr|A0A063KWA5|Release	GCF_001831495.1_WP_068547707.1	51.852	83	81	98	81	39	0	1	81	1	81	1.55e-25	95.8
tr|A0A063KWA5|Release	GCF_013282725.1_WP_032813813.1	27.160	83	86	98	81	54	2	2	82	10	85	1.55e-25	95.8
tr|A0A063KWA5|Release	GCF_001456255.1_WP_020335096.1	40.741	83	81	98	81	48	0	1	81	1	81	1.62e-25	95.5
tr|A0A063KWA5|Release	GCF_017329545.1_WP_047884589.1	32.051	83	95	94	78	53	0	2	79	8	85	1.66e-25	95.8
tr|A0A063KWA5|Release	GCF_019890955.1_WP_211725887.1	30.000	83	87	96	80	51	2	2	81	10	84	1.69e-25	95.8
tr|A0A063KWA5|Release	GCF_000834455.1_WP_032817050.1	28.395	83	86	98	81	53	2	2	82	10	85	1.87e-25	95.5
tr|A0A063KWA5|Release	GCF_004328865.1_WP_104643907.1	90.361	83	83	100	83	8	0	1	83	1	83	1.91e-25	95.5
tr|A0A063KWA5|Release	GCF_011068345.1_WP_002436992.1	27.500	83	86	96	80	53	2	2	81	10	84	2.08e-25	95.5
tr|A0A063KWA5|Release	GCF_011617105.1_WP_025800203.1	30.000	83	86	96	80	51	2	2	81	10	84	2.19e-25	95.5
tr|A0A063KWA5|Release	GCF_017354965.1_WP_207380278.1	28.395	83	87	98	81	58	0	2	82	7	87	2.23e-25	95.5
tr|A0A063KWA5|Release	GCF_002163605.1_WP_157665988.1	30.000	83	86	96	80	51	2	2	81	10	84	2.52e-25	95.2
tr|A0A063KWA5|Release	GCF_000015245.1_WP_011761423.1	25.316	83	86	95	79	59	0	2	80	7	85	2.58e-25	95.2
tr|A0A063KWA5|Release	GCF_002101395.1_WP_085067900.1	30.000	83	87	96	80	51	2	2	81	10	84	2.76e-25	95.2
tr|A0A063KWA5|Release	GCF_000010085.1_WP_011411656.1	29.268	83	86	99	82	53	2	2	83	10	86	2.82e-25	95.2
tr|A0A063KWA5|Release	GCF_000770115.1_WP_069687890.1	41.250	83	81	96	80	47	0	1	80	1	80	3.20e-25	94.9
tr|A0A063KWA5|Release	GCF_000517425.1_WP_025421126.1	29.268	83	86	99	82	53	2	2	83	10	86	3.55e-25	94.9
tr|A0A063KWA5|Release	GCF_019670705.1_WP_100146025.1	22.222	83	92	98	81	63	0	2	82	7	87	3.83e-25	94.9
tr|A0A063KWA5|Release	GCF_009730055.1_WP_032906500.1	28.395	83	86	98	81	53	2	2	82	10	85	3.97e-25	94.6
tr|A0A063KWA5|Release	GCF_900233005.1_WP_102521318.1	46.914	83	81	98	81	43	0	1	81	1	81	4.29e-25	94.6
tr|A0A063KWA5|Release	GCF_016834455.1_WP_203325205.1	25.316	83	86	95	79	59	0	2	80	7	85	4.40e-25	94.6
tr|A0A063KWA5|Release	GCF_023517775.1_WP_249893541.1	30.000	83	87	96	80	51	2	2	81	10	84	4.41e-25	94.6
tr|A0A063KWA5|Release	GCF_001007935.1_WP_046849946.1	28.750	83	84	96	80	57	0	1	80	5	84	4.49e-25	94.6
tr|A0A063KWA5|Release	GCF_025133195.1_WP_032910235.1	28.395	83	86	98	81	53	2	2	82	10	85	5.08e-25	94.3
tr|A0A063KWA5|Release	GCF_017915135.1_WP_210390879.1	24.691	83	90	98	81	61	0	3	83	8	88	5.28e-25	94.3
tr|A0A063KWA5|Release	GCF_002355475.1_WP_003455993.1	23.457	83	90	98	81	62	0	3	83	6	86	5.28e-25	94.3
tr|A0A063KWA5|Release	GCF_000026185.1_WP_012440659.1	27.500	83	87	96	80	53	2	2	81	10	84	5.33e-25	94.3
tr|A0A063KWA5|Release	GCF_014524625.1_WP_009050814.1	20.988	83	92	98	81	64	0	3	83	8	88	5.48e-25	94.3
tr|A0A063KWA5|Release	GCF_000024825.1_WP_005460845.1	41.975	83	81	98	81	47	0	1	81	1	81	5.54e-25	94.3
tr|A0A063KWA5|Release	GCF_009730655.1_WP_156020461.1	22.222	83	92	98	81	63	0	2	82	7	87	5.57e-25	94.3
tr|A0A063KWA5|Release	GCF_000772105.1_WP_004748349.1	45.000	83	81	96	80	44	0	1	80	1	80	5.67e-25	94.1
tr|A0A063KWA5|Release	GCF_002906475.1_WP_012130247.1	37.500	83	81	96	80	50	0	1	80	1	80	6.09e-25	94.1
tr|A0A063KWA5|Release	GCF_000025065.1_WP_012883679.1	27.500	83	86	96	80	53	2	2	81	10	84	6.39e-25	94.1
tr|A0A063KWA5|Release	GCF_009914055.1_WP_160619715.1	27.500	83	87	96	80	53	2	2	81	10	84	6.82e-25	94.1
tr|A0A063KWA5|Release	GCF_019669905.1_WP_054759186.1	27.848	83	79	95	79	53	1	2	80	5	79	7.59e-25	93.8
tr|A0A063KWA5|Release	GCF_000238395.3_WP_010553578.1	97.590	83	83	100	83	2	0	1	83	1	83	7.88e-25	93.8
tr|A0A063KWA5|Release	GCF_024347495.1_WP_137371745.1	47.500	83	80	96	80	42	0	1	80	1	80	7.97e-25	93.8
tr|A0A063KWA5|Release	GCF_011044475.1_WP_033740322.1	24.390	83	86	99	82	57	2	2	83	10	86	8.37e-25	93.8
tr|A0A063KWA5|Release	GCF_002021755.1_WP_005434844.1	38.750	83	81	96	80	49	0	1	80	1	80	9.66e-25	93.5
tr|A0A063KWA5|Release	GCF_005877035.1_WP_039486662.1	97.590	83	83	100	83	2	0	1	83	1	83	9.76e-25	93.5
tr|A0A063KWA5|Release	GCF_012427845.1_WP_012773648.1	26.250	83	86	96	80	54	2	2	81	10	84	9.89e-25	93.8
tr|A0A063KWA5|Release	GCF_004792415.1_WP_013356856.1	21.951	83	86	99	82	59	2	2	83	10	86	1.12e-24	93.5
tr|A0A063KWA5|Release	GCF_002288545.1_WP_029367608.1	26.250	83	86	96	80	54	2	2	81	10	84	1.14e-24	93.5
tr|A0A063KWA5|Release	GCF_900095885.1_WP_035340381.1	23.750	83	86	96	80	56	2	2	81	10	84	1.18e-24	93.5
tr|A0A063KWA5|Release	GCF_020683125.1_WP_133842177.1	25.000	83	88	96	80	55	2	2	81	11	85	1.22e-24	93.5
tr|A0A063KWA5|Release	GCF_020150375.1_WP_004094310.1	28.750	83	86	96	80	52	2	2	81	10	84	1.24e-24	93.5
tr|A0A063KWA5|Release	GCF_000023565.1_WP_012770818.1	27.500	83	86	96	80	53	2	2	81	10	84	1.40e-24	93.2
tr|A0A063KWA5|Release	GCF_002221525.1_WP_089349457.1	83.133	83	83	100	83	14	0	1	83	1	83	1.44e-24	93.2
tr|A0A063KWA5|Release	GCF_003668795.1_WP_054981706.1	80.723	83	83	100	83	16	0	1	83	1	83	1.54e-24	93.2
tr|A0A063KWA5|Release	GCF_024360925.2_WP_255188929.1	31.646	83	83	95	79	53	1	2	80	6	83	1.77e-24	92.9
tr|A0A063KWA5|Release	GCF_000520015.2_WP_024910172.1	27.500	83	87	96	80	53	2	2	81	10	84	1.95e-24	92.9
tr|A0A063KWA5|Release	GCF_017498685.1_WP_038245151.1	27.160	83	86	98	81	54	2	2	82	10	85	2.16e-24	92.9
tr|A0A063KWA5|Release	GCF_019844095.1_WP_062747070.1	25.000	83	88	96	80	55	2	2	81	11	85	2.18e-24	92.9
tr|A0A063KWA5|Release	GCF_008807375.1_WP_151133519.1	23.457	83	90	98	81	62	0	3	83	6	86	2.43e-24	92.7
tr|A0A063KWA5|Release	GCF_019670485.1_WP_221071211.1	42.500	83	81	96	80	46	0	1	80	1	80	2.53e-24	92.7
tr|A0A063KWA5|Release	GCF_007858975.2_WP_042869176.1	27.500	83	86	96	80	53	2	2	81	10	84	2.61e-24	92.7
tr|A0A063KWA5|Release	GCF_009873295.1_WP_039312412.1	26.250	83	86	96	80	54	2	2	81	10	84	2.63e-24	92.7
tr|A0A063KWA5|Release	GCF_020181655.1_WP_225087160.1	25.000	83	86	96	80	55	2	2	81	10	84	2.67e-24	92.7
tr|A0A063KWA5|Release	GCF_022647505.1_WP_128179458.1	27.500	83	87	96	80	53	2	2	81	10	84	2.94e-24	92.4
tr|A0A063KWA5|Release	GCF_009363415.1_WP_152430616.1	36.585	83	84	99	82	52	0	1	82	1	82	3.05e-24	92.4
tr|A0A063KWA5|Release	GCF_000264765.2_WP_034163237.1	26.250	83	86	96	80	54	2	2	81	10	84	3.18e-24	92.4
tr|A0A063KWA5|Release	GCF_019797845.1_WP_222158377.1	30.000	83	86	96	80	51	2	2	81	10	84	3.21e-24	92.4
tr|A0A063KWA5|Release	GCF_005484945.1_WP_137712817.1	26.250	83	86	96	80	54	2	2	81	10	84	3.64e-24	92.1
tr|A0A063KWA5|Release	GCF_009931295.1_WP_161528353.1	26.250	83	86	96	80	54	2	2	81	10	84	3.88e-24	92.1
tr|A0A063KWA5|Release	GCF_001642805.2_WP_004931991.1	27.500	83	87	96	80	53	2	2	81	10	84	4.31e-24	92.1
tr|A0A063KWA5|Release	GCF_021733145.1_WP_012847629.1	25.000	83	86	96	80	55	2	2	81	10	84	4.92e-24	91.8
tr|A0A063KWA5|Release	GCF_003515985.1_WP_085653101.1	25.000	83	86	96	80	55	2	2	81	10	84	5.25e-24	91.8
tr|A0A063KWA5|Release	GCF_019048385.1_WP_062759648.1	23.171	83	86	99	82	58	2	2	83	10	86	5.29e-24	91.8
tr|A0A063KWA5|Release	GCF_021462285.1_WP_234585968.1	27.500	83	87	96	80	53	2	2	81	10	84	5.51e-24	91.8
tr|A0A063KWA5|Release	GCF_000740965.1_WP_011092648.1	26.250	83	86	96	80	54	2	2	81	10	84	5.77e-24	91.8
tr|A0A063KWA5|Release	GCF_000196615.1_WP_013200864.1	26.250	83	87	96	80	54	2	2	81	10	84	5.83e-24	91.8
tr|A0A063KWA5|Release	GCF_021029445.1_WP_230924827.1	26.250	83	89	96	80	58	1	3	82	8	86	6.44e-24	91.5
tr|A0A063KWA5|Release	GCF_016026735.1_WP_015673540.1	27.500	83	87	96	80	53	2	2	81	10	84	6.52e-24	91.5
tr|A0A063KWA5|Release	GCF_003258315.1_WP_111337788.1	29.630	83	88	98	81	57	0	1	81	5	85	7.59e-24	91.5
tr|A0A063KWA5|Release	GCF_015999465.1_WP_085688159.1	23.750	83	86	96	80	56	2	2	81	10	84	7.81e-24	91.3
tr|A0A063KWA5|Release	GCF_001999225.1_WP_077537996.1	71.605	83	82	98	81	23	0	1	81	1	81	8.26e-24	91.3
tr|A0A063KWA5|Release	GCF_024347675.1_WP_261835500.1	45.679	83	81	98	81	44	0	1	81	1	81	8.52e-24	91.3
tr|A0A063KWA5|Release	GCF_020342335.1_WP_067428135.1	25.000	83	87	96	80	55	2	2	81	10	84	8.88e-24	91.3
tr|A0A063KWA5|Release	GCF_000262305.1_WP_002441069.1	27.500	83	86	96	80	53	2	2	81	10	84	9.30e-24	91.3
tr|A0A063KWA5|Release	GCF_017569925.1_WP_208228065.1	26.250	83	86	96	80	54	2	2	81	10	84	9.37e-24	91.3
tr|A0A063KWA5|Release	GCF_019977755.1_WP_126608378.1	30.233	83	103	96	86	54	1	1	80	15	100	9.61e-24	91.5
tr|A0A063KWA5|Release	GCF_002812485.1_WP_038661467.1	26.250	83	86	96	80	54	2	2	81	10	84	1.01e-23	91.0
tr|A0A063KWA5|Release	GCF_900187015.1_WP_061796701.1	26.250	83	87	96	80	54	2	2	81	10	84	1.09e-23	91.0
tr|A0A063KWA5|Release	GCF_009646115.1_WP_008925644.1	21.951	83	86	99	82	59	2	2	83	10	86	1.11e-23	91.0
tr|A0A063KWA5|Release	GCF_009817885.1_WP_105232289.1	27.500	83	87	96	80	53	2	2	81	10	84	1.12e-23	91.0
tr|A0A063KWA5|Release	GCF_000023545.1_WP_015854637.1	23.750	83	86	96	80	56	2	2	81	10	84	1.13e-23	91.0
tr|A0A063KWA5|Release	GCF_006364355.1_WP_004727652.1	36.145	83	83	100	83	53	0	1	83	1	83	1.15e-23	91.0
tr|A0A063KWA5|Release	GCF_013460135.1_WP_180816665.1	31.250	83	88	96	80	50	2	2	81	10	84	1.35e-23	90.7
tr|A0A063KWA5|Release	GCF_001742185.1_WP_005975933.1	26.250	83	86	96	80	54	2	2	81	10	84	1.36e-23	90.7
tr|A0A063KWA5|Release	GCF_000019525.1_WP_012323084.1	36.250	83	81	96	80	51	0	1	80	1	80	1.87e-23	90.4
tr|A0A063KWA5|Release	GCF_000148645.1_WP_013347076.1	38.462	83	80	94	78	48	0	4	81	3	80	2.02e-23	90.1
tr|A0A063KWA5|Release	GCF_002291445.1_WP_048635886.1	25.000	83	86	96	80	55	2	2	81	10	84	2.16e-23	90.1
tr|A0A063KWA5|Release	GCF_002887615.1_WP_038869703.1	36.250	83	81	96	80	51	0	1	80	1	80	2.32e-23	90.1
tr|A0A063KWA5|Release	GCF_000147055.1_WP_022632468.1	26.250	83	86	96	80	54	2	2	81	10	84	2.43e-23	90.1
tr|A0A063KWA5|Release	GCF_004768525.1_WP_026822068.1	28.750	83	88	96	80	52	2	2	81	10	84	2.62e-23	90.1
tr|A0A063KWA5|Release	GCF_001010285.1_WP_046974061.1	25.000	83	88	96	80	55	2	2	81	10	84	2.64e-23	90.1
tr|A0A063KWA5|Release	GCF_003403135.1_WP_024104894.1	27.500	83	86	96	80	53	2	2	81	10	84	2.83e-23	89.8
tr|A0A063KWA5|Release	GCF_000214235.1_WP_004952197.1	23.750	83	85	96	80	56	2	2	81	8	82	3.13e-23	89.8
tr|A0A063KWA5|Release	GCF_000517405.1_WP_038469034.1	28.049	83	83	99	82	54	2	2	83	7	83	3.19e-23	89.8
tr|A0A063KWA5|Release	GCF_013423785.1_WP_180308358.1	30.000	83	88	96	80	55	1	2	81	10	88	3.33e-23	89.8
tr|A0A063KWA5|Release	GCF_003992745.1_WP_014700896.1	25.000	83	86	96	80	55	2	2	81	10	84	3.34e-23	89.8
tr|A0A063KWA5|Release	GCF_024346675.1_WP_048897676.1	26.582	83	86	95	79	58	0	2	80	8	86	3.39e-23	89.8
tr|A0A063KWA5|Release	GCF_002157895.1_WP_227874980.1	41.975	83	82	98	81	47	0	1	81	2	82	3.43e-23	89.6
tr|A0A063KWA5|Release	GCF_002005305.1_WP_077753428.1	20.988	83	86	98	81	64	0	1	81	6	86	3.45e-23	89.8
tr|A0A063KWA5|Release	GCF_002504285.1_WP_005282992.1	23.750	83	86	96	80	56	2	2	81	10	84	4.45e-23	89.6
tr|A0A063KWA5|Release	GCF_000091565.1_WP_004159420.1	27.500	83	87	96	80	53	2	2	81	10	84	4.71e-23	89.3
tr|A0A063KWA5|Release	GCF_902387845.1_WP_004237241.1	32.500	83	88	96	80	49	2	2	81	10	84	4.91e-23	89.3
tr|A0A063KWA5|Release	GCF_000196475.1_WP_012776850.1	25.000	83	88	96	80	55	2	2	81	10	84	4.99e-23	89.3
tr|A0A063KWA5|Release	GCF_020268605.1_WP_180560445.1	28.750	83	88	96	80	52	2	2	81	10	84	5.07e-23	89.3
tr|A0A063KWA5|Release	GCF_022647325.1_WP_111140597.1	23.171	83	86	99	82	58	2	2	83	10	86	5.09e-23	89.3
tr|A0A063KWA5|Release	GCF_001006005.1_WP_223499701.1	26.250	83	85	96	80	54	2	2	81	8	82	5.82e-23	89.0
tr|A0A063KWA5|Release	GCF_000261045.2_WP_006318653.1	23.750	83	87	96	80	56	2	2	81	10	84	6.22e-23	89.0
tr|A0A063KWA5|Release	GCF_000196155.1_WP_011145066.1	22.222	83	88	98	81	58	2	2	82	10	85	7.30e-23	89.0
tr|A0A063KWA5|Release	GCF_000968535.2_WP_014147785.1	32.500	83	84	96	80	53	1	2	81	6	84	7.61e-23	88.7
tr|A0A063KWA5|Release	GCF_008364325.2_WP_230090436.1	25.000	83	85	96	80	55	2	2	81	8	82	8.31e-23	88.7
tr|A0A063KWA5|Release	GCF_000014765.1_WP_011633385.1	29.630	83	89	98	81	57	0	2	82	5	85	9.44e-23	88.7
tr|A0A063KWA5|Release	GCF_019090985.1_WP_036781226.1	22.500	83	88	96	80	57	2	2	81	10	84	1.03e-22	88.4
tr|A0A063KWA5|Release	GCF_008931805.1_WP_019441510.1	54.321	83	81	98	81	37	0	1	81	1	81	1.07e-22	88.4
tr|A0A063KWA5|Release	GCF_900638135.1_WP_012146468.1	23.750	83	87	96	80	56	2	2	81	10	84	1.16e-22	88.4
tr|A0A063KWA5|Release	GCF_001431725.1_WP_021820278.1	34.568	83	81	98	81	53	0	1	81	1	81	1.22e-22	88.2
tr|A0A063KWA5|Release	GCF_000146165.2_WP_164925808.1	25.000	83	89	100	84	62	1	1	83	6	89	1.26e-22	88.4
tr|A0A063KWA5|Release	GCF_029457395.1_WP_024766443.1	20.482	83	92	95	83	62	2	4	82	9	91	1.48e-22	88.2
tr|A0A063KWA5|Release	GCF_011045835.1_WP_075671674.1	24.390	83	86	99	82	57	2	2	83	10	86	1.50e-22	88.2
tr|A0A063KWA5|Release	GCF_009831665.3_WP_006709226.1	22.500	83	87	96	80	57	2	2	81	10	84	1.63e-22	88.2
tr|A0A063KWA5|Release	GCF_000014885.1_WP_020912292.1	25.000	83	87	96	80	60	0	2	81	7	86	1.73e-22	87.9
tr|A0A063KWA5|Release	GCF_005931095.1_WP_017839868.1	31.250	83	84	96	80	54	1	2	81	6	84	1.85e-22	87.9
tr|A0A063KWA5|Release	GCF_000968195.1_WP_045972480.1	26.250	83	87	96	80	54	2	2	81	11	85	1.88e-22	87.9
tr|A0A063KWA5|Release	GCF_016026395.1_WP_024524235.1	23.750	83	86	96	80	56	2	2	81	10	84	1.93e-22	87.9
tr|A0A063KWA5|Release	GCF_002291425.1_WP_095847471.1	27.500	83	87	96	80	53	2	2	81	10	84	1.98e-22	87.9
tr|A0A063KWA5|Release	GCF_005484965.1_WP_009114129.1	25.000	83	86	96	80	55	2	2	81	10	84	2.09e-22	87.9
tr|A0A063KWA5|Release	GCF_000016065.1_WP_011864074.1	21.951	83	93	99	82	63	1	1	82	6	86	2.59e-22	87.6
tr|A0A063KWA5|Release	GCF_017348915.1_WP_040077077.1	30.000	83	86	96	80	51	2	2	81	10	84	2.70e-22	87.6
tr|A0A063KWA5|Release	GCF_022369495.1_WP_072064250.1	24.390	83	86	99	82	57	2	2	83	10	86	2.95e-22	87.3
tr|A0A063KWA5|Release	GCF_012971725.1_WP_169940133.1	20.482	83	92	95	83	62	2	4	82	9	91	3.36e-22	87.3
tr|A0A063KWA5|Release	GCF_001455205.1_WP_062560013.1	36.250	83	84	96	80	50	1	2	81	6	84	3.36e-22	87.3
tr|A0A063KWA5|Release	GCF_029277985.1_WP_154623766.1	23.457	83	87	98	81	57	2	2	82	10	85	3.63e-22	87.0
tr|A0A063KWA5|Release	GCF_000069965.1_WP_004245453.1	23.171	83	86	99	82	58	2	2	83	10	86	3.68e-22	87.0
tr|A0A063KWA5|Release	GCF_008033135.1_WP_148717358.1	21.795	83	87	94	78	60	1	2	79	7	83	3.77e-22	87.0
tr|A0A063KWA5|Release	GCF_022592395.1_WP_047255099.1	21.250	83	87	96	80	58	2	2	81	10	84	4.25e-22	87.0
tr|A0A063KWA5|Release	GCF_012295615.1_WP_007018284.1	37.037	83	81	98	81	51	0	1	81	1	81	4.94e-22	86.8
tr|A0A063KWA5|Release	GCF_020541225.1_WP_226811316.1	26.829	83	86	99	82	55	2	2	83	10	86	5.18e-22	86.8
tr|A0A063KWA5|Release	GCF_019047765.1_WP_040230035.1	31.250	83	86	96	80	50	2	2	81	10	84	6.73e-22	86.5
tr|A0A063KWA5|Release	GCF_000968175.1_WP_045959360.1	26.250	83	88	96	80	54	2	2	81	11	85	9.89e-22	86.2
tr|A0A063KWA5|Release	GCF_025946765.1_WP_264497926.1	23.750	83	86	96	80	56	2	2	81	10	84	1.04e-21	85.9
tr|A0A063KWA5|Release	GCF_004295645.1_WP_228350951.1	27.500	83	88	96	80	53	2	2	81	11	85	1.23e-21	85.9
tr|A0A063KWA5|Release	GCF_003204135.1_WP_004908806.1	23.750	83	87	96	80	56	2	2	81	10	84	1.59e-21	85.6
tr|A0A063KWA5|Release	GCF_024746855.1_WP_260492542.1	40.000	83	79	96	80	47	1	1	80	1	79	1.73e-21	85.3
tr|A0A063KWA5|Release	GCF_002843235.3_WP_102139922.1	23.750	83	87	96	80	56	2	2	81	10	84	1.76e-21	85.3
tr|A0A063KWA5|Release	GCF_900475855.1_WP_068441311.1	23.750	83	87	96	80	56	2	2	81	10	84	2.08e-21	85.3
tr|A0A063KWA5|Release	GCF_003096015.2_WP_230514010.1	26.250	83	88	96	80	54	2	2	81	11	85	2.12e-21	85.3
tr|A0A063KWA5|Release	GCF_002952315.1_WP_012667243.1	23.750	83	87	96	80	56	2	2	81	10	84	2.25e-21	85.1
tr|A0A063KWA5|Release	GCF_002849875.1_WP_232379112.1	40.244	83	113	95	82	46	1	2	80	32	113	2.37e-21	85.6
tr|A0A063KWA5|Release	GCF_019797925.1_WP_193521737.1	37.037	83	80	98	81	50	1	1	81	1	80	2.72e-21	84.8
tr|A0A063KWA5|Release	GCF_021365465.1_WP_016190321.1	28.750	83	87	96	80	52	2	2	81	10	84	2.73e-21	84.8
tr|A0A063KWA5|Release	GCF_008632455.1_WP_150048082.1	33.750	83	84	96	80	52	1	2	81	6	84	3.13e-21	84.8
tr|A0A063KWA5|Release	GCF_002393505.1_WP_006658392.1	25.000	83	87	96	80	55	2	2	81	10	84	3.93e-21	84.5
tr|A0A063KWA5|Release	GCF_003074995.2_WP_015870269.1	24.051	83	86	95	79	55	2	2	80	10	83	4.22e-21	84.5
tr|A0A063KWA5|Release	GCF_017743015.1_WP_209027287.1	27.500	83	88	96	80	53	2	2	81	10	84	4.77e-21	84.2
tr|A0A063KWA5|Release	GCF_900638655.1_WP_047781753.1	27.500	83	88	96	80	53	2	2	81	11	85	5.08e-21	84.2
tr|A0A063KWA5|Release	GCF_004116975.1_WP_064720954.1	23.171	83	86	99	82	58	2	2	83	10	86	5.44e-21	84.2
tr|A0A063KWA5|Release	GCF_014295015.1_WP_013185414.1	26.250	83	87	96	80	54	2	2	81	11	85	5.99e-21	83.9
tr|A0A063KWA5|Release	GCF_900478135.1_WP_111739359.1	26.250	83	88	96	80	54	2	2	81	11	85	6.29e-21	83.9
tr|A0A063KWA5|Release	GCF_003025345.2_WP_003155955.1	26.190	83	91	95	84	57	1	2	80	7	90	9.49e-21	83.7
tr|A0A063KWA5|Release	GCF_019703835.1_WP_087020305.1	29.114	83	79	95	79	52	1	4	82	3	77	1.35e-20	83.1
tr|A0A063KWA5|Release	GCF_001721185.1_WP_069317984.1	23.750	83	87	96	80	56	2	2	81	10	84	1.40e-20	83.1
tr|A0A063KWA5|Release	GCF_000019185.1_WP_012277931.1	37.000	83	100	98	100	44	1	1	81	1	100	3.16e-20	82.5
tr|A0A063KWA5|Release	GCF_000785705.2_WP_036272019.1	29.114	83	82	95	79	54	2	2	80	6	82	4.58e-20	81.7
tr|A0A063KWA5|Release	GCF_005671395.1_WP_138095872.1	28.788	83	86	80	66	46	1	2	67	10	74	5.44e-20	81.7
tr|A0A063KWA5|Release	GCF_001677435.1_WP_068615618.1	24.390	83	90	99	82	61	1	2	83	9	89	5.52e-20	81.7
tr|A0A063KWA5|Release	GCF_003568825.1_WP_040644076.1	27.711	83	83	96	83	57	1	1	80	1	83	5.86e-20	81.4
tr|A0A063KWA5|Release	GCF_008364325.2_WP_020826409.1	23.457	83	84	98	81	59	1	2	82	7	84	1.42e-19	80.6
tr|A0A063KWA5|Release	GCF_016026875.1_WP_045525981.1	19.753	83	89	98	81	60	3	2	82	7	82	2.55e-19	80.0
tr|A0A063KWA5|Release	GCF_020405345.1_WP_017780573.1	19.753	83	89	98	81	60	3	2	82	7	82	4.90e-19	79.2
tr|A0A063KWA5|Release	GCF_026427595.1_WP_251812951.1	25.926	83	88	93	81	56	3	4	80	7	87	5.59e-19	79.2
tr|A0A063KWA5|Release	GCF_004358345.1_WP_121852852.1	27.941	83	76	82	68	49	0	2	69	8	75	9.85e-19	78.3
tr|A0A063KWA5|Release	GCF_017638925.1_WP_208844867.1	34.615	83	81	94	78	50	1	1	78	1	77	1.17e-18	78.0
tr|A0A063KWA5|Release	GCF_003990335.1_WP_127025819.1	21.951	83	91	99	82	63	1	1	82	5	85	1.34e-18	78.0
tr|A0A063KWA5|Release	GCF_020423125.1_WP_226170850.1	20.988	83	84	98	81	59	3	2	82	7	82	6.89e-18	76.1
tr|A0A063KWA5|Release	GCF_003515105.1_WP_036973086.1	25.373	83	73	81	67	50	0	2	68	6	72	7.40e-18	75.8
tr|A0A063KWA5|Release	GCF_007197555.1_WP_144048375.1	20.690	83	94	98	87	63	2	1	81	6	92	7.71e-18	76.3
tr|A0A063KWA5|Release	GCF_020149575.1_WP_224431657.1	19.512	83	85	99	82	61	3	2	83	7	83	7.96e-18	76.1
tr|A0A063KWA5|Release	GCF_028355655.1_WP_087756847.1	19.753	83	84	98	81	60	3	2	82	7	82	1.55e-17	75.2
tr|A0A063KWA5|Release	GCF_900637545.1_WP_042651794.1	20.988	83	84	98	81	59	3	2	82	7	82	1.75e-17	75.2
tr|A0A063KWA5|Release	GCF_000018285.1_WP_012155987.1	32.673	83	102	96	101	47	1	1	80	1	101	4.08e-17	74.7
tr|A0A063KWA5|Release	GCF_000147355.1_WP_013326989.1	40.909	83	67	80	66	39	0	15	80	1	66	8.09e-17	73.2
tr|A0A063KWA5|Release	GCF_008693705.1_WP_127008315.1	19.753	83	84	98	81	60	3	2	82	7	82	1.05e-16	73.2
tr|A0A063KWA5|Release	GCF_003015165.1_WP_106887831.1	20.988	83	84	98	81	59	3	2	82	7	82	1.51e-16	72.7
tr|A0A063KWA5|Release	GCF_014169735.1_WP_134997272.1	18.519	83	86	98	81	61	3	2	82	7	82	3.20e-16	71.8
tr|A0A063KWA5|Release	GCF_016026615.1_WP_197928313.1	19.753	83	89	98	81	60	3	2	82	7	82	7.64e-16	71.0
tr|A0A063KWA5|Release	GCF_002215215.1_WP_088918776.1	28.916	83	101	99	83	56	3	2	83	20	100	1.02e-15	71.0
tr|A0A063KWA5|Release	GCF_020991025.1_WP_152109250.1	29.851	83	83	80	67	45	2	2	67	8	73	2.14e-15	69.9
tr|A0A063KWA5|Release	GCF_002157225.2_WP_086934278.1	27.778	83	80	87	72	51	1	1	72	4	74	2.53e-15	69.6
tr|A0A063KWA5|Release	GCF_016127195.1_WP_042032742.1	16.049	83	89	98	81	63	3	2	82	7	82	3.11e-15	69.6
tr|A0A063KWA5|Release	GCF_000788395.1_WP_038641921.1	31.507	83	85	87	73	48	2	2	73	5	76	3.35e-15	69.3
tr|A0A063KWA5|Release	GCF_015209785.1_WP_193988300.1	23.438	83	73	77	64	49	0	2	65	6	69	3.60e-15	69.0
tr|A0A063KWA5|Release	GCF_001596155.1_WP_068342236.1	22.078	83	90	89	77	53	4	2	75	8	80	4.67e-15	69.0
tr|A0A063KWA5|Release	GCF_003855395.1_WP_124730567.1	28.916	83	88	95	83	55	2	2	80	4	86	6.93e-15	68.7
tr|A0A063KWA5|Release	GCF_001507645.1_WP_068195976.1	22.892	83	90	96	83	58	2	2	81	8	87	8.08e-15	68.5
tr|A0A063KWA5|Release	GCF_010093065.1_WP_238430213.1	15.942	83	83	80	69	52	2	2	67	11	76	8.75e-15	68.2
tr|A0A063KWA5|Release	GCF_003063625.1_WP_108601906.1	31.944	83	85	87	72	48	1	1	72	4	74	2.38e-14	67.1
tr|A0A063KWA5|Release	GCF_003966655.1_WP_113527441.1	24.286	83	77	84	70	52	1	2	71	8	76	2.67e-14	66.8
tr|A0A063KWA5|Release	GCF_020511155.1_WP_226415657.1	28.571	83	87	96	84	56	2	1	80	4	87	2.80e-14	67.1
tr|A0A063KWA5|Release	GCF_002218045.2_WP_089137819.1	28.986	83	79	80	69	46	1	2	67	9	77	6.05e-14	65.9
tr|A0A063KWA5|Release	GCF_000014705.1_WP_011637758.1	26.506	83	88	95	83	57	2	2	80	4	86	8.58e-14	65.9
tr|A0A063KWA5|Release	GCF_013462805.1_WP_009566961.1	22.857	83	77	84	70	53	1	2	71	8	76	1.23e-13	65.1
tr|A0A063KWA5|Release	GCF_000940995.1_WP_082060442.1	21.429	83	93	84	70	55	0	10	79	16	85	2.27e-13	64.8
tr|A0A063KWA5|Release	GCF_020844025.1_WP_215848879.1	25.352	83	77	86	71	52	1	2	72	8	77	3.01e-13	64.2
tr|A0A063KWA5|Release	GCF_024347195.1_WP_271272618.1	22.388	83	77	77	67	49	2	2	65	7	73	4.54e-13	63.7
tr|A0A063KWA5|Release	GCF_010093065.1_WP_162331416.1	15.789	83	84	88	76	58	3	2	74	11	83	4.98e-13	63.7
tr|A0A063KWA5|Release	GCF_004028275.1_WP_128384077.1	20.270	83	77	84	74	54	3	2	71	3	75	5.76e-13	63.4
tr|A0A063KWA5|Release	GCF_006337165.1_WP_139515111.1	19.718	83	82	80	71	48	3	2	67	8	74	6.01e-13	63.7
tr|A0A063KWA5|Release	GCF_003584645.1_WP_197716612.1	13.158	83	80	87	76	58	3	2	73	8	79	8.25e-13	63.1
tr|A0A063KWA5|Release	GCF_001020955.1_WP_047250467.1	15.278	83	82	82	72	56	3	2	69	10	80	8.80e-13	63.1
tr|A0A063KWA5|Release	GCF_002762215.1_WP_085750011.1	15.714	83	87	81	70	53	3	2	68	9	75	9.49e-13	63.1
tr|A0A063KWA5|Release	GCF_013283835.1_WP_071626507.1	19.718	83	83	82	71	50	3	2	69	8	74	9.92e-13	63.1
tr|A0A063KWA5|Release	GCF_013137895.1_WP_135435790.1	15.493	83	83	80	71	51	3	2	67	9	75	1.37e-12	62.6
tr|A0A063KWA5|Release	GCF_000026085.1_WP_041454550.1	22.388	83	73	80	67	50	2	2	67	6	71	1.40e-12	62.6
tr|A0A063KWA5|Release	GCF_000576555.1_WP_044000633.1	18.310	83	83	80	71	49	3	2	67	9	75	1.62e-12	62.6
tr|A0A063KWA5|Release	GCF_004355185.1_WP_133271280.1	16.901	83	81	80	71	50	3	2	67	7	73	1.74e-12	62.3
tr|A0A063KWA5|Release	GCF_017742995.1_WP_247749573.1	46.512	83	48	52	43	23	0	1	43	1	43	2.18e-12	61.7
tr|A0A063KWA5|Release	GCF_027625995.1_WP_270126807.1	15.493	83	82	80	71	51	3	2	67	8	74	2.25e-12	62.0
tr|A0A063KWA5|Release	GCF_008728635.1_WP_151087836.1	21.519	83	90	92	79	55	4	2	77	8	82	2.30e-12	62.3
tr|A0A063KWA5|Release	GCF_001444405.1_WP_058032142.1	29.577	83	87	86	71	50	0	1	71	1	71	2.42e-12	62.0
tr|A0A063KWA5|Release	GCF_004001245.1_WP_127478562.1	16.667	83	85	82	72	56	2	2	69	10	81	2.46e-12	62.0
tr|A0A063KWA5|Release	GCF_009662475.1_WP_031573754.1	24.658	83	79	88	73	54	1	2	74	8	79	2.59e-12	62.0
tr|A0A063KWA5|Release	GCF_000013765.1_WP_011496543.1	23.810	83	106	96	84	60	2	2	81	23	106	3.35e-12	62.0
tr|A0A063KWA5|Release	GCF_003149515.1_WP_109656005.1	17.333	83	90	87	75	56	2	2	73	8	79	4.10e-12	61.7
tr|A0A063KWA5|Release	GCF_022811645.1_WP_243511723.1	20.290	83	90	80	69	49	2	2	67	8	73	4.27e-12	61.4
tr|A0A063KWA5|Release	GCF_001651805.1_WP_067384150.1	23.188	83	78	77	69	47	4	2	65	7	74	5.00e-12	61.2
tr|A0A063KWA5|Release	GCF_902810445.1_WP_197744199.1	26.027	83	78	83	73	46	4	2	70	7	75	5.50e-12	61.2
tr|A0A063KWA5|Release	GCF_003970675.1_WP_126615366.1	19.697	83	76	80	66	48	3	2	67	13	73	6.09e-12	60.9
tr|A0A063KWA5|Release	GCF_018736065.1_WP_144074266.1	19.118	83	76	82	68	50	3	2	69	13	75	6.54e-12	60.9
tr|A0A063KWA5|Release	GCF_003955735.1_WP_126127786.1	12.195	83	91	95	82	64	4	2	80	12	88	7.74e-12	60.9
tr|A0A063KWA5|Release	GCF_013177675.1_WP_172128285.1	16.216	83	81	86	74	55	3	2	72	8	77	8.38e-12	60.6
tr|A0A063KWA5|Release	GCF_000024005.1_WP_012793320.1	15.789	83	84	88	76	58	2	2	74	11	83	9.84e-12	60.6
tr|A0A063KWA5|Release	GCF_000801295.1_WP_171816254.1	17.647	83	99	78	68	52	3	2	66	10	76	1.06e-11	60.6
tr|A0A063KWA5|Release	GCF_023650495.1_WP_250655372.1	26.190	83	88	96	84	58	2	1	80	4	87	1.25e-11	60.3
tr|A0A063KWA5|Release	GCF_000012325.1_WP_011045621.1	32.353	83	84	82	68	45	1	2	69	5	71	1.45e-11	60.0
tr|A0A063KWA5|Release	GCF_019931735.1_WP_223417223.1	25.882	83	87	98	85	59	2	1	81	3	87	1.51e-11	60.0
tr|A0A063KWA5|Release	GCF_016613475.2_WP_200606805.1	15.714	83	90	81	70	53	2	2	68	11	77	1.53e-11	60.0
tr|A0A063KWA5|Release	GCF_003353065.1_WP_114983154.1	13.636	83	84	77	66	52	2	2	65	11	73	1.62e-11	60.0
tr|A0A063KWA5|Release	GCF_024347275.1_WP_019620968.1	19.737	83	82	87	76	57	3	2	73	7	82	1.69e-11	59.7
tr|A0A063KWA5|Release	GCF_003574965.1_WP_119445661.1	15.493	83	82	80	71	51	3	2	67	8	74	1.91e-11	59.7
tr|A0A063KWA5|Release	GCF_006385555.1_WP_140234395.1	33.735	83	87	95	83	51	3	2	80	4	86	2.06e-11	59.7
tr|A0A063KWA5|Release	GCF_021654855.1_WP_237262080.1	31.884	83	70	78	69	42	2	2	66	3	70	2.45e-11	59.2
tr|A0A063KWA5|Release	GCF_003967195.1_WP_172597571.1	18.421	83	83	86	76	56	3	2	72	9	83	2.57e-11	59.5
tr|A0A063KWA5|Release	GCF_024347255.1_WP_091360415.1	26.471	83	79	77	68	46	2	2	65	7	74	3.78e-11	58.9
tr|A0A063KWA5|Release	GCF_022827545.1_WP_243798205.1	15.493	83	82	80	71	51	3	2	67	8	74	3.85e-11	58.9
tr|A0A063KWA5|Release	GCF_013201725.1_WP_014475480.1	18.310	83	74	82	71	51	3	2	69	8	74	4.00e-11	58.9
tr|A0A063KWA5|Release	GCF_000238255.3_WP_010559905.1	35.211	83	86	84	71	44	2	2	71	5	74	4.31e-11	58.9
tr|A0A063KWA5|Release	GCF_001955715.1_WP_029708890.1	18.841	83	80	78	69	48	3	2	66	7	71	4.73e-11	58.6
tr|A0A063KWA5|Release	GCF_000092245.1_WP_013136435.1	21.739	83	76	81	69	49	2	2	68	5	70	4.87e-11	58.6
tr|A0A063KWA5|Release	GCF_002356115.1_WP_096526481.1	15.493	83	78	82	71	54	2	2	69	7	74	5.07e-11	58.6
tr|A0A063KWA5|Release	GCF_002142475.1_WP_026148861.1	16.667	83	86	82	72	52	3	2	69	7	74	5.47e-11	58.6
tr|A0A063KWA5|Release	GCF_000212735.1_WP_013764159.1	14.286	83	83	88	77	58	3	2	74	10	82	5.73e-11	58.6
tr|A0A063KWA5|Release	GCF_024347675.1_WP_261833361.1	42.222	83	54	54	45	25	1	1	45	1	44	6.17e-11	58.1
tr|A0A063KWA5|Release	GCF_000014785.1_WP_011630183.1	18.310	83	83	82	71	55	2	2	69	13	83	7.80e-11	58.1
tr|A0A063KWA5|Release	GCF_000012805.1_WP_011330264.1	15.278	83	85	83	72	55	3	2	70	7	75	7.94e-11	58.3
tr|A0A063KWA5|Release	GCF_013201665.1_WP_128359868.1	17.808	83	81	84	73	53	3	2	71	8	76	8.17e-11	58.1
tr|A0A063KWA5|Release	GCF_009755585.1_WP_157030071.1	15.942	83	85	80	69	52	2	2	67	8	73	9.01e-11	58.1
tr|A0A063KWA5|Release	GCF_002355735.1_WP_096359192.1	20.000	83	83	81	70	53	2	2	68	13	82	9.59e-11	58.1
tr|A0A063KWA5|Release	GCF_004421105.1_WP_134356453.1	15.278	83	80	83	72	55	3	2	70	7	75	1.11e-10	57.8
tr|A0A063KWA5|Release	GCF_001956695.1_WP_076086034.1	17.143	83	77	81	70	52	3	2	68	5	71	1.59e-10	57.2
tr|A0A063KWA5|Release	GCF_004798725.1_WP_010811758.1	11.429	83	83	81	70	56	2	2	68	11	77	1.66e-10	57.2
tr|A0A063KWA5|Release	GCF_018389385.1_WP_218082190.1	16.176	83	91	78	68	51	2	2	66	21	85	1.68e-10	57.5
tr|A0A063KWA5|Release	GCF_000143085.1_WP_013221711.1	15.278	83	82	83	72	55	3	2	70	7	75	1.72e-10	57.2
tr|A0A063KWA5|Release	GCF_000021985.1_WP_012639500.1	20.588	83	82	77	68	50	2	2	65	8	75	1.99e-10	57.2
tr|A0A063KWA5|Release	GCF_002355415.1_WP_148665551.1	18.571	83	87	80	70	52	3	2	67	17	85	2.21e-10	57.2
tr|A0A063KWA5|Release	GCF_003346815.1_WP_114840342.1	23.288	83	82	84	73	49	3	2	71	8	76	2.43e-10	56.9
tr|A0A063KWA5|Release	GCF_002557795.1_WP_098194977.1	16.216	83	89	82	74	52	3	2	69	11	80	2.79e-10	56.9
tr|A0A063KWA5|Release	GCF_019891175.1_WP_225938383.1	15.714	83	93	81	70	53	2	1	67	14	80	3.41e-10	56.7
tr|A0A063KWA5|Release	GCF_008807855.1_WP_063240334.1	17.143	83	83	81	70	52	2	2	68	11	77	3.47e-10	56.7
tr|A0A063KWA5|Release	GCF_013282625.1_WP_173286717.1	24.638	83	67	83	69	48	2	2	70	3	67	3.59e-10	56.1
tr|A0A063KWA5|Release	GCF_003346775.1_WP_114843067.1	22.857	83	84	82	70	49	2	2	69	8	74	3.64e-10	56.4
tr|A0A063KWA5|Release	GCF_020091585.1_WP_224339804.1	15.714	83	82	81	70	53	3	2	68	7	73	4.06e-10	56.4
tr|A0A063KWA5|Release	GCF_000006765.1_NP_249630.1	24.138	83	108	99	87	61	1	2	83	7	93	4.98e-10	56.7
tr|A0A063KWA5|Release	GCF_000018105.1_WP_012162738.1	16.901	83	86	81	71	51	3	1	67	6	72	6.98e-10	55.8
tr|A0A063KWA5|Release	GCF_000317125.1_WP_015155280.1	16.901	83	81	81	71	51	4	1	67	6	72	7.84e-10	55.5
tr|A0A063KWA5|Release	GCF_013283835.1_WP_071625892.1	13.889	83	79	81	72	54	2	2	68	5	73	8.76e-10	55.5
tr|A0A063KWA5|Release	GCF_024347215.1_WP_261843265.1	17.910	83	77	77	67	52	2	2	65	7	73	9.26e-10	55.2
tr|A0A063KWA5|Release	GCF_013343005.1_WP_078482823.1	14.865	83	84	84	74	59	2	2	71	8	81	9.28e-10	55.5
tr|A0A063KWA5|Release	GCF_013177635.1_WP_129095542.1	20.588	83	72	78	68	47	3	2	66	8	71	9.42e-10	55.2
tr|A0A063KWA5|Release	GCF_000321415.2_WP_015260329.1	13.514	83	93	84	74	59	4	2	71	10	82	9.48e-10	55.5
tr|A0A063KWA5|Release	GCF_009938015.1_WP_223264517.1	15.493	83	90	80	71	54	4	2	67	10	79	1.06e-09	55.5
tr|A0A063KWA5|Release	GCF_023733635.1_WP_039959400.1	18.841	83	89	77	69	50	3	2	65	7	74	1.37e-09	55.2
tr|A0A063KWA5|Release	GCF_005166025.1_WP_137090244.1	20.833	83	84	82	72	49	3	2	69	8	75	1.68e-09	54.7
tr|A0A063KWA5|Release	GCF_013201935.1_WP_129014602.1	20.588	83	72	78	68	47	3	2	66	8	71	2.18e-09	54.4
tr|A0A063KWA5|Release	GCF_003544915.1_WP_118918525.1	20.290	83	73	80	69	48	3	2	67	8	72	2.60e-09	54.1
tr|A0A063KWA5|Release	GCF_001442805.1_WP_057942092.1	12.857	83	88	81	70	55	2	2	68	11	77	2.75e-09	54.4
tr|A0A063KWA5|Release	GCF_010119975.1_WP_162445115.1	18.182	83	365	88	77	55	3	2	74	14	86	3.25e-09	57.8
tr|A0A063KWA5|Release	GCF_013201665.1_WP_128358834.1	15.942	83	76	81	69	53	2	2	68	5	70	3.74e-09	53.8
tr|A0A063KWA5|Release	GCF_001956695.1_WP_076086043.1	17.808	83	77	84	73	53	3	2	71	7	75	4.71e-09	53.6
tr|A0A063KWA5|Release	GCF_004293625.1_WP_130538367.1	28.814	83	71	71	59	38	2	2	60	3	57	5.15e-09	53.3
tr|A0A063KWA5|Release	GCF_004214795.1_WP_130234502.1	14.286	83	78	81	70	53	3	2	68	8	73	6.17e-09	53.3
tr|A0A063KWA5|Release	GCF_013201935.1_WP_128987185.1	18.841	83	76	81	69	51	2	2	68	5	70	6.95e-09	53.0
tr|A0A063KWA5|Release	GCF_000828615.1_WP_041064380.1	18.056	83	80	81	72	53	4	2	68	10	80	7.89e-09	53.0
tr|A0A063KWA5|Release	GCF_003544815.1_WP_118886031.1	17.391	83	76	81	69	52	2	2	68	5	70	9.78e-09	52.7
tr|A0A063KWA5|Release	GCF_000222485.1_WP_014022977.1	15.278	83	85	83	72	55	3	2	70	10	78	1.00e-08	52.7
tr|A0A063KWA5|Release	GCF_000024725.1_WP_013031543.1	15.278	83	81	83	72	55	3	2	70	7	75	1.41e-08	52.4
tr|A0A063KWA5|Release	GCF_013177635.1_WP_129095951.1	15.942	83	76	81	69	53	2	2	68	5	70	1.64e-08	52.1
tr|A0A063KWA5|Release	GCF_011398355.1_WP_173270160.1	21.875	83	65	77	64	46	2	3	66	4	63	1.94e-08	51.9
tr|A0A063KWA5|Release	GCF_000227685.2_WP_006746304.1	12.676	83	83	82	71	59	2	2	69	10	80	2.18e-08	51.9
tr|A0A063KWA5|Release	GCF_009937995.1_WP_179954406.1	16.438	83	79	83	73	57	2	2	70	7	79	2.25e-08	51.9
tr|A0A063KWA5|Release	GCF_001723605.1_WP_069479051.1	20.000	83	76	81	70	49	3	2	68	5	70	3.09e-08	51.3
tr|A0A063KWA5|Release	GCF_002309535.1_WP_096047558.1	18.571	83	88	81	70	50	3	2	68	5	70	3.51e-08	51.6
tr|A0A063KWA5|Release	GCF_000317575.1_WP_015193670.1	22.857	83	74	80	70	46	4	2	67	7	72	9.92e-08	50.2
tr|A0A063KWA5|Release	GCF_001050135.1_WP_048644179.1	18.310	83	88	81	71	50	3	2	68	10	76	1.17e-07	50.2
tr|A0A063KWA5|Release	GCF_011398155.1_WP_173291533.1	15.714	83	71	84	70	56	1	2	71	3	69	1.37e-07	49.6
tr|A0A063KWA5|Release	GCF_003722295.1_WP_010573895.1	19.444	83	75	80	72	48	3	2	67	7	74	2.28e-07	49.3
tr|A0A063KWA5|Release	GCF_003143555.1_WP_109340539.1	13.699	83	84	86	73	61	1	4	74	5	77	2.44e-07	49.3
tr|A0A063KWA5|Release	GCF_000568815.1_WP_025346049.1	20.000	83	76	81	70	49	3	2	68	5	70	3.03e-07	48.8
tr|A0A063KWA5|Release	GCF_000265295.1_WP_014770430.1	15.942	83	76	81	69	53	2	2	68	5	70	3.97e-07	48.5
tr|A0A063KWA5|Release	GCF_000242635.2_WP_014682426.1	8.824	83	83	78	68	56	2	6	70	11	75	4.57e-07	48.5
tr|A0A063KWA5|Release	GCF_011398355.1_WP_173270199.1	23.077	83	66	78	65	46	2	3	67	4	64	4.88e-07	48.2
tr|A0A063KWA5|Release	GCF_000265505.1_WP_014796533.1	19.231	83	97	82	78	53	2	2	69	9	86	6.80e-07	48.5
tr|A0A063KWA5|Release	GCF_018388465.1_WP_208290210.1	14.706	83	316	80	68	56	1	8	73	139	206	7.12e-07	51.0
tr|A0A063KWA5|Release	GCF_008122265.1_WP_148863603.1	18.310	83	84	81	71	50	3	2	68	7	73	1.14e-06	47.6
tr|A0A063KWA5|Release	GCF_013177675.1_WP_172126669.1	11.429	83	77	81	70	55	3	2	68	5	70	1.62e-06	47.1
tr|A0A063KWA5|Release	GCF_000484535.1_WP_023173213.1	15.942	83	91	82	69	56	2	4	71	24	91	1.28e-05	45.1
tr|A0A063KWA5|Release	GCF_021018745.1_WP_230843504.1	16.667	83	92	78	66	53	2	4	68	24	88	2.21e-05	44.6
tr|A0A063KWA5|Release	GCF_005281475.1_WP_137401239.1	9.211	83	81	88	76	62	4	2	74	6	77	4.32e-05	43.4
tr|A0A063KWA5|Release	GCF_000011385.1_WP_011141833.1	16.667	83	92	78	66	53	2	4	68	24	88	8.09e-05	42.9
tr|A0A063KWA5|Release	GCF_006575665.1_WP_141613356.1	8.451	83	81	82	71	58	4	2	69	6	72	5.57e-04	40.6
tr|A0A063KWA5|Release	GCF_003260975.1_WP_112783789.1	12.329	83	81	84	73	57	4	2	71	6	74	0.001	39.8
tr|A0A063KWA5|Release	GCF_011764585.1_WP_188200227.1	13.793	83	63	64	58	44	3	14	66	1	57	0.002	39.2
tr|A0A063KWA5|Release	GCF_001027285.1_WP_047859305.1	19.608	83	80	61	51	40	1	4	54	12	61	0.002	39.2
tr|A0A063KWA5|Release	GCF_003346815.1_WP_114840344.1	21.429	83	84	81	70	48	3	2	68	7	72	0.005	38.4
# PSIBLAST 2.13.0+
# Iteration: 8
# Query: tr|A0A063KWA5|Release 2019_11/2019_11|11-Dec-2019
# Database: db/chosen-bacteria_proteome_exDup
# Fields: query id, subject id, % identity, query length, subject length, % query coverage per subject, alignment length, mismatches, gap opens, q. start, q. end, s. start, s. end, evalue, bit score
# 452 hits found
tr|A0A063KWA5|Release	GCF_008693605.1_WP_223849061.1	32.500	83	95	96	80	54	0	2	81	11	90	2.02e-30	108
tr|A0A063KWA5|Release	GCF_025402875.1_WP_011791024.1	27.711	83	90	100	83	60	0	1	83	6	88	2.45e-30	108
tr|A0A063KWA5|Release	GCF_004353845.1_WP_103770713.1	31.646	83	93	95	79	54	0	2	80	10	88	3.26e-30	107
tr|A0A063KWA5|Release	GCF_002204915.1_WP_052690899.1	36.585	83	101	99	82	52	0	1	82	20	101	3.64e-30	107
tr|A0A063KWA5|Release	GCF_024971755.1_WP_259474826.1	26.506	83	88	100	83	61	0	1	83	6	88	6.57e-30	106
tr|A0A063KWA5|Release	GCF_003812345.1_WP_121571778.1	31.250	83	94	96	80	55	0	2	81	10	89	7.70e-30	106
tr|A0A063KWA5|Release	GCF_001597285.1_WP_061903727.1	28.395	83	92	98	81	58	0	3	83	8	88	1.08e-29	106
tr|A0A063KWA5|Release	GCF_009938225.1_WP_075649723.1	43.902	83	82	99	82	46	0	1	82	1	82	1.36e-29	105
tr|A0A063KWA5|Release	GCF_024347355.1_WP_105024956.1	48.780	83	83	99	82	42	0	1	82	1	82	1.86e-29	105
tr|A0A063KWA5|Release	GCF_000178875.2_WP_012197738.1	26.506	83	90	100	83	61	0	1	83	6	88	3.34e-29	105
tr|A0A063KWA5|Release	GCF_000733715.2_WP_017362912.1	27.160	83	90	98	81	59	0	3	83	8	88	4.85e-29	104
tr|A0A063KWA5|Release	GCF_024347475.1_WP_239840920.1	48.780	83	83	99	82	42	0	1	82	1	82	6.11e-29	104
tr|A0A063KWA5|Release	GCF_009938185.1_WP_162048373.1	41.463	83	82	99	82	48	0	1	82	1	82	8.06e-29	103
tr|A0A063KWA5|Release	GCF_002355475.1_WP_004421315.1	28.395	83	91	98	81	58	0	3	83	9	89	1.38e-28	103
tr|A0A063KWA5|Release	GCF_014905115.1_WP_193151849.1	50.000	83	81	96	80	40	0	1	80	1	80	1.57e-28	103
tr|A0A063KWA5|Release	GCF_024205225.1_WP_195881696.1	25.000	83	90	96	80	60	0	3	82	8	87	2.08e-28	103
tr|A0A063KWA5|Release	GCF_013409125.2_WP_099525265.1	26.250	83	90	96	80	59	0	3	82	8	87	2.77e-28	102
tr|A0A063KWA5|Release	GCF_011397855.1_WP_044414183.1	28.395	83	90	98	81	58	0	3	83	8	88	3.04e-28	102
tr|A0A063KWA5|Release	GCF_000297075.2_WP_003461742.1	26.250	83	90	96	80	59	0	3	82	8	87	3.19e-28	102
tr|A0A063KWA5|Release	GCF_001461805.1_WP_013367515.1	31.250	83	86	96	80	50	2	2	81	10	84	4.86e-28	102
tr|A0A063KWA5|Release	GCF_020097475.1_WP_000062318.1	32.500	83	86	96	80	49	2	2	81	10	84	5.34e-28	101
tr|A0A063KWA5|Release	GCF_021172065.1_WP_015965827.1	30.000	83	86	96	80	51	2	2	81	10	84	6.31e-28	101
tr|A0A063KWA5|Release	GCF_001708425.1_WP_055136127.1	24.051	83	94	95	79	60	0	3	81	8	86	7.42e-28	101
tr|A0A063KWA5|Release	GCF_001558415.2_WP_061055374.1	45.783	83	83	100	83	45	0	1	83	1	83	8.09e-28	101
tr|A0A063KWA5|Release	GCF_001518835.1_WP_059308693.1	30.000	83	86	96	80	51	2	2	81	10	84	8.67e-28	101
tr|A0A063KWA5|Release	GCF_008807375.1_WP_151138908.1	25.926	83	91	98	81	60	0	3	83	9	89	8.77e-28	101
tr|A0A063KWA5|Release	GCF_008693645.1_WP_137347870.1	26.582	83	89	95	79	58	0	2	80	10	88	9.23e-28	101
tr|A0A063KWA5|Release	GCF_022371215.1_WP_239718047.1	54.321	83	83	98	81	37	0	1	81	1	81	9.48e-28	101
tr|A0A063KWA5|Release	GCF_009036245.1_WP_025756830.1	30.000	83	86	96	80	51	2	2	81	10	84	1.05e-27	101
tr|A0A063KWA5|Release	GCF_004684345.1_WP_135321947.1	25.926	83	93	98	81	60	0	2	82	10	90	1.10e-27	101
tr|A0A063KWA5|Release	GCF_900682675.2_WP_069898892.1	24.691	83	94	98	81	61	0	3	83	8	88	1.10e-27	101
tr|A0A063KWA5|Release	GCF_016904755.1_WP_059234959.1	30.000	83	86	96	80	51	2	2	81	10	84	1.59e-27	100
tr|A0A063KWA5|Release	GCF_009176645.1_WP_152083529.1	28.750	83	86	96	80	52	2	2	81	10	84	1.79e-27	100
tr|A0A063KWA5|Release	GCF_000006925.2_NP_706134.1	31.250	83	86	96	80	50	2	2	81	10	84	1.86e-27	100
tr|A0A063KWA5|Release	GCF_001594225.2_WP_064379396.1	26.582	83	92	95	79	58	0	3	81	8	86	1.90e-27	100
tr|A0A063KWA5|Release	GCF_002214395.1_WP_010453422.1	39.506	83	81	98	81	49	0	1	81	1	81	2.08e-27	100
tr|A0A063KWA5|Release	GCF_002215585.1_WP_088903590.1	27.711	83	89	100	83	59	1	1	83	6	87	2.34e-27	100
tr|A0A063KWA5|Release	GCF_017167985.1_WP_093053415.1	24.051	83	92	95	79	60	0	3	81	8	86	2.43e-27	100
tr|A0A063KWA5|Release	GCF_001683395.1_WP_017458015.1	30.000	83	86	96	80	51	2	2	81	10	84	2.58e-27	100
tr|A0A063KWA5|Release	GCF_003594935.2_WP_006173581.1	30.000	83	86	96	80	51	2	2	81	10	84	2.68e-27	100
tr|A0A063KWA5|Release	GCF_009938205.1_WP_075706454.1	40.244	83	82	99	82	49	0	1	82	1	82	2.79e-27	 99
tr|A0A063KWA5|Release	GCF_008329985.2_WP_149283950.1	35.802	83	81	98	81	52	0	1	81	1	81	2.92e-27	 99
tr|A0A063KWA5|Release	GCF_017167985.1_WP_079784061.1	27.500	83	90	96	80	58	0	3	82	8	87	3.30e-27	 99
tr|A0A063KWA5|Release	GCF_013200955.2_WP_173204463.1	29.114	83	91	95	79	56	0	2	80	8	86	3.39e-27	 99
tr|A0A063KWA5|Release	GCF_000005845.2_NP_414731.2	31.250	83	84	96	80	50	2	2	81	8	82	3.44e-27	 99
tr|A0A063KWA5|Release	GCF_001022135.1_WP_039078449.1	30.000	83	86	96	80	51	2	2	81	10	84	3.48e-27	 99
tr|A0A063KWA5|Release	GCF_002407485.1_WP_096780111.1	38.272	83	81	98	81	50	0	1	81	1	81	4.45e-27	99.7
tr|A0A063KWA5|Release	GCF_009068765.1_WP_151900329.1	51.250	83	81	96	80	39	0	1	80	1	80	4.52e-27	99.4
tr|A0A063KWA5|Release	GCF_003957745.1_WP_126168493.1	25.926	83	87	98	81	60	0	2	82	7	87	4.54e-27	99.7
tr|A0A063KWA5|Release	GCF_015137655.1_WP_028015593.1	30.000	83	86	96	80	51	2	2	81	10	84	4.98e-27	99.4
tr|A0A063KWA5|Release	GCF_023195735.1_WP_035891978.1	32.500	83	86	96	80	49	2	2	81	10	84	5.39e-27	99.4
tr|A0A063KWA5|Release	GCF_019048625.1_WP_023305471.1	30.000	83	86	96	80	51	2	2	81	10	84	6.42e-27	99.1
tr|A0A063KWA5|Release	GCF_007632255.1_WP_015368146.1	30.000	83	86	96	80	51	2	2	81	10	84	6.68e-27	99.1
tr|A0A063KWA5|Release	GCF_000224675.1_WP_010426685.1	28.750	83	86	96	80	52	2	2	81	10	84	6.79e-27	99.1
tr|A0A063KWA5|Release	GCF_019670125.1_WP_221076876.1	43.750	83	81	96	80	45	0	1	80	1	80	7.06e-27	99.1
tr|A0A063KWA5|Release	GCF_001729805.1_WP_008501890.1	28.750	83	86	96	80	52	2	2	81	10	84	7.53e-27	99.1
tr|A0A063KWA5|Release	GCF_009649915.1_WP_062772223.1	32.500	83	86	96	80	49	2	2	81	10	84	7.59e-27	99.1
tr|A0A063KWA5|Release	GCF_001658025.2_WP_007373243.1	31.250	83	86	96	80	50	2	2	81	10	84	7.65e-27	99.1
tr|A0A063KWA5|Release	GCF_001750725.1_WP_014168720.1	28.750	83	86	96	80	52	2	2	81	10	84	8.02e-27	99.1
tr|A0A063KWA5|Release	GCF_019670105.1_WP_040307707.1	43.210	83	81	98	81	46	0	1	81	1	81	8.41e-27	98.8
tr|A0A063KWA5|Release	GCF_027886705.1_WP_061497537.1	31.250	83	86	96	80	50	2	2	81	10	84	8.69e-27	98.8
tr|A0A063KWA5|Release	GCF_004684345.1_WP_135323069.1	31.250	83	86	96	80	50	2	2	81	10	84	8.76e-27	98.8
tr|A0A063KWA5|Release	GCF_003812345.1_WP_003018503.1	31.250	83	86	96	80	50	2	2	81	10	84	8.97e-27	98.8
tr|A0A063KWA5|Release	GCF_002393445.1_WP_061273728.1	28.049	83	86	99	82	54	2	2	83	10	86	9.04e-27	98.8
tr|A0A063KWA5|Release	GCF_900638065.1_WP_048212636.1	31.250	83	86	96	80	50	2	2	81	10	84	1.07e-26	98.6
tr|A0A063KWA5|Release	GCF_008369605.1_WP_000253074.1	39.506	83	81	98	81	49	0	1	81	1	81	1.11e-26	98.6
tr|A0A063KWA5|Release	GCF_025914095.1_WP_031518416.1	28.750	83	86	96	80	52	2	2	81	10	84	1.14e-26	98.6
tr|A0A063KWA5|Release	GCF_006742785.1_WP_172630283.1	33.750	83	88	96	80	53	0	2	81	5	84	1.22e-26	98.6
tr|A0A063KWA5|Release	GCF_024347035.1_WP_102941394.1	41.975	83	81	98	81	47	0	1	81	1	81	1.32e-26	98.3
tr|A0A063KWA5|Release	GCF_004353845.1_WP_103768334.1	30.000	83	86	96	80	51	2	2	81	10	84	1.40e-26	98.3
tr|A0A063KWA5|Release	GCF_000214665.1_WP_013819542.1	35.443	83	83	95	79	50	1	2	80	6	83	1.40e-26	98.3
tr|A0A063KWA5|Release	GCF_001558255.2_WP_005504861.1	46.341	83	82	98	82	43	1	1	81	1	82	1.47e-26	98.3
tr|A0A063KWA5|Release	GCF_024582835.1_WP_257083279.1	43.902	83	87	99	82	46	0	1	82	1	82	1.52e-26	98.3
tr|A0A063KWA5|Release	GCF_003935895.2_WP_110510858.1	29.268	83	86	99	82	53	2	2	83	10	86	1.76e-26	98.0
tr|A0A063KWA5|Release	GCF_021278985.1_WP_012904575.1	30.000	83	86	96	80	51	2	2	81	10	84	1.95e-26	98.0
tr|A0A063KWA5|Release	GCF_018128425.1_WP_042289833.1	30.000	83	86	96	80	51	2	2	81	10	84	2.02e-26	98.0
tr|A0A063KWA5|Release	GCF_009363135.1_WP_090122691.1	30.000	83	86	96	80	51	2	2	81	10	84	2.03e-26	98.0
tr|A0A063KWA5|Release	GCF_024494545.1_WP_256384876.1	49.383	83	81	98	81	41	0	1	81	1	81	2.18e-26	97.7
tr|A0A063KWA5|Release	GCF_001277255.1_WP_007666633.1	30.000	83	86	96	80	51	2	2	81	10	84	2.24e-26	98.0
tr|A0A063KWA5|Release	GCF_024347595.1_WP_176681244.1	51.852	83	83	98	81	39	0	1	81	1	81	2.35e-26	97.7
tr|A0A063KWA5|Release	GCF_019047765.1_WP_040231149.1	26.582	83	89	95	79	58	0	2	80	10	88	2.56e-26	97.7
tr|A0A063KWA5|Release	GCF_000009145.1_WP_041356315.1	33.333	83	90	98	81	54	0	1	81	5	85	2.73e-26	97.7
tr|A0A063KWA5|Release	GCF_024362845.1_WP_255230807.1	45.000	83	82	96	80	44	0	1	80	1	80	3.38e-26	97.4
tr|A0A063KWA5|Release	GCF_900635955.1_WP_126357486.1	28.049	83	86	99	82	54	2	2	83	10	86	3.43e-26	97.4
tr|A0A063KWA5|Release	GCF_001558935.2_WP_042323659.1	30.000	83	86	96	80	51	2	2	81	10	84	3.43e-26	97.4
tr|A0A063KWA5|Release	GCF_000240185.1_YP_005225236.1	30.000	83	86	96	80	51	2	2	81	10	84	3.55e-26	97.4
tr|A0A063KWA5|Release	GCF_024347635.1_WP_139683960.1	50.000	83	83	99	82	41	0	1	82	1	82	3.58e-26	97.1
tr|A0A063KWA5|Release	GCF_001995825.2_WP_017057338.1	48.780	83	83	99	82	42	0	1	82	1	82	4.10e-26	97.1
tr|A0A063KWA5|Release	GCF_009648935.1_WP_047417117.1	30.000	83	86	96	80	51	2	2	81	10	84	4.19e-26	97.1
tr|A0A063KWA5|Release	GCF_000439255.1_WP_000062328.1	31.250	83	86	96	80	50	2	2	81	10	84	4.68e-26	97.1
tr|A0A063KWA5|Release	GCF_003019925.1_WP_162185254.1	29.268	83	86	99	82	53	2	2	83	10	86	4.79e-26	97.1
tr|A0A063KWA5|Release	GCF_021276285.1_WP_095923198.1	30.488	83	86	99	82	52	2	2	83	10	86	4.91e-26	96.9
tr|A0A063KWA5|Release	GCF_001007875.1_WP_046858354.1	43.750	83	80	96	80	45	0	1	80	1	80	5.06e-26	96.9
tr|A0A063KWA5|Release	GCF_001277175.1_WP_007760020.1	27.500	83	86	96	80	53	2	2	81	10	84	5.23e-26	96.9
tr|A0A063KWA5|Release	GCF_022637515.1_WP_064539750.1	28.750	83	86	96	80	52	2	2	81	10	84	5.40e-26	96.9
tr|A0A063KWA5|Release	GCF_001277195.1_WP_032966924.1	28.750	83	86	96	80	52	2	2	81	10	84	5.53e-26	96.9
tr|A0A063KWA5|Release	GCF_013234275.1_WP_172895488.1	27.500	83	86	96	80	53	2	2	81	10	84	5.71e-26	96.9
tr|A0A063KWA5|Release	GCF_022637475.1_WP_013574214.1	29.268	83	86	99	82	53	2	2	83	10	86	5.76e-26	96.9
tr|A0A063KWA5|Release	GCF_000091465.1_WP_004733849.1	48.780	83	83	99	82	42	0	1	82	1	82	6.10e-26	96.6
tr|A0A063KWA5|Release	GCF_024347455.1_WP_135458404.1	48.780	83	83	99	82	42	0	1	82	1	82	6.15e-26	96.6
tr|A0A063KWA5|Release	GCF_025758125.1_WP_023480196.1	28.750	83	86	96	80	52	2	2	81	10	84	6.28e-26	96.6
tr|A0A063KWA5|Release	GCF_003261575.2_WP_110272453.1	31.250	83	86	96	80	50	2	2	81	10	84	6.28e-26	96.6
tr|A0A063KWA5|Release	GCF_002953195.1_WP_038628016.1	27.500	83	87	96	80	53	2	2	81	10	84	6.45e-26	96.6
tr|A0A063KWA5|Release	GCF_003812925.1_WP_004107903.1	30.000	83	86	96	80	51	2	2	81	10	84	6.75e-26	96.6
tr|A0A063KWA5|Release	GCF_001277215.2_WP_007776988.1	27.500	83	86	96	80	53	2	2	81	10	84	6.80e-26	96.6
tr|A0A063KWA5|Release	GCF_024224615.1_WP_125293588.1	27.500	83	86	96	80	53	2	2	81	10	84	6.97e-26	96.6
tr|A0A063KWA5|Release	GCF_020079945.1_WP_039382769.1	30.000	83	87	96	80	51	2	2	81	10	84	7.86e-26	96.6
tr|A0A063KWA5|Release	GCF_012029655.1_WP_041144145.1	31.250	83	86	96	80	50	2	2	81	10	84	7.97e-26	96.6
tr|A0A063KWA5|Release	GCF_018139045.1_WP_004129134.1	30.000	83	86	96	80	51	2	2	81	10	84	8.50e-26	96.3
tr|A0A063KWA5|Release	GCF_012767755.2_WP_173171843.1	25.926	83	90	98	81	60	0	3	83	8	88	9.50e-26	96.3
tr|A0A063KWA5|Release	GCF_000018045.1_WP_024130681.1	30.000	83	86	96	80	51	2	2	81	10	84	9.57e-26	96.3
tr|A0A063KWA5|Release	GCF_006711645.1_WP_100682484.1	30.000	83	86	96	80	51	2	2	81	10	84	9.73e-26	96.3
tr|A0A063KWA5|Release	GCF_024347655.1_WP_060467732.1	50.000	83	83	96	80	40	0	1	80	1	80	1.03e-25	96.0
tr|A0A063KWA5|Release	GCF_022637595.1_WP_004858152.1	30.000	83	86	96	80	51	2	2	81	10	84	1.04e-25	96.0
tr|A0A063KWA5|Release	GCF_004124235.1_WP_025377303.1	28.395	83	86	98	81	53	2	2	82	10	85	1.11e-25	96.0
tr|A0A063KWA5|Release	GCF_000233595.1_WP_013024706.1	24.390	83	86	99	82	57	2	2	83	10	86	1.12e-25	96.0
tr|A0A063KWA5|Release	GCF_012767755.2_WP_173176508.1	22.785	83	91	95	79	58	1	4	82	9	84	1.13e-25	96.0
tr|A0A063KWA5|Release	GCF_015139575.1_WP_004098776.1	30.000	83	86	96	80	51	2	2	81	10	84	1.21e-25	96.0
tr|A0A063KWA5|Release	GCF_000834395.1_WP_042546713.1	28.395	83	86	98	81	53	2	2	82	10	85	1.21e-25	96.0
tr|A0A063KWA5|Release	GCF_000222975.1_WP_002218374.1	28.395	83	86	98	81	53	2	2	82	10	85	1.24e-25	96.0
tr|A0A063KWA5|Release	GCF_001831495.1_WP_068547707.1	51.852	83	81	98	81	39	0	1	81	1	81	1.29e-25	95.7
tr|A0A063KWA5|Release	GCF_000006945.2_NP_459242.1	31.250	83	86	96	80	50	2	2	81	10	84	1.34e-25	95.7
tr|A0A063KWA5|Release	GCF_017329545.1_WP_047884589.1	32.051	83	95	94	78	53	0	2	79	8	85	1.35e-25	96.0
tr|A0A063KWA5|Release	GCF_001456255.1_WP_020335096.1	40.741	83	81	98	81	48	0	1	81	1	81	1.48e-25	95.7
tr|A0A063KWA5|Release	GCF_013282725.1_WP_032813813.1	27.160	83	86	98	81	54	2	2	82	10	85	1.49e-25	95.7
tr|A0A063KWA5|Release	GCF_019890955.1_WP_211725887.1	30.000	83	87	96	80	51	2	2	81	10	84	1.58e-25	95.7
tr|A0A063KWA5|Release	GCF_017354925.1_WP_207321174.1	28.395	83	87	98	81	58	0	2	82	7	87	1.61e-25	95.7
tr|A0A063KWA5|Release	GCF_002163605.1_WP_157665988.1	30.000	83	86	96	80	51	2	2	81	10	84	1.64e-25	95.7
tr|A0A063KWA5|Release	GCF_000834455.1_WP_032817050.1	28.395	83	86	98	81	53	2	2	82	10	85	1.76e-25	95.5
tr|A0A063KWA5|Release	GCF_000010085.1_WP_011411656.1	29.268	83	86	99	82	53	2	2	83	10	86	1.81e-25	95.5
tr|A0A063KWA5|Release	GCF_014879975.1_WP_192888672.1	51.220	83	83	99	82	40	0	1	82	1	82	1.83e-25	95.5
tr|A0A063KWA5|Release	GCF_004328865.1_WP_104643907.1	90.361	83	83	100	83	8	0	1	83	1	83	2.01e-25	95.5
tr|A0A063KWA5|Release	GCF_000015245.1_WP_011761423.1	25.316	83	86	95	79	59	0	2	80	7	85	2.10e-25	95.5
tr|A0A063KWA5|Release	GCF_000517425.1_WP_025421126.1	29.268	83	86	99	82	53	2	2	83	10	86	2.20e-25	95.5
tr|A0A063KWA5|Release	GCF_011617105.1_WP_025800203.1	30.000	83	86	96	80	51	2	2	81	10	84	2.26e-25	95.2
tr|A0A063KWA5|Release	GCF_011068345.1_WP_002436992.1	27.500	83	86	96	80	53	2	2	81	10	84	2.41e-25	95.2
tr|A0A063KWA5|Release	GCF_017354965.1_WP_207380278.1	28.395	83	87	98	81	58	0	2	82	7	87	2.51e-25	95.2
tr|A0A063KWA5|Release	GCF_900233005.1_WP_102521318.1	46.914	83	81	98	81	43	0	1	81	1	81	2.67e-25	94.9
tr|A0A063KWA5|Release	GCF_002101395.1_WP_085067900.1	30.000	83	87	96	80	51	2	2	81	10	84	2.67e-25	95.2
tr|A0A063KWA5|Release	GCF_000770115.1_WP_069687890.1	41.250	83	81	96	80	47	0	1	80	1	80	2.82e-25	94.9
tr|A0A063KWA5|Release	GCF_019670705.1_WP_100146025.1	22.222	83	92	98	81	63	0	2	82	7	87	2.90e-25	95.2
tr|A0A063KWA5|Release	GCF_017915135.1_WP_210390879.1	24.691	83	90	98	81	61	0	3	83	8	88	3.13e-25	94.9
tr|A0A063KWA5|Release	GCF_023517775.1_WP_249893541.1	30.000	83	87	96	80	51	2	2	81	10	84	3.21e-25	94.9
tr|A0A063KWA5|Release	GCF_000026185.1_WP_012440659.1	27.500	83	87	96	80	53	2	2	81	10	84	3.42e-25	94.9
tr|A0A063KWA5|Release	GCF_016834455.1_WP_203325205.1	25.316	83	86	95	79	59	0	2	80	7	85	3.64e-25	94.9
tr|A0A063KWA5|Release	GCF_009730055.1_WP_032906500.1	28.395	83	86	98	81	53	2	2	82	10	85	3.69e-25	94.6
tr|A0A063KWA5|Release	GCF_009730655.1_WP_156020461.1	22.222	83	92	98	81	63	0	2	82	7	87	3.80e-25	94.9
tr|A0A063KWA5|Release	GCF_000024825.1_WP_005460845.1	41.975	83	81	98	81	47	0	1	81	1	81	3.90e-25	94.6
tr|A0A063KWA5|Release	GCF_014524625.1_WP_009050814.1	20.988	83	92	98	81	64	0	3	83	8	88	4.09e-25	94.9
tr|A0A063KWA5|Release	GCF_001007935.1_WP_046849946.1	28.750	83	84	96	80	57	0	1	80	5	84	4.45e-25	94.6
tr|A0A063KWA5|Release	GCF_002906475.1_WP_012130247.1	37.500	83	81	96	80	50	0	1	80	1	80	4.47e-25	94.3
tr|A0A063KWA5|Release	GCF_025133195.1_WP_032910235.1	28.395	83	86	98	81	53	2	2	82	10	85	4.58e-25	94.6
tr|A0A063KWA5|Release	GCF_002355475.1_WP_003455993.1	23.457	83	90	98	81	62	0	3	83	6	86	5.63e-25	94.3
tr|A0A063KWA5|Release	GCF_019669905.1_WP_054759186.1	27.848	83	79	95	79	53	1	2	80	5	79	5.88e-25	94.1
tr|A0A063KWA5|Release	GCF_000025065.1_WP_012883679.1	27.500	83	86	96	80	53	2	2	81	10	84	6.00e-25	94.3
tr|A0A063KWA5|Release	GCF_000772105.1_WP_004748349.1	45.000	83	81	96	80	44	0	1	80	1	80	6.44e-25	94.1
tr|A0A063KWA5|Release	GCF_002021755.1_WP_005434844.1	38.750	83	81	96	80	49	0	1	80	1	80	7.14e-25	94.1
tr|A0A063KWA5|Release	GCF_011044475.1_WP_033740322.1	24.390	83	86	99	82	57	2	2	83	10	86	7.67e-25	94.1
tr|A0A063KWA5|Release	GCF_024347495.1_WP_137371745.1	47.500	83	80	96	80	42	0	1	80	1	80	7.72e-25	93.8
tr|A0A063KWA5|Release	GCF_000238395.3_WP_010553578.1	97.590	83	83	100	83	2	0	1	83	1	83	8.26e-25	93.8
tr|A0A063KWA5|Release	GCF_009914055.1_WP_160619715.1	27.500	83	87	96	80	53	2	2	81	10	84	8.33e-25	93.8
tr|A0A063KWA5|Release	GCF_900095885.1_WP_035340381.1	23.750	83	86	96	80	56	2	2	81	10	84	8.58e-25	93.8
tr|A0A063KWA5|Release	GCF_005877035.1_WP_039486662.1	97.590	83	83	100	83	2	0	1	83	1	83	1.05e-24	93.5
tr|A0A063KWA5|Release	GCF_004792415.1_WP_013356856.1	21.951	83	86	99	82	59	2	2	83	10	86	1.14e-24	93.5
tr|A0A063KWA5|Release	GCF_012427845.1_WP_012773648.1	26.250	83	86	96	80	54	2	2	81	10	84	1.15e-24	93.5
tr|A0A063KWA5|Release	GCF_020683125.1_WP_133842177.1	25.000	83	88	96	80	55	2	2	81	11	85	1.18e-24	93.5
tr|A0A063KWA5|Release	GCF_000023565.1_WP_012770818.1	27.500	83	86	96	80	53	2	2	81	10	84	1.23e-24	93.5
tr|A0A063KWA5|Release	GCF_002288545.1_WP_029367608.1	26.250	83	86	96	80	54	2	2	81	10	84	1.26e-24	93.5
tr|A0A063KWA5|Release	GCF_020150375.1_WP_004094310.1	28.750	83	86	96	80	52	2	2	81	10	84	1.29e-24	93.5
tr|A0A063KWA5|Release	GCF_024360925.2_WP_255188929.1	31.646	83	83	95	79	53	1	2	80	6	83	1.30e-24	93.2
tr|A0A063KWA5|Release	GCF_000520015.2_WP_024910172.1	27.500	83	87	96	80	53	2	2	81	10	84	1.44e-24	93.2
tr|A0A063KWA5|Release	GCF_019844095.1_WP_062747070.1	25.000	83	88	96	80	55	2	2	81	11	85	1.60e-24	93.2
tr|A0A063KWA5|Release	GCF_003668795.1_WP_054981706.1	80.723	83	83	100	83	16	0	1	83	1	83	1.95e-24	92.9
tr|A0A063KWA5|Release	GCF_007858975.2_WP_042869176.1	27.500	83	86	96	80	53	2	2	81	10	84	2.06e-24	92.9
tr|A0A063KWA5|Release	GCF_002221525.1_WP_089349457.1	83.133	83	83	100	83	14	0	1	83	1	83	2.08e-24	92.6
tr|A0A063KWA5|Release	GCF_017498685.1_WP_038245151.1	27.160	83	86	98	81	54	2	2	82	10	85	2.10e-24	92.9
tr|A0A063KWA5|Release	GCF_019670485.1_WP_221071211.1	42.500	83	81	96	80	46	0	1	80	1	80	2.15e-24	92.6
tr|A0A063KWA5|Release	GCF_008807375.1_WP_151133519.1	23.457	83	90	98	81	62	0	3	83	6	86	2.65e-24	92.6
tr|A0A063KWA5|Release	GCF_009873295.1_WP_039312412.1	26.250	83	86	96	80	54	2	2	81	10	84	3.01e-24	92.4
tr|A0A063KWA5|Release	GCF_022647505.1_WP_128179458.1	27.500	83	87	96	80	53	2	2	81	10	84	3.09e-24	92.4
tr|A0A063KWA5|Release	GCF_009363415.1_WP_152430616.1	36.585	83	84	99	82	52	0	1	82	1	82	3.12e-24	92.4
tr|A0A063KWA5|Release	GCF_001642805.2_WP_004931991.1	27.500	83	87	96	80	53	2	2	81	10	84	3.21e-24	92.4
tr|A0A063KWA5|Release	GCF_020181655.1_WP_225087160.1	25.000	83	86	96	80	55	2	2	81	10	84	3.26e-24	92.4
tr|A0A063KWA5|Release	GCF_021029445.1_WP_230924827.1	26.250	83	89	96	80	58	1	3	82	8	86	3.52e-24	92.4
tr|A0A063KWA5|Release	GCF_021462285.1_WP_234585968.1	27.500	83	87	96	80	53	2	2	81	10	84	4.08e-24	92.1
tr|A0A063KWA5|Release	GCF_019797845.1_WP_222158377.1	30.000	83	86	96	80	51	2	2	81	10	84	4.17e-24	92.1
tr|A0A063KWA5|Release	GCF_000264765.2_WP_034163237.1	26.250	83	86	96	80	54	2	2	81	10	84	4.17e-24	92.1
tr|A0A063KWA5|Release	GCF_016026735.1_WP_015673540.1	27.500	83	87	96	80	53	2	2	81	10	84	4.18e-24	92.1
tr|A0A063KWA5|Release	GCF_009931295.1_WP_161528353.1	26.250	83	86	96	80	54	2	2	81	10	84	4.30e-24	92.1
tr|A0A063KWA5|Release	GCF_005484945.1_WP_137712817.1	26.250	83	86	96	80	54	2	2	81	10	84	4.34e-24	92.1
tr|A0A063KWA5|Release	GCF_019048385.1_WP_062759648.1	23.171	83	86	99	82	58	2	2	83	10	86	5.82e-24	91.8
tr|A0A063KWA5|Release	GCF_000196615.1_WP_013200864.1	26.250	83	87	96	80	54	2	2	81	10	84	5.83e-24	91.8
tr|A0A063KWA5|Release	GCF_021733145.1_WP_012847629.1	25.000	83	86	96	80	55	2	2	81	10	84	5.96e-24	91.8
tr|A0A063KWA5|Release	GCF_003515985.1_WP_085653101.1	25.000	83	86	96	80	55	2	2	81	10	84	6.25e-24	91.5
tr|A0A063KWA5|Release	GCF_003258315.1_WP_111337788.1	29.630	83	88	98	81	57	0	1	81	5	85	6.33e-24	91.5
tr|A0A063KWA5|Release	GCF_009817885.1_WP_105232289.1	27.500	83	87	96	80	53	2	2	81	10	84	6.57e-24	91.5
tr|A0A063KWA5|Release	GCF_000740965.1_WP_011092648.1	26.250	83	86	96	80	54	2	2	81	10	84	6.88e-24	91.5
tr|A0A063KWA5|Release	GCF_006364355.1_WP_004727652.1	36.145	83	83	100	83	53	0	1	83	1	83	7.46e-24	91.2
tr|A0A063KWA5|Release	GCF_000262305.1_WP_002441069.1	27.500	83	86	96	80	53	2	2	81	10	84	7.50e-24	91.5
tr|A0A063KWA5|Release	GCF_001999225.1_WP_077537996.1	71.605	83	82	98	81	23	0	1	81	1	81	7.51e-24	91.2
tr|A0A063KWA5|Release	GCF_020342335.1_WP_067428135.1	25.000	83	87	96	80	55	2	2	81	10	84	7.52e-24	91.5
tr|A0A063KWA5|Release	GCF_024347675.1_WP_261835500.1	45.679	83	81	98	81	44	0	1	81	1	81	8.19e-24	91.2
tr|A0A063KWA5|Release	GCF_019977755.1_WP_126608378.1	30.233	83	103	96	86	54	1	1	80	15	100	8.40e-24	91.5
tr|A0A063KWA5|Release	GCF_900187015.1_WP_061796701.1	26.250	83	87	96	80	54	2	2	81	10	84	8.40e-24	91.2
tr|A0A063KWA5|Release	GCF_000023545.1_WP_015854637.1	23.750	83	86	96	80	56	2	2	81	10	84	9.68e-24	91.2
tr|A0A063KWA5|Release	GCF_017569925.1_WP_208228065.1	26.250	83	86	96	80	54	2	2	81	10	84	9.75e-24	91.2
tr|A0A063KWA5|Release	GCF_002812485.1_WP_038661467.1	26.250	83	86	96	80	54	2	2	81	10	84	9.83e-24	91.2
tr|A0A063KWA5|Release	GCF_015999465.1_WP_085688159.1	23.750	83	86	96	80	56	2	2	81	10	84	9.91e-24	91.2
tr|A0A063KWA5|Release	GCF_013460135.1_WP_180816665.1	31.250	83	88	96	80	50	2	2	81	10	84	1.09e-23	91.0
tr|A0A063KWA5|Release	GCF_009646115.1_WP_008925644.1	21.951	83	86	99	82	59	2	2	83	10	86	1.23e-23	91.0
tr|A0A063KWA5|Release	GCF_001742185.1_WP_005975933.1	26.250	83	86	96	80	54	2	2	81	10	84	1.61e-23	90.7
tr|A0A063KWA5|Release	GCF_000019525.1_WP_012323084.1	36.250	83	81	96	80	51	0	1	80	1	80	1.65e-23	90.4
tr|A0A063KWA5|Release	GCF_002887615.1_WP_038869703.1	36.250	83	81	96	80	51	0	1	80	1	80	1.78e-23	90.4
tr|A0A063KWA5|Release	GCF_013423785.1_WP_180308358.1	30.000	83	88	96	80	55	1	2	81	10	88	1.89e-23	90.4
tr|A0A063KWA5|Release	GCF_000517405.1_WP_038469034.1	28.049	83	83	99	82	54	2	2	83	7	83	2.03e-23	90.4
tr|A0A063KWA5|Release	GCF_004768525.1_WP_026822068.1	28.750	83	88	96	80	52	2	2	81	10	84	2.03e-23	90.4
tr|A0A063KWA5|Release	GCF_002157895.1_WP_227874980.1	41.975	83	82	98	81	47	0	1	81	2	82	2.06e-23	90.1
tr|A0A063KWA5|Release	GCF_000147055.1_WP_022632468.1	26.250	83	86	96	80	54	2	2	81	10	84	2.26e-23	90.1
tr|A0A063KWA5|Release	GCF_000148645.1_WP_013347076.1	38.462	83	80	94	78	48	0	4	81	3	80	2.35e-23	90.1
tr|A0A063KWA5|Release	GCF_002291445.1_WP_048635886.1	25.000	83	86	96	80	55	2	2	81	10	84	2.39e-23	90.1
tr|A0A063KWA5|Release	GCF_024346675.1_WP_048897676.1	26.582	83	86	95	79	58	0	2	80	8	86	2.41e-23	90.1
tr|A0A063KWA5|Release	GCF_000214235.1_WP_004952197.1	23.750	83	85	96	80	56	2	2	81	8	82	2.57e-23	90.1
tr|A0A063KWA5|Release	GCF_003403135.1_WP_024104894.1	27.500	83	86	96	80	53	2	2	81	10	84	2.65e-23	90.1
tr|A0A063KWA5|Release	GCF_001010285.1_WP_046974061.1	25.000	83	88	96	80	55	2	2	81	10	84	3.05e-23	89.8
tr|A0A063KWA5|Release	GCF_000091565.1_WP_004159420.1	27.500	83	87	96	80	53	2	2	81	10	84	3.89e-23	89.6
tr|A0A063KWA5|Release	GCF_003992745.1_WP_014700896.1	25.000	83	86	96	80	55	2	2	81	10	84	4.04e-23	89.6
tr|A0A063KWA5|Release	GCF_022647325.1_WP_111140597.1	23.171	83	86	99	82	58	2	2	83	10	86	4.48e-23	89.6
tr|A0A063KWA5|Release	GCF_002504285.1_WP_005282992.1	23.750	83	86	96	80	56	2	2	81	10	84	4.59e-23	89.6
tr|A0A063KWA5|Release	GCF_001006005.1_WP_223499701.1	26.250	83	85	96	80	54	2	2	81	8	82	4.69e-23	89.3
tr|A0A063KWA5|Release	GCF_000261045.2_WP_006318653.1	23.750	83	87	96	80	56	2	2	81	10	84	5.18e-23	89.3
tr|A0A063KWA5|Release	GCF_000196475.1_WP_012776850.1	25.000	83	88	96	80	55	2	2	81	10	84	5.36e-23	89.3
tr|A0A063KWA5|Release	GCF_020268605.1_WP_180560445.1	28.750	83	88	96	80	52	2	2	81	10	84	5.45e-23	89.3
tr|A0A063KWA5|Release	GCF_002005305.1_WP_077753428.1	20.988	83	86	98	81	64	0	1	81	6	86	5.47e-23	89.3
tr|A0A063KWA5|Release	GCF_902387845.1_WP_004237241.1	32.500	83	88	96	80	49	2	2	81	10	84	6.04e-23	89.3
tr|A0A063KWA5|Release	GCF_008364325.2_WP_230090436.1	25.000	83	85	96	80	55	2	2	81	8	82	6.55e-23	89.0
tr|A0A063KWA5|Release	GCF_000014765.1_WP_011633385.1	29.630	83	89	98	81	57	0	2	82	5	85	8.12e-23	88.7
tr|A0A063KWA5|Release	GCF_000196155.1_WP_011145066.1	22.222	83	88	98	81	58	2	2	82	10	85	8.36e-23	88.7
tr|A0A063KWA5|Release	GCF_900638135.1_WP_012146468.1	23.750	83	87	96	80	56	2	2	81	10	84	8.89e-23	88.7
tr|A0A063KWA5|Release	GCF_000968535.2_WP_014147785.1	32.500	83	84	96	80	53	1	2	81	6	84	8.92e-23	88.7
tr|A0A063KWA5|Release	GCF_008931805.1_WP_019441510.1	54.321	83	81	98	81	37	0	1	81	1	81	1.02e-22	88.4
tr|A0A063KWA5|Release	GCF_001431725.1_WP_021820278.1	34.568	83	81	98	81	53	0	1	81	1	81	1.10e-22	88.4
tr|A0A063KWA5|Release	GCF_011045835.1_WP_075671674.1	24.390	83	86	99	82	57	2	2	83	10	86	1.14e-22	88.4
tr|A0A063KWA5|Release	GCF_019090985.1_WP_036781226.1	22.500	83	88	96	80	57	2	2	81	10	84	1.18e-22	88.4
tr|A0A063KWA5|Release	GCF_009831665.3_WP_006709226.1	22.500	83	87	96	80	57	2	2	81	10	84	1.21e-22	88.4
tr|A0A063KWA5|Release	GCF_029457395.1_WP_024766443.1	20.482	83	92	95	83	62	2	4	82	9	91	1.35e-22	88.4
tr|A0A063KWA5|Release	GCF_000146165.2_WP_164925808.1	25.000	83	89	100	84	62	1	1	83	6	89	1.40e-22	88.1
tr|A0A063KWA5|Release	GCF_002291425.1_WP_095847471.1	27.500	83	87	96	80	53	2	2	81	10	84	1.51e-22	88.1
tr|A0A063KWA5|Release	GCF_000014885.1_WP_020912292.1	25.000	83	87	96	80	60	0	2	81	7	86	1.58e-22	88.1
tr|A0A063KWA5|Release	GCF_005931095.1_WP_017839868.1	31.250	83	84	96	80	54	1	2	81	6	84	1.93e-22	87.9
tr|A0A063KWA5|Release	GCF_000968195.1_WP_045972480.1	26.250	83	87	96	80	54	2	2	81	11	85	1.94e-22	87.9
tr|A0A063KWA5|Release	GCF_016026395.1_WP_024524235.1	23.750	83	86	96	80	56	2	2	81	10	84	2.11e-22	87.9
tr|A0A063KWA5|Release	GCF_000016065.1_WP_011864074.1	21.951	83	93	99	82	63	1	1	82	6	86	2.18e-22	87.9
tr|A0A063KWA5|Release	GCF_022369495.1_WP_072064250.1	24.390	83	86	99	82	57	2	2	83	10	86	2.18e-22	87.6
tr|A0A063KWA5|Release	GCF_001455205.1_WP_062560013.1	36.250	83	84	96	80	50	1	2	81	6	84	2.55e-22	87.6
tr|A0A063KWA5|Release	GCF_000069965.1_WP_004245453.1	23.171	83	86	99	82	58	2	2	83	10	86	2.81e-22	87.3
tr|A0A063KWA5|Release	GCF_012971725.1_WP_169940133.1	20.482	83	92	95	83	62	2	4	82	9	91	2.93e-22	87.6
tr|A0A063KWA5|Release	GCF_029277985.1_WP_154623766.1	23.457	83	87	98	81	57	2	2	82	10	85	2.95e-22	87.3
tr|A0A063KWA5|Release	GCF_012295615.1_WP_007018284.1	37.037	83	81	98	81	51	0	1	81	1	81	3.09e-22	87.3
tr|A0A063KWA5|Release	GCF_005484965.1_WP_009114129.1	25.000	83	86	96	80	55	2	2	81	10	84	3.11e-22	87.3
tr|A0A063KWA5|Release	GCF_008033135.1_WP_148717358.1	21.795	83	87	94	78	60	1	2	79	7	83	3.30e-22	87.3
tr|A0A063KWA5|Release	GCF_020541225.1_WP_226811316.1	26.829	83	86	99	82	55	2	2	83	10	86	3.43e-22	87.3
tr|A0A063KWA5|Release	GCF_017348915.1_WP_040077077.1	30.000	83	86	96	80	51	2	2	81	10	84	3.59e-22	87.0
tr|A0A063KWA5|Release	GCF_022592395.1_WP_047255099.1	21.250	83	87	96	80	58	2	2	81	10	84	4.87e-22	86.7
tr|A0A063KWA5|Release	GCF_019047765.1_WP_040230035.1	31.250	83	86	96	80	50	2	2	81	10	84	7.77e-22	86.2
tr|A0A063KWA5|Release	GCF_000968175.1_WP_045959360.1	26.250	83	88	96	80	54	2	2	81	11	85	8.31e-22	86.2
tr|A0A063KWA5|Release	GCF_004295645.1_WP_228350951.1	27.500	83	88	96	80	53	2	2	81	11	85	1.05e-21	85.9
tr|A0A063KWA5|Release	GCF_025946765.1_WP_264497926.1	23.750	83	86	96	80	56	2	2	81	10	84	1.29e-21	85.6
tr|A0A063KWA5|Release	GCF_002952315.1_WP_012667243.1	23.750	83	87	96	80	56	2	2	81	10	84	1.31e-21	85.6
tr|A0A063KWA5|Release	GCF_003204135.1_WP_004908806.1	23.750	83	87	96	80	56	2	2	81	10	84	1.37e-21	85.6
tr|A0A063KWA5|Release	GCF_002843235.3_WP_102139922.1	23.750	83	87	96	80	56	2	2	81	10	84	1.72e-21	85.3
tr|A0A063KWA5|Release	GCF_003096015.2_WP_230514010.1	26.250	83	88	96	80	54	2	2	81	11	85	1.72e-21	85.3
tr|A0A063KWA5|Release	GCF_002849875.1_WP_232379112.1	40.244	83	113	95	82	46	1	2	80	32	113	1.74e-21	85.9
tr|A0A063KWA5|Release	GCF_900475855.1_WP_068441311.1	23.750	83	87	96	80	56	2	2	81	10	84	1.76e-21	85.3
tr|A0A063KWA5|Release	GCF_024746855.1_WP_260492542.1	40.000	83	79	96	80	47	1	1	80	1	79	2.36e-21	85.1
tr|A0A063KWA5|Release	GCF_021365465.1_WP_016190321.1	28.750	83	87	96	80	52	2	2	81	10	84	2.69e-21	85.1
tr|A0A063KWA5|Release	GCF_017743015.1_WP_209027287.1	27.500	83	88	96	80	53	2	2	81	10	84	3.55e-21	84.8
tr|A0A063KWA5|Release	GCF_008632455.1_WP_150048082.1	33.750	83	84	96	80	52	1	2	81	6	84	3.59e-21	84.5
tr|A0A063KWA5|Release	GCF_002393505.1_WP_006658392.1	25.000	83	87	96	80	55	2	2	81	10	84	3.69e-21	84.5
tr|A0A063KWA5|Release	GCF_900638655.1_WP_047781753.1	27.500	83	88	96	80	53	2	2	81	11	85	4.13e-21	84.5
tr|A0A063KWA5|Release	GCF_019797925.1_WP_193521737.1	37.037	83	80	98	81	50	1	1	81	1	80	4.18e-21	84.2
tr|A0A063KWA5|Release	GCF_003074995.2_WP_015870269.1	24.051	83	86	95	79	55	2	2	80	10	83	4.86e-21	84.2
tr|A0A063KWA5|Release	GCF_014295015.1_WP_013185414.1	26.250	83	87	96	80	54	2	2	81	11	85	5.45e-21	84.2
tr|A0A063KWA5|Release	GCF_004116975.1_WP_064720954.1	23.171	83	86	99	82	58	2	2	83	10	86	5.61e-21	84.2
tr|A0A063KWA5|Release	GCF_900478135.1_WP_111739359.1	26.250	83	88	96	80	54	2	2	81	11	85	5.68e-21	84.2
tr|A0A063KWA5|Release	GCF_003025345.2_WP_003155955.1	26.190	83	91	95	84	57	1	2	80	7	90	6.43e-21	83.9
tr|A0A063KWA5|Release	GCF_001721185.1_WP_069317984.1	23.750	83	87	96	80	56	2	2	81	10	84	1.34e-20	83.1
tr|A0A063KWA5|Release	GCF_019703835.1_WP_087020305.1	29.114	83	79	95	79	52	1	4	82	3	77	1.66e-20	82.8
tr|A0A063KWA5|Release	GCF_000019185.1_WP_012277931.1	37.000	83	100	98	100	44	1	1	81	1	100	2.76e-20	82.5
tr|A0A063KWA5|Release	GCF_000785705.2_WP_036272019.1	29.114	83	82	95	79	54	2	2	80	6	82	2.89e-20	82.2
tr|A0A063KWA5|Release	GCF_005671395.1_WP_138095872.1	28.788	83	86	80	66	46	1	2	67	10	74	4.19e-20	82.0
tr|A0A063KWA5|Release	GCF_001677435.1_WP_068615618.1	24.390	83	90	99	82	61	1	2	83	9	89	4.22e-20	82.0
tr|A0A063KWA5|Release	GCF_003568825.1_WP_040644076.1	27.711	83	83	96	83	57	1	1	80	1	83	5.91e-20	81.4
tr|A0A063KWA5|Release	GCF_008364325.2_WP_020826409.1	23.457	83	84	98	81	59	1	2	82	7	84	1.07e-19	80.8
tr|A0A063KWA5|Release	GCF_016026875.1_WP_045525981.1	19.753	83	89	98	81	60	3	2	82	7	82	1.56e-19	80.6
tr|A0A063KWA5|Release	GCF_020405345.1_WP_017780573.1	19.753	83	89	98	81	60	3	2	82	7	82	2.74e-19	80.0
tr|A0A063KWA5|Release	GCF_026427595.1_WP_251812951.1	25.926	83	88	93	81	56	3	4	80	7	87	6.25e-19	78.9
tr|A0A063KWA5|Release	GCF_003990335.1_WP_127025819.1	21.951	83	91	99	82	63	1	1	82	5	85	1.20e-18	78.3
tr|A0A063KWA5|Release	GCF_017638925.1_WP_208844867.1	34.615	83	81	94	78	50	1	1	78	1	77	1.23e-18	78.0
tr|A0A063KWA5|Release	GCF_004358345.1_WP_121852852.1	27.941	83	76	82	68	49	0	2	69	8	75	1.26e-18	78.0
tr|A0A063KWA5|Release	GCF_020423125.1_WP_226170850.1	20.988	83	84	98	81	59	3	2	82	7	82	3.57e-18	76.9
tr|A0A063KWA5|Release	GCF_020149575.1_WP_224431657.1	19.512	83	85	99	82	61	3	2	83	7	83	3.90e-18	76.9
tr|A0A063KWA5|Release	GCF_003515105.1_WP_036973086.1	25.373	83	73	81	67	50	0	2	68	6	72	6.94e-18	76.0
tr|A0A063KWA5|Release	GCF_007197555.1_WP_144048375.1	20.690	83	94	98	87	63	2	1	81	6	92	8.90e-18	76.0
tr|A0A063KWA5|Release	GCF_028355655.1_WP_087756847.1	19.753	83	84	98	81	60	3	2	82	7	82	9.78e-18	75.8
tr|A0A063KWA5|Release	GCF_900637545.1_WP_042651794.1	20.988	83	84	98	81	59	3	2	82	7	82	1.40e-17	75.5
tr|A0A063KWA5|Release	GCF_000018285.1_WP_012155987.1	32.673	83	102	96	101	47	1	1	80	1	101	4.12e-17	74.6
tr|A0A063KWA5|Release	GCF_000147355.1_WP_013326989.1	40.909	83	67	80	66	39	0	15	80	1	66	6.90e-17	73.2
tr|A0A063KWA5|Release	GCF_008693705.1_WP_127008315.1	19.753	83	84	98	81	60	3	2	82	7	82	7.35e-17	73.5
tr|A0A063KWA5|Release	GCF_003015165.1_WP_106887831.1	20.988	83	84	98	81	59	3	2	82	7	82	1.15e-16	73.0
tr|A0A063KWA5|Release	GCF_014169735.1_WP_134997272.1	18.519	83	86	98	81	61	3	2	82	7	82	2.22e-16	72.4
tr|A0A063KWA5|Release	GCF_016026615.1_WP_197928313.1	19.753	83	89	98	81	60	3	2	82	7	82	5.65e-16	71.3
tr|A0A063KWA5|Release	GCF_002215215.1_WP_088918776.1	28.916	83	101	99	83	56	3	2	83	20	100	5.91e-16	71.5
tr|A0A063KWA5|Release	GCF_020991025.1_WP_152109250.1	29.851	83	83	80	67	45	2	2	67	8	73	1.27e-15	70.4
tr|A0A063KWA5|Release	GCF_001596155.1_WP_068342236.1	22.078	83	90	89	77	53	4	2	75	8	80	1.44e-15	70.4
tr|A0A063KWA5|Release	GCF_010093065.1_WP_238430213.1	15.942	83	83	80	69	52	2	2	67	11	76	1.57e-15	70.1
tr|A0A063KWA5|Release	GCF_016127195.1_WP_042032742.1	16.049	83	89	98	81	63	3	2	82	7	82	2.06e-15	69.9
tr|A0A063KWA5|Release	GCF_002157225.2_WP_086934278.1	27.778	83	80	87	72	51	1	1	72	4	74	2.53e-15	69.6
tr|A0A063KWA5|Release	GCF_000788395.1_WP_038641921.1	31.507	83	85	87	73	48	2	2	73	5	76	2.60e-15	69.6
tr|A0A063KWA5|Release	GCF_015209785.1_WP_193988300.1	23.438	83	73	77	64	49	0	2	65	6	69	3.55e-15	69.0
tr|A0A063KWA5|Release	GCF_001507645.1_WP_068195976.1	22.892	83	90	96	83	58	2	2	81	8	87	3.63e-15	69.3
tr|A0A063KWA5|Release	GCF_003855395.1_WP_124730567.1	28.916	83	88	95	83	55	2	2	80	4	86	6.82e-15	68.7
tr|A0A063KWA5|Release	GCF_003063625.1_WP_108601906.1	31.944	83	85	87	72	48	1	1	72	4	74	2.35e-14	67.3
tr|A0A063KWA5|Release	GCF_003966655.1_WP_113527441.1	24.286	83	77	84	70	52	1	2	71	8	76	2.44e-14	67.0
tr|A0A063KWA5|Release	GCF_020511155.1_WP_226415657.1	28.571	83	87	96	84	56	2	1	80	4	87	3.08e-14	67.0
tr|A0A063KWA5|Release	GCF_002218045.2_WP_089137819.1	28.986	83	79	80	69	46	1	2	67	9	77	3.70e-14	66.5
tr|A0A063KWA5|Release	GCF_000014705.1_WP_011637758.1	26.506	83	88	95	83	57	2	2	80	4	86	8.25e-14	65.9
tr|A0A063KWA5|Release	GCF_013462805.1_WP_009566961.1	22.857	83	77	84	70	53	1	2	71	8	76	1.46e-13	65.1
tr|A0A063KWA5|Release	GCF_010093065.1_WP_162331416.1	15.789	83	84	88	76	58	3	2	74	11	83	1.51e-13	65.1
tr|A0A063KWA5|Release	GCF_002762215.1_WP_085750011.1	15.714	83	87	81	70	53	3	2	68	9	75	2.12e-13	64.8
tr|A0A063KWA5|Release	GCF_020844025.1_WP_215848879.1	25.352	83	77	86	71	52	1	2	72	8	77	2.15e-13	64.5
tr|A0A063KWA5|Release	GCF_000940995.1_WP_082060442.1	21.429	83	93	84	70	55	0	10	79	16	85	2.27e-13	64.8
tr|A0A063KWA5|Release	GCF_024347195.1_WP_271272618.1	22.388	83	77	77	67	49	2	2	65	7	73	2.59e-13	64.5
tr|A0A063KWA5|Release	GCF_003584645.1_WP_197716612.1	13.333	83	80	87	75	59	2	2	73	8	79	2.65e-13	64.5
tr|A0A063KWA5|Release	GCF_013283835.1_WP_071626507.1	19.718	83	83	82	71	50	3	2	69	8	74	2.90e-13	64.5
tr|A0A063KWA5|Release	GCF_006337165.1_WP_139515111.1	19.718	83	82	80	71	48	3	2	67	8	74	4.82e-13	63.7
tr|A0A063KWA5|Release	GCF_004028275.1_WP_128384077.1	20.270	83	77	84	74	54	3	2	71	3	75	5.90e-13	63.4
tr|A0A063KWA5|Release	GCF_004001245.1_WP_127478562.1	16.667	83	85	82	72	56	2	2	69	10	81	6.03e-13	63.7
tr|A0A063KWA5|Release	GCF_008728635.1_WP_151087836.1	21.519	83	90	92	79	55	4	2	77	8	82	7.45e-13	63.4
tr|A0A063KWA5|Release	GCF_001020955.1_WP_047250467.1	15.278	83	82	82	72	56	3	2	69	10	80	8.73e-13	63.1
tr|A0A063KWA5|Release	GCF_000026085.1_WP_041454550.1	22.388	83	73	80	67	50	2	2	67	6	71	8.99e-13	62.8
tr|A0A063KWA5|Release	GCF_000576555.1_WP_044000633.1	18.310	83	83	80	71	49	3	2	67	9	75	1.07e-12	62.8
tr|A0A063KWA5|Release	GCF_003149515.1_WP_109656005.1	17.333	83	90	87	75	56	2	2	73	8	79	1.11e-12	63.1
tr|A0A063KWA5|Release	GCF_013137895.1_WP_135435790.1	15.493	83	83	80	71	51	3	2	67	9	75	1.14e-12	62.8
tr|A0A063KWA5|Release	GCF_004355185.1_WP_133271280.1	14.085	83	81	80	71	52	3	2	67	7	73	1.32e-12	62.5
tr|A0A063KWA5|Release	GCF_027625995.1_WP_270126807.1	15.493	83	82	80	71	51	3	2	67	8	74	1.50e-12	62.5
tr|A0A063KWA5|Release	GCF_022811645.1_WP_243511723.1	20.290	83	90	80	69	49	2	2	67	8	73	1.63e-12	62.5
tr|A0A063KWA5|Release	GCF_003955735.1_WP_126127786.1	12.195	83	91	95	82	64	4	2	80	12	88	1.84e-12	62.5
tr|A0A063KWA5|Release	GCF_000024005.1_WP_012793320.1	15.789	83	84	88	76	58	2	2	74	11	83	1.90e-12	62.3
tr|A0A063KWA5|Release	GCF_017742995.1_WP_247749573.1	46.512	83	48	52	43	23	0	1	43	1	43	2.03e-12	61.7
tr|A0A063KWA5|Release	GCF_902810445.1_WP_197744199.1	26.027	83	78	83	73	46	4	2	70	7	75	2.04e-12	62.3
tr|A0A063KWA5|Release	GCF_009662475.1_WP_031573754.1	24.658	83	79	88	73	54	1	2	74	8	79	2.09e-12	62.0
tr|A0A063KWA5|Release	GCF_013177675.1_WP_172128285.1	16.216	83	81	86	74	55	3	2	72	8	77	2.67e-12	62.0
tr|A0A063KWA5|Release	GCF_001444405.1_WP_058032142.1	29.577	83	87	86	71	50	0	1	71	1	71	2.93e-12	62.0
tr|A0A063KWA5|Release	GCF_016613475.2_WP_200606805.1	15.714	83	90	81	70	53	2	2	68	11	77	3.53e-12	61.7
tr|A0A063KWA5|Release	GCF_001651805.1_WP_067384150.1	23.188	83	78	77	69	47	4	2	65	7	74	3.70e-12	61.4
tr|A0A063KWA5|Release	GCF_000013765.1_WP_011496543.1	23.810	83	106	96	84	60	2	2	81	23	106	3.87e-12	62.0
tr|A0A063KWA5|Release	GCF_003353065.1_WP_114983154.1	13.636	83	84	77	66	52	2	2	65	11	73	4.38e-12	61.4
tr|A0A063KWA5|Release	GCF_021654855.1_WP_237262080.1	29.412	83	70	78	68	45	1	2	66	3	70	4.80e-12	61.1
tr|A0A063KWA5|Release	GCF_003970675.1_WP_126615366.1	19.697	83	76	80	66	48	3	2	67	13	73	5.32e-12	61.1
tr|A0A063KWA5|Release	GCF_018736065.1_WP_144074266.1	19.118	83	76	82	68	50	3	2	69	13	75	6.59e-12	60.9
tr|A0A063KWA5|Release	GCF_000801295.1_WP_171816254.1	17.647	83	99	78	68	52	3	2	66	10	76	9.76e-12	60.9
tr|A0A063KWA5|Release	GCF_000092245.1_WP_013136435.1	21.739	83	76	81	69	49	2	2	68	5	70	1.20e-11	60.0
tr|A0A063KWA5|Release	GCF_000021985.1_WP_012639500.1	20.588	83	82	77	68	50	2	2	65	8	75	1.26e-11	60.3
tr|A0A063KWA5|Release	GCF_003574965.1_WP_119445661.1	15.493	83	82	80	71	51	3	2	67	8	74	1.27e-11	60.3
tr|A0A063KWA5|Release	GCF_000012325.1_WP_011045621.1	32.353	83	84	82	68	45	1	2	69	5	71	1.41e-11	60.0
tr|A0A063KWA5|Release	GCF_023650495.1_WP_250655372.1	26.190	83	88	96	84	58	2	1	80	4	87	1.43e-11	60.0
tr|A0A063KWA5|Release	GCF_019931735.1_WP_223417223.1	25.882	83	87	98	85	59	2	1	81	3	87	1.48e-11	60.0
tr|A0A063KWA5|Release	GCF_000212735.1_WP_013764159.1	14.286	83	83	88	77	58	3	2	74	10	82	1.50e-11	60.0
tr|A0A063KWA5|Release	GCF_009755585.1_WP_157030071.1	15.942	83	85	80	69	52	2	2	67	8	73	1.51e-11	60.0
tr|A0A063KWA5|Release	GCF_002355735.1_WP_096359192.1	20.000	83	83	81	70	53	2	2	68	13	82	1.52e-11	60.0
tr|A0A063KWA5|Release	GCF_000012805.1_WP_011330264.1	15.278	83	85	83	72	55	3	2	70	7	75	1.61e-11	60.0
tr|A0A063KWA5|Release	GCF_000014785.1_WP_011630183.1	18.310	83	83	82	71	55	2	2	69	13	83	1.63e-11	60.0
tr|A0A063KWA5|Release	GCF_003967195.1_WP_172597571.1	17.333	83	83	86	75	58	3	2	72	9	83	1.70e-11	59.7
tr|A0A063KWA5|Release	GCF_001955715.1_WP_029708890.1	15.068	83	80	83	73	54	3	2	70	7	75	1.71e-11	59.7
tr|A0A063KWA5|Release	GCF_002356115.1_WP_096526481.1	15.493	83	78	82	71	54	2	2	69	7	74	1.88e-11	59.7
tr|A0A063KWA5|Release	GCF_006385555.1_WP_140234395.1	33.735	83	87	95	83	51	3	2	80	4	86	1.89e-11	59.7
tr|A0A063KWA5|Release	GCF_004421105.1_WP_134356453.1	15.278	83	80	83	72	55	3	2	70	7	75	2.09e-11	59.5
tr|A0A063KWA5|Release	GCF_024347275.1_WP_019620968.1	19.737	83	82	87	76	57	3	2	73	7	82	2.19e-11	59.5
tr|A0A063KWA5|Release	GCF_000143085.1_WP_013221711.1	15.278	83	82	83	72	55	3	2	70	7	75	2.74e-11	59.5
tr|A0A063KWA5|Release	GCF_013343005.1_WP_078482823.1	14.865	83	84	84	74	59	2	2	71	8	81	2.81e-11	59.5
tr|A0A063KWA5|Release	GCF_013201725.1_WP_014475480.1	18.310	83	74	82	71	51	3	2	69	8	74	2.82e-11	59.2
tr|A0A063KWA5|Release	GCF_001956695.1_WP_076086034.1	17.143	83	77	81	70	52	3	2	68	5	71	3.08e-11	59.2
tr|A0A063KWA5|Release	GCF_000238255.3_WP_010559905.1	35.211	83	86	84	71	44	2	2	71	5	74	3.11e-11	59.2
tr|A0A063KWA5|Release	GCF_022827545.1_WP_243798205.1	15.493	83	82	80	71	51	3	2	67	8	74	3.28e-11	59.2
tr|A0A063KWA5|Release	GCF_013201665.1_WP_128359868.1	16.667	83	81	84	72	55	2	2	71	8	76	3.53e-11	58.9
tr|A0A063KWA5|Release	GCF_002355415.1_WP_148665551.1	17.391	83	87	80	69	54	2	2	67	17	85	3.54e-11	59.2
tr|A0A063KWA5|Release	GCF_004798725.1_WP_010811758.1	11.429	83	83	81	70	56	2	2	68	11	77	4.44e-11	58.9
tr|A0A063KWA5|Release	GCF_002142475.1_WP_026148861.1	16.667	83	86	82	72	52	3	2	69	7	74	4.49e-11	58.9
tr|A0A063KWA5|Release	GCF_024347255.1_WP_091360415.1	26.471	83	79	77	68	46	2	2	65	7	74	5.08e-11	58.6
tr|A0A063KWA5|Release	GCF_003346815.1_WP_114840342.1	23.288	83	82	84	73	49	3	2	71	8	76	6.40e-11	58.3
tr|A0A063KWA5|Release	GCF_000321415.2_WP_015260329.1	13.699	83	93	84	73	60	2	2	71	10	82	6.40e-11	58.6
tr|A0A063KWA5|Release	GCF_024347675.1_WP_261833361.1	42.222	83	54	54	45	25	1	1	45	1	44	6.53e-11	57.8
tr|A0A063KWA5|Release	GCF_008807855.1_WP_063240334.1	17.143	83	83	81	70	52	2	2	68	11	77	6.76e-11	58.3
tr|A0A063KWA5|Release	GCF_003346775.1_WP_114843067.1	22.857	83	84	82	70	49	2	2	69	8	74	7.10e-11	58.3
tr|A0A063KWA5|Release	GCF_018389385.1_WP_218082190.1	16.176	83	91	78	68	51	2	2	66	21	85	9.42e-11	58.0
tr|A0A063KWA5|Release	GCF_019891175.1_WP_225938383.1	15.714	83	93	81	70	53	2	1	67	14	80	1.09e-10	58.0
tr|A0A063KWA5|Release	GCF_020091585.1_WP_224339804.1	15.714	83	82	81	70	53	3	2	68	7	73	1.25e-10	57.8
tr|A0A063KWA5|Release	GCF_010119975.1_WP_162445115.1	18.182	83	365	88	77	55	3	2	74	14	86	1.33e-10	61.4
tr|A0A063KWA5|Release	GCF_002557795.1_WP_098194977.1	16.216	83	89	82	74	52	3	2	69	11	80	1.44e-10	57.5
tr|A0A063KWA5|Release	GCF_013283835.1_WP_071625892.1	13.889	83	79	81	72	54	2	2	68	5	73	1.74e-10	57.2
tr|A0A063KWA5|Release	GCF_000018105.1_WP_012162738.1	16.901	83	86	81	71	51	3	1	67	6	72	3.16e-10	56.6
tr|A0A063KWA5|Release	GCF_000317125.1_WP_015155280.1	16.901	83	81	81	71	51	4	1	67	6	72	4.57e-10	56.1
tr|A0A063KWA5|Release	GCF_013282625.1_WP_173286717.1	24.638	83	67	83	69	48	2	2	70	3	67	4.70e-10	55.8
tr|A0A063KWA5|Release	GCF_013177635.1_WP_129095542.1	19.403	83	72	78	67	49	3	2	66	8	71	5.36e-10	55.8
tr|A0A063KWA5|Release	GCF_024347215.1_WP_261843265.1	17.910	83	77	77	67	52	2	2	65	7	73	5.44e-10	55.8
tr|A0A063KWA5|Release	GCF_009938015.1_WP_223264517.1	14.286	83	90	80	70	56	3	2	67	10	79	5.78e-10	56.1
tr|A0A063KWA5|Release	GCF_000006765.1_NP_249630.1	24.138	83	108	99	87	61	1	2	83	7	93	8.53e-10	56.1
tr|A0A063KWA5|Release	GCF_003544915.1_WP_118918525.1	19.118	83	73	80	68	50	2	2	67	8	72	1.04e-09	55.2
tr|A0A063KWA5|Release	GCF_013201665.1_WP_128358834.1	15.942	83	76	81	69	53	2	2	68	5	70	1.22e-09	55.0
tr|A0A063KWA5|Release	GCF_000227685.2_WP_006746304.1	12.676	83	83	82	71	59	2	2	69	10	80	1.22e-09	55.2
tr|A0A063KWA5|Release	GCF_001723605.1_WP_069479051.1	15.942	83	76	81	69	53	2	2	68	5	70	1.24e-09	55.0
tr|A0A063KWA5|Release	GCF_001442805.1_WP_057942092.1	12.857	83	88	81	70	55	2	2	68	11	77	1.37e-09	55.2
tr|A0A063KWA5|Release	GCF_023733635.1_WP_039959400.1	18.841	83	89	77	69	50	3	2	65	7	74	1.43e-09	55.0
tr|A0A063KWA5|Release	GCF_013201935.1_WP_129014602.1	20.588	83	72	78	68	47	3	2	66	8	71	1.60e-09	54.7
tr|A0A063KWA5|Release	GCF_005166025.1_WP_137090244.1	20.833	83	84	82	72	49	3	2	69	8	75	1.64e-09	55.0
tr|A0A063KWA5|Release	GCF_001956695.1_WP_076086043.1	17.808	83	77	84	73	53	3	2	71	7	75	2.27e-09	54.4
tr|A0A063KWA5|Release	GCF_013201935.1_WP_128987185.1	18.841	83	76	81	69	51	2	2	68	5	70	2.31e-09	54.4
tr|A0A063KWA5|Release	GCF_004214795.1_WP_130234502.1	14.286	83	78	81	70	53	3	2	68	8	73	2.70e-09	54.1
tr|A0A063KWA5|Release	GCF_003544815.1_WP_118886031.1	17.391	83	76	81	69	52	2	2	68	5	70	3.05e-09	54.1
tr|A0A063KWA5|Release	GCF_000024725.1_WP_013031543.1	15.278	83	81	83	72	55	3	2	70	7	75	3.17e-09	54.1
tr|A0A063KWA5|Release	GCF_002309535.1_WP_096047558.1	15.942	83	88	81	69	53	2	2	68	5	70	3.97e-09	53.8
tr|A0A063KWA5|Release	GCF_004293625.1_WP_130538367.1	28.814	83	71	71	59	38	2	2	60	3	57	4.40e-09	53.5
tr|A0A063KWA5|Release	GCF_000222485.1_WP_014022977.1	15.278	83	85	83	72	55	3	2	70	10	78	4.43e-09	53.8
tr|A0A063KWA5|Release	GCF_011398155.1_WP_173291533.1	15.714	83	71	84	70	56	1	2	71	3	69	5.07e-09	53.3
tr|A0A063KWA5|Release	GCF_000828615.1_WP_041064380.1	18.056	83	80	81	72	53	4	2	68	10	80	5.79e-09	53.3
tr|A0A063KWA5|Release	GCF_013177635.1_WP_129095951.1	15.942	83	76	81	69	53	2	2	68	5	70	7.18e-09	53.0
tr|A0A063KWA5|Release	GCF_000265295.1_WP_014770430.1	15.942	83	76	81	69	53	2	2	68	5	70	8.55e-09	53.0
tr|A0A063KWA5|Release	GCF_011398355.1_WP_173270160.1	25.000	83	65	77	64	44	2	3	66	4	63	1.05e-08	52.4
tr|A0A063KWA5|Release	GCF_009937995.1_WP_179954406.1	16.438	83	79	83	73	57	2	2	70	7	79	1.51e-08	52.1
tr|A0A063KWA5|Release	GCF_000265505.1_WP_014796533.1	19.231	83	97	82	78	53	2	2	69	9	86	2.49e-08	52.1
tr|A0A063KWA5|Release	GCF_000568815.1_WP_025346049.1	15.942	83	76	81	69	53	2	2	68	5	70	4.28e-08	51.0
tr|A0A063KWA5|Release	GCF_001050135.1_WP_048644179.1	18.310	83	88	81	71	50	3	2	68	10	76	5.05e-08	51.0
tr|A0A063KWA5|Release	GCF_000317575.1_WP_015193670.1	20.290	83	74	80	69	49	2	2	67	7	72	6.12e-08	50.7
tr|A0A063KWA5|Release	GCF_000242635.2_WP_014682426.1	8.824	83	83	78	68	56	2	6	70	11	75	9.52e-08	50.2
tr|A0A063KWA5|Release	GCF_003722295.1_WP_010573895.1	19.444	83	75	80	72	48	3	2	67	7	74	1.33e-07	49.9
tr|A0A063KWA5|Release	GCF_003143555.1_WP_109340539.1	13.699	83	84	86	73	61	1	4	74	5	77	1.43e-07	49.9
tr|A0A063KWA5|Release	GCF_011398355.1_WP_173270199.1	23.077	83	66	78	65	46	2	3	67	4	64	3.53e-07	48.5
tr|A0A063KWA5|Release	GCF_013177675.1_WP_172126669.1	11.429	83	77	81	70	55	3	2	68	5	70	6.05e-07	48.2
tr|A0A063KWA5|Release	GCF_018388465.1_WP_208290210.1	14.706	83	316	80	68	56	1	8	73	139	206	6.33e-07	51.0
tr|A0A063KWA5|Release	GCF_005281475.1_WP_137401239.1	9.211	83	81	88	76	62	4	2	74	6	77	7.97e-07	47.9
tr|A0A063KWA5|Release	GCF_008122265.1_WP_148863603.1	18.310	83	84	81	71	50	3	2	68	7	73	8.22e-07	47.9
tr|A0A063KWA5|Release	GCF_006575665.1_WP_141613356.1	8.451	83	81	82	71	58	4	2	69	6	72	7.16e-06	45.4
tr|A0A063KWA5|Release	GCF_000484535.1_WP_023173213.1	15.942	83	91	82	69	56	2	4	71	24	91	9.56e-06	45.4
tr|A0A063KWA5|Release	GCF_003260975.1_WP_112783789.1	12.329	83	81	84	73	57	4	2	71	6	74	1.36e-05	44.8
tr|A0A063KWA5|Release	GCF_021018745.1_WP_230843504.1	16.667	83	92	78	66	53	2	4	68	24	88	1.90e-05	44.5
tr|A0A063KWA5|Release	GCF_000011385.1_WP_011141833.1	16.667	83	92	78	66	53	2	4	68	24	88	7.78e-05	43.1
tr|A0A063KWA5|Release	GCF_001027285.1_WP_047859305.1	19.608	83	80	61	51	40	1	4	54	12	61	3.67e-04	41.2
tr|A0A063KWA5|Release	GCF_011764585.1_WP_188200227.1	12.281	83	63	64	57	46	2	14	66	1	57	4.54e-04	40.6
tr|A0A063KWA5|Release	GCF_000325705.1_WP_015264554.1	10.000	83	77	81	70	56	4	2	68	6	71	0.002	39.5
tr|A0A063KWA5|Release	GCF_003346815.1_WP_114840344.1	20.000	83	84	81	70	49	5	2	68	7	72	0.002	39.2
tr|A0A063KWA5|Release	GCF_003967275.1_WP_197721837.1	16.418	83	78	77	67	53	2	2	65	8	74	0.003	38.6
tr|A0A063KWA5|Release	GCF_000015485.1_WP_011791733.1	23.404	83	125	52	47	32	1	3	45	33	79	0.008	38.4
# PSIBLAST 2.13.0+
# Iteration: 9
# Query: tr|A0A063KWA5|Release 2019_11/2019_11|11-Dec-2019
# Database: db/chosen-bacteria_proteome_exDup
# Fields: query id, subject id, % identity, query length, subject length, % query coverage per subject, alignment length, mismatches, gap opens, q. start, q. end, s. start, s. end, evalue, bit score
# 454 hits found
tr|A0A063KWA5|Release	GCF_025402875.1_WP_011791024.1	27.711	83	90	100	83	60	0	1	83	6	88	1.13e-30	108
tr|A0A063KWA5|Release	GCF_008693605.1_WP_223849061.1	32.500	83	95	96	80	54	0	2	81	11	90	1.31e-30	108
tr|A0A063KWA5|Release	GCF_004353845.1_WP_103770713.1	31.646	83	93	95	79	54	0	2	80	10	88	1.72e-30	108
tr|A0A063KWA5|Release	GCF_002204915.1_WP_052690899.1	36.585	83	101	99	82	52	0	1	82	20	101	2.72e-30	108
tr|A0A063KWA5|Release	GCF_024971755.1_WP_259474826.1	26.506	83	88	100	83	61	0	1	83	6	88	2.84e-30	107
tr|A0A063KWA5|Release	GCF_003812345.1_WP_121571778.1	31.250	83	94	96	80	55	0	2	81	10	89	4.64e-30	107
tr|A0A063KWA5|Release	GCF_001597285.1_WP_061903727.1	28.395	83	92	98	81	58	0	3	83	8	88	8.18e-30	106
tr|A0A063KWA5|Release	GCF_024347355.1_WP_105024956.1	48.780	83	83	99	82	42	0	1	82	1	82	1.18e-29	106
tr|A0A063KWA5|Release	GCF_009938225.1_WP_075649723.1	43.902	83	82	99	82	46	0	1	82	1	82	1.52e-29	105
tr|A0A063KWA5|Release	GCF_000733715.2_WP_017362912.1	27.160	83	90	98	81	59	0	3	83	8	88	1.54e-29	105
tr|A0A063KWA5|Release	GCF_000178875.2_WP_012197738.1	26.506	83	90	100	83	61	0	1	83	6	88	1.97e-29	105
tr|A0A063KWA5|Release	GCF_024347475.1_WP_239840920.1	48.780	83	83	99	82	42	0	1	82	1	82	3.93e-29	104
tr|A0A063KWA5|Release	GCF_009938185.1_WP_162048373.1	41.463	83	82	99	82	48	0	1	82	1	82	4.05e-29	104
tr|A0A063KWA5|Release	GCF_002355475.1_WP_004421315.1	28.395	83	91	98	81	58	0	3	83	9	89	5.63e-29	104
tr|A0A063KWA5|Release	GCF_014905115.1_WP_193151849.1	50.000	83	81	96	80	40	0	1	80	1	80	8.46e-29	103
tr|A0A063KWA5|Release	GCF_024205225.1_WP_195881696.1	25.000	83	90	96	80	60	0	3	82	8	87	8.49e-29	104
tr|A0A063KWA5|Release	GCF_000297075.2_WP_003461742.1	26.250	83	90	96	80	59	0	3	82	8	87	1.03e-28	103
tr|A0A063KWA5|Release	GCF_013409125.2_WP_099525265.1	26.250	83	90	96	80	59	0	3	82	8	87	1.19e-28	103
tr|A0A063KWA5|Release	GCF_011397855.1_WP_044414183.1	28.395	83	90	98	81	58	0	3	83	8	88	1.89e-28	103
tr|A0A063KWA5|Release	GCF_001708425.1_WP_055136127.1	24.051	83	94	95	79	60	0	3	81	8	86	3.11e-28	102
tr|A0A063KWA5|Release	GCF_001558415.2_WP_061055374.1	45.783	83	83	100	83	45	0	1	83	1	83	3.36e-28	102
tr|A0A063KWA5|Release	GCF_008807375.1_WP_151138908.1	25.926	83	91	98	81	60	0	3	83	9	89	3.53e-28	102
tr|A0A063KWA5|Release	GCF_020097475.1_WP_000062318.1	32.500	83	86	96	80	49	2	2	81	10	84	3.87e-28	102
tr|A0A063KWA5|Release	GCF_001461805.1_WP_013367515.1	31.250	83	86	96	80	50	2	2	81	10	84	4.12e-28	102
tr|A0A063KWA5|Release	GCF_021172065.1_WP_015965827.1	30.000	83	86	96	80	51	2	2	81	10	84	4.32e-28	102
tr|A0A063KWA5|Release	GCF_008693645.1_WP_137347870.1	26.582	83	89	95	79	58	0	2	80	10	88	5.35e-28	101
tr|A0A063KWA5|Release	GCF_001518835.1_WP_059308693.1	30.000	83	86	96	80	51	2	2	81	10	84	5.57e-28	101
tr|A0A063KWA5|Release	GCF_022371215.1_WP_239718047.1	54.321	83	83	98	81	37	0	1	81	1	81	5.77e-28	101
tr|A0A063KWA5|Release	GCF_004684345.1_WP_135321947.1	25.926	83	93	98	81	60	0	2	82	10	90	6.49e-28	101
tr|A0A063KWA5|Release	GCF_009036245.1_WP_025756830.1	30.000	83	86	96	80	51	2	2	81	10	84	6.74e-28	101
tr|A0A063KWA5|Release	GCF_900682675.2_WP_069898892.1	24.691	83	94	98	81	61	0	3	83	8	88	7.44e-28	101
tr|A0A063KWA5|Release	GCF_001594225.2_WP_064379396.1	26.582	83	92	95	79	58	0	3	81	8	86	8.68e-28	101
tr|A0A063KWA5|Release	GCF_016904755.1_WP_059234959.1	30.000	83	86	96	80	51	2	2	81	10	84	9.80e-28	101
tr|A0A063KWA5|Release	GCF_013200955.2_WP_173204463.1	29.114	83	91	95	79	56	0	2	80	8	86	9.91e-28	101
tr|A0A063KWA5|Release	GCF_009176645.1_WP_152083529.1	28.750	83	86	96	80	52	2	2	81	10	84	1.20e-27	101
tr|A0A063KWA5|Release	GCF_017167985.1_WP_079784061.1	27.500	83	90	96	80	58	0	3	82	8	87	1.24e-27	101
tr|A0A063KWA5|Release	GCF_000006925.2_NP_706134.1	31.250	83	86	96	80	50	2	2	81	10	84	1.26e-27	101
tr|A0A063KWA5|Release	GCF_002214395.1_WP_010453422.1	39.506	83	81	98	81	49	0	1	81	1	81	1.31e-27	100
tr|A0A063KWA5|Release	GCF_002215585.1_WP_088903590.1	27.711	83	89	100	83	59	1	1	83	6	87	1.36e-27	101
tr|A0A063KWA5|Release	GCF_008329985.2_WP_149283950.1	35.802	83	81	98	81	52	0	1	81	1	81	1.48e-27	100
tr|A0A063KWA5|Release	GCF_003594935.2_WP_006173581.1	30.000	83	86	96	80	51	2	2	81	10	84	1.59e-27	100
tr|A0A063KWA5|Release	GCF_017167985.1_WP_093053415.1	24.051	83	92	95	79	60	0	3	81	8	86	1.80e-27	100
tr|A0A063KWA5|Release	GCF_009938205.1_WP_075706454.1	40.244	83	82	99	82	49	0	1	82	1	82	2.07e-27	100
tr|A0A063KWA5|Release	GCF_001683395.1_WP_017458015.1	30.000	83	86	96	80	51	2	2	81	10	84	2.13e-27	100
tr|A0A063KWA5|Release	GCF_009068765.1_WP_151900329.1	51.250	83	81	96	80	39	0	1	80	1	80	2.22e-27	100
tr|A0A063KWA5|Release	GCF_001022135.1_WP_039078449.1	30.000	83	86	96	80	51	2	2	81	10	84	2.37e-27	100
tr|A0A063KWA5|Release	GCF_000005845.2_NP_414731.2	31.250	83	84	96	80	50	2	2	81	8	82	2.38e-27	100
tr|A0A063KWA5|Release	GCF_003957745.1_WP_126168493.1	25.926	83	87	98	81	60	0	2	82	7	87	2.51e-27	100
tr|A0A063KWA5|Release	GCF_015137655.1_WP_028015593.1	30.000	83	86	96	80	51	2	2	81	10	84	2.58e-27	100
tr|A0A063KWA5|Release	GCF_002407485.1_WP_096780111.1	38.272	83	81	98	81	50	0	1	81	1	81	2.77e-27	 99
tr|A0A063KWA5|Release	GCF_023195735.1_WP_035891978.1	32.500	83	86	96	80	49	2	2	81	10	84	3.75e-27	 99
tr|A0A063KWA5|Release	GCF_019048625.1_WP_023305471.1	30.000	83	86	96	80	51	2	2	81	10	84	3.78e-27	 99
tr|A0A063KWA5|Release	GCF_000224675.1_WP_010426685.1	28.750	83	86	96	80	52	2	2	81	10	84	3.97e-27	99.7
tr|A0A063KWA5|Release	GCF_001729805.1_WP_008501890.1	28.750	83	86	96	80	52	2	2	81	10	84	4.30e-27	99.7
tr|A0A063KWA5|Release	GCF_001750725.1_WP_014168720.1	28.750	83	86	96	80	52	2	2	81	10	84	4.80e-27	99.7
tr|A0A063KWA5|Release	GCF_007632255.1_WP_015368146.1	30.000	83	86	96	80	51	2	2	81	10	84	5.12e-27	99.4
tr|A0A063KWA5|Release	GCF_009649915.1_WP_062772223.1	32.500	83	86	96	80	49	2	2	81	10	84	5.45e-27	99.4
tr|A0A063KWA5|Release	GCF_019670105.1_WP_040307707.1	43.210	83	81	98	81	46	0	1	81	1	81	5.85e-27	99.1
tr|A0A063KWA5|Release	GCF_008369605.1_WP_000253074.1	39.506	83	81	98	81	49	0	1	81	1	81	5.90e-27	99.1
tr|A0A063KWA5|Release	GCF_001658025.2_WP_007373243.1	31.250	83	86	96	80	50	2	2	81	10	84	5.95e-27	99.4
tr|A0A063KWA5|Release	GCF_002393445.1_WP_061273728.1	28.049	83	86	99	82	54	2	2	83	10	86	6.04e-27	99.4
tr|A0A063KWA5|Release	GCF_019670125.1_WP_221076876.1	43.750	83	81	96	80	45	0	1	80	1	80	6.09e-27	99.1
tr|A0A063KWA5|Release	GCF_027886705.1_WP_061497537.1	31.250	83	86	96	80	50	2	2	81	10	84	6.65e-27	99.1
tr|A0A063KWA5|Release	GCF_003812345.1_WP_003018503.1	31.250	83	86	96	80	50	2	2	81	10	84	6.65e-27	99.1
tr|A0A063KWA5|Release	GCF_025914095.1_WP_031518416.1	28.750	83	86	96	80	52	2	2	81	10	84	6.92e-27	99.1
tr|A0A063KWA5|Release	GCF_004684345.1_WP_135323069.1	31.250	83	86	96	80	50	2	2	81	10	84	7.43e-27	99.1
tr|A0A063KWA5|Release	GCF_024347035.1_WP_102941394.1	41.975	83	81	98	81	47	0	1	81	1	81	7.79e-27	98.8
tr|A0A063KWA5|Release	GCF_024582835.1_WP_257083279.1	43.902	83	87	99	82	46	0	1	82	1	82	8.13e-27	99.1
tr|A0A063KWA5|Release	GCF_900638065.1_WP_048212636.1	31.250	83	86	96	80	50	2	2	81	10	84	8.31e-27	98.8
tr|A0A063KWA5|Release	GCF_006742785.1_WP_172630283.1	33.750	83	88	96	80	53	0	2	81	5	84	8.89e-27	98.8
tr|A0A063KWA5|Release	GCF_000214665.1_WP_013819542.1	35.443	83	83	95	79	50	1	2	80	6	83	8.94e-27	98.8
tr|A0A063KWA5|Release	GCF_004353845.1_WP_103768334.1	30.000	83	86	96	80	51	2	2	81	10	84	1.05e-26	98.6
tr|A0A063KWA5|Release	GCF_001558255.2_WP_005504861.1	46.341	83	82	98	82	43	1	1	81	1	82	1.15e-26	98.6
tr|A0A063KWA5|Release	GCF_019047765.1_WP_040231149.1	26.582	83	89	95	79	58	0	2	80	10	88	1.23e-26	98.6
tr|A0A063KWA5|Release	GCF_018128425.1_WP_042289833.1	30.000	83	86	96	80	51	2	2	81	10	84	1.46e-26	98.3
tr|A0A063KWA5|Release	GCF_021278985.1_WP_012904575.1	30.000	83	86	96	80	51	2	2	81	10	84	1.47e-26	98.3
tr|A0A063KWA5|Release	GCF_003935895.2_WP_110510858.1	29.268	83	86	99	82	53	2	2	83	10	86	1.48e-26	98.3
tr|A0A063KWA5|Release	GCF_009363135.1_WP_090122691.1	30.000	83	86	96	80	51	2	2	81	10	84	1.56e-26	98.3
tr|A0A063KWA5|Release	GCF_024347595.1_WP_176681244.1	51.852	83	83	98	81	39	0	1	81	1	81	1.62e-26	98.3
tr|A0A063KWA5|Release	GCF_001277255.1_WP_007666633.1	30.000	83	86	96	80	51	2	2	81	10	84	1.75e-26	98.0
tr|A0A063KWA5|Release	GCF_024494545.1_WP_256384876.1	49.383	83	81	98	81	41	0	1	81	1	81	1.91e-26	98.0
tr|A0A063KWA5|Release	GCF_000009145.1_WP_041356315.1	33.333	83	90	98	81	54	0	1	81	5	85	1.96e-26	98.0
tr|A0A063KWA5|Release	GCF_001558935.2_WP_042323659.1	30.000	83	86	96	80	51	2	2	81	10	84	2.16e-26	98.0
tr|A0A063KWA5|Release	GCF_900635955.1_WP_126357486.1	28.049	83	86	99	82	54	2	2	83	10	86	2.28e-26	97.7
tr|A0A063KWA5|Release	GCF_000240185.1_YP_005225236.1	30.000	83	86	96	80	51	2	2	81	10	84	2.35e-26	97.7
tr|A0A063KWA5|Release	GCF_024362845.1_WP_255230807.1	45.000	83	82	96	80	44	0	1	80	1	80	2.35e-26	97.7
tr|A0A063KWA5|Release	GCF_024347635.1_WP_139683960.1	50.000	83	83	99	82	41	0	1	82	1	82	2.40e-26	97.7
tr|A0A063KWA5|Release	GCF_001007875.1_WP_046858354.1	43.750	83	80	96	80	45	0	1	80	1	80	2.40e-26	97.7
tr|A0A063KWA5|Release	GCF_000439255.1_WP_000062328.1	31.250	83	86	96	80	50	2	2	81	10	84	2.76e-26	97.7
tr|A0A063KWA5|Release	GCF_001995825.2_WP_017057338.1	48.780	83	83	99	82	42	0	1	82	1	82	3.06e-26	97.4
tr|A0A063KWA5|Release	GCF_009648935.1_WP_047417117.1	30.000	83	86	96	80	51	2	2	81	10	84	3.23e-26	97.4
tr|A0A063KWA5|Release	GCF_022637515.1_WP_064539750.1	28.750	83	86	96	80	52	2	2	81	10	84	3.56e-26	97.4
tr|A0A063KWA5|Release	GCF_003019925.1_WP_162185254.1	29.268	83	86	99	82	53	2	2	83	10	86	3.94e-26	97.1
tr|A0A063KWA5|Release	GCF_013234275.1_WP_172895488.1	27.500	83	86	96	80	53	2	2	81	10	84	4.07e-26	97.1
tr|A0A063KWA5|Release	GCF_021276285.1_WP_095923198.1	30.488	83	86	99	82	52	2	2	83	10	86	4.10e-26	97.1
tr|A0A063KWA5|Release	GCF_000091465.1_WP_004733849.1	48.780	83	83	99	82	42	0	1	82	1	82	4.24e-26	97.1
tr|A0A063KWA5|Release	GCF_001277195.1_WP_032966924.1	28.750	83	86	96	80	52	2	2	81	10	84	4.27e-26	97.1
tr|A0A063KWA5|Release	GCF_024347455.1_WP_135458404.1	48.780	83	83	99	82	42	0	1	82	1	82	4.35e-26	97.1
tr|A0A063KWA5|Release	GCF_025758125.1_WP_023480196.1	28.750	83	86	96	80	52	2	2	81	10	84	4.37e-26	97.1
tr|A0A063KWA5|Release	GCF_001277175.1_WP_007760020.1	27.500	83	86	96	80	53	2	2	81	10	84	4.51e-26	97.1
tr|A0A063KWA5|Release	GCF_003812925.1_WP_004107903.1	30.000	83	86	96	80	51	2	2	81	10	84	4.70e-26	97.1
tr|A0A063KWA5|Release	GCF_003261575.2_WP_110272453.1	31.250	83	86	96	80	50	2	2	81	10	84	4.70e-26	97.1
tr|A0A063KWA5|Release	GCF_022637475.1_WP_013574214.1	29.268	83	86	99	82	53	2	2	83	10	86	4.77e-26	97.1
tr|A0A063KWA5|Release	GCF_012767755.2_WP_173171843.1	25.926	83	90	98	81	60	0	3	83	8	88	5.05e-26	97.1
tr|A0A063KWA5|Release	GCF_024224615.1_WP_125293588.1	27.500	83	86	96	80	53	2	2	81	10	84	5.50e-26	96.9
tr|A0A063KWA5|Release	GCF_002953195.1_WP_038628016.1	27.500	83	87	96	80	53	2	2	81	10	84	5.52e-26	96.9
tr|A0A063KWA5|Release	GCF_012029655.1_WP_041144145.1	31.250	83	86	96	80	50	2	2	81	10	84	5.91e-26	96.9
tr|A0A063KWA5|Release	GCF_018139045.1_WP_004129134.1	30.000	83	86	96	80	51	2	2	81	10	84	6.25e-26	96.6
tr|A0A063KWA5|Release	GCF_001277215.2_WP_007776988.1	27.500	83	86	96	80	53	2	2	81	10	84	6.50e-26	96.6
tr|A0A063KWA5|Release	GCF_000018045.1_WP_024130681.1	30.000	83	86	96	80	51	2	2	81	10	84	6.66e-26	96.6
tr|A0A063KWA5|Release	GCF_024347655.1_WP_060467732.1	50.000	83	83	96	80	40	0	1	80	1	80	7.00e-26	96.6
tr|A0A063KWA5|Release	GCF_022637595.1_WP_004858152.1	30.000	83	86	96	80	51	2	2	81	10	84	7.38e-26	96.6
tr|A0A063KWA5|Release	GCF_020079945.1_WP_039382769.1	30.000	83	87	96	80	51	2	2	81	10	84	7.58e-26	96.6
tr|A0A063KWA5|Release	GCF_001831495.1_WP_068547707.1	51.852	83	81	98	81	39	0	1	81	1	81	7.62e-26	96.3
tr|A0A063KWA5|Release	GCF_000233595.1_WP_013024706.1	24.390	83	86	99	82	57	2	2	83	10	86	7.68e-26	96.6
tr|A0A063KWA5|Release	GCF_012767755.2_WP_173176508.1	22.785	83	91	95	79	58	1	4	82	9	84	7.71e-26	96.6
tr|A0A063KWA5|Release	GCF_006711645.1_WP_100682484.1	30.000	83	86	96	80	51	2	2	81	10	84	7.81e-26	96.6
tr|A0A063KWA5|Release	GCF_017354925.1_WP_207321174.1	28.395	83	87	98	81	58	0	2	82	7	87	7.89e-26	96.6
tr|A0A063KWA5|Release	GCF_000006945.2_NP_459242.1	31.250	83	86	96	80	50	2	2	81	10	84	8.45e-26	96.3
tr|A0A063KWA5|Release	GCF_015139575.1_WP_004098776.1	30.000	83	86	96	80	51	2	2	81	10	84	8.80e-26	96.3
tr|A0A063KWA5|Release	GCF_001456255.1_WP_020335096.1	40.741	83	81	98	81	48	0	1	81	1	81	1.01e-25	96.0
tr|A0A063KWA5|Release	GCF_002163605.1_WP_157665988.1	30.000	83	86	96	80	51	2	2	81	10	84	1.01e-25	96.3
tr|A0A063KWA5|Release	GCF_004124235.1_WP_025377303.1	28.395	83	86	98	81	53	2	2	82	10	85	1.03e-25	96.3
tr|A0A063KWA5|Release	GCF_014879975.1_WP_192888672.1	51.220	83	83	99	82	40	0	1	82	1	82	1.08e-25	96.0
tr|A0A063KWA5|Release	GCF_000015245.1_WP_011761423.1	25.316	83	86	95	79	59	0	2	80	7	85	1.10e-25	96.0
tr|A0A063KWA5|Release	GCF_000834395.1_WP_042546713.1	28.395	83	86	98	81	53	2	2	82	10	85	1.15e-25	96.0
tr|A0A063KWA5|Release	GCF_000222975.1_WP_002218374.1	28.395	83	86	98	81	53	2	2	82	10	85	1.15e-25	96.0
tr|A0A063KWA5|Release	GCF_017329545.1_WP_047884589.1	32.051	83	95	94	78	53	0	2	79	8	85	1.17e-25	96.3
tr|A0A063KWA5|Release	GCF_000010085.1_WP_011411656.1	29.268	83	86	99	82	53	2	2	83	10	86	1.23e-25	96.0
tr|A0A063KWA5|Release	GCF_013282725.1_WP_032813813.1	27.160	83	86	98	81	54	2	2	82	10	85	1.29e-25	96.0
tr|A0A063KWA5|Release	GCF_011617105.1_WP_025800203.1	30.000	83	86	96	80	51	2	2	81	10	84	1.29e-25	96.0
tr|A0A063KWA5|Release	GCF_000517425.1_WP_025421126.1	29.268	83	86	99	82	53	2	2	83	10	86	1.29e-25	96.0
tr|A0A063KWA5|Release	GCF_017354965.1_WP_207380278.1	28.395	83	87	98	81	58	0	2	82	7	87	1.29e-25	96.0
tr|A0A063KWA5|Release	GCF_019890955.1_WP_211725887.1	30.000	83	87	96	80	51	2	2	81	10	84	1.30e-25	96.0
tr|A0A063KWA5|Release	GCF_017915135.1_WP_210390879.1	24.691	83	90	98	81	61	0	3	83	8	88	1.33e-25	96.0
tr|A0A063KWA5|Release	GCF_019670705.1_WP_100146025.1	22.222	83	92	98	81	63	0	2	82	7	87	1.52e-25	95.7
tr|A0A063KWA5|Release	GCF_900233005.1_WP_102521318.1	46.914	83	81	98	81	43	0	1	81	1	81	1.59e-25	95.5
tr|A0A063KWA5|Release	GCF_000026185.1_WP_012440659.1	27.500	83	87	96	80	53	2	2	81	10	84	1.76e-25	95.5
tr|A0A063KWA5|Release	GCF_016834455.1_WP_203325205.1	25.316	83	86	95	79	59	0	2	80	7	85	1.78e-25	95.5
tr|A0A063KWA5|Release	GCF_000770115.1_WP_069687890.1	41.250	83	81	96	80	47	0	1	80	1	80	1.84e-25	95.5
tr|A0A063KWA5|Release	GCF_011068345.1_WP_002436992.1	27.500	83	86	96	80	53	2	2	81	10	84	1.95e-25	95.5
tr|A0A063KWA5|Release	GCF_000834455.1_WP_032817050.1	28.395	83	86	98	81	53	2	2	82	10	85	1.96e-25	95.5
tr|A0A063KWA5|Release	GCF_004328865.1_WP_104643907.1	90.361	83	83	100	83	8	0	1	83	1	83	1.97e-25	95.5
tr|A0A063KWA5|Release	GCF_009730655.1_WP_156020461.1	22.222	83	92	98	81	63	0	2	82	7	87	2.00e-25	95.5
tr|A0A063KWA5|Release	GCF_002101395.1_WP_085067900.1	30.000	83	87	96	80	51	2	2	81	10	84	2.01e-25	95.5
tr|A0A063KWA5|Release	GCF_014524625.1_WP_009050814.1	20.988	83	92	98	81	64	0	3	83	8	88	2.04e-25	95.5
tr|A0A063KWA5|Release	GCF_023517775.1_WP_249893541.1	30.000	83	87	96	80	51	2	2	81	10	84	2.08e-25	95.5
tr|A0A063KWA5|Release	GCF_002906475.1_WP_012130247.1	37.500	83	81	96	80	50	0	1	80	1	80	2.47e-25	95.2
tr|A0A063KWA5|Release	GCF_000024825.1_WP_005460845.1	41.975	83	81	98	81	47	0	1	81	1	81	2.49e-25	95.2
tr|A0A063KWA5|Release	GCF_001007935.1_WP_046849946.1	28.750	83	84	96	80	57	0	1	80	5	84	3.15e-25	94.9
tr|A0A063KWA5|Release	GCF_000025065.1_WP_012883679.1	27.500	83	86	96	80	53	2	2	81	10	84	3.48e-25	94.9
tr|A0A063KWA5|Release	GCF_009730055.1_WP_032906500.1	28.395	83	86	98	81	53	2	2	82	10	85	3.65e-25	94.9
tr|A0A063KWA5|Release	GCF_025133195.1_WP_032910235.1	28.395	83	86	98	81	53	2	2	82	10	85	3.73e-25	94.6
tr|A0A063KWA5|Release	GCF_002021755.1_WP_005434844.1	38.750	83	81	96	80	49	0	1	80	1	80	4.04e-25	94.6
tr|A0A063KWA5|Release	GCF_002355475.1_WP_003455993.1	23.457	83	90	98	81	62	0	3	83	6	86	4.18e-25	94.6
tr|A0A063KWA5|Release	GCF_019669905.1_WP_054759186.1	27.848	83	79	95	79	53	1	2	80	5	79	4.26e-25	94.3
tr|A0A063KWA5|Release	GCF_009914055.1_WP_160619715.1	27.500	83	87	96	80	53	2	2	81	10	84	4.28e-25	94.6
tr|A0A063KWA5|Release	GCF_011044475.1_WP_033740322.1	24.390	83	86	99	82	57	2	2	83	10	86	4.85e-25	94.3
tr|A0A063KWA5|Release	GCF_000772105.1_WP_004748349.1	45.000	83	81	96	80	44	0	1	80	1	80	5.25e-25	94.3
tr|A0A063KWA5|Release	GCF_024347495.1_WP_137371745.1	47.500	83	80	96	80	42	0	1	80	1	80	5.29e-25	94.3
tr|A0A063KWA5|Release	GCF_900095885.1_WP_035340381.1	23.750	83	86	96	80	56	2	2	81	10	84	5.47e-25	94.3
tr|A0A063KWA5|Release	GCF_012427845.1_WP_012773648.1	26.250	83	86	96	80	54	2	2	81	10	84	5.97e-25	94.3
tr|A0A063KWA5|Release	GCF_002288545.1_WP_029367608.1	26.250	83	86	96	80	54	2	2	81	10	84	6.94e-25	94.1
tr|A0A063KWA5|Release	GCF_020150375.1_WP_004094310.1	28.750	83	86	96	80	52	2	2	81	10	84	7.76e-25	94.1
tr|A0A063KWA5|Release	GCF_000023565.1_WP_012770818.1	27.500	83	86	96	80	53	2	2	81	10	84	7.82e-25	94.1
tr|A0A063KWA5|Release	GCF_000238395.3_WP_010553578.1	97.590	83	83	100	83	2	0	1	83	1	83	7.84e-25	93.8
tr|A0A063KWA5|Release	GCF_000520015.2_WP_024910172.1	27.500	83	87	96	80	53	2	2	81	10	84	8.69e-25	93.8
tr|A0A063KWA5|Release	GCF_019844095.1_WP_062747070.1	25.000	83	88	96	80	55	2	2	81	11	85	8.77e-25	93.8
tr|A0A063KWA5|Release	GCF_024360925.2_WP_255188929.1	31.646	83	83	95	79	53	1	2	80	6	83	8.90e-25	93.8
tr|A0A063KWA5|Release	GCF_020683125.1_WP_133842177.1	25.000	83	88	96	80	55	2	2	81	11	85	9.65e-25	93.8
tr|A0A063KWA5|Release	GCF_005877035.1_WP_039486662.1	97.590	83	83	100	83	2	0	1	83	1	83	9.95e-25	93.5
tr|A0A063KWA5|Release	GCF_004792415.1_WP_013356856.1	21.951	83	86	99	82	59	2	2	83	10	86	1.07e-24	93.5
tr|A0A063KWA5|Release	GCF_017498685.1_WP_038245151.1	27.160	83	86	98	81	54	2	2	82	10	85	1.25e-24	93.5
tr|A0A063KWA5|Release	GCF_007858975.2_WP_042869176.1	27.500	83	86	96	80	53	2	2	81	10	84	1.37e-24	93.2
tr|A0A063KWA5|Release	GCF_021029445.1_WP_230924827.1	26.250	83	89	96	80	58	1	3	82	8	86	1.49e-24	93.2
tr|A0A063KWA5|Release	GCF_019670485.1_WP_221071211.1	42.500	83	81	96	80	46	0	1	80	1	80	1.49e-24	93.2
tr|A0A063KWA5|Release	GCF_005484945.1_WP_137712817.1	26.250	83	86	96	80	54	2	2	81	10	84	1.60e-24	93.2
tr|A0A063KWA5|Release	GCF_009363415.1_WP_152430616.1	36.585	83	84	99	82	52	0	1	82	1	82	1.64e-24	92.9
tr|A0A063KWA5|Release	GCF_019797845.1_WP_222158377.1	30.000	83	86	96	80	51	2	2	81	10	84	1.66e-24	93.2
tr|A0A063KWA5|Release	GCF_008807375.1_WP_151133519.1	23.457	83	90	98	81	62	0	3	83	6	86	1.66e-24	93.2
tr|A0A063KWA5|Release	GCF_020181655.1_WP_225087160.1	25.000	83	86	96	80	55	2	2	81	10	84	1.69e-24	93.2
tr|A0A063KWA5|Release	GCF_009873295.1_WP_039312412.1	26.250	83	86	96	80	54	2	2	81	10	84	1.74e-24	92.9
tr|A0A063KWA5|Release	GCF_003668795.1_WP_054981706.1	80.723	83	83	100	83	16	0	1	83	1	83	1.91e-24	92.9
tr|A0A063KWA5|Release	GCF_001642805.2_WP_004931991.1	27.500	83	87	96	80	53	2	2	81	10	84	1.97e-24	92.9
tr|A0A063KWA5|Release	GCF_002221525.1_WP_089349457.1	83.133	83	83	100	83	14	0	1	83	1	83	2.02e-24	92.9
tr|A0A063KWA5|Release	GCF_009931295.1_WP_161528353.1	26.250	83	86	96	80	54	2	2	81	10	84	2.16e-24	92.9
tr|A0A063KWA5|Release	GCF_000264765.2_WP_034163237.1	26.250	83	86	96	80	54	2	2	81	10	84	2.32e-24	92.6
tr|A0A063KWA5|Release	GCF_016026735.1_WP_015673540.1	27.500	83	87	96	80	53	2	2	81	10	84	2.40e-24	92.6
tr|A0A063KWA5|Release	GCF_021462285.1_WP_234585968.1	27.500	83	87	96	80	53	2	2	81	10	84	2.52e-24	92.6
tr|A0A063KWA5|Release	GCF_003515985.1_WP_085653101.1	25.000	83	86	96	80	55	2	2	81	10	84	2.77e-24	92.6
tr|A0A063KWA5|Release	GCF_022647505.1_WP_128179458.1	27.500	83	87	96	80	53	2	2	81	10	84	3.12e-24	92.4
tr|A0A063KWA5|Release	GCF_021733145.1_WP_012847629.1	25.000	83	86	96	80	55	2	2	81	10	84	3.17e-24	92.4
tr|A0A063KWA5|Release	GCF_009817885.1_WP_105232289.1	27.500	83	87	96	80	53	2	2	81	10	84	3.49e-24	92.4
tr|A0A063KWA5|Release	GCF_000740965.1_WP_011092648.1	26.250	83	86	96	80	54	2	2	81	10	84	3.57e-24	92.4
tr|A0A063KWA5|Release	GCF_024347675.1_WP_261835500.1	45.679	83	81	98	81	44	0	1	81	1	81	4.05e-24	92.1
tr|A0A063KWA5|Release	GCF_017569925.1_WP_208228065.1	26.250	83	86	96	80	54	2	2	81	10	84	4.08e-24	92.1
tr|A0A063KWA5|Release	GCF_015999465.1_WP_085688159.1	23.750	83	86	96	80	56	2	2	81	10	84	4.15e-24	92.1
tr|A0A063KWA5|Release	GCF_020342335.1_WP_067428135.1	25.000	83	87	96	80	55	2	2	81	10	84	4.53e-24	92.1
tr|A0A063KWA5|Release	GCF_006364355.1_WP_004727652.1	36.145	83	83	100	83	53	0	1	83	1	83	4.54e-24	91.8
tr|A0A063KWA5|Release	GCF_000262305.1_WP_002441069.1	27.500	83	86	96	80	53	2	2	81	10	84	4.60e-24	92.1
tr|A0A063KWA5|Release	GCF_003258315.1_WP_111337788.1	29.630	83	88	98	81	57	0	1	81	5	85	4.62e-24	92.1
tr|A0A063KWA5|Release	GCF_019048385.1_WP_062759648.1	23.171	83	86	99	82	58	2	2	83	10	86	4.98e-24	91.8
tr|A0A063KWA5|Release	GCF_900187015.1_WP_061796701.1	26.250	83	87	96	80	54	2	2	81	10	84	5.40e-24	91.8
tr|A0A063KWA5|Release	GCF_002812485.1_WP_038661467.1	26.250	83	86	96	80	54	2	2	81	10	84	6.07e-24	91.5
tr|A0A063KWA5|Release	GCF_019977755.1_WP_126608378.1	30.233	83	103	96	86	54	1	1	80	15	100	6.43e-24	91.8
tr|A0A063KWA5|Release	GCF_000196615.1_WP_013200864.1	26.250	83	87	96	80	54	2	2	81	10	84	6.96e-24	91.5
tr|A0A063KWA5|Release	GCF_000023545.1_WP_015854637.1	23.750	83	86	96	80	56	2	2	81	10	84	7.47e-24	91.5
tr|A0A063KWA5|Release	GCF_001999225.1_WP_077537996.1	71.605	83	82	98	81	23	0	1	81	1	81	7.59e-24	91.2
tr|A0A063KWA5|Release	GCF_013460135.1_WP_180816665.1	31.250	83	88	96	80	50	2	2	81	10	84	8.11e-24	91.2
tr|A0A063KWA5|Release	GCF_001742185.1_WP_005975933.1	26.250	83	86	96	80	54	2	2	81	10	84	8.61e-24	91.2
tr|A0A063KWA5|Release	GCF_002291445.1_WP_048635886.1	25.000	83	86	96	80	55	2	2	81	10	84	9.70e-24	91.2
tr|A0A063KWA5|Release	GCF_002887615.1_WP_038869703.1	36.250	83	81	96	80	51	0	1	80	1	80	1.00e-23	91.0
tr|A0A063KWA5|Release	GCF_000019525.1_WP_012323084.1	36.250	83	81	96	80	51	0	1	80	1	80	1.09e-23	91.0
tr|A0A063KWA5|Release	GCF_009646115.1_WP_008925644.1	21.951	83	86	99	82	59	2	2	83	10	86	1.12e-23	91.0
tr|A0A063KWA5|Release	GCF_013423785.1_WP_180308358.1	30.000	83	88	96	80	55	1	2	81	10	88	1.21e-23	91.0
tr|A0A063KWA5|Release	GCF_000517405.1_WP_038469034.1	28.049	83	83	99	82	54	2	2	83	7	83	1.22e-23	91.0
tr|A0A063KWA5|Release	GCF_000147055.1_WP_022632468.1	26.250	83	86	96	80	54	2	2	81	10	84	1.44e-23	90.7
tr|A0A063KWA5|Release	GCF_004768525.1_WP_026822068.1	28.750	83	88	96	80	52	2	2	81	10	84	1.52e-23	90.7
tr|A0A063KWA5|Release	GCF_002157895.1_WP_227874980.1	41.975	83	82	98	81	47	0	1	81	2	82	1.60e-23	90.4
tr|A0A063KWA5|Release	GCF_003403135.1_WP_024104894.1	27.500	83	86	96	80	53	2	2	81	10	84	1.64e-23	90.7
tr|A0A063KWA5|Release	GCF_024346675.1_WP_048897676.1	26.582	83	86	95	79	58	0	2	80	8	86	1.67e-23	90.7
tr|A0A063KWA5|Release	GCF_000148645.1_WP_013347076.1	38.462	83	80	94	78	48	0	4	81	3	80	2.09e-23	90.1
tr|A0A063KWA5|Release	GCF_000214235.1_WP_004952197.1	23.750	83	85	96	80	56	2	2	81	8	82	2.13e-23	90.1
tr|A0A063KWA5|Release	GCF_003992745.1_WP_014700896.1	25.000	83	86	96	80	55	2	2	81	10	84	2.13e-23	90.4
tr|A0A063KWA5|Release	GCF_002504285.1_WP_005282992.1	23.750	83	86	96	80	56	2	2	81	10	84	3.02e-23	89.8
tr|A0A063KWA5|Release	GCF_001010285.1_WP_046974061.1	25.000	83	88	96	80	55	2	2	81	10	84	3.18e-23	89.8
tr|A0A063KWA5|Release	GCF_000091565.1_WP_004159420.1	27.500	83	87	96	80	53	2	2	81	10	84	3.49e-23	89.8
tr|A0A063KWA5|Release	GCF_022647325.1_WP_111140597.1	23.171	83	86	99	82	58	2	2	83	10	86	4.02e-23	89.5
tr|A0A063KWA5|Release	GCF_001006005.1_WP_223499701.1	26.250	83	85	96	80	54	2	2	81	8	82	4.45e-23	89.5
tr|A0A063KWA5|Release	GCF_002005305.1_WP_077753428.1	20.988	83	86	98	81	64	0	1	81	6	86	4.46e-23	89.5
tr|A0A063KWA5|Release	GCF_000261045.2_WP_006318653.1	23.750	83	87	96	80	56	2	2	81	10	84	4.65e-23	89.5
tr|A0A063KWA5|Release	GCF_020268605.1_WP_180560445.1	28.750	83	88	96	80	52	2	2	81	10	84	4.70e-23	89.5
tr|A0A063KWA5|Release	GCF_000196475.1_WP_012776850.1	25.000	83	88	96	80	55	2	2	81	10	84	5.46e-23	89.3
tr|A0A063KWA5|Release	GCF_008364325.2_WP_230090436.1	25.000	83	85	96	80	55	2	2	81	8	82	5.65e-23	89.3
tr|A0A063KWA5|Release	GCF_902387845.1_WP_004237241.1	32.500	83	88	96	80	49	2	2	81	10	84	6.20e-23	89.0
tr|A0A063KWA5|Release	GCF_008931805.1_WP_019441510.1	54.321	83	81	98	81	37	0	1	81	1	81	6.33e-23	89.0
tr|A0A063KWA5|Release	GCF_000014765.1_WP_011633385.1	29.630	83	89	98	81	57	0	2	82	5	85	6.47e-23	89.0
tr|A0A063KWA5|Release	GCF_900638135.1_WP_012146468.1	23.750	83	87	96	80	56	2	2	81	10	84	6.92e-23	89.0
tr|A0A063KWA5|Release	GCF_029457395.1_WP_024766443.1	20.482	83	92	95	83	62	2	4	82	9	91	7.45e-23	89.0
tr|A0A063KWA5|Release	GCF_009831665.3_WP_006709226.1	22.500	83	87	96	80	57	2	2	81	10	84	7.67e-23	89.0
tr|A0A063KWA5|Release	GCF_000968535.2_WP_014147785.1	31.250	83	84	96	80	54	1	2	81	6	84	8.33e-23	88.7
tr|A0A063KWA5|Release	GCF_001431725.1_WP_021820278.1	34.568	83	81	98	81	53	0	1	81	1	81	8.69e-23	88.7
tr|A0A063KWA5|Release	GCF_000014885.1_WP_020912292.1	25.000	83	87	96	80	60	0	2	81	7	86	8.99e-23	88.7
tr|A0A063KWA5|Release	GCF_000196155.1_WP_011145066.1	22.222	83	88	98	81	58	2	2	82	10	85	9.45e-23	88.7
tr|A0A063KWA5|Release	GCF_002291425.1_WP_095847471.1	27.500	83	87	96	80	53	2	2	81	10	84	9.81e-23	88.7
tr|A0A063KWA5|Release	GCF_000146165.2_WP_164925808.1	25.000	83	89	100	84	62	1	1	83	6	89	9.85e-23	88.7
tr|A0A063KWA5|Release	GCF_011045835.1_WP_075671674.1	24.390	83	86	99	82	57	2	2	83	10	86	1.09e-22	88.4
tr|A0A063KWA5|Release	GCF_016026395.1_WP_024524235.1	23.750	83	86	96	80	56	2	2	81	10	84	1.28e-22	88.1
tr|A0A063KWA5|Release	GCF_005931095.1_WP_017839868.1	30.000	83	84	96	80	55	1	2	81	6	84	1.31e-22	88.1
tr|A0A063KWA5|Release	GCF_019090985.1_WP_036781226.1	22.500	83	88	96	80	57	2	2	81	10	84	1.33e-22	88.1
tr|A0A063KWA5|Release	GCF_000016065.1_WP_011864074.1	21.951	83	93	99	82	63	1	1	82	6	86	1.44e-22	88.4
tr|A0A063KWA5|Release	GCF_005484965.1_WP_009114129.1	25.000	83	86	96	80	55	2	2	81	10	84	1.52e-22	88.1
tr|A0A063KWA5|Release	GCF_012971725.1_WP_169940133.1	20.482	83	92	95	83	62	2	4	82	9	91	1.65e-22	88.1
tr|A0A063KWA5|Release	GCF_001455205.1_WP_062560013.1	36.250	83	84	96	80	50	1	2	81	6	84	1.65e-22	87.9
tr|A0A063KWA5|Release	GCF_000968195.1_WP_045972480.1	26.250	83	87	96	80	54	2	2	81	11	85	1.71e-22	87.9
tr|A0A063KWA5|Release	GCF_012295615.1_WP_007018284.1	37.037	83	81	98	81	51	0	1	81	1	81	1.79e-22	87.9
tr|A0A063KWA5|Release	GCF_022369495.1_WP_072064250.1	24.390	83	86	99	82	57	2	2	83	10	86	2.13e-22	87.6
tr|A0A063KWA5|Release	GCF_029277985.1_WP_154623766.1	23.457	83	87	98	81	57	2	2	82	10	85	2.15e-22	87.9
tr|A0A063KWA5|Release	GCF_008033135.1_WP_148717358.1	21.795	83	87	94	78	60	1	2	79	7	83	2.21e-22	87.6
tr|A0A063KWA5|Release	GCF_017348915.1_WP_040077077.1	30.000	83	86	96	80	51	2	2	81	10	84	2.38e-22	87.6
tr|A0A063KWA5|Release	GCF_000069965.1_WP_004245453.1	23.171	83	86	99	82	58	2	2	83	10	86	2.91e-22	87.3
tr|A0A063KWA5|Release	GCF_020541225.1_WP_226811316.1	26.829	83	86	99	82	55	2	2	83	10	86	3.33e-22	87.3
tr|A0A063KWA5|Release	GCF_025946765.1_WP_264497926.1	23.750	83	86	96	80	56	2	2	81	10	84	4.03e-22	87.0
tr|A0A063KWA5|Release	GCF_022592395.1_WP_047255099.1	21.250	83	87	96	80	58	2	2	81	10	84	4.55e-22	87.0
tr|A0A063KWA5|Release	GCF_000968175.1_WP_045959360.1	26.250	83	88	96	80	54	2	2	81	11	85	5.83e-22	86.7
tr|A0A063KWA5|Release	GCF_019047765.1_WP_040230035.1	31.250	83	86	96	80	50	2	2	81	10	84	6.75e-22	86.5
tr|A0A063KWA5|Release	GCF_002952315.1_WP_012667243.1	23.750	83	87	96	80	56	2	2	81	10	84	6.98e-22	86.5
tr|A0A063KWA5|Release	GCF_004295645.1_WP_228350951.1	27.500	83	88	96	80	53	2	2	81	11	85	7.45e-22	86.5
tr|A0A063KWA5|Release	GCF_002849875.1_WP_232379112.1	40.244	83	113	95	82	46	1	2	80	32	113	8.88e-22	86.7
tr|A0A063KWA5|Release	GCF_003204135.1_WP_004908806.1	23.750	83	87	96	80	56	2	2	81	10	84	1.27e-21	85.9
tr|A0A063KWA5|Release	GCF_003096015.2_WP_230514010.1	26.250	83	88	96	80	54	2	2	81	11	85	1.32e-21	85.6
tr|A0A063KWA5|Release	GCF_002843235.3_WP_102139922.1	23.750	83	87	96	80	56	2	2	81	10	84	1.34e-21	85.6
tr|A0A063KWA5|Release	GCF_900475855.1_WP_068441311.1	23.750	83	87	96	80	56	2	2	81	10	84	1.57e-21	85.6
tr|A0A063KWA5|Release	GCF_024746855.1_WP_260492542.1	40.000	83	79	96	80	47	1	1	80	1	79	1.88e-21	85.0
tr|A0A063KWA5|Release	GCF_008632455.1_WP_150048082.1	33.750	83	84	96	80	52	1	2	81	6	84	2.34e-21	85.0
tr|A0A063KWA5|Release	GCF_003074995.2_WP_015870269.1	24.051	83	86	95	79	55	2	2	80	10	83	2.37e-21	85.0
tr|A0A063KWA5|Release	GCF_017743015.1_WP_209027287.1	27.500	83	88	96	80	53	2	2	81	10	84	2.45e-21	85.0
tr|A0A063KWA5|Release	GCF_021365465.1_WP_016190321.1	28.750	83	87	96	80	52	2	2	81	10	84	2.51e-21	85.0
tr|A0A063KWA5|Release	GCF_002393505.1_WP_006658392.1	25.000	83	87	96	80	55	2	2	81	10	84	2.67e-21	85.0
tr|A0A063KWA5|Release	GCF_900638655.1_WP_047781753.1	27.500	83	88	96	80	53	2	2	81	11	85	3.54e-21	84.8
tr|A0A063KWA5|Release	GCF_019797925.1_WP_193521737.1	37.037	83	80	98	81	50	1	1	81	1	80	3.78e-21	84.5
tr|A0A063KWA5|Release	GCF_003025345.2_WP_003155955.1	26.190	83	91	95	84	57	1	2	80	7	90	3.79e-21	84.8
tr|A0A063KWA5|Release	GCF_014295015.1_WP_013185414.1	26.250	83	87	96	80	54	2	2	81	11	85	5.13e-21	84.2
tr|A0A063KWA5|Release	GCF_004116975.1_WP_064720954.1	23.171	83	86	99	82	58	2	2	83	10	86	5.54e-21	84.2
tr|A0A063KWA5|Release	GCF_900478135.1_WP_111739359.1	26.250	83	88	96	80	54	2	2	81	11	85	6.52e-21	83.9
tr|A0A063KWA5|Release	GCF_001721185.1_WP_069317984.1	23.750	83	87	96	80	56	2	2	81	10	84	1.31e-20	83.1
tr|A0A063KWA5|Release	GCF_019703835.1_WP_087020305.1	29.114	83	79	95	79	52	1	4	82	3	77	1.84e-20	82.5
tr|A0A063KWA5|Release	GCF_000019185.1_WP_012277931.1	37.000	83	100	98	100	44	1	1	81	1	100	1.86e-20	83.1
tr|A0A063KWA5|Release	GCF_000785705.2_WP_036272019.1	29.114	83	82	95	79	54	2	2	80	6	82	2.68e-20	82.2
tr|A0A063KWA5|Release	GCF_001677435.1_WP_068615618.1	24.390	83	90	99	82	61	1	2	83	9	89	3.23e-20	82.2
tr|A0A063KWA5|Release	GCF_005671395.1_WP_138095872.1	28.788	83	86	80	66	46	1	2	67	10	74	3.26e-20	82.2
tr|A0A063KWA5|Release	GCF_003568825.1_WP_040644076.1	27.711	83	83	96	83	57	1	1	80	1	83	4.08e-20	82.0
tr|A0A063KWA5|Release	GCF_008364325.2_WP_020826409.1	23.457	83	84	98	81	59	1	2	82	7	84	9.26e-20	80.8
tr|A0A063KWA5|Release	GCF_016026875.1_WP_045525981.1	19.753	83	89	98	81	60	3	2	82	7	82	1.16e-19	80.8
tr|A0A063KWA5|Release	GCF_020405345.1_WP_017780573.1	19.753	83	89	98	81	60	3	2	82	7	82	2.79e-19	79.7
tr|A0A063KWA5|Release	GCF_026427595.1_WP_251812951.1	25.926	83	88	93	81	56	3	4	80	7	87	4.90e-19	79.1
tr|A0A063KWA5|Release	GCF_003990335.1_WP_127025819.1	21.951	83	91	99	82	63	1	1	82	5	85	8.00e-19	78.6
tr|A0A063KWA5|Release	GCF_004358345.1_WP_121852852.1	27.941	83	76	82	68	49	0	2	69	8	75	8.42e-19	78.3
tr|A0A063KWA5|Release	GCF_017638925.1_WP_208844867.1	34.615	83	81	94	78	50	1	1	78	1	77	1.11e-18	78.0
tr|A0A063KWA5|Release	GCF_020423125.1_WP_226170850.1	20.988	83	84	98	81	59	3	2	82	7	82	2.82e-18	77.2
tr|A0A063KWA5|Release	GCF_020149575.1_WP_224431657.1	19.512	83	85	99	82	61	3	2	83	7	83	3.13e-18	77.2
tr|A0A063KWA5|Release	GCF_003515105.1_WP_036973086.1	25.373	83	73	81	67	50	0	2	68	6	72	4.87e-18	76.3
tr|A0A063KWA5|Release	GCF_007197555.1_WP_144048375.1	20.690	83	94	98	87	63	2	1	81	6	92	6.09e-18	76.6
tr|A0A063KWA5|Release	GCF_028355655.1_WP_087756847.1	19.753	83	84	98	81	60	3	2	82	7	82	9.28e-18	75.8
tr|A0A063KWA5|Release	GCF_900637545.1_WP_042651794.1	20.988	83	84	98	81	59	3	2	82	7	82	1.71e-17	75.2
tr|A0A063KWA5|Release	GCF_000018285.1_WP_012155987.1	32.673	83	102	96	101	47	1	1	80	1	101	2.61e-17	75.2
tr|A0A063KWA5|Release	GCF_000147355.1_WP_013326989.1	40.909	83	67	80	66	39	0	15	80	1	66	4.77e-17	73.8
tr|A0A063KWA5|Release	GCF_008693705.1_WP_127008315.1	19.753	83	84	98	81	60	3	2	82	7	82	7.26e-17	73.5
tr|A0A063KWA5|Release	GCF_003015165.1_WP_106887831.1	20.988	83	84	98	81	59	3	2	82	7	82	8.78e-17	73.2
tr|A0A063KWA5|Release	GCF_014169735.1_WP_134997272.1	18.519	83	86	98	81	61	3	2	82	7	82	1.93e-16	72.7
tr|A0A063KWA5|Release	GCF_002215215.1_WP_088918776.1	28.916	83	101	99	83	56	3	2	83	20	100	2.68e-16	72.4
tr|A0A063KWA5|Release	GCF_010093065.1_WP_238430213.1	15.942	83	83	80	69	52	2	2	67	11	76	4.80e-16	71.5
tr|A0A063KWA5|Release	GCF_016026615.1_WP_197928313.1	19.753	83	89	98	81	60	3	2	82	7	82	5.15e-16	71.5
tr|A0A063KWA5|Release	GCF_001596155.1_WP_068342236.1	22.078	83	90	89	77	53	4	2	75	8	80	6.10e-16	71.3
tr|A0A063KWA5|Release	GCF_020991025.1_WP_152109250.1	29.851	83	83	80	67	45	2	2	67	8	73	7.48e-16	71.0
tr|A0A063KWA5|Release	GCF_001507645.1_WP_068195976.1	22.892	83	90	96	83	58	2	2	81	8	87	1.71e-15	70.1
tr|A0A063KWA5|Release	GCF_016127195.1_WP_042032742.1	16.049	83	89	98	81	63	3	2	82	7	82	1.88e-15	70.1
tr|A0A063KWA5|Release	GCF_015209785.1_WP_193988300.1	23.438	83	73	77	64	49	0	2	65	6	69	2.37e-15	69.6
tr|A0A063KWA5|Release	GCF_000788395.1_WP_038641921.1	31.507	83	85	87	73	48	2	2	73	5	76	2.63e-15	69.6
tr|A0A063KWA5|Release	GCF_002157225.2_WP_086934278.1	27.778	83	80	87	72	51	1	1	72	4	74	2.74e-15	69.6
tr|A0A063KWA5|Release	GCF_003855395.1_WP_124730567.1	28.916	83	88	95	83	55	2	2	80	4	86	3.86e-15	69.3
tr|A0A063KWA5|Release	GCF_020511155.1_WP_226415657.1	27.381	83	87	96	84	57	2	1	80	4	87	1.08e-14	68.2
tr|A0A063KWA5|Release	GCF_003063625.1_WP_108601906.1	31.944	83	85	87	72	48	1	1	72	4	74	1.21e-14	67.9
tr|A0A063KWA5|Release	GCF_003966655.1_WP_113527441.1	24.286	83	77	84	70	52	1	2	71	8	76	1.32e-14	67.6
tr|A0A063KWA5|Release	GCF_002218045.2_WP_089137819.1	28.986	83	79	80	69	46	1	2	67	9	77	1.70e-14	67.3
tr|A0A063KWA5|Release	GCF_000014705.1_WP_011637758.1	26.506	83	88	95	83	57	2	2	80	4	86	4.28e-14	66.5
tr|A0A063KWA5|Release	GCF_010093065.1_WP_162331416.1	15.789	83	84	88	76	58	3	2	74	11	83	4.54e-14	66.5
tr|A0A063KWA5|Release	GCF_003584645.1_WP_197716612.1	12.000	83	80	87	75	60	2	2	73	8	79	5.65e-14	66.2
tr|A0A063KWA5|Release	GCF_002762215.1_WP_085750011.1	15.714	83	87	81	70	53	3	2	68	9	75	8.74e-14	65.9
tr|A0A063KWA5|Release	GCF_013462805.1_WP_009566961.1	22.857	83	77	84	70	53	1	2	71	8	76	1.13e-13	65.4
tr|A0A063KWA5|Release	GCF_020844025.1_WP_215848879.1	25.352	83	77	86	71	52	1	2	72	8	77	1.20e-13	65.4
tr|A0A063KWA5|Release	GCF_004001245.1_WP_127478562.1	16.667	83	85	82	72	56	2	2	69	10	81	1.75e-13	65.1
tr|A0A063KWA5|Release	GCF_024347195.1_WP_271272618.1	22.388	83	77	77	67	49	2	2	65	7	73	1.84e-13	64.8
tr|A0A063KWA5|Release	GCF_013283835.1_WP_071626507.1	19.718	83	83	82	71	50	3	2	69	8	74	1.96e-13	64.8
tr|A0A063KWA5|Release	GCF_006337165.1_WP_139515111.1	16.901	83	82	80	71	50	3	2	67	8	74	2.12e-13	64.8
tr|A0A063KWA5|Release	GCF_004355185.1_WP_133271280.1	14.085	83	81	80	71	52	3	2	67	7	73	2.31e-13	64.5
tr|A0A063KWA5|Release	GCF_000940995.1_WP_082060442.1	21.429	83	93	84	70	55	0	10	79	16	85	2.39e-13	64.8
tr|A0A063KWA5|Release	GCF_008728635.1_WP_151087836.1	21.519	83	90	92	79	55	4	2	77	8	82	2.62e-13	64.5
tr|A0A063KWA5|Release	GCF_004028275.1_WP_128384077.1	17.568	83	77	84	74	56	3	2	71	3	75	3.89e-13	63.9
tr|A0A063KWA5|Release	GCF_003955735.1_WP_126127786.1	12.195	83	91	95	82	64	4	2	80	12	88	4.72e-13	63.9
tr|A0A063KWA5|Release	GCF_001020955.1_WP_047250467.1	15.493	83	82	82	71	57	2	2	69	10	80	4.98e-13	63.7
tr|A0A063KWA5|Release	GCF_013137895.1_WP_135435790.1	15.493	83	83	80	71	51	3	2	67	9	75	5.07e-13	63.7
tr|A0A063KWA5|Release	GCF_003149515.1_WP_109656005.1	17.333	83	90	87	75	56	2	2	73	8	79	5.10e-13	63.9
tr|A0A063KWA5|Release	GCF_000024005.1_WP_012793320.1	15.789	83	84	88	76	58	2	2	74	11	83	5.58e-13	63.7
tr|A0A063KWA5|Release	GCF_027625995.1_WP_270126807.1	15.493	83	82	80	71	51	3	2	67	8	74	5.62e-13	63.7
tr|A0A063KWA5|Release	GCF_000576555.1_WP_044000633.1	18.310	83	83	80	71	49	3	2	67	9	75	5.62e-13	63.7
tr|A0A063KWA5|Release	GCF_022811645.1_WP_243511723.1	20.290	83	90	80	69	49	2	2	67	8	73	6.63e-13	63.7
tr|A0A063KWA5|Release	GCF_000026085.1_WP_041454550.1	22.388	83	73	80	67	50	2	2	67	6	71	7.57e-13	63.1
tr|A0A063KWA5|Release	GCF_902810445.1_WP_197744199.1	26.027	83	78	83	73	46	4	2	70	7	75	1.25e-12	62.5
tr|A0A063KWA5|Release	GCF_017742995.1_WP_247749573.1	46.512	83	48	52	43	23	0	1	43	1	43	1.43e-12	62.0
tr|A0A063KWA5|Release	GCF_003353065.1_WP_114983154.1	13.636	83	84	77	66	52	2	2	65	11	73	1.59e-12	62.5
tr|A0A063KWA5|Release	GCF_002355415.1_WP_148665551.1	17.391	83	87	80	69	54	2	2	67	17	85	1.60e-12	62.5
tr|A0A063KWA5|Release	GCF_009662475.1_WP_031573754.1	24.658	83	79	88	73	54	1	2	74	8	79	1.62e-12	62.3
tr|A0A063KWA5|Release	GCF_001444405.1_WP_058032142.1	29.577	83	87	86	71	50	0	1	71	1	71	1.69e-12	62.5
tr|A0A063KWA5|Release	GCF_016613475.2_WP_200606805.1	15.714	83	90	81	70	53	2	2	68	11	77	1.72e-12	62.5
tr|A0A063KWA5|Release	GCF_013177675.1_WP_172128285.1	16.216	83	81	86	74	55	3	2	72	8	77	1.73e-12	62.3
tr|A0A063KWA5|Release	GCF_003970675.1_WP_126615366.1	19.697	83	76	80	66	48	3	2	67	13	73	1.78e-12	62.3
tr|A0A063KWA5|Release	GCF_021654855.1_WP_237262080.1	29.412	83	70	78	68	45	1	2	66	3	70	2.03e-12	62.0
tr|A0A063KWA5|Release	GCF_018736065.1_WP_144074266.1	19.118	83	76	82	68	50	3	2	69	13	75	2.11e-12	62.0
tr|A0A063KWA5|Release	GCF_001651805.1_WP_067384150.1	22.059	83	78	77	68	49	3	2	65	7	74	2.13e-12	62.0
tr|A0A063KWA5|Release	GCF_000013765.1_WP_011496543.1	23.810	83	106	96	84	60	2	2	81	23	106	2.34e-12	62.5
tr|A0A063KWA5|Release	GCF_002355735.1_WP_096359192.1	20.000	83	83	81	70	53	2	2	68	13	82	2.77e-12	62.0
tr|A0A063KWA5|Release	GCF_000021985.1_WP_012639500.1	20.588	83	82	77	68	50	2	2	65	8	75	2.81e-12	62.0
tr|A0A063KWA5|Release	GCF_000321415.2_WP_015260329.1	13.699	83	93	84	73	60	2	2	71	10	82	4.80e-12	61.4
tr|A0A063KWA5|Release	GCF_001955715.1_WP_029708890.1	15.068	83	80	83	73	54	3	2	70	7	75	5.14e-12	61.1
tr|A0A063KWA5|Release	GCF_013201665.1_WP_128359868.1	16.667	83	81	84	72	55	2	2	71	8	76	5.14e-12	61.1
tr|A0A063KWA5|Release	GCF_000012805.1_WP_011330264.1	15.278	83	85	83	72	55	3	2	70	7	75	5.49e-12	61.1
tr|A0A063KWA5|Release	GCF_000014785.1_WP_011630183.1	18.310	83	83	82	71	55	2	2	69	13	83	6.13e-12	61.1
tr|A0A063KWA5|Release	GCF_000092245.1_WP_013136435.1	21.739	83	76	81	69	49	2	2	68	5	70	6.26e-12	60.9
tr|A0A063KWA5|Release	GCF_009755585.1_WP_157030071.1	15.942	83	85	80	69	52	2	2	67	8	73	6.38e-12	60.9
tr|A0A063KWA5|Release	GCF_000801295.1_WP_171816254.1	17.647	83	99	78	68	52	3	2	66	10	76	7.48e-12	61.1
tr|A0A063KWA5|Release	GCF_000012325.1_WP_011045621.1	27.941	83	84	82	68	48	1	2	69	5	71	7.66e-12	60.9
tr|A0A063KWA5|Release	GCF_019931735.1_WP_223417223.1	25.882	83	87	98	85	59	2	1	81	3	87	8.58e-12	60.6
tr|A0A063KWA5|Release	GCF_000143085.1_WP_013221711.1	15.278	83	82	83	72	55	3	2	70	7	75	8.75e-12	60.6
tr|A0A063KWA5|Release	GCF_003574965.1_WP_119445661.1	15.493	83	82	80	71	51	3	2	67	8	74	8.96e-12	60.6
tr|A0A063KWA5|Release	GCF_004421105.1_WP_134356453.1	15.278	83	80	83	72	55	3	2	70	7	75	9.02e-12	60.6
tr|A0A063KWA5|Release	GCF_013343005.1_WP_078482823.1	14.865	83	84	84	74	59	2	2	71	8	81	1.11e-11	60.3
tr|A0A063KWA5|Release	GCF_002356115.1_WP_096526481.1	15.493	83	78	82	71	54	2	2	69	7	74	1.23e-11	60.0
tr|A0A063KWA5|Release	GCF_003967195.1_WP_172597571.1	17.333	83	83	86	75	58	3	2	72	9	83	1.27e-11	60.3
tr|A0A063KWA5|Release	GCF_023650495.1_WP_250655372.1	26.190	83	88	96	84	58	2	1	80	4	87	1.30e-11	60.3
tr|A0A063KWA5|Release	GCF_006385555.1_WP_140234395.1	33.735	83	87	95	83	51	3	2	80	4	86	1.38e-11	60.3
tr|A0A063KWA5|Release	GCF_000212735.1_WP_013764159.1	14.286	83	83	88	77	58	3	2	74	10	82	1.42e-11	60.0
tr|A0A063KWA5|Release	GCF_024347275.1_WP_019620968.1	19.737	83	82	87	76	57	3	2	73	7	82	1.44e-11	60.0
tr|A0A063KWA5|Release	GCF_022827545.1_WP_243798205.1	15.493	83	82	80	71	51	3	2	67	8	74	1.70e-11	59.7
tr|A0A063KWA5|Release	GCF_004798725.1_WP_010811758.1	11.429	83	83	81	70	56	2	2	68	11	77	1.80e-11	59.7
tr|A0A063KWA5|Release	GCF_013201725.1_WP_014475480.1	18.310	83	74	82	71	51	3	2	69	8	74	2.06e-11	59.4
tr|A0A063KWA5|Release	GCF_001956695.1_WP_076086034.1	17.143	83	77	81	70	52	3	2	68	5	71	2.11e-11	59.4
tr|A0A063KWA5|Release	GCF_010119975.1_WP_162445115.1	18.182	83	365	88	77	55	3	2	74	14	86	2.14e-11	63.7
tr|A0A063KWA5|Release	GCF_002142475.1_WP_026148861.1	16.667	83	86	82	72	52	3	2	69	7	74	2.35e-11	59.4
tr|A0A063KWA5|Release	GCF_024347255.1_WP_091360415.1	26.471	83	79	77	68	46	2	2	65	7	74	2.45e-11	59.4
tr|A0A063KWA5|Release	GCF_008807855.1_WP_063240334.1	17.143	83	83	81	70	52	2	2	68	11	77	2.81e-11	59.4
tr|A0A063KWA5|Release	GCF_003346775.1_WP_114843067.1	22.857	83	84	82	70	49	2	2	69	8	74	2.93e-11	59.2
tr|A0A063KWA5|Release	GCF_003346815.1_WP_114840342.1	21.918	83	82	84	73	50	3	2	71	8	76	3.17e-11	59.2
tr|A0A063KWA5|Release	GCF_018389385.1_WP_218082190.1	16.176	83	91	78	68	51	2	2	66	21	85	3.29e-11	59.2
tr|A0A063KWA5|Release	GCF_020091585.1_WP_224339804.1	15.714	83	82	81	70	53	3	2	68	7	73	3.40e-11	59.2
tr|A0A063KWA5|Release	GCF_000238255.3_WP_010559905.1	35.211	83	86	84	71	44	2	2	71	5	74	3.78e-11	59.2
tr|A0A063KWA5|Release	GCF_024347675.1_WP_261833361.1	42.222	83	54	54	45	25	1	1	45	1	44	4.10e-11	58.3
tr|A0A063KWA5|Release	GCF_019891175.1_WP_225938383.1	15.714	83	93	81	70	53	2	1	67	14	80	5.22e-11	58.9
tr|A0A063KWA5|Release	GCF_009938015.1_WP_223264517.1	14.286	83	90	80	70	56	3	2	67	10	79	8.05e-11	58.3
tr|A0A063KWA5|Release	GCF_013283835.1_WP_071625892.1	13.889	83	79	81	72	54	2	2	68	5	73	1.03e-10	57.8
tr|A0A063KWA5|Release	GCF_013177635.1_WP_129095542.1	19.403	83	72	78	67	49	3	2	66	8	71	1.09e-10	57.5
tr|A0A063KWA5|Release	GCF_002557795.1_WP_098194977.1	16.216	83	89	82	74	52	3	2	69	11	80	1.24e-10	57.8
tr|A0A063KWA5|Release	GCF_000018105.1_WP_012162738.1	16.901	83	86	81	71	51	3	1	67	6	72	1.51e-10	57.5
tr|A0A063KWA5|Release	GCF_000227685.2_WP_006746304.1	12.676	83	83	82	71	59	2	2	69	10	80	1.80e-10	57.2
tr|A0A063KWA5|Release	GCF_003544915.1_WP_118918525.1	19.118	83	73	80	68	50	2	2	67	8	72	2.32e-10	56.9
tr|A0A063KWA5|Release	GCF_000317125.1_WP_015155280.1	16.901	83	81	81	71	51	4	1	67	6	72	2.53e-10	56.9
tr|A0A063KWA5|Release	GCF_001723605.1_WP_069479051.1	15.942	83	76	81	69	53	2	2	68	5	70	3.91e-10	56.4
tr|A0A063KWA5|Release	GCF_013201935.1_WP_129014602.1	19.403	83	72	78	67	49	3	2	66	8	71	3.92e-10	56.1
tr|A0A063KWA5|Release	GCF_013282625.1_WP_173286717.1	24.638	83	67	83	69	48	2	2	70	3	67	4.53e-10	56.1
tr|A0A063KWA5|Release	GCF_024347215.1_WP_261843265.1	17.910	83	77	77	67	52	2	2	65	7	73	4.69e-10	56.1
tr|A0A063KWA5|Release	GCF_013201665.1_WP_128358834.1	15.942	83	76	81	69	53	2	2	68	5	70	6.30e-10	55.8
tr|A0A063KWA5|Release	GCF_001442805.1_WP_057942092.1	12.857	83	88	81	70	55	2	2	68	11	77	7.71e-10	55.8
tr|A0A063KWA5|Release	GCF_000006765.1_NP_249630.1	24.138	83	108	99	87	61	1	2	83	7	93	9.70e-10	55.8
tr|A0A063KWA5|Release	GCF_001956695.1_WP_076086043.1	17.808	83	77	84	73	53	3	2	71	7	75	9.90e-10	55.2
tr|A0A063KWA5|Release	GCF_011398355.1_WP_173270160.1	25.000	83	65	77	64	44	2	3	66	4	63	1.01e-09	54.9
tr|A0A063KWA5|Release	GCF_004214795.1_WP_130234502.1	14.493	83	78	81	69	54	2	2	68	8	73	1.05e-09	55.2
tr|A0A063KWA5|Release	GCF_005166025.1_WP_137090244.1	20.833	83	84	82	72	49	3	2	69	8	75	1.23e-09	55.2
tr|A0A063KWA5|Release	GCF_011398155.1_WP_173291533.1	15.714	83	71	84	70	56	1	2	71	3	69	1.31e-09	54.9
tr|A0A063KWA5|Release	GCF_013201935.1_WP_128987185.1	18.841	83	76	81	69	51	2	2	68	5	70	1.34e-09	54.9
tr|A0A063KWA5|Release	GCF_000222485.1_WP_014022977.1	15.278	83	85	83	72	55	3	2	70	10	78	1.45e-09	54.9
tr|A0A063KWA5|Release	GCF_000024725.1_WP_013031543.1	15.278	83	81	83	72	55	3	2	70	7	75	1.52e-09	54.9
tr|A0A063KWA5|Release	GCF_002309535.1_WP_096047558.1	15.942	83	88	81	69	53	2	2	68	5	70	1.56e-09	54.9
tr|A0A063KWA5|Release	GCF_023733635.1_WP_039959400.1	18.841	83	89	77	69	50	3	2	65	7	74	1.79e-09	54.9
tr|A0A063KWA5|Release	GCF_003544815.1_WP_118886031.1	17.391	83	76	81	69	52	2	2	68	5	70	2.05e-09	54.4
tr|A0A063KWA5|Release	GCF_000317575.1_WP_015193670.1	20.290	83	74	80	69	49	2	2	67	7	72	2.98e-09	54.1
tr|A0A063KWA5|Release	GCF_004293625.1_WP_130538367.1	28.814	83	71	71	59	38	2	2	60	3	57	3.04e-09	53.8
tr|A0A063KWA5|Release	GCF_000828615.1_WP_041064380.1	18.056	83	80	81	72	53	4	2	68	10	80	3.15e-09	54.1
tr|A0A063KWA5|Release	GCF_013177635.1_WP_129095951.1	15.942	83	76	81	69	53	2	2	68	5	70	3.61e-09	53.8
tr|A0A063KWA5|Release	GCF_009937995.1_WP_179954406.1	16.438	83	79	83	73	57	2	2	70	7	79	6.39e-09	53.3
tr|A0A063KWA5|Release	GCF_000265505.1_WP_014796533.1	19.231	83	97	82	78	53	2	2	69	9	86	9.34e-09	53.3
tr|A0A063KWA5|Release	GCF_000265295.1_WP_014770430.1	15.942	83	76	81	69	53	2	2	68	5	70	1.11e-08	52.7
tr|A0A063KWA5|Release	GCF_000568815.1_WP_025346049.1	15.942	83	76	81	69	53	2	2	68	5	70	1.86e-08	51.9
tr|A0A063KWA5|Release	GCF_001050135.1_WP_048644179.1	17.143	83	88	81	70	52	2	2	68	10	76	2.82e-08	51.9
tr|A0A063KWA5|Release	GCF_000242635.2_WP_014682426.1	8.824	83	83	78	68	56	2	6	70	11	75	4.87e-08	51.0
tr|A0A063KWA5|Release	GCF_011398355.1_WP_173270199.1	24.615	83	66	78	65	45	2	3	67	4	64	5.48e-08	50.7
tr|A0A063KWA5|Release	GCF_005281475.1_WP_137401239.1	9.211	83	81	88	76	62	4	2	74	6	77	6.42e-08	50.7
tr|A0A063KWA5|Release	GCF_003722295.1_WP_010573895.1	18.310	83	75	80	71	50	3	2	67	7	74	6.48e-08	50.7
tr|A0A063KWA5|Release	GCF_003143555.1_WP_109340539.1	13.699	83	84	86	73	61	1	4	74	5	77	1.16e-07	50.2
tr|A0A063KWA5|Release	GCF_008122265.1_WP_148863603.1	18.571	83	84	81	70	51	2	2	68	7	73	2.47e-07	49.3
tr|A0A063KWA5|Release	GCF_018388465.1_WP_208290210.1	14.706	83	316	80	68	56	1	8	73	139	206	4.94e-07	51.3
tr|A0A063KWA5|Release	GCF_006575665.1_WP_141613356.1	8.451	83	81	82	71	58	4	2	69	6	72	5.25e-07	48.5
tr|A0A063KWA5|Release	GCF_013177675.1_WP_172126669.1	11.429	83	77	81	70	55	3	2	68	5	70	5.26e-07	48.2
tr|A0A063KWA5|Release	GCF_003260975.1_WP_112783789.1	12.329	83	81	84	73	57	4	2	71	6	74	7.50e-07	47.9
tr|A0A063KWA5|Release	GCF_000325705.1_WP_015264554.1	10.000	83	77	81	70	56	4	2	68	6	71	3.52e-06	46.2
tr|A0A063KWA5|Release	GCF_000484535.1_WP_023173213.1	15.942	83	91	82	69	56	2	4	71	24	91	1.16e-05	45.1
tr|A0A063KWA5|Release	GCF_021018745.1_WP_230843504.1	16.667	83	92	78	66	53	2	4	68	24	88	2.36e-05	44.3
tr|A0A063KWA5|Release	GCF_011764585.1_WP_188200227.1	12.281	83	63	64	57	46	2	14	66	1	57	7.52e-05	42.6
tr|A0A063KWA5|Release	GCF_000011385.1_WP_011141833.1	16.667	83	92	78	66	53	2	4	68	24	88	9.65e-05	42.8
tr|A0A063KWA5|Release	GCF_001027285.1_WP_047859305.1	20.000	83	80	60	50	39	1	4	53	12	60	2.97e-04	41.4
tr|A0A063KWA5|Release	GCF_003346815.1_WP_114840344.1	18.841	83	84	81	69	51	3	2	68	7	72	8.41e-04	40.3
tr|A0A063KWA5|Release	GCF_003967275.1_WP_197721837.1	16.418	83	78	77	67	53	2	2	65	8	74	0.001	39.8
tr|A0A063KWA5|Release	GCF_000015485.1_WP_011791733.1	23.404	83	125	52	47	32	1	3	45	33	79	0.006	38.6
tr|A0A063KWA5|Release	GCF_026278345.1_WP_266369249.1	11.688	83	90	89	77	61	3	2	75	7	79	0.007	38.1
tr|A0A063KWA5|Release	GCF_003945325.1_WP_125566010.1	9.524	83	327	69	63	51	2	16	72	165	227	0.008	39.8
# PSIBLAST 2.13.0+
# Iteration: 10
# Query: tr|A0A063KWA5|Release 2019_11/2019_11|11-Dec-2019
# Database: db/chosen-bacteria_proteome_exDup
# Fields: query id, subject id, % identity, query length, subject length, % query coverage per subject, alignment length, mismatches, gap opens, q. start, q. end, s. start, s. end, evalue, bit score
# 454 hits found
tr|A0A063KWA5|Release	GCF_008693605.1_WP_223849061.1	32.500	83	95	96	80	54	0	2	81	11	90	3.52e-30	107
tr|A0A063KWA5|Release	GCF_025402875.1_WP_011791024.1	27.711	83	90	100	83	60	0	1	83	6	88	3.91e-30	107
tr|A0A063KWA5|Release	GCF_004353845.1_WP_103770713.1	31.646	83	93	95	79	54	0	2	80	10	88	5.29e-30	107
tr|A0A063KWA5|Release	GCF_002204915.1_WP_052690899.1	36.585	83	101	99	82	52	0	1	82	20	101	7.27e-30	107
tr|A0A063KWA5|Release	GCF_024971755.1_WP_259474826.1	26.506	83	88	100	83	61	0	1	83	6	88	8.48e-30	106
tr|A0A063KWA5|Release	GCF_003812345.1_WP_121571778.1	31.250	83	94	96	80	55	0	2	81	10	89	1.53e-29	106
tr|A0A063KWA5|Release	GCF_001597285.1_WP_061903727.1	28.395	83	92	98	81	58	0	3	83	8	88	3.39e-29	105
tr|A0A063KWA5|Release	GCF_024347355.1_WP_105024956.1	48.780	83	83	99	82	42	0	1	82	1	82	3.68e-29	104
tr|A0A063KWA5|Release	GCF_000733715.2_WP_017362912.1	27.160	83	90	98	81	59	0	3	83	8	88	6.16e-29	104
tr|A0A063KWA5|Release	GCF_000178875.2_WP_012197738.1	26.506	83	90	100	83	61	0	1	83	6	88	6.41e-29	104
tr|A0A063KWA5|Release	GCF_009938225.1_WP_075649723.1	43.902	83	82	99	82	46	0	1	82	1	82	6.88e-29	104
tr|A0A063KWA5|Release	GCF_009938185.1_WP_162048373.1	41.463	83	82	99	82	48	0	1	82	1	82	1.10e-28	103
tr|A0A063KWA5|Release	GCF_024347475.1_WP_239840920.1	48.780	83	83	99	82	42	0	1	82	1	82	1.12e-28	103
tr|A0A063KWA5|Release	GCF_002355475.1_WP_004421315.1	28.395	83	91	98	81	58	0	3	83	9	89	1.60e-28	103
tr|A0A063KWA5|Release	GCF_014905115.1_WP_193151849.1	50.000	83	81	96	80	40	0	1	80	1	80	2.94e-28	102
tr|A0A063KWA5|Release	GCF_000297075.2_WP_003461742.1	26.250	83	90	96	80	59	0	3	82	8	87	3.93e-28	102
tr|A0A063KWA5|Release	GCF_024205225.1_WP_195881696.1	25.000	83	90	96	80	60	0	3	82	8	87	4.02e-28	102
tr|A0A063KWA5|Release	GCF_013409125.2_WP_099525265.1	26.250	83	90	96	80	59	0	3	82	8	87	5.02e-28	102
tr|A0A063KWA5|Release	GCF_008807375.1_WP_151138908.1	25.926	83	91	98	81	60	0	3	83	9	89	8.71e-28	101
tr|A0A063KWA5|Release	GCF_001558415.2_WP_061055374.1	45.783	83	83	100	83	45	0	1	83	1	83	8.77e-28	101
tr|A0A063KWA5|Release	GCF_001708425.1_WP_055136127.1	24.051	83	94	95	79	60	0	3	81	8	86	8.92e-28	101
tr|A0A063KWA5|Release	GCF_011397855.1_WP_044414183.1	28.395	83	90	98	81	58	0	3	83	8	88	9.04e-28	101
tr|A0A063KWA5|Release	GCF_022371215.1_WP_239718047.1	54.321	83	83	98	81	37	0	1	81	1	81	1.53e-27	100
tr|A0A063KWA5|Release	GCF_008693645.1_WP_137347870.1	26.582	83	89	95	79	58	0	2	80	10	88	1.87e-27	100
tr|A0A063KWA5|Release	GCF_004684345.1_WP_135321947.1	25.926	83	93	98	81	60	0	2	82	10	90	2.06e-27	100
tr|A0A063KWA5|Release	GCF_001594225.2_WP_064379396.1	26.582	83	92	95	79	58	0	3	81	8	86	2.90e-27	100
tr|A0A063KWA5|Release	GCF_001461805.1_WP_013367515.1	31.250	83	86	96	80	50	2	2	81	10	84	3.02e-27	 99
tr|A0A063KWA5|Release	GCF_021172065.1_WP_015965827.1	30.000	83	86	96	80	51	2	2	81	10	84	3.05e-27	 99
tr|A0A063KWA5|Release	GCF_020097475.1_WP_000062318.1	32.500	83	86	96	80	49	2	2	81	10	84	3.35e-27	 99
tr|A0A063KWA5|Release	GCF_002214395.1_WP_010453422.1	39.506	83	81	98	81	49	0	1	81	1	81	3.80e-27	99.7
tr|A0A063KWA5|Release	GCF_002215585.1_WP_088903590.1	27.711	83	89	100	83	59	1	1	83	6	87	3.89e-27	 99
tr|A0A063KWA5|Release	GCF_013200955.2_WP_173204463.1	29.114	83	91	95	79	56	0	2	80	8	86	4.10e-27	99.7
tr|A0A063KWA5|Release	GCF_008329985.2_WP_149283950.1	35.802	83	81	98	81	52	0	1	81	1	81	4.21e-27	99.7
tr|A0A063KWA5|Release	GCF_001518835.1_WP_059308693.1	30.000	83	86	96	80	51	2	2	81	10	84	4.22e-27	99.7
tr|A0A063KWA5|Release	GCF_900682675.2_WP_069898892.1	24.691	83	94	98	81	61	0	3	83	8	88	4.33e-27	99.7
tr|A0A063KWA5|Release	GCF_017167985.1_WP_079784061.1	27.500	83	90	96	80	58	0	3	82	8	87	4.36e-27	99.7
tr|A0A063KWA5|Release	GCF_009036245.1_WP_025756830.1	30.000	83	86	96	80	51	2	2	81	10	84	4.42e-27	99.7
tr|A0A063KWA5|Release	GCF_009938205.1_WP_075706454.1	40.244	83	82	99	82	49	0	1	82	1	82	6.59e-27	99.1
tr|A0A063KWA5|Release	GCF_009068765.1_WP_151900329.1	51.250	83	81	96	80	39	0	1	80	1	80	7.29e-27	99.1
tr|A0A063KWA5|Release	GCF_002407485.1_WP_096780111.1	38.272	83	81	98	81	50	0	1	81	1	81	7.65e-27	98.9
tr|A0A063KWA5|Release	GCF_017167985.1_WP_093053415.1	24.051	83	92	95	79	60	0	3	81	8	86	8.01e-27	99.1
tr|A0A063KWA5|Release	GCF_016904755.1_WP_059234959.1	30.000	83	86	96	80	51	2	2	81	10	84	8.76e-27	98.9
tr|A0A063KWA5|Release	GCF_009176645.1_WP_152083529.1	28.750	83	86	96	80	52	2	2	81	10	84	1.06e-26	98.6
tr|A0A063KWA5|Release	GCF_000006925.2_NP_706134.1	31.250	83	86	96	80	50	2	2	81	10	84	1.07e-26	98.6
tr|A0A063KWA5|Release	GCF_003957745.1_WP_126168493.1	25.926	83	87	98	81	60	0	2	82	7	87	1.07e-26	98.6
tr|A0A063KWA5|Release	GCF_003594935.2_WP_006173581.1	30.000	83	86	96	80	51	2	2	81	10	84	1.12e-26	98.6
tr|A0A063KWA5|Release	GCF_008369605.1_WP_000253074.1	39.506	83	81	98	81	49	0	1	81	1	81	1.19e-26	98.6
tr|A0A063KWA5|Release	GCF_015137655.1_WP_028015593.1	30.000	83	86	96	80	51	2	2	81	10	84	1.64e-26	98.3
tr|A0A063KWA5|Release	GCF_001683395.1_WP_017458015.1	30.000	83	86	96	80	51	2	2	81	10	84	1.75e-26	98.0
tr|A0A063KWA5|Release	GCF_019670125.1_WP_221076876.1	43.750	83	81	96	80	45	0	1	80	1	80	1.88e-26	98.0
tr|A0A063KWA5|Release	GCF_001022135.1_WP_039078449.1	30.000	83	86	96	80	51	2	2	81	10	84	2.00e-26	98.0
tr|A0A063KWA5|Release	GCF_000005845.2_NP_414731.2	31.250	83	84	96	80	50	2	2	81	8	82	2.01e-26	98.0
tr|A0A063KWA5|Release	GCF_024347035.1_WP_102941394.1	41.975	83	81	98	81	47	0	1	81	1	81	2.08e-26	97.7
tr|A0A063KWA5|Release	GCF_000214665.1_WP_013819542.1	35.443	83	83	95	79	50	1	2	80	6	83	2.21e-26	97.7
tr|A0A063KWA5|Release	GCF_019670105.1_WP_040307707.1	43.210	83	81	98	81	46	0	1	81	1	81	2.31e-26	97.7
tr|A0A063KWA5|Release	GCF_019048625.1_WP_023305471.1	30.000	83	86	96	80	51	2	2	81	10	84	2.58e-26	97.7
tr|A0A063KWA5|Release	GCF_024582835.1_WP_257083279.1	43.902	83	87	99	82	46	0	1	82	1	82	2.67e-26	97.7
tr|A0A063KWA5|Release	GCF_023195735.1_WP_035891978.1	32.500	83	86	96	80	49	2	2	81	10	84	2.77e-26	97.7
tr|A0A063KWA5|Release	GCF_000224675.1_WP_010426685.1	28.750	83	86	96	80	52	2	2	81	10	84	2.80e-26	97.7
tr|A0A063KWA5|Release	GCF_001558255.2_WP_005504861.1	46.341	83	82	98	82	43	1	1	81	1	82	2.96e-26	97.5
tr|A0A063KWA5|Release	GCF_001729805.1_WP_008501890.1	28.750	83	86	96	80	52	2	2	81	10	84	3.00e-26	97.5
tr|A0A063KWA5|Release	GCF_006742785.1_WP_172630283.1	33.750	83	88	96	80	53	0	2	81	5	84	3.06e-26	97.5
tr|A0A063KWA5|Release	GCF_001750725.1_WP_014168720.1	28.750	83	86	96	80	52	2	2	81	10	84	3.38e-26	97.5
tr|A0A063KWA5|Release	GCF_019047765.1_WP_040231149.1	26.582	83	89	95	79	58	0	2	80	10	88	3.72e-26	97.5
tr|A0A063KWA5|Release	GCF_024347595.1_WP_176681244.1	51.852	83	83	98	81	39	0	1	81	1	81	3.73e-26	97.2
tr|A0A063KWA5|Release	GCF_009649915.1_WP_062772223.1	32.500	83	86	96	80	49	2	2	81	10	84	3.78e-26	97.2
tr|A0A063KWA5|Release	GCF_007632255.1_WP_015368146.1	30.000	83	86	96	80	51	2	2	81	10	84	4.23e-26	97.2
tr|A0A063KWA5|Release	GCF_002393445.1_WP_061273728.1	28.049	83	86	99	82	54	2	2	83	10	86	4.58e-26	97.2
tr|A0A063KWA5|Release	GCF_025914095.1_WP_031518416.1	28.750	83	86	96	80	52	2	2	81	10	84	4.61e-26	97.2
tr|A0A063KWA5|Release	GCF_001007875.1_WP_046858354.1	43.750	83	80	96	80	45	0	1	80	1	80	4.98e-26	96.9
tr|A0A063KWA5|Release	GCF_001658025.2_WP_007373243.1	31.250	83	86	96	80	50	2	2	81	10	84	5.07e-26	96.9
tr|A0A063KWA5|Release	GCF_027886705.1_WP_061497537.1	31.250	83	86	96	80	50	2	2	81	10	84	5.54e-26	96.9
tr|A0A063KWA5|Release	GCF_000009145.1_WP_041356315.1	33.333	83	90	98	81	54	0	1	81	5	85	5.54e-26	96.9
tr|A0A063KWA5|Release	GCF_024494545.1_WP_256384876.1	49.383	83	81	98	81	41	0	1	81	1	81	6.23e-26	96.6
tr|A0A063KWA5|Release	GCF_003812345.1_WP_003018503.1	31.250	83	86	96	80	50	2	2	81	10	84	6.59e-26	96.6
tr|A0A063KWA5|Release	GCF_024347635.1_WP_139683960.1	50.000	83	83	99	82	41	0	1	82	1	82	6.66e-26	96.6
tr|A0A063KWA5|Release	GCF_004684345.1_WP_135323069.1	31.250	83	86	96	80	50	2	2	81	10	84	6.86e-26	96.6
tr|A0A063KWA5|Release	GCF_024362845.1_WP_255230807.1	45.000	83	82	96	80	44	0	1	80	1	80	7.09e-26	96.6
tr|A0A063KWA5|Release	GCF_900638065.1_WP_048212636.1	31.250	83	86	96	80	50	2	2	81	10	84	8.11e-26	96.3
tr|A0A063KWA5|Release	GCF_001995825.2_WP_017057338.1	48.780	83	83	99	82	42	0	1	82	1	82	8.32e-26	96.3
tr|A0A063KWA5|Release	GCF_003935895.2_WP_110510858.1	29.268	83	86	99	82	53	2	2	83	10	86	1.02e-25	96.0
tr|A0A063KWA5|Release	GCF_004353845.1_WP_103768334.1	30.000	83	86	96	80	51	2	2	81	10	84	1.03e-25	96.0
tr|A0A063KWA5|Release	GCF_018128425.1_WP_042289833.1	30.000	83	86	96	80	51	2	2	81	10	84	1.08e-25	96.0
tr|A0A063KWA5|Release	GCF_024347455.1_WP_135458404.1	48.780	83	83	99	82	42	0	1	82	1	82	1.09e-25	96.0
tr|A0A063KWA5|Release	GCF_021278985.1_WP_012904575.1	30.000	83	86	96	80	51	2	2	81	10	84	1.15e-25	96.0
tr|A0A063KWA5|Release	GCF_000091465.1_WP_004733849.1	48.780	83	83	99	82	42	0	1	82	1	82	1.21e-25	96.0
tr|A0A063KWA5|Release	GCF_009363135.1_WP_090122691.1	30.000	83	86	96	80	51	2	2	81	10	84	1.32e-25	95.8
tr|A0A063KWA5|Release	GCF_012767755.2_WP_173171843.1	25.926	83	90	98	81	60	0	3	83	8	88	1.35e-25	96.0
tr|A0A063KWA5|Release	GCF_001277255.1_WP_007666633.1	30.000	83	86	96	80	51	2	2	81	10	84	1.37e-25	95.8
tr|A0A063KWA5|Release	GCF_001558935.2_WP_042323659.1	30.000	83	86	96	80	51	2	2	81	10	84	1.48e-25	95.8
tr|A0A063KWA5|Release	GCF_900635955.1_WP_126357486.1	28.049	83	86	99	82	54	2	2	83	10	86	1.64e-25	95.8
tr|A0A063KWA5|Release	GCF_000439255.1_WP_000062328.1	31.250	83	86	96	80	50	2	2	81	10	84	1.84e-25	95.5
tr|A0A063KWA5|Release	GCF_024347655.1_WP_060467732.1	50.000	83	83	96	80	40	0	1	80	1	80	1.84e-25	95.5
tr|A0A063KWA5|Release	GCF_000240185.1_YP_005225236.1	30.000	83	86	96	80	51	2	2	81	10	84	2.01e-25	95.5
tr|A0A063KWA5|Release	GCF_014879975.1_WP_192888672.1	51.220	83	83	99	82	40	0	1	82	1	82	2.06e-25	95.5
tr|A0A063KWA5|Release	GCF_001831495.1_WP_068547707.1	51.852	83	81	98	81	39	0	1	81	1	81	2.09e-25	95.2
tr|A0A063KWA5|Release	GCF_022637515.1_WP_064539750.1	28.750	83	86	96	80	52	2	2	81	10	84	2.49e-25	95.2
tr|A0A063KWA5|Release	GCF_017329545.1_WP_047884589.1	32.051	83	95	94	78	53	0	2	79	8	85	2.50e-25	95.5
tr|A0A063KWA5|Release	GCF_009648935.1_WP_047417117.1	30.000	83	86	96	80	51	2	2	81	10	84	2.63e-25	95.2
tr|A0A063KWA5|Release	GCF_025758125.1_WP_023480196.1	28.750	83	86	96	80	52	2	2	81	10	84	2.65e-25	95.2
tr|A0A063KWA5|Release	GCF_003019925.1_WP_162185254.1	29.268	83	86	99	82	53	2	2	83	10	86	2.67e-25	95.2
tr|A0A063KWA5|Release	GCF_013234275.1_WP_172895488.1	27.500	83	86	96	80	53	2	2	81	10	84	2.82e-25	94.9
tr|A0A063KWA5|Release	GCF_021276285.1_WP_095923198.1	30.488	83	86	99	82	52	2	2	83	10	86	2.96e-25	94.9
tr|A0A063KWA5|Release	GCF_017354925.1_WP_207321174.1	28.395	83	87	98	81	58	0	2	82	7	87	2.97e-25	94.9
tr|A0A063KWA5|Release	GCF_001277195.1_WP_032966924.1	28.750	83	86	96	80	52	2	2	81	10	84	3.23e-25	94.9
tr|A0A063KWA5|Release	GCF_900233005.1_WP_102521318.1	46.914	83	81	98	81	43	0	1	81	1	81	3.28e-25	94.9
tr|A0A063KWA5|Release	GCF_001277175.1_WP_007760020.1	27.500	83	86	96	80	53	2	2	81	10	84	3.28e-25	94.9
tr|A0A063KWA5|Release	GCF_002953195.1_WP_038628016.1	27.500	83	87	96	80	53	2	2	81	10	84	3.48e-25	94.9
tr|A0A063KWA5|Release	GCF_001456255.1_WP_020335096.1	40.741	83	81	98	81	48	0	1	81	1	81	3.50e-25	94.6
tr|A0A063KWA5|Release	GCF_022637475.1_WP_013574214.1	29.268	83	86	99	82	53	2	2	83	10	86	3.58e-25	94.9
tr|A0A063KWA5|Release	GCF_012767755.2_WP_173176508.1	22.785	83	91	95	79	58	1	4	82	9	84	3.77e-25	94.9
tr|A0A063KWA5|Release	GCF_019670705.1_WP_100146025.1	22.222	83	92	98	81	63	0	2	82	7	87	3.81e-25	94.9
tr|A0A063KWA5|Release	GCF_003261575.2_WP_110272453.1	31.250	83	86	96	80	50	2	2	81	10	84	3.94e-25	94.6
tr|A0A063KWA5|Release	GCF_003812925.1_WP_004107903.1	30.000	83	86	96	80	51	2	2	81	10	84	4.10e-25	94.6
tr|A0A063KWA5|Release	GCF_000770115.1_WP_069687890.1	41.250	83	81	96	80	47	0	1	80	1	80	4.40e-25	94.4
tr|A0A063KWA5|Release	GCF_000015245.1_WP_011761423.1	25.316	83	86	95	79	59	0	2	80	7	85	4.66e-25	94.6
tr|A0A063KWA5|Release	GCF_017354965.1_WP_207380278.1	28.395	83	87	98	81	58	0	2	82	7	87	4.78e-25	94.4
tr|A0A063KWA5|Release	GCF_024224615.1_WP_125293588.1	27.500	83	86	96	80	53	2	2	81	10	84	4.81e-25	94.4
tr|A0A063KWA5|Release	GCF_012029655.1_WP_041144145.1	31.250	83	86	96	80	50	2	2	81	10	84	4.96e-25	94.4
tr|A0A063KWA5|Release	GCF_001277215.2_WP_007776988.1	27.500	83	86	96	80	53	2	2	81	10	84	5.08e-25	94.4
tr|A0A063KWA5|Release	GCF_009730655.1_WP_156020461.1	22.222	83	92	98	81	63	0	2	82	7	87	5.11e-25	94.6
tr|A0A063KWA5|Release	GCF_017915135.1_WP_210390879.1	24.691	83	90	98	81	61	0	3	83	8	88	5.33e-25	94.4
tr|A0A063KWA5|Release	GCF_000006945.2_NP_459242.1	31.250	83	86	96	80	50	2	2	81	10	84	5.46e-25	94.4
tr|A0A063KWA5|Release	GCF_018139045.1_WP_004129134.1	30.000	83	86	96	80	51	2	2	81	10	84	5.54e-25	94.4
tr|A0A063KWA5|Release	GCF_002163605.1_WP_157665988.1	30.000	83	86	96	80	51	2	2	81	10	84	5.77e-25	94.4
tr|A0A063KWA5|Release	GCF_014524625.1_WP_009050814.1	20.988	83	92	98	81	64	0	3	83	8	88	5.89e-25	94.4
tr|A0A063KWA5|Release	GCF_000233595.1_WP_013024706.1	24.390	83	86	99	82	57	2	2	83	10	86	5.91e-25	94.4
tr|A0A063KWA5|Release	GCF_022637595.1_WP_004858152.1	30.000	83	86	96	80	51	2	2	81	10	84	5.96e-25	94.4
tr|A0A063KWA5|Release	GCF_020079945.1_WP_039382769.1	30.000	83	87	96	80	51	2	2	81	10	84	6.02e-25	94.4
tr|A0A063KWA5|Release	GCF_004328865.1_WP_104643907.1	90.361	83	83	100	83	8	0	1	83	1	83	6.02e-25	94.1
tr|A0A063KWA5|Release	GCF_000018045.1_WP_024130681.1	30.000	83	86	96	80	51	2	2	81	10	84	6.25e-25	94.1
tr|A0A063KWA5|Release	GCF_002906475.1_WP_012130247.1	37.500	83	81	96	80	50	0	1	80	1	80	6.39e-25	94.1
tr|A0A063KWA5|Release	GCF_004124235.1_WP_025377303.1	28.395	83	86	98	81	53	2	2	82	10	85	6.76e-25	94.1
tr|A0A063KWA5|Release	GCF_000010085.1_WP_011411656.1	29.268	83	86	99	82	53	2	2	83	10	86	6.98e-25	94.1
tr|A0A063KWA5|Release	GCF_000024825.1_WP_005460845.1	41.975	83	81	98	81	47	0	1	81	1	81	7.03e-25	94.1
tr|A0A063KWA5|Release	GCF_006711645.1_WP_100682484.1	30.000	83	86	96	80	51	2	2	81	10	84	7.04e-25	94.1
tr|A0A063KWA5|Release	GCF_015139575.1_WP_004098776.1	30.000	83	86	96	80	51	2	2	81	10	84	7.32e-25	94.1
tr|A0A063KWA5|Release	GCF_000517425.1_WP_025421126.1	29.268	83	86	99	82	53	2	2	83	10	86	7.32e-25	94.1
tr|A0A063KWA5|Release	GCF_000834395.1_WP_042546713.1	28.395	83	86	98	81	53	2	2	82	10	85	7.50e-25	94.1
tr|A0A063KWA5|Release	GCF_016834455.1_WP_203325205.1	25.316	83	86	95	79	59	0	2	80	7	85	7.80e-25	93.8
tr|A0A063KWA5|Release	GCF_013282725.1_WP_032813813.1	27.160	83	86	98	81	54	2	2	82	10	85	8.45e-25	93.8
tr|A0A063KWA5|Release	GCF_000222975.1_WP_002218374.1	28.395	83	86	98	81	53	2	2	82	10	85	8.45e-25	93.8
tr|A0A063KWA5|Release	GCF_000026185.1_WP_012440659.1	27.500	83	87	96	80	53	2	2	81	10	84	8.74e-25	93.8
tr|A0A063KWA5|Release	GCF_019890955.1_WP_211725887.1	30.000	83	87	96	80	51	2	2	81	10	84	9.92e-25	93.8
tr|A0A063KWA5|Release	GCF_002021755.1_WP_005434844.1	38.750	83	81	96	80	49	0	1	80	1	80	1.02e-24	93.5
tr|A0A063KWA5|Release	GCF_011617105.1_WP_025800203.1	30.000	83	86	96	80	51	2	2	81	10	84	1.12e-24	93.5
tr|A0A063KWA5|Release	GCF_023517775.1_WP_249893541.1	30.000	83	87	96	80	51	2	2	81	10	84	1.15e-24	93.5
tr|A0A063KWA5|Release	GCF_002355475.1_WP_003455993.1	23.457	83	90	98	81	62	0	3	83	6	86	1.19e-24	93.5
tr|A0A063KWA5|Release	GCF_024347495.1_WP_137371745.1	47.500	83	80	96	80	42	0	1	80	1	80	1.21e-24	93.2
tr|A0A063KWA5|Release	GCF_001007935.1_WP_046849946.1	28.750	83	84	96	80	57	0	1	80	5	84	1.24e-24	93.5
tr|A0A063KWA5|Release	GCF_002101395.1_WP_085067900.1	30.000	83	87	96	80	51	2	2	81	10	84	1.30e-24	93.5
tr|A0A063KWA5|Release	GCF_000834455.1_WP_032817050.1	28.395	83	86	98	81	53	2	2	82	10	85	1.35e-24	93.2
tr|A0A063KWA5|Release	GCF_000772105.1_WP_004748349.1	45.000	83	81	96	80	44	0	1	80	1	80	1.40e-24	93.2
tr|A0A063KWA5|Release	GCF_019669905.1_WP_054759186.1	27.848	83	79	95	79	53	1	2	80	5	79	1.41e-24	93.2
tr|A0A063KWA5|Release	GCF_011068345.1_WP_002436992.1	27.500	83	86	96	80	53	2	2	81	10	84	1.49e-24	93.2
tr|A0A063KWA5|Release	GCF_000025065.1_WP_012883679.1	27.500	83	86	96	80	53	2	2	81	10	84	2.01e-24	93.0
tr|A0A063KWA5|Release	GCF_024360925.2_WP_255188929.1	31.646	83	83	95	79	53	1	2	80	6	83	2.15e-24	92.7
tr|A0A063KWA5|Release	GCF_000238395.3_WP_010553578.1	97.590	83	83	100	83	2	0	1	83	1	83	2.27e-24	92.7
tr|A0A063KWA5|Release	GCF_009914055.1_WP_160619715.1	27.500	83	87	96	80	53	2	2	81	10	84	2.45e-24	92.7
tr|A0A063KWA5|Release	GCF_009730055.1_WP_032906500.1	28.395	83	86	98	81	53	2	2	82	10	85	2.51e-24	92.7
tr|A0A063KWA5|Release	GCF_012427845.1_WP_012773648.1	26.250	83	86	96	80	54	2	2	81	10	84	2.67e-24	92.7
tr|A0A063KWA5|Release	GCF_025133195.1_WP_032910235.1	28.395	83	86	98	81	53	2	2	82	10	85	2.78e-24	92.4
tr|A0A063KWA5|Release	GCF_005877035.1_WP_039486662.1	97.590	83	83	100	83	2	0	1	83	1	83	2.86e-24	92.4
tr|A0A063KWA5|Release	GCF_900095885.1_WP_035340381.1	23.750	83	86	96	80	56	2	2	81	10	84	3.01e-24	92.4
tr|A0A063KWA5|Release	GCF_011044475.1_WP_033740322.1	24.390	83	86	99	82	57	2	2	83	10	86	3.42e-24	92.4
tr|A0A063KWA5|Release	GCF_002288545.1_WP_029367608.1	26.250	83	86	96	80	54	2	2	81	10	84	3.45e-24	92.4
tr|A0A063KWA5|Release	GCF_019844095.1_WP_062747070.1	25.000	83	88	96	80	55	2	2	81	11	85	4.09e-24	92.1
tr|A0A063KWA5|Release	GCF_009363415.1_WP_152430616.1	36.585	83	84	99	82	52	0	1	82	1	82	4.39e-24	92.1
tr|A0A063KWA5|Release	GCF_024347675.1_WP_261835500.1	45.679	83	81	98	81	44	0	1	81	1	81	4.62e-24	91.8
tr|A0A063KWA5|Release	GCF_000023565.1_WP_012770818.1	27.500	83	86	96	80	53	2	2	81	10	84	4.63e-24	91.8
tr|A0A063KWA5|Release	GCF_000520015.2_WP_024910172.1	27.500	83	87	96	80	53	2	2	81	10	84	4.71e-24	91.8
tr|A0A063KWA5|Release	GCF_003668795.1_WP_054981706.1	80.723	83	83	100	83	16	0	1	83	1	83	5.06e-24	91.8
tr|A0A063KWA5|Release	GCF_002221525.1_WP_089349457.1	83.133	83	83	100	83	14	0	1	83	1	83	5.18e-24	91.8
tr|A0A063KWA5|Release	GCF_019670485.1_WP_221071211.1	42.500	83	81	96	80	46	0	1	80	1	80	5.21e-24	91.8
tr|A0A063KWA5|Release	GCF_008807375.1_WP_151133519.1	23.457	83	90	98	81	62	0	3	83	6	86	5.25e-24	91.8
tr|A0A063KWA5|Release	GCF_021029445.1_WP_230924827.1	26.250	83	89	96	80	58	1	3	82	8	86	5.37e-24	91.8
tr|A0A063KWA5|Release	GCF_020683125.1_WP_133842177.1	25.000	83	88	96	80	55	2	2	81	11	85	5.40e-24	91.8
tr|A0A063KWA5|Release	GCF_020150375.1_WP_004094310.1	28.750	83	86	96	80	52	2	2	81	10	84	6.06e-24	91.5
tr|A0A063KWA5|Release	GCF_020181655.1_WP_225087160.1	25.000	83	86	96	80	55	2	2	81	10	84	7.57e-24	91.5
tr|A0A063KWA5|Release	GCF_007858975.2_WP_042869176.1	27.500	83	86	96	80	53	2	2	81	10	84	7.63e-24	91.5
tr|A0A063KWA5|Release	GCF_009873295.1_WP_039312412.1	26.250	83	86	96	80	54	2	2	81	10	84	7.69e-24	91.3
tr|A0A063KWA5|Release	GCF_004792415.1_WP_013356856.1	21.951	83	86	99	82	59	2	2	83	10	86	7.94e-24	91.3
tr|A0A063KWA5|Release	GCF_017498685.1_WP_038245151.1	27.160	83	86	98	81	54	2	2	82	10	85	8.60e-24	91.3
tr|A0A063KWA5|Release	GCF_005484945.1_WP_137712817.1	26.250	83	86	96	80	54	2	2	81	10	84	8.66e-24	91.3
tr|A0A063KWA5|Release	GCF_019797845.1_WP_222158377.1	30.000	83	86	96	80	51	2	2	81	10	84	9.31e-24	91.3
tr|A0A063KWA5|Release	GCF_001642805.2_WP_004931991.1	27.500	83	87	96	80	53	2	2	81	10	84	9.40e-24	91.3
tr|A0A063KWA5|Release	GCF_009931295.1_WP_161528353.1	26.250	83	86	96	80	54	2	2	81	10	84	1.05e-23	91.0
tr|A0A063KWA5|Release	GCF_016026735.1_WP_015673540.1	27.500	83	87	96	80	53	2	2	81	10	84	1.13e-23	91.0
tr|A0A063KWA5|Release	GCF_021462285.1_WP_234585968.1	27.500	83	87	96	80	53	2	2	81	10	84	1.14e-23	91.0
tr|A0A063KWA5|Release	GCF_006364355.1_WP_004727652.1	36.145	83	83	100	83	53	0	1	83	1	83	1.29e-23	90.7
tr|A0A063KWA5|Release	GCF_003515985.1_WP_085653101.1	25.000	83	86	96	80	55	2	2	81	10	84	1.48e-23	90.7
tr|A0A063KWA5|Release	GCF_000264765.2_WP_034163237.1	26.250	83	86	96	80	54	2	2	81	10	84	1.55e-23	90.7
tr|A0A063KWA5|Release	GCF_009817885.1_WP_105232289.1	27.500	83	87	96	80	53	2	2	81	10	84	1.56e-23	90.7
tr|A0A063KWA5|Release	GCF_003258315.1_WP_111337788.1	29.630	83	88	98	81	57	0	1	81	5	85	1.66e-23	90.7
tr|A0A063KWA5|Release	GCF_015999465.1_WP_085688159.1	23.750	83	86	96	80	56	2	2	81	10	84	1.68e-23	90.4
tr|A0A063KWA5|Release	GCF_000740965.1_WP_011092648.1	26.250	83	86	96	80	54	2	2	81	10	84	1.69e-23	90.4
tr|A0A063KWA5|Release	GCF_019977755.1_WP_126608378.1	30.233	83	103	96	86	54	1	1	80	15	100	1.70e-23	91.0
tr|A0A063KWA5|Release	GCF_022647505.1_WP_128179458.1	27.500	83	87	96	80	53	2	2	81	10	84	1.92e-23	90.4
tr|A0A063KWA5|Release	GCF_001999225.1_WP_077537996.1	71.605	83	82	98	81	23	0	1	81	1	81	2.03e-23	90.1
tr|A0A063KWA5|Release	GCF_021733145.1_WP_012847629.1	25.000	83	86	96	80	55	2	2	81	10	84	2.19e-23	90.1
tr|A0A063KWA5|Release	GCF_000019525.1_WP_012323084.1	36.250	83	81	96	80	51	0	1	80	1	80	2.23e-23	90.1
tr|A0A063KWA5|Release	GCF_900187015.1_WP_061796701.1	26.250	83	87	96	80	54	2	2	81	10	84	2.31e-23	90.1
tr|A0A063KWA5|Release	GCF_020342335.1_WP_067428135.1	25.000	83	87	96	80	55	2	2	81	10	84	2.44e-23	90.1
tr|A0A063KWA5|Release	GCF_002887615.1_WP_038869703.1	36.250	83	81	96	80	51	0	1	80	1	80	2.49e-23	90.1
tr|A0A063KWA5|Release	GCF_017569925.1_WP_208228065.1	26.250	83	86	96	80	54	2	2	81	10	84	2.68e-23	90.1
tr|A0A063KWA5|Release	GCF_024346675.1_WP_048897676.1	26.582	83	86	95	79	58	0	2	80	8	86	2.92e-23	89.9
tr|A0A063KWA5|Release	GCF_000262305.1_WP_002441069.1	27.500	83	86	96	80	53	2	2	81	10	84	2.92e-23	89.9
tr|A0A063KWA5|Release	GCF_013460135.1_WP_180816665.1	31.250	83	88	96	80	50	2	2	81	10	84	3.03e-23	89.9
tr|A0A063KWA5|Release	GCF_002812485.1_WP_038661467.1	26.250	83	86	96	80	54	2	2	81	10	84	3.32e-23	89.9
tr|A0A063KWA5|Release	GCF_013423785.1_WP_180308358.1	30.000	83	88	96	80	55	1	2	81	10	88	3.36e-23	89.9
tr|A0A063KWA5|Release	GCF_019048385.1_WP_062759648.1	23.171	83	86	99	82	58	2	2	83	10	86	3.56e-23	89.6
tr|A0A063KWA5|Release	GCF_000196615.1_WP_013200864.1	26.250	83	87	96	80	54	2	2	81	10	84	3.66e-23	89.6
tr|A0A063KWA5|Release	GCF_001742185.1_WP_005975933.1	26.250	83	86	96	80	54	2	2	81	10	84	3.86e-23	89.6
tr|A0A063KWA5|Release	GCF_002157895.1_WP_227874980.1	41.975	83	82	98	81	47	0	1	81	2	82	4.05e-23	89.6
tr|A0A063KWA5|Release	GCF_000023545.1_WP_015854637.1	23.750	83	86	96	80	56	2	2	81	10	84	4.11e-23	89.6
tr|A0A063KWA5|Release	GCF_004768525.1_WP_026822068.1	28.750	83	88	96	80	52	2	2	81	10	84	4.72e-23	89.3
tr|A0A063KWA5|Release	GCF_000148645.1_WP_013347076.1	38.462	83	80	94	78	48	0	4	81	3	80	5.25e-23	89.3
tr|A0A063KWA5|Release	GCF_000517405.1_WP_038469034.1	28.049	83	83	99	82	54	2	2	83	7	83	5.27e-23	89.3
tr|A0A063KWA5|Release	GCF_002291445.1_WP_048635886.1	25.000	83	86	96	80	55	2	2	81	10	84	6.36e-23	89.0
tr|A0A063KWA5|Release	GCF_000147055.1_WP_022632468.1	26.250	83	86	96	80	54	2	2	81	10	84	7.17e-23	89.0
tr|A0A063KWA5|Release	GCF_009646115.1_WP_008925644.1	21.951	83	86	99	82	59	2	2	83	10	86	7.34e-23	89.0
tr|A0A063KWA5|Release	GCF_003992745.1_WP_014700896.1	25.000	83	86	96	80	55	2	2	81	10	84	8.14e-23	88.7
tr|A0A063KWA5|Release	GCF_003403135.1_WP_024104894.1	27.500	83	86	96	80	53	2	2	81	10	84	8.40e-23	88.7
tr|A0A063KWA5|Release	GCF_000214235.1_WP_004952197.1	23.750	83	85	96	80	56	2	2	81	8	82	1.02e-22	88.4
tr|A0A063KWA5|Release	GCF_008931805.1_WP_019441510.1	54.321	83	81	98	81	37	0	1	81	1	81	1.31e-22	88.2
tr|A0A063KWA5|Release	GCF_020268605.1_WP_180560445.1	28.750	83	88	96	80	52	2	2	81	10	84	1.39e-22	88.2
tr|A0A063KWA5|Release	GCF_002005305.1_WP_077753428.1	20.988	83	86	98	81	64	0	1	81	6	86	1.60e-22	88.2
tr|A0A063KWA5|Release	GCF_000014765.1_WP_011633385.1	29.630	83	89	98	81	57	0	2	82	5	85	1.63e-22	88.2
tr|A0A063KWA5|Release	GCF_001010285.1_WP_046974061.1	25.000	83	88	96	80	55	2	2	81	10	84	1.74e-22	87.9
tr|A0A063KWA5|Release	GCF_029457395.1_WP_024766443.1	20.482	83	92	95	83	62	2	4	82	9	91	1.74e-22	88.2
tr|A0A063KWA5|Release	GCF_002504285.1_WP_005282992.1	23.750	83	86	96	80	56	2	2	81	10	84	1.79e-22	87.9
tr|A0A063KWA5|Release	GCF_000091565.1_WP_004159420.1	27.500	83	87	96	80	53	2	2	81	10	84	1.88e-22	87.9
tr|A0A063KWA5|Release	GCF_001006005.1_WP_223499701.1	26.250	83	85	96	80	54	2	2	81	8	82	2.04e-22	87.9
tr|A0A063KWA5|Release	GCF_000146165.2_WP_164925808.1	25.000	83	89	100	84	62	1	1	83	6	89	2.06e-22	87.9
tr|A0A063KWA5|Release	GCF_000261045.2_WP_006318653.1	23.750	83	87	96	80	56	2	2	81	10	84	2.24e-22	87.6
tr|A0A063KWA5|Release	GCF_001431725.1_WP_021820278.1	34.568	83	81	98	81	53	0	1	81	1	81	2.50e-22	87.3
tr|A0A063KWA5|Release	GCF_011045835.1_WP_075671674.1	24.390	83	86	99	82	57	2	2	83	10	86	2.60e-22	87.6
tr|A0A063KWA5|Release	GCF_008364325.2_WP_230090436.1	25.000	83	85	96	80	55	2	2	81	8	82	2.87e-22	87.3
tr|A0A063KWA5|Release	GCF_022647325.1_WP_111140597.1	23.171	83	86	99	82	58	2	2	83	10	86	3.04e-22	87.3
tr|A0A063KWA5|Release	GCF_000196475.1_WP_012776850.1	25.000	83	88	96	80	55	2	2	81	10	84	3.13e-22	87.3
tr|A0A063KWA5|Release	GCF_000968535.2_WP_014147785.1	31.250	83	84	96	80	54	1	2	81	6	84	3.23e-22	87.3
tr|A0A063KWA5|Release	GCF_902387845.1_WP_004237241.1	32.500	83	88	96	80	49	2	2	81	10	84	3.39e-22	87.3
tr|A0A063KWA5|Release	GCF_900638135.1_WP_012146468.1	23.750	83	87	96	80	56	2	2	81	10	84	3.41e-22	87.3
tr|A0A063KWA5|Release	GCF_000016065.1_WP_011864074.1	21.951	83	93	99	82	63	1	1	82	6	86	3.42e-22	87.3
tr|A0A063KWA5|Release	GCF_000014885.1_WP_020912292.1	25.000	83	87	96	80	60	0	2	81	7	86	3.57e-22	87.0
tr|A0A063KWA5|Release	GCF_009831665.3_WP_006709226.1	22.500	83	87	96	80	57	2	2	81	10	84	3.66e-22	87.0
tr|A0A063KWA5|Release	GCF_012971725.1_WP_169940133.1	20.482	83	92	95	83	62	2	4	82	9	91	3.76e-22	87.3
tr|A0A063KWA5|Release	GCF_005931095.1_WP_017839868.1	30.000	83	84	96	80	55	1	2	81	6	84	3.79e-22	87.0
tr|A0A063KWA5|Release	GCF_012295615.1_WP_007018284.1	37.037	83	81	98	81	51	0	1	81	1	81	3.83e-22	87.0
tr|A0A063KWA5|Release	GCF_001455205.1_WP_062560013.1	36.250	83	84	96	80	50	1	2	81	6	84	4.51e-22	86.8
tr|A0A063KWA5|Release	GCF_002291425.1_WP_095847471.1	27.500	83	87	96	80	53	2	2	81	10	84	4.87e-22	86.8
tr|A0A063KWA5|Release	GCF_022369495.1_WP_072064250.1	24.390	83	86	99	82	57	2	2	83	10	86	4.98e-22	86.8
tr|A0A063KWA5|Release	GCF_000196155.1_WP_011145066.1	22.222	83	88	98	81	58	2	2	82	10	85	5.12e-22	86.8
tr|A0A063KWA5|Release	GCF_000069965.1_WP_004245453.1	23.171	83	86	99	82	58	2	2	83	10	86	5.84e-22	86.5
tr|A0A063KWA5|Release	GCF_005484965.1_WP_009114129.1	25.000	83	86	96	80	55	2	2	81	10	84	7.29e-22	86.5
tr|A0A063KWA5|Release	GCF_008033135.1_WP_148717358.1	21.795	83	87	94	78	60	1	2	79	7	83	7.31e-22	86.5
tr|A0A063KWA5|Release	GCF_016026395.1_WP_024524235.1	23.750	83	86	96	80	56	2	2	81	10	84	7.90e-22	86.2
tr|A0A063KWA5|Release	GCF_019090985.1_WP_036781226.1	22.500	83	88	96	80	57	2	2	81	10	84	7.99e-22	86.2
tr|A0A063KWA5|Release	GCF_029277985.1_WP_154623766.1	23.457	83	87	98	81	57	2	2	82	10	85	9.35e-22	86.2
tr|A0A063KWA5|Release	GCF_000968195.1_WP_045972480.1	26.250	83	87	96	80	54	2	2	81	11	85	1.10e-21	85.9
tr|A0A063KWA5|Release	GCF_002849875.1_WP_232379112.1	40.244	83	113	95	82	46	1	2	80	32	113	1.23e-21	86.2
tr|A0A063KWA5|Release	GCF_017348915.1_WP_040077077.1	30.000	83	86	96	80	51	2	2	81	10	84	1.25e-21	85.6
tr|A0A063KWA5|Release	GCF_020541225.1_WP_226811316.1	28.049	83	86	99	82	54	2	2	83	10	86	1.31e-21	85.6
tr|A0A063KWA5|Release	GCF_025946765.1_WP_264497926.1	23.750	83	86	96	80	56	2	2	81	10	84	1.58e-21	85.6
tr|A0A063KWA5|Release	GCF_022592395.1_WP_047255099.1	21.250	83	87	96	80	58	2	2	81	10	84	2.19e-21	85.1
tr|A0A063KWA5|Release	GCF_000968175.1_WP_045959360.1	26.250	83	88	96	80	54	2	2	81	11	85	2.74e-21	85.1
tr|A0A063KWA5|Release	GCF_004295645.1_WP_228350951.1	27.500	83	88	96	80	53	2	2	81	11	85	3.01e-21	84.8
tr|A0A063KWA5|Release	GCF_002952315.1_WP_012667243.1	23.750	83	87	96	80	56	2	2	81	10	84	3.28e-21	84.8
tr|A0A063KWA5|Release	GCF_019047765.1_WP_040230035.1	31.250	83	86	96	80	50	2	2	81	10	84	4.87e-21	84.2
tr|A0A063KWA5|Release	GCF_003096015.2_WP_230514010.1	26.250	83	88	96	80	54	2	2	81	11	85	5.00e-21	84.2
tr|A0A063KWA5|Release	GCF_003204135.1_WP_004908806.1	23.750	83	87	96	80	56	2	2	81	10	84	5.49e-21	84.2
tr|A0A063KWA5|Release	GCF_008632455.1_WP_150048082.1	33.750	83	84	96	80	52	1	2	81	6	84	5.55e-21	83.9
tr|A0A063KWA5|Release	GCF_002843235.3_WP_102139922.1	23.750	83	87	96	80	56	2	2	81	10	84	5.76e-21	84.2
tr|A0A063KWA5|Release	GCF_900475855.1_WP_068441311.1	23.750	83	87	96	80	56	2	2	81	10	84	6.86e-21	83.9
tr|A0A063KWA5|Release	GCF_024746855.1_WP_260492542.1	40.000	83	79	96	80	47	1	1	80	1	79	8.14e-21	83.7
tr|A0A063KWA5|Release	GCF_021365465.1_WP_016190321.1	28.750	83	87	96	80	52	2	2	81	10	84	1.03e-20	83.4
tr|A0A063KWA5|Release	GCF_002393505.1_WP_006658392.1	25.000	83	87	96	80	55	2	2	81	10	84	1.07e-20	83.4
tr|A0A063KWA5|Release	GCF_003025345.2_WP_003155955.1	26.190	83	91	95	84	57	1	2	80	7	90	1.15e-20	83.4
tr|A0A063KWA5|Release	GCF_017743015.1_WP_209027287.1	27.500	83	88	96	80	53	2	2	81	10	84	1.18e-20	83.4
tr|A0A063KWA5|Release	GCF_004116975.1_WP_064720954.1	23.171	83	86	99	82	58	2	2	83	10	86	1.26e-20	83.1
tr|A0A063KWA5|Release	GCF_019797925.1_WP_193521737.1	37.037	83	80	98	81	50	1	1	81	1	80	1.30e-20	83.1
tr|A0A063KWA5|Release	GCF_003074995.2_WP_015870269.1	24.051	83	86	95	79	55	2	2	80	10	83	1.46e-20	83.1
tr|A0A063KWA5|Release	GCF_900638655.1_WP_047781753.1	27.500	83	88	96	80	53	2	2	81	11	85	1.90e-20	82.8
tr|A0A063KWA5|Release	GCF_014295015.1_WP_013185414.1	26.250	83	87	96	80	54	2	2	81	11	85	2.22e-20	82.5
tr|A0A063KWA5|Release	GCF_900478135.1_WP_111739359.1	26.250	83	88	96	80	54	2	2	81	11	85	3.31e-20	82.3
tr|A0A063KWA5|Release	GCF_000019185.1_WP_012277931.1	37.000	83	100	98	100	44	1	1	81	1	100	4.02e-20	82.3
tr|A0A063KWA5|Release	GCF_019703835.1_WP_087020305.1	29.114	83	79	95	79	52	1	4	82	3	77	4.32e-20	81.7
tr|A0A063KWA5|Release	GCF_001677435.1_WP_068615618.1	24.390	83	90	99	82	61	1	2	83	9	89	5.27e-20	81.7
tr|A0A063KWA5|Release	GCF_001721185.1_WP_069317984.1	23.750	83	87	96	80	56	2	2	81	10	84	6.50e-20	81.4
tr|A0A063KWA5|Release	GCF_000785705.2_WP_036272019.1	29.114	83	82	95	79	54	2	2	80	6	82	9.37e-20	80.9
tr|A0A063KWA5|Release	GCF_003568825.1_WP_040644076.1	27.711	83	83	96	83	57	1	1	80	1	83	1.16e-19	80.6
tr|A0A063KWA5|Release	GCF_005671395.1_WP_138095872.1	28.788	83	86	80	66	46	1	2	67	10	74	1.28e-19	80.6
tr|A0A063KWA5|Release	GCF_016026875.1_WP_045525981.1	19.753	83	89	98	81	60	3	2	82	7	82	2.20e-19	80.0
tr|A0A063KWA5|Release	GCF_008364325.2_WP_020826409.1	23.457	83	84	98	81	59	1	2	82	7	84	2.62e-19	79.7
tr|A0A063KWA5|Release	GCF_020405345.1_WP_017780573.1	19.753	83	89	98	81	60	3	2	82	7	82	5.79e-19	79.2
tr|A0A063KWA5|Release	GCF_026427595.1_WP_251812951.1	25.926	83	88	93	81	56	3	4	80	7	87	1.54e-18	78.0
tr|A0A063KWA5|Release	GCF_004358345.1_WP_121852852.1	27.941	83	76	82	68	49	0	2	69	8	75	2.44e-18	77.2
tr|A0A063KWA5|Release	GCF_017638925.1_WP_208844867.1	34.615	83	81	94	78	50	1	1	78	1	77	2.99e-18	77.2
tr|A0A063KWA5|Release	GCF_003990335.1_WP_127025819.1	21.951	83	91	99	82	63	1	1	82	5	85	3.08e-18	77.2
tr|A0A063KWA5|Release	GCF_020149575.1_WP_224431657.1	19.512	83	85	99	82	61	3	2	83	7	83	6.33e-18	76.4
tr|A0A063KWA5|Release	GCF_020423125.1_WP_226170850.1	20.988	83	84	98	81	59	3	2	82	7	82	9.71e-18	75.8
tr|A0A063KWA5|Release	GCF_003515105.1_WP_036973086.1	25.373	83	73	81	67	50	0	2	68	6	72	1.28e-17	75.2
tr|A0A063KWA5|Release	GCF_007197555.1_WP_144048375.1	20.690	83	94	98	87	63	2	1	81	6	92	1.69e-17	75.5
tr|A0A063KWA5|Release	GCF_028355655.1_WP_087756847.1	19.753	83	84	98	81	60	3	2	82	7	82	2.24e-17	74.9
tr|A0A063KWA5|Release	GCF_900637545.1_WP_042651794.1	20.988	83	84	98	81	59	3	2	82	7	82	4.12e-17	74.1
tr|A0A063KWA5|Release	GCF_000018285.1_WP_012155987.1	32.673	83	102	96	101	47	1	1	80	1	101	5.23e-17	74.4
tr|A0A063KWA5|Release	GCF_000147355.1_WP_013326989.1	40.909	83	67	80	66	39	0	15	80	1	66	1.21e-16	72.7
tr|A0A063KWA5|Release	GCF_003015165.1_WP_106887831.1	20.988	83	84	98	81	59	3	2	82	7	82	1.55e-16	72.7
tr|A0A063KWA5|Release	GCF_008693705.1_WP_127008315.1	19.753	83	84	98	81	60	3	2	82	7	82	1.92e-16	72.4
tr|A0A063KWA5|Release	GCF_014169735.1_WP_134997272.1	18.519	83	86	98	81	61	3	2	82	7	82	4.00e-16	71.9
tr|A0A063KWA5|Release	GCF_002215215.1_WP_088918776.1	28.916	83	101	99	83	56	3	2	83	20	100	5.73e-16	71.6
tr|A0A063KWA5|Release	GCF_010093065.1_WP_238430213.1	15.942	83	83	80	69	52	2	2	67	11	76	8.62e-16	70.7
tr|A0A063KWA5|Release	GCF_016026615.1_WP_197928313.1	19.753	83	89	98	81	60	3	2	82	7	82	1.05e-15	70.7
tr|A0A063KWA5|Release	GCF_020991025.1_WP_152109250.1	29.851	83	83	80	67	45	2	2	67	8	73	1.60e-15	70.2
tr|A0A063KWA5|Release	GCF_001596155.1_WP_068342236.1	22.078	83	90	89	77	53	4	2	75	8	80	2.56e-15	69.9
tr|A0A063KWA5|Release	GCF_001507645.1_WP_068195976.1	22.892	83	90	96	83	58	2	2	81	8	87	3.41e-15	69.3
tr|A0A063KWA5|Release	GCF_016127195.1_WP_042032742.1	16.049	83	89	98	81	63	3	2	82	7	82	3.57e-15	69.3
tr|A0A063KWA5|Release	GCF_000788395.1_WP_038641921.1	31.507	83	85	87	73	48	2	2	73	5	76	6.39e-15	68.8
tr|A0A063KWA5|Release	GCF_002157225.2_WP_086934278.1	27.778	83	80	87	72	51	1	1	72	4	74	6.67e-15	68.5
tr|A0A063KWA5|Release	GCF_015209785.1_WP_193988300.1	23.438	83	73	77	64	49	0	2	65	6	69	7.19e-15	68.2
tr|A0A063KWA5|Release	GCF_003855395.1_WP_124730567.1	28.916	83	88	95	83	55	2	2	80	4	86	9.61e-15	68.2
tr|A0A063KWA5|Release	GCF_003063625.1_WP_108601906.1	31.944	83	85	87	72	48	1	1	72	4	74	1.72e-14	67.6
tr|A0A063KWA5|Release	GCF_020511155.1_WP_226415657.1	27.381	83	87	96	84	57	2	1	80	4	87	1.80e-14	67.6
tr|A0A063KWA5|Release	GCF_002218045.2_WP_089137819.1	28.986	83	79	80	69	46	1	2	67	9	77	2.94e-14	66.8
tr|A0A063KWA5|Release	GCF_001020955.1_WP_047250467.1	15.493	83	82	82	71	57	2	2	69	10	80	3.48e-14	66.8
tr|A0A063KWA5|Release	GCF_003966655.1_WP_113527441.1	24.286	83	77	84	70	52	1	2	71	8	76	3.61e-14	66.5
tr|A0A063KWA5|Release	GCF_010093065.1_WP_162331416.1	15.789	83	84	88	76	58	3	2	74	11	83	8.22e-14	65.7
tr|A0A063KWA5|Release	GCF_000014705.1_WP_011637758.1	26.506	83	88	95	83	57	2	2	80	4	86	9.52e-14	65.7
tr|A0A063KWA5|Release	GCF_004001245.1_WP_127478562.1	16.667	83	85	82	72	56	2	2	69	10	81	1.35e-13	65.4
tr|A0A063KWA5|Release	GCF_003584645.1_WP_197716612.1	12.000	83	80	87	75	60	2	2	73	8	79	1.38e-13	65.1
tr|A0A063KWA5|Release	GCF_024347195.1_WP_271272618.1	22.388	83	77	77	67	49	2	2	65	7	73	1.77e-13	64.8
tr|A0A063KWA5|Release	GCF_002762215.1_WP_085750011.1	15.714	83	87	81	70	53	3	2	68	9	75	1.80e-13	65.1
tr|A0A063KWA5|Release	GCF_020844025.1_WP_215848879.1	25.352	83	77	86	71	52	1	2	72	8	77	2.57e-13	64.5
tr|A0A063KWA5|Release	GCF_013462805.1_WP_009566961.1	22.857	83	77	84	70	53	1	2	71	8	76	3.13e-13	64.3
tr|A0A063KWA5|Release	GCF_000940995.1_WP_082060442.1	21.429	83	93	84	70	55	0	10	79	16	85	3.33e-13	64.5
tr|A0A063KWA5|Release	GCF_006337165.1_WP_139515111.1	16.901	83	82	80	71	50	3	2	67	8	74	5.39e-13	63.7
tr|A0A063KWA5|Release	GCF_004028275.1_WP_128384077.1	17.568	83	77	84	74	56	3	2	71	3	75	5.68e-13	63.4
tr|A0A063KWA5|Release	GCF_004355185.1_WP_133271280.1	14.085	83	81	80	71	52	3	2	67	7	73	6.36e-13	63.4
tr|A0A063KWA5|Release	GCF_000024005.1_WP_012793320.1	15.789	83	84	88	76	58	2	2	74	11	83	7.01e-13	63.4
tr|A0A063KWA5|Release	GCF_008728635.1_WP_151087836.1	21.519	83	90	92	79	55	4	2	77	8	82	8.40e-13	63.4
tr|A0A063KWA5|Release	GCF_022811645.1_WP_243511723.1	20.290	83	90	80	69	49	2	2	67	8	73	1.02e-12	63.1
tr|A0A063KWA5|Release	GCF_003149515.1_WP_109656005.1	17.333	83	90	87	75	56	2	2	73	8	79	1.02e-12	63.1
tr|A0A063KWA5|Release	GCF_003955735.1_WP_126127786.1	12.195	83	91	95	82	64	4	2	80	12	88	1.12e-12	63.1
tr|A0A063KWA5|Release	GCF_000021985.1_WP_012639500.1	20.588	83	82	77	68	50	2	2	65	8	75	1.15e-12	62.8
tr|A0A063KWA5|Release	GCF_013283835.1_WP_071626507.1	19.718	83	83	82	71	50	3	2	69	8	74	1.24e-12	62.8
tr|A0A063KWA5|Release	GCF_013137895.1_WP_135435790.1	14.085	83	83	80	71	52	3	2	67	9	75	1.55e-12	62.6
tr|A0A063KWA5|Release	GCF_027625995.1_WP_270126807.1	14.085	83	82	80	71	52	3	2	67	8	74	1.66e-12	62.6
tr|A0A063KWA5|Release	GCF_000576555.1_WP_044000633.1	15.493	83	83	80	71	51	3	2	67	9	75	1.77e-12	62.3
tr|A0A063KWA5|Release	GCF_002355415.1_WP_148665551.1	17.391	83	87	80	69	54	2	2	67	17	85	2.02e-12	62.3
tr|A0A063KWA5|Release	GCF_001651805.1_WP_067384150.1	22.059	83	78	77	68	49	3	2	65	7	74	2.41e-12	62.0
tr|A0A063KWA5|Release	GCF_001444405.1_WP_058032142.1	29.577	83	87	86	71	50	0	1	71	1	71	2.42e-12	62.0
tr|A0A063KWA5|Release	GCF_003970675.1_WP_126615366.1	19.697	83	76	80	66	48	3	2	67	13	73	2.55e-12	61.7
tr|A0A063KWA5|Release	GCF_003353065.1_WP_114983154.1	13.636	83	84	77	66	52	2	2	65	11	73	2.58e-12	62.0
tr|A0A063KWA5|Release	GCF_000026085.1_WP_041454550.1	22.388	83	73	80	67	50	2	2	67	6	71	2.63e-12	61.7
tr|A0A063KWA5|Release	GCF_002355735.1_WP_096359192.1	20.000	83	83	81	70	53	2	2	68	13	82	2.64e-12	62.0
tr|A0A063KWA5|Release	GCF_016613475.2_WP_200606805.1	15.714	83	90	81	70	53	2	2	68	11	77	2.78e-12	62.0
tr|A0A063KWA5|Release	GCF_017742995.1_WP_247749573.1	46.512	83	48	52	43	23	0	1	43	1	43	2.79e-12	61.4
tr|A0A063KWA5|Release	GCF_000321415.2_WP_015260329.1	13.699	83	93	84	73	60	2	2	71	10	82	3.02e-12	62.0
tr|A0A063KWA5|Release	GCF_018736065.1_WP_144074266.1	19.118	83	76	82	68	50	3	2	69	13	75	3.23e-12	61.7
tr|A0A063KWA5|Release	GCF_902810445.1_WP_197744199.1	23.611	83	78	83	72	49	3	2	70	7	75	3.23e-12	61.7
tr|A0A063KWA5|Release	GCF_013177675.1_WP_172128285.1	13.699	83	81	86	73	58	2	2	72	8	77	3.26e-12	61.7
tr|A0A063KWA5|Release	GCF_021654855.1_WP_237262080.1	29.412	83	70	78	68	45	1	2	66	3	70	4.13e-12	61.2
tr|A0A063KWA5|Release	GCF_009662475.1_WP_031573754.1	24.658	83	79	88	73	54	1	2	74	8	79	4.14e-12	61.4
tr|A0A063KWA5|Release	GCF_000012325.1_WP_011045621.1	27.941	83	84	82	68	48	1	2	69	5	71	4.53e-12	61.4
tr|A0A063KWA5|Release	GCF_000013765.1_WP_011496543.1	23.810	83	106	96	84	60	2	2	81	23	106	4.57e-12	61.7
tr|A0A063KWA5|Release	GCF_013201665.1_WP_128359868.1	16.667	83	81	84	72	55	2	2	71	8	76	4.59e-12	61.2
tr|A0A063KWA5|Release	GCF_013343005.1_WP_078482823.1	14.865	83	84	84	74	59	2	2	71	8	81	6.68e-12	60.9
tr|A0A063KWA5|Release	GCF_009755585.1_WP_157030071.1	15.942	83	85	80	69	52	2	2	67	8	73	7.77e-12	60.9
tr|A0A063KWA5|Release	GCF_000014785.1_WP_011630183.1	18.310	83	83	82	71	55	2	2	69	13	83	9.39e-12	60.6
tr|A0A063KWA5|Release	GCF_000012805.1_WP_011330264.1	15.278	83	85	83	72	55	3	2	70	7	75	1.16e-11	60.3
tr|A0A063KWA5|Release	GCF_001955715.1_WP_029708890.1	15.068	83	80	83	73	54	3	2	70	7	75	1.18e-11	60.3
tr|A0A063KWA5|Release	GCF_000801295.1_WP_171816254.1	16.418	83	99	78	67	54	1	2	66	10	76	1.18e-11	60.6
tr|A0A063KWA5|Release	GCF_000092245.1_WP_013136435.1	21.739	83	76	81	69	49	2	2	68	5	70	1.36e-11	60.0
tr|A0A063KWA5|Release	GCF_019931735.1_WP_223417223.1	25.882	83	87	98	85	59	2	1	81	3	87	1.61e-11	60.0
tr|A0A063KWA5|Release	GCF_003967195.1_WP_172597571.1	17.333	83	83	86	75	58	3	2	72	9	83	1.68e-11	59.8
tr|A0A063KWA5|Release	GCF_000143085.1_WP_013221711.1	15.278	83	82	83	72	55	3	2	70	7	75	1.77e-11	59.8
tr|A0A063KWA5|Release	GCF_023650495.1_WP_250655372.1	25.000	83	88	96	84	59	2	1	80	4	87	2.00e-11	59.8
tr|A0A063KWA5|Release	GCF_004421105.1_WP_134356453.1	15.278	83	80	83	72	55	3	2	70	7	75	2.06e-11	59.5
tr|A0A063KWA5|Release	GCF_010119975.1_WP_162445115.1	18.182	83	365	88	77	55	3	2	74	14	86	2.35e-11	63.4
tr|A0A063KWA5|Release	GCF_004798725.1_WP_010811758.1	11.429	83	83	81	70	56	2	2	68	11	77	2.47e-11	59.5
tr|A0A063KWA5|Release	GCF_024347275.1_WP_019620968.1	19.737	83	82	87	76	57	3	2	73	7	82	2.59e-11	59.5
tr|A0A063KWA5|Release	GCF_002356115.1_WP_096526481.1	15.493	83	78	82	71	54	2	2	69	7	74	3.31e-11	58.9
tr|A0A063KWA5|Release	GCF_002142475.1_WP_026148861.1	15.493	83	86	82	71	54	2	2	69	7	74	3.35e-11	59.2
tr|A0A063KWA5|Release	GCF_006385555.1_WP_140234395.1	33.735	83	87	95	83	51	3	2	80	4	86	3.66e-11	59.2
tr|A0A063KWA5|Release	GCF_003574965.1_WP_119445661.1	14.085	83	82	80	71	52	3	2	67	8	74	3.82e-11	58.9
tr|A0A063KWA5|Release	GCF_018389385.1_WP_218082190.1	16.176	83	91	78	68	51	2	2	66	21	85	3.88e-11	59.2
tr|A0A063KWA5|Release	GCF_013201725.1_WP_014475480.1	18.571	83	74	82	70	52	2	2	69	8	74	4.06e-11	58.6
tr|A0A063KWA5|Release	GCF_003346775.1_WP_114843067.1	22.857	83	84	82	70	49	2	2	69	8	74	4.11e-11	58.9
tr|A0A063KWA5|Release	GCF_003346815.1_WP_114840342.1	21.918	83	82	84	73	50	3	2	71	8	76	4.14e-11	58.9
tr|A0A063KWA5|Release	GCF_020091585.1_WP_224339804.1	15.714	83	82	81	70	53	2	2	68	7	73	4.20e-11	58.9
tr|A0A063KWA5|Release	GCF_009938015.1_WP_223264517.1	14.286	83	90	80	70	56	3	2	67	10	79	4.95e-11	58.9
tr|A0A063KWA5|Release	GCF_022827545.1_WP_243798205.1	14.085	83	82	80	71	52	3	2	67	8	74	5.17e-11	58.6
tr|A0A063KWA5|Release	GCF_008807855.1_WP_063240334.1	17.143	83	83	81	70	52	2	2	68	11	77	5.55e-11	58.6
tr|A0A063KWA5|Release	GCF_024347255.1_WP_091360415.1	26.471	83	79	77	68	46	2	2	65	7	74	5.68e-11	58.3
tr|A0A063KWA5|Release	GCF_001956695.1_WP_076086034.1	17.143	83	77	81	70	52	3	2	68	5	71	6.39e-11	58.3
tr|A0A063KWA5|Release	GCF_000212735.1_WP_013764159.1	14.286	83	83	88	77	58	3	2	74	10	82	6.40e-11	58.3
tr|A0A063KWA5|Release	GCF_000238255.3_WP_010559905.1	35.211	83	86	84	71	44	2	2	71	5	74	7.89e-11	58.3
tr|A0A063KWA5|Release	GCF_024347675.1_WP_261833361.1	42.222	83	54	54	45	25	1	1	45	1	44	8.83e-11	57.5
tr|A0A063KWA5|Release	GCF_000227685.2_WP_006746304.1	12.676	83	83	82	71	59	2	2	69	10	80	9.45e-11	58.1
tr|A0A063KWA5|Release	GCF_019891175.1_WP_225938383.1	15.714	83	93	81	70	53	2	1	67	14	80	1.53e-10	57.5
tr|A0A063KWA5|Release	GCF_013177635.1_WP_129095542.1	19.403	83	72	78	67	49	3	2	66	8	71	1.68e-10	57.2
tr|A0A063KWA5|Release	GCF_003544915.1_WP_118918525.1	19.118	83	73	80	68	50	2	2	67	8	72	2.14e-10	56.9
tr|A0A063KWA5|Release	GCF_013283835.1_WP_071625892.1	13.889	83	79	81	72	54	2	2	68	5	73	3.20e-10	56.7
tr|A0A063KWA5|Release	GCF_024347215.1_WP_261843265.1	17.910	83	77	77	67	52	2	2	65	7	73	3.52e-10	56.4
tr|A0A063KWA5|Release	GCF_000018105.1_WP_012162738.1	16.901	83	86	81	71	51	3	1	67	6	72	4.55e-10	56.4
tr|A0A063KWA5|Release	GCF_002557795.1_WP_098194977.1	16.216	83	89	82	74	52	3	2	69	11	80	4.86e-10	56.4
tr|A0A063KWA5|Release	GCF_013201935.1_WP_129014602.1	19.403	83	72	78	67	49	3	2	66	8	71	5.32e-10	55.8
tr|A0A063KWA5|Release	GCF_000317125.1_WP_015155280.1	15.714	83	81	81	70	53	3	1	67	6	72	5.49e-10	56.1
tr|A0A063KWA5|Release	GCF_001723605.1_WP_069479051.1	15.942	83	76	81	69	53	2	2	68	5	70	9.27e-10	55.3
tr|A0A063KWA5|Release	GCF_004214795.1_WP_130234502.1	14.493	83	78	81	69	54	2	2	68	8	73	1.10e-09	55.3
tr|A0A063KWA5|Release	GCF_001442805.1_WP_057942092.1	12.857	83	88	81	70	55	2	2	68	11	77	1.18e-09	55.3
tr|A0A063KWA5|Release	GCF_000006765.1_NP_249630.1	24.138	83	108	99	87	61	1	2	83	7	93	1.37e-09	55.5
tr|A0A063KWA5|Release	GCF_011398155.1_WP_173291533.1	15.714	83	71	84	70	56	1	2	71	3	69	1.43e-09	54.7
tr|A0A063KWA5|Release	GCF_013282625.1_WP_173286717.1	24.638	83	67	83	69	48	2	2	70	3	67	1.43e-09	54.7
tr|A0A063KWA5|Release	GCF_011398355.1_WP_173270160.1	25.000	83	65	77	64	44	2	3	66	4	63	1.64e-09	54.4
tr|A0A063KWA5|Release	GCF_013201665.1_WP_128358834.1	15.942	83	76	81	69	53	2	2	68	5	70	1.67e-09	54.7
tr|A0A063KWA5|Release	GCF_000222485.1_WP_014022977.1	15.278	83	85	83	72	55	3	2	70	10	78	1.74e-09	54.7
tr|A0A063KWA5|Release	GCF_000317575.1_WP_015193670.1	20.290	83	74	80	69	49	2	2	67	7	72	2.17e-09	54.4
tr|A0A063KWA5|Release	GCF_000024725.1_WP_013031543.1	15.278	83	81	83	72	55	3	2	70	7	75	2.77e-09	54.1
tr|A0A063KWA5|Release	GCF_001956695.1_WP_076086043.1	15.278	83	77	84	72	56	2	2	71	7	75	3.05e-09	54.1
tr|A0A063KWA5|Release	GCF_023733635.1_WP_039959400.1	18.841	83	89	77	69	50	3	2	65	7	74	3.47e-09	54.1
tr|A0A063KWA5|Release	GCF_000828615.1_WP_041064380.1	15.493	83	80	81	71	56	3	2	68	10	80	3.69e-09	53.8
tr|A0A063KWA5|Release	GCF_002309535.1_WP_096047558.1	15.942	83	88	81	69	53	2	2	68	5	70	3.73e-09	54.1
tr|A0A063KWA5|Release	GCF_005166025.1_WP_137090244.1	20.833	83	84	82	72	49	3	2	69	8	75	3.78e-09	53.8
tr|A0A063KWA5|Release	GCF_013201935.1_WP_128987185.1	18.841	83	76	81	69	51	2	2	68	5	70	3.96e-09	53.8
tr|A0A063KWA5|Release	GCF_009937995.1_WP_179954406.1	16.438	83	79	83	73	57	2	2	70	7	79	4.60e-09	53.6
tr|A0A063KWA5|Release	GCF_003544815.1_WP_118886031.1	17.391	83	76	81	69	52	2	2	68	5	70	5.66e-09	53.3
tr|A0A063KWA5|Release	GCF_013177635.1_WP_129095951.1	15.942	83	76	81	69	53	2	2	68	5	70	9.94e-09	52.7
tr|A0A063KWA5|Release	GCF_004293625.1_WP_130538367.1	28.814	83	71	71	59	38	2	2	60	3	57	1.19e-08	52.4
tr|A0A063KWA5|Release	GCF_001050135.1_WP_048644179.1	17.143	83	88	81	70	52	2	2	68	10	76	1.42e-08	52.4
tr|A0A063KWA5|Release	GCF_000265505.1_WP_014796533.1	19.231	83	97	82	78	53	2	2	69	9	86	1.60e-08	52.4
tr|A0A063KWA5|Release	GCF_000265295.1_WP_014770430.1	15.942	83	76	81	69	53	2	2	68	5	70	2.64e-08	51.6
tr|A0A063KWA5|Release	GCF_000568815.1_WP_025346049.1	15.942	83	76	81	69	53	2	2	68	5	70	3.35e-08	51.3
tr|A0A063KWA5|Release	GCF_003722295.1_WP_010573895.1	18.310	83	75	80	71	50	3	2	67	7	74	4.67e-08	51.0
tr|A0A063KWA5|Release	GCF_005281475.1_WP_137401239.1	9.211	83	81	88	76	62	4	2	74	6	77	7.75e-08	50.5
tr|A0A063KWA5|Release	GCF_011398355.1_WP_173270199.1	24.615	83	66	78	65	45	2	3	67	4	64	7.76e-08	50.2
tr|A0A063KWA5|Release	GCF_000242635.2_WP_014682426.1	8.824	83	83	78	68	56	2	6	70	11	75	9.83e-08	50.2
tr|A0A063KWA5|Release	GCF_008122265.1_WP_148863603.1	18.571	83	84	81	70	51	2	2	68	7	73	1.38e-07	49.9
tr|A0A063KWA5|Release	GCF_003143555.1_WP_109340539.1	13.699	83	84	86	73	61	1	4	74	5	77	1.45e-07	49.9
tr|A0A063KWA5|Release	GCF_006575665.1_WP_141613356.1	8.451	83	81	82	71	58	4	2	69	6	72	7.31e-07	47.9
tr|A0A063KWA5|Release	GCF_018388465.1_WP_208290210.1	14.706	83	316	80	68	56	1	8	73	139	206	7.56e-07	51.0
tr|A0A063KWA5|Release	GCF_013177675.1_WP_172126669.1	11.429	83	77	81	70	55	3	2	68	5	70	1.23e-06	47.4
tr|A0A063KWA5|Release	GCF_003260975.1_WP_112783789.1	12.329	83	81	84	73	57	4	2	71	6	74	1.33e-06	47.4
tr|A0A063KWA5|Release	GCF_003346815.1_WP_114840344.1	18.841	83	84	81	69	51	3	2	68	7	72	2.05e-06	46.8
tr|A0A063KWA5|Release	GCF_000325705.1_WP_015264554.1	10.000	83	77	81	70	56	4	2	68	6	71	9.03e-06	45.1
tr|A0A063KWA5|Release	GCF_000484535.1_WP_023173213.1	14.706	83	91	82	68	58	0	4	71	24	91	1.39e-05	44.8
tr|A0A063KWA5|Release	GCF_011764585.1_WP_188200227.1	12.281	83	63	64	57	46	2	14	66	1	57	3.65e-05	43.4
tr|A0A063KWA5|Release	GCF_021018745.1_WP_230843504.1	16.667	83	92	78	66	53	2	4	68	24	88	6.54e-05	43.2
tr|A0A063KWA5|Release	GCF_003967275.1_WP_197721837.1	16.418	83	78	77	67	53	2	2	65	8	74	6.54e-05	42.9
tr|A0A063KWA5|Release	GCF_000011385.1_WP_011141833.1	16.923	83	92	78	65	54	0	4	68	24	88	1.01e-04	42.6
tr|A0A063KWA5|Release	GCF_001027285.1_WP_047859305.1	20.000	83	80	60	50	39	1	4	53	12	60	7.02e-04	40.3
tr|A0A063KWA5|Release	GCF_026278345.1_WP_266369249.1	11.688	83	90	89	77	61	3	2	75	7	79	0.006	38.1
tr|A0A063KWA5|Release	GCF_003945325.1_WP_125566010.1	9.524	83	327	69	63	51	2	16	72	165	227	0.007	40.1
tr|A0A063KWA5|Release	GCF_001705075.2_WP_065970077.1	15.385	83	78	75	65	52	2	2	63	8	72	0.009	37.5

Search has CONVERGED!
# BLAST processed 10 queries
