# PSIBLAST 2.13.0+
# Iteration: 1
# Query: tr|A0A144RC60|A0A144RC60_ENTCL Transcriptional antiterminator Rof OS=Enterobacter cloacae OX=550 GN=rof PE=4 SV=1
# Database: db/chosen-bacteria_proteome_exDup
# Fields: query id, subject id, % identity, query length, subject length, % query coverage per subject, alignment length, mismatches, gap opens, q. start, q. end, s. start, s. end, evalue, bit score
# 275 hits found
tr|A0A144RC60|A0A144RC60_ENTCL	GCF_001750725.1_WP_014168720.1	98.837	86	86	100	86	1	0	1	86	1	86	7.38e-58	178
tr|A0A144RC60|A0A144RC60_ENTCL	GCF_003594935.2_WP_006173581.1	96.512	86	86	100	86	3	0	1	86	1	86	6.47e-57	176
tr|A0A144RC60|A0A144RC60_ENTCL	GCF_001729805.1_WP_008501890.1	96.512	86	86	100	86	3	0	1	86	1	86	9.18e-57	175
tr|A0A144RC60|A0A144RC60_ENTCL	GCF_000224675.1_WP_010426685.1	96.512	86	86	100	86	3	0	1	86	1	86	1.68e-56	174
tr|A0A144RC60|A0A144RC60_ENTCL	GCF_015137655.1_WP_028015593.1	95.349	86	86	100	86	4	0	1	86	1	86	1.76e-56	174
tr|A0A144RC60|A0A144RC60_ENTCL	GCF_009036245.1_WP_025756830.1	95.349	86	86	100	86	4	0	1	86	1	86	3.07e-56	174
tr|A0A144RC60|A0A144RC60_ENTCL	GCF_019048625.1_WP_023305471.1	94.186	86	86	100	86	5	0	1	86	1	86	2.28e-55	172
tr|A0A144RC60|A0A144RC60_ENTCL	GCF_009176645.1_WP_152083529.1	94.186	86	86	100	86	5	0	1	86	1	86	2.57e-55	171
tr|A0A144RC60|A0A144RC60_ENTCL	GCF_001518835.1_WP_059308693.1	91.860	86	86	100	86	7	0	1	86	1	86	1.67e-54	169
tr|A0A144RC60|A0A144RC60_ENTCL	GCF_025914095.1_WP_031518416.1	93.023	86	86	100	86	6	0	1	86	1	86	1.84e-54	169
tr|A0A144RC60|A0A144RC60_ENTCL	GCF_018128425.1_WP_042289833.1	90.698	86	86	100	86	8	0	1	86	1	86	1.25e-52	165
tr|A0A144RC60|A0A144RC60_ENTCL	GCF_001022135.1_WP_039078449.1	89.535	86	86	100	86	9	0	1	86	1	86	1.32e-52	165
tr|A0A144RC60|A0A144RC60_ENTCL	GCF_020097475.1_WP_000062318.1	89.535	86	86	100	86	9	0	1	86	1	86	1.81e-52	164
tr|A0A144RC60|A0A144RC60_ENTCL	GCF_001461805.1_WP_013367515.1	88.372	86	86	100	86	10	0	1	86	1	86	5.42e-52	163
tr|A0A144RC60|A0A144RC60_ENTCL	GCF_000018045.1_WP_024130681.1	88.372	86	86	100	86	10	0	1	86	1	86	6.61e-52	163
tr|A0A144RC60|A0A144RC60_ENTCL	GCF_003812345.1_WP_003018503.1	88.372	86	86	100	86	10	0	1	86	1	86	8.94e-52	162
tr|A0A144RC60|A0A144RC60_ENTCL	GCF_900635955.1_WP_126357486.1	88.095	86	86	98	84	10	0	1	84	1	84	9.68e-52	162
tr|A0A144RC60|A0A144RC60_ENTCL	GCF_021278985.1_WP_012904575.1	88.372	86	86	100	86	10	0	1	86	1	86	9.83e-52	162
tr|A0A144RC60|A0A144RC60_ENTCL	GCF_001277255.1_WP_007666633.1	86.047	86	86	100	86	12	0	1	86	1	86	1.17e-51	162
tr|A0A144RC60|A0A144RC60_ENTCL	GCF_000006925.2_NP_706134.1	88.372	86	86	100	86	10	0	1	86	1	86	1.18e-51	162
tr|A0A144RC60|A0A144RC60_ENTCL	GCF_013234275.1_WP_172895488.1	86.047	86	86	100	86	12	0	1	86	1	86	1.51e-51	162
tr|A0A144RC60|A0A144RC60_ENTCL	GCF_001277195.1_WP_032966924.1	86.047	86	86	100	86	12	0	1	86	1	86	2.01e-51	161
tr|A0A144RC60|A0A144RC60_ENTCL	GCF_022637515.1_WP_064539750.1	86.047	86	86	100	86	12	0	1	86	1	86	2.23e-51	161
tr|A0A144RC60|A0A144RC60_ENTCL	GCF_002393445.1_WP_061273728.1	88.095	86	86	98	84	10	0	1	84	1	84	2.40e-51	161
tr|A0A144RC60|A0A144RC60_ENTCL	GCF_001558935.2_WP_042323659.1	88.372	86	86	100	86	10	0	1	86	1	86	2.45e-51	161
tr|A0A144RC60|A0A144RC60_ENTCL	GCF_011068345.1_WP_002436992.1	86.047	86	86	100	86	12	0	1	86	1	86	2.85e-51	161
tr|A0A144RC60|A0A144RC60_ENTCL	GCF_900638065.1_WP_048212636.1	87.209	86	86	100	86	11	0	1	86	1	86	3.65e-51	161
tr|A0A144RC60|A0A144RC60_ENTCL	GCF_021172065.1_WP_015965827.1	84.884	86	86	100	86	13	0	1	86	1	86	4.71e-51	161
tr|A0A144RC60|A0A144RC60_ENTCL	GCF_024224615.1_WP_125293588.1	84.884	86	86	100	86	13	0	1	86	1	86	5.22e-51	160
tr|A0A144RC60|A0A144RC60_ENTCL	GCF_001277215.2_WP_007776988.1	84.884	86	86	100	86	13	0	1	86	1	86	6.12e-51	160
tr|A0A144RC60|A0A144RC60_ENTCL	GCF_009648935.1_WP_047417117.1	87.209	86	86	100	86	11	0	1	86	1	86	9.33e-51	160
tr|A0A144RC60|A0A144RC60_ENTCL	GCF_004353845.1_WP_103768334.1	87.209	86	86	100	86	11	0	1	86	1	86	9.48e-51	160
tr|A0A144RC60|A0A144RC60_ENTCL	GCF_001277175.1_WP_007760020.1	84.884	86	86	100	86	13	0	1	86	1	86	1.42e-50	159
tr|A0A144RC60|A0A144RC60_ENTCL	GCF_003812925.1_WP_004107903.1	84.884	86	86	100	86	13	0	1	86	1	86	1.61e-50	159
tr|A0A144RC60|A0A144RC60_ENTCL	GCF_004684345.1_WP_135323069.1	86.047	86	86	100	86	12	0	1	86	1	86	2.06e-50	159
tr|A0A144RC60|A0A144RC60_ENTCL	GCF_016904755.1_WP_059234959.1	88.235	86	86	99	85	10	0	1	85	1	85	3.07e-50	158
tr|A0A144RC60|A0A144RC60_ENTCL	GCF_000240185.1_YP_005225236.1	84.884	86	86	100	86	13	0	1	86	1	86	3.78e-50	158
tr|A0A144RC60|A0A144RC60_ENTCL	GCF_001683395.1_WP_017458015.1	84.884	86	86	100	86	13	0	1	86	1	86	4.43e-50	158
tr|A0A144RC60|A0A144RC60_ENTCL	GCF_000005845.2_NP_414731.2	88.095	86	84	98	84	10	0	3	86	1	84	4.58e-50	158
tr|A0A144RC60|A0A144RC60_ENTCL	GCF_003935895.2_WP_110510858.1	85.882	86	86	99	85	12	0	1	85	1	85	5.58e-50	158
tr|A0A144RC60|A0A144RC60_ENTCL	GCF_009649915.1_WP_062772223.1	83.721	86	86	100	86	14	0	1	86	1	86	1.23e-49	157
tr|A0A144RC60|A0A144RC60_ENTCL	GCF_015139575.1_WP_004098776.1	83.721	86	86	100	86	14	0	1	86	1	86	1.53e-49	157
tr|A0A144RC60|A0A144RC60_ENTCL	GCF_003261575.2_WP_110272453.1	83.721	86	86	100	86	14	0	1	86	1	86	1.71e-49	157
tr|A0A144RC60|A0A144RC60_ENTCL	GCF_001658025.2_WP_007373243.1	83.721	86	86	100	86	14	0	1	86	1	86	1.77e-49	156
tr|A0A144RC60|A0A144RC60_ENTCL	GCF_009363135.1_WP_090122691.1	83.721	86	86	100	86	14	0	1	86	1	86	2.35e-49	156
tr|A0A144RC60|A0A144RC60_ENTCL	GCF_023195735.1_WP_035891978.1	82.558	86	86	100	86	15	0	1	86	1	86	4.10e-49	156
tr|A0A144RC60|A0A144RC60_ENTCL	GCF_018139045.1_WP_004129134.1	82.558	86	86	100	86	15	0	1	86	1	86	4.58e-49	156
tr|A0A144RC60|A0A144RC60_ENTCL	GCF_003019925.1_WP_162185254.1	85.714	86	86	98	84	12	0	1	84	1	84	7.50e-49	155
tr|A0A144RC60|A0A144RC60_ENTCL	GCF_027886705.1_WP_061497537.1	83.721	86	86	100	86	14	0	1	86	1	86	9.01e-49	155
tr|A0A144RC60|A0A144RC60_ENTCL	GCF_022637595.1_WP_004858152.1	82.558	86	86	100	86	15	0	1	86	1	86	9.45e-49	155
tr|A0A144RC60|A0A144RC60_ENTCL	GCF_000262305.1_WP_002441069.1	80.233	86	86	100	86	17	0	1	86	1	86	1.27e-48	154
tr|A0A144RC60|A0A144RC60_ENTCL	GCF_007632255.1_WP_015368146.1	82.558	86	86	100	86	15	0	1	86	1	86	2.45e-48	154
tr|A0A144RC60|A0A144RC60_ENTCL	GCF_006711645.1_WP_100682484.1	80.233	86	86	100	86	17	0	1	86	1	86	1.31e-47	152
tr|A0A144RC60|A0A144RC60_ENTCL	GCF_025758125.1_WP_023480196.1	79.070	86	86	100	86	18	0	1	86	1	86	3.27e-47	151
tr|A0A144RC60|A0A144RC60_ENTCL	GCF_012029655.1_WP_041144145.1	80.233	86	86	100	86	17	0	1	86	1	86	4.39e-47	150
tr|A0A144RC60|A0A144RC60_ENTCL	GCF_000439255.1_WP_000062328.1	81.395	86	86	100	86	16	0	1	86	1	86	5.99e-47	150
tr|A0A144RC60|A0A144RC60_ENTCL	GCF_017348915.1_WP_040077077.1	90.698	86	86	100	86	8	0	1	86	1	86	2.35e-46	149
tr|A0A144RC60|A0A144RC60_ENTCL	GCF_000006945.2_NP_459242.1	81.395	86	86	100	86	16	0	1	86	1	86	3.01e-46	148
tr|A0A144RC60|A0A144RC60_ENTCL	GCF_000834395.1_WP_042546713.1	80.233	86	86	100	86	17	0	1	86	1	86	4.00e-46	148
tr|A0A144RC60|A0A144RC60_ENTCL	GCF_004124235.1_WP_025377303.1	80.233	86	86	100	86	17	0	1	86	1	86	4.23e-46	148
tr|A0A144RC60|A0A144RC60_ENTCL	GCF_013282725.1_WP_032813813.1	79.070	86	86	100	86	18	0	1	86	1	86	1.36e-45	147
tr|A0A144RC60|A0A144RC60_ENTCL	GCF_000222975.1_WP_002218374.1	79.070	86	86	100	86	18	0	1	86	1	86	2.03e-45	146
tr|A0A144RC60|A0A144RC60_ENTCL	GCF_009730055.1_WP_032906500.1	79.070	86	86	100	86	18	0	1	86	1	86	2.11e-45	146
tr|A0A144RC60|A0A144RC60_ENTCL	GCF_017498685.1_WP_038245151.1	76.744	86	86	100	86	20	0	1	86	1	86	2.63e-45	146
tr|A0A144RC60|A0A144RC60_ENTCL	GCF_000834455.1_WP_032817050.1	77.907	86	86	100	86	19	0	1	86	1	86	2.25e-44	143
tr|A0A144RC60|A0A144RC60_ENTCL	GCF_019047765.1_WP_040230035.1	87.209	86	86	100	86	11	0	1	86	1	86	3.49e-44	143
tr|A0A144RC60|A0A144RC60_ENTCL	GCF_025133195.1_WP_032910235.1	75.581	86	86	100	86	21	0	1	86	1	86	3.52e-43	140
tr|A0A144RC60|A0A144RC60_ENTCL	GCF_002163605.1_WP_157665988.1	76.744	86	86	100	86	20	0	1	86	1	86	4.03e-43	140
tr|A0A144RC60|A0A144RC60_ENTCL	GCF_005484945.1_WP_137712817.1	73.256	86	86	100	86	23	0	1	86	1	86	1.10e-42	139
tr|A0A144RC60|A0A144RC60_ENTCL	GCF_017569925.1_WP_208228065.1	72.093	86	86	100	86	24	0	1	86	1	86	2.25e-42	138
tr|A0A144RC60|A0A144RC60_ENTCL	GCF_002291445.1_WP_048635886.1	72.093	86	86	100	86	24	0	1	86	1	86	4.04e-42	138
tr|A0A144RC60|A0A144RC60_ENTCL	GCF_012427845.1_WP_012773648.1	72.093	86	86	100	86	24	0	1	86	1	86	4.67e-42	138
tr|A0A144RC60|A0A144RC60_ENTCL	GCF_000025065.1_WP_012883679.1	71.765	86	86	99	85	24	0	1	85	1	85	5.09e-42	138
tr|A0A144RC60|A0A144RC60_ENTCL	GCF_000023565.1_WP_012770818.1	70.588	86	86	99	85	25	0	1	85	1	85	6.11e-42	137
tr|A0A144RC60|A0A144RC60_ENTCL	GCF_021276285.1_WP_095923198.1	73.810	86	86	98	84	22	0	1	84	1	84	9.69e-42	137
tr|A0A144RC60|A0A144RC60_ENTCL	GCF_020150375.1_WP_004094310.1	75.581	86	86	100	86	21	0	1	86	1	86	9.93e-42	137
tr|A0A144RC60|A0A144RC60_ENTCL	GCF_011617105.1_WP_025800203.1	74.419	86	86	100	86	22	0	1	86	1	86	1.07e-41	137
tr|A0A144RC60|A0A144RC60_ENTCL	GCF_009931295.1_WP_161528353.1	70.930	86	86	100	86	25	0	1	86	1	86	1.35e-41	136
tr|A0A144RC60|A0A144RC60_ENTCL	GCF_000233595.1_WP_013024706.1	74.118	86	86	99	85	22	0	1	85	1	85	1.52e-41	136
tr|A0A144RC60|A0A144RC60_ENTCL	GCF_003992745.1_WP_014700896.1	69.767	86	86	100	86	26	0	1	86	1	86	1.65e-41	136
tr|A0A144RC60|A0A144RC60_ENTCL	GCF_022637475.1_WP_013574214.1	72.619	86	86	98	84	23	0	1	84	1	84	1.82e-41	136
tr|A0A144RC60|A0A144RC60_ENTCL	GCF_005484965.1_WP_009114129.1	72.093	86	86	100	86	24	0	1	86	1	86	1.98e-41	136
tr|A0A144RC60|A0A144RC60_ENTCL	GCF_002288545.1_WP_029367608.1	70.930	86	86	100	86	25	0	1	86	1	86	2.22e-41	136
tr|A0A144RC60|A0A144RC60_ENTCL	GCF_002812485.1_WP_038661467.1	70.588	86	86	99	85	25	0	1	85	1	85	2.42e-41	136
tr|A0A144RC60|A0A144RC60_ENTCL	GCF_009873295.1_WP_039312412.1	70.930	86	86	100	86	25	0	1	86	1	86	2.72e-41	136
tr|A0A144RC60|A0A144RC60_ENTCL	GCF_011044475.1_WP_033740322.1	74.118	86	86	99	85	22	0	1	85	1	85	3.40e-41	135
tr|A0A144RC60|A0A144RC60_ENTCL	GCF_000740965.1_WP_011092648.1	69.767	86	86	100	86	26	0	1	86	1	86	3.74e-41	135
tr|A0A144RC60|A0A144RC60_ENTCL	GCF_900095885.1_WP_035340381.1	73.256	86	86	100	86	23	0	1	86	1	86	4.68e-41	135
tr|A0A144RC60|A0A144RC60_ENTCL	GCF_001742185.1_WP_005975933.1	69.767	86	86	100	86	26	0	1	86	1	86	4.68e-41	135
tr|A0A144RC60|A0A144RC60_ENTCL	GCF_003403135.1_WP_024104894.1	70.588	86	86	99	85	25	0	1	85	1	85	5.31e-41	135
tr|A0A144RC60|A0A144RC60_ENTCL	GCF_020181655.1_WP_225087160.1	69.767	86	86	100	86	26	0	1	86	1	86	5.98e-41	135
tr|A0A144RC60|A0A144RC60_ENTCL	GCF_000147055.1_WP_022632468.1	70.588	86	86	99	85	25	0	1	85	1	85	9.79e-41	134
tr|A0A144RC60|A0A144RC60_ENTCL	GCF_000023545.1_WP_015854637.1	70.930	86	86	100	86	25	0	1	86	1	86	1.03e-40	134
tr|A0A144RC60|A0A144RC60_ENTCL	GCF_003515985.1_WP_085653101.1	70.588	86	86	99	85	25	0	1	85	1	85	2.40e-40	133
tr|A0A144RC60|A0A144RC60_ENTCL	GCF_007858975.2_WP_042869176.1	70.588	86	86	99	85	25	0	1	85	1	85	2.82e-40	133
tr|A0A144RC60|A0A144RC60_ENTCL	GCF_019797845.1_WP_222158377.1	72.093	86	86	100	86	24	0	1	86	1	86	8.11e-40	132
tr|A0A144RC60|A0A144RC60_ENTCL	GCF_000196615.1_WP_013200864.1	70.930	86	87	100	86	25	0	1	86	1	86	9.92e-40	132
tr|A0A144RC60|A0A144RC60_ENTCL	GCF_001642805.2_WP_004931991.1	70.930	86	87	100	86	25	0	1	86	1	86	1.01e-39	132
tr|A0A144RC60|A0A144RC60_ENTCL	GCF_019844095.1_WP_062747070.1	70.930	86	88	100	86	25	0	1	86	2	87	1.05e-39	132
tr|A0A144RC60|A0A144RC60_ENTCL	GCF_000264765.2_WP_034163237.1	68.605	86	86	100	86	27	0	1	86	1	86	1.10e-39	132
tr|A0A144RC60|A0A144RC60_ENTCL	GCF_020683125.1_WP_133842177.1	70.930	86	88	100	86	25	0	1	86	2	87	1.13e-39	132
tr|A0A144RC60|A0A144RC60_ENTCL	GCF_021462285.1_WP_234585968.1	70.930	86	87	100	86	25	0	1	86	1	86	1.33e-39	131
tr|A0A144RC60|A0A144RC60_ENTCL	GCF_020079945.1_WP_039382769.1	71.765	86	87	99	85	24	0	1	85	1	85	1.61e-39	131
tr|A0A144RC60|A0A144RC60_ENTCL	GCF_009817885.1_WP_105232289.1	70.930	86	87	100	86	25	0	1	86	1	86	1.96e-39	131
tr|A0A144RC60|A0A144RC60_ENTCL	GCF_900187015.1_WP_061796701.1	70.930	86	87	100	86	25	0	1	86	1	86	2.04e-39	131
tr|A0A144RC60|A0A144RC60_ENTCL	GCF_023517775.1_WP_249893541.1	73.256	86	87	100	86	23	0	1	86	1	86	3.09e-39	130
tr|A0A144RC60|A0A144RC60_ENTCL	GCF_019890955.1_WP_211725887.1	70.588	86	87	99	85	25	0	1	85	1	85	3.43e-39	130
tr|A0A144RC60|A0A144RC60_ENTCL	GCF_021733145.1_WP_012847629.1	67.857	86	86	98	84	27	0	1	84	1	84	4.52e-39	130
tr|A0A144RC60|A0A144RC60_ENTCL	GCF_000520015.2_WP_024910172.1	69.767	86	87	100	86	26	0	1	86	1	86	5.39e-39	130
tr|A0A144RC60|A0A144RC60_ENTCL	GCF_002953195.1_WP_038628016.1	69.767	86	87	100	86	26	0	1	86	1	86	5.70e-39	130
tr|A0A144RC60|A0A144RC60_ENTCL	GCF_015999465.1_WP_085688159.1	69.412	86	86	99	85	26	0	1	85	1	85	6.20e-39	130
tr|A0A144RC60|A0A144RC60_ENTCL	GCF_016026735.1_WP_015673540.1	68.605	86	87	100	86	27	0	1	86	1	86	6.73e-39	130
tr|A0A144RC60|A0A144RC60_ENTCL	GCF_009914055.1_WP_160619715.1	70.930	86	87	100	86	25	0	1	86	1	86	1.02e-38	129
tr|A0A144RC60|A0A144RC60_ENTCL	GCF_004792415.1_WP_013356856.1	69.048	86	86	98	84	26	0	1	84	1	84	1.76e-38	129
tr|A0A144RC60|A0A144RC60_ENTCL	GCF_025946765.1_WP_264497926.1	67.442	86	86	100	86	28	0	1	86	1	86	1.81e-38	129
tr|A0A144RC60|A0A144RC60_ENTCL	GCF_002101395.1_WP_085067900.1	69.767	86	87	100	86	26	0	1	86	1	86	1.82e-38	129
tr|A0A144RC60|A0A144RC60_ENTCL	GCF_009646115.1_WP_008925644.1	69.048	86	86	98	84	26	0	1	84	1	84	3.71e-38	128
tr|A0A144RC60|A0A144RC60_ENTCL	GCF_001010285.1_WP_046974061.1	69.767	86	88	100	86	26	0	1	86	1	86	6.20e-38	127
tr|A0A144RC60|A0A144RC60_ENTCL	GCF_022647505.1_WP_128179458.1	68.605	86	87	100	86	27	0	1	86	1	86	8.30e-38	127
tr|A0A144RC60|A0A144RC60_ENTCL	GCF_002504285.1_WP_005282992.1	66.279	86	86	100	86	29	0	1	86	1	86	9.11e-38	127
tr|A0A144RC60|A0A144RC60_ENTCL	GCF_000517425.1_WP_025421126.1	63.095	86	86	98	84	31	0	1	84	1	84	1.23e-37	126
tr|A0A144RC60|A0A144RC60_ENTCL	GCF_019048385.1_WP_062759648.1	67.857	86	86	98	84	27	0	1	84	1	84	1.36e-37	126
tr|A0A144RC60|A0A144RC60_ENTCL	GCF_022647325.1_WP_111140597.1	67.857	86	86	98	84	27	0	1	84	1	84	2.91e-37	125
tr|A0A144RC60|A0A144RC60_ENTCL	GCF_000010085.1_WP_011411656.1	61.905	86	86	98	84	32	0	1	84	1	84	5.76e-37	125
tr|A0A144RC60|A0A144RC60_ENTCL	GCF_019090985.1_WP_036781226.1	66.279	86	88	100	86	29	0	1	86	1	86	1.00e-36	124
tr|A0A144RC60|A0A144RC60_ENTCL	GCF_016026395.1_WP_024524235.1	65.116	86	86	100	86	30	0	1	86	1	86	2.07e-36	123
tr|A0A144RC60|A0A144RC60_ENTCL	GCF_002291425.1_WP_095847471.1	67.442	86	87	100	86	28	0	1	86	1	86	2.57e-36	123
tr|A0A144RC60|A0A144RC60_ENTCL	GCF_005671395.1_WP_138095872.1	70.513	86	86	91	78	23	0	1	78	1	78	3.50e-36	123
tr|A0A144RC60|A0A144RC60_ENTCL	GCF_021365465.1_WP_016190321.1	68.605	86	87	100	86	27	0	1	86	1	86	4.45e-36	122
tr|A0A144RC60|A0A144RC60_ENTCL	GCF_000196475.1_WP_012776850.1	66.279	86	88	100	86	29	0	1	86	1	86	5.80e-36	122
tr|A0A144RC60|A0A144RC60_ENTCL	GCF_020342335.1_WP_067428135.1	66.279	86	87	100	86	29	0	1	86	1	86	5.97e-36	122
tr|A0A144RC60|A0A144RC60_ENTCL	GCF_000026185.1_WP_012440659.1	67.059	86	87	99	85	28	0	1	85	1	85	7.17e-36	122
tr|A0A144RC60|A0A144RC60_ENTCL	GCF_000196155.1_WP_011145066.1	65.116	86	88	100	86	30	0	1	86	1	86	9.56e-36	121
tr|A0A144RC60|A0A144RC60_ENTCL	GCF_902387845.1_WP_004237241.1	65.116	86	88	100	86	30	0	1	86	1	86	1.31e-35	121
tr|A0A144RC60|A0A144RC60_ENTCL	GCF_002952315.1_WP_012667243.1	67.059	86	87	99	85	28	0	1	85	1	85	1.72e-35	121
tr|A0A144RC60|A0A144RC60_ENTCL	GCF_000091565.1_WP_004159420.1	64.706	86	87	99	85	30	0	1	85	1	85	4.35e-35	120
tr|A0A144RC60|A0A144RC60_ENTCL	GCF_900638655.1_WP_047781753.1	65.882	86	88	98	85	28	1	1	84	1	85	1.96e-34	118
tr|A0A144RC60|A0A144RC60_ENTCL	GCF_000968195.1_WP_045972480.1	62.651	86	87	97	83	31	0	4	86	5	87	2.40e-34	118
tr|A0A144RC60|A0A144RC60_ENTCL	GCF_004295645.1_WP_228350951.1	66.667	86	88	94	81	27	0	4	84	5	85	2.82e-34	118
tr|A0A144RC60|A0A144RC60_ENTCL	GCF_003096015.2_WP_230514010.1	66.667	86	88	94	81	27	0	4	84	5	85	2.99e-34	118
tr|A0A144RC60|A0A144RC60_ENTCL	GCF_003074995.2_WP_015870269.1	59.524	86	86	98	84	34	0	1	84	1	84	3.77e-34	118
tr|A0A144RC60|A0A144RC60_ENTCL	GCF_000214235.1_WP_004952197.1	66.667	86	85	98	84	28	0	3	86	1	84	6.41e-34	117
tr|A0A144RC60|A0A144RC60_ENTCL	GCF_000261045.2_WP_006318653.1	65.116	86	87	100	86	30	0	1	86	1	86	9.13e-34	116
tr|A0A144RC60|A0A144RC60_ENTCL	GCF_900638135.1_WP_012146468.1	65.116	86	87	100	86	30	0	1	86	1	86	1.06e-33	116
tr|A0A144RC60|A0A144RC60_ENTCL	GCF_900478135.1_WP_111739359.1	64.706	86	88	98	85	29	1	1	84	1	85	2.04e-33	116
tr|A0A144RC60|A0A144RC60_ENTCL	GCF_000517405.1_WP_038469034.1	60.000	86	83	93	80	32	0	5	84	2	81	2.35e-33	115
tr|A0A144RC60|A0A144RC60_ENTCL	GCF_008364325.2_WP_230090436.1	65.476	86	85	98	84	29	0	3	86	1	84	2.55e-33	115
tr|A0A144RC60|A0A144RC60_ENTCL	GCF_000968175.1_WP_045959360.1	60.241	86	88	97	83	33	0	4	86	5	87	3.48e-33	115
tr|A0A144RC60|A0A144RC60_ENTCL	GCF_020541225.1_WP_226811316.1	58.333	86	86	98	84	35	0	1	84	1	84	5.58e-33	114
tr|A0A144RC60|A0A144RC60_ENTCL	GCF_001006005.1_WP_223499701.1	65.476	86	85	98	84	29	0	3	86	1	84	5.61e-33	114
tr|A0A144RC60|A0A144RC60_ENTCL	GCF_009831665.3_WP_006709226.1	62.791	86	87	100	86	32	0	1	86	1	86	6.35e-33	114
tr|A0A144RC60|A0A144RC60_ENTCL	GCF_014295015.1_WP_013185414.1	60.241	86	87	97	83	33	0	4	86	5	87	3.21e-32	112
tr|A0A144RC60|A0A144RC60_ENTCL	GCF_029277985.1_WP_154623766.1	60.465	86	87	100	86	34	0	1	86	1	86	3.34e-32	112
tr|A0A144RC60|A0A144RC60_ENTCL	GCF_017743015.1_WP_209027287.1	59.302	86	88	100	86	35	0	1	86	1	86	5.06e-32	112
tr|A0A144RC60|A0A144RC60_ENTCL	GCF_004768525.1_WP_026822068.1	58.140	86	88	100	86	36	0	1	86	1	86	7.30e-32	112
tr|A0A144RC60|A0A144RC60_ENTCL	GCF_001721185.1_WP_069317984.1	60.465	86	87	100	86	34	0	1	86	1	86	8.27e-32	112
tr|A0A144RC60|A0A144RC60_ENTCL	GCF_013460135.1_WP_180816665.1	60.241	86	88	97	83	33	0	1	83	1	83	1.07e-31	111
tr|A0A144RC60|A0A144RC60_ENTCL	GCF_020268605.1_WP_180560445.1	59.302	86	88	100	86	35	0	1	86	1	86	1.47e-31	111
tr|A0A144RC60|A0A144RC60_ENTCL	GCF_900475855.1_WP_068441311.1	61.628	86	87	100	86	33	0	1	86	1	86	3.09e-31	110
tr|A0A144RC60|A0A144RC60_ENTCL	GCF_002843235.3_WP_102139922.1	61.628	86	87	100	86	33	0	1	86	1	86	9.33e-31	109
tr|A0A144RC60|A0A144RC60_ENTCL	GCF_002393505.1_WP_006658392.1	58.140	86	87	100	86	36	0	1	86	1	86	9.87e-31	109
tr|A0A144RC60|A0A144RC60_ENTCL	GCF_003204135.1_WP_004908806.1	60.465	86	87	100	86	34	0	1	86	1	86	4.00e-30	107
tr|A0A144RC60|A0A144RC60_ENTCL	GCF_022592395.1_WP_047255099.1	56.977	86	87	100	86	37	0	1	86	1	86	6.55e-29	104
tr|A0A144RC60|A0A144RC60_ENTCL	GCF_004116975.1_WP_064720954.1	59.036	86	86	97	83	34	0	1	83	1	83	7.54e-29	104
tr|A0A144RC60|A0A144RC60_ENTCL	GCF_011045835.1_WP_075671674.1	57.831	86	86	97	83	35	0	1	83	1	83	3.81e-28	102
tr|A0A144RC60|A0A144RC60_ENTCL	GCF_022369495.1_WP_072064250.1	56.627	86	86	97	83	36	0	1	83	1	83	4.88e-28	102
tr|A0A144RC60|A0A144RC60_ENTCL	GCF_000069965.1_WP_004245453.1	56.627	86	86	97	83	36	0	1	83	1	83	1.51e-27	101
tr|A0A144RC60|A0A144RC60_ENTCL	GCF_020991025.1_WP_152109250.1	43.590	86	83	90	78	43	1	3	79	1	78	8.83e-16	71.1
tr|A0A144RC60|A0A144RC60_ENTCL	GCF_013423785.1_WP_180308358.1	45.205	86	88	85	73	40	0	1	73	1	73	1.96e-14	67.7
tr|A0A144RC60|A0A144RC60_ENTCL	GCF_002355475.1_WP_004421315.1	41.096	86	91	84	73	42	1	3	74	1	73	2.56e-13	64.9
tr|A0A144RC60|A0A144RC60_ENTCL	GCF_013200955.2_WP_173204463.1	39.726	86	91	84	73	43	1	3	74	1	73	7.89e-13	63.8
tr|A0A144RC60|A0A144RC60_ENTCL	GCF_001594225.2_WP_064379396.1	40.698	86	92	93	86	44	3	7	86	4	88	3.62e-12	62.1
tr|A0A144RC60|A0A144RC60_ENTCL	GCF_001708425.1_WP_055136127.1	39.759	86	94	91	83	45	2	7	84	4	86	1.03e-11	60.9
tr|A0A144RC60|A0A144RC60_ENTCL	GCF_008807375.1_WP_151138908.1	39.726	86	91	84	73	43	1	3	74	1	73	6.54e-11	58.7
tr|A0A144RC60|A0A144RC60_ENTCL	GCF_900682675.2_WP_069898892.1	41.429	86	94	80	70	40	1	6	74	3	72	1.02e-10	58.4
tr|A0A144RC60|A0A144RC60_ENTCL	GCF_013409125.2_WP_099525265.1	39.189	86	90	85	74	43	2	5	77	2	74	1.08e-10	58.1
tr|A0A144RC60|A0A144RC60_ENTCL	GCF_019670705.1_WP_100146025.1	38.961	86	92	88	77	46	1	5	80	2	78	1.59e-10	57.9
tr|A0A144RC60|A0A144RC60_ENTCL	GCF_000297075.2_WP_003461742.1	39.189	86	90	85	74	43	2	5	77	2	74	1.72e-10	57.9
tr|A0A144RC60|A0A144RC60_ENTCL	GCF_004353845.1_WP_103770713.1	34.483	86	93	100	87	56	1	1	86	1	87	2.07e-10	57.6
tr|A0A144RC60|A0A144RC60_ENTCL	GCF_004684345.1_WP_135321947.1	38.961	86	93	86	77	42	2	1	74	1	75	2.12e-10	57.6
tr|A0A144RC60|A0A144RC60_ENTCL	GCF_016834455.1_WP_203325205.1	43.836	86	86	84	73	39	2	7	78	4	75	2.28e-10	57.3
tr|A0A144RC60|A0A144RC60_ENTCL	GCF_017167985.1_WP_079784061.1	40.278	86	90	83	72	41	2	7	77	4	74	2.51e-10	57.3
tr|A0A144RC60|A0A144RC60_ENTCL	GCF_000015245.1_WP_011761423.1	43.836	86	86	84	73	39	2	7	78	4	75	3.28e-10	57.0
tr|A0A144RC60|A0A144RC60_ENTCL	GCF_009730655.1_WP_156020461.1	38.961	86	92	88	77	46	1	5	80	2	78	4.22e-10	56.7
tr|A0A144RC60|A0A144RC60_ENTCL	GCF_003957745.1_WP_126168493.1	42.254	86	87	81	71	40	1	5	74	2	72	4.62e-10	56.7
tr|A0A144RC60|A0A144RC60_ENTCL	GCF_008693645.1_WP_137347870.1	32.530	86	89	95	83	55	1	1	82	1	83	4.81e-10	56.4
tr|A0A144RC60|A0A144RC60_ENTCL	GCF_000733715.2_WP_017362912.1	40.278	86	90	83	72	41	2	7	77	4	74	5.47e-10	56.4
tr|A0A144RC60|A0A144RC60_ENTCL	GCF_011397855.1_WP_044414183.1	40.580	86	90	79	69	40	1	7	74	4	72	8.87e-10	55.9
tr|A0A144RC60|A0A144RC60_ENTCL	GCF_021029445.1_WP_230924827.1	36.986	86	89	85	73	45	1	5	77	2	73	1.16e-09	55.6
tr|A0A144RC60|A0A144RC60_ENTCL	GCF_024205225.1_WP_195881696.1	38.889	86	90	83	72	42	2	7	77	4	74	1.24e-09	55.6
tr|A0A144RC60|A0A144RC60_ENTCL	GCF_029457395.1_WP_024766443.1	38.356	86	92	79	73	40	1	7	74	4	76	1.34e-09	55.6
tr|A0A144RC60|A0A144RC60_ENTCL	GCF_017329545.1_WP_047884589.1	39.130	86	95	79	69	41	1	3	70	1	69	1.40e-09	55.6
tr|A0A144RC60|A0A144RC60_ENTCL	GCF_008693605.1_WP_223849061.1	34.667	86	95	86	75	48	1	1	74	2	76	2.34e-09	55.0
tr|A0A144RC60|A0A144RC60_ENTCL	GCF_003812345.1_WP_121571778.1	34.667	86	94	86	75	48	1	1	74	1	75	2.80e-09	54.8
tr|A0A144RC60|A0A144RC60_ENTCL	GCF_003515105.1_WP_036973086.1	42.647	86	73	78	68	38	1	6	72	2	69	5.61e-09	53.6
tr|A0A144RC60|A0A144RC60_ENTCL	GCF_012971725.1_WP_169940133.1	39.130	86	92	74	69	37	1	7	70	4	72	6.29e-09	53.9
tr|A0A144RC60|A0A144RC60_ENTCL	GCF_017915135.1_WP_210390879.1	38.889	86	90	83	72	42	2	7	77	4	74	6.43e-09	53.6
tr|A0A144RC60|A0A144RC60_ENTCL	GCF_015209785.1_WP_193988300.1	42.647	86	73	78	68	38	1	6	72	2	69	7.53e-09	53.4
tr|A0A144RC60|A0A144RC60_ENTCL	GCF_001597285.1_WP_061903727.1	37.681	86	92	79	69	42	1	7	74	4	72	1.12e-08	53.1
tr|A0A144RC60|A0A144RC60_ENTCL	GCF_012767755.2_WP_173171843.1	37.681	86	90	79	69	42	1	7	74	4	72	2.09e-08	52.5
tr|A0A144RC60|A0A144RC60_ENTCL	GCF_017354925.1_WP_207321174.1	42.029	86	87	79	69	39	1	7	74	4	72	2.19e-08	52.2
tr|A0A144RC60|A0A144RC60_ENTCL	GCF_020423125.1_WP_226170850.1	45.098	86	84	59	51	28	0	7	57	4	54	2.21e-08	52.2
tr|A0A144RC60|A0A144RC60_ENTCL	GCF_002218045.2_WP_089137819.1	40.845	86	79	78	71	38	3	7	73	6	76	3.70e-08	51.7
tr|A0A144RC60|A0A144RC60_ENTCL	GCF_019047765.1_WP_040231149.1	33.333	86	89	86	75	49	1	1	74	1	75	4.24e-08	51.7
tr|A0A144RC60|A0A144RC60_ENTCL	GCF_017167985.1_WP_093053415.1	32.184	86	92	93	87	50	3	7	86	4	88	1.13e-07	50.5
tr|A0A144RC60|A0A144RC60_ENTCL	GCF_002005305.1_WP_077753428.1	38.571	86	86	80	70	42	1	6	74	3	72	1.20e-07	50.5
tr|A0A144RC60|A0A144RC60_ENTCL	GCF_016026875.1_WP_045525981.1	45.098	86	89	59	51	28	0	6	56	3	53	1.24e-07	50.5
tr|A0A144RC60|A0A144RC60_ENTCL	GCF_017354965.1_WP_207380278.1	40.580	86	87	79	69	40	1	7	74	4	72	1.46e-07	50.3
tr|A0A144RC60|A0A144RC60_ENTCL	GCF_001020955.1_WP_047250467.1	36.364	86	82	85	77	45	2	1	73	1	77	2.95e-07	49.4
tr|A0A144RC60|A0A144RC60_ENTCL	GCF_019797925.1_WP_193521737.1	36.923	86	80	76	65	41	0	10	74	2	66	3.57e-07	49.1
tr|A0A144RC60|A0A144RC60_ENTCL	GCF_025402875.1_WP_011791024.1	36.232	86	90	79	69	43	1	7	74	4	72	4.42e-07	49.1
tr|A0A144RC60|A0A144RC60_ENTCL	GCF_020405345.1_WP_017780573.1	46.000	86	89	58	50	27	0	7	56	4	53	4.86e-07	48.9
tr|A0A144RC60|A0A144RC60_ENTCL	GCF_009938225.1_WP_075649723.1	38.462	86	82	74	65	39	1	10	73	2	66	6.94e-07	48.3
tr|A0A144RC60|A0A144RC60_ENTCL	GCF_004358345.1_WP_121852852.1	40.845	86	76	80	71	39	2	3	71	1	70	7.01e-07	48.3
tr|A0A144RC60|A0A144RC60_ENTCL	GCF_003025345.2_WP_003155955.1	40.541	86	91	79	74	38	1	7	74	4	77	1.27e-06	48.0
tr|A0A144RC60|A0A144RC60_ENTCL	GCF_000178875.2_WP_012197738.1	36.232	86	90	79	69	43	1	7	74	4	72	1.40e-06	47.7
tr|A0A144RC60|A0A144RC60_ENTCL	GCF_024346675.1_WP_048897676.1	31.884	86	86	79	69	46	1	3	70	1	69	1.70e-06	47.4
tr|A0A144RC60|A0A144RC60_ENTCL	GCF_002157225.2_WP_086934278.1	28.000	86	80	87	75	54	0	8	82	3	77	1.91e-06	47.2
tr|A0A144RC60|A0A144RC60_ENTCL	GCF_024971755.1_WP_259474826.1	36.232	86	88	79	69	43	1	7	74	4	72	2.38e-06	47.2
tr|A0A144RC60|A0A144RC60_ENTCL	GCF_012767755.2_WP_173176508.1	36.986	86	91	84	73	41	3	3	74	1	69	2.40e-06	47.2
tr|A0A144RC60|A0A144RC60_ENTCL	GCF_000014885.1_WP_020912292.1	40.580	86	87	79	69	40	1	7	74	4	72	2.46e-06	47.2
tr|A0A144RC60|A0A144RC60_ENTCL	GCF_900637545.1_WP_042651794.1	42.000	86	84	58	50	29	0	7	56	4	53	3.33e-06	46.6
tr|A0A144RC60|A0A144RC60_ENTCL	GCF_002215215.1_WP_088918776.1	41.429	86	101	80	70	39	2	5	73	15	83	6.29e-06	46.3
tr|A0A144RC60|A0A144RC60_ENTCL	GCF_020149575.1_WP_224431657.1	42.000	86	85	58	50	29	0	7	56	4	53	6.89e-06	45.8
tr|A0A144RC60|A0A144RC60_ENTCL	GCF_014524625.1_WP_009050814.1	35.211	86	92	80	71	43	2	6	74	3	72	9.22e-06	45.8
tr|A0A144RC60|A0A144RC60_ENTCL	GCF_001677435.1_WP_068615618.1	36.765	86	90	78	68	41	2	4	70	3	69	1.19e-05	45.5
tr|A0A144RC60|A0A144RC60_ENTCL	GCF_024746855.1_WP_260492542.1	33.846	86	79	76	65	43	0	10	74	2	66	1.25e-05	45.2
tr|A0A144RC60|A0A144RC60_ENTCL	GCF_003015165.1_WP_106887831.1	41.176	86	84	59	51	30	0	7	57	4	54	1.46e-05	44.9
tr|A0A144RC60|A0A144RC60_ENTCL	GCF_002355475.1_WP_003455993.1	30.667	86	90	86	75	51	1	7	80	2	76	1.88e-05	44.9
tr|A0A144RC60|A0A144RC60_ENTCL	GCF_000214665.1_WP_013819542.1	35.484	86	83	71	62	38	2	10	70	6	66	1.89e-05	44.6
tr|A0A144RC60|A0A144RC60_ENTCL	GCF_014169735.1_WP_134997272.1	37.736	86	86	62	53	33	0	7	59	4	56	2.10e-05	44.6
tr|A0A144RC60|A0A144RC60_ENTCL	GCF_024360925.2_WP_255188929.1	35.484	86	83	71	62	38	2	10	70	6	66	2.53e-05	44.4
tr|A0A144RC60|A0A144RC60_ENTCL	GCF_019703835.1_WP_087020305.1	33.333	86	79	90	81	47	2	10	86	1	78	2.53e-05	44.4
tr|A0A144RC60|A0A144RC60_ENTCL	GCF_028355655.1_WP_087756847.1	42.000	86	84	58	50	29	0	7	56	4	53	2.80e-05	44.4
tr|A0A144RC60|A0A144RC60_ENTCL	GCF_008807375.1_WP_151133519.1	28.000	86	90	86	75	53	1	7	80	2	76	3.24e-05	44.4
tr|A0A144RC60|A0A144RC60_ENTCL	GCF_003967195.1_WP_172597571.1	34.247	86	83	79	73	43	2	3	70	2	74	3.28e-05	44.1
tr|A0A144RC60|A0A144RC60_ENTCL	GCF_000968535.2_WP_014147785.1	29.688	86	84	74	64	45	0	8	71	4	67	3.39e-05	44.1
tr|A0A144RC60|A0A144RC60_ENTCL	GCF_002215585.1_WP_088903590.1	32.394	86	89	81	71	46	2	5	74	2	71	3.95e-05	44.1
tr|A0A144RC60|A0A144RC60_ENTCL	GCF_007197555.1_WP_144048375.1	34.211	86	94	80	76	43	3	6	74	3	78	5.67e-05	43.8
tr|A0A144RC60|A0A144RC60_ENTCL	GCF_001651805.1_WP_067384150.1	36.111	86	78	78	72	41	3	6	72	3	74	7.10e-05	43.2
tr|A0A144RC60|A0A144RC60_ENTCL	GCF_008033135.1_WP_148717358.1	30.137	86	87	85	73	50	1	5	77	2	73	9.91e-05	42.9
tr|A0A144RC60|A0A144RC60_ENTCL	GCF_004328865.1_WP_104643907.1	36.923	86	83	76	65	39	1	10	74	2	64	9.94e-05	42.9
tr|A0A144RC60|A0A144RC60_ENTCL	GCF_000801295.1_WP_171816254.1	30.380	86	99	88	79	52	1	1	76	1	79	1.04e-04	43.2
tr|A0A144RC60|A0A144RC60_ENTCL	GCF_009068765.1_WP_151900329.1	41.463	86	81	48	41	24	0	10	50	2	42	1.15e-04	42.7
tr|A0A144RC60|A0A144RC60_ENTCL	GCF_014905115.1_WP_193151849.1	41.463	86	81	48	41	24	0	10	50	2	42	1.17e-04	42.7
tr|A0A144RC60|A0A144RC60_ENTCL	GCF_019669905.1_WP_054759186.1	48.649	86	79	43	37	19	0	8	44	3	39	1.23e-04	42.7
tr|A0A144RC60|A0A144RC60_ENTCL	GCF_000785705.2_WP_036272019.1	32.308	86	82	76	65	43	1	10	74	6	69	1.30e-04	42.7
tr|A0A144RC60|A0A144RC60_ENTCL	GCF_017742995.1_WP_247749573.1	50.000	86	48	42	36	18	0	10	45	2	37	1.43e-04	41.8
tr|A0A144RC60|A0A144RC60_ENTCL	GCF_000148645.1_WP_013347076.1	45.714	86	80	41	35	19	0	10	44	1	35	2.06e-04	42.1
tr|A0A144RC60|A0A144RC60_ENTCL	GCF_008693705.1_WP_127008315.1	42.000	86	84	58	50	29	0	7	56	4	53	2.12e-04	42.1
tr|A0A144RC60|A0A144RC60_ENTCL	GCF_000828615.1_WP_041064380.1	36.709	86	80	84	79	43	4	3	74	1	79	2.42e-04	41.8
tr|A0A144RC60|A0A144RC60_ENTCL	GCF_005877035.1_WP_039486662.1	42.553	86	83	55	47	27	0	10	56	2	48	2.59e-04	41.8
tr|A0A144RC60|A0A144RC60_ENTCL	GCF_000321415.2_WP_015260329.1	34.615	86	93	86	78	47	2	1	74	1	78	2.76e-04	41.8
tr|A0A144RC60|A0A144RC60_ENTCL	GCF_003668795.1_WP_054981706.1	48.571	86	83	41	35	18	0	10	44	2	36	2.78e-04	41.8
tr|A0A144RC60|A0A144RC60_ENTCL	GCF_000026085.1_WP_041454550.1	39.437	86	73	80	71	40	3	6	74	2	71	2.97e-04	41.5
tr|A0A144RC60|A0A144RC60_ENTCL	GCF_001558415.2_WP_061055374.1	39.062	86	83	72	64	34	3	10	71	2	62	3.03e-04	41.5
tr|A0A144RC60|A0A144RC60_ENTCL	GCF_001558255.2_WP_005504861.1	35.802	86	82	87	81	46	3	10	84	2	82	3.08e-04	41.5
tr|A0A144RC60|A0A144RC60_ENTCL	GCF_000021985.1_WP_012639500.1	34.247	86	82	79	73	43	2	3	70	1	73	3.13e-04	41.5
tr|A0A144RC60|A0A144RC60_ENTCL	GCF_001007935.1_WP_046849946.1	30.159	86	84	72	63	43	1	6	67	2	64	3.20e-04	41.5
tr|A0A144RC60|A0A144RC60_ENTCL	GCF_009938185.1_WP_162048373.1	45.714	86	82	41	35	19	0	10	44	2	36	3.50e-04	41.5
tr|A0A144RC60|A0A144RC60_ENTCL	GCF_008369605.1_WP_000253074.1	48.571	86	81	41	35	18	0	10	44	2	36	4.10e-04	41.3
tr|A0A144RC60|A0A144RC60_ENTCL	GCF_006742785.1_WP_172630283.1	32.787	86	88	70	61	40	1	8	67	3	63	4.41e-04	41.3
tr|A0A144RC60|A0A144RC60_ENTCL	GCF_002221525.1_WP_089349457.1	48.571	86	83	41	35	18	0	10	44	2	36	4.72e-04	41.3
tr|A0A144RC60|A0A144RC60_ENTCL	GCF_013343005.1_WP_078482823.1	37.975	86	84	83	79	38	3	3	73	1	76	8.20e-04	40.7
tr|A0A144RC60|A0A144RC60_ENTCL	GCF_009755585.1_WP_157030071.1	31.646	86	85	87	79	47	2	3	77	1	76	0.001	40.4
tr|A0A144RC60|A0A144RC60_ENTCL	GCF_009662475.1_WP_031573754.1	34.615	86	79	60	52	34	0	3	54	1	52	0.001	40.4
tr|A0A144RC60|A0A144RC60_ENTCL	GCF_003346815.1_WP_114840342.1	33.333	86	82	84	75	44	2	3	74	1	72	0.001	40.4
tr|A0A144RC60|A0A144RC60_ENTCL	GCF_000146165.2_WP_164925808.1	34.286	86	89	79	70	44	2	7	74	4	73	0.002	39.6
tr|A0A144RC60|A0A144RC60_ENTCL	GCF_000016065.1_WP_011864074.1	32.394	86	93	81	71	46	2	5	74	2	71	0.002	39.6
tr|A0A144RC60|A0A144RC60_ENTCL	GCF_000009145.1_WP_041356315.1	32.203	86	90	67	59	39	1	10	67	6	64	0.003	39.3
tr|A0A144RC60|A0A144RC60_ENTCL	GCF_000238395.3_WP_010553578.1	35.385	86	83	76	65	40	1	10	74	2	64	0.003	39.0
tr|A0A144RC60|A0A144RC60_ENTCL	GCF_008329985.2_WP_149283950.1	34.921	86	81	72	63	40	1	10	71	2	64	0.004	38.7
tr|A0A144RC60|A0A144RC60_ENTCL	GCF_005931095.1_WP_017839868.1	28.125	86	84	74	64	46	0	8	71	4	67	0.006	38.4
tr|A0A144RC60|A0A144RC60_ENTCL	GCF_009938205.1_WP_075706454.1	36.923	86	82	74	65	40	1	10	73	2	66	0.007	38.2
tr|A0A144RC60|A0A144RC60_ENTCL	GCF_000014765.1_WP_011633385.1	32.787	86	89	70	61	40	1	8	67	3	63	0.010	37.9
# PSIBLAST 2.13.0+
# Iteration: 2
# Query: tr|A0A144RC60|A0A144RC60_ENTCL Transcriptional antiterminator Rof OS=Enterobacter cloacae OX=550 GN=rof PE=4 SV=1
# Database: db/chosen-bacteria_proteome_exDup
# Fields: query id, subject id, % identity, query length, subject length, % query coverage per subject, alignment length, mismatches, gap opens, q. start, q. end, s. start, s. end, evalue, bit score
# 444 hits found
tr|A0A144RC60|A0A144RC60_ENTCL	GCF_009176645.1_WP_152083529.1	94.186	86	86	100	86	5	0	1	86	1	86	1.60e-47	151
tr|A0A144RC60|A0A144RC60_ENTCL	GCF_001461805.1_WP_013367515.1	88.372	86	86	100	86	10	0	1	86	1	86	1.77e-47	151
tr|A0A144RC60|A0A144RC60_ENTCL	GCF_009036245.1_WP_025756830.1	95.349	86	86	100	86	4	0	1	86	1	86	1.82e-47	151
tr|A0A144RC60|A0A144RC60_ENTCL	GCF_001518835.1_WP_059308693.1	91.860	86	86	100	86	7	0	1	86	1	86	2.11e-47	151
tr|A0A144RC60|A0A144RC60_ENTCL	GCF_003594935.2_WP_006173581.1	96.512	86	86	100	86	3	0	1	86	1	86	2.75e-47	151
tr|A0A144RC60|A0A144RC60_ENTCL	GCF_001729805.1_WP_008501890.1	96.512	86	86	100	86	3	0	1	86	1	86	3.05e-47	151
tr|A0A144RC60|A0A144RC60_ENTCL	GCF_001750725.1_WP_014168720.1	98.837	86	86	100	86	1	0	1	86	1	86	3.12e-47	151
tr|A0A144RC60|A0A144RC60_ENTCL	GCF_020097475.1_WP_000062318.1	89.535	86	86	100	86	9	0	1	86	1	86	3.17e-47	151
tr|A0A144RC60|A0A144RC60_ENTCL	GCF_015137655.1_WP_028015593.1	95.349	86	86	100	86	4	0	1	86	1	86	3.35e-47	151
tr|A0A144RC60|A0A144RC60_ENTCL	GCF_000224675.1_WP_010426685.1	96.512	86	86	100	86	3	0	1	86	1	86	4.50e-47	150
tr|A0A144RC60|A0A144RC60_ENTCL	GCF_000006925.2_NP_706134.1	88.372	86	86	100	86	10	0	1	86	1	86	1.04e-46	149
tr|A0A144RC60|A0A144RC60_ENTCL	GCF_007632255.1_WP_015368146.1	82.558	86	86	100	86	15	0	1	86	1	86	1.28e-46	149
tr|A0A144RC60|A0A144RC60_ENTCL	GCF_003812925.1_WP_004107903.1	84.884	86	86	100	86	13	0	1	86	1	86	1.41e-46	149
tr|A0A144RC60|A0A144RC60_ENTCL	GCF_025914095.1_WP_031518416.1	93.023	86	86	100	86	6	0	1	86	1	86	1.57e-46	149
tr|A0A144RC60|A0A144RC60_ENTCL	GCF_001683395.1_WP_017458015.1	84.884	86	86	100	86	13	0	1	86	1	86	1.58e-46	149
tr|A0A144RC60|A0A144RC60_ENTCL	GCF_021172065.1_WP_015965827.1	84.884	86	86	100	86	13	0	1	86	1	86	1.82e-46	149
tr|A0A144RC60|A0A144RC60_ENTCL	GCF_019048625.1_WP_023305471.1	94.186	86	86	100	86	5	0	1	86	1	86	1.87e-46	149
tr|A0A144RC60|A0A144RC60_ENTCL	GCF_001022135.1_WP_039078449.1	89.535	86	86	100	86	9	0	1	86	1	86	2.31e-46	148
tr|A0A144RC60|A0A144RC60_ENTCL	GCF_001658025.2_WP_007373243.1	83.721	86	86	100	86	14	0	1	86	1	86	2.73e-46	148
tr|A0A144RC60|A0A144RC60_ENTCL	GCF_003812345.1_WP_003018503.1	88.372	86	86	100	86	10	0	1	86	1	86	2.76e-46	148
tr|A0A144RC60|A0A144RC60_ENTCL	GCF_016904755.1_WP_059234959.1	88.235	86	86	99	85	10	0	1	85	1	85	3.03e-46	148
tr|A0A144RC60|A0A144RC60_ENTCL	GCF_027886705.1_WP_061497537.1	83.721	86	86	100	86	14	0	1	86	1	86	3.61e-46	148
tr|A0A144RC60|A0A144RC60_ENTCL	GCF_000240185.1_YP_005225236.1	84.884	86	86	100	86	13	0	1	86	1	86	4.13e-46	148
tr|A0A144RC60|A0A144RC60_ENTCL	GCF_900638065.1_WP_048212636.1	87.209	86	86	100	86	11	0	1	86	1	86	4.27e-46	148
tr|A0A144RC60|A0A144RC60_ENTCL	GCF_004353845.1_WP_103768334.1	87.209	86	86	100	86	11	0	1	86	1	86	4.62e-46	148
tr|A0A144RC60|A0A144RC60_ENTCL	GCF_003261575.2_WP_110272453.1	83.721	86	86	100	86	14	0	1	86	1	86	4.96e-46	148
tr|A0A144RC60|A0A144RC60_ENTCL	GCF_001277255.1_WP_007666633.1	86.047	86	86	100	86	12	0	1	86	1	86	6.00e-46	147
tr|A0A144RC60|A0A144RC60_ENTCL	GCF_018139045.1_WP_004129134.1	82.558	86	86	100	86	15	0	1	86	1	86	6.66e-46	147
tr|A0A144RC60|A0A144RC60_ENTCL	GCF_009649915.1_WP_062772223.1	83.721	86	86	100	86	14	0	1	86	1	86	6.71e-46	147
tr|A0A144RC60|A0A144RC60_ENTCL	GCF_004684345.1_WP_135323069.1	86.047	86	86	100	86	12	0	1	86	1	86	7.27e-46	147
tr|A0A144RC60|A0A144RC60_ENTCL	GCF_022637515.1_WP_064539750.1	86.047	86	86	100	86	12	0	1	86	1	86	7.99e-46	147
tr|A0A144RC60|A0A144RC60_ENTCL	GCF_009363135.1_WP_090122691.1	83.721	86	86	100	86	14	0	1	86	1	86	8.38e-46	147
tr|A0A144RC60|A0A144RC60_ENTCL	GCF_001558935.2_WP_042323659.1	88.372	86	86	100	86	10	0	1	86	1	86	8.52e-46	147
tr|A0A144RC60|A0A144RC60_ENTCL	GCF_015139575.1_WP_004098776.1	83.721	86	86	100	86	14	0	1	86	1	86	8.79e-46	147
tr|A0A144RC60|A0A144RC60_ENTCL	GCF_009648935.1_WP_047417117.1	87.209	86	86	100	86	11	0	1	86	1	86	1.01e-45	147
tr|A0A144RC60|A0A144RC60_ENTCL	GCF_023195735.1_WP_035891978.1	82.558	86	86	100	86	15	0	1	86	1	86	1.16e-45	147
tr|A0A144RC60|A0A144RC60_ENTCL	GCF_021278985.1_WP_012904575.1	88.372	86	86	100	86	10	0	1	86	1	86	1.22e-45	147
tr|A0A144RC60|A0A144RC60_ENTCL	GCF_018128425.1_WP_042289833.1	90.698	86	86	100	86	8	0	1	86	1	86	1.22e-45	147
tr|A0A144RC60|A0A144RC60_ENTCL	GCF_022637595.1_WP_004858152.1	82.558	86	86	100	86	15	0	1	86	1	86	1.47e-45	146
tr|A0A144RC60|A0A144RC60_ENTCL	GCF_001277195.1_WP_032966924.1	86.047	86	86	100	86	12	0	1	86	1	86	1.57e-45	146
tr|A0A144RC60|A0A144RC60_ENTCL	GCF_006711645.1_WP_100682484.1	80.233	86	86	100	86	17	0	1	86	1	86	2.28e-45	146
tr|A0A144RC60|A0A144RC60_ENTCL	GCF_000018045.1_WP_024130681.1	88.372	86	86	100	86	10	0	1	86	1	86	2.41e-45	146
tr|A0A144RC60|A0A144RC60_ENTCL	GCF_001277215.2_WP_007776988.1	84.884	86	86	100	86	13	0	1	86	1	86	2.72e-45	146
tr|A0A144RC60|A0A144RC60_ENTCL	GCF_003935895.2_WP_110510858.1	85.882	86	86	99	85	12	0	1	85	1	85	2.99e-45	146
tr|A0A144RC60|A0A144RC60_ENTCL	GCF_001277175.1_WP_007760020.1	84.884	86	86	100	86	13	0	1	86	1	86	3.21e-45	146
tr|A0A144RC60|A0A144RC60_ENTCL	GCF_000005845.2_NP_414731.2	88.095	86	84	98	84	10	0	3	86	1	84	7.60e-45	144
tr|A0A144RC60|A0A144RC60_ENTCL	GCF_024224615.1_WP_125293588.1	84.884	86	86	100	86	13	0	1	86	1	86	7.82e-45	144
tr|A0A144RC60|A0A144RC60_ENTCL	GCF_002393445.1_WP_061273728.1	88.095	86	86	98	84	10	0	1	84	1	84	9.47e-45	144
tr|A0A144RC60|A0A144RC60_ENTCL	GCF_011068345.1_WP_002436992.1	86.047	86	86	100	86	12	0	1	86	1	86	9.70e-45	144
tr|A0A144RC60|A0A144RC60_ENTCL	GCF_013234275.1_WP_172895488.1	86.047	86	86	100	86	12	0	1	86	1	86	1.25e-44	144
tr|A0A144RC60|A0A144RC60_ENTCL	GCF_900635955.1_WP_126357486.1	88.095	86	86	98	84	10	0	1	84	1	84	1.41e-44	144
tr|A0A144RC60|A0A144RC60_ENTCL	GCF_000834395.1_WP_042546713.1	80.233	86	86	100	86	17	0	1	86	1	86	1.66e-44	144
tr|A0A144RC60|A0A144RC60_ENTCL	GCF_012029655.1_WP_041144145.1	80.233	86	86	100	86	17	0	1	86	1	86	2.10e-44	143
tr|A0A144RC60|A0A144RC60_ENTCL	GCF_000439255.1_WP_000062328.1	81.395	86	86	100	86	16	0	1	86	1	86	2.23e-44	143
tr|A0A144RC60|A0A144RC60_ENTCL	GCF_004124235.1_WP_025377303.1	80.233	86	86	100	86	17	0	1	86	1	86	3.40e-44	143
tr|A0A144RC60|A0A144RC60_ENTCL	GCF_000222975.1_WP_002218374.1	79.070	86	86	100	86	18	0	1	86	1	86	6.08e-44	142
tr|A0A144RC60|A0A144RC60_ENTCL	GCF_002163605.1_WP_157665988.1	76.744	86	86	100	86	20	0	1	86	1	86	7.48e-44	142
tr|A0A144RC60|A0A144RC60_ENTCL	GCF_000006945.2_NP_459242.1	81.395	86	86	100	86	16	0	1	86	1	86	7.84e-44	142
tr|A0A144RC60|A0A144RC60_ENTCL	GCF_025133195.1_WP_032910235.1	75.581	86	86	100	86	21	0	1	86	1	86	7.91e-44	142
tr|A0A144RC60|A0A144RC60_ENTCL	GCF_000834455.1_WP_032817050.1	77.907	86	86	100	86	19	0	1	86	1	86	8.43e-44	142
tr|A0A144RC60|A0A144RC60_ENTCL	GCF_025758125.1_WP_023480196.1	79.070	86	86	100	86	18	0	1	86	1	86	9.42e-44	142
tr|A0A144RC60|A0A144RC60_ENTCL	GCF_013282725.1_WP_032813813.1	79.070	86	86	100	86	18	0	1	86	1	86	1.15e-43	142
tr|A0A144RC60|A0A144RC60_ENTCL	GCF_017498685.1_WP_038245151.1	76.744	86	86	100	86	20	0	1	86	1	86	1.35e-43	141
tr|A0A144RC60|A0A144RC60_ENTCL	GCF_021276285.1_WP_095923198.1	73.810	86	86	98	84	22	0	1	84	1	84	1.76e-43	141
tr|A0A144RC60|A0A144RC60_ENTCL	GCF_009730055.1_WP_032906500.1	79.070	86	86	100	86	18	0	1	86	1	86	2.98e-43	141
tr|A0A144RC60|A0A144RC60_ENTCL	GCF_003019925.1_WP_162185254.1	85.714	86	86	98	84	12	0	1	84	1	84	3.28e-43	141
tr|A0A144RC60|A0A144RC60_ENTCL	GCF_022637475.1_WP_013574214.1	72.619	86	86	98	84	23	0	1	84	1	84	3.55e-43	140
tr|A0A144RC60|A0A144RC60_ENTCL	GCF_000262305.1_WP_002441069.1	80.233	86	86	100	86	17	0	1	86	1	86	4.92e-43	140
tr|A0A144RC60|A0A144RC60_ENTCL	GCF_005484945.1_WP_137712817.1	73.256	86	86	100	86	23	0	1	86	1	86	6.19e-43	140
tr|A0A144RC60|A0A144RC60_ENTCL	GCF_000233595.1_WP_013024706.1	74.118	86	86	99	85	22	0	1	85	1	85	9.67e-43	139
tr|A0A144RC60|A0A144RC60_ENTCL	GCF_002953195.1_WP_038628016.1	69.767	86	87	100	86	26	0	1	86	1	86	1.40e-42	139
tr|A0A144RC60|A0A144RC60_ENTCL	GCF_900095885.1_WP_035340381.1	73.256	86	86	100	86	23	0	1	86	1	86	1.42e-42	139
tr|A0A144RC60|A0A144RC60_ENTCL	GCF_009914055.1_WP_160619715.1	70.930	86	87	100	86	25	0	1	86	1	86	1.56e-42	139
tr|A0A144RC60|A0A144RC60_ENTCL	GCF_000025065.1_WP_012883679.1	71.765	86	86	99	85	24	0	1	85	1	85	1.83e-42	139
tr|A0A144RC60|A0A144RC60_ENTCL	GCF_012427845.1_WP_012773648.1	72.093	86	86	100	86	24	0	1	86	1	86	2.11e-42	138
tr|A0A144RC60|A0A144RC60_ENTCL	GCF_011044475.1_WP_033740322.1	74.118	86	86	99	85	22	0	1	85	1	85	2.17e-42	138
tr|A0A144RC60|A0A144RC60_ENTCL	GCF_002101395.1_WP_085067900.1	69.767	86	87	100	86	26	0	1	86	1	86	3.09e-42	138
tr|A0A144RC60|A0A144RC60_ENTCL	GCF_023517775.1_WP_249893541.1	73.256	86	87	100	86	23	0	1	86	1	86	3.14e-42	138
tr|A0A144RC60|A0A144RC60_ENTCL	GCF_002288545.1_WP_029367608.1	70.930	86	86	100	86	25	0	1	86	1	86	3.37e-42	138
tr|A0A144RC60|A0A144RC60_ENTCL	GCF_000023565.1_WP_012770818.1	70.588	86	86	99	85	25	0	1	85	1	85	3.37e-42	138
tr|A0A144RC60|A0A144RC60_ENTCL	GCF_009873295.1_WP_039312412.1	70.930	86	86	100	86	25	0	1	86	1	86	5.34e-42	137
tr|A0A144RC60|A0A144RC60_ENTCL	GCF_000196615.1_WP_013200864.1	70.930	86	87	100	86	25	0	1	86	1	86	7.42e-42	137
tr|A0A144RC60|A0A144RC60_ENTCL	GCF_011617105.1_WP_025800203.1	74.419	86	86	100	86	22	0	1	86	1	86	9.39e-42	137
tr|A0A144RC60|A0A144RC60_ENTCL	GCF_003515985.1_WP_085653101.1	70.588	86	86	99	85	25	0	1	85	1	85	9.77e-42	137
tr|A0A144RC60|A0A144RC60_ENTCL	GCF_017569925.1_WP_208228065.1	72.093	86	86	100	86	24	0	1	86	1	86	9.85e-42	137
tr|A0A144RC60|A0A144RC60_ENTCL	GCF_000517425.1_WP_025421126.1	63.095	86	86	98	84	31	0	1	84	1	84	1.02e-41	137
tr|A0A144RC60|A0A144RC60_ENTCL	GCF_016026735.1_WP_015673540.1	68.605	86	87	100	86	27	0	1	86	1	86	1.12e-41	137
tr|A0A144RC60|A0A144RC60_ENTCL	GCF_020079945.1_WP_039382769.1	71.765	86	87	99	85	24	0	1	85	1	85	1.23e-41	136
tr|A0A144RC60|A0A144RC60_ENTCL	GCF_000023545.1_WP_015854637.1	70.930	86	86	100	86	25	0	1	86	1	86	1.41e-41	136
tr|A0A144RC60|A0A144RC60_ENTCL	GCF_020181655.1_WP_225087160.1	69.767	86	86	100	86	26	0	1	86	1	86	1.59e-41	136
tr|A0A144RC60|A0A144RC60_ENTCL	GCF_000740965.1_WP_011092648.1	69.767	86	86	100	86	26	0	1	86	1	86	1.65e-41	136
tr|A0A144RC60|A0A144RC60_ENTCL	GCF_015999465.1_WP_085688159.1	69.412	86	86	99	85	26	0	1	85	1	85	1.66e-41	136
tr|A0A144RC60|A0A144RC60_ENTCL	GCF_000520015.2_WP_024910172.1	69.767	86	87	100	86	26	0	1	86	1	86	1.72e-41	136
tr|A0A144RC60|A0A144RC60_ENTCL	GCF_000010085.1_WP_011411656.1	61.905	86	86	98	84	32	0	1	84	1	84	1.87e-41	136
tr|A0A144RC60|A0A144RC60_ENTCL	GCF_019797845.1_WP_222158377.1	72.093	86	86	100	86	24	0	1	86	1	86	1.89e-41	136
tr|A0A144RC60|A0A144RC60_ENTCL	GCF_009931295.1_WP_161528353.1	70.930	86	86	100	86	25	0	1	86	1	86	1.90e-41	136
tr|A0A144RC60|A0A144RC60_ENTCL	GCF_007858975.2_WP_042869176.1	70.588	86	86	99	85	25	0	1	85	1	85	2.01e-41	136
tr|A0A144RC60|A0A144RC60_ENTCL	GCF_002812485.1_WP_038661467.1	70.588	86	86	99	85	25	0	1	85	1	85	2.05e-41	136
tr|A0A144RC60|A0A144RC60_ENTCL	GCF_019047765.1_WP_040230035.1	87.209	86	86	100	86	11	0	1	86	1	86	2.30e-41	136
tr|A0A144RC60|A0A144RC60_ENTCL	GCF_001010285.1_WP_046974061.1	69.767	86	88	100	86	26	0	1	86	1	86	2.41e-41	136
tr|A0A144RC60|A0A144RC60_ENTCL	GCF_020150375.1_WP_004094310.1	75.581	86	86	100	86	21	0	1	86	1	86	2.42e-41	136
tr|A0A144RC60|A0A144RC60_ENTCL	GCF_001642805.2_WP_004931991.1	70.930	86	87	100	86	25	0	1	86	1	86	2.48e-41	136
tr|A0A144RC60|A0A144RC60_ENTCL	GCF_001742185.1_WP_005975933.1	69.767	86	86	100	86	26	0	1	86	1	86	2.52e-41	136
tr|A0A144RC60|A0A144RC60_ENTCL	GCF_002291445.1_WP_048635886.1	72.093	86	86	100	86	24	0	1	86	1	86	2.68e-41	135
tr|A0A144RC60|A0A144RC60_ENTCL	GCF_021462285.1_WP_234585968.1	70.930	86	87	100	86	25	0	1	86	1	86	2.77e-41	135
tr|A0A144RC60|A0A144RC60_ENTCL	GCF_900187015.1_WP_061796701.1	70.930	86	87	100	86	25	0	1	86	1	86	3.05e-41	135
tr|A0A144RC60|A0A144RC60_ENTCL	GCF_017348915.1_WP_040077077.1	90.698	86	86	100	86	8	0	1	86	1	86	3.09e-41	135
tr|A0A144RC60|A0A144RC60_ENTCL	GCF_019890955.1_WP_211725887.1	70.588	86	87	99	85	25	0	1	85	1	85	3.78e-41	135
tr|A0A144RC60|A0A144RC60_ENTCL	GCF_009817885.1_WP_105232289.1	70.930	86	87	100	86	25	0	1	86	1	86	3.81e-41	135
tr|A0A144RC60|A0A144RC60_ENTCL	GCF_003992745.1_WP_014700896.1	69.767	86	86	100	86	26	0	1	86	1	86	4.98e-41	135
tr|A0A144RC60|A0A144RC60_ENTCL	GCF_005484965.1_WP_009114129.1	72.093	86	86	100	86	24	0	1	86	1	86	5.18e-41	135
tr|A0A144RC60|A0A144RC60_ENTCL	GCF_000147055.1_WP_022632468.1	70.588	86	86	99	85	25	0	1	85	1	85	6.03e-41	135
tr|A0A144RC60|A0A144RC60_ENTCL	GCF_022647505.1_WP_128179458.1	68.605	86	87	100	86	27	0	1	86	1	86	6.70e-41	135
tr|A0A144RC60|A0A144RC60_ENTCL	GCF_004792415.1_WP_013356856.1	69.048	86	86	98	84	26	0	1	84	1	84	7.90e-41	134
tr|A0A144RC60|A0A144RC60_ENTCL	GCF_003403135.1_WP_024104894.1	70.588	86	86	99	85	25	0	1	85	1	85	8.03e-41	134
tr|A0A144RC60|A0A144RC60_ENTCL	GCF_000026185.1_WP_012440659.1	67.059	86	87	99	85	28	0	1	85	1	85	1.57e-40	133
tr|A0A144RC60|A0A144RC60_ENTCL	GCF_000196475.1_WP_012776850.1	66.279	86	88	100	86	29	0	1	86	1	86	3.83e-40	133
tr|A0A144RC60|A0A144RC60_ENTCL	GCF_019090985.1_WP_036781226.1	66.279	86	88	100	86	29	0	1	86	1	86	3.99e-40	133
tr|A0A144RC60|A0A144RC60_ENTCL	GCF_000264765.2_WP_034163237.1	68.605	86	86	100	86	27	0	1	86	1	86	4.61e-40	132
tr|A0A144RC60|A0A144RC60_ENTCL	GCF_009646115.1_WP_008925644.1	69.048	86	86	98	84	26	0	1	84	1	84	4.72e-40	132
tr|A0A144RC60|A0A144RC60_ENTCL	GCF_019048385.1_WP_062759648.1	67.857	86	86	98	84	27	0	1	84	1	84	7.20e-40	132
tr|A0A144RC60|A0A144RC60_ENTCL	GCF_020683125.1_WP_133842177.1	70.930	86	88	100	86	25	0	1	86	2	87	7.59e-40	132
tr|A0A144RC60|A0A144RC60_ENTCL	GCF_019844095.1_WP_062747070.1	70.930	86	88	100	86	25	0	1	86	2	87	9.94e-40	131
tr|A0A144RC60|A0A144RC60_ENTCL	GCF_000196155.1_WP_011145066.1	65.116	86	88	100	86	30	0	1	86	1	86	3.05e-39	130
tr|A0A144RC60|A0A144RC60_ENTCL	GCF_000091565.1_WP_004159420.1	64.706	86	87	99	85	30	0	1	85	1	85	3.37e-39	130
tr|A0A144RC60|A0A144RC60_ENTCL	GCF_022647325.1_WP_111140597.1	67.857	86	86	98	84	27	0	1	84	1	84	3.45e-39	130
tr|A0A144RC60|A0A144RC60_ENTCL	GCF_002291425.1_WP_095847471.1	67.442	86	87	100	86	28	0	1	86	1	86	4.15e-39	130
tr|A0A144RC60|A0A144RC60_ENTCL	GCF_902387845.1_WP_004237241.1	65.116	86	88	100	86	30	0	1	86	1	86	6.81e-39	130
tr|A0A144RC60|A0A144RC60_ENTCL	GCF_025946765.1_WP_264497926.1	67.442	86	86	100	86	28	0	1	86	1	86	7.39e-39	129
tr|A0A144RC60|A0A144RC60_ENTCL	GCF_020268605.1_WP_180560445.1	59.302	86	88	100	86	35	0	1	86	1	86	8.17e-39	129
tr|A0A144RC60|A0A144RC60_ENTCL	GCF_004768525.1_WP_026822068.1	58.140	86	88	100	86	36	0	1	86	1	86	1.14e-38	129
tr|A0A144RC60|A0A144RC60_ENTCL	GCF_021733145.1_WP_012847629.1	67.857	86	86	98	84	27	0	1	84	1	84	1.24e-38	129
tr|A0A144RC60|A0A144RC60_ENTCL	GCF_021365465.1_WP_016190321.1	68.605	86	87	100	86	27	0	1	86	1	86	4.09e-38	128
tr|A0A144RC60|A0A144RC60_ENTCL	GCF_020342335.1_WP_067428135.1	66.279	86	87	100	86	29	0	1	86	1	86	4.43e-38	127
tr|A0A144RC60|A0A144RC60_ENTCL	GCF_002952315.1_WP_012667243.1	67.059	86	87	99	85	28	0	1	85	1	85	4.72e-38	127
tr|A0A144RC60|A0A144RC60_ENTCL	GCF_900638135.1_WP_012146468.1	65.116	86	87	100	86	30	0	1	86	1	86	5.32e-38	127
tr|A0A144RC60|A0A144RC60_ENTCL	GCF_000261045.2_WP_006318653.1	65.116	86	87	100	86	30	0	1	86	1	86	7.79e-38	127
tr|A0A144RC60|A0A144RC60_ENTCL	GCF_029277985.1_WP_154623766.1	60.465	86	87	100	86	34	0	1	86	1	86	8.63e-38	127
tr|A0A144RC60|A0A144RC60_ENTCL	GCF_009831665.3_WP_006709226.1	62.791	86	87	100	86	32	0	1	86	1	86	1.13e-37	126
tr|A0A144RC60|A0A144RC60_ENTCL	GCF_900475855.1_WP_068441311.1	61.628	86	87	100	86	33	0	1	86	1	86	1.47e-37	126
tr|A0A144RC60|A0A144RC60_ENTCL	GCF_002504285.1_WP_005282992.1	66.279	86	86	100	86	29	0	1	86	1	86	1.60e-37	126
tr|A0A144RC60|A0A144RC60_ENTCL	GCF_003204135.1_WP_004908806.1	60.465	86	87	100	86	34	0	1	86	1	86	1.71e-37	126
tr|A0A144RC60|A0A144RC60_ENTCL	GCF_002843235.3_WP_102139922.1	61.628	86	87	100	86	33	0	1	86	1	86	2.33e-37	126
tr|A0A144RC60|A0A144RC60_ENTCL	GCF_017743015.1_WP_209027287.1	59.302	86	88	100	86	35	0	1	86	1	86	2.41e-37	126
tr|A0A144RC60|A0A144RC60_ENTCL	GCF_013460135.1_WP_180816665.1	58.140	86	88	100	86	36	0	1	86	1	86	2.49e-37	126
tr|A0A144RC60|A0A144RC60_ENTCL	GCF_020541225.1_WP_226811316.1	58.333	86	86	98	84	35	0	1	84	1	84	3.02e-37	125
tr|A0A144RC60|A0A144RC60_ENTCL	GCF_000517405.1_WP_038469034.1	59.259	86	83	94	81	33	0	4	84	1	81	3.12e-37	125
tr|A0A144RC60|A0A144RC60_ENTCL	GCF_002393505.1_WP_006658392.1	58.140	86	87	100	86	36	0	1	86	1	86	3.33e-37	125
tr|A0A144RC60|A0A144RC60_ENTCL	GCF_022592395.1_WP_047255099.1	56.977	86	87	100	86	37	0	1	86	1	86	3.44e-37	125
tr|A0A144RC60|A0A144RC60_ENTCL	GCF_001721185.1_WP_069317984.1	60.465	86	87	100	86	34	0	1	86	1	86	4.33e-37	125
tr|A0A144RC60|A0A144RC60_ENTCL	GCF_016026395.1_WP_024524235.1	65.116	86	86	100	86	30	0	1	86	1	86	4.43e-37	125
tr|A0A144RC60|A0A144RC60_ENTCL	GCF_000214235.1_WP_004952197.1	66.667	86	85	98	84	28	0	3	86	1	84	4.63e-37	125
tr|A0A144RC60|A0A144RC60_ENTCL	GCF_000968195.1_WP_045972480.1	62.069	86	87	100	87	32	1	1	86	1	87	4.92e-37	125
tr|A0A144RC60|A0A144RC60_ENTCL	GCF_008364325.2_WP_230090436.1	65.476	86	85	98	84	29	0	3	86	1	84	1.37e-36	124
tr|A0A144RC60|A0A144RC60_ENTCL	GCF_001006005.1_WP_223499701.1	65.476	86	85	98	84	29	0	3	86	1	84	1.56e-36	123
tr|A0A144RC60|A0A144RC60_ENTCL	GCF_000069965.1_WP_004245453.1	56.627	86	86	97	83	36	0	1	83	1	83	1.71e-36	123
tr|A0A144RC60|A0A144RC60_ENTCL	GCF_011045835.1_WP_075671674.1	57.831	86	86	97	83	35	0	1	83	1	83	4.03e-36	122
tr|A0A144RC60|A0A144RC60_ENTCL	GCF_014295015.1_WP_013185414.1	59.770	86	87	100	87	34	1	1	86	1	87	4.67e-36	122
tr|A0A144RC60|A0A144RC60_ENTCL	GCF_000968175.1_WP_045959360.1	59.770	86	88	100	87	34	1	1	86	1	87	6.18e-36	122
tr|A0A144RC60|A0A144RC60_ENTCL	GCF_004295645.1_WP_228350951.1	65.882	86	88	98	85	28	1	1	84	1	85	8.69e-36	122
tr|A0A144RC60|A0A144RC60_ENTCL	GCF_022369495.1_WP_072064250.1	56.627	86	86	97	83	36	0	1	83	1	83	1.03e-35	121
tr|A0A144RC60|A0A144RC60_ENTCL	GCF_003096015.2_WP_230514010.1	65.882	86	88	98	85	28	1	1	84	1	85	1.13e-35	121
tr|A0A144RC60|A0A144RC60_ENTCL	GCF_900478135.1_WP_111739359.1	64.706	86	88	98	85	29	1	1	84	1	85	1.37e-35	121
tr|A0A144RC60|A0A144RC60_ENTCL	GCF_900638655.1_WP_047781753.1	65.882	86	88	98	85	28	1	1	84	1	85	1.91e-35	121
tr|A0A144RC60|A0A144RC60_ENTCL	GCF_003074995.2_WP_015870269.1	60.241	86	86	97	83	33	0	1	83	1	83	2.32e-35	121
tr|A0A144RC60|A0A144RC60_ENTCL	GCF_004116975.1_WP_064720954.1	59.036	86	86	97	83	34	0	1	83	1	83	2.74e-35	120
tr|A0A144RC60|A0A144RC60_ENTCL	GCF_005671395.1_WP_138095872.1	70.513	86	86	91	78	23	0	1	78	1	78	4.89e-35	120
tr|A0A144RC60|A0A144RC60_ENTCL	GCF_003812345.1_WP_121571778.1	32.184	86	94	100	87	58	1	1	86	1	87	7.75e-29	104
tr|A0A144RC60|A0A144RC60_ENTCL	GCF_008693605.1_WP_223849061.1	31.765	86	95	98	85	57	1	1	84	2	86	1.25e-28	103
tr|A0A144RC60|A0A144RC60_ENTCL	GCF_004353845.1_WP_103770713.1	34.483	86	93	100	87	56	1	1	86	1	87	2.07e-28	103
tr|A0A144RC60|A0A144RC60_ENTCL	GCF_002355475.1_WP_004421315.1	38.272	86	91	93	81	49	1	3	82	1	81	3.68e-28	102
tr|A0A144RC60|A0A144RC60_ENTCL	GCF_013200955.2_WP_173204463.1	37.037	86	91	93	81	50	1	3	82	1	81	6.62e-28	101
tr|A0A144RC60|A0A144RC60_ENTCL	GCF_008693645.1_WP_137347870.1	32.184	86	89	100	87	58	1	1	86	1	87	1.52e-27	101
tr|A0A144RC60|A0A144RC60_ENTCL	GCF_001708425.1_WP_055136127.1	38.372	86	94	94	86	48	2	4	84	1	86	2.20e-27	100
tr|A0A144RC60|A0A144RC60_ENTCL	GCF_008807375.1_WP_151138908.1	37.037	86	91	93	81	50	1	3	82	1	81	7.01e-27	99.4
tr|A0A144RC60|A0A144RC60_ENTCL	GCF_001594225.2_WP_064379396.1	36.364	86	92	97	88	51	2	4	86	1	88	7.20e-27	99.4
tr|A0A144RC60|A0A144RC60_ENTCL	GCF_001597285.1_WP_061903727.1	34.615	86	92	90	78	50	1	6	82	3	80	1.88e-26	98.2
tr|A0A144RC60|A0A144RC60_ENTCL	GCF_013423785.1_WP_180308358.1	45.205	86	88	85	73	40	0	1	73	1	73	2.15e-26	98.0
tr|A0A144RC60|A0A144RC60_ENTCL	GCF_004684345.1_WP_135321947.1	35.802	86	93	93	81	51	1	1	80	1	81	5.38e-26	97.1
tr|A0A144RC60|A0A144RC60_ENTCL	GCF_000733715.2_WP_017362912.1	35.000	86	90	92	80	51	1	4	82	1	80	5.79e-26	97.1
tr|A0A144RC60|A0A144RC60_ENTCL	GCF_000297075.2_WP_003461742.1	35.000	86	90	92	80	51	1	4	82	1	80	6.84e-26	96.8
tr|A0A144RC60|A0A144RC60_ENTCL	GCF_017167985.1_WP_093053415.1	29.545	86	92	97	88	57	2	4	86	1	88	1.01e-25	96.6
tr|A0A144RC60|A0A144RC60_ENTCL	GCF_013409125.2_WP_099525265.1	35.000	86	90	92	80	51	1	4	82	1	80	1.20e-25	96.3
tr|A0A144RC60|A0A144RC60_ENTCL	GCF_024205225.1_WP_195881696.1	33.750	86	90	92	80	52	1	4	82	1	80	1.88e-25	95.7
tr|A0A144RC60|A0A144RC60_ENTCL	GCF_021029445.1_WP_230924827.1	34.722	86	89	84	72	47	0	4	75	1	72	2.47e-25	95.4
tr|A0A144RC60|A0A144RC60_ENTCL	GCF_000178875.2_WP_012197738.1	31.765	86	90	93	85	53	2	6	85	3	87	2.68e-25	95.4
tr|A0A144RC60|A0A144RC60_ENTCL	GCF_017167985.1_WP_079784061.1	35.000	86	90	92	80	51	1	4	82	1	80	5.35e-25	94.6
tr|A0A144RC60|A0A144RC60_ENTCL	GCF_900682675.2_WP_069898892.1	39.726	86	94	84	73	43	1	6	77	3	75	8.16e-25	94.3
tr|A0A144RC60|A0A144RC60_ENTCL	GCF_019670705.1_WP_100146025.1	38.462	86	92	90	78	47	1	4	80	1	78	8.26e-25	94.0
tr|A0A144RC60|A0A144RC60_ENTCL	GCF_020991025.1_WP_152109250.1	43.590	86	83	90	78	43	1	3	79	1	78	9.35e-25	93.7
tr|A0A144RC60|A0A144RC60_ENTCL	GCF_025402875.1_WP_011791024.1	31.765	86	90	93	85	53	2	6	85	3	87	1.03e-24	93.7
tr|A0A144RC60|A0A144RC60_ENTCL	GCF_009730655.1_WP_156020461.1	38.462	86	92	90	78	47	1	4	80	1	78	1.25e-24	93.7
tr|A0A144RC60|A0A144RC60_ENTCL	GCF_017915135.1_WP_210390879.1	33.750	86	90	92	80	52	1	4	82	1	80	1.44e-24	93.5
tr|A0A144RC60|A0A144RC60_ENTCL	GCF_019047765.1_WP_040231149.1	30.588	86	89	98	85	58	1	1	84	1	85	2.08e-24	93.2
tr|A0A144RC60|A0A144RC60_ENTCL	GCF_003957745.1_WP_126168493.1	36.471	86	87	93	85	49	2	4	83	1	85	4.65e-24	92.1
tr|A0A144RC60|A0A144RC60_ENTCL	GCF_011397855.1_WP_044414183.1	37.179	86	90	90	78	48	1	4	80	1	78	7.91e-24	91.5
tr|A0A144RC60|A0A144RC60_ENTCL	GCF_002355475.1_WP_003455993.1	30.667	86	90	86	75	51	1	7	80	2	76	1.10e-23	91.2
tr|A0A144RC60|A0A144RC60_ENTCL	GCF_012767755.2_WP_173176508.1	33.333	86	91	90	78	48	2	4	80	1	75	2.69e-23	90.4
tr|A0A144RC60|A0A144RC60_ENTCL	GCF_012767755.2_WP_173171843.1	35.065	86	90	88	77	49	1	7	82	4	80	2.71e-23	90.4
tr|A0A144RC60|A0A144RC60_ENTCL	GCF_008807375.1_WP_151133519.1	28.000	86	90	86	75	53	1	7	80	2	76	4.61e-23	89.5
tr|A0A144RC60|A0A144RC60_ENTCL	GCF_016834455.1_WP_203325205.1	39.744	86	86	90	78	46	1	4	80	1	78	5.36e-23	89.5
tr|A0A144RC60|A0A144RC60_ENTCL	GCF_024971755.1_WP_259474826.1	32.143	86	88	92	84	52	2	6	84	3	86	5.38e-23	89.5
tr|A0A144RC60|A0A144RC60_ENTCL	GCF_000015245.1_WP_011761423.1	37.647	86	86	93	85	48	2	4	83	1	85	7.85e-23	89.0
tr|A0A144RC60|A0A144RC60_ENTCL	GCF_029457395.1_WP_024766443.1	36.471	86	92	88	85	45	2	6	81	3	87	7.88e-23	89.0
tr|A0A144RC60|A0A144RC60_ENTCL	GCF_014524625.1_WP_009050814.1	27.907	86	92	94	86	57	2	4	84	1	86	1.80e-22	88.1
tr|A0A144RC60|A0A144RC60_ENTCL	GCF_017329545.1_WP_047884589.1	39.130	86	95	79	69	41	1	3	70	1	69	1.92e-22	88.1
tr|A0A144RC60|A0A144RC60_ENTCL	GCF_008033135.1_WP_148717358.1	27.273	86	87	90	77	56	0	4	80	1	77	3.34e-22	87.3
tr|A0A144RC60|A0A144RC60_ENTCL	GCF_012971725.1_WP_169940133.1	36.000	86	92	81	75	43	1	6	75	3	77	4.35e-22	87.3
tr|A0A144RC60|A0A144RC60_ENTCL	GCF_017354925.1_WP_207321174.1	38.462	86	87	90	78	47	1	4	80	1	78	5.64e-22	86.7
tr|A0A144RC60|A0A144RC60_ENTCL	GCF_002215585.1_WP_088903590.1	27.059	86	89	94	85	58	1	4	84	1	85	9.87e-22	86.1
tr|A0A144RC60|A0A144RC60_ENTCL	GCF_017354965.1_WP_207380278.1	37.179	86	87	90	78	48	1	4	80	1	78	1.05e-21	86.1
tr|A0A144RC60|A0A144RC60_ENTCL	GCF_000801295.1_WP_171816254.1	30.380	86	99	88	79	52	1	1	76	1	79	4.98e-21	84.7
tr|A0A144RC60|A0A144RC60_ENTCL	GCF_000014885.1_WP_020912292.1	35.000	86	87	92	80	51	1	4	82	1	80	6.31e-21	84.2
tr|A0A144RC60|A0A144RC60_ENTCL	GCF_002005305.1_WP_077753428.1	34.940	86	86	91	83	49	2	6	83	3	85	1.47e-20	83.0
tr|A0A144RC60|A0A144RC60_ENTCL	GCF_024346675.1_WP_048897676.1	31.884	86	86	79	69	46	1	3	70	1	69	1.78e-20	83.0
tr|A0A144RC60|A0A144RC60_ENTCL	GCF_003025345.2_WP_003155955.1	35.294	86	91	92	85	49	1	4	82	1	85	6.88e-20	81.6
tr|A0A144RC60|A0A144RC60_ENTCL	GCF_000146165.2_WP_164925808.1	32.000	86	89	85	75	49	2	6	78	3	77	1.58e-19	80.5
tr|A0A144RC60|A0A144RC60_ENTCL	GCF_001020955.1_WP_047250467.1	36.364	86	82	85	77	45	2	1	73	1	77	2.21e-19	80.2
tr|A0A144RC60|A0A144RC60_ENTCL	GCF_003515105.1_WP_036973086.1	42.647	86	73	78	68	38	1	6	72	2	69	3.12e-19	79.7
tr|A0A144RC60|A0A144RC60_ENTCL	GCF_004358345.1_WP_121852852.1	35.714	86	76	80	70	44	1	3	71	1	70	3.52e-19	79.4
tr|A0A144RC60|A0A144RC60_ENTCL	GCF_000016065.1_WP_011864074.1	30.769	86	93	90	78	52	2	4	80	1	77	4.61e-19	79.4
tr|A0A144RC60|A0A144RC60_ENTCL	GCF_001677435.1_WP_068615618.1	37.143	86	90	79	70	41	3	3	70	1	69	5.37e-19	79.4
tr|A0A144RC60|A0A144RC60_ENTCL	GCF_020405345.1_WP_017780573.1	41.176	86	89	79	68	37	2	7	74	4	68	7.31e-19	78.8
tr|A0A144RC60|A0A144RC60_ENTCL	GCF_001007935.1_WP_046849946.1	27.536	86	84	79	69	49	1	6	73	2	70	1.84e-18	77.7
tr|A0A144RC60|A0A144RC60_ENTCL	GCF_016026875.1_WP_045525981.1	38.235	86	89	79	68	39	1	6	73	3	67	2.48e-18	77.7
tr|A0A144RC60|A0A144RC60_ENTCL	GCF_900637545.1_WP_042651794.1	35.211	86	84	83	71	43	1	4	74	1	68	3.81e-18	76.9
tr|A0A144RC60|A0A144RC60_ENTCL	GCF_020423125.1_WP_226170850.1	41.818	86	84	64	55	32	0	6	60	3	57	7.31e-18	76.3
tr|A0A144RC60|A0A144RC60_ENTCL	GCF_009938225.1_WP_075649723.1	34.177	86	82	86	79	47	2	10	83	2	80	8.15e-18	76.0
tr|A0A144RC60|A0A144RC60_ENTCL	GCF_008364325.2_WP_020826409.1	25.581	86	84	94	86	56	3	4	84	1	83	1.41e-17	75.5
tr|A0A144RC60|A0A144RC60_ENTCL	GCF_019669905.1_WP_054759186.1	39.623	86	79	60	53	31	1	8	59	3	55	1.43e-17	75.5
tr|A0A144RC60|A0A144RC60_ENTCL	GCF_007197555.1_WP_144048375.1	32.468	86	94	81	77	45	3	6	75	3	79	1.44e-17	75.7
tr|A0A144RC60|A0A144RC60_ENTCL	GCF_002218045.2_WP_089137819.1	37.500	86	79	79	72	41	2	6	73	5	76	1.46e-17	75.5
tr|A0A144RC60|A0A144RC60_ENTCL	GCF_002215215.1_WP_088918776.1	41.429	86	101	80	70	39	2	5	73	15	83	1.53e-17	75.7
tr|A0A144RC60|A0A144RC60_ENTCL	GCF_015209785.1_WP_193988300.1	42.647	86	73	78	68	38	1	6	72	2	69	1.57e-17	75.2
tr|A0A144RC60|A0A144RC60_ENTCL	GCF_000009145.1_WP_041356315.1	28.049	86	90	90	82	54	3	10	86	6	87	1.91e-17	75.5
tr|A0A144RC60|A0A144RC60_ENTCL	GCF_006742785.1_WP_172630283.1	32.787	86	88	70	61	40	1	8	67	3	63	3.32e-17	74.6
tr|A0A144RC60|A0A144RC60_ENTCL	GCF_028355655.1_WP_087756847.1	36.842	86	84	66	57	36	0	4	60	1	57	3.36e-17	74.6
tr|A0A144RC60|A0A144RC60_ENTCL	GCF_000968535.2_WP_014147785.1	29.231	86	84	74	65	44	2	8	71	4	67	3.47e-17	74.6
tr|A0A144RC60|A0A144RC60_ENTCL	GCF_002157225.2_WP_086934278.1	28.767	86	80	85	73	52	0	10	82	5	77	5.65e-17	74.0
tr|A0A144RC60|A0A144RC60_ENTCL	GCF_001651805.1_WP_067384150.1	35.135	86	78	80	74	43	3	4	72	1	74	6.99e-17	73.8
tr|A0A144RC60|A0A144RC60_ENTCL	GCF_020149575.1_WP_224431657.1	35.294	86	85	79	68	41	1	6	73	3	67	7.09e-17	73.8
tr|A0A144RC60|A0A144RC60_ENTCL	GCF_003967195.1_WP_172597571.1	33.784	86	83	80	74	44	2	3	71	2	75	7.72e-17	73.8
tr|A0A144RC60|A0A144RC60_ENTCL	GCF_000321415.2_WP_015260329.1	34.615	86	93	86	78	47	2	1	74	1	78	8.09e-17	73.8
tr|A0A144RC60|A0A144RC60_ENTCL	GCF_016127195.1_WP_042032742.1	32.759	86	89	67	58	39	0	4	61	1	58	2.03e-16	72.6
tr|A0A144RC60|A0A144RC60_ENTCL	GCF_000021985.1_WP_012639500.1	33.784	86	82	80	74	44	2	3	71	1	74	2.48e-16	72.4
tr|A0A144RC60|A0A144RC60_ENTCL	GCF_001558255.2_WP_005504861.1	32.099	86	82	87	81	49	3	10	84	2	82	2.73e-16	72.4
tr|A0A144RC60|A0A144RC60_ENTCL	GCF_000214665.1_WP_013819542.1	32.258	86	83	71	62	40	2	10	70	6	66	2.73e-16	72.4
tr|A0A144RC60|A0A144RC60_ENTCL	GCF_024360925.2_WP_255188929.1	33.871	86	83	71	62	39	2	10	70	6	66	2.75e-16	72.4
tr|A0A144RC60|A0A144RC60_ENTCL	GCF_000828615.1_WP_041064380.1	34.177	86	80	86	79	47	3	1	74	1	79	2.83e-16	72.1
tr|A0A144RC60|A0A144RC60_ENTCL	GCF_003015165.1_WP_106887831.1	36.842	86	84	66	57	36	0	4	60	1	57	3.52e-16	72.1
tr|A0A144RC60|A0A144RC60_ENTCL	GCF_014169735.1_WP_134997272.1	36.364	86	86	64	55	35	0	6	60	3	57	3.62e-16	72.1
tr|A0A144RC60|A0A144RC60_ENTCL	GCF_008693705.1_WP_127008315.1	36.842	86	84	66	57	36	0	4	60	1	57	4.26e-16	71.8
tr|A0A144RC60|A0A144RC60_ENTCL	GCF_000785705.2_WP_036272019.1	32.258	86	82	72	62	41	1	10	71	6	66	4.75e-16	71.5
tr|A0A144RC60|A0A144RC60_ENTCL	GCF_019703835.1_WP_087020305.1	33.333	86	79	90	81	47	2	10	86	1	78	6.16e-16	71.2
tr|A0A144RC60|A0A144RC60_ENTCL	GCF_000014765.1_WP_011633385.1	30.952	86	89	92	84	53	3	8	86	3	86	7.36e-16	71.2
tr|A0A144RC60|A0A144RC60_ENTCL	GCF_016026615.1_WP_197928313.1	31.579	86	89	66	57	39	0	4	60	1	57	8.77e-16	71.0
tr|A0A144RC60|A0A144RC60_ENTCL	GCF_014905115.1_WP_193151849.1	32.308	86	81	74	65	43	1	10	73	2	66	1.09e-15	70.7
tr|A0A144RC60|A0A144RC60_ENTCL	GCF_013343005.1_WP_078482823.1	36.842	86	84	83	76	43	2	3	73	1	76	1.28e-15	70.7
tr|A0A144RC60|A0A144RC60_ENTCL	GCF_005931095.1_WP_017839868.1	27.692	86	84	74	65	45	2	8	71	4	67	1.54e-15	70.4
tr|A0A144RC60|A0A144RC60_ENTCL	GCF_019797925.1_WP_193521737.1	36.923	86	80	76	65	41	0	10	74	2	66	1.68e-15	70.1
tr|A0A144RC60|A0A144RC60_ENTCL	GCF_000026085.1_WP_041454550.1	39.437	86	73	80	71	40	3	6	74	2	71	2.47e-15	69.5
tr|A0A144RC60|A0A144RC60_ENTCL	GCF_009068765.1_WP_151900329.1	30.769	86	81	74	65	44	1	10	73	2	66	2.56e-15	69.8
tr|A0A144RC60|A0A144RC60_ENTCL	GCF_009662475.1_WP_031573754.1	29.114	86	79	87	79	52	2	3	77	1	79	3.19e-15	69.5
tr|A0A144RC60|A0A144RC60_ENTCL	GCF_024746855.1_WP_260492542.1	33.846	86	79	76	65	43	0	10	74	2	66	4.93e-15	69.0
tr|A0A144RC60|A0A144RC60_ENTCL	GCF_009938185.1_WP_162048373.1	27.848	86	82	86	79	52	3	10	83	2	80	6.37e-15	68.7
tr|A0A144RC60|A0A144RC60_ENTCL	GCF_003966655.1_WP_113527441.1	29.412	86	77	79	68	48	0	3	70	1	68	6.40e-15	68.7
tr|A0A144RC60|A0A144RC60_ENTCL	GCF_000227685.2_WP_006746304.1	29.630	86	83	90	81	53	2	1	77	1	81	7.91e-15	68.4
tr|A0A144RC60|A0A144RC60_ENTCL	GCF_024347475.1_WP_239840920.1	33.333	86	83	72	63	41	1	10	71	2	64	8.42e-15	68.4
tr|A0A144RC60|A0A144RC60_ENTCL	GCF_013462805.1_WP_009566961.1	27.941	86	77	79	68	49	0	3	70	1	68	1.22e-14	67.9
tr|A0A144RC60|A0A144RC60_ENTCL	GCF_024347355.1_WP_105024956.1	30.159	86	83	72	63	43	1	10	71	2	64	1.38e-14	67.9
tr|A0A144RC60|A0A144RC60_ENTCL	GCF_024494545.1_WP_256384876.1	28.788	86	81	76	66	46	1	10	74	2	67	2.05e-14	67.3
tr|A0A144RC60|A0A144RC60_ENTCL	GCF_009938205.1_WP_075706454.1	32.911	86	82	86	79	48	2	10	83	2	80	2.60e-14	67.3
tr|A0A144RC60|A0A144RC60_ENTCL	GCF_019670125.1_WP_221076876.1	27.500	86	81	87	80	53	2	10	84	2	81	3.07e-14	67.0
tr|A0A144RC60|A0A144RC60_ENTCL	GCF_008329985.2_WP_149283950.1	34.921	86	81	72	63	40	1	10	71	2	64	4.49e-14	66.5
tr|A0A144RC60|A0A144RC60_ENTCL	GCF_002204915.1_WP_052690899.1	27.500	86	101	87	80	53	2	10	84	21	100	6.08e-14	66.7
tr|A0A144RC60|A0A144RC60_ENTCL	GCF_009755585.1_WP_157030071.1	31.646	86	85	87	79	47	2	3	77	1	76	6.39e-14	66.2
tr|A0A144RC60|A0A144RC60_ENTCL	GCF_022371215.1_WP_239718047.1	29.268	86	83	90	82	53	2	10	86	2	83	1.09e-13	65.6
tr|A0A144RC60|A0A144RC60_ENTCL	GCF_004001245.1_WP_127478562.1	31.250	86	85	87	80	50	2	1	75	1	80	1.11e-13	65.6
tr|A0A144RC60|A0A144RC60_ENTCL	GCF_003063625.1_WP_108601906.1	25.714	86	85	78	70	49	1	10	76	5	74	1.48e-13	65.3
tr|A0A144RC60|A0A144RC60_ENTCL	GCF_003990335.1_WP_127025819.1	26.562	86	91	74	64	47	0	10	73	6	69	1.76e-13	65.3
tr|A0A144RC60|A0A144RC60_ENTCL	GCF_002355415.1_WP_148665551.1	35.714	86	87	77	70	41	2	6	71	13	82	2.04e-13	65.0
tr|A0A144RC60|A0A144RC60_ENTCL	GCF_003346815.1_WP_114840342.1	33.333	86	82	84	75	44	2	3	74	1	72	2.50e-13	64.8
tr|A0A144RC60|A0A144RC60_ENTCL	GCF_000148645.1_WP_013347076.1	27.848	86	80	86	79	52	2	10	83	1	79	3.59e-13	64.2
tr|A0A144RC60|A0A144RC60_ENTCL	GCF_004328865.1_WP_104643907.1	36.923	86	83	76	65	39	1	10	74	2	64	3.93e-13	64.2
tr|A0A144RC60|A0A144RC60_ENTCL	GCF_002849875.1_WP_232379112.1	29.070	86	113	91	86	53	3	6	83	28	113	4.33e-13	64.8
tr|A0A144RC60|A0A144RC60_ENTCL	GCF_008632455.1_WP_150048082.1	25.758	86	84	77	66	49	0	9	74	5	70	4.43e-13	64.2
tr|A0A144RC60|A0A144RC60_ENTCL	GCF_003258315.1_WP_111337788.1	28.378	86	88	85	74	52	1	8	80	4	77	4.85e-13	63.9
tr|A0A144RC60|A0A144RC60_ENTCL	GCF_019670105.1_WP_040307707.1	27.692	86	81	74	65	46	1	10	73	2	66	4.90e-13	63.9
tr|A0A144RC60|A0A144RC60_ENTCL	GCF_019977755.1_WP_126608378.1	32.184	86	103	88	87	48	3	10	85	16	102	4.91e-13	64.2
tr|A0A144RC60|A0A144RC60_ENTCL	GCF_024347035.1_WP_102941394.1	27.500	86	81	87	80	53	2	10	84	2	81	5.39e-13	63.9
tr|A0A144RC60|A0A144RC60_ENTCL	GCF_001558415.2_WP_061055374.1	31.169	86	83	84	77	48	3	10	81	2	78	5.48e-13	63.9
tr|A0A144RC60|A0A144RC60_ENTCL	GCF_002407485.1_WP_096780111.1	28.750	86	81	87	80	52	2	10	84	2	81	7.00e-13	63.6
tr|A0A144RC60|A0A144RC60_ENTCL	GCF_001007875.1_WP_046858354.1	31.169	86	80	84	77	48	2	10	81	2	78	8.20e-13	63.4
tr|A0A144RC60|A0A144RC60_ENTCL	GCF_003668795.1_WP_054981706.1	33.333	86	83	72	63	41	1	10	71	2	64	8.82e-13	63.4
tr|A0A144RC60|A0A144RC60_ENTCL	GCF_024347195.1_WP_271272618.1	34.247	86	77	80	73	44	3	4	72	1	73	9.22e-13	63.1
tr|A0A144RC60|A0A144RC60_ENTCL	GCF_002221525.1_WP_089349457.1	30.000	86	83	87	80	51	2	10	84	2	81	9.63e-13	63.1
tr|A0A144RC60|A0A144RC60_ENTCL	GCF_000788395.1_WP_038641921.1	30.909	86	85	64	55	38	0	10	64	5	59	1.14e-12	63.1
tr|A0A144RC60|A0A144RC60_ENTCL	GCF_020844025.1_WP_215848879.1	30.882	86	77	79	68	47	0	3	70	1	68	1.18e-12	62.8
tr|A0A144RC60|A0A144RC60_ENTCL	GCF_005877035.1_WP_039486662.1	34.921	86	83	72	63	40	1	10	71	2	64	1.38e-12	62.8
tr|A0A144RC60|A0A144RC60_ENTCL	GCF_003568825.1_WP_040644076.1	26.471	86	83	74	68	46	1	10	73	2	69	1.40e-12	62.8
tr|A0A144RC60|A0A144RC60_ENTCL	GCF_014879975.1_WP_192888672.1	29.730	86	83	80	74	47	2	10	78	2	75	2.50e-12	62.2
tr|A0A144RC60|A0A144RC60_ENTCL	GCF_001999225.1_WP_077537996.1	32.308	86	82	76	65	42	1	10	74	2	64	2.79e-12	61.9
tr|A0A144RC60|A0A144RC60_ENTCL	GCF_024362845.1_WP_255230807.1	24.051	86	82	86	79	55	2	10	83	2	80	3.21e-12	61.9
tr|A0A144RC60|A0A144RC60_ENTCL	GCF_024582835.1_WP_257083279.1	29.268	86	87	90	82	53	2	10	86	2	83	3.41e-12	61.9
tr|A0A144RC60|A0A144RC60_ENTCL	GCF_009938015.1_WP_223264517.1	33.333	86	90	85	78	47	3	1	73	1	78	3.45e-12	61.9
tr|A0A144RC60|A0A144RC60_ENTCL	GCF_000238395.3_WP_010553578.1	33.333	86	83	72	63	41	1	10	71	2	64	3.71e-12	61.7
tr|A0A144RC60|A0A144RC60_ENTCL	GCF_024347675.1_WP_261835500.1	28.750	86	81	87	80	52	2	10	84	2	81	3.89e-12	61.7
tr|A0A144RC60|A0A144RC60_ENTCL	GCF_008369605.1_WP_000253074.1	33.846	86	81	74	65	42	1	10	73	2	66	4.45e-12	61.4
tr|A0A144RC60|A0A144RC60_ENTCL	GCF_001955715.1_WP_029708890.1	29.730	86	80	81	74	45	2	4	73	1	71	4.52e-12	61.4
tr|A0A144RC60|A0A144RC60_ENTCL	GCF_001596155.1_WP_068342236.1	30.137	86	90	80	73	44	2	3	71	1	70	5.21e-12	61.4
tr|A0A144RC60|A0A144RC60_ENTCL	GCF_002355735.1_WP_096359192.1	31.429	86	83	77	70	44	2	5	70	8	77	8.07e-12	60.8
tr|A0A144RC60|A0A144RC60_ENTCL	GCF_001455205.1_WP_062560013.1	28.125	86	84	74	64	46	0	10	73	6	69	8.14e-12	60.8
tr|A0A144RC60|A0A144RC60_ENTCL	GCF_024347635.1_WP_139683960.1	26.829	86	83	90	82	55	2	10	86	2	83	8.33e-12	60.8
tr|A0A144RC60|A0A144RC60_ENTCL	GCF_000014785.1_WP_011630183.1	29.730	86	83	81	74	48	2	4	73	7	80	9.02e-12	60.8
tr|A0A144RC60|A0A144RC60_ENTCL	GCF_024347495.1_WP_137371745.1	27.692	86	80	74	65	46	1	10	73	2	66	9.15e-12	60.5
tr|A0A144RC60|A0A144RC60_ENTCL	GCF_001831495.1_WP_068547707.1	28.333	86	81	69	60	42	1	10	68	2	61	9.91e-12	60.5
tr|A0A144RC60|A0A144RC60_ENTCL	GCF_024347455.1_WP_135458404.1	26.829	86	83	90	82	55	2	10	86	2	83	1.23e-11	60.3
tr|A0A144RC60|A0A144RC60_ENTCL	GCF_024347215.1_WP_261843265.1	34.247	86	77	80	73	44	3	4	72	1	73	1.50e-11	60.0
tr|A0A144RC60|A0A144RC60_ENTCL	GCF_024347255.1_WP_091360415.1	32.432	86	79	80	74	45	2	4	72	1	74	1.69e-11	60.0
tr|A0A144RC60|A0A144RC60_ENTCL	GCF_000019525.1_WP_012323084.1	32.258	86	81	71	62	41	1	10	70	2	63	1.83e-11	60.0
tr|A0A144RC60|A0A144RC60_ENTCL	GCF_001995825.2_WP_017057338.1	25.610	86	83	90	82	56	2	10	86	2	83	1.83e-11	60.0
tr|A0A144RC60|A0A144RC60_ENTCL	GCF_002214395.1_WP_010453422.1	26.923	86	81	85	78	52	2	12	84	4	81	1.95e-11	59.7
tr|A0A144RC60|A0A144RC60_ENTCL	GCF_001456255.1_WP_020335096.1	24.359	86	81	85	78	54	2	12	84	4	81	2.12e-11	59.7
tr|A0A144RC60|A0A144RC60_ENTCL	GCF_024347595.1_WP_176681244.1	26.829	86	83	90	82	55	2	10	86	2	83	2.16e-11	59.7
tr|A0A144RC60|A0A144RC60_ENTCL	GCF_000091465.1_WP_004733849.1	25.610	86	83	90	82	56	2	10	86	2	83	2.19e-11	59.7
tr|A0A144RC60|A0A144RC60_ENTCL	GCF_024347655.1_WP_060467732.1	26.829	86	83	90	82	55	2	10	86	2	83	2.72e-11	59.4
tr|A0A144RC60|A0A144RC60_ENTCL	GCF_000772105.1_WP_004748349.1	30.159	86	81	72	63	43	1	10	71	2	64	3.56e-11	59.1
tr|A0A144RC60|A0A144RC60_ENTCL	GCF_003970675.1_WP_126615366.1	27.536	86	76	80	69	46	2	6	74	9	73	3.67e-11	59.1
tr|A0A144RC60|A0A144RC60_ENTCL	GCF_003584645.1_WP_197716612.1	24.390	86	80	91	82	55	2	3	80	1	79	3.73e-11	59.1
tr|A0A144RC60|A0A144RC60_ENTCL	GCF_018736065.1_WP_144074266.1	27.778	86	76	84	72	48	2	6	77	9	76	3.81e-11	59.1
tr|A0A144RC60|A0A144RC60_ENTCL	GCF_026427595.1_WP_251812951.1	32.836	86	88	72	67	40	3	12	73	7	73	5.98e-11	58.9
tr|A0A144RC60|A0A144RC60_ENTCL	GCF_900233005.1_WP_102521318.1	25.316	86	81	86	79	54	2	10	83	2	80	6.66e-11	58.6
tr|A0A144RC60|A0A144RC60_ENTCL	GCF_002762215.1_WP_085750011.1	28.767	86	87	80	73	45	3	4	72	3	72	1.20e-10	58.0
tr|A0A144RC60|A0A144RC60_ENTCL	GCF_001507645.1_WP_068195976.1	31.507	86	90	80	73	43	2	3	71	1	70	1.38e-10	57.7
tr|A0A144RC60|A0A144RC60_ENTCL	GCF_017638925.1_WP_208844867.1	26.562	86	81	74	64	47	0	10	73	2	65	1.62e-10	57.4
tr|A0A144RC60|A0A144RC60_ENTCL	GCF_024347275.1_WP_019620968.1	30.137	86	82	79	73	46	3	6	73	3	75	1.67e-10	57.4
tr|A0A144RC60|A0A144RC60_ENTCL	GCF_002906475.1_WP_012130247.1	24.675	86	81	84	77	53	2	12	83	4	80	2.02e-10	57.2
tr|A0A144RC60|A0A144RC60_ENTCL	GCF_000940995.1_WP_082060442.1	27.059	86	93	98	85	61	1	3	86	1	85	2.19e-10	57.4
tr|A0A144RC60|A0A144RC60_ENTCL	GCF_023733635.1_WP_039959400.1	29.630	86	89	88	81	52	2	4	79	1	81	2.97e-10	56.9
tr|A0A144RC60|A0A144RC60_ENTCL	GCF_002021755.1_WP_005434844.1	24.675	86	81	84	77	53	2	12	83	4	80	3.13e-10	56.9
tr|A0A144RC60|A0A144RC60_ENTCL	GCF_022811645.1_WP_243511723.1	29.114	86	90	87	79	49	2	3	77	1	76	3.27e-10	56.9
tr|A0A144RC60|A0A144RC60_ENTCL	GCF_002157895.1_WP_227874980.1	23.750	86	82	87	80	56	2	10	84	3	82	3.36e-10	56.6
tr|A0A144RC60|A0A144RC60_ENTCL	GCF_000006765.1_NP_249630.1	38.462	86	108	69	65	34	1	4	62	1	65	3.66e-10	57.2
tr|A0A144RC60|A0A144RC60_ENTCL	GCF_008931805.1_WP_019441510.1	27.692	86	81	74	65	46	1	10	73	2	66	4.29e-10	56.3
tr|A0A144RC60|A0A144RC60_ENTCL	GCF_006337165.1_WP_139515111.1	32.099	86	82	88	81	47	2	3	78	1	78	4.99e-10	56.3
tr|A0A144RC60|A0A144RC60_ENTCL	GCF_000770115.1_WP_069687890.1	23.377	86	81	84	77	54	2	12	83	4	80	5.03e-10	56.3
tr|A0A144RC60|A0A144RC60_ENTCL	GCF_000012325.1_WP_011045621.1	31.034	86	84	67	58	40	0	10	67	5	62	5.04e-10	56.3
tr|A0A144RC60|A0A144RC60_ENTCL	GCF_019670485.1_WP_221071211.1	25.974	86	81	84	77	52	2	12	83	4	80	5.45e-10	56.0
tr|A0A144RC60|A0A144RC60_ENTCL	GCF_004028275.1_WP_128384077.1	24.638	86	77	76	69	48	2	9	73	2	70	7.60e-10	55.8
tr|A0A144RC60|A0A144RC60_ENTCL	GCF_000212735.1_WP_013764159.1	27.632	86	83	84	76	48	2	1	72	1	73	1.12e-09	55.5
tr|A0A144RC60|A0A144RC60_ENTCL	GCF_013201725.1_WP_014475480.1	29.730	86	74	83	74	46	2	3	73	1	71	1.17e-09	55.2
tr|A0A144RC60|A0A144RC60_ENTCL	GCF_003149515.1_WP_109656005.1	28.571	86	90	85	77	48	3	3	75	1	74	1.44e-09	55.2
tr|A0A144RC60|A0A144RC60_ENTCL	GCF_003353065.1_WP_114983154.1	27.632	86	84	84	76	48	3	1	72	1	73	1.60e-09	54.9
tr|A0A144RC60|A0A144RC60_ENTCL	GCF_001431725.1_WP_021820278.1	30.159	86	81	72	63	43	1	10	71	2	64	1.65e-09	54.9
tr|A0A144RC60|A0A144RC60_ENTCL	GCF_004355185.1_WP_133271280.1	31.250	86	81	87	80	47	2	4	78	1	77	2.02e-09	54.6
tr|A0A144RC60|A0A144RC60_ENTCL	GCF_002142475.1_WP_026148861.1	29.114	86	86	87	79	49	2	4	78	1	76	2.20e-09	54.6
tr|A0A144RC60|A0A144RC60_ENTCL	GCF_017742995.1_WP_247749573.1	50.000	86	48	42	36	18	0	10	45	2	37	2.29e-09	54.1
tr|A0A144RC60|A0A144RC60_ENTCL	GCF_006364355.1_WP_004727652.1	23.377	86	83	84	77	54	2	10	81	2	78	3.05e-09	54.4
tr|A0A144RC60|A0A144RC60_ENTCL	GCF_024347675.1_WP_261833361.1	37.209	86	54	50	43	27	0	10	52	2	44	3.14e-09	53.8
tr|A0A144RC60|A0A144RC60_ENTCL	GCF_000092245.1_WP_013136435.1	32.394	86	76	79	71	42	2	7	74	2	69	3.25e-09	54.1
tr|A0A144RC60|A0A144RC60_ENTCL	GCF_010093065.1_WP_238430213.1	26.582	86	83	87	79	51	2	1	75	2	77	3.41e-09	54.1
tr|A0A144RC60|A0A144RC60_ENTCL	GCF_013283835.1_WP_071626507.1	30.667	86	83	84	75	46	3	3	74	1	72	3.43e-09	54.1
tr|A0A144RC60|A0A144RC60_ENTCL	GCF_009363415.1_WP_152430616.1	20.253	86	84	86	79	58	2	10	83	2	80	4.53e-09	53.8
tr|A0A144RC60|A0A144RC60_ENTCL	GCF_000024825.1_WP_005460845.1	24.359	86	81	85	78	54	2	12	84	4	81	4.90e-09	53.8
tr|A0A144RC60|A0A144RC60_ENTCL	GCF_013282625.1_WP_173286717.1	29.231	86	67	76	65	43	1	9	73	2	63	6.45e-09	53.2
tr|A0A144RC60|A0A144RC60_ENTCL	GCF_000576555.1_WP_044000633.1	30.769	86	83	85	78	46	2	6	78	5	79	7.71e-09	53.2
tr|A0A144RC60|A0A144RC60_ENTCL	GCF_027625995.1_WP_270126807.1	29.630	86	82	88	81	49	2	3	78	1	78	8.61e-09	53.2
tr|A0A144RC60|A0A144RC60_ENTCL	GCF_008122265.1_WP_148863603.1	24.658	86	84	79	73	46	4	4	71	1	69	8.89e-09	53.2
tr|A0A144RC60|A0A144RC60_ENTCL	GCF_022827545.1_WP_243798205.1	30.864	86	82	88	81	48	2	3	78	1	78	9.85e-09	52.9
tr|A0A144RC60|A0A144RC60_ENTCL	GCF_003967275.1_WP_197721837.1	28.378	86	78	81	74	49	3	3	72	1	74	1.03e-08	52.9
tr|A0A144RC60|A0A144RC60_ENTCL	GCF_002887615.1_WP_038869703.1	23.377	86	81	84	77	54	2	12	83	4	80	1.15e-08	52.7
tr|A0A144RC60|A0A144RC60_ENTCL	GCF_004293625.1_WP_130538367.1	40.426	86	71	55	47	28	0	9	55	2	48	1.25e-08	52.4
tr|A0A144RC60|A0A144RC60_ENTCL	GCF_003574965.1_WP_119445661.1	28.395	86	82	88	81	50	2	3	78	1	78	1.31e-08	52.7
tr|A0A144RC60|A0A144RC60_ENTCL	GCF_000024005.1_WP_012793320.1	26.923	86	84	86	78	50	2	2	75	3	77	1.36e-08	52.7
tr|A0A144RC60|A0A144RC60_ENTCL	GCF_000238255.3_WP_010559905.1	26.415	86	86	62	53	39	0	10	62	5	57	1.64e-08	52.4
tr|A0A144RC60|A0A144RC60_ENTCL	GCF_006385555.1_WP_140234395.1	40.426	86	87	52	47	26	1	9	53	3	49	2.16e-08	52.1
tr|A0A144RC60|A0A144RC60_ENTCL	GCF_000019185.1_WP_012277931.1	29.630	86	100	62	54	37	1	10	62	2	55	2.30e-08	52.4
tr|A0A144RC60|A0A144RC60_ENTCL	GCF_004214795.1_WP_130234502.1	21.519	86	78	88	79	56	2	3	78	1	76	2.74e-08	51.8
tr|A0A144RC60|A0A144RC60_ENTCL	GCF_005166025.1_WP_137090244.1	32.000	86	84	83	75	44	2	3	73	1	72	2.76e-08	51.8
tr|A0A144RC60|A0A144RC60_ENTCL	GCF_013137895.1_WP_135435790.1	30.488	86	83	90	82	48	3	1	77	1	78	2.87e-08	51.8
tr|A0A144RC60|A0A144RC60_ENTCL	GCF_001956695.1_WP_076086043.1	26.667	86	77	84	75	49	2	4	75	1	72	2.97e-08	51.5
tr|A0A144RC60|A0A144RC60_ENTCL	GCF_008728635.1_WP_151087836.1	28.767	86	90	80	73	45	4	3	71	1	70	3.32e-08	51.8
tr|A0A144RC60|A0A144RC60_ENTCL	GCF_013177675.1_WP_172128285.1	24.000	86	81	84	75	51	2	3	74	1	72	6.00e-08	51.0
tr|A0A144RC60|A0A144RC60_ENTCL	GCF_003544915.1_WP_118918525.1	27.632	86	73	85	76	49	2	3	75	1	73	7.05e-08	50.7
tr|A0A144RC60|A0A144RC60_ENTCL	GCF_001444405.1_WP_058032142.1	28.571	86	87	72	63	44	1	10	71	2	64	7.10e-08	51.0
tr|A0A144RC60|A0A144RC60_ENTCL	GCF_001705075.2_WP_065970077.1	26.389	86	78	79	72	49	2	3	70	1	72	7.80e-08	50.7
tr|A0A144RC60|A0A144RC60_ENTCL	GCF_003346775.1_WP_114843067.1	28.947	86	84	85	76	48	2	3	75	1	73	1.20e-07	50.1
tr|A0A144RC60|A0A144RC60_ENTCL	GCF_902810445.1_WP_197744199.1	24.286	86	78	77	70	46	3	7	72	4	70	1.66e-07	49.9
tr|A0A144RC60|A0A144RC60_ENTCL	GCF_013201935.1_WP_129014602.1	25.676	86	72	83	74	49	2	3	73	1	71	1.80e-07	49.6
tr|A0A144RC60|A0A144RC60_ENTCL	GCF_013201665.1_WP_128358834.1	28.169	86	76	79	71	45	2	7	74	2	69	1.84e-07	49.6
tr|A0A144RC60|A0A144RC60_ENTCL	GCF_010093065.1_WP_162331416.1	26.316	86	84	84	76	49	3	4	75	5	77	2.22e-07	49.6
tr|A0A144RC60|A0A144RC60_ENTCL	GCF_023650495.1_WP_250655372.1	25.000	86	88	51	44	33	0	8	51	3	46	2.35e-07	49.6
tr|A0A144RC60|A0A144RC60_ENTCL	GCF_012295615.1_WP_007018284.1	20.779	86	81	84	77	56	2	12	83	4	80	2.58e-07	49.3
tr|A0A144RC60|A0A144RC60_ENTCL	GCF_009937995.1_WP_179954406.1	25.333	86	79	81	75	51	2	4	73	1	75	3.72e-07	49.0
tr|A0A144RC60|A0A144RC60_ENTCL	GCF_003722295.1_WP_010573895.1	28.947	86	75	81	76	45	2	4	73	1	73	3.78e-07	48.7
tr|A0A144RC60|A0A144RC60_ENTCL	GCF_013177635.1_WP_129095542.1	25.676	86	72	83	74	49	2	3	73	1	71	3.79e-07	48.7
tr|A0A144RC60|A0A144RC60_ENTCL	GCF_001956695.1_WP_076086034.1	27.778	86	77	79	72	45	3	7	74	2	70	5.71e-07	48.4
tr|A0A144RC60|A0A144RC60_ENTCL	GCF_000014705.1_WP_011637758.1	36.364	86	88	38	33	21	0	9	41	3	35	6.02e-07	48.4
tr|A0A144RC60|A0A144RC60_ENTCL	GCF_016613475.2_WP_200606805.1	25.000	86	90	83	76	49	3	1	71	1	73	6.32e-07	48.4
tr|A0A144RC60|A0A144RC60_ENTCL	GCF_011398355.1_WP_173270160.1	26.667	86	65	70	60	41	1	9	68	2	58	6.45e-07	48.2
tr|A0A144RC60|A0A144RC60_ENTCL	GCF_003855395.1_WP_124730567.1	36.364	86	88	38	33	21	0	9	41	3	35	7.06e-07	48.4
tr|A0A144RC60|A0A144RC60_ENTCL	GCF_013177635.1_WP_129095951.1	28.169	86	76	79	71	45	2	7	74	2	69	1.14e-06	47.6
tr|A0A144RC60|A0A144RC60_ENTCL	GCF_013283835.1_WP_071625892.1	27.027	86	79	79	74	45	2	7	74	2	72	1.42e-06	47.3
tr|A0A144RC60|A0A144RC60_ENTCL	GCF_002557795.1_WP_098194977.1	27.397	86	89	78	73	44	2	6	72	7	76	1.44e-06	47.6
tr|A0A144RC60|A0A144RC60_ENTCL	GCF_013201935.1_WP_128987185.1	26.761	86	76	79	71	46	2	7	74	2	69	1.53e-06	47.3
tr|A0A144RC60|A0A144RC60_ENTCL	GCF_021654855.1_WP_237262080.1	26.471	86	70	74	68	43	2	10	73	3	67	1.66e-06	47.0
tr|A0A144RC60|A0A144RC60_ENTCL	GCF_008807855.1_WP_063240334.1	22.973	86	83	81	74	50	2	2	71	3	73	1.67e-06	47.3
tr|A0A144RC60|A0A144RC60_ENTCL	GCF_000265505.1_WP_014796533.1	23.256	86	97	87	86	55	2	4	78	3	88	1.73e-06	47.6
tr|A0A144RC60|A0A144RC60_ENTCL	GCF_001442805.1_WP_057942092.1	25.714	86	88	77	70	45	2	6	71	7	73	1.81e-06	47.3
tr|A0A144RC60|A0A144RC60_ENTCL	GCF_000018285.1_WP_012155987.1	28.261	86	102	53	46	33	0	10	55	2	47	3.41e-06	46.8
tr|A0A144RC60|A0A144RC60_ENTCL	GCF_013201665.1_WP_128359868.1	24.390	86	81	92	82	56	2	3	81	1	79	4.17e-06	46.2
tr|A0A144RC60|A0A144RC60_ENTCL	GCF_020511155.1_WP_226415657.1	23.529	86	87	40	34	26	0	8	41	3	36	1.07e-05	45.4
tr|A0A144RC60|A0A144RC60_ENTCL	GCF_000317575.1_WP_015193670.1	28.169	86	74	78	71	44	4	7	73	4	71	1.31e-05	44.8
tr|A0A144RC60|A0A144RC60_ENTCL	GCF_003544815.1_WP_118886031.1	28.169	86	76	79	71	45	2	7	74	2	69	1.47e-05	44.8
tr|A0A144RC60|A0A144RC60_ENTCL	GCF_001050135.1_WP_048644179.1	26.316	86	88	84	76	49	3	1	72	1	73	1.51e-05	44.8
tr|A0A144RC60|A0A144RC60_ENTCL	GCF_003955735.1_WP_126127786.1	29.577	86	91	78	71	43	4	5	71	7	74	1.75e-05	44.8
tr|A0A144RC60|A0A144RC60_ENTCL	GCF_013177675.1_WP_172126669.1	32.394	86	77	79	71	42	3	7	74	2	69	2.38e-05	44.2
tr|A0A144RC60|A0A144RC60_ENTCL	GCF_000143085.1_WP_013221711.1	26.389	86	82	79	72	46	4	4	71	1	69	2.51e-05	44.2
tr|A0A144RC60|A0A144RC60_ENTCL	GCF_000147355.1_WP_013326989.1	25.000	86	67	69	64	43	2	23	81	1	64	2.53e-05	43.9
tr|A0A144RC60|A0A144RC60_ENTCL	GCF_000013765.1_WP_011496543.1	25.714	86	106	76	70	47	2	10	74	23	92	2.94e-05	44.5
tr|A0A144RC60|A0A144RC60_ENTCL	GCF_011398355.1_WP_173270199.1	25.000	86	66	70	60	42	1	9	68	2	58	3.26e-05	43.7
tr|A0A144RC60|A0A144RC60_ENTCL	GCF_000973725.1_WP_046311560.1	25.974	86	91	85	77	50	2	3	75	1	74	4.57e-05	43.7
tr|A0A144RC60|A0A144RC60_ENTCL	GCF_010119975.1_WP_162445115.1	30.556	86	365	79	72	42	3	4	71	8	75	4.70e-05	46.2
tr|A0A144RC60|A0A144RC60_ENTCL	GCF_002356115.1_WP_096526481.1	22.222	86	78	79	72	49	3	4	71	1	69	5.79e-05	43.4
tr|A0A144RC60|A0A144RC60_ENTCL	GCF_004421105.1_WP_134356453.1	25.352	86	80	78	71	46	4	4	70	1	68	8.12e-05	42.8
tr|A0A144RC60|A0A144RC60_ENTCL	GCF_000012805.1_WP_011330264.1	25.000	86	85	79	72	47	4	4	71	1	69	8.22e-05	43.1
tr|A0A144RC60|A0A144RC60_ENTCL	GCF_004798725.1_WP_010811758.1	25.676	86	83	81	74	48	2	2	71	3	73	9.80e-05	42.8
tr|A0A144RC60|A0A144RC60_ENTCL	GCF_020091585.1_WP_224339804.1	24.658	86	82	80	73	48	3	4	72	1	70	1.05e-04	42.5
tr|A0A144RC60|A0A144RC60_ENTCL	GCF_026278345.1_WP_266369249.1	26.027	86	90	80	73	47	2	4	72	1	70	1.56e-04	42.3
tr|A0A144RC60|A0A144RC60_ENTCL	GCF_019891175.1_WP_225938383.1	25.000	86	93	84	76	49	4	1	72	7	78	1.58e-04	42.3
tr|A0A144RC60|A0A144RC60_ENTCL	GCF_019931735.1_WP_223417223.1	27.907	86	87	50	43	31	0	10	52	4	46	1.58e-04	42.3
tr|A0A144RC60|A0A144RC60_ENTCL	GCF_000222485.1_WP_014022977.1	22.368	86	85	84	76	52	3	1	72	1	73	2.82e-04	41.7
tr|A0A144RC60|A0A144RC60_ENTCL	GCF_018389385.1_WP_218082190.1	21.622	86	91	81	74	51	2	2	71	13	83	4.27e-04	41.1
tr|A0A144RC60|A0A144RC60_ENTCL	GCF_000317125.1_WP_015155280.1	22.500	86	81	88	80	55	3	4	79	1	77	4.78e-04	40.9
tr|A0A144RC60|A0A144RC60_ENTCL	GCF_002309535.1_WP_096047558.1	27.536	86	88	77	69	44	2	9	74	4	69	6.46e-04	40.9
tr|A0A144RC60|A0A144RC60_ENTCL	GCF_000024725.1_WP_013031543.1	22.535	86	81	78	71	48	3	4	70	1	68	7.80e-04	40.3
tr|A0A144RC60|A0A144RC60_ENTCL	GCF_001027285.1_WP_047859305.1	24.490	86	80	57	49	37	0	12	60	12	60	8.58e-04	40.3
tr|A0A144RC60|A0A144RC60_ENTCL	GCF_011398155.1_WP_173291533.1	21.538	86	71	74	65	47	2	10	73	3	64	0.001	40.0
tr|A0A144RC60|A0A144RC60_ENTCL	GCF_003346815.1_WP_114840344.1	28.000	86	84	84	75	47	4	3	74	1	71	0.002	39.7
tr|A0A144RC60|A0A144RC60_ENTCL	GCF_000017845.1_WP_009544142.1	35.714	86	813	65	56	27	1	15	70	377	423	0.002	41.7
tr|A0A144RC60|A0A144RC60_ENTCL	GCF_001723605.1_WP_069479051.1	26.471	86	76	76	68	44	2	10	74	5	69	0.002	39.2
tr|A0A144RC60|A0A144RC60_ENTCL	GCF_000568815.1_WP_025346049.1	25.714	86	76	78	70	46	2	8	74	3	69	0.003	39.2
tr|A0A144RC60|A0A144RC60_ENTCL	GCF_000265295.1_WP_014770430.1	25.714	86	76	78	70	46	2	8	74	3	69	0.005	38.3
tr|A0A144RC60|A0A144RC60_ENTCL	GCF_000484535.1_WP_023173213.1	32.258	86	91	71	62	41	1	12	72	24	85	0.006	38.3
# PSIBLAST 2.13.0+
# Iteration: 3
# Query: tr|A0A144RC60|A0A144RC60_ENTCL Transcriptional antiterminator Rof OS=Enterobacter cloacae OX=550 GN=rof PE=4 SV=1
# Database: db/chosen-bacteria_proteome_exDup
# Fields: query id, subject id, % identity, query length, subject length, % query coverage per subject, alignment length, mismatches, gap opens, q. start, q. end, s. start, s. end, evalue, bit score
# 462 hits found
tr|A0A144RC60|A0A144RC60_ENTCL	GCF_001461805.1_WP_013367515.1	88.372	86	86	100	86	10	0	1	86	1	86	1.24e-42	139
tr|A0A144RC60|A0A144RC60_ENTCL	GCF_009176645.1_WP_152083529.1	94.186	86	86	100	86	5	0	1	86	1	86	1.30e-42	139
tr|A0A144RC60|A0A144RC60_ENTCL	GCF_009036245.1_WP_025756830.1	95.349	86	86	100	86	4	0	1	86	1	86	1.65e-42	139
tr|A0A144RC60|A0A144RC60_ENTCL	GCF_001518835.1_WP_059308693.1	91.860	86	86	100	86	7	0	1	86	1	86	1.75e-42	139
tr|A0A144RC60|A0A144RC60_ENTCL	GCF_020097475.1_WP_000062318.1	89.535	86	86	100	86	9	0	1	86	1	86	2.87e-42	138
tr|A0A144RC60|A0A144RC60_ENTCL	GCF_003594935.2_WP_006173581.1	96.512	86	86	100	86	3	0	1	86	1	86	3.94e-42	137
tr|A0A144RC60|A0A144RC60_ENTCL	GCF_001683395.1_WP_017458015.1	84.884	86	86	100	86	13	0	1	86	1	86	4.07e-42	137
tr|A0A144RC60|A0A144RC60_ENTCL	GCF_021172065.1_WP_015965827.1	84.884	86	86	100	86	13	0	1	86	1	86	4.48e-42	137
tr|A0A144RC60|A0A144RC60_ENTCL	GCF_001658025.2_WP_007373243.1	83.721	86	86	100	86	14	0	1	86	1	86	4.93e-42	137
tr|A0A144RC60|A0A144RC60_ENTCL	GCF_000224675.1_WP_010426685.1	96.512	86	86	100	86	3	0	1	86	1	86	5.73e-42	137
tr|A0A144RC60|A0A144RC60_ENTCL	GCF_027886705.1_WP_061497537.1	83.721	86	86	100	86	14	0	1	86	1	86	6.35e-42	137
tr|A0A144RC60|A0A144RC60_ENTCL	GCF_001022135.1_WP_039078449.1	89.535	86	86	100	86	9	0	1	86	1	86	7.27e-42	137
tr|A0A144RC60|A0A144RC60_ENTCL	GCF_007632255.1_WP_015368146.1	82.558	86	86	100	86	15	0	1	86	1	86	7.69e-42	137
tr|A0A144RC60|A0A144RC60_ENTCL	GCF_015137655.1_WP_028015593.1	95.349	86	86	100	86	4	0	1	86	1	86	8.26e-42	137
tr|A0A144RC60|A0A144RC60_ENTCL	GCF_001729805.1_WP_008501890.1	96.512	86	86	100	86	3	0	1	86	1	86	9.38e-42	137
tr|A0A144RC60|A0A144RC60_ENTCL	GCF_000006925.2_NP_706134.1	88.372	86	86	100	86	10	0	1	86	1	86	1.03e-41	137
tr|A0A144RC60|A0A144RC60_ENTCL	GCF_025914095.1_WP_031518416.1	93.023	86	86	100	86	6	0	1	86	1	86	1.11e-41	136
tr|A0A144RC60|A0A144RC60_ENTCL	GCF_001750725.1_WP_014168720.1	98.837	86	86	100	86	1	0	1	86	1	86	1.32e-41	136
tr|A0A144RC60|A0A144RC60_ENTCL	GCF_009363135.1_WP_090122691.1	83.721	86	86	100	86	14	0	1	86	1	86	1.46e-41	136
tr|A0A144RC60|A0A144RC60_ENTCL	GCF_019048625.1_WP_023305471.1	94.186	86	86	100	86	5	0	1	86	1	86	1.96e-41	136
tr|A0A144RC60|A0A144RC60_ENTCL	GCF_023195735.1_WP_035891978.1	82.558	86	86	100	86	15	0	1	86	1	86	2.81e-41	136
tr|A0A144RC60|A0A144RC60_ENTCL	GCF_001277255.1_WP_007666633.1	86.047	86	86	100	86	12	0	1	86	1	86	3.17e-41	135
tr|A0A144RC60|A0A144RC60_ENTCL	GCF_009649915.1_WP_062772223.1	83.721	86	86	100	86	14	0	1	86	1	86	3.57e-41	135
tr|A0A144RC60|A0A144RC60_ENTCL	GCF_004353845.1_WP_103768334.1	87.209	86	86	100	86	11	0	1	86	1	86	3.83e-41	135
tr|A0A144RC60|A0A144RC60_ENTCL	GCF_004684345.1_WP_135323069.1	86.047	86	86	100	86	12	0	1	86	1	86	4.05e-41	135
tr|A0A144RC60|A0A144RC60_ENTCL	GCF_003812345.1_WP_003018503.1	88.372	86	86	100	86	10	0	1	86	1	86	4.11e-41	135
tr|A0A144RC60|A0A144RC60_ENTCL	GCF_001558935.2_WP_042323659.1	88.372	86	86	100	86	10	0	1	86	1	86	4.53e-41	135
tr|A0A144RC60|A0A144RC60_ENTCL	GCF_016904755.1_WP_059234959.1	88.235	86	86	99	85	10	0	1	85	1	85	4.82e-41	135
tr|A0A144RC60|A0A144RC60_ENTCL	GCF_021278985.1_WP_012904575.1	88.372	86	86	100	86	10	0	1	86	1	86	4.98e-41	135
tr|A0A144RC60|A0A144RC60_ENTCL	GCF_001277175.1_WP_007760020.1	84.884	86	86	100	86	13	0	1	86	1	86	5.02e-41	135
tr|A0A144RC60|A0A144RC60_ENTCL	GCF_900638065.1_WP_048212636.1	87.209	86	86	100	86	11	0	1	86	1	86	5.98e-41	135
tr|A0A144RC60|A0A144RC60_ENTCL	GCF_022637515.1_WP_064539750.1	86.047	86	86	100	86	12	0	1	86	1	86	6.63e-41	134
tr|A0A144RC60|A0A144RC60_ENTCL	GCF_003812925.1_WP_004107903.1	84.884	86	86	100	86	13	0	1	86	1	86	6.95e-41	134
tr|A0A144RC60|A0A144RC60_ENTCL	GCF_018128425.1_WP_042289833.1	90.698	86	86	100	86	8	0	1	86	1	86	7.29e-41	134
tr|A0A144RC60|A0A144RC60_ENTCL	GCF_001277195.1_WP_032966924.1	86.047	86	86	100	86	12	0	1	86	1	86	7.77e-41	134
tr|A0A144RC60|A0A144RC60_ENTCL	GCF_000240185.1_YP_005225236.1	84.884	86	86	100	86	13	0	1	86	1	86	8.09e-41	134
tr|A0A144RC60|A0A144RC60_ENTCL	GCF_003261575.2_WP_110272453.1	83.721	86	86	100	86	14	0	1	86	1	86	8.62e-41	134
tr|A0A144RC60|A0A144RC60_ENTCL	GCF_018139045.1_WP_004129134.1	82.558	86	86	100	86	15	0	1	86	1	86	9.18e-41	134
tr|A0A144RC60|A0A144RC60_ENTCL	GCF_001277215.2_WP_007776988.1	84.884	86	86	100	86	13	0	1	86	1	86	1.10e-40	134
tr|A0A144RC60|A0A144RC60_ENTCL	GCF_015139575.1_WP_004098776.1	83.721	86	86	100	86	14	0	1	86	1	86	1.27e-40	134
tr|A0A144RC60|A0A144RC60_ENTCL	GCF_009648935.1_WP_047417117.1	87.209	86	86	100	86	11	0	1	86	1	86	1.65e-40	134
tr|A0A144RC60|A0A144RC60_ENTCL	GCF_006711645.1_WP_100682484.1	80.233	86	86	100	86	17	0	1	86	1	86	2.03e-40	133
tr|A0A144RC60|A0A144RC60_ENTCL	GCF_022637595.1_WP_004858152.1	82.558	86	86	100	86	15	0	1	86	1	86	2.42e-40	133
tr|A0A144RC60|A0A144RC60_ENTCL	GCF_002393445.1_WP_061273728.1	87.059	86	86	99	85	11	0	1	85	1	85	2.84e-40	133
tr|A0A144RC60|A0A144RC60_ENTCL	GCF_000834395.1_WP_042546713.1	80.233	86	86	100	86	17	0	1	86	1	86	3.35e-40	133
tr|A0A144RC60|A0A144RC60_ENTCL	GCF_000018045.1_WP_024130681.1	88.372	86	86	100	86	10	0	1	86	1	86	3.72e-40	133
tr|A0A144RC60|A0A144RC60_ENTCL	GCF_012029655.1_WP_041144145.1	80.233	86	86	100	86	17	0	1	86	1	86	3.75e-40	133
tr|A0A144RC60|A0A144RC60_ENTCL	GCF_003935895.2_WP_110510858.1	85.882	86	86	99	85	12	0	1	85	1	85	4.29e-40	132
tr|A0A144RC60|A0A144RC60_ENTCL	GCF_024224615.1_WP_125293588.1	85.882	86	86	99	85	12	0	1	85	1	85	5.99e-40	132
tr|A0A144RC60|A0A144RC60_ENTCL	GCF_013234275.1_WP_172895488.1	86.047	86	86	100	86	12	0	1	86	1	86	7.08e-40	132
tr|A0A144RC60|A0A144RC60_ENTCL	GCF_000439255.1_WP_000062328.1	81.395	86	86	100	86	16	0	1	86	1	86	7.49e-40	132
tr|A0A144RC60|A0A144RC60_ENTCL	GCF_004124235.1_WP_025377303.1	80.233	86	86	100	86	17	0	1	86	1	86	7.54e-40	132
tr|A0A144RC60|A0A144RC60_ENTCL	GCF_000005845.2_NP_414731.2	88.095	86	84	98	84	10	0	3	86	1	84	7.69e-40	132
tr|A0A144RC60|A0A144RC60_ENTCL	GCF_011068345.1_WP_002436992.1	87.059	86	86	99	85	11	0	1	85	1	85	9.28e-40	132
tr|A0A144RC60|A0A144RC60_ENTCL	GCF_900635955.1_WP_126357486.1	87.059	86	86	99	85	11	0	1	85	1	85	1.06e-39	131
tr|A0A144RC60|A0A144RC60_ENTCL	GCF_000222975.1_WP_002218374.1	79.070	86	86	100	86	18	0	1	86	1	86	1.22e-39	131
tr|A0A144RC60|A0A144RC60_ENTCL	GCF_025133195.1_WP_032910235.1	75.581	86	86	100	86	21	0	1	86	1	86	1.26e-39	131
tr|A0A144RC60|A0A144RC60_ENTCL	GCF_002163605.1_WP_157665988.1	76.744	86	86	100	86	20	0	1	86	1	86	1.37e-39	131
tr|A0A144RC60|A0A144RC60_ENTCL	GCF_013282725.1_WP_032813813.1	79.070	86	86	100	86	18	0	1	86	1	86	1.70e-39	131
tr|A0A144RC60|A0A144RC60_ENTCL	GCF_000006945.2_NP_459242.1	81.395	86	86	100	86	16	0	1	86	1	86	1.96e-39	131
tr|A0A144RC60|A0A144RC60_ENTCL	GCF_025758125.1_WP_023480196.1	79.070	86	86	100	86	18	0	1	86	1	86	1.99e-39	131
tr|A0A144RC60|A0A144RC60_ENTCL	GCF_000834455.1_WP_032817050.1	77.907	86	86	100	86	19	0	1	86	1	86	2.14e-39	131
tr|A0A144RC60|A0A144RC60_ENTCL	GCF_021276285.1_WP_095923198.1	73.810	86	86	98	84	22	0	1	84	1	84	3.58e-39	130
tr|A0A144RC60|A0A144RC60_ENTCL	GCF_005484945.1_WP_137712817.1	73.256	86	86	100	86	23	0	1	86	1	86	3.82e-39	130
tr|A0A144RC60|A0A144RC60_ENTCL	GCF_002953195.1_WP_038628016.1	69.767	86	87	100	86	26	0	1	86	1	86	4.98e-39	130
tr|A0A144RC60|A0A144RC60_ENTCL	GCF_900095885.1_WP_035340381.1	73.256	86	86	100	86	23	0	1	86	1	86	6.50e-39	129
tr|A0A144RC60|A0A144RC60_ENTCL	GCF_012427845.1_WP_012773648.1	72.093	86	86	100	86	24	0	1	86	1	86	6.98e-39	129
tr|A0A144RC60|A0A144RC60_ENTCL	GCF_019797845.1_WP_222158377.1	72.093	86	86	100	86	24	0	1	86	1	86	7.10e-39	129
tr|A0A144RC60|A0A144RC60_ENTCL	GCF_009730055.1_WP_032906500.1	79.070	86	86	100	86	18	0	1	86	1	86	7.93e-39	129
tr|A0A144RC60|A0A144RC60_ENTCL	GCF_002101395.1_WP_085067900.1	69.767	86	87	100	86	26	0	1	86	1	86	8.08e-39	129
tr|A0A144RC60|A0A144RC60_ENTCL	GCF_017498685.1_WP_038245151.1	76.744	86	86	100	86	20	0	1	86	1	86	8.19e-39	129
tr|A0A144RC60|A0A144RC60_ENTCL	GCF_000010085.1_WP_011411656.1	61.905	86	86	98	84	32	0	1	84	1	84	9.08e-39	129
tr|A0A144RC60|A0A144RC60_ENTCL	GCF_000517425.1_WP_025421126.1	63.095	86	86	98	84	31	0	1	84	1	84	9.99e-39	129
tr|A0A144RC60|A0A144RC60_ENTCL	GCF_022637475.1_WP_013574214.1	72.619	86	86	98	84	23	0	1	84	1	84	1.13e-38	129
tr|A0A144RC60|A0A144RC60_ENTCL	GCF_002288545.1_WP_029367608.1	70.930	86	86	100	86	25	0	1	86	1	86	1.20e-38	129
tr|A0A144RC60|A0A144RC60_ENTCL	GCF_000233595.1_WP_013024706.1	74.118	86	86	99	85	22	0	1	85	1	85	1.49e-38	128
tr|A0A144RC60|A0A144RC60_ENTCL	GCF_009914055.1_WP_160619715.1	70.930	86	87	100	86	25	0	1	86	1	86	1.68e-38	128
tr|A0A144RC60|A0A144RC60_ENTCL	GCF_000262305.1_WP_002441069.1	80.233	86	86	100	86	17	0	1	86	1	86	2.16e-38	128
tr|A0A144RC60|A0A144RC60_ENTCL	GCF_023517775.1_WP_249893541.1	73.256	86	87	100	86	23	0	1	86	1	86	2.54e-38	128
tr|A0A144RC60|A0A144RC60_ENTCL	GCF_017569925.1_WP_208228065.1	72.093	86	86	100	86	24	0	1	86	1	86	2.59e-38	128
tr|A0A144RC60|A0A144RC60_ENTCL	GCF_009873295.1_WP_039312412.1	70.930	86	86	100	86	25	0	1	86	1	86	2.61e-38	128
tr|A0A144RC60|A0A144RC60_ENTCL	GCF_000520015.2_WP_024910172.1	69.767	86	87	100	86	26	0	1	86	1	86	3.07e-38	128
tr|A0A144RC60|A0A144RC60_ENTCL	GCF_015999465.1_WP_085688159.1	69.412	86	86	99	85	26	0	1	85	1	85	3.40e-38	128
tr|A0A144RC60|A0A144RC60_ENTCL	GCF_003515985.1_WP_085653101.1	70.588	86	86	99	85	25	0	1	85	1	85	3.42e-38	128
tr|A0A144RC60|A0A144RC60_ENTCL	GCF_000023545.1_WP_015854637.1	70.930	86	86	100	86	25	0	1	86	1	86	3.77e-38	127
tr|A0A144RC60|A0A144RC60_ENTCL	GCF_003019925.1_WP_162185254.1	85.714	86	86	98	84	12	0	1	84	1	84	3.86e-38	127
tr|A0A144RC60|A0A144RC60_ENTCL	GCF_000025065.1_WP_012883679.1	71.765	86	86	99	85	24	0	1	85	1	85	5.13e-38	127
tr|A0A144RC60|A0A144RC60_ENTCL	GCF_002291445.1_WP_048635886.1	72.093	86	86	100	86	24	0	1	86	1	86	6.41e-38	127
tr|A0A144RC60|A0A144RC60_ENTCL	GCF_020181655.1_WP_225087160.1	69.767	86	86	100	86	26	0	1	86	1	86	7.11e-38	127
tr|A0A144RC60|A0A144RC60_ENTCL	GCF_000740965.1_WP_011092648.1	69.767	86	86	100	86	26	0	1	86	1	86	7.34e-38	127
tr|A0A144RC60|A0A144RC60_ENTCL	GCF_016026735.1_WP_015673540.1	68.605	86	87	100	86	27	0	1	86	1	86	7.36e-38	127
tr|A0A144RC60|A0A144RC60_ENTCL	GCF_001642805.2_WP_004931991.1	70.930	86	87	100	86	25	0	1	86	1	86	7.36e-38	127
tr|A0A144RC60|A0A144RC60_ENTCL	GCF_020079945.1_WP_039382769.1	71.765	86	87	99	85	24	0	1	85	1	85	7.78e-38	127
tr|A0A144RC60|A0A144RC60_ENTCL	GCF_009931295.1_WP_161528353.1	70.930	86	86	100	86	25	0	1	86	1	86	8.14e-38	127
tr|A0A144RC60|A0A144RC60_ENTCL	GCF_021462285.1_WP_234585968.1	70.930	86	87	100	86	25	0	1	86	1	86	8.63e-38	127
tr|A0A144RC60|A0A144RC60_ENTCL	GCF_011044475.1_WP_033740322.1	74.118	86	86	99	85	22	0	1	85	1	85	8.96e-38	127
tr|A0A144RC60|A0A144RC60_ENTCL	GCF_009817885.1_WP_105232289.1	70.930	86	87	100	86	25	0	1	86	1	86	1.03e-37	127
tr|A0A144RC60|A0A144RC60_ENTCL	GCF_000023565.1_WP_012770818.1	70.588	86	86	99	85	25	0	1	85	1	85	1.09e-37	126
tr|A0A144RC60|A0A144RC60_ENTCL	GCF_900187015.1_WP_061796701.1	70.930	86	87	100	86	25	0	1	86	1	86	1.38e-37	126
tr|A0A144RC60|A0A144RC60_ENTCL	GCF_001742185.1_WP_005975933.1	69.767	86	86	100	86	26	0	1	86	1	86	1.64e-37	126
tr|A0A144RC60|A0A144RC60_ENTCL	GCF_005484965.1_WP_009114129.1	72.093	86	86	100	86	24	0	1	86	1	86	1.72e-37	126
tr|A0A144RC60|A0A144RC60_ENTCL	GCF_007858975.2_WP_042869176.1	70.588	86	86	99	85	25	0	1	85	1	85	1.88e-37	126
tr|A0A144RC60|A0A144RC60_ENTCL	GCF_011617105.1_WP_025800203.1	74.419	86	86	100	86	22	0	1	86	1	86	2.06e-37	126
tr|A0A144RC60|A0A144RC60_ENTCL	GCF_003992745.1_WP_014700896.1	69.767	86	86	100	86	26	0	1	86	1	86	3.07e-37	125
tr|A0A144RC60|A0A144RC60_ENTCL	GCF_019890955.1_WP_211725887.1	70.588	86	87	99	85	25	0	1	85	1	85	3.61e-37	125
tr|A0A144RC60|A0A144RC60_ENTCL	GCF_022647505.1_WP_128179458.1	68.605	86	87	100	86	27	0	1	86	1	86	5.16e-37	125
tr|A0A144RC60|A0A144RC60_ENTCL	GCF_020150375.1_WP_004094310.1	75.581	86	86	100	86	21	0	1	86	1	86	6.08e-37	124
tr|A0A144RC60|A0A144RC60_ENTCL	GCF_000196615.1_WP_013200864.1	70.930	86	87	100	86	25	0	1	86	1	86	6.10e-37	125
tr|A0A144RC60|A0A144RC60_ENTCL	GCF_000026185.1_WP_012440659.1	67.059	86	87	99	85	28	0	1	85	1	85	7.32e-37	124
tr|A0A144RC60|A0A144RC60_ENTCL	GCF_001010285.1_WP_046974061.1	69.767	86	88	100	86	26	0	1	86	1	86	7.34e-37	124
tr|A0A144RC60|A0A144RC60_ENTCL	GCF_002812485.1_WP_038661467.1	70.588	86	86	99	85	25	0	1	85	1	85	8.03e-37	124
tr|A0A144RC60|A0A144RC60_ENTCL	GCF_000264765.2_WP_034163237.1	68.605	86	86	100	86	27	0	1	86	1	86	9.87e-37	124
tr|A0A144RC60|A0A144RC60_ENTCL	GCF_000147055.1_WP_022632468.1	70.588	86	86	99	85	25	0	1	85	1	85	1.55e-36	123
tr|A0A144RC60|A0A144RC60_ENTCL	GCF_017348915.1_WP_040077077.1	90.698	86	86	100	86	8	0	1	86	1	86	1.70e-36	123
tr|A0A144RC60|A0A144RC60_ENTCL	GCF_004792415.1_WP_013356856.1	69.048	86	86	98	84	26	0	1	84	1	84	2.22e-36	123
tr|A0A144RC60|A0A144RC60_ENTCL	GCF_003403135.1_WP_024104894.1	70.588	86	86	99	85	25	0	1	85	1	85	2.69e-36	123
tr|A0A144RC60|A0A144RC60_ENTCL	GCF_019047765.1_WP_040230035.1	87.209	86	86	100	86	11	0	1	86	1	86	2.93e-36	123
tr|A0A144RC60|A0A144RC60_ENTCL	GCF_019090985.1_WP_036781226.1	66.279	86	88	100	86	29	0	1	86	1	86	3.22e-36	123
tr|A0A144RC60|A0A144RC60_ENTCL	GCF_000196475.1_WP_012776850.1	66.279	86	88	100	86	29	0	1	86	1	86	4.49e-36	122
tr|A0A144RC60|A0A144RC60_ENTCL	GCF_902387845.1_WP_004237241.1	65.116	86	88	100	86	30	0	1	86	1	86	5.31e-36	122
tr|A0A144RC60|A0A144RC60_ENTCL	GCF_002291425.1_WP_095847471.1	67.442	86	87	100	86	28	0	1	86	1	86	5.51e-36	122
tr|A0A144RC60|A0A144RC60_ENTCL	GCF_021733145.1_WP_012847629.1	67.857	86	86	98	84	27	0	1	84	1	84	9.21e-36	121
tr|A0A144RC60|A0A144RC60_ENTCL	GCF_025946765.1_WP_264497926.1	68.235	86	86	99	85	27	0	1	85	1	85	1.57e-35	121
tr|A0A144RC60|A0A144RC60_ENTCL	GCF_000196155.1_WP_011145066.1	65.116	86	88	100	86	30	0	1	86	1	86	2.02e-35	121
tr|A0A144RC60|A0A144RC60_ENTCL	GCF_020268605.1_WP_180560445.1	59.302	86	88	100	86	35	0	1	86	1	86	2.29e-35	120
tr|A0A144RC60|A0A144RC60_ENTCL	GCF_019048385.1_WP_062759648.1	67.857	86	86	98	84	27	0	1	84	1	84	2.41e-35	120
tr|A0A144RC60|A0A144RC60_ENTCL	GCF_000091565.1_WP_004159420.1	64.706	86	87	99	85	30	0	1	85	1	85	2.83e-35	120
tr|A0A144RC60|A0A144RC60_ENTCL	GCF_004768525.1_WP_026822068.1	58.140	86	88	100	86	36	0	1	86	1	86	3.55e-35	120
tr|A0A144RC60|A0A144RC60_ENTCL	GCF_009646115.1_WP_008925644.1	69.048	86	86	98	84	26	0	1	84	1	84	3.56e-35	120
tr|A0A144RC60|A0A144RC60_ENTCL	GCF_020683125.1_WP_133842177.1	70.115	86	88	100	87	25	1	1	86	1	87	3.60e-35	120
tr|A0A144RC60|A0A144RC60_ENTCL	GCF_022592395.1_WP_047255099.1	56.977	86	87	100	86	37	0	1	86	1	86	4.15e-35	120
tr|A0A144RC60|A0A144RC60_ENTCL	GCF_003204135.1_WP_004908806.1	60.465	86	87	100	86	34	0	1	86	1	86	4.49e-35	120
tr|A0A144RC60|A0A144RC60_ENTCL	GCF_900475855.1_WP_068441311.1	61.628	86	87	100	86	33	0	1	86	1	86	6.12e-35	119
tr|A0A144RC60|A0A144RC60_ENTCL	GCF_019844095.1_WP_062747070.1	70.115	86	88	100	87	25	1	1	86	1	87	7.14e-35	119
tr|A0A144RC60|A0A144RC60_ENTCL	GCF_020541225.1_WP_226811316.1	58.333	86	86	98	84	35	0	1	84	1	84	7.88e-35	119
tr|A0A144RC60|A0A144RC60_ENTCL	GCF_029277985.1_WP_154623766.1	60.465	86	87	100	86	34	0	1	86	1	86	1.05e-34	119
tr|A0A144RC60|A0A144RC60_ENTCL	GCF_000517405.1_WP_038469034.1	59.259	86	83	94	81	33	0	4	84	1	81	1.07e-34	119
tr|A0A144RC60|A0A144RC60_ENTCL	GCF_002843235.3_WP_102139922.1	61.628	86	87	100	86	33	0	1	86	1	86	1.23e-34	119
tr|A0A144RC60|A0A144RC60_ENTCL	GCF_022647325.1_WP_111140597.1	67.857	86	86	98	84	27	0	1	84	1	84	1.60e-34	118
tr|A0A144RC60|A0A144RC60_ENTCL	GCF_900638135.1_WP_012146468.1	65.116	86	87	100	86	30	0	1	86	1	86	1.69e-34	118
tr|A0A144RC60|A0A144RC60_ENTCL	GCF_000261045.2_WP_006318653.1	65.116	86	87	100	86	30	0	1	86	1	86	1.80e-34	118
tr|A0A144RC60|A0A144RC60_ENTCL	GCF_002393505.1_WP_006658392.1	58.140	86	87	100	86	36	0	1	86	1	86	2.10e-34	118
tr|A0A144RC60|A0A144RC60_ENTCL	GCF_013460135.1_WP_180816665.1	58.140	86	88	100	86	36	0	1	86	1	86	2.12e-34	118
tr|A0A144RC60|A0A144RC60_ENTCL	GCF_000968195.1_WP_045972480.1	62.069	86	87	100	87	32	1	1	86	1	87	2.20e-34	118
tr|A0A144RC60|A0A144RC60_ENTCL	GCF_020342335.1_WP_067428135.1	67.059	86	87	99	85	28	0	1	85	1	85	2.42e-34	118
tr|A0A144RC60|A0A144RC60_ENTCL	GCF_002504285.1_WP_005282992.1	66.279	86	86	100	86	29	0	1	86	1	86	2.97e-34	117
tr|A0A144RC60|A0A144RC60_ENTCL	GCF_011045835.1_WP_075671674.1	57.831	86	86	97	83	35	0	1	83	1	83	3.16e-34	117
tr|A0A144RC60|A0A144RC60_ENTCL	GCF_017743015.1_WP_209027287.1	59.302	86	88	100	86	35	0	1	86	1	86	3.55e-34	117
tr|A0A144RC60|A0A144RC60_ENTCL	GCF_021365465.1_WP_016190321.1	68.605	86	87	100	86	27	0	1	86	1	86	4.06e-34	117
tr|A0A144RC60|A0A144RC60_ENTCL	GCF_009831665.3_WP_006709226.1	62.791	86	87	100	86	32	0	1	86	1	86	6.86e-34	117
tr|A0A144RC60|A0A144RC60_ENTCL	GCF_022369495.1_WP_072064250.1	56.627	86	86	97	83	36	0	1	83	1	83	7.00e-34	117
tr|A0A144RC60|A0A144RC60_ENTCL	GCF_016026395.1_WP_024524235.1	65.116	86	86	100	86	30	0	1	86	1	86	8.68e-34	116
tr|A0A144RC60|A0A144RC60_ENTCL	GCF_000069965.1_WP_004245453.1	56.627	86	86	97	83	36	0	1	83	1	83	8.96e-34	116
tr|A0A144RC60|A0A144RC60_ENTCL	GCF_000214235.1_WP_004952197.1	66.667	86	85	98	84	28	0	3	86	1	84	9.99e-34	116
tr|A0A144RC60|A0A144RC60_ENTCL	GCF_002952315.1_WP_012667243.1	67.059	86	87	99	85	28	0	1	85	1	85	1.17e-33	116
tr|A0A144RC60|A0A144RC60_ENTCL	GCF_001721185.1_WP_069317984.1	60.465	86	87	100	86	34	0	1	86	1	86	1.27e-33	116
tr|A0A144RC60|A0A144RC60_ENTCL	GCF_001006005.1_WP_223499701.1	65.476	86	85	98	84	29	0	3	86	1	84	1.86e-33	116
tr|A0A144RC60|A0A144RC60_ENTCL	GCF_008364325.2_WP_230090436.1	65.476	86	85	98	84	29	0	3	86	1	84	3.11e-33	115
tr|A0A144RC60|A0A144RC60_ENTCL	GCF_014295015.1_WP_013185414.1	59.770	86	87	100	87	34	1	1	86	1	87	4.65e-33	114
tr|A0A144RC60|A0A144RC60_ENTCL	GCF_000968175.1_WP_045959360.1	57.471	86	88	100	87	36	1	1	86	1	87	1.12e-32	114
tr|A0A144RC60|A0A144RC60_ENTCL	GCF_004295645.1_WP_228350951.1	65.882	86	88	98	85	28	1	1	84	1	85	1.69e-32	113
tr|A0A144RC60|A0A144RC60_ENTCL	GCF_004116975.1_WP_064720954.1	59.036	86	86	97	83	34	0	1	83	1	83	1.93e-32	113
tr|A0A144RC60|A0A144RC60_ENTCL	GCF_900478135.1_WP_111739359.1	64.706	86	88	98	85	29	1	1	84	1	85	3.65e-32	112
tr|A0A144RC60|A0A144RC60_ENTCL	GCF_003096015.2_WP_230514010.1	65.882	86	88	98	85	28	1	1	84	1	85	6.42e-32	112
tr|A0A144RC60|A0A144RC60_ENTCL	GCF_005671395.1_WP_138095872.1	70.513	86	86	91	78	23	0	1	78	1	78	1.05e-31	111
tr|A0A144RC60|A0A144RC60_ENTCL	GCF_900638655.1_WP_047781753.1	65.882	86	88	98	85	28	1	1	84	1	85	1.89e-31	110
tr|A0A144RC60|A0A144RC60_ENTCL	GCF_003074995.2_WP_015870269.1	60.241	86	86	97	83	33	0	1	83	1	83	2.33e-31	110
tr|A0A144RC60|A0A144RC60_ENTCL	GCF_004353845.1_WP_103770713.1	34.483	86	93	100	87	56	1	1	86	1	87	1.29e-30	108
tr|A0A144RC60|A0A144RC60_ENTCL	GCF_003812345.1_WP_121571778.1	32.184	86	94	100	87	58	1	1	86	1	87	7.55e-30	107
tr|A0A144RC60|A0A144RC60_ENTCL	GCF_001597285.1_WP_061903727.1	33.750	86	92	92	80	52	1	4	82	1	80	2.47e-29	105
tr|A0A144RC60|A0A144RC60_ENTCL	GCF_002355475.1_WP_004421315.1	38.272	86	91	93	81	49	1	3	82	1	81	3.23e-29	105
tr|A0A144RC60|A0A144RC60_ENTCL	GCF_013200955.2_WP_173204463.1	37.037	86	91	93	81	50	1	3	82	1	81	3.94e-29	105
tr|A0A144RC60|A0A144RC60_ENTCL	GCF_008693605.1_WP_223849061.1	31.395	86	95	99	86	58	1	1	85	2	87	5.93e-29	104
tr|A0A144RC60|A0A144RC60_ENTCL	GCF_000733715.2_WP_017362912.1	35.000	86	90	92	80	51	1	4	82	1	80	7.25e-29	104
tr|A0A144RC60|A0A144RC60_ENTCL	GCF_024205225.1_WP_195881696.1	33.750	86	90	92	80	52	1	4	82	1	80	1.40e-28	103
tr|A0A144RC60|A0A144RC60_ENTCL	GCF_000297075.2_WP_003461742.1	35.000	86	90	92	80	51	1	4	82	1	80	1.66e-28	103
tr|A0A144RC60|A0A144RC60_ENTCL	GCF_008693645.1_WP_137347870.1	32.184	86	89	100	87	58	1	1	86	1	87	2.42e-28	103
tr|A0A144RC60|A0A144RC60_ENTCL	GCF_013409125.2_WP_099525265.1	35.000	86	90	92	80	51	1	4	82	1	80	2.87e-28	102
tr|A0A144RC60|A0A144RC60_ENTCL	GCF_900682675.2_WP_069898892.1	36.250	86	94	92	80	50	1	4	82	1	80	3.92e-28	102
tr|A0A144RC60|A0A144RC60_ENTCL	GCF_001594225.2_WP_064379396.1	36.782	86	92	95	87	50	2	4	85	1	87	3.93e-28	102
tr|A0A144RC60|A0A144RC60_ENTCL	GCF_001708425.1_WP_055136127.1	38.372	86	94	94	86	48	2	4	84	1	86	4.52e-28	102
tr|A0A144RC60|A0A144RC60_ENTCL	GCF_017167985.1_WP_093053415.1	29.545	86	92	97	88	57	2	4	86	1	88	1.00e-27	101
tr|A0A144RC60|A0A144RC60_ENTCL	GCF_021029445.1_WP_230924827.1	31.646	86	89	92	79	54	0	4	82	1	79	1.07e-27	101
tr|A0A144RC60|A0A144RC60_ENTCL	GCF_008807375.1_WP_151138908.1	37.037	86	91	93	81	50	1	3	82	1	81	1.77e-27	100
tr|A0A144RC60|A0A144RC60_ENTCL	GCF_013423785.1_WP_180308358.1	39.773	86	88	98	88	49	1	1	84	1	88	1.92e-27	100
tr|A0A144RC60|A0A144RC60_ENTCL	GCF_017167985.1_WP_079784061.1	35.000	86	90	92	80	51	1	4	82	1	80	1.99e-27	100
tr|A0A144RC60|A0A144RC60_ENTCL	GCF_017915135.1_WP_210390879.1	33.750	86	90	92	80	52	1	4	82	1	80	6.30e-27	99.4
tr|A0A144RC60|A0A144RC60_ENTCL	GCF_004684345.1_WP_135321947.1	35.802	86	93	93	81	51	1	1	80	1	81	7.81e-27	99.1
tr|A0A144RC60|A0A144RC60_ENTCL	GCF_008033135.1_WP_148717358.1	27.273	86	87	90	77	56	0	4	80	1	77	1.18e-26	98.6
tr|A0A144RC60|A0A144RC60_ENTCL	GCF_003957745.1_WP_126168493.1	36.471	86	87	93	85	49	2	4	83	1	85	1.34e-26	98.6
tr|A0A144RC60|A0A144RC60_ENTCL	GCF_012767755.2_WP_173176508.1	33.333	86	91	90	78	48	2	4	80	1	75	1.54e-26	98.6
tr|A0A144RC60|A0A144RC60_ENTCL	GCF_011397855.1_WP_044414183.1	37.179	86	90	90	78	48	1	4	80	1	78	1.60e-26	98.3
tr|A0A144RC60|A0A144RC60_ENTCL	GCF_000015245.1_WP_011761423.1	37.647	86	86	93	85	48	2	4	83	1	85	4.78e-26	97.2
tr|A0A144RC60|A0A144RC60_ENTCL	GCF_016834455.1_WP_203325205.1	39.744	86	86	90	78	46	1	4	80	1	78	6.26e-26	96.9
tr|A0A144RC60|A0A144RC60_ENTCL	GCF_000178875.2_WP_012197738.1	31.034	86	90	95	87	55	2	4	85	1	87	6.89e-26	96.9
tr|A0A144RC60|A0A144RC60_ENTCL	GCF_025402875.1_WP_011791024.1	31.034	86	90	95	87	55	2	4	85	1	87	7.11e-26	96.9
tr|A0A144RC60|A0A144RC60_ENTCL	GCF_020991025.1_WP_152109250.1	42.308	86	83	90	78	44	1	3	79	1	78	8.02e-26	96.6
tr|A0A144RC60|A0A144RC60_ENTCL	GCF_014524625.1_WP_009050814.1	27.907	86	92	94	86	57	2	4	84	1	86	1.80e-25	95.8
tr|A0A144RC60|A0A144RC60_ENTCL	GCF_019047765.1_WP_040231149.1	30.233	86	89	99	86	59	1	1	85	1	86	1.99e-25	95.5
tr|A0A144RC60|A0A144RC60_ENTCL	GCF_019670705.1_WP_100146025.1	34.884	86	92	94	86	51	2	4	84	1	86	2.94e-25	95.2
tr|A0A144RC60|A0A144RC60_ENTCL	GCF_009730655.1_WP_156020461.1	34.884	86	92	94	86	51	2	4	84	1	86	3.44e-25	94.9
tr|A0A144RC60|A0A144RC60_ENTCL	GCF_002355475.1_WP_003455993.1	29.333	86	90	86	75	52	1	7	80	2	76	3.54e-25	94.9
tr|A0A144RC60|A0A144RC60_ENTCL	GCF_017354925.1_WP_207321174.1	38.462	86	87	90	78	47	1	4	80	1	78	1.39e-24	93.5
tr|A0A144RC60|A0A144RC60_ENTCL	GCF_012767755.2_WP_173171843.1	32.500	86	90	92	80	53	1	4	82	1	80	1.47e-24	93.5
tr|A0A144RC60|A0A144RC60_ENTCL	GCF_024971755.1_WP_259474826.1	31.250	86	88	92	80	54	1	4	82	1	80	1.63e-24	93.2
tr|A0A144RC60|A0A144RC60_ENTCL	GCF_017354965.1_WP_207380278.1	37.179	86	87	90	78	48	1	4	80	1	78	2.84e-24	92.7
tr|A0A144RC60|A0A144RC60_ENTCL	GCF_008807375.1_WP_151133519.1	26.667	86	90	86	75	54	1	7	80	2	76	3.02e-24	92.7
tr|A0A144RC60|A0A144RC60_ENTCL	GCF_017329545.1_WP_047884589.1	34.091	86	95	97	88	53	2	3	85	1	88	4.04e-24	92.4
tr|A0A144RC60|A0A144RC60_ENTCL	GCF_002215585.1_WP_088903590.1	26.744	86	89	95	86	59	1	4	85	1	86	5.78e-24	91.8
tr|A0A144RC60|A0A144RC60_ENTCL	GCF_029457395.1_WP_024766443.1	34.483	86	92	91	87	48	2	4	81	1	87	1.10e-23	91.3
tr|A0A144RC60|A0A144RC60_ENTCL	GCF_000014885.1_WP_020912292.1	35.000	86	87	92	80	51	1	4	82	1	80	4.26e-23	89.6
tr|A0A144RC60|A0A144RC60_ENTCL	GCF_012971725.1_WP_169940133.1	35.065	86	92	84	77	45	1	4	75	1	77	5.51e-23	89.3
tr|A0A144RC60|A0A144RC60_ENTCL	GCF_004358345.1_WP_121852852.1	35.714	86	76	80	70	44	1	3	71	1	70	1.43e-22	88.2
tr|A0A144RC60|A0A144RC60_ENTCL	GCF_003025345.2_WP_003155955.1	35.294	86	91	92	85	49	1	4	82	1	85	1.44e-22	88.5
tr|A0A144RC60|A0A144RC60_ENTCL	GCF_009938225.1_WP_075649723.1	34.177	86	82	86	79	47	2	10	83	2	80	2.12e-22	87.6
tr|A0A144RC60|A0A144RC60_ENTCL	GCF_020405345.1_WP_017780573.1	36.620	86	89	83	71	42	1	4	74	1	68	3.43e-22	87.3
tr|A0A144RC60|A0A144RC60_ENTCL	GCF_016026875.1_WP_045525981.1	37.143	86	89	81	70	41	1	4	73	1	67	3.68e-22	87.3
tr|A0A144RC60|A0A144RC60_ENTCL	GCF_024346675.1_WP_048897676.1	28.571	86	86	92	84	55	2	3	81	1	84	5.54e-22	86.8
tr|A0A144RC60|A0A144RC60_ENTCL	GCF_000801295.1_WP_171816254.1	30.380	86	99	88	79	52	1	1	76	1	79	5.83e-22	87.1
tr|A0A144RC60|A0A144RC60_ENTCL	GCF_002204915.1_WP_052690899.1	27.500	86	101	87	80	53	2	10	84	21	100	1.27e-21	86.2
tr|A0A144RC60|A0A144RC60_ENTCL	GCF_020149575.1_WP_224431657.1	33.803	86	85	83	71	44	1	4	74	1	68	1.49e-21	85.6
tr|A0A144RC60|A0A144RC60_ENTCL	GCF_002005305.1_WP_077753428.1	34.118	86	86	93	85	51	2	4	83	1	85	2.31e-21	85.1
tr|A0A144RC60|A0A144RC60_ENTCL	GCF_000146165.2_WP_164925808.1	29.630	86	89	92	81	55	2	4	82	1	81	2.58e-21	85.1
tr|A0A144RC60|A0A144RC60_ENTCL	GCF_028355655.1_WP_087756847.1	36.842	86	84	66	57	36	0	4	60	1	57	3.68e-21	84.5
tr|A0A144RC60|A0A144RC60_ENTCL	GCF_900637545.1_WP_042651794.1	35.211	86	84	83	71	43	1	4	74	1	68	4.25e-21	84.5
tr|A0A144RC60|A0A144RC60_ENTCL	GCF_000016065.1_WP_011864074.1	30.000	86	93	92	80	54	2	4	82	1	79	4.53e-21	84.5
tr|A0A144RC60|A0A144RC60_ENTCL	GCF_003584645.1_WP_197716612.1	24.390	86	80	91	82	55	2	3	80	1	79	4.61e-21	84.2
tr|A0A144RC60|A0A144RC60_ENTCL	GCF_001596155.1_WP_068342236.1	28.571	86	90	85	77	48	2	3	75	1	74	6.65e-21	84.0
tr|A0A144RC60|A0A144RC60_ENTCL	GCF_024347355.1_WP_105024956.1	25.610	86	83	90	82	56	2	10	86	2	83	6.78e-21	84.0
tr|A0A144RC60|A0A144RC60_ENTCL	GCF_001020955.1_WP_047250467.1	34.177	86	82	87	79	48	2	1	75	1	79	6.93e-21	84.0
tr|A0A144RC60|A0A144RC60_ENTCL	GCF_020423125.1_WP_226170850.1	35.211	86	84	83	71	43	1	4	74	1	68	7.07e-21	84.0
tr|A0A144RC60|A0A144RC60_ENTCL	GCF_022371215.1_WP_239718047.1	28.049	86	83	90	82	54	2	10	86	2	83	8.34e-21	83.7
tr|A0A144RC60|A0A144RC60_ENTCL	GCF_001558255.2_WP_005504861.1	32.099	86	82	87	81	49	3	10	84	2	82	8.66e-21	83.7
tr|A0A144RC60|A0A144RC60_ENTCL	GCF_001677435.1_WP_068615618.1	33.766	86	90	87	77	48	3	3	77	1	76	9.43e-21	83.7
tr|A0A144RC60|A0A144RC60_ENTCL	GCF_006337165.1_WP_139515111.1	32.099	86	82	88	81	47	2	3	78	1	78	1.08e-20	83.4
tr|A0A144RC60|A0A144RC60_ENTCL	GCF_000009145.1_WP_041356315.1	28.049	86	90	90	82	54	3	10	86	6	87	1.11e-20	83.4
tr|A0A144RC60|A0A144RC60_ENTCL	GCF_016127195.1_WP_042032742.1	31.429	86	89	81	70	45	1	4	73	1	67	1.30e-20	83.4
tr|A0A144RC60|A0A144RC60_ENTCL	GCF_009938185.1_WP_162048373.1	27.848	86	82	86	79	52	2	10	83	2	80	1.46e-20	83.1
tr|A0A144RC60|A0A144RC60_ENTCL	GCF_004355185.1_WP_133271280.1	31.250	86	81	87	80	47	2	4	78	1	77	1.69e-20	82.8
tr|A0A144RC60|A0A144RC60_ENTCL	GCF_008693705.1_WP_127008315.1	34.286	86	84	81	70	43	1	4	73	1	67	1.75e-20	82.8
tr|A0A144RC60|A0A144RC60_ENTCL	GCF_003966655.1_WP_113527441.1	29.412	86	77	79	68	48	0	3	70	1	68	2.00e-20	82.6
tr|A0A144RC60|A0A144RC60_ENTCL	GCF_008364325.2_WP_020826409.1	25.581	86	84	94	86	56	3	4	84	1	83	2.27e-20	82.6
tr|A0A144RC60|A0A144RC60_ENTCL	GCF_013462805.1_WP_009566961.1	27.941	86	77	79	68	49	0	3	70	1	68	2.46e-20	82.3
tr|A0A144RC60|A0A144RC60_ENTCL	GCF_006742785.1_WP_172630283.1	26.582	86	88	91	79	57	1	8	85	3	81	2.81e-20	82.6
tr|A0A144RC60|A0A144RC60_ENTCL	GCF_024347475.1_WP_239840920.1	27.160	86	83	88	81	54	2	10	85	2	82	2.97e-20	82.3
tr|A0A144RC60|A0A144RC60_ENTCL	GCF_009938205.1_WP_075706454.1	32.911	86	82	86	79	48	2	10	83	2	80	3.45e-20	82.0
tr|A0A144RC60|A0A144RC60_ENTCL	GCF_003015165.1_WP_106887831.1	33.803	86	84	83	71	44	1	4	74	1	68	5.11e-20	81.7
tr|A0A144RC60|A0A144RC60_ENTCL	GCF_027625995.1_WP_270126807.1	29.630	86	82	88	81	49	2	3	78	1	78	5.38e-20	81.7
tr|A0A144RC60|A0A144RC60_ENTCL	GCF_001007935.1_WP_046849946.1	25.926	86	84	88	81	55	2	8	83	4	84	1.04e-19	80.9
tr|A0A144RC60|A0A144RC60_ENTCL	GCF_016026615.1_WP_197928313.1	30.000	86	89	81	70	46	1	4	73	1	67	1.10e-19	80.9
tr|A0A144RC60|A0A144RC60_ENTCL	GCF_002407485.1_WP_096780111.1	28.750	86	81	87	80	52	2	10	84	2	81	1.21e-19	80.6
tr|A0A144RC60|A0A144RC60_ENTCL	GCF_009755585.1_WP_157030071.1	30.488	86	85	91	82	50	2	3	80	1	79	1.52e-19	80.6
tr|A0A144RC60|A0A144RC60_ENTCL	GCF_008329985.2_WP_149283950.1	31.081	86	81	80	74	46	2	10	78	2	75	1.60e-19	80.3
tr|A0A144RC60|A0A144RC60_ENTCL	GCF_024347035.1_WP_102941394.1	26.250	86	81	87	80	54	2	10	84	2	81	1.70e-19	80.3
tr|A0A144RC60|A0A144RC60_ENTCL	GCF_000576555.1_WP_044000633.1	30.769	86	83	85	78	46	2	6	78	5	79	1.72e-19	80.3
tr|A0A144RC60|A0A144RC60_ENTCL	GCF_014905115.1_WP_193151849.1	27.848	86	81	86	79	52	2	10	83	2	80	2.81e-19	79.7
tr|A0A144RC60|A0A144RC60_ENTCL	GCF_009662475.1_WP_031573754.1	29.114	86	79	87	79	52	2	3	77	1	79	2.89e-19	79.7
tr|A0A144RC60|A0A144RC60_ENTCL	GCF_001007875.1_WP_046858354.1	29.114	86	80	86	79	51	2	10	83	2	80	3.28e-19	79.5
tr|A0A144RC60|A0A144RC60_ENTCL	GCF_004001245.1_WP_127478562.1	30.864	86	85	88	81	51	2	1	76	1	81	3.55e-19	79.5
tr|A0A144RC60|A0A144RC60_ENTCL	GCF_003515105.1_WP_036973086.1	40.845	86	73	81	71	41	1	6	75	2	72	3.62e-19	79.5
tr|A0A144RC60|A0A144RC60_ENTCL	GCF_014169735.1_WP_134997272.1	32.857	86	86	81	70	44	1	4	73	1	67	3.67e-19	79.5
tr|A0A144RC60|A0A144RC60_ENTCL	GCF_019670125.1_WP_221076876.1	27.500	86	81	87	80	53	2	10	84	2	81	4.66e-19	79.2
tr|A0A144RC60|A0A144RC60_ENTCL	GCF_013137895.1_WP_135435790.1	30.488	86	83	90	82	48	3	1	77	1	78	4.68e-19	79.2
tr|A0A144RC60|A0A144RC60_ENTCL	GCF_003574965.1_WP_119445661.1	28.395	86	82	88	81	50	2	3	78	1	78	4.74e-19	79.2
tr|A0A144RC60|A0A144RC60_ENTCL	GCF_000968535.2_WP_014147785.1	27.027	86	84	85	74	52	2	8	80	4	76	5.23e-19	79.2
tr|A0A144RC60|A0A144RC60_ENTCL	GCF_013283835.1_WP_071626507.1	29.333	86	83	84	75	47	2	3	74	1	72	5.31e-19	79.2
tr|A0A144RC60|A0A144RC60_ENTCL	GCF_001558415.2_WP_061055374.1	27.848	86	83	86	79	52	2	10	83	2	80	5.61e-19	79.2
tr|A0A144RC60|A0A144RC60_ENTCL	GCF_024347595.1_WP_176681244.1	26.829	86	83	90	82	55	2	10	86	2	83	6.17e-19	78.9
tr|A0A144RC60|A0A144RC60_ENTCL	GCF_019669905.1_WP_054759186.1	39.623	86	79	60	53	31	1	8	59	3	55	6.45e-19	78.9
tr|A0A144RC60|A0A144RC60_ENTCL	GCF_009068765.1_WP_151900329.1	26.582	86	81	86	79	53	2	10	83	2	80	7.69e-19	78.6
tr|A0A144RC60|A0A144RC60_ENTCL	GCF_024347635.1_WP_139683960.1	25.610	86	83	90	82	56	2	10	86	2	83	7.90e-19	78.6
tr|A0A144RC60|A0A144RC60_ENTCL	GCF_022827545.1_WP_243798205.1	30.864	86	82	88	81	48	2	3	78	1	78	8.61e-19	78.6
tr|A0A144RC60|A0A144RC60_ENTCL	GCF_024347455.1_WP_135458404.1	25.610	86	83	90	82	56	2	10	86	2	83	9.11e-19	78.6
tr|A0A144RC60|A0A144RC60_ENTCL	GCF_014879975.1_WP_192888672.1	26.829	86	83	90	82	55	2	10	86	2	83	9.40e-19	78.6
tr|A0A144RC60|A0A144RC60_ENTCL	GCF_010093065.1_WP_238430213.1	26.582	86	83	87	79	51	2	1	75	2	77	1.02e-18	78.3
tr|A0A144RC60|A0A144RC60_ENTCL	GCF_001651805.1_WP_067384150.1	35.135	86	78	80	74	43	3	4	72	1	74	1.24e-18	78.0
tr|A0A144RC60|A0A144RC60_ENTCL	GCF_000091465.1_WP_004733849.1	24.390	86	83	90	82	57	2	10	86	2	83	1.29e-18	78.0
tr|A0A144RC60|A0A144RC60_ENTCL	GCF_000014765.1_WP_011633385.1	30.952	86	89	92	84	53	3	8	86	3	86	2.26e-18	77.5
tr|A0A144RC60|A0A144RC60_ENTCL	GCF_001507645.1_WP_068195976.1	29.870	86	90	85	77	47	2	3	75	1	74	2.26e-18	77.8
tr|A0A144RC60|A0A144RC60_ENTCL	GCF_002214395.1_WP_010453422.1	26.923	86	81	85	78	52	2	12	84	4	81	2.27e-18	77.5
tr|A0A144RC60|A0A144RC60_ENTCL	GCF_022811645.1_WP_243511723.1	30.380	86	90	87	79	48	3	3	77	1	76	2.69e-18	77.5
tr|A0A144RC60|A0A144RC60_ENTCL	GCF_001995825.2_WP_017057338.1	24.390	86	83	90	82	57	2	10	86	2	83	2.86e-18	77.2
tr|A0A144RC60|A0A144RC60_ENTCL	GCF_013343005.1_WP_078482823.1	35.897	86	84	85	78	45	2	3	75	1	78	3.63e-18	76.9
tr|A0A144RC60|A0A144RC60_ENTCL	GCF_000214665.1_WP_013819542.1	26.582	86	83	86	79	52	3	10	83	6	83	4.36e-18	76.6
tr|A0A144RC60|A0A144RC60_ENTCL	GCF_024347655.1_WP_060467732.1	24.390	86	83	90	82	57	2	10	86	2	83	4.72e-18	76.6
tr|A0A144RC60|A0A144RC60_ENTCL	GCF_024494545.1_WP_256384876.1	25.641	86	81	85	78	53	2	11	83	3	80	5.13e-18	76.6
tr|A0A144RC60|A0A144RC60_ENTCL	GCF_004214795.1_WP_130234502.1	21.519	86	78	88	79	56	2	3	78	1	76	5.37e-18	76.4
tr|A0A144RC60|A0A144RC60_ENTCL	GCF_020844025.1_WP_215848879.1	30.882	86	77	79	68	47	0	3	70	1	68	5.58e-18	76.4
tr|A0A144RC60|A0A144RC60_ENTCL	GCF_008728635.1_WP_151087836.1	25.974	86	90	85	77	50	3	3	75	1	74	6.50e-18	76.4
tr|A0A144RC60|A0A144RC60_ENTCL	GCF_001955715.1_WP_029708890.1	29.730	86	80	81	74	45	2	4	73	1	71	7.10e-18	76.1
tr|A0A144RC60|A0A144RC60_ENTCL	GCF_000148645.1_WP_013347076.1	28.571	86	80	84	77	50	2	12	83	3	79	7.87e-18	76.1
tr|A0A144RC60|A0A144RC60_ENTCL	GCF_019670105.1_WP_040307707.1	25.000	86	81	87	80	55	2	10	84	2	81	8.47e-18	76.1
tr|A0A144RC60|A0A144RC60_ENTCL	GCF_002762215.1_WP_085750011.1	28.000	86	87	83	75	47	3	4	74	3	74	1.07e-17	75.8
tr|A0A144RC60|A0A144RC60_ENTCL	GCF_000024005.1_WP_012793320.1	26.923	86	84	86	78	50	2	2	75	3	77	1.09e-17	75.8
tr|A0A144RC60|A0A144RC60_ENTCL	GCF_003149515.1_WP_109656005.1	27.273	86	90	85	77	49	2	3	75	1	74	1.10e-17	75.8
tr|A0A144RC60|A0A144RC60_ENTCL	GCF_013177675.1_WP_172128285.1	24.000	86	81	84	75	51	2	3	74	1	72	1.12e-17	75.8
tr|A0A144RC60|A0A144RC60_ENTCL	GCF_002142475.1_WP_026148861.1	29.114	86	86	87	79	49	2	4	78	1	76	1.24e-17	75.8
tr|A0A144RC60|A0A144RC60_ENTCL	GCF_024582835.1_WP_257083279.1	26.829	86	87	90	82	55	2	10	86	2	83	1.35e-17	75.5
tr|A0A144RC60|A0A144RC60_ENTCL	GCF_024362845.1_WP_255230807.1	22.785	86	82	86	79	56	2	10	83	2	80	1.42e-17	75.5
tr|A0A144RC60|A0A144RC60_ENTCL	GCF_000021985.1_WP_012639500.1	33.784	86	82	80	74	44	2	3	71	1	74	1.45e-17	75.5
tr|A0A144RC60|A0A144RC60_ENTCL	GCF_024347675.1_WP_261835500.1	28.750	86	81	87	80	52	2	10	84	2	81	1.66e-17	75.2
tr|A0A144RC60|A0A144RC60_ENTCL	GCF_000785705.2_WP_036272019.1	26.923	86	82	86	78	52	2	10	83	6	82	1.79e-17	75.2
tr|A0A144RC60|A0A144RC60_ENTCL	GCF_002215215.1_WP_088918776.1	41.429	86	101	80	70	39	2	5	73	15	83	2.20e-17	75.2
tr|A0A144RC60|A0A144RC60_ENTCL	GCF_000212735.1_WP_013764159.1	26.923	86	83	86	78	50	2	1	74	1	75	2.31e-17	75.0
tr|A0A144RC60|A0A144RC60_ENTCL	GCF_003967195.1_WP_172597571.1	33.333	86	83	81	75	45	2	3	72	2	76	2.44e-17	75.0
tr|A0A144RC60|A0A144RC60_ENTCL	GCF_000828615.1_WP_041064380.1	34.177	86	80	86	79	47	3	1	74	1	79	3.01e-17	74.7
tr|A0A144RC60|A0A144RC60_ENTCL	GCF_009938015.1_WP_223264517.1	30.769	86	90	85	78	49	3	1	73	1	78	3.50e-17	74.7
tr|A0A144RC60|A0A144RC60_ENTCL	GCF_001456255.1_WP_020335096.1	24.359	86	81	85	78	54	2	12	84	4	81	3.62e-17	74.4
tr|A0A144RC60|A0A144RC60_ENTCL	GCF_001831495.1_WP_068547707.1	22.785	86	81	86	79	56	2	10	83	2	80	4.11e-17	74.4
tr|A0A144RC60|A0A144RC60_ENTCL	GCF_003258315.1_WP_111337788.1	26.582	86	88	91	79	57	1	8	85	4	82	4.49e-17	74.4
tr|A0A144RC60|A0A144RC60_ENTCL	GCF_002906475.1_WP_012130247.1	24.675	86	81	84	77	53	2	12	83	4	80	5.26e-17	74.1
tr|A0A144RC60|A0A144RC60_ENTCL	GCF_900233005.1_WP_102521318.1	25.316	86	81	86	79	54	2	10	83	2	80	5.47e-17	73.8
tr|A0A144RC60|A0A144RC60_ENTCL	GCF_019703835.1_WP_087020305.1	32.911	86	79	87	79	46	2	12	86	3	78	6.06e-17	73.8
tr|A0A144RC60|A0A144RC60_ENTCL	GCF_003346775.1_WP_114843067.1	28.571	86	84	86	77	49	2	3	76	1	74	6.09e-17	73.8
tr|A0A144RC60|A0A144RC60_ENTCL	GCF_024746855.1_WP_260492542.1	30.769	86	79	86	78	50	1	10	83	2	79	6.25e-17	73.8
tr|A0A144RC60|A0A144RC60_ENTCL	GCF_007197555.1_WP_144048375.1	30.380	86	94	84	79	48	3	4	75	1	79	6.38e-17	74.1
tr|A0A144RC60|A0A144RC60_ENTCL	GCF_003353065.1_WP_114983154.1	27.632	86	84	84	76	48	3	1	72	1	73	6.75e-17	73.8
tr|A0A144RC60|A0A144RC60_ENTCL	GCF_008369605.1_WP_000253074.1	29.114	86	81	86	79	51	2	10	83	2	80	6.89e-17	73.5
tr|A0A144RC60|A0A144RC60_ENTCL	GCF_010093065.1_WP_162331416.1	23.684	86	84	84	76	51	2	4	75	5	77	6.91e-17	73.8
tr|A0A144RC60|A0A144RC60_ENTCL	GCF_002218045.2_WP_089137819.1	37.500	86	79	79	72	41	2	6	73	5	76	7.10e-17	73.5
tr|A0A144RC60|A0A144RC60_ENTCL	GCF_000770115.1_WP_069687890.1	23.377	86	81	84	77	54	2	12	83	4	80	7.46e-17	73.5
tr|A0A144RC60|A0A144RC60_ENTCL	GCF_024360925.2_WP_255188929.1	26.923	86	83	90	78	55	2	10	86	6	82	7.54e-17	73.5
tr|A0A144RC60|A0A144RC60_ENTCL	GCF_015209785.1_WP_193988300.1	42.647	86	73	78	68	38	1	6	72	2	69	7.72e-17	73.5
tr|A0A144RC60|A0A144RC60_ENTCL	GCF_003544915.1_WP_118918525.1	27.632	86	73	85	76	49	2	3	75	1	73	7.72e-17	73.5
tr|A0A144RC60|A0A144RC60_ENTCL	GCF_002021755.1_WP_005434844.1	24.675	86	81	84	77	53	2	12	83	4	80	8.14e-17	73.5
tr|A0A144RC60|A0A144RC60_ENTCL	GCF_013201725.1_WP_014475480.1	29.730	86	74	83	74	46	2	3	73	1	71	8.23e-17	73.3
tr|A0A144RC60|A0A144RC60_ENTCL	GCF_003668795.1_WP_054981706.1	29.630	86	83	88	81	52	2	10	85	2	82	8.76e-17	73.5
tr|A0A144RC60|A0A144RC60_ENTCL	GCF_002849875.1_WP_232379112.1	29.070	86	113	91	86	53	2	6	83	28	113	9.28e-17	74.1
tr|A0A144RC60|A0A144RC60_ENTCL	GCF_002157225.2_WP_086934278.1	28.767	86	80	85	73	52	0	10	82	5	77	9.76e-17	73.3
tr|A0A144RC60|A0A144RC60_ENTCL	GCF_002221525.1_WP_089349457.1	29.630	86	83	88	81	52	2	10	85	2	82	1.00e-16	73.3
tr|A0A144RC60|A0A144RC60_ENTCL	GCF_003063625.1_WP_108601906.1	25.714	86	85	78	70	49	1	10	76	5	74	1.06e-16	73.3
tr|A0A144RC60|A0A144RC60_ENTCL	GCF_003346815.1_WP_114840342.1	30.667	86	82	84	75	46	2	3	74	1	72	1.15e-16	73.3
tr|A0A144RC60|A0A144RC60_ENTCL	GCF_013177635.1_WP_129095542.1	25.676	86	72	83	74	49	2	3	73	1	71	1.19e-16	73.0
tr|A0A144RC60|A0A144RC60_ENTCL	GCF_005931095.1_WP_017839868.1	25.676	86	84	85	74	53	2	8	80	4	76	1.35e-16	73.0
tr|A0A144RC60|A0A144RC60_ENTCL	GCF_902810445.1_WP_197744199.1	22.667	86	78	83	75	51	3	4	74	1	72	1.39e-16	73.0
tr|A0A144RC60|A0A144RC60_ENTCL	GCF_003990335.1_WP_127025819.1	26.984	86	91	73	63	46	0	11	73	7	69	1.46e-16	73.0
tr|A0A144RC60|A0A144RC60_ENTCL	GCF_023733635.1_WP_039959400.1	29.268	86	89	90	82	53	2	4	80	1	82	1.52e-16	73.0
tr|A0A144RC60|A0A144RC60_ENTCL	GCF_004328865.1_WP_104643907.1	28.395	86	83	88	81	53	2	10	85	2	82	1.58e-16	72.7
tr|A0A144RC60|A0A144RC60_ENTCL	GCF_003970675.1_WP_126615366.1	27.941	86	76	79	68	45	2	7	74	10	73	1.74e-16	72.7
tr|A0A144RC60|A0A144RC60_ENTCL	GCF_019670485.1_WP_221071211.1	25.974	86	81	84	77	52	2	12	83	4	80	1.84e-16	72.7
tr|A0A144RC60|A0A144RC60_ENTCL	GCF_018736065.1_WP_144074266.1	27.941	86	76	79	68	45	2	7	74	10	73	1.97e-16	72.4
tr|A0A144RC60|A0A144RC60_ENTCL	GCF_019797925.1_WP_193521737.1	32.468	86	80	85	77	48	1	11	83	3	79	2.28e-16	72.4
tr|A0A144RC60|A0A144RC60_ENTCL	GCF_002355415.1_WP_148665551.1	35.714	86	87	77	70	41	2	6	71	13	82	2.55e-16	72.4
tr|A0A144RC60|A0A144RC60_ENTCL	GCF_004028275.1_WP_128384077.1	24.638	86	77	76	69	48	2	9	73	2	70	2.69e-16	72.1
tr|A0A144RC60|A0A144RC60_ENTCL	GCF_005877035.1_WP_039486662.1	28.395	86	83	88	81	53	2	10	85	2	82	3.02e-16	72.1
tr|A0A144RC60|A0A144RC60_ENTCL	GCF_000321415.2_WP_015260329.1	32.941	86	93	94	85	53	2	1	81	1	85	3.17e-16	72.1
tr|A0A144RC60|A0A144RC60_ENTCL	GCF_000940995.1_WP_082060442.1	27.059	86	93	98	85	61	1	3	86	1	85	3.19e-16	72.1
tr|A0A144RC60|A0A144RC60_ENTCL	GCF_000238395.3_WP_010553578.1	27.160	86	83	88	81	54	2	10	85	2	82	3.60e-16	71.9
tr|A0A144RC60|A0A144RC60_ENTCL	GCF_000772105.1_WP_004748349.1	27.027	86	81	80	74	49	2	10	78	2	75	3.62e-16	71.9
tr|A0A144RC60|A0A144RC60_ENTCL	GCF_013201935.1_WP_129014602.1	25.676	86	72	83	74	49	2	3	73	1	71	4.00e-16	71.6
tr|A0A144RC60|A0A144RC60_ENTCL	GCF_024347195.1_WP_271272618.1	34.247	86	77	80	73	44	3	4	72	1	73	4.20e-16	71.6
tr|A0A144RC60|A0A144RC60_ENTCL	GCF_002355735.1_WP_096359192.1	28.571	86	83	85	77	51	2	4	76	7	83	4.72e-16	71.6
tr|A0A144RC60|A0A144RC60_ENTCL	GCF_000024825.1_WP_005460845.1	24.359	86	81	85	78	54	2	12	84	4	81	5.47e-16	71.3
tr|A0A144RC60|A0A144RC60_ENTCL	GCF_000026085.1_WP_041454550.1	38.028	86	73	80	71	41	3	6	74	2	71	7.49e-16	71.0
tr|A0A144RC60|A0A144RC60_ENTCL	GCF_024347255.1_WP_091360415.1	32.432	86	79	80	74	45	2	4	72	1	74	9.08e-16	70.7
tr|A0A144RC60|A0A144RC60_ENTCL	GCF_013201665.1_WP_128359868.1	24.390	86	81	92	82	56	2	3	81	1	79	9.77e-16	70.7
tr|A0A144RC60|A0A144RC60_ENTCL	GCF_009363415.1_WP_152430616.1	20.253	86	84	86	79	58	2	10	83	2	80	1.01e-15	70.7
tr|A0A144RC60|A0A144RC60_ENTCL	GCF_000227685.2_WP_006746304.1	29.630	86	83	90	81	53	2	1	77	1	81	1.16e-15	70.7
tr|A0A144RC60|A0A144RC60_ENTCL	GCF_002557795.1_WP_098194977.1	26.667	86	89	80	75	46	2	6	74	7	78	1.22e-15	70.7
tr|A0A144RC60|A0A144RC60_ENTCL	GCF_000019525.1_WP_012323084.1	28.000	86	81	81	75	49	2	10	79	2	76	1.26e-15	70.5
tr|A0A144RC60|A0A144RC60_ENTCL	GCF_016613475.2_WP_200606805.1	21.333	86	90	83	75	52	2	4	74	5	76	1.30e-15	70.7
tr|A0A144RC60|A0A144RC60_ENTCL	GCF_019977755.1_WP_126608378.1	32.184	86	103	88	87	48	3	10	85	16	102	1.35e-15	70.7
tr|A0A144RC60|A0A144RC60_ENTCL	GCF_024347495.1_WP_137371745.1	25.316	86	80	86	79	54	2	10	83	2	80	1.41e-15	70.5
tr|A0A144RC60|A0A144RC60_ENTCL	GCF_002887615.1_WP_038869703.1	23.377	86	81	84	77	54	2	12	83	4	80	1.43e-15	70.5
tr|A0A144RC60|A0A144RC60_ENTCL	GCF_001999225.1_WP_077537996.1	23.457	86	82	88	81	57	2	10	85	2	82	1.46e-15	70.5
tr|A0A144RC60|A0A144RC60_ENTCL	GCF_002157895.1_WP_227874980.1	23.750	86	82	87	80	56	2	10	84	3	82	1.47e-15	70.5
tr|A0A144RC60|A0A144RC60_ENTCL	GCF_008931805.1_WP_019441510.1	23.750	86	81	87	80	56	2	10	84	2	81	2.27e-15	69.9
tr|A0A144RC60|A0A144RC60_ENTCL	GCF_006364355.1_WP_004727652.1	22.785	86	83	86	79	56	2	10	83	2	80	2.42e-15	69.9
tr|A0A144RC60|A0A144RC60_ENTCL	GCF_008122265.1_WP_148863603.1	21.333	86	84	83	75	52	2	4	74	1	72	3.12e-15	69.6
tr|A0A144RC60|A0A144RC60_ENTCL	GCF_024347275.1_WP_019620968.1	27.848	86	82	86	79	52	3	4	77	1	79	3.40e-15	69.3
tr|A0A144RC60|A0A144RC60_ENTCL	GCF_000143085.1_WP_013221711.1	23.611	86	82	79	72	48	3	4	71	1	69	3.43e-15	69.3
tr|A0A144RC60|A0A144RC60_ENTCL	GCF_001455205.1_WP_062560013.1	23.750	86	84	87	80	55	3	10	84	6	84	4.29e-15	69.0
tr|A0A144RC60|A0A144RC60_ENTCL	GCF_000014785.1_WP_011630183.1	28.571	86	83	85	77	51	2	4	76	7	83	4.83e-15	69.0
tr|A0A144RC60|A0A144RC60_ENTCL	GCF_001956695.1_WP_076086043.1	26.667	86	77	84	75	49	2	4	75	1	72	4.92e-15	68.8
tr|A0A144RC60|A0A144RC60_ENTCL	GCF_005166025.1_WP_137090244.1	28.947	86	84	84	76	47	2	3	74	1	73	5.07e-15	69.0
tr|A0A144RC60|A0A144RC60_ENTCL	GCF_001050135.1_WP_048644179.1	25.641	86	88	86	78	51	3	1	74	1	75	6.12e-15	68.8
tr|A0A144RC60|A0A144RC60_ENTCL	GCF_000317125.1_WP_015155280.1	22.500	86	81	88	80	55	3	4	79	1	77	6.42e-15	68.8
tr|A0A144RC60|A0A144RC60_ENTCL	GCF_012295615.1_WP_007018284.1	20.779	86	81	84	77	56	2	12	83	4	80	7.52e-15	68.5
tr|A0A144RC60|A0A144RC60_ENTCL	GCF_020091585.1_WP_224339804.1	25.333	86	82	83	75	49	3	4	74	1	72	8.15e-15	68.5
tr|A0A144RC60|A0A144RC60_ENTCL	GCF_004421105.1_WP_134356453.1	21.333	86	80	83	75	52	3	4	74	1	72	8.53e-15	68.2
tr|A0A144RC60|A0A144RC60_ENTCL	GCF_002356115.1_WP_096526481.1	18.667	86	78	83	75	54	2	4	74	1	72	9.68e-15	68.2
tr|A0A144RC60|A0A144RC60_ENTCL	GCF_000788395.1_WP_038641921.1	28.788	86	85	76	66	46	1	10	74	5	70	1.42e-14	67.9
tr|A0A144RC60|A0A144RC60_ENTCL	GCF_008807855.1_WP_063240334.1	22.078	86	83	85	77	53	2	2	74	3	76	1.68e-14	67.6
tr|A0A144RC60|A0A144RC60_ENTCL	GCF_000012805.1_WP_011330264.1	21.333	86	85	83	75	52	3	4	74	1	72	2.22e-14	67.4
tr|A0A144RC60|A0A144RC60_ENTCL	GCF_001442805.1_WP_057942092.1	24.658	86	88	80	73	48	2	6	74	7	76	2.30e-14	67.4
tr|A0A144RC60|A0A144RC60_ENTCL	GCF_010119975.1_WP_162445115.1	25.882	86	365	94	85	55	2	4	84	8	88	2.60e-14	71.6
tr|A0A144RC60|A0A144RC60_ENTCL	GCF_003568825.1_WP_040644076.1	23.171	86	83	86	82	55	2	10	83	2	83	2.68e-14	67.1
tr|A0A144RC60|A0A144RC60_ENTCL	GCF_001431725.1_WP_021820278.1	25.000	86	81	87	80	55	2	10	84	2	81	2.85e-14	67.1
tr|A0A144RC60|A0A144RC60_ENTCL	GCF_003722295.1_WP_010573895.1	28.947	86	75	81	76	45	2	4	73	1	73	3.10e-14	66.8
tr|A0A144RC60|A0A144RC60_ENTCL	GCF_008632455.1_WP_150048082.1	25.758	86	84	77	66	49	0	9	74	5	70	3.25e-14	66.8
tr|A0A144RC60|A0A144RC60_ENTCL	GCF_017638925.1_WP_208844867.1	25.333	86	81	83	75	52	1	11	81	3	77	4.02e-14	66.5
tr|A0A144RC60|A0A144RC60_ENTCL	GCF_001956695.1_WP_076086034.1	25.000	86	77	79	72	47	2	7	74	2	70	4.92e-14	66.2
tr|A0A144RC60|A0A144RC60_ENTCL	GCF_024347215.1_WP_261843265.1	34.247	86	77	80	73	44	3	4	72	1	73	4.96e-14	66.2
tr|A0A144RC60|A0A144RC60_ENTCL	GCF_018389385.1_WP_218082190.1	21.053	86	91	84	76	53	2	2	73	13	85	6.85e-14	66.2
tr|A0A144RC60|A0A144RC60_ENTCL	GCF_000092245.1_WP_013136435.1	32.394	86	76	79	71	42	2	7	74	2	69	8.93e-14	65.7
tr|A0A144RC60|A0A144RC60_ENTCL	GCF_004798725.1_WP_010811758.1	23.377	86	83	85	77	52	2	2	74	3	76	9.40e-14	65.7
tr|A0A144RC60|A0A144RC60_ENTCL	GCF_013201665.1_WP_128358834.1	28.169	86	76	79	71	45	2	7	74	2	69	1.58e-13	65.1
tr|A0A144RC60|A0A144RC60_ENTCL	GCF_003955735.1_WP_126127786.1	25.676	86	91	81	74	48	3	5	74	7	77	2.33e-13	64.8
tr|A0A144RC60|A0A144RC60_ENTCL	GCF_000222485.1_WP_014022977.1	21.795	86	85	86	78	54	3	1	74	1	75	2.46e-13	64.8
tr|A0A144RC60|A0A144RC60_ENTCL	GCF_013283835.1_WP_071625892.1	27.027	86	79	79	74	45	2	7	74	2	72	2.51e-13	64.5
tr|A0A144RC60|A0A144RC60_ENTCL	GCF_026427595.1_WP_251812951.1	27.160	86	88	84	81	50	3	12	83	7	87	4.20e-13	64.3
tr|A0A144RC60|A0A144RC60_ENTCL	GCF_013177635.1_WP_129095951.1	28.169	86	76	79	71	45	2	7	74	2	69	4.27e-13	64.0
tr|A0A144RC60|A0A144RC60_ENTCL	GCF_000019185.1_WP_012277931.1	24.490	86	100	86	98	50	3	10	83	2	99	4.89e-13	64.3
tr|A0A144RC60|A0A144RC60_ENTCL	GCF_000973725.1_WP_046311560.1	25.641	86	91	86	78	51	2	3	76	1	75	5.57e-13	64.0
tr|A0A144RC60|A0A144RC60_ENTCL	GCF_009937995.1_WP_179954406.1	25.333	86	79	81	75	51	2	4	73	1	75	5.73e-13	63.7
tr|A0A144RC60|A0A144RC60_ENTCL	GCF_000317575.1_WP_015193670.1	24.324	86	74	81	74	49	2	4	73	1	71	6.50e-13	63.4
tr|A0A144RC60|A0A144RC60_ENTCL	GCF_013201935.1_WP_128987185.1	26.761	86	76	79	71	46	2	7	74	2	69	8.58e-13	63.1
tr|A0A144RC60|A0A144RC60_ENTCL	GCF_000265505.1_WP_014796533.1	23.529	86	97	86	85	54	2	4	77	3	87	1.11e-12	63.1
tr|A0A144RC60|A0A144RC60_ENTCL	GCF_013282625.1_WP_173286717.1	29.231	86	67	76	65	43	1	9	73	2	63	1.57e-12	62.3
tr|A0A144RC60|A0A144RC60_ENTCL	GCF_000018105.1_WP_012162738.1	16.854	86	86	97	89	65	3	4	86	1	86	1.67e-12	62.6
tr|A0A144RC60|A0A144RC60_ENTCL	GCF_000024725.1_WP_013031543.1	20.000	86	81	83	75	53	3	4	74	1	72	1.89e-12	62.3
tr|A0A144RC60|A0A144RC60_ENTCL	GCF_019891175.1_WP_225938383.1	18.750	86	93	88	80	58	2	4	79	9	85	2.10e-12	62.6
tr|A0A144RC60|A0A144RC60_ENTCL	GCF_001705075.2_WP_065970077.1	25.641	86	78	86	78	54	2	3	76	1	78	2.85e-12	61.7
tr|A0A144RC60|A0A144RC60_ENTCL	GCF_000012325.1_WP_011045621.1	28.125	86	84	74	64	46	0	10	73	5	68	3.19e-12	61.7
tr|A0A144RC60|A0A144RC60_ENTCL	GCF_026278345.1_WP_266369249.1	25.676	86	90	81	74	48	2	4	73	1	71	5.91e-12	61.2
tr|A0A144RC60|A0A144RC60_ENTCL	GCF_003544815.1_WP_118886031.1	28.169	86	76	79	71	45	2	7	74	2	69	6.49e-12	60.9
tr|A0A144RC60|A0A144RC60_ENTCL	GCF_004293625.1_WP_130538367.1	33.898	86	71	69	59	36	1	9	67	2	57	2.31e-11	59.5
tr|A0A144RC60|A0A144RC60_ENTCL	GCF_000006765.1_NP_249630.1	38.462	86	108	69	65	34	1	4	62	1	65	3.02e-11	59.8
tr|A0A144RC60|A0A144RC60_ENTCL	GCF_011398355.1_WP_173270160.1	26.667	86	65	70	60	41	1	9	68	2	58	3.60e-11	58.9
tr|A0A144RC60|A0A144RC60_ENTCL	GCF_013177675.1_WP_172126669.1	29.577	86	77	79	71	44	2	7	74	2	69	4.99e-11	58.6
tr|A0A144RC60|A0A144RC60_ENTCL	GCF_000147355.1_WP_013326989.1	24.242	86	67	71	66	45	2	23	83	1	66	5.87e-11	58.4
tr|A0A144RC60|A0A144RC60_ENTCL	GCF_003967275.1_WP_197721837.1	28.378	86	78	81	74	49	3	3	72	1	74	9.96e-11	57.8
tr|A0A144RC60|A0A144RC60_ENTCL	GCF_003346815.1_WP_114840344.1	25.676	86	84	83	74	49	3	4	74	1	71	1.04e-10	58.1
tr|A0A144RC60|A0A144RC60_ENTCL	GCF_021654855.1_WP_237262080.1	25.000	86	70	74	68	44	2	10	73	3	67	1.63e-10	57.2
tr|A0A144RC60|A0A144RC60_ENTCL	GCF_002309535.1_WP_096047558.1	25.000	86	88	90	80	54	2	9	85	4	80	2.66e-10	57.0
tr|A0A144RC60|A0A144RC60_ENTCL	GCF_000238255.3_WP_010559905.1	25.758	86	86	76	66	48	1	10	74	5	70	5.04e-10	56.4
tr|A0A144RC60|A0A144RC60_ENTCL	GCF_024347675.1_WP_261833361.1	37.209	86	54	50	43	27	0	10	52	2	44	7.29e-10	55.3
tr|A0A144RC60|A0A144RC60_ENTCL	GCF_000018285.1_WP_012155987.1	20.619	86	102	83	97	51	3	11	81	3	99	1.95e-09	55.0
tr|A0A144RC60|A0A144RC60_ENTCL	GCF_017742995.1_WP_247749573.1	50.000	86	48	42	36	18	0	10	45	2	37	2.24e-09	54.1
tr|A0A144RC60|A0A144RC60_ENTCL	GCF_011398355.1_WP_173270199.1	25.000	86	66	70	60	42	1	9	68	2	58	3.95e-09	53.6
tr|A0A144RC60|A0A144RC60_ENTCL	GCF_000568815.1_WP_025346049.1	25.714	86	76	78	70	46	2	8	74	3	69	4.28e-09	53.9
tr|A0A144RC60|A0A144RC60_ENTCL	GCF_001444405.1_WP_058032142.1	27.692	86	87	74	65	46	1	10	73	2	66	5.71e-09	53.6
tr|A0A144RC60|A0A144RC60_ENTCL	GCF_023650495.1_WP_250655372.1	24.528	86	88	57	53	36	1	8	56	3	55	7.48e-09	53.3
tr|A0A144RC60|A0A144RC60_ENTCL	GCF_001723605.1_WP_069479051.1	26.471	86	76	76	68	44	2	10	74	5	69	9.77e-09	52.7
tr|A0A144RC60|A0A144RC60_ENTCL	GCF_006385555.1_WP_140234395.1	40.426	86	87	52	47	26	1	9	53	3	49	1.32e-08	52.7
tr|A0A144RC60|A0A144RC60_ENTCL	GCF_000265295.1_WP_014770430.1	25.714	86	76	78	70	46	2	8	74	3	69	1.74e-08	52.2
tr|A0A144RC60|A0A144RC60_ENTCL	GCF_003855395.1_WP_124730567.1	23.256	86	88	90	86	57	4	9	85	3	88	3.24e-08	51.6
tr|A0A144RC60|A0A144RC60_ENTCL	GCF_011398155.1_WP_173291533.1	21.538	86	71	74	65	47	2	10	73	3	64	4.60e-08	51.0
tr|A0A144RC60|A0A144RC60_ENTCL	GCF_000014705.1_WP_011637758.1	20.482	86	88	91	83	61	2	9	86	3	85	1.11e-07	50.2
tr|A0A144RC60|A0A144RC60_ENTCL	GCF_013283835.1_WP_071628250.1	28.378	86	81	83	74	47	2	4	74	1	71	2.64e-07	49.4
tr|A0A144RC60|A0A144RC60_ENTCL	GCF_009931655.1_WP_161888514.1	17.722	86	89	87	79	58	2	3	77	1	76	3.12e-07	49.1
tr|A0A144RC60|A0A144RC60_ENTCL	GCF_020511155.1_WP_226415657.1	18.824	86	87	88	85	60	3	8	83	3	87	3.25e-07	49.1
tr|A0A144RC60|A0A144RC60_ENTCL	GCF_000013765.1_WP_011496543.1	25.714	86	106	76	70	47	2	10	74	23	92	3.61e-07	49.4
tr|A0A144RC60|A0A144RC60_ENTCL	GCF_011764585.1_WP_188200227.1	29.825	86	63	60	57	35	2	22	73	1	57	9.02e-07	47.7
tr|A0A144RC60|A0A144RC60_ENTCL	GCF_001027285.1_WP_047859305.1	24.490	86	80	57	49	37	0	12	60	12	60	1.03e-06	47.7
tr|A0A144RC60|A0A144RC60_ENTCL	GCF_005281475.1_WP_137401239.1	22.222	86	81	80	72	50	3	6	74	2	70	9.72e-06	45.1
tr|A0A144RC60|A0A144RC60_ENTCL	GCF_014217805.1_WP_185274331.1	19.178	86	91	80	73	52	2	5	73	6	75	1.16e-05	45.1
tr|A0A144RC60|A0A144RC60_ENTCL	GCF_000242635.2_WP_014682426.1	22.581	86	83	67	62	41	2	14	71	11	69	2.13e-05	44.3
tr|A0A144RC60|A0A144RC60_ENTCL	GCF_003260975.1_WP_112783789.1	19.444	86	81	80	72	52	3	6	74	2	70	2.68e-05	44.0
tr|A0A144RC60|A0A144RC60_ENTCL	GCF_006575665.1_WP_141613356.1	22.222	86	81	80	72	50	3	6	74	2	70	3.24e-05	44.0
tr|A0A144RC60|A0A144RC60_ENTCL	GCF_019931735.1_WP_223417223.1	27.907	86	87	50	43	31	0	10	52	4	46	3.94e-05	43.7
tr|A0A144RC60|A0A144RC60_ENTCL	GCF_014075995.1_WP_182414414.1	18.667	86	91	83	75	54	2	3	73	4	75	5.48e-05	43.4
tr|A0A144RC60|A0A144RC60_ENTCL	GCF_002116735.1_WP_041332374.1	18.667	86	86	83	75	54	2	4	74	7	78	6.96e-05	43.2
tr|A0A144RC60|A0A144RC60_ENTCL	GCF_000484535.1_WP_023173213.1	31.746	86	91	72	63	42	1	12	73	24	86	7.63e-05	43.2
tr|A0A144RC60|A0A144RC60_ENTCL	GCF_009937995.1_WP_162085741.1	27.160	86	82	86	81	51	4	3	76	1	80	4.34e-04	40.9
tr|A0A144RC60|A0A144RC60_ENTCL	GCF_021018745.1_WP_230843504.1	28.571	86	92	72	63	44	1	12	73	24	86	8.83e-04	40.4
tr|A0A144RC60|A0A144RC60_ENTCL	GCF_000017845.1_WP_009544142.1	35.714	86	813	65	56	27	1	15	70	377	423	0.001	42.3
tr|A0A144RC60|A0A144RC60_ENTCL	GCF_001263175.1_WP_050726405.1	28.889	86	81	52	45	32	0	12	56	12	56	0.002	39.5
tr|A0A144RC60|A0A144RC60_ENTCL	GCF_000011385.1_WP_011141833.1	28.571	86	92	72	63	44	1	12	73	24	86	0.002	39.5
tr|A0A144RC60|A0A144RC60_ENTCL	GCF_009938015.1_WP_147074368.1	20.988	86	82	86	81	56	5	3	76	1	80	0.002	39.2
tr|A0A144RC60|A0A144RC60_ENTCL	GCF_018388465.1_WP_208290210.1	25.806	86	316	69	62	43	2	16	74	139	200	0.004	40.9
tr|A0A144RC60|A0A144RC60_ENTCL	GCF_003143555.1_WP_109340539.1	16.667	86	84	73	66	52	2	12	74	5	70	0.004	38.4
# PSIBLAST 2.13.0+
# Iteration: 4
# Query: tr|A0A144RC60|A0A144RC60_ENTCL Transcriptional antiterminator Rof OS=Enterobacter cloacae OX=550 GN=rof PE=4 SV=1
# Database: db/chosen-bacteria_proteome_exDup
# Fields: query id, subject id, % identity, query length, subject length, % query coverage per subject, alignment length, mismatches, gap opens, q. start, q. end, s. start, s. end, evalue, bit score
# 464 hits found
tr|A0A144RC60|A0A144RC60_ENTCL	GCF_001461805.1_WP_013367515.1	88.372	86	86	100	86	10	0	1	86	1	86	2.03e-41	136
tr|A0A144RC60|A0A144RC60_ENTCL	GCF_009036245.1_WP_025756830.1	95.349	86	86	100	86	4	0	1	86	1	86	2.44e-41	136
tr|A0A144RC60|A0A144RC60_ENTCL	GCF_001518835.1_WP_059308693.1	91.860	86	86	100	86	7	0	1	86	1	86	2.60e-41	136
tr|A0A144RC60|A0A144RC60_ENTCL	GCF_009176645.1_WP_152083529.1	94.186	86	86	100	86	5	0	1	86	1	86	2.84e-41	136
tr|A0A144RC60|A0A144RC60_ENTCL	GCF_021172065.1_WP_015965827.1	84.884	86	86	100	86	13	0	1	86	1	86	3.63e-41	135
tr|A0A144RC60|A0A144RC60_ENTCL	GCF_020097475.1_WP_000062318.1	89.535	86	86	100	86	9	0	1	86	1	86	5.19e-41	135
tr|A0A144RC60|A0A144RC60_ENTCL	GCF_003594935.2_WP_006173581.1	96.512	86	86	100	86	3	0	1	86	1	86	9.13e-41	134
tr|A0A144RC60|A0A144RC60_ENTCL	GCF_001683395.1_WP_017458015.1	84.884	86	86	100	86	13	0	1	86	1	86	9.28e-41	134
tr|A0A144RC60|A0A144RC60_ENTCL	GCF_001022135.1_WP_039078449.1	89.535	86	86	100	86	9	0	1	86	1	86	9.96e-41	134
tr|A0A144RC60|A0A144RC60_ENTCL	GCF_001658025.2_WP_007373243.1	83.721	86	86	100	86	14	0	1	86	1	86	1.23e-40	134
tr|A0A144RC60|A0A144RC60_ENTCL	GCF_000224675.1_WP_010426685.1	96.512	86	86	100	86	3	0	1	86	1	86	1.24e-40	134
tr|A0A144RC60|A0A144RC60_ENTCL	GCF_027886705.1_WP_061497537.1	83.721	86	86	100	86	14	0	1	86	1	86	1.26e-40	134
tr|A0A144RC60|A0A144RC60_ENTCL	GCF_007632255.1_WP_015368146.1	82.558	86	86	100	86	15	0	1	86	1	86	1.30e-40	134
tr|A0A144RC60|A0A144RC60_ENTCL	GCF_015137655.1_WP_028015593.1	95.349	86	86	100	86	4	0	1	86	1	86	1.35e-40	134
tr|A0A144RC60|A0A144RC60_ENTCL	GCF_001729805.1_WP_008501890.1	96.512	86	86	100	86	3	0	1	86	1	86	1.47e-40	134
tr|A0A144RC60|A0A144RC60_ENTCL	GCF_000006925.2_NP_706134.1	88.372	86	86	100	86	10	0	1	86	1	86	1.74e-40	133
tr|A0A144RC60|A0A144RC60_ENTCL	GCF_025914095.1_WP_031518416.1	93.023	86	86	100	86	6	0	1	86	1	86	2.24e-40	133
tr|A0A144RC60|A0A144RC60_ENTCL	GCF_001750725.1_WP_014168720.1	98.837	86	86	100	86	1	0	1	86	1	86	2.55e-40	133
tr|A0A144RC60|A0A144RC60_ENTCL	GCF_009363135.1_WP_090122691.1	83.721	86	86	100	86	14	0	1	86	1	86	3.08e-40	133
tr|A0A144RC60|A0A144RC60_ENTCL	GCF_023195735.1_WP_035891978.1	82.558	86	86	100	86	15	0	1	86	1	86	4.17e-40	132
tr|A0A144RC60|A0A144RC60_ENTCL	GCF_003812345.1_WP_003018503.1	88.372	86	86	100	86	10	0	1	86	1	86	4.66e-40	132
tr|A0A144RC60|A0A144RC60_ENTCL	GCF_019048625.1_WP_023305471.1	94.186	86	86	100	86	5	0	1	86	1	86	4.73e-40	132
tr|A0A144RC60|A0A144RC60_ENTCL	GCF_001277255.1_WP_007666633.1	86.047	86	86	100	86	12	0	1	86	1	86	4.73e-40	132
tr|A0A144RC60|A0A144RC60_ENTCL	GCF_004353845.1_WP_103768334.1	87.209	86	86	100	86	11	0	1	86	1	86	4.88e-40	132
tr|A0A144RC60|A0A144RC60_ENTCL	GCF_009649915.1_WP_062772223.1	83.721	86	86	100	86	14	0	1	86	1	86	4.92e-40	132
tr|A0A144RC60|A0A144RC60_ENTCL	GCF_004684345.1_WP_135323069.1	86.047	86	86	100	86	12	0	1	86	1	86	5.55e-40	132
tr|A0A144RC60|A0A144RC60_ENTCL	GCF_001558935.2_WP_042323659.1	88.372	86	86	100	86	10	0	1	86	1	86	6.45e-40	132
tr|A0A144RC60|A0A144RC60_ENTCL	GCF_021278985.1_WP_012904575.1	88.372	86	86	100	86	10	0	1	86	1	86	6.93e-40	132
tr|A0A144RC60|A0A144RC60_ENTCL	GCF_001277175.1_WP_007760020.1	84.884	86	86	100	86	13	0	1	86	1	86	6.98e-40	132
tr|A0A144RC60|A0A144RC60_ENTCL	GCF_900638065.1_WP_048212636.1	87.209	86	86	100	86	11	0	1	86	1	86	7.33e-40	132
tr|A0A144RC60|A0A144RC60_ENTCL	GCF_018128425.1_WP_042289833.1	90.698	86	86	100	86	8	0	1	86	1	86	1.02e-39	132
tr|A0A144RC60|A0A144RC60_ENTCL	GCF_022637515.1_WP_064539750.1	86.047	86	86	100	86	12	0	1	86	1	86	1.09e-39	131
tr|A0A144RC60|A0A144RC60_ENTCL	GCF_016904755.1_WP_059234959.1	88.235	86	86	99	85	10	0	1	85	1	85	1.10e-39	131
tr|A0A144RC60|A0A144RC60_ENTCL	GCF_001277195.1_WP_032966924.1	86.047	86	86	100	86	12	0	1	86	1	86	1.13e-39	131
tr|A0A144RC60|A0A144RC60_ENTCL	GCF_001277215.2_WP_007776988.1	84.884	86	86	100	86	13	0	1	86	1	86	1.22e-39	131
tr|A0A144RC60|A0A144RC60_ENTCL	GCF_003812925.1_WP_004107903.1	84.884	86	86	100	86	13	0	1	86	1	86	1.37e-39	131
tr|A0A144RC60|A0A144RC60_ENTCL	GCF_000240185.1_YP_005225236.1	84.884	86	86	100	86	13	0	1	86	1	86	1.51e-39	131
tr|A0A144RC60|A0A144RC60_ENTCL	GCF_009648935.1_WP_047417117.1	87.209	86	86	100	86	11	0	1	86	1	86	1.61e-39	131
tr|A0A144RC60|A0A144RC60_ENTCL	GCF_003261575.2_WP_110272453.1	83.721	86	86	100	86	14	0	1	86	1	86	1.77e-39	131
tr|A0A144RC60|A0A144RC60_ENTCL	GCF_018139045.1_WP_004129134.1	82.558	86	86	100	86	15	0	1	86	1	86	2.06e-39	131
tr|A0A144RC60|A0A144RC60_ENTCL	GCF_015139575.1_WP_004098776.1	83.721	86	86	100	86	14	0	1	86	1	86	2.74e-39	130
tr|A0A144RC60|A0A144RC60_ENTCL	GCF_006711645.1_WP_100682484.1	80.233	86	86	100	86	17	0	1	86	1	86	3.45e-39	130
tr|A0A144RC60|A0A144RC60_ENTCL	GCF_002393445.1_WP_061273728.1	87.059	86	86	99	85	11	0	1	85	1	85	3.89e-39	130
tr|A0A144RC60|A0A144RC60_ENTCL	GCF_022637595.1_WP_004858152.1	82.558	86	86	100	86	15	0	1	86	1	86	4.24e-39	130
tr|A0A144RC60|A0A144RC60_ENTCL	GCF_000018045.1_WP_024130681.1	88.372	86	86	100	86	10	0	1	86	1	86	4.28e-39	130
tr|A0A144RC60|A0A144RC60_ENTCL	GCF_012029655.1_WP_041144145.1	80.233	86	86	100	86	17	0	1	86	1	86	4.56e-39	130
tr|A0A144RC60|A0A144RC60_ENTCL	GCF_000834395.1_WP_042546713.1	80.233	86	86	100	86	17	0	1	86	1	86	5.26e-39	130
tr|A0A144RC60|A0A144RC60_ENTCL	GCF_003935895.2_WP_110510858.1	85.882	86	86	99	85	12	0	1	85	1	85	8.47e-39	129
tr|A0A144RC60|A0A144RC60_ENTCL	GCF_013234275.1_WP_172895488.1	86.047	86	86	100	86	12	0	1	86	1	86	9.54e-39	129
tr|A0A144RC60|A0A144RC60_ENTCL	GCF_000439255.1_WP_000062328.1	81.395	86	86	100	86	16	0	1	86	1	86	1.08e-38	129
tr|A0A144RC60|A0A144RC60_ENTCL	GCF_004124235.1_WP_025377303.1	80.233	86	86	100	86	17	0	1	86	1	86	1.11e-38	129
tr|A0A144RC60|A0A144RC60_ENTCL	GCF_024224615.1_WP_125293588.1	85.882	86	86	99	85	12	0	1	85	1	85	1.20e-38	129
tr|A0A144RC60|A0A144RC60_ENTCL	GCF_000005845.2_NP_414731.2	88.095	86	84	98	84	10	0	3	86	1	84	1.35e-38	128
tr|A0A144RC60|A0A144RC60_ENTCL	GCF_002163605.1_WP_157665988.1	76.744	86	86	100	86	20	0	1	86	1	86	1.36e-38	128
tr|A0A144RC60|A0A144RC60_ENTCL	GCF_900635955.1_WP_126357486.1	87.059	86	86	99	85	11	0	1	85	1	85	1.44e-38	128
tr|A0A144RC60|A0A144RC60_ENTCL	GCF_000222975.1_WP_002218374.1	79.070	86	86	100	86	18	0	1	86	1	86	1.73e-38	128
tr|A0A144RC60|A0A144RC60_ENTCL	GCF_011068345.1_WP_002436992.1	87.059	86	86	99	85	11	0	1	85	1	85	1.82e-38	128
tr|A0A144RC60|A0A144RC60_ENTCL	GCF_013282725.1_WP_032813813.1	79.070	86	86	100	86	18	0	1	86	1	86	1.95e-38	128
tr|A0A144RC60|A0A144RC60_ENTCL	GCF_025133195.1_WP_032910235.1	75.581	86	86	100	86	21	0	1	86	1	86	2.10e-38	128
tr|A0A144RC60|A0A144RC60_ENTCL	GCF_025758125.1_WP_023480196.1	79.070	86	86	100	86	18	0	1	86	1	86	2.75e-38	128
tr|A0A144RC60|A0A144RC60_ENTCL	GCF_000834455.1_WP_032817050.1	77.907	86	86	100	86	19	0	1	86	1	86	2.81e-38	128
tr|A0A144RC60|A0A144RC60_ENTCL	GCF_019797845.1_WP_222158377.1	72.093	86	86	100	86	24	0	1	86	1	86	2.88e-38	128
tr|A0A144RC60|A0A144RC60_ENTCL	GCF_000006945.2_NP_459242.1	81.395	86	86	100	86	16	0	1	86	1	86	3.35e-38	128
tr|A0A144RC60|A0A144RC60_ENTCL	GCF_005484945.1_WP_137712817.1	73.256	86	86	100	86	23	0	1	86	1	86	4.09e-38	127
tr|A0A144RC60|A0A144RC60_ENTCL	GCF_000010085.1_WP_011411656.1	61.905	86	86	98	84	32	0	1	84	1	84	4.39e-38	127
tr|A0A144RC60|A0A144RC60_ENTCL	GCF_012427845.1_WP_012773648.1	72.093	86	86	100	86	24	0	1	86	1	86	4.68e-38	127
tr|A0A144RC60|A0A144RC60_ENTCL	GCF_000517425.1_WP_025421126.1	63.095	86	86	98	84	31	0	1	84	1	84	4.68e-38	127
tr|A0A144RC60|A0A144RC60_ENTCL	GCF_900095885.1_WP_035340381.1	73.256	86	86	100	86	23	0	1	86	1	86	5.15e-38	127
tr|A0A144RC60|A0A144RC60_ENTCL	GCF_021276285.1_WP_095923198.1	73.810	86	86	98	84	22	0	1	84	1	84	5.94e-38	127
tr|A0A144RC60|A0A144RC60_ENTCL	GCF_002953195.1_WP_038628016.1	69.767	86	87	100	86	26	0	1	86	1	86	6.34e-38	127
tr|A0A144RC60|A0A144RC60_ENTCL	GCF_002288545.1_WP_029367608.1	70.930	86	86	100	86	25	0	1	86	1	86	7.02e-38	127
tr|A0A144RC60|A0A144RC60_ENTCL	GCF_009730055.1_WP_032906500.1	79.070	86	86	100	86	18	0	1	86	1	86	8.63e-38	127
tr|A0A144RC60|A0A144RC60_ENTCL	GCF_009914055.1_WP_160619715.1	70.930	86	87	100	86	25	0	1	86	1	86	1.09e-37	126
tr|A0A144RC60|A0A144RC60_ENTCL	GCF_017498685.1_WP_038245151.1	76.744	86	86	100	86	20	0	1	86	1	86	1.19e-37	126
tr|A0A144RC60|A0A144RC60_ENTCL	GCF_000233595.1_WP_013024706.1	74.118	86	86	99	85	22	0	1	85	1	85	1.70e-37	126
tr|A0A144RC60|A0A144RC60_ENTCL	GCF_022637475.1_WP_013574214.1	72.619	86	86	98	84	23	0	1	84	1	84	1.79e-37	126
tr|A0A144RC60|A0A144RC60_ENTCL	GCF_002101395.1_WP_085067900.1	69.767	86	87	100	86	26	0	1	86	1	86	1.85e-37	126
tr|A0A144RC60|A0A144RC60_ENTCL	GCF_009873295.1_WP_039312412.1	70.930	86	86	100	86	25	0	1	86	1	86	1.96e-37	126
tr|A0A144RC60|A0A144RC60_ENTCL	GCF_000520015.2_WP_024910172.1	69.767	86	87	100	86	26	0	1	86	1	86	2.01e-37	126
tr|A0A144RC60|A0A144RC60_ENTCL	GCF_000262305.1_WP_002441069.1	80.233	86	86	100	86	17	0	1	86	1	86	2.52e-37	125
tr|A0A144RC60|A0A144RC60_ENTCL	GCF_017569925.1_WP_208228065.1	72.093	86	86	100	86	24	0	1	86	1	86	3.49e-37	125
tr|A0A144RC60|A0A144RC60_ENTCL	GCF_009931295.1_WP_161528353.1	70.930	86	86	100	86	25	0	1	86	1	86	3.84e-37	125
tr|A0A144RC60|A0A144RC60_ENTCL	GCF_000740965.1_WP_011092648.1	69.767	86	86	100	86	26	0	1	86	1	86	3.87e-37	125
tr|A0A144RC60|A0A144RC60_ENTCL	GCF_000023545.1_WP_015854637.1	70.930	86	86	100	86	25	0	1	86	1	86	5.00e-37	125
tr|A0A144RC60|A0A144RC60_ENTCL	GCF_003515985.1_WP_085653101.1	70.588	86	86	99	85	25	0	1	85	1	85	5.16e-37	125
tr|A0A144RC60|A0A144RC60_ENTCL	GCF_020181655.1_WP_225087160.1	69.767	86	86	100	86	26	0	1	86	1	86	5.24e-37	125
tr|A0A144RC60|A0A144RC60_ENTCL	GCF_023517775.1_WP_249893541.1	73.256	86	87	100	86	23	0	1	86	1	86	5.34e-37	125
tr|A0A144RC60|A0A144RC60_ENTCL	GCF_015999465.1_WP_085688159.1	69.412	86	86	99	85	26	0	1	85	1	85	5.45e-37	125
tr|A0A144RC60|A0A144RC60_ENTCL	GCF_001642805.2_WP_004931991.1	70.930	86	87	100	86	25	0	1	86	1	86	5.55e-37	125
tr|A0A144RC60|A0A144RC60_ENTCL	GCF_016026735.1_WP_015673540.1	68.605	86	87	100	86	27	0	1	86	1	86	5.78e-37	125
tr|A0A144RC60|A0A144RC60_ENTCL	GCF_000025065.1_WP_012883679.1	71.765	86	86	99	85	24	0	1	85	1	85	6.44e-37	124
tr|A0A144RC60|A0A144RC60_ENTCL	GCF_003019925.1_WP_162185254.1	85.714	86	86	98	84	12	0	1	84	1	84	6.55e-37	124
tr|A0A144RC60|A0A144RC60_ENTCL	GCF_021462285.1_WP_234585968.1	70.930	86	87	100	86	25	0	1	86	1	86	7.16e-37	124
tr|A0A144RC60|A0A144RC60_ENTCL	GCF_002291445.1_WP_048635886.1	72.093	86	86	100	86	24	0	1	86	1	86	7.99e-37	124
tr|A0A144RC60|A0A144RC60_ENTCL	GCF_900187015.1_WP_061796701.1	70.930	86	87	100	86	25	0	1	86	1	86	9.69e-37	124
tr|A0A144RC60|A0A144RC60_ENTCL	GCF_011044475.1_WP_033740322.1	74.118	86	86	99	85	22	0	1	85	1	85	9.90e-37	124
tr|A0A144RC60|A0A144RC60_ENTCL	GCF_001742185.1_WP_005975933.1	69.767	86	86	100	86	26	0	1	86	1	86	1.05e-36	124
tr|A0A144RC60|A0A144RC60_ENTCL	GCF_005484965.1_WP_009114129.1	72.093	86	86	100	86	24	0	1	86	1	86	1.18e-36	124
tr|A0A144RC60|A0A144RC60_ENTCL	GCF_020079945.1_WP_039382769.1	71.765	86	87	99	85	24	0	1	85	1	85	1.22e-36	124
tr|A0A144RC60|A0A144RC60_ENTCL	GCF_009817885.1_WP_105232289.1	70.930	86	87	100	86	25	0	1	86	1	86	1.27e-36	124
tr|A0A144RC60|A0A144RC60_ENTCL	GCF_000023565.1_WP_012770818.1	70.588	86	86	99	85	25	0	1	85	1	85	1.48e-36	123
tr|A0A144RC60|A0A144RC60_ENTCL	GCF_007858975.2_WP_042869176.1	70.588	86	86	99	85	25	0	1	85	1	85	2.06e-36	123
tr|A0A144RC60|A0A144RC60_ENTCL	GCF_003992745.1_WP_014700896.1	69.767	86	86	100	86	26	0	1	86	1	86	2.47e-36	123
tr|A0A144RC60|A0A144RC60_ENTCL	GCF_011617105.1_WP_025800203.1	74.419	86	86	100	86	22	0	1	86	1	86	2.80e-36	123
tr|A0A144RC60|A0A144RC60_ENTCL	GCF_000264765.2_WP_034163237.1	68.605	86	86	100	86	27	0	1	86	1	86	3.98e-36	122
tr|A0A144RC60|A0A144RC60_ENTCL	GCF_019890955.1_WP_211725887.1	70.588	86	87	99	85	25	0	1	85	1	85	4.64e-36	122
tr|A0A144RC60|A0A144RC60_ENTCL	GCF_000026185.1_WP_012440659.1	67.059	86	87	99	85	28	0	1	85	1	85	5.22e-36	122
tr|A0A144RC60|A0A144RC60_ENTCL	GCF_020150375.1_WP_004094310.1	75.581	86	86	100	86	21	0	1	86	1	86	5.42e-36	122
tr|A0A144RC60|A0A144RC60_ENTCL	GCF_022647505.1_WP_128179458.1	68.605	86	87	100	86	27	0	1	86	1	86	5.43e-36	122
tr|A0A144RC60|A0A144RC60_ENTCL	GCF_000196615.1_WP_013200864.1	70.930	86	87	100	86	25	0	1	86	1	86	7.01e-36	122
tr|A0A144RC60|A0A144RC60_ENTCL	GCF_001010285.1_WP_046974061.1	69.767	86	88	100	86	26	0	1	86	1	86	9.43e-36	121
tr|A0A144RC60|A0A144RC60_ENTCL	GCF_002812485.1_WP_038661467.1	70.588	86	86	99	85	25	0	1	85	1	85	1.02e-35	121
tr|A0A144RC60|A0A144RC60_ENTCL	GCF_000147055.1_WP_022632468.1	70.588	86	86	99	85	25	0	1	85	1	85	1.87e-35	121
tr|A0A144RC60|A0A144RC60_ENTCL	GCF_017348915.1_WP_040077077.1	90.698	86	86	100	86	8	0	1	86	1	86	2.25e-35	120
tr|A0A144RC60|A0A144RC60_ENTCL	GCF_004792415.1_WP_013356856.1	69.048	86	86	98	84	26	0	1	84	1	84	2.27e-35	120
tr|A0A144RC60|A0A144RC60_ENTCL	GCF_019090985.1_WP_036781226.1	66.279	86	88	100	86	29	0	1	86	1	86	2.53e-35	120
tr|A0A144RC60|A0A144RC60_ENTCL	GCF_002291425.1_WP_095847471.1	67.442	86	87	100	86	28	0	1	86	1	86	2.79e-35	120
tr|A0A144RC60|A0A144RC60_ENTCL	GCF_019047765.1_WP_040230035.1	87.209	86	86	100	86	11	0	1	86	1	86	3.11e-35	120
tr|A0A144RC60|A0A144RC60_ENTCL	GCF_000196475.1_WP_012776850.1	66.279	86	88	100	86	29	0	1	86	1	86	3.28e-35	120
tr|A0A144RC60|A0A144RC60_ENTCL	GCF_902387845.1_WP_004237241.1	65.116	86	88	100	86	30	0	1	86	1	86	3.53e-35	120
tr|A0A144RC60|A0A144RC60_ENTCL	GCF_003403135.1_WP_024104894.1	70.588	86	86	99	85	25	0	1	85	1	85	3.57e-35	120
tr|A0A144RC60|A0A144RC60_ENTCL	GCF_021733145.1_WP_012847629.1	67.857	86	86	98	84	27	0	1	84	1	84	4.45e-35	120
tr|A0A144RC60|A0A144RC60_ENTCL	GCF_022592395.1_WP_047255099.1	56.977	86	87	100	86	37	0	1	86	1	86	7.85e-35	119
tr|A0A144RC60|A0A144RC60_ENTCL	GCF_025946765.1_WP_264497926.1	68.235	86	86	99	85	27	0	1	85	1	85	1.22e-34	119
tr|A0A144RC60|A0A144RC60_ENTCL	GCF_003204135.1_WP_004908806.1	60.465	86	87	100	86	34	0	1	86	1	86	1.48e-34	118
tr|A0A144RC60|A0A144RC60_ENTCL	GCF_020541225.1_WP_226811316.1	58.333	86	86	98	84	35	0	1	84	1	84	1.60e-34	118
tr|A0A144RC60|A0A144RC60_ENTCL	GCF_020683125.1_WP_133842177.1	70.115	86	88	100	87	25	1	1	86	1	87	1.90e-34	118
tr|A0A144RC60|A0A144RC60_ENTCL	GCF_900475855.1_WP_068441311.1	61.628	86	87	100	86	33	0	1	86	1	86	1.97e-34	118
tr|A0A144RC60|A0A144RC60_ENTCL	GCF_019048385.1_WP_062759648.1	67.857	86	86	98	84	27	0	1	84	1	84	2.02e-34	118
tr|A0A144RC60|A0A144RC60_ENTCL	GCF_000196155.1_WP_011145066.1	65.116	86	88	100	86	30	0	1	86	1	86	2.12e-34	118
tr|A0A144RC60|A0A144RC60_ENTCL	GCF_020268605.1_WP_180560445.1	59.302	86	88	100	86	35	0	1	86	1	86	2.49e-34	118
tr|A0A144RC60|A0A144RC60_ENTCL	GCF_004768525.1_WP_026822068.1	58.140	86	88	100	86	36	0	1	86	1	86	2.92e-34	118
tr|A0A144RC60|A0A144RC60_ENTCL	GCF_009646115.1_WP_008925644.1	69.048	86	86	98	84	26	0	1	84	1	84	2.95e-34	118
tr|A0A144RC60|A0A144RC60_ENTCL	GCF_019844095.1_WP_062747070.1	70.115	86	88	100	87	25	1	1	86	1	87	3.01e-34	118
tr|A0A144RC60|A0A144RC60_ENTCL	GCF_000091565.1_WP_004159420.1	64.706	86	87	99	85	30	0	1	85	1	85	3.73e-34	117
tr|A0A144RC60|A0A144RC60_ENTCL	GCF_000517405.1_WP_038469034.1	59.259	86	83	94	81	33	0	4	84	1	81	3.94e-34	117
tr|A0A144RC60|A0A144RC60_ENTCL	GCF_029277985.1_WP_154623766.1	60.465	86	87	100	86	34	0	1	86	1	86	4.00e-34	117
tr|A0A144RC60|A0A144RC60_ENTCL	GCF_002843235.3_WP_102139922.1	61.628	86	87	100	86	33	0	1	86	1	86	4.66e-34	117
tr|A0A144RC60|A0A144RC60_ENTCL	GCF_002393505.1_WP_006658392.1	58.140	86	87	100	86	36	0	1	86	1	86	7.50e-34	116
tr|A0A144RC60|A0A144RC60_ENTCL	GCF_900638135.1_WP_012146468.1	65.116	86	87	100	86	30	0	1	86	1	86	8.93e-34	116
tr|A0A144RC60|A0A144RC60_ENTCL	GCF_000261045.2_WP_006318653.1	65.116	86	87	100	86	30	0	1	86	1	86	8.93e-34	116
tr|A0A144RC60|A0A144RC60_ENTCL	GCF_022647325.1_WP_111140597.1	67.857	86	86	98	84	27	0	1	84	1	84	1.26e-33	116
tr|A0A144RC60|A0A144RC60_ENTCL	GCF_011045835.1_WP_075671674.1	57.831	86	86	97	83	35	0	1	83	1	83	1.36e-33	116
tr|A0A144RC60|A0A144RC60_ENTCL	GCF_000968195.1_WP_045972480.1	62.069	86	87	100	87	32	1	1	86	1	87	1.51e-33	116
tr|A0A144RC60|A0A144RC60_ENTCL	GCF_017743015.1_WP_209027287.1	59.302	86	88	100	86	35	0	1	86	1	86	1.55e-33	116
tr|A0A144RC60|A0A144RC60_ENTCL	GCF_013460135.1_WP_180816665.1	58.140	86	88	100	86	36	0	1	86	1	86	1.63e-33	116
tr|A0A144RC60|A0A144RC60_ENTCL	GCF_002504285.1_WP_005282992.1	66.279	86	86	100	86	29	0	1	86	1	86	1.85e-33	116
tr|A0A144RC60|A0A144RC60_ENTCL	GCF_021365465.1_WP_016190321.1	68.605	86	87	100	86	27	0	1	86	1	86	1.87e-33	116
tr|A0A144RC60|A0A144RC60_ENTCL	GCF_009831665.3_WP_006709226.1	62.791	86	87	100	86	32	0	1	86	1	86	2.01e-33	116
tr|A0A144RC60|A0A144RC60_ENTCL	GCF_022369495.1_WP_072064250.1	56.627	86	86	97	83	36	0	1	83	1	83	2.50e-33	115
tr|A0A144RC60|A0A144RC60_ENTCL	GCF_020342335.1_WP_067428135.1	67.059	86	87	99	85	28	0	1	85	1	85	2.59e-33	115
tr|A0A144RC60|A0A144RC60_ENTCL	GCF_000069965.1_WP_004245453.1	56.627	86	86	97	83	36	0	1	83	1	83	3.23e-33	115
tr|A0A144RC60|A0A144RC60_ENTCL	GCF_000214235.1_WP_004952197.1	66.667	86	85	98	84	28	0	3	86	1	84	5.40e-33	114
tr|A0A144RC60|A0A144RC60_ENTCL	GCF_016026395.1_WP_024524235.1	65.116	86	86	100	86	30	0	1	86	1	86	6.55e-33	114
tr|A0A144RC60|A0A144RC60_ENTCL	GCF_002952315.1_WP_012667243.1	67.059	86	87	99	85	28	0	1	85	1	85	9.46e-33	114
tr|A0A144RC60|A0A144RC60_ENTCL	GCF_001006005.1_WP_223499701.1	65.476	86	85	98	84	29	0	3	86	1	84	9.65e-33	114
tr|A0A144RC60|A0A144RC60_ENTCL	GCF_001721185.1_WP_069317984.1	60.465	86	87	100	86	34	0	1	86	1	86	9.92e-33	114
tr|A0A144RC60|A0A144RC60_ENTCL	GCF_008364325.2_WP_230090436.1	65.476	86	85	98	84	29	0	3	86	1	84	1.70e-32	113
tr|A0A144RC60|A0A144RC60_ENTCL	GCF_014295015.1_WP_013185414.1	59.770	86	87	100	87	34	1	1	86	1	87	4.75e-32	112
tr|A0A144RC60|A0A144RC60_ENTCL	GCF_000968175.1_WP_045959360.1	57.471	86	88	100	87	36	1	1	86	1	87	9.06e-32	111
tr|A0A144RC60|A0A144RC60_ENTCL	GCF_004116975.1_WP_064720954.1	59.036	86	86	97	83	34	0	1	83	1	83	1.11e-31	111
tr|A0A144RC60|A0A144RC60_ENTCL	GCF_004295645.1_WP_228350951.1	65.882	86	88	98	85	28	1	1	84	1	85	1.94e-31	110
tr|A0A144RC60|A0A144RC60_ENTCL	GCF_900478135.1_WP_111739359.1	64.706	86	88	98	85	29	1	1	84	1	85	3.36e-31	110
tr|A0A144RC60|A0A144RC60_ENTCL	GCF_005671395.1_WP_138095872.1	70.513	86	86	91	78	23	0	1	78	1	78	3.48e-31	110
tr|A0A144RC60|A0A144RC60_ENTCL	GCF_003096015.2_WP_230514010.1	65.882	86	88	98	85	28	1	1	84	1	85	6.40e-31	109
tr|A0A144RC60|A0A144RC60_ENTCL	GCF_003074995.2_WP_015870269.1	60.241	86	86	97	83	33	0	1	83	1	83	9.04e-31	109
tr|A0A144RC60|A0A144RC60_ENTCL	GCF_900638655.1_WP_047781753.1	65.882	86	88	98	85	28	1	1	84	1	85	1.62e-30	108
tr|A0A144RC60|A0A144RC60_ENTCL	GCF_004353845.1_WP_103770713.1	34.483	86	93	100	87	56	1	1	86	1	87	2.82e-30	108
tr|A0A144RC60|A0A144RC60_ENTCL	GCF_003812345.1_WP_121571778.1	32.184	86	94	100	87	58	1	1	86	1	87	1.12e-29	106
tr|A0A144RC60|A0A144RC60_ENTCL	GCF_001597285.1_WP_061903727.1	33.750	86	92	92	80	52	1	4	82	1	80	3.38e-29	105
tr|A0A144RC60|A0A144RC60_ENTCL	GCF_008693605.1_WP_223849061.1	31.395	86	95	99	86	58	1	1	85	2	87	7.85e-29	104
tr|A0A144RC60|A0A144RC60_ENTCL	GCF_002355475.1_WP_004421315.1	37.037	86	91	93	81	50	1	3	82	1	81	8.21e-29	104
tr|A0A144RC60|A0A144RC60_ENTCL	GCF_024205225.1_WP_195881696.1	33.750	86	90	92	80	52	1	4	82	1	80	1.56e-28	103
tr|A0A144RC60|A0A144RC60_ENTCL	GCF_013200955.2_WP_173204463.1	37.037	86	91	93	81	50	1	3	82	1	81	1.60e-28	103
tr|A0A144RC60|A0A144RC60_ENTCL	GCF_000733715.2_WP_017362912.1	35.000	86	90	92	80	51	1	4	82	1	80	1.93e-28	103
tr|A0A144RC60|A0A144RC60_ENTCL	GCF_000297075.2_WP_003461742.1	35.000	86	90	92	80	51	1	4	82	1	80	3.48e-28	102
tr|A0A144RC60|A0A144RC60_ENTCL	GCF_900682675.2_WP_069898892.1	36.250	86	94	92	80	50	1	4	82	1	80	3.48e-28	102
tr|A0A144RC60|A0A144RC60_ENTCL	GCF_013409125.2_WP_099525265.1	35.000	86	90	92	80	51	1	4	82	1	80	5.05e-28	102
tr|A0A144RC60|A0A144RC60_ENTCL	GCF_008693645.1_WP_137347870.1	32.184	86	89	100	87	58	1	1	86	1	87	6.10e-28	101
tr|A0A144RC60|A0A144RC60_ENTCL	GCF_001708425.1_WP_055136127.1	37.209	86	94	94	86	49	2	4	84	1	86	6.37e-28	101
tr|A0A144RC60|A0A144RC60_ENTCL	GCF_001594225.2_WP_064379396.1	36.782	86	92	95	87	50	2	4	85	1	87	6.70e-28	101
tr|A0A144RC60|A0A144RC60_ENTCL	GCF_021029445.1_WP_230924827.1	31.646	86	89	92	79	54	0	4	82	1	79	1.29e-27	101
tr|A0A144RC60|A0A144RC60_ENTCL	GCF_013423785.1_WP_180308358.1	39.773	86	88	98	88	49	1	1	84	1	88	1.41e-27	101
tr|A0A144RC60|A0A144RC60_ENTCL	GCF_017167985.1_WP_093053415.1	30.000	86	92	92	80	55	1	4	82	1	80	2.45e-27	100
tr|A0A144RC60|A0A144RC60_ENTCL	GCF_017167985.1_WP_079784061.1	35.000	86	90	92	80	51	1	4	82	1	80	5.22e-27	99.7
tr|A0A144RC60|A0A144RC60_ENTCL	GCF_008807375.1_WP_151138908.1	35.802	86	91	93	81	51	1	3	82	1	81	6.97e-27	99.5
tr|A0A144RC60|A0A144RC60_ENTCL	GCF_004684345.1_WP_135321947.1	35.802	86	93	93	81	51	1	1	80	1	81	1.14e-26	98.9
tr|A0A144RC60|A0A144RC60_ENTCL	GCF_008033135.1_WP_148717358.1	26.582	86	87	92	79	58	0	4	82	1	79	1.17e-26	98.6
tr|A0A144RC60|A0A144RC60_ENTCL	GCF_017915135.1_WP_210390879.1	33.750	86	90	92	80	52	1	4	82	1	80	1.21e-26	98.6
tr|A0A144RC60|A0A144RC60_ENTCL	GCF_003957745.1_WP_126168493.1	36.471	86	87	93	85	49	2	4	83	1	85	1.36e-26	98.6
tr|A0A144RC60|A0A144RC60_ENTCL	GCF_012767755.2_WP_173176508.1	32.500	86	91	92	80	50	2	4	82	1	77	1.46e-26	98.6
tr|A0A144RC60|A0A144RC60_ENTCL	GCF_011397855.1_WP_044414183.1	37.179	86	90	90	78	48	1	4	80	1	78	2.88e-26	97.8
tr|A0A144RC60|A0A144RC60_ENTCL	GCF_000178875.2_WP_012197738.1	31.034	86	90	95	87	55	2	4	85	1	87	3.96e-26	97.5
tr|A0A144RC60|A0A144RC60_ENTCL	GCF_016834455.1_WP_203325205.1	41.096	86	86	84	73	42	1	4	75	1	73	4.53e-26	97.2
tr|A0A144RC60|A0A144RC60_ENTCL	GCF_000015245.1_WP_011761423.1	37.647	86	86	93	85	48	2	4	83	1	85	4.53e-26	97.2
tr|A0A144RC60|A0A144RC60_ENTCL	GCF_025402875.1_WP_011791024.1	31.034	86	90	95	87	55	2	4	85	1	87	5.19e-26	97.2
tr|A0A144RC60|A0A144RC60_ENTCL	GCF_020991025.1_WP_152109250.1	42.308	86	83	90	78	44	1	3	79	1	78	1.61e-25	95.8
tr|A0A144RC60|A0A144RC60_ENTCL	GCF_014524625.1_WP_009050814.1	27.500	86	92	92	80	57	1	4	82	1	80	3.09e-25	95.2
tr|A0A144RC60|A0A144RC60_ENTCL	GCF_019047765.1_WP_040231149.1	30.233	86	89	99	86	59	1	1	85	1	86	3.37e-25	94.9
tr|A0A144RC60|A0A144RC60_ENTCL	GCF_024971755.1_WP_259474826.1	31.250	86	88	92	80	54	1	4	82	1	80	4.97e-25	94.7
tr|A0A144RC60|A0A144RC60_ENTCL	GCF_017329545.1_WP_047884589.1	34.091	86	95	97	88	53	2	3	85	1	88	5.74e-25	94.7
tr|A0A144RC60|A0A144RC60_ENTCL	GCF_019670705.1_WP_100146025.1	34.884	86	92	94	86	51	2	4	84	1	86	6.11e-25	94.4
tr|A0A144RC60|A0A144RC60_ENTCL	GCF_009730655.1_WP_156020461.1	34.884	86	92	94	86	51	2	4	84	1	86	8.40e-25	94.1
tr|A0A144RC60|A0A144RC60_ENTCL	GCF_017354925.1_WP_207321174.1	39.726	86	87	84	73	43	1	4	75	1	73	1.53e-24	93.3
tr|A0A144RC60|A0A144RC60_ENTCL	GCF_002355475.1_WP_003455993.1	28.571	86	90	88	77	54	1	7	82	2	78	1.78e-24	93.3
tr|A0A144RC60|A0A144RC60_ENTCL	GCF_012767755.2_WP_173171843.1	32.500	86	90	92	80	53	1	4	82	1	80	2.46e-24	93.0
tr|A0A144RC60|A0A144RC60_ENTCL	GCF_017354965.1_WP_207380278.1	38.356	86	87	84	73	44	1	4	75	1	73	3.06e-24	92.4
tr|A0A144RC60|A0A144RC60_ENTCL	GCF_008807375.1_WP_151133519.1	25.974	86	90	88	77	56	1	7	82	2	78	1.25e-23	91.0
tr|A0A144RC60|A0A144RC60_ENTCL	GCF_029457395.1_WP_024766443.1	34.483	86	92	91	87	48	2	4	81	1	87	1.37e-23	91.0
tr|A0A144RC60|A0A144RC60_ENTCL	GCF_002215585.1_WP_088903590.1	28.049	86	89	91	82	55	1	4	81	1	82	1.63e-23	90.7
tr|A0A144RC60|A0A144RC60_ENTCL	GCF_004358345.1_WP_121852852.1	35.714	86	76	80	70	44	1	3	71	1	70	4.14e-23	89.3
tr|A0A144RC60|A0A144RC60_ENTCL	GCF_016026875.1_WP_045525981.1	37.143	86	89	81	70	41	1	4	73	1	67	5.62e-23	89.3
tr|A0A144RC60|A0A144RC60_ENTCL	GCF_024347355.1_WP_105024956.1	25.610	86	83	90	82	56	2	10	86	2	83	6.41e-23	89.0
tr|A0A144RC60|A0A144RC60_ENTCL	GCF_012971725.1_WP_169940133.1	35.065	86	92	84	77	45	1	4	75	1	77	6.79e-23	89.3
tr|A0A144RC60|A0A144RC60_ENTCL	GCF_000014885.1_WP_020912292.1	35.000	86	87	92	80	51	1	4	82	1	80	6.94e-23	89.0
tr|A0A144RC60|A0A144RC60_ENTCL	GCF_020405345.1_WP_017780573.1	36.620	86	89	83	71	42	1	4	74	1	68	7.02e-23	89.0
tr|A0A144RC60|A0A144RC60_ENTCL	GCF_009938225.1_WP_075649723.1	34.177	86	82	86	79	47	2	10	83	2	80	7.81e-23	88.8
tr|A0A144RC60|A0A144RC60_ENTCL	GCF_024346675.1_WP_048897676.1	27.160	86	86	93	81	58	1	3	82	1	81	1.73e-22	88.2
tr|A0A144RC60|A0A144RC60_ENTCL	GCF_002204915.1_WP_052690899.1	27.500	86	101	87	80	53	2	10	84	21	100	2.36e-22	87.9
tr|A0A144RC60|A0A144RC60_ENTCL	GCF_024347475.1_WP_239840920.1	27.160	86	83	88	81	54	2	10	85	2	82	2.66e-22	87.6
tr|A0A144RC60|A0A144RC60_ENTCL	GCF_003025345.2_WP_003155955.1	35.294	86	91	92	85	49	1	4	82	1	85	3.86e-22	87.4
tr|A0A144RC60|A0A144RC60_ENTCL	GCF_020149575.1_WP_224431657.1	33.803	86	85	83	71	44	1	4	74	1	68	4.10e-22	87.1
tr|A0A144RC60|A0A144RC60_ENTCL	GCF_003584645.1_WP_197716612.1	24.390	86	80	91	82	55	2	3	80	1	79	4.73e-22	86.8
tr|A0A144RC60|A0A144RC60_ENTCL	GCF_002005305.1_WP_077753428.1	33.750	86	86	92	80	52	1	4	82	1	80	5.96e-22	86.8
tr|A0A144RC60|A0A144RC60_ENTCL	GCF_022371215.1_WP_239718047.1	26.829	86	83	90	82	55	2	10	86	2	83	6.22e-22	86.5
tr|A0A144RC60|A0A144RC60_ENTCL	GCF_000146165.2_WP_164925808.1	29.630	86	89	92	81	55	2	4	82	1	81	1.24e-21	85.9
tr|A0A144RC60|A0A144RC60_ENTCL	GCF_001596155.1_WP_068342236.1	27.273	86	90	85	77	49	2	3	75	1	74	1.30e-21	85.9
tr|A0A144RC60|A0A144RC60_ENTCL	GCF_006337165.1_WP_139515111.1	31.325	86	82	91	83	49	2	3	80	1	80	1.31e-21	85.7
tr|A0A144RC60|A0A144RC60_ENTCL	GCF_020423125.1_WP_226170850.1	35.211	86	84	83	71	43	1	4	74	1	68	1.36e-21	85.7
tr|A0A144RC60|A0A144RC60_ENTCL	GCF_004355185.1_WP_133271280.1	31.250	86	81	87	80	47	2	4	78	1	77	2.09e-21	85.1
tr|A0A144RC60|A0A144RC60_ENTCL	GCF_028355655.1_WP_087756847.1	36.842	86	84	66	57	36	0	4	60	1	57	2.12e-21	85.4
tr|A0A144RC60|A0A144RC60_ENTCL	GCF_000801295.1_WP_171816254.1	30.380	86	99	88	79	52	1	1	76	1	79	2.56e-21	85.4
tr|A0A144RC60|A0A144RC60_ENTCL	GCF_900637545.1_WP_042651794.1	35.211	86	84	83	71	43	1	4	74	1	68	2.67e-21	85.1
tr|A0A144RC60|A0A144RC60_ENTCL	GCF_001558255.2_WP_005504861.1	32.099	86	82	87	81	49	3	10	84	2	82	3.51e-21	84.5
tr|A0A144RC60|A0A144RC60_ENTCL	GCF_001677435.1_WP_068615618.1	33.766	86	90	87	77	48	3	3	77	1	76	3.56e-21	84.8
tr|A0A144RC60|A0A144RC60_ENTCL	GCF_014905115.1_WP_193151849.1	27.848	86	81	86	79	52	2	10	83	2	80	4.11e-21	84.5
tr|A0A144RC60|A0A144RC60_ENTCL	GCF_016127195.1_WP_042032742.1	31.429	86	89	81	70	45	1	4	73	1	67	4.65e-21	84.5
tr|A0A144RC60|A0A144RC60_ENTCL	GCF_003966655.1_WP_113527441.1	28.169	86	77	83	71	51	0	3	73	1	71	4.76e-21	84.3
tr|A0A144RC60|A0A144RC60_ENTCL	GCF_009938185.1_WP_162048373.1	27.848	86	82	86	79	52	2	10	83	2	80	5.06e-21	84.3
tr|A0A144RC60|A0A144RC60_ENTCL	GCF_013462805.1_WP_009566961.1	26.761	86	77	83	71	52	0	3	73	1	71	5.85e-21	84.0
tr|A0A144RC60|A0A144RC60_ENTCL	GCF_006742785.1_WP_172630283.1	26.582	86	88	91	79	57	1	8	85	3	81	5.99e-21	84.3
tr|A0A144RC60|A0A144RC60_ENTCL	GCF_008693705.1_WP_127008315.1	34.286	86	84	81	70	43	1	4	73	1	67	6.04e-21	84.0
tr|A0A144RC60|A0A144RC60_ENTCL	GCF_000016065.1_WP_011864074.1	30.000	86	93	92	80	54	2	4	82	1	79	6.10e-21	84.3
tr|A0A144RC60|A0A144RC60_ENTCL	GCF_000009145.1_WP_041356315.1	28.049	86	90	90	82	54	3	10	86	6	87	7.21e-21	84.0
tr|A0A144RC60|A0A144RC60_ENTCL	GCF_001020955.1_WP_047250467.1	34.177	86	82	87	79	48	2	1	75	1	79	1.03e-20	83.4
tr|A0A144RC60|A0A144RC60_ENTCL	GCF_009938205.1_WP_075706454.1	32.911	86	82	86	79	48	2	10	83	2	80	1.05e-20	83.4
tr|A0A144RC60|A0A144RC60_ENTCL	GCF_027625995.1_WP_270126807.1	29.630	86	82	88	81	49	2	3	78	1	78	1.16e-20	83.4
tr|A0A144RC60|A0A144RC60_ENTCL	GCF_024347035.1_WP_102941394.1	26.250	86	81	87	80	54	2	10	84	2	81	1.42e-20	83.1
tr|A0A144RC60|A0A144RC60_ENTCL	GCF_001558415.2_WP_061055374.1	27.848	86	83	86	79	52	2	10	83	2	80	1.54e-20	83.1
tr|A0A144RC60|A0A144RC60_ENTCL	GCF_003015165.1_WP_106887831.1	33.803	86	84	83	71	44	1	4	74	1	68	1.67e-20	82.9
tr|A0A144RC60|A0A144RC60_ENTCL	GCF_002407485.1_WP_096780111.1	28.750	86	81	87	80	52	2	10	84	2	81	2.01e-20	82.6
tr|A0A144RC60|A0A144RC60_ENTCL	GCF_001007935.1_WP_046849946.1	25.926	86	84	88	81	55	2	8	83	4	84	2.58e-20	82.6
tr|A0A144RC60|A0A144RC60_ENTCL	GCF_009068765.1_WP_151900329.1	26.582	86	81	86	79	53	2	10	83	2	80	3.37e-20	82.0
tr|A0A144RC60|A0A144RC60_ENTCL	GCF_008329985.2_WP_149283950.1	28.750	86	81	87	80	52	2	10	84	2	81	3.45e-20	82.0
tr|A0A144RC60|A0A144RC60_ENTCL	GCF_016026615.1_WP_197928313.1	30.000	86	89	81	70	46	1	4	73	1	67	4.00e-20	82.0
tr|A0A144RC60|A0A144RC60_ENTCL	GCF_001007875.1_WP_046858354.1	29.114	86	80	86	79	51	2	10	83	2	80	4.24e-20	81.7
tr|A0A144RC60|A0A144RC60_ENTCL	GCF_019670125.1_WP_221076876.1	27.500	86	81	87	80	53	2	10	84	2	81	4.42e-20	81.7
tr|A0A144RC60|A0A144RC60_ENTCL	GCF_014879975.1_WP_192888672.1	26.829	86	83	90	82	55	2	10	86	2	83	6.04e-20	81.4
tr|A0A144RC60|A0A144RC60_ENTCL	GCF_014169735.1_WP_134997272.1	32.394	86	86	83	71	45	1	4	74	1	68	6.72e-20	81.4
tr|A0A144RC60|A0A144RC60_ENTCL	GCF_003515105.1_WP_036973086.1	40.845	86	73	81	71	41	1	6	75	2	72	6.79e-20	81.2
tr|A0A144RC60|A0A144RC60_ENTCL	GCF_000576555.1_WP_044000633.1	30.769	86	83	85	78	46	2	6	78	5	79	7.66e-20	81.2
tr|A0A144RC60|A0A144RC60_ENTCL	GCF_008364325.2_WP_020826409.1	27.397	86	84	84	73	49	2	4	75	1	70	7.98e-20	81.2
tr|A0A144RC60|A0A144RC60_ENTCL	GCF_009755585.1_WP_157030071.1	30.488	86	85	91	82	50	2	3	80	1	79	8.19e-20	81.2
tr|A0A144RC60|A0A144RC60_ENTCL	GCF_013137895.1_WP_135435790.1	30.488	86	83	90	82	48	3	1	77	1	78	8.23e-20	81.2
tr|A0A144RC60|A0A144RC60_ENTCL	GCF_010093065.1_WP_238430213.1	26.582	86	83	87	79	51	2	1	75	2	77	9.05e-20	81.2
tr|A0A144RC60|A0A144RC60_ENTCL	GCF_003574965.1_WP_119445661.1	28.395	86	82	88	81	50	2	3	78	1	78	9.87e-20	80.9
tr|A0A144RC60|A0A144RC60_ENTCL	GCF_024347635.1_WP_139683960.1	25.610	86	83	90	82	56	2	10	86	2	83	1.04e-19	80.9
tr|A0A144RC60|A0A144RC60_ENTCL	GCF_024347595.1_WP_176681244.1	26.829	86	83	90	82	55	2	10	86	2	83	1.20e-19	80.9
tr|A0A144RC60|A0A144RC60_ENTCL	GCF_024347455.1_WP_135458404.1	25.610	86	83	90	82	56	2	10	86	2	83	1.51e-19	80.6
tr|A0A144RC60|A0A144RC60_ENTCL	GCF_024347655.1_WP_060467732.1	24.390	86	83	90	82	57	2	10	86	2	83	1.60e-19	80.3
tr|A0A144RC60|A0A144RC60_ENTCL	GCF_001995825.2_WP_017057338.1	24.390	86	83	90	82	57	2	10	86	2	83	1.76e-19	80.3
tr|A0A144RC60|A0A144RC60_ENTCL	GCF_000968535.2_WP_014147785.1	25.000	86	84	87	76	55	2	8	82	4	78	1.77e-19	80.3
tr|A0A144RC60|A0A144RC60_ENTCL	GCF_022827545.1_WP_243798205.1	30.864	86	82	88	81	48	2	3	78	1	78	1.80e-19	80.3
tr|A0A144RC60|A0A144RC60_ENTCL	GCF_013283835.1_WP_071626507.1	28.571	86	83	86	77	49	2	3	76	1	74	1.97e-19	80.3
tr|A0A144RC60|A0A144RC60_ENTCL	GCF_000091465.1_WP_004733849.1	24.390	86	83	90	82	57	2	10	86	2	83	2.07e-19	80.0
tr|A0A144RC60|A0A144RC60_ENTCL	GCF_000214665.1_WP_013819542.1	26.582	86	83	86	79	52	3	10	83	6	83	2.67e-19	79.8
tr|A0A144RC60|A0A144RC60_ENTCL	GCF_004001245.1_WP_127478562.1	30.864	86	85	88	81	51	2	1	76	1	81	3.21e-19	79.8
tr|A0A144RC60|A0A144RC60_ENTCL	GCF_002214395.1_WP_010453422.1	26.923	86	81	85	78	52	2	12	84	4	81	3.54e-19	79.5
tr|A0A144RC60|A0A144RC60_ENTCL	GCF_020844025.1_WP_215848879.1	29.577	86	77	83	71	50	0	3	73	1	71	3.64e-19	79.5
tr|A0A144RC60|A0A144RC60_ENTCL	GCF_000148645.1_WP_013347076.1	28.571	86	80	84	77	50	2	12	83	3	79	4.28e-19	79.2
tr|A0A144RC60|A0A144RC60_ENTCL	GCF_009662475.1_WP_031573754.1	29.412	86	79	79	68	48	0	3	70	1	68	4.38e-19	79.2
tr|A0A144RC60|A0A144RC60_ENTCL	GCF_019670105.1_WP_040307707.1	25.000	86	81	87	80	55	2	10	84	2	81	4.67e-19	79.2
tr|A0A144RC60|A0A144RC60_ENTCL	GCF_002142475.1_WP_026148861.1	29.114	86	86	87	79	49	2	4	78	1	76	4.82e-19	79.2
tr|A0A144RC60|A0A144RC60_ENTCL	GCF_019669905.1_WP_054759186.1	39.623	86	79	60	53	31	1	8	59	3	55	5.87e-19	78.9
tr|A0A144RC60|A0A144RC60_ENTCL	GCF_001507645.1_WP_068195976.1	28.571	86	90	85	77	48	2	3	75	1	74	6.11e-19	79.2
tr|A0A144RC60|A0A144RC60_ENTCL	GCF_024582835.1_WP_257083279.1	26.829	86	87	90	82	55	2	10	86	2	83	7.59e-19	78.9
tr|A0A144RC60|A0A144RC60_ENTCL	GCF_022811645.1_WP_243511723.1	30.380	86	90	87	79	48	3	3	77	1	76	9.02e-19	78.6
tr|A0A144RC60|A0A144RC60_ENTCL	GCF_000014765.1_WP_011633385.1	30.952	86	89	92	84	53	3	8	86	3	86	9.14e-19	78.6
tr|A0A144RC60|A0A144RC60_ENTCL	GCF_008728635.1_WP_151087836.1	25.974	86	90	85	77	50	3	3	75	1	74	1.00e-18	78.6
tr|A0A144RC60|A0A144RC60_ENTCL	GCF_002762215.1_WP_085750011.1	28.000	86	87	83	75	47	3	4	74	3	74	1.28e-18	78.4
tr|A0A144RC60|A0A144RC60_ENTCL	GCF_001831495.1_WP_068547707.1	22.785	86	81	86	79	56	2	10	83	2	80	1.38e-18	78.1
tr|A0A144RC60|A0A144RC60_ENTCL	GCF_024362845.1_WP_255230807.1	22.785	86	82	86	79	56	2	10	83	2	80	1.38e-18	78.1
tr|A0A144RC60|A0A144RC60_ENTCL	GCF_024347675.1_WP_261835500.1	28.750	86	81	87	80	52	2	10	84	2	81	1.40e-18	78.1
tr|A0A144RC60|A0A144RC60_ENTCL	GCF_024360925.2_WP_255188929.1	26.923	86	83	90	78	55	2	10	86	6	82	1.49e-18	78.1
tr|A0A144RC60|A0A144RC60_ENTCL	GCF_000024005.1_WP_012793320.1	26.923	86	84	86	78	50	2	2	75	3	77	1.59e-18	77.8
tr|A0A144RC60|A0A144RC60_ENTCL	GCF_004328865.1_WP_104643907.1	28.395	86	83	88	81	53	2	10	85	2	82	1.67e-18	77.8
tr|A0A144RC60|A0A144RC60_ENTCL	GCF_002849875.1_WP_232379112.1	29.070	86	113	91	86	53	2	6	83	28	113	2.13e-18	78.1
tr|A0A144RC60|A0A144RC60_ENTCL	GCF_004214795.1_WP_130234502.1	20.988	86	78	91	81	58	2	3	80	1	78	2.28e-18	77.5
tr|A0A144RC60|A0A144RC60_ENTCL	GCF_900233005.1_WP_102521318.1	25.316	86	81	86	79	54	2	10	83	2	80	2.29e-18	77.5
tr|A0A144RC60|A0A144RC60_ENTCL	GCF_024494545.1_WP_256384876.1	25.641	86	81	85	78	53	2	11	83	3	80	2.64e-18	77.2
tr|A0A144RC60|A0A144RC60_ENTCL	GCF_003668795.1_WP_054981706.1	29.630	86	83	88	81	52	2	10	85	2	82	2.73e-18	77.2
tr|A0A144RC60|A0A144RC60_ENTCL	GCF_003149515.1_WP_109656005.1	25.974	86	90	85	77	50	2	3	75	1	74	2.81e-18	77.5
tr|A0A144RC60|A0A144RC60_ENTCL	GCF_000785705.2_WP_036272019.1	26.923	86	82	86	78	52	2	10	83	6	82	3.05e-18	77.2
tr|A0A144RC60|A0A144RC60_ENTCL	GCF_902810445.1_WP_197744199.1	20.000	86	78	83	75	53	2	4	74	1	72	3.09e-18	76.9
tr|A0A144RC60|A0A144RC60_ENTCL	GCF_002906475.1_WP_012130247.1	24.675	86	81	84	77	53	2	12	83	4	80	4.29e-18	76.7
tr|A0A144RC60|A0A144RC60_ENTCL	GCF_024746855.1_WP_260492542.1	29.487	86	79	86	78	51	1	10	83	2	79	4.42e-18	76.7
tr|A0A144RC60|A0A144RC60_ENTCL	GCF_002221525.1_WP_089349457.1	29.630	86	83	88	81	52	2	10	85	2	82	5.08e-18	76.7
tr|A0A144RC60|A0A144RC60_ENTCL	GCF_013177675.1_WP_172128285.1	24.000	86	81	84	75	51	2	3	74	1	72	5.40e-18	76.4
tr|A0A144RC60|A0A144RC60_ENTCL	GCF_001955715.1_WP_029708890.1	29.730	86	80	81	74	45	2	4	73	1	71	5.48e-18	76.4
tr|A0A144RC60|A0A144RC60_ENTCL	GCF_001651805.1_WP_067384150.1	35.135	86	78	80	74	43	3	4	72	1	74	5.55e-18	76.4
tr|A0A144RC60|A0A144RC60_ENTCL	GCF_001456255.1_WP_020335096.1	24.359	86	81	85	78	54	2	12	84	4	81	5.70e-18	76.4
tr|A0A144RC60|A0A144RC60_ENTCL	GCF_005877035.1_WP_039486662.1	28.395	86	83	88	81	53	2	10	85	2	82	6.19e-18	76.4
tr|A0A144RC60|A0A144RC60_ENTCL	GCF_002021755.1_WP_005434844.1	24.675	86	81	84	77	53	2	12	83	4	80	6.53e-18	76.4
tr|A0A144RC60|A0A144RC60_ENTCL	GCF_008369605.1_WP_000253074.1	29.114	86	81	86	79	51	2	10	83	2	80	6.58e-18	76.4
tr|A0A144RC60|A0A144RC60_ENTCL	GCF_000238395.3_WP_010553578.1	27.160	86	83	88	81	54	2	10	85	2	82	6.76e-18	76.4
tr|A0A144RC60|A0A144RC60_ENTCL	GCF_000212735.1_WP_013764159.1	26.923	86	83	86	78	50	2	1	74	1	75	7.14e-18	76.1
tr|A0A144RC60|A0A144RC60_ENTCL	GCF_013343005.1_WP_078482823.1	35.897	86	84	85	78	45	2	3	75	1	78	8.93e-18	76.1
tr|A0A144RC60|A0A144RC60_ENTCL	GCF_003967195.1_WP_172597571.1	33.333	86	83	81	75	45	2	3	72	2	76	9.81e-18	75.8
tr|A0A144RC60|A0A144RC60_ENTCL	GCF_003258315.1_WP_111337788.1	26.582	86	88	91	79	57	1	8	85	4	82	1.02e-17	75.8
tr|A0A144RC60|A0A144RC60_ENTCL	GCF_000770115.1_WP_069687890.1	23.377	86	81	84	77	54	2	12	83	4	80	1.08e-17	75.8
tr|A0A144RC60|A0A144RC60_ENTCL	GCF_000021985.1_WP_012639500.1	33.784	86	82	80	74	44	2	3	71	1	74	1.17e-17	75.5
tr|A0A144RC60|A0A144RC60_ENTCL	GCF_019703835.1_WP_087020305.1	32.911	86	79	87	79	46	2	12	86	3	78	1.26e-17	75.5
tr|A0A144RC60|A0A144RC60_ENTCL	GCF_010093065.1_WP_162331416.1	23.684	86	84	84	76	51	2	4	75	5	77	1.27e-17	75.5
tr|A0A144RC60|A0A144RC60_ENTCL	GCF_001999225.1_WP_077537996.1	23.457	86	82	88	81	57	2	10	85	2	82	1.37e-17	75.5
tr|A0A144RC60|A0A144RC60_ENTCL	GCF_009938015.1_WP_223264517.1	30.380	86	90	86	79	50	3	1	74	1	79	1.74e-17	75.3
tr|A0A144RC60|A0A144RC60_ENTCL	GCF_019670485.1_WP_221071211.1	25.974	86	81	84	77	52	2	12	83	4	80	2.27e-17	75.0
tr|A0A144RC60|A0A144RC60_ENTCL	GCF_019797925.1_WP_193521737.1	31.169	86	80	85	77	49	1	11	83	3	79	2.52e-17	74.7
tr|A0A144RC60|A0A144RC60_ENTCL	GCF_018736065.1_WP_144074266.1	27.941	86	76	79	68	45	2	7	74	10	73	2.53e-17	74.7
tr|A0A144RC60|A0A144RC60_ENTCL	GCF_003353065.1_WP_114983154.1	27.632	86	84	84	76	48	3	1	72	1	73	2.57e-17	75.0
tr|A0A144RC60|A0A144RC60_ENTCL	GCF_003970675.1_WP_126615366.1	27.941	86	76	79	68	45	2	7	74	10	73	2.74e-17	74.7
tr|A0A144RC60|A0A144RC60_ENTCL	GCF_003544915.1_WP_118918525.1	27.632	86	73	85	76	49	2	3	75	1	73	3.08e-17	74.4
tr|A0A144RC60|A0A144RC60_ENTCL	GCF_013177635.1_WP_129095542.1	25.676	86	72	83	74	49	2	3	73	1	71	3.26e-17	74.4
tr|A0A144RC60|A0A144RC60_ENTCL	GCF_000828615.1_WP_041064380.1	34.177	86	80	86	79	47	3	1	74	1	79	3.27e-17	74.4
tr|A0A144RC60|A0A144RC60_ENTCL	GCF_013201725.1_WP_014475480.1	29.730	86	74	83	74	46	2	3	73	1	71	3.36e-17	74.4
tr|A0A144RC60|A0A144RC60_ENTCL	GCF_005931095.1_WP_017839868.1	23.684	86	84	87	76	56	2	8	82	4	78	3.39e-17	74.4
tr|A0A144RC60|A0A144RC60_ENTCL	GCF_003346815.1_WP_114840342.1	30.667	86	82	84	75	46	2	3	74	1	72	3.46e-17	74.4
tr|A0A144RC60|A0A144RC60_ENTCL	GCF_003063625.1_WP_108601906.1	27.143	86	85	78	70	48	1	10	76	5	74	4.11e-17	74.4
tr|A0A144RC60|A0A144RC60_ENTCL	GCF_007197555.1_WP_144048375.1	27.907	86	94	92	86	55	3	4	82	1	86	4.37e-17	74.4
tr|A0A144RC60|A0A144RC60_ENTCL	GCF_000772105.1_WP_004748349.1	27.027	86	81	80	74	49	2	10	78	2	75	5.19e-17	74.1
tr|A0A144RC60|A0A144RC60_ENTCL	GCF_000024825.1_WP_005460845.1	24.359	86	81	85	78	54	2	12	84	4	81	5.75e-17	73.8
tr|A0A144RC60|A0A144RC60_ENTCL	GCF_003990335.1_WP_127025819.1	25.373	86	91	78	67	50	0	11	77	7	73	5.79e-17	74.1
tr|A0A144RC60|A0A144RC60_ENTCL	GCF_008931805.1_WP_019441510.1	23.750	86	81	87	80	56	2	10	84	2	81	6.74e-17	73.8
tr|A0A144RC60|A0A144RC60_ENTCL	GCF_003346775.1_WP_114843067.1	23.377	86	84	86	77	53	2	3	76	1	74	7.27e-17	73.6
tr|A0A144RC60|A0A144RC60_ENTCL	GCF_002355735.1_WP_096359192.1	28.571	86	83	85	77	51	2	4	76	7	83	8.44e-17	73.6
tr|A0A144RC60|A0A144RC60_ENTCL	GCF_016613475.2_WP_200606805.1	20.253	86	90	87	79	56	2	4	78	5	80	9.08e-17	73.6
tr|A0A144RC60|A0A144RC60_ENTCL	GCF_015209785.1_WP_193988300.1	42.647	86	73	78	68	38	1	6	72	2	69	9.67e-17	73.3
tr|A0A144RC60|A0A144RC60_ENTCL	GCF_006364355.1_WP_004727652.1	22.785	86	83	86	79	56	2	10	83	2	80	1.11e-16	73.3
tr|A0A144RC60|A0A144RC60_ENTCL	GCF_002215215.1_WP_088918776.1	41.429	86	101	80	70	39	2	5	73	15	83	1.13e-16	73.6
tr|A0A144RC60|A0A144RC60_ENTCL	GCF_024347495.1_WP_137371745.1	25.316	86	80	86	79	54	2	10	83	2	80	1.17e-16	73.0
tr|A0A144RC60|A0A144RC60_ENTCL	GCF_002218045.2_WP_089137819.1	37.500	86	79	79	72	41	2	6	73	5	76	1.21e-16	73.0
tr|A0A144RC60|A0A144RC60_ENTCL	GCF_013201935.1_WP_129014602.1	25.676	86	72	83	74	49	2	3	73	1	71	1.42e-16	72.7
tr|A0A144RC60|A0A144RC60_ENTCL	GCF_023733635.1_WP_039959400.1	29.268	86	89	90	82	53	2	4	80	1	82	1.46e-16	73.0
tr|A0A144RC60|A0A144RC60_ENTCL	GCF_020091585.1_WP_224339804.1	24.675	86	82	85	77	51	3	4	76	1	74	1.48e-16	72.7
tr|A0A144RC60|A0A144RC60_ENTCL	GCF_002887615.1_WP_038869703.1	23.377	86	81	84	77	54	2	12	83	4	80	1.71e-16	72.7
tr|A0A144RC60|A0A144RC60_ENTCL	GCF_000940995.1_WP_082060442.1	27.059	86	93	98	85	61	1	3	86	1	85	1.97e-16	72.7
tr|A0A144RC60|A0A144RC60_ENTCL	GCF_008122265.1_WP_148863603.1	20.779	86	84	85	77	54	2	4	76	1	74	2.04e-16	72.4
tr|A0A144RC60|A0A144RC60_ENTCL	GCF_024347275.1_WP_019620968.1	26.829	86	82	90	82	55	3	4	80	1	82	2.13e-16	72.4
tr|A0A144RC60|A0A144RC60_ENTCL	GCF_024347195.1_WP_271272618.1	34.247	86	77	80	73	44	3	4	72	1	73	2.41e-16	72.2
tr|A0A144RC60|A0A144RC60_ENTCL	GCF_002355415.1_WP_148665551.1	34.783	86	87	76	69	41	2	6	70	13	81	2.73e-16	72.2
tr|A0A144RC60|A0A144RC60_ENTCL	GCF_002557795.1_WP_098194977.1	26.667	86	89	80	75	46	2	6	74	7	78	2.84e-16	72.2
tr|A0A144RC60|A0A144RC60_ENTCL	GCF_004421105.1_WP_134356453.1	20.000	86	80	83	75	53	3	4	74	1	72	3.02e-16	72.2
tr|A0A144RC60|A0A144RC60_ENTCL	GCF_000026085.1_WP_041454550.1	38.028	86	73	80	71	41	3	6	74	2	71	3.08e-16	71.9
tr|A0A144RC60|A0A144RC60_ENTCL	GCF_000019525.1_WP_012323084.1	28.000	86	81	81	75	49	2	10	79	2	76	3.22e-16	71.9
tr|A0A144RC60|A0A144RC60_ENTCL	GCF_010119975.1_WP_162445115.1	25.882	86	365	94	85	55	2	4	84	8	88	3.80e-16	76.4
tr|A0A144RC60|A0A144RC60_ENTCL	GCF_000317125.1_WP_015155280.1	22.500	86	81	88	80	55	3	4	79	1	77	3.87e-16	71.9
tr|A0A144RC60|A0A144RC60_ENTCL	GCF_019977755.1_WP_126608378.1	32.941	86	103	86	85	46	3	10	83	16	100	4.11e-16	72.2
tr|A0A144RC60|A0A144RC60_ENTCL	GCF_024347255.1_WP_091360415.1	32.432	86	79	80	74	45	2	4	72	1	74	4.42e-16	71.6
tr|A0A144RC60|A0A144RC60_ENTCL	GCF_004028275.1_WP_128384077.1	24.286	86	77	77	70	49	2	9	74	2	71	4.70e-16	71.6
tr|A0A144RC60|A0A144RC60_ENTCL	GCF_009363415.1_WP_152430616.1	20.253	86	84	86	79	58	2	10	83	2	80	5.55e-16	71.3
tr|A0A144RC60|A0A144RC60_ENTCL	GCF_002157225.2_WP_086934278.1	28.767	86	80	85	73	52	0	10	82	5	77	5.98e-16	71.3
tr|A0A144RC60|A0A144RC60_ENTCL	GCF_000143085.1_WP_013221711.1	22.222	86	82	79	72	49	3	4	71	1	69	6.09e-16	71.3
tr|A0A144RC60|A0A144RC60_ENTCL	GCF_013201665.1_WP_128359868.1	24.390	86	81	92	82	56	2	3	81	1	79	6.91e-16	71.0
tr|A0A144RC60|A0A144RC60_ENTCL	GCF_000321415.2_WP_015260329.1	32.941	86	93	94	85	53	2	1	81	1	85	7.48e-16	71.3
tr|A0A144RC60|A0A144RC60_ENTCL	GCF_000018105.1_WP_012162738.1	16.854	86	86	97	89	65	3	4	86	1	86	8.34e-16	71.0
tr|A0A144RC60|A0A144RC60_ENTCL	GCF_002157895.1_WP_227874980.1	23.750	86	82	87	80	56	2	10	84	3	82	9.65e-16	70.8
tr|A0A144RC60|A0A144RC60_ENTCL	GCF_001455205.1_WP_062560013.1	23.750	86	84	87	80	55	3	10	84	6	84	1.10e-15	70.8
tr|A0A144RC60|A0A144RC60_ENTCL	GCF_008807855.1_WP_063240334.1	22.078	86	83	85	77	53	2	2	74	3	76	1.13e-15	70.8
tr|A0A144RC60|A0A144RC60_ENTCL	GCF_001442805.1_WP_057942092.1	24.324	86	88	81	74	49	2	5	74	6	76	1.20e-15	70.8
tr|A0A144RC60|A0A144RC60_ENTCL	GCF_001431725.1_WP_021820278.1	25.000	86	81	87	80	55	2	10	84	2	81	1.26e-15	70.5
tr|A0A144RC60|A0A144RC60_ENTCL	GCF_005166025.1_WP_137090244.1	28.947	86	84	84	76	47	2	3	74	1	73	1.52e-15	70.2
tr|A0A144RC60|A0A144RC60_ENTCL	GCF_001956695.1_WP_076086043.1	24.000	86	77	84	75	51	2	4	75	1	72	1.59e-15	70.2
tr|A0A144RC60|A0A144RC60_ENTCL	GCF_000012805.1_WP_011330264.1	20.000	86	85	83	75	53	3	4	74	1	72	1.93e-15	70.2
tr|A0A144RC60|A0A144RC60_ENTCL	GCF_002356115.1_WP_096526481.1	18.667	86	78	83	75	54	2	4	74	1	72	1.98e-15	69.9
tr|A0A144RC60|A0A144RC60_ENTCL	GCF_012295615.1_WP_007018284.1	20.779	86	81	84	77	56	2	12	83	4	80	2.29e-15	69.9
tr|A0A144RC60|A0A144RC60_ENTCL	GCF_017638925.1_WP_208844867.1	25.333	86	81	83	75	52	1	11	81	3	77	2.52e-15	69.6
tr|A0A144RC60|A0A144RC60_ENTCL	GCF_000788395.1_WP_038641921.1	27.941	86	85	78	68	48	1	8	74	3	70	3.45e-15	69.3
tr|A0A144RC60|A0A144RC60_ENTCL	GCF_000227685.2_WP_006746304.1	29.630	86	83	90	81	53	2	1	77	1	81	3.64e-15	69.3
tr|A0A144RC60|A0A144RC60_ENTCL	GCF_001050135.1_WP_048644179.1	25.641	86	88	86	78	51	3	1	74	1	75	6.38e-15	68.8
tr|A0A144RC60|A0A144RC60_ENTCL	GCF_003568825.1_WP_040644076.1	23.171	86	83	86	82	55	2	10	83	2	83	6.81e-15	68.5
tr|A0A144RC60|A0A144RC60_ENTCL	GCF_000014785.1_WP_011630183.1	29.870	86	83	85	77	50	3	4	76	7	83	7.14e-15	68.5
tr|A0A144RC60|A0A144RC60_ENTCL	GCF_003722295.1_WP_010573895.1	28.571	86	75	83	77	46	2	4	74	1	74	8.46e-15	68.2
tr|A0A144RC60|A0A144RC60_ENTCL	GCF_018389385.1_WP_218082190.1	21.053	86	91	84	76	53	3	2	73	13	85	9.45e-15	68.5
tr|A0A144RC60|A0A144RC60_ENTCL	GCF_001956695.1_WP_076086034.1	24.051	86	77	87	79	53	2	7	81	2	77	9.62e-15	68.2
tr|A0A144RC60|A0A144RC60_ENTCL	GCF_004798725.1_WP_010811758.1	23.377	86	83	85	77	52	2	2	74	3	76	1.19e-14	67.9
tr|A0A144RC60|A0A144RC60_ENTCL	GCF_008632455.1_WP_150048082.1	25.333	86	84	86	75	54	2	9	82	5	78	1.57e-14	67.7
tr|A0A144RC60|A0A144RC60_ENTCL	GCF_024347215.1_WP_261843265.1	34.247	86	77	80	73	44	3	4	72	1	73	2.38e-14	67.1
tr|A0A144RC60|A0A144RC60_ENTCL	GCF_003955735.1_WP_126127786.1	25.676	86	91	81	74	48	3	5	74	7	77	3.34e-14	67.1
tr|A0A144RC60|A0A144RC60_ENTCL	GCF_019891175.1_WP_225938383.1	18.750	86	93	88	80	58	2	4	79	9	85	3.89e-14	66.8
tr|A0A144RC60|A0A144RC60_ENTCL	GCF_026427595.1_WP_251812951.1	27.160	86	88	84	81	50	3	12	83	7	87	4.68e-14	66.5
tr|A0A144RC60|A0A144RC60_ENTCL	GCF_000092245.1_WP_013136435.1	31.507	86	76	81	73	44	2	7	76	2	71	4.89e-14	66.3
tr|A0A144RC60|A0A144RC60_ENTCL	GCF_000024725.1_WP_013031543.1	20.000	86	81	83	75	53	3	4	74	1	72	6.18e-14	66.3
tr|A0A144RC60|A0A144RC60_ENTCL	GCF_000317575.1_WP_015193670.1	24.000	86	74	83	75	50	2	4	74	1	72	8.07e-14	65.7
tr|A0A144RC60|A0A144RC60_ENTCL	GCF_000019185.1_WP_012277931.1	24.490	86	100	86	98	50	3	10	83	2	99	8.16e-14	66.3
tr|A0A144RC60|A0A144RC60_ENTCL	GCF_000222485.1_WP_014022977.1	21.795	86	85	86	78	54	3	1	74	1	75	1.63e-13	65.1
tr|A0A144RC60|A0A144RC60_ENTCL	GCF_013283835.1_WP_071625892.1	27.027	86	79	79	74	45	2	7	74	2	72	1.66e-13	65.1
tr|A0A144RC60|A0A144RC60_ENTCL	GCF_000265505.1_WP_014796533.1	23.529	86	97	86	85	54	2	4	77	3	87	5.71e-13	64.0
tr|A0A144RC60|A0A144RC60_ENTCL	GCF_009937995.1_WP_179954406.1	24.000	86	79	81	75	52	2	4	73	1	75	6.68e-13	63.4
tr|A0A144RC60|A0A144RC60_ENTCL	GCF_000973725.1_WP_046311560.1	25.641	86	91	86	78	51	2	3	76	1	75	7.31e-13	63.7
tr|A0A144RC60|A0A144RC60_ENTCL	GCF_000012325.1_WP_011045621.1	27.692	86	84	76	65	47	0	10	74	5	69	1.05e-12	63.2
tr|A0A144RC60|A0A144RC60_ENTCL	GCF_001705075.2_WP_065970077.1	25.641	86	78	86	78	54	2	3	76	1	78	1.18e-12	62.9
tr|A0A144RC60|A0A144RC60_ENTCL	GCF_013201665.1_WP_128358834.1	28.169	86	76	79	71	45	2	7	74	2	69	1.25e-12	62.9
tr|A0A144RC60|A0A144RC60_ENTCL	GCF_002309535.1_WP_096047558.1	25.000	86	88	90	80	54	2	9	85	4	80	1.54e-12	62.6
tr|A0A144RC60|A0A144RC60_ENTCL	GCF_013177635.1_WP_129095951.1	28.169	86	76	79	71	45	2	7	74	2	69	1.96e-12	62.3
tr|A0A144RC60|A0A144RC60_ENTCL	GCF_013282625.1_WP_173286717.1	28.788	86	67	77	66	44	1	9	74	2	64	2.81e-12	61.8
tr|A0A144RC60|A0A144RC60_ENTCL	GCF_013201935.1_WP_128987185.1	26.761	86	76	79	71	46	2	7	74	2	69	3.32e-12	61.8
tr|A0A144RC60|A0A144RC60_ENTCL	GCF_000147355.1_WP_013326989.1	24.615	86	67	70	65	44	2	23	82	1	65	5.35e-12	60.9
tr|A0A144RC60|A0A144RC60_ENTCL	GCF_026278345.1_WP_266369249.1	24.390	86	90	87	82	52	3	4	78	1	79	5.56e-12	61.5
tr|A0A144RC60|A0A144RC60_ENTCL	GCF_003544815.1_WP_118886031.1	26.761	86	76	79	71	46	2	7	74	2	69	7.94e-12	60.6
tr|A0A144RC60|A0A144RC60_ENTCL	GCF_003346815.1_WP_114840344.1	23.684	86	84	85	76	52	2	4	76	1	73	1.75e-11	60.1
tr|A0A144RC60|A0A144RC60_ENTCL	GCF_000006765.1_NP_249630.1	38.462	86	108	69	65	34	1	4	62	1	65	2.26e-11	60.1
tr|A0A144RC60|A0A144RC60_ENTCL	GCF_011398355.1_WP_173270160.1	26.667	86	65	70	60	41	1	9	68	2	58	2.98e-11	58.9
tr|A0A144RC60|A0A144RC60_ENTCL	GCF_000238255.3_WP_010559905.1	25.000	86	86	78	68	50	1	8	74	3	70	3.63e-11	59.2
tr|A0A144RC60|A0A144RC60_ENTCL	GCF_004293625.1_WP_130538367.1	33.898	86	71	69	59	36	1	9	67	2	57	4.89e-11	58.7
tr|A0A144RC60|A0A144RC60_ENTCL	GCF_003967275.1_WP_197721837.1	28.378	86	78	81	74	49	3	3	72	1	74	5.42e-11	58.7
tr|A0A144RC60|A0A144RC60_ENTCL	GCF_013177675.1_WP_172126669.1	29.577	86	77	79	71	44	2	7	74	2	69	5.96e-11	58.4
tr|A0A144RC60|A0A144RC60_ENTCL	GCF_000568815.1_WP_025346049.1	23.377	86	76	86	77	53	2	8	81	3	76	8.25e-11	58.1
tr|A0A144RC60|A0A144RC60_ENTCL	GCF_021654855.1_WP_237262080.1	25.000	86	70	74	68	44	2	10	73	3	67	9.09e-11	57.8
tr|A0A144RC60|A0A144RC60_ENTCL	GCF_009931655.1_WP_161888514.1	17.722	86	89	87	79	58	2	3	77	1	76	1.27e-10	57.8
tr|A0A144RC60|A0A144RC60_ENTCL	GCF_000018285.1_WP_012155987.1	20.619	86	102	83	97	51	3	11	81	3	99	1.36e-10	58.1
tr|A0A144RC60|A0A144RC60_ENTCL	GCF_024347675.1_WP_261833361.1	37.209	86	54	50	43	27	0	10	52	2	44	2.56e-10	56.4
tr|A0A144RC60|A0A144RC60_ENTCL	GCF_000014705.1_WP_011637758.1	21.687	86	88	91	83	60	2	9	86	3	85	3.14e-10	57.0
tr|A0A144RC60|A0A144RC60_ENTCL	GCF_003855395.1_WP_124730567.1	23.256	86	88	90	86	57	4	9	85	3	88	4.15e-10	56.4
tr|A0A144RC60|A0A144RC60_ENTCL	GCF_013283835.1_WP_071628250.1	28.378	86	81	83	74	47	2	4	74	1	71	4.51e-10	56.4
tr|A0A144RC60|A0A144RC60_ENTCL	GCF_001723605.1_WP_069479051.1	24.324	86	76	83	74	50	2	10	80	5	75	7.32e-10	55.6
tr|A0A144RC60|A0A144RC60_ENTCL	GCF_000265295.1_WP_014770430.1	23.684	86	76	85	76	52	2	8	80	3	75	1.20e-09	55.0
tr|A0A144RC60|A0A144RC60_ENTCL	GCF_011398355.1_WP_173270199.1	22.727	86	66	77	66	48	1	9	74	2	64	1.59e-09	54.7
tr|A0A144RC60|A0A144RC60_ENTCL	GCF_017742995.1_WP_247749573.1	50.000	86	48	42	36	18	0	10	45	2	37	1.66e-09	54.4
tr|A0A144RC60|A0A144RC60_ENTCL	GCF_014217805.1_WP_185274331.1	18.421	86	91	84	76	55	2	5	76	6	78	2.74e-09	54.4
tr|A0A144RC60|A0A144RC60_ENTCL	GCF_023650495.1_WP_250655372.1	24.528	86	88	57	53	36	1	8	56	3	55	3.16e-09	54.2
tr|A0A144RC60|A0A144RC60_ENTCL	GCF_020511155.1_WP_226415657.1	20.000	86	87	88	85	59	3	8	83	3	87	3.55e-09	54.2
tr|A0A144RC60|A0A144RC60_ENTCL	GCF_001444405.1_WP_058032142.1	27.273	86	87	76	66	47	1	10	74	2	67	5.90e-09	53.6
tr|A0A144RC60|A0A144RC60_ENTCL	GCF_006385555.1_WP_140234395.1	39.583	86	87	53	48	27	1	8	53	2	49	1.01e-08	53.0
tr|A0A144RC60|A0A144RC60_ENTCL	GCF_011398155.1_WP_173291533.1	21.212	86	71	76	66	48	2	10	74	3	65	2.54e-08	51.6
tr|A0A144RC60|A0A144RC60_ENTCL	GCF_005281475.1_WP_137401239.1	22.222	86	81	80	72	50	3	6	74	2	70	3.14e-08	51.6
tr|A0A144RC60|A0A144RC60_ENTCL	GCF_003260975.1_WP_112783789.1	19.444	86	81	80	72	52	3	6	74	2	70	4.21e-08	51.3
tr|A0A144RC60|A0A144RC60_ENTCL	GCF_006575665.1_WP_141613356.1	22.222	86	81	80	72	50	3	6	74	2	70	5.34e-08	51.1
tr|A0A144RC60|A0A144RC60_ENTCL	GCF_014075995.1_WP_182414414.1	17.949	86	91	86	78	57	2	3	76	4	78	5.61e-08	51.1
tr|A0A144RC60|A0A144RC60_ENTCL	GCF_002116735.1_WP_041332374.1	18.182	86	86	85	77	56	2	4	76	7	80	9.46e-08	50.5
tr|A0A144RC60|A0A144RC60_ENTCL	GCF_011764585.1_WP_188200227.1	30.357	86	63	59	56	34	2	23	73	2	57	1.94e-07	49.4
tr|A0A144RC60|A0A144RC60_ENTCL	GCF_000013765.1_WP_011496543.1	23.684	86	106	83	76	53	2	4	74	17	92	2.68e-07	49.7
tr|A0A144RC60|A0A144RC60_ENTCL	GCF_000242635.2_WP_014682426.1	22.581	86	83	67	62	41	2	14	71	11	69	4.23e-07	48.8
tr|A0A144RC60|A0A144RC60_ENTCL	GCF_000484535.1_WP_023173213.1	31.250	86	91	73	64	43	1	12	74	24	87	4.23e-07	48.8
tr|A0A144RC60|A0A144RC60_ENTCL	GCF_001027285.1_WP_047859305.1	24.490	86	80	57	49	37	0	12	60	12	60	4.80e-07	48.5
tr|A0A144RC60|A0A144RC60_ENTCL	GCF_009937995.1_WP_162085741.1	26.250	86	82	86	80	53	2	3	76	1	80	1.53e-06	47.4
tr|A0A144RC60|A0A144RC60_ENTCL	GCF_021018745.1_WP_230843504.1	28.125	86	92	73	64	45	1	12	74	24	87	4.88e-06	46.3
tr|A0A144RC60|A0A144RC60_ENTCL	GCF_000011385.1_WP_011141833.1	28.125	86	92	73	64	45	1	12	74	24	87	1.59e-05	44.9
tr|A0A144RC60|A0A144RC60_ENTCL	GCF_019931735.1_WP_223417223.1	27.907	86	87	50	43	31	0	10	52	4	46	2.00e-05	44.6
tr|A0A144RC60|A0A144RC60_ENTCL	GCF_009938015.1_WP_147074368.1	20.988	86	82	86	81	56	5	3	76	1	80	7.45e-05	42.9
tr|A0A144RC60|A0A144RC60_ENTCL	GCF_000325705.1_WP_015264554.1	20.588	86	77	76	68	48	3	10	74	6	70	1.76e-04	42.1
tr|A0A144RC60|A0A144RC60_ENTCL	GCF_001263175.1_WP_050726405.1	28.889	86	81	52	45	32	0	12	56	12	56	4.28e-04	40.9
tr|A0A144RC60|A0A144RC60_ENTCL	GCF_000021985.1_WP_012639464.1	20.253	86	81	85	79	57	2	4	76	1	79	8.00e-04	40.4
tr|A0A144RC60|A0A144RC60_ENTCL	GCF_000017845.1_WP_009544142.1	33.871	86	813	72	62	32	1	15	76	377	429	8.82e-04	42.6
tr|A0A144RC60|A0A144RC60_ENTCL	GCF_003143555.1_WP_109340539.1	16.667	86	84	73	66	52	2	12	74	5	70	0.001	39.8
tr|A0A144RC60|A0A144RC60_ENTCL	GCF_010119975.1_WP_162441452.1	14.474	86	89	84	76	58	2	3	74	1	73	0.002	39.5
# PSIBLAST 2.13.0+
# Iteration: 5
# Query: tr|A0A144RC60|A0A144RC60_ENTCL Transcriptional antiterminator Rof OS=Enterobacter cloacae OX=550 GN=rof PE=4 SV=1
# Database: db/chosen-bacteria_proteome_exDup
# Fields: query id, subject id, % identity, query length, subject length, % query coverage per subject, alignment length, mismatches, gap opens, q. start, q. end, s. start, s. end, evalue, bit score
# 466 hits found
tr|A0A144RC60|A0A144RC60_ENTCL	GCF_001518835.1_WP_059308693.1	91.860	86	86	100	86	7	0	1	86	1	86	2.69e-40	133
tr|A0A144RC60|A0A144RC60_ENTCL	GCF_001461805.1_WP_013367515.1	88.372	86	86	100	86	10	0	1	86	1	86	2.96e-40	133
tr|A0A144RC60|A0A144RC60_ENTCL	GCF_009036245.1_WP_025756830.1	95.349	86	86	100	86	4	0	1	86	1	86	3.49e-40	133
tr|A0A144RC60|A0A144RC60_ENTCL	GCF_021172065.1_WP_015965827.1	84.884	86	86	100	86	13	0	1	86	1	86	4.80e-40	132
tr|A0A144RC60|A0A144RC60_ENTCL	GCF_009176645.1_WP_152083529.1	94.186	86	86	100	86	5	0	1	86	1	86	4.80e-40	132
tr|A0A144RC60|A0A144RC60_ENTCL	GCF_020097475.1_WP_000062318.1	89.535	86	86	100	86	9	0	1	86	1	86	8.44e-40	132
tr|A0A144RC60|A0A144RC60_ENTCL	GCF_001683395.1_WP_017458015.1	84.884	86	86	100	86	13	0	1	86	1	86	1.23e-39	131
tr|A0A144RC60|A0A144RC60_ENTCL	GCF_007632255.1_WP_015368146.1	82.558	86	86	100	86	15	0	1	86	1	86	1.24e-39	131
tr|A0A144RC60|A0A144RC60_ENTCL	GCF_001022135.1_WP_039078449.1	89.535	86	86	100	86	9	0	1	86	1	86	1.52e-39	131
tr|A0A144RC60|A0A144RC60_ENTCL	GCF_027886705.1_WP_061497537.1	83.721	86	86	100	86	14	0	1	86	1	86	1.53e-39	131
tr|A0A144RC60|A0A144RC60_ENTCL	GCF_001658025.2_WP_007373243.1	83.721	86	86	100	86	14	0	1	86	1	86	1.53e-39	131
tr|A0A144RC60|A0A144RC60_ENTCL	GCF_003594935.2_WP_006173581.1	96.512	86	86	100	86	3	0	1	86	1	86	1.57e-39	131
tr|A0A144RC60|A0A144RC60_ENTCL	GCF_001729805.1_WP_008501890.1	96.512	86	86	100	86	3	0	1	86	1	86	1.91e-39	131
tr|A0A144RC60|A0A144RC60_ENTCL	GCF_015137655.1_WP_028015593.1	95.349	86	86	100	86	4	0	1	86	1	86	2.01e-39	131
tr|A0A144RC60|A0A144RC60_ENTCL	GCF_000224675.1_WP_010426685.1	96.512	86	86	100	86	3	0	1	86	1	86	2.12e-39	131
tr|A0A144RC60|A0A144RC60_ENTCL	GCF_000006925.2_NP_706134.1	88.372	86	86	100	86	10	0	1	86	1	86	2.67e-39	130
tr|A0A144RC60|A0A144RC60_ENTCL	GCF_025914095.1_WP_031518416.1	93.023	86	86	100	86	6	0	1	86	1	86	3.21e-39	130
tr|A0A144RC60|A0A144RC60_ENTCL	GCF_009363135.1_WP_090122691.1	83.721	86	86	100	86	14	0	1	86	1	86	4.24e-39	130
tr|A0A144RC60|A0A144RC60_ENTCL	GCF_001750725.1_WP_014168720.1	98.837	86	86	100	86	1	0	1	86	1	86	4.41e-39	130
tr|A0A144RC60|A0A144RC60_ENTCL	GCF_001277255.1_WP_007666633.1	86.047	86	86	100	86	12	0	1	86	1	86	4.93e-39	130
tr|A0A144RC60|A0A144RC60_ENTCL	GCF_003812345.1_WP_003018503.1	88.372	86	86	100	86	10	0	1	86	1	86	5.38e-39	130
tr|A0A144RC60|A0A144RC60_ENTCL	GCF_004353845.1_WP_103768334.1	87.209	86	86	100	86	11	0	1	86	1	86	5.78e-39	130
tr|A0A144RC60|A0A144RC60_ENTCL	GCF_023195735.1_WP_035891978.1	82.558	86	86	100	86	15	0	1	86	1	86	5.92e-39	130
tr|A0A144RC60|A0A144RC60_ENTCL	GCF_004684345.1_WP_135323069.1	86.047	86	86	100	86	12	0	1	86	1	86	6.41e-39	129
tr|A0A144RC60|A0A144RC60_ENTCL	GCF_009649915.1_WP_062772223.1	83.721	86	86	100	86	14	0	1	86	1	86	6.56e-39	129
tr|A0A144RC60|A0A144RC60_ENTCL	GCF_019048625.1_WP_023305471.1	94.186	86	86	100	86	5	0	1	86	1	86	7.22e-39	129
tr|A0A144RC60|A0A144RC60_ENTCL	GCF_001558935.2_WP_042323659.1	88.372	86	86	100	86	10	0	1	86	1	86	7.88e-39	129
tr|A0A144RC60|A0A144RC60_ENTCL	GCF_900638065.1_WP_048212636.1	87.209	86	86	100	86	11	0	1	86	1	86	8.07e-39	129
tr|A0A144RC60|A0A144RC60_ENTCL	GCF_001277175.1_WP_007760020.1	84.884	86	86	100	86	13	0	1	86	1	86	8.87e-39	129
tr|A0A144RC60|A0A144RC60_ENTCL	GCF_021278985.1_WP_012904575.1	88.372	86	86	100	86	10	0	1	86	1	86	9.09e-39	129
tr|A0A144RC60|A0A144RC60_ENTCL	GCF_001277195.1_WP_032966924.1	86.047	86	86	100	86	12	0	1	86	1	86	1.21e-38	129
tr|A0A144RC60|A0A144RC60_ENTCL	GCF_018128425.1_WP_042289833.1	90.698	86	86	100	86	8	0	1	86	1	86	1.23e-38	129
tr|A0A144RC60|A0A144RC60_ENTCL	GCF_022637515.1_WP_064539750.1	86.047	86	86	100	86	12	0	1	86	1	86	1.38e-38	128
tr|A0A144RC60|A0A144RC60_ENTCL	GCF_001277215.2_WP_007776988.1	84.884	86	86	100	86	13	0	1	86	1	86	1.45e-38	128
tr|A0A144RC60|A0A144RC60_ENTCL	GCF_009648935.1_WP_047417117.1	87.209	86	86	100	86	11	0	1	86	1	86	1.62e-38	128
tr|A0A144RC60|A0A144RC60_ENTCL	GCF_016904755.1_WP_059234959.1	88.235	86	86	99	85	10	0	1	85	1	85	1.68e-38	128
tr|A0A144RC60|A0A144RC60_ENTCL	GCF_003812925.1_WP_004107903.1	84.884	86	86	100	86	13	0	1	86	1	86	1.69e-38	128
tr|A0A144RC60|A0A144RC60_ENTCL	GCF_000240185.1_YP_005225236.1	84.884	86	86	100	86	13	0	1	86	1	86	1.74e-38	128
tr|A0A144RC60|A0A144RC60_ENTCL	GCF_003261575.2_WP_110272453.1	83.721	86	86	100	86	14	0	1	86	1	86	2.30e-38	128
tr|A0A144RC60|A0A144RC60_ENTCL	GCF_018139045.1_WP_004129134.1	82.558	86	86	100	86	15	0	1	86	1	86	2.85e-38	128
tr|A0A144RC60|A0A144RC60_ENTCL	GCF_015139575.1_WP_004098776.1	83.721	86	86	100	86	14	0	1	86	1	86	3.99e-38	127
tr|A0A144RC60|A0A144RC60_ENTCL	GCF_002393445.1_WP_061273728.1	87.059	86	86	99	85	11	0	1	85	1	85	4.05e-38	127
tr|A0A144RC60|A0A144RC60_ENTCL	GCF_006711645.1_WP_100682484.1	80.233	86	86	100	86	17	0	1	86	1	86	4.11e-38	127
tr|A0A144RC60|A0A144RC60_ENTCL	GCF_012029655.1_WP_041144145.1	80.233	86	86	100	86	17	0	1	86	1	86	4.94e-38	127
tr|A0A144RC60|A0A144RC60_ENTCL	GCF_000018045.1_WP_024130681.1	88.372	86	86	100	86	10	0	1	86	1	86	5.43e-38	127
tr|A0A144RC60|A0A144RC60_ENTCL	GCF_022637595.1_WP_004858152.1	82.558	86	86	100	86	15	0	1	86	1	86	5.74e-38	127
tr|A0A144RC60|A0A144RC60_ENTCL	GCF_003935895.2_WP_110510858.1	85.882	86	86	99	85	12	0	1	85	1	85	9.18e-38	127
tr|A0A144RC60|A0A144RC60_ENTCL	GCF_000834395.1_WP_042546713.1	80.233	86	86	100	86	17	0	1	86	1	86	1.05e-37	126
tr|A0A144RC60|A0A144RC60_ENTCL	GCF_013234275.1_WP_172895488.1	86.047	86	86	100	86	12	0	1	86	1	86	1.24e-37	126
tr|A0A144RC60|A0A144RC60_ENTCL	GCF_000439255.1_WP_000062328.1	81.395	86	86	100	86	16	0	1	86	1	86	1.36e-37	126
tr|A0A144RC60|A0A144RC60_ENTCL	GCF_024224615.1_WP_125293588.1	85.882	86	86	99	85	12	0	1	85	1	85	1.55e-37	126
tr|A0A144RC60|A0A144RC60_ENTCL	GCF_900635955.1_WP_126357486.1	87.059	86	86	99	85	11	0	1	85	1	85	1.72e-37	126
tr|A0A144RC60|A0A144RC60_ENTCL	GCF_011068345.1_WP_002436992.1	87.059	86	86	99	85	11	0	1	85	1	85	1.98e-37	126
tr|A0A144RC60|A0A144RC60_ENTCL	GCF_000005845.2_NP_414731.2	88.095	86	84	98	84	10	0	3	86	1	84	2.02e-37	126
tr|A0A144RC60|A0A144RC60_ENTCL	GCF_004124235.1_WP_025377303.1	80.233	86	86	100	86	17	0	1	86	1	86	2.15e-37	125
tr|A0A144RC60|A0A144RC60_ENTCL	GCF_002163605.1_WP_157665988.1	76.744	86	86	100	86	20	0	1	86	1	86	2.27e-37	125
tr|A0A144RC60|A0A144RC60_ENTCL	GCF_019797845.1_WP_222158377.1	72.093	86	86	100	86	24	0	1	86	1	86	2.62e-37	125
tr|A0A144RC60|A0A144RC60_ENTCL	GCF_000222975.1_WP_002218374.1	79.070	86	86	100	86	18	0	1	86	1	86	3.33e-37	125
tr|A0A144RC60|A0A144RC60_ENTCL	GCF_025758125.1_WP_023480196.1	79.070	86	86	100	86	18	0	1	86	1	86	3.35e-37	125
tr|A0A144RC60|A0A144RC60_ENTCL	GCF_013282725.1_WP_032813813.1	79.070	86	86	100	86	18	0	1	86	1	86	3.57e-37	125
tr|A0A144RC60|A0A144RC60_ENTCL	GCF_000006945.2_NP_459242.1	81.395	86	86	100	86	16	0	1	86	1	86	3.81e-37	125
tr|A0A144RC60|A0A144RC60_ENTCL	GCF_025133195.1_WP_032910235.1	75.581	86	86	100	86	21	0	1	86	1	86	4.43e-37	125
tr|A0A144RC60|A0A144RC60_ENTCL	GCF_000834455.1_WP_032817050.1	77.907	86	86	100	86	19	0	1	86	1	86	4.83e-37	125
tr|A0A144RC60|A0A144RC60_ENTCL	GCF_005484945.1_WP_137712817.1	73.256	86	86	100	86	23	0	1	86	1	86	5.45e-37	125
tr|A0A144RC60|A0A144RC60_ENTCL	GCF_000010085.1_WP_011411656.1	61.905	86	86	98	84	32	0	1	84	1	84	5.67e-37	125
tr|A0A144RC60|A0A144RC60_ENTCL	GCF_900095885.1_WP_035340381.1	73.256	86	86	100	86	23	0	1	86	1	86	6.18e-37	124
tr|A0A144RC60|A0A144RC60_ENTCL	GCF_012427845.1_WP_012773648.1	72.093	86	86	100	86	24	0	1	86	1	86	6.18e-37	124
tr|A0A144RC60|A0A144RC60_ENTCL	GCF_000517425.1_WP_025421126.1	63.095	86	86	98	84	31	0	1	84	1	84	6.49e-37	124
tr|A0A144RC60|A0A144RC60_ENTCL	GCF_002288545.1_WP_029367608.1	70.930	86	86	100	86	25	0	1	86	1	86	9.35e-37	124
tr|A0A144RC60|A0A144RC60_ENTCL	GCF_021276285.1_WP_095923198.1	73.810	86	86	98	84	22	0	1	84	1	84	9.50e-37	124
tr|A0A144RC60|A0A144RC60_ENTCL	GCF_002953195.1_WP_038628016.1	69.767	86	87	100	86	26	0	1	86	1	86	1.13e-36	124
tr|A0A144RC60|A0A144RC60_ENTCL	GCF_009914055.1_WP_160619715.1	70.930	86	87	100	86	25	0	1	86	1	86	1.34e-36	123
tr|A0A144RC60|A0A144RC60_ENTCL	GCF_009730055.1_WP_032906500.1	79.070	86	86	100	86	18	0	1	86	1	86	1.59e-36	123
tr|A0A144RC60|A0A144RC60_ENTCL	GCF_017498685.1_WP_038245151.1	76.744	86	86	100	86	20	0	1	86	1	86	1.93e-36	123
tr|A0A144RC60|A0A144RC60_ENTCL	GCF_000233595.1_WP_013024706.1	74.118	86	86	99	85	22	0	1	85	1	85	2.22e-36	123
tr|A0A144RC60|A0A144RC60_ENTCL	GCF_009873295.1_WP_039312412.1	70.930	86	86	100	86	25	0	1	86	1	86	2.52e-36	123
tr|A0A144RC60|A0A144RC60_ENTCL	GCF_022637475.1_WP_013574214.1	72.619	86	86	98	84	23	0	1	84	1	84	2.94e-36	123
tr|A0A144RC60|A0A144RC60_ENTCL	GCF_002101395.1_WP_085067900.1	69.767	86	87	100	86	26	0	1	86	1	86	3.19e-36	123
tr|A0A144RC60|A0A144RC60_ENTCL	GCF_000262305.1_WP_002441069.1	80.233	86	86	100	86	17	0	1	86	1	86	3.39e-36	123
tr|A0A144RC60|A0A144RC60_ENTCL	GCF_000520015.2_WP_024910172.1	69.767	86	87	100	86	26	0	1	86	1	86	3.98e-36	122
tr|A0A144RC60|A0A144RC60_ENTCL	GCF_009931295.1_WP_161528353.1	70.930	86	86	100	86	25	0	1	86	1	86	4.66e-36	122
tr|A0A144RC60|A0A144RC60_ENTCL	GCF_000740965.1_WP_011092648.1	69.767	86	86	100	86	26	0	1	86	1	86	5.00e-36	122
tr|A0A144RC60|A0A144RC60_ENTCL	GCF_017569925.1_WP_208228065.1	72.093	86	86	100	86	24	0	1	86	1	86	5.04e-36	122
tr|A0A144RC60|A0A144RC60_ENTCL	GCF_003019925.1_WP_162185254.1	85.714	86	86	98	84	12	0	1	84	1	84	5.08e-36	122
tr|A0A144RC60|A0A144RC60_ENTCL	GCF_003515985.1_WP_085653101.1	70.588	86	86	99	85	25	0	1	85	1	85	5.33e-36	122
tr|A0A144RC60|A0A144RC60_ENTCL	GCF_015999465.1_WP_085688159.1	69.412	86	86	99	85	26	0	1	85	1	85	5.63e-36	122
tr|A0A144RC60|A0A144RC60_ENTCL	GCF_000023545.1_WP_015854637.1	70.930	86	86	100	86	25	0	1	86	1	86	6.25e-36	122
tr|A0A144RC60|A0A144RC60_ENTCL	GCF_020181655.1_WP_225087160.1	69.767	86	86	100	86	26	0	1	86	1	86	6.35e-36	122
tr|A0A144RC60|A0A144RC60_ENTCL	GCF_000025065.1_WP_012883679.1	71.765	86	86	99	85	24	0	1	85	1	85	7.32e-36	122
tr|A0A144RC60|A0A144RC60_ENTCL	GCF_023517775.1_WP_249893541.1	73.256	86	87	100	86	23	0	1	86	1	86	1.08e-35	121
tr|A0A144RC60|A0A144RC60_ENTCL	GCF_002291445.1_WP_048635886.1	72.093	86	86	100	86	24	0	1	86	1	86	1.12e-35	121
tr|A0A144RC60|A0A144RC60_ENTCL	GCF_005484965.1_WP_009114129.1	72.093	86	86	100	86	24	0	1	86	1	86	1.22e-35	121
tr|A0A144RC60|A0A144RC60_ENTCL	GCF_011044475.1_WP_033740322.1	74.118	86	86	99	85	22	0	1	85	1	85	1.25e-35	121
tr|A0A144RC60|A0A144RC60_ENTCL	GCF_001742185.1_WP_005975933.1	69.767	86	86	100	86	26	0	1	86	1	86	1.35e-35	121
tr|A0A144RC60|A0A144RC60_ENTCL	GCF_016026735.1_WP_015673540.1	68.605	86	87	100	86	27	0	1	86	1	86	1.39e-35	121
tr|A0A144RC60|A0A144RC60_ENTCL	GCF_001642805.2_WP_004931991.1	70.930	86	87	100	86	25	0	1	86	1	86	1.41e-35	121
tr|A0A144RC60|A0A144RC60_ENTCL	GCF_021462285.1_WP_234585968.1	70.930	86	87	100	86	25	0	1	86	1	86	1.53e-35	121
tr|A0A144RC60|A0A144RC60_ENTCL	GCF_000023565.1_WP_012770818.1	70.588	86	86	99	85	25	0	1	85	1	85	1.57e-35	121
tr|A0A144RC60|A0A144RC60_ENTCL	GCF_020079945.1_WP_039382769.1	71.765	86	87	99	85	24	0	1	85	1	85	2.05e-35	121
tr|A0A144RC60|A0A144RC60_ENTCL	GCF_900187015.1_WP_061796701.1	70.930	86	87	100	86	25	0	1	86	1	86	2.11e-35	121
tr|A0A144RC60|A0A144RC60_ENTCL	GCF_007858975.2_WP_042869176.1	70.588	86	86	99	85	25	0	1	85	1	85	2.18e-35	120
tr|A0A144RC60|A0A144RC60_ENTCL	GCF_000264765.2_WP_034163237.1	68.605	86	86	100	86	27	0	1	86	1	86	2.61e-35	120
tr|A0A144RC60|A0A144RC60_ENTCL	GCF_003992745.1_WP_014700896.1	69.767	86	86	100	86	26	0	1	86	1	86	2.99e-35	120
tr|A0A144RC60|A0A144RC60_ENTCL	GCF_009817885.1_WP_105232289.1	70.930	86	87	100	86	25	0	1	86	1	86	3.17e-35	120
tr|A0A144RC60|A0A144RC60_ENTCL	GCF_011617105.1_WP_025800203.1	74.419	86	86	100	86	22	0	1	86	1	86	4.85e-35	119
tr|A0A144RC60|A0A144RC60_ENTCL	GCF_022647505.1_WP_128179458.1	68.605	86	87	100	86	27	0	1	86	1	86	5.14e-35	119
tr|A0A144RC60|A0A144RC60_ENTCL	GCF_019890955.1_WP_211725887.1	70.588	86	87	99	85	25	0	1	85	1	85	6.96e-35	119
tr|A0A144RC60|A0A144RC60_ENTCL	GCF_000026185.1_WP_012440659.1	67.059	86	87	99	85	28	0	1	85	1	85	6.96e-35	119
tr|A0A144RC60|A0A144RC60_ENTCL	GCF_000196615.1_WP_013200864.1	70.930	86	87	100	86	25	0	1	86	1	86	9.26e-35	119
tr|A0A144RC60|A0A144RC60_ENTCL	GCF_020150375.1_WP_004094310.1	75.581	86	86	100	86	21	0	1	86	1	86	1.02e-34	119
tr|A0A144RC60|A0A144RC60_ENTCL	GCF_001010285.1_WP_046974061.1	69.767	86	88	100	86	26	0	1	86	1	86	1.08e-34	119
tr|A0A144RC60|A0A144RC60_ENTCL	GCF_002812485.1_WP_038661467.1	70.588	86	86	99	85	25	0	1	85	1	85	1.17e-34	119
tr|A0A144RC60|A0A144RC60_ENTCL	GCF_017348915.1_WP_040077077.1	90.698	86	86	100	86	8	0	1	86	1	86	1.43e-34	118
tr|A0A144RC60|A0A144RC60_ENTCL	GCF_000147055.1_WP_022632468.1	70.588	86	86	99	85	25	0	1	85	1	85	2.03e-34	118
tr|A0A144RC60|A0A144RC60_ENTCL	GCF_000196475.1_WP_012776850.1	66.279	86	88	100	86	29	0	1	86	1	86	2.26e-34	118
tr|A0A144RC60|A0A144RC60_ENTCL	GCF_019090985.1_WP_036781226.1	66.279	86	88	100	86	29	0	1	86	1	86	2.53e-34	118
tr|A0A144RC60|A0A144RC60_ENTCL	GCF_019047765.1_WP_040230035.1	87.209	86	86	100	86	11	0	1	86	1	86	2.72e-34	118
tr|A0A144RC60|A0A144RC60_ENTCL	GCF_002291425.1_WP_095847471.1	67.442	86	87	100	86	28	0	1	86	1	86	2.73e-34	118
tr|A0A144RC60|A0A144RC60_ENTCL	GCF_021733145.1_WP_012847629.1	67.857	86	86	98	84	27	0	1	84	1	84	2.86e-34	118
tr|A0A144RC60|A0A144RC60_ENTCL	GCF_902387845.1_WP_004237241.1	65.116	86	88	100	86	30	0	1	86	1	86	3.21e-34	118
tr|A0A144RC60|A0A144RC60_ENTCL	GCF_004792415.1_WP_013356856.1	69.048	86	86	98	84	26	0	1	84	1	84	3.63e-34	117
tr|A0A144RC60|A0A144RC60_ENTCL	GCF_003403135.1_WP_024104894.1	70.588	86	86	99	85	25	0	1	85	1	85	4.12e-34	117
tr|A0A144RC60|A0A144RC60_ENTCL	GCF_022592395.1_WP_047255099.1	56.977	86	87	100	86	37	0	1	86	1	86	6.19e-34	117
tr|A0A144RC60|A0A144RC60_ENTCL	GCF_020541225.1_WP_226811316.1	58.333	86	86	98	84	35	0	1	84	1	84	7.53e-34	116
tr|A0A144RC60|A0A144RC60_ENTCL	GCF_003204135.1_WP_004908806.1	60.465	86	87	100	86	34	0	1	86	1	86	1.08e-33	116
tr|A0A144RC60|A0A144RC60_ENTCL	GCF_025946765.1_WP_264497926.1	68.235	86	86	99	85	27	0	1	85	1	85	1.20e-33	116
tr|A0A144RC60|A0A144RC60_ENTCL	GCF_900475855.1_WP_068441311.1	61.628	86	87	100	86	33	0	1	86	1	86	1.67e-33	116
tr|A0A144RC60|A0A144RC60_ENTCL	GCF_000196155.1_WP_011145066.1	65.116	86	88	100	86	30	0	1	86	1	86	2.61e-33	115
tr|A0A144RC60|A0A144RC60_ENTCL	GCF_019048385.1_WP_062759648.1	67.857	86	86	98	84	27	0	1	84	1	84	2.77e-33	115
tr|A0A144RC60|A0A144RC60_ENTCL	GCF_020683125.1_WP_133842177.1	70.115	86	88	100	87	25	1	1	86	1	87	2.85e-33	115
tr|A0A144RC60|A0A144RC60_ENTCL	GCF_029277985.1_WP_154623766.1	60.465	86	87	100	86	34	0	1	86	1	86	3.36e-33	115
tr|A0A144RC60|A0A144RC60_ENTCL	GCF_002843235.3_WP_102139922.1	61.628	86	87	100	86	33	0	1	86	1	86	3.42e-33	115
tr|A0A144RC60|A0A144RC60_ENTCL	GCF_004768525.1_WP_026822068.1	58.140	86	88	100	86	36	0	1	86	1	86	3.74e-33	115
tr|A0A144RC60|A0A144RC60_ENTCL	GCF_020268605.1_WP_180560445.1	59.302	86	88	100	86	35	0	1	86	1	86	3.95e-33	115
tr|A0A144RC60|A0A144RC60_ENTCL	GCF_009646115.1_WP_008925644.1	69.048	86	86	98	84	26	0	1	84	1	84	4.00e-33	115
tr|A0A144RC60|A0A144RC60_ENTCL	GCF_019844095.1_WP_062747070.1	70.115	86	88	100	87	25	1	1	86	1	87	4.35e-33	115
tr|A0A144RC60|A0A144RC60_ENTCL	GCF_002393505.1_WP_006658392.1	58.140	86	87	100	86	36	0	1	86	1	86	4.37e-33	115
tr|A0A144RC60|A0A144RC60_ENTCL	GCF_000517405.1_WP_038469034.1	59.259	86	83	94	81	33	0	4	84	1	81	5.08e-33	114
tr|A0A144RC60|A0A144RC60_ENTCL	GCF_000091565.1_WP_004159420.1	65.476	86	87	98	84	29	0	1	84	1	84	6.71e-33	114
tr|A0A144RC60|A0A144RC60_ENTCL	GCF_011045835.1_WP_075671674.1	57.831	86	86	97	83	35	0	1	83	1	83	7.85e-33	114
tr|A0A144RC60|A0A144RC60_ENTCL	GCF_000261045.2_WP_006318653.1	65.116	86	87	100	86	30	0	1	86	1	86	9.60e-33	114
tr|A0A144RC60|A0A144RC60_ENTCL	GCF_900638135.1_WP_012146468.1	65.116	86	87	100	86	30	0	1	86	1	86	1.04e-32	114
tr|A0A144RC60|A0A144RC60_ENTCL	GCF_017743015.1_WP_209027287.1	59.302	86	88	100	86	35	0	1	86	1	86	1.24e-32	114
tr|A0A144RC60|A0A144RC60_ENTCL	GCF_009831665.3_WP_006709226.1	62.791	86	87	100	86	32	0	1	86	1	86	1.46e-32	113
tr|A0A144RC60|A0A144RC60_ENTCL	GCF_022369495.1_WP_072064250.1	56.627	86	86	97	83	36	0	1	83	1	83	1.47e-32	113
tr|A0A144RC60|A0A144RC60_ENTCL	GCF_000968195.1_WP_045972480.1	62.069	86	87	100	87	32	1	1	86	1	87	1.47e-32	113
tr|A0A144RC60|A0A144RC60_ENTCL	GCF_002504285.1_WP_005282992.1	66.279	86	86	100	86	29	0	1	86	1	86	1.61e-32	113
tr|A0A144RC60|A0A144RC60_ENTCL	GCF_013460135.1_WP_180816665.1	58.140	86	88	100	86	36	0	1	86	1	86	1.79e-32	113
tr|A0A144RC60|A0A144RC60_ENTCL	GCF_022647325.1_WP_111140597.1	67.857	86	86	98	84	27	0	1	84	1	84	1.90e-32	113
tr|A0A144RC60|A0A144RC60_ENTCL	GCF_000069965.1_WP_004245453.1	56.627	86	86	97	83	36	0	1	83	1	83	1.99e-32	113
tr|A0A144RC60|A0A144RC60_ENTCL	GCF_021365465.1_WP_016190321.1	68.605	86	87	100	86	27	0	1	86	1	86	2.19e-32	113
tr|A0A144RC60|A0A144RC60_ENTCL	GCF_020342335.1_WP_067428135.1	67.857	86	87	98	84	27	0	1	84	1	84	3.04e-32	112
tr|A0A144RC60|A0A144RC60_ENTCL	GCF_000214235.1_WP_004952197.1	66.667	86	85	98	84	28	0	3	86	1	84	5.32e-32	112
tr|A0A144RC60|A0A144RC60_ENTCL	GCF_001721185.1_WP_069317984.1	60.465	86	87	100	86	34	0	1	86	1	86	5.69e-32	112
tr|A0A144RC60|A0A144RC60_ENTCL	GCF_002952315.1_WP_012667243.1	67.059	86	87	99	85	28	0	1	85	1	85	6.16e-32	112
tr|A0A144RC60|A0A144RC60_ENTCL	GCF_016026395.1_WP_024524235.1	65.116	86	86	100	86	30	0	1	86	1	86	6.30e-32	112
tr|A0A144RC60|A0A144RC60_ENTCL	GCF_001006005.1_WP_223499701.1	65.476	86	85	98	84	29	0	3	86	1	84	1.35e-31	111
tr|A0A144RC60|A0A144RC60_ENTCL	GCF_008364325.2_WP_230090436.1	65.476	86	85	98	84	29	0	3	86	1	84	1.71e-31	110
tr|A0A144RC60|A0A144RC60_ENTCL	GCF_014295015.1_WP_013185414.1	59.770	86	87	100	87	34	1	1	86	1	87	4.15e-31	110
tr|A0A144RC60|A0A144RC60_ENTCL	GCF_000968175.1_WP_045959360.1	57.471	86	88	100	87	36	1	1	86	1	87	8.51e-31	109
tr|A0A144RC60|A0A144RC60_ENTCL	GCF_004116975.1_WP_064720954.1	59.036	86	86	97	83	34	0	1	83	1	83	1.02e-30	109
tr|A0A144RC60|A0A144RC60_ENTCL	GCF_004295645.1_WP_228350951.1	65.882	86	88	98	85	28	1	1	84	1	85	1.41e-30	108
tr|A0A144RC60|A0A144RC60_ENTCL	GCF_005671395.1_WP_138095872.1	69.620	86	86	92	79	24	0	1	79	1	79	1.44e-30	108
tr|A0A144RC60|A0A144RC60_ENTCL	GCF_900478135.1_WP_111739359.1	64.706	86	88	98	85	29	1	1	84	1	85	2.63e-30	107
tr|A0A144RC60|A0A144RC60_ENTCL	GCF_003096015.2_WP_230514010.1	65.882	86	88	98	85	28	1	1	84	1	85	5.17e-30	107
tr|A0A144RC60|A0A144RC60_ENTCL	GCF_003074995.2_WP_015870269.1	60.241	86	86	97	83	33	0	1	83	1	83	6.42e-30	107
tr|A0A144RC60|A0A144RC60_ENTCL	GCF_900638655.1_WP_047781753.1	65.882	86	88	98	85	28	1	1	84	1	85	1.34e-29	106
tr|A0A144RC60|A0A144RC60_ENTCL	GCF_004353845.1_WP_103770713.1	34.483	86	93	100	87	56	1	1	86	1	87	1.42e-29	106
tr|A0A144RC60|A0A144RC60_ENTCL	GCF_003812345.1_WP_121571778.1	32.184	86	94	100	87	58	1	1	86	1	87	5.01e-29	104
tr|A0A144RC60|A0A144RC60_ENTCL	GCF_001597285.1_WP_061903727.1	33.750	86	92	92	80	52	1	4	82	1	80	1.50e-28	103
tr|A0A144RC60|A0A144RC60_ENTCL	GCF_008693605.1_WP_223849061.1	31.395	86	95	99	86	58	1	1	85	2	87	3.46e-28	102
tr|A0A144RC60|A0A144RC60_ENTCL	GCF_002355475.1_WP_004421315.1	37.037	86	91	93	81	50	1	3	82	1	81	3.86e-28	102
tr|A0A144RC60|A0A144RC60_ENTCL	GCF_013200955.2_WP_173204463.1	37.037	86	91	93	81	50	1	3	82	1	81	4.25e-28	102
tr|A0A144RC60|A0A144RC60_ENTCL	GCF_024205225.1_WP_195881696.1	33.750	86	90	92	80	52	1	4	82	1	80	5.33e-28	102
tr|A0A144RC60|A0A144RC60_ENTCL	GCF_000733715.2_WP_017362912.1	35.000	86	90	92	80	51	1	4	82	1	80	6.10e-28	101
tr|A0A144RC60|A0A144RC60_ENTCL	GCF_900682675.2_WP_069898892.1	36.250	86	94	92	80	50	1	4	82	1	80	8.21e-28	101
tr|A0A144RC60|A0A144RC60_ENTCL	GCF_000297075.2_WP_003461742.1	35.000	86	90	92	80	51	1	4	82	1	80	1.09e-27	101
tr|A0A144RC60|A0A144RC60_ENTCL	GCF_013409125.2_WP_099525265.1	35.000	86	90	92	80	51	1	4	82	1	80	1.69e-27	100
tr|A0A144RC60|A0A144RC60_ENTCL	GCF_008693645.1_WP_137347870.1	32.184	86	89	100	87	58	1	1	86	1	87	2.28e-27	100
tr|A0A144RC60|A0A144RC60_ENTCL	GCF_021029445.1_WP_230924827.1	31.646	86	89	92	79	54	0	4	82	1	79	2.73e-27	100
tr|A0A144RC60|A0A144RC60_ENTCL	GCF_013423785.1_WP_180308358.1	39.773	86	88	98	88	49	1	1	84	1	88	3.43e-27	100
tr|A0A144RC60|A0A144RC60_ENTCL	GCF_001708425.1_WP_055136127.1	38.095	86	94	92	84	47	2	4	82	1	84	4.35e-27	100
tr|A0A144RC60|A0A144RC60_ENTCL	GCF_001594225.2_WP_064379396.1	36.782	86	92	95	87	50	2	4	85	1	87	5.41e-27	99.7
tr|A0A144RC60|A0A144RC60_ENTCL	GCF_017167985.1_WP_093053415.1	30.000	86	92	92	80	55	1	4	82	1	80	7.67e-27	99.2
tr|A0A144RC60|A0A144RC60_ENTCL	GCF_017167985.1_WP_079784061.1	35.000	86	90	92	80	51	1	4	82	1	80	1.87e-26	98.3
tr|A0A144RC60|A0A144RC60_ENTCL	GCF_008033135.1_WP_148717358.1	26.582	86	87	92	79	58	0	4	82	1	79	2.42e-26	97.8
tr|A0A144RC60|A0A144RC60_ENTCL	GCF_008807375.1_WP_151138908.1	35.802	86	91	93	81	51	1	3	82	1	81	3.52e-26	97.5
tr|A0A144RC60|A0A144RC60_ENTCL	GCF_012767755.2_WP_173176508.1	32.500	86	91	92	80	50	2	4	82	1	77	4.22e-26	97.5
tr|A0A144RC60|A0A144RC60_ENTCL	GCF_017915135.1_WP_210390879.1	33.750	86	90	92	80	52	1	4	82	1	80	5.35e-26	97.2
tr|A0A144RC60|A0A144RC60_ENTCL	GCF_004684345.1_WP_135321947.1	35.802	86	93	93	81	51	1	1	80	1	81	5.39e-26	97.2
tr|A0A144RC60|A0A144RC60_ENTCL	GCF_011397855.1_WP_044414183.1	37.179	86	90	90	78	48	1	4	80	1	78	1.61e-25	95.8
tr|A0A144RC60|A0A144RC60_ENTCL	GCF_003957745.1_WP_126168493.1	36.471	86	87	93	85	49	2	4	83	1	85	1.86e-25	95.5
tr|A0A144RC60|A0A144RC60_ENTCL	GCF_016834455.1_WP_203325205.1	41.096	86	86	84	73	42	1	4	75	1	73	3.12e-25	95.0
tr|A0A144RC60|A0A144RC60_ENTCL	GCF_000178875.2_WP_012197738.1	31.034	86	90	95	87	55	2	4	85	1	87	3.30e-25	95.0
tr|A0A144RC60|A0A144RC60_ENTCL	GCF_025402875.1_WP_011791024.1	31.034	86	90	95	87	55	2	4	85	1	87	4.49e-25	94.7
tr|A0A144RC60|A0A144RC60_ENTCL	GCF_014524625.1_WP_009050814.1	27.500	86	92	92	80	57	1	4	82	1	80	5.01e-25	94.7
tr|A0A144RC60|A0A144RC60_ENTCL	GCF_000015245.1_WP_011761423.1	37.647	86	86	93	85	48	2	4	83	1	85	5.39e-25	94.4
tr|A0A144RC60|A0A144RC60_ENTCL	GCF_019047765.1_WP_040231149.1	30.233	86	89	99	86	59	1	1	85	1	86	9.31e-25	93.8
tr|A0A144RC60|A0A144RC60_ENTCL	GCF_020991025.1_WP_152109250.1	42.308	86	83	90	78	44	1	3	79	1	78	1.39e-24	93.3
tr|A0A144RC60|A0A144RC60_ENTCL	GCF_017329545.1_WP_047884589.1	31.765	86	95	98	85	57	1	3	86	1	85	1.93e-24	93.3
tr|A0A144RC60|A0A144RC60_ENTCL	GCF_024971755.1_WP_259474826.1	31.250	86	88	92	80	54	1	4	82	1	80	2.16e-24	93.0
tr|A0A144RC60|A0A144RC60_ENTCL	GCF_019670705.1_WP_100146025.1	34.884	86	92	94	86	51	2	4	84	1	86	5.01e-24	92.1
tr|A0A144RC60|A0A144RC60_ENTCL	GCF_002355475.1_WP_003455993.1	28.571	86	90	88	77	54	1	7	82	2	78	5.15e-24	92.1
tr|A0A144RC60|A0A144RC60_ENTCL	GCF_009730655.1_WP_156020461.1	34.884	86	92	94	86	51	2	4	84	1	86	6.67e-24	91.9
tr|A0A144RC60|A0A144RC60_ENTCL	GCF_012767755.2_WP_173171843.1	32.500	86	90	92	80	53	1	4	82	1	80	9.80e-24	91.3
tr|A0A144RC60|A0A144RC60_ENTCL	GCF_017354925.1_WP_207321174.1	39.726	86	87	84	73	43	1	4	75	1	73	9.82e-24	91.3
tr|A0A144RC60|A0A144RC60_ENTCL	GCF_017354965.1_WP_207380278.1	38.356	86	87	84	73	44	1	4	75	1	73	2.30e-23	90.4
tr|A0A144RC60|A0A144RC60_ENTCL	GCF_008807375.1_WP_151133519.1	25.974	86	90	88	77	56	1	7	82	2	78	2.64e-23	90.2
tr|A0A144RC60|A0A144RC60_ENTCL	GCF_004358345.1_WP_121852852.1	35.714	86	76	80	70	44	1	3	71	1	70	3.79e-23	89.6
tr|A0A144RC60|A0A144RC60_ENTCL	GCF_029457395.1_WP_024766443.1	32.143	86	92	92	84	52	1	4	82	1	84	4.38e-23	89.6
tr|A0A144RC60|A0A144RC60_ENTCL	GCF_024347355.1_WP_105024956.1	25.610	86	83	90	82	56	2	10	86	2	83	5.51e-23	89.3
tr|A0A144RC60|A0A144RC60_ENTCL	GCF_002215585.1_WP_088903590.1	28.049	86	89	91	82	55	1	4	81	1	82	1.01e-22	88.8
tr|A0A144RC60|A0A144RC60_ENTCL	GCF_016026875.1_WP_045525981.1	37.143	86	89	81	70	41	1	4	73	1	67	1.19e-22	88.5
tr|A0A144RC60|A0A144RC60_ENTCL	GCF_024347475.1_WP_239840920.1	27.160	86	83	88	81	54	2	10	85	2	82	1.36e-22	88.2
tr|A0A144RC60|A0A144RC60_ENTCL	GCF_024346675.1_WP_048897676.1	27.160	86	86	93	81	58	1	3	82	1	81	1.82e-22	87.9
tr|A0A144RC60|A0A144RC60_ENTCL	GCF_012971725.1_WP_169940133.1	32.143	86	92	92	84	52	1	4	82	1	84	1.87e-22	88.2
tr|A0A144RC60|A0A144RC60_ENTCL	GCF_020405345.1_WP_017780573.1	36.620	86	89	83	71	42	1	4	74	1	68	1.95e-22	87.9
tr|A0A144RC60|A0A144RC60_ENTCL	GCF_003584645.1_WP_197716612.1	24.390	86	80	91	82	55	2	3	80	1	79	1.96e-22	87.9
tr|A0A144RC60|A0A144RC60_ENTCL	GCF_009938225.1_WP_075649723.1	32.911	86	82	86	79	48	2	10	83	2	80	2.89e-22	87.4
tr|A0A144RC60|A0A144RC60_ENTCL	GCF_002204915.1_WP_052690899.1	27.500	86	101	87	80	53	2	10	84	21	100	3.01e-22	87.6
tr|A0A144RC60|A0A144RC60_ENTCL	GCF_000014885.1_WP_020912292.1	35.000	86	87	92	80	51	1	4	82	1	80	4.07e-22	87.1
tr|A0A144RC60|A0A144RC60_ENTCL	GCF_003025345.2_WP_003155955.1	35.294	86	91	92	85	49	1	4	82	1	85	8.59e-22	86.5
tr|A0A144RC60|A0A144RC60_ENTCL	GCF_020149575.1_WP_224431657.1	33.803	86	85	83	71	44	1	4	74	1	68	9.65e-22	86.2
tr|A0A144RC60|A0A144RC60_ENTCL	GCF_002005305.1_WP_077753428.1	33.750	86	86	92	80	52	1	4	82	1	80	1.10e-21	85.9
tr|A0A144RC60|A0A144RC60_ENTCL	GCF_006337165.1_WP_139515111.1	31.325	86	82	91	83	49	2	3	80	1	80	1.22e-21	85.9
tr|A0A144RC60|A0A144RC60_ENTCL	GCF_022371215.1_WP_239718047.1	26.829	86	83	90	82	55	2	10	86	2	83	2.00e-21	85.4
tr|A0A144RC60|A0A144RC60_ENTCL	GCF_004355185.1_WP_133271280.1	31.250	86	81	87	80	47	2	4	78	1	77	2.43e-21	85.1
tr|A0A144RC60|A0A144RC60_ENTCL	GCF_001596155.1_WP_068342236.1	27.273	86	90	85	77	49	2	3	75	1	74	3.15e-21	84.8
tr|A0A144RC60|A0A144RC60_ENTCL	GCF_028355655.1_WP_087756847.1	36.842	86	84	66	57	36	0	4	60	1	57	3.43e-21	84.8
tr|A0A144RC60|A0A144RC60_ENTCL	GCF_020423125.1_WP_226170850.1	35.211	86	84	83	71	43	1	4	74	1	68	3.54e-21	84.5
tr|A0A144RC60|A0A144RC60_ENTCL	GCF_000146165.2_WP_164925808.1	29.630	86	89	92	81	55	2	4	82	1	81	3.69e-21	84.8
tr|A0A144RC60|A0A144RC60_ENTCL	GCF_006742785.1_WP_172630283.1	26.582	86	88	91	79	57	1	8	85	3	81	5.18e-21	84.3
tr|A0A144RC60|A0A144RC60_ENTCL	GCF_900637545.1_WP_042651794.1	35.211	86	84	83	71	43	1	4	74	1	68	5.71e-21	84.3
tr|A0A144RC60|A0A144RC60_ENTCL	GCF_027625995.1_WP_270126807.1	29.630	86	82	88	81	49	2	3	78	1	78	6.16e-21	84.0
tr|A0A144RC60|A0A144RC60_ENTCL	GCF_003966655.1_WP_113527441.1	28.169	86	77	83	71	51	0	3	73	1	71	7.24e-21	83.7
tr|A0A144RC60|A0A144RC60_ENTCL	GCF_014905115.1_WP_193151849.1	27.848	86	81	86	79	52	2	10	83	2	80	7.56e-21	83.7
tr|A0A144RC60|A0A144RC60_ENTCL	GCF_013462805.1_WP_009566961.1	26.761	86	77	83	71	52	0	3	73	1	71	8.29e-21	83.7
tr|A0A144RC60|A0A144RC60_ENTCL	GCF_001677435.1_WP_068615618.1	33.766	86	90	87	77	48	3	3	77	1	76	9.00e-21	83.7
tr|A0A144RC60|A0A144RC60_ENTCL	GCF_001558255.2_WP_005504861.1	32.099	86	82	87	81	49	3	10	84	2	82	9.31e-21	83.7
tr|A0A144RC60|A0A144RC60_ENTCL	GCF_000801295.1_WP_171816254.1	30.380	86	99	88	79	52	1	1	76	1	79	9.63e-21	84.0
tr|A0A144RC60|A0A144RC60_ENTCL	GCF_008693705.1_WP_127008315.1	34.286	86	84	81	70	43	1	4	73	1	67	1.06e-20	83.4
tr|A0A144RC60|A0A144RC60_ENTCL	GCF_001020955.1_WP_047250467.1	34.177	86	82	87	79	48	2	1	75	1	79	1.68e-20	82.9
tr|A0A144RC60|A0A144RC60_ENTCL	GCF_016127195.1_WP_042032742.1	31.429	86	89	81	70	45	1	4	73	1	67	1.74e-20	83.1
tr|A0A144RC60|A0A144RC60_ENTCL	GCF_000016065.1_WP_011864074.1	30.000	86	93	92	80	54	2	4	82	1	79	2.48e-20	82.6
tr|A0A144RC60|A0A144RC60_ENTCL	GCF_003015165.1_WP_106887831.1	33.803	86	84	83	71	44	1	4	74	1	68	3.41e-20	82.3
tr|A0A144RC60|A0A144RC60_ENTCL	GCF_001007875.1_WP_046858354.1	29.114	86	80	86	79	51	2	10	83	2	80	3.42e-20	82.0
tr|A0A144RC60|A0A144RC60_ENTCL	GCF_009938185.1_WP_162048373.1	27.848	86	82	86	79	52	2	10	83	2	80	4.05e-20	82.0
tr|A0A144RC60|A0A144RC60_ENTCL	GCF_024347035.1_WP_102941394.1	26.250	86	81	87	80	54	2	10	84	2	81	4.48e-20	81.7
tr|A0A144RC60|A0A144RC60_ENTCL	GCF_019670125.1_WP_221076876.1	27.848	86	81	86	79	52	2	10	83	2	80	6.11e-20	81.4
tr|A0A144RC60|A0A144RC60_ENTCL	GCF_009938205.1_WP_075706454.1	32.911	86	82	86	79	48	2	10	83	2	80	6.12e-20	81.4
tr|A0A144RC60|A0A144RC60_ENTCL	GCF_009068765.1_WP_151900329.1	26.582	86	81	86	79	53	2	10	83	2	80	6.99e-20	81.4
tr|A0A144RC60|A0A144RC60_ENTCL	GCF_000009145.1_WP_041356315.1	28.049	86	90	90	82	54	3	10	86	6	87	7.04e-20	81.4
tr|A0A144RC60|A0A144RC60_ENTCL	GCF_001558415.2_WP_061055374.1	27.848	86	83	86	79	52	2	10	83	2	80	7.07e-20	81.4
tr|A0A144RC60|A0A144RC60_ENTCL	GCF_013137895.1_WP_135435790.1	30.488	86	83	90	82	48	3	1	77	1	78	7.18e-20	81.4
tr|A0A144RC60|A0A144RC60_ENTCL	GCF_010093065.1_WP_238430213.1	26.582	86	83	87	79	51	2	1	75	2	77	7.24e-20	81.4
tr|A0A144RC60|A0A144RC60_ENTCL	GCF_014879975.1_WP_192888672.1	26.829	86	83	90	82	55	2	10	86	2	83	7.35e-20	81.2
tr|A0A144RC60|A0A144RC60_ENTCL	GCF_016026615.1_WP_197928313.1	30.000	86	89	81	70	46	1	4	73	1	67	7.43e-20	81.4
tr|A0A144RC60|A0A144RC60_ENTCL	GCF_000576555.1_WP_044000633.1	30.769	86	83	85	78	46	2	6	78	5	79	8.42e-20	81.2
tr|A0A144RC60|A0A144RC60_ENTCL	GCF_008329985.2_WP_149283950.1	28.750	86	81	87	80	52	2	10	84	2	81	8.60e-20	81.2
tr|A0A144RC60|A0A144RC60_ENTCL	GCF_013283835.1_WP_071626507.1	28.571	86	83	86	77	49	2	3	76	1	74	8.62e-20	81.2
tr|A0A144RC60|A0A144RC60_ENTCL	GCF_003574965.1_WP_119445661.1	28.395	86	82	88	81	50	2	3	78	1	78	8.89e-20	81.2
tr|A0A144RC60|A0A144RC60_ENTCL	GCF_002407485.1_WP_096780111.1	28.750	86	81	87	80	52	2	10	84	2	81	9.31e-20	80.9
tr|A0A144RC60|A0A144RC60_ENTCL	GCF_000968535.2_WP_014147785.1	25.000	86	84	87	76	55	2	8	82	4	78	1.06e-19	80.9
tr|A0A144RC60|A0A144RC60_ENTCL	GCF_022827545.1_WP_243798205.1	30.864	86	82	88	81	48	2	3	78	1	78	1.40e-19	80.6
tr|A0A144RC60|A0A144RC60_ENTCL	GCF_002142475.1_WP_026148861.1	27.160	86	86	90	81	52	2	4	80	1	78	1.47e-19	80.6
tr|A0A144RC60|A0A144RC60_ENTCL	GCF_003515105.1_WP_036973086.1	40.845	86	73	81	71	41	1	6	75	2	72	1.49e-19	80.3
tr|A0A144RC60|A0A144RC60_ENTCL	GCF_014169735.1_WP_134997272.1	32.394	86	86	83	71	45	1	4	74	1	68	1.78e-19	80.3
tr|A0A144RC60|A0A144RC60_ENTCL	GCF_001007935.1_WP_046849946.1	25.926	86	84	88	81	55	2	8	83	4	84	1.91e-19	80.3
tr|A0A144RC60|A0A144RC60_ENTCL	GCF_009755585.1_WP_157030071.1	30.488	86	85	91	82	50	2	3	80	1	79	2.73e-19	79.8
tr|A0A144RC60|A0A144RC60_ENTCL	GCF_024347655.1_WP_060467732.1	24.390	86	83	90	82	57	2	10	86	2	83	3.02e-19	79.8
tr|A0A144RC60|A0A144RC60_ENTCL	GCF_024347635.1_WP_139683960.1	25.610	86	83	90	82	56	2	10	86	2	83	3.38e-19	79.5
tr|A0A144RC60|A0A144RC60_ENTCL	GCF_008364325.2_WP_020826409.1	27.397	86	84	84	73	49	2	4	75	1	70	3.41e-19	79.8
tr|A0A144RC60|A0A144RC60_ENTCL	GCF_001995825.2_WP_017057338.1	24.390	86	83	90	82	57	2	10	86	2	83	3.75e-19	79.5
tr|A0A144RC60|A0A144RC60_ENTCL	GCF_004001245.1_WP_127478562.1	30.864	86	85	88	81	51	2	1	76	1	81	3.82e-19	79.5
tr|A0A144RC60|A0A144RC60_ENTCL	GCF_024347595.1_WP_176681244.1	26.829	86	83	90	82	55	2	10	86	2	83	4.22e-19	79.5
tr|A0A144RC60|A0A144RC60_ENTCL	GCF_024347455.1_WP_135458404.1	25.610	86	83	90	82	56	2	10	86	2	83	5.62e-19	78.9
tr|A0A144RC60|A0A144RC60_ENTCL	GCF_004214795.1_WP_130234502.1	20.988	86	78	91	81	58	2	3	80	1	78	5.63e-19	78.9
tr|A0A144RC60|A0A144RC60_ENTCL	GCF_000091465.1_WP_004733849.1	24.390	86	83	90	82	57	2	10	86	2	83	6.53e-19	78.9
tr|A0A144RC60|A0A144RC60_ENTCL	GCF_020844025.1_WP_215848879.1	29.577	86	77	83	71	50	0	3	73	1	71	6.54e-19	78.6
tr|A0A144RC60|A0A144RC60_ENTCL	GCF_002214395.1_WP_010453422.1	26.250	86	81	87	80	54	2	10	84	2	81	8.81e-19	78.6
tr|A0A144RC60|A0A144RC60_ENTCL	GCF_001507645.1_WP_068195976.1	28.571	86	90	85	77	48	2	3	75	1	74	9.37e-19	78.6
tr|A0A144RC60|A0A144RC60_ENTCL	GCF_019670105.1_WP_040307707.1	25.000	86	81	87	80	55	2	10	84	2	81	1.03e-18	78.4
tr|A0A144RC60|A0A144RC60_ENTCL	GCF_009662475.1_WP_031573754.1	29.412	86	79	79	68	48	0	3	70	1	68	1.12e-18	78.4
tr|A0A144RC60|A0A144RC60_ENTCL	GCF_002762215.1_WP_085750011.1	27.632	86	87	84	76	48	3	4	75	3	75	1.21e-18	78.4
tr|A0A144RC60|A0A144RC60_ENTCL	GCF_022811645.1_WP_243511723.1	27.848	86	90	87	79	50	2	3	77	1	76	1.29e-18	78.4
tr|A0A144RC60|A0A144RC60_ENTCL	GCF_000024005.1_WP_012793320.1	26.923	86	84	86	78	50	2	2	75	3	77	1.45e-18	78.1
tr|A0A144RC60|A0A144RC60_ENTCL	GCF_000148645.1_WP_013347076.1	28.571	86	80	84	77	50	2	12	83	3	79	1.46e-18	78.1
tr|A0A144RC60|A0A144RC60_ENTCL	GCF_024360925.2_WP_255188929.1	25.641	86	83	90	78	56	2	10	86	6	82	1.69e-18	77.8
tr|A0A144RC60|A0A144RC60_ENTCL	GCF_024582835.1_WP_257083279.1	26.829	86	87	90	82	55	2	10	86	2	83	1.72e-18	77.8
tr|A0A144RC60|A0A144RC60_ENTCL	GCF_019669905.1_WP_054759186.1	39.623	86	79	60	53	31	1	8	59	3	55	1.74e-18	77.8
tr|A0A144RC60|A0A144RC60_ENTCL	GCF_008728635.1_WP_151087836.1	25.974	86	90	85	77	50	3	3	75	1	74	2.14e-18	77.8
tr|A0A144RC60|A0A144RC60_ENTCL	GCF_000214665.1_WP_013819542.1	25.316	86	83	86	79	53	3	10	83	6	83	2.18e-18	77.5
tr|A0A144RC60|A0A144RC60_ENTCL	GCF_024347675.1_WP_261835500.1	28.750	86	81	87	80	52	2	10	84	2	81	2.38e-18	77.5
tr|A0A144RC60|A0A144RC60_ENTCL	GCF_902810445.1_WP_197744199.1	18.519	86	78	90	81	59	2	4	80	1	78	2.43e-18	77.2
tr|A0A144RC60|A0A144RC60_ENTCL	GCF_024362845.1_WP_255230807.1	22.785	86	82	86	79	56	2	10	83	2	80	2.66e-18	77.2
tr|A0A144RC60|A0A144RC60_ENTCL	GCF_013177675.1_WP_172128285.1	23.684	86	81	85	76	52	2	3	75	1	73	3.19e-18	77.2
tr|A0A144RC60|A0A144RC60_ENTCL	GCF_001831495.1_WP_068547707.1	22.785	86	81	86	79	56	2	10	83	2	80	3.35e-18	76.9
tr|A0A144RC60|A0A144RC60_ENTCL	GCF_900233005.1_WP_102521318.1	24.051	86	81	86	79	55	2	10	83	2	80	3.89e-18	76.9
tr|A0A144RC60|A0A144RC60_ENTCL	GCF_004328865.1_WP_104643907.1	28.395	86	83	88	81	53	2	10	85	2	82	4.61e-18	76.7
tr|A0A144RC60|A0A144RC60_ENTCL	GCF_003668795.1_WP_054981706.1	29.630	86	83	88	81	52	2	10	85	2	82	4.68e-18	76.7
tr|A0A144RC60|A0A144RC60_ENTCL	GCF_000014765.1_WP_011633385.1	30.952	86	89	92	84	53	3	8	86	3	86	5.36e-18	76.7
tr|A0A144RC60|A0A144RC60_ENTCL	GCF_024494545.1_WP_256384876.1	25.641	86	81	85	78	53	2	11	83	3	80	6.07e-18	76.4
tr|A0A144RC60|A0A144RC60_ENTCL	GCF_000212735.1_WP_013764159.1	26.582	86	83	87	79	51	2	1	75	1	76	7.60e-18	76.1
tr|A0A144RC60|A0A144RC60_ENTCL	GCF_010093065.1_WP_162331416.1	23.684	86	84	84	76	51	2	4	75	5	77	8.05e-18	76.1
tr|A0A144RC60|A0A144RC60_ENTCL	GCF_003149515.1_WP_109656005.1	25.974	86	90	85	77	50	2	3	75	1	74	8.45e-18	76.1
tr|A0A144RC60|A0A144RC60_ENTCL	GCF_002849875.1_WP_232379112.1	29.070	86	113	91	86	53	2	6	83	28	113	8.47e-18	76.7
tr|A0A144RC60|A0A144RC60_ENTCL	GCF_001955715.1_WP_029708890.1	29.730	86	80	81	74	45	2	4	73	1	71	9.46e-18	75.8
tr|A0A144RC60|A0A144RC60_ENTCL	GCF_000785705.2_WP_036272019.1	26.923	86	82	86	78	52	2	10	83	6	82	9.56e-18	75.8
tr|A0A144RC60|A0A144RC60_ENTCL	GCF_002221525.1_WP_089349457.1	29.630	86	83	88	81	52	2	10	85	2	82	1.09e-17	75.8
tr|A0A144RC60|A0A144RC60_ENTCL	GCF_002906475.1_WP_012130247.1	24.051	86	81	86	79	55	2	10	83	2	80	1.12e-17	75.8
tr|A0A144RC60|A0A144RC60_ENTCL	GCF_001651805.1_WP_067384150.1	35.135	86	78	80	74	43	3	4	72	1	74	1.26e-17	75.5
tr|A0A144RC60|A0A144RC60_ENTCL	GCF_008369605.1_WP_000253074.1	29.114	86	81	86	79	51	2	10	83	2	80	1.32e-17	75.5
tr|A0A144RC60|A0A144RC60_ENTCL	GCF_003258315.1_WP_111337788.1	26.582	86	88	91	79	57	1	8	85	4	82	1.38e-17	75.5
tr|A0A144RC60|A0A144RC60_ENTCL	GCF_024746855.1_WP_260492542.1	29.487	86	79	86	78	51	1	10	83	2	79	1.52e-17	75.3
tr|A0A144RC60|A0A144RC60_ENTCL	GCF_001456255.1_WP_020335096.1	23.750	86	81	87	80	56	2	10	84	2	81	1.54e-17	75.3
tr|A0A144RC60|A0A144RC60_ENTCL	GCF_002021755.1_WP_005434844.1	24.051	86	81	86	79	55	2	10	83	2	80	1.80e-17	75.3
tr|A0A144RC60|A0A144RC60_ENTCL	GCF_005931095.1_WP_017839868.1	23.684	86	84	87	76	56	2	8	82	4	78	2.14e-17	75.0
tr|A0A144RC60|A0A144RC60_ENTCL	GCF_003967195.1_WP_172597571.1	33.333	86	83	81	75	45	2	3	72	2	76	2.22e-17	75.0
tr|A0A144RC60|A0A144RC60_ENTCL	GCF_000238395.3_WP_010553578.1	27.160	86	83	88	81	54	2	10	85	2	82	2.26e-17	75.0
tr|A0A144RC60|A0A144RC60_ENTCL	GCF_005877035.1_WP_039486662.1	28.395	86	83	88	81	53	2	10	85	2	82	2.35e-17	75.0
tr|A0A144RC60|A0A144RC60_ENTCL	GCF_013343005.1_WP_078482823.1	35.897	86	84	85	78	45	2	3	75	1	78	2.52e-17	75.0
tr|A0A144RC60|A0A144RC60_ENTCL	GCF_001999225.1_WP_077537996.1	23.457	86	82	88	81	57	2	10	85	2	82	2.62e-17	74.7
tr|A0A144RC60|A0A144RC60_ENTCL	GCF_009938015.1_WP_223264517.1	30.380	86	90	86	79	50	3	1	74	1	79	2.96e-17	74.7
tr|A0A144RC60|A0A144RC60_ENTCL	GCF_000770115.1_WP_069687890.1	22.785	86	81	86	79	56	2	10	83	2	80	3.00e-17	74.7
tr|A0A144RC60|A0A144RC60_ENTCL	GCF_000021985.1_WP_012639500.1	33.784	86	82	80	74	44	2	3	71	1	74	3.10e-17	74.7
tr|A0A144RC60|A0A144RC60_ENTCL	GCF_003353065.1_WP_114983154.1	25.610	86	84	91	82	54	3	1	78	1	79	3.23e-17	74.7
tr|A0A144RC60|A0A144RC60_ENTCL	GCF_003990335.1_WP_127025819.1	24.286	86	91	81	70	53	0	11	80	7	76	3.56e-17	74.7
tr|A0A144RC60|A0A144RC60_ENTCL	GCF_016613475.2_WP_200606805.1	20.253	86	90	87	79	56	2	4	78	5	80	3.61e-17	74.7
tr|A0A144RC60|A0A144RC60_ENTCL	GCF_019670485.1_WP_221071211.1	25.316	86	81	86	79	54	2	10	83	2	80	3.62e-17	74.4
tr|A0A144RC60|A0A144RC60_ENTCL	GCF_003544915.1_WP_118918525.1	27.632	86	73	85	76	49	2	3	75	1	73	3.63e-17	74.1
tr|A0A144RC60|A0A144RC60_ENTCL	GCF_003346815.1_WP_114840342.1	30.263	86	82	85	76	47	2	3	75	1	73	4.09e-17	74.4
tr|A0A144RC60|A0A144RC60_ENTCL	GCF_013177635.1_WP_129095542.1	25.676	86	72	83	74	49	2	3	73	1	71	4.72e-17	73.9
tr|A0A144RC60|A0A144RC60_ENTCL	GCF_020091585.1_WP_224339804.1	24.675	86	82	85	77	51	3	4	76	1	74	4.99e-17	74.1
tr|A0A144RC60|A0A144RC60_ENTCL	GCF_018736065.1_WP_144074266.1	27.941	86	76	79	68	45	2	7	74	10	73	5.46e-17	73.9
tr|A0A144RC60|A0A144RC60_ENTCL	GCF_003970675.1_WP_126615366.1	27.941	86	76	79	68	45	2	7	74	10	73	6.82e-17	73.6
tr|A0A144RC60|A0A144RC60_ENTCL	GCF_003346775.1_WP_114843067.1	23.377	86	84	86	77	53	2	3	76	1	74	6.87e-17	73.9
tr|A0A144RC60|A0A144RC60_ENTCL	GCF_002355735.1_WP_096359192.1	28.571	86	83	85	77	51	2	4	76	7	83	7.31e-17	73.6
tr|A0A144RC60|A0A144RC60_ENTCL	GCF_004421105.1_WP_134356453.1	20.253	86	80	87	79	56	3	4	78	1	76	8.88e-17	73.3
tr|A0A144RC60|A0A144RC60_ENTCL	GCF_013201725.1_WP_014475480.1	29.730	86	74	83	74	46	2	3	73	1	71	9.06e-17	73.3
tr|A0A144RC60|A0A144RC60_ENTCL	GCF_003063625.1_WP_108601906.1	27.143	86	85	78	70	48	1	10	76	5	74	9.22e-17	73.6
tr|A0A144RC60|A0A144RC60_ENTCL	GCF_019703835.1_WP_087020305.1	32.911	86	79	87	79	46	2	12	86	3	78	1.04e-16	73.3
tr|A0A144RC60|A0A144RC60_ENTCL	GCF_008931805.1_WP_019441510.1	23.750	86	81	87	80	56	2	10	84	2	81	1.06e-16	73.3
tr|A0A144RC60|A0A144RC60_ENTCL	GCF_019797925.1_WP_193521737.1	31.169	86	80	85	77	49	1	11	83	3	79	1.08e-16	73.3
tr|A0A144RC60|A0A144RC60_ENTCL	GCF_007197555.1_WP_144048375.1	29.070	86	94	92	86	54	3	4	82	1	86	1.20e-16	73.3
tr|A0A144RC60|A0A144RC60_ENTCL	GCF_000024825.1_WP_005460845.1	23.750	86	81	87	80	56	2	10	84	2	81	1.22e-16	73.0
tr|A0A144RC60|A0A144RC60_ENTCL	GCF_000828615.1_WP_041064380.1	34.177	86	80	86	79	47	3	1	74	1	79	1.36e-16	73.0
tr|A0A144RC60|A0A144RC60_ENTCL	GCF_008122265.1_WP_148863603.1	20.779	86	84	85	77	54	2	4	76	1	74	1.45e-16	73.0
tr|A0A144RC60|A0A144RC60_ENTCL	GCF_000772105.1_WP_004748349.1	27.027	86	81	80	74	49	2	10	78	2	75	1.53e-16	72.7
tr|A0A144RC60|A0A144RC60_ENTCL	GCF_010119975.1_WP_162445115.1	25.882	86	365	94	85	55	2	4	84	8	88	1.62e-16	77.5
tr|A0A144RC60|A0A144RC60_ENTCL	GCF_024347495.1_WP_137371745.1	25.316	86	80	86	79	54	2	10	83	2	80	1.66e-16	72.7
tr|A0A144RC60|A0A144RC60_ENTCL	GCF_002355415.1_WP_148665551.1	32.877	86	87	80	73	45	2	6	74	13	85	1.87e-16	72.7
tr|A0A144RC60|A0A144RC60_ENTCL	GCF_002215215.1_WP_088918776.1	41.429	86	101	80	70	39	2	5	73	15	83	1.91e-16	73.0
tr|A0A144RC60|A0A144RC60_ENTCL	GCF_015209785.1_WP_193988300.1	42.647	86	73	78	68	38	1	6	72	2	69	1.96e-16	72.4
tr|A0A144RC60|A0A144RC60_ENTCL	GCF_013201935.1_WP_129014602.1	25.676	86	72	83	74	49	2	3	73	1	71	2.05e-16	72.4
tr|A0A144RC60|A0A144RC60_ENTCL	GCF_002557795.1_WP_098194977.1	26.316	86	89	81	76	47	2	6	75	7	79	2.08e-16	72.7
tr|A0A144RC60|A0A144RC60_ENTCL	GCF_000317125.1_WP_015155280.1	22.500	86	81	88	80	55	3	4	79	1	77	2.81e-16	72.2
tr|A0A144RC60|A0A144RC60_ENTCL	GCF_000143085.1_WP_013221711.1	21.053	86	82	84	76	53	3	4	75	1	73	2.95e-16	72.2
tr|A0A144RC60|A0A144RC60_ENTCL	GCF_023733635.1_WP_039959400.1	29.268	86	89	90	82	53	2	4	80	1	82	3.72e-16	71.9
tr|A0A144RC60|A0A144RC60_ENTCL	GCF_002218045.2_WP_089137819.1	37.500	86	79	79	72	41	2	6	73	5	76	3.98e-16	71.6
tr|A0A144RC60|A0A144RC60_ENTCL	GCF_024347195.1_WP_271272618.1	34.247	86	77	80	73	44	3	4	72	1	73	4.10e-16	71.6
tr|A0A144RC60|A0A144RC60_ENTCL	GCF_006364355.1_WP_004727652.1	22.785	86	83	86	79	56	2	10	83	2	80	4.50e-16	71.6
tr|A0A144RC60|A0A144RC60_ENTCL	GCF_024347275.1_WP_019620968.1	26.829	86	82	90	82	55	3	4	80	1	82	4.72e-16	71.6
tr|A0A144RC60|A0A144RC60_ENTCL	GCF_002887615.1_WP_038869703.1	22.785	86	81	86	79	56	2	10	83	2	80	4.90e-16	71.6
tr|A0A144RC60|A0A144RC60_ENTCL	GCF_008807855.1_WP_063240334.1	21.795	86	83	86	78	54	2	2	75	3	77	5.40e-16	71.3
tr|A0A144RC60|A0A144RC60_ENTCL	GCF_000012805.1_WP_011330264.1	19.737	86	85	84	76	54	3	4	75	1	73	6.05e-16	71.3
tr|A0A144RC60|A0A144RC60_ENTCL	GCF_000940995.1_WP_082060442.1	27.059	86	93	98	85	61	1	3	86	1	85	6.42e-16	71.3
tr|A0A144RC60|A0A144RC60_ENTCL	GCF_004028275.1_WP_128384077.1	24.286	86	77	77	70	49	2	9	74	2	71	6.66e-16	71.0
tr|A0A144RC60|A0A144RC60_ENTCL	GCF_001431725.1_WP_021820278.1	25.000	86	81	87	80	55	2	10	84	2	81	7.96e-16	71.0
tr|A0A144RC60|A0A144RC60_ENTCL	GCF_001442805.1_WP_057942092.1	24.324	86	88	81	74	49	2	5	74	6	76	8.42e-16	71.0
tr|A0A144RC60|A0A144RC60_ENTCL	GCF_000019525.1_WP_012323084.1	26.582	86	81	86	79	53	2	10	83	2	80	8.89e-16	70.8
tr|A0A144RC60|A0A144RC60_ENTCL	GCF_000026085.1_WP_041454550.1	38.028	86	73	80	71	41	3	6	74	2	71	9.36e-16	70.8
tr|A0A144RC60|A0A144RC60_ENTCL	GCF_000018105.1_WP_012162738.1	16.854	86	86	97	89	65	3	4	86	1	86	9.45e-16	70.8
tr|A0A144RC60|A0A144RC60_ENTCL	GCF_013201665.1_WP_128359868.1	24.390	86	81	92	82	56	2	3	81	1	79	1.27e-15	70.5
tr|A0A144RC60|A0A144RC60_ENTCL	GCF_005166025.1_WP_137090244.1	28.947	86	84	84	76	47	2	3	74	1	73	1.29e-15	70.5
tr|A0A144RC60|A0A144RC60_ENTCL	GCF_002356115.1_WP_096526481.1	18.421	86	78	84	76	55	2	4	75	1	73	1.53e-15	70.2
tr|A0A144RC60|A0A144RC60_ENTCL	GCF_019977755.1_WP_126608378.1	32.941	86	103	86	85	46	3	10	83	16	100	2.26e-15	70.2
tr|A0A144RC60|A0A144RC60_ENTCL	GCF_009363415.1_WP_152430616.1	20.253	86	84	86	79	58	2	10	83	2	80	2.41e-15	69.9
tr|A0A144RC60|A0A144RC60_ENTCL	GCF_001956695.1_WP_076086034.1	24.051	86	77	87	79	53	2	7	81	2	77	2.43e-15	69.6
tr|A0A144RC60|A0A144RC60_ENTCL	GCF_000321415.2_WP_015260329.1	32.941	86	93	94	85	53	2	1	81	1	85	2.48e-15	69.9
tr|A0A144RC60|A0A144RC60_ENTCL	GCF_024347255.1_WP_091360415.1	32.432	86	79	80	74	45	2	4	72	1	74	2.95e-15	69.6
tr|A0A144RC60|A0A144RC60_ENTCL	GCF_002157225.2_WP_086934278.1	28.767	86	80	85	73	52	0	10	82	5	77	3.14e-15	69.4
tr|A0A144RC60|A0A144RC60_ENTCL	GCF_001455205.1_WP_062560013.1	23.750	86	84	87	80	55	3	10	84	6	84	3.50e-15	69.4
tr|A0A144RC60|A0A144RC60_ENTCL	GCF_002157895.1_WP_227874980.1	23.750	86	82	87	80	56	2	10	84	3	82	3.52e-15	69.4
tr|A0A144RC60|A0A144RC60_ENTCL	GCF_001956695.1_WP_076086043.1	24.000	86	77	84	75	51	2	4	75	1	72	3.70e-15	69.1
tr|A0A144RC60|A0A144RC60_ENTCL	GCF_012295615.1_WP_007018284.1	20.253	86	81	86	79	58	2	10	83	2	80	5.06e-15	69.1
tr|A0A144RC60|A0A144RC60_ENTCL	GCF_004798725.1_WP_010811758.1	23.077	86	83	86	78	53	2	2	75	3	77	5.11e-15	69.1
tr|A0A144RC60|A0A144RC60_ENTCL	GCF_001050135.1_WP_048644179.1	25.316	86	88	87	79	52	3	1	75	1	76	5.39e-15	69.1
tr|A0A144RC60|A0A144RC60_ENTCL	GCF_008632455.1_WP_150048082.1	25.333	86	84	86	75	54	2	9	82	5	78	7.31e-15	68.5
tr|A0A144RC60|A0A144RC60_ENTCL	GCF_000788395.1_WP_038641921.1	27.941	86	85	78	68	48	1	8	74	3	70	7.62e-15	68.5
tr|A0A144RC60|A0A144RC60_ENTCL	GCF_018389385.1_WP_218082190.1	21.053	86	91	84	76	53	3	2	73	13	85	9.29e-15	68.5
tr|A0A144RC60|A0A144RC60_ENTCL	GCF_017638925.1_WP_208844867.1	25.333	86	81	83	75	52	1	11	81	3	77	9.40e-15	68.2
tr|A0A144RC60|A0A144RC60_ENTCL	GCF_000227685.2_WP_006746304.1	29.630	86	83	90	81	53	2	1	77	1	81	1.13e-14	67.9
tr|A0A144RC60|A0A144RC60_ENTCL	GCF_003722295.1_WP_010573895.1	28.571	86	75	83	77	46	2	4	74	1	74	1.20e-14	67.9
tr|A0A144RC60|A0A144RC60_ENTCL	GCF_000014785.1_WP_011630183.1	29.870	86	83	85	77	50	3	4	76	7	83	1.34e-14	67.9
tr|A0A144RC60|A0A144RC60_ENTCL	GCF_003955735.1_WP_126127786.1	25.333	86	91	83	75	49	3	5	75	7	78	1.34e-14	67.9
tr|A0A144RC60|A0A144RC60_ENTCL	GCF_000092245.1_WP_013136435.1	31.507	86	76	81	73	44	2	7	76	2	71	1.63e-14	67.7
tr|A0A144RC60|A0A144RC60_ENTCL	GCF_000024725.1_WP_013031543.1	20.000	86	81	88	80	57	3	4	79	1	77	2.13e-14	67.4
tr|A0A144RC60|A0A144RC60_ENTCL	GCF_019891175.1_WP_225938383.1	18.750	86	93	88	80	58	2	4	79	9	85	2.57e-14	67.4
tr|A0A144RC60|A0A144RC60_ENTCL	GCF_003568825.1_WP_040644076.1	23.171	86	83	86	82	55	2	10	83	2	83	4.61e-14	66.5
tr|A0A144RC60|A0A144RC60_ENTCL	GCF_024347215.1_WP_261843265.1	34.247	86	77	80	73	44	3	4	72	1	73	5.05e-14	66.3
tr|A0A144RC60|A0A144RC60_ENTCL	GCF_000317575.1_WP_015193670.1	24.000	86	74	83	75	50	2	4	74	1	72	5.96e-14	66.0
tr|A0A144RC60|A0A144RC60_ENTCL	GCF_026427595.1_WP_251812951.1	26.250	86	88	87	80	54	2	12	86	7	86	1.32e-13	65.4
tr|A0A144RC60|A0A144RC60_ENTCL	GCF_000019185.1_WP_012277931.1	24.490	86	100	86	98	50	3	10	83	2	99	1.72e-13	65.4
tr|A0A144RC60|A0A144RC60_ENTCL	GCF_013283835.1_WP_071625892.1	26.667	86	79	80	75	46	2	7	75	2	73	1.74e-13	64.8
tr|A0A144RC60|A0A144RC60_ENTCL	GCF_000222485.1_WP_014022977.1	21.795	86	85	86	78	54	3	1	74	1	75	1.99e-13	64.8
tr|A0A144RC60|A0A144RC60_ENTCL	GCF_002309535.1_WP_096047558.1	25.000	86	88	90	80	54	2	9	85	4	80	2.34e-13	64.8
tr|A0A144RC60|A0A144RC60_ENTCL	GCF_000265505.1_WP_014796533.1	23.529	86	97	86	85	54	2	4	77	3	87	7.01e-13	63.7
tr|A0A144RC60|A0A144RC60_ENTCL	GCF_000973725.1_WP_046311560.1	25.641	86	91	86	78	51	2	3	76	1	75	8.76e-13	63.4
tr|A0A144RC60|A0A144RC60_ENTCL	GCF_009937995.1_WP_179954406.1	24.000	86	79	81	75	52	2	4	73	1	75	1.14e-12	62.9
tr|A0A144RC60|A0A144RC60_ENTCL	GCF_013201665.1_WP_128358834.1	24.675	86	76	86	77	52	2	7	80	2	75	1.45e-12	62.6
tr|A0A144RC60|A0A144RC60_ENTCL	GCF_026278345.1_WP_266369249.1	24.390	86	90	87	82	52	3	4	78	1	79	1.61e-12	62.6
tr|A0A144RC60|A0A144RC60_ENTCL	GCF_000012325.1_WP_011045621.1	27.692	86	84	76	65	47	0	10	74	5	69	1.91e-12	62.3
tr|A0A144RC60|A0A144RC60_ENTCL	GCF_001705075.2_WP_065970077.1	25.641	86	78	86	78	54	2	3	76	1	78	2.28e-12	62.0
tr|A0A144RC60|A0A144RC60_ENTCL	GCF_013201935.1_WP_128987185.1	23.377	86	76	86	77	53	2	7	80	2	75	3.47e-12	61.5
tr|A0A144RC60|A0A144RC60_ENTCL	GCF_013282625.1_WP_173286717.1	27.941	86	67	79	68	46	1	9	76	2	66	3.65e-12	61.5
tr|A0A144RC60|A0A144RC60_ENTCL	GCF_013177635.1_WP_129095951.1	24.675	86	76	86	77	52	2	7	80	2	75	4.30e-12	61.5
tr|A0A144RC60|A0A144RC60_ENTCL	GCF_003544815.1_WP_118886031.1	24.675	86	76	86	77	52	2	7	80	2	75	5.00e-12	61.2
tr|A0A144RC60|A0A144RC60_ENTCL	GCF_003346815.1_WP_114840344.1	23.684	86	84	85	76	52	2	4	76	1	73	5.93e-12	61.2
tr|A0A144RC60|A0A144RC60_ENTCL	GCF_000147355.1_WP_013326989.1	24.615	86	67	70	65	44	2	23	82	1	65	1.30e-11	60.1
tr|A0A144RC60|A0A144RC60_ENTCL	GCF_000568815.1_WP_025346049.1	23.377	86	76	86	77	53	2	8	81	3	76	1.45e-11	60.1
tr|A0A144RC60|A0A144RC60_ENTCL	GCF_003967275.1_WP_197721837.1	28.378	86	78	81	74	49	3	3	72	1	74	2.04e-11	59.8
tr|A0A144RC60|A0A144RC60_ENTCL	GCF_000014705.1_WP_011637758.1	21.687	86	88	91	83	60	2	9	86	3	85	2.48e-11	59.8
tr|A0A144RC60|A0A144RC60_ENTCL	GCF_000006765.1_NP_249630.1	38.462	86	108	69	65	34	1	4	62	1	65	3.51e-11	59.5
tr|A0A144RC60|A0A144RC60_ENTCL	GCF_013177675.1_WP_172126669.1	27.273	86	77	86	77	50	2	7	80	2	75	4.37e-11	58.9
tr|A0A144RC60|A0A144RC60_ENTCL	GCF_011398355.1_WP_173270160.1	24.615	86	65	76	65	46	1	9	73	2	63	5.66e-11	58.4
tr|A0A144RC60|A0A144RC60_ENTCL	GCF_009931655.1_WP_161888514.1	17.722	86	89	87	79	58	2	3	77	1	76	8.36e-11	58.4
tr|A0A144RC60|A0A144RC60_ENTCL	GCF_021654855.1_WP_237262080.1	25.000	86	70	74	68	44	2	10	73	3	67	8.45e-11	58.1
tr|A0A144RC60|A0A144RC60_ENTCL	GCF_000238255.3_WP_010559905.1	25.000	86	86	78	68	50	1	8	74	3	70	8.89e-11	58.1
tr|A0A144RC60|A0A144RC60_ENTCL	GCF_001723605.1_WP_069479051.1	24.324	86	76	83	74	50	2	10	80	5	75	9.21e-11	58.1
tr|A0A144RC60|A0A144RC60_ENTCL	GCF_004293625.1_WP_130538367.1	33.898	86	71	69	59	36	1	9	67	2	57	1.05e-10	57.8
tr|A0A144RC60|A0A144RC60_ENTCL	GCF_000265295.1_WP_014770430.1	23.684	86	76	85	76	52	2	8	80	3	75	2.12e-10	57.0
tr|A0A144RC60|A0A144RC60_ENTCL	GCF_014217805.1_WP_185274331.1	18.421	86	91	84	76	55	2	5	76	6	78	2.33e-10	57.3
tr|A0A144RC60|A0A144RC60_ENTCL	GCF_013283835.1_WP_071628250.1	25.333	86	81	84	75	50	2	4	75	1	72	3.10e-10	56.7
tr|A0A144RC60|A0A144RC60_ENTCL	GCF_024347675.1_WP_261833361.1	37.209	86	54	50	43	27	0	10	52	2	44	4.26e-10	55.8
tr|A0A144RC60|A0A144RC60_ENTCL	GCF_000018285.1_WP_012155987.1	20.619	86	102	83	97	51	3	11	81	3	99	4.47e-10	56.7
tr|A0A144RC60|A0A144RC60_ENTCL	GCF_003855395.1_WP_124730567.1	23.256	86	88	90	86	57	4	9	85	3	88	4.49e-10	56.4
tr|A0A144RC60|A0A144RC60_ENTCL	GCF_011398355.1_WP_173270199.1	22.727	86	66	77	66	48	1	9	74	2	64	9.93e-10	55.3
tr|A0A144RC60|A0A144RC60_ENTCL	GCF_003260975.1_WP_112783789.1	19.178	86	81	81	73	53	3	6	75	2	71	1.26e-09	55.3
tr|A0A144RC60|A0A144RC60_ENTCL	GCF_005281475.1_WP_137401239.1	21.918	86	81	81	73	51	3	6	75	2	71	1.52e-09	55.0
tr|A0A144RC60|A0A144RC60_ENTCL	GCF_006575665.1_WP_141613356.1	21.918	86	81	81	73	51	3	6	75	2	71	2.29e-09	54.4
tr|A0A144RC60|A0A144RC60_ENTCL	GCF_017742995.1_WP_247749573.1	50.000	86	48	42	36	18	0	10	45	2	37	3.10e-09	53.6
tr|A0A144RC60|A0A144RC60_ENTCL	GCF_001444405.1_WP_058032142.1	27.273	86	87	76	66	47	1	10	74	2	67	3.36e-09	54.2
tr|A0A144RC60|A0A144RC60_ENTCL	GCF_014075995.1_WP_182414414.1	17.949	86	91	86	78	57	2	3	76	4	78	4.92e-09	53.9
tr|A0A144RC60|A0A144RC60_ENTCL	GCF_023650495.1_WP_250655372.1	24.528	86	88	57	53	36	1	8	56	3	55	5.03e-09	53.9
tr|A0A144RC60|A0A144RC60_ENTCL	GCF_020511155.1_WP_226415657.1	20.000	86	87	88	85	59	3	8	83	3	87	7.60e-09	53.3
tr|A0A144RC60|A0A144RC60_ENTCL	GCF_009937995.1_WP_162085741.1	26.250	86	82	86	80	53	2	3	76	1	80	1.50e-08	52.5
tr|A0A144RC60|A0A144RC60_ENTCL	GCF_011398155.1_WP_173291533.1	21.212	86	71	76	66	48	2	10	74	3	65	2.24e-08	51.9
tr|A0A144RC60|A0A144RC60_ENTCL	GCF_002116735.1_WP_041332374.1	18.182	86	86	85	77	56	2	4	76	7	80	2.36e-08	51.9
tr|A0A144RC60|A0A144RC60_ENTCL	GCF_006385555.1_WP_140234395.1	28.750	86	87	87	80	52	2	8	82	2	81	2.62e-08	51.9
tr|A0A144RC60|A0A144RC60_ENTCL	GCF_009938015.1_WP_147074368.1	20.000	86	82	86	80	58	3	3	76	1	80	8.45e-08	50.5
tr|A0A144RC60|A0A144RC60_ENTCL	GCF_000242635.2_WP_014682426.1	19.718	86	83	78	71	50	2	14	80	11	78	1.41e-07	49.9
tr|A0A144RC60|A0A144RC60_ENTCL	GCF_000013765.1_WP_011496543.1	23.684	86	106	83	76	53	2	4	74	17	92	1.73e-07	50.2
tr|A0A144RC60|A0A144RC60_ENTCL	GCF_011764585.1_WP_188200227.1	30.357	86	63	59	56	34	2	23	73	2	57	2.00e-07	49.4
tr|A0A144RC60|A0A144RC60_ENTCL	GCF_000325705.1_WP_015264554.1	18.919	86	77	83	74	54	3	10	80	6	76	3.72e-07	48.8
tr|A0A144RC60|A0A144RC60_ENTCL	GCF_000484535.1_WP_023173213.1	31.250	86	91	73	64	43	1	12	74	24	87	4.64e-07	48.8
tr|A0A144RC60|A0A144RC60_ENTCL	GCF_001027285.1_WP_047859305.1	24.490	86	80	57	49	37	0	12	60	12	60	7.47e-07	48.0
tr|A0A144RC60|A0A144RC60_ENTCL	GCF_010119975.1_WP_162441452.1	14.286	86	89	85	77	59	2	3	75	1	74	3.26e-06	46.6
tr|A0A144RC60|A0A144RC60_ENTCL	GCF_000021985.1_WP_012639464.1	20.253	86	81	85	79	57	2	4	76	1	79	3.39e-06	46.3
tr|A0A144RC60|A0A144RC60_ENTCL	GCF_021018745.1_WP_230843504.1	28.125	86	92	73	64	45	1	12	74	24	87	6.63e-06	45.7
tr|A0A144RC60|A0A144RC60_ENTCL	GCF_019931735.1_WP_223417223.1	21.429	86	87	76	70	50	3	10	74	4	73	1.76e-05	44.6
tr|A0A144RC60|A0A144RC60_ENTCL	GCF_000011385.1_WP_011141833.1	28.125	86	92	73	64	45	1	12	74	24	87	1.85e-05	44.6
tr|A0A144RC60|A0A144RC60_ENTCL	GCF_003143555.1_WP_109340539.1	16.667	86	84	73	66	52	2	12	74	5	70	4.81e-05	43.5
tr|A0A144RC60|A0A144RC60_ENTCL	GCF_000017845.1_WP_009544142.1	33.871	86	813	72	62	32	1	15	76	377	429	1.53e-04	44.9
tr|A0A144RC60|A0A144RC60_ENTCL	GCF_001263175.1_WP_050726405.1	28.889	86	81	52	45	32	0	12	56	12	56	6.82e-04	40.7
tr|A0A144RC60|A0A144RC60_ENTCL	GCF_010119975.1_WP_162443195.1	15.190	86	91	87	79	60	2	3	77	1	76	7.50e-04	40.7
tr|A0A144RC60|A0A144RC60_ENTCL	GCF_001753245.1_WP_070077210.1	22.500	86	82	85	80	55	3	4	76	1	80	7.74e-04	40.4
# PSIBLAST 2.13.0+
# Iteration: 6
# Query: tr|A0A144RC60|A0A144RC60_ENTCL Transcriptional antiterminator Rof OS=Enterobacter cloacae OX=550 GN=rof PE=4 SV=1
# Database: db/chosen-bacteria_proteome_exDup
# Fields: query id, subject id, % identity, query length, subject length, % query coverage per subject, alignment length, mismatches, gap opens, q. start, q. end, s. start, s. end, evalue, bit score
# 467 hits found
tr|A0A144RC60|A0A144RC60_ENTCL	GCF_001518835.1_WP_059308693.1	91.860	86	86	100	86	7	0	1	86	1	86	1.65e-40	134
tr|A0A144RC60|A0A144RC60_ENTCL	GCF_001461805.1_WP_013367515.1	88.372	86	86	100	86	10	0	1	86	1	86	1.96e-40	133
tr|A0A144RC60|A0A144RC60_ENTCL	GCF_009036245.1_WP_025756830.1	95.349	86	86	100	86	4	0	1	86	1	86	2.53e-40	133
tr|A0A144RC60|A0A144RC60_ENTCL	GCF_021172065.1_WP_015965827.1	84.884	86	86	100	86	13	0	1	86	1	86	3.32e-40	133
tr|A0A144RC60|A0A144RC60_ENTCL	GCF_009176645.1_WP_152083529.1	94.186	86	86	100	86	5	0	1	86	1	86	3.65e-40	133
tr|A0A144RC60|A0A144RC60_ENTCL	GCF_020097475.1_WP_000062318.1	89.535	86	86	100	86	9	0	1	86	1	86	5.56e-40	132
tr|A0A144RC60|A0A144RC60_ENTCL	GCF_007632255.1_WP_015368146.1	82.558	86	86	100	86	15	0	1	86	1	86	7.46e-40	132
tr|A0A144RC60|A0A144RC60_ENTCL	GCF_001683395.1_WP_017458015.1	84.884	86	86	100	86	13	0	1	86	1	86	8.89e-40	132
tr|A0A144RC60|A0A144RC60_ENTCL	GCF_003594935.2_WP_006173581.1	96.512	86	86	100	86	3	0	1	86	1	86	1.09e-39	131
tr|A0A144RC60|A0A144RC60_ENTCL	GCF_001658025.2_WP_007373243.1	83.721	86	86	100	86	14	0	1	86	1	86	1.11e-39	131
tr|A0A144RC60|A0A144RC60_ENTCL	GCF_027886705.1_WP_061497537.1	83.721	86	86	100	86	14	0	1	86	1	86	1.12e-39	131
tr|A0A144RC60|A0A144RC60_ENTCL	GCF_001022135.1_WP_039078449.1	89.535	86	86	100	86	9	0	1	86	1	86	1.12e-39	131
tr|A0A144RC60|A0A144RC60_ENTCL	GCF_015137655.1_WP_028015593.1	95.349	86	86	100	86	4	0	1	86	1	86	1.53e-39	131
tr|A0A144RC60|A0A144RC60_ENTCL	GCF_001729805.1_WP_008501890.1	96.512	86	86	100	86	3	0	1	86	1	86	1.56e-39	131
tr|A0A144RC60|A0A144RC60_ENTCL	GCF_000224675.1_WP_010426685.1	96.512	86	86	100	86	3	0	1	86	1	86	1.63e-39	131
tr|A0A144RC60|A0A144RC60_ENTCL	GCF_000006925.2_NP_706134.1	88.372	86	86	100	86	10	0	1	86	1	86	1.77e-39	131
tr|A0A144RC60|A0A144RC60_ENTCL	GCF_025914095.1_WP_031518416.1	93.023	86	86	100	86	6	0	1	86	1	86	2.46e-39	130
tr|A0A144RC60|A0A144RC60_ENTCL	GCF_009363135.1_WP_090122691.1	83.721	86	86	100	86	14	0	1	86	1	86	3.00e-39	130
tr|A0A144RC60|A0A144RC60_ENTCL	GCF_001277255.1_WP_007666633.1	86.047	86	86	100	86	12	0	1	86	1	86	3.40e-39	130
tr|A0A144RC60|A0A144RC60_ENTCL	GCF_001750725.1_WP_014168720.1	98.837	86	86	100	86	1	0	1	86	1	86	3.43e-39	130
tr|A0A144RC60|A0A144RC60_ENTCL	GCF_023195735.1_WP_035891978.1	82.558	86	86	100	86	15	0	1	86	1	86	3.51e-39	130
tr|A0A144RC60|A0A144RC60_ENTCL	GCF_003812345.1_WP_003018503.1	88.372	86	86	100	86	10	0	1	86	1	86	3.66e-39	130
tr|A0A144RC60|A0A144RC60_ENTCL	GCF_004353845.1_WP_103768334.1	87.209	86	86	100	86	11	0	1	86	1	86	4.19e-39	130
tr|A0A144RC60|A0A144RC60_ENTCL	GCF_009649915.1_WP_062772223.1	83.721	86	86	100	86	14	0	1	86	1	86	4.25e-39	130
tr|A0A144RC60|A0A144RC60_ENTCL	GCF_004684345.1_WP_135323069.1	86.047	86	86	100	86	12	0	1	86	1	86	4.25e-39	130
tr|A0A144RC60|A0A144RC60_ENTCL	GCF_019048625.1_WP_023305471.1	94.186	86	86	100	86	5	0	1	86	1	86	5.40e-39	130
tr|A0A144RC60|A0A144RC60_ENTCL	GCF_900638065.1_WP_048212636.1	87.209	86	86	100	86	11	0	1	86	1	86	5.84e-39	130
tr|A0A144RC60|A0A144RC60_ENTCL	GCF_001558935.2_WP_042323659.1	88.372	86	86	100	86	10	0	1	86	1	86	6.03e-39	130
tr|A0A144RC60|A0A144RC60_ENTCL	GCF_001277175.1_WP_007760020.1	84.884	86	86	100	86	13	0	1	86	1	86	6.58e-39	129
tr|A0A144RC60|A0A144RC60_ENTCL	GCF_021278985.1_WP_012904575.1	88.372	86	86	100	86	10	0	1	86	1	86	7.30e-39	129
tr|A0A144RC60|A0A144RC60_ENTCL	GCF_001277195.1_WP_032966924.1	86.047	86	86	100	86	12	0	1	86	1	86	8.91e-39	129
tr|A0A144RC60|A0A144RC60_ENTCL	GCF_018128425.1_WP_042289833.1	90.698	86	86	100	86	8	0	1	86	1	86	9.49e-39	129
tr|A0A144RC60|A0A144RC60_ENTCL	GCF_022637515.1_WP_064539750.1	86.047	86	86	100	86	12	0	1	86	1	86	9.64e-39	129
tr|A0A144RC60|A0A144RC60_ENTCL	GCF_016904755.1_WP_059234959.1	88.235	86	86	99	85	10	0	1	85	1	85	1.02e-38	129
tr|A0A144RC60|A0A144RC60_ENTCL	GCF_001277215.2_WP_007776988.1	84.884	86	86	100	86	13	0	1	86	1	86	1.05e-38	129
tr|A0A144RC60|A0A144RC60_ENTCL	GCF_000240185.1_YP_005225236.1	84.884	86	86	100	86	13	0	1	86	1	86	1.19e-38	129
tr|A0A144RC60|A0A144RC60_ENTCL	GCF_009648935.1_WP_047417117.1	87.209	86	86	100	86	11	0	1	86	1	86	1.21e-38	129
tr|A0A144RC60|A0A144RC60_ENTCL	GCF_003812925.1_WP_004107903.1	84.884	86	86	100	86	13	0	1	86	1	86	1.33e-38	128
tr|A0A144RC60|A0A144RC60_ENTCL	GCF_003261575.2_WP_110272453.1	83.721	86	86	100	86	14	0	1	86	1	86	1.68e-38	128
tr|A0A144RC60|A0A144RC60_ENTCL	GCF_018139045.1_WP_004129134.1	82.558	86	86	100	86	15	0	1	86	1	86	2.15e-38	128
tr|A0A144RC60|A0A144RC60_ENTCL	GCF_002393445.1_WP_061273728.1	87.059	86	86	99	85	11	0	1	85	1	85	2.27e-38	128
tr|A0A144RC60|A0A144RC60_ENTCL	GCF_006711645.1_WP_100682484.1	80.233	86	86	100	86	17	0	1	86	1	86	2.75e-38	128
tr|A0A144RC60|A0A144RC60_ENTCL	GCF_015139575.1_WP_004098776.1	83.721	86	86	100	86	14	0	1	86	1	86	3.05e-38	128
tr|A0A144RC60|A0A144RC60_ENTCL	GCF_012029655.1_WP_041144145.1	80.233	86	86	100	86	17	0	1	86	1	86	3.44e-38	128
tr|A0A144RC60|A0A144RC60_ENTCL	GCF_022637595.1_WP_004858152.1	82.558	86	86	100	86	15	0	1	86	1	86	4.00e-38	127
tr|A0A144RC60|A0A144RC60_ENTCL	GCF_000018045.1_WP_024130681.1	88.372	86	86	100	86	10	0	1	86	1	86	4.61e-38	127
tr|A0A144RC60|A0A144RC60_ENTCL	GCF_003935895.2_WP_110510858.1	85.882	86	86	99	85	12	0	1	85	1	85	6.44e-38	127
tr|A0A144RC60|A0A144RC60_ENTCL	GCF_000834395.1_WP_042546713.1	80.233	86	86	100	86	17	0	1	86	1	86	6.44e-38	127
tr|A0A144RC60|A0A144RC60_ENTCL	GCF_000439255.1_WP_000062328.1	81.395	86	86	100	86	16	0	1	86	1	86	8.44e-38	127
tr|A0A144RC60|A0A144RC60_ENTCL	GCF_900635955.1_WP_126357486.1	87.059	86	86	99	85	11	0	1	85	1	85	9.44e-38	127
tr|A0A144RC60|A0A144RC60_ENTCL	GCF_013234275.1_WP_172895488.1	86.047	86	86	100	86	12	0	1	86	1	86	9.66e-38	127
tr|A0A144RC60|A0A144RC60_ENTCL	GCF_024224615.1_WP_125293588.1	85.882	86	86	99	85	12	0	1	85	1	85	1.02e-37	126
tr|A0A144RC60|A0A144RC60_ENTCL	GCF_004124235.1_WP_025377303.1	80.233	86	86	100	86	17	0	1	86	1	86	1.28e-37	126
tr|A0A144RC60|A0A144RC60_ENTCL	GCF_000005845.2_NP_414731.2	88.095	86	84	98	84	10	0	3	86	1	84	1.31e-37	126
tr|A0A144RC60|A0A144RC60_ENTCL	GCF_011068345.1_WP_002436992.1	87.059	86	86	99	85	11	0	1	85	1	85	1.46e-37	126
tr|A0A144RC60|A0A144RC60_ENTCL	GCF_002163605.1_WP_157665988.1	76.744	86	86	100	86	20	0	1	86	1	86	1.63e-37	126
tr|A0A144RC60|A0A144RC60_ENTCL	GCF_019797845.1_WP_222158377.1	72.093	86	86	100	86	24	0	1	86	1	86	1.78e-37	126
tr|A0A144RC60|A0A144RC60_ENTCL	GCF_000222975.1_WP_002218374.1	79.070	86	86	100	86	18	0	1	86	1	86	1.88e-37	126
tr|A0A144RC60|A0A144RC60_ENTCL	GCF_013282725.1_WP_032813813.1	79.070	86	86	100	86	18	0	1	86	1	86	2.14e-37	125
tr|A0A144RC60|A0A144RC60_ENTCL	GCF_025133195.1_WP_032910235.1	75.581	86	86	100	86	21	0	1	86	1	86	2.45e-37	125
tr|A0A144RC60|A0A144RC60_ENTCL	GCF_000006945.2_NP_459242.1	81.395	86	86	100	86	16	0	1	86	1	86	2.51e-37	125
tr|A0A144RC60|A0A144RC60_ENTCL	GCF_025758125.1_WP_023480196.1	79.070	86	86	100	86	18	0	1	86	1	86	2.61e-37	125
tr|A0A144RC60|A0A144RC60_ENTCL	GCF_000834455.1_WP_032817050.1	77.907	86	86	100	86	19	0	1	86	1	86	2.65e-37	125
tr|A0A144RC60|A0A144RC60_ENTCL	GCF_005484945.1_WP_137712817.1	73.256	86	86	100	86	23	0	1	86	1	86	3.01e-37	125
tr|A0A144RC60|A0A144RC60_ENTCL	GCF_000010085.1_WP_011411656.1	61.905	86	86	98	84	32	0	1	84	1	84	3.01e-37	125
tr|A0A144RC60|A0A144RC60_ENTCL	GCF_000517425.1_WP_025421126.1	63.095	86	86	98	84	31	0	1	84	1	84	3.47e-37	125
tr|A0A144RC60|A0A144RC60_ENTCL	GCF_900095885.1_WP_035340381.1	73.256	86	86	100	86	23	0	1	86	1	86	3.70e-37	125
tr|A0A144RC60|A0A144RC60_ENTCL	GCF_012427845.1_WP_012773648.1	72.093	86	86	100	86	24	0	1	86	1	86	4.55e-37	125
tr|A0A144RC60|A0A144RC60_ENTCL	GCF_021276285.1_WP_095923198.1	73.810	86	86	98	84	22	0	1	84	1	84	5.09e-37	125
tr|A0A144RC60|A0A144RC60_ENTCL	GCF_002288545.1_WP_029367608.1	70.930	86	86	100	86	25	0	1	86	1	86	6.41e-37	124
tr|A0A144RC60|A0A144RC60_ENTCL	GCF_009730055.1_WP_032906500.1	79.070	86	86	100	86	18	0	1	86	1	86	9.23e-37	124
tr|A0A144RC60|A0A144RC60_ENTCL	GCF_009914055.1_WP_160619715.1	70.930	86	87	100	86	25	0	1	86	1	86	1.06e-36	124
tr|A0A144RC60|A0A144RC60_ENTCL	GCF_002953195.1_WP_038628016.1	69.767	86	87	100	86	26	0	1	86	1	86	1.13e-36	124
tr|A0A144RC60|A0A144RC60_ENTCL	GCF_017498685.1_WP_038245151.1	76.744	86	86	100	86	20	0	1	86	1	86	1.16e-36	124
tr|A0A144RC60|A0A144RC60_ENTCL	GCF_022637475.1_WP_013574214.1	72.619	86	86	98	84	23	0	1	84	1	84	1.50e-36	123
tr|A0A144RC60|A0A144RC60_ENTCL	GCF_000233595.1_WP_013024706.1	74.118	86	86	99	85	22	0	1	85	1	85	1.55e-36	123
tr|A0A144RC60|A0A144RC60_ENTCL	GCF_009873295.1_WP_039312412.1	70.930	86	86	100	86	25	0	1	86	1	86	1.72e-36	123
tr|A0A144RC60|A0A144RC60_ENTCL	GCF_000520015.2_WP_024910172.1	69.767	86	87	100	86	26	0	1	86	1	86	1.82e-36	123
tr|A0A144RC60|A0A144RC60_ENTCL	GCF_000262305.1_WP_002441069.1	80.233	86	86	100	86	17	0	1	86	1	86	2.25e-36	123
tr|A0A144RC60|A0A144RC60_ENTCL	GCF_017569925.1_WP_208228065.1	72.093	86	86	100	86	24	0	1	86	1	86	2.81e-36	123
tr|A0A144RC60|A0A144RC60_ENTCL	GCF_015999465.1_WP_085688159.1	69.412	86	86	99	85	26	0	1	85	1	85	2.95e-36	123
tr|A0A144RC60|A0A144RC60_ENTCL	GCF_003515985.1_WP_085653101.1	70.588	86	86	99	85	25	0	1	85	1	85	2.99e-36	123
tr|A0A144RC60|A0A144RC60_ENTCL	GCF_002101395.1_WP_085067900.1	69.767	86	87	100	86	26	0	1	86	1	86	3.17e-36	123
tr|A0A144RC60|A0A144RC60_ENTCL	GCF_009931295.1_WP_161528353.1	70.930	86	86	100	86	25	0	1	86	1	86	3.45e-36	123
tr|A0A144RC60|A0A144RC60_ENTCL	GCF_000740965.1_WP_011092648.1	69.767	86	86	100	86	26	0	1	86	1	86	3.68e-36	122
tr|A0A144RC60|A0A144RC60_ENTCL	GCF_003019925.1_WP_162185254.1	85.714	86	86	98	84	12	0	1	84	1	84	3.83e-36	122
tr|A0A144RC60|A0A144RC60_ENTCL	GCF_020181655.1_WP_225087160.1	69.767	86	86	100	86	26	0	1	86	1	86	4.49e-36	122
tr|A0A144RC60|A0A144RC60_ENTCL	GCF_000025065.1_WP_012883679.1	71.765	86	86	99	85	24	0	1	85	1	85	4.67e-36	122
tr|A0A144RC60|A0A144RC60_ENTCL	GCF_000023545.1_WP_015854637.1	70.930	86	86	100	86	25	0	1	86	1	86	4.75e-36	122
tr|A0A144RC60|A0A144RC60_ENTCL	GCF_016026735.1_WP_015673540.1	68.605	86	87	100	86	27	0	1	86	1	86	5.90e-36	122
tr|A0A144RC60|A0A144RC60_ENTCL	GCF_001642805.2_WP_004931991.1	70.930	86	87	100	86	25	0	1	86	1	86	6.24e-36	122
tr|A0A144RC60|A0A144RC60_ENTCL	GCF_005484965.1_WP_009114129.1	72.093	86	86	100	86	24	0	1	86	1	86	6.68e-36	122
tr|A0A144RC60|A0A144RC60_ENTCL	GCF_021462285.1_WP_234585968.1	70.930	86	87	100	86	25	0	1	86	1	86	6.80e-36	122
tr|A0A144RC60|A0A144RC60_ENTCL	GCF_002291445.1_WP_048635886.1	72.093	86	86	100	86	24	0	1	86	1	86	7.06e-36	122
tr|A0A144RC60|A0A144RC60_ENTCL	GCF_011044475.1_WP_033740322.1	74.118	86	86	99	85	22	0	1	85	1	85	7.47e-36	122
tr|A0A144RC60|A0A144RC60_ENTCL	GCF_900187015.1_WP_061796701.1	70.930	86	87	100	86	25	0	1	86	1	86	9.65e-36	121
tr|A0A144RC60|A0A144RC60_ENTCL	GCF_001742185.1_WP_005975933.1	69.767	86	86	100	86	26	0	1	86	1	86	9.78e-36	121
tr|A0A144RC60|A0A144RC60_ENTCL	GCF_023517775.1_WP_249893541.1	73.256	86	87	100	86	23	0	1	86	1	86	1.05e-35	121
tr|A0A144RC60|A0A144RC60_ENTCL	GCF_000023565.1_WP_012770818.1	70.588	86	86	99	85	25	0	1	85	1	85	1.05e-35	121
tr|A0A144RC60|A0A144RC60_ENTCL	GCF_000264765.2_WP_034163237.1	68.605	86	86	100	86	27	0	1	86	1	86	1.41e-35	121
tr|A0A144RC60|A0A144RC60_ENTCL	GCF_009817885.1_WP_105232289.1	70.930	86	87	100	86	25	0	1	86	1	86	1.49e-35	121
tr|A0A144RC60|A0A144RC60_ENTCL	GCF_007858975.2_WP_042869176.1	70.588	86	86	99	85	25	0	1	85	1	85	1.50e-35	121
tr|A0A144RC60|A0A144RC60_ENTCL	GCF_020079945.1_WP_039382769.1	71.765	86	87	99	85	24	0	1	85	1	85	1.51e-35	121
tr|A0A144RC60|A0A144RC60_ENTCL	GCF_003992745.1_WP_014700896.1	69.767	86	86	100	86	26	0	1	86	1	86	2.33e-35	120
tr|A0A144RC60|A0A144RC60_ENTCL	GCF_011617105.1_WP_025800203.1	74.419	86	86	100	86	22	0	1	86	1	86	3.00e-35	120
tr|A0A144RC60|A0A144RC60_ENTCL	GCF_022647505.1_WP_128179458.1	68.605	86	87	100	86	27	0	1	86	1	86	4.13e-35	120
tr|A0A144RC60|A0A144RC60_ENTCL	GCF_000026185.1_WP_012440659.1	67.059	86	87	99	85	28	0	1	85	1	85	5.46e-35	119
tr|A0A144RC60|A0A144RC60_ENTCL	GCF_019890955.1_WP_211725887.1	70.588	86	87	99	85	25	0	1	85	1	85	6.45e-35	119
tr|A0A144RC60|A0A144RC60_ENTCL	GCF_020150375.1_WP_004094310.1	75.581	86	86	100	86	21	0	1	86	1	86	6.75e-35	119
tr|A0A144RC60|A0A144RC60_ENTCL	GCF_002812485.1_WP_038661467.1	70.588	86	86	99	85	25	0	1	85	1	85	7.19e-35	119
tr|A0A144RC60|A0A144RC60_ENTCL	GCF_000196615.1_WP_013200864.1	70.930	86	87	100	86	25	0	1	86	1	86	7.44e-35	119
tr|A0A144RC60|A0A144RC60_ENTCL	GCF_001010285.1_WP_046974061.1	69.767	86	88	100	86	26	0	1	86	1	86	7.52e-35	119
tr|A0A144RC60|A0A144RC60_ENTCL	GCF_017348915.1_WP_040077077.1	90.698	86	86	100	86	8	0	1	86	1	86	1.04e-34	119
tr|A0A144RC60|A0A144RC60_ENTCL	GCF_000147055.1_WP_022632468.1	70.588	86	86	99	85	25	0	1	85	1	85	1.26e-34	118
tr|A0A144RC60|A0A144RC60_ENTCL	GCF_002291425.1_WP_095847471.1	67.442	86	87	100	86	28	0	1	86	1	86	1.57e-34	118
tr|A0A144RC60|A0A144RC60_ENTCL	GCF_021733145.1_WP_012847629.1	67.857	86	86	98	84	27	0	1	84	1	84	1.67e-34	118
tr|A0A144RC60|A0A144RC60_ENTCL	GCF_000196475.1_WP_012776850.1	66.279	86	88	100	86	29	0	1	86	1	86	2.03e-34	118
tr|A0A144RC60|A0A144RC60_ENTCL	GCF_902387845.1_WP_004237241.1	65.116	86	88	100	86	30	0	1	86	1	86	2.11e-34	118
tr|A0A144RC60|A0A144RC60_ENTCL	GCF_004792415.1_WP_013356856.1	69.048	86	86	98	84	26	0	1	84	1	84	2.17e-34	118
tr|A0A144RC60|A0A144RC60_ENTCL	GCF_019090985.1_WP_036781226.1	66.279	86	88	100	86	29	0	1	86	1	86	2.18e-34	118
tr|A0A144RC60|A0A144RC60_ENTCL	GCF_019047765.1_WP_040230035.1	87.209	86	86	100	86	11	0	1	86	1	86	2.24e-34	118
tr|A0A144RC60|A0A144RC60_ENTCL	GCF_003403135.1_WP_024104894.1	70.588	86	86	99	85	25	0	1	85	1	85	2.67e-34	118
tr|A0A144RC60|A0A144RC60_ENTCL	GCF_022592395.1_WP_047255099.1	56.977	86	87	100	86	37	0	1	86	1	86	4.63e-34	117
tr|A0A144RC60|A0A144RC60_ENTCL	GCF_020541225.1_WP_226811316.1	58.333	86	86	98	84	35	0	1	84	1	84	6.00e-34	117
tr|A0A144RC60|A0A144RC60_ENTCL	GCF_003204135.1_WP_004908806.1	60.465	86	87	100	86	34	0	1	86	1	86	6.36e-34	117
tr|A0A144RC60|A0A144RC60_ENTCL	GCF_025946765.1_WP_264497926.1	68.235	86	86	99	85	27	0	1	85	1	85	9.22e-34	116
tr|A0A144RC60|A0A144RC60_ENTCL	GCF_900475855.1_WP_068441311.1	61.628	86	87	100	86	33	0	1	86	1	86	1.15e-33	116
tr|A0A144RC60|A0A144RC60_ENTCL	GCF_020683125.1_WP_133842177.1	70.115	86	88	100	87	25	1	1	86	1	87	1.46e-33	116
tr|A0A144RC60|A0A144RC60_ENTCL	GCF_019048385.1_WP_062759648.1	67.857	86	86	98	84	27	0	1	84	1	84	1.70e-33	116
tr|A0A144RC60|A0A144RC60_ENTCL	GCF_002843235.3_WP_102139922.1	61.628	86	87	100	86	33	0	1	86	1	86	2.08e-33	115
tr|A0A144RC60|A0A144RC60_ENTCL	GCF_000196155.1_WP_011145066.1	65.116	86	88	100	86	30	0	1	86	1	86	2.31e-33	115
tr|A0A144RC60|A0A144RC60_ENTCL	GCF_029277985.1_WP_154623766.1	60.465	86	87	100	86	34	0	1	86	1	86	2.32e-33	115
tr|A0A144RC60|A0A144RC60_ENTCL	GCF_002393505.1_WP_006658392.1	58.140	86	87	100	86	36	0	1	86	1	86	2.38e-33	115
tr|A0A144RC60|A0A144RC60_ENTCL	GCF_019844095.1_WP_062747070.1	70.115	86	88	100	87	25	1	1	86	1	87	2.52e-33	115
tr|A0A144RC60|A0A144RC60_ENTCL	GCF_009646115.1_WP_008925644.1	69.048	86	86	98	84	26	0	1	84	1	84	2.53e-33	115
tr|A0A144RC60|A0A144RC60_ENTCL	GCF_000517405.1_WP_038469034.1	59.259	86	83	94	81	33	0	4	84	1	81	2.83e-33	115
tr|A0A144RC60|A0A144RC60_ENTCL	GCF_004768525.1_WP_026822068.1	58.140	86	88	100	86	36	0	1	86	1	86	2.91e-33	115
tr|A0A144RC60|A0A144RC60_ENTCL	GCF_020268605.1_WP_180560445.1	59.302	86	88	100	86	35	0	1	86	1	86	3.78e-33	115
tr|A0A144RC60|A0A144RC60_ENTCL	GCF_000091565.1_WP_004159420.1	65.476	86	87	98	84	29	0	1	84	1	84	4.49e-33	114
tr|A0A144RC60|A0A144RC60_ENTCL	GCF_000261045.2_WP_006318653.1	65.116	86	87	100	86	30	0	1	86	1	86	5.10e-33	114
tr|A0A144RC60|A0A144RC60_ENTCL	GCF_011045835.1_WP_075671674.1	57.831	86	86	97	83	35	0	1	83	1	83	6.02e-33	114
tr|A0A144RC60|A0A144RC60_ENTCL	GCF_900638135.1_WP_012146468.1	65.116	86	87	100	86	30	0	1	86	1	86	6.69e-33	114
tr|A0A144RC60|A0A144RC60_ENTCL	GCF_017743015.1_WP_209027287.1	59.302	86	88	100	86	35	0	1	86	1	86	7.86e-33	114
tr|A0A144RC60|A0A144RC60_ENTCL	GCF_009831665.3_WP_006709226.1	62.791	86	87	100	86	32	0	1	86	1	86	9.33e-33	114
tr|A0A144RC60|A0A144RC60_ENTCL	GCF_022647325.1_WP_111140597.1	67.857	86	86	98	84	27	0	1	84	1	84	9.69e-33	114
tr|A0A144RC60|A0A144RC60_ENTCL	GCF_013460135.1_WP_180816665.1	58.140	86	88	100	86	36	0	1	86	1	86	1.05e-32	114
tr|A0A144RC60|A0A144RC60_ENTCL	GCF_000968195.1_WP_045972480.1	62.069	86	87	100	87	32	1	1	86	1	87	1.10e-32	114
tr|A0A144RC60|A0A144RC60_ENTCL	GCF_022369495.1_WP_072064250.1	56.627	86	86	97	83	36	0	1	83	1	83	1.14e-32	114
tr|A0A144RC60|A0A144RC60_ENTCL	GCF_002504285.1_WP_005282992.1	66.279	86	86	100	86	29	0	1	86	1	86	1.28e-32	113
tr|A0A144RC60|A0A144RC60_ENTCL	GCF_000069965.1_WP_004245453.1	56.627	86	86	97	83	36	0	1	83	1	83	1.62e-32	113
tr|A0A144RC60|A0A144RC60_ENTCL	GCF_021365465.1_WP_016190321.1	68.605	86	87	100	86	27	0	1	86	1	86	1.99e-32	113
tr|A0A144RC60|A0A144RC60_ENTCL	GCF_020342335.1_WP_067428135.1	67.857	86	87	98	84	27	0	1	84	1	84	2.10e-32	113
tr|A0A144RC60|A0A144RC60_ENTCL	GCF_001721185.1_WP_069317984.1	60.465	86	87	100	86	34	0	1	86	1	86	2.64e-32	112
tr|A0A144RC60|A0A144RC60_ENTCL	GCF_000214235.1_WP_004952197.1	66.667	86	85	98	84	28	0	3	86	1	84	3.21e-32	112
tr|A0A144RC60|A0A144RC60_ENTCL	GCF_016026395.1_WP_024524235.1	65.116	86	86	100	86	30	0	1	86	1	86	5.02e-32	112
tr|A0A144RC60|A0A144RC60_ENTCL	GCF_002952315.1_WP_012667243.1	67.059	86	87	99	85	28	0	1	85	1	85	5.07e-32	112
tr|A0A144RC60|A0A144RC60_ENTCL	GCF_001006005.1_WP_223499701.1	65.476	86	85	98	84	29	0	3	86	1	84	8.46e-32	111
tr|A0A144RC60|A0A144RC60_ENTCL	GCF_008364325.2_WP_230090436.1	65.476	86	85	98	84	29	0	3	86	1	84	1.09e-31	111
tr|A0A144RC60|A0A144RC60_ENTCL	GCF_014295015.1_WP_013185414.1	59.770	86	87	100	87	34	1	1	86	1	87	2.59e-31	110
tr|A0A144RC60|A0A144RC60_ENTCL	GCF_000968175.1_WP_045959360.1	57.471	86	88	100	87	36	1	1	86	1	87	5.69e-31	109
tr|A0A144RC60|A0A144RC60_ENTCL	GCF_004295645.1_WP_228350951.1	65.882	86	88	98	85	28	1	1	84	1	85	6.52e-31	109
tr|A0A144RC60|A0A144RC60_ENTCL	GCF_005671395.1_WP_138095872.1	69.620	86	86	92	79	24	0	1	79	1	79	8.04e-31	109
tr|A0A144RC60|A0A144RC60_ENTCL	GCF_004116975.1_WP_064720954.1	59.036	86	86	97	83	34	0	1	83	1	83	9.27e-31	109
tr|A0A144RC60|A0A144RC60_ENTCL	GCF_900478135.1_WP_111739359.1	64.706	86	88	98	85	29	1	1	84	1	85	1.56e-30	108
tr|A0A144RC60|A0A144RC60_ENTCL	GCF_003096015.2_WP_230514010.1	65.882	86	88	98	85	28	1	1	84	1	85	2.40e-30	108
tr|A0A144RC60|A0A144RC60_ENTCL	GCF_003074995.2_WP_015870269.1	60.241	86	86	97	83	33	0	1	83	1	83	3.03e-30	107
tr|A0A144RC60|A0A144RC60_ENTCL	GCF_004353845.1_WP_103770713.1	34.483	86	93	100	87	56	1	1	86	1	87	6.11e-30	107
tr|A0A144RC60|A0A144RC60_ENTCL	GCF_900638655.1_WP_047781753.1	65.882	86	88	98	85	28	1	1	84	1	85	7.90e-30	106
tr|A0A144RC60|A0A144RC60_ENTCL	GCF_003812345.1_WP_121571778.1	32.184	86	94	100	87	58	1	1	86	1	87	2.22e-29	105
tr|A0A144RC60|A0A144RC60_ENTCL	GCF_001597285.1_WP_061903727.1	33.750	86	92	92	80	52	1	4	82	1	80	1.12e-28	103
tr|A0A144RC60|A0A144RC60_ENTCL	GCF_008693605.1_WP_223849061.1	31.395	86	95	99	86	58	1	1	85	2	87	1.69e-28	103
tr|A0A144RC60|A0A144RC60_ENTCL	GCF_002355475.1_WP_004421315.1	37.037	86	91	93	81	50	1	3	82	1	81	2.17e-28	103
tr|A0A144RC60|A0A144RC60_ENTCL	GCF_013200955.2_WP_173204463.1	37.037	86	91	93	81	50	1	3	82	1	81	2.27e-28	103
tr|A0A144RC60|A0A144RC60_ENTCL	GCF_024205225.1_WP_195881696.1	33.750	86	90	92	80	52	1	4	82	1	80	2.75e-28	102
tr|A0A144RC60|A0A144RC60_ENTCL	GCF_000733715.2_WP_017362912.1	35.000	86	90	92	80	51	1	4	82	1	80	3.30e-28	102
tr|A0A144RC60|A0A144RC60_ENTCL	GCF_900682675.2_WP_069898892.1	36.250	86	94	92	80	50	1	4	82	1	80	4.80e-28	102
tr|A0A144RC60|A0A144RC60_ENTCL	GCF_000297075.2_WP_003461742.1	35.000	86	90	92	80	51	1	4	82	1	80	5.02e-28	102
tr|A0A144RC60|A0A144RC60_ENTCL	GCF_008693645.1_WP_137347870.1	32.184	86	89	100	87	58	1	1	86	1	87	9.61e-28	101
tr|A0A144RC60|A0A144RC60_ENTCL	GCF_013409125.2_WP_099525265.1	35.000	86	90	92	80	51	1	4	82	1	80	9.71e-28	101
tr|A0A144RC60|A0A144RC60_ENTCL	GCF_021029445.1_WP_230924827.1	31.646	86	89	92	79	54	0	4	82	1	79	1.76e-27	100
tr|A0A144RC60|A0A144RC60_ENTCL	GCF_013423785.1_WP_180308358.1	39.773	86	88	98	88	49	1	1	84	1	88	2.76e-27	100
tr|A0A144RC60|A0A144RC60_ENTCL	GCF_017167985.1_WP_093053415.1	30.000	86	92	92	80	55	1	4	82	1	80	3.71e-27	100
tr|A0A144RC60|A0A144RC60_ENTCL	GCF_001708425.1_WP_055136127.1	35.000	86	94	92	80	51	1	4	82	1	80	3.88e-27	100
tr|A0A144RC60|A0A144RC60_ENTCL	GCF_001594225.2_WP_064379396.1	36.782	86	92	95	87	50	2	4	85	1	87	7.52e-27	99.2
tr|A0A144RC60|A0A144RC60_ENTCL	GCF_017167985.1_WP_079784061.1	35.000	86	90	92	80	51	1	4	82	1	80	1.28e-26	98.6
tr|A0A144RC60|A0A144RC60_ENTCL	GCF_008033135.1_WP_148717358.1	26.582	86	87	92	79	58	0	4	82	1	79	1.37e-26	98.6
tr|A0A144RC60|A0A144RC60_ENTCL	GCF_004684345.1_WP_135321947.1	35.802	86	93	93	81	51	1	1	80	1	81	1.88e-26	98.3
tr|A0A144RC60|A0A144RC60_ENTCL	GCF_008807375.1_WP_151138908.1	35.802	86	91	93	81	51	1	3	82	1	81	2.07e-26	98.1
tr|A0A144RC60|A0A144RC60_ENTCL	GCF_012767755.2_WP_173176508.1	32.500	86	91	92	80	50	2	4	82	1	77	2.43e-26	98.1
tr|A0A144RC60|A0A144RC60_ENTCL	GCF_017915135.1_WP_210390879.1	33.750	86	90	92	80	52	1	4	82	1	80	3.72e-26	97.5
tr|A0A144RC60|A0A144RC60_ENTCL	GCF_011397855.1_WP_044414183.1	36.250	86	90	92	80	50	1	4	82	1	80	9.28e-26	96.4
tr|A0A144RC60|A0A144RC60_ENTCL	GCF_017329545.1_WP_047884589.1	31.765	86	95	98	85	57	1	3	86	1	85	1.56e-25	96.1
tr|A0A144RC60|A0A144RC60_ENTCL	GCF_014524625.1_WP_009050814.1	27.500	86	92	92	80	57	1	4	82	1	80	1.79e-25	95.8
tr|A0A144RC60|A0A144RC60_ENTCL	GCF_003957745.1_WP_126168493.1	36.471	86	87	93	85	49	2	4	83	1	85	2.11e-25	95.5
tr|A0A144RC60|A0A144RC60_ENTCL	GCF_016834455.1_WP_203325205.1	41.096	86	86	84	73	42	1	4	75	1	73	2.45e-25	95.2
tr|A0A144RC60|A0A144RC60_ENTCL	GCF_025402875.1_WP_011791024.1	31.250	86	90	92	80	54	1	4	82	1	80	2.53e-25	95.2
tr|A0A144RC60|A0A144RC60_ENTCL	GCF_019047765.1_WP_040231149.1	30.233	86	89	99	86	59	1	1	85	1	86	3.66e-25	95.0
tr|A0A144RC60|A0A144RC60_ENTCL	GCF_000178875.2_WP_012197738.1	31.034	86	90	95	87	55	2	4	85	1	87	3.82e-25	95.0
tr|A0A144RC60|A0A144RC60_ENTCL	GCF_000015245.1_WP_011761423.1	37.647	86	86	93	85	48	2	4	83	1	85	6.10e-25	94.4
tr|A0A144RC60|A0A144RC60_ENTCL	GCF_020991025.1_WP_152109250.1	42.308	86	83	90	78	44	1	3	79	1	78	6.89e-25	94.1
tr|A0A144RC60|A0A144RC60_ENTCL	GCF_024971755.1_WP_259474826.1	31.250	86	88	92	80	54	1	4	82	1	80	1.73e-24	93.3
tr|A0A144RC60|A0A144RC60_ENTCL	GCF_019670705.1_WP_100146025.1	37.500	86	92	92	80	49	1	4	82	1	80	2.69e-24	92.7
tr|A0A144RC60|A0A144RC60_ENTCL	GCF_009730655.1_WP_156020461.1	37.500	86	92	92	80	49	1	4	82	1	80	3.49e-24	92.4
tr|A0A144RC60|A0A144RC60_ENTCL	GCF_002355475.1_WP_003455993.1	28.571	86	90	88	77	54	1	7	82	2	78	4.17e-24	92.1
tr|A0A144RC60|A0A144RC60_ENTCL	GCF_017354925.1_WP_207321174.1	39.726	86	87	84	73	43	1	4	75	1	73	5.74e-24	91.9
tr|A0A144RC60|A0A144RC60_ENTCL	GCF_012767755.2_WP_173171843.1	32.500	86	90	92	80	53	1	4	82	1	80	5.96e-24	91.9
tr|A0A144RC60|A0A144RC60_ENTCL	GCF_017354965.1_WP_207380278.1	38.356	86	87	84	73	44	1	4	75	1	73	1.42e-23	90.7
tr|A0A144RC60|A0A144RC60_ENTCL	GCF_004358345.1_WP_121852852.1	35.714	86	76	80	70	44	1	3	71	1	70	1.57e-23	90.5
tr|A0A144RC60|A0A144RC60_ENTCL	GCF_024347355.1_WP_105024956.1	25.610	86	83	90	82	56	2	10	86	2	83	2.05e-23	90.5
tr|A0A144RC60|A0A144RC60_ENTCL	GCF_008807375.1_WP_151133519.1	25.974	86	90	88	77	56	1	7	82	2	78	2.18e-23	90.5
tr|A0A144RC60|A0A144RC60_ENTCL	GCF_024346675.1_WP_048897676.1	26.190	86	86	97	84	61	1	3	85	1	84	3.32e-23	89.9
tr|A0A144RC60|A0A144RC60_ENTCL	GCF_029457395.1_WP_024766443.1	32.143	86	92	92	84	52	1	4	82	1	84	3.69e-23	89.9
tr|A0A144RC60|A0A144RC60_ENTCL	GCF_016026875.1_WP_045525981.1	37.143	86	89	81	70	41	1	4	73	1	67	3.70e-23	89.9
tr|A0A144RC60|A0A144RC60_ENTCL	GCF_024347475.1_WP_239840920.1	27.160	86	83	88	81	54	2	10	85	2	82	4.29e-23	89.6
tr|A0A144RC60|A0A144RC60_ENTCL	GCF_020405345.1_WP_017780573.1	36.620	86	89	83	71	42	1	4	74	1	68	6.40e-23	89.3
tr|A0A144RC60|A0A144RC60_ENTCL	GCF_003584645.1_WP_197716612.1	24.390	86	80	91	82	55	2	3	80	1	79	6.66e-23	89.0
tr|A0A144RC60|A0A144RC60_ENTCL	GCF_002215585.1_WP_088903590.1	28.049	86	89	91	82	55	1	4	81	1	82	8.65e-23	88.8
tr|A0A144RC60|A0A144RC60_ENTCL	GCF_000014885.1_WP_020912292.1	35.000	86	87	92	80	51	1	4	82	1	80	1.59e-22	88.2
tr|A0A144RC60|A0A144RC60_ENTCL	GCF_012971725.1_WP_169940133.1	32.143	86	92	92	84	52	1	4	82	1	84	2.05e-22	87.9
tr|A0A144RC60|A0A144RC60_ENTCL	GCF_009938225.1_WP_075649723.1	32.911	86	82	86	79	48	2	10	83	2	80	2.68e-22	87.4
tr|A0A144RC60|A0A144RC60_ENTCL	GCF_002204915.1_WP_052690899.1	27.500	86	101	87	80	53	2	10	84	21	100	2.84e-22	87.9
tr|A0A144RC60|A0A144RC60_ENTCL	GCF_020149575.1_WP_224431657.1	33.803	86	85	83	71	44	1	4	74	1	68	3.13e-22	87.4
tr|A0A144RC60|A0A144RC60_ENTCL	GCF_003025345.2_WP_003155955.1	35.294	86	91	92	85	49	1	4	82	1	85	4.15e-22	87.1
tr|A0A144RC60|A0A144RC60_ENTCL	GCF_002005305.1_WP_077753428.1	33.750	86	86	92	80	52	1	4	82	1	80	4.45e-22	87.1
tr|A0A144RC60|A0A144RC60_ENTCL	GCF_006337165.1_WP_139515111.1	31.325	86	82	91	83	49	2	3	80	1	80	5.66e-22	86.8
tr|A0A144RC60|A0A144RC60_ENTCL	GCF_020423125.1_WP_226170850.1	35.211	86	84	83	71	43	1	4	74	1	68	8.86e-22	86.2
tr|A0A144RC60|A0A144RC60_ENTCL	GCF_028355655.1_WP_087756847.1	36.842	86	84	66	57	36	0	4	60	1	57	1.20e-21	86.0
tr|A0A144RC60|A0A144RC60_ENTCL	GCF_004355185.1_WP_133271280.1	31.250	86	81	87	80	47	2	4	78	1	77	1.31e-21	85.7
tr|A0A144RC60|A0A144RC60_ENTCL	GCF_022371215.1_WP_239718047.1	26.829	86	83	90	82	55	2	10	86	2	83	1.57e-21	85.7
tr|A0A144RC60|A0A144RC60_ENTCL	GCF_900637545.1_WP_042651794.1	35.211	86	84	83	71	43	1	4	74	1	68	1.90e-21	85.4
tr|A0A144RC60|A0A144RC60_ENTCL	GCF_006742785.1_WP_172630283.1	26.582	86	88	91	79	57	1	8	85	3	81	2.09e-21	85.4
tr|A0A144RC60|A0A144RC60_ENTCL	GCF_001596155.1_WP_068342236.1	27.273	86	90	85	77	49	2	3	75	1	74	2.42e-21	85.1
tr|A0A144RC60|A0A144RC60_ENTCL	GCF_027625995.1_WP_270126807.1	29.630	86	82	88	81	49	2	3	78	1	78	2.88e-21	84.8
tr|A0A144RC60|A0A144RC60_ENTCL	GCF_000146165.2_WP_164925808.1	29.630	86	89	92	81	55	2	4	82	1	81	3.04e-21	84.8
tr|A0A144RC60|A0A144RC60_ENTCL	GCF_008693705.1_WP_127008315.1	34.286	86	84	81	70	43	1	4	73	1	67	3.82e-21	84.5
tr|A0A144RC60|A0A144RC60_ENTCL	GCF_016127195.1_WP_042032742.1	31.429	86	89	81	70	45	1	4	73	1	67	4.78e-21	84.5
tr|A0A144RC60|A0A144RC60_ENTCL	GCF_000801295.1_WP_171816254.1	30.380	86	99	88	79	52	1	1	76	1	79	5.04e-21	84.5
tr|A0A144RC60|A0A144RC60_ENTCL	GCF_014905115.1_WP_193151849.1	27.848	86	81	86	79	52	2	10	83	2	80	5.10e-21	84.3
tr|A0A144RC60|A0A144RC60_ENTCL	GCF_003966655.1_WP_113527441.1	28.169	86	77	83	71	51	0	3	73	1	71	5.25e-21	84.0
tr|A0A144RC60|A0A144RC60_ENTCL	GCF_001677435.1_WP_068615618.1	33.766	86	90	87	77	48	3	3	77	1	76	5.26e-21	84.3
tr|A0A144RC60|A0A144RC60_ENTCL	GCF_013462805.1_WP_009566961.1	26.761	86	77	83	71	52	0	3	73	1	71	6.45e-21	84.0
tr|A0A144RC60|A0A144RC60_ENTCL	GCF_001558255.2_WP_005504861.1	32.099	86	82	87	81	49	3	10	84	2	82	9.80e-21	83.4
tr|A0A144RC60|A0A144RC60_ENTCL	GCF_000016065.1_WP_011864074.1	30.000	86	93	92	80	54	2	4	82	1	79	9.84e-21	83.7
tr|A0A144RC60|A0A144RC60_ENTCL	GCF_001020955.1_WP_047250467.1	34.177	86	82	87	79	48	2	1	75	1	79	1.22e-20	83.1
tr|A0A144RC60|A0A144RC60_ENTCL	GCF_013283835.1_WP_071626507.1	28.571	86	83	86	77	49	2	3	76	1	74	1.54e-20	83.1
tr|A0A144RC60|A0A144RC60_ENTCL	GCF_003015165.1_WP_106887831.1	33.803	86	84	83	71	44	1	4	74	1	68	1.74e-20	82.9
tr|A0A144RC60|A0A144RC60_ENTCL	GCF_000968535.2_WP_014147785.1	25.000	86	84	87	76	55	2	8	82	4	78	1.74e-20	82.9
tr|A0A144RC60|A0A144RC60_ENTCL	GCF_001007875.1_WP_046858354.1	29.114	86	80	86	79	51	2	10	83	2	80	2.42e-20	82.6
tr|A0A144RC60|A0A144RC60_ENTCL	GCF_016026615.1_WP_197928313.1	30.000	86	89	81	70	46	1	4	73	1	67	2.59e-20	82.6
tr|A0A144RC60|A0A144RC60_ENTCL	GCF_010093065.1_WP_238430213.1	26.582	86	83	87	79	51	2	1	75	2	77	2.78e-20	82.3
tr|A0A144RC60|A0A144RC60_ENTCL	GCF_013137895.1_WP_135435790.1	30.488	86	83	90	82	48	3	1	77	1	78	3.50e-20	82.0
tr|A0A144RC60|A0A144RC60_ENTCL	GCF_002142475.1_WP_026148861.1	27.160	86	86	90	81	52	2	4	80	1	78	3.63e-20	82.0
tr|A0A144RC60|A0A144RC60_ENTCL	GCF_024347035.1_WP_102941394.1	26.250	86	81	87	80	54	2	10	84	2	81	3.66e-20	82.0
tr|A0A144RC60|A0A144RC60_ENTCL	GCF_000576555.1_WP_044000633.1	30.769	86	83	85	78	46	2	6	78	5	79	3.70e-20	82.0
tr|A0A144RC60|A0A144RC60_ENTCL	GCF_014879975.1_WP_192888672.1	26.829	86	83	90	82	55	2	10	86	2	83	3.82e-20	82.0
tr|A0A144RC60|A0A144RC60_ENTCL	GCF_001558415.2_WP_061055374.1	27.848	86	83	86	79	52	2	10	83	2	80	4.17e-20	82.0
tr|A0A144RC60|A0A144RC60_ENTCL	GCF_009068765.1_WP_151900329.1	26.582	86	81	86	79	53	2	10	83	2	80	4.46e-20	81.7
tr|A0A144RC60|A0A144RC60_ENTCL	GCF_009938185.1_WP_162048373.1	27.848	86	82	86	79	52	2	10	83	2	80	4.88e-20	81.7
tr|A0A144RC60|A0A144RC60_ENTCL	GCF_003574965.1_WP_119445661.1	28.395	86	82	88	81	50	2	3	78	1	78	4.92e-20	81.7
tr|A0A144RC60|A0A144RC60_ENTCL	GCF_014169735.1_WP_134997272.1	32.394	86	86	83	71	45	1	4	74	1	68	5.35e-20	81.7
tr|A0A144RC60|A0A144RC60_ENTCL	GCF_019670125.1_WP_221076876.1	27.848	86	81	86	79	52	2	10	83	2	80	5.57e-20	81.5
tr|A0A144RC60|A0A144RC60_ENTCL	GCF_008329985.2_WP_149283950.1	28.750	86	81	87	80	52	2	10	84	2	81	5.71e-20	81.5
tr|A0A144RC60|A0A144RC60_ENTCL	GCF_009938205.1_WP_075706454.1	31.646	86	82	86	79	49	2	10	83	2	80	5.90e-20	81.5
tr|A0A144RC60|A0A144RC60_ENTCL	GCF_002407485.1_WP_096780111.1	28.750	86	81	87	80	52	2	10	84	2	81	6.28e-20	81.5
tr|A0A144RC60|A0A144RC60_ENTCL	GCF_000009145.1_WP_041356315.1	28.049	86	90	90	82	54	3	10	86	6	87	6.90e-20	81.5
tr|A0A144RC60|A0A144RC60_ENTCL	GCF_022827545.1_WP_243798205.1	30.864	86	82	88	81	48	2	3	78	1	78	8.64e-20	81.2
tr|A0A144RC60|A0A144RC60_ENTCL	GCF_003515105.1_WP_036973086.1	40.845	86	73	81	71	41	1	6	75	2	72	9.97e-20	80.9
tr|A0A144RC60|A0A144RC60_ENTCL	GCF_001007935.1_WP_046849946.1	25.926	86	84	88	81	55	2	8	83	4	84	1.19e-19	80.9
tr|A0A144RC60|A0A144RC60_ENTCL	GCF_004214795.1_WP_130234502.1	20.988	86	78	91	81	58	2	3	80	1	78	1.49e-19	80.3
tr|A0A144RC60|A0A144RC60_ENTCL	GCF_009755585.1_WP_157030071.1	30.488	86	85	91	82	50	2	3	80	1	79	1.82e-19	80.3
tr|A0A144RC60|A0A144RC60_ENTCL	GCF_001995825.2_WP_017057338.1	24.390	86	83	90	82	57	2	10	86	2	83	1.91e-19	80.3
tr|A0A144RC60|A0A144RC60_ENTCL	GCF_024347655.1_WP_060467732.1	24.390	86	83	90	82	57	2	10	86	2	83	1.96e-19	80.3
tr|A0A144RC60|A0A144RC60_ENTCL	GCF_004001245.1_WP_127478562.1	30.864	86	85	88	81	51	2	1	76	1	81	2.06e-19	80.3
tr|A0A144RC60|A0A144RC60_ENTCL	GCF_902810445.1_WP_197744199.1	18.519	86	78	90	81	59	2	4	80	1	78	2.27e-19	80.0
tr|A0A144RC60|A0A144RC60_ENTCL	GCF_024347635.1_WP_139683960.1	25.610	86	83	90	82	56	2	10	86	2	83	2.43e-19	80.0
tr|A0A144RC60|A0A144RC60_ENTCL	GCF_024360925.2_WP_255188929.1	25.641	86	83	90	78	56	2	10	86	6	82	2.61e-19	79.8
tr|A0A144RC60|A0A144RC60_ENTCL	GCF_008364325.2_WP_020826409.1	27.397	86	84	84	73	49	2	4	75	1	70	2.61e-19	80.0
tr|A0A144RC60|A0A144RC60_ENTCL	GCF_001507645.1_WP_068195976.1	28.571	86	90	85	77	48	2	3	75	1	74	2.79e-19	80.0
tr|A0A144RC60|A0A144RC60_ENTCL	GCF_002762215.1_WP_085750011.1	27.632	86	87	84	76	48	3	4	75	3	75	3.81e-19	79.5
tr|A0A144RC60|A0A144RC60_ENTCL	GCF_024347595.1_WP_176681244.1	26.829	86	83	90	82	55	2	10	86	2	83	3.82e-19	79.5
tr|A0A144RC60|A0A144RC60_ENTCL	GCF_024347455.1_WP_135458404.1	25.610	86	83	90	82	56	2	10	86	2	83	3.91e-19	79.5
tr|A0A144RC60|A0A144RC60_ENTCL	GCF_022811645.1_WP_243511723.1	27.848	86	90	87	79	50	2	3	77	1	76	4.15e-19	79.5
tr|A0A144RC60|A0A144RC60_ENTCL	GCF_020844025.1_WP_215848879.1	29.577	86	77	83	71	50	0	3	73	1	71	4.38e-19	79.2
tr|A0A144RC60|A0A144RC60_ENTCL	GCF_000091465.1_WP_004733849.1	24.390	86	83	90	82	57	2	10	86	2	83	4.73e-19	79.2
tr|A0A144RC60|A0A144RC60_ENTCL	GCF_009662475.1_WP_031573754.1	29.412	86	79	79	68	48	0	3	70	1	68	4.83e-19	79.2
tr|A0A144RC60|A0A144RC60_ENTCL	GCF_000024005.1_WP_012793320.1	26.923	86	84	86	78	50	2	2	75	3	77	5.13e-19	79.2
tr|A0A144RC60|A0A144RC60_ENTCL	GCF_013177675.1_WP_172128285.1	23.684	86	81	85	76	52	2	3	75	1	73	5.45e-19	78.9
tr|A0A144RC60|A0A144RC60_ENTCL	GCF_000214665.1_WP_013819542.1	24.675	86	83	88	77	56	2	10	85	6	81	5.59e-19	78.9
tr|A0A144RC60|A0A144RC60_ENTCL	GCF_002214395.1_WP_010453422.1	26.250	86	81	87	80	54	2	10	84	2	81	5.81e-19	78.9
tr|A0A144RC60|A0A144RC60_ENTCL	GCF_019670105.1_WP_040307707.1	25.000	86	81	87	80	55	2	10	84	2	81	6.34e-19	78.9
tr|A0A144RC60|A0A144RC60_ENTCL	GCF_019669905.1_WP_054759186.1	27.848	86	79	91	79	52	2	8	85	3	77	6.68e-19	78.9
tr|A0A144RC60|A0A144RC60_ENTCL	GCF_000148645.1_WP_013347076.1	28.571	86	80	84	77	50	2	12	83	3	79	1.11e-18	78.4
tr|A0A144RC60|A0A144RC60_ENTCL	GCF_024582835.1_WP_257083279.1	26.829	86	87	90	82	55	2	10	86	2	83	1.16e-18	78.4
tr|A0A144RC60|A0A144RC60_ENTCL	GCF_008728635.1_WP_151087836.1	25.974	86	90	85	77	50	3	3	75	1	74	1.56e-18	78.1
tr|A0A144RC60|A0A144RC60_ENTCL	GCF_000212735.1_WP_013764159.1	26.582	86	83	87	79	51	2	1	75	1	76	1.95e-18	77.8
tr|A0A144RC60|A0A144RC60_ENTCL	GCF_024347675.1_WP_261835500.1	28.750	86	81	87	80	52	2	10	84	2	81	2.07e-18	77.5
tr|A0A144RC60|A0A144RC60_ENTCL	GCF_024362845.1_WP_255230807.1	22.785	86	82	86	79	56	2	10	83	2	80	2.14e-18	77.5
tr|A0A144RC60|A0A144RC60_ENTCL	GCF_000785705.2_WP_036272019.1	26.316	86	82	88	76	55	1	10	85	6	80	2.39e-18	77.5
tr|A0A144RC60|A0A144RC60_ENTCL	GCF_010093065.1_WP_162331416.1	23.684	86	84	84	76	51	2	4	75	5	77	2.79e-18	77.2
tr|A0A144RC60|A0A144RC60_ENTCL	GCF_003346815.1_WP_114840342.1	28.395	86	82	91	81	52	2	3	80	1	78	2.87e-18	77.2
tr|A0A144RC60|A0A144RC60_ENTCL	GCF_001831495.1_WP_068547707.1	22.785	86	81	86	79	56	2	10	83	2	80	2.98e-18	77.2
tr|A0A144RC60|A0A144RC60_ENTCL	GCF_005931095.1_WP_017839868.1	23.684	86	84	87	76	56	2	8	82	4	78	3.21e-18	77.2
tr|A0A144RC60|A0A144RC60_ENTCL	GCF_003668795.1_WP_054981706.1	29.630	86	83	88	81	52	2	10	85	2	82	3.56e-18	77.0
tr|A0A144RC60|A0A144RC60_ENTCL	GCF_004328865.1_WP_104643907.1	28.395	86	83	88	81	53	2	10	85	2	82	3.59e-18	77.0
tr|A0A144RC60|A0A144RC60_ENTCL	GCF_900233005.1_WP_102521318.1	25.316	86	81	86	79	54	2	10	83	2	80	3.67e-18	77.0
tr|A0A144RC60|A0A144RC60_ENTCL	GCF_003258315.1_WP_111337788.1	26.582	86	88	91	79	57	1	8	85	4	82	3.76e-18	77.0
tr|A0A144RC60|A0A144RC60_ENTCL	GCF_001651805.1_WP_067384150.1	35.135	86	78	80	74	43	3	4	72	1	74	4.22e-18	76.7
tr|A0A144RC60|A0A144RC60_ENTCL	GCF_024494545.1_WP_256384876.1	25.641	86	81	85	78	53	2	11	83	3	80	4.80e-18	76.7
tr|A0A144RC60|A0A144RC60_ENTCL	GCF_003149515.1_WP_109656005.1	25.974	86	90	85	77	50	2	3	75	1	74	5.44e-18	76.7
tr|A0A144RC60|A0A144RC60_ENTCL	GCF_001955715.1_WP_029708890.1	28.947	86	80	84	76	47	2	4	75	1	73	5.80e-18	76.4
tr|A0A144RC60|A0A144RC60_ENTCL	GCF_000014765.1_WP_011633385.1	30.952	86	89	92	84	53	3	8	86	3	86	6.31e-18	76.4
tr|A0A144RC60|A0A144RC60_ENTCL	GCF_003353065.1_WP_114983154.1	25.610	86	84	91	82	54	3	1	78	1	79	6.52e-18	76.4
tr|A0A144RC60|A0A144RC60_ENTCL	GCF_002906475.1_WP_012130247.1	24.051	86	81	86	79	55	2	10	83	2	80	6.54e-18	76.4
tr|A0A144RC60|A0A144RC60_ENTCL	GCF_002849875.1_WP_232379112.1	29.070	86	113	91	86	53	2	6	83	28	113	6.76e-18	77.0
tr|A0A144RC60|A0A144RC60_ENTCL	GCF_001456255.1_WP_020335096.1	23.750	86	81	87	80	56	2	10	84	2	81	7.20e-18	76.1
tr|A0A144RC60|A0A144RC60_ENTCL	GCF_003967195.1_WP_172597571.1	33.333	86	83	81	75	45	2	3	72	2	76	8.00e-18	76.1
tr|A0A144RC60|A0A144RC60_ENTCL	GCF_002221525.1_WP_089349457.1	29.630	86	83	88	81	52	2	10	85	2	82	8.59e-18	76.1
tr|A0A144RC60|A0A144RC60_ENTCL	GCF_008369605.1_WP_000253074.1	29.114	86	81	86	79	51	2	10	83	2	80	9.28e-18	75.8
tr|A0A144RC60|A0A144RC60_ENTCL	GCF_002021755.1_WP_005434844.1	24.051	86	81	86	79	55	2	10	83	2	80	1.02e-17	75.8
tr|A0A144RC60|A0A144RC60_ENTCL	GCF_003990335.1_WP_127025819.1	24.286	86	91	81	70	53	0	11	80	7	76	1.13e-17	75.8
tr|A0A144RC60|A0A144RC60_ENTCL	GCF_013343005.1_WP_078482823.1	35.897	86	84	85	78	45	2	3	75	1	78	1.34e-17	75.5
tr|A0A144RC60|A0A144RC60_ENTCL	GCF_020091585.1_WP_224339804.1	24.675	86	82	85	77	51	3	4	76	1	74	1.42e-17	75.5
tr|A0A144RC60|A0A144RC60_ENTCL	GCF_000238395.3_WP_010553578.1	27.160	86	83	88	81	54	2	10	85	2	82	1.42e-17	75.5
tr|A0A144RC60|A0A144RC60_ENTCL	GCF_024746855.1_WP_260492542.1	29.487	86	79	86	78	51	1	10	83	2	79	1.42e-17	75.3
tr|A0A144RC60|A0A144RC60_ENTCL	GCF_016613475.2_WP_200606805.1	20.253	86	90	87	79	56	2	4	78	5	80	1.58e-17	75.5
tr|A0A144RC60|A0A144RC60_ENTCL	GCF_000021985.1_WP_012639500.1	33.784	86	82	80	74	44	2	3	71	1	74	1.58e-17	75.3
tr|A0A144RC60|A0A144RC60_ENTCL	GCF_018736065.1_WP_144074266.1	27.941	86	76	79	68	45	2	7	74	10	73	1.72e-17	75.3
tr|A0A144RC60|A0A144RC60_ENTCL	GCF_001999225.1_WP_077537996.1	23.457	86	82	88	81	57	2	10	85	2	82	1.74e-17	75.3
tr|A0A144RC60|A0A144RC60_ENTCL	GCF_005877035.1_WP_039486662.1	28.395	86	83	88	81	53	2	10	85	2	82	1.90e-17	75.3
tr|A0A144RC60|A0A144RC60_ENTCL	GCF_000770115.1_WP_069687890.1	22.785	86	81	86	79	56	2	10	83	2	80	2.02e-17	75.0
tr|A0A144RC60|A0A144RC60_ENTCL	GCF_013177635.1_WP_129095542.1	25.676	86	72	83	74	49	2	3	73	1	71	2.04e-17	75.0
tr|A0A144RC60|A0A144RC60_ENTCL	GCF_009938015.1_WP_223264517.1	30.380	86	90	86	79	50	3	1	74	1	79	2.05e-17	75.3
tr|A0A144RC60|A0A144RC60_ENTCL	GCF_003544915.1_WP_118918525.1	27.632	86	73	85	76	49	2	3	75	1	73	2.11e-17	75.0
tr|A0A144RC60|A0A144RC60_ENTCL	GCF_003970675.1_WP_126615366.1	27.941	86	76	79	68	45	2	7	74	10	73	2.16e-17	75.0
tr|A0A144RC60|A0A144RC60_ENTCL	GCF_019670485.1_WP_221071211.1	25.316	86	81	86	79	54	2	10	83	2	80	2.19e-17	75.0
tr|A0A144RC60|A0A144RC60_ENTCL	GCF_003346775.1_WP_114843067.1	23.377	86	84	86	77	53	2	3	76	1	74	2.21e-17	75.0
tr|A0A144RC60|A0A144RC60_ENTCL	GCF_004421105.1_WP_134356453.1	20.253	86	80	87	79	56	3	4	78	1	76	2.39e-17	75.0
tr|A0A144RC60|A0A144RC60_ENTCL	GCF_010119975.1_WP_162445115.1	25.882	86	365	94	85	55	2	4	84	8	88	2.79e-17	79.5
tr|A0A144RC60|A0A144RC60_ENTCL	GCF_008122265.1_WP_148863603.1	20.779	86	84	85	77	54	2	4	76	1	74	3.51e-17	74.4
tr|A0A144RC60|A0A144RC60_ENTCL	GCF_002355735.1_WP_096359192.1	28.947	86	83	84	76	50	2	4	75	7	82	4.21e-17	74.1
tr|A0A144RC60|A0A144RC60_ENTCL	GCF_013201725.1_WP_014475480.1	29.730	86	74	83	74	46	2	3	73	1	71	4.31e-17	74.1
tr|A0A144RC60|A0A144RC60_ENTCL	GCF_002557795.1_WP_098194977.1	26.316	86	89	81	76	47	2	6	75	7	79	4.45e-17	74.4
tr|A0A144RC60|A0A144RC60_ENTCL	GCF_007197555.1_WP_144048375.1	29.070	86	94	92	86	54	3	4	82	1	86	4.52e-17	74.4
tr|A0A144RC60|A0A144RC60_ENTCL	GCF_003063625.1_WP_108601906.1	27.143	86	85	78	70	48	1	10	76	5	74	5.39e-17	74.1
tr|A0A144RC60|A0A144RC60_ENTCL	GCF_002355415.1_WP_148665551.1	32.877	86	87	80	73	45	2	6	74	13	85	6.39e-17	73.9
tr|A0A144RC60|A0A144RC60_ENTCL	GCF_000828615.1_WP_041064380.1	34.177	86	80	86	79	47	3	1	74	1	79	6.49e-17	73.9
tr|A0A144RC60|A0A144RC60_ENTCL	GCF_008931805.1_WP_019441510.1	23.750	86	81	87	80	56	2	10	84	2	81	7.20e-17	73.6
tr|A0A144RC60|A0A144RC60_ENTCL	GCF_000024825.1_WP_005460845.1	23.750	86	81	87	80	56	2	10	84	2	81	7.32e-17	73.6
tr|A0A144RC60|A0A144RC60_ENTCL	GCF_000143085.1_WP_013221711.1	21.053	86	82	84	76	53	3	4	75	1	73	7.68e-17	73.6
tr|A0A144RC60|A0A144RC60_ENTCL	GCF_013201935.1_WP_129014602.1	25.676	86	72	83	74	49	2	3	73	1	71	8.14e-17	73.3
tr|A0A144RC60|A0A144RC60_ENTCL	GCF_000772105.1_WP_004748349.1	25.316	86	81	86	79	54	2	10	83	2	80	1.07e-16	73.3
tr|A0A144RC60|A0A144RC60_ENTCL	GCF_019703835.1_WP_087020305.1	32.911	86	79	87	79	46	2	12	86	3	78	1.08e-16	73.3
tr|A0A144RC60|A0A144RC60_ENTCL	GCF_002215215.1_WP_088918776.1	41.429	86	101	80	70	39	2	5	73	15	83	1.15e-16	73.6
tr|A0A144RC60|A0A144RC60_ENTCL	GCF_019797925.1_WP_193521737.1	31.169	86	80	85	77	49	1	11	83	3	79	1.20e-16	73.0
tr|A0A144RC60|A0A144RC60_ENTCL	GCF_024347495.1_WP_137371745.1	25.316	86	80	86	79	54	2	10	83	2	80	1.33e-16	73.0
tr|A0A144RC60|A0A144RC60_ENTCL	GCF_008807855.1_WP_063240334.1	21.795	86	83	86	78	54	2	2	75	3	77	1.35e-16	73.0
tr|A0A144RC60|A0A144RC60_ENTCL	GCF_015209785.1_WP_193988300.1	42.647	86	73	78	68	38	1	6	72	2	69	1.41e-16	72.7
tr|A0A144RC60|A0A144RC60_ENTCL	GCF_023733635.1_WP_039959400.1	29.268	86	89	90	82	53	2	4	80	1	82	1.67e-16	72.7
tr|A0A144RC60|A0A144RC60_ENTCL	GCF_024347195.1_WP_271272618.1	34.247	86	77	80	73	44	3	4	72	1	73	1.78e-16	72.5
tr|A0A144RC60|A0A144RC60_ENTCL	GCF_024347275.1_WP_019620968.1	26.829	86	82	90	82	55	3	4	80	1	82	2.17e-16	72.5
tr|A0A144RC60|A0A144RC60_ENTCL	GCF_000317125.1_WP_015155280.1	22.500	86	81	88	80	55	3	4	79	1	77	2.59e-16	72.2
tr|A0A144RC60|A0A144RC60_ENTCL	GCF_000940995.1_WP_082060442.1	27.059	86	93	98	85	61	1	3	86	1	85	2.69e-16	72.5
tr|A0A144RC60|A0A144RC60_ENTCL	GCF_002887615.1_WP_038869703.1	22.785	86	81	86	79	56	2	10	83	2	80	2.80e-16	72.2
tr|A0A144RC60|A0A144RC60_ENTCL	GCF_000012805.1_WP_011330264.1	19.737	86	85	84	76	54	3	4	75	1	73	2.81e-16	72.2
tr|A0A144RC60|A0A144RC60_ENTCL	GCF_006364355.1_WP_004727652.1	22.785	86	83	86	79	56	2	10	83	2	80	2.87e-16	72.2
tr|A0A144RC60|A0A144RC60_ENTCL	GCF_002218045.2_WP_089137819.1	37.500	86	79	79	72	41	2	6	73	5	76	2.89e-16	72.2
tr|A0A144RC60|A0A144RC60_ENTCL	GCF_002356115.1_WP_096526481.1	17.284	86	78	90	81	60	2	4	80	1	78	3.72e-16	71.9
tr|A0A144RC60|A0A144RC60_ENTCL	GCF_001431725.1_WP_021820278.1	25.000	86	81	87	80	55	2	10	84	2	81	4.65e-16	71.6
tr|A0A144RC60|A0A144RC60_ENTCL	GCF_004028275.1_WP_128384077.1	24.286	86	77	77	70	49	2	9	74	2	71	4.75e-16	71.6
tr|A0A144RC60|A0A144RC60_ENTCL	GCF_001442805.1_WP_057942092.1	24.324	86	88	81	74	49	2	5	74	6	76	5.04e-16	71.6
tr|A0A144RC60|A0A144RC60_ENTCL	GCF_000026085.1_WP_041454550.1	38.028	86	73	80	71	41	3	6	74	2	71	5.26e-16	71.3
tr|A0A144RC60|A0A144RC60_ENTCL	GCF_000019525.1_WP_012323084.1	26.582	86	81	86	79	53	2	10	83	2	80	5.50e-16	71.3
tr|A0A144RC60|A0A144RC60_ENTCL	GCF_013201665.1_WP_128359868.1	24.390	86	81	92	82	56	2	3	81	1	79	5.77e-16	71.3
tr|A0A144RC60|A0A144RC60_ENTCL	GCF_005166025.1_WP_137090244.1	28.947	86	84	84	76	47	2	3	74	1	73	6.36e-16	71.3
tr|A0A144RC60|A0A144RC60_ENTCL	GCF_001956695.1_WP_076086034.1	24.051	86	77	87	79	53	2	7	81	2	77	8.55e-16	70.8
tr|A0A144RC60|A0A144RC60_ENTCL	GCF_024347255.1_WP_091360415.1	32.432	86	79	80	74	45	2	4	72	1	74	1.13e-15	70.5
tr|A0A144RC60|A0A144RC60_ENTCL	GCF_001455205.1_WP_062560013.1	23.377	86	84	88	77	57	2	10	85	6	81	1.14e-15	70.8
tr|A0A144RC60|A0A144RC60_ENTCL	GCF_000018105.1_WP_012162738.1	16.854	86	86	97	89	65	3	4	86	1	86	1.20e-15	70.5
tr|A0A144RC60|A0A144RC60_ENTCL	GCF_000321415.2_WP_015260329.1	32.941	86	93	94	85	53	2	1	81	1	85	1.31e-15	70.8
tr|A0A144RC60|A0A144RC60_ENTCL	GCF_001050135.1_WP_048644179.1	25.316	86	88	87	79	52	3	1	75	1	76	1.50e-15	70.5
tr|A0A144RC60|A0A144RC60_ENTCL	GCF_001956695.1_WP_076086043.1	24.000	86	77	84	75	51	2	4	75	1	72	1.92e-15	69.9
tr|A0A144RC60|A0A144RC60_ENTCL	GCF_004798725.1_WP_010811758.1	23.077	86	83	86	78	53	2	2	75	3	77	2.06e-15	69.9
tr|A0A144RC60|A0A144RC60_ENTCL	GCF_002157225.2_WP_086934278.1	28.767	86	80	85	73	52	0	10	82	5	77	2.22e-15	69.9
tr|A0A144RC60|A0A144RC60_ENTCL	GCF_019977755.1_WP_126608378.1	32.941	86	103	86	85	46	3	10	83	16	100	2.37e-15	70.2
tr|A0A144RC60|A0A144RC60_ENTCL	GCF_008632455.1_WP_150048082.1	25.333	86	84	86	75	54	2	9	82	5	78	2.72e-15	69.6
tr|A0A144RC60|A0A144RC60_ENTCL	GCF_009363415.1_WP_152430616.1	20.253	86	84	86	79	58	2	10	83	2	80	2.74e-15	69.6
tr|A0A144RC60|A0A144RC60_ENTCL	GCF_003955735.1_WP_126127786.1	24.359	86	91	86	78	52	3	5	78	7	81	3.54e-15	69.6
tr|A0A144RC60|A0A144RC60_ENTCL	GCF_012295615.1_WP_007018284.1	20.253	86	81	86	79	58	2	10	83	2	80	3.58e-15	69.4
tr|A0A144RC60|A0A144RC60_ENTCL	GCF_018389385.1_WP_218082190.1	21.053	86	91	84	76	53	3	2	73	13	85	4.46e-15	69.4
tr|A0A144RC60|A0A144RC60_ENTCL	GCF_002157895.1_WP_227874980.1	23.750	86	82	87	80	56	2	10	84	3	82	4.48e-15	69.1
tr|A0A144RC60|A0A144RC60_ENTCL	GCF_000788395.1_WP_038641921.1	27.941	86	85	78	68	48	1	8	74	3	70	5.39e-15	69.1
tr|A0A144RC60|A0A144RC60_ENTCL	GCF_000227685.2_WP_006746304.1	29.630	86	83	90	81	53	2	1	77	1	81	5.78e-15	68.8
tr|A0A144RC60|A0A144RC60_ENTCL	GCF_000092245.1_WP_013136435.1	31.507	86	76	81	73	44	2	7	76	2	71	5.80e-15	68.8
tr|A0A144RC60|A0A144RC60_ENTCL	GCF_003722295.1_WP_010573895.1	28.571	86	75	83	77	46	2	4	74	1	74	6.08e-15	68.5
tr|A0A144RC60|A0A144RC60_ENTCL	GCF_017638925.1_WP_208844867.1	25.333	86	81	83	75	52	1	11	81	3	77	6.10e-15	68.8
tr|A0A144RC60|A0A144RC60_ENTCL	GCF_000024725.1_WP_013031543.1	20.000	86	81	88	80	57	3	4	79	1	77	6.34e-15	68.8
tr|A0A144RC60|A0A144RC60_ENTCL	GCF_000014785.1_WP_011630183.1	29.870	86	83	85	77	50	3	4	76	7	83	8.94e-15	68.2
tr|A0A144RC60|A0A144RC60_ENTCL	GCF_026427595.1_WP_251812951.1	26.250	86	88	87	80	54	2	12	86	7	86	9.66e-15	68.2
tr|A0A144RC60|A0A144RC60_ENTCL	GCF_019891175.1_WP_225938383.1	18.750	86	93	88	80	58	2	4	79	9	85	1.75e-14	67.7
tr|A0A144RC60|A0A144RC60_ENTCL	GCF_000317575.1_WP_015193670.1	24.000	86	74	83	75	50	2	4	74	1	72	2.11e-14	67.1
tr|A0A144RC60|A0A144RC60_ENTCL	GCF_024347215.1_WP_261843265.1	34.247	86	77	80	73	44	3	4	72	1	73	2.71e-14	67.1
tr|A0A144RC60|A0A144RC60_ENTCL	GCF_003568825.1_WP_040644076.1	23.077	86	83	86	78	56	1	10	83	2	79	3.37e-14	66.8
tr|A0A144RC60|A0A144RC60_ENTCL	GCF_013283835.1_WP_071625892.1	25.000	86	79	86	80	51	2	7	80	2	78	3.41e-14	66.8
tr|A0A144RC60|A0A144RC60_ENTCL	GCF_002309535.1_WP_096047558.1	25.000	86	88	90	80	54	2	9	85	4	80	7.48e-14	66.0
tr|A0A144RC60|A0A144RC60_ENTCL	GCF_000265505.1_WP_014796533.1	23.529	86	97	86	85	54	2	4	77	3	87	1.32e-13	65.7
tr|A0A144RC60|A0A144RC60_ENTCL	GCF_000222485.1_WP_014022977.1	21.795	86	85	86	78	54	3	1	74	1	75	1.36e-13	65.4
tr|A0A144RC60|A0A144RC60_ENTCL	GCF_000019185.1_WP_012277931.1	24.490	86	100	86	98	50	3	10	83	2	99	1.54e-13	65.4
tr|A0A144RC60|A0A144RC60_ENTCL	GCF_013201665.1_WP_128358834.1	24.675	86	76	86	77	52	2	7	80	2	75	1.95e-13	64.9
tr|A0A144RC60|A0A144RC60_ENTCL	GCF_013201935.1_WP_128987185.1	23.377	86	76	86	77	53	2	7	80	2	75	3.25e-13	64.3
tr|A0A144RC60|A0A144RC60_ENTCL	GCF_003544815.1_WP_118886031.1	24.675	86	76	86	77	52	2	7	80	2	75	4.39e-13	64.0
tr|A0A144RC60|A0A144RC60_ENTCL	GCF_013177635.1_WP_129095951.1	24.675	86	76	86	77	52	2	7	80	2	75	4.60e-13	63.7
tr|A0A144RC60|A0A144RC60_ENTCL	GCF_009937995.1_WP_179954406.1	24.000	86	79	81	75	52	2	4	73	1	75	6.75e-13	63.4
tr|A0A144RC60|A0A144RC60_ENTCL	GCF_000973725.1_WP_046311560.1	25.641	86	91	86	78	51	2	3	76	1	75	8.86e-13	63.4
tr|A0A144RC60|A0A144RC60_ENTCL	GCF_000012325.1_WP_011045621.1	27.692	86	84	76	65	47	0	10	74	5	69	9.22e-13	63.2
tr|A0A144RC60|A0A144RC60_ENTCL	GCF_003346815.1_WP_114840344.1	22.222	86	84	91	81	57	2	4	81	1	78	1.05e-12	63.2
tr|A0A144RC60|A0A144RC60_ENTCL	GCF_001705075.2_WP_065970077.1	25.641	86	78	86	78	54	2	3	76	1	78	1.08e-12	62.9
tr|A0A144RC60|A0A144RC60_ENTCL	GCF_013282625.1_WP_173286717.1	27.941	86	67	79	68	46	1	9	76	2	66	1.41e-12	62.3
tr|A0A144RC60|A0A144RC60_ENTCL	GCF_026278345.1_WP_266369249.1	24.390	86	90	87	82	52	3	4	78	1	79	1.47e-12	62.9
tr|A0A144RC60|A0A144RC60_ENTCL	GCF_000014705.1_WP_011637758.1	21.687	86	88	91	83	60	2	9	86	3	85	3.60e-12	61.8
tr|A0A144RC60|A0A144RC60_ENTCL	GCF_000568815.1_WP_025346049.1	23.377	86	76	86	77	53	2	8	81	3	76	3.74e-12	61.5
tr|A0A144RC60|A0A144RC60_ENTCL	GCF_013177675.1_WP_172126669.1	27.273	86	77	86	77	50	2	7	80	2	75	5.89e-12	60.9
tr|A0A144RC60|A0A144RC60_ENTCL	GCF_003967275.1_WP_197721837.1	28.378	86	78	81	74	49	3	3	72	1	74	1.17e-11	60.4
tr|A0A144RC60|A0A144RC60_ENTCL	GCF_013283835.1_WP_071628250.1	24.051	86	81	88	79	54	2	4	79	1	76	1.75e-11	59.8
tr|A0A144RC60|A0A144RC60_ENTCL	GCF_000147355.1_WP_013326989.1	24.615	86	67	70	65	44	2	23	82	1	65	1.77e-11	59.8
tr|A0A144RC60|A0A144RC60_ENTCL	GCF_001723605.1_WP_069479051.1	24.324	86	76	83	74	50	2	10	80	5	75	2.34e-11	59.5
tr|A0A144RC60|A0A144RC60_ENTCL	GCF_011398355.1_WP_173270160.1	24.615	86	65	76	65	46	1	9	73	2	63	2.49e-11	59.2
tr|A0A144RC60|A0A144RC60_ENTCL	GCF_000006765.1_NP_249630.1	38.462	86	108	69	65	34	1	4	62	1	65	2.89e-11	59.8
tr|A0A144RC60|A0A144RC60_ENTCL	GCF_021654855.1_WP_237262080.1	25.000	86	70	74	68	44	2	10	73	3	67	4.09e-11	58.7
tr|A0A144RC60|A0A144RC60_ENTCL	GCF_000238255.3_WP_010559905.1	23.529	86	86	78	68	51	1	8	74	3	70	5.04e-11	58.9
tr|A0A144RC60|A0A144RC60_ENTCL	GCF_000265295.1_WP_014770430.1	23.684	86	76	85	76	52	2	8	80	3	75	5.18e-11	58.7
tr|A0A144RC60|A0A144RC60_ENTCL	GCF_009931655.1_WP_161888514.1	17.722	86	89	87	79	58	2	3	77	1	76	6.11e-11	58.7
tr|A0A144RC60|A0A144RC60_ENTCL	GCF_004293625.1_WP_130538367.1	33.898	86	71	69	59	36	1	9	67	2	57	6.32e-11	58.4
tr|A0A144RC60|A0A144RC60_ENTCL	GCF_014217805.1_WP_185274331.1	18.421	86	91	84	76	55	2	5	76	6	78	8.21e-11	58.4
tr|A0A144RC60|A0A144RC60_ENTCL	GCF_003855395.1_WP_124730567.1	22.892	86	88	86	83	55	4	9	82	3	85	1.62e-10	57.5
tr|A0A144RC60|A0A144RC60_ENTCL	GCF_003260975.1_WP_112783789.1	19.178	86	81	81	73	53	3	6	75	2	71	2.13e-10	57.3
tr|A0A144RC60|A0A144RC60_ENTCL	GCF_005281475.1_WP_137401239.1	21.918	86	81	81	73	51	3	6	75	2	71	2.57e-10	57.0
tr|A0A144RC60|A0A144RC60_ENTCL	GCF_000018285.1_WP_012155987.1	20.619	86	102	83	97	51	3	11	81	3	99	3.02e-10	57.3
tr|A0A144RC60|A0A144RC60_ENTCL	GCF_024347675.1_WP_261833361.1	37.209	86	54	50	43	27	0	10	52	2	44	3.82e-10	56.1
tr|A0A144RC60|A0A144RC60_ENTCL	GCF_006575665.1_WP_141613356.1	21.918	86	81	81	73	51	3	6	75	2	71	3.92e-10	56.4
tr|A0A144RC60|A0A144RC60_ENTCL	GCF_011398355.1_WP_173270199.1	22.727	86	66	77	66	48	1	9	74	2	64	5.81e-10	55.9
tr|A0A144RC60|A0A144RC60_ENTCL	GCF_006385555.1_WP_140234395.1	28.750	86	87	87	80	52	2	8	82	2	81	6.23e-10	56.1
tr|A0A144RC60|A0A144RC60_ENTCL	GCF_009937995.1_WP_162085741.1	26.250	86	82	86	80	53	2	3	76	1	80	1.02e-09	55.3
tr|A0A144RC60|A0A144RC60_ENTCL	GCF_014075995.1_WP_182414414.1	17.949	86	91	86	78	57	2	3	76	4	78	1.66e-09	55.0
tr|A0A144RC60|A0A144RC60_ENTCL	GCF_001444405.1_WP_058032142.1	27.273	86	87	76	66	47	1	10	74	2	67	1.90e-09	54.7
tr|A0A144RC60|A0A144RC60_ENTCL	GCF_017742995.1_WP_247749573.1	50.000	86	48	42	36	18	0	10	45	2	37	2.21e-09	54.2
tr|A0A144RC60|A0A144RC60_ENTCL	GCF_009938015.1_WP_147074368.1	20.000	86	82	86	80	58	3	3	76	1	80	2.63e-09	54.4
tr|A0A144RC60|A0A144RC60_ENTCL	GCF_023650495.1_WP_250655372.1	24.528	86	88	57	53	36	1	8	56	3	55	3.65e-09	54.2
tr|A0A144RC60|A0A144RC60_ENTCL	GCF_002116735.1_WP_041332374.1	18.182	86	86	85	77	56	2	4	76	7	80	5.09e-09	53.6
tr|A0A144RC60|A0A144RC60_ENTCL	GCF_020511155.1_WP_226415657.1	20.000	86	87	88	85	59	3	8	83	3	87	1.26e-08	52.8
tr|A0A144RC60|A0A144RC60_ENTCL	GCF_011398155.1_WP_173291533.1	21.212	86	71	76	66	48	2	10	74	3	65	1.71e-08	52.2
tr|A0A144RC60|A0A144RC60_ENTCL	GCF_000325705.1_WP_015264554.1	18.919	86	77	83	74	54	3	10	80	6	76	2.35e-08	51.9
tr|A0A144RC60|A0A144RC60_ENTCL	GCF_000242635.2_WP_014682426.1	19.718	86	83	78	71	50	2	14	80	11	78	2.39e-08	51.9
tr|A0A144RC60|A0A144RC60_ENTCL	GCF_000013765.1_WP_011496543.1	21.176	86	106	93	85	62	2	4	83	17	101	1.25e-07	50.5
tr|A0A144RC60|A0A144RC60_ENTCL	GCF_011764585.1_WP_188200227.1	30.357	86	63	59	56	34	2	23	73	2	57	1.51e-07	49.7
tr|A0A144RC60|A0A144RC60_ENTCL	GCF_001753245.1_WP_070077210.1	22.500	86	82	85	80	55	3	4	76	1	80	1.80e-07	49.7
tr|A0A144RC60|A0A144RC60_ENTCL	GCF_000021985.1_WP_012639464.1	20.253	86	81	85	79	57	2	4	76	1	79	2.39e-07	49.4
tr|A0A144RC60|A0A144RC60_ENTCL	GCF_001027285.1_WP_047859305.1	24.490	86	80	57	49	37	0	12	60	12	60	4.17e-07	48.8
tr|A0A144RC60|A0A144RC60_ENTCL	GCF_000484535.1_WP_023173213.1	31.250	86	91	73	64	43	1	12	74	24	87	5.42e-07	48.5
tr|A0A144RC60|A0A144RC60_ENTCL	GCF_010119975.1_WP_162441452.1	14.286	86	89	85	77	59	2	3	75	1	74	5.63e-07	48.5
tr|A0A144RC60|A0A144RC60_ENTCL	GCF_019931735.1_WP_223417223.1	19.231	86	87	85	78	58	3	10	82	4	81	4.63e-06	46.3
tr|A0A144RC60|A0A144RC60_ENTCL	GCF_021018745.1_WP_230843504.1	28.125	86	92	73	64	45	1	12	74	24	87	5.64e-06	46.0
tr|A0A144RC60|A0A144RC60_ENTCL	GCF_010119975.1_WP_162443195.1	15.190	86	91	87	79	60	2	3	77	1	76	6.66e-06	45.7
tr|A0A144RC60|A0A144RC60_ENTCL	GCF_000011385.1_WP_011141833.1	28.125	86	92	73	64	45	1	12	74	24	87	1.63e-05	44.9
tr|A0A144RC60|A0A144RC60_ENTCL	GCF_003143555.1_WP_109340539.1	16.667	86	84	73	66	52	2	12	74	5	70	2.22e-05	44.3
tr|A0A144RC60|A0A144RC60_ENTCL	GCF_000017845.1_WP_009544142.1	33.871	86	813	72	62	32	1	15	76	377	429	7.08e-05	45.7
tr|A0A144RC60|A0A144RC60_ENTCL	GCF_001263175.1_WP_050726405.1	28.889	86	81	52	45	32	0	12	56	12	56	5.07e-04	40.9
tr|A0A144RC60|A0A144RC60_ENTCL	GCF_001020955.1_WP_024326866.1	20.833	86	79	78	72	52	1	10	76	6	77	5.28e-04	40.7
# PSIBLAST 2.13.0+
# Iteration: 7
# Query: tr|A0A144RC60|A0A144RC60_ENTCL Transcriptional antiterminator Rof OS=Enterobacter cloacae OX=550 GN=rof PE=4 SV=1
# Database: db/chosen-bacteria_proteome_exDup
# Fields: query id, subject id, % identity, query length, subject length, % query coverage per subject, alignment length, mismatches, gap opens, q. start, q. end, s. start, s. end, evalue, bit score
# 468 hits found
tr|A0A144RC60|A0A144RC60_ENTCL	GCF_001518835.1_WP_059308693.1	91.860	86	86	100	86	7	0	1	86	1	86	3.07e-40	133
tr|A0A144RC60|A0A144RC60_ENTCL	GCF_001461805.1_WP_013367515.1	88.372	86	86	100	86	10	0	1	86	1	86	3.71e-40	132
tr|A0A144RC60|A0A144RC60_ENTCL	GCF_009036245.1_WP_025756830.1	95.349	86	86	100	86	4	0	1	86	1	86	4.49e-40	132
tr|A0A144RC60|A0A144RC60_ENTCL	GCF_021172065.1_WP_015965827.1	84.884	86	86	100	86	13	0	1	86	1	86	5.44e-40	132
tr|A0A144RC60|A0A144RC60_ENTCL	GCF_009176645.1_WP_152083529.1	94.186	86	86	100	86	5	0	1	86	1	86	6.53e-40	132
tr|A0A144RC60|A0A144RC60_ENTCL	GCF_020097475.1_WP_000062318.1	89.535	86	86	100	86	9	0	1	86	1	86	1.00e-39	132
tr|A0A144RC60|A0A144RC60_ENTCL	GCF_007632255.1_WP_015368146.1	82.558	86	86	100	86	15	0	1	86	1	86	1.30e-39	131
tr|A0A144RC60|A0A144RC60_ENTCL	GCF_001683395.1_WP_017458015.1	84.884	86	86	100	86	13	0	1	86	1	86	1.60e-39	131
tr|A0A144RC60|A0A144RC60_ENTCL	GCF_001022135.1_WP_039078449.1	89.535	86	86	100	86	9	0	1	86	1	86	1.88e-39	131
tr|A0A144RC60|A0A144RC60_ENTCL	GCF_027886705.1_WP_061497537.1	83.721	86	86	100	86	14	0	1	86	1	86	1.94e-39	131
tr|A0A144RC60|A0A144RC60_ENTCL	GCF_003594935.2_WP_006173581.1	96.512	86	86	100	86	3	0	1	86	1	86	2.00e-39	131
tr|A0A144RC60|A0A144RC60_ENTCL	GCF_001658025.2_WP_007373243.1	83.721	86	86	100	86	14	0	1	86	1	86	2.02e-39	131
tr|A0A144RC60|A0A144RC60_ENTCL	GCF_015137655.1_WP_028015593.1	95.349	86	86	100	86	4	0	1	86	1	86	2.65e-39	130
tr|A0A144RC60|A0A144RC60_ENTCL	GCF_001729805.1_WP_008501890.1	96.512	86	86	100	86	3	0	1	86	1	86	2.67e-39	130
tr|A0A144RC60|A0A144RC60_ENTCL	GCF_000224675.1_WP_010426685.1	96.512	86	86	100	86	3	0	1	86	1	86	2.82e-39	130
tr|A0A144RC60|A0A144RC60_ENTCL	GCF_000006925.2_NP_706134.1	88.372	86	86	100	86	10	0	1	86	1	86	3.03e-39	130
tr|A0A144RC60|A0A144RC60_ENTCL	GCF_025914095.1_WP_031518416.1	93.023	86	86	100	86	6	0	1	86	1	86	4.30e-39	130
tr|A0A144RC60|A0A144RC60_ENTCL	GCF_009363135.1_WP_090122691.1	83.721	86	86	100	86	14	0	1	86	1	86	5.67e-39	130
tr|A0A144RC60|A0A144RC60_ENTCL	GCF_001750725.1_WP_014168720.1	98.837	86	86	100	86	1	0	1	86	1	86	5.90e-39	130
tr|A0A144RC60|A0A144RC60_ENTCL	GCF_001277255.1_WP_007666633.1	86.047	86	86	100	86	12	0	1	86	1	86	5.90e-39	130
tr|A0A144RC60|A0A144RC60_ENTCL	GCF_023195735.1_WP_035891978.1	82.558	86	86	100	86	15	0	1	86	1	86	6.19e-39	129
tr|A0A144RC60|A0A144RC60_ENTCL	GCF_003812345.1_WP_003018503.1	88.372	86	86	100	86	10	0	1	86	1	86	6.19e-39	129
tr|A0A144RC60|A0A144RC60_ENTCL	GCF_004353845.1_WP_103768334.1	87.209	86	86	100	86	11	0	1	86	1	86	7.03e-39	129
tr|A0A144RC60|A0A144RC60_ENTCL	GCF_009649915.1_WP_062772223.1	83.721	86	86	100	86	14	0	1	86	1	86	7.43e-39	129
tr|A0A144RC60|A0A144RC60_ENTCL	GCF_004684345.1_WP_135323069.1	86.047	86	86	100	86	12	0	1	86	1	86	7.92e-39	129
tr|A0A144RC60|A0A144RC60_ENTCL	GCF_019048625.1_WP_023305471.1	94.186	86	86	100	86	5	0	1	86	1	86	9.43e-39	129
tr|A0A144RC60|A0A144RC60_ENTCL	GCF_900638065.1_WP_048212636.1	87.209	86	86	100	86	11	0	1	86	1	86	1.01e-38	129
tr|A0A144RC60|A0A144RC60_ENTCL	GCF_001558935.2_WP_042323659.1	88.372	86	86	100	86	10	0	1	86	1	86	1.06e-38	129
tr|A0A144RC60|A0A144RC60_ENTCL	GCF_001277175.1_WP_007760020.1	84.884	86	86	100	86	13	0	1	86	1	86	1.13e-38	129
tr|A0A144RC60|A0A144RC60_ENTCL	GCF_021278985.1_WP_012904575.1	88.372	86	86	100	86	10	0	1	86	1	86	1.39e-38	128
tr|A0A144RC60|A0A144RC60_ENTCL	GCF_001277195.1_WP_032966924.1	86.047	86	86	100	86	12	0	1	86	1	86	1.51e-38	128
tr|A0A144RC60|A0A144RC60_ENTCL	GCF_022637515.1_WP_064539750.1	86.047	86	86	100	86	12	0	1	86	1	86	1.61e-38	128
tr|A0A144RC60|A0A144RC60_ENTCL	GCF_016904755.1_WP_059234959.1	88.235	86	86	99	85	10	0	1	85	1	85	1.63e-38	128
tr|A0A144RC60|A0A144RC60_ENTCL	GCF_018128425.1_WP_042289833.1	90.698	86	86	100	86	8	0	1	86	1	86	1.81e-38	128
tr|A0A144RC60|A0A144RC60_ENTCL	GCF_001277215.2_WP_007776988.1	84.884	86	86	100	86	13	0	1	86	1	86	1.87e-38	128
tr|A0A144RC60|A0A144RC60_ENTCL	GCF_000240185.1_YP_005225236.1	84.884	86	86	100	86	13	0	1	86	1	86	1.98e-38	128
tr|A0A144RC60|A0A144RC60_ENTCL	GCF_009648935.1_WP_047417117.1	87.209	86	86	100	86	11	0	1	86	1	86	1.99e-38	128
tr|A0A144RC60|A0A144RC60_ENTCL	GCF_003812925.1_WP_004107903.1	84.884	86	86	100	86	13	0	1	86	1	86	2.12e-38	128
tr|A0A144RC60|A0A144RC60_ENTCL	GCF_003261575.2_WP_110272453.1	83.721	86	86	100	86	14	0	1	86	1	86	2.94e-38	128
tr|A0A144RC60|A0A144RC60_ENTCL	GCF_002393445.1_WP_061273728.1	87.059	86	86	99	85	11	0	1	85	1	85	2.94e-38	128
tr|A0A144RC60|A0A144RC60_ENTCL	GCF_018139045.1_WP_004129134.1	82.558	86	86	100	86	15	0	1	86	1	86	3.82e-38	127
tr|A0A144RC60|A0A144RC60_ENTCL	GCF_006711645.1_WP_100682484.1	80.233	86	86	100	86	17	0	1	86	1	86	5.09e-38	127
tr|A0A144RC60|A0A144RC60_ENTCL	GCF_015139575.1_WP_004098776.1	83.721	86	86	100	86	14	0	1	86	1	86	5.29e-38	127
tr|A0A144RC60|A0A144RC60_ENTCL	GCF_012029655.1_WP_041144145.1	80.233	86	86	100	86	17	0	1	86	1	86	6.72e-38	127
tr|A0A144RC60|A0A144RC60_ENTCL	GCF_022637595.1_WP_004858152.1	82.558	86	86	100	86	15	0	1	86	1	86	6.94e-38	127
tr|A0A144RC60|A0A144RC60_ENTCL	GCF_000018045.1_WP_024130681.1	88.372	86	86	100	86	10	0	1	86	1	86	9.02e-38	127
tr|A0A144RC60|A0A144RC60_ENTCL	GCF_003935895.2_WP_110510858.1	85.882	86	86	99	85	12	0	1	85	1	85	9.23e-38	127
tr|A0A144RC60|A0A144RC60_ENTCL	GCF_000834395.1_WP_042546713.1	80.233	86	86	100	86	17	0	1	86	1	86	1.02e-37	126
tr|A0A144RC60|A0A144RC60_ENTCL	GCF_900635955.1_WP_126357486.1	87.059	86	86	99	85	11	0	1	85	1	85	1.23e-37	126
tr|A0A144RC60|A0A144RC60_ENTCL	GCF_000439255.1_WP_000062328.1	81.395	86	86	100	86	16	0	1	86	1	86	1.44e-37	126
tr|A0A144RC60|A0A144RC60_ENTCL	GCF_013234275.1_WP_172895488.1	86.047	86	86	100	86	12	0	1	86	1	86	1.72e-37	126
tr|A0A144RC60|A0A144RC60_ENTCL	GCF_024224615.1_WP_125293588.1	85.882	86	86	99	85	12	0	1	85	1	85	1.84e-37	126
tr|A0A144RC60|A0A144RC60_ENTCL	GCF_011068345.1_WP_002436992.1	87.059	86	86	99	85	11	0	1	85	1	85	2.14e-37	125
tr|A0A144RC60|A0A144RC60_ENTCL	GCF_004124235.1_WP_025377303.1	80.233	86	86	100	86	17	0	1	86	1	86	2.18e-37	125
tr|A0A144RC60|A0A144RC60_ENTCL	GCF_000005845.2_NP_414731.2	88.095	86	84	98	84	10	0	3	86	1	84	2.46e-37	125
tr|A0A144RC60|A0A144RC60_ENTCL	GCF_000222975.1_WP_002218374.1	79.070	86	86	100	86	18	0	1	86	1	86	3.14e-37	125
tr|A0A144RC60|A0A144RC60_ENTCL	GCF_019797845.1_WP_222158377.1	72.093	86	86	100	86	24	0	1	86	1	86	3.19e-37	125
tr|A0A144RC60|A0A144RC60_ENTCL	GCF_002163605.1_WP_157665988.1	76.744	86	86	100	86	20	0	1	86	1	86	3.37e-37	125
tr|A0A144RC60|A0A144RC60_ENTCL	GCF_013282725.1_WP_032813813.1	79.070	86	86	100	86	18	0	1	86	1	86	3.51e-37	125
tr|A0A144RC60|A0A144RC60_ENTCL	GCF_000834455.1_WP_032817050.1	77.907	86	86	100	86	19	0	1	86	1	86	4.25e-37	125
tr|A0A144RC60|A0A144RC60_ENTCL	GCF_025133195.1_WP_032910235.1	75.581	86	86	100	86	21	0	1	86	1	86	4.71e-37	125
tr|A0A144RC60|A0A144RC60_ENTCL	GCF_000006945.2_NP_459242.1	81.395	86	86	100	86	16	0	1	86	1	86	4.71e-37	125
tr|A0A144RC60|A0A144RC60_ENTCL	GCF_025758125.1_WP_023480196.1	79.070	86	86	100	86	18	0	1	86	1	86	5.06e-37	125
tr|A0A144RC60|A0A144RC60_ENTCL	GCF_000010085.1_WP_011411656.1	61.905	86	86	98	84	32	0	1	84	1	84	5.31e-37	125
tr|A0A144RC60|A0A144RC60_ENTCL	GCF_005484945.1_WP_137712817.1	73.256	86	86	100	86	23	0	1	86	1	86	5.70e-37	125
tr|A0A144RC60|A0A144RC60_ENTCL	GCF_000517425.1_WP_025421126.1	63.095	86	86	98	84	31	0	1	84	1	84	5.93e-37	124
tr|A0A144RC60|A0A144RC60_ENTCL	GCF_900095885.1_WP_035340381.1	73.256	86	86	100	86	23	0	1	86	1	86	7.83e-37	124
tr|A0A144RC60|A0A144RC60_ENTCL	GCF_021276285.1_WP_095923198.1	73.810	86	86	98	84	22	0	1	84	1	84	8.89e-37	124
tr|A0A144RC60|A0A144RC60_ENTCL	GCF_012427845.1_WP_012773648.1	72.093	86	86	100	86	24	0	1	86	1	86	9.18e-37	124
tr|A0A144RC60|A0A144RC60_ENTCL	GCF_002288545.1_WP_029367608.1	70.930	86	86	100	86	25	0	1	86	1	86	1.28e-36	123
tr|A0A144RC60|A0A144RC60_ENTCL	GCF_009730055.1_WP_032906500.1	79.070	86	86	100	86	18	0	1	86	1	86	1.53e-36	123
tr|A0A144RC60|A0A144RC60_ENTCL	GCF_009914055.1_WP_160619715.1	70.930	86	87	100	86	25	0	1	86	1	86	2.05e-36	123
tr|A0A144RC60|A0A144RC60_ENTCL	GCF_017498685.1_WP_038245151.1	76.744	86	86	100	86	20	0	1	86	1	86	2.10e-36	123
tr|A0A144RC60|A0A144RC60_ENTCL	GCF_002953195.1_WP_038628016.1	69.767	86	87	100	86	26	0	1	86	1	86	2.43e-36	123
tr|A0A144RC60|A0A144RC60_ENTCL	GCF_000520015.2_WP_024910172.1	69.767	86	87	100	86	26	0	1	86	1	86	2.78e-36	123
tr|A0A144RC60|A0A144RC60_ENTCL	GCF_022637475.1_WP_013574214.1	72.619	86	86	98	84	23	0	1	84	1	84	2.79e-36	123
tr|A0A144RC60|A0A144RC60_ENTCL	GCF_000233595.1_WP_013024706.1	74.118	86	86	99	85	22	0	1	85	1	85	3.33e-36	123
tr|A0A144RC60|A0A144RC60_ENTCL	GCF_009873295.1_WP_039312412.1	70.930	86	86	100	86	25	0	1	86	1	86	3.38e-36	123
tr|A0A144RC60|A0A144RC60_ENTCL	GCF_000262305.1_WP_002441069.1	80.233	86	86	100	86	17	0	1	86	1	86	3.49e-36	123
tr|A0A144RC60|A0A144RC60_ENTCL	GCF_003019925.1_WP_162185254.1	85.714	86	86	98	84	12	0	1	84	1	84	5.45e-36	122
tr|A0A144RC60|A0A144RC60_ENTCL	GCF_015999465.1_WP_085688159.1	69.412	86	86	99	85	26	0	1	85	1	85	5.99e-36	122
tr|A0A144RC60|A0A144RC60_ENTCL	GCF_017569925.1_WP_208228065.1	72.093	86	86	100	86	24	0	1	86	1	86	6.43e-36	122
tr|A0A144RC60|A0A144RC60_ENTCL	GCF_003515985.1_WP_085653101.1	70.588	86	86	99	85	25	0	1	85	1	85	6.43e-36	122
tr|A0A144RC60|A0A144RC60_ENTCL	GCF_009931295.1_WP_161528353.1	70.930	86	86	100	86	25	0	1	86	1	86	6.75e-36	122
tr|A0A144RC60|A0A144RC60_ENTCL	GCF_002101395.1_WP_085067900.1	69.767	86	87	100	86	26	0	1	86	1	86	6.98e-36	122
tr|A0A144RC60|A0A144RC60_ENTCL	GCF_000740965.1_WP_011092648.1	69.767	86	86	100	86	26	0	1	86	1	86	7.25e-36	122
tr|A0A144RC60|A0A144RC60_ENTCL	GCF_020181655.1_WP_225087160.1	69.767	86	86	100	86	26	0	1	86	1	86	8.84e-36	121
tr|A0A144RC60|A0A144RC60_ENTCL	GCF_000023545.1_WP_015854637.1	70.930	86	86	100	86	25	0	1	86	1	86	9.27e-36	121
tr|A0A144RC60|A0A144RC60_ENTCL	GCF_000025065.1_WP_012883679.1	71.765	86	86	99	85	24	0	1	85	1	85	9.96e-36	121
tr|A0A144RC60|A0A144RC60_ENTCL	GCF_016026735.1_WP_015673540.1	68.605	86	87	100	86	27	0	1	86	1	86	1.13e-35	121
tr|A0A144RC60|A0A144RC60_ENTCL	GCF_021462285.1_WP_234585968.1	70.930	86	87	100	86	25	0	1	86	1	86	1.15e-35	121
tr|A0A144RC60|A0A144RC60_ENTCL	GCF_001642805.2_WP_004931991.1	70.930	86	87	100	86	25	0	1	86	1	86	1.15e-35	121
tr|A0A144RC60|A0A144RC60_ENTCL	GCF_005484965.1_WP_009114129.1	72.093	86	86	100	86	24	0	1	86	1	86	1.27e-35	121
tr|A0A144RC60|A0A144RC60_ENTCL	GCF_011044475.1_WP_033740322.1	74.118	86	86	99	85	22	0	1	85	1	85	1.40e-35	121
tr|A0A144RC60|A0A144RC60_ENTCL	GCF_002291445.1_WP_048635886.1	72.093	86	86	100	86	24	0	1	86	1	86	1.57e-35	121
tr|A0A144RC60|A0A144RC60_ENTCL	GCF_900187015.1_WP_061796701.1	70.930	86	87	100	86	25	0	1	86	1	86	1.66e-35	121
tr|A0A144RC60|A0A144RC60_ENTCL	GCF_001742185.1_WP_005975933.1	69.767	86	86	100	86	26	0	1	86	1	86	1.85e-35	121
tr|A0A144RC60|A0A144RC60_ENTCL	GCF_023517775.1_WP_249893541.1	73.256	86	87	100	86	23	0	1	86	1	86	2.03e-35	121
tr|A0A144RC60|A0A144RC60_ENTCL	GCF_000023565.1_WP_012770818.1	70.588	86	86	99	85	25	0	1	85	1	85	2.12e-35	120
tr|A0A144RC60|A0A144RC60_ENTCL	GCF_000264765.2_WP_034163237.1	68.605	86	86	100	86	27	0	1	86	1	86	2.43e-35	120
tr|A0A144RC60|A0A144RC60_ENTCL	GCF_009817885.1_WP_105232289.1	70.930	86	87	100	86	25	0	1	86	1	86	2.81e-35	120
tr|A0A144RC60|A0A144RC60_ENTCL	GCF_020079945.1_WP_039382769.1	71.765	86	87	99	85	24	0	1	85	1	85	3.11e-35	120
tr|A0A144RC60|A0A144RC60_ENTCL	GCF_007858975.2_WP_042869176.1	70.588	86	86	99	85	25	0	1	85	1	85	3.13e-35	120
tr|A0A144RC60|A0A144RC60_ENTCL	GCF_003992745.1_WP_014700896.1	69.767	86	86	100	86	26	0	1	86	1	86	4.10e-35	120
tr|A0A144RC60|A0A144RC60_ENTCL	GCF_011617105.1_WP_025800203.1	74.419	86	86	100	86	22	0	1	86	1	86	5.00e-35	119
tr|A0A144RC60|A0A144RC60_ENTCL	GCF_000026185.1_WP_012440659.1	67.059	86	87	99	85	28	0	1	85	1	85	8.88e-35	119
tr|A0A144RC60|A0A144RC60_ENTCL	GCF_022647505.1_WP_128179458.1	68.605	86	87	100	86	27	0	1	86	1	86	9.54e-35	119
tr|A0A144RC60|A0A144RC60_ENTCL	GCF_020150375.1_WP_004094310.1	75.581	86	86	100	86	21	0	1	86	1	86	1.01e-34	119
tr|A0A144RC60|A0A144RC60_ENTCL	GCF_000196615.1_WP_013200864.1	70.930	86	87	100	86	25	0	1	86	1	86	1.13e-34	119
tr|A0A144RC60|A0A144RC60_ENTCL	GCF_001010285.1_WP_046974061.1	69.767	86	88	100	86	26	0	1	86	1	86	1.46e-34	118
tr|A0A144RC60|A0A144RC60_ENTCL	GCF_019890955.1_WP_211725887.1	70.588	86	87	99	85	25	0	1	85	1	85	1.51e-34	118
tr|A0A144RC60|A0A144RC60_ENTCL	GCF_002812485.1_WP_038661467.1	70.588	86	86	99	85	25	0	1	85	1	85	1.60e-34	118
tr|A0A144RC60|A0A144RC60_ENTCL	GCF_017348915.1_WP_040077077.1	90.698	86	86	100	86	8	0	1	86	1	86	2.09e-34	118
tr|A0A144RC60|A0A144RC60_ENTCL	GCF_002291425.1_WP_095847471.1	67.442	86	87	100	86	28	0	1	86	1	86	2.70e-34	118
tr|A0A144RC60|A0A144RC60_ENTCL	GCF_000147055.1_WP_022632468.1	70.588	86	86	99	85	25	0	1	85	1	85	2.74e-34	118
tr|A0A144RC60|A0A144RC60_ENTCL	GCF_021733145.1_WP_012847629.1	67.857	86	86	98	84	27	0	1	84	1	84	2.80e-34	118
tr|A0A144RC60|A0A144RC60_ENTCL	GCF_019090985.1_WP_036781226.1	66.279	86	88	100	86	29	0	1	86	1	86	3.41e-34	118
tr|A0A144RC60|A0A144RC60_ENTCL	GCF_004792415.1_WP_013356856.1	69.048	86	86	98	84	26	0	1	84	1	84	3.62e-34	117
tr|A0A144RC60|A0A144RC60_ENTCL	GCF_902387845.1_WP_004237241.1	65.116	86	88	100	86	30	0	1	86	1	86	4.00e-34	117
tr|A0A144RC60|A0A144RC60_ENTCL	GCF_019047765.1_WP_040230035.1	87.209	86	86	100	86	11	0	1	86	1	86	4.17e-34	117
tr|A0A144RC60|A0A144RC60_ENTCL	GCF_000196475.1_WP_012776850.1	66.279	86	88	100	86	29	0	1	86	1	86	4.40e-34	117
tr|A0A144RC60|A0A144RC60_ENTCL	GCF_003403135.1_WP_024104894.1	70.588	86	86	99	85	25	0	1	85	1	85	5.64e-34	117
tr|A0A144RC60|A0A144RC60_ENTCL	GCF_022592395.1_WP_047255099.1	56.977	86	87	100	86	37	0	1	86	1	86	7.18e-34	117
tr|A0A144RC60|A0A144RC60_ENTCL	GCF_003204135.1_WP_004908806.1	60.465	86	87	100	86	34	0	1	86	1	86	7.30e-34	117
tr|A0A144RC60|A0A144RC60_ENTCL	GCF_020541225.1_WP_226811316.1	58.333	86	86	98	84	35	0	1	84	1	84	8.67e-34	116
tr|A0A144RC60|A0A144RC60_ENTCL	GCF_900475855.1_WP_068441311.1	61.628	86	87	100	86	33	0	1	86	1	86	1.46e-33	116
tr|A0A144RC60|A0A144RC60_ENTCL	GCF_025946765.1_WP_264497926.1	68.235	86	86	99	85	27	0	1	85	1	85	1.77e-33	116
tr|A0A144RC60|A0A144RC60_ENTCL	GCF_020683125.1_WP_133842177.1	70.115	86	88	100	87	25	1	1	86	1	87	2.14e-33	115
tr|A0A144RC60|A0A144RC60_ENTCL	GCF_002843235.3_WP_102139922.1	61.628	86	87	100	86	33	0	1	86	1	86	2.37e-33	115
tr|A0A144RC60|A0A144RC60_ENTCL	GCF_019048385.1_WP_062759648.1	67.857	86	86	98	84	27	0	1	84	1	84	2.97e-33	115
tr|A0A144RC60|A0A144RC60_ENTCL	GCF_019844095.1_WP_062747070.1	70.115	86	88	100	87	25	1	1	86	1	87	3.23e-33	115
tr|A0A144RC60|A0A144RC60_ENTCL	GCF_002393505.1_WP_006658392.1	58.140	86	87	100	86	36	0	1	86	1	86	3.28e-33	115
tr|A0A144RC60|A0A144RC60_ENTCL	GCF_029277985.1_WP_154623766.1	60.465	86	87	100	86	34	0	1	86	1	86	3.49e-33	115
tr|A0A144RC60|A0A144RC60_ENTCL	GCF_000196155.1_WP_011145066.1	65.116	86	88	100	86	30	0	1	86	1	86	3.58e-33	115
tr|A0A144RC60|A0A144RC60_ENTCL	GCF_004768525.1_WP_026822068.1	58.140	86	88	100	86	36	0	1	86	1	86	4.01e-33	115
tr|A0A144RC60|A0A144RC60_ENTCL	GCF_009646115.1_WP_008925644.1	69.048	86	86	98	84	26	0	1	84	1	84	4.12e-33	115
tr|A0A144RC60|A0A144RC60_ENTCL	GCF_000517405.1_WP_038469034.1	59.259	86	83	94	81	33	0	4	84	1	81	4.72e-33	114
tr|A0A144RC60|A0A144RC60_ENTCL	GCF_020268605.1_WP_180560445.1	59.302	86	88	100	86	35	0	1	86	1	86	5.73e-33	114
tr|A0A144RC60|A0A144RC60_ENTCL	GCF_000261045.2_WP_006318653.1	65.116	86	87	100	86	30	0	1	86	1	86	8.11e-33	114
tr|A0A144RC60|A0A144RC60_ENTCL	GCF_000091565.1_WP_004159420.1	65.476	86	87	98	84	29	0	1	84	1	84	9.13e-33	114
tr|A0A144RC60|A0A144RC60_ENTCL	GCF_900638135.1_WP_012146468.1	65.116	86	87	100	86	30	0	1	86	1	86	1.01e-32	114
tr|A0A144RC60|A0A144RC60_ENTCL	GCF_011045835.1_WP_075671674.1	57.831	86	86	97	83	35	0	1	83	1	83	1.03e-32	114
tr|A0A144RC60|A0A144RC60_ENTCL	GCF_009831665.3_WP_006709226.1	62.791	86	87	100	86	32	0	1	86	1	86	1.41e-32	113
tr|A0A144RC60|A0A144RC60_ENTCL	GCF_022647325.1_WP_111140597.1	67.857	86	86	98	84	27	0	1	84	1	84	1.49e-32	113
tr|A0A144RC60|A0A144RC60_ENTCL	GCF_013460135.1_WP_180816665.1	58.140	86	88	100	86	36	0	1	86	1	86	1.50e-32	113
tr|A0A144RC60|A0A144RC60_ENTCL	GCF_017743015.1_WP_209027287.1	59.302	86	88	100	86	35	0	1	86	1	86	1.60e-32	113
tr|A0A144RC60|A0A144RC60_ENTCL	GCF_000968195.1_WP_045972480.1	62.069	86	87	100	87	32	1	1	86	1	87	2.19e-32	113
tr|A0A144RC60|A0A144RC60_ENTCL	GCF_002504285.1_WP_005282992.1	66.279	86	86	100	86	29	0	1	86	1	86	2.27e-32	113
tr|A0A144RC60|A0A144RC60_ENTCL	GCF_022369495.1_WP_072064250.1	56.627	86	86	97	83	36	0	1	83	1	83	2.29e-32	113
tr|A0A144RC60|A0A144RC60_ENTCL	GCF_000069965.1_WP_004245453.1	56.627	86	86	97	83	36	0	1	83	1	83	2.77e-32	112
tr|A0A144RC60|A0A144RC60_ENTCL	GCF_021365465.1_WP_016190321.1	68.605	86	87	100	86	27	0	1	86	1	86	3.39e-32	112
tr|A0A144RC60|A0A144RC60_ENTCL	GCF_020342335.1_WP_067428135.1	67.857	86	87	98	84	27	0	1	84	1	84	3.39e-32	112
tr|A0A144RC60|A0A144RC60_ENTCL	GCF_001721185.1_WP_069317984.1	60.465	86	87	100	86	34	0	1	86	1	86	3.94e-32	112
tr|A0A144RC60|A0A144RC60_ENTCL	GCF_000214235.1_WP_004952197.1	66.667	86	85	98	84	28	0	3	86	1	84	5.14e-32	112
tr|A0A144RC60|A0A144RC60_ENTCL	GCF_002952315.1_WP_012667243.1	67.059	86	87	99	85	28	0	1	85	1	85	8.19e-32	111
tr|A0A144RC60|A0A144RC60_ENTCL	GCF_016026395.1_WP_024524235.1	65.116	86	86	100	86	30	0	1	86	1	86	9.65e-32	111
tr|A0A144RC60|A0A144RC60_ENTCL	GCF_001006005.1_WP_223499701.1	65.476	86	85	98	84	29	0	3	86	1	84	1.36e-31	111
tr|A0A144RC60|A0A144RC60_ENTCL	GCF_008364325.2_WP_230090436.1	65.476	86	85	98	84	29	0	3	86	1	84	1.73e-31	110
tr|A0A144RC60|A0A144RC60_ENTCL	GCF_014295015.1_WP_013185414.1	59.770	86	87	100	87	34	1	1	86	1	87	5.09e-31	109
tr|A0A144RC60|A0A144RC60_ENTCL	GCF_004295645.1_WP_228350951.1	65.882	86	88	98	85	28	1	1	84	1	85	8.62e-31	109
tr|A0A144RC60|A0A144RC60_ENTCL	GCF_000968175.1_WP_045959360.1	57.471	86	88	100	87	36	1	1	86	1	87	9.34e-31	109
tr|A0A144RC60|A0A144RC60_ENTCL	GCF_005671395.1_WP_138095872.1	69.620	86	86	92	79	24	0	1	79	1	79	9.37e-31	109
tr|A0A144RC60|A0A144RC60_ENTCL	GCF_004116975.1_WP_064720954.1	59.036	86	86	97	83	34	0	1	83	1	83	1.74e-30	108
tr|A0A144RC60|A0A144RC60_ENTCL	GCF_900478135.1_WP_111739359.1	64.706	86	88	98	85	29	1	1	84	1	85	2.20e-30	108
tr|A0A144RC60|A0A144RC60_ENTCL	GCF_004353845.1_WP_103770713.1	34.483	86	93	100	87	56	1	1	86	1	87	2.55e-30	108
tr|A0A144RC60|A0A144RC60_ENTCL	GCF_003096015.2_WP_230514010.1	65.882	86	88	98	85	28	1	1	84	1	85	3.60e-30	107
tr|A0A144RC60|A0A144RC60_ENTCL	GCF_003074995.2_WP_015870269.1	60.241	86	86	97	83	33	0	1	83	1	83	5.87e-30	107
tr|A0A144RC60|A0A144RC60_ENTCL	GCF_003812345.1_WP_121571778.1	32.184	86	94	100	87	58	1	1	86	1	87	8.84e-30	106
tr|A0A144RC60|A0A144RC60_ENTCL	GCF_900638655.1_WP_047781753.1	65.882	86	88	98	85	28	1	1	84	1	85	1.24e-29	106
tr|A0A144RC60|A0A144RC60_ENTCL	GCF_001597285.1_WP_061903727.1	33.750	86	92	92	80	52	1	4	82	1	80	5.51e-29	104
tr|A0A144RC60|A0A144RC60_ENTCL	GCF_008693605.1_WP_223849061.1	31.395	86	95	99	86	58	1	1	85	2	87	7.82e-29	104
tr|A0A144RC60|A0A144RC60_ENTCL	GCF_002355475.1_WP_004421315.1	37.037	86	91	93	81	50	1	3	82	1	81	1.15e-28	103
tr|A0A144RC60|A0A144RC60_ENTCL	GCF_013200955.2_WP_173204463.1	37.037	86	91	93	81	50	1	3	82	1	81	1.32e-28	103
tr|A0A144RC60|A0A144RC60_ENTCL	GCF_024205225.1_WP_195881696.1	33.750	86	90	92	80	52	1	4	82	1	80	1.72e-28	103
tr|A0A144RC60|A0A144RC60_ENTCL	GCF_000733715.2_WP_017362912.1	35.000	86	90	92	80	51	1	4	82	1	80	2.82e-28	102
tr|A0A144RC60|A0A144RC60_ENTCL	GCF_900682675.2_WP_069898892.1	36.250	86	94	92	80	50	1	4	82	1	80	3.08e-28	102
tr|A0A144RC60|A0A144RC60_ENTCL	GCF_008693645.1_WP_137347870.1	32.184	86	89	100	87	58	1	1	86	1	87	3.35e-28	102
tr|A0A144RC60|A0A144RC60_ENTCL	GCF_000297075.2_WP_003461742.1	35.000	86	90	92	80	51	1	4	82	1	80	3.87e-28	102
tr|A0A144RC60|A0A144RC60_ENTCL	GCF_013409125.2_WP_099525265.1	35.000	86	90	92	80	51	1	4	82	1	80	8.23e-28	101
tr|A0A144RC60|A0A144RC60_ENTCL	GCF_001708425.1_WP_055136127.1	35.000	86	94	92	80	51	1	4	82	1	80	1.34e-27	101
tr|A0A144RC60|A0A144RC60_ENTCL	GCF_021029445.1_WP_230924827.1	31.646	86	89	92	79	54	0	4	82	1	79	1.54e-27	100
tr|A0A144RC60|A0A144RC60_ENTCL	GCF_017167985.1_WP_093053415.1	30.000	86	92	92	80	55	1	4	82	1	80	1.82e-27	100
tr|A0A144RC60|A0A144RC60_ENTCL	GCF_013423785.1_WP_180308358.1	39.773	86	88	98	88	49	1	1	84	1	88	2.43e-27	100
tr|A0A144RC60|A0A144RC60_ENTCL	GCF_001594225.2_WP_064379396.1	35.000	86	92	92	80	51	1	4	82	1	80	3.25e-27	100
tr|A0A144RC60|A0A144RC60_ENTCL	GCF_017167985.1_WP_079784061.1	35.000	86	90	92	80	51	1	4	82	1	80	9.29e-27	98.9
tr|A0A144RC60|A0A144RC60_ENTCL	GCF_008033135.1_WP_148717358.1	26.582	86	87	92	79	58	0	4	82	1	79	1.06e-26	98.9
tr|A0A144RC60|A0A144RC60_ENTCL	GCF_008807375.1_WP_151138908.1	35.802	86	91	93	81	51	1	3	82	1	81	1.21e-26	98.6
tr|A0A144RC60|A0A144RC60_ENTCL	GCF_004684345.1_WP_135321947.1	35.802	86	93	93	81	51	1	1	80	1	81	1.33e-26	98.6
tr|A0A144RC60|A0A144RC60_ENTCL	GCF_012767755.2_WP_173176508.1	32.500	86	91	92	80	50	2	4	82	1	77	1.48e-26	98.6
tr|A0A144RC60|A0A144RC60_ENTCL	GCF_017915135.1_WP_210390879.1	33.750	86	90	92	80	52	1	4	82	1	80	2.80e-26	97.8
tr|A0A144RC60|A0A144RC60_ENTCL	GCF_017329545.1_WP_047884589.1	31.765	86	95	98	85	57	1	3	86	1	85	2.98e-26	97.8
tr|A0A144RC60|A0A144RC60_ENTCL	GCF_011397855.1_WP_044414183.1	36.250	86	90	92	80	50	1	4	82	1	80	4.59e-26	97.2
tr|A0A144RC60|A0A144RC60_ENTCL	GCF_025402875.1_WP_011791024.1	31.250	86	90	92	80	54	1	4	82	1	80	5.09e-26	97.2
tr|A0A144RC60|A0A144RC60_ENTCL	GCF_014524625.1_WP_009050814.1	27.500	86	92	92	80	57	1	4	82	1	80	1.24e-25	96.1
tr|A0A144RC60|A0A144RC60_ENTCL	GCF_019047765.1_WP_040231149.1	30.233	86	89	99	86	59	1	1	85	1	86	1.52e-25	95.8
tr|A0A144RC60|A0A144RC60_ENTCL	GCF_000178875.2_WP_012197738.1	31.250	86	90	92	80	54	1	4	82	1	80	1.57e-25	95.8
tr|A0A144RC60|A0A144RC60_ENTCL	GCF_016834455.1_WP_203325205.1	41.096	86	86	84	73	42	1	4	75	1	73	2.72e-25	95.2
tr|A0A144RC60|A0A144RC60_ENTCL	GCF_003957745.1_WP_126168493.1	38.750	86	87	92	80	48	1	4	82	1	80	2.72e-25	95.2
tr|A0A144RC60|A0A144RC60_ENTCL	GCF_024971755.1_WP_259474826.1	31.250	86	88	92	80	54	1	4	82	1	80	7.60e-25	94.1
tr|A0A144RC60|A0A144RC60_ENTCL	GCF_020991025.1_WP_152109250.1	42.308	86	83	90	78	44	1	3	79	1	78	8.76e-25	93.8
tr|A0A144RC60|A0A144RC60_ENTCL	GCF_019670705.1_WP_100146025.1	37.500	86	92	92	80	49	1	4	82	1	80	1.09e-24	93.8
tr|A0A144RC60|A0A144RC60_ENTCL	GCF_000015245.1_WP_011761423.1	38.750	86	86	92	80	48	1	4	82	1	80	1.15e-24	93.5
tr|A0A144RC60|A0A144RC60_ENTCL	GCF_009730655.1_WP_156020461.1	37.500	86	92	92	80	49	1	4	82	1	80	1.32e-24	93.5
tr|A0A144RC60|A0A144RC60_ENTCL	GCF_002355475.1_WP_003455993.1	28.571	86	90	88	77	54	1	7	82	2	78	2.40e-24	93.0
tr|A0A144RC60|A0A144RC60_ENTCL	GCF_012767755.2_WP_173171843.1	32.500	86	90	92	80	53	1	4	82	1	80	3.71e-24	92.4
tr|A0A144RC60|A0A144RC60_ENTCL	GCF_017354925.1_WP_207321174.1	37.500	86	87	92	80	49	1	4	82	1	80	4.95e-24	92.1
tr|A0A144RC60|A0A144RC60_ENTCL	GCF_024346675.1_WP_048897676.1	26.190	86	86	97	84	61	1	3	85	1	84	9.03e-24	91.3
tr|A0A144RC60|A0A144RC60_ENTCL	GCF_004358345.1_WP_121852852.1	35.714	86	76	80	70	44	1	3	71	1	70	1.15e-23	90.7
tr|A0A144RC60|A0A144RC60_ENTCL	GCF_017354965.1_WP_207380278.1	36.250	86	87	92	80	50	1	4	82	1	80	1.23e-23	91.0
tr|A0A144RC60|A0A144RC60_ENTCL	GCF_008807375.1_WP_151133519.1	25.974	86	90	88	77	56	1	7	82	2	78	1.45e-23	91.0
tr|A0A144RC60|A0A144RC60_ENTCL	GCF_029457395.1_WP_024766443.1	32.143	86	92	92	84	52	1	4	82	1	84	2.55e-23	90.2
tr|A0A144RC60|A0A144RC60_ENTCL	GCF_024347355.1_WP_105024956.1	25.610	86	83	90	82	56	2	10	86	2	83	3.52e-23	89.9
tr|A0A144RC60|A0A144RC60_ENTCL	GCF_016026875.1_WP_045525981.1	37.143	86	89	81	70	41	1	4	73	1	67	4.52e-23	89.6
tr|A0A144RC60|A0A144RC60_ENTCL	GCF_024347475.1_WP_239840920.1	27.160	86	83	88	81	54	2	10	85	2	82	5.50e-23	89.3
tr|A0A144RC60|A0A144RC60_ENTCL	GCF_002215585.1_WP_088903590.1	26.582	86	89	92	79	58	0	4	82	1	79	5.56e-23	89.3
tr|A0A144RC60|A0A144RC60_ENTCL	GCF_000014885.1_WP_020912292.1	35.000	86	87	92	80	51	1	4	82	1	80	6.75e-23	89.0
tr|A0A144RC60|A0A144RC60_ENTCL	GCF_020405345.1_WP_017780573.1	36.620	86	89	83	71	42	1	4	74	1	68	8.40e-23	89.0
tr|A0A144RC60|A0A144RC60_ENTCL	GCF_003584645.1_WP_197716612.1	24.390	86	80	91	82	55	2	3	80	1	79	9.47e-23	88.5
tr|A0A144RC60|A0A144RC60_ENTCL	GCF_012971725.1_WP_169940133.1	32.143	86	92	92	84	52	1	4	82	1	84	2.01e-22	87.9
tr|A0A144RC60|A0A144RC60_ENTCL	GCF_003025345.2_WP_003155955.1	34.091	86	91	95	88	52	1	4	85	1	88	2.28e-22	87.9
tr|A0A144RC60|A0A144RC60_ENTCL	GCF_002005305.1_WP_077753428.1	33.750	86	86	92	80	52	1	4	82	1	80	2.33e-22	87.6
tr|A0A144RC60|A0A144RC60_ENTCL	GCF_020149575.1_WP_224431657.1	33.803	86	85	83	71	44	1	4	74	1	68	3.74e-22	87.1
tr|A0A144RC60|A0A144RC60_ENTCL	GCF_006742785.1_WP_172630283.1	26.582	86	88	91	79	57	1	8	85	3	81	4.10e-22	87.1
tr|A0A144RC60|A0A144RC60_ENTCL	GCF_002204915.1_WP_052690899.1	27.500	86	101	87	80	53	2	10	84	21	100	4.73e-22	87.4
tr|A0A144RC60|A0A144RC60_ENTCL	GCF_009938225.1_WP_075649723.1	32.911	86	82	86	79	48	2	10	83	2	80	5.28e-22	86.8
tr|A0A144RC60|A0A144RC60_ENTCL	GCF_006337165.1_WP_139515111.1	31.325	86	82	91	83	49	2	3	80	1	80	8.30e-22	86.2
tr|A0A144RC60|A0A144RC60_ENTCL	GCF_020423125.1_WP_226170850.1	35.211	86	84	83	71	43	1	4	74	1	68	1.12e-21	86.0
tr|A0A144RC60|A0A144RC60_ENTCL	GCF_028355655.1_WP_087756847.1	36.842	86	84	66	57	36	0	4	60	1	57	1.52e-21	85.7
tr|A0A144RC60|A0A144RC60_ENTCL	GCF_004355185.1_WP_133271280.1	31.250	86	81	87	80	47	2	4	78	1	77	1.64e-21	85.4
tr|A0A144RC60|A0A144RC60_ENTCL	GCF_000146165.2_WP_164925808.1	29.630	86	89	92	81	55	2	4	82	1	81	2.38e-21	85.1
tr|A0A144RC60|A0A144RC60_ENTCL	GCF_900637545.1_WP_042651794.1	35.211	86	84	83	71	43	1	4	74	1	68	2.40e-21	85.1
tr|A0A144RC60|A0A144RC60_ENTCL	GCF_001596155.1_WP_068342236.1	27.273	86	90	85	77	49	2	3	75	1	74	2.73e-21	85.1
tr|A0A144RC60|A0A144RC60_ENTCL	GCF_022371215.1_WP_239718047.1	26.829	86	83	90	82	55	2	10	86	2	83	3.06e-21	84.8
tr|A0A144RC60|A0A144RC60_ENTCL	GCF_001677435.1_WP_068615618.1	33.766	86	90	87	77	48	3	3	77	1	76	3.17e-21	84.8
tr|A0A144RC60|A0A144RC60_ENTCL	GCF_027625995.1_WP_270126807.1	29.630	86	82	88	81	49	2	3	78	1	78	3.70e-21	84.5
tr|A0A144RC60|A0A144RC60_ENTCL	GCF_008693705.1_WP_127008315.1	34.286	86	84	81	70	43	1	4	73	1	67	4.67e-21	84.3
tr|A0A144RC60|A0A144RC60_ENTCL	GCF_000801295.1_WP_171816254.1	30.380	86	99	88	79	52	1	1	76	1	79	5.13e-21	84.5
tr|A0A144RC60|A0A144RC60_ENTCL	GCF_016127195.1_WP_042032742.1	31.429	86	89	81	70	45	1	4	73	1	67	5.56e-21	84.3
tr|A0A144RC60|A0A144RC60_ENTCL	GCF_000016065.1_WP_011864074.1	30.000	86	93	92	80	54	2	4	82	1	79	5.57e-21	84.3
tr|A0A144RC60|A0A144RC60_ENTCL	GCF_003966655.1_WP_113527441.1	28.169	86	77	83	71	51	0	3	73	1	71	6.46e-21	84.0
tr|A0A144RC60|A0A144RC60_ENTCL	GCF_014905115.1_WP_193151849.1	27.848	86	81	86	79	52	2	10	83	2	80	7.49e-21	83.7
tr|A0A144RC60|A0A144RC60_ENTCL	GCF_013462805.1_WP_009566961.1	26.761	86	77	83	71	52	0	3	73	1	71	8.01e-21	83.7
tr|A0A144RC60|A0A144RC60_ENTCL	GCF_000968535.2_WP_014147785.1	25.000	86	84	87	76	55	2	8	82	4	78	8.21e-21	83.7
tr|A0A144RC60|A0A144RC60_ENTCL	GCF_001020955.1_WP_047250467.1	34.177	86	82	87	79	48	2	1	75	1	79	1.24e-20	83.1
tr|A0A144RC60|A0A144RC60_ENTCL	GCF_001558255.2_WP_005504861.1	32.099	86	82	87	81	49	3	10	84	2	82	1.52e-20	83.1
tr|A0A144RC60|A0A144RC60_ENTCL	GCF_013283835.1_WP_071626507.1	28.571	86	83	86	77	49	2	3	76	1	74	1.55e-20	83.1
tr|A0A144RC60|A0A144RC60_ENTCL	GCF_003015165.1_WP_106887831.1	33.803	86	84	83	71	44	1	4	74	1	68	1.90e-20	82.9
tr|A0A144RC60|A0A144RC60_ENTCL	GCF_010093065.1_WP_238430213.1	26.582	86	83	87	79	51	2	1	75	2	77	2.94e-20	82.3
tr|A0A144RC60|A0A144RC60_ENTCL	GCF_024360925.2_WP_255188929.1	25.641	86	83	90	78	56	2	10	86	6	82	3.04e-20	82.3
tr|A0A144RC60|A0A144RC60_ENTCL	GCF_016026615.1_WP_197928313.1	30.000	86	89	81	70	46	1	4	73	1	67	3.04e-20	82.3
tr|A0A144RC60|A0A144RC60_ENTCL	GCF_002142475.1_WP_026148861.1	27.160	86	86	90	81	52	2	4	80	1	78	3.78e-20	82.0
tr|A0A144RC60|A0A144RC60_ENTCL	GCF_000009145.1_WP_041356315.1	25.974	86	90	88	77	56	1	10	85	6	82	3.90e-20	82.0
tr|A0A144RC60|A0A144RC60_ENTCL	GCF_001007875.1_WP_046858354.1	29.114	86	80	86	79	51	2	10	83	2	80	4.03e-20	82.0
tr|A0A144RC60|A0A144RC60_ENTCL	GCF_013137895.1_WP_135435790.1	30.488	86	83	90	82	48	3	1	77	1	78	4.14e-20	82.0
tr|A0A144RC60|A0A144RC60_ENTCL	GCF_019669905.1_WP_054759186.1	27.848	86	79	91	79	52	2	8	85	3	77	4.83e-20	81.7
tr|A0A144RC60|A0A144RC60_ENTCL	GCF_000576555.1_WP_044000633.1	30.769	86	83	85	78	46	2	6	78	5	79	4.89e-20	81.7
tr|A0A144RC60|A0A144RC60_ENTCL	GCF_001558415.2_WP_061055374.1	27.848	86	83	86	79	52	2	10	83	2	80	6.06e-20	81.5
tr|A0A144RC60|A0A144RC60_ENTCL	GCF_014169735.1_WP_134997272.1	32.394	86	86	83	71	45	1	4	74	1	68	6.24e-20	81.5
tr|A0A144RC60|A0A144RC60_ENTCL	GCF_009068765.1_WP_151900329.1	26.582	86	81	86	79	53	2	10	83	2	80	6.55e-20	81.5
tr|A0A144RC60|A0A144RC60_ENTCL	GCF_003574965.1_WP_119445661.1	28.395	86	82	88	81	50	2	3	78	1	78	6.56e-20	81.5
tr|A0A144RC60|A0A144RC60_ENTCL	GCF_014879975.1_WP_192888672.1	26.829	86	83	90	82	55	2	10	86	2	83	6.78e-20	81.5
tr|A0A144RC60|A0A144RC60_ENTCL	GCF_024347035.1_WP_102941394.1	26.250	86	81	87	80	54	2	10	84	2	81	7.15e-20	81.2
tr|A0A144RC60|A0A144RC60_ENTCL	GCF_000214665.1_WP_013819542.1	24.675	86	83	88	77	56	2	10	85	6	81	7.63e-20	81.2
tr|A0A144RC60|A0A144RC60_ENTCL	GCF_002407485.1_WP_096780111.1	28.750	86	81	87	80	52	2	10	84	2	81	9.00e-20	81.2
tr|A0A144RC60|A0A144RC60_ENTCL	GCF_022827545.1_WP_243798205.1	30.864	86	82	88	81	48	2	3	78	1	78	9.99e-20	80.9
tr|A0A144RC60|A0A144RC60_ENTCL	GCF_009938205.1_WP_075706454.1	31.646	86	82	86	79	49	2	10	83	2	80	9.99e-20	80.9
tr|A0A144RC60|A0A144RC60_ENTCL	GCF_003515105.1_WP_036973086.1	40.845	86	73	81	71	41	1	6	75	2	72	1.09e-19	80.6
tr|A0A144RC60|A0A144RC60_ENTCL	GCF_008329985.2_WP_149283950.1	29.114	86	81	86	79	51	2	10	83	2	80	1.14e-19	80.9
tr|A0A144RC60|A0A144RC60_ENTCL	GCF_008364325.2_WP_020826409.1	25.000	86	84	92	80	56	2	4	82	1	77	1.23e-19	80.9
tr|A0A144RC60|A0A144RC60_ENTCL	GCF_019670125.1_WP_221076876.1	27.848	86	81	86	79	52	2	10	83	2	80	1.36e-19	80.6
tr|A0A144RC60|A0A144RC60_ENTCL	GCF_009938185.1_WP_162048373.1	27.848	86	82	86	79	52	2	10	83	2	80	1.36e-19	80.6
tr|A0A144RC60|A0A144RC60_ENTCL	GCF_001007935.1_WP_046849946.1	22.785	86	84	91	79	60	1	8	85	4	82	1.38e-19	80.6
tr|A0A144RC60|A0A144RC60_ENTCL	GCF_902810445.1_WP_197744199.1	18.519	86	78	90	81	59	2	4	80	1	78	1.65e-19	80.3
tr|A0A144RC60|A0A144RC60_ENTCL	GCF_004214795.1_WP_130234502.1	20.988	86	78	91	81	58	2	3	80	1	78	2.02e-19	80.0
tr|A0A144RC60|A0A144RC60_ENTCL	GCF_004001245.1_WP_127478562.1	30.864	86	85	88	81	51	2	1	76	1	81	2.31e-19	80.0
tr|A0A144RC60|A0A144RC60_ENTCL	GCF_009755585.1_WP_157030071.1	30.488	86	85	91	82	50	2	3	80	1	79	2.79e-19	79.8
tr|A0A144RC60|A0A144RC60_ENTCL	GCF_001507645.1_WP_068195976.1	28.571	86	90	85	77	48	2	3	75	1	74	3.03e-19	79.8
tr|A0A144RC60|A0A144RC60_ENTCL	GCF_001995825.2_WP_017057338.1	24.390	86	83	90	82	57	2	10	86	2	83	3.19e-19	79.8
tr|A0A144RC60|A0A144RC60_ENTCL	GCF_000785705.2_WP_036272019.1	26.316	86	82	88	76	55	1	10	85	6	80	3.56e-19	79.5
tr|A0A144RC60|A0A144RC60_ENTCL	GCF_024347635.1_WP_139683960.1	25.610	86	83	90	82	56	2	10	86	2	83	4.21e-19	79.5
tr|A0A144RC60|A0A144RC60_ENTCL	GCF_002762215.1_WP_085750011.1	27.632	86	87	84	76	48	3	4	75	3	75	4.73e-19	79.2
tr|A0A144RC60|A0A144RC60_ENTCL	GCF_020844025.1_WP_215848879.1	29.577	86	77	83	71	50	0	3	73	1	71	4.83e-19	79.2
tr|A0A144RC60|A0A144RC60_ENTCL	GCF_024347655.1_WP_060467732.1	24.390	86	83	90	82	57	2	10	86	2	83	4.90e-19	79.2
tr|A0A144RC60|A0A144RC60_ENTCL	GCF_022811645.1_WP_243511723.1	27.848	86	90	87	79	50	2	3	77	1	76	5.07e-19	79.2
tr|A0A144RC60|A0A144RC60_ENTCL	GCF_009662475.1_WP_031573754.1	29.412	86	79	79	68	48	0	3	70	1	68	5.53e-19	78.9
tr|A0A144RC60|A0A144RC60_ENTCL	GCF_013177675.1_WP_172128285.1	23.684	86	81	85	76	52	2	3	75	1	73	5.73e-19	78.9
tr|A0A144RC60|A0A144RC60_ENTCL	GCF_024347595.1_WP_176681244.1	26.829	86	83	90	82	55	2	10	86	2	83	5.83e-19	78.9
tr|A0A144RC60|A0A144RC60_ENTCL	GCF_003258315.1_WP_111337788.1	26.582	86	88	91	79	57	1	8	85	4	82	5.92e-19	79.2
tr|A0A144RC60|A0A144RC60_ENTCL	GCF_000024005.1_WP_012793320.1	26.923	86	84	86	78	50	2	2	75	3	77	6.95e-19	78.9
tr|A0A144RC60|A0A144RC60_ENTCL	GCF_024347455.1_WP_135458404.1	25.610	86	83	90	82	56	2	10	86	2	83	7.11e-19	78.9
tr|A0A144RC60|A0A144RC60_ENTCL	GCF_000091465.1_WP_004733849.1	24.390	86	83	90	82	57	2	10	86	2	83	8.40e-19	78.6
tr|A0A144RC60|A0A144RC60_ENTCL	GCF_002214395.1_WP_010453422.1	26.250	86	81	87	80	54	2	10	84	2	81	1.35e-18	78.1
tr|A0A144RC60|A0A144RC60_ENTCL	GCF_003346815.1_WP_114840342.1	28.395	86	82	91	81	52	2	3	80	1	78	1.51e-18	78.1
tr|A0A144RC60|A0A144RC60_ENTCL	GCF_005931095.1_WP_017839868.1	23.684	86	84	87	76	56	2	8	82	4	78	1.56e-18	78.1
tr|A0A144RC60|A0A144RC60_ENTCL	GCF_008728635.1_WP_151087836.1	25.974	86	90	85	77	50	3	3	75	1	74	1.59e-18	78.1
tr|A0A144RC60|A0A144RC60_ENTCL	GCF_019670105.1_WP_040307707.1	25.316	86	81	86	79	54	2	10	83	2	80	1.73e-18	77.8
tr|A0A144RC60|A0A144RC60_ENTCL	GCF_000148645.1_WP_013347076.1	28.571	86	80	84	77	50	2	12	83	3	79	2.39e-18	77.5
tr|A0A144RC60|A0A144RC60_ENTCL	GCF_024582835.1_WP_257083279.1	26.829	86	87	90	82	55	2	10	86	2	83	2.43e-18	77.5
tr|A0A144RC60|A0A144RC60_ENTCL	GCF_000212735.1_WP_013764159.1	26.582	86	83	87	79	51	2	1	75	1	76	2.90e-18	77.2
tr|A0A144RC60|A0A144RC60_ENTCL	GCF_024347675.1_WP_261835500.1	28.750	86	81	87	80	52	2	10	84	2	81	3.73e-18	76.9
tr|A0A144RC60|A0A144RC60_ENTCL	GCF_010093065.1_WP_162331416.1	23.684	86	84	84	76	51	2	4	75	5	77	3.99e-18	76.9
tr|A0A144RC60|A0A144RC60_ENTCL	GCF_001651805.1_WP_067384150.1	35.135	86	78	80	74	43	3	4	72	1	74	4.03e-18	76.7
tr|A0A144RC60|A0A144RC60_ENTCL	GCF_024362845.1_WP_255230807.1	22.785	86	82	86	79	56	2	10	83	2	80	4.45e-18	76.7
tr|A0A144RC60|A0A144RC60_ENTCL	GCF_003990335.1_WP_127025819.1	24.286	86	91	81	70	53	0	11	80	7	76	4.81e-18	76.9
tr|A0A144RC60|A0A144RC60_ENTCL	GCF_001831495.1_WP_068547707.1	22.785	86	81	86	79	56	2	10	83	2	80	5.73e-18	76.4
tr|A0A144RC60|A0A144RC60_ENTCL	GCF_001955715.1_WP_029708890.1	28.205	86	80	86	78	49	2	4	77	1	75	6.15e-18	76.4
tr|A0A144RC60|A0A144RC60_ENTCL	GCF_003668795.1_WP_054981706.1	29.630	86	83	88	81	52	2	10	85	2	82	6.79e-18	76.4
tr|A0A144RC60|A0A144RC60_ENTCL	GCF_003149515.1_WP_109656005.1	25.974	86	90	85	77	50	2	3	75	1	74	6.91e-18	76.4
tr|A0A144RC60|A0A144RC60_ENTCL	GCF_004328865.1_WP_104643907.1	28.395	86	83	88	81	53	2	10	85	2	82	6.95e-18	76.4
tr|A0A144RC60|A0A144RC60_ENTCL	GCF_900233005.1_WP_102521318.1	25.316	86	81	86	79	54	2	10	83	2	80	7.51e-18	76.1
tr|A0A144RC60|A0A144RC60_ENTCL	GCF_003967195.1_WP_172597571.1	33.333	86	83	81	75	45	2	3	72	2	76	7.95e-18	76.1
tr|A0A144RC60|A0A144RC60_ENTCL	GCF_003353065.1_WP_114983154.1	25.610	86	84	91	82	54	3	1	78	1	79	8.09e-18	76.1
tr|A0A144RC60|A0A144RC60_ENTCL	GCF_024494545.1_WP_256384876.1	25.641	86	81	85	78	53	2	11	83	3	80	9.15e-18	75.8
tr|A0A144RC60|A0A144RC60_ENTCL	GCF_013343005.1_WP_078482823.1	35.897	86	84	85	78	45	2	3	75	1	78	1.19e-17	75.8
tr|A0A144RC60|A0A144RC60_ENTCL	GCF_002849875.1_WP_232379112.1	29.070	86	113	91	86	53	2	6	83	28	113	1.23e-17	76.1
tr|A0A144RC60|A0A144RC60_ENTCL	GCF_001456255.1_WP_020335096.1	23.750	86	81	87	80	56	2	10	84	2	81	1.38e-17	75.5
tr|A0A144RC60|A0A144RC60_ENTCL	GCF_000014765.1_WP_011633385.1	30.952	86	89	92	84	53	3	8	86	3	86	1.42e-17	75.5
tr|A0A144RC60|A0A144RC60_ENTCL	GCF_002906475.1_WP_012130247.1	24.051	86	81	86	79	55	2	10	83	2	80	1.44e-17	75.5
tr|A0A144RC60|A0A144RC60_ENTCL	GCF_020091585.1_WP_224339804.1	24.675	86	82	85	77	51	3	4	76	1	74	1.48e-17	75.5
tr|A0A144RC60|A0A144RC60_ENTCL	GCF_000021985.1_WP_012639500.1	33.784	86	82	80	74	44	2	3	71	1	74	1.54e-17	75.3
tr|A0A144RC60|A0A144RC60_ENTCL	GCF_018736065.1_WP_144074266.1	27.941	86	76	79	68	45	2	7	74	10	73	1.59e-17	75.3
tr|A0A144RC60|A0A144RC60_ENTCL	GCF_008369605.1_WP_000253074.1	29.114	86	81	86	79	51	2	10	83	2	80	1.73e-17	75.3
tr|A0A144RC60|A0A144RC60_ENTCL	GCF_002221525.1_WP_089349457.1	29.630	86	83	88	81	52	2	10	85	2	82	1.76e-17	75.3
tr|A0A144RC60|A0A144RC60_ENTCL	GCF_003346775.1_WP_114843067.1	23.377	86	84	86	77	53	2	3	76	1	74	1.80e-17	75.3
tr|A0A144RC60|A0A144RC60_ENTCL	GCF_003970675.1_WP_126615366.1	27.941	86	76	79	68	45	2	7	74	10	73	1.86e-17	75.0
tr|A0A144RC60|A0A144RC60_ENTCL	GCF_009938015.1_WP_223264517.1	30.380	86	90	86	79	50	3	1	74	1	79	2.03e-17	75.3
tr|A0A144RC60|A0A144RC60_ENTCL	GCF_013177635.1_WP_129095542.1	25.676	86	72	83	74	49	2	3	73	1	71	2.16e-17	74.7
tr|A0A144RC60|A0A144RC60_ENTCL	GCF_002021755.1_WP_005434844.1	24.051	86	81	86	79	55	2	10	83	2	80	2.21e-17	75.0
tr|A0A144RC60|A0A144RC60_ENTCL	GCF_003544915.1_WP_118918525.1	27.632	86	73	85	76	49	2	3	75	1	73	2.46e-17	74.7
tr|A0A144RC60|A0A144RC60_ENTCL	GCF_000238395.3_WP_010553578.1	27.160	86	83	88	81	54	2	10	85	2	82	2.58e-17	74.7
tr|A0A144RC60|A0A144RC60_ENTCL	GCF_004421105.1_WP_134356453.1	20.253	86	80	87	79	56	3	4	78	1	76	2.80e-17	74.7
tr|A0A144RC60|A0A144RC60_ENTCL	GCF_007197555.1_WP_144048375.1	29.070	86	94	92	86	54	3	4	82	1	86	2.95e-17	75.0
tr|A0A144RC60|A0A144RC60_ENTCL	GCF_010119975.1_WP_162445115.1	25.882	86	365	94	85	55	2	4	84	8	88	3.04e-17	79.5
tr|A0A144RC60|A0A144RC60_ENTCL	GCF_016613475.2_WP_200606805.1	20.253	86	90	87	79	56	2	4	78	5	80	3.07e-17	74.7
tr|A0A144RC60|A0A144RC60_ENTCL	GCF_001999225.1_WP_077537996.1	23.457	86	82	88	81	57	2	10	85	2	82	3.21e-17	74.4
tr|A0A144RC60|A0A144RC60_ENTCL	GCF_024746855.1_WP_260492542.1	29.487	86	79	86	78	51	1	10	83	2	79	3.31e-17	74.4
tr|A0A144RC60|A0A144RC60_ENTCL	GCF_005877035.1_WP_039486662.1	28.395	86	83	88	81	53	2	10	85	2	82	3.48e-17	74.4
tr|A0A144RC60|A0A144RC60_ENTCL	GCF_008122265.1_WP_148863603.1	20.779	86	84	85	77	54	2	4	76	1	74	3.60e-17	74.4
tr|A0A144RC60|A0A144RC60_ENTCL	GCF_013201725.1_WP_014475480.1	29.730	86	74	83	74	46	2	3	73	1	71	3.99e-17	74.1
tr|A0A144RC60|A0A144RC60_ENTCL	GCF_019670485.1_WP_221071211.1	25.316	86	81	86	79	54	2	10	83	2	80	4.27e-17	74.1
tr|A0A144RC60|A0A144RC60_ENTCL	GCF_002355735.1_WP_096359192.1	28.947	86	83	84	76	50	2	4	75	7	82	4.42e-17	74.1
tr|A0A144RC60|A0A144RC60_ENTCL	GCF_000770115.1_WP_069687890.1	22.785	86	81	86	79	56	2	10	83	2	80	4.55e-17	74.1
tr|A0A144RC60|A0A144RC60_ENTCL	GCF_002355415.1_WP_148665551.1	32.877	86	87	80	73	45	2	6	74	13	85	4.97e-17	74.1
tr|A0A144RC60|A0A144RC60_ENTCL	GCF_002557795.1_WP_098194977.1	26.316	86	89	81	76	47	2	6	75	7	79	4.98e-17	74.1
tr|A0A144RC60|A0A144RC60_ENTCL	GCF_003063625.1_WP_108601906.1	25.974	86	85	86	77	54	1	10	83	5	81	5.24e-17	74.1
tr|A0A144RC60|A0A144RC60_ENTCL	GCF_013201935.1_WP_129014602.1	25.676	86	72	83	74	49	2	3	73	1	71	7.77e-17	73.3
tr|A0A144RC60|A0A144RC60_ENTCL	GCF_000143085.1_WP_013221711.1	20.253	86	82	87	79	56	3	4	78	1	76	7.95e-17	73.6
tr|A0A144RC60|A0A144RC60_ENTCL	GCF_000828615.1_WP_041064380.1	34.177	86	80	86	79	47	3	1	74	1	79	8.79e-17	73.3
tr|A0A144RC60|A0A144RC60_ENTCL	GCF_000772105.1_WP_004748349.1	27.632	86	81	87	76	54	1	10	84	2	77	9.23e-17	73.3
tr|A0A144RC60|A0A144RC60_ENTCL	GCF_000940995.1_WP_082060442.1	27.059	86	93	98	85	61	1	3	86	1	85	9.62e-17	73.6
tr|A0A144RC60|A0A144RC60_ENTCL	GCF_008931805.1_WP_019441510.1	23.750	86	81	87	80	56	2	10	84	2	81	1.14e-16	73.0
tr|A0A144RC60|A0A144RC60_ENTCL	GCF_002215215.1_WP_088918776.1	41.429	86	101	80	70	39	2	5	73	15	83	1.15e-16	73.6
tr|A0A144RC60|A0A144RC60_ENTCL	GCF_015209785.1_WP_193988300.1	42.647	86	73	78	68	38	1	6	72	2	69	1.17e-16	73.0
tr|A0A144RC60|A0A144RC60_ENTCL	GCF_000024825.1_WP_005460845.1	23.750	86	81	87	80	56	2	10	84	2	81	1.49e-16	72.7
tr|A0A144RC60|A0A144RC60_ENTCL	GCF_001455205.1_WP_062560013.1	23.377	86	84	88	77	57	2	10	85	6	81	1.58e-16	72.7
tr|A0A144RC60|A0A144RC60_ENTCL	GCF_008807855.1_WP_063240334.1	21.795	86	83	86	78	54	2	2	75	3	77	1.59e-16	72.7
tr|A0A144RC60|A0A144RC60_ENTCL	GCF_023733635.1_WP_039959400.1	29.268	86	89	90	82	53	2	4	80	1	82	1.75e-16	72.7
tr|A0A144RC60|A0A144RC60_ENTCL	GCF_024347495.1_WP_137371745.1	25.316	86	80	86	79	54	2	10	83	2	80	1.84e-16	72.4
tr|A0A144RC60|A0A144RC60_ENTCL	GCF_024347195.1_WP_271272618.1	34.247	86	77	80	73	44	3	4	72	1	73	1.99e-16	72.4
tr|A0A144RC60|A0A144RC60_ENTCL	GCF_019703835.1_WP_087020305.1	32.911	86	79	87	79	46	2	12	86	3	78	2.10e-16	72.4
tr|A0A144RC60|A0A144RC60_ENTCL	GCF_024347275.1_WP_019620968.1	26.829	86	82	90	82	55	3	4	80	1	82	2.11e-16	72.4
tr|A0A144RC60|A0A144RC60_ENTCL	GCF_002356115.1_WP_096526481.1	17.284	86	78	90	81	60	2	4	80	1	78	2.73e-16	72.2
tr|A0A144RC60|A0A144RC60_ENTCL	GCF_002218045.2_WP_089137819.1	37.500	86	79	79	72	41	2	6	73	5	76	2.85e-16	72.2
tr|A0A144RC60|A0A144RC60_ENTCL	GCF_000012805.1_WP_011330264.1	18.987	86	85	87	79	57	3	4	78	1	76	3.08e-16	72.2
tr|A0A144RC60|A0A144RC60_ENTCL	GCF_019797925.1_WP_193521737.1	31.169	86	80	85	77	49	1	11	83	3	79	3.34e-16	71.9
tr|A0A144RC60|A0A144RC60_ENTCL	GCF_000317125.1_WP_015155280.1	22.500	86	81	88	80	55	3	4	79	1	77	3.95e-16	71.9
tr|A0A144RC60|A0A144RC60_ENTCL	GCF_006364355.1_WP_004727652.1	22.785	86	83	86	79	56	2	10	83	2	80	4.35e-16	71.6
tr|A0A144RC60|A0A144RC60_ENTCL	GCF_004028275.1_WP_128384077.1	24.286	86	77	77	70	49	2	9	74	2	71	4.61e-16	71.6
tr|A0A144RC60|A0A144RC60_ENTCL	GCF_000026085.1_WP_041454550.1	38.028	86	73	80	71	41	3	6	74	2	71	5.71e-16	71.3
tr|A0A144RC60|A0A144RC60_ENTCL	GCF_000019525.1_WP_012323084.1	27.632	86	81	87	76	54	1	10	84	2	77	5.83e-16	71.3
tr|A0A144RC60|A0A144RC60_ENTCL	GCF_001442805.1_WP_057942092.1	24.324	86	88	81	74	49	2	5	74	6	76	5.83e-16	71.3
tr|A0A144RC60|A0A144RC60_ENTCL	GCF_013201665.1_WP_128359868.1	24.390	86	81	92	82	56	2	3	81	1	79	6.11e-16	71.3
tr|A0A144RC60|A0A144RC60_ENTCL	GCF_005166025.1_WP_137090244.1	28.947	86	84	84	76	47	2	3	74	1	73	6.74e-16	71.3
tr|A0A144RC60|A0A144RC60_ENTCL	GCF_008632455.1_WP_150048082.1	25.333	86	84	86	75	54	2	9	82	5	78	6.80e-16	71.3
tr|A0A144RC60|A0A144RC60_ENTCL	GCF_002887615.1_WP_038869703.1	22.785	86	81	86	79	56	2	10	83	2	80	6.83e-16	71.0
tr|A0A144RC60|A0A144RC60_ENTCL	GCF_001431725.1_WP_021820278.1	25.000	86	81	87	80	55	2	10	84	2	81	7.16e-16	71.0
tr|A0A144RC60|A0A144RC60_ENTCL	GCF_001956695.1_WP_076086034.1	24.051	86	77	87	79	53	2	7	81	2	77	8.64e-16	70.8
tr|A0A144RC60|A0A144RC60_ENTCL	GCF_000321415.2_WP_015260329.1	32.941	86	93	94	85	53	2	1	81	1	85	1.08e-15	70.8
tr|A0A144RC60|A0A144RC60_ENTCL	GCF_024347255.1_WP_091360415.1	32.432	86	79	80	74	45	2	4	72	1	74	1.25e-15	70.5
tr|A0A144RC60|A0A144RC60_ENTCL	GCF_026427595.1_WP_251812951.1	26.250	86	88	87	80	54	2	12	86	7	86	1.28e-15	70.5
tr|A0A144RC60|A0A144RC60_ENTCL	GCF_001050135.1_WP_048644179.1	25.316	86	88	87	79	52	3	1	75	1	76	1.41e-15	70.5
tr|A0A144RC60|A0A144RC60_ENTCL	GCF_002157225.2_WP_086934278.1	28.767	86	80	85	73	52	0	10	82	5	77	1.66e-15	70.2
tr|A0A144RC60|A0A144RC60_ENTCL	GCF_000018105.1_WP_012162738.1	16.854	86	86	97	89	65	3	4	86	1	86	2.01e-15	69.9
tr|A0A144RC60|A0A144RC60_ENTCL	GCF_004798725.1_WP_010811758.1	23.077	86	83	86	78	53	2	2	75	3	77	2.11e-15	69.9
tr|A0A144RC60|A0A144RC60_ENTCL	GCF_001956695.1_WP_076086043.1	24.000	86	77	84	75	51	2	4	75	1	72	2.12e-15	69.9
tr|A0A144RC60|A0A144RC60_ENTCL	GCF_003955735.1_WP_126127786.1	24.359	86	91	86	78	52	3	5	78	7	81	3.25e-15	69.6
tr|A0A144RC60|A0A144RC60_ENTCL	GCF_019977755.1_WP_126608378.1	32.941	86	103	86	85	46	3	10	83	16	100	4.05e-15	69.6
tr|A0A144RC60|A0A144RC60_ENTCL	GCF_000788395.1_WP_038641921.1	27.941	86	85	78	68	48	1	8	74	3	70	4.19e-15	69.4
tr|A0A144RC60|A0A144RC60_ENTCL	GCF_009363415.1_WP_152430616.1	20.253	86	84	86	79	58	2	10	83	2	80	4.79e-15	69.1
tr|A0A144RC60|A0A144RC60_ENTCL	GCF_000092245.1_WP_013136435.1	31.507	86	76	81	73	44	2	7	76	2	71	5.07e-15	68.8
tr|A0A144RC60|A0A144RC60_ENTCL	GCF_012295615.1_WP_007018284.1	20.253	86	81	86	79	58	2	10	83	2	80	5.38e-15	68.8
tr|A0A144RC60|A0A144RC60_ENTCL	GCF_018389385.1_WP_218082190.1	21.053	86	91	84	76	53	3	2	73	13	85	5.53e-15	69.1
tr|A0A144RC60|A0A144RC60_ENTCL	GCF_000227685.2_WP_006746304.1	29.630	86	83	90	81	53	2	1	77	1	81	5.74e-15	68.8
tr|A0A144RC60|A0A144RC60_ENTCL	GCF_003722295.1_WP_010573895.1	28.571	86	75	83	77	46	2	4	74	1	74	6.14e-15	68.5
tr|A0A144RC60|A0A144RC60_ENTCL	GCF_002157895.1_WP_227874980.1	23.750	86	82	87	80	56	2	10	84	3	82	7.70e-15	68.5
tr|A0A144RC60|A0A144RC60_ENTCL	GCF_000024725.1_WP_013031543.1	20.253	86	81	87	79	56	3	4	78	1	76	8.13e-15	68.5
tr|A0A144RC60|A0A144RC60_ENTCL	GCF_003568825.1_WP_040644076.1	23.077	86	83	86	78	56	1	10	83	2	79	8.41e-15	68.5
tr|A0A144RC60|A0A144RC60_ENTCL	GCF_000014785.1_WP_011630183.1	29.870	86	83	85	77	50	3	4	76	7	83	9.18e-15	68.2
tr|A0A144RC60|A0A144RC60_ENTCL	GCF_017638925.1_WP_208844867.1	25.333	86	81	83	75	52	1	11	81	3	77	1.32e-14	67.9
tr|A0A144RC60|A0A144RC60_ENTCL	GCF_019891175.1_WP_225938383.1	18.750	86	93	88	80	58	2	4	79	9	85	1.80e-14	67.7
tr|A0A144RC60|A0A144RC60_ENTCL	GCF_000317575.1_WP_015193670.1	24.000	86	74	83	75	50	2	4	74	1	72	2.27e-14	67.1
tr|A0A144RC60|A0A144RC60_ENTCL	GCF_013283835.1_WP_071625892.1	25.000	86	79	86	80	51	2	7	80	2	78	2.99e-14	66.8
tr|A0A144RC60|A0A144RC60_ENTCL	GCF_024347215.1_WP_261843265.1	34.247	86	77	80	73	44	3	4	72	1	73	3.23e-14	66.8
tr|A0A144RC60|A0A144RC60_ENTCL	GCF_002309535.1_WP_096047558.1	25.000	86	88	90	80	54	2	9	85	4	80	9.59e-14	65.7
tr|A0A144RC60|A0A144RC60_ENTCL	GCF_000265505.1_WP_014796533.1	23.529	86	97	86	85	54	2	4	77	3	87	9.87e-14	66.0
tr|A0A144RC60|A0A144RC60_ENTCL	GCF_000222485.1_WP_014022977.1	21.795	86	85	86	78	54	3	1	74	1	75	1.36e-13	65.4
tr|A0A144RC60|A0A144RC60_ENTCL	GCF_013201665.1_WP_128358834.1	24.675	86	76	86	77	52	2	7	80	2	75	1.81e-13	64.9
tr|A0A144RC60|A0A144RC60_ENTCL	GCF_000019185.1_WP_012277931.1	23.469	86	100	86	98	51	3	10	83	2	99	2.89e-13	64.9
tr|A0A144RC60|A0A144RC60_ENTCL	GCF_013201935.1_WP_128987185.1	23.377	86	76	86	77	53	2	7	80	2	75	2.98e-13	64.3
tr|A0A144RC60|A0A144RC60_ENTCL	GCF_003544815.1_WP_118886031.1	24.675	86	76	86	77	52	2	7	80	2	75	4.36e-13	64.0
tr|A0A144RC60|A0A144RC60_ENTCL	GCF_013177635.1_WP_129095951.1	24.675	86	76	86	77	52	2	7	80	2	75	4.43e-13	64.0
tr|A0A144RC60|A0A144RC60_ENTCL	GCF_009937995.1_WP_179954406.1	24.000	86	79	81	75	52	2	4	73	1	75	6.05e-13	63.7
tr|A0A144RC60|A0A144RC60_ENTCL	GCF_003346815.1_WP_114840344.1	22.222	86	84	91	81	57	2	4	81	1	78	6.95e-13	63.4
tr|A0A144RC60|A0A144RC60_ENTCL	GCF_001705075.2_WP_065970077.1	25.641	86	78	86	78	54	2	3	76	1	78	9.21e-13	63.2
tr|A0A144RC60|A0A144RC60_ENTCL	GCF_000973725.1_WP_046311560.1	25.641	86	91	86	78	51	2	3	76	1	75	9.46e-13	63.4
tr|A0A144RC60|A0A144RC60_ENTCL	GCF_000012325.1_WP_011045621.1	27.692	86	84	76	65	47	0	10	74	5	69	9.62e-13	63.2
tr|A0A144RC60|A0A144RC60_ENTCL	GCF_000014705.1_WP_011637758.1	21.687	86	88	91	83	60	2	9	86	3	85	1.22e-12	62.9
tr|A0A144RC60|A0A144RC60_ENTCL	GCF_013282625.1_WP_173286717.1	27.941	86	67	79	68	46	1	9	76	2	66	1.33e-12	62.6
tr|A0A144RC60|A0A144RC60_ENTCL	GCF_026278345.1_WP_266369249.1	24.390	86	90	87	82	52	3	4	78	1	79	2.01e-12	62.6
tr|A0A144RC60|A0A144RC60_ENTCL	GCF_000568815.1_WP_025346049.1	23.377	86	76	86	77	53	2	8	81	3	76	3.63e-12	61.5
tr|A0A144RC60|A0A144RC60_ENTCL	GCF_013177675.1_WP_172126669.1	27.273	86	77	86	77	50	2	7	80	2	75	5.67e-12	61.2
tr|A0A144RC60|A0A144RC60_ENTCL	GCF_013283835.1_WP_071628250.1	24.051	86	81	88	79	54	2	4	79	1	76	7.09e-12	60.9
tr|A0A144RC60|A0A144RC60_ENTCL	GCF_003967275.1_WP_197721837.1	28.378	86	78	81	74	49	3	3	72	1	74	9.65e-12	60.6
tr|A0A144RC60|A0A144RC60_ENTCL	GCF_001723605.1_WP_069479051.1	23.684	86	76	85	76	52	2	8	80	3	75	2.17e-11	59.5
tr|A0A144RC60|A0A144RC60_ENTCL	GCF_011398355.1_WP_173270160.1	24.615	86	65	76	65	46	1	9	73	2	63	2.57e-11	59.2
tr|A0A144RC60|A0A144RC60_ENTCL	GCF_000006765.1_NP_249630.1	38.462	86	108	69	65	34	1	4	62	1	65	2.83e-11	59.8
tr|A0A144RC60|A0A144RC60_ENTCL	GCF_000147355.1_WP_013326989.1	24.615	86	67	70	65	44	2	23	82	1	65	3.08e-11	58.9
tr|A0A144RC60|A0A144RC60_ENTCL	GCF_000238255.3_WP_010559905.1	23.529	86	86	78	68	51	1	8	74	3	70	3.68e-11	59.2
tr|A0A144RC60|A0A144RC60_ENTCL	GCF_021654855.1_WP_237262080.1	25.000	86	70	74	68	44	2	10	73	3	67	3.94e-11	58.9
tr|A0A144RC60|A0A144RC60_ENTCL	GCF_000265295.1_WP_014770430.1	23.377	86	76	86	77	53	2	8	81	3	76	4.87e-11	58.7
tr|A0A144RC60|A0A144RC60_ENTCL	GCF_009931655.1_WP_161888514.1	17.722	86	89	87	79	58	2	3	77	1	76	5.57e-11	58.7
tr|A0A144RC60|A0A144RC60_ENTCL	GCF_004293625.1_WP_130538367.1	33.898	86	71	69	59	36	1	9	67	2	57	6.23e-11	58.4
tr|A0A144RC60|A0A144RC60_ENTCL	GCF_014217805.1_WP_185274331.1	18.421	86	91	84	76	55	2	5	76	6	78	8.35e-11	58.4
tr|A0A144RC60|A0A144RC60_ENTCL	GCF_006385555.1_WP_140234395.1	28.750	86	87	87	80	52	2	8	82	2	81	1.95e-10	57.3
tr|A0A144RC60|A0A144RC60_ENTCL	GCF_003260975.1_WP_112783789.1	19.178	86	81	81	73	53	3	6	75	2	71	2.27e-10	57.0
tr|A0A144RC60|A0A144RC60_ENTCL	GCF_003855395.1_WP_124730567.1	21.687	86	88	91	83	60	3	9	86	3	85	2.34e-10	57.3
tr|A0A144RC60|A0A144RC60_ENTCL	GCF_005281475.1_WP_137401239.1	21.918	86	81	81	73	51	3	6	75	2	71	2.64e-10	57.0
tr|A0A144RC60|A0A144RC60_ENTCL	GCF_006575665.1_WP_141613356.1	20.513	86	81	87	78	56	3	6	80	2	76	3.25e-10	56.7
tr|A0A144RC60|A0A144RC60_ENTCL	GCF_024347675.1_WP_261833361.1	37.209	86	54	50	43	27	0	10	52	2	44	3.48e-10	56.1
tr|A0A144RC60|A0A144RC60_ENTCL	GCF_000018285.1_WP_012155987.1	20.619	86	102	83	97	51	3	11	81	3	99	3.93e-10	57.0
tr|A0A144RC60|A0A144RC60_ENTCL	GCF_009937995.1_WP_162085741.1	26.250	86	82	86	80	53	2	3	76	1	80	5.23e-10	56.1
tr|A0A144RC60|A0A144RC60_ENTCL	GCF_011398355.1_WP_173270199.1	22.727	86	66	77	66	48	1	9	74	2	64	6.72e-10	55.6
tr|A0A144RC60|A0A144RC60_ENTCL	GCF_009938015.1_WP_147074368.1	20.000	86	82	86	80	58	3	3	76	1	80	7.84e-10	55.8
tr|A0A144RC60|A0A144RC60_ENTCL	GCF_014075995.1_WP_182414414.1	17.949	86	91	86	78	57	2	3	76	4	78	1.81e-09	55.0
tr|A0A144RC60|A0A144RC60_ENTCL	GCF_001444405.1_WP_058032142.1	27.273	86	87	76	66	47	1	10	74	2	67	1.82e-09	55.0
tr|A0A144RC60|A0A144RC60_ENTCL	GCF_017742995.1_WP_247749573.1	50.000	86	48	42	36	18	0	10	45	2	37	2.18e-09	54.2
tr|A0A144RC60|A0A144RC60_ENTCL	GCF_020511155.1_WP_226415657.1	18.750	86	87	87	80	60	2	8	82	3	82	3.49e-09	54.2
tr|A0A144RC60|A0A144RC60_ENTCL	GCF_023650495.1_WP_250655372.1	24.528	86	88	57	53	36	1	8	56	3	55	3.72e-09	54.2
tr|A0A144RC60|A0A144RC60_ENTCL	GCF_002116735.1_WP_041332374.1	18.182	86	86	85	77	56	2	4	76	7	80	5.39e-09	53.6
tr|A0A144RC60|A0A144RC60_ENTCL	GCF_000013765.1_WP_011496543.1	21.176	86	106	93	85	62	2	4	83	17	101	1.07e-08	53.3
tr|A0A144RC60|A0A144RC60_ENTCL	GCF_000242635.2_WP_014682426.1	19.718	86	83	78	71	50	2	14	80	11	78	1.60e-08	52.5
tr|A0A144RC60|A0A144RC60_ENTCL	GCF_011398155.1_WP_173291533.1	21.212	86	71	76	66	48	2	10	74	3	65	1.76e-08	52.2
tr|A0A144RC60|A0A144RC60_ENTCL	GCF_000325705.1_WP_015264554.1	18.919	86	77	83	74	54	3	10	80	6	76	2.47e-08	51.9
tr|A0A144RC60|A0A144RC60_ENTCL	GCF_000021985.1_WP_012639464.1	20.253	86	81	85	79	57	2	4	76	1	79	3.73e-08	51.3
tr|A0A144RC60|A0A144RC60_ENTCL	GCF_001753245.1_WP_070077210.1	22.500	86	82	85	80	55	3	4	76	1	80	4.37e-08	51.3
tr|A0A144RC60|A0A144RC60_ENTCL	GCF_011764585.1_WP_188200227.1	30.357	86	63	59	56	34	2	23	73	2	57	1.28e-07	49.7
tr|A0A144RC60|A0A144RC60_ENTCL	GCF_001027285.1_WP_047859305.1	24.490	86	80	57	49	37	0	12	60	12	60	4.94e-07	48.5
tr|A0A144RC60|A0A144RC60_ENTCL	GCF_010119975.1_WP_162441452.1	14.286	86	89	85	77	59	2	3	75	1	74	5.26e-07	48.5
tr|A0A144RC60|A0A144RC60_ENTCL	GCF_000484535.1_WP_023173213.1	31.250	86	91	73	64	43	1	12	74	24	87	5.51e-07	48.5
tr|A0A144RC60|A0A144RC60_ENTCL	GCF_019931735.1_WP_223417223.1	19.231	86	87	85	78	58	3	10	82	4	81	1.23e-06	47.7
tr|A0A144RC60|A0A144RC60_ENTCL	GCF_001020955.1_WP_024326866.1	20.833	86	79	78	72	52	1	10	76	6	77	1.73e-06	47.1
tr|A0A144RC60|A0A144RC60_ENTCL	GCF_021018745.1_WP_230843504.1	28.125	86	92	73	64	45	1	12	74	24	87	5.43e-06	46.0
tr|A0A144RC60|A0A144RC60_ENTCL	GCF_010119975.1_WP_162443195.1	15.190	86	91	87	79	60	2	3	77	1	76	5.92e-06	46.0
tr|A0A144RC60|A0A144RC60_ENTCL	GCF_000011385.1_WP_011141833.1	28.125	86	92	73	64	45	1	12	74	24	87	1.54e-05	44.9
tr|A0A144RC60|A0A144RC60_ENTCL	GCF_003143555.1_WP_109340539.1	16.667	86	84	73	66	52	2	12	74	5	70	2.33e-05	44.3
tr|A0A144RC60|A0A144RC60_ENTCL	GCF_000017845.1_WP_009544142.1	33.871	86	813	72	62	32	1	15	76	377	429	7.14e-05	45.7
tr|A0A144RC60|A0A144RC60_ENTCL	GCF_001263175.1_WP_050726405.1	28.889	86	81	52	45	32	0	12	56	12	56	5.33e-04	40.7
tr|A0A144RC60|A0A144RC60_ENTCL	GCF_018388465.1_WP_208290210.1	24.615	86	316	72	65	46	2	16	77	139	203	0.005	40.7

Search has CONVERGED!
# BLAST processed 7 queries
