# PSIBLAST 2.13.0+
# Iteration: 1
# Query: tr|A0A333FHM5|Release 2018_10/2018_10|07-Nov-2018
# Database: db/chosen-bacteria_proteome_exDup
# Fields: query id, subject id, % identity, query length, subject length, % query coverage per subject, alignment length, mismatches, gap opens, q. start, q. end, s. start, s. end, evalue, bit score
# 256 hits found
tr|A0A333FHM5|Release	GCF_902387845.1_WP_004237241.1	100.000	88	88	100	88	0	0	1	88	1	88	1.26e-59	183
tr|A0A333FHM5|Release	GCF_013282725.1_WP_032813813.1	67.442	88	86	98	86	28	0	1	86	1	86	2.90e-40	133
tr|A0A333FHM5|Release	GCF_009730055.1_WP_032906500.1	67.442	88	86	98	86	28	0	1	86	1	86	6.63e-40	132
tr|A0A333FHM5|Release	GCF_004124235.1_WP_025377303.1	67.442	88	86	98	86	28	0	1	86	1	86	7.29e-40	132
tr|A0A333FHM5|Release	GCF_000222975.1_WP_002218374.1	67.442	88	86	98	86	28	0	1	86	1	86	9.18e-40	132
tr|A0A333FHM5|Release	GCF_000834395.1_WP_042546713.1	67.442	88	86	98	86	28	0	1	86	1	86	1.31e-39	131
tr|A0A333FHM5|Release	GCF_000834455.1_WP_032817050.1	67.442	88	86	98	86	28	0	1	86	1	86	3.52e-39	130
tr|A0A333FHM5|Release	GCF_017498685.1_WP_038245151.1	66.279	88	86	98	86	29	0	1	86	1	86	1.72e-38	129
tr|A0A333FHM5|Release	GCF_001010285.1_WP_046974061.1	65.909	88	88	100	88	30	0	1	88	1	88	3.30e-38	128
tr|A0A333FHM5|Release	GCF_001461805.1_WP_013367515.1	69.767	88	86	98	86	26	0	1	86	1	86	5.86e-38	127
tr|A0A333FHM5|Release	GCF_025133195.1_WP_032910235.1	65.116	88	86	98	86	30	0	1	86	1	86	7.56e-38	127
tr|A0A333FHM5|Release	GCF_021276285.1_WP_095923198.1	68.675	88	86	94	83	26	0	1	83	1	83	3.65e-37	125
tr|A0A333FHM5|Release	GCF_019090985.1_WP_036781226.1	63.636	88	88	100	88	32	0	1	88	1	88	4.54e-37	125
tr|A0A333FHM5|Release	GCF_000196475.1_WP_012776850.1	64.773	88	88	100	88	31	0	1	88	1	88	4.65e-37	125
tr|A0A333FHM5|Release	GCF_022637475.1_WP_013574214.1	67.470	88	86	94	83	27	0	1	83	1	83	6.01e-37	125
tr|A0A333FHM5|Release	GCF_025758125.1_WP_023480196.1	65.116	88	86	98	86	30	0	1	86	1	86	6.72e-37	125
tr|A0A333FHM5|Release	GCF_020268605.1_WP_180560445.1	62.500	88	88	100	88	33	0	1	88	1	88	8.99e-37	124
tr|A0A333FHM5|Release	GCF_003261575.2_WP_110272453.1	65.116	88	86	98	86	30	0	1	86	1	86	1.16e-36	124
tr|A0A333FHM5|Release	GCF_001683395.1_WP_017458015.1	65.116	88	86	98	86	30	0	1	86	1	86	1.23e-36	124
tr|A0A333FHM5|Release	GCF_001558935.2_WP_042323659.1	66.279	88	86	98	86	29	0	1	86	1	86	1.24e-36	124
tr|A0A333FHM5|Release	GCF_020097475.1_WP_000062318.1	67.442	88	86	98	86	28	0	1	86	1	86	1.34e-36	124
tr|A0A333FHM5|Release	GCF_004684345.1_WP_135323069.1	66.279	88	86	98	86	29	0	1	86	1	86	1.68e-36	123
tr|A0A333FHM5|Release	GCF_900478135.1_WP_111739359.1	70.000	88	88	91	80	24	0	4	83	5	84	1.85e-36	123
tr|A0A333FHM5|Release	GCF_004768525.1_WP_026822068.1	63.636	88	88	100	88	32	0	1	88	1	88	1.98e-36	123
tr|A0A333FHM5|Release	GCF_013460135.1_WP_180816665.1	62.500	88	88	100	88	33	0	1	88	1	88	2.12e-36	123
tr|A0A333FHM5|Release	GCF_022637595.1_WP_004858152.1	65.116	88	86	98	86	30	0	1	86	1	86	2.34e-36	123
tr|A0A333FHM5|Release	GCF_023195735.1_WP_035891978.1	68.605	88	86	98	86	27	0	1	86	1	86	2.79e-36	123
tr|A0A333FHM5|Release	GCF_002163605.1_WP_157665988.1	66.279	88	86	98	86	29	0	1	86	1	86	3.46e-36	123
tr|A0A333FHM5|Release	GCF_018128425.1_WP_042289833.1	65.116	88	86	98	86	30	0	1	86	1	86	4.28e-36	123
tr|A0A333FHM5|Release	GCF_006711645.1_WP_100682484.1	65.116	88	86	98	86	30	0	1	86	1	86	4.60e-36	122
tr|A0A333FHM5|Release	GCF_900638065.1_WP_048212636.1	65.116	88	86	98	86	30	0	1	86	1	86	5.22e-36	122
tr|A0A333FHM5|Release	GCF_017743015.1_WP_209027287.1	62.791	88	88	98	86	32	0	1	86	1	86	5.64e-36	122
tr|A0A333FHM5|Release	GCF_001022135.1_WP_039078449.1	66.279	88	86	98	86	29	0	1	86	1	86	6.17e-36	122
tr|A0A333FHM5|Release	GCF_003812345.1_WP_003018503.1	65.116	88	86	98	86	30	0	1	86	1	86	6.90e-36	122
tr|A0A333FHM5|Release	GCF_009363135.1_WP_090122691.1	66.279	88	86	98	86	29	0	1	86	1	86	7.71e-36	122
tr|A0A333FHM5|Release	GCF_000240185.1_YP_005225236.1	63.953	88	86	98	86	31	0	1	86	1	86	8.15e-36	122
tr|A0A333FHM5|Release	GCF_000006925.2_NP_706134.1	66.279	88	86	98	86	29	0	1	86	1	86	9.18e-36	122
tr|A0A333FHM5|Release	GCF_025914095.1_WP_031518416.1	65.116	88	86	98	86	30	0	1	86	1	86	9.56e-36	121
tr|A0A333FHM5|Release	GCF_021278985.1_WP_012904575.1	65.116	88	86	98	86	30	0	1	86	1	86	9.56e-36	121
tr|A0A333FHM5|Release	GCF_027886705.1_WP_061497537.1	65.116	88	86	98	86	30	0	1	86	1	86	9.87e-36	121
tr|A0A333FHM5|Release	GCF_009649915.1_WP_062772223.1	67.442	88	86	98	86	28	0	1	86	1	86	9.87e-36	121
tr|A0A333FHM5|Release	GCF_007632255.1_WP_015368146.1	65.116	88	86	98	86	30	0	1	86	1	86	1.08e-35	121
tr|A0A333FHM5|Release	GCF_009176645.1_WP_152083529.1	65.116	88	86	98	86	30	0	1	86	1	86	1.33e-35	121
tr|A0A333FHM5|Release	GCF_015139575.1_WP_004098776.1	63.953	88	86	98	86	31	0	1	86	1	86	1.37e-35	121
tr|A0A333FHM5|Release	GCF_001658025.2_WP_007373243.1	65.116	88	86	98	86	30	0	1	86	1	86	1.37e-35	121
tr|A0A333FHM5|Release	GCF_001518835.1_WP_059308693.1	67.442	88	86	98	86	28	0	1	86	1	86	1.42e-35	121
tr|A0A333FHM5|Release	GCF_000224675.1_WP_010426685.1	65.116	88	86	98	86	30	0	1	86	1	86	1.58e-35	121
tr|A0A333FHM5|Release	GCF_003594935.2_WP_006173581.1	66.279	88	86	98	86	29	0	1	86	1	86	1.85e-35	121
tr|A0A333FHM5|Release	GCF_003096015.2_WP_230514010.1	66.667	88	88	92	81	27	0	3	83	4	84	2.08e-35	121
tr|A0A333FHM5|Release	GCF_012029655.1_WP_041144145.1	63.953	88	86	98	86	31	0	1	86	1	86	2.24e-35	121
tr|A0A333FHM5|Release	GCF_019048625.1_WP_023305471.1	66.279	88	86	98	86	29	0	1	86	1	86	2.91e-35	120
tr|A0A333FHM5|Release	GCF_000439255.1_WP_000062328.1	62.791	88	86	98	86	32	0	1	86	1	86	3.03e-35	120
tr|A0A333FHM5|Release	GCF_020181655.1_WP_225087160.1	61.628	88	86	98	86	33	0	1	86	1	86	3.25e-35	120
tr|A0A333FHM5|Release	GCF_000018045.1_WP_024130681.1	62.791	88	86	98	86	32	0	1	86	1	86	3.33e-35	120
tr|A0A333FHM5|Release	GCF_900638655.1_WP_047781753.1	66.250	88	88	91	80	27	0	4	83	5	84	3.71e-35	120
tr|A0A333FHM5|Release	GCF_011617105.1_WP_025800203.1	65.116	88	86	98	86	30	0	1	86	1	86	4.03e-35	120
tr|A0A333FHM5|Release	GCF_018139045.1_WP_004129134.1	62.791	88	86	98	86	32	0	1	86	1	86	4.33e-35	120
tr|A0A333FHM5|Release	GCF_009036245.1_WP_025756830.1	65.116	88	86	98	86	30	0	1	86	1	86	4.57e-35	120
tr|A0A333FHM5|Release	GCF_000264765.2_WP_034163237.1	63.953	88	86	98	86	31	0	1	86	1	86	6.39e-35	120
tr|A0A333FHM5|Release	GCF_004353845.1_WP_103768334.1	63.953	88	86	98	86	31	0	1	86	1	86	6.44e-35	120
tr|A0A333FHM5|Release	GCF_009648935.1_WP_047417117.1	63.953	88	86	98	86	31	0	1	86	1	86	6.49e-35	120
tr|A0A333FHM5|Release	GCF_003812925.1_WP_004107903.1	62.791	88	86	98	86	32	0	1	86	1	86	6.54e-35	120
tr|A0A333FHM5|Release	GCF_003935895.2_WP_110510858.1	67.470	88	86	94	83	27	0	1	83	1	83	6.64e-35	120
tr|A0A333FHM5|Release	GCF_001750725.1_WP_014168720.1	63.953	88	86	98	86	31	0	1	86	1	86	8.10e-35	119
tr|A0A333FHM5|Release	GCF_004295645.1_WP_228350951.1	66.667	88	88	92	81	27	0	3	83	4	84	8.61e-35	119
tr|A0A333FHM5|Release	GCF_016904755.1_WP_059234959.1	66.265	88	86	94	83	28	0	1	83	1	83	9.20e-35	119
tr|A0A333FHM5|Release	GCF_020150375.1_WP_004094310.1	65.060	88	86	94	83	29	0	1	83	1	83	1.05e-34	119
tr|A0A333FHM5|Release	GCF_015137655.1_WP_028015593.1	63.953	88	86	98	86	31	0	1	86	1	86	1.06e-34	119
tr|A0A333FHM5|Release	GCF_001729805.1_WP_008501890.1	63.953	88	86	98	86	31	0	1	86	1	86	1.06e-34	119
tr|A0A333FHM5|Release	GCF_000005845.2_NP_414731.2	68.750	88	84	91	80	25	0	7	86	5	84	1.22e-34	119
tr|A0A333FHM5|Release	GCF_022637515.1_WP_064539750.1	61.628	88	86	98	86	33	0	1	86	1	86	1.27e-34	119
tr|A0A333FHM5|Release	GCF_021733145.1_WP_012847629.1	63.855	88	86	94	83	30	0	1	83	1	83	1.51e-34	119
tr|A0A333FHM5|Release	GCF_021172065.1_WP_015965827.1	63.953	88	86	98	86	31	0	1	86	1	86	1.68e-34	118
tr|A0A333FHM5|Release	GCF_005484965.1_WP_009114129.1	62.791	88	86	98	86	32	0	1	86	1	86	1.82e-34	118
tr|A0A333FHM5|Release	GCF_001277195.1_WP_032966924.1	62.791	88	86	98	86	32	0	1	86	1	86	1.85e-34	118
tr|A0A333FHM5|Release	GCF_001277255.1_WP_007666633.1	62.791	88	86	98	86	32	0	1	86	1	86	2.07e-34	118
tr|A0A333FHM5|Release	GCF_000196155.1_WP_011145066.1	61.364	88	88	100	88	34	0	1	88	1	88	2.15e-34	118
tr|A0A333FHM5|Release	GCF_029277985.1_WP_154623766.1	59.302	88	87	98	86	35	0	1	86	1	86	2.28e-34	118
tr|A0A333FHM5|Release	GCF_000006945.2_NP_459242.1	62.791	88	86	98	86	32	0	1	86	1	86	2.43e-34	118
tr|A0A333FHM5|Release	GCF_009931295.1_WP_161528353.1	60.465	88	86	98	86	34	0	1	86	1	86	2.89e-34	118
tr|A0A333FHM5|Release	GCF_014295015.1_WP_013185414.1	63.218	88	87	98	87	31	1	1	86	1	87	3.92e-34	118
tr|A0A333FHM5|Release	GCF_001277215.2_WP_007776988.1	60.465	88	86	98	86	34	0	1	86	1	86	4.10e-34	118
tr|A0A333FHM5|Release	GCF_012427845.1_WP_012773648.1	60.465	88	86	98	86	34	0	1	86	1	86	4.37e-34	117
tr|A0A333FHM5|Release	GCF_013234275.1_WP_172895488.1	60.465	88	86	98	86	34	0	1	86	1	86	4.96e-34	117
tr|A0A333FHM5|Release	GCF_002288545.1_WP_029367608.1	60.465	88	86	98	86	34	0	1	86	1	86	5.08e-34	117
tr|A0A333FHM5|Release	GCF_007858975.2_WP_042869176.1	62.651	88	86	94	83	31	0	1	83	1	83	5.68e-34	117
tr|A0A333FHM5|Release	GCF_009873295.1_WP_039312412.1	60.465	88	86	98	86	34	0	1	86	1	86	7.04e-34	117
tr|A0A333FHM5|Release	GCF_000740965.1_WP_011092648.1	59.302	88	86	98	86	35	0	1	86	1	86	7.21e-34	117
tr|A0A333FHM5|Release	GCF_003019925.1_WP_162185254.1	66.265	88	86	94	83	28	0	1	83	1	83	9.00e-34	117
tr|A0A333FHM5|Release	GCF_024224615.1_WP_125293588.1	63.855	88	86	94	83	30	0	1	83	1	83	9.22e-34	116
tr|A0A333FHM5|Release	GCF_001742185.1_WP_005975933.1	59.302	88	86	98	86	35	0	1	86	1	86	9.83e-34	116
tr|A0A333FHM5|Release	GCF_001721185.1_WP_069317984.1	63.953	88	87	98	86	31	0	1	86	1	86	9.93e-34	116
tr|A0A333FHM5|Release	GCF_003403135.1_WP_024104894.1	61.446	88	86	94	83	32	0	1	83	1	83	1.04e-33	116
tr|A0A333FHM5|Release	GCF_900635955.1_WP_126357486.1	62.651	88	86	94	83	31	0	1	83	1	83	1.06e-33	116
tr|A0A333FHM5|Release	GCF_002812485.1_WP_038661467.1	61.446	88	86	94	83	32	0	1	83	1	83	1.08e-33	116
tr|A0A333FHM5|Release	GCF_003992745.1_WP_014700896.1	58.140	88	86	98	86	36	0	1	86	1	86	1.20e-33	116
tr|A0A333FHM5|Release	GCF_000968195.1_WP_045972480.1	60.920	88	87	98	87	33	1	1	86	1	87	1.22e-33	116
tr|A0A333FHM5|Release	GCF_002393505.1_WP_006658392.1	59.302	88	87	98	86	35	0	1	86	1	86	1.33e-33	116
tr|A0A333FHM5|Release	GCF_000025065.1_WP_012883679.1	61.446	88	86	94	83	32	0	1	83	1	83	1.51e-33	116
tr|A0A333FHM5|Release	GCF_001277175.1_WP_007760020.1	60.465	88	86	98	86	34	0	1	86	1	86	1.73e-33	116
tr|A0A333FHM5|Release	GCF_002504285.1_WP_005282992.1	63.855	88	86	94	83	30	0	1	83	1	83	1.87e-33	116
tr|A0A333FHM5|Release	GCF_019797845.1_WP_222158377.1	62.791	88	86	98	86	32	0	1	86	1	86	2.25e-33	116
tr|A0A333FHM5|Release	GCF_000023565.1_WP_012770818.1	60.241	88	86	94	83	33	0	1	83	1	83	2.25e-33	116
tr|A0A333FHM5|Release	GCF_002393445.1_WP_061273728.1	62.651	88	86	94	83	31	0	1	83	1	83	2.51e-33	115
tr|A0A333FHM5|Release	GCF_011068345.1_WP_002436992.1	62.651	88	86	94	83	31	0	1	83	1	83	2.99e-33	115
tr|A0A333FHM5|Release	GCF_005484945.1_WP_137712817.1	61.628	88	86	98	86	33	0	1	86	1	86	4.31e-33	115
tr|A0A333FHM5|Release	GCF_016026395.1_WP_024524235.1	62.651	88	86	94	83	31	0	1	83	1	83	4.34e-33	115
tr|A0A333FHM5|Release	GCF_002843235.3_WP_102139922.1	59.302	88	87	98	86	35	0	1	86	1	86	5.70e-33	114
tr|A0A333FHM5|Release	GCF_002291445.1_WP_048635886.1	59.302	88	86	98	86	35	0	1	86	1	86	7.51e-33	114
tr|A0A333FHM5|Release	GCF_900475855.1_WP_068441311.1	59.302	88	87	98	86	35	0	1	86	1	86	7.65e-33	114
tr|A0A333FHM5|Release	GCF_017569925.1_WP_208228065.1	59.302	88	86	98	86	35	0	1	86	1	86	9.61e-33	114
tr|A0A333FHM5|Release	GCF_000968175.1_WP_045959360.1	59.770	88	88	98	87	34	1	1	86	1	87	1.05e-32	114
tr|A0A333FHM5|Release	GCF_000023545.1_WP_015854637.1	59.302	88	86	98	86	35	0	1	86	1	86	1.16e-32	114
tr|A0A333FHM5|Release	GCF_003204135.1_WP_004908806.1	59.302	88	87	98	86	35	0	1	86	1	86	1.17e-32	114
tr|A0A333FHM5|Release	GCF_009817885.1_WP_105232289.1	58.140	88	87	98	86	36	0	1	86	1	86	1.30e-32	114
tr|A0A333FHM5|Release	GCF_000147055.1_WP_022632468.1	60.241	88	86	94	83	33	0	1	83	1	83	2.36e-32	113
tr|A0A333FHM5|Release	GCF_003515985.1_WP_085653101.1	60.241	88	86	94	83	33	0	1	83	1	83	2.66e-32	113
tr|A0A333FHM5|Release	GCF_000262305.1_WP_002441069.1	58.140	88	86	98	86	36	0	1	86	1	86	4.46e-32	112
tr|A0A333FHM5|Release	GCF_001642805.2_WP_004931991.1	58.140	88	87	98	86	36	0	1	86	1	86	7.19e-32	112
tr|A0A333FHM5|Release	GCF_002291425.1_WP_095847471.1	59.302	88	87	98	86	35	0	1	86	1	86	9.50e-32	111
tr|A0A333FHM5|Release	GCF_020079945.1_WP_039382769.1	66.234	88	87	88	77	26	0	7	83	7	83	1.32e-31	111
tr|A0A333FHM5|Release	GCF_022647505.1_WP_128179458.1	61.250	88	87	91	80	31	0	7	86	7	86	1.61e-31	111
tr|A0A333FHM5|Release	GCF_900095885.1_WP_035340381.1	58.140	88	86	98	86	36	0	1	86	1	86	1.68e-31	111
tr|A0A333FHM5|Release	GCF_021462285.1_WP_234585968.1	58.140	88	87	98	86	36	0	1	86	1	86	1.72e-31	111
tr|A0A333FHM5|Release	GCF_019890955.1_WP_211725887.1	63.636	88	87	88	77	28	0	7	83	7	83	2.61e-31	110
tr|A0A333FHM5|Release	GCF_016026735.1_WP_015673540.1	55.814	88	87	98	86	38	0	1	86	1	86	3.33e-31	110
tr|A0A333FHM5|Release	GCF_022592395.1_WP_047255099.1	60.465	88	87	98	86	34	0	1	86	1	86	3.55e-31	110
tr|A0A333FHM5|Release	GCF_900187015.1_WP_061796701.1	58.140	88	87	98	86	36	0	1	86	1	86	3.73e-31	110
tr|A0A333FHM5|Release	GCF_019047765.1_WP_040230035.1	66.279	88	86	98	86	29	0	1	86	1	86	4.12e-31	110
tr|A0A333FHM5|Release	GCF_021365465.1_WP_016190321.1	61.250	88	87	91	80	31	0	7	86	7	86	4.58e-31	110
tr|A0A333FHM5|Release	GCF_025946765.1_WP_264497926.1	59.036	88	86	94	83	34	0	1	83	1	83	5.07e-31	110
tr|A0A333FHM5|Release	GCF_000520015.2_WP_024910172.1	58.140	88	87	98	86	36	0	1	86	1	86	5.08e-31	110
tr|A0A333FHM5|Release	GCF_003074995.2_WP_015870269.1	59.036	88	86	94	83	34	0	1	83	1	83	6.13e-31	109
tr|A0A333FHM5|Release	GCF_000196615.1_WP_013200864.1	61.250	88	87	91	80	31	0	7	86	7	86	7.09e-31	109
tr|A0A333FHM5|Release	GCF_015999465.1_WP_085688159.1	59.036	88	86	94	83	34	0	1	83	1	83	7.54e-31	109
tr|A0A333FHM5|Release	GCF_023517775.1_WP_249893541.1	63.750	88	87	91	80	29	0	7	86	7	86	1.53e-30	108
tr|A0A333FHM5|Release	GCF_011044475.1_WP_033740322.1	62.338	88	86	88	77	29	0	7	83	7	83	2.91e-30	108
tr|A0A333FHM5|Release	GCF_000517425.1_WP_025421126.1	57.831	88	86	94	83	35	0	1	83	1	83	3.75e-30	107
tr|A0A333FHM5|Release	GCF_000233595.1_WP_013024706.1	62.338	88	86	88	77	29	0	7	83	7	83	3.81e-30	107
tr|A0A333FHM5|Release	GCF_020683125.1_WP_133842177.1	56.977	88	88	98	86	37	0	1	86	2	87	4.15e-30	107
tr|A0A333FHM5|Release	GCF_000010085.1_WP_011411656.1	57.831	88	86	94	83	35	0	1	83	1	83	4.20e-30	107
tr|A0A333FHM5|Release	GCF_002953195.1_WP_038628016.1	61.250	88	87	91	80	31	0	7	86	7	86	4.59e-30	107
tr|A0A333FHM5|Release	GCF_017348915.1_WP_040077077.1	67.442	88	86	98	86	28	0	1	86	1	86	8.79e-30	106
tr|A0A333FHM5|Release	GCF_019844095.1_WP_062747070.1	55.814	88	88	98	86	38	0	1	86	2	87	1.20e-29	106
tr|A0A333FHM5|Release	GCF_019048385.1_WP_062759648.1	59.740	88	86	88	77	31	0	7	83	7	83	2.16e-29	105
tr|A0A333FHM5|Release	GCF_009914055.1_WP_160619715.1	62.500	88	87	91	80	30	0	7	86	7	86	2.85e-29	105
tr|A0A333FHM5|Release	GCF_004792415.1_WP_013356856.1	59.740	88	86	88	77	31	0	7	83	7	83	3.47e-29	105
tr|A0A333FHM5|Release	GCF_002101395.1_WP_085067900.1	61.250	88	87	91	80	31	0	7	86	7	86	3.65e-29	105
tr|A0A333FHM5|Release	GCF_004116975.1_WP_064720954.1	60.241	88	86	94	83	33	0	1	83	1	83	4.85e-29	105
tr|A0A333FHM5|Release	GCF_020541225.1_WP_226811316.1	55.422	88	86	94	83	37	0	1	83	1	83	7.33e-29	104
tr|A0A333FHM5|Release	GCF_009646115.1_WP_008925644.1	59.740	88	86	88	77	31	0	7	83	7	83	8.32e-29	104
tr|A0A333FHM5|Release	GCF_022647325.1_WP_111140597.1	58.442	88	86	88	77	32	0	7	83	7	83	3.34e-28	102
tr|A0A333FHM5|Release	GCF_000517405.1_WP_038469034.1	57.692	88	83	89	78	33	0	6	83	3	80	3.35e-28	102
tr|A0A333FHM5|Release	GCF_005671395.1_WP_138095872.1	60.256	88	86	89	78	31	0	1	78	1	78	7.46e-28	102
tr|A0A333FHM5|Release	GCF_000069965.1_WP_004245453.1	57.831	88	86	94	83	35	0	1	83	1	83	1.06e-27	101
tr|A0A333FHM5|Release	GCF_020342335.1_WP_067428135.1	58.442	88	87	88	77	32	0	7	83	7	83	1.07e-27	101
tr|A0A333FHM5|Release	GCF_000026185.1_WP_012440659.1	58.442	88	87	88	77	32	0	7	83	7	83	1.57e-27	101
tr|A0A333FHM5|Release	GCF_008364325.2_WP_230090436.1	57.317	88	85	93	82	35	0	5	86	3	84	3.14e-27	100
tr|A0A333FHM5|Release	GCF_000091565.1_WP_004159420.1	58.442	88	87	88	77	32	0	7	83	7	83	4.65e-27	100
tr|A0A333FHM5|Release	GCF_000261045.2_WP_006318653.1	54.651	88	87	98	86	39	0	1	86	1	86	7.43e-27	99.5
tr|A0A333FHM5|Release	GCF_011045835.1_WP_075671674.1	57.831	88	86	94	83	35	0	1	83	1	83	8.97e-27	99.2
tr|A0A333FHM5|Release	GCF_022369495.1_WP_072064250.1	56.627	88	86	94	83	36	0	1	83	1	83	1.06e-26	98.9
tr|A0A333FHM5|Release	GCF_000214235.1_WP_004952197.1	56.098	88	85	93	82	36	0	5	86	3	84	1.30e-26	98.9
tr|A0A333FHM5|Release	GCF_900638135.1_WP_012146468.1	53.488	88	87	98	86	40	0	1	86	1	86	1.44e-26	98.6
tr|A0A333FHM5|Release	GCF_001006005.1_WP_223499701.1	54.878	88	85	93	82	37	0	5	86	3	84	2.88e-25	95.3
tr|A0A333FHM5|Release	GCF_002952315.1_WP_012667243.1	54.545	88	87	88	77	35	0	7	83	7	83	3.45e-25	95.3
tr|A0A333FHM5|Release	GCF_009831665.3_WP_006709226.1	50.000	88	87	98	86	43	0	1	86	1	86	1.46e-24	93.6
tr|A0A333FHM5|Release	GCF_020991025.1_WP_152109250.1	40.741	88	83	91	81	47	1	5	84	3	83	1.33e-15	70.8
tr|A0A333FHM5|Release	GCF_002355475.1_WP_004421315.1	42.254	88	91	80	71	40	1	5	74	3	73	5.58e-11	59.0
tr|A0A333FHM5|Release	GCF_013423785.1_WP_180308358.1	38.356	88	88	83	73	45	0	1	73	1	73	3.01e-10	57.0
tr|A0A333FHM5|Release	GCF_001708425.1_WP_055136127.1	38.095	88	94	90	84	47	2	5	83	2	85	3.44e-10	57.0
tr|A0A333FHM5|Release	GCF_003515105.1_WP_036973086.1	40.299	88	73	75	67	39	1	7	72	3	69	4.50e-10	56.4
tr|A0A333FHM5|Release	GCF_002218045.2_WP_089137819.1	38.667	88	79	81	75	42	2	4	74	3	77	3.04e-09	54.5
tr|A0A333FHM5|Release	GCF_017167985.1_WP_079784061.1	39.744	88	90	86	78	44	2	5	80	2	78	3.87e-09	54.5
tr|A0A333FHM5|Release	GCF_008693645.1_WP_137347870.1	33.735	88	89	93	83	54	1	1	82	1	83	4.32e-09	54.2
tr|A0A333FHM5|Release	GCF_008807375.1_WP_151138908.1	40.000	88	91	78	70	41	1	6	74	4	73	7.60e-09	53.6
tr|A0A333FHM5|Release	GCF_013409125.2_WP_099525265.1	39.744	88	90	86	78	44	3	5	80	2	78	1.39e-08	53.1
tr|A0A333FHM5|Release	GCF_001597285.1_WP_061903727.1	40.000	88	92	78	70	41	1	6	74	3	72	1.51e-08	52.8
tr|A0A333FHM5|Release	GCF_001594225.2_WP_064379396.1	36.905	88	92	90	84	48	2	5	83	2	85	2.23e-08	52.5
tr|A0A333FHM5|Release	GCF_017915135.1_WP_210390879.1	38.462	88	90	86	78	45	2	5	80	2	78	5.68e-08	51.4
tr|A0A333FHM5|Release	GCF_000297075.2_WP_003461742.1	38.158	88	90	84	76	44	2	7	80	4	78	5.68e-08	51.4
tr|A0A333FHM5|Release	GCF_015209785.1_WP_193988300.1	40.299	88	73	75	67	39	1	7	72	3	69	5.91e-08	51.1
tr|A0A333FHM5|Release	GCF_021029445.1_WP_230924827.1	34.286	88	89	80	70	46	0	5	74	2	71	7.92e-08	51.1
tr|A0A333FHM5|Release	GCF_000733715.2_WP_017362912.1	38.462	88	90	86	78	45	2	5	80	2	78	8.05e-08	51.1
tr|A0A333FHM5|Release	GCF_003812345.1_WP_121571778.1	36.000	88	94	84	75	47	1	1	74	1	75	1.06e-07	50.8
tr|A0A333FHM5|Release	GCF_013200955.2_WP_173204463.1	36.364	88	91	86	77	48	1	5	80	3	79	1.16e-07	50.5
tr|A0A333FHM5|Release	GCF_029457395.1_WP_024766443.1	34.667	88	92	80	75	44	1	5	74	2	76	1.16e-07	50.5
tr|A0A333FHM5|Release	GCF_005877035.1_WP_039486662.1	38.710	88	83	69	62	37	1	10	70	2	63	1.58e-07	50.0
tr|A0A333FHM5|Release	GCF_019670705.1_WP_100146025.1	35.065	88	92	86	77	49	1	5	80	2	78	1.71e-07	50.3
tr|A0A333FHM5|Release	GCF_008693605.1_WP_223849061.1	36.000	88	95	84	75	47	1	1	74	2	76	1.99e-07	50.0
tr|A0A333FHM5|Release	GCF_004353845.1_WP_103770713.1	36.000	88	93	84	75	47	1	1	74	1	75	2.36e-07	50.0
tr|A0A333FHM5|Release	GCF_009730655.1_WP_156020461.1	35.065	88	92	86	77	49	1	5	80	2	78	3.77e-07	49.4
tr|A0A333FHM5|Release	GCF_900682675.2_WP_069898892.1	38.889	88	94	81	72	43	1	7	77	4	75	3.86e-07	49.4
tr|A0A333FHM5|Release	GCF_012971725.1_WP_169940133.1	35.211	88	92	75	71	41	1	5	70	2	72	4.05e-07	49.1
tr|A0A333FHM5|Release	GCF_004328865.1_WP_104643907.1	38.710	88	83	69	62	37	1	10	70	2	63	4.38e-07	48.9
tr|A0A333FHM5|Release	GCF_024205225.1_WP_195881696.1	35.897	88	90	86	78	47	2	5	80	2	78	4.89e-07	48.9
tr|A0A333FHM5|Release	GCF_017329545.1_WP_047884589.1	34.328	88	95	75	67	43	1	5	70	3	69	5.34e-07	48.9
tr|A0A333FHM5|Release	GCF_002215215.1_WP_088918776.1	43.077	88	101	73	65	35	2	7	70	17	80	7.44e-07	48.6
tr|A0A333FHM5|Release	GCF_003668795.1_WP_054981706.1	37.097	88	83	69	62	38	1	10	70	2	63	9.00e-07	48.3
tr|A0A333FHM5|Release	GCF_002215585.1_WP_088903590.1	35.802	88	89	88	81	48	2	7	83	4	84	1.23e-06	48.0
tr|A0A333FHM5|Release	GCF_019047765.1_WP_040231149.1	32.000	88	89	84	75	50	1	1	74	1	75	1.26e-06	48.0
tr|A0A333FHM5|Release	GCF_017167985.1_WP_093053415.1	36.620	88	92	80	71	44	1	5	74	2	72	1.42e-06	47.7
tr|A0A333FHM5|Release	GCF_002221525.1_WP_089349457.1	37.097	88	83	69	62	38	1	10	70	2	63	1.64e-06	47.4
tr|A0A333FHM5|Release	GCF_003957745.1_WP_126168493.1	34.940	88	87	89	83	49	2	7	84	4	86	1.99e-06	47.4
tr|A0A333FHM5|Release	GCF_004684345.1_WP_135321947.1	39.130	88	93	77	69	41	1	7	74	7	75	2.22e-06	47.4
tr|A0A333FHM5|Release	GCF_000178875.2_WP_012197738.1	35.714	88	90	90	84	49	2	5	83	2	85	4.18e-06	46.6
tr|A0A333FHM5|Release	GCF_011397855.1_WP_044414183.1	37.681	88	90	77	69	42	1	7	74	4	72	5.69e-06	46.3
tr|A0A333FHM5|Release	GCF_000015245.1_WP_011761423.1	34.524	88	86	90	84	50	2	5	83	2	85	6.56e-06	46.0
tr|A0A333FHM5|Release	GCF_000238395.3_WP_010553578.1	37.097	88	83	69	62	38	1	10	70	2	63	6.57e-06	46.0
tr|A0A333FHM5|Release	GCF_012767755.2_WP_173176508.1	36.620	88	91	80	71	41	2	5	74	2	69	9.21e-06	45.8
tr|A0A333FHM5|Release	GCF_024971755.1_WP_259474826.1	38.028	88	88	80	71	43	1	5	74	2	72	9.44e-06	45.8
tr|A0A333FHM5|Release	GCF_016834455.1_WP_203325205.1	35.211	88	86	80	71	45	1	5	74	2	72	1.06e-05	45.5
tr|A0A333FHM5|Release	GCF_000146165.2_WP_164925808.1	34.211	88	89	84	76	48	2	5	78	2	77	1.26e-05	45.5
tr|A0A333FHM5|Release	GCF_007197555.1_WP_144048375.1	36.000	88	94	77	75	41	3	7	74	4	78	1.36e-05	45.5
tr|A0A333FHM5|Release	GCF_017354925.1_WP_207321174.1	35.211	88	87	80	71	45	1	5	74	2	72	1.62e-05	44.9
tr|A0A333FHM5|Release	GCF_017354965.1_WP_207380278.1	35.211	88	87	80	71	45	1	5	74	2	72	1.67e-05	44.9
tr|A0A333FHM5|Release	GCF_002157225.2_WP_086934278.1	25.333	88	80	85	75	56	0	8	82	3	77	2.09e-05	44.6
tr|A0A333FHM5|Release	GCF_003025345.2_WP_003155955.1	35.135	88	91	77	74	42	1	7	74	4	77	5.08e-05	43.8
tr|A0A333FHM5|Release	GCF_003063625.1_WP_108601906.1	37.931	88	85	66	58	36	0	10	67	5	62	6.41e-05	43.5
tr|A0A333FHM5|Release	GCF_025402875.1_WP_011791024.1	32.143	88	90	90	84	52	2	5	83	2	85	8.16e-05	43.2
tr|A0A333FHM5|Release	GCF_024347195.1_WP_271272618.1	37.500	88	77	77	72	41	2	5	72	2	73	8.44e-05	42.9
tr|A0A333FHM5|Release	GCF_000012325.1_WP_011045621.1	30.380	88	84	90	79	53	1	10	88	5	81	1.07e-04	42.9
tr|A0A333FHM5|Release	GCF_001677435.1_WP_068615618.1	35.294	88	90	76	68	42	2	4	70	3	69	1.13e-04	42.9
tr|A0A333FHM5|Release	GCF_012767755.2_WP_173171843.1	30.986	88	90	80	71	48	1	5	74	2	72	1.24e-04	42.9
tr|A0A333FHM5|Release	GCF_009068765.1_WP_151900329.1	42.857	88	81	40	35	20	0	10	44	2	36	1.32e-04	42.7
tr|A0A333FHM5|Release	GCF_000014885.1_WP_020912292.1	35.714	88	87	78	70	44	1	6	74	3	72	1.50e-04	42.7
tr|A0A333FHM5|Release	GCF_008033135.1_WP_148717358.1	30.000	88	87	80	70	49	0	5	74	2	71	1.69e-04	42.4
tr|A0A333FHM5|Release	GCF_014905115.1_WP_193151849.1	42.857	88	81	40	35	20	0	10	44	2	36	2.57e-04	41.8
tr|A0A333FHM5|Release	GCF_000148645.1_WP_013347076.1	34.848	88	80	74	66	42	1	10	74	1	66	3.20e-04	41.5
tr|A0A333FHM5|Release	GCF_002005305.1_WP_077753428.1	33.333	88	86	77	69	45	1	7	74	4	72	3.34e-04	41.5
tr|A0A333FHM5|Release	GCF_002355475.1_WP_003455993.1	32.000	88	90	84	75	50	1	7	80	2	76	3.63e-04	41.5
tr|A0A333FHM5|Release	GCF_004358345.1_WP_121852852.1	36.364	88	76	74	66	41	1	7	71	5	70	4.28e-04	41.3
tr|A0A333FHM5|Release	GCF_003970675.1_WP_126615366.1	33.803	88	76	81	71	43	3	4	74	7	73	4.74e-04	41.0
tr|A0A333FHM5|Release	GCF_008807375.1_WP_151133519.1	29.333	88	90	84	75	52	1	7	80	2	76	5.39e-04	41.3
tr|A0A333FHM5|Release	GCF_001999225.1_WP_077537996.1	32.258	88	82	69	62	41	1	10	70	2	63	5.48e-04	41.0
tr|A0A333FHM5|Release	GCF_019703835.1_WP_087020305.1	37.778	88	79	51	45	28	0	10	54	1	45	5.67e-04	41.0
tr|A0A333FHM5|Release	GCF_003967195.1_WP_172597571.1	33.333	88	83	76	72	43	2	5	71	4	75	6.51e-04	41.0
tr|A0A333FHM5|Release	GCF_019670485.1_WP_221071211.1	31.250	88	81	72	64	43	1	10	72	2	65	0.001	40.4
tr|A0A333FHM5|Release	GCF_900637545.1_WP_042651794.1	36.538	88	84	59	52	33	0	5	56	2	53	0.001	40.4
tr|A0A333FHM5|Release	GCF_009938185.1_WP_162048373.1	42.857	88	82	40	35	20	0	10	44	2	36	0.001	40.1
tr|A0A333FHM5|Release	GCF_019797925.1_WP_193521737.1	30.769	88	80	74	65	45	0	10	74	2	66	0.001	40.1
tr|A0A333FHM5|Release	GCF_000968535.2_WP_014147785.1	33.846	88	84	73	65	41	2	8	71	4	67	0.001	39.9
tr|A0A333FHM5|Release	GCF_002849875.1_WP_232379112.1	30.556	88	113	77	72	46	1	6	73	28	99	0.002	40.4
tr|A0A333FHM5|Release	GCF_020423125.1_WP_226170850.1	35.294	88	84	58	51	33	0	6	56	3	53	0.002	39.9
tr|A0A333FHM5|Release	GCF_019669905.1_WP_054759186.1	41.667	88	79	53	48	27	1	8	54	3	50	0.002	39.6
tr|A0A333FHM5|Release	GCF_009938225.1_WP_075649723.1	32.308	88	82	73	65	43	1	10	73	2	66	0.002	39.6
tr|A0A333FHM5|Release	GCF_006385555.1_WP_140234395.1	42.553	88	87	51	47	25	1	9	53	3	49	0.002	39.6
tr|A0A333FHM5|Release	GCF_017742995.1_WP_247749573.1	44.444	88	48	41	36	20	0	10	45	2	37	0.003	38.7
tr|A0A333FHM5|Release	GCF_000788395.1_WP_038641921.1	27.941	88	85	76	68	48	1	8	74	3	70	0.003	39.3
tr|A0A333FHM5|Release	GCF_000026085.1_WP_041454550.1	37.143	88	73	77	70	41	3	7	74	3	71	0.003	38.7
tr|A0A333FHM5|Release	GCF_001831495.1_WP_068547707.1	30.645	88	81	69	62	42	1	10	70	2	63	0.004	39.0
tr|A0A333FHM5|Release	GCF_000024005.1_WP_012793320.1	33.333	88	84	88	81	47	4	2	78	3	80	0.005	38.7
tr|A0A333FHM5|Release	GCF_000785705.2_WP_036272019.1	29.231	88	82	74	65	45	1	10	74	6	69	0.005	38.7
tr|A0A333FHM5|Release	GCF_024346675.1_WP_048897676.1	30.769	88	86	73	65	44	1	7	70	5	69	0.006	38.4
tr|A0A333FHM5|Release	GCF_017638925.1_WP_208844867.1	30.882	88	81	74	68	44	1	10	74	2	69	0.007	38.2
tr|A0A333FHM5|Release	GCF_024494545.1_WP_256384876.1	27.273	88	81	74	66	47	1	10	74	2	67	0.009	37.9
# PSIBLAST 2.13.0+
# Iteration: 2
# Query: tr|A0A333FHM5|Release 2018_10/2018_10|07-Nov-2018
# Database: db/chosen-bacteria_proteome_exDup
# Fields: query id, subject id, % identity, query length, subject length, % query coverage per subject, alignment length, mismatches, gap opens, q. start, q. end, s. start, s. end, evalue, bit score
# 431 hits found
tr|A0A333FHM5|Release	GCF_001461805.1_WP_013367515.1	69.767	88	86	98	86	26	0	1	86	1	86	2.33e-45	146
tr|A0A333FHM5|Release	GCF_020097475.1_WP_000062318.1	67.442	88	86	98	86	28	0	1	86	1	86	4.58e-45	145
tr|A0A333FHM5|Release	GCF_009176645.1_WP_152083529.1	65.116	88	86	98	86	30	0	1	86	1	86	9.51e-45	144
tr|A0A333FHM5|Release	GCF_000006925.2_NP_706134.1	66.279	88	86	98	86	29	0	1	86	1	86	1.23e-44	144
tr|A0A333FHM5|Release	GCF_001518835.1_WP_059308693.1	67.442	88	86	98	86	28	0	1	86	1	86	1.61e-44	144
tr|A0A333FHM5|Release	GCF_001683395.1_WP_017458015.1	65.116	88	86	98	86	30	0	1	86	1	86	1.71e-44	144
tr|A0A333FHM5|Release	GCF_001658025.2_WP_007373243.1	65.116	88	86	98	86	30	0	1	86	1	86	2.43e-44	143
tr|A0A333FHM5|Release	GCF_003594935.2_WP_006173581.1	66.279	88	86	98	86	29	0	1	86	1	86	3.04e-44	143
tr|A0A333FHM5|Release	GCF_027886705.1_WP_061497537.1	65.116	88	86	98	86	30	0	1	86	1	86	3.34e-44	143
tr|A0A333FHM5|Release	GCF_000224675.1_WP_010426685.1	65.116	88	86	98	86	30	0	1	86	1	86	3.50e-44	143
tr|A0A333FHM5|Release	GCF_016904755.1_WP_059234959.1	64.706	88	86	97	85	30	0	1	85	1	85	3.70e-44	143
tr|A0A333FHM5|Release	GCF_009036245.1_WP_025756830.1	65.116	88	86	98	86	30	0	1	86	1	86	4.07e-44	143
tr|A0A333FHM5|Release	GCF_001022135.1_WP_039078449.1	66.279	88	86	98	86	29	0	1	86	1	86	4.24e-44	143
tr|A0A333FHM5|Release	GCF_007632255.1_WP_015368146.1	65.116	88	86	98	86	30	0	1	86	1	86	4.52e-44	143
tr|A0A333FHM5|Release	GCF_025914095.1_WP_031518416.1	65.116	88	86	98	86	30	0	1	86	1	86	5.51e-44	143
tr|A0A333FHM5|Release	GCF_001729805.1_WP_008501890.1	63.953	88	86	98	86	31	0	1	86	1	86	5.69e-44	143
tr|A0A333FHM5|Release	GCF_001558935.2_WP_042323659.1	66.279	88	86	98	86	29	0	1	86	1	86	6.11e-44	142
tr|A0A333FHM5|Release	GCF_015137655.1_WP_028015593.1	63.953	88	86	98	86	31	0	1	86	1	86	7.88e-44	142
tr|A0A333FHM5|Release	GCF_019048625.1_WP_023305471.1	66.279	88	86	98	86	29	0	1	86	1	86	8.20e-44	142
tr|A0A333FHM5|Release	GCF_009363135.1_WP_090122691.1	66.279	88	86	98	86	29	0	1	86	1	86	8.20e-44	142
tr|A0A333FHM5|Release	GCF_004684345.1_WP_135323069.1	66.279	88	86	98	86	29	0	1	86	1	86	8.53e-44	142
tr|A0A333FHM5|Release	GCF_003812345.1_WP_003018503.1	65.116	88	86	98	86	30	0	1	86	1	86	8.74e-44	142
tr|A0A333FHM5|Release	GCF_000240185.1_YP_005225236.1	63.953	88	86	98	86	31	0	1	86	1	86	1.18e-43	142
tr|A0A333FHM5|Release	GCF_003261575.2_WP_110272453.1	65.116	88	86	98	86	30	0	1	86	1	86	1.33e-43	141
tr|A0A333FHM5|Release	GCF_023195735.1_WP_035891978.1	68.605	88	86	98	86	27	0	1	86	1	86	1.35e-43	141
tr|A0A333FHM5|Release	GCF_001750725.1_WP_014168720.1	63.953	88	86	98	86	31	0	1	86	1	86	1.39e-43	141
tr|A0A333FHM5|Release	GCF_021278985.1_WP_012904575.1	65.116	88	86	98	86	30	0	1	86	1	86	1.48e-43	141
tr|A0A333FHM5|Release	GCF_900638065.1_WP_048212636.1	65.116	88	86	98	86	30	0	1	86	1	86	1.56e-43	141
tr|A0A333FHM5|Release	GCF_003812925.1_WP_004107903.1	62.791	88	86	98	86	32	0	1	86	1	86	1.76e-43	141
tr|A0A333FHM5|Release	GCF_018139045.1_WP_004129134.1	62.791	88	86	98	86	32	0	1	86	1	86	1.97e-43	141
tr|A0A333FHM5|Release	GCF_018128425.1_WP_042289833.1	65.116	88	86	98	86	30	0	1	86	1	86	2.01e-43	141
tr|A0A333FHM5|Release	GCF_004353845.1_WP_103768334.1	63.953	88	86	98	86	31	0	1	86	1	86	2.27e-43	141
tr|A0A333FHM5|Release	GCF_021172065.1_WP_015965827.1	63.953	88	86	98	86	31	0	1	86	1	86	2.30e-43	141
tr|A0A333FHM5|Release	GCF_015139575.1_WP_004098776.1	63.953	88	86	98	86	31	0	1	86	1	86	2.34e-43	141
tr|A0A333FHM5|Release	GCF_009648935.1_WP_047417117.1	63.953	88	86	98	86	31	0	1	86	1	86	2.70e-43	141
tr|A0A333FHM5|Release	GCF_009649915.1_WP_062772223.1	67.442	88	86	98	86	28	0	1	86	1	86	2.72e-43	141
tr|A0A333FHM5|Release	GCF_001277255.1_WP_007666633.1	62.791	88	86	98	86	32	0	1	86	1	86	2.79e-43	141
tr|A0A333FHM5|Release	GCF_022637515.1_WP_064539750.1	61.628	88	86	98	86	33	0	1	86	1	86	3.27e-43	141
tr|A0A333FHM5|Release	GCF_003935895.2_WP_110510858.1	65.882	88	86	97	85	29	0	1	85	1	85	3.60e-43	140
tr|A0A333FHM5|Release	GCF_022637595.1_WP_004858152.1	65.116	88	86	98	86	30	0	1	86	1	86	5.18e-43	140
tr|A0A333FHM5|Release	GCF_006711645.1_WP_100682484.1	65.116	88	86	98	86	30	0	1	86	1	86	5.75e-43	140
tr|A0A333FHM5|Release	GCF_001277195.1_WP_032966924.1	62.791	88	86	98	86	32	0	1	86	1	86	7.36e-43	140
tr|A0A333FHM5|Release	GCF_000018045.1_WP_024130681.1	62.791	88	86	98	86	32	0	1	86	1	86	9.95e-43	139
tr|A0A333FHM5|Release	GCF_000834395.1_WP_042546713.1	67.442	88	86	98	86	28	0	1	86	1	86	1.17e-42	139
tr|A0A333FHM5|Release	GCF_000005845.2_NP_414731.2	65.476	88	84	95	84	29	0	3	86	1	84	1.21e-42	139
tr|A0A333FHM5|Release	GCF_001277215.2_WP_007776988.1	60.465	88	86	98	86	34	0	1	86	1	86	1.42e-42	139
tr|A0A333FHM5|Release	GCF_021276285.1_WP_095923198.1	67.857	88	86	95	84	27	0	1	84	1	84	1.49e-42	139
tr|A0A333FHM5|Release	GCF_025758125.1_WP_023480196.1	65.116	88	86	98	86	30	0	1	86	1	86	1.55e-42	139
tr|A0A333FHM5|Release	GCF_004124235.1_WP_025377303.1	67.442	88	86	98	86	28	0	1	86	1	86	1.65e-42	139
tr|A0A333FHM5|Release	GCF_902387845.1_WP_004237241.1	100.000	88	88	100	88	0	0	1	88	1	88	2.14e-42	138
tr|A0A333FHM5|Release	GCF_002393445.1_WP_061273728.1	61.905	88	86	95	84	32	0	1	84	1	84	2.22e-42	138
tr|A0A333FHM5|Release	GCF_013234275.1_WP_172895488.1	60.465	88	86	98	86	34	0	1	86	1	86	2.26e-42	138
tr|A0A333FHM5|Release	GCF_000439255.1_WP_000062328.1	62.791	88	86	98	86	32	0	1	86	1	86	2.35e-42	138
tr|A0A333FHM5|Release	GCF_024224615.1_WP_125293588.1	62.353	88	86	97	85	32	0	1	85	1	85	2.52e-42	138
tr|A0A333FHM5|Release	GCF_013282725.1_WP_032813813.1	67.442	88	86	98	86	28	0	1	86	1	86	2.54e-42	138
tr|A0A333FHM5|Release	GCF_900635955.1_WP_126357486.1	61.905	88	86	95	84	32	0	1	84	1	84	2.71e-42	138
tr|A0A333FHM5|Release	GCF_000834455.1_WP_032817050.1	67.442	88	86	98	86	28	0	1	86	1	86	2.77e-42	138
tr|A0A333FHM5|Release	GCF_011068345.1_WP_002436992.1	61.176	88	86	97	85	33	0	1	85	1	85	2.86e-42	138
tr|A0A333FHM5|Release	GCF_000222975.1_WP_002218374.1	67.442	88	86	98	86	28	0	1	86	1	86	3.00e-42	138
tr|A0A333FHM5|Release	GCF_001277175.1_WP_007760020.1	60.465	88	86	98	86	34	0	1	86	1	86	3.33e-42	138
tr|A0A333FHM5|Release	GCF_012029655.1_WP_041144145.1	63.953	88	86	98	86	31	0	1	86	1	86	3.87e-42	138
tr|A0A333FHM5|Release	GCF_022637475.1_WP_013574214.1	66.667	88	86	95	84	28	0	1	84	1	84	3.90e-42	138
tr|A0A333FHM5|Release	GCF_002163605.1_WP_157665988.1	66.279	88	86	98	86	29	0	1	86	1	86	3.97e-42	138
tr|A0A333FHM5|Release	GCF_025133195.1_WP_032910235.1	65.116	88	86	98	86	30	0	1	86	1	86	9.36e-42	137
tr|A0A333FHM5|Release	GCF_009730055.1_WP_032906500.1	67.442	88	86	98	86	28	0	1	86	1	86	1.05e-41	137
tr|A0A333FHM5|Release	GCF_012427845.1_WP_012773648.1	60.465	88	86	98	86	34	0	1	86	1	86	1.62e-41	136
tr|A0A333FHM5|Release	GCF_001010285.1_WP_046974061.1	65.909	88	88	100	88	30	0	1	88	1	88	1.75e-41	136
tr|A0A333FHM5|Release	GCF_017498685.1_WP_038245151.1	66.279	88	86	98	86	29	0	1	86	1	86	1.81e-41	136
tr|A0A333FHM5|Release	GCF_005484945.1_WP_137712817.1	61.628	88	86	98	86	33	0	1	86	1	86	1.94e-41	136
tr|A0A333FHM5|Release	GCF_000006945.2_NP_459242.1	62.791	88	86	98	86	32	0	1	86	1	86	2.55e-41	136
tr|A0A333FHM5|Release	GCF_002288545.1_WP_029367608.1	60.465	88	86	98	86	34	0	1	86	1	86	2.78e-41	135
tr|A0A333FHM5|Release	GCF_000025065.1_WP_012883679.1	60.000	88	86	97	85	34	0	1	85	1	85	4.77e-41	135
tr|A0A333FHM5|Release	GCF_009873295.1_WP_039312412.1	60.465	88	86	98	86	34	0	1	86	1	86	5.64e-41	135
tr|A0A333FHM5|Release	GCF_020181655.1_WP_225087160.1	61.628	88	86	98	86	33	0	1	86	1	86	6.72e-41	135
tr|A0A333FHM5|Release	GCF_003019925.1_WP_162185254.1	65.476	88	86	95	84	29	0	1	84	1	84	7.51e-41	134
tr|A0A333FHM5|Release	GCF_000517425.1_WP_025421126.1	57.143	88	86	95	84	36	0	1	84	1	84	8.00e-41	134
tr|A0A333FHM5|Release	GCF_000023565.1_WP_012770818.1	58.824	88	86	97	85	35	0	1	85	1	85	8.06e-41	134
tr|A0A333FHM5|Release	GCF_009931295.1_WP_161528353.1	60.465	88	86	98	86	34	0	1	86	1	86	1.13e-40	134
tr|A0A333FHM5|Release	GCF_000233595.1_WP_013024706.1	57.647	88	86	97	85	36	0	1	85	1	85	1.13e-40	134
tr|A0A333FHM5|Release	GCF_000010085.1_WP_011411656.1	57.143	88	86	95	84	36	0	1	84	1	84	1.17e-40	134
tr|A0A333FHM5|Release	GCF_000023545.1_WP_015854637.1	59.302	88	86	98	86	35	0	1	86	1	86	1.35e-40	134
tr|A0A333FHM5|Release	GCF_000740965.1_WP_011092648.1	59.302	88	86	98	86	35	0	1	86	1	86	1.38e-40	134
tr|A0A333FHM5|Release	GCF_002953195.1_WP_038628016.1	58.140	88	87	98	86	36	0	1	86	1	86	1.80e-40	134
tr|A0A333FHM5|Release	GCF_011617105.1_WP_025800203.1	65.116	88	86	98	86	30	0	1	86	1	86	1.89e-40	134
tr|A0A333FHM5|Release	GCF_011044475.1_WP_033740322.1	57.647	88	86	97	85	36	0	1	85	1	85	2.00e-40	134
tr|A0A333FHM5|Release	GCF_000196475.1_WP_012776850.1	64.773	88	88	100	88	31	0	1	88	1	88	2.73e-40	133
tr|A0A333FHM5|Release	GCF_001742185.1_WP_005975933.1	59.302	88	86	98	86	35	0	1	86	1	86	2.81e-40	133
tr|A0A333FHM5|Release	GCF_017569925.1_WP_208228065.1	59.302	88	86	98	86	35	0	1	86	1	86	2.85e-40	133
tr|A0A333FHM5|Release	GCF_023517775.1_WP_249893541.1	60.465	88	87	98	86	34	0	1	86	1	86	3.00e-40	133
tr|A0A333FHM5|Release	GCF_020079945.1_WP_039382769.1	59.770	88	87	99	87	35	0	1	87	1	87	3.05e-40	133
tr|A0A333FHM5|Release	GCF_900095885.1_WP_035340381.1	58.140	88	86	98	86	36	0	1	86	1	86	3.07e-40	133
tr|A0A333FHM5|Release	GCF_002812485.1_WP_038661467.1	60.000	88	86	97	85	34	0	1	85	1	85	3.09e-40	133
tr|A0A333FHM5|Release	GCF_019797845.1_WP_222158377.1	62.791	88	86	98	86	32	0	1	86	1	86	3.14e-40	133
tr|A0A333FHM5|Release	GCF_000262305.1_WP_002441069.1	58.140	88	86	98	86	36	0	1	86	1	86	3.77e-40	133
tr|A0A333FHM5|Release	GCF_019090985.1_WP_036781226.1	63.636	88	88	100	88	32	0	1	88	1	88	4.07e-40	133
tr|A0A333FHM5|Release	GCF_007858975.2_WP_042869176.1	61.176	88	86	97	85	33	0	1	85	1	85	4.25e-40	133
tr|A0A333FHM5|Release	GCF_009914055.1_WP_160619715.1	59.302	88	87	98	86	35	0	1	86	1	86	4.36e-40	133
tr|A0A333FHM5|Release	GCF_000196615.1_WP_013200864.1	58.140	88	87	98	86	36	0	1	86	1	86	4.68e-40	132
tr|A0A333FHM5|Release	GCF_002101395.1_WP_085067900.1	58.140	88	87	98	86	36	0	1	86	1	86	5.45e-40	132
tr|A0A333FHM5|Release	GCF_003992745.1_WP_014700896.1	58.140	88	86	98	86	36	0	1	86	1	86	5.56e-40	132
tr|A0A333FHM5|Release	GCF_016026735.1_WP_015673540.1	55.814	88	87	98	86	38	0	1	86	1	86	6.44e-40	132
tr|A0A333FHM5|Release	GCF_002291445.1_WP_048635886.1	59.302	88	86	98	86	35	0	1	86	1	86	6.95e-40	132
tr|A0A333FHM5|Release	GCF_005484965.1_WP_009114129.1	62.791	88	86	98	86	32	0	1	86	1	86	8.41e-40	132
tr|A0A333FHM5|Release	GCF_003515985.1_WP_085653101.1	58.824	88	86	97	85	35	0	1	85	1	85	8.61e-40	132
tr|A0A333FHM5|Release	GCF_000520015.2_WP_024910172.1	58.140	88	87	98	86	36	0	1	86	1	86	9.50e-40	132
tr|A0A333FHM5|Release	GCF_003403135.1_WP_024104894.1	60.000	88	86	97	85	34	0	1	85	1	85	1.04e-39	132
tr|A0A333FHM5|Release	GCF_009817885.1_WP_105232289.1	58.140	88	87	98	86	36	0	1	86	1	86	1.11e-39	132
tr|A0A333FHM5|Release	GCF_015999465.1_WP_085688159.1	57.647	88	86	97	85	36	0	1	85	1	85	1.14e-39	132
tr|A0A333FHM5|Release	GCF_020150375.1_WP_004094310.1	63.953	88	86	98	86	31	0	1	86	1	86	1.22e-39	131
tr|A0A333FHM5|Release	GCF_000147055.1_WP_022632468.1	58.824	88	86	97	85	35	0	1	85	1	85	1.44e-39	131
tr|A0A333FHM5|Release	GCF_019890955.1_WP_211725887.1	57.471	88	87	99	87	37	0	1	87	1	87	1.47e-39	131
tr|A0A333FHM5|Release	GCF_020268605.1_WP_180560445.1	62.500	88	88	100	88	33	0	1	88	1	88	1.67e-39	131
tr|A0A333FHM5|Release	GCF_021462285.1_WP_234585968.1	58.140	88	87	98	86	36	0	1	86	1	86	2.31e-39	131
tr|A0A333FHM5|Release	GCF_001642805.2_WP_004931991.1	58.140	88	87	98	86	36	0	1	86	1	86	2.41e-39	131
tr|A0A333FHM5|Release	GCF_900187015.1_WP_061796701.1	58.140	88	87	98	86	36	0	1	86	1	86	2.89e-39	130
tr|A0A333FHM5|Release	GCF_004792415.1_WP_013356856.1	55.952	88	86	95	84	37	0	1	84	1	84	3.38e-39	130
tr|A0A333FHM5|Release	GCF_022647505.1_WP_128179458.1	58.140	88	87	98	86	36	0	1	86	1	86	4.00e-39	130
tr|A0A333FHM5|Release	GCF_004768525.1_WP_026822068.1	63.636	88	88	100	88	32	0	1	88	1	88	4.42e-39	130
tr|A0A333FHM5|Release	GCF_020683125.1_WP_133842177.1	56.977	88	88	98	86	37	0	1	86	2	87	5.39e-39	130
tr|A0A333FHM5|Release	GCF_019047765.1_WP_040230035.1	66.279	88	86	98	86	29	0	1	86	1	86	6.23e-39	130
tr|A0A333FHM5|Release	GCF_000196155.1_WP_011145066.1	61.364	88	88	100	88	34	0	1	88	1	88	7.11e-39	130
tr|A0A333FHM5|Release	GCF_000264765.2_WP_034163237.1	63.953	88	86	98	86	31	0	1	86	1	86	8.70e-39	129
tr|A0A333FHM5|Release	GCF_009646115.1_WP_008925644.1	55.952	88	86	95	84	37	0	1	84	1	84	1.09e-38	129
tr|A0A333FHM5|Release	GCF_019844095.1_WP_062747070.1	55.814	88	88	98	86	38	0	1	86	2	87	1.21e-38	129
tr|A0A333FHM5|Release	GCF_017348915.1_WP_040077077.1	67.442	88	86	98	86	28	0	1	86	1	86	1.31e-38	129
tr|A0A333FHM5|Release	GCF_019048385.1_WP_062759648.1	55.952	88	86	95	84	37	0	1	84	1	84	1.45e-38	129
tr|A0A333FHM5|Release	GCF_000026185.1_WP_012440659.1	54.118	88	87	97	85	39	0	1	85	1	85	1.56e-38	128
tr|A0A333FHM5|Release	GCF_013460135.1_WP_180816665.1	62.500	88	88	100	88	33	0	1	88	1	88	1.63e-38	128
tr|A0A333FHM5|Release	GCF_022647325.1_WP_111140597.1	54.762	88	86	95	84	38	0	1	84	1	84	3.31e-38	128
tr|A0A333FHM5|Release	GCF_002291425.1_WP_095847471.1	59.302	88	87	98	86	35	0	1	86	1	86	9.32e-38	126
tr|A0A333FHM5|Release	GCF_021733145.1_WP_012847629.1	62.353	88	86	97	85	32	0	1	85	1	85	1.16e-37	126
tr|A0A333FHM5|Release	GCF_025946765.1_WP_264497926.1	57.647	88	86	97	85	36	0	1	85	1	85	1.78e-37	126
tr|A0A333FHM5|Release	GCF_017743015.1_WP_209027287.1	62.791	88	88	98	86	32	0	1	86	1	86	1.88e-37	126
tr|A0A333FHM5|Release	GCF_003204135.1_WP_004908806.1	59.302	88	87	98	86	35	0	1	86	1	86	2.13e-37	126
tr|A0A333FHM5|Release	GCF_021365465.1_WP_016190321.1	58.140	88	87	98	86	36	0	1	86	1	86	2.50e-37	126
tr|A0A333FHM5|Release	GCF_900475855.1_WP_068441311.1	59.302	88	87	98	86	35	0	1	86	1	86	2.52e-37	126
tr|A0A333FHM5|Release	GCF_002843235.3_WP_102139922.1	59.302	88	87	98	86	35	0	1	86	1	86	2.75e-37	125
tr|A0A333FHM5|Release	GCF_000091565.1_WP_004159420.1	54.762	88	87	95	84	38	0	1	84	1	84	3.66e-37	125
tr|A0A333FHM5|Release	GCF_000517405.1_WP_038469034.1	56.250	88	83	91	80	35	0	5	84	2	81	5.14e-37	125
tr|A0A333FHM5|Release	GCF_029277985.1_WP_154623766.1	59.302	88	87	98	86	35	0	1	86	1	86	7.41e-37	124
tr|A0A333FHM5|Release	GCF_020541225.1_WP_226811316.1	54.762	88	86	95	84	38	0	1	84	1	84	1.40e-36	124
tr|A0A333FHM5|Release	GCF_002393505.1_WP_006658392.1	59.302	88	87	98	86	35	0	1	86	1	86	1.43e-36	124
tr|A0A333FHM5|Release	GCF_022592395.1_WP_047255099.1	60.465	88	87	98	86	34	0	1	86	1	86	1.78e-36	123
tr|A0A333FHM5|Release	GCF_001721185.1_WP_069317984.1	63.953	88	87	98	86	31	0	1	86	1	86	1.92e-36	123
tr|A0A333FHM5|Release	GCF_020342335.1_WP_067428135.1	54.762	88	87	95	84	38	0	1	84	1	84	2.27e-36	123
tr|A0A333FHM5|Release	GCF_002952315.1_WP_012667243.1	50.588	88	87	97	85	42	0	1	85	1	85	3.44e-36	123
tr|A0A333FHM5|Release	GCF_000968195.1_WP_045972480.1	59.770	88	87	98	87	34	1	1	86	1	87	3.84e-36	123
tr|A0A333FHM5|Release	GCF_002504285.1_WP_005282992.1	62.791	88	86	98	86	32	0	1	86	1	86	3.89e-36	123
tr|A0A333FHM5|Release	GCF_900638135.1_WP_012146468.1	53.488	88	87	98	86	40	0	1	86	1	86	4.80e-36	122
tr|A0A333FHM5|Release	GCF_000968175.1_WP_045959360.1	59.770	88	88	98	87	34	1	1	86	1	87	5.42e-36	122
tr|A0A333FHM5|Release	GCF_000069965.1_WP_004245453.1	57.831	88	86	94	83	35	0	1	83	1	83	6.74e-36	122
tr|A0A333FHM5|Release	GCF_000261045.2_WP_006318653.1	54.651	88	87	98	86	39	0	1	86	1	86	1.47e-35	121
tr|A0A333FHM5|Release	GCF_009831665.3_WP_006709226.1	50.000	88	87	98	86	43	0	1	86	1	86	1.82e-35	121
tr|A0A333FHM5|Release	GCF_014295015.1_WP_013185414.1	63.218	88	87	98	87	31	1	1	86	1	87	1.90e-35	121
tr|A0A333FHM5|Release	GCF_004295645.1_WP_228350951.1	65.854	88	88	93	82	28	0	3	84	4	85	2.30e-35	121
tr|A0A333FHM5|Release	GCF_011045835.1_WP_075671674.1	57.831	88	86	94	83	35	0	1	83	1	83	2.44e-35	120
tr|A0A333FHM5|Release	GCF_003096015.2_WP_230514010.1	65.854	88	88	93	82	28	0	3	84	4	85	2.55e-35	120
tr|A0A333FHM5|Release	GCF_016026395.1_WP_024524235.1	61.628	88	86	98	86	33	0	1	86	1	86	2.71e-35	120
tr|A0A333FHM5|Release	GCF_900478135.1_WP_111739359.1	68.293	88	88	93	82	26	0	3	84	4	85	3.11e-35	120
tr|A0A333FHM5|Release	GCF_022369495.1_WP_072064250.1	56.627	88	86	94	83	36	0	1	83	1	83	4.68e-35	120
tr|A0A333FHM5|Release	GCF_000214235.1_WP_004952197.1	54.762	88	85	95	84	38	0	3	86	1	84	4.94e-35	120
tr|A0A333FHM5|Release	GCF_003074995.2_WP_015870269.1	59.036	88	86	94	83	34	0	1	83	1	83	7.55e-35	119
tr|A0A333FHM5|Release	GCF_900638655.1_WP_047781753.1	64.634	88	88	93	82	29	0	3	84	4	85	8.54e-35	119
tr|A0A333FHM5|Release	GCF_004116975.1_WP_064720954.1	60.241	88	86	94	83	33	0	1	83	1	83	1.18e-34	119
tr|A0A333FHM5|Release	GCF_008364325.2_WP_230090436.1	55.952	88	85	95	84	37	0	3	86	1	84	1.23e-34	119
tr|A0A333FHM5|Release	GCF_001006005.1_WP_223499701.1	53.571	88	85	95	84	39	0	3	86	1	84	1.28e-34	119
tr|A0A333FHM5|Release	GCF_005671395.1_WP_138095872.1	60.256	88	86	89	78	31	0	1	78	1	78	9.75e-34	116
tr|A0A333FHM5|Release	GCF_002355475.1_WP_004421315.1	38.272	88	91	91	81	49	1	3	82	1	81	1.07e-28	104
tr|A0A333FHM5|Release	GCF_008693605.1_WP_223849061.1	30.337	88	95	100	89	61	1	1	88	2	90	2.94e-28	103
tr|A0A333FHM5|Release	GCF_003812345.1_WP_121571778.1	31.461	88	94	100	89	60	1	1	88	1	89	3.78e-28	102
tr|A0A333FHM5|Release	GCF_013200955.2_WP_173204463.1	33.333	88	91	91	81	53	1	3	82	1	81	1.13e-27	101
tr|A0A333FHM5|Release	GCF_001597285.1_WP_061903727.1	37.179	88	92	88	78	48	1	6	82	3	80	1.27e-27	101
tr|A0A333FHM5|Release	GCF_004353845.1_WP_103770713.1	31.818	88	93	99	88	59	1	1	87	1	88	2.10e-27	100
tr|A0A333FHM5|Release	GCF_008693645.1_WP_137347870.1	31.818	88	89	99	88	59	1	1	87	1	88	3.43e-27	100
tr|A0A333FHM5|Release	GCF_001708425.1_WP_055136127.1	36.905	88	94	90	84	48	2	5	83	2	85	3.82e-27	100
tr|A0A333FHM5|Release	GCF_000733715.2_WP_017362912.1	32.911	88	90	89	79	52	1	5	82	2	80	4.32e-27	 99
tr|A0A333FHM5|Release	GCF_001594225.2_WP_064379396.1	34.884	88	92	92	86	51	2	5	85	2	87	6.31e-27	99.7
tr|A0A333FHM5|Release	GCF_008807375.1_WP_151138908.1	35.802	88	91	91	81	51	1	3	82	1	81	7.38e-27	99.4
tr|A0A333FHM5|Release	GCF_000297075.2_WP_003461742.1	32.911	88	90	89	79	52	1	5	82	2	80	8.16e-27	99.4
tr|A0A333FHM5|Release	GCF_013409125.2_WP_099525265.1	32.911	88	90	89	79	52	1	5	82	2	80	1.20e-26	98.8
tr|A0A333FHM5|Release	GCF_021029445.1_WP_230924827.1	30.233	88	89	93	86	56	1	5	86	2	87	2.42e-26	98.0
tr|A0A333FHM5|Release	GCF_024205225.1_WP_195881696.1	31.646	88	90	89	79	53	1	5	82	2	80	3.03e-26	97.7
tr|A0A333FHM5|Release	GCF_017167985.1_WP_079784061.1	34.177	88	90	89	79	51	1	5	82	2	80	4.29e-26	97.4
tr|A0A333FHM5|Release	GCF_004684345.1_WP_135321947.1	33.735	88	93	93	83	54	1	1	82	1	83	1.06e-25	96.6
tr|A0A333FHM5|Release	GCF_017167985.1_WP_093053415.1	32.911	88	92	89	79	52	1	5	82	2	80	1.16e-25	96.3
tr|A0A333FHM5|Release	GCF_017915135.1_WP_210390879.1	32.911	88	90	89	79	52	1	5	82	2	80	1.84e-25	95.8
tr|A0A333FHM5|Release	GCF_000178875.2_WP_012197738.1	35.714	88	90	90	84	49	2	5	83	2	85	2.47e-25	95.5
tr|A0A333FHM5|Release	GCF_013423785.1_WP_180308358.1	38.356	88	88	83	73	45	0	1	73	1	73	3.16e-25	95.2
tr|A0A333FHM5|Release	GCF_003957745.1_WP_126168493.1	34.118	88	87	91	85	51	2	5	84	2	86	3.88e-25	94.9
tr|A0A333FHM5|Release	GCF_019047765.1_WP_040231149.1	28.916	88	89	93	83	58	1	1	82	1	83	6.91e-25	94.3
tr|A0A333FHM5|Release	GCF_020991025.1_WP_152109250.1	38.554	88	83	93	83	50	1	3	84	1	83	8.74e-25	94.1
tr|A0A333FHM5|Release	GCF_019670705.1_WP_100146025.1	34.091	88	92	94	88	53	2	5	87	2	89	1.11e-24	93.8
tr|A0A333FHM5|Release	GCF_900682675.2_WP_069898892.1	37.838	88	94	83	74	45	1	5	77	2	75	1.25e-24	93.8
tr|A0A333FHM5|Release	GCF_000015245.1_WP_011761423.1	34.524	88	86	90	84	50	2	5	83	2	85	1.36e-24	93.5
tr|A0A333FHM5|Release	GCF_016834455.1_WP_203325205.1	33.766	88	86	86	77	50	1	5	80	2	78	1.61e-24	93.2
tr|A0A333FHM5|Release	GCF_025402875.1_WP_011791024.1	32.143	88	90	90	84	52	2	5	83	2	85	2.14e-24	93.2
tr|A0A333FHM5|Release	GCF_009730655.1_WP_156020461.1	35.065	88	92	86	77	49	1	5	80	2	78	2.77e-24	92.9
tr|A0A333FHM5|Release	GCF_002355475.1_WP_003455993.1	30.667	88	90	84	75	51	1	7	80	2	76	4.81e-24	92.1
tr|A0A333FHM5|Release	GCF_024971755.1_WP_259474826.1	34.524	88	88	90	84	50	2	5	83	2	85	5.70e-24	92.1
tr|A0A333FHM5|Release	GCF_012767755.2_WP_173171843.1	29.114	88	90	89	79	55	1	5	82	2	80	6.35e-24	91.8
tr|A0A333FHM5|Release	GCF_012767755.2_WP_173176508.1	33.766	88	91	86	77	47	2	5	80	2	75	7.06e-24	91.8
tr|A0A333FHM5|Release	GCF_011397855.1_WP_044414183.1	35.065	88	90	86	77	49	1	5	80	2	78	7.44e-24	91.8
tr|A0A333FHM5|Release	GCF_008807375.1_WP_151133519.1	28.000	88	90	84	75	53	1	7	80	2	76	1.36e-23	91.0
tr|A0A333FHM5|Release	GCF_029457395.1_WP_024766443.1	34.211	88	92	81	76	45	1	5	75	2	77	1.41e-23	91.0
tr|A0A333FHM5|Release	GCF_017354925.1_WP_207321174.1	33.766	88	87	86	77	50	1	5	80	2	78	1.54e-23	91.0
tr|A0A333FHM5|Release	GCF_017354965.1_WP_207380278.1	33.766	88	87	86	77	50	1	5	80	2	78	2.97e-23	90.1
tr|A0A333FHM5|Release	GCF_012971725.1_WP_169940133.1	32.895	88	92	81	76	46	1	5	75	2	77	3.35e-23	90.1
tr|A0A333FHM5|Release	GCF_002215585.1_WP_088903590.1	32.927	88	89	89	82	51	1	6	83	3	84	1.01e-22	88.7
tr|A0A333FHM5|Release	GCF_000014885.1_WP_020912292.1	33.784	88	87	83	74	48	1	5	77	2	75	1.42e-21	85.9
tr|A0A333FHM5|Release	GCF_008033135.1_WP_148717358.1	28.947	88	87	86	76	54	0	5	80	2	77	2.58e-21	85.3
tr|A0A333FHM5|Release	GCF_014524625.1_WP_009050814.1	25.000	88	92	90	84	58	2	5	83	2	85	5.20e-21	84.5
tr|A0A333FHM5|Release	GCF_017329545.1_WP_047884589.1	33.333	88	95	77	69	45	1	3	70	1	69	6.43e-21	84.2
tr|A0A333FHM5|Release	GCF_000146165.2_WP_164925808.1	34.211	88	89	84	76	48	2	5	78	2	77	6.55e-21	84.2
tr|A0A333FHM5|Release	GCF_003025345.2_WP_003155955.1	32.143	88	91	89	84	51	1	5	82	2	85	2.56e-20	82.8
tr|A0A333FHM5|Release	GCF_002005305.1_WP_077753428.1	28.571	88	86	90	84	55	2	5	83	2	85	1.88e-19	80.6
tr|A0A333FHM5|Release	GCF_003515105.1_WP_036973086.1	38.028	88	73	80	71	43	1	6	75	2	72	2.56e-19	79.7
tr|A0A333FHM5|Release	GCF_001677435.1_WP_068615618.1	30.263	88	90	85	76	51	2	3	77	2	76	5.14e-19	79.4
tr|A0A333FHM5|Release	GCF_000016065.1_WP_011864074.1	29.870	88	93	86	77	52	2	5	80	2	77	1.67e-18	78.0
tr|A0A333FHM5|Release	GCF_004358345.1_WP_121852852.1	34.286	88	76	78	70	45	1	3	71	1	70	4.17e-18	76.9
tr|A0A333FHM5|Release	GCF_019669905.1_WP_054759186.1	37.736	88	79	59	53	32	1	8	59	3	55	1.48e-17	75.5
tr|A0A333FHM5|Release	GCF_024346675.1_WP_048897676.1	27.536	88	86	77	69	49	1	3	70	1	69	1.91e-17	75.2
tr|A0A333FHM5|Release	GCF_002218045.2_WP_089137819.1	39.189	88	79	80	74	41	2	4	73	3	76	2.22e-17	74.9
tr|A0A333FHM5|Release	GCF_002157225.2_WP_086934278.1	26.027	88	80	83	73	54	0	10	82	5	77	2.31e-17	74.9
tr|A0A333FHM5|Release	GCF_003967195.1_WP_172597571.1	32.432	88	83	78	74	45	2	3	71	2	75	2.91e-17	74.9
tr|A0A333FHM5|Release	GCF_009938225.1_WP_075649723.1	32.308	88	82	73	65	43	1	10	73	2	66	3.08e-17	74.7
tr|A0A333FHM5|Release	GCF_015209785.1_WP_193988300.1	39.706	88	73	76	68	40	1	6	72	2	69	3.50e-17	74.4
tr|A0A333FHM5|Release	GCF_007197555.1_WP_144048375.1	32.051	88	94	81	78	46	2	5	75	2	79	4.70e-17	74.4
tr|A0A333FHM5|Release	GCF_002215215.1_WP_088918776.1	40.000	88	101	78	70	40	2	5	73	15	83	7.14e-17	74.1
tr|A0A333FHM5|Release	GCF_008364325.2_WP_020826409.1	26.027	88	84	82	73	50	2	5	76	2	71	1.18e-16	73.2
tr|A0A333FHM5|Release	GCF_000968535.2_WP_014147785.1	33.846	88	84	73	65	41	2	8	71	4	67	1.18e-16	73.2
tr|A0A333FHM5|Release	GCF_900637545.1_WP_042651794.1	31.429	88	84	80	70	45	1	5	74	2	68	2.11e-16	72.7
tr|A0A333FHM5|Release	GCF_020423125.1_WP_226170850.1	32.727	88	84	63	55	37	0	6	60	3	57	2.83e-16	72.4
tr|A0A333FHM5|Release	GCF_020405345.1_WP_017780573.1	31.429	88	89	80	70	45	2	5	74	2	68	3.13e-16	72.4
tr|A0A333FHM5|Release	GCF_014905115.1_WP_193151849.1	33.846	88	81	73	65	42	1	10	73	2	66	4.65e-16	71.6
tr|A0A333FHM5|Release	GCF_001007935.1_WP_046849946.1	23.881	88	84	75	67	50	1	8	73	4	70	5.73e-16	71.6
tr|A0A333FHM5|Release	GCF_016026875.1_WP_045525981.1	36.538	88	89	59	52	33	0	5	56	2	53	1.16e-15	70.7
tr|A0A333FHM5|Release	GCF_028355655.1_WP_087756847.1	32.836	88	84	70	67	40	1	6	67	3	69	1.24e-15	70.7
tr|A0A333FHM5|Release	GCF_024347195.1_WP_271272618.1	36.111	88	77	77	72	42	2	5	72	2	73	1.62e-15	70.2
tr|A0A333FHM5|Release	GCF_000785705.2_WP_036272019.1	29.688	88	82	73	64	44	1	10	73	6	68	2.19e-15	69.9
tr|A0A333FHM5|Release	GCF_024347475.1_WP_239840920.1	28.571	88	83	70	63	44	1	10	71	2	64	2.33e-15	69.9
tr|A0A333FHM5|Release	GCF_019797925.1_WP_193521737.1	30.769	88	80	74	65	45	0	10	74	2	66	2.35e-15	69.9
tr|A0A333FHM5|Release	GCF_000801295.1_WP_171816254.1	30.952	88	99	92	84	54	2	1	81	1	83	3.03e-15	69.9
tr|A0A333FHM5|Release	GCF_000148645.1_WP_013347076.1	34.848	88	80	74	66	42	1	10	74	1	66	3.22e-15	69.6
tr|A0A333FHM5|Release	GCF_005931095.1_WP_017839868.1	30.769	88	84	73	65	43	2	8	71	4	67	4.07e-15	69.3
tr|A0A333FHM5|Release	GCF_000012325.1_WP_011045621.1	30.380	88	84	90	79	53	1	10	88	5	81	4.07e-15	69.3
tr|A0A333FHM5|Release	GCF_024347355.1_WP_105024956.1	28.571	88	83	70	63	44	1	10	71	2	64	4.33e-15	69.3
tr|A0A333FHM5|Release	GCF_009068765.1_WP_151900329.1	30.769	88	81	73	65	44	1	10	73	2	66	4.57e-15	69.0
tr|A0A333FHM5|Release	GCF_009938185.1_WP_162048373.1	29.231	88	82	73	65	45	1	10	73	2	66	5.11e-15	69.0
tr|A0A333FHM5|Release	GCF_004328865.1_WP_104643907.1	38.095	88	83	70	63	38	1	10	71	2	64	6.14e-15	68.7
tr|A0A333FHM5|Release	GCF_024360925.2_WP_255188929.1	30.645	88	83	69	62	41	2	10	70	6	66	6.34e-15	68.7
tr|A0A333FHM5|Release	GCF_005877035.1_WP_039486662.1	38.095	88	83	70	63	38	1	10	71	2	64	6.92e-15	68.7
tr|A0A333FHM5|Release	GCF_020149575.1_WP_224431657.1	35.294	88	85	58	51	33	0	6	56	3	53	6.94e-15	68.7
tr|A0A333FHM5|Release	GCF_014169735.1_WP_134997272.1	27.273	88	86	63	55	40	0	6	60	3	57	7.64e-15	68.7
tr|A0A333FHM5|Release	GCF_006742785.1_WP_172630283.1	27.869	88	88	68	61	43	1	8	67	3	63	7.84e-15	68.7
tr|A0A333FHM5|Release	GCF_003063625.1_WP_108601906.1	32.857	88	85	76	70	44	1	10	76	5	74	8.19e-15	68.5
tr|A0A333FHM5|Release	GCF_003668795.1_WP_054981706.1	36.508	88	83	70	63	39	1	10	71	2	64	8.64e-15	68.5
tr|A0A333FHM5|Release	GCF_003015165.1_WP_106887831.1	30.909	88	84	63	55	38	0	6	60	3	57	9.00e-15	68.5
tr|A0A333FHM5|Release	GCF_009938205.1_WP_075706454.1	32.308	88	82	73	65	43	1	10	73	2	66	9.42e-15	68.5
tr|A0A333FHM5|Release	GCF_000214665.1_WP_013819542.1	27.692	88	83	73	65	45	2	10	73	6	69	9.97e-15	68.5
tr|A0A333FHM5|Release	GCF_002221525.1_WP_089349457.1	36.508	88	83	70	63	39	1	10	71	2	64	1.11e-14	68.2
tr|A0A333FHM5|Release	GCF_002849875.1_WP_232379112.1	30.556	88	113	77	72	46	1	6	73	28	99	1.20e-14	68.7
tr|A0A333FHM5|Release	GCF_000009145.1_WP_041356315.1	24.286	88	90	75	70	49	2	10	75	6	75	1.32e-14	68.2
tr|A0A333FHM5|Release	GCF_008693705.1_WP_127008315.1	35.294	88	84	58	51	33	0	6	56	3	53	1.70e-14	67.9
tr|A0A333FHM5|Release	GCF_001651805.1_WP_067384150.1	33.333	88	78	76	72	43	3	6	72	3	74	2.29e-14	67.3
tr|A0A333FHM5|Release	GCF_024494545.1_WP_256384876.1	27.273	88	81	74	66	47	1	10	74	2	67	2.36e-14	67.3
tr|A0A333FHM5|Release	GCF_000238395.3_WP_010553578.1	36.508	88	83	70	63	39	1	10	71	2	64	2.46e-14	67.3
tr|A0A333FHM5|Release	GCF_016127195.1_WP_042032742.1	31.579	88	89	65	57	39	0	6	62	3	59	4.22e-14	66.8
tr|A0A333FHM5|Release	GCF_022371215.1_WP_239718047.1	27.692	88	83	73	65	46	1	10	73	2	66	4.69e-14	66.5
tr|A0A333FHM5|Release	GCF_019670125.1_WP_221076876.1	32.258	88	81	69	62	41	1	10	70	2	63	4.75e-14	66.5
tr|A0A333FHM5|Release	GCF_008329985.2_WP_149283950.1	33.333	88	81	70	63	41	1	10	71	2	64	4.83e-14	66.5
tr|A0A333FHM5|Release	GCF_024746855.1_WP_260492542.1	27.692	88	79	74	65	47	0	10	74	2	66	6.79e-14	66.2
tr|A0A333FHM5|Release	GCF_016026615.1_WP_197928313.1	33.333	88	89	58	51	34	0	6	56	3	53	7.48e-14	66.2
tr|A0A333FHM5|Release	GCF_002407485.1_WP_096780111.1	33.333	88	81	70	63	41	1	10	71	2	64	8.49e-14	65.9
tr|A0A333FHM5|Release	GCF_001999225.1_WP_077537996.1	31.746	88	82	70	63	42	1	10	71	2	64	9.96e-14	65.7
tr|A0A333FHM5|Release	GCF_003970675.1_WP_126615366.1	32.394	88	76	81	71	44	2	4	74	7	73	1.77e-13	65.1
tr|A0A333FHM5|Release	GCF_024347495.1_WP_137371745.1	27.692	88	80	73	65	46	1	10	73	2	66	1.82e-13	65.1
tr|A0A333FHM5|Release	GCF_001456255.1_WP_020335096.1	26.984	88	81	70	63	45	1	10	71	2	64	2.54e-13	64.8
tr|A0A333FHM5|Release	GCF_000014765.1_WP_011633385.1	23.750	88	89	86	80	57	2	8	83	3	82	2.88e-13	64.8
tr|A0A333FHM5|Release	GCF_000788395.1_WP_038641921.1	28.788	88	85	74	66	46	1	10	74	5	70	3.97e-13	64.2
tr|A0A333FHM5|Release	GCF_019670105.1_WP_040307707.1	27.692	88	81	73	65	46	1	10	73	2	66	6.37e-13	63.7
tr|A0A333FHM5|Release	GCF_001020955.1_WP_047250467.1	31.646	88	82	85	79	50	2	1	75	1	79	6.79e-13	63.7
tr|A0A333FHM5|Release	GCF_001558255.2_WP_005504861.1	30.769	88	82	72	65	43	2	10	72	2	66	9.41e-13	63.4
tr|A0A333FHM5|Release	GCF_019670485.1_WP_221071211.1	31.250	88	81	72	64	43	1	10	72	2	65	1.01e-12	63.1
tr|A0A333FHM5|Release	GCF_024347215.1_WP_261843265.1	31.944	88	77	77	72	45	3	5	72	2	73	1.02e-12	63.1
tr|A0A333FHM5|Release	GCF_014879975.1_WP_192888672.1	26.984	88	83	70	63	45	1	10	71	2	64	1.03e-12	63.1
tr|A0A333FHM5|Release	GCF_003990335.1_WP_127025819.1	23.438	88	91	73	64	49	0	10	73	6	69	1.20e-12	63.1
tr|A0A333FHM5|Release	GCF_002906475.1_WP_012130247.1	26.562	88	81	72	64	46	1	10	72	2	65	1.24e-12	62.8
tr|A0A333FHM5|Release	GCF_018736065.1_WP_144074266.1	30.986	88	76	81	71	45	2	4	74	7	73	1.33e-12	62.8
tr|A0A333FHM5|Release	GCF_008632455.1_WP_150048082.1	28.358	88	84	75	67	46	2	9	74	5	70	1.45e-12	62.8
tr|A0A333FHM5|Release	GCF_000021985.1_WP_012639500.1	32.432	88	82	78	74	45	2	3	71	1	74	1.46e-12	62.8
tr|A0A333FHM5|Release	GCF_024347595.1_WP_176681244.1	30.159	88	83	70	63	43	1	10	71	2	64	1.48e-12	62.8
tr|A0A333FHM5|Release	GCF_002214395.1_WP_010453422.1	25.000	88	81	72	64	47	1	10	72	2	65	1.70e-12	62.6
tr|A0A333FHM5|Release	GCF_000026085.1_WP_041454550.1	38.028	88	73	78	71	41	3	6	74	2	71	2.03e-12	62.3
tr|A0A333FHM5|Release	GCF_002021755.1_WP_005434844.1	28.125	88	81	72	64	45	1	10	72	2	65	2.15e-12	62.3
tr|A0A333FHM5|Release	GCF_002204915.1_WP_052690899.1	28.125	88	101	72	64	45	1	10	72	21	84	2.18e-12	62.8
tr|A0A333FHM5|Release	GCF_001831495.1_WP_068547707.1	30.000	88	81	67	60	41	1	10	68	2	61	2.20e-12	62.3
tr|A0A333FHM5|Release	GCF_024347635.1_WP_139683960.1	26.154	88	83	73	65	47	1	10	73	2	66	2.27e-12	62.3
tr|A0A333FHM5|Release	GCF_003258315.1_WP_111337788.1	27.692	88	88	73	65	46	1	8	71	4	68	2.30e-12	62.3
tr|A0A333FHM5|Release	GCF_024362845.1_WP_255230807.1	29.231	88	82	73	65	45	1	10	73	2	66	2.72e-12	62.0
tr|A0A333FHM5|Release	GCF_001455205.1_WP_062560013.1	31.250	88	84	72	64	42	2	10	72	6	68	3.00e-12	62.0
tr|A0A333FHM5|Release	GCF_024347255.1_WP_091360415.1	28.767	88	79	77	73	47	2	5	72	2	74	3.62e-12	61.7
tr|A0A333FHM5|Release	GCF_000024825.1_WP_005460845.1	28.125	88	81	72	64	45	1	10	72	2	65	4.42e-12	61.4
tr|A0A333FHM5|Release	GCF_013343005.1_WP_078482823.1	28.750	88	84	85	80	52	2	3	77	1	80	4.91e-12	61.4
tr|A0A333FHM5|Release	GCF_001995825.2_WP_017057338.1	24.615	88	83	73	65	48	1	10	73	2	66	5.52e-12	61.4
tr|A0A333FHM5|Release	GCF_024347455.1_WP_135458404.1	24.615	88	83	73	65	48	1	10	73	2	66	6.22e-12	61.2
tr|A0A333FHM5|Release	GCF_000091465.1_WP_004733849.1	24.615	88	83	73	65	48	1	10	73	2	66	7.06e-12	61.2
tr|A0A333FHM5|Release	GCF_024347675.1_WP_261835500.1	30.769	88	81	73	65	44	1	10	73	2	66	7.95e-12	60.9
tr|A0A333FHM5|Release	GCF_019977755.1_WP_126608378.1	30.556	88	103	74	72	43	2	10	74	16	87	8.66e-12	61.2
tr|A0A333FHM5|Release	GCF_000770115.1_WP_069687890.1	28.125	88	81	72	64	45	1	10	72	2	65	9.24e-12	60.9
tr|A0A333FHM5|Release	GCF_008369605.1_WP_000253074.1	31.250	88	81	72	64	43	1	10	72	2	65	1.05e-11	60.6
tr|A0A333FHM5|Release	GCF_000019525.1_WP_012323084.1	33.871	88	81	69	62	40	1	10	70	2	63	1.16e-11	60.6
tr|A0A333FHM5|Release	GCF_008931805.1_WP_019441510.1	29.231	88	81	73	65	45	1	10	73	2	66	1.23e-11	60.3
tr|A0A333FHM5|Release	GCF_001558415.2_WP_061055374.1	29.825	88	83	64	57	39	1	10	65	2	58	1.34e-11	60.3
tr|A0A333FHM5|Release	GCF_019703835.1_WP_087020305.1	28.395	88	79	88	81	51	2	10	86	1	78	1.52e-11	60.0
tr|A0A333FHM5|Release	GCF_003568825.1_WP_040644076.1	26.471	88	83	73	68	46	1	10	73	2	69	1.87e-11	60.0
tr|A0A333FHM5|Release	GCF_024347035.1_WP_102941394.1	31.746	88	81	70	63	42	1	10	71	2	64	2.55e-11	59.7
tr|A0A333FHM5|Release	GCF_001007875.1_WP_046858354.1	30.645	88	80	69	62	42	1	10	70	2	63	2.61e-11	59.5
tr|A0A333FHM5|Release	GCF_009938015.1_WP_223264517.1	30.769	88	90	83	78	49	3	1	73	1	78	3.01e-11	59.5
tr|A0A333FHM5|Release	GCF_004001245.1_WP_127478562.1	32.051	88	85	83	78	48	2	1	73	1	78	3.30e-11	59.5
tr|A0A333FHM5|Release	GCF_003966655.1_WP_113527441.1	23.529	88	77	77	68	52	0	3	70	1	68	4.17e-11	58.9
tr|A0A333FHM5|Release	GCF_024582835.1_WP_257083279.1	25.397	88	87	70	63	46	1	10	71	2	64	4.57e-11	59.2
tr|A0A333FHM5|Release	GCF_024347655.1_WP_060467732.1	24.615	88	83	73	65	48	1	10	73	2	66	4.89e-11	58.9
tr|A0A333FHM5|Release	GCF_013462805.1_WP_009566961.1	23.529	88	77	77	68	52	0	3	70	1	68	5.33e-11	58.6
tr|A0A333FHM5|Release	GCF_000828615.1_WP_041064380.1	29.114	88	80	84	79	51	3	1	74	1	79	5.38e-11	58.9
tr|A0A333FHM5|Release	GCF_017638925.1_WP_208844867.1	31.250	88	81	73	64	44	0	10	73	2	65	5.42e-11	58.9
tr|A0A333FHM5|Release	GCF_002887615.1_WP_038869703.1	26.562	88	81	72	64	46	1	10	72	2	65	6.82e-11	58.6
tr|A0A333FHM5|Release	GCF_024347275.1_WP_019620968.1	31.507	88	82	77	73	45	3	5	72	2	74	7.27e-11	58.3
tr|A0A333FHM5|Release	GCF_000772105.1_WP_004748349.1	26.984	88	81	70	63	45	1	10	71	2	64	7.33e-11	58.3
tr|A0A333FHM5|Release	GCF_009662475.1_WP_031573754.1	23.529	88	79	77	68	52	0	3	70	1	68	9.44e-11	58.1
tr|A0A333FHM5|Release	GCF_002157895.1_WP_227874980.1	28.125	88	82	72	64	45	1	10	72	3	66	1.33e-10	57.8
tr|A0A333FHM5|Release	GCF_001431725.1_WP_021820278.1	24.615	88	81	73	65	48	1	10	73	2	66	1.35e-10	57.8
tr|A0A333FHM5|Release	GCF_900233005.1_WP_102521318.1	23.077	88	81	73	65	49	1	10	73	2	66	1.45e-10	57.8
tr|A0A333FHM5|Release	GCF_026427595.1_WP_251812951.1	26.471	88	88	72	68	45	2	10	72	5	72	1.58e-10	57.8
tr|A0A333FHM5|Release	GCF_000006765.1_NP_249630.1	31.250	88	108	66	64	38	1	5	62	2	65	2.28e-10	57.8
tr|A0A333FHM5|Release	GCF_002355415.1_WP_148665551.1	32.895	88	87	82	76	44	3	6	77	13	85	2.40e-10	57.2
tr|A0A333FHM5|Release	GCF_000321415.2_WP_015260329.1	34.091	88	93	95	88	52	3	1	84	1	86	3.87e-10	56.9
tr|A0A333FHM5|Release	GCF_001596155.1_WP_068342236.1	27.397	88	90	78	73	46	3	3	71	1	70	1.96e-09	55.0
tr|A0A333FHM5|Release	GCF_024347675.1_WP_261833361.1	34.884	88	54	49	43	28	0	10	52	2	44	2.44e-09	54.1
tr|A0A333FHM5|Release	GCF_000238255.3_WP_010559905.1	25.758	88	86	74	66	48	1	10	74	5	70	2.44e-09	54.7
tr|A0A333FHM5|Release	GCF_020844025.1_WP_215848879.1	23.529	88	77	77	68	52	0	3	70	1	68	2.54e-09	54.4
tr|A0A333FHM5|Release	GCF_009363415.1_WP_152430616.1	24.242	88	84	74	66	49	1	10	74	2	67	3.84e-09	54.1
tr|A0A333FHM5|Release	GCF_000019185.1_WP_012277931.1	28.846	88	100	58	52	36	1	10	60	2	53	7.41e-09	53.6
tr|A0A333FHM5|Release	GCF_003584645.1_WP_197716612.1	25.610	88	80	89	82	54	2	3	80	1	79	8.61e-09	53.3
tr|A0A333FHM5|Release	GCF_006337165.1_WP_139515111.1	32.099	88	82	86	81	47	2	3	78	1	78	9.25e-09	53.0
tr|A0A333FHM5|Release	GCF_017742995.1_WP_247749573.1	44.444	88	48	41	36	20	0	10	45	2	37	1.04e-08	52.4
tr|A0A333FHM5|Release	GCF_000014785.1_WP_011630183.1	32.895	88	83	82	76	47	2	4	75	7	82	1.09e-08	53.0
tr|A0A333FHM5|Release	GCF_000227685.2_WP_006746304.1	30.864	88	83	88	81	52	2	1	77	1	81	1.21e-08	52.7
tr|A0A333FHM5|Release	GCF_000940995.1_WP_082060442.1	22.989	88	93	98	87	66	1	3	88	1	87	1.34e-08	53.0
tr|A0A333FHM5|Release	GCF_002355735.1_WP_096359192.1	27.143	88	83	75	70	47	2	5	70	8	77	1.46e-08	52.7
tr|A0A333FHM5|Release	GCF_010093065.1_WP_238430213.1	27.273	88	83	83	77	49	2	1	73	2	75	1.60e-08	52.4
tr|A0A333FHM5|Release	GCF_001955715.1_WP_029708890.1	26.027	88	80	78	73	47	2	5	73	2	71	1.62e-08	52.4
tr|A0A333FHM5|Release	GCF_002142475.1_WP_026148861.1	29.487	88	86	84	78	48	2	5	78	2	76	1.68e-08	52.4
tr|A0A333FHM5|Release	GCF_006364355.1_WP_004727652.1	36.364	88	83	61	55	34	1	10	63	2	56	2.01e-08	52.1
tr|A0A333FHM5|Release	GCF_013282625.1_WP_173286717.1	30.769	88	67	74	65	42	1	9	73	2	63	2.67e-08	51.6
tr|A0A333FHM5|Release	GCF_009755585.1_WP_157030071.1	25.333	88	85	81	75	49	2	3	73	1	72	2.78e-08	51.9
tr|A0A333FHM5|Release	GCF_023733635.1_WP_039959400.1	28.750	88	89	85	80	52	2	5	79	2	81	3.11e-08	51.9
tr|A0A333FHM5|Release	GCF_013201725.1_WP_014475480.1	27.027	88	74	81	74	48	2	3	73	1	71	3.40e-08	51.6
tr|A0A333FHM5|Release	GCF_000092245.1_WP_013136435.1	31.429	88	76	76	70	42	2	7	73	2	68	3.50e-08	51.6
tr|A0A333FHM5|Release	GCF_001444405.1_WP_058032142.1	23.077	88	87	73	65	49	1	10	73	2	66	3.62e-08	51.6
tr|A0A333FHM5|Release	GCF_002762215.1_WP_085750011.1	31.081	88	87	80	74	44	4	4	73	3	73	3.92e-08	51.6
tr|A0A333FHM5|Release	GCF_001507645.1_WP_068195976.1	29.333	88	90	81	75	46	2	3	73	1	72	6.31e-08	51.0
tr|A0A333FHM5|Release	GCF_004028275.1_WP_128384077.1	24.638	88	77	74	69	48	2	9	73	2	70	6.35e-08	50.7
tr|A0A333FHM5|Release	GCF_006385555.1_WP_140234395.1	42.553	88	87	51	47	25	1	9	53	3	49	9.14e-08	50.7
tr|A0A333FHM5|Release	GCF_022811645.1_WP_243511723.1	28.000	88	90	81	75	47	2	3	73	1	72	1.12e-07	50.5
tr|A0A333FHM5|Release	GCF_003346815.1_WP_114840342.1	24.324	88	82	81	74	50	2	3	73	1	71	1.12e-07	50.5
tr|A0A333FHM5|Release	GCF_023650495.1_WP_250655372.1	23.077	88	88	55	52	36	1	8	55	3	54	1.17e-07	50.5
tr|A0A333FHM5|Release	GCF_004355185.1_WP_133271280.1	34.177	88	81	84	79	44	2	5	78	2	77	1.24e-07	50.2
tr|A0A333FHM5|Release	GCF_000212735.1_WP_013764159.1	32.468	88	83	83	77	45	3	1	73	1	74	1.42e-07	50.2
tr|A0A333FHM5|Release	GCF_003353065.1_WP_114983154.1	27.632	88	84	82	76	48	3	1	72	1	73	1.64e-07	49.9
tr|A0A333FHM5|Release	GCF_013283835.1_WP_071626507.1	28.378	88	83	81	74	47	3	3	73	1	71	1.81e-07	49.9
tr|A0A333FHM5|Release	GCF_012295615.1_WP_007018284.1	21.875	88	81	72	64	49	1	10	72	2	65	2.15e-07	49.6
tr|A0A333FHM5|Release	GCF_003149515.1_WP_109656005.1	25.333	88	90	81	75	49	2	3	73	1	72	3.12e-07	49.3
tr|A0A333FHM5|Release	GCF_004293625.1_WP_130538367.1	38.298	88	71	53	47	29	0	9	55	2	48	3.64e-07	48.8
tr|A0A333FHM5|Release	GCF_022827545.1_WP_243798205.1	32.099	88	82	86	81	47	2	3	78	1	78	4.75e-07	48.8
tr|A0A333FHM5|Release	GCF_000576555.1_WP_044000633.1	32.099	88	83	86	81	47	2	3	78	2	79	6.27e-07	48.5
tr|A0A333FHM5|Release	GCF_000024005.1_WP_012793320.1	28.205	88	84	84	78	49	2	2	75	3	77	7.88e-07	48.2
tr|A0A333FHM5|Release	GCF_003574965.1_WP_119445661.1	30.864	88	82	86	81	48	2	3	78	1	78	8.88e-07	47.9
tr|A0A333FHM5|Release	GCF_027625995.1_WP_270126807.1	29.630	88	82	86	81	49	2	3	78	1	78	9.24e-07	47.9
tr|A0A333FHM5|Release	GCF_000014705.1_WP_011637758.1	22.857	88	88	74	70	49	1	9	73	3	72	1.07e-06	47.9
tr|A0A333FHM5|Release	GCF_003855395.1_WP_124730567.1	22.857	88	88	74	70	49	1	9	73	3	72	1.20e-06	47.9
tr|A0A333FHM5|Release	GCF_003967275.1_WP_197721837.1	29.730	88	78	80	74	48	3	3	72	1	74	1.40e-06	47.4
tr|A0A333FHM5|Release	GCF_902810445.1_WP_197744199.1	23.288	88	78	78	73	49	3	5	73	2	71	1.76e-06	47.1
tr|A0A333FHM5|Release	GCF_020511155.1_WP_226415657.1	23.611	88	87	76	72	50	2	8	74	3	74	2.48e-06	47.1
tr|A0A333FHM5|Release	GCF_013137895.1_WP_135435790.1	32.051	88	83	83	78	44	3	1	73	1	74	2.61e-06	46.8
tr|A0A333FHM5|Release	GCF_001956695.1_WP_076086043.1	25.676	88	77	81	74	49	2	5	75	2	72	3.45e-06	46.5
tr|A0A333FHM5|Release	GCF_013283835.1_WP_071625892.1	24.658	88	79	76	73	46	2	7	73	2	71	3.97e-06	46.2
tr|A0A333FHM5|Release	GCF_001956695.1_WP_076086034.1	22.535	88	77	76	71	48	3	7	73	2	69	4.37e-06	46.2
tr|A0A333FHM5|Release	GCF_013201665.1_WP_128358834.1	24.286	88	76	76	70	47	2	7	73	2	68	4.97e-06	46.0
tr|A0A333FHM5|Release	GCF_000018285.1_WP_012155987.1	33.333	88	102	41	36	24	0	10	45	2	37	5.82e-06	46.2
tr|A0A333FHM5|Release	GCF_013201935.1_WP_129014602.1	22.973	88	72	81	74	51	2	3	73	1	71	6.12e-06	45.7
tr|A0A333FHM5|Release	GCF_000147355.1_WP_013326989.1	26.923	88	67	58	52	37	1	23	73	1	52	6.30e-06	45.7
tr|A0A333FHM5|Release	GCF_013177675.1_WP_172128285.1	24.324	88	81	81	74	50	2	3	73	1	71	7.24e-06	45.7
tr|A0A333FHM5|Release	GCF_010093065.1_WP_162331416.1	26.250	88	84	86	80	52	2	3	78	4	80	7.83e-06	45.7
tr|A0A333FHM5|Release	GCF_000013765.1_WP_011496543.1	25.714	88	106	74	70	47	2	10	74	23	92	7.85e-06	46.0
tr|A0A333FHM5|Release	GCF_004214795.1_WP_130234502.1	21.519	88	78	86	79	56	2	3	78	1	76	7.85e-06	45.7
tr|A0A333FHM5|Release	GCF_008728635.1_WP_151087836.1	22.667	88	90	81	75	51	3	3	73	1	72	8.60e-06	45.7
tr|A0A333FHM5|Release	GCF_008122265.1_WP_148863603.1	23.611	88	84	76	72	46	4	5	71	2	69	8.96e-06	45.4
tr|A0A333FHM5|Release	GCF_003544915.1_WP_118918525.1	25.676	88	73	81	74	49	2	3	73	1	71	9.31e-06	45.4
tr|A0A333FHM5|Release	GCF_009937995.1_WP_179954406.1	25.676	88	79	78	74	50	2	5	73	2	75	9.57e-06	45.4
tr|A0A333FHM5|Release	GCF_003722295.1_WP_010573895.1	24.658	88	75	76	73	46	2	7	73	4	73	1.07e-05	45.1
tr|A0A333FHM5|Release	GCF_003346775.1_WP_114843067.1	27.027	88	84	81	74	48	2	3	73	1	71	1.36e-05	45.1
tr|A0A333FHM5|Release	GCF_021654855.1_WP_237262080.1	25.000	88	70	73	68	44	2	10	73	3	67	1.55e-05	44.6
tr|A0A333FHM5|Release	GCF_001442805.1_WP_057942092.1	27.027	88	88	80	74	47	3	2	71	3	73	1.81e-05	44.8
tr|A0A333FHM5|Release	GCF_005166025.1_WP_137090244.1	25.333	88	84	81	75	49	2	3	73	1	72	1.98e-05	44.6
tr|A0A333FHM5|Release	GCF_011398355.1_WP_173270160.1	28.333	88	65	68	60	40	1	9	68	2	58	2.14e-05	44.3
tr|A0A333FHM5|Release	GCF_013177635.1_WP_129095951.1	22.857	88	76	76	70	48	2	7	73	2	68	2.27e-05	44.3
tr|A0A333FHM5|Release	GCF_013201935.1_WP_128987185.1	21.429	88	76	76	70	49	2	7	73	2	68	3.71e-05	43.7
tr|A0A333FHM5|Release	GCF_003544815.1_WP_118886031.1	25.714	88	76	76	70	46	3	7	73	2	68	4.78e-05	43.4
tr|A0A333FHM5|Release	GCF_001705075.2_WP_065970077.1	23.611	88	78	77	72	51	2	3	70	1	72	5.05e-05	43.4
tr|A0A333FHM5|Release	GCF_013177635.1_WP_129095542.1	22.973	88	72	81	74	51	2	3	73	1	71	5.36e-05	43.4
tr|A0A333FHM5|Release	GCF_016613475.2_WP_200606805.1	27.273	88	90	81	77	46	5	1	71	1	73	5.65e-05	43.4
tr|A0A333FHM5|Release	GCF_008807855.1_WP_063240334.1	27.027	88	83	80	74	47	4	2	71	3	73	5.94e-05	43.4
tr|A0A333FHM5|Release	GCF_013177675.1_WP_172126669.1	28.571	88	77	76	70	44	3	7	73	2	68	9.08e-05	42.9
tr|A0A333FHM5|Release	GCF_013201665.1_WP_128359868.1	20.270	88	81	81	74	53	2	3	73	1	71	1.76e-04	42.0
tr|A0A333FHM5|Release	GCF_002557795.1_WP_098194977.1	24.324	88	89	77	74	47	2	6	73	7	77	2.25e-04	42.0
tr|A0A333FHM5|Release	GCF_001050135.1_WP_048644179.1	20.779	88	88	83	77	54	3	1	73	1	74	2.60e-04	41.7
tr|A0A333FHM5|Release	GCF_019931735.1_WP_223417223.1	25.581	88	87	49	43	32	0	10	52	4	46	2.90e-04	41.7
tr|A0A333FHM5|Release	GCF_002356115.1_WP_096526481.1	19.718	88	78	76	71	50	2	5	71	2	69	5.05e-04	40.9
tr|A0A333FHM5|Release	GCF_000222485.1_WP_014022977.1	24.675	88	85	83	77	51	3	1	73	1	74	5.18e-04	40.9
tr|A0A333FHM5|Release	GCF_000143085.1_WP_013221711.1	27.143	88	82	75	70	44	4	6	71	3	69	5.67e-04	40.9
tr|A0A333FHM5|Release	GCF_000012805.1_WP_011330264.1	25.714	88	85	75	70	45	4	6	71	3	69	7.75e-04	40.6
tr|A0A333FHM5|Release	GCF_020091585.1_WP_224339804.1	24.658	88	82	78	73	48	3	5	73	2	71	0.001	40.1
tr|A0A333FHM5|Release	GCF_004421105.1_WP_134356453.1	25.714	88	80	75	70	45	4	5	70	2	68	0.001	40.1
tr|A0A333FHM5|Release	GCF_000265505.1_WP_014796533.1	23.256	88	97	85	86	55	2	4	78	3	88	0.001	40.3
tr|A0A333FHM5|Release	GCF_011398355.1_WP_173270199.1	26.667	88	66	68	60	41	1	9	68	2	58	0.002	39.5
tr|A0A333FHM5|Release	GCF_010119975.1_WP_162445115.1	28.767	88	365	77	73	42	4	4	71	8	75	0.002	41.7
tr|A0A333FHM5|Release	GCF_018389385.1_WP_218082190.1	31.081	88	91	80	74	44	4	2	71	13	83	0.002	39.5
tr|A0A333FHM5|Release	GCF_003955735.1_WP_126127786.1	30.556	88	91	77	72	43	4	4	71	6	74	0.004	38.9
tr|A0A333FHM5|Release	GCF_000024725.1_WP_013031543.1	24.286	88	81	75	70	46	4	5	70	2	68	0.006	38.1
tr|A0A333FHM5|Release	GCF_000317575.1_WP_015193670.1	26.027	88	74	78	73	47	4	5	73	2	71	0.007	37.8
tr|A0A333FHM5|Release	GCF_000973725.1_WP_046311560.1	28.000	88	91	81	75	47	3	3	73	1	72	0.009	38.1
# PSIBLAST 2.13.0+
# Iteration: 3
# Query: tr|A0A333FHM5|Release 2018_10/2018_10|07-Nov-2018
# Database: db/chosen-bacteria_proteome_exDup
# Fields: query id, subject id, % identity, query length, subject length, % query coverage per subject, alignment length, mismatches, gap opens, q. start, q. end, s. start, s. end, evalue, bit score
# 458 hits found
tr|A0A333FHM5|Release	GCF_001461805.1_WP_013367515.1	69.767	88	86	98	86	26	0	1	86	1	86	3.99e-42	138
tr|A0A333FHM5|Release	GCF_001518835.1_WP_059308693.1	67.442	88	86	98	86	28	0	1	86	1	86	7.36e-42	137
tr|A0A333FHM5|Release	GCF_020097475.1_WP_000062318.1	67.442	88	86	98	86	28	0	1	86	1	86	9.79e-42	137
tr|A0A333FHM5|Release	GCF_001683395.1_WP_017458015.1	65.116	88	86	98	86	30	0	1	86	1	86	1.03e-41	137
tr|A0A333FHM5|Release	GCF_009176645.1_WP_152083529.1	65.116	88	86	98	86	30	0	1	86	1	86	1.04e-41	137
tr|A0A333FHM5|Release	GCF_001658025.2_WP_007373243.1	65.116	88	86	98	86	30	0	1	86	1	86	2.15e-41	136
tr|A0A333FHM5|Release	GCF_009036245.1_WP_025756830.1	65.116	88	86	98	86	30	0	1	86	1	86	2.22e-41	136
tr|A0A333FHM5|Release	GCF_007632255.1_WP_015368146.1	65.116	88	86	98	86	30	0	1	86	1	86	2.35e-41	136
tr|A0A333FHM5|Release	GCF_003594935.2_WP_006173581.1	66.279	88	86	98	86	29	0	1	86	1	86	2.54e-41	136
tr|A0A333FHM5|Release	GCF_021172065.1_WP_015965827.1	63.953	88	86	98	86	31	0	1	86	1	86	3.00e-41	136
tr|A0A333FHM5|Release	GCF_000006925.2_NP_706134.1	66.279	88	86	98	86	29	0	1	86	1	86	3.52e-41	135
tr|A0A333FHM5|Release	GCF_027886705.1_WP_061497537.1	65.116	88	86	98	86	30	0	1	86	1	86	3.78e-41	135
tr|A0A333FHM5|Release	GCF_000224675.1_WP_010426685.1	65.116	88	86	98	86	30	0	1	86	1	86	4.19e-41	135
tr|A0A333FHM5|Release	GCF_001022135.1_WP_039078449.1	66.279	88	86	98	86	29	0	1	86	1	86	5.28e-41	135
tr|A0A333FHM5|Release	GCF_023195735.1_WP_035891978.1	68.605	88	86	98	86	27	0	1	86	1	86	5.72e-41	135
tr|A0A333FHM5|Release	GCF_009363135.1_WP_090122691.1	66.279	88	86	98	86	29	0	1	86	1	86	6.19e-41	135
tr|A0A333FHM5|Release	GCF_015137655.1_WP_028015593.1	63.953	88	86	98	86	31	0	1	86	1	86	7.61e-41	134
tr|A0A333FHM5|Release	GCF_025914095.1_WP_031518416.1	65.116	88	86	98	86	30	0	1	86	1	86	8.31e-41	134
tr|A0A333FHM5|Release	GCF_001729805.1_WP_008501890.1	63.953	88	86	98	86	31	0	1	86	1	86	1.02e-40	134
tr|A0A333FHM5|Release	GCF_004684345.1_WP_135323069.1	66.279	88	86	98	86	29	0	1	86	1	86	1.05e-40	134
tr|A0A333FHM5|Release	GCF_019048625.1_WP_023305471.1	66.279	88	86	98	86	29	0	1	86	1	86	1.05e-40	134
tr|A0A333FHM5|Release	GCF_009649915.1_WP_062772223.1	67.442	88	86	98	86	28	0	1	86	1	86	1.34e-40	134
tr|A0A333FHM5|Release	GCF_016904755.1_WP_059234959.1	64.706	88	86	97	85	30	0	1	85	1	85	1.35e-40	134
tr|A0A333FHM5|Release	GCF_003812345.1_WP_003018503.1	65.116	88	86	98	86	30	0	1	86	1	86	1.66e-40	134
tr|A0A333FHM5|Release	GCF_001750725.1_WP_014168720.1	63.953	88	86	98	86	31	0	1	86	1	86	1.78e-40	134
tr|A0A333FHM5|Release	GCF_001558935.2_WP_042323659.1	66.279	88	86	98	86	29	0	1	86	1	86	1.94e-40	133
tr|A0A333FHM5|Release	GCF_003261575.2_WP_110272453.1	65.116	88	86	98	86	30	0	1	86	1	86	2.04e-40	133
tr|A0A333FHM5|Release	GCF_001277255.1_WP_007666633.1	62.791	88	86	98	86	32	0	1	86	1	86	2.19e-40	133
tr|A0A333FHM5|Release	GCF_021278985.1_WP_012904575.1	65.116	88	86	98	86	30	0	1	86	1	86	2.21e-40	133
tr|A0A333FHM5|Release	GCF_004353845.1_WP_103768334.1	63.953	88	86	98	86	31	0	1	86	1	86	2.39e-40	133
tr|A0A333FHM5|Release	GCF_018139045.1_WP_004129134.1	62.791	88	86	98	86	32	0	1	86	1	86	2.43e-40	133
tr|A0A333FHM5|Release	GCF_000240185.1_YP_005225236.1	63.953	88	86	98	86	31	0	1	86	1	86	2.43e-40	133
tr|A0A333FHM5|Release	GCF_900638065.1_WP_048212636.1	65.116	88	86	98	86	30	0	1	86	1	86	2.69e-40	133
tr|A0A333FHM5|Release	GCF_022637515.1_WP_064539750.1	61.628	88	86	98	86	33	0	1	86	1	86	2.85e-40	133
tr|A0A333FHM5|Release	GCF_018128425.1_WP_042289833.1	65.116	88	86	98	86	30	0	1	86	1	86	3.18e-40	133
tr|A0A333FHM5|Release	GCF_015139575.1_WP_004098776.1	63.953	88	86	98	86	31	0	1	86	1	86	3.94e-40	132
tr|A0A333FHM5|Release	GCF_003812925.1_WP_004107903.1	62.791	88	86	98	86	32	0	1	86	1	86	4.52e-40	132
tr|A0A333FHM5|Release	GCF_006711645.1_WP_100682484.1	65.116	88	86	98	86	30	0	1	86	1	86	5.82e-40	132
tr|A0A333FHM5|Release	GCF_001277195.1_WP_032966924.1	62.791	88	86	98	86	32	0	1	86	1	86	6.35e-40	132
tr|A0A333FHM5|Release	GCF_001277175.1_WP_007760020.1	60.465	88	86	98	86	34	0	1	86	1	86	6.56e-40	132
tr|A0A333FHM5|Release	GCF_022637595.1_WP_004858152.1	65.116	88	86	98	86	30	0	1	86	1	86	8.53e-40	132
tr|A0A333FHM5|Release	GCF_009648935.1_WP_047417117.1	63.953	88	86	98	86	31	0	1	86	1	86	8.80e-40	132
tr|A0A333FHM5|Release	GCF_001277215.2_WP_007776988.1	60.465	88	86	98	86	34	0	1	86	1	86	9.09e-40	132
tr|A0A333FHM5|Release	GCF_003935895.2_WP_110510858.1	65.882	88	86	97	85	29	0	1	85	1	85	1.11e-39	131
tr|A0A333FHM5|Release	GCF_000834395.1_WP_042546713.1	67.442	88	86	98	86	28	0	1	86	1	86	1.16e-39	131
tr|A0A333FHM5|Release	GCF_000439255.1_WP_000062328.1	62.791	88	86	98	86	32	0	1	86	1	86	1.27e-39	131
tr|A0A333FHM5|Release	GCF_002393445.1_WP_061273728.1	61.176	88	86	97	85	33	0	1	85	1	85	1.52e-39	131
tr|A0A333FHM5|Release	GCF_004124235.1_WP_025377303.1	67.442	88	86	98	86	28	0	1	86	1	86	2.08e-39	131
tr|A0A333FHM5|Release	GCF_000018045.1_WP_024130681.1	62.791	88	86	98	86	32	0	1	86	1	86	2.09e-39	131
tr|A0A333FHM5|Release	GCF_012029655.1_WP_041144145.1	63.953	88	86	98	86	31	0	1	86	1	86	2.14e-39	131
tr|A0A333FHM5|Release	GCF_024224615.1_WP_125293588.1	62.353	88	86	97	85	32	0	1	85	1	85	2.62e-39	130
tr|A0A333FHM5|Release	GCF_011068345.1_WP_002436992.1	61.176	88	86	97	85	33	0	1	85	1	85	2.88e-39	130
tr|A0A333FHM5|Release	GCF_000005845.2_NP_414731.2	65.476	88	84	95	84	29	0	3	86	1	84	3.15e-39	130
tr|A0A333FHM5|Release	GCF_013282725.1_WP_032813813.1	67.442	88	86	98	86	28	0	1	86	1	86	3.16e-39	130
tr|A0A333FHM5|Release	GCF_900635955.1_WP_126357486.1	61.176	88	86	97	85	33	0	1	85	1	85	3.37e-39	130
tr|A0A333FHM5|Release	GCF_013234275.1_WP_172895488.1	60.465	88	86	98	86	34	0	1	86	1	86	3.74e-39	130
tr|A0A333FHM5|Release	GCF_025133195.1_WP_032910235.1	65.116	88	86	98	86	30	0	1	86	1	86	3.83e-39	130
tr|A0A333FHM5|Release	GCF_000222975.1_WP_002218374.1	67.442	88	86	98	86	28	0	1	86	1	86	3.83e-39	130
tr|A0A333FHM5|Release	GCF_025758125.1_WP_023480196.1	65.116	88	86	98	86	30	0	1	86	1	86	4.71e-39	130
tr|A0A333FHM5|Release	GCF_021276285.1_WP_095923198.1	67.857	88	86	95	84	27	0	1	84	1	84	4.90e-39	130
tr|A0A333FHM5|Release	GCF_000006945.2_NP_459242.1	62.791	88	86	98	86	32	0	1	86	1	86	4.90e-39	130
tr|A0A333FHM5|Release	GCF_002163605.1_WP_157665988.1	66.279	88	86	98	86	29	0	1	86	1	86	5.02e-39	130
tr|A0A333FHM5|Release	GCF_000834455.1_WP_032817050.1	67.442	88	86	98	86	28	0	1	86	1	86	5.98e-39	130
tr|A0A333FHM5|Release	GCF_022637475.1_WP_013574214.1	66.667	88	86	95	84	28	0	1	84	1	84	1.06e-38	129
tr|A0A333FHM5|Release	GCF_000010085.1_WP_011411656.1	57.143	88	86	95	84	36	0	1	84	1	84	1.27e-38	129
tr|A0A333FHM5|Release	GCF_000517425.1_WP_025421126.1	57.143	88	86	95	84	36	0	1	84	1	84	1.44e-38	129
tr|A0A333FHM5|Release	GCF_002953195.1_WP_038628016.1	58.140	88	87	98	86	36	0	1	86	1	86	1.87e-38	128
tr|A0A333FHM5|Release	GCF_009730055.1_WP_032906500.1	67.442	88	86	98	86	28	0	1	86	1	86	1.95e-38	128
tr|A0A333FHM5|Release	GCF_017498685.1_WP_038245151.1	66.279	88	86	98	86	29	0	1	86	1	86	2.15e-38	128
tr|A0A333FHM5|Release	GCF_005484945.1_WP_137712817.1	61.628	88	86	98	86	33	0	1	86	1	86	2.27e-38	128
tr|A0A333FHM5|Release	GCF_000233595.1_WP_013024706.1	57.647	88	86	97	85	36	0	1	85	1	85	2.82e-38	128
tr|A0A333FHM5|Release	GCF_002101395.1_WP_085067900.1	58.140	88	87	98	86	36	0	1	86	1	86	3.03e-38	128
tr|A0A333FHM5|Release	GCF_009914055.1_WP_160619715.1	59.302	88	87	98	86	35	0	1	86	1	86	3.88e-38	127
tr|A0A333FHM5|Release	GCF_012427845.1_WP_012773648.1	60.465	88	86	98	86	34	0	1	86	1	86	5.53e-38	127
tr|A0A333FHM5|Release	GCF_000520015.2_WP_024910172.1	58.140	88	87	98	86	36	0	1	86	1	86	5.68e-38	127
tr|A0A333FHM5|Release	GCF_900095885.1_WP_035340381.1	58.140	88	86	98	86	36	0	1	86	1	86	7.08e-38	127
tr|A0A333FHM5|Release	GCF_016026735.1_WP_015673540.1	55.814	88	87	98	86	38	0	1	86	1	86	9.37e-38	127
tr|A0A333FHM5|Release	GCF_003019925.1_WP_162185254.1	65.476	88	86	95	84	29	0	1	84	1	84	1.03e-37	127
tr|A0A333FHM5|Release	GCF_002288545.1_WP_029367608.1	60.465	88	86	98	86	34	0	1	86	1	86	1.03e-37	127
tr|A0A333FHM5|Release	GCF_020079945.1_WP_039382769.1	59.770	88	87	99	87	35	0	1	87	1	87	1.06e-37	126
tr|A0A333FHM5|Release	GCF_011044475.1_WP_033740322.1	57.647	88	86	97	85	36	0	1	85	1	85	1.12e-37	126
tr|A0A333FHM5|Release	GCF_003515985.1_WP_085653101.1	58.824	88	86	97	85	35	0	1	85	1	85	1.15e-37	126
tr|A0A333FHM5|Release	GCF_023517775.1_WP_249893541.1	60.465	88	87	98	86	34	0	1	86	1	86	1.18e-37	126
tr|A0A333FHM5|Release	GCF_015999465.1_WP_085688159.1	57.647	88	86	97	85	36	0	1	85	1	85	1.22e-37	126
tr|A0A333FHM5|Release	GCF_001642805.2_WP_004931991.1	58.140	88	87	98	86	36	0	1	86	1	86	1.60e-37	126
tr|A0A333FHM5|Release	GCF_000262305.1_WP_002441069.1	58.140	88	86	98	86	36	0	1	86	1	86	1.67e-37	126
tr|A0A333FHM5|Release	GCF_000025065.1_WP_012883679.1	60.000	88	86	97	85	34	0	1	85	1	85	1.91e-37	126
tr|A0A333FHM5|Release	GCF_021462285.1_WP_234585968.1	58.140	88	87	98	86	36	0	1	86	1	86	1.92e-37	126
tr|A0A333FHM5|Release	GCF_009817885.1_WP_105232289.1	58.140	88	87	98	86	36	0	1	86	1	86	1.93e-37	126
tr|A0A333FHM5|Release	GCF_001010285.1_WP_046974061.1	65.909	88	88	100	88	30	0	1	88	1	88	2.32e-37	125
tr|A0A333FHM5|Release	GCF_017569925.1_WP_208228065.1	59.302	88	86	98	86	35	0	1	86	1	86	2.50e-37	125
tr|A0A333FHM5|Release	GCF_009873295.1_WP_039312412.1	60.465	88	86	98	86	34	0	1	86	1	86	2.78e-37	125
tr|A0A333FHM5|Release	GCF_000023565.1_WP_012770818.1	58.824	88	86	97	85	35	0	1	85	1	85	3.20e-37	125
tr|A0A333FHM5|Release	GCF_020181655.1_WP_225087160.1	61.628	88	86	98	86	33	0	1	86	1	86	3.23e-37	125
tr|A0A333FHM5|Release	GCF_019797845.1_WP_222158377.1	62.791	88	86	98	86	32	0	1	86	1	86	3.23e-37	125
tr|A0A333FHM5|Release	GCF_900187015.1_WP_061796701.1	58.140	88	87	98	86	36	0	1	86	1	86	3.29e-37	125
tr|A0A333FHM5|Release	GCF_000023545.1_WP_015854637.1	59.302	88	86	98	86	35	0	1	86	1	86	4.84e-37	125
tr|A0A333FHM5|Release	GCF_019890955.1_WP_211725887.1	57.471	88	87	99	87	37	0	1	87	1	87	4.97e-37	125
tr|A0A333FHM5|Release	GCF_009931295.1_WP_161528353.1	60.465	88	86	98	86	34	0	1	86	1	86	5.54e-37	125
tr|A0A333FHM5|Release	GCF_011617105.1_WP_025800203.1	65.116	88	86	98	86	30	0	1	86	1	86	6.40e-37	124
tr|A0A333FHM5|Release	GCF_000740965.1_WP_011092648.1	59.302	88	86	98	86	35	0	1	86	1	86	6.76e-37	124
tr|A0A333FHM5|Release	GCF_002291445.1_WP_048635886.1	59.302	88	86	98	86	35	0	1	86	1	86	7.09e-37	124
tr|A0A333FHM5|Release	GCF_902387845.1_WP_004237241.1	100.000	88	88	100	88	0	0	1	88	1	88	8.98e-37	124
tr|A0A333FHM5|Release	GCF_007858975.2_WP_042869176.1	61.176	88	86	97	85	33	0	1	85	1	85	1.05e-36	124
tr|A0A333FHM5|Release	GCF_005484965.1_WP_009114129.1	62.791	88	86	98	86	32	0	1	86	1	86	1.60e-36	123
tr|A0A333FHM5|Release	GCF_000196615.1_WP_013200864.1	58.140	88	87	98	86	36	0	1	86	1	86	1.70e-36	123
tr|A0A333FHM5|Release	GCF_001742185.1_WP_005975933.1	59.302	88	86	98	86	35	0	1	86	1	86	1.84e-36	123
tr|A0A333FHM5|Release	GCF_000264765.2_WP_034163237.1	63.953	88	86	98	86	31	0	1	86	1	86	1.89e-36	123
tr|A0A333FHM5|Release	GCF_000026185.1_WP_012440659.1	54.118	88	87	97	85	39	0	1	85	1	85	2.79e-36	123
tr|A0A333FHM5|Release	GCF_000196475.1_WP_012776850.1	64.773	88	88	100	88	31	0	1	88	1	88	2.82e-36	123
tr|A0A333FHM5|Release	GCF_020150375.1_WP_004094310.1	63.953	88	86	98	86	31	0	1	86	1	86	2.87e-36	123
tr|A0A333FHM5|Release	GCF_022647505.1_WP_128179458.1	58.140	88	87	98	86	36	0	1	86	1	86	3.40e-36	123
tr|A0A333FHM5|Release	GCF_002812485.1_WP_038661467.1	60.000	88	86	97	85	34	0	1	85	1	85	3.56e-36	123
tr|A0A333FHM5|Release	GCF_003992745.1_WP_014700896.1	58.140	88	86	98	86	36	0	1	86	1	86	3.89e-36	122
tr|A0A333FHM5|Release	GCF_019090985.1_WP_036781226.1	63.636	88	88	100	88	32	0	1	88	1	88	4.03e-36	122
tr|A0A333FHM5|Release	GCF_004792415.1_WP_013356856.1	55.952	88	86	95	84	37	0	1	84	1	84	4.82e-36	122
tr|A0A333FHM5|Release	GCF_000147055.1_WP_022632468.1	58.824	88	86	97	85	35	0	1	85	1	85	6.67e-36	122
tr|A0A333FHM5|Release	GCF_002291425.1_WP_095847471.1	59.302	88	87	98	86	35	0	1	86	1	86	7.59e-36	122
tr|A0A333FHM5|Release	GCF_017348915.1_WP_040077077.1	67.442	88	86	98	86	28	0	1	86	1	86	8.95e-36	121
tr|A0A333FHM5|Release	GCF_020268605.1_WP_180560445.1	62.500	88	88	100	88	33	0	1	88	1	88	9.89e-36	121
tr|A0A333FHM5|Release	GCF_003403135.1_WP_024104894.1	60.000	88	86	97	85	34	0	1	85	1	85	1.07e-35	121
tr|A0A333FHM5|Release	GCF_019047765.1_WP_040230035.1	66.279	88	86	98	86	29	0	1	86	1	86	1.82e-35	121
tr|A0A333FHM5|Release	GCF_004768525.1_WP_026822068.1	63.636	88	88	100	88	32	0	1	88	1	88	2.02e-35	121
tr|A0A333FHM5|Release	GCF_021733145.1_WP_012847629.1	63.095	88	86	95	84	31	0	1	84	1	84	2.09e-35	121
tr|A0A333FHM5|Release	GCF_020683125.1_WP_133842177.1	58.621	88	88	98	87	35	1	1	86	1	87	3.64e-35	120
tr|A0A333FHM5|Release	GCF_019048385.1_WP_062759648.1	55.952	88	86	95	84	37	0	1	84	1	84	3.96e-35	120
tr|A0A333FHM5|Release	GCF_000196155.1_WP_011145066.1	61.364	88	88	100	88	34	0	1	88	1	88	4.10e-35	120
tr|A0A333FHM5|Release	GCF_009646115.1_WP_008925644.1	55.952	88	86	95	84	37	0	1	84	1	84	5.98e-35	119
tr|A0A333FHM5|Release	GCF_019844095.1_WP_062747070.1	57.471	88	88	98	87	36	1	1	86	1	87	6.46e-35	119
tr|A0A333FHM5|Release	GCF_000091565.1_WP_004159420.1	54.762	88	87	95	84	38	0	1	84	1	84	8.85e-35	119
tr|A0A333FHM5|Release	GCF_013460135.1_WP_180816665.1	62.500	88	88	100	88	33	0	1	88	1	88	8.87e-35	119
tr|A0A333FHM5|Release	GCF_003204135.1_WP_004908806.1	59.302	88	87	98	86	35	0	1	86	1	86	1.16e-34	119
tr|A0A333FHM5|Release	GCF_025946765.1_WP_264497926.1	57.647	88	86	97	85	36	0	1	85	1	85	1.37e-34	118
tr|A0A333FHM5|Release	GCF_022647325.1_WP_111140597.1	54.762	88	86	95	84	38	0	1	84	1	84	1.64e-34	118
tr|A0A333FHM5|Release	GCF_900475855.1_WP_068441311.1	59.302	88	87	98	86	35	0	1	86	1	86	2.19e-34	118
tr|A0A333FHM5|Release	GCF_020541225.1_WP_226811316.1	54.762	88	86	95	84	38	0	1	84	1	84	2.22e-34	118
tr|A0A333FHM5|Release	GCF_022592395.1_WP_047255099.1	60.465	88	87	98	86	34	0	1	86	1	86	2.28e-34	118
tr|A0A333FHM5|Release	GCF_002843235.3_WP_102139922.1	59.302	88	87	98	86	35	0	1	86	1	86	3.06e-34	118
tr|A0A333FHM5|Release	GCF_900638135.1_WP_012146468.1	53.488	88	87	98	86	40	0	1	86	1	86	5.42e-34	117
tr|A0A333FHM5|Release	GCF_029277985.1_WP_154623766.1	59.302	88	87	98	86	35	0	1	86	1	86	5.59e-34	117
tr|A0A333FHM5|Release	GCF_002393505.1_WP_006658392.1	59.302	88	87	98	86	35	0	1	86	1	86	5.87e-34	117
tr|A0A333FHM5|Release	GCF_017743015.1_WP_209027287.1	62.069	88	88	99	87	33	0	1	87	1	87	6.12e-34	117
tr|A0A333FHM5|Release	GCF_020342335.1_WP_067428135.1	54.762	88	87	95	84	38	0	1	84	1	84	7.27e-34	117
tr|A0A333FHM5|Release	GCF_021365465.1_WP_016190321.1	58.140	88	87	98	86	36	0	1	86	1	86	8.45e-34	116
tr|A0A333FHM5|Release	GCF_000968195.1_WP_045972480.1	59.770	88	87	98	87	34	1	1	86	1	87	8.45e-34	116
tr|A0A333FHM5|Release	GCF_000261045.2_WP_006318653.1	54.651	88	87	98	86	39	0	1	86	1	86	1.01e-33	116
tr|A0A333FHM5|Release	GCF_000517405.1_WP_038469034.1	56.250	88	83	91	80	35	0	5	84	2	81	1.06e-33	116
tr|A0A333FHM5|Release	GCF_002504285.1_WP_005282992.1	62.791	88	86	98	86	32	0	1	86	1	86	1.85e-33	116
tr|A0A333FHM5|Release	GCF_009831665.3_WP_006709226.1	50.000	88	87	98	86	43	0	1	86	1	86	2.19e-33	115
tr|A0A333FHM5|Release	GCF_000069965.1_WP_004245453.1	57.831	88	86	94	83	35	0	1	83	1	83	2.69e-33	115
tr|A0A333FHM5|Release	GCF_002952315.1_WP_012667243.1	50.588	88	87	97	85	42	0	1	85	1	85	3.68e-33	115
tr|A0A333FHM5|Release	GCF_011045835.1_WP_075671674.1	57.831	88	86	94	83	35	0	1	83	1	83	3.91e-33	115
tr|A0A333FHM5|Release	GCF_001721185.1_WP_069317984.1	63.218	88	87	99	87	32	0	1	87	1	87	4.70e-33	114
tr|A0A333FHM5|Release	GCF_016026395.1_WP_024524235.1	61.628	88	86	98	86	33	0	1	86	1	86	6.25e-33	114
tr|A0A333FHM5|Release	GCF_022369495.1_WP_072064250.1	56.627	88	86	94	83	36	0	1	83	1	83	6.40e-33	114
tr|A0A333FHM5|Release	GCF_000214235.1_WP_004952197.1	54.762	88	85	95	84	38	0	3	86	1	84	6.43e-33	114
tr|A0A333FHM5|Release	GCF_001006005.1_WP_223499701.1	53.571	88	85	95	84	39	0	3	86	1	84	1.07e-32	114
tr|A0A333FHM5|Release	GCF_000968175.1_WP_045959360.1	59.091	88	88	99	88	35	1	1	87	1	88	1.15e-32	114
tr|A0A333FHM5|Release	GCF_008364325.2_WP_230090436.1	55.952	88	85	95	84	37	0	3	86	1	84	2.10e-32	113
tr|A0A333FHM5|Release	GCF_014295015.1_WP_013185414.1	62.069	88	87	98	87	32	1	1	86	1	87	3.63e-32	112
tr|A0A333FHM5|Release	GCF_900478135.1_WP_111739359.1	65.882	88	88	95	85	28	1	1	84	1	85	9.81e-32	111
tr|A0A333FHM5|Release	GCF_003074995.2_WP_015870269.1	59.036	88	86	94	83	34	0	1	83	1	83	1.01e-31	111
tr|A0A333FHM5|Release	GCF_004295645.1_WP_228350951.1	64.706	88	88	95	85	29	1	1	84	1	85	1.14e-31	111
tr|A0A333FHM5|Release	GCF_004116975.1_WP_064720954.1	60.241	88	86	94	83	33	0	1	83	1	83	1.79e-31	111
tr|A0A333FHM5|Release	GCF_003096015.2_WP_230514010.1	64.706	88	88	95	85	29	1	1	84	1	85	1.99e-31	111
tr|A0A333FHM5|Release	GCF_005671395.1_WP_138095872.1	60.256	88	86	89	78	31	0	1	78	1	78	5.48e-31	109
tr|A0A333FHM5|Release	GCF_900638655.1_WP_047781753.1	62.353	88	88	95	85	31	1	1	84	1	85	9.52e-31	109
tr|A0A333FHM5|Release	GCF_003812345.1_WP_121571778.1	31.461	88	94	100	89	60	1	1	88	1	89	9.75e-31	109
tr|A0A333FHM5|Release	GCF_008693605.1_WP_223849061.1	30.337	88	95	100	89	61	1	1	88	2	90	1.13e-30	109
tr|A0A333FHM5|Release	GCF_004353845.1_WP_103770713.1	31.818	88	93	99	88	59	1	1	87	1	88	3.05e-30	107
tr|A0A333FHM5|Release	GCF_002355475.1_WP_004421315.1	35.802	88	91	91	81	51	1	3	82	1	81	8.53e-30	106
tr|A0A333FHM5|Release	GCF_013200955.2_WP_173204463.1	33.333	88	91	91	81	53	1	3	82	1	81	1.08e-29	106
tr|A0A333FHM5|Release	GCF_008693645.1_WP_137347870.1	31.818	88	89	99	88	59	1	1	87	1	88	1.42e-29	106
tr|A0A333FHM5|Release	GCF_001597285.1_WP_061903727.1	37.179	88	92	88	78	48	1	6	82	3	80	3.63e-29	105
tr|A0A333FHM5|Release	GCF_000733715.2_WP_017362912.1	32.911	88	90	89	79	52	1	5	82	2	80	3.39e-28	102
tr|A0A333FHM5|Release	GCF_008807375.1_WP_151138908.1	33.333	88	91	91	81	53	1	3	82	1	81	4.09e-28	102
tr|A0A333FHM5|Release	GCF_000297075.2_WP_003461742.1	32.911	88	90	89	79	52	1	5	82	2	80	7.45e-28	102
tr|A0A333FHM5|Release	GCF_024205225.1_WP_195881696.1	31.646	88	90	89	79	53	1	5	82	2	80	8.40e-28	101
tr|A0A333FHM5|Release	GCF_013409125.2_WP_099525265.1	32.911	88	90	89	79	52	1	5	82	2	80	1.44e-27	101
tr|A0A333FHM5|Release	GCF_004684345.1_WP_135321947.1	31.461	88	93	100	89	60	1	1	88	1	89	3.86e-27	100
tr|A0A333FHM5|Release	GCF_021029445.1_WP_230924827.1	30.769	88	89	89	78	54	0	5	82	2	79	4.62e-27	99.8
tr|A0A333FHM5|Release	GCF_900682675.2_WP_069898892.1	35.443	88	94	89	79	50	1	5	82	2	80	4.91e-27	99.8
tr|A0A333FHM5|Release	GCF_019047765.1_WP_040231149.1	27.273	88	89	99	88	63	1	1	87	1	88	7.21e-27	99.5
tr|A0A333FHM5|Release	GCF_017167985.1_WP_079784061.1	34.177	88	90	89	79	51	1	5	82	2	80	7.95e-27	99.2
tr|A0A333FHM5|Release	GCF_017167985.1_WP_093053415.1	32.911	88	92	89	79	52	1	5	82	2	80	1.05e-26	98.9
tr|A0A333FHM5|Release	GCF_001594225.2_WP_064379396.1	34.884	88	92	92	86	51	2	5	85	2	87	1.42e-26	98.6
tr|A0A333FHM5|Release	GCF_017915135.1_WP_210390879.1	32.911	88	90	89	79	52	1	5	82	2	80	1.65e-26	98.4
tr|A0A333FHM5|Release	GCF_001708425.1_WP_055136127.1	36.471	88	94	91	85	49	2	5	84	2	86	1.96e-26	98.4
tr|A0A333FHM5|Release	GCF_011397855.1_WP_044414183.1	34.177	88	90	89	79	51	1	5	82	2	80	2.58e-26	98.1
tr|A0A333FHM5|Release	GCF_013423785.1_WP_180308358.1	36.842	88	88	86	76	48	0	1	76	1	76	4.96e-26	97.2
tr|A0A333FHM5|Release	GCF_020991025.1_WP_152109250.1	39.759	88	83	93	83	49	1	3	84	1	83	7.31e-26	96.7
tr|A0A333FHM5|Release	GCF_012767755.2_WP_173176508.1	32.911	88	91	89	79	49	2	5	82	2	77	8.44e-26	96.7
tr|A0A333FHM5|Release	GCF_003957745.1_WP_126168493.1	34.177	88	87	89	79	51	1	5	82	2	80	1.01e-25	96.4
tr|A0A333FHM5|Release	GCF_016834455.1_WP_203325205.1	32.911	88	86	89	79	52	1	5	82	2	80	1.42e-25	96.1
tr|A0A333FHM5|Release	GCF_002355475.1_WP_003455993.1	29.870	88	90	86	77	53	1	7	82	2	78	1.42e-25	96.1
tr|A0A333FHM5|Release	GCF_000178875.2_WP_012197738.1	32.911	88	90	89	79	52	1	5	82	2	80	3.60e-25	95.0
tr|A0A333FHM5|Release	GCF_000015245.1_WP_011761423.1	32.911	88	86	89	79	52	1	5	82	2	80	3.72e-25	95.0
tr|A0A333FHM5|Release	GCF_017354925.1_WP_207321174.1	32.911	88	87	89	79	52	1	5	82	2	80	5.81e-25	94.4
tr|A0A333FHM5|Release	GCF_025402875.1_WP_011791024.1	31.395	88	90	92	86	54	2	5	85	2	87	7.30e-25	94.1
tr|A0A333FHM5|Release	GCF_008807375.1_WP_151133519.1	27.273	88	90	86	77	55	1	7	82	2	78	7.85e-25	94.1
tr|A0A333FHM5|Release	GCF_019670705.1_WP_100146025.1	34.177	88	92	89	79	51	1	5	82	2	80	1.07e-24	93.9
tr|A0A333FHM5|Release	GCF_009730655.1_WP_156020461.1	34.177	88	92	89	79	51	1	5	82	2	80	1.14e-24	93.9
tr|A0A333FHM5|Release	GCF_012767755.2_WP_173171843.1	29.114	88	90	89	79	55	1	5	82	2	80	1.33e-24	93.6
tr|A0A333FHM5|Release	GCF_017354965.1_WP_207380278.1	32.911	88	87	89	79	52	1	5	82	2	80	1.34e-24	93.6
tr|A0A333FHM5|Release	GCF_008033135.1_WP_148717358.1	28.205	88	87	89	78	56	0	5	82	2	79	1.38e-24	93.6
tr|A0A333FHM5|Release	GCF_024971755.1_WP_259474826.1	32.911	88	88	89	79	52	1	5	82	2	80	1.81e-24	93.3
tr|A0A333FHM5|Release	GCF_017329545.1_WP_047884589.1	27.586	88	95	98	87	62	1	3	88	1	87	2.74e-24	93.0
tr|A0A333FHM5|Release	GCF_014524625.1_WP_009050814.1	24.051	88	92	89	79	59	1	5	82	2	80	4.78e-24	92.2
tr|A0A333FHM5|Release	GCF_002215585.1_WP_088903590.1	32.530	88	89	90	83	52	1	6	84	3	85	4.09e-23	89.9
tr|A0A333FHM5|Release	GCF_003025345.2_WP_003155955.1	32.143	88	91	89	84	51	1	5	82	2	85	1.67e-22	88.2
tr|A0A333FHM5|Release	GCF_029457395.1_WP_024766443.1	30.120	88	92	89	83	53	1	5	82	2	84	1.68e-22	88.2
tr|A0A333FHM5|Release	GCF_024346675.1_WP_048897676.1	22.353	88	86	95	85	65	1	3	86	1	85	2.30e-22	88.0
tr|A0A333FHM5|Release	GCF_012971725.1_WP_169940133.1	32.895	88	92	81	76	46	1	5	75	2	77	4.71e-22	87.1
tr|A0A333FHM5|Release	GCF_000014885.1_WP_020912292.1	31.646	88	87	89	79	53	1	5	82	2	80	1.26e-21	86.0
tr|A0A333FHM5|Release	GCF_006742785.1_WP_172630283.1	23.171	88	88	92	82	62	1	8	88	3	84	2.38e-21	85.1
tr|A0A333FHM5|Release	GCF_000146165.2_WP_164925808.1	32.500	88	89	89	80	52	2	5	82	2	81	4.58e-21	84.6
tr|A0A333FHM5|Release	GCF_004358345.1_WP_121852852.1	34.286	88	76	78	70	45	1	3	71	1	70	9.18e-21	83.5
tr|A0A333FHM5|Release	GCF_001677435.1_WP_068615618.1	29.870	88	90	85	77	51	3	3	77	1	76	1.08e-20	83.7
tr|A0A333FHM5|Release	GCF_002005305.1_WP_077753428.1	29.114	88	86	89	79	55	1	5	82	2	80	1.18e-20	83.5
tr|A0A333FHM5|Release	GCF_000016065.1_WP_011864074.1	29.114	88	93	89	79	54	2	5	82	2	79	1.22e-20	83.5
tr|A0A333FHM5|Release	GCF_000801295.1_WP_171816254.1	30.952	88	99	92	84	54	2	1	81	1	83	1.44e-20	83.5
tr|A0A333FHM5|Release	GCF_020405345.1_WP_017780573.1	30.000	88	89	80	70	46	1	5	74	2	68	2.05e-20	82.9
tr|A0A333FHM5|Release	GCF_016026875.1_WP_045525981.1	30.435	88	89	78	69	45	1	5	73	2	67	2.69e-20	82.6
tr|A0A333FHM5|Release	GCF_014905115.1_WP_193151849.1	33.846	88	81	73	65	42	1	10	73	2	66	6.83e-20	81.5
tr|A0A333FHM5|Release	GCF_020149575.1_WP_224431657.1	30.435	88	85	78	69	45	1	6	74	3	68	9.36e-20	81.2
tr|A0A333FHM5|Release	GCF_003966655.1_WP_113527441.1	22.535	88	77	81	71	55	0	3	73	1	71	9.50e-20	80.9
tr|A0A333FHM5|Release	GCF_001007935.1_WP_046849946.1	19.753	88	84	91	81	64	1	8	87	4	84	1.00e-19	80.9
tr|A0A333FHM5|Release	GCF_000009145.1_WP_041356315.1	23.750	88	90	90	80	60	1	10	88	6	85	1.15e-19	80.9
tr|A0A333FHM5|Release	GCF_003584645.1_WP_197716612.1	25.610	88	80	89	82	54	2	3	80	1	79	1.15e-19	80.9
tr|A0A333FHM5|Release	GCF_020423125.1_WP_226170850.1	28.986	88	84	78	69	46	1	6	74	3	68	1.20e-19	80.9
tr|A0A333FHM5|Release	GCF_900637545.1_WP_042651794.1	31.429	88	84	80	70	45	1	5	74	2	68	1.34e-19	80.6
tr|A0A333FHM5|Release	GCF_013462805.1_WP_009566961.1	22.535	88	77	81	71	55	0	3	73	1	71	1.51e-19	80.4
tr|A0A333FHM5|Release	GCF_001020955.1_WP_047250467.1	31.250	88	82	86	80	51	2	1	76	1	80	1.55e-19	80.6
tr|A0A333FHM5|Release	GCF_009938225.1_WP_075649723.1	28.750	88	82	85	80	52	2	10	84	2	81	1.73e-19	80.4
tr|A0A333FHM5|Release	GCF_000968535.2_WP_014147785.1	30.263	88	84	85	76	51	2	8	82	4	78	1.84e-19	80.4
tr|A0A333FHM5|Release	GCF_028355655.1_WP_087756847.1	32.727	88	84	63	55	37	0	6	60	3	57	1.93e-19	80.4
tr|A0A333FHM5|Release	GCF_006337165.1_WP_139515111.1	32.099	88	82	86	81	47	2	3	78	1	78	2.58e-19	80.1
tr|A0A333FHM5|Release	GCF_019669905.1_WP_054759186.1	37.736	88	79	59	53	32	1	8	59	3	55	2.85e-19	79.8
tr|A0A333FHM5|Release	GCF_024347355.1_WP_105024956.1	27.692	88	83	73	65	46	1	10	73	2	66	3.05e-19	79.8
tr|A0A333FHM5|Release	GCF_024347475.1_WP_239840920.1	27.692	88	83	73	65	46	1	10	73	2	66	3.93e-19	79.5
tr|A0A333FHM5|Release	GCF_003515105.1_WP_036973086.1	38.028	88	73	80	71	43	1	6	75	2	72	5.44e-19	79.0
tr|A0A333FHM5|Release	GCF_004001245.1_WP_127478562.1	30.864	88	85	86	81	51	2	1	76	1	81	5.46e-19	79.2
tr|A0A333FHM5|Release	GCF_001596155.1_WP_068342236.1	26.829	88	90	88	82	52	4	3	79	1	79	5.68e-19	79.2
tr|A0A333FHM5|Release	GCF_008364325.2_WP_020826409.1	26.027	88	84	82	73	50	2	5	76	2	71	5.76e-19	79.2
tr|A0A333FHM5|Release	GCF_009068765.1_WP_151900329.1	30.769	88	81	73	65	44	1	10	73	2	66	6.78e-19	79.0
tr|A0A333FHM5|Release	GCF_024360925.2_WP_255188929.1	25.316	88	83	89	79	57	2	10	87	6	83	1.71e-18	77.8
tr|A0A333FHM5|Release	GCF_003015165.1_WP_106887831.1	27.536	88	84	78	69	47	1	6	74	3	68	1.84e-18	77.8
tr|A0A333FHM5|Release	GCF_008693705.1_WP_127008315.1	29.412	88	84	77	68	45	1	6	73	3	67	2.35e-18	77.5
tr|A0A333FHM5|Release	GCF_016127195.1_WP_042032742.1	27.941	88	89	77	68	46	1	6	73	3	67	2.43e-18	77.5
tr|A0A333FHM5|Release	GCF_014169735.1_WP_134997272.1	25.000	88	86	77	68	48	1	6	73	3	67	2.76e-18	77.5
tr|A0A333FHM5|Release	GCF_022371215.1_WP_239718047.1	27.273	88	83	74	66	47	1	10	74	2	67	3.30e-18	77.3
tr|A0A333FHM5|Release	GCF_027625995.1_WP_270126807.1	29.630	88	82	86	81	49	2	3	78	1	78	3.51e-18	77.0
tr|A0A333FHM5|Release	GCF_000214665.1_WP_013819542.1	22.785	88	83	89	79	59	2	10	87	6	83	3.58e-18	77.0
tr|A0A333FHM5|Release	GCF_008329985.2_WP_149283950.1	32.308	88	81	73	65	43	1	10	73	2	66	4.21e-18	77.0
tr|A0A333FHM5|Release	GCF_013283835.1_WP_071626507.1	24.675	88	83	84	77	52	2	3	76	1	74	4.29e-18	77.0
tr|A0A333FHM5|Release	GCF_024494545.1_WP_256384876.1	22.785	88	81	89	79	60	1	10	87	2	80	6.12e-18	76.4
tr|A0A333FHM5|Release	GCF_009662475.1_WP_031573754.1	23.529	88	79	77	68	52	0	3	70	1	68	6.16e-18	76.4
tr|A0A333FHM5|Release	GCF_009938185.1_WP_162048373.1	29.231	88	82	73	65	45	1	10	73	2	66	6.96e-18	76.4
tr|A0A333FHM5|Release	GCF_003258315.1_WP_111337788.1	25.610	88	88	92	82	60	1	8	88	4	85	7.24e-18	76.4
tr|A0A333FHM5|Release	GCF_004355185.1_WP_133271280.1	34.177	88	81	84	79	44	2	5	78	2	77	7.52e-18	76.1
tr|A0A333FHM5|Release	GCF_009938205.1_WP_075706454.1	32.308	88	82	73	65	43	1	10	73	2	66	7.96e-18	76.1
tr|A0A333FHM5|Release	GCF_000576555.1_WP_044000633.1	31.250	88	83	85	80	47	2	4	78	3	79	8.16e-18	76.1
tr|A0A333FHM5|Release	GCF_002157225.2_WP_086934278.1	26.027	88	80	83	73	54	0	10	82	5	77	8.74e-18	76.1
tr|A0A333FHM5|Release	GCF_001651805.1_WP_067384150.1	33.803	88	78	75	71	42	3	7	72	4	74	1.33e-17	75.6
tr|A0A333FHM5|Release	GCF_020844025.1_WP_215848879.1	22.535	88	77	81	71	55	0	3	73	1	71	1.52e-17	75.3
tr|A0A333FHM5|Release	GCF_005931095.1_WP_017839868.1	25.926	88	84	91	81	58	2	8	87	4	83	1.70e-17	75.3
tr|A0A333FHM5|Release	GCF_002204915.1_WP_052690899.1	27.692	88	101	73	65	46	1	10	73	21	85	1.72e-17	75.6
tr|A0A333FHM5|Release	GCF_016026615.1_WP_197928313.1	27.941	88	89	77	68	46	1	6	73	3	67	1.81e-17	75.3
tr|A0A333FHM5|Release	GCF_013343005.1_WP_078482823.1	28.750	88	84	85	80	52	2	3	77	1	80	1.85e-17	75.3
tr|A0A333FHM5|Release	GCF_000940995.1_WP_082060442.1	22.989	88	93	98	87	66	1	3	88	1	87	1.86e-17	75.6
tr|A0A333FHM5|Release	GCF_001558255.2_WP_005504861.1	28.395	88	82	85	81	52	3	10	84	2	82	1.97e-17	75.3
tr|A0A333FHM5|Release	GCF_019670105.1_WP_040307707.1	27.692	88	81	73	65	46	1	10	73	2	66	1.98e-17	75.0
tr|A0A333FHM5|Release	GCF_003967195.1_WP_172597571.1	30.000	88	83	85	80	51	2	3	77	2	81	2.19e-17	75.0
tr|A0A333FHM5|Release	GCF_009755585.1_WP_157030071.1	23.171	88	85	89	82	56	2	3	80	1	79	2.51e-17	75.0
tr|A0A333FHM5|Release	GCF_002407485.1_WP_096780111.1	30.435	88	81	77	69	47	1	10	77	2	70	2.66e-17	74.7
tr|A0A333FHM5|Release	GCF_000785705.2_WP_036272019.1	25.641	88	82	89	78	57	1	10	87	6	82	2.70e-17	74.7
tr|A0A333FHM5|Release	GCF_010093065.1_WP_238430213.1	26.582	88	83	85	79	51	2	1	75	2	77	2.86e-17	74.7
tr|A0A333FHM5|Release	GCF_022827545.1_WP_243798205.1	32.099	88	82	86	81	47	2	3	78	1	78	2.98e-17	74.7
tr|A0A333FHM5|Release	GCF_000021985.1_WP_012639500.1	32.432	88	82	78	74	45	2	3	71	1	74	3.20e-17	74.7
tr|A0A333FHM5|Release	GCF_003574965.1_WP_119445661.1	30.864	88	82	86	81	48	2	3	78	1	78	3.52e-17	74.5
tr|A0A333FHM5|Release	GCF_013137895.1_WP_135435790.1	31.707	88	83	88	82	47	3	1	77	1	78	4.22e-17	74.5
tr|A0A333FHM5|Release	GCF_000014765.1_WP_011633385.1	23.750	88	89	86	80	57	2	8	83	3	82	4.69e-17	74.5
tr|A0A333FHM5|Release	GCF_019670125.1_WP_221076876.1	30.769	88	81	73	65	44	1	10	73	2	66	4.90e-17	74.2
tr|A0A333FHM5|Release	GCF_001507645.1_WP_068195976.1	27.273	88	90	83	77	49	2	3	75	1	74	7.68e-17	73.9
tr|A0A333FHM5|Release	GCF_024746855.1_WP_260492542.1	27.692	88	79	74	65	47	0	10	74	2	66	8.53e-17	73.6
tr|A0A333FHM5|Release	GCF_001007875.1_WP_046858354.1	25.316	88	80	89	79	58	1	10	87	2	80	1.15e-16	73.0
tr|A0A333FHM5|Release	GCF_004214795.1_WP_130234502.1	21.519	88	78	86	79	56	2	3	78	1	76	1.20e-16	73.0
tr|A0A333FHM5|Release	GCF_014879975.1_WP_192888672.1	27.027	88	83	78	74	49	2	10	78	2	75	1.27e-16	73.0
tr|A0A333FHM5|Release	GCF_000148645.1_WP_013347076.1	35.938	88	80	72	64	40	1	12	74	3	66	1.39e-16	73.0
tr|A0A333FHM5|Release	GCF_022811645.1_WP_243511723.1	25.316	88	90	85	79	52	2	3	77	1	76	1.44e-16	73.0
tr|A0A333FHM5|Release	GCF_024347635.1_WP_139683960.1	26.154	88	83	73	65	47	1	10	73	2	66	1.47e-16	73.0
tr|A0A333FHM5|Release	GCF_019797925.1_WP_193521737.1	30.769	88	80	74	65	45	0	10	74	2	66	1.56e-16	72.8
tr|A0A333FHM5|Release	GCF_002215215.1_WP_088918776.1	40.000	88	101	78	70	40	2	5	73	15	83	2.05e-16	73.0
tr|A0A333FHM5|Release	GCF_000212735.1_WP_013764159.1	26.923	88	83	84	78	50	2	1	74	1	75	2.08e-16	72.5
tr|A0A333FHM5|Release	GCF_002762215.1_WP_085750011.1	26.582	88	87	85	79	51	3	4	78	3	78	2.09e-16	72.8
tr|A0A333FHM5|Release	GCF_024347455.1_WP_135458404.1	24.615	88	83	73	65	48	1	10	73	2	66	2.12e-16	72.5
tr|A0A333FHM5|Release	GCF_001995825.2_WP_017057338.1	24.615	88	83	73	65	48	1	10	73	2	66	2.12e-16	72.5
tr|A0A333FHM5|Release	GCF_003970675.1_WP_126615366.1	33.824	88	76	77	68	41	2	7	74	10	73	2.23e-16	72.5
tr|A0A333FHM5|Release	GCF_024347595.1_WP_176681244.1	29.231	88	83	73	65	45	1	10	73	2	66	2.31e-16	72.5
tr|A0A333FHM5|Release	GCF_003990335.1_WP_127025819.1	21.127	88	91	81	71	56	0	10	80	6	76	2.34e-16	72.5
tr|A0A333FHM5|Release	GCF_004328865.1_WP_104643907.1	38.095	88	83	70	63	38	1	10	71	2	64	2.46e-16	72.5
tr|A0A333FHM5|Release	GCF_007197555.1_WP_144048375.1	29.412	88	94	89	85	53	2	5	82	2	86	2.69e-16	72.5
tr|A0A333FHM5|Release	GCF_000024005.1_WP_012793320.1	28.395	88	84	88	81	51	2	2	78	3	80	2.69e-16	72.2
tr|A0A333FHM5|Release	GCF_000091465.1_WP_004733849.1	24.615	88	83	73	65	48	1	10	73	2	66	2.75e-16	72.2
tr|A0A333FHM5|Release	GCF_003149515.1_WP_109656005.1	23.377	88	90	83	77	52	2	3	75	1	74	3.03e-16	72.2
tr|A0A333FHM5|Release	GCF_000828615.1_WP_041064380.1	29.114	88	80	84	79	51	3	1	74	1	79	3.04e-16	72.2
tr|A0A333FHM5|Release	GCF_008728635.1_WP_151087836.1	22.078	88	90	83	77	53	3	3	75	1	74	3.41e-16	72.2
tr|A0A333FHM5|Release	GCF_013201725.1_WP_014475480.1	27.027	88	74	81	74	48	2	3	73	1	71	3.64e-16	71.9
tr|A0A333FHM5|Release	GCF_003353065.1_WP_114983154.1	27.632	88	84	82	76	48	3	1	72	1	73	3.84e-16	71.9
tr|A0A333FHM5|Release	GCF_003668795.1_WP_054981706.1	36.508	88	83	70	63	39	1	10	71	2	64	3.90e-16	71.9
tr|A0A333FHM5|Release	GCF_018736065.1_WP_144074266.1	32.353	88	76	77	68	42	2	7	74	10	73	3.91e-16	71.6
tr|A0A333FHM5|Release	GCF_002218045.2_WP_089137819.1	38.889	88	79	77	72	40	2	6	73	5	76	4.41e-16	71.6
tr|A0A333FHM5|Release	GCF_009938015.1_WP_223264517.1	30.769	88	90	83	78	49	3	1	73	1	78	4.44e-16	71.9
tr|A0A333FHM5|Release	GCF_024347495.1_WP_137371745.1	27.692	88	80	73	65	46	1	10	73	2	66	4.45e-16	71.6
tr|A0A333FHM5|Release	GCF_024347195.1_WP_271272618.1	33.333	88	77	77	72	44	2	5	72	2	73	5.04e-16	71.4
tr|A0A333FHM5|Release	GCF_002355415.1_WP_148665551.1	32.895	88	87	82	76	44	3	6	77	13	85	5.14e-16	71.6
tr|A0A333FHM5|Release	GCF_015209785.1_WP_193988300.1	39.706	88	73	76	68	40	1	6	72	2	69	5.58e-16	71.4
tr|A0A333FHM5|Release	GCF_002221525.1_WP_089349457.1	30.380	88	83	89	79	54	1	10	87	2	80	5.90e-16	71.4
tr|A0A333FHM5|Release	GCF_003063625.1_WP_108601906.1	34.286	88	85	76	70	43	1	10	76	5	74	6.15e-16	71.4
tr|A0A333FHM5|Release	GCF_002355735.1_WP_096359192.1	25.000	88	83	82	76	53	2	4	75	7	82	6.49e-16	71.4
tr|A0A333FHM5|Release	GCF_013177675.1_WP_172128285.1	24.000	88	81	82	75	51	2	3	74	1	72	6.90e-16	71.1
tr|A0A333FHM5|Release	GCF_005877035.1_WP_039486662.1	38.095	88	83	70	63	38	1	10	71	2	64	7.25e-16	71.1
tr|A0A333FHM5|Release	GCF_024347035.1_WP_102941394.1	30.769	88	81	73	65	44	1	10	73	2	66	8.34e-16	71.1
tr|A0A333FHM5|Release	GCF_000238395.3_WP_010553578.1	36.508	88	83	70	63	39	1	10	71	2	64	8.98e-16	71.1
tr|A0A333FHM5|Release	GCF_002142475.1_WP_026148861.1	29.487	88	86	84	78	48	2	5	78	2	76	9.30e-16	71.1
tr|A0A333FHM5|Release	GCF_000772105.1_WP_004748349.1	22.368	88	81	85	76	58	1	10	84	2	77	1.05e-15	70.8
tr|A0A333FHM5|Release	GCF_010093065.1_WP_162331416.1	25.316	88	84	85	79	52	2	4	78	5	80	1.06e-15	70.8
tr|A0A333FHM5|Release	GCF_024347655.1_WP_060467732.1	24.615	88	83	73	65	48	1	10	73	2	66	1.11e-15	70.8
tr|A0A333FHM5|Release	GCF_001999225.1_WP_077537996.1	26.582	88	82	89	79	57	1	10	87	2	80	1.34e-15	70.5
tr|A0A333FHM5|Release	GCF_002214395.1_WP_010453422.1	21.250	88	81	90	80	62	1	10	88	2	81	1.37e-15	70.5
tr|A0A333FHM5|Release	GCF_008369605.1_WP_000253074.1	30.769	88	81	73	65	44	1	10	73	2	66	1.45e-15	70.5
tr|A0A333FHM5|Release	GCF_013177635.1_WP_129095542.1	22.973	88	72	81	74	51	2	3	73	1	71	1.59e-15	70.2
tr|A0A333FHM5|Release	GCF_024347675.1_WP_261835500.1	30.000	88	81	85	80	51	2	10	84	2	81	1.63e-15	70.2
tr|A0A333FHM5|Release	GCF_024362845.1_WP_255230807.1	27.692	88	82	73	65	46	1	10	73	2	66	1.80e-15	70.2
tr|A0A333FHM5|Release	GCF_001955715.1_WP_029708890.1	26.027	88	80	78	73	47	2	5	73	2	71	2.01e-15	70.0
tr|A0A333FHM5|Release	GCF_001558415.2_WP_061055374.1	27.692	88	83	73	65	46	1	10	73	2	66	2.08e-15	70.0
tr|A0A333FHM5|Release	GCF_001456255.1_WP_020335096.1	21.519	88	81	89	79	61	1	10	87	2	80	2.11e-15	70.0
tr|A0A333FHM5|Release	GCF_002849875.1_WP_232379112.1	26.744	88	113	93	86	59	1	6	87	28	113	2.23e-15	70.5
tr|A0A333FHM5|Release	GCF_000321415.2_WP_015260329.1	34.091	88	93	95	88	52	3	1	84	1	86	2.42e-15	70.0
tr|A0A333FHM5|Release	GCF_013201935.1_WP_129014602.1	22.973	88	72	81	74	51	2	3	73	1	71	3.10e-15	69.4
tr|A0A333FHM5|Release	GCF_004028275.1_WP_128384077.1	24.638	88	77	74	69	48	2	9	73	2	70	3.11e-15	69.4
tr|A0A333FHM5|Release	GCF_001831495.1_WP_068547707.1	29.231	88	81	73	65	45	1	10	73	2	66	3.14e-15	69.7
tr|A0A333FHM5|Release	GCF_003544915.1_WP_118918525.1	25.000	88	73	83	76	51	2	3	75	1	73	3.20e-15	69.4
tr|A0A333FHM5|Release	GCF_000014785.1_WP_011630183.1	32.468	88	83	83	77	48	2	4	76	7	83	3.57e-15	69.4
tr|A0A333FHM5|Release	GCF_003346775.1_WP_114843067.1	25.974	88	84	84	77	51	2	3	76	1	74	3.64e-15	69.4
tr|A0A333FHM5|Release	GCF_023733635.1_WP_039959400.1	27.500	88	89	85	80	53	2	5	79	2	81	3.75e-15	69.4
tr|A0A333FHM5|Release	GCF_001455205.1_WP_062560013.1	25.316	88	84	89	79	57	2	10	87	6	83	5.11e-15	69.1
tr|A0A333FHM5|Release	GCF_003346815.1_WP_114840342.1	25.333	88	82	82	75	50	2	3	74	1	72	5.61e-15	68.8
tr|A0A333FHM5|Release	GCF_008931805.1_WP_019441510.1	29.231	88	81	73	65	45	1	10	73	2	66	6.37e-15	68.8
tr|A0A333FHM5|Release	GCF_000026085.1_WP_041454550.1	38.028	88	73	78	71	41	3	6	74	2	71	6.87e-15	68.5
tr|A0A333FHM5|Release	GCF_008632455.1_WP_150048082.1	23.377	88	84	86	77	57	2	9	84	5	80	6.91e-15	68.8
tr|A0A333FHM5|Release	GCF_024347255.1_WP_091360415.1	28.767	88	79	77	73	47	2	5	72	2	74	7.34e-15	68.5
tr|A0A333FHM5|Release	GCF_003568825.1_WP_040644076.1	21.951	88	83	89	82	60	1	10	87	2	83	7.66e-15	68.5
tr|A0A333FHM5|Release	GCF_000227685.2_WP_006746304.1	30.864	88	83	88	81	52	2	1	77	1	81	7.91e-15	68.5
tr|A0A333FHM5|Release	GCF_000012325.1_WP_011045621.1	30.380	88	84	90	79	53	1	10	88	5	81	9.81e-15	68.3
tr|A0A333FHM5|Release	GCF_000788395.1_WP_038641921.1	28.788	88	85	74	66	46	1	10	74	5	70	9.97e-15	68.3
tr|A0A333FHM5|Release	GCF_019670485.1_WP_221071211.1	26.582	88	81	89	79	57	1	10	87	2	80	1.03e-14	68.3
tr|A0A333FHM5|Release	GCF_000019525.1_WP_012323084.1	27.632	88	81	85	76	54	1	10	84	2	77	1.11e-14	68.3
tr|A0A333FHM5|Release	GCF_902810445.1_WP_197744199.1	22.973	88	78	80	74	50	3	5	74	2	72	1.15e-14	68.0
tr|A0A333FHM5|Release	GCF_024582835.1_WP_257083279.1	25.397	88	87	70	63	46	1	10	71	2	64	1.64e-14	67.7
tr|A0A333FHM5|Release	GCF_024347275.1_WP_019620968.1	30.263	88	82	81	76	48	3	5	75	2	77	1.82e-14	67.7
tr|A0A333FHM5|Release	GCF_900233005.1_WP_102521318.1	23.077	88	81	73	65	49	1	10	73	2	66	1.90e-14	67.4
tr|A0A333FHM5|Release	GCF_002157895.1_WP_227874980.1	25.714	88	82	78	70	51	1	10	78	3	72	2.84e-14	67.1
tr|A0A333FHM5|Release	GCF_002906475.1_WP_012130247.1	21.519	88	81	89	79	61	1	10	87	2	80	3.04e-14	67.1
tr|A0A333FHM5|Release	GCF_002021755.1_WP_005434844.1	22.785	88	81	89	79	60	1	10	87	2	80	4.42e-14	66.6
tr|A0A333FHM5|Release	GCF_000024825.1_WP_005460845.1	22.785	88	81	89	79	60	1	10	87	2	80	4.49e-14	66.6
tr|A0A333FHM5|Release	GCF_000770115.1_WP_069687890.1	22.785	88	81	89	79	60	1	10	87	2	80	4.60e-14	66.6
tr|A0A333FHM5|Release	GCF_002557795.1_WP_098194977.1	24.051	88	89	83	79	51	2	6	78	7	82	5.31e-14	66.6
tr|A0A333FHM5|Release	GCF_013201665.1_WP_128359868.1	18.293	88	81	90	82	61	2	3	81	1	79	5.35e-14	66.3
tr|A0A333FHM5|Release	GCF_024347215.1_WP_261843265.1	30.556	88	77	77	72	46	2	5	72	2	73	5.59e-14	66.3
tr|A0A333FHM5|Release	GCF_016613475.2_WP_200606805.1	24.096	88	90	89	83	55	3	1	78	1	80	6.03e-14	66.3
tr|A0A333FHM5|Release	GCF_005166025.1_WP_137090244.1	25.000	88	84	82	76	50	2	3	74	1	73	6.69e-14	66.3
tr|A0A333FHM5|Release	GCF_019703835.1_WP_087020305.1	28.395	88	79	88	81	51	2	10	86	1	78	6.88e-14	66.0
tr|A0A333FHM5|Release	GCF_001050135.1_WP_048644179.1	20.513	88	88	84	78	55	3	1	74	1	75	7.57e-14	66.0
tr|A0A333FHM5|Release	GCF_001431725.1_WP_021820278.1	24.615	88	81	73	65	48	1	10	73	2	66	9.62e-14	65.7
tr|A0A333FHM5|Release	GCF_019977755.1_WP_126608378.1	28.947	88	103	78	76	47	2	10	78	16	91	1.01e-13	66.0
tr|A0A333FHM5|Release	GCF_017638925.1_WP_208844867.1	29.412	88	81	77	68	48	0	10	77	2	69	1.02e-13	65.7
tr|A0A333FHM5|Release	GCF_026427595.1_WP_251812951.1	24.691	88	88	86	81	56	2	12	87	7	87	1.12e-13	65.7
tr|A0A333FHM5|Release	GCF_000092245.1_WP_013136435.1	29.577	88	76	77	71	44	2	7	74	2	69	3.08e-13	64.3
tr|A0A333FHM5|Release	GCF_008122265.1_WP_148863603.1	21.127	88	84	76	71	49	2	5	71	2	69	3.49e-13	64.3
tr|A0A333FHM5|Release	GCF_009363415.1_WP_152430616.1	20.000	88	84	90	80	63	1	10	88	2	81	4.06e-13	64.3
tr|A0A333FHM5|Release	GCF_001956695.1_WP_076086034.1	22.222	88	77	77	72	49	3	7	74	2	70	4.34e-13	64.0
tr|A0A333FHM5|Release	GCF_001442805.1_WP_057942092.1	23.377	88	88	83	77	52	2	2	74	3	76	8.31e-13	63.5
tr|A0A333FHM5|Release	GCF_002887615.1_WP_038869703.1	21.519	88	81	89	79	61	1	10	87	2	80	8.53e-13	63.2
tr|A0A333FHM5|Release	GCF_013283835.1_WP_071625892.1	24.324	88	79	77	74	47	2	7	74	2	72	9.67e-13	63.2
tr|A0A333FHM5|Release	GCF_002356115.1_WP_096526481.1	18.919	88	78	80	74	53	2	5	74	2	72	1.12e-12	62.9
tr|A0A333FHM5|Release	GCF_000222485.1_WP_014022977.1	24.359	88	85	84	78	52	3	1	74	1	75	1.39e-12	62.9
tr|A0A333FHM5|Release	GCF_010119975.1_WP_162445115.1	23.750	88	365	86	80	53	2	4	79	8	83	1.54e-12	66.9
tr|A0A333FHM5|Release	GCF_001956695.1_WP_076086043.1	25.676	88	77	81	74	49	2	5	75	2	72	1.75e-12	62.4
tr|A0A333FHM5|Release	GCF_000143085.1_WP_013221711.1	25.714	88	82	75	70	45	3	6	71	3	69	1.81e-12	62.6
tr|A0A333FHM5|Release	GCF_006364355.1_WP_004727652.1	30.769	88	83	73	65	44	1	10	73	2	66	3.29e-12	61.8
tr|A0A333FHM5|Release	GCF_003722295.1_WP_010573895.1	25.333	88	75	78	75	47	2	5	73	2	73	3.39e-12	61.8
tr|A0A333FHM5|Release	GCF_012295615.1_WP_007018284.1	21.538	88	81	73	65	50	1	10	73	2	66	3.39e-12	61.8
tr|A0A333FHM5|Release	GCF_013201665.1_WP_128358834.1	23.944	88	76	77	71	48	2	7	74	2	69	3.47e-12	61.8
tr|A0A333FHM5|Release	GCF_008807855.1_WP_063240334.1	23.377	88	83	83	77	52	2	2	74	3	76	4.78e-12	61.5
tr|A0A333FHM5|Release	GCF_004421105.1_WP_134356453.1	21.795	88	80	84	78	54	3	5	78	2	76	5.16e-12	61.2
tr|A0A333FHM5|Release	GCF_020091585.1_WP_224339804.1	25.676	88	82	80	74	48	2	5	74	2	72	7.33e-12	60.9
tr|A0A333FHM5|Release	GCF_013282625.1_WP_173286717.1	30.769	88	67	74	65	42	1	9	73	2	63	9.61e-12	60.4
tr|A0A333FHM5|Release	GCF_013177635.1_WP_129095951.1	22.535	88	76	77	71	49	2	7	74	2	69	1.16e-11	60.4
tr|A0A333FHM5|Release	GCF_000265505.1_WP_014796533.1	23.256	88	97	85	86	55	2	4	78	3	88	1.68e-11	60.4
tr|A0A333FHM5|Release	GCF_013201935.1_WP_128987185.1	21.127	88	76	77	71	50	2	7	74	2	69	1.79e-11	59.8
tr|A0A333FHM5|Release	GCF_000238255.3_WP_010559905.1	25.758	88	86	74	66	48	1	10	74	5	70	2.23e-11	59.8
tr|A0A333FHM5|Release	GCF_000012805.1_WP_011330264.1	21.918	88	85	78	73	50	3	6	74	3	72	2.30e-11	59.8
tr|A0A333FHM5|Release	GCF_001705075.2_WP_065970077.1	23.611	88	78	77	72	51	2	3	70	1	72	2.73e-11	59.5
tr|A0A333FHM5|Release	GCF_000019185.1_WP_012277931.1	28.846	88	100	58	52	36	1	10	60	2	53	2.85e-11	59.8
tr|A0A333FHM5|Release	GCF_011398355.1_WP_173270160.1	28.333	88	65	68	60	40	1	9	68	2	58	3.04e-11	59.0
tr|A0A333FHM5|Release	GCF_004293625.1_WP_130538367.1	33.898	88	71	67	59	36	1	9	67	2	57	5.45e-11	58.4
tr|A0A333FHM5|Release	GCF_009937995.1_WP_179954406.1	25.676	88	79	78	74	50	2	5	73	2	75	6.34e-11	58.4
tr|A0A333FHM5|Release	GCF_003544815.1_WP_118886031.1	22.535	88	76	77	71	49	2	7	74	2	69	6.54e-11	58.4
tr|A0A333FHM5|Release	GCF_003955735.1_WP_126127786.1	23.377	88	91	83	77	52	3	2	74	4	77	8.43e-11	58.4
tr|A0A333FHM5|Release	GCF_004798725.1_WP_010811758.1	23.457	88	83	88	81	55	2	2	78	3	80	9.74e-11	58.1
tr|A0A333FHM5|Release	GCF_018389385.1_WP_218082190.1	24.324	88	91	80	74	49	2	4	73	15	85	1.03e-10	58.1
tr|A0A333FHM5|Release	GCF_000317125.1_WP_015155280.1	19.231	88	81	84	78	56	3	5	78	2	76	1.08e-10	57.9
tr|A0A333FHM5|Release	GCF_021654855.1_WP_237262080.1	25.000	88	70	73	68	44	2	10	73	3	67	2.28e-10	57.0
tr|A0A333FHM5|Release	GCF_013177675.1_WP_172126669.1	25.352	88	77	77	71	47	2	7	74	2	69	3.00e-10	56.7
tr|A0A333FHM5|Release	GCF_000014705.1_WP_011637758.1	20.482	88	88	89	83	61	1	9	86	3	85	4.14e-10	56.7
tr|A0A333FHM5|Release	GCF_024347675.1_WP_261833361.1	34.884	88	54	49	43	28	0	10	52	2	44	4.49e-10	55.9
tr|A0A333FHM5|Release	GCF_000006765.1_NP_249630.1	31.250	88	108	66	64	38	1	5	62	2	65	5.38e-10	56.7
tr|A0A333FHM5|Release	GCF_023650495.1_WP_250655372.1	22.642	88	88	56	53	37	1	8	56	3	55	8.93e-10	55.9
tr|A0A333FHM5|Release	GCF_000147355.1_WP_013326989.1	26.923	88	67	58	52	37	1	23	73	1	52	1.03e-09	55.3
tr|A0A333FHM5|Release	GCF_019891175.1_WP_225938383.1	23.171	88	93	89	82	55	3	1	78	7	84	1.16e-09	55.6
tr|A0A333FHM5|Release	GCF_003855395.1_WP_124730567.1	22.535	88	88	75	71	50	1	9	74	3	73	1.25e-09	55.3
tr|A0A333FHM5|Release	GCF_017742995.1_WP_247749573.1	44.444	88	48	41	36	20	0	10	45	2	37	1.25e-09	54.8
tr|A0A333FHM5|Release	GCF_000018105.1_WP_012162738.1	13.699	88	86	78	73	56	2	10	78	7	76	2.31e-09	54.8
tr|A0A333FHM5|Release	GCF_000024725.1_WP_013031543.1	20.513	88	81	84	78	55	3	5	78	2	76	2.38e-09	54.5
tr|A0A333FHM5|Release	GCF_001444405.1_WP_058032142.1	23.077	88	87	73	65	49	1	10	73	2	66	2.40e-09	54.8
tr|A0A333FHM5|Release	GCF_003967275.1_WP_197721837.1	29.730	88	78	80	74	48	3	3	72	1	74	2.45e-09	54.5
tr|A0A333FHM5|Release	GCF_000317575.1_WP_015193670.1	23.288	88	74	78	73	49	2	5	73	2	71	2.92e-09	54.2
tr|A0A333FHM5|Release	GCF_020511155.1_WP_226415657.1	21.250	88	87	85	80	58	2	8	82	3	82	3.17e-09	54.2
tr|A0A333FHM5|Release	GCF_011398355.1_WP_173270199.1	24.615	88	66	74	65	46	1	9	73	2	63	4.34e-09	53.6
tr|A0A333FHM5|Release	GCF_006385555.1_WP_140234395.1	42.553	88	87	51	47	25	1	9	53	3	49	1.56e-08	52.5
tr|A0A333FHM5|Release	GCF_000018285.1_WP_012155987.1	27.083	88	102	53	48	34	1	10	56	2	49	3.72e-08	51.9
tr|A0A333FHM5|Release	GCF_000013765.1_WP_011496543.1	25.714	88	106	74	70	47	2	10	74	23	92	3.73e-08	51.9
tr|A0A333FHM5|Release	GCF_000973725.1_WP_046311560.1	24.359	88	91	84	78	52	3	3	76	1	75	2.68e-07	49.4
tr|A0A333FHM5|Release	GCF_011398155.1_WP_173291533.1	20.000	88	71	73	65	48	2	10	73	3	64	8.57e-07	47.7
tr|A0A333FHM5|Release	GCF_026278345.1_WP_266369249.1	23.288	88	90	78	73	49	3	5	73	2	71	1.37e-06	47.7
tr|A0A333FHM5|Release	GCF_002309535.1_WP_096047558.1	24.638	88	88	75	69	46	2	9	74	4	69	2.10e-06	47.2
tr|A0A333FHM5|Release	GCF_003346815.1_WP_114840344.1	24.658	88	84	80	73	49	3	5	74	2	71	2.88e-06	46.6
tr|A0A333FHM5|Release	GCF_011764585.1_WP_188200227.1	28.070	88	63	59	57	36	2	22	73	1	57	3.47e-06	46.0
tr|A0A333FHM5|Release	GCF_000568815.1_WP_025346049.1	22.857	88	76	76	70	48	2	8	74	3	69	4.20e-06	46.0
tr|A0A333FHM5|Release	GCF_001723605.1_WP_069479051.1	25.000	88	76	74	68	45	2	10	74	5	69	9.20e-06	45.2
tr|A0A333FHM5|Release	GCF_000265295.1_WP_014770430.1	22.857	88	76	76	70	48	2	8	74	3	69	1.40e-05	44.9
tr|A0A333FHM5|Release	GCF_013283835.1_WP_071628250.1	19.737	88	81	83	76	55	2	5	77	2	74	2.28e-05	44.3
tr|A0A333FHM5|Release	GCF_019931735.1_WP_223417223.1	25.581	88	87	49	43	32	0	10	52	4	46	2.33e-05	44.3
tr|A0A333FHM5|Release	GCF_001027285.1_WP_047859305.1	26.531	88	80	56	49	36	0	12	60	12	60	2.39e-05	44.3
tr|A0A333FHM5|Release	GCF_000484535.1_WP_023173213.1	25.397	88	91	70	63	46	1	12	73	24	86	2.34e-04	41.8
tr|A0A333FHM5|Release	GCF_005281475.1_WP_137401239.1	25.000	88	81	78	72	48	3	6	74	2	70	2.57e-04	41.5
tr|A0A333FHM5|Release	GCF_000242635.2_WP_014682426.1	24.194	88	83	66	62	40	2	14	71	11	69	3.03e-04	41.5
tr|A0A333FHM5|Release	GCF_002116735.1_WP_041332374.1	18.182	88	86	83	77	56	2	2	74	5	78	3.19e-04	41.5
tr|A0A333FHM5|Release	GCF_009937995.1_WP_162085741.1	22.222	88	82	84	81	55	4	3	76	1	80	4.68e-04	41.0
tr|A0A333FHM5|Release	GCF_014217805.1_WP_185274331.1	16.438	88	91	78	73	54	2	5	73	6	75	5.57e-04	41.0
tr|A0A333FHM5|Release	GCF_021018745.1_WP_230843504.1	25.397	88	92	70	63	46	1	12	73	24	86	6.57e-04	40.7
tr|A0A333FHM5|Release	GCF_006575665.1_WP_141613356.1	25.000	88	81	78	72	48	3	6	74	2	70	8.47e-04	40.4
tr|A0A333FHM5|Release	GCF_000011385.1_WP_011141833.1	25.397	88	92	70	63	46	1	12	73	24	86	0.001	40.1
tr|A0A333FHM5|Release	GCF_003260975.1_WP_112783789.1	23.611	88	81	78	72	49	3	6	74	2	70	0.001	39.8
tr|A0A333FHM5|Release	GCF_003143555.1_WP_109340539.1	18.182	88	84	72	66	51	1	12	74	5	70	0.004	38.7
tr|A0A333FHM5|Release	GCF_009938015.1_WP_147074368.1	18.519	88	82	84	81	58	5	3	76	1	80	0.004	38.7
tr|A0A333FHM5|Release	GCF_009931655.1_WP_161888514.1	18.667	88	89	81	75	54	2	3	73	1	72	0.007	38.2
# PSIBLAST 2.13.0+
# Iteration: 4
# Query: tr|A0A333FHM5|Release 2018_10/2018_10|07-Nov-2018
# Database: db/chosen-bacteria_proteome_exDup
# Fields: query id, subject id, % identity, query length, subject length, % query coverage per subject, alignment length, mismatches, gap opens, q. start, q. end, s. start, s. end, evalue, bit score
# 463 hits found
tr|A0A333FHM5|Release	GCF_001461805.1_WP_013367515.1	69.767	88	86	98	86	26	0	1	86	1	86	1.42e-39	131
tr|A0A333FHM5|Release	GCF_001518835.1_WP_059308693.1	67.442	88	86	98	86	28	0	1	86	1	86	1.98e-39	131
tr|A0A333FHM5|Release	GCF_009176645.1_WP_152083529.1	65.116	88	86	98	86	30	0	1	86	1	86	2.30e-39	130
tr|A0A333FHM5|Release	GCF_009036245.1_WP_025756830.1	65.116	88	86	98	86	30	0	1	86	1	86	2.57e-39	130
tr|A0A333FHM5|Release	GCF_020097475.1_WP_000062318.1	67.442	88	86	98	86	28	0	1	86	1	86	2.81e-39	130
tr|A0A333FHM5|Release	GCF_021172065.1_WP_015965827.1	63.953	88	86	98	86	31	0	1	86	1	86	2.99e-39	130
tr|A0A333FHM5|Release	GCF_001683395.1_WP_017458015.1	65.116	88	86	98	86	30	0	1	86	1	86	4.94e-39	130
tr|A0A333FHM5|Release	GCF_007632255.1_WP_015368146.1	65.116	88	86	98	86	30	0	1	86	1	86	7.06e-39	129
tr|A0A333FHM5|Release	GCF_003594935.2_WP_006173581.1	66.279	88	86	98	86	29	0	1	86	1	86	8.48e-39	129
tr|A0A333FHM5|Release	GCF_001658025.2_WP_007373243.1	65.116	88	86	98	86	30	0	1	86	1	86	8.89e-39	129
tr|A0A333FHM5|Release	GCF_001022135.1_WP_039078449.1	66.279	88	86	98	86	29	0	1	86	1	86	1.03e-38	129
tr|A0A333FHM5|Release	GCF_000224675.1_WP_010426685.1	65.116	88	86	98	86	30	0	1	86	1	86	1.08e-38	129
tr|A0A333FHM5|Release	GCF_000006925.2_NP_706134.1	66.279	88	86	98	86	29	0	1	86	1	86	1.09e-38	129
tr|A0A333FHM5|Release	GCF_027886705.1_WP_061497537.1	65.116	88	86	98	86	30	0	1	86	1	86	1.15e-38	129
tr|A0A333FHM5|Release	GCF_015137655.1_WP_028015593.1	63.953	88	86	98	86	31	0	1	86	1	86	1.19e-38	129
tr|A0A333FHM5|Release	GCF_023195735.1_WP_035891978.1	68.605	88	86	98	86	27	0	1	86	1	86	1.49e-38	129
tr|A0A333FHM5|Release	GCF_001729805.1_WP_008501890.1	63.953	88	86	98	86	31	0	1	86	1	86	1.60e-38	129
tr|A0A333FHM5|Release	GCF_025914095.1_WP_031518416.1	65.116	88	86	98	86	30	0	1	86	1	86	1.89e-38	128
tr|A0A333FHM5|Release	GCF_009649915.1_WP_062772223.1	67.442	88	86	98	86	28	0	1	86	1	86	2.29e-38	128
tr|A0A333FHM5|Release	GCF_009363135.1_WP_090122691.1	66.279	88	86	98	86	29	0	1	86	1	86	2.50e-38	128
tr|A0A333FHM5|Release	GCF_001750725.1_WP_014168720.1	63.953	88	86	98	86	31	0	1	86	1	86	2.86e-38	128
tr|A0A333FHM5|Release	GCF_016904755.1_WP_059234959.1	64.706	88	86	97	85	30	0	1	85	1	85	3.12e-38	128
tr|A0A333FHM5|Release	GCF_019048625.1_WP_023305471.1	66.279	88	86	98	86	29	0	1	86	1	86	3.41e-38	128
tr|A0A333FHM5|Release	GCF_004684345.1_WP_135323069.1	66.279	88	86	98	86	29	0	1	86	1	86	4.09e-38	127
tr|A0A333FHM5|Release	GCF_003812345.1_WP_003018503.1	65.116	88	86	98	86	30	0	1	86	1	86	4.39e-38	127
tr|A0A333FHM5|Release	GCF_001558935.2_WP_042323659.1	66.279	88	86	98	86	29	0	1	86	1	86	4.43e-38	127
tr|A0A333FHM5|Release	GCF_001277255.1_WP_007666633.1	62.791	88	86	98	86	32	0	1	86	1	86	5.03e-38	127
tr|A0A333FHM5|Release	GCF_021278985.1_WP_012904575.1	65.116	88	86	98	86	30	0	1	86	1	86	5.62e-38	127
tr|A0A333FHM5|Release	GCF_004353845.1_WP_103768334.1	63.953	88	86	98	86	31	0	1	86	1	86	6.18e-38	127
tr|A0A333FHM5|Release	GCF_022637515.1_WP_064539750.1	61.628	88	86	98	86	33	0	1	86	1	86	6.43e-38	127
tr|A0A333FHM5|Release	GCF_900638065.1_WP_048212636.1	65.116	88	86	98	86	30	0	1	86	1	86	6.69e-38	127
tr|A0A333FHM5|Release	GCF_003261575.2_WP_110272453.1	65.116	88	86	98	86	30	0	1	86	1	86	6.69e-38	127
tr|A0A333FHM5|Release	GCF_000240185.1_YP_005225236.1	63.953	88	86	98	86	31	0	1	86	1	86	7.66e-38	127
tr|A0A333FHM5|Release	GCF_018128425.1_WP_042289833.1	65.116	88	86	98	86	30	0	1	86	1	86	7.85e-38	127
tr|A0A333FHM5|Release	GCF_001277175.1_WP_007760020.1	60.465	88	86	98	86	34	0	1	86	1	86	8.36e-38	127
tr|A0A333FHM5|Release	GCF_018139045.1_WP_004129134.1	62.791	88	86	98	86	32	0	1	86	1	86	8.70e-38	127
tr|A0A333FHM5|Release	GCF_003812925.1_WP_004107903.1	62.791	88	86	98	86	32	0	1	86	1	86	9.05e-38	127
tr|A0A333FHM5|Release	GCF_002393445.1_WP_061273728.1	61.176	88	86	97	85	33	0	1	85	1	85	9.49e-38	127
tr|A0A333FHM5|Release	GCF_001277215.2_WP_007776988.1	60.465	88	86	98	86	34	0	1	86	1	86	1.14e-37	126
tr|A0A333FHM5|Release	GCF_001277195.1_WP_032966924.1	62.791	88	86	98	86	32	0	1	86	1	86	1.22e-37	126
tr|A0A333FHM5|Release	GCF_015139575.1_WP_004098776.1	63.953	88	86	98	86	31	0	1	86	1	86	1.33e-37	126
tr|A0A333FHM5|Release	GCF_006711645.1_WP_100682484.1	65.116	88	86	98	86	30	0	1	86	1	86	1.53e-37	126
tr|A0A333FHM5|Release	GCF_009648935.1_WP_047417117.1	63.953	88	86	98	86	31	0	1	86	1	86	1.81e-37	126
tr|A0A333FHM5|Release	GCF_022637595.1_WP_004858152.1	65.116	88	86	98	86	30	0	1	86	1	86	2.00e-37	126
tr|A0A333FHM5|Release	GCF_000834395.1_WP_042546713.1	67.442	88	86	98	86	28	0	1	86	1	86	2.26e-37	125
tr|A0A333FHM5|Release	GCF_900635955.1_WP_126357486.1	61.176	88	86	97	85	33	0	1	85	1	85	2.43e-37	125
tr|A0A333FHM5|Release	GCF_012029655.1_WP_041144145.1	63.953	88	86	98	86	31	0	1	86	1	86	2.73e-37	125
tr|A0A333FHM5|Release	GCF_000439255.1_WP_000062328.1	62.791	88	86	98	86	32	0	1	86	1	86	3.33e-37	125
tr|A0A333FHM5|Release	GCF_003935895.2_WP_110510858.1	65.882	88	86	97	85	29	0	1	85	1	85	3.41e-37	125
tr|A0A333FHM5|Release	GCF_004124235.1_WP_025377303.1	67.442	88	86	98	86	28	0	1	86	1	86	3.72e-37	125
tr|A0A333FHM5|Release	GCF_000018045.1_WP_024130681.1	62.791	88	86	98	86	32	0	1	86	1	86	4.65e-37	125
tr|A0A333FHM5|Release	GCF_013282725.1_WP_032813813.1	67.442	88	86	98	86	28	0	1	86	1	86	4.92e-37	125
tr|A0A333FHM5|Release	GCF_024224615.1_WP_125293588.1	62.353	88	86	97	85	32	0	1	85	1	85	5.45e-37	125
tr|A0A333FHM5|Release	GCF_000222975.1_WP_002218374.1	67.442	88	86	98	86	28	0	1	86	1	86	5.45e-37	125
tr|A0A333FHM5|Release	GCF_011068345.1_WP_002436992.1	61.176	88	86	97	85	33	0	1	85	1	85	6.60e-37	124
tr|A0A333FHM5|Release	GCF_002163605.1_WP_157665988.1	66.279	88	86	98	86	29	0	1	86	1	86	6.81e-37	124
tr|A0A333FHM5|Release	GCF_000834455.1_WP_032817050.1	67.442	88	86	98	86	28	0	1	86	1	86	7.20e-37	124
tr|A0A333FHM5|Release	GCF_013234275.1_WP_172895488.1	60.465	88	86	98	86	34	0	1	86	1	86	7.32e-37	124
tr|A0A333FHM5|Release	GCF_025133195.1_WP_032910235.1	65.116	88	86	98	86	30	0	1	86	1	86	7.56e-37	124
tr|A0A333FHM5|Release	GCF_021276285.1_WP_095923198.1	67.857	88	86	95	84	27	0	1	84	1	84	8.31e-37	124
tr|A0A333FHM5|Release	GCF_000005845.2_NP_414731.2	65.476	88	84	95	84	29	0	3	86	1	84	8.96e-37	124
tr|A0A333FHM5|Release	GCF_000010085.1_WP_011411656.1	57.143	88	86	95	84	36	0	1	84	1	84	9.22e-37	124
tr|A0A333FHM5|Release	GCF_000517425.1_WP_025421126.1	57.143	88	86	95	84	36	0	1	84	1	84	1.02e-36	124
tr|A0A333FHM5|Release	GCF_025758125.1_WP_023480196.1	65.116	88	86	98	86	30	0	1	86	1	86	1.12e-36	124
tr|A0A333FHM5|Release	GCF_005484945.1_WP_137712817.1	61.628	88	86	98	86	33	0	1	86	1	86	1.51e-36	123
tr|A0A333FHM5|Release	GCF_000006945.2_NP_459242.1	62.791	88	86	98	86	32	0	1	86	1	86	1.61e-36	123
tr|A0A333FHM5|Release	GCF_022637475.1_WP_013574214.1	66.667	88	86	95	84	28	0	1	84	1	84	2.06e-36	123
tr|A0A333FHM5|Release	GCF_009730055.1_WP_032906500.1	67.442	88	86	98	86	28	0	1	86	1	86	2.96e-36	123
tr|A0A333FHM5|Release	GCF_017498685.1_WP_038245151.1	66.279	88	86	98	86	29	0	1	86	1	86	3.50e-36	123
tr|A0A333FHM5|Release	GCF_012427845.1_WP_012773648.1	60.465	88	86	98	86	34	0	1	86	1	86	3.67e-36	122
tr|A0A333FHM5|Release	GCF_900095885.1_WP_035340381.1	58.140	88	86	98	86	36	0	1	86	1	86	3.82e-36	122
tr|A0A333FHM5|Release	GCF_000520015.2_WP_024910172.1	58.140	88	87	98	86	36	0	1	86	1	86	4.12e-36	122
tr|A0A333FHM5|Release	GCF_000233595.1_WP_013024706.1	57.647	88	86	97	85	36	0	1	85	1	85	4.24e-36	122
tr|A0A333FHM5|Release	GCF_002953195.1_WP_038628016.1	58.140	88	87	98	86	36	0	1	86	1	86	4.42e-36	122
tr|A0A333FHM5|Release	GCF_002288545.1_WP_029367608.1	60.465	88	86	98	86	34	0	1	86	1	86	4.85e-36	122
tr|A0A333FHM5|Release	GCF_000262305.1_WP_002441069.1	58.140	88	86	98	86	36	0	1	86	1	86	8.20e-36	121
tr|A0A333FHM5|Release	GCF_002101395.1_WP_085067900.1	58.140	88	87	98	86	36	0	1	86	1	86	8.55e-36	121
tr|A0A333FHM5|Release	GCF_003515985.1_WP_085653101.1	58.824	88	86	97	85	35	0	1	85	1	85	8.74e-36	121
tr|A0A333FHM5|Release	GCF_019797845.1_WP_222158377.1	62.791	88	86	98	86	32	0	1	86	1	86	9.46e-36	121
tr|A0A333FHM5|Release	GCF_009914055.1_WP_160619715.1	59.302	88	87	98	86	35	0	1	86	1	86	9.94e-36	121
tr|A0A333FHM5|Release	GCF_015999465.1_WP_085688159.1	57.647	88	86	97	85	36	0	1	85	1	85	1.00e-35	121
tr|A0A333FHM5|Release	GCF_016026735.1_WP_015673540.1	55.814	88	87	98	86	38	0	1	86	1	86	1.04e-35	121
tr|A0A333FHM5|Release	GCF_001642805.2_WP_004931991.1	58.140	88	87	98	86	36	0	1	86	1	86	1.13e-35	121
tr|A0A333FHM5|Release	GCF_009873295.1_WP_039312412.1	60.465	88	86	98	86	34	0	1	86	1	86	1.20e-35	121
tr|A0A333FHM5|Release	GCF_000025065.1_WP_012883679.1	60.000	88	86	97	85	34	0	1	85	1	85	1.22e-35	121
tr|A0A333FHM5|Release	GCF_003019925.1_WP_162185254.1	65.476	88	86	95	84	29	0	1	84	1	84	1.33e-35	121
tr|A0A333FHM5|Release	GCF_021462285.1_WP_234585968.1	58.140	88	87	98	86	36	0	1	86	1	86	1.46e-35	121
tr|A0A333FHM5|Release	GCF_017569925.1_WP_208228065.1	59.302	88	86	98	86	35	0	1	86	1	86	1.76e-35	121
tr|A0A333FHM5|Release	GCF_011044475.1_WP_033740322.1	57.647	88	86	97	85	36	0	1	85	1	85	1.98e-35	121
tr|A0A333FHM5|Release	GCF_900187015.1_WP_061796701.1	58.140	88	87	98	86	36	0	1	86	1	86	2.00e-35	121
tr|A0A333FHM5|Release	GCF_020181655.1_WP_225087160.1	61.628	88	86	98	86	33	0	1	86	1	86	2.11e-35	121
tr|A0A333FHM5|Release	GCF_009817885.1_WP_105232289.1	58.140	88	87	98	86	36	0	1	86	1	86	2.12e-35	121
tr|A0A333FHM5|Release	GCF_023517775.1_WP_249893541.1	60.465	88	87	98	86	34	0	1	86	1	86	2.13e-35	121
tr|A0A333FHM5|Release	GCF_000023565.1_WP_012770818.1	58.824	88	86	97	85	35	0	1	85	1	85	2.36e-35	120
tr|A0A333FHM5|Release	GCF_000740965.1_WP_011092648.1	59.302	88	86	98	86	35	0	1	86	1	86	2.53e-35	120
tr|A0A333FHM5|Release	GCF_020079945.1_WP_039382769.1	59.770	88	87	99	87	35	0	1	87	1	87	2.56e-35	120
tr|A0A333FHM5|Release	GCF_000023545.1_WP_015854637.1	59.302	88	86	98	86	35	0	1	86	1	86	2.77e-35	120
tr|A0A333FHM5|Release	GCF_009931295.1_WP_161528353.1	60.465	88	86	98	86	34	0	1	86	1	86	2.97e-35	120
tr|A0A333FHM5|Release	GCF_007858975.2_WP_042869176.1	61.176	88	86	97	85	33	0	1	85	1	85	3.65e-35	120
tr|A0A333FHM5|Release	GCF_002291445.1_WP_048635886.1	59.302	88	86	98	86	35	0	1	86	1	86	3.95e-35	120
tr|A0A333FHM5|Release	GCF_001010285.1_WP_046974061.1	65.909	88	88	100	88	30	0	1	88	1	88	4.92e-35	120
tr|A0A333FHM5|Release	GCF_001742185.1_WP_005975933.1	59.302	88	86	98	86	35	0	1	86	1	86	5.84e-35	120
tr|A0A333FHM5|Release	GCF_005484965.1_WP_009114129.1	62.791	88	86	98	86	32	0	1	86	1	86	9.04e-35	119
tr|A0A333FHM5|Release	GCF_000264765.2_WP_034163237.1	63.953	88	86	98	86	31	0	1	86	1	86	1.10e-34	119
tr|A0A333FHM5|Release	GCF_000026185.1_WP_012440659.1	54.118	88	87	97	85	39	0	1	85	1	85	1.16e-34	119
tr|A0A333FHM5|Release	GCF_019890955.1_WP_211725887.1	57.471	88	87	99	87	37	0	1	87	1	87	1.21e-34	119
tr|A0A333FHM5|Release	GCF_003992745.1_WP_014700896.1	58.140	88	86	98	86	36	0	1	86	1	86	1.40e-34	118
tr|A0A333FHM5|Release	GCF_019090985.1_WP_036781226.1	63.636	88	88	100	88	32	0	1	88	1	88	1.90e-34	118
tr|A0A333FHM5|Release	GCF_011617105.1_WP_025800203.1	65.116	88	86	98	86	30	0	1	86	1	86	1.91e-34	118
tr|A0A333FHM5|Release	GCF_002812485.1_WP_038661467.1	60.000	88	86	97	85	34	0	1	85	1	85	2.00e-34	118
tr|A0A333FHM5|Release	GCF_020150375.1_WP_004094310.1	63.953	88	86	98	86	31	0	1	86	1	86	2.95e-34	118
tr|A0A333FHM5|Release	GCF_000196615.1_WP_013200864.1	58.140	88	87	98	86	36	0	1	86	1	86	2.98e-34	118
tr|A0A333FHM5|Release	GCF_000147055.1_WP_022632468.1	58.824	88	86	97	85	35	0	1	85	1	85	3.49e-34	118
tr|A0A333FHM5|Release	GCF_000196475.1_WP_012776850.1	64.773	88	88	100	88	31	0	1	88	1	88	3.92e-34	117
tr|A0A333FHM5|Release	GCF_002291425.1_WP_095847471.1	59.302	88	87	98	86	35	0	1	86	1	86	4.30e-34	117
tr|A0A333FHM5|Release	GCF_902387845.1_WP_004237241.1	100.000	88	88	100	88	0	0	1	88	1	88	4.59e-34	117
tr|A0A333FHM5|Release	GCF_004792415.1_WP_013356856.1	55.952	88	86	95	84	37	0	1	84	1	84	6.18e-34	117
tr|A0A333FHM5|Release	GCF_003403135.1_WP_024104894.1	60.000	88	86	97	85	34	0	1	85	1	85	6.97e-34	117
tr|A0A333FHM5|Release	GCF_022647505.1_WP_128179458.1	58.140	88	87	98	86	36	0	1	86	1	86	8.65e-34	116
tr|A0A333FHM5|Release	GCF_021733145.1_WP_012847629.1	63.095	88	86	95	84	31	0	1	84	1	84	8.98e-34	116
tr|A0A333FHM5|Release	GCF_017348915.1_WP_040077077.1	67.442	88	86	98	86	28	0	1	86	1	86	1.38e-33	116
tr|A0A333FHM5|Release	GCF_000196155.1_WP_011145066.1	61.364	88	88	100	88	34	0	1	88	1	88	1.76e-33	116
tr|A0A333FHM5|Release	GCF_020268605.1_WP_180560445.1	62.500	88	88	100	88	33	0	1	88	1	88	2.22e-33	115
tr|A0A333FHM5|Release	GCF_019047765.1_WP_040230035.1	66.279	88	86	98	86	29	0	1	86	1	86	2.56e-33	115
tr|A0A333FHM5|Release	GCF_020541225.1_WP_226811316.1	54.762	88	86	95	84	38	0	1	84	1	84	3.13e-33	115
tr|A0A333FHM5|Release	GCF_025946765.1_WP_264497926.1	57.647	88	86	97	85	36	0	1	85	1	85	4.33e-33	115
tr|A0A333FHM5|Release	GCF_004768525.1_WP_026822068.1	63.636	88	88	100	88	32	0	1	88	1	88	5.14e-33	114
tr|A0A333FHM5|Release	GCF_003204135.1_WP_004908806.1	59.302	88	87	98	86	35	0	1	86	1	86	5.30e-33	114
tr|A0A333FHM5|Release	GCF_022592395.1_WP_047255099.1	60.465	88	87	98	86	34	0	1	86	1	86	5.34e-33	114
tr|A0A333FHM5|Release	GCF_020683125.1_WP_133842177.1	58.621	88	88	98	87	35	1	1	86	1	87	5.35e-33	114
tr|A0A333FHM5|Release	GCF_019048385.1_WP_062759648.1	55.952	88	86	95	84	37	0	1	84	1	84	5.54e-33	114
tr|A0A333FHM5|Release	GCF_019844095.1_WP_062747070.1	57.471	88	88	98	87	36	1	1	86	1	87	5.98e-33	114
tr|A0A333FHM5|Release	GCF_009646115.1_WP_008925644.1	55.952	88	86	95	84	37	0	1	84	1	84	6.87e-33	114
tr|A0A333FHM5|Release	GCF_013460135.1_WP_180816665.1	62.500	88	88	100	88	33	0	1	88	1	88	8.90e-33	114
tr|A0A333FHM5|Release	GCF_900475855.1_WP_068441311.1	59.302	88	87	98	86	35	0	1	86	1	86	1.12e-32	114
tr|A0A333FHM5|Release	GCF_000091565.1_WP_004159420.1	54.762	88	87	95	84	38	0	1	84	1	84	1.34e-32	113
tr|A0A333FHM5|Release	GCF_002843235.3_WP_102139922.1	59.302	88	87	98	86	35	0	1	86	1	86	1.49e-32	113
tr|A0A333FHM5|Release	GCF_002393505.1_WP_006658392.1	59.302	88	87	98	86	35	0	1	86	1	86	2.25e-32	113
tr|A0A333FHM5|Release	GCF_029277985.1_WP_154623766.1	59.302	88	87	98	86	35	0	1	86	1	86	2.40e-32	113
tr|A0A333FHM5|Release	GCF_003812345.1_WP_121571778.1	31.461	88	94	100	89	60	1	1	88	1	89	2.54e-32	113
tr|A0A333FHM5|Release	GCF_022647325.1_WP_111140597.1	54.762	88	86	95	84	38	0	1	84	1	84	2.74e-32	112
tr|A0A333FHM5|Release	GCF_020342335.1_WP_067428135.1	54.762	88	87	95	84	38	0	1	84	1	84	3.32e-32	112
tr|A0A333FHM5|Release	GCF_900638135.1_WP_012146468.1	53.488	88	87	98	86	40	0	1	86	1	86	4.02e-32	112
tr|A0A333FHM5|Release	GCF_000261045.2_WP_006318653.1	54.651	88	87	98	86	39	0	1	86	1	86	4.53e-32	112
tr|A0A333FHM5|Release	GCF_008693605.1_WP_223849061.1	30.337	88	95	100	89	61	1	1	88	2	90	4.85e-32	112
tr|A0A333FHM5|Release	GCF_009831665.3_WP_006709226.1	50.000	88	87	98	86	43	0	1	86	1	86	6.79e-32	112
tr|A0A333FHM5|Release	GCF_017743015.1_WP_209027287.1	62.069	88	88	99	87	33	0	1	87	1	87	7.85e-32	111
tr|A0A333FHM5|Release	GCF_021365465.1_WP_016190321.1	58.140	88	87	98	86	36	0	1	86	1	86	8.02e-32	111
tr|A0A333FHM5|Release	GCF_000517405.1_WP_038469034.1	56.250	88	83	91	80	35	0	5	84	2	81	9.55e-32	111
tr|A0A333FHM5|Release	GCF_004353845.1_WP_103770713.1	31.818	88	93	99	88	59	1	1	87	1	88	1.02e-31	111
tr|A0A333FHM5|Release	GCF_000968195.1_WP_045972480.1	59.770	88	87	98	87	34	1	1	86	1	87	1.12e-31	111
tr|A0A333FHM5|Release	GCF_002504285.1_WP_005282992.1	62.791	88	86	98	86	32	0	1	86	1	86	1.14e-31	111
tr|A0A333FHM5|Release	GCF_000069965.1_WP_004245453.1	57.831	88	86	94	83	35	0	1	83	1	83	1.21e-31	111
tr|A0A333FHM5|Release	GCF_011045835.1_WP_075671674.1	57.831	88	86	94	83	35	0	1	83	1	83	1.72e-31	111
tr|A0A333FHM5|Release	GCF_002952315.1_WP_012667243.1	50.588	88	87	97	85	42	0	1	85	1	85	2.91e-31	110
tr|A0A333FHM5|Release	GCF_000214235.1_WP_004952197.1	54.762	88	85	95	84	38	0	3	86	1	84	3.34e-31	110
tr|A0A333FHM5|Release	GCF_022369495.1_WP_072064250.1	56.627	88	86	94	83	36	0	1	83	1	83	3.57e-31	110
tr|A0A333FHM5|Release	GCF_001721185.1_WP_069317984.1	63.218	88	87	99	87	32	0	1	87	1	87	4.26e-31	110
tr|A0A333FHM5|Release	GCF_016026395.1_WP_024524235.1	61.628	88	86	98	86	33	0	1	86	1	86	4.49e-31	109
tr|A0A333FHM5|Release	GCF_001006005.1_WP_223499701.1	53.571	88	85	95	84	39	0	3	86	1	84	6.94e-31	109
tr|A0A333FHM5|Release	GCF_008364325.2_WP_230090436.1	55.952	88	85	95	84	37	0	3	86	1	84	1.06e-30	109
tr|A0A333FHM5|Release	GCF_000968175.1_WP_045959360.1	59.091	88	88	99	88	35	1	1	87	1	88	2.16e-30	108
tr|A0A333FHM5|Release	GCF_008693645.1_WP_137347870.1	31.818	88	89	99	88	59	1	1	87	1	88	2.23e-30	108
tr|A0A333FHM5|Release	GCF_004295645.1_WP_228350951.1	63.953	88	88	97	86	30	1	1	85	1	86	3.29e-30	107
tr|A0A333FHM5|Release	GCF_900478135.1_WP_111739359.1	65.116	88	88	97	86	29	1	1	85	1	86	5.38e-30	107
tr|A0A333FHM5|Release	GCF_005671395.1_WP_138095872.1	60.256	88	86	89	78	31	0	1	78	1	78	5.44e-30	107
tr|A0A333FHM5|Release	GCF_014295015.1_WP_013185414.1	62.069	88	87	98	87	32	1	1	86	1	87	6.00e-30	107
tr|A0A333FHM5|Release	GCF_003096015.2_WP_230514010.1	63.953	88	88	97	86	30	1	1	85	1	86	8.26e-30	106
tr|A0A333FHM5|Release	GCF_003074995.2_WP_015870269.1	59.036	88	86	94	83	34	0	1	83	1	83	8.70e-30	106
tr|A0A333FHM5|Release	GCF_004116975.1_WP_064720954.1	60.241	88	86	94	83	33	0	1	83	1	83	8.77e-30	106
tr|A0A333FHM5|Release	GCF_002355475.1_WP_004421315.1	35.802	88	91	91	81	51	1	3	82	1	81	1.45e-29	106
tr|A0A333FHM5|Release	GCF_001597285.1_WP_061903727.1	37.179	88	92	88	78	48	1	6	82	3	80	2.81e-29	105
tr|A0A333FHM5|Release	GCF_900638655.1_WP_047781753.1	61.628	88	88	97	86	32	1	1	85	1	86	2.83e-29	105
tr|A0A333FHM5|Release	GCF_013200955.2_WP_173204463.1	33.333	88	91	91	81	53	1	3	82	1	81	4.28e-29	105
tr|A0A333FHM5|Release	GCF_017329545.1_WP_047884589.1	27.586	88	95	98	87	62	1	3	88	1	87	1.96e-28	103
tr|A0A333FHM5|Release	GCF_004684345.1_WP_135321947.1	31.461	88	93	100	89	60	1	1	88	1	89	2.78e-28	103
tr|A0A333FHM5|Release	GCF_000733715.2_WP_017362912.1	31.765	88	90	95	85	57	1	5	88	2	86	4.11e-28	102
tr|A0A333FHM5|Release	GCF_024205225.1_WP_195881696.1	30.588	88	90	95	85	58	1	5	88	2	86	4.21e-28	102
tr|A0A333FHM5|Release	GCF_019047765.1_WP_040231149.1	27.273	88	89	99	88	63	1	1	87	1	88	5.67e-28	102
tr|A0A333FHM5|Release	GCF_008807375.1_WP_151138908.1	35.802	88	91	91	81	51	1	3	82	1	81	6.42e-28	102
tr|A0A333FHM5|Release	GCF_000297075.2_WP_003461742.1	31.765	88	90	95	85	57	1	5	88	2	86	8.80e-28	101
tr|A0A333FHM5|Release	GCF_013409125.2_WP_099525265.1	31.765	88	90	95	85	57	1	5	88	2	86	1.14e-27	101
tr|A0A333FHM5|Release	GCF_011397855.1_WP_044414183.1	34.177	88	90	89	79	51	1	5	82	2	80	4.45e-27	100
tr|A0A333FHM5|Release	GCF_021029445.1_WP_230924827.1	30.769	88	89	89	78	54	0	5	82	2	79	5.50e-27	99.8
tr|A0A333FHM5|Release	GCF_013423785.1_WP_180308358.1	34.146	88	88	93	82	54	0	1	82	1	82	5.58e-27	99.5
tr|A0A333FHM5|Release	GCF_001708425.1_WP_055136127.1	34.177	88	94	89	79	51	1	5	82	2	80	8.69e-27	99.2
tr|A0A333FHM5|Release	GCF_900682675.2_WP_069898892.1	35.443	88	94	89	79	50	1	5	82	2	80	9.19e-27	99.2
tr|A0A333FHM5|Release	GCF_017167985.1_WP_079784061.1	32.941	88	90	95	85	56	1	5	88	2	86	9.62e-27	98.9
tr|A0A333FHM5|Release	GCF_001594225.2_WP_064379396.1	34.177	88	92	89	79	51	1	5	82	2	80	1.47e-26	98.6
tr|A0A333FHM5|Release	GCF_017915135.1_WP_210390879.1	32.911	88	90	89	79	52	1	5	82	2	80	2.46e-26	98.1
tr|A0A333FHM5|Release	GCF_017167985.1_WP_093053415.1	32.911	88	92	89	79	52	1	5	82	2	80	3.79e-26	97.5
tr|A0A333FHM5|Release	GCF_025402875.1_WP_011791024.1	29.114	88	90	89	79	55	1	5	82	2	80	5.89e-26	96.9
tr|A0A333FHM5|Release	GCF_012767755.2_WP_173176508.1	32.911	88	91	89	79	49	2	5	82	2	77	7.85e-26	96.7
tr|A0A333FHM5|Release	GCF_016834455.1_WP_203325205.1	32.911	88	86	89	79	52	1	5	82	2	80	1.82e-25	95.8
tr|A0A333FHM5|Release	GCF_003957745.1_WP_126168493.1	34.177	88	87	89	79	51	1	5	82	2	80	2.26e-25	95.5
tr|A0A333FHM5|Release	GCF_000178875.2_WP_012197738.1	32.911	88	90	89	79	52	1	5	82	2	80	2.27e-25	95.5
tr|A0A333FHM5|Release	GCF_002355475.1_WP_003455993.1	29.870	88	90	86	77	53	1	7	82	2	78	2.44e-25	95.5
tr|A0A333FHM5|Release	GCF_008033135.1_WP_148717358.1	28.205	88	87	89	78	56	0	5	82	2	79	2.62e-25	95.3
tr|A0A333FHM5|Release	GCF_000015245.1_WP_011761423.1	32.911	88	86	89	79	52	1	5	82	2	80	5.62e-25	94.4
tr|A0A333FHM5|Release	GCF_020991025.1_WP_152109250.1	39.759	88	83	93	83	49	1	3	84	1	83	6.05e-25	94.4
tr|A0A333FHM5|Release	GCF_008807375.1_WP_151133519.1	27.273	88	90	86	77	55	1	7	82	2	78	1.41e-24	93.6
tr|A0A333FHM5|Release	GCF_024971755.1_WP_259474826.1	32.911	88	88	89	79	52	1	5	82	2	80	1.45e-24	93.6
tr|A0A333FHM5|Release	GCF_024346675.1_WP_048897676.1	22.353	88	86	95	85	65	1	3	86	1	85	1.53e-24	93.3
tr|A0A333FHM5|Release	GCF_006742785.1_WP_172630283.1	23.171	88	88	92	82	62	1	8	88	3	84	1.60e-24	93.3
tr|A0A333FHM5|Release	GCF_019670705.1_WP_100146025.1	34.177	88	92	89	79	51	1	5	82	2	80	2.40e-24	93.0
tr|A0A333FHM5|Release	GCF_009730655.1_WP_156020461.1	34.177	88	92	89	79	51	1	5	82	2	80	2.83e-24	92.7
tr|A0A333FHM5|Release	GCF_012767755.2_WP_173171843.1	29.114	88	90	89	79	55	1	5	82	2	80	3.00e-24	92.7
tr|A0A333FHM5|Release	GCF_017354925.1_WP_207321174.1	32.911	88	87	89	79	52	1	5	82	2	80	3.26e-24	92.4
tr|A0A333FHM5|Release	GCF_014524625.1_WP_009050814.1	24.051	88	92	89	79	59	1	5	82	2	80	6.57e-24	91.9
tr|A0A333FHM5|Release	GCF_017354965.1_WP_207380278.1	32.911	88	87	89	79	52	1	5	82	2	80	7.32e-24	91.6
tr|A0A333FHM5|Release	GCF_003025345.2_WP_003155955.1	31.034	88	91	92	87	54	1	5	85	2	88	2.02e-23	90.5
tr|A0A333FHM5|Release	GCF_029457395.1_WP_024766443.1	30.120	88	92	89	83	53	1	5	82	2	84	3.48e-23	89.9
tr|A0A333FHM5|Release	GCF_000009145.1_WP_041356315.1	23.750	88	90	90	80	60	1	10	88	6	85	3.52e-23	89.9
tr|A0A333FHM5|Release	GCF_001007935.1_WP_046849946.1	19.753	88	84	91	81	64	1	8	87	4	84	8.41e-23	88.8
tr|A0A333FHM5|Release	GCF_002215585.1_WP_088903590.1	31.169	88	89	88	77	53	0	6	82	3	79	1.20e-22	88.5
tr|A0A333FHM5|Release	GCF_002204915.1_WP_052690899.1	22.785	88	101	89	79	60	1	10	87	21	99	2.06e-22	88.2
tr|A0A333FHM5|Release	GCF_002005305.1_WP_077753428.1	29.114	88	86	89	79	55	1	5	82	2	80	3.15e-22	87.4
tr|A0A333FHM5|Release	GCF_000214665.1_WP_013819542.1	22.785	88	83	89	79	59	2	10	87	6	83	3.32e-22	87.4
tr|A0A333FHM5|Release	GCF_012971725.1_WP_169940133.1	30.120	88	92	89	83	53	1	5	82	2	84	3.89e-22	87.4
tr|A0A333FHM5|Release	GCF_019669905.1_WP_054759186.1	24.691	88	79	91	81	56	2	8	87	3	79	4.50e-22	86.8
tr|A0A333FHM5|Release	GCF_009938225.1_WP_075649723.1	26.250	88	82	90	80	58	1	10	88	2	81	5.17e-22	86.8
tr|A0A333FHM5|Release	GCF_000968535.2_WP_014147785.1	28.395	88	84	91	81	56	2	8	87	4	83	9.19e-22	86.3
tr|A0A333FHM5|Release	GCF_003258315.1_WP_111337788.1	25.610	88	88	92	82	60	1	8	88	4	85	1.09e-21	86.3
tr|A0A333FHM5|Release	GCF_024347355.1_WP_105024956.1	24.051	88	83	89	79	59	1	10	87	2	80	1.12e-21	86.0
tr|A0A333FHM5|Release	GCF_022371215.1_WP_239718047.1	24.051	88	83	89	79	59	1	10	87	2	80	1.33e-21	85.7
tr|A0A333FHM5|Release	GCF_000014885.1_WP_020912292.1	30.120	88	87	93	83	57	1	5	86	2	84	1.90e-21	85.4
tr|A0A333FHM5|Release	GCF_024360925.2_WP_255188929.1	25.316	88	83	89	79	57	2	10	87	6	83	1.97e-21	85.4
tr|A0A333FHM5|Release	GCF_002407485.1_WP_096780111.1	26.582	88	81	89	79	57	1	10	87	2	80	2.35e-21	85.1
tr|A0A333FHM5|Release	GCF_016026875.1_WP_045525981.1	30.435	88	89	78	69	45	1	5	73	2	67	2.93e-21	85.1
tr|A0A333FHM5|Release	GCF_003584645.1_WP_197716612.1	25.610	88	80	89	82	54	2	3	80	1	79	3.06e-21	84.8
tr|A0A333FHM5|Release	GCF_000016065.1_WP_011864074.1	28.049	88	93	92	82	57	2	5	85	2	82	3.46e-21	84.8
tr|A0A333FHM5|Release	GCF_009938185.1_WP_162048373.1	24.051	88	82	89	79	59	1	10	87	2	80	4.45e-21	84.6
tr|A0A333FHM5|Release	GCF_014905115.1_WP_193151849.1	29.114	88	81	89	79	55	1	10	87	2	80	4.55e-21	84.3
tr|A0A333FHM5|Release	GCF_000785705.2_WP_036272019.1	25.641	88	82	89	78	57	1	10	87	6	82	4.56e-21	84.6
tr|A0A333FHM5|Release	GCF_020405345.1_WP_017780573.1	30.000	88	89	80	70	46	1	5	74	2	68	4.95e-21	84.6
tr|A0A333FHM5|Release	GCF_008329985.2_WP_149283950.1	26.250	88	81	90	80	58	1	10	88	2	81	5.91e-21	84.0
tr|A0A333FHM5|Release	GCF_004358345.1_WP_121852852.1	34.286	88	76	78	70	45	1	3	71	1	70	6.12e-21	84.0
tr|A0A333FHM5|Release	GCF_001007875.1_WP_046858354.1	25.316	88	80	89	79	58	1	10	87	2	80	7.04e-21	84.0
tr|A0A333FHM5|Release	GCF_003966655.1_WP_113527441.1	22.535	88	77	81	71	55	0	3	73	1	71	7.71e-21	83.7
tr|A0A333FHM5|Release	GCF_000146165.2_WP_164925808.1	32.500	88	89	89	80	52	2	5	82	2	81	8.10e-21	84.0
tr|A0A333FHM5|Release	GCF_001596155.1_WP_068342236.1	25.974	88	90	83	77	50	3	3	75	1	74	8.86e-21	83.7
tr|A0A333FHM5|Release	GCF_013462805.1_WP_009566961.1	22.535	88	77	81	71	55	0	3	73	1	71	1.03e-20	83.4
tr|A0A333FHM5|Release	GCF_006337165.1_WP_139515111.1	32.099	88	82	86	81	47	2	3	78	1	78	1.33e-20	83.2
tr|A0A333FHM5|Release	GCF_024347475.1_WP_239840920.1	22.785	88	83	89	79	60	1	10	87	2	80	1.34e-20	83.2
tr|A0A333FHM5|Release	GCF_002214395.1_WP_010453422.1	21.250	88	81	90	80	62	1	10	88	2	81	1.49e-20	83.2
tr|A0A333FHM5|Release	GCF_024494545.1_WP_256384876.1	22.785	88	81	89	79	60	1	10	87	2	80	1.80e-20	82.9
tr|A0A333FHM5|Release	GCF_019670125.1_WP_221076876.1	26.250	88	81	90	80	58	1	10	88	2	81	2.09e-20	82.6
tr|A0A333FHM5|Release	GCF_001558255.2_WP_005504861.1	25.926	88	82	90	81	58	2	10	88	2	82	2.21e-20	82.6
tr|A0A333FHM5|Release	GCF_001558415.2_WP_061055374.1	23.750	88	83	90	80	60	1	10	88	2	81	2.60e-20	82.6
tr|A0A333FHM5|Release	GCF_001677435.1_WP_068615618.1	29.870	88	90	85	77	51	3	3	77	1	76	2.63e-20	82.6
tr|A0A333FHM5|Release	GCF_000801295.1_WP_171816254.1	30.380	88	99	86	79	52	1	1	76	1	79	3.00e-20	82.6
tr|A0A333FHM5|Release	GCF_019670105.1_WP_040307707.1	22.500	88	81	90	80	61	1	10	88	2	81	3.01e-20	82.3
tr|A0A333FHM5|Release	GCF_005931095.1_WP_017839868.1	25.926	88	84	91	81	58	2	8	87	4	83	3.22e-20	82.3
tr|A0A333FHM5|Release	GCF_020149575.1_WP_224431657.1	30.435	88	85	78	69	45	1	6	74	3	68	3.47e-20	82.3
tr|A0A333FHM5|Release	GCF_002849875.1_WP_232379112.1	26.744	88	113	93	86	59	1	6	87	28	113	4.17e-20	82.6
tr|A0A333FHM5|Release	GCF_020423125.1_WP_226170850.1	28.986	88	84	78	69	46	1	6	74	3	68	5.03e-20	81.8
tr|A0A333FHM5|Release	GCF_001020955.1_WP_047250467.1	30.000	88	82	86	80	52	2	1	76	1	80	5.14e-20	81.8
tr|A0A333FHM5|Release	GCF_009068765.1_WP_151900329.1	26.582	88	81	89	79	57	1	10	87	2	80	5.30e-20	81.8
tr|A0A333FHM5|Release	GCF_000014765.1_WP_011633385.1	20.732	88	89	92	82	64	1	8	88	3	84	5.54e-20	81.8
tr|A0A333FHM5|Release	GCF_027625995.1_WP_270126807.1	29.630	88	82	86	81	49	2	3	78	1	78	7.58e-20	81.2
tr|A0A333FHM5|Release	GCF_028355655.1_WP_087756847.1	32.727	88	84	63	55	37	0	6	60	3	57	7.91e-20	81.2
tr|A0A333FHM5|Release	GCF_001456255.1_WP_020335096.1	21.519	88	81	89	79	61	1	10	87	2	80	1.12e-19	80.9
tr|A0A333FHM5|Release	GCF_900637545.1_WP_042651794.1	31.429	88	84	80	70	45	1	5	74	2	68	1.54e-19	80.6
tr|A0A333FHM5|Release	GCF_024347035.1_WP_102941394.1	25.316	88	81	89	79	58	1	10	87	2	80	1.83e-19	80.3
tr|A0A333FHM5|Release	GCF_003515105.1_WP_036973086.1	38.028	88	73	80	71	43	1	6	75	2	72	2.23e-19	80.1
tr|A0A333FHM5|Release	GCF_009938205.1_WP_075706454.1	26.582	88	82	89	79	57	1	10	87	2	80	2.34e-19	80.1
tr|A0A333FHM5|Release	GCF_016127195.1_WP_042032742.1	27.941	88	89	77	68	46	1	6	73	3	67	2.67e-19	80.1
tr|A0A333FHM5|Release	GCF_004355185.1_WP_133271280.1	34.177	88	81	84	79	44	2	5	78	2	77	3.02e-19	79.8
tr|A0A333FHM5|Release	GCF_000772105.1_WP_004748349.1	21.519	88	81	89	79	61	1	10	87	2	80	3.27e-19	79.8
tr|A0A333FHM5|Release	GCF_024347635.1_WP_139683960.1	22.785	88	83	89	79	60	1	10	87	2	80	4.25e-19	79.5
tr|A0A333FHM5|Release	GCF_001831495.1_WP_068547707.1	25.316	88	81	89	79	58	1	10	87	2	80	4.45e-19	79.2
tr|A0A333FHM5|Release	GCF_004328865.1_WP_104643907.1	31.646	88	83	89	79	53	1	10	87	2	80	4.57e-19	79.2
tr|A0A333FHM5|Release	GCF_000576555.1_WP_044000633.1	32.099	88	83	86	81	47	2	3	78	2	79	4.68e-19	79.2
tr|A0A333FHM5|Release	GCF_003668795.1_WP_054981706.1	30.380	88	83	89	79	54	1	10	87	2	80	5.19e-19	79.2
tr|A0A333FHM5|Release	GCF_024347595.1_WP_176681244.1	25.316	88	83	89	79	58	1	10	87	2	80	5.36e-19	79.2
tr|A0A333FHM5|Release	GCF_013283835.1_WP_071626507.1	24.675	88	83	84	77	52	2	3	76	1	74	5.53e-19	79.2
tr|A0A333FHM5|Release	GCF_002906475.1_WP_012130247.1	21.519	88	81	89	79	61	1	10	87	2	80	6.07e-19	78.9
tr|A0A333FHM5|Release	GCF_002221525.1_WP_089349457.1	30.380	88	83	89	79	54	1	10	87	2	80	6.33e-19	78.9
tr|A0A333FHM5|Release	GCF_004001245.1_WP_127478562.1	30.864	88	85	86	81	51	2	1	76	1	81	6.45e-19	78.9
tr|A0A333FHM5|Release	GCF_010093065.1_WP_238430213.1	26.582	88	83	85	79	51	2	1	75	2	77	6.53e-19	78.9
tr|A0A333FHM5|Release	GCF_003574965.1_WP_119445661.1	30.864	88	82	86	81	48	2	3	78	1	78	6.58e-19	78.9
tr|A0A333FHM5|Release	GCF_024347455.1_WP_135458404.1	21.519	88	83	89	79	61	1	10	87	2	80	7.07e-19	78.9
tr|A0A333FHM5|Release	GCF_008364325.2_WP_020826409.1	24.051	88	84	89	79	56	2	5	82	2	77	7.25e-19	78.9
tr|A0A333FHM5|Release	GCF_000091465.1_WP_004733849.1	21.519	88	83	89	79	61	1	10	87	2	80	7.48e-19	78.9
tr|A0A333FHM5|Release	GCF_001455205.1_WP_062560013.1	25.316	88	84	89	79	57	2	10	87	6	83	7.73e-19	78.7
tr|A0A333FHM5|Release	GCF_001995825.2_WP_017057338.1	21.519	88	83	89	79	61	1	10	87	2	80	7.90e-19	78.7
tr|A0A333FHM5|Release	GCF_019670485.1_WP_221071211.1	26.582	88	81	89	79	57	1	10	87	2	80	8.95e-19	78.7
tr|A0A333FHM5|Release	GCF_008693705.1_WP_127008315.1	29.412	88	84	77	68	45	1	6	73	3	67	9.20e-19	78.7
tr|A0A333FHM5|Release	GCF_002021755.1_WP_005434844.1	22.785	88	81	89	79	60	1	10	87	2	80	9.39e-19	78.4
tr|A0A333FHM5|Release	GCF_000019525.1_WP_012323084.1	27.273	88	81	86	77	55	1	10	85	2	78	9.85e-19	78.4
tr|A0A333FHM5|Release	GCF_009662475.1_WP_031573754.1	23.529	88	79	77	68	52	0	3	70	1	68	9.91e-19	78.4
tr|A0A333FHM5|Release	GCF_024746855.1_WP_260492542.1	23.077	88	79	89	78	60	0	10	87	2	79	1.01e-18	78.4
tr|A0A333FHM5|Release	GCF_000148645.1_WP_013347076.1	29.487	88	80	88	78	54	1	12	88	3	80	1.06e-18	78.4
tr|A0A333FHM5|Release	GCF_003015165.1_WP_106887831.1	27.536	88	84	78	69	47	1	6	74	3	68	1.08e-18	78.4
tr|A0A333FHM5|Release	GCF_009755585.1_WP_157030071.1	23.171	88	85	89	82	56	2	3	80	1	79	1.08e-18	78.4
tr|A0A333FHM5|Release	GCF_013137895.1_WP_135435790.1	31.707	88	83	88	82	47	3	1	77	1	78	1.10e-18	78.4
tr|A0A333FHM5|Release	GCF_900233005.1_WP_102521318.1	18.750	88	81	90	80	64	1	10	88	2	81	1.12e-18	78.4
tr|A0A333FHM5|Release	GCF_020844025.1_WP_215848879.1	22.535	88	77	81	71	55	0	3	73	1	71	1.16e-18	78.1
tr|A0A333FHM5|Release	GCF_000770115.1_WP_069687890.1	22.785	88	81	89	79	60	1	10	87	2	80	1.25e-18	78.1
tr|A0A333FHM5|Release	GCF_024362845.1_WP_255230807.1	22.785	88	82	89	79	60	1	10	87	2	80	1.30e-18	78.1
tr|A0A333FHM5|Release	GCF_001507645.1_WP_068195976.1	24.444	88	90	98	90	61	2	3	88	1	87	1.32e-18	78.4
tr|A0A333FHM5|Release	GCF_022827545.1_WP_243798205.1	32.099	88	82	86	81	47	2	3	78	1	78	1.44e-18	78.1
tr|A0A333FHM5|Release	GCF_000024825.1_WP_005460845.1	22.785	88	81	89	79	60	1	10	87	2	80	1.45e-18	78.1
tr|A0A333FHM5|Release	GCF_001999225.1_WP_077537996.1	26.582	88	82	89	79	57	1	10	87	2	80	1.59e-18	77.8
tr|A0A333FHM5|Release	GCF_000940995.1_WP_082060442.1	22.989	88	93	98	87	66	1	3	88	1	87	1.59e-18	78.1
tr|A0A333FHM5|Release	GCF_005877035.1_WP_039486662.1	31.646	88	83	89	79	53	1	10	87	2	80	1.86e-18	77.8
tr|A0A333FHM5|Release	GCF_000238395.3_WP_010553578.1	30.380	88	83	89	79	54	1	10	87	2	80	1.88e-18	77.8
tr|A0A333FHM5|Release	GCF_024347495.1_WP_137371745.1	22.785	88	80	89	79	60	1	10	87	2	80	2.25e-18	77.5
tr|A0A333FHM5|Release	GCF_008369605.1_WP_000253074.1	25.316	88	81	89	79	58	1	10	87	2	80	2.27e-18	77.5
tr|A0A333FHM5|Release	GCF_024347655.1_WP_060467732.1	21.519	88	83	89	79	61	1	10	87	2	80	2.38e-18	77.5
tr|A0A333FHM5|Release	GCF_014169735.1_WP_134997272.1	24.638	88	86	78	69	49	1	6	74	3	68	2.57e-18	77.5
tr|A0A333FHM5|Release	GCF_024582835.1_WP_257083279.1	20.253	88	87	89	79	62	1	10	87	2	80	2.83e-18	77.5
tr|A0A333FHM5|Release	GCF_003990335.1_WP_127025819.1	21.127	88	91	81	71	56	0	10	80	6	76	3.09e-18	77.3
tr|A0A333FHM5|Release	GCF_019797925.1_WP_193521737.1	25.316	88	80	90	79	59	0	10	88	2	80	3.16e-18	77.3
tr|A0A333FHM5|Release	GCF_014879975.1_WP_192888672.1	22.785	88	83	89	79	60	1	10	87	2	80	3.75e-18	77.0
tr|A0A333FHM5|Release	GCF_022811645.1_WP_243511723.1	25.000	88	90	86	80	53	2	3	78	1	77	3.91e-18	77.0
tr|A0A333FHM5|Release	GCF_016026615.1_WP_197928313.1	27.941	88	89	77	68	46	1	6	73	3	67	4.33e-18	77.0
tr|A0A333FHM5|Release	GCF_008728635.1_WP_151087836.1	19.767	88	90	93	86	61	4	3	84	1	82	4.51e-18	77.0
tr|A0A333FHM5|Release	GCF_003967195.1_WP_172597571.1	30.000	88	83	85	80	51	2	3	77	2	81	4.61e-18	76.7
tr|A0A333FHM5|Release	GCF_002762215.1_WP_085750011.1	26.582	88	87	85	79	51	3	4	78	3	78	6.78e-18	76.4
tr|A0A333FHM5|Release	GCF_000212735.1_WP_013764159.1	26.582	88	83	85	79	51	2	1	75	1	76	8.43e-18	76.1
tr|A0A333FHM5|Release	GCF_019703835.1_WP_087020305.1	25.974	88	79	88	77	54	1	12	88	3	76	1.01e-17	75.8
tr|A0A333FHM5|Release	GCF_008632455.1_WP_150048082.1	23.457	88	84	91	81	60	2	9	88	5	84	1.18e-17	75.8
tr|A0A333FHM5|Release	GCF_000024005.1_WP_012793320.1	28.395	88	84	88	81	51	2	2	78	3	80	1.19e-17	75.8
tr|A0A333FHM5|Release	GCF_003149515.1_WP_109656005.1	23.377	88	90	83	77	52	2	3	75	1	74	1.23e-17	75.8
tr|A0A333FHM5|Release	GCF_009363415.1_WP_152430616.1	20.000	88	84	90	80	63	1	10	88	2	81	1.41e-17	75.6
tr|A0A333FHM5|Release	GCF_013343005.1_WP_078482823.1	28.395	88	84	86	81	53	2	3	78	1	81	1.57e-17	75.6
tr|A0A333FHM5|Release	GCF_003568825.1_WP_040644076.1	21.951	88	83	89	82	60	1	10	87	2	83	1.78e-17	75.3
tr|A0A333FHM5|Release	GCF_004214795.1_WP_130234502.1	21.519	88	78	86	79	56	2	3	78	1	76	2.14e-17	75.0
tr|A0A333FHM5|Release	GCF_000021985.1_WP_012639500.1	32.432	88	82	78	74	45	2	3	71	1	74	2.34e-17	75.0
tr|A0A333FHM5|Release	GCF_002887615.1_WP_038869703.1	21.519	88	81	89	79	61	1	10	87	2	80	2.40e-17	75.0
tr|A0A333FHM5|Release	GCF_013177675.1_WP_172128285.1	23.377	88	81	84	77	53	2	3	76	1	74	3.24e-17	74.7
tr|A0A333FHM5|Release	GCF_002157895.1_WP_227874980.1	23.750	88	82	90	80	60	1	10	88	3	82	3.40e-17	74.4
tr|A0A333FHM5|Release	GCF_002215215.1_WP_088918776.1	33.333	88	101	94	84	54	2	5	87	15	97	3.72e-17	74.7
tr|A0A333FHM5|Release	GCF_001651805.1_WP_067384150.1	33.803	88	78	75	71	42	3	7	72	4	74	4.20e-17	74.2
tr|A0A333FHM5|Release	GCF_010093065.1_WP_162331416.1	26.250	88	84	86	80	52	2	3	78	4	80	4.65e-17	74.2
tr|A0A333FHM5|Release	GCF_003346815.1_WP_114840342.1	24.051	88	82	86	79	54	2	3	78	1	76	5.02e-17	74.2
tr|A0A333FHM5|Release	GCF_019977755.1_WP_126608378.1	26.506	88	103	86	83	54	2	10	85	16	98	5.78e-17	74.4
tr|A0A333FHM5|Release	GCF_003353065.1_WP_114983154.1	27.632	88	84	82	76	48	3	1	72	1	73	6.49e-17	73.9
tr|A0A333FHM5|Release	GCF_026427595.1_WP_251812951.1	24.691	88	88	86	81	56	2	12	87	7	87	7.01e-17	73.9
tr|A0A333FHM5|Release	GCF_008931805.1_WP_019441510.1	24.051	88	81	89	79	59	1	10	87	2	80	7.23e-17	73.6
tr|A0A333FHM5|Release	GCF_007197555.1_WP_144048375.1	29.412	88	94	89	85	53	2	5	82	2	86	7.31e-17	73.9
tr|A0A333FHM5|Release	GCF_002142475.1_WP_026148861.1	28.205	88	86	84	78	49	2	5	78	2	76	7.63e-17	73.9
tr|A0A333FHM5|Release	GCF_003970675.1_WP_126615366.1	33.824	88	76	77	68	41	2	7	74	10	73	1.22e-16	73.0
tr|A0A333FHM5|Release	GCF_013201725.1_WP_014475480.1	27.027	88	74	81	74	48	2	3	73	1	71	1.24e-16	73.0
tr|A0A333FHM5|Release	GCF_002355735.1_WP_096359192.1	25.000	88	83	82	76	53	2	4	75	7	82	1.27e-16	73.0
tr|A0A333FHM5|Release	GCF_018736065.1_WP_144074266.1	32.353	88	76	77	68	42	2	7	74	10	73	1.33e-16	73.0
tr|A0A333FHM5|Release	GCF_002157225.2_WP_086934278.1	26.027	88	80	83	73	54	0	10	82	5	77	1.70e-16	72.8
tr|A0A333FHM5|Release	GCF_013177635.1_WP_129095542.1	22.973	88	72	81	74	51	2	3	73	1	71	1.74e-16	72.5
tr|A0A333FHM5|Release	GCF_024347675.1_WP_261835500.1	27.848	88	81	89	79	56	1	10	87	2	80	1.87e-16	72.8
tr|A0A333FHM5|Release	GCF_000828615.1_WP_041064380.1	27.500	88	80	85	80	53	3	1	75	1	80	2.16e-16	72.5
tr|A0A333FHM5|Release	GCF_009938015.1_WP_223264517.1	30.380	88	90	84	79	50	3	1	74	1	79	2.17e-16	72.8
tr|A0A333FHM5|Release	GCF_001431725.1_WP_021820278.1	20.253	88	81	89	79	62	1	10	87	2	80	2.42e-16	72.5
tr|A0A333FHM5|Release	GCF_015209785.1_WP_193988300.1	39.706	88	73	76	68	40	1	6	72	2	69	2.93e-16	71.9
tr|A0A333FHM5|Release	GCF_902810445.1_WP_197744199.1	22.078	88	78	83	77	53	3	5	77	2	75	3.39e-16	71.9
tr|A0A333FHM5|Release	GCF_002355415.1_WP_148665551.1	31.884	88	87	74	69	43	2	6	70	13	81	3.45e-16	72.2
tr|A0A333FHM5|Release	GCF_017638925.1_WP_208844867.1	26.316	88	81	86	76	56	0	10	85	2	77	3.54e-16	71.9
tr|A0A333FHM5|Release	GCF_003346775.1_WP_114843067.1	25.974	88	84	84	77	51	2	3	76	1	74	3.69e-16	71.9
tr|A0A333FHM5|Release	GCF_001955715.1_WP_029708890.1	26.027	88	80	78	73	47	2	5	73	2	71	4.01e-16	71.9
tr|A0A333FHM5|Release	GCF_013201935.1_WP_129014602.1	22.973	88	72	81	74	51	2	3	73	1	71	4.36e-16	71.6
tr|A0A333FHM5|Release	GCF_012295615.1_WP_007018284.1	17.500	88	81	90	80	65	1	10	88	2	81	6.27e-16	71.3
tr|A0A333FHM5|Release	GCF_006364355.1_WP_004727652.1	26.250	88	83	90	80	58	1	10	88	2	81	6.91e-16	71.3
tr|A0A333FHM5|Release	GCF_003544915.1_WP_118918525.1	25.000	88	73	83	76	51	2	3	75	1	73	7.14e-16	71.1
tr|A0A333FHM5|Release	GCF_002218045.2_WP_089137819.1	38.889	88	79	77	72	40	2	6	73	5	76	8.13e-16	71.1
tr|A0A333FHM5|Release	GCF_003063625.1_WP_108601906.1	30.380	88	85	86	79	52	1	10	85	5	83	8.25e-16	71.1
tr|A0A333FHM5|Release	GCF_016613475.2_WP_200606805.1	22.368	88	90	82	76	52	2	4	75	5	77	1.14e-15	70.8
tr|A0A333FHM5|Release	GCF_002557795.1_WP_098194977.1	24.051	88	89	83	79	51	2	6	78	7	82	1.15e-15	70.8
tr|A0A333FHM5|Release	GCF_004028275.1_WP_128384077.1	23.288	88	77	78	73	52	2	9	77	2	74	1.75e-15	70.2
tr|A0A333FHM5|Release	GCF_000321415.2_WP_015260329.1	34.091	88	93	95	88	52	3	1	84	1	86	2.25e-15	70.2
tr|A0A333FHM5|Release	GCF_000014785.1_WP_011630183.1	32.468	88	83	83	77	48	2	4	76	7	83	2.35e-15	69.9
tr|A0A333FHM5|Release	GCF_013201665.1_WP_128359868.1	18.293	88	81	90	82	61	2	3	81	1	79	2.44e-15	69.9
tr|A0A333FHM5|Release	GCF_010119975.1_WP_162445115.1	23.750	88	365	86	80	53	2	4	79	8	83	2.54e-15	74.4
tr|A0A333FHM5|Release	GCF_000788395.1_WP_038641921.1	24.691	88	85	91	81	58	2	8	87	3	81	2.71e-15	69.7
tr|A0A333FHM5|Release	GCF_024347195.1_WP_271272618.1	33.333	88	77	77	72	44	2	5	72	2	73	3.26e-15	69.4
tr|A0A333FHM5|Release	GCF_001442805.1_WP_057942092.1	23.457	88	88	88	81	55	2	2	78	3	80	3.83e-15	69.4
tr|A0A333FHM5|Release	GCF_000026085.1_WP_041454550.1	38.028	88	73	78	71	41	3	6	74	2	71	4.65e-15	68.8
tr|A0A333FHM5|Release	GCF_020091585.1_WP_224339804.1	22.619	88	82	91	84	58	2	5	84	2	82	6.32e-15	68.8
tr|A0A333FHM5|Release	GCF_005166025.1_WP_137090244.1	25.000	88	84	82	76	50	2	3	74	1	73	6.38e-15	68.8
tr|A0A333FHM5|Release	GCF_000227685.2_WP_006746304.1	30.864	88	83	88	81	52	2	1	77	1	81	8.76e-15	68.5
tr|A0A333FHM5|Release	GCF_004421105.1_WP_134356453.1	21.795	88	80	84	78	54	3	5	78	2	76	9.84e-15	68.3
tr|A0A333FHM5|Release	GCF_008807855.1_WP_063240334.1	23.077	88	83	84	78	53	2	2	75	3	77	1.02e-14	68.3
tr|A0A333FHM5|Release	GCF_008122265.1_WP_148863603.1	19.737	88	84	82	76	54	2	5	76	2	74	1.20e-14	68.0
tr|A0A333FHM5|Release	GCF_023733635.1_WP_039959400.1	27.500	88	89	85	80	53	2	5	79	2	81	1.31e-14	68.0
tr|A0A333FHM5|Release	GCF_024347255.1_WP_091360415.1	28.767	88	79	77	73	47	2	5	72	2	74	1.51e-14	67.7
tr|A0A333FHM5|Release	GCF_024347275.1_WP_019620968.1	30.263	88	82	81	76	48	3	5	75	2	77	2.05e-14	67.4
tr|A0A333FHM5|Release	GCF_000012325.1_WP_011045621.1	29.114	88	84	90	79	54	1	10	88	5	81	2.05e-14	67.4
tr|A0A333FHM5|Release	GCF_002356115.1_WP_096526481.1	18.667	88	78	81	75	54	2	5	75	2	73	2.49e-14	67.1
tr|A0A333FHM5|Release	GCF_001050135.1_WP_048644179.1	20.253	88	88	85	79	56	3	1	75	1	76	2.61e-14	67.4
tr|A0A333FHM5|Release	GCF_018389385.1_WP_218082190.1	24.324	88	91	80	74	49	2	4	73	15	85	4.65e-14	66.8
tr|A0A333FHM5|Release	GCF_000092245.1_WP_013136435.1	28.767	88	76	80	73	46	2	7	76	2	71	6.00e-14	66.3
tr|A0A333FHM5|Release	GCF_000143085.1_WP_013221711.1	23.684	88	82	82	76	51	3	6	77	3	75	6.57e-14	66.3
tr|A0A333FHM5|Release	GCF_004798725.1_WP_010811758.1	23.457	88	83	88	81	55	2	2	78	3	80	1.02e-13	65.7
tr|A0A333FHM5|Release	GCF_000317125.1_WP_015155280.1	18.987	88	81	85	79	57	3	5	79	2	77	1.33e-13	65.4
tr|A0A333FHM5|Release	GCF_003955735.1_WP_126127786.1	22.222	88	91	88	81	56	3	2	78	4	81	1.73e-13	65.2
tr|A0A333FHM5|Release	GCF_001956695.1_WP_076086034.1	20.000	88	77	81	75	53	2	7	77	2	73	1.74e-13	64.9
tr|A0A333FHM5|Release	GCF_000012805.1_WP_011330264.1	22.368	88	85	82	76	52	3	6	77	3	75	1.83e-13	65.2
tr|A0A333FHM5|Release	GCF_019891175.1_WP_225938383.1	22.892	88	93	90	83	56	3	1	79	7	85	2.41e-13	64.9
tr|A0A333FHM5|Release	GCF_001956695.1_WP_076086043.1	24.051	88	77	86	79	54	2	5	80	2	77	2.74e-13	64.6
tr|A0A333FHM5|Release	GCF_024347215.1_WP_261843265.1	30.556	88	77	77	72	46	2	5	72	2	73	3.23e-13	64.3
tr|A0A333FHM5|Release	GCF_000222485.1_WP_014022977.1	24.359	88	85	84	78	52	3	1	74	1	75	4.76e-13	64.0
tr|A0A333FHM5|Release	GCF_000019185.1_WP_012277931.1	19.388	88	100	89	98	59	2	10	87	2	99	6.15e-13	64.0
tr|A0A333FHM5|Release	GCF_003722295.1_WP_010573895.1	25.000	88	75	80	76	48	2	5	74	2	74	7.55e-13	63.5
tr|A0A333FHM5|Release	GCF_000014705.1_WP_011637758.1	20.482	88	88	89	83	61	1	9	86	3	85	7.68e-13	63.5
tr|A0A333FHM5|Release	GCF_013283835.1_WP_071625892.1	24.000	88	79	78	75	48	2	7	75	2	73	8.32e-13	63.2
tr|A0A333FHM5|Release	GCF_000024725.1_WP_013031543.1	20.513	88	81	84	78	55	3	5	78	2	76	1.33e-12	62.9
tr|A0A333FHM5|Release	GCF_000265505.1_WP_014796533.1	23.529	88	97	84	85	54	2	4	77	3	87	1.52e-12	62.9
tr|A0A333FHM5|Release	GCF_013282625.1_WP_173286717.1	29.412	88	67	77	68	45	1	9	76	2	66	2.92e-12	61.8
tr|A0A333FHM5|Release	GCF_000018105.1_WP_012162738.1	12.821	88	86	84	78	61	2	5	78	2	76	3.20e-12	62.1
tr|A0A333FHM5|Release	GCF_003855395.1_WP_124730567.1	19.277	88	88	89	83	62	1	9	86	3	85	3.63e-12	61.8
tr|A0A333FHM5|Release	GCF_013201665.1_WP_128358834.1	22.222	88	76	78	72	50	2	7	75	2	70	3.69e-12	61.5
tr|A0A333FHM5|Release	GCF_000317575.1_WP_015193670.1	24.324	88	74	80	74	49	3	5	74	2	72	4.99e-12	61.2
tr|A0A333FHM5|Release	GCF_013177635.1_WP_129095951.1	22.222	88	76	78	72	50	2	7	75	2	70	9.13e-12	60.7
tr|A0A333FHM5|Release	GCF_013201935.1_WP_128987185.1	20.833	88	76	78	72	51	2	7	75	2	70	1.30e-11	60.1
tr|A0A333FHM5|Release	GCF_001705075.2_WP_065970077.1	23.077	88	78	84	78	56	2	3	76	1	78	1.46e-11	60.1
tr|A0A333FHM5|Release	GCF_011398355.1_WP_173270160.1	26.154	88	65	74	65	45	1	9	73	2	63	1.90e-11	59.5
tr|A0A333FHM5|Release	GCF_003544815.1_WP_118886031.1	22.222	88	76	78	72	50	2	7	75	2	70	1.99e-11	59.8
tr|A0A333FHM5|Release	GCF_000238255.3_WP_010559905.1	23.171	88	86	92	82	60	2	8	88	3	82	2.30e-11	59.8
tr|A0A333FHM5|Release	GCF_009937995.1_WP_179954406.1	24.359	88	79	83	78	54	2	5	77	2	79	2.96e-11	59.2
tr|A0A333FHM5|Release	GCF_000147355.1_WP_013326989.1	23.077	88	67	73	65	49	1	23	86	1	65	3.29e-11	59.0
tr|A0A333FHM5|Release	GCF_020511155.1_WP_226415657.1	20.000	88	87	91	85	63	2	8	87	3	87	3.43e-11	59.2
tr|A0A333FHM5|Release	GCF_004293625.1_WP_130538367.1	33.898	88	71	67	59	36	1	9	67	2	57	1.01e-10	57.8
tr|A0A333FHM5|Release	GCF_013177675.1_WP_172126669.1	25.000	88	77	78	72	48	2	7	75	2	70	1.26e-10	57.8
tr|A0A333FHM5|Release	GCF_000006765.1_NP_249630.1	28.571	88	108	89	84	54	1	5	82	2	85	1.31e-10	58.1
tr|A0A333FHM5|Release	GCF_000973725.1_WP_046311560.1	24.359	88	91	84	78	52	3	3	76	1	75	1.61e-10	57.6
tr|A0A333FHM5|Release	GCF_021654855.1_WP_237262080.1	25.000	88	70	73	68	44	2	10	73	3	67	2.46e-10	56.7
tr|A0A333FHM5|Release	GCF_002309535.1_WP_096047558.1	23.171	88	88	90	82	53	3	9	87	4	78	5.12e-10	56.4
tr|A0A333FHM5|Release	GCF_024347675.1_WP_261833361.1	34.884	88	54	49	43	28	0	10	52	2	44	6.02e-10	55.6
tr|A0A333FHM5|Release	GCF_006385555.1_WP_140234395.1	27.711	88	87	89	83	55	2	8	85	2	84	6.65e-10	56.2
tr|A0A333FHM5|Release	GCF_003967275.1_WP_197721837.1	25.676	88	78	80	74	51	3	3	72	1	74	1.34e-09	55.0
tr|A0A333FHM5|Release	GCF_000568815.1_WP_025346049.1	22.222	88	76	78	72	50	2	8	76	3	71	1.51e-09	55.0
tr|A0A333FHM5|Release	GCF_011398355.1_WP_173270199.1	24.242	88	66	75	66	47	1	9	74	2	64	2.26e-09	54.5
tr|A0A333FHM5|Release	GCF_003346815.1_WP_114840344.1	24.000	88	84	82	75	51	3	5	76	2	73	2.62e-09	54.5
tr|A0A333FHM5|Release	GCF_017742995.1_WP_247749573.1	44.444	88	48	41	36	20	0	10	45	2	37	2.72e-09	53.9
tr|A0A333FHM5|Release	GCF_026278345.1_WP_266369249.1	23.288	88	90	78	73	49	3	5	73	2	71	3.12e-09	54.5
tr|A0A333FHM5|Release	GCF_001444405.1_WP_058032142.1	22.388	88	87	75	67	51	1	10	75	2	68	3.54e-09	54.2
tr|A0A333FHM5|Release	GCF_001723605.1_WP_069479051.1	24.286	88	76	76	70	47	2	10	76	5	71	3.86e-09	53.9
tr|A0A333FHM5|Release	GCF_000265295.1_WP_014770430.1	22.222	88	76	78	72	50	2	8	76	3	71	4.31e-09	53.9
tr|A0A333FHM5|Release	GCF_023650495.1_WP_250655372.1	22.642	88	88	56	53	37	1	8	56	3	55	4.83e-09	53.9
tr|A0A333FHM5|Release	GCF_000018285.1_WP_012155987.1	20.213	88	102	82	94	53	2	10	81	2	95	8.68e-09	53.3
tr|A0A333FHM5|Release	GCF_000013765.1_WP_011496543.1	21.687	88	106	89	83	60	2	10	87	23	105	9.88e-09	53.3
tr|A0A333FHM5|Release	GCF_013283835.1_WP_071628250.1	19.737	88	81	83	76	55	2	5	77	2	74	1.07e-08	52.8
tr|A0A333FHM5|Release	GCF_005281475.1_WP_137401239.1	23.377	88	81	84	77	53	3	6	79	2	75	1.25e-08	52.8
tr|A0A333FHM5|Release	GCF_014217805.1_WP_185274331.1	15.789	88	91	82	76	57	2	5	76	6	78	3.62e-08	51.7
tr|A0A333FHM5|Release	GCF_006575665.1_WP_141613356.1	24.324	88	81	81	74	50	3	6	76	2	72	5.76e-08	51.1
tr|A0A333FHM5|Release	GCF_002116735.1_WP_041332374.1	17.722	88	86	85	79	58	2	2	76	5	80	7.31e-08	50.8
tr|A0A333FHM5|Release	GCF_011398155.1_WP_173291533.1	18.571	88	71	78	70	53	2	10	78	3	69	7.45e-08	50.5
tr|A0A333FHM5|Release	GCF_003260975.1_WP_112783789.1	23.288	88	81	80	73	50	3	6	75	2	71	9.26e-08	50.5
tr|A0A333FHM5|Release	GCF_000242635.2_WP_014682426.1	22.059	88	83	73	68	46	2	14	77	11	75	6.99e-07	48.3
tr|A0A333FHM5|Release	GCF_000484535.1_WP_023173213.1	24.615	88	91	73	65	48	1	12	75	24	88	9.74e-07	48.0
tr|A0A333FHM5|Release	GCF_011764585.1_WP_188200227.1	28.571	88	63	58	56	35	2	23	73	2	57	1.52e-06	47.2
tr|A0A333FHM5|Release	GCF_019931735.1_WP_223417223.1	19.231	88	87	83	78	58	1	10	82	4	81	1.92e-06	47.2
tr|A0A333FHM5|Release	GCF_009931655.1_WP_161888514.1	16.854	88	89	97	89	66	3	3	87	1	85	2.00e-06	47.2
tr|A0A333FHM5|Release	GCF_021018745.1_WP_230843504.1	25.373	88	92	75	67	49	1	12	77	24	90	2.77e-06	46.9
tr|A0A333FHM5|Release	GCF_009937995.1_WP_162085741.1	21.250	88	82	84	80	57	2	3	76	1	80	3.02e-06	46.6
tr|A0A333FHM5|Release	GCF_001027285.1_WP_047859305.1	26.531	88	80	56	49	36	0	12	60	12	60	3.03e-06	46.6
tr|A0A333FHM5|Release	GCF_000011385.1_WP_011141833.1	25.373	88	92	75	67	49	1	12	77	24	90	5.60e-06	46.0
tr|A0A333FHM5|Release	GCF_014075995.1_WP_182414414.1	15.385	88	91	84	78	59	2	3	76	4	78	3.48e-05	44.1
tr|A0A333FHM5|Release	GCF_009938015.1_WP_147074368.1	18.519	88	82	84	81	58	5	3	76	1	80	4.22e-04	41.2
tr|A0A333FHM5|Release	GCF_003143555.1_WP_109340539.1	18.667	88	84	82	75	58	2	12	83	5	79	4.25e-04	41.2
tr|A0A333FHM5|Release	GCF_000325705.1_WP_015264554.1	18.841	88	77	75	69	50	3	10	75	6	71	7.32e-04	40.4
tr|A0A333FHM5|Release	GCF_003945325.1_WP_125566010.1	26.087	88	327	70	69	43	4	24	85	165	232	0.005	40.4
tr|A0A333FHM5|Release	GCF_018388465.1_WP_208290210.1	27.692	88	316	70	65	44	2	16	77	139	203	0.006	40.4
tr|A0A333FHM5|Release	GCF_001263175.1_WP_050726405.1	33.333	88	81	51	45	30	0	12	56	12	56	0.008	37.9
# PSIBLAST 2.13.0+
# Iteration: 5
# Query: tr|A0A333FHM5|Release 2018_10/2018_10|07-Nov-2018
# Database: db/chosen-bacteria_proteome_exDup
# Fields: query id, subject id, % identity, query length, subject length, % query coverage per subject, alignment length, mismatches, gap opens, q. start, q. end, s. start, s. end, evalue, bit score
# 467 hits found
tr|A0A333FHM5|Release	GCF_001461805.1_WP_013367515.1	69.767	88	86	98	86	26	0	1	86	1	86	7.93e-39	129
tr|A0A333FHM5|Release	GCF_001518835.1_WP_059308693.1	67.442	88	86	98	86	28	0	1	86	1	86	9.82e-39	129
tr|A0A333FHM5|Release	GCF_021172065.1_WP_015965827.1	63.953	88	86	98	86	31	0	1	86	1	86	1.26e-38	129
tr|A0A333FHM5|Release	GCF_009036245.1_WP_025756830.1	65.116	88	86	98	86	30	0	1	86	1	86	1.29e-38	129
tr|A0A333FHM5|Release	GCF_020097475.1_WP_000062318.1	67.442	88	86	98	86	28	0	1	86	1	86	1.50e-38	129
tr|A0A333FHM5|Release	GCF_009176645.1_WP_152083529.1	65.116	88	86	98	86	30	0	1	86	1	86	1.61e-38	129
tr|A0A333FHM5|Release	GCF_001683395.1_WP_017458015.1	65.116	88	86	98	86	30	0	1	86	1	86	3.42e-38	128
tr|A0A333FHM5|Release	GCF_001022135.1_WP_039078449.1	66.279	88	86	98	86	29	0	1	86	1	86	4.41e-38	127
tr|A0A333FHM5|Release	GCF_003594935.2_WP_006173581.1	66.279	88	86	98	86	29	0	1	86	1	86	4.45e-38	127
tr|A0A333FHM5|Release	GCF_007632255.1_WP_015368146.1	65.116	88	86	98	86	30	0	1	86	1	86	4.74e-38	127
tr|A0A333FHM5|Release	GCF_000006925.2_NP_706134.1	66.279	88	86	98	86	29	0	1	86	1	86	5.56e-38	127
tr|A0A333FHM5|Release	GCF_000224675.1_WP_010426685.1	65.116	88	86	98	86	30	0	1	86	1	86	6.01e-38	127
tr|A0A333FHM5|Release	GCF_001658025.2_WP_007373243.1	65.116	88	86	98	86	30	0	1	86	1	86	6.62e-38	127
tr|A0A333FHM5|Release	GCF_015137655.1_WP_028015593.1	63.953	88	86	98	86	31	0	1	86	1	86	6.94e-38	127
tr|A0A333FHM5|Release	GCF_023195735.1_WP_035891978.1	68.605	88	86	98	86	27	0	1	86	1	86	8.14e-38	127
tr|A0A333FHM5|Release	GCF_001729805.1_WP_008501890.1	63.953	88	86	98	86	31	0	1	86	1	86	8.40e-38	127
tr|A0A333FHM5|Release	GCF_027886705.1_WP_061497537.1	65.116	88	86	98	86	30	0	1	86	1	86	8.46e-38	127
tr|A0A333FHM5|Release	GCF_025914095.1_WP_031518416.1	65.116	88	86	98	86	30	0	1	86	1	86	1.10e-37	126
tr|A0A333FHM5|Release	GCF_009649915.1_WP_062772223.1	67.442	88	86	98	86	28	0	1	86	1	86	1.34e-37	126
tr|A0A333FHM5|Release	GCF_016904755.1_WP_059234959.1	64.706	88	86	97	85	30	0	1	85	1	85	1.40e-37	126
tr|A0A333FHM5|Release	GCF_001750725.1_WP_014168720.1	63.953	88	86	98	86	31	0	1	86	1	86	1.59e-37	126
tr|A0A333FHM5|Release	GCF_009363135.1_WP_090122691.1	66.279	88	86	98	86	29	0	1	86	1	86	1.73e-37	126
tr|A0A333FHM5|Release	GCF_019048625.1_WP_023305471.1	66.279	88	86	98	86	29	0	1	86	1	86	2.13e-37	126
tr|A0A333FHM5|Release	GCF_004684345.1_WP_135323069.1	66.279	88	86	98	86	29	0	1	86	1	86	2.36e-37	125
tr|A0A333FHM5|Release	GCF_003812345.1_WP_003018503.1	65.116	88	86	98	86	30	0	1	86	1	86	2.53e-37	125
tr|A0A333FHM5|Release	GCF_001558935.2_WP_042323659.1	66.279	88	86	98	86	29	0	1	86	1	86	2.66e-37	125
tr|A0A333FHM5|Release	GCF_002393445.1_WP_061273728.1	61.176	88	86	97	85	33	0	1	85	1	85	2.81e-37	125
tr|A0A333FHM5|Release	GCF_021278985.1_WP_012904575.1	65.116	88	86	98	86	30	0	1	86	1	86	2.95e-37	125
tr|A0A333FHM5|Release	GCF_004353845.1_WP_103768334.1	63.953	88	86	98	86	31	0	1	86	1	86	3.09e-37	125
tr|A0A333FHM5|Release	GCF_900638065.1_WP_048212636.1	65.116	88	86	98	86	30	0	1	86	1	86	3.65e-37	125
tr|A0A333FHM5|Release	GCF_001277255.1_WP_007666633.1	62.791	88	86	98	86	32	0	1	86	1	86	3.71e-37	125
tr|A0A333FHM5|Release	GCF_018128425.1_WP_042289833.1	65.116	88	86	98	86	30	0	1	86	1	86	4.15e-37	125
tr|A0A333FHM5|Release	GCF_022637515.1_WP_064539750.1	61.628	88	86	98	86	33	0	1	86	1	86	4.64e-37	125
tr|A0A333FHM5|Release	GCF_000240185.1_YP_005225236.1	63.953	88	86	98	86	31	0	1	86	1	86	4.94e-37	125
tr|A0A333FHM5|Release	GCF_001277175.1_WP_007760020.1	60.465	88	86	98	86	34	0	1	86	1	86	5.70e-37	125
tr|A0A333FHM5|Release	GCF_003261575.2_WP_110272453.1	65.116	88	86	98	86	30	0	1	86	1	86	5.75e-37	125
tr|A0A333FHM5|Release	GCF_003812925.1_WP_004107903.1	62.791	88	86	98	86	32	0	1	86	1	86	6.90e-37	124
tr|A0A333FHM5|Release	GCF_018139045.1_WP_004129134.1	62.791	88	86	98	86	32	0	1	86	1	86	7.65e-37	124
tr|A0A333FHM5|Release	GCF_001277215.2_WP_007776988.1	60.465	88	86	98	86	34	0	1	86	1	86	8.42e-37	124
tr|A0A333FHM5|Release	GCF_001277195.1_WP_032966924.1	62.791	88	86	98	86	32	0	1	86	1	86	8.48e-37	124
tr|A0A333FHM5|Release	GCF_900635955.1_WP_126357486.1	61.176	88	86	97	85	33	0	1	85	1	85	8.55e-37	124
tr|A0A333FHM5|Release	GCF_009648935.1_WP_047417117.1	63.953	88	86	98	86	31	0	1	86	1	86	9.26e-37	124
tr|A0A333FHM5|Release	GCF_015139575.1_WP_004098776.1	63.953	88	86	98	86	31	0	1	86	1	86	1.03e-36	124
tr|A0A333FHM5|Release	GCF_006711645.1_WP_100682484.1	65.116	88	86	98	86	30	0	1	86	1	86	1.16e-36	124
tr|A0A333FHM5|Release	GCF_003935895.2_WP_110510858.1	65.882	88	86	97	85	29	0	1	85	1	85	1.28e-36	124
tr|A0A333FHM5|Release	GCF_000439255.1_WP_000062328.1	62.791	88	86	98	86	32	0	1	86	1	86	1.35e-36	123
tr|A0A333FHM5|Release	GCF_022637595.1_WP_004858152.1	65.116	88	86	98	86	30	0	1	86	1	86	1.42e-36	123
tr|A0A333FHM5|Release	GCF_012029655.1_WP_041144145.1	63.953	88	86	98	86	31	0	1	86	1	86	1.63e-36	123
tr|A0A333FHM5|Release	GCF_000834395.1_WP_042546713.1	67.442	88	86	98	86	28	0	1	86	1	86	1.82e-36	123
tr|A0A333FHM5|Release	GCF_000018045.1_WP_024130681.1	62.791	88	86	98	86	32	0	1	86	1	86	2.66e-36	123
tr|A0A333FHM5|Release	GCF_004124235.1_WP_025377303.1	67.442	88	86	98	86	28	0	1	86	1	86	2.95e-36	123
tr|A0A333FHM5|Release	GCF_024224615.1_WP_125293588.1	62.353	88	86	97	85	32	0	1	85	1	85	3.38e-36	123
tr|A0A333FHM5|Release	GCF_002163605.1_WP_157665988.1	66.279	88	86	98	86	29	0	1	86	1	86	3.90e-36	122
tr|A0A333FHM5|Release	GCF_011068345.1_WP_002436992.1	61.176	88	86	97	85	33	0	1	85	1	85	3.96e-36	122
tr|A0A333FHM5|Release	GCF_000222975.1_WP_002218374.1	67.442	88	86	98	86	28	0	1	86	1	86	4.12e-36	122
tr|A0A333FHM5|Release	GCF_000010085.1_WP_011411656.1	57.143	88	86	95	84	36	0	1	84	1	84	4.40e-36	122
tr|A0A333FHM5|Release	GCF_013282725.1_WP_032813813.1	67.442	88	86	98	86	28	0	1	86	1	86	4.68e-36	122
tr|A0A333FHM5|Release	GCF_000517425.1_WP_025421126.1	57.143	88	86	95	84	36	0	1	84	1	84	4.80e-36	122
tr|A0A333FHM5|Release	GCF_021276285.1_WP_095923198.1	67.857	88	86	95	84	27	0	1	84	1	84	4.99e-36	122
tr|A0A333FHM5|Release	GCF_000834455.1_WP_032817050.1	67.442	88	86	98	86	28	0	1	86	1	86	5.28e-36	122
tr|A0A333FHM5|Release	GCF_000005845.2_NP_414731.2	65.476	88	84	95	84	29	0	3	86	1	84	5.30e-36	122
tr|A0A333FHM5|Release	GCF_013234275.1_WP_172895488.1	60.465	88	86	98	86	34	0	1	86	1	86	5.62e-36	122
tr|A0A333FHM5|Release	GCF_005484945.1_WP_137712817.1	61.628	88	86	98	86	33	0	1	86	1	86	6.97e-36	122
tr|A0A333FHM5|Release	GCF_000006945.2_NP_459242.1	62.791	88	86	98	86	32	0	1	86	1	86	7.08e-36	122
tr|A0A333FHM5|Release	GCF_025133195.1_WP_032910235.1	65.116	88	86	98	86	30	0	1	86	1	86	7.67e-36	122
tr|A0A333FHM5|Release	GCF_025758125.1_WP_023480196.1	65.116	88	86	98	86	30	0	1	86	1	86	8.43e-36	121
tr|A0A333FHM5|Release	GCF_022637475.1_WP_013574214.1	66.667	88	86	95	84	28	0	1	84	1	84	1.15e-35	121
tr|A0A333FHM5|Release	GCF_012427845.1_WP_012773648.1	60.465	88	86	98	86	34	0	1	86	1	86	1.47e-35	121
tr|A0A333FHM5|Release	GCF_900095885.1_WP_035340381.1	58.140	88	86	98	86	36	0	1	86	1	86	1.62e-35	121
tr|A0A333FHM5|Release	GCF_002288545.1_WP_029367608.1	60.465	88	86	98	86	34	0	1	86	1	86	1.96e-35	121
tr|A0A333FHM5|Release	GCF_009730055.1_WP_032906500.1	67.442	88	86	98	86	28	0	1	86	1	86	2.09e-35	121
tr|A0A333FHM5|Release	GCF_000520015.2_WP_024910172.1	58.140	88	87	98	86	36	0	1	86	1	86	2.14e-35	121
tr|A0A333FHM5|Release	GCF_000233595.1_WP_013024706.1	57.647	88	86	97	85	36	0	1	85	1	85	2.37e-35	120
tr|A0A333FHM5|Release	GCF_017498685.1_WP_038245151.1	66.279	88	86	98	86	29	0	1	86	1	86	3.53e-35	120
tr|A0A333FHM5|Release	GCF_002953195.1_WP_038628016.1	58.140	88	87	98	86	36	0	1	86	1	86	3.59e-35	120
tr|A0A333FHM5|Release	GCF_003019925.1_WP_162185254.1	65.476	88	86	95	84	29	0	1	84	1	84	3.70e-35	120
tr|A0A333FHM5|Release	GCF_019797845.1_WP_222158377.1	62.791	88	86	98	86	32	0	1	86	1	86	3.91e-35	120
tr|A0A333FHM5|Release	GCF_009873295.1_WP_039312412.1	60.465	88	86	98	86	34	0	1	86	1	86	4.69e-35	120
tr|A0A333FHM5|Release	GCF_009914055.1_WP_160619715.1	59.302	88	87	98	86	35	0	1	86	1	86	5.30e-35	120
tr|A0A333FHM5|Release	GCF_015999465.1_WP_085688159.1	57.647	88	86	97	85	36	0	1	85	1	85	5.37e-35	120
tr|A0A333FHM5|Release	GCF_003515985.1_WP_085653101.1	58.824	88	86	97	85	35	0	1	85	1	85	5.55e-35	120
tr|A0A333FHM5|Release	GCF_000262305.1_WP_002441069.1	58.140	88	86	98	86	36	0	1	86	1	86	6.10e-35	119
tr|A0A333FHM5|Release	GCF_001642805.2_WP_004931991.1	58.140	88	87	98	86	36	0	1	86	1	86	6.47e-35	119
tr|A0A333FHM5|Release	GCF_000025065.1_WP_012883679.1	60.000	88	86	97	85	34	0	1	85	1	85	6.50e-35	119
tr|A0A333FHM5|Release	GCF_016026735.1_WP_015673540.1	55.814	88	87	98	86	38	0	1	86	1	86	7.40e-35	119
tr|A0A333FHM5|Release	GCF_021462285.1_WP_234585968.1	58.140	88	87	98	86	36	0	1	86	1	86	8.21e-35	119
tr|A0A333FHM5|Release	GCF_002101395.1_WP_085067900.1	58.140	88	87	98	86	36	0	1	86	1	86	8.27e-35	119
tr|A0A333FHM5|Release	GCF_020181655.1_WP_225087160.1	61.628	88	86	98	86	33	0	1	86	1	86	9.08e-35	119
tr|A0A333FHM5|Release	GCF_017569925.1_WP_208228065.1	59.302	88	86	98	86	35	0	1	86	1	86	9.30e-35	119
tr|A0A333FHM5|Release	GCF_000740965.1_WP_011092648.1	59.302	88	86	98	86	35	0	1	86	1	86	1.03e-34	119
tr|A0A333FHM5|Release	GCF_009931295.1_WP_161528353.1	60.465	88	86	98	86	34	0	1	86	1	86	1.08e-34	119
tr|A0A333FHM5|Release	GCF_011044475.1_WP_033740322.1	57.647	88	86	97	85	36	0	1	85	1	85	1.15e-34	119
tr|A0A333FHM5|Release	GCF_000023565.1_WP_012770818.1	58.824	88	86	97	85	35	0	1	85	1	85	1.21e-34	119
tr|A0A333FHM5|Release	GCF_009817885.1_WP_105232289.1	58.140	88	87	98	86	36	0	1	86	1	86	1.28e-34	119
tr|A0A333FHM5|Release	GCF_900187015.1_WP_061796701.1	58.140	88	87	98	86	36	0	1	86	1	86	1.30e-34	119
tr|A0A333FHM5|Release	GCF_000023545.1_WP_015854637.1	59.302	88	86	98	86	35	0	1	86	1	86	1.34e-34	118
tr|A0A333FHM5|Release	GCF_020079945.1_WP_039382769.1	60.465	88	87	98	86	34	0	1	86	1	86	1.44e-34	118
tr|A0A333FHM5|Release	GCF_023517775.1_WP_249893541.1	60.465	88	87	98	86	34	0	1	86	1	86	1.83e-34	118
tr|A0A333FHM5|Release	GCF_002291445.1_WP_048635886.1	59.302	88	86	98	86	35	0	1	86	1	86	2.09e-34	118
tr|A0A333FHM5|Release	GCF_007858975.2_WP_042869176.1	61.176	88	86	97	85	33	0	1	85	1	85	2.26e-34	118
tr|A0A333FHM5|Release	GCF_001742185.1_WP_005975933.1	59.302	88	86	98	86	35	0	1	86	1	86	2.47e-34	118
tr|A0A333FHM5|Release	GCF_005484965.1_WP_009114129.1	62.791	88	86	98	86	32	0	1	86	1	86	4.11e-34	117
tr|A0A333FHM5|Release	GCF_003992745.1_WP_014700896.1	58.140	88	86	98	86	36	0	1	86	1	86	4.93e-34	117
tr|A0A333FHM5|Release	GCF_001010285.1_WP_046974061.1	65.909	88	88	100	88	30	0	1	88	1	88	5.45e-34	117
tr|A0A333FHM5|Release	GCF_000264765.2_WP_034163237.1	63.953	88	86	98	86	31	0	1	86	1	86	5.97e-34	117
tr|A0A333FHM5|Release	GCF_019890955.1_WP_211725887.1	58.140	88	87	98	86	36	0	1	86	1	86	6.63e-34	117
tr|A0A333FHM5|Release	GCF_000026185.1_WP_012440659.1	54.118	88	87	97	85	39	0	1	85	1	85	6.63e-34	117
tr|A0A333FHM5|Release	GCF_002812485.1_WP_038661467.1	60.000	88	86	97	85	34	0	1	85	1	85	1.23e-33	116
tr|A0A333FHM5|Release	GCF_000196615.1_WP_013200864.1	58.140	88	87	98	86	36	0	1	86	1	86	1.79e-33	116
tr|A0A333FHM5|Release	GCF_019090985.1_WP_036781226.1	63.636	88	88	100	88	32	0	1	88	1	88	1.80e-33	116
tr|A0A333FHM5|Release	GCF_003812345.1_WP_121571778.1	31.461	88	94	100	89	60	1	1	88	1	89	1.84e-33	116
tr|A0A333FHM5|Release	GCF_000147055.1_WP_022632468.1	58.824	88	86	97	85	35	0	1	85	1	85	2.34e-33	115
tr|A0A333FHM5|Release	GCF_002291425.1_WP_095847471.1	59.302	88	87	98	86	35	0	1	86	1	86	2.42e-33	115
tr|A0A333FHM5|Release	GCF_020150375.1_WP_004094310.1	63.953	88	86	98	86	31	0	1	86	1	86	2.81e-33	115
tr|A0A333FHM5|Release	GCF_021733145.1_WP_012847629.1	63.095	88	86	95	84	31	0	1	84	1	84	2.83e-33	115
tr|A0A333FHM5|Release	GCF_011617105.1_WP_025800203.1	65.116	88	86	98	86	30	0	1	86	1	86	2.86e-33	115
tr|A0A333FHM5|Release	GCF_008693605.1_WP_223849061.1	30.337	88	95	100	89	61	1	1	88	2	90	3.96e-33	115
tr|A0A333FHM5|Release	GCF_000196475.1_WP_012776850.1	64.773	88	88	100	88	31	0	1	88	1	88	4.04e-33	115
tr|A0A333FHM5|Release	GCF_003403135.1_WP_024104894.1	60.000	88	86	97	85	34	0	1	85	1	85	4.08e-33	115
tr|A0A333FHM5|Release	GCF_004792415.1_WP_013356856.1	55.952	88	86	95	84	37	0	1	84	1	84	4.28e-33	115
tr|A0A333FHM5|Release	GCF_902387845.1_WP_004237241.1	100.000	88	88	100	88	0	0	1	88	1	88	4.66e-33	115
tr|A0A333FHM5|Release	GCF_000196155.1_WP_011145066.1	61.364	88	88	100	88	34	0	1	88	1	88	5.91e-33	114
tr|A0A333FHM5|Release	GCF_017348915.1_WP_040077077.1	67.442	88	86	98	86	28	0	1	86	1	86	6.79e-33	114
tr|A0A333FHM5|Release	GCF_022647505.1_WP_128179458.1	58.140	88	87	98	86	36	0	1	86	1	86	7.79e-33	114
tr|A0A333FHM5|Release	GCF_020541225.1_WP_226811316.1	54.762	88	86	95	84	38	0	1	84	1	84	7.96e-33	114
tr|A0A333FHM5|Release	GCF_019047765.1_WP_040230035.1	66.279	88	86	98	86	29	0	1	86	1	86	1.43e-32	113
tr|A0A333FHM5|Release	GCF_025946765.1_WP_264497926.1	57.647	88	86	97	85	36	0	1	85	1	85	1.48e-32	113
tr|A0A333FHM5|Release	GCF_003204135.1_WP_004908806.1	59.302	88	87	98	86	35	0	1	86	1	86	1.93e-32	113
tr|A0A333FHM5|Release	GCF_022592395.1_WP_047255099.1	60.465	88	87	98	86	34	0	1	86	1	86	1.97e-32	113
tr|A0A333FHM5|Release	GCF_020268605.1_WP_180560445.1	62.500	88	88	100	88	33	0	1	88	1	88	2.57e-32	113
tr|A0A333FHM5|Release	GCF_004353845.1_WP_103770713.1	31.818	88	93	99	88	59	1	1	87	1	88	2.63e-32	113
tr|A0A333FHM5|Release	GCF_020683125.1_WP_133842177.1	58.621	88	88	98	87	35	1	1	86	1	87	3.32e-32	112
tr|A0A333FHM5|Release	GCF_019048385.1_WP_062759648.1	55.952	88	86	95	84	37	0	1	84	1	84	3.38e-32	112
tr|A0A333FHM5|Release	GCF_900475855.1_WP_068441311.1	59.302	88	87	98	86	35	0	1	86	1	86	3.94e-32	112
tr|A0A333FHM5|Release	GCF_009646115.1_WP_008925644.1	55.952	88	86	95	84	37	0	1	84	1	84	4.65e-32	112
tr|A0A333FHM5|Release	GCF_019844095.1_WP_062747070.1	57.471	88	88	98	87	36	1	1	86	1	87	4.71e-32	112
tr|A0A333FHM5|Release	GCF_002843235.3_WP_102139922.1	59.302	88	87	98	86	35	0	1	86	1	86	4.89e-32	112
tr|A0A333FHM5|Release	GCF_004768525.1_WP_026822068.1	63.636	88	88	100	88	32	0	1	88	1	88	6.02e-32	112
tr|A0A333FHM5|Release	GCF_013460135.1_WP_180816665.1	62.500	88	88	100	88	33	0	1	88	1	88	7.06e-32	112
tr|A0A333FHM5|Release	GCF_002393505.1_WP_006658392.1	59.302	88	87	98	86	35	0	1	86	1	86	8.94e-32	111
tr|A0A333FHM5|Release	GCF_000091565.1_WP_004159420.1	54.762	88	87	95	84	38	0	1	84	1	84	1.17e-31	111
tr|A0A333FHM5|Release	GCF_020342335.1_WP_067428135.1	54.762	88	87	95	84	38	0	1	84	1	84	1.26e-31	111
tr|A0A333FHM5|Release	GCF_029277985.1_WP_154623766.1	59.302	88	87	98	86	35	0	1	86	1	86	1.28e-31	111
tr|A0A333FHM5|Release	GCF_000261045.2_WP_006318653.1	54.651	88	87	98	86	39	0	1	86	1	86	1.39e-31	111
tr|A0A333FHM5|Release	GCF_900638135.1_WP_012146468.1	53.488	88	87	98	86	40	0	1	86	1	86	1.69e-31	111
tr|A0A333FHM5|Release	GCF_022647325.1_WP_111140597.1	54.762	88	86	95	84	38	0	1	84	1	84	1.79e-31	111
tr|A0A333FHM5|Release	GCF_009831665.3_WP_006709226.1	50.000	88	87	98	86	43	0	1	86	1	86	1.89e-31	111
tr|A0A333FHM5|Release	GCF_000069965.1_WP_004245453.1	57.831	88	86	94	83	35	0	1	83	1	83	2.59e-31	110
tr|A0A333FHM5|Release	GCF_011045835.1_WP_075671674.1	57.831	88	86	94	83	35	0	1	83	1	83	4.04e-31	110
tr|A0A333FHM5|Release	GCF_021365465.1_WP_016190321.1	58.140	88	87	98	86	36	0	1	86	1	86	4.78e-31	109
tr|A0A333FHM5|Release	GCF_008693645.1_WP_137347870.1	31.818	88	89	99	88	59	1	1	87	1	88	6.05e-31	109
tr|A0A333FHM5|Release	GCF_000517405.1_WP_038469034.1	56.250	88	83	91	80	35	0	5	84	2	81	6.51e-31	109
tr|A0A333FHM5|Release	GCF_002504285.1_WP_005282992.1	62.791	88	86	98	86	32	0	1	86	1	86	6.76e-31	109
tr|A0A333FHM5|Release	GCF_017743015.1_WP_209027287.1	62.791	88	88	98	86	32	0	1	86	1	86	6.90e-31	109
tr|A0A333FHM5|Release	GCF_000968195.1_WP_045972480.1	59.770	88	87	98	87	34	1	1	86	1	87	7.40e-31	109
tr|A0A333FHM5|Release	GCF_022369495.1_WP_072064250.1	56.627	88	86	94	83	36	0	1	83	1	83	9.29e-31	109
tr|A0A333FHM5|Release	GCF_002952315.1_WP_012667243.1	50.588	88	87	97	85	42	0	1	85	1	85	1.11e-30	109
tr|A0A333FHM5|Release	GCF_000214235.1_WP_004952197.1	54.762	88	85	95	84	38	0	3	86	1	84	1.25e-30	108
tr|A0A333FHM5|Release	GCF_001721185.1_WP_069317984.1	63.953	88	87	98	86	31	0	1	86	1	86	2.54e-30	108
tr|A0A333FHM5|Release	GCF_016026395.1_WP_024524235.1	61.628	88	86	98	86	33	0	1	86	1	86	2.90e-30	107
tr|A0A333FHM5|Release	GCF_002355475.1_WP_004421315.1	34.524	88	91	94	84	54	1	3	85	1	84	2.93e-30	107
tr|A0A333FHM5|Release	GCF_001006005.1_WP_223499701.1	53.571	88	85	95	84	39	0	3	86	1	84	2.96e-30	107
tr|A0A333FHM5|Release	GCF_008364325.2_WP_230090436.1	55.952	88	85	95	84	37	0	3	86	1	84	4.03e-30	107
tr|A0A333FHM5|Release	GCF_001597285.1_WP_061903727.1	35.802	88	92	91	81	51	1	6	85	3	83	7.74e-30	107
tr|A0A333FHM5|Release	GCF_004295645.1_WP_228350951.1	63.953	88	88	97	86	30	1	1	85	1	86	7.79e-30	106
tr|A0A333FHM5|Release	GCF_005671395.1_WP_138095872.1	60.256	88	86	89	78	31	0	1	78	1	78	8.74e-30	106
tr|A0A333FHM5|Release	GCF_013200955.2_WP_173204463.1	32.143	88	91	94	84	56	1	3	85	1	84	9.50e-30	106
tr|A0A333FHM5|Release	GCF_017329545.1_WP_047884589.1	27.586	88	95	98	87	62	1	3	88	1	87	9.68e-30	106
tr|A0A333FHM5|Release	GCF_900478135.1_WP_111739359.1	65.116	88	88	97	86	29	1	1	85	1	86	1.48e-29	106
tr|A0A333FHM5|Release	GCF_003074995.2_WP_015870269.1	59.036	88	86	94	83	34	0	1	83	1	83	1.59e-29	105
tr|A0A333FHM5|Release	GCF_004684345.1_WP_135321947.1	31.461	88	93	100	89	60	1	1	88	1	89	1.85e-29	105
tr|A0A333FHM5|Release	GCF_000968175.1_WP_045959360.1	59.770	88	88	98	87	34	1	1	86	1	87	2.45e-29	105
tr|A0A333FHM5|Release	GCF_003096015.2_WP_230514010.1	63.953	88	88	97	86	30	1	1	85	1	86	2.76e-29	105
tr|A0A333FHM5|Release	GCF_014295015.1_WP_013185414.1	62.069	88	87	98	87	32	1	1	86	1	87	3.81e-29	105
tr|A0A333FHM5|Release	GCF_000733715.2_WP_017362912.1	31.765	88	90	95	85	57	1	5	88	2	86	4.12e-29	105
tr|A0A333FHM5|Release	GCF_024205225.1_WP_195881696.1	30.588	88	90	95	85	58	1	5	88	2	86	5.10e-29	104
tr|A0A333FHM5|Release	GCF_004116975.1_WP_064720954.1	60.241	88	86	94	83	33	0	1	83	1	83	5.26e-29	104
tr|A0A333FHM5|Release	GCF_900638655.1_WP_047781753.1	61.628	88	88	97	86	32	1	1	85	1	86	7.74e-29	104
tr|A0A333FHM5|Release	GCF_000297075.2_WP_003461742.1	31.765	88	90	95	85	57	1	5	88	2	86	1.12e-28	103
tr|A0A333FHM5|Release	GCF_013423785.1_WP_180308358.1	32.955	88	88	100	88	59	0	1	88	1	88	1.23e-28	103
tr|A0A333FHM5|Release	GCF_013409125.2_WP_099525265.1	31.765	88	90	95	85	57	1	5	88	2	86	1.55e-28	103
tr|A0A333FHM5|Release	GCF_008807375.1_WP_151138908.1	32.143	88	91	94	84	56	1	3	85	1	84	1.65e-28	103
tr|A0A333FHM5|Release	GCF_001708425.1_WP_055136127.1	32.927	88	94	92	82	54	1	5	85	2	83	2.94e-28	103
tr|A0A333FHM5|Release	GCF_011397855.1_WP_044414183.1	32.927	88	90	92	82	54	1	5	85	2	83	3.20e-28	102
tr|A0A333FHM5|Release	GCF_019047765.1_WP_040231149.1	27.273	88	89	99	88	63	1	1	87	1	88	3.40e-28	102
tr|A0A333FHM5|Release	GCF_001594225.2_WP_064379396.1	32.927	88	92	92	82	54	1	5	85	2	83	6.68e-28	102
tr|A0A333FHM5|Release	GCF_021029445.1_WP_230924827.1	29.630	88	89	92	81	57	0	5	85	2	82	1.19e-27	101
tr|A0A333FHM5|Release	GCF_900682675.2_WP_069898892.1	34.146	88	94	92	82	53	1	5	85	2	83	1.24e-27	101
tr|A0A333FHM5|Release	GCF_017167985.1_WP_079784061.1	32.941	88	90	95	85	56	1	5	88	2	86	1.27e-27	101
tr|A0A333FHM5|Release	GCF_025402875.1_WP_011791024.1	28.049	88	90	92	82	58	1	5	85	2	83	3.70e-27	100
tr|A0A333FHM5|Release	GCF_017915135.1_WP_210390879.1	31.707	88	90	92	82	55	1	5	85	2	83	5.50e-27	99.8
tr|A0A333FHM5|Release	GCF_017167985.1_WP_093053415.1	31.707	88	92	92	82	55	1	5	85	2	83	8.69e-27	99.2
tr|A0A333FHM5|Release	GCF_016834455.1_WP_203325205.1	31.707	88	86	92	82	55	1	5	85	2	83	8.71e-27	99.2
tr|A0A333FHM5|Release	GCF_012767755.2_WP_173176508.1	30.588	88	91	95	85	55	2	5	88	2	83	1.79e-26	98.3
tr|A0A333FHM5|Release	GCF_003957745.1_WP_126168493.1	32.927	88	87	92	82	54	1	5	85	2	83	2.21e-26	98.1
tr|A0A333FHM5|Release	GCF_000015245.1_WP_011761423.1	31.707	88	86	92	82	55	1	5	85	2	83	3.18e-26	97.8
tr|A0A333FHM5|Release	GCF_002355475.1_WP_003455993.1	28.750	88	90	90	80	56	1	7	85	2	81	3.47e-26	97.5
tr|A0A333FHM5|Release	GCF_006742785.1_WP_172630283.1	23.171	88	88	92	82	62	1	8	88	3	84	5.44e-26	97.2
tr|A0A333FHM5|Release	GCF_008033135.1_WP_148717358.1	27.160	88	87	92	81	59	0	5	85	2	82	7.51e-26	96.7
tr|A0A333FHM5|Release	GCF_024971755.1_WP_259474826.1	31.707	88	88	92	82	55	1	5	85	2	83	8.09e-26	96.7
tr|A0A333FHM5|Release	GCF_000178875.2_WP_012197738.1	32.911	88	90	89	79	52	1	5	82	2	80	9.68e-26	96.4
tr|A0A333FHM5|Release	GCF_024346675.1_WP_048897676.1	22.353	88	86	95	85	65	1	3	86	1	85	9.90e-26	96.4
tr|A0A333FHM5|Release	GCF_024347355.1_WP_105024956.1	24.051	88	83	89	79	59	1	10	87	2	80	1.04e-25	96.4
tr|A0A333FHM5|Release	GCF_009938225.1_WP_075649723.1	26.250	88	82	90	80	58	1	10	88	2	81	1.70e-25	95.8
tr|A0A333FHM5|Release	GCF_008807375.1_WP_151133519.1	26.250	88	90	90	80	58	1	7	85	2	81	2.09e-25	95.5
tr|A0A333FHM5|Release	GCF_017354925.1_WP_207321174.1	30.588	88	87	95	85	58	1	5	88	2	86	2.14e-25	95.5
tr|A0A333FHM5|Release	GCF_002204915.1_WP_052690899.1	22.785	88	101	89	79	60	1	10	87	21	99	2.37e-25	95.8
tr|A0A333FHM5|Release	GCF_019670705.1_WP_100146025.1	32.927	88	92	92	82	54	1	5	85	2	83	3.72e-25	95.0
tr|A0A333FHM5|Release	GCF_009730655.1_WP_156020461.1	32.927	88	92	92	82	54	1	5	85	2	83	4.61e-25	94.7
tr|A0A333FHM5|Release	GCF_017354965.1_WP_207380278.1	30.588	88	87	95	85	58	1	5	88	2	86	5.18e-25	94.7
tr|A0A333FHM5|Release	GCF_022371215.1_WP_239718047.1	24.051	88	83	89	79	59	1	10	87	2	80	6.58e-25	94.1
tr|A0A333FHM5|Release	GCF_012767755.2_WP_173171843.1	28.049	88	90	92	82	58	1	5	85	2	83	7.75e-25	94.1
tr|A0A333FHM5|Release	GCF_024347475.1_WP_239840920.1	22.785	88	83	89	79	60	1	10	87	2	80	1.24e-24	93.6
tr|A0A333FHM5|Release	GCF_000009145.1_WP_041356315.1	23.750	88	90	90	80	60	1	10	88	6	85	1.35e-24	93.6
tr|A0A333FHM5|Release	GCF_014524625.1_WP_009050814.1	23.171	88	92	92	82	62	1	5	85	2	83	1.77e-24	93.3
tr|A0A333FHM5|Release	GCF_009938185.1_WP_162048373.1	24.051	88	82	89	79	59	1	10	87	2	80	1.93e-24	93.0
tr|A0A333FHM5|Release	GCF_008329985.2_WP_149283950.1	26.250	88	81	90	80	58	1	10	88	2	81	2.51e-24	92.7
tr|A0A333FHM5|Release	GCF_019669905.1_WP_054759186.1	24.691	88	79	91	81	56	2	8	87	3	79	2.82e-24	92.4
tr|A0A333FHM5|Release	GCF_003025345.2_WP_003155955.1	30.682	88	91	93	88	55	1	5	86	2	89	4.12e-24	92.4
tr|A0A333FHM5|Release	GCF_020991025.1_WP_152109250.1	39.759	88	83	93	83	49	1	3	84	1	83	4.43e-24	92.2
tr|A0A333FHM5|Release	GCF_002407485.1_WP_096780111.1	26.582	88	81	89	79	57	1	10	87	2	80	4.48e-24	92.2
tr|A0A333FHM5|Release	GCF_014905115.1_WP_193151849.1	29.114	88	81	89	79	55	1	10	87	2	80	4.89e-24	91.9
tr|A0A333FHM5|Release	GCF_001007935.1_WP_046849946.1	19.753	88	84	91	81	64	1	8	87	4	84	5.67e-24	91.9
tr|A0A333FHM5|Release	GCF_001558415.2_WP_061055374.1	23.750	88	83	90	80	60	1	10	88	2	81	7.30e-24	91.6
tr|A0A333FHM5|Release	GCF_000214665.1_WP_013819542.1	22.785	88	83	89	79	59	2	10	87	6	83	8.77e-24	91.3
tr|A0A333FHM5|Release	GCF_029457395.1_WP_024766443.1	29.070	88	92	92	86	56	1	5	85	2	87	9.07e-24	91.6
tr|A0A333FHM5|Release	GCF_002215585.1_WP_088903590.1	29.630	88	89	92	81	57	0	5	85	2	82	1.03e-23	91.3
tr|A0A333FHM5|Release	GCF_019670125.1_WP_221076876.1	26.582	88	81	89	79	57	1	10	87	2	80	1.95e-23	90.5
tr|A0A333FHM5|Release	GCF_002005305.1_WP_077753428.1	28.049	88	86	92	82	58	1	5	85	2	83	2.57e-23	90.2
tr|A0A333FHM5|Release	GCF_001007875.1_WP_046858354.1	25.316	88	80	89	79	58	1	10	87	2	80	3.48e-23	89.9
tr|A0A333FHM5|Release	GCF_019670105.1_WP_040307707.1	22.500	88	81	90	80	61	1	10	88	2	81	4.38e-23	89.6
tr|A0A333FHM5|Release	GCF_024347595.1_WP_176681244.1	25.316	88	83	89	79	58	1	10	87	2	80	5.49e-23	89.3
tr|A0A333FHM5|Release	GCF_000968535.2_WP_014147785.1	27.160	88	84	91	81	57	2	8	87	4	83	5.59e-23	89.3
tr|A0A333FHM5|Release	GCF_001558255.2_WP_005504861.1	25.926	88	82	90	81	58	2	10	88	2	82	5.98e-23	89.3
tr|A0A333FHM5|Release	GCF_024360925.2_WP_255188929.1	25.316	88	83	89	79	57	2	10	87	6	83	7.19e-23	89.1
tr|A0A333FHM5|Release	GCF_009068765.1_WP_151900329.1	26.582	88	81	89	79	57	1	10	87	2	80	7.29e-23	89.1
tr|A0A333FHM5|Release	GCF_024347635.1_WP_139683960.1	22.785	88	83	89	79	60	1	10	87	2	80	7.73e-23	89.1
tr|A0A333FHM5|Release	GCF_002214395.1_WP_010453422.1	21.250	88	81	90	80	62	1	10	88	2	81	9.03e-23	88.8
tr|A0A333FHM5|Release	GCF_003258315.1_WP_111337788.1	25.610	88	88	92	82	60	1	8	88	4	85	9.29e-23	88.8
tr|A0A333FHM5|Release	GCF_012971725.1_WP_169940133.1	29.070	88	92	92	86	56	1	5	85	2	87	9.29e-23	89.1
tr|A0A333FHM5|Release	GCF_024347455.1_WP_135458404.1	21.519	88	83	89	79	61	1	10	87	2	80	1.31e-22	88.5
tr|A0A333FHM5|Release	GCF_000785705.2_WP_036272019.1	24.359	88	82	89	78	58	1	10	87	6	82	1.35e-22	88.2
tr|A0A333FHM5|Release	GCF_009938205.1_WP_075706454.1	26.582	88	82	89	79	57	1	10	87	2	80	1.36e-22	88.2
tr|A0A333FHM5|Release	GCF_002849875.1_WP_232379112.1	26.744	88	113	93	86	59	1	6	87	28	113	1.36e-22	89.1
tr|A0A333FHM5|Release	GCF_000091465.1_WP_004733849.1	21.519	88	83	89	79	61	1	10	87	2	80	1.47e-22	88.2
tr|A0A333FHM5|Release	GCF_001995825.2_WP_017057338.1	21.519	88	83	89	79	61	1	10	87	2	80	1.48e-22	88.2
tr|A0A333FHM5|Release	GCF_024347035.1_WP_102941394.1	25.316	88	81	89	79	58	1	10	87	2	80	1.55e-22	88.2
tr|A0A333FHM5|Release	GCF_000148645.1_WP_013347076.1	29.487	88	80	88	78	54	1	12	88	3	80	1.66e-22	87.9
tr|A0A333FHM5|Release	GCF_024347655.1_WP_060467732.1	21.519	88	83	89	79	61	1	10	87	2	80	1.74e-22	87.9
tr|A0A333FHM5|Release	GCF_000014885.1_WP_020912292.1	30.120	88	87	93	83	57	1	5	86	2	84	1.84e-22	88.2
tr|A0A333FHM5|Release	GCF_004358345.1_WP_121852852.1	33.333	88	76	81	72	47	1	3	73	1	72	3.23e-22	87.4
tr|A0A333FHM5|Release	GCF_003584645.1_WP_197716612.1	25.610	88	80	89	82	54	2	3	80	1	79	3.71e-22	87.1
tr|A0A333FHM5|Release	GCF_900233005.1_WP_102521318.1	18.750	88	81	90	80	64	1	10	88	2	81	4.75e-22	86.8
tr|A0A333FHM5|Release	GCF_016026875.1_WP_045525981.1	30.435	88	89	78	69	45	1	5	73	2	67	5.26e-22	87.1
tr|A0A333FHM5|Release	GCF_024494545.1_WP_256384876.1	23.077	88	81	88	78	59	1	11	87	3	80	5.27e-22	86.8
tr|A0A333FHM5|Release	GCF_024582835.1_WP_257083279.1	20.253	88	87	89	79	62	1	10	87	2	80	6.97e-22	86.5
tr|A0A333FHM5|Release	GCF_000772105.1_WP_004748349.1	21.519	88	81	89	79	61	1	10	87	2	80	7.07e-22	86.5
tr|A0A333FHM5|Release	GCF_001831495.1_WP_068547707.1	25.316	88	81	89	79	58	1	10	87	2	80	7.71e-22	86.2
tr|A0A333FHM5|Release	GCF_024362845.1_WP_255230807.1	22.785	88	82	89	79	60	1	10	87	2	80	9.13e-22	86.2
tr|A0A333FHM5|Release	GCF_014879975.1_WP_192888672.1	22.785	88	83	89	79	60	1	10	87	2	80	9.74e-22	86.2
tr|A0A333FHM5|Release	GCF_000016065.1_WP_011864074.1	28.049	88	93	92	82	57	2	5	85	2	82	1.02e-21	86.2
tr|A0A333FHM5|Release	GCF_001596155.1_WP_068342236.1	24.419	88	90	93	86	57	4	3	84	1	82	1.11e-21	86.2
tr|A0A333FHM5|Release	GCF_020405345.1_WP_017780573.1	30.000	88	89	80	70	46	1	5	74	2	68	1.15e-21	86.0
tr|A0A333FHM5|Release	GCF_000146165.2_WP_164925808.1	31.325	88	89	92	83	55	2	5	85	2	84	1.37e-21	86.0
tr|A0A333FHM5|Release	GCF_004328865.1_WP_104643907.1	31.646	88	83	89	79	53	1	10	87	2	80	1.44e-21	85.7
tr|A0A333FHM5|Release	GCF_000014765.1_WP_011633385.1	20.732	88	89	92	82	64	1	8	88	3	84	1.69e-21	85.7
tr|A0A333FHM5|Release	GCF_019797925.1_WP_193521737.1	25.641	88	80	89	78	58	0	11	88	3	80	1.69e-21	85.4
tr|A0A333FHM5|Release	GCF_008369605.1_WP_000253074.1	25.316	88	81	89	79	58	1	10	87	2	80	1.80e-21	85.4
tr|A0A333FHM5|Release	GCF_001456255.1_WP_020335096.1	21.519	88	81	89	79	61	1	10	87	2	80	2.10e-21	85.4
tr|A0A333FHM5|Release	GCF_024746855.1_WP_260492542.1	23.077	88	79	89	78	60	0	10	87	2	79	2.23e-21	85.1
tr|A0A333FHM5|Release	GCF_003966655.1_WP_113527441.1	22.222	88	77	82	72	56	0	3	74	1	72	2.35e-21	85.1
tr|A0A333FHM5|Release	GCF_013462805.1_WP_009566961.1	22.222	88	77	82	72	56	0	3	74	1	72	2.47e-21	85.1
tr|A0A333FHM5|Release	GCF_001677435.1_WP_068615618.1	29.870	88	90	85	77	51	3	3	77	1	76	2.50e-21	85.1
tr|A0A333FHM5|Release	GCF_005931095.1_WP_017839868.1	24.691	88	84	91	81	59	2	8	87	4	83	2.68e-21	85.1
tr|A0A333FHM5|Release	GCF_006337165.1_WP_139515111.1	32.099	88	82	86	81	47	2	3	78	1	78	3.08e-21	84.8
tr|A0A333FHM5|Release	GCF_002906475.1_WP_012130247.1	21.519	88	81	89	79	61	1	10	87	2	80	3.22e-21	84.8
tr|A0A333FHM5|Release	GCF_003668795.1_WP_054981706.1	30.380	88	83	89	79	54	1	10	87	2	80	4.73e-21	84.3
tr|A0A333FHM5|Release	GCF_002021755.1_WP_005434844.1	22.785	88	81	89	79	60	1	10	87	2	80	5.36e-21	84.3
tr|A0A333FHM5|Release	GCF_001507645.1_WP_068195976.1	24.444	88	90	98	90	61	2	3	88	1	87	5.61e-21	84.3
tr|A0A333FHM5|Release	GCF_001020955.1_WP_047250467.1	30.000	88	82	86	80	52	2	1	76	1	80	5.81e-21	84.3
tr|A0A333FHM5|Release	GCF_020149575.1_WP_224431657.1	30.435	88	85	78	69	45	1	6	74	3	68	6.68e-21	84.0
tr|A0A333FHM5|Release	GCF_001999225.1_WP_077537996.1	26.582	88	82	89	79	57	1	10	87	2	80	6.81e-21	84.0
tr|A0A333FHM5|Release	GCF_000238395.3_WP_010553578.1	30.380	88	83	89	79	54	1	10	87	2	80	6.87e-21	84.0
tr|A0A333FHM5|Release	GCF_005877035.1_WP_039486662.1	31.646	88	83	89	79	53	1	10	87	2	80	7.21e-21	84.0
tr|A0A333FHM5|Release	GCF_024347495.1_WP_137371745.1	22.785	88	80	89	79	60	1	10	87	2	80	8.69e-21	83.7
tr|A0A333FHM5|Release	GCF_000770115.1_WP_069687890.1	22.785	88	81	89	79	60	1	10	87	2	80	9.12e-21	83.7
tr|A0A333FHM5|Release	GCF_002221525.1_WP_089349457.1	30.380	88	83	89	79	54	1	10	87	2	80	9.22e-21	83.7
tr|A0A333FHM5|Release	GCF_028355655.1_WP_087756847.1	28.986	88	84	78	69	46	1	5	73	2	67	9.38e-21	83.7
tr|A0A333FHM5|Release	GCF_020423125.1_WP_226170850.1	28.986	88	84	78	69	46	1	6	74	3	68	1.02e-20	83.4
tr|A0A333FHM5|Release	GCF_019670485.1_WP_221071211.1	26.582	88	81	89	79	57	1	10	87	2	80	1.54e-20	83.2
tr|A0A333FHM5|Release	GCF_027625995.1_WP_270126807.1	29.630	88	82	86	81	49	2	3	78	1	78	1.66e-20	82.9
tr|A0A333FHM5|Release	GCF_000019525.1_WP_012323084.1	26.923	88	81	88	78	56	1	10	86	2	79	1.68e-20	82.9
tr|A0A333FHM5|Release	GCF_000801295.1_WP_171816254.1	30.380	88	99	86	79	52	1	1	76	1	79	2.19e-20	83.2
tr|A0A333FHM5|Release	GCF_000024825.1_WP_005460845.1	22.785	88	81	89	79	60	1	10	87	2	80	2.39e-20	82.6
tr|A0A333FHM5|Release	GCF_001455205.1_WP_062560013.1	25.316	88	84	89	79	57	2	10	87	6	83	2.85e-20	82.3
tr|A0A333FHM5|Release	GCF_900637545.1_WP_042651794.1	31.429	88	84	80	70	45	1	5	74	2	68	4.24e-20	82.0
tr|A0A333FHM5|Release	GCF_013283835.1_WP_071626507.1	24.675	88	83	84	77	52	2	3	76	1	74	4.77e-20	81.7
tr|A0A333FHM5|Release	GCF_024347675.1_WP_261835500.1	27.848	88	81	89	79	56	1	10	87	2	80	4.95e-20	81.7
tr|A0A333FHM5|Release	GCF_003515105.1_WP_036973086.1	38.028	88	73	80	71	43	1	6	75	2	72	4.96e-20	81.7
tr|A0A333FHM5|Release	GCF_009363415.1_WP_152430616.1	20.000	88	84	90	80	63	1	10	88	2	81	4.97e-20	81.7
tr|A0A333FHM5|Release	GCF_010093065.1_WP_238430213.1	27.059	88	83	91	85	54	3	1	80	2	83	6.88e-20	81.5
tr|A0A333FHM5|Release	GCF_016127195.1_WP_042032742.1	27.536	88	89	78	69	47	1	5	73	2	67	7.34e-20	81.5
tr|A0A333FHM5|Release	GCF_008632455.1_WP_150048082.1	23.457	88	84	91	81	60	2	9	88	5	84	7.64e-20	81.5
tr|A0A333FHM5|Release	GCF_004001245.1_WP_127478562.1	30.864	88	85	86	81	51	2	1	76	1	81	7.65e-20	81.5
tr|A0A333FHM5|Release	GCF_004355185.1_WP_133271280.1	34.177	88	81	84	79	44	2	5	78	2	77	1.00e-19	80.9
tr|A0A333FHM5|Release	GCF_008931805.1_WP_019441510.1	24.051	88	81	89	79	59	1	10	87	2	80	1.20e-19	80.9
tr|A0A333FHM5|Release	GCF_000576555.1_WP_044000633.1	32.099	88	83	86	81	47	2	3	78	2	79	1.25e-19	80.9
tr|A0A333FHM5|Release	GCF_002887615.1_WP_038869703.1	21.519	88	81	89	79	61	1	10	87	2	80	1.34e-19	80.6
tr|A0A333FHM5|Release	GCF_019703835.1_WP_087020305.1	25.974	88	79	88	77	54	1	12	88	3	76	1.38e-19	80.6
tr|A0A333FHM5|Release	GCF_008693705.1_WP_127008315.1	28.986	88	84	78	69	46	1	5	73	2	67	1.43e-19	80.6
tr|A0A333FHM5|Release	GCF_003574965.1_WP_119445661.1	30.864	88	82	86	81	48	2	3	78	1	78	1.88e-19	80.3
tr|A0A333FHM5|Release	GCF_008364325.2_WP_020826409.1	23.171	88	84	92	82	59	2	5	85	2	80	1.90e-19	80.3
tr|A0A333FHM5|Release	GCF_008728635.1_WP_151087836.1	19.767	88	90	93	86	61	4	3	84	1	82	2.05e-19	80.3
tr|A0A333FHM5|Release	GCF_003990335.1_WP_127025819.1	21.429	88	91	80	70	55	0	11	80	7	76	2.19e-19	80.3
tr|A0A333FHM5|Release	GCF_013137895.1_WP_135435790.1	31.707	88	83	88	82	47	3	1	77	1	78	2.19e-19	80.1
tr|A0A333FHM5|Release	GCF_020844025.1_WP_215848879.1	22.222	88	77	82	72	56	0	3	74	1	72	2.34e-19	80.1
tr|A0A333FHM5|Release	GCF_022811645.1_WP_243511723.1	23.333	88	90	98	90	62	2	3	88	1	87	2.54e-19	80.1
tr|A0A333FHM5|Release	GCF_006364355.1_WP_004727652.1	26.250	88	83	90	80	58	1	10	88	2	81	2.76e-19	79.8
tr|A0A333FHM5|Release	GCF_001431725.1_WP_021820278.1	20.253	88	81	89	79	62	1	10	87	2	80	2.82e-19	79.8
tr|A0A333FHM5|Release	GCF_003015165.1_WP_106887831.1	27.143	88	84	80	70	48	1	5	74	2	68	2.95e-19	79.8
tr|A0A333FHM5|Release	GCF_014169735.1_WP_134997272.1	24.638	88	86	78	69	49	1	6	74	3	68	3.22e-19	79.8
tr|A0A333FHM5|Release	GCF_003568825.1_WP_040644076.1	21.951	88	83	89	82	60	1	10	87	2	83	3.24e-19	79.8
tr|A0A333FHM5|Release	GCF_002215215.1_WP_088918776.1	33.333	88	101	94	84	54	2	5	87	15	97	3.46e-19	80.1
tr|A0A333FHM5|Release	GCF_009662475.1_WP_031573754.1	23.529	88	79	77	68	52	0	3	70	1	68	3.87e-19	79.5
tr|A0A333FHM5|Release	GCF_022827545.1_WP_243798205.1	32.099	88	82	86	81	47	2	3	78	1	78	4.96e-19	79.2
tr|A0A333FHM5|Release	GCF_017638925.1_WP_208844867.1	26.316	88	81	86	76	56	0	11	86	3	78	6.29e-19	78.9
tr|A0A333FHM5|Release	GCF_009755585.1_WP_157030071.1	24.675	88	85	83	77	51	2	3	75	1	74	6.53e-19	78.9
tr|A0A333FHM5|Release	GCF_002762215.1_WP_085750011.1	26.582	88	87	85	79	51	3	4	78	3	78	7.26e-19	78.9
tr|A0A333FHM5|Release	GCF_019977755.1_WP_126608378.1	26.190	88	103	88	84	55	2	10	86	16	99	7.75e-19	79.2
tr|A0A333FHM5|Release	GCF_016026615.1_WP_197928313.1	27.536	88	89	78	69	47	1	5	73	2	67	9.10e-19	78.7
tr|A0A333FHM5|Release	GCF_003967195.1_WP_172597571.1	30.000	88	83	85	80	51	2	3	77	2	81	1.33e-18	78.1
tr|A0A333FHM5|Release	GCF_000024005.1_WP_012793320.1	27.381	88	84	91	84	54	2	2	81	3	83	1.43e-18	78.1
tr|A0A333FHM5|Release	GCF_012295615.1_WP_007018284.1	17.500	88	81	90	80	65	1	10	88	2	81	1.53e-18	78.1
tr|A0A333FHM5|Release	GCF_002157895.1_WP_227874980.1	23.750	88	82	90	80	60	1	10	88	3	82	1.63e-18	77.8
tr|A0A333FHM5|Release	GCF_000940995.1_WP_082060442.1	22.989	88	93	98	87	66	1	3	88	1	87	1.93e-18	77.8
tr|A0A333FHM5|Release	GCF_026427595.1_WP_251812951.1	24.691	88	88	86	81	56	2	12	87	7	87	2.80e-18	77.5
tr|A0A333FHM5|Release	GCF_013177675.1_WP_172128285.1	23.377	88	81	84	77	53	2	3	76	1	74	3.08e-18	77.2
tr|A0A333FHM5|Release	GCF_010093065.1_WP_162331416.1	25.301	88	84	90	83	55	2	3	81	4	83	3.37e-18	77.2
tr|A0A333FHM5|Release	GCF_000212735.1_WP_013764159.1	26.582	88	83	85	79	51	2	1	75	1	76	3.48e-18	77.0
tr|A0A333FHM5|Release	GCF_013343005.1_WP_078482823.1	28.395	88	84	86	81	53	2	3	78	1	81	3.48e-18	77.2
tr|A0A333FHM5|Release	GCF_003149515.1_WP_109656005.1	22.093	88	90	93	86	59	3	3	84	1	82	4.60e-18	77.0
tr|A0A333FHM5|Release	GCF_004214795.1_WP_130234502.1	21.795	88	78	85	78	55	2	3	77	1	75	6.23e-18	76.4
tr|A0A333FHM5|Release	GCF_000021985.1_WP_012639500.1	32.432	88	82	78	74	45	2	3	71	1	74	6.66e-18	76.4
tr|A0A333FHM5|Release	GCF_003346815.1_WP_114840342.1	24.051	88	82	86	79	54	2	3	78	1	76	7.21e-18	76.4
tr|A0A333FHM5|Release	GCF_007197555.1_WP_144048375.1	28.409	88	94	92	88	56	2	5	85	2	89	8.96e-18	76.4
tr|A0A333FHM5|Release	GCF_003353065.1_WP_114983154.1	27.632	88	84	82	76	48	3	1	72	1	73	1.02e-17	75.8
tr|A0A333FHM5|Release	GCF_003970675.1_WP_126615366.1	33.824	88	76	77	68	41	2	7	74	10	73	1.82e-17	75.3
tr|A0A333FHM5|Release	GCF_018736065.1_WP_144074266.1	32.353	88	76	77	68	42	2	7	74	10	73	1.85e-17	75.0
tr|A0A333FHM5|Release	GCF_009938015.1_WP_223264517.1	30.380	88	90	84	79	50	3	1	74	1	79	2.05e-17	75.3
tr|A0A333FHM5|Release	GCF_001651805.1_WP_067384150.1	33.803	88	78	75	71	42	3	7	72	4	74	2.07e-17	75.0
tr|A0A333FHM5|Release	GCF_902810445.1_WP_197744199.1	22.078	88	78	83	77	53	3	5	77	2	75	2.12e-17	75.0
tr|A0A333FHM5|Release	GCF_000788395.1_WP_038641921.1	24.691	88	85	91	81	58	2	8	87	3	81	2.22e-17	75.0
tr|A0A333FHM5|Release	GCF_002142475.1_WP_026148861.1	28.571	88	86	83	77	48	2	5	77	2	75	2.60e-17	75.0
tr|A0A333FHM5|Release	GCF_013177635.1_WP_129095542.1	22.973	88	72	81	74	51	2	3	73	1	71	2.90e-17	74.4
tr|A0A333FHM5|Release	GCF_013201725.1_WP_014475480.1	25.974	88	74	84	77	51	2	3	76	1	74	3.48e-17	74.4
tr|A0A333FHM5|Release	GCF_002355735.1_WP_096359192.1	25.000	88	83	82	76	53	2	4	75	7	82	4.14e-17	74.4
tr|A0A333FHM5|Release	GCF_002355415.1_WP_148665551.1	30.137	88	87	78	73	47	2	6	74	13	85	5.12e-17	74.2
tr|A0A333FHM5|Release	GCF_013201935.1_WP_129014602.1	22.973	88	72	81	74	51	2	3	73	1	71	5.26e-17	73.9
tr|A0A333FHM5|Release	GCF_000828615.1_WP_041064380.1	27.500	88	80	85	80	53	3	1	75	1	80	5.76e-17	73.9
tr|A0A333FHM5|Release	GCF_003346775.1_WP_114843067.1	24.675	88	84	84	77	52	2	3	76	1	74	6.63e-17	73.9
tr|A0A333FHM5|Release	GCF_015209785.1_WP_193988300.1	39.706	88	73	76	68	40	1	6	72	2	69	7.89e-17	73.6
tr|A0A333FHM5|Release	GCF_000019185.1_WP_012277931.1	19.388	88	100	89	98	59	2	10	87	2	99	8.30e-17	73.9
tr|A0A333FHM5|Release	GCF_001955715.1_WP_029708890.1	26.027	88	80	78	73	47	2	5	73	2	71	8.71e-17	73.6
tr|A0A333FHM5|Release	GCF_016613475.2_WP_200606805.1	22.368	88	90	82	76	52	2	4	75	5	77	1.11e-16	73.3
tr|A0A333FHM5|Release	GCF_003544915.1_WP_118918525.1	25.333	88	73	82	75	50	2	3	74	1	72	1.12e-16	73.0
tr|A0A333FHM5|Release	GCF_004028275.1_WP_128384077.1	22.973	88	77	80	74	53	2	9	78	2	75	1.41e-16	73.0
tr|A0A333FHM5|Release	GCF_002557795.1_WP_098194977.1	23.377	88	89	81	77	50	2	6	76	7	80	1.64e-16	73.0
tr|A0A333FHM5|Release	GCF_002157225.2_WP_086934278.1	26.027	88	80	83	73	54	0	10	82	5	77	2.82e-16	72.2
tr|A0A333FHM5|Release	GCF_003063625.1_WP_108601906.1	30.380	88	85	86	79	52	1	10	85	5	83	3.27e-16	72.2
tr|A0A333FHM5|Release	GCF_010119975.1_WP_162445115.1	23.750	88	365	86	80	53	2	4	79	8	83	3.57e-16	76.7
tr|A0A333FHM5|Release	GCF_002218045.2_WP_089137819.1	38.889	88	79	77	72	40	2	6	73	5	76	4.43e-16	71.6
tr|A0A333FHM5|Release	GCF_013201665.1_WP_128359868.1	18.987	88	81	86	79	58	2	3	78	1	76	5.25e-16	71.6
tr|A0A333FHM5|Release	GCF_001442805.1_WP_057942092.1	23.077	88	88	84	78	53	2	2	75	3	77	5.68e-16	71.6
tr|A0A333FHM5|Release	GCF_020091585.1_WP_224339804.1	22.619	88	82	91	84	58	2	5	84	2	82	5.87e-16	71.3
tr|A0A333FHM5|Release	GCF_004421105.1_WP_134356453.1	21.795	88	80	84	78	54	3	5	78	2	76	6.19e-16	71.3
tr|A0A333FHM5|Release	GCF_008807855.1_WP_063240334.1	23.077	88	83	84	78	53	2	2	75	3	77	7.45e-16	71.1
tr|A0A333FHM5|Release	GCF_000026085.1_WP_041454550.1	38.028	88	73	78	71	41	3	6	74	2	71	8.15e-16	70.8
tr|A0A333FHM5|Release	GCF_005166025.1_WP_137090244.1	25.000	88	84	82	76	50	2	3	74	1	73	1.15e-15	70.8
tr|A0A333FHM5|Release	GCF_024347195.1_WP_271272618.1	33.333	88	77	77	72	44	2	5	72	2	73	1.30e-15	70.5
tr|A0A333FHM5|Release	GCF_000321415.2_WP_015260329.1	34.091	88	93	95	88	52	3	1	84	1	86	1.46e-15	70.5
tr|A0A333FHM5|Release	GCF_000014785.1_WP_011630183.1	32.468	88	83	83	77	48	2	4	76	7	83	1.77e-15	70.2
tr|A0A333FHM5|Release	GCF_000143085.1_WP_013221711.1	23.377	88	82	83	77	52	3	5	77	2	75	1.87e-15	70.2
tr|A0A333FHM5|Release	GCF_008122265.1_WP_148863603.1	19.737	88	84	82	76	54	2	5	76	2	74	3.37e-15	69.4
tr|A0A333FHM5|Release	GCF_002356115.1_WP_096526481.1	18.667	88	78	81	75	54	2	5	75	2	73	3.49e-15	69.4
tr|A0A333FHM5|Release	GCF_001050135.1_WP_048644179.1	20.253	88	88	85	79	56	3	1	75	1	76	4.69e-15	69.1
tr|A0A333FHM5|Release	GCF_000012325.1_WP_011045621.1	29.114	88	84	90	79	54	1	10	88	5	81	5.01e-15	69.1
tr|A0A333FHM5|Release	GCF_000012805.1_WP_011330264.1	22.078	88	85	83	77	53	3	5	77	2	75	5.22e-15	69.1
tr|A0A333FHM5|Release	GCF_018389385.1_WP_218082190.1	24.324	88	91	80	74	49	3	4	73	15	85	5.27e-15	69.1
tr|A0A333FHM5|Release	GCF_000227685.2_WP_006746304.1	30.864	88	83	88	81	52	2	1	77	1	81	5.38e-15	69.1
tr|A0A333FHM5|Release	GCF_023733635.1_WP_039959400.1	27.397	88	89	77	73	48	2	5	72	2	74	5.46e-15	69.1
tr|A0A333FHM5|Release	GCF_024347255.1_WP_091360415.1	28.767	88	79	77	73	47	2	5	72	2	74	9.13e-15	68.2
tr|A0A333FHM5|Release	GCF_024347275.1_WP_019620968.1	30.263	88	82	81	76	48	3	5	75	2	77	1.07e-14	68.2
tr|A0A333FHM5|Release	GCF_004798725.1_WP_010811758.1	23.457	88	83	88	81	55	2	2	78	3	80	1.18e-14	68.0
tr|A0A333FHM5|Release	GCF_000092245.1_WP_013136435.1	28.767	88	76	80	73	46	2	7	76	2	71	1.59e-14	67.7
tr|A0A333FHM5|Release	GCF_001956695.1_WP_076086034.1	20.000	88	77	81	75	53	2	7	77	2	73	2.07e-14	67.4
tr|A0A333FHM5|Release	GCF_003855395.1_WP_124730567.1	19.277	88	88	89	83	62	1	9	86	3	85	2.07e-14	67.7
tr|A0A333FHM5|Release	GCF_000014705.1_WP_011637758.1	20.482	88	88	89	83	61	1	9	86	3	85	2.19e-14	67.4
tr|A0A333FHM5|Release	GCF_000317125.1_WP_015155280.1	19.231	88	81	84	78	56	3	5	78	2	76	2.35e-14	67.4
tr|A0A333FHM5|Release	GCF_000147355.1_WP_013326989.1	23.077	88	67	73	65	49	1	23	86	1	65	2.91e-14	66.8
tr|A0A333FHM5|Release	GCF_003955735.1_WP_126127786.1	22.222	88	91	88	81	56	3	2	78	4	81	3.65e-14	67.1
tr|A0A333FHM5|Release	GCF_019891175.1_WP_225938383.1	23.171	88	93	89	82	55	3	1	78	7	84	5.53e-14	66.6
tr|A0A333FHM5|Release	GCF_000024725.1_WP_013031543.1	20.513	88	81	84	78	55	3	5	78	2	76	7.43e-14	66.0
tr|A0A333FHM5|Release	GCF_001956695.1_WP_076086043.1	24.051	88	77	86	79	54	2	5	80	2	77	7.53e-14	66.0
tr|A0A333FHM5|Release	GCF_003722295.1_WP_010573895.1	25.000	88	75	80	76	48	2	5	74	2	74	7.65e-14	66.0
tr|A0A333FHM5|Release	GCF_000222485.1_WP_014022977.1	24.359	88	85	84	78	52	3	1	74	1	75	1.08e-13	65.7
tr|A0A333FHM5|Release	GCF_024347215.1_WP_261843265.1	30.556	88	77	77	72	46	2	5	72	2	73	1.20e-13	65.4
tr|A0A333FHM5|Release	GCF_020511155.1_WP_226415657.1	20.000	88	87	91	85	63	2	8	87	3	87	1.37e-13	65.4
tr|A0A333FHM5|Release	GCF_013283835.1_WP_071625892.1	24.000	88	79	78	75	48	2	7	75	2	73	1.72e-13	65.2
tr|A0A333FHM5|Release	GCF_000265505.1_WP_014796533.1	23.529	88	97	84	85	54	2	4	77	3	87	2.19e-13	65.2
tr|A0A333FHM5|Release	GCF_000238255.3_WP_010559905.1	23.171	88	86	92	82	60	2	8	88	3	82	2.74e-13	64.6
tr|A0A333FHM5|Release	GCF_000018105.1_WP_012162738.1	12.500	88	86	95	88	68	3	5	88	2	84	3.68e-13	64.3
tr|A0A333FHM5|Release	GCF_000317575.1_WP_015193670.1	24.324	88	74	80	74	49	3	5	74	2	72	4.25e-13	64.0
tr|A0A333FHM5|Release	GCF_013282625.1_WP_173286717.1	29.412	88	67	77	68	45	1	9	76	2	66	5.99e-13	63.5
tr|A0A333FHM5|Release	GCF_006385555.1_WP_140234395.1	27.711	88	87	89	83	55	2	8	85	2	84	8.47e-13	63.5
tr|A0A333FHM5|Release	GCF_013201665.1_WP_128358834.1	23.611	88	76	78	72	49	2	7	75	2	70	1.80e-12	62.3
tr|A0A333FHM5|Release	GCF_000018285.1_WP_012155987.1	19.588	88	102	85	97	56	2	11	85	3	99	2.00e-12	62.9
tr|A0A333FHM5|Release	GCF_013201935.1_WP_128987185.1	22.222	88	76	78	72	50	2	7	75	2	70	2.64e-12	62.1
tr|A0A333FHM5|Release	GCF_003544815.1_WP_118886031.1	22.222	88	76	78	72	50	2	7	75	2	70	2.74e-12	62.1
tr|A0A333FHM5|Release	GCF_013177635.1_WP_129095951.1	23.611	88	76	78	72	49	2	7	75	2	70	3.77e-12	61.5
tr|A0A333FHM5|Release	GCF_001705075.2_WP_065970077.1	23.611	88	78	77	72	51	2	3	70	1	72	5.52e-12	61.2
tr|A0A333FHM5|Release	GCF_000973725.1_WP_046311560.1	21.348	88	91	97	89	62	4	3	87	1	85	5.76e-12	61.5
tr|A0A333FHM5|Release	GCF_009937995.1_WP_179954406.1	24.359	88	79	83	78	54	2	5	77	2	79	8.96e-12	60.6
tr|A0A333FHM5|Release	GCF_011398355.1_WP_173270160.1	26.154	88	65	74	65	45	1	9	73	2	63	1.37e-11	60.1
tr|A0A333FHM5|Release	GCF_000006765.1_NP_249630.1	27.273	88	108	93	88	58	1	5	86	2	89	2.47e-11	60.1
tr|A0A333FHM5|Release	GCF_021654855.1_WP_237262080.1	25.000	88	70	73	68	44	2	10	73	3	67	3.62e-11	59.0
tr|A0A333FHM5|Release	GCF_002309535.1_WP_096047558.1	23.171	88	88	90	82	53	3	9	87	4	78	3.82e-11	59.2
tr|A0A333FHM5|Release	GCF_004293625.1_WP_130538367.1	33.898	88	71	67	59	36	1	9	67	2	57	3.98e-11	59.0
tr|A0A333FHM5|Release	GCF_013177675.1_WP_172126669.1	25.000	88	77	78	72	48	2	7	75	2	70	4.28e-11	59.0
tr|A0A333FHM5|Release	GCF_005281475.1_WP_137401239.1	23.377	88	81	84	77	53	3	6	79	2	75	7.06e-11	58.4
tr|A0A333FHM5|Release	GCF_000013765.1_WP_011496543.1	21.687	88	106	89	83	60	2	10	87	23	105	7.28e-11	59.0
tr|A0A333FHM5|Release	GCF_026278345.1_WP_266369249.1	20.732	88	90	89	82	57	4	5	82	2	79	1.99e-10	57.6
tr|A0A333FHM5|Release	GCF_024347675.1_WP_261833361.1	34.884	88	54	49	43	28	0	10	52	2	44	2.43e-10	56.7
tr|A0A333FHM5|Release	GCF_009931655.1_WP_161888514.1	16.854	88	89	97	89	66	3	3	87	1	85	2.54e-10	57.3
tr|A0A333FHM5|Release	GCF_003346815.1_WP_114840344.1	25.333	88	84	82	75	50	2	5	76	2	73	3.51e-10	56.7
tr|A0A333FHM5|Release	GCF_000568815.1_WP_025346049.1	22.222	88	76	78	72	50	2	8	76	3	71	3.70e-10	56.4
tr|A0A333FHM5|Release	GCF_003967275.1_WP_197721837.1	27.027	88	78	80	74	50	3	3	72	1	74	4.44e-10	56.4
tr|A0A333FHM5|Release	GCF_011398355.1_WP_173270199.1	24.242	88	66	75	66	47	1	9	74	2	64	4.83e-10	56.1
tr|A0A333FHM5|Release	GCF_001444405.1_WP_058032142.1	21.739	88	87	77	69	53	1	10	77	2	70	5.06e-10	56.4
tr|A0A333FHM5|Release	GCF_006575665.1_WP_141613356.1	24.324	88	81	81	74	50	3	6	76	2	72	5.09e-10	56.1
tr|A0A333FHM5|Release	GCF_023650495.1_WP_250655372.1	18.824	88	88	91	85	64	2	8	87	3	87	5.23e-10	56.4
tr|A0A333FHM5|Release	GCF_003260975.1_WP_112783789.1	23.288	88	81	80	73	50	3	6	75	2	71	6.30e-10	55.9
tr|A0A333FHM5|Release	GCF_001723605.1_WP_069479051.1	24.286	88	76	76	70	47	2	10	76	5	71	9.44e-10	55.6
tr|A0A333FHM5|Release	GCF_000265295.1_WP_014770430.1	22.222	88	76	78	72	50	2	8	76	3	71	1.18e-09	55.3
tr|A0A333FHM5|Release	GCF_017742995.1_WP_247749573.1	44.444	88	48	41	36	20	0	10	45	2	37	1.18e-09	54.7
tr|A0A333FHM5|Release	GCF_014217805.1_WP_185274331.1	15.789	88	91	82	76	57	2	5	76	6	78	2.48e-09	54.7
tr|A0A333FHM5|Release	GCF_013283835.1_WP_071628250.1	22.368	88	81	83	76	53	2	5	77	2	74	3.13e-09	54.2
tr|A0A333FHM5|Release	GCF_019931735.1_WP_223417223.1	18.519	88	87	86	81	61	1	10	85	4	84	3.39e-09	54.2
tr|A0A333FHM5|Release	GCF_011398155.1_WP_173291533.1	18.571	88	71	78	70	53	2	10	78	3	69	6.40e-09	53.3
tr|A0A333FHM5|Release	GCF_002116735.1_WP_041332374.1	17.722	88	86	85	79	58	2	2	76	5	80	7.37e-09	53.3
tr|A0A333FHM5|Release	GCF_000242635.2_WP_014682426.1	22.059	88	83	73	68	46	2	14	77	11	75	4.74e-08	51.4
tr|A0A333FHM5|Release	GCF_014075995.1_WP_182414414.1	15.385	88	91	84	78	59	2	3	76	4	78	7.18e-08	50.8
tr|A0A333FHM5|Release	GCF_009937995.1_WP_162085741.1	21.250	88	82	84	80	57	2	3	76	1	80	8.46e-08	50.5
tr|A0A333FHM5|Release	GCF_000484535.1_WP_023173213.1	23.529	88	91	76	68	51	1	12	78	24	91	1.31e-07	50.2
tr|A0A333FHM5|Release	GCF_011764585.1_WP_188200227.1	28.571	88	63	58	56	35	2	23	73	2	57	4.99e-07	48.3
tr|A0A333FHM5|Release	GCF_021018745.1_WP_230843504.1	25.373	88	92	75	67	49	1	12	77	24	90	4.99e-07	48.8
tr|A0A333FHM5|Release	GCF_003143555.1_WP_109340539.1	18.667	88	84	82	75	58	2	12	83	5	79	5.94e-07	48.6
tr|A0A333FHM5|Release	GCF_000325705.1_WP_015264554.1	18.841	88	77	75	69	50	3	10	75	6	71	6.24e-07	48.3
tr|A0A333FHM5|Release	GCF_009938015.1_WP_147074368.1	17.500	88	82	84	80	60	3	3	76	1	80	6.54e-07	48.3
tr|A0A333FHM5|Release	GCF_000011385.1_WP_011141833.1	25.373	88	92	75	67	49	1	12	77	24	90	9.63e-07	48.0
tr|A0A333FHM5|Release	GCF_001027285.1_WP_047859305.1	26.531	88	80	56	49	36	0	12	60	12	60	1.72e-06	47.1
tr|A0A333FHM5|Release	GCF_010119975.1_WP_162441452.1	14.607	88	89	97	89	68	3	3	87	1	85	2.82e-04	41.8
tr|A0A333FHM5|Release	GCF_003945325.1_WP_125566010.1	26.087	88	327	70	69	43	4	24	85	165	232	7.95e-04	42.9
tr|A0A333FHM5|Release	GCF_000021985.1_WP_012639464.1	19.231	88	81	82	78	57	2	5	76	2	79	0.001	40.4
tr|A0A333FHM5|Release	GCF_018388465.1_WP_208290210.1	26.471	88	316	74	68	47	2	16	80	139	206	0.002	42.1
tr|A0A333FHM5|Release	GCF_010119975.1_WP_162443195.1	16.667	88	91	98	90	67	3	3	88	1	86	0.002	39.8
tr|A0A333FHM5|Release	GCF_001263175.1_WP_050726405.1	33.333	88	81	51	45	30	0	12	56	12	56	0.005	38.4
tr|A0A333FHM5|Release	GCF_000010305.1_WP_012681958.1	23.438	88	71	70	64	46	2	14	75	7	69	0.007	37.9
# PSIBLAST 2.13.0+
# Iteration: 6
# Query: tr|A0A333FHM5|Release 2018_10/2018_10|07-Nov-2018
# Database: db/chosen-bacteria_proteome_exDup
# Fields: query id, subject id, % identity, query length, subject length, % query coverage per subject, alignment length, mismatches, gap opens, q. start, q. end, s. start, s. end, evalue, bit score
# 470 hits found
tr|A0A333FHM5|Release	GCF_001461805.1_WP_013367515.1	69.767	88	86	98	86	26	0	1	86	1	86	1.10e-38	129
tr|A0A333FHM5|Release	GCF_001518835.1_WP_059308693.1	67.442	88	86	98	86	28	0	1	86	1	86	1.36e-38	129
tr|A0A333FHM5|Release	GCF_021172065.1_WP_015965827.1	63.953	88	86	98	86	31	0	1	86	1	86	2.14e-38	128
tr|A0A333FHM5|Release	GCF_009036245.1_WP_025756830.1	65.116	88	86	98	86	30	0	1	86	1	86	2.28e-38	128
tr|A0A333FHM5|Release	GCF_020097475.1_WP_000062318.1	67.442	88	86	98	86	28	0	1	86	1	86	2.59e-38	128
tr|A0A333FHM5|Release	GCF_009176645.1_WP_152083529.1	65.116	88	86	98	86	30	0	1	86	1	86	2.67e-38	128
tr|A0A333FHM5|Release	GCF_001683395.1_WP_017458015.1	65.116	88	86	98	86	30	0	1	86	1	86	4.81e-38	127
tr|A0A333FHM5|Release	GCF_007632255.1_WP_015368146.1	65.116	88	86	98	86	30	0	1	86	1	86	6.71e-38	127
tr|A0A333FHM5|Release	GCF_001022135.1_WP_039078449.1	66.279	88	86	98	86	29	0	1	86	1	86	7.21e-38	127
tr|A0A333FHM5|Release	GCF_003594935.2_WP_006173581.1	66.279	88	86	98	86	29	0	1	86	1	86	7.56e-38	127
tr|A0A333FHM5|Release	GCF_000006925.2_NP_706134.1	66.279	88	86	98	86	29	0	1	86	1	86	8.52e-38	127
tr|A0A333FHM5|Release	GCF_001658025.2_WP_007373243.1	65.116	88	86	98	86	30	0	1	86	1	86	1.01e-37	127
tr|A0A333FHM5|Release	GCF_000224675.1_WP_010426685.1	65.116	88	86	98	86	30	0	1	86	1	86	1.08e-37	126
tr|A0A333FHM5|Release	GCF_027886705.1_WP_061497537.1	65.116	88	86	98	86	30	0	1	86	1	86	1.21e-37	126
tr|A0A333FHM5|Release	GCF_015137655.1_WP_028015593.1	63.953	88	86	98	86	31	0	1	86	1	86	1.21e-37	126
tr|A0A333FHM5|Release	GCF_023195735.1_WP_035891978.1	68.605	88	86	98	86	27	0	1	86	1	86	1.35e-37	126
tr|A0A333FHM5|Release	GCF_001729805.1_WP_008501890.1	63.953	88	86	98	86	31	0	1	86	1	86	1.44e-37	126
tr|A0A333FHM5|Release	GCF_025914095.1_WP_031518416.1	65.116	88	86	98	86	30	0	1	86	1	86	1.81e-37	126
tr|A0A333FHM5|Release	GCF_016904755.1_WP_059234959.1	64.706	88	86	97	85	30	0	1	85	1	85	1.98e-37	126
tr|A0A333FHM5|Release	GCF_009649915.1_WP_062772223.1	67.442	88	86	98	86	28	0	1	86	1	86	2.45e-37	125
tr|A0A333FHM5|Release	GCF_009363135.1_WP_090122691.1	66.279	88	86	98	86	29	0	1	86	1	86	2.51e-37	125
tr|A0A333FHM5|Release	GCF_001750725.1_WP_014168720.1	63.953	88	86	98	86	31	0	1	86	1	86	2.65e-37	125
tr|A0A333FHM5|Release	GCF_004684345.1_WP_135323069.1	66.279	88	86	98	86	29	0	1	86	1	86	2.85e-37	125
tr|A0A333FHM5|Release	GCF_003812345.1_WP_003018503.1	65.116	88	86	98	86	30	0	1	86	1	86	3.19e-37	125
tr|A0A333FHM5|Release	GCF_019048625.1_WP_023305471.1	66.279	88	86	98	86	29	0	1	86	1	86	3.62e-37	125
tr|A0A333FHM5|Release	GCF_004353845.1_WP_103768334.1	63.953	88	86	98	86	31	0	1	86	1	86	3.98e-37	125
tr|A0A333FHM5|Release	GCF_001558935.2_WP_042323659.1	66.279	88	86	98	86	29	0	1	86	1	86	4.14e-37	125
tr|A0A333FHM5|Release	GCF_002393445.1_WP_061273728.1	61.176	88	86	97	85	33	0	1	85	1	85	4.63e-37	125
tr|A0A333FHM5|Release	GCF_900638065.1_WP_048212636.1	65.116	88	86	98	86	30	0	1	86	1	86	4.70e-37	125
tr|A0A333FHM5|Release	GCF_001277255.1_WP_007666633.1	62.791	88	86	98	86	32	0	1	86	1	86	4.70e-37	125
tr|A0A333FHM5|Release	GCF_021278985.1_WP_012904575.1	65.116	88	86	98	86	30	0	1	86	1	86	4.82e-37	125
tr|A0A333FHM5|Release	GCF_018128425.1_WP_042289833.1	65.116	88	86	98	86	30	0	1	86	1	86	6.51e-37	124
tr|A0A333FHM5|Release	GCF_000240185.1_YP_005225236.1	63.953	88	86	98	86	31	0	1	86	1	86	7.64e-37	124
tr|A0A333FHM5|Release	GCF_022637515.1_WP_064539750.1	61.628	88	86	98	86	33	0	1	86	1	86	8.40e-37	124
tr|A0A333FHM5|Release	GCF_001277175.1_WP_007760020.1	60.465	88	86	98	86	34	0	1	86	1	86	8.40e-37	124
tr|A0A333FHM5|Release	GCF_003261575.2_WP_110272453.1	65.116	88	86	98	86	30	0	1	86	1	86	1.03e-36	124
tr|A0A333FHM5|Release	GCF_003812925.1_WP_004107903.1	62.791	88	86	98	86	32	0	1	86	1	86	1.07e-36	124
tr|A0A333FHM5|Release	GCF_001277195.1_WP_032966924.1	62.791	88	86	98	86	32	0	1	86	1	86	1.15e-36	124
tr|A0A333FHM5|Release	GCF_001277215.2_WP_007776988.1	60.465	88	86	98	86	34	0	1	86	1	86	1.17e-36	124
tr|A0A333FHM5|Release	GCF_009648935.1_WP_047417117.1	63.953	88	86	98	86	31	0	1	86	1	86	1.23e-36	124
tr|A0A333FHM5|Release	GCF_018139045.1_WP_004129134.1	62.791	88	86	98	86	32	0	1	86	1	86	1.30e-36	124
tr|A0A333FHM5|Release	GCF_900635955.1_WP_126357486.1	61.176	88	86	97	85	33	0	1	85	1	85	1.41e-36	123
tr|A0A333FHM5|Release	GCF_000439255.1_WP_000062328.1	62.791	88	86	98	86	32	0	1	86	1	86	1.54e-36	123
tr|A0A333FHM5|Release	GCF_006711645.1_WP_100682484.1	65.116	88	86	98	86	30	0	1	86	1	86	1.56e-36	123
tr|A0A333FHM5|Release	GCF_003935895.2_WP_110510858.1	65.882	88	86	97	85	29	0	1	85	1	85	1.60e-36	123
tr|A0A333FHM5|Release	GCF_015139575.1_WP_004098776.1	63.953	88	86	98	86	31	0	1	86	1	86	1.89e-36	123
tr|A0A333FHM5|Release	GCF_022637595.1_WP_004858152.1	65.116	88	86	98	86	30	0	1	86	1	86	2.00e-36	123
tr|A0A333FHM5|Release	GCF_012029655.1_WP_041144145.1	63.953	88	86	98	86	31	0	1	86	1	86	2.48e-36	123
tr|A0A333FHM5|Release	GCF_000834395.1_WP_042546713.1	67.442	88	86	98	86	28	0	1	86	1	86	3.09e-36	123
tr|A0A333FHM5|Release	GCF_000018045.1_WP_024130681.1	62.791	88	86	98	86	32	0	1	86	1	86	3.77e-36	122
tr|A0A333FHM5|Release	GCF_004124235.1_WP_025377303.1	67.442	88	86	98	86	28	0	1	86	1	86	4.75e-36	122
tr|A0A333FHM5|Release	GCF_024224615.1_WP_125293588.1	62.353	88	86	97	85	32	0	1	85	1	85	4.86e-36	122
tr|A0A333FHM5|Release	GCF_011068345.1_WP_002436992.1	61.176	88	86	97	85	33	0	1	85	1	85	5.31e-36	122
tr|A0A333FHM5|Release	GCF_002163605.1_WP_157665988.1	66.279	88	86	98	86	29	0	1	86	1	86	6.58e-36	122
tr|A0A333FHM5|Release	GCF_021276285.1_WP_095923198.1	67.857	88	86	95	84	27	0	1	84	1	84	6.69e-36	122
tr|A0A333FHM5|Release	GCF_000222975.1_WP_002218374.1	67.442	88	86	98	86	28	0	1	86	1	86	6.69e-36	122
tr|A0A333FHM5|Release	GCF_000006945.2_NP_459242.1	62.791	88	86	98	86	32	0	1	86	1	86	7.18e-36	122
tr|A0A333FHM5|Release	GCF_013282725.1_WP_032813813.1	67.442	88	86	98	86	28	0	1	86	1	86	7.77e-36	122
tr|A0A333FHM5|Release	GCF_000010085.1_WP_011411656.1	57.143	88	86	95	84	36	0	1	84	1	84	8.15e-36	121
tr|A0A333FHM5|Release	GCF_000005845.2_NP_414731.2	65.476	88	84	95	84	29	0	3	86	1	84	8.45e-36	121
tr|A0A333FHM5|Release	GCF_000834455.1_WP_032817050.1	67.442	88	86	98	86	28	0	1	86	1	86	8.62e-36	121
tr|A0A333FHM5|Release	GCF_000517425.1_WP_025421126.1	57.143	88	86	95	84	36	0	1	84	1	84	8.97e-36	121
tr|A0A333FHM5|Release	GCF_005484945.1_WP_137712817.1	61.628	88	86	98	86	33	0	1	86	1	86	1.01e-35	121
tr|A0A333FHM5|Release	GCF_013234275.1_WP_172895488.1	60.465	88	86	98	86	34	0	1	86	1	86	1.07e-35	121
tr|A0A333FHM5|Release	GCF_025133195.1_WP_032910235.1	65.116	88	86	98	86	30	0	1	86	1	86	1.24e-35	121
tr|A0A333FHM5|Release	GCF_025758125.1_WP_023480196.1	65.116	88	86	98	86	30	0	1	86	1	86	1.29e-35	121
tr|A0A333FHM5|Release	GCF_022637475.1_WP_013574214.1	66.667	88	86	95	84	28	0	1	84	1	84	1.54e-35	121
tr|A0A333FHM5|Release	GCF_012427845.1_WP_012773648.1	60.465	88	86	98	86	34	0	1	86	1	86	2.37e-35	120
tr|A0A333FHM5|Release	GCF_000233595.1_WP_013024706.1	57.647	88	86	97	85	36	0	1	85	1	85	2.79e-35	120
tr|A0A333FHM5|Release	GCF_002288545.1_WP_029367608.1	60.465	88	86	98	86	34	0	1	86	1	86	3.12e-35	120
tr|A0A333FHM5|Release	GCF_009730055.1_WP_032906500.1	67.442	88	86	98	86	28	0	1	86	1	86	3.36e-35	120
tr|A0A333FHM5|Release	GCF_900095885.1_WP_035340381.1	58.140	88	86	98	86	36	0	1	86	1	86	3.38e-35	120
tr|A0A333FHM5|Release	GCF_000520015.2_WP_024910172.1	58.140	88	87	98	86	36	0	1	86	1	86	4.34e-35	120
tr|A0A333FHM5|Release	GCF_003019925.1_WP_162185254.1	65.476	88	86	95	84	29	0	1	84	1	84	4.43e-35	120
tr|A0A333FHM5|Release	GCF_019797845.1_WP_222158377.1	62.791	88	86	98	86	32	0	1	86	1	86	4.99e-35	119
tr|A0A333FHM5|Release	GCF_017498685.1_WP_038245151.1	66.279	88	86	98	86	29	0	1	86	1	86	5.36e-35	119
tr|A0A333FHM5|Release	GCF_002953195.1_WP_038628016.1	58.140	88	87	98	86	36	0	1	86	1	86	6.66e-35	119
tr|A0A333FHM5|Release	GCF_003515985.1_WP_085653101.1	58.824	88	86	97	85	35	0	1	85	1	85	7.25e-35	119
tr|A0A333FHM5|Release	GCF_015999465.1_WP_085688159.1	57.647	88	86	97	85	36	0	1	85	1	85	7.98e-35	119
tr|A0A333FHM5|Release	GCF_009873295.1_WP_039312412.1	60.465	88	86	98	86	34	0	1	86	1	86	8.17e-35	119
tr|A0A333FHM5|Release	GCF_009914055.1_WP_160619715.1	59.302	88	87	98	86	35	0	1	86	1	86	9.53e-35	119
tr|A0A333FHM5|Release	GCF_000262305.1_WP_002441069.1	58.140	88	86	98	86	36	0	1	86	1	86	1.05e-34	119
tr|A0A333FHM5|Release	GCF_000025065.1_WP_012883679.1	60.000	88	86	97	85	34	0	1	85	1	85	1.10e-34	119
tr|A0A333FHM5|Release	GCF_017569925.1_WP_208228065.1	59.302	88	86	98	86	35	0	1	86	1	86	1.26e-34	119
tr|A0A333FHM5|Release	GCF_011044475.1_WP_033740322.1	57.647	88	86	97	85	36	0	1	85	1	85	1.47e-34	118
tr|A0A333FHM5|Release	GCF_020079945.1_WP_039382769.1	60.465	88	87	98	86	34	0	1	86	1	86	1.49e-34	118
tr|A0A333FHM5|Release	GCF_020181655.1_WP_225087160.1	61.628	88	86	98	86	33	0	1	86	1	86	1.54e-34	118
tr|A0A333FHM5|Release	GCF_001642805.2_WP_004931991.1	58.140	88	87	98	86	36	0	1	86	1	86	1.55e-34	118
tr|A0A333FHM5|Release	GCF_000740965.1_WP_011092648.1	59.302	88	86	98	86	35	0	1	86	1	86	1.66e-34	118
tr|A0A333FHM5|Release	GCF_009931295.1_WP_161528353.1	60.465	88	86	98	86	34	0	1	86	1	86	1.71e-34	118
tr|A0A333FHM5|Release	GCF_016026735.1_WP_015673540.1	55.814	88	87	98	86	38	0	1	86	1	86	1.74e-34	118
tr|A0A333FHM5|Release	GCF_021462285.1_WP_234585968.1	58.140	88	87	98	86	36	0	1	86	1	86	1.80e-34	118
tr|A0A333FHM5|Release	GCF_000023565.1_WP_012770818.1	58.824	88	86	97	85	35	0	1	85	1	85	1.93e-34	118
tr|A0A333FHM5|Release	GCF_002101395.1_WP_085067900.1	58.140	88	87	98	86	36	0	1	86	1	86	2.23e-34	118
tr|A0A333FHM5|Release	GCF_000023545.1_WP_015854637.1	59.302	88	86	98	86	35	0	1	86	1	86	2.31e-34	118
tr|A0A333FHM5|Release	GCF_900187015.1_WP_061796701.1	58.140	88	87	98	86	36	0	1	86	1	86	2.66e-34	118
tr|A0A333FHM5|Release	GCF_009817885.1_WP_105232289.1	58.140	88	87	98	86	36	0	1	86	1	86	2.76e-34	118
tr|A0A333FHM5|Release	GCF_002291445.1_WP_048635886.1	59.302	88	86	98	86	35	0	1	86	1	86	3.01e-34	118
tr|A0A333FHM5|Release	GCF_007858975.2_WP_042869176.1	61.176	88	86	97	85	33	0	1	85	1	85	3.58e-34	118
tr|A0A333FHM5|Release	GCF_001742185.1_WP_005975933.1	59.302	88	86	98	86	35	0	1	86	1	86	4.37e-34	117
tr|A0A333FHM5|Release	GCF_005484965.1_WP_009114129.1	62.791	88	86	98	86	32	0	1	86	1	86	4.62e-34	117
tr|A0A333FHM5|Release	GCF_023517775.1_WP_249893541.1	60.465	88	87	98	86	34	0	1	86	1	86	5.14e-34	117
tr|A0A333FHM5|Release	GCF_019890955.1_WP_211725887.1	58.140	88	87	98	86	36	0	1	86	1	86	7.64e-34	117
tr|A0A333FHM5|Release	GCF_003992745.1_WP_014700896.1	58.140	88	86	98	86	36	0	1	86	1	86	1.05e-33	116
tr|A0A333FHM5|Release	GCF_001010285.1_WP_046974061.1	65.909	88	88	100	88	30	0	1	88	1	88	1.22e-33	116
tr|A0A333FHM5|Release	GCF_000264765.2_WP_034163237.1	63.953	88	86	98	86	31	0	1	86	1	86	1.52e-33	116
tr|A0A333FHM5|Release	GCF_000026185.1_WP_012440659.1	54.118	88	87	97	85	39	0	1	85	1	85	1.53e-33	116
tr|A0A333FHM5|Release	GCF_002812485.1_WP_038661467.1	60.000	88	86	97	85	34	0	1	85	1	85	1.77e-33	116
tr|A0A333FHM5|Release	GCF_003812345.1_WP_121571778.1	31.461	88	94	100	89	60	1	1	88	1	89	3.15e-33	115
tr|A0A333FHM5|Release	GCF_000196615.1_WP_013200864.1	58.140	88	87	98	86	36	0	1	86	1	86	3.30e-33	115
tr|A0A333FHM5|Release	GCF_020150375.1_WP_004094310.1	63.953	88	86	98	86	31	0	1	86	1	86	3.48e-33	115
tr|A0A333FHM5|Release	GCF_000147055.1_WP_022632468.1	58.824	88	86	97	85	35	0	1	85	1	85	3.53e-33	115
tr|A0A333FHM5|Release	GCF_902387845.1_WP_004237241.1	100.000	88	88	100	88	0	0	1	88	1	88	3.94e-33	115
tr|A0A333FHM5|Release	GCF_011617105.1_WP_025800203.1	65.116	88	86	98	86	30	0	1	86	1	86	4.14e-33	115
tr|A0A333FHM5|Release	GCF_002291425.1_WP_095847471.1	59.302	88	87	98	86	35	0	1	86	1	86	4.35e-33	115
tr|A0A333FHM5|Release	GCF_019090985.1_WP_036781226.1	63.636	88	88	100	88	32	0	1	88	1	88	4.61e-33	115
tr|A0A333FHM5|Release	GCF_004792415.1_WP_013356856.1	55.952	88	86	95	84	37	0	1	84	1	84	5.74e-33	114
tr|A0A333FHM5|Release	GCF_003403135.1_WP_024104894.1	60.000	88	86	97	85	34	0	1	85	1	85	5.97e-33	114
tr|A0A333FHM5|Release	GCF_021733145.1_WP_012847629.1	64.198	88	86	92	81	29	0	1	81	1	81	6.16e-33	114
tr|A0A333FHM5|Release	GCF_008693605.1_WP_223849061.1	30.337	88	95	100	89	61	1	1	88	2	90	6.83e-33	114
tr|A0A333FHM5|Release	GCF_000196475.1_WP_012776850.1	64.773	88	88	100	88	31	0	1	88	1	88	8.31e-33	114
tr|A0A333FHM5|Release	GCF_020541225.1_WP_226811316.1	54.762	88	86	95	84	38	0	1	84	1	84	1.00e-32	114
tr|A0A333FHM5|Release	GCF_022647505.1_WP_128179458.1	58.140	88	87	98	86	36	0	1	86	1	86	1.27e-32	114
tr|A0A333FHM5|Release	GCF_000196155.1_WP_011145066.1	61.364	88	88	100	88	34	0	1	88	1	88	1.45e-32	113
tr|A0A333FHM5|Release	GCF_017348915.1_WP_040077077.1	67.442	88	86	98	86	28	0	1	86	1	86	1.51e-32	113
tr|A0A333FHM5|Release	GCF_025946765.1_WP_264497926.1	57.647	88	86	97	85	36	0	1	85	1	85	1.87e-32	113
tr|A0A333FHM5|Release	GCF_019047765.1_WP_040230035.1	66.279	88	86	98	86	29	0	1	86	1	86	2.88e-32	112
tr|A0A333FHM5|Release	GCF_022592395.1_WP_047255099.1	60.465	88	87	98	86	34	0	1	86	1	86	3.41e-32	112
tr|A0A333FHM5|Release	GCF_019048385.1_WP_062759648.1	55.952	88	86	95	84	37	0	1	84	1	84	3.89e-32	112
tr|A0A333FHM5|Release	GCF_020683125.1_WP_133842177.1	58.621	88	88	98	87	35	1	1	86	1	87	4.77e-32	112
tr|A0A333FHM5|Release	GCF_004353845.1_WP_103770713.1	31.818	88	93	99	88	59	1	1	87	1	88	4.95e-32	112
tr|A0A333FHM5|Release	GCF_003204135.1_WP_004908806.1	59.302	88	87	98	86	35	0	1	86	1	86	5.49e-32	112
tr|A0A333FHM5|Release	GCF_009646115.1_WP_008925644.1	55.952	88	86	95	84	37	0	1	84	1	84	6.48e-32	112
tr|A0A333FHM5|Release	GCF_019844095.1_WP_062747070.1	57.471	88	88	98	87	36	1	1	86	1	87	7.81e-32	112
tr|A0A333FHM5|Release	GCF_020268605.1_WP_180560445.1	62.500	88	88	100	88	33	0	1	88	1	88	8.87e-32	111
tr|A0A333FHM5|Release	GCF_900475855.1_WP_068441311.1	59.302	88	87	98	86	35	0	1	86	1	86	9.43e-32	111
tr|A0A333FHM5|Release	GCF_004768525.1_WP_026822068.1	63.636	88	88	100	88	32	0	1	88	1	88	1.18e-31	111
tr|A0A333FHM5|Release	GCF_013460135.1_WP_180816665.1	62.500	88	88	100	88	33	0	1	88	1	88	1.19e-31	111
tr|A0A333FHM5|Release	GCF_002843235.3_WP_102139922.1	59.302	88	87	98	86	35	0	1	86	1	86	1.40e-31	111
tr|A0A333FHM5|Release	GCF_029277985.1_WP_154623766.1	59.302	88	87	98	86	35	0	1	86	1	86	1.54e-31	111
tr|A0A333FHM5|Release	GCF_020342335.1_WP_067428135.1	54.762	88	87	95	84	38	0	1	84	1	84	1.66e-31	110
tr|A0A333FHM5|Release	GCF_002393505.1_WP_006658392.1	59.302	88	87	98	86	35	0	1	86	1	86	2.14e-31	110
tr|A0A333FHM5|Release	GCF_022647325.1_WP_111140597.1	54.762	88	86	95	84	38	0	1	84	1	84	2.25e-31	110
tr|A0A333FHM5|Release	GCF_000261045.2_WP_006318653.1	54.651	88	87	98	86	39	0	1	86	1	86	2.30e-31	110
tr|A0A333FHM5|Release	GCF_000091565.1_WP_004159420.1	54.762	88	87	95	84	38	0	1	84	1	84	2.85e-31	110
tr|A0A333FHM5|Release	GCF_009831665.3_WP_006709226.1	50.000	88	87	98	86	43	0	1	86	1	86	3.16e-31	110
tr|A0A333FHM5|Release	GCF_900638135.1_WP_012146468.1	53.488	88	87	98	86	40	0	1	86	1	86	3.61e-31	110
tr|A0A333FHM5|Release	GCF_000069965.1_WP_004245453.1	57.831	88	86	94	83	35	0	1	83	1	83	4.50e-31	109
tr|A0A333FHM5|Release	GCF_011045835.1_WP_075671674.1	57.831	88	86	94	83	35	0	1	83	1	83	6.23e-31	109
tr|A0A333FHM5|Release	GCF_002355475.1_WP_004421315.1	34.524	88	91	94	84	54	1	3	85	1	84	7.11e-31	109
tr|A0A333FHM5|Release	GCF_021365465.1_WP_016190321.1	58.140	88	87	98	86	36	0	1	86	1	86	9.67e-31	109
tr|A0A333FHM5|Release	GCF_002504285.1_WP_005282992.1	62.791	88	86	98	86	32	0	1	86	1	86	1.02e-30	109
tr|A0A333FHM5|Release	GCF_017743015.1_WP_209027287.1	62.791	88	88	98	86	32	0	1	86	1	86	1.12e-30	109
tr|A0A333FHM5|Release	GCF_000517405.1_WP_038469034.1	56.250	88	83	91	80	35	0	5	84	2	81	1.25e-30	108
tr|A0A333FHM5|Release	GCF_008693645.1_WP_137347870.1	31.818	88	89	99	88	59	1	1	87	1	88	1.34e-30	108
tr|A0A333FHM5|Release	GCF_022369495.1_WP_072064250.1	56.627	88	86	94	83	36	0	1	83	1	83	1.51e-30	108
tr|A0A333FHM5|Release	GCF_000968195.1_WP_045972480.1	59.770	88	87	98	87	34	1	1	86	1	87	1.78e-30	108
tr|A0A333FHM5|Release	GCF_000214235.1_WP_004952197.1	54.762	88	85	95	84	38	0	3	86	1	84	2.07e-30	108
tr|A0A333FHM5|Release	GCF_001597285.1_WP_061903727.1	34.524	88	92	94	84	54	1	6	88	3	86	2.54e-30	108
tr|A0A333FHM5|Release	GCF_002952315.1_WP_012667243.1	50.588	88	87	97	85	42	0	1	85	1	85	2.57e-30	108
tr|A0A333FHM5|Release	GCF_001721185.1_WP_069317984.1	63.953	88	87	98	86	31	0	1	86	1	86	3.56e-30	107
tr|A0A333FHM5|Release	GCF_013200955.2_WP_173204463.1	32.143	88	91	94	84	56	1	3	85	1	84	4.18e-30	107
tr|A0A333FHM5|Release	GCF_001006005.1_WP_223499701.1	53.571	88	85	95	84	39	0	3	86	1	84	5.07e-30	107
tr|A0A333FHM5|Release	GCF_016026395.1_WP_024524235.1	61.628	88	86	98	86	33	0	1	86	1	86	5.29e-30	107
tr|A0A333FHM5|Release	GCF_008364325.2_WP_230090436.1	55.952	88	85	95	84	37	0	3	86	1	84	7.19e-30	107
tr|A0A333FHM5|Release	GCF_005671395.1_WP_138095872.1	60.256	88	86	89	78	31	0	1	78	1	78	9.07e-30	106
tr|A0A333FHM5|Release	GCF_004295645.1_WP_228350951.1	63.953	88	88	97	86	30	1	1	85	1	86	1.13e-29	106
tr|A0A333FHM5|Release	GCF_004684345.1_WP_135321947.1	31.461	88	93	100	89	60	1	1	88	1	89	1.87e-29	105
tr|A0A333FHM5|Release	GCF_000733715.2_WP_017362912.1	31.765	88	90	95	85	57	1	5	88	2	86	2.01e-29	105
tr|A0A333FHM5|Release	GCF_024205225.1_WP_195881696.1	30.588	88	90	95	85	58	1	5	88	2	86	2.03e-29	105
tr|A0A333FHM5|Release	GCF_900478135.1_WP_111739359.1	65.116	88	88	97	86	29	1	1	85	1	86	2.31e-29	105
tr|A0A333FHM5|Release	GCF_017329545.1_WP_047884589.1	27.586	88	95	98	87	62	1	3	88	1	87	2.61e-29	105
tr|A0A333FHM5|Release	GCF_003074995.2_WP_015870269.1	59.036	88	86	94	83	34	0	1	83	1	83	2.74e-29	105
tr|A0A333FHM5|Release	GCF_008807375.1_WP_151138908.1	32.143	88	91	94	84	56	1	3	85	1	84	3.81e-29	105
tr|A0A333FHM5|Release	GCF_000297075.2_WP_003461742.1	31.765	88	90	95	85	57	1	5	88	2	86	3.86e-29	105
tr|A0A333FHM5|Release	GCF_003096015.2_WP_230514010.1	63.953	88	88	97	86	30	1	1	85	1	86	4.83e-29	104
tr|A0A333FHM5|Release	GCF_000968175.1_WP_045959360.1	59.770	88	88	98	87	34	1	1	86	1	87	5.23e-29	104
tr|A0A333FHM5|Release	GCF_004116975.1_WP_064720954.1	60.241	88	86	94	83	33	0	1	83	1	83	5.34e-29	104
tr|A0A333FHM5|Release	GCF_013409125.2_WP_099525265.1	31.765	88	90	95	85	57	1	5	88	2	86	5.60e-29	104
tr|A0A333FHM5|Release	GCF_013423785.1_WP_180308358.1	32.955	88	88	100	88	59	0	1	88	1	88	5.80e-29	104
tr|A0A333FHM5|Release	GCF_014295015.1_WP_013185414.1	62.069	88	87	98	87	32	1	1	86	1	87	7.01e-29	104
tr|A0A333FHM5|Release	GCF_011397855.1_WP_044414183.1	32.927	88	90	92	82	54	1	5	85	2	83	1.16e-28	103
tr|A0A333FHM5|Release	GCF_001708425.1_WP_055136127.1	32.927	88	94	92	82	54	1	5	85	2	83	1.27e-28	103
tr|A0A333FHM5|Release	GCF_900638655.1_WP_047781753.1	61.628	88	88	97	86	32	1	1	85	1	86	1.34e-28	103
tr|A0A333FHM5|Release	GCF_001594225.2_WP_064379396.1	32.927	88	92	92	82	54	1	5	85	2	83	2.63e-28	103
tr|A0A333FHM5|Release	GCF_021029445.1_WP_230924827.1	29.630	88	89	92	81	57	0	5	85	2	82	5.09e-28	102
tr|A0A333FHM5|Release	GCF_019047765.1_WP_040231149.1	27.273	88	89	99	88	63	1	1	87	1	88	6.21e-28	101
tr|A0A333FHM5|Release	GCF_017167985.1_WP_079784061.1	32.941	88	90	95	85	56	1	5	88	2	86	6.37e-28	101
tr|A0A333FHM5|Release	GCF_900682675.2_WP_069898892.1	32.941	88	94	95	85	56	1	5	88	2	86	8.64e-28	101
tr|A0A333FHM5|Release	GCF_025402875.1_WP_011791024.1	28.049	88	90	92	82	58	1	5	85	2	83	1.08e-27	101
tr|A0A333FHM5|Release	GCF_017915135.1_WP_210390879.1	31.707	88	90	92	82	55	1	5	85	2	83	3.07e-27	100
tr|A0A333FHM5|Release	GCF_017167985.1_WP_093053415.1	31.707	88	92	92	82	55	1	5	85	2	83	3.48e-27	100
tr|A0A333FHM5|Release	GCF_012767755.2_WP_173176508.1	30.588	88	91	95	85	55	2	5	88	2	83	5.72e-27	99.7
tr|A0A333FHM5|Release	GCF_016834455.1_WP_203325205.1	31.707	88	86	92	82	55	1	5	85	2	83	6.08e-27	99.5
tr|A0A333FHM5|Release	GCF_002355475.1_WP_003455993.1	27.711	88	90	93	83	59	1	7	88	2	84	1.63e-26	98.3
tr|A0A333FHM5|Release	GCF_003957745.1_WP_126168493.1	32.927	88	87	92	82	54	1	5	85	2	83	1.63e-26	98.3
tr|A0A333FHM5|Release	GCF_024971755.1_WP_259474826.1	31.707	88	88	92	82	55	1	5	85	2	83	2.04e-26	98.0
tr|A0A333FHM5|Release	GCF_000015245.1_WP_011761423.1	31.707	88	86	92	82	55	1	5	85	2	83	2.73e-26	97.8
tr|A0A333FHM5|Release	GCF_000178875.2_WP_012197738.1	32.099	88	90	91	81	54	1	5	84	2	82	3.61e-26	97.5
tr|A0A333FHM5|Release	GCF_006742785.1_WP_172630283.1	23.171	88	88	92	82	62	1	8	88	3	84	3.65e-26	97.5
tr|A0A333FHM5|Release	GCF_024347355.1_WP_105024956.1	24.051	88	83	89	79	59	1	10	87	2	80	4.92e-26	97.2
tr|A0A333FHM5|Release	GCF_008033135.1_WP_148717358.1	27.160	88	87	92	81	59	0	5	85	2	82	6.93e-26	96.9
tr|A0A333FHM5|Release	GCF_017354925.1_WP_207321174.1	30.588	88	87	95	85	58	1	5	88	2	86	6.98e-26	96.9
tr|A0A333FHM5|Release	GCF_008807375.1_WP_151133519.1	25.301	88	90	93	83	61	1	7	88	2	84	9.43e-26	96.6
tr|A0A333FHM5|Release	GCF_009938225.1_WP_075649723.1	26.250	88	82	90	80	58	1	10	88	2	81	1.04e-25	96.4
tr|A0A333FHM5|Release	GCF_024346675.1_WP_048897676.1	22.353	88	86	95	85	65	1	3	86	1	85	1.10e-25	96.4
tr|A0A333FHM5|Release	GCF_019670705.1_WP_100146025.1	32.927	88	92	92	82	54	1	5	85	2	83	1.16e-25	96.4
tr|A0A333FHM5|Release	GCF_017354965.1_WP_207380278.1	30.588	88	87	95	85	58	1	5	88	2	86	1.46e-25	96.1
tr|A0A333FHM5|Release	GCF_009730655.1_WP_156020461.1	32.927	88	92	92	82	54	1	5	85	2	83	1.63e-25	96.1
tr|A0A333FHM5|Release	GCF_002204915.1_WP_052690899.1	22.785	88	101	89	79	60	1	10	87	21	99	1.68e-25	96.1
tr|A0A333FHM5|Release	GCF_012767755.2_WP_173171843.1	28.049	88	90	92	82	58	1	5	85	2	83	2.80e-25	95.2
tr|A0A333FHM5|Release	GCF_024347475.1_WP_239840920.1	22.785	88	83	89	79	60	1	10	87	2	80	4.78e-25	94.7
tr|A0A333FHM5|Release	GCF_014524625.1_WP_009050814.1	23.171	88	92	92	82	62	1	5	85	2	83	6.85e-25	94.4
tr|A0A333FHM5|Release	GCF_022371215.1_WP_239718047.1	24.051	88	83	89	79	59	1	10	87	2	80	9.84e-25	93.8
tr|A0A333FHM5|Release	GCF_008329985.2_WP_149283950.1	26.250	88	81	90	80	58	1	10	88	2	81	1.17e-24	93.5
tr|A0A333FHM5|Release	GCF_000009145.1_WP_041356315.1	23.750	88	90	90	80	60	1	10	88	6	85	1.56e-24	93.5
tr|A0A333FHM5|Release	GCF_009938185.1_WP_162048373.1	24.051	88	82	89	79	59	1	10	87	2	80	1.60e-24	93.3
tr|A0A333FHM5|Release	GCF_002215585.1_WP_088903590.1	29.630	88	89	92	81	57	0	5	85	2	82	1.67e-24	93.3
tr|A0A333FHM5|Release	GCF_014905115.1_WP_193151849.1	29.114	88	81	89	79	55	1	10	87	2	80	2.35e-24	92.7
tr|A0A333FHM5|Release	GCF_019669905.1_WP_054759186.1	24.691	88	79	91	81	56	2	8	87	3	79	2.38e-24	92.7
tr|A0A333FHM5|Release	GCF_029457395.1_WP_024766443.1	28.736	88	92	93	87	57	1	5	86	2	88	3.07e-24	92.7
tr|A0A333FHM5|Release	GCF_002407485.1_WP_096780111.1	26.582	88	81	89	79	57	1	10	87	2	80	3.64e-24	92.4
tr|A0A333FHM5|Release	GCF_000214665.1_WP_013819542.1	22.785	88	83	89	79	59	2	10	87	6	83	4.71e-24	92.1
tr|A0A333FHM5|Release	GCF_001558415.2_WP_061055374.1	23.750	88	83	90	80	60	1	10	88	2	81	4.82e-24	92.1
tr|A0A333FHM5|Release	GCF_001007935.1_WP_046849946.1	19.753	88	84	91	81	64	1	8	87	4	84	4.91e-24	92.1
tr|A0A333FHM5|Release	GCF_003025345.2_WP_003155955.1	30.682	88	91	93	88	55	1	5	86	2	89	8.96e-24	91.6
tr|A0A333FHM5|Release	GCF_020991025.1_WP_152109250.1	39.759	88	83	93	83	49	1	3	84	1	83	9.10e-24	91.3
tr|A0A333FHM5|Release	GCF_002005305.1_WP_077753428.1	28.049	88	86	92	82	58	1	5	85	2	83	9.30e-24	91.3
tr|A0A333FHM5|Release	GCF_019670125.1_WP_221076876.1	26.582	88	81	89	79	57	1	10	87	2	80	9.90e-24	91.3
tr|A0A333FHM5|Release	GCF_001007875.1_WP_046858354.1	25.316	88	80	89	79	58	1	10	87	2	80	1.44e-23	90.7
tr|A0A333FHM5|Release	GCF_019670105.1_WP_040307707.1	22.500	88	81	90	80	61	1	10	88	2	81	1.77e-23	90.4
tr|A0A333FHM5|Release	GCF_001558255.2_WP_005504861.1	25.926	88	82	90	81	58	2	10	88	2	82	2.83e-23	90.2
tr|A0A333FHM5|Release	GCF_000968535.2_WP_014147785.1	27.160	88	84	91	81	57	2	8	87	4	83	2.98e-23	90.2
tr|A0A333FHM5|Release	GCF_002214395.1_WP_010453422.1	21.250	88	81	90	80	62	1	10	88	2	81	3.47e-23	89.9
tr|A0A333FHM5|Release	GCF_009068765.1_WP_151900329.1	26.582	88	81	89	79	57	1	10	87	2	80	3.50e-23	89.9
tr|A0A333FHM5|Release	GCF_012971725.1_WP_169940133.1	29.070	88	92	92	86	56	1	5	85	2	87	3.60e-23	89.9
tr|A0A333FHM5|Release	GCF_024360925.2_WP_255188929.1	25.316	88	83	89	79	57	2	10	87	6	83	4.02e-23	89.6
tr|A0A333FHM5|Release	GCF_009938205.1_WP_075706454.1	26.582	88	82	89	79	57	1	10	87	2	80	4.94e-23	89.3
tr|A0A333FHM5|Release	GCF_024347595.1_WP_176681244.1	25.316	88	83	89	79	58	1	10	87	2	80	5.18e-23	89.3
tr|A0A333FHM5|Release	GCF_003258315.1_WP_111337788.1	25.610	88	88	92	82	60	1	8	88	4	85	6.69e-23	89.3
tr|A0A333FHM5|Release	GCF_000148645.1_WP_013347076.1	29.487	88	80	88	78	54	1	12	88	3	80	8.52e-23	88.8
tr|A0A333FHM5|Release	GCF_002849875.1_WP_232379112.1	26.744	88	113	93	86	59	1	6	87	28	113	8.72e-23	89.3
tr|A0A333FHM5|Release	GCF_000785705.2_WP_036272019.1	24.359	88	82	89	78	58	1	10	87	6	82	9.54e-23	88.8
tr|A0A333FHM5|Release	GCF_024347655.1_WP_060467732.1	21.519	88	83	89	79	61	1	10	87	2	80	1.00e-22	88.8
tr|A0A333FHM5|Release	GCF_024347635.1_WP_139683960.1	22.785	88	83	89	79	60	1	10	87	2	80	1.01e-22	88.8
tr|A0A333FHM5|Release	GCF_004358345.1_WP_121852852.1	32.877	88	76	82	73	48	1	3	74	1	73	1.05e-22	88.5
tr|A0A333FHM5|Release	GCF_000014885.1_WP_020912292.1	30.120	88	87	93	83	57	1	5	86	2	84	1.08e-22	88.8
tr|A0A333FHM5|Release	GCF_024347035.1_WP_102941394.1	25.316	88	81	89	79	58	1	10	87	2	80	1.13e-22	88.5
tr|A0A333FHM5|Release	GCF_001995825.2_WP_017057338.1	21.519	88	83	89	79	61	1	10	87	2	80	1.64e-22	88.2
tr|A0A333FHM5|Release	GCF_024347455.1_WP_135458404.1	21.519	88	83	89	79	61	1	10	87	2	80	1.72e-22	88.2
tr|A0A333FHM5|Release	GCF_000091465.1_WP_004733849.1	21.519	88	83	89	79	61	1	10	87	2	80	1.89e-22	87.9
tr|A0A333FHM5|Release	GCF_900233005.1_WP_102521318.1	18.750	88	81	90	80	64	1	10	88	2	81	3.19e-22	87.4
tr|A0A333FHM5|Release	GCF_001831495.1_WP_068547707.1	25.316	88	81	89	79	58	1	10	87	2	80	3.24e-22	87.4
tr|A0A333FHM5|Release	GCF_024362845.1_WP_255230807.1	22.785	88	82	89	79	60	1	10	87	2	80	3.65e-22	87.4
tr|A0A333FHM5|Release	GCF_024582835.1_WP_257083279.1	20.253	88	87	89	79	62	1	10	87	2	80	3.80e-22	87.4
tr|A0A333FHM5|Release	GCF_000772105.1_WP_004748349.1	21.519	88	81	89	79	61	1	10	87	2	80	3.89e-22	87.1
tr|A0A333FHM5|Release	GCF_003584645.1_WP_197716612.1	25.610	88	80	89	82	54	2	3	80	1	79	4.37e-22	87.1
tr|A0A333FHM5|Release	GCF_000146165.2_WP_164925808.1	31.325	88	89	92	83	55	2	5	85	2	84	4.73e-22	87.1
tr|A0A333FHM5|Release	GCF_000016065.1_WP_011864074.1	28.049	88	93	92	82	57	2	5	85	2	82	6.25e-22	86.8
tr|A0A333FHM5|Release	GCF_001596155.1_WP_068342236.1	24.419	88	90	93	86	57	4	3	84	1	82	7.34e-22	86.5
tr|A0A333FHM5|Release	GCF_008369605.1_WP_000253074.1	25.316	88	81	89	79	58	1	10	87	2	80	8.60e-22	86.2
tr|A0A333FHM5|Release	GCF_004328865.1_WP_104643907.1	31.646	88	83	89	79	53	1	10	87	2	80	8.91e-22	86.2
tr|A0A333FHM5|Release	GCF_014879975.1_WP_192888672.1	22.785	88	83	89	79	60	1	10	87	2	80	9.88e-22	86.2
tr|A0A333FHM5|Release	GCF_024494545.1_WP_256384876.1	23.077	88	81	88	78	59	1	11	87	3	80	1.07e-21	85.9
tr|A0A333FHM5|Release	GCF_016026875.1_WP_045525981.1	30.435	88	89	78	69	45	1	5	73	2	67	1.08e-21	86.2
tr|A0A333FHM5|Release	GCF_001456255.1_WP_020335096.1	21.519	88	81	89	79	61	1	10	87	2	80	1.12e-21	85.9
tr|A0A333FHM5|Release	GCF_005931095.1_WP_017839868.1	24.691	88	84	91	81	59	2	8	87	4	83	1.47e-21	85.7
tr|A0A333FHM5|Release	GCF_000014765.1_WP_011633385.1	20.732	88	89	92	82	64	1	8	88	3	84	1.52e-21	85.7
tr|A0A333FHM5|Release	GCF_019797925.1_WP_193521737.1	25.641	88	80	89	78	58	0	11	88	3	80	1.87e-21	85.4
tr|A0A333FHM5|Release	GCF_020405345.1_WP_017780573.1	30.000	88	89	80	70	46	1	5	74	2	68	2.33e-21	85.4
tr|A0A333FHM5|Release	GCF_002906475.1_WP_012130247.1	21.519	88	81	89	79	61	1	10	87	2	80	2.40e-21	85.1
tr|A0A333FHM5|Release	GCF_003966655.1_WP_113527441.1	22.222	88	77	82	72	56	0	3	74	1	72	2.43e-21	85.1
tr|A0A333FHM5|Release	GCF_013462805.1_WP_009566961.1	22.222	88	77	82	72	56	0	3	74	1	72	2.69e-21	84.8
tr|A0A333FHM5|Release	GCF_001677435.1_WP_068615618.1	29.870	88	90	85	77	51	3	3	77	1	76	2.99e-21	85.1
tr|A0A333FHM5|Release	GCF_000238395.3_WP_010553578.1	30.380	88	83	89	79	54	1	10	87	2	80	3.17e-21	84.8
tr|A0A333FHM5|Release	GCF_002021755.1_WP_005434844.1	22.785	88	81	89	79	60	1	10	87	2	80	3.40e-21	84.8
tr|A0A333FHM5|Release	GCF_003668795.1_WP_054981706.1	30.380	88	83	89	79	54	1	10	87	2	80	3.61e-21	84.8
tr|A0A333FHM5|Release	GCF_024347495.1_WP_137371745.1	22.785	88	80	89	79	60	1	10	87	2	80	3.92e-21	84.5
tr|A0A333FHM5|Release	GCF_000770115.1_WP_069687890.1	22.785	88	81	89	79	60	1	10	87	2	80	3.95e-21	84.5
tr|A0A333FHM5|Release	GCF_005877035.1_WP_039486662.1	31.646	88	83	89	79	53	1	10	87	2	80	4.00e-21	84.5
tr|A0A333FHM5|Release	GCF_001507645.1_WP_068195976.1	24.444	88	90	98	90	61	2	3	88	1	87	4.08e-21	84.8
tr|A0A333FHM5|Release	GCF_024746855.1_WP_260492542.1	23.077	88	79	89	78	60	0	10	87	2	79	4.52e-21	84.3
tr|A0A333FHM5|Release	GCF_001020955.1_WP_047250467.1	30.000	88	82	86	80	52	2	1	76	1	80	4.53e-21	84.5
tr|A0A333FHM5|Release	GCF_001999225.1_WP_077537996.1	26.582	88	82	89	79	57	1	10	87	2	80	5.31e-21	84.3
tr|A0A333FHM5|Release	GCF_006337165.1_WP_139515111.1	32.099	88	82	86	81	47	2	3	78	1	78	5.62e-21	84.3
tr|A0A333FHM5|Release	GCF_019670485.1_WP_221071211.1	26.582	88	81	89	79	57	1	10	87	2	80	5.98e-21	84.0
tr|A0A333FHM5|Release	GCF_002221525.1_WP_089349457.1	30.380	88	83	89	79	54	1	10	87	2	80	6.24e-21	84.0
tr|A0A333FHM5|Release	GCF_028355655.1_WP_087756847.1	28.986	88	84	78	69	46	1	5	73	2	67	7.21e-21	84.0
tr|A0A333FHM5|Release	GCF_024347675.1_WP_261835500.1	27.848	88	81	89	79	56	1	10	87	2	80	9.70e-21	83.7
tr|A0A333FHM5|Release	GCF_000024825.1_WP_005460845.1	22.785	88	81	89	79	60	1	10	87	2	80	9.86e-21	83.4
tr|A0A333FHM5|Release	GCF_000019525.1_WP_012323084.1	26.923	88	81	88	78	56	1	10	86	2	79	1.16e-20	83.4
tr|A0A333FHM5|Release	GCF_020149575.1_WP_224431657.1	30.435	88	85	78	69	45	1	6	74	3	68	1.24e-20	83.4
tr|A0A333FHM5|Release	GCF_001455205.1_WP_062560013.1	25.316	88	84	89	79	57	2	10	87	6	83	1.88e-20	82.9
tr|A0A333FHM5|Release	GCF_020423125.1_WP_226170850.1	28.986	88	84	78	69	46	1	6	74	3	68	2.01e-20	82.9
tr|A0A333FHM5|Release	GCF_027625995.1_WP_270126807.1	29.630	88	82	86	81	49	2	3	78	1	78	2.24e-20	82.6
tr|A0A333FHM5|Release	GCF_000801295.1_WP_171816254.1	30.380	88	99	86	79	52	1	1	76	1	79	2.63e-20	82.9
tr|A0A333FHM5|Release	GCF_013283835.1_WP_071626507.1	24.675	88	83	84	77	52	2	3	76	1	74	3.75e-20	82.0
tr|A0A333FHM5|Release	GCF_009363415.1_WP_152430616.1	20.000	88	84	90	80	63	1	10	88	2	81	4.93e-20	81.7
tr|A0A333FHM5|Release	GCF_010093065.1_WP_238430213.1	27.059	88	83	91	85	54	3	1	80	2	83	5.28e-20	81.7
tr|A0A333FHM5|Release	GCF_022811645.1_WP_243511723.1	23.333	88	90	98	90	62	2	3	88	1	87	5.34e-20	81.7
tr|A0A333FHM5|Release	GCF_008364325.2_WP_020826409.1	23.171	88	84	92	82	59	2	5	85	2	80	5.91e-20	81.7
tr|A0A333FHM5|Release	GCF_016127195.1_WP_042032742.1	27.536	88	89	78	69	47	1	5	73	2	67	6.20e-20	81.7
tr|A0A333FHM5|Release	GCF_900637545.1_WP_042651794.1	31.429	88	84	80	70	45	1	5	74	2	68	6.82e-20	81.4
tr|A0A333FHM5|Release	GCF_004001245.1_WP_127478562.1	30.864	88	85	86	81	51	2	1	76	1	81	6.83e-20	81.4
tr|A0A333FHM5|Release	GCF_003515105.1_WP_036973086.1	38.028	88	73	80	71	43	1	6	75	2	72	6.91e-20	81.2
tr|A0A333FHM5|Release	GCF_008632455.1_WP_150048082.1	23.457	88	84	91	81	60	2	9	88	5	84	7.87e-20	81.4
tr|A0A333FHM5|Release	GCF_002887615.1_WP_038869703.1	21.519	88	81	89	79	61	1	10	87	2	80	9.63e-20	81.2
tr|A0A333FHM5|Release	GCF_006364355.1_WP_004727652.1	26.250	88	83	90	80	58	1	10	88	2	81	1.14e-19	80.9
tr|A0A333FHM5|Release	GCF_019703835.1_WP_087020305.1	25.974	88	79	88	77	54	1	12	88	3	76	1.17e-19	80.9
tr|A0A333FHM5|Release	GCF_008693705.1_WP_127008315.1	28.986	88	84	78	69	46	1	5	73	2	67	1.25e-19	80.9
tr|A0A333FHM5|Release	GCF_000576555.1_WP_044000633.1	32.099	88	83	86	81	47	2	3	78	2	79	1.54e-19	80.6
tr|A0A333FHM5|Release	GCF_004355185.1_WP_133271280.1	34.177	88	81	84	79	44	2	5	78	2	77	1.69e-19	80.3
tr|A0A333FHM5|Release	GCF_008931805.1_WP_019441510.1	24.051	88	81	89	79	59	1	10	87	2	80	1.72e-19	80.3
tr|A0A333FHM5|Release	GCF_008728635.1_WP_151087836.1	19.767	88	90	93	86	61	4	3	84	1	82	1.73e-19	80.6
tr|A0A333FHM5|Release	GCF_003990335.1_WP_127025819.1	21.429	88	91	80	70	55	0	11	80	7	76	2.02e-19	80.3
tr|A0A333FHM5|Release	GCF_003574965.1_WP_119445661.1	30.864	88	82	86	81	48	2	3	78	1	78	2.29e-19	80.0
tr|A0A333FHM5|Release	GCF_013137895.1_WP_135435790.1	31.707	88	83	88	82	47	3	1	77	1	78	2.41e-19	80.0
tr|A0A333FHM5|Release	GCF_020844025.1_WP_215848879.1	22.222	88	77	82	72	56	0	3	74	1	72	2.47e-19	80.0
tr|A0A333FHM5|Release	GCF_001431725.1_WP_021820278.1	20.253	88	81	89	79	62	1	10	87	2	80	2.66e-19	80.0
tr|A0A333FHM5|Release	GCF_009662475.1_WP_031573754.1	23.529	88	79	77	68	52	0	3	70	1	68	3.29e-19	79.8
tr|A0A333FHM5|Release	GCF_017638925.1_WP_208844867.1	26.316	88	81	86	76	56	0	11	86	3	78	3.66e-19	79.5
tr|A0A333FHM5|Release	GCF_002215215.1_WP_088918776.1	33.333	88	101	94	84	54	2	5	87	15	97	5.69e-19	79.5
tr|A0A333FHM5|Release	GCF_012295615.1_WP_007018284.1	17.500	88	81	90	80	65	1	10	88	2	81	6.08e-19	78.9
tr|A0A333FHM5|Release	GCF_003568825.1_WP_040644076.1	21.951	88	83	89	82	60	1	10	87	2	83	6.34e-19	78.9
tr|A0A333FHM5|Release	GCF_014169735.1_WP_134997272.1	24.638	88	86	78	69	49	1	6	74	3	68	6.79e-19	78.9
tr|A0A333FHM5|Release	GCF_000024005.1_WP_012793320.1	27.381	88	84	91	84	54	2	2	81	3	83	6.82e-19	78.9
tr|A0A333FHM5|Release	GCF_003967195.1_WP_172597571.1	30.000	88	83	85	80	51	2	3	77	2	81	7.38e-19	78.9
tr|A0A333FHM5|Release	GCF_022827545.1_WP_243798205.1	32.099	88	82	86	81	47	2	3	78	1	78	7.61e-19	78.6
tr|A0A333FHM5|Release	GCF_019977755.1_WP_126608378.1	26.190	88	103	88	84	55	2	10	86	16	99	8.57e-19	78.9
tr|A0A333FHM5|Release	GCF_016026615.1_WP_197928313.1	27.536	88	89	78	69	47	1	5	73	2	67	9.91e-19	78.6
tr|A0A333FHM5|Release	GCF_009755585.1_WP_157030071.1	24.675	88	85	83	77	51	2	3	75	1	74	1.00e-18	78.6
tr|A0A333FHM5|Release	GCF_003015165.1_WP_106887831.1	27.143	88	84	80	70	48	1	5	74	2	68	1.01e-18	78.4
tr|A0A333FHM5|Release	GCF_026427595.1_WP_251812951.1	24.691	88	88	86	81	56	2	12	87	7	87	1.34e-18	78.4
tr|A0A333FHM5|Release	GCF_002762215.1_WP_085750011.1	26.316	88	87	82	76	49	3	4	75	3	75	1.40e-18	78.1
tr|A0A333FHM5|Release	GCF_010093065.1_WP_162331416.1	25.301	88	84	90	83	55	2	3	81	4	83	2.39e-18	77.5
tr|A0A333FHM5|Release	GCF_002157895.1_WP_227874980.1	23.750	88	82	90	80	60	1	10	88	3	82	2.71e-18	77.2
tr|A0A333FHM5|Release	GCF_013177675.1_WP_172128285.1	23.377	88	81	84	77	53	2	3	76	1	74	2.86e-18	77.2
tr|A0A333FHM5|Release	GCF_013343005.1_WP_078482823.1	28.395	88	84	86	81	53	2	3	78	1	81	3.11e-18	77.2
tr|A0A333FHM5|Release	GCF_000212735.1_WP_013764159.1	26.582	88	83	85	79	51	2	1	75	1	76	4.40e-18	76.9
tr|A0A333FHM5|Release	GCF_003149515.1_WP_109656005.1	22.093	88	90	93	86	59	3	3	84	1	82	4.49e-18	76.9
tr|A0A333FHM5|Release	GCF_003346815.1_WP_114840342.1	24.051	88	82	86	79	54	2	3	78	1	76	4.84e-18	76.7
tr|A0A333FHM5|Release	GCF_000021985.1_WP_012639500.1	32.432	88	82	78	74	45	2	3	71	1	74	5.95e-18	76.4
tr|A0A333FHM5|Release	GCF_004214795.1_WP_130234502.1	21.795	88	78	85	78	55	2	3	77	1	75	1.08e-17	75.8
tr|A0A333FHM5|Release	GCF_003353065.1_WP_114983154.1	27.632	88	84	82	76	48	3	1	72	1	73	1.38e-17	75.5
tr|A0A333FHM5|Release	GCF_007197555.1_WP_144048375.1	28.409	88	94	92	88	56	2	5	85	2	89	1.40e-17	75.8
tr|A0A333FHM5|Release	GCF_902810445.1_WP_197744199.1	22.078	88	78	83	77	53	3	5	77	2	75	1.95e-17	75.0
tr|A0A333FHM5|Release	GCF_003970675.1_WP_126615366.1	33.824	88	76	77	68	41	2	7	74	10	73	2.16e-17	75.0
tr|A0A333FHM5|Release	GCF_018736065.1_WP_144074266.1	32.353	88	76	77	68	42	2	7	74	10	73	2.28e-17	75.0
tr|A0A333FHM5|Release	GCF_001651805.1_WP_067384150.1	33.803	88	78	75	71	42	3	7	72	4	74	2.38e-17	75.0
tr|A0A333FHM5|Release	GCF_013201725.1_WP_014475480.1	25.974	88	74	84	77	51	2	3	76	1	74	2.49e-17	74.7
tr|A0A333FHM5|Release	GCF_009938015.1_WP_223264517.1	30.380	88	90	84	79	50	3	1	74	1	79	2.49e-17	75.0
tr|A0A333FHM5|Release	GCF_000019185.1_WP_012277931.1	19.388	88	100	89	98	59	2	10	87	2	99	2.58e-17	75.3
tr|A0A333FHM5|Release	GCF_013177635.1_WP_129095542.1	22.973	88	72	81	74	51	2	3	73	1	71	2.63e-17	74.7
tr|A0A333FHM5|Release	GCF_000940995.1_WP_082060442.1	23.529	88	93	95	85	64	1	3	86	1	85	2.73e-17	75.0
tr|A0A333FHM5|Release	GCF_002142475.1_WP_026148861.1	28.571	88	86	83	77	48	2	5	77	2	75	2.81e-17	75.0
tr|A0A333FHM5|Release	GCF_000788395.1_WP_038641921.1	24.691	88	85	91	81	58	2	8	87	3	81	3.56e-17	74.7
tr|A0A333FHM5|Release	GCF_002355415.1_WP_148665551.1	30.137	88	87	78	73	47	2	6	74	13	85	4.43e-17	74.4
tr|A0A333FHM5|Release	GCF_003346775.1_WP_114843067.1	24.675	88	84	84	77	52	2	3	76	1	74	5.73e-17	74.1
tr|A0A333FHM5|Release	GCF_013201935.1_WP_129014602.1	22.973	88	72	81	74	51	2	3	73	1	71	6.06e-17	73.9
tr|A0A333FHM5|Release	GCF_000828615.1_WP_041064380.1	27.500	88	80	85	80	53	3	1	75	1	80	6.28e-17	73.9
tr|A0A333FHM5|Release	GCF_002355735.1_WP_096359192.1	25.000	88	83	82	76	53	2	4	75	7	82	6.98e-17	73.9
tr|A0A333FHM5|Release	GCF_015209785.1_WP_193988300.1	39.706	88	73	76	68	40	1	6	72	2	69	8.59e-17	73.3
tr|A0A333FHM5|Release	GCF_001955715.1_WP_029708890.1	24.675	88	80	83	77	51	2	5	77	2	75	1.06e-16	73.3
tr|A0A333FHM5|Release	GCF_003544915.1_WP_118918525.1	25.333	88	73	82	75	50	2	3	74	1	72	1.33e-16	73.0
tr|A0A333FHM5|Release	GCF_003063625.1_WP_108601906.1	30.380	88	85	86	79	52	1	10	85	5	83	1.57e-16	73.0
tr|A0A333FHM5|Release	GCF_002157225.2_WP_086934278.1	26.027	88	80	83	73	54	0	10	82	5	77	1.89e-16	72.7
tr|A0A333FHM5|Release	GCF_016613475.2_WP_200606805.1	22.368	88	90	82	76	52	2	4	75	5	77	2.01e-16	72.7
tr|A0A333FHM5|Release	GCF_004028275.1_WP_128384077.1	22.973	88	77	80	74	53	2	9	78	2	75	2.42e-16	72.2
tr|A0A333FHM5|Release	GCF_010119975.1_WP_162445115.1	23.750	88	365	86	80	53	2	4	79	8	83	2.88e-16	76.9
tr|A0A333FHM5|Release	GCF_002218045.2_WP_089137819.1	38.889	88	79	77	72	40	2	6	73	5	76	2.97e-16	72.2
tr|A0A333FHM5|Release	GCF_002557795.1_WP_098194977.1	23.377	88	89	81	77	50	2	6	76	7	80	3.36e-16	72.2
tr|A0A333FHM5|Release	GCF_004421105.1_WP_134356453.1	21.795	88	80	84	78	54	3	5	78	2	76	5.15e-16	71.6
tr|A0A333FHM5|Release	GCF_008807855.1_WP_063240334.1	23.077	88	83	84	78	53	2	2	75	3	77	5.63e-16	71.6
tr|A0A333FHM5|Release	GCF_001442805.1_WP_057942092.1	23.077	88	88	84	78	53	2	2	75	3	77	6.04e-16	71.6
tr|A0A333FHM5|Release	GCF_013201665.1_WP_128359868.1	18.987	88	81	86	79	58	2	3	78	1	76	7.31e-16	71.0
tr|A0A333FHM5|Release	GCF_020091585.1_WP_224339804.1	25.000	88	82	82	76	50	2	5	76	2	74	7.61e-16	71.0
tr|A0A333FHM5|Release	GCF_005166025.1_WP_137090244.1	25.000	88	84	82	76	50	2	3	74	1	73	8.26e-16	71.0
tr|A0A333FHM5|Release	GCF_000026085.1_WP_041454550.1	38.028	88	73	78	71	41	3	6	74	2	71	8.59e-16	70.8
tr|A0A333FHM5|Release	GCF_024347195.1_WP_271272618.1	33.333	88	77	77	72	44	2	5	72	2	73	1.00e-15	70.8
tr|A0A333FHM5|Release	GCF_000143085.1_WP_013221711.1	23.377	88	82	83	77	52	3	5	77	2	75	1.19e-15	70.8
tr|A0A333FHM5|Release	GCF_000321415.2_WP_015260329.1	32.927	88	93	89	82	51	2	1	78	1	82	1.20e-15	70.8
tr|A0A333FHM5|Release	GCF_000014785.1_WP_011630183.1	32.468	88	83	83	77	48	2	4	76	7	83	2.32e-15	69.9
tr|A0A333FHM5|Release	GCF_023733635.1_WP_039959400.1	27.397	88	89	77	73	48	2	5	72	2	74	3.10e-15	69.6
tr|A0A333FHM5|Release	GCF_000227685.2_WP_006746304.1	30.864	88	83	88	81	52	2	1	77	1	81	3.16e-15	69.6
tr|A0A333FHM5|Release	GCF_000012805.1_WP_011330264.1	22.078	88	85	83	77	53	3	5	77	2	75	3.45e-15	69.6
tr|A0A333FHM5|Release	GCF_002356115.1_WP_096526481.1	18.667	88	78	81	75	54	2	5	75	2	73	4.28e-15	69.1
tr|A0A333FHM5|Release	GCF_001050135.1_WP_048644179.1	20.253	88	88	85	79	56	3	1	75	1	76	6.28e-15	68.8
tr|A0A333FHM5|Release	GCF_008122265.1_WP_148863603.1	19.737	88	84	82	76	54	2	5	76	2	74	7.68e-15	68.5
tr|A0A333FHM5|Release	GCF_000012325.1_WP_011045621.1	29.114	88	84	90	79	54	1	10	88	5	81	8.19e-15	68.5
tr|A0A333FHM5|Release	GCF_018389385.1_WP_218082190.1	24.324	88	91	80	74	49	3	4	73	15	85	1.07e-14	68.2
tr|A0A333FHM5|Release	GCF_024347275.1_WP_019620968.1	30.263	88	82	81	76	48	3	5	75	2	77	1.13e-14	68.2
tr|A0A333FHM5|Release	GCF_000147355.1_WP_013326989.1	23.077	88	67	73	65	49	1	23	86	1	65	1.19e-14	67.7
tr|A0A333FHM5|Release	GCF_000092245.1_WP_013136435.1	28.767	88	76	80	73	46	2	7	76	2	71	1.26e-14	67.9
tr|A0A333FHM5|Release	GCF_024347255.1_WP_091360415.1	28.767	88	79	77	73	47	2	5	72	2	74	1.35e-14	67.9
tr|A0A333FHM5|Release	GCF_004798725.1_WP_010811758.1	23.077	88	83	84	78	53	2	2	75	3	77	1.52e-14	67.9
tr|A0A333FHM5|Release	GCF_003855395.1_WP_124730567.1	20.482	88	88	89	83	61	2	9	86	3	85	2.27e-14	67.4
tr|A0A333FHM5|Release	GCF_003955735.1_WP_126127786.1	22.222	88	91	88	81	56	3	2	78	4	81	2.83e-14	67.4
tr|A0A333FHM5|Release	GCF_000317125.1_WP_015155280.1	19.231	88	81	84	78	56	3	5	78	2	76	2.93e-14	67.1
tr|A0A333FHM5|Release	GCF_000014705.1_WP_011637758.1	21.687	88	88	89	83	60	2	9	86	3	85	3.10e-14	67.1
tr|A0A333FHM5|Release	GCF_001956695.1_WP_076086034.1	20.000	88	77	81	75	53	2	7	77	2	73	3.24e-14	66.8
tr|A0A333FHM5|Release	GCF_000222485.1_WP_014022977.1	24.359	88	85	84	78	52	3	1	74	1	75	4.66e-14	66.5
tr|A0A333FHM5|Release	GCF_019891175.1_WP_225938383.1	23.077	88	93	84	78	52	3	1	74	7	80	6.22e-14	66.5
tr|A0A333FHM5|Release	GCF_000024725.1_WP_013031543.1	20.513	88	81	84	78	55	3	5	78	2	76	7.60e-14	66.0
tr|A0A333FHM5|Release	GCF_003722295.1_WP_010573895.1	25.000	88	75	80	76	48	2	5	74	2	74	1.15e-13	65.4
tr|A0A333FHM5|Release	GCF_020511155.1_WP_226415657.1	20.000	88	87	91	85	63	2	8	87	3	87	1.19e-13	65.7
tr|A0A333FHM5|Release	GCF_024347215.1_WP_261843265.1	30.556	88	77	77	72	46	2	5	72	2	73	1.20e-13	65.4
tr|A0A333FHM5|Release	GCF_001956695.1_WP_076086043.1	24.051	88	77	86	79	54	2	5	80	2	77	1.32e-13	65.4
tr|A0A333FHM5|Release	GCF_000265505.1_WP_014796533.1	23.529	88	97	84	85	54	2	4	77	3	87	1.53e-13	65.4
tr|A0A333FHM5|Release	GCF_000018105.1_WP_012162738.1	12.500	88	86	95	88	68	3	5	88	2	84	1.87e-13	65.1
tr|A0A333FHM5|Release	GCF_013283835.1_WP_071625892.1	24.000	88	79	78	75	48	2	7	75	2	73	2.08e-13	64.8
tr|A0A333FHM5|Release	GCF_000018285.1_WP_012155987.1	19.588	88	102	85	97	56	2	11	85	3	99	2.31e-13	65.1
tr|A0A333FHM5|Release	GCF_000238255.3_WP_010559905.1	23.171	88	86	92	82	60	2	8	88	3	82	3.16e-13	64.6
tr|A0A333FHM5|Release	GCF_000317575.1_WP_015193670.1	24.324	88	74	80	74	49	3	5	74	2	72	3.16e-13	64.3
tr|A0A333FHM5|Release	GCF_006385555.1_WP_140234395.1	27.711	88	87	89	83	55	2	8	85	2	84	9.30e-13	63.4
tr|A0A333FHM5|Release	GCF_013282625.1_WP_173286717.1	29.412	88	67	77	68	45	1	9	76	2	66	1.15e-12	62.9
tr|A0A333FHM5|Release	GCF_000973725.1_WP_046311560.1	21.348	88	91	97	89	62	4	3	87	1	85	2.66e-12	62.3
tr|A0A333FHM5|Release	GCF_013201665.1_WP_128358834.1	23.611	88	76	78	72	49	2	7	75	2	70	2.78e-12	62.0
tr|A0A333FHM5|Release	GCF_013201935.1_WP_128987185.1	22.222	88	76	78	72	50	2	7	75	2	70	4.55e-12	61.5
tr|A0A333FHM5|Release	GCF_003544815.1_WP_118886031.1	22.222	88	76	78	72	50	2	7	75	2	70	4.81e-12	61.2
tr|A0A333FHM5|Release	GCF_009937995.1_WP_179954406.1	24.359	88	79	83	78	54	2	5	77	2	79	4.82e-12	61.5
tr|A0A333FHM5|Release	GCF_013177635.1_WP_129095951.1	23.611	88	76	78	72	49	2	7	75	2	70	7.57e-12	60.9
tr|A0A333FHM5|Release	GCF_000006765.1_NP_249630.1	27.273	88	108	93	88	58	1	5	86	2	89	7.63e-12	61.5
tr|A0A333FHM5|Release	GCF_001705075.2_WP_065970077.1	23.288	88	78	78	73	52	2	3	71	1	73	1.13e-11	60.3
tr|A0A333FHM5|Release	GCF_011398355.1_WP_173270160.1	26.154	88	65	74	65	45	1	9	73	2	63	1.68e-11	59.8
tr|A0A333FHM5|Release	GCF_000013765.1_WP_011496543.1	21.687	88	106	89	83	60	2	10	87	23	105	3.02e-11	59.8
tr|A0A333FHM5|Release	GCF_021654855.1_WP_237262080.1	25.000	88	70	73	68	44	2	10	73	3	67	3.04e-11	59.2
tr|A0A333FHM5|Release	GCF_005281475.1_WP_137401239.1	23.377	88	81	84	77	53	3	6	79	2	75	5.92e-11	58.7
tr|A0A333FHM5|Release	GCF_004293625.1_WP_130538367.1	33.898	88	71	67	59	36	1	9	67	2	57	7.16e-11	58.1
tr|A0A333FHM5|Release	GCF_013177675.1_WP_172126669.1	25.000	88	77	78	72	48	2	7	75	2	70	1.03e-10	57.8
tr|A0A333FHM5|Release	GCF_002309535.1_WP_096047558.1	23.171	88	88	90	82	53	3	9	87	4	78	1.12e-10	58.1
tr|A0A333FHM5|Release	GCF_026278345.1_WP_266369249.1	20.732	88	90	89	82	57	4	5	82	2	79	1.44e-10	57.8
tr|A0A333FHM5|Release	GCF_001444405.1_WP_058032142.1	21.739	88	87	77	69	53	1	10	77	2	70	1.98e-10	57.3
tr|A0A333FHM5|Release	GCF_023650495.1_WP_250655372.1	18.824	88	88	91	85	64	2	8	87	3	87	2.52e-10	57.3
tr|A0A333FHM5|Release	GCF_009931655.1_WP_161888514.1	16.854	88	89	97	89	66	3	3	87	1	85	2.62e-10	57.3
tr|A0A333FHM5|Release	GCF_024347675.1_WP_261833361.1	34.884	88	54	49	43	28	0	10	52	2	44	2.66e-10	56.4
tr|A0A333FHM5|Release	GCF_006575665.1_WP_141613356.1	24.324	88	81	81	74	50	3	6	76	2	72	3.58e-10	56.7
tr|A0A333FHM5|Release	GCF_003260975.1_WP_112783789.1	22.368	88	81	83	76	53	3	6	78	2	74	3.58e-10	56.7
tr|A0A333FHM5|Release	GCF_003967275.1_WP_197721837.1	27.027	88	78	80	74	50	3	3	72	1	74	4.43e-10	56.4
tr|A0A333FHM5|Release	GCF_003346815.1_WP_114840344.1	25.333	88	84	82	75	50	2	5	76	2	73	4.59e-10	56.4
tr|A0A333FHM5|Release	GCF_014217805.1_WP_185274331.1	15.476	88	91	91	84	63	3	5	84	6	85	6.48e-10	56.1
tr|A0A333FHM5|Release	GCF_011398355.1_WP_173270199.1	24.242	88	66	75	66	47	1	9	74	2	64	7.59e-10	55.6
tr|A0A333FHM5|Release	GCF_000568815.1_WP_025346049.1	22.222	88	76	78	72	50	2	8	76	3	71	8.43e-10	55.6
tr|A0A333FHM5|Release	GCF_017742995.1_WP_247749573.1	44.444	88	48	41	36	20	0	10	45	2	37	1.05e-09	55.0
tr|A0A333FHM5|Release	GCF_013283835.1_WP_071628250.1	22.368	88	81	83	76	53	2	5	77	2	74	1.19e-09	55.3
tr|A0A333FHM5|Release	GCF_001723605.1_WP_069479051.1	24.286	88	76	76	70	47	2	10	76	5	71	2.03e-09	54.7
tr|A0A333FHM5|Release	GCF_019931735.1_WP_223417223.1	18.293	88	87	88	82	62	1	10	86	4	85	2.53e-09	54.4
tr|A0A333FHM5|Release	GCF_000265295.1_WP_014770430.1	22.222	88	76	78	72	50	2	8	76	3	71	2.71e-09	54.2
tr|A0A333FHM5|Release	GCF_011398155.1_WP_173291533.1	18.571	88	71	78	70	53	2	10	78	3	69	8.56e-09	53.0
tr|A0A333FHM5|Release	GCF_002116735.1_WP_041332374.1	17.500	88	86	86	80	59	2	2	77	5	81	1.16e-08	52.8
tr|A0A333FHM5|Release	GCF_009937995.1_WP_162085741.1	20.988	88	82	85	81	58	2	3	77	1	81	1.26e-08	52.8
tr|A0A333FHM5|Release	GCF_014075995.1_WP_182414414.1	15.116	88	91	93	86	65	3	3	84	4	85	1.60e-08	52.5
tr|A0A333FHM5|Release	GCF_009938015.1_WP_147074368.1	17.284	88	82	85	81	61	3	3	77	1	81	2.51e-08	51.9
tr|A0A333FHM5|Release	GCF_000242635.2_WP_014682426.1	22.059	88	83	73	68	46	2	14	77	11	75	5.64e-08	51.1
tr|A0A333FHM5|Release	GCF_000484535.1_WP_023173213.1	23.529	88	91	76	68	51	1	12	78	24	91	1.39e-07	50.2
tr|A0A333FHM5|Release	GCF_021018745.1_WP_230843504.1	25.373	88	92	75	67	49	1	12	77	24	90	4.61e-07	48.8
tr|A0A333FHM5|Release	GCF_011764585.1_WP_188200227.1	28.571	88	63	58	56	35	2	23	73	2	57	4.67e-07	48.3
tr|A0A333FHM5|Release	GCF_010119975.1_WP_162441452.1	14.607	88	89	97	89	68	3	3	87	1	85	5.35e-07	48.5
tr|A0A333FHM5|Release	GCF_003143555.1_WP_109340539.1	18.667	88	84	82	75	58	2	12	83	5	79	7.23e-07	48.3
tr|A0A333FHM5|Release	GCF_000011385.1_WP_011141833.1	25.373	88	92	75	67	49	1	12	77	24	90	8.95e-07	48.3
tr|A0A333FHM5|Release	GCF_001027285.1_WP_047859305.1	26.531	88	80	56	49	36	0	12	60	12	60	9.55e-07	48.0
tr|A0A333FHM5|Release	GCF_000325705.1_WP_015264554.1	18.841	88	77	75	69	50	3	10	75	6	71	9.94e-07	47.7
tr|A0A333FHM5|Release	GCF_018388465.1_WP_208290210.1	26.471	88	316	74	68	47	2	16	80	139	206	1.80e-06	49.9
tr|A0A333FHM5|Release	GCF_010119975.1_WP_162443195.1	16.667	88	91	98	90	67	3	3	88	1	86	3.81e-06	46.6
tr|A0A333FHM5|Release	GCF_000021985.1_WP_012639464.1	18.987	88	81	83	79	58	2	5	77	2	80	1.53e-05	44.9
tr|A0A333FHM5|Release	GCF_003945325.1_WP_125566010.1	26.087	88	327	70	69	43	4	24	85	165	232	7.22e-05	45.7
tr|A0A333FHM5|Release	GCF_001753245.1_WP_070077210.1	18.293	88	82	85	82	59	4	3	77	1	81	0.003	39.0
tr|A0A333FHM5|Release	GCF_018278905.1_WP_211697154.1	16.667	88	317	84	78	60	2	14	87	141	217	0.003	41.2
tr|A0A333FHM5|Release	GCF_000010305.1_WP_012681958.1	23.438	88	71	70	64	46	2	14	75	7	69	0.004	38.7
tr|A0A333FHM5|Release	GCF_001263175.1_WP_050726405.1	33.333	88	81	51	45	30	0	12	56	12	56	0.006	38.1
tr|A0A333FHM5|Release	GCF_001020955.1_WP_024326866.1	16.438	88	79	77	73	56	1	10	77	6	78	0.007	38.1

Search has CONVERGED!
# BLAST processed 6 queries
